anio,anio_evento,mes,codigo_dane,municipio,area_operativa,especie,sector,provocado,condicion_vacunacion,seguimiento_3_visitas,estado_animal,eventos
2026,,,76036,ANDALUCIA,ARO CENTRO TULUA,CANINO,URBANO,NO,DESCONOCIDO,1 VISITA,PERDIDO O DESAPARECIDO,1
2026,,,76233,DAGUA,ARO SUR CALI,CANINO,RURAL,NO,DESCONOCIDO,1 VISITA,NO OBSERVABLE,1
2026,,,76275,FLORIDA,ARO SUR CALI,CANINO,URBANO,NO,DESCONOCIDO,1 VISITA,PERDIDO O DESAPARECIDO,1
2026,,,76318,GUACARI,ARO SUR CALI,CANINO,RURAL,NO,DESCONOCIDO,2 VISITAS,NO OBSERVABLE,1
2026,,,76377,LA CUMBRE,ARO SUR CALI,OTRO,RURAL,NO,DESCONOCIDO,1 VISITA,PERDIDO O DESAPARECIDO,1
2026,,,76869,VIJES,ARO SUR CALI,CANINO,URBANO,NO,DESCONOCIDO,1 VISITA,CALLEJERO,1
2026,,,76869,VIJES,ARO SUR CALI,CANINO,URBANO,NO,DESCONOCIDO,1 VISITA,NO OBSERVABLE,1
2026,2006,5,76036,ANDALUCIA,ARO CENTRO TULUA,FELINO,URBANO,SI,DESCONOCIDO,1 VISITA,SIN CLASIFICAR,1
2026,2025,1,76122,CAICEDONIA,ARO CENTRO TULUA,CANINO,URBANO,NO,DESCONOCIDO,1 VISITA,CALLEJERO,1
2026,2025,11,76054,ARGELIA,ARO NORTE CARTAGO,CANINO,RURAL,NO,DESCONOCIDO,1 VISITA,NO OBSERVADO,1
2026,2025,11,76126,CALIMA,ARO CENTRO TULUA,CANINO,RURAL,NO,DESCONOCIDO,1 VISITA,SIN CLASIFICAR,1
2026,2025,11,76306,GINEBRA,ARO SUR CALI,CANINO,URBANO,NO,NO VACUNADO,1 VISITA,SIN CLASIFICAR,1
2026,2025,11,76400,LA UNION,ARO NORTE CARTAGO,CANINO,URBANO,NO,DESCONOCIDO,1 VISITA,NO OBSERVABLE,2
2026,2025,11,76400,LA UNION,ARO NORTE CARTAGO,CANINO,URBANO,SI,DESCONOCIDO,1 VISITA,NO OBSERVABLE,1
2026,2025,11,76616,RIOFRIO,ARO CENTRO TULUA,CANINO,URBANO,NO,VACUNADO,1 VISITA,PERDIDO O DESAPARECIDO,1
2026,2025,11,76622,ROLDANILLO,ARO NORTE CARTAGO,CANINO,RURAL,NO,DESCONOCIDO,1 VISITA,NO OBSERVABLE,1
2026,2025,11,76622,ROLDANILLO,ARO NORTE CARTAGO,CANINO,RURAL,NO,DESCONOCIDO,1 VISITA,NO OBSERVADO,1
2026,2025,11,76622,ROLDANILLO,ARO NORTE CARTAGO,CANINO,URBANO,NO,DESCONOCIDO,1 VISITA,NO OBSERVABLE,2
2026,2025,11,76622,ROLDANILLO,ARO NORTE CARTAGO,CANINO,URBANO,NO,DESCONOCIDO,1 VISITA,NO OBSERVADO,3
2026,2025,11,76622,ROLDANILLO,ARO NORTE CARTAGO,CANINO,URBANO,NO,DESCONOCIDO,1 VISITA,OBSERVADO SANO,1
2026,2025,11,76622,ROLDANILLO,ARO NORTE CARTAGO,CANINO,URBANO,NO,VACUNADO,1 VISITA,OBSERVADO SANO,1
2026,2025,11,76622,ROLDANILLO,ARO NORTE CARTAGO,FELINO,RURAL,SI,DESCONOCIDO,1 VISITA,NO OBSERVADO,1
2026,2025,11,76622,ROLDANILLO,ARO NORTE CARTAGO,FELINO,URBANO,NO,DESCONOCIDO,1 VISITA,NO OBSERVABLE,1
2026,2025,11,76622,ROLDANILLO,ARO NORTE CARTAGO,OTRO,URBANO,NO,DESCONOCIDO,1 VISITA,NO OBSERVABLE,1
2026,2025,11,76863,VERSALLES,ARO NORTE CARTAGO,CANINO,URBANO,NO,DESCONOCIDO,1 VISITA,NO OBSERVABLE,2
2026,2025,11,76863,VERSALLES,ARO NORTE CARTAGO,CANINO,URBANO,NO,DESCONOCIDO,1 VISITA,NO OBSERVADO,1
2026,2025,12,76036,ANDALUCIA,ARO CENTRO TULUA,CANINO,URBANO,NO,DESCONOCIDO,1 VISITA,SIN CLASIFICAR,3
2026,2025,12,76036,ANDALUCIA,ARO CENTRO TULUA,CANINO,URBANO,NO,DESCONOCIDO,2 VISITAS,SIN CLASIFICAR,1
2026,2025,12,76036,ANDALUCIA,ARO CENTRO TULUA,CANINO,URBANO,NO,DESCONOCIDO,3 VISITAS FUERA DE 10 DÍAS O CON INCONSISTENCIA,SIN CLASIFICAR,1
2026,2025,12,76036,ANDALUCIA,ARO CENTRO TULUA,CANINO,URBANO,SI,DESCONOCIDO,1 VISITA,SIN CLASIFICAR,1
2026,2025,12,76036,ANDALUCIA,ARO CENTRO TULUA,FELINO,RURAL,NO,DESCONOCIDO,2 VISITAS,CALLEJERO,1
2026,2025,12,76041,ANSERMANUEVO,ARO NORTE CARTAGO,CANINO,URBANO,NO,VACUNADO,3 VISITAS FUERA DE 10 DÍAS O CON INCONSISTENCIA,OBSERVADO SANO,1
2026,2025,12,76054,ARGELIA,ARO NORTE CARTAGO,CANINO,RURAL,NO,NO VACUNADO,3 VISITAS FUERA DE 10 DÍAS O CON INCONSISTENCIA,OBSERVADO SANO,1
2026,2025,12,76054,ARGELIA,ARO NORTE CARTAGO,CANINO,RURAL,SI,DESCONOCIDO,1 VISITA,NO OBSERVADO,1
2026,2025,12,76100,BOLIVAR,ARO CENTRO TULUA,CANINO,RURAL,NO,VACUNADO,1 VISITA,OBSERVADO SANO,1
2026,2025,12,76100,BOLIVAR,ARO CENTRO TULUA,FELINO,URBANO,NO,DESCONOCIDO,1 VISITA,CALLEJERO,1
2026,2025,12,76113,BUGALAGRANDE,ARO CENTRO TULUA,CANINO,URBANO,NO,VACUNADO,1 VISITA,SIN CLASIFICAR,1
2026,2025,12,76113,BUGALAGRANDE,ARO CENTRO TULUA,CANINO,URBANO,NO,VACUNADO,2 VISITAS,SIN CLASIFICAR,1
2026,2025,12,76113,BUGALAGRANDE,ARO CENTRO TULUA,OTRO,URBANO,NO,DESCONOCIDO,1 VISITA,SIN CLASIFICAR,1
2026,2025,12,76122,CAICEDONIA,ARO CENTRO TULUA,CANINO,RURAL,NO,VACUNADO,2 VISITAS,SIN CLASIFICAR,1
2026,2025,12,76122,CAICEDONIA,ARO CENTRO TULUA,CANINO,URBANO,NO,DESCONOCIDO,1 VISITA,PERDIDO O DESAPARECIDO,3
2026,2025,12,76122,CAICEDONIA,ARO CENTRO TULUA,CANINO,URBANO,NO,VACUNADO,1 VISITA,PERDIDO O DESAPARECIDO,1
2026,2025,12,76122,CAICEDONIA,ARO CENTRO TULUA,FELINO,URBANO,SI,DESCONOCIDO,1 VISITA,CALLEJERO,1
2026,2025,12,76126,CALIMA,ARO CENTRO TULUA,CANINO,RURAL,NO,DESCONOCIDO,1 VISITA,SIN CLASIFICAR,3
2026,2025,12,76126,CALIMA,ARO CENTRO TULUA,CANINO,URBANO,NO,DESCONOCIDO,1 VISITA,SIN CLASIFICAR,5
2026,2025,12,76126,CALIMA,ARO CENTRO TULUA,CANINO,URBANO,NO,VACUNADO,1 VISITA,SIN CLASIFICAR,4
2026,2025,12,76233,DAGUA,ARO SUR CALI,CANINO,RURAL,NO,DESCONOCIDO,1 VISITA,CON SIGNOS REPORTADOS,2
2026,2025,12,76233,DAGUA,ARO SUR CALI,CANINO,RURAL,NO,DESCONOCIDO,1 VISITA,NO OBSERVABLE,2
2026,2025,12,76233,DAGUA,ARO SUR CALI,CANINO,RURAL,NO,DESCONOCIDO,1 VISITA,OBSERVADO SANO,1
2026,2025,12,76233,DAGUA,ARO SUR CALI,CANINO,RURAL,NO,DESCONOCIDO,1 VISITA,PERDIDO O DESAPARECIDO,7
2026,2025,12,76233,DAGUA,ARO SUR CALI,CANINO,RURAL,NO,DESCONOCIDO,1 VISITA,SIN CLASIFICAR,2
2026,2025,12,76233,DAGUA,ARO SUR CALI,CANINO,RURAL,NO,DESCONOCIDO,2 VISITAS,CON SIGNOS REPORTADOS,1
2026,2025,12,76233,DAGUA,ARO SUR CALI,CANINO,RURAL,SI,DESCONOCIDO,1 VISITA,PERDIDO O DESAPARECIDO,3
2026,2025,12,76233,DAGUA,ARO SUR CALI,CANINO,RURAL,SI,DESCONOCIDO,1 VISITA,SIN CLASIFICAR,2
2026,2025,12,76233,DAGUA,ARO SUR CALI,CANINO,URBANO,NO,DESCONOCIDO,1 VISITA,OBSERVADO SANO,1
2026,2025,12,76233,DAGUA,ARO SUR CALI,CANINO,URBANO,NO,DESCONOCIDO,1 VISITA,PERDIDO O DESAPARECIDO,3
2026,2025,12,76233,DAGUA,ARO SUR CALI,CANINO,URBANO,NO,DESCONOCIDO,1 VISITA,SIN CLASIFICAR,3
2026,2025,12,76233,DAGUA,ARO SUR CALI,CANINO,URBANO,SI,DESCONOCIDO,1 VISITA,PERDIDO O DESAPARECIDO,1
2026,2025,12,76233,DAGUA,ARO SUR CALI,FELINO,RURAL,NO,DESCONOCIDO,1 VISITA,CON SIGNOS REPORTADOS,1
2026,2025,12,76233,DAGUA,ARO SUR CALI,FELINO,RURAL,NO,DESCONOCIDO,1 VISITA,SIN CLASIFICAR,1
2026,2025,12,76233,DAGUA,ARO SUR CALI,FELINO,RURAL,SI,DESCONOCIDO,1 VISITA,CON SIGNOS REPORTADOS,1
2026,2025,12,76233,DAGUA,ARO SUR CALI,FELINO,RURAL,SI,DESCONOCIDO,1 VISITA,SIN CLASIFICAR,2
2026,2025,12,76233,DAGUA,ARO SUR CALI,FELINO,URBANO,NO,DESCONOCIDO,1 VISITA,CON SIGNOS REPORTADOS,1
2026,2025,12,76233,DAGUA,ARO SUR CALI,FELINO,URBANO,NO,DESCONOCIDO,1 VISITA,PERDIDO O DESAPARECIDO,1
2026,2025,12,76243,EL AGUILA,ARO NORTE CARTAGO,CANINO,RURAL,NO,DESCONOCIDO,1 VISITA,NO OBSERVABLE,1
2026,2025,12,76243,EL AGUILA,ARO NORTE CARTAGO,CANINO,URBANO,SI,DESCONOCIDO,1 VISITA,NO OBSERVADO,1
2026,2025,12,76248,EL CERRITO,ARO SUR CALI,CANINO,RURAL,NO,DESCONOCIDO,1 VISITA,NO OBSERVABLE,1
2026,2025,12,76248,EL CERRITO,ARO SUR CALI,CANINO,RURAL,NO,VACUNADO,1 VISITA,MUERTO,1
2026,2025,12,76248,EL CERRITO,ARO SUR CALI,CANINO,URBANO,NO,DESCONOCIDO,1 VISITA,NO OBSERVABLE,4
2026,2025,12,76248,EL CERRITO,ARO SUR CALI,CANINO,URBANO,NO,DESCONOCIDO,1 VISITA,OBSERVADO SANO,1
2026,2025,12,76248,EL CERRITO,ARO SUR CALI,CANINO,URBANO,NO,DESCONOCIDO,1 VISITA,SIN CLASIFICAR,3
2026,2025,12,76248,EL CERRITO,ARO SUR CALI,CANINO,URBANO,NO,NO VACUNADO,1 VISITA,SIN CLASIFICAR,1
2026,2025,12,76248,EL CERRITO,ARO SUR CALI,CANINO,URBANO,SI,DESCONOCIDO,1 VISITA,PERDIDO O DESAPARECIDO,1
2026,2025,12,76248,EL CERRITO,ARO SUR CALI,CANINO,URBANO,SI,VACUNADO,1 VISITA,SIN CLASIFICAR,1
2026,2025,12,76248,EL CERRITO,ARO SUR CALI,FELINO,RURAL,NO,DESCONOCIDO,1 VISITA,NO OBSERVABLE,1
2026,2025,12,76248,EL CERRITO,ARO SUR CALI,FELINO,URBANO,NO,DESCONOCIDO,1 VISITA,NO OBSERVABLE,3
2026,2025,12,76248,EL CERRITO,ARO SUR CALI,FELINO,URBANO,NO,DESCONOCIDO,1 VISITA,SIN CLASIFICAR,1
2026,2025,12,76248,EL CERRITO,ARO SUR CALI,OTRO,URBANO,NO,DESCONOCIDO,1 VISITA,NO OBSERVABLE,1
2026,2025,12,76250,EL DOVIO,ARO NORTE CARTAGO,CANINO,URBANO,NO,DESCONOCIDO,1 VISITA,PERDIDO O DESAPARECIDO,1
2026,2025,12,76250,EL DOVIO,ARO NORTE CARTAGO,CANINO,URBANO,NO,VACUNADO,1 VISITA,OBSERVADO SANO,1
2026,2025,12,76250,EL DOVIO,ARO NORTE CARTAGO,FELINO,RURAL,NO,DESCONOCIDO,1 VISITA,NO OBSERVADO,1
2026,2025,12,76250,EL DOVIO,ARO NORTE CARTAGO,FELINO,RURAL,SI,VACUNADO,1 VISITA,OBSERVADO SANO,1
2026,2025,12,76275,FLORIDA,ARO SUR CALI,CANINO,RURAL,NO,DESCONOCIDO,1 VISITA,PERDIDO O DESAPARECIDO,1
2026,2025,12,76275,FLORIDA,ARO SUR CALI,CANINO,URBANO,NO,DESCONOCIDO,1 VISITA,CON SIGNOS REPORTADOS,1
2026,2025,12,76275,FLORIDA,ARO SUR CALI,CANINO,URBANO,NO,DESCONOCIDO,1 VISITA,PERDIDO O DESAPARECIDO,7
2026,2025,12,76275,FLORIDA,ARO SUR CALI,CANINO,URBANO,NO,VACUNADO,1 VISITA,OBSERVADO SANO,1
2026,2025,12,76275,FLORIDA,ARO SUR CALI,CANINO,URBANO,NO,VACUNADO,1 VISITA,SIN CLASIFICAR,2
2026,2025,12,76275,FLORIDA,ARO SUR CALI,CANINO,URBANO,SI,DESCONOCIDO,1 VISITA,PERDIDO O DESAPARECIDO,1
2026,2025,12,76275,FLORIDA,ARO SUR CALI,FELINO,URBANO,NO,DESCONOCIDO,1 VISITA,PERDIDO O DESAPARECIDO,1
2026,2025,12,76275,FLORIDA,ARO SUR CALI,OTRO,URBANO,NO,DESCONOCIDO,1 VISITA,PERDIDO O DESAPARECIDO,1
2026,2025,12,76306,GINEBRA,ARO SUR CALI,CANINO,RURAL,NO,VACUNADO,1 VISITA,SIN CLASIFICAR,2
2026,2025,12,76306,GINEBRA,ARO SUR CALI,CANINO,URBANO,NO,DESCONOCIDO,1 VISITA,NO OBSERVABLE,1
2026,2025,12,76306,GINEBRA,ARO SUR CALI,CANINO,URBANO,NO,DESCONOCIDO,1 VISITA,PERDIDO O DESAPARECIDO,1
2026,2025,12,76306,GINEBRA,ARO SUR CALI,CANINO,URBANO,NO,VACUNADO,1 VISITA,SIN CLASIFICAR,1
2026,2025,12,76306,GINEBRA,ARO SUR CALI,FELINO,RURAL,NO,VACUNADO,1 VISITA,SIN CLASIFICAR,1
2026,2025,12,76306,GINEBRA,ARO SUR CALI,FELINO,URBANO,NO,NO VACUNADO,2 VISITAS,PERDIDO O DESAPARECIDO,1
2026,2025,12,76306,GINEBRA,ARO SUR CALI,FELINO,URBANO,NO,VACUNADO,1 VISITA,PERDIDO O DESAPARECIDO,1
2026,2025,12,76306,GINEBRA,ARO SUR CALI,FELINO,URBANO,SI,VACUNADO,1 VISITA,CON SIGNOS REPORTADOS,1
2026,2025,12,76306,GINEBRA,ARO SUR CALI,FELINO,URBANO,SI,VACUNADO,1 VISITA,PERDIDO O DESAPARECIDO,1
2026,2025,12,76318,GUACARI,ARO SUR CALI,CANINO,RURAL,NO,VACUNADO,3 VISITAS FUERA DE 10 DÍAS O CON INCONSISTENCIA,SIN CLASIFICAR,1
2026,2025,12,76318,GUACARI,ARO SUR CALI,CANINO,RURAL,NO,VACUNADO,CUMPLE,SIN CLASIFICAR,1
2026,2025,12,76318,GUACARI,ARO SUR CALI,CANINO,URBANO,NO,DESCONOCIDO,1 VISITA,NO OBSERVABLE,1
2026,2025,12,76318,GUACARI,ARO SUR CALI,CANINO,URBANO,NO,DESCONOCIDO,1 VISITA,PERDIDO O DESAPARECIDO,1
2026,2025,12,76318,GUACARI,ARO SUR CALI,CANINO,URBANO,NO,DESCONOCIDO,2 VISITAS,SIN CLASIFICAR,1
2026,2025,12,76318,GUACARI,ARO SUR CALI,CANINO,URBANO,NO,DESCONOCIDO,3 VISITAS FUERA DE 10 DÍAS O CON INCONSISTENCIA,SIN CLASIFICAR,2
2026,2025,12,76318,GUACARI,ARO SUR CALI,CANINO,URBANO,SI,DESCONOCIDO,1 VISITA,CON SIGNOS REPORTADOS,1
2026,2025,12,76318,GUACARI,ARO SUR CALI,CANINO,URBANO,SI,VACUNADO,2 VISITAS,SIN CLASIFICAR,1
2026,2025,12,76318,GUACARI,ARO SUR CALI,FELINO,URBANO,NO,DESCONOCIDO,2 VISITAS,NO OBSERVABLE,1
2026,2025,12,76318,GUACARI,ARO SUR CALI,FELINO,URBANO,SI,DESCONOCIDO,2 VISITAS,NO OBSERVABLE,1
2026,2025,12,76377,LA CUMBRE,ARO SUR CALI,CANINO,RURAL,NO,DESCONOCIDO,1 VISITA,PERDIDO O DESAPARECIDO,2
2026,2025,12,76377,LA CUMBRE,ARO SUR CALI,CANINO,RURAL,NO,DESCONOCIDO,1 VISITA,SIN CLASIFICAR,2
2026,2025,12,76377,LA CUMBRE,ARO SUR CALI,CANINO,RURAL,SI,DESCONOCIDO,1 VISITA,PERDIDO O DESAPARECIDO,1
2026,2025,12,76377,LA CUMBRE,ARO SUR CALI,CANINO,URBANO,NO,DESCONOCIDO,1 VISITA,PERDIDO O DESAPARECIDO,2
2026,2025,12,76377,LA CUMBRE,ARO SUR CALI,CANINO,URBANO,SI,DESCONOCIDO,1 VISITA,PERDIDO O DESAPARECIDO,1
2026,2025,12,76377,LA CUMBRE,ARO SUR CALI,FELINO,URBANO,SI,DESCONOCIDO,1 VISITA,SIN CLASIFICAR,1
2026,2025,12,76400,LA UNION,ARO NORTE CARTAGO,CANINO,RURAL,NO,DESCONOCIDO,1 VISITA,PERDIDO O DESAPARECIDO,1
2026,2025,12,76400,LA UNION,ARO NORTE CARTAGO,CANINO,RURAL,SI,NO VACUNADO,1 VISITA,NO OBSERVABLE,1
2026,2025,12,76400,LA UNION,ARO NORTE CARTAGO,CANINO,URBANO,NO,VACUNADO,1 VISITA,NO OBSERVABLE,1
2026,2025,12,76400,LA UNION,ARO NORTE CARTAGO,CANINO,URBANO,NO,VACUNADO,2 VISITAS,NO OBSERVABLE,1
2026,2025,12,76400,LA UNION,ARO NORTE CARTAGO,CANINO,URBANO,SI,VACUNADO,CUMPLE,OBSERVADO SANO,1
2026,2025,12,76400,LA UNION,ARO NORTE CARTAGO,FELINO,URBANO,SI,DESCONOCIDO,1 VISITA,NO OBSERVABLE,1
2026,2025,12,76403,LA VICTORIA,ARO NORTE CARTAGO,CANINO,URBANO,NO,VACUNADO,1 VISITA,OBSERVADO SANO,1
2026,2025,12,76497,OBANDO,ARO NORTE CARTAGO,CANINO,RURAL,SI,DESCONOCIDO,1 VISITA,NO OBSERVADO,1
2026,2025,12,76497,OBANDO,ARO NORTE CARTAGO,CANINO,URBANO,NO,DESCONOCIDO,1 VISITA,PERDIDO O DESAPARECIDO,1
2026,2025,12,76497,OBANDO,ARO NORTE CARTAGO,CANINO,URBANO,SI,DESCONOCIDO,2 VISITAS,OBSERVADO SANO,1
2026,2025,12,76497,OBANDO,ARO NORTE CARTAGO,FELINO,RURAL,SI,VACUNADO,1 VISITA,OBSERVADO SANO,1
2026,2025,12,76563,PRADERA,ARO SUR CALI,CANINO,RURAL,NO,DESCONOCIDO,1 VISITA,PERDIDO O DESAPARECIDO,1
2026,2025,12,76563,PRADERA,ARO SUR CALI,CANINO,URBANO,NO,DESCONOCIDO,1 VISITA,NO OBSERVABLE,1
2026,2025,12,76563,PRADERA,ARO SUR CALI,CANINO,URBANO,NO,DESCONOCIDO,1 VISITA,PERDIDO O DESAPARECIDO,24
2026,2025,12,76563,PRADERA,ARO SUR CALI,CANINO,URBANO,NO,DESCONOCIDO,1 VISITA,SIN CLASIFICAR,2
2026,2025,12,76563,PRADERA,ARO SUR CALI,CANINO,URBANO,SI,DESCONOCIDO,1 VISITA,PERDIDO O DESAPARECIDO,1
2026,2025,12,76563,PRADERA,ARO SUR CALI,CANINO,URBANO,SI,VACUNADO,1 VISITA,OBSERVADO SANO,1
2026,2025,12,76563,PRADERA,ARO SUR CALI,FELINO,URBANO,NO,NO VACUNADO,1 VISITA,PERDIDO O DESAPARECIDO,1
2026,2025,12,76606,RESTREPO,ARO CENTRO TULUA,CANINO,RURAL,NO,DESCONOCIDO,1 VISITA,PERDIDO O DESAPARECIDO,1
2026,2025,12,76606,RESTREPO,ARO CENTRO TULUA,CANINO,URBANO,NO,DESCONOCIDO,1 VISITA,PERDIDO O DESAPARECIDO,1
2026,2025,12,76606,RESTREPO,ARO CENTRO TULUA,CANINO,URBANO,NO,VACUNADO,1 VISITA,SIN CLASIFICAR,1
2026,2025,12,76606,RESTREPO,ARO CENTRO TULUA,FELINO,RURAL,NO,DESCONOCIDO,1 VISITA,PERDIDO O DESAPARECIDO,1
2026,2025,12,76616,RIOFRIO,ARO CENTRO TULUA,CANINO,RURAL,NO,DESCONOCIDO,3 VISITAS FUERA DE 10 DÍAS O CON INCONSISTENCIA,SIN CLASIFICAR,1
2026,2025,12,76616,RIOFRIO,ARO CENTRO TULUA,CANINO,URBANO,NO,DESCONOCIDO,1 VISITA,PERDIDO O DESAPARECIDO,1
2026,2025,12,76616,RIOFRIO,ARO CENTRO TULUA,CANINO,URBANO,NO,VACUNADO,1 VISITA,SIN CLASIFICAR,1
2026,2025,12,76616,RIOFRIO,ARO CENTRO TULUA,CANINO,URBANO,NO,VACUNADO,2 VISITAS,SIN CLASIFICAR,1
2026,2025,12,76616,RIOFRIO,ARO CENTRO TULUA,FELINO,URBANO,NO,NO VACUNADO,2 VISITAS,SIN CLASIFICAR,1
2026,2025,12,76616,RIOFRIO,ARO CENTRO TULUA,OTRO,URBANO,NO,NO VACUNADO,1 VISITA,SIN CLASIFICAR,1
2026,2025,12,76622,ROLDANILLO,ARO NORTE CARTAGO,CANINO,RURAL,NO,DESCONOCIDO,1 VISITA,NO OBSERVABLE,1
2026,2025,12,76622,ROLDANILLO,ARO NORTE CARTAGO,CANINO,RURAL,NO,DESCONOCIDO,1 VISITA,NO OBSERVADO,1
2026,2025,12,76622,ROLDANILLO,ARO NORTE CARTAGO,CANINO,URBANO,NO,DESCONOCIDO,1 VISITA,NO OBSERVABLE,8
2026,2025,12,76622,ROLDANILLO,ARO NORTE CARTAGO,CANINO,URBANO,NO,DESCONOCIDO,1 VISITA,NO OBSERVADO,2
2026,2025,12,76622,ROLDANILLO,ARO NORTE CARTAGO,CANINO,URBANO,NO,DESCONOCIDO,1 VISITA,OBSERVADO SANO,1
2026,2025,12,76622,ROLDANILLO,ARO NORTE CARTAGO,CANINO,URBANO,NO,DESCONOCIDO,2 VISITAS,OBSERVADO SANO,1
2026,2025,12,76622,ROLDANILLO,ARO NORTE CARTAGO,CANINO,URBANO,SI,DESCONOCIDO,1 VISITA,OBSERVADO SANO,1
2026,2025,12,76622,ROLDANILLO,ARO NORTE CARTAGO,CANINO,URBANO,SI,VACUNADO,1 VISITA,OBSERVADO SANO,3
2026,2025,12,76622,ROLDANILLO,ARO NORTE CARTAGO,FELINO,URBANO,NO,DESCONOCIDO,1 VISITA,NO OBSERVABLE,1
2026,2025,12,76670,SAN PEDRO,ARO CENTRO TULUA,CANINO,URBANO,SI,VACUNADO,1 VISITA,SIN CLASIFICAR,1
2026,2025,12,76736,SEVILLA,ARO CENTRO TULUA,CANINO,RURAL,NO,NO VACUNADO,1 VISITA,OBSERVADO SANO,1
2026,2025,12,76736,SEVILLA,ARO CENTRO TULUA,CANINO,RURAL,NO,VACUNADO,1 VISITA,SIN CLASIFICAR,1
2026,2025,12,76736,SEVILLA,ARO CENTRO TULUA,CANINO,URBANO,NO,DESCONOCIDO,1 VISITA,NO OBSERVABLE,2
2026,2025,12,76736,SEVILLA,ARO CENTRO TULUA,CANINO,URBANO,NO,DESCONOCIDO,1 VISITA,OBSERVADO SANO,1
2026,2025,12,76736,SEVILLA,ARO CENTRO TULUA,CANINO,URBANO,NO,DESCONOCIDO,1 VISITA,SIN CLASIFICAR,1
2026,2025,12,76736,SEVILLA,ARO CENTRO TULUA,CANINO,URBANO,NO,NO VACUNADO,1 VISITA,CON SIGNOS REPORTADOS,1
2026,2025,12,76736,SEVILLA,ARO CENTRO TULUA,CANINO,URBANO,NO,NO VACUNADO,1 VISITA,OBSERVADO SANO,1
2026,2025,12,76736,SEVILLA,ARO CENTRO TULUA,CANINO,URBANO,SI,DESCONOCIDO,1 VISITA,NO OBSERVABLE,1
2026,2025,12,76823,TORO,ARO NORTE CARTAGO,CANINO,URBANO,NO,VACUNADO,CUMPLE,SIN CLASIFICAR,1
2026,2025,12,76823,TORO,ARO NORTE CARTAGO,FELINO,URBANO,SI,DESCONOCIDO,1 VISITA,PERDIDO O DESAPARECIDO,1
2026,2025,12,76823,TORO,ARO NORTE CARTAGO,OTRO,URBANO,NO,NO VACUNADO,1 VISITA,NO OBSERVABLE,1
2026,2025,12,76828,TRUJILLO,ARO CENTRO TULUA,CANINO,RURAL,NO,DESCONOCIDO,1 VISITA,PERDIDO O DESAPARECIDO,1
2026,2025,12,76828,TRUJILLO,ARO CENTRO TULUA,CANINO,RURAL,NO,VACUNADO,1 VISITA,SIN CLASIFICAR,1
2026,2025,12,76828,TRUJILLO,ARO CENTRO TULUA,CANINO,RURAL,SI,VACUNADO,2 VISITAS,SIN CLASIFICAR,2
2026,2025,12,76828,TRUJILLO,ARO CENTRO TULUA,CANINO,URBANO,NO,VACUNADO,2 VISITAS,SIN CLASIFICAR,1
2026,2025,12,76828,TRUJILLO,ARO CENTRO TULUA,FELINO,RURAL,NO,VACUNADO,2 VISITAS,SIN CLASIFICAR,1
2026,2025,12,76828,TRUJILLO,ARO CENTRO TULUA,OTRO,RURAL,NO,DESCONOCIDO,1 VISITA,SIN CLASIFICAR,1
2026,2025,12,76863,VERSALLES,ARO NORTE CARTAGO,CANINO,RURAL,NO,DESCONOCIDO,1 VISITA,NO OBSERVADO,1
2026,2025,12,76863,VERSALLES,ARO NORTE CARTAGO,CANINO,URBANO,NO,DESCONOCIDO,1 VISITA,NO OBSERVABLE,3
2026,2025,12,76863,VERSALLES,ARO NORTE CARTAGO,CANINO,URBANO,NO,DESCONOCIDO,1 VISITA,NO OBSERVADO,1
2026,2025,12,76863,VERSALLES,ARO NORTE CARTAGO,CANINO,URBANO,SI,DESCONOCIDO,1 VISITA,NO OBSERVADO,1
2026,2025,12,76869,VIJES,ARO SUR CALI,CANINO,URBANO,NO,DESCONOCIDO,1 VISITA,NO OBSERVABLE,2
2026,2025,12,76890,YOTOCO,ARO CENTRO TULUA,CANINO,URBANO,NO,NO VACUNADO,1 VISITA,SIN CLASIFICAR,1
2026,2025,12,76895,ZARZAL,ARO CENTRO TULUA,CANINO,URBANO,NO,DESCONOCIDO,1 VISITA,NO OBSERVABLE,2
2026,2025,12,76895,ZARZAL,ARO CENTRO TULUA,CANINO,URBANO,NO,DESCONOCIDO,1 VISITA,OBSERVADO SANO,1
2026,2026,1,76020,ALCALA,ARO NORTE CARTAGO,CANINO,RURAL,NO,DESCONOCIDO,1 VISITA,NO OBSERVABLE,2
2026,2026,1,76020,ALCALA,ARO NORTE CARTAGO,CANINO,RURAL,NO,DESCONOCIDO,2 VISITAS,OBSERVADO SANO,1
2026,2026,1,76020,ALCALA,ARO NORTE CARTAGO,CANINO,URBANO,NO,DESCONOCIDO,1 VISITA,NO OBSERVABLE,2
2026,2026,1,76020,ALCALA,ARO NORTE CARTAGO,CANINO,URBANO,NO,DESCONOCIDO,1 VISITA,NO OBSERVADO,1
2026,2026,1,76020,ALCALA,ARO NORTE CARTAGO,CANINO,URBANO,NO,VACUNADO,2 VISITAS,OBSERVADO SANO,1
2026,2026,1,76020,ALCALA,ARO NORTE CARTAGO,CANINO,URBANO,SI,DESCONOCIDO,1 VISITA,NO OBSERVABLE,1
2026,2026,1,76020,ALCALA,ARO NORTE CARTAGO,CANINO,URBANO,SI,DESCONOCIDO,1 VISITA,OBSERVADO SANO,1
2026,2026,1,76020,ALCALA,ARO NORTE CARTAGO,CANINO,URBANO,SI,NO VACUNADO,1 VISITA,NO OBSERVABLE,1
2026,2026,1,76020,ALCALA,ARO NORTE CARTAGO,FELINO,URBANO,NO,DESCONOCIDO,1 VISITA,OBSERVADO SANO,1
2026,2026,1,76020,ALCALA,ARO NORTE CARTAGO,FELINO,URBANO,NO,VACUNADO,1 VISITA,OBSERVADO SANO,1
2026,2026,1,76036,ANDALUCIA,ARO CENTRO TULUA,CANINO,RURAL,NO,DESCONOCIDO,1 VISITA,CALLEJERO,1
2026,2026,1,76036,ANDALUCIA,ARO CENTRO TULUA,CANINO,RURAL,NO,DESCONOCIDO,1 VISITA,NO OBSERVABLE,2
2026,2026,1,76036,ANDALUCIA,ARO CENTRO TULUA,CANINO,RURAL,NO,DESCONOCIDO,1 VISITA,SIN CLASIFICAR,2
2026,2026,1,76036,ANDALUCIA,ARO CENTRO TULUA,CANINO,RURAL,NO,DESCONOCIDO,2 VISITAS,SIN CLASIFICAR,1
2026,2026,1,76036,ANDALUCIA,ARO CENTRO TULUA,CANINO,RURAL,NO,VACUNADO,2 VISITAS,SIN CLASIFICAR,1
2026,2026,1,76036,ANDALUCIA,ARO CENTRO TULUA,CANINO,RURAL,NO,VACUNADO,CUMPLE,SIN CLASIFICAR,1
2026,2026,1,76036,ANDALUCIA,ARO CENTRO TULUA,CANINO,URBANO,NO,DESCONOCIDO,1 VISITA,NO OBSERVADO,1
2026,2026,1,76036,ANDALUCIA,ARO CENTRO TULUA,CANINO,URBANO,NO,DESCONOCIDO,1 VISITA,SIN CLASIFICAR,3
2026,2026,1,76036,ANDALUCIA,ARO CENTRO TULUA,CANINO,URBANO,NO,NO VACUNADO,CUMPLE,SIN CLASIFICAR,1
2026,2026,1,76036,ANDALUCIA,ARO CENTRO TULUA,CANINO,URBANO,NO,VACUNADO,1 VISITA,SIN CLASIFICAR,2
2026,2026,1,76036,ANDALUCIA,ARO CENTRO TULUA,CANINO,URBANO,NO,VACUNADO,2 VISITAS,SIN CLASIFICAR,1
2026,2026,1,76041,ANSERMANUEVO,ARO NORTE CARTAGO,CANINO,RURAL,NO,DESCONOCIDO,1 VISITA,NO OBSERVADO,1
2026,2026,1,76041,ANSERMANUEVO,ARO NORTE CARTAGO,CANINO,URBANO,NO,DESCONOCIDO,1 VISITA,NO OBSERVADO,2
2026,2026,1,76041,ANSERMANUEVO,ARO NORTE CARTAGO,CANINO,URBANO,NO,DESCONOCIDO,2 VISITAS,MUERTO,1
2026,2026,1,76041,ANSERMANUEVO,ARO NORTE CARTAGO,CANINO,URBANO,NO,NO VACUNADO,3 VISITAS FUERA DE 10 DÍAS O CON INCONSISTENCIA,OBSERVADO SANO,2
2026,2026,1,76041,ANSERMANUEVO,ARO NORTE CARTAGO,CANINO,URBANO,NO,VACUNADO,3 VISITAS FUERA DE 10 DÍAS O CON INCONSISTENCIA,OBSERVADO SANO,2
2026,2026,1,76041,ANSERMANUEVO,ARO NORTE CARTAGO,CANINO,URBANO,NO,VACUNADO,CUMPLE,OBSERVADO SANO,1
2026,2026,1,76041,ANSERMANUEVO,ARO NORTE CARTAGO,CANINO,URBANO,SI,DESCONOCIDO,1 VISITA,NO OBSERVADO,1
2026,2026,1,76041,ANSERMANUEVO,ARO NORTE CARTAGO,CANINO,URBANO,SI,VACUNADO,1 VISITA,OBSERVADO SANO,1
2026,2026,1,76041,ANSERMANUEVO,ARO NORTE CARTAGO,CANINO,URBANO,SI,VACUNADO,3 VISITAS FUERA DE 10 DÍAS O CON INCONSISTENCIA,OBSERVADO SANO,2
2026,2026,1,76041,ANSERMANUEVO,ARO NORTE CARTAGO,FELINO,URBANO,NO,DESCONOCIDO,1 VISITA,NO OBSERVADO,2
2026,2026,1,76054,ARGELIA,ARO NORTE CARTAGO,CANINO,RURAL,SI,DESCONOCIDO,1 VISITA,PERDIDO O DESAPARECIDO,1
2026,2026,1,76054,ARGELIA,ARO NORTE CARTAGO,CANINO,URBANO,NO,VACUNADO,CUMPLE,OBSERVADO SANO,1
2026,2026,1,76054,ARGELIA,ARO NORTE CARTAGO,CANINO,URBANO,SI,DESCONOCIDO,1 VISITA,PERDIDO O DESAPARECIDO,1
2026,2026,1,76100,BOLIVAR,ARO CENTRO TULUA,CANINO,RURAL,NO,DESCONOCIDO,1 VISITA,SIN CLASIFICAR,1
2026,2026,1,76100,BOLIVAR,ARO CENTRO TULUA,CANINO,RURAL,NO,VACUNADO,1 VISITA,SIN CLASIFICAR,1
2026,2026,1,76100,BOLIVAR,ARO CENTRO TULUA,CANINO,URBANO,NO,DESCONOCIDO,1 VISITA,PERDIDO O DESAPARECIDO,2
2026,2026,1,76100,BOLIVAR,ARO CENTRO TULUA,CANINO,URBANO,NO,VACUNADO,2 VISITAS,SIN CLASIFICAR,4
2026,2026,1,76113,BUGALAGRANDE,ARO CENTRO TULUA,CANINO,RURAL,NO,DESCONOCIDO,1 VISITA,SIN CLASIFICAR,1
2026,2026,1,76113,BUGALAGRANDE,ARO CENTRO TULUA,CANINO,RURAL,NO,NO VACUNADO,1 VISITA,PERDIDO O DESAPARECIDO,1
2026,2026,1,76113,BUGALAGRANDE,ARO CENTRO TULUA,CANINO,URBANO,NO,DESCONOCIDO,1 VISITA,CALLEJERO,1
2026,2026,1,76113,BUGALAGRANDE,ARO CENTRO TULUA,CANINO,URBANO,NO,DESCONOCIDO,1 VISITA,SIN CLASIFICAR,2
2026,2026,1,76113,BUGALAGRANDE,ARO CENTRO TULUA,CANINO,URBANO,NO,NO VACUNADO,1 VISITA,SIN CLASIFICAR,1
2026,2026,1,76113,BUGALAGRANDE,ARO CENTRO TULUA,CANINO,URBANO,NO,VACUNADO,1 VISITA,SIN CLASIFICAR,1
2026,2026,1,76113,BUGALAGRANDE,ARO CENTRO TULUA,CANINO,URBANO,SI,DESCONOCIDO,1 VISITA,SIN CLASIFICAR,1
2026,2026,1,76113,BUGALAGRANDE,ARO CENTRO TULUA,CANINO,URBANO,SI,VACUNADO,1 VISITA,SIN CLASIFICAR,1
2026,2026,1,76122,CAICEDONIA,ARO CENTRO TULUA,CANINO,URBANO,NO,DESCONOCIDO,1 VISITA,NO OBSERVABLE,4
2026,2026,1,76122,CAICEDONIA,ARO CENTRO TULUA,CANINO,URBANO,NO,DESCONOCIDO,1 VISITA,OBSERVADO SANO,1
2026,2026,1,76122,CAICEDONIA,ARO CENTRO TULUA,CANINO,URBANO,NO,DESCONOCIDO,1 VISITA,SIN CLASIFICAR,1
2026,2026,1,76122,CAICEDONIA,ARO CENTRO TULUA,CANINO,URBANO,NO,NO VACUNADO,1 VISITA,CON SIGNOS REPORTADOS,1
2026,2026,1,76122,CAICEDONIA,ARO CENTRO TULUA,CANINO,URBANO,NO,NO VACUNADO,1 VISITA,NO OBSERVABLE,1
2026,2026,1,76122,CAICEDONIA,ARO CENTRO TULUA,CANINO,URBANO,NO,NO VACUNADO,1 VISITA,OBSERVADO SANO,1
2026,2026,1,76122,CAICEDONIA,ARO CENTRO TULUA,CANINO,URBANO,NO,VACUNADO,1 VISITA,NO OBSERVABLE,1
2026,2026,1,76122,CAICEDONIA,ARO CENTRO TULUA,CANINO,URBANO,NO,VACUNADO,1 VISITA,OBSERVADO SANO,1
2026,2026,1,76122,CAICEDONIA,ARO CENTRO TULUA,CANINO,URBANO,NO,VACUNADO,2 VISITAS,NO OBSERVABLE,1
2026,2026,1,76122,CAICEDONIA,ARO CENTRO TULUA,CANINO,URBANO,NO,VACUNADO,2 VISITAS,OBSERVADO SANO,2
2026,2026,1,76122,CAICEDONIA,ARO CENTRO TULUA,CANINO,URBANO,SI,DESCONOCIDO,1 VISITA,NO OBSERVABLE,1
2026,2026,1,76122,CAICEDONIA,ARO CENTRO TULUA,CANINO,URBANO,SI,VACUNADO,2 VISITAS,OBSERVADO SANO,1
2026,2026,1,76122,CAICEDONIA,ARO CENTRO TULUA,FELINO,URBANO,NO,VACUNADO,1 VISITA,NO OBSERVABLE,1
2026,2026,1,76122,CAICEDONIA,ARO CENTRO TULUA,FELINO,URBANO,NO,VACUNADO,1 VISITA,OBSERVADO SANO,1
2026,2026,1,76126,CALIMA,ARO CENTRO TULUA,CANINO,RURAL,NO,DESCONOCIDO,1 VISITA,SIN CLASIFICAR,1
2026,2026,1,76126,CALIMA,ARO CENTRO TULUA,CANINO,URBANO,NO,DESCONOCIDO,1 VISITA,SIN CLASIFICAR,4
2026,2026,1,76126,CALIMA,ARO CENTRO TULUA,CANINO,URBANO,NO,VACUNADO,1 VISITA,SIN CLASIFICAR,1
2026,2026,1,76233,DAGUA,ARO SUR CALI,CANINO,RURAL,NO,DESCONOCIDO,1 VISITA,NO OBSERVABLE,1
2026,2026,1,76233,DAGUA,ARO SUR CALI,CANINO,RURAL,NO,DESCONOCIDO,1 VISITA,PERDIDO O DESAPARECIDO,5
2026,2026,1,76233,DAGUA,ARO SUR CALI,CANINO,RURAL,NO,DESCONOCIDO,1 VISITA,SIN CLASIFICAR,5
2026,2026,1,76233,DAGUA,ARO SUR CALI,CANINO,RURAL,NO,DESCONOCIDO,2 VISITAS,SIN CLASIFICAR,2
2026,2026,1,76233,DAGUA,ARO SUR CALI,CANINO,RURAL,SI,DESCONOCIDO,1 VISITA,PERDIDO O DESAPARECIDO,5
2026,2026,1,76233,DAGUA,ARO SUR CALI,CANINO,RURAL,SI,DESCONOCIDO,1 VISITA,SIN CLASIFICAR,4
2026,2026,1,76233,DAGUA,ARO SUR CALI,CANINO,RURAL,SI,DESCONOCIDO,2 VISITAS,SIN CLASIFICAR,1
2026,2026,1,76233,DAGUA,ARO SUR CALI,CANINO,URBANO,NO,DESCONOCIDO,1 VISITA,PERDIDO O DESAPARECIDO,1
2026,2026,1,76233,DAGUA,ARO SUR CALI,CANINO,URBANO,NO,DESCONOCIDO,1 VISITA,SIN CLASIFICAR,2
2026,2026,1,76233,DAGUA,ARO SUR CALI,CANINO,URBANO,NO,DESCONOCIDO,2 VISITAS,SIN CLASIFICAR,1
2026,2026,1,76233,DAGUA,ARO SUR CALI,CANINO,URBANO,SI,DESCONOCIDO,1 VISITA,PERDIDO O DESAPARECIDO,1
2026,2026,1,76233,DAGUA,ARO SUR CALI,CANINO,URBANO,SI,DESCONOCIDO,1 VISITA,SIN CLASIFICAR,1
2026,2026,1,76233,DAGUA,ARO SUR CALI,FELINO,RURAL,SI,DESCONOCIDO,1 VISITA,PERDIDO O DESAPARECIDO,2
2026,2026,1,76233,DAGUA,ARO SUR CALI,FELINO,URBANO,NO,DESCONOCIDO,1 VISITA,PERDIDO O DESAPARECIDO,1
2026,2026,1,76233,DAGUA,ARO SUR CALI,FELINO,URBANO,SI,DESCONOCIDO,1 VISITA,PERDIDO O DESAPARECIDO,1
2026,2026,1,76233,DAGUA,ARO SUR CALI,OTRO,RURAL,SI,DESCONOCIDO,1 VISITA,PERDIDO O DESAPARECIDO,1
2026,2026,1,76243,EL AGUILA,ARO NORTE CARTAGO,CANINO,RURAL,NO,NO VACUNADO,3 VISITAS FUERA DE 10 DÍAS O CON INCONSISTENCIA,OBSERVADO SANO,1
2026,2026,1,76243,EL AGUILA,ARO NORTE CARTAGO,CANINO,RURAL,NO,VACUNADO,3 VISITAS FUERA DE 10 DÍAS O CON INCONSISTENCIA,OBSERVADO SANO,1
2026,2026,1,76243,EL AGUILA,ARO NORTE CARTAGO,CANINO,RURAL,SI,VACUNADO,3 VISITAS FUERA DE 10 DÍAS O CON INCONSISTENCIA,OBSERVADO SANO,1
2026,2026,1,76243,EL AGUILA,ARO NORTE CARTAGO,FELINO,RURAL,SI,DESCONOCIDO,1 VISITA,MUERTO,1
2026,2026,1,76246,EL CAIRO,ARO NORTE CARTAGO,CANINO,RURAL,NO,NO VACUNADO,2 VISITAS,OBSERVADO SANO,1
2026,2026,1,76246,EL CAIRO,ARO NORTE CARTAGO,CANINO,URBANO,NO,DESCONOCIDO,1 VISITA,NO OBSERVABLE,1
2026,2026,1,76246,EL CAIRO,ARO NORTE CARTAGO,CANINO,URBANO,NO,VACUNADO,3 VISITAS FUERA DE 10 DÍAS O CON INCONSISTENCIA,OBSERVADO SANO,1
2026,2026,1,76248,EL CERRITO,ARO SUR CALI,CANINO,RURAL,NO,DESCONOCIDO,CUMPLE,SIN CLASIFICAR,1
2026,2026,1,76248,EL CERRITO,ARO SUR CALI,CANINO,URBANO,NO,DESCONOCIDO,1 VISITA,PERDIDO O DESAPARECIDO,8
2026,2026,1,76248,EL CERRITO,ARO SUR CALI,CANINO,URBANO,NO,DESCONOCIDO,2 VISITAS,PERDIDO O DESAPARECIDO,2
2026,2026,1,76248,EL CERRITO,ARO SUR CALI,CANINO,URBANO,NO,DESCONOCIDO,2 VISITAS,SIN CLASIFICAR,1
2026,2026,1,76248,EL CERRITO,ARO SUR CALI,CANINO,URBANO,NO,DESCONOCIDO,CUMPLE,SIN CLASIFICAR,1
2026,2026,1,76248,EL CERRITO,ARO SUR CALI,CANINO,URBANO,NO,NO VACUNADO,3 VISITAS FUERA DE 10 DÍAS O CON INCONSISTENCIA,SIN CLASIFICAR,1
2026,2026,1,76248,EL CERRITO,ARO SUR CALI,CANINO,URBANO,NO,VACUNADO,1 VISITA,OBSERVADO SANO,1
2026,2026,1,76248,EL CERRITO,ARO SUR CALI,CANINO,URBANO,SI,DESCONOCIDO,1 VISITA,PERDIDO O DESAPARECIDO,2
2026,2026,1,76250,EL DOVIO,ARO NORTE CARTAGO,CANINO,URBANO,NO,VACUNADO,2 VISITAS,SIN CLASIFICAR,1
2026,2026,1,76250,EL DOVIO,ARO NORTE CARTAGO,FELINO,URBANO,NO,DESCONOCIDO,1 VISITA,NO OBSERVADO,1
2026,2026,1,76275,FLORIDA,ARO SUR CALI,CANINO,RURAL,NO,DESCONOCIDO,1 VISITA,SIN CLASIFICAR,3
2026,2026,1,76275,FLORIDA,ARO SUR CALI,CANINO,RURAL,NO,VACUNADO,3 VISITAS FUERA DE 10 DÍAS O CON INCONSISTENCIA,PERDIDO O DESAPARECIDO,1
2026,2026,1,76275,FLORIDA,ARO SUR CALI,CANINO,URBANO,NO,DESCONOCIDO,1 VISITA,PERDIDO O DESAPARECIDO,5
2026,2026,1,76275,FLORIDA,ARO SUR CALI,CANINO,URBANO,NO,DESCONOCIDO,1 VISITA,SIN CLASIFICAR,1
2026,2026,1,76275,FLORIDA,ARO SUR CALI,CANINO,URBANO,NO,DESCONOCIDO,2 VISITAS,PERDIDO O DESAPARECIDO,1
2026,2026,1,76275,FLORIDA,ARO SUR CALI,CANINO,URBANO,NO,DESCONOCIDO,3 VISITAS FUERA DE 10 DÍAS O CON INCONSISTENCIA,PERDIDO O DESAPARECIDO,2
2026,2026,1,76275,FLORIDA,ARO SUR CALI,CANINO,URBANO,NO,DESCONOCIDO,3 VISITAS FUERA DE 10 DÍAS O CON INCONSISTENCIA,SIN CLASIFICAR,1
2026,2026,1,76275,FLORIDA,ARO SUR CALI,CANINO,URBANO,NO,DESCONOCIDO,CUMPLE,PERDIDO O DESAPARECIDO,2
2026,2026,1,76275,FLORIDA,ARO SUR CALI,CANINO,URBANO,NO,VACUNADO,1 VISITA,SIN CLASIFICAR,2
2026,2026,1,76275,FLORIDA,ARO SUR CALI,CANINO,URBANO,NO,VACUNADO,2 VISITAS,SIN CLASIFICAR,1
2026,2026,1,76275,FLORIDA,ARO SUR CALI,CANINO,URBANO,NO,VACUNADO,3 VISITAS FUERA DE 10 DÍAS O CON INCONSISTENCIA,CON SIGNOS REPORTADOS,1
2026,2026,1,76275,FLORIDA,ARO SUR CALI,CANINO,URBANO,NO,VACUNADO,3 VISITAS FUERA DE 10 DÍAS O CON INCONSISTENCIA,SIN CLASIFICAR,1
2026,2026,1,76275,FLORIDA,ARO SUR CALI,CANINO,URBANO,SI,DESCONOCIDO,1 VISITA,PERDIDO O DESAPARECIDO,1
2026,2026,1,76275,FLORIDA,ARO SUR CALI,CANINO,URBANO,SI,VACUNADO,1 VISITA,SIN CLASIFICAR,3
2026,2026,1,76275,FLORIDA,ARO SUR CALI,FELINO,URBANO,NO,NO VACUNADO,3 VISITAS FUERA DE 10 DÍAS O CON INCONSISTENCIA,SIN CLASIFICAR,1
2026,2026,1,76275,FLORIDA,ARO SUR CALI,FELINO,URBANO,SI,DESCONOCIDO,1 VISITA,PERDIDO O DESAPARECIDO,1
2026,2026,1,76275,FLORIDA,ARO SUR CALI,FELINO,URBANO,SI,VACUNADO,3 VISITAS FUERA DE 10 DÍAS O CON INCONSISTENCIA,CON SIGNOS REPORTADOS,1
2026,2026,1,76306,GINEBRA,ARO SUR CALI,CANINO,RURAL,NO,DESCONOCIDO,2 VISITAS,SIN CLASIFICAR,3
2026,2026,1,76306,GINEBRA,ARO SUR CALI,CANINO,RURAL,NO,DESCONOCIDO,CUMPLE,SIN CLASIFICAR,1
2026,2026,1,76306,GINEBRA,ARO SUR CALI,CANINO,RURAL,NO,VACUNADO,1 VISITA,CON SIGNOS REPORTADOS,1
2026,2026,1,76306,GINEBRA,ARO SUR CALI,CANINO,RURAL,NO,VACUNADO,3 VISITAS FUERA DE 10 DÍAS O CON INCONSISTENCIA,SIN CLASIFICAR,1
2026,2026,1,76306,GINEBRA,ARO SUR CALI,CANINO,RURAL,SI,DESCONOCIDO,1 VISITA,PERDIDO O DESAPARECIDO,1
2026,2026,1,76306,GINEBRA,ARO SUR CALI,CANINO,URBANO,NO,DESCONOCIDO,1 VISITA,PERDIDO O DESAPARECIDO,1
2026,2026,1,76306,GINEBRA,ARO SUR CALI,CANINO,URBANO,NO,DESCONOCIDO,2 VISITAS,SIN CLASIFICAR,1
2026,2026,1,76306,GINEBRA,ARO SUR CALI,CANINO,URBANO,NO,DESCONOCIDO,3 VISITAS FUERA DE 10 DÍAS O CON INCONSISTENCIA,SIN CLASIFICAR,1
2026,2026,1,76306,GINEBRA,ARO SUR CALI,CANINO,URBANO,NO,VACUNADO,1 VISITA,SIN CLASIFICAR,1
2026,2026,1,76306,GINEBRA,ARO SUR CALI,CANINO,URBANO,NO,VACUNADO,3 VISITAS FUERA DE 10 DÍAS O CON INCONSISTENCIA,SIN CLASIFICAR,1
2026,2026,1,76306,GINEBRA,ARO SUR CALI,FELINO,RURAL,SI,DESCONOCIDO,1 VISITA,PERDIDO O DESAPARECIDO,1
2026,2026,1,76306,GINEBRA,ARO SUR CALI,FELINO,URBANO,NO,DESCONOCIDO,1 VISITA,PERDIDO O DESAPARECIDO,1
2026,2026,1,76306,GINEBRA,ARO SUR CALI,OTRO,URBANO,NO,DESCONOCIDO,1 VISITA,PERDIDO O DESAPARECIDO,1
2026,2026,1,76318,GUACARI,ARO SUR CALI,CANINO,RURAL,NO,DESCONOCIDO,1 VISITA,PERDIDO O DESAPARECIDO,2
2026,2026,1,76318,GUACARI,ARO SUR CALI,CANINO,RURAL,SI,DESCONOCIDO,1 VISITA,NO OBSERVABLE,1
2026,2026,1,76318,GUACARI,ARO SUR CALI,CANINO,RURAL,SI,DESCONOCIDO,1 VISITA,OBSERVADO SANO,1
2026,2026,1,76318,GUACARI,ARO SUR CALI,CANINO,RURAL,SI,DESCONOCIDO,2 VISITAS,CON SIGNOS REPORTADOS,1
2026,2026,1,76318,GUACARI,ARO SUR CALI,CANINO,RURAL,SI,DESCONOCIDO,CUMPLE,SIN CLASIFICAR,1
2026,2026,1,76318,GUACARI,ARO SUR CALI,CANINO,RURAL,SI,VACUNADO,1 VISITA,OBSERVADO SANO,1
2026,2026,1,76318,GUACARI,ARO SUR CALI,CANINO,URBANO,NO,DESCONOCIDO,1 VISITA,NO OBSERVABLE,2
2026,2026,1,76318,GUACARI,ARO SUR CALI,CANINO,URBANO,NO,DESCONOCIDO,2 VISITAS,CON SIGNOS REPORTADOS,1
2026,2026,1,76318,GUACARI,ARO SUR CALI,CANINO,URBANO,NO,DESCONOCIDO,2 VISITAS,PERDIDO O DESAPARECIDO,1
2026,2026,1,76318,GUACARI,ARO SUR CALI,CANINO,URBANO,NO,VACUNADO,2 VISITAS,CON SIGNOS REPORTADOS,1
2026,2026,1,76318,GUACARI,ARO SUR CALI,CANINO,URBANO,NO,VACUNADO,2 VISITAS,OBSERVADO SANO,1
2026,2026,1,76318,GUACARI,ARO SUR CALI,CANINO,URBANO,NO,VACUNADO,CUMPLE,SIN CLASIFICAR,1
2026,2026,1,76318,GUACARI,ARO SUR CALI,CANINO,URBANO,SI,DESCONOCIDO,1 VISITA,NO OBSERVABLE,1
2026,2026,1,76318,GUACARI,ARO SUR CALI,CANINO,URBANO,SI,DESCONOCIDO,1 VISITA,OBSERVADO SANO,1
2026,2026,1,76318,GUACARI,ARO SUR CALI,CANINO,URBANO,SI,DESCONOCIDO,1 VISITA,PERDIDO O DESAPARECIDO,1
2026,2026,1,76318,GUACARI,ARO SUR CALI,CANINO,URBANO,SI,DESCONOCIDO,2 VISITAS,OBSERVADO SANO,1
2026,2026,1,76318,GUACARI,ARO SUR CALI,CANINO,URBANO,SI,NO VACUNADO,2 VISITAS,CON SIGNOS REPORTADOS,1
2026,2026,1,76318,GUACARI,ARO SUR CALI,CANINO,URBANO,SI,VACUNADO,CUMPLE,SIN CLASIFICAR,1
2026,2026,1,76318,GUACARI,ARO SUR CALI,FELINO,URBANO,SI,NO VACUNADO,1 VISITA,OBSERVADO SANO,1
2026,2026,1,76377,LA CUMBRE,ARO SUR CALI,CANINO,RURAL,NO,DESCONOCIDO,1 VISITA,CON SIGNOS REPORTADOS,1
2026,2026,1,76377,LA CUMBRE,ARO SUR CALI,CANINO,RURAL,NO,DESCONOCIDO,1 VISITA,PERDIDO O DESAPARECIDO,4
2026,2026,1,76377,LA CUMBRE,ARO SUR CALI,CANINO,RURAL,NO,DESCONOCIDO,1 VISITA,SIN CLASIFICAR,4
2026,2026,1,76377,LA CUMBRE,ARO SUR CALI,CANINO,RURAL,SI,DESCONOCIDO,1 VISITA,PERDIDO O DESAPARECIDO,1
2026,2026,1,76377,LA CUMBRE,ARO SUR CALI,CANINO,URBANO,NO,DESCONOCIDO,1 VISITA,SIN CLASIFICAR,1
2026,2026,1,76377,LA CUMBRE,ARO SUR CALI,FELINO,RURAL,NO,DESCONOCIDO,1 VISITA,PERDIDO O DESAPARECIDO,1
2026,2026,1,76400,LA UNION,ARO NORTE CARTAGO,CANINO,RURAL,NO,DESCONOCIDO,CUMPLE,OBSERVADO SANO,1
2026,2026,1,76400,LA UNION,ARO NORTE CARTAGO,CANINO,RURAL,SI,DESCONOCIDO,1 VISITA,PERDIDO O DESAPARECIDO,1
2026,2026,1,76400,LA UNION,ARO NORTE CARTAGO,CANINO,URBANO,NO,DESCONOCIDO,1 VISITA,NO OBSERVABLE,3
2026,2026,1,76400,LA UNION,ARO NORTE CARTAGO,CANINO,URBANO,NO,DESCONOCIDO,1 VISITA,NO OBSERVADO,1
2026,2026,1,76400,LA UNION,ARO NORTE CARTAGO,CANINO,URBANO,NO,DESCONOCIDO,1 VISITA,OBSERVADO SANO,1
2026,2026,1,76400,LA UNION,ARO NORTE CARTAGO,CANINO,URBANO,NO,DESCONOCIDO,1 VISITA,PERDIDO O DESAPARECIDO,1
2026,2026,1,76400,LA UNION,ARO NORTE CARTAGO,CANINO,URBANO,NO,DESCONOCIDO,CUMPLE,NO OBSERVABLE,2
2026,2026,1,76400,LA UNION,ARO NORTE CARTAGO,CANINO,URBANO,NO,NO VACUNADO,CUMPLE,NO OBSERVABLE,1
2026,2026,1,76400,LA UNION,ARO NORTE CARTAGO,CANINO,URBANO,SI,DESCONOCIDO,1 VISITA,NO OBSERVABLE,1
2026,2026,1,76400,LA UNION,ARO NORTE CARTAGO,CANINO,URBANO,SI,DESCONOCIDO,1 VISITA,NO OBSERVADO,1
2026,2026,1,76400,LA UNION,ARO NORTE CARTAGO,CANINO,URBANO,SI,DESCONOCIDO,CUMPLE,NO OBSERVABLE,1
2026,2026,1,76400,LA UNION,ARO NORTE CARTAGO,CANINO,URBANO,SI,DESCONOCIDO,CUMPLE,OBSERVADO SANO,1
2026,2026,1,76400,LA UNION,ARO NORTE CARTAGO,CANINO,URBANO,SI,VACUNADO,3 VISITAS FUERA DE 10 DÍAS O CON INCONSISTENCIA,NO OBSERVABLE,1
2026,2026,1,76400,LA UNION,ARO NORTE CARTAGO,FELINO,URBANO,SI,NO VACUNADO,CUMPLE,NO OBSERVABLE,1
2026,2026,1,76400,LA UNION,ARO NORTE CARTAGO,SIN DATO,URBANO,NO,DESCONOCIDO,2 VISITAS,OBSERVADO SANO,1
2026,2026,1,76403,LA VICTORIA,ARO NORTE CARTAGO,CANINO,RURAL,SI,VACUNADO,1 VISITA,SIN CLASIFICAR,1
2026,2026,1,76403,LA VICTORIA,ARO NORTE CARTAGO,CANINO,URBANO,NO,DESCONOCIDO,1 VISITA,PERDIDO O DESAPARECIDO,2
2026,2026,1,76403,LA VICTORIA,ARO NORTE CARTAGO,CANINO,URBANO,NO,DESCONOCIDO,2 VISITAS,OBSERVADO SANO,1
2026,2026,1,76403,LA VICTORIA,ARO NORTE CARTAGO,CANINO,URBANO,NO,NO VACUNADO,CUMPLE,SIN CLASIFICAR,1
2026,2026,1,76403,LA VICTORIA,ARO NORTE CARTAGO,CANINO,URBANO,NO,VACUNADO,1 VISITA,SIN CLASIFICAR,1
2026,2026,1,76403,LA VICTORIA,ARO NORTE CARTAGO,CANINO,URBANO,SI,DESCONOCIDO,1 VISITA,PERDIDO O DESAPARECIDO,1
2026,2026,1,76403,LA VICTORIA,ARO NORTE CARTAGO,CANINO,URBANO,SI,VACUNADO,1 VISITA,SIN CLASIFICAR,2
2026,2026,1,76497,OBANDO,ARO NORTE CARTAGO,CANINO,URBANO,NO,DESCONOCIDO,1 VISITA,MUERTO,1
2026,2026,1,76497,OBANDO,ARO NORTE CARTAGO,CANINO,URBANO,NO,DESCONOCIDO,1 VISITA,NO OBSERVADO,1
2026,2026,1,76497,OBANDO,ARO NORTE CARTAGO,CANINO,URBANO,NO,DESCONOCIDO,1 VISITA,PERDIDO O DESAPARECIDO,1
2026,2026,1,76497,OBANDO,ARO NORTE CARTAGO,CANINO,URBANO,NO,VACUNADO,CUMPLE,OBSERVADO SANO,1
2026,2026,1,76497,OBANDO,ARO NORTE CARTAGO,CANINO,URBANO,SI,DESCONOCIDO,1 VISITA,NO OBSERVABLE,1
2026,2026,1,76497,OBANDO,ARO NORTE CARTAGO,CANINO,URBANO,SI,VACUNADO,CUMPLE,OBSERVADO SANO,1
2026,2026,1,76563,PRADERA,ARO SUR CALI,CANINO,RURAL,NO,DESCONOCIDO,1 VISITA,PERDIDO O DESAPARECIDO,1
2026,2026,1,76563,PRADERA,ARO SUR CALI,CANINO,URBANO,NO,DESCONOCIDO,1 VISITA,PERDIDO O DESAPARECIDO,12
2026,2026,1,76563,PRADERA,ARO SUR CALI,CANINO,URBANO,NO,DESCONOCIDO,2 VISITAS,SIN CLASIFICAR,1
2026,2026,1,76563,PRADERA,ARO SUR CALI,CANINO,URBANO,NO,VACUNADO,1 VISITA,NO OBSERVABLE,1
2026,2026,1,76563,PRADERA,ARO SUR CALI,CANINO,URBANO,NO,VACUNADO,1 VISITA,SIN CLASIFICAR,1
2026,2026,1,76563,PRADERA,ARO SUR CALI,FELINO,URBANO,NO,DESCONOCIDO,1 VISITA,PERDIDO O DESAPARECIDO,1
2026,2026,1,76563,PRADERA,ARO SUR CALI,FELINO,URBANO,NO,VACUNADO,1 VISITA,SIN CLASIFICAR,1
2026,2026,1,76606,RESTREPO,ARO CENTRO TULUA,CANINO,RURAL,NO,DESCONOCIDO,1 VISITA,PERDIDO O DESAPARECIDO,2
2026,2026,1,76606,RESTREPO,ARO CENTRO TULUA,CANINO,RURAL,NO,NO VACUNADO,1 VISITA,SIN CLASIFICAR,1
2026,2026,1,76606,RESTREPO,ARO CENTRO TULUA,CANINO,URBANO,NO,DESCONOCIDO,1 VISITA,PERDIDO O DESAPARECIDO,6
2026,2026,1,76606,RESTREPO,ARO CENTRO TULUA,CANINO,URBANO,NO,NO VACUNADO,1 VISITA,NO OBSERVABLE,1
2026,2026,1,76606,RESTREPO,ARO CENTRO TULUA,CANINO,URBANO,NO,NO VACUNADO,1 VISITA,SIN CLASIFICAR,1
2026,2026,1,76606,RESTREPO,ARO CENTRO TULUA,CANINO,URBANO,NO,VACUNADO,1 VISITA,SIN CLASIFICAR,1
2026,2026,1,76606,RESTREPO,ARO CENTRO TULUA,CANINO,URBANO,SI,NO VACUNADO,1 VISITA,MUERTO,1
2026,2026,1,76606,RESTREPO,ARO CENTRO TULUA,CANINO,URBANO,SI,NO VACUNADO,1 VISITA,SIN CLASIFICAR,1
2026,2026,1,76606,RESTREPO,ARO CENTRO TULUA,FELINO,RURAL,NO,DESCONOCIDO,1 VISITA,PERDIDO O DESAPARECIDO,1
2026,2026,1,76606,RESTREPO,ARO CENTRO TULUA,FELINO,URBANO,NO,DESCONOCIDO,1 VISITA,PERDIDO O DESAPARECIDO,1
2026,2026,1,76606,RESTREPO,ARO CENTRO TULUA,FELINO,URBANO,NO,NO VACUNADO,1 VISITA,PERDIDO O DESAPARECIDO,1
2026,2026,1,76616,RIOFRIO,ARO CENTRO TULUA,CANINO,RURAL,NO,DESCONOCIDO,1 VISITA,NO OBSERVABLE,1
2026,2026,1,76616,RIOFRIO,ARO CENTRO TULUA,CANINO,URBANO,NO,DESCONOCIDO,1 VISITA,CALLEJERO,1
2026,2026,1,76616,RIOFRIO,ARO CENTRO TULUA,CANINO,URBANO,NO,DESCONOCIDO,1 VISITA,SIN CLASIFICAR,3
2026,2026,1,76616,RIOFRIO,ARO CENTRO TULUA,CANINO,URBANO,NO,DESCONOCIDO,2 VISITAS,SIN CLASIFICAR,1
2026,2026,1,76616,RIOFRIO,ARO CENTRO TULUA,CANINO,URBANO,NO,NO VACUNADO,1 VISITA,SIN CLASIFICAR,1
2026,2026,1,76616,RIOFRIO,ARO CENTRO TULUA,CANINO,URBANO,NO,VACUNADO,1 VISITA,SIN CLASIFICAR,1
2026,2026,1,76616,RIOFRIO,ARO CENTRO TULUA,CANINO,URBANO,NO,VACUNADO,2 VISITAS,SIN CLASIFICAR,1
2026,2026,1,76616,RIOFRIO,ARO CENTRO TULUA,FELINO,RURAL,NO,DESCONOCIDO,1 VISITA,SIN CLASIFICAR,2
2026,2026,1,76616,RIOFRIO,ARO CENTRO TULUA,FELINO,RURAL,NO,DESCONOCIDO,3 VISITAS FUERA DE 10 DÍAS O CON INCONSISTENCIA,SIN CLASIFICAR,1
2026,2026,1,76616,RIOFRIO,ARO CENTRO TULUA,FELINO,URBANO,NO,DESCONOCIDO,1 VISITA,SIN CLASIFICAR,1
2026,2026,1,76616,RIOFRIO,ARO CENTRO TULUA,OTRO,RURAL,NO,DESCONOCIDO,1 VISITA,SIN CLASIFICAR,1
2026,2026,1,76622,ROLDANILLO,ARO NORTE CARTAGO,CANINO,RURAL,NO,DESCONOCIDO,1 VISITA,NO OBSERVADO,2
2026,2026,1,76622,ROLDANILLO,ARO NORTE CARTAGO,CANINO,RURAL,NO,NO VACUNADO,1 VISITA,OBSERVADO SANO,1
2026,2026,1,76622,ROLDANILLO,ARO NORTE CARTAGO,CANINO,RURAL,NO,VACUNADO,1 VISITA,OBSERVADO SANO,1
2026,2026,1,76622,ROLDANILLO,ARO NORTE CARTAGO,CANINO,URBANO,NO,DESCONOCIDO,1 VISITA,NO OBSERVABLE,9
2026,2026,1,76622,ROLDANILLO,ARO NORTE CARTAGO,CANINO,URBANO,NO,DESCONOCIDO,1 VISITA,NO OBSERVADO,4
2026,2026,1,76622,ROLDANILLO,ARO NORTE CARTAGO,CANINO,URBANO,NO,DESCONOCIDO,1 VISITA,OBSERVADO SANO,2
2026,2026,1,76622,ROLDANILLO,ARO NORTE CARTAGO,CANINO,URBANO,NO,NO VACUNADO,1 VISITA,OBSERVADO SANO,2
2026,2026,1,76622,ROLDANILLO,ARO NORTE CARTAGO,CANINO,URBANO,NO,VACUNADO,1 VISITA,OBSERVADO SANO,1
2026,2026,1,76622,ROLDANILLO,ARO NORTE CARTAGO,CANINO,URBANO,SI,NO VACUNADO,1 VISITA,OBSERVADO SANO,1
2026,2026,1,76622,ROLDANILLO,ARO NORTE CARTAGO,FELINO,RURAL,NO,DESCONOCIDO,1 VISITA,NO OBSERVABLE,1
2026,2026,1,76622,ROLDANILLO,ARO NORTE CARTAGO,FELINO,URBANO,NO,DESCONOCIDO,1 VISITA,NO OBSERVABLE,1
2026,2026,1,76622,ROLDANILLO,ARO NORTE CARTAGO,FELINO,URBANO,NO,DESCONOCIDO,1 VISITA,NO OBSERVADO,1
2026,2026,1,76622,ROLDANILLO,ARO NORTE CARTAGO,FELINO,URBANO,SI,NO VACUNADO,1 VISITA,OBSERVADO SANO,1
2026,2026,1,76622,ROLDANILLO,ARO NORTE CARTAGO,FELINO,URBANO,SI,NO VACUNADO,1 VISITA,PERDIDO O DESAPARECIDO,1
2026,2026,1,76670,SAN PEDRO,ARO CENTRO TULUA,CANINO,URBANO,NO,DESCONOCIDO,1 VISITA,SIN CLASIFICAR,4
2026,2026,1,76670,SAN PEDRO,ARO CENTRO TULUA,CANINO,URBANO,NO,VACUNADO,1 VISITA,SIN CLASIFICAR,1
2026,2026,1,76670,SAN PEDRO,ARO CENTRO TULUA,FELINO,URBANO,SI,DESCONOCIDO,1 VISITA,SIN CLASIFICAR,1
2026,2026,1,76736,SEVILLA,ARO CENTRO TULUA,CANINO,URBANO,NO,DESCONOCIDO,1 VISITA,NO OBSERVABLE,7
2026,2026,1,76736,SEVILLA,ARO CENTRO TULUA,CANINO,URBANO,NO,DESCONOCIDO,1 VISITA,OBSERVADO SANO,1
2026,2026,1,76736,SEVILLA,ARO CENTRO TULUA,CANINO,URBANO,NO,DESCONOCIDO,1 VISITA,SIN CLASIFICAR,2
2026,2026,1,76736,SEVILLA,ARO CENTRO TULUA,CANINO,URBANO,NO,NO VACUNADO,1 VISITA,OBSERVADO SANO,1
2026,2026,1,76736,SEVILLA,ARO CENTRO TULUA,CANINO,URBANO,NO,NO VACUNADO,1 VISITA,SIN CLASIFICAR,1
2026,2026,1,76736,SEVILLA,ARO CENTRO TULUA,CANINO,URBANO,SI,DESCONOCIDO,1 VISITA,NO OBSERVABLE,2
2026,2026,1,76736,SEVILLA,ARO CENTRO TULUA,CANINO,URBANO,SI,VACUNADO,1 VISITA,OBSERVADO SANO,2
2026,2026,1,76736,SEVILLA,ARO CENTRO TULUA,FELINO,URBANO,NO,DESCONOCIDO,1 VISITA,NO OBSERVABLE,2
2026,2026,1,76736,SEVILLA,ARO CENTRO TULUA,OTRO,URBANO,NO,DESCONOCIDO,1 VISITA,SIN CLASIFICAR,1
2026,2026,1,76823,TORO,ARO NORTE CARTAGO,CANINO,URBANO,NO,DESCONOCIDO,1 VISITA,PERDIDO O DESAPARECIDO,2
2026,2026,1,76823,TORO,ARO NORTE CARTAGO,CANINO,URBANO,NO,NO VACUNADO,2 VISITAS,OBSERVADO SANO,1
2026,2026,1,76823,TORO,ARO NORTE CARTAGO,CANINO,URBANO,SI,DESCONOCIDO,1 VISITA,NO OBSERVADO,3
2026,2026,1,76823,TORO,ARO NORTE CARTAGO,CANINO,URBANO,SI,NO VACUNADO,2 VISITAS,SIN CLASIFICAR,1
2026,2026,1,76823,TORO,ARO NORTE CARTAGO,FELINO,URBANO,SI,DESCONOCIDO,1 VISITA,PERDIDO O DESAPARECIDO,1
2026,2026,1,76823,TORO,ARO NORTE CARTAGO,OTRO,URBANO,NO,DESCONOCIDO,1 VISITA,NO OBSERVADO,2
2026,2026,1,76828,TRUJILLO,ARO CENTRO TULUA,CANINO,RURAL,SI,VACUNADO,2 VISITAS,SIN CLASIFICAR,1
2026,2026,1,76828,TRUJILLO,ARO CENTRO TULUA,CANINO,URBANO,NO,DESCONOCIDO,1 VISITA,SIN CLASIFICAR,1
2026,2026,1,76828,TRUJILLO,ARO CENTRO TULUA,CANINO,URBANO,NO,NO VACUNADO,1 VISITA,PERDIDO O DESAPARECIDO,1
2026,2026,1,76828,TRUJILLO,ARO CENTRO TULUA,CANINO,URBANO,NO,VACUNADO,2 VISITAS,SIN CLASIFICAR,1
2026,2026,1,76828,TRUJILLO,ARO CENTRO TULUA,CANINO,URBANO,SI,DESCONOCIDO,1 VISITA,PERDIDO O DESAPARECIDO,1
2026,2026,1,76828,TRUJILLO,ARO CENTRO TULUA,FELINO,URBANO,NO,DESCONOCIDO,1 VISITA,SIN CLASIFICAR,1
2026,2026,1,76828,TRUJILLO,ARO CENTRO TULUA,FELINO,URBANO,NO,DESCONOCIDO,2 VISITAS,NO OBSERVABLE,1
2026,2026,1,76828,TRUJILLO,ARO CENTRO TULUA,FELINO,URBANO,NO,VACUNADO,2 VISITAS,SIN CLASIFICAR,1
2026,2026,1,76845,ULLOA,ARO NORTE CARTAGO,CANINO,URBANO,NO,DESCONOCIDO,1 VISITA,NO OBSERVADO,1
2026,2026,1,76845,ULLOA,ARO NORTE CARTAGO,CANINO,URBANO,NO,DESCONOCIDO,2 VISITAS,OBSERVADO SANO,1
2026,2026,1,76845,ULLOA,ARO NORTE CARTAGO,CANINO,URBANO,SI,DESCONOCIDO,1 VISITA,NO OBSERVADO,2
2026,2026,1,76863,VERSALLES,ARO NORTE CARTAGO,CANINO,RURAL,NO,DESCONOCIDO,1 VISITA,NO OBSERVADO,1
2026,2026,1,76863,VERSALLES,ARO NORTE CARTAGO,CANINO,URBANO,NO,DESCONOCIDO,1 VISITA,NO OBSERVABLE,1
2026,2026,1,76863,VERSALLES,ARO NORTE CARTAGO,CANINO,URBANO,NO,DESCONOCIDO,1 VISITA,NO OBSERVADO,1
2026,2026,1,76863,VERSALLES,ARO NORTE CARTAGO,CANINO,URBANO,SI,DESCONOCIDO,1 VISITA,NO OBSERVADO,1
2026,2026,1,76863,VERSALLES,ARO NORTE CARTAGO,FELINO,RURAL,NO,DESCONOCIDO,1 VISITA,NO OBSERVADO,1
2026,2026,1,76863,VERSALLES,ARO NORTE CARTAGO,FELINO,URBANO,NO,DESCONOCIDO,1 VISITA,NO OBSERVABLE,1
2026,2026,1,76869,VIJES,ARO SUR CALI,CANINO,URBANO,SI,DESCONOCIDO,2 VISITAS,PERDIDO O DESAPARECIDO,1
2026,2026,1,76869,VIJES,ARO SUR CALI,FELINO,RURAL,NO,NO VACUNADO,2 VISITAS,PERDIDO O DESAPARECIDO,1
2026,2026,1,76869,VIJES,ARO SUR CALI,FELINO,URBANO,SI,DESCONOCIDO,1 VISITA,NO OBSERVABLE,1
2026,2026,1,76869,VIJES,ARO SUR CALI,FELINO,URBANO,SI,DESCONOCIDO,2 VISITAS,PERDIDO O DESAPARECIDO,1
2026,2026,1,76890,YOTOCO,ARO CENTRO TULUA,CANINO,RURAL,NO,VACUNADO,1 VISITA,SIN CLASIFICAR,2
2026,2026,1,76890,YOTOCO,ARO CENTRO TULUA,CANINO,URBANO,NO,DESCONOCIDO,1 VISITA,PERDIDO O DESAPARECIDO,3
2026,2026,1,76890,YOTOCO,ARO CENTRO TULUA,CANINO,URBANO,NO,NO VACUNADO,1 VISITA,SIN CLASIFICAR,4
2026,2026,1,76895,ZARZAL,ARO CENTRO TULUA,CANINO,RURAL,NO,DESCONOCIDO,1 VISITA,SIN CLASIFICAR,2
2026,2026,1,76895,ZARZAL,ARO CENTRO TULUA,CANINO,URBANO,NO,DESCONOCIDO,1 VISITA,CALLEJERO,1
2026,2026,1,76895,ZARZAL,ARO CENTRO TULUA,CANINO,URBANO,NO,DESCONOCIDO,1 VISITA,NO OBSERVABLE,4
2026,2026,1,76895,ZARZAL,ARO CENTRO TULUA,CANINO,URBANO,NO,DESCONOCIDO,1 VISITA,OBSERVADO SANO,1
2026,2026,1,76895,ZARZAL,ARO CENTRO TULUA,CANINO,URBANO,NO,DESCONOCIDO,1 VISITA,SIN CLASIFICAR,5
2026,2026,1,76895,ZARZAL,ARO CENTRO TULUA,CANINO,URBANO,NO,DESCONOCIDO,2 VISITAS,NO OBSERVADO,1
2026,2026,1,76895,ZARZAL,ARO CENTRO TULUA,CANINO,URBANO,NO,DESCONOCIDO,2 VISITAS,SIN CLASIFICAR,1
2026,2026,1,76895,ZARZAL,ARO CENTRO TULUA,CANINO,URBANO,NO,NO VACUNADO,1 VISITA,CON SIGNOS REPORTADOS,1
2026,2026,1,76895,ZARZAL,ARO CENTRO TULUA,CANINO,URBANO,NO,VACUNADO,1 VISITA,CON SIGNOS REPORTADOS,2
2026,2026,1,76895,ZARZAL,ARO CENTRO TULUA,CANINO,URBANO,NO,VACUNADO,1 VISITA,OBSERVADO SANO,1
2026,2026,1,76895,ZARZAL,ARO CENTRO TULUA,CANINO,URBANO,NO,VACUNADO,1 VISITA,SIN CLASIFICAR,4
2026,2026,1,76895,ZARZAL,ARO CENTRO TULUA,CANINO,URBANO,SI,VACUNADO,1 VISITA,SIN CLASIFICAR,1
2026,2026,1,76895,ZARZAL,ARO CENTRO TULUA,FELINO,URBANO,NO,DESCONOCIDO,1 VISITA,NO OBSERVABLE,1
2026,2026,1,76895,ZARZAL,ARO CENTRO TULUA,FELINO,URBANO,NO,DESCONOCIDO,1 VISITA,SIN CLASIFICAR,1
2026,2026,12,76036,ANDALUCIA,ARO CENTRO TULUA,OTRO,RURAL,NO,DESCONOCIDO,2 VISITAS,SIN CLASIFICAR,1
2026,2026,2,76001,CALI,ARO SUR CALI,CANINO,URBANO,NO,DESCONOCIDO,1 VISITA,SIN CLASIFICAR,1
2026,2026,2,76020,ALCALA,ARO NORTE CARTAGO,CANINO,RURAL,NO,DESCONOCIDO,1 VISITA,NO OBSERVABLE,2
2026,2026,2,76020,ALCALA,ARO NORTE CARTAGO,CANINO,RURAL,SI,DESCONOCIDO,1 VISITA,OBSERVADO SANO,1
2026,2026,2,76020,ALCALA,ARO NORTE CARTAGO,CANINO,URBANO,NO,DESCONOCIDO,1 VISITA,NO OBSERVABLE,1
2026,2026,2,76020,ALCALA,ARO NORTE CARTAGO,CANINO,URBANO,SI,DESCONOCIDO,1 VISITA,NO OBSERVABLE,4
2026,2026,2,76020,ALCALA,ARO NORTE CARTAGO,FELINO,RURAL,SI,DESCONOCIDO,1 VISITA,OBSERVADO SANO,1
2026,2026,2,76020,ALCALA,ARO NORTE CARTAGO,FELINO,URBANO,NO,DESCONOCIDO,1 VISITA,NO OBSERVADO,1
2026,2026,2,76020,ALCALA,ARO NORTE CARTAGO,FELINO,URBANO,SI,DESCONOCIDO,1 VISITA,NO OBSERVABLE,1
2026,2026,2,76036,ANDALUCIA,ARO CENTRO TULUA,CANINO,RURAL,NO,DESCONOCIDO,1 VISITA,SIN CLASIFICAR,1
2026,2026,2,76036,ANDALUCIA,ARO CENTRO TULUA,CANINO,URBANO,NO,DESCONOCIDO,1 VISITA,SIN CLASIFICAR,3
2026,2026,2,76036,ANDALUCIA,ARO CENTRO TULUA,CANINO,URBANO,NO,DESCONOCIDO,3 VISITAS FUERA DE 10 DÍAS O CON INCONSISTENCIA,SIN CLASIFICAR,1
2026,2026,2,76036,ANDALUCIA,ARO CENTRO TULUA,CANINO,URBANO,NO,VACUNADO,1 VISITA,CON SIGNOS REPORTADOS,1
2026,2026,2,76036,ANDALUCIA,ARO CENTRO TULUA,CANINO,URBANO,SI,DESCONOCIDO,1 VISITA,SIN CLASIFICAR,1
2026,2026,2,76036,ANDALUCIA,ARO CENTRO TULUA,FELINO,URBANO,NO,DESCONOCIDO,CUMPLE,SIN CLASIFICAR,1
2026,2026,2,76036,ANDALUCIA,ARO CENTRO TULUA,FELINO,URBANO,NO,VACUNADO,3 VISITAS FUERA DE 10 DÍAS O CON INCONSISTENCIA,SIN CLASIFICAR,1
2026,2026,2,76041,ANSERMANUEVO,ARO NORTE CARTAGO,CANINO,URBANO,NO,DESCONOCIDO,1 VISITA,NO OBSERVADO,1
2026,2026,2,76041,ANSERMANUEVO,ARO NORTE CARTAGO,CANINO,URBANO,NO,DESCONOCIDO,1 VISITA,SIN CLASIFICAR,2
2026,2026,2,76041,ANSERMANUEVO,ARO NORTE CARTAGO,CANINO,URBANO,NO,DESCONOCIDO,CUMPLE,OBSERVADO SANO,1
2026,2026,2,76041,ANSERMANUEVO,ARO NORTE CARTAGO,CANINO,URBANO,NO,NO VACUNADO,3 VISITAS FUERA DE 10 DÍAS O CON INCONSISTENCIA,OBSERVADO SANO,1
2026,2026,2,76041,ANSERMANUEVO,ARO NORTE CARTAGO,CANINO,URBANO,NO,NO VACUNADO,CUMPLE,OBSERVADO SANO,1
2026,2026,2,76041,ANSERMANUEVO,ARO NORTE CARTAGO,FELINO,URBANO,SI,DESCONOCIDO,1 VISITA,SIN CLASIFICAR,1
2026,2026,2,76054,ARGELIA,ARO NORTE CARTAGO,CANINO,RURAL,SI,DESCONOCIDO,1 VISITA,PERDIDO O DESAPARECIDO,1
2026,2026,2,76054,ARGELIA,ARO NORTE CARTAGO,CANINO,RURAL,SI,VACUNADO,3 VISITAS FUERA DE 10 DÍAS O CON INCONSISTENCIA,OBSERVADO SANO,1
2026,2026,2,76054,ARGELIA,ARO NORTE CARTAGO,CANINO,URBANO,NO,DESCONOCIDO,1 VISITA,NO OBSERVABLE,1
2026,2026,2,76054,ARGELIA,ARO NORTE CARTAGO,CANINO,URBANO,SI,VACUNADO,CUMPLE,CON SIGNOS REPORTADOS,1
2026,2026,2,76100,BOLIVAR,ARO CENTRO TULUA,CANINO,RURAL,NO,DESCONOCIDO,1 VISITA,PERDIDO O DESAPARECIDO,1
2026,2026,2,76100,BOLIVAR,ARO CENTRO TULUA,CANINO,RURAL,NO,VACUNADO,2 VISITAS,SIN CLASIFICAR,1
2026,2026,2,76100,BOLIVAR,ARO CENTRO TULUA,CANINO,RURAL,SI,VACUNADO,2 VISITAS,SIN CLASIFICAR,1
2026,2026,2,76100,BOLIVAR,ARO CENTRO TULUA,CANINO,URBANO,NO,DESCONOCIDO,1 VISITA,PERDIDO O DESAPARECIDO,1
2026,2026,2,76100,BOLIVAR,ARO CENTRO TULUA,CANINO,URBANO,SI,NO VACUNADO,2 VISITAS,SIN CLASIFICAR,1
2026,2026,2,76100,BOLIVAR,ARO CENTRO TULUA,CANINO,URBANO,SI,VACUNADO,2 VISITAS,SIN CLASIFICAR,1
2026,2026,2,76113,BUGALAGRANDE,ARO CENTRO TULUA,CANINO,RURAL,NO,DESCONOCIDO,1 VISITA,SIN CLASIFICAR,4
2026,2026,2,76113,BUGALAGRANDE,ARO CENTRO TULUA,CANINO,URBANO,NO,DESCONOCIDO,1 VISITA,CALLEJERO,1
2026,2026,2,76113,BUGALAGRANDE,ARO CENTRO TULUA,CANINO,URBANO,NO,DESCONOCIDO,1 VISITA,SIN CLASIFICAR,2
2026,2026,2,76113,BUGALAGRANDE,ARO CENTRO TULUA,CANINO,URBANO,SI,VACUNADO,1 VISITA,SIN CLASIFICAR,1
2026,2026,2,76113,BUGALAGRANDE,ARO CENTRO TULUA,FELINO,RURAL,NO,DESCONOCIDO,1 VISITA,SIN CLASIFICAR,1
2026,2026,2,76122,CAICEDONIA,ARO CENTRO TULUA,CANINO,RURAL,NO,DESCONOCIDO,1 VISITA,NO OBSERVABLE,1
2026,2026,2,76122,CAICEDONIA,ARO CENTRO TULUA,CANINO,RURAL,NO,DESCONOCIDO,1 VISITA,OBSERVADO SANO,1
2026,2026,2,76122,CAICEDONIA,ARO CENTRO TULUA,CANINO,RURAL,NO,DESCONOCIDO,2 VISITAS,NO OBSERVABLE,1
2026,2026,2,76122,CAICEDONIA,ARO CENTRO TULUA,CANINO,RURAL,NO,NO VACUNADO,2 VISITAS,OBSERVADO SANO,1
2026,2026,2,76122,CAICEDONIA,ARO CENTRO TULUA,CANINO,RURAL,NO,VACUNADO,2 VISITAS,OBSERVADO SANO,1
2026,2026,2,76122,CAICEDONIA,ARO CENTRO TULUA,CANINO,URBANO,NO,DESCONOCIDO,1 VISITA,CALLEJERO,2
2026,2026,2,76122,CAICEDONIA,ARO CENTRO TULUA,CANINO,URBANO,NO,DESCONOCIDO,1 VISITA,NO OBSERVABLE,7
2026,2026,2,76122,CAICEDONIA,ARO CENTRO TULUA,CANINO,URBANO,NO,VACUNADO,2 VISITAS,OBSERVADO SANO,3
2026,2026,2,76122,CAICEDONIA,ARO CENTRO TULUA,FELINO,RURAL,NO,NO VACUNADO,1 VISITA,NO OBSERVABLE,1
2026,2026,2,76122,CAICEDONIA,ARO CENTRO TULUA,FELINO,URBANO,NO,DESCONOCIDO,1 VISITA,NO OBSERVABLE,1
2026,2026,2,76122,CAICEDONIA,ARO CENTRO TULUA,FELINO,URBANO,NO,NO VACUNADO,1 VISITA,CON SIGNOS REPORTADOS,1
2026,2026,2,76122,CAICEDONIA,ARO CENTRO TULUA,FELINO,URBANO,NO,VACUNADO,2 VISITAS,OBSERVADO SANO,1
2026,2026,2,76126,CALIMA,ARO CENTRO TULUA,CANINO,RURAL,NO,DESCONOCIDO,1 VISITA,SIN CLASIFICAR,7
2026,2026,2,76126,CALIMA,ARO CENTRO TULUA,CANINO,RURAL,NO,VACUNADO,1 VISITA,SIN CLASIFICAR,2
2026,2026,2,76126,CALIMA,ARO CENTRO TULUA,CANINO,RURAL,SI,VACUNADO,1 VISITA,SIN CLASIFICAR,1
2026,2026,2,76126,CALIMA,ARO CENTRO TULUA,CANINO,URBANO,NO,DESCONOCIDO,1 VISITA,SIN CLASIFICAR,5
2026,2026,2,76126,CALIMA,ARO CENTRO TULUA,CANINO,URBANO,NO,NO VACUNADO,1 VISITA,SIN CLASIFICAR,1
2026,2026,2,76126,CALIMA,ARO CENTRO TULUA,FELINO,RURAL,NO,DESCONOCIDO,1 VISITA,SIN CLASIFICAR,1
2026,2026,2,76126,CALIMA,ARO CENTRO TULUA,FELINO,URBANO,NO,DESCONOCIDO,1 VISITA,SIN CLASIFICAR,1
2026,2026,2,76233,DAGUA,ARO SUR CALI,CANINO,RURAL,NO,DESCONOCIDO,1 VISITA,PERDIDO O DESAPARECIDO,12
2026,2026,2,76233,DAGUA,ARO SUR CALI,CANINO,RURAL,NO,DESCONOCIDO,1 VISITA,SIN CLASIFICAR,2
2026,2026,2,76233,DAGUA,ARO SUR CALI,CANINO,RURAL,NO,DESCONOCIDO,2 VISITAS,SIN CLASIFICAR,1
2026,2026,2,76233,DAGUA,ARO SUR CALI,CANINO,RURAL,NO,VACUNADO,2 VISITAS,SIN CLASIFICAR,1
2026,2026,2,76233,DAGUA,ARO SUR CALI,CANINO,RURAL,SI,DESCONOCIDO,1 VISITA,PERDIDO O DESAPARECIDO,3
2026,2026,2,76233,DAGUA,ARO SUR CALI,CANINO,RURAL,SI,DESCONOCIDO,1 VISITA,SIN CLASIFICAR,1
2026,2026,2,76233,DAGUA,ARO SUR CALI,CANINO,URBANO,NO,DESCONOCIDO,1 VISITA,PERDIDO O DESAPARECIDO,3
2026,2026,2,76233,DAGUA,ARO SUR CALI,CANINO,URBANO,NO,DESCONOCIDO,1 VISITA,SIN CLASIFICAR,1
2026,2026,2,76233,DAGUA,ARO SUR CALI,CANINO,URBANO,NO,DESCONOCIDO,2 VISITAS,SIN CLASIFICAR,2
2026,2026,2,76233,DAGUA,ARO SUR CALI,FELINO,URBANO,SI,DESCONOCIDO,1 VISITA,SIN CLASIFICAR,1
2026,2026,2,76243,EL AGUILA,ARO NORTE CARTAGO,CANINO,RURAL,SI,VACUNADO,CUMPLE,OBSERVADO SANO,1
2026,2026,2,76243,EL AGUILA,ARO NORTE CARTAGO,CANINO,URBANO,SI,NO VACUNADO,CUMPLE,OBSERVADO SANO,1
2026,2026,2,76246,EL CAIRO,ARO NORTE CARTAGO,CANINO,URBANO,NO,DESCONOCIDO,3 VISITAS FUERA DE 10 DÍAS O CON INCONSISTENCIA,CALLEJERO,1
2026,2026,2,76246,EL CAIRO,ARO NORTE CARTAGO,CANINO,URBANO,NO,VACUNADO,3 VISITAS FUERA DE 10 DÍAS O CON INCONSISTENCIA,NO OBSERVADO,1
2026,2026,2,76246,EL CAIRO,ARO NORTE CARTAGO,CANINO,URBANO,NO,VACUNADO,CUMPLE,OBSERVADO SANO,1
2026,2026,2,76248,EL CERRITO,ARO SUR CALI,CANINO,RURAL,NO,DESCONOCIDO,1 VISITA,PERDIDO O DESAPARECIDO,1
2026,2026,2,76248,EL CERRITO,ARO SUR CALI,CANINO,URBANO,NO,DESCONOCIDO,1 VISITA,PERDIDO O DESAPARECIDO,3
2026,2026,2,76248,EL CERRITO,ARO SUR CALI,CANINO,URBANO,NO,DESCONOCIDO,2 VISITAS,SIN CLASIFICAR,3
2026,2026,2,76248,EL CERRITO,ARO SUR CALI,CANINO,URBANO,NO,NO VACUNADO,1 VISITA,SIN CLASIFICAR,1
2026,2026,2,76248,EL CERRITO,ARO SUR CALI,CANINO,URBANO,NO,NO VACUNADO,2 VISITAS,SIN CLASIFICAR,1
2026,2026,2,76248,EL CERRITO,ARO SUR CALI,CANINO,URBANO,NO,VACUNADO,2 VISITAS,SIN CLASIFICAR,2
2026,2026,2,76248,EL CERRITO,ARO SUR CALI,CANINO,URBANO,SI,DESCONOCIDO,1 VISITA,PERDIDO O DESAPARECIDO,2
2026,2026,2,76248,EL CERRITO,ARO SUR CALI,FELINO,RURAL,SI,DESCONOCIDO,2 VISITAS,SIN CLASIFICAR,1
2026,2026,2,76248,EL CERRITO,ARO SUR CALI,FELINO,URBANO,NO,NO VACUNADO,2 VISITAS,SIN CLASIFICAR,1
2026,2026,2,76250,EL DOVIO,ARO NORTE CARTAGO,CANINO,RURAL,NO,DESCONOCIDO,1 VISITA,PERDIDO O DESAPARECIDO,1
2026,2026,2,76250,EL DOVIO,ARO NORTE CARTAGO,CANINO,RURAL,NO,VACUNADO,1 VISITA,OBSERVADO SANO,1
2026,2026,2,76250,EL DOVIO,ARO NORTE CARTAGO,CANINO,URBANO,SI,VACUNADO,2 VISITAS,OBSERVADO SANO,1
2026,2026,2,76250,EL DOVIO,ARO NORTE CARTAGO,FELINO,URBANO,SI,DESCONOCIDO,CUMPLE,OBSERVADO SANO,1
2026,2026,2,76275,FLORIDA,ARO SUR CALI,CANINO,RURAL,NO,DESCONOCIDO,2 VISITAS,PERDIDO O DESAPARECIDO,1
2026,2026,2,76275,FLORIDA,ARO SUR CALI,CANINO,RURAL,SI,VACUNADO,2 VISITAS,SIN CLASIFICAR,1
2026,2026,2,76275,FLORIDA,ARO SUR CALI,CANINO,URBANO,NO,DESCONOCIDO,1 VISITA,PERDIDO O DESAPARECIDO,2
2026,2026,2,76275,FLORIDA,ARO SUR CALI,CANINO,URBANO,NO,DESCONOCIDO,1 VISITA,SIN CLASIFICAR,1
2026,2026,2,76275,FLORIDA,ARO SUR CALI,CANINO,URBANO,NO,NO VACUNADO,1 VISITA,CALLEJERO,1
2026,2026,2,76275,FLORIDA,ARO SUR CALI,CANINO,URBANO,NO,NO VACUNADO,2 VISITAS,SIN CLASIFICAR,1
2026,2026,2,76275,FLORIDA,ARO SUR CALI,CANINO,URBANO,NO,VACUNADO,CUMPLE,SIN CLASIFICAR,1
2026,2026,2,76275,FLORIDA,ARO SUR CALI,CANINO,URBANO,SI,DESCONOCIDO,1 VISITA,SIN CLASIFICAR,1
2026,2026,2,76275,FLORIDA,ARO SUR CALI,CANINO,URBANO,SI,DESCONOCIDO,CUMPLE,PERDIDO O DESAPARECIDO,1
2026,2026,2,76275,FLORIDA,ARO SUR CALI,CANINO,URBANO,SI,NO VACUNADO,1 VISITA,SIN CLASIFICAR,1
2026,2026,2,76275,FLORIDA,ARO SUR CALI,CANINO,URBANO,SI,VACUNADO,2 VISITAS,OBSERVADO SANO,1
2026,2026,2,76275,FLORIDA,ARO SUR CALI,FELINO,RURAL,NO,VACUNADO,2 VISITAS,SIN CLASIFICAR,1
2026,2026,2,76275,FLORIDA,ARO SUR CALI,FELINO,URBANO,NO,DESCONOCIDO,1 VISITA,PERDIDO O DESAPARECIDO,2
2026,2026,2,76275,FLORIDA,ARO SUR CALI,FELINO,URBANO,SI,DESCONOCIDO,1 VISITA,PERDIDO O DESAPARECIDO,1
2026,2026,2,76306,GINEBRA,ARO SUR CALI,CANINO,RURAL,NO,DESCONOCIDO,1 VISITA,PERDIDO O DESAPARECIDO,1
2026,2026,2,76306,GINEBRA,ARO SUR CALI,CANINO,RURAL,NO,DESCONOCIDO,2 VISITAS,SIN CLASIFICAR,4
2026,2026,2,76306,GINEBRA,ARO SUR CALI,CANINO,RURAL,NO,NO VACUNADO,1 VISITA,PERDIDO O DESAPARECIDO,1
2026,2026,2,76306,GINEBRA,ARO SUR CALI,CANINO,RURAL,NO,VACUNADO,2 VISITAS,SIN CLASIFICAR,1
2026,2026,2,76306,GINEBRA,ARO SUR CALI,CANINO,RURAL,SI,NO VACUNADO,2 VISITAS,SIN CLASIFICAR,1
2026,2026,2,76306,GINEBRA,ARO SUR CALI,CANINO,URBANO,NO,DESCONOCIDO,1 VISITA,PERDIDO O DESAPARECIDO,2
2026,2026,2,76306,GINEBRA,ARO SUR CALI,CANINO,URBANO,NO,DESCONOCIDO,2 VISITAS,CALLEJERO,1
2026,2026,2,76306,GINEBRA,ARO SUR CALI,CANINO,URBANO,NO,DESCONOCIDO,2 VISITAS,SIN CLASIFICAR,1
2026,2026,2,76306,GINEBRA,ARO SUR CALI,CANINO,URBANO,NO,NO VACUNADO,2 VISITAS,SIN CLASIFICAR,1
2026,2026,2,76306,GINEBRA,ARO SUR CALI,CANINO,URBANO,SI,DESCONOCIDO,1 VISITA,PERDIDO O DESAPARECIDO,1
2026,2026,2,76306,GINEBRA,ARO SUR CALI,FELINO,URBANO,NO,DESCONOCIDO,1 VISITA,PERDIDO O DESAPARECIDO,2
2026,2026,2,76306,GINEBRA,ARO SUR CALI,FELINO,URBANO,NO,VACUNADO,2 VISITAS,SIN CLASIFICAR,1
2026,2026,2,76318,GUACARI,ARO SUR CALI,CANINO,RURAL,NO,DESCONOCIDO,1 VISITA,PERDIDO O DESAPARECIDO,2
2026,2026,2,76318,GUACARI,ARO SUR CALI,CANINO,RURAL,NO,NO VACUNADO,1 VISITA,PERDIDO O DESAPARECIDO,1
2026,2026,2,76318,GUACARI,ARO SUR CALI,CANINO,RURAL,SI,DESCONOCIDO,3 VISITAS FUERA DE 10 DÍAS O CON INCONSISTENCIA,SIN CLASIFICAR,2
2026,2026,2,76318,GUACARI,ARO SUR CALI,CANINO,URBANO,NO,DESCONOCIDO,1 VISITA,OBSERVADO SANO,2
2026,2026,2,76318,GUACARI,ARO SUR CALI,CANINO,URBANO,NO,DESCONOCIDO,1 VISITA,PERDIDO O DESAPARECIDO,1
2026,2026,2,76318,GUACARI,ARO SUR CALI,CANINO,URBANO,NO,DESCONOCIDO,1 VISITA,SIN CLASIFICAR,1
2026,2026,2,76318,GUACARI,ARO SUR CALI,CANINO,URBANO,NO,DESCONOCIDO,3 VISITAS FUERA DE 10 DÍAS O CON INCONSISTENCIA,SIN CLASIFICAR,1
2026,2026,2,76318,GUACARI,ARO SUR CALI,CANINO,URBANO,SI,DESCONOCIDO,1 VISITA,PERDIDO O DESAPARECIDO,2
2026,2026,2,76318,GUACARI,ARO SUR CALI,FELINO,RURAL,SI,DESCONOCIDO,1 VISITA,SIN CLASIFICAR,1
2026,2026,2,76318,GUACARI,ARO SUR CALI,FELINO,URBANO,SI,DESCONOCIDO,2 VISITAS,SIN CLASIFICAR,1
2026,2026,2,76318,GUACARI,ARO SUR CALI,OTRO,RURAL,NO,DESCONOCIDO,2 VISITAS,SIN CLASIFICAR,1
2026,2026,2,76377,LA CUMBRE,ARO SUR CALI,CANINO,RURAL,NO,DESCONOCIDO,1 VISITA,SIN CLASIFICAR,3
2026,2026,2,76377,LA CUMBRE,ARO SUR CALI,CANINO,RURAL,NO,DESCONOCIDO,2 VISITAS,SIN CLASIFICAR,2
2026,2026,2,76377,LA CUMBRE,ARO SUR CALI,CANINO,URBANO,NO,DESCONOCIDO,1 VISITA,PERDIDO O DESAPARECIDO,4
2026,2026,2,76377,LA CUMBRE,ARO SUR CALI,CANINO,URBANO,NO,DESCONOCIDO,1 VISITA,SIN CLASIFICAR,2
2026,2026,2,76377,LA CUMBRE,ARO SUR CALI,CANINO,URBANO,NO,DESCONOCIDO,2 VISITAS,SIN CLASIFICAR,1
2026,2026,2,76377,LA CUMBRE,ARO SUR CALI,FELINO,RURAL,NO,DESCONOCIDO,2 VISITAS,SIN CLASIFICAR,1
2026,2026,2,76377,LA CUMBRE,ARO SUR CALI,FELINO,URBANO,SI,DESCONOCIDO,1 VISITA,PERDIDO O DESAPARECIDO,1
2026,2026,2,76400,LA UNION,ARO NORTE CARTAGO,CANINO,URBANO,NO,DESCONOCIDO,1 VISITA,NO OBSERVABLE,3
2026,2026,2,76400,LA UNION,ARO NORTE CARTAGO,CANINO,URBANO,NO,DESCONOCIDO,1 VISITA,NO OBSERVADO,1
2026,2026,2,76400,LA UNION,ARO NORTE CARTAGO,CANINO,URBANO,NO,DESCONOCIDO,2 VISITAS,NO OBSERVABLE,1
2026,2026,2,76400,LA UNION,ARO NORTE CARTAGO,CANINO,URBANO,NO,NO VACUNADO,CUMPLE,OBSERVADO SANO,1
2026,2026,2,76400,LA UNION,ARO NORTE CARTAGO,CANINO,URBANO,SI,NO VACUNADO,CUMPLE,OBSERVADO SANO,1
2026,2026,2,76400,LA UNION,ARO NORTE CARTAGO,CANINO,URBANO,SI,VACUNADO,CUMPLE,NO OBSERVABLE,1
2026,2026,2,76400,LA UNION,ARO NORTE CARTAGO,FELINO,URBANO,NO,DESCONOCIDO,1 VISITA,NO OBSERVABLE,1
2026,2026,2,76400,LA UNION,ARO NORTE CARTAGO,FELINO,URBANO,NO,DESCONOCIDO,CUMPLE,NO OBSERVABLE,1
2026,2026,2,76400,LA UNION,ARO NORTE CARTAGO,FELINO,URBANO,SI,DESCONOCIDO,1 VISITA,NO OBSERVABLE,1
2026,2026,2,76400,LA UNION,ARO NORTE CARTAGO,FELINO,URBANO,SI,NO VACUNADO,CUMPLE,NO OBSERVABLE,1
2026,2026,2,76400,LA UNION,ARO NORTE CARTAGO,OTRO,URBANO,NO,DESCONOCIDO,1 VISITA,NO OBSERVABLE,2
2026,2026,2,76403,LA VICTORIA,ARO NORTE CARTAGO,CANINO,RURAL,NO,DESCONOCIDO,2 VISITAS,OBSERVADO SANO,1
2026,2026,2,76403,LA VICTORIA,ARO NORTE CARTAGO,CANINO,URBANO,NO,DESCONOCIDO,1 VISITA,OBSERVADO SANO,1
2026,2026,2,76403,LA VICTORIA,ARO NORTE CARTAGO,CANINO,URBANO,NO,VACUNADO,2 VISITAS,OBSERVADO SANO,1
2026,2026,2,76403,LA VICTORIA,ARO NORTE CARTAGO,CANINO,URBANO,SI,VACUNADO,CUMPLE,OBSERVADO SANO,1
2026,2026,2,76497,OBANDO,ARO NORTE CARTAGO,CANINO,RURAL,SI,DESCONOCIDO,1 VISITA,NO OBSERVABLE,1
2026,2026,2,76497,OBANDO,ARO NORTE CARTAGO,CANINO,URBANO,NO,DESCONOCIDO,1 VISITA,NO OBSERVADO,1
2026,2026,2,76497,OBANDO,ARO NORTE CARTAGO,CANINO,URBANO,NO,NO VACUNADO,CUMPLE,OBSERVADO SANO,2
2026,2026,2,76497,OBANDO,ARO NORTE CARTAGO,SIN DATO,URBANO,NO,DESCONOCIDO,2 VISITAS,OBSERVADO SANO,1
2026,2026,2,76563,PRADERA,ARO SUR CALI,CANINO,RURAL,NO,DESCONOCIDO,1 VISITA,PERDIDO O DESAPARECIDO,1
2026,2026,2,76563,PRADERA,ARO SUR CALI,CANINO,URBANO,NO,DESCONOCIDO,1 VISITA,PERDIDO O DESAPARECIDO,11
2026,2026,2,76563,PRADERA,ARO SUR CALI,CANINO,URBANO,NO,DESCONOCIDO,2 VISITAS,PERDIDO O DESAPARECIDO,1
2026,2026,2,76563,PRADERA,ARO SUR CALI,CANINO,URBANO,NO,VACUNADO,1 VISITA,OBSERVADO SANO,1
2026,2026,2,76563,PRADERA,ARO SUR CALI,CANINO,URBANO,NO,VACUNADO,1 VISITA,SIN CLASIFICAR,1
2026,2026,2,76563,PRADERA,ARO SUR CALI,FELINO,RURAL,NO,DESCONOCIDO,1 VISITA,PERDIDO O DESAPARECIDO,1
2026,2026,2,76563,PRADERA,ARO SUR CALI,FELINO,URBANO,NO,DESCONOCIDO,1 VISITA,PERDIDO O DESAPARECIDO,2
2026,2026,2,76563,PRADERA,ARO SUR CALI,FELINO,URBANO,NO,NO VACUNADO,2 VISITAS,MUERTO,1
2026,2026,2,76563,PRADERA,ARO SUR CALI,FELINO,URBANO,NO,VACUNADO,2 VISITAS,OBSERVADO SANO,1
2026,2026,2,76606,RESTREPO,ARO CENTRO TULUA,CANINO,RURAL,NO,DESCONOCIDO,1 VISITA,PERDIDO O DESAPARECIDO,6
2026,2026,2,76606,RESTREPO,ARO CENTRO TULUA,CANINO,RURAL,NO,VACUNADO,1 VISITA,SIN CLASIFICAR,1
2026,2026,2,76606,RESTREPO,ARO CENTRO TULUA,CANINO,RURAL,SI,VACUNADO,1 VISITA,SIN CLASIFICAR,1
2026,2026,2,76606,RESTREPO,ARO CENTRO TULUA,CANINO,URBANO,NO,DESCONOCIDO,1 VISITA,NO OBSERVABLE,1
2026,2026,2,76606,RESTREPO,ARO CENTRO TULUA,CANINO,URBANO,NO,DESCONOCIDO,1 VISITA,PERDIDO O DESAPARECIDO,4
2026,2026,2,76606,RESTREPO,ARO CENTRO TULUA,CANINO,URBANO,NO,NO VACUNADO,1 VISITA,SIN CLASIFICAR,3
2026,2026,2,76606,RESTREPO,ARO CENTRO TULUA,CANINO,URBANO,NO,VACUNADO,1 VISITA,SIN CLASIFICAR,1
2026,2026,2,76606,RESTREPO,ARO CENTRO TULUA,FELINO,RURAL,NO,NO VACUNADO,1 VISITA,PERDIDO O DESAPARECIDO,1
2026,2026,2,76606,RESTREPO,ARO CENTRO TULUA,FELINO,URBANO,NO,DESCONOCIDO,1 VISITA,PERDIDO O DESAPARECIDO,2
2026,2026,2,76606,RESTREPO,ARO CENTRO TULUA,FELINO,URBANO,NO,NO VACUNADO,1 VISITA,SIN CLASIFICAR,1
2026,2026,2,76616,RIOFRIO,ARO CENTRO TULUA,CANINO,RURAL,NO,VACUNADO,3 VISITAS FUERA DE 10 DÍAS O CON INCONSISTENCIA,SIN CLASIFICAR,1
2026,2026,2,76616,RIOFRIO,ARO CENTRO TULUA,CANINO,RURAL,SI,NO VACUNADO,1 VISITA,SIN CLASIFICAR,1
2026,2026,2,76616,RIOFRIO,ARO CENTRO TULUA,CANINO,URBANO,NO,DESCONOCIDO,1 VISITA,SIN CLASIFICAR,4
2026,2026,2,76616,RIOFRIO,ARO CENTRO TULUA,CANINO,URBANO,NO,VACUNADO,3 VISITAS FUERA DE 10 DÍAS O CON INCONSISTENCIA,SIN CLASIFICAR,1
2026,2026,2,76616,RIOFRIO,ARO CENTRO TULUA,FELINO,URBANO,SI,VACUNADO,CUMPLE,SIN CLASIFICAR,1
2026,2026,2,76622,ROLDANILLO,ARO NORTE CARTAGO,CANINO,RURAL,NO,DESCONOCIDO,1 VISITA,NO OBSERVABLE,1
2026,2026,2,76622,ROLDANILLO,ARO NORTE CARTAGO,CANINO,RURAL,NO,DESCONOCIDO,1 VISITA,NO OBSERVADO,1
2026,2026,2,76622,ROLDANILLO,ARO NORTE CARTAGO,CANINO,URBANO,NO,DESCONOCIDO,1 VISITA,NO OBSERVABLE,7
2026,2026,2,76622,ROLDANILLO,ARO NORTE CARTAGO,CANINO,URBANO,NO,DESCONOCIDO,1 VISITA,NO OBSERVADO,3
2026,2026,2,76622,ROLDANILLO,ARO NORTE CARTAGO,CANINO,URBANO,NO,VACUNADO,1 VISITA,SIN CLASIFICAR,1
2026,2026,2,76622,ROLDANILLO,ARO NORTE CARTAGO,CANINO,URBANO,SI,DESCONOCIDO,1 VISITA,NO OBSERVABLE,2
2026,2026,2,76622,ROLDANILLO,ARO NORTE CARTAGO,CANINO,URBANO,SI,VACUNADO,1 VISITA,OBSERVADO SANO,2
2026,2026,2,76622,ROLDANILLO,ARO NORTE CARTAGO,FELINO,URBANO,NO,DESCONOCIDO,1 VISITA,NO OBSERVABLE,1
2026,2026,2,76622,ROLDANILLO,ARO NORTE CARTAGO,FELINO,URBANO,NO,DESCONOCIDO,1 VISITA,NO OBSERVADO,1
2026,2026,2,76622,ROLDANILLO,ARO NORTE CARTAGO,FELINO,URBANO,SI,DESCONOCIDO,1 VISITA,OBSERVADO SANO,1
2026,2026,2,76670,SAN PEDRO,ARO CENTRO TULUA,CANINO,RURAL,NO,DESCONOCIDO,1 VISITA,SIN CLASIFICAR,1
2026,2026,2,76670,SAN PEDRO,ARO CENTRO TULUA,CANINO,RURAL,SI,VACUNADO,1 VISITA,SIN CLASIFICAR,1
2026,2026,2,76670,SAN PEDRO,ARO CENTRO TULUA,CANINO,URBANO,NO,DESCONOCIDO,1 VISITA,SIN CLASIFICAR,2
2026,2026,2,76670,SAN PEDRO,ARO CENTRO TULUA,CANINO,URBANO,NO,VACUNADO,1 VISITA,SIN CLASIFICAR,1
2026,2026,2,76736,SEVILLA,ARO CENTRO TULUA,CANINO,RURAL,NO,DESCONOCIDO,1 VISITA,OBSERVADO SANO,1
2026,2026,2,76736,SEVILLA,ARO CENTRO TULUA,CANINO,RURAL,NO,DESCONOCIDO,1 VISITA,SIN CLASIFICAR,1
2026,2026,2,76736,SEVILLA,ARO CENTRO TULUA,CANINO,RURAL,NO,VACUNADO,1 VISITA,OBSERVADO SANO,1
2026,2026,2,76736,SEVILLA,ARO CENTRO TULUA,CANINO,RURAL,NO,VACUNADO,1 VISITA,SIN CLASIFICAR,1
2026,2026,2,76736,SEVILLA,ARO CENTRO TULUA,CANINO,RURAL,SI,DESCONOCIDO,2 VISITAS,SIN CLASIFICAR,1
2026,2026,2,76736,SEVILLA,ARO CENTRO TULUA,CANINO,URBANO,NO,DESCONOCIDO,1 VISITA,CALLEJERO,4
2026,2026,2,76736,SEVILLA,ARO CENTRO TULUA,CANINO,URBANO,NO,DESCONOCIDO,1 VISITA,NO OBSERVABLE,3
2026,2026,2,76736,SEVILLA,ARO CENTRO TULUA,CANINO,URBANO,NO,DESCONOCIDO,1 VISITA,SIN CLASIFICAR,2
2026,2026,2,76736,SEVILLA,ARO CENTRO TULUA,CANINO,URBANO,NO,VACUNADO,2 VISITAS,NO OBSERVABLE,1
2026,2026,2,76736,SEVILLA,ARO CENTRO TULUA,FELINO,RURAL,NO,VACUNADO,1 VISITA,SIN CLASIFICAR,1
2026,2026,2,76736,SEVILLA,ARO CENTRO TULUA,FELINO,RURAL,SI,DESCONOCIDO,1 VISITA,CALLEJERO,1
2026,2026,2,76736,SEVILLA,ARO CENTRO TULUA,FELINO,URBANO,NO,DESCONOCIDO,2 VISITAS,OBSERVADO SANO,2
2026,2026,2,76823,TORO,ARO NORTE CARTAGO,CANINO,RURAL,NO,NO VACUNADO,2 VISITAS,OBSERVADO SANO,1
2026,2026,2,76823,TORO,ARO NORTE CARTAGO,CANINO,RURAL,SI,VACUNADO,3 VISITAS FUERA DE 10 DÍAS O CON INCONSISTENCIA,SIN CLASIFICAR,1
2026,2026,2,76823,TORO,ARO NORTE CARTAGO,CANINO,URBANO,NO,DESCONOCIDO,1 VISITA,NO OBSERVABLE,2
2026,2026,2,76823,TORO,ARO NORTE CARTAGO,CANINO,URBANO,NO,VACUNADO,2 VISITAS,SIN CLASIFICAR,1
2026,2026,2,76823,TORO,ARO NORTE CARTAGO,CANINO,URBANO,SI,DESCONOCIDO,1 VISITA,NO OBSERVABLE,1
2026,2026,2,76823,TORO,ARO NORTE CARTAGO,CANINO,URBANO,SI,DESCONOCIDO,1 VISITA,NO OBSERVADO,1
2026,2026,2,76828,TRUJILLO,ARO CENTRO TULUA,CANINO,RURAL,NO,NO VACUNADO,2 VISITAS,SIN CLASIFICAR,3
2026,2026,2,76828,TRUJILLO,ARO CENTRO TULUA,CANINO,URBANO,NO,DESCONOCIDO,1 VISITA,PERDIDO O DESAPARECIDO,1
2026,2026,2,76828,TRUJILLO,ARO CENTRO TULUA,CANINO,URBANO,SI,DESCONOCIDO,1 VISITA,PERDIDO O DESAPARECIDO,1
2026,2026,2,76828,TRUJILLO,ARO CENTRO TULUA,FELINO,RURAL,SI,DESCONOCIDO,1 VISITA,SIN CLASIFICAR,1
2026,2026,2,76828,TRUJILLO,ARO CENTRO TULUA,FELINO,URBANO,SI,VACUNADO,2 VISITAS,SIN CLASIFICAR,1
2026,2026,2,76845,ULLOA,ARO NORTE CARTAGO,CANINO,RURAL,NO,VACUNADO,2 VISITAS,OBSERVADO SANO,1
2026,2026,2,76845,ULLOA,ARO NORTE CARTAGO,CANINO,RURAL,SI,DESCONOCIDO,1 VISITA,NO OBSERVADO,1
2026,2026,2,76845,ULLOA,ARO NORTE CARTAGO,CANINO,URBANO,NO,DESCONOCIDO,1 VISITA,NO OBSERVABLE,1
2026,2026,2,76863,VERSALLES,ARO NORTE CARTAGO,CANINO,RURAL,NO,DESCONOCIDO,1 VISITA,NO OBSERVADO,1
2026,2026,2,76863,VERSALLES,ARO NORTE CARTAGO,CANINO,RURAL,SI,NO VACUNADO,2 VISITAS,OBSERVADO SANO,1
2026,2026,2,76869,VIJES,ARO SUR CALI,CANINO,RURAL,NO,DESCONOCIDO,1 VISITA,PERDIDO O DESAPARECIDO,1
2026,2026,2,76869,VIJES,ARO SUR CALI,CANINO,RURAL,NO,DESCONOCIDO,CUMPLE,CON SIGNOS REPORTADOS,1
2026,2026,2,76869,VIJES,ARO SUR CALI,CANINO,URBANO,SI,DESCONOCIDO,1 VISITA,CON SIGNOS REPORTADOS,1
2026,2026,2,76869,VIJES,ARO SUR CALI,CANINO,URBANO,SI,DESCONOCIDO,1 VISITA,PERDIDO O DESAPARECIDO,1
2026,2026,2,76869,VIJES,ARO SUR CALI,FELINO,URBANO,NO,DESCONOCIDO,1 VISITA,CON SIGNOS REPORTADOS,1
2026,2026,2,76890,YOTOCO,ARO CENTRO TULUA,CANINO,RURAL,NO,DESCONOCIDO,1 VISITA,SIN CLASIFICAR,1
2026,2026,2,76890,YOTOCO,ARO CENTRO TULUA,CANINO,RURAL,NO,NO VACUNADO,1 VISITA,SIN CLASIFICAR,1
2026,2026,2,76890,YOTOCO,ARO CENTRO TULUA,CANINO,URBANO,NO,DESCONOCIDO,1 VISITA,NO OBSERVABLE,1
2026,2026,2,76890,YOTOCO,ARO CENTRO TULUA,CANINO,URBANO,NO,DESCONOCIDO,1 VISITA,PERDIDO O DESAPARECIDO,2
2026,2026,2,76890,YOTOCO,ARO CENTRO TULUA,CANINO,URBANO,NO,DESCONOCIDO,1 VISITA,SIN CLASIFICAR,1
2026,2026,2,76890,YOTOCO,ARO CENTRO TULUA,CANINO,URBANO,NO,NO VACUNADO,1 VISITA,SIN CLASIFICAR,1
2026,2026,2,76890,YOTOCO,ARO CENTRO TULUA,CANINO,URBANO,NO,VACUNADO,1 VISITA,SIN CLASIFICAR,4
2026,2026,2,76890,YOTOCO,ARO CENTRO TULUA,FELINO,URBANO,NO,NO VACUNADO,1 VISITA,SIN CLASIFICAR,1
2026,2026,2,76895,ZARZAL,ARO CENTRO TULUA,CANINO,RURAL,NO,DESCONOCIDO,1 VISITA,SIN CLASIFICAR,1
2026,2026,2,76895,ZARZAL,ARO CENTRO TULUA,CANINO,RURAL,NO,VACUNADO,1 VISITA,SIN CLASIFICAR,1
2026,2026,2,76895,ZARZAL,ARO CENTRO TULUA,CANINO,RURAL,SI,DESCONOCIDO,1 VISITA,SIN CLASIFICAR,1
2026,2026,2,76895,ZARZAL,ARO CENTRO TULUA,CANINO,URBANO,NO,DESCONOCIDO,1 VISITA,CALLEJERO,7
2026,2026,2,76895,ZARZAL,ARO CENTRO TULUA,CANINO,URBANO,NO,DESCONOCIDO,1 VISITA,SIN CLASIFICAR,12
2026,2026,2,76895,ZARZAL,ARO CENTRO TULUA,CANINO,URBANO,NO,NO VACUNADO,1 VISITA,SIN CLASIFICAR,1
2026,2026,2,76895,ZARZAL,ARO CENTRO TULUA,CANINO,URBANO,NO,VACUNADO,1 VISITA,SIN CLASIFICAR,3
2026,2026,2,76895,ZARZAL,ARO CENTRO TULUA,CANINO,URBANO,SI,DESCONOCIDO,1 VISITA,SIN CLASIFICAR,1
2026,2026,2,76895,ZARZAL,ARO CENTRO TULUA,FELINO,URBANO,NO,DESCONOCIDO,1 VISITA,CALLEJERO,1
2026,2026,2,76895,ZARZAL,ARO CENTRO TULUA,FELINO,URBANO,NO,NO VACUNADO,1 VISITA,SIN CLASIFICAR,1
2026,2026,2,76895,ZARZAL,ARO CENTRO TULUA,FELINO,URBANO,NO,VACUNADO,2 VISITAS,SIN CLASIFICAR,1
2026,2026,2,76895,ZARZAL,ARO CENTRO TULUA,FELINO,URBANO,SI,DESCONOCIDO,1 VISITA,CALLEJERO,1
2026,2026,2,76895,ZARZAL,ARO CENTRO TULUA,FELINO,URBANO,SI,VACUNADO,1 VISITA,CALLEJERO,1
2026,2026,3,76020,ALCALA,ARO NORTE CARTAGO,CANINO,RURAL,SI,VACUNADO,2 VISITAS,OBSERVADO SANO,1
2026,2026,3,76020,ALCALA,ARO NORTE CARTAGO,CANINO,URBANO,NO,DESCONOCIDO,1 VISITA,NO OBSERVABLE,1
2026,2026,3,76020,ALCALA,ARO NORTE CARTAGO,CANINO,URBANO,NO,DESCONOCIDO,1 VISITA,NO OBSERVADO,1
2026,2026,3,76020,ALCALA,ARO NORTE CARTAGO,CANINO,URBANO,NO,DESCONOCIDO,1 VISITA,OBSERVADO SANO,1
2026,2026,3,76020,ALCALA,ARO NORTE CARTAGO,CANINO,URBANO,NO,DESCONOCIDO,2 VISITAS,NO OBSERVABLE,1
2026,2026,3,76020,ALCALA,ARO NORTE CARTAGO,CANINO,URBANO,NO,DESCONOCIDO,2 VISITAS,OBSERVADO SANO,1
2026,2026,3,76020,ALCALA,ARO NORTE CARTAGO,CANINO,URBANO,SI,DESCONOCIDO,1 VISITA,NO OBSERVABLE,1
2026,2026,3,76020,ALCALA,ARO NORTE CARTAGO,FELINO,URBANO,SI,DESCONOCIDO,2 VISITAS,NO OBSERVABLE,2
2026,2026,3,76036,ANDALUCIA,ARO CENTRO TULUA,CANINO,RURAL,NO,DESCONOCIDO,1 VISITA,CALLEJERO,1
2026,2026,3,76036,ANDALUCIA,ARO CENTRO TULUA,CANINO,RURAL,NO,DESCONOCIDO,3 VISITAS FUERA DE 10 DÍAS O CON INCONSISTENCIA,SIN CLASIFICAR,1
2026,2026,3,76036,ANDALUCIA,ARO CENTRO TULUA,CANINO,URBANO,NO,DESCONOCIDO,1 VISITA,NO OBSERVABLE,2
2026,2026,3,76036,ANDALUCIA,ARO CENTRO TULUA,CANINO,URBANO,NO,DESCONOCIDO,1 VISITA,SIN CLASIFICAR,2
2026,2026,3,76036,ANDALUCIA,ARO CENTRO TULUA,CANINO,URBANO,NO,DESCONOCIDO,CUMPLE,SIN CLASIFICAR,1
2026,2026,3,76036,ANDALUCIA,ARO CENTRO TULUA,CANINO,URBANO,NO,NO VACUNADO,1 VISITA,SIN CLASIFICAR,1
2026,2026,3,76036,ANDALUCIA,ARO CENTRO TULUA,CANINO,URBANO,NO,VACUNADO,1 VISITA,SIN CLASIFICAR,1
2026,2026,3,76036,ANDALUCIA,ARO CENTRO TULUA,CANINO,URBANO,NO,VACUNADO,CUMPLE,SIN CLASIFICAR,1
2026,2026,3,76036,ANDALUCIA,ARO CENTRO TULUA,FELINO,URBANO,NO,DESCONOCIDO,1 VISITA,CALLEJERO,1
2026,2026,3,76036,ANDALUCIA,ARO CENTRO TULUA,FELINO,URBANO,NO,DESCONOCIDO,1 VISITA,SIN CLASIFICAR,1
2026,2026,3,76041,ANSERMANUEVO,ARO NORTE CARTAGO,CANINO,RURAL,NO,VACUNADO,3 VISITAS FUERA DE 10 DÍAS O CON INCONSISTENCIA,SIN CLASIFICAR,1
2026,2026,3,76041,ANSERMANUEVO,ARO NORTE CARTAGO,CANINO,URBANO,NO,DESCONOCIDO,1 VISITA,NO OBSERVADO,1
2026,2026,3,76041,ANSERMANUEVO,ARO NORTE CARTAGO,CANINO,URBANO,NO,DESCONOCIDO,1 VISITA,SIN CLASIFICAR,1
2026,2026,3,76041,ANSERMANUEVO,ARO NORTE CARTAGO,CANINO,URBANO,NO,DESCONOCIDO,2 VISITAS,NO OBSERVABLE,1
2026,2026,3,76041,ANSERMANUEVO,ARO NORTE CARTAGO,CANINO,URBANO,NO,NO VACUNADO,3 VISITAS FUERA DE 10 DÍAS O CON INCONSISTENCIA,SIN CLASIFICAR,1
2026,2026,3,76041,ANSERMANUEVO,ARO NORTE CARTAGO,CANINO,URBANO,NO,NO VACUNADO,CUMPLE,SIN CLASIFICAR,1
2026,2026,3,76041,ANSERMANUEVO,ARO NORTE CARTAGO,CANINO,URBANO,SI,NO VACUNADO,3 VISITAS FUERA DE 10 DÍAS O CON INCONSISTENCIA,OBSERVADO SANO,1
2026,2026,3,76041,ANSERMANUEVO,ARO NORTE CARTAGO,OTRO,RURAL,NO,DESCONOCIDO,1 VISITA,SIN CLASIFICAR,1
2026,2026,3,76054,ARGELIA,ARO NORTE CARTAGO,CANINO,URBANO,SI,DESCONOCIDO,1 VISITA,NO OBSERVABLE,1
2026,2026,3,76054,ARGELIA,ARO NORTE CARTAGO,CANINO,URBANO,SI,VACUNADO,3 VISITAS FUERA DE 10 DÍAS O CON INCONSISTENCIA,SIN CLASIFICAR,2
2026,2026,3,76100,BOLIVAR,ARO CENTRO TULUA,CANINO,RURAL,NO,NO VACUNADO,2 VISITAS,SIN CLASIFICAR,1
2026,2026,3,76100,BOLIVAR,ARO CENTRO TULUA,CANINO,RURAL,NO,VACUNADO,2 VISITAS,SIN CLASIFICAR,1
2026,2026,3,76100,BOLIVAR,ARO CENTRO TULUA,CANINO,URBANO,NO,VACUNADO,2 VISITAS,SIN CLASIFICAR,2
2026,2026,3,76100,BOLIVAR,ARO CENTRO TULUA,CANINO,URBANO,SI,VACUNADO,2 VISITAS,SIN CLASIFICAR,1
2026,2026,3,76100,BOLIVAR,ARO CENTRO TULUA,FELINO,RURAL,SI,DESCONOCIDO,1 VISITA,PERDIDO O DESAPARECIDO,1
2026,2026,3,76113,BUGALAGRANDE,ARO CENTRO TULUA,CANINO,RURAL,NO,DESCONOCIDO,1 VISITA,CALLEJERO,1
2026,2026,3,76113,BUGALAGRANDE,ARO CENTRO TULUA,CANINO,RURAL,NO,DESCONOCIDO,1 VISITA,SIN CLASIFICAR,1
2026,2026,3,76113,BUGALAGRANDE,ARO CENTRO TULUA,CANINO,RURAL,NO,VACUNADO,1 VISITA,SIN CLASIFICAR,2
2026,2026,3,76113,BUGALAGRANDE,ARO CENTRO TULUA,CANINO,RURAL,SI,DESCONOCIDO,1 VISITA,SIN CLASIFICAR,1
2026,2026,3,76113,BUGALAGRANDE,ARO CENTRO TULUA,CANINO,URBANO,NO,DESCONOCIDO,1 VISITA,CALLEJERO,1
2026,2026,3,76113,BUGALAGRANDE,ARO CENTRO TULUA,CANINO,URBANO,NO,DESCONOCIDO,1 VISITA,SIN CLASIFICAR,2
2026,2026,3,76113,BUGALAGRANDE,ARO CENTRO TULUA,CANINO,URBANO,NO,VACUNADO,1 VISITA,SIN CLASIFICAR,1
2026,2026,3,76113,BUGALAGRANDE,ARO CENTRO TULUA,CANINO,URBANO,NO,VACUNADO,2 VISITAS,SIN CLASIFICAR,1
2026,2026,3,76113,BUGALAGRANDE,ARO CENTRO TULUA,FELINO,RURAL,NO,DESCONOCIDO,1 VISITA,SIN CLASIFICAR,1
2026,2026,3,76113,BUGALAGRANDE,ARO CENTRO TULUA,FELINO,URBANO,NO,NO VACUNADO,2 VISITAS,SIN CLASIFICAR,1
2026,2026,3,76122,CAICEDONIA,ARO CENTRO TULUA,CANINO,RURAL,NO,DESCONOCIDO,1 VISITA,CALLEJERO,1
2026,2026,3,76122,CAICEDONIA,ARO CENTRO TULUA,CANINO,RURAL,NO,DESCONOCIDO,1 VISITA,NO OBSERVABLE,1
2026,2026,3,76122,CAICEDONIA,ARO CENTRO TULUA,CANINO,RURAL,NO,DESCONOCIDO,1 VISITA,SIN CLASIFICAR,1
2026,2026,3,76122,CAICEDONIA,ARO CENTRO TULUA,CANINO,URBANO,NO,DESCONOCIDO,1 VISITA,CALLEJERO,7
2026,2026,3,76122,CAICEDONIA,ARO CENTRO TULUA,CANINO,URBANO,NO,DESCONOCIDO,1 VISITA,NO OBSERVABLE,4
2026,2026,3,76122,CAICEDONIA,ARO CENTRO TULUA,CANINO,URBANO,NO,DESCONOCIDO,1 VISITA,SIN CLASIFICAR,3
2026,2026,3,76122,CAICEDONIA,ARO CENTRO TULUA,CANINO,URBANO,NO,DESCONOCIDO,2 VISITAS,OBSERVADO SANO,2
2026,2026,3,76122,CAICEDONIA,ARO CENTRO TULUA,CANINO,URBANO,NO,DESCONOCIDO,2 VISITAS,SIN CLASIFICAR,1
2026,2026,3,76122,CAICEDONIA,ARO CENTRO TULUA,CANINO,URBANO,NO,DESCONOCIDO,3 VISITAS FUERA DE 10 DÍAS O CON INCONSISTENCIA,NO OBSERVABLE,1
2026,2026,3,76122,CAICEDONIA,ARO CENTRO TULUA,CANINO,URBANO,NO,NO VACUNADO,2 VISITAS,OBSERVADO SANO,1
2026,2026,3,76122,CAICEDONIA,ARO CENTRO TULUA,CANINO,URBANO,NO,VACUNADO,2 VISITAS,NO OBSERVABLE,1
2026,2026,3,76122,CAICEDONIA,ARO CENTRO TULUA,CANINO,URBANO,NO,VACUNADO,2 VISITAS,OBSERVADO SANO,2
2026,2026,3,76126,CALIMA,ARO CENTRO TULUA,CANINO,RURAL,NO,DESCONOCIDO,1 VISITA,SIN CLASIFICAR,2
2026,2026,3,76126,CALIMA,ARO CENTRO TULUA,CANINO,URBANO,NO,DESCONOCIDO,1 VISITA,SIN CLASIFICAR,5
2026,2026,3,76126,CALIMA,ARO CENTRO TULUA,CANINO,URBANO,NO,NO VACUNADO,1 VISITA,SIN CLASIFICAR,1
2026,2026,3,76233,DAGUA,ARO SUR CALI,CANINO,RURAL,NO,DESCONOCIDO,1 VISITA,PERDIDO O DESAPARECIDO,4
2026,2026,3,76233,DAGUA,ARO SUR CALI,CANINO,RURAL,NO,DESCONOCIDO,1 VISITA,SIN CLASIFICAR,4
2026,2026,3,76233,DAGUA,ARO SUR CALI,CANINO,RURAL,NO,DESCONOCIDO,2 VISITAS,SIN CLASIFICAR,3
2026,2026,3,76233,DAGUA,ARO SUR CALI,CANINO,RURAL,SI,DESCONOCIDO,1 VISITA,PERDIDO O DESAPARECIDO,7
2026,2026,3,76233,DAGUA,ARO SUR CALI,CANINO,RURAL,SI,DESCONOCIDO,1 VISITA,SIN CLASIFICAR,3
2026,2026,3,76233,DAGUA,ARO SUR CALI,CANINO,RURAL,SI,DESCONOCIDO,2 VISITAS,SIN CLASIFICAR,1
2026,2026,3,76233,DAGUA,ARO SUR CALI,CANINO,URBANO,NO,DESCONOCIDO,1 VISITA,PERDIDO O DESAPARECIDO,5
2026,2026,3,76233,DAGUA,ARO SUR CALI,CANINO,URBANO,SI,DESCONOCIDO,1 VISITA,PERDIDO O DESAPARECIDO,1
2026,2026,3,76233,DAGUA,ARO SUR CALI,FELINO,RURAL,NO,DESCONOCIDO,1 VISITA,PERDIDO O DESAPARECIDO,2
2026,2026,3,76233,DAGUA,ARO SUR CALI,FELINO,RURAL,NO,DESCONOCIDO,1 VISITA,SIN CLASIFICAR,1
2026,2026,3,76243,EL AGUILA,ARO NORTE CARTAGO,CANINO,RURAL,NO,VACUNADO,CUMPLE,SIN CLASIFICAR,1
2026,2026,3,76243,EL AGUILA,ARO NORTE CARTAGO,CANINO,RURAL,SI,DESCONOCIDO,1 VISITA,NO OBSERVADO,1
2026,2026,3,76243,EL AGUILA,ARO NORTE CARTAGO,CANINO,URBANO,NO,DESCONOCIDO,1 VISITA,NO OBSERVADO,1
2026,2026,3,76243,EL AGUILA,ARO NORTE CARTAGO,CANINO,URBANO,NO,DESCONOCIDO,1 VISITA,SIN CLASIFICAR,1
2026,2026,3,76243,EL AGUILA,ARO NORTE CARTAGO,CANINO,URBANO,NO,VACUNADO,CUMPLE,OBSERVADO SANO,2
2026,2026,3,76246,EL CAIRO,ARO NORTE CARTAGO,CANINO,URBANO,NO,DESCONOCIDO,1 VISITA,CALLEJERO,2
2026,2026,3,76246,EL CAIRO,ARO NORTE CARTAGO,CANINO,URBANO,NO,NO VACUNADO,3 VISITAS FUERA DE 10 DÍAS O CON INCONSISTENCIA,OBSERVADO SANO,1
2026,2026,3,76248,EL CERRITO,ARO SUR CALI,CANINO,RURAL,NO,DESCONOCIDO,1 VISITA,PERDIDO O DESAPARECIDO,1
2026,2026,3,76248,EL CERRITO,ARO SUR CALI,CANINO,RURAL,NO,DESCONOCIDO,1 VISITA,SIN CLASIFICAR,1
2026,2026,3,76248,EL CERRITO,ARO SUR CALI,CANINO,RURAL,NO,DESCONOCIDO,2 VISITAS,SIN CLASIFICAR,1
2026,2026,3,76248,EL CERRITO,ARO SUR CALI,CANINO,RURAL,SI,DESCONOCIDO,1 VISITA,SIN CLASIFICAR,1
2026,2026,3,76248,EL CERRITO,ARO SUR CALI,CANINO,RURAL,SI,VACUNADO,1 VISITA,SIN CLASIFICAR,1
2026,2026,3,76248,EL CERRITO,ARO SUR CALI,CANINO,URBANO,NO,DESCONOCIDO,1 VISITA,PERDIDO O DESAPARECIDO,9
2026,2026,3,76248,EL CERRITO,ARO SUR CALI,CANINO,URBANO,NO,DESCONOCIDO,1 VISITA,SIN CLASIFICAR,3
2026,2026,3,76248,EL CERRITO,ARO SUR CALI,CANINO,URBANO,NO,NO VACUNADO,1 VISITA,SIN CLASIFICAR,2
2026,2026,3,76248,EL CERRITO,ARO SUR CALI,CANINO,URBANO,NO,VACUNADO,1 VISITA,SIN CLASIFICAR,5
2026,2026,3,76248,EL CERRITO,ARO SUR CALI,CANINO,URBANO,SI,NO VACUNADO,1 VISITA,SIN CLASIFICAR,1
2026,2026,3,76248,EL CERRITO,ARO SUR CALI,CANINO,URBANO,SI,VACUNADO,1 VISITA,SIN CLASIFICAR,1
2026,2026,3,76248,EL CERRITO,ARO SUR CALI,FELINO,URBANO,NO,DESCONOCIDO,1 VISITA,PERDIDO O DESAPARECIDO,1
2026,2026,3,76248,EL CERRITO,ARO SUR CALI,FELINO,URBANO,NO,DESCONOCIDO,1 VISITA,SIN CLASIFICAR,1
2026,2026,3,76248,EL CERRITO,ARO SUR CALI,FELINO,URBANO,NO,NO VACUNADO,2 VISITAS,SIN CLASIFICAR,1
2026,2026,3,76248,EL CERRITO,ARO SUR CALI,FELINO,URBANO,SI,NO VACUNADO,1 VISITA,SIN CLASIFICAR,1
2026,2026,3,76250,EL DOVIO,ARO NORTE CARTAGO,CANINO,RURAL,SI,DESCONOCIDO,1 VISITA,NO OBSERVADO,2
2026,2026,3,76250,EL DOVIO,ARO NORTE CARTAGO,CANINO,RURAL,SI,VACUNADO,CUMPLE,OBSERVADO SANO,1
2026,2026,3,76250,EL DOVIO,ARO NORTE CARTAGO,CANINO,URBANO,NO,DESCONOCIDO,1 VISITA,NO OBSERVADO,1
2026,2026,3,76275,FLORIDA,ARO SUR CALI,CANINO,RURAL,NO,DESCONOCIDO,1 VISITA,SIN CLASIFICAR,1
2026,2026,3,76275,FLORIDA,ARO SUR CALI,CANINO,URBANO,NO,DESCONOCIDO,1 VISITA,PERDIDO O DESAPARECIDO,14
2026,2026,3,76275,FLORIDA,ARO SUR CALI,CANINO,URBANO,NO,DESCONOCIDO,2 VISITAS,CALLEJERO,1
2026,2026,3,76275,FLORIDA,ARO SUR CALI,CANINO,URBANO,NO,DESCONOCIDO,2 VISITAS,PERDIDO O DESAPARECIDO,3
2026,2026,3,76275,FLORIDA,ARO SUR CALI,CANINO,URBANO,NO,NO VACUNADO,1 VISITA,SIN CLASIFICAR,1
2026,2026,3,76275,FLORIDA,ARO SUR CALI,CANINO,URBANO,NO,VACUNADO,1 VISITA,CALLEJERO,1
2026,2026,3,76275,FLORIDA,ARO SUR CALI,CANINO,URBANO,NO,VACUNADO,1 VISITA,SIN CLASIFICAR,1
2026,2026,3,76275,FLORIDA,ARO SUR CALI,CANINO,URBANO,NO,VACUNADO,2 VISITAS,SIN CLASIFICAR,1
2026,2026,3,76275,FLORIDA,ARO SUR CALI,CANINO,URBANO,NO,VACUNADO,CUMPLE,SIN CLASIFICAR,1
2026,2026,3,76275,FLORIDA,ARO SUR CALI,CANINO,URBANO,SI,DESCONOCIDO,1 VISITA,PERDIDO O DESAPARECIDO,1
2026,2026,3,76275,FLORIDA,ARO SUR CALI,CANINO,URBANO,SI,DESCONOCIDO,2 VISITAS,PERDIDO O DESAPARECIDO,2
2026,2026,3,76275,FLORIDA,ARO SUR CALI,CANINO,URBANO,SI,NO VACUNADO,CUMPLE,CALLEJERO,1
2026,2026,3,76275,FLORIDA,ARO SUR CALI,CANINO,URBANO,SI,VACUNADO,2 VISITAS,SIN CLASIFICAR,1
2026,2026,3,76275,FLORIDA,ARO SUR CALI,FELINO,URBANO,NO,VACUNADO,2 VISITAS,SIN CLASIFICAR,1
2026,2026,3,76275,FLORIDA,ARO SUR CALI,FELINO,URBANO,SI,DESCONOCIDO,1 VISITA,PERDIDO O DESAPARECIDO,1
2026,2026,3,76275,FLORIDA,ARO SUR CALI,FELINO,URBANO,SI,DESCONOCIDO,2 VISITAS,PERDIDO O DESAPARECIDO,1
2026,2026,3,76306,GINEBRA,ARO SUR CALI,CANINO,RURAL,NO,NO VACUNADO,1 VISITA,CON SIGNOS REPORTADOS,1
2026,2026,3,76306,GINEBRA,ARO SUR CALI,CANINO,RURAL,NO,VACUNADO,1 VISITA,SIN CLASIFICAR,1
2026,2026,3,76306,GINEBRA,ARO SUR CALI,CANINO,URBANO,NO,DESCONOCIDO,1 VISITA,PERDIDO O DESAPARECIDO,2
2026,2026,3,76306,GINEBRA,ARO SUR CALI,CANINO,URBANO,NO,DESCONOCIDO,1 VISITA,SIN CLASIFICAR,1
2026,2026,3,76318,GUACARI,ARO SUR CALI,CANINO,RURAL,NO,DESCONOCIDO,1 VISITA,SIN CLASIFICAR,1
2026,2026,3,76318,GUACARI,ARO SUR CALI,CANINO,RURAL,SI,DESCONOCIDO,1 VISITA,PERDIDO O DESAPARECIDO,1
2026,2026,3,76318,GUACARI,ARO SUR CALI,CANINO,URBANO,NO,DESCONOCIDO,1 VISITA,MUERTO,1
2026,2026,3,76318,GUACARI,ARO SUR CALI,CANINO,URBANO,NO,DESCONOCIDO,1 VISITA,OBSERVADO SANO,1
2026,2026,3,76318,GUACARI,ARO SUR CALI,CANINO,URBANO,NO,DESCONOCIDO,1 VISITA,PERDIDO O DESAPARECIDO,4
2026,2026,3,76318,GUACARI,ARO SUR CALI,CANINO,URBANO,SI,DESCONOCIDO,1 VISITA,OBSERVADO SANO,1
2026,2026,3,76318,GUACARI,ARO SUR CALI,CANINO,URBANO,SI,DESCONOCIDO,1 VISITA,PERDIDO O DESAPARECIDO,2
2026,2026,3,76318,GUACARI,ARO SUR CALI,CANINO,URBANO,SI,VACUNADO,2 VISITAS,OBSERVADO SANO,1
2026,2026,3,76318,GUACARI,ARO SUR CALI,FELINO,RURAL,SI,DESCONOCIDO,1 VISITA,PERDIDO O DESAPARECIDO,1
2026,2026,3,76318,GUACARI,ARO SUR CALI,FELINO,URBANO,SI,DESCONOCIDO,1 VISITA,PERDIDO O DESAPARECIDO,2
2026,2026,3,76318,GUACARI,ARO SUR CALI,FELINO,URBANO,SI,DESCONOCIDO,2 VISITAS,OBSERVADO SANO,1
2026,2026,3,76377,LA CUMBRE,ARO SUR CALI,CANINO,RURAL,NO,DESCONOCIDO,1 VISITA,PERDIDO O DESAPARECIDO,2
2026,2026,3,76377,LA CUMBRE,ARO SUR CALI,CANINO,RURAL,NO,DESCONOCIDO,1 VISITA,SIN CLASIFICAR,1
2026,2026,3,76377,LA CUMBRE,ARO SUR CALI,CANINO,URBANO,NO,DESCONOCIDO,1 VISITA,PERDIDO O DESAPARECIDO,4
2026,2026,3,76377,LA CUMBRE,ARO SUR CALI,CANINO,URBANO,NO,DESCONOCIDO,1 VISITA,SIN CLASIFICAR,2
2026,2026,3,76377,LA CUMBRE,ARO SUR CALI,FELINO,RURAL,NO,DESCONOCIDO,1 VISITA,PERDIDO O DESAPARECIDO,2
2026,2026,3,76377,LA CUMBRE,ARO SUR CALI,FELINO,RURAL,NO,DESCONOCIDO,1 VISITA,SIN CLASIFICAR,1
2026,2026,3,76400,LA UNION,ARO NORTE CARTAGO,CANINO,URBANO,NO,DESCONOCIDO,1 VISITA,NO OBSERVABLE,2
2026,2026,3,76400,LA UNION,ARO NORTE CARTAGO,CANINO,URBANO,NO,NO VACUNADO,3 VISITAS FUERA DE 10 DÍAS O CON INCONSISTENCIA,OBSERVADO SANO,1
2026,2026,3,76400,LA UNION,ARO NORTE CARTAGO,CANINO,URBANO,SI,DESCONOCIDO,1 VISITA,PERDIDO O DESAPARECIDO,3
2026,2026,3,76400,LA UNION,ARO NORTE CARTAGO,FELINO,URBANO,SI,DESCONOCIDO,3 VISITAS FUERA DE 10 DÍAS O CON INCONSISTENCIA,OBSERVADO SANO,1
2026,2026,3,76400,LA UNION,ARO NORTE CARTAGO,FELINO,URBANO,SI,VACUNADO,3 VISITAS FUERA DE 10 DÍAS O CON INCONSISTENCIA,OBSERVADO SANO,1
2026,2026,3,76403,LA VICTORIA,ARO NORTE CARTAGO,CANINO,RURAL,NO,VACUNADO,1 VISITA,MUERTO,1
2026,2026,3,76403,LA VICTORIA,ARO NORTE CARTAGO,CANINO,URBANO,NO,DESCONOCIDO,1 VISITA,PERDIDO O DESAPARECIDO,3
2026,2026,3,76403,LA VICTORIA,ARO NORTE CARTAGO,CANINO,URBANO,SI,VACUNADO,2 VISITAS,OBSERVADO SANO,1
2026,2026,3,76403,LA VICTORIA,ARO NORTE CARTAGO,CANINO,URBANO,SI,VACUNADO,3 VISITAS FUERA DE 10 DÍAS O CON INCONSISTENCIA,OBSERVADO SANO,2
2026,2026,3,76403,LA VICTORIA,ARO NORTE CARTAGO,OTRO,RURAL,SI,DESCONOCIDO,1 VISITA,NO OBSERVABLE,1
2026,2026,3,76497,OBANDO,ARO NORTE CARTAGO,CANINO,RURAL,NO,DESCONOCIDO,1 VISITA,NO OBSERVADO,1
2026,2026,3,76497,OBANDO,ARO NORTE CARTAGO,CANINO,URBANO,NO,DESCONOCIDO,1 VISITA,NO OBSERVABLE,1
2026,2026,3,76497,OBANDO,ARO NORTE CARTAGO,CANINO,URBANO,NO,DESCONOCIDO,1 VISITA,PERDIDO O DESAPARECIDO,1
2026,2026,3,76497,OBANDO,ARO NORTE CARTAGO,CANINO,URBANO,NO,VACUNADO,3 VISITAS FUERA DE 10 DÍAS O CON INCONSISTENCIA,OBSERVADO SANO,1
2026,2026,3,76497,OBANDO,ARO NORTE CARTAGO,CANINO,URBANO,SI,DESCONOCIDO,1 VISITA,NO OBSERVABLE,1
2026,2026,3,76497,OBANDO,ARO NORTE CARTAGO,CANINO,URBANO,SI,DESCONOCIDO,1 VISITA,NO OBSERVADO,1
2026,2026,3,76497,OBANDO,ARO NORTE CARTAGO,CANINO,URBANO,SI,DESCONOCIDO,1 VISITA,PERDIDO O DESAPARECIDO,1
2026,2026,3,76563,PRADERA,ARO SUR CALI,CANINO,URBANO,NO,DESCONOCIDO,1 VISITA,OBSERVADO SANO,1
2026,2026,3,76563,PRADERA,ARO SUR CALI,CANINO,URBANO,NO,DESCONOCIDO,1 VISITA,PERDIDO O DESAPARECIDO,8
2026,2026,3,76563,PRADERA,ARO SUR CALI,CANINO,URBANO,NO,NO VACUNADO,1 VISITA,SIN CLASIFICAR,1
2026,2026,3,76563,PRADERA,ARO SUR CALI,CANINO,URBANO,NO,VACUNADO,1 VISITA,CON SIGNOS REPORTADOS,1
2026,2026,3,76563,PRADERA,ARO SUR CALI,CANINO,URBANO,NO,VACUNADO,1 VISITA,PERDIDO O DESAPARECIDO,2
2026,2026,3,76563,PRADERA,ARO SUR CALI,CANINO,URBANO,NO,VACUNADO,1 VISITA,SIN CLASIFICAR,1
2026,2026,3,76563,PRADERA,ARO SUR CALI,FELINO,URBANO,NO,DESCONOCIDO,1 VISITA,PERDIDO O DESAPARECIDO,1
2026,2026,3,76606,RESTREPO,ARO CENTRO TULUA,CANINO,RURAL,NO,DESCONOCIDO,1 VISITA,PERDIDO O DESAPARECIDO,4
2026,2026,3,76606,RESTREPO,ARO CENTRO TULUA,CANINO,RURAL,NO,NO VACUNADO,1 VISITA,SIN CLASIFICAR,1
2026,2026,3,76606,RESTREPO,ARO CENTRO TULUA,CANINO,RURAL,NO,VACUNADO,1 VISITA,PERDIDO O DESAPARECIDO,1
2026,2026,3,76606,RESTREPO,ARO CENTRO TULUA,CANINO,RURAL,NO,VACUNADO,1 VISITA,SIN CLASIFICAR,1
2026,2026,3,76606,RESTREPO,ARO CENTRO TULUA,CANINO,RURAL,SI,VACUNADO,1 VISITA,SIN CLASIFICAR,1
2026,2026,3,76606,RESTREPO,ARO CENTRO TULUA,CANINO,URBANO,NO,DESCONOCIDO,1 VISITA,PERDIDO O DESAPARECIDO,3
2026,2026,3,76606,RESTREPO,ARO CENTRO TULUA,CANINO,URBANO,NO,VACUNADO,1 VISITA,SIN CLASIFICAR,1
2026,2026,3,76606,RESTREPO,ARO CENTRO TULUA,CANINO,URBANO,SI,DESCONOCIDO,1 VISITA,PERDIDO O DESAPARECIDO,2
2026,2026,3,76606,RESTREPO,ARO CENTRO TULUA,FELINO,RURAL,NO,DESCONOCIDO,1 VISITA,PERDIDO O DESAPARECIDO,1
2026,2026,3,76616,RIOFRIO,ARO CENTRO TULUA,CANINO,RURAL,NO,DESCONOCIDO,3 VISITAS FUERA DE 10 DÍAS O CON INCONSISTENCIA,SIN CLASIFICAR,1
2026,2026,3,76616,RIOFRIO,ARO CENTRO TULUA,CANINO,RURAL,NO,DESCONOCIDO,CUMPLE,SIN CLASIFICAR,1
2026,2026,3,76616,RIOFRIO,ARO CENTRO TULUA,CANINO,RURAL,NO,VACUNADO,3 VISITAS FUERA DE 10 DÍAS O CON INCONSISTENCIA,SIN CLASIFICAR,1
2026,2026,3,76616,RIOFRIO,ARO CENTRO TULUA,CANINO,URBANO,NO,DESCONOCIDO,1 VISITA,SIN CLASIFICAR,2
2026,2026,3,76616,RIOFRIO,ARO CENTRO TULUA,CANINO,URBANO,NO,DESCONOCIDO,3 VISITAS FUERA DE 10 DÍAS O CON INCONSISTENCIA,SIN CLASIFICAR,2
2026,2026,3,76616,RIOFRIO,ARO CENTRO TULUA,CANINO,URBANO,NO,VACUNADO,1 VISITA,NO OBSERVABLE,1
2026,2026,3,76616,RIOFRIO,ARO CENTRO TULUA,CANINO,URBANO,NO,VACUNADO,1 VISITA,SIN CLASIFICAR,1
2026,2026,3,76616,RIOFRIO,ARO CENTRO TULUA,CANINO,URBANO,NO,VACUNADO,CUMPLE,CON SIGNOS REPORTADOS,1
2026,2026,3,76616,RIOFRIO,ARO CENTRO TULUA,CANINO,URBANO,NO,VACUNADO,CUMPLE,SIN CLASIFICAR,1
2026,2026,3,76616,RIOFRIO,ARO CENTRO TULUA,CANINO,URBANO,SI,VACUNADO,3 VISITAS FUERA DE 10 DÍAS O CON INCONSISTENCIA,SIN CLASIFICAR,1
2026,2026,3,76622,ROLDANILLO,ARO NORTE CARTAGO,CANINO,RURAL,NO,DESCONOCIDO,1 VISITA,NO OBSERVABLE,1
2026,2026,3,76622,ROLDANILLO,ARO NORTE CARTAGO,CANINO,RURAL,NO,DESCONOCIDO,1 VISITA,NO OBSERVADO,2
2026,2026,3,76622,ROLDANILLO,ARO NORTE CARTAGO,CANINO,URBANO,NO,DESCONOCIDO,1 VISITA,NO OBSERVABLE,3
2026,2026,3,76622,ROLDANILLO,ARO NORTE CARTAGO,CANINO,URBANO,NO,DESCONOCIDO,1 VISITA,NO OBSERVADO,3
2026,2026,3,76622,ROLDANILLO,ARO NORTE CARTAGO,CANINO,URBANO,SI,DESCONOCIDO,1 VISITA,NO OBSERVABLE,1
2026,2026,3,76622,ROLDANILLO,ARO NORTE CARTAGO,CANINO,URBANO,SI,DESCONOCIDO,1 VISITA,OBSERVADO SANO,1
2026,2026,3,76622,ROLDANILLO,ARO NORTE CARTAGO,CANINO,URBANO,SI,VACUNADO,1 VISITA,OBSERVADO SANO,1
2026,2026,3,76622,ROLDANILLO,ARO NORTE CARTAGO,FELINO,URBANO,NO,DESCONOCIDO,1 VISITA,NO OBSERVADO,1
2026,2026,3,76622,ROLDANILLO,ARO NORTE CARTAGO,FELINO,URBANO,NO,VACUNADO,1 VISITA,OBSERVADO SANO,1
2026,2026,3,76622,ROLDANILLO,ARO NORTE CARTAGO,FELINO,URBANO,SI,NO VACUNADO,1 VISITA,OBSERVADO SANO,1
2026,2026,3,76622,ROLDANILLO,ARO NORTE CARTAGO,FELINO,URBANO,SI,VACUNADO,1 VISITA,OBSERVADO SANO,2
2026,2026,3,76670,SAN PEDRO,ARO CENTRO TULUA,CANINO,RURAL,NO,VACUNADO,1 VISITA,SIN CLASIFICAR,1
2026,2026,3,76670,SAN PEDRO,ARO CENTRO TULUA,CANINO,URBANO,NO,DESCONOCIDO,1 VISITA,SIN CLASIFICAR,1
2026,2026,3,76670,SAN PEDRO,ARO CENTRO TULUA,CANINO,URBANO,SI,DESCONOCIDO,1 VISITA,SIN CLASIFICAR,1
2026,2026,3,76670,SAN PEDRO,ARO CENTRO TULUA,FELINO,RURAL,NO,DESCONOCIDO,1 VISITA,SIN CLASIFICAR,1
2026,2026,3,76736,SEVILLA,ARO CENTRO TULUA,CANINO,RURAL,NO,DESCONOCIDO,1 VISITA,NO OBSERVABLE,1
2026,2026,3,76736,SEVILLA,ARO CENTRO TULUA,CANINO,RURAL,NO,DESCONOCIDO,1 VISITA,SIN CLASIFICAR,1
2026,2026,3,76736,SEVILLA,ARO CENTRO TULUA,CANINO,RURAL,SI,VACUNADO,2 VISITAS,OBSERVADO SANO,1
2026,2026,3,76736,SEVILLA,ARO CENTRO TULUA,CANINO,URBANO,NO,DESCONOCIDO,1 VISITA,CALLEJERO,4
2026,2026,3,76736,SEVILLA,ARO CENTRO TULUA,CANINO,URBANO,NO,DESCONOCIDO,1 VISITA,NO OBSERVABLE,2
2026,2026,3,76736,SEVILLA,ARO CENTRO TULUA,CANINO,URBANO,NO,DESCONOCIDO,1 VISITA,SIN CLASIFICAR,2
2026,2026,3,76736,SEVILLA,ARO CENTRO TULUA,CANINO,URBANO,NO,DESCONOCIDO,2 VISITAS,OBSERVADO SANO,1
2026,2026,3,76736,SEVILLA,ARO CENTRO TULUA,CANINO,URBANO,NO,VACUNADO,2 VISITAS,OBSERVADO SANO,4
2026,2026,3,76736,SEVILLA,ARO CENTRO TULUA,CANINO,URBANO,SI,DESCONOCIDO,2 VISITAS,OBSERVADO SANO,1
2026,2026,3,76736,SEVILLA,ARO CENTRO TULUA,FELINO,URBANO,NO,DESCONOCIDO,1 VISITA,CALLEJERO,1
2026,2026,3,76736,SEVILLA,ARO CENTRO TULUA,FELINO,URBANO,NO,DESCONOCIDO,2 VISITAS,CALLEJERO,1
2026,2026,3,76736,SEVILLA,ARO CENTRO TULUA,FELINO,URBANO,NO,VACUNADO,2 VISITAS,OBSERVADO SANO,1
2026,2026,3,76823,TORO,ARO NORTE CARTAGO,CANINO,RURAL,NO,VACUNADO,2 VISITAS,OBSERVADO SANO,1
2026,2026,3,76823,TORO,ARO NORTE CARTAGO,CANINO,URBANO,NO,NO VACUNADO,CUMPLE,OBSERVADO SANO,1
2026,2026,3,76823,TORO,ARO NORTE CARTAGO,CANINO,URBANO,NO,VACUNADO,2 VISITAS,SIN CLASIFICAR,1
2026,2026,3,76823,TORO,ARO NORTE CARTAGO,CANINO,URBANO,NO,VACUNADO,3 VISITAS FUERA DE 10 DÍAS O CON INCONSISTENCIA,OBSERVADO SANO,1
2026,2026,3,76823,TORO,ARO NORTE CARTAGO,CANINO,URBANO,SI,DESCONOCIDO,1 VISITA,NO OBSERVABLE,1
2026,2026,3,76823,TORO,ARO NORTE CARTAGO,CANINO,URBANO,SI,DESCONOCIDO,1 VISITA,NO OBSERVADO,1
2026,2026,3,76823,TORO,ARO NORTE CARTAGO,CANINO,URBANO,SI,DESCONOCIDO,2 VISITAS,NO OBSERVADO,1
2026,2026,3,76823,TORO,ARO NORTE CARTAGO,FELINO,RURAL,NO,DESCONOCIDO,1 VISITA,NO OBSERVABLE,1
2026,2026,3,76823,TORO,ARO NORTE CARTAGO,FELINO,RURAL,NO,NO VACUNADO,2 VISITAS,OBSERVADO SANO,1
2026,2026,3,76823,TORO,ARO NORTE CARTAGO,FELINO,URBANO,NO,DESCONOCIDO,1 VISITA,NO OBSERVABLE,1
2026,2026,3,76828,TRUJILLO,ARO CENTRO TULUA,CANINO,RURAL,NO,DESCONOCIDO,1 VISITA,CALLEJERO,1
2026,2026,3,76828,TRUJILLO,ARO CENTRO TULUA,CANINO,RURAL,NO,DESCONOCIDO,2 VISITAS,SIN CLASIFICAR,1
2026,2026,3,76828,TRUJILLO,ARO CENTRO TULUA,CANINO,RURAL,NO,VACUNADO,2 VISITAS,SIN CLASIFICAR,2
2026,2026,3,76828,TRUJILLO,ARO CENTRO TULUA,CANINO,URBANO,NO,DESCONOCIDO,1 VISITA,PERDIDO O DESAPARECIDO,4
2026,2026,3,76828,TRUJILLO,ARO CENTRO TULUA,CANINO,URBANO,NO,VACUNADO,2 VISITAS,SIN CLASIFICAR,1
2026,2026,3,76828,TRUJILLO,ARO CENTRO TULUA,OTRO,URBANO,NO,DESCONOCIDO,1 VISITA,SIN CLASIFICAR,1
2026,2026,3,76845,ULLOA,ARO NORTE CARTAGO,CANINO,RURAL,NO,DESCONOCIDO,1 VISITA,NO OBSERVABLE,1
2026,2026,3,76845,ULLOA,ARO NORTE CARTAGO,CANINO,RURAL,NO,DESCONOCIDO,1 VISITA,NO OBSERVADO,1
2026,2026,3,76845,ULLOA,ARO NORTE CARTAGO,CANINO,URBANO,SI,DESCONOCIDO,2 VISITAS,OBSERVADO SANO,1
2026,2026,3,76863,VERSALLES,ARO NORTE CARTAGO,CANINO,RURAL,NO,DESCONOCIDO,1 VISITA,NO OBSERVABLE,1
2026,2026,3,76863,VERSALLES,ARO NORTE CARTAGO,CANINO,URBANO,NO,DESCONOCIDO,1 VISITA,NO OBSERVABLE,1
2026,2026,3,76869,VIJES,ARO SUR CALI,CANINO,RURAL,NO,DESCONOCIDO,3 VISITAS FUERA DE 10 DÍAS O CON INCONSISTENCIA,PERDIDO O DESAPARECIDO,1
2026,2026,3,76869,VIJES,ARO SUR CALI,CANINO,URBANO,NO,DESCONOCIDO,1 VISITA,CON SIGNOS REPORTADOS,1
2026,2026,3,76869,VIJES,ARO SUR CALI,CANINO,URBANO,NO,VACUNADO,2 VISITAS,PERDIDO O DESAPARECIDO,1
2026,2026,3,76869,VIJES,ARO SUR CALI,FELINO,URBANO,NO,DESCONOCIDO,1 VISITA,CON SIGNOS REPORTADOS,1
2026,2026,3,76869,VIJES,ARO SUR CALI,FELINO,URBANO,NO,VACUNADO,1 VISITA,CON SIGNOS REPORTADOS,1
2026,2026,3,76890,YOTOCO,ARO CENTRO TULUA,CANINO,RURAL,NO,DESCONOCIDO,1 VISITA,PERDIDO O DESAPARECIDO,3
2026,2026,3,76890,YOTOCO,ARO CENTRO TULUA,CANINO,RURAL,NO,VACUNADO,1 VISITA,SIN CLASIFICAR,1
2026,2026,3,76890,YOTOCO,ARO CENTRO TULUA,CANINO,RURAL,SI,NO VACUNADO,1 VISITA,SIN CLASIFICAR,1
2026,2026,3,76890,YOTOCO,ARO CENTRO TULUA,CANINO,RURAL,SI,VACUNADO,1 VISITA,SIN CLASIFICAR,1
2026,2026,3,76890,YOTOCO,ARO CENTRO TULUA,CANINO,URBANO,NO,DESCONOCIDO,1 VISITA,PERDIDO O DESAPARECIDO,2
2026,2026,3,76890,YOTOCO,ARO CENTRO TULUA,CANINO,URBANO,NO,VACUNADO,1 VISITA,SIN CLASIFICAR,2
2026,2026,3,76890,YOTOCO,ARO CENTRO TULUA,FELINO,RURAL,NO,NO VACUNADO,1 VISITA,SIN CLASIFICAR,1
2026,2026,3,76890,YOTOCO,ARO CENTRO TULUA,FELINO,URBANO,NO,NO VACUNADO,1 VISITA,SIN CLASIFICAR,1
2026,2026,3,76890,YOTOCO,ARO CENTRO TULUA,FELINO,URBANO,SI,NO VACUNADO,1 VISITA,PERDIDO O DESAPARECIDO,1
2026,2026,3,76890,YOTOCO,ARO CENTRO TULUA,OTRO,URBANO,NO,DESCONOCIDO,1 VISITA,NO OBSERVABLE,1
2026,2026,3,76895,ZARZAL,ARO CENTRO TULUA,CANINO,RURAL,NO,NO VACUNADO,2 VISITAS,SIN CLASIFICAR,1
2026,2026,3,76895,ZARZAL,ARO CENTRO TULUA,CANINO,URBANO,NO,DESCONOCIDO,1 VISITA,CALLEJERO,4
2026,2026,3,76895,ZARZAL,ARO CENTRO TULUA,CANINO,URBANO,NO,DESCONOCIDO,1 VISITA,SIN CLASIFICAR,4
2026,2026,3,76895,ZARZAL,ARO CENTRO TULUA,CANINO,URBANO,NO,NO VACUNADO,2 VISITAS,SIN CLASIFICAR,2
2026,2026,3,76895,ZARZAL,ARO CENTRO TULUA,CANINO,URBANO,NO,VACUNADO,1 VISITA,SIN CLASIFICAR,1
2026,2026,3,76895,ZARZAL,ARO CENTRO TULUA,CANINO,URBANO,NO,VACUNADO,2 VISITAS,SIN CLASIFICAR,1
2026,2026,3,76895,ZARZAL,ARO CENTRO TULUA,CANINO,URBANO,SI,DESCONOCIDO,1 VISITA,CALLEJERO,2
2026,2026,3,76895,ZARZAL,ARO CENTRO TULUA,FELINO,RURAL,NO,NO VACUNADO,1 VISITA,SIN CLASIFICAR,1
2026,2026,3,76895,ZARZAL,ARO CENTRO TULUA,FELINO,URBANO,NO,DESCONOCIDO,1 VISITA,SIN CLASIFICAR,2
2026,2026,3,76895,ZARZAL,ARO CENTRO TULUA,FELINO,URBANO,NO,DESCONOCIDO,2 VISITAS,SIN CLASIFICAR,1
2026,2026,3,76895,ZARZAL,ARO CENTRO TULUA,FELINO,URBANO,NO,NO VACUNADO,1 VISITA,SIN CLASIFICAR,1
2026,2026,3,76895,ZARZAL,ARO CENTRO TULUA,FELINO,URBANO,NO,NO VACUNADO,2 VISITAS,SIN CLASIFICAR,1
2026,2026,3,76895,ZARZAL,ARO CENTRO TULUA,FELINO,URBANO,NO,VACUNADO,1 VISITA,SIN CLASIFICAR,1
2026,2026,3,76895,ZARZAL,ARO CENTRO TULUA,FELINO,URBANO,SI,DESCONOCIDO,1 VISITA,CALLEJERO,1
2026,2026,3,76895,ZARZAL,ARO CENTRO TULUA,OTRO,RURAL,NO,DESCONOCIDO,2 VISITAS,OBSERVADO SANO,1
2026,2026,4,76020,ALCALA,ARO NORTE CARTAGO,CANINO,URBANO,NO,DESCONOCIDO,1 VISITA,NO OBSERVABLE,1
2026,2026,4,76020,ALCALA,ARO NORTE CARTAGO,CANINO,URBANO,SI,DESCONOCIDO,2 VISITAS,NO OBSERVABLE,2
2026,2026,4,76020,ALCALA,ARO NORTE CARTAGO,CANINO,URBANO,SI,DESCONOCIDO,2 VISITAS,NO OBSERVADO,1
2026,2026,4,76020,ALCALA,ARO NORTE CARTAGO,FELINO,RURAL,SI,DESCONOCIDO,1 VISITA,SIN CLASIFICAR,1
2026,2026,4,76020,ALCALA,ARO NORTE CARTAGO,FELINO,RURAL,SI,DESCONOCIDO,2 VISITAS,NO OBSERVADO,1
2026,2026,4,76020,ALCALA,ARO NORTE CARTAGO,FELINO,URBANO,NO,DESCONOCIDO,1 VISITA,NO OBSERVABLE,1
2026,2026,4,76020,ALCALA,ARO NORTE CARTAGO,FELINO,URBANO,NO,DESCONOCIDO,1 VISITA,OBSERVADO SANO,1
2026,2026,4,76036,ANDALUCIA,ARO CENTRO TULUA,CANINO,RURAL,NO,DESCONOCIDO,3 VISITAS FUERA DE 10 DÍAS O CON INCONSISTENCIA,SIN CLASIFICAR,1
2026,2026,4,76036,ANDALUCIA,ARO CENTRO TULUA,CANINO,RURAL,NO,VACUNADO,3 VISITAS FUERA DE 10 DÍAS O CON INCONSISTENCIA,SIN CLASIFICAR,1
2026,2026,4,76036,ANDALUCIA,ARO CENTRO TULUA,CANINO,URBANO,NO,DESCONOCIDO,1 VISITA,SIN CLASIFICAR,1
2026,2026,4,76036,ANDALUCIA,ARO CENTRO TULUA,FELINO,URBANO,SI,DESCONOCIDO,3 VISITAS FUERA DE 10 DÍAS O CON INCONSISTENCIA,SIN CLASIFICAR,1
2026,2026,4,76041,ANSERMANUEVO,ARO NORTE CARTAGO,CANINO,RURAL,NO,DESCONOCIDO,1 VISITA,NO OBSERVADO,1
2026,2026,4,76041,ANSERMANUEVO,ARO NORTE CARTAGO,CANINO,URBANO,NO,DESCONOCIDO,1 VISITA,NO OBSERVADO,1
2026,2026,4,76041,ANSERMANUEVO,ARO NORTE CARTAGO,CANINO,URBANO,NO,DESCONOCIDO,2 VISITAS,NO OBSERVADO,1
2026,2026,4,76041,ANSERMANUEVO,ARO NORTE CARTAGO,CANINO,URBANO,SI,DESCONOCIDO,2 VISITAS,NO OBSERVADO,1
2026,2026,4,76041,ANSERMANUEVO,ARO NORTE CARTAGO,CANINO,URBANO,SI,VACUNADO,CUMPLE,SIN CLASIFICAR,1
2026,2026,4,76041,ANSERMANUEVO,ARO NORTE CARTAGO,FELINO,URBANO,NO,DESCONOCIDO,1 VISITA,NO OBSERVADO,2
2026,2026,4,76041,ANSERMANUEVO,ARO NORTE CARTAGO,FELINO,URBANO,NO,DESCONOCIDO,2 VISITAS,NO OBSERVABLE,1
2026,2026,4,76041,ANSERMANUEVO,ARO NORTE CARTAGO,FELINO,URBANO,SI,NO VACUNADO,2 VISITAS,NO OBSERVADO,1
2026,2026,4,76041,ANSERMANUEVO,ARO NORTE CARTAGO,FELINO,URBANO,SI,VACUNADO,CUMPLE,SIN CLASIFICAR,1
2026,2026,4,76054,ARGELIA,ARO NORTE CARTAGO,CANINO,RURAL,SI,DESCONOCIDO,1 VISITA,NO OBSERVADO,1
2026,2026,4,76054,ARGELIA,ARO NORTE CARTAGO,CANINO,RURAL,SI,NO VACUNADO,CUMPLE,CON SIGNOS REPORTADOS,1
2026,2026,4,76054,ARGELIA,ARO NORTE CARTAGO,CANINO,URBANO,NO,NO VACUNADO,CUMPLE,OBSERVADO SANO,1
2026,2026,4,76054,ARGELIA,ARO NORTE CARTAGO,CANINO,URBANO,SI,DESCONOCIDO,CUMPLE,NO OBSERVADO,1
2026,2026,4,76054,ARGELIA,ARO NORTE CARTAGO,CANINO,URBANO,SI,NO VACUNADO,CUMPLE,OBSERVADO SANO,1
2026,2026,4,76054,ARGELIA,ARO NORTE CARTAGO,FELINO,URBANO,NO,DESCONOCIDO,1 VISITA,CALLEJERO,1
2026,2026,4,76100,BOLIVAR,ARO CENTRO TULUA,CANINO,RURAL,NO,DESCONOCIDO,1 VISITA,PERDIDO O DESAPARECIDO,2
2026,2026,4,76100,BOLIVAR,ARO CENTRO TULUA,FELINO,URBANO,NO,DESCONOCIDO,1 VISITA,PERDIDO O DESAPARECIDO,1
2026,2026,4,76113,BUGALAGRANDE,ARO CENTRO TULUA,CANINO,URBANO,NO,DESCONOCIDO,1 VISITA,CALLEJERO,1
2026,2026,4,76113,BUGALAGRANDE,ARO CENTRO TULUA,CANINO,URBANO,NO,DESCONOCIDO,1 VISITA,SIN CLASIFICAR,1
2026,2026,4,76113,BUGALAGRANDE,ARO CENTRO TULUA,CANINO,URBANO,NO,VACUNADO,1 VISITA,SIN CLASIFICAR,2
2026,2026,4,76113,BUGALAGRANDE,ARO CENTRO TULUA,CANINO,URBANO,NO,VACUNADO,2 VISITAS,SIN CLASIFICAR,1
2026,2026,4,76113,BUGALAGRANDE,ARO CENTRO TULUA,CANINO,URBANO,SI,NO VACUNADO,2 VISITAS,SIN CLASIFICAR,1
2026,2026,4,76122,CAICEDONIA,ARO CENTRO TULUA,CANINO,RURAL,NO,DESCONOCIDO,1 VISITA,SIN CLASIFICAR,1
2026,2026,4,76122,CAICEDONIA,ARO CENTRO TULUA,CANINO,RURAL,NO,NO VACUNADO,2 VISITAS,OBSERVADO SANO,1
2026,2026,4,76122,CAICEDONIA,ARO CENTRO TULUA,CANINO,URBANO,NO,DESCONOCIDO,1 VISITA,CALLEJERO,4
2026,2026,4,76122,CAICEDONIA,ARO CENTRO TULUA,CANINO,URBANO,NO,DESCONOCIDO,1 VISITA,NO OBSERVABLE,1
2026,2026,4,76122,CAICEDONIA,ARO CENTRO TULUA,CANINO,URBANO,NO,DESCONOCIDO,1 VISITA,SIN CLASIFICAR,1
2026,2026,4,76122,CAICEDONIA,ARO CENTRO TULUA,CANINO,URBANO,NO,DESCONOCIDO,2 VISITAS,OBSERVADO SANO,1
2026,2026,4,76122,CAICEDONIA,ARO CENTRO TULUA,CANINO,URBANO,NO,NO VACUNADO,1 VISITA,SIN CLASIFICAR,1
2026,2026,4,76122,CAICEDONIA,ARO CENTRO TULUA,CANINO,URBANO,NO,NO VACUNADO,2 VISITAS,OBSERVADO SANO,1
2026,2026,4,76122,CAICEDONIA,ARO CENTRO TULUA,CANINO,URBANO,NO,VACUNADO,2 VISITAS,NO OBSERVABLE,1
2026,2026,4,76122,CAICEDONIA,ARO CENTRO TULUA,CANINO,URBANO,SI,DESCONOCIDO,1 VISITA,CALLEJERO,1
2026,2026,4,76122,CAICEDONIA,ARO CENTRO TULUA,CANINO,URBANO,SI,NO VACUNADO,2 VISITAS,NO OBSERVABLE,1
2026,2026,4,76122,CAICEDONIA,ARO CENTRO TULUA,CANINO,URBANO,SI,NO VACUNADO,2 VISITAS,OBSERVADO SANO,1
2026,2026,4,76122,CAICEDONIA,ARO CENTRO TULUA,CANINO,URBANO,SI,VACUNADO,2 VISITAS,NO OBSERVABLE,1
2026,2026,4,76122,CAICEDONIA,ARO CENTRO TULUA,FELINO,URBANO,NO,DESCONOCIDO,1 VISITA,CALLEJERO,1
2026,2026,4,76122,CAICEDONIA,ARO CENTRO TULUA,FELINO,URBANO,NO,DESCONOCIDO,2 VISITAS,OBSERVADO SANO,1
2026,2026,4,76122,CAICEDONIA,ARO CENTRO TULUA,FELINO,URBANO,NO,VACUNADO,2 VISITAS,OBSERVADO SANO,1
2026,2026,4,76126,CALIMA,ARO CENTRO TULUA,CANINO,RURAL,NO,DESCONOCIDO,1 VISITA,SIN CLASIFICAR,2
2026,2026,4,76126,CALIMA,ARO CENTRO TULUA,CANINO,RURAL,NO,VACUNADO,1 VISITA,SIN CLASIFICAR,2
2026,2026,4,76126,CALIMA,ARO CENTRO TULUA,CANINO,URBANO,NO,DESCONOCIDO,1 VISITA,SIN CLASIFICAR,6
2026,2026,4,76126,CALIMA,ARO CENTRO TULUA,CANINO,URBANO,NO,NO VACUNADO,1 VISITA,SIN CLASIFICAR,3
2026,2026,4,76126,CALIMA,ARO CENTRO TULUA,CANINO,URBANO,NO,VACUNADO,1 VISITA,SIN CLASIFICAR,3
2026,2026,4,76126,CALIMA,ARO CENTRO TULUA,FELINO,RURAL,NO,DESCONOCIDO,1 VISITA,SIN CLASIFICAR,1
2026,2026,4,76126,CALIMA,ARO CENTRO TULUA,FELINO,URBANO,NO,DESCONOCIDO,1 VISITA,SIN CLASIFICAR,1
2026,2026,4,76233,DAGUA,ARO SUR CALI,CANINO,RURAL,NO,DESCONOCIDO,1 VISITA,PERDIDO O DESAPARECIDO,1
2026,2026,4,76233,DAGUA,ARO SUR CALI,CANINO,RURAL,NO,DESCONOCIDO,1 VISITA,SIN CLASIFICAR,5
2026,2026,4,76233,DAGUA,ARO SUR CALI,CANINO,RURAL,NO,VACUNADO,1 VISITA,CON SIGNOS REPORTADOS,1
2026,2026,4,76233,DAGUA,ARO SUR CALI,CANINO,RURAL,SI,DESCONOCIDO,1 VISITA,PERDIDO O DESAPARECIDO,3
2026,2026,4,76233,DAGUA,ARO SUR CALI,CANINO,RURAL,SI,DESCONOCIDO,1 VISITA,SIN CLASIFICAR,2
2026,2026,4,76233,DAGUA,ARO SUR CALI,CANINO,RURAL,SI,DESCONOCIDO,2 VISITAS,PERDIDO O DESAPARECIDO,1
2026,2026,4,76233,DAGUA,ARO SUR CALI,CANINO,URBANO,NO,DESCONOCIDO,1 VISITA,PERDIDO O DESAPARECIDO,2
2026,2026,4,76233,DAGUA,ARO SUR CALI,CANINO,URBANO,NO,DESCONOCIDO,2 VISITAS,PERDIDO O DESAPARECIDO,1
2026,2026,4,76233,DAGUA,ARO SUR CALI,CANINO,URBANO,SI,DESCONOCIDO,1 VISITA,PERDIDO O DESAPARECIDO,3
2026,2026,4,76233,DAGUA,ARO SUR CALI,CANINO,URBANO,SI,DESCONOCIDO,1 VISITA,SIN CLASIFICAR,1
2026,2026,4,76233,DAGUA,ARO SUR CALI,FELINO,RURAL,NO,DESCONOCIDO,1 VISITA,PERDIDO O DESAPARECIDO,1
2026,2026,4,76233,DAGUA,ARO SUR CALI,FELINO,RURAL,SI,DESCONOCIDO,1 VISITA,PERDIDO O DESAPARECIDO,1
2026,2026,4,76233,DAGUA,ARO SUR CALI,SIN DATO,URBANO,NO,DESCONOCIDO,1 VISITA,PERDIDO O DESAPARECIDO,1
2026,2026,4,76243,EL AGUILA,ARO NORTE CARTAGO,CANINO,RURAL,NO,DESCONOCIDO,1 VISITA,NO OBSERVADO,1
2026,2026,4,76243,EL AGUILA,ARO NORTE CARTAGO,CANINO,RURAL,NO,NO VACUNADO,CUMPLE,OBSERVADO SANO,1
2026,2026,4,76243,EL AGUILA,ARO NORTE CARTAGO,CANINO,RURAL,SI,VACUNADO,CUMPLE,OBSERVADO SANO,1
2026,2026,4,76243,EL AGUILA,ARO NORTE CARTAGO,CANINO,URBANO,NO,DESCONOCIDO,1 VISITA,NO OBSERVADO,1
2026,2026,4,76246,EL CAIRO,ARO NORTE CARTAGO,CANINO,RURAL,SI,VACUNADO,CUMPLE,OBSERVADO SANO,1
2026,2026,4,76246,EL CAIRO,ARO NORTE CARTAGO,CANINO,URBANO,NO,DESCONOCIDO,1 VISITA,SIN CLASIFICAR,1
2026,2026,4,76246,EL CAIRO,ARO NORTE CARTAGO,FELINO,URBANO,SI,NO VACUNADO,CUMPLE,CON SIGNOS REPORTADOS,1
2026,2026,4,76248,EL CERRITO,ARO SUR CALI,CANINO,RURAL,NO,DESCONOCIDO,1 VISITA,PERDIDO O DESAPARECIDO,1
2026,2026,4,76248,EL CERRITO,ARO SUR CALI,CANINO,RURAL,NO,DESCONOCIDO,2 VISITAS,SIN CLASIFICAR,1
2026,2026,4,76248,EL CERRITO,ARO SUR CALI,CANINO,RURAL,SI,DESCONOCIDO,2 VISITAS,SIN CLASIFICAR,1
2026,2026,4,76248,EL CERRITO,ARO SUR CALI,CANINO,URBANO,NO,DESCONOCIDO,1 VISITA,PERDIDO O DESAPARECIDO,4
2026,2026,4,76248,EL CERRITO,ARO SUR CALI,CANINO,URBANO,NO,DESCONOCIDO,1 VISITA,SIN CLASIFICAR,1
2026,2026,4,76248,EL CERRITO,ARO SUR CALI,CANINO,URBANO,NO,DESCONOCIDO,2 VISITAS,SIN CLASIFICAR,3
2026,2026,4,76248,EL CERRITO,ARO SUR CALI,CANINO,URBANO,NO,DESCONOCIDO,3 VISITAS FUERA DE 10 DÍAS O CON INCONSISTENCIA,SIN CLASIFICAR,1
2026,2026,4,76248,EL CERRITO,ARO SUR CALI,CANINO,URBANO,NO,NO VACUNADO,1 VISITA,SIN CLASIFICAR,3
2026,2026,4,76248,EL CERRITO,ARO SUR CALI,CANINO,URBANO,NO,VACUNADO,1 VISITA,SIN CLASIFICAR,4
2026,2026,4,76248,EL CERRITO,ARO SUR CALI,CANINO,URBANO,SI,DESCONOCIDO,1 VISITA,PERDIDO O DESAPARECIDO,3
2026,2026,4,76248,EL CERRITO,ARO SUR CALI,CANINO,URBANO,SI,DESCONOCIDO,1 VISITA,SIN CLASIFICAR,1
2026,2026,4,76248,EL CERRITO,ARO SUR CALI,CANINO,URBANO,SI,NO VACUNADO,2 VISITAS,SIN CLASIFICAR,1
2026,2026,4,76248,EL CERRITO,ARO SUR CALI,FELINO,URBANO,SI,DESCONOCIDO,2 VISITAS,SIN CLASIFICAR,1
2026,2026,4,76250,EL DOVIO,ARO NORTE CARTAGO,CANINO,RURAL,NO,DESCONOCIDO,1 VISITA,SIN CLASIFICAR,1
2026,2026,4,76250,EL DOVIO,ARO NORTE CARTAGO,CANINO,RURAL,NO,VACUNADO,1 VISITA,OBSERVADO SANO,1
2026,2026,4,76275,FLORIDA,ARO SUR CALI,CANINO,RURAL,NO,DESCONOCIDO,1 VISITA,PERDIDO O DESAPARECIDO,1
2026,2026,4,76275,FLORIDA,ARO SUR CALI,CANINO,RURAL,NO,DESCONOCIDO,2 VISITAS,PERDIDO O DESAPARECIDO,1
2026,2026,4,76275,FLORIDA,ARO SUR CALI,CANINO,RURAL,NO,VACUNADO,2 VISITAS,SIN CLASIFICAR,2
2026,2026,4,76275,FLORIDA,ARO SUR CALI,CANINO,RURAL,SI,DESCONOCIDO,1 VISITA,PERDIDO O DESAPARECIDO,1
2026,2026,4,76275,FLORIDA,ARO SUR CALI,CANINO,RURAL,SI,VACUNADO,1 VISITA,SIN CLASIFICAR,1
2026,2026,4,76275,FLORIDA,ARO SUR CALI,CANINO,URBANO,NO,DESCONOCIDO,1 VISITA,PERDIDO O DESAPARECIDO,4
2026,2026,4,76275,FLORIDA,ARO SUR CALI,CANINO,URBANO,NO,DESCONOCIDO,2 VISITAS,PERDIDO O DESAPARECIDO,2
2026,2026,4,76275,FLORIDA,ARO SUR CALI,CANINO,URBANO,NO,VACUNADO,1 VISITA,CON SIGNOS REPORTADOS,1
2026,2026,4,76275,FLORIDA,ARO SUR CALI,CANINO,URBANO,NO,VACUNADO,1 VISITA,PERDIDO O DESAPARECIDO,2
2026,2026,4,76275,FLORIDA,ARO SUR CALI,CANINO,URBANO,NO,VACUNADO,1 VISITA,SIN CLASIFICAR,3
2026,2026,4,76275,FLORIDA,ARO SUR CALI,CANINO,URBANO,NO,VACUNADO,2 VISITAS,SIN CLASIFICAR,1
2026,2026,4,76275,FLORIDA,ARO SUR CALI,CANINO,URBANO,SI,DESCONOCIDO,1 VISITA,PERDIDO O DESAPARECIDO,1
2026,2026,4,76275,FLORIDA,ARO SUR CALI,CANINO,URBANO,SI,DESCONOCIDO,2 VISITAS,PERDIDO O DESAPARECIDO,2
2026,2026,4,76275,FLORIDA,ARO SUR CALI,CANINO,URBANO,SI,VACUNADO,1 VISITA,SIN CLASIFICAR,1
2026,2026,4,76275,FLORIDA,ARO SUR CALI,FELINO,URBANO,NO,DESCONOCIDO,1 VISITA,PERDIDO O DESAPARECIDO,1
2026,2026,4,76275,FLORIDA,ARO SUR CALI,FELINO,URBANO,NO,VACUNADO,1 VISITA,OBSERVADO SANO,1
2026,2026,4,76275,FLORIDA,ARO SUR CALI,FELINO,URBANO,SI,DESCONOCIDO,1 VISITA,PERDIDO O DESAPARECIDO,2
2026,2026,4,76306,GINEBRA,ARO SUR CALI,CANINO,RURAL,NO,DESCONOCIDO,1 VISITA,PERDIDO O DESAPARECIDO,3
2026,2026,4,76306,GINEBRA,ARO SUR CALI,CANINO,RURAL,NO,DESCONOCIDO,2 VISITAS,CON SIGNOS REPORTADOS,1
2026,2026,4,76306,GINEBRA,ARO SUR CALI,CANINO,RURAL,NO,VACUNADO,1 VISITA,SIN CLASIFICAR,1
2026,2026,4,76306,GINEBRA,ARO SUR CALI,CANINO,RURAL,NO,VACUNADO,2 VISITAS,SIN CLASIFICAR,1
2026,2026,4,76306,GINEBRA,ARO SUR CALI,CANINO,URBANO,NO,DESCONOCIDO,1 VISITA,PERDIDO O DESAPARECIDO,2
2026,2026,4,76306,GINEBRA,ARO SUR CALI,CANINO,URBANO,NO,DESCONOCIDO,1 VISITA,SIN CLASIFICAR,1
2026,2026,4,76306,GINEBRA,ARO SUR CALI,CANINO,URBANO,NO,NO VACUNADO,2 VISITAS,SIN CLASIFICAR,1
2026,2026,4,76306,GINEBRA,ARO SUR CALI,CANINO,URBANO,SI,DESCONOCIDO,1 VISITA,PERDIDO O DESAPARECIDO,1
2026,2026,4,76306,GINEBRA,ARO SUR CALI,FELINO,RURAL,NO,DESCONOCIDO,1 VISITA,PERDIDO O DESAPARECIDO,1
2026,2026,4,76318,GUACARI,ARO SUR CALI,CANINO,RURAL,NO,DESCONOCIDO,1 VISITA,CON SIGNOS REPORTADOS,1
2026,2026,4,76318,GUACARI,ARO SUR CALI,CANINO,RURAL,NO,DESCONOCIDO,1 VISITA,OBSERVADO SANO,2
2026,2026,4,76318,GUACARI,ARO SUR CALI,CANINO,RURAL,SI,DESCONOCIDO,1 VISITA,OBSERVADO SANO,2
2026,2026,4,76318,GUACARI,ARO SUR CALI,CANINO,RURAL,SI,VACUNADO,1 VISITA,OBSERVADO SANO,1
2026,2026,4,76318,GUACARI,ARO SUR CALI,CANINO,URBANO,NO,DESCONOCIDO,1 VISITA,OBSERVADO SANO,1
2026,2026,4,76318,GUACARI,ARO SUR CALI,CANINO,URBANO,NO,DESCONOCIDO,1 VISITA,PERDIDO O DESAPARECIDO,8
2026,2026,4,76318,GUACARI,ARO SUR CALI,CANINO,URBANO,SI,DESCONOCIDO,1 VISITA,PERDIDO O DESAPARECIDO,2
2026,2026,4,76318,GUACARI,ARO SUR CALI,FELINO,URBANO,SI,DESCONOCIDO,1 VISITA,MUERTO,1
2026,2026,4,76318,GUACARI,ARO SUR CALI,FELINO,URBANO,SI,DESCONOCIDO,1 VISITA,OBSERVADO SANO,1
2026,2026,4,76377,LA CUMBRE,ARO SUR CALI,CANINO,RURAL,SI,VACUNADO,1 VISITA,SIN CLASIFICAR,1
2026,2026,4,76377,LA CUMBRE,ARO SUR CALI,CANINO,URBANO,NO,DESCONOCIDO,1 VISITA,PERDIDO O DESAPARECIDO,4
2026,2026,4,76377,LA CUMBRE,ARO SUR CALI,CANINO,URBANO,NO,DESCONOCIDO,1 VISITA,SIN CLASIFICAR,1
2026,2026,4,76377,LA CUMBRE,ARO SUR CALI,CANINO,URBANO,SI,DESCONOCIDO,1 VISITA,PERDIDO O DESAPARECIDO,1
2026,2026,4,76377,LA CUMBRE,ARO SUR CALI,FELINO,RURAL,NO,DESCONOCIDO,1 VISITA,SIN CLASIFICAR,1
2026,2026,4,76377,LA CUMBRE,ARO SUR CALI,FELINO,URBANO,NO,DESCONOCIDO,1 VISITA,SIN CLASIFICAR,1
2026,2026,4,76400,LA UNION,ARO NORTE CARTAGO,CANINO,RURAL,NO,DESCONOCIDO,1 VISITA,SIN CLASIFICAR,1
2026,2026,4,76400,LA UNION,ARO NORTE CARTAGO,CANINO,URBANO,NO,DESCONOCIDO,1 VISITA,NO OBSERVABLE,2
2026,2026,4,76400,LA UNION,ARO NORTE CARTAGO,CANINO,URBANO,NO,DESCONOCIDO,1 VISITA,PERDIDO O DESAPARECIDO,2
2026,2026,4,76400,LA UNION,ARO NORTE CARTAGO,CANINO,URBANO,NO,DESCONOCIDO,2 VISITAS,NO OBSERVABLE,1
2026,2026,4,76400,LA UNION,ARO NORTE CARTAGO,FELINO,URBANO,NO,NO VACUNADO,CUMPLE,NO OBSERVABLE,1
2026,2026,4,76403,LA VICTORIA,ARO NORTE CARTAGO,CANINO,RURAL,NO,DESCONOCIDO,2 VISITAS,OBSERVADO SANO,2
2026,2026,4,76403,LA VICTORIA,ARO NORTE CARTAGO,CANINO,URBANO,NO,DESCONOCIDO,1 VISITA,PERDIDO O DESAPARECIDO,1
2026,2026,4,76403,LA VICTORIA,ARO NORTE CARTAGO,CANINO,URBANO,NO,DESCONOCIDO,2 VISITAS,OBSERVADO SANO,1
2026,2026,4,76403,LA VICTORIA,ARO NORTE CARTAGO,CANINO,URBANO,NO,VACUNADO,2 VISITAS,OBSERVADO SANO,1
2026,2026,4,76403,LA VICTORIA,ARO NORTE CARTAGO,CANINO,URBANO,NO,VACUNADO,3 VISITAS FUERA DE 10 DÍAS O CON INCONSISTENCIA,OBSERVADO SANO,1
2026,2026,4,76403,LA VICTORIA,ARO NORTE CARTAGO,CANINO,URBANO,SI,DESCONOCIDO,2 VISITAS,OBSERVADO SANO,1
2026,2026,4,76403,LA VICTORIA,ARO NORTE CARTAGO,CANINO,URBANO,SI,VACUNADO,1 VISITA,SIN CLASIFICAR,1
2026,2026,4,76403,LA VICTORIA,ARO NORTE CARTAGO,SIN DATO,URBANO,NO,DESCONOCIDO,2 VISITAS,OBSERVADO SANO,1
2026,2026,4,76497,OBANDO,ARO NORTE CARTAGO,CANINO,URBANO,NO,DESCONOCIDO,1 VISITA,PERDIDO O DESAPARECIDO,2
2026,2026,4,76497,OBANDO,ARO NORTE CARTAGO,CANINO,URBANO,NO,DESCONOCIDO,2 VISITAS,NO OBSERVABLE,1
2026,2026,4,76497,OBANDO,ARO NORTE CARTAGO,FELINO,RURAL,SI,DESCONOCIDO,CUMPLE,OBSERVADO SANO,1
2026,2026,4,76497,OBANDO,ARO NORTE CARTAGO,OTRO,URBANO,SI,DESCONOCIDO,1 VISITA,NO OBSERVADO,1
2026,2026,4,76563,PRADERA,ARO SUR CALI,CANINO,RURAL,NO,DESCONOCIDO,1 VISITA,PERDIDO O DESAPARECIDO,1
2026,2026,4,76563,PRADERA,ARO SUR CALI,CANINO,URBANO,NO,DESCONOCIDO,1 VISITA,PERDIDO O DESAPARECIDO,17
2026,2026,4,76563,PRADERA,ARO SUR CALI,CANINO,URBANO,NO,DESCONOCIDO,1 VISITA,SIN CLASIFICAR,1
2026,2026,4,76563,PRADERA,ARO SUR CALI,FELINO,RURAL,NO,DESCONOCIDO,1 VISITA,PERDIDO O DESAPARECIDO,1
2026,2026,4,76563,PRADERA,ARO SUR CALI,FELINO,URBANO,NO,DESCONOCIDO,1 VISITA,PERDIDO O DESAPARECIDO,8
2026,2026,4,76563,PRADERA,ARO SUR CALI,FELINO,URBANO,NO,NO VACUNADO,1 VISITA,SIN CLASIFICAR,1
2026,2026,4,76606,RESTREPO,ARO CENTRO TULUA,CANINO,RURAL,NO,DESCONOCIDO,1 VISITA,PERDIDO O DESAPARECIDO,5
2026,2026,4,76606,RESTREPO,ARO CENTRO TULUA,CANINO,RURAL,NO,NO VACUNADO,1 VISITA,SIN CLASIFICAR,1
2026,2026,4,76606,RESTREPO,ARO CENTRO TULUA,CANINO,RURAL,NO,VACUNADO,1 VISITA,PERDIDO O DESAPARECIDO,1
2026,2026,4,76606,RESTREPO,ARO CENTRO TULUA,CANINO,RURAL,NO,VACUNADO,1 VISITA,SIN CLASIFICAR,1
2026,2026,4,76606,RESTREPO,ARO CENTRO TULUA,CANINO,URBANO,NO,DESCONOCIDO,1 VISITA,PERDIDO O DESAPARECIDO,4
2026,2026,4,76606,RESTREPO,ARO CENTRO TULUA,CANINO,URBANO,NO,NO VACUNADO,CUMPLE,CON SIGNOS REPORTADOS,1
2026,2026,4,76606,RESTREPO,ARO CENTRO TULUA,CANINO,URBANO,NO,VACUNADO,1 VISITA,SIN CLASIFICAR,1
2026,2026,4,76606,RESTREPO,ARO CENTRO TULUA,CANINO,URBANO,SI,NO VACUNADO,1 VISITA,SIN CLASIFICAR,1
2026,2026,4,76616,RIOFRIO,ARO CENTRO TULUA,CANINO,RURAL,NO,VACUNADO,3 VISITAS FUERA DE 10 DÍAS O CON INCONSISTENCIA,SIN CLASIFICAR,2
2026,2026,4,76616,RIOFRIO,ARO CENTRO TULUA,CANINO,RURAL,NO,VACUNADO,CUMPLE,SIN CLASIFICAR,1
2026,2026,4,76616,RIOFRIO,ARO CENTRO TULUA,CANINO,URBANO,NO,DESCONOCIDO,3 VISITAS FUERA DE 10 DÍAS O CON INCONSISTENCIA,SIN CLASIFICAR,1
2026,2026,4,76616,RIOFRIO,ARO CENTRO TULUA,FELINO,RURAL,NO,NO VACUNADO,3 VISITAS FUERA DE 10 DÍAS O CON INCONSISTENCIA,SIN CLASIFICAR,1
2026,2026,4,76622,ROLDANILLO,ARO NORTE CARTAGO,CANINO,RURAL,NO,DESCONOCIDO,1 VISITA,NO OBSERVABLE,1
2026,2026,4,76622,ROLDANILLO,ARO NORTE CARTAGO,CANINO,RURAL,NO,DESCONOCIDO,1 VISITA,NO OBSERVADO,1
2026,2026,4,76622,ROLDANILLO,ARO NORTE CARTAGO,CANINO,RURAL,SI,DESCONOCIDO,1 VISITA,OBSERVADO SANO,1
2026,2026,4,76622,ROLDANILLO,ARO NORTE CARTAGO,CANINO,RURAL,SI,VACUNADO,1 VISITA,MUERTO,1
2026,2026,4,76622,ROLDANILLO,ARO NORTE CARTAGO,CANINO,URBANO,NO,DESCONOCIDO,1 VISITA,NO OBSERVABLE,7
2026,2026,4,76622,ROLDANILLO,ARO NORTE CARTAGO,CANINO,URBANO,NO,DESCONOCIDO,1 VISITA,NO OBSERVADO,4
2026,2026,4,76622,ROLDANILLO,ARO NORTE CARTAGO,CANINO,URBANO,SI,DESCONOCIDO,1 VISITA,NO OBSERVABLE,1
2026,2026,4,76622,ROLDANILLO,ARO NORTE CARTAGO,CANINO,URBANO,SI,VACUNADO,1 VISITA,OBSERVADO SANO,1
2026,2026,4,76622,ROLDANILLO,ARO NORTE CARTAGO,FELINO,RURAL,NO,DESCONOCIDO,1 VISITA,NO OBSERVADO,1
2026,2026,4,76622,ROLDANILLO,ARO NORTE CARTAGO,FELINO,RURAL,SI,VACUNADO,1 VISITA,SIN CLASIFICAR,1
2026,2026,4,76670,SAN PEDRO,ARO CENTRO TULUA,CANINO,RURAL,NO,DESCONOCIDO,1 VISITA,SIN CLASIFICAR,1
2026,2026,4,76670,SAN PEDRO,ARO CENTRO TULUA,CANINO,RURAL,NO,VACUNADO,1 VISITA,SIN CLASIFICAR,1
2026,2026,4,76670,SAN PEDRO,ARO CENTRO TULUA,CANINO,URBANO,NO,DESCONOCIDO,1 VISITA,SIN CLASIFICAR,1
2026,2026,4,76670,SAN PEDRO,ARO CENTRO TULUA,CANINO,URBANO,SI,DESCONOCIDO,1 VISITA,SIN CLASIFICAR,2
2026,2026,4,76736,SEVILLA,ARO CENTRO TULUA,CANINO,RURAL,NO,DESCONOCIDO,1 VISITA,CALLEJERO,2
2026,2026,4,76736,SEVILLA,ARO CENTRO TULUA,CANINO,RURAL,NO,VACUNADO,1 VISITA,SIN CLASIFICAR,1
2026,2026,4,76736,SEVILLA,ARO CENTRO TULUA,CANINO,URBANO,NO,DESCONOCIDO,1 VISITA,CALLEJERO,6
2026,2026,4,76736,SEVILLA,ARO CENTRO TULUA,CANINO,URBANO,NO,DESCONOCIDO,1 VISITA,SIN CLASIFICAR,5
2026,2026,4,76736,SEVILLA,ARO CENTRO TULUA,CANINO,URBANO,NO,DESCONOCIDO,2 VISITAS,OBSERVADO SANO,2
2026,2026,4,76736,SEVILLA,ARO CENTRO TULUA,CANINO,URBANO,NO,NO VACUNADO,1 VISITA,OBSERVADO SANO,1
2026,2026,4,76736,SEVILLA,ARO CENTRO TULUA,CANINO,URBANO,NO,VACUNADO,1 VISITA,SIN CLASIFICAR,1
2026,2026,4,76736,SEVILLA,ARO CENTRO TULUA,CANINO,URBANO,SI,VACUNADO,2 VISITAS,OBSERVADO SANO,1
2026,2026,4,76736,SEVILLA,ARO CENTRO TULUA,FELINO,URBANO,NO,DESCONOCIDO,1 VISITA,CALLEJERO,2
2026,2026,4,76736,SEVILLA,ARO CENTRO TULUA,FELINO,URBANO,NO,DESCONOCIDO,1 VISITA,NO OBSERVABLE,1
2026,2026,4,76736,SEVILLA,ARO CENTRO TULUA,FELINO,URBANO,NO,NO VACUNADO,2 VISITAS,OBSERVADO SANO,1
2026,2026,4,76736,SEVILLA,ARO CENTRO TULUA,FELINO,URBANO,SI,VACUNADO,1 VISITA,SIN CLASIFICAR,1
2026,2026,4,76823,TORO,ARO NORTE CARTAGO,CANINO,URBANO,NO,VACUNADO,2 VISITAS,SIN CLASIFICAR,1
2026,2026,4,76823,TORO,ARO NORTE CARTAGO,CANINO,URBANO,SI,DESCONOCIDO,1 VISITA,NO OBSERVABLE,1
2026,2026,4,76823,TORO,ARO NORTE CARTAGO,CANINO,URBANO,SI,NO VACUNADO,1 VISITA,NO OBSERVABLE,1
2026,2026,4,76823,TORO,ARO NORTE CARTAGO,CANINO,URBANO,SI,VACUNADO,2 VISITAS,SIN CLASIFICAR,1
2026,2026,4,76828,TRUJILLO,ARO CENTRO TULUA,CANINO,RURAL,NO,DESCONOCIDO,1 VISITA,PERDIDO O DESAPARECIDO,1
2026,2026,4,76828,TRUJILLO,ARO CENTRO TULUA,CANINO,RURAL,NO,DESCONOCIDO,1 VISITA,SIN CLASIFICAR,1
2026,2026,4,76828,TRUJILLO,ARO CENTRO TULUA,CANINO,RURAL,NO,VACUNADO,2 VISITAS,SIN CLASIFICAR,2
2026,2026,4,76828,TRUJILLO,ARO CENTRO TULUA,CANINO,URBANO,NO,DESCONOCIDO,1 VISITA,PERDIDO O DESAPARECIDO,2
2026,2026,4,76828,TRUJILLO,ARO CENTRO TULUA,CANINO,URBANO,SI,DESCONOCIDO,2 VISITAS,SIN CLASIFICAR,1
2026,2026,4,76828,TRUJILLO,ARO CENTRO TULUA,CANINO,URBANO,SI,VACUNADO,2 VISITAS,SIN CLASIFICAR,1
2026,2026,4,76828,TRUJILLO,ARO CENTRO TULUA,FELINO,URBANO,NO,NO VACUNADO,2 VISITAS,SIN CLASIFICAR,1
2026,2026,4,76845,ULLOA,ARO NORTE CARTAGO,CANINO,RURAL,NO,DESCONOCIDO,1 VISITA,NO OBSERVABLE,1
2026,2026,4,76845,ULLOA,ARO NORTE CARTAGO,CANINO,RURAL,SI,VACUNADO,1 VISITA,OBSERVADO SANO,1
2026,2026,4,76845,ULLOA,ARO NORTE CARTAGO,CANINO,URBANO,NO,DESCONOCIDO,1 VISITA,NO OBSERVADO,1
2026,2026,4,76863,VERSALLES,ARO NORTE CARTAGO,CANINO,RURAL,NO,DESCONOCIDO,1 VISITA,NO OBSERVADO,1
2026,2026,4,76863,VERSALLES,ARO NORTE CARTAGO,CANINO,URBANO,SI,DESCONOCIDO,1 VISITA,NO OBSERVABLE,2
2026,2026,4,76863,VERSALLES,ARO NORTE CARTAGO,FELINO,URBANO,SI,DESCONOCIDO,1 VISITA,NO OBSERVADO,1
2026,2026,4,76869,VIJES,ARO SUR CALI,CANINO,RURAL,NO,DESCONOCIDO,2 VISITAS,CON SIGNOS REPORTADOS,1
2026,2026,4,76869,VIJES,ARO SUR CALI,CANINO,RURAL,NO,VACUNADO,2 VISITAS,CON SIGNOS REPORTADOS,1
2026,2026,4,76869,VIJES,ARO SUR CALI,FELINO,URBANO,NO,VACUNADO,2 VISITAS,CALLEJERO,1
2026,2026,4,76890,YOTOCO,ARO CENTRO TULUA,CANINO,RURAL,NO,DESCONOCIDO,1 VISITA,PERDIDO O DESAPARECIDO,1
2026,2026,4,76890,YOTOCO,ARO CENTRO TULUA,CANINO,RURAL,NO,NO VACUNADO,1 VISITA,SIN CLASIFICAR,2
2026,2026,4,76890,YOTOCO,ARO CENTRO TULUA,CANINO,URBANO,NO,DESCONOCIDO,1 VISITA,PERDIDO O DESAPARECIDO,1
2026,2026,4,76890,YOTOCO,ARO CENTRO TULUA,CANINO,URBANO,NO,NO VACUNADO,1 VISITA,SIN CLASIFICAR,2
2026,2026,4,76890,YOTOCO,ARO CENTRO TULUA,CANINO,URBANO,NO,VACUNADO,1 VISITA,SIN CLASIFICAR,1
2026,2026,4,76890,YOTOCO,ARO CENTRO TULUA,FELINO,RURAL,SI,NO VACUNADO,1 VISITA,SIN CLASIFICAR,1
2026,2026,4,76895,ZARZAL,ARO CENTRO TULUA,CANINO,RURAL,NO,NO VACUNADO,3 VISITAS FUERA DE 10 DÍAS O CON INCONSISTENCIA,SIN CLASIFICAR,1
2026,2026,4,76895,ZARZAL,ARO CENTRO TULUA,CANINO,URBANO,NO,DESCONOCIDO,1 VISITA,CALLEJERO,4
2026,2026,4,76895,ZARZAL,ARO CENTRO TULUA,CANINO,URBANO,NO,DESCONOCIDO,1 VISITA,SIN CLASIFICAR,1
2026,2026,4,76895,ZARZAL,ARO CENTRO TULUA,CANINO,URBANO,NO,NO VACUNADO,2 VISITAS,CALLEJERO,1
2026,2026,4,76895,ZARZAL,ARO CENTRO TULUA,CANINO,URBANO,NO,NO VACUNADO,2 VISITAS,SIN CLASIFICAR,1
2026,2026,4,76895,ZARZAL,ARO CENTRO TULUA,CANINO,URBANO,NO,NO VACUNADO,3 VISITAS FUERA DE 10 DÍAS O CON INCONSISTENCIA,SIN CLASIFICAR,1
2026,2026,4,76895,ZARZAL,ARO CENTRO TULUA,CANINO,URBANO,NO,VACUNADO,1 VISITA,SIN CLASIFICAR,1
2026,2026,4,76895,ZARZAL,ARO CENTRO TULUA,CANINO,URBANO,SI,DESCONOCIDO,1 VISITA,CALLEJERO,1
2026,2026,4,76895,ZARZAL,ARO CENTRO TULUA,CANINO,URBANO,SI,DESCONOCIDO,2 VISITAS,SIN CLASIFICAR,1
2026,2026,4,76895,ZARZAL,ARO CENTRO TULUA,CANINO,URBANO,SI,DESCONOCIDO,3 VISITAS FUERA DE 10 DÍAS O CON INCONSISTENCIA,SIN CLASIFICAR,1
2026,2026,4,76895,ZARZAL,ARO CENTRO TULUA,FELINO,RURAL,SI,NO VACUNADO,2 VISITAS,SIN CLASIFICAR,1
2026,2026,4,76895,ZARZAL,ARO CENTRO TULUA,FELINO,URBANO,NO,DESCONOCIDO,1 VISITA,SIN CLASIFICAR,4
2026,2026,4,76895,ZARZAL,ARO CENTRO TULUA,FELINO,URBANO,NO,NO VACUNADO,CUMPLE,SIN CLASIFICAR,1
2026,2026,4,76895,ZARZAL,ARO CENTRO TULUA,FELINO,URBANO,SI,DESCONOCIDO,1 VISITA,CON SIGNOS REPORTADOS,1
2026,2026,4,76895,ZARZAL,ARO CENTRO TULUA,FELINO,URBANO,SI,NO VACUNADO,2 VISITAS,SIN CLASIFICAR,1
2026,2026,5,76020,ALCALA,ARO NORTE CARTAGO,CANINO,RURAL,NO,DESCONOCIDO,2 VISITAS,NO OBSERVABLE,1
2026,2026,5,76020,ALCALA,ARO NORTE CARTAGO,CANINO,RURAL,SI,NO VACUNADO,2 VISITAS,SIN CLASIFICAR,1
2026,2026,5,76020,ALCALA,ARO NORTE CARTAGO,CANINO,URBANO,NO,DESCONOCIDO,1 VISITA,SIN CLASIFICAR,1
2026,2026,5,76020,ALCALA,ARO NORTE CARTAGO,CANINO,URBANO,NO,DESCONOCIDO,2 VISITAS,OBSERVADO SANO,1
2026,2026,5,76020,ALCALA,ARO NORTE CARTAGO,CANINO,URBANO,NO,VACUNADO,1 VISITA,OBSERVADO SANO,1
2026,2026,5,76020,ALCALA,ARO NORTE CARTAGO,CANINO,URBANO,NO,VACUNADO,2 VISITAS,OBSERVADO SANO,1
2026,2026,5,76020,ALCALA,ARO NORTE CARTAGO,CANINO,URBANO,NO,VACUNADO,CUMPLE,SIN CLASIFICAR,2
2026,2026,5,76020,ALCALA,ARO NORTE CARTAGO,CANINO,URBANO,SI,DESCONOCIDO,2 VISITAS,NO OBSERVABLE,1
2026,2026,5,76020,ALCALA,ARO NORTE CARTAGO,CANINO,URBANO,SI,DESCONOCIDO,2 VISITAS,OBSERVADO SANO,1
2026,2026,5,76020,ALCALA,ARO NORTE CARTAGO,FELINO,URBANO,NO,DESCONOCIDO,2 VISITAS,OBSERVADO SANO,2
2026,2026,5,76020,ALCALA,ARO NORTE CARTAGO,FELINO,URBANO,SI,DESCONOCIDO,1 VISITA,NO OBSERVADO,1
2026,2026,5,76036,ANDALUCIA,ARO CENTRO TULUA,CANINO,RURAL,NO,VACUNADO,CUMPLE,SIN CLASIFICAR,1
2026,2026,5,76036,ANDALUCIA,ARO CENTRO TULUA,CANINO,URBANO,NO,DESCONOCIDO,1 VISITA,SIN CLASIFICAR,2
2026,2026,5,76036,ANDALUCIA,ARO CENTRO TULUA,CANINO,URBANO,NO,DESCONOCIDO,2 VISITAS,CALLEJERO,1
2026,2026,5,76036,ANDALUCIA,ARO CENTRO TULUA,CANINO,URBANO,NO,DESCONOCIDO,CUMPLE,SIN CLASIFICAR,1
2026,2026,5,76036,ANDALUCIA,ARO CENTRO TULUA,CANINO,URBANO,NO,NO VACUNADO,CUMPLE,SIN CLASIFICAR,1
2026,2026,5,76036,ANDALUCIA,ARO CENTRO TULUA,CANINO,URBANO,NO,VACUNADO,1 VISITA,SIN CLASIFICAR,1
2026,2026,5,76036,ANDALUCIA,ARO CENTRO TULUA,CANINO,URBANO,NO,VACUNADO,CUMPLE,SIN CLASIFICAR,2
2026,2026,5,76036,ANDALUCIA,ARO CENTRO TULUA,CANINO,URBANO,SI,DESCONOCIDO,1 VISITA,SIN CLASIFICAR,1
2026,2026,5,76036,ANDALUCIA,ARO CENTRO TULUA,CANINO,URBANO,SI,VACUNADO,CUMPLE,SIN CLASIFICAR,1
2026,2026,5,76036,ANDALUCIA,ARO CENTRO TULUA,FELINO,URBANO,NO,NO VACUNADO,3 VISITAS FUERA DE 10 DÍAS O CON INCONSISTENCIA,SIN CLASIFICAR,1
2026,2026,5,76036,ANDALUCIA,ARO CENTRO TULUA,FELINO,URBANO,NO,NO VACUNADO,CUMPLE,SIN CLASIFICAR,1
2026,2026,5,76036,ANDALUCIA,ARO CENTRO TULUA,FELINO,URBANO,SI,DESCONOCIDO,CUMPLE,SIN CLASIFICAR,1
2026,2026,5,76036,ANDALUCIA,ARO CENTRO TULUA,OTRO,URBANO,NO,DESCONOCIDO,3 VISITAS FUERA DE 10 DÍAS O CON INCONSISTENCIA,SIN CLASIFICAR,1
2026,2026,5,76041,ANSERMANUEVO,ARO NORTE CARTAGO,CANINO,RURAL,NO,NO VACUNADO,3 VISITAS FUERA DE 10 DÍAS O CON INCONSISTENCIA,OBSERVADO SANO,1
2026,2026,5,76041,ANSERMANUEVO,ARO NORTE CARTAGO,CANINO,RURAL,SI,DESCONOCIDO,1 VISITA,NO OBSERVADO,1
2026,2026,5,76041,ANSERMANUEVO,ARO NORTE CARTAGO,CANINO,URBANO,NO,DESCONOCIDO,1 VISITA,NO OBSERVADO,1
2026,2026,5,76041,ANSERMANUEVO,ARO NORTE CARTAGO,FELINO,RURAL,SI,DESCONOCIDO,1 VISITA,NO OBSERVADO,1
2026,2026,5,76054,ARGELIA,ARO NORTE CARTAGO,CANINO,RURAL,NO,NO VACUNADO,1 VISITA,OBSERVADO SANO,1
2026,2026,5,76054,ARGELIA,ARO NORTE CARTAGO,CANINO,URBANO,SI,DESCONOCIDO,1 VISITA,NO OBSERVADO,1
2026,2026,5,76054,ARGELIA,ARO NORTE CARTAGO,FELINO,RURAL,NO,NO VACUNADO,3 VISITAS FUERA DE 10 DÍAS O CON INCONSISTENCIA,OBSERVADO SANO,1
2026,2026,5,76054,ARGELIA,ARO NORTE CARTAGO,FELINO,RURAL,SI,DESCONOCIDO,1 VISITA,NO OBSERVADO,1
2026,2026,5,76100,BOLIVAR,ARO CENTRO TULUA,CANINO,RURAL,NO,DESCONOCIDO,1 VISITA,CALLEJERO,1
2026,2026,5,76100,BOLIVAR,ARO CENTRO TULUA,CANINO,RURAL,NO,VACUNADO,2 VISITAS,CON SIGNOS REPORTADOS,1
2026,2026,5,76100,BOLIVAR,ARO CENTRO TULUA,CANINO,RURAL,NO,VACUNADO,2 VISITAS,SIN CLASIFICAR,1
2026,2026,5,76100,BOLIVAR,ARO CENTRO TULUA,CANINO,URBANO,NO,VACUNADO,2 VISITAS,SIN CLASIFICAR,2
2026,2026,5,76113,BUGALAGRANDE,ARO CENTRO TULUA,CANINO,RURAL,NO,DESCONOCIDO,1 VISITA,CALLEJERO,2
2026,2026,5,76113,BUGALAGRANDE,ARO CENTRO TULUA,CANINO,RURAL,NO,DESCONOCIDO,1 VISITA,SIN CLASIFICAR,1
2026,2026,5,76113,BUGALAGRANDE,ARO CENTRO TULUA,CANINO,RURAL,NO,VACUNADO,1 VISITA,OBSERVADO SANO,1
2026,2026,5,76113,BUGALAGRANDE,ARO CENTRO TULUA,CANINO,RURAL,NO,VACUNADO,1 VISITA,SIN CLASIFICAR,2
2026,2026,5,76113,BUGALAGRANDE,ARO CENTRO TULUA,CANINO,URBANO,NO,DESCONOCIDO,1 VISITA,SIN CLASIFICAR,3
2026,2026,5,76113,BUGALAGRANDE,ARO CENTRO TULUA,CANINO,URBANO,NO,VACUNADO,1 VISITA,OBSERVADO SANO,1
2026,2026,5,76113,BUGALAGRANDE,ARO CENTRO TULUA,CANINO,URBANO,NO,VACUNADO,1 VISITA,SIN CLASIFICAR,2
2026,2026,5,76113,BUGALAGRANDE,ARO CENTRO TULUA,CANINO,URBANO,SI,VACUNADO,1 VISITA,SIN CLASIFICAR,1
2026,2026,5,76113,BUGALAGRANDE,ARO CENTRO TULUA,FELINO,RURAL,SI,DESCONOCIDO,1 VISITA,SIN CLASIFICAR,1
2026,2026,5,76122,CAICEDONIA,ARO CENTRO TULUA,CANINO,RURAL,NO,DESCONOCIDO,1 VISITA,CALLEJERO,4
2026,2026,5,76122,CAICEDONIA,ARO CENTRO TULUA,CANINO,RURAL,NO,DESCONOCIDO,1 VISITA,NO OBSERVABLE,2
2026,2026,5,76122,CAICEDONIA,ARO CENTRO TULUA,CANINO,RURAL,NO,DESCONOCIDO,1 VISITA,OBSERVADO SANO,2
2026,2026,5,76122,CAICEDONIA,ARO CENTRO TULUA,CANINO,RURAL,NO,DESCONOCIDO,2 VISITAS,OBSERVADO SANO,1
2026,2026,5,76122,CAICEDONIA,ARO CENTRO TULUA,CANINO,URBANO,NO,DESCONOCIDO,1 VISITA,CALLEJERO,1
2026,2026,5,76122,CAICEDONIA,ARO CENTRO TULUA,CANINO,URBANO,NO,DESCONOCIDO,1 VISITA,NO OBSERVABLE,2
2026,2026,5,76122,CAICEDONIA,ARO CENTRO TULUA,CANINO,URBANO,NO,DESCONOCIDO,1 VISITA,OBSERVADO SANO,1
2026,2026,5,76122,CAICEDONIA,ARO CENTRO TULUA,CANINO,URBANO,NO,NO VACUNADO,1 VISITA,OBSERVADO SANO,1
2026,2026,5,76122,CAICEDONIA,ARO CENTRO TULUA,CANINO,URBANO,NO,VACUNADO,2 VISITAS,NO OBSERVABLE,1
2026,2026,5,76122,CAICEDONIA,ARO CENTRO TULUA,CANINO,URBANO,NO,VACUNADO,2 VISITAS,OBSERVADO SANO,2
2026,2026,5,76122,CAICEDONIA,ARO CENTRO TULUA,CANINO,URBANO,SI,NO VACUNADO,1 VISITA,OBSERVADO SANO,1
2026,2026,5,76122,CAICEDONIA,ARO CENTRO TULUA,FELINO,URBANO,NO,DESCONOCIDO,1 VISITA,CALLEJERO,1
2026,2026,5,76122,CAICEDONIA,ARO CENTRO TULUA,FELINO,URBANO,NO,NO VACUNADO,1 VISITA,OBSERVADO SANO,1
2026,2026,5,76122,CAICEDONIA,ARO CENTRO TULUA,FELINO,URBANO,SI,NO VACUNADO,1 VISITA,OBSERVADO SANO,1
2026,2026,5,76126,CALIMA,ARO CENTRO TULUA,CANINO,RURAL,NO,DESCONOCIDO,1 VISITA,SIN CLASIFICAR,3
2026,2026,5,76126,CALIMA,ARO CENTRO TULUA,CANINO,RURAL,NO,NO VACUNADO,1 VISITA,SIN CLASIFICAR,1
2026,2026,5,76126,CALIMA,ARO CENTRO TULUA,CANINO,RURAL,NO,VACUNADO,1 VISITA,SIN CLASIFICAR,1
2026,2026,5,76126,CALIMA,ARO CENTRO TULUA,CANINO,URBANO,NO,DESCONOCIDO,1 VISITA,SIN CLASIFICAR,6
2026,2026,5,76126,CALIMA,ARO CENTRO TULUA,CANINO,URBANO,NO,VACUNADO,1 VISITA,NO OBSERVADO,1
2026,2026,5,76126,CALIMA,ARO CENTRO TULUA,CANINO,URBANO,NO,VACUNADO,1 VISITA,SIN CLASIFICAR,1
2026,2026,5,76126,CALIMA,ARO CENTRO TULUA,FELINO,URBANO,NO,DESCONOCIDO,1 VISITA,SIN CLASIFICAR,1
2026,2026,5,76233,DAGUA,ARO SUR CALI,CANINO,RURAL,NO,DESCONOCIDO,1 VISITA,PERDIDO O DESAPARECIDO,5
2026,2026,5,76233,DAGUA,ARO SUR CALI,CANINO,RURAL,NO,DESCONOCIDO,1 VISITA,SIN CLASIFICAR,3
2026,2026,5,76233,DAGUA,ARO SUR CALI,CANINO,RURAL,NO,VACUNADO,1 VISITA,SIN CLASIFICAR,1
2026,2026,5,76233,DAGUA,ARO SUR CALI,CANINO,RURAL,SI,DESCONOCIDO,1 VISITA,PERDIDO O DESAPARECIDO,2
2026,2026,5,76233,DAGUA,ARO SUR CALI,CANINO,RURAL,SI,DESCONOCIDO,1 VISITA,SIN CLASIFICAR,2
2026,2026,5,76233,DAGUA,ARO SUR CALI,CANINO,URBANO,NO,DESCONOCIDO,1 VISITA,PERDIDO O DESAPARECIDO,6
2026,2026,5,76233,DAGUA,ARO SUR CALI,CANINO,URBANO,SI,DESCONOCIDO,1 VISITA,SIN CLASIFICAR,1
2026,2026,5,76233,DAGUA,ARO SUR CALI,FELINO,RURAL,NO,DESCONOCIDO,1 VISITA,SIN CLASIFICAR,2
2026,2026,5,76233,DAGUA,ARO SUR CALI,FELINO,RURAL,SI,DESCONOCIDO,2 VISITAS,SIN CLASIFICAR,1
2026,2026,5,76246,EL CAIRO,ARO NORTE CARTAGO,CANINO,RURAL,NO,DESCONOCIDO,2 VISITAS,NO OBSERVADO,1
2026,2026,5,76246,EL CAIRO,ARO NORTE CARTAGO,CANINO,RURAL,NO,NO VACUNADO,1 VISITA,OBSERVADO SANO,1
2026,2026,5,76246,EL CAIRO,ARO NORTE CARTAGO,CANINO,RURAL,NO,NO VACUNADO,CUMPLE,CON SIGNOS REPORTADOS,1
2026,2026,5,76248,EL CERRITO,ARO SUR CALI,CANINO,RURAL,NO,DESCONOCIDO,1 VISITA,PERDIDO O DESAPARECIDO,1
2026,2026,5,76248,EL CERRITO,ARO SUR CALI,CANINO,RURAL,SI,NO VACUNADO,1 VISITA,CON SIGNOS REPORTADOS,1
2026,2026,5,76248,EL CERRITO,ARO SUR CALI,CANINO,URBANO,NO,DESCONOCIDO,1 VISITA,PERDIDO O DESAPARECIDO,7
2026,2026,5,76248,EL CERRITO,ARO SUR CALI,CANINO,URBANO,NO,NO VACUNADO,1 VISITA,SIN CLASIFICAR,1
2026,2026,5,76248,EL CERRITO,ARO SUR CALI,CANINO,URBANO,NO,NO VACUNADO,2 VISITAS,SIN CLASIFICAR,3
2026,2026,5,76248,EL CERRITO,ARO SUR CALI,CANINO,URBANO,NO,VACUNADO,1 VISITA,SIN CLASIFICAR,1
2026,2026,5,76248,EL CERRITO,ARO SUR CALI,CANINO,URBANO,NO,VACUNADO,2 VISITAS,SIN CLASIFICAR,2
2026,2026,5,76248,EL CERRITO,ARO SUR CALI,CANINO,URBANO,NO,VACUNADO,CUMPLE,SIN CLASIFICAR,2
2026,2026,5,76248,EL CERRITO,ARO SUR CALI,CANINO,URBANO,SI,NO VACUNADO,2 VISITAS,SIN CLASIFICAR,1
2026,2026,5,76248,EL CERRITO,ARO SUR CALI,CANINO,URBANO,SI,VACUNADO,3 VISITAS FUERA DE 10 DÍAS O CON INCONSISTENCIA,SIN CLASIFICAR,1
2026,2026,5,76248,EL CERRITO,ARO SUR CALI,FELINO,RURAL,SI,DESCONOCIDO,1 VISITA,PERDIDO O DESAPARECIDO,1
2026,2026,5,76248,EL CERRITO,ARO SUR CALI,FELINO,URBANO,NO,DESCONOCIDO,1 VISITA,PERDIDO O DESAPARECIDO,3
2026,2026,5,76248,EL CERRITO,ARO SUR CALI,FELINO,URBANO,SI,DESCONOCIDO,1 VISITA,PERDIDO O DESAPARECIDO,1
2026,2026,5,76248,EL CERRITO,ARO SUR CALI,FELINO,URBANO,SI,DESCONOCIDO,3 VISITAS FUERA DE 10 DÍAS O CON INCONSISTENCIA,SIN CLASIFICAR,1
2026,2026,5,76250,EL DOVIO,ARO NORTE CARTAGO,CANINO,URBANO,NO,DESCONOCIDO,1 VISITA,NO OBSERVADO,1
2026,2026,5,76250,EL DOVIO,ARO NORTE CARTAGO,CANINO,URBANO,NO,DESCONOCIDO,1 VISITA,OBSERVADO SANO,1
2026,2026,5,76250,EL DOVIO,ARO NORTE CARTAGO,CANINO,URBANO,SI,DESCONOCIDO,1 VISITA,PERDIDO O DESAPARECIDO,1
2026,2026,5,76250,EL DOVIO,ARO NORTE CARTAGO,FELINO,URBANO,SI,DESCONOCIDO,1 VISITA,MUERTO,2
2026,2026,5,76275,FLORIDA,ARO SUR CALI,CANINO,URBANO,NO,DESCONOCIDO,1 VISITA,PERDIDO O DESAPARECIDO,12
2026,2026,5,76275,FLORIDA,ARO SUR CALI,CANINO,URBANO,NO,DESCONOCIDO,2 VISITAS,PERDIDO O DESAPARECIDO,2
2026,2026,5,76275,FLORIDA,ARO SUR CALI,CANINO,URBANO,NO,VACUNADO,1 VISITA,SIN CLASIFICAR,1
2026,2026,5,76275,FLORIDA,ARO SUR CALI,CANINO,URBANO,SI,DESCONOCIDO,1 VISITA,PERDIDO O DESAPARECIDO,3
2026,2026,5,76275,FLORIDA,ARO SUR CALI,CANINO,URBANO,SI,DESCONOCIDO,2 VISITAS,PERDIDO O DESAPARECIDO,1
2026,2026,5,76275,FLORIDA,ARO SUR CALI,CANINO,URBANO,SI,NO VACUNADO,1 VISITA,OBSERVADO SANO,1
2026,2026,5,76275,FLORIDA,ARO SUR CALI,FELINO,URBANO,NO,DESCONOCIDO,1 VISITA,PERDIDO O DESAPARECIDO,1
2026,2026,5,76275,FLORIDA,ARO SUR CALI,FELINO,URBANO,NO,DESCONOCIDO,CUMPLE,OBSERVADO SANO,1
2026,2026,5,76275,FLORIDA,ARO SUR CALI,FELINO,URBANO,SI,VACUNADO,2 VISITAS,SIN CLASIFICAR,1
2026,2026,5,76306,GINEBRA,ARO SUR CALI,CANINO,RURAL,NO,DESCONOCIDO,1 VISITA,PERDIDO O DESAPARECIDO,4
2026,2026,5,76306,GINEBRA,ARO SUR CALI,CANINO,RURAL,NO,NO VACUNADO,1 VISITA,PERDIDO O DESAPARECIDO,1
2026,2026,5,76306,GINEBRA,ARO SUR CALI,CANINO,RURAL,NO,VACUNADO,2 VISITAS,CON SIGNOS REPORTADOS,1
2026,2026,5,76306,GINEBRA,ARO SUR CALI,CANINO,URBANO,NO,DESCONOCIDO,1 VISITA,PERDIDO O DESAPARECIDO,5
2026,2026,5,76306,GINEBRA,ARO SUR CALI,CANINO,URBANO,NO,VACUNADO,1 VISITA,SIN CLASIFICAR,2
2026,2026,5,76306,GINEBRA,ARO SUR CALI,CANINO,URBANO,NO,VACUNADO,2 VISITAS,CON SIGNOS REPORTADOS,1
2026,2026,5,76306,GINEBRA,ARO SUR CALI,CANINO,URBANO,SI,VACUNADO,1 VISITA,SIN CLASIFICAR,1
2026,2026,5,76306,GINEBRA,ARO SUR CALI,FELINO,URBANO,NO,DESCONOCIDO,1 VISITA,PERDIDO O DESAPARECIDO,1
2026,2026,5,76306,GINEBRA,ARO SUR CALI,FELINO,URBANO,NO,DESCONOCIDO,1 VISITA,SIN CLASIFICAR,1
2026,2026,5,76318,GUACARI,ARO SUR CALI,CANINO,RURAL,SI,DESCONOCIDO,1 VISITA,CALLEJERO,1
2026,2026,5,76318,GUACARI,ARO SUR CALI,CANINO,RURAL,SI,DESCONOCIDO,1 VISITA,PERDIDO O DESAPARECIDO,1
2026,2026,5,76318,GUACARI,ARO SUR CALI,CANINO,URBANO,NO,DESCONOCIDO,1 VISITA,CALLEJERO,1
2026,2026,5,76318,GUACARI,ARO SUR CALI,CANINO,URBANO,NO,DESCONOCIDO,1 VISITA,OBSERVADO SANO,1
2026,2026,5,76318,GUACARI,ARO SUR CALI,CANINO,URBANO,NO,DESCONOCIDO,1 VISITA,PERDIDO O DESAPARECIDO,3
2026,2026,5,76318,GUACARI,ARO SUR CALI,CANINO,URBANO,NO,VACUNADO,1 VISITA,SIN CLASIFICAR,1
2026,2026,5,76318,GUACARI,ARO SUR CALI,CANINO,URBANO,SI,DESCONOCIDO,1 VISITA,PERDIDO O DESAPARECIDO,2
2026,2026,5,76318,GUACARI,ARO SUR CALI,CANINO,URBANO,SI,DESCONOCIDO,1 VISITA,SIN CLASIFICAR,2
2026,2026,5,76318,GUACARI,ARO SUR CALI,CANINO,URBANO,SI,VACUNADO,1 VISITA,SIN CLASIFICAR,1
2026,2026,5,76318,GUACARI,ARO SUR CALI,FELINO,RURAL,NO,DESCONOCIDO,1 VISITA,SIN CLASIFICAR,1
2026,2026,5,76318,GUACARI,ARO SUR CALI,FELINO,URBANO,SI,DESCONOCIDO,1 VISITA,OBSERVADO SANO,1
2026,2026,5,76318,GUACARI,ARO SUR CALI,FELINO,URBANO,SI,DESCONOCIDO,1 VISITA,PERDIDO O DESAPARECIDO,1
2026,2026,5,76318,GUACARI,ARO SUR CALI,FELINO,URBANO,SI,VACUNADO,1 VISITA,SIN CLASIFICAR,1
2026,2026,5,76377,LA CUMBRE,ARO SUR CALI,CANINO,RURAL,NO,DESCONOCIDO,1 VISITA,PERDIDO O DESAPARECIDO,1
2026,2026,5,76377,LA CUMBRE,ARO SUR CALI,CANINO,RURAL,NO,DESCONOCIDO,1 VISITA,SIN CLASIFICAR,1
2026,2026,5,76377,LA CUMBRE,ARO SUR CALI,CANINO,RURAL,NO,DESCONOCIDO,2 VISITAS,SIN CLASIFICAR,2
2026,2026,5,76377,LA CUMBRE,ARO SUR CALI,CANINO,URBANO,NO,DESCONOCIDO,1 VISITA,CON SIGNOS REPORTADOS,1
2026,2026,5,76377,LA CUMBRE,ARO SUR CALI,CANINO,URBANO,NO,DESCONOCIDO,1 VISITA,PERDIDO O DESAPARECIDO,6
2026,2026,5,76377,LA CUMBRE,ARO SUR CALI,FELINO,RURAL,NO,DESCONOCIDO,2 VISITAS,SIN CLASIFICAR,1
2026,2026,5,76400,LA UNION,ARO NORTE CARTAGO,CANINO,RURAL,NO,DESCONOCIDO,1 VISITA,OBSERVADO SANO,1
2026,2026,5,76400,LA UNION,ARO NORTE CARTAGO,CANINO,RURAL,NO,DESCONOCIDO,1 VISITA,PERDIDO O DESAPARECIDO,1
2026,2026,5,76400,LA UNION,ARO NORTE CARTAGO,CANINO,RURAL,NO,DESCONOCIDO,CUMPLE,NO OBSERVABLE,1
2026,2026,5,76400,LA UNION,ARO NORTE CARTAGO,CANINO,RURAL,SI,DESCONOCIDO,1 VISITA,PERDIDO O DESAPARECIDO,1
2026,2026,5,76400,LA UNION,ARO NORTE CARTAGO,CANINO,URBANO,NO,DESCONOCIDO,1 VISITA,NO OBSERVABLE,1
2026,2026,5,76400,LA UNION,ARO NORTE CARTAGO,CANINO,URBANO,NO,DESCONOCIDO,1 VISITA,OBSERVADO SANO,1
2026,2026,5,76400,LA UNION,ARO NORTE CARTAGO,CANINO,URBANO,SI,DESCONOCIDO,1 VISITA,NO OBSERVABLE,1
2026,2026,5,76400,LA UNION,ARO NORTE CARTAGO,CANINO,URBANO,SI,DESCONOCIDO,1 VISITA,OBSERVADO SANO,2
2026,2026,5,76400,LA UNION,ARO NORTE CARTAGO,CANINO,URBANO,SI,DESCONOCIDO,1 VISITA,PERDIDO O DESAPARECIDO,4
2026,2026,5,76400,LA UNION,ARO NORTE CARTAGO,CANINO,URBANO,SI,NO VACUNADO,1 VISITA,NO OBSERVABLE,1
2026,2026,5,76400,LA UNION,ARO NORTE CARTAGO,FELINO,RURAL,SI,NO VACUNADO,2 VISITAS,OBSERVADO SANO,1
2026,2026,5,76400,LA UNION,ARO NORTE CARTAGO,FELINO,URBANO,NO,DESCONOCIDO,1 VISITA,NO OBSERVABLE,2
2026,2026,5,76400,LA UNION,ARO NORTE CARTAGO,FELINO,URBANO,NO,DESCONOCIDO,1 VISITA,OBSERVADO SANO,2
2026,2026,5,76400,LA UNION,ARO NORTE CARTAGO,FELINO,URBANO,NO,DESCONOCIDO,1 VISITA,PERDIDO O DESAPARECIDO,1
2026,2026,5,76400,LA UNION,ARO NORTE CARTAGO,FELINO,URBANO,NO,NO VACUNADO,1 VISITA,OBSERVADO SANO,1
2026,2026,5,76400,LA UNION,ARO NORTE CARTAGO,FELINO,URBANO,NO,VACUNADO,CUMPLE,OBSERVADO SANO,1
2026,2026,5,76400,LA UNION,ARO NORTE CARTAGO,FELINO,URBANO,SI,DESCONOCIDO,1 VISITA,PERDIDO O DESAPARECIDO,2
2026,2026,5,76403,LA VICTORIA,ARO NORTE CARTAGO,CANINO,URBANO,NO,DESCONOCIDO,1 VISITA,PERDIDO O DESAPARECIDO,2
2026,2026,5,76403,LA VICTORIA,ARO NORTE CARTAGO,CANINO,URBANO,SI,DESCONOCIDO,1 VISITA,PERDIDO O DESAPARECIDO,2
2026,2026,5,76403,LA VICTORIA,ARO NORTE CARTAGO,CANINO,URBANO,SI,VACUNADO,2 VISITAS,OBSERVADO SANO,1
2026,2026,5,76497,OBANDO,ARO NORTE CARTAGO,CANINO,URBANO,NO,DESCONOCIDO,1 VISITA,NO OBSERVABLE,1
2026,2026,5,76497,OBANDO,ARO NORTE CARTAGO,CANINO,URBANO,NO,DESCONOCIDO,1 VISITA,PERDIDO O DESAPARECIDO,1
2026,2026,5,76497,OBANDO,ARO NORTE CARTAGO,CANINO,URBANO,SI,DESCONOCIDO,1 VISITA,PERDIDO O DESAPARECIDO,1
2026,2026,5,76497,OBANDO,ARO NORTE CARTAGO,FELINO,URBANO,NO,VACUNADO,CUMPLE,OBSERVADO SANO,1
2026,2026,5,76563,PRADERA,ARO SUR CALI,CANINO,RURAL,NO,DESCONOCIDO,1 VISITA,PERDIDO O DESAPARECIDO,1
2026,2026,5,76563,PRADERA,ARO SUR CALI,CANINO,URBANO,NO,DESCONOCIDO,1 VISITA,OBSERVADO SANO,1
2026,2026,5,76563,PRADERA,ARO SUR CALI,CANINO,URBANO,NO,DESCONOCIDO,1 VISITA,PERDIDO O DESAPARECIDO,10
2026,2026,5,76563,PRADERA,ARO SUR CALI,CANINO,URBANO,NO,DESCONOCIDO,1 VISITA,SIN CLASIFICAR,2
2026,2026,5,76563,PRADERA,ARO SUR CALI,CANINO,URBANO,NO,VACUNADO,1 VISITA,OBSERVADO SANO,1
2026,2026,5,76563,PRADERA,ARO SUR CALI,CANINO,URBANO,NO,VACUNADO,1 VISITA,SIN CLASIFICAR,1
2026,2026,5,76563,PRADERA,ARO SUR CALI,FELINO,URBANO,NO,DESCONOCIDO,1 VISITA,PERDIDO O DESAPARECIDO,1
2026,2026,5,76606,RESTREPO,ARO CENTRO TULUA,CANINO,RURAL,NO,DESCONOCIDO,1 VISITA,PERDIDO O DESAPARECIDO,1
2026,2026,5,76606,RESTREPO,ARO CENTRO TULUA,CANINO,RURAL,NO,DESCONOCIDO,1 VISITA,SIN CLASIFICAR,1
2026,2026,5,76606,RESTREPO,ARO CENTRO TULUA,CANINO,RURAL,NO,VACUNADO,1 VISITA,SIN CLASIFICAR,1
2026,2026,5,76606,RESTREPO,ARO CENTRO TULUA,CANINO,RURAL,SI,NO VACUNADO,1 VISITA,SIN CLASIFICAR,1
2026,2026,5,76606,RESTREPO,ARO CENTRO TULUA,CANINO,URBANO,NO,DESCONOCIDO,1 VISITA,PERDIDO O DESAPARECIDO,2
2026,2026,5,76606,RESTREPO,ARO CENTRO TULUA,CANINO,URBANO,NO,DESCONOCIDO,1 VISITA,SIN CLASIFICAR,1
2026,2026,5,76606,RESTREPO,ARO CENTRO TULUA,CANINO,URBANO,NO,DESCONOCIDO,2 VISITAS,PERDIDO O DESAPARECIDO,1
2026,2026,5,76606,RESTREPO,ARO CENTRO TULUA,CANINO,URBANO,NO,VACUNADO,1 VISITA,SIN CLASIFICAR,3
2026,2026,5,76606,RESTREPO,ARO CENTRO TULUA,CANINO,URBANO,SI,DESCONOCIDO,1 VISITA,PERDIDO O DESAPARECIDO,1
2026,2026,5,76606,RESTREPO,ARO CENTRO TULUA,FELINO,URBANO,NO,NO VACUNADO,1 VISITA,SIN CLASIFICAR,1
2026,2026,5,76616,RIOFRIO,ARO CENTRO TULUA,CANINO,RURAL,NO,DESCONOCIDO,1 VISITA,SIN CLASIFICAR,2
2026,2026,5,76616,RIOFRIO,ARO CENTRO TULUA,CANINO,RURAL,SI,VACUNADO,3 VISITAS FUERA DE 10 DÍAS O CON INCONSISTENCIA,SIN CLASIFICAR,1
2026,2026,5,76616,RIOFRIO,ARO CENTRO TULUA,CANINO,URBANO,NO,DESCONOCIDO,1 VISITA,SIN CLASIFICAR,2
2026,2026,5,76616,RIOFRIO,ARO CENTRO TULUA,CANINO,URBANO,NO,DESCONOCIDO,3 VISITAS FUERA DE 10 DÍAS O CON INCONSISTENCIA,SIN CLASIFICAR,1
2026,2026,5,76616,RIOFRIO,ARO CENTRO TULUA,CANINO,URBANO,NO,DESCONOCIDO,CUMPLE,SIN CLASIFICAR,1
2026,2026,5,76616,RIOFRIO,ARO CENTRO TULUA,CANINO,URBANO,SI,DESCONOCIDO,1 VISITA,SIN CLASIFICAR,1
2026,2026,5,76616,RIOFRIO,ARO CENTRO TULUA,FELINO,RURAL,NO,VACUNADO,3 VISITAS FUERA DE 10 DÍAS O CON INCONSISTENCIA,SIN CLASIFICAR,1
2026,2026,5,76616,RIOFRIO,ARO CENTRO TULUA,FELINO,URBANO,NO,DESCONOCIDO,1 VISITA,CALLEJERO,1
2026,2026,5,76622,ROLDANILLO,ARO NORTE CARTAGO,CANINO,RURAL,NO,NO VACUNADO,2 VISITAS,OBSERVADO SANO,2
2026,2026,5,76622,ROLDANILLO,ARO NORTE CARTAGO,CANINO,URBANO,NO,DESCONOCIDO,1 VISITA,NO OBSERVABLE,2
2026,2026,5,76622,ROLDANILLO,ARO NORTE CARTAGO,CANINO,URBANO,NO,DESCONOCIDO,1 VISITA,NO OBSERVADO,6
2026,2026,5,76622,ROLDANILLO,ARO NORTE CARTAGO,CANINO,URBANO,NO,NO VACUNADO,2 VISITAS,OBSERVADO SANO,1
2026,2026,5,76622,ROLDANILLO,ARO NORTE CARTAGO,FELINO,RURAL,NO,DESCONOCIDO,1 VISITA,NO OBSERVADO,1
2026,2026,5,76622,ROLDANILLO,ARO NORTE CARTAGO,FELINO,URBANO,NO,DESCONOCIDO,1 VISITA,NO OBSERVADO,2
2026,2026,5,76622,ROLDANILLO,ARO NORTE CARTAGO,FELINO,URBANO,NO,DESCONOCIDO,2 VISITAS,NO OBSERVABLE,1
2026,2026,5,76622,ROLDANILLO,ARO NORTE CARTAGO,FELINO,URBANO,SI,NO VACUNADO,2 VISITAS,OBSERVADO SANO,1
2026,2026,5,76670,SAN PEDRO,ARO CENTRO TULUA,CANINO,RURAL,NO,VACUNADO,1 VISITA,NO OBSERVADO,1
2026,2026,5,76670,SAN PEDRO,ARO CENTRO TULUA,CANINO,RURAL,SI,NO VACUNADO,1 VISITA,SIN CLASIFICAR,1
2026,2026,5,76670,SAN PEDRO,ARO CENTRO TULUA,CANINO,URBANO,NO,DESCONOCIDO,1 VISITA,NO OBSERVADO,1
2026,2026,5,76670,SAN PEDRO,ARO CENTRO TULUA,CANINO,URBANO,NO,DESCONOCIDO,1 VISITA,SIN CLASIFICAR,6
2026,2026,5,76670,SAN PEDRO,ARO CENTRO TULUA,CANINO,URBANO,NO,VACUNADO,1 VISITA,SIN CLASIFICAR,1
2026,2026,5,76670,SAN PEDRO,ARO CENTRO TULUA,OTRO,URBANO,NO,DESCONOCIDO,1 VISITA,SIN CLASIFICAR,1
2026,2026,5,76736,SEVILLA,ARO CENTRO TULUA,CANINO,RURAL,NO,DESCONOCIDO,1 VISITA,CALLEJERO,1
2026,2026,5,76736,SEVILLA,ARO CENTRO TULUA,CANINO,RURAL,NO,DESCONOCIDO,1 VISITA,NO OBSERVABLE,2
2026,2026,5,76736,SEVILLA,ARO CENTRO TULUA,CANINO,RURAL,NO,DESCONOCIDO,2 VISITAS,NO OBSERVABLE,1
2026,2026,5,76736,SEVILLA,ARO CENTRO TULUA,CANINO,RURAL,NO,DESCONOCIDO,2 VISITAS,OBSERVADO SANO,1
2026,2026,5,76736,SEVILLA,ARO CENTRO TULUA,CANINO,RURAL,NO,VACUNADO,2 VISITAS,OBSERVADO SANO,1
2026,2026,5,76736,SEVILLA,ARO CENTRO TULUA,CANINO,URBANO,NO,DESCONOCIDO,1 VISITA,CALLEJERO,6
2026,2026,5,76736,SEVILLA,ARO CENTRO TULUA,CANINO,URBANO,NO,DESCONOCIDO,1 VISITA,NO OBSERVABLE,1
2026,2026,5,76736,SEVILLA,ARO CENTRO TULUA,CANINO,URBANO,NO,DESCONOCIDO,1 VISITA,SIN CLASIFICAR,3
2026,2026,5,76736,SEVILLA,ARO CENTRO TULUA,CANINO,URBANO,NO,DESCONOCIDO,2 VISITAS,NO OBSERVABLE,3
2026,2026,5,76736,SEVILLA,ARO CENTRO TULUA,CANINO,URBANO,NO,DESCONOCIDO,2 VISITAS,OBSERVADO SANO,3
2026,2026,5,76736,SEVILLA,ARO CENTRO TULUA,CANINO,URBANO,NO,VACUNADO,2 VISITAS,OBSERVADO SANO,1
2026,2026,5,76736,SEVILLA,ARO CENTRO TULUA,FELINO,URBANO,NO,NO VACUNADO,1 VISITA,OBSERVADO SANO,1
2026,2026,5,76823,TORO,ARO NORTE CARTAGO,CANINO,RURAL,SI,VACUNADO,2 VISITAS,OBSERVADO SANO,1
2026,2026,5,76823,TORO,ARO NORTE CARTAGO,CANINO,URBANO,NO,DESCONOCIDO,1 VISITA,NO OBSERVABLE,1
2026,2026,5,76823,TORO,ARO NORTE CARTAGO,CANINO,URBANO,NO,DESCONOCIDO,1 VISITA,NO OBSERVADO,1
2026,2026,5,76823,TORO,ARO NORTE CARTAGO,CANINO,URBANO,SI,DESCONOCIDO,1 VISITA,NO OBSERVABLE,1
2026,2026,5,76823,TORO,ARO NORTE CARTAGO,CANINO,URBANO,SI,DESCONOCIDO,1 VISITA,NO OBSERVADO,2
2026,2026,5,76823,TORO,ARO NORTE CARTAGO,CANINO,URBANO,SI,VACUNADO,2 VISITAS,OBSERVADO SANO,1
2026,2026,5,76823,TORO,ARO NORTE CARTAGO,FELINO,RURAL,NO,VACUNADO,2 VISITAS,OBSERVADO SANO,1
2026,2026,5,76828,TRUJILLO,ARO CENTRO TULUA,CANINO,RURAL,NO,DESCONOCIDO,1 VISITA,PERDIDO O DESAPARECIDO,1
2026,2026,5,76828,TRUJILLO,ARO CENTRO TULUA,CANINO,URBANO,NO,DESCONOCIDO,1 VISITA,PERDIDO O DESAPARECIDO,3
2026,2026,5,76845,ULLOA,ARO NORTE CARTAGO,CANINO,RURAL,NO,VACUNADO,2 VISITAS,OBSERVADO SANO,1
2026,2026,5,76863,VERSALLES,ARO NORTE CARTAGO,CANINO,RURAL,NO,DESCONOCIDO,1 VISITA,NO OBSERVADO,1
2026,2026,5,76863,VERSALLES,ARO NORTE CARTAGO,CANINO,URBANO,NO,DESCONOCIDO,1 VISITA,NO OBSERVADO,1
2026,2026,5,76863,VERSALLES,ARO NORTE CARTAGO,FELINO,URBANO,NO,DESCONOCIDO,1 VISITA,NO OBSERVADO,1
2026,2026,5,76869,VIJES,ARO SUR CALI,CANINO,RURAL,NO,DESCONOCIDO,1 VISITA,PERDIDO O DESAPARECIDO,1
2026,2026,5,76869,VIJES,ARO SUR CALI,FELINO,RURAL,NO,DESCONOCIDO,1 VISITA,PERDIDO O DESAPARECIDO,2
2026,2026,5,76890,YOTOCO,ARO CENTRO TULUA,CANINO,URBANO,NO,DESCONOCIDO,1 VISITA,PERDIDO O DESAPARECIDO,1
2026,2026,5,76890,YOTOCO,ARO CENTRO TULUA,FELINO,RURAL,NO,VACUNADO,1 VISITA,SIN CLASIFICAR,1
2026,2026,5,76890,YOTOCO,ARO CENTRO TULUA,FELINO,URBANO,SI,DESCONOCIDO,1 VISITA,PERDIDO O DESAPARECIDO,1
2026,2026,5,76895,ZARZAL,ARO CENTRO TULUA,CANINO,URBANO,NO,DESCONOCIDO,1 VISITA,CALLEJERO,3
2026,2026,5,76895,ZARZAL,ARO CENTRO TULUA,CANINO,URBANO,NO,NO VACUNADO,2 VISITAS,CALLEJERO,1
2026,2026,5,76895,ZARZAL,ARO CENTRO TULUA,CANINO,URBANO,NO,VACUNADO,2 VISITAS,SIN CLASIFICAR,1
2026,2026,5,76895,ZARZAL,ARO CENTRO TULUA,CANINO,URBANO,SI,DESCONOCIDO,1 VISITA,CALLEJERO,1
2026,2026,5,76895,ZARZAL,ARO CENTRO TULUA,FELINO,RURAL,NO,NO VACUNADO,1 VISITA,SIN CLASIFICAR,1
2026,2026,5,76895,ZARZAL,ARO CENTRO TULUA,FELINO,URBANO,NO,DESCONOCIDO,1 VISITA,CON SIGNOS REPORTADOS,1
2026,2026,5,76895,ZARZAL,ARO CENTRO TULUA,SIN DATO,URBANO,NO,DESCONOCIDO,1 VISITA,CALLEJERO,1
2026,2026,6,76001,CALI,ARO SUR CALI,CANINO,URBANO,SI,DESCONOCIDO,1 VISITA,SIN CLASIFICAR,1
2026,2026,6,76020,ALCALA,ARO NORTE CARTAGO,CANINO,RURAL,NO,DESCONOCIDO,2 VISITAS,NO OBSERVADO,1
2026,2026,6,76020,ALCALA,ARO NORTE CARTAGO,CANINO,URBANO,NO,DESCONOCIDO,1 VISITA,NO OBSERVABLE,1
2026,2026,6,76020,ALCALA,ARO NORTE CARTAGO,CANINO,URBANO,NO,DESCONOCIDO,1 VISITA,NO OBSERVADO,1
2026,2026,6,76020,ALCALA,ARO NORTE CARTAGO,CANINO,URBANO,NO,DESCONOCIDO,2 VISITAS,NO OBSERVABLE,1
2026,2026,6,76020,ALCALA,ARO NORTE CARTAGO,CANINO,URBANO,NO,DESCONOCIDO,2 VISITAS,OBSERVADO SANO,3
2026,2026,6,76020,ALCALA,ARO NORTE CARTAGO,CANINO,URBANO,SI,DESCONOCIDO,1 VISITA,OBSERVADO SANO,2
2026,2026,6,76020,ALCALA,ARO NORTE CARTAGO,FELINO,URBANO,NO,DESCONOCIDO,2 VISITAS,NO OBSERVABLE,1
2026,2026,6,76020,ALCALA,ARO NORTE CARTAGO,FELINO,URBANO,SI,DESCONOCIDO,1 VISITA,NO OBSERVADO,1
2026,2026,6,76020,ALCALA,ARO NORTE CARTAGO,FELINO,URBANO,SI,DESCONOCIDO,2 VISITAS,PERDIDO O DESAPARECIDO,1
2026,2026,6,76036,ANDALUCIA,ARO CENTRO TULUA,CANINO,URBANO,NO,DESCONOCIDO,1 VISITA,SIN CLASIFICAR,1
2026,2026,6,76036,ANDALUCIA,ARO CENTRO TULUA,CANINO,URBANO,NO,DESCONOCIDO,3 VISITAS FUERA DE 10 DÍAS O CON INCONSISTENCIA,SIN CLASIFICAR,1
2026,2026,6,76036,ANDALUCIA,ARO CENTRO TULUA,CANINO,URBANO,NO,VACUNADO,1 VISITA,SIN CLASIFICAR,1
2026,2026,6,76036,ANDALUCIA,ARO CENTRO TULUA,CANINO,URBANO,SI,NO VACUNADO,1 VISITA,SIN CLASIFICAR,1
2026,2026,6,76041,ANSERMANUEVO,ARO NORTE CARTAGO,CANINO,RURAL,SI,NO VACUNADO,3 VISITAS FUERA DE 10 DÍAS O CON INCONSISTENCIA,OBSERVADO SANO,2
2026,2026,6,76041,ANSERMANUEVO,ARO NORTE CARTAGO,CANINO,RURAL,SI,VACUNADO,1 VISITA,OBSERVADO SANO,1
2026,2026,6,76041,ANSERMANUEVO,ARO NORTE CARTAGO,CANINO,RURAL,SI,VACUNADO,3 VISITAS FUERA DE 10 DÍAS O CON INCONSISTENCIA,OBSERVADO SANO,1
2026,2026,6,76041,ANSERMANUEVO,ARO NORTE CARTAGO,CANINO,URBANO,NO,DESCONOCIDO,1 VISITA,NO OBSERVADO,1
2026,2026,6,76041,ANSERMANUEVO,ARO NORTE CARTAGO,CANINO,URBANO,NO,NO VACUNADO,CUMPLE,OBSERVADO SANO,2
2026,2026,6,76041,ANSERMANUEVO,ARO NORTE CARTAGO,CANINO,URBANO,NO,VACUNADO,3 VISITAS FUERA DE 10 DÍAS O CON INCONSISTENCIA,OBSERVADO SANO,1
2026,2026,6,76041,ANSERMANUEVO,ARO NORTE CARTAGO,CANINO,URBANO,SI,VACUNADO,CUMPLE,OBSERVADO SANO,1
2026,2026,6,76054,ARGELIA,ARO NORTE CARTAGO,CANINO,RURAL,NO,DESCONOCIDO,CUMPLE,NO OBSERVADO,1
2026,2026,6,76054,ARGELIA,ARO NORTE CARTAGO,CANINO,RURAL,SI,DESCONOCIDO,1 VISITA,NO OBSERVADO,1
2026,2026,6,76054,ARGELIA,ARO NORTE CARTAGO,CANINO,URBANO,NO,DESCONOCIDO,2 VISITAS,NO OBSERVADO,1
2026,2026,6,76054,ARGELIA,ARO NORTE CARTAGO,CANINO,URBANO,SI,DESCONOCIDO,1 VISITA,PERDIDO O DESAPARECIDO,1
2026,2026,6,76054,ARGELIA,ARO NORTE CARTAGO,CANINO,URBANO,SI,NO VACUNADO,CUMPLE,OBSERVADO SANO,1
2026,2026,6,76054,ARGELIA,ARO NORTE CARTAGO,FELINO,URBANO,NO,VACUNADO,1 VISITA,OBSERVADO SANO,1
2026,2026,6,76100,BOLIVAR,ARO CENTRO TULUA,CANINO,RURAL,NO,DESCONOCIDO,1 VISITA,SIN CLASIFICAR,1
2026,2026,6,76100,BOLIVAR,ARO CENTRO TULUA,CANINO,RURAL,NO,NO VACUNADO,2 VISITAS,SIN CLASIFICAR,1
2026,2026,6,76100,BOLIVAR,ARO CENTRO TULUA,FELINO,URBANO,NO,DESCONOCIDO,1 VISITA,SIN CLASIFICAR,1
2026,2026,6,76113,BUGALAGRANDE,ARO CENTRO TULUA,CANINO,RURAL,NO,NO VACUNADO,1 VISITA,OBSERVADO SANO,1
2026,2026,6,76113,BUGALAGRANDE,ARO CENTRO TULUA,CANINO,RURAL,NO,VACUNADO,1 VISITA,NO OBSERVABLE,1
2026,2026,6,76113,BUGALAGRANDE,ARO CENTRO TULUA,CANINO,URBANO,NO,DESCONOCIDO,1 VISITA,OBSERVADO SANO,4
2026,2026,6,76122,CAICEDONIA,ARO CENTRO TULUA,CANINO,RURAL,NO,DESCONOCIDO,1 VISITA,OBSERVADO SANO,1
2026,2026,6,76122,CAICEDONIA,ARO CENTRO TULUA,CANINO,RURAL,NO,DESCONOCIDO,1 VISITA,SIN CLASIFICAR,1
2026,2026,6,76122,CAICEDONIA,ARO CENTRO TULUA,CANINO,RURAL,NO,VACUNADO,1 VISITA,SIN CLASIFICAR,1
2026,2026,6,76122,CAICEDONIA,ARO CENTRO TULUA,CANINO,URBANO,NO,DESCONOCIDO,1 VISITA,CALLEJERO,6
2026,2026,6,76122,CAICEDONIA,ARO CENTRO TULUA,CANINO,URBANO,NO,DESCONOCIDO,1 VISITA,NO OBSERVABLE,1
2026,2026,6,76122,CAICEDONIA,ARO CENTRO TULUA,CANINO,URBANO,NO,DESCONOCIDO,1 VISITA,OBSERVADO SANO,1
2026,2026,6,76122,CAICEDONIA,ARO CENTRO TULUA,CANINO,URBANO,NO,DESCONOCIDO,1 VISITA,SIN CLASIFICAR,1
2026,2026,6,76122,CAICEDONIA,ARO CENTRO TULUA,CANINO,URBANO,NO,DESCONOCIDO,2 VISITAS,OBSERVADO SANO,2
2026,2026,6,76122,CAICEDONIA,ARO CENTRO TULUA,CANINO,URBANO,NO,VACUNADO,1 VISITA,OBSERVADO SANO,1
2026,2026,6,76122,CAICEDONIA,ARO CENTRO TULUA,FELINO,URBANO,NO,DESCONOCIDO,1 VISITA,CALLEJERO,3
2026,2026,6,76122,CAICEDONIA,ARO CENTRO TULUA,FELINO,URBANO,NO,VACUNADO,1 VISITA,OBSERVADO SANO,2
2026,2026,6,76126,CALIMA,ARO CENTRO TULUA,CANINO,RURAL,NO,DESCONOCIDO,1 VISITA,SIN CLASIFICAR,2
2026,2026,6,76126,CALIMA,ARO CENTRO TULUA,CANINO,RURAL,SI,VACUNADO,1 VISITA,SIN CLASIFICAR,1
2026,2026,6,76126,CALIMA,ARO CENTRO TULUA,CANINO,URBANO,NO,DESCONOCIDO,1 VISITA,SIN CLASIFICAR,7
2026,2026,6,76126,CALIMA,ARO CENTRO TULUA,CANINO,URBANO,NO,NO VACUNADO,1 VISITA,SIN CLASIFICAR,1
2026,2026,6,76126,CALIMA,ARO CENTRO TULUA,CANINO,URBANO,NO,VACUNADO,1 VISITA,SIN CLASIFICAR,2
2026,2026,6,76126,CALIMA,ARO CENTRO TULUA,FELINO,RURAL,NO,DESCONOCIDO,1 VISITA,SIN CLASIFICAR,1
2026,2026,6,76233,DAGUA,ARO SUR CALI,CANINO,RURAL,NO,DESCONOCIDO,1 VISITA,PERDIDO O DESAPARECIDO,7
2026,2026,6,76233,DAGUA,ARO SUR CALI,CANINO,RURAL,NO,DESCONOCIDO,2 VISITAS,SIN CLASIFICAR,5
2026,2026,6,76233,DAGUA,ARO SUR CALI,CANINO,RURAL,NO,VACUNADO,1 VISITA,SIN CLASIFICAR,1
2026,2026,6,76233,DAGUA,ARO SUR CALI,CANINO,RURAL,SI,DESCONOCIDO,1 VISITA,SIN CLASIFICAR,3
2026,2026,6,76233,DAGUA,ARO SUR CALI,CANINO,RURAL,SI,DESCONOCIDO,2 VISITAS,SIN CLASIFICAR,1
2026,2026,6,76233,DAGUA,ARO SUR CALI,CANINO,URBANO,NO,DESCONOCIDO,1 VISITA,PERDIDO O DESAPARECIDO,1
2026,2026,6,76233,DAGUA,ARO SUR CALI,CANINO,URBANO,NO,DESCONOCIDO,2 VISITAS,SIN CLASIFICAR,3
2026,2026,6,76233,DAGUA,ARO SUR CALI,CANINO,URBANO,SI,DESCONOCIDO,1 VISITA,PERDIDO O DESAPARECIDO,1
2026,2026,6,76233,DAGUA,ARO SUR CALI,CANINO,URBANO,SI,NO VACUNADO,1 VISITA,PERDIDO O DESAPARECIDO,1
2026,2026,6,76243,EL AGUILA,ARO NORTE CARTAGO,CANINO,RURAL,NO,DESCONOCIDO,1 VISITA,NO OBSERVABLE,1
2026,2026,6,76243,EL AGUILA,ARO NORTE CARTAGO,CANINO,URBANO,NO,DESCONOCIDO,1 VISITA,NO OBSERVADO,1
2026,2026,6,76243,EL AGUILA,ARO NORTE CARTAGO,CANINO,URBANO,SI,NO VACUNADO,1 VISITA,NO OBSERVADO,1
2026,2026,6,76246,EL CAIRO,ARO NORTE CARTAGO,CANINO,URBANO,NO,VACUNADO,CUMPLE,OBSERVADO SANO,1
2026,2026,6,76246,EL CAIRO,ARO NORTE CARTAGO,CANINO,URBANO,SI,VACUNADO,CUMPLE,OBSERVADO SANO,1
2026,2026,6,76246,EL CAIRO,ARO NORTE CARTAGO,FELINO,RURAL,NO,NO VACUNADO,3 VISITAS FUERA DE 10 DÍAS O CON INCONSISTENCIA,OBSERVADO SANO,1
2026,2026,6,76246,EL CAIRO,ARO NORTE CARTAGO,FELINO,URBANO,NO,NO VACUNADO,3 VISITAS FUERA DE 10 DÍAS O CON INCONSISTENCIA,OBSERVADO SANO,1
2026,2026,6,76248,EL CERRITO,ARO SUR CALI,CANINO,RURAL,NO,NO VACUNADO,2 VISITAS,SIN CLASIFICAR,1
2026,2026,6,76248,EL CERRITO,ARO SUR CALI,CANINO,URBANO,NO,DESCONOCIDO,1 VISITA,PERDIDO O DESAPARECIDO,3
2026,2026,6,76248,EL CERRITO,ARO SUR CALI,CANINO,URBANO,NO,DESCONOCIDO,1 VISITA,SIN CLASIFICAR,1
2026,2026,6,76248,EL CERRITO,ARO SUR CALI,CANINO,URBANO,NO,NO VACUNADO,2 VISITAS,SIN CLASIFICAR,1
2026,2026,6,76248,EL CERRITO,ARO SUR CALI,FELINO,URBANO,NO,NO VACUNADO,1 VISITA,SIN CLASIFICAR,1
2026,2026,6,76248,EL CERRITO,ARO SUR CALI,FELINO,URBANO,NO,VACUNADO,2 VISITAS,SIN CLASIFICAR,1
2026,2026,6,76248,EL CERRITO,ARO SUR CALI,FELINO,URBANO,SI,DESCONOCIDO,1 VISITA,PERDIDO O DESAPARECIDO,1
2026,2026,6,76248,EL CERRITO,ARO SUR CALI,FELINO,URBANO,SI,VACUNADO,1 VISITA,SIN CLASIFICAR,1
2026,2026,6,76248,EL CERRITO,ARO SUR CALI,FELINO,URBANO,SI,VACUNADO,2 VISITAS,SIN CLASIFICAR,1
2026,2026,6,76250,EL DOVIO,ARO NORTE CARTAGO,CANINO,URBANO,SI,DESCONOCIDO,1 VISITA,NO OBSERVADO,1
2026,2026,6,76250,EL DOVIO,ARO NORTE CARTAGO,CANINO,URBANO,SI,VACUNADO,1 VISITA,OBSERVADO SANO,1
2026,2026,6,76250,EL DOVIO,ARO NORTE CARTAGO,FELINO,RURAL,NO,NO VACUNADO,1 VISITA,OBSERVADO SANO,1
2026,2026,6,76275,FLORIDA,ARO SUR CALI,CANINO,RURAL,NO,DESCONOCIDO,1 VISITA,PERDIDO O DESAPARECIDO,2
2026,2026,6,76275,FLORIDA,ARO SUR CALI,CANINO,URBANO,NO,DESCONOCIDO,1 VISITA,PERDIDO O DESAPARECIDO,9
2026,2026,6,76275,FLORIDA,ARO SUR CALI,CANINO,URBANO,NO,VACUNADO,1 VISITA,SIN CLASIFICAR,5
2026,2026,6,76275,FLORIDA,ARO SUR CALI,CANINO,URBANO,NO,VACUNADO,CUMPLE,OBSERVADO SANO,1
2026,2026,6,76275,FLORIDA,ARO SUR CALI,CANINO,URBANO,NO,VACUNADO,CUMPLE,SIN CLASIFICAR,1
2026,2026,6,76275,FLORIDA,ARO SUR CALI,CANINO,URBANO,SI,DESCONOCIDO,1 VISITA,PERDIDO O DESAPARECIDO,3
2026,2026,6,76275,FLORIDA,ARO SUR CALI,CANINO,URBANO,SI,DESCONOCIDO,2 VISITAS,SIN CLASIFICAR,1
2026,2026,6,76275,FLORIDA,ARO SUR CALI,CANINO,URBANO,SI,NO VACUNADO,1 VISITA,SIN CLASIFICAR,2
2026,2026,6,76275,FLORIDA,ARO SUR CALI,CANINO,URBANO,SI,VACUNADO,1 VISITA,SIN CLASIFICAR,1
2026,2026,6,76275,FLORIDA,ARO SUR CALI,CANINO,URBANO,SI,VACUNADO,2 VISITAS,SIN CLASIFICAR,1
2026,2026,6,76275,FLORIDA,ARO SUR CALI,FELINO,URBANO,SI,DESCONOCIDO,1 VISITA,PERDIDO O DESAPARECIDO,2
2026,2026,6,76275,FLORIDA,ARO SUR CALI,FELINO,URBANO,SI,DESCONOCIDO,2 VISITAS,SIN CLASIFICAR,1
2026,2026,6,76275,FLORIDA,ARO SUR CALI,FELINO,URBANO,SI,VACUNADO,2 VISITAS,SIN CLASIFICAR,1
2026,2026,6,76306,GINEBRA,ARO SUR CALI,CANINO,URBANO,NO,DESCONOCIDO,1 VISITA,PERDIDO O DESAPARECIDO,3
2026,2026,6,76306,GINEBRA,ARO SUR CALI,CANINO,URBANO,SI,VACUNADO,1 VISITA,SIN CLASIFICAR,1
2026,2026,6,76306,GINEBRA,ARO SUR CALI,FELINO,RURAL,NO,VACUNADO,1 VISITA,SIN CLASIFICAR,1
2026,2026,6,76306,GINEBRA,ARO SUR CALI,FELINO,RURAL,SI,NO VACUNADO,1 VISITA,SIN CLASIFICAR,1
2026,2026,6,76318,GUACARI,ARO SUR CALI,CANINO,RURAL,NO,DESCONOCIDO,1 VISITA,PERDIDO O DESAPARECIDO,2
2026,2026,6,76318,GUACARI,ARO SUR CALI,CANINO,URBANO,NO,DESCONOCIDO,1 VISITA,PERDIDO O DESAPARECIDO,1
2026,2026,6,76318,GUACARI,ARO SUR CALI,CANINO,URBANO,NO,VACUNADO,1 VISITA,CON SIGNOS REPORTADOS,2
2026,2026,6,76318,GUACARI,ARO SUR CALI,CANINO,URBANO,NO,VACUNADO,2 VISITAS,SIN CLASIFICAR,1
2026,2026,6,76318,GUACARI,ARO SUR CALI,CANINO,URBANO,SI,DESCONOCIDO,1 VISITA,PERDIDO O DESAPARECIDO,4
2026,2026,6,76318,GUACARI,ARO SUR CALI,FELINO,URBANO,SI,DESCONOCIDO,1 VISITA,PERDIDO O DESAPARECIDO,2
2026,2026,6,76377,LA CUMBRE,ARO SUR CALI,CANINO,RURAL,NO,DESCONOCIDO,1 VISITA,PERDIDO O DESAPARECIDO,2
2026,2026,6,76377,LA CUMBRE,ARO SUR CALI,CANINO,RURAL,NO,DESCONOCIDO,1 VISITA,SIN CLASIFICAR,1
2026,2026,6,76377,LA CUMBRE,ARO SUR CALI,CANINO,URBANO,NO,DESCONOCIDO,1 VISITA,PERDIDO O DESAPARECIDO,1
2026,2026,6,76377,LA CUMBRE,ARO SUR CALI,FELINO,RURAL,NO,DESCONOCIDO,1 VISITA,PERDIDO O DESAPARECIDO,1
2026,2026,6,76400,LA UNION,ARO NORTE CARTAGO,CANINO,RURAL,NO,DESCONOCIDO,1 VISITA,NO OBSERVADO,2
2026,2026,6,76400,LA UNION,ARO NORTE CARTAGO,CANINO,RURAL,NO,DESCONOCIDO,1 VISITA,PERDIDO O DESAPARECIDO,1
2026,2026,6,76400,LA UNION,ARO NORTE CARTAGO,CANINO,URBANO,NO,DESCONOCIDO,1 VISITA,NO OBSERVADO,1
2026,2026,6,76400,LA UNION,ARO NORTE CARTAGO,CANINO,URBANO,NO,DESCONOCIDO,1 VISITA,PERDIDO O DESAPARECIDO,2
2026,2026,6,76400,LA UNION,ARO NORTE CARTAGO,CANINO,URBANO,NO,NO VACUNADO,1 VISITA,OBSERVADO SANO,1
2026,2026,6,76400,LA UNION,ARO NORTE CARTAGO,CANINO,URBANO,NO,VACUNADO,2 VISITAS,OBSERVADO SANO,1
2026,2026,6,76400,LA UNION,ARO NORTE CARTAGO,CANINO,URBANO,SI,DESCONOCIDO,1 VISITA,NO OBSERVADO,1
2026,2026,6,76400,LA UNION,ARO NORTE CARTAGO,CANINO,URBANO,SI,DESCONOCIDO,1 VISITA,OBSERVADO SANO,1
2026,2026,6,76400,LA UNION,ARO NORTE CARTAGO,CANINO,URBANO,SI,DESCONOCIDO,1 VISITA,PERDIDO O DESAPARECIDO,1
2026,2026,6,76400,LA UNION,ARO NORTE CARTAGO,CANINO,URBANO,SI,NO VACUNADO,1 VISITA,OBSERVADO SANO,1
2026,2026,6,76400,LA UNION,ARO NORTE CARTAGO,FELINO,RURAL,SI,NO VACUNADO,1 VISITA,OBSERVADO SANO,1
2026,2026,6,76400,LA UNION,ARO NORTE CARTAGO,FELINO,URBANO,NO,DESCONOCIDO,1 VISITA,NO OBSERVABLE,1
2026,2026,6,76400,LA UNION,ARO NORTE CARTAGO,FELINO,URBANO,NO,DESCONOCIDO,1 VISITA,OBSERVADO SANO,1
2026,2026,6,76400,LA UNION,ARO NORTE CARTAGO,FELINO,URBANO,NO,NO VACUNADO,1 VISITA,OBSERVADO SANO,1
2026,2026,6,76403,LA VICTORIA,ARO NORTE CARTAGO,CANINO,RURAL,NO,DESCONOCIDO,1 VISITA,NO OBSERVADO,1
2026,2026,6,76403,LA VICTORIA,ARO NORTE CARTAGO,CANINO,RURAL,NO,DESCONOCIDO,1 VISITA,OBSERVADO SANO,1
2026,2026,6,76403,LA VICTORIA,ARO NORTE CARTAGO,CANINO,RURAL,SI,VACUNADO,CUMPLE,OBSERVADO SANO,1
2026,2026,6,76403,LA VICTORIA,ARO NORTE CARTAGO,CANINO,URBANO,NO,DESCONOCIDO,1 VISITA,OBSERVADO SANO,1
2026,2026,6,76403,LA VICTORIA,ARO NORTE CARTAGO,CANINO,URBANO,NO,DESCONOCIDO,1 VISITA,PERDIDO O DESAPARECIDO,2
2026,2026,6,76403,LA VICTORIA,ARO NORTE CARTAGO,CANINO,URBANO,NO,VACUNADO,2 VISITAS,OBSERVADO SANO,1
2026,2026,6,76403,LA VICTORIA,ARO NORTE CARTAGO,CANINO,URBANO,SI,VACUNADO,2 VISITAS,OBSERVADO SANO,1
2026,2026,6,76497,OBANDO,ARO NORTE CARTAGO,CANINO,RURAL,NO,DESCONOCIDO,1 VISITA,PERDIDO O DESAPARECIDO,1
2026,2026,6,76497,OBANDO,ARO NORTE CARTAGO,CANINO,URBANO,NO,DESCONOCIDO,1 VISITA,SIN CLASIFICAR,1
2026,2026,6,76497,OBANDO,ARO NORTE CARTAGO,CANINO,URBANO,NO,NO VACUNADO,1 VISITA,OBSERVADO SANO,1
2026,2026,6,76497,OBANDO,ARO NORTE CARTAGO,CANINO,URBANO,SI,DESCONOCIDO,1 VISITA,NO OBSERVADO,1
2026,2026,6,76497,OBANDO,ARO NORTE CARTAGO,CANINO,URBANO,SI,DESCONOCIDO,1 VISITA,PERDIDO O DESAPARECIDO,1
2026,2026,6,76563,PRADERA,ARO SUR CALI,CANINO,URBANO,NO,DESCONOCIDO,1 VISITA,CALLEJERO,1
2026,2026,6,76563,PRADERA,ARO SUR CALI,CANINO,URBANO,NO,DESCONOCIDO,1 VISITA,PERDIDO O DESAPARECIDO,13
2026,2026,6,76563,PRADERA,ARO SUR CALI,CANINO,URBANO,NO,DESCONOCIDO,1 VISITA,SIN CLASIFICAR,1
2026,2026,6,76563,PRADERA,ARO SUR CALI,CANINO,URBANO,NO,DESCONOCIDO,CUMPLE,SIN CLASIFICAR,1
2026,2026,6,76563,PRADERA,ARO SUR CALI,FELINO,URBANO,NO,DESCONOCIDO,1 VISITA,PERDIDO O DESAPARECIDO,1
2026,2026,6,76606,RESTREPO,ARO CENTRO TULUA,CANINO,RURAL,NO,DESCONOCIDO,1 VISITA,NO OBSERVABLE,1
2026,2026,6,76606,RESTREPO,ARO CENTRO TULUA,CANINO,RURAL,NO,DESCONOCIDO,1 VISITA,PERDIDO O DESAPARECIDO,3
2026,2026,6,76606,RESTREPO,ARO CENTRO TULUA,CANINO,RURAL,SI,NO VACUNADO,1 VISITA,SIN CLASIFICAR,1
2026,2026,6,76606,RESTREPO,ARO CENTRO TULUA,CANINO,URBANO,NO,DESCONOCIDO,1 VISITA,CALLEJERO,2
2026,2026,6,76606,RESTREPO,ARO CENTRO TULUA,CANINO,URBANO,NO,DESCONOCIDO,1 VISITA,NO OBSERVABLE,1
2026,2026,6,76606,RESTREPO,ARO CENTRO TULUA,CANINO,URBANO,NO,DESCONOCIDO,1 VISITA,PERDIDO O DESAPARECIDO,1
2026,2026,6,76606,RESTREPO,ARO CENTRO TULUA,CANINO,URBANO,NO,DESCONOCIDO,1 VISITA,SIN CLASIFICAR,1
2026,2026,6,76606,RESTREPO,ARO CENTRO TULUA,CANINO,URBANO,NO,NO VACUNADO,1 VISITA,SIN CLASIFICAR,4
2026,2026,6,76606,RESTREPO,ARO CENTRO TULUA,CANINO,URBANO,NO,VACUNADO,1 VISITA,SIN CLASIFICAR,1
2026,2026,6,76606,RESTREPO,ARO CENTRO TULUA,CANINO,URBANO,NO,VACUNADO,2 VISITAS,SIN CLASIFICAR,1
2026,2026,6,76606,RESTREPO,ARO CENTRO TULUA,CANINO,URBANO,SI,DESCONOCIDO,1 VISITA,NO OBSERVABLE,1
2026,2026,6,76606,RESTREPO,ARO CENTRO TULUA,FELINO,URBANO,NO,NO VACUNADO,1 VISITA,NO OBSERVABLE,1
2026,2026,6,76616,RIOFRIO,ARO CENTRO TULUA,CANINO,RURAL,NO,DESCONOCIDO,1 VISITA,CALLEJERO,1
2026,2026,6,76616,RIOFRIO,ARO CENTRO TULUA,CANINO,RURAL,NO,DESCONOCIDO,1 VISITA,PERDIDO O DESAPARECIDO,1
2026,2026,6,76616,RIOFRIO,ARO CENTRO TULUA,CANINO,URBANO,SI,DESCONOCIDO,1 VISITA,PERDIDO O DESAPARECIDO,1
2026,2026,6,76616,RIOFRIO,ARO CENTRO TULUA,FELINO,RURAL,NO,DESCONOCIDO,1 VISITA,SIN CLASIFICAR,1
2026,2026,6,76616,RIOFRIO,ARO CENTRO TULUA,FELINO,RURAL,SI,NO VACUNADO,3 VISITAS FUERA DE 10 DÍAS O CON INCONSISTENCIA,SIN CLASIFICAR,1
2026,2026,6,76616,RIOFRIO,ARO CENTRO TULUA,FELINO,URBANO,NO,VACUNADO,CUMPLE,CON SIGNOS REPORTADOS,1
2026,2026,6,76622,ROLDANILLO,ARO NORTE CARTAGO,CANINO,RURAL,NO,DESCONOCIDO,1 VISITA,NO OBSERVADO,1
2026,2026,6,76622,ROLDANILLO,ARO NORTE CARTAGO,CANINO,RURAL,NO,NO VACUNADO,2 VISITAS,OBSERVADO SANO,1
2026,2026,6,76622,ROLDANILLO,ARO NORTE CARTAGO,CANINO,URBANO,NO,DESCONOCIDO,1 VISITA,NO OBSERVABLE,1
2026,2026,6,76622,ROLDANILLO,ARO NORTE CARTAGO,CANINO,URBANO,NO,DESCONOCIDO,1 VISITA,NO OBSERVADO,1
2026,2026,6,76622,ROLDANILLO,ARO NORTE CARTAGO,CANINO,URBANO,NO,DESCONOCIDO,1 VISITA,OBSERVADO SANO,1
2026,2026,6,76622,ROLDANILLO,ARO NORTE CARTAGO,CANINO,URBANO,NO,VACUNADO,1 VISITA,NO OBSERVADO,1
2026,2026,6,76622,ROLDANILLO,ARO NORTE CARTAGO,CANINO,URBANO,NO,VACUNADO,1 VISITA,OBSERVADO SANO,1
2026,2026,6,76622,ROLDANILLO,ARO NORTE CARTAGO,CANINO,URBANO,SI,VACUNADO,1 VISITA,OBSERVADO SANO,1
2026,2026,6,76622,ROLDANILLO,ARO NORTE CARTAGO,FELINO,RURAL,NO,DESCONOCIDO,1 VISITA,OBSERVADO SANO,1
2026,2026,6,76622,ROLDANILLO,ARO NORTE CARTAGO,FELINO,RURAL,SI,DESCONOCIDO,2 VISITAS,OBSERVADO SANO,1
2026,2026,6,76622,ROLDANILLO,ARO NORTE CARTAGO,FELINO,RURAL,SI,NO VACUNADO,1 VISITA,OBSERVADO SANO,1
2026,2026,6,76622,ROLDANILLO,ARO NORTE CARTAGO,FELINO,RURAL,SI,VACUNADO,1 VISITA,OBSERVADO SANO,1
2026,2026,6,76622,ROLDANILLO,ARO NORTE CARTAGO,FELINO,URBANO,NO,DESCONOCIDO,1 VISITA,NO OBSERVABLE,1
2026,2026,6,76622,ROLDANILLO,ARO NORTE CARTAGO,FELINO,URBANO,NO,DESCONOCIDO,1 VISITA,NO OBSERVADO,1
2026,2026,6,76622,ROLDANILLO,ARO NORTE CARTAGO,FELINO,URBANO,SI,DESCONOCIDO,1 VISITA,NO OBSERVADO,1
2026,2026,6,76622,ROLDANILLO,ARO NORTE CARTAGO,OTRO,URBANO,NO,DESCONOCIDO,1 VISITA,NO OBSERVADO,1
2026,2026,6,76670,SAN PEDRO,ARO CENTRO TULUA,CANINO,RURAL,NO,DESCONOCIDO,1 VISITA,SIN CLASIFICAR,1
2026,2026,6,76670,SAN PEDRO,ARO CENTRO TULUA,CANINO,RURAL,SI,DESCONOCIDO,1 VISITA,SIN CLASIFICAR,1
2026,2026,6,76670,SAN PEDRO,ARO CENTRO TULUA,CANINO,URBANO,SI,DESCONOCIDO,1 VISITA,SIN CLASIFICAR,1
2026,2026,6,76670,SAN PEDRO,ARO CENTRO TULUA,FELINO,URBANO,NO,DESCONOCIDO,1 VISITA,SIN CLASIFICAR,1
2026,2026,6,76736,SEVILLA,ARO CENTRO TULUA,CANINO,RURAL,NO,NO VACUNADO,1 VISITA,OBSERVADO SANO,1
2026,2026,6,76736,SEVILLA,ARO CENTRO TULUA,CANINO,URBANO,NO,DESCONOCIDO,1 VISITA,CALLEJERO,3
2026,2026,6,76736,SEVILLA,ARO CENTRO TULUA,CANINO,URBANO,NO,DESCONOCIDO,1 VISITA,OBSERVADO SANO,1
2026,2026,6,76736,SEVILLA,ARO CENTRO TULUA,CANINO,URBANO,NO,DESCONOCIDO,1 VISITA,SIN CLASIFICAR,3
2026,2026,6,76736,SEVILLA,ARO CENTRO TULUA,CANINO,URBANO,NO,NO VACUNADO,1 VISITA,CON SIGNOS REPORTADOS,1
2026,2026,6,76736,SEVILLA,ARO CENTRO TULUA,CANINO,URBANO,NO,VACUNADO,1 VISITA,CON SIGNOS REPORTADOS,2
2026,2026,6,76736,SEVILLA,ARO CENTRO TULUA,CANINO,URBANO,NO,VACUNADO,1 VISITA,SIN CLASIFICAR,1
2026,2026,6,76736,SEVILLA,ARO CENTRO TULUA,FELINO,URBANO,NO,DESCONOCIDO,1 VISITA,CALLEJERO,1
2026,2026,6,76736,SEVILLA,ARO CENTRO TULUA,FELINO,URBANO,NO,VACUNADO,2 VISITAS,OBSERVADO SANO,1
2026,2026,6,76736,SEVILLA,ARO CENTRO TULUA,OTRO,URBANO,NO,DESCONOCIDO,1 VISITA,SIN CLASIFICAR,1
2026,2026,6,76823,TORO,ARO NORTE CARTAGO,CANINO,RURAL,NO,DESCONOCIDO,1 VISITA,NO OBSERVADO,1
2026,2026,6,76823,TORO,ARO NORTE CARTAGO,CANINO,RURAL,SI,DESCONOCIDO,1 VISITA,NO OBSERVADO,1
2026,2026,6,76823,TORO,ARO NORTE CARTAGO,CANINO,URBANO,NO,DESCONOCIDO,1 VISITA,NO OBSERVADO,1
2026,2026,6,76823,TORO,ARO NORTE CARTAGO,CANINO,URBANO,NO,DESCONOCIDO,2 VISITAS,NO OBSERVADO,1
2026,2026,6,76823,TORO,ARO NORTE CARTAGO,CANINO,URBANO,NO,VACUNADO,2 VISITAS,OBSERVADO SANO,2
2026,2026,6,76823,TORO,ARO NORTE CARTAGO,CANINO,URBANO,SI,DESCONOCIDO,1 VISITA,NO OBSERVADO,1
2026,2026,6,76823,TORO,ARO NORTE CARTAGO,FELINO,RURAL,NO,NO VACUNADO,2 VISITAS,OBSERVADO SANO,1
2026,2026,6,76828,TRUJILLO,ARO CENTRO TULUA,CANINO,RURAL,NO,NO VACUNADO,1 VISITA,SIN CLASIFICAR,1
2026,2026,6,76828,TRUJILLO,ARO CENTRO TULUA,CANINO,RURAL,NO,VACUNADO,1 VISITA,SIN CLASIFICAR,1
2026,2026,6,76828,TRUJILLO,ARO CENTRO TULUA,CANINO,URBANO,NO,DESCONOCIDO,1 VISITA,CALLEJERO,1
2026,2026,6,76828,TRUJILLO,ARO CENTRO TULUA,CANINO,URBANO,NO,DESCONOCIDO,1 VISITA,PERDIDO O DESAPARECIDO,3
2026,2026,6,76828,TRUJILLO,ARO CENTRO TULUA,CANINO,URBANO,NO,DESCONOCIDO,1 VISITA,SIN CLASIFICAR,1
2026,2026,6,76828,TRUJILLO,ARO CENTRO TULUA,CANINO,URBANO,NO,NO VACUNADO,2 VISITAS,SIN CLASIFICAR,1
2026,2026,6,76828,TRUJILLO,ARO CENTRO TULUA,CANINO,URBANO,NO,VACUNADO,2 VISITAS,SIN CLASIFICAR,1
2026,2026,6,76828,TRUJILLO,ARO CENTRO TULUA,FELINO,URBANO,NO,DESCONOCIDO,1 VISITA,SIN CLASIFICAR,1
2026,2026,6,76845,ULLOA,ARO NORTE CARTAGO,CANINO,URBANO,NO,DESCONOCIDO,2 VISITAS,OBSERVADO SANO,1
2026,2026,6,76845,ULLOA,ARO NORTE CARTAGO,CANINO,URBANO,NO,VACUNADO,2 VISITAS,OBSERVADO SANO,1
2026,2026,6,76863,VERSALLES,ARO NORTE CARTAGO,CANINO,RURAL,NO,DESCONOCIDO,1 VISITA,NO OBSERVADO,1
2026,2026,6,76863,VERSALLES,ARO NORTE CARTAGO,CANINO,RURAL,SI,NO VACUNADO,1 VISITA,OBSERVADO SANO,1
2026,2026,6,76863,VERSALLES,ARO NORTE CARTAGO,CANINO,URBANO,NO,DESCONOCIDO,1 VISITA,NO OBSERVADO,1
2026,2026,6,76863,VERSALLES,ARO NORTE CARTAGO,CANINO,URBANO,NO,NO VACUNADO,2 VISITAS,OBSERVADO SANO,1
2026,2026,6,76869,VIJES,ARO SUR CALI,OTRO,URBANO,NO,DESCONOCIDO,1 VISITA,PERDIDO O DESAPARECIDO,1
2026,2026,6,76890,YOTOCO,ARO CENTRO TULUA,CANINO,RURAL,NO,DESCONOCIDO,1 VISITA,SIN CLASIFICAR,1
2026,2026,6,76890,YOTOCO,ARO CENTRO TULUA,CANINO,RURAL,NO,NO VACUNADO,1 VISITA,SIN CLASIFICAR,1
2026,2026,6,76890,YOTOCO,ARO CENTRO TULUA,CANINO,RURAL,NO,VACUNADO,1 VISITA,SIN CLASIFICAR,4
2026,2026,6,76890,YOTOCO,ARO CENTRO TULUA,CANINO,URBANO,NO,DESCONOCIDO,1 VISITA,SIN CLASIFICAR,1
2026,2026,6,76890,YOTOCO,ARO CENTRO TULUA,CANINO,URBANO,NO,DESCONOCIDO,2 VISITAS,PERDIDO O DESAPARECIDO,1
2026,2026,6,76890,YOTOCO,ARO CENTRO TULUA,CANINO,URBANO,SI,DESCONOCIDO,1 VISITA,PERDIDO O DESAPARECIDO,1
2026,2026,6,76890,YOTOCO,ARO CENTRO TULUA,CANINO,URBANO,SI,VACUNADO,1 VISITA,SIN CLASIFICAR,1
2026,2026,6,76890,YOTOCO,ARO CENTRO TULUA,CANINO,URBANO,SI,VACUNADO,2 VISITAS,SIN CLASIFICAR,1
2026,2026,6,76890,YOTOCO,ARO CENTRO TULUA,FELINO,RURAL,NO,VACUNADO,1 VISITA,SIN CLASIFICAR,1
2026,2026,6,76895,ZARZAL,ARO CENTRO TULUA,CANINO,RURAL,NO,DESCONOCIDO,1 VISITA,SIN CLASIFICAR,1
2026,2026,6,76895,ZARZAL,ARO CENTRO TULUA,CANINO,RURAL,NO,DESCONOCIDO,2 VISITAS,SIN CLASIFICAR,1
2026,2026,6,76895,ZARZAL,ARO CENTRO TULUA,CANINO,URBANO,NO,DESCONOCIDO,1 VISITA,CALLEJERO,2
2026,2026,6,76895,ZARZAL,ARO CENTRO TULUA,CANINO,URBANO,NO,DESCONOCIDO,1 VISITA,PERDIDO O DESAPARECIDO,4
2026,2026,6,76895,ZARZAL,ARO CENTRO TULUA,CANINO,URBANO,NO,NO VACUNADO,1 VISITA,SIN CLASIFICAR,2
2026,2026,6,76895,ZARZAL,ARO CENTRO TULUA,CANINO,URBANO,NO,NO VACUNADO,2 VISITAS,SIN CLASIFICAR,1
2026,2026,6,76895,ZARZAL,ARO CENTRO TULUA,CANINO,URBANO,NO,VACUNADO,1 VISITA,SIN CLASIFICAR,1
2026,2026,6,76895,ZARZAL,ARO CENTRO TULUA,CANINO,URBANO,NO,VACUNADO,2 VISITAS,SIN CLASIFICAR,4
2026,2026,6,76895,ZARZAL,ARO CENTRO TULUA,CANINO,URBANO,SI,VACUNADO,2 VISITAS,SIN CLASIFICAR,1
2026,2026,6,76895,ZARZAL,ARO CENTRO TULUA,FELINO,RURAL,SI,DESCONOCIDO,2 VISITAS,SIN CLASIFICAR,1
2026,2026,6,76895,ZARZAL,ARO CENTRO TULUA,FELINO,URBANO,NO,DESCONOCIDO,1 VISITA,PERDIDO O DESAPARECIDO,5
2026,2026,6,76895,ZARZAL,ARO CENTRO TULUA,FELINO,URBANO,NO,NO VACUNADO,2 VISITAS,SIN CLASIFICAR,1
2026,2026,6,76895,ZARZAL,ARO CENTRO TULUA,FELINO,URBANO,NO,VACUNADO,1 VISITA,SIN CLASIFICAR,1
2026,2026,6,76895,ZARZAL,ARO CENTRO TULUA,FELINO,URBANO,SI,NO VACUNADO,1 VISITA,CON SIGNOS REPORTADOS,1
2026,2026,7,76020,ALCALA,ARO NORTE CARTAGO,CANINO,URBANO,NO,DESCONOCIDO,1 VISITA,NO OBSERVADO,1
2026,2026,7,76020,ALCALA,ARO NORTE CARTAGO,CANINO,URBANO,NO,DESCONOCIDO,2 VISITAS,NO OBSERVADO,1
2026,2026,7,76020,ALCALA,ARO NORTE CARTAGO,CANINO,URBANO,NO,VACUNADO,2 VISITAS,OBSERVADO SANO,1
2026,2026,7,76020,ALCALA,ARO NORTE CARTAGO,CANINO,URBANO,SI,DESCONOCIDO,2 VISITAS,OBSERVADO SANO,1
2026,2026,7,76020,ALCALA,ARO NORTE CARTAGO,CANINO,URBANO,SI,VACUNADO,1 VISITA,OBSERVADO SANO,1
2026,2026,7,76036,ANDALUCIA,ARO CENTRO TULUA,CANINO,RURAL,NO,DESCONOCIDO,1 VISITA,SIN CLASIFICAR,1
2026,2026,7,76036,ANDALUCIA,ARO CENTRO TULUA,CANINO,URBANO,NO,DESCONOCIDO,1 VISITA,SIN CLASIFICAR,2
2026,2026,7,76036,ANDALUCIA,ARO CENTRO TULUA,FELINO,RURAL,NO,NO VACUNADO,2 VISITAS,SIN CLASIFICAR,1
2026,2026,7,76036,ANDALUCIA,ARO CENTRO TULUA,FELINO,URBANO,NO,DESCONOCIDO,1 VISITA,CALLEJERO,1
2026,2026,7,76036,ANDALUCIA,ARO CENTRO TULUA,FELINO,URBANO,SI,DESCONOCIDO,1 VISITA,NO OBSERVABLE,1
2026,2026,7,76036,ANDALUCIA,ARO CENTRO TULUA,OTRO,URBANO,NO,NO VACUNADO,1 VISITA,SIN CLASIFICAR,1
2026,2026,7,76041,ANSERMANUEVO,ARO NORTE CARTAGO,CANINO,URBANO,NO,VACUNADO,3 VISITAS FUERA DE 10 DÍAS O CON INCONSISTENCIA,OBSERVADO SANO,1
2026,2026,7,76041,ANSERMANUEVO,ARO NORTE CARTAGO,FELINO,URBANO,SI,NO VACUNADO,3 VISITAS FUERA DE 10 DÍAS O CON INCONSISTENCIA,OBSERVADO SANO,1
2026,2026,7,76054,ARGELIA,ARO NORTE CARTAGO,CANINO,RURAL,NO,VACUNADO,3 VISITAS FUERA DE 10 DÍAS O CON INCONSISTENCIA,OBSERVADO SANO,1
2026,2026,7,76054,ARGELIA,ARO NORTE CARTAGO,CANINO,RURAL,SI,DESCONOCIDO,2 VISITAS,NO OBSERVADO,1
2026,2026,7,76054,ARGELIA,ARO NORTE CARTAGO,CANINO,URBANO,NO,VACUNADO,CUMPLE,OBSERVADO SANO,2
2026,2026,7,76113,BUGALAGRANDE,ARO CENTRO TULUA,CANINO,RURAL,NO,DESCONOCIDO,1 VISITA,SIN CLASIFICAR,1
2026,2026,7,76113,BUGALAGRANDE,ARO CENTRO TULUA,CANINO,URBANO,NO,DESCONOCIDO,1 VISITA,NO OBSERVABLE,1
2026,2026,7,76113,BUGALAGRANDE,ARO CENTRO TULUA,CANINO,URBANO,NO,VACUNADO,1 VISITA,NO OBSERVABLE,1
2026,2026,7,76122,CAICEDONIA,ARO CENTRO TULUA,CANINO,RURAL,NO,NO VACUNADO,1 VISITA,CALLEJERO,1
2026,2026,7,76122,CAICEDONIA,ARO CENTRO TULUA,CANINO,RURAL,NO,VACUNADO,2 VISITAS,OBSERVADO SANO,1
2026,2026,7,76122,CAICEDONIA,ARO CENTRO TULUA,CANINO,URBANO,NO,DESCONOCIDO,1 VISITA,CALLEJERO,3
2026,2026,7,76122,CAICEDONIA,ARO CENTRO TULUA,CANINO,URBANO,NO,DESCONOCIDO,1 VISITA,OBSERVADO SANO,1
2026,2026,7,76122,CAICEDONIA,ARO CENTRO TULUA,CANINO,URBANO,NO,VACUNADO,1 VISITA,OBSERVADO SANO,1
2026,2026,7,76122,CAICEDONIA,ARO CENTRO TULUA,FELINO,URBANO,NO,DESCONOCIDO,2 VISITAS,OBSERVADO SANO,1
2026,2026,7,76126,CALIMA,ARO CENTRO TULUA,CANINO,RURAL,NO,DESCONOCIDO,1 VISITA,SIN CLASIFICAR,1
2026,2026,7,76126,CALIMA,ARO CENTRO TULUA,CANINO,RURAL,NO,VACUNADO,1 VISITA,SIN CLASIFICAR,3
2026,2026,7,76126,CALIMA,ARO CENTRO TULUA,CANINO,URBANO,NO,DESCONOCIDO,1 VISITA,SIN CLASIFICAR,6
2026,2026,7,76233,DAGUA,ARO SUR CALI,CANINO,RURAL,NO,DESCONOCIDO,1 VISITA,PERDIDO O DESAPARECIDO,1
2026,2026,7,76233,DAGUA,ARO SUR CALI,CANINO,RURAL,NO,VACUNADO,1 VISITA,PERDIDO O DESAPARECIDO,1
2026,2026,7,76233,DAGUA,ARO SUR CALI,CANINO,RURAL,NO,VACUNADO,1 VISITA,SIN CLASIFICAR,2
2026,2026,7,76233,DAGUA,ARO SUR CALI,CANINO,RURAL,SI,DESCONOCIDO,1 VISITA,OBSERVADO SANO,1
2026,2026,7,76246,EL CAIRO,ARO NORTE CARTAGO,CANINO,RURAL,NO,DESCONOCIDO,1 VISITA,NO OBSERVADO,1
2026,2026,7,76246,EL CAIRO,ARO NORTE CARTAGO,CANINO,RURAL,NO,DESCONOCIDO,2 VISITAS,NO OBSERVADO,1
2026,2026,7,76246,EL CAIRO,ARO NORTE CARTAGO,CANINO,RURAL,NO,VACUNADO,CUMPLE,OBSERVADO SANO,1
2026,2026,7,76246,EL CAIRO,ARO NORTE CARTAGO,CANINO,URBANO,NO,DESCONOCIDO,CUMPLE,NO OBSERVADO,1
2026,2026,7,76248,EL CERRITO,ARO SUR CALI,CANINO,URBANO,NO,DESCONOCIDO,1 VISITA,CON SIGNOS REPORTADOS,1
2026,2026,7,76248,EL CERRITO,ARO SUR CALI,CANINO,URBANO,NO,DESCONOCIDO,1 VISITA,PERDIDO O DESAPARECIDO,8
2026,2026,7,76248,EL CERRITO,ARO SUR CALI,CANINO,URBANO,NO,DESCONOCIDO,2 VISITAS,CON SIGNOS REPORTADOS,1
2026,2026,7,76248,EL CERRITO,ARO SUR CALI,CANINO,URBANO,SI,DESCONOCIDO,1 VISITA,CON SIGNOS REPORTADOS,3
2026,2026,7,76248,EL CERRITO,ARO SUR CALI,CANINO,URBANO,SI,DESCONOCIDO,1 VISITA,PERDIDO O DESAPARECIDO,1
2026,2026,7,76248,EL CERRITO,ARO SUR CALI,CANINO,URBANO,SI,DESCONOCIDO,2 VISITAS,SIN CLASIFICAR,1
2026,2026,7,76248,EL CERRITO,ARO SUR CALI,FELINO,URBANO,NO,DESCONOCIDO,1 VISITA,PERDIDO O DESAPARECIDO,1
2026,2026,7,76275,FLORIDA,ARO SUR CALI,CANINO,RURAL,NO,VACUNADO,1 VISITA,SIN CLASIFICAR,1
2026,2026,7,76275,FLORIDA,ARO SUR CALI,CANINO,RURAL,SI,DESCONOCIDO,1 VISITA,PERDIDO O DESAPARECIDO,1
2026,2026,7,76275,FLORIDA,ARO SUR CALI,CANINO,URBANO,NO,DESCONOCIDO,1 VISITA,PERDIDO O DESAPARECIDO,5
2026,2026,7,76275,FLORIDA,ARO SUR CALI,CANINO,URBANO,NO,DESCONOCIDO,1 VISITA,SIN CLASIFICAR,1
2026,2026,7,76275,FLORIDA,ARO SUR CALI,CANINO,URBANO,NO,NO VACUNADO,1 VISITA,SIN CLASIFICAR,2
2026,2026,7,76275,FLORIDA,ARO SUR CALI,CANINO,URBANO,NO,VACUNADO,1 VISITA,SIN CLASIFICAR,4
2026,2026,7,76275,FLORIDA,ARO SUR CALI,CANINO,URBANO,SI,VACUNADO,1 VISITA,SIN CLASIFICAR,1
2026,2026,7,76275,FLORIDA,ARO SUR CALI,FELINO,URBANO,NO,DESCONOCIDO,1 VISITA,PERDIDO O DESAPARECIDO,2
2026,2026,7,76275,FLORIDA,ARO SUR CALI,SIN DATO,RURAL,SI,DESCONOCIDO,1 VISITA,SIN CLASIFICAR,1
2026,2026,7,76306,GINEBRA,ARO SUR CALI,CANINO,RURAL,NO,DESCONOCIDO,1 VISITA,PERDIDO O DESAPARECIDO,1
2026,2026,7,76306,GINEBRA,ARO SUR CALI,CANINO,RURAL,NO,VACUNADO,1 VISITA,SIN CLASIFICAR,1
2026,2026,7,76306,GINEBRA,ARO SUR CALI,CANINO,URBANO,NO,DESCONOCIDO,1 VISITA,PERDIDO O DESAPARECIDO,2
2026,2026,7,76306,GINEBRA,ARO SUR CALI,CANINO,URBANO,NO,NO VACUNADO,1 VISITA,PERDIDO O DESAPARECIDO,1
2026,2026,7,76306,GINEBRA,ARO SUR CALI,CANINO,URBANO,NO,VACUNADO,2 VISITAS,SIN CLASIFICAR,1
2026,2026,7,76306,GINEBRA,ARO SUR CALI,FELINO,RURAL,NO,NO VACUNADO,2 VISITAS,SIN CLASIFICAR,1
2026,2026,7,76306,GINEBRA,ARO SUR CALI,FELINO,URBANO,SI,DESCONOCIDO,1 VISITA,PERDIDO O DESAPARECIDO,2
2026,2026,7,76318,GUACARI,ARO SUR CALI,CANINO,RURAL,NO,DESCONOCIDO,1 VISITA,PERDIDO O DESAPARECIDO,1
2026,2026,7,76318,GUACARI,ARO SUR CALI,CANINO,URBANO,NO,DESCONOCIDO,1 VISITA,PERDIDO O DESAPARECIDO,3
2026,2026,7,76318,GUACARI,ARO SUR CALI,CANINO,URBANO,NO,DESCONOCIDO,2 VISITAS,CON SIGNOS REPORTADOS,1
2026,2026,7,76318,GUACARI,ARO SUR CALI,FELINO,URBANO,NO,DESCONOCIDO,1 VISITA,PERDIDO O DESAPARECIDO,1
2026,2026,7,76318,GUACARI,ARO SUR CALI,FELINO,URBANO,SI,DESCONOCIDO,2 VISITAS,CON SIGNOS REPORTADOS,1
2026,2026,7,76377,LA CUMBRE,ARO SUR CALI,CANINO,RURAL,NO,DESCONOCIDO,1 VISITA,CON SIGNOS REPORTADOS,1
2026,2026,7,76377,LA CUMBRE,ARO SUR CALI,CANINO,RURAL,NO,DESCONOCIDO,1 VISITA,PERDIDO O DESAPARECIDO,2
2026,2026,7,76377,LA CUMBRE,ARO SUR CALI,CANINO,RURAL,NO,DESCONOCIDO,1 VISITA,SIN CLASIFICAR,1
2026,2026,7,76377,LA CUMBRE,ARO SUR CALI,CANINO,RURAL,NO,DESCONOCIDO,2 VISITAS,SIN CLASIFICAR,1
2026,2026,7,76400,LA UNION,ARO NORTE CARTAGO,CANINO,RURAL,SI,DESCONOCIDO,1 VISITA,NO OBSERVADO,1
2026,2026,7,76400,LA UNION,ARO NORTE CARTAGO,CANINO,URBANO,NO,DESCONOCIDO,1 VISITA,PERDIDO O DESAPARECIDO,3
2026,2026,7,76400,LA UNION,ARO NORTE CARTAGO,CANINO,URBANO,SI,DESCONOCIDO,CUMPLE,OBSERVADO SANO,1
2026,2026,7,76400,LA UNION,ARO NORTE CARTAGO,FELINO,URBANO,NO,DESCONOCIDO,CUMPLE,OBSERVADO SANO,1
2026,2026,7,76400,LA UNION,ARO NORTE CARTAGO,OTRO,RURAL,NO,DESCONOCIDO,1 VISITA,NO OBSERVADO,1
2026,2026,7,76400,LA UNION,ARO NORTE CARTAGO,SIN DATO,URBANO,NO,DESCONOCIDO,1 VISITA,NO OBSERVADO,1
2026,2026,7,76563,PRADERA,ARO SUR CALI,CANINO,URBANO,NO,DESCONOCIDO,1 VISITA,PERDIDO O DESAPARECIDO,4
2026,2026,7,76606,RESTREPO,ARO CENTRO TULUA,CANINO,RURAL,SI,DESCONOCIDO,1 VISITA,PERDIDO O DESAPARECIDO,1
2026,2026,7,76606,RESTREPO,ARO CENTRO TULUA,CANINO,URBANO,NO,DESCONOCIDO,1 VISITA,PERDIDO O DESAPARECIDO,2
2026,2026,7,76606,RESTREPO,ARO CENTRO TULUA,CANINO,URBANO,NO,NO VACUNADO,1 VISITA,SIN CLASIFICAR,1
2026,2026,7,76606,RESTREPO,ARO CENTRO TULUA,CANINO,URBANO,SI,DESCONOCIDO,1 VISITA,PERDIDO O DESAPARECIDO,1
2026,2026,7,76616,RIOFRIO,ARO CENTRO TULUA,CANINO,URBANO,NO,DESCONOCIDO,1 VISITA,SIN CLASIFICAR,4
2026,2026,7,76616,RIOFRIO,ARO CENTRO TULUA,CANINO,URBANO,SI,NO VACUNADO,1 VISITA,SIN CLASIFICAR,1
2026,2026,7,76616,RIOFRIO,ARO CENTRO TULUA,FELINO,URBANO,NO,VACUNADO,CUMPLE,SIN CLASIFICAR,1
2026,2026,7,76616,RIOFRIO,ARO CENTRO TULUA,OTRO,URBANO,NO,DESCONOCIDO,1 VISITA,SIN CLASIFICAR,1
2026,2026,7,76622,ROLDANILLO,ARO NORTE CARTAGO,CANINO,URBANO,NO,DESCONOCIDO,1 VISITA,NO OBSERVADO,4
2026,2026,7,76622,ROLDANILLO,ARO NORTE CARTAGO,CANINO,URBANO,NO,DESCONOCIDO,1 VISITA,OBSERVADO SANO,1
2026,2026,7,76622,ROLDANILLO,ARO NORTE CARTAGO,CANINO,URBANO,SI,DESCONOCIDO,1 VISITA,OBSERVADO SANO,1
2026,2026,7,76622,ROLDANILLO,ARO NORTE CARTAGO,CANINO,URBANO,SI,VACUNADO,1 VISITA,OBSERVADO SANO,1
2026,2026,7,76622,ROLDANILLO,ARO NORTE CARTAGO,FELINO,RURAL,NO,DESCONOCIDO,1 VISITA,NO OBSERVADO,1
2026,2026,7,76622,ROLDANILLO,ARO NORTE CARTAGO,FELINO,URBANO,NO,DESCONOCIDO,1 VISITA,NO OBSERVADO,2
2026,2026,7,76622,ROLDANILLO,ARO NORTE CARTAGO,FELINO,URBANO,NO,DESCONOCIDO,1 VISITA,OBSERVADO SANO,1
2026,2026,7,76622,ROLDANILLO,ARO NORTE CARTAGO,FELINO,URBANO,NO,VACUNADO,1 VISITA,OBSERVADO SANO,1
2026,2026,7,76670,SAN PEDRO,ARO CENTRO TULUA,CANINO,URBANO,NO,VACUNADO,1 VISITA,SIN CLASIFICAR,1
2026,2026,7,76670,SAN PEDRO,ARO CENTRO TULUA,FELINO,URBANO,SI,VACUNADO,1 VISITA,SIN CLASIFICAR,1
2026,2026,7,76736,SEVILLA,ARO CENTRO TULUA,CANINO,RURAL,NO,DESCONOCIDO,1 VISITA,SIN CLASIFICAR,1
2026,2026,7,76736,SEVILLA,ARO CENTRO TULUA,CANINO,URBANO,NO,DESCONOCIDO,1 VISITA,CALLEJERO,1
2026,2026,7,76736,SEVILLA,ARO CENTRO TULUA,CANINO,URBANO,NO,DESCONOCIDO,1 VISITA,OBSERVADO SANO,1
2026,2026,7,76736,SEVILLA,ARO CENTRO TULUA,CANINO,URBANO,NO,DESCONOCIDO,2 VISITAS,OBSERVADO SANO,1
2026,2026,7,76736,SEVILLA,ARO CENTRO TULUA,CANINO,URBANO,NO,NO VACUNADO,1 VISITA,SIN CLASIFICAR,1
2026,2026,7,76736,SEVILLA,ARO CENTRO TULUA,FELINO,RURAL,NO,VACUNADO,2 VISITAS,SIN CLASIFICAR,1
2026,2026,7,76736,SEVILLA,ARO CENTRO TULUA,FELINO,URBANO,NO,DESCONOCIDO,1 VISITA,CALLEJERO,1
2026,2026,7,76736,SEVILLA,ARO CENTRO TULUA,FELINO,URBANO,NO,DESCONOCIDO,2 VISITAS,OBSERVADO SANO,1
2026,2026,7,76736,SEVILLA,ARO CENTRO TULUA,FELINO,URBANO,NO,NO VACUNADO,2 VISITAS,OBSERVADO SANO,1
2026,2026,7,76823,TORO,ARO NORTE CARTAGO,CANINO,URBANO,NO,DESCONOCIDO,1 VISITA,NO OBSERVADO,1
2026,2026,7,76828,TRUJILLO,ARO CENTRO TULUA,CANINO,RURAL,NO,DESCONOCIDO,1 VISITA,PERDIDO O DESAPARECIDO,2
2026,2026,7,76828,TRUJILLO,ARO CENTRO TULUA,CANINO,URBANO,NO,VACUNADO,2 VISITAS,SIN CLASIFICAR,1
2026,2026,7,76845,ULLOA,ARO NORTE CARTAGO,CANINO,URBANO,SI,VACUNADO,1 VISITA,OBSERVADO SANO,1
2026,2026,7,76863,VERSALLES,ARO NORTE CARTAGO,CANINO,RURAL,NO,DESCONOCIDO,1 VISITA,NO OBSERVABLE,1
2026,2026,7,76863,VERSALLES,ARO NORTE CARTAGO,CANINO,URBANO,NO,NO VACUNADO,1 VISITA,OBSERVADO SANO,1
2026,2026,7,76890,YOTOCO,ARO CENTRO TULUA,CANINO,RURAL,NO,DESCONOCIDO,1 VISITA,PERDIDO O DESAPARECIDO,1
2026,2026,7,76890,YOTOCO,ARO CENTRO TULUA,CANINO,RURAL,NO,NO VACUNADO,1 VISITA,SIN CLASIFICAR,1
2026,2026,7,76890,YOTOCO,ARO CENTRO TULUA,CANINO,RURAL,NO,VACUNADO,1 VISITA,SIN CLASIFICAR,1
2026,2026,7,76890,YOTOCO,ARO CENTRO TULUA,CANINO,URBANO,NO,DESCONOCIDO,1 VISITA,PERDIDO O DESAPARECIDO,1
2026,2026,7,76890,YOTOCO,ARO CENTRO TULUA,CANINO,URBANO,NO,NO VACUNADO,1 VISITA,SIN CLASIFICAR,1
2026,2026,7,76890,YOTOCO,ARO CENTRO TULUA,CANINO,URBANO,NO,VACUNADO,1 VISITA,CON SIGNOS REPORTADOS,1
2026,2026,7,76890,YOTOCO,ARO CENTRO TULUA,CANINO,URBANO,NO,VACUNADO,1 VISITA,SIN CLASIFICAR,4
2026,2026,7,76890,YOTOCO,ARO CENTRO TULUA,FELINO,RURAL,NO,DESCONOCIDO,1 VISITA,PERDIDO O DESAPARECIDO,1
2026,2026,7,76890,YOTOCO,ARO CENTRO TULUA,FELINO,URBANO,NO,DESCONOCIDO,1 VISITA,PERDIDO O DESAPARECIDO,1
2026,2026,7,76890,YOTOCO,ARO CENTRO TULUA,FELINO,URBANO,SI,DESCONOCIDO,1 VISITA,PERDIDO O DESAPARECIDO,1
2026,2026,7,76895,ZARZAL,ARO CENTRO TULUA,CANINO,URBANO,NO,DESCONOCIDO,1 VISITA,CALLEJERO,1
2026,2026,7,76895,ZARZAL,ARO CENTRO TULUA,CANINO,URBANO,NO,DESCONOCIDO,1 VISITA,PERDIDO O DESAPARECIDO,5
2026,2026,7,76895,ZARZAL,ARO CENTRO TULUA,CANINO,URBANO,NO,DESCONOCIDO,1 VISITA,SIN CLASIFICAR,1
2026,2026,7,76895,ZARZAL,ARO CENTRO TULUA,CANINO,URBANO,NO,VACUNADO,2 VISITAS,SIN CLASIFICAR,1
2026,2026,7,76895,ZARZAL,ARO CENTRO TULUA,CANINO,URBANO,SI,DESCONOCIDO,1 VISITA,PERDIDO O DESAPARECIDO,3
2026,2026,7,76895,ZARZAL,ARO CENTRO TULUA,FELINO,RURAL,SI,VACUNADO,2 VISITAS,SIN CLASIFICAR,1
2026,2026,7,76895,ZARZAL,ARO CENTRO TULUA,FELINO,URBANO,SI,DESCONOCIDO,1 VISITA,PERDIDO O DESAPARECIDO,1
2026,2026,7,76895,ZARZAL,ARO CENTRO TULUA,OTRO,URBANO,NO,DESCONOCIDO,1 VISITA,SIN CLASIFICAR,1
