anio,fecha_visita,mes,codigo_dane,municipio,area_operativa,especie,categoria_visitas,seguimiento_3_visitas,estado_animal,numero_visita,dentro_10_dias,visitas
2026,2026-01-05,1,76036,ANDALUCIA,ARO CENTRO TULUA,CANINO,1 VISITA,1 VISITA,SIN CLASIFICAR,1,NO,1
2026,2026-01-05,1,76036,ANDALUCIA,ARO CENTRO TULUA,CANINO,3 O MÁS VISITAS,3 VISITAS FUERA DE 10 DÍAS O CON INCONSISTENCIA,SIN CLASIFICAR,1,SI,1
2026,2026-01-05,1,76036,ANDALUCIA,ARO CENTRO TULUA,FELINO,2 VISITAS,2 VISITAS,CALLEJERO,1,NO,1
2026,2026-01-05,1,76036,ANDALUCIA,ARO CENTRO TULUA,OTRO,2 VISITAS,2 VISITAS,SIN CLASIFICAR,1,NO,1
2026,2026-01-05,1,76054,ARGELIA,ARO NORTE CARTAGO,CANINO,3 O MÁS VISITAS,3 VISITAS FUERA DE 10 DÍAS O CON INCONSISTENCIA,OBSERVADO SANO,1,NO,1
2026,2026-01-05,1,76054,ARGELIA,ARO NORTE CARTAGO,CANINO,3 O MÁS VISITAS,3 VISITAS FUERA DE 10 DÍAS O CON INCONSISTENCIA,OBSERVADO SANO,2,NO,1
2026,2026-01-05,1,76126,CALIMA,ARO CENTRO TULUA,CANINO,1 VISITA,1 VISITA,SIN CLASIFICAR,1,NO,8
2026,2026-01-05,1,76126,CALIMA,ARO CENTRO TULUA,CANINO,1 VISITA,1 VISITA,SIN CLASIFICAR,1,SI,4
2026,2026-01-05,1,76318,GUACARI,ARO SUR CALI,CANINO,1 VISITA,1 VISITA,NO OBSERVABLE,1,SI,4
2026,2026-01-05,1,76318,GUACARI,ARO SUR CALI,CANINO,2 VISITAS,2 VISITAS,CON SIGNOS REPORTADOS,1,SI,1
2026,2026-01-05,1,76318,GUACARI,ARO SUR CALI,CANINO,2 VISITAS,2 VISITAS,NO OBSERVABLE,1,NO,1
2026,2026-01-05,1,76318,GUACARI,ARO SUR CALI,CANINO,2 VISITAS,2 VISITAS,SIN CLASIFICAR,1,NO,1
2026,2026-01-05,1,76318,GUACARI,ARO SUR CALI,CANINO,2 VISITAS,2 VISITAS,SIN CLASIFICAR,1,SI,1
2026,2026-01-05,1,76318,GUACARI,ARO SUR CALI,CANINO,3 O MÁS VISITAS,3 VISITAS FUERA DE 10 DÍAS O CON INCONSISTENCIA,SIN CLASIFICAR,1,NO,2
2026,2026-01-05,1,76318,GUACARI,ARO SUR CALI,CANINO,3 O MÁS VISITAS,CUMPLE,SIN CLASIFICAR,1,SI,1
2026,2026-01-05,1,76318,GUACARI,ARO SUR CALI,FELINO,2 VISITAS,2 VISITAS,NO OBSERVABLE,1,NO,1
2026,2026-01-05,1,76318,GUACARI,ARO SUR CALI,FELINO,2 VISITAS,2 VISITAS,NO OBSERVABLE,1,SI,1
2026,2026-01-05,1,76400,LA UNION,ARO NORTE CARTAGO,CANINO,1 VISITA,1 VISITA,NO OBSERVABLE,1,SI,1
2026,2026-01-05,1,76400,LA UNION,ARO NORTE CARTAGO,CANINO,1 VISITA,1 VISITA,PERDIDO O DESAPARECIDO,1,NO,1
2026,2026-01-05,1,76400,LA UNION,ARO NORTE CARTAGO,CANINO,2 VISITAS,2 VISITAS,NO OBSERVABLE,1,SI,1
2026,2026-01-05,1,76400,LA UNION,ARO NORTE CARTAGO,CANINO,3 O MÁS VISITAS,3 VISITAS FUERA DE 10 DÍAS O CON INCONSISTENCIA,NO OBSERVABLE,1,SI,1
2026,2026-01-05,1,76400,LA UNION,ARO NORTE CARTAGO,CANINO,3 O MÁS VISITAS,CUMPLE,NO OBSERVABLE,1,SI,1
2026,2026-01-05,1,76400,LA UNION,ARO NORTE CARTAGO,CANINO,3 O MÁS VISITAS,CUMPLE,OBSERVADO SANO,1,SI,1
2026,2026-01-05,1,76497,OBANDO,ARO NORTE CARTAGO,CANINO,1 VISITA,1 VISITA,NO OBSERVADO,1,NO,1
2026,2026-01-05,1,76497,OBANDO,ARO NORTE CARTAGO,CANINO,1 VISITA,1 VISITA,PERDIDO O DESAPARECIDO,1,NO,1
2026,2026-01-05,1,76497,OBANDO,ARO NORTE CARTAGO,CANINO,2 VISITAS,2 VISITAS,OBSERVADO SANO,1,SI,1
2026,2026-01-05,1,76622,ROLDANILLO,ARO NORTE CARTAGO,CANINO,1 VISITA,1 VISITA,NO OBSERVADO,1,NO,1
2026,2026-01-05,1,76622,ROLDANILLO,ARO NORTE CARTAGO,CANINO,1 VISITA,1 VISITA,OBSERVADO SANO,1,NO,1
2026,2026-01-05,1,76863,VERSALLES,ARO NORTE CARTAGO,CANINO,1 VISITA,1 VISITA,NO OBSERVABLE,1,NO,1
2026,2026-01-06,1,76036,ANDALUCIA,ARO CENTRO TULUA,OTRO,2 VISITAS,2 VISITAS,SIN CLASIFICAR,2,NO,1
2026,2026-01-06,1,76113,BUGALAGRANDE,ARO CENTRO TULUA,CANINO,2 VISITAS,2 VISITAS,SIN CLASIFICAR,1,SI,1
2026,2026-01-06,1,76113,BUGALAGRANDE,ARO CENTRO TULUA,OTRO,1 VISITA,1 VISITA,SIN CLASIFICAR,1,NO,1
2026,2026-01-06,1,76126,CALIMA,ARO CENTRO TULUA,CANINO,1 VISITA,1 VISITA,SIN CLASIFICAR,1,NO,1
2026,2026-01-06,1,76126,CALIMA,ARO CENTRO TULUA,CANINO,1 VISITA,1 VISITA,SIN CLASIFICAR,1,SI,1
2026,2026-01-06,1,76248,EL CERRITO,ARO SUR CALI,CANINO,1 VISITA,1 VISITA,NO OBSERVABLE,1,NO,2
2026,2026-01-06,1,76248,EL CERRITO,ARO SUR CALI,FELINO,1 VISITA,1 VISITA,NO OBSERVABLE,1,SI,1
2026,2026-01-06,1,76248,EL CERRITO,ARO SUR CALI,OTRO,1 VISITA,1 VISITA,NO OBSERVABLE,1,SI,1
2026,2026-01-06,1,76250,EL DOVIO,ARO NORTE CARTAGO,CANINO,1 VISITA,1 VISITA,PERDIDO O DESAPARECIDO,1,NO,1
2026,2026-01-06,1,76250,EL DOVIO,ARO NORTE CARTAGO,FELINO,1 VISITA,1 VISITA,NO OBSERVADO,1,NO,1
2026,2026-01-06,1,76250,EL DOVIO,ARO NORTE CARTAGO,FELINO,1 VISITA,1 VISITA,OBSERVADO SANO,1,SI,1
2026,2026-01-06,1,76306,GINEBRA,ARO SUR CALI,CANINO,1 VISITA,1 VISITA,NO OBSERVABLE,1,NO,1
2026,2026-01-06,1,76306,GINEBRA,ARO SUR CALI,CANINO,1 VISITA,1 VISITA,SIN CLASIFICAR,1,NO,1
2026,2026-01-06,1,76306,GINEBRA,ARO SUR CALI,FELINO,1 VISITA,1 VISITA,CON SIGNOS REPORTADOS,1,NO,1
2026,2026-01-06,1,76318,GUACARI,ARO SUR CALI,CANINO,1 VISITA,1 VISITA,NO OBSERVABLE,1,SI,1
2026,2026-01-06,1,76318,GUACARI,ARO SUR CALI,CANINO,3 O MÁS VISITAS,3 VISITAS FUERA DE 10 DÍAS O CON INCONSISTENCIA,SIN CLASIFICAR,1,NO,1
2026,2026-01-06,1,76400,LA UNION,ARO NORTE CARTAGO,CANINO,3 O MÁS VISITAS,CUMPLE,NO OBSERVABLE,1,SI,2
2026,2026-01-06,1,76400,LA UNION,ARO NORTE CARTAGO,CANINO,3 O MÁS VISITAS,CUMPLE,OBSERVADO SANO,2,SI,1
2026,2026-01-06,1,76497,OBANDO,ARO NORTE CARTAGO,CANINO,2 VISITAS,2 VISITAS,OBSERVADO SANO,2,SI,1
2026,2026-01-06,1,76497,OBANDO,ARO NORTE CARTAGO,FELINO,1 VISITA,1 VISITA,OBSERVADO SANO,1,NO,1
2026,2026-01-06,1,76616,RIOFRIO,ARO CENTRO TULUA,CANINO,1 VISITA,1 VISITA,PERDIDO O DESAPARECIDO,1,NO,1
2026,2026-01-06,1,76616,RIOFRIO,ARO CENTRO TULUA,CANINO,2 VISITAS,2 VISITAS,SIN CLASIFICAR,1,NO,1
2026,2026-01-06,1,76616,RIOFRIO,ARO CENTRO TULUA,CANINO,2 VISITAS,2 VISITAS,SIN CLASIFICAR,1,SI,1
2026,2026-01-06,1,76616,RIOFRIO,ARO CENTRO TULUA,FELINO,2 VISITAS,2 VISITAS,SIN CLASIFICAR,1,NO,1
2026,2026-01-06,1,76616,RIOFRIO,ARO CENTRO TULUA,OTRO,1 VISITA,1 VISITA,SIN CLASIFICAR,1,SI,1
2026,2026-01-06,1,76823,TORO,ARO NORTE CARTAGO,CANINO,3 O MÁS VISITAS,CUMPLE,SIN CLASIFICAR,1,SI,1
2026,2026-01-06,1,76823,TORO,ARO NORTE CARTAGO,FELINO,1 VISITA,1 VISITA,PERDIDO O DESAPARECIDO,1,SI,1
2026,2026-01-06,1,76823,TORO,ARO NORTE CARTAGO,OTRO,1 VISITA,1 VISITA,NO OBSERVABLE,1,SI,1
2026,2026-01-06,1,76869,VIJES,ARO SUR CALI,CANINO,1 VISITA,1 VISITA,NO OBSERVABLE,1,NO,3
2026,2026-01-06,1,76869,VIJES,ARO SUR CALI,FELINO,1 VISITA,1 VISITA,NO OBSERVABLE,1,SI,1
2026,2026-01-07,1,76036,ANDALUCIA,ARO CENTRO TULUA,FELINO,2 VISITAS,2 VISITAS,CALLEJERO,2,NO,1
2026,2026-01-07,1,76122,CAICEDONIA,ARO CENTRO TULUA,CANINO,1 VISITA,1 VISITA,PERDIDO O DESAPARECIDO,1,NO,1
2026,2026-01-07,1,76122,CAICEDONIA,ARO CENTRO TULUA,CANINO,1 VISITA,1 VISITA,PERDIDO O DESAPARECIDO,1,SI,3
2026,2026-01-07,1,76122,CAICEDONIA,ARO CENTRO TULUA,CANINO,2 VISITAS,2 VISITAS,SIN CLASIFICAR,1,NO,1
2026,2026-01-07,1,76248,EL CERRITO,ARO SUR CALI,CANINO,1 VISITA,1 VISITA,NO OBSERVABLE,1,NO,1
2026,2026-01-07,1,76248,EL CERRITO,ARO SUR CALI,CANINO,1 VISITA,1 VISITA,SIN CLASIFICAR,1,NO,3
2026,2026-01-07,1,76248,EL CERRITO,ARO SUR CALI,FELINO,1 VISITA,1 VISITA,NO OBSERVABLE,1,NO,2
2026,2026-01-07,1,76248,EL CERRITO,ARO SUR CALI,FELINO,1 VISITA,1 VISITA,SIN CLASIFICAR,1,SI,1
2026,2026-01-07,1,76400,LA UNION,ARO NORTE CARTAGO,CANINO,2 VISITAS,2 VISITAS,NO OBSERVABLE,2,SI,1
2026,2026-01-07,1,76400,LA UNION,ARO NORTE CARTAGO,CANINO,3 O MÁS VISITAS,CUMPLE,NO OBSERVABLE,1,SI,1
2026,2026-01-07,1,76400,LA UNION,ARO NORTE CARTAGO,CANINO,3 O MÁS VISITAS,CUMPLE,OBSERVADO SANO,3,SI,1
2026,2026-01-07,1,76403,LA VICTORIA,ARO NORTE CARTAGO,CANINO,1 VISITA,1 VISITA,OBSERVADO SANO,1,SI,1
2026,2026-01-07,1,76403,LA VICTORIA,ARO NORTE CARTAGO,CANINO,1 VISITA,1 VISITA,PERDIDO O DESAPARECIDO,1,SI,1
2026,2026-01-07,1,76403,LA VICTORIA,ARO NORTE CARTAGO,CANINO,2 VISITAS,2 VISITAS,OBSERVADO SANO,1,SI,1
2026,2026-01-07,1,76622,ROLDANILLO,ARO NORTE CARTAGO,CANINO,1 VISITA,1 VISITA,NO OBSERVABLE,1,NO,6
2026,2026-01-07,1,76622,ROLDANILLO,ARO NORTE CARTAGO,CANINO,1 VISITA,1 VISITA,NO OBSERVABLE,1,SI,1
2026,2026-01-07,1,76622,ROLDANILLO,ARO NORTE CARTAGO,CANINO,1 VISITA,1 VISITA,NO OBSERVADO,1,NO,1
2026,2026-01-07,1,76622,ROLDANILLO,ARO NORTE CARTAGO,CANINO,1 VISITA,1 VISITA,NO OBSERVADO,1,SI,1
2026,2026-01-07,1,76622,ROLDANILLO,ARO NORTE CARTAGO,CANINO,1 VISITA,1 VISITA,OBSERVADO SANO,1,NO,2
2026,2026-01-07,1,76622,ROLDANILLO,ARO NORTE CARTAGO,CANINO,1 VISITA,1 VISITA,OBSERVADO SANO,1,SI,1
2026,2026-01-07,1,76622,ROLDANILLO,ARO NORTE CARTAGO,CANINO,2 VISITAS,2 VISITAS,OBSERVADO SANO,1,NO,1
2026,2026-01-07,1,76823,TORO,ARO NORTE CARTAGO,CANINO,3 O MÁS VISITAS,CUMPLE,SIN CLASIFICAR,2,SI,1
2026,2026-01-07,1,76845,ULLOA,ARO NORTE CARTAGO,CANINO,1 VISITA,1 VISITA,NO OBSERVADO,1,SI,1
2026,2026-01-07,1,76845,ULLOA,ARO NORTE CARTAGO,CANINO,2 VISITAS,2 VISITAS,OBSERVADO SANO,1,SI,1
2026,2026-01-08,1,76036,ANDALUCIA,ARO CENTRO TULUA,CANINO,1 VISITA,1 VISITA,SIN CLASIFICAR,1,SI,1
2026,2026-01-08,1,76036,ANDALUCIA,ARO CENTRO TULUA,CANINO,2 VISITAS,2 VISITAS,SIN CLASIFICAR,1,NO,1
2026,2026-01-08,1,76036,ANDALUCIA,ARO CENTRO TULUA,CANINO,3 O MÁS VISITAS,CUMPLE,SIN CLASIFICAR,1,SI,1
2026,2026-01-08,1,76041,ANSERMANUEVO,ARO NORTE CARTAGO,CANINO,1 VISITA,1 VISITA,NO OBSERVADO,1,SI,1
2026,2026-01-08,1,76041,ANSERMANUEVO,ARO NORTE CARTAGO,CANINO,3 O MÁS VISITAS,3 VISITAS FUERA DE 10 DÍAS O CON INCONSISTENCIA,OBSERVADO SANO,1,SI,1
2026,2026-01-08,1,76054,ARGELIA,ARO NORTE CARTAGO,CANINO,3 O MÁS VISITAS,3 VISITAS FUERA DE 10 DÍAS O CON INCONSISTENCIA,OBSERVADO SANO,3,NO,1
2026,2026-01-08,1,76233,DAGUA,ARO SUR CALI,CANINO,1 VISITA,1 VISITA,CON SIGNOS REPORTADOS,1,NO,1
2026,2026-01-08,1,76233,DAGUA,ARO SUR CALI,CANINO,1 VISITA,1 VISITA,NO OBSERVABLE,1,NO,4
2026,2026-01-08,1,76233,DAGUA,ARO SUR CALI,CANINO,1 VISITA,1 VISITA,OBSERVADO SANO,1,NO,2
2026,2026-01-08,1,76233,DAGUA,ARO SUR CALI,CANINO,1 VISITA,1 VISITA,PERDIDO O DESAPARECIDO,1,NO,2
2026,2026-01-08,1,76233,DAGUA,ARO SUR CALI,CANINO,1 VISITA,1 VISITA,PERDIDO O DESAPARECIDO,1,SI,1
2026,2026-01-08,1,76233,DAGUA,ARO SUR CALI,CANINO,2 VISITAS,2 VISITAS,CON SIGNOS REPORTADOS,1,NO,1
2026,2026-01-08,1,76233,DAGUA,ARO SUR CALI,CANINO,2 VISITAS,2 VISITAS,CON SIGNOS REPORTADOS,2,NO,1
2026,2026-01-08,1,76233,DAGUA,ARO SUR CALI,FELINO,1 VISITA,1 VISITA,CON SIGNOS REPORTADOS,1,NO,3
2026,2026-01-08,1,76233,DAGUA,ARO SUR CALI,FELINO,1 VISITA,1 VISITA,PERDIDO O DESAPARECIDO,1,NO,1
2026,2026-01-08,1,76243,EL AGUILA,ARO NORTE CARTAGO,CANINO,1 VISITA,1 VISITA,NO OBSERVABLE,1,NO,1
2026,2026-01-08,1,76243,EL AGUILA,ARO NORTE CARTAGO,CANINO,1 VISITA,1 VISITA,NO OBSERVADO,1,NO,1
2026,2026-01-08,1,76248,EL CERRITO,ARO SUR CALI,CANINO,1 VISITA,1 VISITA,NO OBSERVABLE,1,NO,2
2026,2026-01-08,1,76248,EL CERRITO,ARO SUR CALI,FELINO,1 VISITA,1 VISITA,NO OBSERVABLE,1,NO,1
2026,2026-01-08,1,76318,GUACARI,ARO SUR CALI,CANINO,2 VISITAS,2 VISITAS,NO OBSERVABLE,2,NO,1
2026,2026-01-08,1,76318,GUACARI,ARO SUR CALI,CANINO,2 VISITAS,2 VISITAS,SIN CLASIFICAR,2,SI,1
2026,2026-01-08,1,76318,GUACARI,ARO SUR CALI,CANINO,3 O MÁS VISITAS,3 VISITAS FUERA DE 10 DÍAS O CON INCONSISTENCIA,SIN CLASIFICAR,2,NO,3
2026,2026-01-08,1,76318,GUACARI,ARO SUR CALI,CANINO,3 O MÁS VISITAS,CUMPLE,SIN CLASIFICAR,2,SI,1
2026,2026-01-08,1,76318,GUACARI,ARO SUR CALI,FELINO,2 VISITAS,2 VISITAS,NO OBSERVABLE,2,NO,1
2026,2026-01-08,1,76400,LA UNION,ARO NORTE CARTAGO,CANINO,1 VISITA,1 VISITA,NO OBSERVABLE,1,NO,1
2026,2026-01-08,1,76400,LA UNION,ARO NORTE CARTAGO,CANINO,3 O MÁS VISITAS,3 VISITAS FUERA DE 10 DÍAS O CON INCONSISTENCIA,NO OBSERVABLE,2,SI,1
2026,2026-01-08,1,76400,LA UNION,ARO NORTE CARTAGO,CANINO,3 O MÁS VISITAS,CUMPLE,NO OBSERVABLE,2,SI,4
2026,2026-01-08,1,76400,LA UNION,ARO NORTE CARTAGO,FELINO,3 O MÁS VISITAS,CUMPLE,NO OBSERVABLE,1,SI,1
2026,2026-01-08,1,76497,OBANDO,ARO NORTE CARTAGO,CANINO,1 VISITA,1 VISITA,NO OBSERVADO,1,SI,1
2026,2026-01-08,1,76616,RIOFRIO,ARO CENTRO TULUA,CANINO,1 VISITA,1 VISITA,PERDIDO O DESAPARECIDO,1,NO,1
2026,2026-01-08,1,76616,RIOFRIO,ARO CENTRO TULUA,CANINO,1 VISITA,1 VISITA,SIN CLASIFICAR,1,NO,1
2026,2026-01-08,1,76828,TRUJILLO,ARO CENTRO TULUA,CANINO,1 VISITA,1 VISITA,PERDIDO O DESAPARECIDO,1,NO,1
2026,2026-01-08,1,76828,TRUJILLO,ARO CENTRO TULUA,CANINO,1 VISITA,1 VISITA,SIN CLASIFICAR,1,NO,1
2026,2026-01-09,1,76036,ANDALUCIA,ARO CENTRO TULUA,CANINO,1 VISITA,1 VISITA,SIN CLASIFICAR,1,SI,1
2026,2026-01-09,1,76036,ANDALUCIA,ARO CENTRO TULUA,CANINO,3 O MÁS VISITAS,3 VISITAS FUERA DE 10 DÍAS O CON INCONSISTENCIA,SIN CLASIFICAR,2,SI,1
2026,2026-01-09,1,76113,BUGALAGRANDE,ARO CENTRO TULUA,CANINO,2 VISITAS,2 VISITAS,SIN CLASIFICAR,2,NO,1
2026,2026-01-09,1,76122,CAICEDONIA,ARO CENTRO TULUA,CANINO,2 VISITAS,2 VISITAS,SIN CLASIFICAR,2,NO,1
2026,2026-01-09,1,76318,GUACARI,ARO SUR CALI,CANINO,2 VISITAS,2 VISITAS,SIN CLASIFICAR,2,NO,1
2026,2026-01-09,1,76318,GUACARI,ARO SUR CALI,CANINO,3 O MÁS VISITAS,3 VISITAS FUERA DE 10 DÍAS O CON INCONSISTENCIA,SIN CLASIFICAR,3,NO,3
2026,2026-01-09,1,76318,GUACARI,ARO SUR CALI,CANINO,3 O MÁS VISITAS,CUMPLE,SIN CLASIFICAR,3,SI,1
2026,2026-01-09,1,76318,GUACARI,ARO SUR CALI,FELINO,2 VISITAS,2 VISITAS,NO OBSERVABLE,2,NO,1
2026,2026-01-09,1,76377,LA CUMBRE,ARO SUR CALI,CANINO,1 VISITA,1 VISITA,PERDIDO O DESAPARECIDO,1,NO,2
2026,2026-01-09,1,76377,LA CUMBRE,ARO SUR CALI,CANINO,1 VISITA,1 VISITA,PERDIDO O DESAPARECIDO,1,SI,1
2026,2026-01-09,1,76377,LA CUMBRE,ARO SUR CALI,CANINO,1 VISITA,1 VISITA,SIN CLASIFICAR,1,NO,1
2026,2026-01-09,1,76377,LA CUMBRE,ARO SUR CALI,FELINO,1 VISITA,1 VISITA,SIN CLASIFICAR,1,NO,1
2026,2026-01-09,1,76377,LA CUMBRE,ARO SUR CALI,OTRO,1 VISITA,1 VISITA,PERDIDO O DESAPARECIDO,1,NO,1
2026,2026-01-09,1,76616,RIOFRIO,ARO CENTRO TULUA,CANINO,2 VISITAS,2 VISITAS,SIN CLASIFICAR,2,NO,1
2026,2026-01-09,1,76616,RIOFRIO,ARO CENTRO TULUA,CANINO,2 VISITAS,2 VISITAS,SIN CLASIFICAR,2,SI,1
2026,2026-01-09,1,76616,RIOFRIO,ARO CENTRO TULUA,FELINO,2 VISITAS,2 VISITAS,SIN CLASIFICAR,2,NO,1
2026,2026-01-09,1,76670,SAN PEDRO,ARO CENTRO TULUA,CANINO,1 VISITA,1 VISITA,SIN CLASIFICAR,1,NO,1
2026,2026-01-09,1,76670,SAN PEDRO,ARO CENTRO TULUA,CANINO,1 VISITA,1 VISITA,SIN CLASIFICAR,1,SI,2
2026,2026-01-09,1,76670,SAN PEDRO,ARO CENTRO TULUA,FELINO,1 VISITA,1 VISITA,SIN CLASIFICAR,1,SI,1
2026,2026-01-09,1,76823,TORO,ARO NORTE CARTAGO,CANINO,3 O MÁS VISITAS,CUMPLE,SIN CLASIFICAR,3,SI,1
2026,2026-01-09,1,76828,TRUJILLO,ARO CENTRO TULUA,CANINO,2 VISITAS,2 VISITAS,SIN CLASIFICAR,1,NO,2
2026,2026-01-09,1,76869,VIJES,ARO SUR CALI,CANINO,1 VISITA,1 VISITA,CALLEJERO,1,NO,1
2026,2026-01-10,1,76122,CAICEDONIA,ARO CENTRO TULUA,CANINO,1 VISITA,1 VISITA,NO OBSERVABLE,1,NO,1
2026,2026-01-12,1,76020,ALCALA,ARO NORTE CARTAGO,CANINO,1 VISITA,1 VISITA,NO OBSERVABLE,1,SI,1
2026,2026-01-12,1,76020,ALCALA,ARO NORTE CARTAGO,CANINO,1 VISITA,1 VISITA,NO OBSERVADO,1,SI,1
2026,2026-01-12,1,76020,ALCALA,ARO NORTE CARTAGO,CANINO,2 VISITAS,2 VISITAS,OBSERVADO SANO,1,SI,1
2026,2026-01-12,1,76400,LA UNION,ARO NORTE CARTAGO,CANINO,3 O MÁS VISITAS,3 VISITAS FUERA DE 10 DÍAS O CON INCONSISTENCIA,NO OBSERVABLE,3,NO,1
2026,2026-01-12,1,76400,LA UNION,ARO NORTE CARTAGO,CANINO,3 O MÁS VISITAS,CUMPLE,NO OBSERVABLE,3,SI,3
2026,2026-01-13,1,76036,ANDALUCIA,ARO CENTRO TULUA,CANINO,2 VISITAS,2 VISITAS,SIN CLASIFICAR,2,NO,1
2026,2026-01-13,1,76036,ANDALUCIA,ARO CENTRO TULUA,CANINO,3 O MÁS VISITAS,CUMPLE,SIN CLASIFICAR,2,SI,1
2026,2026-01-13,1,76041,ANSERMANUEVO,ARO NORTE CARTAGO,CANINO,3 O MÁS VISITAS,3 VISITAS FUERA DE 10 DÍAS O CON INCONSISTENCIA,OBSERVADO SANO,2,NO,1
2026,2026-01-13,1,76054,ARGELIA,ARO NORTE CARTAGO,CANINO,3 O MÁS VISITAS,CUMPLE,OBSERVADO SANO,1,SI,1
2026,2026-01-13,1,76400,LA UNION,ARO NORTE CARTAGO,FELINO,3 O MÁS VISITAS,CUMPLE,NO OBSERVABLE,2,SI,1
2026,2026-01-13,1,76497,OBANDO,ARO NORTE CARTAGO,CANINO,1 VISITA,1 VISITA,MUERTO,1,SI,1
2026,2026-01-13,1,76497,OBANDO,ARO NORTE CARTAGO,CANINO,3 O MÁS VISITAS,CUMPLE,OBSERVADO SANO,1,SI,1
2026,2026-01-13,1,76616,RIOFRIO,ARO CENTRO TULUA,CANINO,1 VISITA,1 VISITA,CALLEJERO,1,SI,1
2026,2026-01-13,1,76616,RIOFRIO,ARO CENTRO TULUA,CANINO,1 VISITA,1 VISITA,SIN CLASIFICAR,1,SI,1
2026,2026-01-13,1,76616,RIOFRIO,ARO CENTRO TULUA,FELINO,1 VISITA,1 VISITA,SIN CLASIFICAR,1,SI,1
2026,2026-01-13,1,76616,RIOFRIO,ARO CENTRO TULUA,OTRO,1 VISITA,1 VISITA,SIN CLASIFICAR,1,SI,1
2026,2026-01-14,1,76020,ALCALA,ARO NORTE CARTAGO,CANINO,1 VISITA,1 VISITA,OBSERVADO SANO,1,NO,1
2026,2026-01-14,1,76020,ALCALA,ARO NORTE CARTAGO,CANINO,2 VISITAS,2 VISITAS,OBSERVADO SANO,1,SI,1
2026,2026-01-14,1,76036,ANDALUCIA,ARO CENTRO TULUA,CANINO,1 VISITA,1 VISITA,SIN CLASIFICAR,1,NO,3
2026,2026-01-14,1,76036,ANDALUCIA,ARO CENTRO TULUA,CANINO,3 O MÁS VISITAS,3 VISITAS FUERA DE 10 DÍAS O CON INCONSISTENCIA,SIN CLASIFICAR,3,NO,1
2026,2026-01-14,1,76054,ARGELIA,ARO NORTE CARTAGO,CANINO,3 O MÁS VISITAS,CUMPLE,OBSERVADO SANO,2,SI,1
2026,2026-01-14,1,76100,BOLIVAR,ARO CENTRO TULUA,CANINO,1 VISITA,1 VISITA,PERDIDO O DESAPARECIDO,1,SI,2
2026,2026-01-14,1,76100,BOLIVAR,ARO CENTRO TULUA,CANINO,2 VISITAS,2 VISITAS,SIN CLASIFICAR,1,SI,1
2026,2026-01-14,1,76100,BOLIVAR,ARO CENTRO TULUA,FELINO,1 VISITA,1 VISITA,CALLEJERO,1,NO,1
2026,2026-01-14,1,76122,CAICEDONIA,ARO CENTRO TULUA,FELINO,1 VISITA,1 VISITA,CALLEJERO,1,NO,1
2026,2026-01-14,1,76248,EL CERRITO,ARO SUR CALI,CANINO,1 VISITA,1 VISITA,MUERTO,1,NO,1
2026,2026-01-14,1,76275,FLORIDA,ARO SUR CALI,CANINO,1 VISITA,1 VISITA,CON SIGNOS REPORTADOS,1,NO,1
2026,2026-01-14,1,76275,FLORIDA,ARO SUR CALI,CANINO,1 VISITA,1 VISITA,PERDIDO O DESAPARECIDO,1,NO,5
2026,2026-01-14,1,76275,FLORIDA,ARO SUR CALI,CANINO,1 VISITA,1 VISITA,SIN CLASIFICAR,1,NO,3
2026,2026-01-14,1,76275,FLORIDA,ARO SUR CALI,CANINO,3 O MÁS VISITAS,3 VISITAS FUERA DE 10 DÍAS O CON INCONSISTENCIA,CON SIGNOS REPORTADOS,1,SI,1
2026,2026-01-14,1,76275,FLORIDA,ARO SUR CALI,CANINO,3 O MÁS VISITAS,3 VISITAS FUERA DE 10 DÍAS O CON INCONSISTENCIA,PERDIDO O DESAPARECIDO,1,SI,2
2026,2026-01-14,1,76275,FLORIDA,ARO SUR CALI,CANINO,3 O MÁS VISITAS,3 VISITAS FUERA DE 10 DÍAS O CON INCONSISTENCIA,SIN CLASIFICAR,1,SI,1
2026,2026-01-14,1,76275,FLORIDA,ARO SUR CALI,CANINO,3 O MÁS VISITAS,CUMPLE,PERDIDO O DESAPARECIDO,1,SI,2
2026,2026-01-14,1,76275,FLORIDA,ARO SUR CALI,FELINO,1 VISITA,1 VISITA,PERDIDO O DESAPARECIDO,1,NO,1
2026,2026-01-14,1,76275,FLORIDA,ARO SUR CALI,FELINO,1 VISITA,1 VISITA,PERDIDO O DESAPARECIDO,1,SI,1
2026,2026-01-14,1,76275,FLORIDA,ARO SUR CALI,OTRO,1 VISITA,1 VISITA,PERDIDO O DESAPARECIDO,1,NO,1
2026,2026-01-14,1,76400,LA UNION,ARO NORTE CARTAGO,CANINO,1 VISITA,1 VISITA,NO OBSERVADO,1,SI,1
2026,2026-01-14,1,76400,LA UNION,ARO NORTE CARTAGO,CANINO,1 VISITA,1 VISITA,PERDIDO O DESAPARECIDO,1,SI,2
2026,2026-01-14,1,76400,LA UNION,ARO NORTE CARTAGO,SIN DATO,2 VISITAS,2 VISITAS,OBSERVADO SANO,1,SI,1
2026,2026-01-14,1,76497,OBANDO,ARO NORTE CARTAGO,CANINO,3 O MÁS VISITAS,CUMPLE,OBSERVADO SANO,2,SI,1
2026,2026-01-14,1,76828,TRUJILLO,ARO CENTRO TULUA,CANINO,2 VISITAS,2 VISITAS,SIN CLASIFICAR,1,NO,2
2026,2026-01-14,1,76828,TRUJILLO,ARO CENTRO TULUA,CANINO,2 VISITAS,2 VISITAS,SIN CLASIFICAR,2,NO,2
2026,2026-01-14,1,76828,TRUJILLO,ARO CENTRO TULUA,FELINO,2 VISITAS,2 VISITAS,SIN CLASIFICAR,1,NO,1
2026,2026-01-14,1,76828,TRUJILLO,ARO CENTRO TULUA,FELINO,2 VISITAS,2 VISITAS,SIN CLASIFICAR,1,SI,1
2026,2026-01-14,1,76845,ULLOA,ARO NORTE CARTAGO,CANINO,1 VISITA,1 VISITA,NO OBSERVADO,1,SI,1
2026,2026-01-14,1,76845,ULLOA,ARO NORTE CARTAGO,CANINO,2 VISITAS,2 VISITAS,OBSERVADO SANO,2,NO,1
2026,2026-01-14,1,76895,ZARZAL,ARO CENTRO TULUA,CANINO,1 VISITA,1 VISITA,NO OBSERVABLE,1,NO,3
2026,2026-01-14,1,76895,ZARZAL,ARO CENTRO TULUA,CANINO,1 VISITA,1 VISITA,NO OBSERVABLE,1,SI,2
2026,2026-01-14,1,76895,ZARZAL,ARO CENTRO TULUA,CANINO,1 VISITA,1 VISITA,OBSERVADO SANO,1,NO,1
2026,2026-01-14,1,76895,ZARZAL,ARO CENTRO TULUA,CANINO,1 VISITA,1 VISITA,OBSERVADO SANO,1,SI,1
2026,2026-01-14,1,76895,ZARZAL,ARO CENTRO TULUA,CANINO,1 VISITA,1 VISITA,SIN CLASIFICAR,1,NO,2
2026,2026-01-14,1,76895,ZARZAL,ARO CENTRO TULUA,CANINO,1 VISITA,1 VISITA,SIN CLASIFICAR,1,SI,2
2026,2026-01-14,1,76895,ZARZAL,ARO CENTRO TULUA,CANINO,2 VISITAS,2 VISITAS,NO OBSERVADO,1,SI,1
2026,2026-01-14,1,76895,ZARZAL,ARO CENTRO TULUA,FELINO,1 VISITA,1 VISITA,NO OBSERVABLE,1,SI,1
2026,2026-01-15,1,76036,ANDALUCIA,ARO CENTRO TULUA,CANINO,3 O MÁS VISITAS,CUMPLE,SIN CLASIFICAR,3,SI,1
2026,2026-01-15,1,76041,ANSERMANUEVO,ARO NORTE CARTAGO,CANINO,3 O MÁS VISITAS,3 VISITAS FUERA DE 10 DÍAS O CON INCONSISTENCIA,OBSERVADO SANO,3,NO,1
2026,2026-01-15,1,76122,CAICEDONIA,ARO CENTRO TULUA,CANINO,1 VISITA,1 VISITA,CON SIGNOS REPORTADOS,1,SI,1
2026,2026-01-15,1,76122,CAICEDONIA,ARO CENTRO TULUA,CANINO,1 VISITA,1 VISITA,NO OBSERVABLE,1,SI,2
2026,2026-01-15,1,76122,CAICEDONIA,ARO CENTRO TULUA,CANINO,1 VISITA,1 VISITA,OBSERVADO SANO,1,SI,1
2026,2026-01-15,1,76126,CALIMA,ARO CENTRO TULUA,CANINO,1 VISITA,1 VISITA,SIN CLASIFICAR,1,SI,1
2026,2026-01-15,1,76306,GINEBRA,ARO SUR CALI,CANINO,1 VISITA,1 VISITA,CON SIGNOS REPORTADOS,1,NO,1
2026,2026-01-15,1,76306,GINEBRA,ARO SUR CALI,CANINO,1 VISITA,1 VISITA,PERDIDO O DESAPARECIDO,1,NO,1
2026,2026-01-15,1,76306,GINEBRA,ARO SUR CALI,CANINO,1 VISITA,1 VISITA,PERDIDO O DESAPARECIDO,1,SI,1
2026,2026-01-15,1,76306,GINEBRA,ARO SUR CALI,CANINO,1 VISITA,1 VISITA,SIN CLASIFICAR,1,NO,1
2026,2026-01-15,1,76306,GINEBRA,ARO SUR CALI,FELINO,1 VISITA,1 VISITA,PERDIDO O DESAPARECIDO,1,NO,2
2026,2026-01-15,1,76306,GINEBRA,ARO SUR CALI,FELINO,1 VISITA,1 VISITA,SIN CLASIFICAR,1,NO,1
2026,2026-01-15,1,76318,GUACARI,ARO SUR CALI,CANINO,1 VISITA,1 VISITA,CON SIGNOS REPORTADOS,1,NO,1
2026,2026-01-15,1,76318,GUACARI,ARO SUR CALI,CANINO,1 VISITA,1 VISITA,PERDIDO O DESAPARECIDO,1,NO,1
2026,2026-01-15,1,76318,GUACARI,ARO SUR CALI,CANINO,2 VISITAS,2 VISITAS,CON SIGNOS REPORTADOS,1,SI,3
2026,2026-01-15,1,76318,GUACARI,ARO SUR CALI,CANINO,2 VISITAS,2 VISITAS,CON SIGNOS REPORTADOS,2,NO,1
2026,2026-01-15,1,76318,GUACARI,ARO SUR CALI,CANINO,2 VISITAS,2 VISITAS,PERDIDO O DESAPARECIDO,1,SI,1
2026,2026-01-15,1,76377,LA CUMBRE,ARO SUR CALI,CANINO,1 VISITA,1 VISITA,PERDIDO O DESAPARECIDO,1,NO,4
2026,2026-01-15,1,76377,LA CUMBRE,ARO SUR CALI,CANINO,1 VISITA,1 VISITA,SIN CLASIFICAR,1,NO,2
2026,2026-01-15,1,76403,LA VICTORIA,ARO NORTE CARTAGO,CANINO,2 VISITAS,2 VISITAS,OBSERVADO SANO,2,NO,1
2026,2026-01-15,1,76736,SEVILLA,ARO CENTRO TULUA,CANINO,1 VISITA,1 VISITA,NO OBSERVABLE,1,SI,1
2026,2026-01-15,1,76736,SEVILLA,ARO CENTRO TULUA,CANINO,1 VISITA,1 VISITA,SIN CLASIFICAR,1,SI,1
2026,2026-01-15,1,76736,SEVILLA,ARO CENTRO TULUA,FELINO,1 VISITA,1 VISITA,NO OBSERVABLE,1,SI,1
2026,2026-01-15,1,76823,TORO,ARO NORTE CARTAGO,CANINO,1 VISITA,1 VISITA,PERDIDO O DESAPARECIDO,1,SI,1
2026,2026-01-15,1,76863,VERSALLES,ARO NORTE CARTAGO,CANINO,1 VISITA,1 VISITA,NO OBSERVADO,1,SI,1
2026,2026-01-16,1,76041,ANSERMANUEVO,ARO NORTE CARTAGO,CANINO,2 VISITAS,2 VISITAS,MUERTO,1,SI,1
2026,2026-01-16,1,76041,ANSERMANUEVO,ARO NORTE CARTAGO,CANINO,3 O MÁS VISITAS,3 VISITAS FUERA DE 10 DÍAS O CON INCONSISTENCIA,OBSERVADO SANO,1,SI,3
2026,2026-01-16,1,76054,ARGELIA,ARO NORTE CARTAGO,CANINO,3 O MÁS VISITAS,CUMPLE,OBSERVADO SANO,3,SI,1
2026,2026-01-16,1,76100,BOLIVAR,ARO CENTRO TULUA,CANINO,2 VISITAS,2 VISITAS,SIN CLASIFICAR,1,SI,1
2026,2026-01-16,1,76100,BOLIVAR,ARO CENTRO TULUA,CANINO,2 VISITAS,2 VISITAS,SIN CLASIFICAR,2,SI,1
2026,2026-01-16,1,76113,BUGALAGRANDE,ARO CENTRO TULUA,CANINO,1 VISITA,1 VISITA,PERDIDO O DESAPARECIDO,1,SI,1
2026,2026-01-16,1,76113,BUGALAGRANDE,ARO CENTRO TULUA,CANINO,1 VISITA,1 VISITA,SIN CLASIFICAR,1,NO,2
2026,2026-01-16,1,76113,BUGALAGRANDE,ARO CENTRO TULUA,CANINO,1 VISITA,1 VISITA,SIN CLASIFICAR,1,SI,1
2026,2026-01-16,1,76233,DAGUA,ARO SUR CALI,CANINO,1 VISITA,1 VISITA,CON SIGNOS REPORTADOS,1,NO,1
2026,2026-01-16,1,76233,DAGUA,ARO SUR CALI,CANINO,1 VISITA,1 VISITA,PERDIDO O DESAPARECIDO,1,NO,7
2026,2026-01-16,1,76233,DAGUA,ARO SUR CALI,CANINO,1 VISITA,1 VISITA,SIN CLASIFICAR,1,NO,4
2026,2026-01-16,1,76233,DAGUA,ARO SUR CALI,FELINO,1 VISITA,1 VISITA,SIN CLASIFICAR,1,NO,3
2026,2026-01-16,1,76275,FLORIDA,ARO SUR CALI,CANINO,1 VISITA,1 VISITA,OBSERVADO SANO,1,NO,1
2026,2026-01-16,1,76275,FLORIDA,ARO SUR CALI,CANINO,1 VISITA,1 VISITA,PERDIDO O DESAPARECIDO,1,NO,4
2026,2026-01-16,1,76275,FLORIDA,ARO SUR CALI,CANINO,1 VISITA,1 VISITA,SIN CLASIFICAR,1,NO,1
2026,2026-01-16,1,76275,FLORIDA,ARO SUR CALI,CANINO,2 VISITAS,2 VISITAS,PERDIDO O DESAPARECIDO,1,SI,1
2026,2026-01-16,1,76275,FLORIDA,ARO SUR CALI,CANINO,3 O MÁS VISITAS,3 VISITAS FUERA DE 10 DÍAS O CON INCONSISTENCIA,CON SIGNOS REPORTADOS,2,SI,1
2026,2026-01-16,1,76275,FLORIDA,ARO SUR CALI,CANINO,3 O MÁS VISITAS,3 VISITAS FUERA DE 10 DÍAS O CON INCONSISTENCIA,PERDIDO O DESAPARECIDO,1,SI,1
2026,2026-01-16,1,76275,FLORIDA,ARO SUR CALI,CANINO,3 O MÁS VISITAS,3 VISITAS FUERA DE 10 DÍAS O CON INCONSISTENCIA,PERDIDO O DESAPARECIDO,2,SI,2
2026,2026-01-16,1,76275,FLORIDA,ARO SUR CALI,CANINO,3 O MÁS VISITAS,3 VISITAS FUERA DE 10 DÍAS O CON INCONSISTENCIA,SIN CLASIFICAR,1,SI,1
2026,2026-01-16,1,76275,FLORIDA,ARO SUR CALI,CANINO,3 O MÁS VISITAS,3 VISITAS FUERA DE 10 DÍAS O CON INCONSISTENCIA,SIN CLASIFICAR,2,SI,1
2026,2026-01-16,1,76275,FLORIDA,ARO SUR CALI,CANINO,3 O MÁS VISITAS,CUMPLE,PERDIDO O DESAPARECIDO,2,SI,2
2026,2026-01-16,1,76275,FLORIDA,ARO SUR CALI,CANINO,3 O MÁS VISITAS,CUMPLE,PERDIDO O DESAPARECIDO,3,SI,1
2026,2026-01-16,1,76275,FLORIDA,ARO SUR CALI,FELINO,3 O MÁS VISITAS,3 VISITAS FUERA DE 10 DÍAS O CON INCONSISTENCIA,CON SIGNOS REPORTADOS,1,SI,1
2026,2026-01-16,1,76400,LA UNION,ARO NORTE CARTAGO,CANINO,3 O MÁS VISITAS,CUMPLE,NO OBSERVABLE,3,SI,1
2026,2026-01-16,1,76400,LA UNION,ARO NORTE CARTAGO,FELINO,3 O MÁS VISITAS,CUMPLE,NO OBSERVABLE,3,SI,1
2026,2026-01-16,1,76497,OBANDO,ARO NORTE CARTAGO,CANINO,3 O MÁS VISITAS,CUMPLE,OBSERVADO SANO,3,SI,1
2026,2026-01-16,1,76828,TRUJILLO,ARO CENTRO TULUA,CANINO,1 VISITA,1 VISITA,SIN CLASIFICAR,1,NO,1
2026,2026-01-16,1,76828,TRUJILLO,ARO CENTRO TULUA,CANINO,2 VISITAS,2 VISITAS,SIN CLASIFICAR,2,NO,2
2026,2026-01-16,1,76828,TRUJILLO,ARO CENTRO TULUA,FELINO,2 VISITAS,2 VISITAS,SIN CLASIFICAR,2,NO,2
2026,2026-01-16,1,76828,TRUJILLO,ARO CENTRO TULUA,OTRO,1 VISITA,1 VISITA,SIN CLASIFICAR,1,NO,1
2026,2026-01-18,1,76020,ALCALA,ARO NORTE CARTAGO,CANINO,2 VISITAS,2 VISITAS,OBSERVADO SANO,2,SI,2
2026,2026-01-19,1,76318,GUACARI,ARO SUR CALI,CANINO,2 VISITAS,2 VISITAS,CON SIGNOS REPORTADOS,2,SI,3
2026,2026-01-19,1,76318,GUACARI,ARO SUR CALI,CANINO,2 VISITAS,2 VISITAS,PERDIDO O DESAPARECIDO,2,SI,1
2026,2026-01-19,1,76400,LA UNION,ARO NORTE CARTAGO,SIN DATO,2 VISITAS,2 VISITAS,OBSERVADO SANO,2,SI,1
2026,2026-01-20,1,76036,ANDALUCIA,ARO CENTRO TULUA,CANINO,1 VISITA,1 VISITA,NO OBSERVABLE,1,SI,1
2026,2026-01-20,1,76036,ANDALUCIA,ARO CENTRO TULUA,CANINO,1 VISITA,1 VISITA,SIN CLASIFICAR,1,SI,2
2026,2026-01-20,1,76041,ANSERMANUEVO,ARO NORTE CARTAGO,CANINO,1 VISITA,1 VISITA,NO OBSERVADO,1,NO,1
2026,2026-01-20,1,76041,ANSERMANUEVO,ARO NORTE CARTAGO,CANINO,2 VISITAS,2 VISITAS,MUERTO,2,NO,1
2026,2026-01-20,1,76041,ANSERMANUEVO,ARO NORTE CARTAGO,CANINO,3 O MÁS VISITAS,3 VISITAS FUERA DE 10 DÍAS O CON INCONSISTENCIA,OBSERVADO SANO,1,NO,1
2026,2026-01-20,1,76041,ANSERMANUEVO,ARO NORTE CARTAGO,CANINO,3 O MÁS VISITAS,3 VISITAS FUERA DE 10 DÍAS O CON INCONSISTENCIA,OBSERVADO SANO,1,SI,1
2026,2026-01-20,1,76041,ANSERMANUEVO,ARO NORTE CARTAGO,CANINO,3 O MÁS VISITAS,3 VISITAS FUERA DE 10 DÍAS O CON INCONSISTENCIA,OBSERVADO SANO,2,NO,3
2026,2026-01-20,1,76041,ANSERMANUEVO,ARO NORTE CARTAGO,CANINO,3 O MÁS VISITAS,CUMPLE,OBSERVADO SANO,1,SI,1
2026,2026-01-20,1,76041,ANSERMANUEVO,ARO NORTE CARTAGO,FELINO,1 VISITA,1 VISITA,NO OBSERVADO,1,NO,1
2026,2026-01-20,1,76041,ANSERMANUEVO,ARO NORTE CARTAGO,FELINO,1 VISITA,1 VISITA,NO OBSERVADO,1,SI,1
2026,2026-01-20,1,76122,CAICEDONIA,ARO CENTRO TULUA,CANINO,1 VISITA,1 VISITA,NO OBSERVABLE,1,SI,1
2026,2026-01-20,1,76122,CAICEDONIA,ARO CENTRO TULUA,CANINO,2 VISITAS,2 VISITAS,OBSERVADO SANO,1,SI,1
2026,2026-01-20,1,76126,CALIMA,ARO CENTRO TULUA,CANINO,1 VISITA,1 VISITA,SIN CLASIFICAR,1,SI,3
2026,2026-01-20,1,76275,FLORIDA,ARO SUR CALI,CANINO,2 VISITAS,2 VISITAS,PERDIDO O DESAPARECIDO,2,SI,1
2026,2026-01-20,1,76275,FLORIDA,ARO SUR CALI,CANINO,3 O MÁS VISITAS,3 VISITAS FUERA DE 10 DÍAS O CON INCONSISTENCIA,CON SIGNOS REPORTADOS,3,NO,1
2026,2026-01-20,1,76275,FLORIDA,ARO SUR CALI,CANINO,3 O MÁS VISITAS,3 VISITAS FUERA DE 10 DÍAS O CON INCONSISTENCIA,PERDIDO O DESAPARECIDO,2,SI,1
2026,2026-01-20,1,76275,FLORIDA,ARO SUR CALI,CANINO,3 O MÁS VISITAS,3 VISITAS FUERA DE 10 DÍAS O CON INCONSISTENCIA,SIN CLASIFICAR,2,SI,1
2026,2026-01-20,1,76275,FLORIDA,ARO SUR CALI,FELINO,3 O MÁS VISITAS,3 VISITAS FUERA DE 10 DÍAS O CON INCONSISTENCIA,CON SIGNOS REPORTADOS,2,SI,1
2026,2026-01-20,1,76275,FLORIDA,ARO SUR CALI,FELINO,3 O MÁS VISITAS,3 VISITAS FUERA DE 10 DÍAS O CON INCONSISTENCIA,SIN CLASIFICAR,1,SI,1
2026,2026-01-20,1,76377,LA CUMBRE,ARO SUR CALI,CANINO,1 VISITA,1 VISITA,CON SIGNOS REPORTADOS,1,NO,1
2026,2026-01-20,1,76377,LA CUMBRE,ARO SUR CALI,CANINO,1 VISITA,1 VISITA,PERDIDO O DESAPARECIDO,1,NO,1
2026,2026-01-20,1,76377,LA CUMBRE,ARO SUR CALI,CANINO,1 VISITA,1 VISITA,SIN CLASIFICAR,1,NO,1
2026,2026-01-20,1,76377,LA CUMBRE,ARO SUR CALI,CANINO,1 VISITA,1 VISITA,SIN CLASIFICAR,1,SI,1
2026,2026-01-20,1,76400,LA UNION,ARO NORTE CARTAGO,CANINO,1 VISITA,1 VISITA,NO OBSERVABLE,1,NO,4
2026,2026-01-20,1,76400,LA UNION,ARO NORTE CARTAGO,FELINO,1 VISITA,1 VISITA,NO OBSERVABLE,1,NO,1
2026,2026-01-20,1,76828,TRUJILLO,ARO CENTRO TULUA,FELINO,2 VISITAS,2 VISITAS,NO OBSERVABLE,1,SI,1
2026,2026-01-21,1,76054,ARGELIA,ARO NORTE CARTAGO,CANINO,1 VISITA,1 VISITA,NO OBSERVADO,1,NO,2
2026,2026-01-21,1,76100,BOLIVAR,ARO CENTRO TULUA,CANINO,2 VISITAS,2 VISITAS,SIN CLASIFICAR,1,SI,1
2026,2026-01-21,1,76100,BOLIVAR,ARO CENTRO TULUA,CANINO,2 VISITAS,2 VISITAS,SIN CLASIFICAR,2,SI,1
2026,2026-01-21,1,76113,BUGALAGRANDE,ARO CENTRO TULUA,CANINO,1 VISITA,1 VISITA,CALLEJERO,1,SI,1
2026,2026-01-21,1,76113,BUGALAGRANDE,ARO CENTRO TULUA,CANINO,1 VISITA,1 VISITA,SIN CLASIFICAR,1,SI,2
2026,2026-01-21,1,76233,DAGUA,ARO SUR CALI,CANINO,1 VISITA,1 VISITA,PERDIDO O DESAPARECIDO,1,NO,2
2026,2026-01-21,1,76233,DAGUA,ARO SUR CALI,CANINO,1 VISITA,1 VISITA,PERDIDO O DESAPARECIDO,1,SI,3
2026,2026-01-21,1,76233,DAGUA,ARO SUR CALI,CANINO,1 VISITA,1 VISITA,SIN CLASIFICAR,1,NO,3
2026,2026-01-21,1,76233,DAGUA,ARO SUR CALI,CANINO,1 VISITA,1 VISITA,SIN CLASIFICAR,1,SI,2
2026,2026-01-21,1,76233,DAGUA,ARO SUR CALI,CANINO,2 VISITAS,2 VISITAS,SIN CLASIFICAR,1,NO,1
2026,2026-01-21,1,76233,DAGUA,ARO SUR CALI,OTRO,1 VISITA,1 VISITA,PERDIDO O DESAPARECIDO,1,NO,1
2026,2026-01-21,1,76275,FLORIDA,ARO SUR CALI,CANINO,3 O MÁS VISITAS,CUMPLE,PERDIDO O DESAPARECIDO,3,SI,1
2026,2026-01-21,1,76275,FLORIDA,ARO SUR CALI,FELINO,3 O MÁS VISITAS,3 VISITAS FUERA DE 10 DÍAS O CON INCONSISTENCIA,SIN CLASIFICAR,2,SI,1
2026,2026-01-21,1,76563,PRADERA,ARO SUR CALI,CANINO,1 VISITA,1 VISITA,OBSERVADO SANO,1,NO,1
2026,2026-01-21,1,76563,PRADERA,ARO SUR CALI,CANINO,1 VISITA,1 VISITA,PERDIDO O DESAPARECIDO,1,NO,5
2026,2026-01-21,1,76563,PRADERA,ARO SUR CALI,CANINO,1 VISITA,1 VISITA,SIN CLASIFICAR,1,NO,1
2026,2026-01-21,1,76616,RIOFRIO,ARO CENTRO TULUA,CANINO,1 VISITA,1 VISITA,NO OBSERVABLE,1,SI,1
2026,2026-01-21,1,76616,RIOFRIO,ARO CENTRO TULUA,CANINO,1 VISITA,1 VISITA,SIN CLASIFICAR,1,SI,1
2026,2026-01-21,1,76736,SEVILLA,ARO CENTRO TULUA,CANINO,1 VISITA,1 VISITA,CON SIGNOS REPORTADOS,1,NO,1
2026,2026-01-21,1,76736,SEVILLA,ARO CENTRO TULUA,CANINO,1 VISITA,1 VISITA,NO OBSERVABLE,1,NO,4
2026,2026-01-21,1,76736,SEVILLA,ARO CENTRO TULUA,CANINO,1 VISITA,1 VISITA,NO OBSERVABLE,1,SI,1
2026,2026-01-21,1,76736,SEVILLA,ARO CENTRO TULUA,CANINO,1 VISITA,1 VISITA,OBSERVADO SANO,1,NO,3
2026,2026-01-21,1,76736,SEVILLA,ARO CENTRO TULUA,CANINO,1 VISITA,1 VISITA,SIN CLASIFICAR,1,NO,2
2026,2026-01-21,1,76736,SEVILLA,ARO CENTRO TULUA,OTRO,1 VISITA,1 VISITA,SIN CLASIFICAR,1,SI,1
2026,2026-01-22,1,76041,ANSERMANUEVO,ARO NORTE CARTAGO,CANINO,3 O MÁS VISITAS,3 VISITAS FUERA DE 10 DÍAS O CON INCONSISTENCIA,OBSERVADO SANO,2,NO,1
2026,2026-01-22,1,76041,ANSERMANUEVO,ARO NORTE CARTAGO,CANINO,3 O MÁS VISITAS,3 VISITAS FUERA DE 10 DÍAS O CON INCONSISTENCIA,OBSERVADO SANO,3,NO,2
2026,2026-01-22,1,76250,EL DOVIO,ARO NORTE CARTAGO,CANINO,1 VISITA,1 VISITA,OBSERVADO SANO,1,NO,1
2026,2026-01-22,1,76250,EL DOVIO,ARO NORTE CARTAGO,CANINO,2 VISITAS,2 VISITAS,SIN CLASIFICAR,1,SI,1
2026,2026-01-22,1,76497,OBANDO,ARO NORTE CARTAGO,CANINO,1 VISITA,1 VISITA,NO OBSERVABLE,1,NO,1
2026,2026-01-22,1,76823,TORO,ARO NORTE CARTAGO,CANINO,1 VISITA,1 VISITA,PERDIDO O DESAPARECIDO,1,SI,1
2026,2026-01-22,1,76823,TORO,ARO NORTE CARTAGO,FELINO,1 VISITA,1 VISITA,PERDIDO O DESAPARECIDO,1,SI,1
2026,2026-01-22,1,76863,VERSALLES,ARO NORTE CARTAGO,CANINO,1 VISITA,1 VISITA,NO OBSERVABLE,1,NO,2
2026,2026-01-22,1,76863,VERSALLES,ARO NORTE CARTAGO,CANINO,1 VISITA,1 VISITA,NO OBSERVADO,1,NO,4
2026,2026-01-23,1,76041,ANSERMANUEVO,ARO NORTE CARTAGO,CANINO,1 VISITA,1 VISITA,NO OBSERVADO,1,SI,1
2026,2026-01-23,1,76041,ANSERMANUEVO,ARO NORTE CARTAGO,CANINO,3 O MÁS VISITAS,3 VISITAS FUERA DE 10 DÍAS O CON INCONSISTENCIA,OBSERVADO SANO,2,SI,1
2026,2026-01-23,1,76041,ANSERMANUEVO,ARO NORTE CARTAGO,CANINO,3 O MÁS VISITAS,3 VISITAS FUERA DE 10 DÍAS O CON INCONSISTENCIA,OBSERVADO SANO,3,NO,1
2026,2026-01-23,1,76041,ANSERMANUEVO,ARO NORTE CARTAGO,CANINO,3 O MÁS VISITAS,CUMPLE,OBSERVADO SANO,2,SI,1
2026,2026-01-23,1,76100,BOLIVAR,ARO CENTRO TULUA,CANINO,2 VISITAS,2 VISITAS,SIN CLASIFICAR,2,SI,1
2026,2026-01-23,1,76122,CAICEDONIA,ARO CENTRO TULUA,CANINO,1 VISITA,1 VISITA,OBSERVADO SANO,1,SI,1
2026,2026-01-23,1,76122,CAICEDONIA,ARO CENTRO TULUA,CANINO,2 VISITAS,2 VISITAS,OBSERVADO SANO,2,SI,1
2026,2026-01-23,1,76122,CAICEDONIA,ARO CENTRO TULUA,FELINO,1 VISITA,1 VISITA,NO OBSERVABLE,1,SI,1
2026,2026-01-23,1,76622,ROLDANILLO,ARO NORTE CARTAGO,CANINO,1 VISITA,1 VISITA,NO OBSERVABLE,1,NO,5
2026,2026-01-23,1,76622,ROLDANILLO,ARO NORTE CARTAGO,CANINO,1 VISITA,1 VISITA,NO OBSERVADO,1,NO,4
2026,2026-01-23,1,76622,ROLDANILLO,ARO NORTE CARTAGO,CANINO,1 VISITA,1 VISITA,OBSERVADO SANO,1,NO,3
2026,2026-01-23,1,76622,ROLDANILLO,ARO NORTE CARTAGO,FELINO,1 VISITA,1 VISITA,NO OBSERVABLE,1,NO,2
2026,2026-01-23,1,76622,ROLDANILLO,ARO NORTE CARTAGO,FELINO,1 VISITA,1 VISITA,NO OBSERVADO,1,NO,1
2026,2026-01-23,1,76622,ROLDANILLO,ARO NORTE CARTAGO,OTRO,1 VISITA,1 VISITA,NO OBSERVABLE,1,NO,1
2026,2026-01-23,1,76670,SAN PEDRO,ARO CENTRO TULUA,CANINO,1 VISITA,1 VISITA,SIN CLASIFICAR,1,SI,2
2026,2026-01-23,1,76828,TRUJILLO,ARO CENTRO TULUA,FELINO,2 VISITAS,2 VISITAS,NO OBSERVABLE,2,SI,1
2026,2026-01-23,1,76890,YOTOCO,ARO CENTRO TULUA,CANINO,1 VISITA,1 VISITA,PERDIDO O DESAPARECIDO,1,NO,1
2026,2026-01-23,1,76890,YOTOCO,ARO CENTRO TULUA,CANINO,1 VISITA,1 VISITA,SIN CLASIFICAR,1,NO,2
2026,2026-01-23,1,76890,YOTOCO,ARO CENTRO TULUA,CANINO,1 VISITA,1 VISITA,SIN CLASIFICAR,1,SI,1
2026,2026-01-23,1,76895,ZARZAL,ARO CENTRO TULUA,CANINO,1 VISITA,1 VISITA,CALLEJERO,1,NO,1
2026,2026-01-23,1,76895,ZARZAL,ARO CENTRO TULUA,CANINO,1 VISITA,1 VISITA,CON SIGNOS REPORTADOS,1,SI,3
2026,2026-01-23,1,76895,ZARZAL,ARO CENTRO TULUA,CANINO,1 VISITA,1 VISITA,NO OBSERVABLE,1,SI,1
2026,2026-01-23,1,76895,ZARZAL,ARO CENTRO TULUA,CANINO,1 VISITA,1 VISITA,OBSERVADO SANO,1,SI,1
2026,2026-01-23,1,76895,ZARZAL,ARO CENTRO TULUA,CANINO,1 VISITA,1 VISITA,SIN CLASIFICAR,1,NO,1
2026,2026-01-23,1,76895,ZARZAL,ARO CENTRO TULUA,CANINO,1 VISITA,1 VISITA,SIN CLASIFICAR,1,SI,3
2026,2026-01-23,1,76895,ZARZAL,ARO CENTRO TULUA,FELINO,1 VISITA,1 VISITA,SIN CLASIFICAR,1,SI,1
2026,2026-01-24,1,76100,BOLIVAR,ARO CENTRO TULUA,CANINO,1 VISITA,1 VISITA,OBSERVADO SANO,1,NO,1
2026,2026-01-24,1,76233,DAGUA,ARO SUR CALI,CANINO,1 VISITA,1 VISITA,PERDIDO O DESAPARECIDO,1,NO,2
2026,2026-01-24,1,76233,DAGUA,ARO SUR CALI,CANINO,1 VISITA,1 VISITA,SIN CLASIFICAR,1,NO,4
2026,2026-01-24,1,76233,DAGUA,ARO SUR CALI,CANINO,2 VISITAS,2 VISITAS,SIN CLASIFICAR,2,NO,1
2026,2026-01-24,1,76233,DAGUA,ARO SUR CALI,FELINO,1 VISITA,1 VISITA,PERDIDO O DESAPARECIDO,1,NO,1
2026,2026-01-25,1,76054,ARGELIA,ARO NORTE CARTAGO,CANINO,1 VISITA,1 VISITA,PERDIDO O DESAPARECIDO,1,SI,1
2026,2026-01-25,1,76246,EL CAIRO,ARO NORTE CARTAGO,CANINO,2 VISITAS,2 VISITAS,OBSERVADO SANO,1,SI,1
2026,2026-01-26,1,76020,ALCALA,ARO NORTE CARTAGO,CANINO,1 VISITA,1 VISITA,NO OBSERVABLE,1,SI,1
2026,2026-01-26,1,76233,DAGUA,ARO SUR CALI,CANINO,1 VISITA,1 VISITA,PERDIDO O DESAPARECIDO,1,NO,2
2026,2026-01-26,1,76233,DAGUA,ARO SUR CALI,CANINO,1 VISITA,1 VISITA,SIN CLASIFICAR,1,NO,2
2026,2026-01-26,1,76400,LA UNION,ARO NORTE CARTAGO,CANINO,1 VISITA,1 VISITA,NO OBSERVADO,1,SI,1
2026,2026-01-26,1,76497,OBANDO,ARO NORTE CARTAGO,CANINO,1 VISITA,1 VISITA,PERDIDO O DESAPARECIDO,1,SI,1
2026,2026-01-26,1,76622,ROLDANILLO,ARO NORTE CARTAGO,CANINO,1 VISITA,1 VISITA,NO OBSERVABLE,1,NO,1
2026,2026-01-26,1,76622,ROLDANILLO,ARO NORTE CARTAGO,CANINO,1 VISITA,1 VISITA,NO OBSERVABLE,1,SI,1
2026,2026-01-26,1,76622,ROLDANILLO,ARO NORTE CARTAGO,CANINO,1 VISITA,1 VISITA,NO OBSERVADO,1,NO,2
2026,2026-01-26,1,76622,ROLDANILLO,ARO NORTE CARTAGO,CANINO,1 VISITA,1 VISITA,NO OBSERVADO,1,SI,1
2026,2026-01-26,1,76622,ROLDANILLO,ARO NORTE CARTAGO,CANINO,1 VISITA,1 VISITA,OBSERVADO SANO,1,NO,2
2026,2026-01-26,1,76622,ROLDANILLO,ARO NORTE CARTAGO,CANINO,1 VISITA,1 VISITA,OBSERVADO SANO,1,SI,3
2026,2026-01-26,1,76863,VERSALLES,ARO NORTE CARTAGO,CANINO,1 VISITA,1 VISITA,NO OBSERVABLE,1,NO,2
2026,2026-01-26,1,76863,VERSALLES,ARO NORTE CARTAGO,CANINO,1 VISITA,1 VISITA,NO OBSERVADO,1,NO,1
2026,2026-01-27,1,76041,ANSERMANUEVO,ARO NORTE CARTAGO,CANINO,3 O MÁS VISITAS,3 VISITAS FUERA DE 10 DÍAS O CON INCONSISTENCIA,OBSERVADO SANO,3,NO,2
2026,2026-01-27,1,76041,ANSERMANUEVO,ARO NORTE CARTAGO,CANINO,3 O MÁS VISITAS,CUMPLE,OBSERVADO SANO,3,SI,1
2026,2026-01-27,1,76233,DAGUA,ARO SUR CALI,CANINO,1 VISITA,1 VISITA,PERDIDO O DESAPARECIDO,1,NO,3
2026,2026-01-27,1,76233,DAGUA,ARO SUR CALI,CANINO,1 VISITA,1 VISITA,SIN CLASIFICAR,1,NO,1
2026,2026-01-27,1,76248,EL CERRITO,ARO SUR CALI,CANINO,1 VISITA,1 VISITA,OBSERVADO SANO,1,NO,2
2026,2026-01-27,1,76248,EL CERRITO,ARO SUR CALI,CANINO,1 VISITA,1 VISITA,PERDIDO O DESAPARECIDO,1,NO,3
2026,2026-01-27,1,76248,EL CERRITO,ARO SUR CALI,CANINO,1 VISITA,1 VISITA,PERDIDO O DESAPARECIDO,1,SI,1
2026,2026-01-27,1,76248,EL CERRITO,ARO SUR CALI,CANINO,1 VISITA,1 VISITA,SIN CLASIFICAR,1,NO,1
2026,2026-01-27,1,76248,EL CERRITO,ARO SUR CALI,CANINO,2 VISITAS,2 VISITAS,PERDIDO O DESAPARECIDO,1,NO,2
2026,2026-01-27,1,76275,FLORIDA,ARO SUR CALI,CANINO,3 O MÁS VISITAS,3 VISITAS FUERA DE 10 DÍAS O CON INCONSISTENCIA,PERDIDO O DESAPARECIDO,3,NO,2
2026,2026-01-27,1,76275,FLORIDA,ARO SUR CALI,CANINO,3 O MÁS VISITAS,3 VISITAS FUERA DE 10 DÍAS O CON INCONSISTENCIA,SIN CLASIFICAR,3,NO,2
2026,2026-01-27,1,76275,FLORIDA,ARO SUR CALI,FELINO,3 O MÁS VISITAS,3 VISITAS FUERA DE 10 DÍAS O CON INCONSISTENCIA,CON SIGNOS REPORTADOS,3,NO,1
2026,2026-01-27,1,76275,FLORIDA,ARO SUR CALI,FELINO,3 O MÁS VISITAS,3 VISITAS FUERA DE 10 DÍAS O CON INCONSISTENCIA,SIN CLASIFICAR,3,NO,1
2026,2026-01-27,1,76306,GINEBRA,ARO SUR CALI,CANINO,1 VISITA,1 VISITA,SIN CLASIFICAR,1,NO,3
2026,2026-01-27,1,76306,GINEBRA,ARO SUR CALI,CANINO,2 VISITAS,2 VISITAS,SIN CLASIFICAR,1,NO,1
2026,2026-01-27,1,76306,GINEBRA,ARO SUR CALI,CANINO,3 O MÁS VISITAS,3 VISITAS FUERA DE 10 DÍAS O CON INCONSISTENCIA,SIN CLASIFICAR,1,SI,3
2026,2026-01-27,1,76306,GINEBRA,ARO SUR CALI,CANINO,3 O MÁS VISITAS,CUMPLE,SIN CLASIFICAR,1,SI,1
2026,2026-01-27,1,76306,GINEBRA,ARO SUR CALI,FELINO,1 VISITA,1 VISITA,PERDIDO O DESAPARECIDO,1,SI,1
2026,2026-01-27,1,76318,GUACARI,ARO SUR CALI,CANINO,2 VISITAS,2 VISITAS,OBSERVADO SANO,1,SI,1
2026,2026-01-27,1,76318,GUACARI,ARO SUR CALI,FELINO,1 VISITA,1 VISITA,OBSERVADO SANO,1,SI,1
2026,2026-01-27,1,76563,PRADERA,ARO SUR CALI,CANINO,1 VISITA,1 VISITA,PERDIDO O DESAPARECIDO,1,NO,6
2026,2026-01-27,1,76616,RIOFRIO,ARO CENTRO TULUA,CANINO,2 VISITAS,2 VISITAS,SIN CLASIFICAR,1,SI,1
2026,2026-01-27,1,76736,SEVILLA,ARO CENTRO TULUA,CANINO,1 VISITA,1 VISITA,NO OBSERVABLE,1,SI,1
2026,2026-01-27,1,76736,SEVILLA,ARO CENTRO TULUA,CANINO,1 VISITA,1 VISITA,SIN CLASIFICAR,1,SI,1
2026,2026-01-27,1,76736,SEVILLA,ARO CENTRO TULUA,FELINO,1 VISITA,1 VISITA,NO OBSERVABLE,1,NO,1
2026,2026-01-27,1,76828,TRUJILLO,ARO CENTRO TULUA,CANINO,1 VISITA,1 VISITA,PERDIDO O DESAPARECIDO,1,SI,1
2026,2026-01-27,1,76828,TRUJILLO,ARO CENTRO TULUA,FELINO,1 VISITA,1 VISITA,SIN CLASIFICAR,1,NO,1
2026,2026-01-27,1,76890,YOTOCO,ARO CENTRO TULUA,CANINO,1 VISITA,1 VISITA,PERDIDO O DESAPARECIDO,1,SI,1
2026,2026-01-27,1,76890,YOTOCO,ARO CENTRO TULUA,CANINO,1 VISITA,1 VISITA,SIN CLASIFICAR,1,NO,1
2026,2026-01-27,1,76890,YOTOCO,ARO CENTRO TULUA,CANINO,1 VISITA,1 VISITA,SIN CLASIFICAR,1,SI,1
2026,2026-01-28,1,76020,ALCALA,ARO NORTE CARTAGO,FELINO,1 VISITA,1 VISITA,OBSERVADO SANO,1,SI,1
2026,2026-01-28,1,76036,ANDALUCIA,ARO CENTRO TULUA,CANINO,1 VISITA,1 VISITA,CALLEJERO,1,NO,1
2026,2026-01-28,1,76036,ANDALUCIA,ARO CENTRO TULUA,CANINO,1 VISITA,1 VISITA,SIN CLASIFICAR,1,NO,1
2026,2026-01-28,1,76036,ANDALUCIA,ARO CENTRO TULUA,CANINO,1 VISITA,1 VISITA,SIN CLASIFICAR,1,SI,1
2026,2026-01-28,1,76036,ANDALUCIA,ARO CENTRO TULUA,CANINO,2 VISITAS,2 VISITAS,SIN CLASIFICAR,1,NO,1
2026,2026-01-28,1,76036,ANDALUCIA,ARO CENTRO TULUA,CANINO,2 VISITAS,2 VISITAS,SIN CLASIFICAR,1,SI,1
2026,2026-01-28,1,76113,BUGALAGRANDE,ARO CENTRO TULUA,CANINO,1 VISITA,1 VISITA,SIN CLASIFICAR,1,NO,1
2026,2026-01-28,1,76113,BUGALAGRANDE,ARO CENTRO TULUA,CANINO,1 VISITA,1 VISITA,SIN CLASIFICAR,1,SI,1
2026,2026-01-28,1,76122,CAICEDONIA,ARO CENTRO TULUA,CANINO,1 VISITA,1 VISITA,CALLEJERO,1,NO,1
2026,2026-01-28,1,76122,CAICEDONIA,ARO CENTRO TULUA,CANINO,1 VISITA,1 VISITA,NO OBSERVABLE,1,SI,2
2026,2026-01-28,1,76122,CAICEDONIA,ARO CENTRO TULUA,CANINO,1 VISITA,1 VISITA,SIN CLASIFICAR,1,SI,1
2026,2026-01-28,1,76122,CAICEDONIA,ARO CENTRO TULUA,CANINO,2 VISITAS,2 VISITAS,NO OBSERVABLE,1,SI,1
2026,2026-01-28,1,76122,CAICEDONIA,ARO CENTRO TULUA,CANINO,2 VISITAS,2 VISITAS,OBSERVADO SANO,1,SI,2
2026,2026-01-28,1,76233,DAGUA,ARO SUR CALI,CANINO,2 VISITAS,2 VISITAS,SIN CLASIFICAR,1,NO,3
2026,2026-01-28,1,76233,DAGUA,ARO SUR CALI,FELINO,1 VISITA,1 VISITA,PERDIDO O DESAPARECIDO,1,NO,1
2026,2026-01-28,1,76248,EL CERRITO,ARO SUR CALI,CANINO,1 VISITA,1 VISITA,PERDIDO O DESAPARECIDO,1,SI,2
2026,2026-01-28,1,76248,EL CERRITO,ARO SUR CALI,CANINO,1 VISITA,1 VISITA,SIN CLASIFICAR,1,NO,1
2026,2026-01-28,1,76248,EL CERRITO,ARO SUR CALI,CANINO,3 O MÁS VISITAS,3 VISITAS FUERA DE 10 DÍAS O CON INCONSISTENCIA,SIN CLASIFICAR,1,SI,1
2026,2026-01-28,1,76248,EL CERRITO,ARO SUR CALI,CANINO,3 O MÁS VISITAS,CUMPLE,SIN CLASIFICAR,1,SI,2
2026,2026-01-28,1,76275,FLORIDA,ARO SUR CALI,CANINO,3 O MÁS VISITAS,3 VISITAS FUERA DE 10 DÍAS O CON INCONSISTENCIA,PERDIDO O DESAPARECIDO,3,NO,1
2026,2026-01-28,1,76318,GUACARI,ARO SUR CALI,CANINO,2 VISITAS,2 VISITAS,OBSERVADO SANO,2,SI,1
2026,2026-01-28,1,76403,LA VICTORIA,ARO NORTE CARTAGO,CANINO,1 VISITA,1 VISITA,PERDIDO O DESAPARECIDO,1,NO,1
2026,2026-01-28,1,76403,LA VICTORIA,ARO NORTE CARTAGO,CANINO,1 VISITA,1 VISITA,PERDIDO O DESAPARECIDO,1,SI,1
2026,2026-01-28,1,76403,LA VICTORIA,ARO NORTE CARTAGO,CANINO,1 VISITA,1 VISITA,SIN CLASIFICAR,1,NO,3
2026,2026-01-28,1,76403,LA VICTORIA,ARO NORTE CARTAGO,CANINO,1 VISITA,1 VISITA,SIN CLASIFICAR,1,SI,1
2026,2026-01-28,1,76403,LA VICTORIA,ARO NORTE CARTAGO,CANINO,3 O MÁS VISITAS,CUMPLE,SIN CLASIFICAR,1,SI,1
2026,2026-01-28,1,76497,OBANDO,ARO NORTE CARTAGO,CANINO,3 O MÁS VISITAS,CUMPLE,OBSERVADO SANO,1,SI,1
2026,2026-01-28,1,76563,PRADERA,ARO SUR CALI,CANINO,1 VISITA,1 VISITA,PERDIDO O DESAPARECIDO,1,NO,5
2026,2026-01-28,1,76563,PRADERA,ARO SUR CALI,CANINO,1 VISITA,1 VISITA,SIN CLASIFICAR,1,NO,1
2026,2026-01-28,1,76606,RESTREPO,ARO CENTRO TULUA,CANINO,1 VISITA,1 VISITA,NO OBSERVABLE,1,NO,1
2026,2026-01-28,1,76606,RESTREPO,ARO CENTRO TULUA,CANINO,1 VISITA,1 VISITA,PERDIDO O DESAPARECIDO,1,NO,5
2026,2026-01-28,1,76606,RESTREPO,ARO CENTRO TULUA,CANINO,1 VISITA,1 VISITA,SIN CLASIFICAR,1,NO,2
2026,2026-01-28,1,76606,RESTREPO,ARO CENTRO TULUA,CANINO,1 VISITA,1 VISITA,SIN CLASIFICAR,1,SI,1
2026,2026-01-28,1,76616,RIOFRIO,ARO CENTRO TULUA,CANINO,1 VISITA,1 VISITA,SIN CLASIFICAR,1,SI,1
2026,2026-01-28,1,76622,ROLDANILLO,ARO NORTE CARTAGO,CANINO,1 VISITA,1 VISITA,NO OBSERVADO,1,NO,2
2026,2026-01-28,1,76622,ROLDANILLO,ARO NORTE CARTAGO,CANINO,1 VISITA,1 VISITA,NO OBSERVADO,1,SI,1
2026,2026-01-28,1,76622,ROLDANILLO,ARO NORTE CARTAGO,CANINO,1 VISITA,1 VISITA,OBSERVADO SANO,1,NO,1
2026,2026-01-28,1,76622,ROLDANILLO,ARO NORTE CARTAGO,FELINO,1 VISITA,1 VISITA,NO OBSERVABLE,1,SI,1
2026,2026-01-28,1,76622,ROLDANILLO,ARO NORTE CARTAGO,FELINO,1 VISITA,1 VISITA,NO OBSERVADO,1,SI,1
2026,2026-01-28,1,76622,ROLDANILLO,ARO NORTE CARTAGO,FELINO,1 VISITA,1 VISITA,OBSERVADO SANO,1,NO,1
2026,2026-01-28,1,76823,TORO,ARO NORTE CARTAGO,CANINO,1 VISITA,1 VISITA,NO OBSERVADO,1,SI,2
2026,2026-01-28,1,76823,TORO,ARO NORTE CARTAGO,CANINO,2 VISITAS,2 VISITAS,SIN CLASIFICAR,1,SI,1
2026,2026-01-28,1,76823,TORO,ARO NORTE CARTAGO,OTRO,1 VISITA,1 VISITA,NO OBSERVADO,1,SI,2
2026,2026-01-28,1,76863,VERSALLES,ARO NORTE CARTAGO,CANINO,1 VISITA,1 VISITA,NO OBSERVABLE,1,SI,1
2026,2026-01-28,1,76869,VIJES,ARO SUR CALI,CANINO,2 VISITAS,2 VISITAS,PERDIDO O DESAPARECIDO,1,SI,1
2026,2026-01-28,1,76869,VIJES,ARO SUR CALI,FELINO,2 VISITAS,2 VISITAS,PERDIDO O DESAPARECIDO,1,NO,2
2026,2026-01-28,1,76890,YOTOCO,ARO CENTRO TULUA,CANINO,1 VISITA,1 VISITA,SIN CLASIFICAR,1,SI,1
2026,2026-01-28,1,76895,ZARZAL,ARO CENTRO TULUA,CANINO,1 VISITA,1 VISITA,SIN CLASIFICAR,1,SI,3
2026,2026-01-29,1,76100,BOLIVAR,ARO CENTRO TULUA,CANINO,1 VISITA,1 VISITA,SIN CLASIFICAR,1,SI,2
2026,2026-01-29,1,76126,CALIMA,ARO CENTRO TULUA,CANINO,1 VISITA,1 VISITA,SIN CLASIFICAR,1,SI,1
2026,2026-01-29,1,76250,EL DOVIO,ARO NORTE CARTAGO,CANINO,2 VISITAS,2 VISITAS,SIN CLASIFICAR,2,SI,1
2026,2026-01-29,1,76275,FLORIDA,ARO SUR CALI,CANINO,1 VISITA,1 VISITA,PERDIDO O DESAPARECIDO,1,SI,2
2026,2026-01-29,1,76275,FLORIDA,ARO SUR CALI,CANINO,1 VISITA,1 VISITA,SIN CLASIFICAR,1,SI,4
2026,2026-01-29,1,76275,FLORIDA,ARO SUR CALI,CANINO,2 VISITAS,2 VISITAS,SIN CLASIFICAR,1,SI,1
2026,2026-01-29,1,76275,FLORIDA,ARO SUR CALI,CANINO,2 VISITAS,2 VISITAS,SIN CLASIFICAR,2,SI,1
2026,2026-01-29,1,76306,GINEBRA,ARO SUR CALI,CANINO,2 VISITAS,2 VISITAS,SIN CLASIFICAR,2,NO,1
2026,2026-01-29,1,76306,GINEBRA,ARO SUR CALI,CANINO,3 O MÁS VISITAS,3 VISITAS FUERA DE 10 DÍAS O CON INCONSISTENCIA,SIN CLASIFICAR,2,SI,3
2026,2026-01-29,1,76306,GINEBRA,ARO SUR CALI,CANINO,3 O MÁS VISITAS,CUMPLE,SIN CLASIFICAR,2,SI,1
2026,2026-01-29,1,76377,LA CUMBRE,ARO SUR CALI,CANINO,1 VISITA,1 VISITA,PERDIDO O DESAPARECIDO,1,NO,3
2026,2026-01-29,1,76377,LA CUMBRE,ARO SUR CALI,CANINO,1 VISITA,1 VISITA,SIN CLASIFICAR,1,NO,1
2026,2026-01-29,1,76400,LA UNION,ARO NORTE CARTAGO,CANINO,1 VISITA,1 VISITA,NO OBSERVABLE,1,SI,1
2026,2026-01-29,1,76563,PRADERA,ARO SUR CALI,CANINO,1 VISITA,1 VISITA,PERDIDO O DESAPARECIDO,1,NO,6
2026,2026-01-29,1,76616,RIOFRIO,ARO CENTRO TULUA,FELINO,1 VISITA,1 VISITA,SIN CLASIFICAR,1,NO,1
2026,2026-01-29,1,76736,SEVILLA,ARO CENTRO TULUA,CANINO,1 VISITA,1 VISITA,OBSERVADO SANO,1,SI,2
2026,2026-01-29,1,76895,ZARZAL,ARO CENTRO TULUA,CANINO,2 VISITAS,2 VISITAS,NO OBSERVADO,2,NO,1
2026,2026-01-30,1,76036,ANDALUCIA,ARO CENTRO TULUA,CANINO,2 VISITAS,2 VISITAS,SIN CLASIFICAR,2,NO,1
2026,2026-01-30,1,76036,ANDALUCIA,ARO CENTRO TULUA,CANINO,2 VISITAS,2 VISITAS,SIN CLASIFICAR,2,SI,1
2026,2026-01-30,1,76041,ANSERMANUEVO,ARO NORTE CARTAGO,CANINO,1 VISITA,1 VISITA,NO OBSERVADO,1,SI,1
2026,2026-01-30,1,76041,ANSERMANUEVO,ARO NORTE CARTAGO,CANINO,1 VISITA,1 VISITA,OBSERVADO SANO,1,SI,1
2026,2026-01-30,1,76122,CAICEDONIA,ARO CENTRO TULUA,CANINO,2 VISITAS,2 VISITAS,NO OBSERVABLE,2,SI,1
2026,2026-01-30,1,76122,CAICEDONIA,ARO CENTRO TULUA,CANINO,2 VISITAS,2 VISITAS,OBSERVADO SANO,2,SI,2
2026,2026-01-30,1,76122,CAICEDONIA,ARO CENTRO TULUA,FELINO,1 VISITA,1 VISITA,OBSERVADO SANO,1,SI,1
2026,2026-01-30,1,76243,EL AGUILA,ARO NORTE CARTAGO,CANINO,3 O MÁS VISITAS,3 VISITAS FUERA DE 10 DÍAS O CON INCONSISTENCIA,OBSERVADO SANO,1,SI,1
2026,2026-01-30,1,76248,EL CERRITO,ARO SUR CALI,CANINO,1 VISITA,1 VISITA,PERDIDO O DESAPARECIDO,1,SI,2
2026,2026-01-30,1,76248,EL CERRITO,ARO SUR CALI,CANINO,3 O MÁS VISITAS,3 VISITAS FUERA DE 10 DÍAS O CON INCONSISTENCIA,SIN CLASIFICAR,2,SI,1
2026,2026-01-30,1,76248,EL CERRITO,ARO SUR CALI,CANINO,3 O MÁS VISITAS,CUMPLE,SIN CLASIFICAR,2,SI,2
2026,2026-01-30,1,76318,GUACARI,ARO SUR CALI,CANINO,3 O MÁS VISITAS,CUMPLE,SIN CLASIFICAR,1,SI,3
2026,2026-01-30,1,76403,LA VICTORIA,ARO NORTE CARTAGO,CANINO,3 O MÁS VISITAS,CUMPLE,SIN CLASIFICAR,2,SI,1
2026,2026-01-30,1,76563,PRADERA,ARO SUR CALI,CANINO,1 VISITA,1 VISITA,NO OBSERVABLE,1,NO,1
2026,2026-01-30,1,76563,PRADERA,ARO SUR CALI,CANINO,1 VISITA,1 VISITA,PERDIDO O DESAPARECIDO,1,NO,4
2026,2026-01-30,1,76563,PRADERA,ARO SUR CALI,FELINO,1 VISITA,1 VISITA,PERDIDO O DESAPARECIDO,1,NO,1
2026,2026-01-30,1,76606,RESTREPO,ARO CENTRO TULUA,CANINO,1 VISITA,1 VISITA,MUERTO,1,NO,1
2026,2026-01-30,1,76606,RESTREPO,ARO CENTRO TULUA,CANINO,1 VISITA,1 VISITA,PERDIDO O DESAPARECIDO,1,NO,3
2026,2026-01-30,1,76606,RESTREPO,ARO CENTRO TULUA,CANINO,1 VISITA,1 VISITA,PERDIDO O DESAPARECIDO,1,SI,2
2026,2026-01-30,1,76606,RESTREPO,ARO CENTRO TULUA,CANINO,1 VISITA,1 VISITA,SIN CLASIFICAR,1,SI,2
2026,2026-01-30,1,76606,RESTREPO,ARO CENTRO TULUA,FELINO,1 VISITA,1 VISITA,PERDIDO O DESAPARECIDO,1,NO,1
2026,2026-01-30,1,76670,SAN PEDRO,ARO CENTRO TULUA,CANINO,1 VISITA,1 VISITA,SIN CLASIFICAR,1,SI,1
2026,2026-01-30,1,76736,SEVILLA,ARO CENTRO TULUA,CANINO,1 VISITA,1 VISITA,NO OBSERVABLE,1,SI,1
2026,2026-01-30,1,76736,SEVILLA,ARO CENTRO TULUA,CANINO,1 VISITA,1 VISITA,OBSERVADO SANO,1,SI,1
2026,2026-01-31,1,76233,DAGUA,ARO SUR CALI,CANINO,1 VISITA,1 VISITA,PERDIDO O DESAPARECIDO,1,NO,1
2026,2026-01-31,1,76233,DAGUA,ARO SUR CALI,CANINO,1 VISITA,1 VISITA,PERDIDO O DESAPARECIDO,1,SI,1
2026,2026-01-31,1,76233,DAGUA,ARO SUR CALI,CANINO,2 VISITAS,2 VISITAS,SIN CLASIFICAR,2,NO,3
2026,2026-01-31,1,76233,DAGUA,ARO SUR CALI,FELINO,1 VISITA,1 VISITA,PERDIDO O DESAPARECIDO,1,NO,2
2026,2026-01-31,1,76823,TORO,ARO NORTE CARTAGO,CANINO,2 VISITAS,2 VISITAS,SIN CLASIFICAR,2,SI,1
2026,2026-02-02,2,76036,ANDALUCIA,ARO CENTRO TULUA,CANINO,3 O MÁS VISITAS,CUMPLE,SIN CLASIFICAR,1,SI,1
2026,2026-02-02,2,76243,EL AGUILA,ARO NORTE CARTAGO,CANINO,3 O MÁS VISITAS,3 VISITAS FUERA DE 10 DÍAS O CON INCONSISTENCIA,OBSERVADO SANO,1,NO,1
2026,2026-02-02,2,76248,EL CERRITO,ARO SUR CALI,CANINO,2 VISITAS,2 VISITAS,PERDIDO O DESAPARECIDO,2,NO,2
2026,2026-02-02,2,76400,LA UNION,ARO NORTE CARTAGO,CANINO,1 VISITA,1 VISITA,NO OBSERVABLE,1,NO,1
2026,2026-02-02,2,76400,LA UNION,ARO NORTE CARTAGO,CANINO,1 VISITA,1 VISITA,OBSERVADO SANO,1,NO,1
2026,2026-02-02,2,76497,OBANDO,ARO NORTE CARTAGO,CANINO,3 O MÁS VISITAS,CUMPLE,OBSERVADO SANO,2,SI,1
2026,2026-02-02,2,76622,ROLDANILLO,ARO NORTE CARTAGO,CANINO,1 VISITA,1 VISITA,NO OBSERVABLE,1,SI,6
2026,2026-02-02,2,76622,ROLDANILLO,ARO NORTE CARTAGO,CANINO,1 VISITA,1 VISITA,OBSERVADO SANO,1,SI,2
2026,2026-02-02,2,76622,ROLDANILLO,ARO NORTE CARTAGO,FELINO,1 VISITA,1 VISITA,NO OBSERVABLE,1,SI,1
2026,2026-02-03,2,76054,ARGELIA,ARO NORTE CARTAGO,CANINO,1 VISITA,1 VISITA,PERDIDO O DESAPARECIDO,1,SI,1
2026,2026-02-03,2,76113,BUGALAGRANDE,ARO CENTRO TULUA,CANINO,1 VISITA,1 VISITA,SIN CLASIFICAR,1,NO,1
2026,2026-02-03,2,76122,CAICEDONIA,ARO CENTRO TULUA,CANINO,1 VISITA,1 VISITA,NO OBSERVABLE,1,SI,1
2026,2026-02-03,2,76122,CAICEDONIA,ARO CENTRO TULUA,CANINO,1 VISITA,1 VISITA,OBSERVADO SANO,1,SI,1
2026,2026-02-03,2,76233,DAGUA,ARO SUR CALI,CANINO,1 VISITA,1 VISITA,PERDIDO O DESAPARECIDO,1,SI,1
2026,2026-02-03,2,76233,DAGUA,ARO SUR CALI,CANINO,1 VISITA,1 VISITA,SIN CLASIFICAR,1,SI,2
2026,2026-02-03,2,76306,GINEBRA,ARO SUR CALI,CANINO,2 VISITAS,2 VISITAS,SIN CLASIFICAR,1,SI,2
2026,2026-02-03,2,76306,GINEBRA,ARO SUR CALI,CANINO,3 O MÁS VISITAS,3 VISITAS FUERA DE 10 DÍAS O CON INCONSISTENCIA,SIN CLASIFICAR,3,NO,3
2026,2026-02-03,2,76306,GINEBRA,ARO SUR CALI,CANINO,3 O MÁS VISITAS,CUMPLE,SIN CLASIFICAR,3,SI,1
2026,2026-02-03,2,76306,GINEBRA,ARO SUR CALI,FELINO,1 VISITA,1 VISITA,PERDIDO O DESAPARECIDO,1,SI,1
2026,2026-02-03,2,76306,GINEBRA,ARO SUR CALI,FELINO,2 VISITAS,2 VISITAS,PERDIDO O DESAPARECIDO,1,NO,1
2026,2026-02-03,2,76318,GUACARI,ARO SUR CALI,CANINO,1 VISITA,1 VISITA,OBSERVADO SANO,1,NO,1
2026,2026-02-03,2,76318,GUACARI,ARO SUR CALI,CANINO,1 VISITA,1 VISITA,OBSERVADO SANO,1,SI,1
2026,2026-02-03,2,76318,GUACARI,ARO SUR CALI,CANINO,3 O MÁS VISITAS,CUMPLE,SIN CLASIFICAR,2,SI,2
2026,2026-02-03,2,76400,LA UNION,ARO NORTE CARTAGO,CANINO,1 VISITA,1 VISITA,NO OBSERVABLE,1,SI,1
2026,2026-02-03,2,76400,LA UNION,ARO NORTE CARTAGO,CANINO,2 VISITAS,2 VISITAS,NO OBSERVABLE,1,SI,1
2026,2026-02-03,2,76400,LA UNION,ARO NORTE CARTAGO,CANINO,3 O MÁS VISITAS,CUMPLE,OBSERVADO SANO,1,SI,2
2026,2026-02-03,2,76403,LA VICTORIA,ARO NORTE CARTAGO,CANINO,3 O MÁS VISITAS,CUMPLE,SIN CLASIFICAR,3,SI,1
2026,2026-02-03,2,76563,PRADERA,ARO SUR CALI,CANINO,1 VISITA,1 VISITA,PERDIDO O DESAPARECIDO,1,NO,4
2026,2026-02-03,2,76563,PRADERA,ARO SUR CALI,CANINO,2 VISITAS,2 VISITAS,SIN CLASIFICAR,1,NO,1
2026,2026-02-03,2,76563,PRADERA,ARO SUR CALI,FELINO,1 VISITA,1 VISITA,PERDIDO O DESAPARECIDO,1,SI,1
2026,2026-02-03,2,76828,TRUJILLO,ARO CENTRO TULUA,CANINO,2 VISITAS,2 VISITAS,SIN CLASIFICAR,1,SI,1
2026,2026-02-03,2,76890,YOTOCO,ARO CENTRO TULUA,CANINO,1 VISITA,1 VISITA,SIN CLASIFICAR,1,SI,1
2026,2026-02-03,2,76890,YOTOCO,ARO CENTRO TULUA,FELINO,1 VISITA,1 VISITA,SIN CLASIFICAR,1,SI,1
2026,2026-02-03,2,76895,ZARZAL,ARO CENTRO TULUA,CANINO,1 VISITA,1 VISITA,CALLEJERO,1,SI,1
2026,2026-02-03,2,76895,ZARZAL,ARO CENTRO TULUA,CANINO,1 VISITA,1 VISITA,SIN CLASIFICAR,1,SI,1
2026,2026-02-03,2,76895,ZARZAL,ARO CENTRO TULUA,CANINO,2 VISITAS,2 VISITAS,SIN CLASIFICAR,1,SI,1
2026,2026-02-03,2,76895,ZARZAL,ARO CENTRO TULUA,FELINO,2 VISITAS,2 VISITAS,SIN CLASIFICAR,1,SI,1
2026,2026-02-04,2,76036,ANDALUCIA,ARO CENTRO TULUA,CANINO,2 VISITAS,2 VISITAS,SIN CLASIFICAR,1,SI,1
2026,2026-02-04,2,76036,ANDALUCIA,ARO CENTRO TULUA,CANINO,3 O MÁS VISITAS,CUMPLE,SIN CLASIFICAR,2,SI,1
2026,2026-02-04,2,76041,ANSERMANUEVO,ARO NORTE CARTAGO,CANINO,3 O MÁS VISITAS,3 VISITAS FUERA DE 10 DÍAS O CON INCONSISTENCIA,OBSERVADO SANO,1,NO,1
2026,2026-02-04,2,76100,BOLIVAR,ARO CENTRO TULUA,CANINO,2 VISITAS,2 VISITAS,SIN CLASIFICAR,1,SI,1
2026,2026-02-04,2,76246,EL CAIRO,ARO NORTE CARTAGO,CANINO,2 VISITAS,2 VISITAS,OBSERVADO SANO,2,NO,1
2026,2026-02-04,2,76248,EL CERRITO,ARO SUR CALI,CANINO,1 VISITA,1 VISITA,PERDIDO O DESAPARECIDO,1,NO,1
2026,2026-02-04,2,76248,EL CERRITO,ARO SUR CALI,CANINO,1 VISITA,1 VISITA,PERDIDO O DESAPARECIDO,1,SI,1
2026,2026-02-04,2,76248,EL CERRITO,ARO SUR CALI,CANINO,2 VISITAS,2 VISITAS,SIN CLASIFICAR,1,SI,1
2026,2026-02-04,2,76248,EL CERRITO,ARO SUR CALI,CANINO,3 O MÁS VISITAS,3 VISITAS FUERA DE 10 DÍAS O CON INCONSISTENCIA,SIN CLASIFICAR,3,NO,1
2026,2026-02-04,2,76248,EL CERRITO,ARO SUR CALI,CANINO,3 O MÁS VISITAS,CUMPLE,SIN CLASIFICAR,3,SI,2
2026,2026-02-04,2,76318,GUACARI,ARO SUR CALI,CANINO,1 VISITA,1 VISITA,OBSERVADO SANO,1,SI,1
2026,2026-02-04,2,76318,GUACARI,ARO SUR CALI,CANINO,1 VISITA,1 VISITA,PERDIDO O DESAPARECIDO,1,SI,1
2026,2026-02-04,2,76318,GUACARI,ARO SUR CALI,CANINO,3 O MÁS VISITAS,CUMPLE,SIN CLASIFICAR,2,SI,1
2026,2026-02-04,2,76377,LA CUMBRE,ARO SUR CALI,CANINO,1 VISITA,1 VISITA,SIN CLASIFICAR,1,SI,2
2026,2026-02-04,2,76377,LA CUMBRE,ARO SUR CALI,FELINO,1 VISITA,1 VISITA,PERDIDO O DESAPARECIDO,1,SI,1
2026,2026-02-04,2,76377,LA CUMBRE,ARO SUR CALI,FELINO,2 VISITAS,2 VISITAS,SIN CLASIFICAR,1,SI,1
2026,2026-02-04,2,76400,LA UNION,ARO NORTE CARTAGO,CANINO,3 O MÁS VISITAS,CUMPLE,OBSERVADO SANO,2,SI,1
2026,2026-02-04,2,76497,OBANDO,ARO NORTE CARTAGO,CANINO,3 O MÁS VISITAS,CUMPLE,OBSERVADO SANO,3,SI,1
2026,2026-02-04,2,76563,PRADERA,ARO SUR CALI,CANINO,1 VISITA,1 VISITA,NO OBSERVABLE,1,NO,1
2026,2026-02-04,2,76563,PRADERA,ARO SUR CALI,CANINO,1 VISITA,1 VISITA,PERDIDO O DESAPARECIDO,1,NO,4
2026,2026-02-04,2,76563,PRADERA,ARO SUR CALI,FELINO,1 VISITA,1 VISITA,SIN CLASIFICAR,1,NO,1
2026,2026-02-04,2,76616,RIOFRIO,ARO CENTRO TULUA,CANINO,3 O MÁS VISITAS,3 VISITAS FUERA DE 10 DÍAS O CON INCONSISTENCIA,SIN CLASIFICAR,1,NO,1
2026,2026-02-04,2,76736,SEVILLA,ARO CENTRO TULUA,CANINO,1 VISITA,1 VISITA,NO OBSERVABLE,1,NO,2
2026,2026-02-04,2,76736,SEVILLA,ARO CENTRO TULUA,CANINO,1 VISITA,1 VISITA,NO OBSERVABLE,1,SI,2
2026,2026-02-04,2,76736,SEVILLA,ARO CENTRO TULUA,CANINO,1 VISITA,1 VISITA,OBSERVADO SANO,1,SI,1
2026,2026-02-04,2,76736,SEVILLA,ARO CENTRO TULUA,CANINO,1 VISITA,1 VISITA,SIN CLASIFICAR,1,SI,1
2026,2026-02-04,2,76890,YOTOCO,ARO CENTRO TULUA,CANINO,1 VISITA,1 VISITA,PERDIDO O DESAPARECIDO,1,SI,1
2026,2026-02-04,2,76890,YOTOCO,ARO CENTRO TULUA,CANINO,1 VISITA,1 VISITA,SIN CLASIFICAR,1,SI,1
2026,2026-02-05,2,76020,ALCALA,ARO NORTE CARTAGO,CANINO,1 VISITA,1 VISITA,NO OBSERVABLE,1,SI,2
2026,2026-02-05,2,76122,CAICEDONIA,ARO CENTRO TULUA,CANINO,1 VISITA,1 VISITA,NO OBSERVABLE,1,SI,2
2026,2026-02-05,2,76233,DAGUA,ARO SUR CALI,CANINO,1 VISITA,1 VISITA,PERDIDO O DESAPARECIDO,1,SI,1
2026,2026-02-05,2,76233,DAGUA,ARO SUR CALI,CANINO,1 VISITA,1 VISITA,SIN CLASIFICAR,1,SI,1
2026,2026-02-05,2,76233,DAGUA,ARO SUR CALI,CANINO,2 VISITAS,2 VISITAS,SIN CLASIFICAR,1,SI,1
2026,2026-02-05,2,76243,EL AGUILA,ARO NORTE CARTAGO,CANINO,3 O MÁS VISITAS,3 VISITAS FUERA DE 10 DÍAS O CON INCONSISTENCIA,OBSERVADO SANO,1,SI,1
2026,2026-02-05,2,76243,EL AGUILA,ARO NORTE CARTAGO,CANINO,3 O MÁS VISITAS,3 VISITAS FUERA DE 10 DÍAS O CON INCONSISTENCIA,OBSERVADO SANO,2,NO,2
2026,2026-02-05,2,76246,EL CAIRO,ARO NORTE CARTAGO,CANINO,1 VISITA,1 VISITA,NO OBSERVABLE,1,SI,1
2026,2026-02-05,2,76275,FLORIDA,ARO SUR CALI,CANINO,1 VISITA,1 VISITA,PERDIDO O DESAPARECIDO,1,NO,1
2026,2026-02-05,2,76275,FLORIDA,ARO SUR CALI,CANINO,1 VISITA,1 VISITA,SIN CLASIFICAR,1,SI,1
2026,2026-02-05,2,76306,GINEBRA,ARO SUR CALI,CANINO,2 VISITAS,2 VISITAS,SIN CLASIFICAR,1,SI,3
2026,2026-02-05,2,76306,GINEBRA,ARO SUR CALI,CANINO,2 VISITAS,2 VISITAS,SIN CLASIFICAR,2,SI,2
2026,2026-02-05,2,76318,GUACARI,ARO SUR CALI,CANINO,3 O MÁS VISITAS,3 VISITAS FUERA DE 10 DÍAS O CON INCONSISTENCIA,SIN CLASIFICAR,1,SI,1
2026,2026-02-05,2,76318,GUACARI,ARO SUR CALI,CANINO,3 O MÁS VISITAS,CUMPLE,SIN CLASIFICAR,3,SI,3
2026,2026-02-05,2,76403,LA VICTORIA,ARO NORTE CARTAGO,CANINO,3 O MÁS VISITAS,CUMPLE,OBSERVADO SANO,1,SI,1
2026,2026-02-05,2,76497,OBANDO,ARO NORTE CARTAGO,CANINO,1 VISITA,1 VISITA,NO OBSERVADO,1,SI,1
2026,2026-02-05,2,76563,PRADERA,ARO SUR CALI,CANINO,1 VISITA,1 VISITA,PERDIDO O DESAPARECIDO,1,NO,2
2026,2026-02-05,2,76563,PRADERA,ARO SUR CALI,CANINO,1 VISITA,1 VISITA,PERDIDO O DESAPARECIDO,1,SI,2
2026,2026-02-05,2,76563,PRADERA,ARO SUR CALI,CANINO,1 VISITA,1 VISITA,SIN CLASIFICAR,1,NO,1
2026,2026-02-05,2,76563,PRADERA,ARO SUR CALI,CANINO,2 VISITAS,2 VISITAS,SIN CLASIFICAR,2,NO,1
2026,2026-02-05,2,76616,RIOFRIO,ARO CENTRO TULUA,FELINO,3 O MÁS VISITAS,3 VISITAS FUERA DE 10 DÍAS O CON INCONSISTENCIA,SIN CLASIFICAR,1,SI,1
2026,2026-02-05,2,76828,TRUJILLO,ARO CENTRO TULUA,CANINO,2 VISITAS,2 VISITAS,SIN CLASIFICAR,2,SI,1
2026,2026-02-05,2,76863,VERSALLES,ARO NORTE CARTAGO,CANINO,1 VISITA,1 VISITA,NO OBSERVADO,1,NO,1
2026,2026-02-05,2,76863,VERSALLES,ARO NORTE CARTAGO,FELINO,1 VISITA,1 VISITA,NO OBSERVADO,1,NO,1
2026,2026-02-06,2,76036,ANDALUCIA,ARO CENTRO TULUA,CANINO,1 VISITA,1 VISITA,NO OBSERVABLE,1,SI,1
2026,2026-02-06,2,76036,ANDALUCIA,ARO CENTRO TULUA,CANINO,1 VISITA,1 VISITA,NO OBSERVADO,1,SI,1
2026,2026-02-06,2,76036,ANDALUCIA,ARO CENTRO TULUA,CANINO,2 VISITAS,2 VISITAS,SIN CLASIFICAR,2,SI,1
2026,2026-02-06,2,76036,ANDALUCIA,ARO CENTRO TULUA,CANINO,3 O MÁS VISITAS,CUMPLE,SIN CLASIFICAR,3,SI,1
2026,2026-02-06,2,76041,ANSERMANUEVO,ARO NORTE CARTAGO,CANINO,3 O MÁS VISITAS,3 VISITAS FUERA DE 10 DÍAS O CON INCONSISTENCIA,OBSERVADO SANO,2,NO,1
2026,2026-02-06,2,76246,EL CAIRO,ARO NORTE CARTAGO,CANINO,3 O MÁS VISITAS,3 VISITAS FUERA DE 10 DÍAS O CON INCONSISTENCIA,OBSERVADO SANO,1,SI,1
2026,2026-02-06,2,76248,EL CERRITO,ARO SUR CALI,CANINO,1 VISITA,1 VISITA,PERDIDO O DESAPARECIDO,1,SI,1
2026,2026-02-06,2,76248,EL CERRITO,ARO SUR CALI,CANINO,2 VISITAS,2 VISITAS,SIN CLASIFICAR,1,SI,1
2026,2026-02-06,2,76248,EL CERRITO,ARO SUR CALI,CANINO,2 VISITAS,2 VISITAS,SIN CLASIFICAR,2,NO,1
2026,2026-02-06,2,76275,FLORIDA,ARO SUR CALI,CANINO,1 VISITA,1 VISITA,PERDIDO O DESAPARECIDO,1,NO,1
2026,2026-02-06,2,76275,FLORIDA,ARO SUR CALI,CANINO,1 VISITA,1 VISITA,PERDIDO O DESAPARECIDO,1,SI,2
2026,2026-02-06,2,76275,FLORIDA,ARO SUR CALI,CANINO,1 VISITA,1 VISITA,SIN CLASIFICAR,1,SI,3
2026,2026-02-06,2,76318,GUACARI,ARO SUR CALI,CANINO,1 VISITA,1 VISITA,PERDIDO O DESAPARECIDO,1,NO,1
2026,2026-02-06,2,76318,GUACARI,ARO SUR CALI,CANINO,2 VISITAS,2 VISITAS,OBSERVADO SANO,1,NO,1
2026,2026-02-06,2,76318,GUACARI,ARO SUR CALI,CANINO,3 O MÁS VISITAS,3 VISITAS FUERA DE 10 DÍAS O CON INCONSISTENCIA,SIN CLASIFICAR,2,SI,1
2026,2026-02-06,2,76400,LA UNION,ARO NORTE CARTAGO,CANINO,3 O MÁS VISITAS,CUMPLE,OBSERVADO SANO,2,SI,1
2026,2026-02-06,2,76400,LA UNION,ARO NORTE CARTAGO,CANINO,3 O MÁS VISITAS,CUMPLE,OBSERVADO SANO,3,SI,1
2026,2026-02-06,2,76563,PRADERA,ARO SUR CALI,CANINO,1 VISITA,1 VISITA,PERDIDO O DESAPARECIDO,1,SI,1
2026,2026-02-06,2,76563,PRADERA,ARO SUR CALI,FELINO,2 VISITAS,2 VISITAS,MUERTO,1,SI,1
2026,2026-02-06,2,76606,RESTREPO,ARO CENTRO TULUA,CANINO,1 VISITA,1 VISITA,PERDIDO O DESAPARECIDO,1,SI,2
2026,2026-02-06,2,76606,RESTREPO,ARO CENTRO TULUA,CANINO,1 VISITA,1 VISITA,SIN CLASIFICAR,1,SI,2
2026,2026-02-06,2,76606,RESTREPO,ARO CENTRO TULUA,FELINO,1 VISITA,1 VISITA,PERDIDO O DESAPARECIDO,1,NO,1
2026,2026-02-06,2,76606,RESTREPO,ARO CENTRO TULUA,FELINO,1 VISITA,1 VISITA,PERDIDO O DESAPARECIDO,1,SI,2
2026,2026-02-06,2,76616,RIOFRIO,ARO CENTRO TULUA,CANINO,1 VISITA,1 VISITA,SIN CLASIFICAR,1,NO,1
2026,2026-02-06,2,76616,RIOFRIO,ARO CENTRO TULUA,CANINO,3 O MÁS VISITAS,3 VISITAS FUERA DE 10 DÍAS O CON INCONSISTENCIA,SIN CLASIFICAR,2,NO,1
2026,2026-02-06,2,76616,RIOFRIO,ARO CENTRO TULUA,FELINO,1 VISITA,1 VISITA,SIN CLASIFICAR,1,NO,1
2026,2026-02-06,2,76823,TORO,ARO NORTE CARTAGO,CANINO,1 VISITA,1 VISITA,NO OBSERVADO,1,SI,2
2026,2026-02-06,2,76895,ZARZAL,ARO CENTRO TULUA,CANINO,1 VISITA,1 VISITA,CALLEJERO,1,SI,1
2026,2026-02-06,2,76895,ZARZAL,ARO CENTRO TULUA,CANINO,1 VISITA,1 VISITA,SIN CLASIFICAR,1,SI,1
2026,2026-02-06,2,76895,ZARZAL,ARO CENTRO TULUA,FELINO,1 VISITA,1 VISITA,SIN CLASIFICAR,1,SI,1
2026,2026-02-06,2,76895,ZARZAL,ARO CENTRO TULUA,FELINO,2 VISITAS,2 VISITAS,SIN CLASIFICAR,2,SI,1
2026,2026-02-08,2,76400,LA UNION,ARO NORTE CARTAGO,CANINO,3 O MÁS VISITAS,CUMPLE,OBSERVADO SANO,3,SI,1
2026,2026-02-09,2,76036,ANDALUCIA,ARO CENTRO TULUA,CANINO,1 VISITA,1 VISITA,SIN CLASIFICAR,1,SI,1
2026,2026-02-09,2,76036,ANDALUCIA,ARO CENTRO TULUA,CANINO,3 O MÁS VISITAS,3 VISITAS FUERA DE 10 DÍAS O CON INCONSISTENCIA,SIN CLASIFICAR,1,SI,1
2026,2026-02-09,2,76126,CALIMA,ARO CENTRO TULUA,CANINO,1 VISITA,1 VISITA,SIN CLASIFICAR,1,SI,1
2026,2026-02-09,2,76246,EL CAIRO,ARO NORTE CARTAGO,CANINO,3 O MÁS VISITAS,3 VISITAS FUERA DE 10 DÍAS O CON INCONSISTENCIA,OBSERVADO SANO,2,SI,1
2026,2026-02-09,2,76400,LA UNION,ARO NORTE CARTAGO,CANINO,2 VISITAS,2 VISITAS,NO OBSERVABLE,2,SI,1
2026,2026-02-09,2,76400,LA UNION,ARO NORTE CARTAGO,CANINO,3 O MÁS VISITAS,CUMPLE,NO OBSERVABLE,1,SI,1
2026,2026-02-09,2,76400,LA UNION,ARO NORTE CARTAGO,FELINO,3 O MÁS VISITAS,CUMPLE,NO OBSERVABLE,1,SI,1
2026,2026-02-09,2,76403,LA VICTORIA,ARO NORTE CARTAGO,CANINO,3 O MÁS VISITAS,CUMPLE,OBSERVADO SANO,2,SI,1
2026,2026-02-09,2,76616,RIOFRIO,ARO CENTRO TULUA,FELINO,3 O MÁS VISITAS,CUMPLE,SIN CLASIFICAR,1,SI,1
2026,2026-02-09,2,76823,TORO,ARO NORTE CARTAGO,CANINO,3 O MÁS VISITAS,3 VISITAS FUERA DE 10 DÍAS O CON INCONSISTENCIA,OBSERVADO SANO,3,NO,1
2026,2026-02-10,2,76041,ANSERMANUEVO,ARO NORTE CARTAGO,CANINO,3 O MÁS VISITAS,3 VISITAS FUERA DE 10 DÍAS O CON INCONSISTENCIA,OBSERVADO SANO,3,NO,1
2026,2026-02-10,2,76122,CAICEDONIA,ARO CENTRO TULUA,CANINO,1 VISITA,1 VISITA,NO OBSERVABLE,1,SI,2
2026,2026-02-10,2,76122,CAICEDONIA,ARO CENTRO TULUA,CANINO,1 VISITA,1 VISITA,OBSERVADO SANO,1,SI,1
2026,2026-02-10,2,76122,CAICEDONIA,ARO CENTRO TULUA,CANINO,2 VISITAS,2 VISITAS,NO OBSERVABLE,1,SI,1
2026,2026-02-10,2,76122,CAICEDONIA,ARO CENTRO TULUA,CANINO,2 VISITAS,2 VISITAS,OBSERVADO SANO,1,SI,2
2026,2026-02-10,2,76122,CAICEDONIA,ARO CENTRO TULUA,FELINO,1 VISITA,1 VISITA,NO OBSERVABLE,1,SI,1
2026,2026-02-10,2,76243,EL AGUILA,ARO NORTE CARTAGO,CANINO,3 O MÁS VISITAS,3 VISITAS FUERA DE 10 DÍAS O CON INCONSISTENCIA,OBSERVADO SANO,2,NO,1
2026,2026-02-10,2,76243,EL AGUILA,ARO NORTE CARTAGO,CANINO,3 O MÁS VISITAS,3 VISITAS FUERA DE 10 DÍAS O CON INCONSISTENCIA,OBSERVADO SANO,3,NO,2
2026,2026-02-10,2,76246,EL CAIRO,ARO NORTE CARTAGO,CANINO,3 O MÁS VISITAS,3 VISITAS FUERA DE 10 DÍAS O CON INCONSISTENCIA,OBSERVADO SANO,3,NO,1
2026,2026-02-10,2,76828,TRUJILLO,ARO CENTRO TULUA,CANINO,1 VISITA,1 VISITA,PERDIDO O DESAPARECIDO,1,NO,1
2026,2026-02-10,2,76895,ZARZAL,ARO CENTRO TULUA,CANINO,1 VISITA,1 VISITA,CALLEJERO,1,SI,1
2026,2026-02-10,2,76895,ZARZAL,ARO CENTRO TULUA,CANINO,1 VISITA,1 VISITA,SIN CLASIFICAR,1,SI,3
2026,2026-02-10,2,76895,ZARZAL,ARO CENTRO TULUA,FELINO,1 VISITA,1 VISITA,CALLEJERO,1,SI,1
2026,2026-02-11,2,76020,ALCALA,ARO NORTE CARTAGO,CANINO,1 VISITA,1 VISITA,NO OBSERVABLE,1,NO,2
2026,2026-02-11,2,76020,ALCALA,ARO NORTE CARTAGO,FELINO,1 VISITA,1 VISITA,OBSERVADO SANO,1,NO,1
2026,2026-02-11,2,76036,ANDALUCIA,ARO CENTRO TULUA,CANINO,3 O MÁS VISITAS,3 VISITAS FUERA DE 10 DÍAS O CON INCONSISTENCIA,SIN CLASIFICAR,2,SI,1
2026,2026-02-11,2,76126,CALIMA,ARO CENTRO TULUA,CANINO,1 VISITA,1 VISITA,SIN CLASIFICAR,1,SI,2
2026,2026-02-11,2,76250,EL DOVIO,ARO NORTE CARTAGO,CANINO,1 VISITA,1 VISITA,OBSERVADO SANO,1,SI,1
2026,2026-02-11,2,76497,OBANDO,ARO NORTE CARTAGO,SIN DATO,2 VISITAS,2 VISITAS,OBSERVADO SANO,1,SI,1
2026,2026-02-11,2,76606,RESTREPO,ARO CENTRO TULUA,CANINO,1 VISITA,1 VISITA,SIN CLASIFICAR,1,SI,1
2026,2026-02-11,2,76616,RIOFRIO,ARO CENTRO TULUA,CANINO,1 VISITA,1 VISITA,SIN CLASIFICAR,1,NO,1
2026,2026-02-11,2,76616,RIOFRIO,ARO CENTRO TULUA,CANINO,3 O MÁS VISITAS,3 VISITAS FUERA DE 10 DÍAS O CON INCONSISTENCIA,SIN CLASIFICAR,3,NO,1
2026,2026-02-11,2,76616,RIOFRIO,ARO CENTRO TULUA,FELINO,3 O MÁS VISITAS,3 VISITAS FUERA DE 10 DÍAS O CON INCONSISTENCIA,SIN CLASIFICAR,2,NO,1
2026,2026-02-11,2,76616,RIOFRIO,ARO CENTRO TULUA,FELINO,3 O MÁS VISITAS,CUMPLE,SIN CLASIFICAR,2,SI,1
2026,2026-02-11,2,76622,ROLDANILLO,ARO NORTE CARTAGO,CANINO,1 VISITA,1 VISITA,NO OBSERVABLE,1,NO,1
2026,2026-02-11,2,76622,ROLDANILLO,ARO NORTE CARTAGO,CANINO,1 VISITA,1 VISITA,NO OBSERVABLE,1,SI,4
2026,2026-02-11,2,76622,ROLDANILLO,ARO NORTE CARTAGO,CANINO,1 VISITA,1 VISITA,SIN CLASIFICAR,1,SI,1
2026,2026-02-11,2,76622,ROLDANILLO,ARO NORTE CARTAGO,FELINO,1 VISITA,1 VISITA,NO OBSERVABLE,1,SI,1
2026,2026-02-11,2,76622,ROLDANILLO,ARO NORTE CARTAGO,FELINO,1 VISITA,1 VISITA,PERDIDO O DESAPARECIDO,1,NO,1
2026,2026-02-11,2,76736,SEVILLA,ARO CENTRO TULUA,CANINO,1 VISITA,1 VISITA,NO OBSERVABLE,1,SI,1
2026,2026-02-11,2,76736,SEVILLA,ARO CENTRO TULUA,CANINO,2 VISITAS,2 VISITAS,NO OBSERVABLE,1,SI,1
2026,2026-02-11,2,76845,ULLOA,ARO NORTE CARTAGO,CANINO,1 VISITA,1 VISITA,NO OBSERVADO,1,NO,1
2026,2026-02-11,2,76845,ULLOA,ARO NORTE CARTAGO,CANINO,1 VISITA,1 VISITA,NO OBSERVADO,1,SI,1
2026,2026-02-11,2,76863,VERSALLES,ARO NORTE CARTAGO,CANINO,2 VISITAS,2 VISITAS,OBSERVADO SANO,1,SI,1
2026,2026-02-12,2,76054,ARGELIA,ARO NORTE CARTAGO,CANINO,1 VISITA,1 VISITA,PERDIDO O DESAPARECIDO,1,SI,1
2026,2026-02-12,2,76100,BOLIVAR,ARO CENTRO TULUA,CANINO,2 VISITAS,2 VISITAS,SIN CLASIFICAR,2,NO,1
2026,2026-02-12,2,76122,CAICEDONIA,ARO CENTRO TULUA,CANINO,2 VISITAS,2 VISITAS,NO OBSERVABLE,2,SI,1
2026,2026-02-12,2,76122,CAICEDONIA,ARO CENTRO TULUA,CANINO,2 VISITAS,2 VISITAS,OBSERVADO SANO,2,SI,2
2026,2026-02-12,2,76243,EL AGUILA,ARO NORTE CARTAGO,CANINO,3 O MÁS VISITAS,3 VISITAS FUERA DE 10 DÍAS O CON INCONSISTENCIA,OBSERVADO SANO,3,NO,1
2026,2026-02-12,2,76243,EL AGUILA,ARO NORTE CARTAGO,CANINO,3 O MÁS VISITAS,CUMPLE,OBSERVADO SANO,1,SI,1
2026,2026-02-12,2,76243,EL AGUILA,ARO NORTE CARTAGO,FELINO,1 VISITA,1 VISITA,MUERTO,1,NO,1
2026,2026-02-12,2,76250,EL DOVIO,ARO NORTE CARTAGO,FELINO,3 O MÁS VISITAS,CUMPLE,OBSERVADO SANO,1,SI,1
2026,2026-02-12,2,76400,LA UNION,ARO NORTE CARTAGO,CANINO,3 O MÁS VISITAS,CUMPLE,NO OBSERVABLE,2,SI,1
2026,2026-02-12,2,76400,LA UNION,ARO NORTE CARTAGO,FELINO,3 O MÁS VISITAS,CUMPLE,NO OBSERVABLE,2,SI,1
2026,2026-02-12,2,76823,TORO,ARO NORTE CARTAGO,CANINO,2 VISITAS,2 VISITAS,OBSERVADO SANO,1,SI,1
2026,2026-02-13,2,76036,ANDALUCIA,ARO CENTRO TULUA,CANINO,1 VISITA,1 VISITA,CON SIGNOS REPORTADOS,1,SI,1
2026,2026-02-13,2,76036,ANDALUCIA,ARO CENTRO TULUA,CANINO,1 VISITA,1 VISITA,SIN CLASIFICAR,1,NO,1
2026,2026-02-13,2,76036,ANDALUCIA,ARO CENTRO TULUA,CANINO,1 VISITA,1 VISITA,SIN CLASIFICAR,1,SI,3
2026,2026-02-13,2,76036,ANDALUCIA,ARO CENTRO TULUA,CANINO,3 O MÁS VISITAS,3 VISITAS FUERA DE 10 DÍAS O CON INCONSISTENCIA,SIN CLASIFICAR,3,NO,1
2026,2026-02-13,2,76036,ANDALUCIA,ARO CENTRO TULUA,FELINO,3 O MÁS VISITAS,3 VISITAS FUERA DE 10 DÍAS O CON INCONSISTENCIA,SIN CLASIFICAR,1,SI,1
2026,2026-02-13,2,76041,ANSERMANUEVO,ARO NORTE CARTAGO,CANINO,3 O MÁS VISITAS,CUMPLE,OBSERVADO SANO,1,SI,1
2026,2026-02-13,2,76250,EL DOVIO,ARO NORTE CARTAGO,FELINO,3 O MÁS VISITAS,CUMPLE,OBSERVADO SANO,2,SI,1
2026,2026-02-13,2,76400,LA UNION,ARO NORTE CARTAGO,CANINO,1 VISITA,1 VISITA,NO OBSERVABLE,1,SI,1
2026,2026-02-13,2,76400,LA UNION,ARO NORTE CARTAGO,FELINO,1 VISITA,1 VISITA,NO OBSERVABLE,1,SI,1
2026,2026-02-13,2,76400,LA UNION,ARO NORTE CARTAGO,FELINO,3 O MÁS VISITAS,CUMPLE,NO OBSERVABLE,1,SI,1
2026,2026-02-13,2,76400,LA UNION,ARO NORTE CARTAGO,OTRO,1 VISITA,1 VISITA,NO OBSERVABLE,1,SI,2
2026,2026-02-13,2,76403,LA VICTORIA,ARO NORTE CARTAGO,CANINO,3 O MÁS VISITAS,CUMPLE,OBSERVADO SANO,3,SI,1
2026,2026-02-13,2,76497,OBANDO,ARO NORTE CARTAGO,CANINO,3 O MÁS VISITAS,CUMPLE,OBSERVADO SANO,1,SI,1
2026,2026-02-13,2,76616,RIOFRIO,ARO CENTRO TULUA,CANINO,1 VISITA,1 VISITA,SIN CLASIFICAR,1,SI,1
2026,2026-02-13,2,76616,RIOFRIO,ARO CENTRO TULUA,FELINO,3 O MÁS VISITAS,3 VISITAS FUERA DE 10 DÍAS O CON INCONSISTENCIA,SIN CLASIFICAR,3,NO,1
2026,2026-02-13,2,76616,RIOFRIO,ARO CENTRO TULUA,FELINO,3 O MÁS VISITAS,CUMPLE,SIN CLASIFICAR,3,SI,1
2026,2026-02-13,2,76736,SEVILLA,ARO CENTRO TULUA,CANINO,1 VISITA,1 VISITA,SIN CLASIFICAR,1,SI,1
2026,2026-02-13,2,76736,SEVILLA,ARO CENTRO TULUA,CANINO,2 VISITAS,2 VISITAS,NO OBSERVABLE,2,NO,1
2026,2026-02-13,2,76736,SEVILLA,ARO CENTRO TULUA,CANINO,2 VISITAS,2 VISITAS,SIN CLASIFICAR,1,SI,1
2026,2026-02-16,2,76020,ALCALA,ARO NORTE CARTAGO,CANINO,1 VISITA,1 VISITA,NO OBSERVABLE,1,NO,1
2026,2026-02-16,2,76100,BOLIVAR,ARO CENTRO TULUA,CANINO,2 VISITAS,2 VISITAS,SIN CLASIFICAR,1,SI,2
2026,2026-02-16,2,76113,BUGALAGRANDE,ARO CENTRO TULUA,CANINO,1 VISITA,1 VISITA,SIN CLASIFICAR,1,NO,1
2026,2026-02-16,2,76113,BUGALAGRANDE,ARO CENTRO TULUA,CANINO,1 VISITA,1 VISITA,SIN CLASIFICAR,1,SI,1
2026,2026-02-16,2,76243,EL AGUILA,ARO NORTE CARTAGO,CANINO,3 O MÁS VISITAS,CUMPLE,OBSERVADO SANO,2,SI,1
2026,2026-02-16,2,76400,LA UNION,ARO NORTE CARTAGO,CANINO,3 O MÁS VISITAS,CUMPLE,NO OBSERVABLE,3,SI,1
2026,2026-02-16,2,76400,LA UNION,ARO NORTE CARTAGO,CANINO,3 O MÁS VISITAS,CUMPLE,OBSERVADO SANO,1,SI,1
2026,2026-02-16,2,76400,LA UNION,ARO NORTE CARTAGO,FELINO,3 O MÁS VISITAS,CUMPLE,NO OBSERVABLE,2,SI,1
2026,2026-02-16,2,76400,LA UNION,ARO NORTE CARTAGO,FELINO,3 O MÁS VISITAS,CUMPLE,NO OBSERVABLE,3,SI,1
2026,2026-02-16,2,76497,OBANDO,ARO NORTE CARTAGO,CANINO,3 O MÁS VISITAS,CUMPLE,OBSERVADO SANO,2,SI,1
2026,2026-02-16,2,76497,OBANDO,ARO NORTE CARTAGO,SIN DATO,2 VISITAS,2 VISITAS,OBSERVADO SANO,2,SI,1
2026,2026-02-16,2,76622,ROLDANILLO,ARO NORTE CARTAGO,CANINO,1 VISITA,1 VISITA,NO OBSERVABLE,1,SI,4
2026,2026-02-16,2,76622,ROLDANILLO,ARO NORTE CARTAGO,CANINO,1 VISITA,1 VISITA,NO OBSERVADO,1,NO,1
2026,2026-02-16,2,76736,SEVILLA,ARO CENTRO TULUA,CANINO,2 VISITAS,2 VISITAS,SIN CLASIFICAR,2,NO,1
2026,2026-02-16,2,76823,TORO,ARO NORTE CARTAGO,CANINO,2 VISITAS,2 VISITAS,OBSERVADO SANO,2,SI,1
2026,2026-02-16,2,76890,YOTOCO,ARO CENTRO TULUA,CANINO,1 VISITA,1 VISITA,SIN CLASIFICAR,1,SI,3
2026,2026-02-16,2,76895,ZARZAL,ARO CENTRO TULUA,CANINO,1 VISITA,1 VISITA,CALLEJERO,1,NO,1
2026,2026-02-16,2,76895,ZARZAL,ARO CENTRO TULUA,CANINO,1 VISITA,1 VISITA,SIN CLASIFICAR,1,SI,4
2026,2026-02-17,2,76041,ANSERMANUEVO,ARO NORTE CARTAGO,CANINO,3 O MÁS VISITAS,CUMPLE,OBSERVADO SANO,2,SI,1
2026,2026-02-17,2,76054,ARGELIA,ARO NORTE CARTAGO,CANINO,1 VISITA,1 VISITA,NO OBSERVABLE,1,SI,1
2026,2026-02-17,2,76233,DAGUA,ARO SUR CALI,CANINO,1 VISITA,1 VISITA,PERDIDO O DESAPARECIDO,1,NO,1
2026,2026-02-17,2,76233,DAGUA,ARO SUR CALI,CANINO,1 VISITA,1 VISITA,PERDIDO O DESAPARECIDO,1,SI,2
2026,2026-02-17,2,76233,DAGUA,ARO SUR CALI,CANINO,1 VISITA,1 VISITA,SIN CLASIFICAR,1,SI,1
2026,2026-02-17,2,76233,DAGUA,ARO SUR CALI,CANINO,2 VISITAS,2 VISITAS,SIN CLASIFICAR,1,SI,1
2026,2026-02-17,2,76233,DAGUA,ARO SUR CALI,CANINO,2 VISITAS,2 VISITAS,SIN CLASIFICAR,2,NO,1
2026,2026-02-17,2,76275,FLORIDA,ARO SUR CALI,CANINO,1 VISITA,1 VISITA,CALLEJERO,1,SI,1
2026,2026-02-17,2,76275,FLORIDA,ARO SUR CALI,CANINO,1 VISITA,1 VISITA,PERDIDO O DESAPARECIDO,1,NO,2
2026,2026-02-17,2,76275,FLORIDA,ARO SUR CALI,CANINO,1 VISITA,1 VISITA,SIN CLASIFICAR,1,SI,1
2026,2026-02-17,2,76275,FLORIDA,ARO SUR CALI,CANINO,3 O MÁS VISITAS,CUMPLE,SIN CLASIFICAR,1,SI,1
2026,2026-02-17,2,76275,FLORIDA,ARO SUR CALI,FELINO,1 VISITA,1 VISITA,PERDIDO O DESAPARECIDO,1,NO,1
2026,2026-02-17,2,76275,FLORIDA,ARO SUR CALI,FELINO,1 VISITA,1 VISITA,PERDIDO O DESAPARECIDO,1,SI,2
2026,2026-02-17,2,76306,GINEBRA,ARO SUR CALI,CANINO,2 VISITAS,2 VISITAS,CALLEJERO,1,SI,1
2026,2026-02-17,2,76306,GINEBRA,ARO SUR CALI,CANINO,2 VISITAS,2 VISITAS,SIN CLASIFICAR,1,SI,3
2026,2026-02-17,2,76306,GINEBRA,ARO SUR CALI,CANINO,2 VISITAS,2 VISITAS,SIN CLASIFICAR,2,NO,3
2026,2026-02-17,2,76306,GINEBRA,ARO SUR CALI,FELINO,1 VISITA,1 VISITA,PERDIDO O DESAPARECIDO,1,SI,1
2026,2026-02-17,2,76563,PRADERA,ARO SUR CALI,FELINO,2 VISITAS,2 VISITAS,MUERTO,2,NO,1
2026,2026-02-17,2,76828,TRUJILLO,ARO CENTRO TULUA,CANINO,1 VISITA,1 VISITA,PERDIDO O DESAPARECIDO,1,NO,1
2026,2026-02-17,2,76828,TRUJILLO,ARO CENTRO TULUA,FELINO,2 VISITAS,2 VISITAS,SIN CLASIFICAR,1,SI,1
2026,2026-02-17,2,76869,VIJES,ARO SUR CALI,CANINO,2 VISITAS,2 VISITAS,PERDIDO O DESAPARECIDO,2,NO,1
2026,2026-02-17,2,76869,VIJES,ARO SUR CALI,CANINO,3 O MÁS VISITAS,CUMPLE,CON SIGNOS REPORTADOS,1,SI,1
2026,2026-02-17,2,76869,VIJES,ARO SUR CALI,CANINO,3 O MÁS VISITAS,CUMPLE,CON SIGNOS REPORTADOS,2,SI,1
2026,2026-02-17,2,76869,VIJES,ARO SUR CALI,FELINO,2 VISITAS,2 VISITAS,PERDIDO O DESAPARECIDO,2,NO,2
2026,2026-02-18,2,76001,CALI,ARO SUR CALI,CANINO,1 VISITA,1 VISITA,SIN CLASIFICAR,1,SI,1
2026,2026-02-18,2,76100,BOLIVAR,ARO CENTRO TULUA,CANINO,1 VISITA,1 VISITA,PERDIDO O DESAPARECIDO,1,NO,1
2026,2026-02-18,2,76100,BOLIVAR,ARO CENTRO TULUA,CANINO,2 VISITAS,2 VISITAS,SIN CLASIFICAR,2,SI,2
2026,2026-02-18,2,76122,CAICEDONIA,ARO CENTRO TULUA,CANINO,1 VISITA,1 VISITA,NO OBSERVABLE,1,SI,2
2026,2026-02-18,2,76122,CAICEDONIA,ARO CENTRO TULUA,CANINO,2 VISITAS,2 VISITAS,OBSERVADO SANO,1,SI,1
2026,2026-02-18,2,76122,CAICEDONIA,ARO CENTRO TULUA,FELINO,1 VISITA,1 VISITA,CON SIGNOS REPORTADOS,1,SI,1
2026,2026-02-18,2,76122,CAICEDONIA,ARO CENTRO TULUA,FELINO,1 VISITA,1 VISITA,NO OBSERVABLE,1,SI,1
2026,2026-02-18,2,76233,DAGUA,ARO SUR CALI,CANINO,1 VISITA,1 VISITA,PERDIDO O DESAPARECIDO,1,SI,3
2026,2026-02-18,2,76233,DAGUA,ARO SUR CALI,CANINO,2 VISITAS,2 VISITAS,SIN CLASIFICAR,1,SI,2
2026,2026-02-18,2,76243,EL AGUILA,ARO NORTE CARTAGO,CANINO,3 O MÁS VISITAS,CUMPLE,OBSERVADO SANO,3,SI,1
2026,2026-02-18,2,76318,GUACARI,ARO SUR CALI,CANINO,1 VISITA,1 VISITA,PERDIDO O DESAPARECIDO,1,NO,1
2026,2026-02-18,2,76318,GUACARI,ARO SUR CALI,CANINO,3 O MÁS VISITAS,3 VISITAS FUERA DE 10 DÍAS O CON INCONSISTENCIA,SIN CLASIFICAR,1,SI,1
2026,2026-02-18,2,76318,GUACARI,ARO SUR CALI,FELINO,2 VISITAS,2 VISITAS,SIN CLASIFICAR,1,SI,1
2026,2026-02-18,2,76563,PRADERA,ARO SUR CALI,CANINO,1 VISITA,1 VISITA,PERDIDO O DESAPARECIDO,1,SI,2
2026,2026-02-18,2,76563,PRADERA,ARO SUR CALI,FELINO,2 VISITAS,2 VISITAS,OBSERVADO SANO,1,SI,1
2026,2026-02-18,2,76606,RESTREPO,ARO CENTRO TULUA,CANINO,1 VISITA,1 VISITA,NO OBSERVABLE,1,NO,1
2026,2026-02-18,2,76606,RESTREPO,ARO CENTRO TULUA,CANINO,1 VISITA,1 VISITA,PERDIDO O DESAPARECIDO,1,SI,4
2026,2026-02-18,2,76606,RESTREPO,ARO CENTRO TULUA,CANINO,1 VISITA,1 VISITA,SIN CLASIFICAR,1,NO,1
2026,2026-02-18,2,76606,RESTREPO,ARO CENTRO TULUA,CANINO,1 VISITA,1 VISITA,SIN CLASIFICAR,1,SI,1
2026,2026-02-18,2,76606,RESTREPO,ARO CENTRO TULUA,FELINO,1 VISITA,1 VISITA,SIN CLASIFICAR,1,SI,1
2026,2026-02-19,2,76020,ALCALA,ARO NORTE CARTAGO,CANINO,1 VISITA,1 VISITA,NO OBSERVABLE,1,NO,3
2026,2026-02-19,2,76020,ALCALA,ARO NORTE CARTAGO,CANINO,1 VISITA,1 VISITA,NO OBSERVABLE,1,SI,2
2026,2026-02-19,2,76020,ALCALA,ARO NORTE CARTAGO,FELINO,1 VISITA,1 VISITA,NO OBSERVABLE,1,NO,1
2026,2026-02-19,2,76041,ANSERMANUEVO,ARO NORTE CARTAGO,CANINO,3 O MÁS VISITAS,CUMPLE,OBSERVADO SANO,3,SI,1
2026,2026-02-19,2,76054,ARGELIA,ARO NORTE CARTAGO,CANINO,3 O MÁS VISITAS,CUMPLE,CON SIGNOS REPORTADOS,1,SI,1
2026,2026-02-19,2,76243,EL AGUILA,ARO NORTE CARTAGO,CANINO,3 O MÁS VISITAS,CUMPLE,OBSERVADO SANO,1,SI,1
2026,2026-02-19,2,76246,EL CAIRO,ARO NORTE CARTAGO,CANINO,3 O MÁS VISITAS,3 VISITAS FUERA DE 10 DÍAS O CON INCONSISTENCIA,NO OBSERVADO,1,SI,1
2026,2026-02-19,2,76250,EL DOVIO,ARO NORTE CARTAGO,FELINO,3 O MÁS VISITAS,CUMPLE,OBSERVADO SANO,3,SI,1
2026,2026-02-19,2,76275,FLORIDA,ARO SUR CALI,CANINO,3 O MÁS VISITAS,CUMPLE,SIN CLASIFICAR,2,SI,1
2026,2026-02-19,2,76318,GUACARI,ARO SUR CALI,CANINO,1 VISITA,1 VISITA,PERDIDO O DESAPARECIDO,1,SI,1
2026,2026-02-19,2,76318,GUACARI,ARO SUR CALI,CANINO,3 O MÁS VISITAS,3 VISITAS FUERA DE 10 DÍAS O CON INCONSISTENCIA,SIN CLASIFICAR,3,NO,1
2026,2026-02-19,2,76318,GUACARI,ARO SUR CALI,FELINO,1 VISITA,1 VISITA,SIN CLASIFICAR,1,NO,1
2026,2026-02-19,2,76377,LA CUMBRE,ARO SUR CALI,CANINO,1 VISITA,1 VISITA,PERDIDO O DESAPARECIDO,1,NO,3
2026,2026-02-19,2,76377,LA CUMBRE,ARO SUR CALI,CANINO,1 VISITA,1 VISITA,PERDIDO O DESAPARECIDO,1,SI,1
2026,2026-02-19,2,76377,LA CUMBRE,ARO SUR CALI,CANINO,1 VISITA,1 VISITA,SIN CLASIFICAR,1,NO,2
2026,2026-02-19,2,76377,LA CUMBRE,ARO SUR CALI,CANINO,2 VISITAS,2 VISITAS,SIN CLASIFICAR,1,NO,1
2026,2026-02-19,2,76377,LA CUMBRE,ARO SUR CALI,CANINO,2 VISITAS,2 VISITAS,SIN CLASIFICAR,1,SI,2
2026,2026-02-19,2,76377,LA CUMBRE,ARO SUR CALI,FELINO,2 VISITAS,2 VISITAS,SIN CLASIFICAR,2,NO,1
2026,2026-02-19,2,76400,LA UNION,ARO NORTE CARTAGO,CANINO,1 VISITA,1 VISITA,NO OBSERVABLE,1,SI,2
2026,2026-02-19,2,76400,LA UNION,ARO NORTE CARTAGO,CANINO,3 O MÁS VISITAS,CUMPLE,OBSERVADO SANO,2,SI,1
2026,2026-02-19,2,76400,LA UNION,ARO NORTE CARTAGO,FELINO,3 O MÁS VISITAS,CUMPLE,NO OBSERVABLE,3,SI,1
2026,2026-02-19,2,76670,SAN PEDRO,ARO CENTRO TULUA,CANINO,1 VISITA,1 VISITA,SIN CLASIFICAR,1,SI,3
2026,2026-02-19,2,76736,SEVILLA,ARO CENTRO TULUA,CANINO,1 VISITA,1 VISITA,SIN CLASIFICAR,1,SI,1
2026,2026-02-19,2,76823,TORO,ARO NORTE CARTAGO,CANINO,1 VISITA,1 VISITA,NO OBSERVABLE,1,SI,1
2026,2026-02-19,2,76823,TORO,ARO NORTE CARTAGO,CANINO,3 O MÁS VISITAS,3 VISITAS FUERA DE 10 DÍAS O CON INCONSISTENCIA,SIN CLASIFICAR,1,SI,1
2026,2026-02-19,2,76828,TRUJILLO,ARO CENTRO TULUA,FELINO,2 VISITAS,2 VISITAS,SIN CLASIFICAR,2,SI,1
2026,2026-02-19,2,76845,ULLOA,ARO NORTE CARTAGO,CANINO,2 VISITAS,2 VISITAS,OBSERVADO SANO,1,SI,1
2026,2026-02-19,2,76863,VERSALLES,ARO NORTE CARTAGO,FELINO,1 VISITA,1 VISITA,NO OBSERVABLE,1,NO,1
2026,2026-02-20,2,76036,ANDALUCIA,ARO CENTRO TULUA,FELINO,3 O MÁS VISITAS,3 VISITAS FUERA DE 10 DÍAS O CON INCONSISTENCIA,SIN CLASIFICAR,3,SI,1
2026,2026-02-20,2,76041,ANSERMANUEVO,ARO NORTE CARTAGO,CANINO,3 O MÁS VISITAS,3 VISITAS FUERA DE 10 DÍAS O CON INCONSISTENCIA,OBSERVADO SANO,1,SI,1
2026,2026-02-20,2,76041,ANSERMANUEVO,ARO NORTE CARTAGO,CANINO,3 O MÁS VISITAS,CUMPLE,OBSERVADO SANO,1,NO,1
2026,2026-02-20,2,76113,BUGALAGRANDE,ARO CENTRO TULUA,CANINO,1 VISITA,1 VISITA,SIN CLASIFICAR,1,NO,2
2026,2026-02-20,2,76122,CAICEDONIA,ARO CENTRO TULUA,CANINO,2 VISITAS,2 VISITAS,OBSERVADO SANO,2,SI,1
2026,2026-02-20,2,76248,EL CERRITO,ARO SUR CALI,CANINO,1 VISITA,1 VISITA,PERDIDO O DESAPARECIDO,1,SI,3
2026,2026-02-20,2,76248,EL CERRITO,ARO SUR CALI,CANINO,2 VISITAS,2 VISITAS,SIN CLASIFICAR,1,NO,2
2026,2026-02-20,2,76248,EL CERRITO,ARO SUR CALI,CANINO,2 VISITAS,2 VISITAS,SIN CLASIFICAR,1,SI,1
2026,2026-02-20,2,76248,EL CERRITO,ARO SUR CALI,CANINO,2 VISITAS,2 VISITAS,SIN CLASIFICAR,2,NO,1
2026,2026-02-20,2,76248,EL CERRITO,ARO SUR CALI,FELINO,2 VISITAS,2 VISITAS,SIN CLASIFICAR,1,SI,1
2026,2026-02-20,2,76400,LA UNION,ARO NORTE CARTAGO,CANINO,1 VISITA,1 VISITA,NO OBSERVADO,1,SI,1
2026,2026-02-20,2,76497,OBANDO,ARO NORTE CARTAGO,CANINO,3 O MÁS VISITAS,CUMPLE,OBSERVADO SANO,3,SI,1
2026,2026-02-20,2,76563,PRADERA,ARO SUR CALI,CANINO,1 VISITA,1 VISITA,PERDIDO O DESAPARECIDO,1,SI,1
2026,2026-02-20,2,76563,PRADERA,ARO SUR CALI,CANINO,2 VISITAS,2 VISITAS,PERDIDO O DESAPARECIDO,1,SI,1
2026,2026-02-20,2,76563,PRADERA,ARO SUR CALI,FELINO,2 VISITAS,2 VISITAS,OBSERVADO SANO,2,SI,1
2026,2026-02-21,2,76616,RIOFRIO,ARO CENTRO TULUA,CANINO,1 VISITA,1 VISITA,SIN CLASIFICAR,1,SI,1
2026,2026-02-21,2,76869,VIJES,ARO SUR CALI,CANINO,3 O MÁS VISITAS,CUMPLE,CON SIGNOS REPORTADOS,3,SI,1
2026,2026-02-22,2,76863,VERSALLES,ARO NORTE CARTAGO,CANINO,2 VISITAS,2 VISITAS,OBSERVADO SANO,2,NO,1
2026,2026-02-23,2,76054,ARGELIA,ARO NORTE CARTAGO,CANINO,3 O MÁS VISITAS,3 VISITAS FUERA DE 10 DÍAS O CON INCONSISTENCIA,OBSERVADO SANO,1,SI,1
2026,2026-02-23,2,76275,FLORIDA,ARO SUR CALI,CANINO,2 VISITAS,2 VISITAS,OBSERVADO SANO,1,SI,1
2026,2026-02-23,2,76275,FLORIDA,ARO SUR CALI,CANINO,2 VISITAS,2 VISITAS,PERDIDO O DESAPARECIDO,1,NO,1
2026,2026-02-23,2,76275,FLORIDA,ARO SUR CALI,CANINO,2 VISITAS,2 VISITAS,SIN CLASIFICAR,1,SI,1
2026,2026-02-23,2,76275,FLORIDA,ARO SUR CALI,CANINO,3 O MÁS VISITAS,CUMPLE,PERDIDO O DESAPARECIDO,1,SI,1
2026,2026-02-23,2,76275,FLORIDA,ARO SUR CALI,CANINO,3 O MÁS VISITAS,CUMPLE,SIN CLASIFICAR,3,SI,1
2026,2026-02-23,2,76275,FLORIDA,ARO SUR CALI,FELINO,2 VISITAS,2 VISITAS,SIN CLASIFICAR,1,SI,1
2026,2026-02-23,2,76306,GINEBRA,ARO SUR CALI,CANINO,1 VISITA,1 VISITA,PERDIDO O DESAPARECIDO,1,NO,1
2026,2026-02-23,2,76306,GINEBRA,ARO SUR CALI,CANINO,1 VISITA,1 VISITA,PERDIDO O DESAPARECIDO,1,SI,3
2026,2026-02-23,2,76306,GINEBRA,ARO SUR CALI,CANINO,2 VISITAS,2 VISITAS,CALLEJERO,2,NO,1
2026,2026-02-23,2,76306,GINEBRA,ARO SUR CALI,CANINO,2 VISITAS,2 VISITAS,SIN CLASIFICAR,1,SI,1
2026,2026-02-23,2,76306,GINEBRA,ARO SUR CALI,CANINO,2 VISITAS,2 VISITAS,SIN CLASIFICAR,2,NO,1
2026,2026-02-23,2,76306,GINEBRA,ARO SUR CALI,CANINO,2 VISITAS,2 VISITAS,SIN CLASIFICAR,2,SI,2
2026,2026-02-23,2,76318,GUACARI,ARO SUR CALI,CANINO,1 VISITA,1 VISITA,OBSERVADO SANO,1,NO,1
2026,2026-02-23,2,76318,GUACARI,ARO SUR CALI,CANINO,1 VISITA,1 VISITA,PERDIDO O DESAPARECIDO,1,NO,1
2026,2026-02-23,2,76318,GUACARI,ARO SUR CALI,CANINO,3 O MÁS VISITAS,3 VISITAS FUERA DE 10 DÍAS O CON INCONSISTENCIA,SIN CLASIFICAR,1,SI,1
2026,2026-02-23,2,76318,GUACARI,ARO SUR CALI,CANINO,3 O MÁS VISITAS,3 VISITAS FUERA DE 10 DÍAS O CON INCONSISTENCIA,SIN CLASIFICAR,2,SI,1
2026,2026-02-23,2,76400,LA UNION,ARO NORTE CARTAGO,FELINO,1 VISITA,1 VISITA,NO OBSERVABLE,1,SI,1
2026,2026-02-23,2,76823,TORO,ARO NORTE CARTAGO,CANINO,3 O MÁS VISITAS,3 VISITAS FUERA DE 10 DÍAS O CON INCONSISTENCIA,SIN CLASIFICAR,2,NO,1
2026,2026-02-23,2,76845,ULLOA,ARO NORTE CARTAGO,CANINO,2 VISITAS,2 VISITAS,OBSERVADO SANO,2,NO,1
2026,2026-02-24,2,76113,BUGALAGRANDE,ARO CENTRO TULUA,CANINO,1 VISITA,1 VISITA,CALLEJERO,1,SI,1
2026,2026-02-24,2,76113,BUGALAGRANDE,ARO CENTRO TULUA,CANINO,1 VISITA,1 VISITA,SIN CLASIFICAR,1,SI,1
2026,2026-02-24,2,76122,CAICEDONIA,ARO CENTRO TULUA,CANINO,1 VISITA,1 VISITA,NO OBSERVABLE,1,SI,1
2026,2026-02-24,2,76122,CAICEDONIA,ARO CENTRO TULUA,CANINO,2 VISITAS,2 VISITAS,OBSERVADO SANO,1,SI,1
2026,2026-02-24,2,76400,LA UNION,ARO NORTE CARTAGO,CANINO,3 O MÁS VISITAS,CUMPLE,OBSERVADO SANO,3,SI,1
2026,2026-02-24,2,76828,TRUJILLO,ARO CENTRO TULUA,CANINO,1 VISITA,1 VISITA,PERDIDO O DESAPARECIDO,1,SI,1
2026,2026-02-24,2,76890,YOTOCO,ARO CENTRO TULUA,CANINO,1 VISITA,1 VISITA,NO OBSERVABLE,1,SI,1
2026,2026-02-24,2,76895,ZARZAL,ARO CENTRO TULUA,CANINO,1 VISITA,1 VISITA,CALLEJERO,1,SI,1
2026,2026-02-24,2,76895,ZARZAL,ARO CENTRO TULUA,CANINO,1 VISITA,1 VISITA,SIN CLASIFICAR,1,NO,4
2026,2026-02-24,2,76895,ZARZAL,ARO CENTRO TULUA,CANINO,1 VISITA,1 VISITA,SIN CLASIFICAR,1,SI,4
2026,2026-02-25,2,76036,ANDALUCIA,ARO CENTRO TULUA,FELINO,3 O MÁS VISITAS,CUMPLE,SIN CLASIFICAR,1,SI,1
2026,2026-02-25,2,76054,ARGELIA,ARO NORTE CARTAGO,CANINO,3 O MÁS VISITAS,CUMPLE,CON SIGNOS REPORTADOS,2,SI,1
2026,2026-02-25,2,76243,EL AGUILA,ARO NORTE CARTAGO,CANINO,3 O MÁS VISITAS,CUMPLE,OBSERVADO SANO,2,SI,1
2026,2026-02-25,2,76248,EL CERRITO,ARO SUR CALI,CANINO,1 VISITA,1 VISITA,PERDIDO O DESAPARECIDO,1,SI,2
2026,2026-02-25,2,76248,EL CERRITO,ARO SUR CALI,CANINO,2 VISITAS,2 VISITAS,SIN CLASIFICAR,1,SI,1
2026,2026-02-25,2,76248,EL CERRITO,ARO SUR CALI,CANINO,2 VISITAS,2 VISITAS,SIN CLASIFICAR,2,NO,3
2026,2026-02-25,2,76248,EL CERRITO,ARO SUR CALI,FELINO,2 VISITAS,2 VISITAS,SIN CLASIFICAR,1,SI,1
2026,2026-02-25,2,76248,EL CERRITO,ARO SUR CALI,FELINO,2 VISITAS,2 VISITAS,SIN CLASIFICAR,2,NO,1
2026,2026-02-25,2,76275,FLORIDA,ARO SUR CALI,CANINO,2 VISITAS,2 VISITAS,OBSERVADO SANO,2,SI,1
2026,2026-02-25,2,76275,FLORIDA,ARO SUR CALI,CANINO,2 VISITAS,2 VISITAS,PERDIDO O DESAPARECIDO,2,NO,1
2026,2026-02-25,2,76275,FLORIDA,ARO SUR CALI,CANINO,2 VISITAS,2 VISITAS,SIN CLASIFICAR,1,SI,1
2026,2026-02-25,2,76275,FLORIDA,ARO SUR CALI,CANINO,2 VISITAS,2 VISITAS,SIN CLASIFICAR,2,SI,1
2026,2026-02-25,2,76275,FLORIDA,ARO SUR CALI,CANINO,3 O MÁS VISITAS,CUMPLE,PERDIDO O DESAPARECIDO,2,SI,1
2026,2026-02-25,2,76275,FLORIDA,ARO SUR CALI,FELINO,2 VISITAS,2 VISITAS,SIN CLASIFICAR,2,SI,1
2026,2026-02-25,2,76318,GUACARI,ARO SUR CALI,CANINO,1 VISITA,1 VISITA,OBSERVADO SANO,1,NO,1
2026,2026-02-25,2,76318,GUACARI,ARO SUR CALI,CANINO,1 VISITA,1 VISITA,PERDIDO O DESAPARECIDO,1,SI,1
2026,2026-02-25,2,76318,GUACARI,ARO SUR CALI,CANINO,3 O MÁS VISITAS,3 VISITAS FUERA DE 10 DÍAS O CON INCONSISTENCIA,SIN CLASIFICAR,2,SI,1
2026,2026-02-25,2,76318,GUACARI,ARO SUR CALI,FELINO,2 VISITAS,2 VISITAS,SIN CLASIFICAR,2,NO,1
2026,2026-02-25,2,76403,LA VICTORIA,ARO NORTE CARTAGO,CANINO,2 VISITAS,2 VISITAS,OBSERVADO SANO,1,SI,2
2026,2026-02-25,2,76563,PRADERA,ARO SUR CALI,CANINO,1 VISITA,1 VISITA,PERDIDO O DESAPARECIDO,1,SI,1
2026,2026-02-25,2,76563,PRADERA,ARO SUR CALI,CANINO,2 VISITAS,2 VISITAS,PERDIDO O DESAPARECIDO,2,SI,1
2026,2026-02-25,2,76563,PRADERA,ARO SUR CALI,FELINO,1 VISITA,1 VISITA,PERDIDO O DESAPARECIDO,1,SI,2
2026,2026-02-25,2,76606,RESTREPO,ARO CENTRO TULUA,CANINO,1 VISITA,1 VISITA,PERDIDO O DESAPARECIDO,1,SI,3
2026,2026-02-25,2,76670,SAN PEDRO,ARO CENTRO TULUA,CANINO,1 VISITA,1 VISITA,SIN CLASIFICAR,1,SI,1
2026,2026-02-25,2,76869,VIJES,ARO SUR CALI,CANINO,1 VISITA,1 VISITA,CON SIGNOS REPORTADOS,1,SI,1
2026,2026-02-25,2,76869,VIJES,ARO SUR CALI,CANINO,1 VISITA,1 VISITA,PERDIDO O DESAPARECIDO,1,SI,1
2026,2026-02-25,2,76869,VIJES,ARO SUR CALI,FELINO,1 VISITA,1 VISITA,CON SIGNOS REPORTADOS,1,SI,1
2026,2026-02-26,2,76122,CAICEDONIA,ARO CENTRO TULUA,CANINO,1 VISITA,1 VISITA,CALLEJERO,1,NO,2
2026,2026-02-26,2,76122,CAICEDONIA,ARO CENTRO TULUA,CANINO,2 VISITAS,2 VISITAS,OBSERVADO SANO,2,SI,1
2026,2026-02-26,2,76318,GUACARI,ARO SUR CALI,OTRO,2 VISITAS,2 VISITAS,SIN CLASIFICAR,1,SI,1
2026,2026-02-26,2,76318,GUACARI,ARO SUR CALI,OTRO,2 VISITAS,2 VISITAS,SIN CLASIFICAR,2,SI,1
2026,2026-02-26,2,76400,LA UNION,ARO NORTE CARTAGO,CANINO,3 O MÁS VISITAS,CUMPLE,OBSERVADO SANO,1,SI,1
2026,2026-02-26,2,76497,OBANDO,ARO NORTE CARTAGO,CANINO,3 O MÁS VISITAS,CUMPLE,OBSERVADO SANO,1,SI,1
2026,2026-02-26,2,76616,RIOFRIO,ARO CENTRO TULUA,CANINO,1 VISITA,1 VISITA,SIN CLASIFICAR,1,SI,1
2026,2026-02-26,2,76823,TORO,ARO NORTE CARTAGO,CANINO,1 VISITA,1 VISITA,NO OBSERVABLE,1,SI,2
2026,2026-02-26,2,76823,TORO,ARO NORTE CARTAGO,CANINO,2 VISITAS,2 VISITAS,SIN CLASIFICAR,1,SI,1
2026,2026-02-26,2,76823,TORO,ARO NORTE CARTAGO,CANINO,3 O MÁS VISITAS,3 VISITAS FUERA DE 10 DÍAS O CON INCONSISTENCIA,SIN CLASIFICAR,3,NO,1
2026,2026-02-26,2,76890,YOTOCO,ARO CENTRO TULUA,CANINO,1 VISITA,1 VISITA,PERDIDO O DESAPARECIDO,1,SI,2
2026,2026-02-26,2,76890,YOTOCO,ARO CENTRO TULUA,CANINO,1 VISITA,1 VISITA,SIN CLASIFICAR,1,SI,3
2026,2026-02-27,2,76036,ANDALUCIA,ARO CENTRO TULUA,CANINO,1 VISITA,1 VISITA,SIN CLASIFICAR,1,SI,1
2026,2026-02-27,2,76036,ANDALUCIA,ARO CENTRO TULUA,FELINO,3 O MÁS VISITAS,CUMPLE,SIN CLASIFICAR,2,SI,1
2026,2026-02-27,2,76041,ANSERMANUEVO,ARO NORTE CARTAGO,CANINO,1 VISITA,1 VISITA,SIN CLASIFICAR,1,SI,1
2026,2026-02-27,2,76041,ANSERMANUEVO,ARO NORTE CARTAGO,FELINO,1 VISITA,1 VISITA,SIN CLASIFICAR,1,SI,1
2026,2026-02-27,2,76054,ARGELIA,ARO NORTE CARTAGO,CANINO,3 O MÁS VISITAS,CUMPLE,CON SIGNOS REPORTADOS,3,SI,1
2026,2026-02-27,2,76126,CALIMA,ARO CENTRO TULUA,CANINO,1 VISITA,1 VISITA,SIN CLASIFICAR,1,NO,4
2026,2026-02-27,2,76126,CALIMA,ARO CENTRO TULUA,CANINO,1 VISITA,1 VISITA,SIN CLASIFICAR,1,SI,3
2026,2026-02-27,2,76126,CALIMA,ARO CENTRO TULUA,FELINO,1 VISITA,1 VISITA,SIN CLASIFICAR,1,SI,1
2026,2026-02-27,2,76243,EL AGUILA,ARO NORTE CARTAGO,CANINO,3 O MÁS VISITAS,CUMPLE,OBSERVADO SANO,3,SI,1
2026,2026-02-27,2,76246,EL CAIRO,ARO NORTE CARTAGO,CANINO,3 O MÁS VISITAS,3 VISITAS FUERA DE 10 DÍAS O CON INCONSISTENCIA,CALLEJERO,1,SI,1
2026,2026-02-27,2,76246,EL CAIRO,ARO NORTE CARTAGO,CANINO,3 O MÁS VISITAS,3 VISITAS FUERA DE 10 DÍAS O CON INCONSISTENCIA,NO OBSERVADO,3,NO,1
2026,2026-02-27,2,76246,EL CAIRO,ARO NORTE CARTAGO,CANINO,3 O MÁS VISITAS,CUMPLE,OBSERVADO SANO,1,SI,1
2026,2026-02-27,2,76250,EL DOVIO,ARO NORTE CARTAGO,CANINO,1 VISITA,1 VISITA,PERDIDO O DESAPARECIDO,1,SI,1
2026,2026-02-27,2,76250,EL DOVIO,ARO NORTE CARTAGO,CANINO,2 VISITAS,2 VISITAS,OBSERVADO SANO,1,SI,1
2026,2026-02-27,2,76736,SEVILLA,ARO CENTRO TULUA,CANINO,1 VISITA,1 VISITA,CALLEJERO,1,NO,2
2026,2026-02-27,2,76736,SEVILLA,ARO CENTRO TULUA,CANINO,1 VISITA,1 VISITA,OBSERVADO SANO,1,NO,2
2026,2026-02-27,2,76895,ZARZAL,ARO CENTRO TULUA,CANINO,1 VISITA,1 VISITA,CALLEJERO,1,SI,1
2026,2026-02-27,2,76895,ZARZAL,ARO CENTRO TULUA,CANINO,1 VISITA,1 VISITA,SIN CLASIFICAR,1,SI,3
2026,2026-02-27,2,76895,ZARZAL,ARO CENTRO TULUA,FELINO,1 VISITA,1 VISITA,CALLEJERO,1,SI,1
2026,2026-02-28,2,76823,TORO,ARO NORTE CARTAGO,CANINO,2 VISITAS,2 VISITAS,SIN CLASIFICAR,2,SI,1
2026,2026-03-02,3,76020,ALCALA,ARO NORTE CARTAGO,CANINO,1 VISITA,1 VISITA,NO OBSERVABLE,1,NO,1
2026,2026-03-02,3,76020,ALCALA,ARO NORTE CARTAGO,CANINO,1 VISITA,1 VISITA,OBSERVADO SANO,1,SI,1
2026,2026-03-02,3,76020,ALCALA,ARO NORTE CARTAGO,FELINO,1 VISITA,1 VISITA,NO OBSERVADO,1,SI,1
2026,2026-03-02,3,76020,ALCALA,ARO NORTE CARTAGO,FELINO,1 VISITA,1 VISITA,OBSERVADO SANO,1,SI,1
2026,2026-03-02,3,76036,ANDALUCIA,ARO CENTRO TULUA,FELINO,3 O MÁS VISITAS,CUMPLE,SIN CLASIFICAR,3,SI,1
2026,2026-03-02,3,76233,DAGUA,ARO SUR CALI,CANINO,1 VISITA,1 VISITA,PERDIDO O DESAPARECIDO,1,NO,2
2026,2026-03-02,3,76233,DAGUA,ARO SUR CALI,CANINO,1 VISITA,1 VISITA,PERDIDO O DESAPARECIDO,1,SI,3
2026,2026-03-02,3,76233,DAGUA,ARO SUR CALI,CANINO,2 VISITAS,2 VISITAS,SIN CLASIFICAR,2,NO,3
2026,2026-03-02,3,76275,FLORIDA,ARO SUR CALI,CANINO,2 VISITAS,2 VISITAS,SIN CLASIFICAR,2,SI,1
2026,2026-03-02,3,76275,FLORIDA,ARO SUR CALI,CANINO,3 O MÁS VISITAS,CUMPLE,PERDIDO O DESAPARECIDO,3,SI,1
2026,2026-03-02,3,76400,LA UNION,ARO NORTE CARTAGO,CANINO,3 O MÁS VISITAS,CUMPLE,OBSERVADO SANO,2,SI,1
2026,2026-03-02,3,76497,OBANDO,ARO NORTE CARTAGO,CANINO,3 O MÁS VISITAS,CUMPLE,OBSERVADO SANO,2,SI,1
2026,2026-03-02,3,76616,RIOFRIO,ARO CENTRO TULUA,CANINO,3 O MÁS VISITAS,3 VISITAS FUERA DE 10 DÍAS O CON INCONSISTENCIA,SIN CLASIFICAR,1,SI,1
2026,2026-03-02,3,76845,ULLOA,ARO NORTE CARTAGO,CANINO,1 VISITA,1 VISITA,NO OBSERVABLE,1,SI,1
2026,2026-03-03,3,76041,ANSERMANUEVO,ARO NORTE CARTAGO,CANINO,3 O MÁS VISITAS,CUMPLE,OBSERVADO SANO,2,SI,1
2026,2026-03-03,3,76054,ARGELIA,ARO NORTE CARTAGO,CANINO,3 O MÁS VISITAS,3 VISITAS FUERA DE 10 DÍAS O CON INCONSISTENCIA,OBSERVADO SANO,2,SI,1
2026,2026-03-03,3,76113,BUGALAGRANDE,ARO CENTRO TULUA,CANINO,1 VISITA,1 VISITA,SIN CLASIFICAR,1,NO,2
2026,2026-03-03,3,76113,BUGALAGRANDE,ARO CENTRO TULUA,CANINO,1 VISITA,1 VISITA,SIN CLASIFICAR,1,SI,1
2026,2026-03-03,3,76122,CAICEDONIA,ARO CENTRO TULUA,CANINO,2 VISITAS,2 VISITAS,OBSERVADO SANO,1,SI,1
2026,2026-03-03,3,76122,CAICEDONIA,ARO CENTRO TULUA,FELINO,2 VISITAS,2 VISITAS,OBSERVADO SANO,1,SI,1
2026,2026-03-03,3,76497,OBANDO,ARO NORTE CARTAGO,CANINO,1 VISITA,1 VISITA,PERDIDO O DESAPARECIDO,1,SI,1
2026,2026-03-03,3,76823,TORO,ARO NORTE CARTAGO,CANINO,3 O MÁS VISITAS,3 VISITAS FUERA DE 10 DÍAS O CON INCONSISTENCIA,OBSERVADO SANO,1,SI,1
2026,2026-03-03,3,76823,TORO,ARO NORTE CARTAGO,CANINO,3 O MÁS VISITAS,CUMPLE,OBSERVADO SANO,1,SI,1
2026,2026-03-03,3,76895,ZARZAL,ARO CENTRO TULUA,CANINO,1 VISITA,1 VISITA,CALLEJERO,1,SI,2
2026,2026-03-03,3,76895,ZARZAL,ARO CENTRO TULUA,CANINO,1 VISITA,1 VISITA,SIN CLASIFICAR,1,SI,1
2026,2026-03-04,3,76122,CAICEDONIA,ARO CENTRO TULUA,CANINO,2 VISITAS,2 VISITAS,OBSERVADO SANO,1,SI,1
2026,2026-03-04,3,76246,EL CAIRO,ARO NORTE CARTAGO,CANINO,1 VISITA,1 VISITA,CALLEJERO,1,SI,1
2026,2026-03-04,3,76246,EL CAIRO,ARO NORTE CARTAGO,CANINO,3 O MÁS VISITAS,CUMPLE,OBSERVADO SANO,2,SI,1
2026,2026-03-04,3,76248,EL CERRITO,ARO SUR CALI,CANINO,1 VISITA,1 VISITA,SIN CLASIFICAR,1,NO,1
2026,2026-03-04,3,76248,EL CERRITO,ARO SUR CALI,CANINO,2 VISITAS,2 VISITAS,SIN CLASIFICAR,1,SI,1
2026,2026-03-04,3,76248,EL CERRITO,ARO SUR CALI,CANINO,2 VISITAS,2 VISITAS,SIN CLASIFICAR,2,NO,1
2026,2026-03-04,3,76248,EL CERRITO,ARO SUR CALI,CANINO,2 VISITAS,2 VISITAS,SIN CLASIFICAR,2,SI,1
2026,2026-03-04,3,76248,EL CERRITO,ARO SUR CALI,FELINO,2 VISITAS,2 VISITAS,SIN CLASIFICAR,2,NO,1
2026,2026-03-04,3,76275,FLORIDA,ARO SUR CALI,CANINO,1 VISITA,1 VISITA,SIN CLASIFICAR,1,SI,1
2026,2026-03-04,3,76275,FLORIDA,ARO SUR CALI,CANINO,3 O MÁS VISITAS,CUMPLE,CALLEJERO,1,SI,1
2026,2026-03-04,3,76275,FLORIDA,ARO SUR CALI,CANINO,3 O MÁS VISITAS,CUMPLE,SIN CLASIFICAR,1,SI,1
2026,2026-03-04,3,76377,LA CUMBRE,ARO SUR CALI,CANINO,1 VISITA,1 VISITA,SIN CLASIFICAR,1,SI,1
2026,2026-03-04,3,76377,LA CUMBRE,ARO SUR CALI,CANINO,2 VISITAS,2 VISITAS,SIN CLASIFICAR,2,NO,3
2026,2026-03-04,3,76377,LA CUMBRE,ARO SUR CALI,FELINO,1 VISITA,1 VISITA,PERDIDO O DESAPARECIDO,1,NO,1
2026,2026-03-04,3,76497,OBANDO,ARO NORTE CARTAGO,CANINO,1 VISITA,1 VISITA,NO OBSERVABLE,1,NO,1
2026,2026-03-04,3,76497,OBANDO,ARO NORTE CARTAGO,CANINO,1 VISITA,1 VISITA,NO OBSERVABLE,1,SI,1
2026,2026-03-04,3,76563,PRADERA,ARO SUR CALI,CANINO,1 VISITA,1 VISITA,PERDIDO O DESAPARECIDO,1,NO,2
2026,2026-03-04,3,76563,PRADERA,ARO SUR CALI,CANINO,1 VISITA,1 VISITA,SIN CLASIFICAR,1,NO,1
2026,2026-03-04,3,76616,RIOFRIO,ARO CENTRO TULUA,CANINO,3 O MÁS VISITAS,3 VISITAS FUERA DE 10 DÍAS O CON INCONSISTENCIA,SIN CLASIFICAR,2,NO,1
2026,2026-03-04,3,76828,TRUJILLO,ARO CENTRO TULUA,OTRO,1 VISITA,1 VISITA,SIN CLASIFICAR,1,SI,1
2026,2026-03-05,3,76041,ANSERMANUEVO,ARO NORTE CARTAGO,CANINO,1 VISITA,1 VISITA,NO OBSERVADO,1,SI,1
2026,2026-03-05,3,76041,ANSERMANUEVO,ARO NORTE CARTAGO,CANINO,3 O MÁS VISITAS,3 VISITAS FUERA DE 10 DÍAS O CON INCONSISTENCIA,OBSERVADO SANO,3,NO,1
2026,2026-03-05,3,76041,ANSERMANUEVO,ARO NORTE CARTAGO,CANINO,3 O MÁS VISITAS,3 VISITAS FUERA DE 10 DÍAS O CON INCONSISTENCIA,SIN CLASIFICAR,1,SI,1
2026,2026-03-05,3,76041,ANSERMANUEVO,ARO NORTE CARTAGO,CANINO,3 O MÁS VISITAS,CUMPLE,OBSERVADO SANO,3,SI,1
2026,2026-03-05,3,76122,CAICEDONIA,ARO CENTRO TULUA,FELINO,2 VISITAS,2 VISITAS,OBSERVADO SANO,2,SI,1
2026,2026-03-05,3,76126,CALIMA,ARO CENTRO TULUA,CANINO,1 VISITA,1 VISITA,SIN CLASIFICAR,1,NO,6
2026,2026-03-05,3,76246,EL CAIRO,ARO NORTE CARTAGO,CANINO,3 O MÁS VISITAS,3 VISITAS FUERA DE 10 DÍAS O CON INCONSISTENCIA,CALLEJERO,2,SI,1
2026,2026-03-05,3,76246,EL CAIRO,ARO NORTE CARTAGO,CANINO,3 O MÁS VISITAS,CUMPLE,OBSERVADO SANO,3,SI,1
2026,2026-03-05,3,76306,GINEBRA,ARO SUR CALI,CANINO,1 VISITA,1 VISITA,PERDIDO O DESAPARECIDO,1,NO,1
2026,2026-03-05,3,76306,GINEBRA,ARO SUR CALI,CANINO,1 VISITA,1 VISITA,PERDIDO O DESAPARECIDO,1,SI,1
2026,2026-03-05,3,76306,GINEBRA,ARO SUR CALI,CANINO,2 VISITAS,2 VISITAS,SIN CLASIFICAR,1,NO,1
2026,2026-03-05,3,76306,GINEBRA,ARO SUR CALI,CANINO,2 VISITAS,2 VISITAS,SIN CLASIFICAR,1,SI,1
2026,2026-03-05,3,76306,GINEBRA,ARO SUR CALI,CANINO,2 VISITAS,2 VISITAS,SIN CLASIFICAR,2,NO,2
2026,2026-03-05,3,76306,GINEBRA,ARO SUR CALI,CANINO,2 VISITAS,2 VISITAS,SIN CLASIFICAR,2,SI,1
2026,2026-03-05,3,76306,GINEBRA,ARO SUR CALI,FELINO,1 VISITA,1 VISITA,PERDIDO O DESAPARECIDO,1,SI,1
2026,2026-03-05,3,76306,GINEBRA,ARO SUR CALI,FELINO,2 VISITAS,2 VISITAS,SIN CLASIFICAR,1,NO,1
2026,2026-03-05,3,76306,GINEBRA,ARO SUR CALI,FELINO,2 VISITAS,2 VISITAS,SIN CLASIFICAR,2,NO,1
2026,2026-03-05,3,76306,GINEBRA,ARO SUR CALI,OTRO,1 VISITA,1 VISITA,PERDIDO O DESAPARECIDO,1,NO,1
2026,2026-03-05,3,76497,OBANDO,ARO NORTE CARTAGO,CANINO,3 O MÁS VISITAS,CUMPLE,OBSERVADO SANO,3,SI,1
2026,2026-03-05,3,76563,PRADERA,ARO SUR CALI,CANINO,1 VISITA,1 VISITA,OBSERVADO SANO,1,NO,1
2026,2026-03-05,3,76563,PRADERA,ARO SUR CALI,CANINO,1 VISITA,1 VISITA,PERDIDO O DESAPARECIDO,1,NO,4
2026,2026-03-05,3,76606,RESTREPO,ARO CENTRO TULUA,CANINO,1 VISITA,1 VISITA,PERDIDO O DESAPARECIDO,1,SI,1
2026,2026-03-05,3,76606,RESTREPO,ARO CENTRO TULUA,CANINO,1 VISITA,1 VISITA,SIN CLASIFICAR,1,SI,1
2026,2026-03-05,3,76606,RESTREPO,ARO CENTRO TULUA,FELINO,1 VISITA,1 VISITA,PERDIDO O DESAPARECIDO,1,SI,3
2026,2026-03-05,3,76828,TRUJILLO,ARO CENTRO TULUA,CANINO,2 VISITAS,2 VISITAS,SIN CLASIFICAR,1,NO,1
2026,2026-03-05,3,76828,TRUJILLO,ARO CENTRO TULUA,CANINO,2 VISITAS,2 VISITAS,SIN CLASIFICAR,1,SI,1
2026,2026-03-05,3,76828,TRUJILLO,ARO CENTRO TULUA,FELINO,1 VISITA,1 VISITA,SIN CLASIFICAR,1,SI,1
2026,2026-03-06,3,76054,ARGELIA,ARO NORTE CARTAGO,CANINO,3 O MÁS VISITAS,3 VISITAS FUERA DE 10 DÍAS O CON INCONSISTENCIA,OBSERVADO SANO,3,NO,1
2026,2026-03-06,3,76113,BUGALAGRANDE,ARO CENTRO TULUA,FELINO,1 VISITA,1 VISITA,SIN CLASIFICAR,1,NO,1
2026,2026-03-06,3,76122,CAICEDONIA,ARO CENTRO TULUA,CANINO,2 VISITAS,2 VISITAS,OBSERVADO SANO,2,SI,1
2026,2026-03-06,3,76246,EL CAIRO,ARO NORTE CARTAGO,CANINO,3 O MÁS VISITAS,3 VISITAS FUERA DE 10 DÍAS O CON INCONSISTENCIA,CALLEJERO,3,NO,1
2026,2026-03-06,3,76250,EL DOVIO,ARO NORTE CARTAGO,CANINO,2 VISITAS,2 VISITAS,OBSERVADO SANO,2,SI,1
2026,2026-03-06,3,76275,FLORIDA,ARO SUR CALI,CANINO,2 VISITAS,2 VISITAS,SIN CLASIFICAR,1,SI,1
2026,2026-03-06,3,76275,FLORIDA,ARO SUR CALI,CANINO,3 O MÁS VISITAS,CUMPLE,CALLEJERO,2,SI,1
2026,2026-03-06,3,76275,FLORIDA,ARO SUR CALI,CANINO,3 O MÁS VISITAS,CUMPLE,SIN CLASIFICAR,2,SI,1
2026,2026-03-06,3,76400,LA UNION,ARO NORTE CARTAGO,CANINO,3 O MÁS VISITAS,CUMPLE,OBSERVADO SANO,3,SI,1
2026,2026-03-06,3,76403,LA VICTORIA,ARO NORTE CARTAGO,CANINO,2 VISITAS,2 VISITAS,OBSERVADO SANO,2,NO,2
2026,2026-03-06,3,76563,PRADERA,ARO SUR CALI,CANINO,1 VISITA,1 VISITA,PERDIDO O DESAPARECIDO,1,SI,2
2026,2026-03-06,3,76563,PRADERA,ARO SUR CALI,FELINO,1 VISITA,1 VISITA,PERDIDO O DESAPARECIDO,1,SI,1
2026,2026-03-06,3,76616,RIOFRIO,ARO CENTRO TULUA,CANINO,3 O MÁS VISITAS,3 VISITAS FUERA DE 10 DÍAS O CON INCONSISTENCIA,SIN CLASIFICAR,3,NO,1
2026,2026-03-06,3,76736,SEVILLA,ARO CENTRO TULUA,CANINO,1 VISITA,1 VISITA,CALLEJERO,1,SI,1
2026,2026-03-06,3,76736,SEVILLA,ARO CENTRO TULUA,CANINO,1 VISITA,1 VISITA,NO OBSERVABLE,1,NO,1
2026,2026-03-06,3,76736,SEVILLA,ARO CENTRO TULUA,CANINO,1 VISITA,1 VISITA,NO OBSERVABLE,1,SI,1
2026,2026-03-06,3,76736,SEVILLA,ARO CENTRO TULUA,CANINO,1 VISITA,1 VISITA,SIN CLASIFICAR,1,SI,1
2026,2026-03-06,3,76736,SEVILLA,ARO CENTRO TULUA,FELINO,1 VISITA,1 VISITA,CALLEJERO,1,SI,1
2026,2026-03-06,3,76823,TORO,ARO NORTE CARTAGO,CANINO,3 O MÁS VISITAS,3 VISITAS FUERA DE 10 DÍAS O CON INCONSISTENCIA,OBSERVADO SANO,2,SI,1
2026,2026-03-06,3,76823,TORO,ARO NORTE CARTAGO,CANINO,3 O MÁS VISITAS,CUMPLE,OBSERVADO SANO,2,SI,1
2026,2026-03-06,3,76890,YOTOCO,ARO CENTRO TULUA,CANINO,1 VISITA,1 VISITA,PERDIDO O DESAPARECIDO,1,SI,1
2026,2026-03-06,3,76890,YOTOCO,ARO CENTRO TULUA,CANINO,1 VISITA,1 VISITA,SIN CLASIFICAR,1,SI,2
2026,2026-03-06,3,76895,ZARZAL,ARO CENTRO TULUA,FELINO,1 VISITA,1 VISITA,CALLEJERO,1,SI,1
2026,2026-03-06,3,76895,ZARZAL,ARO CENTRO TULUA,FELINO,1 VISITA,1 VISITA,SIN CLASIFICAR,1,SI,1
2026,2026-03-09,3,76036,ANDALUCIA,ARO CENTRO TULUA,CANINO,1 VISITA,1 VISITA,SIN CLASIFICAR,1,SI,1
2026,2026-03-09,3,76036,ANDALUCIA,ARO CENTRO TULUA,CANINO,3 O MÁS VISITAS,CUMPLE,SIN CLASIFICAR,1,SI,1
2026,2026-03-09,3,76036,ANDALUCIA,ARO CENTRO TULUA,FELINO,1 VISITA,1 VISITA,CALLEJERO,1,SI,1
2026,2026-03-09,3,76054,ARGELIA,ARO NORTE CARTAGO,CANINO,3 O MÁS VISITAS,3 VISITAS FUERA DE 10 DÍAS O CON INCONSISTENCIA,SIN CLASIFICAR,1,NO,2
2026,2026-03-09,3,76246,EL CAIRO,ARO NORTE CARTAGO,CANINO,1 VISITA,1 VISITA,CALLEJERO,1,SI,1
2026,2026-03-09,3,76275,FLORIDA,ARO SUR CALI,CANINO,2 VISITAS,2 VISITAS,CALLEJERO,1,SI,1
2026,2026-03-09,3,76275,FLORIDA,ARO SUR CALI,CANINO,2 VISITAS,2 VISITAS,SIN CLASIFICAR,2,SI,1
2026,2026-03-09,3,76275,FLORIDA,ARO SUR CALI,CANINO,3 O MÁS VISITAS,CUMPLE,CALLEJERO,3,SI,1
2026,2026-03-09,3,76275,FLORIDA,ARO SUR CALI,CANINO,3 O MÁS VISITAS,CUMPLE,SIN CLASIFICAR,3,SI,1
2026,2026-03-09,3,76616,RIOFRIO,ARO CENTRO TULUA,CANINO,3 O MÁS VISITAS,3 VISITAS FUERA DE 10 DÍAS O CON INCONSISTENCIA,SIN CLASIFICAR,1,SI,1
2026,2026-03-09,3,76616,RIOFRIO,ARO CENTRO TULUA,CANINO,3 O MÁS VISITAS,CUMPLE,CON SIGNOS REPORTADOS,1,SI,1
2026,2026-03-09,3,76616,RIOFRIO,ARO CENTRO TULUA,CANINO,3 O MÁS VISITAS,CUMPLE,SIN CLASIFICAR,1,SI,1
2026,2026-03-09,3,76823,TORO,ARO NORTE CARTAGO,CANINO,3 O MÁS VISITAS,CUMPLE,OBSERVADO SANO,3,SI,1
2026,2026-03-09,3,76863,VERSALLES,ARO NORTE CARTAGO,CANINO,1 VISITA,1 VISITA,NO OBSERVADO,1,NO,1
2026,2026-03-10,3,76041,ANSERMANUEVO,ARO NORTE CARTAGO,CANINO,3 O MÁS VISITAS,3 VISITAS FUERA DE 10 DÍAS O CON INCONSISTENCIA,SIN CLASIFICAR,2,SI,1
2026,2026-03-10,3,76041,ANSERMANUEVO,ARO NORTE CARTAGO,CANINO,3 O MÁS VISITAS,CUMPLE,SIN CLASIFICAR,1,SI,1
2026,2026-03-10,3,76054,ARGELIA,ARO NORTE CARTAGO,CANINO,3 O MÁS VISITAS,3 VISITAS FUERA DE 10 DÍAS O CON INCONSISTENCIA,SIN CLASIFICAR,2,NO,2
2026,2026-03-10,3,76113,BUGALAGRANDE,ARO CENTRO TULUA,CANINO,1 VISITA,1 VISITA,SIN CLASIFICAR,1,SI,2
2026,2026-03-10,3,76828,TRUJILLO,ARO CENTRO TULUA,CANINO,1 VISITA,1 VISITA,PERDIDO O DESAPARECIDO,1,SI,1
2026,2026-03-10,3,76828,TRUJILLO,ARO CENTRO TULUA,CANINO,2 VISITAS,2 VISITAS,SIN CLASIFICAR,2,NO,1
2026,2026-03-10,3,76828,TRUJILLO,ARO CENTRO TULUA,CANINO,2 VISITAS,2 VISITAS,SIN CLASIFICAR,2,SI,1
2026,2026-03-10,3,76890,YOTOCO,ARO CENTRO TULUA,CANINO,1 VISITA,1 VISITA,PERDIDO O DESAPARECIDO,1,SI,1
2026,2026-03-10,3,76895,ZARZAL,ARO CENTRO TULUA,CANINO,1 VISITA,1 VISITA,SIN CLASIFICAR,1,SI,1
2026,2026-03-10,3,76895,ZARZAL,ARO CENTRO TULUA,CANINO,2 VISITAS,2 VISITAS,SIN CLASIFICAR,1,SI,1
2026,2026-03-10,3,76895,ZARZAL,ARO CENTRO TULUA,FELINO,2 VISITAS,2 VISITAS,SIN CLASIFICAR,1,SI,2
2026,2026-03-11,3,76036,ANDALUCIA,ARO CENTRO TULUA,CANINO,3 O MÁS VISITAS,CUMPLE,SIN CLASIFICAR,2,SI,1
2026,2026-03-11,3,76041,ANSERMANUEVO,ARO NORTE CARTAGO,CANINO,1 VISITA,1 VISITA,SIN CLASIFICAR,1,NO,1
2026,2026-03-11,3,76122,CAICEDONIA,ARO CENTRO TULUA,CANINO,1 VISITA,1 VISITA,CALLEJERO,1,SI,2
2026,2026-03-11,3,76122,CAICEDONIA,ARO CENTRO TULUA,CANINO,1 VISITA,1 VISITA,NO OBSERVABLE,1,SI,1
2026,2026-03-11,3,76122,CAICEDONIA,ARO CENTRO TULUA,CANINO,1 VISITA,1 VISITA,SIN CLASIFICAR,1,SI,2
2026,2026-03-11,3,76122,CAICEDONIA,ARO CENTRO TULUA,CANINO,2 VISITAS,2 VISITAS,OBSERVADO SANO,1,SI,1
2026,2026-03-11,3,76126,CALIMA,ARO CENTRO TULUA,CANINO,1 VISITA,1 VISITA,SIN CLASIFICAR,1,SI,2
2026,2026-03-11,3,76126,CALIMA,ARO CENTRO TULUA,FELINO,1 VISITA,1 VISITA,SIN CLASIFICAR,1,NO,1
2026,2026-03-11,3,76243,EL AGUILA,ARO NORTE CARTAGO,CANINO,3 O MÁS VISITAS,CUMPLE,SIN CLASIFICAR,1,SI,1
2026,2026-03-11,3,76318,GUACARI,ARO SUR CALI,CANINO,1 VISITA,1 VISITA,PERDIDO O DESAPARECIDO,1,NO,1
2026,2026-03-11,3,76318,GUACARI,ARO SUR CALI,CANINO,1 VISITA,1 VISITA,SIN CLASIFICAR,1,SI,1
2026,2026-03-11,3,76318,GUACARI,ARO SUR CALI,CANINO,3 O MÁS VISITAS,3 VISITAS FUERA DE 10 DÍAS O CON INCONSISTENCIA,SIN CLASIFICAR,3,NO,2
2026,2026-03-11,3,76606,RESTREPO,ARO CENTRO TULUA,CANINO,1 VISITA,1 VISITA,PERDIDO O DESAPARECIDO,1,SI,2
2026,2026-03-11,3,76606,RESTREPO,ARO CENTRO TULUA,CANINO,1 VISITA,1 VISITA,SIN CLASIFICAR,1,SI,1
2026,2026-03-11,3,76616,RIOFRIO,ARO CENTRO TULUA,CANINO,3 O MÁS VISITAS,3 VISITAS FUERA DE 10 DÍAS O CON INCONSISTENCIA,SIN CLASIFICAR,2,SI,1
2026,2026-03-11,3,76616,RIOFRIO,ARO CENTRO TULUA,CANINO,3 O MÁS VISITAS,CUMPLE,CON SIGNOS REPORTADOS,2,SI,1
2026,2026-03-11,3,76616,RIOFRIO,ARO CENTRO TULUA,CANINO,3 O MÁS VISITAS,CUMPLE,SIN CLASIFICAR,2,SI,1
2026,2026-03-12,3,76054,ARGELIA,ARO NORTE CARTAGO,CANINO,3 O MÁS VISITAS,3 VISITAS FUERA DE 10 DÍAS O CON INCONSISTENCIA,SIN CLASIFICAR,3,NO,2
2026,2026-03-12,3,76233,DAGUA,ARO SUR CALI,CANINO,1 VISITA,1 VISITA,PERDIDO O DESAPARECIDO,1,NO,1
2026,2026-03-12,3,76233,DAGUA,ARO SUR CALI,CANINO,1 VISITA,1 VISITA,PERDIDO O DESAPARECIDO,1,SI,1
2026,2026-03-12,3,76233,DAGUA,ARO SUR CALI,CANINO,1 VISITA,1 VISITA,SIN CLASIFICAR,1,NO,2
2026,2026-03-12,3,76233,DAGUA,ARO SUR CALI,CANINO,2 VISITAS,2 VISITAS,SIN CLASIFICAR,1,SI,1
2026,2026-03-12,3,76233,DAGUA,ARO SUR CALI,FELINO,1 VISITA,1 VISITA,SIN CLASIFICAR,1,NO,1
2026,2026-03-12,3,76250,EL DOVIO,ARO NORTE CARTAGO,CANINO,1 VISITA,1 VISITA,NO OBSERVADO,1,SI,2
2026,2026-03-12,3,76250,EL DOVIO,ARO NORTE CARTAGO,CANINO,3 O MÁS VISITAS,CUMPLE,OBSERVADO SANO,1,SI,1
2026,2026-03-12,3,76250,EL DOVIO,ARO NORTE CARTAGO,FELINO,1 VISITA,1 VISITA,NO OBSERVADO,1,NO,1
2026,2026-03-12,3,76275,FLORIDA,ARO SUR CALI,CANINO,1 VISITA,1 VISITA,PERDIDO O DESAPARECIDO,1,SI,1
2026,2026-03-12,3,76275,FLORIDA,ARO SUR CALI,CANINO,1 VISITA,1 VISITA,SIN CLASIFICAR,1,SI,1
2026,2026-03-12,3,76275,FLORIDA,ARO SUR CALI,CANINO,2 VISITAS,2 VISITAS,CALLEJERO,2,SI,1
2026,2026-03-12,3,76275,FLORIDA,ARO SUR CALI,FELINO,2 VISITAS,2 VISITAS,SIN CLASIFICAR,1,SI,1
2026,2026-03-12,3,76306,GINEBRA,ARO SUR CALI,CANINO,1 VISITA,1 VISITA,PERDIDO O DESAPARECIDO,1,NO,1
2026,2026-03-12,3,76306,GINEBRA,ARO SUR CALI,CANINO,1 VISITA,1 VISITA,PERDIDO O DESAPARECIDO,1,SI,1
2026,2026-03-12,3,76318,GUACARI,ARO SUR CALI,CANINO,1 VISITA,1 VISITA,PERDIDO O DESAPARECIDO,1,NO,2
2026,2026-03-12,3,76318,GUACARI,ARO SUR CALI,CANINO,1 VISITA,1 VISITA,SIN CLASIFICAR,1,NO,1
2026,2026-03-12,3,76318,GUACARI,ARO SUR CALI,FELINO,1 VISITA,1 VISITA,PERDIDO O DESAPARECIDO,1,SI,1
2026,2026-03-12,3,76403,LA VICTORIA,ARO NORTE CARTAGO,CANINO,1 VISITA,1 VISITA,OBSERVADO SANO,1,NO,1
2026,2026-03-12,3,76403,LA VICTORIA,ARO NORTE CARTAGO,CANINO,1 VISITA,1 VISITA,PERDIDO O DESAPARECIDO,1,NO,1
2026,2026-03-12,3,76403,LA VICTORIA,ARO NORTE CARTAGO,CANINO,3 O MÁS VISITAS,3 VISITAS FUERA DE 10 DÍAS O CON INCONSISTENCIA,OBSERVADO SANO,1,SI,1
2026,2026-03-12,3,76403,LA VICTORIA,ARO NORTE CARTAGO,OTRO,1 VISITA,1 VISITA,NO OBSERVABLE,1,SI,1
2026,2026-03-12,3,76622,ROLDANILLO,ARO NORTE CARTAGO,CANINO,1 VISITA,1 VISITA,NO OBSERVABLE,1,NO,2
2026,2026-03-12,3,76622,ROLDANILLO,ARO NORTE CARTAGO,CANINO,1 VISITA,1 VISITA,NO OBSERVABLE,1,SI,1
2026,2026-03-12,3,76622,ROLDANILLO,ARO NORTE CARTAGO,CANINO,1 VISITA,1 VISITA,NO OBSERVADO,1,NO,3
2026,2026-03-12,3,76622,ROLDANILLO,ARO NORTE CARTAGO,CANINO,1 VISITA,1 VISITA,NO OBSERVADO,1,SI,2
2026,2026-03-12,3,76622,ROLDANILLO,ARO NORTE CARTAGO,CANINO,1 VISITA,1 VISITA,OBSERVADO SANO,1,NO,2
2026,2026-03-12,3,76622,ROLDANILLO,ARO NORTE CARTAGO,FELINO,1 VISITA,1 VISITA,NO OBSERVADO,1,NO,1
2026,2026-03-12,3,76622,ROLDANILLO,ARO NORTE CARTAGO,FELINO,1 VISITA,1 VISITA,OBSERVADO SANO,1,NO,1
2026,2026-03-12,3,76622,ROLDANILLO,ARO NORTE CARTAGO,FELINO,1 VISITA,1 VISITA,OBSERVADO SANO,1,SI,3
2026,2026-03-12,3,76823,TORO,ARO NORTE CARTAGO,CANINO,1 VISITA,1 VISITA,NO OBSERVABLE,1,SI,1
2026,2026-03-12,3,76823,TORO,ARO NORTE CARTAGO,CANINO,2 VISITAS,2 VISITAS,OBSERVADO SANO,1,NO,1
2026,2026-03-12,3,76823,TORO,ARO NORTE CARTAGO,FELINO,1 VISITA,1 VISITA,NO OBSERVABLE,1,SI,1
2026,2026-03-13,3,76020,ALCALA,ARO NORTE CARTAGO,CANINO,2 VISITAS,2 VISITAS,OBSERVADO SANO,1,SI,2
2026,2026-03-13,3,76020,ALCALA,ARO NORTE CARTAGO,FELINO,2 VISITAS,2 VISITAS,NO OBSERVABLE,1,SI,2
2026,2026-03-13,3,76036,ANDALUCIA,ARO CENTRO TULUA,CANINO,3 O MÁS VISITAS,CUMPLE,SIN CLASIFICAR,3,SI,1
2026,2026-03-13,3,76100,BOLIVAR,ARO CENTRO TULUA,CANINO,1 VISITA,1 VISITA,PERDIDO O DESAPARECIDO,1,NO,1
2026,2026-03-13,3,76100,BOLIVAR,ARO CENTRO TULUA,CANINO,2 VISITAS,2 VISITAS,SIN CLASIFICAR,1,NO,1
2026,2026-03-13,3,76100,BOLIVAR,ARO CENTRO TULUA,CANINO,2 VISITAS,2 VISITAS,SIN CLASIFICAR,1,SI,1
2026,2026-03-13,3,76122,CAICEDONIA,ARO CENTRO TULUA,CANINO,2 VISITAS,2 VISITAS,OBSERVADO SANO,2,SI,1
2026,2026-03-13,3,76403,LA VICTORIA,ARO NORTE CARTAGO,CANINO,3 O MÁS VISITAS,3 VISITAS FUERA DE 10 DÍAS O CON INCONSISTENCIA,OBSERVADO SANO,2,SI,1
2026,2026-03-13,3,76606,RESTREPO,ARO CENTRO TULUA,CANINO,1 VISITA,1 VISITA,PERDIDO O DESAPARECIDO,1,SI,1
2026,2026-03-13,3,76616,RIOFRIO,ARO CENTRO TULUA,CANINO,3 O MÁS VISITAS,3 VISITAS FUERA DE 10 DÍAS O CON INCONSISTENCIA,SIN CLASIFICAR,3,NO,1
2026,2026-03-13,3,76616,RIOFRIO,ARO CENTRO TULUA,CANINO,3 O MÁS VISITAS,CUMPLE,CON SIGNOS REPORTADOS,3,SI,1
2026,2026-03-13,3,76616,RIOFRIO,ARO CENTRO TULUA,CANINO,3 O MÁS VISITAS,CUMPLE,SIN CLASIFICAR,3,SI,1
2026,2026-03-13,3,76670,SAN PEDRO,ARO CENTRO TULUA,CANINO,1 VISITA,1 VISITA,SIN CLASIFICAR,1,NO,2
2026,2026-03-13,3,76670,SAN PEDRO,ARO CENTRO TULUA,FELINO,1 VISITA,1 VISITA,SIN CLASIFICAR,1,NO,1
2026,2026-03-13,3,76736,SEVILLA,ARO CENTRO TULUA,CANINO,1 VISITA,1 VISITA,CALLEJERO,1,SI,1
2026,2026-03-13,3,76736,SEVILLA,ARO CENTRO TULUA,CANINO,1 VISITA,1 VISITA,SIN CLASIFICAR,1,SI,1
2026,2026-03-13,3,76736,SEVILLA,ARO CENTRO TULUA,CANINO,2 VISITAS,2 VISITAS,OBSERVADO SANO,1,NO,1
2026,2026-03-13,3,76736,SEVILLA,ARO CENTRO TULUA,CANINO,2 VISITAS,2 VISITAS,OBSERVADO SANO,1,SI,1
2026,2026-03-13,3,76895,ZARZAL,ARO CENTRO TULUA,CANINO,1 VISITA,1 VISITA,CALLEJERO,1,SI,2
2026,2026-03-13,3,76895,ZARZAL,ARO CENTRO TULUA,CANINO,2 VISITAS,2 VISITAS,SIN CLASIFICAR,2,SI,1
2026,2026-03-13,3,76895,ZARZAL,ARO CENTRO TULUA,FELINO,1 VISITA,1 VISITA,SIN CLASIFICAR,1,SI,2
2026,2026-03-13,3,76895,ZARZAL,ARO CENTRO TULUA,FELINO,2 VISITAS,2 VISITAS,SIN CLASIFICAR,2,SI,2
2026,2026-03-14,3,76041,ANSERMANUEVO,ARO NORTE CARTAGO,CANINO,3 O MÁS VISITAS,CUMPLE,SIN CLASIFICAR,2,SI,1
2026,2026-03-14,3,76243,EL AGUILA,ARO NORTE CARTAGO,CANINO,3 O MÁS VISITAS,CUMPLE,SIN CLASIFICAR,2,SI,1
2026,2026-03-16,3,76020,ALCALA,ARO NORTE CARTAGO,CANINO,1 VISITA,1 VISITA,NO OBSERVABLE,1,SI,1
2026,2026-03-16,3,76020,ALCALA,ARO NORTE CARTAGO,CANINO,1 VISITA,1 VISITA,NO OBSERVADO,1,NO,1
2026,2026-03-16,3,76020,ALCALA,ARO NORTE CARTAGO,CANINO,2 VISITAS,2 VISITAS,NO OBSERVABLE,1,SI,1
2026,2026-03-16,3,76020,ALCALA,ARO NORTE CARTAGO,CANINO,2 VISITAS,2 VISITAS,OBSERVADO SANO,2,SI,1
2026,2026-03-16,3,76020,ALCALA,ARO NORTE CARTAGO,FELINO,2 VISITAS,2 VISITAS,NO OBSERVABLE,2,NO,2
2026,2026-03-16,3,76041,ANSERMANUEVO,ARO NORTE CARTAGO,CANINO,3 O MÁS VISITAS,3 VISITAS FUERA DE 10 DÍAS O CON INCONSISTENCIA,SIN CLASIFICAR,3,NO,1
2026,2026-03-16,3,76041,ANSERMANUEVO,ARO NORTE CARTAGO,CANINO,3 O MÁS VISITAS,CUMPLE,SIN CLASIFICAR,3,SI,1
2026,2026-03-16,3,76100,BOLIVAR,ARO CENTRO TULUA,CANINO,2 VISITAS,2 VISITAS,SIN CLASIFICAR,2,NO,2
2026,2026-03-16,3,76243,EL AGUILA,ARO NORTE CARTAGO,CANINO,1 VISITA,1 VISITA,SIN CLASIFICAR,1,SI,1
2026,2026-03-16,3,76243,EL AGUILA,ARO NORTE CARTAGO,CANINO,3 O MÁS VISITAS,CUMPLE,SIN CLASIFICAR,3,SI,1
2026,2026-03-16,3,76250,EL DOVIO,ARO NORTE CARTAGO,CANINO,3 O MÁS VISITAS,CUMPLE,OBSERVADO SANO,2,SI,1
2026,2026-03-16,3,76497,OBANDO,ARO NORTE CARTAGO,CANINO,1 VISITA,1 VISITA,NO OBSERVABLE,1,SI,1
2026,2026-03-16,3,76497,OBANDO,ARO NORTE CARTAGO,CANINO,1 VISITA,1 VISITA,PERDIDO O DESAPARECIDO,1,SI,1
2026,2026-03-16,3,76736,SEVILLA,ARO CENTRO TULUA,CANINO,2 VISITAS,2 VISITAS,OBSERVADO SANO,2,NO,1
2026,2026-03-16,3,76736,SEVILLA,ARO CENTRO TULUA,CANINO,2 VISITAS,2 VISITAS,OBSERVADO SANO,2,SI,1
2026,2026-03-16,3,76823,TORO,ARO NORTE CARTAGO,CANINO,2 VISITAS,2 VISITAS,OBSERVADO SANO,2,NO,1
2026,2026-03-16,3,76845,ULLOA,ARO NORTE CARTAGO,CANINO,1 VISITA,1 VISITA,NO OBSERVADO,1,SI,1
2026,2026-03-16,3,76890,YOTOCO,ARO CENTRO TULUA,FELINO,1 VISITA,1 VISITA,PERDIDO O DESAPARECIDO,1,SI,1
2026,2026-03-17,3,76020,ALCALA,ARO NORTE CARTAGO,CANINO,2 VISITAS,2 VISITAS,OBSERVADO SANO,2,SI,1
2026,2026-03-17,3,76041,ANSERMANUEVO,ARO NORTE CARTAGO,CANINO,1 VISITA,1 VISITA,SIN CLASIFICAR,1,SI,1
2026,2026-03-17,3,76041,ANSERMANUEVO,ARO NORTE CARTAGO,OTRO,1 VISITA,1 VISITA,SIN CLASIFICAR,1,SI,1
2026,2026-03-17,3,76122,CAICEDONIA,ARO CENTRO TULUA,CANINO,1 VISITA,1 VISITA,CALLEJERO,1,SI,3
2026,2026-03-17,3,76122,CAICEDONIA,ARO CENTRO TULUA,CANINO,1 VISITA,1 VISITA,NO OBSERVABLE,1,SI,1
2026,2026-03-17,3,76122,CAICEDONIA,ARO CENTRO TULUA,CANINO,2 VISITAS,2 VISITAS,SIN CLASIFICAR,1,SI,1
2026,2026-03-17,3,76400,LA UNION,ARO NORTE CARTAGO,CANINO,1 VISITA,1 VISITA,NO OBSERVABLE,1,SI,1
2026,2026-03-17,3,76400,LA UNION,ARO NORTE CARTAGO,CANINO,1 VISITA,1 VISITA,PERDIDO O DESAPARECIDO,1,SI,1
2026,2026-03-17,3,76497,OBANDO,ARO NORTE CARTAGO,CANINO,1 VISITA,1 VISITA,NO OBSERVADO,1,SI,1
2026,2026-03-18,3,76122,CAICEDONIA,ARO CENTRO TULUA,CANINO,1 VISITA,1 VISITA,CALLEJERO,1,SI,1
2026,2026-03-18,3,76122,CAICEDONIA,ARO CENTRO TULUA,CANINO,1 VISITA,1 VISITA,NO OBSERVABLE,1,SI,2
2026,2026-03-18,3,76126,CALIMA,ARO CENTRO TULUA,CANINO,1 VISITA,1 VISITA,SIN CLASIFICAR,1,SI,1
2026,2026-03-18,3,76403,LA VICTORIA,ARO NORTE CARTAGO,CANINO,3 O MÁS VISITAS,3 VISITAS FUERA DE 10 DÍAS O CON INCONSISTENCIA,OBSERVADO SANO,3,NO,1
2026,2026-03-18,3,76497,OBANDO,ARO NORTE CARTAGO,CANINO,3 O MÁS VISITAS,3 VISITAS FUERA DE 10 DÍAS O CON INCONSISTENCIA,OBSERVADO SANO,2,SI,1
2026,2026-03-18,3,76563,PRADERA,ARO SUR CALI,CANINO,1 VISITA,1 VISITA,OBSERVADO SANO,1,SI,1
2026,2026-03-18,3,76563,PRADERA,ARO SUR CALI,CANINO,1 VISITA,1 VISITA,PERDIDO O DESAPARECIDO,1,NO,3
2026,2026-03-18,3,76563,PRADERA,ARO SUR CALI,CANINO,1 VISITA,1 VISITA,SIN CLASIFICAR,1,NO,1
2026,2026-03-18,3,76606,RESTREPO,ARO CENTRO TULUA,CANINO,1 VISITA,1 VISITA,PERDIDO O DESAPARECIDO,1,SI,1
2026,2026-03-18,3,76606,RESTREPO,ARO CENTRO TULUA,CANINO,1 VISITA,1 VISITA,SIN CLASIFICAR,1,NO,1
2026,2026-03-18,3,76606,RESTREPO,ARO CENTRO TULUA,CANINO,1 VISITA,1 VISITA,SIN CLASIFICAR,1,SI,1
2026,2026-03-18,3,76828,TRUJILLO,ARO CENTRO TULUA,CANINO,1 VISITA,1 VISITA,PERDIDO O DESAPARECIDO,1,SI,1
2026,2026-03-18,3,76863,VERSALLES,ARO NORTE CARTAGO,CANINO,1 VISITA,1 VISITA,NO OBSERVABLE,1,NO,1
2026,2026-03-18,3,76863,VERSALLES,ARO NORTE CARTAGO,CANINO,1 VISITA,1 VISITA,NO OBSERVABLE,1,SI,1
2026,2026-03-18,3,76895,ZARZAL,ARO CENTRO TULUA,CANINO,1 VISITA,1 VISITA,CALLEJERO,1,SI,1
2026,2026-03-18,3,76895,ZARZAL,ARO CENTRO TULUA,FELINO,1 VISITA,1 VISITA,CALLEJERO,1,SI,1
2026,2026-03-19,3,76248,EL CERRITO,ARO SUR CALI,CANINO,1 VISITA,1 VISITA,PERDIDO O DESAPARECIDO,1,SI,4
2026,2026-03-19,3,76248,EL CERRITO,ARO SUR CALI,CANINO,1 VISITA,1 VISITA,SIN CLASIFICAR,1,NO,1
2026,2026-03-19,3,76248,EL CERRITO,ARO SUR CALI,CANINO,1 VISITA,1 VISITA,SIN CLASIFICAR,1,SI,3
2026,2026-03-19,3,76248,EL CERRITO,ARO SUR CALI,CANINO,2 VISITAS,2 VISITAS,SIN CLASIFICAR,1,SI,1
2026,2026-03-19,3,76248,EL CERRITO,ARO SUR CALI,FELINO,1 VISITA,1 VISITA,PERDIDO O DESAPARECIDO,1,NO,1
2026,2026-03-19,3,76248,EL CERRITO,ARO SUR CALI,FELINO,2 VISITAS,2 VISITAS,SIN CLASIFICAR,1,SI,1
2026,2026-03-19,3,76250,EL DOVIO,ARO NORTE CARTAGO,CANINO,3 O MÁS VISITAS,CUMPLE,OBSERVADO SANO,3,SI,1
2026,2026-03-19,3,76275,FLORIDA,ARO SUR CALI,CANINO,1 VISITA,1 VISITA,PERDIDO O DESAPARECIDO,1,SI,2
2026,2026-03-19,3,76275,FLORIDA,ARO SUR CALI,CANINO,2 VISITAS,2 VISITAS,PERDIDO O DESAPARECIDO,1,SI,3
2026,2026-03-19,3,76275,FLORIDA,ARO SUR CALI,CANINO,2 VISITAS,2 VISITAS,SIN CLASIFICAR,1,SI,1
2026,2026-03-19,3,76275,FLORIDA,ARO SUR CALI,FELINO,1 VISITA,1 VISITA,PERDIDO O DESAPARECIDO,1,SI,1
2026,2026-03-19,3,76275,FLORIDA,ARO SUR CALI,FELINO,2 VISITAS,2 VISITAS,PERDIDO O DESAPARECIDO,1,SI,1
2026,2026-03-19,3,76275,FLORIDA,ARO SUR CALI,FELINO,2 VISITAS,2 VISITAS,SIN CLASIFICAR,2,SI,1
2026,2026-03-19,3,76318,GUACARI,ARO SUR CALI,CANINO,1 VISITA,1 VISITA,MUERTO,1,SI,1
2026,2026-03-19,3,76318,GUACARI,ARO SUR CALI,CANINO,1 VISITA,1 VISITA,PERDIDO O DESAPARECIDO,1,NO,2
2026,2026-03-19,3,76318,GUACARI,ARO SUR CALI,CANINO,1 VISITA,1 VISITA,PERDIDO O DESAPARECIDO,1,SI,1
2026,2026-03-19,3,76670,SAN PEDRO,ARO CENTRO TULUA,CANINO,1 VISITA,1 VISITA,SIN CLASIFICAR,1,SI,1
2026,2026-03-19,3,76736,SEVILLA,ARO CENTRO TULUA,CANINO,1 VISITA,1 VISITA,CALLEJERO,1,SI,1
2026,2026-03-19,3,76736,SEVILLA,ARO CENTRO TULUA,CANINO,2 VISITAS,2 VISITAS,OBSERVADO SANO,1,SI,2
2026,2026-03-19,3,76736,SEVILLA,ARO CENTRO TULUA,FELINO,2 VISITAS,2 VISITAS,OBSERVADO SANO,1,NO,1
2026,2026-03-20,3,76020,ALCALA,ARO NORTE CARTAGO,CANINO,2 VISITAS,2 VISITAS,NO OBSERVABLE,2,SI,1
2026,2026-03-20,3,76054,ARGELIA,ARO NORTE CARTAGO,CANINO,1 VISITA,1 VISITA,NO OBSERVABLE,1,SI,1
2026,2026-03-20,3,76113,BUGALAGRANDE,ARO CENTRO TULUA,CANINO,1 VISITA,1 VISITA,SIN CLASIFICAR,1,NO,1
2026,2026-03-20,3,76113,BUGALAGRANDE,ARO CENTRO TULUA,CANINO,1 VISITA,1 VISITA,SIN CLASIFICAR,1,SI,1
2026,2026-03-20,3,76113,BUGALAGRANDE,ARO CENTRO TULUA,FELINO,1 VISITA,1 VISITA,SIN CLASIFICAR,1,SI,1
2026,2026-03-20,3,76246,EL CAIRO,ARO NORTE CARTAGO,CANINO,3 O MÁS VISITAS,3 VISITAS FUERA DE 10 DÍAS O CON INCONSISTENCIA,OBSERVADO SANO,1,SI,1
2026,2026-03-20,3,76318,GUACARI,ARO SUR CALI,CANINO,1 VISITA,1 VISITA,PERDIDO O DESAPARECIDO,1,NO,1
2026,2026-03-20,3,76318,GUACARI,ARO SUR CALI,CANINO,1 VISITA,1 VISITA,PERDIDO O DESAPARECIDO,1,SI,1
2026,2026-03-20,3,76318,GUACARI,ARO SUR CALI,FELINO,1 VISITA,1 VISITA,PERDIDO O DESAPARECIDO,1,NO,1
2026,2026-03-20,3,76377,LA CUMBRE,ARO SUR CALI,CANINO,1 VISITA,1 VISITA,PERDIDO O DESAPARECIDO,1,NO,4
2026,2026-03-20,3,76377,LA CUMBRE,ARO SUR CALI,CANINO,1 VISITA,1 VISITA,SIN CLASIFICAR,1,NO,3
2026,2026-03-20,3,76377,LA CUMBRE,ARO SUR CALI,FELINO,1 VISITA,1 VISITA,PERDIDO O DESAPARECIDO,1,NO,2
2026,2026-03-20,3,76377,LA CUMBRE,ARO SUR CALI,FELINO,1 VISITA,1 VISITA,SIN CLASIFICAR,1,NO,1
2026,2026-03-20,3,76670,SAN PEDRO,ARO CENTRO TULUA,CANINO,1 VISITA,1 VISITA,SIN CLASIFICAR,1,SI,1
2026,2026-03-20,3,76736,SEVILLA,ARO CENTRO TULUA,CANINO,1 VISITA,1 VISITA,NO OBSERVABLE,1,SI,1
2026,2026-03-20,3,76736,SEVILLA,ARO CENTRO TULUA,CANINO,2 VISITAS,2 VISITAS,OBSERVADO SANO,1,NO,1
2026,2026-03-20,3,76736,SEVILLA,ARO CENTRO TULUA,CANINO,2 VISITAS,2 VISITAS,OBSERVADO SANO,1,SI,1
2026,2026-03-20,3,76736,SEVILLA,ARO CENTRO TULUA,FELINO,2 VISITAS,2 VISITAS,CALLEJERO,1,SI,1
2026,2026-03-20,3,76736,SEVILLA,ARO CENTRO TULUA,FELINO,2 VISITAS,2 VISITAS,OBSERVADO SANO,1,NO,1
2026,2026-03-20,3,76823,TORO,ARO NORTE CARTAGO,CANINO,2 VISITAS,2 VISITAS,OBSERVADO SANO,1,SI,1
2026,2026-03-20,3,76823,TORO,ARO NORTE CARTAGO,FELINO,2 VISITAS,2 VISITAS,OBSERVADO SANO,1,SI,1
2026,2026-03-20,3,76890,YOTOCO,ARO CENTRO TULUA,CANINO,1 VISITA,1 VISITA,PERDIDO O DESAPARECIDO,1,SI,1
2026,2026-03-20,3,76890,YOTOCO,ARO CENTRO TULUA,CANINO,1 VISITA,1 VISITA,SIN CLASIFICAR,1,SI,1
2026,2026-03-21,3,76233,DAGUA,ARO SUR CALI,CANINO,1 VISITA,1 VISITA,PERDIDO O DESAPARECIDO,1,NO,1
2026,2026-03-21,3,76233,DAGUA,ARO SUR CALI,CANINO,1 VISITA,1 VISITA,PERDIDO O DESAPARECIDO,1,SI,4
2026,2026-03-21,3,76233,DAGUA,ARO SUR CALI,CANINO,1 VISITA,1 VISITA,SIN CLASIFICAR,1,NO,1
2026,2026-03-21,3,76233,DAGUA,ARO SUR CALI,CANINO,2 VISITAS,2 VISITAS,SIN CLASIFICAR,1,SI,1
2026,2026-03-21,3,76233,DAGUA,ARO SUR CALI,CANINO,2 VISITAS,2 VISITAS,SIN CLASIFICAR,2,NO,1
2026,2026-03-21,3,76243,EL AGUILA,ARO NORTE CARTAGO,CANINO,3 O MÁS VISITAS,CUMPLE,OBSERVADO SANO,1,SI,2
2026,2026-03-21,3,76275,FLORIDA,ARO SUR CALI,CANINO,1 VISITA,1 VISITA,SIN CLASIFICAR,1,NO,1
2026,2026-03-21,3,76275,FLORIDA,ARO SUR CALI,CANINO,2 VISITAS,2 VISITAS,PERDIDO O DESAPARECIDO,2,SI,3
2026,2026-03-21,3,76275,FLORIDA,ARO SUR CALI,CANINO,2 VISITAS,2 VISITAS,SIN CLASIFICAR,2,SI,1
2026,2026-03-21,3,76275,FLORIDA,ARO SUR CALI,FELINO,2 VISITAS,2 VISITAS,PERDIDO O DESAPARECIDO,2,SI,1
2026,2026-03-21,3,76400,LA UNION,ARO NORTE CARTAGO,CANINO,1 VISITA,1 VISITA,NO OBSERVABLE,1,SI,1
2026,2026-03-23,3,76497,OBANDO,ARO NORTE CARTAGO,CANINO,3 O MÁS VISITAS,3 VISITAS FUERA DE 10 DÍAS O CON INCONSISTENCIA,OBSERVADO SANO,3,SI,1
2026,2026-03-24,3,76036,ANDALUCIA,ARO CENTRO TULUA,CANINO,1 VISITA,1 VISITA,SIN CLASIFICAR,1,NO,1
2026,2026-03-24,3,76036,ANDALUCIA,ARO CENTRO TULUA,CANINO,3 O MÁS VISITAS,3 VISITAS FUERA DE 10 DÍAS O CON INCONSISTENCIA,SIN CLASIFICAR,1,NO,1
2026,2026-03-24,3,76036,ANDALUCIA,ARO CENTRO TULUA,CANINO,3 O MÁS VISITAS,CUMPLE,SIN CLASIFICAR,1,SI,1
2026,2026-03-24,3,76036,ANDALUCIA,ARO CENTRO TULUA,FELINO,3 O MÁS VISITAS,3 VISITAS FUERA DE 10 DÍAS O CON INCONSISTENCIA,SIN CLASIFICAR,2,NO,1
2026,2026-03-24,3,76243,EL AGUILA,ARO NORTE CARTAGO,CANINO,3 O MÁS VISITAS,CUMPLE,OBSERVADO SANO,2,SI,2
2026,2026-03-24,3,76246,EL CAIRO,ARO NORTE CARTAGO,CANINO,3 O MÁS VISITAS,3 VISITAS FUERA DE 10 DÍAS O CON INCONSISTENCIA,OBSERVADO SANO,2,SI,1
2026,2026-03-24,3,76497,OBANDO,ARO NORTE CARTAGO,CANINO,1 VISITA,1 VISITA,NO OBSERVADO,1,SI,1
2026,2026-03-24,3,76616,RIOFRIO,ARO CENTRO TULUA,CANINO,1 VISITA,1 VISITA,SIN CLASIFICAR,1,NO,1
2026,2026-03-24,3,76616,RIOFRIO,ARO CENTRO TULUA,CANINO,3 O MÁS VISITAS,3 VISITAS FUERA DE 10 DÍAS O CON INCONSISTENCIA,SIN CLASIFICAR,1,NO,1
2026,2026-03-24,3,76616,RIOFRIO,ARO CENTRO TULUA,CANINO,3 O MÁS VISITAS,3 VISITAS FUERA DE 10 DÍAS O CON INCONSISTENCIA,SIN CLASIFICAR,1,SI,1
2026,2026-03-24,3,76616,RIOFRIO,ARO CENTRO TULUA,CANINO,3 O MÁS VISITAS,CUMPLE,SIN CLASIFICAR,1,SI,1
2026,2026-03-24,3,76736,SEVILLA,ARO CENTRO TULUA,CANINO,2 VISITAS,2 VISITAS,OBSERVADO SANO,2,NO,3
2026,2026-03-24,3,76736,SEVILLA,ARO CENTRO TULUA,CANINO,2 VISITAS,2 VISITAS,OBSERVADO SANO,2,SI,1
2026,2026-03-24,3,76736,SEVILLA,ARO CENTRO TULUA,FELINO,2 VISITAS,2 VISITAS,OBSERVADO SANO,2,NO,2
2026,2026-03-24,3,76823,TORO,ARO NORTE CARTAGO,CANINO,2 VISITAS,2 VISITAS,OBSERVADO SANO,2,SI,1
2026,2026-03-24,3,76823,TORO,ARO NORTE CARTAGO,FELINO,2 VISITAS,2 VISITAS,OBSERVADO SANO,2,NO,1
2026,2026-03-25,3,76113,BUGALAGRANDE,ARO CENTRO TULUA,CANINO,2 VISITAS,2 VISITAS,SIN CLASIFICAR,1,SI,1
2026,2026-03-25,3,76122,CAICEDONIA,ARO CENTRO TULUA,CANINO,1 VISITA,1 VISITA,SIN CLASIFICAR,1,SI,1
2026,2026-03-25,3,76122,CAICEDONIA,ARO CENTRO TULUA,CANINO,2 VISITAS,2 VISITAS,NO OBSERVABLE,1,SI,1
2026,2026-03-25,3,76122,CAICEDONIA,ARO CENTRO TULUA,CANINO,2 VISITAS,2 VISITAS,OBSERVADO SANO,1,SI,2
2026,2026-03-25,3,76248,EL CERRITO,ARO SUR CALI,CANINO,1 VISITA,1 VISITA,PERDIDO O DESAPARECIDO,1,SI,5
2026,2026-03-25,3,76248,EL CERRITO,ARO SUR CALI,CANINO,1 VISITA,1 VISITA,SIN CLASIFICAR,1,SI,3
2026,2026-03-25,3,76248,EL CERRITO,ARO SUR CALI,CANINO,2 VISITAS,2 VISITAS,SIN CLASIFICAR,2,SI,1
2026,2026-03-25,3,76248,EL CERRITO,ARO SUR CALI,FELINO,1 VISITA,1 VISITA,SIN CLASIFICAR,1,SI,1
2026,2026-03-25,3,76248,EL CERRITO,ARO SUR CALI,FELINO,2 VISITAS,2 VISITAS,SIN CLASIFICAR,2,NO,1
2026,2026-03-25,3,76616,RIOFRIO,ARO CENTRO TULUA,CANINO,3 O MÁS VISITAS,3 VISITAS FUERA DE 10 DÍAS O CON INCONSISTENCIA,SIN CLASIFICAR,1,NO,1
2026,2026-03-25,3,76622,ROLDANILLO,ARO NORTE CARTAGO,CANINO,1 VISITA,1 VISITA,NO OBSERVABLE,1,SI,1
2026,2026-03-25,3,76622,ROLDANILLO,ARO NORTE CARTAGO,CANINO,1 VISITA,1 VISITA,NO OBSERVADO,1,NO,2
2026,2026-03-25,3,76622,ROLDANILLO,ARO NORTE CARTAGO,CANINO,1 VISITA,1 VISITA,NO OBSERVADO,1,SI,1
2026,2026-03-25,3,76622,ROLDANILLO,ARO NORTE CARTAGO,FELINO,1 VISITA,1 VISITA,NO OBSERVADO,1,NO,1
2026,2026-03-25,3,76622,ROLDANILLO,ARO NORTE CARTAGO,FELINO,1 VISITA,1 VISITA,OBSERVADO SANO,1,NO,1
2026,2026-03-25,3,76895,ZARZAL,ARO CENTRO TULUA,CANINO,1 VISITA,1 VISITA,CALLEJERO,1,SI,1
2026,2026-03-25,3,76895,ZARZAL,ARO CENTRO TULUA,CANINO,2 VISITAS,2 VISITAS,SIN CLASIFICAR,1,SI,3
2026,2026-03-26,3,76036,ANDALUCIA,ARO CENTRO TULUA,CANINO,3 O MÁS VISITAS,3 VISITAS FUERA DE 10 DÍAS O CON INCONSISTENCIA,SIN CLASIFICAR,2,NO,1
2026,2026-03-26,3,76036,ANDALUCIA,ARO CENTRO TULUA,CANINO,3 O MÁS VISITAS,CUMPLE,SIN CLASIFICAR,2,SI,1
2026,2026-03-26,3,76243,EL AGUILA,ARO NORTE CARTAGO,CANINO,3 O MÁS VISITAS,CUMPLE,OBSERVADO SANO,3,SI,2
2026,2026-03-26,3,76246,EL CAIRO,ARO NORTE CARTAGO,CANINO,3 O MÁS VISITAS,3 VISITAS FUERA DE 10 DÍAS O CON INCONSISTENCIA,OBSERVADO SANO,3,NO,1
2026,2026-03-26,3,76318,GUACARI,ARO SUR CALI,CANINO,1 VISITA,1 VISITA,PERDIDO O DESAPARECIDO,1,NO,1
2026,2026-03-26,3,76318,GUACARI,ARO SUR CALI,CANINO,1 VISITA,1 VISITA,PERDIDO O DESAPARECIDO,1,SI,1
2026,2026-03-26,3,76318,GUACARI,ARO SUR CALI,CANINO,2 VISITAS,2 VISITAS,OBSERVADO SANO,1,SI,1
2026,2026-03-26,3,76318,GUACARI,ARO SUR CALI,FELINO,2 VISITAS,2 VISITAS,OBSERVADO SANO,1,SI,1
2026,2026-03-26,3,76403,LA VICTORIA,ARO NORTE CARTAGO,CANINO,1 VISITA,1 VISITA,PERDIDO O DESAPARECIDO,1,SI,1
2026,2026-03-26,3,76403,LA VICTORIA,ARO NORTE CARTAGO,CANINO,3 O MÁS VISITAS,3 VISITAS FUERA DE 10 DÍAS O CON INCONSISTENCIA,OBSERVADO SANO,2,SI,1
2026,2026-03-26,3,76606,RESTREPO,ARO CENTRO TULUA,CANINO,1 VISITA,1 VISITA,PERDIDO O DESAPARECIDO,1,SI,2
2026,2026-03-26,3,76616,RIOFRIO,ARO CENTRO TULUA,CANINO,3 O MÁS VISITAS,3 VISITAS FUERA DE 10 DÍAS O CON INCONSISTENCIA,SIN CLASIFICAR,2,NO,1
2026,2026-03-26,3,76616,RIOFRIO,ARO CENTRO TULUA,CANINO,3 O MÁS VISITAS,3 VISITAS FUERA DE 10 DÍAS O CON INCONSISTENCIA,SIN CLASIFICAR,2,SI,1
2026,2026-03-26,3,76616,RIOFRIO,ARO CENTRO TULUA,CANINO,3 O MÁS VISITAS,CUMPLE,SIN CLASIFICAR,2,SI,1
2026,2026-03-26,3,76823,TORO,ARO NORTE CARTAGO,CANINO,1 VISITA,1 VISITA,NO OBSERVADO,1,NO,1
2026,2026-03-26,3,76823,TORO,ARO NORTE CARTAGO,CANINO,2 VISITAS,2 VISITAS,NO OBSERVADO,1,SI,1
2026,2026-03-27,3,76100,BOLIVAR,ARO CENTRO TULUA,CANINO,2 VISITAS,2 VISITAS,SIN CLASIFICAR,1,NO,1
2026,2026-03-27,3,76113,BUGALAGRANDE,ARO CENTRO TULUA,CANINO,1 VISITA,1 VISITA,SIN CLASIFICAR,1,NO,1
2026,2026-03-27,3,76113,BUGALAGRANDE,ARO CENTRO TULUA,CANINO,2 VISITAS,2 VISITAS,SIN CLASIFICAR,2,SI,1
2026,2026-03-27,3,76122,CAICEDONIA,ARO CENTRO TULUA,CANINO,2 VISITAS,2 VISITAS,NO OBSERVABLE,2,NO,1
2026,2026-03-27,3,76122,CAICEDONIA,ARO CENTRO TULUA,CANINO,2 VISITAS,2 VISITAS,OBSERVADO SANO,2,NO,2
2026,2026-03-27,3,76233,DAGUA,ARO SUR CALI,CANINO,1 VISITA,1 VISITA,PERDIDO O DESAPARECIDO,1,NO,1
2026,2026-03-27,3,76233,DAGUA,ARO SUR CALI,CANINO,1 VISITA,1 VISITA,PERDIDO O DESAPARECIDO,1,SI,2
2026,2026-03-27,3,76233,DAGUA,ARO SUR CALI,CANINO,2 VISITAS,2 VISITAS,SIN CLASIFICAR,1,SI,2
2026,2026-03-27,3,76233,DAGUA,ARO SUR CALI,FELINO,1 VISITA,1 VISITA,PERDIDO O DESAPARECIDO,1,SI,1
2026,2026-03-27,3,76616,RIOFRIO,ARO CENTRO TULUA,CANINO,3 O MÁS VISITAS,3 VISITAS FUERA DE 10 DÍAS O CON INCONSISTENCIA,SIN CLASIFICAR,2,NO,1
2026,2026-03-27,3,76890,YOTOCO,ARO CENTRO TULUA,CANINO,1 VISITA,1 VISITA,SIN CLASIFICAR,1,SI,1
2026,2026-03-27,3,76890,YOTOCO,ARO CENTRO TULUA,FELINO,1 VISITA,1 VISITA,SIN CLASIFICAR,1,SI,1
2026,2026-03-27,3,76890,YOTOCO,ARO CENTRO TULUA,OTRO,1 VISITA,1 VISITA,NO OBSERVABLE,1,SI,1
2026,2026-03-27,3,76895,ZARZAL,ARO CENTRO TULUA,CANINO,2 VISITAS,2 VISITAS,SIN CLASIFICAR,2,SI,3
2026,2026-03-28,3,76036,ANDALUCIA,ARO CENTRO TULUA,CANINO,3 O MÁS VISITAS,3 VISITAS FUERA DE 10 DÍAS O CON INCONSISTENCIA,SIN CLASIFICAR,3,NO,1
2026,2026-03-28,3,76036,ANDALUCIA,ARO CENTRO TULUA,CANINO,3 O MÁS VISITAS,CUMPLE,SIN CLASIFICAR,3,SI,1
2026,2026-03-28,3,76616,RIOFRIO,ARO CENTRO TULUA,CANINO,3 O MÁS VISITAS,3 VISITAS FUERA DE 10 DÍAS O CON INCONSISTENCIA,SIN CLASIFICAR,3,NO,2
2026,2026-03-28,3,76616,RIOFRIO,ARO CENTRO TULUA,CANINO,3 O MÁS VISITAS,CUMPLE,SIN CLASIFICAR,3,SI,1
2026,2026-03-30,3,76020,ALCALA,ARO NORTE CARTAGO,CANINO,1 VISITA,1 VISITA,NO OBSERVABLE,1,NO,1
2026,2026-03-30,3,76041,ANSERMANUEVO,ARO NORTE CARTAGO,CANINO,1 VISITA,1 VISITA,NO OBSERVADO,1,NO,1
2026,2026-03-30,3,76100,BOLIVAR,ARO CENTRO TULUA,CANINO,2 VISITAS,2 VISITAS,SIN CLASIFICAR,2,NO,1
2026,2026-03-30,3,76233,DAGUA,ARO SUR CALI,CANINO,1 VISITA,1 VISITA,PERDIDO O DESAPARECIDO,1,NO,4
2026,2026-03-30,3,76233,DAGUA,ARO SUR CALI,CANINO,1 VISITA,1 VISITA,SIN CLASIFICAR,1,NO,1
2026,2026-03-30,3,76246,EL CAIRO,ARO NORTE CARTAGO,CANINO,3 O MÁS VISITAS,3 VISITAS FUERA DE 10 DÍAS O CON INCONSISTENCIA,NO OBSERVADO,2,NO,1
2026,2026-03-30,3,76400,LA UNION,ARO NORTE CARTAGO,CANINO,1 VISITA,1 VISITA,PERDIDO O DESAPARECIDO,1,SI,2
2026,2026-03-30,3,76400,LA UNION,ARO NORTE CARTAGO,CANINO,3 O MÁS VISITAS,3 VISITAS FUERA DE 10 DÍAS O CON INCONSISTENCIA,OBSERVADO SANO,3,SI,1
2026,2026-03-30,3,76400,LA UNION,ARO NORTE CARTAGO,FELINO,3 O MÁS VISITAS,3 VISITAS FUERA DE 10 DÍAS O CON INCONSISTENCIA,OBSERVADO SANO,3,SI,2
2026,2026-03-30,3,76616,RIOFRIO,ARO CENTRO TULUA,CANINO,3 O MÁS VISITAS,3 VISITAS FUERA DE 10 DÍAS O CON INCONSISTENCIA,SIN CLASIFICAR,1,NO,2
2026,2026-03-30,3,76616,RIOFRIO,ARO CENTRO TULUA,CANINO,3 O MÁS VISITAS,3 VISITAS FUERA DE 10 DÍAS O CON INCONSISTENCIA,SIN CLASIFICAR,1,SI,1
2026,2026-03-30,3,76828,TRUJILLO,ARO CENTRO TULUA,CANINO,1 VISITA,1 VISITA,PERDIDO O DESAPARECIDO,1,NO,1
2026,2026-03-30,3,76828,TRUJILLO,ARO CENTRO TULUA,CANINO,1 VISITA,1 VISITA,PERDIDO O DESAPARECIDO,1,SI,1
2026,2026-03-30,3,76828,TRUJILLO,ARO CENTRO TULUA,CANINO,2 VISITAS,2 VISITAS,SIN CLASIFICAR,1,NO,1
2026,2026-03-30,3,76845,ULLOA,ARO NORTE CARTAGO,CANINO,1 VISITA,1 VISITA,NO OBSERVABLE,1,SI,1
2026,2026-03-30,3,76845,ULLOA,ARO NORTE CARTAGO,CANINO,2 VISITAS,2 VISITAS,OBSERVADO SANO,2,SI,1
2026,2026-03-31,3,76020,ALCALA,ARO NORTE CARTAGO,CANINO,1 VISITA,1 VISITA,OBSERVADO SANO,1,NO,1
2026,2026-03-31,3,76036,ANDALUCIA,ARO CENTRO TULUA,CANINO,1 VISITA,1 VISITA,CALLEJERO,1,NO,1
2026,2026-03-31,3,76036,ANDALUCIA,ARO CENTRO TULUA,CANINO,1 VISITA,1 VISITA,NO OBSERVABLE,1,NO,1
2026,2026-03-31,3,76036,ANDALUCIA,ARO CENTRO TULUA,CANINO,1 VISITA,1 VISITA,SIN CLASIFICAR,1,NO,1
2026,2026-03-31,3,76036,ANDALUCIA,ARO CENTRO TULUA,CANINO,1 VISITA,1 VISITA,SIN CLASIFICAR,1,SI,1
2026,2026-03-31,3,76036,ANDALUCIA,ARO CENTRO TULUA,FELINO,1 VISITA,1 VISITA,SIN CLASIFICAR,1,SI,1
2026,2026-03-31,3,76243,EL AGUILA,ARO NORTE CARTAGO,CANINO,1 VISITA,1 VISITA,NO OBSERVADO,1,SI,1
2026,2026-03-31,3,76403,LA VICTORIA,ARO NORTE CARTAGO,CANINO,2 VISITAS,2 VISITAS,OBSERVADO SANO,2,SI,1
2026,2026-03-31,3,76403,LA VICTORIA,ARO NORTE CARTAGO,CANINO,3 O MÁS VISITAS,3 VISITAS FUERA DE 10 DÍAS O CON INCONSISTENCIA,OBSERVADO SANO,3,SI,1
2026,2026-03-31,3,76606,RESTREPO,ARO CENTRO TULUA,CANINO,1 VISITA,1 VISITA,PERDIDO O DESAPARECIDO,1,NO,1
2026,2026-03-31,3,76606,RESTREPO,ARO CENTRO TULUA,CANINO,1 VISITA,1 VISITA,SIN CLASIFICAR,1,NO,1
2026,2026-03-31,3,76616,RIOFRIO,ARO CENTRO TULUA,CANINO,3 O MÁS VISITAS,3 VISITAS FUERA DE 10 DÍAS O CON INCONSISTENCIA,SIN CLASIFICAR,3,NO,1
2026,2026-03-31,3,76823,TORO,ARO NORTE CARTAGO,CANINO,2 VISITAS,2 VISITAS,NO OBSERVADO,2,NO,1
2026,2026-04-01,4,76400,LA UNION,ARO NORTE CARTAGO,CANINO,3 O MÁS VISITAS,3 VISITAS FUERA DE 10 DÍAS O CON INCONSISTENCIA,OBSERVADO SANO,1,SI,1
2026,2026-04-01,4,76400,LA UNION,ARO NORTE CARTAGO,FELINO,3 O MÁS VISITAS,3 VISITAS FUERA DE 10 DÍAS O CON INCONSISTENCIA,OBSERVADO SANO,1,SI,2
2026,2026-04-01,4,76497,OBANDO,ARO NORTE CARTAGO,CANINO,3 O MÁS VISITAS,3 VISITAS FUERA DE 10 DÍAS O CON INCONSISTENCIA,OBSERVADO SANO,1,NO,1
2026,2026-04-01,4,76616,RIOFRIO,ARO CENTRO TULUA,CANINO,3 O MÁS VISITAS,3 VISITAS FUERA DE 10 DÍAS O CON INCONSISTENCIA,SIN CLASIFICAR,2,NO,2
2026,2026-04-01,4,76616,RIOFRIO,ARO CENTRO TULUA,CANINO,3 O MÁS VISITAS,3 VISITAS FUERA DE 10 DÍAS O CON INCONSISTENCIA,SIN CLASIFICAR,2,SI,1
2026,2026-04-01,4,76895,ZARZAL,ARO CENTRO TULUA,CANINO,1 VISITA,1 VISITA,SIN CLASIFICAR,1,NO,1
2026,2026-04-01,4,76895,ZARZAL,ARO CENTRO TULUA,CANINO,1 VISITA,1 VISITA,SIN CLASIFICAR,1,SI,3
2026,2026-04-01,4,76895,ZARZAL,ARO CENTRO TULUA,FELINO,1 VISITA,1 VISITA,SIN CLASIFICAR,1,SI,1
2026,2026-04-03,4,76869,VIJES,ARO SUR CALI,CANINO,3 O MÁS VISITAS,3 VISITAS FUERA DE 10 DÍAS O CON INCONSISTENCIA,PERDIDO O DESAPARECIDO,1,NO,1
2026,2026-04-06,4,76041,ANSERMANUEVO,ARO NORTE CARTAGO,CANINO,1 VISITA,1 VISITA,NO OBSERVADO,1,SI,1
2026,2026-04-06,4,76041,ANSERMANUEVO,ARO NORTE CARTAGO,CANINO,3 O MÁS VISITAS,3 VISITAS FUERA DE 10 DÍAS O CON INCONSISTENCIA,OBSERVADO SANO,1,SI,1
2026,2026-04-06,4,76041,ANSERMANUEVO,ARO NORTE CARTAGO,FELINO,1 VISITA,1 VISITA,NO OBSERVADO,1,SI,1
2026,2026-04-06,4,76054,ARGELIA,ARO NORTE CARTAGO,CANINO,3 O MÁS VISITAS,CUMPLE,CON SIGNOS REPORTADOS,1,SI,1
2026,2026-04-06,4,76054,ARGELIA,ARO NORTE CARTAGO,CANINO,3 O MÁS VISITAS,CUMPLE,OBSERVADO SANO,1,SI,1
2026,2026-04-06,4,76100,BOLIVAR,ARO CENTRO TULUA,CANINO,2 VISITAS,2 VISITAS,SIN CLASIFICAR,1,NO,2
2026,2026-04-06,4,76100,BOLIVAR,ARO CENTRO TULUA,FELINO,1 VISITA,1 VISITA,PERDIDO O DESAPARECIDO,1,SI,1
2026,2026-04-06,4,76122,CAICEDONIA,ARO CENTRO TULUA,CANINO,1 VISITA,1 VISITA,CALLEJERO,1,NO,1
2026,2026-04-06,4,76122,CAICEDONIA,ARO CENTRO TULUA,CANINO,1 VISITA,1 VISITA,CALLEJERO,1,SI,1
2026,2026-04-06,4,76122,CAICEDONIA,ARO CENTRO TULUA,CANINO,1 VISITA,1 VISITA,NO OBSERVABLE,1,NO,1
2026,2026-04-06,4,76122,CAICEDONIA,ARO CENTRO TULUA,CANINO,1 VISITA,1 VISITA,SIN CLASIFICAR,1,NO,1
2026,2026-04-06,4,76122,CAICEDONIA,ARO CENTRO TULUA,CANINO,2 VISITAS,2 VISITAS,OBSERVADO SANO,1,SI,2
2026,2026-04-06,4,76122,CAICEDONIA,ARO CENTRO TULUA,CANINO,3 O MÁS VISITAS,3 VISITAS FUERA DE 10 DÍAS O CON INCONSISTENCIA,NO OBSERVABLE,1,SI,1
2026,2026-04-06,4,76243,EL AGUILA,ARO NORTE CARTAGO,CANINO,1 VISITA,1 VISITA,NO OBSERVADO,1,SI,2
2026,2026-04-06,4,76243,EL AGUILA,ARO NORTE CARTAGO,CANINO,3 O MÁS VISITAS,CUMPLE,OBSERVADO SANO,1,SI,2
2026,2026-04-06,4,76400,LA UNION,ARO NORTE CARTAGO,CANINO,3 O MÁS VISITAS,3 VISITAS FUERA DE 10 DÍAS O CON INCONSISTENCIA,OBSERVADO SANO,2,NO,1
2026,2026-04-06,4,76400,LA UNION,ARO NORTE CARTAGO,FELINO,3 O MÁS VISITAS,3 VISITAS FUERA DE 10 DÍAS O CON INCONSISTENCIA,OBSERVADO SANO,2,NO,1
2026,2026-04-06,4,76616,RIOFRIO,ARO CENTRO TULUA,CANINO,1 VISITA,1 VISITA,NO OBSERVABLE,1,NO,1
2026,2026-04-06,4,76616,RIOFRIO,ARO CENTRO TULUA,CANINO,1 VISITA,1 VISITA,SIN CLASIFICAR,1,NO,4
2026,2026-04-06,4,76616,RIOFRIO,ARO CENTRO TULUA,CANINO,3 O MÁS VISITAS,3 VISITAS FUERA DE 10 DÍAS O CON INCONSISTENCIA,SIN CLASIFICAR,3,NO,3
2026,2026-04-06,4,76828,TRUJILLO,ARO CENTRO TULUA,CANINO,1 VISITA,1 VISITA,PERDIDO O DESAPARECIDO,1,SI,1
2026,2026-04-06,4,76828,TRUJILLO,ARO CENTRO TULUA,CANINO,2 VISITAS,2 VISITAS,SIN CLASIFICAR,1,NO,2
2026,2026-04-06,4,76828,TRUJILLO,ARO CENTRO TULUA,CANINO,2 VISITAS,2 VISITAS,SIN CLASIFICAR,2,NO,1
2026,2026-04-06,4,76869,VIJES,ARO SUR CALI,CANINO,2 VISITAS,2 VISITAS,PERDIDO O DESAPARECIDO,1,NO,1
2026,2026-04-06,4,76869,VIJES,ARO SUR CALI,CANINO,3 O MÁS VISITAS,3 VISITAS FUERA DE 10 DÍAS O CON INCONSISTENCIA,PERDIDO O DESAPARECIDO,2,NO,1
2026,2026-04-07,4,76054,ARGELIA,ARO NORTE CARTAGO,CANINO,3 O MÁS VISITAS,CUMPLE,CON SIGNOS REPORTADOS,2,SI,1
2026,2026-04-07,4,76113,BUGALAGRANDE,ARO CENTRO TULUA,CANINO,1 VISITA,1 VISITA,CALLEJERO,1,NO,1
2026,2026-04-07,4,76113,BUGALAGRANDE,ARO CENTRO TULUA,CANINO,1 VISITA,1 VISITA,CALLEJERO,1,SI,1
2026,2026-04-07,4,76113,BUGALAGRANDE,ARO CENTRO TULUA,CANINO,1 VISITA,1 VISITA,SIN CLASIFICAR,1,NO,1
2026,2026-04-07,4,76113,BUGALAGRANDE,ARO CENTRO TULUA,CANINO,2 VISITAS,2 VISITAS,SIN CLASIFICAR,1,SI,1
2026,2026-04-07,4,76113,BUGALAGRANDE,ARO CENTRO TULUA,FELINO,2 VISITAS,2 VISITAS,SIN CLASIFICAR,1,NO,1
2026,2026-04-07,4,76233,DAGUA,ARO SUR CALI,CANINO,1 VISITA,1 VISITA,PERDIDO O DESAPARECIDO,1,NO,2
2026,2026-04-07,4,76233,DAGUA,ARO SUR CALI,CANINO,1 VISITA,1 VISITA,SIN CLASIFICAR,1,NO,4
2026,2026-04-07,4,76233,DAGUA,ARO SUR CALI,FELINO,1 VISITA,1 VISITA,PERDIDO O DESAPARECIDO,1,NO,1
2026,2026-04-07,4,76400,LA UNION,ARO NORTE CARTAGO,CANINO,2 VISITAS,2 VISITAS,NO OBSERVABLE,1,SI,1
2026,2026-04-07,4,76400,LA UNION,ARO NORTE CARTAGO,FELINO,3 O MÁS VISITAS,3 VISITAS FUERA DE 10 DÍAS O CON INCONSISTENCIA,OBSERVADO SANO,2,SI,1
2026,2026-04-07,4,76869,VIJES,ARO SUR CALI,CANINO,2 VISITAS,2 VISITAS,PERDIDO O DESAPARECIDO,2,NO,1
2026,2026-04-07,4,76869,VIJES,ARO SUR CALI,CANINO,3 O MÁS VISITAS,3 VISITAS FUERA DE 10 DÍAS O CON INCONSISTENCIA,PERDIDO O DESAPARECIDO,3,NO,1
2026,2026-04-07,4,76895,ZARZAL,ARO CENTRO TULUA,CANINO,1 VISITA,1 VISITA,CALLEJERO,1,NO,1
2026,2026-04-07,4,76895,ZARZAL,ARO CENTRO TULUA,FELINO,1 VISITA,1 VISITA,SIN CLASIFICAR,1,SI,1
2026,2026-04-07,4,76895,ZARZAL,ARO CENTRO TULUA,OTRO,2 VISITAS,2 VISITAS,OBSERVADO SANO,1,NO,1
2026,2026-04-08,4,76054,ARGELIA,ARO NORTE CARTAGO,CANINO,3 O MÁS VISITAS,CUMPLE,OBSERVADO SANO,2,SI,1
2026,2026-04-08,4,76100,BOLIVAR,ARO CENTRO TULUA,CANINO,2 VISITAS,2 VISITAS,SIN CLASIFICAR,2,NO,2
2026,2026-04-08,4,76122,CAICEDONIA,ARO CENTRO TULUA,CANINO,2 VISITAS,2 VISITAS,OBSERVADO SANO,2,SI,1
2026,2026-04-08,4,76122,CAICEDONIA,ARO CENTRO TULUA,CANINO,3 O MÁS VISITAS,3 VISITAS FUERA DE 10 DÍAS O CON INCONSISTENCIA,NO OBSERVABLE,2,SI,1
2026,2026-04-08,4,76126,CALIMA,ARO CENTRO TULUA,CANINO,1 VISITA,1 VISITA,SIN CLASIFICAR,1,NO,1
2026,2026-04-08,4,76126,CALIMA,ARO CENTRO TULUA,CANINO,1 VISITA,1 VISITA,SIN CLASIFICAR,1,SI,8
2026,2026-04-08,4,76246,EL CAIRO,ARO NORTE CARTAGO,CANINO,3 O MÁS VISITAS,CUMPLE,OBSERVADO SANO,1,SI,1
2026,2026-04-08,4,76306,GINEBRA,ARO SUR CALI,CANINO,1 VISITA,1 VISITA,CON SIGNOS REPORTADOS,1,NO,1
2026,2026-04-08,4,76306,GINEBRA,ARO SUR CALI,CANINO,1 VISITA,1 VISITA,PERDIDO O DESAPARECIDO,1,SI,2
2026,2026-04-08,4,76306,GINEBRA,ARO SUR CALI,CANINO,1 VISITA,1 VISITA,SIN CLASIFICAR,1,NO,2
2026,2026-04-08,4,76306,GINEBRA,ARO SUR CALI,CANINO,2 VISITAS,2 VISITAS,SIN CLASIFICAR,1,SI,2
2026,2026-04-08,4,76400,LA UNION,ARO NORTE CARTAGO,CANINO,1 VISITA,1 VISITA,SIN CLASIFICAR,1,SI,1
2026,2026-04-08,4,76403,LA VICTORIA,ARO NORTE CARTAGO,CANINO,1 VISITA,1 VISITA,MUERTO,1,SI,1
2026,2026-04-08,4,76403,LA VICTORIA,ARO NORTE CARTAGO,CANINO,1 VISITA,1 VISITA,SIN CLASIFICAR,1,SI,1
2026,2026-04-08,4,76403,LA VICTORIA,ARO NORTE CARTAGO,CANINO,2 VISITAS,2 VISITAS,OBSERVADO SANO,1,NO,1
2026,2026-04-08,4,76403,LA VICTORIA,ARO NORTE CARTAGO,CANINO,3 O MÁS VISITAS,3 VISITAS FUERA DE 10 DÍAS O CON INCONSISTENCIA,OBSERVADO SANO,1,NO,1
2026,2026-04-08,4,76497,OBANDO,ARO NORTE CARTAGO,CANINO,1 VISITA,1 VISITA,PERDIDO O DESAPARECIDO,1,SI,1
2026,2026-04-08,4,76606,RESTREPO,ARO CENTRO TULUA,CANINO,1 VISITA,1 VISITA,PERDIDO O DESAPARECIDO,1,NO,3
2026,2026-04-08,4,76606,RESTREPO,ARO CENTRO TULUA,CANINO,1 VISITA,1 VISITA,PERDIDO O DESAPARECIDO,1,SI,5
2026,2026-04-08,4,76606,RESTREPO,ARO CENTRO TULUA,FELINO,1 VISITA,1 VISITA,PERDIDO O DESAPARECIDO,1,SI,1
2026,2026-04-08,4,76622,ROLDANILLO,ARO NORTE CARTAGO,CANINO,1 VISITA,1 VISITA,NO OBSERVABLE,1,SI,2
2026,2026-04-08,4,76622,ROLDANILLO,ARO NORTE CARTAGO,CANINO,1 VISITA,1 VISITA,NO OBSERVADO,1,SI,1
2026,2026-04-08,4,76622,ROLDANILLO,ARO NORTE CARTAGO,CANINO,1 VISITA,1 VISITA,OBSERVADO SANO,1,NO,2
2026,2026-04-08,4,76622,ROLDANILLO,ARO NORTE CARTAGO,CANINO,1 VISITA,1 VISITA,OBSERVADO SANO,1,SI,1
2026,2026-04-08,4,76736,SEVILLA,ARO CENTRO TULUA,CANINO,1 VISITA,1 VISITA,CALLEJERO,1,NO,1
2026,2026-04-08,4,76736,SEVILLA,ARO CENTRO TULUA,CANINO,1 VISITA,1 VISITA,NO OBSERVABLE,1,NO,2
2026,2026-04-08,4,76736,SEVILLA,ARO CENTRO TULUA,CANINO,1 VISITA,1 VISITA,SIN CLASIFICAR,1,NO,1
2026,2026-04-08,4,76736,SEVILLA,ARO CENTRO TULUA,CANINO,2 VISITAS,2 VISITAS,OBSERVADO SANO,1,NO,1
2026,2026-04-08,4,76736,SEVILLA,ARO CENTRO TULUA,FELINO,1 VISITA,1 VISITA,CALLEJERO,1,NO,1
2026,2026-04-08,4,76736,SEVILLA,ARO CENTRO TULUA,FELINO,2 VISITAS,2 VISITAS,OBSERVADO SANO,1,NO,1
2026,2026-04-08,4,76823,TORO,ARO NORTE CARTAGO,CANINO,1 VISITA,1 VISITA,NO OBSERVABLE,1,SI,1
2026,2026-04-08,4,76828,TRUJILLO,ARO CENTRO TULUA,CANINO,1 VISITA,1 VISITA,CALLEJERO,1,NO,1
2026,2026-04-08,4,76828,TRUJILLO,ARO CENTRO TULUA,CANINO,2 VISITAS,2 VISITAS,SIN CLASIFICAR,1,NO,1
2026,2026-04-08,4,76828,TRUJILLO,ARO CENTRO TULUA,CANINO,2 VISITAS,2 VISITAS,SIN CLASIFICAR,2,NO,2
2026,2026-04-08,4,76895,ZARZAL,ARO CENTRO TULUA,OTRO,2 VISITAS,2 VISITAS,OBSERVADO SANO,2,NO,1
2026,2026-04-09,4,76122,CAICEDONIA,ARO CENTRO TULUA,CANINO,1 VISITA,1 VISITA,NO OBSERVABLE,1,NO,1
2026,2026-04-09,4,76122,CAICEDONIA,ARO CENTRO TULUA,CANINO,1 VISITA,1 VISITA,SIN CLASIFICAR,1,SI,1
2026,2026-04-09,4,76122,CAICEDONIA,ARO CENTRO TULUA,CANINO,2 VISITAS,2 VISITAS,NO OBSERVABLE,1,SI,1
2026,2026-04-09,4,76122,CAICEDONIA,ARO CENTRO TULUA,CANINO,2 VISITAS,2 VISITAS,OBSERVADO SANO,1,SI,1
2026,2026-04-09,4,76122,CAICEDONIA,ARO CENTRO TULUA,CANINO,2 VISITAS,2 VISITAS,OBSERVADO SANO,2,SI,1
2026,2026-04-09,4,76122,CAICEDONIA,ARO CENTRO TULUA,CANINO,2 VISITAS,2 VISITAS,SIN CLASIFICAR,2,NO,1
2026,2026-04-09,4,76243,EL AGUILA,ARO NORTE CARTAGO,CANINO,1 VISITA,1 VISITA,NO OBSERVADO,1,SI,1
2026,2026-04-09,4,76243,EL AGUILA,ARO NORTE CARTAGO,CANINO,3 O MÁS VISITAS,CUMPLE,OBSERVADO SANO,2,SI,2
2026,2026-04-09,4,76246,EL CAIRO,ARO NORTE CARTAGO,FELINO,3 O MÁS VISITAS,CUMPLE,CON SIGNOS REPORTADOS,1,SI,1
2026,2026-04-09,4,76248,EL CERRITO,ARO SUR CALI,CANINO,1 VISITA,1 VISITA,PERDIDO O DESAPARECIDO,1,SI,1
2026,2026-04-09,4,76248,EL CERRITO,ARO SUR CALI,CANINO,1 VISITA,1 VISITA,SIN CLASIFICAR,1,NO,2
2026,2026-04-09,4,76248,EL CERRITO,ARO SUR CALI,CANINO,2 VISITAS,2 VISITAS,SIN CLASIFICAR,1,SI,2
2026,2026-04-09,4,76248,EL CERRITO,ARO SUR CALI,FELINO,1 VISITA,1 VISITA,SIN CLASIFICAR,1,NO,1
2026,2026-04-09,4,76497,OBANDO,ARO NORTE CARTAGO,FELINO,3 O MÁS VISITAS,CUMPLE,OBSERVADO SANO,1,SI,1
2026,2026-04-09,4,76670,SAN PEDRO,ARO CENTRO TULUA,CANINO,1 VISITA,1 VISITA,SIN CLASIFICAR,1,SI,2
2026,2026-04-09,4,76890,YOTOCO,ARO CENTRO TULUA,CANINO,1 VISITA,1 VISITA,PERDIDO O DESAPARECIDO,1,NO,2
2026,2026-04-09,4,76890,YOTOCO,ARO CENTRO TULUA,CANINO,1 VISITA,1 VISITA,SIN CLASIFICAR,1,NO,1
2026,2026-04-09,4,76890,YOTOCO,ARO CENTRO TULUA,CANINO,1 VISITA,1 VISITA,SIN CLASIFICAR,1,SI,1
2026,2026-04-09,4,76890,YOTOCO,ARO CENTRO TULUA,FELINO,1 VISITA,1 VISITA,SIN CLASIFICAR,1,NO,1
2026,2026-04-10,4,76036,ANDALUCIA,ARO CENTRO TULUA,CANINO,1 VISITA,1 VISITA,NO OBSERVABLE,1,NO,1
2026,2026-04-10,4,76041,ANSERMANUEVO,ARO NORTE CARTAGO,CANINO,3 O MÁS VISITAS,3 VISITAS FUERA DE 10 DÍAS O CON INCONSISTENCIA,OBSERVADO SANO,2,SI,1
2026,2026-04-10,4,76054,ARGELIA,ARO NORTE CARTAGO,CANINO,3 O MÁS VISITAS,CUMPLE,CON SIGNOS REPORTADOS,3,SI,1
2026,2026-04-10,4,76054,ARGELIA,ARO NORTE CARTAGO,CANINO,3 O MÁS VISITAS,CUMPLE,OBSERVADO SANO,3,SI,1
2026,2026-04-10,4,76113,BUGALAGRANDE,ARO CENTRO TULUA,CANINO,2 VISITAS,2 VISITAS,SIN CLASIFICAR,2,SI,1
2026,2026-04-10,4,76113,BUGALAGRANDE,ARO CENTRO TULUA,FELINO,2 VISITAS,2 VISITAS,SIN CLASIFICAR,2,NO,1
2026,2026-04-10,4,76122,CAICEDONIA,ARO CENTRO TULUA,CANINO,3 O MÁS VISITAS,3 VISITAS FUERA DE 10 DÍAS O CON INCONSISTENCIA,NO OBSERVABLE,3,NO,1
2026,2026-04-10,4,76246,EL CAIRO,ARO NORTE CARTAGO,CANINO,3 O MÁS VISITAS,CUMPLE,OBSERVADO SANO,2,SI,1
2026,2026-04-10,4,76377,LA CUMBRE,ARO SUR CALI,CANINO,1 VISITA,1 VISITA,PERDIDO O DESAPARECIDO,1,NO,2
2026,2026-04-10,4,76377,LA CUMBRE,ARO SUR CALI,CANINO,1 VISITA,1 VISITA,SIN CLASIFICAR,1,NO,1
2026,2026-04-10,4,76377,LA CUMBRE,ARO SUR CALI,CANINO,1 VISITA,1 VISITA,SIN CLASIFICAR,1,SI,1
2026,2026-04-10,4,76736,SEVILLA,ARO CENTRO TULUA,CANINO,1 VISITA,1 VISITA,CALLEJERO,1,NO,2
2026,2026-04-10,4,76736,SEVILLA,ARO CENTRO TULUA,CANINO,1 VISITA,1 VISITA,SIN CLASIFICAR,1,NO,2
2026,2026-04-10,4,76736,SEVILLA,ARO CENTRO TULUA,CANINO,2 VISITAS,2 VISITAS,OBSERVADO SANO,2,NO,1
2026,2026-04-10,4,76736,SEVILLA,ARO CENTRO TULUA,FELINO,1 VISITA,1 VISITA,SIN CLASIFICAR,1,NO,1
2026,2026-04-10,4,76736,SEVILLA,ARO CENTRO TULUA,FELINO,2 VISITAS,2 VISITAS,OBSERVADO SANO,2,NO,1
2026,2026-04-10,4,76845,ULLOA,ARO NORTE CARTAGO,CANINO,2 VISITAS,2 VISITAS,OBSERVADO SANO,1,NO,1
2026,2026-04-10,4,76869,VIJES,ARO SUR CALI,CANINO,1 VISITA,1 VISITA,CON SIGNOS REPORTADOS,1,NO,1
2026,2026-04-10,4,76869,VIJES,ARO SUR CALI,FELINO,1 VISITA,1 VISITA,CON SIGNOS REPORTADOS,1,NO,1
2026,2026-04-10,4,76869,VIJES,ARO SUR CALI,FELINO,1 VISITA,1 VISITA,CON SIGNOS REPORTADOS,1,SI,1
2026,2026-04-10,4,76895,ZARZAL,ARO CENTRO TULUA,CANINO,3 O MÁS VISITAS,3 VISITAS FUERA DE 10 DÍAS O CON INCONSISTENCIA,SIN CLASIFICAR,1,SI,3
2026,2026-04-10,4,76895,ZARZAL,ARO CENTRO TULUA,FELINO,1 VISITA,1 VISITA,SIN CLASIFICAR,1,SI,1
2026,2026-04-10,4,76895,ZARZAL,ARO CENTRO TULUA,FELINO,2 VISITAS,2 VISITAS,SIN CLASIFICAR,1,SI,1
2026,2026-04-11,4,76869,VIJES,ARO SUR CALI,CANINO,2 VISITAS,2 VISITAS,CON SIGNOS REPORTADOS,1,SI,1
2026,2026-04-13,4,76020,ALCALA,ARO NORTE CARTAGO,CANINO,2 VISITAS,2 VISITAS,NO OBSERVABLE,1,SI,2
2026,2026-04-13,4,76020,ALCALA,ARO NORTE CARTAGO,CANINO,2 VISITAS,2 VISITAS,NO OBSERVADO,1,SI,1
2026,2026-04-13,4,76020,ALCALA,ARO NORTE CARTAGO,FELINO,2 VISITAS,2 VISITAS,NO OBSERVADO,1,SI,1
2026,2026-04-13,4,76041,ANSERMANUEVO,ARO NORTE CARTAGO,CANINO,3 O MÁS VISITAS,3 VISITAS FUERA DE 10 DÍAS O CON INCONSISTENCIA,OBSERVADO SANO,3,NO,1
2026,2026-04-13,4,76122,CAICEDONIA,ARO CENTRO TULUA,CANINO,2 VISITAS,2 VISITAS,NO OBSERVABLE,2,SI,1
2026,2026-04-13,4,76122,CAICEDONIA,ARO CENTRO TULUA,CANINO,2 VISITAS,2 VISITAS,OBSERVADO SANO,2,SI,1
2026,2026-04-13,4,76243,EL AGUILA,ARO NORTE CARTAGO,CANINO,3 O MÁS VISITAS,CUMPLE,OBSERVADO SANO,3,SI,2
2026,2026-04-13,4,76246,EL CAIRO,ARO NORTE CARTAGO,CANINO,3 O MÁS VISITAS,CUMPLE,OBSERVADO SANO,3,SI,1
2026,2026-04-13,4,76400,LA UNION,ARO NORTE CARTAGO,CANINO,2 VISITAS,2 VISITAS,NO OBSERVABLE,2,SI,1
2026,2026-04-13,4,76400,LA UNION,ARO NORTE CARTAGO,FELINO,3 O MÁS VISITAS,CUMPLE,NO OBSERVABLE,1,SI,1
2026,2026-04-13,4,76497,OBANDO,ARO NORTE CARTAGO,CANINO,2 VISITAS,2 VISITAS,NO OBSERVABLE,1,SI,1
2026,2026-04-13,4,76497,OBANDO,ARO NORTE CARTAGO,CANINO,2 VISITAS,2 VISITAS,NO OBSERVABLE,2,SI,1
2026,2026-04-13,4,76497,OBANDO,ARO NORTE CARTAGO,FELINO,3 O MÁS VISITAS,CUMPLE,OBSERVADO SANO,2,SI,1
2026,2026-04-13,4,76622,ROLDANILLO,ARO NORTE CARTAGO,CANINO,1 VISITA,1 VISITA,NO OBSERVABLE,1,NO,5
2026,2026-04-13,4,76622,ROLDANILLO,ARO NORTE CARTAGO,CANINO,1 VISITA,1 VISITA,NO OBSERVABLE,1,SI,2
2026,2026-04-13,4,76895,ZARZAL,ARO CENTRO TULUA,FELINO,3 O MÁS VISITAS,CUMPLE,SIN CLASIFICAR,1,SI,1
2026,2026-04-14,4,76100,BOLIVAR,ARO CENTRO TULUA,CANINO,2 VISITAS,2 VISITAS,SIN CLASIFICAR,1,NO,2
2026,2026-04-14,4,76122,CAICEDONIA,ARO CENTRO TULUA,CANINO,1 VISITA,1 VISITA,CALLEJERO,1,SI,1
2026,2026-04-14,4,76122,CAICEDONIA,ARO CENTRO TULUA,CANINO,1 VISITA,1 VISITA,NO OBSERVABLE,1,SI,1
2026,2026-04-14,4,76275,FLORIDA,ARO SUR CALI,CANINO,1 VISITA,1 VISITA,PERDIDO O DESAPARECIDO,1,SI,3
2026,2026-04-14,4,76275,FLORIDA,ARO SUR CALI,CANINO,2 VISITAS,2 VISITAS,PERDIDO O DESAPARECIDO,1,SI,2
2026,2026-04-14,4,76275,FLORIDA,ARO SUR CALI,CANINO,2 VISITAS,2 VISITAS,SIN CLASIFICAR,1,SI,1
2026,2026-04-14,4,76275,FLORIDA,ARO SUR CALI,CANINO,2 VISITAS,2 VISITAS,SIN CLASIFICAR,2,SI,1
2026,2026-04-14,4,76318,GUACARI,ARO SUR CALI,CANINO,1 VISITA,1 VISITA,OBSERVADO SANO,1,NO,1
2026,2026-04-14,4,76318,GUACARI,ARO SUR CALI,CANINO,1 VISITA,1 VISITA,OBSERVADO SANO,1,SI,1
2026,2026-04-14,4,76318,GUACARI,ARO SUR CALI,CANINO,1 VISITA,1 VISITA,PERDIDO O DESAPARECIDO,1,NO,1
2026,2026-04-14,4,76318,GUACARI,ARO SUR CALI,CANINO,1 VISITA,1 VISITA,PERDIDO O DESAPARECIDO,1,SI,1
2026,2026-04-14,4,76497,OBANDO,ARO NORTE CARTAGO,FELINO,3 O MÁS VISITAS,CUMPLE,OBSERVADO SANO,3,SI,1
2026,2026-04-14,4,76890,YOTOCO,ARO CENTRO TULUA,CANINO,1 VISITA,1 VISITA,SIN CLASIFICAR,1,SI,1
2026,2026-04-15,4,76041,ANSERMANUEVO,ARO NORTE CARTAGO,CANINO,2 VISITAS,2 VISITAS,NO OBSERVABLE,1,NO,1
2026,2026-04-15,4,76041,ANSERMANUEVO,ARO NORTE CARTAGO,CANINO,2 VISITAS,2 VISITAS,NO OBSERVADO,1,SI,1
2026,2026-04-15,4,76041,ANSERMANUEVO,ARO NORTE CARTAGO,CANINO,3 O MÁS VISITAS,CUMPLE,SIN CLASIFICAR,1,SI,1
2026,2026-04-15,4,76041,ANSERMANUEVO,ARO NORTE CARTAGO,FELINO,2 VISITAS,2 VISITAS,NO OBSERVABLE,1,SI,1
2026,2026-04-15,4,76041,ANSERMANUEVO,ARO NORTE CARTAGO,FELINO,3 O MÁS VISITAS,CUMPLE,SIN CLASIFICAR,1,SI,1
2026,2026-04-15,4,76100,BOLIVAR,ARO CENTRO TULUA,CANINO,1 VISITA,1 VISITA,PERDIDO O DESAPARECIDO,1,SI,2
2026,2026-04-15,4,76233,DAGUA,ARO SUR CALI,CANINO,1 VISITA,1 VISITA,PERDIDO O DESAPARECIDO,1,NO,5
2026,2026-04-15,4,76233,DAGUA,ARO SUR CALI,CANINO,2 VISITAS,2 VISITAS,SIN CLASIFICAR,2,NO,2
2026,2026-04-15,4,76246,EL CAIRO,ARO NORTE CARTAGO,FELINO,3 O MÁS VISITAS,CUMPLE,CON SIGNOS REPORTADOS,2,SI,1
2026,2026-04-15,4,76250,EL DOVIO,ARO NORTE CARTAGO,CANINO,1 VISITA,1 VISITA,NO OBSERVADO,1,NO,1
2026,2026-04-15,4,76275,FLORIDA,ARO SUR CALI,CANINO,1 VISITA,1 VISITA,PERDIDO O DESAPARECIDO,1,SI,1
2026,2026-04-15,4,76275,FLORIDA,ARO SUR CALI,CANINO,2 VISITAS,2 VISITAS,PERDIDO O DESAPARECIDO,1,SI,3
2026,2026-04-15,4,76275,FLORIDA,ARO SUR CALI,CANINO,2 VISITAS,2 VISITAS,SIN CLASIFICAR,1,SI,1
2026,2026-04-15,4,76275,FLORIDA,ARO SUR CALI,FELINO,1 VISITA,1 VISITA,PERDIDO O DESAPARECIDO,1,SI,1
2026,2026-04-15,4,76306,GINEBRA,ARO SUR CALI,CANINO,1 VISITA,1 VISITA,SIN CLASIFICAR,1,SI,1
2026,2026-04-15,4,76306,GINEBRA,ARO SUR CALI,CANINO,2 VISITAS,2 VISITAS,SIN CLASIFICAR,2,SI,2
2026,2026-04-15,4,76318,GUACARI,ARO SUR CALI,CANINO,1 VISITA,1 VISITA,OBSERVADO SANO,1,NO,1
2026,2026-04-15,4,76318,GUACARI,ARO SUR CALI,CANINO,1 VISITA,1 VISITA,PERDIDO O DESAPARECIDO,1,NO,1
2026,2026-04-15,4,76318,GUACARI,ARO SUR CALI,FELINO,1 VISITA,1 VISITA,PERDIDO O DESAPARECIDO,1,NO,1
2026,2026-04-15,4,76400,LA UNION,ARO NORTE CARTAGO,FELINO,3 O MÁS VISITAS,CUMPLE,NO OBSERVABLE,2,SI,1
2026,2026-04-15,4,76736,SEVILLA,ARO CENTRO TULUA,CANINO,2 VISITAS,2 VISITAS,OBSERVADO SANO,1,NO,1
2026,2026-04-15,4,76869,VIJES,ARO SUR CALI,CANINO,2 VISITAS,2 VISITAS,CON SIGNOS REPORTADOS,2,NO,1
2026,2026-04-15,4,76895,ZARZAL,ARO CENTRO TULUA,CANINO,1 VISITA,1 VISITA,CALLEJERO,1,NO,2
2026,2026-04-15,4,76895,ZARZAL,ARO CENTRO TULUA,CANINO,1 VISITA,1 VISITA,CALLEJERO,1,SI,1
2026,2026-04-15,4,76895,ZARZAL,ARO CENTRO TULUA,CANINO,2 VISITAS,2 VISITAS,SIN CLASIFICAR,2,NO,1
2026,2026-04-15,4,76895,ZARZAL,ARO CENTRO TULUA,CANINO,3 O MÁS VISITAS,3 VISITAS FUERA DE 10 DÍAS O CON INCONSISTENCIA,SIN CLASIFICAR,2,NO,2
2026,2026-04-15,4,76895,ZARZAL,ARO CENTRO TULUA,CANINO,3 O MÁS VISITAS,3 VISITAS FUERA DE 10 DÍAS O CON INCONSISTENCIA,SIN CLASIFICAR,2,SI,1
2026,2026-04-15,4,76895,ZARZAL,ARO CENTRO TULUA,FELINO,1 VISITA,1 VISITA,SIN CLASIFICAR,1,SI,1
2026,2026-04-15,4,76895,ZARZAL,ARO CENTRO TULUA,FELINO,2 VISITAS,2 VISITAS,SIN CLASIFICAR,2,NO,1
2026,2026-04-15,4,76895,ZARZAL,ARO CENTRO TULUA,FELINO,3 O MÁS VISITAS,CUMPLE,SIN CLASIFICAR,2,SI,1
2026,2026-04-16,4,76041,ANSERMANUEVO,ARO NORTE CARTAGO,CANINO,2 VISITAS,2 VISITAS,NO OBSERVABLE,2,NO,1
2026,2026-04-16,4,76041,ANSERMANUEVO,ARO NORTE CARTAGO,CANINO,2 VISITAS,2 VISITAS,NO OBSERVADO,2,SI,1
2026,2026-04-16,4,76041,ANSERMANUEVO,ARO NORTE CARTAGO,CANINO,3 O MÁS VISITAS,CUMPLE,SIN CLASIFICAR,2,SI,1
2026,2026-04-16,4,76041,ANSERMANUEVO,ARO NORTE CARTAGO,FELINO,2 VISITAS,2 VISITAS,NO OBSERVABLE,2,SI,1
2026,2026-04-16,4,76041,ANSERMANUEVO,ARO NORTE CARTAGO,FELINO,3 O MÁS VISITAS,CUMPLE,SIN CLASIFICAR,2,SI,1
2026,2026-04-16,4,76113,BUGALAGRANDE,ARO CENTRO TULUA,CANINO,2 VISITAS,2 VISITAS,SIN CLASIFICAR,1,SI,1
2026,2026-04-16,4,76318,GUACARI,ARO SUR CALI,CANINO,2 VISITAS,2 VISITAS,OBSERVADO SANO,2,NO,1
2026,2026-04-16,4,76403,LA VICTORIA,ARO NORTE CARTAGO,CANINO,1 VISITA,1 VISITA,PERDIDO O DESAPARECIDO,1,NO,1
2026,2026-04-16,4,76403,LA VICTORIA,ARO NORTE CARTAGO,CANINO,2 VISITAS,2 VISITAS,OBSERVADO SANO,1,SI,3
2026,2026-04-16,4,76403,LA VICTORIA,ARO NORTE CARTAGO,SIN DATO,2 VISITAS,2 VISITAS,OBSERVADO SANO,1,SI,1
2026,2026-04-16,4,76606,RESTREPO,ARO CENTRO TULUA,CANINO,1 VISITA,1 VISITA,PERDIDO O DESAPARECIDO,1,SI,2
2026,2026-04-16,4,76606,RESTREPO,ARO CENTRO TULUA,CANINO,1 VISITA,1 VISITA,SIN CLASIFICAR,1,SI,1
2026,2026-04-16,4,76736,SEVILLA,ARO CENTRO TULUA,CANINO,1 VISITA,1 VISITA,CALLEJERO,1,SI,1
2026,2026-04-16,4,76736,SEVILLA,ARO CENTRO TULUA,CANINO,2 VISITAS,2 VISITAS,OBSERVADO SANO,1,SI,1
2026,2026-04-16,4,76823,TORO,ARO NORTE CARTAGO,CANINO,2 VISITAS,2 VISITAS,SIN CLASIFICAR,1,NO,1
2026,2026-04-16,4,76823,TORO,ARO NORTE CARTAGO,CANINO,2 VISITAS,2 VISITAS,SIN CLASIFICAR,1,SI,1
2026,2026-04-16,4,76823,TORO,ARO NORTE CARTAGO,FELINO,1 VISITA,1 VISITA,NO OBSERVABLE,1,NO,1
2026,2026-04-17,4,76020,ALCALA,ARO NORTE CARTAGO,CANINO,2 VISITAS,2 VISITAS,NO OBSERVABLE,2,SI,2
2026,2026-04-17,4,76020,ALCALA,ARO NORTE CARTAGO,CANINO,2 VISITAS,2 VISITAS,NO OBSERVADO,2,NO,1
2026,2026-04-17,4,76020,ALCALA,ARO NORTE CARTAGO,FELINO,2 VISITAS,2 VISITAS,NO OBSERVADO,2,SI,1
2026,2026-04-17,4,76041,ANSERMANUEVO,ARO NORTE CARTAGO,CANINO,1 VISITA,1 VISITA,NO OBSERVADO,1,SI,1
2026,2026-04-17,4,76041,ANSERMANUEVO,ARO NORTE CARTAGO,CANINO,3 O MÁS VISITAS,3 VISITAS FUERA DE 10 DÍAS O CON INCONSISTENCIA,SIN CLASIFICAR,1,NO,1
2026,2026-04-17,4,76041,ANSERMANUEVO,ARO NORTE CARTAGO,CANINO,3 O MÁS VISITAS,CUMPLE,SIN CLASIFICAR,3,SI,1
2026,2026-04-17,4,76041,ANSERMANUEVO,ARO NORTE CARTAGO,FELINO,3 O MÁS VISITAS,CUMPLE,SIN CLASIFICAR,3,SI,1
2026,2026-04-17,4,76100,BOLIVAR,ARO CENTRO TULUA,CANINO,2 VISITAS,2 VISITAS,SIN CLASIFICAR,2,NO,2
2026,2026-04-17,4,76126,CALIMA,ARO CENTRO TULUA,CANINO,1 VISITA,1 VISITA,SIN CLASIFICAR,1,SI,2
2026,2026-04-17,4,76246,EL CAIRO,ARO NORTE CARTAGO,FELINO,3 O MÁS VISITAS,CUMPLE,CON SIGNOS REPORTADOS,3,SI,1
2026,2026-04-17,4,76248,EL CERRITO,ARO SUR CALI,CANINO,1 VISITA,1 VISITA,PERDIDO O DESAPARECIDO,1,SI,1
2026,2026-04-17,4,76248,EL CERRITO,ARO SUR CALI,CANINO,1 VISITA,1 VISITA,SIN CLASIFICAR,1,NO,3
2026,2026-04-17,4,76248,EL CERRITO,ARO SUR CALI,CANINO,2 VISITAS,2 VISITAS,SIN CLASIFICAR,1,NO,1
2026,2026-04-17,4,76248,EL CERRITO,ARO SUR CALI,CANINO,2 VISITAS,2 VISITAS,SIN CLASIFICAR,2,NO,1
2026,2026-04-17,4,76248,EL CERRITO,ARO SUR CALI,CANINO,2 VISITAS,2 VISITAS,SIN CLASIFICAR,2,SI,1
2026,2026-04-17,4,76248,EL CERRITO,ARO SUR CALI,CANINO,3 O MÁS VISITAS,3 VISITAS FUERA DE 10 DÍAS O CON INCONSISTENCIA,SIN CLASIFICAR,1,SI,1
2026,2026-04-17,4,76377,LA CUMBRE,ARO SUR CALI,CANINO,1 VISITA,1 VISITA,PERDIDO O DESAPARECIDO,1,NO,1
2026,2026-04-17,4,76377,LA CUMBRE,ARO SUR CALI,CANINO,1 VISITA,1 VISITA,PERDIDO O DESAPARECIDO,1,SI,2
2026,2026-04-17,4,76377,LA CUMBRE,ARO SUR CALI,CANINO,1 VISITA,1 VISITA,SIN CLASIFICAR,1,NO,1
2026,2026-04-17,4,76377,LA CUMBRE,ARO SUR CALI,FELINO,1 VISITA,1 VISITA,SIN CLASIFICAR,1,SI,1
2026,2026-04-17,4,76400,LA UNION,ARO NORTE CARTAGO,FELINO,3 O MÁS VISITAS,CUMPLE,NO OBSERVABLE,3,SI,1
2026,2026-04-17,4,76736,SEVILLA,ARO CENTRO TULUA,CANINO,1 VISITA,1 VISITA,CALLEJERO,1,SI,1
2026,2026-04-17,4,76736,SEVILLA,ARO CENTRO TULUA,CANINO,1 VISITA,1 VISITA,SIN CLASIFICAR,1,NO,1
2026,2026-04-17,4,76736,SEVILLA,ARO CENTRO TULUA,CANINO,2 VISITAS,2 VISITAS,OBSERVADO SANO,2,NO,1
2026,2026-04-17,4,76736,SEVILLA,ARO CENTRO TULUA,FELINO,2 VISITAS,2 VISITAS,OBSERVADO SANO,1,SI,1
2026,2026-04-17,4,76828,TRUJILLO,ARO CENTRO TULUA,CANINO,1 VISITA,1 VISITA,PERDIDO O DESAPARECIDO,1,SI,1
2026,2026-04-17,4,76828,TRUJILLO,ARO CENTRO TULUA,CANINO,2 VISITAS,2 VISITAS,SIN CLASIFICAR,1,NO,1
2026,2026-04-17,4,76828,TRUJILLO,ARO CENTRO TULUA,CANINO,2 VISITAS,2 VISITAS,SIN CLASIFICAR,1,SI,1
2026,2026-04-17,4,76828,TRUJILLO,ARO CENTRO TULUA,CANINO,2 VISITAS,2 VISITAS,SIN CLASIFICAR,2,NO,1
2026,2026-04-17,4,76895,ZARZAL,ARO CENTRO TULUA,CANINO,3 O MÁS VISITAS,3 VISITAS FUERA DE 10 DÍAS O CON INCONSISTENCIA,SIN CLASIFICAR,3,NO,3
2026,2026-04-17,4,76895,ZARZAL,ARO CENTRO TULUA,FELINO,2 VISITAS,2 VISITAS,SIN CLASIFICAR,1,SI,1
2026,2026-04-17,4,76895,ZARZAL,ARO CENTRO TULUA,FELINO,3 O MÁS VISITAS,CUMPLE,SIN CLASIFICAR,3,SI,1
2026,2026-04-18,4,76054,ARGELIA,ARO NORTE CARTAGO,FELINO,1 VISITA,1 VISITA,CALLEJERO,1,SI,1
2026,2026-04-19,4,76054,ARGELIA,ARO NORTE CARTAGO,CANINO,3 O MÁS VISITAS,CUMPLE,NO OBSERVADO,1,SI,1
2026,2026-04-19,4,76054,ARGELIA,ARO NORTE CARTAGO,CANINO,3 O MÁS VISITAS,CUMPLE,OBSERVADO SANO,1,SI,1
2026,2026-04-19,4,76246,EL CAIRO,ARO NORTE CARTAGO,CANINO,1 VISITA,1 VISITA,SIN CLASIFICAR,1,SI,1
2026,2026-04-20,4,76054,ARGELIA,ARO NORTE CARTAGO,CANINO,3 O MÁS VISITAS,CUMPLE,NO OBSERVADO,2,SI,1
2026,2026-04-20,4,76054,ARGELIA,ARO NORTE CARTAGO,CANINO,3 O MÁS VISITAS,CUMPLE,OBSERVADO SANO,2,SI,1
2026,2026-04-20,4,76233,DAGUA,ARO SUR CALI,CANINO,1 VISITA,1 VISITA,CON SIGNOS REPORTADOS,1,NO,1
2026,2026-04-20,4,76233,DAGUA,ARO SUR CALI,CANINO,1 VISITA,1 VISITA,PERDIDO O DESAPARECIDO,1,NO,2
2026,2026-04-20,4,76233,DAGUA,ARO SUR CALI,CANINO,1 VISITA,1 VISITA,SIN CLASIFICAR,1,NO,3
2026,2026-04-20,4,76233,DAGUA,ARO SUR CALI,FELINO,1 VISITA,1 VISITA,SIN CLASIFICAR,1,NO,1
2026,2026-04-20,4,76248,EL CERRITO,ARO SUR CALI,CANINO,1 VISITA,1 VISITA,PERDIDO O DESAPARECIDO,1,SI,3
2026,2026-04-20,4,76248,EL CERRITO,ARO SUR CALI,CANINO,1 VISITA,1 VISITA,SIN CLASIFICAR,1,NO,2
2026,2026-04-20,4,76248,EL CERRITO,ARO SUR CALI,CANINO,2 VISITAS,2 VISITAS,SIN CLASIFICAR,1,SI,1
2026,2026-04-20,4,76248,EL CERRITO,ARO SUR CALI,CANINO,2 VISITAS,2 VISITAS,SIN CLASIFICAR,2,NO,1
2026,2026-04-20,4,76248,EL CERRITO,ARO SUR CALI,CANINO,3 O MÁS VISITAS,3 VISITAS FUERA DE 10 DÍAS O CON INCONSISTENCIA,SIN CLASIFICAR,2,SI,1
2026,2026-04-20,4,76275,FLORIDA,ARO SUR CALI,CANINO,1 VISITA,1 VISITA,PERDIDO O DESAPARECIDO,1,NO,4
2026,2026-04-20,4,76275,FLORIDA,ARO SUR CALI,CANINO,1 VISITA,1 VISITA,SIN CLASIFICAR,1,NO,3
2026,2026-04-20,4,76275,FLORIDA,ARO SUR CALI,CANINO,2 VISITAS,2 VISITAS,PERDIDO O DESAPARECIDO,2,SI,5
2026,2026-04-20,4,76275,FLORIDA,ARO SUR CALI,CANINO,2 VISITAS,2 VISITAS,SIN CLASIFICAR,2,SI,1
2026,2026-04-20,4,76275,FLORIDA,ARO SUR CALI,FELINO,1 VISITA,1 VISITA,PERDIDO O DESAPARECIDO,1,NO,1
2026,2026-04-20,4,76318,GUACARI,ARO SUR CALI,FELINO,1 VISITA,1 VISITA,MUERTO,1,SI,1
2026,2026-04-20,4,76400,LA UNION,ARO NORTE CARTAGO,CANINO,1 VISITA,1 VISITA,NO OBSERVABLE,1,NO,1
2026,2026-04-20,4,76400,LA UNION,ARO NORTE CARTAGO,CANINO,1 VISITA,1 VISITA,NO OBSERVABLE,1,SI,1
2026,2026-04-20,4,76497,OBANDO,ARO NORTE CARTAGO,CANINO,1 VISITA,1 VISITA,PERDIDO O DESAPARECIDO,1,SI,1
2026,2026-04-20,4,76616,RIOFRIO,ARO CENTRO TULUA,CANINO,3 O MÁS VISITAS,3 VISITAS FUERA DE 10 DÍAS O CON INCONSISTENCIA,SIN CLASIFICAR,1,NO,1
2026,2026-04-20,4,76616,RIOFRIO,ARO CENTRO TULUA,CANINO,3 O MÁS VISITAS,CUMPLE,SIN CLASIFICAR,1,SI,1
2026,2026-04-20,4,76622,ROLDANILLO,ARO NORTE CARTAGO,CANINO,1 VISITA,1 VISITA,NO OBSERVABLE,1,SI,1
2026,2026-04-20,4,76622,ROLDANILLO,ARO NORTE CARTAGO,CANINO,1 VISITA,1 VISITA,NO OBSERVADO,1,NO,3
2026,2026-04-20,4,76622,ROLDANILLO,ARO NORTE CARTAGO,CANINO,1 VISITA,1 VISITA,OBSERVADO SANO,1,SI,1
2026,2026-04-20,4,76736,SEVILLA,ARO CENTRO TULUA,CANINO,2 VISITAS,2 VISITAS,OBSERVADO SANO,2,NO,1
2026,2026-04-20,4,76736,SEVILLA,ARO CENTRO TULUA,FELINO,2 VISITAS,2 VISITAS,OBSERVADO SANO,2,NO,1
2026,2026-04-20,4,76823,TORO,ARO NORTE CARTAGO,CANINO,2 VISITAS,2 VISITAS,SIN CLASIFICAR,2,NO,1
2026,2026-04-20,4,76823,TORO,ARO NORTE CARTAGO,CANINO,2 VISITAS,2 VISITAS,SIN CLASIFICAR,2,SI,1
2026,2026-04-20,4,76863,VERSALLES,ARO NORTE CARTAGO,CANINO,1 VISITA,1 VISITA,NO OBSERVABLE,1,NO,2
2026,2026-04-20,4,76863,VERSALLES,ARO NORTE CARTAGO,FELINO,1 VISITA,1 VISITA,NO OBSERVADO,1,NO,1
2026,2026-04-20,4,76890,YOTOCO,ARO CENTRO TULUA,CANINO,1 VISITA,1 VISITA,PERDIDO O DESAPARECIDO,1,SI,1
2026,2026-04-21,4,76020,ALCALA,ARO NORTE CARTAGO,CANINO,1 VISITA,1 VISITA,NO OBSERVABLE,1,SI,1
2026,2026-04-21,4,76020,ALCALA,ARO NORTE CARTAGO,FELINO,1 VISITA,1 VISITA,NO OBSERVABLE,1,SI,1
2026,2026-04-21,4,76041,ANSERMANUEVO,ARO NORTE CARTAGO,CANINO,3 O MÁS VISITAS,3 VISITAS FUERA DE 10 DÍAS O CON INCONSISTENCIA,SIN CLASIFICAR,2,NO,1
2026,2026-04-21,4,76054,ARGELIA,ARO NORTE CARTAGO,CANINO,1 VISITA,1 VISITA,NO OBSERVADO,1,SI,1
2026,2026-04-21,4,76113,BUGALAGRANDE,ARO CENTRO TULUA,CANINO,2 VISITAS,2 VISITAS,SIN CLASIFICAR,2,SI,1
2026,2026-04-21,4,76403,LA VICTORIA,ARO NORTE CARTAGO,CANINO,2 VISITAS,2 VISITAS,OBSERVADO SANO,2,NO,1
2026,2026-04-21,4,76403,LA VICTORIA,ARO NORTE CARTAGO,CANINO,2 VISITAS,2 VISITAS,OBSERVADO SANO,2,SI,2
2026,2026-04-21,4,76403,LA VICTORIA,ARO NORTE CARTAGO,SIN DATO,2 VISITAS,2 VISITAS,OBSERVADO SANO,2,SI,1
2026,2026-04-21,4,76606,RESTREPO,ARO CENTRO TULUA,CANINO,1 VISITA,1 VISITA,PERDIDO O DESAPARECIDO,1,SI,1
2026,2026-04-21,4,76828,TRUJILLO,ARO CENTRO TULUA,CANINO,1 VISITA,1 VISITA,PERDIDO O DESAPARECIDO,1,NO,1
2026,2026-04-21,4,76828,TRUJILLO,ARO CENTRO TULUA,CANINO,2 VISITAS,2 VISITAS,SIN CLASIFICAR,2,NO,1
2026,2026-04-21,4,76895,ZARZAL,ARO CENTRO TULUA,FELINO,1 VISITA,1 VISITA,SIN CLASIFICAR,1,SI,1
2026,2026-04-21,4,76895,ZARZAL,ARO CENTRO TULUA,FELINO,2 VISITAS,2 VISITAS,SIN CLASIFICAR,2,SI,1
2026,2026-04-22,4,76250,EL DOVIO,ARO NORTE CARTAGO,CANINO,1 VISITA,1 VISITA,OBSERVADO SANO,1,NO,1
2026,2026-04-22,4,76250,EL DOVIO,ARO NORTE CARTAGO,CANINO,1 VISITA,1 VISITA,SIN CLASIFICAR,1,NO,1
2026,2026-04-22,4,76616,RIOFRIO,ARO CENTRO TULUA,CANINO,3 O MÁS VISITAS,3 VISITAS FUERA DE 10 DÍAS O CON INCONSISTENCIA,SIN CLASIFICAR,2,NO,1
2026,2026-04-22,4,76616,RIOFRIO,ARO CENTRO TULUA,CANINO,3 O MÁS VISITAS,CUMPLE,SIN CLASIFICAR,2,SI,1
2026,2026-04-22,4,76828,TRUJILLO,ARO CENTRO TULUA,CANINO,2 VISITAS,2 VISITAS,SIN CLASIFICAR,2,NO,1
2026,2026-04-23,4,76041,ANSERMANUEVO,ARO NORTE CARTAGO,CANINO,3 O MÁS VISITAS,3 VISITAS FUERA DE 10 DÍAS O CON INCONSISTENCIA,SIN CLASIFICAR,3,NO,1
2026,2026-04-23,4,76054,ARGELIA,ARO NORTE CARTAGO,CANINO,3 O MÁS VISITAS,CUMPLE,NO OBSERVADO,3,SI,1
2026,2026-04-23,4,76054,ARGELIA,ARO NORTE CARTAGO,CANINO,3 O MÁS VISITAS,CUMPLE,OBSERVADO SANO,3,SI,1
2026,2026-04-23,4,76100,BOLIVAR,ARO CENTRO TULUA,FELINO,1 VISITA,1 VISITA,PERDIDO O DESAPARECIDO,1,NO,1
2026,2026-04-23,4,76122,CAICEDONIA,ARO CENTRO TULUA,CANINO,1 VISITA,1 VISITA,CALLEJERO,1,SI,1
2026,2026-04-23,4,76122,CAICEDONIA,ARO CENTRO TULUA,CANINO,1 VISITA,1 VISITA,SIN CLASIFICAR,1,SI,1
2026,2026-04-23,4,76122,CAICEDONIA,ARO CENTRO TULUA,CANINO,2 VISITAS,2 VISITAS,NO OBSERVABLE,1,SI,1
2026,2026-04-23,4,76122,CAICEDONIA,ARO CENTRO TULUA,CANINO,2 VISITAS,2 VISITAS,OBSERVADO SANO,1,SI,2
2026,2026-04-23,4,76122,CAICEDONIA,ARO CENTRO TULUA,FELINO,2 VISITAS,2 VISITAS,OBSERVADO SANO,1,SI,1
2026,2026-04-23,4,76126,CALIMA,ARO CENTRO TULUA,CANINO,1 VISITA,1 VISITA,SIN CLASIFICAR,1,SI,3
2026,2026-04-23,4,76126,CALIMA,ARO CENTRO TULUA,FELINO,1 VISITA,1 VISITA,SIN CLASIFICAR,1,SI,1
2026,2026-04-23,4,76670,SAN PEDRO,ARO CENTRO TULUA,CANINO,1 VISITA,1 VISITA,SIN CLASIFICAR,1,SI,1
2026,2026-04-23,4,76823,TORO,ARO NORTE CARTAGO,CANINO,1 VISITA,1 VISITA,NO OBSERVABLE,1,SI,1
2026,2026-04-23,4,76823,TORO,ARO NORTE CARTAGO,CANINO,2 VISITAS,2 VISITAS,SIN CLASIFICAR,1,SI,1
2026,2026-04-24,4,76275,FLORIDA,ARO SUR CALI,CANINO,1 VISITA,1 VISITA,PERDIDO O DESAPARECIDO,1,SI,2
2026,2026-04-24,4,76275,FLORIDA,ARO SUR CALI,CANINO,1 VISITA,1 VISITA,SIN CLASIFICAR,1,SI,2
2026,2026-04-24,4,76275,FLORIDA,ARO SUR CALI,CANINO,2 VISITAS,2 VISITAS,SIN CLASIFICAR,1,SI,1
2026,2026-04-24,4,76275,FLORIDA,ARO SUR CALI,FELINO,1 VISITA,1 VISITA,PERDIDO O DESAPARECIDO,1,SI,1
2026,2026-04-24,4,76318,GUACARI,ARO SUR CALI,CANINO,1 VISITA,1 VISITA,OBSERVADO SANO,1,SI,1
2026,2026-04-24,4,76318,GUACARI,ARO SUR CALI,CANINO,1 VISITA,1 VISITA,PERDIDO O DESAPARECIDO,1,NO,1
2026,2026-04-24,4,76318,GUACARI,ARO SUR CALI,FELINO,2 VISITAS,2 VISITAS,OBSERVADO SANO,2,NO,1
2026,2026-04-24,4,76403,LA VICTORIA,ARO NORTE CARTAGO,CANINO,2 VISITAS,2 VISITAS,OBSERVADO SANO,1,SI,2
2026,2026-04-24,4,76403,LA VICTORIA,ARO NORTE CARTAGO,CANINO,3 O MÁS VISITAS,3 VISITAS FUERA DE 10 DÍAS O CON INCONSISTENCIA,OBSERVADO SANO,2,SI,1
2026,2026-04-24,4,76403,LA VICTORIA,ARO NORTE CARTAGO,CANINO,3 O MÁS VISITAS,3 VISITAS FUERA DE 10 DÍAS O CON INCONSISTENCIA,OBSERVADO SANO,3,SI,1
2026,2026-04-24,4,76606,RESTREPO,ARO CENTRO TULUA,CANINO,1 VISITA,1 VISITA,PERDIDO O DESAPARECIDO,1,SI,1
2026,2026-04-24,4,76606,RESTREPO,ARO CENTRO TULUA,CANINO,1 VISITA,1 VISITA,SIN CLASIFICAR,1,NO,1
2026,2026-04-24,4,76616,RIOFRIO,ARO CENTRO TULUA,CANINO,3 O MÁS VISITAS,3 VISITAS FUERA DE 10 DÍAS O CON INCONSISTENCIA,SIN CLASIFICAR,3,NO,1
2026,2026-04-24,4,76616,RIOFRIO,ARO CENTRO TULUA,CANINO,3 O MÁS VISITAS,CUMPLE,SIN CLASIFICAR,3,SI,1
2026,2026-04-24,4,76736,SEVILLA,ARO CENTRO TULUA,CANINO,1 VISITA,1 VISITA,CALLEJERO,1,NO,2
2026,2026-04-24,4,76736,SEVILLA,ARO CENTRO TULUA,CANINO,1 VISITA,1 VISITA,SIN CLASIFICAR,1,SI,1
2026,2026-04-24,4,76736,SEVILLA,ARO CENTRO TULUA,CANINO,2 VISITAS,2 VISITAS,OBSERVADO SANO,1,NO,1
2026,2026-04-24,4,76736,SEVILLA,ARO CENTRO TULUA,FELINO,1 VISITA,1 VISITA,CALLEJERO,1,NO,1
2026,2026-04-24,4,76736,SEVILLA,ARO CENTRO TULUA,FELINO,1 VISITA,1 VISITA,NO OBSERVABLE,1,SI,1
2026,2026-04-24,4,76845,ULLOA,ARO NORTE CARTAGO,CANINO,1 VISITA,1 VISITA,NO OBSERVABLE,1,SI,1
2026,2026-04-24,4,76890,YOTOCO,ARO CENTRO TULUA,CANINO,1 VISITA,1 VISITA,SIN CLASIFICAR,1,NO,1
2026,2026-04-25,4,76606,RESTREPO,ARO CENTRO TULUA,CANINO,3 O MÁS VISITAS,CUMPLE,CON SIGNOS REPORTADOS,1,SI,1
2026,2026-04-25,4,76895,ZARZAL,ARO CENTRO TULUA,FELINO,1 VISITA,1 VISITA,SIN CLASIFICAR,1,SI,1
2026,2026-04-27,4,76122,CAICEDONIA,ARO CENTRO TULUA,CANINO,2 VISITAS,2 VISITAS,NO OBSERVABLE,2,NO,1
2026,2026-04-27,4,76122,CAICEDONIA,ARO CENTRO TULUA,CANINO,2 VISITAS,2 VISITAS,OBSERVADO SANO,2,NO,1
2026,2026-04-27,4,76122,CAICEDONIA,ARO CENTRO TULUA,CANINO,2 VISITAS,2 VISITAS,OBSERVADO SANO,2,SI,1
2026,2026-04-27,4,76122,CAICEDONIA,ARO CENTRO TULUA,FELINO,2 VISITAS,2 VISITAS,OBSERVADO SANO,2,SI,1
2026,2026-04-27,4,76233,DAGUA,ARO SUR CALI,CANINO,1 VISITA,1 VISITA,PERDIDO O DESAPARECIDO,1,NO,3
2026,2026-04-27,4,76233,DAGUA,ARO SUR CALI,CANINO,1 VISITA,1 VISITA,SIN CLASIFICAR,1,NO,2
2026,2026-04-27,4,76233,DAGUA,ARO SUR CALI,CANINO,2 VISITAS,2 VISITAS,PERDIDO O DESAPARECIDO,1,NO,2
2026,2026-04-27,4,76233,DAGUA,ARO SUR CALI,FELINO,1 VISITA,1 VISITA,PERDIDO O DESAPARECIDO,1,NO,1
2026,2026-04-27,4,76318,GUACARI,ARO SUR CALI,CANINO,1 VISITA,1 VISITA,OBSERVADO SANO,1,SI,1
2026,2026-04-27,4,76318,GUACARI,ARO SUR CALI,CANINO,1 VISITA,1 VISITA,PERDIDO O DESAPARECIDO,1,NO,1
2026,2026-04-27,4,76563,PRADERA,ARO SUR CALI,CANINO,1 VISITA,1 VISITA,PERDIDO O DESAPARECIDO,1,NO,3
2026,2026-04-27,4,76563,PRADERA,ARO SUR CALI,CANINO,1 VISITA,1 VISITA,SIN CLASIFICAR,1,NO,1
2026,2026-04-27,4,76563,PRADERA,ARO SUR CALI,FELINO,1 VISITA,1 VISITA,PERDIDO O DESAPARECIDO,1,NO,1
2026,2026-04-27,4,76736,SEVILLA,ARO CENTRO TULUA,CANINO,2 VISITAS,2 VISITAS,OBSERVADO SANO,2,NO,1
2026,2026-04-27,4,76823,TORO,ARO NORTE CARTAGO,CANINO,2 VISITAS,2 VISITAS,SIN CLASIFICAR,2,SI,1
2026,2026-04-27,4,76828,TRUJILLO,ARO CENTRO TULUA,CANINO,2 VISITAS,2 VISITAS,SIN CLASIFICAR,1,NO,1
2026,2026-04-28,4,76041,ANSERMANUEVO,ARO NORTE CARTAGO,FELINO,2 VISITAS,2 VISITAS,NO OBSERVADO,1,SI,1
2026,2026-04-28,4,76113,BUGALAGRANDE,ARO CENTRO TULUA,CANINO,1 VISITA,1 VISITA,SIN CLASIFICAR,1,SI,3
2026,2026-04-28,4,76563,PRADERA,ARO SUR CALI,CANINO,1 VISITA,1 VISITA,CON SIGNOS REPORTADOS,1,NO,1
2026,2026-04-28,4,76563,PRADERA,ARO SUR CALI,CANINO,1 VISITA,1 VISITA,PERDIDO O DESAPARECIDO,1,NO,4
2026,2026-04-28,4,76828,TRUJILLO,ARO CENTRO TULUA,CANINO,1 VISITA,1 VISITA,SIN CLASIFICAR,1,SI,1
2026,2026-04-28,4,76869,VIJES,ARO SUR CALI,FELINO,2 VISITAS,2 VISITAS,CALLEJERO,1,SI,1
2026,2026-04-28,4,76895,ZARZAL,ARO CENTRO TULUA,CANINO,1 VISITA,1 VISITA,SIN CLASIFICAR,1,SI,2
2026,2026-04-29,4,76041,ANSERMANUEVO,ARO NORTE CARTAGO,CANINO,2 VISITAS,2 VISITAS,NO OBSERVADO,1,SI,1
2026,2026-04-29,4,76041,ANSERMANUEVO,ARO NORTE CARTAGO,FELINO,1 VISITA,1 VISITA,NO OBSERVADO,1,SI,1
2026,2026-04-29,4,76041,ANSERMANUEVO,ARO NORTE CARTAGO,FELINO,2 VISITAS,2 VISITAS,NO OBSERVADO,2,SI,1
2026,2026-04-29,4,76122,CAICEDONIA,ARO CENTRO TULUA,CANINO,1 VISITA,1 VISITA,CALLEJERO,1,SI,1
2026,2026-04-29,4,76122,CAICEDONIA,ARO CENTRO TULUA,FELINO,1 VISITA,1 VISITA,CALLEJERO,1,SI,1
2026,2026-04-29,4,76122,CAICEDONIA,ARO CENTRO TULUA,FELINO,2 VISITAS,2 VISITAS,OBSERVADO SANO,1,SI,1
2026,2026-04-29,4,76248,EL CERRITO,ARO SUR CALI,CANINO,1 VISITA,1 VISITA,PERDIDO O DESAPARECIDO,1,SI,2
2026,2026-04-29,4,76248,EL CERRITO,ARO SUR CALI,CANINO,1 VISITA,1 VISITA,SIN CLASIFICAR,1,NO,1
2026,2026-04-29,4,76248,EL CERRITO,ARO SUR CALI,CANINO,2 VISITAS,2 VISITAS,SIN CLASIFICAR,1,SI,2
2026,2026-04-29,4,76248,EL CERRITO,ARO SUR CALI,CANINO,2 VISITAS,2 VISITAS,SIN CLASIFICAR,2,NO,1
2026,2026-04-29,4,76248,EL CERRITO,ARO SUR CALI,CANINO,2 VISITAS,2 VISITAS,SIN CLASIFICAR,2,SI,2
2026,2026-04-29,4,76248,EL CERRITO,ARO SUR CALI,CANINO,3 O MÁS VISITAS,3 VISITAS FUERA DE 10 DÍAS O CON INCONSISTENCIA,SIN CLASIFICAR,3,NO,1
2026,2026-04-29,4,76248,EL CERRITO,ARO SUR CALI,FELINO,2 VISITAS,2 VISITAS,SIN CLASIFICAR,1,SI,1
2026,2026-04-29,4,76403,LA VICTORIA,ARO NORTE CARTAGO,CANINO,1 VISITA,1 VISITA,PERDIDO O DESAPARECIDO,1,SI,1
2026,2026-04-29,4,76403,LA VICTORIA,ARO NORTE CARTAGO,CANINO,2 VISITAS,2 VISITAS,OBSERVADO SANO,2,NO,2
2026,2026-04-29,4,76563,PRADERA,ARO SUR CALI,CANINO,1 VISITA,1 VISITA,PERDIDO O DESAPARECIDO,1,NO,4
2026,2026-04-29,4,76563,PRADERA,ARO SUR CALI,FELINO,1 VISITA,1 VISITA,PERDIDO O DESAPARECIDO,1,NO,3
2026,2026-04-29,4,76606,RESTREPO,ARO CENTRO TULUA,CANINO,3 O MÁS VISITAS,CUMPLE,CON SIGNOS REPORTADOS,2,SI,1
2026,2026-04-30,4,76122,CAICEDONIA,ARO CENTRO TULUA,FELINO,2 VISITAS,2 VISITAS,OBSERVADO SANO,2,SI,1
2026,2026-04-30,4,76275,FLORIDA,ARO SUR CALI,CANINO,1 VISITA,1 VISITA,PERDIDO O DESAPARECIDO,1,NO,4
2026,2026-04-30,4,76275,FLORIDA,ARO SUR CALI,CANINO,2 VISITAS,2 VISITAS,PERDIDO O DESAPARECIDO,1,NO,2
2026,2026-04-30,4,76275,FLORIDA,ARO SUR CALI,CANINO,2 VISITAS,2 VISITAS,SIN CLASIFICAR,2,SI,1
2026,2026-04-30,4,76563,PRADERA,ARO SUR CALI,CANINO,1 VISITA,1 VISITA,PERDIDO O DESAPARECIDO,1,NO,3
2026,2026-04-30,4,76563,PRADERA,ARO SUR CALI,CANINO,1 VISITA,1 VISITA,PERDIDO O DESAPARECIDO,1,SI,3
2026,2026-04-30,4,76563,PRADERA,ARO SUR CALI,FELINO,1 VISITA,1 VISITA,PERDIDO O DESAPARECIDO,1,SI,1
2026,2026-04-30,4,76606,RESTREPO,ARO CENTRO TULUA,CANINO,1 VISITA,1 VISITA,SIN CLASIFICAR,1,NO,1
2026,2026-04-30,4,76845,ULLOA,ARO NORTE CARTAGO,CANINO,1 VISITA,1 VISITA,NO OBSERVADO,1,SI,1
2026,2026-04-30,4,76890,YOTOCO,ARO CENTRO TULUA,CANINO,1 VISITA,1 VISITA,PERDIDO O DESAPARECIDO,1,SI,1
2026,2026-04-30,4,76890,YOTOCO,ARO CENTRO TULUA,CANINO,1 VISITA,1 VISITA,SIN CLASIFICAR,1,SI,1
2026,2026-04-30,4,76890,YOTOCO,ARO CENTRO TULUA,FELINO,1 VISITA,1 VISITA,SIN CLASIFICAR,1,SI,1
2026,2026-05-04,5,76275,FLORIDA,ARO SUR CALI,CANINO,1 VISITA,1 VISITA,CON SIGNOS REPORTADOS,1,SI,1
2026,2026-05-04,5,76275,FLORIDA,ARO SUR CALI,CANINO,1 VISITA,1 VISITA,PERDIDO O DESAPARECIDO,1,SI,3
2026,2026-05-04,5,76275,FLORIDA,ARO SUR CALI,CANINO,1 VISITA,1 VISITA,SIN CLASIFICAR,1,SI,1
2026,2026-05-04,5,76275,FLORIDA,ARO SUR CALI,FELINO,1 VISITA,1 VISITA,OBSERVADO SANO,1,SI,1
2026,2026-05-04,5,76306,GINEBRA,ARO SUR CALI,CANINO,1 VISITA,1 VISITA,PERDIDO O DESAPARECIDO,1,NO,1
2026,2026-05-04,5,76306,GINEBRA,ARO SUR CALI,CANINO,1 VISITA,1 VISITA,PERDIDO O DESAPARECIDO,1,SI,3
2026,2026-05-04,5,76306,GINEBRA,ARO SUR CALI,CANINO,1 VISITA,1 VISITA,SIN CLASIFICAR,1,NO,1
2026,2026-05-04,5,76306,GINEBRA,ARO SUR CALI,CANINO,2 VISITAS,2 VISITAS,CON SIGNOS REPORTADOS,1,NO,1
2026,2026-05-04,5,76306,GINEBRA,ARO SUR CALI,CANINO,2 VISITAS,2 VISITAS,CON SIGNOS REPORTADOS,1,SI,2
2026,2026-05-04,5,76400,LA UNION,ARO NORTE CARTAGO,CANINO,1 VISITA,1 VISITA,PERDIDO O DESAPARECIDO,1,SI,1
2026,2026-05-04,5,76497,OBANDO,ARO NORTE CARTAGO,CANINO,1 VISITA,1 VISITA,NO OBSERVABLE,1,SI,1
2026,2026-05-04,5,76497,OBANDO,ARO NORTE CARTAGO,OTRO,1 VISITA,1 VISITA,NO OBSERVADO,1,SI,1
2026,2026-05-04,5,76606,RESTREPO,ARO CENTRO TULUA,CANINO,3 O MÁS VISITAS,CUMPLE,CON SIGNOS REPORTADOS,3,SI,1
2026,2026-05-04,5,76869,VIJES,ARO SUR CALI,CANINO,2 VISITAS,2 VISITAS,CON SIGNOS REPORTADOS,1,NO,1
2026,2026-05-04,5,76895,ZARZAL,ARO CENTRO TULUA,CANINO,2 VISITAS,2 VISITAS,CALLEJERO,1,SI,1
2026,2026-05-04,5,76895,ZARZAL,ARO CENTRO TULUA,CANINO,2 VISITAS,2 VISITAS,SIN CLASIFICAR,1,SI,2
2026,2026-05-04,5,76895,ZARZAL,ARO CENTRO TULUA,FELINO,1 VISITA,1 VISITA,CON SIGNOS REPORTADOS,1,SI,1
2026,2026-05-05,5,76020,ALCALA,ARO NORTE CARTAGO,FELINO,1 VISITA,1 VISITA,SIN CLASIFICAR,1,NO,1
2026,2026-05-05,5,76113,BUGALAGRANDE,ARO CENTRO TULUA,CANINO,1 VISITA,1 VISITA,CALLEJERO,1,SI,2
2026,2026-05-05,5,76113,BUGALAGRANDE,ARO CENTRO TULUA,CANINO,1 VISITA,1 VISITA,SIN CLASIFICAR,1,SI,1
2026,2026-05-05,5,76377,LA CUMBRE,ARO SUR CALI,CANINO,1 VISITA,1 VISITA,PERDIDO O DESAPARECIDO,1,NO,2
2026,2026-05-05,5,76377,LA CUMBRE,ARO SUR CALI,FELINO,1 VISITA,1 VISITA,SIN CLASIFICAR,1,NO,1
2026,2026-05-05,5,76400,LA UNION,ARO NORTE CARTAGO,CANINO,1 VISITA,1 VISITA,PERDIDO O DESAPARECIDO,1,SI,1
2026,2026-05-05,5,76400,LA UNION,ARO NORTE CARTAGO,CANINO,3 O MÁS VISITAS,CUMPLE,NO OBSERVABLE,1,SI,1
2026,2026-05-05,5,76400,LA UNION,ARO NORTE CARTAGO,FELINO,3 O MÁS VISITAS,CUMPLE,OBSERVADO SANO,1,SI,1
2026,2026-05-05,5,76622,ROLDANILLO,ARO NORTE CARTAGO,CANINO,1 VISITA,1 VISITA,MUERTO,1,NO,1
2026,2026-05-05,5,76622,ROLDANILLO,ARO NORTE CARTAGO,CANINO,1 VISITA,1 VISITA,NO OBSERVABLE,1,NO,2
2026,2026-05-05,5,76622,ROLDANILLO,ARO NORTE CARTAGO,FELINO,1 VISITA,1 VISITA,SIN CLASIFICAR,1,NO,1
2026,2026-05-06,5,76122,CAICEDONIA,ARO CENTRO TULUA,CANINO,1 VISITA,1 VISITA,CALLEJERO,1,SI,2
2026,2026-05-06,5,76122,CAICEDONIA,ARO CENTRO TULUA,CANINO,1 VISITA,1 VISITA,OBSERVADO SANO,1,SI,1
2026,2026-05-06,5,76122,CAICEDONIA,ARO CENTRO TULUA,CANINO,1 VISITA,1 VISITA,SIN CLASIFICAR,1,SI,1
2026,2026-05-06,5,76122,CAICEDONIA,ARO CENTRO TULUA,CANINO,2 VISITAS,2 VISITAS,NO OBSERVABLE,1,SI,2
2026,2026-05-06,5,76122,CAICEDONIA,ARO CENTRO TULUA,CANINO,2 VISITAS,2 VISITAS,OBSERVADO SANO,1,SI,2
2026,2026-05-06,5,76122,CAICEDONIA,ARO CENTRO TULUA,FELINO,1 VISITA,1 VISITA,CALLEJERO,1,SI,1
2026,2026-05-06,5,76318,GUACARI,ARO SUR CALI,CANINO,1 VISITA,1 VISITA,OBSERVADO SANO,1,NO,1
2026,2026-05-06,5,76318,GUACARI,ARO SUR CALI,CANINO,1 VISITA,1 VISITA,PERDIDO O DESAPARECIDO,1,NO,1
2026,2026-05-06,5,76400,LA UNION,ARO NORTE CARTAGO,FELINO,3 O MÁS VISITAS,CUMPLE,OBSERVADO SANO,2,SI,1
2026,2026-05-06,5,76869,VIJES,ARO SUR CALI,CANINO,1 VISITA,1 VISITA,PERDIDO O DESAPARECIDO,1,NO,1
2026,2026-05-06,5,76869,VIJES,ARO SUR CALI,CANINO,1 VISITA,1 VISITA,PERDIDO O DESAPARECIDO,1,SI,1
2026,2026-05-06,5,76869,VIJES,ARO SUR CALI,CANINO,2 VISITAS,2 VISITAS,CON SIGNOS REPORTADOS,2,NO,1
2026,2026-05-06,5,76869,VIJES,ARO SUR CALI,FELINO,2 VISITAS,2 VISITAS,CALLEJERO,2,NO,1
2026,2026-05-06,5,76895,ZARZAL,ARO CENTRO TULUA,CANINO,1 VISITA,1 VISITA,CALLEJERO,1,SI,2
2026,2026-05-06,5,76895,ZARZAL,ARO CENTRO TULUA,CANINO,2 VISITAS,2 VISITAS,CALLEJERO,2,SI,1
2026,2026-05-06,5,76895,ZARZAL,ARO CENTRO TULUA,CANINO,2 VISITAS,2 VISITAS,SIN CLASIFICAR,2,SI,2
2026,2026-05-07,5,76020,ALCALA,ARO NORTE CARTAGO,CANINO,1 VISITA,1 VISITA,SIN CLASIFICAR,1,SI,1
2026,2026-05-07,5,76020,ALCALA,ARO NORTE CARTAGO,CANINO,2 VISITAS,2 VISITAS,SIN CLASIFICAR,1,SI,1
2026,2026-05-07,5,76020,ALCALA,ARO NORTE CARTAGO,CANINO,3 O MÁS VISITAS,CUMPLE,SIN CLASIFICAR,1,SI,2
2026,2026-05-07,5,76126,CALIMA,ARO CENTRO TULUA,CANINO,1 VISITA,1 VISITA,SIN CLASIFICAR,1,NO,6
2026,2026-05-07,5,76318,GUACARI,ARO SUR CALI,CANINO,1 VISITA,1 VISITA,OBSERVADO SANO,1,NO,1
2026,2026-05-07,5,76318,GUACARI,ARO SUR CALI,CANINO,1 VISITA,1 VISITA,PERDIDO O DESAPARECIDO,1,NO,2
2026,2026-05-07,5,76400,LA UNION,ARO NORTE CARTAGO,CANINO,1 VISITA,1 VISITA,PERDIDO O DESAPARECIDO,1,SI,1
2026,2026-05-07,5,76400,LA UNION,ARO NORTE CARTAGO,CANINO,3 O MÁS VISITAS,CUMPLE,NO OBSERVABLE,2,SI,1
2026,2026-05-07,5,76400,LA UNION,ARO NORTE CARTAGO,FELINO,1 VISITA,1 VISITA,PERDIDO O DESAPARECIDO,1,SI,1
2026,2026-05-07,5,76400,LA UNION,ARO NORTE CARTAGO,FELINO,3 O MÁS VISITAS,CUMPLE,OBSERVADO SANO,3,SI,1
2026,2026-05-07,5,76736,SEVILLA,ARO CENTRO TULUA,CANINO,1 VISITA,1 VISITA,CALLEJERO,1,NO,1
2026,2026-05-07,5,76736,SEVILLA,ARO CENTRO TULUA,CANINO,1 VISITA,1 VISITA,SIN CLASIFICAR,1,NO,3
2026,2026-05-07,5,76736,SEVILLA,ARO CENTRO TULUA,FELINO,1 VISITA,1 VISITA,CALLEJERO,1,NO,1
2026,2026-05-07,5,76736,SEVILLA,ARO CENTRO TULUA,FELINO,1 VISITA,1 VISITA,SIN CLASIFICAR,1,NO,1
2026,2026-05-07,5,76828,TRUJILLO,ARO CENTRO TULUA,CANINO,2 VISITAS,2 VISITAS,SIN CLASIFICAR,1,SI,1
2026,2026-05-07,5,76828,TRUJILLO,ARO CENTRO TULUA,CANINO,2 VISITAS,2 VISITAS,SIN CLASIFICAR,2,SI,1
2026,2026-05-07,5,76828,TRUJILLO,ARO CENTRO TULUA,FELINO,2 VISITAS,2 VISITAS,SIN CLASIFICAR,1,NO,1
2026,2026-05-07,5,76890,YOTOCO,ARO CENTRO TULUA,CANINO,1 VISITA,1 VISITA,PERDIDO O DESAPARECIDO,1,SI,1
2026,2026-05-07,5,76890,YOTOCO,ARO CENTRO TULUA,CANINO,1 VISITA,1 VISITA,SIN CLASIFICAR,1,SI,2
2026,2026-05-08,5,76036,ANDALUCIA,ARO CENTRO TULUA,CANINO,1 VISITA,1 VISITA,SIN CLASIFICAR,1,SI,2
2026,2026-05-08,5,76036,ANDALUCIA,ARO CENTRO TULUA,CANINO,3 O MÁS VISITAS,3 VISITAS FUERA DE 10 DÍAS O CON INCONSISTENCIA,SIN CLASIFICAR,1,NO,1
2026,2026-05-08,5,76036,ANDALUCIA,ARO CENTRO TULUA,CANINO,3 O MÁS VISITAS,3 VISITAS FUERA DE 10 DÍAS O CON INCONSISTENCIA,SIN CLASIFICAR,1,SI,1
2026,2026-05-08,5,76036,ANDALUCIA,ARO CENTRO TULUA,FELINO,3 O MÁS VISITAS,3 VISITAS FUERA DE 10 DÍAS O CON INCONSISTENCIA,SIN CLASIFICAR,1,NO,1
2026,2026-05-08,5,76126,CALIMA,ARO CENTRO TULUA,CANINO,1 VISITA,1 VISITA,SIN CLASIFICAR,1,NO,1
2026,2026-05-08,5,76126,CALIMA,ARO CENTRO TULUA,CANINO,1 VISITA,1 VISITA,SIN CLASIFICAR,1,SI,2
2026,2026-05-08,5,76126,CALIMA,ARO CENTRO TULUA,FELINO,1 VISITA,1 VISITA,SIN CLASIFICAR,1,SI,1
2026,2026-05-08,5,76233,DAGUA,ARO SUR CALI,CANINO,1 VISITA,1 VISITA,PERDIDO O DESAPARECIDO,1,SI,1
2026,2026-05-08,5,76233,DAGUA,ARO SUR CALI,CANINO,1 VISITA,1 VISITA,SIN CLASIFICAR,1,SI,1
2026,2026-05-08,5,76233,DAGUA,ARO SUR CALI,FELINO,1 VISITA,1 VISITA,SIN CLASIFICAR,1,NO,1
2026,2026-05-08,5,76233,DAGUA,ARO SUR CALI,SIN DATO,1 VISITA,1 VISITA,PERDIDO O DESAPARECIDO,1,NO,1
2026,2026-05-08,5,76246,EL CAIRO,ARO NORTE CARTAGO,CANINO,1 VISITA,1 VISITA,OBSERVADO SANO,1,SI,1
2026,2026-05-08,5,76318,GUACARI,ARO SUR CALI,CANINO,1 VISITA,1 VISITA,CON SIGNOS REPORTADOS,1,NO,1
2026,2026-05-08,5,76318,GUACARI,ARO SUR CALI,CANINO,1 VISITA,1 VISITA,OBSERVADO SANO,1,NO,1
2026,2026-05-08,5,76318,GUACARI,ARO SUR CALI,CANINO,1 VISITA,1 VISITA,PERDIDO O DESAPARECIDO,1,NO,1
2026,2026-05-08,5,76670,SAN PEDRO,ARO CENTRO TULUA,CANINO,1 VISITA,1 VISITA,SIN CLASIFICAR,1,NO,1
2026,2026-05-08,5,76670,SAN PEDRO,ARO CENTRO TULUA,CANINO,1 VISITA,1 VISITA,SIN CLASIFICAR,1,SI,2
2026,2026-05-10,5,76036,ANDALUCIA,ARO CENTRO TULUA,OTRO,3 O MÁS VISITAS,3 VISITAS FUERA DE 10 DÍAS O CON INCONSISTENCIA,SIN CLASIFICAR,2,SI,1
2026,2026-05-10,5,76036,ANDALUCIA,ARO CENTRO TULUA,OTRO,3 O MÁS VISITAS,3 VISITAS FUERA DE 10 DÍAS O CON INCONSISTENCIA,SIN CLASIFICAR,3,SI,1
2026,2026-05-11,5,76020,ALCALA,ARO NORTE CARTAGO,CANINO,2 VISITAS,2 VISITAS,SIN CLASIFICAR,2,SI,1
2026,2026-05-11,5,76020,ALCALA,ARO NORTE CARTAGO,CANINO,3 O MÁS VISITAS,CUMPLE,SIN CLASIFICAR,2,SI,2
2026,2026-05-11,5,76036,ANDALUCIA,ARO CENTRO TULUA,CANINO,3 O MÁS VISITAS,3 VISITAS FUERA DE 10 DÍAS O CON INCONSISTENCIA,SIN CLASIFICAR,2,NO,2
2026,2026-05-11,5,76036,ANDALUCIA,ARO CENTRO TULUA,FELINO,3 O MÁS VISITAS,3 VISITAS FUERA DE 10 DÍAS O CON INCONSISTENCIA,SIN CLASIFICAR,2,NO,1
2026,2026-05-11,5,76054,ARGELIA,ARO NORTE CARTAGO,CANINO,1 VISITA,1 VISITA,OBSERVADO SANO,1,SI,1
2026,2026-05-11,5,76122,CAICEDONIA,ARO CENTRO TULUA,CANINO,2 VISITAS,2 VISITAS,NO OBSERVABLE,2,NO,1
2026,2026-05-11,5,76122,CAICEDONIA,ARO CENTRO TULUA,CANINO,2 VISITAS,2 VISITAS,NO OBSERVABLE,2,SI,1
2026,2026-05-11,5,76122,CAICEDONIA,ARO CENTRO TULUA,CANINO,2 VISITAS,2 VISITAS,OBSERVADO SANO,2,SI,2
2026,2026-05-11,5,76275,FLORIDA,ARO SUR CALI,CANINO,1 VISITA,1 VISITA,OBSERVADO SANO,1,SI,1
2026,2026-05-11,5,76275,FLORIDA,ARO SUR CALI,CANINO,1 VISITA,1 VISITA,PERDIDO O DESAPARECIDO,1,NO,1
2026,2026-05-11,5,76275,FLORIDA,ARO SUR CALI,CANINO,1 VISITA,1 VISITA,PERDIDO O DESAPARECIDO,1,SI,2
2026,2026-05-11,5,76275,FLORIDA,ARO SUR CALI,CANINO,2 VISITAS,2 VISITAS,PERDIDO O DESAPARECIDO,1,SI,1
2026,2026-05-11,5,76400,LA UNION,ARO NORTE CARTAGO,CANINO,1 VISITA,1 VISITA,NO OBSERVABLE,1,SI,1
2026,2026-05-11,5,76606,RESTREPO,ARO CENTRO TULUA,CANINO,1 VISITA,1 VISITA,PERDIDO O DESAPARECIDO,1,NO,1
2026,2026-05-11,5,76606,RESTREPO,ARO CENTRO TULUA,CANINO,1 VISITA,1 VISITA,SIN CLASIFICAR,1,NO,1
2026,2026-05-11,5,76616,RIOFRIO,ARO CENTRO TULUA,CANINO,3 O MÁS VISITAS,3 VISITAS FUERA DE 10 DÍAS O CON INCONSISTENCIA,SIN CLASIFICAR,1,NO,1
2026,2026-05-11,5,76616,RIOFRIO,ARO CENTRO TULUA,CANINO,3 O MÁS VISITAS,3 VISITAS FUERA DE 10 DÍAS O CON INCONSISTENCIA,SIN CLASIFICAR,1,SI,1
2026,2026-05-11,5,76616,RIOFRIO,ARO CENTRO TULUA,CANINO,3 O MÁS VISITAS,CUMPLE,SIN CLASIFICAR,1,SI,1
2026,2026-05-11,5,76616,RIOFRIO,ARO CENTRO TULUA,FELINO,3 O MÁS VISITAS,3 VISITAS FUERA DE 10 DÍAS O CON INCONSISTENCIA,SIN CLASIFICAR,1,NO,1
2026,2026-05-11,5,76616,RIOFRIO,ARO CENTRO TULUA,FELINO,3 O MÁS VISITAS,3 VISITAS FUERA DE 10 DÍAS O CON INCONSISTENCIA,SIN CLASIFICAR,1,SI,1
2026,2026-05-12,5,76020,ALCALA,ARO NORTE CARTAGO,CANINO,3 O MÁS VISITAS,CUMPLE,SIN CLASIFICAR,3,SI,2
2026,2026-05-12,5,76122,CAICEDONIA,ARO CENTRO TULUA,CANINO,1 VISITA,1 VISITA,CALLEJERO,1,SI,2
2026,2026-05-12,5,76122,CAICEDONIA,ARO CENTRO TULUA,CANINO,1 VISITA,1 VISITA,OBSERVADO SANO,1,SI,1
2026,2026-05-12,5,76248,EL CERRITO,ARO SUR CALI,CANINO,1 VISITA,1 VISITA,PERDIDO O DESAPARECIDO,1,NO,2
2026,2026-05-12,5,76248,EL CERRITO,ARO SUR CALI,CANINO,1 VISITA,1 VISITA,SIN CLASIFICAR,1,NO,3
2026,2026-05-12,5,76248,EL CERRITO,ARO SUR CALI,FELINO,2 VISITAS,2 VISITAS,SIN CLASIFICAR,2,NO,1
2026,2026-05-12,5,76275,FLORIDA,ARO SUR CALI,CANINO,1 VISITA,1 VISITA,CALLEJERO,1,NO,1
2026,2026-05-12,5,76275,FLORIDA,ARO SUR CALI,CANINO,1 VISITA,1 VISITA,PERDIDO O DESAPARECIDO,1,NO,3
2026,2026-05-12,5,76275,FLORIDA,ARO SUR CALI,CANINO,2 VISITAS,2 VISITAS,PERDIDO O DESAPARECIDO,2,NO,2
2026,2026-05-12,5,76377,LA CUMBRE,ARO SUR CALI,CANINO,1 VISITA,1 VISITA,PERDIDO O DESAPARECIDO,1,SI,3
2026,2026-05-12,5,76400,LA UNION,ARO NORTE CARTAGO,CANINO,3 O MÁS VISITAS,CUMPLE,NO OBSERVABLE,3,SI,1
2026,2026-05-12,5,76828,TRUJILLO,ARO CENTRO TULUA,CANINO,1 VISITA,1 VISITA,PERDIDO O DESAPARECIDO,1,SI,1
2026,2026-05-12,5,76828,TRUJILLO,ARO CENTRO TULUA,CANINO,2 VISITAS,2 VISITAS,SIN CLASIFICAR,1,NO,1
2026,2026-05-12,5,76828,TRUJILLO,ARO CENTRO TULUA,CANINO,2 VISITAS,2 VISITAS,SIN CLASIFICAR,2,NO,1
2026,2026-05-12,5,76828,TRUJILLO,ARO CENTRO TULUA,FELINO,2 VISITAS,2 VISITAS,SIN CLASIFICAR,2,NO,1
2026,2026-05-13,5,76020,ALCALA,ARO NORTE CARTAGO,FELINO,1 VISITA,1 VISITA,NO OBSERVADO,1,SI,1
2026,2026-05-13,5,76020,ALCALA,ARO NORTE CARTAGO,FELINO,1 VISITA,1 VISITA,OBSERVADO SANO,1,NO,1
2026,2026-05-13,5,76113,BUGALAGRANDE,ARO CENTRO TULUA,CANINO,1 VISITA,1 VISITA,SIN CLASIFICAR,1,SI,2
2026,2026-05-13,5,76248,EL CERRITO,ARO SUR CALI,CANINO,1 VISITA,1 VISITA,PERDIDO O DESAPARECIDO,1,NO,1
2026,2026-05-13,5,76248,EL CERRITO,ARO SUR CALI,CANINO,2 VISITAS,2 VISITAS,SIN CLASIFICAR,1,SI,3
2026,2026-05-13,5,76248,EL CERRITO,ARO SUR CALI,FELINO,1 VISITA,1 VISITA,PERDIDO O DESAPARECIDO,1,NO,1
2026,2026-05-13,5,76248,EL CERRITO,ARO SUR CALI,FELINO,1 VISITA,1 VISITA,PERDIDO O DESAPARECIDO,1,SI,3
2026,2026-05-13,5,76306,GINEBRA,ARO SUR CALI,CANINO,1 VISITA,1 VISITA,PERDIDO O DESAPARECIDO,1,SI,3
2026,2026-05-13,5,76306,GINEBRA,ARO SUR CALI,CANINO,2 VISITAS,2 VISITAS,CON SIGNOS REPORTADOS,2,NO,3
2026,2026-05-13,5,76306,GINEBRA,ARO SUR CALI,FELINO,1 VISITA,1 VISITA,PERDIDO O DESAPARECIDO,1,NO,1
2026,2026-05-13,5,76400,LA UNION,ARO NORTE CARTAGO,CANINO,1 VISITA,1 VISITA,NO OBSERVABLE,1,SI,1
2026,2026-05-13,5,76400,LA UNION,ARO NORTE CARTAGO,CANINO,1 VISITA,1 VISITA,PERDIDO O DESAPARECIDO,1,SI,1
2026,2026-05-13,5,76403,LA VICTORIA,ARO NORTE CARTAGO,CANINO,2 VISITAS,2 VISITAS,OBSERVADO SANO,1,SI,1
2026,2026-05-13,5,76403,LA VICTORIA,ARO NORTE CARTAGO,CANINO,3 O MÁS VISITAS,3 VISITAS FUERA DE 10 DÍAS O CON INCONSISTENCIA,OBSERVADO SANO,1,NO,1
2026,2026-05-13,5,76497,OBANDO,ARO NORTE CARTAGO,CANINO,1 VISITA,1 VISITA,PERDIDO O DESAPARECIDO,1,SI,1
2026,2026-05-13,5,76616,RIOFRIO,ARO CENTRO TULUA,CANINO,3 O MÁS VISITAS,3 VISITAS FUERA DE 10 DÍAS O CON INCONSISTENCIA,SIN CLASIFICAR,2,NO,1
2026,2026-05-13,5,76616,RIOFRIO,ARO CENTRO TULUA,CANINO,3 O MÁS VISITAS,3 VISITAS FUERA DE 10 DÍAS O CON INCONSISTENCIA,SIN CLASIFICAR,2,SI,1
2026,2026-05-13,5,76616,RIOFRIO,ARO CENTRO TULUA,CANINO,3 O MÁS VISITAS,CUMPLE,SIN CLASIFICAR,2,SI,1
2026,2026-05-13,5,76616,RIOFRIO,ARO CENTRO TULUA,FELINO,3 O MÁS VISITAS,3 VISITAS FUERA DE 10 DÍAS O CON INCONSISTENCIA,SIN CLASIFICAR,2,NO,2
2026,2026-05-13,5,76736,SEVILLA,ARO CENTRO TULUA,CANINO,1 VISITA,1 VISITA,CALLEJERO,1,NO,3
2026,2026-05-13,5,76736,SEVILLA,ARO CENTRO TULUA,CANINO,1 VISITA,1 VISITA,CALLEJERO,1,SI,1
2026,2026-05-13,5,76736,SEVILLA,ARO CENTRO TULUA,CANINO,1 VISITA,1 VISITA,OBSERVADO SANO,1,NO,1
2026,2026-05-13,5,76736,SEVILLA,ARO CENTRO TULUA,CANINO,1 VISITA,1 VISITA,SIN CLASIFICAR,1,NO,3
2026,2026-05-13,5,76845,ULLOA,ARO NORTE CARTAGO,CANINO,1 VISITA,1 VISITA,OBSERVADO SANO,1,NO,1
2026,2026-05-13,5,76895,ZARZAL,ARO CENTRO TULUA,CANINO,1 VISITA,1 VISITA,CALLEJERO,1,SI,1
2026,2026-05-13,5,76895,ZARZAL,ARO CENTRO TULUA,SIN DATO,1 VISITA,1 VISITA,CALLEJERO,1,SI,1
2026,2026-05-14,5,76036,ANDALUCIA,ARO CENTRO TULUA,CANINO,1 VISITA,1 VISITA,SIN CLASIFICAR,1,SI,1
2026,2026-05-14,5,76036,ANDALUCIA,ARO CENTRO TULUA,CANINO,3 O MÁS VISITAS,3 VISITAS FUERA DE 10 DÍAS O CON INCONSISTENCIA,SIN CLASIFICAR,3,NO,2
2026,2026-05-14,5,76036,ANDALUCIA,ARO CENTRO TULUA,FELINO,3 O MÁS VISITAS,3 VISITAS FUERA DE 10 DÍAS O CON INCONSISTENCIA,SIN CLASIFICAR,3,NO,1
2026,2026-05-14,5,76041,ANSERMANUEVO,ARO NORTE CARTAGO,CANINO,1 VISITA,1 VISITA,NO OBSERVADO,1,SI,2
2026,2026-05-14,5,76041,ANSERMANUEVO,ARO NORTE CARTAGO,CANINO,2 VISITAS,2 VISITAS,NO OBSERVADO,2,NO,1
2026,2026-05-14,5,76054,ARGELIA,ARO NORTE CARTAGO,FELINO,3 O MÁS VISITAS,3 VISITAS FUERA DE 10 DÍAS O CON INCONSISTENCIA,OBSERVADO SANO,1,SI,1
2026,2026-05-14,5,76113,BUGALAGRANDE,ARO CENTRO TULUA,CANINO,1 VISITA,1 VISITA,SIN CLASIFICAR,1,NO,1
2026,2026-05-14,5,76113,BUGALAGRANDE,ARO CENTRO TULUA,CANINO,1 VISITA,1 VISITA,SIN CLASIFICAR,1,SI,2
2026,2026-05-14,5,76122,CAICEDONIA,ARO CENTRO TULUA,CANINO,1 VISITA,1 VISITA,OBSERVADO SANO,1,SI,1
2026,2026-05-14,5,76233,DAGUA,ARO SUR CALI,CANINO,1 VISITA,1 VISITA,PERDIDO O DESAPARECIDO,1,NO,4
2026,2026-05-14,5,76233,DAGUA,ARO SUR CALI,CANINO,1 VISITA,1 VISITA,SIN CLASIFICAR,1,NO,2
2026,2026-05-14,5,76233,DAGUA,ARO SUR CALI,CANINO,2 VISITAS,2 VISITAS,PERDIDO O DESAPARECIDO,2,NO,2
2026,2026-05-14,5,76275,FLORIDA,ARO SUR CALI,CANINO,1 VISITA,1 VISITA,PERDIDO O DESAPARECIDO,1,SI,3
2026,2026-05-14,5,76275,FLORIDA,ARO SUR CALI,CANINO,2 VISITAS,2 VISITAS,PERDIDO O DESAPARECIDO,2,SI,1
2026,2026-05-14,5,76400,LA UNION,ARO NORTE CARTAGO,FELINO,1 VISITA,1 VISITA,NO OBSERVABLE,1,SI,1
2026,2026-05-14,5,76563,PRADERA,ARO SUR CALI,CANINO,1 VISITA,1 VISITA,PERDIDO O DESAPARECIDO,1,NO,2
2026,2026-05-14,5,76563,PRADERA,ARO SUR CALI,FELINO,1 VISITA,1 VISITA,PERDIDO O DESAPARECIDO,1,NO,1
2026,2026-05-14,5,76563,PRADERA,ARO SUR CALI,FELINO,1 VISITA,1 VISITA,SIN CLASIFICAR,1,NO,1
2026,2026-05-14,5,76670,SAN PEDRO,ARO CENTRO TULUA,CANINO,1 VISITA,1 VISITA,NO OBSERVADO,1,SI,1
2026,2026-05-14,5,76670,SAN PEDRO,ARO CENTRO TULUA,CANINO,1 VISITA,1 VISITA,SIN CLASIFICAR,1,SI,3
2026,2026-05-14,5,76736,SEVILLA,ARO CENTRO TULUA,CANINO,1 VISITA,1 VISITA,CALLEJERO,1,SI,1
2026,2026-05-14,5,76823,TORO,ARO NORTE CARTAGO,CANINO,1 VISITA,1 VISITA,NO OBSERVADO,1,NO,1
2026,2026-05-14,5,76823,TORO,ARO NORTE CARTAGO,CANINO,1 VISITA,1 VISITA,NO OBSERVADO,1,SI,1
2026,2026-05-14,5,76823,TORO,ARO NORTE CARTAGO,FELINO,2 VISITAS,2 VISITAS,OBSERVADO SANO,1,SI,1
2026,2026-05-14,5,76828,TRUJILLO,ARO CENTRO TULUA,CANINO,1 VISITA,1 VISITA,PERDIDO O DESAPARECIDO,1,SI,1
2026,2026-05-14,5,76828,TRUJILLO,ARO CENTRO TULUA,CANINO,2 VISITAS,2 VISITAS,SIN CLASIFICAR,2,NO,1
2026,2026-05-15,5,76126,CALIMA,ARO CENTRO TULUA,CANINO,1 VISITA,1 VISITA,SIN CLASIFICAR,1,SI,4
2026,2026-05-15,5,76403,LA VICTORIA,ARO NORTE CARTAGO,CANINO,1 VISITA,1 VISITA,PERDIDO O DESAPARECIDO,1,SI,1
2026,2026-05-15,5,76403,LA VICTORIA,ARO NORTE CARTAGO,CANINO,2 VISITAS,2 VISITAS,OBSERVADO SANO,2,SI,1
2026,2026-05-15,5,76616,RIOFRIO,ARO CENTRO TULUA,CANINO,3 O MÁS VISITAS,3 VISITAS FUERA DE 10 DÍAS O CON INCONSISTENCIA,SIN CLASIFICAR,3,NO,2
2026,2026-05-15,5,76616,RIOFRIO,ARO CENTRO TULUA,CANINO,3 O MÁS VISITAS,CUMPLE,SIN CLASIFICAR,3,SI,1
2026,2026-05-15,5,76616,RIOFRIO,ARO CENTRO TULUA,FELINO,3 O MÁS VISITAS,3 VISITAS FUERA DE 10 DÍAS O CON INCONSISTENCIA,SIN CLASIFICAR,3,NO,2
2026,2026-05-16,5,76054,ARGELIA,ARO NORTE CARTAGO,FELINO,3 O MÁS VISITAS,3 VISITAS FUERA DE 10 DÍAS O CON INCONSISTENCIA,OBSERVADO SANO,2,SI,1
2026,2026-05-19,5,76020,ALCALA,ARO NORTE CARTAGO,CANINO,2 VISITAS,2 VISITAS,NO OBSERVABLE,1,SI,2
2026,2026-05-19,5,76020,ALCALA,ARO NORTE CARTAGO,CANINO,2 VISITAS,2 VISITAS,OBSERVADO SANO,1,SI,2
2026,2026-05-19,5,76020,ALCALA,ARO NORTE CARTAGO,FELINO,2 VISITAS,2 VISITAS,OBSERVADO SANO,1,SI,1
2026,2026-05-19,5,76400,LA UNION,ARO NORTE CARTAGO,CANINO,1 VISITA,1 VISITA,NO OBSERVABLE,1,SI,1
2026,2026-05-19,5,76400,LA UNION,ARO NORTE CARTAGO,FELINO,1 VISITA,1 VISITA,NO OBSERVABLE,1,SI,1
2026,2026-05-19,5,76497,OBANDO,ARO NORTE CARTAGO,CANINO,1 VISITA,1 VISITA,PERDIDO O DESAPARECIDO,1,SI,1
2026,2026-05-19,5,76606,RESTREPO,ARO CENTRO TULUA,CANINO,1 VISITA,1 VISITA,SIN CLASIFICAR,1,SI,1
2026,2026-05-19,5,76606,RESTREPO,ARO CENTRO TULUA,CANINO,2 VISITAS,2 VISITAS,PERDIDO O DESAPARECIDO,1,SI,1
2026,2026-05-19,5,76622,ROLDANILLO,ARO NORTE CARTAGO,CANINO,1 VISITA,1 VISITA,NO OBSERVABLE,1,NO,1
2026,2026-05-19,5,76622,ROLDANILLO,ARO NORTE CARTAGO,CANINO,1 VISITA,1 VISITA,NO OBSERVADO,1,NO,1
2026,2026-05-19,5,76622,ROLDANILLO,ARO NORTE CARTAGO,FELINO,1 VISITA,1 VISITA,NO OBSERVADO,1,NO,1
2026,2026-05-19,5,76823,TORO,ARO NORTE CARTAGO,FELINO,2 VISITAS,2 VISITAS,OBSERVADO SANO,2,SI,1
2026,2026-05-19,5,76863,VERSALLES,ARO NORTE CARTAGO,CANINO,1 VISITA,1 VISITA,NO OBSERVADO,1,NO,1
2026,2026-05-20,5,76126,CALIMA,ARO CENTRO TULUA,CANINO,1 VISITA,1 VISITA,NO OBSERVADO,1,SI,1
2026,2026-05-20,5,76126,CALIMA,ARO CENTRO TULUA,CANINO,1 VISITA,1 VISITA,SIN CLASIFICAR,1,SI,4
2026,2026-05-20,5,76248,EL CERRITO,ARO SUR CALI,CANINO,1 VISITA,1 VISITA,PERDIDO O DESAPARECIDO,1,NO,2
2026,2026-05-20,5,76248,EL CERRITO,ARO SUR CALI,CANINO,1 VISITA,1 VISITA,SIN CLASIFICAR,1,NO,3
2026,2026-05-20,5,76248,EL CERRITO,ARO SUR CALI,CANINO,2 VISITAS,2 VISITAS,SIN CLASIFICAR,2,NO,3
2026,2026-05-20,5,76306,GINEBRA,ARO SUR CALI,CANINO,1 VISITA,1 VISITA,PERDIDO O DESAPARECIDO,1,SI,3
2026,2026-05-20,5,76306,GINEBRA,ARO SUR CALI,CANINO,1 VISITA,1 VISITA,SIN CLASIFICAR,1,SI,1
2026,2026-05-20,5,76306,GINEBRA,ARO SUR CALI,FELINO,1 VISITA,1 VISITA,SIN CLASIFICAR,1,NO,1
2026,2026-05-20,5,76606,RESTREPO,ARO CENTRO TULUA,CANINO,1 VISITA,1 VISITA,PERDIDO O DESAPARECIDO,1,SI,1
2026,2026-05-20,5,76606,RESTREPO,ARO CENTRO TULUA,CANINO,1 VISITA,1 VISITA,SIN CLASIFICAR,1,SI,1
2026,2026-05-20,5,76606,RESTREPO,ARO CENTRO TULUA,CANINO,2 VISITAS,2 VISITAS,PERDIDO O DESAPARECIDO,2,NO,1
2026,2026-05-20,5,76622,ROLDANILLO,ARO NORTE CARTAGO,CANINO,2 VISITAS,2 VISITAS,OBSERVADO SANO,2,NO,1
2026,2026-05-20,5,76670,SAN PEDRO,ARO CENTRO TULUA,CANINO,1 VISITA,1 VISITA,NO OBSERVADO,1,SI,1
2026,2026-05-20,5,76828,TRUJILLO,ARO CENTRO TULUA,CANINO,1 VISITA,1 VISITA,PERDIDO O DESAPARECIDO,1,SI,1
2026,2026-05-20,5,76869,VIJES,ARO SUR CALI,FELINO,1 VISITA,1 VISITA,PERDIDO O DESAPARECIDO,1,NO,2
2026,2026-05-21,5,76020,ALCALA,ARO NORTE CARTAGO,CANINO,1 VISITA,1 VISITA,OBSERVADO SANO,1,SI,1
2026,2026-05-21,5,76020,ALCALA,ARO NORTE CARTAGO,CANINO,2 VISITAS,2 VISITAS,OBSERVADO SANO,2,SI,1
2026,2026-05-21,5,76100,BOLIVAR,ARO CENTRO TULUA,CANINO,2 VISITAS,2 VISITAS,CON SIGNOS REPORTADOS,1,SI,1
2026,2026-05-21,5,76100,BOLIVAR,ARO CENTRO TULUA,CANINO,2 VISITAS,2 VISITAS,SIN CLASIFICAR,1,NO,1
2026,2026-05-21,5,76100,BOLIVAR,ARO CENTRO TULUA,CANINO,2 VISITAS,2 VISITAS,SIN CLASIFICAR,1,SI,1
2026,2026-05-21,5,76113,BUGALAGRANDE,ARO CENTRO TULUA,CANINO,1 VISITA,1 VISITA,CALLEJERO,1,SI,1
2026,2026-05-21,5,76113,BUGALAGRANDE,ARO CENTRO TULUA,CANINO,1 VISITA,1 VISITA,SIN CLASIFICAR,1,NO,1
2026,2026-05-21,5,76122,CAICEDONIA,ARO CENTRO TULUA,CANINO,1 VISITA,1 VISITA,CALLEJERO,1,SI,2
2026,2026-05-21,5,76122,CAICEDONIA,ARO CENTRO TULUA,CANINO,1 VISITA,1 VISITA,NO OBSERVABLE,1,SI,3
2026,2026-05-21,5,76122,CAICEDONIA,ARO CENTRO TULUA,FELINO,1 VISITA,1 VISITA,OBSERVADO SANO,1,SI,2
2026,2026-05-21,5,76233,DAGUA,ARO SUR CALI,CANINO,1 VISITA,1 VISITA,PERDIDO O DESAPARECIDO,1,NO,2
2026,2026-05-21,5,76233,DAGUA,ARO SUR CALI,CANINO,1 VISITA,1 VISITA,PERDIDO O DESAPARECIDO,1,SI,1
2026,2026-05-21,5,76233,DAGUA,ARO SUR CALI,CANINO,1 VISITA,1 VISITA,SIN CLASIFICAR,1,NO,1
2026,2026-05-21,5,76233,DAGUA,ARO SUR CALI,FELINO,1 VISITA,1 VISITA,SIN CLASIFICAR,1,NO,1
2026,2026-05-21,5,76275,FLORIDA,ARO SUR CALI,CANINO,1 VISITA,1 VISITA,PERDIDO O DESAPARECIDO,1,SI,6
2026,2026-05-21,5,76318,GUACARI,ARO SUR CALI,CANINO,1 VISITA,1 VISITA,PERDIDO O DESAPARECIDO,1,NO,2
2026,2026-05-21,5,76318,GUACARI,ARO SUR CALI,FELINO,1 VISITA,1 VISITA,SIN CLASIFICAR,1,NO,1
2026,2026-05-21,5,76563,PRADERA,ARO SUR CALI,CANINO,1 VISITA,1 VISITA,PERDIDO O DESAPARECIDO,1,NO,4
2026,2026-05-21,5,76563,PRADERA,ARO SUR CALI,CANINO,1 VISITA,1 VISITA,SIN CLASIFICAR,1,NO,1
2026,2026-05-21,5,76606,RESTREPO,ARO CENTRO TULUA,CANINO,1 VISITA,1 VISITA,PERDIDO O DESAPARECIDO,1,SI,1
2026,2026-05-21,5,76606,RESTREPO,ARO CENTRO TULUA,FELINO,1 VISITA,1 VISITA,SIN CLASIFICAR,1,SI,1
2026,2026-05-21,5,76895,ZARZAL,ARO CENTRO TULUA,CANINO,1 VISITA,1 VISITA,CALLEJERO,1,SI,1
2026,2026-05-21,5,76895,ZARZAL,ARO CENTRO TULUA,FELINO,1 VISITA,1 VISITA,CON SIGNOS REPORTADOS,1,SI,1
2026,2026-05-22,5,76020,ALCALA,ARO NORTE CARTAGO,CANINO,2 VISITAS,2 VISITAS,NO OBSERVABLE,2,SI,1
2026,2026-05-22,5,76020,ALCALA,ARO NORTE CARTAGO,FELINO,2 VISITAS,2 VISITAS,OBSERVADO SANO,2,SI,1
2026,2026-05-22,5,76054,ARGELIA,ARO NORTE CARTAGO,FELINO,3 O MÁS VISITAS,3 VISITAS FUERA DE 10 DÍAS O CON INCONSISTENCIA,OBSERVADO SANO,3,NO,1
2026,2026-05-22,5,76400,LA UNION,ARO NORTE CARTAGO,CANINO,1 VISITA,1 VISITA,PERDIDO O DESAPARECIDO,1,NO,1
2026,2026-05-22,5,76400,LA UNION,ARO NORTE CARTAGO,FELINO,1 VISITA,1 VISITA,PERDIDO O DESAPARECIDO,1,SI,1
2026,2026-05-22,5,76622,ROLDANILLO,ARO NORTE CARTAGO,CANINO,2 VISITAS,2 VISITAS,OBSERVADO SANO,1,NO,1
2026,2026-05-22,5,76736,SEVILLA,ARO CENTRO TULUA,CANINO,1 VISITA,1 VISITA,CALLEJERO,1,SI,1
2026,2026-05-22,5,76736,SEVILLA,ARO CENTRO TULUA,CANINO,1 VISITA,1 VISITA,SIN CLASIFICAR,1,SI,1
2026,2026-05-22,5,76736,SEVILLA,ARO CENTRO TULUA,CANINO,2 VISITAS,2 VISITAS,NO OBSERVABLE,1,NO,1
2026,2026-05-22,5,76736,SEVILLA,ARO CENTRO TULUA,CANINO,2 VISITAS,2 VISITAS,NO OBSERVABLE,1,SI,2
2026,2026-05-22,5,76823,TORO,ARO NORTE CARTAGO,CANINO,2 VISITAS,2 VISITAS,OBSERVADO SANO,1,SI,1
2026,2026-05-22,5,76890,YOTOCO,ARO CENTRO TULUA,FELINO,1 VISITA,1 VISITA,SIN CLASIFICAR,1,SI,1
2026,2026-05-25,5,76020,ALCALA,ARO NORTE CARTAGO,CANINO,2 VISITAS,2 VISITAS,OBSERVADO SANO,2,NO,1
2026,2026-05-25,5,76036,ANDALUCIA,ARO CENTRO TULUA,CANINO,1 VISITA,1 VISITA,SIN CLASIFICAR,1,SI,1
2026,2026-05-25,5,76036,ANDALUCIA,ARO CENTRO TULUA,CANINO,3 O MÁS VISITAS,CUMPLE,SIN CLASIFICAR,1,SI,3
2026,2026-05-25,5,76036,ANDALUCIA,ARO CENTRO TULUA,FELINO,3 O MÁS VISITAS,3 VISITAS FUERA DE 10 DÍAS O CON INCONSISTENCIA,SIN CLASIFICAR,1,NO,1
2026,2026-05-25,5,76036,ANDALUCIA,ARO CENTRO TULUA,FELINO,3 O MÁS VISITAS,CUMPLE,SIN CLASIFICAR,1,SI,1
2026,2026-05-25,5,76113,BUGALAGRANDE,ARO CENTRO TULUA,FELINO,1 VISITA,1 VISITA,SIN CLASIFICAR,1,NO,1
2026,2026-05-25,5,76250,EL DOVIO,ARO NORTE CARTAGO,CANINO,1 VISITA,1 VISITA,NO OBSERVADO,1,NO,1
2026,2026-05-25,5,76250,EL DOVIO,ARO NORTE CARTAGO,CANINO,1 VISITA,1 VISITA,PERDIDO O DESAPARECIDO,1,NO,1
2026,2026-05-25,5,76400,LA UNION,ARO NORTE CARTAGO,CANINO,1 VISITA,1 VISITA,PERDIDO O DESAPARECIDO,1,SI,2
2026,2026-05-25,5,76497,OBANDO,ARO NORTE CARTAGO,FELINO,3 O MÁS VISITAS,CUMPLE,OBSERVADO SANO,1,SI,1
2026,2026-05-25,5,76736,SEVILLA,ARO CENTRO TULUA,CANINO,2 VISITAS,2 VISITAS,NO OBSERVABLE,2,NO,1
2026,2026-05-25,5,76736,SEVILLA,ARO CENTRO TULUA,CANINO,2 VISITAS,2 VISITAS,NO OBSERVABLE,2,SI,2
2026,2026-05-25,5,76823,TORO,ARO NORTE CARTAGO,CANINO,2 VISITAS,2 VISITAS,OBSERVADO SANO,2,SI,1
2026,2026-05-26,5,76246,EL CAIRO,ARO NORTE CARTAGO,CANINO,3 O MÁS VISITAS,CUMPLE,CON SIGNOS REPORTADOS,1,SI,1
2026,2026-05-26,5,76248,EL CERRITO,ARO SUR CALI,CANINO,1 VISITA,1 VISITA,PERDIDO O DESAPARECIDO,1,NO,2
2026,2026-05-26,5,76248,EL CERRITO,ARO SUR CALI,CANINO,1 VISITA,1 VISITA,PERDIDO O DESAPARECIDO,1,SI,1
2026,2026-05-26,5,76248,EL CERRITO,ARO SUR CALI,CANINO,1 VISITA,1 VISITA,SIN CLASIFICAR,1,NO,4
2026,2026-05-26,5,76248,EL CERRITO,ARO SUR CALI,FELINO,1 VISITA,1 VISITA,PERDIDO O DESAPARECIDO,1,SI,1
2026,2026-05-26,5,76606,RESTREPO,ARO CENTRO TULUA,CANINO,1 VISITA,1 VISITA,SIN CLASIFICAR,1,SI,4
2026,2026-05-27,5,76020,ALCALA,ARO NORTE CARTAGO,CANINO,2 VISITAS,2 VISITAS,NO OBSERVABLE,2,SI,1
2026,2026-05-27,5,76020,ALCALA,ARO NORTE CARTAGO,FELINO,2 VISITAS,2 VISITAS,OBSERVADO SANO,1,SI,1
2026,2026-05-27,5,76036,ANDALUCIA,ARO CENTRO TULUA,CANINO,3 O MÁS VISITAS,CUMPLE,SIN CLASIFICAR,2,SI,3
2026,2026-05-27,5,76036,ANDALUCIA,ARO CENTRO TULUA,FELINO,3 O MÁS VISITAS,3 VISITAS FUERA DE 10 DÍAS O CON INCONSISTENCIA,SIN CLASIFICAR,2,NO,1
2026,2026-05-27,5,76036,ANDALUCIA,ARO CENTRO TULUA,FELINO,3 O MÁS VISITAS,CUMPLE,SIN CLASIFICAR,2,SI,1
2026,2026-05-27,5,76233,DAGUA,ARO SUR CALI,CANINO,1 VISITA,1 VISITA,PERDIDO O DESAPARECIDO,1,NO,3
2026,2026-05-27,5,76233,DAGUA,ARO SUR CALI,CANINO,1 VISITA,1 VISITA,PERDIDO O DESAPARECIDO,1,SI,4
2026,2026-05-27,5,76275,FLORIDA,ARO SUR CALI,CANINO,2 VISITAS,2 VISITAS,PERDIDO O DESAPARECIDO,1,SI,2
2026,2026-05-27,5,76275,FLORIDA,ARO SUR CALI,FELINO,1 VISITA,1 VISITA,PERDIDO O DESAPARECIDO,1,SI,1
2026,2026-05-27,5,76275,FLORIDA,ARO SUR CALI,FELINO,2 VISITAS,2 VISITAS,SIN CLASIFICAR,1,SI,1
2026,2026-05-27,5,76275,FLORIDA,ARO SUR CALI,FELINO,3 O MÁS VISITAS,CUMPLE,OBSERVADO SANO,1,SI,1
2026,2026-05-27,5,76318,GUACARI,ARO SUR CALI,CANINO,1 VISITA,1 VISITA,CALLEJERO,1,NO,1
2026,2026-05-27,5,76318,GUACARI,ARO SUR CALI,CANINO,1 VISITA,1 VISITA,SIN CLASIFICAR,1,NO,1
2026,2026-05-27,5,76318,GUACARI,ARO SUR CALI,FELINO,1 VISITA,1 VISITA,SIN CLASIFICAR,1,SI,1
2026,2026-05-27,5,76403,LA VICTORIA,ARO NORTE CARTAGO,CANINO,1 VISITA,1 VISITA,PERDIDO O DESAPARECIDO,1,NO,1
2026,2026-05-27,5,76497,OBANDO,ARO NORTE CARTAGO,FELINO,3 O MÁS VISITAS,CUMPLE,OBSERVADO SANO,2,SI,1
2026,2026-05-27,5,76563,PRADERA,ARO SUR CALI,CANINO,1 VISITA,1 VISITA,PERDIDO O DESAPARECIDO,1,NO,2
2026,2026-05-27,5,76563,PRADERA,ARO SUR CALI,FELINO,1 VISITA,1 VISITA,PERDIDO O DESAPARECIDO,1,NO,4
2026,2026-05-27,5,76736,SEVILLA,ARO CENTRO TULUA,CANINO,2 VISITAS,2 VISITAS,OBSERVADO SANO,1,SI,2
2026,2026-05-28,5,76100,BOLIVAR,ARO CENTRO TULUA,CANINO,1 VISITA,1 VISITA,CALLEJERO,1,SI,1
2026,2026-05-28,5,76100,BOLIVAR,ARO CENTRO TULUA,CANINO,2 VISITAS,2 VISITAS,CON SIGNOS REPORTADOS,2,NO,1
2026,2026-05-28,5,76100,BOLIVAR,ARO CENTRO TULUA,CANINO,2 VISITAS,2 VISITAS,SIN CLASIFICAR,2,NO,2
2026,2026-05-28,5,76122,CAICEDONIA,ARO CENTRO TULUA,CANINO,1 VISITA,1 VISITA,OBSERVADO SANO,1,SI,1
2026,2026-05-28,5,76126,CALIMA,ARO CENTRO TULUA,CANINO,1 VISITA,1 VISITA,SIN CLASIFICAR,1,SI,1
2026,2026-05-28,5,76246,EL CAIRO,ARO NORTE CARTAGO,CANINO,3 O MÁS VISITAS,CUMPLE,CON SIGNOS REPORTADOS,2,SI,1
2026,2026-05-28,5,76670,SAN PEDRO,ARO CENTRO TULUA,CANINO,1 VISITA,1 VISITA,SIN CLASIFICAR,1,SI,1
2026,2026-05-28,5,76736,SEVILLA,ARO CENTRO TULUA,CANINO,1 VISITA,1 VISITA,NO OBSERVABLE,1,SI,2
2026,2026-05-29,5,76036,ANDALUCIA,ARO CENTRO TULUA,CANINO,3 O MÁS VISITAS,CUMPLE,SIN CLASIFICAR,3,SI,3
2026,2026-05-29,5,76036,ANDALUCIA,ARO CENTRO TULUA,FELINO,3 O MÁS VISITAS,3 VISITAS FUERA DE 10 DÍAS O CON INCONSISTENCIA,SIN CLASIFICAR,3,NO,1
2026,2026-05-29,5,76036,ANDALUCIA,ARO CENTRO TULUA,FELINO,3 O MÁS VISITAS,CUMPLE,SIN CLASIFICAR,3,SI,1
2026,2026-05-29,5,76275,FLORIDA,ARO SUR CALI,CANINO,2 VISITAS,2 VISITAS,PERDIDO O DESAPARECIDO,2,SI,2
2026,2026-05-29,5,76275,FLORIDA,ARO SUR CALI,FELINO,2 VISITAS,2 VISITAS,SIN CLASIFICAR,2,SI,1
2026,2026-05-29,5,76275,FLORIDA,ARO SUR CALI,FELINO,3 O MÁS VISITAS,CUMPLE,OBSERVADO SANO,2,SI,1
2026,2026-05-29,5,76400,LA UNION,ARO NORTE CARTAGO,CANINO,1 VISITA,1 VISITA,PERDIDO O DESAPARECIDO,1,SI,1
2026,2026-05-29,5,76497,OBANDO,ARO NORTE CARTAGO,FELINO,3 O MÁS VISITAS,CUMPLE,OBSERVADO SANO,3,SI,1
2026,2026-05-29,5,76670,SAN PEDRO,ARO CENTRO TULUA,CANINO,1 VISITA,1 VISITA,SIN CLASIFICAR,1,SI,3
2026,2026-05-29,5,76670,SAN PEDRO,ARO CENTRO TULUA,OTRO,1 VISITA,1 VISITA,SIN CLASIFICAR,1,SI,1
2026,2026-05-29,5,76736,SEVILLA,ARO CENTRO TULUA,CANINO,2 VISITAS,2 VISITAS,OBSERVADO SANO,2,NO,2
2026,2026-06-01,6,76036,ANDALUCIA,ARO CENTRO TULUA,CANINO,3 O MÁS VISITAS,CUMPLE,SIN CLASIFICAR,1,SI,3
2026,2026-06-01,6,76036,ANDALUCIA,ARO CENTRO TULUA,FELINO,1 VISITA,1 VISITA,SIN CLASIFICAR,1,NO,1
2026,2026-06-01,6,76036,ANDALUCIA,ARO CENTRO TULUA,FELINO,3 O MÁS VISITAS,CUMPLE,SIN CLASIFICAR,1,SI,1
2026,2026-06-01,6,76036,ANDALUCIA,ARO CENTRO TULUA,OTRO,3 O MÁS VISITAS,3 VISITAS FUERA DE 10 DÍAS O CON INCONSISTENCIA,SIN CLASIFICAR,1,NO,1
2026,2026-06-01,6,76246,EL CAIRO,ARO NORTE CARTAGO,CANINO,3 O MÁS VISITAS,CUMPLE,CON SIGNOS REPORTADOS,3,SI,1
2026,2026-06-01,6,76250,EL DOVIO,ARO NORTE CARTAGO,FELINO,1 VISITA,1 VISITA,MUERTO,1,SI,2
2026,2026-06-01,6,76400,LA UNION,ARO NORTE CARTAGO,CANINO,1 VISITA,1 VISITA,OBSERVADO SANO,1,NO,2
2026,2026-06-01,6,76400,LA UNION,ARO NORTE CARTAGO,CANINO,1 VISITA,1 VISITA,OBSERVADO SANO,1,SI,1
2026,2026-06-01,6,76400,LA UNION,ARO NORTE CARTAGO,FELINO,1 VISITA,1 VISITA,OBSERVADO SANO,1,SI,1
2026,2026-06-01,6,76400,LA UNION,ARO NORTE CARTAGO,FELINO,1 VISITA,1 VISITA,PERDIDO O DESAPARECIDO,1,SI,1
2026,2026-06-01,6,76616,RIOFRIO,ARO CENTRO TULUA,CANINO,3 O MÁS VISITAS,3 VISITAS FUERA DE 10 DÍAS O CON INCONSISTENCIA,SIN CLASIFICAR,1,SI,1
2026,2026-06-01,6,76863,VERSALLES,ARO NORTE CARTAGO,CANINO,1 VISITA,1 VISITA,NO OBSERVADO,1,NO,1
2026,2026-06-02,6,76113,BUGALAGRANDE,ARO CENTRO TULUA,CANINO,1 VISITA,1 VISITA,SIN CLASIFICAR,1,NO,1
2026,2026-06-02,6,76233,DAGUA,ARO SUR CALI,CANINO,1 VISITA,1 VISITA,SIN CLASIFICAR,1,NO,6
2026,2026-06-02,6,76248,EL CERRITO,ARO SUR CALI,CANINO,1 VISITA,1 VISITA,CON SIGNOS REPORTADOS,1,SI,1
2026,2026-06-02,6,76248,EL CERRITO,ARO SUR CALI,CANINO,1 VISITA,1 VISITA,PERDIDO O DESAPARECIDO,1,NO,1
2026,2026-06-02,6,76248,EL CERRITO,ARO SUR CALI,CANINO,1 VISITA,1 VISITA,PERDIDO O DESAPARECIDO,1,SI,1
2026,2026-06-02,6,76248,EL CERRITO,ARO SUR CALI,CANINO,2 VISITAS,2 VISITAS,SIN CLASIFICAR,1,SI,1
2026,2026-06-02,6,76248,EL CERRITO,ARO SUR CALI,CANINO,3 O MÁS VISITAS,3 VISITAS FUERA DE 10 DÍAS O CON INCONSISTENCIA,SIN CLASIFICAR,1,SI,1
2026,2026-06-02,6,76248,EL CERRITO,ARO SUR CALI,CANINO,3 O MÁS VISITAS,CUMPLE,SIN CLASIFICAR,1,SI,2
2026,2026-06-02,6,76248,EL CERRITO,ARO SUR CALI,FELINO,3 O MÁS VISITAS,3 VISITAS FUERA DE 10 DÍAS O CON INCONSISTENCIA,SIN CLASIFICAR,1,SI,1
2026,2026-06-02,6,76275,FLORIDA,ARO SUR CALI,CANINO,1 VISITA,1 VISITA,PERDIDO O DESAPARECIDO,1,SI,3
2026,2026-06-02,6,76275,FLORIDA,ARO SUR CALI,CANINO,1 VISITA,1 VISITA,SIN CLASIFICAR,1,SI,1
2026,2026-06-02,6,76275,FLORIDA,ARO SUR CALI,FELINO,3 O MÁS VISITAS,CUMPLE,OBSERVADO SANO,3,SI,1
2026,2026-06-02,6,76306,GINEBRA,ARO SUR CALI,CANINO,1 VISITA,1 VISITA,PERDIDO O DESAPARECIDO,1,NO,1
2026,2026-06-02,6,76306,GINEBRA,ARO SUR CALI,CANINO,1 VISITA,1 VISITA,PERDIDO O DESAPARECIDO,1,SI,1
2026,2026-06-02,6,76306,GINEBRA,ARO SUR CALI,CANINO,1 VISITA,1 VISITA,SIN CLASIFICAR,1,NO,1
2026,2026-06-02,6,76306,GINEBRA,ARO SUR CALI,CANINO,1 VISITA,1 VISITA,SIN CLASIFICAR,1,SI,1
2026,2026-06-02,6,76318,GUACARI,ARO SUR CALI,CANINO,1 VISITA,1 VISITA,CALLEJERO,1,NO,1
2026,2026-06-02,6,76318,GUACARI,ARO SUR CALI,CANINO,1 VISITA,1 VISITA,PERDIDO O DESAPARECIDO,1,NO,1
2026,2026-06-02,6,76318,GUACARI,ARO SUR CALI,CANINO,1 VISITA,1 VISITA,SIN CLASIFICAR,1,NO,2
2026,2026-06-02,6,76400,LA UNION,ARO NORTE CARTAGO,FELINO,2 VISITAS,2 VISITAS,OBSERVADO SANO,1,SI,1
2026,2026-06-02,6,76563,PRADERA,ARO SUR CALI,CANINO,1 VISITA,1 VISITA,PERDIDO O DESAPARECIDO,1,NO,2
2026,2026-06-02,6,76563,PRADERA,ARO SUR CALI,CANINO,1 VISITA,1 VISITA,PERDIDO O DESAPARECIDO,1,SI,1
2026,2026-06-02,6,76563,PRADERA,ARO SUR CALI,CANINO,1 VISITA,1 VISITA,SIN CLASIFICAR,1,NO,2
2026,2026-06-02,6,76606,RESTREPO,ARO CENTRO TULUA,CANINO,1 VISITA,1 VISITA,PERDIDO O DESAPARECIDO,1,SI,2
2026,2026-06-02,6,76606,RESTREPO,ARO CENTRO TULUA,CANINO,1 VISITA,1 VISITA,SIN CLASIFICAR,1,SI,1
2026,2026-06-02,6,76622,ROLDANILLO,ARO NORTE CARTAGO,CANINO,1 VISITA,1 VISITA,NO OBSERVADO,1,NO,3
2026,2026-06-02,6,76622,ROLDANILLO,ARO NORTE CARTAGO,FELINO,1 VISITA,1 VISITA,NO OBSERVADO,1,NO,1
2026,2026-06-02,6,76622,ROLDANILLO,ARO NORTE CARTAGO,FELINO,2 VISITAS,2 VISITAS,NO OBSERVABLE,1,NO,1
2026,2026-06-02,6,76823,TORO,ARO NORTE CARTAGO,CANINO,1 VISITA,1 VISITA,NO OBSERVABLE,1,NO,1
2026,2026-06-02,6,76823,TORO,ARO NORTE CARTAGO,CANINO,1 VISITA,1 VISITA,NO OBSERVADO,1,SI,1
2026,2026-06-02,6,76823,TORO,ARO NORTE CARTAGO,CANINO,2 VISITAS,2 VISITAS,OBSERVADO SANO,1,NO,1
2026,2026-06-02,6,76895,ZARZAL,ARO CENTRO TULUA,CANINO,1 VISITA,1 VISITA,CALLEJERO,1,SI,2
2026,2026-06-02,6,76895,ZARZAL,ARO CENTRO TULUA,CANINO,2 VISITAS,2 VISITAS,CALLEJERO,1,SI,1
2026,2026-06-02,6,76895,ZARZAL,ARO CENTRO TULUA,CANINO,2 VISITAS,2 VISITAS,SIN CLASIFICAR,1,SI,1
2026,2026-06-03,6,76020,ALCALA,ARO NORTE CARTAGO,FELINO,1 VISITA,1 VISITA,NO OBSERVADO,1,SI,1
2026,2026-06-03,6,76036,ANDALUCIA,ARO CENTRO TULUA,CANINO,3 O MÁS VISITAS,CUMPLE,SIN CLASIFICAR,2,SI,3
2026,2026-06-03,6,76036,ANDALUCIA,ARO CENTRO TULUA,FELINO,3 O MÁS VISITAS,CUMPLE,SIN CLASIFICAR,2,SI,1
2026,2026-06-03,6,76041,ANSERMANUEVO,ARO NORTE CARTAGO,CANINO,3 O MÁS VISITAS,3 VISITAS FUERA DE 10 DÍAS O CON INCONSISTENCIA,OBSERVADO SANO,1,SI,1
2026,2026-06-03,6,76041,ANSERMANUEVO,ARO NORTE CARTAGO,CANINO,3 O MÁS VISITAS,3 VISITAS FUERA DE 10 DÍAS O CON INCONSISTENCIA,OBSERVADO SANO,2,NO,1
2026,2026-06-03,6,76041,ANSERMANUEVO,ARO NORTE CARTAGO,FELINO,1 VISITA,1 VISITA,NO OBSERVADO,1,SI,1
2026,2026-06-03,6,76122,CAICEDONIA,ARO CENTRO TULUA,CANINO,1 VISITA,1 VISITA,CALLEJERO,1,SI,1
2026,2026-06-03,6,76122,CAICEDONIA,ARO CENTRO TULUA,CANINO,2 VISITAS,2 VISITAS,OBSERVADO SANO,1,SI,1
2026,2026-06-03,6,76233,DAGUA,ARO SUR CALI,CANINO,1 VISITA,1 VISITA,PERDIDO O DESAPARECIDO,1,SI,2
2026,2026-06-03,6,76233,DAGUA,ARO SUR CALI,CANINO,1 VISITA,1 VISITA,SIN CLASIFICAR,1,NO,1
2026,2026-06-03,6,76233,DAGUA,ARO SUR CALI,CANINO,2 VISITAS,2 VISITAS,SIN CLASIFICAR,1,SI,1
2026,2026-06-03,6,76233,DAGUA,ARO SUR CALI,FELINO,1 VISITA,1 VISITA,PERDIDO O DESAPARECIDO,1,NO,1
2026,2026-06-03,6,76233,DAGUA,ARO SUR CALI,FELINO,2 VISITAS,2 VISITAS,SIN CLASIFICAR,1,SI,1
2026,2026-06-03,6,76400,LA UNION,ARO NORTE CARTAGO,CANINO,1 VISITA,1 VISITA,OBSERVADO SANO,1,SI,1
2026,2026-06-03,6,76616,RIOFRIO,ARO CENTRO TULUA,CANINO,3 O MÁS VISITAS,3 VISITAS FUERA DE 10 DÍAS O CON INCONSISTENCIA,SIN CLASIFICAR,2,SI,1
2026,2026-06-03,6,76736,SEVILLA,ARO CENTRO TULUA,CANINO,1 VISITA,1 VISITA,NO OBSERVABLE,1,SI,1
2026,2026-06-03,6,76736,SEVILLA,ARO CENTRO TULUA,CANINO,2 VISITAS,2 VISITAS,OBSERVADO SANO,1,SI,3
2026,2026-06-03,6,76828,TRUJILLO,ARO CENTRO TULUA,CANINO,1 VISITA,1 VISITA,PERDIDO O DESAPARECIDO,1,SI,1
2026,2026-06-03,6,76890,YOTOCO,ARO CENTRO TULUA,CANINO,1 VISITA,1 VISITA,PERDIDO O DESAPARECIDO,1,SI,1
2026,2026-06-03,6,76890,YOTOCO,ARO CENTRO TULUA,CANINO,1 VISITA,1 VISITA,SIN CLASIFICAR,1,SI,1
2026,2026-06-03,6,76890,YOTOCO,ARO CENTRO TULUA,FELINO,1 VISITA,1 VISITA,PERDIDO O DESAPARECIDO,1,SI,1
2026,2026-06-04,6,76020,ALCALA,ARO NORTE CARTAGO,CANINO,2 VISITAS,2 VISITAS,OBSERVADO SANO,1,SI,1
2026,2026-06-04,6,76020,ALCALA,ARO NORTE CARTAGO,FELINO,2 VISITAS,2 VISITAS,OBSERVADO SANO,2,SI,1
2026,2026-06-04,6,76036,ANDALUCIA,ARO CENTRO TULUA,CANINO,3 O MÁS VISITAS,CUMPLE,SIN CLASIFICAR,3,SI,1
2026,2026-06-04,6,76122,CAICEDONIA,ARO CENTRO TULUA,CANINO,1 VISITA,1 VISITA,CALLEJERO,1,SI,1
2026,2026-06-04,6,76126,CALIMA,ARO CENTRO TULUA,CANINO,1 VISITA,1 VISITA,SIN CLASIFICAR,1,SI,3
2026,2026-06-04,6,76126,CALIMA,ARO CENTRO TULUA,FELINO,1 VISITA,1 VISITA,SIN CLASIFICAR,1,SI,1
2026,2026-06-04,6,76377,LA CUMBRE,ARO SUR CALI,CANINO,1 VISITA,1 VISITA,PERDIDO O DESAPARECIDO,1,NO,2
2026,2026-06-04,6,76377,LA CUMBRE,ARO SUR CALI,CANINO,1 VISITA,1 VISITA,PERDIDO O DESAPARECIDO,1,SI,2
2026,2026-06-04,6,76377,LA CUMBRE,ARO SUR CALI,CANINO,2 VISITAS,2 VISITAS,SIN CLASIFICAR,1,SI,2
2026,2026-06-04,6,76377,LA CUMBRE,ARO SUR CALI,FELINO,2 VISITAS,2 VISITAS,SIN CLASIFICAR,1,NO,1
2026,2026-06-04,6,76400,LA UNION,ARO NORTE CARTAGO,FELINO,1 VISITA,1 VISITA,OBSERVADO SANO,1,SI,2
2026,2026-06-04,6,76400,LA UNION,ARO NORTE CARTAGO,FELINO,2 VISITAS,2 VISITAS,OBSERVADO SANO,2,SI,1
2026,2026-06-04,6,76403,LA VICTORIA,ARO NORTE CARTAGO,CANINO,1 VISITA,1 VISITA,PERDIDO O DESAPARECIDO,1,SI,1
2026,2026-06-04,6,76563,PRADERA,ARO SUR CALI,CANINO,1 VISITA,1 VISITA,OBSERVADO SANO,1,NO,2
2026,2026-06-04,6,76563,PRADERA,ARO SUR CALI,CANINO,1 VISITA,1 VISITA,PERDIDO O DESAPARECIDO,1,NO,2
2026,2026-06-04,6,76606,RESTREPO,ARO CENTRO TULUA,CANINO,1 VISITA,1 VISITA,CALLEJERO,1,SI,1
2026,2026-06-04,6,76606,RESTREPO,ARO CENTRO TULUA,CANINO,1 VISITA,1 VISITA,NO OBSERVABLE,1,SI,1
2026,2026-06-04,6,76736,SEVILLA,ARO CENTRO TULUA,CANINO,2 VISITAS,2 VISITAS,NO OBSERVABLE,1,SI,1
2026,2026-06-04,6,76736,SEVILLA,ARO CENTRO TULUA,CANINO,2 VISITAS,2 VISITAS,OBSERVADO SANO,1,SI,1
2026,2026-06-04,6,76845,ULLOA,ARO NORTE CARTAGO,CANINO,2 VISITAS,2 VISITAS,OBSERVADO SANO,1,SI,1
2026,2026-06-05,6,76036,ANDALUCIA,ARO CENTRO TULUA,CANINO,2 VISITAS,2 VISITAS,CALLEJERO,1,SI,1
2026,2026-06-05,6,76036,ANDALUCIA,ARO CENTRO TULUA,CANINO,3 O MÁS VISITAS,CUMPLE,SIN CLASIFICAR,3,SI,2
2026,2026-06-05,6,76036,ANDALUCIA,ARO CENTRO TULUA,FELINO,3 O MÁS VISITAS,CUMPLE,SIN CLASIFICAR,3,SI,1
2026,2026-06-05,6,76054,ARGELIA,ARO NORTE CARTAGO,FELINO,1 VISITA,1 VISITA,NO OBSERVADO,1,SI,1
2026,2026-06-05,6,76054,ARGELIA,ARO NORTE CARTAGO,FELINO,1 VISITA,1 VISITA,OBSERVADO SANO,1,SI,1
2026,2026-06-05,6,76122,CAICEDONIA,ARO CENTRO TULUA,CANINO,2 VISITAS,2 VISITAS,OBSERVADO SANO,2,SI,1
2026,2026-06-05,6,76248,EL CERRITO,ARO SUR CALI,CANINO,2 VISITAS,2 VISITAS,SIN CLASIFICAR,1,SI,2
2026,2026-06-05,6,76248,EL CERRITO,ARO SUR CALI,CANINO,2 VISITAS,2 VISITAS,SIN CLASIFICAR,2,SI,1
2026,2026-06-05,6,76248,EL CERRITO,ARO SUR CALI,CANINO,3 O MÁS VISITAS,3 VISITAS FUERA DE 10 DÍAS O CON INCONSISTENCIA,SIN CLASIFICAR,2,SI,1
2026,2026-06-05,6,76248,EL CERRITO,ARO SUR CALI,CANINO,3 O MÁS VISITAS,CUMPLE,SIN CLASIFICAR,2,SI,2
2026,2026-06-05,6,76248,EL CERRITO,ARO SUR CALI,FELINO,3 O MÁS VISITAS,3 VISITAS FUERA DE 10 DÍAS O CON INCONSISTENCIA,SIN CLASIFICAR,2,SI,1
2026,2026-06-05,6,76616,RIOFRIO,ARO CENTRO TULUA,CANINO,1 VISITA,1 VISITA,SIN CLASIFICAR,1,NO,3
2026,2026-06-05,6,76616,RIOFRIO,ARO CENTRO TULUA,CANINO,1 VISITA,1 VISITA,SIN CLASIFICAR,1,SI,1
2026,2026-06-05,6,76616,RIOFRIO,ARO CENTRO TULUA,CANINO,3 O MÁS VISITAS,3 VISITAS FUERA DE 10 DÍAS O CON INCONSISTENCIA,SIN CLASIFICAR,3,NO,1
2026,2026-06-05,6,76616,RIOFRIO,ARO CENTRO TULUA,FELINO,1 VISITA,1 VISITA,CALLEJERO,1,NO,1
2026,2026-06-05,6,76736,SEVILLA,ARO CENTRO TULUA,CANINO,2 VISITAS,2 VISITAS,NO OBSERVABLE,2,SI,1
2026,2026-06-05,6,76736,SEVILLA,ARO CENTRO TULUA,CANINO,2 VISITAS,2 VISITAS,OBSERVADO SANO,2,NO,1
2026,2026-06-05,6,76736,SEVILLA,ARO CENTRO TULUA,CANINO,2 VISITAS,2 VISITAS,OBSERVADO SANO,2,SI,2
2026,2026-06-05,6,76823,TORO,ARO NORTE CARTAGO,CANINO,2 VISITAS,2 VISITAS,OBSERVADO SANO,2,NO,1
2026,2026-06-05,6,76895,ZARZAL,ARO CENTRO TULUA,CANINO,1 VISITA,1 VISITA,CALLEJERO,1,SI,1
2026,2026-06-05,6,76895,ZARZAL,ARO CENTRO TULUA,CANINO,2 VISITAS,2 VISITAS,CALLEJERO,2,SI,1
2026,2026-06-05,6,76895,ZARZAL,ARO CENTRO TULUA,CANINO,2 VISITAS,2 VISITAS,SIN CLASIFICAR,2,SI,1
2026,2026-06-05,6,76895,ZARZAL,ARO CENTRO TULUA,FELINO,1 VISITA,1 VISITA,SIN CLASIFICAR,1,SI,1
2026,2026-06-06,6,76622,ROLDANILLO,ARO NORTE CARTAGO,FELINO,2 VISITAS,2 VISITAS,NO OBSERVABLE,2,NO,1
2026,2026-06-06,6,76869,VIJES,ARO SUR CALI,OTRO,1 VISITA,1 VISITA,PERDIDO O DESAPARECIDO,1,SI,1
2026,2026-06-08,6,76622,ROLDANILLO,ARO NORTE CARTAGO,FELINO,1 VISITA,1 VISITA,NO OBSERVADO,1,SI,1
2026,2026-06-09,6,76020,ALCALA,ARO NORTE CARTAGO,CANINO,1 VISITA,1 VISITA,NO OBSERVADO,1,SI,1
2026,2026-06-09,6,76400,LA UNION,ARO NORTE CARTAGO,CANINO,1 VISITA,1 VISITA,NO OBSERVADO,1,SI,2
2026,2026-06-09,6,76400,LA UNION,ARO NORTE CARTAGO,CANINO,1 VISITA,1 VISITA,PERDIDO O DESAPARECIDO,1,SI,1
2026,2026-06-10,6,76054,ARGELIA,ARO NORTE CARTAGO,CANINO,3 O MÁS VISITAS,CUMPLE,OBSERVADO SANO,1,SI,1
2026,2026-06-10,6,76233,DAGUA,ARO SUR CALI,CANINO,1 VISITA,1 VISITA,PERDIDO O DESAPARECIDO,1,SI,2
2026,2026-06-10,6,76233,DAGUA,ARO SUR CALI,CANINO,2 VISITAS,2 VISITAS,SIN CLASIFICAR,1,SI,5
2026,2026-06-10,6,76233,DAGUA,ARO SUR CALI,CANINO,2 VISITAS,2 VISITAS,SIN CLASIFICAR,2,SI,1
2026,2026-06-10,6,76233,DAGUA,ARO SUR CALI,FELINO,2 VISITAS,2 VISITAS,SIN CLASIFICAR,2,NO,1
2026,2026-06-10,6,76248,EL CERRITO,ARO SUR CALI,CANINO,1 VISITA,1 VISITA,SIN CLASIFICAR,1,NO,1
2026,2026-06-10,6,76248,EL CERRITO,ARO SUR CALI,CANINO,2 VISITAS,2 VISITAS,SIN CLASIFICAR,2,NO,2
2026,2026-06-10,6,76248,EL CERRITO,ARO SUR CALI,CANINO,3 O MÁS VISITAS,3 VISITAS FUERA DE 10 DÍAS O CON INCONSISTENCIA,SIN CLASIFICAR,3,NO,1
2026,2026-06-10,6,76248,EL CERRITO,ARO SUR CALI,CANINO,3 O MÁS VISITAS,CUMPLE,SIN CLASIFICAR,3,SI,2
2026,2026-06-10,6,76248,EL CERRITO,ARO SUR CALI,FELINO,3 O MÁS VISITAS,3 VISITAS FUERA DE 10 DÍAS O CON INCONSISTENCIA,SIN CLASIFICAR,3,NO,1
2026,2026-06-10,6,76275,FLORIDA,ARO SUR CALI,CANINO,1 VISITA,1 VISITA,PERDIDO O DESAPARECIDO,1,SI,1
2026,2026-06-10,6,76275,FLORIDA,ARO SUR CALI,CANINO,3 O MÁS VISITAS,CUMPLE,OBSERVADO SANO,1,SI,1
2026,2026-06-10,6,76275,FLORIDA,ARO SUR CALI,CANINO,3 O MÁS VISITAS,CUMPLE,SIN CLASIFICAR,1,SI,1
2026,2026-06-10,6,76275,FLORIDA,ARO SUR CALI,FELINO,1 VISITA,1 VISITA,PERDIDO O DESAPARECIDO,1,SI,2
2026,2026-06-10,6,76306,GINEBRA,ARO SUR CALI,CANINO,1 VISITA,1 VISITA,PERDIDO O DESAPARECIDO,1,NO,1
2026,2026-06-10,6,76306,GINEBRA,ARO SUR CALI,FELINO,1 VISITA,1 VISITA,PERDIDO O DESAPARECIDO,1,NO,1
2026,2026-06-10,6,76306,GINEBRA,ARO SUR CALI,FELINO,1 VISITA,1 VISITA,SIN CLASIFICAR,1,SI,1
2026,2026-06-10,6,76318,GUACARI,ARO SUR CALI,CANINO,1 VISITA,1 VISITA,OBSERVADO SANO,1,NO,1
2026,2026-06-10,6,76318,GUACARI,ARO SUR CALI,CANINO,1 VISITA,1 VISITA,PERDIDO O DESAPARECIDO,1,NO,1
2026,2026-06-10,6,76318,GUACARI,ARO SUR CALI,FELINO,1 VISITA,1 VISITA,OBSERVADO SANO,1,NO,1
2026,2026-06-10,6,76403,LA VICTORIA,ARO NORTE CARTAGO,CANINO,1 VISITA,1 VISITA,NO OBSERVADO,1,SI,1
2026,2026-06-10,6,76403,LA VICTORIA,ARO NORTE CARTAGO,CANINO,1 VISITA,1 VISITA,PERDIDO O DESAPARECIDO,1,NO,1
2026,2026-06-10,6,76403,LA VICTORIA,ARO NORTE CARTAGO,CANINO,2 VISITAS,2 VISITAS,OBSERVADO SANO,1,SI,2
2026,2026-06-10,6,76622,ROLDANILLO,ARO NORTE CARTAGO,CANINO,1 VISITA,1 VISITA,NO OBSERVADO,1,NO,1
2026,2026-06-10,6,76622,ROLDANILLO,ARO NORTE CARTAGO,CANINO,2 VISITAS,2 VISITAS,OBSERVADO SANO,1,NO,2
2026,2026-06-10,6,76622,ROLDANILLO,ARO NORTE CARTAGO,CANINO,2 VISITAS,2 VISITAS,OBSERVADO SANO,2,NO,1
2026,2026-06-10,6,76622,ROLDANILLO,ARO NORTE CARTAGO,FELINO,1 VISITA,1 VISITA,NO OBSERVADO,1,NO,1
2026,2026-06-11,6,76041,ANSERMANUEVO,ARO NORTE CARTAGO,CANINO,1 VISITA,1 VISITA,OBSERVADO SANO,1,NO,1
2026,2026-06-11,6,76041,ANSERMANUEVO,ARO NORTE CARTAGO,CANINO,3 O MÁS VISITAS,3 VISITAS FUERA DE 10 DÍAS O CON INCONSISTENCIA,OBSERVADO SANO,1,SI,1
2026,2026-06-11,6,76041,ANSERMANUEVO,ARO NORTE CARTAGO,CANINO,3 O MÁS VISITAS,3 VISITAS FUERA DE 10 DÍAS O CON INCONSISTENCIA,OBSERVADO SANO,2,NO,1
2026,2026-06-11,6,76054,ARGELIA,ARO NORTE CARTAGO,CANINO,1 VISITA,1 VISITA,NO OBSERVADO,1,SI,1
2026,2026-06-11,6,76100,BOLIVAR,ARO CENTRO TULUA,CANINO,2 VISITAS,2 VISITAS,SIN CLASIFICAR,1,NO,1
2026,2026-06-11,6,76122,CAICEDONIA,ARO CENTRO TULUA,CANINO,1 VISITA,1 VISITA,CALLEJERO,1,SI,3
2026,2026-06-11,6,76122,CAICEDONIA,ARO CENTRO TULUA,CANINO,1 VISITA,1 VISITA,SIN CLASIFICAR,1,SI,1
2026,2026-06-11,6,76122,CAICEDONIA,ARO CENTRO TULUA,CANINO,2 VISITAS,2 VISITAS,OBSERVADO SANO,2,NO,1
2026,2026-06-11,6,76122,CAICEDONIA,ARO CENTRO TULUA,FELINO,1 VISITA,1 VISITA,CALLEJERO,1,SI,1
2026,2026-06-11,6,76126,CALIMA,ARO CENTRO TULUA,CANINO,1 VISITA,1 VISITA,SIN CLASIFICAR,1,SI,3
2026,2026-06-11,6,76250,EL DOVIO,ARO NORTE CARTAGO,CANINO,1 VISITA,1 VISITA,OBSERVADO SANO,1,NO,1
2026,2026-06-11,6,76622,ROLDANILLO,ARO NORTE CARTAGO,CANINO,2 VISITAS,2 VISITAS,OBSERVADO SANO,2,NO,2
2026,2026-06-11,6,76622,ROLDANILLO,ARO NORTE CARTAGO,FELINO,1 VISITA,1 VISITA,OBSERVADO SANO,1,SI,1
2026,2026-06-11,6,76670,SAN PEDRO,ARO CENTRO TULUA,CANINO,1 VISITA,1 VISITA,SIN CLASIFICAR,1,SI,2
2026,2026-06-11,6,76670,SAN PEDRO,ARO CENTRO TULUA,FELINO,1 VISITA,1 VISITA,SIN CLASIFICAR,1,SI,1
2026,2026-06-11,6,76736,SEVILLA,ARO CENTRO TULUA,CANINO,1 VISITA,1 VISITA,CALLEJERO,1,NO,1
2026,2026-06-11,6,76736,SEVILLA,ARO CENTRO TULUA,CANINO,1 VISITA,1 VISITA,SIN CLASIFICAR,1,SI,2
2026,2026-06-11,6,76736,SEVILLA,ARO CENTRO TULUA,FELINO,1 VISITA,1 VISITA,OBSERVADO SANO,1,NO,1
2026,2026-06-12,6,76020,ALCALA,ARO NORTE CARTAGO,CANINO,2 VISITAS,2 VISITAS,OBSERVADO SANO,2,NO,1
2026,2026-06-12,6,76275,FLORIDA,ARO SUR CALI,CANINO,2 VISITAS,2 VISITAS,SIN CLASIFICAR,1,SI,1
2026,2026-06-12,6,76275,FLORIDA,ARO SUR CALI,CANINO,3 O MÁS VISITAS,CUMPLE,OBSERVADO SANO,2,SI,1
2026,2026-06-12,6,76275,FLORIDA,ARO SUR CALI,CANINO,3 O MÁS VISITAS,CUMPLE,SIN CLASIFICAR,2,SI,1
2026,2026-06-12,6,76275,FLORIDA,ARO SUR CALI,FELINO,2 VISITAS,2 VISITAS,SIN CLASIFICAR,1,SI,1
2026,2026-06-12,6,76377,LA CUMBRE,ARO SUR CALI,CANINO,2 VISITAS,2 VISITAS,SIN CLASIFICAR,2,NO,2
2026,2026-06-12,6,76377,LA CUMBRE,ARO SUR CALI,FELINO,2 VISITAS,2 VISITAS,SIN CLASIFICAR,2,NO,1
2026,2026-06-12,6,76403,LA VICTORIA,ARO NORTE CARTAGO,CANINO,2 VISITAS,2 VISITAS,OBSERVADO SANO,2,SI,2
2026,2026-06-12,6,76823,TORO,ARO NORTE CARTAGO,CANINO,1 VISITA,1 VISITA,NO OBSERVABLE,1,NO,1
2026,2026-06-12,6,76823,TORO,ARO NORTE CARTAGO,CANINO,1 VISITA,1 VISITA,NO OBSERVADO,1,SI,2
2026,2026-06-12,6,76845,ULLOA,ARO NORTE CARTAGO,CANINO,2 VISITAS,2 VISITAS,OBSERVADO SANO,2,NO,1
2026,2026-06-12,6,76890,YOTOCO,ARO CENTRO TULUA,CANINO,1 VISITA,1 VISITA,SIN CLASIFICAR,1,SI,3
2026,2026-06-12,6,76890,YOTOCO,ARO CENTRO TULUA,FELINO,1 VISITA,1 VISITA,SIN CLASIFICAR,1,SI,1
2026,2026-06-15,6,76606,RESTREPO,ARO CENTRO TULUA,CANINO,1 VISITA,1 VISITA,CALLEJERO,1,SI,1
2026,2026-06-15,6,76606,RESTREPO,ARO CENTRO TULUA,CANINO,1 VISITA,1 VISITA,NO OBSERVABLE,1,SI,1
2026,2026-06-16,6,76020,ALCALA,ARO NORTE CARTAGO,CANINO,2 VISITAS,2 VISITAS,NO OBSERVADO,1,NO,1
2026,2026-06-16,6,76020,ALCALA,ARO NORTE CARTAGO,CANINO,2 VISITAS,2 VISITAS,OBSERVADO SANO,1,SI,1
2026,2026-06-16,6,76020,ALCALA,ARO NORTE CARTAGO,FELINO,2 VISITAS,2 VISITAS,NO OBSERVABLE,1,SI,1
2026,2026-06-16,6,76036,ANDALUCIA,ARO CENTRO TULUA,CANINO,1 VISITA,1 VISITA,PERDIDO O DESAPARECIDO,1,NO,1
2026,2026-06-16,6,76036,ANDALUCIA,ARO CENTRO TULUA,CANINO,1 VISITA,1 VISITA,SIN CLASIFICAR,1,SI,1
2026,2026-06-16,6,76041,ANSERMANUEVO,ARO NORTE CARTAGO,CANINO,3 O MÁS VISITAS,3 VISITAS FUERA DE 10 DÍAS O CON INCONSISTENCIA,OBSERVADO SANO,3,NO,1
2026,2026-06-16,6,76054,ARGELIA,ARO NORTE CARTAGO,CANINO,1 VISITA,1 VISITA,NO OBSERVADO,1,NO,1
2026,2026-06-16,6,76054,ARGELIA,ARO NORTE CARTAGO,CANINO,3 O MÁS VISITAS,CUMPLE,OBSERVADO SANO,2,SI,1
2026,2026-06-16,6,76100,BOLIVAR,ARO CENTRO TULUA,CANINO,2 VISITAS,2 VISITAS,SIN CLASIFICAR,1,SI,1
2026,2026-06-16,6,76100,BOLIVAR,ARO CENTRO TULUA,CANINO,2 VISITAS,2 VISITAS,SIN CLASIFICAR,2,NO,1
2026,2026-06-16,6,76497,OBANDO,ARO NORTE CARTAGO,CANINO,1 VISITA,1 VISITA,PERDIDO O DESAPARECIDO,1,SI,1
2026,2026-06-16,6,76606,RESTREPO,ARO CENTRO TULUA,CANINO,2 VISITAS,2 VISITAS,SIN CLASIFICAR,1,SI,1
2026,2026-06-16,6,76845,ULLOA,ARO NORTE CARTAGO,CANINO,2 VISITAS,2 VISITAS,OBSERVADO SANO,1,SI,1
2026,2026-06-17,6,76041,ANSERMANUEVO,ARO NORTE CARTAGO,CANINO,3 O MÁS VISITAS,3 VISITAS FUERA DE 10 DÍAS O CON INCONSISTENCIA,OBSERVADO SANO,2,NO,1
2026,2026-06-17,6,76233,DAGUA,ARO SUR CALI,CANINO,1 VISITA,1 VISITA,SIN CLASIFICAR,1,NO,1
2026,2026-06-17,6,76233,DAGUA,ARO SUR CALI,CANINO,2 VISITAS,2 VISITAS,SIN CLASIFICAR,1,SI,3
2026,2026-06-17,6,76233,DAGUA,ARO SUR CALI,CANINO,2 VISITAS,2 VISITAS,SIN CLASIFICAR,2,NO,4
2026,2026-06-17,6,76233,DAGUA,ARO SUR CALI,CANINO,2 VISITAS,2 VISITAS,SIN CLASIFICAR,2,SI,2
2026,2026-06-17,6,76243,EL AGUILA,ARO NORTE CARTAGO,CANINO,1 VISITA,1 VISITA,NO OBSERVADO,1,SI,2
2026,2026-06-17,6,76275,FLORIDA,ARO SUR CALI,CANINO,1 VISITA,1 VISITA,PERDIDO O DESAPARECIDO,1,SI,1
2026,2026-06-17,6,76275,FLORIDA,ARO SUR CALI,CANINO,2 VISITAS,2 VISITAS,SIN CLASIFICAR,1,SI,1
2026,2026-06-17,6,76275,FLORIDA,ARO SUR CALI,CANINO,2 VISITAS,2 VISITAS,SIN CLASIFICAR,2,SI,1
2026,2026-06-17,6,76275,FLORIDA,ARO SUR CALI,CANINO,3 O MÁS VISITAS,CUMPLE,OBSERVADO SANO,3,SI,1
2026,2026-06-17,6,76275,FLORIDA,ARO SUR CALI,CANINO,3 O MÁS VISITAS,CUMPLE,SIN CLASIFICAR,3,SI,1
2026,2026-06-17,6,76275,FLORIDA,ARO SUR CALI,FELINO,2 VISITAS,2 VISITAS,SIN CLASIFICAR,1,SI,1
2026,2026-06-17,6,76275,FLORIDA,ARO SUR CALI,FELINO,2 VISITAS,2 VISITAS,SIN CLASIFICAR,2,SI,1
2026,2026-06-17,6,76318,GUACARI,ARO SUR CALI,CANINO,1 VISITA,1 VISITA,PERDIDO O DESAPARECIDO,1,NO,1
2026,2026-06-17,6,76318,GUACARI,ARO SUR CALI,CANINO,2 VISITAS,2 VISITAS,OBSERVADO SANO,2,NO,1
2026,2026-06-17,6,76318,GUACARI,ARO SUR CALI,FELINO,1 VISITA,1 VISITA,PERDIDO O DESAPARECIDO,1,NO,1
2026,2026-06-17,6,76403,LA VICTORIA,ARO NORTE CARTAGO,CANINO,3 O MÁS VISITAS,CUMPLE,OBSERVADO SANO,1,SI,1
2026,2026-06-17,6,76563,PRADERA,ARO SUR CALI,CANINO,1 VISITA,1 VISITA,PERDIDO O DESAPARECIDO,1,NO,2
2026,2026-06-17,6,76563,PRADERA,ARO SUR CALI,CANINO,1 VISITA,1 VISITA,PERDIDO O DESAPARECIDO,1,SI,1
2026,2026-06-17,6,76563,PRADERA,ARO SUR CALI,CANINO,1 VISITA,1 VISITA,SIN CLASIFICAR,1,SI,1
2026,2026-06-17,6,76823,TORO,ARO NORTE CARTAGO,CANINO,2 VISITAS,2 VISITAS,NO OBSERVADO,1,NO,1
2026,2026-06-18,6,76020,ALCALA,ARO NORTE CARTAGO,CANINO,2 VISITAS,2 VISITAS,NO OBSERVADO,2,NO,1
2026,2026-06-18,6,76020,ALCALA,ARO NORTE CARTAGO,FELINO,2 VISITAS,2 VISITAS,NO OBSERVABLE,2,NO,1
2026,2026-06-18,6,76054,ARGELIA,ARO NORTE CARTAGO,CANINO,1 VISITA,1 VISITA,PERDIDO O DESAPARECIDO,1,SI,1
2026,2026-06-18,6,76054,ARGELIA,ARO NORTE CARTAGO,CANINO,3 O MÁS VISITAS,CUMPLE,OBSERVADO SANO,3,SI,1
2026,2026-06-18,6,76100,BOLIVAR,ARO CENTRO TULUA,CANINO,2 VISITAS,2 VISITAS,SIN CLASIFICAR,2,SI,1
2026,2026-06-18,6,76100,BOLIVAR,ARO CENTRO TULUA,FELINO,1 VISITA,1 VISITA,SIN CLASIFICAR,1,SI,1
2026,2026-06-18,6,76122,CAICEDONIA,ARO CENTRO TULUA,CANINO,1 VISITA,1 VISITA,CALLEJERO,1,NO,1
2026,2026-06-18,6,76122,CAICEDONIA,ARO CENTRO TULUA,CANINO,1 VISITA,1 VISITA,NO OBSERVABLE,1,NO,1
2026,2026-06-18,6,76122,CAICEDONIA,ARO CENTRO TULUA,CANINO,1 VISITA,1 VISITA,OBSERVADO SANO,1,SI,2
2026,2026-06-18,6,76122,CAICEDONIA,ARO CENTRO TULUA,FELINO,1 VISITA,1 VISITA,CALLEJERO,1,SI,1
2026,2026-06-18,6,76122,CAICEDONIA,ARO CENTRO TULUA,FELINO,1 VISITA,1 VISITA,OBSERVADO SANO,1,SI,2
2026,2026-06-18,6,76377,LA CUMBRE,ARO SUR CALI,CANINO,1 VISITA,1 VISITA,PERDIDO O DESAPARECIDO,1,NO,1
2026,2026-06-18,6,76377,LA CUMBRE,ARO SUR CALI,CANINO,1 VISITA,1 VISITA,SIN CLASIFICAR,1,NO,1
2026,2026-06-18,6,76606,RESTREPO,ARO CENTRO TULUA,CANINO,1 VISITA,1 VISITA,NO OBSERVABLE,1,SI,1
2026,2026-06-18,6,76606,RESTREPO,ARO CENTRO TULUA,CANINO,1 VISITA,1 VISITA,SIN CLASIFICAR,1,NO,1
2026,2026-06-18,6,76606,RESTREPO,ARO CENTRO TULUA,CANINO,2 VISITAS,2 VISITAS,SIN CLASIFICAR,2,SI,1
2026,2026-06-18,6,76670,SAN PEDRO,ARO CENTRO TULUA,CANINO,1 VISITA,1 VISITA,SIN CLASIFICAR,1,SI,1
2026,2026-06-18,6,76895,ZARZAL,ARO CENTRO TULUA,CANINO,1 VISITA,1 VISITA,CALLEJERO,1,SI,1
2026,2026-06-18,6,76895,ZARZAL,ARO CENTRO TULUA,CANINO,1 VISITA,1 VISITA,PERDIDO O DESAPARECIDO,1,SI,1
2026,2026-06-18,6,76895,ZARZAL,ARO CENTRO TULUA,CANINO,1 VISITA,1 VISITA,SIN CLASIFICAR,1,SI,2
2026,2026-06-18,6,76895,ZARZAL,ARO CENTRO TULUA,CANINO,2 VISITAS,2 VISITAS,SIN CLASIFICAR,1,NO,1
2026,2026-06-18,6,76895,ZARZAL,ARO CENTRO TULUA,FELINO,1 VISITA,1 VISITA,PERDIDO O DESAPARECIDO,1,SI,2
2026,2026-06-18,6,76895,ZARZAL,ARO CENTRO TULUA,FELINO,1 VISITA,1 VISITA,SIN CLASIFICAR,1,SI,1
2026,2026-06-19,6,76036,ANDALUCIA,ARO CENTRO TULUA,CANINO,1 VISITA,1 VISITA,SIN CLASIFICAR,1,NO,1
2026,2026-06-19,6,76036,ANDALUCIA,ARO CENTRO TULUA,CANINO,2 VISITAS,2 VISITAS,CALLEJERO,2,NO,1
2026,2026-06-19,6,76041,ANSERMANUEVO,ARO NORTE CARTAGO,CANINO,3 O MÁS VISITAS,3 VISITAS FUERA DE 10 DÍAS O CON INCONSISTENCIA,OBSERVADO SANO,3,NO,1
2026,2026-06-19,6,76113,BUGALAGRANDE,ARO CENTRO TULUA,CANINO,1 VISITA,1 VISITA,OBSERVADO SANO,1,NO,4
2026,2026-06-19,6,76113,BUGALAGRANDE,ARO CENTRO TULUA,CANINO,1 VISITA,1 VISITA,SIN CLASIFICAR,1,NO,1
2026,2026-06-19,6,76122,CAICEDONIA,ARO CENTRO TULUA,CANINO,1 VISITA,1 VISITA,SIN CLASIFICAR,1,NO,1
2026,2026-06-19,6,76246,EL CAIRO,ARO NORTE CARTAGO,CANINO,3 O MÁS VISITAS,CUMPLE,OBSERVADO SANO,1,SI,1
2026,2026-06-19,6,76248,EL CERRITO,ARO SUR CALI,CANINO,1 VISITA,1 VISITA,PERDIDO O DESAPARECIDO,1,SI,1
2026,2026-06-19,6,76248,EL CERRITO,ARO SUR CALI,CANINO,2 VISITAS,2 VISITAS,SIN CLASIFICAR,1,SI,2
2026,2026-06-19,6,76248,EL CERRITO,ARO SUR CALI,FELINO,1 VISITA,1 VISITA,SIN CLASIFICAR,1,NO,1
2026,2026-06-19,6,76248,EL CERRITO,ARO SUR CALI,FELINO,2 VISITAS,2 VISITAS,SIN CLASIFICAR,1,SI,1
2026,2026-06-19,6,76403,LA VICTORIA,ARO NORTE CARTAGO,CANINO,3 O MÁS VISITAS,CUMPLE,OBSERVADO SANO,2,SI,1
2026,2026-06-19,6,76736,SEVILLA,ARO CENTRO TULUA,CANINO,1 VISITA,1 VISITA,CALLEJERO,1,NO,3
2026,2026-06-19,6,76736,SEVILLA,ARO CENTRO TULUA,CANINO,1 VISITA,1 VISITA,CALLEJERO,1,SI,1
2026,2026-06-19,6,76736,SEVILLA,ARO CENTRO TULUA,CANINO,1 VISITA,1 VISITA,OBSERVADO SANO,1,NO,1
2026,2026-06-19,6,76736,SEVILLA,ARO CENTRO TULUA,CANINO,1 VISITA,1 VISITA,OBSERVADO SANO,1,SI,1
2026,2026-06-19,6,76736,SEVILLA,ARO CENTRO TULUA,CANINO,1 VISITA,1 VISITA,SIN CLASIFICAR,1,NO,1
2026,2026-06-19,6,76736,SEVILLA,ARO CENTRO TULUA,CANINO,2 VISITAS,2 VISITAS,OBSERVADO SANO,2,NO,1
2026,2026-06-19,6,76736,SEVILLA,ARO CENTRO TULUA,FELINO,2 VISITAS,2 VISITAS,CALLEJERO,2,NO,1
2026,2026-06-19,6,76823,TORO,ARO NORTE CARTAGO,CANINO,1 VISITA,1 VISITA,NO OBSERVADO,1,SI,1
2026,2026-06-20,6,76054,ARGELIA,ARO NORTE CARTAGO,CANINO,3 O MÁS VISITAS,CUMPLE,NO OBSERVADO,1,SI,1
2026,2026-06-20,6,76246,EL CAIRO,ARO NORTE CARTAGO,CANINO,3 O MÁS VISITAS,CUMPLE,OBSERVADO SANO,1,SI,1
2026,2026-06-20,6,76246,EL CAIRO,ARO NORTE CARTAGO,CANINO,3 O MÁS VISITAS,CUMPLE,OBSERVADO SANO,2,SI,1
2026,2026-06-20,6,76246,EL CAIRO,ARO NORTE CARTAGO,FELINO,3 O MÁS VISITAS,3 VISITAS FUERA DE 10 DÍAS O CON INCONSISTENCIA,OBSERVADO SANO,1,SI,1
2026,2026-06-22,6,76020,ALCALA,ARO NORTE CARTAGO,FELINO,2 VISITAS,2 VISITAS,PERDIDO O DESAPARECIDO,1,NO,1
2026,2026-06-22,6,76054,ARGELIA,ARO NORTE CARTAGO,CANINO,2 VISITAS,2 VISITAS,NO OBSERVADO,1,SI,1
2026,2026-06-22,6,76054,ARGELIA,ARO NORTE CARTAGO,CANINO,3 O MÁS VISITAS,CUMPLE,NO OBSERVADO,2,SI,1
2026,2026-06-22,6,76233,DAGUA,ARO SUR CALI,CANINO,1 VISITA,1 VISITA,PERDIDO O DESAPARECIDO,1,NO,3
2026,2026-06-22,6,76233,DAGUA,ARO SUR CALI,CANINO,2 VISITAS,2 VISITAS,SIN CLASIFICAR,2,NO,2
2026,2026-06-22,6,76233,DAGUA,ARO SUR CALI,CANINO,2 VISITAS,2 VISITAS,SIN CLASIFICAR,2,SI,1
2026,2026-06-22,6,76243,EL AGUILA,ARO NORTE CARTAGO,CANINO,1 VISITA,1 VISITA,NO OBSERVABLE,1,SI,1
2026,2026-06-22,6,76246,EL CAIRO,ARO NORTE CARTAGO,CANINO,3 O MÁS VISITAS,CUMPLE,OBSERVADO SANO,3,SI,1
2026,2026-06-22,6,76275,FLORIDA,ARO SUR CALI,CANINO,2 VISITAS,2 VISITAS,SIN CLASIFICAR,2,SI,1
2026,2026-06-22,6,76275,FLORIDA,ARO SUR CALI,FELINO,2 VISITAS,2 VISITAS,SIN CLASIFICAR,2,SI,1
2026,2026-06-22,6,76403,LA VICTORIA,ARO NORTE CARTAGO,CANINO,3 O MÁS VISITAS,CUMPLE,OBSERVADO SANO,3,SI,1
2026,2026-06-22,6,76563,PRADERA,ARO SUR CALI,CANINO,1 VISITA,1 VISITA,CALLEJERO,1,NO,1
2026,2026-06-22,6,76563,PRADERA,ARO SUR CALI,CANINO,1 VISITA,1 VISITA,PERDIDO O DESAPARECIDO,1,NO,2
2026,2026-06-22,6,76563,PRADERA,ARO SUR CALI,CANINO,1 VISITA,1 VISITA,PERDIDO O DESAPARECIDO,1,SI,1
2026,2026-06-22,6,76563,PRADERA,ARO SUR CALI,FELINO,1 VISITA,1 VISITA,PERDIDO O DESAPARECIDO,1,NO,1
2026,2026-06-22,6,76622,ROLDANILLO,ARO NORTE CARTAGO,CANINO,1 VISITA,1 VISITA,NO OBSERVABLE,1,NO,2
2026,2026-06-22,6,76622,ROLDANILLO,ARO NORTE CARTAGO,CANINO,1 VISITA,1 VISITA,NO OBSERVADO,1,NO,3
2026,2026-06-22,6,76622,ROLDANILLO,ARO NORTE CARTAGO,CANINO,2 VISITAS,2 VISITAS,OBSERVADO SANO,1,NO,1
2026,2026-06-22,6,76622,ROLDANILLO,ARO NORTE CARTAGO,FELINO,1 VISITA,1 VISITA,NO OBSERVABLE,1,NO,1
2026,2026-06-22,6,76622,ROLDANILLO,ARO NORTE CARTAGO,FELINO,1 VISITA,1 VISITA,NO OBSERVADO,1,NO,1
2026,2026-06-22,6,76622,ROLDANILLO,ARO NORTE CARTAGO,FELINO,2 VISITAS,2 VISITAS,OBSERVADO SANO,1,NO,1
2026,2026-06-22,6,76622,ROLDANILLO,ARO NORTE CARTAGO,OTRO,1 VISITA,1 VISITA,NO OBSERVADO,1,NO,1
2026,2026-06-22,6,76863,VERSALLES,ARO NORTE CARTAGO,CANINO,1 VISITA,1 VISITA,NO OBSERVADO,1,NO,1
2026,2026-06-22,6,76863,VERSALLES,ARO NORTE CARTAGO,CANINO,2 VISITAS,2 VISITAS,OBSERVADO SANO,1,NO,1
2026,2026-06-23,6,76113,BUGALAGRANDE,ARO CENTRO TULUA,CANINO,1 VISITA,1 VISITA,OBSERVADO SANO,1,SI,1
2026,2026-06-23,6,76122,CAICEDONIA,ARO CENTRO TULUA,CANINO,1 VISITA,1 VISITA,CALLEJERO,1,SI,1
2026,2026-06-23,6,76122,CAICEDONIA,ARO CENTRO TULUA,CANINO,1 VISITA,1 VISITA,OBSERVADO SANO,1,NO,1
2026,2026-06-23,6,76622,ROLDANILLO,ARO NORTE CARTAGO,CANINO,2 VISITAS,2 VISITAS,OBSERVADO SANO,2,NO,1
2026,2026-06-23,6,76622,ROLDANILLO,ARO NORTE CARTAGO,FELINO,2 VISITAS,2 VISITAS,OBSERVADO SANO,2,NO,1
2026,2026-06-23,6,76863,VERSALLES,ARO NORTE CARTAGO,CANINO,2 VISITAS,2 VISITAS,OBSERVADO SANO,2,NO,1
2026,2026-06-24,6,76020,ALCALA,ARO NORTE CARTAGO,CANINO,1 VISITA,1 VISITA,NO OBSERVABLE,1,SI,1
2026,2026-06-24,6,76020,ALCALA,ARO NORTE CARTAGO,CANINO,1 VISITA,1 VISITA,OBSERVADO SANO,1,SI,1
2026,2026-06-24,6,76020,ALCALA,ARO NORTE CARTAGO,CANINO,2 VISITAS,2 VISITAS,OBSERVADO SANO,1,SI,1
2026,2026-06-24,6,76020,ALCALA,ARO NORTE CARTAGO,CANINO,2 VISITAS,2 VISITAS,OBSERVADO SANO,2,NO,1
2026,2026-06-24,6,76020,ALCALA,ARO NORTE CARTAGO,FELINO,2 VISITAS,2 VISITAS,PERDIDO O DESAPARECIDO,2,NO,1
2026,2026-06-24,6,76041,ANSERMANUEVO,ARO NORTE CARTAGO,CANINO,3 O MÁS VISITAS,3 VISITAS FUERA DE 10 DÍAS O CON INCONSISTENCIA,OBSERVADO SANO,1,SI,1
2026,2026-06-24,6,76041,ANSERMANUEVO,ARO NORTE CARTAGO,CANINO,3 O MÁS VISITAS,CUMPLE,OBSERVADO SANO,1,SI,1
2026,2026-06-24,6,76054,ARGELIA,ARO NORTE CARTAGO,CANINO,3 O MÁS VISITAS,CUMPLE,NO OBSERVADO,3,SI,1
2026,2026-06-24,6,76126,CALIMA,ARO CENTRO TULUA,CANINO,1 VISITA,1 VISITA,SIN CLASIFICAR,1,NO,2
2026,2026-06-24,6,76126,CALIMA,ARO CENTRO TULUA,CANINO,1 VISITA,1 VISITA,SIN CLASIFICAR,1,SI,4
2026,2026-06-24,6,76126,CALIMA,ARO CENTRO TULUA,FELINO,1 VISITA,1 VISITA,SIN CLASIFICAR,1,SI,1
2026,2026-06-24,6,76233,DAGUA,ARO SUR CALI,CANINO,1 VISITA,1 VISITA,PERDIDO O DESAPARECIDO,1,NO,3
2026,2026-06-24,6,76233,DAGUA,ARO SUR CALI,CANINO,1 VISITA,1 VISITA,PERDIDO O DESAPARECIDO,1,SI,1
2026,2026-06-24,6,76233,DAGUA,ARO SUR CALI,CANINO,1 VISITA,1 VISITA,SIN CLASIFICAR,1,SI,3
2026,2026-06-24,6,76246,EL CAIRO,ARO NORTE CARTAGO,CANINO,3 O MÁS VISITAS,CUMPLE,OBSERVADO SANO,2,SI,1
2026,2026-06-24,6,76248,EL CERRITO,ARO SUR CALI,CANINO,1 VISITA,1 VISITA,PERDIDO O DESAPARECIDO,1,NO,1
2026,2026-06-24,6,76248,EL CERRITO,ARO SUR CALI,CANINO,1 VISITA,1 VISITA,PERDIDO O DESAPARECIDO,1,SI,1
2026,2026-06-24,6,76248,EL CERRITO,ARO SUR CALI,CANINO,1 VISITA,1 VISITA,SIN CLASIFICAR,1,SI,1
2026,2026-06-24,6,76248,EL CERRITO,ARO SUR CALI,CANINO,2 VISITAS,2 VISITAS,SIN CLASIFICAR,2,NO,1
2026,2026-06-24,6,76248,EL CERRITO,ARO SUR CALI,CANINO,2 VISITAS,2 VISITAS,SIN CLASIFICAR,2,SI,1
2026,2026-06-24,6,76248,EL CERRITO,ARO SUR CALI,FELINO,2 VISITAS,2 VISITAS,SIN CLASIFICAR,2,SI,1
2026,2026-06-24,6,76306,GINEBRA,ARO SUR CALI,CANINO,1 VISITA,1 VISITA,PERDIDO O DESAPARECIDO,1,NO,2
2026,2026-06-24,6,76306,GINEBRA,ARO SUR CALI,CANINO,1 VISITA,1 VISITA,PERDIDO O DESAPARECIDO,1,SI,2
2026,2026-06-24,6,76306,GINEBRA,ARO SUR CALI,CANINO,1 VISITA,1 VISITA,SIN CLASIFICAR,1,SI,1
2026,2026-06-24,6,76845,ULLOA,ARO NORTE CARTAGO,CANINO,2 VISITAS,2 VISITAS,OBSERVADO SANO,1,SI,1
2026,2026-06-24,6,76845,ULLOA,ARO NORTE CARTAGO,CANINO,2 VISITAS,2 VISITAS,OBSERVADO SANO,2,SI,1
2026,2026-06-24,6,76890,YOTOCO,ARO CENTRO TULUA,CANINO,1 VISITA,1 VISITA,SIN CLASIFICAR,1,SI,1
2026,2026-06-25,6,76100,BOLIVAR,ARO CENTRO TULUA,CANINO,1 VISITA,1 VISITA,SIN CLASIFICAR,1,SI,1
2026,2026-06-25,6,76250,EL DOVIO,ARO NORTE CARTAGO,CANINO,1 VISITA,1 VISITA,NO OBSERVADO,1,SI,1
2026,2026-06-25,6,76250,EL DOVIO,ARO NORTE CARTAGO,CANINO,1 VISITA,1 VISITA,OBSERVADO SANO,1,SI,1
2026,2026-06-25,6,76250,EL DOVIO,ARO NORTE CARTAGO,FELINO,1 VISITA,1 VISITA,OBSERVADO SANO,1,NO,1
2026,2026-06-25,6,76275,FLORIDA,ARO SUR CALI,CANINO,1 VISITA,1 VISITA,PERDIDO O DESAPARECIDO,1,SI,6
2026,2026-06-25,6,76275,FLORIDA,ARO SUR CALI,CANINO,1 VISITA,1 VISITA,SIN CLASIFICAR,1,SI,1
2026,2026-06-25,6,76318,GUACARI,ARO SUR CALI,CANINO,1 VISITA,1 VISITA,PERDIDO O DESAPARECIDO,1,NO,2
2026,2026-06-25,6,76318,GUACARI,ARO SUR CALI,FELINO,1 VISITA,1 VISITA,OBSERVADO SANO,1,NO,1
2026,2026-06-25,6,76318,GUACARI,ARO SUR CALI,FELINO,1 VISITA,1 VISITA,PERDIDO O DESAPARECIDO,1,NO,1
2026,2026-06-25,6,76563,PRADERA,ARO SUR CALI,CANINO,1 VISITA,1 VISITA,PERDIDO O DESAPARECIDO,1,NO,6
2026,2026-06-25,6,76563,PRADERA,ARO SUR CALI,CANINO,1 VISITA,1 VISITA,PERDIDO O DESAPARECIDO,1,SI,2
2026,2026-06-25,6,76563,PRADERA,ARO SUR CALI,CANINO,1 VISITA,1 VISITA,SIN CLASIFICAR,1,NO,1
2026,2026-06-25,6,76563,PRADERA,ARO SUR CALI,FELINO,1 VISITA,1 VISITA,PERDIDO O DESAPARECIDO,1,NO,1
2026,2026-06-25,6,76616,RIOFRIO,ARO CENTRO TULUA,CANINO,1 VISITA,1 VISITA,CALLEJERO,1,NO,1
2026,2026-06-25,6,76616,RIOFRIO,ARO CENTRO TULUA,CANINO,1 VISITA,1 VISITA,PERDIDO O DESAPARECIDO,1,NO,2
2026,2026-06-25,6,76736,SEVILLA,ARO CENTRO TULUA,CANINO,1 VISITA,1 VISITA,CALLEJERO,1,NO,1
2026,2026-06-25,6,76736,SEVILLA,ARO CENTRO TULUA,CANINO,1 VISITA,1 VISITA,CALLEJERO,1,SI,1
2026,2026-06-25,6,76736,SEVILLA,ARO CENTRO TULUA,CANINO,1 VISITA,1 VISITA,CON SIGNOS REPORTADOS,1,NO,1
2026,2026-06-25,6,76736,SEVILLA,ARO CENTRO TULUA,CANINO,1 VISITA,1 VISITA,CON SIGNOS REPORTADOS,1,SI,2
2026,2026-06-25,6,76736,SEVILLA,ARO CENTRO TULUA,CANINO,1 VISITA,1 VISITA,SIN CLASIFICAR,1,SI,2
2026,2026-06-25,6,76736,SEVILLA,ARO CENTRO TULUA,FELINO,1 VISITA,1 VISITA,CALLEJERO,1,SI,1
2026,2026-06-25,6,76736,SEVILLA,ARO CENTRO TULUA,OTRO,1 VISITA,1 VISITA,SIN CLASIFICAR,1,SI,1
2026,2026-06-25,6,76828,TRUJILLO,ARO CENTRO TULUA,CANINO,1 VISITA,1 VISITA,PERDIDO O DESAPARECIDO,1,SI,1
2026,2026-06-25,6,76828,TRUJILLO,ARO CENTRO TULUA,CANINO,1 VISITA,1 VISITA,SIN CLASIFICAR,1,SI,2
2026,2026-06-25,6,76895,ZARZAL,ARO CENTRO TULUA,CANINO,1 VISITA,1 VISITA,SIN CLASIFICAR,1,SI,2
2026,2026-06-25,6,76895,ZARZAL,ARO CENTRO TULUA,CANINO,2 VISITAS,2 VISITAS,SIN CLASIFICAR,2,NO,1
2026,2026-06-25,6,76895,ZARZAL,ARO CENTRO TULUA,FELINO,1 VISITA,1 VISITA,CON SIGNOS REPORTADOS,1,SI,1
2026,2026-06-26,6,76041,ANSERMANUEVO,ARO NORTE CARTAGO,CANINO,3 O MÁS VISITAS,3 VISITAS FUERA DE 10 DÍAS O CON INCONSISTENCIA,OBSERVADO SANO,1,SI,2
2026,2026-06-26,6,76041,ANSERMANUEVO,ARO NORTE CARTAGO,CANINO,3 O MÁS VISITAS,3 VISITAS FUERA DE 10 DÍAS O CON INCONSISTENCIA,OBSERVADO SANO,2,SI,1
2026,2026-06-26,6,76041,ANSERMANUEVO,ARO NORTE CARTAGO,CANINO,3 O MÁS VISITAS,CUMPLE,OBSERVADO SANO,1,SI,2
2026,2026-06-26,6,76041,ANSERMANUEVO,ARO NORTE CARTAGO,CANINO,3 O MÁS VISITAS,CUMPLE,OBSERVADO SANO,2,SI,1
2026,2026-06-26,6,76054,ARGELIA,ARO NORTE CARTAGO,CANINO,2 VISITAS,2 VISITAS,NO OBSERVADO,2,SI,1
2026,2026-06-26,6,76246,EL CAIRO,ARO NORTE CARTAGO,FELINO,3 O MÁS VISITAS,3 VISITAS FUERA DE 10 DÍAS O CON INCONSISTENCIA,OBSERVADO SANO,2,SI,1
2026,2026-06-26,6,76622,ROLDANILLO,ARO NORTE CARTAGO,CANINO,1 VISITA,1 VISITA,OBSERVADO SANO,1,NO,1
2026,2026-06-26,6,76622,ROLDANILLO,ARO NORTE CARTAGO,CANINO,1 VISITA,1 VISITA,OBSERVADO SANO,1,SI,1
2026,2026-06-26,6,76622,ROLDANILLO,ARO NORTE CARTAGO,FELINO,1 VISITA,1 VISITA,NO OBSERVADO,1,NO,1
2026,2026-06-26,6,76622,ROLDANILLO,ARO NORTE CARTAGO,FELINO,1 VISITA,1 VISITA,OBSERVADO SANO,1,SI,1
2026,2026-06-26,6,76890,YOTOCO,ARO CENTRO TULUA,CANINO,1 VISITA,1 VISITA,SIN CLASIFICAR,1,SI,1
2026,2026-06-26,6,76890,YOTOCO,ARO CENTRO TULUA,CANINO,2 VISITAS,2 VISITAS,PERDIDO O DESAPARECIDO,1,SI,1
2026,2026-06-26,6,76890,YOTOCO,ARO CENTRO TULUA,CANINO,2 VISITAS,2 VISITAS,SIN CLASIFICAR,1,SI,1
2026,2026-06-29,6,76246,EL CAIRO,ARO NORTE CARTAGO,CANINO,3 O MÁS VISITAS,CUMPLE,OBSERVADO SANO,3,SI,1
2026,2026-06-29,6,76246,EL CAIRO,ARO NORTE CARTAGO,FELINO,3 O MÁS VISITAS,3 VISITAS FUERA DE 10 DÍAS O CON INCONSISTENCIA,OBSERVADO SANO,3,NO,1
2026,2026-06-30,6,76020,ALCALA,ARO NORTE CARTAGO,CANINO,2 VISITAS,2 VISITAS,OBSERVADO SANO,2,NO,1
2026,2026-06-30,6,76823,TORO,ARO NORTE CARTAGO,CANINO,2 VISITAS,2 VISITAS,NO OBSERVADO,2,SI,1
2026,2026-06-30,6,76823,TORO,ARO NORTE CARTAGO,CANINO,2 VISITAS,2 VISITAS,OBSERVADO SANO,1,SI,2
2026,2026-06-30,6,76823,TORO,ARO NORTE CARTAGO,FELINO,2 VISITAS,2 VISITAS,OBSERVADO SANO,1,SI,1
2026,2026-06-30,6,76845,ULLOA,ARO NORTE CARTAGO,CANINO,2 VISITAS,2 VISITAS,OBSERVADO SANO,2,SI,1
2026,2026-07-01,7,76041,ANSERMANUEVO,ARO NORTE CARTAGO,CANINO,1 VISITA,1 VISITA,NO OBSERVADO,1,SI,1
2026,2026-07-01,7,76041,ANSERMANUEVO,ARO NORTE CARTAGO,CANINO,3 O MÁS VISITAS,3 VISITAS FUERA DE 10 DÍAS O CON INCONSISTENCIA,OBSERVADO SANO,2,NO,2
2026,2026-07-01,7,76041,ANSERMANUEVO,ARO NORTE CARTAGO,CANINO,3 O MÁS VISITAS,3 VISITAS FUERA DE 10 DÍAS O CON INCONSISTENCIA,OBSERVADO SANO,3,NO,1
2026,2026-07-01,7,76041,ANSERMANUEVO,ARO NORTE CARTAGO,CANINO,3 O MÁS VISITAS,CUMPLE,OBSERVADO SANO,2,SI,2
2026,2026-07-01,7,76041,ANSERMANUEVO,ARO NORTE CARTAGO,CANINO,3 O MÁS VISITAS,CUMPLE,OBSERVADO SANO,3,SI,1
2026,2026-07-01,7,76122,CAICEDONIA,ARO CENTRO TULUA,CANINO,1 VISITA,1 VISITA,NO OBSERVABLE,1,SI,1
2026,2026-07-01,7,76122,CAICEDONIA,ARO CENTRO TULUA,CANINO,2 VISITAS,2 VISITAS,OBSERVADO SANO,1,SI,2
2026,2026-07-01,7,76248,EL CERRITO,ARO SUR CALI,CANINO,1 VISITA,1 VISITA,PERDIDO O DESAPARECIDO,1,NO,1
2026,2026-07-01,7,76248,EL CERRITO,ARO SUR CALI,FELINO,1 VISITA,1 VISITA,PERDIDO O DESAPARECIDO,1,SI,1
2026,2026-07-01,7,76275,FLORIDA,ARO SUR CALI,CANINO,1 VISITA,1 VISITA,PERDIDO O DESAPARECIDO,1,NO,1
2026,2026-07-01,7,76275,FLORIDA,ARO SUR CALI,CANINO,1 VISITA,1 VISITA,PERDIDO O DESAPARECIDO,1,SI,1
2026,2026-07-01,7,76275,FLORIDA,ARO SUR CALI,CANINO,1 VISITA,1 VISITA,SIN CLASIFICAR,1,SI,3
2026,2026-07-01,7,76306,GINEBRA,ARO SUR CALI,FELINO,1 VISITA,1 VISITA,SIN CLASIFICAR,1,SI,1
2026,2026-07-01,7,76318,GUACARI,ARO SUR CALI,CANINO,1 VISITA,1 VISITA,PERDIDO O DESAPARECIDO,1,NO,2
2026,2026-07-01,7,76318,GUACARI,ARO SUR CALI,CANINO,1 VISITA,1 VISITA,SIN CLASIFICAR,1,NO,1
2026,2026-07-01,7,76400,LA UNION,ARO NORTE CARTAGO,CANINO,1 VISITA,1 VISITA,NO OBSERVADO,1,NO,2
2026,2026-07-01,7,76400,LA UNION,ARO NORTE CARTAGO,CANINO,1 VISITA,1 VISITA,OBSERVADO SANO,1,NO,2
2026,2026-07-01,7,76400,LA UNION,ARO NORTE CARTAGO,CANINO,1 VISITA,1 VISITA,PERDIDO O DESAPARECIDO,1,NO,1
2026,2026-07-01,7,76400,LA UNION,ARO NORTE CARTAGO,FELINO,1 VISITA,1 VISITA,NO OBSERVABLE,1,SI,1
2026,2026-07-01,7,76400,LA UNION,ARO NORTE CARTAGO,FELINO,1 VISITA,1 VISITA,OBSERVADO SANO,1,NO,2
2026,2026-07-01,7,76497,OBANDO,ARO NORTE CARTAGO,CANINO,1 VISITA,1 VISITA,NO OBSERVADO,1,SI,1
2026,2026-07-02,7,76275,FLORIDA,ARO SUR CALI,CANINO,1 VISITA,1 VISITA,PERDIDO O DESAPARECIDO,1,SI,1
2026,2026-07-02,7,76275,FLORIDA,ARO SUR CALI,CANINO,1 VISITA,1 VISITA,SIN CLASIFICAR,1,SI,2
2026,2026-07-02,7,76318,GUACARI,ARO SUR CALI,CANINO,1 VISITA,1 VISITA,CON SIGNOS REPORTADOS,1,NO,2
2026,2026-07-02,7,76318,GUACARI,ARO SUR CALI,CANINO,1 VISITA,1 VISITA,PERDIDO O DESAPARECIDO,1,NO,3
2026,2026-07-02,7,76318,GUACARI,ARO SUR CALI,CANINO,2 VISITAS,2 VISITAS,SIN CLASIFICAR,1,SI,1
2026,2026-07-02,7,76400,LA UNION,ARO NORTE CARTAGO,CANINO,1 VISITA,1 VISITA,PERDIDO O DESAPARECIDO,1,NO,1
2026,2026-07-02,7,76400,LA UNION,ARO NORTE CARTAGO,CANINO,2 VISITAS,2 VISITAS,OBSERVADO SANO,1,SI,1
2026,2026-07-02,7,76497,OBANDO,ARO NORTE CARTAGO,CANINO,1 VISITA,1 VISITA,OBSERVADO SANO,1,NO,1
2026,2026-07-02,7,76497,OBANDO,ARO NORTE CARTAGO,CANINO,1 VISITA,1 VISITA,SIN CLASIFICAR,1,NO,1
2026,2026-07-02,7,76563,PRADERA,ARO SUR CALI,CANINO,3 O MÁS VISITAS,CUMPLE,SIN CLASIFICAR,1,SI,1
2026,2026-07-02,7,76622,ROLDANILLO,ARO NORTE CARTAGO,FELINO,2 VISITAS,2 VISITAS,OBSERVADO SANO,1,NO,1
2026,2026-07-02,7,76890,YOTOCO,ARO CENTRO TULUA,CANINO,1 VISITA,1 VISITA,SIN CLASIFICAR,1,SI,2
2026,2026-07-02,7,76890,YOTOCO,ARO CENTRO TULUA,CANINO,2 VISITAS,2 VISITAS,PERDIDO O DESAPARECIDO,2,SI,1
2026,2026-07-02,7,76890,YOTOCO,ARO CENTRO TULUA,CANINO,2 VISITAS,2 VISITAS,SIN CLASIFICAR,2,SI,1
2026,2026-07-02,7,76895,ZARZAL,ARO CENTRO TULUA,CANINO,1 VISITA,1 VISITA,PERDIDO O DESAPARECIDO,1,SI,2
2026,2026-07-02,7,76895,ZARZAL,ARO CENTRO TULUA,CANINO,2 VISITAS,2 VISITAS,SIN CLASIFICAR,1,SI,4
2026,2026-07-02,7,76895,ZARZAL,ARO CENTRO TULUA,FELINO,1 VISITA,1 VISITA,PERDIDO O DESAPARECIDO,1,SI,2
2026,2026-07-02,7,76895,ZARZAL,ARO CENTRO TULUA,FELINO,2 VISITAS,2 VISITAS,SIN CLASIFICAR,1,SI,2
2026,2026-07-03,7,76041,ANSERMANUEVO,ARO NORTE CARTAGO,CANINO,3 O MÁS VISITAS,3 VISITAS FUERA DE 10 DÍAS O CON INCONSISTENCIA,OBSERVADO SANO,3,NO,2
2026,2026-07-03,7,76041,ANSERMANUEVO,ARO NORTE CARTAGO,CANINO,3 O MÁS VISITAS,CUMPLE,OBSERVADO SANO,3,SI,2
2026,2026-07-03,7,76113,BUGALAGRANDE,ARO CENTRO TULUA,CANINO,1 VISITA,1 VISITA,OBSERVADO SANO,1,NO,1
2026,2026-07-03,7,76113,BUGALAGRANDE,ARO CENTRO TULUA,CANINO,1 VISITA,1 VISITA,OBSERVADO SANO,1,SI,1
2026,2026-07-03,7,76122,CAICEDONIA,ARO CENTRO TULUA,CANINO,1 VISITA,1 VISITA,OBSERVADO SANO,1,SI,2
2026,2026-07-03,7,76122,CAICEDONIA,ARO CENTRO TULUA,CANINO,1 VISITA,1 VISITA,SIN CLASIFICAR,1,SI,1
2026,2026-07-03,7,76122,CAICEDONIA,ARO CENTRO TULUA,CANINO,2 VISITAS,2 VISITAS,OBSERVADO SANO,2,SI,2
2026,2026-07-03,7,76122,CAICEDONIA,ARO CENTRO TULUA,FELINO,1 VISITA,1 VISITA,CALLEJERO,1,SI,1
2026,2026-07-03,7,76248,EL CERRITO,ARO SUR CALI,CANINO,1 VISITA,1 VISITA,PERDIDO O DESAPARECIDO,1,SI,1
2026,2026-07-03,7,76248,EL CERRITO,ARO SUR CALI,CANINO,2 VISITAS,2 VISITAS,SIN CLASIFICAR,1,SI,1
2026,2026-07-03,7,76248,EL CERRITO,ARO SUR CALI,FELINO,1 VISITA,1 VISITA,SIN CLASIFICAR,1,NO,1
2026,2026-07-03,7,76248,EL CERRITO,ARO SUR CALI,FELINO,2 VISITAS,2 VISITAS,SIN CLASIFICAR,1,SI,1
2026,2026-07-03,7,76275,FLORIDA,ARO SUR CALI,CANINO,1 VISITA,1 VISITA,PERDIDO O DESAPARECIDO,1,NO,3
2026,2026-07-03,7,76275,FLORIDA,ARO SUR CALI,CANINO,1 VISITA,1 VISITA,SIN CLASIFICAR,1,SI,1
2026,2026-07-03,7,76318,GUACARI,ARO SUR CALI,CANINO,1 VISITA,1 VISITA,PERDIDO O DESAPARECIDO,1,NO,2
2026,2026-07-03,7,76318,GUACARI,ARO SUR CALI,FELINO,1 VISITA,1 VISITA,PERDIDO O DESAPARECIDO,1,NO,1
2026,2026-07-03,7,76400,LA UNION,ARO NORTE CARTAGO,CANINO,1 VISITA,1 VISITA,NO OBSERVADO,1,SI,1
2026,2026-07-03,7,76400,LA UNION,ARO NORTE CARTAGO,CANINO,1 VISITA,1 VISITA,PERDIDO O DESAPARECIDO,1,SI,1
2026,2026-07-03,7,76400,LA UNION,ARO NORTE CARTAGO,CANINO,2 VISITAS,2 VISITAS,OBSERVADO SANO,2,SI,1
2026,2026-07-03,7,76400,LA UNION,ARO NORTE CARTAGO,CANINO,3 O MÁS VISITAS,CUMPLE,OBSERVADO SANO,1,SI,1
2026,2026-07-03,7,76403,LA VICTORIA,ARO NORTE CARTAGO,CANINO,1 VISITA,1 VISITA,OBSERVADO SANO,1,NO,1
2026,2026-07-03,7,76403,LA VICTORIA,ARO NORTE CARTAGO,CANINO,1 VISITA,1 VISITA,PERDIDO O DESAPARECIDO,1,NO,1
2026,2026-07-03,7,76563,PRADERA,ARO SUR CALI,CANINO,3 O MÁS VISITAS,CUMPLE,SIN CLASIFICAR,2,SI,1
2026,2026-07-03,7,76606,RESTREPO,ARO CENTRO TULUA,CANINO,1 VISITA,1 VISITA,PERDIDO O DESAPARECIDO,1,SI,3
2026,2026-07-03,7,76606,RESTREPO,ARO CENTRO TULUA,CANINO,1 VISITA,1 VISITA,SIN CLASIFICAR,1,SI,3
2026,2026-07-03,7,76606,RESTREPO,ARO CENTRO TULUA,FELINO,1 VISITA,1 VISITA,NO OBSERVABLE,1,SI,1
2026,2026-07-03,7,76622,ROLDANILLO,ARO NORTE CARTAGO,FELINO,2 VISITAS,2 VISITAS,OBSERVADO SANO,2,NO,1
2026,2026-07-03,7,76863,VERSALLES,ARO NORTE CARTAGO,CANINO,1 VISITA,1 VISITA,NO OBSERVADO,1,NO,1
2026,2026-07-03,7,76863,VERSALLES,ARO NORTE CARTAGO,FELINO,1 VISITA,1 VISITA,NO OBSERVADO,1,NO,1
2026,2026-07-04,7,76823,TORO,ARO NORTE CARTAGO,CANINO,2 VISITAS,2 VISITAS,OBSERVADO SANO,2,NO,1
2026,2026-07-04,7,76823,TORO,ARO NORTE CARTAGO,CANINO,2 VISITAS,2 VISITAS,OBSERVADO SANO,2,SI,1
2026,2026-07-04,7,76823,TORO,ARO NORTE CARTAGO,FELINO,2 VISITAS,2 VISITAS,OBSERVADO SANO,2,SI,1
2026,2026-07-06,7,76036,ANDALUCIA,ARO CENTRO TULUA,CANINO,3 O MÁS VISITAS,3 VISITAS FUERA DE 10 DÍAS O CON INCONSISTENCIA,SIN CLASIFICAR,1,NO,1
2026,2026-07-06,7,76400,LA UNION,ARO NORTE CARTAGO,FELINO,3 O MÁS VISITAS,CUMPLE,OBSERVADO SANO,1,SI,1
2026,2026-07-06,7,76616,RIOFRIO,ARO CENTRO TULUA,FELINO,3 O MÁS VISITAS,CUMPLE,CON SIGNOS REPORTADOS,1,SI,1
2026,2026-07-06,7,76890,YOTOCO,ARO CENTRO TULUA,FELINO,1 VISITA,1 VISITA,PERDIDO O DESAPARECIDO,1,SI,1
2026,2026-07-07,7,76036,ANDALUCIA,ARO CENTRO TULUA,CANINO,1 VISITA,1 VISITA,SIN CLASIFICAR,1,NO,2
2026,2026-07-07,7,76036,ANDALUCIA,ARO CENTRO TULUA,FELINO,1 VISITA,1 VISITA,CALLEJERO,1,SI,1
2026,2026-07-07,7,76036,ANDALUCIA,ARO CENTRO TULUA,FELINO,1 VISITA,1 VISITA,NO OBSERVABLE,1,SI,1
2026,2026-07-07,7,76306,GINEBRA,ARO SUR CALI,CANINO,1 VISITA,1 VISITA,PERDIDO O DESAPARECIDO,1,SI,2
2026,2026-07-07,7,76318,GUACARI,ARO SUR CALI,CANINO,2 VISITAS,2 VISITAS,SIN CLASIFICAR,2,NO,1
2026,2026-07-07,7,76497,OBANDO,ARO NORTE CARTAGO,CANINO,1 VISITA,1 VISITA,PERDIDO O DESAPARECIDO,1,NO,1
2026,2026-07-07,7,76563,PRADERA,ARO SUR CALI,CANINO,3 O MÁS VISITAS,CUMPLE,SIN CLASIFICAR,3,SI,1
2026,2026-07-07,7,76606,RESTREPO,ARO CENTRO TULUA,CANINO,1 VISITA,1 VISITA,PERDIDO O DESAPARECIDO,1,NO,1
2026,2026-07-07,7,76606,RESTREPO,ARO CENTRO TULUA,CANINO,1 VISITA,1 VISITA,PERDIDO O DESAPARECIDO,1,SI,2
2026,2026-07-07,7,76606,RESTREPO,ARO CENTRO TULUA,CANINO,1 VISITA,1 VISITA,SIN CLASIFICAR,1,NO,3
2026,2026-07-07,7,76616,RIOFRIO,ARO CENTRO TULUA,CANINO,1 VISITA,1 VISITA,SIN CLASIFICAR,1,NO,2
2026,2026-07-07,7,76616,RIOFRIO,ARO CENTRO TULUA,CANINO,1 VISITA,1 VISITA,SIN CLASIFICAR,1,SI,2
2026,2026-07-07,7,76616,RIOFRIO,ARO CENTRO TULUA,CANINO,2 VISITAS,2 VISITAS,SIN CLASIFICAR,2,NO,1
2026,2026-07-07,7,76616,RIOFRIO,ARO CENTRO TULUA,FELINO,1 VISITA,1 VISITA,SIN CLASIFICAR,1,NO,1
2026,2026-07-07,7,76895,ZARZAL,ARO CENTRO TULUA,CANINO,2 VISITAS,2 VISITAS,SIN CLASIFICAR,1,NO,1
2026,2026-07-07,7,76895,ZARZAL,ARO CENTRO TULUA,CANINO,2 VISITAS,2 VISITAS,SIN CLASIFICAR,2,NO,1
2026,2026-07-07,7,76895,ZARZAL,ARO CENTRO TULUA,CANINO,2 VISITAS,2 VISITAS,SIN CLASIFICAR,2,SI,3
2026,2026-07-07,7,76895,ZARZAL,ARO CENTRO TULUA,FELINO,1 VISITA,1 VISITA,PERDIDO O DESAPARECIDO,1,NO,1
2026,2026-07-07,7,76895,ZARZAL,ARO CENTRO TULUA,FELINO,2 VISITAS,2 VISITAS,SIN CLASIFICAR,2,NO,1
2026,2026-07-07,7,76895,ZARZAL,ARO CENTRO TULUA,FELINO,2 VISITAS,2 VISITAS,SIN CLASIFICAR,2,SI,1
2026,2026-07-08,7,76036,ANDALUCIA,ARO CENTRO TULUA,CANINO,3 O MÁS VISITAS,3 VISITAS FUERA DE 10 DÍAS O CON INCONSISTENCIA,SIN CLASIFICAR,2,NO,1
2026,2026-07-08,7,76126,CALIMA,ARO CENTRO TULUA,CANINO,1 VISITA,1 VISITA,SIN CLASIFICAR,1,NO,2
2026,2026-07-08,7,76126,CALIMA,ARO CENTRO TULUA,CANINO,1 VISITA,1 VISITA,SIN CLASIFICAR,1,SI,1
2026,2026-07-08,7,76248,EL CERRITO,ARO SUR CALI,CANINO,2 VISITAS,2 VISITAS,SIN CLASIFICAR,2,SI,1
2026,2026-07-08,7,76248,EL CERRITO,ARO SUR CALI,FELINO,2 VISITAS,2 VISITAS,SIN CLASIFICAR,2,SI,1
2026,2026-07-08,7,76275,FLORIDA,ARO SUR CALI,CANINO,1 VISITA,1 VISITA,PERDIDO O DESAPARECIDO,1,SI,3
2026,2026-07-08,7,76275,FLORIDA,ARO SUR CALI,CANINO,1 VISITA,1 VISITA,SIN CLASIFICAR,1,SI,4
2026,2026-07-08,7,76318,GUACARI,ARO SUR CALI,CANINO,1 VISITA,1 VISITA,PERDIDO O DESAPARECIDO,1,SI,2
2026,2026-07-08,7,76318,GUACARI,ARO SUR CALI,CANINO,2 VISITAS,2 VISITAS,CON SIGNOS REPORTADOS,1,SI,1
2026,2026-07-08,7,76563,PRADERA,ARO SUR CALI,CANINO,1 VISITA,1 VISITA,PERDIDO O DESAPARECIDO,1,SI,1
2026,2026-07-08,7,76616,RIOFRIO,ARO CENTRO TULUA,FELINO,3 O MÁS VISITAS,CUMPLE,CON SIGNOS REPORTADOS,2,SI,1
2026,2026-07-08,7,76736,SEVILLA,ARO CENTRO TULUA,CANINO,1 VISITA,1 VISITA,OBSERVADO SANO,1,SI,1
2026,2026-07-08,7,76736,SEVILLA,ARO CENTRO TULUA,CANINO,1 VISITA,1 VISITA,SIN CLASIFICAR,1,SI,2
2026,2026-07-08,7,76736,SEVILLA,ARO CENTRO TULUA,CANINO,2 VISITAS,2 VISITAS,OBSERVADO SANO,1,SI,1
2026,2026-07-08,7,76736,SEVILLA,ARO CENTRO TULUA,FELINO,1 VISITA,1 VISITA,CALLEJERO,1,SI,1
2026,2026-07-08,7,76736,SEVILLA,ARO CENTRO TULUA,FELINO,2 VISITAS,2 VISITAS,OBSERVADO SANO,1,NO,1
2026,2026-07-08,7,76736,SEVILLA,ARO CENTRO TULUA,FELINO,2 VISITAS,2 VISITAS,OBSERVADO SANO,1,SI,2
2026,2026-07-08,7,76736,SEVILLA,ARO CENTRO TULUA,FELINO,2 VISITAS,2 VISITAS,SIN CLASIFICAR,1,SI,1
2026,2026-07-09,7,76001,CALI,ARO SUR CALI,CANINO,1 VISITA,1 VISITA,SIN CLASIFICAR,1,NO,1
2026,2026-07-09,7,76020,ALCALA,ARO NORTE CARTAGO,CANINO,2 VISITAS,2 VISITAS,NO OBSERVABLE,1,SI,1
2026,2026-07-09,7,76020,ALCALA,ARO NORTE CARTAGO,CANINO,2 VISITAS,2 VISITAS,OBSERVADO SANO,1,SI,1
2026,2026-07-09,7,76036,ANDALUCIA,ARO CENTRO TULUA,OTRO,1 VISITA,1 VISITA,SIN CLASIFICAR,1,SI,1
2026,2026-07-09,7,76041,ANSERMANUEVO,ARO NORTE CARTAGO,CANINO,3 O MÁS VISITAS,3 VISITAS FUERA DE 10 DÍAS O CON INCONSISTENCIA,OBSERVADO SANO,1,SI,1
2026,2026-07-09,7,76041,ANSERMANUEVO,ARO NORTE CARTAGO,CANINO,3 O MÁS VISITAS,3 VISITAS FUERA DE 10 DÍAS O CON INCONSISTENCIA,OBSERVADO SANO,2,SI,1
2026,2026-07-09,7,76041,ANSERMANUEVO,ARO NORTE CARTAGO,FELINO,3 O MÁS VISITAS,3 VISITAS FUERA DE 10 DÍAS O CON INCONSISTENCIA,OBSERVADO SANO,1,SI,1
2026,2026-07-09,7,76122,CAICEDONIA,ARO CENTRO TULUA,CANINO,1 VISITA,1 VISITA,CALLEJERO,1,SI,2
2026,2026-07-09,7,76122,CAICEDONIA,ARO CENTRO TULUA,CANINO,2 VISITAS,2 VISITAS,OBSERVADO SANO,1,SI,1
2026,2026-07-09,7,76122,CAICEDONIA,ARO CENTRO TULUA,FELINO,2 VISITAS,2 VISITAS,OBSERVADO SANO,1,SI,1
2026,2026-07-09,7,76275,FLORIDA,ARO SUR CALI,CANINO,1 VISITA,1 VISITA,PERDIDO O DESAPARECIDO,1,SI,1
2026,2026-07-09,7,76275,FLORIDA,ARO SUR CALI,CANINO,1 VISITA,1 VISITA,SIN CLASIFICAR,1,SI,2
2026,2026-07-09,7,76306,GINEBRA,ARO SUR CALI,CANINO,1 VISITA,1 VISITA,SIN CLASIFICAR,1,SI,1
2026,2026-07-09,7,76306,GINEBRA,ARO SUR CALI,CANINO,2 VISITAS,2 VISITAS,SIN CLASIFICAR,1,SI,1
2026,2026-07-09,7,76306,GINEBRA,ARO SUR CALI,FELINO,2 VISITAS,2 VISITAS,SIN CLASIFICAR,1,SI,1
2026,2026-07-09,7,76318,GUACARI,ARO SUR CALI,CANINO,2 VISITAS,2 VISITAS,CON SIGNOS REPORTADOS,2,SI,1
2026,2026-07-09,7,76377,LA CUMBRE,ARO SUR CALI,CANINO,1 VISITA,1 VISITA,PERDIDO O DESAPARECIDO,1,SI,1
2026,2026-07-09,7,76377,LA CUMBRE,ARO SUR CALI,CANINO,1 VISITA,1 VISITA,SIN CLASIFICAR,1,NO,1
2026,2026-07-09,7,76377,LA CUMBRE,ARO SUR CALI,CANINO,1 VISITA,1 VISITA,SIN CLASIFICAR,1,SI,1
2026,2026-07-09,7,76377,LA CUMBRE,ARO SUR CALI,CANINO,2 VISITAS,2 VISITAS,SIN CLASIFICAR,1,SI,1
2026,2026-07-09,7,76377,LA CUMBRE,ARO SUR CALI,FELINO,1 VISITA,1 VISITA,PERDIDO O DESAPARECIDO,1,SI,1
2026,2026-07-09,7,76400,LA UNION,ARO NORTE CARTAGO,CANINO,3 O MÁS VISITAS,CUMPLE,OBSERVADO SANO,2,SI,1
2026,2026-07-09,7,76400,LA UNION,ARO NORTE CARTAGO,FELINO,3 O MÁS VISITAS,CUMPLE,OBSERVADO SANO,2,SI,1
2026,2026-07-09,7,76563,PRADERA,ARO SUR CALI,CANINO,1 VISITA,1 VISITA,PERDIDO O DESAPARECIDO,1,NO,2
2026,2026-07-09,7,76563,PRADERA,ARO SUR CALI,CANINO,1 VISITA,1 VISITA,PERDIDO O DESAPARECIDO,1,SI,5
2026,2026-07-09,7,76895,ZARZAL,ARO CENTRO TULUA,CANINO,1 VISITA,1 VISITA,CALLEJERO,1,SI,1
2026,2026-07-09,7,76895,ZARZAL,ARO CENTRO TULUA,CANINO,1 VISITA,1 VISITA,PERDIDO O DESAPARECIDO,1,NO,1
2026,2026-07-09,7,76895,ZARZAL,ARO CENTRO TULUA,CANINO,1 VISITA,1 VISITA,PERDIDO O DESAPARECIDO,1,SI,4
2026,2026-07-09,7,76895,ZARZAL,ARO CENTRO TULUA,CANINO,2 VISITAS,2 VISITAS,SIN CLASIFICAR,1,NO,1
2026,2026-07-09,7,76895,ZARZAL,ARO CENTRO TULUA,CANINO,2 VISITAS,2 VISITAS,SIN CLASIFICAR,1,SI,1
2026,2026-07-09,7,76895,ZARZAL,ARO CENTRO TULUA,CANINO,2 VISITAS,2 VISITAS,SIN CLASIFICAR,2,NO,1
2026,2026-07-09,7,76895,ZARZAL,ARO CENTRO TULUA,FELINO,2 VISITAS,2 VISITAS,SIN CLASIFICAR,1,SI,1
2026,2026-07-10,7,76036,ANDALUCIA,ARO CENTRO TULUA,CANINO,3 O MÁS VISITAS,3 VISITAS FUERA DE 10 DÍAS O CON INCONSISTENCIA,SIN CLASIFICAR,3,NO,1
2026,2026-07-10,7,76054,ARGELIA,ARO NORTE CARTAGO,CANINO,3 O MÁS VISITAS,CUMPLE,OBSERVADO SANO,1,SI,1
2026,2026-07-10,7,76122,CAICEDONIA,ARO CENTRO TULUA,CANINO,2 VISITAS,2 VISITAS,OBSERVADO SANO,2,SI,1
2026,2026-07-10,7,76122,CAICEDONIA,ARO CENTRO TULUA,FELINO,2 VISITAS,2 VISITAS,OBSERVADO SANO,2,SI,1
2026,2026-07-10,7,76246,EL CAIRO,ARO NORTE CARTAGO,CANINO,1 VISITA,1 VISITA,NO OBSERVADO,1,SI,1
2026,2026-07-10,7,76246,EL CAIRO,ARO NORTE CARTAGO,CANINO,2 VISITAS,2 VISITAS,NO OBSERVADO,1,NO,1
2026,2026-07-10,7,76246,EL CAIRO,ARO NORTE CARTAGO,CANINO,2 VISITAS,2 VISITAS,NO OBSERVADO,1,SI,1
2026,2026-07-10,7,76246,EL CAIRO,ARO NORTE CARTAGO,CANINO,3 O MÁS VISITAS,CUMPLE,NO OBSERVADO,1,SI,1
2026,2026-07-10,7,76275,FLORIDA,ARO SUR CALI,CANINO,1 VISITA,1 VISITA,SIN CLASIFICAR,1,SI,1
2026,2026-07-10,7,76400,LA UNION,ARO NORTE CARTAGO,CANINO,3 O MÁS VISITAS,CUMPLE,OBSERVADO SANO,3,SI,1
2026,2026-07-10,7,76616,RIOFRIO,ARO CENTRO TULUA,FELINO,3 O MÁS VISITAS,CUMPLE,CON SIGNOS REPORTADOS,3,SI,1
2026,2026-07-10,7,76670,SAN PEDRO,ARO CENTRO TULUA,FELINO,1 VISITA,1 VISITA,SIN CLASIFICAR,1,SI,1
2026,2026-07-10,7,76736,SEVILLA,ARO CENTRO TULUA,CANINO,2 VISITAS,2 VISITAS,OBSERVADO SANO,2,SI,1
2026,2026-07-10,7,76736,SEVILLA,ARO CENTRO TULUA,FELINO,2 VISITAS,2 VISITAS,OBSERVADO SANO,2,NO,1
2026,2026-07-10,7,76736,SEVILLA,ARO CENTRO TULUA,FELINO,2 VISITAS,2 VISITAS,OBSERVADO SANO,2,SI,1
2026,2026-07-10,7,76736,SEVILLA,ARO CENTRO TULUA,FELINO,2 VISITAS,2 VISITAS,SIN CLASIFICAR,2,SI,1
2026,2026-07-10,7,76823,TORO,ARO NORTE CARTAGO,CANINO,1 VISITA,1 VISITA,NO OBSERVADO,1,NO,1
2026,2026-07-10,7,76823,TORO,ARO NORTE CARTAGO,CANINO,1 VISITA,1 VISITA,NO OBSERVADO,1,SI,1
2026,2026-07-10,7,76828,TRUJILLO,ARO CENTRO TULUA,CANINO,1 VISITA,1 VISITA,CALLEJERO,1,NO,1
2026,2026-07-10,7,76828,TRUJILLO,ARO CENTRO TULUA,CANINO,1 VISITA,1 VISITA,PERDIDO O DESAPARECIDO,1,NO,2
2026,2026-07-10,7,76828,TRUJILLO,ARO CENTRO TULUA,CANINO,1 VISITA,1 VISITA,PERDIDO O DESAPARECIDO,1,SI,2
2026,2026-07-10,7,76828,TRUJILLO,ARO CENTRO TULUA,CANINO,1 VISITA,1 VISITA,SIN CLASIFICAR,1,NO,1
2026,2026-07-10,7,76828,TRUJILLO,ARO CENTRO TULUA,CANINO,2 VISITAS,2 VISITAS,SIN CLASIFICAR,1,NO,1
2026,2026-07-10,7,76828,TRUJILLO,ARO CENTRO TULUA,CANINO,2 VISITAS,2 VISITAS,SIN CLASIFICAR,1,SI,2
2026,2026-07-10,7,76828,TRUJILLO,ARO CENTRO TULUA,FELINO,1 VISITA,1 VISITA,SIN CLASIFICAR,1,NO,1
2026,2026-07-11,7,76054,ARGELIA,ARO NORTE CARTAGO,CANINO,2 VISITAS,2 VISITAS,NO OBSERVADO,1,SI,1
2026,2026-07-11,7,76246,EL CAIRO,ARO NORTE CARTAGO,CANINO,3 O MÁS VISITAS,CUMPLE,NO OBSERVADO,2,SI,1
2026,2026-07-14,7,76020,ALCALA,ARO NORTE CARTAGO,CANINO,2 VISITAS,2 VISITAS,NO OBSERVABLE,2,NO,1
2026,2026-07-14,7,76020,ALCALA,ARO NORTE CARTAGO,CANINO,2 VISITAS,2 VISITAS,NO OBSERVADO,1,NO,1
2026,2026-07-14,7,76020,ALCALA,ARO NORTE CARTAGO,CANINO,2 VISITAS,2 VISITAS,OBSERVADO SANO,1,NO,1
2026,2026-07-14,7,76020,ALCALA,ARO NORTE CARTAGO,CANINO,2 VISITAS,2 VISITAS,OBSERVADO SANO,1,SI,1
2026,2026-07-14,7,76020,ALCALA,ARO NORTE CARTAGO,CANINO,2 VISITAS,2 VISITAS,OBSERVADO SANO,2,NO,1
2026,2026-07-14,7,76113,BUGALAGRANDE,ARO CENTRO TULUA,CANINO,1 VISITA,1 VISITA,SIN CLASIFICAR,1,SI,1
2026,2026-07-14,7,76400,LA UNION,ARO NORTE CARTAGO,CANINO,1 VISITA,1 VISITA,OBSERVADO SANO,1,NO,1
2026,2026-07-14,7,76400,LA UNION,ARO NORTE CARTAGO,FELINO,1 VISITA,1 VISITA,OBSERVADO SANO,1,NO,1
2026,2026-07-14,7,76400,LA UNION,ARO NORTE CARTAGO,FELINO,3 O MÁS VISITAS,CUMPLE,OBSERVADO SANO,3,SI,1
2026,2026-07-15,7,76020,ALCALA,ARO NORTE CARTAGO,CANINO,1 VISITA,1 VISITA,NO OBSERVADO,1,NO,1
2026,2026-07-15,7,76036,ANDALUCIA,ARO CENTRO TULUA,CANINO,1 VISITA,1 VISITA,SIN CLASIFICAR,1,SI,3
2026,2026-07-15,7,76036,ANDALUCIA,ARO CENTRO TULUA,FELINO,2 VISITAS,2 VISITAS,SIN CLASIFICAR,1,SI,1
2026,2026-07-15,7,76041,ANSERMANUEVO,ARO NORTE CARTAGO,CANINO,3 O MÁS VISITAS,3 VISITAS FUERA DE 10 DÍAS O CON INCONSISTENCIA,OBSERVADO SANO,3,NO,1
2026,2026-07-15,7,76041,ANSERMANUEVO,ARO NORTE CARTAGO,FELINO,3 O MÁS VISITAS,3 VISITAS FUERA DE 10 DÍAS O CON INCONSISTENCIA,OBSERVADO SANO,2,SI,1
2026,2026-07-15,7,76054,ARGELIA,ARO NORTE CARTAGO,CANINO,2 VISITAS,2 VISITAS,NO OBSERVADO,2,SI,1
2026,2026-07-15,7,76054,ARGELIA,ARO NORTE CARTAGO,CANINO,3 O MÁS VISITAS,3 VISITAS FUERA DE 10 DÍAS O CON INCONSISTENCIA,OBSERVADO SANO,1,SI,1
2026,2026-07-15,7,76054,ARGELIA,ARO NORTE CARTAGO,CANINO,3 O MÁS VISITAS,CUMPLE,OBSERVADO SANO,2,SI,1
2026,2026-07-15,7,76246,EL CAIRO,ARO NORTE CARTAGO,CANINO,2 VISITAS,2 VISITAS,NO OBSERVADO,2,SI,1
2026,2026-07-15,7,76248,EL CERRITO,ARO SUR CALI,CANINO,1 VISITA,1 VISITA,PERDIDO O DESAPARECIDO,1,SI,4
2026,2026-07-15,7,76248,EL CERRITO,ARO SUR CALI,CANINO,2 VISITAS,2 VISITAS,CON SIGNOS REPORTADOS,1,SI,1
2026,2026-07-15,7,76248,EL CERRITO,ARO SUR CALI,FELINO,1 VISITA,1 VISITA,PERDIDO O DESAPARECIDO,1,SI,1
2026,2026-07-15,7,76563,PRADERA,ARO SUR CALI,CANINO,1 VISITA,1 VISITA,PERDIDO O DESAPARECIDO,1,SI,1
2026,2026-07-15,7,76606,RESTREPO,ARO CENTRO TULUA,CANINO,1 VISITA,1 VISITA,PERDIDO O DESAPARECIDO,1,SI,2
2026,2026-07-15,7,76606,RESTREPO,ARO CENTRO TULUA,CANINO,1 VISITA,1 VISITA,SIN CLASIFICAR,1,SI,1
2026,2026-07-15,7,76616,RIOFRIO,ARO CENTRO TULUA,CANINO,1 VISITA,1 VISITA,SIN CLASIFICAR,1,SI,1
2026,2026-07-15,7,76616,RIOFRIO,ARO CENTRO TULUA,FELINO,3 O MÁS VISITAS,CUMPLE,SIN CLASIFICAR,1,SI,1
2026,2026-07-15,7,76622,ROLDANILLO,ARO NORTE CARTAGO,CANINO,1 VISITA,1 VISITA,NO OBSERVADO,1,SI,2
2026,2026-07-15,7,76622,ROLDANILLO,ARO NORTE CARTAGO,CANINO,1 VISITA,1 VISITA,OBSERVADO SANO,1,SI,1
2026,2026-07-15,7,76828,TRUJILLO,ARO CENTRO TULUA,CANINO,2 VISITAS,2 VISITAS,SIN CLASIFICAR,2,NO,3
2026,2026-07-16,7,76020,ALCALA,ARO NORTE CARTAGO,CANINO,2 VISITAS,2 VISITAS,NO OBSERVADO,2,NO,1
2026,2026-07-16,7,76020,ALCALA,ARO NORTE CARTAGO,CANINO,2 VISITAS,2 VISITAS,OBSERVADO SANO,2,NO,1
2026,2026-07-16,7,76020,ALCALA,ARO NORTE CARTAGO,CANINO,2 VISITAS,2 VISITAS,OBSERVADO SANO,2,SI,1
2026,2026-07-16,7,76036,ANDALUCIA,ARO CENTRO TULUA,FELINO,2 VISITAS,2 VISITAS,SIN CLASIFICAR,2,SI,1
2026,2026-07-16,7,76054,ARGELIA,ARO NORTE CARTAGO,CANINO,3 O MÁS VISITAS,CUMPLE,OBSERVADO SANO,1,SI,1
2026,2026-07-16,7,76054,ARGELIA,ARO NORTE CARTAGO,CANINO,3 O MÁS VISITAS,CUMPLE,OBSERVADO SANO,3,SI,1
2026,2026-07-16,7,76122,CAICEDONIA,ARO CENTRO TULUA,CANINO,1 VISITA,1 VISITA,CALLEJERO,1,SI,2
2026,2026-07-16,7,76122,CAICEDONIA,ARO CENTRO TULUA,CANINO,1 VISITA,1 VISITA,OBSERVADO SANO,1,SI,1
2026,2026-07-16,7,76126,CALIMA,ARO CENTRO TULUA,CANINO,1 VISITA,1 VISITA,SIN CLASIFICAR,1,SI,4
2026,2026-07-16,7,76233,DAGUA,ARO SUR CALI,CANINO,1 VISITA,1 VISITA,PERDIDO O DESAPARECIDO,1,NO,4
2026,2026-07-16,7,76233,DAGUA,ARO SUR CALI,CANINO,1 VISITA,1 VISITA,SIN CLASIFICAR,1,SI,1
2026,2026-07-16,7,76246,EL CAIRO,ARO NORTE CARTAGO,CANINO,3 O MÁS VISITAS,CUMPLE,NO OBSERVADO,3,SI,1
2026,2026-07-16,7,76248,EL CERRITO,ARO SUR CALI,CANINO,2 VISITAS,2 VISITAS,CON SIGNOS REPORTADOS,2,SI,1
2026,2026-07-16,7,76275,FLORIDA,ARO SUR CALI,CANINO,1 VISITA,1 VISITA,PERDIDO O DESAPARECIDO,1,SI,2
2026,2026-07-16,7,76275,FLORIDA,ARO SUR CALI,CANINO,1 VISITA,1 VISITA,SIN CLASIFICAR,1,SI,3
2026,2026-07-16,7,76275,FLORIDA,ARO SUR CALI,FELINO,1 VISITA,1 VISITA,PERDIDO O DESAPARECIDO,1,SI,2
2026,2026-07-16,7,76275,FLORIDA,ARO SUR CALI,SIN DATO,1 VISITA,1 VISITA,SIN CLASIFICAR,1,SI,1
2026,2026-07-16,7,76306,GINEBRA,ARO SUR CALI,CANINO,1 VISITA,1 VISITA,PERDIDO O DESAPARECIDO,1,SI,1
2026,2026-07-16,7,76306,GINEBRA,ARO SUR CALI,CANINO,2 VISITAS,2 VISITAS,SIN CLASIFICAR,2,SI,1
2026,2026-07-16,7,76306,GINEBRA,ARO SUR CALI,FELINO,2 VISITAS,2 VISITAS,PERDIDO O DESAPARECIDO,2,NO,1
2026,2026-07-16,7,76306,GINEBRA,ARO SUR CALI,FELINO,2 VISITAS,2 VISITAS,SIN CLASIFICAR,2,SI,1
2026,2026-07-16,7,76622,ROLDANILLO,ARO NORTE CARTAGO,CANINO,1 VISITA,1 VISITA,NO OBSERVADO,1,NO,1
2026,2026-07-16,7,76622,ROLDANILLO,ARO NORTE CARTAGO,CANINO,1 VISITA,1 VISITA,OBSERVADO SANO,1,NO,1
2026,2026-07-16,7,76622,ROLDANILLO,ARO NORTE CARTAGO,FELINO,1 VISITA,1 VISITA,NO OBSERVADO,1,NO,1
2026,2026-07-16,7,76622,ROLDANILLO,ARO NORTE CARTAGO,FELINO,1 VISITA,1 VISITA,OBSERVADO SANO,1,NO,1
2026,2026-07-16,7,76736,SEVILLA,ARO CENTRO TULUA,CANINO,1 VISITA,1 VISITA,CALLEJERO,1,SI,1
2026,2026-07-16,7,76845,ULLOA,ARO NORTE CARTAGO,CANINO,1 VISITA,1 VISITA,OBSERVADO SANO,1,SI,1
2026,2026-07-16,7,76863,VERSALLES,ARO NORTE CARTAGO,CANINO,1 VISITA,1 VISITA,NO OBSERVABLE,1,SI,1
2026,2026-07-16,7,76863,VERSALLES,ARO NORTE CARTAGO,CANINO,1 VISITA,1 VISITA,NO OBSERVADO,1,NO,1
2026,2026-07-16,7,76863,VERSALLES,ARO NORTE CARTAGO,CANINO,1 VISITA,1 VISITA,OBSERVADO SANO,1,NO,1
2026,2026-07-16,7,76863,VERSALLES,ARO NORTE CARTAGO,CANINO,1 VISITA,1 VISITA,OBSERVADO SANO,1,SI,1
2026,2026-07-16,7,76890,YOTOCO,ARO CENTRO TULUA,CANINO,1 VISITA,1 VISITA,CON SIGNOS REPORTADOS,1,SI,1
2026,2026-07-16,7,76890,YOTOCO,ARO CENTRO TULUA,CANINO,1 VISITA,1 VISITA,SIN CLASIFICAR,1,SI,2
2026,2026-07-16,7,76895,ZARZAL,ARO CENTRO TULUA,CANINO,1 VISITA,1 VISITA,PERDIDO O DESAPARECIDO,1,SI,4
2026,2026-07-16,7,76895,ZARZAL,ARO CENTRO TULUA,CANINO,1 VISITA,1 VISITA,SIN CLASIFICAR,1,SI,1
2026,2026-07-16,7,76895,ZARZAL,ARO CENTRO TULUA,CANINO,2 VISITAS,2 VISITAS,SIN CLASIFICAR,2,NO,2
2026,2026-07-16,7,76895,ZARZAL,ARO CENTRO TULUA,FELINO,1 VISITA,1 VISITA,PERDIDO O DESAPARECIDO,1,SI,1
2026,2026-07-16,7,76895,ZARZAL,ARO CENTRO TULUA,FELINO,2 VISITAS,2 VISITAS,SIN CLASIFICAR,2,NO,1
2026,2026-07-16,7,76895,ZARZAL,ARO CENTRO TULUA,OTRO,1 VISITA,1 VISITA,SIN CLASIFICAR,1,SI,1
2026,2026-07-17,7,76616,RIOFRIO,ARO CENTRO TULUA,FELINO,3 O MÁS VISITAS,CUMPLE,SIN CLASIFICAR,2,SI,1
2026,2026-07-18,7,76054,ARGELIA,ARO NORTE CARTAGO,CANINO,3 O MÁS VISITAS,3 VISITAS FUERA DE 10 DÍAS O CON INCONSISTENCIA,OBSERVADO SANO,2,NO,1
2026,2026-07-21,7,76020,ALCALA,ARO NORTE CARTAGO,CANINO,1 VISITA,1 VISITA,OBSERVADO SANO,1,NO,1
2026,2026-07-21,7,76054,ARGELIA,ARO NORTE CARTAGO,CANINO,3 O MÁS VISITAS,3 VISITAS FUERA DE 10 DÍAS O CON INCONSISTENCIA,OBSERVADO SANO,3,NO,1
2026,2026-07-21,7,76400,LA UNION,ARO NORTE CARTAGO,CANINO,1 VISITA,1 VISITA,PERDIDO O DESAPARECIDO,1,SI,2
2026,2026-07-21,7,76400,LA UNION,ARO NORTE CARTAGO,OTRO,1 VISITA,1 VISITA,NO OBSERVADO,1,SI,1
2026,2026-07-21,7,76616,RIOFRIO,ARO CENTRO TULUA,CANINO,1 VISITA,1 VISITA,SIN CLASIFICAR,1,SI,1
2026,2026-07-21,7,76616,RIOFRIO,ARO CENTRO TULUA,FELINO,3 O MÁS VISITAS,3 VISITAS FUERA DE 10 DÍAS O CON INCONSISTENCIA,SIN CLASIFICAR,1,NO,1
2026,2026-07-21,7,76616,RIOFRIO,ARO CENTRO TULUA,FELINO,3 O MÁS VISITAS,CUMPLE,SIN CLASIFICAR,3,SI,1
2026,2026-07-21,7,76616,RIOFRIO,ARO CENTRO TULUA,OTRO,1 VISITA,1 VISITA,SIN CLASIFICAR,1,SI,1
2026,2026-07-21,7,76622,ROLDANILLO,ARO NORTE CARTAGO,CANINO,1 VISITA,1 VISITA,NO OBSERVADO,1,NO,3
2026,2026-07-21,7,76622,ROLDANILLO,ARO NORTE CARTAGO,CANINO,1 VISITA,1 VISITA,OBSERVADO SANO,1,NO,1
2026,2026-07-21,7,76622,ROLDANILLO,ARO NORTE CARTAGO,FELINO,1 VISITA,1 VISITA,NO OBSERVADO,1,SI,2
2026,2026-07-21,7,76622,ROLDANILLO,ARO NORTE CARTAGO,FELINO,1 VISITA,1 VISITA,OBSERVADO SANO,1,NO,1
2026,2026-07-21,7,76622,ROLDANILLO,ARO NORTE CARTAGO,FELINO,1 VISITA,1 VISITA,OBSERVADO SANO,1,SI,1
2026,2026-07-22,7,76020,ALCALA,ARO NORTE CARTAGO,CANINO,1 VISITA,1 VISITA,OBSERVADO SANO,1,NO,1
2026,2026-07-22,7,76041,ANSERMANUEVO,ARO NORTE CARTAGO,FELINO,3 O MÁS VISITAS,3 VISITAS FUERA DE 10 DÍAS O CON INCONSISTENCIA,OBSERVADO SANO,3,NO,1
2026,2026-07-22,7,76054,ARGELIA,ARO NORTE CARTAGO,CANINO,3 O MÁS VISITAS,CUMPLE,OBSERVADO SANO,2,SI,1
2026,2026-07-22,7,76113,BUGALAGRANDE,ARO CENTRO TULUA,CANINO,1 VISITA,1 VISITA,NO OBSERVABLE,1,NO,3
2026,2026-07-22,7,76233,DAGUA,ARO SUR CALI,CANINO,1 VISITA,1 VISITA,OBSERVADO SANO,1,SI,1
2026,2026-07-22,7,76233,DAGUA,ARO SUR CALI,CANINO,1 VISITA,1 VISITA,PERDIDO O DESAPARECIDO,1,NO,2
2026,2026-07-22,7,76233,DAGUA,ARO SUR CALI,CANINO,1 VISITA,1 VISITA,SIN CLASIFICAR,1,NO,2
2026,2026-07-22,7,76246,EL CAIRO,ARO NORTE CARTAGO,FELINO,3 O MÁS VISITAS,3 VISITAS FUERA DE 10 DÍAS O CON INCONSISTENCIA,OBSERVADO SANO,1,NO,1
2026,2026-07-22,7,76275,FLORIDA,ARO SUR CALI,CANINO,1 VISITA,1 VISITA,PERDIDO O DESAPARECIDO,1,NO,1
2026,2026-07-22,7,76275,FLORIDA,ARO SUR CALI,CANINO,1 VISITA,1 VISITA,PERDIDO O DESAPARECIDO,1,SI,1
2026,2026-07-22,7,76306,GINEBRA,ARO SUR CALI,CANINO,1 VISITA,1 VISITA,PERDIDO O DESAPARECIDO,1,SI,1
2026,2026-07-22,7,76306,GINEBRA,ARO SUR CALI,FELINO,1 VISITA,1 VISITA,PERDIDO O DESAPARECIDO,1,SI,2
2026,2026-07-22,7,76318,GUACARI,ARO SUR CALI,CANINO,1 VISITA,1 VISITA,PERDIDO O DESAPARECIDO,1,NO,1
2026,2026-07-22,7,76318,GUACARI,ARO SUR CALI,CANINO,1 VISITA,1 VISITA,PERDIDO O DESAPARECIDO,1,SI,1
2026,2026-07-22,7,76318,GUACARI,ARO SUR CALI,FELINO,1 VISITA,1 VISITA,PERDIDO O DESAPARECIDO,1,SI,1
2026,2026-07-22,7,76318,GUACARI,ARO SUR CALI,FELINO,2 VISITAS,2 VISITAS,CON SIGNOS REPORTADOS,1,SI,1
2026,2026-07-22,7,76377,LA CUMBRE,ARO SUR CALI,CANINO,1 VISITA,1 VISITA,CON SIGNOS REPORTADOS,1,NO,2
2026,2026-07-22,7,76377,LA CUMBRE,ARO SUR CALI,CANINO,1 VISITA,1 VISITA,PERDIDO O DESAPARECIDO,1,NO,2
2026,2026-07-22,7,76377,LA CUMBRE,ARO SUR CALI,CANINO,2 VISITAS,2 VISITAS,SIN CLASIFICAR,2,NO,1
2026,2026-07-22,7,76400,LA UNION,ARO NORTE CARTAGO,SIN DATO,1 VISITA,1 VISITA,NO OBSERVADO,1,SI,1
2026,2026-07-23,7,76246,EL CAIRO,ARO NORTE CARTAGO,CANINO,3 O MÁS VISITAS,CUMPLE,OBSERVADO SANO,1,SI,1
2026,2026-07-23,7,76246,EL CAIRO,ARO NORTE CARTAGO,FELINO,3 O MÁS VISITAS,3 VISITAS FUERA DE 10 DÍAS O CON INCONSISTENCIA,OBSERVADO SANO,2,NO,1
2026,2026-07-23,7,76248,EL CERRITO,ARO SUR CALI,CANINO,1 VISITA,1 VISITA,CON SIGNOS REPORTADOS,1,NO,1
2026,2026-07-23,7,76248,EL CERRITO,ARO SUR CALI,CANINO,1 VISITA,1 VISITA,CON SIGNOS REPORTADOS,1,SI,2
2026,2026-07-23,7,76248,EL CERRITO,ARO SUR CALI,CANINO,1 VISITA,1 VISITA,PERDIDO O DESAPARECIDO,1,SI,4
2026,2026-07-23,7,76377,LA CUMBRE,ARO SUR CALI,CANINO,1 VISITA,1 VISITA,PERDIDO O DESAPARECIDO,1,NO,1
2026,2026-07-23,7,76616,RIOFRIO,ARO CENTRO TULUA,FELINO,3 O MÁS VISITAS,3 VISITAS FUERA DE 10 DÍAS O CON INCONSISTENCIA,SIN CLASIFICAR,2,NO,1
2026,2026-07-23,7,76622,ROLDANILLO,ARO NORTE CARTAGO,CANINO,1 VISITA,1 VISITA,OBSERVADO SANO,1,NO,1
2026,2026-07-24,7,76054,ARGELIA,ARO NORTE CARTAGO,CANINO,3 O MÁS VISITAS,CUMPLE,OBSERVADO SANO,3,SI,1
2026,2026-07-24,7,76126,CALIMA,ARO CENTRO TULUA,CANINO,1 VISITA,1 VISITA,SIN CLASIFICAR,1,NO,1
2026,2026-07-24,7,76126,CALIMA,ARO CENTRO TULUA,CANINO,1 VISITA,1 VISITA,SIN CLASIFICAR,1,SI,4
2026,2026-07-24,7,76246,EL CAIRO,ARO NORTE CARTAGO,CANINO,2 VISITAS,2 VISITAS,NO OBSERVADO,2,NO,1
2026,2026-07-24,7,76246,EL CAIRO,ARO NORTE CARTAGO,CANINO,3 O MÁS VISITAS,CUMPLE,OBSERVADO SANO,2,SI,1
2026,2026-07-24,7,76248,EL CERRITO,ARO SUR CALI,CANINO,1 VISITA,1 VISITA,CON SIGNOS REPORTADOS,1,NO,1
2026,2026-07-24,7,76318,GUACARI,ARO SUR CALI,FELINO,2 VISITAS,2 VISITAS,CON SIGNOS REPORTADOS,2,NO,1
2026,2026-07-24,7,76403,LA VICTORIA,ARO NORTE CARTAGO,CANINO,1 VISITA,1 VISITA,OBSERVADO SANO,1,NO,1
2026,2026-07-24,7,76403,LA VICTORIA,ARO NORTE CARTAGO,CANINO,1 VISITA,1 VISITA,PERDIDO O DESAPARECIDO,1,NO,1
2026,2026-07-24,7,76670,SAN PEDRO,ARO CENTRO TULUA,CANINO,1 VISITA,1 VISITA,SIN CLASIFICAR,1,SI,1
2026,2026-07-24,7,76890,YOTOCO,ARO CENTRO TULUA,CANINO,1 VISITA,1 VISITA,PERDIDO O DESAPARECIDO,1,SI,2
2026,2026-07-24,7,76890,YOTOCO,ARO CENTRO TULUA,CANINO,1 VISITA,1 VISITA,SIN CLASIFICAR,1,SI,5
2026,2026-07-24,7,76890,YOTOCO,ARO CENTRO TULUA,FELINO,1 VISITA,1 VISITA,PERDIDO O DESAPARECIDO,1,SI,2
2026,2026-07-25,7,76616,RIOFRIO,ARO CENTRO TULUA,FELINO,3 O MÁS VISITAS,3 VISITAS FUERA DE 10 DÍAS O CON INCONSISTENCIA,SIN CLASIFICAR,3,NO,1
2026,2026-07-26,7,76246,EL CAIRO,ARO NORTE CARTAGO,CANINO,3 O MÁS VISITAS,CUMPLE,OBSERVADO SANO,3,SI,1
2026,2026-07-26,7,76246,EL CAIRO,ARO NORTE CARTAGO,FELINO,3 O MÁS VISITAS,3 VISITAS FUERA DE 10 DÍAS O CON INCONSISTENCIA,OBSERVADO SANO,3,NO,1
2026,2026-07-27,7,76400,LA UNION,ARO NORTE CARTAGO,CANINO,1 VISITA,1 VISITA,PERDIDO O DESAPARECIDO,1,NO,1
2026,2027-07-10,7,76736,SEVILLA,ARO CENTRO TULUA,FELINO,2 VISITAS,2 VISITAS,OBSERVADO SANO,2,NO,1
