ID_SEDE_IRCA;COD_DANE;MUNICIPIO;NOMBRE_SEDE_IRCA;CANDIDATOS_POR_CODIGO;CANDIDATOS_POR_NOMBRE;TIPO_CRUCE;ESTADO_CRUCE;ESTADO_GEORREFERENCIACION;OBSERVACION
1;276020000045;ALCALA;I.E ARTURO GOMEZ JARAMILLO SEDE FRANCISCO DE PAULA SANTANDER;1;1;COD_DANE_UNICO;CRUCE_OK;GEORREFERENCIADA;
2;276020000053;ALCALA;I.E ARTURO GOMEZ JARAMILLO SEDE MANUELA BELTRAN;1;1;COD_DANE_UNICO;CRUCE_OK;GEORREFERENCIADA;
3;276020000061;ALCALA;IE ARTURO GOMEZ JARAMILLO SEDE JOSE IGNACIO RENGIFO;1;1;COD_DANE_UNICO;CRUCE_OK;GEORREFERENCIADA;
4;276020000088;ALCALA;I.E ARTURO GOMEZ JARAMILLO SEDE SAN AGUSTIN;1;1;COD_DANE_UNICO;CRUCE_OK;GEORREFERENCIADA;
5;276020000100;ALCALA;I.E ARTURO GOMEZ JARAMILLO SEDE SAN JUAN BOSCO;1;1;COD_DANE_UNICO;CRUCE_OK;GEORREFERENCIADA;
6;276020000118;ALCALA;I.E ARTURO GOMEZ JARAMILLO SEDE CRISTOBAL COLON;1;1;COD_DANE_UNICO;CRUCE_OK;GEORREFERENCIADA;
7;276020000151;ALCALA;I.E ARTURO GÓMEZ JARAMILLO SEDE NUEVA GRANADA;1;1;COD_DANE_UNICO;CRUCE_OK;GEORREFERENCIADA;
8;276020000169;ALCALA;I.E ARTURO GOMEZ JARAMILLO SEDE MANUEL MEJIA;1;1;COD_DANE_UNICO;CRUCE_OK;GEORREFERENCIADA;
9;276020000193;ALCALA;I.E ARTURO GOMEZ JARAMILLO SEDE ATANASIO GIRARDOT;1;1;COD_DANE_UNICO;CRUCE_OK;GEORREFERENCIADA;
10;276020000215;ALCALA;I.E ARTURO GOMEZ JARAMILLO SEDE LA POLONIA;1;1;COD_DANE_UNICO;CRUCE_OK;GEORREFERENCIADA;
11;276020000223;ALCALA;I.E ARTURO GOMEZ JARAMILLO SEDE SIMON BOLIVAR;1;1;COD_DANE_UNICO;CRUCE_OK;GEORREFERENCIADA;
12;276020000231;ALCALA;I.E ARTURO GÓMEZ JARAMILLO SEDE SANTA TERESITA;1;1;COD_DANE_UNICO;CRUCE_OK;GEORREFERENCIADA;
13;176020000172;ALCALA;I.E SAN JOSÉ SEDE MARÍA AUXILIADORA # 1;2;1;COD_DANE_DUPLICADO+NOMBRE_EXACTO;CRUCE_OK_CONTROLADO;GEORREFERENCIADA;
14;176020000172;ALCALA;I.E SAN JOSE SEDE MARIA AUXILIADORA BLOQUE 2;2;1;COD_DANE_DUPLICADO+NOMBRE_EXACTO;CRUCE_OK_CONTROLADO;GEORREFERENCIADA;
15;176020000032;ALCALA;I.E SAN JOSÉ SEDE PRINCIPAL;1;1;COD_DANE_UNICO;CRUCE_OK;GEORREFERENCIADA;
16;176020000181;ALCALA;I.E ARTURO GOMEZ JARAMILLO SANTO TOMÁS DE AQUINO BLOQUE 1;2;1;COD_DANE_DUPLICADO+NOMBRE_EXACTO;CRUCE_OK_CONTROLADO;GEORREFERENCIADA;
17;176020000181;ALCALA;I.E ARTURO GOMEZ JARAMILLO SEDE SANTO TOMAS DE AQUINO BLOQUE 2;2;1;COD_DANE_DUPLICADO+NOMBRE_EXACTO;CRUCE_OK_CONTROLADO;GEORREFERENCIADA;
18;476020000249;ALCALA;I.E ARTURO GOMEZ JARAMILLO SEDE PRINCIPAL;1;1;COD_DANE_UNICO;CRUCE_OK;GEORREFERENCIADA;
19;276036000207;ANDALUCÍA;I.E. AGRICOLA CAMPOALEGRE SEDE JOSE MARIA CORDOBA;1;1;COD_DANE_UNICO;CRUCE_OK;GEORREFERENCIADA;
20;276036000274;ANDALUCÍA;I.E. AGRICOLA CAMPOALEGRE SEDE SANTA MATILDE;1;1;COD_DANE_UNICO;CRUCE_OK;GEORREFERENCIADA;
21;276036000037;ANDALUCÍA;I.E. AGRICOLA CAMPOALEGRE SEDE AGRICOLA CAMPOALEGRE;1;1;COD_DANE_UNICO;CRUCE_OK;GEORREFERENCIADA;
22;276036000070;ANDALUCÍA;I.E. AGRICOLA COMPOALEGRE SEDE CUSTODIO GARCIA ROVIRA;1;1;COD_DANE_UNICO;CRUCE_OK;GEORREFERENCIADA;
23;276036000126;ANDALUCÍA;I.E. AGRICOLA CAMPOALEGRE SEDE VICENTE H. CRUZ;1;1;COD_DANE_UNICO;CRUCE_OK;GEORREFERENCIADA;
24;276036000142;ANDALUCÍA;I.E. AGRICOLA CAMPOALEGRE SEDE  ANTONIO JOSE DE SUCRE;1;1;COD_DANE_UNICO;CRUCE_OK;GEORREFERENCIADA;
25;276036000151;ANDALUCÍA;I.E. AGRICOLA CAMPOALEGRE SEDE MARCO FIDEL SUAREZ;1;1;COD_DANE_UNICO;CRUCE_OK;GEORREFERENCIADA;
26;276036000169;ANDALUCÍA;I.E. AGRICOLA CAMPOALEGRE SEDE PRIMITIVO CRESPO;1;1;COD_DANE_UNICO;CRUCE_OK;GEORREFERENCIADA;
27;276036000193;ANDALUCÍA;I.E. AGRICOLA CAMPOALEGRE SEDE SAN FRANCISCO;1;1;COD_DANE_UNICO;CRUCE_OK;GEORREFERENCIADA;
28;276036000223;ANDALUCÍA;I.E AGRICOLA CAMPO ALEGRE SEDE JOSE ANTONIO ANZOATEGUI;1;1;COD_DANE_UNICO;CRUCE_OK;GEORREFERENCIADA;
29;276036000282;ANDALUCÍA;I.E. AGRICOLA CAMPOALEGRE SEDE ISABEL ARAGON;1;1;COD_DANE_UNICO;CRUCE_OK;GEORREFERENCIADA;
30;276041000088;ANSERMANUEVO;I.E JORGE ISAACS SEDE CARTAGENA DE INDIAS;1;1;COD_DANE_UNICO;CRUCE_OK;GEORREFERENCIADA;
31;276041000363;ANSERMANUEVO;I.E SANTA INES SEDE PRIMARIA BLOQUE 3;1;1;COD_DANE_UNICO;CRUCE_OK;GEORREFERENCIADA;
32;276041000371;ANSERMANUEVO;I.E JORGE ISAAC SEDE JORGE ISAAC;1;1;COD_DANE_UNICO;CRUCE_OK;GEORREFERENCIADA;
33;376041000031;ANSERMANUEVO;I.E JORGE ISAAC SEDE NUESTRA SEÑORA DE FATIMA;1;1;COD_DANE_UNICO;CRUCE_OK;GEORREFERENCIADA;
34;276041000851;ANSERMANUEVO;I.E JORGE ISAACS SEDE ONCE DE NOVIEMBRE;1;1;COD_DANE_UNICO;CRUCE_OK;GEORREFERENCIADA;
35;276041000169;ANSERMANUEVO;I.E SANTA INES SEDE SAN JUAN BOSCO;1;1;COD_DANE_UNICO;CRUCE_OK;GEORREFERENCIADA;
36;276041000461;ANSERMANUEVO;I.E EL PLACER SEDE SIMON BOLIVAR;1;1;COD_DANE_UNICO;CRUCE_OK;GEORREFERENCIADA;
37;276041000061;ANSERMANUEVO;I.E EL PLACER SEDE CAMILO TORRES;1;1;COD_DANE_UNICO;CRUCE_OK;GEORREFERENCIADA;
38;276041000991;ANSERMANUEVO;I.E JORGE ISAAC SEDE TERESA BORJA DE CASTRO;1;1;COD_DANE_UNICO;CRUCE_OK;GEORREFERENCIADA;
39;276041000193;ANSERMANUEVO;I.E EL PLACER SEDE DIVINO SALVADOR;1;1;COD_DANE_UNICO;CRUCE_OK;GEORREFERENCIADA;
40;276041000207;ANSERMANUEVO;I.E EL PLACER SEDE NIÑO JESUS DE PRAGA;1;1;COD_DANE_UNICO;CRUCE_OK;GEORREFERENCIADA;
41;276041001106;ANSERMANUEVO;I.E EL PLACER SEDE RICARDO NIETO;1;1;COD_DANE_UNICO;CRUCE_OK;GEORREFERENCIADA;
42;276041000401;ANSERMANUEVO;I.E EL PLACER SEDE JUAN XXIII;1;1;COD_DANE_UNICO;CRUCE_OK;GEORREFERENCIADA;
43;276041000517;ANSERMANUEVO;I.E JORGE ISAAC SEDE JOSE ACEVEDO Y GOMEZ;1;1;COD_DANE_UNICO;CRUCE_OK;GEORREFERENCIADA;
44;276041000070;ANSERMANUEVO;I.E JORGE ISAAC SEDE SAGRADO CORAZON DE JESUS;1;1;COD_DANE_UNICO;CRUCE_OK;GEORREFERENCIADA;
45;276041000096;ANSERMANUEVO;I.E JORGE ISAAC SEDE MERCEDES ABREGO;1;1;COD_DANE_UNICO;CRUCE_OK;GEORREFERENCIADA;
46;276041001041;ANSERMANUEVO;I.E JORGE ISAAC SEDE MANUELA BELTRAN;1;1;COD_DANE_UNICO;CRUCE_OK;GEORREFERENCIADA;
47;276041000282;ANSERMANUEVO;I.E JORGE ISAAC SEDE LA INDEPENDENCIA;1;1;COD_DANE_UNICO;CRUCE_OK;GEORREFERENCIADA;
48;276041000231;ANSERMANUEVO;I.E EL PLACER SEDE JOSE CELESTINO MUTIS;1;1;COD_DANE_UNICO;CRUCE_OK;GEORREFERENCIADA;
49;276041000151;ANSERMANUEVO;I.E EL PLACER SEDE JOSE EUSEBIO CARO;1;1;COD_DANE_UNICO;CRUCE_OK;GEORREFERENCIADA;
50;276041000967;ANSERMANUEVO;I.E SANTA INES SEDE JORGE ROBLEDO;1;1;COD_DANE_UNICO;CRUCE_OK;GEORREFERENCIADA;
51;276041000312;ANSERMANUEVO;I.E EL PLACER SEDE CRISTOBAL COLON;1;1;COD_DANE_UNICO;CRUCE_OK;GEORREFERENCIADA;
52;276041000045;ANSERMANUEVO;I.E PLACER SEDE GENERAL SANTANDER;1;1;COD_DANE_UNICO;CRUCE_OK;GEORREFERENCIADA;
53;276041000240;ANSERMANUEVO;I.E JORGE ISAAC SEDE ATANASIO GIRARDOT;1;1;COD_DANE_UNICO;CRUCE_OK;GEORREFERENCIADA;
54;176041000440;ANSERMANUEVO;I.E SANTA ANA DE LOS CABALLEROS SEDE MARCO FIDEL SUAREZ;1;1;COD_DANE_UNICO;CRUCE_OK;GEORREFERENCIADA;
55;176041000016;ANSERMANUEVO;I.E SANTA ANA DE LOS CABALLEROS SEDE PRINCIPAL;1;1;COD_DANE_UNICO;CRUCE_OK;GEORREFERENCIADA;
56;276041000266;ANSERMANUEVO;I.E SANTA ANA DE LOS CABALLEROS SEDE MARIA MONTESORI;1;1;COD_DANE_UNICO;CRUCE_OK;GEORREFERENCIADA;
57;176041000431;ANSERMANUEVO;I.E SANTA ANA DE LOS CABALLEROS SEDE PIO XII;1;1;COD_DANE_UNICO;CRUCE_OK;GEORREFERENCIADA;
58;176041000423;ANSERMANUEVO;I.E SANTA ANA DE LOS CABALLEROS SEDE MARIA INMACULADA;1;1;COD_DANE_UNICO;CRUCE_OK;GEORREFERENCIADA;
59;176041000831;ANSERMANUEVO;IE SANTA ANA DE LOS CABALLEROS SEDE LAUREANO GOMEZ;1;1;COD_DANE_UNICO;CRUCE_OK;GEORREFERENCIADA;
60;276041000339;ANSERMANUEVO;I.E SANTA ANA DE LOS CABALLEROS SEDE ANTONIO RICAURTE;1;1;COD_DANE_UNICO;CRUCE_OK;GEORREFERENCIADA;
61;176041000709;ANSERMANUEVO;I.E SANTA ANA DE LOS CABALLEROS SEDE ANTONIO JOSE DE SUCRE;1;1;COD_DANE_UNICO;CRUCE_OK;GEORREFERENCIADA;
62;276054000052;ARGELIA;I.E SANTIAGO GUTIERREZ ANGEL SEDE BUENOS AIRES;1;1;COD_DANE_UNICO;CRUCE_OK;GEORREFERENCIADA;
63;276054000079;ARGELIA;I.E SANTIAGO GUTIERREZ ANGEL SEDE SEBASTIAN DE BELARCAZAR;1;1;COD_DANE_UNICO;CRUCE_OK;GEORREFERENCIADA;
64;276054000087;ARGELIA;I.E SANTIAGO GUTIERREZ ANGEL SEDE JUAN HURTADO;1;1;COD_DANE_UNICO;CRUCE_OK;GEORREFERENCIADA;
65;276054000095;ARGELIA;I.E SANTIAGO GUTIERREZ ANGEL SEDE DOLORES SALAZAR LOPEZ;1;1;COD_DANE_UNICO;CRUCE_OK;GEORREFERENCIADA;
66;276054000125;ARGELIA;IE SANTIAGO GUTIERREZ ANGEL SEDE PANAMERICANA;1;1;COD_DANE_UNICO;CRUCE_OK;GEORREFERENCIADA;
67;276054000192;ARGELIA;I.E SANTIAGO GUTIERREZ ANGEL ICSGA SEDE PIO XII;1;1;COD_DANE_UNICO;CRUCE_OK;GEORREFERENCIADA;
68;276054000222;ARGELIA;I.E SANTIAGO GUTIERREZ ANGEL SEDE JOSE ANTONIO GALAN;1;1;COD_DANE_UNICO;CRUCE_OK;GEORREFERENCIADA;
69;276054000371;ARGELIA;I.E SANTIAGO GUTIERREZ ANGEL SEDE PABLO VI;1;1;COD_DANE_UNICO;CRUCE_OK;GEORREFERENCIADA;
70;276054000389;ARGELIA;I.E SANTIAGO GUTIERREZ ANGEL SEDE FRANCISCO JOSE DE CALDAS;1;1;COD_DANE_UNICO;CRUCE_OK;GEORREFERENCIADA;
71;276054000397;ARGELIA;I.E SANTIAGO GUTIERREZ ANGEL SEDE CAMILO TORRES;1;1;COD_DANE_UNICO;CRUCE_OK;GEORREFERENCIADA;
72;476054000485;ARGELIA;I.E SANTIAGO GUTIERREZ ANGEL SEDE CONSUELO MAYA;1;1;COD_DANE_UNICO;CRUCE_OK;GEORREFERENCIADA;
73;;ARGELIA;I.E SANTIAGO GUTIERREZ ANGEL SEDE SANTIAGO GUTIERREZ ANGEL;0;1;MUNICIPIO+NOMBRE_EXACTO;CRUCE_RECUPERADO;GEORREFERENCIADA;
74;;ARGELIA;I.E SANTIAGO GUTIERREZ ANGEL SEDE CRISTOBAL COLON-FUNDACION PRODESARROLLO COMUNITARIO;0;1;MUNICIPIO+NOMBRE_EXACTO;CRUCE_RECUPERADO;SIN_COORDENADAS;
75;276054000117;ARGELIA;I.E SANTIAGO GUTIERREZ ANGEL SEDE LIGIA RAMIREZ HOYOS;1;1;COD_DANE_UNICO;CRUCE_OK;GEORREFERENCIADA;
76;276054000184;ARGELIA;IE SANTIAGO GUTIERREZ ANGEL SEDE EL CARMEN;1;1;COD_DANE_UNICO;CRUCE_OK;GEORREFERENCIADA;
77;276054000214;ARGELIA;I.E SANTIAGO GUTIERREZ ANGEL SEDE SANTA HELENA;1;1;COD_DANE_UNICO;CRUCE_OK;GEORREFERENCIADA;
78;176054000023;ARGELIA;I.E GILBERTO ALZATE AVENDAÑO SEDE GILBERTO ALZATE AVENDAÑO;1;1;COD_DANE_UNICO;CRUCE_OK;GEORREFERENCIADA;
79;176054000163;ARGELIA;I.E GILBERTO ALZATE AVENDAÑO SEDE FABIO MARTINEZ CIFUENTES;1;1;COD_DANE_UNICO;CRUCE_OK;GEORREFERENCIADA;
80;;ARGELIA;I.E GILBERTO ALZATE AVENDAÑO SEDE MANUEL MEJIA VELEZ;0;1;MUNICIPIO+NOMBRE_EXACTO;CRUCE_RECUPERADO;SIN_COORDENADAS;
81;276100000127;BOLIVAR;ESCUELA LA MARIA N. 29;1;0;COD_DANE_UNICO;CRUCE_OK;GEORREFERENCIADA;
82;276100000381;BOLIVAR;ESCUELA ANTONIO NARIÑO N. 5;3;0;COD_DANE_DUPLICADO_COORDENADA_COMUN;VALIDAR_DUPLICADO;GEORREFERENCIADA;"Código DANE duplicado en SedesUESVALLE; se asignó coordenada común."
83;276100000232;BOLIVAR;ESCUELA FRANCISCO DE PAULA SANTANDER N. 18;0;0;SIN_COINCIDENCIA;PENDIENTE;GEORREFERENCIADA;
84;276100000283;BOLIVAR;ESCUELA CARTAGENA DE INDIAS N.14;1;0;COD_DANE_UNICO;CRUCE_OK;GEORREFERENCIADA;
85;276828000387;BOLIVAR;UNIDAD EDUCATIVA RODRIGO LLOREDA CAICEDO;0;0;SIN_COINCIDENCIA;PENDIENTE;SIN_COORDENADAS;
86;;BOLIVAR;I.E RODRIGO LLOREDA CAICEDO SEDE POLICARPA SALAVARRIETA;0;1;MUNICIPIO+NOMBRE_EXACTO;CRUCE_RECUPERADO;GEORREFERENCIADA;
87;276828000166;BOLIVAR;CENTRO EDUCATIVO CENT DOC ANTONIO NARIÑO N. 16;0;0;SIN_COINCIDENCIA;PENDIENTE;SIN_COORDENADAS;
88;276100000305;BOLIVAR;ESCUELA JOSE MARIA CORDOBA N.12;2;0;COD_DANE_DUPLICADO_COORDENADA_COMUN;VALIDAR_DUPLICADO;GEORREFERENCIADA;"Código DANE duplicado en SedesUESVALLE; se asignó coordenada común."
89;276100000119;BOLIVAR;ESCUELA POLICARPA SALAVARRIETA N. 30;2;0;COD_DANE_DUPLICADO_COORDENADA_COMUN;VALIDAR_DUPLICADO;GEORREFERENCIADA;"Código DANE duplicado en SedesUESVALLE; se asignó coordenada común."
90;;BOLIVAR;I.E RODRIGO LLOREDA CAICEDO SEDE DIEGO FALLON;0;1;MUNICIPIO+NOMBRE_EXACTO;CRUCE_RECUPERADO;SIN_COORDENADAS;
91;276828000182;BOLIVAR;ESCUELA JOSE ANTONIO GALAN N. 18;0;0;SIN_COINCIDENCIA;PENDIENTE;SIN_COORDENADAS;
92;276100000348;BOLIVAR;CENTRO EDUCATIVO CENT DOC ISABEL LA CATOLICA N. 8;1;0;COD_DANE_UNICO;CRUCE_OK;GEORREFERENCIADA;
93;276100000364;BOLIVAR;ESCUELA SAN JUAN BOSCO N. 7;0;0;SIN_COINCIDENCIA;PENDIENTE;SIN_COORDENADAS;
94;276100000402;BOLIVAR;CENTRO EDUCATIVO CENT DOC N. 3 SANTO TOMAS DE AQUINO;1;0;COD_DANE_UNICO;CRUCE_OK;GEORREFERENCIADA;
95;276100000062;BOLIVAR;ESCUELA LUIS LORZA N. 35;1;0;COD_DANE_UNICO;CRUCE_OK;GEORREFERENCIADA;
96;;BOLIVAR;I.E NARANJAL SEDE EL PARAISO;0;1;MUNICIPIO+NOMBRE_EXACTO;CRUCE_RECUPERADO;GEORREFERENCIADA;
97;276100000372;BOLIVAR;CENTRO EDUCATIVO CENT DOC N. 6 MA INMACULADA;1;0;COD_DANE_UNICO;CRUCE_OK;GEORREFERENCIADA;
98;;BOLIVAR;I.E LA TULIA SEDE PRINCIPAL;0;1;MUNICIPIO+NOMBRE_EXACTO;CRUCE_RECUPERADO;SIN_COORDENADAS;
99;276100000151;BOLIVAR;ESCUELA VEINTE DE JULIO N. 25;2;0;COD_DANE_DUPLICADO_COORDENADA_COMUN;VALIDAR_DUPLICADO;GEORREFERENCIADA;"Código DANE duplicado en SedesUESVALLE; se asignó coordenada común."
100;276100000291;BOLIVAR;ESCUELA MERCEDES ABREGO N. 13;1;0;COD_DANE_UNICO;CRUCE_OK;GEORREFERENCIADA;
101;276828000204;BOLIVAR;ESCUELA JOSE MARIA CORDOBA N. 20;0;0;SIN_COINCIDENCIA;PENDIENTE;SIN_COORDENADAS;
102;276100000071;BOLIVAR;I.E NARANJAL SEDE SANTA CATALINA DE LABOURE;1;0;COD_DANE_UNICO;CRUCE_OK;GEORREFERENCIADA;
103;276100000704;BOLIVAR;INSTITUCION EDUCATIVA BETANIA;0;0;SIN_COINCIDENCIA;PENDIENTE;SIN_COORDENADAS;
104;276100000097;BOLIVAR;ESCUELA SAN JOSE N. 32;0;0;SIN_COINCIDENCIA;PENDIENTE;SIN_COORDENADAS;
105;276100000038;BOLIVAR;ESCUELA DIVINO ECCE HOMO N. 37;1;0;COD_DANE_UNICO;CRUCE_OK;GEORREFERENCIADA;
106;276100000194;BOLIVAR;ESCUELA ROSA ZARATE DE PEÑA N. 22;1;0;COD_DANE_UNICO;CRUCE_OK;GEORREFERENCIADA;
107;276100000160;BOLIVAR;ESCUELA SAN JUAN BAUTISTA N. 24;1;0;COD_DANE_UNICO;CRUCE_OK;GEORREFERENCIADA;
108;;BOLIVAR;I.E. LA TULIA SEDE SAN JUDAS TADEO;0;1;MUNICIPIO+NOMBRE_EXACTO;CRUCE_RECUPERADO;GEORREFERENCIADA;
109;176100000441;BOLIVAR;ESCUELA URB MIX ALONSO ARAGON N.01;0;0;SIN_COINCIDENCIA;PENDIENTE;SIN_COORDENADAS;
110;176100000424;BOLIVAR;ESCUELA URB JULIO CAICEDO Y TELLEZ N.2;1;0;COD_DANE_UNICO;CRUCE_OK;GEORREFERENCIADA;
111;176100000858;BOLIVAR;ESCUELA SAN JOSE N. 52;2;0;COD_DANE_DUPLICADO_COORDENADA_COMUN;VALIDAR_DUPLICADO;GEORREFERENCIADA;"Código DANE duplicado en SedesUESVALLE; se asignó coordenada común."
112;276100000321;BOLIVAR;ESCUELA RUR MIX MA AGUSTINA MADRID N.10;1;0;COD_DANE_UNICO;CRUCE_OK;GEORREFERENCIADA;
113;276100000500;BOLIVAR;COLEGIO MANUEL DOLORES MONDRAGON SAT;0;0;SIN_COINCIDENCIA;PENDIENTE;SIN_COORDENADAS;
114;276100000275;BOLIVAR;ESCUELA NTRA SRA DEL CARMEN N. 15;2;0;COD_DANE_DUPLICADO_COORDENADA_COMUN;VALIDAR_DUPLICADO;GEORREFERENCIADA;"Código DANE duplicado en SedesUESVALLE; se asignó coordenada común."
115;276100000089;BOLIVAR;ESCUELA STA MONICA N. 33;1;0;COD_DANE_UNICO;CRUCE_OK;GEORREFERENCIADA;
116;276100000631;BOLIVAR;ESCUELA N. 47 LA CARMELITA;1;0;COD_DANE_UNICO;CRUCE_OK;GEORREFERENCIADA;
117;276100000542;BOLIVAR;ESCUELA RAFAEL NUÑEZ N. 27;0;0;SIN_COINCIDENCIA;PENDIENTE;GEORREFERENCIADA;
118;276100000798;BOLIVAR;ESCUELA JUAN PABLO II N. 51;1;0;COD_DANE_UNICO;CRUCE_OK;GEORREFERENCIADA;
119;276100000861;BOLIVAR;ESCUELA NUESTRA SEÑORA DEL CARMEN N. 52;0;0;SIN_COINCIDENCIA;PENDIENTE;SIN_COORDENADAS;
120;276100000518;BOLIVAR;ESCUELA ANTONIA SANTOS N. 9;0;0;SIN_COINCIDENCIA;PENDIENTE;GEORREFERENCIADA;
121;;BOLIVAR;I.E. BETANIA SEDE SAN AUGUSTIN;0;1;MUNICIPIO+NOMBRE_EXACTO;CRUCE_RECUPERADO;GEORREFERENCIADA;
122;;BOLIVAR;I.E. NARANJAL SEDE  PRINCIPAL;0;0;SIN_COINCIDENCIA;PENDIENTE;SIN_COORDENADAS;
123;276100000259;BOLIVAR;INSTITUCION EDUCATIVA PRIMAVERA;0;0;SIN_COINCIDENCIA;PENDIENTE;SIN_COORDENADAS;
124;276113000894;BUGALAGRANDE;IE CEILAN SEDE ALFONSO LOPEZ PUMAREJO;1;1;COD_DANE_UNICO;CRUCE_OK;GEORREFERENCIADA;
125;276113000274;BUGALAGRANDE;I.E. MARIANO GONZALEZ SEDE JUAN JOSE RENDON;1;1;COD_DANE_UNICO;CRUCE_OK;GEORREFERENCIADA;
126;276113000533;BUGALAGRANDE;I.E DIEGO RENGIFO SALAZAR SEDE JUAN DEL CORRAL;1;1;COD_DANE_UNICO;CRUCE_OK;GEORREFERENCIADA;
127;;BUGALAGRANDE;I.E CEILAN SEDE AGRICOLA CEILAN PRINCIPAL;0;1;MUNICIPIO+NOMBRE_EXACTO;CRUCE_RECUPERADO;SIN_COORDENADAS;
128;276113000614;BUGALAGRANDE;I.E. DIEGO RENGIFO SALAZAR  SEDE MARIANO OSPINA PEREZ;1;1;COD_DANE_UNICO;CRUCE_OK;GEORREFERENCIADA;
129;276113000151;BUGALAGRANDE;I.E. ANTONIO NARIÑO SEDE CRISTOBAL COLON (I.D);1;1;COD_DANE_UNICO;CRUCE_OK;GEORREFERENCIADA;
130;276113000142;BUGALAGRANDE;I.E. ANTONIO NARIÑO SEDE MANUELA BELTRAN;1;1;COD_DANE_UNICO;CRUCE_OK;GEORREFERENCIADA;
131;276113000347;BUGALAGRANDE;I.E. DIEGO RENGIFO SALAZAR SEDE ERNESTO PIZARRO;1;1;COD_DANE_UNICO;CRUCE_OK;GEORREFERENCIADA;
132;276113000126;BUGALAGRANDE;I.E. DIEGO RENGIFO SALAZAR SEDE ANTONIO RICAURTE;1;1;COD_DANE_UNICO;CRUCE_OK;GEORREFERENCIADA;
133;176113000652;BUGALAGRANDE;I.E. MARIANO GONZALEZ SEDE ANTONIO NARIÑO;2;1;COD_DANE_DUPLICADO+NOMBRE_EXACTO;CRUCE_OK_CONTROLADO;GEORREFERENCIADA;
134;276113000941;BUGALAGRANDE;I.E. MARIANO GONZALEZ SEDE ANTONIA SANTOS;1;1;COD_DANE_UNICO;CRUCE_OK;GEORREFERENCIADA;
135;276113000631;BUGALAGRANDE;I.E. DIEGO RENGIFO SALAZAR SEDE CAMILO TORRES;1;1;COD_DANE_UNICO;CRUCE_OK;GEORREFERENCIADA;
136;;BUGALAGRANDE;I.E. DIEGO RENGIFO SALAZAR SEDE ANTONIO RICAURTE PRIMARIA;0;1;MUNICIPIO+NOMBRE_EXACTO;CRUCE_RECUPERADO;SIN_COORDENADAS;
137;276113000436;BUGALAGRANDE;I.E. MARIANO GONZALEZ SEDE MARIANO GONZALEZ;1;1;COD_DANE_UNICO;CRUCE_OK;GEORREFERENCIADA;
138;276113000509;BUGALAGRANDE;I.E. DIEGO RENGIFO SALAZAR  SEDE JULIAN URIBE URIBE;1;1;COD_DANE_UNICO;CRUCE_OK;GEORREFERENCIADA;
139;176113000652;BUGALAGRANDE;I.E. DIEGO RENGIFO SALAZAR SEDE ANTONIO NARIÑO;2;1;COD_DANE_DUPLICADO+NOMBRE_EXACTO;CRUCE_OK_CONTROLADO;GEORREFERENCIADA;
140;276113000231;BUGALAGRANDE;I.E. DIEGO RENGIFO SALAZAR SEDE JUAN XXIII;1;1;COD_DANE_UNICO;CRUCE_OK;GEORREFERENCIADA;
141;276113000070;BUGALAGRANDE;I.E CEILAN SEDE SIMON BOLIVAR;1;1;COD_DANE_UNICO;CRUCE_OK;GEORREFERENCIADA;
142;276113000410;BUGALAGRANDE;IE CEILAN SEDE  POLICARPA SALAVARRIETA (DP);1;1;COD_DANE_UNICO;CRUCE_OK;GEORREFERENCIADA;
143;276113001050;BUGALAGRANDE;I.E. CEILAN SEDE DIVINO NIÑO;1;1;COD_DANE_UNICO;CRUCE_OK;GEORREFERENCIADA;
144;276113000240;BUGALAGRANDE;I.E. MARIANO GONZALEZ SEDE JULIO ARBOLEDA;1;1;COD_DANE_UNICO;CRUCE_OK;GEORREFERENCIADA;
145;276113000517;BUGALAGRANDE;I.E. MARIANO GONZALEZ SEDE FRANCISCO DE PAULA SANTANDER;1;1;COD_DANE_UNICO;CRUCE_OK;GEORREFERENCIADA;
146;276113000576;BUGALAGRANDE;I.E. CEILAN SEDE ALTO BONITO;1;1;COD_DANE_UNICO;CRUCE_OK;GEORREFERENCIADA;
147;276113000215;BUGALAGRANDE;I.E CEILAN SEDE JOSE ACEVEDO Y GOMEZ;1;1;COD_DANE_UNICO;CRUCE_OK;GEORREFERENCIADA;
148;276113001009;BUGALAGRANDE;IE CEILAN SEDE VIRGEN LA MILAGROSA (I.D);1;1;COD_DANE_UNICO;CRUCE_OK;GEORREFERENCIADA;
149;276113000991;BUGALAGRANDE;I.E CEILAN SEDE JOSE HILARIO LOPEZ;1;1;COD_DANE_UNICO;CRUCE_OK;GEORREFERENCIADA;
150;276113000444;BUGALAGRANDE;IE CEILAN SEDE JOSE JOAQUIN CASAS (I.D);1;1;COD_DANE_UNICO;CRUCE_OK;GEORREFERENCIADA;
151;276113000584;BUGALAGRANDE;I.E. DIEGO RENGIFO SALAZAR SEDE ENRIQUE OLAYA HERRERA;1;1;COD_DANE_UNICO;CRUCE_OK;GEORREFERENCIADA;
152;276113000282;BUGALAGRANDE;I.E CEILAN SEDE JOSE ASUNCION SILVA;1;1;COD_DANE_UNICO;CRUCE_OK;GEORREFERENCIADA;
153;;BUGALAGRANDE;I.E DIEGO RENGIFO SALAZAR SEDE ANTONIO RICAURTE SECUNDARIA;0;1;MUNICIPIO+NOMBRE_EXACTO;CRUCE_RECUPERADO;SIN_COORDENADAS;
154;276122000287;CAICEDONIA;I.E. SAGRADO CORAZON DE JESUS SEDE NUESTRA SEÑORA DE FATIMA;1;1;COD_DANE_UNICO;CRUCE_OK;GEORREFERENCIADA;
155;276122000171;CAICEDONIA;I.E. SAGRADO CORAZON DE JESUS SEDE LAUREANO GOMEZ;1;1;COD_DANE_UNICO;CRUCE_OK;GEORREFERENCIADA;
156;;CAICEDONIA;I.E. SAGRADO CORAZON DE JESUS SEDE BOLIVARIANO LA CAMELIA;0;1;MUNICIPIO+NOMBRE_EXACTO;CRUCE_RECUPERADO;SIN_COORDENADAS;
157;276122000228;CAICEDONIA;I.E. SAGRADO CORAZON DE JESUS SEDE SAGRADO CORAZON DE JESUS;1;1;COD_DANE_UNICO;CRUCE_OK;GEORREFERENCIADA;
158;276122000040;CAICEDONIA;I.E. NORMAL SUPERIOR MARIA INMACULADA SEDE LAS CARMETLITAS;1;1;COD_DANE_UNICO;CRUCE_OK;GEORREFERENCIADA;
159;276122000872;CAICEDONIA;I.E. LA CONSOLITA  SEDE LA CONSOLITA;1;1;COD_DANE_UNICO;CRUCE_OK;GEORREFERENCIADA;
160;276122000244;CAICEDONIA;I.E. LA CONSOLITA SEDE NUESTRA SEÑORA DEL PERPETUO SOCORRO;1;1;COD_DANE_UNICO;CRUCE_OK;GEORREFERENCIADA;
161;276122000031;CAICEDONIA;I.E. RURAL CAICEDONIA SEDE POLICARPA SALAVARRIETA;1;1;COD_DANE_UNICO;CRUCE_OK;GEORREFERENCIADA;
162;276122000261;CAICEDONIA;IE LA CONSOLITA SEDE LA POLA;1;1;COD_DANE_UNICO;CRUCE_OK;GEORREFERENCIADA;
163;276122000414;CAICEDONIA;I.E. RURAL CAICEDONIA SEDE SANTA RITA NO. 12;1;1;COD_DANE_UNICO;CRUCE_OK;GEORREFERENCIADA;
164;276122000465;CAICEDONIA;I.E RURAL CAICEDONIA SEDE ANTONIA SANTOS;1;1;COD_DANE_UNICO;CRUCE_OK;GEORREFERENCIADA;
165;276122000295;CAICEDONIA;I.E. SAGRADO CORAZON DE JESUS SEDE SAN ISIDRO;1;1;COD_DANE_UNICO;CRUCE_OK;GEORREFERENCIADA;
166;276122000147;CAICEDONIA;IE LA CONSOLITA SEDE SAN LUIS (DI);1;1;COD_DANE_UNICO;CRUCE_OK;GEORREFERENCIADA;
167;276122000562;CAICEDONIA;I.E LA CONSOLITA SEDE CELIO BAENA;1;1;COD_DANE_UNICO;CRUCE_OK;GEORREFERENCIADA;
168;276122000180;CAICEDONIA;I.E RURAL CAICEDONIA SEDE SANTA TERESITA;1;1;COD_DANE_UNICO;CRUCE_OK;GEORREFERENCIADA;
169;276122000139;CAICEDONIA;IE ANTONIA SANTOS SEDE GUILLERMO BORRERO OLANO;1;1;COD_DANE_UNICO;CRUCE_OK;GEORREFERENCIADA;
170;276126000036;CALIMA;I.E. SIMON BOLIVAR SEDE NUESTRA SEÑORA DE FATIMA;1;1;COD_DANE_UNICO;CRUCE_OK;GEORREFERENCIADA;
171;276126000109;CALIMA;I.E. SIMON BOLIVAR SEDE POLICARPA SALAVARRIETA;1;1;COD_DANE_UNICO;CRUCE_OK;GEORREFERENCIADA;
172;276126000176;CALIMA;I.E. SIMON BOLIVAR SEDE PIO XII;1;1;COD_DANE_UNICO;CRUCE_OK;GEORREFERENCIADA;
173;276126000559;CALIMA;I.E. SIMON BOLIVAR SEDE LLANITOS;1;1;COD_DANE_UNICO;CRUCE_OK;GEORREFERENCIADA;
174;276126000028;CALIMA;I.E. SIMON BOLIVAR SEDE SAN JOSE;1;1;COD_DANE_UNICO;CRUCE_OK;GEORREFERENCIADA;
175;276126000133;CALIMA;I.E. JOHN F. KENNEDY SEDE JOHN F. KENNEDY;1;1;COD_DANE_UNICO;CRUCE_OK;GEORREFERENCIADA;
176;;CALIMA;I.E. JOHN F. KENNEDY SEDE SANTA ANA;0;1;MUNICIPIO+NOMBRE_EXACTO;CRUCE_RECUPERADO;SIN_COORDENADAS;
177;276126000184;CALIMA;I.E. PABLO SEXTO SEDE ANTONIA SANTOS;1;1;COD_DANE_UNICO;CRUCE_OK;GEORREFERENCIADA;
178;276126000222;CALIMA;I.E JOHN F KENNEDY SEDE NUESTRA SEÑORA DEL CARMEN;1;1;COD_DANE_UNICO;CRUCE_OK;GEORREFERENCIADA;
179;176126800003;CALIMA;I.E PABLO SEXTO SEDE GERMAN MEJIA TASCON;2;1;COD_DANE_DUPLICADO+NOMBRE_EXACTO;CRUCE_OK_CONTROLADO;GEORREFERENCIADA;
180;;CALIMA;I.E PABLO SEXTO SEDE PABLO SEXTO;0;1;MUNICIPIO+NOMBRE_EXACTO;CRUCE_RECUPERADO;SIN_COORDENADAS;
181;;CALIMA;I.E. PABLO SEXTO SEDE SAN ALBERTO MURGUEITIO;0;1;MUNICIPIO+NOMBRE_EXACTO;CRUCE_RECUPERADO;SIN_COORDENADAS;
182;276126000354;CALIMA;I.E. JOHN F. KENNEDY SEDE ANTONIO NARIÑO;1;1;COD_DANE_UNICO;CRUCE_OK;GEORREFERENCIADA;
183;276126000338;CALIMA;C.E JOHN F. KENNEDY SEDE GENERAL SANTANDER;1;1;COD_DANE_UNICO;CRUCE_OK;GEORREFERENCIADA;
184;276126000044;CALIMA;I.E. PABLO SEXTO SEDE SANTA TERESITA;1;1;COD_DANE_UNICO;CRUCE_OK;GEORREFERENCIADA;
185;276126000451;CALIMA;I.E.N.E.V SEDE CACIQUE ESCOBAR;1;1;COD_DANE_UNICO;CRUCE_OK;GEORREFERENCIADA;
186;176126000066;CALIMA;I.E. SIMON BOLIVAR SEDE SIMON BOLIVAR;1;1;COD_DANE_UNICO;CRUCE_OK;GEORREFERENCIADA;
187;176126800003;CALIMA;I.E. SIMON BOLIVAR  SEDE GERMAN MEJIA TASCON;2;1;COD_DANE_DUPLICADO+NOMBRE_EXACTO;CRUCE_OK_CONTROLADO;GEORREFERENCIADA;
188;176126000082;CALIMA;I.E. GIMNASIO DEL CALIMA  SEDE GABRIELA MISTRAL;1;1;COD_DANE_UNICO;CRUCE_OK;GEORREFERENCIADA;
189;176126000074;CALIMA;I.E GIMNASIO DEL CALIMA - SEDE MARÍA INMACULADA;1;1;COD_DANE_UNICO;CRUCE_OK;GEORREFERENCIADA;
190;176126000058;CALIMA;I.E. GIMNASIO DEL CALIMA SEDE GIMNASIO DEL CALIMA;1;1;COD_DANE_UNICO;CRUCE_OK;GEORREFERENCIADA;
191;276233000499;DAGUA;I.E. MIGUEL ANTONIO CARO SEDE MANUEL MEJIA;1;1;COD_DANE_UNICO;CRUCE_OK;GEORREFERENCIADA;
192;276233000260;DAGUA;I.E. SANTA TERESITA DEL NIÑO JESUS SEDE PRINCIPAL;0;1;MUNICIPIO+NOMBRE_EXACTO;CRUCE_RECUPERADO;GEORREFERENCIADA;
193;;DAGUA;I.E. SANTA TERESITA DEL NIÑO JESUS SEDE ALTERNA;0;1;MUNICIPIO+NOMBRE_EXACTO;CRUCE_RECUPERADO;GEORREFERENCIADA;
194;276233000197;DAGUA;I.E. BORRERO AYERBE SEDE MANUEL MURILLO TORO;1;1;COD_DANE_UNICO;CRUCE_OK;GEORREFERENCIADA;
195;276233000073;DAGUA;I.E. CAMILO TORRES SEDE ROSA ZARATE DE PEÑA;0;1;MUNICIPIO+NOMBRE_EXACTO;CRUCE_RECUPERADO;SIN_COORDENADAS;
196;276233001291;DAGUA;INSTITUCION EDUCATIVA SANTA TERESITA DEL NIÑO JESUS SEDE BAHONDO;1;1;COD_DANE_UNICO;CRUCE_OK;GEORREFERENCIADA;
197;276233000219;DAGUA;I.E. EL PALMAR SEDE ALFREDO VASQUEZ COBO;1;1;COD_DANE_UNICO;CRUCE_OK;GEORREFERENCIADA;
198;276233000481;DAGUA;I.E. GUILLERMO VALENCIA SEDE PRINCIPAL;0;1;MUNICIPIO+NOMBRE_EXACTO;CRUCE_RECUPERADO;GEORREFERENCIADA;
199;276233000634;DAGUA;I.E. GUILLERMO VALENCIA SEDE JORGE ELIECER GAITAN;1;1;COD_DANE_UNICO;CRUCE_OK;GEORREFERENCIADA;
200;276233000669;DAGUA;I.E. PEDRO FERMIN DE VARGAS SEDE PABLO NERUDA;1;1;COD_DANE_UNICO;CRUCE_OK;GEORREFERENCIADA;
201;276233000642;DAGUA;I.E. BORRERO AYERBE SEDE RAFAEL NUÑEZ;1;1;COD_DANE_UNICO;CRUCE_OK;GEORREFERENCIADA;
202;276233001223;DAGUA;I.E. BORRERO AYERBE SEDE BELLAVISTA;1;1;COD_DANE_UNICO;CRUCE_OK;GEORREFERENCIADA;
203;276233000545;DAGUA;I.E. BORRERO AYERBE SEDE NUESTRA SEÑORA DE FATIMA;0;1;MUNICIPIO+NOMBRE_EXACTO;CRUCE_RECUPERADO;GEORREFERENCIADA;
204;276233001029;DAGUA;I.E. PEDRO FERMIN DE VARGAS SEDE PRINCIPAL;0;1;MUNICIPIO+NOMBRE_EXACTO;CRUCE_RECUPERADO;GEORREFERENCIADA;
205;276233000405;DAGUA;I.E. EL QUEREMAL SEDE PIO XII;1;1;COD_DANE_UNICO;CRUCE_OK;GEORREFERENCIADA;
206;276233000464;DAGUA;I.E. PEDRO FERMIN DE VARGAS SEDE POLICARPA SALAVARRIETA;1;1;COD_DANE_UNICO;CRUCE_OK;GEORREFERENCIADA;
207;276233000588;DAGUA;I.E. MIGUEL ANTONIO CARO SEDE MIGUEL ANTONIO CARO;1;1;COD_DANE_UNICO;CRUCE_OK;GEORREFERENCIADA;
208;276233000537;DAGUA;I.E. SAN PEDRO CLAVER SEDE PRINCIPAL;0;1;MUNICIPIO+NOMBRE_EXACTO;CRUCE_RECUPERADO;GEORREFERENCIADA;
209;176233000656;DAGUA;I.E. EL PALMAR SEDE GIMNASIO DEL DAGUA;1;1;COD_DANE_UNICO;CRUCE_OK;GEORREFERENCIADA;
210;276233000171;DAGUA;I.E. PEDRO FERMIN DE VARGAS SEDE ALFONSO LOPEZ PUMAREJO;1;1;COD_DANE_UNICO;CRUCE_OK;GEORREFERENCIADA;
211;276233000600;DAGUA;I.E. EL QUEREMAL SEDE MERCEDES ABREGO;1;1;COD_DANE_UNICO;CRUCE_OK;GEORREFERENCIADA;
212;276233000529;DAGUA;I.E. EL QUEREMAL SEDE JOSE MARIA CORDOBA;1;1;COD_DANE_UNICO;CRUCE_OK;GEORREFERENCIADA;
213;276233000154;DAGUA;I.E. CAMILO TORRES SEDE MARIA MONTESORI;1;1;COD_DANE_UNICO;CRUCE_OK;GEORREFERENCIADA;
214;276233000308;DAGUA;I.E. EL PALMAR SEDE FRANCISCO DE PAULA SANTANDER;1;1;COD_DANE_UNICO;CRUCE_OK;GEORREFERENCIADA;
215;276233001266;DAGUA;I.E. SAN PEDRO CLAVER SEDE LA CRISTALINA;1;1;COD_DANE_UNICO;CRUCE_OK;GEORREFERENCIADA;
216;276233000138;DAGUA;I.E. BORRERO AYERBE SEDE CARLOS LOZANO LOZANO;1;1;COD_DANE_UNICO;CRUCE_OK;GEORREFERENCIADA;
217;276233000111;DAGUA;I.E. SAN PEDRO CLAVER SEDE GENERAL CARLOS ALBAN;1;1;COD_DANE_UNICO;CRUCE_OK;GEORREFERENCIADA;
218;276233000570;DAGUA;I.E. PEDRO FERMIN DE VARGAS SEDE JOSE ANTONIO GALAN;1;1;COD_DANE_UNICO;CRUCE_OK;GEORREFERENCIADA;
219;276233000553;DAGUA;I.E. SANTA TERESITA DEL NIÑO JESUS SEDE NUESTRA SEÑORA DE FATIMA;0;1;MUNICIPIO+NOMBRE_EXACTO;CRUCE_RECUPERADO;SIN_COORDENADAS;
220;276233000243;DAGUA;I.E. EL PALMAR SEDE JOSE CELESTINO MUTIS;1;1;COD_DANE_UNICO;CRUCE_OK;GEORREFERENCIADA;
221;276233000341;DAGUA;I.E. EL PALMAR SEDE TOMAS CIPRIANO DE MOSQUERA;1;1;COD_DANE_UNICO;CRUCE_OK;GEORREFERENCIADA;
222;276233000251;DAGUA;I.E. EL PALMAR SEDE ANTONIO JOSE DE SUCRE;1;1;COD_DANE_UNICO;CRUCE_OK;GEORREFERENCIADA;
223;276233000090;DAGUA;I.E. PEDRO FERMIN DE VARGAS SEDE ENRIQUE OLAYA HERRERA;1;1;COD_DANE_UNICO;CRUCE_OK;GEORREFERENCIADA;
224;276233001053;DAGUA;I.E. MIGUEL ANTONIO CARO SEDE PAULO VI;1;1;COD_DANE_UNICO;CRUCE_OK;GEORREFERENCIADA;
225;276233000421;DAGUA;I.E. MIGUEL ANTONIO CARO SEDE ATANASIO GIRARDOT;1;1;COD_DANE_UNICO;CRUCE_OK;GEORREFERENCIADA;
226;276233001312;DAGUA;I.E. SAN PEDRO CLAVER SEDE LA PUERTA;1;1;COD_DANE_UNICO;CRUCE_OK;GEORREFERENCIADA;
227;276233000511;DAGUA;I.E. EL PALMAR SEDE JOSE MARIA CABAL;1;1;COD_DANE_UNICO;CRUCE_OK;GEORREFERENCIADA;
228;276233001371;DAGUA;I.E. EL PALMAR SEDE CARLOS ALFREDO ZUÑIGA;1;1;COD_DANE_UNICO;CRUCE_OK;GEORREFERENCIADA;
229;276233001061;DAGUA;I.E. EL QUEREMAL SEDE MARCO FIDEL SUAREZ;1;1;COD_DANE_UNICO;CRUCE_OK;GEORREFERENCIADA;
230;276233001495;DAGUA;I.E. SANTA TERESITA DEL NIÑO JESUS SEDE ALTO DE LAS TORTOLAS;1;1;COD_DANE_UNICO;CRUCE_OK;GEORREFERENCIADA;
231;3176506309;DAGUA;I.E. CAMILO TORRES SEDE PRINCIPAL;0;1;MUNICIPIO+NOMBRE_EXACTO;CRUCE_RECUPERADO;GEORREFERENCIADA;
232;276233000057;DAGUA;I.E. MIGUEL ANTONIO CARO SEDE LOS ANGELES;1;1;COD_DANE_UNICO;CRUCE_OK;GEORREFERENCIADA;
233;276233001088;DAGUA;I.E. CRISTOBAL COLON SEDE JESUS MARIA MURGUEITIO;1;1;COD_DANE_UNICO;CRUCE_OK;GEORREFERENCIADA;
234;276233001355;DAGUA;I.E. EL PALMAR SEDE VILLA DEL MAR;1;1;COD_DANE_UNICO;CRUCE_OK;GEORREFERENCIADA;
235;276233000324;DAGUA;I.E. CAMILO TORRES SEDE LOS COMUNEROS;1;1;COD_DANE_UNICO;CRUCE_OK;GEORREFERENCIADA;
236;276233000618;DAGUA;I.E. EL QUEREMAL SEDE ALMIRANTE PADILLA;1;1;COD_DANE_UNICO;CRUCE_OK;GEORREFERENCIADA;
237;276233000189;DAGUA;I.E. CRISTOBAL COLON SEDE SAN ANTONIO;1;1;COD_DANE_UNICO;CRUCE_OK;GEORREFERENCIADA;
238;276233000430;DAGUA;I.E. GUILLERMO VALENCIA SEDE SAN VICENTE;1;1;COD_DANE_UNICO;CRUCE_OK;GEORREFERENCIADA;
239;276233000651;DAGUA;I.E. EL QUEREMAL SEDE GIMNASIO DEL DAGUA EL QUEREMAL;1;1;COD_DANE_UNICO;CRUCE_OK;GEORREFERENCIADA;
240;276233000413;DAGUA;I.E. CRISTOBAL COLON SEDE TOCOTA;1;1;COD_DANE_UNICO;CRUCE_OK;GEORREFERENCIADA;
241;276233001240;DAGUA;I.E. CRISTOBAL COLON SEDE CENTRAL CRISTOBAL COLON;1;1;COD_DANE_UNICO;CRUCE_OK;GEORREFERENCIADA;
242;276233000120;DAGUA;I.E. EL PALMAR SEDE LAS DELICIAS;1;1;COD_DANE_UNICO;CRUCE_OK;GEORREFERENCIADA;
243;276233000472;DAGUA;I.E. EL PALMAR SEDE MARIO FERNANDEZ DE SOTO;1;1;COD_DANE_UNICO;CRUCE_OK;GEORREFERENCIADA;
244;276233001282;DAGUA;I.E. SAN PEDRO CLAVER SEDE CARLOS HOLMES TRUJILLO;1;1;COD_DANE_UNICO;CRUCE_OK;GEORREFERENCIADA;
245;276233000502;DAGUA;I.E. CAMILO TORRES SEDE JUAN DEL CORRAL;1;1;COD_DANE_UNICO;CRUCE_OK;GEORREFERENCIADA;
246;276233000359;DAGUA;I.E. SAN PEDRO CLAVER SEDE RAFAEL URIBE URIBE;1;1;COD_DANE_UNICO;CRUCE_OK;GEORREFERENCIADA;
247;176233000036;DAGUA;I.E. GIMNASIO DEL DAGUA SEDE ANTONIO RICAURTE;1;1;COD_DANE_UNICO;CRUCE_OK;GEORREFERENCIADA;
248;176233001016;DAGUA;I.E. GIMNASIO DEL DAGUA SEDE INDALECIO LIEVANO AGUIRRE;1;1;COD_DANE_UNICO;CRUCE_OK;GEORREFERENCIADA;
249;176233000061;DAGUA;I.E. GIMNASIO DEL DAGUA SEDE SANTA LUCIA;1;1;COD_DANE_UNICO;CRUCE_OK;GEORREFERENCIADA;
250;176233000044;DAGUA;I.E. GIMNASIO DEL DAGUA SEDE ANTONIA SANTOS;1;1;COD_DANE_UNICO;CRUCE_OK;GEORREFERENCIADA;
251;176233000656;DAGUA;I.E. GIMNASIO DEL DAGUA SEDE PRINCIPAL;1;1;COD_DANE_UNICO;CRUCE_OK;GEORREFERENCIADA;
252;176243000026;EL AGUILA;I.E SANTA MARTA SEDE JOSE MARIA CORDOBA;3;1;COD_DANE_DUPLICADO+NOMBRE_EXACTO;CRUCE_OK_CONTROLADO;GEORREFERENCIADA;
253;276243000403;EL AGUILA;I.E SANTA MARTA SEDE SAGRADO CORAZON DE JESUS;1;1;COD_DANE_UNICO;CRUCE_OK;GEORREFERENCIADA;
254;276243000250;EL AGUILA;I.E SANTA MARTA SEDE BOYACA;1;1;COD_DANE_UNICO;CRUCE_OK;GEORREFERENCIADA;
255;276243000691;EL AGUILA;I.E SANTA MARTA SEDE JOSE HERNANDO DUARTE;1;1;COD_DANE_UNICO;CRUCE_OK;GEORREFERENCIADA;
256;276243000454;EL AGUILA;I.E SANTA MARTA SEDE SANTA TERESITA;1;1;COD_DANE_UNICO;CRUCE_OK;GEORREFERENCIADA;
257;276243000381;EL AGUILA;I.E EL AGUILA SEDE SOR MARIA JULIANA;1;1;COD_DANE_UNICO;CRUCE_OK;GEORREFERENCIADA;
258;276243000225;EL AGUILA;I.E SANTA MARTA SEDE SANTA CECILIA;1;1;COD_DANE_UNICO;CRUCE_OK;GEORREFERENCIADA;
259;276243000233;EL AGUILA;I.E JUSTINIANO ECHAVARRIA SEDE GABRIELA MISTRAL;1;1;COD_DANE_UNICO;CRUCE_OK;GEORREFERENCIADA;
260;276243000616;EL AGUILA;I.E EL AGUILA SEDE RICARDO LUIS BETANCOURTH;1;1;COD_DANE_UNICO;CRUCE_OK;GEORREFERENCIADA;
261;276243000322;EL AGUILA;I.E EL AGUILA SEDE SANTA ANA;1;1;COD_DANE_UNICO;CRUCE_OK;GEORREFERENCIADA;
262;276243000721;EL AGUILA;I.E EL AGUILA SEDE SAGRADA FAMILIA;1;1;COD_DANE_UNICO;CRUCE_OK;GEORREFERENCIADA;
263;276243000306;EL AGUILA;I.E SANTA MARTA SEDE SANTO TOMAS DE AQUINO;1;1;COD_DANE_UNICO;CRUCE_OK;GEORREFERENCIADA;
264;276243000144;EL AGUILA;I.E EL AGUILA SEDE ANTONIO RICAURTE;1;1;COD_DANE_UNICO;CRUCE_OK;GEORREFERENCIADA;
265;276243000047;EL AGUILA;I.E JUSTINIANO ECHAVARRIA SEDE SEBASTIÁN DE BELARCAZAR;1;1;COD_DANE_UNICO;CRUCE_OK;GEORREFERENCIADA;
266;276243000772;EL AGUILA;I.E JUSTINIANO ECHAVARRIA SEDE QUENIER GIRALDO;1;1;COD_DANE_UNICO;CRUCE_OK;GEORREFERENCIADA;
267;276243000195;EL AGUILA;I.E SANTA MARTA SEDE JOSE ACEVEDO Y GOMEZ;1;1;COD_DANE_UNICO;CRUCE_OK;GEORREFERENCIADA;
268;276243000179;EL AGUILA;I.E SANTA MARTA SEDE ALBERTINA HOYOS DE OSORIO;1;1;COD_DANE_UNICO;CRUCE_OK;GEORREFERENCIADA;
269;276243000241;EL AGUILA;I.E SANTA MARTA SEDE SAN MARTIN;1;1;COD_DANE_UNICO;CRUCE_OK;GEORREFERENCIADA;
270;276243000781;EL AGUILA;I.E JUSTINIANO ECHAVARRIA SEDE DOLORES LOPEZ DE GIRALDO;1;1;COD_DANE_UNICO;CRUCE_OK;GEORREFERENCIADA;
271;176243000026;EL AGUILA;I.E JUSTINIANO ECHAVARRIA SEDE JOSE MARIA CORDOBA;3;1;COD_DANE_DUPLICADO+NOMBRE_EXACTO;CRUCE_OK_CONTROLADO;GEORREFERENCIADA;
272;;EL AGUILA;I.E SANTA MARTA SEDE DIONISIO CORTES GRADO 6-11;0;1;MUNICIPIO+NOMBRE_EXACTO;CRUCE_RECUPERADO;GEORREFERENCIADA;
273;;EL AGUILA;I.E EL AGUILA SEDE FRANCISCO JOSE DE CALDAS;0;1;MUNICIPIO+NOMBRE_EXACTO;CRUCE_RECUPERADO;GEORREFERENCIADA;
274;276243000276;EL AGUILA;I.E JUSTINIANO ECHAVARRIA SEDE MERCEDES ABREGO;1;1;COD_DANE_UNICO;CRUCE_OK;GEORREFERENCIADA;
275;276243000314;EL AGUILA;I.E EL AGUILA SEDE SAN AGUSTIN;1;1;COD_DANE_UNICO;CRUCE_OK;GEORREFERENCIADA;
276;;EL AGUILA;I.E SANTA MARTA SEDE DIONISIO CORTES-PRIMARIA;0;1;MUNICIPIO+NOMBRE_EXACTO;CRUCE_RECUPERADO;GEORREFERENCIADA;
277;276243000390;EL AGUILA;I.E SANTA MARTA SEDE SAN LUIS BELTRAN;1;1;COD_DANE_UNICO;CRUCE_OK;GEORREFERENCIADA;
278;276243000284;EL AGUILA;I.E JUSTINIANO ECHAVARRIA SEDE RICARDO NIETO;1;1;COD_DANE_UNICO;CRUCE_OK;GEORREFERENCIADA;
279;276243000357;EL AGUILA;I.E JUSTINIANO ECHAVARRIA SEDE SANTA ISABEL;1;1;COD_DANE_UNICO;CRUCE_OK;GEORREFERENCIADA;
280;176243000026;EL AGUILA;I.E EL AGUILA  SEDE JOSE MARIA CORDOBA;3;1;COD_DANE_DUPLICADO+NOMBRE_EXACTO;CRUCE_OK_CONTROLADO;GEORREFERENCIADA;
281;176243000093;EL AGUILA;IE EL AGUILA SEDE ANTONIA SANTOS;1;1;COD_DANE_UNICO;CRUCE_OK;GEORREFERENCIADA;
282;176243000107;EL AGUILA;I.E EL AGUILA SEDE SIMON BOLIVAR;1;1;COD_DANE_UNICO;CRUCE_OK;GEORREFERENCIADA;
283;276243000080;EL AGUILA;I.E JUSTINIANO ECHAVARRIA SEDE MARCO FIDEL SUAREZ;1;1;COD_DANE_UNICO;CRUCE_OK;GEORREFERENCIADA;
284;276243000071;EL AGUILA;I.E JUSTINIANO ECHAVARRIA SEDE POLICARPA SALAVARRIETA;1;1;COD_DANE_UNICO;CRUCE_OK;GEORREFERENCIADA;
285;;EL AGUILA;I.E SANTA MARTA SEDESEDE PRINCIPAL;0;1;MUNICIPIO+NOMBRE_EXACTO;CRUCE_RECUPERADO;SIN_COORDENADAS;
286;276246000501;EL CAIRO;I.ELA PRESENTACION SEDE SAN NICOLAS;1;1;COD_DANE_UNICO;CRUCE_OK;GEORREFERENCIADA;
287;276246000161;EL CAIRO;I.E LA PRESENTACION SEDE JOSE ACEVEDO Y GOMEZ;1;1;COD_DANE_UNICO;CRUCE_OK;GEORREFERENCIADA;
288;276246000137;EL CAIRO;I.E LA PRESENTACION SEDE ROSA ZARATA DE PEÑA;1;1;COD_DANE_UNICO;CRUCE_OK;GEORREFERENCIADA;
289;276246000277;EL CAIRO;I.E GILBERTO ALZATE AVENDAÑO SEDE JOSE MARIA CORDOBA;1;1;COD_DANE_UNICO;CRUCE_OK;GEORREFERENCIADA;
290;276246000056;EL CAIRO;I.E GILBERTO ALZATE AVENDAÑO SEDE RAFAEL NUÑEZ;1;1;COD_DANE_UNICO;CRUCE_OK;GEORREFERENCIADA;
291;276246000447;EL CAIRO;I.E GILBERTO ALZATE SEDE RUFINO JOSE CUERVO;1;1;COD_DANE_UNICO;CRUCE_OK;GEORREFERENCIADA;
292;276246000081;EL CAIRO;I.E LA PRESENTACIÓN SEDE SIMÓN BOLIVAR;1;1;COD_DANE_UNICO;CRUCE_OK;GEORREFERENCIADA;
293;276246000200;EL CAIRO;I.E LA PRESENTACION SEDE ATANASIO GIRADOT;1;1;COD_DANE_UNICO;CRUCE_OK;GEORREFERENCIADA;
294;276246000099;EL CAIRO;I.E LA PRESENTACION SEDE SAN JUAN BOSCO;1;1;COD_DANE_UNICO;CRUCE_OK;GEORREFERENCIADA;
295;276246000145;EL CAIRO;IE LA PRESENTACION SEDE FRANCISCO DE PAULA SANTANDER;1;1;COD_DANE_UNICO;CRUCE_OK;GEORREFERENCIADA;
296;276246000439;EL CAIRO;I.E GILBERTO ALZATE AVENDAÑO SEDE MARCO FIDEL SUAREZ;1;1;COD_DANE_UNICO;CRUCE_OK;GEORREFERENCIADA;
297;276246000412;EL CAIRO;I.E GILBERTO ALZATE AVENDAÑO SEDE GONZALO JIMENEZ DE QUEZADA;1;1;COD_DANE_UNICO;CRUCE_OK;GEORREFERENCIADA;
298;;EL CAIRO;I.E GILBERTO ALZATE AVENDAÑO SEDE JUAN XXIII-FUNDACION PRODESARROLLO COMUNITARIO;0;1;MUNICIPIO+NOMBRE_EXACTO;CRUCE_RECUPERADO;SIN_COORDENADAS;
299;;EL CAIRO;I.E GILBERTO ALZATE AVENDAÑO SEDE PIO XII - FUNDACION PRODESARROLLO COMUNITARIO;0;1;MUNICIPIO+NOMBRE_EXACTO;CRUCE_RECUPERADO;SIN_COORDENADAS;
300;276246000196;EL CAIRO;INSTITUCION EDUCATIVA LA PRESENTACION SEDE CRISTOBAL COLON;1;1;COD_DANE_UNICO;CRUCE_OK;GEORREFERENCIADA;
301;276246000129;EL CAIRO;I.E GILBERTO ALZATE AVENDAÑO SEDE GENERAL CARLOS ALBAN;2;1;COD_DANE_DUPLICADO+NOMBRE_EXACTO;CRUCE_OK_CONTROLADO;GEORREFERENCIADA;
302;276246000552;EL CAIRO;I.E GILBERTO ALZATE AVENDAÑO SEDE AMPARO MORALES;1;1;COD_DANE_UNICO;CRUCE_OK;GEORREFERENCIADA;
303;276246000170;EL CAIRO;I.E LA PRESENTACION SEDE CAMILO TORRES;1;1;COD_DANE_UNICO;CRUCE_OK;GEORREFERENCIADA;
304;276246000242;EL CAIRO;I.E LA PRESENTACION SEDE MANUEL MARIN MALLARIN;1;1;COD_DANE_UNICO;CRUCE_OK;GEORREFERENCIADA;
305;276246000633;EL CAIRO;I.E LA PRESENTACION SEDE SIETE DE AGOSTO;1;1;COD_DANE_UNICO;CRUCE_OK;GEORREFERENCIADA;
306;276246000641;EL CAIRO;I.E LA PRESENTACION SEDE RICARDO NIETO;1;1;COD_DANE_UNICO;CRUCE_OK;GEORREFERENCIADA;
307;276246000064;EL CAIRO;I.E LA PRESENTACION SEDE CRISTO REY;1;1;COD_DANE_UNICO;CRUCE_OK;GEORREFERENCIADA;
308;276246000382;EL CAIRO;I.E LA PRESENTACION SEDE FRANCISCO ANTONIO ZEA;1;1;COD_DANE_UNICO;CRUCE_OK;GEORREFERENCIADA;
309;176246000337;EL CAIRO;I.E LA PRESENTACION;1;1;COD_DANE_UNICO;CRUCE_OK;GEORREFERENCIADA;
310;176246000027;EL CAIRO;I.E GILBERTO ALZATE AVENDAÑO SEDE GILBERTO ALZATE AVENDAÑO;1;1;COD_DANE_UNICO;CRUCE_OK;GEORREFERENCIADA;
311;;EL CAIRO;I.E GILBERTO ALZATE AVENDAÑO SEDE CENTRO (PRIMARIA);0;1;MUNICIPIO+NOMBRE_EXACTO;CRUCE_RECUPERADO;GEORREFERENCIADA;
312;176246000311;EL CAIRO;I.E LA PRESENTACIÓN SEDE BOLIVARIANA;1;1;COD_DANE_UNICO;CRUCE_OK;GEORREFERENCIADA;
313;;EL CAIRO;I.E LA PRESENTACIÒN SEDE NUESTRA SEÑORA DE LAS MERCEDES-FUNDACION PRODESARROLLO COMUNITARIO;0;1;MUNICIPIO+NOMBRE_EXACTO;CRUCE_RECUPERADO;SIN_COORDENADAS;
314;276246000129;EL CAIRO;I.E GILBERTO ALZATE AVENDAÑO SEDE ALBAN;2;1;COD_DANE_DUPLICADO+NOMBRE_EXACTO;CRUCE_OK_CONTROLADO;GEORREFERENCIADA;
315;276248000169;EL CERRITO;I.E. SANTA ELENA SEDE LA HONDA;1;1;COD_DANE_UNICO;CRUCE_OK;GEORREFERENCIADA;
316;276248000347;EL CERRITO;I.E. SANTA ELENA SEDE POLICARPA SALAVARRIETA;1;1;COD_DANE_UNICO;CRUCE_OK;GEORREFERENCIADA;
317;276248000177;EL CERRITO;I.E. HERNANDO BORRERO CUADROS SEDE ROSA ZARATE DE PEÑA;1;1;COD_DANE_UNICO;CRUCE_OK;GEORREFERENCIADA;
318;276248000363;EL CERRITO;I.E. SANTA ELENA SEDE PRINCIPAL;0;1;MUNICIPIO+NOMBRE_EXACTO;CRUCE_RECUPERADO;SIN_COORDENADAS;
319;176248000016;EL CERRITO;I.E. SAGRADO CORAZON SEDE SAGRADO CORAZON;1;1;COD_DANE_UNICO;CRUCE_OK;GEORREFERENCIADA;
320;176248000202;EL CERRITO;I.E. SAGRADO CORAZON SEDE PEDRO ANTONIO MOLINA;1;1;COD_DANE_UNICO;CRUCE_OK;GEORREFERENCIADA;
321;176248000229;EL CERRITO;I.E. SAGRADO CORAZON SEDE MARIA INMACULADA;1;1;COD_DANE_UNICO;CRUCE_OK;GEORREFERENCIADA;
322;276248000380;EL CERRITO;I.E. SANTA ELENA SEDE RAFAEL URIBE URIBE;1;1;COD_DANE_UNICO;CRUCE_OK;GEORREFERENCIADA;
323;176248000440;EL CERRITO;I.E. SAGRADO CORAZON SEDE GUILLERMO LEON VALENCIA;1;1;COD_DANE_UNICO;CRUCE_OK;GEORREFERENCIADA;
324;276248000185;EL CERRITO;I.E. SAGRADO CORAZON SEDE RICARDO CIFUENTES RIOMAÑA;1;1;COD_DANE_UNICO;CRUCE_OK;GEORREFERENCIADA;
325;276248000398;EL CERRITO;I.E. JORGE ISAACS SEDE SIMON BOLIVAR;1;1;COD_DANE_UNICO;CRUCE_OK;GEORREFERENCIADA;
326;176248000296;EL CERRITO;I.E. SAGRADO CORAZON SEDE MARIA MONTESSORI;1;1;COD_DANE_UNICO;CRUCE_OK;GEORREFERENCIADA;
327;176248000024;EL CERRITO;I.E. JORGE ISAACS SEDE JORGE ISAACS;3;1;COD_DANE_DUPLICADO+NOMBRE_EXACTO;CRUCE_OK_CONTROLADO;GEORREFERENCIADA;
328;176248000431;EL CERRITO;I.E. JORGE ISAACS SEDE SANTA BARBARA;1;1;COD_DANE_UNICO;CRUCE_OK;GEORREFERENCIADA;
329;176248000458;EL CERRITO;I.E. JORGE ISAACS SEDE JOSE IGNACIO RENGIFO;1;1;COD_DANE_UNICO;CRUCE_OK;GEORREFERENCIADA;
330;476248000613;EL CERRITO;I.E. JORGE ISAACS SEDE CINCUENTENARIO;1;1;COD_DANE_UNICO;CRUCE_OK;GEORREFERENCIADA;
331;276248000304;EL CERRITO;I.E. SANTA ELENA SEDE GREGORIA BENAVIDES;1;1;COD_DANE_UNICO;CRUCE_OK;GEORREFERENCIADA;
332;176248000288;EL CERRITO;I.E. JORGE ISAACS SEDE PEDRO VICENTE MONTAÑO;1;1;COD_DANE_UNICO;CRUCE_OK;GEORREFERENCIADA;
333;176248000466;EL CERRITO;I.E. SAGRADO CORAZON SEDE EDUARDO CABAL MOLINA;1;1;COD_DANE_UNICO;CRUCE_OK;GEORREFERENCIADA;
334;176248000245;EL CERRITO;I.E. JORGE ISAACS SEDE JOSE CELESTINO MUTIS;1;1;COD_DANE_UNICO;CRUCE_OK;GEORREFERENCIADA;
335;276248000355;EL CERRITO;I.E. JORGE ISAACS EL PLACER SEDE JORGE ISAACS EL PLACER;1;1;COD_DANE_UNICO;CRUCE_OK;GEORREFERENCIADA;
336;276248000061;EL CERRITO;I.E. JORGE ISAACS EL PLACER SEDE FRANCISCO DE PAULA SANTANDER;1;1;COD_DANE_UNICO;CRUCE_OK;GEORREFERENCIADA;
337;176248000024;EL CERRITO;I.E. SANTA ELENA SEDE JORGE ISAACS;3;1;COD_DANE_DUPLICADO+NOMBRE_EXACTO;CRUCE_OK_CONTROLADO;GEORREFERENCIADA;
338;276248000363;EL CERRITO;I.E. JORGE ISAACS SEDE PRINCIPAL;0;1;MUNICIPIO+NOMBRE_EXACTO;CRUCE_RECUPERADO;SIN_COORDENADAS;
339;276248000100;EL CERRITO;I.E. HERNANDO BORRERO CUADROS SEDE MANUELA BELTRAN;1;1;COD_DANE_UNICO;CRUCE_OK;GEORREFERENCIADA;
340;276248000410;EL CERRITO;I.E. HERNANDO BORRERO CUADROS SEDE MARIA LUISA DE LA ESPADA;1;1;COD_DANE_UNICO;CRUCE_OK;GEORREFERENCIADA;
341;276248000428;EL CERRITO;I.E. SANTA ELENA SEDE EDUARDO RIASCOS GRUESO;1;1;COD_DANE_UNICO;CRUCE_OK;GEORREFERENCIADA;
342;276248000045;EL CERRITO;I.E. SANTA ELENA SEDE JOSE ANTONIO GALAN;1;1;COD_DANE_UNICO;CRUCE_OK;GEORREFERENCIADA;
343;276248000151;EL CERRITO;I.E. SANTA ELENA SEDE EL PARAISO;1;1;COD_DANE_UNICO;CRUCE_OK;GEORREFERENCIADA;
344;176248000024;EL CERRITO;I.E. HERNANDO BORRERO CUADROS SEDE JORGE ISAACS;3;1;COD_DANE_DUPLICADO+NOMBRE_EXACTO;CRUCE_OK_CONTROLADO;GEORREFERENCIADA;
345;276248000321;EL CERRITO;I.E. HERNANDO BORRERO CUADROS SEDE HERNANDO BORRERO CUADROS;1;1;COD_DANE_UNICO;CRUCE_OK;GEORREFERENCIADA;
346;276248000088;EL CERRITO;I.E. HERNANDO BORRERO CUADROS SEDE MERCEDES ABREGO;1;1;COD_DANE_UNICO;CRUCE_OK;GEORREFERENCIADA;
347;276250000079;EL DOVIO;I.E JOSE MARIA FALLA SEDE MANUELA BELTRAN;1;1;COD_DANE_UNICO;CRUCE_OK;GEORREFERENCIADA;
348;276250000044;EL DOVIO;I.E JOSE MARIA FALLA SEDE BENJAMIN PEREA;1;1;COD_DANE_UNICO;CRUCE_OK;GEORREFERENCIADA;
349;276250000036;EL DOVIO;I.E ACERG SEDE GENERAL RENGIFO;1;1;COD_DANE_UNICO;CRUCE_OK;GEORREFERENCIADA;
350;276250000397;EL DOVIO;I.E ACERG SEDE JACINTO SANCHEZ;1;1;COD_DANE_UNICO;CRUCE_OK;GEORREFERENCIADA;
351;;EL DOVIO;I.E ACERG SEDE JUAN SALVADOR GAVIOTA;0;1;MUNICIPIO+NOMBRE_EXACTO;CRUCE_RECUPERADO;GEORREFERENCIADA;
352;276250000133;EL DOVIO;I.E ACERG SEDE SAN JUAN BOSCO;1;1;COD_DANE_UNICO;CRUCE_OK;GEORREFERENCIADA;
353;276250000371;EL DOVIO;I.E ACERG SEDE LUIS ZULUAGA;1;1;COD_DANE_UNICO;CRUCE_OK;GEORREFERENCIADA;
354;276250000184;EL DOVIO;I.E JOSE MARIA FALLA SEDE RICARDO MUÑOZ;1;1;COD_DANE_UNICO;CRUCE_OK;GEORREFERENCIADA;
355;276250000176;EL DOVIO;I.E JOSE MARIA FALLA SEDE VEINTE DE JULIO;1;1;COD_DANE_UNICO;CRUCE_OK;GEORREFERENCIADA;
356;276250000206;EL DOVIO;I.E JOSE MARIA FALLA SEDE JUAN BAUTISTA;1;1;COD_DANE_UNICO;CRUCE_OK;GEORREFERENCIADA;
357;276250000699;EL DOVIO;I.E ACERG SEDE ALBERTO FRESNEDA;1;1;COD_DANE_UNICO;CRUCE_OK;GEORREFERENCIADA;
358;276250000222;EL DOVIO;I.E ACERG SEDE SANTA TERESITA;1;1;COD_DANE_UNICO;CRUCE_OK;GEORREFERENCIADA;
359;276250000192;EL DOVIO;I.E ACERG SEDE SAN PABLO;1;1;COD_DANE_UNICO;CRUCE_OK;GEORREFERENCIADA;
360;276250000117;EL DOVIO;IE ACERG SEDE SIMON BOLIVAR;1;1;COD_DANE_UNICO;CRUCE_OK;GEORREFERENCIADA;
361;276250000273;EL DOVIO;I.E JOSE MARIA FALLA SEDE PIO XII;1;1;COD_DANE_UNICO;CRUCE_OK;GEORREFERENCIADA;
362;276250000231;EL DOVIO;I.E JOSE MARIA FALLA SEDE FRANCISCO JOSE DE CALDAS;1;1;COD_DANE_UNICO;CRUCE_OK;GEORREFERENCIADA;
363;276250000109;EL DOVIO;I.E JOSE MARIA FALLA SEDE NICOLAS BARRERO OLANO;1;1;COD_DANE_UNICO;CRUCE_OK;GEORREFERENCIADA;
364;276250000095;EL DOVIO;I.E ACERG SEDE ATANASIO GIRARDOT;1;1;COD_DANE_UNICO;CRUCE_OK;GEORREFERENCIADA;
365;276250000320;EL DOVIO;I.E ACERG SEDE SAN MARTIN DE PORRES;1;1;COD_DANE_UNICO;CRUCE_OK;GEORREFERENCIADA;
366;276250000061;EL DOVIO;IE JOSE MARIA FALLA SEDE ELVIRA PEÑA;1;1;COD_DANE_UNICO;CRUCE_OK;GEORREFERENCIADA;
367;276250000770;EL DOVIO;I.E ACERG SEDE TERESITA GRAJALES;1;1;COD_DANE_UNICO;CRUCE_OK;GEORREFERENCIADA;
368;;EL DOVIO;I.E ACERG ROSA SARATE DE PEÑA;0;1;MUNICIPIO+NOMBRE_EXACTO;CRUCE_RECUPERADO;GEORREFERENCIADA;
369;;EL DOVIO;I.E JOSE MARIA FALLA SEDE PRINCIPAL;0;1;MUNICIPIO+NOMBRE_EXACTO;CRUCE_RECUPERADO;GEORREFERENCIADA;
370;176250000015;EL DOVIO;I.E JOSE MARIA FALLA SEDE MARIA INMACULADA;1;1;COD_DANE_UNICO;CRUCE_OK;GEORREFERENCIADA;
371;176250000295;EL DOVIO;IE JOSE MARIA FALLA SEDE JOSE JOAQUIN JARAMILLO;1;1;COD_DANE_UNICO;CRUCE_OK;GEORREFERENCIADA;
372;176250000414;EL DOVIO;I.E JOSE MARIA FALLA SEDE SANTISIMO SACRAMENTO;1;1;COD_DANE_UNICO;CRUCE_OK;GEORREFERENCIADA;
373;176250000261;EL DOVIO;I.E JOSE MARIA FALLA SEDE JOSE MARIA FALLA;1;1;COD_DANE_UNICO;CRUCE_OK;GEORREFERENCIADA;
374;276275000324;FLORIDA;I.E. JOSE MARIA CORDOBA SEDE MANUELA BELTRAN;1;1;COD_DANE_UNICO;CRUCE_OK;GEORREFERENCIADA;
375;276275000219;FLORIDA;I.E. JOSE MARIA CORDOBA SEDE CAMILO TORRES;1;1;COD_DANE_UNICO;CRUCE_OK;GEORREFERENCIADA;
376;276275000421;FLORIDA;I.E. IDEBIC SEDE SAN JOSE DE LA GUACAS;1;1;COD_DANE_UNICO;CRUCE_OK;GEORREFERENCIADA;
377;276275001215;FLORIDA;I.E. IDEBIC SEDE SAN GIL;1;1;COD_DANE_UNICO;CRUCE_OK;GEORREFERENCIADA;
378;276275001282;FLORIDA;I.E. IDEBIC SEDE LUIS CARLOS GALAN;1;1;COD_DANE_UNICO;CRUCE_OK;GEORREFERENCIADA;
379;276275000430;FLORIDA;I.E. IDEBIC SEDE SAN ISIDRO;1;1;COD_DANE_UNICO;CRUCE_OK;GEORREFERENCIADA;
380;276275000464;FLORIDA;I.E. IDEBIC SEDE CAROLA BUENO DE BUENO;1;1;COD_DANE_UNICO;CRUCE_OK;GEORREFERENCIADA;
381;276275000448;FLORIDA;I.E. IDEBIC SEDE SAN MARTIN DE PORRES;1;1;COD_DANE_UNICO;CRUCE_OK;GEORREFERENCIADA;
382;276275001169;FLORIDA;I.E. IDEBIC SEDE LA PRIMAVERA;1;1;COD_DANE_UNICO;CRUCE_OK;GEORREFERENCIADA;
383;276275000961;FLORIDA;I.E. IDEBIC SEDE CARLOS HOLMES TRUJILLO;1;1;COD_DANE_UNICO;CRUCE_OK;GEORREFERENCIADA;
384;276275000634;FLORIDA;I.E. IDEBIC SEDE ALFONSO LOPEZ PUMAREJO;1;1;COD_DANE_UNICO;CRUCE_OK;GEORREFERENCIADA;
385;;FLORIDA;HOGAR ICBF REY LEON;0;0;SIN_COINCIDENCIA;PENDIENTE;SIN_COORDENADAS;
386;276275000031;FLORIDA;I.E. IDEBIC SEDE MARCO FIDEL SUAREZ;1;1;COD_DANE_UNICO;CRUCE_OK;GEORREFERENCIADA;
387;276275001673;FLORIDA;I.E. IDEBIC SEDE BASILIO LABIO;1;1;COD_DANE_UNICO;CRUCE_OK;GEORREFERENCIADA;
388;276275000065;FLORIDA;I.E. LAS AMERICAS SEDE JOSE CELESTINO MUTIS;1;1;COD_DANE_UNICO;CRUCE_OK;GEORREFERENCIADA;
389;;FLORIDA;HOGAR INFANTIL LAS ABEJITAS;0;0;SIN_COINCIDENCIA;PENDIENTE;SIN_COORDENADAS;
390;276275001380;FLORIDA;I.E. IDEBIC SEDE EL MIRADOR;1;1;COD_DANE_UNICO;CRUCE_OK;GEORREFERENCIADA;
391;276275001452;FLORIDA;I.E. JOSE MARIA CORDOBA SEDE EL TAMBORAL;1;1;COD_DANE_UNICO;CRUCE_OK;GEORREFERENCIADA;
392;276275000189;FLORIDA;I.E. JOSE MARIA CORDOBA SEDE CARTAGENA DE INDIAS;1;1;COD_DANE_UNICO;CRUCE_OK;GEORREFERENCIADA;
393;276275000871;FLORIDA;I.E. JOSE MARIA CORDOBA SEDE SATELITE LAS AMERICAS;1;1;COD_DANE_UNICO;CRUCE_OK;GEORREFERENCIADA;
394;276275000243;FLORIDA;I.E. JOSE MARIA CORDOBA SEDE MARIA AUXILIADORA;1;1;COD_DANE_UNICO;CRUCE_OK;GEORREFERENCIADA;
395;276275000235;FLORIDA;I.E. JOSE MARIA CORDOBA SEDE SAN JOAQUIN;1;1;COD_DANE_UNICO;CRUCE_OK;GEORREFERENCIADA;
396;276275000511;FLORIDA;I.E. JOSE MARIA CORDOBA SEDE ANTONIO JOSE DE SUCRE;1;1;COD_DANE_UNICO;CRUCE_OK;GEORREFERENCIADA;
397;276275000154;FLORIDA;I.E. JOSE MARIA CORDOBA SEDE JOSE MARIA CORDOBA;1;1;COD_DANE_UNICO;CRUCE_OK;GEORREFERENCIADA;
398;176275001393;FLORIDA;I.E. ABSALON TORRES CAMACHO SEDE SAGRADO CORAZON DE JESUS;1;1;COD_DANE_UNICO;CRUCE_OK;GEORREFERENCIADA;
399;176275000010;FLORIDA;I.E. LAS AMERICAS SEDE INSTITUTO LAS AMERICAS;0;1;MUNICIPIO+NOMBRE_EXACTO;CRUCE_RECUPERADO;GEORREFERENCIADA;
400;176275001130;FLORIDA;I.E. LAS AMERICAS SEDE NORMA ZULUAGA JARAMILLO;1;1;COD_DANE_UNICO;CRUCE_OK;GEORREFERENCIADA;
401;;FLORIDA;CDI  SEMILLITAS DE AMOR Y CONVIVENCIA;0;0;SIN_COINCIDENCIA;PENDIENTE;SIN_COORDENADAS;
402;8903019725;FLORIDA;FUNDACION CAICEDO GONZALEZ RIOPAILA CASTILLO;0;0;SIN_COINCIDENCIA;PENDIENTE;SIN_COORDENADAS;
403;;FLORIDA;JARDIN INFANTIL MARIA MONTESSORI;0;0;SIN_COINCIDENCIA;PENDIENTE;SIN_COORDENADAS;
404;276275000774;FLORIDA;I.E. IDEBIC SEDE SAN ANTONIO DE PADUA;1;1;COD_DANE_UNICO;CRUCE_OK;GEORREFERENCIADA;
405;;FLORIDA;HOGAR ICBF MI MUNDO MAGICO;0;0;SIN_COINCIDENCIA;PENDIENTE;SIN_COORDENADAS;
406;;FLORIDA;INSTITUTO TECNICO DE CIENCIAS DE LA SALUD SANTA CECILIA LTDA - INSAED LTDA;0;0;SIN_COINCIDENCIA;PENDIENTE;SIN_COORDENADAS;
407;;FLORIDA;HOGAR ICBF GATICOS SILVESTRES;0;0;SIN_COINCIDENCIA;PENDIENTE;SIN_COORDENADAS;
408;;FLORIDA;HOGAR ICBF CAJITA DE SORPRESAS;0;0;SIN_COINCIDENCIA;PENDIENTE;SIN_COORDENADAS;
409;;FLORIDA;HOGAR ICBF SOL Y LUNA;0;0;SIN_COINCIDENCIA;PENDIENTE;SIN_COORDENADAS;
410;;FLORIDA;ICBF AHB FAMIMIMOS;0;0;SIN_COINCIDENCIA;PENDIENTE;SIN_COORDENADAS;
411;;FLORIDA;HOGAR ICBF MI CASITA DEL MAÑANA;0;0;SIN_COINCIDENCIA;PENDIENTE;SIN_COORDENADAS;
412;;FLORIDA;HOGAR ICBF TRENSITO CAÑERO;0;0;SIN_COINCIDENCIA;PENDIENTE;SIN_COORDENADAS;
413;276275000278;FLORIDA;I.E. REGIONAL SIMON BOLIVAR SEDE SIMON BOLIVAR REGIONAL;0;1;MUNICIPIO+NOMBRE_EXACTO;CRUCE_RECUPERADO;SIN_COORDENADAS;
414;276275000049;FLORIDA;I.E. REGIONAL SIMON BOLIVAR SEDE PARROQUIAL;1;1;COD_DANE_UNICO;CRUCE_OK;GEORREFERENCIADA;
415;376275001422;FLORIDA;COLEGIO LA SANTA INFANCIA;0;0;SIN_COINCIDENCIA;PENDIENTE;GEORREFERENCIADA;
416;;FLORIDA;CENTRO DE DESARROLLO BELISARIO CAICEDO;0;0;SIN_COINCIDENCIA;PENDIENTE;SIN_COORDENADAS;
417;;FLORIDA;HOGAR COMUNITARIO LOS CARIÑOSITOS;0;0;SIN_COINCIDENCIA;PENDIENTE;SIN_COORDENADAS;
418;;FLORIDA;HOGAR ICBF PEQUITAS;0;0;SIN_COINCIDENCIA;PENDIENTE;SIN_COORDENADAS;
419;;FLORIDA;HOGAR ICBF MI DESPERTAR;0;0;SIN_COINCIDENCIA;PENDIENTE;SIN_COORDENADAS;
420;;FLORIDA;HOGAR ICBF PUEBLITO ALEGRE;0;0;SIN_COINCIDENCIA;PENDIENTE;SIN_COORDENADAS;
421;;FLORIDA;HOGAR ICBF GATICOS JUGUETONES;0;0;SIN_COINCIDENCIA;PENDIENTE;SIN_COORDENADAS;
422;;FLORIDA;FUNDACIÓN JARDIN INFANTIL RAYITO DE LUZ CON AMOR;0;0;SIN_COINCIDENCIA;PENDIENTE;SIN_COORDENADAS;
423;176275000087;FLORIDA;I.E. ABSALON TORRES CAMACHO SEDE EMETERIO PIEDRAHITA;1;1;COD_DANE_UNICO;CRUCE_OK;GEORREFERENCIADA;
424;;FLORIDA;HOGAR ICBF MIS PRIMERAS HUELLAS;0;0;SIN_COINCIDENCIA;PENDIENTE;SIN_COORDENADAS;
425;176275001393;FLORIDA;I.E. ABSALON TORRES CAMACHO SEDE ABSALON TORRES CAMACHO;1;1;COD_DANE_UNICO;CRUCE_OK;GEORREFERENCIADA;
426;;FLORIDA;HOGAR ICBF SORPRESITAS;0;0;SIN_COINCIDENCIA;PENDIENTE;SIN_COORDENADAS;
427;;FLORIDA;HOGAR ICBF MIS KIKATOS;0;0;SIN_COINCIDENCIA;PENDIENTE;SIN_COORDENADAS;
428;;FLORIDA;HOGAR ICBF MIS PRIMERAS  HUELLAS;0;0;SIN_COINCIDENCIA;PENDIENTE;SIN_COORDENADAS;
429;176275000494;FLORIDA;I.E. LAS AMERICAS SEDE JOSE EUSEBIO CARO;1;1;COD_DANE_UNICO;CRUCE_OK;GEORREFERENCIADA;
430;;FLORIDA;HOGAR ICBF PICAPIEDRAS;0;0;SIN_COINCIDENCIA;PENDIENTE;SIN_COORDENADAS;
431;;FLORIDA;HOGAR ICBF LOS SALTARINES;0;0;SIN_COINCIDENCIA;PENDIENTE;SIN_COORDENADAS;
432;;FLORIDA;HOGAR ICBF EL OSO HORMIGUERO;0;0;SIN_COINCIDENCIA;PENDIENTE;SIN_COORDENADAS;
433;;FLORIDA;HOGAR ICBF TRADICIONAL DANIELA;0;0;SIN_COINCIDENCIA;PENDIENTE;SIN_COORDENADAS;
434;;FLORIDA;HOGAR COMUNITARIO ICBF EL JORDANCITO;0;0;SIN_COINCIDENCIA;PENDIENTE;SIN_COORDENADAS;
435;;FLORIDA;HOGAR COMUNITARIO JARDIN DE MIS SUEÑOS;0;0;SIN_COINCIDENCIA;PENDIENTE;SIN_COORDENADAS;
436;;FLORIDA;HOGAR DEL ICBF EL PAJARO CARPINTERO;0;0;SIN_COINCIDENCIA;PENDIENTE;SIN_COORDENADAS;
437;;FLORIDA;HOGAR ICBF MIS PRIMEROS AÑITOS;0;0;SIN_COINCIDENCIA;PENDIENTE;SIN_COORDENADAS;
438;176275000524;FLORIDA;I.E. LAS AMERICAS SEDE SAN JORGE;1;1;COD_DANE_UNICO;CRUCE_OK;GEORREFERENCIADA;
439;376275001147;FLORIDA;INSTITUTO COMERCIAL SAN FRANCISCO DE ASIS;0;0;SIN_COINCIDENCIA;PENDIENTE;GEORREFERENCIADA;
440;376275800075;FLORIDA;FUNDACION SANTA BETHEL - FUNSABET;0;0;SIN_COINCIDENCIA;PENDIENTE;SIN_COORDENADAS;
441;176275000125;FLORIDA;I.E. ABSALON TORRES CAMACHO SEDE JULIO ARBOLEDA;1;1;COD_DANE_UNICO;CRUCE_OK;GEORREFERENCIADA;
442;176275000095;FLORIDA;I.E. CIUDAD FLORIDA SEDE POLICARPA SALAVARRIETA;1;1;COD_DANE_UNICO;CRUCE_OK;GEORREFERENCIADA;
443;176275000281;FLORIDA;I.E. LAS AMERICAS SEDE ANTONIA SANTOS;1;1;COD_DANE_UNICO;CRUCE_OK;GEORREFERENCIADA;
444;176275001156;FLORIDA;I.E. LAS AMERICAS SEDE MERCEDITAS FORERO DE GONZALEZ;1;1;COD_DANE_UNICO;CRUCE_OK;GEORREFERENCIADA;
445;376275000795;FLORIDA;COLEGIO RICARDO NIETO;0;0;SIN_COINCIDENCIA;PENDIENTE;SIN_COORDENADAS;
446;376275001350;FLORIDA;COLEGIO EMANUEL;0;0;SIN_COINCIDENCIA;PENDIENTE;SIN_COORDENADAS;
447;;FLORIDA;JARDIN INFANTIL GIRSOLES DE COLORES;0;0;SIN_COINCIDENCIA;PENDIENTE;SIN_COORDENADAS;
448;;FLORIDA;CENTRO REGIONAL DE ESTUDIOS INTEGRADOS CREI;0;0;SIN_COINCIDENCIA;PENDIENTE;SIN_COORDENADAS;
449;376275001686;FLORIDA;COLEGIO TECNICO AGROAMBIENTAL ALEXANDER VON HUMBOLDT;0;0;SIN_COINCIDENCIA;PENDIENTE;SIN_COORDENADAS;
450;276275000341;FLORIDA;I.E. ATANASIO GIRARDOT SEDE CRISTO REY;1;1;COD_DANE_UNICO;CRUCE_OK;GEORREFERENCIADA;
451;276275000294;FLORIDA;I.E. ATANASIO GIRARDOT SEDE EL BARBULA;1;1;COD_DANE_UNICO;CRUCE_OK;GEORREFERENCIADA;
452;276275000197;FLORIDA;I.E. ATANASIO GIRARDOT SEDE ATANASIO GIRARDOT;1;1;COD_DANE_UNICO;CRUCE_OK;GEORREFERENCIADA;
453;276275000359;FLORIDA;I.E. ATANASIO GIRARDOT SEDE SANTA ANA;0;1;MUNICIPIO+NOMBRE_EXACTO;CRUCE_RECUPERADO;SIN_COORDENADAS;
454;276275001177;FLORIDA;I.E. ATANASIO GIRARDOT SEDE TULIO GONZALES FORERO;1;1;COD_DANE_UNICO;CRUCE_OK;GEORREFERENCIADA;
455;176275000265;FLORIDA;I.E. CIUDAD FLORIDA SEDE JULIO CASTAÑO;1;1;COD_DANE_UNICO;CRUCE_OK;GEORREFERENCIADA;
456;176275000141;FLORIDA;I.E. CIUDAD FLORIDA SEDE ANTONIO ISAZA;1;1;COD_DANE_UNICO;CRUCE_OK;GEORREFERENCIADA;
457;176275000311;FLORIDA;I.E. CIUDAD FLORIDA SEDE GABRIELA MISTRAL;1;1;COD_DANE_UNICO;CRUCE_OK;GEORREFERENCIADA;
458;276275000944;FLORIDA;I.E. REGIONAL SIMON BOLIVAR SEDE SIMON BOLIVAR (PRINCIPAL);0;1;MUNICIPIO+NOMBRE_EXACTO;CRUCE_RECUPERADO;SIN_COORDENADAS;
459;;FLORIDA;INSTITUTO DE FORMACION LABORAL INSDEFORLA;0;0;SIN_COINCIDENCIA;PENDIENTE;SIN_COORDENADAS;
460;;FLORIDA;INSTITUCIONAL EDUCATIVA HAPPY KIDS;0;0;SIN_COINCIDENCIA;PENDIENTE;SIN_COORDENADAS;
461;;FLORIDA;INSTITUCION EDUCATIVA  CENTRO DE ESTUDIO TECNICO LABORAL DE COLOMBIA;0;0;SIN_COINCIDENCIA;PENDIENTE;SIN_COORDENADAS;
462;276275001461;FLORIDA;I.E. IDEBIC SEDE PRINCIPAL KWE`SX NASA KSXA' WNXI;0;1;MUNICIPIO+NOMBRE_EXACTO;CRUCE_RECUPERADO;SIN_COORDENADAS;
463;276306000212;GINEBRA;I.E. MANUELA BELTRAN SEDE NIÑO JESUS DE PRAGA;1;1;COD_DANE_UNICO;CRUCE_OK;GEORREFERENCIADA;
464;176306000013;GINEBRA;I.E. GINEBRA LA SALLE SEDE GINEBRA LA SALLE;1;1;COD_DANE_UNICO;CRUCE_OK;GEORREFERENCIADA;
465;176306000048;GINEBRA;I.E. GINEBRA LA SALLE SEDE CARLOS TASCON;1;1;COD_DANE_UNICO;CRUCE_OK;GEORREFERENCIADA;
466;176306000056;GINEBRA;I.E. GINEBRA LA SALLE SEDE ANTONIA SANTOS;1;1;COD_DANE_UNICO;CRUCE_OK;GEORREFERENCIADA;
467;176306000421;GINEBRA;I.E. INMACULADA CONCEPCION SEDE INMACULADA CONCEPCION;2;1;COD_DANE_DUPLICADO+NOMBRE_EXACTO;CRUCE_OK_CONTROLADO;GEORREFERENCIADA;
468;276306000336;GINEBRA;I.E. DE DESARROLLO RURAL LA SELVA SEDE CONCENTRACION DE DESARROLLO RURAL LA SELVA;0;1;MUNICIPIO+NOMBRE_EXACTO;CRUCE_RECUPERADO;GEORREFERENCIADA;
469;276306000191;GINEBRA;I.E. DE DESARROLLO RURAL LA SELVA SEDE ANTONIO RICAURTE;1;1;COD_DANE_UNICO;CRUCE_OK;GEORREFERENCIADA;
470;176306000064;GINEBRA;I.E. INMACULADA CONCEPCION SEDE GENERAL ANZOATEGUI;1;1;COD_DANE_UNICO;CRUCE_OK;GEORREFERENCIADA;
471;176306000307;GINEBRA;I.E. GINEBRA LA SALLE SEDE ALFONSO LINCE;1;1;COD_DANE_UNICO;CRUCE_OK;GEORREFERENCIADA;
472;276306000255;GINEBRA;I.E. INMACULADA CONCEPCION SEDE PERPETUO SOCORRO;1;1;COD_DANE_UNICO;CRUCE_OK;GEORREFERENCIADA;
473;276306000085;GINEBRA;I.E. MANUELA BELTRAN SEDE MIGUEL ANTONIO CARO;1;1;COD_DANE_UNICO;CRUCE_OK;GEORREFERENCIADA;
474;276306000115;GINEBRA;I.E. GINEBRA LA SALLE SEDE JOSE MARIA VILLEGAS;1;1;COD_DANE_UNICO;CRUCE_OK;GEORREFERENCIADA;
475;276306000174;GINEBRA;I.E. MANUELA BELTRAN SEDE MANUELA BELTRAN;1;1;COD_DANE_UNICO;CRUCE_OK;GEORREFERENCIADA;
476;176306000421;GINEBRA;I.E. MANUELA BELTRAN SEDE INMACULADA CONCEPCION;2;1;COD_DANE_DUPLICADO+NOMBRE_EXACTO;CRUCE_OK_CONTROLADO;GEORREFERENCIADA;
477;276306000093;GINEBRA;I.E. GINEBRA LA SALLE SEDE NUESTRA SEÑORA DE FATIMA;1;1;COD_DANE_UNICO;CRUCE_OK;GEORREFERENCIADA;
478;276306000158;GINEBRA;I.E. INMACULADA CONCEPCION SEDE SAN ANTONIO;1;1;COD_DANE_UNICO;CRUCE_OK;GEORREFERENCIADA;
479;276306000263;GINEBRA;I.E. GINEBRA LA SALLE SEDE ANTONIO NARIÑO;1;1;COD_DANE_UNICO;CRUCE_OK;GEORREFERENCIADA;
480;276306000271;GINEBRA;I.E. DE DESARROLLO RURAL LA SELVA SEDE ANTONIO JOSE DE SUCRE;1;1;COD_DANE_UNICO;CRUCE_OK;GEORREFERENCIADA;
481;276306000280;GINEBRA;I.E. DE DESARROLLO RURAL LA SELVA SEDE ENRIQUE OLAYA HERRERA;1;1;COD_DANE_UNICO;CRUCE_OK;GEORREFERENCIADA;
482;276306000247;GINEBRA;I.E. MANUELA BELTRAN SEDE NUESTRA SEÑORA DEL CARMEN;1;1;COD_DANE_UNICO;CRUCE_OK;GEORREFERENCIADA;
483;276306000166;GINEBRA;I.E. MANUELA BELTRAN SEDE JOAQUIN CAMILO TORRES;1;1;COD_DANE_UNICO;CRUCE_OK;GEORREFERENCIADA;
484;276306000409;GINEBRA;I.E. MANUELA BELTRAN SEDE ESTELIA QUINTERO;1;1;COD_DANE_UNICO;CRUCE_OK;GEORREFERENCIADA;
485;276306000221;GINEBRA;I.E. DE DESARROLLO RURAL LA SELVA SEDE JUANA DE ARCO;1;1;COD_DANE_UNICO;CRUCE_OK;GEORREFERENCIADA;
486;276306000182;GINEBRA;I.E. DE DESARROLLO RURAL LA SELVA SEDE GUILLERMO LEON VALENCIA;1;1;COD_DANE_UNICO;CRUCE_OK;GEORREFERENCIADA;
487;276306000590;GINEBRA;I.E. IDEBIC SEDE ALFONSO LOPEZ PUMAREJO;1;1;COD_DANE_UNICO;CRUCE_OK;GEORREFERENCIADA;
488;276306000492;GINEBRA;I.E. MANUELA BELTRAN SEDE CANAIMA;1;1;COD_DANE_UNICO;CRUCE_OK;GEORREFERENCIADA;
489;276306000204;GINEBRA;I.E. INMACULADA CONCEPCION SEDE SAN JUDAS TADEO;1;1;COD_DANE_UNICO;CRUCE_OK;GEORREFERENCIADA;
490;276318000013;GUACARÍ;I.E. SIMON BOLIVAR SEDE MANUELA BELTRÁN (PRINCIPAL);0;1;MUNICIPIO+NOMBRE_EXACTO;CRUCE_RECUPERADO;SIN_COORDENADAS;
491;276318000111;GUACARÍ;I.E. JOSE CELESTINO MUTIS SEDE JOSE CELESTINO MUTIS;1;1;COD_DANE_UNICO;CRUCE_OK;GEORREFERENCIADA;
492;276318000510;GUACARÍ;I.E. JOSE CELESTINO MUTIS SEDE PEDRO VICENTE ABADIA;3;1;COD_DANE_DUPLICADO+NOMBRE_EXACTO;CRUCE_OK_CONTROLADO;GEORREFERENCIADA;
493;276318000226;GUACARÍ;I.E. JOSE IGNACIO OSPINA SEDE PRINCIPAL;0;1;MUNICIPIO+NOMBRE_EXACTO;CRUCE_RECUPERADO;GEORREFERENCIADA;
494;276318000277;GUACARÍ;I.E. SIMON BOLIVAR SEDE SIMON BOLIVAR;1;1;COD_DANE_UNICO;CRUCE_OK;GEORREFERENCIADA;
495;176318000256;GUACARÍ;I.E. PEDRO VICENTE ABADIA SEDE SAULO RICARDO MOLINA;1;1;COD_DANE_UNICO;CRUCE_OK;GEORREFERENCIADA;
496;276318000510;GUACARÍ;I.E. PEDRO VICENTE ABADIA SEDE PEDRO VICENTE ABADIA;3;1;COD_DANE_DUPLICADO+NOMBRE_EXACTO;CRUCE_OK_CONTROLADO;GEORREFERENCIADA;
497;176318000183;GUACARÍ;I.E. PEDRO VICENTE ABADIA SEDE AUGUSTO DOMINGUEZ;1;1;COD_DANE_UNICO;CRUCE_OK;GEORREFERENCIADA;
498;276318000145;GUACARÍ;I.E. PEDRO VICENTE ABADIA SEDE CARMEN ARZAYÚZ DE SAAVEDRA;1;1;COD_DANE_UNICO;CRUCE_OK;GEORREFERENCIADA;
499;176318000264;GUACARÍ;I.E. ESCUELA NORMAL SUPERIOR MIGUEL DE CERVANTES SAAVEDRA SEDE MIGUEL DE CERVANTES SAAVEDRA;1;1;COD_DANE_UNICO;CRUCE_OK;GEORREFERENCIADA;
500;276318000056;GUACARÍ;I.E. GENERAL SANTANDER SEDE MERCEDES ABREGO;1;1;COD_DANE_UNICO;CRUCE_OK;GEORREFERENCIADA;
501;176318000418;GUACARÍ;I.E. ESCUELA NORMAL SUPERIOR MIGUEL DE CERVANTES SAAVEDRA SEDE ANTONIA SANTOS;1;1;COD_DANE_UNICO;CRUCE_OK;GEORREFERENCIADA;
502;176318000701;GUACARÍ;I.E. PEDRO VICENTE ABADIA SEDE FRANCISCO JOSE DE CALDAS;0;1;MUNICIPIO+NOMBRE_EXACTO;CRUCE_RECUPERADO;SIN_COORDENADAS;
503;276318000048;GUACARÍ;I.E. GENERAL SANTANDER SEDE SANTA ROSA DE LIMA;1;1;COD_DANE_UNICO;CRUCE_OK;GEORREFERENCIADA;
504;276318000510;GUACARÍ;I.E. GENERAL SANTANDER SEDE SATELITE PEDRO VICENTE ABADIA;3;1;COD_DANE_DUPLICADO+NOMBRE_EXACTO;CRUCE_OK_CONTROLADO;GEORREFERENCIADA;
505;276318000153;GUACARÍ;I.E. GENERAL SANTANDER SEDE LOS LULOS;1;1;COD_DANE_UNICO;CRUCE_OK;GEORREFERENCIADA;
506;276318000064;GUACARÍ;I.E. GENERAL SANTANDER SEDE SAN ROQUE;1;1;COD_DANE_UNICO;CRUCE_OK;GEORREFERENCIADA;
507;276318000099;GUACARÍ;I.E. GENERAL SANTANDER SEDE GENERAL SANTANDER;1;1;COD_DANE_UNICO;CRUCE_OK;GEORREFERENCIADA;
508;276318000129;GUACARÍ;I.E. GENERAL SANTANDER SEDE MARCO FIDEL SUAREZ;0;1;MUNICIPIO+NOMBRE_EXACTO;CRUCE_RECUPERADO;SIN_COORDENADAS;
509;276318000391;GUACARÍ;I.E. GENERAL SANTANDER SEDE HEBERTH MARINO SAAVEDRA;1;1;COD_DANE_UNICO;CRUCE_OK;GEORREFERENCIADA;
510;176318000264;GUACARÍ;I.E. ESCUELA NORMAL SUPERIOR MIGUEL DE CERVANTES SAAVEDRA SEDE SAN ANTONIO DE GUACAS;1;1;COD_DANE_UNICO;CRUCE_OK;GEORREFERENCIADA;
511;476318000713;GUACARÍ;I.E. GENERAL SANTANDER SEDE CLIMACO LENIS;1;1;COD_DANE_UNICO;CRUCE_OK;GEORREFERENCIADA;
512;276318000081;GUACARÍ;I.E. GENERAL SANTANDER SEDE VIRGEN DE FATIMA;1;1;COD_DANE_UNICO;CRUCE_OK;GEORREFERENCIADA;
513;276318000897;GUACARÍ;I.E. JOSE IGNACIO OSPINA SEDE JOSE ARBEY GARCIA;1;1;COD_DANE_UNICO;CRUCE_OK;GEORREFERENCIADA;
514;276377000078;LA CUMBRE;I.E. FRANCISCO DE PAULA SANTANDER SEDE FRANCISCO DE PAULA SANTANDER;0;1;MUNICIPIO+NOMBRE_EXACTO;CRUCE_RECUPERADO;GEORREFERENCIADA;
515;276377000264;LA CUMBRE;I.E. FRANCISCO DE PAULA SANTANDER SEDE POLICARPA SALAVARRIETA;1;1;COD_DANE_UNICO;CRUCE_OK;GEORREFERENCIADA;
516;176377000049;LA CUMBRE;I.E. SAN PIO X SEDE JOSE MARIA CORDOBA;1;1;COD_DANE_UNICO;CRUCE_OK;GEORREFERENCIADA;
517;176377000014;LA CUMBRE;I.E. SIMON BOLIVAR SEDE SIMON BOLIVAR (PRINCIPAL);1;1;COD_DANE_UNICO;CRUCE_OK;GEORREFERENCIADA;
518;176377000057;LA CUMBRE;I.E. SIMON BOLIVAR SEDE MARCO FIDEL SUAREZ;1;1;COD_DANE_UNICO;CRUCE_OK;GEORREFERENCIADA;
519;276377000124;LA CUMBRE;I.E. SIMON BOLIVAR SEDE ANTONIO NARIÑO;1;1;COD_DANE_UNICO;CRUCE_OK;GEORREFERENCIADA;
520;276377000116;LA CUMBRE;I.E. SAN PIO X SEDE CRISTOBAL COLON;1;1;COD_DANE_UNICO;CRUCE_OK;GEORREFERENCIADA;
521;276377000221;LA CUMBRE;I.E. FRANCISCO DE PAULA SANTANDER SEDE SANTA TERESITA;1;1;COD_DANE_UNICO;CRUCE_OK;GEORREFERENCIADA;
522;276377000132;LA CUMBRE;I.E. MARIA AUXILIADORA SEDE JORGE ROBLEDO;1;1;COD_DANE_UNICO;CRUCE_OK;GEORREFERENCIADA;
523;276377000094;LA CUMBRE;I.E. LA LIBERTAD SEDE LAUREANO GOMEZ;1;1;COD_DANE_UNICO;CRUCE_OK;GEORREFERENCIADA;
524;176377000251;LA CUMBRE;I.E. SAN PIO X SEDE PRINCIPAL;0;1;MUNICIPIO+NOMBRE_EXACTO;CRUCE_RECUPERADO;GEORREFERENCIADA;
525;276377000141;LA CUMBRE;I.E. FRANCISCO DE PAULA SANTANDER SEDE MANUELA BELTRAN;1;1;COD_DANE_UNICO;CRUCE_OK;GEORREFERENCIADA;
526;276377000281;LA CUMBRE;I.E. FRANCISCO DE PAULA SANTANDER SEDE EDUARDO SANTOS;1;1;COD_DANE_UNICO;CRUCE_OK;GEORREFERENCIADA;
527;276377000396;LA CUMBRE;I.E. LA LIBERTAD SEDE JOSE JOAQUIN JARAMILLO;1;1;COD_DANE_UNICO;CRUCE_OK;GEORREFERENCIADA;
528;176377000014;LA CUMBRE;I.E. SAN PIO X SEDE SIMON BOLIVAR;1;1;COD_DANE_UNICO;CRUCE_OK;GEORREFERENCIADA;
529;276377000272;LA CUMBRE;I.E. MARIA AUXILIADORA SEDE RICARDO NIETO;1;1;COD_DANE_UNICO;CRUCE_OK;GEORREFERENCIADA;
530;276377000311;LA CUMBRE;I.E. LA LIBERTAD SEDE LA LIBERTAD;1;1;COD_DANE_UNICO;CRUCE_OK;GEORREFERENCIADA;
531;276377000329;LA CUMBRE;I.E. LA LIBERTAD SEDE JOSE ANTONIO GALAN;1;1;COD_DANE_UNICO;CRUCE_OK;GEORREFERENCIADA;
532;276377000191;LA CUMBRE;I.E. MARIA AUXILIADORA SEDE ATANASIO GIRARDOT;1;1;COD_DANE_UNICO;CRUCE_OK;GEORREFERENCIADA;
533;276377000167;LA CUMBRE;I.E. LA LIBERTAD SEDE CRISTO REY;1;1;COD_DANE_UNICO;CRUCE_OK;GEORREFERENCIADA;
534;276377000248;LA CUMBRE;I.E. MARIA AUXILIADORA SEDE HELIODORO AGUADO;1;1;COD_DANE_UNICO;CRUCE_OK;GEORREFERENCIADA;
535;276377000353;LA CUMBRE;I.E. LA LIBERTAD SEDE CONCENTRACION DE DESARROLLO RURAL;1;1;COD_DANE_UNICO;CRUCE_OK;GEORREFERENCIADA;
536;276377000183;LA CUMBRE;I.E. FRANCISCO DE PAULA SANTANDER SEDE SANTA CECILIA;1;1;COD_DANE_UNICO;CRUCE_OK;GEORREFERENCIADA;
537;276377000086;LA CUMBRE;I.E. MARIA AUXILIADORA SEDE MARIA AUXILIADORA;1;1;COD_DANE_UNICO;CRUCE_OK;GEORREFERENCIADA;
538;276377000400;LA CUMBRE;I.E. FRANCISCO DE PAULA SANTANDER SEDE CAMILO TORRES;1;1;COD_DANE_UNICO;CRUCE_OK;GEORREFERENCIADA;
539;276377000035;LA CUMBRE;I.E. MARIA AUXILIADORA SEDE RAFAEL NUÑEZ;1;1;COD_DANE_UNICO;CRUCE_OK;GEORREFERENCIADA;
540;;LA UNION;I.E SAN JOSE SEDE SANTA CLARA;0;1;MUNICIPIO+NOMBRE_EXACTO;CRUCE_RECUPERADO;SIN_COORDENADAS;
541;;LA UNION;I.E QUEBRADAGRANDE BELISARIO CAICEDO;0;1;MUNICIPIO+NOMBRE_EXACTO;CRUCE_RECUPERADO;GEORREFERENCIADA;
542;276400000676;LA UNION;I.E QUEBRADAGRANDE SEDE ELIAS GIRON VINASCO;1;1;COD_DANE_UNICO;CRUCE_OK;GEORREFERENCIADA;
543;276400000668;LA UNION;I.E QUEBRADAGRANDE SEDE JOSE ANCIZAR HENAO;1;1;COD_DANE_UNICO;CRUCE_OK;GEORREFERENCIADA;
544;276400000340;LA UNION;IE JUAN DE DIOS GIRON SEDE SAN RAFAEL;1;1;COD_DANE_UNICO;CRUCE_OK;GEORREFERENCIADA;
545;276400000161;LA UNION;I.E JUAN DE DIOS GIRON SEDE SANTA TERESITA;1;1;COD_DANE_UNICO;CRUCE_OK;GEORREFERENCIADA;
546;276400000170;LA UNION;I.E JUAN DE DIOS GIRON SEDE TRINIDAD TAMAYO;1;1;COD_DANE_UNICO;CRUCE_OK;GEORREFERENCIADA;
547;276400000226;LA UNION;I.E QUEBRADA GRANDE SEDE HERMILA SALAZAR;1;1;COD_DANE_UNICO;CRUCE_OK;GEORREFERENCIADA;
548;276400000285;LA UNION;I.E QUEBRADAGRANDE  SEDE TULIO RAMIREZ;1;1;COD_DANE_UNICO;CRUCE_OK;GEORREFERENCIADA;
549;276400000218;LA UNION;I.E QUEBRADAGRANDE SEDE LUIS ALFONSO VINASCO;1;1;COD_DANE_UNICO;CRUCE_OK;GEORREFERENCIADA;
550;276400000137;LA UNION;I.E QUEBRADAGRANDE SEDE RICARDO NIETO;1;1;COD_DANE_UNICO;CRUCE_OK;GEORREFERENCIADA;
551;276400000706;LA UNION;I.E QUEBRADAGRANDE  SEDE JESUS OSIAS QUINTERO;1;1;COD_DANE_UNICO;CRUCE_OK;GEORREFERENCIADA;
552;;LA UNION;IE QUEBRADAGRANDE SEDE PRINCIPAL;0;1;MUNICIPIO+NOMBRE_EXACTO;CRUCE_RECUPERADO;SIN_COORDENADAS;
553;276400000111;LA UNION;IE  QUEBRADAGRANDE SEDE JOSE ACEVEDO GOMEZ;1;1;COD_DANE_UNICO;CRUCE_OK;GEORREFERENCIADA;
554;276400000102;LA UNION;I.E QUEBRADAGRANDE SEDE MERCEDES ABREGON;1;1;COD_DANE_UNICO;CRUCE_OK;GEORREFERENCIADA;
555;276400000129;LA UNION;I.E QUEBRADAGRANDE SEDE ANTONIO JOSE DE SUCRE;1;1;COD_DANE_UNICO;CRUCE_OK;GEORREFERENCIADA;
556;276400000081;LA UNION;I.E ARGEMIRO ESCOBAR CARDONA SEDE EDELMIRA RAMIREZ;1;1;COD_DANE_UNICO;CRUCE_OK;GEORREFERENCIADA;
557;276400000234;LA UNION;I.E ARGEMIRO ESCOBAR CARDONA SEDE SAN MARTIN DE PORRES;1;1;COD_DANE_UNICO;CRUCE_OK;GEORREFERENCIADA;
558;;LA UNION;I.E JUAN DE DIOS GIRON SEDE PRINCIPAL;0;1;MUNICIPIO+NOMBRE_EXACTO;CRUCE_RECUPERADO;GEORREFERENCIADA;
559;;LA UNION;I.E COLEGIO SAN JOSÉ SEDE PRINCIPAL;0;1;MUNICIPIO+NOMBRE_EXACTO;CRUCE_RECUPERADO;GEORREFERENCIADA;
560;176400000051;LA UNION;I.E MAGDALENA ORTEGA SEDE PERPETUO SOCORRO;1;1;COD_DANE_UNICO;CRUCE_OK;GEORREFERENCIADA;
561;;LA UNION;I.E. MAGDALENA ORTEGA SEDE PRINCIPAL;0;1;MUNICIPIO+NOMBRE_EXACTO;CRUCE_RECUPERADO;GEORREFERENCIADA;
562;276400000072;LA UNION;I.E ARGEMIRO ESCOBAR CARDONA SEDE ANTONIO NARIÑO;1;1;COD_DANE_UNICO;CRUCE_OK;GEORREFERENCIADA;
563;176400000035;LA UNION;I.E. ARGEMIRO ESCOBAR CARDONA SEDE SIMON BOLIVAR;1;1;COD_DANE_UNICO;CRUCE_OK;GEORREFERENCIADA;
564;;LA UNION;I.E ARGEMIRO ESCOBAR CARDONA SEDE PRINCIPAL;0;1;MUNICIPIO+NOMBRE_EXACTO;CRUCE_RECUPERADO;GEORREFERENCIADA;
565;176400000248;LA UNION;I.E ARGEMIRO ESCOBAR CARDONA SEDE JOSE EUSEBIO CARO;1;1;COD_DANE_UNICO;CRUCE_OK;GEORREFERENCIADA;
566;276403000162;LA VICTORIA;IE NUESTRA SEÑORA DE LA PAZ SEDE ELPIDIA LEMOS;1;1;COD_DANE_UNICO;CRUCE_OK;GEORREFERENCIADA;
567;276403000235;LA VICTORIA;I.E NUESTRA SEÑORA DE LA PAZ SEDE MIGUEL MARIA DAVILA;1;1;COD_DANE_UNICO;CRUCE_OK;GEORREFERENCIADA;
568;;LA VICTORIA;I.E NUESTRA SEÑORA DE LA PAZ SEDE NUESTRA SEÑORA DE LA PAZ;0;1;MUNICIPIO+NOMBRE_EXACTO;CRUCE_RECUPERADO;GEORREFERENCIADA;
569;276403000146;LA VICTORIA;I.E NUESTRA SEÑORA DE LA PAZ SEDE CAMILO TORRES;1;1;COD_DANE_UNICO;CRUCE_OK;GEORREFERENCIADA;
570;176403000061;LA VICTORIA;I.E MANUEL ANTONIO BONILLA SEDE MARCO FIDEL SUAREZ;1;1;COD_DANE_UNICO;CRUCE_OK;GEORREFERENCIADA;
571;176403000036;LA VICTORIA;IE MANUEL ANTONIO BONILLA SEDE MANUEL ANTONIO BONILLA;1;1;COD_DANE_UNICO;CRUCE_OK;GEORREFERENCIADA;
572;176403000079;LA VICTORIA;IE SANTA TERESITA SEDE SANTA TERESITA;1;1;COD_DANE_UNICO;CRUCE_OK;GEORREFERENCIADA;
573;;LA VICTORIA;I.E MANUEL ANTONIO BONILLA SEDE PRINCIPAL;0;1;MUNICIPIO+NOMBRE_EXACTO;CRUCE_RECUPERADO;GEORREFERENCIADA;
574;176403000052;LA VICTORIA;I.E SANTA TERESITA SEDE MANUEL J. GIL;1;1;COD_DANE_UNICO;CRUCE_OK;GEORREFERENCIADA;
575;176403000087;LA VICTORIA;I.E MANUEL ANTONIO BONILLA SEDE SAGRADO CORAZON;1;1;COD_DANE_UNICO;CRUCE_OK;GEORREFERENCIADA;
576;;LA VICTORIA;INSTITUCION EDUCATIVA SAN JOSE SEDE PRIMARIA;0;1;MUNICIPIO+NOMBRE_EXACTO;CRUCE_RECUPERADO;GEORREFERENCIADA;
577;276403000103;LA VICTORIA;IE SAN JOSE SEDE ANTONIA SANTOS;1;1;COD_DANE_UNICO;CRUCE_OK;GEORREFERENCIADA;
578;276403000022;LA VICTORIA;I.E CONCENTRACION DE DESARROLLO RURAL SEDE SAN JOSE;1;1;COD_DANE_UNICO;CRUCE_OK;GEORREFERENCIADA;
579;276403000090;LA VICTORIA;I.E SAN JOSE SEDE ANTONIO NARIÑO;1;1;COD_DANE_UNICO;CRUCE_OK;GEORREFERENCIADA;
580;276403000111;LA VICTORIA;IE SANTA TERESITA SEDE JOSE MARIA CORDOBA;1;1;COD_DANE_UNICO;CRUCE_OK;GEORREFERENCIADA;
581;276497000217;OBANDO;I.E MARIA ANALIA ORTIZ HORMANZA SEDE MERCEDDES OBREGON;1;1;COD_DANE_UNICO;CRUCE_OK;GEORREFERENCIADA;
582;276497000365;OBANDO;I.E SAN JOSE SEDE GABRIELA MISTRAL;1;1;COD_DANE_UNICO;CRUCE_OK;GEORREFERENCIADA;
583;276497000179;OBANDO;I.E SAN JOSE SEDE SAN JUAN BOSCO;1;1;COD_DANE_UNICO;CRUCE_OK;GEORREFERENCIADA;
584;276497000195;OBANDO;I.E SAN JOSE SEDE SIMON BOLIVAR;1;1;COD_DANE_UNICO;CRUCE_OK;GEORREFERENCIADA;
585;276497000349;OBANDO;I.E POLICARPA SALAVARRIETA SEDE ISIDORO PAOLI;1;1;COD_DANE_UNICO;CRUCE_OK;GEORREFERENCIADA;
586;;OBANDO;I.E POLICARPA SALAVARRIETA BACHILLER;0;1;MUNICIPIO+NOMBRE_EXACTO;CRUCE_RECUPERADO;GEORREFERENCIADA;
587;;OBANDO;I.E POLICARPA SALAVARREITA SEDE PRIMARIA;0;1;MUNICIPIO+NOMBRE_EXACTO;CRUCE_RECUPERADO;SIN_COORDENADAS;
588;276497000063;OBANDO;I.E SAN JOSE SEDE ANTONIA SANTOS;1;1;COD_DANE_UNICO;CRUCE_OK;GEORREFERENCIADA;
589;;OBANDO;I.E MARIA ANALIA ORTIZ HORMANZA BACHILLERATO;0;1;MUNICIPIO+NOMBRE_EXACTO;CRUCE_RECUPERADO;SIN_COORDENADAS;
590;;OBANDO;I.E MARIA ANALIA ORTIZ HORMANZA SEDE PRIMARIA;0;1;MUNICIPIO+NOMBRE_EXACTO;CRUCE_RECUPERADO;SIN_COORDENADAS;
591;276497000021;OBANDO;I.E MARIA ANALIA ORTIZ  HORMAZA SEDE PEDRO JOSE MURGUEITIO;1;1;COD_DANE_UNICO;CRUCE_OK;GEORREFERENCIADA;
592;276497000292;OBANDO;I.E MARIA ANALIA ORTIZ HORMAZA SEDE ALFONSO LOPEZ PUMAREJO;1;1;COD_DANE_UNICO;CRUCE_OK;GEORREFERENCIADA;
593;276497000136;OBANDO;I.E MARIA ANALIA ORTIZ SEDE JUAN DEL CORRAL;1;1;COD_DANE_UNICO;CRUCE_OK;GEORREFERENCIADA;
594;276497000209;OBANDO;I.E MARIA ANALIA ORTIZ HORMANZA SEDE JOSE ACEVEDO Y GOMEZ;1;1;COD_DANE_UNICO;CRUCE_OK;GEORREFERENCIADA;
595;;OBANDO;I.E SAN JOSE SEDE PRINCIPAL-FUNDACIÒN PRODESARROLLO COMUNITARIO;0;1;MUNICIPIO+NOMBRE_EXACTO;CRUCE_RECUPERADO;GEORREFERENCIADA;
596;176497000077;OBANDO;I.E SAN JOSE SEDE GRAN COLOMBIA;1;1;COD_DANE_UNICO;CRUCE_OK;GEORREFERENCIADA;
597;176497000018;OBANDO;I.E SAN JOSE SEDE RICARDO NIETO;1;1;COD_DANE_UNICO;CRUCE_OK;GEORREFERENCIADA;
598;;OBANDO;I.E SAN JOSE SEDE GENERAL SANTANDER;0;1;MUNICIPIO+NOMBRE_EXACTO;CRUCE_RECUPERADO;SIN_COORDENADAS;
599;176497000352;OBANDO;I.E SAN JOSE SEDE MANUELA BELTRAN;1;1;COD_DANE_UNICO;CRUCE_OK;GEORREFERENCIADA;
600;276497000055;OBANDO;I.E SAN JOSE  SEDE ARNULFO  PRADA MARTINEZ;1;1;COD_DANE_UNICO;CRUCE_OK;GEORREFERENCIADA;
601;276563000461;PRADERA;I.E. MARCO FIDEL SUAREZ SEDE ATANASIO GIRARDOT;1;1;COD_DANE_UNICO;CRUCE_OK;GEORREFERENCIADA;
602;276563000274;PRADERA;I.E. MARCO FIDEL SUAREZ SEDE JOSE CELESTINO MUTIS;1;1;COD_DANE_UNICO;CRUCE_OK;GEORREFERENCIADA;
603;276563000720;PRADERA;I.E. MERCEDES ABREGO SEDE SAN JULIAN;1;1;COD_DANE_UNICO;CRUCE_OK;GEORREFERENCIADA;
604;276563000495;PRADERA;I.E. MERCEDES ABREGO SEDE MANUEL JOSE RAMIREZ;1;1;COD_DANE_UNICO;CRUCE_OK;GEORREFERENCIADA;
605;276563000045;PRADERA;I.E. MERCEDES ABREGO SEDE PRINCIPAL;0;1;MUNICIPIO+NOMBRE_EXACTO;CRUCE_RECUPERADO;GEORREFERENCIADA;
606;276563001858;PRADERA;I.E. MERCEDES ABREGO SEDE ANTONIA SANTOS;1;1;COD_DANE_UNICO;CRUCE_OK;GEORREFERENCIADA;
607;276563000231;PRADERA;I.E. ANTONIO NARIÑO SEDE FRANCISCO ANTONIO ZEA;1;1;COD_DANE_UNICO;CRUCE_OK;GEORREFERENCIADA;
608;276563000525;PRADERA;I.E. MARCO FIDEL SUAREZ SEDE GABRIEL GARCIA MARQUEZ;1;1;COD_DANE_UNICO;CRUCE_OK;GEORREFERENCIADA;
609;276563000321;PRADERA;I.E. MERCEDES ABREGO SEDE JORGE ELIECER GAITAN;1;1;COD_DANE_UNICO;CRUCE_OK;GEORREFERENCIADA;
610;276563000291;PRADERA;I.E. MERCEDES ABREGO SEDE ALFONSO LOPEZ PUMAREJO;1;1;COD_DANE_UNICO;CRUCE_OK;GEORREFERENCIADA;
611;276563000169;PRADERA;I.E. MARCO FIDEL SUAREZ SEDE BLASS DE LESSO;1;1;COD_DANE_UNICO;CRUCE_OK;GEORREFERENCIADA;
612;276563000088;PRADERA;I.E. MERCEDES ABREGO SEDE GREGORIA RAMOS;1;1;COD_DANE_UNICO;CRUCE_OK;GEORREFERENCIADA;
613;276563000151;PRADERA;I.E. MARCO FIDEL SUAREZ SEDE SIMON BOLIVAR;1;1;COD_DANE_UNICO;CRUCE_OK;GEORREFERENCIADA;
614;276563000193;PRADERA;I.E. MARCO FIDEL SUAREZ SEDE FRANCISCO DE PAULA SANTANDER;0;1;MUNICIPIO+NOMBRE_EXACTO;CRUCE_RECUPERADO;GEORREFERENCIADA;
615;276563000223;PRADERA;I.E. MARCO FIDEL SUAREZ SEDE MARCO FIDEL SUAREZ;1;1;COD_DANE_UNICO;CRUCE_OK;GEORREFERENCIADA;
616;276563000231;PRADERA;I.E. ANTONIO NARIÑO SEDE ANTONIO NARIÑO;1;1;COD_DANE_UNICO;CRUCE_OK;GEORREFERENCIADA;
617;276563000576;PRADERA;I.E. MARCO FIDEL SUAREZ SEDE SAN ANTONIO;1;1;COD_DANE_UNICO;CRUCE_OK;GEORREFERENCIADA;
618;276563000541;PRADERA;I.E. MERCEDES ABREGO SEDE SIMBAD ARTURO BUENO;1;1;COD_DANE_UNICO;CRUCE_OK;GEORREFERENCIADA;
619;;PRADERA;CDI RONDA DE NIÑOS;0;0;SIN_COINCIDENCIA;PENDIENTE;SIN_COORDENADAS;
620;;PRADERA;JARDIN INFANTIL PEQUEÑOS GIGANTES;0;0;SIN_COINCIDENCIA;PENDIENTE;SIN_COORDENADAS;
621;;PRADERA;HOGAR COMUNITARIO FLORECITAS;0;0;SIN_COINCIDENCIA;PENDIENTE;SIN_COORDENADAS;
622;;PRADERA;CDI MAYAGUEZ SIPI;0;0;SIN_COINCIDENCIA;PENDIENTE;SIN_COORDENADAS;
623;;PRADERA;HOGAR COMUNITARIO ICBF EL ALBERGUE;0;0;SIN_COINCIDENCIA;PENDIENTE;SIN_COORDENADAS;
624;;PRADERA;HOGAR COMUNITARIO ICBF LOS TOPITOS;0;0;SIN_COINCIDENCIA;PENDIENTE;SIN_COORDENADAS;
625;;PRADERA;ALCALDIA DE PRADERA CONVENIO CON EL SENA;0;0;SIN_COINCIDENCIA;PENDIENTE;SIN_COORDENADAS;
626;;PRADERA;UNIDAD DE SERVICIO LOS PITUFOS;0;0;SIN_COINCIDENCIA;PENDIENTE;SIN_COORDENADAS;
627;;PRADERA;UNIDAD DE SERVICIO MAYAGUEZ 1;0;0;SIN_COINCIDENCIA;PENDIENTE;SIN_COORDENADAS;
628;176563000016;PRADERA;I.E. ALFREDO POSADA CORREA SEDE SAN JUAN BOSCO NO. 2;1;0;COD_DANE_UNICO;CRUCE_OK;GEORREFERENCIADA;
629;176563000377;PRADERA;I.E. FRANCISCO ANTONIO ZEA SEDE SANTISIMA TRINIDAD;1;1;COD_DANE_UNICO;CRUCE_OK;GEORREFERENCIADA;
630;;PRADERA;CENTRO DE CAPACITACIÓN OCUPACIONAL PORVENIR LTDA;0;0;SIN_COINCIDENCIA;PENDIENTE;SIN_COORDENADAS;
631;;PRADERA;INSITUTO COLOMBIANO DE SABER INTEGRAL;0;0;SIN_COINCIDENCIA;PENDIENTE;SIN_COORDENADAS;
632;276563000142;PRADERA;I.E. ALFREDO POSADA CORREA SEDE DOLORES BUENO DE TEJADA;1;1;COD_DANE_UNICO;CRUCE_OK;GEORREFERENCIADA;
633;;PRADERA;UNIDAD DE SERVICIO SENDERO DE LOS ANGELES;0;0;SIN_COINCIDENCIA;PENDIENTE;SIN_COORDENADAS;
634;;PRADERA;UNIDAD DE SERVICIO EXPLORADORES;0;0;SIN_COINCIDENCIA;PENDIENTE;SIN_COORDENADAS;
635;;PRADERA;UNIDAD DE SERVICIOS LOS PITUFOS;0;0;SIN_COINCIDENCIA;PENDIENTE;SIN_COORDENADAS;
636;;PRADERA;UNIDAD DE SERVICIO LA GRANJA;0;0;SIN_COINCIDENCIA;PENDIENTE;SIN_COORDENADAS;
637;176563000024;PRADERA;I.E. ATENEO SEDE PRINCIPAL;0;1;MUNICIPIO+NOMBRE_EXACTO;CRUCE_RECUPERADO;SIN_COORDENADAS;
638;276563000312;PRADERA;I.E. ALFREDO POSADA CORREA SEDE POLICARPA SALAVARRIETA;1;1;COD_DANE_UNICO;CRUCE_OK;GEORREFERENCIADA;
639;176563000300;PRADERA;I.E. ALFREDO POSADA CORREA SEDE SAN JUAN BOSCO;1;1;COD_DANE_UNICO;CRUCE_OK;GEORREFERENCIADA;
640;176563000032;PRADERA;I.E. ATENEO SEDE ELOY SILVA;1;1;COD_DANE_UNICO;CRUCE_OK;GEORREFERENCIADA;
641;176563000130;PRADERA;I.E. ATENEO SEDE SANTA ISABEL;1;1;COD_DANE_UNICO;CRUCE_OK;GEORREFERENCIADA;
642;176563000776;PRADERA;I.E. ALFREDO POSADA CORREA SEDE BELLO HORIZONTE;1;1;COD_DANE_UNICO;CRUCE_OK;GEORREFERENCIADA;
643;176563000822;PRADERA;I.E. ALFREDO POSADA CORREA SEDE PRINCIPAL;0;1;MUNICIPIO+NOMBRE_EXACTO;CRUCE_RECUPERADO;GEORREFERENCIADA;
644;176563000121;PRADERA;I.E. ALFREDO POSADA CORREA SEDE LEONIDAS MOSQUERA;1;1;COD_DANE_UNICO;CRUCE_OK;GEORREFERENCIADA;
645;;PRADERA;JARDIN INFANTIL SEMILLITAS;0;0;SIN_COINCIDENCIA;PENDIENTE;SIN_COORDENADAS;
646;;PRADERA;FIJANDO HUELLAS;0;0;SIN_COINCIDENCIA;PENDIENTE;SIN_COORDENADAS;
647;176563000091;PRADERA;I.E. FRANCISCO ANTONIO ZEA SEDE PRINCIPAL;1;1;COD_DANE_UNICO;CRUCE_OK;GEORREFERENCIADA;
648;376563000431;PRADERA;I.E. FRANCISCO ANTONIO ZEA SEDE LIBARDO LOZANO GUERRERO;1;1;COD_DANE_UNICO;CRUCE_OK;GEORREFERENCIADA;
649;276563000061;PRADERA;I.E. FRANCISCO ANTONIO ZEA SEDE JOSE MARIA VIVAS BALCAZAR;1;1;COD_DANE_UNICO;CRUCE_OK;GEORREFERENCIADA;
650;;PRADERA;HOGAR INFANTIL ALFREDO POSADA GARCIA;0;0;SIN_COINCIDENCIA;PENDIENTE;SIN_COORDENADAS;
651;176563000105;PRADERA;I.E. ATENEO SEDE BENJAMIN VALENCIA;1;1;COD_DANE_UNICO;CRUCE_OK;GEORREFERENCIADA;
652;176563000016;PRADERA;I.E. FRANCISCO ANTONIO ZEA SEDE ANTONIO RICAURTE;1;1;COD_DANE_UNICO;CRUCE_OK;GEORREFERENCIADA;
653;376563000538;PRADERA;I.E. ALFREDO POSADA CORREA SEDE COMUNEROS;1;1;COD_DANE_UNICO;CRUCE_OK;GEORREFERENCIADA;
654;;PRADERA;INSCUC;0;0;SIN_COINCIDENCIA;PENDIENTE;SIN_COORDENADAS;
655;276606000338;RESTREPO;I.E. JOSE ACEVEDO Y GOMEZ SEDE GUILLERMO LEON VALENCIA;1;1;COD_DANE_UNICO;CRUCE_OK;GEORREFERENCIADA;
656;276606000109;RESTREPO;I.E. JOSE FELIX RESTREPO SEDE POLICARPA SALAVARRIETA;1;1;COD_DANE_UNICO;CRUCE_OK;GEORREFERENCIADA;
657;276606000231;RESTREPO;I.E. TEODORO MUNERA HINCAPIE SEDE ANTONIO RICAURTE;1;1;COD_DANE_UNICO;CRUCE_OK;GEORREFERENCIADA;
658;476606000469;RESTREPO;I.E. JULIO FERNANDEZ MEDINA SEDE JULIO FERNANDEZ MEDINA;1;1;COD_DANE_UNICO;CRUCE_OK;GEORREFERENCIADA;
659;276606000257;RESTREPO;I.E. TEODORO MUNERA HINCAPIE SEDE SAGRADO CORAZON DE JESUS;1;1;COD_DANE_UNICO;CRUCE_OK;GEORREFERENCIADA;
660;276606000010;RESTREPO;I.E. JOSE ACEVEDO Y GOMEZ SEDE FRANCISCO JOSE DE CALDAS;1;1;COD_DANE_UNICO;CRUCE_OK;GEORREFERENCIADA;
661;276606000435;RESTREPO;I.E. TEODORO MUNERA HINCAPIE SEDE ISABEL NAGETH ARIZA;1;1;COD_DANE_UNICO;CRUCE_OK;GEORREFERENCIADA;
662;276606000541;RESTREPO;I.E. TEODORO MUNERA HINCAPIE SEDE TEODORO MUNERA HINCAPIE;1;1;COD_DANE_UNICO;CRUCE_OK;GEORREFERENCIADA;
663;276606000273;RESTREPO;I.E. JOSE ACEVEDO Y GOMEZ  SEDE ATANASIO GIRARDOT;1;1;COD_DANE_UNICO;CRUCE_OK;GEORREFERENCIADA;
664;476606060577;RESTREPO;I.E. JULIO FERNANDEZ MEDINA SEDE BUEN VIVIR;1;1;COD_DANE_UNICO;CRUCE_OK;GEORREFERENCIADA;
665;276606060561;RESTREPO;I.E. JULIO FERNANDEZ MEDINA SEDE DIVINO NIÑO;1;1;COD_DANE_UNICO;CRUCE_OK;GEORREFERENCIADA;
666;176606000198;RESTREPO;I.E. JOSE FELIX RESTREPO - SEDE LA GRAN COLOMBIA;1;1;COD_DANE_UNICO;CRUCE_OK;GEORREFERENCIADA;
667;176606000139;RESTREPO;I.E. JORGE ELIECER GAITAN SEDE NUESTRA SEÑORA DE LA CONSOLACION;1;1;COD_DANE_UNICO;CRUCE_OK;GEORREFERENCIADA;
668;;RESTREPO;I.E. JOSE FELIX RESTREPO SEDE CONCENTRACION ESCOLAR URBANA;0;1;MUNICIPIO+NOMBRE_EXACTO;CRUCE_RECUPERADO;GEORREFERENCIADA;
669;276606000664;RESTREPO;I.E. JOSE FELIX RESTREPO SEDE LA INDEPENDENCIA;1;1;COD_DANE_UNICO;CRUCE_OK;GEORREFERENCIADA;
670;276606000214;RESTREPO;I.E. JULIO FERNANDEZ MEDINA SEDE ANTONIA  SANTOS;1;1;COD_DANE_UNICO;CRUCE_OK;GEORREFERENCIADA;
671;276606000095;RESTREPO;I.E. TEODORO MUNERA HINCAPIE SEDE SIMON BOLIVAR;1;1;COD_DANE_UNICO;CRUCE_OK;GEORREFERENCIADA;
672;276606000061;RESTREPO;I.E. TEODORO MUNERA HINCAPIE SEDE SAN PEDRO CLAVER;1;1;COD_DANE_UNICO;CRUCE_OK;GEORREFERENCIADA;
673;;RESTREPO;IE JULIO FERNANDEZ MEDINA SEDE MARCO FIDEL SUAREZ  (D.P);0;1;MUNICIPIO+NOMBRE_EXACTO;CRUCE_RECUPERADO;SIN_COORDENADAS;
674;276606000303;RESTREPO;IE JULIO FERNANDEZ MEDINA SEDE ANTONIO NARIÑO;1;1;COD_DANE_UNICO;CRUCE_OK;GEORREFERENCIADA;
675;276606000265;RESTREPO;I.E JOSE ACEVEDO Y GOMEZ SEDE CRISTOBAL COLON;1;1;COD_DANE_UNICO;CRUCE_OK;GEORREFERENCIADA;
676;276606000630;RESTREPO;I.E. JOSE ACEVEDO Y GOMEZ SEDE LA ALBANIA;1;1;COD_DANE_UNICO;CRUCE_OK;GEORREFERENCIADA;
677;276606000079;RESTREPO;I.E. JULIO FERNANDEZ MEDINA SEDE JUAN XXIII;1;1;COD_DANE_UNICO;CRUCE_OK;GEORREFERENCIADA;
678;276606000494;RESTREPO;IE JULIO FERNANDEZ MEDINA SEDE 20 DE JULIO;1;1;COD_DANE_UNICO;CRUCE_OK;GEORREFERENCIADA;
679;;RESTREPO;IENEV SEDE LOS NIAZA #53;0;1;MUNICIPIO+NOMBRE_EXACTO;CRUCE_RECUPERADO;SIN_COORDENADAS;
680;276606000290;RESTREPO;I.E. JOSE ACEVEDO Y GOMEZ SEDE JOSE ACEVEDO Y GOMEZ;1;1;COD_DANE_UNICO;CRUCE_OK;GEORREFERENCIADA;
681;276616000301;RIOFRIO;CENTRO EDUCATIVO CENT DOC N. 15 MARIA INMACULADA;2;0;COD_DANE_DUPLICADO_COORDENADA_COMUN;VALIDAR_DUPLICADO;GEORREFERENCIADA;"Código DANE duplicado en SedesUESVALLE; se asignó coordenada común."
682;276616000336;RIOFRIO;ESCUELA EL SOCORRO N. 23;1;0;COD_DANE_UNICO;CRUCE_OK;GEORREFERENCIADA;
683;276616000379;RIOFRIO;CENTRO EDUCATIVO CENT DOC N. 35 SAN JOSE;1;0;COD_DANE_UNICO;CRUCE_OK;GEORREFERENCIADA;
684;276616000123;RIOFRIO;ESCUELA ANTONIA SANTOS N. 22;1;0;COD_DANE_UNICO;CRUCE_OK;GEORREFERENCIADA;
685;276616000590;RIOFRIO;INSTITUCION EDUCATIVA NEMESIO RODRIGUEZ ESCOBAR;1;0;COD_DANE_UNICO;CRUCE_OK;GEORREFERENCIADA;
686;276616000204;RIOFRIO;ESCUELA N. 4 LAS AMERICAS;1;0;COD_DANE_UNICO;CRUCE_OK;GEORREFERENCIADA;
687;276616000255;RIOFRIO;ESCUELA N. 9 CAMILO TORRES;0;0;SIN_COINCIDENCIA;PENDIENTE;SIN_COORDENADAS;
688;276616000255;RIOFRIO;ESCUELA N. 9 CAMILO TORRES PRIMARIA;0;0;SIN_COINCIDENCIA;PENDIENTE;SIN_COORDENADAS;
689;276616000476;RIOFRIO;CENTRO EDUCATIVO CENT DOC STO DOMINGO SAVIO;1;0;COD_DANE_UNICO;CRUCE_OK;GEORREFERENCIADA;
690;276616000140;RIOFRIO;ESCUELA JOSE ACEVEDO Y GOMEZ N. 19;1;0;COD_DANE_UNICO;CRUCE_OK;GEORREFERENCIADA;
691;276616000271;RIOFRIO;ESCUELA N. 12 LA CARMELITA;1;0;COD_DANE_UNICO;CRUCE_OK;GEORREFERENCIADA;
692;276616000549;RIOFRIO;ESCUELA MARIA AUXILIADORA N. 18;1;0;COD_DANE_UNICO;CRUCE_OK;GEORREFERENCIADA;
693;276616000352;RIOFRIO;ESCUELA N. 11 POLICARPA SALAVARRIETA;1;0;COD_DANE_UNICO;CRUCE_OK;GEORREFERENCIADA;
694;276616000280;RIOFRIO;CENTRO EDUCATIVO CENT DOC SANTAFE N.13;1;0;COD_DANE_UNICO;CRUCE_OK;GEORREFERENCIADA;
695;276616000115;RIOFRIO;ESCUELA SAN LUIS GONZAGA N. 24;1;0;COD_DANE_UNICO;CRUCE_OK;GEORREFERENCIADA;
696;276616000565;RIOFRIO;SAN JUAN BOSCO;1;0;COD_DANE_UNICO;CRUCE_OK;GEORREFERENCIADA;
697;276616000620;RIOFRIO;CENTRO EDUCATIVO CENT DOC LAUREANO CAICEDO TRUJILLO N. 41;1;0;COD_DANE_UNICO;CRUCE_OK;GEORREFERENCIADA;
698;276616000263;RIOFRIO;ESCUELA LA GRAN COLOMBIA N. 10;1;0;COD_DANE_UNICO;CRUCE_OK;GEORREFERENCIADA;
699;276616000310;RIOFRIO;CENTRO EDUCATIVO CENT DOC JUAN DEL CORRAL N. 16;1;0;COD_DANE_UNICO;CRUCE_OK;GEORREFERENCIADA;
700;276616000387;RIOFRIO;ESCUELA RURAL MIXTA MARCO FIDEL SUAREZ N. 32;0;0;SIN_COINCIDENCIA;PENDIENTE;SIN_COORDENADAS;
701;176616000013;RIOFRIO;COLEGIO PRIMITIVO CRESPO;0;0;SIN_COINCIDENCIA;PENDIENTE;GEORREFERENCIADA;
702;;RIOFRIO;I.E. PRIMITIVO CRESPO SEDE SAGRADO CORAZON DE JESUS;0;1;MUNICIPIO+NOMBRE_EXACTO;CRUCE_RECUPERADO;GEORREFERENCIADA;
703;176616000170;RIOFRIO;CENTRO EDUCATIVO CENT DOC N. 1 PEDRO MARIA MARMOLEJO;1;0;COD_DANE_UNICO;CRUCE_OK;GEORREFERENCIADA;
704;276616000069;RIOFRIO;CENTRO EDUCATIVO CENT DOC SAN ISIDRO N. 29;1;0;COD_DANE_UNICO;CRUCE_OK;GEORREFERENCIADA;
705;276616000581;RIOFRIO;COLEGIO HERNANDO LLORENTE;1;0;COD_DANE_UNICO;CRUCE_OK;GEORREFERENCIADA;
706;276616000654;RIOFRIO;INSTITUCION EDUCATIVA ALFREDO GARRIDO TOVAR;1;0;COD_DANE_UNICO;CRUCE_OK;GEORREFERENCIADA;
707;276616000131;RIOFRIO;CENTRO EDUCATIVO CENT DOC N. 20 ROSA ZARATE DE PEÑA;1;0;COD_DANE_UNICO;CRUCE_OK;GEORREFERENCIADA;
708;276616000212;RIOFRIO;ESCUELA N. 6 JOSE MARIA CORDOBA;1;0;COD_DANE_UNICO;CRUCE_OK;GEORREFERENCIADA;
709;276616000239;RIOFRIO;ESCUELA N. 7 MERCEDES ABREGO;0;0;SIN_COINCIDENCIA;PENDIENTE;GEORREFERENCIADA;
710;276616000468;RIOFRIO;ESCUELA SANTO TOMAS DE AQUINO N. 37;1;0;COD_DANE_UNICO;CRUCE_OK;GEORREFERENCIADA;
711;276616000450;RIOFRIO;ESCUELA JUAN XXIII N. 36;0;0;SIN_COINCIDENCIA;PENDIENTE;GEORREFERENCIADA;
712;276616000298;RIOFRIO;JOSE ANTONIO ANZOATEGUI;0;0;SIN_COINCIDENCIA;PENDIENTE;SIN_COORDENADAS;
713;276616000166;RIOFRIO;ESCUELA MANUELA BELTRAN N. 17;1;0;COD_DANE_UNICO;CRUCE_OK;GEORREFERENCIADA;
714;276616000344;RIOFRIO;ESCUELA SAN ANTONIO N. 21;1;0;COD_DANE_UNICO;CRUCE_OK;GEORREFERENCIADA;
715;276616000557;RIOFRIO;ESCUELA GABRIELA MISTRAL N. 40;0;0;SIN_COINCIDENCIA;PENDIENTE;GEORREFERENCIADA;
716;276616000247;RIOFRIO;ESCUELA N. 8 MELIDA CRUZ;1;0;COD_DANE_UNICO;CRUCE_OK;GEORREFERENCIADA;
717;276622000437;ROLDANILLO;I.E SANTA ROSALIA DE PALERMO SEDE JOSE MARIA ERAZO;1;1;COD_DANE_UNICO;CRUCE_OK;GEORREFERENCIADA;
718;;ROLDANILLO;I.E RODRIGO LLOREDA CAICEDO SEDE FRANCISCO DE PAULA SANTANDER;0;1;MUNICIPIO+NOMBRE_EXACTO;CRUCE_RECUPERADO;SIN_COORDENADAS;
719;276622000411;ROLDANILLO;I.E SANTA ROSALIA DE PALERMO SEDE JOSE JOAQUIN JARAMILLO;1;1;COD_DANE_UNICO;CRUCE_OK;GEORREFERENCIADA;
720;176622000068;ROLDANILLO;IE BELISARIO PEÑA PIÑEIRO SEDE BELISARIO PEÑA PIÑEIRO;2;1;COD_DANE_DUPLICADO+NOMBRE_EXACTO;CRUCE_OK_CONTROLADO;GEORREFERENCIADA;
721;276622000186;ROLDANILLO;I.E BELISARIO PEÑA PIÑEIRO SEDE SANTA LUCIA;1;1;COD_DANE_UNICO;CRUCE_OK;GEORREFERENCIADA;
722;276622000461;ROLDANILLO;I.E RODRIGO LLOREDA CAICEDO SEDE GABRIELA MISTRAL;1;1;COD_DANE_UNICO;CRUCE_OK;GEORREFERENCIADA;
723;276622000275;ROLDANILLO;I.E SANTA ROSALIA DE PALERMO  SEDE SIMON BOLIVAR;1;1;COD_DANE_UNICO;CRUCE_OK;GEORREFERENCIADA;
724;276622000470;ROLDANILLO;I.E SANTA ROSALIA DE PALERMO SEDE SAN JOSE;1;1;COD_DANE_UNICO;CRUCE_OK;GEORREFERENCIADA;
725;276622000453;ROLDANILLO;I.E BELISARIO PEÑA PIÑEIRO SEDE SANTA ANA;1;1;COD_DANE_UNICO;CRUCE_OK;GEORREFERENCIADA;
726;276622000232;ROLDANILLO;I.E SANTA ROSALIA DE PALERMO SEDE MARIA AUXILIADORA;1;1;COD_DANE_UNICO;CRUCE_OK;GEORREFERENCIADA;
727;276622000500;ROLDANILLO;I.E BELISARIO PEÑA PIÑEIRO SEDE GERARDO BUENO;1;1;COD_DANE_UNICO;CRUCE_OK;GEORREFERENCIADA;
728;276622000208;ROLDANILLO;I.E SANTA ROSALIA DE PALERMO SEDE ANTONIA SANTOS;1;1;COD_DANE_UNICO;CRUCE_OK;GEORREFERENCIADA;
729;276622000321;ROLDANILLO;I.E BELISARIO PEÑA PIÑEIRO SEDE SAN ISIDRO;1;1;COD_DANE_UNICO;CRUCE_OK;GEORREFERENCIADA;
730;;ROLDANILLO;I.E RODRIGO LLOREDA CAICEDO-SEDE FRANCISCO JOSE DE CALDAS;0;1;MUNICIPIO+NOMBRE_EXACTO;CRUCE_RECUPERADO;SIN_COORDENADAS;
731;;ROLDANILLO;I.E RODRIGO LLOREDA CAICEDO SEDE FRANCISCO JOSE DE CALDAS-FUNDACION PRODESARROLLO COMUNITARIO;0;1;MUNICIPIO+NOMBRE_EXACTO;CRUCE_RECUPERADO;SIN_COORDENADAS;
732;276622000372;ROLDANILLO;I.E RODRIGO LLOREDA CAICEDO SEDE TRECE DE JUNIO;1;1;COD_DANE_UNICO;CRUCE_OK;GEORREFERENCIADA;
733;276622000381;ROLDANILLO;I.E BELISARIO PEÑA PINEIRO SEDE SANTA ISABEL;1;1;COD_DANE_UNICO;CRUCE_OK;GEORREFERENCIADA;
734;276622000305;ROLDANILLO;I.E RODRIGO LLOREDA CAICEDO SEDE RODRIGO LLOREDA CAICEDO;1;1;COD_DANE_UNICO;CRUCE_OK;GEORREFERENCIADA;
735;;ROLDANILLO;I.E RODRIGO LLOREDA CAICEDO SEDE NUESTRA SEÑORA DEL CARMEN-FUNDACION PRODESARROLLO COMUNITARIO;0;1;MUNICIPIO+NOMBRE_EXACTO;CRUCE_RECUPERADO;SIN_COORDENADAS;
736;276622000364;ROLDANILLO;I.E RODRIGO LLOREDA CAICEDO SEDE GENERAL ANZOATEGUI;1;1;COD_DANE_UNICO;CRUCE_OK;GEORREFERENCIADA;
737;276622000291;ROLDANILLO;I.E BELISARIO PEÑA PIÑEIRO SEDE SANTA CECILIA;1;1;COD_DANE_UNICO;CRUCE_OK;GEORREFERENCIADA;
738;276622000348;ROLDANILLO;I.E RODRIGO LLOREDA CAICEDO SEDE ANTONIO VILLAVICENCIO;1;1;COD_DANE_UNICO;CRUCE_OK;GEORREFERENCIADA;
739;176622000866;ROLDANILLO;I.E. NORMAL SUPERIOR JORGE ISAAC SEDE LIBARDO MADRID VALDERRAMA;1;1;COD_DANE_UNICO;CRUCE_OK;GEORREFERENCIADA;
740;176622000017;ROLDANILLO;I.E. BELISARIO PEÑA PIÑEIRO SEDE SAN SEBASTIAN;1;1;COD_DANE_UNICO;CRUCE_OK;GEORREFERENCIADA;
741;176622000998;ROLDANILLO;I.E. BELISARIO PEÑA PIÑEIRO SEDE EUSTAQUIO PALACIOS;1;1;COD_DANE_UNICO;CRUCE_OK;GEORREFERENCIADA;
742;;ROLDANILLO;I.E. BELISARIO PEÑA PIÑEIRO SEDE PRINCIPAL;0;1;MUNICIPIO+NOMBRE_EXACTO;CRUCE_RECUPERADO;SIN_COORDENADAS;
743;276622000534;ROLDANILLO;I.E NUESTRA SEÑORA DE CHIQUINQUIRA SEDE TOMAS IGNACIO ESQUIVEL;1;1;COD_DANE_UNICO;CRUCE_OK;GEORREFERENCIADA;
744;176622000149;ROLDANILLO;I.E NUESTRA SEÑORA DE CHIQUINQUIRA SEDE JHON F. KENEDY;1;1;COD_DANE_UNICO;CRUCE_OK;GEORREFERENCIADA;
745;276622000160;ROLDANILLO;I.E SANTA ROSALIA DE PALERMO SEDE JOSEFITA PEÑA;1;1;COD_DANE_UNICO;CRUCE_OK;GEORREFERENCIADA;
746;276622000178;ROLDANILLO;I.E SANTA ROSALIA DE PALERMO SEDE JOSE ACEVEDO Y GOMEZ;1;1;COD_DANE_UNICO;CRUCE_OK;GEORREFERENCIADA;
747;176622000068;ROLDANILLO;I.E SANTA ROSALIA DE PALERMO SEDE BELISARIO PEÑA PIÑEIRO;2;1;COD_DANE_DUPLICADO+NOMBRE_EXACTO;CRUCE_OK_CONTROLADO;GEORREFERENCIADA;
748;276622000313;ROLDANILLO;I.E SANTA ROSALIA DE PALERMO SEDE MARCO FIDEL SUAREZ;1;1;COD_DANE_UNICO;CRUCE_OK;GEORREFERENCIADA;
749;;ROLDANILLO;I.E SANTA ROSALIA DE PALERMO SEDE ATANASIO GIRARDOT-FUNDACION PRODESARROLLO COMUNITARIO;0;1;MUNICIPIO+NOMBRE_EXACTO;CRUCE_RECUPERADO;GEORREFERENCIADA;
750;276622000577;ROLDANILLO;I.E SANTA ROSALIA DE PALERMO SEDE BELISARIO PEÑA PIÑEIRO SATELITE;1;1;COD_DANE_UNICO;CRUCE_OK;GEORREFERENCIADA;
751;276622000283;ROLDANILLO;IE RORIGO LLOREDA CAICEDO SEDE MIGUEL ANTONIO CARO;1;1;COD_DANE_UNICO;CRUCE_OK;GEORREFERENCIADA;
752;;ROLDANILLO;I.E NORMAL SUPERIOR JORGE ISAAC SEDE PRINCIPAL;0;1;MUNICIPIO+NOMBRE_EXACTO;CRUCE_RECUPERADO;SIN_COORDENADAS;
753;;ROLDANILLO;I.E. SEÑORA DE CHIQUINQUIRA SEDE PRINCIPAL - ACCION POR COLOMBIA;0;1;MUNICIPIO+NOMBRE_EXACTO;CRUCE_RECUPERADO;SIN_COORDENADAS;
754;176622000882;ROLDANILLO;I.E. BELISARIO PEÑA PIÑEIRO SEDE DIVINO NIÑO;1;1;COD_DANE_UNICO;CRUCE_OK;GEORREFERENCIADA;
755;;ROLDANILLO;INSTITUCION EDUCATIVA NORMAL SUPERIOR JORGE ISAACS SEDE CARLOS VILLAFANE - ACCION POR COLOMBIA;0;1;MUNICIPIO+NOMBRE_EXACTO;CRUCE_RECUPERADO;SIN_COORDENADAS;
756;276622000241;ROLDANILLO;I.E SANTA ROSALIA DE PALERMO SEDE SANTA RITA;1;1;COD_DANE_UNICO;CRUCE_OK;GEORREFERENCIADA;
757;276622000216;ROLDANILLO;I.E SANTA ROSALIA DE PALERMO SEDE SANTA ROSA DE LIMA;1;1;COD_DANE_UNICO;CRUCE_OK;GEORREFERENCIADA;
758;276622000224;ROLDANILLO;I.E SANTA ROSALIA DE PALERMO SEDE HELIODORO PEÑA;1;1;COD_DANE_UNICO;CRUCE_OK;GEORREFERENCIADA;
759;276670000082;SAN PEDRO;I.E. JOSE ANTONIO AGUILERA SEDE ALEJANDRO HENAO;1;1;COD_DANE_UNICO;CRUCE_OK;GEORREFERENCIADA;
760;276670000066;SAN PEDRO;I.E. JOSE ANTONIO AGUILERA SEDE CAMILO TORRES;1;1;COD_DANE_UNICO;CRUCE_OK;GEORREFERENCIADA;
761;276670000406;SAN PEDRO;I.E. MIGUEL ANTONIO CARO SEDE ANDRES BELLO (D.P);1;1;COD_DANE_UNICO;CRUCE_OK;GEORREFERENCIADA;
762;276670000171;SAN PEDRO;I.E. JOSE ANTONIO AGUILERA.  SEDE RAFAEL ALBERTO MARMOLEJO;1;1;COD_DANE_UNICO;CRUCE_OK;GEORREFERENCIADA;
763;276670000384;SAN PEDRO;I.E JOSE ANTONIO AGUILERA SEDE NIÑO JESUS DE PRAGA;1;1;COD_DANE_UNICO;CRUCE_OK;GEORREFERENCIADA;
764;276670000449;SAN PEDRO;I.E JULIO CAICEDO TELLEZ SEDE SIMON BOLIVAR;1;1;COD_DANE_UNICO;CRUCE_OK;GEORREFERENCIADA;
765;276670000279;SAN PEDRO;I.E. JULIO CAICEDO TELLEZ SEDE ANTONIO NARIÑO;1;1;COD_DANE_UNICO;CRUCE_OK;GEORREFERENCIADA;
766;276670000180;SAN PEDRO;I.E. MIGUEL ANTONIO CARO SEDE GABRIELA MISTRAL;1;1;COD_DANE_UNICO;CRUCE_OK;GEORREFERENCIADA;
767;176670000070;SAN PEDRO;I.E. JOSE ANTONIO AGUILERA - SEDE RAFAEL URIBE URIBE;1;1;COD_DANE_UNICO;CRUCE_OK;GEORREFERENCIADA;
768;176670000258;SAN PEDRO;I.E. JOSE ANTONIO AGUILERA - SEDE LEONARDO TASCON;1;1;COD_DANE_UNICO;CRUCE_OK;GEORREFERENCIADA;
769;276670000121;SAN PEDRO;I.E. JOSE ANTONIO AGUILERA SEDE SAN JUDAS TADEO;1;1;COD_DANE_UNICO;CRUCE_OK;GEORREFERENCIADA;
770;176670000240;SAN PEDRO;I.E. JOSE ANTONIO AGUILERA SEDE JOSE ANTONIO AGUILERA;1;1;COD_DANE_UNICO;CRUCE_OK;GEORREFERENCIADA;
771;276670000457;SAN PEDRO;I.E. MIGUEL ANTONIO CARO SEDE FRANCISCO JOSE DE CALDAS;1;1;COD_DANE_UNICO;CRUCE_OK;GEORREFERENCIADA;
772;276670000228;SAN PEDRO;I.E. JOSE ANTONIO AGUILERA SEDE CRISTO REY;1;1;COD_DANE_UNICO;CRUCE_OK;GEORREFERENCIADA;
773;;SAN PEDRO;I.E. MIGUEL ANTONIO CARO SEDE MIGUEL ANTONIO CARO PRINCIPAL;0;1;MUNICIPIO+NOMBRE_EXACTO;CRUCE_RECUPERADO;SIN_COORDENADAS;
774;276670000198;SAN PEDRO;I.E. MIGUEL ANTONIO CARO SEDE GENERAL SANTANDER;1;1;COD_DANE_UNICO;CRUCE_OK;GEORREFERENCIADA;
775;276670000180;SAN PEDRO;I.E. MIGUEL ANTONIO CARO SEDE GABRIELA MISTRAL;1;1;COD_DANE_UNICO;CRUCE_OK;GEORREFERENCIADA;
776;176670000070;SAN PEDRO;I.E. JOSE ANTONIO AGUILERA - SEDE RAFAEL URIBE URIBE;1;1;COD_DANE_UNICO;CRUCE_OK;GEORREFERENCIADA;
777;276670000287;SAN PEDRO;I.E. JULIO CAICEDO TELLEZ SEDE JORGE ELIECER GAITAN;1;1;COD_DANE_UNICO;CRUCE_OK;GEORREFERENCIADA;
778;276670000031;SAN PEDRO;I.E. JULIO CAICEDO TELLEZ SEDE VICENTE H CRUZ;1;1;COD_DANE_UNICO;CRUCE_OK;GEORREFERENCIADA;
779;276670000155;SAN PEDRO;I.E JULIO CAICEDO TELLEZ SEDE ANTONIA SANTOS;1;1;COD_DANE_UNICO;CRUCE_OK;GEORREFERENCIADA;
780;276670000481;SAN PEDRO;I.E JULIO CAICEDO TELLEZ SEDE MANUELA BELTRAN;1;1;COD_DANE_UNICO;CRUCE_OK;GEORREFERENCIADA;
781;276670000091;SAN PEDRO;I.E. JULIO CAICEDO TELLEZ.  SEDE  FRANCISCO ANTONIO ZEA;1;1;COD_DANE_UNICO;CRUCE_OK;GEORREFERENCIADA;
782;276670000104;SAN PEDRO;I.E JAIRO CAICEDO TELLEZ SEDE DEMETRIO GARCIA VELASQUEZ;1;1;COD_DANE_UNICO;CRUCE_OK;GEORREFERENCIADA;
783;;SAN PEDRO;I. E JULIO CAICEDO TELLEZ PRINCIPAL;0;1;MUNICIPIO+NOMBRE_EXACTO;CRUCE_RECUPERADO;GEORREFERENCIADA;
784;276736000763;SEVILLA;I.E. SANTA BARBARA SEDE NUESTRA SEÑORA DE FATIMA;1;1;COD_DANE_UNICO;CRUCE_OK;GEORREFERENCIADA;
785;276736000402;SEVILLA;I.E. SANTA TERESITA SEDE RODRIGO DE BASTIDAS;1;1;COD_DANE_UNICO;CRUCE_OK;GEORREFERENCIADA;
786;176736000084;SEVILLA;I.E JORGE ELIECER GAITAN SEDE TOTORO;2;1;COD_DANE_DUPLICADO+NOMBRE_EXACTO;CRUCE_OK_CONTROLADO;GEORREFERENCIADA;
787;276736000178;SEVILLA;I.E SANTA TERESITA SEDE SANTA TERESITA;1;1;COD_DANE_UNICO;CRUCE_OK;GEORREFERENCIADA;
788;276736000500;SEVILLA;I.E. HERACLIO URIBE URIBE SEDE JOAQUIN CAICEDO (D.I);1;1;COD_DANE_UNICO;CRUCE_OK;GEORREFERENCIADA;
789;276736001310;SEVILLA;I.E. HERACLIO URIBE URIBE SEDE FRAY BARTOLOME DE LAS CASAS;1;1;COD_DANE_UNICO;CRUCE_OK;GEORREFERENCIADA;
790;276736001026;SEVILLA;I.E. HERACLIO URIBE URIBE SEDE EL RECREO;1;1;COD_DANE_UNICO;CRUCE_OK;GEORREFERENCIADA;
791;276736000224;SEVILLA;I.E. JORGE ELIECER GAITAN SEDE ANTONIO RICAURTE;1;1;COD_DANE_UNICO;CRUCE_OK;GEORREFERENCIADA;
792;276736000348;SEVILLA;I.E. HERACLIO URIBE URIBE SEDE LA MARIA;1;1;COD_DANE_UNICO;CRUCE_OK;GEORREFERENCIADA;
793;276736000330;SEVILLA;I.E. HERACLIO URIBE URIBE SEDE NUESTRA SEÑORA DEL PERPETUO SOCORRO;1;1;COD_DANE_UNICO;CRUCE_OK;GEORREFERENCIADA;
794;276736000160;SEVILLA;I.E. HERACLIO URIBE URIBE SEDE SANTA INES;1;1;COD_DANE_UNICO;CRUCE_OK;GEORREFERENCIADA;
795;276736000810;SEVILLA;I.E. BENJAMIN HERRERA SEDE BENJAMIN HERRERA;1;1;COD_DANE_UNICO;CRUCE_OK;GEORREFERENCIADA;
796;;SEVILLA;I.E. BENJAMIN HERRERA SEDE GENERAL SANTANDER SATELITE MEDIO SAN MARCOS;0;1;MUNICIPIO+NOMBRE_EXACTO;CRUCE_RECUPERADO;SIN_COORDENADAS;
797;276736001212;SEVILLA;I.E. BENJAMIN HERRERA SEDE JOSE MARIA CORDOBA;1;1;COD_DANE_UNICO;CRUCE_OK;GEORREFERENCIADA;
798;276736000283;SEVILLA;I.E. SANTA BARBARA SEDE SANTA BARBARA;1;1;COD_DANE_UNICO;CRUCE_OK;GEORREFERENCIADA;
799;;SEVILLA;I.E. SANTA BARBARA SEDE GENERAL SANTANDER QUEBRADA NUEVA;0;1;MUNICIPIO+NOMBRE_EXACTO;CRUCE_RECUPERADO;SIN_COORDENADAS;
800;276736001328;SEVILLA;I.E. SANTA BARBARA SEDE BUENOS AIRES;1;1;COD_DANE_UNICO;CRUCE_OK;GEORREFERENCIADA;
801;276736000151;SEVILLA;I.E. JORGE ELIECER GAITAN SEDE SANTA ANA;1;1;COD_DANE_UNICO;CRUCE_OK;GEORREFERENCIADA;
802;276736000577;SEVILLA;I.E. SANTA TERESITA SEDE LA CABAÑA;1;1;COD_DANE_UNICO;CRUCE_OK;GEORREFERENCIADA;
803;;SEVILLA;I.E JORGE ELIECER GAITAN SEDE SANTA MATILDE;0;1;MUNICIPIO+NOMBRE_EXACTO;CRUCE_RECUPERADO;SIN_COORDENADAS;
804;176736000131;SEVILLA;I.E. HERACLIO URIBE URIBE SEDE HERACLIO URIBE URIBE;2;1;COD_DANE_DUPLICADO+NOMBRE_EXACTO;CRUCE_OK_CONTROLADO;GEORREFERENCIADA;
805;276736000488;SEVILLA;I.E. JORGE ELIECER GAITAN SEDE JORGE ELIECER GAITAN;1;1;COD_DANE_UNICO;CRUCE_OK;GEORREFERENCIADA;
806;276736000411;SEVILLA;IE JORGE ELIECER GAITAN SEDE SANTA CATALINA (D.I);1;1;COD_DANE_UNICO;CRUCE_OK;GEORREFERENCIADA;
807;;SEVILLA;I.E SANTA TERESITA SEDE GENERAL SANTANDER SATELITA SAN ANTONIO;0;1;MUNICIPIO+NOMBRE_EXACTO;CRUCE_RECUPERADO;SIN_COORDENADAS;
808;276736000313;SEVILLA;I.E SANTA TERESITA SEDE COLOMBIA;1;1;COD_DANE_UNICO;CRUCE_OK;GEORREFERENCIADA;
809;276736001425;SEVILLA;I.E. SANTA TERESITA SEDE GENERAL SANTANDER;2;1;COD_DANE_DUPLICADO+NOMBRE_EXACTO;CRUCE_OK_CONTROLADO;GEORREFERENCIADA;
810;276736000305;SEVILLA;IE SANTA TERESITA SEDE MERCEDES ABREGO;1;1;COD_DANE_UNICO;CRUCE_OK;GEORREFERENCIADA;
811;;SEVILLA;I.E. MARIA AUXILIADORA SEDE MIRADOR;0;1;MUNICIPIO+NOMBRE_EXACTO;CRUCE_RECUPERADO;GEORREFERENCIADA;
812;276736000321;SEVILLA;I.E MARIA AUXILIADORA SEDE MARIA AUXILIADORA;1;1;COD_DANE_UNICO;CRUCE_OK;GEORREFERENCIADA;
813;276736000381;SEVILLA;I.E. BENJAMIN HERRERA SEDE SANTA LUCIA;1;1;COD_DANE_UNICO;CRUCE_OK;GEORREFERENCIADA;
814;276736001522;SEVILLA;IE HERACLIO URIBE URIBE SEDE ARTURO PIEDRAHITA (D.I);1;1;COD_DANE_UNICO;CRUCE_OK;GEORREFERENCIADA;
815;276736000623;SEVILLA;I.E MARIA AUXILIADORA SEDE SIMON BOLIVAR;1;1;COD_DANE_UNICO;CRUCE_OK;GEORREFERENCIADA;
816;276736000674;SEVILLA;I.E MARIA AUXILIADORA SEDE JOSE MARIA CARBONEL;1;1;COD_DANE_UNICO;CRUCE_OK;GEORREFERENCIADA;
817;276736000208;SEVILLA;I.E. SANTA TERESITA SEDE JOSE ANTONIO GALAN;1;1;COD_DANE_UNICO;CRUCE_OK;GEORREFERENCIADA;
818;276736000437;SEVILLA;IE SANTA TERESITA SEDE LA MAGDALENA;1;1;COD_DANE_UNICO;CRUCE_OK;GEORREFERENCIADA;
819;276736000453;SEVILLA;I.E. SANTA TERESITA SEDE SANTA MONICA;1;1;COD_DANE_UNICO;CRUCE_OK;GEORREFERENCIADA;
820;276736000445;SEVILLA;I.E. SANTA TERESITA SEDE LA BETULIA;1;1;COD_DANE_UNICO;CRUCE_OK;GEORREFERENCIADA;
821;276736000275;SEVILLA;I.E SANTA TERESITA SEDE LA TRINIDA;1;1;COD_DANE_UNICO;CRUCE_OK;GEORREFERENCIADA;
822;276823000231;TORO;I.E TECNICO AGROPECUARIO TORO SEDE CAICEDO Y CUERVO;1;1;COD_DANE_UNICO;CRUCE_OK;GEORREFERENCIADA;
823;276823000265;TORO;I.E TECNICA AGROPECUARIA TORO SEDE JUAN XXIII;1;1;COD_DANE_UNICO;CRUCE_OK;GEORREFERENCIADA;
824;276823000249;TORO;I.E TECNICA AGROPECUARIA SEDE JOSE MARIA CORDOBA;1;1;COD_DANE_UNICO;CRUCE_OK;GEORREFERENCIADA;
825;276823000494;TORO;I.E TECNICA AGROPECUARIA SEDE MARIANO OSPINA PEREZ;1;1;COD_DANE_UNICO;CRUCE_OK;GEORREFERENCIADA;
826;276823000125;TORO;I.E TECNICO AGROPECUARIO TORO SEDE CRISTOBAL COLON;1;1;COD_DANE_UNICO;CRUCE_OK;GEORREFERENCIADA;
827;276823000184;TORO;I.E TECNICA AGROPECUARIA TORO SEDE CAMILO TORRES;1;1;COD_DANE_UNICO;CRUCE_OK;GEORREFERENCIADA;
828;276823000222;TORO;I.E TECNICA AGROPECUARIA TORO SEDE GUILLERMO LEON VALENCIA;1;1;COD_DANE_UNICO;CRUCE_OK;GEORREFERENCIADA;
829;276823000214;TORO;I.E TECNICO AGRICOLA TORO SEDE SALVADOR RODAS;1;1;COD_DANE_UNICO;CRUCE_OK;GEORREFERENCIADA;
830;276823000257;TORO;I.E TECNICA AGROPECUARIA TORO SEDE SIMON BOLIVAR;1;1;COD_DANE_UNICO;CRUCE_OK;GEORREFERENCIADA;
831;276823000354;TORO;I.E TECNICA AGRICOLA TORO SEDE JOSE EUSEBIO CARO;1;1;COD_DANE_UNICO;CRUCE_OK;GEORREFERENCIADA;
832;;TORO;I.E TECNICA AGROPECUARIA NUESTRA SEÑORA DE FATIMA (PRIMARIA);0;1;MUNICIPIO+NOMBRE_EXACTO;CRUCE_RECUPERADO;GEORREFERENCIADA;
833;276823000061;TORO;IE AGROPECUARIA SEDE NUESTRA SEÑORA DE FATIMA;1;1;COD_DANE_UNICO;CRUCE_OK;GEORREFERENCIADA;
834;;TORO;I.E NUESTRA SEÑORA DE LA CONSOLACIÓN SAN JUAN BOSCO;0;1;MUNICIPIO+NOMBRE_EXACTO;CRUCE_RECUPERADO;GEORREFERENCIADA;
835;;TORO;I.E NUESTRA SEÑORA DE LA CONSOLACIÓN;0;1;MUNICIPIO+NOMBRE_EXACTO;CRUCE_RECUPERADO;GEORREFERENCIADA;
836;176823000031;TORO;I.E LA CONSOLACIÓN SEDE LA INMACULADA;1;1;COD_DANE_UNICO;CRUCE_OK;GEORREFERENCIADA;
837;176823000562;TORO;I.E FRAY JOAQUIN ESCOBAR SEDE FELIPE RIVERA;1;1;COD_DANE_UNICO;CRUCE_OK;GEORREFERENCIADA;
838;176823000023;TORO;I.E FRAY JOAQUIN ESCOBAR SEDE LA GRAN COLOMBIA;1;1;COD_DANE_UNICO;CRUCE_OK;GEORREFERENCIADA;
839;;TORO;I.E TECNICA AGROPECUARIA INSTITUTO AGRICOLA;0;1;MUNICIPIO+NOMBRE_EXACTO;CRUCE_RECUPERADO;GEORREFERENCIADA;
840;276823000290;TORO;I.E NUESTRA SEÑORA DE LA CONSOLACIÓN SEDE BOYACA;1;1;COD_DANE_UNICO;CRUCE_OK;GEORREFERENCIADA;
841;;TORO;I.E FRAY JOSE JOAQUIN ESCOBAR;0;1;MUNICIPIO+NOMBRE_EXACTO;CRUCE_RECUPERADO;GEORREFERENCIADA;
842;176823000074;TORO;I.E FRAY JOAQUIN ESCOBAR SEDE ELOY HERNANDEZ;1;1;COD_DANE_UNICO;CRUCE_OK;GEORREFERENCIADA;
843;276823000508;TORO;I.E AGROPECUARIA TORO SEDE CARLOTA RENGIFO;1;1;COD_DANE_UNICO;CRUCE_OK;GEORREFERENCIADA;
844;276828000441;TRUJILLO;CONCENTRACION MANUEL MARIA MALLARINO FECOOP;1;0;COD_DANE_UNICO;CRUCE_OK;GEORREFERENCIADA;
845;276828000298;TRUJILLO;ESCUELA N. 32 MARCO FIDEL SUAREZ;1;0;COD_DANE_UNICO;CRUCE_OK;GEORREFERENCIADA;
846;276828000565;TRUJILLO;COLEGIO JORGE ROBLEDO;1;0;COD_DANE_UNICO;CRUCE_OK;GEORREFERENCIADA;
847;276828000140;TRUJILLO;ESCUELA GRAL SANTANDER N. 12;1;0;COD_DANE_UNICO;CRUCE_OK;GEORREFERENCIADA;
848;276828000123;TRUJILLO;INSTITUCION EDUCATIVA CRISTOBAL COLON;0;0;SIN_COINCIDENCIA;PENDIENTE;GEORREFERENCIADA;
849;276828000123;TRUJILLO;INSTITUCION EDUCATIVA CRISTOBAL COLON (PRIMARIA);0;0;SIN_COINCIDENCIA;PENDIENTE;GEORREFERENCIADA;
850;276828000310;TRUJILLO;ESCUELA JOSE MARCOS VARGAS N. 33;0;0;SIN_COINCIDENCIA;PENDIENTE;GEORREFERENCIADA;
851;276828000115;TRUJILLO;ESCUELA ANTONIO JOSE DE SUCRE N. 8;1;0;COD_DANE_UNICO;CRUCE_OK;GEORREFERENCIADA;
852;276828000760;TRUJILLO;COLEGIO JULIAN TRUJILLO SAT;0;0;SIN_COINCIDENCIA;PENDIENTE;GEORREFERENCIADA;
853;276828000239;TRUJILLO;CENTRO EDUCATIVO CENT DOC N. 23 SIMON BOLIVAR;1;0;COD_DANE_UNICO;CRUCE_OK;GEORREFERENCIADA;
854;276828000778;TRUJILLO;ESCUELA FEDICIO NAVARRETE N. 11;1;0;COD_DANE_UNICO;CRUCE_OK;GEORREFERENCIADA;
855;;TRUJILLO;I.E. MANUEL MARIA MALLARINO SEDE SAN BERNARDO;0;1;MUNICIPIO+NOMBRE_EXACTO;CRUCE_RECUPERADO;GEORREFERENCIADA;
856;276828000093;TRUJILLO;ESCUELA PANTALEON DE LA TORRE N. 6;1;0;COD_DANE_UNICO;CRUCE_OK;GEORREFERENCIADA;
857;276828000158;TRUJILLO;CENTRO EDUCATIVO CENT DOC CAMILO TORRES N. 14;1;0;COD_DANE_UNICO;CRUCE_OK;GEORREFERENCIADA;
858;276828001146;TRUJILLO;ESCUELA RUR CRISTO REY;1;0;COD_DANE_UNICO;CRUCE_OK;GEORREFERENCIADA;
859;276828000379;TRUJILLO;ESCUELA EDELMIRA OCAMPO N. 41;1;0;COD_DANE_UNICO;CRUCE_OK;GEORREFERENCIADA;
860;276828000395;TRUJILLO;CENTRO EDUCATIVO CENT DOC N. 42 LEOCADIO SALAZAR;1;0;COD_DANE_UNICO;CRUCE_OK;GEORREFERENCIADA;
861;276828000174;TRUJILLO;INSTITUCION SAN ISIDRO N. 17;1;0;COD_DANE_UNICO;CRUCE_OK;GEORREFERENCIADA;
862;276828000468;TRUJILLO;ESCUELA N. 39 JUAN XXIII;1;0;COD_DANE_UNICO;CRUCE_OK;GEORREFERENCIADA;
863;176828000056;TRUJILLO;ESCUELA MERCEDES ABREGO N. 6;1;0;COD_DANE_UNICO;CRUCE_OK;GEORREFERENCIADA;
864;176828000048;TRUJILLO;CENTRO EDUCATIVO CENT DOC FRANCISCO JULIAN OLAYA N. 1;2;0;COD_DANE_DUPLICADO_COORDENADA_COMUN;VALIDAR_DUPLICADO;GEORREFERENCIADA;"Código DANE duplicado en SedesUESVALLE; se asignó coordenada común."
865;176828000064;TRUJILLO;CENTRO EDUCATIVO CENT DOC SAGRADO CORAZON DE JESUS N. 3;0;0;SIN_COINCIDENCIA;PENDIENTE;GEORREFERENCIADA;
866;176828000021;TRUJILLO;COLEGIO JULIAN TRUJILLO;2;0;COD_DANE_DUPLICADO_COORDENADA_COMUN;VALIDAR_DUPLICADO;GEORREFERENCIADA;"Código DANE duplicado en SedesUESVALLE; se asignó coordenada común."
867;176828000064;TRUJILLO;I. E.  INTEGRADA DE TRUJILLO - SEDE JULIAN TRUJILLO;0;0;SIN_COINCIDENCIA;PENDIENTE;GEORREFERENCIADA;
868;176828000081;TRUJILLO;ESCUELA ELIAS ENRIQUE QUIJANA N. 4;0;0;SIN_COINCIDENCIA;PENDIENTE;SIN_COORDENADAS;
869;276828000247;TRUJILLO;ESCUELA BELISARIO PEÑA N. 25;1;0;COD_DANE_UNICO;CRUCE_OK;GEORREFERENCIADA;
870;276828000344;TRUJILLO;ESCUELA MARIA PEREGRINA GARCIA N. 37;1;0;COD_DANE_UNICO;CRUCE_OK;GEORREFERENCIADA;
871;276828000905;TRUJILLO;ESCUELA N. 48 STA LUCIA;1;0;COD_DANE_UNICO;CRUCE_OK;GEORREFERENCIADA;
872;276828000336;TRUJILLO;CENTRO EDUCATIVO CENT DOC N. 35 ANTONIA SANTOS;1;0;COD_DANE_UNICO;CRUCE_OK;GEORREFERENCIADA;
873;276828000255;TRUJILLO;ESCUELA 27 ADRIANO MORENO;1;0;COD_DANE_UNICO;CRUCE_OK;GEORREFERENCIADA;
874;276828000794;TRUJILLO;ESCUELA ARAUCA N. 46;0;0;SIN_COINCIDENCIA;PENDIENTE;GEORREFERENCIADA;
875;276828000221;TRUJILLO;ESCUELA CARLOS E RESTREPO N. 22;0;0;SIN_COINCIDENCIA;PENDIENTE;SIN_COORDENADAS;
876;276828001006;TRUJILLO;CENTRO EDUCATIVO CENT DOC N. 53 SANTIAGO LOPEZ;1;0;COD_DANE_UNICO;CRUCE_OK;GEORREFERENCIADA;
877;276828000352;TRUJILLO;ESCUELA N. 37 ELOY HERNANDEZ;0;0;SIN_COINCIDENCIA;PENDIENTE;GEORREFERENCIADA;
878;276828000531;TRUJILLO;ESCUELA LA ESTRELLA DE ALTAMIRA N. 31;1;0;COD_DANE_UNICO;CRUCE_OK;GEORREFERENCIADA;
879;276845000021;ULLOA;I.E MARIA INMACULADA SEDE ESTHER ZORRILLA;1;1;COD_DANE_UNICO;CRUCE_OK;GEORREFERENCIADA;
880;276845000102;ULLOA;I.E MARÍA INMACULADA SEDE MARIA INMACULADA;1;1;COD_DANE_UNICO;CRUCE_OK;GEORREFERENCIADA;
881;276845000196;ULLOA;I.E MARIA INMACULADA SEDE LASTENIA DURAN;1;1;COD_DANE_UNICO;CRUCE_OK;GEORREFERENCIADA;
882;276845000111;ULLOA;I.E MARIA INMACULADA SEDE ALFONSO LOPEZ PUMAREJO;1;1;COD_DANE_UNICO;CRUCE_OK;GEORREFERENCIADA;
883;276845000188;ULLOA;I.E MARIA INMACULADA SEDE SANTA TERESITA;1;1;COD_DANE_UNICO;CRUCE_OK;GEORREFERENCIADA;
884;276845000048;ULLOA;I.E MARIA INMACULADA SEDE SANTA ELENA;1;1;COD_DANE_UNICO;CRUCE_OK;GEORREFERENCIADA;
885;276845000170;ULLOA;I.E LA INMACULADA SEDE SANTA TERESA;1;1;COD_DANE_UNICO;CRUCE_OK;GEORREFERENCIADA;
886;276845000099;ULLOA;I.E MARIA INMACULADA SEDE LA SAGRADA FAMILIA;1;1;COD_DANE_UNICO;CRUCE_OK;GEORREFERENCIADA;
887;276845000129;ULLOA;I.E MARIA INMACULADA SEDE DOCE DE OCTUBRE;1;1;COD_DANE_UNICO;CRUCE_OK;GEORREFERENCIADA;
888;276845000056;ULLOA;I.E MARIA INMACULADA SEDE POLICARPA SALAVARRIETA;1;1;COD_DANE_UNICO;CRUCE_OK;GEORREFERENCIADA;
889;;ULLOA;I.E LEOCADIO SALAZAR SEDE PRINCIPAL;0;1;MUNICIPIO+NOMBRE_EXACTO;CRUCE_RECUPERADO;GEORREFERENCIADA;
890;176845000060;ULLOA;I.E LEOCADIO SALAZAR SEDE ANTONIO JOSÉ DE SUCRE;1;1;COD_DANE_UNICO;CRUCE_OK;GEORREFERENCIADA;
891;176845000132;ULLOA;I.E LEOCADIO SALAZAR SEDE SANTA CECILIA;1;1;COD_DANE_UNICO;CRUCE_OK;GEORREFERENCIADA;
892;276845000072;ULLOA;I.E MARIA INMACULADA SEDE ONCE DE NOVIEMBRE;1;1;COD_DANE_UNICO;CRUCE_OK;GEORREFERENCIADA;
893;276863000071;VERSALLES;I.E LA INMACULADA SEDE SAN JUAN BAUTISTA DE LA SALLE;1;1;COD_DANE_UNICO;CRUCE_OK;GEORREFERENCIADA;
894;276863000110;VERSALLES;INSTITUCION EDUCATIVA LA INMACULADA SEDE MARCO FIDEL SUAREZ;1;1;COD_DANE_UNICO;CRUCE_OK;GEORREFERENCIADA;
895;176863000352;VERSALLES;I.E LA INMACULADA SEDE CAMILO TORRES;2;2;COD_DANE_DUPLICADO_COORDENADA_COMUN;VALIDAR_DUPLICADO;GEORREFERENCIADA;"Código DANE duplicado en SedesUESVALLE; se asignó coordenada común."
896;276863000381;VERSALLES;INSTITUCION EDUCATIVA HOLGUIN SARDI SEDE PROSPERO PINZON;1;1;COD_DANE_UNICO;CRUCE_OK;GEORREFERENCIADA;
897;276863000802;VERSALLES;I.E LA INMACULADA SEDE GERARDO BUENO;1;1;COD_DANE_UNICO;CRUCE_OK;GEORREFERENCIADA;
898;276863000152;VERSALLES;I.E LA INMACULADA SEDE SAN JUAN BOSCO;1;1;COD_DANE_UNICO;CRUCE_OK;GEORREFERENCIADA;
899;276863000519;VERSALLES;IE CARLOS HOLGUIN SEDE GILBERTO ALZATE AVENDAÑO;1;1;COD_DANE_UNICO;CRUCE_OK;GEORREFERENCIADA;
900;276863000179;VERSALLES;I.E CARLOS HOLGUIN SARDI SEDE JORGE TADEO LOZANO;1;1;COD_DANE_UNICO;CRUCE_OK;GEORREFERENCIADA;
901;276863000292;VERSALLES;I.E CARLOS HOLGUIN SARDI SEDE MIGUEL ANTONIO CARO;1;1;COD_DANE_UNICO;CRUCE_OK;GEORREFERENCIADA;
902;276863000322;VERSALLES;I.E CARLOS HOLGUIN SARDI SEDE JUAN EVANGELISTA GONZALEZ;1;1;COD_DANE_UNICO;CRUCE_OK;GEORREFERENCIADA;
903;276863000128;VERSALLES;I.E LA INMACULADA SEDE SANTO TOMAS DE AQUINO;1;1;COD_DANE_UNICO;CRUCE_OK;GEORREFERENCIADA;
904;276863800001;VERSALLES;I.E LA INMACULADA SEDE LIBARDO DE JESUS GOMEZ CARDONA;1;1;COD_DANE_UNICO;CRUCE_OK;GEORREFERENCIADA;
905;276863000101;VERSALLES;I.E LA INMACULADA SEDE ANTONIO JOSE DE SUCRE;1;1;COD_DANE_UNICO;CRUCE_OK;GEORREFERENCIADA;
906;276863000080;VERSALLES;I.E CARLOS HOLGUIN SARDI SEDE SAN ROQUE;1;1;COD_DANE_UNICO;CRUCE_OK;GEORREFERENCIADA;
907;;VERSALLES;I.E CARLOS HOLGUIN SARDI SEDE PRINCIPAL BLOQUE 1;0;1;MUNICIPIO+NOMBRE_EXACTO;CRUCE_RECUPERADO;GEORREFERENCIADA;
908;276863000209;VERSALLES;I.E LA INMACULADA SEDE CRISTO REY;1;1;COD_DANE_UNICO;CRUCE_OK;GEORREFERENCIADA;
909;;VERSALLES;I.E CARLOS HOLGUIN SARDI SEDE PRINCIPAL BLOQUE 3;0;1;MUNICIPIO+NOMBRE_EXACTO;CRUCE_RECUPERADO;GEORREFERENCIADA;
910;276863000039;VERSALLES;I.E LA INMACULADA SEDE SIMON BOLIVAR;1;1;COD_DANE_UNICO;CRUCE_OK;GEORREFERENCIADA;
911;;VERSALLES;I.E. LA INMACULADA SEDE PREESCOLAR;0;1;MUNICIPIO+NOMBRE_EXACTO;CRUCE_RECUPERADO;GEORREFERENCIADA;
912;176863000352;VERSALLES;I.E LA INMACULADA SEDE CAMILO TORRES;2;2;COD_DANE_DUPLICADO_COORDENADA_COMUN;VALIDAR_DUPLICADO;GEORREFERENCIADA;"Código DANE duplicado en SedesUESVALLE; se asignó coordenada común."
913;176863000336;VERSALLES;I.E LA INMACULADA;1;1;COD_DANE_UNICO;CRUCE_OK;GEORREFERENCIADA;
914;176863000433;VERSALLES;I.E LA INMACULADA SEDE MANUELA BELTRAN;1;1;COD_DANE_UNICO;CRUCE_OK;GEORREFERENCIADA;
915;176869000460;VIJES;I.E. JORGE ROBLEDO SEDE ALVARO ORTIZ CORREA;2;2;COD_DANE_DUPLICADO_COORDENADA_COMUN;VALIDAR_DUPLICADO;GEORREFERENCIADA;"Código DANE duplicado en SedesUESVALLE; se asignó coordenada común."
916;176869000061;VIJES;I.E. JORGE ROBLEDO SEDE POLICARPA SALAVARRIETA;1;1;COD_DANE_UNICO;CRUCE_OK;GEORREFERENCIADA;
917;176869800008;VIJES;I.E. JORGE ROBLEDO SEDE MANUEL JOSE REINA COLLAZOS;1;1;COD_DANE_UNICO;CRUCE_OK;GEORREFERENCIADA;
918;176869000028;VIJES;I.E. JORGE ROBLEDO SEDE JORGE ROBLEDO;1;1;COD_DANE_UNICO;CRUCE_OK;GEORREFERENCIADA;
919;176869000460;VIJES;I.E. JORGE ROBLEDO SEDE ALVARO ORTIZ CORREA;2;2;COD_DANE_DUPLICADO_COORDENADA_COMUN;VALIDAR_DUPLICADO;GEORREFERENCIADA;"Código DANE duplicado en SedesUESVALLE; se asignó coordenada común."
920;276869000090;VIJES;I.E. ANTONIO JOSE DE SUCRE SEDE ANTONIO NARIÑO;1;1;COD_DANE_UNICO;CRUCE_OK;GEORREFERENCIADA;
921;276869000308;VIJES;I.E. ANTONIO JOSE DE SUCRE SEDE PUEBLO NUEVO;1;1;COD_DANE_UNICO;CRUCE_OK;GEORREFERENCIADA;
922;276869000243;VIJES;I.E. ANTONIO JOSE DE SUCRE SEDE LA PEDRERA;1;1;COD_DANE_UNICO;CRUCE_OK;GEORREFERENCIADA;
923;276869000073;VIJES;I.E. ANTONIO JOSE DE SUCRE SEDE JUAN JOSE RONDON;1;1;COD_DANE_UNICO;CRUCE_OK;GEORREFERENCIADA;
924;276869000197;VIJES;I.E. 20 DE JULIO SEDE CAMILO TORRES;1;1;COD_DANE_UNICO;CRUCE_OK;GEORREFERENCIADA;
925;276869000171;VIJES;I.E. 20 DE JULIO SEDE 20 DE JULIO;1;1;COD_DANE_UNICO;CRUCE_OK;GEORREFERENCIADA;
926;276869000294;VIJES;I.E. ANTONIO JOSE DE SUCRE SEDE VICTOR HUMBERTO BARRERA;1;1;COD_DANE_UNICO;CRUCE_OK;GEORREFERENCIADA;
927;276869000146;VIJES;I.E. ANTONIO JOSE DE SUCRE SEDE ATANASIO GIRARDOT;1;1;COD_DANE_UNICO;CRUCE_OK;GEORREFERENCIADA;
928;276606000451;VIJES;I.E. 20 DE JULIO SEDE GUILLERMO VALENCIA;1;1;COD_DANE_UNICO;CRUCE_OK;GEORREFERENCIADA;
929;276869000111;VIJES;I.E. ANTONIO JOSE DE SUCRE SEDE ANTONIO RICAURTE;1;1;COD_DANE_UNICO;CRUCE_OK;GEORREFERENCIADA;
930;276869000201;VIJES;I.E. ANTONIO JOSE DE SUCRE SEDE MARIANO OSPINA PEREZ;1;1;COD_DANE_UNICO;CRUCE_OK;GEORREFERENCIADA;
931;276869000120;VIJES;I.E. ANTONIO JOSE DE SUCRE SEDE AYACUCHO;1;1;COD_DANE_UNICO;CRUCE_OK;GEORREFERENCIADA;
932;276869000081;VIJES;I.E. JORGE ROBLEDO  SEDE JOSE ANTONIO GALAN;1;0;COD_DANE_UNICO;CRUCE_OK;GEORREFERENCIADA;
933;276869000154;VIJES;I.E. JORGE ROBLEDO  SEDE MANUELA BELTRAN;1;0;COD_DANE_UNICO;CRUCE_OK;GEORREFERENCIADA;
934;276869000138;VIJES;I.E. ANTONIO JOSE DE SUCRE SEDE ANTONIO JOSE DE SUCRE PRINCIPAL;1;1;COD_DANE_UNICO;CRUCE_OK;GEORREFERENCIADA;
935;;YOTOCO;I.E. SAN JUAN BOSCO SEDE NUESTRA SEÑORA DE FATIMA;0;1;MUNICIPIO+NOMBRE_EXACTO;CRUCE_RECUPERADO;GEORREFERENCIADA;
936;276890000253;YOTOCO;I.E. ALFONSO ZAWADZKY - SEDE ANTONIA SANTOS;1;1;COD_DANE_UNICO;CRUCE_OK;GEORREFERENCIADA;
937;276890000172;YOTOCO;I.E. SAN JUAN BOSCO SEDE CRISTO REY;1;1;COD_DANE_UNICO;CRUCE_OK;GEORREFERENCIADA;
938;;YOTOCO;I.E. SAN JUAN BOSCO SEDE VEINTE DE JULIO;0;1;MUNICIPIO+NOMBRE_EXACTO;CRUCE_RECUPERADO;SIN_COORDENADAS;
939;276890000369;YOTOCO;I.E. SAN JUAN BOSCO SEDE TAURINO IZQUIERDO;1;1;COD_DANE_UNICO;CRUCE_OK;GEORREFERENCIADA;
940;276890000113;YOTOCO;I.E. SAN JUAN BOSCO SEDE CRISTOBAL COLON;1;1;COD_DANE_UNICO;CRUCE_OK;GEORREFERENCIADA;
941;276890000261;YOTOCO;IE SAN JUAN BOSCO SEDE SAN ANTONIO DE PIEDRAS DP;1;1;COD_DANE_UNICO;CRUCE_OK;GEORREFERENCIADA;
942;;YOTOCO;I.E SAN JUAN BOSCO SEDE GUILLERMO LEON VALENCIA;0;1;MUNICIPIO+NOMBRE_EXACTO;CRUCE_RECUPERADO;GEORREFERENCIADA;
943;276890000458;YOTOCO;I.E. SAN JUAN BOSCO SEDE CARLOS ALFONSO GIL;1;1;COD_DANE_UNICO;CRUCE_OK;GEORREFERENCIADA;
944;276890000288;YOTOCO;I.E. SAN JUAN BOSCO SEDE NUESTRA SEÑORA DEL CARMEN;1;1;COD_DANE_UNICO;CRUCE_OK;GEORREFERENCIADA;
945;276890000148;YOTOCO;I.E. GABRIELA MISTRAL SEDE ATANASIO GIRARDOT;1;1;COD_DANE_UNICO;CRUCE_OK;GEORREFERENCIADA;
946;176890000305;YOTOCO;I.E. ALFONSO ZAWADZKY SEDE ALFONSO ZAWADZKY;1;1;COD_DANE_UNICO;CRUCE_OK;GEORREFERENCIADA;
947;176890000038;YOTOCO;I.E. ALFONSO ZAWADZKY SEDE JHON F KENNEDY;1;1;COD_DANE_UNICO;CRUCE_OK;GEORREFERENCIADA;
948;176890000798;YOTOCO;I.E. ALFONSO ZAWADZKY - SEDE JORGE ELIECER GAITAN;1;1;COD_DANE_UNICO;CRUCE_OK;GEORREFERENCIADA;
949;176890000020;YOTOCO;I.E. ALFONSO ZAWADZKY - SEDE POLICARPA SALAVARRIETA;1;1;COD_DANE_UNICO;CRUCE_OK;GEORREFERENCIADA;
950;276890000440;YOTOCO;I.E. GABRIELA MISTRAL SEDE  ARCELIA GIRON;1;1;COD_DANE_UNICO;CRUCE_OK;GEORREFERENCIADA;
951;276890000075;YOTOCO;I.E. SAN JUAN DE BOSCO SEDE DIEGO RENGIFO SALAZAR;1;1;COD_DANE_UNICO;CRUCE_OK;GEORREFERENCIADA;
952;;YOTOCO;I.E. GABRIELA MISTRAL SEDE VICENTE HERNANDO CRUZ;0;1;MUNICIPIO+NOMBRE_EXACTO;CRUCE_RECUPERADO;GEORREFERENCIADA;
953;276890000270;YOTOCO;I.E. GABRIELA MISTRAL SEDE SANTO TOMAS DE AQUINO;1;1;COD_DANE_UNICO;CRUCE_OK;GEORREFERENCIADA;
954;276890000083;YOTOCO;I.E. GABRIELA MISTRAL SEDE JOSE MARIA CORDOBA;1;1;COD_DANE_UNICO;CRUCE_OK;GEORREFERENCIADA;
955;276890000199;YOTOCO;I.E. GABRIELA MISTRAL SEDE MANUELA BELTRAL;1;1;COD_DANE_UNICO;CRUCE_OK;GEORREFERENCIADA;
956;276890000121;YOTOCO;I.E. GABRIELA MISTRAL SEDE CAMILO TORRES;1;1;COD_DANE_UNICO;CRUCE_OK;GEORREFERENCIADA;
957;276890000237;YOTOCO;.I.E SAN JUAN BOSCO SEDE SAN JUAN BOSCO;1;1;COD_DANE_UNICO;CRUCE_OK;GEORREFERENCIADA;
958;276890000091;YOTOCO;I.E. GABRIELA MISTRAL SEDE GABRIELA MISTRAL;1;1;COD_DANE_UNICO;CRUCE_OK;GEORREFERENCIADA;
959;276895000073;ZARZAL;ESCUELA REPUBLICA DE VENEZUELA;1;0;COD_DANE_UNICO;CRUCE_OK;GEORREFERENCIADA;
960;176895000770;ZARZAL;CENTRO EDUCATIVO CENT DOC N. 20 DIVINO NIÑO JESUS;1;0;COD_DANE_UNICO;CRUCE_OK;GEORREFERENCIADA;
961;;ZARZAL;I.E ESCUELA NORMAL SUPERIOR NUESTRA SEÑORA DE LAS MERCEDES - SEDE FRANCISCO DE PAULA SANTANDER;0;0;SIN_COINCIDENCIA;PENDIENTE;SIN_COORDENADAS;
962;176895000478;ZARZAL;CENTRO EDUCATIVO CENT DOC N. 19 LAS MERCEDES;0;0;SIN_COINCIDENCIA;PENDIENTE;GEORREFERENCIADA;
963;176895000265;ZARZAL;COLEGIO DPTAL OFIC SIMON BOLIVAR;2;0;COD_DANE_DUPLICADO_COORDENADA_COMUN;VALIDAR_DUPLICADO;GEORREFERENCIADA;"Código DANE duplicado en SedesUESVALLE; se asignó coordenada común."
964;176895000168;ZARZAL;INSTITUCION EDUCATIVA EFRAIN VARELA VACA;0;0;SIN_COINCIDENCIA;PENDIENTE;GEORREFERENCIADA;
965;176895000231;ZARZAL;CENTRO EDUCATIVO CENT DOC STA CECILIA N.4;1;0;COD_DANE_UNICO;CRUCE_OK;GEORREFERENCIADA;
966;176895000109;ZARZAL;ESCUELA NORM SUP NTRA SRA DE LAS MERCEDES;0;0;SIN_COINCIDENCIA;PENDIENTE;GEORREFERENCIADA;
967;376895000426;ZARZAL;COLEGIO PABLO EMILIO CAMACHO PEREA;1;0;COD_DANE_UNICO;CRUCE_OK;GEORREFERENCIADA;
968;176895000192;ZARZAL;CENTRO EDUCATIVO CENT DOC N.5 SAGRADO CORAZON DE JESUS;1;0;COD_DANE_UNICO;CRUCE_OK;GEORREFERENCIADA;
969;176895000125;ZARZAL;CENTRO EDUCATIVO CENT DOC N. 17 CAMILO TORRES;1;0;COD_DANE_UNICO;CRUCE_OK;GEORREFERENCIADA;
970;176895000222;ZARZAL;CENTRO EDUCATIVO CENT DOC N. 3 FRANCISCO JOSE DE CALDAS;1;0;COD_DANE_UNICO;CRUCE_OK;GEORREFERENCIADA;
971;276895000138;ZARZAL;ESCUELA N. 15 NTRA SRA DE FATIMA;1;0;COD_DANE_UNICO;CRUCE_OK;GEORREFERENCIADA;
972;176895000109;ZARZAL;I.E. ESCUELA NORMAL SUPERIOR NUESTRA SEÑORA DE LAS MERCEDES LOCAL # 2;0;0;SIN_COINCIDENCIA;PENDIENTE;SIN_COORDENADAS;
973;176895000184;ZARZAL;CENTRO EDUCATIVO CENT DOC N.6 ANEX JHON F KENNEDY;1;0;COD_DANE_UNICO;CRUCE_OK;GEORREFERENCIADA;
974;276895000294;ZARZAL;ESCUELA REPUBLICA DE COLOMBIA;1;0;COD_DANE_UNICO;CRUCE_OK;GEORREFERENCIADA;
975;176895000044;ZARZAL;INSTITUCION EDUCATIVA ANTONIO NARIÑO;1;0;COD_DANE_UNICO;CRUCE_OK;GEORREFERENCIADA;
976;176895000346;ZARZAL;CENTRO EDUCATIVO CENT DOC N.2 MARIA INMACULADA;1;0;COD_DANE_UNICO;CRUCE_OK;GEORREFERENCIADA;
977;;ZARZAL;UNIDAD DE ATENCION VALLEJUELO - MODALIDAD DESARROLLO INFANTIL EN MEDIO FAMILIAR;0;0;SIN_COINCIDENCIA;PENDIENTE;SIN_COORDENADAS;
