ID_MAESTRO;CODIGO_SISTEMA;MUNICIPIO;AMBITO;TIPO_SISTEMA;ARO;PERSONA_PRESTADORA;LOCALIDADES_ABASTECIDAS;SUSCRIPTORES;POBLACION;TIPO_SISTEMA_TRATAMIENTO;ALGUN_TIPO_TRATAMIENTO;ESTADO_MAESTRO;LATITUD;LONGITUD;VALIDACION_SISTEMA
ACUEDUCTO_0002;115502;ALCALA;Rural;DISPERSA;Norte Cartago;ADMINISTRACION COOPERATIVA MARAVELEZ - ALCALA E.S.P.(SISTEMA #1);CONGAL , MARAVELEZ PARTE ALTA;199.0;796.0;Solo desinfección;0;ACTIVO;4.672931;-75.70801;EXISTENTE
ACUEDUCTO_0003;91940;ALCALA;Rural;CENTRO POBLADO;Norte Cartago;ADMINISTRACION COOPERATIVA MARAVELEZ - ALCALA E.S.P.(SISTEMA #2);CONGAL, MARAVELEZ PARTE BAJA, LA POLONIA , LA CAPILLA;103.0;412.0;Solo desinfección;0;ACTIVO;4.666264;-75.72291;EXISTENTE
ACUEDUCTO_0004;115517;ALCALA;Rural;CENTRO POBLADO;Norte Cartago;ADMINISTRACION COOPERATIVA MARAVELEZ - ALCALA E.S.P.(SISTEMA #3);(PARTE ALTA) BELGICA , LA FLORESTA , SAN FELIPE , LOS SAUCES , PLAYAS VERDES;482.0;1928.0;Filtración Compacta;1;ACTIVO;4.693836;-75.78505;EXISTENTE
ACUEDUCTO_0005;109043;ALCALA;Rural;DISPERSA;Norte Cartago;ADMINISTRACION COOPERATIVA MARAVELEZ - ALCALA E.S.P.(SISTEMA #4);MARAVELEZ, EL CONGAL, SAN FELIPE, LA CAÑA, TRINCHERAS;119.0;476.0;Solo desinfección;0;ACTIVO;4.659181;-75.73226;EXISTENTE
ACUEDUCTO_0006;80803;ALCALA;Rural;DISPERSA;Norte Cartago;ADMINISTRACION COOPERATIVA MARAVELEZ - ALCALA E.S.P.(SISTEMA #5);HIGUERON, LA UNION, SAN FELIPE , LA ESTRELLA , DINDE BAJO;263.0;1052.0;Solo desinfección;0;ACTIVO;4.687869;-75.81867;EXISTENTE
ACUEDUCTO_0007;111747;ALCALA;Rural;DISPERSA;Norte Cartago;ADMINISTRACION COOPERATIVA MARAVELEZ - ALCALA E.S.P.(SISTEMA #6);EL DINDE (PARTE ALTA) FUENTE Q BUENAVISTA;54.0;216.0;Solo desinfección;0;ACTIVO;4.713136;-75.85354;EXISTENTE
ACUEDUCTO_0008;87903;ALCALA;Rural;DISPERSA;Norte Cartago;ADMINISTRACION COOPERATIVA MARAVELEZ - ALCALA E.S.P.(SISTEMA #7);LA CUCHILLA PARTE ALTA;43.0;172.0;Solo desinfección;0;ACTIVO;4.656344;-75.71681;EXISTENTE
ACUEDUCTO_0009;110500;ALCALA;Rural;DISPERSA;Norte Cartago;ADMINISTRACION COOPERATIVA MARAVELEZ - ALCALA E.S.P.(SISTEMA #8);LA CUCHILLA PARTE BAJA;35.0;140.0;Solo desinfección;0;ACTIVO;4.657989;-75.72749;EXISTENTE
ACUEDUCTO_0001;110201;ALCALA;Rural;DISPERSA;Norte Cartago;ASOCIACION DE USUARIOS DEL ACUEDUCTORURAL VEREDA EL EDEN (ASOCOAGUAS);EL EDEN;60.0;240.0;FD+Desinfección;1;ACTIVO;4.695786;-75.83319;EXISTENTE
ACUEDUCTO_0010;80697;ALCALA;Urbano;CABECERA MUNICIPAL;Norte Cartago;SOCIEDAD DE ACUEDUCTOS Y ALCANTARILLADOS DEL VALLE DEL CAUCA S.A. E.S.P. ACUAVALLE S.A. E.S.P.-ALCALÁ;URBANO;2940.0;11760.0;Convencional;1;ACTIVO;4.672503;-75.77195;EXISTENTE
ACUEDUCTO_0011;61992;ANDALUCIA;Rural;DISPERSA;Centro Tuluá;ACUEDUCTO POTRERILLO;POTRERILLO;42.0;168.0;Solo desinfección;0;ACTIVO;4.105842;-76.09142;EXISTENTE
ACUEDUCTO_0012;62256;ANDALUCIA;Rural;DISPERSA;Centro Tuluá;ACUEDUCTO RURAL COMUNITARIO LA UNION CASCAJERO;UNION CASCAJERO;68.0;272.0;Soluciones_Individuales;1;ACTIVO;4.156269;-75.96557;EXISTENTE
ACUEDUCTO_0013;102222;ANDALUCIA;Rural;DISPERSA;Centro Tuluá;ACUEDUCTO RURAL EL PLACER;EL PLACER;36.0;144.0;Solo desinfección;0;ACTIVO;4.100567;-76.08446;EXISTENTE
ACUEDUCTO_0014;64871;ANDALUCIA;Rural;DISPERSA;Centro Tuluá;ACUEDUCTO RURAL PARDO ALTO;PARDO ALTO;70.0;280.0;Ninguno;0;ACTIVO;4.076389;-76.08386;EXISTENTE
ACUEDUCTO_0015;62446;ANDALUCIA;Rural;DISPERSA;Centro Tuluá;ASOCIACION RURAL COMUNITARIA DE AGUA POTABLE Y SANEAMIENTO BASICO DEL CORREGIMIENTO DE ALTA FLOR - ACUAFLOR;ALTAFLOR;63.0;252.0;Soluciones_Individuales;1;ACTIVO;4.128169;-75.96815;EXISTENTE
ACUEDUCTO_0674;150256;ANDALUCIA;Rural;INSTITUCION EDUCATIVA;Centro Tuluá;INSTITUCION EDUCATIVA AGRICOLA CAMPOALEGRE SEDE SANTA MATILDE;INSTITUCION EDUCATIVA AGRICOLA CAMPOALEGRE SEDE SANTA MATILDE;1.0;32.0;Planta Modular;1;ACTIVO;4.138056;-75.97;EXISTENTE
ACUEDUCTO_0016;127158;ANDALUCIA;Rural;DISPERSA;Centro Tuluá;MUNICIPIO DE ANDALUCIA PEÑON ALTO;PEÑON ALTO;36.0;144.0;Planta Modular + Soluciones Individuales;1;ACTIVO;4.178069;-76.14771;EXISTENTE
ACUEDUCTO_0017;58650;ANDALUCIA;Urbano;CABECERA MUNICIPAL;Centro Tuluá;SOCIEDAD DE ACUEDUCTOS Y ALCANTARILLADOS DEL VALLE DEL CAUCA S.A. E.S.P. ACUAVALLE S.A. E.S.P. - ANDALUCIA;URBANO, CAMPOALEGRE, ZABALETAS, EL SALTO, TAMBORAL, ZAJONDE PIEDRA, EL ORIENTE, MADRE VIEJA, LA PAZ;6492.0;25968.0;Convencional;1;ACTIVO;4.176136;-76.17447;EXISTENTE
ACUEDUCTO_0018;81281;ANSERMANUEVO;Rural;DISPERSA;Norte Cartago;ACUEDUCTO COMUNITARIO LA HONDURA;LA HONDURA;38.0;152.0;Solo desinfección;0;ACTIVO;4.798836;-76.08668;EXISTENTE
ACUEDUCTO_0019;81280;ANSERMANUEVO;Rural;CENTRO POBLADO;Norte Cartago;ACUEDUCTO COMUNITARIO SALAZAR;BARRIO SALAZAR;280.0;1120.0;Solo desinfección;0;ACTIVO;4.789765;-76.00015;EXISTENTE
ACUEDUCTO_0020;126849;ANSERMANUEVO;Rural;DISPERSA;Norte Cartago;ACUEDUCTO RURAL EL DIAMANTE;EL DIAMANTE;25.0;100.0;Ninguno;0;ACTIVO;4.789756;-76.0595;EXISTENTE
ACUEDUCTO_0021;97410;ANSERMANUEVO;Rural;DISPERSA;Norte Cartago;ACUEDUCTO RURAL VEREDA LA ESPERANZA;LA ESPERANZA;28.0;0.0;Solo desinfección;0;ACTIVO;4.831394;-76.10079;EXISTENTE
ACUEDUCTO_0022;103903;ANSERMANUEVO;Rural;DISPERSA;Norte Cartago;ACUEDUCTO VEREDAS LAS PALOMAS- EL BOSQUE;LAS PALOMAS;17.0;68.0;Ninguno;0;ACTIVO;4.763733;-76.07967;EXISTENTE
ACUEDUCTO_0025;86924;ANSERMANUEVO;Rural;CENTRO POBLADO;Norte Cartago;ASOCIACION DE USUARIOS DEL ACUEDUCTO EL VERGEL -ACUAVERGEL;EL VERGEL, LA PEDRERA;220.0;880.0;FIME;1;ACTIVO;4.865075;-76.00722;EXISTENTE
ACUEDUCTO_0026;103159;ANSERMANUEVO;Rural;DISPERSA;Norte Cartago;ASOCIACION DE USUARIOS DEL ACUEDUCTO RURAL COMUNITARIO DE LA VEREDA EL REAL BRILLANTE;REAL BRILLANTE;10.0;0.0;Ninguno;0;ACTIVO;4.828639;-76.02364;EXISTENTE
ACUEDUCTO_0024;88339;ANSERMANUEVO;Rural;DISPERSA;Norte Cartago;ASOCIACION DE USUARIOS DEL ACUEDUCTOS DEL ROBLE MUNICIPIO DE ANSERMANUEVO - ACUAROBLE - SISTEMA 2;LA QUIEBRA DEL ROBLE, EL CIPRES, SANTA BARBARA, TRES ESQUINAS, LA PUERTA;96.0;384.0;Ninguno;0;ACTIVO;4.824403;-76.0595;EXISTENTE
ACUEDUCTO_0023;81560;ANSERMANUEVO;Rural;DISPERSA;Norte Cartago;ASOCIACION DE USUARIOS DEL ACUEDUCTOS DEL ROBLE MUNICIPIO DE ANSERMANUEVO -ACUAROBLE - SISTEMA 1;EL ROBLE, LUSITANIA, LA DIAMANTINA;135.0;0.0;Solo desinfección;0;ACTIVO;4.846694;-76.13472;EXISTENTE
ACUEDUCTO_0028;88266;ANSERMANUEVO;Rural;DISPERSA;Norte Cartago;ASOCIACION GESTION COMUNITARIA DEL AGUA DE LA COMUNIDAD RURAL LA POPALITA;LA POPALITA;26.0;104.0;Solo desinfección;0;ACTIVO;4.767839;-76.10246;EXISTENTE
ACUEDUCTO_0027;102412;ANSERMANUEVO;Rural;DISPERSA;Norte Cartago;ASOCIACION GESTIÓN COMUNITARIA DE AGUA DE LA COMUNIDAD VEREDA LA DIVISA;LA DIVISA;14.0;56.0;Solo desinfección;0;ACTIVO;4.828097;-76.11026;EXISTENTE
ACUEDUCTO_0029;110255;ANSERMANUEVO;Rural;DISPERSA;Norte Cartago;ASOCIACION GESTORA COMUNITARIA DEL AGUA DE LA COMUNIDAD RURAL REAL PLACER (ACUAPLACER);REAL PLACER;9.0;36.0;Solo desinfección;0;ACTIVO;4.786725;-76.07942;EXISTENTE
ACUEDUCTO_0030;80702;ANSERMANUEVO;Rural;DISPERSA;Norte Cartago;ASOCIACION GESTORA COMUNITARIA DEL AGUA DEL CORREGIMIENTO LA CABAÑA;LA CABAÑA.;42.0;168.0;Solo desinfección;0;ACTIVO;4.755024;-76.08022;EXISTENTE
ACUEDUCTO_0031;143327;ANSERMANUEVO;Rural;DISPERSA;Norte Cartago;JUNTA ADMINISTRADORA ACUEDUCTO RURAL EL TIGRE( VEREDA BAJO TIGRE);EL TIGRE;37.0;148.0;Ninguno;0;ACTIVO;4.779389;-76.13214;EXISTENTE
ACUEDUCTO_0032;110129;ANSERMANUEVO;Rural;DISPERSA;Norte Cartago;JUNTA ADMON ACUEDUCTO EL CASTILLO ALTO Y BAJO;EL CASTILLO;35.0;40.0;Solo desinfección;0;ACTIVO;4.779169;-76.1075;EXISTENTE
ACUEDUCTO_0033;87910;ANSERMANUEVO;Rural;DISPERSA;Norte Cartago;JUNTA ADMON ACUEDUCTO EL TIGRE (VEREDA ALTO TIGRE);EL TIGRE;16.0;64.0;Ninguno;0;ACTIVO;4.780883;-76.12842;EXISTENTE
ACUEDUCTO_0034;80699;ANSERMANUEVO;Rural;CENTRO POBLADO;Norte Cartago;JUNTA DE ACCION COMUNAL ACUEDUCTO EL VILLAR;EL VILLAR;168.0;672.0;Solo desinfección;0;ACTIVO;4.819986;-76.09104;EXISTENTE
ACUEDUCTO_0036;86244;ANSERMANUEVO;Urbano;CABECERA MUNICIPAL;Norte Cartago;SOCIEDAD DE ACUEDUCTOS Y ALCANTARILLADOS DEL VALLE DEL CAUCA S.A. E.S.P. ACUAVALLE S.A. E.S.P.-ANSERMANUEVO;URBANO, ANACARO, GRAMALOTE;3449.0;13796.0;Convencional;1;ACTIVO;4.796672;-75.99252;EXISTENTE
ACUEDUCTO_0038;11932;ARGELIA;Rural;CENTRO POBLADO;Norte Cartago;ADMINISTRACION COOPERATIVA SAN ROQUE- LA SOLEDAD;LA SOLEDAD , LA PAZ, LA PRIMAVERA, TARRITOS, EL RIO;200.0;800.0;Soluciones_Individuales (40_Tarritos);0;ACTIVO;4.684519;-76.12979;EXISTENTE
ACUEDUCTO_0039;91938;ARGELIA;Rural;CENTRO POBLADO;Norte Cartago;ADMINISTRACION COOPERATIVA SAN ROQUE-LAS BRISAS - RAIZAL SISTEMA # 2;LAS BRISAS, EL RAIZAL, LA AURORA, CAJONES, LA PAZ;200.0;800.0;Solo desinfección;0;ACTIVO;4.725194;-76.15353;EXISTENTE
ACUEDUCTO_0040;80692;ARGELIA;Rural;DISPERSA;Norte Cartago;ASOCIACION DE USUARIOS DEL ACUEDUCTO LA CRISTALINA;LA CRISTALINA;18.0;72.0;Soluciones_Individuales;0;ACTIVO;4.657419;-76.13552;EXISTENTE
ACUEDUCTO_0041;81233;ARGELIA;Rural;DISPERSA;Norte Cartago;ASOCIACION DE USUARIOS DEL ACUEDUCTO LA PALMA;LA PALMA, LA BELLA, LA TEBAIDA, CALENTADEROS, RECREO, CRUCERO.;92.0;368.0;Solo desinfección;0;ACTIVO;4.707275;-76.13666;EXISTENTE
ACUEDUCTO_0042;81231;ARGELIA;Rural;DISPERSA;Norte Cartago;ASOCIACION DE USUARIOS DEL ACUEDUCTO RURAL COMUNITARIO DEL CORREGIMIENTO DE MARACAIBO;MARACAIBO;85.0;340.0;Filtración Compacta+Soluciones_Individuales (46);1;ACTIVO;4.676778;-76.14687;EXISTENTE
ACUEDUCTO_0043;81278;ARGELIA;Rural;DISPERSA;Norte Cartago;JUNTA ADMINISTRADORA DEL ACUEDUCTO BARRIO VILLA NUBIA;BARRIO VILLANUBIA;14.0;56.0;Solo desinfección;0;ACTIVO;4.725106;-76.12234;EXISTENTE
ACUEDUCTO_0044;91935;ARGELIA;Rural;DISPERSA;Norte Cartago;JUNTA ADMINISTRATIVA CALENTADORES;CALENTADORES;19.0;76.0;Soluciones_Individuales;0;ACTIVO;4.100292;-76.06664;EXISTENTE
ACUEDUCTO_0045;86246;ARGELIA;Urbano;CABECERA MUNICIPAL;Norte Cartago;SOCIEDAD DE ACUEDUCTOS Y ALCANTARILLADOS DEL VALLE DEL CAUCA S.A. E.S.P. ACUAVALLE S.A. E.S.P.-ARGELIA;URBANO, LA ESTRELLA;786.0;3144.0;Convencional;1;ACTIVO;4.729889;-76.11389;EXISTENTE
ACUEDUCTO_0046;62251;BOLIVAR;Rural;DISPERSA;Centro Tuluá;"ACUASALUD ""PUNTA LARGA""";PUNTA LARGA;42.0;168.0;Solo desinfección;0;ACTIVO;4.328061;-76.27541;EXISTENTE
ACUEDUCTO_0047;113719;BOLIVAR;Rural;DISPERSA;Centro Tuluá;ACUEDUCTO CORPOSANISIDRO;SAN ISIDRO;70.0;280.0;Solo desinfección;0;ACTIVO;4.284747;-76.3064;EXISTENTE
ACUEDUCTO_0048;61920;BOLIVAR;Rural;DISPERSA;Centro Tuluá;ACUEDUCTO LA REFORMA VEREDA LA AGUADA;LA AGUADA;170.0;680.0;Filtración Compacta;1;ACTIVO;4.379042;-76.22577;EXISTENTE
ACUEDUCTO_0049;125671;BOLIVAR;Rural;DISPERSA;Centro Tuluá;ACUEDUCTO RURAL CABAÑA ALTA;CABAÑA ALTA;15.0;60.0;Ninguno;0;ACTIVO;4.476075;-76.29456;EXISTENTE
ACUEDUCTO_0050;125674;BOLIVAR;Rural;DISPERSA;Centro Tuluá;ACUEDUCTO RURAL CABAÑA BAJA;CABAÑA BAJA;17.0;68.0;Ninguno;0;ACTIVO;4.180136;-76.15889;EXISTENTE
ACUEDUCTO_0051;126660;BOLIVAR;Rural;DISPERSA;Centro Tuluá;ACUEDUCTO RURAL EL FUSIL;EL FUSIL;12.0;48.0;Ninguno;0;ACTIVO;4.356667;-76.31556;EXISTENTE
ACUEDUCTO_0052;122556;BOLIVAR;Rural;DISPERSA;Centro Tuluá;ACUEDUCTO RURAL EL MATADERO DOS QUEBRADAS;DOS QUEBRADAS;27.0;108.0;Ninguno;0;ACTIVO;4.293503;-76.36311;EXISTENTE
ACUEDUCTO_0053;62095;BOLIVAR;Rural;CENTRO POBLADO;Centro Tuluá;ASOCIACION DE USUARIO DEL AGUA POTABLE Y ALCANTARILLADO DE RICAURTE;RICAURTE;640.0;2560.0;FIME;1;ACTIVO;4.309453;-76.20946;EXISTENTE
ACUEDUCTO_0054;113587;BOLIVAR;Rural;CENTRO POBLADO;Centro Tuluá;ASOCIACION DE USUARIOS ACUEDCUTO DE NARANJAL;DE NARANJAL;500.0;2000.0;Solo desinfección;0;ACTIVO;4.356414;-76.35307;EXISTENTE
ACUEDUCTO_0055;64925;BOLIVAR;Rural;DISPERSA;Centro Tuluá;ASOCIACION DE USUARIOS ACUEDUCTO LA MARIA;LA MARIA;60.0;240.0;Solo desinfección;0;ACTIVO;4.378178;-76.25591;EXISTENTE
ACUEDUCTO_0056;60116;BOLIVAR;Rural;CENTRO POBLADO;Centro Tuluá;ASOCIACION DE USUARIOS ACUEDUCTO LA TULIA;LA TULIA;500.0;2000.0;FIME;1;ACTIVO;4.386394;-76.245;EXISTENTE
ACUEDUCTO_0057;103476;BOLIVAR;Rural;DISPERSA;Centro Tuluá;ASOCIACION DE USUARIOS ACUEDUCTO RURAL EL ORO;EL ORO;30.0;120.0;Ninguno;0;ACTIVO;4.462044;-76.30953;EXISTENTE
ACUEDUCTO_0058;121705;BOLIVAR;Rural;DISPERSA;Centro Tuluá;ASOCIACION DE USUARIOS DEL ACUEDUCTO DE BUENOS AIRES;BUENOS AIRES;30.0;120.0;Solo desinfección;0;ACTIVO;4.396928;-76.25172;EXISTENTE
ACUEDUCTO_0059;111988;BOLIVAR;Rural;DISPERSA;Centro Tuluá;ASOCIACION DE USUARIOS DEL ACUEDUCTO EL BOSQUE # 1;EL BOSQUE;34.0;136.0;Solo desinfección;0;ACTIVO;4.390028;-76.25185;EXISTENTE
ACUEDUCTO_0060;59619;BOLIVAR;Rural;CENTRO POBLADO;Centro Tuluá;ASOCIACION DE USUARIOS DEL ACUEDUCTO LA HERRADURA;LA HERRADURA;131.0;524.0;Solo desinfección;0;ACTIVO;4.275642;-76.21391;EXISTENTE
ACUEDUCTO_0061;117594;BOLIVAR;Rural;DISPERSA;Centro Tuluá;ASOCIACION DE USUARIOS DEL ACUEDUCTO LA TULIA PORVENIR;LA TULIA;80.0;320.0;Solo desinfección;0;ACTIVO;4.391014;-76.24426;EXISTENTE
ACUEDUCTO_0062;58632;BOLIVAR;Rural;DISPERSA;Centro Tuluá;ASOCIACION DE USUARIOS DEL ACUEDUCTO RURAL COMUNITARIO DE LA VEREDA LA PLAZUELA;LA PLAZUELA;60.0;240.0;Solo desinfección;0;ACTIVO;4.390367;-76.24296;EXISTENTE
ACUEDUCTO_0063;112140;BOLIVAR;Rural;CENTRO POBLADO;Centro Tuluá;ASOCIACION DE USUARIOS DEL ACUEDUCTO RURAL COMUNITARIO DE LAS VEREDAS AGUAS LINDAS Y BUENOS AIRES;AGUAS LINDAS;61.0;244.0;Ninguno;0;ACTIVO;4.411886;-76.32549;EXISTENTE
ACUEDUCTO_0064;65809;BOLIVAR;Rural;DISPERSA;Centro Tuluá;ASOCIACION DE USUARIOS DEL ACUEDUCTO RURAL DE LAS VEREDAS EL BOSQUE LA ALDANA;LA ALDANA;42.0;168.0;Solo desinfección;0;ACTIVO;4.359753;-76.24526;EXISTENTE
ACUEDUCTO_0065;58630;BOLIVAR;Rural;DISPERSA;Centro Tuluá;ASOCIACION DE USUARIOS DEL SERVICIO COMUNITARIO DE LA MONTAÑUELA - AUSCRAALMA;LA MONTAÑUELA;70.0;280.0;Solo desinfección;0;ACTIVO;4.328333;-76.22583;EXISTENTE
ACUEDUCTO_0066;58631;BOLIVAR;Rural;CENTRO POBLADO;Centro Tuluá;ASOCIACION DE USUARIOS DEL SERVICIO DE AGUA POTABLE Y ALCANTARILLADO DE PRIMAVERA;PRIMAVERA;490.0;1960.0;FIME;1;ACTIVO;4.353333;-76.2639;EXISTENTE
ACUEDUCTO_0067;60381;BOLIVAR;Rural;CENTRO POBLADO;Centro Tuluá;ASOCIACION USUARIOS ACUEDUCTO COLECTIVO CERRO AZUL;CERRO AZUL, LA SOLEDAD;250.0;1000.0;Solo desinfección;0;ACTIVO;4.279806;-76.28697;EXISTENTE
ACUEDUCTO_0068;122557;BOLIVAR;Rural;DISPERSA;Centro Tuluá;COMITE PROACUEDUCTO CRISTALES;CRISTALES, MORAITO, DOS QUEBRADAS;65.0;260.0;Solo desinfección;0;ACTIVO;4.301117;-76.38045;EXISTENTE
ACUEDUCTO_0069;103477;BOLIVAR;Rural;CENTRO POBLADO;Centro Tuluá;MANANTIALES DE BETANIA MABE;BETANIA;105.0;420.0;Solo desinfección;0;ACTIVO;4.439953;-76.30947;EXISTENTE
ACUEDUCTO_0070;58651;BOLIVAR;Urbano;CABECERA MUNICIPAL;Centro Tuluá;SOCIEDAD DE ACUEDUCTOS Y ALCANTARILLADOS DEL VALLE DEL CAUCA S.A. E.S.P. ACUAVALLE S.A. E.S.P. - BOLIVAR;URBANO, SAN FERNANDO, SAN ANTONIO DE GUARE, PLAZA VIEJA;2100.0;8400.0;Convencional;1;ACTIVO;4.338628;-76.16724;EXISTENTE
ACUEDUCTO_0072;113736;BUGALAGRANDE;Rural;DISPERSA;Centro Tuluá;ACUEDUCTO RURAL ESMERALDA ALTA;ESMERALDA ALTA;27.0;108.0;Ninguno;0;ACTIVO;4.100292;-76.06664;EXISTENTE
ACUEDUCTO_0074;60314;BUGALAGRANDE;Rural;CENTRO POBLADO;Centro Tuluá;ASOCIACION AGUAS DE GALICIA;GALICIA;350.0;1400.0;FD+Desinfección;1;ACTIVO;4.172831;-76.05827;EXISTENTE
ACUEDUCTO_0076;112154;BUGALAGRANDE;Rural;DISPERSA;Centro Tuluá;ASOCIACION DE USUARIOS DE ALMENDRONAL;ALMENDRONAL;13.0;52.0;Ninguno;0;ACTIVO;4.149033;-76.06788;EXISTENTE
ACUEDUCTO_0077;60151;BUGALAGRANDE;Rural;CENTRO POBLADO;Centro Tuluá;ASOCIACION DE USUARIOS DE LOS SERVICIOS PUBLICOS DEL CORREGIMIENTO DE CEILAN;CEILÁN;768.0;3072.0;FIME;1;ACTIVO;4.108833;-76.04056;EXISTENTE
ACUEDUCTO_0078;120420;BUGALAGRANDE;Rural;DISPERSA;Centro Tuluá;ASOCIACION DE USUARIOS DEL ACUEDUCTO DE CAMPO ALEGRE DE CEYLAN;CAMPOALEGRE BAJO;30.0;120.0;Soluciones_Individuales;1;ACTIVO;4.219431;-76.06784;EXISTENTE
ACUEDUCTO_0079;113607;BUGALAGRANDE;Rural;DISPERSA;Centro Tuluá;ASOCIACION DE USUARIOS DEL ACUEDUCTO DE LA VEREDA SAN ISIDRO - ASUASANIS;SAN ISIDRO;106.0;424.0;Soluciones_Individuales;0;ACTIVO;4.114444;-76.01669;EXISTENTE
ACUEDUCTO_0080;58633;BUGALAGRANDE;Rural;CENTRO POBLADO;Centro Tuluá;ASOCIACION DE USUARIOS DEL ACUEDUCTO DE PAILA ARRIBA;PAILA ARRIBA;197.0;788.0;Solo desinfección;0;ACTIVO;4.236411;-76.03446;EXISTENTE
ACUEDUCTO_0081;64193;BUGALAGRANDE;Rural;DISPERSA;Centro Tuluá;ASOCIACION DE USUARIOS DEL ACUEDUCTO DEL CORREGIMIENTO DE CHORRERAS MUNICIPIO DE BUGALAGRANDE - ASUACH;CHORRERAS;70.0;280.0;Solo desinfección;0;ACTIVO;4.159742;-75.84171;EXISTENTE
ACUEDUCTO_0082;104096;BUGALAGRANDE;Rural;DISPERSA;Centro Tuluá;ASOCIACION DE USUARIOS DEL ACUEDUCTO LA COLONIA;LA COLONIA;47.0;168.0;Soluciones_Individuales;1;ACTIVO;4.146503;-76.0218;EXISTENTE
ACUEDUCTO_0083;112155;BUGALAGRANDE;Rural;DISPERSA;Centro Tuluá;ASOCIACION DE USUARIOS DEL ACUEDUCTO RURAL COMUNITARIO DE LAS VEREDAS CHICORAL Y EL PORVENIR - ASUACHIJAPOR;CHICORAL ALTO;22.0;88.0;Soluciones_Individuales;1;ACTIVO;4.251414;-76.05262;EXISTENTE
ACUEDUCTO_0084;124804;BUGALAGRANDE;Rural;DISPERSA;Centro Tuluá;ASOCIACION DE USUARIOS DEL ACUEDUCTO RURAL COMUNITARIO DE LAS VEREDAS CHICORAL Y EL PORVENIR - ASUACHIJAPOR;EL PORVENIR;18.0;72.0;Ninguno;0;ACTIVO;4.151117;-76.02729;EXISTENTE
ACUEDUCTO_0085;124819;BUGALAGRANDE;Rural;DISPERSA;Centro Tuluá;ASOCIACION DE USUARIOS DEL ACUEDUCTO RURAL COMUNITARIO DE LAS VEREDAS CHICORAL Y EL PORVENIR - ASUACHIJAPOR;EL JARDIN;22.0;88.0;Ninguno;0;ACTIVO;4.158742;-76.03342;EXISTENTE
ACUEDUCTO_0086;124820;BUGALAGRANDE;Rural;DISPERSA;Centro Tuluá;ASOCIACION DE USUARIOS DEL ACUEDUCTO RURAL COMUNITARIO DE LAS VEREDAS CHICORAL Y EL PORVENIR - ASUACHIJAPOR;CHICORAL BAJO;18.0;72.0;Soluciones_Individuales;1;ACTIVO;4.158742;-76.03342;EXISTENTE
ACUEDUCTO_0087;61921;BUGALAGRANDE;Rural;DISPERSA;Centro Tuluá;ASOCIACION DE USUARIOS DEL ACUEDUCTO RURAL DE LA VEREDA TETILLAL BAJO;TETILLAL;13.0;52.0;Ninguno;0;ACTIVO;4.157958;-76.05406;EXISTENTE
ACUEDUCTO_0088;58940;BUGALAGRANDE;Rural;CENTRO POBLADO;Centro Tuluá;ASOCIACION DE USUARIOS DEL SERVICIO DE AGUA POTABLE DEL ACUEDUCTO Y ALCANTARILLADO DE MESTIZAL;MESTIZAL;130.0;520.0;Pozo+Aireacion+Desinfección;1;ACTIVO;4.228908;-76.16225;EXISTENTE
ACUEDUCTO_0089;60312;BUGALAGRANDE;Rural;DISPERSA;Centro Tuluá;ASOCIACION DE USUARIOS DEL SERVICIO DE AGUA POTABLE Y ALCANTARILLADO DE EL GUAYABO;EL GUAYABO;92.0;0.0;Pozo+Aireacion+Desinfección;1;ACTIVO;4.244167;-76.18197;EXISTENTE
ACUEDUCTO_0090;60313;BUGALAGRANDE;Rural;DISPERSA;Centro Tuluá;ASOCIACION DE USUARIOS DEL SERVICIO DE AGUA POTABLE Y ALCANTARILLADO DE SAN ANTONIO;SAN ANTONIO;130.0;0.0;Pozo+Aireacion+Desinfección;1;ACTIVO;4.228894;-76.21528;EXISTENTE
ACUEDUCTO_0091;103052;BUGALAGRANDE;Rural;DISPERSA;Centro Tuluá;DISTRITO DE RIEGO ASODIS ALTO BONITO;ALTO BONITO;160.0;640.0;Soluciones_Individuales(22%);0;ACTIVO;4.112361;-76.00314;EXISTENTE
ACUEDUCTO_0092;61922;BUGALAGRANDE;Rural;DISPERSA;Centro Tuluá;JUNTA ADMINISTRADORA ACUEDUCTO LA MORENA;LA MORENA;22.0;88.0;Ninguno;0;ACTIVO;4.135678;-76.07157;EXISTENTE
ACUEDUCTO_0093;58652;BUGALAGRANDE;Urbano;CABECERA MUNICIPAL;Centro Tuluá;SOCIEDAD DE ACUEDUCTOS Y ALCANTARILLADOS DEL VALLE DEL CAUCA S.A. E.S.P. ACUAVALLE S.A. E.S.P.-BUGALAGRANDE;URBANO, EL OVERO, URIBE URIBE;4748.0;18992.0;Convencional;1;ACTIVO;4.202783;-76.16029;EXISTENTE
ACUEDUCTO_0094;113625;CAICEDONIA;Rural;DISPERSA;Centro Tuluá;ACUEDUCTO QUINCE LETRAS;QUINCE LETRAS;7.0;28.0;Ninguno;0;ACTIVO;4.222639;-75.84833;EXISTENTE
ACUEDUCTO_0095;125736;CAICEDONIA;Rural;DISPERSA;Centro Tuluá;ACUEDUCTO RURAL CAMPO AZUL;CAMPO AZUL;13.0;52.0;Solo desinfección;0;ACTIVO;4.254239;-75.82958;EXISTENTE
ACUEDUCTO_0096;60150;CAICEDONIA;Rural;DISPERSA;Centro Tuluá;ACUEDUCTOS AGUAS DE SAN ISIDRO;SAN ISIDRO;27.0;108.0;Pozo+Aireacion+Desinfección;1;ACTIVO;4.388314;-75.82526;EXISTENTE
ACUEDUCTO_0097;64035;CAICEDONIA;Rural;DISPERSA;Centro Tuluá;ASOCIACION COMUNITARIA ACUEDUCTO LA RIVERA-LA TESALIA;LA RIVERA,LA TESALIA;25.0;100.0;Soluciones_Individuales;0;ACTIVO;4.3175;-75.81181;EXISTENTE
ACUEDUCTO_0098;58635;CAICEDONIA;Rural;DISPERSA;Centro Tuluá;ASOCIACION COMUNITARIA ADMINISTRADORA ACUEDUCTO LA RIVERA -LA LEONA;LA RIVERA ,LA LEONA;25.0;100.0;Soluciones_Individuales;0;ACTIVO;4.317361;-75.80017;EXISTENTE
ACUEDUCTO_0099;103469;CAICEDONIA;Rural;CENTRO POBLADO;Centro Tuluá;"ASOCIACION DE USUARIOS ACUEDUCTO BARRAGAN BAJO ""ASODEABA""";BARRAGÁN;162.0;648.0;Solo desinfección;0;ACTIVO;4.337794;-75.79384;EXISTENTE
ACUEDUCTO_0100;62257;CAICEDONIA;Rural;DISPERSA;Centro Tuluá;ASOCIACION DE USUARIOS ACUEDUCTO DE FRONTINO, QUIEBRA Y CRUCERO;FRONTINO, QUIEBRA Y CRUCERO;90.0;360.0;Solo desinfección;0;ACTIVO;4.290506;-75.85454;EXISTENTE
ACUEDUCTO_0101;62258;CAICEDONIA;Rural;DISPERSA;Centro Tuluá;ASOCIACION DE USUARIOS ACUEDUCTO LA SUIZA;LA SUIZA;45.0;180.0;Solo desinfección;0;ACTIVO;4.293333;-75.86694;EXISTENTE
ACUEDUCTO_0102;60149;CAICEDONIA;Rural;DISPERSA;Centro Tuluá;ASOCIACION DE USUARIOS DE KARARE ASUKAR;KARARE;45.0;180.0;Solo desinfección;0;ACTIVO;4.386403;-75.84199;EXISTENTE
ACUEDUCTO_0103;113622;CAICEDONIA;Rural;DISPERSA;Centro Tuluá;ASOCIACION DE USUARIOS DEL ACUEDUCTO DE LA VEREDA SAN GERARDO DE CAICEDONIA;SAN GERARDO;25.0;100.0;FIME+Soluciones_Individuales;1;ACTIVO;4.281408;-75.80454;EXISTENTE
ACUEDUCTO_0104;115563;CAICEDONIA;Rural;DISPERSA;Centro Tuluá;ASOCIACION DE USUARIOS DEL ACUEDUCTO DE SAMARIA-BOLIVIA;SAMARIA , BOLIVIA;24.0;100.0;Ninguno;0;ACTIVO;4.264353;-75.87329;EXISTENTE
ACUEDUCTO_0105;127559;CAICEDONIA;Rural;DISPERSA;Centro Tuluá;ASOCIACION DE USUARIOS DEL ACUEDUCTO RURAL PALOGRANDE EL SALADO;EL SALADO;26.0;108.0;Ninguno;0;ACTIVO;4.295125;-75.82446;EXISTENTE
ACUEDUCTO_0106;59787;CAICEDONIA;Rural;CENTRO POBLADO;Centro Tuluá;ASOCIACION DE USUARIOS DEL ACUEDUCTO SAMARIA;SAMARIA;140.0;560.0;Solo desinfección;0;ACTIVO;4.269731;-75.87363;EXISTENTE
ACUEDUCTO_0107;65958;CAICEDONIA;Rural;CENTRO POBLADO;Centro Tuluá;ASOCIACION DE USUARIOS DEL ACUEDUCTO VEREDAL VILLA AURES-DABEIBA;VILLA AURES;93.0;372.0;Solo desinfección;0;ACTIVO;4.237764;-75.83255;EXISTENTE
ACUEDUCTO_0108;58636;CAICEDONIA;Rural;CENTRO POBLADO;Centro Tuluá;ASOCIACION DE USUARIOS DELACUEDUCTO LAS DELICIAS DE CAICEDONIA;LAS DELICIAS;25.0;200.0;Solo desinfección;0;ACTIVO;4.317842;-75.82571;EXISTENTE
ACUEDUCTO_0109;65957;CAICEDONIA;Rural;DISPERSA;Centro Tuluá;JUNTA ACCION COMUNAL VEREDA BURILA;BURILA;9.0;32.0;Solo desinfección;0;ACTIVO;4.288828;-75.82388;EXISTENTE
ACUEDUCTO_0110;123552;CAICEDONIA;Rural;DISPERSA;Centro Tuluá;JUNTA ACUEDUCTO LA DELFINA;LA DELFINA;8.0;0.0;Solo desinfección;0;ACTIVO;4.308083;-75.81707;EXISTENTE
ACUEDUCTO_0111;123555;CAICEDONIA;Rural;DISPERSA;Centro Tuluá;JUNTA ADMINISTRADORA ACUEDUCTO LA PAVA;LA PAVA;16.0;64.0;Ninguno;0;ACTIVO;4.277589;-75.81538;EXISTENTE
ACUEDUCTO_0112;127639;CAICEDONIA;Rural;DISPERSA;Centro Tuluá;JUNTA ADMINISTRADORA DEL ACUEDUCTO EL PARAISO;EL PARAISO;14.0;56.0;Ninguno;0;ACTIVO;4.209372;-75.84143;EXISTENTE
ACUEDUCTO_0113;114195;CAICEDONIA;Rural;DISPERSA;Centro Tuluá;JUNTA ADMINISTRADORA DEL ACUEDUCTO RURAL PUERTO RICO;PUERTO RICO;16.0;64.0;Ninguno;0;ACTIVO;4.263178;-75.81696;EXISTENTE
ACUEDUCTO_0114;111876;CAICEDONIA;Rural;DISPERSA;Centro Tuluá;JUNTA DE ACCION COMUNAL VEREDA LIMONES;LIMONES;9.0;36.0;Solo desinfección;0;ACTIVO;4.317894;-75.81534;EXISTENTE
ACUEDUCTO_0115;60100;CAICEDONIA;Rural;DISPERSA;Centro Tuluá;JUNTA DEL ACUEDUCTO BARRAGAN ALTO ASUABAL;BARRAGAN ALTO;85.0;340.0;Solo desinfección;0;ACTIVO;4.156681;-75.82363;EXISTENTE
ACUEDUCTO_0116;58653;CAICEDONIA;Urbano;CABECERA MUNICIPAL;Centro Tuluá;SOCIEDAD DE ACUEDUCTOS Y ALCANTARILLADOS DEL VALLE DEL CAUCA S.A. E.S.P. ACUAVALLE S.A. E.S.P.-CAICEDONIA;URBANO;7600.0;30400.0;Convencional;1;ACTIVO;4.335019;-75.82139;EXISTENTE
ACUEDUCTO_0117;59610;CALIMA;Rural;DISPERSA;Centro Tuluá;ACUADIAMANTE;DIAMANTE;120.0;480.0;Soluciones_Individuales;0;ACTIVO;4.093542;-76.38352;EXISTENTE
ACUEDUCTO_0118;59611;CALIMA;Rural;DISPERSA;Centro Tuluá;ACUAFLORIDA ALTA;FLORIDA ALTA;75.0;300.0;Solo desinfección;0;ACTIVO;3.969528;-76.41686;EXISTENTE
ACUEDUCTO_0120;59613;CALIMA;Rural;DISPERSA;Centro Tuluá;ACUASALUD LA PRIMAVERA;LA PRIMAVERA;31.0;124.0;Ninguno;0;ACTIVO;3.935722;-76.45111;EXISTENTE
ACUEDUCTO_0122;104614;CALIMA;Rural;DISPERSA;Centro Tuluá;ACUEDUCTO LA CRISTALINA;LA CRISTALINA;42.0;168.0;Ninguno;0;ACTIVO;3.982481;-76.46088;EXISTENTE
ACUEDUCTO_0121;136204;CALIMA;Rural;DISPERSA;Centro Tuluá;ACUEDUCTO PARCELACION AGUA DULCE;PARCELACION AGUA DULCE;35.0;140.0;Ninguno;0;ACTIVO;3.954753;-76.48405;EXISTENTE
ACUEDUCTO_0142;119884;CALIMA;Rural;DISPERSA;Centro Tuluá;ACUEDUCTO PARCELACION LA CLARITA;PARCELACION LA CLARITA;16.0;64.0;FD+Desinfección;1;ACTIVO;3.91225;-76.46809;EXISTENTE
ACUEDUCTO_0123;117138;CALIMA;Rural;DISPERSA;Centro Tuluá;ACUEDUCTO PARCELACION LA HOLANDA;LA HOLANDA;20.0;80.0;Ninguno;0;ACTIVO;3.874167;-76.47472;EXISTENTE
ACUEDUCTO_0144;118818;CALIMA;Rural;DISPERSA;Centro Tuluá;ACUEDUCTO PARCELACION NORUEGA;PARCELACION NORUEGA;25.0;100.0;Solo desinfección;0;ACTIVO;3.874806;-76.47836;EXISTENTE
ACUEDUCTO_0124;134070;CALIMA;Rural;DISPERSA;Centro Tuluá;ACUEDUCTO RURAL ACUAFLORIDA BAJA;LA FLORIDA BAJA;30.0;120.0;Filtración Compacta;1;ACTIVO;3.967028;-76.43081;EXISTENTE
ACUEDUCTO_0126;104566;CALIMA;Rural;CENTRO POBLADO;Centro Tuluá;ACUEDUCTO RURAL LA GAVIOTA ALTA - ACUAGAVIOTA;LA GAVIOTA;70.0;280.0;Soluciones_Individuales (50%);1;ACTIVO;3.977233;-76.43556;EXISTENTE
ACUEDUCTO_0127;122666;CALIMA;Rural;DISPERSA;Centro Tuluá;ACUEDUCTO RURAL LA GAVIOTA BAJA - ACUAGAVIOTA;LA GAVIOTA BAJO;70.0;280.0;Soluciones_Individuales;0;ACTIVO;3.977233;-76.43556;EXISTENTE
ACUEDUCTO_0136;127596;CALIMA;Rural;DISPERSA;Centro Tuluá;ACUEDUCTO VEREDA LA ITALIA;LA ITALIA;35.0;140.0;Ninguno;0;ACTIVO;3.996111;-76.43917;EXISTENTE
ACUEDUCTO_0145;59612;CALIMA;Rural;DISPERSA;Centro Tuluá;ASOCIACION COMUNITARIA ADMINISTRADORA DEL ACUEDUCTO DE LA VEREDA DE EL MIRADOR;EL MIRADOR;96.0;384.0;Soluciones_Individuales;1;ACTIVO;3.987939;-76.43919;EXISTENTE
ACUEDUCTO_0143;59607;CALIMA;Rural;DISPERSA;Centro Tuluá;ASOCIACION COMUNITARIA DEL ACUEDUCTO DE LA VEREDA SANTA ELENA MUNICIPIO DE CALIMA;SANTA ELENA;53.0;212.0;Solo desinfección;0;ACTIVO;3.930083;-76.49569;EXISTENTE
ACUEDUCTO_0128;122668;CALIMA;Rural;DISPERSA;Centro Tuluá;ASOCIACION DE ACUEDUCTO RURAL DE BELLA VISTA;LA GAVIOTA BELLAVISTA , EL MIRADOR;32.0;128.0;Ninguno;0;ACTIVO;3.980775;-76.43274;EXISTENTE
ACUEDUCTO_0129;109217;CALIMA;Rural;DISPERSA;Centro Tuluá;ASOCIACION DE USUARIOS DEL ACUEDUCTO DE LA UNION;LA UNION;70.0;280.0;Ninguno;0;ACTIVO;3.964167;-76.45056;EXISTENTE
ACUEDUCTO_0137;106177;CALIMA;Rural;CENTRO POBLADO;Centro Tuluá;ASOCIACION DE USUARIOS DEL ACUEDUCTO VEREDA EL GUADUAL JIGUALES - ACUAJIGUALES;JIGUALES;20.0;80.0;Ninguno;0;ACTIVO;3.905844;-76.45389;EXISTENTE
ACUEDUCTO_0130;122665;CALIMA;Rural;DISPERSA;Centro Tuluá;ASOCIACION DE USUARIOS DEL ACUEDUCTO VEREDAL LA LOMITA BAJO GAVIOTA;LA GAVIOTA BAJO;16.0;64.0;Ninguno;0;ACTIVO;3.976028;-76.43931;EXISTENTE
ACUEDUCTO_0139;113888;CALIMA;Rural;DISPERSA;Centro Tuluá;ASOCIACION DEL ACUEDUCTO RURAL DE BELLAVISTA ALTO;BELLAVISTA;8.0;32.0;Ninguno;0;ACTIVO;3.985008;-76.43202;EXISTENTE
ACUEDUCTO_0146;62254;CALIMA;Rural;DISPERSA;Centro Tuluá;ASOCIACION JUNTA ADMINISTRADORA ACUEDUCTO VEREDA SAN JOSE;SAN JOSE;88.0;352.0;Solo desinfección;0;ACTIVO;3.947589;-76.48788;EXISTENTE
ACUEDUCTO_0147;109334;CALIMA;Rural;DISPERSA;Centro Tuluá;CONDOMINIO CAMPESTRE VEGAS DEL CALIMA;EL REMOLINO BAJO;60.0;0.0;FIME;1;ACTIVO;3.931958;-76.46585;EXISTENTE
ACUEDUCTO_0148;58654;CALIMA;Urbano;CABECERA MUNICIPAL;Centro Tuluá;EMCALIMA ESP;URBANO;4129.0;16516.0;Convencional;1;ACTIVO;3.941667;-76.47713;EXISTENTE
ACUEDUCTO_0149;122153;CALIMA;Urbano;CABECERA MUNICIPAL;Centro Tuluá;EMCALIMA ESP - CIUDADELA;URBANO;526.0;2104.0;Convencional_Modular;1;ACTIVO;3.941667;-76.47713;EXISTENTE
ACUEDUCTO_0132;106807;CALIMA;Rural;DISPERSA;Centro Tuluá;JAC ALTO BOLEO;ALTO BOLEO;28.0;112.0;Ninguno;0;ACTIVO;3.967236;-76.47723;EXISTENTE
ACUEDUCTO_0134;116566;CALIMA;Rural;DISPERSA;Centro Tuluá;JUNTA ADMINISTRADORA DEL ACUEDUCTO VEREDA BAJO BOLEO;BAJO BOLEO;53.0;212.0;Ninguno;0;ACTIVO;3.968806;-76.47314;EXISTENTE
ACUEDUCTO_0140;65514;CALIMA;Rural;DISPERSA;Centro Tuluá;JUNTA DE ACUEDUCTO LA GUAIRA;LA GUAIRA;8.0;0.0;Soluciones_Individuales;1;ACTIVO;4.027528;-76.42306;EXISTENTE
ACUEDUCTO_0150;143200;CALIMA;Rural;DISPERSA;Centro Tuluá;PARCELACION PINOS 1;PARCELACION PINOS 1;50.0;200.0;Ninguno;0;ACTIVO;3.869847;-76.48801;EXISTENTE
ACUEDUCTO_0135;119423;CALIMA;Rural;DISPERSA;Centro Tuluá;PARCELACIÓN LOS REFUGIOS DE CALIMA;PARCELACION REFUGIOS DE CALIMA;93.0;372.0;Solo desinfección;0;ACTIVO;3.922036;-76.48957;EXISTENTE
ACUEDUCTO_0151;121969;DAGUA;Rural;DISPERSA;Sur Cali;ACUEDUCTO COMUNITARIO EL COGOLLO-ACUECOGOLLO;EL COGOLLO;36.0;80.0;Ninguno;0;ACTIVO;3.661464;-76.71281;EXISTENTE
ACUEDUCTO_0152;152015;DAGUA;Rural;DISPERSA;Sur Cali;ACUEDUCTO COMUNITARIO PROVIDENCIA SECTOR LA ESTRELLA - ACUAESTRELLA;PROVIDENCIA;40.0;160.0;Ninguno;0;ACTIVO;3.668789;-76.71489;EXISTENTE
ACUEDUCTO_0153;34207;DAGUA;Rural;CENTRO POBLADO;Sur Cali;ACUEDUCTO COMUNITARIO SAN BERNARDO;SAN BERNARDO;160.0;640.0;Solo desinfección;0;ACTIVO;3.48925;-76.65117;EXISTENTE
ACUEDUCTO_0154;124274;DAGUA;Rural;CENTRO POBLADO;Sur Cali;ACUEDUCTO DE CISNEROS;CISNEROS LIMITES;150.0;600.0;Ninguno;0;ACTIVO;3.783056;-76.76;EXISTENTE
ACUEDUCTO_0155;123224;DAGUA;Rural;DISPERSA;Sur Cali;ACUEDUCTO PARCELACION CAMPESTRE ASOFLORESTA;PARCELACION ASOFLORESTA , EL VERGEL;120.0;480.0;Filtración Compacta;1;ACTIVO;3.577222;-76.60917;EXISTENTE
ACUEDUCTO_0156;123562;DAGUA;Rural;DISPERSA;Sur Cali;ACUEDUCTO PARCELACION EL BOSQUE;CONDOMINIO EL BOSQUE;180.0;720.0;FD+Desinfección;1;ACTIVO;3.559194;-76.66928;EXISTENTE
ACUEDUCTO_0157;104288;DAGUA;Rural;CENTRO POBLADO;Sur Cali;ACUEDUCTO ZABALETAS;ZABALETAS;252.0;1008.0;Solo desinfección;0;ACTIVO;3.809947;-76.62087;EXISTENTE
ACUEDUCTO_0158;38184;DAGUA;Rural;DISPERSA;Sur Cali;ASOCIACION ACUEDUCTO RURAL COMUNITARIO SENDO - TIGRE - AACTISE;SENDO,TIGRE;260.0;1040.0;Solo desinfección;0;ACTIVO;3.533694;-76.69569;EXISTENTE
ACUEDUCTO_0159;121827;DAGUA;Rural;CENTRO POBLADO;Sur Cali;ASOCIACION AGUA VIGIA CORREGIMIENTO DE ATUNCELA MUNICIPIO DE DAGUA VALLE DEL CAUCA EN LIQUIDACION;ATUNCELA;18.0;72.0;Soluciones_Individuales;1;ACTIVO;3.740389;-76.67936;EXISTENTE
ACUEDUCTO_0160;33542;DAGUA;Rural;CENTRO POBLADO;Sur Cali;ASOCIACION COMUNITARIA ADMINISTRADORA DEL ACUEDUCTO DE LA LOCALIDAD DE SANTA MARIA - ACOACEDRO;SANTA MARIA PARTE ALTA;139.0;556.0;Ninguno;0;ACTIVO;3.630694;-76.72069;EXISTENTE
ACUEDUCTO_0161;34214;DAGUA;Rural;DISPERSA;Sur Cali;ASOCIACION COMUNITARIA ADMINISTRADORA DEL ACUEDUCTO DE SAN MIGUEL - ACUAMIGUEL;SAN MIGUEL;72.0;288.0;Solo desinfección;0;ACTIVO;3.522972;-76.62981;EXISTENTE
ACUEDUCTO_0162;46017;DAGUA;Rural;DISPERSA;Sur Cali;ASOCIACION COMUNITARIA DE ACUEDUCTO DE CHIPRE, ASOCHIPRE;BORRERO AYERBE (CHIPRE);35.0;140.0;Solo desinfección;0;ACTIVO;3.560442;-76.62249;EXISTENTE
ACUEDUCTO_0163;45575;DAGUA;Rural;DISPERSA;Sur Cali;ASOCIACION COMUNITARIA DEL ACUEDUCTO ACUACLOR - ACUACLOR;BORRERO AYERBE (KM26,KM27,KM28,KM29);235.0;940.0;Solo desinfección;0;ACTIVO;3.561944;-76.63778;EXISTENTE
ACUEDUCTO_0164;124277;DAGUA;Rural;DISPERSA;Sur Cali;ASOCIACION DE PROPIETARIOS PARCELACION MONTERRICO;PARCELACION MONTERRICO;170.0;680.0;FD+Desinfección;1;ACTIVO;3.537778;-76.61333;EXISTENTE
ACUEDUCTO_0165;115853;DAGUA;Rural;DISPERSA;Sur Cali;ASOCIACION DE SUSCRIPTORES DEL ACUEDUCTO COMUNAL VEREDA EL AGUACATE - ASUAGUACATE;EL AGUACATE;62.0;248.0;Ninguno;0;ACTIVO;3.569969;-76.71414;EXISTENTE
ACUEDUCTO_0166;124278;DAGUA;Rural;DISPERSA;Sur Cali;ASOCIACION DE SUSCRIPTORES DEL ACUEDUCTO LA SUIZA - SUAS. PARCELACION LA SUIZA;PARCELACION LA SUIZA, SAN JOSE DEL SALADO.;20.0;80.0;Solo desinfección;0;ACTIVO;3.564031;-76.717;EXISTENTE
ACUEDUCTO_0167;102666;DAGUA;Rural;DISPERSA;Sur Cali;ASOCIACION DE SUSCRIPTORES DEL SERVICIO DE ACUEDUCTO SAN JOAQUIN-ASOSANJOAQUIN;SAN JOAQUIN;22.0;88.0;Soluciones_Individuales;1;ACTIVO;3.658167;-76.67957;EXISTENTE
ACUEDUCTO_0168;50555;DAGUA;Rural;CENTRO POBLADO;Sur Cali;ASOCIACION DE SUSCRIPTORES DEL SERVICIO DE ACUEDUCTO SAN VICENTE-AGUASANVICENTE;SAN VICENTE;58.0;232.0;Soluciones_Individuales;1;ACTIVO;3.655803;-76.67748;EXISTENTE
ACUEDUCTO_0169;29761;DAGUA;Rural;CENTRO POBLADO;Sur Cali;ASOCIACION DE SUSCRIPTORES DEL SERVICIO DE AGUA EL VERGEL - AUVA E.S.P.;EL VERGEL;197.0;1125.0;Solo desinfección;0;ACTIVO;3.577822;-76.62861;EXISTENTE
ACUEDUCTO_0170;44630;DAGUA;Rural;CENTRO POBLADO;Sur Cali;ASOCIACION DE USUARIOS ACUEDUCTO LOBOGUERRERO;LOBOGUERRERO;690.0;2415.0;Soluciones_Individuales;1;ACTIVO;3.761389;-76.66592;EXISTENTE
ACUEDUCTO_0171;125244;DAGUA;Rural;DISPERSA;Sur Cali;ASOCIACION DE USUARIOS ACUEDUCTO LOS COLORADOS CORREGIMIENTO BORRERO AYERBE MUNICIPIO DE DAGUA, VALLE DEL CAUCA ASOCOLORADOS;LOS COLORADOS, VILLA DEL CARMEN;25.0;100.0;Solo desinfección;0;ACTIVO;3.553611;-76.64361;EXISTENTE
ACUEDUCTO_0172;117137;DAGUA;Rural;DISPERSA;Sur Cali;ASOCIACION DE USUARIOS ACUEDUCTO PUERTA DAGUA RIO DAGUA E.S.P - RIO DAGUA E.S.P;PUERTA DAGUA;82.0;328.0;Ninguno;0;ACTIVO;3.719861;-76.67075;EXISTENTE
ACUEDUCTO_0173;43208;DAGUA;Rural;DISPERSA;Sur Cali;ASOCIACION DE USUARIOS ACUEDUCTO VEREDA LA CLORINDA;LA CLORINDA TANQUE 1;100.0;400.0;Solo desinfección;0;ACTIVO;3.549167;-76.63028;EXISTENTE
ACUEDUCTO_0174;34208;DAGUA;Rural;CENTRO POBLADO;Sur Cali;ASOCIACION DE USUARIOS DE ACUEDUCTO DE LA VEREDA TOCOTA - ASOTOCOTA;TOCOTA;228.0;912.0;FD+Desinfección;1;ACTIVO;3.507444;-76.648;EXISTENTE
ACUEDUCTO_0175;128093;DAGUA;Rural;CENTRO POBLADO;Sur Cali;ASOCIACION DE USUARIOS DE ACUEDUCTO EL PALMARCITO DE LA VEREDA LA VIRGEN EN LIQUIDACION;LA VIRGEN;17.0;68.0;Solo desinfección;0;ACTIVO;3.603417;-76.63022;EXISTENTE
ACUEDUCTO_0176;120464;DAGUA;Rural;DISPERSA;Sur Cali;ASOCIACION DE USUARIOS DE ACUEDUCTO VEREDA LAS DELICIAS - ASAD ESP. ALTA;LAS DELICIAS;56.0;224.0;Ninguno;0;ACTIVO;3.628233;-76.66364;EXISTENTE
ACUEDUCTO_0177;34631;DAGUA;Rural;DISPERSA;Sur Cali;ASOCIACION DE USUARIOS DE ACUEDUCTO VEREDA LAS DELICIAS - ASAD ESP. BAJA;LAS DELICIAS PARTE BAJA Y ALTA;40.0;160.0;Solo desinfección;0;ACTIVO;3.628472;-76.66347;EXISTENTE
ACUEDUCTO_0180;111599;DAGUA;Rural;DISPERSA;Sur Cali;ASOCIACION DE USUARIOS DEL ACUEDUCTO DE LA VEREDA CENTELLA (BAJA) CRGT VILLAHERMOSA - DAGUA.;CENTELLA PARTE BAJA;26.0;104.0;FD+Desinfección;1;ACTIVO;3.617889;-76.64569;EXISTENTE
ACUEDUCTO_0181;33511;DAGUA;Rural;CENTRO POBLADO;Sur Cali;ASOCIACION DE USUARIOS DEL ACUEDUCTO DE SANTA MARIA PARTE BAJA - ASUASBA;SANTA MARIA PARTE BAJA;95.0;333.0;FD+Desinfección;1;ACTIVO;3.630083;-76.70553;EXISTENTE
ACUEDUCTO_0182;28230;DAGUA;Rural;CENTRO POBLADO;Sur Cali;ASOCIACION DE USUARIOS DEL ACUEDUCTO PEÑA ALEGRIA KM 26 BORRERO AYERBE - ASUAPAL;BORRERO AYERBE (KM 26);186.0;720.0;Solo desinfección;0;ACTIVO;3.559222;-76.61889;EXISTENTE
ACUEDUCTO_0183;101957;DAGUA;Rural;CENTRO POBLADO;Sur Cali;ASOCIACION DE USUARIOS DEL ACUEDUCTO QUEBRADA LOS CHORROS, CORREGIMIENTO ATUNCELA, MUNICIPIO DE DAGUA;ATUNCELA;64.0;252.0;Soluciones_Individuales;1;ACTIVO;3.737167;-76.67894;EXISTENTE
ACUEDUCTO_0184;103022;DAGUA;Rural;DISPERSA;Sur Cali;ASOCIACION DE USUARIOS DEL ACUEDUCTO RURAL COLECTIVO DE LA VEREDA DE MACHADO;MACHADO;188.0;752.0;Solo desinfección;0;ACTIVO;3.534972;-76.69569;EXISTENTE
ACUEDUCTO_0185;34630;DAGUA;Rural;DISPERSA;Sur Cali;ASOCIACION DE USUARIOS DEL ACUEDUCTO RURAL VILLAHERMOSA-ACUEHERMOSA;VILLAHERMOSA;150.0;600.0;FD+Desinfección;1;ACTIVO;3.736944;-76.67531;EXISTENTE
ACUEDUCTO_0186;45411;DAGUA;Rural;DISPERSA;Sur Cali;"ASOCIACION DE USUARIOS DEL ACUEDUCTO VEREDAL ""LA ROSITA E.S.P."" - ASO ACUEDUCTO";LA ROSITA;97.0;388.0;Solo desinfección;0;ACTIVO;3.541417;-76.68042;EXISTENTE
ACUEDUCTO_0187;115850;DAGUA;Rural;DISPERSA;Sur Cali;ASOCIACION DE USUARIOS DEL SERVICIO DE ACUEDUCTO LA BALASTRERA - ACUEDUCTO LA BALASTRERA;LOMA ALTA LA BALASTRERA;54.0;216.0;Solo desinfección;0;ACTIVO;3.516417;-76.63107;EXISTENTE
ACUEDUCTO_0188;35016;DAGUA;Rural;DISPERSA;Sur Cali;ASOCIACION DE USUARIOS DEL SERVICIO DE AGUA DE ACUEDUCTO DE JIGUALES, ACUAJI;JIGUALES;368.0;1472.0;Solo desinfección;0;ACTIVO;3.594939;-76.66242;EXISTENTE
ACUEDUCTO_0190;111037;DAGUA;Rural;CENTRO POBLADO;Sur Cali;ASOCIACION DE USUARIOS DEL SERVICIO DE AGUA POTABLE Y ALCANTARILLADO DE LA VEREDA EL CHILCAL;EL CHILCAL;246.0;984.0;Solo desinfección;0;ACTIVO;3.583917;-76.70906;EXISTENTE
ACUEDUCTO_0191;38277;DAGUA;Rural;CENTRO POBLADO;Sur Cali;ASOCIACION DE USUARIOS DEL SERVICIO DE AGUA POTABLE Y ALCANTARILLADO DE LAS CAMELIAS - AUSAPACECS. - ALTA;LAS CAMELIAS;2080.0;520.0;Solo desinfección;0;ACTIVO;3.546564;-76.71467;EXISTENTE
ACUEDUCTO_0192;32476_1;DAGUA;Rural;CENTRO POBLADO;Sur Cali;ASOCIACION DE USUARIOS DEL SERVICIO DE AGUA POTABLE Y ALCANTARILLADO DE LAS CAMELIAS - AUSAPACECS. - BAJA;LAS CAMELIAS;2080.0;520.0;Solo desinfección;0;AJUSTADO_DUPLICADO;3.546564;-76.71467;EXISTENTE
ACUEDUCTO_0193;32190;DAGUA;Rural;CENTRO POBLADO;Sur Cali;ASOCIACION DE USUARIOS DEL SERVICIO DE AGUA POTABLE Y ALCANTARILLADO QUEREMAL ASUAQ;EL QUEREMAL, POTRERITO, ALTO SAN JUAN Y EL TIGRE.;1693.0;6772.0;FIME;1;ACTIVO;3.530111;-76.70983;EXISTENTE
ACUEDUCTO_0195;128094;DAGUA;Rural;CENTRO POBLADO;Sur Cali;ASOCIACION DE USUARIOS NACIMIENTO LA ROSITA, VEREDA YERBABUENA EL PALMAR;YERBABUENA;62.0;248.0;Solo desinfección;0;ACTIVO;3.594503;-76.64699;EXISTENTE
ACUEDUCTO_0196;34212;DAGUA;Rural;CENTRO POBLADO;Sur Cali;ASOCIACION DE USUARIOS, ACUEDUCTO SAN JOSE DEL SALADO - ACUASALADO;SAN JOSE DEL SALADO , PARTE BAJA;340.0;1360.0;Solo desinfección;0;ACTIVO;3.561139;-76.71369;EXISTENTE
ACUEDUCTO_0197;45410;DAGUA;Rural;CENTRO POBLADO;Sur Cali;ASOCIACION DE USUARIOS, ACUEDUCTO SAN JOSE DEL SALADO PARTE ALTA - ASUSAL;SAN JOSE DEL SALADO , PARTE ALTA;155.0;620.0;Solo desinfección;0;ACTIVO;3.555139;-76.71741;EXISTENTE
ACUEDUCTO_0198;38166;DAGUA;Rural;DISPERSA;Sur Cali;ASOCIACION EMPRESA COMUNITARIA ACUASALUD ALTO DE LAS TORTOLAS - ACUASALUD ALTO DE LAS TORTOLAS;ALTO DE LAS TORTOLAS;400.0;1600.0;Solo desinfección;0;ACTIVO;3.537789;-76.65913;EXISTENTE
ACUEDUCTO_0200;105134;DAGUA;Rural;DISPERSA;Sur Cali;ASOCIACION EMPRESA COMUNITARIA ACUEDUCTO BORRERO AYERBE - ECASP. ESP. - KM 28 AMBICHINTE;BORRERO AYERBE (KM 28);158.0;632.0;FIME;1;ACTIVO;3.564239;-76.636;EXISTENTE
ACUEDUCTO_0201;33510;DAGUA;Rural;CENTRO POBLADO;Sur Cali;ASOCIACION EMPRESA COMUNITARIA DE ACUEDUCTO DE BORRERO AYERBE - ECASP. ESP. - KM 30;BORRERO AYERBE (KM30);2173.0;8692.0;FIME;1;ACTIVO;3.571653;-76.65;EXISTENTE
ACUEDUCTO_0202;110058;DAGUA;Rural;DISPERSA;Sur Cali;ASOCIACION EMPRESA COMUNITARIA DE ACUEDUCTO DE LA PARCELACION HATOCHICO - SAN DIEGO - ACUASALUD HATO;PARCELACION HATO CHICO;80.0;320.0;Solo desinfección;0;ACTIVO;3.571972;-76.66908;EXISTENTE
ACUEDUCTO_0203;32191;DAGUA;Rural;DISPERSA;Sur Cali;ASOCIACION RURAL ACUEDUCTO CENTELLA PARTE ALTA;CENTELLA ALTA;48.0;0.0;Ninguno;0;ACTIVO;3.618083;-76.62908;EXISTENTE
ACUEDUCTO_0178;41031;DAGUA;Rural;CENTRO POBLADO;Sur Cali;ASOCIACIÓN DE USUARIOS DE ACUEDUCTO Y SERVICIOS BÁSICOS PUEBLO NUEVO-A.U.AS.B;PUEBLO NUEVO;240.0;968.0;Solo desinfección;0;ACTIVO;3.582111;-76.62811;EXISTENTE
ACUEDUCTO_0179;145415;DAGUA;Rural;DISPERSA;Sur Cali;ASOCIACIÓN DE USUARIOS DEL ACUEDUCTO COMUNITARIO QUEBRADA LA CLEMENTINA;LA CLEMENTINA;32.0;128.0;Ninguno;0;ACTIVO;3.534653;-76.64667;EXISTENTE
ACUEDUCTO_0189;119865;DAGUA;Rural;CENTRO POBLADO;Sur Cali;ASOCIACIÓN DE USUARIOS DEL SERVICIO DE AGUA POTABLE DEL LIMONAR MUNICIPIO DE DAGUA;LIMONAR;137.0;548.0;Solo desinfección;0;ACTIVO;3.608703;-76.71041;EXISTENTE
ACUEDUCTO_0194;35015;DAGUA;Rural;DISPERSA;Sur Cali;ASOCIACIÓN DE USUARIOS DEL SERVICIO DE AGUA Y ALCANTARILLADO SAN VICENTE KM 95 ALTO CAMELIAS CENTELL;LAS CAMELIAS KM 95 ALTO;220.0;880.0;Solo desinfección;0;ACTIVO;3.643667;-76.66981;EXISTENTE
ACUEDUCTO_0204;51279;DAGUA;Rural;DISPERSA;Sur Cali;CONCEJO COMUNITARIO DE CORREGIMIENTO LA ELSA.;LA ELSA.;14.0;56.0;Ninguno;0;ACTIVO;3.5795;-76.78163;EXISTENTE
ACUEDUCTO_0205;135368;DAGUA;Rural;CENTRO POBLADO;Sur Cali;CONDOMINIO CAMPESTRE COLINAS DE TOCOTA;TOCOTA DAGUA;78.0;312.0;Solo desinfección;0;ACTIVO;3.514692;-76.64765;EXISTENTE
ACUEDUCTO_0206;124279;DAGUA;Rural;DISPERSA;Sur Cali;CONJUNTO CAMPESTRE AMBICHINTE;CONJUNTO CAMPESTRE AMBICHINTE;81.0;324.0;Planta Modular;1;ACTIVO;3.566122;-76.63196;EXISTENTE
ACUEDUCTO_0366;33140_1;DAGUA;Rural;CENTRO POBLADO;Sur Cali;CORPORACIÓN REGIONAL DE ACUEDUCTO ALCANTARILLADO Y SERVICIOS DE SANEAMIENTO BÁSICO MARIA PIÑAL - CORABASE-E.S.P.;LA MARÍA 430 (LA CUMBRE), EL PIÑAL 665 (DAGUA).;400.0;1600.0;Solo desinfección;0;AJUSTADO_DUPLICADO;3.688389;-76.6435;EXISTENTE
ACUEDUCTO_0207;134185;DAGUA;Rural;DISPERSA;Sur Cali;EMPRESA COMUNITARIA ACUEDUCTO RURAL COLECTIVO LAS BRISAS - ECOABRISAS;LAS BRISAS;135.0;540.0;Solo desinfección;0;ACTIVO;3.609611;-76.63956;EXISTENTE
ACUEDUCTO_0208;35014;DAGUA;Rural;CENTRO POBLADO;Sur Cali;EMPRESA COMUNITARIA DE ACUEDUCTO RURAL EL PALMAR SECTOR LA VIBORA;EL PALMAR , LA VIBORA;163.0;652.0;Solo desinfección;0;ACTIVO;3.599694;-76.64625;EXISTENTE
ACUEDUCTO_0209;113450;DAGUA;Rural;CENTRO POBLADO;Sur Cali;EMPRESA COMUNITARIA DE ACUEDUCTO RURAL EL PALMAR SECTOR LA VIRGEN;EL PALMAR , LA VIRGEN;280.0;980.0;Solo desinfección;0;ACTIVO;3.603083;-76.64647;EXISTENTE
ACUEDUCTO_0210;28231;DAGUA;Rural;DISPERSA;Sur Cali;EMPRESA DE SERVICIO PRIVADO ACUASALUD EL CARMELO;PARCELACION EL CARMELO;374.0;1496.0;Solo desinfección;0;ACTIVO;3.544783;-76.66725;EXISTENTE
ACUEDUCTO_0211;115852;DAGUA;Rural;DISPERSA;Sur Cali;JAC ACUEDUCTO SECTOR LA ESCUELA VEREDA LOMALTA;LOMALTA;240.0;960.0;Ninguno;0;ACTIVO;3.510064;-76.63335;EXISTENTE
ACUEDUCTO_0212;30197;DAGUA;Rural;DISPERSA;Sur Cali;JUNTA ADMINISTRADORA ACUEDUCTO AGUAS CLARAS;BORRERO AYERBE (BARRIO COREA);109.0;436.0;Solo desinfección;0;ACTIVO;3.577283;-76.64651;EXISTENTE
ACUEDUCTO_0213;128439;DAGUA;Rural;DISPERSA;Sur Cali;JUNTA ADMINISTRADORA ACUEDUCTO PARAGUITAS JAACUPAR;JORDANCITO , PARAGUITAS;200.0;800.0;Solo desinfección;0;ACTIVO;3.518831;-76.66646;EXISTENTE
ACUEDUCTO_0214;109610;DAGUA;Rural;DISPERSA;Sur Cali;JUNTA ADMINISTRADORA DE ACUEDUCTO PEÑAS RUCIAS VEREDA EL JORDANCITO, SAN BERNARDO. DAGUA - VALLE;JORDANCITO;187.0;748.0;Solo desinfección;0;ACTIVO;3.502611;-76.66528;EXISTENTE
ACUEDUCTO_0215;112959;DAGUA;Rural;DISPERSA;Sur Cali;JUNTA ADMINISTRADORA DE ACUEDUCTO TRAPICHE - LA YOLOMBA;TRAPICHE , LA YOLOMBA;150.0;525.0;Soluciones_Individuales;0;ACTIVO;3.778167;-76.64664;EXISTENTE
ACUEDUCTO_0216;39037;DAGUA;Rural;DISPERSA;Sur Cali;JUNTA ADMINISTRADORA DE AGUAS, VEREDA EL JORDAN, DAGUA - ACUASALUD E.S.P.;JORDAN;160.0;640.0;Solo desinfección;0;ACTIVO;3.521111;-76.67492;EXISTENTE
ACUEDUCTO_0218;51613;DAGUA;Rural;DISPERSA;Sur Cali;JUNTA DE ACCION COMUNAL VEREDA EL DIVISO. PERSONERIA JURIDICA 069;EL DIVISO;65.0;260.0;FD+Desinfección;1;ACTIVO;3.519306;-76.65283;EXISTENTE
ACUEDUCTO_0217;135197;DAGUA;Rural;DISPERSA;Sur Cali;JUNTA DE ACCIÓN COMUNAL VEREDA BEN HUR;BEN HUR;41.0;164.0;Ninguno;0;ACTIVO;3.492278;-76.65353;EXISTENTE
ACUEDUCTO_0219;145509;DAGUA;Rural;DISPERSA;Sur Cali;JUNTA DE ACCIÓN COMUNAL VEREDA LA ESMERALDA;LA ESMERALDA;31.0;52.0;Ninguno;0;ACTIVO;3.649217;-76.71553;EXISTENTE
ACUEDUCTO_0221;121524;DAGUA;Rural;DISPERSA;Sur Cali;PARCELACION EL ENSUEÑO SEGUNDA ETAPA;PARCELACION EL ENSUEÑO ETAPA 2 SERES: A , B.;43.0;172.0;FD+Desinfección;1;ACTIVO;3.561944;-76.60556;EXISTENTE
ACUEDUCTO_0222;151165;DAGUA;Rural;DISPERSA;Sur Cali;PARCELACION SAN FERNANDO;PARCELACION SAN FERNANDO;392.0;1568.0;Solo desinfección;0;ACTIVO;3.658406;-76.6908;EXISTENTE
ACUEDUCTO_0223;34221;DAGUA;Rural;CENTRO POBLADO;Sur Cali;SOCIEDAD DE ACUEDUCTOS Y ALCANTARILLADOS DEL VALLE DEL CAUCA S.A. E.S.P. ACUAVALLE S.A. E.S.P. - EL CARMEN;EL CARMEN,BAHONDO,JUNTAS,LA VIRGINIA,AGUA SUCIA,BORRERO AYERBE,ALTO CARMEN;863.0;3462.0;Filtración Compacta;1;ACTIVO;3.565292;-76.57585;EXISTENTE
ACUEDUCTO_0224;29759;DAGUA;Urbano;CABECERA MUNICIPAL;Sur Cali;SOCIEDAD DE ACUEDUCTOS Y ALCANTARILLADOS DEL VALLE DEL CAUCA S.A. E.S.P. ACUAVALLE S.A. E.S.P.- DAGUA;URBANO, El CARMEN;3825.0;15300.0;Convencional;1;ACTIVO;3.659139;-76.68886;EXISTENTE
ACUEDUCTO_0225;144306;EL AGUILA;Rural;DISPERSA;Norte Cartago;ACUEDUCTO RURAL EL NARANJO -JAC;EL NARANJO;13.0;52.0;Ninguno;0;ACTIVO;4.928961;-76.03155;EXISTENTE
ACUEDUCTO_0226;148293;EL AGUILA;Rural;DISPERSA;Norte Cartago;ACUEDUCTO RURAL LA JUDEA 2 -EL BRILLANTE;EL BRILLANTE;23.0;0.0;Soluciones_Individuales;1;ACTIVO;4.952156;-76.0642;EXISTENTE
ACUEDUCTO_0227;81605;EL AGUILA;Rural;DISPERSA;Norte Cartago;ACUEDUCTO RURAL VEREDA LA GUERRA;LA GUERRA;20.0;80.0;Ninguno;0;ACTIVO;4.920264;-76.02971;EXISTENTE
ACUEDUCTO_0228;103590;EL AGUILA;Rural;DISPERSA;Norte Cartago;ACUEDUCTO VEREDA EL CORAZON;EL CORAZON;10.0;40.0;Ninguno;0;ACTIVO;4.878286;-76.07258;EXISTENTE
ACUEDUCTO_0229;128788;EL AGUILA;Rural;DISPERSA;Norte Cartago;ASOCIACION DE USUARIOS ACUEDUCTO LA ALBANIA;LA ALBANIA;33.0;132.0;Ninguno;0;ACTIVO;4.858314;-76.08634;EXISTENTE
ACUEDUCTO_0230;81103;EL AGUILA;Rural;DISPERSA;Norte Cartago;ASOCIACION DE USUARIOS ACUEDUCTO LA JUDEA;LA JUDEA;38.0;152.0;Soluciones_Individuales;1;ACTIVO;4.955492;-76.06062;EXISTENTE
ACUEDUCTO_0231;109329;EL AGUILA;Rural;DISPERSA;Norte Cartago;ASOCIACION DE USUARIOS DE ACUEDUCTO EL PITAL;EL PITAL;32.0;128.0;Ninguno;0;ACTIVO;4.872006;-76.0684;EXISTENTE
ACUEDUCTO_0233;81607;EL AGUILA;Rural;CENTRO POBLADO;Norte Cartago;ASOCIACION DE USUARIOS DEL ACUEDUCTO COLECTIVO (COSTA);EL COFRE,SAN JOSE,TRAVESIAS, ALTO BONITO;166.0;664.0;Solo desinfección;0;ACTIVO;4.518231;-76.14246;EXISTENTE
ACUEDUCTO_0234;91664;EL AGUILA;Rural;DISPERSA;Norte Cartago;ASOCIACION DE USUARIOS DEL ACUEDUCTO DE LA CEDALIA;LA CEDALIA;30.0;120.0;Solo desinfección;0;ACTIVO;4.874994;-76.09979;EXISTENTE
ACUEDUCTO_0235;86226;EL AGUILA;Rural;DISPERSA;Norte Cartago;ASOCIACION DE USUARIOS DEL ACUEDUCTO DE LA LIBERTAD CATARINA;LA LIBERTAD;54.0;216.0;Solo desinfección;0;ACTIVO;4.854022;-76.02068;EXISTENTE
ACUEDUCTO_0236;80781;EL AGUILA;Rural;CENTRO POBLADO;Norte Cartago;ASOCIACION DE USUARIOS DEL ACUEDUCTO RURAL COMUNITARIO DEL CORREGIMIENTO LA MARIA;LA MARIA;170.0;680.0;FIME;1;ACTIVO;4.869781;-76.08116;EXISTENTE
ACUEDUCTO_0237;88332;EL AGUILA;Rural;CENTRO POBLADO;Norte Cartago;ASOCIACION DE USUARIOS DEL ACUEDUCTO RURAL COMUNITARIO DEL CORREGIMIENTO QUIEBRA DE SAN PABLO (ASOPARAISORURAL);LA QUIEBRA SAN PABLO;60.0;0.0;Solo desinfección;0;ACTIVO;4.860267;-76.06031;EXISTENTE
ACUEDUCTO_0238;86214;EL AGUILA;Rural;CENTRO POBLADO;Norte Cartago;ASOCIACION DE USUARIOS DEL ACUEDUCTO SANTA RITA - VILLANUEVA;CORREGIMIENO VILLANUEVA;284.0;1136.0;Solo desinfección;0;ACTIVO;4.969869;-76.03749;EXISTENTE
ACUEDUCTO_0239;111723;EL AGUILA;Rural;DISPERSA;Norte Cartago;ASOCIACION MUNICIPAL DE ACUEDUCTOS RURALES AGUA Y VIDA - LA LINEA;LA LINEA;;;Filtración Compacta;1;ACTIVO;4.887383;-76.06308;EXISTENTE
ACUEDUCTO_0232;80785;EL AGUILA;Rural;CENTRO POBLADO;Norte Cartago;ASOCIACIÓN DE USUARIOS DEL ACUEDUCTO CAÑAVERAL;CAÑAVERAL;43.0;172.0;Ninguno;0;ACTIVO;4.984017;-76.04294;EXISTENTE
ACUEDUCTO_0240;109476;EL AGUILA;Rural;DISPERSA;Norte Cartago;EMPRESA COMUNAL SOLIDARIA SANTA CLARA DE LOS ACUEDUCTOS 1 Y 2 - LLANO GRANDE # 1;SAN LUIS LLANO GRANDE;25.0;100.0;Filtración Compacta;1;ACTIVO;4.906111;-76.05583;EXISTENTE
ACUEDUCTO_0242;86223;EL AGUILA;Rural;DISPERSA;Norte Cartago;JUNTA ADMINISTRADORA ACUEDUCTO EL EMBAL;EL EMBAL;37.0;148.0;Ninguno;0;ACTIVO;4.860767;-76.11458;EXISTENTE
ACUEDUCTO_0243;125032;EL AGUILA;Rural;DISPERSA;Norte Cartago;JUNTA ADMINISTRADORA ACUEDUCTO LA ESTRELLA;LA ESTRELLA;25.0;100.0;Ninguno;0;ACTIVO;4.938417;-76.06234;EXISTENTE
ACUEDUCTO_0244;87088;EL AGUILA;Rural;CENTRO POBLADO;Norte Cartago;JUNTA ADMINISTRADORA DEL ACUEDUCTO ESPARTA;LA ESPARTA;25.0;100.0;Filtración Compacta;1;ACTIVO;4.912053;-75.98893;EXISTENTE
ACUEDUCTO_0245;117582;EL AGUILA;Rural;DISPERSA;Norte Cartago;JUNTA ADMON SANTA ELENA BAJO;SANTA ELENA BAJO;12.0;48.0;Ninguno;0;ACTIVO;4.926389;-76.05778;EXISTENTE
ACUEDUCTO_0247;147215;EL AGUILA;Rural;DISPERSA;Norte Cartago;JUNTA DE ACCION COMUNAL LLANO GRANDE ACUEDUCTO SANTA CLARA 2;SANTA CLARA;18.0;72.0;Ninguno;0;ACTIVO;4.915608;-76.06359;EXISTENTE
ACUEDUCTO_0248;86233;EL AGUILA;Urbano;CABECERA MUNICIPAL;Norte Cartago;SOCIEDAD DE ACUEDUCTOS Y ALCANTARILLADOS DEL VALLE DEL CAUCA S.A. E.S.P. ACUAVALLE S.A. E.S.P.-EL ÁGUILA;URBANO, EL CAJON, GUACAS, LA PAZ;805.0;3220.0;Convencional;1;ACTIVO;4.911111;-76.04084;EXISTENTE
ACUEDUCTO_0249;145147;EL CAIRO;Rural;DISPERSA;Norte Cartago;ACUEDUCTO RURAL EL DIAMANTE;EL DIAMANTE;4.0;16.0;Ninguno;0;ACTIVO;4.795122;-76.15564;EXISTENTE
ACUEDUCTO_0250;109646;EL CAIRO;Rural;DISPERSA;Norte Cartago;ACUEDUCTO RURAL LA CARBONERA;LA CARBONERA;7.0;28.0;Filtración Compacta;1;ACTIVO;4.775011;-76.15863;EXISTENTE
ACUEDUCTO_0251;97365;EL CAIRO;Rural;DISPERSA;Norte Cartago;ACUEDUCTO VEREDAL ALTO BONITO;ALTO BONITO;23.0;92.0;Solo desinfección;0;ACTIVO;4.804681;-76.18031;EXISTENTE
ACUEDUCTO_0252;80062;EL CAIRO;Rural;DISPERSA;Norte Cartago;ASOCIACION COMUNITARIA ADMINISTRADORA DEL ACUEDUCTO DE LA VEREDA DE LLANOGRANDE;LLANO GRANDE;26.0;224.0;Filtración Compacta;1;ACTIVO;4.749567;-76.21744;EXISTENTE
ACUEDUCTO_0253;91656;EL CAIRO;Rural;DISPERSA;Norte Cartago;ASOCIACION DE USUARIOS ACUEDUCTO RURAL COMUNITARIO VEREDAS LA MIRANDA Y LA GUARDIA NIT 900514623-1;LA MIRANDA Y LA GUARDIA;21.0;84.0;Soluciones_Individuales;1;ACTIVO;4.718703;-76.19451;EXISTENTE
ACUEDUCTO_0254;114537;EL CAIRO;Rural;DISPERSA;Norte Cartago;ASOCIACION DE USUARIOS ACUEDUCTO SALMELIA;SALMELIA;25.0;100.0;Filtración Compacta;1;ACTIVO;4.738394;-76.17342;EXISTENTE
ACUEDUCTO_0255;86229;EL CAIRO;Rural;CENTRO POBLADO;Norte Cartago;ASOCIACION DE USUARIOS DEL ACUEDUCTO RURAL COMUNITARIO DEL CORREGIMIENTO ALBAN;ALBAN;5.0;25.0;FIME;1;ACTIVO;4.782008;-76.17213;EXISTENTE
ACUEDUCTO_0256;86228;EL CAIRO;Rural;DISPERSA;Norte Cartago;ASOCIACION DE USUARIOS DEL ACUEDUCTO RURAL COMUNITARIO DEL CORREGIMIENTO ALBAN ACUEDUCTO SAN JOSE # 2;SAN JOSE;14.0;56.0;Filtración Compacta;1;ACTIVO;4.736472;-76.25615;EXISTENTE
ACUEDUCTO_0258;86230;EL CAIRO;Rural;DISPERSA;Norte Cartago;ASOCIACION DE USUARIOS DEL ARC LA ESTRELLA LUNA PARK;LUNAPARK,LA CANCANA,EL PIÑUELO,LA ESTRELLA,LAS MARGARITAS;80.0;320.0;Filtración Compacta;1;ACTIVO;4.776333;-76.19888;EXISTENTE
ACUEDUCTO_0257;12561;EL CAIRO;Rural;DISPERSA;Norte Cartago;ASOCIACIÓN DE USUARIOS DEL ACUEDUCTO RURAL VEREDA SAN JOSE #1;SAN JOSE # 1;28.0;112.0;Soluciones_Individuales;1;ACTIVO;4.782008;-76.17213;EXISTENTE
ACUEDUCTO_0259;80742;EL CAIRO;Rural;DISPERSA;Norte Cartago;JUNTA ACUEDUCTIO RURAL LA GUARDIA;LA GUARDIA;14.0;56.0;Soluciones_Individuales;1;ACTIVO;4.710411;-76.19399;EXISTENTE
ACUEDUCTO_0260;12560;EL CAIRO;Rural;DISPERSA;Norte Cartago;JUNTA ADMINISTRADORA ACUEDUCTO CAMELLONES ALTO;CAMELLONES PARTE ALTA (2);6.0;24.0;Filtración Compacta;1;ACTIVO;4.729806;-76.19875;EXISTENTE
ACUEDUCTO_0261;80740;EL CAIRO;Rural;DISPERSA;Norte Cartago;JUNTA ADMINISTRADORA ACUEDUCTO CAMELLONES BAJO;CAMELLONES PARTE BAJA;10.0;40.0;Solo desinfección;0;ACTIVO;4.725494;-76.20714;EXISTENTE
ACUEDUCTO_0262;91931;EL CAIRO;Rural;DISPERSA;Norte Cartago;JUNTA ADMINISTRADORA DEL ACUEDUCTO DE BELLAVISTA;BELLAVISTA;30.0;120.0;Ninguno;0;ACTIVO;4.696494;-76.24563;EXISTENTE
ACUEDUCTO_0263;91939;EL CAIRO;Rural;DISPERSA;Norte Cartago;JUNTA ADMINISTRADORA DEL ACUEDUCTO EL PACIFICO;EL PACIFICO;18.0;72.0;Solo desinfección;0;ACTIVO;4.812511;-76.16945;EXISTENTE
ACUEDUCTO_0264;87885;EL CAIRO;Rural;DISPERSA;Norte Cartago;JUNTA ADMON ACUEDUCTO LA PALMERA;LA PALMERA;20.0;80.0;Filtración Compacta;1;ACTIVO;4.731694;-76.22921;EXISTENTE
ACUEDUCTO_0265;132430;EL CAIRO;Rural;DISPERSA;Norte Cartago;JUNTA ADMON LOCAL VEREDA NAPOLES;NAPOLES;13.0;52.0;Ninguno;0;ACTIVO;4.759461;-76.24503;EXISTENTE
ACUEDUCTO_0266;81273;EL CAIRO;Urbano;CABECERA MUNICIPAL;Norte Cartago;SOCIEDAD DE ACUEDUCTOS Y ALCANTARILLADOS DEL VALLE DEL CAUCA S.A. E.S.P. ACUAVALLE S.A. E.S.P. - EL CAIRO;URBANO;957.0;3828.0;Convencional;1;ACTIVO;4.756722;-76.22367;EXISTENTE
ACUEDUCTO_0268;33513;EL CERRITO;Rural;DISPERSA;Sur Cali;ACUASALUD AUJI;AUJI;100.0;400.0;Solo desinfección;0;ACTIVO;3.620778;-76.10819;EXISTENTE
ACUEDUCTO_0671;151906;EL CERRITO;Rural;DISPERSA;Sur Cali;ACUEDUCTO AGUAS DEL CASTILLO;PARCELACION EL CASTILLO;0.0;;Filtración Compacta;1;ACTIVO;3.665444;-76.19239;EXISTENTE
ACUEDUCTO_0269;39038;EL CERRITO;Rural;DISPERSA;Sur Cali;ACUEDUCTO EL MORAL;EL MORAL;120.0;480.0;Planta Modular;1;ACTIVO;3.692861;-76.07344;EXISTENTE
ACUEDUCTO_0270;31395;EL CERRITO;Rural;CENTRO POBLADO;Sur Cali;ASOCIACION COMUNITARIA DE USUARIOS DE SERVICIOS PUBLICOS DOMICILIARIOS EL PLACER, AUSERPUB ESP;EL PLACER;3405.0;13620.0;Convencional;1;ACTIVO;3.612889;-76.26542;EXISTENTE
ACUEDUCTO_0271;31842;EL CERRITO;Rural;CENTRO POBLADO;Sur Cali;ASOCIACION DE RECURSOS HIDRICOS NATURALES Y ACUEDUCTO DE EL CASTILLO - RINAUCA;EL CASTILLO;107.0;428.0;Filtración Compacta;1;ACTIVO;3.665556;-76.19261;EXISTENTE
ACUEDUCTO_0272;32189;EL CERRITO;Rural;CENTRO POBLADO;Sur Cali;ASOCIACION DE USUARIOS DEL SERVICIO DE AGUA POTABLE DEL CASTILLO, CERRITO. ASOSEAGUAS - RECAHON.;EL CASTILLO,LA HONDA,LA REINA;240.0;914.0;Filtración Compacta;1;ACTIVO;3.654694;-76.19625;EXISTENTE
ACUEDUCTO_0273;33509;EL CERRITO;Rural;CENTRO POBLADO;Sur Cali;ASOCIACION DE USUARIOS DEL SERVICIO DE AGUA POTABLE Y ALCANTARILLADO DE TENERIFE - ASOUAT;TENERIFE;148.0;592.0;Planta Convencional;1;ACTIVO;3.729944;-76.07683;EXISTENTE
ACUEDUCTO_0274;34209;EL CERRITO;Rural;DISPERSA;Sur Cali;JUNTA ADMINISTRADORA ACUEDUCTO CARRIZAL;EL CARRIZAL;46.0;184.0;Ninguno;0;ACTIVO;3.657111;-76.08856;EXISTENTE
ACUEDUCTO_0275;37557;EL CERRITO;Rural;DISPERSA;Sur Cali;JUNTA ADMINISTRADORA DEL ACUEDUCTO ACUASALUD EL ROSARIO PARTE ALTA;EL ROSARIO PARTE ALTA;19.0;76.0;Solo desinfección;0;ACTIVO;3.627033;-76.19064;EXISTENTE
ACUEDUCTO_0276;33508;EL CERRITO;Rural;CENTRO POBLADO;Sur Cali;JUNTA DE ACCION COMUNAL DE SANTA LUISA;SANTA LUISA;63.0;0.0;FIME+Soluciones_Individuales;1;ACTIVO;3.622417;-76.08825;EXISTENTE
ACUEDUCTO_0679;152043;EL CERRITO;Rural;DISPERSA;Sur Cali;JUNTA DE ACCIÓN COMUNAL VEREDA REGADEROS;REGADEROS;188.0;752.0;Soluciones_Individuales;1;ACTIVO;3.639056;-76.10364;EXISTENTE
ACUEDUCTO_0277;37559;EL CERRITO;Rural;CENTRO POBLADO;Sur Cali;LA ASOCIACION DE USUARIOS ACUEDUCTO CRGTO EL POMO VEREDAS ROSARIO-BOLIVIA EL CERRITO-ACUAPORO;EL POMO,EL ROSARIO,BOLIVIA;386.0;1400.0;FD+Desinfección;1;ACTIVO;3.638444;-76.18586;EXISTENTE
ACUEDUCTO_0278;41579;EL CERRITO;Rural;CENTRO POBLADO;Sur Cali;LA ASOCIACION DE USUARIOS DEL ACUEDUCTO Y/O ALCANTARILLADO Y/O ASEO DE CAMPO ALEGRE - AUSERACA;CAMPO ALEGRE;512.0;2048.0;FD+Desinfección;1;ACTIVO;3.626806;-76.2525;EXISTENTE
ACUEDUCTO_0279;34259;EL CERRITO;Urbano;CABECERA MUNICIPAL;Sur Cali;SOCIEDAD DE ACUEDUCTOS Y ALCANTARILLADOS DEL VALLE DEL CAUCA S.A. E.S.P. ACUAVALLE S.A. E.S.P. - EL CERRITO;URBANO, GUACANAL, LA PLAYITA, CAMPO ALEGRE, AMAIMITO, EL FLORIDO, SAN ISIDRO, PALESTINO, PAJONALES, NOVILLERA, LOS ALPES, SAN ANTONIO, Y ZABALETAS (GINEBRA).;11850.0;48800.0;Convencional;1;ACTIVO;3.677333;-76.36892;EXISTENTE
ACUEDUCTO_0280;36321;EL CERRITO;Rural;CENTRO POBLADO;Sur Cali;SOCIEDAD DE ACUEDUCTOS Y ALCANTARILLADOS DEL VALLE DEL CAUCA S.A. E.S.P. ACUAVALLE S.A. E.S.P. - EL CERRITO SANTA ELENA;SANTA ELENA,EL FLORIDO,ZABALETAS,SAN ISIDRO,NOVILLERA,AMAIMITO,PAJONALES,PALESTINA;2856.0;11424.0;Convencional;1;ACTIVO;3.673222;-76.25706;EXISTENTE
ACUEDUCTO_0281;69204;EL DOVIO;Rural;DISPERSA;Norte Cartago;ACUEDUCTO COMUNITARIO AGUAS LA ALEJANDRIA (LA HONDURA);LA HONDURA;35.0;140.0;Solo desinfección;0;ACTIVO;4.543411;-76.28756;EXISTENTE
ACUEDUCTO_0282;68494;EL DOVIO;Rural;DISPERSA;Norte Cartago;ACUEDUCTO RURAL BIRMANIA;BIRMANIA;12.0;48.0;Ninguno;0;ACTIVO;4.498625;-76.37331;EXISTENTE
ACUEDUCTO_0283;122721;EL DOVIO;Rural;DISPERSA;Norte Cartago;ACUEDUCTO RURAL CAÑADA HONDA BAJA - CASTILLO;CAÑADA HONDA BAJA, CASTILLO ALTO;40.0;160.0;Solo desinfección;0;ACTIVO;4.511114;-76.19013;EXISTENTE
ACUEDUCTO_0284;68994;EL DOVIO;Rural;DISPERSA;Norte Cartago;ACUEDUCTO RURAL COMUNITARIO LA MARIA;LA MARIA;;;Ninguno;0;ACTIVO;4.518203;-76.25753;EXISTENTE
ACUEDUCTO_0285;68801;EL DOVIO;Rural;DISPERSA;Norte Cartago;ACUEDUCTO RURAL DE SANTA ELENA;SANTA ELENA;14.0;56.0;Ninguno;0;ACTIVO;4.569133;-76.26064;EXISTENTE
ACUEDUCTO_0287;117900;EL DOVIO;Rural;DISPERSA;Norte Cartago;ACUEDUCTO RURAL LOS ZAINOS ALTO;LOS ZAINOS ALTO;12.0;48.0;Soluciones_Individuales;1;ACTIVO;4.527;-76.18666;EXISTENTE
ACUEDUCTO_0288;68463;EL DOVIO;Rural;DISPERSA;Norte Cartago;ACUEDUCTO RURAL LOS ZAINOS BAJO;LOS ZAINOS BAJO;27.0;108.0;Soluciones_Individuales;1;ACTIVO;4.530283;-76.18605;EXISTENTE
ACUEDUCTO_0289;120404;EL DOVIO;Rural;DISPERSA;Norte Cartago;ACUEDUCTO RURAL SIRIMUNDA;SIRIMANDA;15.0;60.0;Ninguno;0;ACTIVO;4.562972;-76.2616;EXISTENTE
ACUEDUCTO_0664;68866;EL DOVIO;Rural;DISPERSA;Norte Cartago;ACUEDUCTO VEREDAL EL DIAMANTE;DIAMANTE;31.0;124.0;Soluciones_Individuales;0;ACTIVO;4.495008;-76.30638;EXISTENTE
ACUEDUCTO_0291;69051;EL DOVIO;Rural;DISPERSA;Norte Cartago;ASOCIACION DE USUARIOS DE ACUEDUCTO RURAL VEREDA EL CRUCERO;EL CRUCERO;54.0;216.0;Solo desinfección;0;ACTIVO;4.521917;-76.22434;EXISTENTE
ACUEDUCTO_0292;104340;EL DOVIO;Rural;DISPERSA;Norte Cartago;ASOCIACION DE USUARIOS DEL ACUEDUCTO RURAL COMUNITARIO DE LA VEREDA EL GUADUAL AGUA BONITA;EL GUADUAL AGUA BONITA;15.0;60.0;Soluciones_Individuales;0;ACTIVO;4.505531;-76.28312;EXISTENTE
ACUEDUCTO_0293;104339;EL DOVIO;Rural;DISPERSA;Norte Cartago;ASOCIACION DE USUARIOS DEL ACUEDUCTO RURAL COMUNITARIO DE LA VEREDA EL LULAR AGUAS LULAREÑAS;EL LULAR;25.0;100.0;Ninguno;0;ACTIVO;4.547725;-76.36445;EXISTENTE
ACUEDUCTO_0294;68462;EL DOVIO;Rural;CENTRO POBLADO;Norte Cartago;ASOCIACION DE USUARIOS DEL ACUEDUCTO RURAL COMUNITARIO DE LA VEREDA LA CABAÑA AGUAS LA ESPERANZA;LA CABAÑA;64.0;256.0;Ninguno;0;ACTIVO;4.533589;-76.2;EXISTENTE
ACUEDUCTO_0295;68860;EL DOVIO;Rural;DISPERSA;Norte Cartago;ASOCIACION DE USUARIOS DEL ACUEDUCTO RURAL COMUNITARIO DE LA VEREDA TOLDA FRIA -CASA VERDE;TOLDA FRÍA,RIVERALTA;25.0;100.0;Ninguno;0;ACTIVO;4.491356;-76.31271;EXISTENTE
ACUEDUCTO_0296;68491;EL DOVIO;Rural;CENTRO POBLADO;Norte Cartago;ASOCIACION DE USUARIOS DEL ACUEDUCTO RURAL COMUNITARIO DEL CORREGIMIENTO DE BITACO;BITACO,CAÑADA PAN Y VIDA;23.0;92.0;Ninguno;0;ACTIVO;4.496194;-76.35031;EXISTENTE
ACUEDUCTO_0297;68800;EL DOVIO;Rural;CENTRO POBLADO;Norte Cartago;ASOCIACION DE USUARIOS DEL ACUEDUCTO RURAL COMUNITARIO DEL CORREGIMIENTO DE LITUANIA;DE LITUANIA;52.0;208.0;Ninguno;0;ACTIVO;4.513708;-76.35281;EXISTENTE
ACUEDUCTO_0298;68983;EL DOVIO;Rural;CENTRO POBLADO;Norte Cartago;ASOCIACION DE USUARIOS DEL ACUEDUCTO RURAL COMUNITARIO DEL CORREGIMIENTO LA PRADERA;LA PRADERA;55.0;220.0;Ninguno;0;ACTIVO;4.599603;-76.29249;EXISTENTE
ACUEDUCTO_0299;113482;EL DOVIO;Rural;DISPERSA;Norte Cartago;ASOCIACION DE USUARIOS DEL ACUEDUCTO RURAL COMUNITARIO VEREDA LA ESPERANZA AGUAS DEL DANUBIO;LA ESPERANZA;52.0;108.0;Solo desinfección;0;ACTIVO;4.446117;-76.22393;EXISTENTE
ACUEDUCTO_0300;117878;EL DOVIO;Rural;DISPERSA;Norte Cartago;CORPORACION NO NACIONAL AMBIENTAL PECUARIO Y AGRICOLA DE BELLAVISTA ''CAMPAB'' TANQUE 1;BELLAVISTA;6.0;24.0;Soluciones_Individuales;1;ACTIVO;4.517814;-76.17503;EXISTENTE
ACUEDUCTO_0301;117882;EL DOVIO;Rural;DISPERSA;Norte Cartago;CORPORACION NO NACIONAL AMBIENTAL PECUARIO Y AGRICOLA DE BELLAVISTA ''CAMPAB'' TANQUE 2;BELLAVISTA;9.0;36.0;Soluciones_Individuales;1;ACTIVO;4.517814;-76.17503;EXISTENTE
ACUEDUCTO_0302;117886;EL DOVIO;Rural;DISPERSA;Norte Cartago;CORPORACION NO NACIONAL AMBIENTAL PECUARIO Y AGRICOLA DE BELLAVISTA ''CAMPAB'' TANQUE 3;BELLAVISTA;11.0;44.0;Soluciones_Individuales;1;ACTIVO;4.517814;-76.17503;EXISTENTE
ACUEDUCTO_0303;68490;EL DOVIO;Rural;DISPERSA;Norte Cartago;JUNTA ADMIN ACUEDUCTO VEREDA CALLE LARGA;CALLE LARGA;44.0;176.0;Solo desinfección;0;ACTIVO;4.49845;-76.25267;EXISTENTE
ACUEDUCTO_0304;111923;EL DOVIO;Rural;DISPERSA;Norte Cartago;JUNTA ADMINISTRADORA ACUEDUCTO GUATEMALA;GUATEMALA;14.0;32.0;Ninguno;0;ACTIVO;4.525169;-76.29193;EXISTENTE
ACUEDUCTO_0306;68911;EL DOVIO;Rural;DISPERSA;Norte Cartago;JUNTA ADMINISTRADORA DEL ACUEDUCTO LAS VUELTAS;LAS VUELTAS;12.0;48.0;Ninguno;0;ACTIVO;4.539486;-76.24645;EXISTENTE
ACUEDUCTO_0666;68493;EL DOVIO;Rural;DISPERSA;Norte Cartago;JUNTA ADMINISTRADORA DEL ACUEDUCTO RURAL EL CIELITO;CIELITO;13.0;52.0;Ninguno;0;ACTIVO;4.489472;-76.25233;EXISTENTE
ACUEDUCTO_0307;69720;EL DOVIO;Urbano;CABECERA MUNICIPAL;Norte Cartago;SOCIEDAD DE ACUEDUCTOS Y ALCANTARILLADOS DEL VALLE DEL CAUCA S.A. E.S.P. ACUAVALLE S.A. E.S.P. - EL DOVIO;URBANO, LA AGUADITA, CALLE LARGA, SAMANA, MATECAÑA;2109.0;8436.0;Convencional;1;ACTIVO;4.500011;-76.22223;EXISTENTE
ACUEDUCTO_0308;43444;FLORIDA;Rural;DISPERSA;Sur Cali;ACUALIBANO;EL LIBANO;115.0;447.0;Solo desinfección;0;ACTIVO;3.296139;-76.18294;EXISTENTE
ACUEDUCTO_0309;33544;FLORIDA;Rural;CENTRO POBLADO;Sur Cali;ACUEDUCTO LOS CALEÑOS;LOS CALEÑOS;149.0;596.0;Ninguno;0;ACTIVO;3.346972;-76.15161;EXISTENTE
ACUEDUCTO_0310;105143;FLORIDA;Rural;DISPERSA;Sur Cali;ACUEDUCTO SAN JOAQUIN;SAN JOAQUIN;46.0;184.0;Soluciones_Individuales;1;ACTIVO;3.273028;-76.18419;EXISTENTE
ACUEDUCTO_0311;37533;FLORIDA;Rural;CENTRO POBLADO;Sur Cali;ASOCIACION COMUNITARIA DE USUARIOS DEL ACUEDUCTO TAMBORAL, LA UNION Y EL AGRADO - AUNITAMBO;LA UNION,TAMBORAL,EL AGRADO;242.0;968.0;Solo desinfección;0;ACTIVO;3.264472;-76.21097;EXISTENTE
ACUEDUCTO_0313;36852;FLORIDA;Rural;CENTRO POBLADO;Sur Cali;ASOCIACION DE USUARIOS DEL ACUEDUCTO Y/O ALCANTARILLADO EL PEDREGAL E.S.P. PRIMERA ETAPA;EL PEDREGAL;280.0;1120.0;FD+Desinfección;1;ACTIVO;3.312944;-76.21525;EXISTENTE
ACUEDUCTO_0314;31392;FLORIDA;Rural;CENTRO POBLADO;Sur Cali;ASOCIACION DE USUARIOS DEL ACUEDUCTO Y/O ALCANTARILLADO Y/O ASEO ACUALLANITO E.S.P;EL LLANITO,CAÑAS ARRIBA,SIMON BOLIVAR;500.0;0.0;FD+Desinfección;1;ACTIVO;3.282778;-76.21983;EXISTENTE
ACUEDUCTO_0312;40567;FLORIDA;Rural;CENTRO POBLADO;Sur Cali;ASOCIACIÓN DE USUARIOS DEL ACUEDUCTO DEL CORREGIMIENTO LA DIANA - ACUASALUD LA DIANA;LA DIANA;190.0;760.0;FD+Desinfección;1;ACTIVO;3.310667;-76.18847;EXISTENTE
ACUEDUCTO_0315;104021;FLORIDA;Rural;DISPERSA;Sur Cali;JUNTA ADMINISTRADORA DE ACUEDUCTO SANTODOMINGO PARTE BAJA;SANTODOMINGO PARTE BAJA;50.0;200.0;Solo desinfección;0;ACTIVO;3.248806;-76.20211;EXISTENTE
ACUEDUCTO_0316;103024;FLORIDA;Rural;DISPERSA;Sur Cali;JUNTA ADMINISTRADORA DEL ACUEDUCTO DEL CORREGIMIENTO PUEBLO NUEVO - PROAGUA ESP;PUEBLO NUEVO;54.0;216.0;Ninguno;0;ACTIVO;3.257806;-76.19108;EXISTENTE
ACUEDUCTO_0317;37018;FLORIDA;Rural;CENTRO POBLADO;Sur Cali;JUNTA DE ACCION COMUNAL EL PEDREGAL E.S.P. SEGUNDA ETAPA ESP;EL PEDREGAL 2;155.0;620.0;Solo desinfección;0;ACTIVO;3.311889;-76.21744;EXISTENTE
ACUEDUCTO_0318;36332;FLORIDA;Urbano;CABECERA MUNICIPAL;Sur Cali;SOCIEDAD DE ACUEDUCTOS Y ALCANTARILLADOS DEL VALLE DEL CAUCA S.A. E.S.P. ACUAVALLE S.A. E.S.P. - FLORIDA;URBANO FLORIDA,SAN ANTONIO DE LOS CABALLEROS, EL REMOLINO, CHOCOCITO, TARRAGON ALTO, TARRAGONA BAJO, CAÑAS ABAJO, PEDRO DIAZ, LA ACEQUIA;15902.0;61858.0;Convencional;1;ACTIVO;3.311889;-76.29328;EXISTENTE
ACUEDUCTO_0319;127149;GINEBRA;Rural;DISPERSA;Sur Cali;ACUEDUCTO BARRIO EL JARDIN - CORREGIMIENTO COSTA RICA;BARRIO EL JARDÍN;33.0;132.0;Filtración Compacta;1;ACTIVO;3.754231;-76.23222;EXISTENTE
ACUEDUCTO_0320;104287;GINEBRA;Rural;DISPERSA;Sur Cali;ACUEDUCTO CAMPOALEGRE;CAMPOALEGRE;61.0;0.0;Ninguno;0;ACTIVO;3.765131;-76.18645;EXISTENTE
ACUEDUCTO_0321;121406;GINEBRA;Rural;DISPERSA;Sur Cali;ACUEDUCTO COMUNITARIO ALTAMIRA;ALTAMIRA;9.0;36.0;Ninguno;0;ACTIVO;3.763706;-76.20324;EXISTENTE
ACUEDUCTO_0322;114168;GINEBRA;Rural;DISPERSA;Sur Cali;ACUEDUCTO COMUNITARIO CANAIMA;CANAIMA;22.0;88.0;Ninguno;0;ACTIVO;3.765994;-76.20379;EXISTENTE
ACUEDUCTO_0323;121407;GINEBRA;Rural;DISPERSA;Sur Cali;ACUEDUCTO COMUNITARIO VEREDA MORAVIA;MORAVIA;26.0;104.0;Ninguno;0;ACTIVO;3.784583;-76.19817;EXISTENTE
ACUEDUCTO_0324;147289;GINEBRA;Rural;CENTRO POBLADO;Sur Cali;ACUEDUCTO LA MARIA - GINEBRA;LA MARIA;35.0;140.0;Ninguno;0;ACTIVO;3.729383;-76.24138;EXISTENTE
ACUEDUCTO_0326;122748;GINEBRA;Rural;DISPERSA;Sur Cali;ASOCIACION COMUNITARIA DEL SERVICIO DE ACUEDUCTO Y ALCANTARILLADO BARRIO PUEBLO NUEVO, COSTA RICA, GINEBRA, VALLE - JUNCOSERVA;BARRIO PUEBLO NUEVO , CASA TESORERA;96.0;384.0;Solo desinfección;0;ACTIVO;3.752861;-76.23164;EXISTENTE
ACUEDUCTO_0328;121404;GINEBRA;Rural;DISPERSA;Sur Cali;ASOCIACION DE USUARIOS DEL ACUEDUCTO DE LA VEREDA LA CASCADA, GINEBRA VALLE EN LIQUIDACION - ASUALCA;LA CASCADA;80.0;320.0;Solo desinfección;0;ACTIVO;3.778761;-76.20577;EXISTENTE
ACUEDUCTO_0329;67235;GINEBRA;Rural;DISPERSA;Sur Cali;ASOCIACION DE USUARIOS DEL ACUEDUCTO DEL CORREGIMIENTO LA SELVA. ASUACLAS;LA SELVA;98.0;384.0;Ninguno;0;ACTIVO;3.746417;-76.20719;EXISTENTE
ACUEDUCTO_0330;67172;GINEBRA;Rural;CENTRO POBLADO;Sur Cali;ASOCIACION DE USUARIOS DEL SERVICIO DE AGUA POTABLE ALCANTARILLADO ASEO COSTA RICA-GINEBRA-ASUALCAN;COSTA RICA.;1300.0;5200.0;Planta Modular;1;ACTIVO;3.73585;-76.23744;EXISTENTE
ACUEDUCTO_0331;66827;GINEBRA;Rural;DISPERSA;Sur Cali;ASOCIACION JUNTA ADMINISTRADORA DEL ACUEDUCTO DE LA VEREDA PATIO BONITO;PATIO BONITO;78.0;312.0;FIME;1;ACTIVO;3.732781;-76.21821;EXISTENTE
ACUEDUCTO_0332;66826;GINEBRA;Rural;DISPERSA;Sur Cali;ASOCIACION USUARIOS ACUEDUCTO RURAL COMUNITARIO COCUYOS;COCUYOS.;76.0;304.0;Filtración Compacta;1;ACTIVO;3.763647;-76.20067;EXISTENTE
ACUEDUCTO_0325;110067;GINEBRA;Rural;DISPERSA;Sur Cali;ASOCIACIÓN COMUNITARIA ADMINISTRADORA DEL SERVICIO DE ACUEDUCTO VEREDA COMINAL;COMINAL;25.0;100.0;Ninguno;0;ACTIVO;3.733639;-76.17742;EXISTENTE
ACUEDUCTO_0327;87884;GINEBRA;Rural;DISPERSA;Sur Cali;ASOCIACIÓN DE USUARIOS ACUEDUCTO COLECTIVO - EL JARDIN;EL JARDIN.;39.0;156.0;Soluciones_Individuales;0;ACTIVO;3.7467;-76.17719;EXISTENTE
ACUEDUCTO_0333;127141;GINEBRA;Rural;DISPERSA;Sur Cali;COMITE DE PRO ACUEDUCTO PORTUGAL BAJO;PORTUGAL PARTE BAJA;18.0;72.0;Solo desinfección;0;ACTIVO;3.757531;-76.16402;EXISTENTE
ACUEDUCTO_0334;112843;GINEBRA;Rural;DISPERSA;Sur Cali;FLAUTAS AGUAS E.S.P. S.A;FLAUTAS;54.0;216.0;Soluciones_Individuales (50%);0;ACTIVO;3.722769;-76.19239;EXISTENTE
ACUEDUCTO_0335;66918;GINEBRA;Rural;DISPERSA;Sur Cali;JUNTA ADMINISTRADORA ACUEDUCTO DE JUNTAS;JUNTAS;32.0;128.0;Filtración Compacta;1;ACTIVO;3.773839;-76.16472;EXISTENTE
ACUEDUCTO_0336;66984;GINEBRA;Rural;DISPERSA;Sur Cali;JUNTA ADMINISTRADORA ACUEDUCTO LOMA GORDA;LOMA GORDA;66.0;264.0;Filtración Compacta;1;ACTIVO;3.722414;-76.23867;EXISTENTE
ACUEDUCTO_0337;143790;GINEBRA;Rural;DISPERSA;Sur Cali;JUNTA ADMINISTRADORA ACUEDUCTO RURAL BETANIA;BETANIA;22.0;88.0;Ninguno;0;ACTIVO;3.758731;-76.17096;EXISTENTE
ACUEDUCTO_0338;66916;GINEBRA;Rural;DISPERSA;Sur Cali;JUNTA ADMINISTRADORA ACUEDUCTO VALLENOBA;BARRANCO ALTO (50), NOVILLERA (33), VALLEDUPAR (43);140.0;560.0;Filtración Compacta;1;ACTIVO;3.713947;-76.19916;EXISTENTE
ACUEDUCTO_0339;67419;GINEBRA;Rural;DISPERSA;Sur Cali;JUNTA ADMINISTRADORA DE ACUEDUCTO LA CUESTA LA NOVILLERA;SABALETAS (5), LACUESTA (52), NOVILLERA (28);110.0;440.0;FIME;1;ACTIVO;3.687772;-76.24111;EXISTENTE
ACUEDUCTO_0340;67724;GINEBRA;Rural;DISPERSA;Sur Cali;JUNTA ADMINISTRADORA DEL ACUEDUCTO LOS MEDIOS ASOMEDIOS;LOS MEDIOS;35.0;145.0;Ninguno;0;ACTIVO;3.6895;-76.18792;EXISTENTE
ACUEDUCTO_0341;110951;GINEBRA;Rural;DISPERSA;Sur Cali;JUNTA DE ACCIÓN COMUNAL VEREDA LAS HERMOSAS.;LAS HERMOSAS;18.0;72.0;Ninguno;0;ACTIVO;3.776097;-76.13538;EXISTENTE
ACUEDUCTO_0342;66917;GINEBRA;Rural;DISPERSA;Sur Cali;LA ASOCIACION DE USUARIOS DEL SERVICIO DE ACUEDUCTO DE LA VEREDA BARRANCO BAJO - MUNICIPIO DE GINEBRA - VALLE. ASUABA.;BARRANCO BAJO;115.0;460.0;Filtración Compacta;1;ACTIVO;3.706281;-76.23633;EXISTENTE
ACUEDUCTO_0343;70675;GINEBRA;Urbano;CABECERA MUNICIPAL;Sur Cali;SOCIEDAD DE ACUEDUCTOS Y ALCANTARILLADOS DEL VALLE DEL CAUCA S.A. E.S.P. ACUAVALLE S.A. E.S.P. - GINEBRA;URBANO, LA FLORESTA, VILLAVANEGAS, LA CRUZ, LOS SAUCES, EL GUABITO, COSTARICA, MOSOCO;5290.0;21160.0;Convencional;1;ACTIVO;3.724;-76.30033;EXISTENTE
ACUEDUCTO_0344;59615;GUACARI;Rural;DISPERSA;Sur Cali;ASOCIACION ACUEDUCTO LA CASCADA;LA MAGDALENA;28.0;112.0;Solo desinfección;0;ACTIVO;3.797458;-76.21327;EXISTENTE
ACUEDUCTO_0345;59620;GUACARI;Rural;CENTRO POBLADO;Sur Cali;ASOCIACION ADMINISTRADORA DEL ACUEDUCTO RURAL COMUNITARIO ACUASALUD PUENTE ROJO - ACUAPUERO;PUENTE ROJO;350.0;1400.0;Solo desinfección;0;ACTIVO;3.786111;-76.22817;EXISTENTE
ACUEDUCTO_0346;115056;GUACARI;Rural;CENTRO POBLADO;Sur Cali;ASOCIACION COMUNITARIA ADMINISTRADORA DEL ACUEDUCTO DE LA VEREDA EL PLACER, GUACARI - ACOPLA;EL PLACER;81.0;324.0;Filtración Compacta;1;ACTIVO;3.766931;-76.28214;EXISTENTE
ACUEDUCTO_0347;58688;GUACARI;Rural;DISPERSA;Sur Cali;ASOCIACION DE USUARIOS DEL ACUEDUCTO Y ALCANTARILLADO DE LOS CORREGIMIENTOS DE ALTO DE LA JULIA, LA MAGDALENA Y LA VEREDA DE CHAFA;ALTO LA JULIA , LA MAGDALENA , CHAFALOTE;166.0;664.0;Solo desinfección;0;ACTIVO;3.788542;-76.23116;EXISTENTE
ACUEDUCTO_0348;101955;GUACARI;Rural;CENTRO POBLADO;Sur Cali;ASOCIACION SUSCRIPTORES ACUEDUCTO REGIONAL RURAL COMUNITARIO STA ROSA DE TAPIAS, GUACARI. ACUATAPIAS;SANTA ROSA, LA TESALIA, ALTO DE TAPIAS, POMARES, ALTO DE GUACAS Y BAJO GUACAS, SAN ANTONIO;591.0;2364.0;Filtración Compacta+Soluciones Individuales(Pomares);0;ACTIVO;3.841694;-76.25703;EXISTENTE
ACUEDUCTO_0349;132973;GUACARI;Rural;DISPERSA;Sur Cali;ASOJUMACHAGUA;CHAFALOTE, ALTO DE LA JULIA, MAGDALENA;140.0;0.0;Ninguno;0;ACTIVO;3.788542;-76.23116;EXISTENTE
ACUEDUCTO_0350;121063;GUACARI;Rural;CENTRO POBLADO;Sur Cali;INGENIO PICHICHI S.A.;PICHICHI , INGENIO PICHICHI.;1.0;1200.0;FIME;1;ACTIVO;3.774303;-76.27735;EXISTENTE
ACUEDUCTO_0351;58655;GUACARI;Urbano;CABECERA MUNICIPAL;Sur Cali;SOCIEDAD DE ACUEDUCTOS Y ALCANTARILLADOS DEL VALLE DEL CAUCA S.A. E.S.P. ACUAVALLE S.A. E.S.P. - GUACARÍ;URBANO, SONSO, GUABAS, GUABITAS, CANANGUA, VILLA NUEVA, GUACAS, ALTO CANANGUA, EL GUABITO;11152.0;44608.0;Convencional;1;ACTIVO;3.768;-76.32672;EXISTENTE
ACUEDUCTO_0352;135213;LA CUMBRE;Rural;DISPERSA;Sur Cali;ACUEDUCTO COMUNIARIO CENTENARIO;CENTENARIO;51.0;204.0;Ninguno;0;ACTIVO;3.615006;-76.59676;EXISTENTE
ACUEDUCTO_0353;129449;LA CUMBRE;Rural;DISPERSA;Sur Cali;ACUEDUCTO COMUNITARIO EL RETIRO PARTE BAJA;EL RETIRO PARTE BAJA;68.0;272.0;Solo desinfección;0;ACTIVO;3.59945;-76.58258;EXISTENTE
ACUEDUCTO_0354;30200;LA CUMBRE;Rural;DISPERSA;Sur Cali;ADMINISTRACION COOPERATIVA LA CUMBRE DAGUA E.S.P.;LA CUMBRE: ZARAGOZA, PUENTE PALO, CHICORAL, LOMITAS, GUADALUPE, RINCON SANTO, BELLAVISTA / DAGUA: PA;1730.0;6920.0;Solo desinfección;0;ACTIVO;3.587417;-76.57239;EXISTENTE
ACUEDUCTO_0355;33129;LA CUMBRE;Rural;CENTRO POBLADO;Sur Cali;ASOCIACION COMUNITARIA ADMINISTRADORA ACUEDUCTO BITACO-ASCABI;BITACO;297.0;1188.0;Filtración Compacta;1;ACTIVO;3.610564;-76.59947;EXISTENTE
ACUEDUCTO_0357;34759;LA CUMBRE;Rural;DISPERSA;Sur Cali;ASOCIACION COMUNITARIA ALTO SANO EMPRESA DE SERVICIOS PUBLICOS - ASOALTOSANO E.S.P.;ALTO SANO;128.0;512.0;Solo desinfección;0;ACTIVO;3.622275;-76.59375;EXISTENTE
ACUEDUCTO_0358;120854;LA CUMBRE;Rural;CENTRO POBLADO;Sur Cali;ASOCIACION DE SUSCRIPTORES DEL ACUEDUCTO DE LA VEREDA PAVITAS - ASOACUEDUCTO PAVITAS;PAVITAS;112.0;448.0;Solo desinfección;0;ACTIVO;3.659722;-76.55694;EXISTENTE
ACUEDUCTO_0359;42879;LA CUMBRE;Rural;DISPERSA;Sur Cali;ASOCIACION DE SUSCRIPTORES DEL ACUEDUCTO ZARAGOZA, BITACO. AGUAZ;ZARAGOZA;60.0;240.0;Solo desinfección;0;ACTIVO;3.5815;-76.60561;EXISTENTE
ACUEDUCTO_0371;43206;LA CUMBRE;Rural;DISPERSA;Sur Cali;ASOCIACION DE USUARIO DEL SERVICIO DEL ACUEDUCTO V.E.R.S.A. DE LAS VEREDAS,SAN JOSE Y AGUA CLARA MUNICIPIO DE YUMBO LA CUMBRE - ACUEDUCTO VERSA;SAN JOSÉ Y AGUA CLARA.;35.0;140.0;Ninguno;0:00:00;ACTIVO;3.6855;-76.52969;EXISTENTE
ACUEDUCTO_0360;110064;LA CUMBRE;Rural;DISPERSA;Sur Cali;ASOCIACION DE USUARIOS ACUEDUCTO CHICORAL ALTO - ASOCHICORAL;CHICORAL;75.0;300.0;Solo desinfección;0;ACTIVO;3.5729;-76.58703;EXISTENTE
ACUEDUCTO_0361;32188;LA CUMBRE;Rural;CENTRO POBLADO;Sur Cali;ASOCIACION DE USUARIOS ANTIGUO ACUEDUCTO BITACO - SUANABIT;BITACO;94.0;376.0;Solo desinfección;0;ACTIVO;3.609167;-76.59889;EXISTENTE
ACUEDUCTO_0362;40369;LA CUMBRE;Rural;DISPERSA;Sur Cali;ASOCIACION DE USUARIOS DEL ACUEDUCTO DE PARRAGA;PARRAGA, MORALES;223.0;892.0;Filtración Compacta;1;ACTIVO;3.68895;-76.59754;EXISTENTE
ACUEDUCTO_0363;40368;LA CUMBRE;Rural;DISPERSA;Sur Cali;ASOCIACION DE USUARIOS DEL ACUEDUCTO DE SANTA FE DEL MUNICIPIO DE LA CUMBRE;SANTA FE;120.0;480.0;Soluciones_Individuales;1;ACTIVO;3.613664;-76.58278;EXISTENTE
ACUEDUCTO_0364;41030;LA CUMBRE;Rural;CENTRO POBLADO;Sur Cali;ASOCIACION DE USUARIOS DEL ACUEDUCTO VEREDAL UNIDO DEL CRGTO DE JIGUALES - ASOJIGUA;JIGUALES,EL CARMEN,AGUACATAL,LA CUCHILLA,CORDOBITAS;520.0;2080.0;Filtración Compacta;1;ACTIVO;3.653417;-76.59156;EXISTENTE
ACUEDUCTO_0356;31840;LA CUMBRE;Rural;CENTRO POBLADO;Sur Cali;ASOCIACIÓN COMUNITARIA ADMINISTRADORA DEL ACUEDUCTO DE PAVAS - ACAAPAVAS;PAVAS;2116.0;0.0;Planta Modular;1;ACTIVO;3.520278;-76.58583;EXISTENTE
ACUEDUCTO_0365;37556;LA CUMBRE;Rural;CENTRO POBLADO;Sur Cali;CORPORACIÓN REGIONAL DE ACUEDUCTO ALCANTARILLADO Y SERVICIOS DE SANEAMIENTO BÁSICO MARIA PIÑAL - CORABASE-E.S.P.;LA MARÍA 430 (LA CUMBRE), EL PIÑAL 665 (DAGUA).;520.0;1288.0;Solo desinfección;0;ACTIVO;3.688389;-76.6435;EXISTENTE
ACUEDUCTO_0367;120698;LA CUMBRE;Rural;DISPERSA;Sur Cali;FUNDACION ECOLOGICA DE CHICORAL - FUNDECORAL;CHICORAL;72.0;288.0;Ninguno;0;ACTIVO;3.571744;-76.59284;EXISTENTE
ACUEDUCTO_0368;124273;LA CUMBRE;Rural;DISPERSA;Sur Cali;INSTITUCION EDUCATIVA LA LIBERTAD ACUEDUCTO EL RETIRO;INSTITUCIÓN EDUCATIVA LA LIBERTAD;1.0;180.0;Planta Modular;1;ACTIVO;3.600556;-76.59056;EXISTENTE
ACUEDUCTO_0369;31839;LA CUMBRE;Rural;CENTRO POBLADO;Sur Cali;JUARCO- JUNTA DEL ACUEDUCTO DE LAS VEREDAS ARBOLEDAS Y CORDOBITAS DEL MUNICIPIO DE LA CUMBRE;ARBOLEDAS,CORDOBITAS;237.0;948.0;Filtración Compacta;1;ACTIVO;3.660306;-76.57561;EXISTENTE
ACUEDUCTO_0370;120696;LA CUMBRE;Rural;DISPERSA;Sur Cali;JUNTA ADMINISTRADORA ACUEDUCTO VEREDA EL DIAMANTE;EL DIAMANTE;22.0;88.0;Ninguno;0;ACTIVO;3.595878;-76.58896;EXISTENTE
ACUEDUCTO_0372;32461;LA CUMBRE;Rural;DISPERSA;Sur Cali;JUNTA ADMINISTRADORA DE ACUEDUCTO EL RETIRO PARTE ALTA - ASORETIRO;EL RETIRO;25.0;100.0;Ninguno;0;ACTIVO;3.600639;-76.57813;EXISTENTE
ACUEDUCTO_0373;135209;LA CUMBRE;Rural;DISPERSA;Sur Cali;JUNTA ADMINISTRADORA DEL SERVICIO PUBLICO DEL AGUA DE LA VEREDA CHICORALITO - CHICOAGUAS TANQUE # 1;CHICORALITO ALTO: TANQUE # 1;56.0;224.0;Solo desinfección;0;ACTIVO;3.598689;-76.60965;EXISTENTE
ACUEDUCTO_0374;99672;LA CUMBRE;Rural;DISPERSA;Sur Cali;JUNTA ADMINISTRADORA DEL SERVICIO PUBLICO DEL AGUA DE LA VEREDA CHICORALITO - CHICOAGUAS TANQUE # 2;CHICORALITO TANQUE # 2;40.0;160.0;Solo desinfección;0;ACTIVO;3.605389;-76.60326;EXISTENTE
ACUEDUCTO_0375;124280;LA CUMBRE;Rural;DISPERSA;Sur Cali;JUNTA ADMINISTRADORA DEL SERVICIO PUBLICO DEL AGUA DE LA VEREDA CHICORALITO - CHICOAGUAS TANQUE # 3.;CHICORALITO ALTO: TANQUE # 3.;26.0;104.0;Solo desinfección;0;ACTIVO;3.604725;-76.60994;EXISTENTE
ACUEDUCTO_0376;143338;LA CUMBRE;Rural;DISPERSA;Sur Cali;JUNTA ADMINISTRADORA DEL SERVICIO PUBLICO DEL AGUA DE LA VEREDA CHICORALITO - CHICOAGUAS TANQUE # 4;CHICORALITO;35.0;140.0;Ninguno;0;ACTIVO;3.608608;-76.60196;EXISTENTE
ACUEDUCTO_0377;124276;LA CUMBRE;Rural;DISPERSA;Sur Cali;JUNTA ADMINISTRADORA DEL SERVICIO PUBLICO DEL AGUA DE LA VEREDA CHICORALITO - CHICOAGUAS TANQUE # 5.;CHICORALITO ALTO: TANQUE # 5.;7.0;28.0;Solo desinfección;0;ACTIVO;3.604725;-76.60994;EXISTENTE
ACUEDUCTO_0378;146170;LA CUMBRE;Rural;DISPERSA;Sur Cali;JUNTA ADMINISTRADORA DEL SERVICIO PUBLICO DEL AGUA DE LA VEREDA CHICORALITO - CHICOAGUAS TANQUE # 6.;CHICORALITO ALTO: TANQUE # 6.;16.0;40.0;Ninguno;0;ACTIVO;3.598681;-76.60955;EXISTENTE
ACUEDUCTO_0379;143339;LA CUMBRE;Rural;DISPERSA;Sur Cali;JUNTA ADMINISTRADORA DEL SERVICIO PUBLICO DEL AGUA DE LA VEREDA CHICORALITO - CHICOAGUAS TANQUE # 7A;CHICORALITO;13.0;40.0;Ninguno;0;ACTIVO;3.598689;-76.60955;EXISTENTE
ACUEDUCTO_0380;33122;LA CUMBRE;Rural;CENTRO POBLADO;Sur Cali;JUNTA DE AGUAS VEREDA LA VENTURA - JAGUVEN;LA VENTURA;224.0;896.0;Filtración Compacta;1;ACTIVO;3.635333;-76.57847;EXISTENTE
ACUEDUCTO_0381;133530;LA CUMBRE;Rural;CENTRO POBLADO;Sur Cali;JUNTA DE AGUAS VEREDA LA VENTURA JAGUVEN - SECTOR EL BOSQUE;SER EL BOSQUE;80.0;320.0;FD+Desinfección;1;ACTIVO;3.635333;-76.57847;EXISTENTE
ACUEDUCTO_0382;31843;LA CUMBRE;Urbano;CABECERA MUNICIPAL;Sur Cali;SOCIEDAD DE ACUEDUCTOS Y ALCANTARILLADOS DEL VALLE DEL CAUCA S.A. E.S.P. ACUAVALLE S.A. E.S.P.-LA CUMBRE;PAVITAS , ALTO ARBOLEDAS, TIMBIO, TUNIA, LAS COLONIAS, MONTAÑITA LA CUMBRE, MONTAÑITA YUMBO, CORDOBITAS, EL RETIRO, LA VENTURA;2023.0;6595.0;Convencional;1;ACTIVO;3.661361;-76.57581;EXISTENTE
ACUEDUCTO_0383;93503;LA UNION;Rural;DISPERSA;Norte Cartago;ACUEDUCTO RURAL CORCEGA;CORCEGA;17.0;68.0;Pozo+Aireacion+Desinfección;1;ACTIVO;4.541931;-76.04868;EXISTENTE
ACUEDUCTO_0384;115780;LA UNION;Rural;DISPERSA;Norte Cartago;ACUEDUCTO VEREDAL LA AGUADA BAJA;LA AGUADA;32.0;128.0;Soluciones_Individuales;0;ACTIVO;4.564881;-76.10927;EXISTENTE
ACUEDUCTO_0385;96661;LA UNION;Rural;DISPERSA;Norte Cartago;ACUEDUCTO VEREDAL LA ISLA;LA ISLA;18.0;0.0;Pozo+Aireacion+Desinfección;1;ACTIVO;4.522675;-76.07836;EXISTENTE
ACUEDUCTO_0388;88217;LA UNION;Rural;CENTRO POBLADO;Norte Cartago;ASOCIACION DE USUARIOS ACUEDUCTO SAN PEDRO Y SAN LUIS ASUASPEL;SAN PEDRO Y SAN LUIS;778.0;3112.0;Convencional;1;ACTIVO;4.540467;-76.11253;EXISTENTE
ACUEDUCTO_0386;88295;LA UNION;Rural;CENTRO POBLADO;Norte Cartago;ASOCIACIÓN COMUNITARIA ADMINISTRADORA DEL ACUEDUCTO QUEBRADA GRANDE DEL MUNICIPIO DE LA UNIÓN;QUEBRADA GRANDE, LA PLAYA, EL JORDÁN , VIOLETAS,VENTIADEROS,EL CEDRO, SABANAZO, EL CASTILLO,CARPINTE;365.0;1460.0;FIME (8% Soluciones_Individuales);1;ACTIVO;4.55355;-76.16506;EXISTENTE
ACUEDUCTO_0387;88287;LA UNION;Rural;CENTRO POBLADO;Norte Cartago;ASOCIACIÓN COMUNITARIA DE USUARIOS DEL ACUEDUCTO RURAL DE PÁJARO DE ORO ACUARPO;PAJARO DE ORO;156.0;0.0;Planta Modular;1;ACTIVO;4.530139;-76.11456;EXISTENTE
ACUEDUCTO_0389;87876;LA UNION;Rural;DISPERSA;Norte Cartago;ASOCIACIÓN DE USUARIOS DEL ACUEDUCTO RURAL COMUNITARIO DE LA VEREDA EL RINCÓN MUNICIPIO DE LA UNIÓN VALLE -ASOCURINCON;EL RINCON;45.0;180.0;Soluciones_Individuales;0;ACTIVO;4.548294;-76.13314;EXISTENTE
ACUEDUCTO_0390;126425;LA UNION;Rural;CENTRO POBLADO;Norte Cartago;ASUASPEL- ASOCIACIÓN DE USUARIOS ACUEDUCTO SAN PEDRO Y SAN LUIS - SECTOR SILOÉ-EL CARMEN #2;SECTOR SILOE;823.0;3292.0;Solo desinfección;0;ACTIVO;4.539853;-76.11379;EXISTENTE
ACUEDUCTO_0391;87883;LA UNION;Rural;DISPERSA;Norte Cartago;JUNTA ADMON ACUEDUCTO AJIZAL -TAMBORAL-LACHICA - LA AGUADA;EL AJIZAL ,TAMBORAL – LA CHICA – LA AGUADA;65.0;260.0;Soluciones_Individuales;0;ACTIVO;4.562669;-76.13006;EXISTENTE
ACUEDUCTO_0393;97356;LA VICTORIA;Rural;DISPERSA;Norte Cartago;ACUEDCUTO RURAL VEREDA LA SIBERIA;LA SIBERIA;7.0;28.0;Ninguno;0;ACTIVO;4.475606;-75.92362;EXISTENTE
ACUEDUCTO_0394;133552;LA VICTORIA;Rural;DISPERSA;Norte Cartago;ACUEDUCTO RURAL SIERRA MOCHA;SIERRA MOCHA;7.0;28.0;Pozo;0;ACTIVO;4.464186;-75.90613;EXISTENTE
ACUEDUCTO_0395;88300;LA VICTORIA;Rural;CENTRO POBLADO;Norte Cartago;ACUEDUCTO RURAL VEREDA RIVERALTA;RIVERA ALTA;60.0;240.0;Solo desinfección;0;ACTIVO;4.511192;-75.88481;EXISTENTE
ACUEDUCTO_0396;88303;LA VICTORIA;Rural;CENTRO POBLADO;Norte Cartago;ASOCIACION DE USUARIOS ACUEDUCTO RURAL COMUNITARIO DE TAGUALES;TAGUALES;35.0;0.0;Pozo+Aireacion+Desinfección;1;ACTIVO;4.459019;-75.91049;EXISTENTE
ACUEDUCTO_0397;88298;LA VICTORIA;Rural;CENTRO POBLADO;Norte Cartago;ASOCIACION JUNTA ADMINISTRADORA DEL ACUEDUCTO RURAL MIRAVALLES;MIRAVALLES;96.0;384.0;Solo desinfección;0;ACTIVO;4.526303;-75.91081;EXISTENTE
ACUEDUCTO_0398;86247;LA VICTORIA;Urbano;CABECERA MUNICIPAL;Norte Cartago;SOCIEDAD DE ACUEDUCTOS Y ALCANTARILLADOS DEL VALLE DEL CAUCA S.A. E.S.P. ACUAVALLE S.A. E.S.P. - LA VICTORIA;URBANO, SAN JOSE, HOLGUIN, EL GUAYABO;4100.0;16400.0;Convencional;1;ACTIVO;4.5183;-76.05752;EXISTENTE
ACUEDUCTO_0400;86901;OBANDO;Rural;CENTRO POBLADO;Norte Cartago;ASOCIACION DE ACUEDUCTO VEREDAL EL CHUZO SALEM LIMONES;YUCATAN ,CHUZO,SALEM ,LIMONES;32.0;128.0;Ninguno;0;ACTIVO;4.556136;-75.9246;EXISTENTE
ACUEDUCTO_0401;86231;OBANDO;Rural;DISPERSA;Norte Cartago;ASOCIACION DE USUARIOS DEL ACUEDUCTO AGUAS, AGUA Y VIDA YUCATAN Y LIMONES;DE YUCATAN Y LIMONES;32.0;128.0;Ninguno;0;ACTIVO;4.563086;-75.94019;EXISTENTE
ACUEDUCTO_0402;14639;OBANDO;Rural;DISPERSA;Norte Cartago;ASOCIACION DE USUARIOS DEL ACUEDUCTO RURAL COMUNITARIO DE LA VEREDA BUENOS AIRES - AGUAS DE BUENOS AIRES;BUENOS AIRES;25.0;100.0;Soluciones_Individuales;1;ACTIVO;4.592964;-75.87641;EXISTENTE
ACUEDUCTO_0403;86910;OBANDO;Rural;DISPERSA;Norte Cartago;ASOCIACION DE USUARIOS DEL ACUEDUCTO RURAL COMUNITARIO DE LA VEREDA MARCOPOLIS;MARCOPILIS;10.0;40.0;Solo desinfección;0;ACTIVO;4.646369;-75.92881;EXISTENTE
ACUEDUCTO_0404;88222;OBANDO;Rural;CENTRO POBLADO;Norte Cartago;ASOCIACION DE USUARIOS DEL ACUEDUCTO RURAL COMUNITARIO DEL CORREGIMIENTO DE SAN ISIDRO;SAN ISIDRO;52.0;208.0;FIME;1;ACTIVO;4.570078;-75.89671;EXISTENTE
ACUEDUCTO_0405;14638;OBANDO;Rural;CENTRO POBLADO;Norte Cartago;ASOCIACION DE USUARIOS DEL ACUEDUCTO Y ALCANTARILLADO CORREGIMIENTO VILLARODAS # 2;VILLA RODAS;70.0;280.0;Soluciones_Individuales;1;ACTIVO;4.615872;-75.88435;EXISTENTE
ACUEDUCTO_0406;88218;OBANDO;Rural;CENTRO POBLADO;Norte Cartago;ASOCIACION DE USUARIOS DEL ACUEDUCTO Y ALCANTARILLADO VILLARODAS # 1;CORREGIMIETO VILLA RODAS;60.0;240.0;Solo desinfección;0;ACTIVO;4.614478;-75.88371;EXISTENTE
ACUEDUCTO_0407;87875;OBANDO;Rural;DISPERSA;Norte Cartago;JUNTA ADMINISTRADORA ACUEDUCTO SALEM;JUNTA ADMINISTRADORA ACUEDU SALEM;12.0;48.0;Ninguno;0;ACTIVO;4.548136;-75.88709;EXISTENTE
ACUEDUCTO_0408;86232;OBANDO;Rural;CENTRO POBLADO;Norte Cartago;JUNTA ADMINISTRADORA DEL ACUEDUCTO DE CRUCES;CRUCES;85.0;340.0;FD+Desinfección;1;ACTIVO;4.645153;-75.91974;EXISTENTE
ACUEDUCTO_0410;86234;OBANDO;Urbano;CABECERA MUNICIPAL;Norte Cartago;SOCIEDAD DE ACUEDUCTOS Y ALCANTARILLADOS DEL VALLE DEL CAUCA S.A. E.S.P. ACUAVALLE S.A. E.S.P.-OBANDO;URBANO, EL PLEITO, MOLINA, JUAN DIAZ;2994.0;11976.0;Convencional;1;ACTIVO;4.57565;-75.9733;EXISTENTE
ACUEDUCTO_0411;34628;PRADERA;Rural;DISPERSA;Sur Cali;ACUEDUCTO EL NOGAL;EL NOGAL;25.0;100.0;Ninguno;0;ACTIVO;3.418081;-76.15393;EXISTENTE
ACUEDUCTO_0412;33117;PRADERA;Rural;CENTRO POBLADO;Sur Cali;ACUEDUCTO EL RECREO;EL RECREO ALTO , EL RECREO BAJO.;164.0;656.0;Soluciones_Individuales;1;ACTIVO;3.397861;-76.20279;EXISTENTE
ACUEDUCTO_0413;34627;PRADERA;Rural;CENTRO POBLADO;Sur Cali;ACUEDUCTO LA FERIA PLANADA;LA FERIA;100.0;400.0;Solo desinfección;0;ACTIVO;3.424528;-76.15339;EXISTENTE
ACUEDUCTO_0414;34629;PRADERA;Rural;CENTRO POBLADO;Sur Cali;ASOCIACION COMUNITARIA ADMINISTRADORA ACUEDUCTO DOMESTICO CRGT POTRERITO - AGUASALUD POTRERITO;POTRERITO;298.0;1192.0;Solo desinfección;0;ACTIVO;3.420019;-76.18781;EXISTENTE
ACUEDUCTO_0415;31578;PRADERA;Rural;CENTRO POBLADO;Sur Cali;ASOCIACION COMUNITARIA ADMINISTRADORA DEL ACUEDUCTO DEL CRGT DE LOMITAS - ACUASALUD LOMITAS;LOMITAS;344.0;1376.0;FIME;1;ACTIVO;3.408167;-76.21939;EXISTENTE
ACUEDUCTO_0416;104022;PRADERA;Rural;DISPERSA;Sur Cali;JUNTA ADMINISTRADORA ACUEDUCTO COMUNITARIO SAN ISIDRO;SAN ISIDRO;70.0;280.0;Ninguno;0;ACTIVO;3.398944;-76.18978;EXISTENTE
ACUEDUCTO_0417;104718;PRADERA;Rural;DISPERSA;Sur Cali;JUNTA ADMINISTRADORA ACUEDUCTO DEL CORREGIMIENTO DE BOLIVAR - ACUASALUD BOLIVAR;BOLIVAR;15.0;60.0;Soluciones_Individuales;0;ACTIVO;3.382806;-76.19781;EXISTENTE
ACUEDUCTO_0418;103953;PRADERA;Rural;DISPERSA;Sur Cali;JUNTA ADMINISTRADORA ACUEDUCTO EL RETIRO ESP.;EL RETIRO;46.0;184.0;Ninguno;0;ACTIVO;3.447861;-76.14453;EXISTENTE
ACUEDUCTO_0420;33745;PRADERA;Rural;DISPERSA;Sur Cali;JUNTA ADMINISTRADORA LOCAL ACUEDUCTO SAN ANTONIO;SAN ANTONIO;45.0;180.0;Ninguno;0;ACTIVO;3.401;-76.17967;EXISTENTE
ACUEDUCTO_0421;30210;PRADERA;Urbano;CABECERA MUNICIPAL;Sur Cali;SOCIEDAD DE ACUEDUCTOS Y ALCANTARILLADOS DEL VALLE DEL CAUCA S.A. E.S.P. ACUAVALLE S.A. E.S.P. - PRADERA;URBANO, LA GRANJA, LA TUPIA, BOLO ARTONAL, LA FLORESTA;12970.0;51980.0;Convencional;1;ACTIVO;3.399453;-76.30308;EXISTENTE
ACUEDUCTO_0422;112090;RESTREPO;Rural;DISPERSA;Centro Tuluá;ACUAPALTRES;BUEN VIVIR (107), TRES PUERTAS (77), COLEGURRE (22), VENTAQUEMADO (17), LA PALMA (120), MONTERREDOND;491.0;1964.0;Solo desinfección;0;ACTIVO;3.798108;-76.51399;EXISTENTE
ACUEDUCTO_0423;103474;RESTREPO;Rural;DISPERSA;Centro Tuluá;ACUEDUCTO AGUALINDA BAJO;AGUALINDA BAJO;9.0;36.0;Soluciones_Individuales;0;ACTIVO;3.828956;-76.50326;EXISTENTE
ACUEDUCTO_0424;116231;RESTREPO;Rural;DISPERSA;Centro Tuluá;ACUEDUCTO ALTO DEL OSO - LA ESPERANZA;LA ESPERANZA;17.0;68.0;Ninguno;0;ACTIVO;3.826744;-76.47888;EXISTENTE
ACUEDUCTO_0425;134111;RESTREPO;Rural;DISPERSA;Centro Tuluá;ACUEDUCTO ALTO DEL OSO LA FLORIDA Y LA CAMELIA;ALTO DEL OSO LA FLORIDA Y LA CAMELIA;11.0;44.0;Filtración Compacta;1;ACTIVO;3.822928;-76.4739;EXISTENTE
ACUEDUCTO_0426;121420;RESTREPO;Rural;DISPERSA;Centro Tuluá;ACUEDUCTO ALTO EL OSO - LA CAMELIA;ALTO DEL OSO;11.0;44.0;Soluciones_Individuales;1;ACTIVO;3.826744;-76.47888;EXISTENTE
ACUEDUCTO_0427;107789;RESTREPO;Rural;DISPERSA;Centro Tuluá;ACUEDUCTO BOMBAY;BOMBAY;32.0;128.0;Ninguno;0;ACTIVO;3.804875;-76.50069;EXISTENTE
ACUEDUCTO_0429;104370;RESTREPO;Rural;DISPERSA;Centro Tuluá;ACUEDUCTO LA BELMIRA;LA BELMIRA;32.0;128.0;Soluciones_Individuales;1;ACTIVO;3.831156;-76.61907;EXISTENTE
ACUEDUCTO_0430;120388;RESTREPO;Rural;DISPERSA;Centro Tuluá;ACUEDUCTO LA SOLEDAD;LA SOLEDAD;15.0;60.0;Soluciones_Individuales;0;ACTIVO;3.4421;-76.44291;EXISTENTE
ACUEDUCTO_0431;130096;RESTREPO;Rural;DISPERSA;Centro Tuluá;ACUEDUCTO RURAL ALTO ZABALETAS;ALTO ZABALETAS;12.0;48.0;Ninguno;0;ACTIVO;3.822083;-76.62342;EXISTENTE
ACUEDUCTO_0432;119605;RESTREPO;Rural;DISPERSA;Centro Tuluá;ACUEDUCTO SAN MARTIN 2;SAN MARTIN;19.0;76.0;Soluciones_Individuales;0;ACTIVO;3.820772;-76.47804;EXISTENTE
ACUEDUCTO_0433;116423;RESTREPO;Rural;DISPERSA;Centro Tuluá;ASOCIACION ACUEDUCTO COMUNITARIO QUEBRADA CALABAZAS- SAN PABLO - ACOCALABAZAS;LAS BRISAS, PARTE DE ALTA DE VIJES, LA MERCED Y;123.0;492.0;Solo desinfección;0;ACTIVO;3.808744;-76.47859;EXISTENTE
ACUEDUCTO_0434;133061;RESTREPO;Rural;DISPERSA;Centro Tuluá;ASOCIACION DE ACUEDUCTO VEREDAL ALTO SAN PABLO;ALTO SAN PABLO;30.0;0.0;Ninguno;0;ACTIVO;3.817861;-76.54479;EXISTENTE
ACUEDUCTO_0435;115373;RESTREPO;Rural;DISPERSA;Centro Tuluá;ASOCIACION DE SUSCRIPTORES DEL SISTEMA DE SUMINISTRO DE AGUA RURAL COMUNITARIA DE LA VEREDA ALBANIA CORREGIMIENTO DE ZABALETAS MUNICIPIO DE RESTREPO;LA ALBANIA;65.0;260.0;Ninguno;0;ACTIVO;3.812783;-76.61842;EXISTENTE
ACUEDUCTO_0436;120387;RESTREPO;Rural;DISPERSA;Centro Tuluá;ASOCIACION DE USUARIOS ACUEDUCTO EL DIAMANTE;EL DIAMANTE;32.0;128.0;Solo desinfección;0;ACTIVO;3.822017;-76.49257;EXISTENTE
ACUEDUCTO_0437;65691;RESTREPO;Rural;DISPERSA;Centro Tuluá;ASOCIACION DE USUARIOS DEL ACUEDUCTO ACUA PUERTA NEGRA;PUERTA NEGRA;45.0;180.0;Filtración Compacta;1;ACTIVO;3.854656;-76.57649;EXISTENTE
ACUEDUCTO_0438;58639;RESTREPO;Rural;DISPERSA;Centro Tuluá;ASOCIACION DE USUARIOS DEL ACUEDUCTO AGUACATE-POTERILLO;POTRERILLO;98.0;392.0;FIME;1;ACTIVO;3.721028;-76.55581;EXISTENTE
ACUEDUCTO_0439;103473;RESTREPO;Rural;DISPERSA;Centro Tuluá;ASOCIACION DE USUARIOS DEL ACUEDUCTO AGUALINDA ALTO;AGUALINDA ALTO;9.0;36.0;Soluciones_Individuales;0;ACTIVO;3.826411;-76.50113;EXISTENTE
ACUEDUCTO_0440;62249;RESTREPO;Rural;DISPERSA;Centro Tuluá;ASOCIACION DE USUARIOS DEL ACUEDUCTO DE LA CUENCA DEL ALTO CIELO Y LA TESALIA ESP;ALTO CIELO Y LA TESALIA;;;Filtración Compacta;1;ACTIVO;3.814467;-76.49613;EXISTENTE
ACUEDUCTO_0441;117141;RESTREPO;Rural;DISPERSA;Centro Tuluá;ASOCIACION DE USUARIOS DEL ACUEDUCTO DE LA VEREDA LA ITALIA - ACUAITALIA;LA ITALIA;50.0;200.0;Ninguno;0;ACTIVO;3.830575;-76.52223;EXISTENTE
ACUEDUCTO_0443;58640;RESTREPO;Rural;DISPERSA;Centro Tuluá;ASOCIACION DE USUARIOS DEL SISTEMA Y SUMINISTRO DE AGUA DE LA VEREDA CALIMITA;CALIMITA;85.0;340.0;Filtración Compacta;1;ACTIVO;3.825875;-76.54448;EXISTENTE
ACUEDUCTO_0444;114304;RESTREPO;Rural;DISPERSA;Centro Tuluá;ASOCIACION DE USUARIOS LA FLORIDA - ALTO DEL OSO 3;LA CAMELIA, INSTITUCION EDUCATIVA, EL JARDIN;10.0;0.0;Ninguno;0;ACTIVO;3.822928;-76.4739;EXISTENTE
ACUEDUCTO_0445;62093;RESTREPO;Rural;DISPERSA;Centro Tuluá;ASOCIACION DE USUARIOS VEREDA AGUA MONA;AGUA MONA;64.0;256.0;Solo desinfección;0;ACTIVO;3.848556;-76.521;EXISTENTE
ACUEDUCTO_0446;59537;RESTREPO;Rural;DISPERSA;Centro Tuluá;ASOCIACION DE USUARIOS Y/O SUSCRIPTORES DEL SERVICIO DE AGUA POTABLE DE LA VEREDA SANTA ROSA - AVESARO;SANTA ROSA;97.0;388.0;Soluciones_Individuales (30%);1;ACTIVO;3.811411;-76.48893;EXISTENTE
ACUEDUCTO_0447;121430;RESTREPO;Rural;DISPERSA;Centro Tuluá;ASOCIACION USUARIOS COMUNIDAD VDA SAN SALVADOR Y EL SILENCIO - EL SILENCIO;EL SILENCIO;73.0;292.0;Solo desinfección;0;ACTIVO;3.801128;-76.60946;EXISTENTE
ACUEDUCTO_0448;104574;RESTREPO;Rural;CENTRO POBLADO;Centro Tuluá;ASOCIACION USUARIOS COMUNIDAD VDA SAN SALVADOR Y EL SILENCIO - SAN SALVADOR;SAN SALVADOR;49.0;196.0;Ninguno;0;ACTIVO;3.801128;-76.60946;EXISTENTE
ACUEDUCTO_0449;117087;RESTREPO;Rural;DISPERSA;Centro Tuluá;ASOCIACION USUARIOS DEL ACUEDUCTO AGUA DE DIOS;EL AGRADO;20.0;80.0;Soluciones_Individuales;0;ACTIVO;3.804806;-76.49974;EXISTENTE
ACUEDUCTO_0442;43084;RESTREPO;Rural;DISPERSA;Sur Cali;ASOCIACIÓN DE USUARIOS DEL SERVICIO DE AGUA POTABLE PUEBLO NUEVO Y CABILDO NIAZA-ACUANIPU;PUEBLO NUEVO,CABILDO NIAZA (RESTREPO);94.0;376.0;FIME;1;ACTIVO;3.774444;-76.47919;EXISTENTE
ACUEDUCTO_0450;65689;RESTREPO;Rural;DISPERSA;Centro Tuluá;ASOCIACON DE USUARIOS DEL SERVICIO DE AGUA DEL ACEUDUCTO PLAYA RICA - LA GUAIRA;PLAYA RICA;90.0;360.0;Solo desinfección;0;ACTIVO;3.827764;-76.59367;EXISTENTE
ACUEDUCTO_0451;109633;RESTREPO;Rural;DISPERSA;Centro Tuluá;JUNTA ADMINISTRADORA ACUEDUCTO DOS PIEDRAS;RIO GRANDE;36.0;144.0;Soluciones_Individuales;1;ACTIVO;3.755825;-76.56303;EXISTENTE
ACUEDUCTO_0452;125767;RESTREPO;Rural;DISPERSA;Centro Tuluá;JUNTA ADMINISTRADORA ACUEDUCTO ROMAN;ROMAN;23.0;92.0;Soluciones_Individuales;0;ACTIVO;3.771183;-76.57909;EXISTENTE
ACUEDUCTO_0453;143556;RESTREPO;Rural;DISPERSA;Centro Tuluá;PARCELACION ECOLOGICA VILLA DEL SOL;PARCELACION ECOLOGICA VILLA DEL SOL;52.0;208.0;Ninguno;0;ACTIVO;3.800833;-76.54292;EXISTENTE
ACUEDUCTO_0455;58657;RESTREPO;Urbano;CABECERA MUNICIPAL;Centro Tuluá;SOCIEDAD DE ACUEDUCTOS Y ALCANTARILLADOS DEL VALLE DEL CAUCA S.A. E.S.P. ACUAVALLE S.A. E.S.P.-RESTREPO;URBANO, AGUALINDA, EL AGRADO, AGUAMONA, CALIMITA, SAN PABLO, EL MADROÑAL, EL TRANSPORTE;4350.0;17400.0;Convencional;1;ACTIVO;3.82328;-76.52113;EXISTENTE
ACUEDUCTO_0456;70676;RESTREPO;Rural;DISPERSA;Centro Tuluá;SOCIEDAD DE ACUEDUCTOS Y ALCANTARILLADOS DEL VALLE DEL CAUCA S.A. E.S.P. ACUAVALLE S.A. E.S.P.-TABLEROS;TABLEROS;429.0;1716.0;Convencional;1;ACTIVO;3.852786;-76.55223;EXISTENTE
ACUEDUCTO_0457;125791;RIO FRIO;Rural;DISPERSA;Centro Tuluá;ACUAMIRAVALLE;MIRAVALLE ALTO;32.0;128.0;Ninguno;0;ACTIVO;4.049175;-76.38447;EXISTENTE
ACUEDUCTO_0458;125433;RIO FRIO;Rural;DISPERSA;Centro Tuluá;ACUARABIA;EL DINDE, LA ARABIA , HOJAS ANCHAS;55.0;220.0;Ninguno;0;ACTIVO;4.152328;-76.37058;EXISTENTE
ACUEDUCTO_0459;125716;RIO FRIO;Rural;DISPERSA;Centro Tuluá;ACUEDUCTO DOS QUEBRADAS;EL RUBI;26.0;104.0;Ninguno;0;ACTIVO;4.01945;-76.40058;EXISTENTE
ACUEDUCTO_0460;130405;RIO FRIO;Rural;CENTRO POBLADO;Centro Tuluá;ACUEDUCTO LAS BRISAS;LAS BRISAS;12.0;36.0;Soluciones_Individuales;1;ACTIVO;4.121944;-76.3875;EXISTENTE
ACUEDUCTO_0461;113701;RIO FRIO;Rural;DISPERSA;Centro Tuluá;ACUEDUCTO MIRAVALLE;MIRAVALLE;27.0;108.0;Ninguno;0;ACTIVO;4.040844;-76.40027;EXISTENTE
ACUEDUCTO_0462;61929;RIO FRIO;Rural;DISPERSA;Centro Tuluá;ACUEDUCTO MORROPLANCHO BAJO;MORROPLANCHO BAJO;20.0;80.0;Solo desinfección;0;ACTIVO;4.131944;-76.375;EXISTENTE
ACUEDUCTO_0463;113256;RIO FRIO;Rural;DISPERSA;Centro Tuluá;ACUEDUCTO RURAL COROZAL;COROZAL;62.0;248.0;Soluciones_Individuales;0;ACTIVO;4.030508;-76.39806;EXISTENTE
ACUEDUCTO_0464;113258;RIO FRIO;Rural;DISPERSA;Centro Tuluá;ACUEDUCTO RURAL SAN ALFONSO;SAN ALFONSO;36.0;144.0;Ninguno;0;ACTIVO;4.117239;-76.39735;EXISTENTE
ACUEDUCTO_0466;122338;RIO FRIO;Rural;DISPERSA;Centro Tuluá;ACUEDUCTO VEREDA EL CARMEN;EL CARMEN;33.0;132.0;Soluciones_Individuales;1;ACTIVO;4.123894;-76.42224;EXISTENTE
ACUEDUCTO_0467;125719;RIO FRIO;Rural;DISPERSA;Centro Tuluá;ACUEDUCTO VEREDA EL RUBI SECTOR LA CANCHA;EL RUBI;30.0;120.0;Soluciones_Individuales;1;ACTIVO;4.017886;-76.40751;EXISTENTE
ACUEDUCTO_0468;104015;RIO FRIO;Rural;CENTRO POBLADO;Centro Tuluá;AGUA SULTANA;LA SULTANA;35.0;140.0;Solo desinfección;0;ACTIVO;4.117169;-76.28479;EXISTENTE
ACUEDUCTO_0469;63927;RIO FRIO;Rural;DISPERSA;Centro Tuluá;ASOCIACION DE USUARIOS ACUEDUCTO AGUAS ARRIBA- LA JUDEA;LA JUDEA (120407);30.0;120.0;Solo desinfección;0;ACTIVO;4.105297;-76.40301;EXISTENTE
ACUEDUCTO_0470;61928;RIO FRIO;Rural;DISPERSA;Centro Tuluá;ASOCIACION DE USUARIOS DEL ACUEDUCTO DE LA VEREDA DE CALABAZAS;CALABAZAS;118.0;472.0;Ninguno;0;ACTIVO;4.036067;-76.38801;EXISTENTE
ACUEDUCTO_0471;113536;RIO FRIO;Rural;CENTRO POBLADO;Centro Tuluá;ASOCIACION DE USUARIOS DEL ACUEDUCTO EL DIAMANTE - LA ZULIA;LA ZULIA;58.0;232.0;Solo desinfección;0;ACTIVO;4.093542;-76.38352;EXISTENTE
ACUEDUCTO_0472;122336;RIO FRIO;Rural;DISPERSA;Centro Tuluá;ASOCIACION DE USUARIOS DEL ACUEDUCTO RURAL CAMPESINO DE LA VEREDA LA CRISTALINA;LA CRISTALINA;25.0;100.0;Ninguno;0;ACTIVO;4.125267;-76.39933;EXISTENTE
ACUEDUCTO_0473;58606;RIO FRIO;Rural;CENTRO POBLADO;Centro Tuluá;FUNDACION DE USUARIOS DEL ACUEDUCTO COREGIMIENTO FENICIA;PUERTO FENICIA;776.0;3108.0;Solo desinfección;0;ACTIVO;4.076692;-76.3864;EXISTENTE
ACUEDUCTO_0474;59156;RIO FRIO;Rural;CENTRO POBLADO;Centro Tuluá;FUNDACION DE USUARIOS DEL ACUEDUCTO DE LA VEREDA DE MADRIGAL;MADRIGAL;72.0;288.0;Solo desinfección;0;ACTIVO;4.1802;-76.25993;EXISTENTE
ACUEDUCTO_0475;59636;RIO FRIO;Rural;CENTRO POBLADO;Centro Tuluá;FUNDACION DE USUARIOS DEL ACUEDUCTO DEL CORREGIMIENTO DE PORTUGAL DE PIEDRAS - ACUEPORT;PORTUGAL DE PIEDRAS;131.0;650.0;Solo desinfección;0;ACTIVO;4.051786;-76.365;EXISTENTE
ACUEDUCTO_0476;58946;RIO FRIO;Rural;CENTRO POBLADO;Centro Tuluá;"FUNDACION USUARIOS ACUEDUCTO SALONICA ""ACUASALONICA""";SALÓNICA;850.0;3200.0;FIME;1;ACTIVO;4.127136;-76.37171;EXISTENTE
ACUEDUCTO_0477;58642;RIO FRIO;Rural;DISPERSA;Centro Tuluá;JUNTA ADMINISTRADORA ACUAGUAYABAL;GUAYABAL;35.0;140.0;Solo desinfección;0;ACTIVO;4.107797;-76.37521;EXISTENTE
ACUEDUCTO_0478;113729;RIO FRIO;Rural;DISPERSA;Centro Tuluá;JUNTA ADMINISTRADORA ACUAITALIA;LA ITALIA;31.0;124.0;Ninguno;0;ACTIVO;4.083111;-76.40312;EXISTENTE
ACUEDUCTO_0479;61927;RIO FRIO;Rural;CENTRO POBLADO;Centro Tuluá;JUNTA ADMINISTRADORA ACUEDUCTO LOS ESTRECHOS;LOS ESTRECHOS;33.0;132.0;Solo desinfección;0;ACTIVO;4.095581;-76.31501;EXISTENTE
ACUEDUCTO_0480;58641;RIO FRIO;Rural;DISPERSA;Centro Tuluá;JUNTA ADMINISTRADORA DEL ACUEDUCTO DE MORROPLANCHO ALTO;MORROPLANCHO ALTO;44.0;176.0;Solo desinfección;0;ACTIVO;4.140017;-76.3978;EXISTENTE
ACUEDUCTO_0481;66187;RIO FRIO;Rural;CENTRO POBLADO;Centro Tuluá;JUNTA ADMINISTRADORA DEL ACUEDUCTO DE USUARIO DE LA ZULIA ACUAZULIA LOS ALPES;LOS ALPES;180.0;720.0;Solo desinfección;0;ACTIVO;4.098194;-76.39841;EXISTENTE
ACUEDUCTO_0482;124646;RIO FRIO;Rural;DISPERSA;Centro Tuluá;JUNTA DE ACUEDUCTO LA GUAIRA;LA GUAIRA;22.0;88.0;Ninguno;0;ACTIVO;4.017519;-76.2456;EXISTENTE
ACUEDUCTO_0484;113731;RIO FRIO;Rural;DISPERSA;Centro Tuluá;VEREDA SAN JOSE DE LA SELVA;SAN JOSE DE LA SELVA;12.0;48.0;Ninguno;0;ACTIVO;4.047575;-76.39173;EXISTENTE
ACUEDUCTO_0485;58643;ROLDANILLO;Rural;DISPERSA;Norte Cartago;ACUACAMPO: ISUGU EL SILENCIO PUERTO QUINTERO, CANDELARIA, PUEBLO NUEVO, EL RINCON, SIMON BOLIVAR Y REMOLINO;ISUGU,EL RINCON,SIMON BOLIVAR, EL;587.0;2348.0;Bloque-Acuavalle;1;ACTIVO;4.435006;-76.0858;EXISTENTE
ACUEDUCTO_0486;118326;ROLDANILLO;Rural;DISPERSA;Norte Cartago;ACUEDUCTO RURAL LA ARMENIA ALTA;LA ARMENIA ALTA;14.0;56.0;Soluciones_Individuales;0;ACTIVO;4.4335;-76.20439;EXISTENTE
ACUEDUCTO_0487;103487;ROLDANILLO;Rural;DISPERSA;Norte Cartago;ACUEDUCTO RURAL VEREDA EL PIE;EL PIE;50.0;200.0;Soluciones_Individuales;0;ACTIVO;4.437667;-76.1661;EXISTENTE
ACUEDUCTO_0488;118488;ROLDANILLO;Rural;DISPERSA;Norte Cartago;ACUEDUCTO RURAL VEREDA LA ARMENIA BAJA;ARMENIA BAJA;27.0;108.0;Ninguno;0;ACTIVO;4.404831;-76.19664;EXISTENTE
ACUEDUCTO_0672;151391;ROLDANILLO;Rural;DISPERSA;Norte Cartago;ACUEDUCTO RURAL VEREDA MATEGUADUA;MATEGUADUA;0.0;0.0;Soluciones_Individuales;1;ACTIVO;4.418064;-76.2133;EXISTENTE
ACUEDUCTO_0489;60383;ROLDANILLO;Rural;DISPERSA;Norte Cartago;ASOCIACION COMUNITARIA ADMINISTRADORA DEL ACUEDUCTO LA VEREDA LA SOLEDAD EN LIQUIDACION;LA SOLEDAD;90.0;360.0;Solo desinfección;0;ACTIVO;4.382006;-76.21154;EXISTENTE
ACUEDUCTO_0490;61940;ROLDANILLO;Rural;DISPERSA;Norte Cartago;ASOCIACION DE USUARIOS ACUEDUCTO VEREDA CASCARILLO ARCAS;CASCARILLO;116.0;464.0;Solo desinfección;0;ACTIVO;4.384972;-76.18919;EXISTENTE
ACUEDUCTO_0491;61941;ROLDANILLO;Rural;CENTRO POBLADO;Norte Cartago;ASOCIACION DE USUARIOS DEL ACUEDUCTO CAJAMARCA-SAN ISIDRO;CAJAMARCA;221.0;884.0;Solo desinfección;0;ACTIVO;4.477297;-76.2153;EXISTENTE
ACUEDUCTO_0494;62922;ROLDANILLO;Rural;DISPERSA;Norte Cartago;ASOCIACION DE USUARIOS DEL ACUEDUCTO SANTA CLARA LA MONTAÑUELA;LA MONTAÑUELA LIMONES EL CIRUELO EL OREGANO BUENAVISTA HOYO HONDO BELGICA;197.0;788.0;Solo desinfección;0;ACTIVO;4.454308;-76.19656;EXISTENTE
ACUEDUCTO_0495;60380;ROLDANILLO;Rural;DISPERSA;Norte Cartago;ASOCIACION DE USUARIOS EL REY (ASUACOR);EL GUACHAL, LA CEIBA, REY ALTO, MEDIO Y BAJO;340.0;1360.0;FIME;1;ACTIVO;4.420511;-76.12;EXISTENTE
ACUEDUCTO_0496;124840;ROLDANILLO;Rural;DISPERSA;Norte Cartago;ASOCIACION DE USUARIOS VEREDA CACERES;CACERES;22.0;88.0;Soluciones_Individuales;1;ACTIVO;4.395939;-76.1986;EXISTENTE
ACUEDUCTO_0493;60379;ROLDANILLO;Rural;CENTRO POBLADO;Norte Cartago;ASOCIACIÓN DE USUARIOS DEL ACUEDUCTO RURAL COMUNITARIO VEREDA EL RETIRO;EL RETIRO;104.0;416.0;Solo desinfección;0;ACTIVO;4.396208;-76.23439;EXISTENTE
ACUEDUCTO_0497;58659;ROLDANILLO;Urbano;CABECERA MUNICIPAL;Norte Cartago;SOCIEDAD DE ACUEDUCTOS Y ALCANTARILLADOS DEL VALLE DEL CAUCA S.A. E.S.P. ACUAVALLE S.A. E.S.P. - ROLDANILLO;URBANO,SANTA RITA, TIERRA BLANCA, EL PALMAR GUAYABAL, SAN JOSE DEL HOBO, IRRUPA, HIGUERON, MORELIA;11515.0;46060.0;Convencional;1;ACTIVO;4.416117;-76.15447;EXISTENTE
ACUEDUCTO_0498;132738;SAN PEDRO;Rural;DISPERSA;Centro Tuluá;ACUEDUCTO LOS MATES ARENALES;LOS MATES;17.0;68.0;Soluciones_Individuales;0;ACTIVO;3.948033;-76.21686;EXISTENTE
ACUEDUCTO_0499;104562;SAN PEDRO;Rural;DISPERSA;Centro Tuluá;ACUEDUCTO RURAL GUAQUEROS-LA ESPERANZA;GUAQUEROS,LA ESPERANZA;90.0;360.0;Soluciones_Individuales;0;ACTIVO;3.917678;-76.19001;EXISTENTE
ACUEDUCTO_0500;133290;SAN PEDRO;Rural;DISPERSA;Centro Tuluá;ACUEDUCTO RURAL LA PRADERA;LA PRADERA;25.0;100.0;Ninguno;0;ACTIVO;3.953892;-76.15982;EXISTENTE
ACUEDUCTO_0501;113244;SAN PEDRO;Rural;DISPERSA;Centro Tuluá;ACUEDUCTO RURAL LOS MATES;LOS MATES;10.0;40.0;Soluciones_Individuales;0;ACTIVO;3.951683;-76.21437;EXISTENTE
ACUEDUCTO_0502;65685;SAN PEDRO;Rural;CENTRO POBLADO;Centro Tuluá;ASOCIACION AGUAS DE BUENOS AIRES;BUENOS AIRES;115.0;460.0;Soluciones_Individuales;0;ACTIVO;3.929822;-76.17342;EXISTENTE
ACUEDUCTO_0668;149455;SAN PEDRO;Rural;DISPERSA;Centro Tuluá;ASOCIACION DE PRODUCTORES AGROPECUARIOS VICTIMAS DEL CONFLICTO ARMADO DE COLOMBIA -;PREDIO LA CAMILA;70.0;0.0;Ninguno;0;ACTIVO;4.019367;-76.31866;EXISTENTE
ACUEDUCTO_0503;60316;SAN PEDRO;Rural;CENTRO POBLADO;Centro Tuluá;ASOCIACION DE SUSCRIPTORES ACUEDUCTO Y ALCANTARILLADO SAN JOSE;SAN JOSE;403.0;1612.0;Pozo+Aireacion+Desinfección;1;ACTIVO;4.033892;-76.2512;EXISTENTE
ACUEDUCTO_0504;58644;SAN PEDRO;Rural;DISPERSA;Centro Tuluá;ASOCIACION DE USUARIOS DEL ACUEDUCTO MONTERREDONDO ESP;MONTERREDONDO;120.0;480.0;Soluciones_Individuales;0;ACTIVO;3.966808;-76.16678;EXISTENTE
ACUEDUCTO_0505;59536;SAN PEDRO;Rural;DISPERSA;Centro Tuluá;ASOCIACION DE USUARIOS DEL ACUEDUCTO Y ALCANTARILLADO DEL CORREGIMIENTO LOS CHANCOS SAN PEDRO VALLE;LOS CHANCOS;198.0;1345.0;FIME;1;ACTIVO;4.018333;-76.20056;EXISTENTE
ACUEDUCTO_0506;62255;SAN PEDRO;Rural;DISPERSA;Centro Tuluá;JUNTA ADMINISTRADORA ACUEDUCTO POSITOS;POSITOS;30.0;120.0;Ninguno;0;ACTIVO;3.943625;-76.16773;EXISTENTE
ACUEDUCTO_0507;125759;SAN PEDRO;Rural;DISPERSA;Centro Tuluá;JUNTA DE ACCION COMUNAL CORREGIMIENTO LA ESMERALDA;LA ESMERALDA;37.0;148.0;Ninguno;0;ACTIVO;3.944629;-76.13092;EXISTENTE
ACUEDUCTO_0509;103644;SAN PEDRO;Rural;DISPERSA;Centro Tuluá;LA SIRIA;LA SIRIA;56.0;224.0;Soluciones_Individuales;0;ACTIVO;3.95;-76.14278;EXISTENTE
ACUEDUCTO_0510;58660;SAN PEDRO;Urbano;CABECERA MUNICIPAL;Centro Tuluá;SOCIEDAD DE ACUEDUCTOS Y ALCANTARILLADOS DEL VALLE DEL CAUCA S.A. E.S.P. ACUAVALLE S.A. E.S.P. - SAN PEDRO;URBANO, TODOS LOS SANTOS, PRESIDENTE, MONTEGRANDE,GUAYABAL, BELEN;4278.0;17112.0;Convencional;1;ACTIVO;3.995283;-76.22918;EXISTENTE
ACUEDUCTO_0511;103485;SEVILLA;Rural;DISPERSA;Centro Tuluá;ACUEDUCTO CIELO ROTO CANOAS;CIELO ROTO CANOAS;33.0;132.0;Solo desinfección;0;ACTIVO;4.056972;-75.91948;EXISTENTE
ACUEDUCTO_0512;113723;SEVILLA;Rural;DISPERSA;Centro Tuluá;ACUEDUCTO COMINALES;COMINALES;5.0;20.0;Ninguno;0;ACTIVO;4.2233;-75.92515;EXISTENTE
ACUEDUCTO_0513;113716;SEVILLA;Rural;DISPERSA;Centro Tuluá;ACUEDUCTO DE SALDAÑA ACUASALDAÑA;SALDAÑA;28.0;112.0;Solo desinfección;0;ACTIVO;4.264711;-75.93888;EXISTENTE
ACUEDUCTO_0514;113662;SEVILLA;Rural;DISPERSA;Centro Tuluá;ACUEDUCTO DE USUARIOS CONGAL ALTO;CONGAL ALTO;16.0;64.0;Solo desinfección;0;ACTIVO;4.274697;-75.94798;EXISTENTE
ACUEDUCTO_0667;113710;SEVILLA;Rural;DISPERSA;Centro Tuluá;ACUEDUCTO EL CEBOLLAL;CEBOLLAL;34.0;136.0;Ninguno;0;ACTIVO;4.163933;-75.90734;EXISTENTE
ACUEDUCTO_0515;113721;SEVILLA;Rural;DISPERSA;Centro Tuluá;ACUEDUCTO MEDIO SAN MARCOS;MEDIO SAN MARCOS;0.0;0.0;Ninguno;0;ACTIVO;4.239992;-75.92056;EXISTENTE
ACUEDUCTO_0516;126907;SEVILLA;Rural;DISPERSA;Centro Tuluá;ACUEDUCTO RURAL EL CRUCERO - ACUACRUCERO;EL CRUCERO;16.0;64.0;Ninguno;0;ACTIVO;4.287031;-75.90244;EXISTENTE
ACUEDUCTO_0517;147988;SEVILLA;Rural;DISPERSA;Centro Tuluá;ACUEDUCTO RURAL LA FLORIDA;LA FLORIDA;22.0;88.0;Ninguno;0;ACTIVO;4.198567;-75.95674;EXISTENTE
ACUEDUCTO_0518;58941;SEVILLA;Rural;CENTRO POBLADO;Centro Tuluá;ADMINISTRACION COOPERATIVA SEVILLA E.S.P. LA CUCHILLA EL JARDIN;LA CUCHILLA;196.0;784.0;FD+Desinfección+Soluciones_Individuales;1;ACTIVO;4.364722;-75.91891;EXISTENTE
ACUEDUCTO_0519;61994;SEVILLA;Rural;DISPERSA;Centro Tuluá;ADMINISTRACION COOPERATIVA SEVILLA ESP-MANZANILLO;MANZANILLO;56.0;224.0;Soluciones_Individuales;0;ACTIVO;4.348069;-75.91881;EXISTENTE
ACUEDUCTO_0520;61998;SEVILLA;Rural;DISPERSA;Centro Tuluá;ADMINISTRACION COOPERATIVA SEVILLA ESP-MORROAZUL;MORRO AZUL;193.0;772.0;Solo desinfección;0;ACTIVO;4.314739;-75.90694;EXISTENTE
ACUEDUCTO_0521;58793;SEVILLA;Rural;DISPERSA;Centro Tuluá;ASOCIACION COMUNITARIA ADMINISTRADORA DEL ACUEDUCTO RURAL LA MARIA LA ESTRELLA;LA MARIA LA ESTRELLA;54.0;216.0;Solo desinfección;0;ACTIVO;4.100528;-75.94613;EXISTENTE
ACUEDUCTO_0522;104617;SEVILLA;Rural;DISPERSA;Centro Tuluá;ASOCIACION DE USUARIOS ACUEDUCTO DE LA VDA MILONGA;MILONGA;65.0;260.0;Solo desinfección;0;ACTIVO;4.241617;-75.93806;EXISTENTE
ACUEDUCTO_0523;58769;SEVILLA;Rural;DISPERSA;Centro Tuluá;ASOCIACION DE USUARIOS DEL ACUEDUCTO AGUA COLORADAS;COLORADAS;140.0;560.0;Ninguno;0;ACTIVO;4.222825;-75.95604;EXISTENTE
ACUEDUCTO_0524;115587;SEVILLA;Rural;DISPERSA;Centro Tuluá;ASOCIACION DE USUARIOS DEL ACUEDUCTO DE LA VEREDA ALTO DEL RECREO;ALTO RECREO;70.0;280.0;Solo desinfección;0;ACTIVO;4.206792;-75.91706;EXISTENTE
ACUEDUCTO_0525;58645;SEVILLA;Rural;CENTRO POBLADO;Centro Tuluá;ASOCIACION DE USUARIOS DEL ACUEDUCTO DE LA VEREDA BUENOS AIRES - AGUAVIVA;BUENOS AIRES;119.0;476.0;Soluciones_Individuales;0;ACTIVO;4.409606;-75.89792;EXISTENTE
ACUEDUCTO_0526;58792;SEVILLA;Rural;DISPERSA;Centro Tuluá;ASOCIACION DE USUARIOS DEL ACUEDUCTO DE LA VEREDA EL VENADO;EL VENADO;98.0;392.0;Solo desinfección;0;ACTIVO;4.244931;-75.9028;EXISTENTE
ACUEDUCTO_0527;103481;SEVILLA;Rural;DISPERSA;Centro Tuluá;ASOCIACION DE USUARIOS DEL ACUEDUCTO DE LA VEREDA LA FLORESTA - ASUAFLORESTA;LA FLORESTA;12.0;36.0;Soluciones_Individuales;0;ACTIVO;4.207778;-75.94306;EXISTENTE
ACUEDUCTO_0528;65145;SEVILLA;Rural;DISPERSA;Centro Tuluá;ASOCIACION DE USUARIOS DEL ACUEDUCTO DE LAS VEREDAS LA CRISTALINA Y PURNIO - AGUA PORVENIR PURNIO;EL PURNIO;37.0;148.0;Soluciones_Individuales;0;ACTIVO;4.248975;-75.95026;EXISTENTE
ACUEDUCTO_0529;113676;SEVILLA;Rural;DISPERSA;Centro Tuluá;"ASOCIACION DE USUARIOS DEL ACUEDUCTO DE LAS VEREDAS LAS BRISAS BAJO SAN MARCOS Y LA MILONGA ""ASUABRISAS""";LAS BRISAS;45.0;180.0;Solo desinfección;0;ACTIVO;4.243761;-75.90798;EXISTENTE
ACUEDUCTO_0530;65146;SEVILLA;Rural;DISPERSA;Centro Tuluá;ASOCIACION DE USUARIOS DEL ACUEDUCTO DE LAS VEREDAS MIRAMAR Y LA MELVA (AGUAMIRAMELVA);MIRAMAR Y LA MELVA;58.0;232.0;Solo desinfección;0;ACTIVO;4.249456;-75.88726;EXISTENTE
ACUEDUCTO_0531;59785;SEVILLA;Rural;CENTRO POBLADO;Centro Tuluá;"ASOCIACION DE USUARIOS DEL CORREGIMIENTO DE COROZAL - ""AGUA-VITAL COROZAL""";COROZAL;169.0;676.0;Solo desinfección;0;ACTIVO;4.395386;-75.91666;EXISTENTE
ACUEDUCTO_0532;59786;SEVILLA;Rural;CENTRO POBLADO;Centro Tuluá;ASOCIACION DE USUARIOS JUNTA ADMINISTRADORA DEL ACUEDUCTO DE LA VEREDA SAN ANTONIO - ASA;SAN ANTONIO DE PADUA;200.0;800.0;Solo desinfección;0;ACTIVO;4.222783;-75.94517;EXISTENTE
ACUEDUCTO_0533;65144;SEVILLA;Rural;CENTRO POBLADO;Centro Tuluá;ASOCIACION USUARIOS ACUEDUCTO CUMBARCO;CUMBARCO;116.0;464.0;Solo desinfección;0;ACTIVO;4.195325;-75.83333;EXISTENTE
ACUEDUCTO_0534;134707;SEVILLA;Rural;DISPERSA;Centro Tuluá;JUNTA ACUEDUCTO VEREDA EL BAYANO;EL BAYANO;10.0;40.0;Ninguno;0;ACTIVO;4.322467;-75.93902;EXISTENTE
ACUEDUCTO_0535;113659;SEVILLA;Rural;DISPERSA;Centro Tuluá;JUNTA ADMINISTRADOR ACUEDUCTO DE TOTORO - ACUATOTORO;TOTORO;45.0;180.0;Solo desinfección;0;ACTIVO;4.308461;-75.9438;EXISTENTE
ACUEDUCTO_0536;58938;SEVILLA;Rural;CENTRO POBLADO;Centro Tuluá;JUNTA ADMINISTRADORA DEL ACUEDUCTO DE LA VEREDA ESTACION CAICEDONIA;ESTACION CAICEDONIA;113.0;452.0;Solo desinfección;0;ACTIVO;4.410753;-75.88249;EXISTENTE
ACUEDUCTO_0537;58661;SEVILLA;Urbano;CABECERA MUNICIPAL;Centro Tuluá;SOCIEDAD DE ACUEDUCTOS Y ALCANTARILLADOS DEL VALLE DEL CAUCA S.A. E.S.P. ACUAVALLE S.A. E.S.P.-SEVILLA;URBANO;9800.0;39200.0;Convencional;1;ACTIVO;4.277522;-75.91973;EXISTENTE
ACUEDUCTO_0538;88219;TORO;Rural;CENTRO POBLADO;Norte Cartago;ACUEDUCTO RURAL VDA LA QUIEBRA;LA QUIEBRA;73.0;292.0;Solo desinfección;0;ACTIVO;4.625864;-76.10778;EXISTENTE
ACUEDUCTO_0673;108873;TORO;Rural;DISPERSA;Norte Cartago;ACUEDUCTO RURAL VDA VENTAQUEMADA SISTEMA # 2 - LA SIBERIA;VENTAQUEMADA SISTEMA # 2 , LA SIBERIA;18.0;72.0;Ninguno;0;ACTIVO;4.671408;-76.09854;EXISTENTE
ACUEDUCTO_0540;93954;TORO;Rural;DISPERSA;Norte Cartago;ACUEDUCTO RURAL VENTA QUEMADA-BUENA VISTA;VENTA QUEMADA;9.0;36.0;Solo desinfección;0;ACTIVO;4.659247;-76.0976;EXISTENTE
ACUEDUCTO_0539;110432;TORO;Rural;DISPERSA;Norte Cartago;ACUEDUCTO RURAL VEREDA BOLIVAR;BOLIVAR;16.0;64.0;Ninguno;0;ACTIVO;4.715072;-76.05848;EXISTENTE
ACUEDUCTO_0541;88260;TORO;Rural;CENTRO POBLADO;Norte Cartago;ASOCIACION CIVICA JUNTA ADMINISTRADORA DEL ACUEDUCTO SAN FRANCISCO;SAN FRANCISCO;504.0;2016.0;FIME;1;ACTIVO;4.684794;-76.03673;EXISTENTE
ACUEDUCTO_0542;92057;TORO;Rural;DISPERSA;Norte Cartago;ASOCIACIONJUNTA ADMINISTRADORA DEL ACUEDUCTO RURAL COMUNITARIO PATIO BONITO -LA ROBLEDA-SABANAZO;PATIO BONITO;160.0;640.0;Solo desinfección;0;ACTIVO;4.590719;-76.14644;EXISTENTE
ACUEDUCTO_0543;96307;TORO;Rural;DISPERSA;Norte Cartago;JUNTA DE ACCION COMUNAL DE LA VEREDA PAN DE AZUCAR (LA ESTRELLA);PAN DE AZUCAR LA ESTRELLA;22.0;88.0;Solo desinfección;0;ACTIVO;4.705606;-76.07257;EXISTENTE
ACUEDUCTO_0544;96126;TORO;Rural;DISPERSA;Norte Cartago;JUNTA DE ACCION COMUNAL LA CAYETANA;SAN ANTONIO, LA CAYETANA, CORCEGA, TEJADAS;106.0;424.0;Bloque-Acuavalle;1;ACTIVO;4.541906;-76.04859;EXISTENTE
ACUEDUCTO_0545;110737;TORO;Rural;DISPERSA;Norte Cartago;JUNTA DE ACCIÓN COMUNAL VEREDA EL CEDRO;EL CEDRO;15.0;60.0;Solo desinfección;0;ACTIVO;4.568467;-76.05892;EXISTENTE
ACUEDUCTO_0547;86241;TORO;Urbano;CABECERA MUNICIPAL;Norte Cartago;SOCIEDAD DE ACUEDUCTOS Y ALCANTARILLADOS DEL VALLE DEL CAUCA S.A. E.S.P. ACUAVALLE S.A. E.S.P.-TORO;URBANO, EL BOHIO, SAN ANTONIO, ESPINAL;3585.0;14340.0;Convencional;1;ACTIVO;4.596;-76.06;EXISTENTE
ACUEDUCTO_0548;113599;TRUJILLO;Rural;DISPERSA;Centro Tuluá;ACUEDUCTO COLECTIVO RURAL CAMPASEINO ALTO Y BAJA CRISTALINA;LA CRISTALINA;109.0;436.0;Solo desinfección;0;ACTIVO;4.225539;-76.33509;EXISTENTE
ACUEDUCTO_0549;123647;TRUJILLO;Rural;DISPERSA;Centro Tuluá;ACUEDUCTO MORAVITO;MORAVITO;13.0;52.0;Ninguno;0;ACTIVO;4.279269;-76.38605;EXISTENTE
ACUEDUCTO_0550;127579;TRUJILLO;Rural;DISPERSA;Centro Tuluá;ACUEDUCTO RURAL LA BETULIA - ACUABETULIA;LA BETULIA;20.0;80.0;Ninguno;0;ACTIVO;4.228611;-76.37778;EXISTENTE
ACUEDUCTO_0551;127939;TRUJILLO;Rural;DISPERSA;Centro Tuluá;ACUEDUCTO RURAL LA DEVORA;LA DEBORA;0.0;;Ninguno;0;ACTIVO;4.205947;-76.42352;EXISTENTE
ACUEDUCTO_0552;148309;TRUJILLO;Rural;DISPERSA;Centro Tuluá;ACUEDUCTO RURAL LA MARINA ALTA;LA MARINA ALTA;16.0;64.0;Ninguno;0;ACTIVO;4.258611;-76.30389;EXISTENTE
ACUEDUCTO_0555;116106;TRUJILLO;Rural;DISPERSA;Centro Tuluá;AGUAS ALTAMIRA;ALTAMIRA;0.0;;Soluciones_Individuales;0;ACTIVO;4.178425;-76.37628;EXISTENTE
ACUEDUCTO_0556;60384;TRUJILLO;Rural;CENTRO POBLADO;Centro Tuluá;AGUASALUD VENECIA;VENECIA;350.0;0.0;FIME;1;ACTIVO;4.193631;-76.39016;EXISTENTE
ACUEDUCTO_0557;132775;TRUJILLO;Rural;DISPERSA;Centro Tuluá;ASOCIACION AGUAS DEL VERGEL;VERGEL;32.0;128.0;Ninguno;0;ACTIVO;4.219564;-76.22877;EXISTENTE
ACUEDUCTO_0558;65481;TRUJILLO;Rural;DISPERSA;Centro Tuluá;ASOCIACION COMUNITARIA AGUA PUDEMA-PUENTE BLANCO;PUENTE BLANCO;46.0;230.0;Solo desinfección;0;ACTIVO;4.209736;-76.38188;EXISTENTE
ACUEDUCTO_0559;123803;TRUJILLO;Rural;DISPERSA;Centro Tuluá;ASOCIACION COMUNITARIA DE USUARIOS DEL ACUEDUCTO DE LA VEREDA CULEBRAS ACUCULEBRAS;CULEBRAS;72.0;288.0;FIME;1;ACTIVO;4.243661;-76.33807;EXISTENTE
ACUEDUCTO_0669;150208;TRUJILLO;Rural;DISPERSA;Centro Tuluá;ASOCIACION DE USUARIOS ABASTECIMIENTO DE AGUA LAS BRUMAS ASOBRU;LAS BRUMAS;6.0;24.0;Ninguno;0;ACTIVO;4.225233;-76.32455;EXISTENTE
ACUEDUCTO_0560;65147;TRUJILLO;Rural;CENTRO POBLADO;Centro Tuluá;ASOCIACION DE USUARIOS ACUEDUCTO ALTO CRISTALES;CRISTALES;30.0;120.0;Ninguno;0;ACTIVO;4.177122;-76.39081;EXISTENTE
ACUEDUCTO_0561;59618;TRUJILLO;Rural;CENTRO POBLADO;Centro Tuluá;"ASOCIACION DE USUARIOS ACUEDUCTO DE ROBLEDO ""ASUACOR""";ROBLEDO;430.0;1720.0;FIME;1;ACTIVO;4.265278;-76.21836;EXISTENTE
ACUEDUCTO_0562;119015;TRUJILLO;Rural;DISPERSA;Centro Tuluá;ASOCIACION DE USUARIOS DE ABASTO DE AGUA RIN RAN;RIM,RAM;30.0;120.0;Solo desinfección;0;ACTIVO;4.217708;-76.31543;EXISTENTE
ACUEDUCTO_0563;113601;TRUJILLO;Rural;DISPERSA;Centro Tuluá;ASOCIACION DE USUARIOS DEL ACUEDUCTO COLECTIVO RURAL DE LA VEREDA CHOCHO LA BOHEMIA;EL CHOCHO;115.0;180.0;Solo desinfección;0;ACTIVO;4.267697;-76.27986;EXISTENTE
ACUEDUCTO_0564;123645;TRUJILLO;Rural;CENTRO POBLADO;Centro Tuluá;ASOCIACION DE USUARIOS DEL ACUEDUCTO COMUNITARIO DE LA VEREDA SONORA ALTA;BRISAS DE HOREO;46.0;184.0;Ninguno;0;ACTIVO;4.232539;-76.3927;EXISTENTE
ACUEDUCTO_0565;64460;TRUJILLO;Rural;DISPERSA;Centro Tuluá;ASOCIACION DE USUARIOS DEL ACUEDUCTO COMUNITARIO HATO VIEJO;HATO VIEJO;30.0;120.0;Solo desinfección;0;ACTIVO;4.206817;-76.24044;EXISTENTE
ACUEDUCTO_0566;61999;TRUJILLO;Rural;CENTRO POBLADO;Centro Tuluá;ASOCIACION DE USUARIOS DEL ACUEDUCTO DE ANDINAPOLIS - ARCA;ANDINÁPOLIS;280.0;2804.0;FIME;1;ACTIVO;4.165678;-76.38602;EXISTENTE
ACUEDUCTO_0567;128809;TRUJILLO;Rural;DISPERSA;Centro Tuluá;ASOCIACION DE USUARIOS DEL ACUEDUCTO DE LA VEREDA CASCAJAL - ACUACOLORADAS;COLORADAS;16.0;80.0;Solo desinfección;0;ACTIVO;4.185236;-76.25697;EXISTENTE
ACUEDUCTO_0568;65695;TRUJILLO;Rural;DISPERSA;Centro Tuluá;ASOCIACION DE USUARIOS DEL ACUEDUCTO DE LAS VEREDAS LA MARINA, ELCHOCHO, EL REMOLINO;LA MARINA, ELCHOCHO, EL REMOLINO;47.0;188.0;Solo desinfección;0;ACTIVO;4.245994;-76.31132;EXISTENTE
ACUEDUCTO_0569;104102;TRUJILLO;Rural;CENTRO POBLADO;Centro Tuluá;ASOCIACION DE USUARIOS DEL ACUEDUCTO DEL CORREGIMIENTO DE LA SONORA - ACUASONORA;LA SONORA;35.0;140.0;Soluciones_Individuales;0;ACTIVO;4.230769;-76.38938;EXISTENTE
ACUEDUCTO_0570;129080;TRUJILLO;Rural;DISPERSA;Centro Tuluá;ASOCIACION DE USUARIOS DEL ACUEDUCTO RURAL COLECTIVO DE LA VEREDA BAJO PALERMO;BAJO PALERMO;36.0;144.0;Ninguno;0;ACTIVO;4.204181;-76.35067;EXISTENTE
ACUEDUCTO_0571;123639;TRUJILLO;Rural;DISPERSA;Centro Tuluá;ASOCIACION DE USUARIOS DEL ACUEDUCTO RURAL COLECTIVO DE LA VEREDA LA CRISTALINA-EL OTRO MUNDO;LA CRISTALINA,EL OTRO MUNDO;76.0;304.0;Solo desinfección;0;ACTIVO;4.210608;-76.32194;EXISTENTE
ACUEDUCTO_0572;62248;TRUJILLO;Rural;DISPERSA;Centro Tuluá;ASOCIACION DE USUARIOS DEL ACUEDUCTO RURAL COLECTIVO VEREDA CEDRALES ARCC;CEDRALES;33.0;132.0;Solo desinfección;0;ACTIVO;4.231178;-76.33157;EXISTENTE
ACUEDUCTO_0573;125669;TRUJILLO;Rural;DISPERSA;Centro Tuluá;ASOCIACION DE USUARIOS DEL ACUEDUCTO RURAL DE LA VEREDA LAS MELENAS ACUAMELENAS;LAS MELENAS, LA SONADORA, PUENTE ROJO;45.0;180.0;Soluciones_Individuales;0;ACTIVO;4.172803;-76.35812;EXISTENTE
ACUEDUCTO_0574;113393;TRUJILLO;Rural;DISPERSA;Centro Tuluá;ASOCIACION DE USUARIOS DEL ACUEDUCTO RURAL LOS RANCHOS;LOS RANCHOS;25.0;100.0;Solo desinfección;0;ACTIVO;4.193692;-76.34267;EXISTENTE
ACUEDUCTO_0575;59617;TRUJILLO;Rural;CENTRO POBLADO;Centro Tuluá;ASOCIACION DE USUARIOS DEL SERVICIO DE AGUA POTABLE DE HUASANO;HUASANÓ;255.0;1020.0;Planta Modular;1;ACTIVO;4.245856;-76.24507;EXISTENTE
ACUEDUCTO_0576;113603;TRUJILLO;Rural;DISPERSA;Centro Tuluá;ASOCIACION DE USUARIOS RURAL FLORESTA LA LUISA;LA LUISA;30.0;120.0;Solo desinfección;0;ACTIVO;4.243206;-76.2997;EXISTENTE
ACUEDUCTO_0577;58628;TRUJILLO;Rural;DISPERSA;Centro Tuluá;ASOCIACION DE USUARIOSDELACUEDUCTO BUENAVISTA LA BOHEMIA;BUENAVISTA LA BOHEMIA;80.0;320.0;Solo desinfección;0;ACTIVO;4.262017;-76.28283;EXISTENTE
ACUEDUCTO_0578;65487;TRUJILLO;Rural;DISPERSA;Centro Tuluá;ASOCIACION JUNTA ADMINISTRADORA DEL ACUEDUCTO LA DIAMANTINA;LA DIAMANTINA;40.0;160.0;Ninguno;0;ACTIVO;4.198853;-76.3846;EXISTENTE
ACUEDUCTO_0579;113466;TRUJILLO;Rural;DISPERSA;Centro Tuluá;JUNTA ADMINISTRADORA ACUEDCUTO MANANTIAL DE VIDA;MARACAIBO;27.0;108.0;Ninguno;0;ACTIVO;4.212919;-76.39329;EXISTENTE
ACUEDUCTO_0580;65484;TRUJILLO;Rural;DISPERSA;Centro Tuluá;JUNTA ADMINISTRADORA ACUEDUCTO DE PALERMO;PALERMO;20.0;80.0;Soluciones_Individuales;1;ACTIVO;4.206794;-76.33881;EXISTENTE
ACUEDUCTO_0581;111989;TRUJILLO;Rural;DISPERSA;Centro Tuluá;JUNTA ADMINISTRADORA DEL ACUEDUCTO LA MARINA;LA MARINA;47.0;188.0;Solo desinfección;0;ACTIVO;4.251525;-76.30793;EXISTENTE
ACUEDUCTO_0582;58662;TRUJILLO;Urbano;CABECERA MUNICIPAL;Centro Tuluá;SOCIEDAD DE ACUEDUCTOS Y ALCANTARILLADOS DEL VALLE DEL CAUCA S.A. E.S.P. ACUAVALLE S.A. E.S.P. - TRUJILLO;URBANO;2695.0;10740.0;Convencional;1;ACTIVO;4.209464;-76.31891;EXISTENTE
ACUEDUCTO_0583;94231;ULLOA;Rural;DISPERSA;Norte Cartago;ACUEDUCTO VEREDAL PLATACER;EL PLACER, LA PLATA;50.0;200.0;Planta Modular;1;ACTIVO;4.700461;-75.71158;EXISTENTE
ACUEDUCTO_0584;91936;ULLOA;Rural;DISPERSA;Norte Cartago;ADMINISTRACION COOPERATIVA ULLOA SISTEMA #1;SISTEMA #1 CHAPINERO,EL PIÑAL ,LA MONTAÑA,EL BOSQUE,EL MADROÑO, BERLIN PARTE ALTA;373.0;1492.0;Planta Modular;1;ACTIVO;4.696981;-75.72276;EXISTENTE
ACUEDUCTO_0585;15191;ULLOA;Rural;CENTRO POBLADO;Norte Cartago;ADMINISTRACION COOPERATIVA ULLOA SISTEMA #2;BERLIN,MOCTEZUMA,DINAMARCA,VENECIA, EL COFRE,SUCRE,LA PASTORA,LA LATINA,CALAMONTE ALTO;442.0;1768.0;Planta Modular;1;ACTIVO;4.707372;-75.75826;EXISTENTE
ACUEDUCTO_0586;95490;ULLOA;Rural;DISPERSA;Norte Cartago;ASOCIACION DE USUARIOS ACUEDUCTO SUCRE;SUCRE;20.0;80.0;Soluciones_Individuales;0;ACTIVO;4.710658;-75.75877;EXISTENTE
ACUEDUCTO_0675;151957;ULLOA;Rural;DISPERSA;Norte Cartago;JUNTA DE ACCION COMUNAL CALAMONTE BAJO;CALAMONTE BAJO;70.0;280.0;Soluciones_Individuales (22%);0;ACTIVO;4.703329;-75.82568;EXISTENTE
ACUEDUCTO_0587;89907;ULLOA;Rural;DISPERSA;Norte Cartago;JUNTA DE ACCIÓN COMUNAL VEREDA EL BRILLANTE;EL BRILLANTE;66.0;264.0;Solo desinfección;0;ACTIVO;4.707928;-75.73897;EXISTENTE
ACUEDUCTO_0588;86250;ULLOA;Urbano;CABECERA MUNICIPAL;Norte Cartago;SOCIEDAD DE ACUEDUCTOS Y ALCANTARILLADOS DEL VALLE DEL CAUCA S.A. E.S.P. ACUAVALLE S.A. E.S.P.-ULLOA;URBANO, BERLIN;869.0;3476.0;Convencional;1;ACTIVO;4.701708;-75.73964;EXISTENTE
ACUEDUCTO_0589;95502;VERSALLES;Rural;DISPERSA;Norte Cartago;ACUEDUCTO VEREDAL EL VERGEL;EL VERGEL;18.0;72.0;Ninguno;0;ACTIVO;4.560103;-76.27922;EXISTENTE
ACUEDUCTO_0592;88305;VERSALLES;Rural;CENTRO POBLADO;Norte Cartago;ASOCIACION ADMINISTRADORA ACUEDUCTO RURAL COMUNITARIO LA FLORIDA;LA FLORIDA , MURRAPAL , EL SILENCIO;170.0;680.0;Ninguno;0;ACTIVO;4.64915;-76.13819;EXISTENTE
ACUEDUCTO_0593;88316;VERSALLES;Rural;CENTRO POBLADO;Norte Cartago;ASOCIACION COMUNITARIA ADMINISTRADORA DEL ACUEDUCTO ACUASALUDO EL BALSAL;EL BALSAL, EL TABOR, EL ARBOLITO;304.0;1216.0;Solo desinfección;0;ACTIVO;4.667053;-76.22976;EXISTENTE
ACUEDUCTO_0590;102758;VERSALLES;Rural;DISPERSA;Norte Cartago;ASOCIACIËN DE USUARIOS DEL ACUEDUCTO RURAL DE LA VEREDA COCONUCO RED 1;COCNUCO RED #1;30.0;120.0;Ninguno;0;ACTIVO;4.632014;-76.13851;EXISTENTE
ACUEDUCTO_0591;115292;VERSALLES;Rural;DISPERSA;Norte Cartago;ASOCIACIËN DE USUARIOS DEL ACUEDUCTO RURAL DE LA VEREDA COCONUCO RED 2;COCONUCO RED #2;15.0;60.0;Solo desinfección;0;ACTIVO;4.630372;-76.13982;EXISTENTE
ACUEDUCTO_0594;81700;VERSALLES;Rural;DISPERSA;Norte Cartago;ASOCIACIÓN COMUNITARIA ADMINISTRADORA DEL ACUEDUCTO DE PUENTE TIERRA ASOCOAPT;EL BOSQUE, LA GUARIA, LA ARABIA, EL BRILLANTE, EL RUBY Y EL DECRO.;41.0;164.0;Solo desinfección;0;ACTIVO;4.619739;-76.18469;EXISTENTE
ACUEDUCTO_0596;81276;VERSALLES;Rural;CENTRO POBLADO;Norte Cartago;JUNTA ACCION COMUNAL PUERTO NUEVO;PUERTO NUEVO;60.0;240.0;Soluciones_Individuales;1;ACTIVO;4.587764;-76.2731;EXISTENTE
ACUEDUCTO_0598;87874;VERSALLES;Rural;CENTRO POBLADO;Norte Cartago;JUNTA ADMINISTRADORA ACUEDUCTO LA PRIMAVERA- CAMPO ALEGRE;CAMPOALEGRE;30.0;120.0;Solo desinfección;0;ACTIVO;4.614989;-76.15319;EXISTENTE
ACUEDUCTO_0599;15506;VERSALLES;Rural;DISPERSA;Norte Cartago;JUNTA ADMINISTRADORA ACUEDUCTO RURAL VEREDA LA BALSORA;LA BALSORA ALTA Y BAJA, LA GRECIA, EL DESCANSO, OJEDAS,;43.0;172.0;Solo desinfección;0;ACTIVO;4.546233;-76.18555;EXISTENTE
ACUEDUCTO_0600;81277;VERSALLES;Rural;DISPERSA;Norte Cartago;JUNTA ADMINISTRADORA RURAL BUENA VISTA;BUENA VISTA;25.0;100.0;Ninguno;0;ACTIVO;4.605578;-76.27513;EXISTENTE
ACUEDUCTO_0601;88307;VERSALLES;Rural;DISPERSA;Norte Cartago;JUNTA ADMON ACUEDUCTO LA CRISTALINA EL DIAMANTE;EL DIAMANTE LA CRISTALINA;20.0;80.0;Ninguno;0;ACTIVO;4.602061;-76.17027;EXISTENTE
ACUEDUCTO_0602;115450;VERSALLES;Rural;DISPERSA;Norte Cartago;SISTEMA DE ABASTECIMIENTO ACUEDUCTO RURAL GUAMALITO;GUAMALITO;50.0;200.0;Ninguno;0;ACTIVO;4.567878;-76.2223;EXISTENTE
ACUEDUCTO_0604;121662;VIJES;Rural;DISPERSA;Sur Cali;ASOCIACION DE USUARIOS DEL ACUEDUCTO RURAL COMUNITARIO DE LA VEREDA CAIMITAL SECTOR ESCUELA;CAIMITAL;19.0;89.0;Solo desinfección;0;ACTIVO;3.733083;-76.50692;EXISTENTE
ACUEDUCTO_0606;51384;VIJES;Rural;DISPERSA;Sur Cali;ASOCIACION DE USUARIOS DEL ACUEDUCTO RURAL COMUNITARIO DE LA VEREDA CIENEGUITAS;VEREDA CIENEGUITAS;15.0;60.0;Ninguno;0;ACTIVO;3.757361;-76.41656;EXISTENTE
ACUEDUCTO_0607;118737;VIJES;Rural;DISPERSA;Sur Cali;ASOCIACION DE USUARIOS DEL ACUEDUCTO RURAL COMUNITARIO DEL CORREGIMIENTO CARBONERO, VIJES.;CARBONERO,LA PEDRERA;130.0;520.0;Solo desinfección;0;ACTIVO;3.737139;-76.45683;EXISTENTE
ACUEDUCTO_0610;36336;VIJES;Rural;DISPERSA;Sur Cali;ASOCIACION JUNTA ADMINISTRADORA DE ACUEDUCTO COMUNITARIO NUESTRA FUENTE - ASOJACONUF;VILLA MARIA;53.0;212.0;FD+Desinfección;1;ACTIVO;3.716583;-76.47747;EXISTENTE
ACUEDUCTO_0603;119207;VIJES;Rural;DISPERSA;Sur Cali;ASOCIACIÓN DE USUARIOS DE LA QUEBRADA DE POTRERITO SUR - ADUPSUR;POTRERITO;71.0;284.0;FD+Desinfección;1;ACTIVO;3.716389;-76.47778;EXISTENTE
ACUEDUCTO_0605;38322;VIJES;Rural;DISPERSA;Sur Cali;ASOCIACIÓN DE USUARIOS DEL ACUEDUCTO RURAL COMUNITARIO DE LA VEREDA CAIMITAL, MUNICIPIO DE VIJES;CAIMITAL;102.0;408.0;Solo desinfección;0;ACTIVO;3.733083;-76.50692;EXISTENTE
ACUEDUCTO_0608;36322;VIJES;Rural;CENTRO POBLADO;Sur Cali;ASOCIACIÓN DE USUARIOS DEL ACUEDUCTO RURAL COMUNITARIO DEL CORREGIMIENTO LA RIVERA.;LA RIVERA;114.0;456.0;FD+Desinfección;1;ACTIVO;3.747167;-76.48431;EXISTENTE
ACUEDUCTO_0609;135187;VIJES;Rural;DISPERSA;Sur Cali;ASOCIACIÓN DE USUARIOS DEL ACUEDUCTO RURAL COMUNITARIO MONTERREY ALTOS DE LA FRESNEDA JACA # 13;LA FRESNEDA;21.0;84.0;Ninguno;0;ACTIVO;3.753889;-76.45861;EXISTENTE
ACUEDUCTO_0676;44627;VIJES;Rural;DISPERSA;Sur Cali;JUNTA ADMINISTRADORA ACUEDUCTO CARBONERO Y LA PEDRERA JACA N°1 - LA PEDRERA;CARBONERO,LA PEDRERA;55.0;220.0;Ninguno;0;ACTIVO;3.735278;-76.45456;EXISTENTE
ACUEDUCTO_0611;33506;VIJES;Rural;CENTRO POBLADO;Sur Cali;JUNTA ADMINISTRADORA ACUEDUCTO COMUNITARIO VEREDA VIDAL ESP;VIDAL;35.0;140.0;Soluciones_Individuales;0;ACTIVO;3.729525;-76.4095;EXISTENTE
ACUEDUCTO_0612;34215;VIJES;Rural;DISPERSA;Sur Cali;JUNTA ADMINISTRADORA COMUNITARIA ACUEDUCTO ALTO FRESNEDA JACA # 2;LA FRESNEDA;17.0;58.0;Solo desinfección;0;ACTIVO;3.751778;-76.46356;EXISTENTE
ACUEDUCTO_0613;121850;VIJES;Rural;DISPERSA;Sur Cali;JUNTA ADMINISTRADORA COMUNITARIA ACUEDUCTO LA FRESNEDA TRESQUEBRADAS;LA FRESNEDA ALTO DE LOS CHIVOS;18.0;72.0;Ninguno;0;ACTIVO;3.764083;-76.47428;EXISTENTE
ACUEDUCTO_0614;38272;VIJES;Rural;DISPERSA;Sur Cali;JUNTA ADMINISTRADORA COMUNITARIA ACUEDUCTO OCACHE ALTO - NUEVO HORIZONTE - JACA N° 7;OCACHE;;;Soluciones_Individuales;0;ACTIVO;3.699083;-76.50686;EXISTENTE
ACUEDUCTO_0615;34626;VIJES;Rural;DISPERSA;Sur Cali;JUNTA ADMINISTRADORA COMUNITARIA ACUEDUCTO VEREDA SANTA ANA - JACA N° 4;SANTA ANA;42.0;168.0;Solo desinfección;0;ACTIVO;3.734528;-76.44778;EXISTENTE
ACUEDUCTO_0616;29758;VIJES;Rural;CENTRO POBLADO;Sur Cali;JUNTA ADMINISTRADORA COMUNITARIA DEL ACUEDUCTO # 12 LA FRESNEDA-VIJES-LA JACA N° 12;LA FRESNEDA;76.0;304.0;Filtración Compacta;1;ACTIVO;3.760083;-76.4735;EXISTENTE
ACUEDUCTO_0617;33126;VIJES;Rural;CENTRO POBLADO;Sur Cali;JUNTA ADMINISTRADORA COMUNITARIA DEL ACUEDUCTO #15 DEL CORREGIMIENTO EL TAMBOR-VIJES - LA JACA # 15;EL TAMBOR;66.0;264.0;Solo desinfección;0;ACTIVO;3.761972;-76.48492;EXISTENTE
ACUEDUCTO_0618;38267;VIJES;Rural;CENTRO POBLADO;Sur Cali;JUNTA ADMINISTRADORA COMUNITARIA DEL ACUEDUCTO #16 EL PORVENIR MUNICIPIO DE VIJES- LA JACA # 16;EL PORVENIR,EL TRILLO,SAN ANTONIO,BRISAS,LA MERCED/LA COLONIA(RESTREPO),LA SOLEDAD(RESTREPO);140.0;560.0;Ninguno;0;ACTIVO;3.807917;-76.47208;EXISTENTE
ACUEDUCTO_0619;38319;VIJES;Rural;CENTRO POBLADO;Sur Cali;JUNTA ADMINISTRADORA COMUNITARIA DEL ACUEDUCTO CACHIMBAL - LA ESTRELLA. JACA Nº 9;CACHIMBAL PARTE ALTA;81.0;0.0;Solo desinfección;0;ACTIVO;3.785722;-76.47744;EXISTENTE
ACUEDUCTO_0620;28229;VIJES;Rural;CENTRO POBLADO;Sur Cali;JUNTA ADMINISTRADORA COMUNITARIA DEL ACUEDUCTO CORREGIMIENTO CACHIMBAL - JACA Nº 10;CACHIMBAL PARTE BAJA;51.0;176.0;Solo desinfección;0;ACTIVO;3.780472;-76.46828;EXISTENTE
ACUEDUCTO_0621;34625;VIJES;Rural;CENTRO POBLADO;Sur Cali;JUNTA ADMINISTRADORA COMUNITARIA DEL ACUEDUCTO LA JACA # 11 EL TAMBOR - JACA #11;EL TAMBOR;120.0;480.0;FD+Desinfección;1;ACTIVO;3.763639;-76.49042;EXISTENTE
ACUEDUCTO_0622;51210;VIJES;Rural;DISPERSA;Sur Cali;JUNTA ADMINISTRADORA COMUNITARIA DEL ACUEDUCTO MOZAMBIQUE- J.A.C.A. N° 1;MOZAMBIQUE;63.0;0.0;Soluciones_Individuales;0;ACTIVO;3.750417;-76.52983;EXISTENTE
ACUEDUCTO_0623;46169;VIJES;Rural;DISPERSA;Sur Cali;JUNTA ADMINISTRADORA COMUNITARIA DEL ACUEDUCTO Nº6 VEREDA ROMERITO - LA JACA Nº6;ROMERITO;44.0;176.0;Ninguno;0;ACTIVO;3.718556;-76.51847;EXISTENTE
ACUEDUCTO_0624;121814;VIJES;Rural;DISPERSA;Sur Cali;JUNTA ADMINISTRADORA COMUNITARIA JACA # 5 LOMALINDA VILLAMARÍA-VIJES;LOMALINDA;50.0;200.0;Ninguno;0;ACTIVO;3.716472;-76.47297;EXISTENTE
ACUEDUCTO_0625;34205;VIJES;Rural;DISPERSA;Sur Cali;JUNTA ADMINISTRADORA DEL ACUEDUCTO DEL CORREGIMIENTO DE OCACHE PARTE BAJA - J.A.A.C.O.B.;OCACHE PARTE BAJA;60.0;240.0;Soluciones_Individuales;0;ACTIVO;3.712611;-76.50926;EXISTENTE
ACUEDUCTO_0626;31829;VIJES;Urbano;CABECERA MUNICIPAL;Sur Cali;SOCIEDAD DE ACUEDUCTOS Y ALCANTARILLADOS DEL VALLE DEL CAUCA S.A. E.S.P. ACUAVALLE S.A. E.S.P. - VIJES;URBANO;3150.0;10839.0;Convencional;1;ACTIVO;3.700306;-76.44264;EXISTENTE
ACUEDUCTO_0627;106236;YOTOCO;Rural;DISPERSA;Centro Tuluá;ACUACORDOBITAS;CORDOBITAS;33.0;132.0;Solo desinfección;0;ACTIVO;3.851931;-76.45835;EXISTENTE
ACUEDUCTO_0628;133049;YOTOCO;Rural;CENTRO POBLADO;Centro Tuluá;ACUEDUCTO AGUAS MIRACAMPO;CAMPOALEGRE;21.0;84.0;Ninguno;0;ACTIVO;3.836889;-76.43766;EXISTENTE
ACUEDUCTO_0629;60317;YOTOCO;Rural;CENTRO POBLADO;Centro Tuluá;ACUEDUCTO ANTIGUO DE JIGUALES;JIGUALES;70.0;280.0;Solo desinfección;0;ACTIVO;3.909211;-76.44043;EXISTENTE
ACUEDUCTO_0630;120496;YOTOCO;Rural;DISPERSA;Centro Tuluá;ACUEDUCTO COMUNITARIO BELLA FUENTE;LA COLONIA , LAS DELICIAS , SAN JUAN;40.0;160.0;Ninguno;0;ACTIVO;3.958056;-76.41194;EXISTENTE
ACUEDUCTO_0631;120397;YOTOCO;Rural;DISPERSA;Centro Tuluá;ACUEDUCTO LA PALOMA - EL CRUCERO;EL CRUZERO;26.0;104.0;Ninguno;0;ACTIVO;3.608778;-76.50335;EXISTENTE
ACUEDUCTO_0632;60294;YOTOCO;Rural;DISPERSA;Centro Tuluá;"ACUEDUCTO RURAL ALBANIA-SAN JUAN ""ARLAS""";ALBANIA,SAN JUA;120.0;480.0;Solo desinfección;0;ACTIVO;3.980833;-76.4;EXISTENTE
ACUEDUCTO_0633;103030;YOTOCO;Rural;DISPERSA;Centro Tuluá;"ACUEDUCTO RURAL LA COLONIA ""GOTAS DE VIDA""";LA COLONIA;28.0;112.0;Solo desinfección;0;ACTIVO;3.886111;-76.41722;EXISTENTE
ACUEDUCTO_0634;65696;YOTOCO;Rural;CENTRO POBLADO;Centro Tuluá;ASOCIACION ACUAVITAL ESP CANEY;EL CANEY;50.0;200.0;Ninguno;0;ACTIVO;3.932222;-76.43167;EXISTENTE
ACUEDUCTO_0635;106577;YOTOCO;Rural;DISPERSA;Centro Tuluá;ASOCIACION ADMINISTRADORA ACUEDUCTO EL DORADO;EL DORADO;25.0;100.0;Ninguno;0;ACTIVO;3.840389;-76.42483;EXISTENTE
ACUEDUCTO_0636;120396;YOTOCO;Rural;DISPERSA;Centro Tuluá;ASOCIACION ADMINISTRADORA DE ACUEDUCTOS CORREGIMIENTO EL DORADO;LA FLORESTA;11.0;44.0;Soluciones_Individuales;1;ACTIVO;3.858531;-76.44177;EXISTENTE
ACUEDUCTO_0637;121437;YOTOCO;Rural;DISPERSA;Centro Tuluá;ASOCIACION ADMINSITRADORA DEL ACUEDUCTO LA FONTANA-ACOFOMI;LA FONTANA;25.0;100.0;Solo desinfección;0;ACTIVO;3.887303;-76.43493;EXISTENTE
ACUEDUCTO_0638;62253;YOTOCO;Rural;CENTRO POBLADO;Centro Tuluá;ASOCIACION COMUNITARIA ADMINISTRADORA ACUEDUCTO PUENTETIERRA LA VIRGINIA;PUENTETIERRA;32.0;128.0;Solo desinfección;0;ACTIVO;4.037222;-76.21389;EXISTENTE
ACUEDUCTO_0639;108425;YOTOCO;Rural;CENTRO POBLADO;Centro Tuluá;ASOCIACION COMUNITARIA AGUAS DE PUENTE TIERRA - LA BOHEMIA;PUENTETIERRA;37.0;148.0;Ninguno;0;ACTIVO;3.880556;-76.45483;EXISTENTE
ACUEDUCTO_0640;116100;YOTOCO;Rural;CENTRO POBLADO;Centro Tuluá;ASOCIACION COMUNITARIA AGUAS DE PUENTE TIERRA - LA OFELIA;PUENTE TIERRA LA OFELIA;144.0;576.0;FD+Desinfección;1;ACTIVO;3.875361;-76.45995;EXISTENTE
ACUEDUCTO_0642;59633;YOTOCO;Rural;CENTRO POBLADO;Centro Tuluá;ASOCIACION DE USUARIOS AGUA ALBANIA ESP - MIRAVALLE;MIRAVALLE;289.0;1156.0;Planta Modular;1;ACTIVO;3.99955;-76.38534;EXISTENTE
ACUEDUCTO_0643;136356;YOTOCO;Rural;DISPERSA;Centro Tuluá;ASOCIACION DE USUARIOS DE LA JUNTA ADMINISTRADORA DE AGUAS VEREDA BUENOS AIRES - AJABA;BUENOS AIRES;28.0;112.0;Ninguno;0;ACTIVO;3.836292;-76.42675;EXISTENTE
ACUEDUCTO_0644;104302;YOTOCO;Rural;DISPERSA;Centro Tuluá;ASOCIACION DE USUARIOS DE LOS ACUEDUCTOS EL JARDIN - CALIMITA - CALIMITA;CALIMITA;25.0;100.0;Ninguno;0;ACTIVO;3.896928;-76.42519;EXISTENTE
ACUEDUCTO_0645;104373;YOTOCO;Rural;DISPERSA;Centro Tuluá;ASOCIACION DE USUARIOS DE LOS ACUEDUCTOS EL JARDIN - CALIMITA - EL JARDIN;EL JARDIN;112.0;448.0;Solo desinfección;0;ACTIVO;3.896928;-76.42519;EXISTENTE
ACUEDUCTO_0646;58649;YOTOCO;Rural;CENTRO POBLADO;Centro Tuluá;ASOCIACION DE USUARIOS DEL ACUEDUCTO EL YARUMO-JIGUALES;JIGUALES;104.0;416.0;Filtración Compacta;1;ACTIVO;3.915639;-76.43451;EXISTENTE
ACUEDUCTO_0648;104293;YOTOCO;Rural;DISPERSA;Centro Tuluá;ASOCIACION USUARIOS SISTEMA SUMINISTRO AGUA RURAL VEREDA COLORADOS;COLORADOS;24.0;96.0;Ninguno;0;ACTIVO;3.838569;-76.44334;EXISTENTE
ACUEDUCTO_0641;113889;YOTOCO;Rural;CENTRO POBLADO;Centro Tuluá;ASOCIACIÓN DE USUARIOS AGUA ALBANIA E.S.P CARAMY;RAYITO;289.0;1156.0;Ninguno;0;ACTIVO;3.975569;-76.38333;EXISTENTE
ACUEDUCTO_0647;121439;YOTOCO;Rural;DISPERSA;Centro Tuluá;ASOCIACIÓN DE USUARIOS DEL ACUEDUCTO LA RIVERA;LA RIVERA;33.0;132.0;Ninguno;0;ACTIVO;3.985103;-76.40266;EXISTENTE
ACUEDUCTO_0649;58648;YOTOCO;Rural;CENTRO POBLADO;Centro Tuluá;ASOMEDIACANOA;MEDIACANOA;245.0;3560.0;FIME;1;ACTIVO;3.917778;-76.38419;EXISTENTE
ACUEDUCTO_0650;59624;YOTOCO;Rural;CENTRO POBLADO;Centro Tuluá;ASUASAP;SAN ANTONIO DE PIEDRAS;150.0;600.0;Solo desinfección;0;ACTIVO;4.044269;-76.33777;EXISTENTE
ACUEDUCTO_0652;121438;YOTOCO;Rural;DISPERSA;Centro Tuluá;JUNTA ACCION COMUNAL VEREDA EL DELIRIO;EL DELIRIO;96.0;384.0;Soluciones_Individuales;0;ACTIVO;3.969892;-76.37436;EXISTENTE
ACUEDUCTO_0653;115075;YOTOCO;Rural;DISPERSA;Centro Tuluá;JUNTA ADMINISTRADORA ACUEDUCTO EL BOSQUE;EL BOSQUE;61.0;244.0;Ninguno;0;ACTIVO;3.994731;-76.39854;EXISTENTE
ACUEDUCTO_0670;151783;YOTOCO;Rural;DISPERSA;Centro Tuluá;JUNTA ADMINISTRADORA ACUEDUCTO EL SOBACO;EL SOBACO;5.0;20.0;Ninguno;0;ACTIVO;3.836111;-76.42417;EXISTENTE
ACUEDUCTO_0654;104338;YOTOCO;Rural;CENTRO POBLADO;Centro Tuluá;JUNTA ADMINISTRADORA ACUEDUCTO LAS DELICIAS;LAS DELICIAS;37.0;148.0;Solo desinfección;0;ACTIVO;3.948233;-76.40278;EXISTENTE
ACUEDUCTO_0655;62447;YOTOCO;Rural;CENTRO POBLADO;Centro Tuluá;JUNTA ADMINISTRADORA ACUEDUCTO LOS PLANES;LOS PLANES;115.0;460.0;Solo desinfección;0;ACTIVO;3.922306;-76.37958;EXISTENTE
ACUEDUCTO_0656;65697;YOTOCO;Rural;DISPERSA;Centro Tuluá;JUNTA ADMINISTRADORA ACUEDUCTO RURAL EL DOPO;EL DOPO;62.0;248.0;Ninguno;0;ACTIVO;3.94415;-76.39317;EXISTENTE
ACUEDUCTO_0657;58663;YOTOCO;Urbano;CABECERA MUNICIPAL;Centro Tuluá;SOCIEDAD DE ACUEDUCTOS Y ALCANTARILLADOS DEL VALLE DEL CAUCA S.A. E.S.P. ACUAVALLE S.A. E.S.P. - YOTOCO;URBANO;3400.0;13600.0;Convencional;1;ACTIVO;3.860611;-76.38506;EXISTENTE
ACUEDUCTO_0658;59637;ZARZAL;Rural;CENTRO POBLADO;Centro Tuluá;ASOCIACION DE USUARIOS ACUASALUD VALLEJUELO;COROZAL (150) Y BUENOS AIRES (50);535.0;2200.0;FIME;1;ACTIVO;4.375303;-75.99947;EXISTENTE
ACUEDUCTO_0659;58665;ZARZAL;Rural;CENTRO POBLADO;Centro Tuluá;ASOCIACION DE USUARIOS DE LOS SERVICIOS PUBLICOS DE LA PAILA ASEPAILA;LA PAILA;1862.0;7448.0;Convencional;1;ACTIVO;4.316675;-76.07335;EXISTENTE
ACUEDUCTO_0660;122659;ZARZAL;Rural;DISPERSA;Centro Tuluá;ASOCIACION DE USUARIOS DE SERVICIOS PUBLICOS DEL ACUEDUCTO GUASIMAL-ALIZAL;GUASIMAL BAJO , GUASIMAL ALTO, ALIZAL;59.0;236.0;Bloque-Acuavalle;1;ACTIVO;4.425561;-76.04355;EXISTENTE
ACUEDUCTO_0661;59638;ZARZAL;Rural;CENTRO POBLADO;Centro Tuluá;ASOCIACION DE USUARIOS DEL ACUEDUCTO QUEBRADA NUEVA;QUEBRADANUEVA;270.0;1080.0;Solo desinfección;0;ACTIVO;4.371172;-75.95129;EXISTENTE
ACUEDUCTO_0662;58664;ZARZAL;Urbano;CABECERA MUNICIPAL;Centro Tuluá;SOCIEDAD DE ACUEDUCTOS Y ALCANTARILLADOS DEL VALLE DEL CAUCA S.A. E.S.P. ACUAVALLE S.A. E.S.P. - ZARZAL;URBANO, LIMONES, VERGEL;10862.0;43448.0;Convencional;1;ACTIVO;4.400856;-76.06668;EXISTENTE
