ID_SEDE_IRCA;COD_DANE;MUNICIPIO;NOMBRE_SEDE_IRCA;ZONA_IRCA;DIRECCION_IRCA;NOMBRE_ABREVIADO_IRCA;TELEFONO_IRCA;ESTUDIANTES_ACTUAL;ESTUDIANTES_IRCAS;ESTUDIANTES_SEDESUESVALLE;ESTUDIANTES_MEN_REFERENCIA;FUENTE_MATRICULA_FINAL;ESTADO_COMPLEMENTO_MATRICULA;REQUIERE_VALIDACION_MATRICULA;CONECTADA_ACUEDUCTO;NOMBRE_ACUEDUCTO;IRCA_ORIGINAL;NIVEL_RIESGO_IRCA;CODIGO_SISA_ACUEDUCTO;TRATAMIENTO_EN_ESCUELA;FUENTE_ABASTO;CALIFICACION_BLOQUE_AGUA;CONCEPTO_SANITARIO;FECHA_VISITA;TIPO_CRUCE;ESTADO_CRUCE;ESTADO_GEORREFERENCIACION;OBSERVACION_CRUCE;ID_SEDESUESVALLE;INSTITUCION_INS;SEDE_INS;ESTADO_SEDE;NATURALEZA;JORNADA;NIVEL_EDUCATIVO;DIRECCION_MAPA;LONGITUD;LATITUD;LONGITUD_SEDESUESVALLE;LATITUD_SEDESUESVALLE;LONGITUD_MEN;LATITUD_MEN;FUENTE_COORDENADA;ESTADO_COORDENADA;BENEFICIARIOS_PAE_2025_1SI;TOTAL_GENERAL_INS;MEN_ANIO;MEN_ESTABLECIMIENTO;MEN_SEDE;MEN_ZONA;MEN_DIRECCION;MEN_METODO_CRUCE;MEN_SCORE_CRUCE;GRUPO_SEGUIMIENTO;RIESGO_IRCA_AGRUPADO;BRECHAS_INFORMACION;TIENE_BRECHA_INFORMACION;CALIDAD_DATO_SEDE;INDICE_PRIORIDAD_SANITARIA_ESCOLAR;NIVEL_PRIORIDAD_ANALITICA;ACCION_SUGERIDA;SCORE_PRIORIDAD;NIVEL_PRIORIDAD
1;276100000631;BOLIVAR;ESCUELA N. 47 LA CARMELITA;RURAL;VDA CARTAGUITO;;3216376721;4;4;6;9;ESCUELAS_IRCAS;DATO_PRINCIPAL_ESCUELAS_IRCAS;NO;NO;SIN DATO;SD;SIN DATO;SIN DATO;FILTRO;NACIMIENTO;10.5;DESFAVORABLE;2025-06-03;COD_DANE_UNICO;CRUCE_OK;GEORREFERENCIADA;;119;INSTITUCION EDUCATIVA BETANIA;LA CARMELITA;ACTIVA;OFICIAL;MAÑANA;EDUCACIÓN MEDIA;VDA CARTAGUITO;-76.38327591;4.447803079;-76.38327591;4.447803079;-76.38;4.45;SEDESUESVALLE;COORDENADA_ORIGINAL_SEDESUESVALLE;1;6;2.019;IE BETANIA;LA CARMELITA;RURAL;VDA CARTAGUITO;COINCIDENCIA_NOMBRE_FUERTE;0.93;BRECHA INFORMACION;Sin dato / información incompleta;SIN_DATO_IRCA;SI;BAJA;37.27;MEDIA;Gestionar actualización de la clasificación IRCA del sistema asociado.;0.42;BAJA
2;276100000232;BOLIVAR;ESCUELA FRANCISCO DE PAULA SANTANDER N. 18;RURAL;VDA CABAÑAS BAJAS;;3136485145;11;11;0;7;ESCUELAS_IRCAS;DATO_PRINCIPAL_ESCUELAS_IRCAS;NO;SI;SIN DATO;RIESGO ALTO;ALTO;11681;ACUEDUCTO RURAL;NACIMIENTO;22.5;FAVORABLE CON REQUERIMIENTOS;2025-06-03;SIN_COINCIDENCIA;PENDIENTE;GEORREFERENCIADA;;;;;;;;;;-76.3;4.48;;;-76.3;4.48;MEN_SEDES;COMPLEMENTADA_CON_MEN;0;0;2.019;IE BETANIA;FRANCISCO DE PAULA SANTANDER;RURAL;VDA CABAÑAS BAJAS;COINCIDENCIA_NOMBRE_FUERTE;0.93;PRIORITARIO;Alto e inviable;CRUCE_PENDIENTE;SI;MEDIA;57.79;ALTA;Programar seguimiento operativo y verificar condiciones del sistema abastecedor.;3.4;BAJA
3;276100000089;BOLIVAR;ESCUELA STA MONICA N. 33;RURAL;VDA RIO DOVIO;;3178536384;10;10;5;0;ESCUELAS_IRCAS;DATO_PRINCIPAL_ESCUELAS_IRCAS;NO;NO;SIN DATO;SD;SIN DATO;SIN DATO;FILTRO;NACIMIENTO;24.5;FAVORABLE CON REQUERIMIENTOS;2025-06-03;COD_DANE_UNICO;CRUCE_OK;GEORREFERENCIADA;;116;INSTITUCION EDUCATIVA BETANIA;SANTA MONICA;ACTIVA;OFICIAL;MAÑANA;EDUCACIÓN MEDIA;VDA RIO DOVIO;-76.3648576;4.454649978;-76.3648576;4.454649978;;;SEDESUESVALLE;COORDENADA_ORIGINAL_SEDESUESVALLE;1;5;;;;;;SIN_COINCIDENCIA_FUERTE;0.611;BRECHA INFORMACION;Sin dato / información incompleta;SIN_DATO_IRCA;SI;BAJA;35.21;MEDIA;Gestionar actualización de la clasificación IRCA del sistema asociado.;0.55;BAJA
4;276100000542;BOLIVAR;ESCUELA RAFAEL NUÑEZ N. 27;RURAL;VDA BUENOS AIRES;;3238023916;9;9;0;12;ESCUELAS_IRCAS;DATO_PRINCIPAL_ESCUELAS_IRCAS;NO;SI;;RIESGO ALTO;ALTO;SIN DATO;NACIMIENTO;NACIMIENTO;22.5;FAVORABLE CON REQUERIMIENTOS;2025-06-18;SIN_COINCIDENCIA;PENDIENTE;GEORREFERENCIADA;;;;;;;;;;-76.34;4.39;;;-76.34;4.39;MEN_SEDES;COMPLEMENTADA_CON_MEN;0;0;2.019;IE NARANJAL;RAFAEL NUÑEZ;RURAL;VDA BUENOS AIRES;COINCIDENCIA_NOMBRE_FUERTE;0.93;PRIORITARIO;Alto e inviable;CRUCE_PENDIENTE;SI;MEDIA;57.3;ALTA;Programar seguimiento operativo y verificar condiciones del sistema abastecedor.;3.15;BAJA
5;;BOLIVAR;I.E. BETANIA SEDE SAN AUGUSTIN;RURAL;VDA LAS CABAÑAS CGTO BETANIA;;3238023916;6;6;4;0;ESCUELAS_IRCAS;DATO_PRINCIPAL_ESCUELAS_IRCAS;NO;NO;SIN DATO;SD;SIN DATO;SIN DATO;NO REGISTRA;NACIMIENTO;15.5;FAVORABLE CON REQUERIMIENTOS;2025-06-03;MUNICIPIO+NOMBRE_EXACTO;CRUCE_RECUPERADO;GEORREFERENCIADA;;121;INSTITUCION EDUCATIVA BETANIA;SAN AGUSTIN;ACTIVA;OFICIAL;MAÑANA;EDUCACIÓN MEDIA;VD LA CABAÑAS ALTAS;-76.3648595472;4.3636816971;-76.3648595472;4.3636816971;;;SEDESUESVALLE;COORDENADA_ORIGINAL_SEDESUESVALLE;1;4;;;;;;POSIBLE_COINCIDENCIA_REVISAR;0.846;BRECHA INFORMACION;Sin dato / información incompleta;SIN_DATO_IRCA;SI;BAJA;33.98;BAJA;Gestionar actualización de la clasificación IRCA del sistema asociado.;0.44;BAJA
6;276113000444;BUGALAGRANDE;IE CEILAN SEDE JOSE JOAQUIN CASAS (I.D);RURAL;VDA CAMPOALEGRE;JOSE JOAQUIN CASAS (I.D);3105863144;9;9;11;16;ESCUELAS_IRCAS;DATO_PRINCIPAL_ESCUELAS_IRCAS;NO;SI;ASOCIACION DE USUARIOS DEL ACUEDUCTO DE CAMPO ALEGRE DE CEYLAN;RIESGO ALTO;ALTO;10452;;NACIMIENTO;23;FAVORABLE CON REQUERIMIENTOS;2026-03-26;COD_DANE_UNICO;CRUCE_OK;GEORREFERENCIADA;;169;INSTITUCION EDUCATIVA CEILAN;JOSE JOAQUIN CASAS;ACTIVA;OFICIAL;UNICA;EDUCACIÓN BÁSICA PRIMARIA;VDA CAMPO ALEGRE;-76.041565;4.13651;-76.041565;4.13651;-76.04;4.14;SEDESUESVALLE;COORDENADA_ORIGINAL_SEDESUESVALLE;1;11;2.019;IE  CEILAN;JOSE JOAQUIN CASAS;RURAL;VDA CAMPO ALEGRE;COINCIDENCIA_NOMBRE_FUERTE;0.98;PRIORITARIO;Alto e inviable;SIN_BRECHAS;NO;ALTA;55.3;ALTA;Programar seguimiento operativo y verificar condiciones del sistema abastecedor.;3.15;BAJA
7;276863000128;VERSALLES;I.E LA INMACULADA SEDE SANTO TOMAS DE AQUINO;RURAL;CORREGIMIENTO EL VERGEL;SANTO TOMAS DE AQUINO;No Registra;10;10;10;0;ESCUELAS_IRCAS;DATO_PRINCIPAL_ESCUELAS_IRCAS;NO;SI;ACUEDUCTO RURAL EL VERGEL;SD;SIN DATO;SD;ACUEDUCTO RURAL;NACIMIENTO;SD;SIN CONCEPTO;;COD_DANE_UNICO;CRUCE_OK;GEORREFERENCIADA;;891;INSTITUCION EDUCATIVA LA INMACULADA;SANTO TOMÁS DE AQUINO;ACTIVA;OFICIAL;COMPLETA;EDUCACIÓN MEDIA;VEREDA EL VERGEL;-76.27919494;4.610151313;-76.27919494;4.610151313;;;SEDESUESVALLE;COORDENADA_ORIGINAL_SEDESUESVALLE;1;10;;;;;;COINCIDENCIA_NOMBRE_FUERTE_CON_POSIBLE_EMPATE;0.93;BRECHA INFORMACION;Sin dato / información incompleta;SIN_DATO_IRCA;SI;BAJA;31.61;BAJA;Gestionar actualización de la clasificación IRCA del sistema asociado.;0.52;BAJA
8;376041000031;ANSERMANUEVO;I.E JORGE ISAAC SEDE NUESTRA SEÑORA DE FATIMA;RURAL;VEREDA LA DIVISA;NUESTRA SEÑORA DE FATIMA;3128356783;10;10;0;18;ESCUELAS_IRCAS;DATO_PRINCIPAL_ESCUELAS_IRCAS;NO;SI;ASOCIACIÓN GESTIÓN COMUNITARIA DE AGUA DE LA COMUNIDAD VEREDA LA DIVISA;INVIABLE SANITARIAMENTE;INVIABLE SANITARIAMENTE;530;ACUEDUCTO RURAL;NACIMIENTO AGUA BONITA;22/30;FAVORABLE CON REQUERIMIENTOS;2025-11-13;COD_DANE_UNICO;CRUCE_OK;GEORREFERENCIADA;;48;;;ACTIVA;ORGANIZACIÓN CON FINES DE LUCRO;MAÑANA;EDUCACIÓN MEDIA;CLL 5 CRA 6 ESQ.;-75.9299971963;4.83145039855;-75.9299971963;4.83145039855;-76.11;4.83;SEDESUESVALLE;COORDENADA_ORIGINAL_SEDESUESVALLE;2;0;2.019;IE JORGE ISAACS;NUESTRA SEÑORA DE FATIMA;RURAL;VDA. LA DIVISA;COINCIDENCIA_NOMBRE_FUERTE;0.941;PRIORITARIO;Alto e inviable;SIN_BRECHAS;NO;ALTA;69.31;ALTA;Priorizar revisión técnica, validación en campo y articulación con sector educativo.;4.37;MEDIA
9;276563000576;PRADERA;I.E. MARCO FIDEL SUAREZ SEDE SAN ANTONIO;RURAL;CORREGIMIENTO SAN ANTONIO;SAN ANTONIO;3113015917;10;10;10;0;ESCUELAS_IRCAS;DATO_PRINCIPAL_ESCUELAS_IRCAS;NO;SI;SAN ANTONIO;INVIABLE SANITARIAMENTE;INVIABLE SANITARIAMENTE;;ACUEDUCTO RURAL - FILTRO EKOFIL;NACIMIENTO AGUA DULCE;15/30;DESFAVORABLE;2017-08-17;COD_DANE_UNICO;CRUCE_OK;GEORREFERENCIADA;;618;INSTITUCION EDUCATIVA MARCO FIDEL SUAREZ;SAN ANTONIO;ACTIVA;OFICIAL;MAÑANA;EDUCACIÓN BÁSICA PRIMARIA;VDA SAN ANTONIO;-76.1871532339;3.40340795592;-76.1871532339;3.40340795592;;;SEDESUESVALLE;COORDENADA_ORIGINAL_SEDESUESVALLE;1;10;;;;;;COINCIDENCIA_NOMBRE_FUERTE_CON_POSIBLE_EMPATE;0.93;PRIORITARIO;Alto e inviable;SIN_BRECHAS;NO;ALTA;73.51;ALTA;Priorizar revisión técnica, validación en campo y articulación con sector educativo.;5.0;MEDIA
10;276606000095;RESTREPO;I.E. TEODORO MUNERA HINCAPIE SEDE SIMON BOLIVAR;RURAL;VDA AGUA LINDA;SIMON BOLIVAR;3136569884;6;6;7;5;ESCUELAS_IRCAS;DATO_PRINCIPAL_ESCUELAS_IRCAS;NO;SI;ASOCIACION DE USUARIOS DEL SERVICIO DE AGUA DEL ACUEDUCTO AGUALINDA;SIN RIESGO;SIN RIESGO;3400;FILTRO EKOFIL;NACIMIENTO AGUALINDA;26.5;FAVORABLE CON REQUERIMIENTOS;2025-08-15;COD_DANE_UNICO;CRUCE_OK;GEORREFERENCIADA;;634;INSTITUCION EDUCATIVA TEODORO MUNERA HINCAPIE;SIMON BOLIVAR;ACTIVA;OFICIAL;MAÑANA;EDUCACIÓN BÁSICA PRIMARIA;VDA AGUA LINDA;-76.501102;3.826796;-76.501102;3.826796;-76.5;3.83;SEDESUESVALLE;COORDENADA_ORIGINAL_SEDESUESVALLE;1;7;2.019;I.E. TEODORO MUNERA HINCAPIE;SIMON BOLIVAR;RURAL;VEREDA AGUALINDA;COINCIDENCIA_NOMBRE_FUERTE;0.98;RUTINARIO;Sin riesgo y bajo;SIN_BRECHAS;NO;ALTA;13.08;BAJA;Mantener seguimiento rutinario con control territorial rural.;0.0;BAJA
11;276233000481;DAGUA;I.E. GUILLERMO VALENCIA SEDE PRINCIPAL;RURAL;CORREGIMIENTO EL PIÑAL;PRINCIPAL;6022450778;65;65;0;85;ESCUELAS_IRCAS;DATO_PRINCIPAL_ESCUELAS_IRCAS;NO;SI;ASOCIACION ABASTO DE AGUA MARIA -PIÑAL- MUNICIPIO DE LA CUMBRE Y DAGUA VALLE DEL CAUCA -CORABASE;SIN RIESGO;SIN RIESGO;1401;ACUEDUCTO RURAL CORABASE;NACIMIENTO BENDICIONES;20,5/30;FAVORABLE;2026-02-14;MUNICIPIO+NOMBRE_EXACTO;CRUCE_RECUPERADO;GEORREFERENCIADA;;265;;;;;;;;-76.66;3.68;;;-76.66;3.68;MEN_SEDES;COMPLEMENTADA_CON_MEN;0;0;2.019;IE GUILLERMO VALENCIA;GUILLERMO VALENCIA;RURAL;CORREG EL PIÑAL;COINCIDENCIA_NOMBRE_FUERTE;0.93;RUTINARIO;Sin riesgo y bajo;SIN_BRECHAS;NO;ALTA;15.57;BAJA;Mantener seguimiento rutinario con control territorial rural.;0.0;BAJA
12;276233000634;DAGUA;I.E. GUILLERMO VALENCIA SEDE JORGE ELIECER GAITAN;RURAL;VEREDA BOLIVIA;JORGE ELIECER GAITAN;3113607301;13;13;13;0;ESCUELAS_IRCAS;DATO_PRINCIPAL_ESCUELAS_IRCAS;NO;SI;ASOCIACION ABASTO DE AGUA MARIA -PIÑAL- MUNICIPIO DE LA CUMBRE Y DAGUA VALLE DEL CAUCA -CORABASE;SIN RIESGO;SIN RIESGO;1401;ACUEDUCTO RURAL CORABASE;NACIMIENTO BENDICIONES;17,5/30;FAVORABLE;2026-02-14;COD_DANE_UNICO;CRUCE_OK;GEORREFERENCIADA;;270;INSTITUCION EDUCATIVA GUILLERMO VALENCIA.;JORGE ELIECER GAITAN;ACTIVA;OFICIAL;MAÑANA;EDUCACIÓN BÁSICA PRIMARIA;VDA BOLIVIA;-76.65590002;3.672104657;-76.65590002;3.672104657;;;SEDESUESVALLE;COORDENADA_ORIGINAL_SEDESUESVALLE;1;13;;;;;;COINCIDENCIA_NOMBRE_FUERTE_CON_POSIBLE_EMPATE;0.93;RUTINARIO;Sin riesgo y bajo;SIN_BRECHAS;NO;ALTA;11.36;BAJA;Mantener seguimiento rutinario con control territorial rural.;0.0;BAJA
13;276233000260;DAGUA;I.E. SANTA TERESITA DEL NIÑO JESUS SEDE PRINCIPAL;RURAL;CORREGIMIENTO EL CARMEN;PRINCIPAL;3174270005;363;363;0;434;ESCUELAS_IRCAS;DATO_PRINCIPAL_ESCUELAS_IRCAS;NO;SI;ACUAVALLE S.A ESP;SIN RIESGO;SIN RIESGO;49;PLANTA ACUAVALLE S.A ESP;NACIMIENTO CHORRERAS DE CARMEN;24/30;FAVORABLE;2026-02-21;MUNICIPIO+NOMBRE_EXACTO;CRUCE_RECUPERADO;GEORREFERENCIADA;;246;;;;;;;;-76.65;3.55;;;-76.65;3.55;MEN_SEDES;COMPLEMENTADA_CON_MEN;0;0;2.019;IE SANTA TERESITA DEL NIÑO JESUS;SANTA TERESITA DEL NIÑO JESUS;RURAL;CORREG. EL CARMEN;COINCIDENCIA_NOMBRE_FUERTE;0.93;RUTINARIO;Sin riesgo y bajo;SIN_BRECHAS;NO;ALTA;20.21;BAJA;Mantener seguimiento rutinario con control territorial rural.;0.0;BAJA
14;;DAGUA;I.E. SANTA TERESITA DEL NIÑO JESUS SEDE ALTERNA;RURAL;CORREGIMIENTO EL CARMEN;ALTERNA;3174270005;80;80;0;434;ESCUELAS_IRCAS;DATO_PRINCIPAL_ESCUELAS_IRCAS;NO;SI;ACUAVALLE S.A ESP;SIN RIESGO;SIN RIESGO;47;PLANTA ACUAVALLE S.A ESP;NACIMIENTO CHORRERAS DE CARMEN;17,5/30;FAVORABLE;2026-02-21;MUNICIPIO+NOMBRE_EXACTO;CRUCE_RECUPERADO;GEORREFERENCIADA;;252;;;;;;;;-76.65;3.55;;;-76.65;3.55;MEN_SEDES;COMPLEMENTADA_CON_MEN;0;0;2.019;IE SANTA TERESITA DEL NIÑO JESUS;SANTA TERESITA DEL NIÑO JESUS;RURAL;CORREG. EL CARMEN;COINCIDENCIA_NOMBRE_FUERTE;0.93;RUTINARIO;Sin riesgo y bajo;SIN_BRECHAS;NO;ALTA;16.13;BAJA;Mantener seguimiento rutinario con control territorial rural.;0.0;BAJA
15;276041000240;ANSERMANUEVO;I.E JORGE ISAAC SEDE ATANASIO GIRARDOT;RURAL;VEREDA LA MANUELA;ATANASIO GIRARDOT;3155894537;7;7;7;4;ESCUELAS_IRCAS;DATO_PRINCIPAL_ESCUELAS_IRCAS;NO;SI;NO REGISTRA;SD;SIN DATO;No Registra;AGUA DE NACIMIENTO;NACIMIENTO DE AGUA;19/30;FAVORABLE CON REQUERIMIENTOS;2025-11-06;COD_DANE_UNICO;CRUCE_OK;GEORREFERENCIADA;;58;INSTITUCION EDUCATIVA JORGE ISAACS;ATANASIO GIRARDOT;ACTIVA;OFICIAL;ESPECIAL;EDUCACIÓN BÁSICA PRIMARIA;VDA LA MANUELA;-76.06140091;4.840803221;-76.06140091;4.840803221;-76.06;4.84;SEDESUESVALLE;COORDENADA_ORIGINAL_SEDESUESVALLE;1;7;2.019;IE JORGE ISAACS;ATANASIO GIRARDOT;RURAL;VDA. LA MANUELA;COINCIDENCIA_NOMBRE_FUERTE;0.93;BRECHA INFORMACION;Sin dato / información incompleta;SIN_DATO_IRCA;SI;BAJA;34.34;BAJA;Gestionar actualización de la clasificación IRCA del sistema asociado.;0.47;BAJA
16;276246000196;EL CAIRO;INSTITUCION EDUCATIVA LA PRESENTACION SEDE CRISTOBAL COLON;RURAL;VEREDA CAMELLONES;CRISTOBAL COLON;3205089841;10;10;10;0;ESCUELAS_IRCAS;DATO_PRINCIPAL_ESCUELAS_IRCAS;NO;SI;JUNTA ADMINISTRADORA ACUEDUCTO CAMELLONES;RIESGO ALTO;ALTO;996;ACUEDUCTO RURAL;NACIMIENTO EL CAUQUILLO;25.5/30;FAVORABLE CON REQUERIMIENTOS;2025-07-29;COD_DANE_UNICO;CRUCE_OK;GEORREFERENCIADA;;340;INSTITUCION EDUCATIVA LA PRESENTACION;CRISTOBAL COLON;ACTIVA;OFICIAL;COMPLETA;EDUCACIÓN BÁSICA PRIMARIA;VDA CAMELLONES;-76.20039837;4.723762305;-76.20039837;4.723762305;;;SEDESUESVALLE;COORDENADA_ORIGINAL_SEDESUESVALLE;1;10;;;;;;COINCIDENCIA_NOMBRE_FUERTE_CON_POSIBLE_EMPATE;0.93;PRIORITARIO;Alto e inviable;SIN_BRECHAS;NO;ALTA;55.56;ALTA;Programar seguimiento operativo y verificar condiciones del sistema abastecedor.;3.28;BAJA
17;276246000099;EL CAIRO;I.E LA PRESENTACION SEDE SAN JUAN BOSCO;RURAL;VEREDA LLANO GRANDE;SAN JUAN BOSCO;3148161659;6;6;6;0;ESCUELAS_IRCAS;DATO_PRINCIPAL_ESCUELAS_IRCAS;NO;SI;ASOCIACION COMUNITARIA ADMINISTRADORA DEL ACUEDUCTO DE LA VEREDA LLANOGRANDE;SD;SIN DATO;SD;ACUEDUCTO RURAL;NACIMIENTO EL JORDAN;24.5/30;FAVORABLE CON REQUERIMIENTOS;2025-11-13;COD_DANE_UNICO;CRUCE_OK;GEORREFERENCIADA;;334;INSTITUCION EDUCATIVA LA PRESENTACION;SAN JUAN BOSCO;ACTIVA;OFICIAL;COMPLETA;EDUCACIÓN BÁSICA PRIMARIA;VDA LLANO GRANDE;-76.22132809;4.74476167;-76.22132809;4.74476167;;;SEDESUESVALLE;COORDENADA_ORIGINAL_SEDESUESVALLE;1;6;;;;;;COINCIDENCIA_NOMBRE_FUERTE_CON_POSIBLE_EMPATE;0.93;BRECHA INFORMACION;Sin dato / información incompleta;SIN_DATO_IRCA;SI;BAJA;33.98;BAJA;Gestionar actualización de la clasificación IRCA del sistema asociado.;0.44;BAJA
18;276243000721;EL AGUILA;I.E EL AGUILA SEDE SAGRADA FAMILIA;RURAL;VEREDA LA GUERRA;SAGRADA FAMILIA;3206176361;9;9;10;9;ESCUELAS_IRCAS;DATO_PRINCIPAL_ESCUELAS_IRCAS;NO;SI;JUNTA ADMINISTRADORA DEL AGUA VEREDA LA GUERRA;RIESGO ALTO;ALTO;2608;ACUEDUCTO RURAL;NACIMIENTO EL MATADERO;24/30;FAVORABLE CON REQUERIMIENTOS;2026-02-18;COD_DANE_UNICO;CRUCE_OK;GEORREFERENCIADA;;305;INSTITUCION EDUCATIVA EL AGUILA;SAGRADA FAMILIA;ACTIVA;OFICIAL;MAÑANA;EDUCACIÓN BÁSICA PRIMARIA;VDA LA GUERRA;-76.03086791;4.917011966;-76.03086791;4.917011966;-76.03;4.92;SEDESUESVALLE;COORDENADA_ORIGINAL_SEDESUESVALLE;1;10;2.019;IE EL AGUILA;SAGRADA FAMILIA;RURAL;VDA LA GUERRA;COINCIDENCIA_NOMBRE_FUERTE;0.93;PRIORITARIO;Alto e inviable;SIN_BRECHAS;NO;ALTA;55.3;ALTA;Programar seguimiento operativo y verificar condiciones del sistema abastecedor.;3.15;BAJA
19;276497000365;OBANDO;I.E SAN JOSE SEDE GABRIELA MISTRAL;RURAL;VEREDA LIMONES;GABRIELA MISTRAL;3163277192;11;11;11;0;ESCUELAS_IRCAS;DATO_PRINCIPAL_ESCUELAS_IRCAS;NO;SI;ASOCIACIÓN DE USUARIOS DEL ACUEDUCTO AGUAS, AGUA Y VIDA YUCATAN Y LIMONES;RIESGO ALTO;ALTO;9361;ACUEDUCTO RURAL;NACIMIENTO EL MUDO;26/30;FAVORABLE CON REQUERIMIENTOS;2025-08-26;COD_DANE_UNICO;CRUCE_OK;GEORREFERENCIADA;;583;INSTITUCION EDUCATIVA SAN JOSE;GABRIELA MISTRAL;ACTIVA;OFICIAL;UNICA;EDUCACIÓN MEDIA;VDA LIMONES;-75.937463;4.562114;-75.937463;4.562114;;;SEDESUESVALLE;COORDENADA_ORIGINAL_SEDESUESVALLE;1;11;;;;;;COINCIDENCIA_NOMBRE_FUERTE_CON_POSIBLE_EMPATE;0.93;PRIORITARIO;Alto e inviable;SIN_BRECHAS;NO;ALTA;55.79;ALTA;Programar seguimiento operativo y verificar condiciones del sistema abastecedor.;3.4;BAJA
20;276403000162;LA VICTORIA;IE NUESTRA SEÑORA DE LA PAZ SEDE ELPIDIA LEMOS;RURAL;CORREGIMIENTO  TAGUALES;ELPIDIA LEMOS;3104158375;12;12;12;0;ESCUELAS_IRCAS;DATO_PRINCIPAL_ESCUELAS_IRCAS;NO;SI;ASOCIACIÓN DE USUARIOS DEL ACUEDUCTO RURAL COMUNITARIO DEL CORREGIMIENTO TAGUALES;SIN RIESGO;SIN RIESGO;2892;ACUEDUCTO RURAL;NACIMIENTO EL PRELUDIO;27.5/30;FAVORABLE CON REQUERIMIENTOS;2026-02-17;COD_DANE_UNICO;CRUCE_OK;GEORREFERENCIADA;;567;INSTITUCION EDUCATIVA NUESTRA SEÑORA DE LA PAZ;ELPIDIA LEMOS;ACTIVA;OFICIAL;MAÑANA;EDUCACIÓN BÁSICA SECUNDARIA;CORREG TAGUALES;-75.91544095;4.460441023;-75.91544095;4.460441023;;;SEDESUESVALLE;COORDENADA_ORIGINAL_SEDESUESVALLE;1;12;;;;;;COINCIDENCIA_NOMBRE_FUERTE_CON_POSIBLE_EMPATE;0.98;RUTINARIO;Sin riesgo y bajo;SIN_BRECHAS;NO;ALTA;14.76;BAJA;Mantener seguimiento rutinario con control territorial rural.;0.0;BAJA
21;276890000083;YOTOCO;I.E. GABRIELA MISTRAL SEDE JOSE MARIA CORDOBA;RURAL;VDA CORDOBITAS;JOSE MARIA CORDOBA;3144188958;12;12;8;0;ESCUELAS_IRCAS;DATO_PRINCIPAL_ESCUELAS_IRCAS;NO;SI;ASOCIACION DE USUARIOS DEL SISTEMA DE AGUA RURAL COMUNITARIA DE LA VEREDA CORDOBITAS - AGUAS CORDOBITAS;RIESGO ALTO;ALTO;6890;FILTRO EKOFIL;NACIMIENTO EL RECUERDO;25;FAVORABLE CON REQUERIMIENTOS;2026-04-09;COD_DANE_UNICO;CRUCE_OK;GEORREFERENCIADA;;935;INSTITUCION EDUCATIVA GABRIELA MISTRAL;JOSE MARIA CORDOBA;ACTIVA;OFICIAL;MAÑANA;EDUCACIÓN BÁSICA PRIMARIA;VDA CORDOBITA;-76.458348;3.852192;-76.458348;3.852192;;;SEDESUESVALLE;COORDENADA_ORIGINAL_SEDESUESVALLE;1;8;;;;;;COINCIDENCIA_NOMBRE_FUERTE_CON_POSIBLE_EMPATE;0.93;PRIORITARIO;Alto e inviable;SIN_BRECHAS;NO;ALTA;56.01;ALTA;Programar seguimiento operativo y verificar condiciones del sistema abastecedor.;3.51;BAJA
22;276890000113;YOTOCO;I.E. SAN JUAN BOSCO SEDE CRISTOBAL COLON;RURAL;VDA LA COLONIA;CRISTOBAL COLON;3187070210;7;7;11;0;ESCUELAS_IRCAS;DATO_PRINCIPAL_ESCUELAS_IRCAS;NO;SI;ACUEDUCTO RURAL COMUNITARIO GOTAS DE VIDA;RIESGO MEDIO;MEDIO;501;ACUEDUCTO RURAL;NACIMIENTO GOTAS DE VIDA;23;FAVORABLE CON REQUERIMIENTOS;2026-03-06;COD_DANE_UNICO;CRUCE_OK;GEORREFERENCIADA;;926;INSTITUCION EDUCATIVA SAN JUAN BOSCO;CRISTOBAL COLON;ACTIVA;OFICIAL;MAÑANA;EDUCACIÓN BÁSICA SECUNDARIA;VDA LA COLONIA;-76.419701;3.952849;-76.419701;3.952849;;;SEDESUESVALLE;COORDENADA_ORIGINAL_SEDESUESVALLE;1;11;;;;;;COINCIDENCIA_NOMBRE_FUERTE_CON_POSIBLE_EMPATE;0.93;PREVENTIVO;Medio;SIN_BRECHAS;NO;ALTA;35.44;MEDIA;Mantener seguimiento preventivo dentro de la programación regular.;1.9;BAJA
23;276497000217;OBANDO;I.E MARIA ANALIA ORTIZ HORMANZA SEDE MERCEDDES OBREGON;RURAL;CORREGIMIENTO SAN JOSE;MERCEDDES OBREGON;No Registra;14;14;14;0;ESCUELAS_IRCAS;DATO_PRINCIPAL_ESCUELAS_IRCAS;NO;SI;ACUEDUCTO RURAL CORREGIMIENTO SAN JOSE;INVIABLE SANITARIAMENTE;INVIABLE SANITARIAMENTE;1906;ACUEDUCTO RURAL;NACIMIENTO LA ESMERALDA;26/30;FAVORABLE CON REQUERIMIENTOS;2025-09-04;COD_DANE_UNICO;CRUCE_OK;GEORREFERENCIADA;;582;INSTITUCION EDUCATIVA MARIA ANALIA ORTIZ HORMAZA;MERCEDES ABREGO;ACTIVA;OFICIAL;COMPLETA;EDUCACIÓN MEDIA;CORREG SAN JOSE;-75.914761;4.596767;-75.914761;4.596767;;;SEDESUESVALLE;COORDENADA_ORIGINAL_SEDESUESVALLE;1;14;;;;;;POSIBLE_COINCIDENCIA_REVISAR;0.889;PRIORITARIO;Alto e inviable;SIN_BRECHAS;NO;ALTA;70.15;ALTA;Priorizar revisión técnica, validación en campo y articulación con sector educativo.;4.94;MEDIA
24;276670000279;SAN PEDRO;I.E. JULIO CAICEDO TELLEZ SEDE ANTONIO NARIÑO;RURAL;VDA GUAQUEROS;ANTONIO NARIÑO;3182930207;20;20;31;0;ESCUELAS_IRCAS;DATO_PRINCIPAL_ESCUELAS_IRCAS;NO;SI;JUNTA ADMINISTRADORA ACUEDUCTO GUAQUEROS;INVIABLE SANITARIAMENTE;INVIABLE SANITARIAMENTE;18070;ACUEDUCTO RURAL;NACIMIENTO LA ESPERANZA;22;FAVORABLE CON REQUERIMIENTOS;2026-01-27;COD_DANE_UNICO;CRUCE_OK;GEORREFERENCIADA;;749;INSTITUCION EDUCATIVA JULIO CAICEDO TELLEZ;ANTONIO NARIÑO;ACTIVA;OFICIAL;ESPECIAL;EDUCACIÓN MEDIA;VDA GUAQUEROS;-76.19904162;3.943426137;-76.19904162;3.943426137;;;SEDESUESVALLE;COORDENADA_ORIGINAL_SEDESUESVALLE;1;31;;;;;;COINCIDENCIA_NOMBRE_FUERTE_CON_POSIBLE_EMPATE;0.93;PRIORITARIO;Alto e inviable;SIN_BRECHAS;NO;ALTA;71.06;ALTA;Priorizar revisión técnica, validación en campo y articulación con sector educativo.;5.55;MEDIA
25;276823000184;TORO;I.E TECNICA AGROPECUARIA TORO SEDE CAMILO TORRES;RURAL;VEREDA PAN DE AZUCAR;CAMILO TORRES;3116803676;14;14;14;15;ESCUELAS_IRCAS;DATO_PRINCIPAL_ESCUELAS_IRCAS;NO;SI;JUNTA DE ACCIÓN COMUNAL DE LA VEREDA PAN DE AZÚCAR (LA ESTRELLA);RIESGO ALTO;ALTO;1898;ACUEDUCTO RURAL;NACIMIENTO LA ESTRELLA;21/30;FAVORABLE CON REQUERIMIENTOS;2026-02-26;COD_DANE_UNICO;CRUCE_OK;GEORREFERENCIADA;;822;INSTITUCION EDUCATIVA  TECNICA AGROPECUARIA TORO;CAMILO TORRES;ACTIVA;OFICIAL;MAÑANA;EDUCACIÓN BÁSICA SECUNDARIA;VDA PAN DE AZUCAR;-76.07199164;4.697460837;-76.07199164;4.697460837;-76.07;4.7;SEDESUESVALLE;COORDENADA_ORIGINAL_SEDESUESVALLE;1;14;2.019;IE  TECNICA AGROPECUARIA TORO;CAMILO TORRES;RURAL;VEREDA PAN DE;COINCIDENCIA_NOMBRE_FUERTE;0.933;PRIORITARIO;Alto e inviable;SIN_BRECHAS;NO;ALTA;56.4;ALTA;Programar seguimiento operativo y verificar condiciones del sistema abastecedor.;3.7;BAJA
26;276113000274;BUGALAGRANDE;I.E. MARIANO GONZALEZ SEDE JUAN JOSE RENDON;RURAL;CGTO CHICORAL;JUAN JOSE RENDON;3154682713;19;19;7;56;ESCUELAS_IRCAS;DATO_PRINCIPAL_ESCUELAS_IRCAS;NO;SI;ASUACHIJAPOR - CHICORAL ALTO;SIN RIESGO;SIN RIESGO;1611;FILTRO EKOFIL;NACIMIENTO LA GRANJA;22.5;FAVORABLE CON REQUERIMIENTOS;2026-02-26;COD_DANE_UNICO;CRUCE_OK;GEORREFERENCIADA;;172;INSTITUCION EDUCATIVA MARIANO GONZALEZ;JUAN JOSE RONDON;ACTIVA;OFICIAL;MAÑANA;EDUCACIÓN BÁSICA SECUNDARIA;I.P CHICORAL;-76.0376261687;4.15213938272;-76.0376261687;4.15213938272;-76.06;4.17;SEDESUESVALLE;COORDENADA_ORIGINAL_SEDESUESVALLE;1;7;2.019;IE MARIANO GONZALEZ;MARIANO GONZALEZ;RURAL;CORREG GALICIA;COINCIDENCIA_NOMBRE_FUERTE;0.93;RUTINARIO;Sin riesgo y bajo;SIN_BRECHAS;NO;ALTA;15.93;BAJA;Mantener seguimiento rutinario con control territorial rural.;0.0;BAJA
27;276243000276;EL AGUILA;I.E JUSTINIANO ECHAVARRIA SEDE MERCEDES ABREGO;RURAL;VEREDA CAÑAVERAL;MERCEDES ABREGO;3163910179;9;9;8;22;ESCUELAS_IRCAS;DATO_PRINCIPAL_ESCUELAS_IRCAS;NO;SI;ASOCIACION DE USUARIOS DEL ACUEDUCTO CAÑAVERAL;RIESGO ALTO;ALTO;3501;FILTRO;NACIMIENTO LA SAMARIA;22/30;FAVORABLE CON REQUERIMIENTOS;2026-02-11;COD_DANE_UNICO;CRUCE_OK;GEORREFERENCIADA;;295;INSTITUCION EDUCATIVA JUSTINIANO ECHAVARRIA;MERCEDES ABREGO;ACTIVA;OFICIAL;MAÑANA;EDUCACIÓN BÁSICA PRIMARIA;VDA CAÑAVERAL;-76.04668141;4.996162754;-76.04668141;4.996162754;-76.05;5.0;SEDESUESVALLE;COORDENADA_ORIGINAL_SEDESUESVALLE;1;8;2.019;IE JUSTINIANO ECHAVARRIA;MERCEDES ABREGO;RURAL;CORREG CAÑAVERAL;COINCIDENCIA_NOMBRE_FUERTE;0.93;PRIORITARIO;Alto e inviable;SIN_BRECHAS;NO;ALTA;55.3;ALTA;Programar seguimiento operativo y verificar condiciones del sistema abastecedor.;3.15;BAJA
28;276890000199;YOTOCO;I.E. GABRIELA MISTRAL SEDE MANUELA BELTRAL;RURAL;VEREDA COLORADOS;MANUELA BELTRAL;3246866945;11;11;13;331;ESCUELAS_IRCAS;DATO_PRINCIPAL_ESCUELAS_IRCAS;NO;SI;ASOCIACION DE USUARIOS DEL SISTEMA DE SUMINISTRO DE AGUA RURAL COMUNITARIA CORREGIMIENTO EL DORADO VEREDA COLORADOS;INVIABLE SANITARIAMENTE;INVIABLE SANITARIAMENTE;7402;FILTRO EKOFIL;NACIMIENTO LAS MINAS;25;FAVORABLE CON REQUERIMIENTOS;2026-03-20;COD_DANE_UNICO;CRUCE_OK;GEORREFERENCIADA;;936;INSTITUCION EDUCATIVA GABRIELA MISTRAL;MANUELA BELTRAN;ACTIVA;OFICIAL;MAÑANA;EDUCACIÓN BÁSICA PRIMARIA;CORREG EL DORADO;-76.4603;3.835311;-76.4603;3.835311;-76.45;3.88;SEDESUESVALLE;COORDENADA_ORIGINAL_SEDESUESVALLE;1;13;2.019;IE GABRIELA MISTRAL;GABRIELA MISTRAL;RURAL;CORREG PUENTE TIERRA;COINCIDENCIA_NOMBRE_FUERTE;0.93;PRIORITARIO;Alto e inviable;SIN_BRECHAS;NO;ALTA;69.54;ALTA;Priorizar revisión técnica, validación en campo y articulación con sector educativo.;4.53;MEDIA
29;276020000053;ALCALA;I.E ARTURO GOMEZ JARAMILLO SEDE MANUELA BELTRAN;RURAL;VEREDA BELGICA;MANUELA BELTRAN;3164573681;6;6;6;0;ESCUELAS_IRCAS;DATO_PRINCIPAL_ESCUELAS_IRCAS;NO;SI;COOPERATIVA MARAVELEZ ALCALA ESP (SISTEMA #3);RIESGO MEDIO;MEDIO;79;ACUEDUCTO RURAL;NACIMIENTO LAS TANGAS - QUEBRADA MARAVELEZ;19.5/30;FAVORABLE CON REQUERIMIENTOS;2026-02-09;COD_DANE_UNICO;CRUCE_OK;GEORREFERENCIADA;;4;INSTITUCION EDUCATIVA ARTURO GOMEZ JARAMILLO;MANUELA BELTRAN;ACTIVA;OFICIAL;UNICA;EDUCACIÓN BÁSICA PRIMARIA;VDA BELGICA;-75.742654;4.678972;-75.742654;4.678972;;;SEDESUESVALLE;COORDENADA_ORIGINAL_SEDESUESVALLE;1;6;;;;;;COINCIDENCIA_NOMBRE_FUERTE_CON_POSIBLE_EMPATE;0.932;PREVENTIVO;Medio;SIN_BRECHAS;NO;ALTA;35.08;MEDIA;Mantener seguimiento preventivo dentro de la programación regular.;1.77;BAJA
30;276020000100;ALCALA;I.E ARTURO GOMEZ JARAMILLO SEDE SAN JUAN BOSCO;RURAL;VEREDA LOS SAUCES;SAN JUAN BOSCO;3133801456;6;6;6;0;ESCUELAS_IRCAS;DATO_PRINCIPAL_ESCUELAS_IRCAS;NO;SI;COOPERATIVA MARAVELEZ ALCALA ESP (SISTEMA #3);RIESGO MEDIO;MEDIO;79;ACUEDUCTO RURAL;NACIMIENTO LAS TANGAS - QUEBRADA MARAVELEZ;19.5/30;FAVORABLE CON REQUERIMIENTOS;2026-01-27;COD_DANE_UNICO;CRUCE_OK;GEORREFERENCIADA;;7;INSTITUCION EDUCATIVA ARTURO GOMEZ JARAMILLO;SAN JUAN BOSCO;ACTIVA;OFICIAL;UNICA;EDUCACIÓN BÁSICA PRIMARIA;VDA LOS SAUCES;-75.786006;4.695534;-75.786006;4.695534;;;SEDESUESVALLE;COORDENADA_ORIGINAL_SEDESUESVALLE;1;6;;;;;;COINCIDENCIA_NOMBRE_FUERTE_CON_POSIBLE_EMPATE;0.93;PREVENTIVO;Medio;SIN_BRECHAS;NO;ALTA;35.08;MEDIA;Mantener seguimiento preventivo dentro de la programación regular.;1.77;BAJA
31;276020000169;ALCALA;I.E ARTURO GOMEZ JARAMILLO SEDE MANUEL MEJIA;RURAL;VEREDA FLORESTA;MANUEL MEJIA;3104870000;4;4;4;0;ESCUELAS_IRCAS;DATO_PRINCIPAL_ESCUELAS_IRCAS;NO;SI;COOPERATIVA MARAVELEZ ALCALA ESP (SISTEMA #3);RIESGO MEDIO;MEDIO;79;ACUEDUCTO RURAL;NACIMIENTO LAS TANGAS - QUEBRADA MARAVELEZ;20/30;FAVORABLE CON REQUERIMIENTOS;2026-10-28;COD_DANE_UNICO;CRUCE_OK;GEORREFERENCIADA;;10;INSTITUCION EDUCATIVA ARTURO GOMEZ JARAMILLO;MANUEL MEJIA;ACTIVA;OFICIAL;UNICA;EDUCACIÓN BÁSICA PRIMARIA;VDA LA FLORESTA;-75.759565;4.679791;-75.759565;4.679791;;;SEDESUESVALLE;COORDENADA_ORIGINAL_SEDESUESVALLE;1;4;;;;;;COINCIDENCIA_NOMBRE_FUERTE_CON_POSIBLE_EMPATE;0.93;PREVENTIVO;Medio;SIN_BRECHAS;NO;ALTA;34.17;BAJA;Mantener seguimiento preventivo dentro de la programación regular.;1.47;BAJA
32;276020000223;ALCALA;I.E ARTURO GOMEZ JARAMILLO SEDE SIMON BOLIVAR;URBANO;VEREDA SAN FELIPE;SIMON BOLIVAR;3116056560;6;6;6;0;ESCUELAS_IRCAS;DATO_PRINCIPAL_ESCUELAS_IRCAS;NO;SI;COOPERATIVA MARAVELEZ ALCALA ESP (SISTEMA #3);MEDIO;MEDIO;79;ACUEDUCTO RURAL;NACIMIENTO LAS TANGAS - QUEBRADA MARAVELEZ;20/30;FAVORABLE CON REQUERIMIENTOS;2025-07-22;COD_DANE_UNICO;CRUCE_OK;GEORREFERENCIADA;;13;INSTITUCION EDUCATIVA ARTURO GOMEZ JARAMILLO;SIMON BOLIVAR;ACTIVA;OFICIAL;UNICA;EDUCACIÓN BÁSICA PRIMARIA;VDA SAN FELIPE;-75.777169;4.657942;-75.777169;4.657942;;;SEDESUESVALLE;COORDENADA_ORIGINAL_SEDESUESVALLE;1;6;;;;;;COINCIDENCIA_NOMBRE_FUERTE_CON_POSIBLE_EMPATE;0.93;PREVENTIVO;Medio;SIN_BRECHAS;NO;ALTA;35.08;MEDIA;Mantener seguimiento preventivo dentro de la programación regular.;1.77;BAJA
33;476020000249;ALCALA;I.E ARTURO GOMEZ JARAMILLO SEDE PRINCIPAL;RURAL;VEREDA SAN FELIPE;PRINCIPAL;3158043341;433;433;433;695;ESCUELAS_IRCAS;DATO_PRINCIPAL_ESCUELAS_IRCAS;NO;SI;COOPERATIVA MARAVELEZ ALCALA ESP (SISTEMA #3);SIN RIESGO;SIN RIESGO;79;PLANTA CAOMPACTA;NACIMIENTO LAS TANGAS - QUEBRADA MARAVELEZ;20/30;FAVORABLE CON REQUERIMIENTOS;2025-11-20;COD_DANE_UNICO;CRUCE_OK;GEORREFERENCIADA;;17;INSTITUCION EDUCATIVA ARTURO GOMEZ JARAMILLO;ARTURO GOMEZ JARAMILLO;ACTIVA;ORGANIZACIÓN CON FINES DE LUCRO;UNICA;EDUCACIÓN MEDIA;VDA SAN FELIPE;-75.7777283977;4.67151799484;-75.7777283977;4.67151799484;-75.78;4.67;SEDESUESVALLE;COORDENADA_ORIGINAL_SEDESUESVALLE;1;433;2.019;IE ARTURO GOMEZ JARAMILLO;ARTURO GOMEZ JARAMILLO;RURAL;VDA SAN FELIPE;COINCIDENCIA_NOMBRE_FUERTE;0.93;RUTINARIO;Sin riesgo y bajo;SIN_BRECHAS;NO;ALTA;24.28;BAJA;Mantener seguimiento rutinario con control territorial rural.;0.0;BAJA
34;276563000321;PRADERA;I.E. MERCEDES ABREGO SEDE JORGE ELIECER GAITAN;RURAL;CORREGIMIENTO LA CARBONERA;JORGE ELIECER GAITAN;6026402518;10;10;14;15;ESCUELAS_IRCAS;DATO_PRINCIPAL_ESCUELAS_IRCAS;NO;SI;LA CARBONERA;RIESGO ALTO;ALTO;;ACUEDUCTO RURAL;NACIMIENTO LOS NEGROS;25/30;SIN DATO;2017-08-16;COD_DANE_UNICO;CRUCE_OK;GEORREFERENCIADA;;610;INSTITUCION EDUCATIVA MERCEDES ABREGO;JORGE ELIECER GAITAN;ACTIVA;OFICIAL;COMPLETA;EDUCACIÓN BÁSICA SECUNDARIA;IP LA CARBONERA;-76.17045543;3.433908703;-76.17045543;3.433908703;-76.17;3.43;SEDESUESVALLE;COORDENADA_ORIGINAL_SEDESUESVALLE;1;14;2.019;I.E. MERCEDES ABREGO;JORGE ELIECER GAITAN;RURAL;CORREG LA CARBONERA;COINCIDENCIA_NOMBRE_FUERTE;0.98;PRIORITARIO;Alto e inviable;SIN_BRECHAS;NO;ALTA;51.96;MEDIA;Programar seguimiento operativo y verificar condiciones del sistema abastecedor.;3.12;BAJA
35;276563000291;PRADERA;I.E. MERCEDES ABREGO SEDE ALFONSO LOPEZ PUMAREJO;RURAL;CORREGIMIENTO LOS PINOS;ALFONSO LOPEZ PUMAREJO;3186477623;11;11;11;13;ESCUELAS_IRCAS;DATO_PRINCIPAL_ESCUELAS_IRCAS;NO;SI;LA CARBONERA;RIESGO ALTO;ALTO;;ACUEDUCTO RURAL;NACIMIENTO LOS NEGROS;25/30;SIN DATO;2017-08-16;COD_DANE_UNICO;CRUCE_OK;GEORREFERENCIADA;;611;INSTITUCION EDUCATIVA MERCEDES ABREGO;ALFONSO LOPEZ PUMAREJO;ACTIVA;OFICIAL;COMPLETA;EDUCACIÓN BÁSICA SECUNDARIA;VDA LOS PINOS;-76.17837904;3.453253721;-76.17837904;3.453253721;-76.18;3.45;SEDESUESVALLE;COORDENADA_ORIGINAL_SEDESUESVALLE;1;11;2.019;I.E. MERCEDES ABREGO;ALFONSO LOPEZ PUMAREJO;RURAL;CORREG LOS PINOS;COINCIDENCIA_NOMBRE_FUERTE;0.98;PRIORITARIO;Alto e inviable;SIN_BRECHAS;NO;ALTA;52.19;MEDIA;Programar seguimiento operativo y verificar condiciones del sistema abastecedor.;3.24;BAJA
36;276563000151;PRADERA;I.E. MARCO FIDEL SUAREZ SEDE SIMON BOLIVAR;RURAL;CORREGIMINENTO BOLIVAR;SIMON BOLIVAR;3217378646;5;5;7;0;ESCUELAS_IRCAS;DATO_PRINCIPAL_ESCUELAS_IRCAS;NO;SI;ACUASALUD BOLIVAR;SIN RIESGO;SIN RIESGO;122;ACUEDUCTO RURAL;NACIMIENTO LOS PISOS;20/30;FAVORABLE CON REQUERIMIENTOS;2025-12-12;COD_DANE_UNICO;CRUCE_OK;GEORREFERENCIADA;;614;INSTITUCION EDUCATIVA MARCO FIDEL SUAREZ;SIMON BOLIVAR;ACTIVA;OFICIAL;MAÑANA;EDUCACIÓN BÁSICA SECUNDARIA;IP DE BOLIVAR;-76.1966414;3.384148225;-76.1966414;3.384148225;;;SEDESUESVALLE;COORDENADA_ORIGINAL_SEDESUESVALLE;1;7;;;;;;COINCIDENCIA_NOMBRE_FUERTE_CON_POSIBLE_EMPATE;0.93;RUTINARIO;Sin riesgo y bajo;SIN_BRECHAS;NO;ALTA;12.66;BAJA;Mantener seguimiento rutinario con control territorial rural.;0.0;BAJA
37;276233001088;DAGUA;I.E. CRISTOBAL COLON SEDE JESUS MARIA MURGUEITIO;RURAL;VEREDA JORDANCITO;JESUS MARIA MURGUEITIO;3192867632;13;13;13;0;ESCUELAS_IRCAS;DATO_PRINCIPAL_ESCUELAS_IRCAS;NO;SI;JUNTA ADMINISTRADORA DE ACUEDUCTO PEÑAS RUCIAS VEREDA EL JORDANCITO CORREGIMIENTO DE SAN BERNARDO MUNICIPIO DE DAGUA VALLE - J.A.A.J.;SIN RIESGO;SIN RIESGO;3419;ACUEDUCTO RURAL PENAS RUCIAS;NACIMIENTO PENAS RUCIAS;24,5/30;FAVORABLE;2026-03-07;COD_DANE_UNICO;CRUCE_OK;GEORREFERENCIADA;;224;INSTITUCION EDUCATIVA CRISTOBAL COLON;JESUS MARIA MURGUEITIO;ACTIVA;OFICIAL;MAÑANA;EDUCACIÓN BÁSICA PRIMARIA;VDA JORDANCITO;-76.6643239;3.514324779;-76.6643239;3.514324779;;;SEDESUESVALLE;COORDENADA_ORIGINAL_SEDESUESVALLE;1;13;;;;;;COINCIDENCIA_NOMBRE_FUERTE_CON_POSIBLE_EMPATE;0.93;RUTINARIO;Sin riesgo y bajo;SIN_BRECHAS;NO;ALTA;11.36;BAJA;Mantener seguimiento rutinario con control territorial rural.;0.0;BAJA
38;276403000235;LA VICTORIA;I.E NUESTRA SEÑORA DE LA PAZ SEDE MIGUEL MARIA DAVILA;RURAL;VEREDA LA SIBERIA;MIGUEL MARIA DAVILA;3166644139;0;0;0;0;SIN_FUENTE;SIN_DATO_MATRICULA;SI;SI;ACUEDUCTO RURAL VEREDA LA SIBERIA;RIESGO MEDIO;MEDIO;2879;ACUEDUCTO RURAL;NACIMIENTO PORVENIR;No Registra;SIN CONCEPTO;2025-03-06;COD_DANE_UNICO;CRUCE_OK;GEORREFERENCIADA;;568;;;ACTIVA;OFICIAL;MAÑANA;EDUCACIÓN BÁSICA PRIMARIA;VDA LA SIBERIA;-75.9239499;4.474946218;-75.9239499;4.474946218;;;SEDESUESVALLE;COORDENADA_ORIGINAL_SEDESUESVALLE;2;0;;;;;;COINCIDENCIA_NOMBRE_FUERTE_CON_POSIBLE_EMPATE;0.94;PREVENTIVO;Medio;SIN_MATRICULA_VALIDADA;SI;BAJA;30.6;BAJA;Mantener seguimiento preventivo dentro de la programación regular.;0.0;BAJA
39;276243000772;EL AGUILA;I.E JUSTINIANO ECHAVARRIA SEDE QUENIER GIRALDO;RURAL;VEREDA EL SALADO;QUENIER GIRALDO;3136182995;6;6;7;12;ESCUELAS_IRCAS;DATO_PRINCIPAL_ESCUELAS_IRCAS;NO;SI;JUNTA DE ACCION COMUNAL VEREDA EL GUAYABO - SAN LUIS - EL SALADO;RIESGO ALTO;ALTO;2611;ACUEDUCTO RURAL;NACIMIENTO SAN LUIS;23/30;FAVORABLE CON REQUERIMIENTOS;2026-03-17;COD_DANE_UNICO;CRUCE_OK;GEORREFERENCIADA;;294;INSTITUCION EDUCATIVA JUSTINIANO ECHAVARRIA;QUENIER GIRALDO;ACTIVA;OFICIAL;MAÑANA;EDUCACIÓN BÁSICA PRIMARIA;VDA EL SALADO;-76.03170072;4.942329431;-76.03170072;4.942329431;-76.03;4.94;SEDESUESVALLE;COORDENADA_ORIGINAL_SEDESUESVALLE;1;7;2.019;IE JUSTINIANO ECHAVARRIA;QUENIER GIRALDO;RURAL;VDA EL SALADO;COINCIDENCIA_NOMBRE_FUERTE;0.93;PRIORITARIO;Alto e inviable;SIN_BRECHAS;NO;ALTA;54.33;MEDIA;Programar seguimiento operativo y verificar condiciones del sistema abastecedor.;2.66;BAJA
40;276243000314;EL AGUILA;I.E EL AGUILA SEDE SAN AGUSTIN;RURAL;VEREDA EL GUAYABO;SAN AGUSTIN;3127952477;3;3;5;7;ESCUELAS_IRCAS;DATO_PRINCIPAL_ESCUELAS_IRCAS;NO;SI;JUNTA DE ACCION COMUNAL VEREDA EL GUAYABO - SAN LUIS - EL SALADO;RIESGO ALTO;ALTO;2611;FILTRO;NACIMIENTO SAN LUIS;20/30;FAVORABLE CON REQUERIMIENTOS;2025-04-02;COD_DANE_UNICO;CRUCE_OK;GEORREFERENCIADA;;301;INSTITUCION EDUCATIVA EL AGUILA;SAN AGUSTÍN;ACTIVA;OFICIAL;MAÑANA;EDUCACIÓN MEDIA;VDA EL GUAYABO;-76.04402633;4.935333816;-76.04402633;4.935333816;-76.04;4.94;SEDESUESVALLE;COORDENADA_ORIGINAL_SEDESUESVALLE;1;5;2.019;IE EL AGUILA;SAN AGUSTÍN;RURAL;VDA EL GUAYABO;COINCIDENCIA_NOMBRE_FUERTE;0.93;PRIORITARIO;Alto e inviable;SIN_BRECHAS;NO;ALTA;52.81;MEDIA;Programar seguimiento operativo y verificar condiciones del sistema abastecedor.;1.9;BAJA
41;176736000084;SEVILLA;I.E JORGE ELIECER GAITAN SEDE TOTORO;RURAL;VEREDA TOTORO;TOTORO;3113409366;43;43;115;38;ESCUELAS_IRCAS;DATO_PRINCIPAL_ESCUELAS_IRCAS;NO;SI;JUNTA ADMINISTRADORA ACUEDUCTO DE TOTORO ACUATOTORO;SIN RIESGO;SIN RIESGO;13535;FILTRO EKOFIL;NACIMIENTO SAN RAFAEL;20;FAVORABLE CON REQUERIMIENTOS;2026-04-24;COD_DANE_DUPLICADO+NOMBRE_EXACTO;CRUCE_OK_CONTROLADO;GEORREFERENCIADA;;799;INSTITUCION EDUCATIVA  GENERAL SANTANDER;HUGO TORO ECHEVERRY;ACTIVA;OFICIAL;MAÑANA;EDUCACIÓN MEDIA;CRA 47 # 52-65 BRR/FUNDADORES;-75.9318767228;4.26590151946;-75.9318767228;4.26590151946;-75.93;4.36;SEDESUESVALLE;COORDENADA_ORIGINAL_SEDESUESVALLE;1;115;2.019;IE JORGE ELIECER GAITAN;JORGE ELIECER GAITAN;RURAL;CORREG LA  CUCHILLA;COINCIDENCIA_NOMBRE_FUERTE;0.93;RUTINARIO;Sin riesgo y bajo;SIN_BRECHAS;NO;ALTA;18.07;BAJA;Mantener seguimiento rutinario con control territorial rural.;0.0;BAJA
42;276403000146;LA VICTORIA;I.E NUESTRA SEÑORA DE LA PAZ SEDE CAMILO TORRES;RURAL;VEREDA RIVERA ALTA;CAMILO TORRES;3127092716;10;10;10;0;ESCUELAS_IRCAS;DATO_PRINCIPAL_ESCUELAS_IRCAS;NO;SI;ACUEDUCTO RURAL VEREDA RIVERALTA;SIN RIESGO;SIN RIESGO;2878;ACUEDUCTO RURAL;NACIMIENTO SELLOROJO - NACIMIENTO CAMELIAS;23.5/30;FAVORABLE CON REQUERIMIENTOS;2026-01-30;COD_DANE_UNICO;CRUCE_OK;GEORREFERENCIADA;;571;INSTITUCION EDUCATIVA NUESTRA SEÑORA DE LA PAZ;CAMILO TORRES;ACTIVA;OFICIAL;MAÑANA;EDUCACIÓN BÁSICA PRIMARIA;CORREG RIVERALTA;-75.88609267;4.509312773;-75.88609267;4.509312773;;;SEDESUESVALLE;COORDENADA_ORIGINAL_SEDESUESVALLE;1;10;;;;;;COINCIDENCIA_NOMBRE_FUERTE_CON_POSIBLE_EMPATE;0.932;RUTINARIO;Sin riesgo y bajo;SIN_BRECHAS;NO;ALTA;14.31;BAJA;Mantener seguimiento rutinario con control territorial rural.;0.0;BAJA
43;276606000494;RESTREPO;IE JULIO FERNANDEZ MEDINA SEDE 20 DE JULIO;RURAL;VEREDA RIO GRANDE;20 DE JULIO;3143828572;10;10;14;182;ESCUELAS_IRCAS;DATO_PRINCIPAL_ESCUELAS_IRCAS;NO;SI;ASOCIACION DE BENEFICIARIOS DEL APROVICIONAMIENTO DEL MANANTIAL RIO GRANDE - ABAMAR;RIESGO BAJO;BAJO;3862;FITRO EKOFIL;NACIMIENTO TRES PIEDRAS;26;FAVORABLE CON REQUERIMIENTOS;2026-02-11;COD_DANE_UNICO;CRUCE_OK;GEORREFERENCIADA;;648;INSTITUCION EDUCATIVA JULIO FERNANDEZ MEDINA;XX DE JULIO;ACTIVA;OFICIAL;COMPLETA;EDUCACIÓN MEDIA;VDA RIO GRANDE;-76.56139896;3.750874061;-76.56139896;3.750874061;-76.53;3.81;SEDESUESVALLE;COORDENADA_ORIGINAL_SEDESUESVALLE;1;14;2.019;IE JULIO FERNANDEZ MEDINA;MEDINA;RURAL;VDA SAN PABLO;COINCIDENCIA_NOMBRE_FUERTE;0.98;RUTINARIO;Sin riesgo y bajo;SIN_BRECHAS;NO;ALTA;22.56;BAJA;Mantener seguimiento rutinario con control territorial rural.;1.09;BAJA
44;276233000189;DAGUA;I.E. CRISTOBAL COLON SEDE SAN ANTONIO;RURAL;CORREGIMIENTO SAN BERNARDO;SAN ANTONIO;3155886644;24;24;24;0;ESCUELAS_IRCAS;DATO_PRINCIPAL_ESCUELAS_IRCAS;NO;SI;ACUEDUCTO COMUNITARIO SAN BERNARDO;SIN RIESGO;SIN RIESGO;49;ACUEDUCTO RURAL SAN BERNARDO;NACIMIENTO YIMI;20,5/30;FAVORABLE;;COD_DANE_UNICO;CRUCE_OK;GEORREFERENCIADA;;248;INSTITUCION EDUCATIVA CRISTOBAL COLON;SAN ANTONIO;ACTIVA;OFICIAL;MAÑANA;EDUCACIÓN BÁSICA PRIMARIA;IPD SAN BERNARDO;-76.65314044;3.487079951;-76.65314044;3.487079951;;;SEDESUESVALLE;COORDENADA_ORIGINAL_SEDESUESVALLE;1;24;;;;;;COINCIDENCIA_NOMBRE_FUERTE_CON_POSIBLE_EMPATE;0.93;RUTINARIO;Sin riesgo y bajo;SIN_BRECHAS;NO;ALTA;12.94;BAJA;Mantener seguimiento rutinario con control territorial rural.;0.0;BAJA
45;276670000449;SAN PEDRO;I.E JULIO CAICEDO TELLEZ SEDE SIMON BOLIVAR;RURAL;VEREDA LA SIRIA;SIMON BOLIVAR;3184181677;10;0;10;0;SEDESUESVALLE;COMPLEMENTADA_CON_SEDESUESVALLE;NO;SI;JUNTA DE ACUEDUCTO LA SIRIA;INVIABLE SANITARIAMENTE;INVIABLE SANITARIAMENTE;16853;ACUEDUCTO RURAL;NACIMIENTOS EL DANUBIO Y EL CEDRO;23.5;FAVORABLE CON REQUERIMIENTOS;2026-01-30;COD_DANE_UNICO;CRUCE_OK;GEORREFERENCIADA;;747;INSTITUCION EDUCATIVA JULIO CAICEDO TELLEZ;SIMON BOLIVAR;ACTIVA;OFICIAL;ESPECIAL;EDUCACIÓN BÁSICA PRIMARIA;VDA LA SIRIA;-76.14234858;3.949403343;-76.14234858;3.949403343;;;SEDESUESVALLE;COORDENADA_ORIGINAL_SEDESUESVALLE;1;10;;;;;;COINCIDENCIA_NOMBRE_FUERTE_CON_POSIBLE_EMPATE;0.93;PRIORITARIO;Alto e inviable;SIN_BRECHAS;NO;ALTA;69.31;ALTA;Priorizar revisión técnica, validación en campo y articulación con sector educativo.;4.37;MEDIA
46;276863000080;VERSALLES;I.E CARLOS HOLGUIN SARDI SEDE SAN ROQUE;RURAL;VEREDA PINARES;SAN ROQUE;No Registra;6;6;6;0;ESCUELAS_IRCAS;DATO_PRINCIPAL_ESCUELAS_IRCAS;NO;NO;NO REGISTRA;SD;SIN DATO;No Registra;ACUEDUCTO RURAL;NO REGISTRA;;SIN DATO;;COD_DANE_UNICO;CRUCE_OK;GEORREFERENCIADA;;894;INSTITUCION EDUCATIVA CARLOS HOLGUIN SARDI;SAN ROQUE;ACTIVA;OFICIAL;MAÑANA;EDUCACIÓN BÁSICA SECUNDARIA;VDA PINARES;-76.24599019;4.64897905;-76.24599019;4.64897905;;;SEDESUESVALLE;COORDENADA_ORIGINAL_SEDESUESVALLE;1;6;;;;;;COINCIDENCIA_NOMBRE_FUERTE_CON_POSIBLE_EMPATE;0.93;BRECHA INFORMACION;Sin dato / información incompleta;SIN_DATO_IRCA;SI;BAJA;30.38;BAJA;Gestionar actualización de la clasificación IRCA del sistema asociado.;0.42;BAJA
47;276113000151;BUGALAGRANDE;I.E. ANTONIO NARIÑO SEDE CRISTOBAL COLON (I.D);RURAL;CGTO SAN ANTONIO;CRISTOBAL COLON (I.D);3183899551;8;8;9;0;ESCUELAS_IRCAS;DATO_PRINCIPAL_ESCUELAS_IRCAS;NO;SI;ASOCIACION DE USUARIOS DEL SERVICIO DE AGUA POTABLE Y ALCANTARILLADO DE SAN ANTONIO;RIESGO MEDIO;MEDIO;2152;;POZO;22.5;FAVORABLE CON REQUERIMIENTOS;2026-01-28;COD_DANE_UNICO;CRUCE_OK;GEORREFERENCIADA;;138;INSTITUCION EDUCATIVA ANTONIO NARIÑO;CRISTOBAL COLON;ACTIVA;OFICIAL;COMPLETA;EDUCACIÓN BÁSICA SECUNDARIA;I.P SAN ANTONIO;-76.205513;4.226911;-76.205513;4.226911;;;SEDESUESVALLE;COORDENADA_ORIGINAL_SEDESUESVALLE;1;9;;;;;;COINCIDENCIA_NOMBRE_FUERTE_CON_POSIBLE_EMPATE;0.93;PREVENTIVO;Medio;SIN_BRECHAS;NO;ALTA;35.76;MEDIA;Mantener seguimiento preventivo dentro de la programación regular.;2.0;BAJA
48;276113000142;BUGALAGRANDE;I.E. ANTONIO NARIÑO SEDE MANUELA BELTRAN;RURAL;CGTO EL GUAYABO;MANUELA BELTRAN;3105920488;8;8;8;0;ESCUELAS_IRCAS;DATO_PRINCIPAL_ESCUELAS_IRCAS;NO;SI;ASOCIACION DE USUARIOS DEL SERVICIO DE AGUA POTABLE Y ALCANTARILLADO DE EL GUAYABO;SIN RIESGO;SIN RIESGO;234;;POZO;22.5;FAVORABLE CON REQUERIMIENTOS;2026-01-28;COD_DANE_UNICO;CRUCE_OK;GEORREFERENCIADA;;140;INSTITUCION EDUCATIVA ANTONIO NARIÑO;MANUELA BELTRAN;ACTIVA;OFICIAL;COMPLETA;EDUCACIÓN BÁSICA PRIMARIA;I.P EL GUAYABO;-76.182282;4.242589;-76.182282;4.242589;;;SEDESUESVALLE;COORDENADA_ORIGINAL_SEDESUESVALLE;1;8;;;;;;COINCIDENCIA_NOMBRE_FUERTE_CON_POSIBLE_EMPATE;0.93;RUTINARIO;Sin riesgo y bajo;SIN_BRECHAS;NO;ALTA;13.76;BAJA;Mantener seguimiento rutinario con control territorial rural.;0.0;BAJA
49;276113000631;BUGALAGRANDE;I.E. DIEGO RENGIFO SALAZAR SEDE CAMILO TORRES;RURAL;CGTO MESTIZAL;CAMILO TORRES;3155184854;17;17;16;0;ESCUELAS_IRCAS;DATO_PRINCIPAL_ESCUELAS_IRCAS;NO;NO;;SD;SIN DATO;;;POZO;24.5;FAVORABLE CON REQUERIMIENTOS;2026-03-20;COD_DANE_UNICO;CRUCE_OK;GEORREFERENCIADA;;147;INSTITUCION EDUCATIVA DIEGO RENGIFO SALAZAR;CAMILO TORRES;ACTIVA;OFICIAL;MAÑANA;EDUCACIÓN BÁSICA PRIMARIA;I.P. EL MEZTIZAL;-76.163995;4.225505;-76.163995;4.225505;;;SEDESUESVALLE;COORDENADA_ORIGINAL_SEDESUESVALLE;1;16;;;;;;COINCIDENCIA_NOMBRE_FUERTE_CON_POSIBLE_EMPATE;0.93;BRECHA INFORMACION;Sin dato / información incompleta;SIN_DATO_IRCA;SI;BAJA;36.55;MEDIA;Gestionar actualización de la clasificación IRCA del sistema asociado.;0.66;BAJA
50;276122000295;CAICEDONIA;I.E. SAGRADO CORAZON DE JESUS SEDE SAN ISIDRO;RURAL;VDA MONTEGRANDE;SAN ISIDRO;3113141802;36;36;44;62;ESCUELAS_IRCAS;DATO_PRINCIPAL_ESCUELAS_IRCAS;NO;SI;ACUEDUCTO RURAL AGUAS DE SAN ISIDRO;RIESGO MEDIO;MEDIO;5224;;POZO;19.5;FAVORABLE CON REQUERIMIENTOS;2026-03-17;COD_DANE_UNICO;CRUCE_OK;GEORREFERENCIADA;;194;INSTITUCION EDUCATIVA  SAGRADO CORAZON DE JESUS;SAN ISIDRO;ACTIVA;OFICIAL;UNICA;EDUCACIÓN BÁSICA SECUNDARIA;VD MONTEGRANDE;-75.836725668;4.30899797246;-75.836725668;4.30899797246;-75.82;4.39;SEDESUESVALLE;COORDENADA_ORIGINAL_SEDESUESVALLE;1;44;2.019;IE SAGRADO CORAZON DE JESUS;SEDE SAN ISIDRO;RURAL;VDA MONTEGRANDE;COINCIDENCIA_NOMBRE_FUERTE;0.977;PREVENTIVO;Medio;SIN_BRECHAS;NO;ALTA;39.6;MEDIA;Mantener seguimiento preventivo dentro de la programación regular.;3.29;BAJA
51;276670000171;SAN PEDRO;I.E. JOSE ANTONIO AGUILERA.  SEDE RAFAEL ALBERTO MARMOLEJO;RURAL;CORREGIMIENTO SAN JOSE;RAFAEL ALBERTO MARMOLEJO;3155835885;39;0;39;0;SEDESUESVALLE;COMPLEMENTADA_CON_SEDESUESVALLE;NO;SI;ASOCIACION DE SUSCRIPTORES ACUEDUCTO Y ALCANTARILLADO SAN JOSE - ASAAL;SIN RIESGO;SIN RIESGO;927;ACUEDUCTO RURAL;POZO PROFUNDO VSP16;22;FAVORABLE CON REQUERIMIENTOS;2026-03-19;COD_DANE_UNICO;CRUCE_OK;GEORREFERENCIADA;;745;INSTITUCION EDUCATIVA JOSE ANTONIO AGUILERA;RAFAEL ALBERTO MARMOLEJO;ACTIVA;OFICIAL;MAÑANA;EDUCACIÓN BÁSICA PRIMARIA;CORREG SAN JOSE;-76.12041947;3.955399584;-76.12041947;3.955399584;;;SEDESUESVALLE;COORDENADA_ORIGINAL_SEDESUESVALLE;1;39;;;;;;COINCIDENCIA_NOMBRE_FUERTE_CON_POSIBLE_EMPATE;0.93;RUTINARIO;Sin riesgo y bajo;SIN_BRECHAS;NO;ALTA;17.81;BAJA;Mantener seguimiento rutinario con control territorial rural.;0.0;BAJA
52;276670000384;SAN PEDRO;I.E JOSE ANTONIO AGUILERA SEDE NIÑO JESUS DE PRAGA;RURAL;CGTO SAN JOSE;NIÑO JESUS DE PRAGA;3182495864;23;23;32;0;ESCUELAS_IRCAS;DATO_PRINCIPAL_ESCUELAS_IRCAS;NO;SI;ASOCIACION DE SUSCRIPTORES ACUEDUCTO Y ALCANTARILLADO SAN JOSE - ASAAL;SIN RIESGO;SIN RIESGO;927;ACUEDUCTO RURAL;POZO PROFUNDO VSP16;25;FAVORABLE CON REQUERIMIENTOS;2026-03-19;COD_DANE_UNICO;CRUCE_OK;GEORREFERENCIADA;;746;INSTITUCION EDUCATIVA JOSE ANTONIO AGUILERA;NIÑO JESUS DE PRAGA;ACTIVA;OFICIAL;MAÑANA;EDUCACIÓN BÁSICA PRIMARIA;CORREG SAN JOSE;-76.268631;4.03605;-76.268631;4.03605;;;SEDESUESVALLE;COORDENADA_ORIGINAL_SEDESUESVALLE;1;32;;;;;;COINCIDENCIA_NOMBRE_FUERTE_CON_POSIBLE_EMPATE;0.936;RUTINARIO;Sin riesgo y bajo;SIN_BRECHAS;NO;ALTA;16.43;BAJA;Mantener seguimiento rutinario con control territorial rural.;0.0;BAJA
53;276100000119;BOLIVAR;ESCUELA POLICARPA SALAVARRIETA N. 30;RURAL;CGTO PRIMAVERA - VDA GUACAS;;3182884255;4;4;6;0;ESCUELAS_IRCAS;DATO_PRINCIPAL_ESCUELAS_IRCAS;NO;SI;ASOCIACION DE USUARIOS DEL SERVICIO DE AGUA POTABLE Y ALCANTARILLADO DE PRIMAVERA;SIN RIESGO;SIN RIESGO;258;ACUEDUCTO RURAL;QUBRADA LA GRECIA;25.5;FAVORABLE CON REQUERIMIENTOS;2025-05-08;COD_DANE_DUPLICADO_COORDENADA_COMUN;VALIDAR_DUPLICADO;GEORREFERENCIADA;"Código DANE duplicado en SedesUESVALLE; se asignó coordenada común.";109;INSTITUCION EDUCATIVA PRIMAVERA;POLICARPA SALAVARRIETA;ACTIVA;OFICIAL;MAÑANA;EDUCACIÓN BÁSICA PRIMARIA;VDA GUACAS;-76.24085668;4.345768837;-76.24085668;4.345768837;;;SEDESUESVALLE;COORDENADA_ORIGINAL_SEDESUESVALLE;1;6;;;;;;COINCIDENCIA_NOMBRE_FUERTE_CON_POSIBLE_EMPATE;0.93;RUTINARIO;Sin riesgo y bajo;CRUCE_PENDIENTE;SI;MEDIA;14.17;BAJA;Mantener seguimiento rutinario con control territorial rural.;0.0;BAJA
54;276100000402;BOLIVAR;CENTRO EDUCATIVO CENT DOC N. 3 SANTO TOMAS DE AQUINO;RURAL;CGTO PRIMAVERA;;3238023916;55;0;55;64;SEDESUESVALLE;COMPLEMENTADA_CON_SEDESUESVALLE;NO;SI;ASOCIACION DE USUARIOS DEL SERVICIO DE AGUA POTABLE Y ALCANTARILLADO DE PRIMAVERA;SIN RIESGO;SIN RIESGO;258;ACUEDUCTO RURAL;QUBRADA LA GRECIA;25.0;FAVORABLE CON REQUERIMIENTOS;2025-06-10;COD_DANE_UNICO;CRUCE_OK;GEORREFERENCIADA;;108;INSTITUCION EDUCATIVA PRIMAVERA;SANTO TOMAS DE AQUINO;ACTIVA;OFICIAL;MAÑANA;EDUCACIÓN MEDIA;IP PRIMAVERA;-76.26441136;4.356793673;-76.26441136;4.356793673;-76.26;4.36;SEDESUESVALLE;COORDENADA_ORIGINAL_SEDESUESVALLE;1;55;2.019;IE PRIMAVERA;SANTO TOMAS DE AQUINO;RURAL;CORREG PRIMAVERA;COINCIDENCIA_NOMBRE_FUERTE;0.93;RUTINARIO;Sin riesgo y bajo;SIN_BRECHAS;NO;ALTA;18.73;BAJA;Mantener seguimiento rutinario con control territorial rural.;0.0;BAJA
55;276100000062;BOLIVAR;ESCUELA LUIS LORZA N. 35;RURAL;VDA LA LLANADA - CGTO PRIMAVERA;;3173828182;6;6;7;14;ESCUELAS_IRCAS;DATO_PRINCIPAL_ESCUELAS_IRCAS;NO;SI;ASOCIACION DE USUARIOS DEL SERVICIO DE AGUA POTABLE Y ALCANTARILLADO DE PRIMAVERA;SIN RIESGO;SIN RIESGO;258;ACUEDUCTO RURAL;QUBRADA LA GRECIA;22.5;FAVORABLE CON REQUERIMIENTOS;2025-06-10;COD_DANE_UNICO;CRUCE_OK;GEORREFERENCIADA;;117;INSTITUCION EDUCATIVA PRIMAVERA;LUIS LORZA;ACTIVA;OFICIAL;MAÑANA;EDUCACIÓN BÁSICA PRIMARIA;VDA LA LLANADA;-76.29001436;4.346419223;-76.29001436;4.346419223;-76.29;4.35;SEDESUESVALLE;COORDENADA_ORIGINAL_SEDESUESVALLE;1;7;2.019;IE PRIMAVERA;LUIS LORZA;RURAL;VDA LA LLANADA;COINCIDENCIA_NOMBRE_FUERTE;0.93;RUTINARIO;Sin riesgo y bajo;SIN_BRECHAS;NO;ALTA;13.08;BAJA;Mantener seguimiento rutinario con control territorial rural.;0.0;BAJA
56;276100000704;BOLIVAR;INSTITUCION EDUCATIVA BETANIA;RURAL;CGTO BETANIA;;3136485145;33;33;0;0;ESCUELAS_IRCAS;DATO_PRINCIPAL_ESCUELAS_IRCAS;NO;SI;ACUEDUCTO RURAL DE BETANIA;RIESGO ALTO;ALTO;11893;ACUEDUCTO RURAL;QUBRADA LA QUERELLA;23.0;FAVORABLE CON REQUERIMIENTOS;2025-05-20;SIN_COINCIDENCIA;PENDIENTE;SIN_COORDENADAS;;;;;;;;;;;;;;;;SIN_COORDENADA;SIN_COORDENADA;0;0;;;;;;SIN_COINCIDENCIA_FUERTE;0.421;PRIORITARIO;Alto e inviable;"SIN_COORDENADA; CRUCE_PENDIENTE";SI;MEDIA;60.62;ALTA;Programar seguimiento operativo y verificar condiciones del sistema abastecedor.;4.82;MEDIA
57;276100000038;BOLIVAR;ESCUELA DIVINO ECCE HOMO N. 37;RURAL;CGTO BETANIA;;3136485145;25;25;27;64;ESCUELAS_IRCAS;DATO_PRINCIPAL_ESCUELAS_IRCAS;NO;SI;ACUEDUCTO RURAL DE BETANIA;RIESGO ALTO;ALTO;11893;ACUEDUCTO RURAL;QUBRADA LA QUERELLA;24.5;FAVORABLE CON REQUERIMIENTOS;2025-05-20;COD_DANE_UNICO;CRUCE_OK;GEORREFERENCIADA;;130;INSTITUCION EDUCATIVA BETANIA;DIVINO ECCE HOMO;ACTIVA;OFICIAL;MAÑANA;EDUCACIÓN MEDIA;CORREG DE BETANIA;-76.30870706;4.436606685;-76.30870706;4.436606685;-76.31;4.44;SEDESUESVALLE;COORDENADA_ORIGINAL_SEDESUESVALLE;1;27;2.019;IE BETANIA;DIVINO ECCE HOMO;RURAL;CORREG BETANIA;COINCIDENCIA_NOMBRE_FUERTE;0.93;PRIORITARIO;Alto e inviable;SIN_BRECHAS;NO;ALTA;57.89;ALTA;Programar seguimiento operativo y verificar condiciones del sistema abastecedor.;4.46;MEDIA
58;276126000559;CALIMA;I.E. SIMON BOLIVAR SEDE LLANITOS;RURAL;VDA LLANITOS;LLANITOS;3117063066;11;11;11;0;ESCUELAS_IRCAS;DATO_PRINCIPAL_ESCUELAS_IRCAS;NO;SI;ACUALLANITOS S.A E.S.P;SIN RIESGO;SIN RIESGO;155;ACUEDUCTO RURAL;QUEBADA EL INFIERNO;25,5/30;FAVORABLE CON REQUERIMIENTOS;2026-03-05;COD_DANE_UNICO;CRUCE_OK;GEORREFERENCIADA;;209;INSTITUCION EDUCATIVA SIMON BOLIVAR;LLANITOS;ACTIVA;OFICIAL;FIN DE SEMANA;EDUCACIÓN MEDIA;PARCELA LLANITOS;-76.53007;3.885864;-76.53007;3.885864;;;SEDESUESVALLE;COORDENADA_ORIGINAL_SEDESUESVALLE;1;11;;;;;;SIN_CANDIDATOS_MUNICIPIO;;RUTINARIO;Sin riesgo y bajo;SIN_BRECHAS;NO;ALTA;14.54;BAJA;Mantener seguimiento rutinario con control territorial rural.;0.0;BAJA
59;276377000141;LA CUMBRE;I.E. FRANCISCO DE PAULA SANTANDER SEDE MANUELA BELTRAN;RURAL;VEREDA AGUACLARA CENTRO POBLADO;MANUELA BELTRAN;3167588233;10;10;5;0;ESCUELAS_IRCAS;DATO_PRINCIPAL_ESCUELAS_IRCAS;NO;SI;VERSA;INVIABLE SANITARIAMENTE;INVIABLE SANITARIAMENTE;21651;N.A;QUEBRADA;245;DESFAVORABLE;2025-12-03;COD_DANE_UNICO;CRUCE_OK;GEORREFERENCIADA;;517;INSTITUCION EDUCATIVA FRANCISCO DE PAULA SANTANDER;MANUELA BELTRAN;ACTIVA;OFICIAL;MAÑANA;EDUCACIÓN BÁSICA SECUNDARIA;VDA AGUA CLARA;-76.52972663;3.686605693;-76.52972663;3.686605693;;;SEDESUESVALLE;COORDENADA_ORIGINAL_SEDESUESVALLE;1;5;;;;;;COINCIDENCIA_NOMBRE_FUERTE_CON_POSIBLE_EMPATE;0.931;PRIORITARIO;Alto e inviable;SIN_BRECHAS;NO;ALTA;73.51;ALTA;Priorizar revisión técnica, validación en campo y articulación con sector educativo.;5.0;MEDIA
60;276377000311;LA CUMBRE;I.E. LA LIBERTAD SEDE LA LIBERTAD;RURAL;VEREDA EL CHICORAL;LA LIBERTAD;3138543568;10;10;11;19;ESCUELAS_IRCAS;DATO_PRINCIPAL_ESCUELAS_IRCAS;NO;SI;FUNDECORAL;RIESGO ALTO;ALTO;3666;N.A;QUEBRADA;27;DESFAVORABLE;2026-03-12;COD_DANE_UNICO;CRUCE_OK;GEORREFERENCIADA;;524;INSTITUCION EDUCATIVA LA LIBERTAD;LA LIBERTAD;ACTIVA;OFICIAL;UNICA;EDUCACIÓN BÁSICA SECUNDARIA;VDA CHICORAL;-76.5916521;3.575960757;-76.5916521;3.575960757;-76.59;3.58;SEDESUESVALLE;COORDENADA_ORIGINAL_SEDESUESVALLE;1;11;2.019;IE LA LIBERTAD;LA LIBERTAD;RURAL;VDA CHICORAL;COINCIDENCIA_NOMBRE_FUERTE;0.93;PRIORITARIO;Alto e inviable;SIN_BRECHAS;NO;ALTA;59.76;ALTA;Programar seguimiento operativo y verificar condiciones del sistema abastecedor.;3.75;BAJA
61;276377000078;LA CUMBRE;I.E. FRANCISCO DE PAULA SANTANDER SEDE FRANCISCO DE PAULA SANTANDER;RURAL;CARRERA 8 # 3  - 35;FRANCISCO DE PAULA SANTANDER;3207058667;610;610;0;657;ESCUELAS_IRCAS;DATO_PRINCIPAL_ESCUELAS_IRCAS;NO;SI;ACAAPAVAS;SIN RIESGO;SIN RIESGO;107;N.A;QUEBRADA;CS09;FAVORABLE;2025-03-11;MUNICIPIO+NOMBRE_EXACTO;CRUCE_RECUPERADO;GEORREFERENCIADA;;505;;;;;;;;-76.57;3.65;;;-76.57;3.65;MEN_SEDES;COMPLEMENTADA_CON_MEN;0;0;2.019;IE FRANCISCO DE PAULA SANTANDER;FRANCISCO DE PAULA SANTANDER;RURAL;CR 8 NO 3-35;COINCIDENCIA_NOMBRE_FUERTE;0.945;RUTINARIO;Sin riesgo y bajo;SIN_BRECHAS;NO;ALTA;21.61;BAJA;Mantener seguimiento rutinario con control territorial rural.;0.0;BAJA
62;276377000264;LA CUMBRE;I.E. FRANCISCO DE PAULA SANTANDER SEDE POLICARPA SALAVARRIETA;RURAL;VEREDA PARRAGA;POLICARPA SALAVARRIETA;3207058667;16;16;4;0;ESCUELAS_IRCAS;DATO_PRINCIPAL_ESCUELAS_IRCAS;NO;SI;PARRAGA;SIN RIESGO;SIN RIESGO;108;N.A;QUEBRADA;CS15;FAVORABLE;2025-04-14;COD_DANE_UNICO;CRUCE_OK;GEORREFERENCIADA;;506;INSTITUCION EDUCATIVA FRANCISCO DE PAULA SANTANDER;POLICARPA SALAVARRIETA;ACTIVA;OFICIAL;MAÑANA;EDUCACIÓN BÁSICA PRIMARIA;VDA PARRAGA;-76.59581616;3.688449776;-76.59581616;3.688449776;;;SEDESUESVALLE;COORDENADA_ORIGINAL_SEDESUESVALLE;1;4;;;;;;COINCIDENCIA_NOMBRE_FUERTE_CON_POSIBLE_EMPATE;0.939;RUTINARIO;Sin riesgo y bajo;SIN_BRECHAS;NO;ALTA;11.89;BAJA;Mantener seguimiento rutinario con control territorial rural.;0.0;BAJA
63;176377000049;LA CUMBRE;I.E. SAN PIO X SEDE JOSE MARIA CORDOBA;URBANO;CALLE 11 # 15  - 35;JOSE MARIA CORDOBA;3136747577;68;68;61;0;ESCUELAS_IRCAS;DATO_PRINCIPAL_ESCUELAS_IRCAS;NO;SI;ACUAVALLE S.A ESP;SIN RIESGO;SIN RIESGO;50;PLANTA ACUAVALLE S.A ESP;QUEBRADA;39;FAVORABLE;2026-01-28;COD_DANE_UNICO;CRUCE_OK;GEORREFERENCIADA;;507;INSTITUCION EDUCATIVA  SAN PIO X;JOSE MARIA CORDOBA;ACTIVA;OFICIAL;MAÑANA;EDUCACIÓN BÁSICA PRIMARIA;CRA 11 # 5-35;-76.5716447988;3.6524219965;-76.5716447988;3.6524219965;;;SEDESUESVALLE;COORDENADA_ORIGINAL_SEDESUESVALLE;1;61;;;;;;COINCIDENCIA_NOMBRE_FUERTE_CON_POSIBLE_EMPATE;0.93;RUTINARIO;Sin riesgo y bajo;SIN_BRECHAS;NO;ALTA;15.69;BAJA;Mantener seguimiento rutinario.;0.0;BAJA
64;176377000014;LA CUMBRE;I.E. SIMON BOLIVAR SEDE SIMON BOLIVAR (PRINCIPAL);URBANO;CARRERA 1 # 3  - 14;SIMON BOLIVAR (PRINCIPAL);3103433381/3234640821;116;116;130;48;ESCUELAS_IRCAS;DATO_PRINCIPAL_ESCUELAS_IRCAS;NO;SI;ACUAVALLE S.A ESP;SIN RIESGO;SIN RIESGO;50;PLANTA ACUAVALLE S.A ESP;QUEBRADA;39;FAVORABLE;2026-01-28;COD_DANE_UNICO;CRUCE_OK;GEORREFERENCIADA;;522;INSTITUCION EDUCATIVA SIMON BOLIVAR;SIMON BOLIVAR;ACTIVA;OFICIAL;MAÑANA;EDUCACIÓN MEDIA;KR 1 3 14;-76.5898990517;3.6943031059;-76.5898990517;3.6943031059;-76.58;3.63;SEDESUESVALLE;COORDENADA_ORIGINAL_SEDESUESVALLE;1;130;2.019;IE SAN PIO X;SIMON BOLIVAR;RURAL;VDA LA VENTURA.;COINCIDENCIA_NOMBRE_FUERTE;0.93;RUTINARIO;Sin riesgo y bajo;SIN_BRECHAS;NO;ALTA;17.13;BAJA;Mantener seguimiento rutinario.;0.0;BAJA
65;276377000132;LA CUMBRE;I.E. MARIA AUXILIADORA SEDE JORGE ROBLEDO;RURAL;VIA EL CARMEN CORREGIMIENTO PUENTE PALO;JORGE ROBLEDO;3175768234/3127037707;26;26;20;0;ESCUELAS_IRCAS;DATO_PRINCIPAL_ESCUELAS_IRCAS;NO;SI;ADMINISTRACIÓN COOPERATIVA LA CUMBRE DAGUA;SIN RIESGO;SIN RIESGO;110;N.A;QUEBRADA;441;FAVORABLE;2024-07-28;COD_DANE_UNICO;CRUCE_OK;GEORREFERENCIADA;;513;INSTITUCION EDUCATIVA MARÍA AUXILIADORA;JORGE ROBLEDO;ACTIVA;OFICIAL;ESPECIAL;EDUCACIÓN BÁSICA SECUNDARIA;IP PUENTE PALO;-76.6119965;3.648355858;-76.6119965;3.648355858;;;SEDESUESVALLE;COORDENADA_ORIGINAL_SEDESUESVALLE;1;20;;;;;;COINCIDENCIA_NOMBRE_FUERTE_CON_POSIBLE_EMPATE;0.93;RUTINARIO;Sin riesgo y bajo;SIN_BRECHAS;NO;ALTA;13.15;BAJA;Mantener seguimiento rutinario con control territorial rural.;0.0;BAJA
66;276377000094;LA CUMBRE;I.E. LA LIBERTAD SEDE LAUREANO GOMEZ;RURAL;CORREGIMIENTO BITACO;LAUREANO GOMEZ;3136533455/3138543568;114;114;101;0;ESCUELAS_IRCAS;DATO_PRINCIPAL_ESCUELAS_IRCAS;NO;SI;ASCABI;SIN RIESGO;SIN RIESGO;1375;N.A;QUEBRADA;210;FAVORABLE;2025-03-27;COD_DANE_UNICO;CRUCE_OK;GEORREFERENCIADA;;514;INSTITUCION EDUCATIVA LA LIBERTAD;LAUREANO GOMEZ;ACTIVA;OFICIAL;UNICA;EDUCACIÓN MEDIA;IP BITACO;-76.59807665;3.611712158;-76.59807665;3.611712158;;;SEDESUESVALLE;COORDENADA_ORIGINAL_SEDESUESVALLE;1;101;;;;;;COINCIDENCIA_NOMBRE_FUERTE_CON_POSIBLE_EMPATE;0.93;RUTINARIO;Sin riesgo y bajo;SIN_BRECHAS;NO;ALTA;17.08;BAJA;Mantener seguimiento rutinario con control territorial rural.;0.0;BAJA
67;176377000251;LA CUMBRE;I.E. SAN PIO X SEDE PRINCIPAL;URBANO;CARRERA 3 # 2  - 00 ESQUINA;PRINCIPAL;3136747577;272;272;0;424;ESCUELAS_IRCAS;DATO_PRINCIPAL_ESCUELAS_IRCAS;NO;SI;ACUAVALLE S.A ESP;SIN RIESGO;SIN RIESGO;50;PLANTA ACUAVALLE S.A ESP;QUEBRADA;39;FAVORABLE;2026-01-28;MUNICIPIO+NOMBRE_EXACTO;CRUCE_RECUPERADO;GEORREFERENCIADA;;515;;;;;;;;-76.57;3.65;;;-76.57;3.65;MEN_SEDES;COMPLEMENTADA_CON_MEN;0;0;2.019;IE SAN PIO X;SAN PIO X;URBANA;VDA  3A - ESQUINA.;COINCIDENCIA_NOMBRE_FUERTE;0.93;RUTINARIO;Sin riesgo y bajo;SIN_BRECHAS;NO;ALTA;19.43;BAJA;Mantener seguimiento rutinario.;0.0;BAJA
68;276377000281;LA CUMBRE;I.E. FRANCISCO DE PAULA SANTANDER SEDE EDUARDO SANTOS;RURAL;VEREDA AGUACATAL;EDUARDO SANTOS;3045383774;10;10;12;0;ESCUELAS_IRCAS;DATO_PRINCIPAL_ESCUELAS_IRCAS;NO;SI;ACUAVALLE S.A ESP;SIN RIESGO;SIN RIESGO;50;PLANTA ACUAVALLE S.A ESP;QUEBRADA;39;FAVORABLE;2026-01-28;COD_DANE_UNICO;CRUCE_OK;GEORREFERENCIADA;;520;INSTITUCION EDUCATIVA FRANCISCO DE PAULA SANTANDER;EDUARDO SANTOS;ACTIVA;OFICIAL;MAÑANA;EDUCACIÓN BÁSICA PRIMARIA;VDA AGUACATAL;-76.59730332;3.672209954;-76.59730332;3.672209954;;;SEDESUESVALLE;COORDENADA_ORIGINAL_SEDESUESVALLE;1;12;;;;;;COINCIDENCIA_NOMBRE_FUERTE_CON_POSIBLE_EMPATE;0.93;RUTINARIO;Sin riesgo y bajo;SIN_BRECHAS;NO;ALTA;10.71;BAJA;Mantener seguimiento rutinario con control territorial rural.;0.0;BAJA
69;276377000272;LA CUMBRE;I.E. MARIA AUXILIADORA SEDE RICARDO NIETO;RURAL;VIA KM. 113 - VEREDA GUADALUPE;RICARDO NIETO;3153106870/3127037707;6;6;6;0;ESCUELAS_IRCAS;DATO_PRINCIPAL_ESCUELAS_IRCAS;NO;SI;ADMINISTRACIÓN COOPERATIVA LA CUMBRE DAGUA;SIN RIESGO;SIN RIESGO;110;N.A;QUEBRADA;441;FAVORABLE;2024-07-28;COD_DANE_UNICO;CRUCE_OK;GEORREFERENCIADA;;523;INSTITUCION EDUCATIVA MARÍA AUXILIADORA;RICARDO NIETO;ACTIVA;OFICIAL;ESPECIAL;EDUCACIÓN BÁSICA PRIMARIA;VDA GUADALUPE;-76.62538096;3.648117912;-76.62538096;3.648117912;;;SEDESUESVALLE;COORDENADA_ORIGINAL_SEDESUESVALLE;1;6;;;;;;COINCIDENCIA_NOMBRE_FUERTE_CON_POSIBLE_EMPATE;0.93;RUTINARIO;Sin riesgo y bajo;SIN_BRECHAS;NO;ALTA;9.48;BAJA;Mantener seguimiento rutinario con control territorial rural.;0.0;BAJA
70;276377000191;LA CUMBRE;I.E. MARIA AUXILIADORA SEDE ATANASIO GIRARDOT;RURAL;VIA CRGTO PALO ALTO - VEREDA BELLAVISTA;ATANASIO GIRARDOT;3153106870/3127037707;11;11;13;0;ESCUELAS_IRCAS;DATO_PRINCIPAL_ESCUELAS_IRCAS;NO;SI;ADMINISTRACIÓN COOPERATIVA LA CUMBRE DAGUA;SIN RIESGO;SIN RIESGO;110;N.A;QUEBRADA;441;FAVORABLE;2024-07-28;COD_DANE_UNICO;CRUCE_OK;GEORREFERENCIADA;;526;INSTITUCION EDUCATIVA MARÍA AUXILIADORA;ATANASIO GIRARDOT;ACTIVA;OFICIAL;ESPECIAL;EDUCACIÓN MEDIA;VDA BELLAVISTA;-76.61455442;3.625632005;-76.61455442;3.625632005;;;SEDESUESVALLE;COORDENADA_ORIGINAL_SEDESUESVALLE;1;13;;;;;;COINCIDENCIA_NOMBRE_FUERTE_CON_POSIBLE_EMPATE;0.93;RUTINARIO;Sin riesgo y bajo;SIN_BRECHAS;NO;ALTA;10.94;BAJA;Mantener seguimiento rutinario con control territorial rural.;0.0;BAJA
71;276828000166;BOLIVAR;CENTRO EDUCATIVO CENT DOC ANTONIO NARIÑO N. 16;RURAL;VDA LA SOLEDAD;;3238023916;3;3;0;0;ESCUELAS_IRCAS;DATO_PRINCIPAL_ESCUELAS_IRCAS;NO;SI;ASOCIACION DE USUARIOS DE ABASTO CORREGIMIENTO CERRO AZUL Y LAS VEREDAS SIRIA Y LA SOLEDAD;SIN RIESGO;SIN RIESGO;200;ACUEDUCTO RURAL;QUEBRADA;24.5;FAVORABLE CON REQUERIMIENTOS;2025-04-07;SIN_COINCIDENCIA;PENDIENTE;SIN_COORDENADAS;;;;;;;;;;;;;;;;SIN_COORDENADA;SIN_COORDENADA;0;0;;;;;;COINCIDENCIA_NOMBRE_FUERTE_CON_POSIBLE_EMPATE;0.93;RUTINARIO;Sin riesgo y bajo;"SIN_COORDENADA; CRUCE_PENDIENTE";SI;MEDIA;13.56;BAJA;Priorizar georreferenciación de la sede educativa.;0.0;BAJA
72;176377000057;LA CUMBRE;I.E. SIMON BOLIVAR SEDE MARCO FIDEL SUAREZ;URBANO;CARRERA 3 # 4  - 63;MARCO FIDEL SUAREZ;3103433381/ 3113541854;116;116;125;0;ESCUELAS_IRCAS;DATO_PRINCIPAL_ESCUELAS_IRCAS;NO;SI;ASOCIACION DE SUSCRIPTORES PAVITAS;SIN RIESGO;SIN RIESGO;120854;N.A;QUEBRADA;1735;FAVORABLE CON REQUERIMIENTOS;2024-09-09;COD_DANE_UNICO;CRUCE_OK;GEORREFERENCIADA;;509;INSTITUCION EDUCATIVA SIMON BOLIVAR;MARCO FIDEL SUAREZ;ACTIVA;OFICIAL;MAÑANA;EDUCACIÓN BÁSICA PRIMARIA;CRA 3 # 4-63;-76.56813763;3.649350529;-76.56813763;3.649350529;;;SEDESUESVALLE;COORDENADA_ORIGINAL_SEDESUESVALLE;1;125;;;;;;COINCIDENCIA_NOMBRE_FUERTE_CON_POSIBLE_EMPATE;0.93;RUTINARIO;Sin riesgo y bajo;SIN_BRECHAS;NO;ALTA;20.73;BAJA;Mantener seguimiento rutinario.;0.0;BAJA
73;276377000124;LA CUMBRE;I.E. SIMON BOLIVAR SEDE ANTONIO NARIÑO;RURAL;VIA LA CUMBRE - PAVITAS;ANTONIO NARIÑO;3104236978/3113541859;24;24;8;0;ESCUELAS_IRCAS;DATO_PRINCIPAL_ESCUELAS_IRCAS;NO;SI;ASOCIACION DE SUSCRIPTORES PAVITAS;SIN RIESGO;SIN RIESGO;120854;N.A;QUEBRADA;1735;FAVORABLE CON REQUERIMIENTOS;2024-09-09;COD_DANE_UNICO;CRUCE_OK;GEORREFERENCIADA;;510;INSTITUCION EDUCATIVA SIMON BOLIVAR;ANTONIO NARIÑO;ACTIVA;OFICIAL;MAÑANA;EDUCACIÓN BÁSICA PRIMARIA;VDA PAVITAS;-76.55780427;3.659301378;-76.55780427;3.659301378;;;SEDESUESVALLE;COORDENADA_ORIGINAL_SEDESUESVALLE;1;8;;;;;;COINCIDENCIA_NOMBRE_FUERTE_CON_POSIBLE_EMPATE;0.93;RUTINARIO;Sin riesgo y bajo;SIN_BRECHAS;NO;ALTA;16.54;BAJA;Mantener seguimiento rutinario con control territorial rural.;0.0;BAJA
74;276377000116;LA CUMBRE;I.E. SAN PIO X SEDE CRISTOBAL COLON;RURAL;VEREDA ARBOLEDA;CRISTOBAL COLON;3146328859;31;31;24;0;ESCUELAS_IRCAS;DATO_PRINCIPAL_ESCUELAS_IRCAS;NO;SI;JUNTA DEL ACUEDUCTO VEREDA ARBOLEDAS;RIESGO MEDIO;MEDIO;105;N.A;QUEBRADA;238;FAVORABLE CON REQUERIMIENTOS;2025-11-12;COD_DANE_UNICO;CRUCE_OK;GEORREFERENCIADA;;511;INSTITUCION EDUCATIVA  SAN PIO X;CRISTOBAL COLON;ACTIVA;OFICIAL;MAÑANA;EDUCACIÓN BÁSICA PRIMARIA;VDA ARBOLEDAS;-76.57636407;3.659063432;-76.57636407;3.659063432;;;SEDESUESVALLE;COORDENADA_ORIGINAL_SEDESUESVALLE;1;24;;;;;;COINCIDENCIA_NOMBRE_FUERTE_CON_POSIBLE_EMPATE;0.93;PREVENTIVO;Medio;SIN_BRECHAS;NO;ALTA;39.21;MEDIA;Mantener seguimiento preventivo dentro de la programación regular.;3.16;BAJA
75;276377000221;LA CUMBRE;I.E. FRANCISCO DE PAULA SANTANDER SEDE SANTA TERESITA;RURAL;LA LAGUNA VIA JIGUALES - LA MARIA;SANTA TERESITA;3164936470;12;12;13;0;ESCUELAS_IRCAS;DATO_PRINCIPAL_ESCUELAS_IRCAS;NO;SI;ASOJIGUA;RIESGO MEDIO;MEDIO;3957;N.A;QUEBRADA;239;FAVORABLE CON REQUERIMIENTOS;2025-11-14;COD_DANE_UNICO;CRUCE_OK;GEORREFERENCIADA;;512;INSTITUCION EDUCATIVA FRANCISCO DE PAULA SANTANDER;SANTA TERESITA;ACTIVA;OFICIAL;MAÑANA;EDUCACIÓN BÁSICA PRIMARIA;VDA JIGUALES;-76.61169906;3.670901251;-76.61169906;3.670901251;;;SEDESUESVALLE;COORDENADA_ORIGINAL_SEDESUESVALLE;1;13;;;;;;COINCIDENCIA_NOMBRE_FUERTE_CON_POSIBLE_EMPATE;0.93;PREVENTIVO;Medio;SIN_BRECHAS;NO;ALTA;36.76;MEDIA;Mantener seguimiento preventivo dentro de la programación regular.;2.34;BAJA
76;276377000396;LA CUMBRE;I.E. LA LIBERTAD SEDE JOSE JOAQUIN JARAMILLO;RURAL;VEREDA EL RETIRO;JOSE JOAQUIN JARAMILLO;3188543568/3168670217;11;11;8;0;ESCUELAS_IRCAS;DATO_PRINCIPAL_ESCUELAS_IRCAS;NO;SI;ASORETIRO;RIESGO ALTO;ALTO;3670;N.A;QUEBRADA;222;FAVORABLE CON REQUERIMIENTOS;2025-04-16;COD_DANE_UNICO;CRUCE_OK;GEORREFERENCIADA;;521;INSTITUCION EDUCATIVA LA LIBERTAD;JOSE JOAQUIN JARAMILLO;ACTIVA;OFICIAL;UNICA;EDUCACIÓN BÁSICA PRIMARIA;VDA EL RETIRO;-76.5903434;3.600945097;-76.5903434;3.600945097;;;SEDESUESVALLE;COORDENADA_ORIGINAL_SEDESUESVALLE;1;8;;;;;;COINCIDENCIA_NOMBRE_FUERTE_CON_POSIBLE_EMPATE;0.93;PRIORITARIO;Alto e inviable;SIN_BRECHAS;NO;ALTA;55.79;ALTA;Programar seguimiento operativo y verificar condiciones del sistema abastecedor.;3.4;BAJA
77;176377000014;LA CUMBRE;I.E. SAN PIO X SEDE SIMON BOLIVAR;RURAL;VEREDA LA VENTURA - VIA BITACO;SIMON BOLIVAR;3216467219;130;130;130;0;ESCUELAS_IRCAS;DATO_PRINCIPAL_ESCUELAS_IRCAS;NO;SI;LA VENTURA;SIN RIESGO;SIN RIESGO;12526;N.A;QUEBRADA;240;FAVORABLE CON REQUERIMIENTOS;2025-11-14;COD_DANE_UNICO;CRUCE_OK;GEORREFERENCIADA;;522;INSTITUCION EDUCATIVA SIMON BOLIVAR;SIMON BOLIVAR;ACTIVA;OFICIAL;MAÑANA;EDUCACIÓN MEDIA;KR 1 3 14;-76.5898990517;3.6943031059;-76.5898990517;3.6943031059;;;SEDESUESVALLE;COORDENADA_ORIGINAL_SEDESUESVALLE;1;130;;;;;;COINCIDENCIA_NOMBRE_FUERTE_CON_POSIBLE_EMPATE;0.93;RUTINARIO;Sin riesgo y bajo;SIN_BRECHAS;NO;ALTA;21.03;BAJA;Mantener seguimiento rutinario con control territorial rural.;0.0;BAJA
78;276377000329;LA CUMBRE;I.E. LA LIBERTAD SEDE JOSE ANTONIO GALAN;RURAL;VEREDA ZARAGOZA;JOSE ANTONIO GALAN;3168670217;4;4;5;0;ESCUELAS_IRCAS;DATO_PRINCIPAL_ESCUELAS_IRCAS;NO;SI;ASOCIACION DE SUSCRIPTORES DEL ACUEDUCTO DE LA VEREDA DE ZARAGOZA, CORREGIMIENTO DE BITACO, MUNICIPIO DE LA CUMBRE;SIN RIESGO;SIN RIESGO;42879;N.A;QUEBRADA;1789;FAVORABLE CON REQUERIMIENTOS;2025-04-16;COD_DANE_UNICO;CRUCE_OK;GEORREFERENCIADA;;525;INSTITUCION EDUCATIVA LA LIBERTAD;JOSE ANTONIO GALAN;ACTIVA;OFICIAL;UNICA;EDUCACIÓN BÁSICA PRIMARIA;VDA ZARAGOZA;-76.60848679;3.584407843;-76.60848679;3.584407843;;;SEDESUESVALLE;COORDENADA_ORIGINAL_SEDESUESVALLE;1;5;;;;;;COINCIDENCIA_NOMBRE_FUERTE_CON_POSIBLE_EMPATE;0.93;RUTINARIO;Sin riesgo y bajo;SIN_BRECHAS;NO;ALTA;12.17;BAJA;Mantener seguimiento rutinario con control territorial rural.;0.0;BAJA
79;276377000167;LA CUMBRE;I.E. LA LIBERTAD SEDE CRISTO REY;RURAL;VIA VEREDA SANTA FE - LA VENTURA;CRISTO REY;3138543568;7;7;10;0;ESCUELAS_IRCAS;DATO_PRINCIPAL_ESCUELAS_IRCAS;NO;SI;ACUEDUCTO SANTA FÉ;SIN RIESGO;SIN RIESGO;1378;N.A;QUEBRADA;53;FAVORABLE CON REQUERIMIENTOS;2025-12-05;COD_DANE_UNICO;CRUCE_OK;GEORREFERENCIADA;;527;INSTITUCION EDUCATIVA LA LIBERTAD;CRISTO REY;ACTIVA;OFICIAL;UNICA;EDUCACIÓN BÁSICA PRIMARIA;VDA SANTA FE;-76.58243169;3.616114161;-76.58243169;3.616114161;;;SEDESUESVALLE;COORDENADA_ORIGINAL_SEDESUESVALLE;1;10;;;;;;COINCIDENCIA_NOMBRE_FUERTE_CON_POSIBLE_EMPATE;0.93;RUTINARIO;Sin riesgo y bajo;SIN_BRECHAS;NO;ALTA;13.44;BAJA;Mantener seguimiento rutinario con control territorial rural.;0.0;BAJA
80;276377000248;LA CUMBRE;I.E. MARIA AUXILIADORA SEDE HELIODORO AGUADO;RURAL;VEREDA LA GUAIRA;HELIODORO AGUADO;3153106870/3155743181;6;6;8;0;ESCUELAS_IRCAS;DATO_PRINCIPAL_ESCUELAS_IRCAS;NO;SI;JUNTA ADMINISTRADORA ACUEDUCTO LA GUAIRA LA CUMBRE;SIN RIESGO;SIN RIESGO;17834;N.A;QUEBRADA;225;FAVORABLE CON REQUERIMIENTOS;2025-04-16;COD_DANE_UNICO;CRUCE_OK;GEORREFERENCIADA;;528;INSTITUCION EDUCATIVA MARÍA AUXILIADORA;HELIODORO AGUADO;ACTIVA;OFICIAL;ESPECIAL;EDUCACIÓN BÁSICA PRIMARIA;VDA DE LA GUAIRA;-76.63799211;3.667688978;-76.63799211;3.667688978;;;SEDESUESVALLE;COORDENADA_ORIGINAL_SEDESUESVALLE;1;8;;;;;;COINCIDENCIA_NOMBRE_FUERTE_CON_POSIBLE_EMPATE;0.93;RUTINARIO;Sin riesgo y bajo;SIN_BRECHAS;NO;ALTA;13.08;BAJA;Mantener seguimiento rutinario con control territorial rural.;0.0;BAJA
81;276377000353;LA CUMBRE;I.E. LA LIBERTAD SEDE CONCENTRACION DE DESARROLLO RURAL;RURAL;VIA CORREGIMIENTO BITACO - VEREDA EL RETIRO;CONCENTRACION DE DESARROLLO RURAL;3138543568;186;186;187;0;ESCUELAS_IRCAS;DATO_PRINCIPAL_ESCUELAS_IRCAS;NO;SI;ASORETIRO;RIESGO ALTO;ALTO;3670;N.A;QUEBRADA;222;FAVORABLE CON REQUERIMIENTOS;2025-04-16;COD_DANE_UNICO;CRUCE_OK;GEORREFERENCIADA;;530;INSTITUCION EDUCATIVA LA LIBERTAD;CONCENTRACION DE DESARROLLO RURAL;ACTIVA;OFICIAL;UNICA;EDUCACIÓN MEDIA;VDA EL RETIRO;-76.59712486;3.606239398;-76.59712486;3.606239398;;;SEDESUESVALLE;COORDENADA_ORIGINAL_SEDESUESVALLE;1;187;;;;;;COINCIDENCIA_NOMBRE_FUERTE_CON_POSIBLE_EMPATE;0.932;PRIORITARIO;Alto e inviable;SIN_BRECHAS;NO;ALTA;63.25;ALTA;Programar seguimiento operativo y verificar condiciones del sistema abastecedor.;7.16;ALTA
82;;FLORIDA;HOGAR ICBF REY LEON;RURAL;EL LLANITO;REY LEON;3136395388;0;0;0;0;SIN_FUENTE;SIN_DATO_MATRICULA;SI;SI;ACUALLANITO;SIN RIESGO;SIN RIESGO;1633;ACUEDUCTO RURAL;QUEBRADA ADAM Y PAZ DE LAS CAÑAS;19/30;DESFAVORABLE;2025-12-09;SIN_COINCIDENCIA;PENDIENTE;SIN_COORDENADAS;;;;;;;;;;;;;;;;SIN_COORDENADA;SIN_COORDENADA;0;0;;;;;;SIN_COINCIDENCIA_FUERTE;0.45;RUTINARIO;Sin riesgo y bajo;"SIN_MATRICULA_VALIDADA; SIN_COORDENADA; CRUCE_PENDIENTE";SI;BAJA;16.4;BAJA;Priorizar georreferenciación de la sede educativa.;0.0;BAJA
83;;FLORIDA;HOGAR INFANTIL LAS ABEJITAS;RURAL;CARRERA 19 # 10  - 96;LAS ABEJITAS;3114228847;0;0;0;0;SIN_FUENTE;SIN_DATO_MATRICULA;SI;SI;ACUALLANITO;SIN RIESGO;SIN RIESGO;1633;ACUEDUCTO RURAL;QUEBRADA ADAM Y PAZ DE LAS CAÑAS;20/30;DESFAVORABLE;2025-12-09;SIN_COINCIDENCIA;PENDIENTE;SIN_COORDENADAS;;;;;;;;;;;;;;;;SIN_COORDENADA;SIN_COORDENADA;0;0;;;;;;SIN_COINCIDENCIA_FUERTE;0.571;RUTINARIO;Sin riesgo y bajo;"SIN_MATRICULA_VALIDADA; SIN_COORDENADA; CRUCE_PENDIENTE";SI;BAJA;16.4;BAJA;Priorizar georreferenciación de la sede educativa.;0.0;BAJA
84;276275000871;FLORIDA;I.E. JOSE MARIA CORDOBA SEDE SATELITE LAS AMERICAS;RURAL;CORREGIMIENTO EL LLANITO;SATELITE LAS AMERICAS;3103656616;83;83;35;0;ESCUELAS_IRCAS;DATO_PRINCIPAL_ESCUELAS_IRCAS;NO;SI;ACUALLANITO;SIN RIESGO;SIN RIESGO;1633;ACUEDUCTO RURAL - FILTRO EKOFIL;QUEBRADA ADAM Y PAZ DE LAS CAÑAS;17,5/30;DESFAVORABLE;2025-12-09;COD_DANE_UNICO;CRUCE_OK;GEORREFERENCIADA;;414;INSTITUCION EDUCATIVA JOSE MARIA CORDOBA;SATELITE LAS AMERICAS;ACTIVA;OFICIAL;UNICA;EDUCACIÓN MEDIA;IP SAN FCO;-76.2236045;3.283975566;-76.2236045;3.283975566;;;SEDESUESVALLE;COORDENADA_ORIGINAL_SEDESUESVALLE;1;35;;;;;;COINCIDENCIA_NOMBRE_FUERTE_CON_POSIBLE_EMPATE;0.93;RUTINARIO;Sin riesgo y bajo;SIN_BRECHAS;NO;ALTA;24.03;BAJA;Mantener seguimiento rutinario con control territorial rural.;0.0;BAJA
85;276275000154;FLORIDA;I.E. JOSE MARIA CORDOBA SEDE JOSE MARIA CORDOBA;RURAL;VEREDA EL LLANITO;JOSE MARIA CORDOBA;3218908660;75;75;39;85;ESCUELAS_IRCAS;DATO_PRINCIPAL_ESCUELAS_IRCAS;NO;SI;ACUALLANITO;SIN RIESGO;SIN RIESGO;1633;ACUEDUCTO RURAL - FILTRO LIFE STRAW;QUEBRADA ADAM Y PAZ DE LAS CAÑAS;17,5/30;DESFAVORABLE;2025-12-09;COD_DANE_UNICO;CRUCE_OK;GEORREFERENCIADA;;412;INSTITUCION EDUCATIVA JOSE MARIA CORDOBA;JOSE MARIA CORDOBA;ACTIVA;OFICIAL;NOCTURNA, UNICA;EDUCACIÓN MEDIA, CLEI;CORREG SAN FRANCISCO;-76.22445012;3.287007844;-76.22445012;3.287007844;-76.22;3.29;SEDESUESVALLE;COORDENADA_ORIGINAL_SEDESUESVALLE;1;39;2.019;IE JOSE MARIA CORDOBA;JOSE MARIA CORDOBA;RURAL;SAN FRANCISCO EL LLANITO;COINCIDENCIA_NOMBRE_FUERTE;0.93;RUTINARIO;Sin riesgo y bajo;SIN_BRECHAS;NO;ALTA;23.76;BAJA;Mantener seguimiento rutinario con control territorial rural.;0.0;BAJA
86;276736000674;SEVILLA;I.E MARIA AUXILIADORA SEDE JOSE MARIA CARBONEL;RURAL;VEREDA LAS BRISAS;JOSE MARIA CARBONEL;3152679925;14;14;10;0;ESCUELAS_IRCAS;DATO_PRINCIPAL_ESCUELAS_IRCAS;NO;SI;"ASOCIACION DE USUARIOS DEL ACUEDUCTO DE LAS VEREDAS LAS BRISAS BAJO SAN MARCOS Y LA MILONGA ""ASUABRISAS""";RIESGO MEDIO;MEDIO;3277;;QUEBRADA AGUA BONITA Y BELLAVISTA;22.5;FAVORABLE CON REQUERIMIENTOS;2025-07-22;COD_DANE_UNICO;CRUCE_OK;GEORREFERENCIADA;;798;INSTITUCION EDUCATIVA MARIA AUXILIADORA.;JOSE MARIA CARBONEL;ACTIVA;OFICIAL;UNICA;EDUCACIÓN MEDIA;CORREG LAS BRISAS;-75.90800629;4.244777232;-75.90800629;4.244777232;;;SEDESUESVALLE;COORDENADA_ORIGINAL_SEDESUESVALLE;1;10;;;;;;COINCIDENCIA_NOMBRE_FUERTE_CON_POSIBLE_EMPATE;0.93;PREVENTIVO;Medio;SIN_BRECHAS;NO;ALTA;37.15;MEDIA;Mantener seguimiento preventivo dentro de la programación regular.;2.47;BAJA
87;276243000390;EL AGUILA;I.E SANTA MARTA SEDE SAN LUIS BELTRAN;RURAL;VEREDA LLANO GRANDE;SAN LUIS BELTRAN;3126818139;9;9;16;18;ESCUELAS_IRCAS;DATO_PRINCIPAL_ESCUELAS_IRCAS;NO;SI;EMPRESA COMUNAL SOLIDARIA SANTA CLARA DE LOS ACUEDUCTOS 1 Y 2 LLANOGRANDE 1;RIESGO ALTO;ALTO;3498;FILTRO  LIFESTRAW;QUEBRADA AGUA CLARA;24/30;FAVORABLE CON REQUERIMIENTOS;2026-03-11;COD_DANE_UNICO;CRUCE_OK;GEORREFERENCIADA;;313;INSTITUCION EDUCATIVA SANTA MARTA;SAN LUIS BELTRAN;ACTIVA;OFICIAL;MAÑANA;EDUCACIÓN BÁSICA PRIMARIA;VDA LLANO GRANDE;-76.05559052;4.90698606;-76.05559052;4.90698606;-76.06;4.91;SEDESUESVALLE;COORDENADA_ORIGINAL_SEDESUESVALLE;1;16;2.019;IE SANTA MARTA;SAN LUIS BELTRAN;RURAL;VDA LLANO GRANDE;COINCIDENCIA_NOMBRE_FUERTE;0.93;PRIORITARIO;Alto e inviable;SIN_BRECHAS;NO;ALTA;55.3;ALTA;Programar seguimiento operativo y verificar condiciones del sistema abastecedor.;3.15;BAJA
88;276400000218;LA UNION;I.E QUEBRADAGRANDE SEDE LUIS ALFONSO VINASCO;RURAL;VEREDA LA AGUADA BAJA;LUIS ALFONSO VINASCO;3135755818;6;6;6;6;ESCUELAS_IRCAS;DATO_PRINCIPAL_ESCUELAS_IRCAS;NO;SI;ASOCIACIÓN DE USUARIOS DEL  ACUEDUCTO VEREDAL LA AGUADA BAJA;RIESGO ALTO;ALTO;2898;FILTRO EKOFIL;QUEBRADA AGUADITAS - QUEBRADA VERACRUZ;28.5/30;FAVORABLE;2026-02-25;COD_DANE_UNICO;CRUCE_OK;GEORREFERENCIADA;;546;INSTITUCION EDUCATIVA QUEBRADAGRANDE;LUIS ALFONSO VINASCO;ACTIVA;OFICIAL;MAÑANA;EDUCACIÓN BÁSICA PRIMARIA;CORREG LA AGUADA;-76.10828294;4.565814661;-76.10828294;4.565814661;-76.11;4.57;SEDESUESVALLE;COORDENADA_ORIGINAL_SEDESUESVALLE;1;6;2.019;I.E. QUEBRADAGRANDE;LUIS ALFONSO VINASCO;RURAL;VDA LA AGUADA;COINCIDENCIA_NOMBRE_FUERTE;0.93;PRIORITARIO;Alto e inviable;SIN_BRECHAS;NO;ALTA;50.73;MEDIA;Programar seguimiento operativo y verificar condiciones del sistema abastecedor.;2.54;BAJA
89;276246000447;EL CAIRO;I.E GILBERTO ALZATE SEDE RUFINO JOSE CUERVO;RURAL;CORREGIMIENTO SALMELIA;RUFINO JOSE CUERVO;3104217396;17;17;17;24;ESCUELAS_IRCAS;DATO_PRINCIPAL_ESCUELAS_IRCAS;NO;SI;ACUEDUCTO RURAL CORREGIMIENTO LA SALMELIA;INVIABLE SANITARIAMENTE;INVIABLE SANITARIAMENTE;2203;ACUEDUCTO RURAL;QUEBRADA AGUAS LINDAS - QUEBRADA SALMELIA;24.5/30;FAVORABLE CON REQUERIMIENTOS;2025-08-05;COD_DANE_UNICO;CRUCE_OK;GEORREFERENCIADA;;331;INSTITUCION EDUCATIVA  GILBERTO ALZATE AVENDAÑO;RUFINO JOSE CUERVO;ACTIVA;OFICIAL;MAÑANA;EDUCACIÓN BÁSICA PRIMARIA;CORREG SALMELIA;-76.16746022;4.73986785;-76.16746022;4.73986785;-76.17;4.74;SEDESUESVALLE;COORDENADA_ORIGINAL_SEDESUESVALLE;1;17;2.019;IE GILBERTO ALZATE AVENDAÑO;RUFINO JOSE CUERVO;RURAL;VDA SALMELIA;COINCIDENCIA_NOMBRE_FUERTE;0.93;PRIORITARIO;Alto e inviable;SIN_BRECHAS;NO;ALTA;70.65;ALTA;Priorizar revisión técnica, validación en campo y articulación con sector educativo.;5.27;MEDIA
90;276100000160;BOLIVAR;ESCUELA SAN JUAN BAUTISTA N. 24;RURAL;VDA LA ALDANA - CGTO PRIMAVERA;;3238023916;5;5;4;9;ESCUELAS_IRCAS;DATO_PRINCIPAL_ESCUELAS_IRCAS;NO;SI;ASOCIACION DE USUARIOS DEL ACUEDUCTO RURAL DE LAS VEREDAS EL BOSQUE LA ALDANA;INVIABLE SANITARIAMENTE;INVIABLE SANITARIAMENTE;1118;ACUEDUCTO RURAL;QUEBRADA AGUCATAL;24.0;FAVORABLE CON REQUERIMIENTOS;2025-06-20;COD_DANE_UNICO;CRUCE_OK;GEORREFERENCIADA;;118;INSTITUCION EDUCATIVA PRIMAVERA;SAN JUAN BAUTISTA;ACTIVA;OFICIAL;MAÑANA;EDUCACIÓN BÁSICA PRIMARIA;VDA LA ALDANA;-76.24651385;4.363733768;-76.24651385;4.363733768;-76.25;4.36;SEDESUESVALLE;COORDENADA_ORIGINAL_SEDESUESVALLE;1;4;2.019;IE PRIMAVERA;SAN JUAN BAUTISTA;RURAL;VDA LA ALDANA;COINCIDENCIA_NOMBRE_FUERTE;0.93;PRIORITARIO;Alto e inviable;SIN_BRECHAS;NO;ALTA;67.66;ALTA;Priorizar revisión técnica, validación en campo y articulación con sector educativo.;3.27;BAJA
91;276233001053;DAGUA;I.E. MIGUEL ANTONIO CARO SEDE PAULO VI;RURAL;LA ESMERALDA;PAULO VI;3116341511;3;3;3;0;ESCUELAS_IRCAS;DATO_PRINCIPAL_ESCUELAS_IRCAS;NO;SI;JUNTA DE ACCIÓN COMUNAL LA ESMERALDA;RIESGO ALTO;ALTO;344;ACUEDUCTO RURAL LA ESMERALDA;QUEBRADA ALFA;24/30;DESFAVORABLE;2026-01-28;COD_DANE_UNICO;CRUCE_OK;GEORREFERENCIADA;;261;INSTITUCION EDUCATIVA MIGUEL ANTONIO CARO;PABLO VI;ACTIVA;OFICIAL;COMPLETA;EDUCACIÓN BÁSICA PRIMARIA;VDA LA ESMERALDA;-76.71705216;3.65152232;-76.71705216;3.65152232;;;SEDESUESVALLE;COORDENADA_ORIGINAL_SEDESUESVALLE;1;3;;;;;;COINCIDENCIA_NOMBRE_FUERTE_CON_POSIBLE_EMPATE;0.93;PRIORITARIO;Alto e inviable;SIN_BRECHAS;NO;ALTA;57.01;ALTA;Programar seguimiento operativo y verificar condiciones del sistema abastecedor.;2.17;BAJA
92;276041000517;ANSERMANUEVO;I.E JORGE ISAAC SEDE JOSE ACEVEDO Y GOMEZ;RURAL;VEREDA EL CASTILLO;JOSE ACEVEDO Y GOMEZ;3116318068;4;4;4;11;ESCUELAS_IRCAS;DATO_PRINCIPAL_ESCUELAS_IRCAS;NO;SI;ACUEDUCTO EL CASTILLO;RIESGO ALTO;ALTO;3460;ACUEDUCTO RURAL;QUEBRADA ALTAMIRA;21/30;FAVORABLE CON REQUERIMIENTOS;2025-08-27;COD_DANE_UNICO;CRUCE_OK;GEORREFERENCIADA;;59;INSTITUCION EDUCATIVA JORGE ISAACS;JOSE ACEVEDO Y GOMEZ;ACTIVA;OFICIAL;ESPECIAL;EDUCACIÓN BÁSICA PRIMARIA;VDA EL CASTILLO;-76.11412596;4.786813251;-76.11412596;4.786813251;-76.11;4.79;SEDESUESVALLE;COORDENADA_ORIGINAL_SEDESUESVALLE;1;4;2.019;IE JORGE ISAACS;JOSE ACEVEDO Y GOMEZ;RURAL;VDA. EL CASTILLO;COINCIDENCIA_NOMBRE_FUERTE;0.935;PRIORITARIO;Alto e inviable;SIN_BRECHAS;NO;ALTA;53.42;MEDIA;Programar seguimiento operativo y verificar condiciones del sistema abastecedor.;2.2;BAJA
93;276606000109;RESTREPO;I.E. JOSE FELIX RESTREPO SEDE POLICARPA SALAVARRIETA;RURAL;VDA AGUA MONA;POLICARPA SALAVARRIETA;3168391790;6;0;6;10;SEDESUESVALLE;COMPLEMENTADA_CON_SEDESUESVALLE;NO;SI;ASOCIACIÓN DE USUARIOS VEREDA AGUAMONA;INVIABLE SANITARIAMENTE;INVIABLE SANITARIAMENTE;502;ACUEDUCTO RURAL;QUEBRADA ALTO CIELO;25;FAVORABLE CON REQUERIMIENTOS;2026-02-06;COD_DANE_UNICO;CRUCE_OK;GEORREFERENCIADA;;631;INSTITUCION EDUCATIVA JOSE FELIX RESTREPO;POLICARPA SALAVARRIETA;ACTIVA;OFICIAL;MAÑANA;EDUCACIÓN BÁSICA PRIMARIA;VDA AGUAMONA;-76.51505554;3.851587167;-76.51505554;3.851587167;-76.52;3.85;SEDESUESVALLE;COORDENADA_ORIGINAL_SEDESUESVALLE;1;6;2.019;IE JOSE FELIX RESTREPO;POLICARPA SALAVARRIETA;RURAL;VEREDA AGUAMONA;COINCIDENCIA_NOMBRE_FUERTE;0.93;PRIORITARIO;Alto e inviable;SIN_BRECHAS;NO;ALTA;68.08;ALTA;Priorizar revisión técnica, validación en campo y articulación con sector educativo.;3.55;BAJA
94;276233000553;DAGUA;I.E. SANTA TERESITA DEL NIÑO JESUS SEDE NUESTRA SEÑORA DE FATIMA;RURAL;VEREDA LA CLORINDA;NUESTRA SEÑORA DE FATIMA;3153106870;56;56;0;0;ESCUELAS_IRCAS;DATO_PRINCIPAL_ESCUELAS_IRCAS;NO;SI;ASOCIACION DE USUARIOS ACUEDUCTO VEREDA LA CLORINDA;SIN RIESGO;SIN RIESGO;3417;ACUEDUCTO RURAL LA CLORINDA;QUEBRADA AURES;20/30;FAVORABLE CON REQUERIMIENTOS;2026-05-16;MUNICIPIO+NOMBRE_EXACTO;CRUCE_RECUPERADO;SIN_COORDENADAS;;242;;;;;;;;;;;;;;SIN_COORDENADA;SIN_COORDENADA;0;0;;;;;;COINCIDENCIA_NOMBRE_FUERTE_CON_POSIBLE_EMPATE;0.942;RUTINARIO;Sin riesgo y bajo;SIN_COORDENADA;SI;MEDIA;20.77;BAJA;Priorizar georreferenciación de la sede educativa.;0.0;BAJA
95;276616000352;RIOFRIO;ESCUELA N. 11 POLICARPA SALAVARRIETA;RURAL;VDA CALABAZAS;;;10;10;7;13;ESCUELAS_IRCAS;DATO_PRINCIPAL_ESCUELAS_IRCAS;NO;SI;ASOCIACION DE USUARIOS DEL ACUEDUCTO DE LA VEREDA DE CALABAZAS;RIESGO ALTO;ALTO;181;ACUEDUTO RURAL;QUEBRADA BELLA VISTA;11.0;FAVORABLE CON REQUERIMIENTOS;2025-03-25;COD_DANE_UNICO;CRUCE_OK;GEORREFERENCIADA;;666;INSTITUCION EDUCATIVA ALFREDO GARRIDO TOVAR;POLICARPA SALAVARRIETA;ACTIVA;OFICIAL;UNICA;EDUCACIÓN BÁSICA PRIMARIA;VDA CALABAZAS;-76.38312252;4.04068254;-76.38312252;4.04068254;-76.38;4.04;SEDESUESVALLE;COORDENADA_ORIGINAL_SEDESUESVALLE;1;7;2.019;IE ALFREDO GARRIDO TOVAR;POLICARPA SALAVARRIETA;RURAL;VDA CALABAZAS;COINCIDENCIA_NOMBRE_FUERTE;0.93;PRIORITARIO;Alto e inviable;SIN_BRECHAS;NO;ALTA;55.56;ALTA;Programar seguimiento operativo y verificar condiciones del sistema abastecedor.;3.28;BAJA
96;276616000280;RIOFRIO;CENTRO EDUCATIVO CENT DOC SANTAFE N.13;RURAL;VDA COROZAL;;3117197157;45;45;50;0;ESCUELAS_IRCAS;DATO_PRINCIPAL_ESCUELAS_IRCAS;NO;SI;ACUEDUCTO RURAL COROZAL;INVIABLE SANITARIAMENTE;INVIABLE SANITARIAMENTE;7303;ACUEDUTO RURAL;QUEBRADA BELLA VISTA;20.0;FAVORABLE CON REQUERIMIENTOS;2025-03-25;COD_DANE_UNICO;CRUCE_OK;GEORREFERENCIADA;;667;INSTITUCION EDUCATIVA ALFREDO GARRIDO TOVAR;SANTA FE;ACTIVA;OFICIAL;UNICA;EDUCACIÓN BÁSICA SECUNDARIA;VDA COROZAL;-76.354837;4.055318;-76.354837;4.055318;;;SEDESUESVALLE;COORDENADA_ORIGINAL_SEDESUESVALLE;1;50;;;;;;SIN_COINCIDENCIA_FUERTE;0.479;PRIORITARIO;Alto e inviable;SIN_BRECHAS;NO;ALTA;73.19;ALTA;Priorizar revisión técnica, validación en campo y articulación con sector educativo.;6.98;ALTA
97;;EL DOVIO;I.E ACERG ROSA SARATE DE PEÑA;RURAL;VEREDA LOS ZAINOS;I.E ACERG ROSA SARATE DE PEÑA;3174559579;6;6;0;7;ESCUELAS_IRCAS;DATO_PRINCIPAL_ESCUELAS_IRCAS;NO;SI;ACUEDUCTO RURAL LOS ZAINOS;SIN RIESGO;SIN RIESGO;1262;FILTRO EKOFIL;QUEBRADA BELLAVISTA;27/30;FAVORABLE CON REQUERIMIENTOS;2026-03-19;MUNICIPIO+NOMBRE_EXACTO;CRUCE_RECUPERADO;GEORREFERENCIADA;;406;;;;;;;;-76.19;4.53;;;-76.19;4.53;MEN_SEDES;COMPLEMENTADA_CON_MEN;0;0;2.019;IE ACERG;ROSA SARATE DE PEÑA;RURAL;VDA LOS ZAINOS;COINCIDENCIA_NOMBRE_FUERTE;0.982;RUTINARIO;Sin riesgo y bajo;SIN_BRECHAS;NO;ALTA;13.08;BAJA;Mantener seguimiento rutinario con control territorial rural.;0.0;BAJA
98;276250000061;EL DOVIO;IE JOSE MARIA FALLA SEDE ELVIRA PEÑA;RURAL;VEREDA LA ESPERANZA;ELVIRA PEÑA;3105281118;12;12;12;0;ESCUELAS_IRCAS;DATO_PRINCIPAL_ESCUELAS_IRCAS;NO;SI;ASOCIACION DE USUARIOS DEL ACUEDUCTO RURAL COMUNITARIO VEREDA LA ESPERANZA AGUAS DEL DANUBIO;RIESGO ALTO;ALTO;3577;ACUEDUCTO RURAL;QUEBRADA BERLIN - QUEBRADA EL DANUBIO;24/30;FAVORABLE CON REQUERIMIENTOS;2026-02-19;COD_DANE_UNICO;CRUCE_OK;GEORREFERENCIADA;;405;INSTITUCION EDUCATIVA JOSE MARIA FALLA;ELVIRA PEÑA;ACTIVA;OFICIAL;UNICA;EDUCACIÓN BÁSICA SECUNDARIA;VDA LA ESPERANZA;-76.25116138;4.487726292;-76.25116138;4.487726292;;;SEDESUESVALLE;COORDENADA_ORIGINAL_SEDESUESVALLE;1;12;;;;;;COINCIDENCIA_NOMBRE_FUERTE_CON_POSIBLE_EMPATE;0.98;PRIORITARIO;Alto e inviable;SIN_BRECHAS;NO;ALTA;56.01;ALTA;Programar seguimiento operativo y verificar condiciones del sistema abastecedor.;3.51;BAJA
99;276275000324;FLORIDA;I.E. JOSE MARIA CORDOBA SEDE MANUELA BELTRAN;RURAL;VEREDA EL LIBANO;MANUELA BELTRAN;3007421267;70;70;59;0;ESCUELAS_IRCAS;DATO_PRINCIPAL_ESCUELAS_IRCAS;NO;SI;ACUALIBANO;SIN RIESGO;SIN RIESGO;112;ACUEDUCTO RURAL;QUEBRADA BOLÍVAR;27/30;FAVORABLE CON REQUERIMIENTOS;2025-12-11;COD_DANE_UNICO;CRUCE_OK;GEORREFERENCIADA;;439;INSTITUCION EDUCATIVA JOSE MARIA CORDOBA;MANUELA BELTRAN;ACTIVA;OFICIAL;UNICA;EDUCACIÓN MEDIA;VDA EL LIBANO;-76.18882959;3.293004086;-76.18882959;3.293004086;;;SEDESUESVALLE;COORDENADA_ORIGINAL_SEDESUESVALLE;1;59;;;;;;COINCIDENCIA_NOMBRE_FUERTE_CON_POSIBLE_EMPATE;0.93;RUTINARIO;Sin riesgo y bajo;SIN_BRECHAS;NO;ALTA;19.37;BAJA;Mantener seguimiento rutinario con control territorial rural.;0.0;BAJA
100;276563000274;PRADERA;I.E. MARCO FIDEL SUAREZ SEDE JOSE CELESTINO MUTIS;RURAL;CORREGIMIENTO EL LIBANO;JOSE CELESTINO MUTIS;3153167007;8;8;4;0;ESCUELAS_IRCAS;DATO_PRINCIPAL_ESCUELAS_IRCAS;NO;SI;ACUALIBANO;SIN RIESGO;SIN RIESGO;112;ACUEDUCTO RURAL;QUEBRADA BOLÍVAR;15/30;FAVORABLE CON REQUERIMIENTOS;2025-12-11;COD_DANE_UNICO;CRUCE_OK;GEORREFERENCIADA;;621;INSTITUCION EDUCATIVA MARCO FIDEL SUAREZ;JOSE CESLESTINO MUTIS;ACTIVA;OFICIAL;MAÑANA;EDUCACIÓN BÁSICA PRIMARIA;IP EL LIBANO;-76.17291817;3.415545213;-76.17291817;3.415545213;;;SEDESUESVALLE;COORDENADA_ORIGINAL_SEDESUESVALLE;1;4;;;;;;COINCIDENCIA_NOMBRE_FUERTE_CON_POSIBLE_EMPATE;0.93;RUTINARIO;Sin riesgo y bajo;SIN_BRECHAS;NO;ALTA;13.76;BAJA;Mantener seguimiento rutinario con control territorial rural.;0.0;BAJA
101;276606000231;RESTREPO;I.E. TEODORO MUNERA HINCAPIE SEDE ANTONIO RICAURTE;RURAL;VEREDA ILAMA EL AGRADO;ANTONIO RICAURTE;3128173071;4;0;4;30;SEDESUESVALLE;COMPLEMENTADA_CON_SEDESUESVALLE;NO;SI;ASOCIACION DE USUARIOS DEL ACUEDUCTO AGUA DE DIOS VEREDA EL AGRADO;INVIABLE SANITARIAMENTE;INVIABLE SANITARIAMENTE;3034;ACUEDUCTO RURAL;QUEBRADA BOMBAY;24.5;FAVORABLE CON REQUERIMIENTOS;2025-10-22;COD_DANE_UNICO;CRUCE_OK;GEORREFERENCIADA;;636;INSTITUCION EDUCATIVA TEODORO MUNERA HINCAPIE;ANTONIO RICAURTE;ACTIVA;OFICIAL;MAÑANA;EDUCACIÓN MEDIA;CORREG ILAMA;-76.502383;3.809561;-76.502383;3.809561;-76.5;3.81;SEDESUESVALLE;COORDENADA_ORIGINAL_SEDESUESVALLE;1;4;2.019;I.E. TEODORO MUNERA HINCAPIE;ANTONIO RICAURTE;RURAL;VEREDA EL AGRADO;COINCIDENCIA_NOMBRE_FUERTE;0.98;PRIORITARIO;Alto e inviable;SIN_BRECHAS;NO;ALTA;67.17;ALTA;Priorizar revisión técnica, validación en campo y articulación con sector educativo.;2.94;BAJA
102;276020000193;ALCALA;I.E ARTURO GOMEZ JARAMILLO SEDE ATANASIO GIRARDOT;URBANO;VEREDA EL DINDE;ATANASIO GIRARDOT;3246138043;5;5;5;0;ESCUELAS_IRCAS;DATO_PRINCIPAL_ESCUELAS_IRCAS;NO;SI;COOPERATIVA MARAVELEZ ALCALA ESP - SISTEMA # 6;SIN RIESGO;SIN RIESGO;2563;ACUEDUCTO RURAL;QUEBRADA BUENA VISTA;19.5/30;FAVORABLE CON REQUERIMIENTOS;2026-01-26;COD_DANE_UNICO;CRUCE_OK;GEORREFERENCIADA;;11;INSTITUCION EDUCATIVA ARTURO GOMEZ JARAMILLO;ATANASIO GIRARDOT;ACTIVA;OFICIAL;UNICA;EDUCACIÓN BÁSICA PRIMARIA;VDA EL DINDE;-75.834594;4.704254;-75.834594;4.704254;;;SEDESUESVALLE;COORDENADA_ORIGINAL_SEDESUESVALLE;1;5;;;;;;COINCIDENCIA_NOMBRE_FUERTE_CON_POSIBLE_EMPATE;0.935;RUTINARIO;Sin riesgo y bajo;SIN_BRECHAS;NO;ALTA;12.66;BAJA;Mantener seguimiento rutinario.;0.0;BAJA
103;276823000231;TORO;I.E TECNICO AGROPECUARIO TORO SEDE CAICEDO Y CUERVO;RURAL;CORREGIMIENTO VENTAQUEMADA;CAICEDO Y CUERVO;6022210560;27;27;27;0;ESCUELAS_IRCAS;DATO_PRINCIPAL_ESCUELAS_IRCAS;NO;SI;ACUEDUCTO RURAL VENTA QUEMADA BUENA VISTA.;RIESGO ALTO;ALTO;2198;ACUEDUCTO RURAL;QUEBRADA BUENA VISTA;25.5/30;FAVORABLE CON REQUERIMIENTOS;2025-11-06;COD_DANE_UNICO;CRUCE_OK;GEORREFERENCIADA;;806;INSTITUCION EDUCATIVA  TECNICA AGROPECUARIA TORO;CAICEDO Y CUERO;ACTIVA;OFICIAL;MAÑANA;EDUCACIÓN BÁSICA SECUNDARIA;VDA VENTA QUEMADA;-76.08900479;4.688656832;-76.08900479;4.688656832;;;SEDESUESVALLE;COORDENADA_ORIGINAL_SEDESUESVALLE;1;27;;;;;;POSIBLE_COINCIDENCIA_REVISAR;0.884;PRIORITARIO;Alto e inviable;SIN_BRECHAS;NO;ALTA;58.09;ALTA;Programar seguimiento operativo y verificar condiciones del sistema abastecedor.;4.56;MEDIA
104;276845000196;ULLOA;I.E MARIA INMACULADA SEDE LASTENIA DURAN;RURAL;VEREDA BERLIN;LASTENIA DURAN;3207140608;11;11;11;0;ESCUELAS_IRCAS;DATO_PRINCIPAL_ESCUELAS_IRCAS;NO;SI;ADMINISTRACIÓN COOPERATIVA ULLOA E.S.P - SISTEMA #2 BERLÍN - MOCTEZUMA;RIESGO ALTO;ALTO;309;ACUEDUCTO RURAL FILTRACION EN LINEA;QUEBRADA BUENA VISTA;24/30;FAVORABLE CON REQUERIMIENTOS;2026-02-11;COD_DANE_UNICO;CRUCE_OK;GEORREFERENCIADA;;863;INSTITUCION EDUCATIVA MARIA INMACULADA;LASTENIA DURAN;ACTIVA;OFICIAL;ESPECIAL;EDUCACIÓN BÁSICA PRIMARIA;VDA BERLIN;-75.749559;4.700154;-75.749559;4.700154;;;SEDESUESVALLE;COORDENADA_ORIGINAL_SEDESUESVALLE;1;11;;;;;;COINCIDENCIA_NOMBRE_FUERTE_CON_POSIBLE_EMPATE;0.93;PRIORITARIO;Alto e inviable;SIN_BRECHAS;NO;ALTA;55.79;ALTA;Programar seguimiento operativo y verificar condiciones del sistema abastecedor.;3.4;BAJA
105;276845000048;ULLOA;I.E MARIA INMACULADA SEDE SANTA ELENA;RURAL;VEREDA LA PASTORA;SANTA ELENA;3127952467;8;8;8;0;ESCUELAS_IRCAS;DATO_PRINCIPAL_ESCUELAS_IRCAS;NO;SI;ADMINISTRACIÓN COOPERATIVA ULLOA E.S.P - SISTEMA #2 BERLÍN - MOCTEZUMA;RIESGO ALTO;ALTO;309;ACUEDUCTO RURAL FILTRACION EN LINEA;QUEBRADA BUENA VISTA;20/30;FAVORABLE CON REQUERIMIENTOS;2026-02-04;COD_DANE_UNICO;CRUCE_OK;GEORREFERENCIADA;;867;INSTITUCION EDUCATIVA MARIA INMACULADA;SANTA ELENA;ACTIVA;OFICIAL;ESPECIAL;EDUCACIÓN BÁSICA PRIMARIA;VDA LA PASTORA;-75.785736;4.710139;-75.785736;4.710139;;;SEDESUESVALLE;COORDENADA_ORIGINAL_SEDESUESVALLE;1;8;;;;;;COINCIDENCIA_NOMBRE_FUERTE_CON_POSIBLE_EMPATE;0.93;PRIORITARIO;Alto e inviable;SIN_BRECHAS;NO;ALTA;55.01;ALTA;Programar seguimiento operativo y verificar condiciones del sistema abastecedor.;3.01;BAJA
106;276845000170;ULLOA;I.E LA INMACULADA SEDE SANTA TERESA;RURAL;VEREDA VENECIA;SANTA TERESA;3126036913;6;6;6;10;ESCUELAS_IRCAS;DATO_PRINCIPAL_ESCUELAS_IRCAS;NO;SI;ADMINISTRACIÓN COOPERATIVA ULLOA E.S.P - SISTEMA #2 BERLÍN - MOCTEZUMA;RIESGO ALTO;ALTO;309;ACUEDUCTO RURAL FILTRACION EN LINEA;QUEBRADA BUENA VISTA;20/30;FAVORABLE CON REQUERIMIENTOS;2026-03-06;COD_DANE_UNICO;CRUCE_OK;GEORREFERENCIADA;;868;INSTITUCION EDUCATIVA MARIA INMACULADA;SANTA TERESA;ACTIVA;OFICIAL;ESPECIAL;EDUCACIÓN BÁSICA PRIMARIA;VDA VENECIA;-75.758817;4.691073;-75.758817;4.691073;-75.76;4.69;SEDESUESVALLE;COORDENADA_ORIGINAL_SEDESUESVALLE;1;6;2.019;IE MARIA INMACULADA;SANTA TERESA;RURAL;VDA. VENECIA;COINCIDENCIA_NOMBRE_FUERTE;0.93;PRIORITARIO;Alto e inviable;SIN_BRECHAS;NO;ALTA;54.33;MEDIA;Programar seguimiento operativo y verificar condiciones del sistema abastecedor.;2.66;BAJA
107;276845000129;ULLOA;I.E MARIA INMACULADA SEDE DOCE DE OCTUBRE;RURAL;VEREDA CALAMONTE;DOCE DE OCTUBRE;3165381589;7;7;7;0;ESCUELAS_IRCAS;DATO_PRINCIPAL_ESCUELAS_IRCAS;NO;SI;ADMINISTRACIÓN COOPERATIVA ULLOA E.S.P - SISTEMA #2 BERLÍN - MOCTEZUMA;RIESGO ALTO;ALTO;309;ACUEDUCTO RURAL FILTRACION EN LINEA;QUEBRADA BUENA VISTA;20/30;FAVORABLE CON REQUERIMIENTOS;2025-11-11;COD_DANE_UNICO;CRUCE_OK;GEORREFERENCIADA;;870;INSTITUCION EDUCATIVA MARIA INMACULADA;DOCE DE OCTUBRE;ACTIVA;OFICIAL;ESPECIAL;EDUCACIÓN BÁSICA PRIMARIA;VDA CALAMONTE;-75.820835;4.726557;-75.820835;4.726557;;;SEDESUESVALLE;COORDENADA_ORIGINAL_SEDESUESVALLE;1;7;;;;;;COINCIDENCIA_NOMBRE_FUERTE_CON_POSIBLE_EMPATE;0.93;PRIORITARIO;Alto e inviable;SIN_BRECHAS;NO;ALTA;54.69;MEDIA;Programar seguimiento operativo y verificar condiciones del sistema abastecedor.;2.84;BAJA
108;276845000102;ULLOA;I.E MARÍA INMACULADA SEDE MARIA INMACULADA;RURAL;CORREGIMIENTO MOCTEZUMA;MARIA INMACULADA;3127952467;190;190;190;225;ESCUELAS_IRCAS;DATO_PRINCIPAL_ESCUELAS_IRCAS;NO;SI;ADMINISTRACIÓN COOPERATIVA ULLOA E.S.P - SISTEMA #2 BERLÍN - MOCTEZUMA;RIESGO ALTO;ALTO;309;ACUEDUCTO RURAL FILTRACION EN LINEA;QUEBRADA BUENA VISTA;No Registra;SIN CONCEPTO;2026-03-26;COD_DANE_UNICO;CRUCE_OK;GEORREFERENCIADA;;862;INSTITUCION EDUCATIVA MARIA INMACULADA;MARIA INMACULADA;ACTIVA;OFICIAL;ESPECIAL;EDUCACIÓN MEDIA;CORREG MOCTEZUMA;-75.766928;4.711766;-75.766928;4.711766;-75.77;4.71;SEDESUESVALLE;COORDENADA_ORIGINAL_SEDESUESVALLE;1;190;2.019;IE MARIA INMACULADA;MARIA INMACULADA;RURAL;CORREG MOCTEZUMA CALLE PRINCIPAL;COINCIDENCIA_NOMBRE_FUERTE;0.93;PRIORITARIO;Alto e inviable;SIN_BRECHAS;NO;ALTA;59.71;ALTA;Programar seguimiento operativo y verificar condiciones del sistema abastecedor.;6.84;ALTA
109;276020000045;ALCALA;I.E ARTURO GOMEZ JARAMILLO SEDE FRANCISCO DE PAULA SANTANDER;RURAL;VEREDA EL HIGUERON;FRANCISCO DE PAULA SANTANDER;3165394187;14;14;14;0;ESCUELAS_IRCAS;DATO_PRINCIPAL_ESCUELAS_IRCAS;NO;SI;COOPERATIVA MARAVELEZ ALCALA ESP - SISTEMA # 5;RIESGO ALTO;ALTO;2564;ACUEDUCTO RURAL;QUEBRADA BUENA VISTA - QUEBRADA EL TEJAR;20/30;FAVORABLE CON REQUERIMIENTOS;2026-01-28;COD_DANE_UNICO;CRUCE_OK;GEORREFERENCIADA;;3;INSTITUCION EDUCATIVA ARTURO GOMEZ JARAMILLO;FRANCISCO DE PAULA SANTANDER;ACTIVA;OFICIAL;UNICA;EDUCACIÓN BÁSICA PRIMARIA;VDA EL HIGUERON;-75.804581;4.681196;-75.804581;4.681196;;;SEDESUESVALLE;COORDENADA_ORIGINAL_SEDESUESVALLE;1;14;;;;;;COINCIDENCIA_NOMBRE_FUERTE_CON_POSIBLE_EMPATE;0.947;PRIORITARIO;Alto e inviable;SIN_BRECHAS;NO;ALTA;56.4;ALTA;Programar seguimiento operativo y verificar condiciones del sistema abastecedor.;3.7;BAJA
110;276020000118;ALCALA;I.E ARTURO GOMEZ JARAMILLO SEDE CRISTOBAL COLON;URBANO;VEREDA LA ESTRELLA;CRISTOBAL COLON;3165394187;12;12;12;0;ESCUELAS_IRCAS;DATO_PRINCIPAL_ESCUELAS_IRCAS;NO;SI;COOPERATIVA MARAVELEZ ALCALA ESP - SISTEMA # 5;MEDIO;MEDIO;2564;ACUEDUCTO RURAL;QUEBRADA BUENA VISTA - QUEBRADA EL TEJAR;20/30;FAVORABLE CON REQUERIMIENTOS;2025-11-27;COD_DANE_UNICO;CRUCE_OK;GEORREFERENCIADA;;8;INSTITUCION EDUCATIVA ARTURO GOMEZ JARAMILLO;CRISTOBAL COLON;ACTIVA;OFICIAL;UNICA;EDUCACIÓN BÁSICA PRIMARIA;IP LA ESTRELLA;-75.81862;4.68803;-75.81862;4.68803;;;SEDESUESVALLE;COORDENADA_ORIGINAL_SEDESUESVALLE;1;12;;;;;;COINCIDENCIA_NOMBRE_FUERTE_CON_POSIBLE_EMPATE;0.932;PREVENTIVO;Medio;SIN_BRECHAS;NO;ALTA;36.76;MEDIA;Mantener seguimiento preventivo dentro de la programación regular.;2.34;BAJA
111;276606000451;VIJES;I.E. 20 DE JULIO SEDE GUILLERMO VALENCIA;RURAL;VIA VEREDA ROMERITO - CORREGIMIENTO EL TAMBOR;GUILLERMO VALENCIA;3127776879;11;11;11;0;ESCUELAS_IRCAS;DATO_PRINCIPAL_ESCUELAS_IRCAS;NO;SI;JUNTA ADMINISTRADORA COMUNITARIA ACUEDUCTO MOZAMBIQUE JACA NO. 17;INVIABLE SANITARIAMENTE;INVIABLE SANITARIAMENTE;8947;FILTRO EKOFIL;QUEBRADA CAIMITAL;69.76;DESFAVORABLE;2026-03-12;COD_DANE_UNICO;CRUCE_OK;GEORREFERENCIADA;;909;INSTITUCION EDUCATIVA JORGE ROBLEDO;GUILERMO VALENCIA;ACTIVA;OFICIAL;COMPLETA;EDUCACIÓN BÁSICA SECUNDARIA;CORREG MOZAMBIQUE;-76.4421439469;3.69529139697;-76.4421439469;3.69529139697;;;SEDESUESVALLE;COORDENADA_ORIGINAL_SEDESUESVALLE;1;11;;;;;;SIN_COINCIDENCIA_FUERTE;0.789;PRIORITARIO;Alto e inviable;SIN_BRECHAS;NO;ALTA;73.74;ALTA;Priorizar revisión técnica, validación en campo y articulación con sector educativo.;5.18;MEDIA
112;276869000294;VIJES;I.E. ANTONIO JOSE DE SUCRE SEDE VICTOR HUMBERTO BARRERA;RURAL;VIA CORREGIMIENTO EL TAMBOR - PORVENIR;VICTOR HUMBERTO BARRERA;3113011644;4;4;10;0;ESCUELAS_IRCAS;DATO_PRINCIPAL_ESCUELAS_IRCAS;NO;SI;JUNTA ADMINISTRADORA COMUNITARIA DEL ACUEDUCTO DEL CORREGIMIENTO EL PORVENIR JACA NO. 16;INVIABLE SANITARIAMENTE;INVIABLE SANITARIAMENTE;1482;FILTRO EKOFIL;QUEBRADA CALABAZAS;74.64;DESFAVORABLE;2026-03-06;COD_DANE_UNICO;CRUCE_OK;GEORREFERENCIADA;;906;INSTITUCION EDUCATIVA  ANTONIO JOSE DE SUCRE;VICTOR HUMBERTO BARRERA;ACTIVA;OFICIAL;UNICA;EDUCACIÓN BÁSICA SECUNDARIA;VDA EL TRILLO;-76.460665;3.80222;-76.460665;3.80222;;;SEDESUESVALLE;COORDENADA_ORIGINAL_SEDESUESVALLE;1;10;;;;;;COINCIDENCIA_NOMBRE_FUERTE_CON_POSIBLE_EMPATE;0.932;PRIORITARIO;Alto e inviable;SIN_BRECHAS;NO;ALTA;71.37;ALTA;Priorizar revisión técnica, validación en campo y articulación con sector educativo.;3.36;BAJA
113;276869000201;VIJES;I.E. ANTONIO JOSE DE SUCRE SEDE MARIANO OSPINA PEREZ;RURAL;VIA CORREGIMIENTO EL PORVENIR - EL TAMBOR;MARIANO OSPINA PEREZ;3105450558;23;23;30;0;ESCUELAS_IRCAS;DATO_PRINCIPAL_ESCUELAS_IRCAS;NO;SI;JUNTA ADMINISTRADORA COMUNITARIA DEL ACUEDUCTO DEL CORREGIMIENTO EL PORVENIR JACA NO. 16;INVIABLE SANITARIAMENTE;INVIABLE SANITARIAMENTE;1482;FILTRO EKOFIL;QUEBRADA CALABAZAS;74.64;DESFAVORABLE;2026-03-06;COD_DANE_UNICO;CRUCE_OK;GEORREFERENCIADA;;911;INSTITUCION EDUCATIVA  ANTONIO JOSE DE SUCRE;MARIANO OSPINA PEREZ;ACTIVA;OFICIAL;UNICA;EDUCACIÓN MEDIA;CORREG EL PORVENIR;-76.482774;3.701368;-76.482774;3.701368;;;SEDESUESVALLE;COORDENADA_ORIGINAL_SEDESUESVALLE;1;30;;;;;;COINCIDENCIA_NOMBRE_FUERTE_CON_POSIBLE_EMPATE;0.93;PRIORITARIO;Alto e inviable;SIN_BRECHAS;NO;ALTA;75.63;MUY ALTA;Priorizar revisión técnica, validación en campo y articulación con sector educativo.;6.63;ALTA
114;276606000435;RESTREPO;I.E. TEODORO MUNERA HINCAPIE SEDE ISABEL NAGETH ARIZA;RURAL;VDA LOS HISPANOS;ISABEL NAGETH ARIZA;3116266006;5;5;6;16;ESCUELAS_IRCAS;DATO_PRINCIPAL_ESCUELAS_IRCAS;NO;SI;ASOCIACIÓN ACUEDUCTO COMUNITARIO QUEBRADA CALABAZAS SAN PABLO - ACOCALABAZAS;RIESGO ALTO;ALTO;4982;ACUEDUCTO RURAL;QUEBRADA CALABAZAS;24.5;FAVORABLE CON REQUERIMIENTOS;2025-10-15;COD_DANE_UNICO;CRUCE_OK;GEORREFERENCIADA;;641;INSTITUCION EDUCATIVA TEODORO MUNERA HINCAPIE;ISABEL NAGETH ARIZA;ACTIVA;OFICIAL;MAÑANA;EDUCACIÓN BÁSICA PRIMARIA;VDA LOS HISPANOS;-76.484679;3.792654;-76.484679;3.792654;-76.48;3.79;SEDESUESVALLE;COORDENADA_ORIGINAL_SEDESUESVALLE;1;6;2.019;I.E. TEODORO MUNERA HINCAPIE;ISABEL NAGETH ARIZA;RURAL;VEREDA LOS HISPANOS;COINCIDENCIA_NOMBRE_FUERTE;0.98;PRIORITARIO;Alto e inviable;SIN_BRECHAS;NO;ALTA;53.91;MEDIA;Programar seguimiento operativo y verificar condiciones del sistema abastecedor.;2.45;BAJA
115;276890000121;YOTOCO;I.E. GABRIELA MISTRAL SEDE CAMILO TORRES;RURAL;VDA BUENOS AIRES;CAMILO TORRES;3185892820;2;2;6;0;ESCUELAS_IRCAS;DATO_PRINCIPAL_ESCUELAS_IRCAS;NO;SI;ASOCIACION DE USUARIOS ACUEDUCTO BUENOS AIRES - AJABA;RIESGO ALTO;ALTO;7526;FILTRO EKOFIL;QUEBRADA CALABAZAS;25;FAVORABLE CON REQUERIMIENTOS;2026-04-20;COD_DANE_UNICO;CRUCE_OK;GEORREFERENCIADA;;938;INSTITUCION EDUCATIVA GABRIELA MISTRAL;CAMILO TORRES;ACTIVA;OFICIAL;MAÑANA;EDUCACIÓN BÁSICA PRIMARIA;VDA BUENOS AIRES;-76.4254586;3.837466089;-76.4254586;3.837466089;;;SEDESUESVALLE;COORDENADA_ORIGINAL_SEDESUESVALLE;1;6;;;;;;COINCIDENCIA_NOMBRE_FUERTE_CON_POSIBLE_EMPATE;0.93;PRIORITARIO;Alto e inviable;SIN_BRECHAS;NO;ALTA;52.03;MEDIA;Programar seguimiento operativo y verificar condiciones del sistema abastecedor.;1.5;BAJA
116;276890000440;YOTOCO;I.E. GABRIELA MISTRAL SEDE  ARCELIA GIRON;RURAL;VDA CALIMITA;ARCELIA GIRON;3144118958;16;16;19;0;ESCUELAS_IRCAS;DATO_PRINCIPAL_ESCUELAS_IRCAS;NO;SI;ASOCIACION DE USUARIOS DE LOS ACUEDUCTOS EL JARDÍN CALIMITA;INVIABLE SANITARIAMENTE;INVIABLE SANITARIAMENTE;499;FILTRO EKOFIL;QUEBRADA CALIMITA;26;FAVORABLE CON REQUERIMIENTOS;2026-02-24;COD_DANE_UNICO;CRUCE_OK;GEORREFERENCIADA;;915;INSTITUCION EDUCATIVA GABRIELA MISTRAL;ARCELIA GIRON;ACTIVA;OFICIAL;MAÑANA;EDUCACIÓN BÁSICA PRIMARIA;VDA CALIMITA;-76.42478;3.891554;-76.42478;3.891554;;;SEDESUESVALLE;COORDENADA_ORIGINAL_SEDESUESVALLE;1;19;;;;;;COINCIDENCIA_NOMBRE_FUERTE_CON_POSIBLE_EMPATE;0.93;PRIORITARIO;Alto e inviable;SIN_BRECHAS;NO;ALTA;70.49;ALTA;Priorizar revisión técnica, validación en campo y articulación con sector educativo.;5.17;MEDIA
117;276306000166;GINEBRA;I.E. MANUELA BELTRAN SEDE JOAQUIN CAMILO TORRES;RURAL;VEREDA LAS HERMOSAS;JOAQUIN CAMILO TORRES;3215416843 - 3138023916;19;19;19;0;ESCUELAS_IRCAS;DATO_PRINCIPAL_ESCUELAS_IRCAS;NO;SI;JUNTA DE ACCIÓN COMUNAL VEREDA LAS HERMOSAS;RIESGO ALTO;ALTO;351;-;QUEBRADA CANTARANA;41.59;DESFAVORABLE;2025-04-01;COD_DANE_UNICO;CRUCE_OK;GEORREFERENCIADA;;476;INSTITUCION EDUCATIVA  MANUELA BELTRAN;JOAQUIN CAMILO TORRES;ACTIVA;OFICIAL;COMPLETA;EDUCACIÓN BÁSICA PRIMARIA;VDA LAS HERMOSA;-76.13486653;3.776233008;-76.13486653;3.776233008;;;SEDESUESVALLE;COORDENADA_ORIGINAL_SEDESUESVALLE;1;19;;;;;;COINCIDENCIA_NOMBRE_FUERTE_CON_POSIBLE_EMPATE;0.93;PRIORITARIO;Alto e inviable;SIN_BRECHAS;NO;ALTA;61.38;ALTA;Programar seguimiento operativo y verificar condiciones del sistema abastecedor.;4.68;MEDIA
118;276869000243;VIJES;I.E. ANTONIO JOSE DE SUCRE SEDE LA PEDRERA;RURAL;VIA VIJES VEREDA LA PEDRERA;LA PEDRERA;3158789823;9;9;10;0;ESCUELAS_IRCAS;DATO_PRINCIPAL_ESCUELAS_IRCAS;NO;SI;ASOCIACIÓN DE USUARIOS DEL ACUEDUCTO RURAL COMUNITARIO DEL CORREGIMIENTO CARBONERO;RIESGO ALTO;ALTO;141;FILTRO EKOFIL;QUEBRADA CARBONERO;64.74;DESFAVORABLE;2026-01-30;COD_DANE_UNICO;CRUCE_OK;GEORREFERENCIADA;;897;INSTITUCION EDUCATIVA  ANTONIO JOSE DE SUCRE;LA PEDRERA;ACTIVA;OFICIAL;UNICA;EDUCACIÓN MEDIA;VDA LA `PEDRERA;-76.45473;3.723581;-76.45473;3.723581;;;SEDESUESVALLE;COORDENADA_ORIGINAL_SEDESUESVALLE;1;10;;;;;;COINCIDENCIA_NOMBRE_FUERTE_CON_POSIBLE_EMPATE;0.93;PRIORITARIO;Alto e inviable;SIN_BRECHAS;NO;ALTA;59.5;ALTA;Programar seguimiento operativo y verificar condiciones del sistema abastecedor.;3.6;BAJA
119;276869000073;VIJES;I.E. ANTONIO JOSE DE SUCRE SEDE JUAN JOSE RONDON;RURAL;VIA VIJES CORREGIMIENTO CARBONERO;JUAN JOSE RONDON;3206877472;8;8;8;0;ESCUELAS_IRCAS;DATO_PRINCIPAL_ESCUELAS_IRCAS;NO;SI;JUNTA ADMINISTRADORA COMUNITARIA DEL ACUEDUCTO JACA NO. 4 DE LA VEREDA SANTA ANA MUNICIPIO DE VIJES;RIESGO ALTO;ALTO;140;FILTRO EKOFIL;QUEBRADA CARBONERO;48.81;DESFAVORABLE;2026-02-27;COD_DANE_UNICO;CRUCE_OK;GEORREFERENCIADA;;898;INSTITUCION EDUCATIVA  ANTONIO JOSE DE SUCRE;JUAN JOSE RONDON;ACTIVA;OFICIAL;UNICA;EDUCACIÓN MEDIA;VDA SANTA ANA;-76.444925;3.738621;-76.444925;3.738621;;;SEDESUESVALLE;COORDENADA_ORIGINAL_SEDESUESVALLE;1;8;;;;;;COINCIDENCIA_NOMBRE_FUERTE_CON_POSIBLE_EMPATE;0.93;PRIORITARIO;Alto e inviable;SIN_BRECHAS;NO;ALTA;59.21;ALTA;Programar seguimiento operativo y verificar condiciones del sistema abastecedor.;3.44;BAJA
120;276869000146;VIJES;I.E. ANTONIO JOSE DE SUCRE SEDE ATANASIO GIRARDOT;RURAL;VIA VEREDA PEDRERA CGTO CARBONERO;ATANASIO GIRARDOT;3207029488;53;53;53;0;ESCUELAS_IRCAS;DATO_PRINCIPAL_ESCUELAS_IRCAS;NO;SI;ASOCIACIÓN DE USUARIOS DEL ACUEDUCTO RURAL COMUNITARIO DEL CORREGIMIENTO CARBONERO;RIESGO ALTO;ALTO;141;FILTRO EKOFIL;QUEBRADA CARBONERO;64.74;DESFAVORABLE;2026-01-30;COD_DANE_UNICO;CRUCE_OK;GEORREFERENCIADA;;908;INSTITUCION EDUCATIVA  ANTONIO JOSE DE SUCRE;ATANASIO GIRARDOT;ACTIVA;OFICIAL;UNICA;EDUCACIÓN MEDIA;CORREG VIJES;-76.454944;3.733228;-76.454944;3.733228;;;SEDESUESVALLE;COORDENADA_ORIGINAL_SEDESUESVALLE;1;53;;;;;;COINCIDENCIA_NOMBRE_FUERTE_CON_POSIBLE_EMPATE;0.93;PRIORITARIO;Alto e inviable;SIN_BRECHAS;NO;ALTA;64.08;ALTA;Programar seguimiento operativo y verificar condiciones del sistema abastecedor.;6.24;ALTA
121;276248000100;EL CERRITO;I.E. HERNANDO BORRERO CUADROS SEDE MANUELA BELTRAN;RURAL;CORREGIMIENTO CARRIZAL;MANUELA BELTRAN;3165060744;19;19;19;0;ESCUELAS_IRCAS;DATO_PRINCIPAL_ESCUELAS_IRCAS;NO;SI;ACUEDUCTO CARRIZAL;RIESGO ALTO;ALTO;1396;DESINFECCIÓN;QUEBRADA CARRIZAL;SIN DATO;SIN CONCEPTO;;COD_DANE_UNICO;CRUCE_OK;GEORREFERENCIADA;;375;INSTITUCION EDUCATIVA HERNANDO BORRERO CUADROS;MANUELA BELTRAN;ACTIVA;OFICIAL;MAÑANA;EDUCACIÓN BÁSICA PRIMARIA;CORREG EL CARRIZAL;-76.09142711;3.651600598;-76.09142711;3.651600598;;;SEDESUESVALLE;COORDENADA_ORIGINAL_SEDESUESVALLE;1;19;;;;;;COINCIDENCIA_NOMBRE_FUERTE_CON_POSIBLE_EMPATE;0.93;PRIORITARIO;Alto e inviable;SIN_BRECHAS;NO;ALTA;53.58;MEDIA;Programar seguimiento operativo y verificar condiciones del sistema abastecedor.;3.9;BAJA
122;276828000441;TRUJILLO;CONCENTRACION MANUEL MARIA MALLARINO FECOOP;RURAL;VDA RIN RAN;;6022267368;9;9;236;342;ESCUELAS_IRCAS;DATO_PRINCIPAL_ESCUELAS_IRCAS;NO;SI;ASOCIACION DE USUARIOS DE ABASTO DE AGUA RIN RAN;RIESGO ALTO;ALTO;3549;ACUEDUCTO RURAL;QUEBRADA CEDRALES;26.0;FAVORABLE CON REQUERIMIENTOS;2025-04-02;COD_DANE_UNICO;CRUCE_OK;GEORREFERENCIADA;;844;INSTITUCION EDUCATIVA MANUEL MARIA MALLARINO;MANUEL MARÍA MALLARINO;ACTIVA;OFICIAL;MAÑANA;EDUCACIÓN MEDIA;VDA RIN RAN;-76.313888;4.214148;-76.313888;4.214148;-76.31;4.21;SEDESUESVALLE;COORDENADA_ORIGINAL_SEDESUESVALLE;1;236;2.019;IE MANUEL MARIA MALLARINO;MANUEL MARÍA MALLARINO;RURAL;VDA RIN - RAN;COINCIDENCIA_NOMBRE_FUERTE;0.93;PRIORITARIO;Alto e inviable;SIN_BRECHAS;NO;ALTA;55.3;ALTA;Programar seguimiento operativo y verificar condiciones del sistema abastecedor.;3.15;BAJA
123;276845000021;ULLOA;I.E MARIA INMACULADA SEDE ESTHER ZORRILLA;RURAL;VEREDA EL PLACER;ESTHER ZORRILLA;3152697915;4;4;4;0;ESCUELAS_IRCAS;DATO_PRINCIPAL_ESCUELAS_IRCAS;NO;SI;ACUEDUCTO RURAL VEREDA LA PLATA Y EL PLACER;RIESGO ALTO;ALTO;300;ACUEDUCTO RURAL;QUEBRADA CEILAN;17/30;FAVORABLE CON REQUERIMIENTOS;2025-11-13;COD_DANE_UNICO;CRUCE_OK;GEORREFERENCIADA;;866;INSTITUCION EDUCATIVA MARIA INMACULADA;ESTHER ZORRILLA;ACTIVA;OFICIAL;ESPECIAL;EDUCACIÓN BÁSICA PRIMARIA;VDA EL PLACER;-75.7197607478;4.70599412018;-75.7197607478;4.70599412018;;;SEDESUESVALLE;COORDENADA_ORIGINAL_SEDESUESVALLE;1;4;;;;;;COINCIDENCIA_NOMBRE_FUERTE_CON_POSIBLE_EMPATE;0.93;PRIORITARIO;Alto e inviable;SIN_BRECHAS;NO;ALTA;53.42;MEDIA;Programar seguimiento operativo y verificar condiciones del sistema abastecedor.;2.2;BAJA
124;276233000219;DAGUA;I.E. EL PALMAR SEDE ALFREDO VASQUEZ COBO;RURAL;VEREDA CENTELLA;ALFREDO VASQUEZ COBO;3113607301;11;11;11;13;ESCUELAS_IRCAS;DATO_PRINCIPAL_ESCUELAS_IRCAS;NO;SI;ASOCIACION RURAL ACUEDUCTO VEREDA CENTELLA - PARTE ALTA;RIESGO ALTO;ALTO;2864;ACUEDUCTO RURAL CENTELLA;QUEBRADA CENTELLA;17,5/30;DESFAVORABLE;2025-07-08;COD_DANE_UNICO;CRUCE_OK;GEORREFERENCIADA;;284;INSTITUCION EDUCATIVA EL PALMAR;ALFREDO VASQUEZ COBO;ACTIVA;OFICIAL;MAÑANA;EDUCACIÓN MEDIA;CAS CENTELLA;-76.61529511;3.569028588;-76.61529511;3.569028588;0.0;0.0;SEDESUESVALLE;COORDENADA_ORIGINAL_SEDESUESVALLE;1;11;2.019;IE EL PALMAR;ALFREDO VASQUEZ COBO;RURAL;VDA. CENTELLA;COINCIDENCIA_NOMBRE_FUERTE;0.93;PRIORITARIO;Alto e inviable;SIN_BRECHAS;NO;ALTA;59.99;ALTA;Programar seguimiento operativo y verificar condiciones del sistema abastecedor.;3.89;BAJA
125;276233000472;DAGUA;I.E. EL PALMAR SEDE MARIO FERNANDEZ DE SOTO;RURAL;CORREGIMIENTO VILLA HERMOSA;MARIO FERNANDEZ DE SOTO;3136594610;27;27;27;29;ESCUELAS_IRCAS;DATO_PRINCIPAL_ESCUELAS_IRCAS;NO;SI;ASOCIACION DE USUARIOS DEL ACUEDUCTO RURAL VILLAHERMOSA ACUEHERMOSA;RIESGO MEDIO;MEDIO;341;ACUEDUCTO RURAL VILLAHERMOSA;QUEBRADA CENTELLA;20/30;FAVORABLE;2025-07-30;COD_DANE_UNICO;CRUCE_OK;GEORREFERENCIADA;;250;INSTITUCION EDUCATIVA EL PALMAR;MARIO FERNANDEZ DE SOTO;ACTIVA;OFICIAL;MAÑANA;EDUCACIÓN BÁSICA PRIMARIA;CORREG VILLA HERMOSA;-76.66149175;3.624515437;-76.66149175;3.624515437;-76.66;3.62;SEDESUESVALLE;COORDENADA_ORIGINAL_SEDESUESVALLE;1;27;2.019;IE EL PALMAR;MARIO FERNANDEZ DE SOTO;RURAL;CORREGIMIENTO EL PALMAR;COINCIDENCIA_NOMBRE_FUERTE;0.93;PREVENTIVO;Medio;SIN_BRECHAS;NO;ALTA;35.24;MEDIA;Mantener seguimiento preventivo dentro de la programación regular.;2.89;BAJA
126;276041001041;ANSERMANUEVO;I.E JORGE ISAAC SEDE MANUELA BELTRAN;RURAL;CORREGIMIENTO EL VILLAR;MANUELA BELTRAN;3128011660;17;17;17;31;ESCUELAS_IRCAS;DATO_PRINCIPAL_ESCUELAS_IRCAS;NO;SI;JUNTA ADMINISTRADORA ACUEDUCTO RURAL EL VILLAR;SIN RIESGO;SIN RIESGO;532;ACUEDUCTO RURAL;QUEBRADA CHIMBORAZO 1 Y 2;19/30;FAVORABLE CON REQUERIMIENTOS;2025-04-08;COD_DANE_UNICO;CRUCE_OK;GEORREFERENCIADA;;62;INSTITUCION EDUCATIVA JORGE ISAACS;MANUELA BELTRAN;ACTIVA;OFICIAL;ESPECIAL;EDUCACIÓN BÁSICA PRIMARIA;IP EL BILLAR;-76.091567396;4.818181898;-76.091567396;4.818181898;-76.09;4.82;SEDESUESVALLE;COORDENADA_ORIGINAL_SEDESUESVALLE;1;17;2.019;IE JORGE ISAACS;MANUELA BELTRAN;RURAL;CGTO. EL VILLAR;COINCIDENCIA_NOMBRE_FUERTE;0.93;RUTINARIO;Sin riesgo y bajo;SIN_BRECHAS;NO;ALTA;15.65;BAJA;Mantener seguimiento rutinario con control territorial rural.;0.0;BAJA
127;276041000371;ANSERMANUEVO;I.E JORGE ISAAC SEDE JORGE ISAAC;RURAL;CORREGIMIENTO EL VILLAR;JORGE ISAAC;3128011660;127;127;127;117;ESCUELAS_IRCAS;DATO_PRINCIPAL_ESCUELAS_IRCAS;NO;SI;JUNTA ADMINISTRADORA ACUEDUCTO RURAL EL VILLAR;SIN RIESGO;SIN RIESGO;532;ACUEDUCTO RURAL;QUEBRADA CHIMBORAZO 1 Y 2;;SIN DATO;;COD_DANE_UNICO;CRUCE_OK;GEORREFERENCIADA;;47;INSTITUCION EDUCATIVA JORGE ISAACS;JORGE ISAACS;ACTIVA;OFICIAL;ESPECIAL;EDUCACIÓN MEDIA;IP EL VILLAR;-76.089392;4.820046;-76.089392;4.820046;-76.09;4.82;SEDESUESVALLE;COORDENADA_ORIGINAL_SEDESUESVALLE;1;127;2.019;IE JORGE ISAACS;JORGE ISAACS;RURAL;CORREG EL VILLAR;COINCIDENCIA_NOMBRE_FUERTE;0.9;RUTINARIO;Sin riesgo y bajo;SIN_BRECHAS;NO;ALTA;17.37;BAJA;Mantener seguimiento rutinario con control territorial rural.;0.0;BAJA
128;276306000247;GINEBRA;I.E. MANUELA BELTRAN SEDE NUESTRA SEÑORA DEL CARMEN;RURAL;CORREGIMIENTO JUNTAS;NUESTRA SEÑORA DEL CARMEN;3215416843 - 3155168950;47;47;47;0;ESCUELAS_IRCAS;DATO_PRINCIPAL_ESCUELAS_IRCAS;NO;SI;JUNTA ADMINISTRADORA ACUEDUCTO CORREGIMIENTO JUNTAS;RIESGO ALTO;ALTO;352;-;QUEBRADA CHORRERAS;41.59;DESFAVORABLE;2025-12-09;COD_DANE_UNICO;CRUCE_OK;GEORREFERENCIADA;;475;INSTITUCION EDUCATIVA  MANUELA BELTRAN;NUESTRA SEÑORA DEL CARMEN;ACTIVA;OFICIAL;COMPLETA;EDUCACIÓN MEDIA;CORREG DE JUNTAS;-76.16267767;3.774519796;-76.16267767;3.774519796;;;SEDESUESVALLE;COORDENADA_ORIGINAL_SEDESUESVALLE;1;47;;;;;;COINCIDENCIA_NOMBRE_FUERTE_CON_POSIBLE_EMPATE;0.93;PRIORITARIO;Alto e inviable;SIN_BRECHAS;NO;ALTA;63.76;ALTA;Programar seguimiento operativo y verificar condiciones del sistema abastecedor.;6.05;ALTA
129;276306000409;GINEBRA;I.E. MANUELA BELTRAN SEDE ESTELIA QUINTERO;RURAL;VEREDA LA CECILIA - JUNTAS;ESTELIA QUINTERO;3215416843;9;9;9;352;ESCUELAS_IRCAS;DATO_PRINCIPAL_ESCUELAS_IRCAS;NO;SI;JUNTA ADMINISTRADORA ACUEDUCTO CORREGIMIENTO JUNTAS;RIESGO ALTO;ALTO;352;-;QUEBRADA CHORRERAS;41.59;DESFAVORABLE;2025-12-09;COD_DANE_UNICO;CRUCE_OK;GEORREFERENCIADA;;477;INSTITUCION EDUCATIVA  MANUELA BELTRAN;ESTELIA QUINTERO;ACTIVA;OFICIAL;COMPLETA;EDUCACIÓN BÁSICA PRIMARIA;VDA LA CECILIA;-76.2114471;3.780401823;-76.2114471;3.780401823;-76.27;3.73;SEDESUESVALLE;COORDENADA_ORIGINAL_SEDESUESVALLE;1;9;2.019;IE MANUELA BELTRAN;MANUELA BELTRAN;RURAL;CR 5 NO 8 - 30;COINCIDENCIA_NOMBRE_FUERTE;0.93;PRIORITARIO;Alto e inviable;SIN_BRECHAS;NO;ALTA;59.5;ALTA;Programar seguimiento operativo y verificar condiciones del sistema abastecedor.;3.6;BAJA
130;276243000047;EL AGUILA;I.E JUSTINIANO ECHAVARRIA SEDE SEBASTIÁN DE BELARCAZAR;RURAL;VEREDA EL COFRE;SEBASTIÁN DE BELARCAZAR;3113714721;6;6;9;11;ESCUELAS_IRCAS;DATO_PRINCIPAL_ESCUELAS_IRCAS;NO;SI;ASOCIACION DE USUARIOS VEREDA EL COFRE Y SAN JOSE - COLECTIVO COSTA;SIN RIESGO;SIN RIESGO;2613;ACUEDUCTO RURAL;QUEBRADA CHORRITOS;22/30;FAVORABLE CON REQUERIMIENTOS;2026-03-06;COD_DANE_UNICO;CRUCE_OK;GEORREFERENCIADA;;292;INSTITUCION EDUCATIVA JUSTINIANO ECHAVARRIA;SEBASTIAN DE BEL ALCAZAR;ACTIVA;OFICIAL;MAÑANA;EDUCACIÓN MEDIA;IP EL COFRE;-76.06325238;4.961365119;-76.06325238;4.961365119;-76.06;4.96;SEDESUESVALLE;COORDENADA_ORIGINAL_SEDESUESVALLE;1;9;2.019;IE JUSTINIANO ECHAVARRIA;SEBASTIAN DE BEL ALCAZAR;RURAL;CORREG EL COFRE;COINCIDENCIA_NOMBRE_FUERTE;0.913;RUTINARIO;Sin riesgo y bajo;SIN_BRECHAS;NO;ALTA;13.08;BAJA;Mantener seguimiento rutinario con control territorial rural.;0.0;BAJA
131;276243000357;EL AGUILA;I.E JUSTINIANO ECHAVARRIA SEDE SANTA ISABEL;RURAL;VEREDA SAN JOSE;SANTA ISABEL;3132485071;59;59;53;87;ESCUELAS_IRCAS;DATO_PRINCIPAL_ESCUELAS_IRCAS;NO;SI;ASOCIACION DE USUARIOS VEREDA EL COFRE Y SAN JOSE - COLECTIVO COSTA;SIN RIESGO;SIN RIESGO;2613;FILTRO LIFESTRAW;QUEBRADA CHORRITOS;24/30;FAVORABLE CON REQUERIMIENTOS;2026-03-16;COD_DANE_UNICO;CRUCE_OK;GEORREFERENCIADA;;293;INSTITUCION EDUCATIVA JUSTINIANO ECHAVARRIA;SANTA ISABEL;ACTIVA;OFICIAL;MAÑANA;EDUCACIÓN MEDIA;CORREG SAN JOSE;-76.00222955;4.88440603;-76.00222955;4.88440603;0.0;0.0;SEDESUESVALLE;COORDENADA_ORIGINAL_SEDESUESVALLE;1;53;2.019;IE JUSTINIANO ECHAVARRIA;SANTA ISABEL;RURAL;CORREG SAN JOSE;COINCIDENCIA_NOMBRE_FUERTE;0.93;RUTINARIO;Sin riesgo y bajo;SIN_BRECHAS;NO;ALTA;18.91;BAJA;Mantener seguimiento rutinario con control territorial rural.;0.0;BAJA
132;276036000274;ANDALUCÍA;I.E. AGRICOLA CAMPOALEGRE SEDE SANTA MATILDE;RURAL;VDA UNION CASCAJERO;SANTA MATILDE;3114170891;17;17;13;0;ESCUELAS_IRCAS;DATO_PRINCIPAL_ESCUELAS_IRCAS;NO;SI;ACUEDUCTO RURAL COMUNITARIO LA UNION CASCAJERO;SIN RIESGO;SIN RIESGO;910;FILTRO EKOFIL Y PTAP MODULAR (SIN OPERACIÓN);QUEBRADA CHORRO BLANCO;23;FAVORABLE CON REQUERIMIENTOS;2025-11-13;COD_DANE_UNICO;CRUCE_OK;GEORREFERENCIADA;;35;INSTITUCION EDUCATIVA AGRICOLA CAMPOALEGRE;SANTA MATILDE;ACTIVA;OFICIAL;MAÑANA;EDUCACIÓN MEDIA;VDA LA UNION CASCAJEROS;-76.21085513;4.181579088;-76.21085513;4.181579088;;;SEDESUESVALLE;COORDENADA_ORIGINAL_SEDESUESVALLE;1;13;;;;;;COINCIDENCIA_NOMBRE_FUERTE_CON_POSIBLE_EMPATE;0.93;RUTINARIO;Sin riesgo y bajo;SIN_BRECHAS;NO;ALTA;15.65;BAJA;Mantener seguimiento rutinario con control territorial rural.;0.0;BAJA
133;276036000207;ANDALUCÍA;I.E. AGRICOLA CAMPOALEGRE SEDE JOSE MARIA CORDOBA;RURAL;CGTO ALTAFLOR;JOSE MARIA CORDOBA;6024350505;6;6;8;0;ESCUELAS_IRCAS;DATO_PRINCIPAL_ESCUELAS_IRCAS;NO;SI;ASOCIACION RURAL COMUNITARIA DE AGUA POTABLE Y SANEAMIENTO BASICO DEL CORREGIMIENTO DE ALTA FLOR - ACUAFLOR;RIESGO ALTO;ALTO;1119;FILTRO EKOFIL;QUEBRADA CHORRO BLANCO Y TAMBORAL;22;FAVORABLE CON REQUERIMIENTOS;2025-11-13;COD_DANE_UNICO;CRUCE_OK;GEORREFERENCIADA;;33;INSTITUCION EDUCATIVA AGRICOLA CAMPOALEGRE;JOSE MARIA CORDOBA;ACTIVA;OFICIAL;MAÑANA;EDUCACIÓN BÁSICA SECUNDARIA;CORREG ALTAFLOR;-76.21085513;4.181579088;-76.21085513;4.181579088;;;SEDESUESVALLE;COORDENADA_ORIGINAL_SEDESUESVALLE;1;8;;;;;;COINCIDENCIA_NOMBRE_FUERTE_CON_POSIBLE_EMPATE;0.93;PRIORITARIO;Alto e inviable;SIN_BRECHAS;NO;ALTA;54.33;MEDIA;Programar seguimiento operativo y verificar condiciones del sistema abastecedor.;2.66;BAJA
134;276736000437;SEVILLA;IE SANTA TERESITA SEDE LA MAGDALENA;RURAL;VDA CANOAS;LA MAGDALENA;SD;7;0;7;0;SEDESUESVALLE;COMPLEMENTADA_CON_SEDESUESVALLE;NO;SI;JUNTA ADMINISTRADORA ACUEDUCTO CANOAS;INVIABLE SANITARIAMENTE;INVIABLE SANITARIAMENTE;2162;;QUEBRADA CIELO ROTO;SD;SIN CONCEPTO;;COD_DANE_UNICO;CRUCE_OK;GEORREFERENCIADA;;802;INSTITUCION EDUCATIVA SANTA TERESITA;LA MAGDALENA;ACTIVA;OFICIAL;ESPECIAL;EDUCACIÓN BÁSICA PRIMARIA;VDA CANOAS;-75.95658324;4.205943438;-75.95658324;4.205943438;;;SEDESUESVALLE;COORDENADA_ORIGINAL_SEDESUESVALLE;1;7;;;;;;COINCIDENCIA_NOMBRE_FUERTE_CON_POSIBLE_EMPATE;0.98;PRIORITARIO;Alto e inviable;SIN_BRECHAS;NO;ALTA;64.84;ALTA;Priorizar revisión técnica, validación en campo y articulación con sector educativo.;3.61;BAJA
135;276823000125;TORO;I.E TECNICO AGROPECUARIO TORO SEDE CRISTOBAL COLON;RURAL;VEREDA PATIO BONITO;CRISTOBAL COLON;6022210560;27;27;27;50;ESCUELAS_IRCAS;DATO_PRINCIPAL_ESCUELAS_IRCAS;NO;SI;ASOCIACIÓN DE LA JUNTA ADMINISTRADORA DEL ACUEDUCTO RURAL COLECTIVO DE PATIO BONITO- LA ROBLEDA-SABANAZO;INVIABLE SANITARIAMENTE;INVIABLE SANITARIAMENTE;2194;ACUEDUCTO RURAL;QUEBRADA CIMITARRA - QUEBRADA LA CHUCHA - QUEBRADA LA ROBLEDA;25.5/30;FAVORABLE CON REQUERIMIENTOS;2026-02-19;COD_DANE_UNICO;CRUCE_OK;GEORREFERENCIADA;;819;INSTITUCION EDUCATIVA  TECNICA AGROPECUARIA TORO;CRISTOBAL COLON;ACTIVA;OFICIAL;MAÑANA;EDUCACIÓN BÁSICA SECUNDARIA;VDA PATIO BONITO;-76.14180059;4.585355054;-76.14180059;4.585355054;-76.14;4.59;SEDESUESVALLE;COORDENADA_ORIGINAL_SEDESUESVALLE;1;27;2.019;IE  TECNICA AGROPECUARIA TORO;CRISTOBAL COLON;RURAL;VEREDA PATIOBONITO;COINCIDENCIA_NOMBRE_FUERTE;0.93;PRIORITARIO;Alto e inviable;SIN_BRECHAS;NO;ALTA;71.84;ALTA;Priorizar revisión técnica, validación en campo y articulación con sector educativo.;6.08;ALTA
136;276863000381;VERSALLES;INSTITUCION EDUCATIVA HOLGUIN SARDI SEDE PROSPERO PINZON;RURAL;VEREDA COCONUCO;PROSPERO PINZON;3217797946;7;7;7;32;ESCUELAS_IRCAS;DATO_PRINCIPAL_ESCUELAS_IRCAS;NO;SI;ASOCIACIÓN DE USUARIOS DEL ACUEDUCTO RURAL COMUNITARIO DE LA VEREDA COCONUCO;INVIABLE SANITARIAMENTE;INVIABLE SANITARIAMENTE;1951;ACUEDUCTO RURAL;QUEBRADA COCONUCO;17.5/30;FAVORABLE CON REQUERIMIENTOS;2025-02-18;COD_DANE_UNICO;CRUCE_OK;GEORREFERENCIADA;;881;INSTITUCION EDUCATIVA CARLOS HOLGUIN SARDI;PROSPERO PINZON;ACTIVA;OFICIAL;MAÑANA;EDUCACIÓN BÁSICA PRIMARIA;VDA COCONUCO;-76.13727595;4.63188293;-76.13727595;4.63188293;-76.14;4.63;SEDESUESVALLE;COORDENADA_ORIGINAL_SEDESUESVALLE;1;7;2.019;IE CARLOS HOLGUIN SARDI;PROSPERO PINZON;RURAL;VDA COCONUCO;COINCIDENCIA_NOMBRE_FUERTE;0.93;PRIORITARIO;Alto e inviable;SIN_BRECHAS;NO;ALTA;68.44;ALTA;Priorizar revisión técnica, validación en campo y articulación con sector educativo.;3.79;BAJA
137;276318000153;GUACARÍ;I.E. GENERAL SANTANDER SEDE LOS LULOS;RURAL;VEREDA LOS LULOS;LOS LULOS;3137438783;6;6;6;0;ESCUELAS_IRCAS;DATO_PRINCIPAL_ESCUELAS_IRCAS;NO;SI;ACUAPUERO;SIN RIESGO;SIN RIESGO;1391;DESINFECCIÓN;QUEBRADA COCUYOS;46.51;DESFAVORABLE;2026-02-11;COD_DANE_UNICO;CRUCE_OK;GEORREFERENCIADA;;491;INSTITUCION EDUCATIVA GENERAL SANTANDER;LOS LULOS;ACTIVA;OFICIAL;ESPECIAL;EDUCACIÓN BÁSICA PRIMARIA;VDA LOS LULOS;-76.21944834;3.776065851;-76.21944834;3.776065851;;;SEDESUESVALLE;COORDENADA_ORIGINAL_SEDESUESVALLE;1;6;;;;;;COINCIDENCIA_NOMBRE_FUERTE_CON_POSIBLE_EMPATE;0.93;RUTINARIO;Sin riesgo y bajo;SIN_BRECHAS;NO;ALTA;17.28;BAJA;Mantener seguimiento rutinario con control territorial rural.;0.0;BAJA
138;276318000099;GUACARÍ;I.E. GENERAL SANTANDER SEDE GENERAL SANTANDER;RURAL;CORREGIMIENTO PUENTE ROJO;GENERAL SANTANDER;3206419301;123;123;123;173;ESCUELAS_IRCAS;DATO_PRINCIPAL_ESCUELAS_IRCAS;NO;SI;ACUAPUERO;SIN RIESGO;SIN RIESGO;1391;DESINFECCIÓN;QUEBRADA COCUYOS;46.51;DESFAVORABLE;2026-02-11;COD_DANE_UNICO;CRUCE_OK;GEORREFERENCIADA;;495;INSTITUCION EDUCATIVA GENERAL SANTANDER;GENERAL SANTANDER;ACTIVA;OFICIAL;ESPECIAL;EDUCACIÓN MEDIA;CORREG PUENTE ROJO;-76.22883531;3.768534857;-76.22883531;3.768534857;-76.23;3.77;SEDESUESVALLE;COORDENADA_ORIGINAL_SEDESUESVALLE;1;123;2.019;IE GENERAL SANTANDER;GENERAL SANTANDER;RURAL;CORREG PUENTE ROJO;COINCIDENCIA_NOMBRE_FUERTE;0.93;RUTINARIO;Sin riesgo y bajo;SIN_BRECHAS;NO;ALTA;25.08;BAJA;Mantener seguimiento rutinario con control territorial rural.;0.0;BAJA
139;;SAN PEDRO;I. E JULIO CAICEDO TELLEZ PRINCIPAL;RURAL;CGTO BUENOS AIRES;I. E JULIO CAICEDO TELLEZ PRINCIPAL;3174177303;80;80;0;76;ESCUELAS_IRCAS;DATO_PRINCIPAL_ESCUELAS_IRCAS;NO;SI;ASOCIACION AGUAS DE BUENOS AIRES;INVIABLE SANITARIAMENTE;INVIABLE SANITARIAMENTE;16737;PLANTA COMPACTA PROPIA FUERA DE SERVICIO Y FILTRO EKOFIL;QUEBRADA COFIN Y NACIMIENTO BUENOS AIRES;25;FAVORABLE CON REQUERIMIENTOS;2026-01-30;MUNICIPIO+NOMBRE_EXACTO;CRUCE_RECUPERADO;GEORREFERENCIADA;;743;;;;;;;;-76.17;3.96;;;-76.17;3.96;MEN_SEDES;COMPLEMENTADA_CON_MEN;0;0;2.019;IE JULIO CAICEDO TELLEZ;JULIO CAICEDO TELLEZ;RURAL;CORREG BUENOS AIRES;COINCIDENCIA_NOMBRE_FUERTE;0.93;PRIORITARIO;Alto e inviable;SIN_BRECHAS;NO;ALTA;74.73;ALTA;Priorizar revisión técnica, validación en campo y articulación con sector educativo.;8.02;MUY ALTA
140;276497000179;OBANDO;I.E SAN JOSE SEDE SAN JUAN BOSCO;RURAL;CORREGIMIENTO EL CHUZO;SAN JUAN BOSCO;3123343560;9;9;9;0;ESCUELAS_IRCAS;DATO_PRINCIPAL_ESCUELAS_IRCAS;NO;SI;ASOCIACIÓN DE USUARIOS DEL ACUEDUCTO EL CHUZO SALEM LIMONES MUNICIPIO DE OBANDO;INVIABLE SANITARIAMENTE;INVIABLE SANITARIAMENTE;2629;ACUEDUCTO RURAL;QUEBRADA COMINALES;22.5/30;FAVORABLE CON REQUERIMIENTOS;2025-08-26;COD_DANE_UNICO;CRUCE_OK;GEORREFERENCIADA;;584;INSTITUCION EDUCATIVA SAN JOSE;SAN JUAN BOSCO;ACTIVA;OFICIAL;UNICA;EDUCACIÓN MEDIA;CORREG EL CHUZO;-75.971289;4.574129;-75.971289;4.574129;;;SEDESUESVALLE;COORDENADA_ORIGINAL_SEDESUESVALLE;1;9;;;;;;COINCIDENCIA_NOMBRE_FUERTE_CON_POSIBLE_EMPATE;0.93;PRIORITARIO;Alto e inviable;SIN_BRECHAS;NO;ALTA;69.05;ALTA;Priorizar revisión técnica, validación en campo y articulación con sector educativo.;4.2;MEDIA
141;;OBANDO;I.E POLICARPA SALAVARRIETA BACHILLER;RURAL;CORREGIMIENTO SAN ISISDRO;I.E POLICARPA SALAVARRIETA BACHILLER;3163572282;34;34;0;84;ESCUELAS_IRCAS;DATO_PRINCIPAL_ESCUELAS_IRCAS;NO;SI;ASOCIACIÓN DE USUARIOS DEL ACUEDUCTO RURAL COMUNITARIO DEL CORREGIMIENTO DE SAN ISIDRO;RIESGO ALTO;ALTO;2625;ACUEDUCTO RURAL;QUEBRADA COMINALES;27.5/30;FAVORABLE CON REQUERIMIENTOS;2026-02-05;MUNICIPIO+NOMBRE_EXACTO;CRUCE_RECUPERADO;GEORREFERENCIADA;;589;;;;;;;;-75.9;4.56;;;-75.9;4.56;MEN_SEDES;COMPLEMENTADA_CON_MEN;0;0;2.019;IE POLICARPA SALAVARRIETA;POLICARPA SALAVARRIETA;RURAL;CORREG SAN ISIDRO;COINCIDENCIA_NOMBRE_FUERTE;0.93;PRIORITARIO;Alto e inviable;SIN_BRECHAS;NO;ALTA;58.7;ALTA;Programar seguimiento operativo y verificar condiciones del sistema abastecedor.;4.86;MEDIA
142;;OBANDO;I.E POLICARPA SALAVARREITA SEDE PRIMARIA;RURAL;CORREGIMIENTO SAN ISIDRO;PRIMARIA;3163572282;25;25;0;0;ESCUELAS_IRCAS;DATO_PRINCIPAL_ESCUELAS_IRCAS;NO;SI;ASOCIACIÓN DE USUARIOS DEL ACUEDUCTO RURAL COMUNITARIO DEL CORREGIMIENTO DE SAN ISIDRO;RIESGO ALTO;ALTO;2625;ACUEDUCTO RURAL;QUEBRADA COMINALES;27.5/30;FAVORABLE CON REQUERIMIENTOS;2026-02-05;MUNICIPIO+NOMBRE_EXACTO;CRUCE_RECUPERADO;SIN_COORDENADAS;;591;;;;;;;;;;;;;;SIN_COORDENADA;SIN_COORDENADA;0;0;;;;;;SIN_COINCIDENCIA_FUERTE;0.759;PRIORITARIO;Alto e inviable;SIN_COORDENADA;SI;MEDIA;59.89;ALTA;Programar seguimiento operativo y verificar condiciones del sistema abastecedor.;4.46;MEDIA
143;276041000169;ANSERMANUEVO;I.E SANTA INES SEDE SAN JUAN BOSCO;RURAL;VEREDA BAJO TIGRE;SAN JUAN BOSCO;3127230200;6;6;6;0;ESCUELAS_IRCAS;DATO_PRINCIPAL_ESCUELAS_IRCAS;NO;SI;JUNTA ADMÓN. ACUEDUCTO BAJO TIGRE;INVIABLE SANITARIAMENTE;INVIABLE SANITARIAMENTE;3459;ACUEDUCTO RURAL;QUEBRADA COMINALES - QUEBRADA LA GUAJIRA;22/30;FAVORABLE CON REQUERIMIENTOS;2026-03-05;COD_DANE_UNICO;CRUCE_OK;GEORREFERENCIADA;;50;INSTITUCION EDUCATIVA SANTA INES;SAN JUAN BOSCO;ACTIVA;OFICIAL;MAÑANA;EDUCACIÓN BÁSICA PRIMARIA;VDA BAJO TIGRE;-76.10986672;4.76554087;-76.10986672;4.76554087;;;SEDESUESVALLE;COORDENADA_ORIGINAL_SEDESUESVALLE;1;6;;;;;;COINCIDENCIA_NOMBRE_FUERTE_CON_POSIBLE_EMPATE;0.93;PRIORITARIO;Alto e inviable;SIN_BRECHAS;NO;ALTA;68.08;ALTA;Priorizar revisión técnica, validación en campo y articulación con sector educativo.;3.55;BAJA
144;;ROLDANILLO;I.E RODRIGO LLOREDA CAICEDO SEDE FRANCISCO DE PAULA SANTANDER;RURAL;VEREDA LA SOLEDAD;FRANCISCO DE PAULA SANTANDER;3154540589;8;8;0;0;ESCUELAS_IRCAS;DATO_PRINCIPAL_ESCUELAS_IRCAS;NO;SI;ASOCIACIÓN COMUNITARIA ADMINISTRADORA DEL ACUEDUCTO LA VEREDA LA SOLEDAD;RIESGO MEDIO;MEDIO;3171;ACUEDUCTO RURAL;QUEBRADA CRISTALINA 1 Y 2;24/30;FAVORABLE CON REQUERIMIENTOS;2026-03-10;MUNICIPIO+NOMBRE_EXACTO;CRUCE_RECUPERADO;SIN_COORDENADAS;;700;;;;;;;;;;;;;;SIN_COORDENADA;SIN_COORDENADA;0;0;;;;;;POSIBLE_COINCIDENCIA_REVISAR;0.873;PREVENTIVO;Medio;SIN_COORDENADA;SI;MEDIA;37.76;MEDIA;Mantener seguimiento preventivo dentro de la programación regular.;2.0;BAJA
145;276497000063;OBANDO;I.E SAN JOSE SEDE ANTONIA SANTOS;RURAL;CORREGIMIENTO CRUCES;ANTONIA SANTOS;3173755607;8;8;8;0;ESCUELAS_IRCAS;DATO_PRINCIPAL_ESCUELAS_IRCAS;NO;SI;JUNTA ADMINISTRADORA ACUEDUCTO CRUCES;INVIABLE SANITARIAMENTE;INVIABLE SANITARIAMENTE;2620;ACUEDUCTO RURAL FIME;QUEBRADA CRUCES;20/30;FAVORABLE CON REQUERIMIENTOS;2025-02-17;COD_DANE_UNICO;CRUCE_OK;GEORREFERENCIADA;;590;INSTITUCION EDUCATIVA SAN JOSE;ANTONIA SANTOS;ACTIVA;OFICIAL;UNICA;EDUCACIÓN BÁSICA SECUNDARIA;CORREG CRUCES;-75.921075;4.644746;-75.921075;4.644746;;;SEDESUESVALLE;COORDENADA_ORIGINAL_SEDESUESVALLE;1;8;;;;;;COINCIDENCIA_NOMBRE_FUERTE_CON_POSIBLE_EMPATE;0.93;PRIORITARIO;Alto e inviable;SIN_BRECHAS;NO;ALTA;68.76;ALTA;Priorizar revisión técnica, validación en campo y articulación con sector educativo.;4.01;MEDIA
146;276890000288;YOTOCO;I.E. SAN JUAN BOSCO SEDE NUESTRA SEÑORA DEL CARMEN;RURAL;VDA DOPO;NUESTRA SEÑORA DEL CARMEN;3187070210;13;13;11;251;ESCUELAS_IRCAS;DATO_PRINCIPAL_ESCUELAS_IRCAS;NO;SI;ASOCIACION DE USUARIOS DEL SISTEMA DE AGUA RURAL COMUNITARIA DE DOPO;RIESGO ALTO;ALTO;3406;ACUEDUCTO RURAL;QUEBRADA DOPO;25.5;FAVORABLE CON REQUERIMIENTOS;2025-10-24;COD_DANE_UNICO;CRUCE_OK;GEORREFERENCIADA;;931;INSTITUCION EDUCATIVA SAN JUAN BOSCO;NTRA SRA DEL CARMEN;ACTIVA;OFICIAL;MAÑANA;EDUCACIÓN BÁSICA PRIMARIA;CORREG DOPO;-76.393094;3.944153;-76.393094;3.944153;-76.41;3.96;SEDESUESVALLE;COORDENADA_ORIGINAL_SEDESUESVALLE;1;11;2.019;IE SAN JUAN BOSCO;SAN JUAN BOSCO;RURAL;VEREDA SAN JUAN;COINCIDENCIA_NOMBRE_FUERTE;0.93;PRIORITARIO;Alto e inviable;SIN_BRECHAS;NO;ALTA;56.21;ALTA;Programar seguimiento operativo y verificar condiciones del sistema abastecedor.;3.61;BAJA
147;276100000283;BOLIVAR;ESCUELA CARTAGENA DE INDIAS N.14;RURAL;CGTO LA HERRADURA;;3178692449;13;13;11;12;ESCUELAS_IRCAS;DATO_PRINCIPAL_ESCUELAS_IRCAS;NO;SI;ASOCIACION DE USUARIOS DEL ACUEDUCTO LA HERRADURA  ASOAHER;SIN RIESGO;SIN RIESGO;2170;ACUEDUCTO RURAL;QUEBRADA DOS QUEBRADAS;25.5;FAVORABLE CON REQUERIMIENTOS;2025-03-05;COD_DANE_UNICO;CRUCE_OK;GEORREFERENCIADA;;98;INSTITUCION EDUCATIVA MANUEL DOLORES MONDRAGON;CARTAGENA DE INDIAS;ACTIVA;OFICIAL;COMPLETA;EDUCACIÓN BÁSICA PRIMARIA;IP LA HERRADURA;-76.2138032;4.279408495;-76.2138032;4.279408495;-76.21;4.28;SEDESUESVALLE;COORDENADA_ORIGINAL_SEDESUESVALLE;1;11;2.019;IE MANUEL DOLORES MONDRAGON;CARTAGENA DE INDIAS;RURAL;CORREG LA HERRADURA;COINCIDENCIA_NOMBRE_FUERTE;0.93;RUTINARIO;Sin riesgo y bajo;SIN_BRECHAS;NO;ALTA;14.96;BAJA;Mantener seguimiento rutinario con control territorial rural.;0.0;BAJA
148;276122000465;CAICEDONIA;I.E RURAL CAICEDONIA SEDE ANTONIA SANTOS;RURAL;VDA BURILA;ANTONIA SANTOS;3166272869;47;47;0;74;ESCUELAS_IRCAS;DATO_PRINCIPAL_ESCUELAS_IRCAS;NO;SI;JUNTA ADMINSITRADORA DE ACUEDUCTO BURILAS;INVIABLE SANITARIAMENTE;INVIABLE SANITARIAMENTE;10699;;QUEBRADA EL BOSQUE;30;FAVORABLE CON REQUERIMIENTOS;2026-02-12;COD_DANE_UNICO;CRUCE_OK;GEORREFERENCIADA;;193;;;ACTIVA;OFICIAL;ESPECIAL;NIVELES EDUCATIVOS ESPECIALES;IP BURILA;-75.8238945974;4.28865879409;-75.8238945974;4.28865879409;-75.82;4.29;SEDESUESVALLE;COORDENADA_ORIGINAL_SEDESUESVALLE;2;0;2.019;IE ANTONIA SANTOS;ANTONIA SANTOS;RURAL;VDA BURILA;COINCIDENCIA_NOMBRE_FUERTE;0.93;PRIORITARIO;Alto e inviable;SIN_BRECHAS;NO;ALTA;73.31;ALTA;Priorizar revisión técnica, validación en campo y articulación con sector educativo.;7.06;ALTA
149;276606000265;RESTREPO;I.E JOSE ACEVEDO Y GOMEZ SEDE CRISTOBAL COLON;RURAL;VDA LA BELMIRA;CRISTOBAL COLON;3105483830;8;8;8;0;ESCUELAS_IRCAS;DATO_PRINCIPAL_ESCUELAS_IRCAS;NO;SI;JUNTA ADMINISTRADORA ACUEDUCTO LA BELMIRA;RIESGO ALTO;ALTO;3394;FILTRO EKOFIL;QUEBRADA EL BOSQUE;25;FAVORABLE CON REQUERIMIENTOS;2026-02-05;COD_DANE_UNICO;CRUCE_OK;GEORREFERENCIADA;;650;INSTITUCION EDUCATIVA JOSE ACEVEDO Y GOMEZ;CRISTOBAL COLON;ACTIVA;OFICIAL;MAÑANA;EDUCACIÓN BÁSICA SECUNDARIA;VDA LA BELMIRA;-76.52125587;3.801321807;-76.52125587;3.801321807;;;SEDESUESVALLE;COORDENADA_ORIGINAL_SEDESUESVALLE;1;8;;;;;;COINCIDENCIA_NOMBRE_FUERTE_CON_POSIBLE_EMPATE;0.93;PRIORITARIO;Alto e inviable;SIN_BRECHAS;NO;ALTA;55.01;ALTA;Programar seguimiento operativo y verificar condiciones del sistema abastecedor.;3.01;BAJA
150;276616000581;RIOFRIO;COLEGIO HERNANDO LLORENTE;RURAL;CALLE 3 # 1  - 03  SALONICA;;3104288524;167;167;187;0;ESCUELAS_IRCAS;DATO_PRINCIPAL_ESCUELAS_IRCAS;NO;SI;"FUNDACION USUARIOS ACUEDUCTO SALONICA ""ACUASALONICA""";SIN RIESGO;SIN RIESGO;4894;PLANTA FIME;QUEBRADA EL BOSQUE;21.0;FAVORABLE CON REQUERIMIENTOS;2025-02-06;COD_DANE_UNICO;CRUCE_OK;GEORREFERENCIADA;;657;INSTITUCION EDUCATIVA HERNANDO LLORENTE ARROYO;HERNANDO LLORENTE ARROYO;ACTIVA;OFICIAL;COMPLETA;EDUCACIÓN MEDIA;CORREG SALONICA;-76.36582997;4.129474421;-76.36582997;4.129474421;;;SEDESUESVALLE;COORDENADA_ORIGINAL_SEDESUESVALLE;1;187;;;;;;SIN_COINCIDENCIA_FUERTE;0.694;RUTINARIO;Sin riesgo y bajo;SIN_BRECHAS;NO;ALTA;21.71;BAJA;Mantener seguimiento rutinario con control territorial rural.;0.0;BAJA
151;276616000212;RIOFRIO;ESCUELA N. 6 JOSE MARIA CORDOBA;RURAL;CARRERA 4 # 2  - 00  SALONICA;;3116344098;95;95;100;110;ESCUELAS_IRCAS;DATO_PRINCIPAL_ESCUELAS_IRCAS;NO;SI;"FUNDACION USUARIOS ACUEDUCTO SALONICA ""ACUASALONICA""";SIN RIESGO;SIN RIESGO;4894;PLANTA FIME;QUEBRADA EL BOSQUE;20.0;FAVORABLE CON REQUERIMIENTOS;2025-02-18;COD_DANE_UNICO;CRUCE_OK;GEORREFERENCIADA;;654;INSTITUCION EDUCATIVA HERNANDO LLORENTE ARROYO;JOSE MARIA CORDOBA;ACTIVA;OFICIAL;COMPLETA;EDUCACIÓN BÁSICA PRIMARIA;IP SALONICA CRA 4 #2-00;-76.36440229;4.13609884;-76.36440229;4.13609884;-76.36;4.14;SEDESUESVALLE;COORDENADA_ORIGINAL_SEDESUESVALLE;1;100;2.019;IE HERNANDO LLORENTE ARROYO;JOSE MARIA CORDOBA;RURAL;CORREG SALONICA;COINCIDENCIA_NOMBRE_FUERTE;0.93;RUTINARIO;Sin riesgo y bajo;SIN_BRECHAS;NO;ALTA;20.19;BAJA;Mantener seguimiento rutinario con control territorial rural.;0.0;BAJA
152;276616000239;RIOFRIO;ESCUELA N. 7 MERCEDES ABREGO;RURAL;CARRERA 4 # 2  - 00  CGTO SALONICA;;3116344098;120;120;0;121;ESCUELAS_IRCAS;DATO_PRINCIPAL_ESCUELAS_IRCAS;NO;SI;"FUNDACION USUARIOS ACUEDUCTO SALONICA ""ACUASALONICA""";SIN RIESGO;SIN RIESGO;4895;PLANTA FIME;QUEBRADA EL BOSQUE;20.0;FAVORABLE CON REQUERIMIENTOS;2025-02-18;SIN_COINCIDENCIA;PENDIENTE;GEORREFERENCIADA;;;;;;;;;;-76.37;4.13;;;-76.37;4.13;MEN_SEDES;COMPLEMENTADA_CON_MEN;0;0;2.019;IE HERNANDO LLORENTE ARROYO;MERCEDES ABREGO;RURAL;CORREG SALONICA;COINCIDENCIA_NOMBRE_FUERTE;0.93;RUTINARIO;Sin riesgo y bajo;CRUCE_PENDIENTE;SI;MEDIA;22.82;BAJA;Mantener seguimiento rutinario con control territorial rural.;0.0;BAJA
153;276845000056;ULLOA;I.E MARIA INMACULADA SEDE POLICARPA SALAVARRIETA;RURAL;VEREDA EL BRILLANTE;POLICARPA SALAVARRIETA;3105231411;11;11;11;0;ESCUELAS_IRCAS;DATO_PRINCIPAL_ESCUELAS_IRCAS;NO;SI;JUNTA DE ACCIÓN COMUNAL VEREDA EL BRILLANTE;INVIABLE SANITARIAMENTE;INVIABLE SANITARIAMENTE;302;ACUEDUCTO RURAL FILTRACION EN LINEA;QUEBRADA EL BOSQUE - QUEBRADA EL BRILLANTE;20/30;FAVORABLE CON REQUERIMIENTOS;2025-11-18;COD_DANE_UNICO;CRUCE_OK;GEORREFERENCIADA;;871;INSTITUCION EDUCATIVA MARIA INMACULADA;POLICARPA SALAVARRIETA;ACTIVA;OFICIAL;ESPECIAL;EDUCACIÓN BÁSICA PRIMARIA;VDA EL BRILLANTE;-75.735857;4.707026;-75.735857;4.707026;;;SEDESUESVALLE;COORDENADA_ORIGINAL_SEDESUESVALLE;1;11;;;;;;COINCIDENCIA_NOMBRE_FUERTE_CON_POSIBLE_EMPATE;0.933;PRIORITARIO;Alto e inviable;SIN_BRECHAS;NO;ALTA;69.54;ALTA;Priorizar revisión técnica, validación en campo y articulación con sector educativo.;4.53;MEDIA
154;276250000044;EL DOVIO;I.E JOSE MARIA FALLA SEDE BENJAMIN PEREA;RURAL;VEREDA LA MARIA;BENJAMIN PEREA;3206142642;9;9;9;0;ESCUELAS_IRCAS;DATO_PRINCIPAL_ESCUELAS_IRCAS;NO;SI;ACUEDUCTO RURAL VEREDA LA MARIA;INVIABLE SANITARIAMENTE;INVIABLE SANITARIAMENTE;3465;ACUEDUCTO RURAL;QUEBRADA EL CABUYO;20/30;FAVORABLE CON REQUERIMIENTOS;2025-07-22;COD_DANE_UNICO;CRUCE_OK;GEORREFERENCIADA;;382;INSTITUCION EDUCATIVA JOSE MARIA FALLA;BENJAMIN PEREA;ACTIVA;OFICIAL;UNICA;EDUCACIÓN BÁSICA PRIMARIA;VDA LA MARIA;-76.25798568;4.51762184;-76.25798568;4.51762184;;;SEDESUESVALLE;COORDENADA_ORIGINAL_SEDESUESVALLE;1;9;;;;;;COINCIDENCIA_NOMBRE_FUERTE_CON_POSIBLE_EMPATE;0.93;PRIORITARIO;Alto e inviable;SIN_BRECHAS;NO;ALTA;69.05;ALTA;Priorizar revisión técnica, validación en campo y articulación con sector educativo.;4.2;MEDIA
155;276250000371;EL DOVIO;I.E ACERG SEDE LUIS ZULUAGA;RURAL;VEREDA CAÑADA HONDA;LUIS ZULUAGA;3136024955;6;6;6;8;ESCUELAS_IRCAS;DATO_PRINCIPAL_ESCUELAS_IRCAS;NO;SI;ACUEDUCTO RURAL CAÑADA HONDA BAJA - CASTILLO;INVIABLE SANITARIAMENTE;INVIABLE SANITARIAMENTE;523;ACUEDUCTO RURAL;QUEBRADA EL CASTILLO;20/30;FAVORABLE CON REQUERIMIENTOS;2025-07-21;COD_DANE_UNICO;CRUCE_OK;GEORREFERENCIADA;;387;INSTITUCION EDUCATIVA ACERG  ASOCIACION DE CENTROS EDUCATIVOS DEL CAÑON DEL RIO GARRAPATAS;LUIS ZULUAGA;ACTIVA;OFICIAL;UNICA;EDUCACIÓN BÁSICA SECUNDARIA;VDA CAÑADA HONDA;-76.20853572;4.518481618;-76.20853572;4.518481618;-76.21;4.52;SEDESUESVALLE;COORDENADA_ORIGINAL_SEDESUESVALLE;1;6;2.019;IE ACERG;LUIS ZULUAGA;RURAL;VDA CAÑADA HONDA;COINCIDENCIA_NOMBRE_FUERTE;0.93;PRIORITARIO;Alto e inviable;SIN_BRECHAS;NO;ALTA;68.08;ALTA;Priorizar revisión técnica, validación en campo y articulación con sector educativo.;3.55;BAJA
156;276233000499;DAGUA;I.E. MIGUEL ANTONIO CARO SEDE MANUEL MEJIA;RURAL;CORREGIMIENTO SANTAMARIA;MANUEL MEJIA;6024350505;17;17;17;0;ESCUELAS_IRCAS;DATO_PRINCIPAL_ESCUELAS_IRCAS;NO;SI;ASOCIACION COMUNITARIA ADMINISTRADORA DEL ACUEDUCTO DE LA LOCALIDAD DE SANTA MARIA MUNICIPIO DE DAGUA - ACOACEDRO;RIESGO ALTO;ALTO;346;ACUEDUCTO RURAL ACOACEDRO;QUEBRADA EL CEDRO;21/30;DESFAVORABLE;2026-05-15;COD_DANE_UNICO;CRUCE_OK;GEORREFERENCIADA;;262;INSTITUCION EDUCATIVA MIGUEL ANTONIO CARO;MANUEL MEJIA;ACTIVA;OFICIAL;COMPLETA;EDUCACIÓN BÁSICA PRIMARIA;IPD STA MARIA;-76.71134146;3.633914308;-76.71134146;3.633914308;;;SEDESUESVALLE;COORDENADA_ORIGINAL_SEDESUESVALLE;1;17;;;;;;COINCIDENCIA_NOMBRE_FUERTE_CON_POSIBLE_EMPATE;0.93;PRIORITARIO;Alto e inviable;SIN_BRECHAS;NO;ALTA;61.1;ALTA;Programar seguimiento operativo y verificar condiciones del sistema abastecedor.;4.52;MEDIA
157;276736000151;SEVILLA;I.E. JORGE ELIECER GAITAN SEDE SANTA ANA;RURAL;VEREDA LA ESTRELLA;SANTA ANA;3113409366;5;5;4;0;ESCUELAS_IRCAS;DATO_PRINCIPAL_ESCUELAS_IRCAS;NO;SI;ASOCIACION COMUNITARIA ADMINISTRADORA DEL ACUEDUCTO RURAL LA MARIA LA ESTRELLA;RIESGO MEDIO;MEDIO;543;;QUEBRADA EL COFRE;22.5;FAVORABLE CON REQUERIMIENTOS;;COD_DANE_UNICO;CRUCE_OK;GEORREFERENCIADA;;778;INSTITUCION EDUCATIVA JORGE ELIECER GAITAN;SANTA ANA;ACTIVA;OFICIAL;MAÑANA;EDUCACIÓN BÁSICA PRIMARIA;CORREG ESTRELLA;-75.963357;4.268127;-75.963357;4.268127;;;SEDESUESVALLE;COORDENADA_ORIGINAL_SEDESUESVALLE;1;4;;;;;;COINCIDENCIA_NOMBRE_FUERTE_CON_POSIBLE_EMPATE;0.93;PREVENTIVO;Medio;SIN_BRECHAS;NO;ALTA;34.66;BAJA;Mantener seguimiento preventivo dentro de la programación regular.;1.63;BAJA
158;176233000036;DAGUA;I.E. GIMNASIO DEL DAGUA SEDE ANTONIO RICAURTE;URBANO;CARRERA 19 # 7  - 24;ANTONIO RICAURTE;3206212567;191;191;191;0;ESCUELAS_IRCAS;DATO_PRINCIPAL_ESCUELAS_IRCAS;NO;SI;ACUAVALLE S.A ESP;SIN RIESGO;SIN RIESGO;49;PLANTA ACUAVALLE S.A ESP;QUEBRADA EL COGOLLO Y EL PASEO;23/30;FAVORABLE;2026-01-27;COD_DANE_UNICO;CRUCE_OK;GEORREFERENCIADA;;241;INSTITUCION ETNOEDUCATIVA GIMNASIO DEL DAGUA;ANTONIO RICAURTE;ACTIVA;OFICIAL;MAÑANA;EDUCACIÓN BÁSICA SECUNDARIA;CRA 19 # 7-24;-76.6874686949;3.65773913841;-76.6874686949;3.65773913841;;;SEDESUESVALLE;COORDENADA_ORIGINAL_SEDESUESVALLE;1;191;;;;;;COINCIDENCIA_NOMBRE_FUERTE_CON_POSIBLE_EMPATE;0.93;RUTINARIO;Sin riesgo y bajo;SIN_BRECHAS;NO;ALTA;18.47;BAJA;Mantener seguimiento rutinario.;0.0;BAJA
159;176233001016;DAGUA;I.E. GIMNASIO DEL DAGUA SEDE INDALECIO LIEVANO AGUIRRE;URBANO;BARRIO BELLAVISTA;INDALECIO LIEVANO AGUIRRE;6022450351;37;37;37;0;ESCUELAS_IRCAS;DATO_PRINCIPAL_ESCUELAS_IRCAS;NO;SI;ACUAVALLE S.A ESP;SIN RIESGO;SIN RIESGO;49;PLANTA ACUAVALLE S.A ESP;QUEBRADA EL COGOLLO Y EL PASEO;23/30;FAVORABLE;2026-01-27;COD_DANE_UNICO;CRUCE_OK;GEORREFERENCIADA;;245;INSTITUCION ETNOEDUCATIVA GIMNASIO DEL DAGUA;INDALECIO LIEVANO AGUIRRE.;ACTIVA;OFICIAL;MAÑANA;EDUCACIÓN BÁSICA PRIMARIA;CLL 15 CRA 19 B/ BELLAVISTA;-76.68841725;3.651806594;-76.68841725;3.651806594;;;SEDESUESVALLE;COORDENADA_ORIGINAL_SEDESUESVALLE;1;37;;;;;;COINCIDENCIA_NOMBRE_FUERTE_CON_POSIBLE_EMPATE;0.93;RUTINARIO;Sin riesgo y bajo;SIN_BRECHAS;NO;ALTA;14.07;BAJA;Mantener seguimiento rutinario.;0.0;BAJA
160;176233000061;DAGUA;I.E. GIMNASIO DEL DAGUA SEDE SANTA LUCIA;URBANO;CALLE 9  CARRERA 21;SANTA LUCIA;6022450351;260;260;260;0;ESCUELAS_IRCAS;DATO_PRINCIPAL_ESCUELAS_IRCAS;NO;SI;ACUAVALLE S.A ESP;SIN RIESGO;SIN RIESGO;49;PLANTA ACUAVALLE S.A ESP;QUEBRADA EL COGOLLO Y EL PASEO;18,5/30;FAVORABLE;2026-01-27;COD_DANE_UNICO;CRUCE_OK;GEORREFERENCIADA;;247;INSTITUCION ETNOEDUCATIVA GIMNASIO DEL DAGUA;SANTA LUCIA;ACTIVA;OFICIAL;MAÑANA;EDUCACIÓN BÁSICA PRIMARIA;CLL 9 CRA 21;-76.6869031;3.657149255;-76.6869031;3.657149255;;;SEDESUESVALLE;COORDENADA_ORIGINAL_SEDESUESVALLE;1;260;;;;;;COINCIDENCIA_NOMBRE_FUERTE_CON_POSIBLE_EMPATE;0.93;RUTINARIO;Sin riesgo y bajo;SIN_BRECHAS;NO;ALTA;19.3;BAJA;Mantener seguimiento rutinario.;0.0;BAJA
161;176233000044;DAGUA;I.E. GIMNASIO DEL DAGUA SEDE ANTONIA SANTOS;URBANO;CALLE 11 # 13  - 11;ANTONIA SANTOS;6022450778;255;255;255;0;ESCUELAS_IRCAS;DATO_PRINCIPAL_ESCUELAS_IRCAS;NO;SI;ACUAVALLE S.A ESP;SIN RIESGO;SIN RIESGO;49;PLANTA ACUAVALLE S.A ESP;QUEBRADA EL COGOLLO Y EL PASEO;20/30;FAVORABLE;2026-01-27;COD_DANE_UNICO;CRUCE_OK;GEORREFERENCIADA;;249;INSTITUCION ETNOEDUCATIVA GIMNASIO DEL DAGUA;ANTONIA SANTOS;ACTIVA;OFICIAL;MAÑANA;EDUCACIÓN BÁSICA SECUNDARIA;CL 11 13 11 BRR LA CABAÑA;-76.7203934654;3.64982221828;-76.7203934654;3.64982221828;;;SEDESUESVALLE;COORDENADA_ORIGINAL_SEDESUESVALLE;1;255;;;;;;COINCIDENCIA_NOMBRE_FUERTE_CON_POSIBLE_EMPATE;0.93;RUTINARIO;Sin riesgo y bajo;SIN_BRECHAS;NO;ALTA;19.25;BAJA;Mantener seguimiento rutinario.;0.0;BAJA
162;176233000656;DAGUA;I.E. GIMNASIO DEL DAGUA SEDE PRINCIPAL;URBANO;CARRERA 12C # 0  - 0;PRINCIPAL;3104986042;267;267;617;0;ESCUELAS_IRCAS;DATO_PRINCIPAL_ESCUELAS_IRCAS;NO;SI;ACUAVALLE S.A ESP;SIN RIESGO;SIN RIESGO;49;PLANTA ACUAVALLE S.A ESP;QUEBRADA EL COGOLLO Y EL PASEO;20/30;FAVORABLE;2026-01-27;COD_DANE_UNICO;CRUCE_OK;GEORREFERENCIADA;;227;INSTITUCION ETNOEDUCATIVA GIMNASIO DEL DAGUA;DEL DAGUA;ACTIVA;OFICIAL;COMPLETA, MAÑANA, NOCTURNA;EDUCACIÓN MEDIA;KR 12 C URB EL LLANITO;-76.69203608;3.659230704;-76.69203608;3.659230704;;;SEDESUESVALLE;COORDENADA_ORIGINAL_SEDESUESVALLE;1;617;;;;;;COINCIDENCIA_NOMBRE_FUERTE_CON_POSIBLE_EMPATE;0.93;RUTINARIO;Sin riesgo y bajo;SIN_BRECHAS;NO;ALTA;19.38;BAJA;Mantener seguimiento rutinario.;0.0;BAJA
163;276246000145;EL CAIRO;IE LA PRESENTACION SEDE FRANCISCO DE PAULA SANTANDER;RURAL;VEREDA LA PALMERA;FRANCISCO DE PAULA SANTANDER;3147703512;6;6;6;0;ESCUELAS_IRCAS;DATO_PRINCIPAL_ESCUELAS_IRCAS;NO;SI;JUNTA ADMINISTRADORA ACUEDUCTO RURAL LA PALMERA;RIESGO ALTO;ALTO;1010;ACUEDUCTO RURAL;QUEBRADA EL CORDONALLO O EL BOSQUE;26.5/30;FAVORABLE CON REQUERIMIENTOS;2025-07-29;COD_DANE_UNICO;CRUCE_OK;GEORREFERENCIADA;;335;INSTITUCION EDUCATIVA LA PRESENTACION;FRANCISCO DE PAULA SANTANDER;ACTIVA;OFICIAL;COMPLETA;EDUCACIÓN BÁSICA PRIMARIA;VDA LA PALMERA;-76.22882817;4.734051095;-76.22882817;4.734051095;;;SEDESUESVALLE;COORDENADA_ORIGINAL_SEDESUESVALLE;1;6;;;;;;COINCIDENCIA_NOMBRE_FUERTE_CON_POSIBLE_EMPATE;0.98;PRIORITARIO;Alto e inviable;SIN_BRECHAS;NO;ALTA;54.33;MEDIA;Programar seguimiento operativo y verificar condiciones del sistema abastecedor.;2.66;BAJA
164;276890000458;YOTOCO;I.E. SAN JUAN BOSCO SEDE CARLOS ALFONSO GIL;RURAL;VEREDA EL DELIRIO;CARLOS ALFONSO GIL;3028507676;14;14;13;0;ESCUELAS_IRCAS;DATO_PRINCIPAL_ESCUELAS_IRCAS;NO;SI;ASOCIACION DE USUARIOS ACUEDUCTO RURAL EL DELIRIO - ASUACURDEL;SIN RIESGO;SIN RIESGO;3271;ACUEDUCTO RURAL;QUEBRADA EL DELIRIO;21.5;FAVORABLE CON REQUERIMIENTOS;2025-10-24;COD_DANE_UNICO;CRUCE_OK;GEORREFERENCIADA;;930;INSTITUCION EDUCATIVA SAN JUAN BOSCO;CARLOS ALFONSO GIL;ACTIVA;OFICIAL;MAÑANA;EDUCACIÓN BÁSICA PRIMARIA;VDA EL DELIVIO;-76.38042214;3.97010716;-76.38042214;3.97010716;;;SEDESUESVALLE;COORDENADA_ORIGINAL_SEDESUESVALLE;1;13;;;;;;COINCIDENCIA_NOMBRE_FUERTE_CON_POSIBLE_EMPATE;0.93;RUTINARIO;Sin riesgo y bajo;SIN_BRECHAS;NO;ALTA;15.15;BAJA;Mantener seguimiento rutinario con control territorial rural.;0.0;BAJA
165;276243000284;EL AGUILA;I.E JUSTINIANO ECHAVARRIA SEDE RICARDO NIETO;RURAL;VEREDA LA JUDEA;RICARDO NIETO;3105261927;8;8;9;11;ESCUELAS_IRCAS;DATO_PRINCIPAL_ESCUELAS_IRCAS;NO;SI;JUNTA DE ACUEDUCTO LA JUDEA;SIN RIESGO;SIN RIESGO;2616;FILTRO DE ARCILLA;QUEBRADA EL DESIERTO;22/30;FAVORABLE CON REQUERIMIENTOS;2026-03-06;COD_DANE_UNICO;CRUCE_OK;GEORREFERENCIADA;;291;INSTITUCION EDUCATIVA JUSTINIANO ECHAVARRIA;RICARDO NIETO;ACTIVA;OFICIAL;MAÑANA;EDUCACIÓN BÁSICA PRIMARIA;CAS LA JUDEA;-76.07743396;4.964506008;-76.07743396;4.964506008;-76.08;4.96;SEDESUESVALLE;COORDENADA_ORIGINAL_SEDESUESVALLE;1;9;2.019;IE JUSTINIANO ECHAVARRIA;RICARDO NIETO;RURAL;CORREG LA JUDEA;COINCIDENCIA_NOMBRE_FUERTE;0.93;RUTINARIO;Sin riesgo y bajo;SIN_BRECHAS;NO;ALTA;13.76;BAJA;Mantener seguimiento rutinario con control territorial rural.;0.0;BAJA
166;276306000336;GINEBRA;I.E. DE DESARROLLO RURAL LA SELVA SEDE CONCENTRACION DE DESARROLLO RURAL LA SELVA;RURAL;VEREDA LA SELVA;CONCENTRACION DE DESARROLLO RURAL LA SELVA;3169255262 - 3161000377;95;95;0;139;ESCUELAS_IRCAS;DATO_PRINCIPAL_ESCUELAS_IRCAS;NO;SI;ASOCIACIÓN DE USUARIOS DEL ACUEDUCTO DEL CORREGIMIENTO LA SELVA - ASUACLAS;RIESGO ALTO;ALTO;349;-;QUEBRADA EL DIAMANTE;62.04;DESFAVORABLE;2025-04-04;MUNICIPIO+NOMBRE_EXACTO;CRUCE_RECUPERADO;GEORREFERENCIADA;;460;;;;;;;;-76.21;3.75;;;-76.21;3.75;MEN_SEDES;COMPLEMENTADA_CON_MEN;0;0;2.019;IE DE DESARROLLO RURAL LA SELVA;CONCENTRACION DE DESARROLLO RURAL LA SELVA;RURAL;ZONA RURAL DE GINEBRA;COINCIDENCIA_NOMBRE_FUERTE;0.955;PRIORITARIO;Alto e inviable;SIN_BRECHAS;NO;ALTA;65.64;ALTA;Programar seguimiento operativo y verificar condiciones del sistema abastecedor.;7.14;ALTA
167;276306000191;GINEBRA;I.E. DE DESARROLLO RURAL LA SELVA SEDE ANTONIO RICAURTE;RURAL;VEREDA LA SELVA;ANTONIO RICAURTE;3169255262 - 3151000377;30;30;30;62;ESCUELAS_IRCAS;DATO_PRINCIPAL_ESCUELAS_IRCAS;NO;SI;ASOCIACIÓN DE USUARIOS DEL ACUEDUCTO DEL CORREGIMIENTO LA SELVA - ASUACLAS;RIESGO ALTO;ALTO;349;-;QUEBRADA EL DIAMANTE;62.04;DESFAVORABLE;2025-04-04;COD_DANE_UNICO;CRUCE_OK;GEORREFERENCIADA;;461;INSTITUCION EDUCATIVA DE DESARROLLO RURAL LA SELVA;ANTONIO RICAURTE;ACTIVA;OFICIAL;COMPLETA;EDUCACIÓN BÁSICA PRIMARIA;VDA LA SELVA;-76.20235994;3.746972776;-76.20235994;3.746972776;-76.2;3.75;SEDESUESVALLE;COORDENADA_ORIGINAL_SEDESUESVALLE;1;30;2.019;IE DE DESARROLLO RURAL LA SELVA;ANTONIO RICAURTE;RURAL;VDA LA SELVA;COINCIDENCIA_NOMBRE_FUERTE;0.932;PRIORITARIO;Alto e inviable;SIN_BRECHAS;NO;ALTA;62.57;ALTA;Programar seguimiento operativo y verificar condiciones del sistema abastecedor.;5.37;MEDIA
168;176054000023;ARGELIA;I.E GILBERTO ALZATE AVENDAÑO SEDE GILBERTO ALZATE AVENDAÑO;URBANO;CALLE 3 # 1  - 37;GILBERTO ALZATE AVENDAÑO;3113858488;151;151;151;355;ESCUELAS_IRCAS;DATO_PRINCIPAL_ESCUELAS_IRCAS;NO;SI;ACUAVALLE S.A ESP;SIN RIESGO;SIN RIESGO;64;PLANTA ACUAVALLE S.A ESP;QUEBRADA EL DIAMANTE;27.5/30;FAVORABLE CON REQUERIMIENTOS;2026-01-28;COD_DANE_UNICO;CRUCE_OK;GEORREFERENCIADA;;69;INSTITUCION EDUCATIVA GILBERTO ALZATE AVENDAÑO;GILBERTO ALZATE AVENDAÑO;ACTIVA;OFICIAL;FIN DE SEMANA, MAÑANA;EDUCACIÓN MEDIA;CLL 3A # 1- 37 BRR/LA FLORESTA;-76.11847551;4.727261274;-76.11847551;4.727261274;-76.12;4.73;SEDESUESVALLE;COORDENADA_ORIGINAL_SEDESUESVALLE;1;151;2.019;IE GILBERTO ALZATE AVENDAÑO.;GILBERTO ALZATE AVENDAÑO;URBANA;CLL 3A NO. 137;COINCIDENCIA_NOMBRE_FUERTE;0.937;RUTINARIO;Sin riesgo y bajo;SIN_BRECHAS;NO;ALTA;21.44;BAJA;Mantener seguimiento rutinario.;0.0;BAJA
169;176054000163;ARGELIA;I.E GILBERTO ALZATE AVENDAÑO SEDE FABIO MARTINEZ CIFUENTES;URBANO;CALLE 3 # 1  - 37;FABIO MARTINEZ CIFUENTES;3113858488;169;169;169;0;ESCUELAS_IRCAS;DATO_PRINCIPAL_ESCUELAS_IRCAS;NO;SI;ACUAVALLE S.A ESP;SIN RIESGO;SIN RIESGO;64;PLANTA ACUAVALLE S.A ESP;QUEBRADA EL DIAMANTE;26.5/30;FAVORABLE CON REQUERIMIENTOS;2026-01-28;COD_DANE_UNICO;CRUCE_OK;GEORREFERENCIADA;;70;INSTITUCION EDUCATIVA GILBERTO ALZATE AVENDAÑO;FABIO MARTÍNEZ CIFUENTES;ACTIVA;OFICIAL;MAÑANA;EDUCACIÓN BÁSICA PRIMARIA;CLL 13 B/LA FLORESTA;-76.11757468;4.726575635;-76.11757468;4.726575635;;;SEDESUESVALLE;COORDENADA_ORIGINAL_SEDESUESVALLE;1;169;;;;;;COINCIDENCIA_NOMBRE_FUERTE_CON_POSIBLE_EMPATE;0.937;RUTINARIO;Sin riesgo y bajo;SIN_BRECHAS;NO;ALTA;21.74;BAJA;Mantener seguimiento rutinario.;0.0;BAJA
170;;ARGELIA;I.E GILBERTO ALZATE AVENDAÑO SEDE MANUEL MEJIA VELEZ;URBANO;CALLE 3 # 1  - 27;MANUEL MEJIA VELEZ;3113858488;0;0;0;0;SIN_FUENTE;SIN_DATO_MATRICULA;SI;SI;ACUAVALLE S.A ESP;SIN RIESGO;SIN RIESGO;64;PLANTA ACUAVALLE S.A ESP;QUEBRADA EL DIAMANTE;No Registra;SIN CONCEPTO;;MUNICIPIO+NOMBRE_EXACTO;CRUCE_RECUPERADO;SIN_COORDENADAS;;85;;;;;;;;;;;;;;SIN_COORDENADA;SIN_COORDENADA;0;0;;;;;;COINCIDENCIA_NOMBRE_FUERTE_CON_POSIBLE_EMPATE;0.93;RUTINARIO;Sin riesgo y bajo;"SIN_MATRICULA_VALIDADA; SIN_COORDENADA";SI;BAJA;8.6;BAJA;Priorizar georreferenciación de la sede educativa.;0.0;BAJA
171;276828000905;TRUJILLO;ESCUELA N. 48 STA LUCIA;RURAL;VEREDA ALTO CRISTALES - ANDINAPOLIS;;3153797397;6;6;6;0;ESCUELAS_IRCAS;DATO_PRINCIPAL_ESCUELAS_IRCAS;NO;SI;ASOCIACION DE USUARIOS ACUEDUCTO ALTO CRISTALES;RIESGO ALTO;ALTO;11623;NACIMIENTO;QUEBRADA EL ESPANTO;25.5;FAVORABLE CON REQUERIMIENTOS;2025-03-13;COD_DANE_UNICO;CRUCE_OK;GEORREFERENCIADA;;849;INSTITUCION EDUCATIVA ANTONIO JOSE DE SUCRE;SANTA LUCIA;ACTIVA;OFICIAL;MAÑANA;EDUCACIÓN BÁSICA PRIMARIA;VDA ALTO CRISTALES;-76.38496853;4.19096086;-76.38496853;4.19096086;;;SEDESUESVALLE;COORDENADA_ORIGINAL_SEDESUESVALLE;1;6;;;;;;SIN_COINCIDENCIA_FUERTE;0.647;PRIORITARIO;Alto e inviable;SIN_BRECHAS;NO;ALTA;54.33;MEDIA;Programar seguimiento operativo y verificar condiciones del sistema abastecedor.;2.66;BAJA
172;;OBANDO;I.E MARIA ANALIA ORTIZ HORMANZA BACHILLERATO;RURAL;CORREGIMIENTO VILLA RODAS;I.E MARIA ANALIA ORTIZ HORMANZA BACHILLERATO;3217085850;66;66;0;0;ESCUELAS_IRCAS;DATO_PRINCIPAL_ESCUELAS_IRCAS;NO;SI;ASOCIACIÓN DE USUARIOS DEL ACUEDUCTO Y ALCANTARILLADO DE VILLA RODAS # 1;INVIABLE SANITARIAMENTE;INVIABLE SANITARIAMENTE;1922;FILTRO EKOFIL;QUEBRADA EL GUAICO - QUEBRADA EL PEÑOL;28.5/30;FAVORABLE CON REQUERIMIENTOS;2026-03-06;MUNICIPIO+NOMBRE_EXACTO;CRUCE_RECUPERADO;SIN_COORDENADAS;;572;;;;;;;;;;;;;;SIN_COORDENADA;SIN_COORDENADA;0;0;;;;;;SIN_COINCIDENCIA_FUERTE;0.764;PRIORITARIO;Alto e inviable;SIN_COORDENADA;SI;MEDIA;76.21;MUY ALTA;Priorizar revisión técnica, validación en campo y articulación con sector educativo.;7.67;ALTA
173;;OBANDO;I.E MARIA ANALIA ORTIZ HORMANZA SEDE PRIMARIA;RURAL;CORREGIMIENTO VILLA RODAS;PRIMARIA;3153835753;33;33;0;0;ESCUELAS_IRCAS;DATO_PRINCIPAL_ESCUELAS_IRCAS;NO;SI;ASOCIACIÓN DE USUARIOS DEL ACUEDUCTO Y ALCANTARILLADO DE VILLA RODAS # 1;INVIABLE SANITARIAMENTE;INVIABLE SANITARIAMENTE;1922;FILTRO EKOFIL;QUEBRADA EL GUAICO - QUEBRADA EL PEÑOL;26.5/30;FAVORABLE CON REQUERIMIENTOS;2026-03-06;MUNICIPIO+NOMBRE_EXACTO;CRUCE_RECUPERADO;SIN_COORDENADAS;;573;;;;;;;;;;;;;;SIN_COORDENADA;SIN_COORDENADA;0;0;;;;;;SIN_COINCIDENCIA_FUERTE;0.778;PRIORITARIO;Alto e inviable;SIN_COORDENADA;SI;MEDIA;74.37;ALTA;Priorizar revisión técnica, validación en campo y articulación con sector educativo.;6.43;ALTA
174;;TORO;I.E TECNICA AGROPECUARIA NUESTRA SEÑORA DE FATIMA (PRIMARIA);RURAL;CORREGIMIENTO SAN FRANCISCO;I.E TECNICA AGROPECUARIA NUESTRA SEÑORA DE FATIMA (PRIMARIA);3147328970;100;100;0;299;ESCUELAS_IRCAS;DATO_PRINCIPAL_ESCUELAS_IRCAS;NO;SI;ASOCIACIÓN CÍVICA JUNTA ADMINISTRADORA DEL ACUEDUCTO CGTO SAN FRANCISCO;INVIABLE SANITARIAMENTE;INVIABLE SANITARIAMENTE;44;ACUEDUCTO RURAL FIME NO FUNCIONAL;QUEBRADA EL GUINEA - QUEBRADA PAN DE AZUCAR;17/30;FAVORABLE CON REQUERIMIENTOS;2026-02-03;MUNICIPIO+NOMBRE_EXACTO;CRUCE_RECUPERADO;GEORREFERENCIADA;;812;;;;;;;;-76.04;4.68;;;-76.04;4.68;MEN_SEDES;COMPLEMENTADA_CON_MEN;0;0;2.019;IE  TECNICA AGROPECUARIA TORO;NUESTRA SEÑORA DE FATIMA;RURAL;CORRG SAN FRANCISCO;COINCIDENCIA_NOMBRE_FUERTE;0.93;PRIORITARIO;Alto e inviable;SIN_BRECHAS;NO;ALTA;75.33;MUY ALTA;Priorizar revisión técnica, validación en campo y articulación con sector educativo.;8.42;MUY ALTA
175;276823000061;TORO;IE AGROPECUARIA SEDE NUESTRA SEÑORA DE FATIMA;RURAL;SAN FRANCISCO;NUESTRA SEÑORA DE FATIMA;3147328970;207;207;207;299;ESCUELAS_IRCAS;DATO_PRINCIPAL_ESCUELAS_IRCAS;NO;SI;ASOCIACIÓN CÍVICA JUNTA ADMINISTRADORA DEL ACUEDUCTO CGTO SAN FRANCISCO;INVIABLE SANITARIAMENTE;INVIABLE SANITARIAMENTE;44;ACUEDUCTO RURAL FIME NO FUNCIONAL;QUEBRADA EL GUINEA - QUEBRADA PAN DE AZUCAR;21/30;FAVORABLE CON REQUERIMIENTOS;2026-02-03;COD_DANE_UNICO;CRUCE_OK;GEORREFERENCIADA;;815;INSTITUCION EDUCATIVA  TECNICA AGROPECUARIA TORO;NUESTRA SEÑORA DE FATIMA;ACTIVA;OFICIAL;MAÑANA;EDUCACIÓN MEDIA;CORREG SAN FRANCISCO;-76.036392;4.684428;-76.036392;4.684428;-76.04;4.68;SEDESUESVALLE;COORDENADA_ORIGINAL_SEDESUESVALLE;1;207;2.019;IE  TECNICA AGROPECUARIA TORO;NUESTRA SEÑORA DE FATIMA;RURAL;CORRG SAN FRANCISCO;COINCIDENCIA_NOMBRE_FUERTE;0.93;PRIORITARIO;Alto e inviable;SIN_BRECHAS;NO;ALTA;77.29;MUY ALTA;Priorizar revisión técnica, validación en campo y articulación con sector educativo.;9.74;MUY ALTA
176;176246000337;EL CAIRO;I.E LA PRESENTACION;URBANO;CARRERA 4 # 7  - 46;I.E LA PRESENTACION;3148034002;184;184;184;236;ESCUELAS_IRCAS;DATO_PRINCIPAL_ESCUELAS_IRCAS;NO;SI;ACUAVALLE S.A ESP;SIN RIESGO;SIN RIESGO;65;PLANTA ACUAVALLE S.A ESP;QUEBRADA EL JORDAN;27.5/30;FAVORABLE;2026-02-06;COD_DANE_UNICO;CRUCE_OK;GEORREFERENCIADA;;320;INSTITUCION EDUCATIVA LA PRESENTACION;LA PRESENTACIÓN;ACTIVA;OFICIAL;COMPLETA;EDUCACIÓN MEDIA;CRA 4 # 7 - 46;-76.22066945;4.76108408;-76.22066945;4.76108408;-76.22;4.76;SEDESUESVALLE;COORDENADA_ORIGINAL_SEDESUESVALLE;1;184;2.019;IE LA PRESENTACION;LA PRESENTACIÓN;URBANA;KR 4 7 46;COINCIDENCIA_NOMBRE_FUERTE;0.93;RUTINARIO;Sin riesgo y bajo;SIN_BRECHAS;NO;ALTA;18.37;BAJA;Mantener seguimiento rutinario.;0.0;BAJA
177;176246000027;EL CAIRO;I.E GILBERTO ALZATE AVENDAÑO SEDE GILBERTO ALZATE AVENDAÑO;URBANO;CARRERA 7  CLL 12;GILBERTO ALZATE AVENDAÑO;3212092684;90;90;90;133;ESCUELAS_IRCAS;DATO_PRINCIPAL_ESCUELAS_IRCAS;NO;SI;ACUAVALLE S.A ESP;SIN RIESGO;SIN RIESGO;65;PLANTA ACUAVALLE S.A ESP;QUEBRADA EL JORDAN;29/30;FAVORABLE;2026-02-04;COD_DANE_UNICO;CRUCE_OK;GEORREFERENCIADA;;323;INSTITUCION EDUCATIVA  GILBERTO ALZATE AVENDAÑO;GILBERTO ALZATE AVENDAÑO CENTRO;ACTIVA;OFICIAL;MAÑANA;EDUCACIÓN MEDIA;CLL 7A # 6 - 44;-76.2220071;4.761838652;-76.2220071;4.761838652;-76.22;4.76;SEDESUESVALLE;COORDENADA_ORIGINAL_SEDESUESVALLE;1;90;2.019;IE GILBERTO ALZATE AVENDAÑO;GILBERTO ALZATE AVENDAÑO;URBANA;CRA 7 CLL 12 ESQUINA;COINCIDENCIA_NOMBRE_FUERTE;0.945;RUTINARIO;Sin riesgo y bajo;SIN_BRECHAS;NO;ALTA;16.44;BAJA;Mantener seguimiento rutinario.;0.0;BAJA
178;;EL CAIRO;I.E GILBERTO ALZATE AVENDAÑO SEDE CENTRO (PRIMARIA);URBANO;CARRERA 4 # 7  - 46;CENTRO (PRIMARIA);3148034002;126;126;0;133;ESCUELAS_IRCAS;DATO_PRINCIPAL_ESCUELAS_IRCAS;NO;SI;ACUAVALLE S.A ESP;SIN RIESGO;SIN RIESGO;65;PLANTA ACUAVALLE S.A ESP;QUEBRADA EL JORDAN;25/30;FAVORABLE CON REQUERIMIENTOS;2026-02-04;MUNICIPIO+NOMBRE_EXACTO;CRUCE_RECUPERADO;GEORREFERENCIADA;;324;;;;;;;;-76.22;4.76;;;-76.22;4.76;MEN_SEDES;COMPLEMENTADA_CON_MEN;0;0;2.019;IE GILBERTO ALZATE AVENDAÑO;GILBERTO ALZATE AVENDAÑO;URBANA;CRA 7 CLL 12 ESQUINA;COINCIDENCIA_NOMBRE_FUERTE;0.93;RUTINARIO;Sin riesgo y bajo;SIN_BRECHAS;NO;ALTA;20.95;BAJA;Mantener seguimiento rutinario.;0.0;BAJA
179;176246000311;EL CAIRO;I.E LA PRESENTACIÓN SEDE BOLIVARIANA;URBANO;CARRERA 4 # 2  - 12;BOLIVARIANA;3104294970;79;79;79;0;ESCUELAS_IRCAS;DATO_PRINCIPAL_ESCUELAS_IRCAS;NO;SI;ACUAVALLE S.A ESP;SIN RIESGO;SIN RIESGO;65;PLANTA ACUAVALLE S.A ESP;QUEBRADA EL JORDAN;25/30;FAVORABLE CON REQUERIMIENTOS;2026-02-05;COD_DANE_UNICO;CRUCE_OK;GEORREFERENCIADA;;325;INSTITUCION EDUCATIVA LA PRESENTACION;BOLIVARIANA;ACTIVA;OFICIAL;COMPLETA;EDUCACIÓN BÁSICA PRIMARIA;CRA 4# 2 - 12;-76.222967972;4.75906395513;-76.222967972;4.75906395513;;;SEDESUESVALLE;COORDENADA_ORIGINAL_SEDESUESVALLE;1;79;;;;;;COINCIDENCIA_NOMBRE_FUERTE_CON_POSIBLE_EMPATE;0.93;RUTINARIO;Sin riesgo y bajo;SIN_BRECHAS;NO;ALTA;19.69;BAJA;Mantener seguimiento rutinario.;0.0;BAJA
180;276233000111;DAGUA;I.E. SAN PEDRO CLAVER SEDE GENERAL CARLOS ALBAN;RURAL;CORREGIMIENTO JUNTAS;GENERAL CARLOS ALBAN;3113607301;74;74;74;64;ESCUELAS_IRCAS;DATO_PRINCIPAL_ESCUELAS_IRCAS;NO;SI;JUNTA ADMINISTRADORA ACUEDUCTO CORREGIMIENTO JUNTAS FILTROS;SIN RIESGO;SIN RIESGO;;ACUEDUCTO RURAL JUNTAS;QUEBRADA EL LIMONAR;17,5/30;SIN DATO;;COD_DANE_UNICO;CRUCE_OK;GEORREFERENCIADA;;266;INSTITUCION ETNOEDUCATIVA SAN PEDRO CLAVER;GENERAL CARLOS ALBAN;ACTIVA;OFICIAL;MAÑANA;EDUCACIÓN MEDIA;CRG JUNTAS;-76.7203934654;3.64982221828;-76.7203934654;3.64982221828;-76.76;3.78;SEDESUESVALLE;COORDENADA_ORIGINAL_SEDESUESVALLE;1;74;2.019;I.E. SAN PEDRO CLAVER;GENERAL CARLOS ALBAN;RURAL;CORREG. JUNTAS.;COINCIDENCIA_NOMBRE_FUERTE;0.98;RUTINARIO;Sin riesgo y bajo;SIN_BRECHAS;NO;ALTA;15.92;BAJA;Mantener seguimiento rutinario con control territorial rural.;0.0;BAJA
181;276248000169;EL CERRITO;I.E. SANTA ELENA SEDE LA HONDA;RURAL;VEREDA LA HONDA;LA HONDA;3182854028;13;13;13;9;ESCUELAS_IRCAS;DATO_PRINCIPAL_ESCUELAS_IRCAS;NO;SI;RECAHON;SIN RIESGO;SIN RIESGO;1390;COMPACTA;QUEBRADA EL LORO;14.2;FAVORABLE CON REQUERIMIENTOS;2026-05-05;COD_DANE_UNICO;CRUCE_OK;GEORREFERENCIADA;;356;INSTITUCION EDUCATIVA SANTA ELENA;LA HONDA;ACTIVA;OFICIAL;COMPLETA;EDUCACIÓN BÁSICA SECUNDARIA;VDA LA HONDA;-76.19415815;3.657448361;-76.19415815;3.657448361;-76.19;3.66;SEDESUESVALLE;COORDENADA_ORIGINAL_SEDESUESVALLE;1;13;2.019;IE SANTA ELENA;LA HONDA;RURAL;VDA LA HONDA;COINCIDENCIA_NOMBRE_FUERTE;0.93;RUTINARIO;Sin riesgo y bajo;SIN_BRECHAS;NO;ALTA;14.96;BAJA;Mantener seguimiento rutinario con control territorial rural.;0.0;BAJA
182;276248000347;EL CERRITO;I.E. SANTA ELENA SEDE POLICARPA SALAVARRIETA;RURAL;CORREGIMIENTO EL CASTILLO;POLICARPA SALAVARRIETA;3182854028;36;36;36;0;ESCUELAS_IRCAS;DATO_PRINCIPAL_ESCUELAS_IRCAS;NO;SI;RECAHON;SIN RIESGO;SIN RIESGO;1390;COMPACTA;QUEBRADA EL LORO;14.2;FAVORABLE CON REQUERIMIENTOS;2026-05-05;COD_DANE_UNICO;CRUCE_OK;GEORREFERENCIADA;;360;INSTITUCION EDUCATIVA SANTA ELENA;CENTRO DOCENTE NO 11 POLICARPA SALAVARRIETA;ACTIVA;OFICIAL;COMPLETA;EDUCACIÓN MEDIA;CORREG EL CASTILLO;-76.194361694;3.66491867812;-76.194361694;3.66491867812;;;SEDESUESVALLE;COORDENADA_ORIGINAL_SEDESUESVALLE;1;36;;;;;;SIN_COINCIDENCIA_FUERTE;0.804;RUTINARIO;Sin riesgo y bajo;SIN_BRECHAS;NO;ALTA;17.6;BAJA;Mantener seguimiento rutinario con control territorial rural.;0.0;BAJA
183;;ROLDANILLO;I.E RODRIGO LLOREDA CAICEDO-SEDE FRANCISCO JOSE DE CALDAS;RURAL;CORREGIMIENTO EL PIE;FRANCISCO JOSE DE CALDAS;3108208769;5;5;0;0;ESCUELAS_IRCAS;DATO_PRINCIPAL_ESCUELAS_IRCAS;NO;SI;ACUEDUCTO RURAL VEREDA EL PIE;RIESGO ALTO;ALTO;899;FILTRO EKOFIL;QUEBRADA EL MESTIZO;20/30;FAVORABLE CON REQUERIMIENTOS;2026-02-13;MUNICIPIO+NOMBRE_EXACTO;CRUCE_RECUPERADO;SIN_COORDENADAS;;685;;;;;;;;;;;;;;SIN_COORDENADA;SIN_COORDENADA;0;0;;;;;;POSIBLE_COINCIDENCIA_REVISAR;0.851;PRIORITARIO;Alto e inviable;SIN_COORDENADA;SI;MEDIA;55.91;ALTA;Programar seguimiento operativo y verificar condiciones del sistema abastecedor.;2.45;BAJA
184;;ROLDANILLO;I.E RODRIGO LLOREDA CAICEDO SEDE FRANCISCO JOSE DE CALDAS-FUNDACION PRODESARROLLO COMUNITARIO;RURAL;CORREGIMIENTO EL PIE;FRANCISCO JOSE DE CALDAS-FUNDACION PRODESARROLLO COMUNITARIO;;0;0;0;0;SIN_FUENTE;SIN_DATO_MATRICULA;SI;SI;ACUEDUCTO RURAL VEREDA EL PIE;RIESGO ALTO;ALTO;899;FILTRO EKOFIL;QUEBRADA EL MESTIZO;SD;SIN CONCEPTO;;MUNICIPIO+NOMBRE_EXACTO;CRUCE_RECUPERADO;SIN_COORDENADAS;;697;;;;;;;;;;;;;;SIN_COORDENADA;SIN_COORDENADA;0;0;;;;;;SIN_COINCIDENCIA_FUERTE;0.628;PRIORITARIO;Alto e inviable;"SIN_MATRICULA_VALIDADA; SIN_COORDENADA";SI;BAJA;49.85;MEDIA;Programar seguimiento operativo y verificar condiciones del sistema abastecedor.;0.0;BAJA
185;276243000322;EL AGUILA;I.E EL AGUILA SEDE SANTA ANA;RURAL;VEREDA EL NARANJO;SANTA ANA;3113800290;10;10;6;4;ESCUELAS_IRCAS;DATO_PRINCIPAL_ESCUELAS_IRCAS;NO;SI;ASOCIACION DE USUARIOS ACUEDUCTO EL NARANJO;RIESGO ALTO;ALTO;3502;ACUEDUCTO RURAL;QUEBRADA EL NARANJO;21/30;FAVORABLE CON REQUERIMIENTOS;2026-02-27;COD_DANE_UNICO;CRUCE_OK;GEORREFERENCIADA;;304;INSTITUCION EDUCATIVA EL AGUILA;SANTA ANA;ACTIVA;OFICIAL;MAÑANA;EDUCACIÓN BÁSICA PRIMARIA;VDA EL NARANJO;-76.03334255;4.923341333;-76.03334255;4.923341333;-76.03;4.92;SEDESUESVALLE;COORDENADA_ORIGINAL_SEDESUESVALLE;1;6;2.019;IE EL AGUILA;SANTA ANA;RURAL;VDA EL NARANJO;COINCIDENCIA_NOMBRE_FUERTE;0.93;PRIORITARIO;Alto e inviable;SIN_BRECHAS;NO;ALTA;55.56;ALTA;Programar seguimiento operativo y verificar condiciones del sistema abastecedor.;3.28;BAJA
186;276606000541;RESTREPO;I.E. TEODORO MUNERA HINCAPIE SEDE TEODORO MUNERA HINCAPIE;RURAL;VEREDA SANTA ROSA;TEODORO MUNERA HINCAPIE;3215097409;99;99;86;0;ESCUELAS_IRCAS;DATO_PRINCIPAL_ESCUELAS_IRCAS;NO;SI;ASOCIACION DE USUARIOS DEL SERVICIO DE AGUA POTABLE DE LA VEREDA SANTA ROSA - AVESARO;INVIABLE SANITARIAMENTE;INVIABLE SANITARIAMENTE;2073;ACUEDUCTO RURAL;QUEBRADA EL NILO;23;FAVORABLE CON REQUERIMIENTOS;2025-10-21;COD_DANE_UNICO;CRUCE_OK;GEORREFERENCIADA;;642;INSTITUCION EDUCATIVA TEODORO MUNERA HINCAPIE;TEODORO MUNERA HINCAPIE;ACTIVA;OFICIAL;MAÑANA;EDUCACIÓN MEDIA;VDA SANTA ROSA;-76.481386;3.814424;-76.481386;3.814424;;;SEDESUESVALLE;COORDENADA_ORIGINAL_SEDESUESVALLE;1;86;;;;;;SIN_COINCIDENCIA_FUERTE;0.818;PRIORITARIO;Alto e inviable;SIN_BRECHAS;NO;ALTA;75.3;MUY ALTA;Priorizar revisión técnica, validación en campo y articulación con sector educativo.;8.4;MUY ALTA
187;276250000206;EL DOVIO;I.E JOSE MARIA FALLA SEDE JUAN BAUTISTA;RURAL;VEREDA EL CRUCERO;JUAN BAUTISTA;3104746774;6;6;6;0;ESCUELAS_IRCAS;DATO_PRINCIPAL_ESCUELAS_IRCAS;NO;SI;ASOCIACIÓN DE USUARIOS DEL ACUEDUCTO RURAL COMUNITARIO DE LA VEREDA EL CRUCERO;INVIABLE SANITARIAMENTE;INVIABLE SANITARIAMENTE;3578;ACUEDUCTO RURAL;QUEBRADA EL OSO;26.5/30;FAVORABLE CON REQUERIMIENTOS;2026-02-11;COD_DANE_UNICO;CRUCE_OK;GEORREFERENCIADA;;393;INSTITUCION EDUCATIVA JOSE MARIA FALLA;SAN JUAN BAUTISTA;ACTIVA;OFICIAL;UNICA;EDUCACIÓN BÁSICA PRIMARIA;VDA EL CRUCERO;-76.21995713;4.525277359;-76.21995713;4.525277359;;;SEDESUESVALLE;COORDENADA_ORIGINAL_SEDESUESVALLE;1;6;;;;;;COINCIDENCIA_NOMBRE_FUERTE_CON_POSIBLE_EMPATE;0.93;PRIORITARIO;Alto e inviable;SIN_BRECHAS;NO;ALTA;68.08;ALTA;Priorizar revisión técnica, validación en campo y articulación con sector educativo.;3.55;BAJA
188;276616000123;RIOFRIO;ESCUELA ANTONIA SANTOS N. 22;RURAL;VDA LA ITALIA;;3218129563;9;9;10;12;ESCUELAS_IRCAS;DATO_PRINCIPAL_ESCUELAS_IRCAS;NO;SI;ACUEDUCTO RURAL LA ITALIA ACUAITALIA;INVIABLE SANITARIAMENTE;INVIABLE SANITARIAMENTE;6791;ACUEDUTO RURAL;QUEBRADA EL OSO;18.0;FAVORABLE CON REQUERIMIENTOS;2025-05-15;COD_DANE_UNICO;CRUCE_OK;GEORREFERENCIADA;;681;INSTITUCION EDUCATIVA NEMESIO RODRIGUEZ ESCOBAR;ANTONIA SANTOS;ACTIVA;OFICIAL;ESPECIAL;EDUCACIÓN BÁSICA PRIMARIA;VDA LA ITALIA;-76.40614663;4.0844022;-76.40614663;4.0844022;-76.41;4.08;SEDESUESVALLE;COORDENADA_ORIGINAL_SEDESUESVALLE;1;10;2.019;IE NEMESIO RODRIGUEZ ESCOBAR;ANTONIA SANTOS;RURAL;VDA LA ITALIA;COINCIDENCIA_NOMBRE_FUERTE;0.93;PRIORITARIO;Alto e inviable;SIN_BRECHAS;NO;ALTA;69.05;ALTA;Priorizar revisión técnica, validación en campo y articulación con sector educativo.;4.2;MEDIA
189;276243000454;EL AGUILA;I.E SANTA MARTA SEDE SANTA TERESITA;RURAL;VEREDA LA QUIEBRA;SANTA TERESITA;No Registra;14;14;16;18;ESCUELAS_IRCAS;DATO_PRINCIPAL_ESCUELAS_IRCAS;NO;SI;ASOCIACION DE USUARIOS DEL ACUEDUCTO RURAL COMUNITARIO LA QUIEBRA DE SAN PABLO;RIESGO ALTO;ALTO;919;ACUEDUCTO RURAL;QUEBRADA EL PARAISO;30/30;FAVORABLE CON REQUERIMIENTOS;2025-11-26;COD_DANE_UNICO;CRUCE_OK;GEORREFERENCIADA;;289;INSTITUCION EDUCATIVA SANTA MARTA;SANTA TERESITA;ACTIVA;OFICIAL;MAÑANA;EDUCACIÓN MEDIA;IP SAN PABLO;-76.00222955;4.88440603;-76.00222955;4.88440603;0.0;0.0;SEDESUESVALLE;COORDENADA_ORIGINAL_SEDESUESVALLE;1;16;2.019;IE SANTA MARTA;SANTA TERESITA;RURAL;CORREG LA QUIEBRA DE SAN PABLO EL AGUILA;COINCIDENCIA_NOMBRE_FUERTE;0.93;PRIORITARIO;Alto e inviable;SIN_BRECHAS;NO;ALTA;56.4;ALTA;Programar seguimiento operativo y verificar condiciones del sistema abastecedor.;3.7;BAJA
190;276246000137;EL CAIRO;I.E LA PRESENTACION SEDE ROSA ZARATA DE PEÑA;RURAL;VEREDA LA MIRANDA;ROSA ZARATA DE PEÑA;No Registra;12;12;12;236;ESCUELAS_IRCAS;DATO_PRINCIPAL_ESCUELAS_IRCAS;NO;SI;ACUEDUCTO RURAL VEREDA LA MIRANDA;SIN RIESGO;SIN RIESGO;978;ACUEDUCTO RURAL;QUEBRADA EL PAUGIL;No Registra;SIN CONCEPTO;2025-07-31;COD_DANE_UNICO;CRUCE_OK;GEORREFERENCIADA;;328;INSTITUCION EDUCATIVA LA PRESENTACION;ROSA ZARATE DE PEÑA;ACTIVA;OFICIAL;COMPLETA;EDUCACIÓN BÁSICA PRIMARIA;VDA LA MIRANDA;-76.19459248;4.718670259;-76.19459248;4.718670259;-76.22;4.76;SEDESUESVALLE;COORDENADA_ORIGINAL_SEDESUESVALLE;1;12;2.019;IE LA PRESENTACION;LA PRESENTACIÓN;URBANA;KR 4 7 46;COINCIDENCIA_NOMBRE_FUERTE;0.93;RUTINARIO;Sin riesgo y bajo;SIN_BRECHAS;NO;ALTA;11.16;BAJA;Mantener seguimiento rutinario con control territorial rural.;0.0;BAJA
191;276233000197;DAGUA;I.E. BORRERO AYERBE SEDE MANUEL MURILLO TORO;RURAL;KILOMETRO 26 EL CRUCERO;MANUEL MURILLO TORO;3127963388;34;34;34;52;ESCUELAS_IRCAS;DATO_PRINCIPAL_ESCUELAS_IRCAS;NO;SI;ASOCIACIÓN DE USUARIOS DE ACUEDUCTO PEÑALEGRIA KM 26 - ASUAPAL;SIN RIESGO;SIN RIESGO;2896;ACUEDUCTO RURAL ASUAPAL;QUEBRADA EL PENA ALEGRIA Y LA CLORINDA;22,5/30;FAVORABLE;2025-03-03;COD_DANE_UNICO;CRUCE_OK;GEORREFERENCIADA;;257;INSTITUCION EDUCATIVA BORRERO AYERBE;MANUEL MURILLO TORO;ACTIVA;OFICIAL;MAÑANA;EDUCACIÓN MEDIA;VDA KM 26;-76.616467;3.559404;-76.616467;3.559404;-76.62;3.56;SEDESUESVALLE;COORDENADA_ORIGINAL_SEDESUESVALLE;1;34;2.019;IE BORRERO AYERBE;MANUEL MURILLO TORO;RURAL;KM 26;COINCIDENCIA_NOMBRE_FUERTE;0.93;RUTINARIO;Sin riesgo y bajo;SIN_BRECHAS;NO;ALTA;13.85;BAJA;Mantener seguimiento rutinario con control territorial rural.;0.0;BAJA
192;276306000204;GINEBRA;I.E. INMACULADA CONCEPCION SEDE SAN JUDAS TADEO;RURAL;CORREGIMIENTO LOS MEDIOS;SAN JUDAS TADEO;3163066194;9;9;9;0;ESCUELAS_IRCAS;DATO_PRINCIPAL_ESCUELAS_IRCAS;NO;SI;JUNTA ADMINISTRADORA DEL ACUEDUCTO LOS MEDIOS - ASOMEDIOS;RIESGO ALTO;ALTO;347;PLANTA COMPACTA;QUEBRADA EL POLEAL;54.81;DESFAVORABLE;2025-11-14;COD_DANE_UNICO;CRUCE_OK;GEORREFERENCIADA;;465;INSTITUCION EDUCATIVA INMACULADA CONCEPCION;SAN JUDAS TADEO;ACTIVA;OFICIAL;COMPLETA;EDUCACIÓN BÁSICA SECUNDARIA;VDA LOS MEDIOS;-76.1878027;3.689244077;-76.1878027;3.689244077;;;SEDESUESVALLE;COORDENADA_ORIGINAL_SEDESUESVALLE;1;9;;;;;;COINCIDENCIA_NOMBRE_FUERTE_CON_POSIBLE_EMPATE;0.93;PRIORITARIO;Alto e inviable;SIN_BRECHAS;NO;ALTA;59.5;ALTA;Programar seguimiento operativo y verificar condiciones del sistema abastecedor.;3.6;BAJA
193;276869000308;VIJES;I.E. ANTONIO JOSE DE SUCRE SEDE PUEBLO NUEVO;RURAL;VEREDA PUEBLO NUEVO;PUEBLO NUEVO;6024350505;9;9;10;0;ESCUELAS_IRCAS;DATO_PRINCIPAL_ESCUELAS_IRCAS;NO;SI;ASOCIACIÓN DE USUARIOS DEL SERVICIO DE AGUA POTABLE DE LA VEREDA PUEBLO NUEVO MUNICIPIO DE VIJES Y CABILDO INDÍGENA NIAZA DEL MUNICIPIO DE RESTREPO ACUANIPU;SIN RIESGO;SIN RIESGO;2888;-;QUEBRADA EL QUEREMAL;23.15;FAVORABLE CON REQUERIMIENTOS;2025-07-24;COD_DANE_UNICO;CRUCE_OK;GEORREFERENCIADA;;907;INSTITUCION EDUCATIVA  ANTONIO JOSE DE SUCRE;PUEBLO NUEVO;ACTIVA;OFICIAL;UNICA;EDUCACIÓN MEDIA;VDA PUEBLO NVO;-76.47963397;3.773821059;-76.47963397;3.773821059;;;SEDESUESVALLE;COORDENADA_ORIGINAL_SEDESUESVALLE;1;10;;;;;;COINCIDENCIA_NOMBRE_FUERTE_CON_POSIBLE_EMPATE;0.93;RUTINARIO;Sin riesgo y bajo;SIN_BRECHAS;NO;ALTA;14.05;BAJA;Mantener seguimiento rutinario con control territorial rural.;0.0;BAJA
194;276869000197;VIJES;I.E. 20 DE JULIO SEDE CAMILO TORRES;RURAL;CORREGIMIENTO LA RIVERA;CAMILO TORRES;;2;0;2;4;SEDESUESVALLE;COMPLEMENTADA_CON_SEDESUESVALLE;NO;SI;ASOCIACIÓN DE USUARIOS DEL ACUEDUCTO RURAL COMUNITARIO DEL CORREGIMIENTO LA RIVERA MUNICIPIO DE VIJES;RIESGO ALTO;ALTO;1384;FILTRO EKOFIL;QUEBRADA EL QUEREMAL;18.25;FAVORABLE CON REQUERIMIENTOS;2025-09-24;COD_DANE_UNICO;CRUCE_OK;GEORREFERENCIADA;;901;INSTITUCION EDUCATIVA JORGE ROBLEDO;CAMILO TORRES;ACTIVA;OFICIAL;COMPLETA;EDUCACIÓN BÁSICA PRIMARIA;CORREG LA RIVERA;-76.48332;3.745871;-76.48332;3.745871;-76.48;3.75;SEDESUESVALLE;COORDENADA_ORIGINAL_SEDESUESVALLE;1;2;2.019;IE VEINTE DE JULIO;CAMILO TORRES;RURAL;VDA LA RIVERA;COINCIDENCIA_NOMBRE_FUERTE;0.93;PRIORITARIO;Alto e inviable;SIN_BRECHAS;NO;ALTA;52.03;MEDIA;Programar seguimiento operativo y verificar condiciones del sistema abastecedor.;1.5;BAJA
195;276126000036;CALIMA;I.E. SIMON BOLIVAR SEDE NUESTRA SEÑORA DE FATIMA;RURAL;VDA LA PRIMAVERA;NUESTRA SEÑORA DE FATIMA;3104970874;23;23;23;0;ESCUELAS_IRCAS;DATO_PRINCIPAL_ESCUELAS_IRCAS;NO;SI;ASOCIACION DE USUARIOS DEL ACUEDUCTO RURAL LA PRIMAVERA;INVIABLE SANITARIAMENTE;INVIABLE SANITARIAMENTE;4384;ACUEDUCTO RURAL;QUEBRADA EL RECINTO;24,5/30;FAVORABLE CON REQUERIMIENTOS;2026-02-20;COD_DANE_UNICO;CRUCE_OK;GEORREFERENCIADA;;203;INSTITUCION EDUCATIVA SIMON BOLIVAR;NUESTRA SEÑORA  DE FATIMA;ACTIVA;OFICIAL;COMPLETA;EDUCACIÓN MEDIA;CORREG LA PRIMAVERA;-76.44881276;3.933739682;-76.44881276;3.933739682;;;SEDESUESVALLE;COORDENADA_ORIGINAL_SEDESUESVALLE;1;23;;;;;;SIN_CANDIDATOS_MUNICIPIO;;PRIORITARIO;Alto e inviable;SIN_BRECHAS;NO;ALTA;71.43;ALTA;Priorizar revisión técnica, validación en campo y articulación con sector educativo.;5.8;MEDIA
196;276563000461;PRADERA;I.E. MARCO FIDEL SUAREZ SEDE ATANASIO GIRARDOT;RURAL;CORREGIMIENTO LA FRIA;ATANASIO GIRARDOT;3217378646;18;18;17;0;ESCUELAS_IRCAS;DATO_PRINCIPAL_ESCUELAS_IRCAS;NO;SI;FRIBOVALLE;RIESGO ALTO;ALTO;;ACUEDUCTO RURAL;QUEBRADA EL RESGUARDO - QUEBRADA PARRAGA;23,5/30;DESFAVORABLE;2016-09-22;COD_DANE_UNICO;CRUCE_OK;GEORREFERENCIADA;;620;INSTITUCION EDUCATIVA MARCO FIDEL SUAREZ;ATANASIO GIRARDOT;ACTIVA;OFICIAL;MAÑANA;EDUCACIÓN MEDIA;VDA LA FRIA;-76.17732017;3.389383039;-76.17732017;3.389383039;;;SEDESUESVALLE;COORDENADA_ORIGINAL_SEDESUESVALLE;1;17;;;;;;COINCIDENCIA_NOMBRE_FUERTE_CON_POSIBLE_EMPATE;0.93;PRIORITARIO;Alto e inviable;SIN_BRECHAS;NO;ALTA;61.24;ALTA;Programar seguimiento operativo y verificar condiciones del sistema abastecedor.;4.6;MEDIA
197;276563000193;PRADERA;I.E. MARCO FIDEL SUAREZ SEDE FRANCISCO DE PAULA SANTANDER;RURAL;CORREGIMIENTO VALLECITO;FRANCISCO DE PAULA SANTANDER;6022670674;5;5;0;41;ESCUELAS_IRCAS;DATO_PRINCIPAL_ESCUELAS_IRCAS;NO;SI;FRIBOVALLE;RIESGO ALTO;ALTO;;ACUEDUCTO RURAL;QUEBRADA EL RESGUARDO - QUEBRADA PARRAGA;23/30;DESFAVORABLE;2016-09-22;MUNICIPIO+NOMBRE_EXACTO;CRUCE_RECUPERADO;GEORREFERENCIADA;;616;;;;;;;;-76.18;3.4;;;-76.18;3.4;MEN_SEDES;COMPLEMENTADA_CON_MEN;0;0;2.019;IE MARCO FIDEL SUAREZ;MARCO FIDEL SUAREZ;RURAL;CORREG SAN ISIDRO;COINCIDENCIA_NOMBRE_FUERTE;0.93;PRIORITARIO;Alto e inviable;SIN_BRECHAS;NO;ALTA;58.11;ALTA;Programar seguimiento operativo y verificar condiciones del sistema abastecedor.;2.8;BAJA
198;;EL AGUILA;I.E SANTA MARTA SEDESEDE PRINCIPAL;RURAL;VEREDA SANTA MARTA;SEDE PRINCIPAL;3177312770;97;97;0;0;ESCUELAS_IRCAS;DATO_PRINCIPAL_ESCUELAS_IRCAS;NO;NO;ACUEDUCTO PROPIO;SD;SIN DATO;No Registra;PLANTA COMPACTA NO FUNCIONAL (DAÑO DE BOMBA);QUEBRADA EL RINCON;30/30;FAVORABLE;2025-04-30;MUNICIPIO+NOMBRE_EXACTO;CRUCE_RECUPERADO;SIN_COORDENADAS;;303;;;;;;;;;;;;;;SIN_COORDENADA;SIN_COORDENADA;0;0;;;;;;SIN_COINCIDENCIA_FUERTE;0.678;BRECHA INFORMACION;Sin dato / información incompleta;"SIN_DATO_IRCA; SIN_COORDENADA";SI;BAJA;37.55;MEDIA;Gestionar actualización de la clasificación IRCA del sistema asociado.;1.0;BAJA
199;276100000127;BOLIVAR;ESCUELA LA MARIA N. 29;RURAL;LA TULIA - VDA LA MARIA;;3178815835;4;4;4;20;ESCUELAS_IRCAS;DATO_PRINCIPAL_ESCUELAS_IRCAS;NO;SI;ASOCIACION DE USUARIOS ACUEDUCTO LA MARIA;INVIABLE SANITARIAMENTE;INVIABLE SANITARIAMENTE;1128;ACUEDUCTO RURAL;QUEBRADA EL ROBLE;22.5;FAVORABLE CON REQUERIMIENTOS;2025-04-03;COD_DANE_UNICO;CRUCE_OK;GEORREFERENCIADA;;94;INSTITUCION EDUCATIVA  LA TULIA;LA MARIA;ACTIVA;OFICIAL;MAÑANA;EDUCACIÓN BÁSICA PRIMARIA;VDA LA MARIA;-76.25562889;4.37738615;-76.25562889;4.37738615;-76.26;4.38;SEDESUESVALLE;COORDENADA_ORIGINAL_SEDESUESVALLE;1;4;2.019;IE LA TULIA;LA MARIA;RURAL;VDA LA MARIA;COINCIDENCIA_NOMBRE_FUERTE;0.93;PRIORITARIO;Alto e inviable;SIN_BRECHAS;NO;ALTA;67.17;ALTA;Priorizar revisión técnica, validación en campo y articulación con sector educativo.;2.94;BAJA
200;176243000026;EL AGUILA;I.E SANTA MARTA SEDE JOSE MARIA CORDOBA;RURAL;VEREDA EL RIO;JOSE MARIA CORDOBA;3215730253;23;23;210;0;ESCUELAS_IRCAS;DATO_PRINCIPAL_ESCUELAS_IRCAS;NO;SI;ASIOCIACION DE USUARIOS DEL ACUEDUCTO DE LA CEDALIA;RIESGO ALTO;ALTO;901;ACUEDUCTO RURAL;QUEBRADA EL ROBLE SECO;27/30;FAVORABLE CON REQUERIMIENTOS;2025-11-07;COD_DANE_DUPLICADO+NOMBRE_EXACTO;CRUCE_OK_CONTROLADO;GEORREFERENCIADA;;309;INSTITUCION EDUCATIVA EL AGUILA;JOSÉ MARÍA CÓRDOBA;ACTIVA;OFICIAL;MAÑANA;EDUCACIÓN MEDIA;CRA 4 # 4-32;-76.04233103;4.910588;-76.04233103;4.910588;;;SEDESUESVALLE;COORDENADA_ORIGINAL_SEDESUESVALLE;1;210;;;;;;COINCIDENCIA_NOMBRE_FUERTE_CON_POSIBLE_EMPATE;0.93;PRIORITARIO;Alto e inviable;SIN_BRECHAS;NO;ALTA;57.68;ALTA;Programar seguimiento operativo y verificar condiciones del sistema abastecedor.;4.35;MEDIA
201;276736000160;SEVILLA;I.E. HERACLIO URIBE URIBE SEDE SANTA INES;RURAL;VDA EL CRUCERO;SANTA INES;3137496187;6;6;10;0;ESCUELAS_IRCAS;DATO_PRINCIPAL_ESCUELAS_IRCAS;NO;SI;ACUEDUCTO RURAL EL CRUCERO - ACUACRUCERO;RIESGO ALTO;ALTO;196;;QUEBRADA EL ROCIO;22.5;FAVORABLE CON REQUERIMIENTOS;2025-10-24;COD_DANE_UNICO;CRUCE_OK;GEORREFERENCIADA;;759;INSTITUCION EDUCATIVA HERACLIO URIBE URIBE;SANTA INES;ACTIVA;OFICIAL;UNICA;EDUCACIÓN BÁSICA PRIMARIA;VDA EL CRUCERO;-75.89738438;4.288938125;-75.89738438;4.288938125;;;SEDESUESVALLE;COORDENADA_ORIGINAL_SEDESUESVALLE;1;10;;;;;;COINCIDENCIA_NOMBRE_FUERTE_CON_POSIBLE_EMPATE;0.93;PRIORITARIO;Alto e inviable;SIN_BRECHAS;NO;ALTA;54.33;MEDIA;Programar seguimiento operativo y verificar condiciones del sistema abastecedor.;2.66;BAJA
202;276306000271;GINEBRA;I.E. DE DESARROLLO RURAL LA SELVA SEDE ANTONIO JOSE DE SUCRE;RURAL;VEREDA EL JARDIN;ANTONIO JOSE DE SUCRE;3169255262 - 3161000377;5;5;5;16;ESCUELAS_IRCAS;DATO_PRINCIPAL_ESCUELAS_IRCAS;NO;SI;ASOCIACIÓN DE USUARIOS ACUEDUCTO COLECTIVO EL JARDÍN;RIESGO ALTO;ALTO;350;-;QUEBRADA EL SALADO;54.92;DESFAVORABLE;2025-12-15;COD_DANE_UNICO;CRUCE_OK;GEORREFERENCIADA;;473;INSTITUCION EDUCATIVA DE DESARROLLO RURAL LA SELVA;ANTONIO JOSE DE SUCRE;ACTIVA;OFICIAL;COMPLETA;EDUCACIÓN BÁSICA PRIMARIA;VDA EL JARDIN;-76.17866765;3.745052551;-76.17866765;3.745052551;-76.18;3.75;SEDESUESVALLE;COORDENADA_ORIGINAL_SEDESUESVALLE;1;5;2.019;IE DE DESARROLLO RURAL LA SELVA;ANTONIO JOSE DE SUCRE;RURAL;VDA EL JARDIN;COINCIDENCIA_NOMBRE_FUERTE;0.938;PRIORITARIO;Alto e inviable;SIN_BRECHAS;NO;ALTA;58.11;ALTA;Programar seguimiento operativo y verificar condiciones del sistema abastecedor.;2.8;BAJA
203;276563000169;PRADERA;I.E. MARCO FIDEL SUAREZ SEDE BLASS DE LESSO;RURAL;CORREGIMIENTO POTRERITO;BLASS DE LESSO;3217378646;24;0;24;0;SEDESUESVALLE;COMPLEMENTADA_CON_SEDESUESVALLE;NO;SI;AGUASALUD POTRERITO;SIN RIESGO;SIN RIESGO;125;ACUEDUCTO RURAL;QUEBRADA EL TAMBORAL;25/30;FAVORABLE CON REQUERIMIENTOS;2025-11-25;COD_DANE_UNICO;CRUCE_OK;GEORREFERENCIADA;;612;INSTITUCION EDUCATIVA MARCO FIDEL SUAREZ;BLASS  DE LESSO;ACTIVA;OFICIAL;MAÑANA;EDUCACIÓN MEDIA;CORREG LOMITAS;-76.18419682;3.423468818;-76.18419682;3.423468818;;;SEDESUESVALLE;COORDENADA_ORIGINAL_SEDESUESVALLE;1;24;;;;;;COINCIDENCIA_NOMBRE_FUERTE_CON_POSIBLE_EMPATE;0.93;RUTINARIO;Sin riesgo y bajo;SIN_BRECHAS;NO;ALTA;16.54;BAJA;Mantener seguimiento rutinario con control territorial rural.;0.0;BAJA
204;276563000541;PRADERA;I.E. MERCEDES ABREGO SEDE SIMBAD ARTURO BUENO;RURAL;CORREGIMIENTO EL ARENILLO;SIMBAD ARTURO BUENO;3146826402;8;8;13;24;ESCUELAS_IRCAS;DATO_PRINCIPAL_ESCUELAS_IRCAS;NO;SI;JAC ARENILLO;SIN RIESGO;SIN RIESGO;15988;ACUEDUCTO RURAL - FILTRO LIFE STRAW + FILTRO EKOFIL;QUEBRADA FLORES AMARILLAS;8./30;FAVORABLE;2025-12-09;COD_DANE_UNICO;CRUCE_OK;GEORREFERENCIADA;;594;INSTITUCION EDUCATIVA MERCEDES ABREGO;SIMBAD ARTURO BUENO;ACTIVA;OFICIAL;COMPLETA;EDUCACIÓN BÁSICA SECUNDARIA;VDA EL ARENILLO;-76.181967;3.478675;-76.181967;3.478675;-76.18;3.48;SEDESUESVALLE;COORDENADA_ORIGINAL_SEDESUESVALLE;1;13;2.019;I.E. MERCEDES ABREGO;SIMBAD ARTURO BUENO;RURAL;CORREG EL ARENILLO;COINCIDENCIA_NOMBRE_FUERTE;0.98;RUTINARIO;Sin riesgo y bajo;SIN_BRECHAS;NO;ALTA;10.16;BAJA;Mantener seguimiento rutinario con control territorial rural.;0.0;BAJA
205;;VERSALLES;I.E CARLOS HOLGUIN SARDI SEDE PRINCIPAL BLOQUE 1;RURAL;EL BALSAL;PRINCIPAL BLOQUE 1;3214648310;67;67;0;189;ESCUELAS_IRCAS;DATO_PRINCIPAL_ESCUELAS_IRCAS;NO;SI;ASOCIACIÓN COMUNITARIA ADMINISTRADORA DEL ACUEDUCTO ACUASALUD EL BALSAL;SIN RIESGO;SIN RIESGO;1952;ACUEDUCTO RURAL;QUEBRADA GOLONDRINAS;25/30;FAVORABLE CON REQUERIMIENTOS;2025-04-03;MUNICIPIO+NOMBRE_EXACTO;CRUCE_RECUPERADO;GEORREFERENCIADA;;882;;;;;;;;-76.23;4.67;;;-76.23;4.67;MEN_SEDES;COMPLEMENTADA_CON_MEN;0;0;2.019;IE CARLOS HOLGUIN SARDI;CARLOS HOLGUIN SARDI;RURAL;CGTO EL BALSAL;COINCIDENCIA_NOMBRE_FUERTE;0.93;RUTINARIO;Sin riesgo y bajo;SIN_BRECHAS;NO;ALTA;19.25;BAJA;Mantener seguimiento rutinario con control territorial rural.;0.0;BAJA
206;;VERSALLES;I.E CARLOS HOLGUIN SARDI SEDE PRINCIPAL BLOQUE 3;RURAL;CORREGIMIENTO EL BALSAL;PRINCIPAL BLOQUE 3;3214648310;51;51;0;189;ESCUELAS_IRCAS;DATO_PRINCIPAL_ESCUELAS_IRCAS;NO;SI;ASOCIACIÓN COMUNITARIA ADMINISTRADORA DEL ACUEDUCTO ACUASALUD EL BALSAL;SIN RIESGO;SIN RIESGO;1952;ACUEDUCTO RURAL;QUEBRADA GOLONDRINAS;22.5/30;FAVORABLE CON REQUERIMIENTOS;2025-04-03;MUNICIPIO+NOMBRE_EXACTO;CRUCE_RECUPERADO;GEORREFERENCIADA;;890;;;;;;;;-76.23;4.67;;;-76.23;4.67;MEN_SEDES;COMPLEMENTADA_CON_MEN;0;0;2.019;IE CARLOS HOLGUIN SARDI;CARLOS HOLGUIN SARDI;RURAL;CGTO EL BALSAL;COINCIDENCIA_NOMBRE_FUERTE;0.93;RUTINARIO;Sin riesgo y bajo;SIN_BRECHAS;NO;ALTA;18.53;BAJA;Mantener seguimiento rutinario con control territorial rural.;0.0;BAJA
207;276497000349;OBANDO;I.E POLICARPA SALAVARRIETA SEDE ISIDORO PAOLI;RURAL;CORREGIMIENTO PUERTO SAMARIA;ISIDORO PAOLI;3163572282;16;16;16;0;ESCUELAS_IRCAS;DATO_PRINCIPAL_ESCUELAS_IRCAS;NO;SI;ACUEDUCTO RURAL PUERTO SAMARIA;SD;SIN DATO;110203;ACUEDUCTO RURAL;QUEBRADA GRANADILLO;20/30;FAVORABLE CON REQUERIMIENTOS;2025-05-19;COD_DANE_UNICO;CRUCE_OK;GEORREFERENCIADA;;587;INSTITUCION EDUCATIVA POLICARPA SALAVARRIETA;ISIDORO  PAOLI;ACTIVA;OFICIAL;UNICA;EDUCACIÓN MEDIA;CORREG PTO SAMARIA;-75.87742875;4.552842045;-75.87742875;4.552842045;;;SEDESUESVALLE;COORDENADA_ORIGINAL_SEDESUESVALLE;1;16;;;;;;COINCIDENCIA_NOMBRE_FUERTE_CON_POSIBLE_EMPATE;0.93;BRECHA INFORMACION;Sin dato / información incompleta;SIN_DATO_IRCA;SI;BAJA;36.39;MEDIA;Gestionar actualización de la clasificación IRCA del sistema asociado.;0.65;BAJA
208;276243000225;EL AGUILA;I.E SANTA MARTA SEDE SANTA CECILIA;RURAL;VEREDA LA LIBERTAD;SANTA CECILIA;3217085850;12;12;11;12;ESCUELAS_IRCAS;DATO_PRINCIPAL_ESCUELAS_IRCAS;NO;SI;ASICIACION DE USUARIOS DEL ACUEDUCTO DE LA LIBERTAD CATARINA;RIESGO ALTO;ALTO;3683;ACUEDUCTO RURAL;QUEBRADA GRANDE;27/30;FAVORABLE CON REQUERIMIENTOS;2025-02-20;COD_DANE_UNICO;CRUCE_OK;GEORREFERENCIADA;;290;INSTITUCION EDUCATIVA SANTA MARTA;SANTA CECILIA;ACTIVA;OFICIAL;MAÑANA;EDUCACIÓN BÁSICA PRIMARIA;IP LA LIBERTAD;-76.0860411;4.845803932;-76.0860411;4.845803932;-76.09;4.85;SEDESUESVALLE;COORDENADA_ORIGINAL_SEDESUESVALLE;1;11;2.019;IE SANTA MARTA;SANTA CECILIA;RURAL;CORREG LA LIBERTAD;COINCIDENCIA_NOMBRE_FUERTE;0.93;PRIORITARIO;Alto e inviable;SIN_BRECHAS;NO;ALTA;56.01;ALTA;Programar seguimiento operativo y verificar condiciones del sistema abastecedor.;3.51;BAJA
209;276233000405;DAGUA;I.E. EL QUEREMAL SEDE PIO XII;RURAL;VEREDA EL CHILCAL;PIO XII;3207975657;29;29;29;34;ESCUELAS_IRCAS;DATO_PRINCIPAL_ESCUELAS_IRCAS;NO;SI;ASOCIACION DE USUARIOS DEL SERVICIO DE AGUA POTABLE Y ALCANTARILLADO DE LA VEREDA EL CHILCAL;INVIABLE SANITARIAMENTE;INVIABLE SANITARIAMENTE;358;ACUEDUCTO RURAL EL CHILCAL;QUEBRADA GUAYANGA;20/30;FAVORABLE CON REQUERIMIENTOS;2025-09-16;COD_DANE_UNICO;CRUCE_OK;GEORREFERENCIADA;;243;INSTITUCION EDUCATIVA EL QUEREMAL;PIO XII;ACTIVA;OFICIAL;MAÑANA;EDUCACIÓN MEDIA;VDA EL CHICAL;-76.712191;3.580478;-76.712191;3.580478;-76.71;3.58;SEDESUESVALLE;COORDENADA_ORIGINAL_SEDESUESVALLE;1;29;2.019;IE EL QUEREMAL;PIO XII;RURAL;VDA. EL CHILCAL;COINCIDENCIA_NOMBRE_FUERTE;0.93;PRIORITARIO;Alto e inviable;SIN_BRECHAS;NO;ALTA;72.03;ALTA;Priorizar revisión técnica, validación en campo y articulación con sector educativo.;6.2;ALTA
210;276400000137;LA UNION;I.E QUEBRADAGRANDE SEDE RICARDO NIETO;RURAL;VEREDA PARAMILLO;RICARDO NIETO;3104937539;10;10;10;6;ESCUELAS_IRCAS;DATO_PRINCIPAL_ESCUELAS_IRCAS;NO;SI;ASOCIACIÓN COMUNITARIA ADMINISTRADORA DEL ACUEDUCTO DE QUEBRADA GRANDE;INVIABLE SANITARIAMENTE;INVIABLE SANITARIAMENTE;3178;FILTRO EKOFIL;QUEBRADA JORDAN;25.5/30;FAVORABLE CON REQUERIMIENTOS;2026-03-03;COD_DANE_UNICO;CRUCE_OK;GEORREFERENCIADA;;547;INSTITUCION EDUCATIVA QUEBRADAGRANDE;RICARDO NIETO;ACTIVA;OFICIAL;MAÑANA;EDUCACIÓN BÁSICA PRIMARIA;VDA PARAMILLO;-76.16606815;4.528423811;-76.16606815;4.528423811;-76.17;4.53;SEDESUESVALLE;COORDENADA_ORIGINAL_SEDESUESVALLE;1;10;2.019;I.E. QUEBRADAGRANDE;RICARDO NIETO;RURAL;VDA PARAMILLO;COINCIDENCIA_NOMBRE_FUERTE;0.93;PRIORITARIO;Alto e inviable;SIN_BRECHAS;NO;ALTA;69.31;ALTA;Priorizar revisión técnica, validación en campo y articulación con sector educativo.;4.37;MEDIA
211;276400000706;LA UNION;I.E QUEBRADAGRANDE  SEDE JESUS OSIAS QUINTERO;RURAL;VEREDA LA TRINIDAD;JESUS OSIAS QUINTERO;3175208254;12;12;12;19;ESCUELAS_IRCAS;DATO_PRINCIPAL_ESCUELAS_IRCAS;NO;SI;ASOCIACIÓN COMUNITARIA ADMINISTRADORA DEL ACUEDUCTO DE QUEBRADA GRANDE;INVIABLE SANITARIAMENTE;INVIABLE SANITARIAMENTE;3178;FILTRO EKOFIL;QUEBRADA JORDAN;26/30;FAVORABLE CON REQUERIMIENTOS;2026-03-03;COD_DANE_UNICO;CRUCE_OK;GEORREFERENCIADA;;548;INSTITUCION EDUCATIVA QUEBRADAGRANDE;JESUS OSIAS QUINTERO;ACTIVA;OFICIAL;MAÑANA;EDUCACIÓN BÁSICA PRIMARIA;VDA LA TRINIDAD;-76.15167717;4.533963196;-76.15167717;4.533963196;-76.15;4.53;SEDESUESVALLE;COORDENADA_ORIGINAL_SEDESUESVALLE;1;12;2.019;I.E. QUEBRADAGRANDE;JESUS OSIAS QUINTERO;RURAL;VDA LA TRINIDAD;COINCIDENCIA_NOMBRE_FUERTE;0.93;PRIORITARIO;Alto e inviable;SIN_BRECHAS;NO;ALTA;69.76;ALTA;Priorizar revisión técnica, validación en campo y articulación con sector educativo.;4.68;MEDIA
212;;LA UNION;IE QUEBRADAGRANDE SEDE PRINCIPAL;RURAL;QUEBRADA GRANDE;PRINCIPAL;3017718372;0;0;0;0;SIN_FUENTE;SIN_DATO_MATRICULA;SI;SI;ASOCIACIÓN COMUNITARIA ADMINISTRADORA DEL ACUEDUCTO DE QUEBRADA GRANDE;INVIABLE SANITARIAMENTE;INVIABLE SANITARIAMENTE;3178;FILTRO EKOFIL;QUEBRADA JORDAN;27.5/30;FAVORABLE CON REQUERIMIENTOS;2026-03-10;MUNICIPIO+NOMBRE_EXACTO;CRUCE_RECUPERADO;SIN_COORDENADAS;;551;;;;;;;;;;;;;;SIN_COORDENADA;SIN_COORDENADA;0;0;;;;;;SIN_COINCIDENCIA_FUERTE;0.687;PRIORITARIO;Alto e inviable;"SIN_MATRICULA_VALIDADA; SIN_COORDENADA";SI;BAJA;67.2;ALTA;Priorizar revisión técnica, validación en campo y articulación con sector educativo.;0.0;BAJA
213;276400000111;LA UNION;IE  QUEBRADAGRANDE SEDE JOSE ACEVEDO GOMEZ;RURAL;QUEBRADA GRANDE;JOSE ACEVEDO GOMEZ;3217085850;37;37;37;0;ESCUELAS_IRCAS;DATO_PRINCIPAL_ESCUELAS_IRCAS;NO;SI;ASOCIACIÓN COMUNITARIA ADMINISTRADORA DEL ACUEDUCTO DE QUEBRADA GRANDE;INVIABLE SANITARIAMENTE;INVIABLE SANITARIAMENTE;3178;FILTRO EKOFIL;QUEBRADA JORDAN;27/30;FAVORABLE CON REQUERIMIENTOS;2026-03-04;COD_DANE_UNICO;CRUCE_OK;GEORREFERENCIADA;;552;INSTITUCION EDUCATIVA QUEBRADAGRANDE;JOSE ACEVEDO Y GOMEZ;ACTIVA;OFICIAL;MAÑANA;EDUCACIÓN BÁSICA SECUNDARIA;CORREG QUEBRADAGRANDE;-76.1647541803;4.55246379904;-76.1647541803;4.55246379904;;;SEDESUESVALLE;COORDENADA_ORIGINAL_SEDESUESVALLE;1;37;;;;;;POSIBLE_COINCIDENCIA_REVISAR;0.889;PRIORITARIO;Alto e inviable;SIN_BRECHAS;NO;ALTA;72.67;ALTA;Priorizar revisión técnica, validación en campo y articulación con sector educativo.;6.64;ALTA
214;276400000102;LA UNION;I.E QUEBRADAGRANDE SEDE MERCEDES ABREGON;RURAL;VEREDA SABANAZO;MERCEDES ABREGON;3217718372;16;16;16;18;ESCUELAS_IRCAS;DATO_PRINCIPAL_ESCUELAS_IRCAS;NO;SI;ASOCIACIÓN COMUNITARIA ADMINISTRADORA DEL ACUEDUCTO DE QUEBRADA GRANDE;INVIABLE SANITARIAMENTE;INVIABLE SANITARIAMENTE;3178;FILTRO EKOFIL;QUEBRADA JORDAN;27/30;FAVORABLE CON REQUERIMIENTOS;2026-03-10;COD_DANE_UNICO;CRUCE_OK;GEORREFERENCIADA;;553;INSTITUCION EDUCATIVA QUEBRADAGRANDE;MERCEDES ABREGO;ACTIVA;OFICIAL;MAÑANA;EDUCACIÓN BÁSICA PRIMARIA;VDA SABANAZO;-76.15118462;4.545303707;-76.15118462;4.545303707;-76.15;4.55;SEDESUESVALLE;COORDENADA_ORIGINAL_SEDESUESVALLE;1;16;2.019;I.E. QUEBRADAGRANDE;MERCEDES ABREGO;RURAL;VDA SABANAZO;COINCIDENCIA_NOMBRE_FUERTE;0.93;PRIORITARIO;Alto e inviable;SIN_BRECHAS;NO;ALTA;70.49;ALTA;Priorizar revisión técnica, validación en campo y articulación con sector educativo.;5.17;MEDIA
215;276400000129;LA UNION;I.E QUEBRADAGRANDE SEDE ANTONIO JOSE DE SUCRE;RURAL;VEREDA VIOLETAS;ANTONIO JOSE DE SUCRE;3017718372;5;5;5;14;ESCUELAS_IRCAS;DATO_PRINCIPAL_ESCUELAS_IRCAS;NO;SI;ASOCIACIÓN COMUNITARIA ADMINISTRADORA DEL ACUEDUCTO DE QUEBRADA GRANDE;INVIABLE SANITARIAMENTE;INVIABLE SANITARIAMENTE;3178;FILTRO EKOFIL;QUEBRADA JORDAN;26.5/30;FAVORABLE CON REQUERIMIENTOS;2026-03-10;COD_DANE_UNICO;CRUCE_OK;GEORREFERENCIADA;;554;INSTITUCION EDUCATIVA QUEBRADAGRANDE;ANTONIO JOSE DE SUCRE;ACTIVA;OFICIAL;MAÑANA;EDUCACIÓN BÁSICA PRIMARIA;VDA VIOLETAS;-76.14723471;4.558057618;-76.14723471;4.558057618;-76.15;4.56;SEDESUESVALLE;COORDENADA_ORIGINAL_SEDESUESVALLE;1;5;2.019;I.E. QUEBRADAGRANDE;ANTONIO JOSE DE SUCRE;RURAL;VDA VIOLETAS;COINCIDENCIA_NOMBRE_FUERTE;0.93;PRIORITARIO;Alto e inviable;SIN_BRECHAS;NO;ALTA;67.66;ALTA;Priorizar revisión técnica, validación en campo y articulación con sector educativo.;3.27;BAJA
216;276400000285;LA UNION;I.E QUEBRADAGRANDE  SEDE TULIO RAMIREZ;RURAL;VEREDA EL RINCON;TULIO RAMIREZ;3225249788;5;5;5;4;ESCUELAS_IRCAS;DATO_PRINCIPAL_ESCUELAS_IRCAS;NO;SI;ASOCIACIÓN DE USUARIOS DEL ACUEDUCTO RURAL COMUNITARIO DE LA VEREDA EL RINCON;INVIABLE SANITARIAMENTE;INVIABLE SANITARIAMENTE;1450;FILTRO EKOFIL;QUEBRADA JORDAN - QUEBRADA SONORA;26.5/30;FAVORABLE CON REQUERIMIENTOS;2026-03-25;COD_DANE_UNICO;CRUCE_OK;GEORREFERENCIADA;;545;INSTITUCION EDUCATIVA QUEBRADAGRANDE;TULIO RAMIREZ;ACTIVA;OFICIAL;MAÑANA;EDUCACIÓN BÁSICA PRIMARIA;VDA EL RINCON;-76.13414768;4.548063882;-76.13414768;4.548063882;-76.13;4.55;SEDESUESVALLE;COORDENADA_ORIGINAL_SEDESUESVALLE;1;5;2.019;I.E. QUEBRADAGRANDE;TULIO RAMIREZ;RURAL;VDA EL RINCON;COINCIDENCIA_NOMBRE_FUERTE;0.93;PRIORITARIO;Alto e inviable;SIN_BRECHAS;NO;ALTA;67.66;ALTA;Priorizar revisión técnica, validación en campo y articulación con sector educativo.;3.27;BAJA
217;;LA UNION;I.E SAN JOSE SEDE SANTA CLARA;RURAL;CALLE 4 # 2  - 17  CORREGIMIENTO SAN LUIS;SANTA CLARA;3206207600;90;90;0;0;ESCUELAS_IRCAS;DATO_PRINCIPAL_ESCUELAS_IRCAS;NO;SI;ASOCIACIÓN DE USUARIOS ACUEDUCTO SAN PEDRO Y SAN LUIS ASUASPEL- SISTEMA 1;RIESGO MEDIO;MEDIO;337;ACUEDUCTO RURAL;QUEBRADA JORDAN - QUEBRADA SONORA - QUEBRADA EL RINCON;27.5/30;FAVORABLE;2025-12-09;MUNICIPIO+NOMBRE_EXACTO;CRUCE_RECUPERADO;SIN_COORDENADAS;;541;;;;;;;;;;;;;;SIN_COORDENADA;SIN_COORDENADA;0;0;;;;;;COINCIDENCIA_NOMBRE_FUERTE_CON_POSIBLE_EMPATE;0.93;PREVENTIVO;Medio;SIN_COORDENADA;SI;MEDIA;40.44;MEDIA;Mantener seguimiento preventivo por matrícula significativa.;3.92;BAJA
218;;LA UNION;I.E QUEBRADAGRANDE BELISARIO CAICEDO;RURAL;CORREGIMIENTO SAN LUIS;I.E QUEBRADAGRANDE BELISARIO CAICEDO;6022293145;79;79;0;31;ESCUELAS_IRCAS;DATO_PRINCIPAL_ESCUELAS_IRCAS;NO;SI;ASOCIACIÓN DE USUARIOS ACUEDUCTO SAN PEDRO Y SAN LUIS ASUASPEL- SISTEMA 1;RIESGO MEDIO;MEDIO;337;ACUEDUCTO RURAL;QUEBRADA JORDAN - QUEBRADA SONORA - QUEBRADA EL RINCON;27.5/30;FAVORABLE;2026-03-20;MUNICIPIO+NOMBRE_EXACTO;CRUCE_RECUPERADO;GEORREFERENCIADA;;542;;;;;;;;-76.09;4.55;;;-76.09;4.55;MEN_SEDES;COMPLEMENTADA_CON_MEN;0;0;2.019;I.E. QUEBRADAGRANDE;BELISARIO CAICEDO;RURAL;CORREG SAN LUIS;COINCIDENCIA_NOMBRE_FUERTE;0.986;PREVENTIVO;Medio;SIN_BRECHAS;NO;ALTA;38.09;MEDIA;Mantener seguimiento preventivo por matrícula significativa.;3.81;BAJA
219;;SEVILLA;I.E. SANTA BARBARA SEDE GENERAL SANTANDER QUEBRADA NUEVA;RURAL;VDA QUEBRADA NUEVA;GENERAL SANTANDER QUEBRADA NUEVA;3136493635;47;47;0;0;ESCUELAS_IRCAS;DATO_PRINCIPAL_ESCUELAS_IRCAS;NO;SI;ASOCIACION DE USUARIOS ACUDUCTO QUEBRADA NUEVA - ACUANUEVA;SIN RIESGO;SIN RIESGO;195;;QUEBRADA JUAN GRANADA, GUAMERA, Y LA DEL MEDIO;21.5;FAVORABLE CON REQUERIMIENTOS;2026-04-16;MUNICIPIO+NOMBRE_EXACTO;CRUCE_RECUPERADO;SIN_COORDENADAS;;776;;;;;;;;;;;;;;SIN_COORDENADA;SIN_COORDENADA;0;0;;;;;;COINCIDENCIA_NOMBRE_FUERTE_CON_POSIBLE_EMPATE;0.93;RUTINARIO;Sin riesgo y bajo;SIN_COORDENADA;SI;MEDIA;20.31;BAJA;Priorizar georreferenciación de la sede educativa.;0.0;BAJA
220;276275001452;FLORIDA;I.E. JOSE MARIA CORDOBA SEDE EL TAMBORAL;RURAL;VEREDA EL TAMBORAL;EL TAMBORAL;3218908660;14;14;7;0;ESCUELAS_IRCAS;DATO_PRINCIPAL_ESCUELAS_IRCAS;NO;SI;AUNITAMBO;SIN RIESGO;SIN RIESGO;111;ACUEDUCTO RURAL - FILTRO EKOFIL;QUEBRADA JUANAMBU;15/30;DESFAVORABLE;2025-12-11;COD_DANE_UNICO;CRUCE_OK;GEORREFERENCIADA;;426;INSTITUCION EDUCATIVA JOSE MARIA CORDOBA;EL TAMBORAL;ACTIVA;OFICIAL;UNICA;EDUCACIÓN BÁSICA SECUNDARIA;VDA EL TAMBORAL;-76.2209255577;3.27429645313;-76.2209255577;3.27429645313;;;SEDESUESVALLE;COORDENADA_ORIGINAL_SEDESUESVALLE;1;7;;;;;;COINCIDENCIA_NOMBRE_FUERTE_CON_POSIBLE_EMPATE;0.93;RUTINARIO;Sin riesgo y bajo;SIN_BRECHAS;NO;ALTA;19.35;BAJA;Mantener seguimiento rutinario con control territorial rural.;0.0;BAJA
221;276275000189;FLORIDA;I.E. JOSE MARIA CORDOBA SEDE CARTAGENA DE INDIAS;RURAL;VEREDA LA UNION;CARTAGENA DE INDIAS;3105369323;5;5;7;0;ESCUELAS_IRCAS;DATO_PRINCIPAL_ESCUELAS_IRCAS;NO;SI;AUNITAMBO;SIN RIESGO;SIN RIESGO;111;ACUEDUCTO RURAL - FILTRO EKOFIL;QUEBRADA JUANAMBU;17/30;DESFAVORABLE;2025-12-11;COD_DANE_UNICO;CRUCE_OK;GEORREFERENCIADA;;428;INSTITUCION EDUCATIVA JOSE MARIA CORDOBA;CARTAGENA DE INDIAS;ACTIVA;OFICIAL;UNICA;EDUCACIÓN BÁSICA SECUNDARIA;CORREG LA UNION;-76.20988782;3.273444916;-76.20988782;3.273444916;;;SEDESUESVALLE;COORDENADA_ORIGINAL_SEDESUESVALLE;1;7;;;;;;COINCIDENCIA_NOMBRE_FUERTE_CON_POSIBLE_EMPATE;0.93;RUTINARIO;Sin riesgo y bajo;SIN_BRECHAS;NO;ALTA;16.86;BAJA;Mantener seguimiento rutinario con control territorial rural.;0.0;BAJA
222;;EL DOVIO;I.E ACERG SEDE JUAN SALVADOR GAVIOTA;RURAL;VEREDA LA HONDURA;JUAN SALVADOR GAVIOTA;3136593903;75;75;0;96;ESCUELAS_IRCAS;DATO_PRINCIPAL_ESCUELAS_IRCAS;NO;SI;ACUEDUCTO COMUNITARIO AGUAS LA ALEJANDRÍA - LA HONDURA;RIESGO ALTO;ALTO;3462;ACUEDUCTO RURAL;QUEBRADA LA ALEJANDRIA;30/30;FAVORABLE;2026-02-11;MUNICIPIO+NOMBRE_EXACTO;CRUCE_RECUPERADO;GEORREFERENCIADA;;385;;;;;;;;-76.28;4.54;;;-76.28;4.54;MEN_SEDES;COMPLEMENTADA_CON_MEN;0;0;2.019;IE ACERG;JUAN SALVADOR GAVIOTA;RURAL;VDA LA HONDURA;COINCIDENCIA_NOMBRE_FUERTE;0.93;PRIORITARIO;Alto e inviable;SIN_BRECHAS;NO;ALTA;57.21;ALTA;Programar seguimiento operativo y verificar condiciones del sistema abastecedor.;5.64;MEDIA
223;276828000778;TRUJILLO;ESCUELA FEDICIO NAVARRETE N. 11;RURAL;VDA CULEBRAS;;6022267368;14;14;13;21;ESCUELAS_IRCAS;DATO_PRINCIPAL_ESCUELAS_IRCAS;NO;SI;ASOCIACION COMUNITARIA DE USUARIOS DEL ACUEDUCTO DE LA VEREDA CULEBRAS ACUACULEBRAS;RIESGO MEDIO;MEDIO;10170;ACUEDUCTO RURAL;QUEBRADA LA ARANA;23.0;FAVORABLE CON REQUERIMIENTOS;2025-06-12;COD_DANE_UNICO;CRUCE_OK;GEORREFERENCIADA;;853;INSTITUCION EDUCATIVA MANUEL MARIA MALLARINO;FEDICIO NAVARRETE;ACTIVA;OFICIAL;MAÑANA;EDUCACIÓN MEDIA;VDA CULEBRAS;-76.32327942;4.229310236;-76.32327942;4.229310236;-76.32;4.23;SEDESUESVALLE;COORDENADA_ORIGINAL_SEDESUESVALLE;1;13;2.019;IE MANUEL MARIA MALLARINO;FEDICIO NAVARRETE;RURAL;VDA CULEBRAS;COINCIDENCIA_NOMBRE_FUERTE;0.93;PREVENTIVO;Medio;SIN_BRECHAS;NO;ALTA;37.15;MEDIA;Mantener seguimiento preventivo dentro de la programación regular.;2.47;BAJA
224;276828000158;TRUJILLO;CENTRO EDUCATIVO CENT DOC CAMILO TORRES N. 14;RURAL;VDA LA LUISA;;6022267368;7;7;9;44;ESCUELAS_IRCAS;DATO_PRINCIPAL_ESCUELAS_IRCAS;NO;SI;ASOCIACION DE USUARIOS ACUEDUCTO RURAL COMUNITARIO FLORESTA LA LUISA;INVIABLE SANITARIAMENTE;INVIABLE SANITARIAMENTE;229;ACUEDUCTO RURAL;QUEBRADA LA ARAUCA;25.0;FAVORABLE CON REQUERIMIENTOS;2025-02-19;COD_DANE_UNICO;CRUCE_OK;GEORREFERENCIADA;;840;INSTITUCION EDUCATIVA MANUEL MARIA MALLARINO;CAMILO TORRES;ACTIVA;OFICIAL;MAÑANA;EDUCACIÓN MEDIA;VDA LA LUISA;-76.28953671;4.257660043;-76.28953671;4.257660043;-76.29;4.26;SEDESUESVALLE;COORDENADA_ORIGINAL_SEDESUESVALLE;1;9;2.019;IE MANUEL MARIA MALLARINO;CAMILO TORRES;RURAL;VDA LA LUISA;COINCIDENCIA_NOMBRE_FUERTE;0.93;PRIORITARIO;Alto e inviable;SIN_BRECHAS;NO;ALTA;68.44;ALTA;Priorizar revisión técnica, validación en campo y articulación con sector educativo.;3.79;BAJA
225;276670000082;SAN PEDRO;I.E. JOSE ANTONIO AGUILERA SEDE ALEJANDRO HENAO;RURAL;CGTO LOS CHANCOS;ALEJANDRO HENAO;3105920488;18;0;18;0;SEDESUESVALLE;COMPLEMENTADA_CON_SEDESUESVALLE;NO;SI;ASOCIACION DE USUARIOS DEL ACUEDUCTO Y ALCANTARILLADO DEL CORREGIMIENTO LOS CHANCOS;SIN RIESGO;SIN RIESGO;194;ACUEDUCTO RURAL;QUEBRADA LA ARTIETA;24.5;FAVORABLE CON REQUERIMIENTOS;2026-02-06;COD_DANE_UNICO;CRUCE_OK;GEORREFERENCIADA;;730;INSTITUCION EDUCATIVA JOSE ANTONIO AGUILERA;ALEJANDRO HENAO;ACTIVA;OFICIAL;MAÑANA;EDUCACIÓN BÁSICA PRIMARIA;CORREG LOS CHANCOS;-76.211969;4.01889;-76.211969;4.01889;;;SEDESUESVALLE;COORDENADA_ORIGINAL_SEDESUESVALLE;1;18;;;;;;COINCIDENCIA_NOMBRE_FUERTE_CON_POSIBLE_EMPATE;0.93;RUTINARIO;Sin riesgo y bajo;SIN_BRECHAS;NO;ALTA;15.79;BAJA;Mantener seguimiento rutinario con control territorial rural.;0.0;BAJA
226;276670000180;SAN PEDRO;I.E. MIGUEL ANTONIO CARO SEDE GABRIELA MISTRAL;RURAL;CGTO TODOS LOS SANTOS;GABRIELA MISTRAL;3173159746;168;168;70;230;ESCUELAS_IRCAS;DATO_PRINCIPAL_ESCUELAS_IRCAS;NO;SI;ACUAVALLE S.A ESP;SIN RIESGO;SIN RIESGO;212;PLANTA ACUAVALLE S.A ESP;QUEBRADA LA ARTIETA;19.5;FAVORABLE CON REQUERIMIENTOS;2026-02-25;COD_DANE_UNICO;CRUCE_OK;GEORREFERENCIADA;;727;INSTITUCION EDUCATIVA MIGUEL ANTONIO CARO;GABRIELA MISTRAL;ACTIVA;OFICIAL;MAÑANA;EDUCACIÓN MEDIA;CORREG DE TODOS LOS SANTOS;-76.238888;3.979426;-76.238888;3.979426;-76.24;3.98;SEDESUESVALLE;COORDENADA_ORIGINAL_SEDESUESVALLE;1;70;2.019;IE MIGUEL ANTONIO CARO;GABRIELA MISTRAL;RURAL;CORREG TODOS LOS SANTOS;COINCIDENCIA_NOMBRE_FUERTE;0.93;RUTINARIO;Sin riesgo y bajo;SIN_BRECHAS;NO;ALTA;21.72;BAJA;Mantener seguimiento rutinario con control territorial rural.;0.0;BAJA
227;176670000070;SAN PEDRO;I.E. JOSE ANTONIO AGUILERA - SEDE RAFAEL URIBE URIBE;URBANO;CALLE 4 # 13  - 38;RAFAEL URIBE URIBE;3175155008;218;0;218;0;SEDESUESVALLE;COMPLEMENTADA_CON_SEDESUESVALLE;NO;SI;ACUAVALLE S.A ESP;SIN RIESGO;SIN RIESGO;212;PLANTA ACUAVALLE S.A ESP;QUEBRADA LA ARTIETA;22;FAVORABLE CON REQUERIMIENTOS;2026-03-06;COD_DANE_UNICO;CRUCE_OK;GEORREFERENCIADA;;728;INSTITUCION EDUCATIVA JOSE ANTONIO AGUILERA;RAFAEL URIBE URIBE;ACTIVA;OFICIAL;MAÑANA;EDUCACIÓN BÁSICA PRIMARIA;CLL 4 # 7-48 LA ESPERANZA;-76.230745531;3.99520943365;-76.230745531;3.99520943365;;;SEDESUESVALLE;COORDENADA_ORIGINAL_SEDESUESVALLE;1;218;;;;;;COINCIDENCIA_NOMBRE_FUERTE_CON_POSIBLE_EMPATE;0.93;RUTINARIO;Sin riesgo y bajo;SIN_BRECHAS;NO;ALTA;22.43;BAJA;Mantener seguimiento rutinario.;0.0;BAJA
228;176670000258;SAN PEDRO;I.E. JOSE ANTONIO AGUILERA - SEDE LEONARDO TASCON;URBANO;CALLE 4  CON CR 6 ESQUINA;LEONARDO TASCON;3148724019;236;0;236;0;SEDESUESVALLE;COMPLEMENTADA_CON_SEDESUESVALLE;NO;SI;ACUAVALLE S.A ESP;SIN RIESGO;SIN RIESGO;212;PLANTA ACUAVALLE S.A ESP;QUEBRADA LA ARTIETA;22;FAVORABLE CON REQUERIMIENTOS;2026-02-12;COD_DANE_UNICO;CRUCE_OK;GEORREFERENCIADA;;729;INSTITUCION EDUCATIVA JOSE ANTONIO AGUILERA;LEONARDO TASCÓN;ACTIVA;OFICIAL;MAÑANA;EDUCACIÓN BÁSICA SECUNDARIA;CRA 6 CLL 4 BRR/LA CAMPEÑA;-76.22927376;3.99530467;-76.22927376;3.99530467;;;SEDESUESVALLE;COORDENADA_ORIGINAL_SEDESUESVALLE;1;236;;;;;;COINCIDENCIA_NOMBRE_FUERTE_CON_POSIBLE_EMPATE;0.93;RUTINARIO;Sin riesgo y bajo;SIN_BRECHAS;NO;ALTA;22.64;BAJA;Mantener seguimiento rutinario.;0.0;BAJA
229;276670000121;SAN PEDRO;I.E. JOSE ANTONIO AGUILERA SEDE SAN JUDAS TADEO;RURAL;CGTO GUAYABAL;SAN JUDAS TADEO;3154216159;33;33;43;0;ESCUELAS_IRCAS;DATO_PRINCIPAL_ESCUELAS_IRCAS;NO;SI;ACUAVALLE S.A ESP;SIN RIESGO;SIN RIESGO;212;PLANTA ACUAVALLE S.A ESP;QUEBRADA LA ARTIETA;24.5;FAVORABLE CON REQUERIMIENTOS;2026-02-05;COD_DANE_UNICO;CRUCE_OK;GEORREFERENCIADA;;731;INSTITUCION EDUCATIVA JOSE ANTONIO AGUILERA;SAN JUDAS TADEO;ACTIVA;OFICIAL;MAÑANA;EDUCACIÓN BÁSICA PRIMARIA;CORREG GUAYABAL;-76.23353;4.00722;-76.23353;4.00722;;;SEDESUESVALLE;COORDENADA_ORIGINAL_SEDESUESVALLE;1;43;;;;;;COINCIDENCIA_NOMBRE_FUERTE_CON_POSIBLE_EMPATE;0.93;RUTINARIO;Sin riesgo y bajo;SIN_BRECHAS;NO;ALTA;17.37;BAJA;Mantener seguimiento rutinario con control territorial rural.;0.0;BAJA
230;176670000240;SAN PEDRO;I.E. JOSE ANTONIO AGUILERA SEDE JOSE ANTONIO AGUILERA;URBANO;CARRERA 6 # 6  - 77;JOSE ANTONIO AGUILERA;3127805359;207;0;207;756;SEDESUESVALLE;COMPLEMENTADA_CON_SEDESUESVALLE;NO;SI;ACUAVALLE S.A ESP;SIN RIESGO;SIN RIESGO;212;PLANTA ACUAVALLE S.A ESP;QUEBRADA LA ARTIETA;20.5;FAVORABLE CON REQUERIMIENTOS;2026-02-12;COD_DANE_UNICO;CRUCE_OK;GEORREFERENCIADA;;733;INSTITUCION EDUCATIVA JOSE ANTONIO AGUILERA;JOSE ANTONIO AGUILERA;ACTIVA;OFICIAL;MAÑANA;EDUCACIÓN MEDIA;CRA 6 # 6-77;-76.2288516287;3.99790754505;-76.2288516287;3.99790754505;-76.23;4.0;SEDESUESVALLE;COORDENADA_ORIGINAL_SEDESUESVALLE;1;207;2.019;IE JOSE ANTONIO AGUILERA;JOSE ANTONIO AGUILERA;URBANA;CRA 6 NO 6-77;COINCIDENCIA_NOMBRE_FUERTE;0.93;RUTINARIO;Sin riesgo y bajo;SIN_BRECHAS;NO;ALTA;22.29;BAJA;Mantener seguimiento rutinario.;0.0;BAJA
231;276670000457;SAN PEDRO;I.E. MIGUEL ANTONIO CARO SEDE FRANCISCO JOSE DE CALDAS;RURAL;CALLEJON LOS ARANGO;FRANCISCO JOSE DE CALDAS;3152359783;72;72;53;91;ESCUELAS_IRCAS;DATO_PRINCIPAL_ESCUELAS_IRCAS;NO;SI;ACUAVALLE S.A ESP;SIN RIESGO;SIN RIESGO;212;PLANTA ACUAVALLE S.A ESP;QUEBRADA LA ARTIETA;22;FAVORABLE CON REQUERIMIENTOS;2026-02-19;COD_DANE_UNICO;CRUCE_OK;GEORREFERENCIADA;;734;INSTITUCION EDUCATIVA MIGUEL ANTONIO CARO;FRANCISCO JOSE DE CALDAS;ACTIVA;OFICIAL;MAÑANA;EDUCACIÓN BÁSICA PRIMARIA;CORREG PRESIDENTE;-76.265977;3.960267;-76.265977;3.960267;-76.27;3.96;SEDESUESVALLE;COORDENADA_ORIGINAL_SEDESUESVALLE;1;53;2.019;IE MIGUEL ANTONIO CARO;FRANCISCO JOSE DE CALDAS;RURAL;CORREG PRESIDENTE;COINCIDENCIA_NOMBRE_FUERTE;0.931;RUTINARIO;Sin riesgo y bajo;SIN_BRECHAS;NO;ALTA;19.45;BAJA;Mantener seguimiento rutinario con control territorial rural.;0.0;BAJA
232;276670000228;SAN PEDRO;I.E. JOSE ANTONIO AGUILERA SEDE CRISTO REY;RURAL;VDA MONTEGRANDE;CRISTO REY;3103775648;22;0;22;0;SEDESUESVALLE;COMPLEMENTADA_CON_SEDESUESVALLE;NO;SI;ACUAVALLE S.A ESP;SIN RIESGO;SIN RIESGO;212;PLANTA ACUAVALLE S.A ESP;QUEBRADA LA ARTIETA;25;FAVORABLE CON REQUERIMIENTOS;2026-02-26;COD_DANE_UNICO;CRUCE_OK;GEORREFERENCIADA;;735;INSTITUCION EDUCATIVA JOSE ANTONIO AGUILERA;CRISTO REY;ACTIVA;OFICIAL;MAÑANA;EDUCACIÓN BÁSICA PRIMARIA;CAS MONTE GRANDE;-76.1910027778;3.95600833333;-76.1910027778;3.95600833333;;;SEDESUESVALLE;COORDENADA_ORIGINAL_SEDESUESVALLE;1;22;;;;;;COINCIDENCIA_NOMBRE_FUERTE_CON_POSIBLE_EMPATE;0.93;RUTINARIO;Sin riesgo y bajo;SIN_BRECHAS;NO;ALTA;16.31;BAJA;Mantener seguimiento rutinario con control territorial rural.;0.0;BAJA
233;;SAN PEDRO;I.E. MIGUEL ANTONIO CARO SEDE MIGUEL ANTONIO CARO PRINCIPAL;RURAL;CGTO PRESIDENTE;MIGUEL ANTONIO CARO PRINCIPAL;3117658625;0;0;0;0;SIN_FUENTE;SIN_DATO_MATRICULA;SI;SI;ACUAVALLE S.A ESP;SIN RIESGO;SIN RIESGO;212;PLANTA ACUAVALLE S.A ESP;QUEBRADA LA ARTIETA;20.5;FAVORABLE CON REQUERIMIENTOS;2026-03-06;MUNICIPIO+NOMBRE_EXACTO;CRUCE_RECUPERADO;SIN_COORDENADAS;;736;;;;;;;;;;;;;;SIN_COORDENADA;SIN_COORDENADA;0;0;;;;;;SIN_COINCIDENCIA_FUERTE;0.571;RUTINARIO;Sin riesgo y bajo;"SIN_MATRICULA_VALIDADA; SIN_COORDENADA";SI;BAJA;12.2;BAJA;Priorizar georreferenciación de la sede educativa.;0.0;BAJA
234;276670000198;SAN PEDRO;I.E. MIGUEL ANTONIO CARO SEDE GENERAL SANTANDER;RURAL;CGTO TODOS LOS SANTOS;GENERAL SANTANDER;3172220540;50;0;50;72;SEDESUESVALLE;COMPLEMENTADA_CON_SEDESUESVALLE;NO;SI;ACUAVALLE S.A ESP;SIN RIESGO;SIN RIESGO;212;PLANTA ACUAVALLE S.A ESP;QUEBRADA LA ARTIETA;No registra;FAVORABLE CON REQUERIMIENTOS;2026-02-25;COD_DANE_UNICO;CRUCE_OK;GEORREFERENCIADA;;737;INSTITUCION EDUCATIVA MIGUEL ANTONIO CARO;GENERAL SANTANDER;ACTIVA;OFICIAL;MAÑANA;EDUCACIÓN BÁSICA PRIMARIA;CORREG TODOS LOS SANTOS;-76.23579;3.979135;-76.23579;3.979135;-76.24;3.98;SEDESUESVALLE;COORDENADA_ORIGINAL_SEDESUESVALLE;1;50;2.019;IE MIGUEL ANTONIO CARO;GENERAL SANTANDER;RURAL;CORREG TODOS LOS SANTOS;COINCIDENCIA_NOMBRE_FUERTE;0.93;RUTINARIO;Sin riesgo y bajo;SIN_BRECHAS;NO;ALTA;18.47;BAJA;Mantener seguimiento rutinario con control territorial rural.;0.0;BAJA
235;276670000180;SAN PEDRO;I.E. MIGUEL ANTONIO CARO SEDE GABRIELA MISTRAL;RURAL;CGTO TODOS LOS SANTOS;GABRIELA MISTRAL;3173159746;168;168;70;230;ESCUELAS_IRCAS;DATO_PRINCIPAL_ESCUELAS_IRCAS;NO;SI;ACUAVALLE S.A ESP;SIN RIESGO;SIN RIESGO;212;PLANTA ACUAVALLE S.A ESP;QUEBRADA LA ARTIETA;19.5;FAVORABLE CON REQUERIMIENTOS;2026-02-25;COD_DANE_UNICO;CRUCE_OK;GEORREFERENCIADA;;727;INSTITUCION EDUCATIVA MIGUEL ANTONIO CARO;GABRIELA MISTRAL;ACTIVA;OFICIAL;MAÑANA;EDUCACIÓN MEDIA;CORREG DE TODOS LOS SANTOS;-76.238888;3.979426;-76.238888;3.979426;-76.24;3.98;SEDESUESVALLE;COORDENADA_ORIGINAL_SEDESUESVALLE;1;70;2.019;IE MIGUEL ANTONIO CARO;GABRIELA MISTRAL;RURAL;CORREG TODOS LOS SANTOS;COINCIDENCIA_NOMBRE_FUERTE;0.93;RUTINARIO;Sin riesgo y bajo;SIN_BRECHAS;NO;ALTA;21.72;BAJA;Mantener seguimiento rutinario con control territorial rural.;0.0;BAJA
236;176670000070;SAN PEDRO;I.E. JOSE ANTONIO AGUILERA - SEDE RAFAEL URIBE URIBE;URBANO;CALLE 4 # 13  - 38;RAFAEL URIBE URIBE;3175155008;218;0;218;0;SEDESUESVALLE;COMPLEMENTADA_CON_SEDESUESVALLE;NO;SI;ACUAVALLE S.A ESP;SIN RIESGO;SIN RIESGO;212;PLANTA ACUAVALLE S.A ESP;QUEBRADA LA ARTIETA;22;FAVORABLE CON REQUERIMIENTOS;2026-03-06;COD_DANE_UNICO;CRUCE_OK;GEORREFERENCIADA;;728;INSTITUCION EDUCATIVA JOSE ANTONIO AGUILERA;RAFAEL URIBE URIBE;ACTIVA;OFICIAL;MAÑANA;EDUCACIÓN BÁSICA PRIMARIA;CLL 4 # 7-48 LA ESPERANZA;-76.230745531;3.99520943365;-76.230745531;3.99520943365;;;SEDESUESVALLE;COORDENADA_ORIGINAL_SEDESUESVALLE;1;218;;;;;;COINCIDENCIA_NOMBRE_FUERTE_CON_POSIBLE_EMPATE;0.93;RUTINARIO;Sin riesgo y bajo;SIN_BRECHAS;NO;ALTA;22.43;BAJA;Mantener seguimiento rutinario.;0.0;BAJA
237;;CALIMA;I.E. PABLO SEXTO SEDE SAN ALBERTO MURGUEITIO;RURAL;VDA ALTO BOLEO;SAN ALBERTO MURGUEITIO;3167570558;11;11;0;0;ESCUELAS_IRCAS;DATO_PRINCIPAL_ESCUELAS_IRCAS;NO;SI;ACUEDUCTO ALTO BOLEO;INVIABLE SANITARIAMENTE;INVIABLE SANITARIAMENTE;8864;ACUEDUCTO RURAL;QUEBRADA LA BERRIADORA;SD;FAVORABLE CON REQUERIMIENTOS;2026-03-05;MUNICIPIO+NOMBRE_EXACTO;CRUCE_RECUPERADO;SIN_COORDENADAS;;217;;;;;;;;;;;;;;SIN_COORDENADA;SIN_COORDENADA;0;0;;;;;;SIN_CANDIDATOS_MUNICIPIO;;PRIORITARIO;Alto e inviable;SIN_COORDENADA;SI;MEDIA;71.54;ALTA;Priorizar revisión técnica, validación en campo y articulación con sector educativo.;4.53;MEDIA
238;276126000044;CALIMA;I.E. PABLO SEXTO SEDE SANTA TERESITA;RURAL;VDA BAJO BOLEO;SANTA TERESITA;3013193784;7;7;7;0;ESCUELAS_IRCAS;DATO_PRINCIPAL_ESCUELAS_IRCAS;NO;SI;JUNTA ADMINISTRADORA ACUEDUCTO BAJO BOLEO;INVIABLE SANITARIAMENTE;INVIABLE SANITARIAMENTE;9016;ACUEDUCTO RURAL;QUEBRADA LA BERRIADORA;28/30;FAVORABLE CON REQUERIMIENTOS;2026-02-13;COD_DANE_UNICO;CRUCE_OK;GEORREFERENCIADA;;220;INSTITUCION EDUCATIVA  PABLO  SEXTO;SANTA TERESITA;ACTIVA;OFICIAL;MAÑANA;EDUCACIÓN BÁSICA PRIMARIA;CORREG EL BOLEO;-76.50754738;3.974107237;-76.50754738;3.974107237;;;SEDESUESVALLE;COORDENADA_ORIGINAL_SEDESUESVALLE;1;7;;;;;;SIN_CANDIDATOS_MUNICIPIO;;PRIORITARIO;Alto e inviable;SIN_BRECHAS;NO;ALTA;68.44;ALTA;Priorizar revisión técnica, validación en campo y articulación con sector educativo.;3.79;BAJA
239;276890000091;YOTOCO;I.E. GABRIELA MISTRAL SEDE GABRIELA MISTRAL;RURAL;CGTO PUENTE TIERRA;GABRIELA MISTRAL;3146964920;85;85;106;331;ESCUELAS_IRCAS;DATO_PRINCIPAL_ESCUELAS_IRCAS;NO;SI;JUNTA DE ACUEDUCTO PUENTE TIERRA LA BOHEMIA;INVIABLE SANITARIAMENTE;INVIABLE SANITARIAMENTE;2646;PLANTA COMPACTA PROPIA Y FILTRO EKOFIL;QUEBRADA LA BOHEMIA;26;FAVORABLE CON REQUERIMIENTOS;2026-03-17;COD_DANE_UNICO;CRUCE_OK;GEORREFERENCIADA;;937;INSTITUCION EDUCATIVA GABRIELA MISTRAL;GABRIELA MISTRAL;ACTIVA;OFICIAL;MAÑANA;EDUCACIÓN MEDIA;CORREG PUENTE TIERRA;-76.45396;3.877538;-76.45396;3.877538;-76.45;3.88;SEDESUESVALLE;COORDENADA_ORIGINAL_SEDESUESVALLE;1;106;2.019;IE GABRIELA MISTRAL;GABRIELA MISTRAL;RURAL;CORREG PUENTE TIERRA;COINCIDENCIA_NOMBRE_FUERTE;0.93;PRIORITARIO;Alto e inviable;SIN_BRECHAS;NO;ALTA;74.89;ALTA;Priorizar revisión técnica, validación en campo y articulación con sector educativo.;8.12;MUY ALTA
240;276823000257;TORO;I.E TECNICA AGROPECUARIA TORO SEDE SIMON BOLIVAR;RURAL;VEREDA EL CEDRO;SIMON BOLIVAR;6022210560;7;7;7;10;ESCUELAS_IRCAS;DATO_PRINCIPAL_ESCUELAS_IRCAS;NO;SI;JUNTA DE ACCION COMUNAL VEREDA EL CEDRO;SD;SIN DATO;SD;ACUEDUCTO RURAL;QUEBRADA LA CABAÑA;21/30;FAVORABLE CON REQUERIMIENTOS;2026-01-29;COD_DANE_UNICO;CRUCE_OK;GEORREFERENCIADA;;825;INSTITUCION EDUCATIVA  TECNICA AGROPECUARIA TORO;SIMON BOLIVAR;ACTIVA;OFICIAL;MAÑANA;EDUCACIÓN BÁSICA PRIMARIA;VDA EL CEDRO;-76.14094874;4.568851113;-76.14094874;4.568851113;-76.14;4.57;SEDESUESVALLE;COORDENADA_ORIGINAL_SEDESUESVALLE;1;7;2.019;IE  TECNICA AGROPECUARIA TORO;SIMON BOLIVAR;RURAL;VEREDA EL CEDRO;COINCIDENCIA_NOMBRE_FUERTE;0.933;BRECHA INFORMACION;Sin dato / información incompleta;SIN_DATO_IRCA;SI;BAJA;34.34;BAJA;Gestionar actualización de la clasificación IRCA del sistema asociado.;0.47;BAJA
241;276306000255;GINEBRA;I.E. INMACULADA CONCEPCION SEDE PERPETUO SOCORRO;RURAL;VEREDA BARRANCO BAJO;PERPETUO SOCORRO;3163066194 - 3234626596;15;15;15;0;ESCUELAS_IRCAS;DATO_PRINCIPAL_ESCUELAS_IRCAS;NO;SI;ASOCIACION DE USUARIOS DEL SERVICIO DE ACUEDUCTO DE LA VEREDA BARRANCO BAJO - MUNICIPIO DE GINEBRA - DEPARTAMENTO DEL VALLE DEL CAUCA - ASUABA;RIESGO MEDIO;MEDIO;6525;-;QUEBRADA LA CAJITA;17.7;FAVORABLE CON REQUERIMIENTOS;2025-12-09;COD_DANE_UNICO;CRUCE_OK;GEORREFERENCIADA;;464;INSTITUCION EDUCATIVA INMACULADA CONCEPCION;PERPETUO SOCORRO;ACTIVA;OFICIAL;COMPLETA;EDUCACIÓN BÁSICA PRIMARIA;VDA BARRANCO BAJO;-76.23606055;3.707601619;-76.23606055;3.707601619;;;SEDESUESVALLE;COORDENADA_ORIGINAL_SEDESUESVALLE;1;15;;;;;;COINCIDENCIA_NOMBRE_FUERTE_CON_POSIBLE_EMPATE;0.93;PREVENTIVO;Medio;SIN_BRECHAS;NO;ALTA;37.33;MEDIA;Mantener seguimiento preventivo dentro de la programación regular.;2.53;BAJA
242;276306000492;GINEBRA;I.E. MANUELA BELTRAN SEDE CANAIMA;RURAL;VEREDA CANAIMA;CANAIMA;3215416843 - 3182786939;16;16;16;0;ESCUELAS_IRCAS;DATO_PRINCIPAL_ESCUELAS_IRCAS;NO;SI;ACUEDUCTO COMUNITARIO CANAIMA;INVIABLE SANITARIAMENTE;INVIABLE SANITARIAMENTE;2881;FILTRO EKOFIL;QUEBRADA LA CASCADA;85.78;DESFAVORABLE;2026-04-20;COD_DANE_UNICO;CRUCE_OK;GEORREFERENCIADA;;454;INSTITUCION EDUCATIVA  MANUELA BELTRAN;CANAIMA;ACTIVA;OFICIAL;COMPLETA;EDUCACIÓN MEDIA;VDA CANAIMA;-76.19557134;3.781030001;-76.19557134;3.781030001;;;SEDESUESVALLE;COORDENADA_ORIGINAL_SEDESUESVALLE;1;16;;;;;;COINCIDENCIA_NOMBRE_FUERTE_CON_POSIBLE_EMPATE;0.93;PRIORITARIO;Alto e inviable;SIN_BRECHAS;NO;ALTA;74.69;ALTA;Priorizar revisión técnica, validación en campo y articulación con sector educativo.;5.91;MEDIA
243;276606000010;RESTREPO;I.E. JOSE ACEVEDO Y GOMEZ SEDE FRANCISCO JOSE DE CALDAS;RURAL;VDA SAN SALVADOR;FRANCISCO JOSE DE CALDAS;3117768793;16;16;18;0;ESCUELAS_IRCAS;DATO_PRINCIPAL_ESCUELAS_IRCAS;NO;SI;ASOCIACION DE USUARIOS DEL SISTEMA DE SUMINISTRO DE AGUA RURAL COMUNITARIA DEL CORREGIMIENTO SAN SALVADOR Y VEREDA EL SILENCIO;RIESGO MEDIO;MEDIO;3304;ACUEDUCTO RURAL;QUEBRADA LA CASCADA;25;FAVORABLE CON REQUERIMIENTOS;2025-10-01;COD_DANE_UNICO;CRUCE_OK;GEORREFERENCIADA;;640;INSTITUCION EDUCATIVA JOSE ACEVEDO Y GOMEZ;FRANCISCO JOSE DE CALDAS;ACTIVA;OFICIAL;MAÑANA;EDUCACIÓN MEDIA;VD SAN SALVADOR;-76.5348985331;3.80649497333;-76.5348985331;3.80649497333;;;SEDESUESVALLE;COORDENADA_ORIGINAL_SEDESUESVALLE;1;18;;;;;;COINCIDENCIA_NOMBRE_FUERTE_CON_POSIBLE_EMPATE;0.932;PREVENTIVO;Medio;SIN_BRECHAS;NO;ALTA;37.49;MEDIA;Mantener seguimiento preventivo dentro de la programación regular.;2.58;BAJA
244;276606000273;RESTREPO;I.E. JOSE ACEVEDO Y GOMEZ  SEDE ATANASIO GIRARDOT;RURAL;VDA EL SILENCIO;ATANASIO GIRARDOT;3142015995;10;10;5;0;ESCUELAS_IRCAS;DATO_PRINCIPAL_ESCUELAS_IRCAS;NO;SI;ASOCIACION DE USUARIOS DEL SISTEMA DE SUMINISTRO DE AGUA RURAL COMUNITARIA DEL CORREGIMIENTO SAN SALVADOR Y VEREDA EL SILENCIO;RIESGO ALTO;ALTO;3301;ACUEDUCTO RURAL;QUEBRADA LA CASCADA;28;FAVORABLE CON REQUERIMIENTOS;2026-02-05;COD_DANE_UNICO;CRUCE_OK;GEORREFERENCIADA;;644;INSTITUCION EDUCATIVA JOSE ACEVEDO Y GOMEZ;ATANASIO GIRARDOT;ACTIVA;OFICIAL;MAÑANA;EDUCACIÓN MEDIA;VDA EL SILENCIO;-76.52125587;3.801321807;-76.52125587;3.801321807;;;SEDESUESVALLE;COORDENADA_ORIGINAL_SEDESUESVALLE;1;5;;;;;;COINCIDENCIA_NOMBRE_FUERTE_CON_POSIBLE_EMPATE;0.93;PRIORITARIO;Alto e inviable;SIN_BRECHAS;NO;ALTA;55.56;ALTA;Programar seguimiento operativo y verificar condiciones del sistema abastecedor.;3.28;BAJA
245;276306000590;GINEBRA;I.E. IDEBIC SEDE ALFONSO LOPEZ PUMAREJO;RURAL;VEREDA LA CASCADA;ALFONSO LOPEZ PUMAREJO;3107454846;0;0;0;0;SIN_FUENTE;SIN_DATO_MATRICULA;SI;SI;ASOCIACIÓN DE USUARIOS DEL ACUEDUCTO DE LA VEREDA LA CASCADA;SIN RIESGO;SIN RIESGO;2884;-;QUEBRADA LA CASCADA;IRCA AÑO 2024;SIN CONCEPTO;2025-12-19;COD_DANE_UNICO;CRUCE_OK;GEORREFERENCIADA;;480;;;ACTIVA;OFICIAL;FIN DE SEMANA;EDUCACIÓN BÁSICA SECUNDARIA;VD LA CASCADA LOS LULOS;-76.19082004;3.74410441027;-76.19082004;3.74410441027;;;SEDESUESVALLE;COORDENADA_ORIGINAL_SEDESUESVALLE;2;0;;;;;;SIN_COINCIDENCIA_FUERTE;0.556;RUTINARIO;Sin riesgo y bajo;SIN_MATRICULA_VALIDADA;SI;BAJA;8.6;BAJA;Validar matrícula con fuente institucional o Secretaría de Educación.;0.0;BAJA
246;276306000182;GINEBRA;I.E. DE DESARROLLO RURAL LA SELVA SEDE GUILLERMO LEON VALENCIA;RURAL;VEREDA CAMPO ALEGRE;GUILLERMO LEON VALENCIA;3169255262 - 3161000377;5;5;5;63;ESCUELAS_IRCAS;DATO_PRINCIPAL_ESCUELAS_IRCAS;NO;SI;JUNTA ADMINISTRADORA LOCAL DE LA VEREDA CAMPO ALEGRE;RIESGO ALTO;ALTO;2876;-;QUEBRADA LA CECILIA;86.09;DESFAVORABLE;2025-09-18;COD_DANE_UNICO;CRUCE_OK;GEORREFERENCIADA;;479;INSTITUCION EDUCATIVA DE DESARROLLO RURAL LA SELVA;GUILLERMO LEON VALENCIA;ACTIVA;OFICIAL;COMPLETA;EDUCACIÓN MEDIA;VDA CAMPOALEGRE;-76.2057364;3.758358497;-76.2057364;3.758358497;-76.21;3.76;SEDESUESVALLE;COORDENADA_ORIGINAL_SEDESUESVALLE;1;5;2.019;IE DE DESARROLLO RURAL LA SELVA;GUILLERMO LEON VALENCIA;RURAL;VDA CAMPO ALEGRE;COINCIDENCIA_NOMBRE_FUERTE;0.94;PRIORITARIO;Alto e inviable;SIN_BRECHAS;NO;ALTA;58.11;ALTA;Programar seguimiento operativo y verificar condiciones del sistema abastecedor.;2.8;BAJA
247;;YOTOCO;I.E. SAN JUAN BOSCO SEDE NUESTRA SEÑORA DE FATIMA;RURAL;VDA EL CANEY;NUESTRA SEÑORA DE FATIMA;3185919323;10;10;0;251;ESCUELAS_IRCAS;DATO_PRINCIPAL_ESCUELAS_IRCAS;NO;SI;ASOCIACIÓN ACUAVITAL ESP;INVIABLE SANITARIAMENTE;INVIABLE SANITARIAMENTE;500;ACUEDUCTO RURAL;QUEBRADA LA CECILIA;23.5;FAVORABLE CON REQUERIMIENTOS;2026-02-16;MUNICIPIO+NOMBRE_EXACTO;CRUCE_RECUPERADO;GEORREFERENCIADA;;916;;;;;;;;-76.41;3.96;;;-76.41;3.96;MEN_SEDES;COMPLEMENTADA_CON_MEN;0;0;2.019;IE SAN JUAN BOSCO;SAN JUAN BOSCO;RURAL;VEREDA SAN JUAN;COINCIDENCIA_NOMBRE_FUERTE;0.93;PRIORITARIO;Alto e inviable;SIN_BRECHAS;NO;ALTA;69.31;ALTA;Priorizar revisión técnica, validación en campo y articulación con sector educativo.;4.37;MEDIA
248;3176506309;DAGUA;I.E. CAMILO TORRES SEDE PRINCIPAL;RURAL;CORREGIMIENTO LOBOGUERRERO;PRINCIPAL;3117776969;374;374;0;466;ESCUELAS_IRCAS;DATO_PRINCIPAL_ESCUELAS_IRCAS;NO;SI;ASOCIACION DE USUARIOS DEL ACUEDUCTO LOBOGUERRERO;SIN RIESGO;SIN RIESGO;4057;ACUEDUCTO RURAL LOBOGERRERO;QUEBRADA LA CHAPA;18,5/30;FAVORABLE CON REQUERIMIENTOS;2025-05-13;MUNICIPIO+NOMBRE_EXACTO;CRUCE_RECUPERADO;GEORREFERENCIADA;;232;;;;;;;;-76.67;3.76;;;-76.67;3.76;MEN_SEDES;COMPLEMENTADA_CON_MEN;0;0;2.019;IE CAMILO TORRES;CAMILO TORRES;RURAL;CORREG. LOBOGUERRERO;COINCIDENCIA_NOMBRE_FUERTE;0.93;RUTINARIO;Sin riesgo y bajo;SIN_BRECHAS;NO;ALTA;23.89;BAJA;Mantener seguimiento rutinario con control territorial rural.;0.0;BAJA
249;;CALIMA;I.E. JOHN F. KENNEDY SEDE SANTA ANA;RURAL;VDA EL DIAMANTE;SANTA ANA;3136575617;9;9;0;0;ESCUELAS_IRCAS;DATO_PRINCIPAL_ESCUELAS_IRCAS;NO;SI;ASOCIACION COMUNITARIA ADMINISTRADORA DEL ACUEDUCTO DE LA VEREDA EL DIAMANTE ACUADIAMANTE;SIN RIESGO;SIN RIESGO;930;ACUEDUCTO RURAL;QUEBRADA LA CHOLELA 1;27/30;FAVORABLE CON REQUERIMIENTOS;2026-01-29;MUNICIPIO+NOMBRE_EXACTO;CRUCE_RECUPERADO;SIN_COORDENADAS;;212;;;;;;;;;;;;;;SIN_COORDENADA;SIN_COORDENADA;0;0;;;;;;SIN_CANDIDATOS_MUNICIPIO;;RUTINARIO;Sin riesgo y bajo;SIN_COORDENADA;SI;MEDIA;16.05;BAJA;Priorizar georreferenciación de la sede educativa.;0.0;BAJA
250;276563001858;PRADERA;I.E. MERCEDES ABREGO SEDE ANTONIA SANTOS;RURAL;CORREGIMIENTO EL NOGAL;ANTONIA SANTOS;3168644609;5;5;4;8;ESCUELAS_IRCAS;DATO_PRINCIPAL_ESCUELAS_IRCAS;NO;SI;EL NOGAL;RIESGO ALTO;ALTO;;ACUEDUCTO RURAL;QUEBRADA LA CHORRERA;27/30;DESFAVORABLE;2016-08-18;COD_DANE_UNICO;CRUCE_OK;GEORREFERENCIADA;;625;INSTITUCION EDUCATIVA MERCEDES ABREGO;ANTONIA SANTOS;ACTIVA;OFICIAL;FIN DE SEMANA;EDUCACIÓN BÁSICA SECUNDARIA;CORR EL NOGAL;-76.16013874;3.41231672;-76.16013874;3.41231672;-76.16;3.41;SEDESUESVALLE;COORDENADA_ORIGINAL_SEDESUESVALLE;1;4;2.019;I.E. MERCEDES ABREGO;ANTONIA SANTOS;RURAL;CORREG EL NOGAL;COINCIDENCIA_NOMBRE_FUERTE;0.98;PRIORITARIO;Alto e inviable;SIN_BRECHAS;NO;ALTA;58.11;ALTA;Programar seguimiento operativo y verificar condiciones del sistema abastecedor.;2.8;BAJA
251;276243000306;EL AGUILA;I.E SANTA MARTA SEDE SANTO TOMAS DE AQUINO;RURAL;VEREDA SANTA MARTHA;SANTO TOMAS DE AQUINO;3177312770;7;7;4;20;ESCUELAS_IRCAS;DATO_PRINCIPAL_ESCUELAS_IRCAS;NO;SI;ASOCIACION DE USUARIOS DEL ACUEDUCTO RURAL COMUNITARIO VEREDA SANTA MARTA;INVIABLE SANITARIAMENTE;INVIABLE SANITARIAMENTE;2606;ACUEDUCTO RURAL;QUEBRADA LA CORROSCA;30/30;FAVORABLE;2026-01-30;COD_DANE_UNICO;CRUCE_OK;GEORREFERENCIADA;;288;INSTITUCION EDUCATIVA SANTA MARTA;SANTO TOMAS DE AQUINO;ACTIVA;OFICIAL;MAÑANA;EDUCACIÓN BÁSICA PRIMARIA;IP SANTA MARTA;-76.05105262;4.874032024;-76.05105262;4.874032024;-76.05;4.87;SEDESUESVALLE;COORDENADA_ORIGINAL_SEDESUESVALLE;1;4;2.019;IE SANTA MARTA;SANTO TOMAS DE AQUINO;RURAL;VDA SANTA MARTA;COINCIDENCIA_NOMBRE_FUERTE;0.93;PRIORITARIO;Alto e inviable;SIN_BRECHAS;NO;ALTA;64.84;ALTA;Priorizar revisión técnica, validación en campo y articulación con sector educativo.;3.61;BAJA
252;276054000052;ARGELIA;I.E SANTIAGO GUTIERREZ ANGEL SEDE BUENOS AIRES;RURAL;VEREDA LA CRISTALINA;BUENOS AIRES;3127483628;6;6;6;0;ESCUELAS_IRCAS;DATO_PRINCIPAL_ESCUELAS_IRCAS;NO;SI;ASOCIACIÓN DE USUARIOS DEL ACUEDUCTO LA CRISTALINA;SIN RIESGO;SIN RIESGO;1029;ACUEDUCTO RURAL;QUEBRADA LA CRISTALINA;21.5/30;FAVORABLE CON REQUERIMIENTOS;2026-02-13;COD_DANE_UNICO;CRUCE_OK;GEORREFERENCIADA;;71;INSTITUCION EDUCATIVA SANTIAGO GUTIERREZ ANGEL;BUENOS AIRES;ACTIVA;OFICIAL;COMPLETA;EDUCACIÓN BÁSICA PRIMARIA;CORREG LA CRISTALINA;-76.14219;4.657577;-76.14219;4.657577;;;SEDESUESVALLE;COORDENADA_ORIGINAL_SEDESUESVALLE;1;6;;;;;;COINCIDENCIA_NOMBRE_FUERTE_CON_POSIBLE_EMPATE;0.93;RUTINARIO;Sin riesgo y bajo;SIN_BRECHAS;NO;ALTA;13.08;BAJA;Mantener seguimiento rutinario con control territorial rural.;0.0;BAJA
253;276126000184;CALIMA;I.E. PABLO SEXTO SEDE ANTONIA SANTOS;RURAL;VDA LA CRISTALINA;ANTONIA SANTOS;3013193784;9;9;9;0;ESCUELAS_IRCAS;DATO_PRINCIPAL_ESCUELAS_IRCAS;NO;SI;ACUEDUCTO RURAL LA CRISTALINA;INVIABLE SANITARIAMENTE;INVIABLE SANITARIAMENTE;4491;ACUEDUCTO RURAL;QUEBRADA LA CRISTALINA;26/30;FAVORABLE CON REQUERIMIENTOS;2026-02-13;COD_DANE_UNICO;CRUCE_OK;GEORREFERENCIADA;;213;INSTITUCION EDUCATIVA  PABLO  SEXTO;ANTONIA SANTOS;ACTIVA;OFICIAL;MAÑANA;EDUCACIÓN MEDIA;CORREG LA CRISTALINA;-76.4919857;4.009656385;-76.4919857;4.009656385;;;SEDESUESVALLE;COORDENADA_ORIGINAL_SEDESUESVALLE;1;9;;;;;;SIN_CANDIDATOS_MUNICIPIO;;PRIORITARIO;Alto e inviable;SIN_BRECHAS;NO;ALTA;69.05;ALTA;Priorizar revisión técnica, validación en campo y articulación con sector educativo.;4.2;MEDIA
254;276616000654;RIOFRIO;INSTITUCION EDUCATIVA ALFREDO GARRIDO TOVAR;RURAL;CGTO PORTUGAL DE PIEDRAS;;3175154299;193;0;193;211;SEDESUESVALLE;COMPLEMENTADA_CON_SEDESUESVALLE;NO;SI;ASOCIACION DE USUARIOS ACUEDUCTO PORTUGAL DE PIEDRAS ACUAPORT;RIESGO ALTO;ALTO;507;PLANTA FIME;QUEBRADA LA CRISTALINA;26.0;FAVORABLE CON REQUERIMIENTOS;2025-03-06;COD_DANE_UNICO;CRUCE_OK;GEORREFERENCIADA;;663;INSTITUCION EDUCATIVA ALFREDO GARRIDO TOVAR;ALFREDO GARRIDO TOVAR;ACTIVA;OFICIAL;UNICA;EDUCACIÓN MEDIA;CORREG PORTUGAL DE PIEDRAS;-76.35337663;4.055745916;-76.35337663;4.055745916;-76.35;4.06;SEDESUESVALLE;COORDENADA_ORIGINAL_SEDESUESVALLE;1;193;2.019;IE ALFREDO GARRIDO TOVAR;ALFREDO GARRIDO TOVAR;RURAL;CORREG PORTUGAL DE PIEDRAS;COINCIDENCIA_NOMBRE_FUERTE;0.93;PRIORITARIO;Alto e inviable;SIN_BRECHAS;NO;ALTA;63.35;ALTA;Programar seguimiento operativo y verificar condiciones del sistema abastecedor.;7.21;ALTA
255;276736000402;SEVILLA;I.E. SANTA TERESITA SEDE RODRIGO DE BASTIDAS;RURAL;VDA EL PURNIO;RODRIGO DE BASTIDAS;3136727127;5;5;8;98;ESCUELAS_IRCAS;DATO_PRINCIPAL_ESCUELAS_IRCAS;NO;SI;ASOCIACION DE USUARIOS DEL ACUEDUCTO DE LAS VEREDAS LA CRISTALINA Y PURNIO - AGUA PORVENIR PURNIO;RIESGO ALTO;ALTO;3284;FILTRO EKOFIL;QUEBRADA LA CRISTALINA;20;FAVORABLE CON REQUERIMIENTOS;2026-01-30;COD_DANE_UNICO;CRUCE_OK;GEORREFERENCIADA;;779;INSTITUCION EDUCATIVA SANTA TERESITA;RODRIGO DE BASTDIDAS;ACTIVA;OFICIAL;ESPECIAL;EDUCACIÓN BÁSICA SECUNDARIA;VDA PURNIO;-75.948372;4.249669;-75.948372;4.249669;-75.94;4.22;SEDESUESVALLE;COORDENADA_ORIGINAL_SEDESUESVALLE;1;8;2.019;IE SANTA TERESITA;SANTA TERESITA;RURAL;CORREG SAN ANTONIO;COINCIDENCIA_NOMBRE_FUERTE;0.93;PRIORITARIO;Alto e inviable;SIN_BRECHAS;NO;ALTA;53.91;MEDIA;Programar seguimiento operativo y verificar condiciones del sistema abastecedor.;2.45;BAJA
256;;TRUJILLO;I.E. MANUEL MARIA MALLARINO SEDE SAN BERNARDO;RURAL;VEREDA PALERMO;;;4;0;4;0;SEDESUESVALLE;COMPLEMENTADA_CON_SEDESUESVALLE;NO;SI;JUNTA ADMINISTRADORA ACUEDUCTO DE PALERMO;RIESGO ALTO;ALTO;9783;ACUEDUCTO RURAL;QUEBRADA LA CRISTALINA;25.5;FAVORABLE CON REQUERIMIENTOS;2025-06-12;MUNICIPIO+NOMBRE_EXACTO;CRUCE_RECUPERADO;GEORREFERENCIADA;;857;INSTITUCION EDUCATIVA MANUEL MARIA MALLARINO;SAN BERNARDO;ACTIVA;OFICIAL;MAÑANA;EDUCACIÓN BÁSICA PRIMARIA;VDA PALERMO;-76.33738962;4.21366528;-76.33738962;4.21366528;;;SEDESUESVALLE;COORDENADA_ORIGINAL_SEDESUESVALLE;1;4;;;;;;COINCIDENCIA_NOMBRE_FUERTE_CON_POSIBLE_EMPATE;0.93;PRIORITARIO;Alto e inviable;SIN_BRECHAS;NO;ALTA;53.42;MEDIA;Programar seguimiento operativo y verificar condiciones del sistema abastecedor.;2.2;BAJA
257;276863000110;VERSALLES;INSTITUCION EDUCATIVA LA INMACULADA SEDE MARCO FIDEL SUAREZ;RURAL;VEREDA EL DIAMANTE.;MARCO FIDEL SUAREZ;3146628315;7;7;7;0;ESCUELAS_IRCAS;DATO_PRINCIPAL_ESCUELAS_IRCAS;NO;SI;CDC ACUEDUCTO CALAMAR DIAMANTE CRISTALINA;SIN RIESGO;SIN RIESGO;1265;ACUEDUCTO RURAL;QUEBRADA LA CRISTALINA;25.5/30;FAVORABLE CON REQUERIMIENTOS;2025-11-19;COD_DANE_UNICO;CRUCE_OK;GEORREFERENCIADA;;877;INSTITUCION EDUCATIVA LA INMACULADA;MARCO FIDEL SUAREZ;ACTIVA;OFICIAL;COMPLETA;EDUCACIÓN BÁSICA PRIMARIA;CARRERA 143 NO. 0 - 47 VÍA CASCAJAL, CORREGIMIENTO EL HORMIGUERO;-76.17140848;4.6030279;-76.17140848;4.6030279;;;SEDESUESVALLE;COORDENADA_ORIGINAL_SEDESUESVALLE;1;7;;;;;;COINCIDENCIA_NOMBRE_FUERTE_CON_POSIBLE_EMPATE;0.93;RUTINARIO;Sin riesgo y bajo;SIN_BRECHAS;NO;ALTA;13.44;BAJA;Mantener seguimiento rutinario con control territorial rural.;0.0;BAJA
258;276863000519;VERSALLES;IE CARLOS HOLGUIN SEDE GILBERTO ALZATE AVENDAÑO;RURAL;VEREDA EL SILENCIO;GILBERTO ALZATE AVENDAÑO;3215176082;8;8;8;8;ESCUELAS_IRCAS;DATO_PRINCIPAL_ESCUELAS_IRCAS;NO;SI;ASOCIACIÓN ADMINISTRADORA DEL ACUEDUCTO RURAL COMUNITARIO DEL CORREGIMIENTO LA FLORIDA;INVIABLE SANITARIAMENTE;INVIABLE SANITARIAMENTE;1953;ACUEDUCTO RURAL;QUEBRADA LA CRISTALINA;23/30;FAVORABLE CON REQUERIMIENTOS;2025-02-18;COD_DANE_UNICO;CRUCE_OK;GEORREFERENCIADA;;886;INSTITUCION EDUCATIVA CARLOS HOLGUIN SARDI;GILBERTO ALZATE AVENDAÑO;ACTIVA;OFICIAL;MAÑANA;EDUCACIÓN BÁSICA PRIMARIA;VDA EL SILENCIO;-76.15175795;4.648515362;-76.15175795;4.648515362;-76.15;4.65;SEDESUESVALLE;COORDENADA_ORIGINAL_SEDESUESVALLE;1;8;2.019;IE CARLOS HOLGUIN SARDI;GILBERTO ALZATE AVENDAÑO;RURAL;VDA EL SILENCIO;COINCIDENCIA_NOMBRE_FUERTE;0.947;PRIORITARIO;Alto e inviable;SIN_BRECHAS;NO;ALTA;68.76;ALTA;Priorizar revisión técnica, validación en campo y articulación con sector educativo.;4.01;MEDIA
259;276863000179;VERSALLES;I.E CARLOS HOLGUIN SARDI SEDE JORGE TADEO LOZANO;RURAL;VEREDA MURAPAL;JORGE TADEO LOZANO;3156143026;11;11;11;0;ESCUELAS_IRCAS;DATO_PRINCIPAL_ESCUELAS_IRCAS;NO;SI;ASOCIACIÓN ADMINISTRADORA DEL ACUEDUCTO RURAL COMUNITARIO DEL CORREGIMIENTO LA FLORIDA;INVIABLE SANITARIAMENTE;INVIABLE SANITARIAMENTE;1953;ACUEDUCTO RURAL;QUEBRADA LA CRISTALINA;17.5/30;FAVORABLE CON REQUERIMIENTOS;2025-02-19;COD_DANE_UNICO;CRUCE_OK;GEORREFERENCIADA;;887;INSTITUCION EDUCATIVA CARLOS HOLGUIN SARDI;JORGE TADEO LOZANO2;ACTIVA;OFICIAL;MAÑANA;EDUCACIÓN BÁSICA PRIMARIA;VDA MURRAPAL;-76.15762089;4.654809067;-76.15762089;4.654809067;;;SEDESUESVALLE;COORDENADA_ORIGINAL_SEDESUESVALLE;1;11;;;;;;COINCIDENCIA_NOMBRE_FUERTE_CON_POSIBLE_EMPATE;0.93;PRIORITARIO;Alto e inviable;SIN_BRECHAS;NO;ALTA;69.54;ALTA;Priorizar revisión técnica, validación en campo y articulación con sector educativo.;4.53;MEDIA
260;276863000209;VERSALLES;I.E LA INMACULADA SEDE CRISTO REY;RURAL;VEREDA CALAMAR;CRISTO REY;3147476242;1;1;1;0;ESCUELAS_IRCAS;DATO_PRINCIPAL_ESCUELAS_IRCAS;NO;SI;ACUEDUCTO RURAL CALAMAR;INVIABLE SANITARIAMENTE;INVIABLE SANITARIAMENTE;1278;ACUEDUCTO RURAL;QUEBRADA LA CRISTALINA;No Registra;SIN CONCEPTO;2025-05-08;COD_DANE_UNICO;CRUCE_OK;GEORREFERENCIADA;;883;INSTITUCION EDUCATIVA LA INMACULADA;CRISTO REY;ACTIVA;OFICIAL;COMPLETA;EDUCACIÓN BÁSICA PRIMARIA;VEREDA EL CAMUYA;-76.18554247;4.597650318;-76.18554247;4.597650318;;;SEDESUESVALLE;COORDENADA_ORIGINAL_SEDESUESVALLE;1;1;;;;;;COINCIDENCIA_NOMBRE_FUERTE_CON_POSIBLE_EMPATE;0.93;PRIORITARIO;Alto e inviable;SIN_BRECHAS;NO;ALTA;61.08;ALTA;Priorizar revisión técnica, validación en campo y articulación con sector educativo.;1.2;BAJA
261;276306000212;GINEBRA;I.E. MANUELA BELTRAN SEDE NIÑO JESUS DE PRAGA;RURAL;CORREGIMIENTO COCUYOS;NIÑO JESUS DE PRAGA;3215416843;20;20;20;0;ESCUELAS_IRCAS;DATO_PRINCIPAL_ESCUELAS_IRCAS;NO;SI;ASOCIACIÓN DE USUARIOS ACUEDUCTO RURAL COMUNITARIO COCUYOS;RIESGO MEDIO;MEDIO;2877;-;QUEBRADA LA CRISTALINA Y NACIMIENTO LA MINA;60.14;DESFAVORABLE;2025-04-10;COD_DANE_UNICO;CRUCE_OK;GEORREFERENCIADA;;455;INSTITUCION EDUCATIVA  MANUELA BELTRAN;NIÑO JESUS DE PRAGA;ACTIVA;OFICIAL;COMPLETA;EDUCACIÓN MEDIA;CORREG COCUYOS;-76.2065359;3.767895376;-76.2065359;3.767895376;;;SEDESUESVALLE;COORDENADA_ORIGINAL_SEDESUESVALLE;1;20;;;;;;COINCIDENCIA_NOMBRE_FUERTE_CON_POSIBLE_EMPATE;0.93;PREVENTIVO;Medio;SIN_BRECHAS;NO;ALTA;42.26;MEDIA;Mantener seguimiento preventivo dentro de la programación regular.;3.17;BAJA
262;276616000140;RIOFRIO;ESCUELA JOSE ACEVEDO Y GOMEZ N. 19;RURAL;VDA LA CRISTALINA;;3117381543;7;7;7;6;ESCUELAS_IRCAS;DATO_PRINCIPAL_ESCUELAS_IRCAS;NO;SI;ASOCIACION DE USUARIOS DEL ACUEDUCTO RURAL CAMPESINO DE LA VEREDA LA CRISTALINA;INVIABLE SANITARIAMENTE;INVIABLE SANITARIAMENTE;3704;ACUEDUTO RURAL;QUEBRADA LA CRITALINA;24.0;FAVORABLE CON REQUERIMIENTOS;2025-02-18;COD_DANE_UNICO;CRUCE_OK;GEORREFERENCIADA;;671;INSTITUCION EDUCATIVA CAMILO TORRES;JOSÈ ACEVEDO Y GOMEZ;ACTIVA;OFICIAL;COMPLETA;EDUCACIÓN BÁSICA PRIMARIA;VDA LA CRISTALINA;-76.39732927;4.142463898;-76.39732927;4.142463898;-76.4;4.14;SEDESUESVALLE;COORDENADA_ORIGINAL_SEDESUESVALLE;1;7;2.019;IE CAMILO TORRES;JOSÈ ACEVEDO Y GOMEZ;RURAL;VRD GUAYABAL;COINCIDENCIA_NOMBRE_FUERTE;0.93;PRIORITARIO;Alto e inviable;SIN_BRECHAS;NO;ALTA;68.44;ALTA;Priorizar revisión técnica, validación en campo y articulación con sector educativo.;3.79;BAJA
263;276828000123;TRUJILLO;INSTITUCION EDUCATIVA CRISTOBAL COLON;RURAL;CGTO VENECIA;;3204458931;157;157;0;321;ESCUELAS_IRCAS;DATO_PRINCIPAL_ESCUELAS_IRCAS;NO;SI;AGUASALUD VENECIA;SIN RIESGO;SIN RIESGO;397;ACUEDUCTO RURAL;QUEBRADA LA CUMBRE;26.0;FAVORABLE CON REQUERIMIENTOS;2025-03-06;SIN_COINCIDENCIA;PENDIENTE;GEORREFERENCIADA;;;;;;;;;;-76.32;4.19;;;-76.32;4.19;MEN_SEDES;COMPLEMENTADA_CON_MEN;0;0;2.019;IE CRISTOBAL COLON;CRISTOBAL COLON;RURAL;CORREG VENECIA;COINCIDENCIA_NOMBRE_FUERTE;0.93;RUTINARIO;Sin riesgo y bajo;CRUCE_PENDIENTE;SI;MEDIA;23.54;BAJA;Mantener seguimiento rutinario con control territorial rural.;0.0;BAJA
264;276828000123;TRUJILLO;INSTITUCION EDUCATIVA CRISTOBAL COLON (PRIMARIA);RURAL;CGTO VENECIA;;3206200561;84;84;0;321;ESCUELAS_IRCAS;DATO_PRINCIPAL_ESCUELAS_IRCAS;NO;SI;AGUASALUD VENECIA;SIN RIESGO;SIN RIESGO;397;ACUEDUCTO RURAL;QUEBRADA LA CUMBRE;23.0;FAVORABLE CON REQUERIMIENTOS;2025-03-06;SIN_COINCIDENCIA;PENDIENTE;GEORREFERENCIADA;;;;;;;;;;-76.32;4.19;;;-76.32;4.19;MEN_SEDES;COMPLEMENTADA_CON_MEN;0;0;2.019;IE CRISTOBAL COLON;CRISTOBAL COLON;RURAL;CORREG VENECIA;COINCIDENCIA_NOMBRE_FUERTE;0.93;RUTINARIO;Sin riesgo y bajo;CRUCE_PENDIENTE;SI;MEDIA;21.86;BAJA;Mantener seguimiento rutinario con control territorial rural.;0.0;BAJA
265;276606000257;RESTREPO;I.E. TEODORO MUNERA HINCAPIE SEDE SAGRADO CORAZON DE JESUS;RURAL;VDA EL DIAMANTE;SAGRADO CORAZON DE JESUS;3016982758;7;7;7;9;ESCUELAS_IRCAS;DATO_PRINCIPAL_ESCUELAS_IRCAS;NO;SI;ASOCIACION GESTORA COMUNITARIA DEL APROVISIONAMIENTO DE AGUA DE LA VEREDA EL DIAMANTE;RIESGO ALTO;ALTO;14100;ACUEDUCTO RURAL;QUEBRADA LA DIAMANTINA;0;FAVORABLE;2025-10-21;COD_DANE_UNICO;CRUCE_OK;GEORREFERENCIADA;;639;INSTITUCION EDUCATIVA TEODORO MUNERA HINCAPIE;SAGRADO CORAZON DE JESUS;ACTIVA;OFICIAL;MAÑANA;EDUCACIÓN MEDIA;CORREG EL DIAMANTE;-76.491566;3.82203;-76.491566;3.82203;-76.49;3.82;SEDESUESVALLE;COORDENADA_ORIGINAL_SEDESUESVALLE;1;7;2.019;I.E. TEODORO MUNERA HINCAPIE;SAGRADO CORAZON DE JESUS;RURAL;VEREDA EL DIAMANTE;COINCIDENCIA_NOMBRE_FUERTE;0.98;PRIORITARIO;Alto e inviable;SIN_BRECHAS;NO;ALTA;51.09;MEDIA;Programar seguimiento operativo y verificar condiciones del sistema abastecedor.;2.71;BAJA
266;276606000290;RESTREPO;I.E. JOSE ACEVEDO Y GOMEZ SEDE JOSE ACEVEDO Y GOMEZ;RURAL;VDA ALTO DE ZABALETAS;JOSE ACEVEDO Y GOMEZ;3117144020;263;263;266;164;ESCUELAS_IRCAS;DATO_PRINCIPAL_ESCUELAS_IRCAS;NO;SI;ACUEDUCTO RURAL ALTO ZABALETAS;INVIABLE SANITARIAMENTE;INVIABLE SANITARIAMENTE;14230;PLANTA COMPACTA PROPIA;QUEBRADA LA ESCUELA;27;FAVORABLE CON REQUERIMIENTOS;2026-02-18;COD_DANE_UNICO;CRUCE_OK;GEORREFERENCIADA;;633;INSTITUCION EDUCATIVA JOSE ACEVEDO Y GOMEZ;JOSE ACEVEDO Y GOMEZ;ACTIVA;OFICIAL;FIN DE SEMANA, MAÑANA, NOCTURNA;PREESCOLAR, EDUCACIÓN BÁSICA PRIMARIA, EDUCACIÓN BÁSICA SECUNDARIA, EDUCACIÓN MEDIA, CLEI;VD ALTOS DE ZABALETA;-76.5348985331;3.80649497333;-76.5348985331;3.80649497333;0.0;0.0;SEDESUESVALLE;COORDENADA_ORIGINAL_SEDESUESVALLE;1;266;2.019;IE JOSE ACEVEDO Y GOMEZ;JOSE ACEVEDO Y GOMEZ;RURAL;CORREG LA GUAIRA;COINCIDENCIA_NOMBRE_FUERTE;0.93;PRIORITARIO;Alto e inviable;SIN_BRECHAS;NO;ALTA;77.94;MUY ALTA;Priorizar revisión técnica, validación en campo y articulación con sector educativo.;10.17;MUY ALTA
267;276828000174;TRUJILLO;INSTITUCION SAN ISIDRO N. 17;RURAL;VDA PUENTE BLANCO - EL TABOR;;3113750726;104;104;103;147;ESCUELAS_IRCAS;DATO_PRINCIPAL_ESCUELAS_IRCAS;NO;SI;ASOCIACION COMUNITARIA AGUA PUDEMA-PUENTE BLANCO;SIN RIESGO;SIN RIESGO;9761;ACUEDUCTO RURAL;QUEBRADA LA ESMERALDA;24.0;FAVORABLE CON REQUERIMIENTOS;2025-02-25;COD_DANE_UNICO;CRUCE_OK;GEORREFERENCIADA;;854;INSTITUCION EDUCATIVA SAN ISIDRO;SAN ISIDRO;ACTIVA;OFICIAL;MAÑANA;EDUCACIÓN MEDIA;VDA PUENTE BLANCO;-76.381583;4.210564;-76.381583;4.210564;-76.38;4.21;SEDESUESVALLE;COORDENADA_ORIGINAL_SEDESUESVALLE;1;103;2.019;IE SAN ISIDRO;SAN ISIDRO;RURAL;CORREG EL TABOR PUENTE BLANCO;COINCIDENCIA_NOMBRE_FUERTE;0.93;RUTINARIO;Sin riesgo y bajo;SIN_BRECHAS;NO;ALTA;20.43;BAJA;Mantener seguimiento rutinario con control territorial rural.;0.0;BAJA
268;276828000352;TRUJILLO;ESCUELA N. 37 ELOY HERNANDEZ;RURAL;VEREDA LA DEBORA;;3137454192;12;12;0;9;ESCUELAS_IRCAS;DATO_PRINCIPAL_ESCUELAS_IRCAS;NO;SI;SIN DATO;SD;SIN DATO;SIN DATO;;QUEBRADA LA ESMERALDA;26.0;FAVORABLE CON REQUERIMIENTOS;2025-05-09;SIN_COINCIDENCIA;PENDIENTE;GEORREFERENCIADA;;;;;;;;;;-76.38;4.22;;;-76.38;4.22;MEN_SEDES;COMPLEMENTADA_CON_MEN;0;0;2.019;IE CRISTOBAL COLON;ELOY HERNANDEZ;RURAL;VDA LA DEBORA;COINCIDENCIA_NOMBRE_FUERTE;0.93;BRECHA INFORMACION;Sin dato / información incompleta;"SIN_DATO_IRCA; CRUCE_PENDIENTE";SI;BAJA;35.66;MEDIA;Gestionar actualización de la clasificación IRCA del sistema asociado.;0.58;BAJA
269;276845000111;ULLOA;I.E MARIA INMACULADA SEDE ALFONSO LOPEZ PUMAREJO;RURAL;VEREDA EL BOSQUE;ALFONSO LOPEZ PUMAREJO;3173957986;7;7;7;0;ESCUELAS_IRCAS;DATO_PRINCIPAL_ESCUELAS_IRCAS;NO;SI;ADMINISTRACIÓN COOPERATIVA ULLOA E.S.P - SISTEMA #1 CHAPINERO;RIESGO ALTO;ALTO;2562;ACUEDUCTO RURAL FILTRACION EN LINEA;QUEBRADA LA ESMERALDA;22/30;FAVORABLE CON REQUERIMIENTOS;2026-03-11;COD_DANE_UNICO;CRUCE_OK;GEORREFERENCIADA;;864;INSTITUCION EDUCATIVA MARIA INMACULADA;ALFONSO LÓPEZ PUMAREJO;ACTIVA;OFICIAL;ESPECIAL;EDUCACIÓN BÁSICA PRIMARIA;VDA EL BOSQUE;-75.722645;4.697106;-75.722645;4.697106;;;SEDESUESVALLE;COORDENADA_ORIGINAL_SEDESUESVALLE;1;7;;;;;;COINCIDENCIA_NOMBRE_FUERTE_CON_POSIBLE_EMPATE;0.933;PRIORITARIO;Alto e inviable;SIN_BRECHAS;NO;ALTA;54.69;MEDIA;Programar seguimiento operativo y verificar condiciones del sistema abastecedor.;2.84;BAJA
270;276845000188;ULLOA;I.E MARIA INMACULADA SEDE SANTA TERESITA;RURAL;CORREGIMIENTO CHAPINERO;SANTA TERESITA;3108492292;18;18;18;0;ESCUELAS_IRCAS;DATO_PRINCIPAL_ESCUELAS_IRCAS;NO;SI;ADMINISTRACIÓN COOPERATIVA ULLOA E.S.P - SISTEMA #1 CHAPINERO;RIESGO ALTO;ALTO;2562;ACUEDUCTO RURAL FILTRACION EN LINEA;QUEBRADA LA ESMERALDA;20/30;FAVORABLE CON REQUERIMIENTOS;2026-02-12;COD_DANE_UNICO;CRUCE_OK;GEORREFERENCIADA;;865;INSTITUCION EDUCATIVA MARIA INMACULADA;SANTA TERESITA;ACTIVA;OFICIAL;ESPECIAL;EDUCACIÓN BÁSICA PRIMARIA;CORREG .CHAPINERO;-75.721922;4.6875;-75.721922;4.6875;;;SEDESUESVALLE;COORDENADA_ORIGINAL_SEDESUESVALLE;1;18;;;;;;COINCIDENCIA_NOMBRE_FUERTE_CON_POSIBLE_EMPATE;0.93;PRIORITARIO;Alto e inviable;SIN_BRECHAS;NO;ALTA;57.04;ALTA;Programar seguimiento operativo y verificar condiciones del sistema abastecedor.;4.03;MEDIA
271;276845000099;ULLOA;I.E MARIA INMACULADA SEDE LA SAGRADA FAMILIA;RURAL;VEREDA EL PIÑAL;LA SAGRADA FAMILIA;3105930030;7;7;7;0;ESCUELAS_IRCAS;DATO_PRINCIPAL_ESCUELAS_IRCAS;NO;SI;ADMINISTRACIÓN COOPERATIVA ULLOA E.S.P - SISTEMA #1 CHAPINERO;RIESGO ALTO;ALTO;2562;ACUEDUCTO RURAL FILTRACION EN LINEA;QUEBRADA LA ESMERALDA;24/30;FAVORABLE CON REQUERIMIENTOS;2026-03-10;COD_DANE_UNICO;CRUCE_OK;GEORREFERENCIADA;;869;INSTITUCION EDUCATIVA MARIA INMACULADA;LA SAGRADA FAMILIA;ACTIVA;OFICIAL;ESPECIAL;EDUCACIÓN BÁSICA PRIMARIA;VDA EL PEÑAL;-75.736352;4.687091;-75.736352;4.687091;;;SEDESUESVALLE;COORDENADA_ORIGINAL_SEDESUESVALLE;1;7;;;;;;COINCIDENCIA_NOMBRE_FUERTE_CON_POSIBLE_EMPATE;0.93;PRIORITARIO;Alto e inviable;SIN_BRECHAS;NO;ALTA;54.69;MEDIA;Programar seguimiento operativo y verificar condiciones del sistema abastecedor.;2.84;BAJA
272;;ULLOA;I.E LEOCADIO SALAZAR SEDE PRINCIPAL;URBANO;CARRERA 4  CALLE 2;PRINCIPAL;3222644458;372;0;0;372;MEN_SEDES_2019;COMPLEMENTADA_CON_MEN_REFERENCIA_HISTORICA;SI;SI;ACUAVALLE S.A ESP;SIN RIESGO;SIN RIESGO;68;PLANTA ACUAVALLE S.A ESP;QUEBRADA LA ESMERALDA - QUEBRADA EL BOSQUE;27.5/30;FAVORABLE;2025-10-29;MUNICIPIO+NOMBRE_EXACTO;CRUCE_RECUPERADO;GEORREFERENCIADA;;859;;;;;;;;-75.74;4.7;;;-75.74;4.7;MEN_SEDES;COMPLEMENTADA_CON_MEN;0;0;2.019;IE LEOCADIO SALAZAR;LEOCADIO SALAZAR;URBANA;CR. 2 # 4-27;COINCIDENCIA_NOMBRE_FUERTE;0.93;RUTINARIO;Sin riesgo y bajo;SIN_BRECHAS;NO;ALTA;20.27;BAJA;Mantener seguimiento rutinario.;0.0;BAJA
273;176845000060;ULLOA;I.E LEOCADIO SALAZAR SEDE ANTONIO JOSÉ DE SUCRE;URBANO;CARRERA 3 # 7  - 33;ANTONIO JOSÉ DE SUCRE;3127952477;129;129;129;0;ESCUELAS_IRCAS;DATO_PRINCIPAL_ESCUELAS_IRCAS;NO;SI;ACUAVALLE S.A ESP;SIN RIESGO;SIN RIESGO;68;PLANTA ACUAVALLE S.A ESP;QUEBRADA LA ESMERALDA - QUEBRADA EL BOSQUE;27/30;FAVORABLE CON REQUERIMIENTOS;2026-02-25;COD_DANE_UNICO;CRUCE_OK;GEORREFERENCIADA;;860;INSTITUCION EDUCATIVA LEOCADIO SALAZAR;ANTONIO JOSE DE SUCRE;ACTIVA;OFICIAL;UNICA;EDUCACIÓN BÁSICA SECUNDARIA;CR 3 # 7-32 BRR/EL OBELISCO;-75.7357929261;4.70101262387;-75.7357929261;4.70101262387;;;SEDESUESVALLE;COORDENADA_ORIGINAL_SEDESUESVALLE;1;129;;;;;;COINCIDENCIA_NOMBRE_FUERTE_CON_POSIBLE_EMPATE;0.932;RUTINARIO;Sin riesgo y bajo;SIN_BRECHAS;NO;ALTA;21.01;BAJA;Mantener seguimiento rutinario.;0.0;BAJA
274;176845000132;ULLOA;I.E LEOCADIO SALAZAR SEDE SANTA CECILIA;URBANO;CALLE 4 # 2-40;SANTA CECILIA;3147630336;92;92;92;0;ESCUELAS_IRCAS;DATO_PRINCIPAL_ESCUELAS_IRCAS;NO;SI;ACUAVALLE S.A ESP;SIN RIESGO;SIN RIESGO;68;PLANTA ACUAVALLE S.A ESP;QUEBRADA LA ESMERALDA - QUEBRADA EL BOSQUE;22.5/30;FAVORABLE CON REQUERIMIENTOS;2025-10-27;COD_DANE_UNICO;CRUCE_OK;GEORREFERENCIADA;;861;INSTITUCION EDUCATIVA LEOCADIO SALAZAR;SANTA CECILIA;ACTIVA;OFICIAL;UNICA;EDUCACIÓN MEDIA;CLL 4 # 2-40;-75.7384373747;4.70393698372;-75.7384373747;4.70393698372;;;SEDESUESVALLE;COORDENADA_ORIGINAL_SEDESUESVALLE;1;92;;;;;;COINCIDENCIA_NOMBRE_FUERTE_CON_POSIBLE_EMPATE;0.93;RUTINARIO;Sin riesgo y bajo;SIN_BRECHAS;NO;ALTA;20.1;BAJA;Mantener seguimiento rutinario.;0.0;BAJA
275;276233000588;DAGUA;I.E. MIGUEL ANTONIO CARO SEDE MIGUEL ANTONIO CARO;RURAL;CORREGIMIENTO EL LIMONAR;MIGUEL ANTONIO CARO;3137155608;68;68;68;70;ESCUELAS_IRCAS;DATO_PRINCIPAL_ESCUELAS_IRCAS;NO;SI;ASOCIACIÓN DE USUARIOS DEL SERVICIO DE AGUA POTABLE DEL LIMONAR MUNICIPIO DE DAGUA;RIESGO ALTO;ALTO;;ACUEDUCTO RURAL EL LIMONAR;QUEBRADA LA ESPANOLA;22/30;DESFAVORABLE;2020-05-06;COD_DANE_UNICO;CRUCE_OK;GEORREFERENCIADA;;259;INSTITUCION EDUCATIVA MIGUEL ANTONIO CARO;MIGUEL ANTONIO CARO;ACTIVA;OFICIAL;COMPLETA;EDUCACIÓN MEDIA;INSP EL LIMONAR;-76.70789;3.606151;-76.70789;3.606151;-76.71;3.61;SEDESUESVALLE;COORDENADA_ORIGINAL_SEDESUESVALLE;1;68;2.019;IE MIGUEL ANTONIO CARO;MIGUEL ANTONIO CARO;RURAL;CORREG. EL LIMONAR;COINCIDENCIA_NOMBRE_FUERTE;0.93;PRIORITARIO;Alto e inviable;SIN_BRECHAS;NO;ALTA;64.74;ALTA;Programar seguimiento operativo y verificar condiciones del sistema abastecedor.;6.62;ALTA
276;276250000184;EL DOVIO;I.E JOSE MARIA FALLA SEDE RICARDO MUÑOZ;RURAL;VEREDA CABAÑA;RICARDO MUÑOZ;3146520610;9;9;9;0;ESCUELAS_IRCAS;DATO_PRINCIPAL_ESCUELAS_IRCAS;NO;SI;ASOCIACIÓN DE USUARIOS DEL ACUEDUCTO RURAL COMUNITARIO DE LA VEREDA LA CABAÑA AGUAS LA ESPERANZA;SIN RIESGO;SIN RIESGO;1971;ACUEDUCTO RURAL;QUEBRADA LA ESPERANZA;26.5/30;FAVORABLE CON REQUERIMIENTOS;2026-02-11;COD_DANE_UNICO;CRUCE_OK;GEORREFERENCIADA;;391;INSTITUCION EDUCATIVA JOSE MARIA FALLA;RICARDO MUÑOZ;ACTIVA;OFICIAL;UNICA;EDUCACIÓN BÁSICA PRIMARIA;VDA LA CABAÑA;-76.37836737;4.50933497;-76.37836737;4.50933497;;;SEDESUESVALLE;COORDENADA_ORIGINAL_SEDESUESVALLE;1;9;;;;;;COINCIDENCIA_NOMBRE_FUERTE_CON_POSIBLE_EMPATE;0.93;RUTINARIO;Sin riesgo y bajo;SIN_BRECHAS;NO;ALTA;14.05;BAJA;Mantener seguimiento rutinario con control territorial rural.;0.0;BAJA
277;;LA VICTORIA;I.E NUESTRA SEÑORA DE LA PAZ SEDE NUESTRA SEÑORA DE LA PAZ;RURAL;CORREGIMIENTO MIRAVALLES;NUESTRA SEÑORA DE LA PAZ;3113833460;19;19;0;65;ESCUELAS_IRCAS;DATO_PRINCIPAL_ESCUELAS_IRCAS;NO;SI;ASOCIACIÓN JUNTA ADMINISTRADORA DEL ACUEDUCTO RURAL DE MIRAVALLES- ACUAMIR;RIESGO MEDIO;MEDIO;2873;ACUEDUCTO RURAL;QUEBRADA LA ESPERANZA - QUEBRADA AGUABONITA;26/30;FAVORABLE CON REQUERIMIENTOS;2026-01-30;MUNICIPIO+NOMBRE_EXACTO;CRUCE_RECUPERADO;GEORREFERENCIADA;;570;;;;;;;;-75.9;4.51;;;-75.9;4.51;MEN_SEDES;COMPLEMENTADA_CON_MEN;0;0;2.019;IE NUESTRA SEÑORA DE LA PAZ;NUESTRA SEÑORA DE LA PAZ;RURAL;CORREG MIRAVALLES;COINCIDENCIA_NOMBRE_FUERTE;0.945;PREVENTIVO;Medio;SIN_BRECHAS;NO;ALTA;37.93;MEDIA;Mantener seguimiento preventivo dentro de la programación regular.;2.73;BAJA
278;276869000120;VIJES;I.E. ANTONIO JOSE DE SUCRE SEDE AYACUCHO;RURAL;VIA EL TAMBOR - CACHIMBAL;AYACUCHO;6024350505;16;16;17;0;ESCUELAS_IRCAS;DATO_PRINCIPAL_ESCUELAS_IRCAS;NO;SI;JUNTA ADMINISTRATIVA DE ACUEDUCTO DEL CORREGIMIENTO CACHIMBAL JACA # 9 LA ESTRELLA;RIESGO ALTO;ALTO;1052;FILTRO EKOFIL;QUEBRADA LA ESTRELLA;58.87;DESFAVORABLE;2026-03-20;COD_DANE_UNICO;CRUCE_OK;GEORREFERENCIADA;;912;INSTITUCION EDUCATIVA  ANTONIO JOSE DE SUCRE;AYACUCHO;ACTIVA;OFICIAL;UNICA;EDUCACIÓN MEDIA;CORREG CACHIMBAL;-76.467068;3.778971;-76.467068;3.778971;;;SEDESUESVALLE;COORDENADA_ORIGINAL_SEDESUESVALLE;1;17;;;;;;COINCIDENCIA_NOMBRE_FUERTE_CON_POSIBLE_EMPATE;0.93;PRIORITARIO;Alto e inviable;SIN_BRECHAS;NO;ALTA;60.94;ALTA;Programar seguimiento operativo y verificar condiciones del sistema abastecedor.;4.43;MEDIA
279;276243000144;EL AGUILA;I.E EL AGUILA SEDE ANTONIO RICAURTE;RURAL;VEREDA LA ESTRELLA;ANTONIO RICAURTE;3218012052;7;7;15;7;ESCUELAS_IRCAS;DATO_PRINCIPAL_ESCUELAS_IRCAS;NO;SI;JUNTA ADMINISTRADORA ACUEDUCTO LA ESTRELLA;SD;SIN DATO;No Registra;ACUEDUCTO RURAL;QUEBRADA LA ESTRELLA;24/30;FAVORABLE CON REQUERIMIENTOS;2026-03-20;COD_DANE_UNICO;CRUCE_OK;GEORREFERENCIADA;;315;INSTITUCION EDUCATIVA EL AGUILA;ANTONIO RICAURTE;ACTIVA;OFICIAL;MAÑANA;EDUCACIÓN MEDIA;VDA LA ESTRELLA;-76.05907537;4.924143472;-76.05907537;4.924143472;-76.06;4.92;SEDESUESVALLE;COORDENADA_ORIGINAL_SEDESUESVALLE;1;15;2.019;IE EL AGUILA;ANTONIO RICAURTE;RURAL;VDA LA ESTRELLA;COINCIDENCIA_NOMBRE_FUERTE;0.93;BRECHA INFORMACION;Sin dato / información incompleta;SIN_DATO_IRCA;SI;BAJA;34.34;BAJA;Gestionar actualización de la clasificación IRCA del sistema asociado.;0.47;BAJA
280;276243000195;EL AGUILA;I.E SANTA MARTA SEDE JOSE ACEVEDO Y GOMEZ;RURAL;VEREDA LA ESTRELLA;JOSE ACEVEDO Y GOMEZ;3147658900;5;5;7;8;ESCUELAS_IRCAS;DATO_PRINCIPAL_ESCUELAS_IRCAS;NO;SI;JUNTA ADMINISTRADORA ACUEDUCTO LA ESTRELLA;SD;SIN DATO;No Registra;ACUEDUCTO RURAL;QUEBRADA LA ESTRELLA;19/30;FAVORABLE CON REQUERIMIENTOS;2025-08-14;COD_DANE_UNICO;CRUCE_OK;GEORREFERENCIADA;;314;INSTITUCION EDUCATIVA SANTA MARTA;JOSE ACEVEDO Y GOMEZ;ACTIVA;OFICIAL;MAÑANA;EDUCACIÓN BÁSICA PRIMARIA;VDA LA ESTRELLA;-76.08639802;4.85526229;-76.08639802;4.85526229;-76.09;4.86;SEDESUESVALLE;COORDENADA_ORIGINAL_SEDESUESVALLE;1;7;2.019;IE SANTA MARTA;JOSE ACEVEDO Y GOMEZ;RURAL;VDA LA ESTRELLA;COINCIDENCIA_NOMBRE_FUERTE;0.93;BRECHA INFORMACION;Sin dato / información incompleta;SIN_DATO_IRCA;SI;BAJA;33.56;BAJA;Gestionar actualización de la clasificación IRCA del sistema asociado.;0.41;BAJA
281;276823000214;TORO;I.E TECNICO AGRICOLA TORO SEDE SALVADOR RODAS;RURAL;VEREDA BOLIVAR;SALVADOR RODAS;3184391051;8;8;8;0;ESCUELAS_IRCAS;DATO_PRINCIPAL_ESCUELAS_IRCAS;NO;SI;ACUEDUCTO RURAL VEREDA BOLÍVAR;INVIABLE SANITARIAMENTE;INVIABLE SANITARIAMENTE;1896;ACUEDUCTO RURAL;QUEBRADA LA ESTRELLA;21/30;FAVORABLE CON REQUERIMIENTOS;2026-02-26;COD_DANE_UNICO;CRUCE_OK;GEORREFERENCIADA;;824;INSTITUCION EDUCATIVA  TECNICA AGROPECUARIA TORO;SALVADOR ROLDAN;ACTIVA;OFICIAL;MAÑANA;EDUCACIÓN BÁSICA PRIMARIA;VDA BOLIVAR;-76.06110323;4.713631654;-76.06110323;4.713631654;;;SEDESUESVALLE;COORDENADA_ORIGINAL_SEDESUESVALLE;1;8;;;;;;SIN_COINCIDENCIA_FUERTE;0.764;PRIORITARIO;Alto e inviable;SIN_BRECHAS;NO;ALTA;68.76;ALTA;Priorizar revisión técnica, validación en campo y articulación con sector educativo.;4.01;MEDIA
282;276126000109;CALIMA;I.E. SIMON BOLIVAR SEDE POLICARPA SALAVARRIETA;RURAL;VDA JIGUALES;POLICARPA SALAVARRIETA;3183908736;112;112;12;0;ESCUELAS_IRCAS;DATO_PRINCIPAL_ESCUELAS_IRCAS;NO;SI;ACUEDUCTO RURAL EL GUADUAL JIGUALES - ACUAJIGUALES;RIESGO ALTO;ALTO;3260;ACUEDUCTO RURAL;QUEBRADA LA FLORESTA;29,5/30;FAVORABLE CON REQUERIMIENTOS;2026-02-20;COD_DANE_UNICO;CRUCE_OK;GEORREFERENCIADA;;206;INSTITUCION EDUCATIVA SIMON BOLIVAR;POLICARPA SALAVARRIETA;ACTIVA;OFICIAL;COMPLETA;EDUCACIÓN MEDIA;IP JIGUALES;-76.45416655;3.913514263;-76.45416655;3.913514263;;;SEDESUESVALLE;COORDENADA_ORIGINAL_SEDESUESVALLE;1;12;;;;;;SIN_CANDIDATOS_MUNICIPIO;;PRIORITARIO;Alto e inviable;SIN_BRECHAS;NO;ALTA;61.88;ALTA;Programar seguimiento operativo y verificar condiciones del sistema abastecedor.;6.47;ALTA
283;276126000222;CALIMA;I.E JOHN F KENNEDY SEDE NUESTRA SEÑORA DEL CARMEN;RURAL;VDA LA FLORIDA;NUESTRA SEÑORA DEL CARMEN;3158072315;18;18;18;0;ESCUELAS_IRCAS;DATO_PRINCIPAL_ESCUELAS_IRCAS;NO;SI;ACUEDUCTO RURAL FLORIDA  - ACUAFLORIDA;RIESGO ALTO;ALTO;3295;ACUEDUCTO RURAL;QUEBRADA LA FLORESTA;23/30;FAVORABLE CON REQUERIMIENTOS;2026-02-27;COD_DANE_UNICO;CRUCE_OK;GEORREFERENCIADA;;214;CENTRO EDUCATIVO JOHN F. KENNEDY;NUESTRA SEÑORA DEL CARMEN;ACTIVA;OFICIAL;MAÑANA;EDUCACIÓN BÁSICA PRIMARIA;CAS LA FLORIDA;-76.41811772;3.968777245;-76.41811772;3.968777245;;;SEDESUESVALLE;COORDENADA_ORIGINAL_SEDESUESVALLE;1;18;;;;;;SIN_CANDIDATOS_MUNICIPIO;;PRIORITARIO;Alto e inviable;SIN_BRECHAS;NO;ALTA;57.04;ALTA;Programar seguimiento operativo y verificar condiciones del sistema abastecedor.;4.03;MEDIA
284;276863000039;VERSALLES;I.E LA INMACULADA SEDE SIMON BOLIVAR;RURAL;CORREGIMIENTO CAMPOALEGRE;SIMON BOLIVAR;3103477482;28;28;28;0;ESCUELAS_IRCAS;DATO_PRINCIPAL_ESCUELAS_IRCAS;NO;SI;ACUEDUCTO RURAL CAMPO ALEGRE;INVIABLE SANITARIAMENTE;INVIABLE SANITARIAMENTE;1259;FILTRO LIFESTRAW;QUEBRADA LA FLORESTA - QUEBRADA AGUASUCIAS;29/30;FAVORABLE;2025-11-25;COD_DANE_UNICO;CRUCE_OK;GEORREFERENCIADA;;879;INSTITUCION EDUCATIVA LA INMACULADA;SIMÓN BOLÍVAR;ACTIVA;OFICIAL;COMPLETA;EDUCACIÓN MEDIA;CORREGIMIENTO CAMPO ALEGRE;-76.15474327;4.618417861;-76.15474327;4.618417861;;;SEDESUESVALLE;COORDENADA_ORIGINAL_SEDESUESVALLE;1;28;;;;;;COINCIDENCIA_NOMBRE_FUERTE_CON_POSIBLE_EMPATE;0.93;PRIORITARIO;Alto e inviable;SIN_BRECHAS;NO;ALTA;68.34;ALTA;Priorizar revisión técnica, validación en campo y articulación con sector educativo.;5.85;MEDIA
285;276606000061;RESTREPO;I.E. TEODORO MUNERA HINCAPIE SEDE SAN PEDRO CLAVER;RURAL;VDA ALTO DEL OSO;SAN PEDRO CLAVER;3105001437;10;10;6;10;ESCUELAS_IRCAS;DATO_PRINCIPAL_ESCUELAS_IRCAS;NO;SI;ASOCIACION DE USUARIOS DEL ACUEDUCTO ALTO DEL OSO LA FLORIDA Y LA CAMELIA;RIESGO MEDIO;MEDIO;7545;FILTRO EKOFIL;QUEBRADA LA FLORIDA;28;FAVORABLE CON REQUERIMIENTOS;2025-09-19;COD_DANE_UNICO;CRUCE_OK;GEORREFERENCIADA;;635;INSTITUCION EDUCATIVA TEODORO MUNERA HINCAPIE;SAN PEDRO CLAVER;ACTIVA;OFICIAL;MAÑANA;EDUCACIÓN BÁSICA SECUNDARIA;VDA ALTO DEL OSO;-76.473591;3.823784;-76.473591;3.823784;-76.47;3.82;SEDESUESVALLE;COORDENADA_ORIGINAL_SEDESUESVALLE;1;6;2.019;I.E. TEODORO MUNERA HINCAPIE;SAN PEDRO CLAVER;RURAL;VEREDA ALTO DEL OSO;COINCIDENCIA_NOMBRE_FUERTE;0.98;PREVENTIVO;Medio;SIN_BRECHAS;NO;ALTA;36.31;MEDIA;Mantener seguimiento preventivo dentro de la programación regular.;2.19;BAJA
286;276828000468;TRUJILLO;ESCUELA N. 39 JUAN XXIII;RURAL;CGTO LA SONORA;;3113750726;49;49;46;43;ESCUELAS_IRCAS;DATO_PRINCIPAL_ESCUELAS_IRCAS;NO;SI;ASOCIACION DE USUARIOS DEL ACUEDUCTO DEL CORREGIMIENTO DE LA SONORA - ACUASONORA;INVIABLE SANITARIAMENTE;INVIABLE SANITARIAMENTE;2729;ACUEDUCTO RURAL;QUEBRADA LA GAVIOTA;22.5;FAVORABLE CON REQUERIMIENTOS;2025-02-25;COD_DANE_UNICO;CRUCE_OK;GEORREFERENCIADA;;855;INSTITUCION EDUCATIVA SAN ISIDRO;JUAN XXIII;ACTIVA;OFICIAL;MAÑANA;EDUCACIÓN BÁSICA SECUNDARIA;CORREG LA SONORA;-76.387418;4.239981;-76.387418;4.239981;-76.39;4.24;SEDESUESVALLE;COORDENADA_ORIGINAL_SEDESUESVALLE;1;46;2.019;IE SAN ISIDRO;JUAN XXIII;RURAL;CORREG LA SONORA;COINCIDENCIA_NOMBRE_FUERTE;0.93;PRIORITARIO;Alto e inviable;SIN_BRECHAS;NO;ALTA;73.42;ALTA;Priorizar revisión técnica, validación en campo y articulación con sector educativo.;7.14;ALTA
287;276243000691;EL AGUILA;I.E SANTA MARTA SEDE JOSE HERNANDO DUARTE;RURAL;VEREDA LA LINEA;JOSE HERNANDO DUARTE;3157220543;17;17;13;15;ESCUELAS_IRCAS;DATO_PRINCIPAL_ESCUELAS_IRCAS;NO;SI;ASOCIACION MUNICIPAL DE ACUEDUCTOS RURALES AGUA Y VIDA - LA LINEA;RIESGO ALTO;ALTO;3497;ACUEDUCTO RURAL;QUEBRADA LA GOLCONDA;30/30;FAVORABLE;2025-11-14;COD_DANE_UNICO;CRUCE_OK;GEORREFERENCIADA;;311;INSTITUCION EDUCATIVA SANTA MARTA;JOSE HERNANDO DUARTE;ACTIVA;OFICIAL;MAÑANA;EDUCACIÓN BÁSICA PRIMARIA;VDA LA LINEA;-76.06368756;4.877244296;-76.06368756;4.877244296;-76.06;4.88;SEDESUESVALLE;COORDENADA_ORIGINAL_SEDESUESVALLE;1;13;2.019;IE SANTA MARTA;JOSE HERNANDO DUARTE;RURAL;VDA LA LINEA;COINCIDENCIA_NOMBRE_FUERTE;0.93;PRIORITARIO;Alto e inviable;SIN_BRECHAS;NO;ALTA;53.3;MEDIA;Programar seguimiento operativo y verificar condiciones del sistema abastecedor.;3.77;BAJA
288;276736000321;SEVILLA;I.E MARIA AUXILIADORA SEDE MARIA AUXILIADORA;RURAL;VEREDA LA MELVA;MARIA AUXILIADORA;3152679925;43;0;43;90;SEDESUESVALLE;COMPLEMENTADA_CON_SEDESUESVALLE;NO;SI;ASOCIACION DE USUARIOS DEL ACUEDUCTO DE LAS VEREDAS MIRAMAR Y LA MELVA (AGUAMIRAMELVA);RIESGO MEDIO;MEDIO;3278;;QUEBRADA LA GONDOLA;23;FAVORABLE CON REQUERIMIENTOS;2025-07-24;COD_DANE_UNICO;CRUCE_OK;GEORREFERENCIADA;;794;INSTITUCION EDUCATIVA MARIA AUXILIADORA.;MARIA AUXILIADORA;ACTIVA;OFICIAL;UNICA;EDUCACIÓN MEDIA;CORREG LA MELBA;-75.886666;4.249429;-75.886666;4.249429;-75.89;4.25;SEDESUESVALLE;COORDENADA_ORIGINAL_SEDESUESVALLE;1;43;2.019;IE MARIA AUXILIADORA;MARIA AUXILIADORA;RURAL;VDA LA MELVA;COINCIDENCIA_NOMBRE_FUERTE;0.93;PREVENTIVO;Medio;SIN_BRECHAS;NO;ALTA;40.07;MEDIA;Mantener seguimiento preventivo dentro de la programación regular.;3.45;BAJA
289;176243000026;EL AGUILA;I.E EL AGUILA  SEDE JOSE MARIA CORDOBA;URBANO;CALLE 11 # 5  - 24;JOSE MARIA CORDOBA;3127952477;227;227;210;0;ESCUELAS_IRCAS;DATO_PRINCIPAL_ESCUELAS_IRCAS;NO;SI;ACUAVALLE S.A ESP;SIN RIESGO;SIN RIESGO;66;PLANTA ACUAVALLE S.A ESP;QUEBRADA LA GRANDE Y QUEBRADA LA FLORIDA;25/30;FAVORABLE;2026-01-28;COD_DANE_DUPLICADO+NOMBRE_EXACTO;CRUCE_OK_CONTROLADO;GEORREFERENCIADA;;287;INSTITUCION EDUCATIVA EL AGUILA;JOSÉ MARÍA CÓRDOBA;ACTIVA;OFICIAL;MAÑANA;EDUCACIÓN MEDIA;CRA 4 # 4-32;-76.04233103;4.910588;-76.04233103;4.910588;;;SEDESUESVALLE;COORDENADA_ORIGINAL_SEDESUESVALLE;1;210;;;;;;COINCIDENCIA_NOMBRE_FUERTE_CON_POSIBLE_EMPATE;0.93;RUTINARIO;Sin riesgo y bajo;SIN_BRECHAS;NO;ALTA;18.94;BAJA;Mantener seguimiento rutinario.;0.0;BAJA
290;176243000093;EL AGUILA;IE EL AGUILA SEDE ANTONIA SANTOS;URBANO;CALLE 6 # 3  - 06;ANTONIA SANTOS;3188758623;99;99;88;127;ESCUELAS_IRCAS;DATO_PRINCIPAL_ESCUELAS_IRCAS;NO;SI;ACUAVALLE S.A ESP;SIN RIESGO;SIN RIESGO;66;PLANTA ACUAVALLE S.A ESP;QUEBRADA LA GRANDE Y QUEBRADA LA FLORIDA;30/30;FAVORABLE;2026-01-29;COD_DANE_UNICO;CRUCE_OK;GEORREFERENCIADA;;286;INSTITUCION EDUCATIVA EL AGUILA;ANTONIA SANTOS;ACTIVA;OFICIAL;MAÑANA;EDUCACIÓN BÁSICA PRIMARIA;CLL 6 # 3-06;-76.042601243;4.90759365789;-76.042601243;4.90759365789;-76.04;4.91;SEDESUESVALLE;COORDENADA_ORIGINAL_SEDESUESVALLE;1;88;2.019;IE EL AGUILA;ANTONIA SANTOS;URBANA;CLL 6 NO 3-06;COINCIDENCIA_NOMBRE_FUERTE;0.98;RUTINARIO;Sin riesgo y bajo;SIN_BRECHAS;NO;ALTA;16.7;BAJA;Mantener seguimiento rutinario.;0.0;BAJA
291;176243000107;EL AGUILA;I.E EL AGUILA SEDE SIMON BOLIVAR;URBANO;CALLE 11 # 5  - 24  ESQUINA;SIMON BOLIVAR;3127952477;57;57;54;80;ESCUELAS_IRCAS;DATO_PRINCIPAL_ESCUELAS_IRCAS;NO;SI;ACUAVALLE S.A ESP;SIN RIESGO;SIN RIESGO;66;PLANTA ACUAVALLE S.A ESP;QUEBRADA LA GRANDE Y QUEBRADA LA FLORIDA;25/30;FAVORABLE;2026-01-28;COD_DANE_UNICO;CRUCE_OK;GEORREFERENCIADA;;306;INSTITUCION EDUCATIVA EL AGUILA;SIMON BOLIVAR;ACTIVA;OFICIAL;MAÑANA;EDUCACIÓN BÁSICA PRIMARIA;CLL 11 CRA 6 ESQ;-76.04206963;4.91082078;-76.04206963;4.91082078;-76.04;4.91;SEDESUESVALLE;COORDENADA_ORIGINAL_SEDESUESVALLE;1;54;2.019;IE EL AGUILA;SIMON BOLIVAR;URBANA;CLL 11 CR 6 ESQUINA;COINCIDENCIA_NOMBRE_FUERTE;0.93;RUTINARIO;Sin riesgo y bajo;SIN_BRECHAS;NO;ALTA;15.22;BAJA;Mantener seguimiento rutinario.;0.0;BAJA
292;276100000259;BOLIVAR;INSTITUCION EDUCATIVA PRIMAVERA;RURAL;CGTO PRIMAVERA-VEREDA EL EDEN;;3238023916;136;136;0;0;ESCUELAS_IRCAS;DATO_PRINCIPAL_ESCUELAS_IRCAS;NO;SI;ASOCIACION DE USUARIOS DEL SERVICIO DE AGUA POTABLE Y ALCANTARILLADO DE PRIMAVERA;RIESGO MEDIO;MEDIO;258;PLANTA;QUEBRADA LA GRECIA;25.0;FAVORABLE CON REQUERIMIENTOS;2025-06-10;SIN_COINCIDENCIA;PENDIENTE;SIN_COORDENADAS;;;;;;;;;;;;;;;;SIN_COORDENADA;SIN_COORDENADA;0;0;;;;;;SIN_COINCIDENCIA_FUERTE;0.444;PREVENTIVO;Medio;"SIN_COORDENADA; CRUCE_PENDIENTE";SI;MEDIA;45.15;MEDIA;Mantener seguimiento preventivo por matrícula significativa.;4.49;MEDIA
293;176863000352;VERSALLES;I.E LA INMACULADA SEDE CAMILO TORRES;RURAL;VEREDA LA BALSORA;CAMILO TORRES;3117008150;221;221;221;0;ESCUELAS_IRCAS;DATO_PRINCIPAL_ESCUELAS_IRCAS;NO;SI;JUNTA ADMINISTRADORA ACUEDUCTO RURAL VEREDA LA BALSORA;INVIABLE SANITARIAMENTE;INVIABLE SANITARIAMENTE;1282;ACUEDUCTO RURAL;QUEBRADA LA GRECIA - QUEBRADA EL CONSUELO;30/30;FAVORABLE;2025-11-20;COD_DANE_DUPLICADO_COORDENADA_COMUN;VALIDAR_DUPLICADO;GEORREFERENCIADA;"Código DANE duplicado en SedesUESVALLE; se asignó coordenada común.";875;INSTITUCION EDUCATIVA LA INMACULADA;INSTITUTO TECNICO COMERCIALCAMILO TORRES;ACTIVA;OFICIAL;COMPLETA;EDUCACIÓN MEDIA;CRA 2 # 7 - 44 BRR/GUAYABITO;-76.18099937;4.559267788;-76.18099937;4.559267788;;;SEDESUESVALLE;COORDENADA_ORIGINAL_SEDESUESVALLE;1;221;;;;;;COINCIDENCIA_NOMBRE_FUERTE_CON_POSIBLE_EMPATE;0.93;PRIORITARIO;Alto e inviable;CRUCE_PENDIENTE;SI;MEDIA;75.86;MUY ALTA;Priorizar revisión técnica, validación en campo y articulación con sector educativo.;9.39;MUY ALTA
294;;CALIMA;I.E PABLO SEXTO SEDE PABLO SEXTO;RURAL;VDA EL MIRADOR;PABLO SEXTO;3187406466;67;67;0;0;ESCUELAS_IRCAS;DATO_PRINCIPAL_ESCUELAS_IRCAS;NO;SI;ASOCIACION COMUNITARIA ADMINISTRADORA DEL ACUEDUCTO DE LA VEREDA DE EL MIRADOR;RIESGO MEDIO;MEDIO;9612;ACUEDUCTO RURAL;QUEBRADA LA GUAIRA;24/30;FAVORABLE CON REQUERIMIENTOS;2026-02-13;MUNICIPIO+NOMBRE_EXACTO;CRUCE_RECUPERADO;SIN_COORDENADAS;;216;;;;;;;;;;;;;;SIN_COORDENADA;SIN_COORDENADA;0;0;;;;;;SIN_CANDIDATOS_MUNICIPIO;;PREVENTIVO;Medio;SIN_COORDENADA;SI;MEDIA;43.25;MEDIA;Mantener seguimiento preventivo por matrícula significativa.;3.85;BAJA
295;276126000354;CALIMA;I.E. JOHN F. KENNEDY SEDE ANTONIO NARIÑO;RURAL;VEREDA LA GUAIRA;ANTONIO NARIÑO;3150556969;4;4;4;0;ESCUELAS_IRCAS;DATO_PRINCIPAL_ESCUELAS_IRCAS;NO;SI;JUNTA DE ACUEDUCTO LA GUAIRA;INVIABLE SANITARIAMENTE;INVIABLE SANITARIAMENTE;65514;ACUEDUCTO RURAL;QUEBRADA LA GUAIRA;23/30;FAVORABLE CON REQUERIMIENTOS;2026-02-26;COD_DANE_UNICO;CRUCE_OK;GEORREFERENCIADA;;218;CENTRO EDUCATIVO JOHN F. KENNEDY;ANTONIO NARIÑO;ACTIVA;OFICIAL;MAÑANA;EDUCACIÓN BÁSICA PRIMARIA;VDA LA GUAIRA;-76.41760375;4.033070281;-76.41760375;4.033070281;;;SEDESUESVALLE;COORDENADA_ORIGINAL_SEDESUESVALLE;1;4;;;;;;SIN_CANDIDATOS_MUNICIPIO;;PRIORITARIO;Alto e inviable;SIN_BRECHAS;NO;ALTA;67.17;ALTA;Priorizar revisión técnica, validación en campo y articulación con sector educativo.;2.94;BAJA
296;276895000073;ZARZAL;ESCUELA REPUBLICA DE VENEZUELA;RURAL;SECTOR POBLADO QUEBRADA NUEVA;;3166617424;83;83;65;163;ESCUELAS_IRCAS;DATO_PRINCIPAL_ESCUELAS_IRCAS;NO;SI;ASOCIACION DE USUARIOS ACUDUCTO QUEBRADA NUEVA - ACUANUEVA;SIN RIESGO;SIN RIESGO;195;ACUEDUCTO RURAL;QUEBRADA LA GUAMERA;24.5;FAVORABLE CON REQUERIMIENTOS;2025-03-26;COD_DANE_UNICO;CRUCE_OK;GEORREFERENCIADA;;949;INSTIUCION EDUCATIVA LUIS GABRIEL UMAÑA MORALES;REPÚBLICA DE VENEZUELA;ACTIVA;OFICIAL;COMPLETA;EDUCACIÓN MEDIA;IPD DE QUEBRADANUEVA;-75.95221372;4.371424114;-75.95221372;4.371424114;-75.95;4.37;SEDESUESVALLE;COORDENADA_ORIGINAL_SEDESUESVALLE;1;65;2.019;IE LUIS GABRIEL UMAÑA MORALES;REPÚBLICA DE VENEZUELA;RURAL;CORREG QUEBRADANUEVA;COINCIDENCIA_NOMBRE_FUERTE;0.93;RUTINARIO;Sin riesgo y bajo;SIN_BRECHAS;NO;ALTA;19.83;BAJA;Mantener seguimiento rutinario con control territorial rural.;0.0;BAJA
297;276233000120;DAGUA;I.E. EL PALMAR SEDE LAS DELICIAS;RURAL;VEREDA LAS DELICIAS;LAS DELICIAS;3135184801;8;8;8;19;ESCUELAS_IRCAS;DATO_PRINCIPAL_ESCUELAS_IRCAS;NO;SI;ASOCIACION DE USUARIOS DE ACUEDUCTO VEREDA LAS DELICIAS - ASAD ESP - PARTE BAJA;SIN RIESGO;SIN RIESGO;2870;ACUEDUCTO RURAL TOCOTA;QUEBRADA LA HONDA;15/30;FAVORABLE CON REQUERIMIENTOS;2026-01-29;COD_DANE_UNICO;CRUCE_OK;GEORREFERENCIADA;;231;INSTITUCION EDUCATIVA EL PALMAR;LAS DELICIAS;ACTIVA;OFICIAL;MAÑANA;EDUCACIÓN BÁSICA PRIMARIA;VDA LAS DELICIAS;-76.78147369;3.587319703;-76.78147369;3.587319703;-76.78;3.59;SEDESUESVALLE;COORDENADA_ORIGINAL_SEDESUESVALLE;1;8;2.019;IE EL PALMAR;LAS DELICIAS;RURAL;VDA LAS DELICIAS;COINCIDENCIA_NOMBRE_FUERTE;0.93;RUTINARIO;Sin riesgo y bajo;SIN_BRECHAS;NO;ALTA;13.76;BAJA;Mantener seguimiento rutinario con control territorial rural.;0.0;BAJA
298;276248000410;EL CERRITO;I.E. HERNANDO BORRERO CUADROS SEDE MARIA LUISA DE LA ESPADA;RURAL;CORREGIMIENTO AUJI;MARIA LUISA DE LA ESPADA;3165060744;6;6;6;0;ESCUELAS_IRCAS;DATO_PRINCIPAL_ESCUELAS_IRCAS;NO;SI;ACUEDUCTO AUJI;RIESGO ALTO;ALTO;1395;DESINFECCIÓN;QUEBRADA LA HONDA;29.97;FAVORABLE CON REQUERIMIENTOS;2026-04-15;COD_DANE_UNICO;CRUCE_OK;GEORREFERENCIADA;;378;INSTITUCION EDUCATIVA HERNANDO BORRERO CUADROS;MARIA LUISA DE LA ESPADA;ACTIVA;OFICIAL;MAÑANA;EDUCACIÓN BÁSICA PRIMARIA;CORREG AUJI;-76.11381784;3.617806303;-76.11381784;3.617806303;;;SEDESUESVALLE;COORDENADA_ORIGINAL_SEDESUESVALLE;1;6;;;;;;COINCIDENCIA_NOMBRE_FUERTE_CON_POSIBLE_EMPATE;0.937;PRIORITARIO;Alto e inviable;SIN_BRECHAS;NO;ALTA;54.33;MEDIA;Programar seguimiento operativo y verificar condiciones del sistema abastecedor.;2.66;BAJA
299;276736000763;SEVILLA;I.E. SANTA BARBARA SEDE NUESTRA SEÑORA DE FATIMA;RURAL;VDA ESTACIÓN CAICEDONIA;NUESTRA SEÑORA DE FATIMA;3136493635;13;13;8;11;ESCUELAS_IRCAS;DATO_PRINCIPAL_ESCUELAS_IRCAS;NO;SI;JUNTA ADMINISTRADORA DEL ACUEDUCTO ESTACION CAICEDONIA;SIN RIESGO;SIN RIESGO;198;FILTRO EKOFIL;QUEBRADA LA HONDA;21.5;FAVORABLE CON REQUERIMIENTOS;2026-04-16;COD_DANE_UNICO;CRUCE_OK;GEORREFERENCIADA;;774;INSTITUCION EDUCATIVA SANTA BARBARA;ESC NUESTRA SEÑORA DE FATIMA;ACTIVA;OFICIAL;ESPECIAL;EDUCACIÓN MEDIA;VD ESTACION CAICEDONIA;-75.8881816333;4.19341191929;-75.8881816333;4.19341191929;0.0;0.0;SEDESUESVALLE;COORDENADA_ORIGINAL_SEDESUESVALLE;1;8;2.019;IE SANTA BARBARA;ESC NUESTRA SEÑORA DE FATIMA;RURAL;CORREG  ESTACION CAICEDONIA;COINCIDENCIA_NOMBRE_FUERTE;0.925;RUTINARIO;Sin riesgo y bajo;SIN_BRECHAS;NO;ALTA;14.96;BAJA;Mantener seguimiento rutinario con control territorial rural.;0.0;BAJA
300;276670000031;SAN PEDRO;I.E. JULIO CAICEDO TELLEZ SEDE VICENTE H CRUZ;RURAL;VDA POSITOS;VICENTE H CRUZ;3122089057;7;0;7;0;SEDESUESVALLE;COMPLEMENTADA_CON_SEDESUESVALLE;NO;SI;JUNTA DE ACCIÓN COMUNAL POSITOS;INVIABLE SANITARIAMENTE;INVIABLE SANITARIAMENTE;16655;FILTRO EKOFIL;QUEBRADA LA ITALIA;No registra;FAVORABLE CON REQUERIMIENTOS;2026-04-16;COD_DANE_UNICO;CRUCE_OK;GEORREFERENCIADA;;741;INSTITUCION EDUCATIVA JULIO CAICEDO TELLEZ;VICENTE H CRUZ;ACTIVA;OFICIAL;ESPECIAL;EDUCACIÓN BÁSICA PRIMARIA;VDA POSITOS;-76.17701257;3.953629265;-76.17701257;3.953629265;;;SEDESUESVALLE;COORDENADA_ORIGINAL_SEDESUESVALLE;1;7;;;;;;COINCIDENCIA_NOMBRE_FUERTE_CON_POSIBLE_EMPATE;0.93;PRIORITARIO;Alto e inviable;SIN_BRECHAS;NO;ALTA;68.44;ALTA;Priorizar revisión técnica, validación en campo y articulación con sector educativo.;3.79;BAJA
301;276122000244;CAICEDONIA;I.E. LA CONSOLITA SEDE NUESTRA SEÑORA DEL PERPETUO SOCORRO;RURAL;VDA LA SUIZA;NUESTRA SEÑORA DEL PERPETUO SOCORRO;3113188226;8;8;7;0;ESCUELAS_IRCAS;DATO_PRINCIPAL_ESCUELAS_IRCAS;NO;SI;ASOCIACION DE USUARIOS ACUEDUCTO LA SUIZA;RIESGO MEDIO;MEDIO;2148;;QUEBRADA LA LAGUNA;25;FAVORABLE CON REQUERIMIENTOS;2026-03-03;COD_DANE_UNICO;CRUCE_OK;GEORREFERENCIADA;;188;INSTITUCION EDUCATIVA LA CONSOLITA;NUESTRA SEÑORA DEL PERPETUO SOCORRO;ACTIVA;OFICIAL;MAÑANA;EDUCACIÓN BÁSICA PRIMARIA;VDA LA SUIZA;-75.86832854;4.297464074;-75.86832854;4.297464074;;;SEDESUESVALLE;COORDENADA_ORIGINAL_SEDESUESVALLE;1;7;;;;;;COINCIDENCIA_NOMBRE_FUERTE_CON_POSIBLE_EMPATE;0.936;PREVENTIVO;Medio;SIN_BRECHAS;NO;ALTA;35.76;MEDIA;Mantener seguimiento preventivo dentro de la programación regular.;2.0;BAJA
302;276126000133;CALIMA;I.E. JOHN F. KENNEDY SEDE JOHN F. KENNEDY;RURAL;VDA GAVIOTA BAJA;JOHN F. KENNEDY;3166884283;16;16;16;0;ESCUELAS_IRCAS;DATO_PRINCIPAL_ESCUELAS_IRCAS;NO;SI;ACUEDUCTO RURAL LA GAVIOTA BAJA - ACUAGAVIOTA;SIN RIESGO;SIN RIESGO;1114;ACUEDUCTO RURAL;QUEBRADA LA LEONA;26/30;FAVORABLE CON REQUERIMIENTOS;2026-01-29;COD_DANE_UNICO;CRUCE_OK;GEORREFERENCIADA;;211;CENTRO EDUCATIVO JOHN F. KENNEDY;JOHN F. KENNEDY;ACTIVA;OFICIAL;MAÑANA;EDUCACIÓN BÁSICA SECUNDARIA;CORREG LA GAVIOTA;-76.43116668;3.991239357;-76.43116668;3.991239357;;;SEDESUESVALLE;COORDENADA_ORIGINAL_SEDESUESVALLE;1;16;;;;;;SIN_CANDIDATOS_MUNICIPIO;;RUTINARIO;Sin riesgo y bajo;SIN_BRECHAS;NO;ALTA;15.49;BAJA;Mantener seguimiento rutinario con control territorial rural.;0.0;BAJA
303;276126000338;CALIMA;C.E JOHN F. KENNEDY SEDE GENERAL SANTANDER;RURAL;VEREDA GAVIOTA ALTA;GENERAL SANTANDER;3156943538;6;6;6;0;ESCUELAS_IRCAS;DATO_PRINCIPAL_ESCUELAS_IRCAS;NO;SI;ACUEDUCTO RURAL LA GAVIOTA BAJA - ACUAGAVIOTA;SIN RIESGO;SIN RIESGO;1114;ACUEDUCTO RURAL;QUEBRADA LA LEONA;26/30;FAVORABLE CON REQUERIMIENTOS;2026-01-29;COD_DANE_UNICO;CRUCE_OK;GEORREFERENCIADA;;219;CENTRO EDUCATIVO JOHN F. KENNEDY;GENERAL SANTANDER;ACTIVA;OFICIAL;MAÑANA;EDUCACIÓN BÁSICA PRIMARIA;CORREG LA GAVIOTA PARTE ALTA;-76.42103018;3.996950063;-76.42103018;3.996950063;;;SEDESUESVALLE;COORDENADA_ORIGINAL_SEDESUESVALLE;1;6;;;;;;SIN_CANDIDATOS_MUNICIPIO;;RUTINARIO;Sin riesgo y bajo;SIN_BRECHAS;NO;ALTA;13.08;BAJA;Mantener seguimiento rutinario con control territorial rural.;0.0;BAJA
304;276100000861;BOLIVAR;ESCUELA NUESTRA SEÑORA DEL CARMEN N. 52;RURAL;VDA EL MESTIZO NACI;;3233967220;0;0;0;0;SIN_FUENTE;SIN_DATO_MATRICULA;SI;NO REGISTRA;NO REGISTRA;SD;SIN DATO;SIN DATO;NACIMIENTO;QUEBRADA LA LEONOR;0.0;FAVORABLE CON REQUERIMIENTOS;2025-04-24;SIN_COINCIDENCIA;PENDIENTE;SIN_COORDENADAS;;;;;;;;;;;;;;;;SIN_COORDENADA;SIN_COORDENADA;0;0;;;;;;COINCIDENCIA_NOMBRE_FUERTE_CON_POSIBLE_EMPATE;0.93;BRECHA INFORMACION;Sin dato / información incompleta;"SIN_DATO_IRCA; SIN_MATRICULA_VALIDADA; SIN_COORDENADA; CRUCE_PENDIENTE";SI;BAJA;28.7;BAJA;Gestionar actualización de la clasificación IRCA del sistema asociado.;0.0;BAJA
305;276122000180;CAICEDONIA;I.E RURAL CAICEDONIA SEDE SANTA TERESITA;RURAL;VDA SAN GERARDO;SANTA TERESITA;3136433991;8;8;4;0;ESCUELAS_IRCAS;DATO_PRINCIPAL_ESCUELAS_IRCAS;NO;SI;ASOCIACION DE USUARIOS DEL ACUEDUCTO DE LA VEREDA SAN GERARDO DE CAICEDONIA;SIN RIESGO;SIN RIESGO;11052;;QUEBRADA LA LETICIA Y CAMPOAZUL;20.5;FAVORABLE CON REQUERIMIENTOS;2026-02-12;COD_DANE_UNICO;CRUCE_OK;GEORREFERENCIADA;;198;INSTITUCION EDUCATIVA RURAL CAICEDONIA;CENT DOC  NO 24 SANTA TERESITA;ACTIVA;OFICIAL;MAÑANA;EDUCACIÓN BÁSICA PRIMARIA;VDA SAN GERARDO ALTO;-75.80277439;4.279856063;-75.80277439;4.279856063;;;SEDESUESVALLE;COORDENADA_ORIGINAL_SEDESUESVALLE;1;4;;;;;;SIN_COINCIDENCIA_FUERTE;0.609;RUTINARIO;Sin riesgo y bajo;SIN_BRECHAS;NO;ALTA;13.76;BAJA;Mantener seguimiento rutinario con control territorial rural.;0.0;BAJA
306;276275000243;FLORIDA;I.E. JOSE MARIA CORDOBA SEDE MARIA AUXILIADORA;RURAL;VEREDA PUERTO NUEVO;MARIA AUXILIADORA;3137511021;13;13;6;0;ESCUELAS_IRCAS;DATO_PRINCIPAL_ESCUELAS_IRCAS;NO;SI;PROAGUA PUEBLO NUEVO;RIESGO ALTO;ALTO;;ACUEDUCTO RURAL - FILTRO EKOFIL;QUEBRADA LA LIONTA;17,5/30;DESFAVORABLE;2019-12-06;COD_DANE_UNICO;CRUCE_OK;GEORREFERENCIADA;;434;INSTITUCION EDUCATIVA JOSE MARIA CORDOBA;MARIA AUXILIADORA;ACTIVA;OFICIAL;UNICA;EDUCACIÓN MEDIA;CORREG PUEBLO NUEVO;-76.19025727;3.25766909;-76.19025727;3.25766909;;;SEDESUESVALLE;COORDENADA_ORIGINAL_SEDESUESVALLE;1;6;;;;;;COINCIDENCIA_NOMBRE_FUERTE_CON_POSIBLE_EMPATE;0.93;PRIORITARIO;Alto e inviable;SIN_BRECHAS;NO;ALTA;60.41;ALTA;Programar seguimiento operativo y verificar condiciones del sistema abastecedor.;4.13;MEDIA
307;276616000549;RIOFRIO;ESCUELA MARIA AUXILIADORA N. 18;RURAL;VDA MORROPLANCHO;;3117381543;16;16;19;18;ESCUELAS_IRCAS;DATO_PRINCIPAL_ESCUELAS_IRCAS;NO;SI;ACUEDUCTO ACUAMORROPLANCHO ALTO;RIESGO ALTO;ALTO;9977;ACUEDUTO RURAL;QUEBRADA LA LORENA;16.0;FAVORABLE CON REQUERIMIENTOS;2025-04-21;COD_DANE_UNICO;CRUCE_OK;GEORREFERENCIADA;;674;INSTITUCION EDUCATIVA CAMILO TORRES;MARIA AUXILIADORA;ACTIVA;OFICIAL;COMPLETA;EDUCACIÓN MEDIA;VDA MORROPLANCHO;-76.3950093;4.157061891;-76.3950093;4.157061891;-76.4;4.16;SEDESUESVALLE;COORDENADA_ORIGINAL_SEDESUESVALLE;1;19;2.019;IE CAMILO TORRES;MARIA AUXILIADORA;RURAL;VDA MORROPLANCHO;COINCIDENCIA_NOMBRE_FUERTE;0.93;PRIORITARIO;Alto e inviable;SIN_BRECHAS;NO;ALTA;56.74;ALTA;Programar seguimiento operativo y verificar condiciones del sistema abastecedor.;3.88;BAJA
308;276036000193;ANDALUCÍA;I.E. AGRICOLA CAMPOALEGRE SEDE SAN FRANCISCO;RURAL;VDA POTRERILLO;SAN FRANCISCO;3165066725;15;15;14;0;ESCUELAS_IRCAS;DATO_PRINCIPAL_ESCUELAS_IRCAS;NO;SI;JUNTA ADMINISTRADORA ACUEDUCTO POTRERILLO;RIESGO ALTO;ALTO;1121;;QUEBRADA LA LUCIANA;18;FAVORABLE CON REQUERIMIENTOS;2026-02-10;COD_DANE_UNICO;CRUCE_OK;GEORREFERENCIADA;;32;INSTITUCION EDUCATIVA AGRICOLA CAMPOALEGRE;SAN FRANCISCO;ACTIVA;OFICIAL;MAÑANA;EDUCACIÓN BÁSICA SECUNDARIA;CORREG POTRERILLO;-76.097116;4.108618;-76.097116;4.108618;;;SEDESUESVALLE;COORDENADA_ORIGINAL_SEDESUESVALLE;1;14;;;;;;COINCIDENCIA_NOMBRE_FUERTE_CON_POSIBLE_EMPATE;0.93;PRIORITARIO;Alto e inviable;SIN_BRECHAS;NO;ALTA;56.58;ALTA;Programar seguimiento operativo y verificar condiciones del sistema abastecedor.;3.79;BAJA
309;276036000223;ANDALUCÍA;I.E AGRICOLA CAMPO ALEGRE SEDE JOSE ANTONIO ANZOATEGUI;RURAL;VEREDA PARDO ALTO;JOSE ANTONIO ANZOATEGUI;3148626068;30;30;34;39;ESCUELAS_IRCAS;DATO_PRINCIPAL_ESCUELAS_IRCAS;NO;SI;ACUEDUCTO RURAL PARDO ALTO;RIESGO ALTO;ALTO;13246;;QUEBRADA LA LUISA;16;FAVORABLE CON REQUERIMIENTOS;2026-02-09;COD_DANE_UNICO;CRUCE_OK;GEORREFERENCIADA;;34;INSTITUCION EDUCATIVA AGRICOLA CAMPOALEGRE;JOSE ANTONIO ANZOATEGUI;ACTIVA;OFICIAL;MAÑANA;EDUCACIÓN BÁSICA SECUNDARIA;CORREG PARDO;-76.085464;4.080975;-76.085464;4.080975;-76.09;4.08;SEDESUESVALLE;COORDENADA_ORIGINAL_SEDESUESVALLE;1;34;2.019;IE AGRICOLA CAMPOALEGRE;JOSE ANTONIO ANZOATEGUI;RURAL;CORREG PARDO ALTO;COINCIDENCIA_NOMBRE_FUERTE;0.931;PRIORITARIO;Alto e inviable;SIN_BRECHAS;NO;ALTA;58.37;ALTA;Programar seguimiento operativo y verificar condiciones del sistema abastecedor.;4.7;MEDIA
310;276318000129;GUACARÍ;I.E. GENERAL SANTANDER SEDE MARCO FIDEL SUAREZ;RURAL;VEREDA CHAFALOTE;MARCO FIDEL SUAREZ;3137439783;13;13;0;0;ESCUELAS_IRCAS;DATO_PRINCIPAL_ESCUELAS_IRCAS;NO;SI;ASOJUMACHAGUA;RIESGO ALTO;ALTO;359;DESINFECCIÓN;QUEBRADA LA MAGDALENA;44.56;DESFAVORABLE;2026-02-11;MUNICIPIO+NOMBRE_EXACTO;CRUCE_RECUPERADO;SIN_COORDENADAS;;496;;;;;;;;;;;;;;SIN_COORDENADA;SIN_COORDENADA;0;0;;;;;;COINCIDENCIA_NOMBRE_FUERTE_CON_POSIBLE_EMPATE;0.93;PRIORITARIO;Alto e inviable;SIN_COORDENADA;SI;MEDIA;62.41;ALTA;Programar seguimiento operativo y verificar condiciones del sistema abastecedor.;4.13;MEDIA
311;476318000713;GUACARÍ;I.E. GENERAL SANTANDER SEDE CLIMACO LENIS;RURAL;VEREDA ALTO DE LA MAGDALENA;CLIMACO LENIS;3174701848;3;3;3;0;ESCUELAS_IRCAS;DATO_PRINCIPAL_ESCUELAS_IRCAS;NO;SI;ASOJUMACHAGUA;RIESGO ALTO;ALTO;359;DESINFECCIÓN;QUEBRADA LA MAGDALENA;44.56;DESFAVORABLE;2026-02-11;COD_DANE_UNICO;CRUCE_OK;GEORREFERENCIADA;;500;INSTITUCION EDUCATIVA GENERAL SANTANDER;CLIMACO LENIS;ACTIVA;ORGANIZACIÓN CON FINES DE LUCRO;ESPECIAL;EDUCACIÓN MEDIA;VDA ALTO MAGDALENA;-76.20882405;3.810299156;-76.20882405;3.810299156;;;SEDESUESVALLE;COORDENADA_ORIGINAL_SEDESUESVALLE;1;3;;;;;;COINCIDENCIA_NOMBRE_FUERTE_CON_POSIBLE_EMPATE;0.93;PRIORITARIO;Alto e inviable;SIN_BRECHAS;NO;ALTA;57.01;ALTA;Programar seguimiento operativo y verificar condiciones del sistema abastecedor.;2.17;BAJA
312;276318000081;GUACARÍ;I.E. GENERAL SANTANDER SEDE VIRGEN DE FATIMA;RURAL;VEREDA LA MAGDALENA;VIRGEN DE FATIMA;6029539726;7;7;7;0;ESCUELAS_IRCAS;DATO_PRINCIPAL_ESCUELAS_IRCAS;NO;SI;ASOJUMACHAGUA;RIESGO ALTO;ALTO;359;DESINFECCIÓN;QUEBRADA LA MAGDALENA;44.56;DESFAVORABLE;2026-02-11;COD_DANE_UNICO;CRUCE_OK;GEORREFERENCIADA;;504;INSTITUCION EDUCATIVA GENERAL SANTANDER;VIRGEN DE FATIMA;ACTIVA;OFICIAL;ESPECIAL;EDUCACIÓN MEDIA;CORREG LA MAGDALENA;-76.21676193;3.800590955;-76.21676193;3.800590955;;;SEDESUESVALLE;COORDENADA_ORIGINAL_SEDESUESVALLE;1;7;;;;;;COINCIDENCIA_NOMBRE_FUERTE_CON_POSIBLE_EMPATE;0.93;PRIORITARIO;Alto e inviable;SIN_BRECHAS;NO;ALTA;58.89;ALTA;Programar seguimiento operativo y verificar condiciones del sistema abastecedor.;3.25;BAJA
313;276563000045;PRADERA;I.E. MERCEDES ABREGO SEDE PRINCIPAL;RURAL;CORREGIMIENTO EL RETIRO;I.E. MERCEDES ABREGO SEDE PRINCIPAL;3146822640;17;17;0;28;ESCUELAS_IRCAS;DATO_PRINCIPAL_ESCUELAS_IRCAS;NO;SI;ACUASALUD EL RETIRO;RIESGO ALTO;ALTO;;ACUEDUCTO RURAL;QUEBRADA LA MALTINA;20/30;DESFAVORABLE;2020-10-07;MUNICIPIO+NOMBRE_EXACTO;CRUCE_RECUPERADO;GEORREFERENCIADA;;624;;;;;;;;-76.14;3.45;;;-76.14;3.45;MEN_SEDES;COMPLEMENTADA_CON_MEN;0;0;2.019;I.E. MERCEDES ABREGO;I.E. MERCEDES ABREGO - SEDE PRINCIPAL;RURAL;CORREG EL RETIRO;COINCIDENCIA_NOMBRE_FUERTE;0.972;PRIORITARIO;Alto e inviable;SIN_BRECHAS;NO;ALTA;61.1;ALTA;Programar seguimiento operativo y verificar condiciones del sistema abastecedor.;4.52;MEDIA
314;276606000338;RESTREPO;I.E. JOSE ACEVEDO Y GOMEZ SEDE GUILLERMO LEON VALENCIA;RURAL;VDA MADROÑAL;GUILLERMO LEON VALENCIA;3184560149;10;10;6;0;ESCUELAS_IRCAS;DATO_PRINCIPAL_ESCUELAS_IRCAS;NO;SI;ACUAVALLE S.A ESP;SIN RIESGO;SIN RIESGO;157;PLANTA ACUAVALLE S.A ESP;QUEBRADA LA MANCHA;26.5;FAVORABLE CON REQUERIMIENTOS;2026-06-18;COD_DANE_UNICO;CRUCE_OK;GEORREFERENCIADA;;629;INSTITUCION EDUCATIVA JOSE ACEVEDO Y GOMEZ;GUILLERMO LEON VALENCIA;ACTIVA;OFICIAL;MAÑANA;EDUCACIÓN BÁSICA PRIMARIA;VD MADROÑAL;-76.5348985331;3.80649497333;-76.5348985331;3.80649497333;;;SEDESUESVALLE;COORDENADA_ORIGINAL_SEDESUESVALLE;1;6;;;;;;COINCIDENCIA_NOMBRE_FUERTE_CON_POSIBLE_EMPATE;0.931;RUTINARIO;Sin riesgo y bajo;SIN_BRECHAS;NO;ALTA;14.31;BAJA;Mantener seguimiento rutinario con control territorial rural.;0.0;BAJA
315;276497000021;OBANDO;I.E MARIA ANALIA ORTIZ  HORMAZA SEDE PEDRO JOSE MURGUEITIO;RURAL;CORREGIMIENTO BUENOS AIRES;PEDRO JOSE MURGUEITIO;3122581679;7;7;7;0;ESCUELAS_IRCAS;DATO_PRINCIPAL_ESCUELAS_IRCAS;NO;SI;ASOCIACIÓN DE USUARIOS DEL ACUEDUCTO RURAL COMUNITARIO DE LA VEREDA BUENOS AIRES;SIN RIESGO;SIN RIESGO;1911;FILTRO EKOFIL;QUEBRADA LA MARIA - QUEBRADA LOS ALPES;26/30;FAVORABLE CON REQUERIMIENTOS;2026-02-16;COD_DANE_UNICO;CRUCE_OK;GEORREFERENCIADA;;580;INSTITUCION EDUCATIVA MARIA ANALIA ORTIZ HORMAZA;PEDRO JOSÉ MURGUEITIO;ACTIVA;OFICIAL;COMPLETA;EDUCACIÓN MEDIA;CORREG BUENOS AIRES;-75.869478;4.588894;-75.869478;4.588894;;;SEDESUESVALLE;COORDENADA_ORIGINAL_SEDESUESVALLE;1;7;;;;;;COINCIDENCIA_NOMBRE_FUERTE_CON_POSIBLE_EMPATE;0.944;RUTINARIO;Sin riesgo y bajo;SIN_BRECHAS;NO;ALTA;13.44;BAJA;Mantener seguimiento rutinario con control territorial rural.;0.0;BAJA
316;276233000308;DAGUA;I.E. EL PALMAR SEDE FRANCISCO DE PAULA SANTANDER;RURAL;VEREDA EL VERGEL;FRANCISCO DE PAULA SANTANDER;3175154600;51;51;51;83;ESCUELAS_IRCAS;DATO_PRINCIPAL_ESCUELAS_IRCAS;NO;SI;ASOCIACION DE SUSCRITORES DEL SERVICIO DE AGUA EL VERGEL - AUVA ESP;SIN RIESGO;SIN RIESGO;2899;ACUEDUCTO RURAL EL VERGEL;QUEBRADA LA MINA;20/30;FAVORABLE;2025-05-12;COD_DANE_UNICO;CRUCE_OK;GEORREFERENCIADA;;228;INSTITUCION EDUCATIVA EL PALMAR;FRANCISCO DE PAULA SANTANDER;ACTIVA;OFICIAL;MAÑANA;EDUCACIÓN MEDIA;VDA EL VERGEL;-76.62308784;3.579379243;-76.62308784;3.579379243;-76.62;3.58;SEDESUESVALLE;COORDENADA_ORIGINAL_SEDESUESVALLE;1;51;2.019;IE EL PALMAR;FRANCISCO DE PAULA SANTANDER;RURAL;VDA. EL VERGEL;COINCIDENCIA_NOMBRE_FUERTE;0.93;RUTINARIO;Sin riesgo y bajo;SIN_BRECHAS;NO;ALTA;14.93;BAJA;Mantener seguimiento rutinario con control territorial rural.;0.0;BAJA
317;176622000068;ROLDANILLO;IE BELISARIO PEÑA PIÑEIRO SEDE BELISARIO PEÑA PIÑEIRO;RURAL;CORREGIMIENTO CAJAMARCA;BELISARIO PEÑA PIÑEIRO;3177752423;441;441;441;854;ESCUELAS_IRCAS;DATO_PRINCIPAL_ESCUELAS_IRCAS;NO;SI;ASOCIACIÓN DE USUARIOS DEL DISTRITO DE RIEGO SAN ISIDRO-CAJAMARCA;RIESGO MEDIO;MEDIO;1669;ACUEDUCTO RURAL;QUEBRADA LA MINA - QUEBRADA CHACHAFRUTO;22.5/30;FAVORABLE CON REQUERIMIENTOS;2025-06-18;COD_DANE_DUPLICADO+NOMBRE_EXACTO;CRUCE_OK_CONTROLADO;GEORREFERENCIADA;;714;INSTITUCION EDUCATIVA BELISARIO PEÑA PIÑEIRO;BELISARIO PEÑA PIÑEIRO;ACTIVA;OFICIAL;MAÑANA;EDUCACIÓN MEDIA;CLL 11 # 6-55;-76.15083838;4.411345414;-76.15083838;4.411345414;-76.15;4.41;SEDESUESVALLE;COORDENADA_ORIGINAL_SEDESUESVALLE;1;441;2.019;IE BELISARIO PEÑA PIÑEIRO;BELISARIO PEÑA PIÑEIRO;URBANA;CLL 11 NO 6-55;COINCIDENCIA_NOMBRE_FUERTE;0.98;PREVENTIVO;Medio;SIN_BRECHAS;NO;ALTA;46.33;MEDIA;Mantener seguimiento preventivo por matrícula significativa.;5.56;MEDIA
318;276622000186;ROLDANILLO;I.E BELISARIO PEÑA PIÑEIRO SEDE SANTA LUCIA;RURAL;CORREGIMIENTO  CAJAMARCA;SANTA LUCIA;3177752423;41;41;41;0;ESCUELAS_IRCAS;DATO_PRINCIPAL_ESCUELAS_IRCAS;NO;SI;ASOCIACIÓN DE USUARIOS DEL DISTRITO DE RIEGO SAN ISIDRO-CAJAMARCA;RIESGO MEDIO;MEDIO;1669;ACUEDUCTO RURAL;QUEBRADA LA MINA - QUEBRADA CHACHAFRUTO;23/30;FAVORABLE CON REQUERIMIENTOS;2025-06-18;COD_DANE_UNICO;CRUCE_OK;GEORREFERENCIADA;;715;INSTITUCION EDUCATIVA BELISARIO PEÑA PIÑEIRO;SANTA LUCIA;ACTIVA;OFICIAL;MAÑANA;EDUCACIÓN BÁSICA PRIMARIA;CORREG CAJAMARCA;-76.21303081;4.490968961;-76.21303081;4.490968961;;;SEDESUESVALLE;COORDENADA_ORIGINAL_SEDESUESVALLE;1;41;;;;;;COINCIDENCIA_NOMBRE_FUERTE_CON_POSIBLE_EMPATE;0.93;PREVENTIVO;Medio;SIN_BRECHAS;NO;ALTA;39.95;MEDIA;Mantener seguimiento preventivo dentro de la programación regular.;3.41;BAJA
319;276622000321;ROLDANILLO;I.E BELISARIO PEÑA PIÑEIRO SEDE SAN ISIDRO;RURAL;VEREDA SAN ISIDRO;SAN ISIDRO;3008641987;12;12;12;0;ESCUELAS_IRCAS;DATO_PRINCIPAL_ESCUELAS_IRCAS;NO;SI;ASOCIACIÓN DE USUARIOS DEL DISTRITO DE RIEGO SAN ISIDRO-CAJAMARCA;RIESGO MEDIO;MEDIO;1669;ACUEDUCTO RURAL;QUEBRADA LA MINA - QUEBRADA CHACHAFRUTO;26/30;FAVORABLE CON REQUERIMIENTOS;2025-06-19;COD_DANE_UNICO;CRUCE_OK;GEORREFERENCIADA;;725;INSTITUCION EDUCATIVA BELISARIO PEÑA PIÑEIRO;SAN ISIDRO;ACTIVA;OFICIAL;MAÑANA;EDUCACIÓN MEDIA;VDA SAN ISIDRO;-76.22013112;4.460694286;-76.22013112;4.460694286;;;SEDESUESVALLE;COORDENADA_ORIGINAL_SEDESUESVALLE;1;12;;;;;;COINCIDENCIA_NOMBRE_FUERTE_CON_POSIBLE_EMPATE;0.93;PREVENTIVO;Medio;SIN_BRECHAS;NO;ALTA;36.76;MEDIA;Mantener seguimiento preventivo dentro de la programación regular.;2.34;BAJA
320;276246000382;EL CAIRO;I.E LA PRESENTACION SEDE FRANCISCO ANTONIO ZEA;RURAL;CORREGIMIENTO SAN JOSE;FRANCISCO ANTONIO ZEA;3146683133;12;12;12;0;ESCUELAS_IRCAS;DATO_PRINCIPAL_ESCUELAS_IRCAS;NO;SI;ACUEDUCTO RURAL SAN JOSE;SIN RIESGO;SIN RIESGO;3572;FILTRO EKOFIL;QUEBRADA LA MIQUERA;28/30;FAVORABLE CON REQUERIMIENTOS;2025-07-30;COD_DANE_UNICO;CRUCE_OK;GEORREFERENCIADA;;344;INSTITUCION EDUCATIVA LA PRESENTACION;FRANCISCO ANTONIO ZEA;ACTIVA;OFICIAL;COMPLETA;EDUCACIÓN BÁSICA PRIMARIA;VDA SAN JOSE DEL CAIRO;-76.27689804;4.743911581;-76.27689804;4.743911581;;;SEDESUESVALLE;COORDENADA_ORIGINAL_SEDESUESVALLE;1;12;;;;;;COINCIDENCIA_NOMBRE_FUERTE_CON_POSIBLE_EMPATE;0.93;RUTINARIO;Sin riesgo y bajo;SIN_BRECHAS;NO;ALTA;14.76;BAJA;Mantener seguimiento rutinario con control territorial rural.;0.0;BAJA
321;276122000872;CAICEDONIA;I.E. LA CONSOLITA  SEDE LA CONSOLITA;RURAL;VDA SAMARIA;LA CONSOLITA;6025539166;142;142;137;152;ESCUELAS_IRCAS;DATO_PRINCIPAL_ESCUELAS_IRCAS;NO;SI;ACUASAMARIA;RIESGO MEDIO;MEDIO;2144;;QUEBRADA LA MORENA;26;FAVORABLE CON REQUERIMIENTOS;2026-03-04;COD_DANE_UNICO;CRUCE_OK;GEORREFERENCIADA;;186;INSTITUCION EDUCATIVA LA CONSOLITA;LA CONSOLITA;ACTIVA;OFICIAL;MAÑANA;EDUCACIÓN MEDIA;CAS SAMARIA;-75.83230874;4.216224993;-75.83230874;4.216224993;0.0;0.0;SEDESUESVALLE;COORDENADA_ORIGINAL_SEDESUESVALLE;1;137;2.019;IE LA CONSOLITA;LA CONSOLITA;RURAL;VDA SAMARIA;COINCIDENCIA_NOMBRE_FUERTE;0.93;PREVENTIVO;Medio;SIN_BRECHAS;NO;ALTA;43.27;MEDIA;Mantener seguimiento preventivo por matrícula significativa.;4.53;MEDIA
322;276041000363;ANSERMANUEVO;I.E SANTA INES SEDE PRIMARIA BLOQUE 3;RURAL;CORREGIMIENTO EL VERGEL;PRIMARIA BLOQUE 3;3146866182;104;104;104;174;ESCUELAS_IRCAS;DATO_PRINCIPAL_ESCUELAS_IRCAS;NO;SI;ASOCIACION DE USUARIOS ACUEDUCTO EL VERGEL - ACUAVERGEL;SIN RIESGO;SIN RIESGO;9345;ACUEDUCTO RURAL;QUEBRADA LA PALMA - QUEBRADA LA SOLEDAD - QUEBRADA QUINCE LETRAS;20/30;FAVORABLE CON REQUERIMIENTOS;2025-05-20;COD_DANE_UNICO;CRUCE_OK;GEORREFERENCIADA;;41;INSTITUCION EDUCATIVA SANTA INES;SANTA INES;ACTIVA;OFICIAL;MAÑANA;EDUCACIÓN MEDIA;IP EL VERGEL;-75.9973330411;4.86111676163;-75.9973330411;4.86111676163;-76.0;4.86;SEDESUESVALLE;COORDENADA_ORIGINAL_SEDESUESVALLE;1;104;2.019;IE SANTA INES;SANTA INES;RURAL;CORREG EL VERGEL;COINCIDENCIA_NOMBRE_FUERTE;0.93;RUTINARIO;Sin riesgo y bajo;SIN_BRECHAS;NO;ALTA;20.43;BAJA;Mantener seguimiento rutinario con control territorial rural.;0.0;BAJA
323;276828000298;TRUJILLO;ESCUELA N. 32 MARCO FIDEL SUAREZ;RURAL;VDA LA MARINA;;6022267368;10;10;17;15;ESCUELAS_IRCAS;DATO_PRINCIPAL_ESCUELAS_IRCAS;NO;SI;JUNTA ADMINISTRADORA DEL ACUEDUCTO LA MARINA;INVIABLE SANITARIAMENTE;INVIABLE SANITARIAMENTE;17684;ACUEDUCTO RURAL;QUEBRADA LA PALMERA;22.0;FAVORABLE CON REQUERIMIENTOS;2025-02-04;COD_DANE_UNICO;CRUCE_OK;GEORREFERENCIADA;;850;INSTITUCION EDUCATIVA MANUEL MARIA MALLARINO;MARCO FIDEL SUAREZ;ACTIVA;OFICIAL;MAÑANA;EDUCACIÓN BÁSICA SECUNDARIA;CORREG LA MARINA;-76.29771313;4.260335945;-76.29771313;4.260335945;-76.3;4.26;SEDESUESVALLE;COORDENADA_ORIGINAL_SEDESUESVALLE;1;17;2.019;IE MANUEL MARIA MALLARINO;MARCO FIDEL SUAREZ;RURAL;VDA LA MARINA;COINCIDENCIA_NOMBRE_FUERTE;0.93;PRIORITARIO;Alto e inviable;SIN_BRECHAS;NO;ALTA;69.31;ALTA;Priorizar revisión técnica, validación en campo y articulación con sector educativo.;4.37;MEDIA
324;276100000151;BOLIVAR;ESCUELA VEINTE DE JULIO N. 25;RURAL;VEREDA LA AGUADA. CGTO LA TULIA;;3178815835;9;9;8;20;ESCUELAS_IRCAS;DATO_PRINCIPAL_ESCUELAS_IRCAS;NO;SI;ACUEDUCTO LA REFORMA VEREDA LA AGUADA;RIESGO MEDIO;MEDIO;1125;ACUEDUCTO RURAL;QUEBRADA LA PEDREGOZA;22.5;FAVORABLE CON REQUERIMIENTOS;2025-05-14;COD_DANE_DUPLICADO_COORDENADA_COMUN;VALIDAR_DUPLICADO;GEORREFERENCIADA;"Código DANE duplicado en SedesUESVALLE; se asignó coordenada común.";103;INSTITUCION EDUCATIVA  LA TULIA;VEINTE DE JULIO;ACTIVA;OFICIAL;MAÑANA;EDUCACIÓN BÁSICA PRIMARIA;VDA LA AGUADA;-76.225473;4.378982;-76.225473;4.378982;-76.23;4.38;SEDESUESVALLE;COORDENADA_ORIGINAL_SEDESUESVALLE;1;8;2.019;IE LA TULIA;VEINTE DE JULIO;RURAL;VDA LA AGUADA;COINCIDENCIA_NOMBRE_FUERTE;0.93;PREVENTIVO;Medio;CRUCE_PENDIENTE;SI;MEDIA;38.05;MEDIA;Mantener seguimiento preventivo dentro de la programación regular.;2.1;BAJA
325;276616000271;RIOFRIO;ESCUELA N. 12 LA CARMELITA;RURAL;VDA LOS ESTRECHOS;;3175154299;156;156;138;83;ESCUELAS_IRCAS;DATO_PRINCIPAL_ESCUELAS_IRCAS;NO;SI;ACUEDUCTO RURAL LOS ESTRECHOS;RIESGO ALTO;ALTO;505;ACUEDUTO RURAL;QUEBRADA LA PORFINA;28.0;FAVORABLE CON REQUERIMIENTOS;2025-03-20;COD_DANE_UNICO;CRUCE_OK;GEORREFERENCIADA;;680;INSTITUCION EDUCATIVA ALFREDO GARRIDO TOVAR;LA CARMELITA;ACTIVA;OFICIAL;UNICA;EDUCACIÓN BÁSICA PRIMARIA;VDA LOS ESTRECHOS;-76.33213281;4.058772591;-76.33213281;4.058772591;-76.33;4.06;SEDESUESVALLE;COORDENADA_ORIGINAL_SEDESUESVALLE;1;138;2.019;IE ALFREDO GARRIDO TOVAR;LA CARMELITA;RURAL;VDA LOS ESTRECHOS;COINCIDENCIA_NOMBRE_FUERTE;0.93;PRIORITARIO;Alto e inviable;SIN_BRECHAS;NO;ALTA;62.77;ALTA;Programar seguimiento operativo y verificar condiciones del sistema abastecedor.;6.92;ALTA
326;276616000131;RIOFRIO;CENTRO EDUCATIVO CENT DOC N. 20 ROSA ZARATE DE PEÑA;RURAL;VDA LA JUDEA;;3117381543;15;15;9;18;ESCUELAS_IRCAS;DATO_PRINCIPAL_ESCUELAS_IRCAS;NO;SI;ASOCIACION DE USUARIOS ACUEDUCTO AGUAS ARRIBA LA JUDEA;RIESGO ALTO;ALTO;2766;PLANTA FIME;QUEBRADA LA PROFUNDA;22.0;FAVORABLE CON REQUERIMIENTOS;2025-04-08;COD_DANE_UNICO;CRUCE_OK;GEORREFERENCIADA;;675;INSTITUCION EDUCATIVA CAMILO TORRES;ROSA ZARATE DE PEÑA;ACTIVA;OFICIAL;COMPLETA;EDUCACIÓN MEDIA;VDA LA JUDEA;-76.38569403;4.10510082;-76.38569403;4.10510082;-76.39;4.11;SEDESUESVALLE;COORDENADA_ORIGINAL_SEDESUESVALLE;1;9;2.019;IE CAMILO TORRES;ROSA ZARATE DE PEÑA;RURAL;VDA  LA JUDEA;COINCIDENCIA_NOMBRE_FUERTE;0.93;PRIORITARIO;Alto e inviable;SIN_BRECHAS;NO;ALTA;56.58;ALTA;Programar seguimiento operativo y verificar condiciones del sistema abastecedor.;3.79;BAJA
327;276250000397;EL DOVIO;I.E ACERG SEDE JACINTO SANCHEZ;RURAL;VEREDA GUATEMALA;JACINTO SANCHEZ;3126184188;10;10;10;12;ESCUELAS_IRCAS;DATO_PRINCIPAL_ESCUELAS_IRCAS;NO;SI;ACUEDUCTO RURAL VEREDA GUATEMALA;RIESGO ALTO;ALTO;526;ACUEDUCTO RURAL;QUEBRADA LA QUINTA;24/30;FAVORABLE CON REQUERIMIENTOS;2026-02-12;COD_DANE_UNICO;CRUCE_OK;GEORREFERENCIADA;;384;INSTITUCION EDUCATIVA ACERG  ASOCIACION DE CENTROS EDUCATIVOS DEL CAÑON DEL RIO GARRAPATAS;JACINTO SANCHEZ;ACTIVA;OFICIAL;UNICA;EDUCACIÓN BÁSICA SECUNDARIA;VDA GUATEMALA;-76.29189418;4.528759304;-76.29189418;4.528759304;-76.29;4.53;SEDESUESVALLE;COORDENADA_ORIGINAL_SEDESUESVALLE;1;10;2.019;IE ACERG;JACINTO SANCHEZ;RURAL;VDA GUATEMALA;COINCIDENCIA_NOMBRE_FUERTE;0.93;PRIORITARIO;Alto e inviable;SIN_BRECHAS;NO;ALTA;55.56;ALTA;Programar seguimiento operativo y verificar condiciones del sistema abastecedor.;3.28;BAJA
328;176041000709;ANSERMANUEVO;I.E SANTA ANA DE LOS CABALLEROS SEDE ANTONIO JOSE DE SUCRE;URBANO;SALAZAR ALTO Y BAJO;ANTONIO JOSE DE SUCRE;3136586090;162;162;68;0;ESCUELAS_IRCAS;DATO_PRINCIPAL_ESCUELAS_IRCAS;NO;SI;ACUEDUCTO CUMUNITARIO SALAZAR;MEDIO;MEDIO;2161;PLANTA COMPACTA;QUEBRADA LA RAIZ - QUEBRADA SAN AGUSTIN;22/30;FAVORABLE CON REQUERIMIENTOS;2025-07-29;COD_DANE_UNICO;CRUCE_OK;GEORREFERENCIADA;;46;INSTITUCION EDUCATIVA SANTA ANA DE LOS CABALLEROS;ANTONIO JOSE DE SUCRE;ACTIVA;OFICIAL;MAÑANA;EDUCACIÓN BÁSICA PRIMARIA;B/ SALAZAR BAJO;-75.995722149;4.79110223519;-75.995722149;4.79110223519;;;SEDESUESVALLE;COORDENADA_ORIGINAL_SEDESUESVALLE;1;68;;;;;;COINCIDENCIA_NOMBRE_FUERTE_CON_POSIBLE_EMPATE;0.945;PREVENTIVO;Medio;SIN_BRECHAS;NO;ALTA;43.63;MEDIA;Mantener seguimiento preventivo por matrícula significativa.;4.65;MEDIA
329;276736001026;SEVILLA;I.E. HERACLIO URIBE URIBE SEDE EL RECREO;RURAL;VDA ALTO EL RECREO;EL RECREO;3137496187;7;7;11;0;ESCUELAS_IRCAS;DATO_PRINCIPAL_ESCUELAS_IRCAS;NO;SI;ASOCIACION DE USUARIOS DEL ACUEDUCTO DE LA VEREDA ALTO DEL RECREO;RIESGO ALTO;ALTO;3282;;QUEBRADA LA RAQUELITA;22.5;FAVORABLE CON REQUERIMIENTOS;2025-10-27;COD_DANE_UNICO;CRUCE_OK;GEORREFERENCIADA;;755;INSTITUCION EDUCATIVA HERACLIO URIBE URIBE;EL RECREO;ACTIVA;OFICIAL;UNICA;EDUCACIÓN BÁSICA PRIMARIA;VDA ALTO EL RECREO;-75.91656204;4.269370448;-75.91656204;4.269370448;;;SEDESUESVALLE;COORDENADA_ORIGINAL_SEDESUESVALLE;1;11;;;;;;COINCIDENCIA_NOMBRE_FUERTE_CON_POSIBLE_EMPATE;0.93;PRIORITARIO;Alto e inviable;SIN_BRECHAS;NO;ALTA;54.69;MEDIA;Programar seguimiento operativo y verificar condiciones del sistema abastecedor.;2.84;BAJA
330;276736000488;SEVILLA;I.E. JORGE ELIECER GAITAN SEDE JORGE ELIECER GAITAN;RURAL;VDA LA CUCHILLA;JORGE ELIECER GAITAN;6025539166;66;66;21;38;ESCUELAS_IRCAS;DATO_PRINCIPAL_ESCUELAS_IRCAS;NO;SI;ADMINISTRACION COOPERATIVA SEVILLA E.S.P. LA CUCHILLA EL JARDIN;RIESGO MEDIO;MEDIO;539;;QUEBRADA LA RAQUELITA;21;FAVORABLE CON REQUERIMIENTOS;2026-04-08;COD_DANE_UNICO;CRUCE_OK;GEORREFERENCIADA;;786;INSTITUCION EDUCATIVA JORGE ELIECER GAITAN;JORGE ELIECER GAITAN;ACTIVA;OFICIAL;COMPLETA;CLEI;CLL 6 # 19-45 BARRIO SAN MARTIN;-75.931023;4.359462;-75.931023;4.359462;-75.93;4.36;SEDESUESVALLE;COORDENADA_ORIGINAL_SEDESUESVALLE;1;21;2.019;IE JORGE ELIECER GAITAN;JORGE ELIECER GAITAN;RURAL;CORREG LA  CUCHILLA;COINCIDENCIA_NOMBRE_FUERTE;0.93;PREVENTIVO;Medio;SIN_BRECHAS;NO;ALTA;41.21;MEDIA;Mantener seguimiento preventivo por matrícula significativa.;3.83;BAJA
331;276736000411;SEVILLA;IE JORGE ELIECER GAITAN SEDE SANTA CATALINA (D.I);RURAL;VEREDA EL JARDIN;SANTA CATALINA (D.I);3113409366;9;9;8;0;ESCUELAS_IRCAS;DATO_PRINCIPAL_ESCUELAS_IRCAS;NO;SI;ADMINISTRACION COOPERATIVA SEVILLA E.S.P. LA CUCHILLA EL JARDIN;RIESGO MEDIO;MEDIO;539;;QUEBRADA LA RAQUELITA;20.5;FAVORABLE CON REQUERIMIENTOS;2026-04-08;COD_DANE_UNICO;CRUCE_OK;GEORREFERENCIADA;;787;INSTITUCION EDUCATIVA JORGE ELIECER GAITAN;SANTA CATALINA;ACTIVA;OFICIAL;COMPLETA;EDUCACIÓN BÁSICA PRIMARIA;VDA EL JARDIN;-75.92145937;4.374215231;-75.92145937;4.374215231;;;SEDESUESVALLE;COORDENADA_ORIGINAL_SEDESUESVALLE;1;8;;;;;;COINCIDENCIA_NOMBRE_FUERTE_CON_POSIBLE_EMPATE;0.98;PREVENTIVO;Medio;SIN_BRECHAS;NO;ALTA;36.05;MEDIA;Mantener seguimiento preventivo dentro de la programación regular.;2.1;BAJA
332;276248000363;EL CERRITO;I.E. SANTA ELENA SEDE PRINCIPAL;RURAL;CALLE 6 # 3  - 71;PRINCIPAL;3182854028;409;409;0;0;ESCUELAS_IRCAS;DATO_PRINCIPAL_ESCUELAS_IRCAS;NO;SI;ACUAVALLE S.A ESP;SIN RIESGO;SIN RIESGO;37;PLANTA ACUAVALLE S.A ESP;QUEBRADA LA REINA;4.2;FAVORABLE;2026-01-30;MUNICIPIO+NOMBRE_EXACTO;CRUCE_RECUPERADO;SIN_COORDENADAS;;349;;;;;;;;;;;;;;SIN_COORDENADA;SIN_COORDENADA;0;0;;;;;;SIN_COINCIDENCIA_FUERTE;0.795;RUTINARIO;Sin riesgo y bajo;SIN_COORDENADA;SI;MEDIA;22.53;BAJA;Priorizar georreferenciación de la sede educativa.;0.0;BAJA
333;276248000380;EL CERRITO;I.E. SANTA ELENA SEDE RAFAEL URIBE URIBE;RURAL;VEREDA ZABALETAS;RAFAEL URIBE URIBE;3152441111;42;42;42;16;ESCUELAS_IRCAS;DATO_PRINCIPAL_ESCUELAS_IRCAS;NO;SI;ACUAVALLE S.A ESP;SIN RIESGO;SIN RIESGO;37;PLANTA ACUAVALLE S.A ESP;QUEBRADA LA REINA;4.2;FAVORABLE;2026-01-30;COD_DANE_UNICO;CRUCE_OK;GEORREFERENCIADA;;353;INSTITUCION EDUCATIVA SANTA ELENA;RAFAEL URIBE URIBE;ACTIVA;OFICIAL;COMPLETA;EDUCACIÓN BÁSICA PRIMARIA;VDA ZABALETAS;-76.2533374;3.672383238;-76.2533374;3.672383238;-76.25;3.67;SEDESUESVALLE;COORDENADA_ORIGINAL_SEDESUESVALLE;1;42;2.019;IE SANTA ELENA;RAFAEL URIBE URIBE;RURAL;VDA ZABALETAS;COINCIDENCIA_NOMBRE_FUERTE;0.93;RUTINARIO;Sin riesgo y bajo;SIN_BRECHAS;NO;ALTA;14.41;BAJA;Mantener seguimiento rutinario con control territorial rural.;0.0;BAJA
334;276248000304;EL CERRITO;I.E. SANTA ELENA SEDE GREGORIA BENAVIDES;RURAL;CARRERA 4 CALLE 5 ESQUINA;GREGORIA BENAVIDES;3182854028;160;160;160;0;ESCUELAS_IRCAS;DATO_PRINCIPAL_ESCUELAS_IRCAS;NO;SI;ACUAVALLE S.A ESP;SIN RIESGO;SIN RIESGO;37;PLANTA ACUAVALLE S.A ESP;QUEBRADA LA REINA;4.2;FAVORABLE;2026-01-30;COD_DANE_UNICO;CRUCE_OK;GEORREFERENCIADA;;365;INSTITUCION EDUCATIVA SANTA ELENA;CENTRO DOCENTE NO 9 GREGORIA BENAVIDES;ACTIVA;OFICIAL;COMPLETA;EDUCACIÓN MEDIA;CORREG SANTA ELENA;-76.24738874;3.662746421;-76.24738874;3.662746421;;;SEDESUESVALLE;COORDENADA_ORIGINAL_SEDESUESVALLE;1;160;;;;;;SIN_COINCIDENCIA_FUERTE;0.796;RUTINARIO;Sin riesgo y bajo;SIN_BRECHAS;NO;ALTA;17.99;BAJA;Mantener seguimiento rutinario con control territorial rural.;0.0;BAJA
335;276248000061;EL CERRITO;I.E. JORGE ISAACS EL PLACER SEDE FRANCISCO DE PAULA SANTANDER;RURAL;CARRERA 2 CALLE 6 ESQUINA;FRANCISCO DE PAULA SANTANDER;3225133496 - 6022867018;171;171;171;0;ESCUELAS_IRCAS;DATO_PRINCIPAL_ESCUELAS_IRCAS;NO;SI;ACUAVALLE S.A ESP;SIN RIESGO;SIN RIESGO;37;PLANTA ACUAVALLE S.A ESP;QUEBRADA LA REINA;4.2;FAVORABLE;2026-01-30;COD_DANE_UNICO;CRUCE_OK;GEORREFERENCIADA;;372;INSTITUCION EDUCATIVA JORGE  ISAACS DE EL PLACER;FRANCISCO DE PAULA SANTANDER;ACTIVA;OFICIAL;COMPLETA;EDUCACIÓN BÁSICA PRIMARIA;CL 7 # 4-81 CORREG EL PLACER;-76.3059504415;3.68406956256;-76.3059504415;3.68406956256;;;SEDESUESVALLE;COORDENADA_ORIGINAL_SEDESUESVALLE;1;171;;;;;;COINCIDENCIA_NOMBRE_FUERTE_CON_POSIBLE_EMPATE;0.939;RUTINARIO;Sin riesgo y bajo;SIN_BRECHAS;NO;ALTA;18.17;BAJA;Mantener seguimiento rutinario con control territorial rural.;0.0;BAJA
336;176248000024;EL CERRITO;I.E. SANTA ELENA SEDE JORGE ISAACS;RURAL;CARRERA 4 # 3  - 32;JORGE ISAACS;3182854028;717;717;717;0;ESCUELAS_IRCAS;DATO_PRINCIPAL_ESCUELAS_IRCAS;NO;SI;ACUAVALLE S.A ESP;SIN RIESGO;SIN RIESGO;37;PLANTA ACUAVALLE S.A ESP;QUEBRADA LA REINA;4.2;FAVORABLE;2026-01-30;COD_DANE_DUPLICADO+NOMBRE_EXACTO;CRUCE_OK_CONTROLADO;GEORREFERENCIADA;;379;INSTITUCION EDUCATIVA JORGE  ISAACS;JORGE ISAACS;ACTIVA;OFICIAL;UNICA;EDUCACIÓN MEDIA;CRA 7 #8-29 BRR/EL ROSARIO;-76.274067;3.61544;-76.274067;3.61544;;;SEDESUESVALLE;COORDENADA_ORIGINAL_SEDESUESVALLE;1;717;;;;;;COINCIDENCIA_NOMBRE_FUERTE_CON_POSIBLE_EMPATE;0.93;RUTINARIO;Sin riesgo y bajo;SIN_BRECHAS;NO;ALTA;22.05;BAJA;Mantener seguimiento rutinario con control territorial rural.;0.0;BAJA
337;276100000194;BOLIVAR;ESCUELA ROSA ZARATE DE PEÑA N. 22;RURAL;VDA PUNTA LARGA;;3133828182;7;7;3;8;ESCUELAS_IRCAS;DATO_PRINCIPAL_ESCUELAS_IRCAS;NO;SI;"ASOCIACION DEL SERVICIO COMUNITARIO DEL AGUA VEREDA PUNTA LARGA - ACUASALUD ""PUNTA LARGA""";RIESGO MEDIO;MEDIO;235;ACUEDUCTO RURAL;QUEBRADA LA RIVERA;21.5;DESFAVORABLE;2025-05-20;COD_DANE_UNICO;CRUCE_OK;GEORREFERENCIADA;;136;INSTITUCION EDUCATIVA PRIMAVERA;ROSA ZARATE DE PEÑA;ACTIVA;OFICIAL;MAÑANA;EDUCACIÓN BÁSICA PRIMARIA;VDA PUNTA LARGA;-76.29106133;4.333474955;-76.29106133;4.333474955;-76.29;4.33;SEDESUESVALLE;COORDENADA_ORIGINAL_SEDESUESVALLE;1;3;2.019;IE PRIMAVERA;ROSA ZARATE DE PEÑA;RURAL;VDA PUNTA LARGA;COINCIDENCIA_NOMBRE_FUERTE;0.93;PREVENTIVO;Medio;SIN_BRECHAS;NO;ALTA;39.64;MEDIA;Mantener seguimiento preventivo dentro de la programación regular.;2.17;BAJA
338;276041000088;ANSERMANUEVO;I.E JORGE ISAACS SEDE CARTAGENA DE INDIAS;RURAL;VEREDA LA CABAÑA;CARTAGENA DE INDIAS;3134215430;15;15;15;0;ESCUELAS_IRCAS;DATO_PRINCIPAL_ESCUELAS_IRCAS;NO;SI;ASOCIACION GESTORA COMUNITARIA DEL AGUA DEL CORREGIMIENTO LA CABAÑA;INVIABLE SANITARIAMENTE;INVIABLE SANITARIAMENTE;2147;ACUEDUCTO RURAL;QUEBRADA LA RIVERA;19/30;FAVORABLE CON REQUERIMIENTOS;2026-03-06;COD_DANE_UNICO;CRUCE_OK;GEORREFERENCIADA;;40;INSTITUCION EDUCATIVA JORGE ISAACS;CARTAGENA DE INDIAS;ACTIVA;OFICIAL;ESPECIAL;EDUCACIÓN MEDIA;IP LA CABAÑA;-75.92617614;4.846918436;-75.92617614;4.846918436;;;SEDESUESVALLE;COORDENADA_ORIGINAL_SEDESUESVALLE;1;15;;;;;;COINCIDENCIA_NOMBRE_FUERTE_CON_POSIBLE_EMPATE;0.93;PRIORITARIO;Alto e inviable;SIN_BRECHAS;NO;ALTA;70.33;ALTA;Priorizar revisión técnica, validación en campo y articulación con sector educativo.;5.06;MEDIA
339;276736000313;SEVILLA;I.E SANTA TERESITA SEDE COLOMBIA;RURAL;VDA COLORADAS;COLOMBIA;3136727127;13;13;11;0;ESCUELAS_IRCAS;DATO_PRINCIPAL_ESCUELAS_IRCAS;NO;SI;ACUEDUCTO AGUACOLORADAS;INVIABLE SANITARIAMENTE;INVIABLE SANITARIAMENTE;2082;;QUEBRADA LA SARA Y LA ELVIRA;19.5;FAVORABLE CON REQUERIMIENTOS;2026-03-19;COD_DANE_UNICO;CRUCE_OK;GEORREFERENCIADA;;790;INSTITUCION EDUCATIVA SANTA TERESITA;COLOMBIA;ACTIVA;OFICIAL;ESPECIAL;EDUCACIÓN BÁSICA SECUNDARIA;CORREG COLORADAS;-75.957447;4.205502;-75.957447;4.205502;;;SEDESUESVALLE;COORDENADA_ORIGINAL_SEDESUESVALLE;1;11;;;;;;COINCIDENCIA_NOMBRE_FUERTE_CON_POSIBLE_EMPATE;0.93;PRIORITARIO;Alto e inviable;SIN_BRECHAS;NO;ALTA;69.96;ALTA;Priorizar revisión técnica, validación en campo y articulación con sector educativo.;4.81;MEDIA
340;276736001425;SEVILLA;I.E. SANTA TERESITA SEDE GENERAL SANTANDER;RURAL;VEREDA ALTO COLORADAS;GENERAL SANTANDER;3136727127;30;30;39;0;ESCUELAS_IRCAS;DATO_PRINCIPAL_ESCUELAS_IRCAS;NO;SI;ACUEDUCTO AGUACOLORADAS;INVIABLE SANITARIAMENTE;INVIABLE SANITARIAMENTE;2082;;QUEBRADA LA SARA Y LA ELVIRA;20.5;FAVORABLE CON REQUERIMIENTOS;2026-03-19;COD_DANE_DUPLICADO+NOMBRE_EXACTO;CRUCE_OK_CONTROLADO;GEORREFERENCIADA;;791;INSTITUCION EDUCATIVA SANTA BARBARA;GENERAL SANTANDER SATELITE QUEBRADA NUEVA;ACTIVA;OFICIAL;ESPECIAL;EDUCACIÓN MEDIA;CORREG QUEBRADA NUEVA;-75.950575;4.371583;-75.950575;4.371583;;;SEDESUESVALLE;COORDENADA_ORIGINAL_SEDESUESVALLE;1;39;;;;;;COINCIDENCIA_NOMBRE_FUERTE_CON_POSIBLE_EMPATE;0.93;PRIORITARIO;Alto e inviable;SIN_BRECHAS;NO;ALTA;72.12;ALTA;Priorizar revisión técnica, validación en campo y articulación con sector educativo.;6.26;ALTA
341;276736000305;SEVILLA;IE SANTA TERESITA SEDE MERCEDES ABREGO;RURAL;VEREDAS COLORADAS BAJO;MERCEDES ABREGO;3136727127;10;10;10;0;ESCUELAS_IRCAS;DATO_PRINCIPAL_ESCUELAS_IRCAS;NO;SI;ACUEDUCTO AGUACOLORADAS;INVIABLE SANITARIAMENTE;INVIABLE SANITARIAMENTE;2082;;QUEBRADA LA SARA Y LA ELVIRA;19.5;FAVORABLE CON REQUERIMIENTOS;2026-03-20;COD_DANE_UNICO;CRUCE_OK;GEORREFERENCIADA;;792;INSTITUCION EDUCATIVA SANTA TERESITA;MERCEDES ABREGO;ACTIVA;OFICIAL;ESPECIAL;EDUCACIÓN BÁSICA PRIMARIA;VDA BAJO COLORADO;-75.94548756;4.234145801;-75.94548756;4.234145801;;;SEDESUESVALLE;COORDENADA_ORIGINAL_SEDESUESVALLE;1;10;;;;;;COINCIDENCIA_NOMBRE_FUERTE_CON_POSIBLE_EMPATE;0.98;PRIORITARIO;Alto e inviable;SIN_BRECHAS;NO;ALTA;69.31;ALTA;Priorizar revisión técnica, validación en campo y articulación con sector educativo.;4.37;MEDIA
342;276863000071;VERSALLES;I.E LA INMACULADA SEDE SAN JUAN BAUTISTA DE LA SALLE;RURAL;VEREDA PUENTE TIERRA;SAN JUAN BAUTISTA DE LA SALLE;3104627661;10;10;10;0;ESCUELAS_IRCAS;DATO_PRINCIPAL_ESCUELAS_IRCAS;NO;SI;ASOCIACIÓN COMUNITARIA ADMINISTRADORA DEL ACUEDUCTO DE PUENTE TIERRA- ASOCOAPT;INVIABLE SANITARIAMENTE;INVIABLE SANITARIAMENTE;1275;ACUEDUCTO RURAL;QUEBRADA LA SECRETA;26/30;FAVORABLE CON REQUERIMIENTOS;2025-11-25;COD_DANE_UNICO;CRUCE_OK;GEORREFERENCIADA;;874;INSTITUCION EDUCATIVA LA INMACULADA;SAN JUAN BAUTISTA DE LA SALLE;ACTIVA;OFICIAL;COMPLETA;EDUCACIÓN MEDIA;CALLE 72H1 NO. 25C - 04;-76.18343903;4.618856075;-76.18343903;4.618856075;;;SEDESUESVALLE;COORDENADA_ORIGINAL_SEDESUESVALLE;1;10;;;;;;COINCIDENCIA_NOMBRE_FUERTE_CON_POSIBLE_EMPATE;0.939;PRIORITARIO;Alto e inviable;SIN_BRECHAS;NO;ALTA;69.31;ALTA;Priorizar revisión técnica, validación en campo y articulación con sector educativo.;4.37;MEDIA
343;276243000403;EL AGUILA;I.E SANTA MARTA SEDE SAGRADO CORAZON DE JESUS;RURAL;VEREDA ALBANIA;SAGRADO CORAZON DE JESUS;3177312770;20;20;13;19;ESCUELAS_IRCAS;DATO_PRINCIPAL_ESCUELAS_IRCAS;NO;SI;ASOCIACION DE USUARIOS ACUEDUCTO LA ALBANIA;RIESGO ALTO;ALTO;904;ACUEDUCTO RURAL;QUEBRADA LA SIERRA;30/30;FAVORABLE;2025-11-07;COD_DANE_UNICO;CRUCE_OK;GEORREFERENCIADA;;310;INSTITUCION EDUCATIVA SANTA MARTA;SAGRADO CORAZON DE JESUS;ACTIVA;OFICIAL;MAÑANA;EDUCACIÓN BÁSICA PRIMARIA;CAS LA ALBANIA;-76.09802318;4.870784059;-76.09802318;4.870784059;-76.1;4.87;SEDESUESVALLE;COORDENADA_ORIGINAL_SEDESUESVALLE;1;13;2.019;IE SANTA MARTA;SAGRADO CORAZON DE JESUS;RURAL;VDA LA ALBANIA;COINCIDENCIA_NOMBRE_FUERTE;0.93;PRIORITARIO;Alto e inviable;SIN_BRECHAS;NO;ALTA;53.71;MEDIA;Programar seguimiento operativo y verificar condiciones del sistema abastecedor.;3.97;BAJA
344;276054000079;ARGELIA;I.E SANTIAGO GUTIERREZ ANGEL SEDE SEBASTIAN DE BELARCAZAR;RURAL;VEREDA LA TEBAIDA;SEBASTIAN DE BELARCAZAR;3177330873;9;9;9;0;ESCUELAS_IRCAS;DATO_PRINCIPAL_ESCUELAS_IRCAS;NO;SI;ASOCIACIÓN DE USUARIOS DEL ACUEDUCTO LA PALMA;INVIABLE SANITARIAMENTE;INVIABLE SANITARIAMENTE;3508;ACUEDUCTO RURAL;QUEBRADA LA SIERRA;21.5/30;FAVORABLE CON REQUERIMIENTOS;2026-02-12;COD_DANE_UNICO;CRUCE_OK;GEORREFERENCIADA;;72;INSTITUCION EDUCATIVA SANTIAGO GUTIERREZ ANGEL;SEBASTIAN DE BELALCAZAR;ACTIVA;OFICIAL;COMPLETA;EDUCACIÓN BÁSICA PRIMARIA;VDA LA TEBAIDA;-76.1469223774;4.69850280206;-76.1469223774;4.69850280206;;;SEDESUESVALLE;COORDENADA_ORIGINAL_SEDESUESVALLE;1;9;;;;;;COINCIDENCIA_NOMBRE_FUERTE_CON_POSIBLE_EMPATE;0.93;PRIORITARIO;Alto e inviable;SIN_BRECHAS;NO;ALTA;69.05;ALTA;Priorizar revisión técnica, validación en campo y articulación con sector educativo.;4.2;MEDIA
345;276054000087;ARGELIA;I.E SANTIAGO GUTIERREZ ANGEL SEDE JUAN HURTADO;RURAL;VEREDA LA PALMA;JUAN HURTADO;3117383107;6;6;6;0;ESCUELAS_IRCAS;DATO_PRINCIPAL_ESCUELAS_IRCAS;NO;SI;ASOCIACIÓN DE USUARIOS DEL ACUEDUCTO LA PALMA;INVIABLE SANITARIAMENTE;INVIABLE SANITARIAMENTE;3508;ACUEDUCTO RURAL;QUEBRADA LA SIERRA;25.5/30;FAVORABLE CON REQUERIMIENTOS;2026-01-30;COD_DANE_UNICO;CRUCE_OK;GEORREFERENCIADA;;73;INSTITUCION EDUCATIVA SANTIAGO GUTIERREZ ANGEL;JUAN HURTADO;ACTIVA;OFICIAL;COMPLETA;EDUCACIÓN BÁSICA PRIMARIA;IP LA PALMA;-76.1326865172;4.70441929239;-76.1326865172;4.70441929239;;;SEDESUESVALLE;COORDENADA_ORIGINAL_SEDESUESVALLE;1;6;;;;;;COINCIDENCIA_NOMBRE_FUERTE_CON_POSIBLE_EMPATE;0.93;PRIORITARIO;Alto e inviable;SIN_BRECHAS;NO;ALTA;68.08;ALTA;Priorizar revisión técnica, validación en campo y articulación con sector educativo.;3.55;BAJA
346;276054000095;ARGELIA;I.E SANTIAGO GUTIERREZ ANGEL SEDE DOLORES SALAZAR LOPEZ;RURAL;VEREDA LA BELLA;DOLORES SALAZAR LOPEZ;3105955622;10;10;10;0;ESCUELAS_IRCAS;DATO_PRINCIPAL_ESCUELAS_IRCAS;NO;SI;ASOCIACIÓN DE USUARIOS DEL ACUEDUCTO LA PALMA;INVIABLE SANITARIAMENTE;INVIABLE SANITARIAMENTE;3508;ACUEDUCTO RURAL;QUEBRADA LA SIERRA;21.5/30;FAVORABLE CON REQUERIMIENTOS;2026-02-25;COD_DANE_UNICO;CRUCE_OK;GEORREFERENCIADA;;74;INSTITUCION EDUCATIVA SANTIAGO GUTIERREZ ANGEL;DOLORES SALAZAR DE LOPEZ;ACTIVA;OFICIAL;COMPLETA;EDUCACIÓN BÁSICA PRIMARIA;VDA LA BELLA;-76.1169187189;4.70834957941;-76.1169187189;4.70834957941;;;SEDESUESVALLE;COORDENADA_ORIGINAL_SEDESUESVALLE;1;10;;;;;;COINCIDENCIA_NOMBRE_FUERTE_CON_POSIBLE_EMPATE;0.93;PRIORITARIO;Alto e inviable;SIN_BRECHAS;NO;ALTA;69.31;ALTA;Priorizar revisión técnica, validación en campo y articulación con sector educativo.;4.37;MEDIA
347;276054000117;ARGELIA;I.E SANTIAGO GUTIERREZ ANGEL SEDE LIGIA RAMIREZ HOYOS;RURAL;VEREDA CALENTADEROS;LIGIA RAMIREZ HOYOS;3105243343;6;6;6;0;ESCUELAS_IRCAS;DATO_PRINCIPAL_ESCUELAS_IRCAS;NO;SI;ASOCIACIÓN DE USUARIOS DEL ACUEDUCTO LA PALMA;INVIABLE SANITARIAMENTE;INVIABLE SANITARIAMENTE;3508;FILTRO EKOFIL;QUEBRADA LA SIERRA;24.5/30;FAVORABLE CON REQUERIMIENTOS;2026-01-30;COD_DANE_UNICO;CRUCE_OK;GEORREFERENCIADA;;75;INSTITUCION EDUCATIVA SANTIAGO GUTIERREZ ANGEL;LIGIA RAMIREZ HOYOS;ACTIVA;OFICIAL;COMPLETA;EDUCACIÓN BÁSICA PRIMARIA;VDA CALENTADEROS;-76.1430898883;4.71712554071;-76.1430898883;4.71712554071;;;SEDESUESVALLE;COORDENADA_ORIGINAL_SEDESUESVALLE;1;6;;;;;;COINCIDENCIA_NOMBRE_FUERTE_CON_POSIBLE_EMPATE;0.94;PRIORITARIO;Alto e inviable;SIN_BRECHAS;NO;ALTA;68.08;ALTA;Priorizar revisión técnica, validación en campo y articulación con sector educativo.;3.55;BAJA
348;276243000179;EL AGUILA;I.E SANTA MARTA SEDE ALBERTINA HOYOS DE OSORIO;RURAL;VEREDA EL PITAL;ALBERTINA HOYOS DE OSORIO;3126716038;5;5;6;12;ESCUELAS_IRCAS;DATO_PRINCIPAL_ESCUELAS_IRCAS;NO;SI;ASOCIACION DE USUARIOS DE ACUEDUCTO EL PITAL;SD;SIN DATO;No Registra;ACUEDUCTO RURAL;QUEBRADA LA SIERRA;25/30;FAVORABLE CON REQUERIMIENTOS;2026-02-05;COD_DANE_UNICO;CRUCE_OK;GEORREFERENCIADA;;316;INSTITUCION EDUCATIVA SANTA MARTA;ALBERTINA HOYOS DE OSORIO;ACTIVA;OFICIAL;MAÑANA;EDUCACIÓN BÁSICA PRIMARIA;VDA EL PITAL;-76.07390585;4.852882829;-76.07390585;4.852882829;-76.07;4.85;SEDESUESVALLE;COORDENADA_ORIGINAL_SEDESUESVALLE;1;6;2.019;IE SANTA MARTA;ALBERTINA HOYOS DE OSORIO;RURAL;VDA EL PITAL;COINCIDENCIA_NOMBRE_FUERTE;0.93;BRECHA INFORMACION;Sin dato / información incompleta;SIN_DATO_IRCA;SI;BAJA;33.56;BAJA;Gestionar actualización de la clasificación IRCA del sistema asociado.;0.41;BAJA
349;276823000249;TORO;I.E TECNICA AGROPECUARIA SEDE JOSE MARIA CORDOBA;RURAL;VEREDA LA QUIEBRA;JOSE MARIA CORDOBA;2155617;31;31;31;36;ESCUELAS_IRCAS;DATO_PRINCIPAL_ESCUELAS_IRCAS;NO;SI;ACUEDUCTO RURAL VEREDA LA QUIEBRA;INVIABLE SANITARIAMENTE;INVIABLE SANITARIAMENTE;2191;ACUEDUCTO RURAL;QUEBRADA LA SIERRA - QUEBRADA LA ESPERANZA;21.5/30;FAVORABLE CON REQUERIMIENTOS;2025-11-06;COD_DANE_UNICO;CRUCE_OK;GEORREFERENCIADA;;817;INSTITUCION EDUCATIVA  TECNICA AGROPECUARIA TORO;JOSE MARIA CORDOBA;ACTIVA;OFICIAL;MAÑANA;EDUCACIÓN BÁSICA SECUNDARIA;VDA LA QUIEBRA;-76.11417009;4.630353906;-76.11417009;4.630353906;-76.11;4.63;SEDESUESVALLE;COORDENADA_ORIGINAL_SEDESUESVALLE;1;31;2.019;IE  TECNICA AGROPECUARIA TORO;JOSE MARIA CORDOBA;RURAL;VEREDA LA QUIEBRA;COINCIDENCIA_NOMBRE_FUERTE;0.93;PRIORITARIO;Alto e inviable;SIN_BRECHAS;NO;ALTA;72.21;ALTA;Priorizar revisión técnica, validación en campo y articulación con sector educativo.;6.32;ALTA
350;276828000239;TRUJILLO;CENTRO EDUCATIVO CENT DOC N. 23 SIMON BOLIVAR;RURAL;VEREDA LA BOHEMIA;;6022267368;9;9;5;11;ESCUELAS_IRCAS;DATO_PRINCIPAL_ESCUELAS_IRCAS;NO;SI;ASOCIACION DE USUARIOS ACUEDUCTO COLECTIVO RURAL CHOCHO LA BOHEMIA;INVIABLE SANITARIAMENTE;INVIABLE SANITARIAMENTE;230;ACUEDUCTO RURAL;QUEBRADA LA SINA;25.5;FAVORABLE CON REQUERIMIENTOS;2025-06-12;COD_DANE_UNICO;CRUCE_OK;GEORREFERENCIADA;;851;INSTITUCION EDUCATIVA MANUEL MARIA MALLARINO;SIMÓN BOLIVAR;ACTIVA;OFICIAL;MAÑANA;EDUCACIÓN BÁSICA PRIMARIA;CORREG BOHEMIA;-76.28162918;4.240664727;-76.28162918;4.240664727;-76.28;4.24;SEDESUESVALLE;COORDENADA_ORIGINAL_SEDESUESVALLE;1;5;2.019;IE MANUEL MARIA MALLARINO;SIMÓN BOLIVAR;RURAL;VDA LA  BOHEMIA;COINCIDENCIA_NOMBRE_FUERTE;0.93;PRIORITARIO;Alto e inviable;SIN_BRECHAS;NO;ALTA;69.05;ALTA;Priorizar revisión técnica, validación en campo y articulación con sector educativo.;4.2;MEDIA
351;;EL AGUILA;I.E EL AGUILA SEDE FRANCISCO JOSE DE CALDAS;RURAL;CORREGIMIENTO SANTA ELENA;FRANCISCO JOSE DE CALDAS;No Registra;29;29;0;21;ESCUELAS_IRCAS;DATO_PRINCIPAL_ESCUELAS_IRCAS;NO;SI;ACUEDUCTO RURAL VEREDA SANTA ELENA BAJA;INVIABLE SANITARIAMENTE;INVIABLE SANITARIAMENTE;21217;FILTRO;QUEBRADA LA SIRENA;23/30;FAVORABLE CON REQUERIMIENTOS;2025-11-05;MUNICIPIO+NOMBRE_EXACTO;CRUCE_RECUPERADO;GEORREFERENCIADA;;302;;;;;;;;-76.06;4.93;;;-76.06;4.93;MEN_SEDES;COMPLEMENTADA_CON_MEN;0;0;2.019;IE EL AGUILA;FRANCISCO JOSE DE CALDAS;RURAL;VDA SANTA ELENA;COINCIDENCIA_NOMBRE_FUERTE;0.93;PRIORITARIO;Alto e inviable;SIN_BRECHAS;NO;ALTA;72.03;ALTA;Priorizar revisión técnica, validación en campo y articulación con sector educativo.;6.2;ALTA
352;276054000192;ARGELIA;I.E SANTIAGO GUTIERREZ ANGEL ICSGA SEDE PIO XII;RURAL;VEREDA LA PAZ;PIO XII;3136180267;11;11;11;0;ESCUELAS_IRCAS;DATO_PRINCIPAL_ESCUELAS_IRCAS;NO;SI;ADMINISTRACIÓN COOPERATIVA SAN ROQUE SISTEMA #1- LA SOLEDAD LA PAZ - LA PRIMAVERA - TARRITOS;SIN RIESGO;SIN RIESGO;1027;ACUEDUCTO RURAL;QUEBRADA LA SOLEDAD;22.5/30;FAVORABLE CON REQUERIMIENTOS;2026-03-06;COD_DANE_UNICO;CRUCE_OK;GEORREFERENCIADA;;78;INSTITUCION EDUCATIVA SANTIAGO GUTIERREZ ANGEL;PIO XII;ACTIVA;OFICIAL;COMPLETA;EDUCACIÓN BÁSICA PRIMARIA;IP LA PAZ;-76.1616111017;4.70629811194;-76.1616111017;4.70629811194;;;SEDESUESVALLE;COORDENADA_ORIGINAL_SEDESUESVALLE;1;11;;;;;;COINCIDENCIA_NOMBRE_FUERTE_CON_POSIBLE_EMPATE;0.93;RUTINARIO;Sin riesgo y bajo;SIN_BRECHAS;NO;ALTA;14.54;BAJA;Mantener seguimiento rutinario con control territorial rural.;0.0;BAJA
353;276054000389;ARGELIA;I.E SANTIAGO GUTIERREZ ANGEL SEDE FRANCISCO JOSE DE CALDAS;RURAL;VEREDA LA SOLEDAD;FRANCISCO JOSE DE CALDAS;3217268994;3;3;3;0;ESCUELAS_IRCAS;DATO_PRINCIPAL_ESCUELAS_IRCAS;NO;SI;ADMINISTRACIÓN COOPERATIVA SAN ROQUE SISTEMA #1- LA SOLEDAD LA PAZ - LA PRIMAVERA - TARRITOS;SIN RIESGO;SIN RIESGO;1027;ACUEDUCTO RURAL;QUEBRADA LA SOLEDAD;21.5/30;FAVORABLE CON REQUERIMIENTOS;2026-02-12;COD_DANE_UNICO;CRUCE_OK;GEORREFERENCIADA;;82;INSTITUCION EDUCATIVA SANTIAGO GUTIERREZ ANGEL;FRANCISCO JOSE DE CALDAS;ACTIVA;OFICIAL;COMPLETA;EDUCACIÓN BÁSICA PRIMARIA;VDA LA SOLEDAD;-76.130260647;4.6850048714;-76.130260647;4.6850048714;;;SEDESUESVALLE;COORDENADA_ORIGINAL_SEDESUESVALLE;1;3;;;;;;COINCIDENCIA_NOMBRE_FUERTE_CON_POSIBLE_EMPATE;0.945;RUTINARIO;Sin riesgo y bajo;SIN_BRECHAS;NO;ALTA;11.56;BAJA;Mantener seguimiento rutinario con control territorial rural.;0.0;BAJA
354;276054000184;ARGELIA;IE SANTIAGO GUTIERREZ ANGEL SEDE EL CARMEN;RURAL;VEREDA TARRITOS;EL CARMEN;3122690142;12;12;12;0;ESCUELAS_IRCAS;DATO_PRINCIPAL_ESCUELAS_IRCAS;NO;SI;ADMINISTRACIÓN COOPERATIVA SAN ROQUE SISTEMA #1- LA SOLEDAD LA PAZ - LA PRIMAVERA - TARRITOS;SIN RIESGO;SIN RIESGO;1027;FILTRO EKOFIL;QUEBRADA LA SOLEDAD;25.5/30;FAVORABLE CON REQUERIMIENTOS;2025-11-11;COD_DANE_UNICO;CRUCE_OK;GEORREFERENCIADA;;77;INSTITUCION EDUCATIVA SANTIAGO GUTIERREZ ANGEL;EL CARMEN;ACTIVA;OFICIAL;COMPLETA;EDUCACIÓN BÁSICA PRIMARIA;VDA ELEGRIAS;-76.1750570687;4.69232859823;-76.1750570687;4.69232859823;;;SEDESUESVALLE;COORDENADA_ORIGINAL_SEDESUESVALLE;1;12;;;;;;COINCIDENCIA_NOMBRE_FUERTE_CON_POSIBLE_EMPATE;0.98;RUTINARIO;Sin riesgo y bajo;SIN_BRECHAS;NO;ALTA;14.76;BAJA;Mantener seguimiento rutinario con control territorial rural.;0.0;BAJA
355;276243000250;EL AGUILA;I.E SANTA MARTA SEDE BOYACA;RURAL;VEREDA EL EMBAL;BOYACA;3146753421;19;19;16;32;ESCUELAS_IRCAS;DATO_PRINCIPAL_ESCUELAS_IRCAS;NO;SI;JUNTA ADMINISTRADORA ACUEDUCTO EL EMBAL;SD;SIN DATO;8179;ACUEDUCTO RURAL;QUEBRADA LA SONADORA;30/30;FAVORABLE;2026-02-05;COD_DANE_UNICO;CRUCE_OK;GEORREFERENCIADA;;312;INSTITUCION EDUCATIVA SANTA MARTA;BOYACA;ACTIVA;OFICIAL;MAÑANA;EDUCACIÓN MEDIA;IP EL EMBAL;-76.11216957;4.844564431;-76.11216957;4.844564431;-76.11;4.84;SEDESUESVALLE;COORDENADA_ORIGINAL_SEDESUESVALLE;1;16;2.019;IE SANTA MARTA;BOYACA;RURAL;CORREG EL EMBAL;COINCIDENCIA_NOMBRE_FUERTE;0.93;BRECHA INFORMACION;Sin dato / información incompleta;SIN_DATO_IRCA;SI;BAJA;33.23;BAJA;Gestionar actualización de la clasificación IRCA del sistema asociado.;0.65;BAJA
356;276041001106;ANSERMANUEVO;I.E EL PLACER SEDE RICARDO NIETO;RURAL;CORREGIMIENTO LA DIAMANTINA;RICARDO NIETO;3148915888;9;9;9;0;ESCUELAS_IRCAS;DATO_PRINCIPAL_ESCUELAS_IRCAS;NO;SI;ASOCIACIÓN DE USUARIOS DEL ACUEDUCTOS DEL ROBLE SISTEMA # 1 SAN AGUSTIN;INVIABLE SANITARIAMENTE;INVIABLE SANITARIAMENTE;2154;ACUEDUCTO RURAL;QUEBRADA LA SONADORA;24/30;FAVORABLE CON REQUERIMIENTOS;2025-11-11;COD_DANE_UNICO;CRUCE_OK;GEORREFERENCIADA;;56;INSTITUCION EDUCATIVA  EL PLACER;RICARDO NIETO;ACTIVA;OFICIAL;FIN DE SEMANA;EDUCACIÓN MEDIA;VDA LA DIAMANTINA;-76.08145596;4.755404366;-76.08145596;4.755404366;;;SEDESUESVALLE;COORDENADA_ORIGINAL_SEDESUESVALLE;1;9;;;;;;COINCIDENCIA_NOMBRE_FUERTE_CON_POSIBLE_EMPATE;0.93;PRIORITARIO;Alto e inviable;SIN_BRECHAS;NO;ALTA;69.05;ALTA;Priorizar revisión técnica, validación en campo y articulación con sector educativo.;4.2;MEDIA
357;276041000401;ANSERMANUEVO;I.E EL PLACER SEDE JUAN XXIII;RURAL;VEREDA LUCITANIA;JUAN XXIII;3174870958;7;7;7;0;ESCUELAS_IRCAS;DATO_PRINCIPAL_ESCUELAS_IRCAS;NO;SI;ASOCIACIÓN DE USUARIOS DEL ACUEDUCTOS DEL ROBLE SISTEMA # 1 SAN AGUSTIN;INVIABLE SANITARIAMENTE;INVIABLE SANITARIAMENTE;2154;ACUEDUCTO RURAL;QUEBRADA LA SONADORA;21/30;FAVORABLE CON REQUERIMIENTOS;2025-11-11;COD_DANE_UNICO;CRUCE_OK;GEORREFERENCIADA;;57;INSTITUCION EDUCATIVA  EL PLACER;JUAN XXIII;ACTIVA;OFICIAL;COMPLETA;EDUCACIÓN MEDIA;IP LUSITANIA;-76.04036267;4.779317949;-76.04036267;4.779317949;;;SEDESUESVALLE;COORDENADA_ORIGINAL_SEDESUESVALLE;1;7;;;;;;COINCIDENCIA_NOMBRE_FUERTE_CON_POSIBLE_EMPATE;0.93;PRIORITARIO;Alto e inviable;SIN_BRECHAS;NO;ALTA;68.44;ALTA;Priorizar revisión técnica, validación en campo y articulación con sector educativo.;3.79;BAJA
358;276041000045;ANSERMANUEVO;I.E PLACER SEDE GENERAL SANTANDER;RURAL;CORREGIMIENTO SAN AGUSTIN;GENERAL SANTANDER;3127952477;7;7;7;9;ESCUELAS_IRCAS;DATO_PRINCIPAL_ESCUELAS_IRCAS;NO;SI;ASOCIACIÓN DE USUARIOS DEL ACUEDUCTOS DEL ROBLE SISTEMA # 1 SAN AGUSTIN;INVIABLE SANITARIAMENTE;INVIABLE SANITARIAMENTE;2154;ACUEDUCTO RURAL;QUEBRADA LA SONADORA;21/30;FAVORABLE CON REQUERIMIENTOS;2025-04-11;COD_DANE_UNICO;CRUCE_OK;GEORREFERENCIADA;;68;INSTITUCION EDUCATIVA  EL PLACER;GENERAL SANTANDER;ACTIVA;OFICIAL;COMPLETA;EDUCACIÓN BÁSICA PRIMARIA;IP SAN AGUSTIN;-76.06351863;4.806872107;-76.06351863;4.806872107;-76.06;4.81;SEDESUESVALLE;COORDENADA_ORIGINAL_SEDESUESVALLE;1;7;2.019;IE EL PLACER;GENERAL SANTANDER;RURAL;VDA SAN AGUSTIN;COINCIDENCIA_NOMBRE_FUERTE;0.93;PRIORITARIO;Alto e inviable;SIN_BRECHAS;NO;ALTA;68.44;ALTA;Priorizar revisión técnica, validación en campo y articulación con sector educativo.;3.79;BAJA
359;276041000461;ANSERMANUEVO;I.E EL PLACER SEDE SIMON BOLIVAR;RURAL;CORREGIMIENTO TRES ESQUINA;SIMON BOLIVAR;3104264016;7;7;7;0;ESCUELAS_IRCAS;DATO_PRINCIPAL_ESCUELAS_IRCAS;NO;SI;ASOCIACIÓN DE USUARIOS DEL ACUEDUCTOS DEL ROBLE SISTEMA # 2;INVIABLE SANITARIAMENTE;INVIABLE SANITARIAMENTE;3461;ACUEDUCTO RURAL;QUEBRADA LA SONADORA - QUEBRADA EL ROBLE - QUEBRADA SAN AGUSTIN;21/30;FAVORABLE CON REQUERIMIENTOS;2025-11-10;COD_DANE_UNICO;CRUCE_OK;GEORREFERENCIADA;;51;INSTITUCION EDUCATIVA  EL PLACER;SIMON BOLÍVAR;ACTIVA;OFICIAL;COMPLETA;EDUCACIÓN BÁSICA PRIMARIA;IP TRES ESQUINAS;-76.01874;4.816253;-76.01874;4.816253;;;SEDESUESVALLE;COORDENADA_ORIGINAL_SEDESUESVALLE;1;7;;;;;;COINCIDENCIA_NOMBRE_FUERTE_CON_POSIBLE_EMPATE;0.93;PRIORITARIO;Alto e inviable;SIN_BRECHAS;NO;ALTA;68.44;ALTA;Priorizar revisión técnica, validación en campo y articulación con sector educativo.;3.79;BAJA
360;276041000193;ANSERMANUEVO;I.E EL PLACER SEDE DIVINO SALVADOR;RURAL;VEREDA SANTA BARBARA;DIVINO SALVADOR;3127952477;3;3;3;0;ESCUELAS_IRCAS;DATO_PRINCIPAL_ESCUELAS_IRCAS;NO;SI;ASOCIACIÓN DE USUARIOS DEL ACUEDUCTOS DEL ROBLE SISTEMA # 2;INVIABLE SANITARIAMENTE;INVIABLE SANITARIAMENTE;3461;ACUEDUCTO RURAL;QUEBRADA LA SONADORA - QUEBRADA EL ROBLE - QUEBRADA SAN AGUSTIN;21/30;FAVORABLE CON REQUERIMIENTOS;2025-11-10;COD_DANE_UNICO;CRUCE_OK;GEORREFERENCIADA;;54;INSTITUCION EDUCATIVA  EL PLACER;DIVINO SALVADOR;ACTIVA;OFICIAL;COMPLETA;EDUCACIÓN BÁSICA PRIMARIA;VDA STA BARBARA;-76.02942095;4.814962275;-76.02942095;4.814962275;;;SEDESUESVALLE;COORDENADA_ORIGINAL_SEDESUESVALLE;1;3;;;;;;COINCIDENCIA_NOMBRE_FUERTE_CON_POSIBLE_EMPATE;0.93;PRIORITARIO;Alto e inviable;SIN_BRECHAS;NO;ALTA;66.56;ALTA;Priorizar revisión técnica, validación en campo y articulación con sector educativo.;2.53;BAJA
361;276041000151;ANSERMANUEVO;I.E EL PLACER SEDE JOSE EUSEBIO CARO;RURAL;CORREGIMIENTO LA QUIEBRA DEL ROBLE;JOSE EUSEBIO CARO;3127952477;4;4;4;138;ESCUELAS_IRCAS;DATO_PRINCIPAL_ESCUELAS_IRCAS;NO;SI;ASOCIACIÓN DE USUARIOS DEL ACUEDUCTOS DEL ROBLE SISTEMA # 2;INVIABLE SANITARIAMENTE;INVIABLE SANITARIAMENTE;3461;ACUEDUCTO RURAL;QUEBRADA LA SONADORA - QUEBRADA EL ROBLE - QUEBRADA SAN AGUSTIN;24/30;FAVORABLE CON REQUERIMIENTOS;2025-04-10;COD_DANE_UNICO;CRUCE_OK;GEORREFERENCIADA;;65;INSTITUCION EDUCATIVA  EL PLACER;JOSÉ EUSEBIO CARO;ACTIVA;OFICIAL;COMPLETA;EDUCACIÓN MEDIA;VDA QUIEBRA DEL ROBLE;-76.04448294;4.816389951;-76.04448294;4.816389951;-76.07;4.79;SEDESUESVALLE;COORDENADA_ORIGINAL_SEDESUESVALLE;1;4;2.019;IE EL PLACER;EL PLACER;RURAL;VDA EL PLACER;COINCIDENCIA_NOMBRE_FUERTE;0.93;PRIORITARIO;Alto e inviable;SIN_BRECHAS;NO;ALTA;67.17;ALTA;Priorizar revisión técnica, validación en campo y articulación con sector educativo.;2.94;BAJA
362;276041000312;ANSERMANUEVO;I.E EL PLACER SEDE CRISTOBAL COLON;RURAL;CORREGIMIENTO EL ROBLE;CRISTOBAL COLON;3217327281;7;7;7;0;ESCUELAS_IRCAS;DATO_PRINCIPAL_ESCUELAS_IRCAS;NO;SI;ASOCIACIÓN DE USUARIOS DEL ACUEDUCTOS DEL ROBLE SISTEMA # 2;INVIABLE SANITARIAMENTE;INVIABLE SANITARIAMENTE;3461;ACUEDUCTO RURAL;QUEBRADA LA SONADORA - QUEBRADA EL ROBLE - QUEBRADA SAN AGUSTIN;12/30;FAVORABLE CON REQUERIMIENTOS;2025-04-10;COD_DANE_UNICO;CRUCE_OK;GEORREFERENCIADA;;67;INSTITUCION EDUCATIVA  EL PLACER;CRISTOBAL COLON;ACTIVA;OFICIAL;COMPLETA;EDUCACIÓN MEDIA;IP EL ROBLE;-76.05883109;4.82716891;-76.05883109;4.82716891;;;SEDESUESVALLE;COORDENADA_ORIGINAL_SEDESUESVALLE;1;7;;;;;;COINCIDENCIA_NOMBRE_FUERTE_CON_POSIBLE_EMPATE;0.93;PRIORITARIO;Alto e inviable;SIN_BRECHAS;NO;ALTA;68.44;ALTA;Priorizar revisión técnica, validación en campo y articulación con sector educativo.;3.79;BAJA
363;276041000061;ANSERMANUEVO;I.E EL PLACER SEDE CAMILO TORRES;RURAL;VEREDA LA PUERTA;CAMILO TORRES;;13;13;13;0;ESCUELAS_IRCAS;DATO_PRINCIPAL_ESCUELAS_IRCAS;NO;SI;ASOCIACIÓN DE USUARIOS DEL ACUEDUCTOS DEL ROBLE SISTEMA # 2;INVIABLE SANITARIAMENTE;INVIABLE SANITARIAMENTE;3461;ACUEDUCTO RURAL;QUEBRADA LA SONADORA - QUEBRADA EL ROBLE - QUEBRADA SAN AGUSTIN;;SIN DATO;;COD_DANE_UNICO;CRUCE_OK;GEORREFERENCIADA;;52;INSTITUCION EDUCATIVA  EL PLACER;CAMILO TORRES;ACTIVA;OFICIAL;COMPLETA;EDUCACIÓN BÁSICA PRIMARIA;IP LA PUERTA;-76.01136085;4.816961022;-76.01136085;4.816961022;;;SEDESUESVALLE;COORDENADA_ORIGINAL_SEDESUESVALLE;1;13;;;;;;COINCIDENCIA_NOMBRE_FUERTE_CON_POSIBLE_EMPATE;0.93;PRIORITARIO;Alto e inviable;SIN_BRECHAS;NO;ALTA;66.36;ALTA;Priorizar revisión técnica, validación en campo y articulación con sector educativo.;4.58;MEDIA
364;276869000138;VIJES;I.E. ANTONIO JOSE DE SUCRE SEDE ANTONIO JOSE DE SUCRE PRINCIPAL;RURAL;CORREGIMIENTO LA FRESNEDA;ANTONIO JOSE DE SUCRE PRINCIPAL;3206877472;145;145;111;170;ESCUELAS_IRCAS;DATO_PRINCIPAL_ESCUELAS_IRCAS;NO;SI;JUNTA ADMINISTRADORA COMUNITARIA DEL ACUEDUCTO # 12 DEL CORREGIMIENTO LA FRESNEDA;INVIABLE SANITARIAMENTE;INVIABLE SANITARIAMENTE;144;PLANTA POTABILIZADORA - VALLECAUCANA DE AGUAS;QUEBRADA LA SONORA;70.13;DESFAVORABLE;2026-04-23;COD_DANE_UNICO;CRUCE_OK;GEORREFERENCIADA;;904;INSTITUCION EDUCATIVA  ANTONIO JOSE DE SUCRE;ANTONIO JOSE DE SUCRE;ACTIVA;OFICIAL;UNICA;EDUCACIÓN MEDIA;CORREG LA FRESNEDA;-76.474442;3.751368;-76.474442;3.751368;-76.47;3.75;SEDESUESVALLE;COORDENADA_ORIGINAL_SEDESUESVALLE;1;111;2.019;IE ANTONIO JOSE DE SUCRE;ANTONIO JOSE DE SUCRE;RURAL;CORREG LA FRESNEDA;COINCIDENCIA_NOMBRE_FUERTE;0.93;PRIORITARIO;Alto e inviable;SIN_BRECHAS;NO;ALTA;80.53;MUY ALTA;Priorizar revisión técnica, validación en campo y articulación con sector educativo.;10.39;MUY ALTA
365;276100000381;BOLIVAR;ESCUELA ANTONIO NARIÑO N. 5;RURAL;LA TULIA;;3178815835;144;144;128;0;ESCUELAS_IRCAS;DATO_PRINCIPAL_ESCUELAS_IRCAS;NO;SI;ASOCIACION DE USUARIOS ACUEDUCTO LA TULIA;RIESGO ALTO;ALTO;1116;ACUEDUCTO RURAL;QUEBRADA LA TESALIA;26.0;FAVORABLE CON REQUERIMIENTOS;2025-04-03;COD_DANE_DUPLICADO_COORDENADA_COMUN;VALIDAR_DUPLICADO;GEORREFERENCIADA;"Código DANE duplicado en SedesUESVALLE; se asignó coordenada común.";88;INSTITUCION EDUCATIVA  LA TULIA;ANTONIO NARIÑO;ACTIVA;OFICIAL;MAÑANA;EDUCACIÓN BÁSICA PRIMARIA;CORREG LA TULIA;-76.24687077;4.382293563;-76.24687077;4.382293563;;;SEDESUESVALLE;COORDENADA_ORIGINAL_SEDESUESVALLE;1;128;;;;;;COINCIDENCIA_NOMBRE_FUERTE_CON_POSIBLE_EMPATE;0.93;PRIORITARIO;Alto e inviable;CRUCE_PENDIENTE;SI;MEDIA;64.56;ALTA;Programar seguimiento operativo y verificar condiciones del sistema abastecedor.;6.81;ALTA
366;;BOLIVAR;I.E LA TULIA SEDE PRINCIPAL;RURAL;CGTO LA TULIA;;3178815835;149;149;0;0;ESCUELAS_IRCAS;DATO_PRINCIPAL_ESCUELAS_IRCAS;NO;SI;ASOCIACION DE USUARIOS ACUEDUCTO LA TULIA;RIESGO ALTO;ALTO;1116;ACUEDUCTO RURAL;QUEBRADA LA TESALIA;26.0;FAVORABLE CON REQUERIMIENTOS;2025-05-14;MUNICIPIO+NOMBRE_EXACTO;CRUCE_RECUPERADO;SIN_COORDENADAS;;102;;;;;;;;;;;;;;SIN_COORDENADA;SIN_COORDENADA;0;0;;;;;;SIN_COINCIDENCIA_FUERTE;0.681;PRIORITARIO;Alto e inviable;SIN_COORDENADA;SI;MEDIA;64.65;ALTA;Programar seguimiento operativo y verificar condiciones del sistema abastecedor.;6.85;ALTA
367;276122000287;CAICEDONIA;I.E. SAGRADO CORAZON DE JESUS SEDE NUESTRA SEÑORA DE FATIMA;RURAL;VDA LA RIVERA;NUESTRA SEÑORA DE FATIMA;3122455450;9;9;7;0;ESCUELAS_IRCAS;DATO_PRINCIPAL_ESCUELAS_IRCAS;NO;SI;JUNTA ADMINISTRADORA ACUEDUCTO RIVERA-LA TESALIA;RIESGO BAJO;BAJO;173;FILTRO EKOFIL;QUEBRADA LA TESALIA;17.5;FAVORABLE CON REQUERIMIENTOS;2026-03-18;COD_DANE_UNICO;CRUCE_OK;GEORREFERENCIADA;;175;INSTITUCION EDUCATIVA  SAGRADO CORAZON DE JESUS;NUESTRA SEÑORA DE  FATIMA;ACTIVA;OFICIAL;UNICA;EDUCACIÓN BÁSICA PRIMARIA;VD LA RIVERA;-75.836725668;4.30899797246;-75.836725668;4.30899797246;;;SEDESUESVALLE;COORDENADA_ORIGINAL_SEDESUESVALLE;1;7;;;;;;COINCIDENCIA_NOMBRE_FUERTE_CON_POSIBLE_EMPATE;0.937;RUTINARIO;Sin riesgo y bajo;SIN_BRECHAS;NO;ALTA;22.3;BAJA;Mantener seguimiento rutinario con control territorial rural.;1.05;BAJA
368;276233001355;DAGUA;I.E. EL PALMAR SEDE VILLA DEL MAR;RURAL;VEREDA PUEBLO;VILLA DEL MAR;6024350505;39;39;39;46;ESCUELAS_IRCAS;DATO_PRINCIPAL_ESCUELAS_IRCAS;NO;SI;ASOCIACIÓN DE USUARIOS DE ACUEDUCTO Y SERVICIOS BÁSICOS DE LA VEREDA PUEBLO NUEVO CORREGIMIENTO BORRERO AYERBE DEL MUNICIPIO DE DAGUA VALLE - A.U.A.S.B;SIN RIESGO;SIN RIESGO;146;ACUEDUCTO RURAL PUEBLO NUEVO;QUEBRADA LA VIBORA;19/30;FAVORABLE;2026-01-31;COD_DANE_UNICO;CRUCE_OK;GEORREFERENCIADA;;225;INSTITUCION EDUCATIVA EL PALMAR;VILLA DEL MAR;ACTIVA;OFICIAL;MAÑANA;EDUCACIÓN BÁSICA PRIMARIA;VDA PUEBLO NVO;-76.62683;3.580173;-76.62683;3.580173;-76.63;3.58;SEDESUESVALLE;COORDENADA_ORIGINAL_SEDESUESVALLE;1;39;2.019;IE EL PALMAR;VILLA DEL MAR;RURAL;VDA. PUEBLO NUEVO;COINCIDENCIA_NOMBRE_FUERTE;0.93;RUTINARIO;Sin riesgo y bajo;SIN_BRECHAS;NO;ALTA;14.21;BAJA;Mantener seguimiento rutinario con control territorial rural.;0.0;BAJA
369;176233000656;DAGUA;I.E. EL PALMAR SEDE GIMNASIO DEL DAGUA;RURAL;EL PALMAR KM 34;GIMNASIO DEL DAGUA;6024350505;617;617;617;0;ESCUELAS_IRCAS;DATO_PRINCIPAL_ESCUELAS_IRCAS;NO;SI;EMPRESA COMUNITARIA ACUEDUCTO RURAL EL PALMAR - ECOAREPAL - LA VIRGEN;SIN RIESGO;SIN RIESGO;148;ACUEDUCTO RURAL EL PALMAR LA VIRGEN;QUEBRADA LA VIRGEN;24,5/30;FAVORABLE;2026-03-14;COD_DANE_UNICO;CRUCE_OK;GEORREFERENCIADA;;227;INSTITUCION ETNOEDUCATIVA GIMNASIO DEL DAGUA;DEL DAGUA;ACTIVA;OFICIAL;COMPLETA, MAÑANA, NOCTURNA;EDUCACIÓN MEDIA;KR 12 C URB EL LLANITO;-76.69203608;3.659230704;-76.69203608;3.659230704;;;SEDESUESVALLE;COORDENADA_ORIGINAL_SEDESUESVALLE;1;617;;;;;;COINCIDENCIA_NOMBRE_FUERTE_CON_POSIBLE_EMPATE;0.93;RUTINARIO;Sin riesgo y bajo;SIN_BRECHAS;NO;ALTA;21.64;BAJA;Mantener seguimiento rutinario con control territorial rural.;0.0;BAJA
370;276233001371;DAGUA;I.E. EL PALMAR SEDE CARLOS ALFREDO ZUÑIGA;RURAL;VEREDA LAS BRISAS;CARLOS ALFREDO ZUÑIGA;3166624528;4;4;4;28;ESCUELAS_IRCAS;DATO_PRINCIPAL_ESCUELAS_IRCAS;NO;SI;EMPRESA COMUNITARIA ACUEDUCTO RURAL COLECTIVO LAS BRISAS - ECOABRISAS;RIESGO MEDIO;MEDIO;2863;ACUEDUCTO RURAL LAS BRISAS;QUEBRADA LA VIRGEN;22/30;FAVORABLE;2026-03-13;COD_DANE_UNICO;CRUCE_OK;GEORREFERENCIADA;;255;INSTITUCION EDUCATIVA EL PALMAR;CARLOS ALFREDO ZUÑIGA;ACTIVA;OFICIAL;MAÑANA;EDUCACIÓN BÁSICA PRIMARIA;VDA LAS BRISA;-76.6394308179;3.60960685768;-76.6394308179;3.60960685768;-76.64;3.61;SEDESUESVALLE;COORDENADA_ORIGINAL_SEDESUESVALLE;1;4;2.019;IE EL PALMAR;CARLOS ALFREDO ZUÑIGA;RURAL;VDA. LAS BRISAS;COINCIDENCIA_NOMBRE_FUERTE;0.93;PREVENTIVO;Medio;SIN_BRECHAS;NO;ALTA;30.57;BAJA;Mantener seguimiento preventivo dentro de la programación regular.;1.4;BAJA
371;276250000036;EL DOVIO;I.E ACERG SEDE GENERAL RENGIFO;RURAL;VEREDA LAS VUELTAS;GENERAL RENGIFO;3126184188;4;4;4;9;ESCUELAS_IRCAS;DATO_PRINCIPAL_ESCUELAS_IRCAS;NO;SI;JUNTA DE ACCION COMUNAL LAS VUELTAS;INVIABLE SANITARIAMENTE;INVIABLE SANITARIAMENTE;1335;ACUEDUCTO RURAL;QUEBRADA LA ZALIA;18/30;FAVORABLE CON REQUERIMIENTOS;2025-07-22;COD_DANE_UNICO;CRUCE_OK;GEORREFERENCIADA;;383;INSTITUCION EDUCATIVA ACERG  ASOCIACION DE CENTROS EDUCATIVOS DEL CAÑON DEL RIO GARRAPATAS;GENERAL RENGIFO;ACTIVA;OFICIAL;UNICA;EDUCACIÓN BÁSICA SECUNDARIA;VDA LAS VUELTAS;-76.24782538;4.541196746;-76.24782538;4.541196746;-76.25;4.54;SEDESUESVALLE;COORDENADA_ORIGINAL_SEDESUESVALLE;1;4;2.019;IE ACERG;GENERAL RENGIFO;RURAL;VDA LAS VUELTAS;COINCIDENCIA_NOMBRE_FUERTE;0.93;PRIORITARIO;Alto e inviable;SIN_BRECHAS;NO;ALTA;67.17;ALTA;Priorizar revisión técnica, validación en campo y articulación con sector educativo.;2.94;BAJA
372;276616000255;RIOFRIO;ESCUELA N. 9 CAMILO TORRES;RURAL;CORREGIMIENTO LA ZULIA;;3113380969;52;52;0;0;ESCUELAS_IRCAS;DATO_PRINCIPAL_ESCUELAS_IRCAS;NO;SI;ASOCIACION DE USUARIOS DEL ACUEDUCTO EL DIAMANTE - LA ZULIA;SIN RIESGO;SIN RIESGO;2749;ACUEDUTO RURAL;QUEBRADA LA ZULIA;22.0;FAVORABLE CON REQUERIMIENTOS;2025-05-16;SIN_COINCIDENCIA;PENDIENTE;SIN_COORDENADAS;;;;;;;;;;;;;;;;SIN_COORDENADA;SIN_COORDENADA;0;0;;;;;;SIN_COINCIDENCIA_FUERTE;0.727;RUTINARIO;Sin riesgo y bajo;"SIN_COORDENADA; CRUCE_PENDIENTE";SI;MEDIA;20.58;BAJA;Priorizar georreferenciación de la sede educativa.;0.0;BAJA
373;276616000255;RIOFRIO;ESCUELA N. 9 CAMILO TORRES PRIMARIA;RURAL;LA ZULIA;;3117381543;38;38;0;0;ESCUELAS_IRCAS;DATO_PRINCIPAL_ESCUELAS_IRCAS;NO;SI;ASOCIACION DE USUARIOS DEL ACUEDUCTO EL DIAMANTE - LA ZULIA;SIN RIESGO;SIN RIESGO;2749;ACUEDUTO RURAL;QUEBRADA LA ZULIA;21.0;FAVORABLE CON REQUERIMIENTOS;2025-05-16;SIN_COINCIDENCIA;PENDIENTE;SIN_COORDENADAS;;;;;;;;;;;;;;;;SIN_COORDENADA;SIN_COORDENADA;0;0;;;;;;SIN_COINCIDENCIA_FUERTE;0.609;RUTINARIO;Sin riesgo y bajo;"SIN_COORDENADA; CRUCE_PENDIENTE";SI;MEDIA;19.74;BAJA;Priorizar georreferenciación de la sede educativa.;0.0;BAJA
374;276250000079;EL DOVIO;I.E JOSE MARIA FALLA SEDE MANUELA BELTRAN;RURAL;VEREDA CALLE LARGA;MANUELA BELTRAN;2229184;11;11;11;0;ESCUELAS_IRCAS;DATO_PRINCIPAL_ESCUELAS_IRCAS;NO;SI;JUNTA ADMINISTRADORA DEL ACUEDUCTO CALLE LARGA;INVIABLE SANITARIAMENTE;INVIABLE SANITARIAMENTE;3466;ACUEDUCTO RURAL;QUEBRADA LAS ARDITAS;22/30;FAVORABLE CON REQUERIMIENTOS;2026-02-19;COD_DANE_UNICO;CRUCE_OK;GEORREFERENCIADA;;381;INSTITUCION EDUCATIVA JOSE MARIA FALLA;MANUELA BELTRAN;ACTIVA;OFICIAL;UNICA;EDUCACIÓN BÁSICA PRIMARIA;VDA CALLE LARGA;-76.24499382;4.497015708;-76.24499382;4.497015708;;;SEDESUESVALLE;COORDENADA_ORIGINAL_SEDESUESVALLE;1;11;;;;;;COINCIDENCIA_NOMBRE_FUERTE_CON_POSIBLE_EMPATE;0.93;PRIORITARIO;Alto e inviable;SIN_BRECHAS;NO;ALTA;69.54;ALTA;Priorizar revisión técnica, validación en campo y articulación con sector educativo.;4.53;MEDIA
375;276890000148;YOTOCO;I.E. GABRIELA MISTRAL SEDE ATANASIO GIRARDOT;RURAL;VDA EL JARDIN;ATANASIO GIRARDOT;3206172353;10;10;10;0;ESCUELAS_IRCAS;DATO_PRINCIPAL_ESCUELAS_IRCAS;NO;SI;ASOCIACION DE USUARIOS DE LOS ACUEDUCTOS EL JARDÍN CALIMITA;SIN RIESGO;SIN RIESGO;498;ACUEDUCTO RURAL;QUEBRADA LAS BRISAS;25;FAVORABLE CON REQUERIMIENTOS;2026-03-10;COD_DANE_UNICO;CRUCE_OK;GEORREFERENCIADA;;932;INSTITUCION EDUCATIVA GABRIELA MISTRAL;ATANASIO GIRARDOT;ACTIVA;OFICIAL;MAÑANA;EDUCACIÓN BÁSICA PRIMARIA;VDA EL JARDIN;-76.43116931;3.915433094;-76.43116931;3.915433094;;;SEDESUESVALLE;COORDENADA_ORIGINAL_SEDESUESVALLE;1;10;;;;;;COINCIDENCIA_NOMBRE_FUERTE_CON_POSIBLE_EMPATE;0.93;RUTINARIO;Sin riesgo y bajo;SIN_BRECHAS;NO;ALTA;14.31;BAJA;Mantener seguimiento rutinario con control territorial rural.;0.0;BAJA
376;276233001061;DAGUA;I.E. EL QUEREMAL SEDE MARCO FIDEL SUAREZ;RURAL;VEREDA LAS CAMELIAS EL QUEREMAL;MARCO FIDEL SUAREZ;3207975657;5;5;5;10;ESCUELAS_IRCAS;DATO_PRINCIPAL_ESCUELAS_IRCAS;NO;SI;ASOCIACIÓN DE SUSCRIPTORES DEL SERVICIO DE AGUA POTABLE DE LAS CAMELIAS Y EMPRESA COMUNITARIA DE SERVICIOS PÚBLICOS.;RIESGO MEDIO;MEDIO;3955;ACUEDUCTO RURAL LAS CAMELIAS;QUEBRADA LAS DELICIAS;17,5/30;FAVORABLE CON REQUERIMIENTOS;2026-03-28;COD_DANE_UNICO;CRUCE_OK;GEORREFERENCIADA;;239;INSTITUCION EDUCATIVA EL QUEREMAL;MARCO FIDEL SUAREZ;ACTIVA;OFICIAL;MAÑANA;EDUCACIÓN BÁSICA PRIMARIA;VDA LAS CAMELIAS;-76.714006;3.544187;-76.714006;3.544187;-76.71;3.54;SEDESUESVALLE;COORDENADA_ORIGINAL_SEDESUESVALLE;1;5;2.019;IE EL QUEREMAL;MARCO FIDEL SUAREZ;RURAL;VDA. LAS CAMELIAS;COINCIDENCIA_NOMBRE_FUERTE;0.93;PREVENTIVO;Medio;SIN_BRECHAS;NO;ALTA;34.66;BAJA;Mantener seguimiento preventivo dentro de la programación regular.;1.63;BAJA
377;;YOTOCO;I.E SAN JUAN BOSCO SEDE GUILLERMO LEON VALENCIA;RURAL;CORREGIMIENTO LAS DELICIAS;GUILLERMO LEON VALENCIA;3187070210;10;10;0;251;ESCUELAS_IRCAS;DATO_PRINCIPAL_ESCUELAS_IRCAS;NO;SI;ASOCIACION DE USUARIOS DEL SISTEMA DE AGUA RURAL COMUNITARIA DEL CORREGIMIENTO LAS DELICIAS - ACODELICIAS;INVIABLE SANITARIAMENTE;INVIABLE SANITARIAMENTE;3276;ACUEDUCTO RURAL;QUEBRADA LAS DELICIAS;24;FAVORABLE CON REQUERIMIENTOS;2025-10-02;MUNICIPIO+NOMBRE_EXACTO;CRUCE_RECUPERADO;GEORREFERENCIADA;;929;;;;;;;;-76.41;3.96;;;-76.41;3.96;MEN_SEDES;COMPLEMENTADA_CON_MEN;0;0;2.019;IE SAN JUAN BOSCO;SAN JUAN BOSCO;RURAL;VEREDA SAN JUAN;COINCIDENCIA_NOMBRE_FUERTE;0.93;PRIORITARIO;Alto e inviable;SIN_BRECHAS;NO;ALTA;69.31;ALTA;Priorizar revisión técnica, validación en campo y articulación con sector educativo.;4.37;MEDIA
378;276869000154;VIJES;I.E. JORGE ROBLEDO  SEDE MANUELA BELTRAN;RURAL;VIA CORREGIMIENTO LA RIVERA - CAIMITAL;MANUELA BELTRAN;3117161692;52;52;51;0;ESCUELAS_IRCAS;DATO_PRINCIPAL_ESCUELAS_IRCAS;NO;SI;ASOCIACIÓN DE USUARIOS DEL ACUEDUCTO RURAL COMUNITARIO DE LA VEREDA CAIMITAL;RIESGO ALTO;ALTO;19793;FILTRO EKOFIL;QUEBRADA LAS NIEVES;28.3;FAVORABLE CON REQUERIMIENTOS;2026-02-28;COD_DANE_UNICO;CRUCE_OK;GEORREFERENCIADA;;914;INSTITUCION EDUCATIVA JORGE ROBLEDO;MANUELA BELTRAN;ACTIVA;OFICIAL;COMPLETA;EDUCACIÓN MEDIA;VDA CAIMITAL;-76.499407;3.741864;-76.499407;3.741864;;;SEDESUESVALLE;COORDENADA_ORIGINAL_SEDESUESVALLE;1;51;;;;;;COINCIDENCIA_NOMBRE_FUERTE_CON_POSIBLE_EMPATE;0.93;PRIORITARIO;Alto e inviable;SIN_BRECHAS;NO;ALTA;59.83;ALTA;Programar seguimiento operativo y verificar condiciones del sistema abastecedor.;5.43;MEDIA
379;276041000207;ANSERMANUEVO;I.E EL PLACER SEDE NIÑO JESUS DE PRAGA;RURAL;VEREDA LAS PALOMAS;NIÑO JESUS DE PRAGA;3127952477;6;6;6;0;ESCUELAS_IRCAS;DATO_PRINCIPAL_ESCUELAS_IRCAS;NO;SI;ACUEDUCTO VEREDAS LAS PALOMAS- EL BOSQUE;INVIABLE SANITARIAMENTE;INVIABLE SANITARIAMENTE;2160;ACUEDUCTO RURAL;QUEBRADA LAS PALOMAS;21/30;FAVORABLE CON REQUERIMIENTOS;2025-11-11;COD_DANE_UNICO;CRUCE_OK;GEORREFERENCIADA;;55;INSTITUCION EDUCATIVA  EL PLACER;NIÑO JESUS DE PRAGA;ACTIVA;OFICIAL;COMPLETA;EDUCACIÓN BÁSICA PRIMARIA;VDA LAS PALOMAS;-76.07845784;4.768824526;-76.07845784;4.768824526;;;SEDESUESVALLE;COORDENADA_ORIGINAL_SEDESUESVALLE;1;6;;;;;;COINCIDENCIA_NOMBRE_FUERTE_CON_POSIBLE_EMPATE;0.93;PRIORITARIO;Alto e inviable;SIN_BRECHAS;NO;ALTA;68.08;ALTA;Priorizar revisión técnica, validación en campo y articulación con sector educativo.;3.55;BAJA
380;276113000215;BUGALAGRANDE;I.E CEILAN SEDE JOSE ACEVEDO Y GOMEZ;RURAL;VDA SAN ISIDRO ALTO;JOSE ACEVEDO Y GOMEZ;3167405960;27;27;25;11;ESCUELAS_IRCAS;DATO_PRINCIPAL_ESCUELAS_IRCAS;NO;SI;ASOCIACION DE USUARIOS DEL ACUEDUCTO DE LA VEREDA SAN ISIDRO - ASUASANIS;SIN RIESGO;SIN RIESGO;921;;QUEBRADA LAS PEÑAS;22.5;FAVORABLE CON REQUERIMIENTOS;2026-02-20;COD_DANE_UNICO;CRUCE_OK;GEORREFERENCIADA;;166;INSTITUCION EDUCATIVA CEILAN;JOSE ACEVEDO Y GOMEZ;ACTIVA;OFICIAL;UNICA;EDUCACIÓN BÁSICA SECUNDARIA;VDA SAN ISIDRO;-76.017434;4.114242;-76.017434;4.114242;-76.02;4.11;SEDESUESVALLE;COORDENADA_ORIGINAL_SEDESUESVALLE;1;25;2.019;IE  CEILAN;JOSE ACEVEDO Y GOMEZ;RURAL;VDA SAN ISIDRO ALTO;COINCIDENCIA_NOMBRE_FUERTE;0.93;RUTINARIO;Sin riesgo y bajo;SIN_BRECHAS;NO;ALTA;16.84;BAJA;Mantener seguimiento rutinario con control territorial rural.;0.0;BAJA
381;276113001009;BUGALAGRANDE;IE CEILAN SEDE VIRGEN LA MILAGROSA (I.D);RURAL;VEREDA SAN ISIDRO;VIRGEN LA MILAGROSA (I.D);3233878703;9;9;10;6;ESCUELAS_IRCAS;DATO_PRINCIPAL_ESCUELAS_IRCAS;NO;SI;ASOCIACION DE USUARIOS DEL ACUEDUCTO DE LA VEREDA SAN ISIDRO - ASUASANIS;SIN RIESGO;SIN RIESGO;921;;QUEBRADA LAS PEÑAS;22.5;FAVORABLE CON REQUERIMIENTOS;2026-02-20;COD_DANE_UNICO;CRUCE_OK;GEORREFERENCIADA;;167;INSTITUCION EDUCATIVA CEILAN;VIRGEN LA MILAGROSA;ACTIVA;OFICIAL;UNICA;EDUCACIÓN BÁSICA PRIMARIA;VDA SAN ISIDRO;-76.02497;4.114106;-76.02497;4.114106;-76.02;4.11;SEDESUESVALLE;COORDENADA_ORIGINAL_SEDESUESVALLE;1;10;2.019;IE  CEILAN;VIRGEN LA MILAGROSA;RURAL;VDA SAN ISIDRO BAJO;COINCIDENCIA_NOMBRE_FUERTE;0.98;RUTINARIO;Sin riesgo y bajo;SIN_BRECHAS;NO;ALTA;14.05;BAJA;Mantener seguimiento rutinario con control territorial rural.;0.0;BAJA
382;;BUGALAGRANDE;I.E CEILAN SEDE AGRICOLA CEILAN PRINCIPAL;RURAL;CGTO CEILAN;AGRICOLA CEILAN PRINCIPAL;3105863144;241;241;0;0;ESCUELAS_IRCAS;DATO_PRINCIPAL_ESCUELAS_IRCAS;NO;SI;ASOCIACION DE USUARIOS DE LOS SERVICIOS PUBLICOS DEL CORREGIMIENTO DE CEILAN;SIN RIESGO;SIN RIESGO;4987;PLANTA MODULAR;QUEBRADA LAS VIOLETAS;24.4;FAVORABLE CON REQUERIMIENTOS;2026-02-04;MUNICIPIO+NOMBRE_EXACTO;CRUCE_RECUPERADO;SIN_COORDENADAS;;161;;;;;;;;;;;;;;SIN_COORDENADA;SIN_COORDENADA;0;0;;;;;;SIN_COINCIDENCIA_FUERTE;0.711;RUTINARIO;Sin riesgo y bajo;SIN_COORDENADA;SI;MEDIA;24.7;BAJA;Priorizar georreferenciación de la sede educativa.;0.0;BAJA
383;276113000070;BUGALAGRANDE;I.E CEILAN SEDE SIMON BOLIVAR;RURAL;CGTO CEILAN;SIMON BOLIVAR;3109863144;95;95;71;185;ESCUELAS_IRCAS;DATO_PRINCIPAL_ESCUELAS_IRCAS;NO;SI;ASOCIACION DE USUARIOS DE LOS SERVICIOS PUBLICOS DEL CORREGIMIENTO DE CEILAN;SIN RIESGO;SIN RIESGO;4987;;QUEBRADA LAS VIOLETAS;22.5;FAVORABLE CON REQUERIMIENTOS;2026-02-04;COD_DANE_UNICO;CRUCE_OK;GEORREFERENCIADA;;157;INSTITUCION EDUCATIVA CEILAN;SIMON BOLIVAR;ACTIVA;OFICIAL;UNICA;EDUCACIÓN MEDIA;I.P CEILAN;-76.040373;4.111082;-76.040373;4.111082;-76.04;4.11;SEDESUESVALLE;COORDENADA_ORIGINAL_SEDESUESVALLE;1;71;2.019;IE  CEILAN;SIMON BOLIVAR;RURAL;CORREG CEILAN;COINCIDENCIA_NOMBRE_FUERTE;0.93;RUTINARIO;Sin riesgo y bajo;SIN_BRECHAS;NO;ALTA;20.19;BAJA;Mantener seguimiento rutinario con control territorial rural.;0.0;BAJA
384;276113000410;BUGALAGRANDE;IE CEILAN SEDE  POLICARPA SALAVARRIETA (DP);RURAL;CGTO CEILAN;POLICARPA SALAVARRIETA (DP);3146604994;80;80;78;81;ESCUELAS_IRCAS;DATO_PRINCIPAL_ESCUELAS_IRCAS;NO;SI;ASOCIACION DE USUARIOS DE LOS SERVICIOS PUBLICOS DEL CORREGIMIENTO DE CEILAN;SIN RIESGO;SIN RIESGO;4987;;QUEBRADA LAS VIOLETAS;22.5;FAVORABLE CON REQUERIMIENTOS;2026-02-04;COD_DANE_UNICO;CRUCE_OK;GEORREFERENCIADA;;158;INSTITUCION EDUCATIVA CEILAN;POLICARPA SALAVARRIETA;ACTIVA;OFICIAL;UNICA;EDUCACIÓN BÁSICA PRIMARIA;I.P CEILAN;-76.042592;4.112993;-76.042592;4.112993;-76.04;4.11;SEDESUESVALLE;COORDENADA_ORIGINAL_SEDESUESVALLE;1;78;2.019;IE  CEILAN;POLICARPA SALAVARRIETA;RURAL;CORREG CEILÁN;COINCIDENCIA_NOMBRE_FUERTE;0.98;RUTINARIO;Sin riesgo y bajo;SIN_BRECHAS;NO;ALTA;19.73;BAJA;Mantener seguimiento rutinario con control territorial rural.;0.0;BAJA
385;276113001050;BUGALAGRANDE;I.E. CEILAN SEDE DIVINO NIÑO;RURAL;SECTOR POBLADO - CGTO CEILAN;DIVINO NIÑO;3217042166;29;29;20;20;ESCUELAS_IRCAS;DATO_PRINCIPAL_ESCUELAS_IRCAS;NO;SI;ASOCIACION DE USUARIOS DE LOS SERVICIOS PUBLICOS DEL CORREGIMIENTO DE CEILAN;SIN RIESGO;SIN RIESGO;4987;;QUEBRADA LAS VIOLETAS;0;FAVORABLE CON REQUERIMIENTOS;2025-11-11;COD_DANE_UNICO;CRUCE_OK;GEORREFERENCIADA;;160;INSTITUCION EDUCATIVA CEILAN;DIVINO NIÑO;ACTIVA;OFICIAL;UNICA;EDUCACIÓN MEDIA;I.P CEILAN;-76.042897;4.12004;-76.042897;4.12004;-76.04;4.12;SEDESUESVALLE;COORDENADA_ORIGINAL_SEDESUESVALLE;1;20;2.019;IE  CEILAN;DIVINO NIÑO;RURAL;BARRIO LA ESPERANZA;COINCIDENCIA_NOMBRE_FUERTE;0.93;RUTINARIO;Sin riesgo y bajo;SIN_BRECHAS;NO;ALTA;17.03;BAJA;Mantener seguimiento rutinario con control territorial rural.;0.0;BAJA
386;176823000031;TORO;I.E LA CONSOLACIÓN SEDE LA INMACULADA;URBANO;CARRERA 2 # 5  - 63;LA INMACULADA;6022210507;124;124;124;257;ESCUELAS_IRCAS;DATO_PRINCIPAL_ESCUELAS_IRCAS;NO;SI;ACUAVALLE S.A ESP;SIN RIESGO;SIN RIESGO;59;PLANTA ACUAVALLE S.A ESP;QUEBRADA LAZARO - QUEBRADA LA GRANDE - SARA BRUT;26/30;FAVORABLE;2025-02-27;COD_DANE_UNICO;CRUCE_OK;GEORREFERENCIADA;;809;INSTITUCION EDUCATIVA NUESTRA SEÑORA DE LA CONSOLACION;LA INMACULADA;ACTIVA;OFICIAL;MAÑANA;EDUCACIÓN MEDIA;CR 2 # 5-63;-76.0834266618;4.60877079365;-76.0834266618;4.60877079365;-76.08;4.61;SEDESUESVALLE;COORDENADA_ORIGINAL_SEDESUESVALLE;1;124;2.019;IE NUESTRA SEÑORA DE LA CONSOLACION;LA INMACULADA;URBANA;CRA. 2 N. 5-63;COINCIDENCIA_NOMBRE_FUERTE;0.93;RUTINARIO;Sin riesgo y bajo;SIN_BRECHAS;NO;ALTA;17.31;BAJA;Mantener seguimiento rutinario.;0.0;BAJA
387;;TORO;I.E NUESTRA SEÑORA DE LA CONSOLACIÓN SAN JUAN BOSCO;RURAL;CORREGIMIENTO EL BOHIO;I.E NUESTRA SEÑORA DE LA CONSOLACIÓN SAN JUAN BOSCO;3166799652;18;18;0;6;ESCUELAS_IRCAS;DATO_PRINCIPAL_ESCUELAS_IRCAS;NO;SI;ACUAVALLE S.A ESP;SIN RIESGO;SIN RIESGO;59;PLANTA ACUAVALLE S.A ESP;QUEBRADA LAZARO - QUEBRADA LA GRANDE - SARA BRUT;18/30;FAVORABLE CON REQUERIMIENTOS;2025-11-05;MUNICIPIO+NOMBRE_EXACTO;CRUCE_RECUPERADO;GEORREFERENCIADA;;807;;;;;;;;-76.06;4.62;;;-76.06;4.62;MEN_SEDES;COMPLEMENTADA_CON_MEN;0;0;2.019;IE NUESTRA SEÑORA DE LA CONSOLACION;SAN JUAN BOSCO;RURAL;CORREGIMIENTO EL BOHIO;COINCIDENCIA_NOMBRE_FUERTE;0.99;RUTINARIO;Sin riesgo y bajo;SIN_BRECHAS;NO;ALTA;15.79;BAJA;Mantener seguimiento rutinario con control territorial rural.;0.0;BAJA
388;;TORO;I.E NUESTRA SEÑORA DE LA CONSOLACIÓN;URBANO;CARRERA 2 # 6  - 19;I.E NUESTRA SEÑORA DE LA CONSOLACIÓN;2210150;492;492;0;489;ESCUELAS_IRCAS;DATO_PRINCIPAL_ESCUELAS_IRCAS;NO;SI;ACUAVALLE S.A ESP;SIN RIESGO;SIN RIESGO;59;PLANTA ACUAVALLE S.A ESP;QUEBRADA LAZARO - QUEBRADA LA GRANDE - SARA BRUT;20/30;FAVORABLE CON REQUERIMIENTOS;2026-03-12;MUNICIPIO+NOMBRE_EXACTO;CRUCE_RECUPERADO;GEORREFERENCIADA;;808;;;;;;;;-76.08;4.61;;;-76.08;4.61;MEN_SEDES;COMPLEMENTADA_CON_MEN;0;0;2.019;IE NUESTRA SEÑORA DE LA CONSOLACION;NUESTRA SEÑORA DE LA CONSOLACION;URBANA;CR 3 NO 6-19;COINCIDENCIA_NOMBRE_FUERTE;0.941;RUTINARIO;Sin riesgo y bajo;SIN_BRECHAS;NO;ALTA;24.63;BAJA;Mantener seguimiento rutinario.;0.0;BAJA
389;176823000562;TORO;I.E FRAY JOAQUIN ESCOBAR SEDE FELIPE RIVERA;URBANO;CALLE 11 # 10  - 157;FELIPE RIVERA;3166799652;8;8;8;37;ESCUELAS_IRCAS;DATO_PRINCIPAL_ESCUELAS_IRCAS;NO;SI;ACUAVALLE S.A ESP;SIN RIESGO;SIN RIESGO;59;PLANTA ACUAVALLE S.A ESP;QUEBRADA LAZARO - QUEBRADA LA GRANDE - SARA BRUT;17/30;FAVORABLE CON REQUERIMIENTOS;2026-03-03;COD_DANE_UNICO;CRUCE_OK;GEORREFERENCIADA;;810;INSTITUCION EDUCATIVA FRAY JOSE JOAQUIN ESCOBAR;FELIPE RIVERA;ACTIVA;OFICIAL;UNICA;EDUCACIÓN BÁSICA PRIMARIA;CL CON 29;-76.079748686;4.62105583;-76.079748686;4.62105583;-76.08;4.62;SEDESUESVALLE;COORDENADA_ORIGINAL_SEDESUESVALLE;1;8;2.019;IE FRAY JOSE JOAQUIN ESCOBAR;FELIPE RIVERA;URBANA;CLL 11 NO;COINCIDENCIA_NOMBRE_FUERTE;0.93;RUTINARIO;Sin riesgo y bajo;SIN_BRECHAS;NO;ALTA;13.76;BAJA;Mantener seguimiento rutinario.;0.0;BAJA
390;176823000023;TORO;I.E FRAY JOAQUIN ESCOBAR SEDE LA GRAN COLOMBIA;URBANO;CALLE 9 # 2  - 58;LA GRAN COLOMBIA;3157935132;159;159;159;174;ESCUELAS_IRCAS;DATO_PRINCIPAL_ESCUELAS_IRCAS;NO;SI;ACUAVALLE S.A ESP;SIN RIESGO;SIN RIESGO;59;PLANTA ACUAVALLE S.A ESP;QUEBRADA LAZARO - QUEBRADA LA GRANDE - SARA BRUT;17/30;FAVORABLE CON REQUERIMIENTOS;2026-02-18;COD_DANE_UNICO;CRUCE_OK;GEORREFERENCIADA;;811;INSTITUCION EDUCATIVA FRAY JOSE JOAQUIN ESCOBAR;LA GRAN COLOMBIA;ACTIVA;OFICIAL;UNICA;EDUCACIÓN BÁSICA PRIMARIA;CL 9 # 2-51 ESQ;-76.0806209844;4.60901600265;-76.0806209844;4.60901600265;-76.08;4.61;SEDESUESVALLE;COORDENADA_ORIGINAL_SEDESUESVALLE;1;159;2.019;IE FRAY JOSE JOAQUIN ESCOBAR;LA GRAN COLOMBIA;URBANA;CLL. 9 NO. 2-51;COINCIDENCIA_NOMBRE_FUERTE;0.93;RUTINARIO;Sin riesgo y bajo;SIN_BRECHAS;NO;ALTA;21.58;BAJA;Mantener seguimiento rutinario.;0.0;BAJA
391;;TORO;I.E TECNICA AGROPECUARIA INSTITUTO AGRICOLA;URBANO;CALLE 18 # 1  - 100;I.E TECNICA AGROPECUARIA INSTITUTO AGRICOLA;3127296487;326;0;0;326;MEN_SEDES_2019;COMPLEMENTADA_CON_MEN_REFERENCIA_HISTORICA;SI;SI;ACUAVALLE S.A ESP;SIN RIESGO;SIN RIESGO;59;PLANTA ACUAVALLE S.A ESP;QUEBRADA LAZARO - QUEBRADA LA GRANDE - SARA BRUT;20/30;FAVORABLE CON REQUERIMIENTOS;2026-03-20;MUNICIPIO+NOMBRE_EXACTO;CRUCE_RECUPERADO;GEORREFERENCIADA;;813;;;;;;;;-76.07;4.61;;;-76.07;4.61;MEN_SEDES;COMPLEMENTADA_CON_MEN;0;0;2.019;IE  TECNICA AGROPECUARIA TORO;INSTITUTO AGRICOLA;URBANA;CLL 18 NO 1-100;COINCIDENCIA_NOMBRE_FUERTE;0.933;RUTINARIO;Sin riesgo y bajo;SIN_BRECHAS;NO;ALTA;23.52;BAJA;Mantener seguimiento rutinario.;0.0;BAJA
392;;TORO;I.E FRAY JOSE JOAQUIN ESCOBAR;URBANO;CARRERA 3 # 12  - 45;I.E FRAY JOSE JOAQUIN ESCOBAR;6022210578;210;210;0;411;ESCUELAS_IRCAS;DATO_PRINCIPAL_ESCUELAS_IRCAS;NO;SI;ACUAVALLE S.A ESP;SIN RIESGO;SIN RIESGO;59;PLANTA ACUAVALLE S.A ESP;QUEBRADA LAZARO - QUEBRADA LA GRANDE - SARA BRUT;21/30;FAVORABLE CON REQUERIMIENTOS;2026-02-12;MUNICIPIO+NOMBRE_EXACTO;CRUCE_RECUPERADO;GEORREFERENCIADA;;820;;;;;;;;-76.08;4.61;;;-76.08;4.61;MEN_SEDES;COMPLEMENTADA_CON_MEN;0;0;2.019;IE FRAY JOSE JOAQUIN ESCOBAR;FRAY JOSE JOAQUIN ESCOBAR;URBANA;CR 3 NO 12-45;COINCIDENCIA_NOMBRE_FUERTE;0.93;RUTINARIO;Sin riesgo y bajo;SIN_BRECHAS;NO;ALTA;22.33;BAJA;Mantener seguimiento rutinario.;0.0;BAJA
393;176823000074;TORO;I.E FRAY JOAQUIN ESCOBAR SEDE ELOY HERNANDEZ;URBANO;CALLE 11 CRA 4 ESQUINA;ELOY HERNANDEZ;2210578;79;79;79;131;ESCUELAS_IRCAS;DATO_PRINCIPAL_ESCUELAS_IRCAS;NO;SI;ACUAVALLE S.A ESP;SIN RIESGO;SIN RIESGO;59;PLANTA ACUAVALLE S.A ESP;QUEBRADA LAZARO - QUEBRADA LA GRANDE - SARA BRUT;21.5/30;FAVORABLE CON REQUERIMIENTOS;2026-02-18;COD_DANE_UNICO;CRUCE_OK;GEORREFERENCIADA;;821;INSTITUCION EDUCATIVA FRAY JOSE JOAQUIN ESCOBAR;ELOY HERNANDEZ;ACTIVA;OFICIAL;UNICA;EDUCACIÓN BÁSICA PRIMARIA;CR 4 CL 11 ESQ;-76.07804257;4.609881488;-76.07804257;4.609881488;-76.08;4.61;SEDESUESVALLE;COORDENADA_ORIGINAL_SEDESUESVALLE;1;79;2.019;IE FRAY JOSE JOAQUIN ESCOBAR;ELOY HERNANDEZ;URBANA;CLL. 11 CRA. 4 ESQ.;COINCIDENCIA_NOMBRE_FUERTE;0.93;RUTINARIO;Sin riesgo y bajo;SIN_BRECHAS;NO;ALTA;19.69;BAJA;Mantener seguimiento rutinario.;0.0;BAJA
394;276823000290;TORO;I.E NUESTRA SEÑORA DE LA CONSOLACIÓN SEDE BOYACA;RURAL;CORREGIMIENTO SAN ANTONIO;BOYACA;3206703521;0;0;0;0;SIN_FUENTE;SIN_DATO_MATRICULA;SI;SI;ACUAVALLE S.A ESP;SIN RIESGO;SIN RIESGO;59;PLANTA ACUAVALLE S.A ESP;QUEBRADA LAZARO - QUEBRADA LA GRANDE - SARA BRUT;SD;SIN CONCEPTO;;COD_DANE_UNICO;CRUCE_OK;GEORREFERENCIADA;;814;;;ACTIVA;OFICIAL;MAÑANA;EDUCACIÓN MEDIA;CORREG SAN ANTONIO;-76.065151;4.596926;-76.065151;4.596926;;;SEDESUESVALLE;COORDENADA_ORIGINAL_SEDESUESVALLE;2;0;;;;;;COINCIDENCIA_NOMBRE_FUERTE_CON_POSIBLE_EMPATE;0.933;RUTINARIO;Sin riesgo y bajo;SIN_MATRICULA_VALIDADA;SI;BAJA;8.6;BAJA;Validar matrícula con fuente institucional o Secretaría de Educación.;0.0;BAJA
395;276823000508;TORO;I.E AGROPECUARIA TORO SEDE CARLOTA RENGIFO;RURAL;VEREDA LA CAYETANA;CARLOTA RENGIFO;6022210560;12;12;12;10;ESCUELAS_IRCAS;DATO_PRINCIPAL_ESCUELAS_IRCAS;NO;SI;ACUAVALLE S.A ESP;SIN RIESGO;SIN RIESGO;59;PLANTA ACUAVALLE S.A ESP;QUEBRADA LAZARO - QUEBRADA LA GRANDE - SARA BRUT;;SIN DATO;;COD_DANE_UNICO;CRUCE_OK;GEORREFERENCIADA;;827;INSTITUCION EDUCATIVA  TECNICA AGROPECUARIA TORO;CARLOTA RENGIFO;ACTIVA;OFICIAL;MAÑANA;EDUCACIÓN BÁSICA PRIMARIA;VDA LA CAYETANA;-76.03538066;4.598502623;-76.03538066;4.598502623;-76.04;4.6;SEDESUESVALLE;COORDENADA_ORIGINAL_SEDESUESVALLE;1;12;2.019;IE  TECNICA AGROPECUARIA TORO;CARLOTA RENGIFO;RURAL;VEREDA LA CAYETANA;COINCIDENCIA_NOMBRE_FUERTE;0.93;RUTINARIO;Sin riesgo y bajo;SIN_BRECHAS;NO;ALTA;11.16;BAJA;Mantener seguimiento rutinario con control territorial rural.;0.0;BAJA
396;276122000171;CAICEDONIA;I.E. SAGRADO CORAZON DE JESUS SEDE LAUREANO GOMEZ;RURAL;VDA LIMONES;LAUREANO GOMEZ;3127591088;8;8;9;0;ESCUELAS_IRCAS;DATO_PRINCIPAL_ESCUELAS_IRCAS;NO;SI;JUNTA DE ACCION COMUNAL VEREDA LIMONES - ASODELIMO;INVIABLE SANITARIAMENTE;INVIABLE SANITARIAMENTE;170;;QUEBRADA LIMONES;19.5;FAVORABLE CON REQUERIMIENTOS;2026-04-09;COD_DANE_UNICO;CRUCE_OK;GEORREFERENCIADA;;174;INSTITUCION EDUCATIVA  SAGRADO CORAZON DE JESUS;LAUREANO GOMEZ;ACTIVA;OFICIAL;UNICA;EDUCACIÓN BÁSICA PRIMARIA;VDA LIMONES;-75.87333017;4.318079725;-75.87333017;4.318079725;;;SEDESUESVALLE;COORDENADA_ORIGINAL_SEDESUESVALLE;1;9;;;;;;COINCIDENCIA_NOMBRE_FUERTE_CON_POSIBLE_EMPATE;0.93;PRIORITARIO;Alto e inviable;SIN_BRECHAS;NO;ALTA;68.76;ALTA;Priorizar revisión técnica, validación en campo y articulación con sector educativo.;4.01;MEDIA
397;276890000075;YOTOCO;I.E. SAN JUAN DE BOSCO SEDE DIEGO RENGIFO SALAZAR;RURAL;VDA EL BOSQUE;DIEGO RENGIFO SALAZAR;3154956242;61;61;58;55;ESCUELAS_IRCAS;DATO_PRINCIPAL_ESCUELAS_IRCAS;NO;SI;ASOCIACIÓN DE USUARIOS LIVERPOOL;RIESGO ALTO;ALTO;4993;FILTRO EKOFIL;QUEBRADA LIVERPOOL;24.5;FAVORABLE CON REQUERIMIENTOS;2025-10-31;COD_DANE_UNICO;CRUCE_OK;GEORREFERENCIADA;;924;INSTITUCION EDUCATIVA SAN JUAN BOSCO;DIEGO RENGIFO SALAZAR;ACTIVA;OFICIAL;MAÑANA;EDUCACIÓN BÁSICA SECUNDARIA;CORREG EL BOSQUE;-76.398055;3.994398;-76.398055;3.994398;-76.4;3.99;SEDESUESVALLE;COORDENADA_ORIGINAL_SEDESUESVALLE;1;58;2.019;IE SAN JUAN BOSCO;DIEGO RENGIFO SALAZAR;RURAL;VEREDA EL BOSQUE;COINCIDENCIA_NOMBRE_FUERTE;0.93;PRIORITARIO;Alto e inviable;SIN_BRECHAS;NO;ALTA;60.25;ALTA;Programar seguimiento operativo y verificar condiciones del sistema abastecedor.;5.65;MEDIA
398;276020000231;ALCALA;I.E ARTURO GÓMEZ JARAMILLO SEDE SANTA TERESITA;RURAL;VEREDA TRINCHERAS;SANTA TERESITA;3165344187;8;8;8;0;ESCUELAS_IRCAS;DATO_PRINCIPAL_ESCUELAS_IRCAS;NO;SI;COOPERATIVA MARAVELEZ ALCALA ESP (SISTEMA #4) FIME LA CAÑA;SIN RIESGO;SIN RIESGO;169;ACUEDUCTO RURAL;QUEBRADA LOS ANGELES;18.5/30;FAVORABLE CON REQUERIMIENTOS;2026-02-02;COD_DANE_UNICO;CRUCE_OK;GEORREFERENCIADA;;14;INSTITUCION EDUCATIVA ARTURO GOMEZ JARAMILLO;SANTA TERESITA;ACTIVA;OFICIAL;UNICA;EDUCACIÓN BÁSICA PRIMARIA;VDA TRINCHERAS;-75.760758;4.662124;-75.760758;4.662124;;;SEDESUESVALLE;COORDENADA_ORIGINAL_SEDESUESVALLE;1;8;;;;;;COINCIDENCIA_NOMBRE_FUERTE_CON_POSIBLE_EMPATE;0.93;RUTINARIO;Sin riesgo y bajo;SIN_BRECHAS;NO;ALTA;13.76;BAJA;Mantener seguimiento rutinario con control territorial rural.;0.0;BAJA
399;176020000172;ALCALA;I.E SAN JOSÉ SEDE MARÍA AUXILIADORA # 1;URBANO;CALLE 5 # 9  - 43;MARÍA AUXILIADORA # 1;3054730028;360;360;360;0;ESCUELAS_IRCAS;DATO_PRINCIPAL_ESCUELAS_IRCAS;NO;SI;ACUAVALLE S.A ESP;SIN RIESGO;SIN RIESGO;67;PLANTA ACUAVALLE S.A ESP;QUEBRADA LOS ANGELES;24/30;FAVORABLE CON REQUERIMIENTOS;2026-02-16;COD_DANE_DUPLICADO+NOMBRE_EXACTO;CRUCE_OK_CONTROLADO;GEORREFERENCIADA;;1;INSTITUCION EDUCATIVA SAN JOSE;MARIA AUXILIADORA;ACTIVA;OFICIAL;MAÑANA;EDUCACIÓN BÁSICA PRIMARIA;CLL 5A # 9 - 43;-75.7764062635;4.67424198021;-75.7764062635;4.67424198021;;;SEDESUESVALLE;COORDENADA_ORIGINAL_SEDESUESVALLE;1;360;;;;;;COINCIDENCIA_NOMBRE_FUERTE_CON_POSIBLE_EMPATE;0.93;RUTINARIO;Sin riesgo y bajo;SIN_BRECHAS;NO;ALTA;23.78;BAJA;Mantener seguimiento rutinario.;0.0;BAJA
400;176020000172;ALCALA;I.E SAN JOSE SEDE MARIA AUXILIADORA BLOQUE 2;URBANO;CALLE 5 # 2  - 46;MARIA AUXILIADORA BLOQUE 2;3054730028;360;360;360;0;ESCUELAS_IRCAS;DATO_PRINCIPAL_ESCUELAS_IRCAS;NO;SI;ACUAVALLE S.A ESP;SIN RIESGO;SIN RIESGO;67;PLANTA ACUAVALLE S.A ESP;QUEBRADA LOS ANGELES;22/30;FAVORABLE CON REQUERIMIENTOS;2026-02-17;COD_DANE_DUPLICADO+NOMBRE_EXACTO;CRUCE_OK_CONTROLADO;GEORREFERENCIADA;;2;INSTITUCION EDUCATIVA SAN JOSE;MARIA AUXILIADORA;ACTIVA;OFICIAL;MAÑANA;EDUCACIÓN BÁSICA PRIMARIA;CLL 5A # 9 - 43;-75.7764062635;4.67424198021;-75.7764062635;4.67424198021;;;SEDESUESVALLE;COORDENADA_ORIGINAL_SEDESUESVALLE;1;360;;;;;;COINCIDENCIA_NOMBRE_FUERTE_CON_POSIBLE_EMPATE;0.93;RUTINARIO;Sin riesgo y bajo;SIN_BRECHAS;NO;ALTA;23.78;BAJA;Mantener seguimiento rutinario.;0.0;BAJA
401;176020000032;ALCALA;I.E SAN JOSÉ SEDE PRINCIPAL;URBANO;CALLE 5 # 5  - 82;PRINCIPAL;2004125;384;384;384;535;ESCUELAS_IRCAS;DATO_PRINCIPAL_ESCUELAS_IRCAS;NO;SI;ACUAVALLE S.A ESP;SIN RIESGO;SIN RIESGO;67;PLANTA ACUAVALLE S.A ESP;QUEBRADA LOS ANGELES;24/30;FAVORABLE CON REQUERIMIENTOS;2026-03-26;COD_DANE_UNICO;CRUCE_OK;GEORREFERENCIADA;;15;INSTITUCION EDUCATIVA SAN JOSE;SAN JOSÉ;ACTIVA;OFICIAL;MAÑANA;EDUCACIÓN MEDIA;CLL 5A # 5 - 86;-75.779801241;4.67429398187;-75.779801241;4.67429398187;-75.78;4.67;SEDESUESVALLE;COORDENADA_ORIGINAL_SEDESUESVALLE;1;384;2.019;IE SAN JOSE;SAN JOSÉ;URBANA;CLL 5 # 5-82;COINCIDENCIA_NOMBRE_FUERTE;0.93;RUTINARIO;Sin riesgo y bajo;SIN_BRECHAS;NO;ALTA;23.96;BAJA;Mantener seguimiento rutinario.;0.0;BAJA
402;176020000181;ALCALA;I.E ARTURO GOMEZ JARAMILLO SANTO TOMÁS DE AQUINO BLOQUE 1;URBANO;CALLE 5 # 4  - 89;I.E ARTURO GOMEZ JARAMILLO SANTO TOMÁS DE AQUINO BLOQUE 1;3116056510;410;410;410;0;ESCUELAS_IRCAS;DATO_PRINCIPAL_ESCUELAS_IRCAS;NO;SI;ACUAVALLE S.A ESP;SIN RIESGO;SIN RIESGO;67;PLANTA ACUAVALLE S.A ESP;QUEBRADA LOS ANGELES;20/30;FAVORABLE CON REQUERIMIENTOS;2026-03-17;COD_DANE_DUPLICADO+NOMBRE_EXACTO;CRUCE_OK_CONTROLADO;GEORREFERENCIADA;;16;INSTITUCION EDUCATIVA ARTURO GOMEZ JARAMILLO;SANTO TOMAS DE AQUINO;ACTIVA;OFICIAL;UNICA;EDUCACIÓN BÁSICA PRIMARIA;CLL 5 # 4 - 89;-75.778870914;4.67366396118;-75.778870914;4.67366396118;;;SEDESUESVALLE;COORDENADA_ORIGINAL_SEDESUESVALLE;1;410;;;;;;COINCIDENCIA_NOMBRE_FUERTE_CON_POSIBLE_EMPATE;0.93;RUTINARIO;Sin riesgo y bajo;SIN_BRECHAS;NO;ALTA;24.14;BAJA;Mantener seguimiento rutinario.;0.0;BAJA
403;176020000181;ALCALA;I.E ARTURO GOMEZ JARAMILLO SEDE SANTO TOMAS DE AQUINO BLOQUE 2;URBANO;CALLE 5 # 03  - 57;SANTO TOMAS DE AQUINO BLOQUE 2;3136526072;410;410;410;0;ESCUELAS_IRCAS;DATO_PRINCIPAL_ESCUELAS_IRCAS;NO;SI;ACUAVALLE S.A ESP;SIN RIESGO;SIN RIESGO;67;PLANTA ACUAVALLE S.A ESP;QUEBRADA LOS ANGELES;20/30;FAVORABLE CON REQUERIMIENTOS;2026-03-16;COD_DANE_DUPLICADO+NOMBRE_EXACTO;CRUCE_OK_CONTROLADO;GEORREFERENCIADA;;18;INSTITUCION EDUCATIVA ARTURO GOMEZ JARAMILLO;SANTO TOMAS DE AQUINO;ACTIVA;OFICIAL;UNICA;EDUCACIÓN BÁSICA PRIMARIA;CLL 5 # 4 - 89;-75.778870914;4.67366396118;-75.778870914;4.67366396118;;;SEDESUESVALLE;COORDENADA_ORIGINAL_SEDESUESVALLE;1;410;;;;;;COINCIDENCIA_NOMBRE_FUERTE_CON_POSIBLE_EMPATE;0.93;RUTINARIO;Sin riesgo y bajo;SIN_BRECHAS;NO;ALTA;24.14;BAJA;Mantener seguimiento rutinario.;0.0;BAJA
404;276275000634;FLORIDA;I.E. IDEBIC SEDE ALFONSO LOPEZ PUMAREJO;RURAL;VEREDA LOS CALEÑOS;ALFONSO LOPEZ PUMAREJO;3103892364;41;41;0;0;ESCUELAS_IRCAS;DATO_PRINCIPAL_ESCUELAS_IRCAS;NO;SI;LOS CALEÑOS;RIESGO ALTO;ALTO;;ACUEDUCTO RURAL;QUEBRADA LOS CALEÑOS;26,5/30;DESFAVORABLE;2012-08-29;COD_DANE_UNICO;CRUCE_OK;GEORREFERENCIADA;;449;;;ACTIVA;OFICIAL;COMPLETA;EDUCACIÓN BÁSICA PRIMARIA;CU DE LOS CALEÃƒÂ¿OS RGDO INDIGENA TRIUNFO CRISTAL PAEZ;-76.1647730668;3.30410429465;-76.1647730668;3.30410429465;;;SEDESUESVALLE;COORDENADA_ORIGINAL_SEDESUESVALLE;2;0;;;;;;COINCIDENCIA_NOMBRE_FUERTE_CON_POSIBLE_EMPATE;0.93;PRIORITARIO;Alto e inviable;SIN_BRECHAS;NO;ALTA;63.4;ALTA;Programar seguimiento operativo y verificar condiciones del sistema abastecedor.;5.84;MEDIA
405;276275001380;FLORIDA;I.E. IDEBIC SEDE EL MIRADOR;RURAL;VEREDA EL MIRADOR;EL MIRADOR;3103892364;11;11;0;12;ESCUELAS_IRCAS;DATO_PRINCIPAL_ESCUELAS_IRCAS;NO;SI;ASCORDI;RIESGO MEDIO;MEDIO;117;ACUEDUCTO RURAL;QUEBRADA LOS CALEÑOS - QUEBRADA LAS CAMELIAS;22/30;DESFAVORABLE;2026-03-19;COD_DANE_UNICO;CRUCE_OK;GEORREFERENCIADA;;438;;;ACTIVA;OFICIAL;COMPLETA;EDUCACIÓN BÁSICA PRIMARIA;CU EL MIRADOR RGDO INDIGENA NASA KWE SX KIWE;-76.1647730668;3.30410429465;-76.1647730668;3.30410429465;-76.17;3.27;SEDESUESVALLE;COORDENADA_ORIGINAL_SEDESUESVALLE;2;0;2.019;IE IDEBIC;EL MIRADOR;RURAL;COMUNIDAD INDIGENA DE EL MIRADOR;COINCIDENCIA_NOMBRE_FUERTE;0.93;PREVENTIVO;Medio;SIN_BRECHAS;NO;ALTA;40.74;MEDIA;Mantener seguimiento preventivo dentro de la programación regular.;2.59;BAJA
406;276275000511;FLORIDA;I.E. JOSE MARIA CORDOBA SEDE ANTONIO JOSE DE SUCRE;RURAL;VEREDA LA DIANA;ANTONIO JOSE DE SUCRE;3103656616;40;40;37;0;ESCUELAS_IRCAS;DATO_PRINCIPAL_ESCUELAS_IRCAS;NO;SI;ASCORDI;RIESGO MEDIO;MEDIO;117;ACUEDUCTO RURAL - FILTRO EKOFIL;QUEBRADA LOS CALEÑOS - QUEBRADA LAS CAMELIAS;15/30;DESFAVORABLE;2026-03-19;COD_DANE_UNICO;CRUCE_OK;GEORREFERENCIADA;;436;INSTITUCION EDUCATIVA JOSE MARIA CORDOBA;ANTONIO JOSE DE SUCRE;ACTIVA;OFICIAL;UNICA;EDUCACIÓN MEDIA;CORREG LA DIANA;-76.17802334;3.322867338;-76.17802334;3.322867338;;;SEDESUESVALLE;COORDENADA_ORIGINAL_SEDESUESVALLE;1;37;;;;;;COINCIDENCIA_NOMBRE_FUERTE_CON_POSIBLE_EMPATE;0.93;PREVENTIVO;Medio;SIN_BRECHAS;NO;ALTA;44.08;MEDIA;Mantener seguimiento preventivo dentro de la programación regular.;3.87;BAJA
407;276250000176;EL DOVIO;I.E JOSE MARIA FALLA SEDE VEINTE DE JULIO;RURAL;VEREDA EL LULAR;VEINTE DE JULIO;3155404190;5;5;5;0;ESCUELAS_IRCAS;DATO_PRINCIPAL_ESCUELAS_IRCAS;NO;SI;ASOCIACIÓN DE USUARIOS DEL ACUEDUCTO RURAL COMUNITARIO DE LA VEREDA EL LULAR AGUAS LULAREÑAS;INVIABLE SANITARIAMENTE;INVIABLE SANITARIAMENTE;1975;ACUEDUCTO RURAL;QUEBRADA LOS CEDROS;26.5/30;FAVORABLE CON REQUERIMIENTOS;2026-02-11;COD_DANE_UNICO;CRUCE_OK;GEORREFERENCIADA;;392;INSTITUCION EDUCATIVA JOSE MARIA FALLA;VEINTE DE JULIO;ACTIVA;OFICIAL;UNICA;EDUCACIÓN BÁSICA PRIMARIA;VDA EL LULAR;-76.37836737;4.50933497;-76.37836737;4.50933497;;;SEDESUESVALLE;COORDENADA_ORIGINAL_SEDESUESVALLE;1;5;;;;;;COINCIDENCIA_NOMBRE_FUERTE_CON_POSIBLE_EMPATE;0.93;PRIORITARIO;Alto e inviable;SIN_BRECHAS;NO;ALTA;67.66;ALTA;Priorizar revisión técnica, validación en campo y articulación con sector educativo.;3.27;BAJA
408;276233000073;DAGUA;I.E. CAMILO TORRES SEDE ROSA ZARATE DE PEÑA;RURAL;CORREGIMIENTO ATUNCELA;ROSA ZARATE DE PEÑA;3117776969;16;16;0;0;ESCUELAS_IRCAS;DATO_PRINCIPAL_ESCUELAS_IRCAS;NO;SI;ASOCIACION DE USUARIOS DEL ACUEDUCTO QUEBRADA LOS CHORROS, CORREGIMIENTO ATUNCELA, MUNICIPIO DE DAGUA - ASUACAT;SIN RIESGO;SIN RIESGO;4056;ACUEDUCTO RURAL ATUNCELA LOS CHORROS;QUEBRADA LOS CHORROS;19/30;DESFAVORABLE;2026-05-08;MUNICIPIO+NOMBRE_EXACTO;CRUCE_RECUPERADO;SIN_COORDENADAS;;233;;;;;;;;;;;;;;SIN_COORDENADA;SIN_COORDENADA;0;0;;;;;;COINCIDENCIA_NOMBRE_FUERTE_CON_POSIBLE_EMPATE;0.93;RUTINARIO;Sin riesgo y bajo;SIN_COORDENADA;SI;MEDIA;21.69;BAJA;Priorizar georreferenciación de la sede educativa.;0.0;BAJA
409;;ARGELIA;I.E SANTIAGO GUTIERREZ ANGEL SEDE CRISTOBAL COLON-FUNDACION PRODESARROLLO COMUNITARIO;RURAL;VEREDA LA AURORA;CRISTOBAL COLON-FUNDACION PRODESARROLLO COMUNITARIO;3153279111;0;0;0;0;SIN_FUENTE;SIN_DATO_MATRICULA;SI;SI;COOPERATIVA SAN ROQUE LAS BRISAS RAIZAL LA AURORA -SISTEMA # 2;SIN RIESGO;SIN RIESGO;3511;ACUEDUCTO RURAL;QUEBRADA LOS CHORROS - QUEBRADA ALTO TIGRE;26/30;FAVORABLE CON REQUERIMIENTOS;2026-01-29;MUNICIPIO+NOMBRE_EXACTO;CRUCE_RECUPERADO;SIN_COORDENADAS;;87;;;;;;;;;;;;;;SIN_COORDENADA;SIN_COORDENADA;0;0;;;;;;COINCIDENCIA_NOMBRE_FUERTE_CON_POSIBLE_EMPATE;0.93;RUTINARIO;Sin riesgo y bajo;"SIN_MATRICULA_VALIDADA; SIN_COORDENADA";SI;BAJA;12.2;BAJA;Priorizar georreferenciación de la sede educativa.;0.0;BAJA
410;;EL CAIRO;I.E LA PRESENTACIÒN SEDE NUESTRA SEÑORA DE LAS MERCEDES-FUNDACION PRODESARROLLO COMUNITARIO;RURAL;CORREGIMIENTO DE ALBAN;NUESTRA SEÑORA DE LAS MERCEDES-FUNDACION PRODESARROLLO COMUNITARIO;3024750511;65;65;0;0;ESCUELAS_IRCAS;DATO_PRINCIPAL_ESCUELAS_IRCAS;NO;SI;ASOCIACIÓN DE USUARIOS DEL ACUEDUCTO RURAL COMUNITARIO DEL CORREGIMIENTO ALBAN AGUALBAN;RIESGO ALTO;ALTO;2215;PLANTA COMPACTA COLECTIVA;QUEBRADA LOS CHORROS - QUEBRADA LA FLORESTA;25/30;FAVORABLE CON REQUERIMIENTOS;2026-02-18;MUNICIPIO+NOMBRE_EXACTO;CRUCE_RECUPERADO;SIN_COORDENADAS;;321;;;;;;;;;;;;;;SIN_COORDENADA;SIN_COORDENADA;0;0;;;;;;COINCIDENCIA_NOMBRE_FUERTE_CON_POSIBLE_EMPATE;0.93;PRIORITARIO;Alto e inviable;SIN_COORDENADA;SI;MEDIA;62.42;ALTA;Programar seguimiento operativo y verificar condiciones del sistema abastecedor.;5.73;MEDIA
411;276246000129;EL CAIRO;I.E GILBERTO ALZATE AVENDAÑO SEDE ALBAN;RURAL;CORREGIMIENTO DE ALBAN;ALBAN;3218548757;8;8;8;133;ESCUELAS_IRCAS;DATO_PRINCIPAL_ESCUELAS_IRCAS;NO;SI;ASOCIACIÓN DE USUARIOS DEL ACUEDUCTO RURAL COMUNITARIO DEL CORREGIMIENTO ALBAN AGUALBAN;RIESGO ALTO;ALTO;2215;PLANTA COMPACTA COLECTIVA;QUEBRADA LOS CHORROS - QUEBRADA LA FLORESTA;22/30;FAVORABLE CON REQUERIMIENTOS;2026-02-18;COD_DANE_DUPLICADO+NOMBRE_EXACTO;CRUCE_OK_CONTROLADO;GEORREFERENCIADA;;322;INSTITUCION EDUCATIVA  GILBERTO ALZATE AVENDAÑO;GENERAL CARLOS ALBAN;ACTIVA;OFICIAL;MAÑANA;EDUCACIÓN BÁSICA PRIMARIA;VDA EL MADROÑO;-76.19546574;4.742248338;-76.19546574;4.742248338;-76.22;4.76;SEDESUESVALLE;COORDENADA_ORIGINAL_SEDESUESVALLE;1;8;2.019;IE GILBERTO ALZATE AVENDAÑO;GILBERTO ALZATE AVENDAÑO;URBANA;CRA 7 CLL 12 ESQUINA;COINCIDENCIA_NOMBRE_FUERTE;0.93;PRIORITARIO;Alto e inviable;SIN_BRECHAS;NO;ALTA;55.01;ALTA;Programar seguimiento operativo y verificar condiciones del sistema abastecedor.;3.01;BAJA
412;276233000413;DAGUA;I.E. CRISTOBAL COLON SEDE TOCOTA;RURAL;VEREDA TOCOTA;TOCOTA;3183066594;24;24;24;59;ESCUELAS_IRCAS;DATO_PRINCIPAL_ESCUELAS_IRCAS;NO;SI;ASOCIACION DE USUARIOS DE ACUEDUCTO DE LA VEREDA TOCOTA -  ASOTOCOTA;SIN RIESGO;SIN RIESGO;2849;ACUEDUCTO RURAL TOCOTA;QUEBRADA LOS CIRUELOS;16/30;FAVORABLE;2025-07-26;COD_DANE_UNICO;CRUCE_OK;GEORREFERENCIADA;;229;INSTITUCION EDUCATIVA CRISTOBAL COLON;SEDE TOCOTA;ACTIVA;OFICIAL;MAÑANA;EDUCACIÓN BÁSICA PRIMARIA;CAS TOCOTA;-76.656663;3.508311;-76.656663;3.508311;-76.66;3.51;SEDESUESVALLE;COORDENADA_ORIGINAL_SEDESUESVALLE;1;24;2.019;IE CRISTOBAL COLON;CRISTOBAL COLON;RURAL;VDA TOCOTA;COINCIDENCIA_NOMBRE_FUERTE;0.93;RUTINARIO;Sin riesgo y bajo;SIN_BRECHAS;NO;ALTA;12.94;BAJA;Mantener seguimiento rutinario con control territorial rural.;0.0;BAJA
413;276233001240;DAGUA;I.E. CRISTOBAL COLON SEDE CENTRAL CRISTOBAL COLON;RURAL;VEREDA TOCOTA;CENTRAL CRISTOBAL COLON;3183066594;113;113;113;59;ESCUELAS_IRCAS;DATO_PRINCIPAL_ESCUELAS_IRCAS;NO;SI;ASOCIACION DE USUARIOS DE ACUEDUCTO DE LA VEREDA TOCOTA -  ASOTOCOTA;SIN RIESGO;SIN RIESGO;2849;ACUEDUCTO RURAL TOCOTA;QUEBRADA LOS CIRUELOS;20/30;FAVORABLE;2025-07-27;COD_DANE_UNICO;CRUCE_OK;GEORREFERENCIADA;;230;INSTITUCION EDUCATIVA CRISTOBAL COLON;SEDE CENTRAL CRISTOBAL COLON;ACTIVA;OFICIAL;MAÑANA;EDUCACIÓN MEDIA;CAS TOCOTA;-76.666663;3.573589;-76.666663;3.573589;-76.66;3.51;SEDESUESVALLE;COORDENADA_ORIGINAL_SEDESUESVALLE;1;113;2.019;IE CRISTOBAL COLON;CRISTOBAL COLON;RURAL;VDA TOCOTA;COINCIDENCIA_NOMBRE_FUERTE;0.93;RUTINARIO;Sin riesgo y bajo;SIN_BRECHAS;NO;ALTA;17.06;BAJA;Mantener seguimiento rutinario con control territorial rural.;0.0;BAJA
414;276890000253;YOTOCO;I.E. ALFONSO ZAWADZKY - SEDE ANTONIA SANTOS;RURAL;PARQUE PRINCIPAL - MEDIACANOA;ANTONIA SANTOS;3182819263;253;253;281;0;ESCUELAS_IRCAS;DATO_PRINCIPAL_ESCUELAS_IRCAS;NO;SI;ASOMEDIACANOA;RIESGO BAJO;BAJO;193;ACUEDUCTO RURAL;QUEBRADA LOS CRISTALES;24.5;FAVORABLE CON REQUERIMIENTOS;2026-02-19;COD_DANE_UNICO;CRUCE_OK;GEORREFERENCIADA;;918;INSTITUCION EDUCATIVA ALFONSO ZAWADZKY;ANTONIA SANTOS;ACTIVA;OFICIAL;UNICA;EDUCACIÓN BÁSICA SECUNDARIA;CORREG MEDIACANOA;-76.376779;3.900133;-76.376779;3.900133;;;SEDESUESVALLE;COORDENADA_ORIGINAL_SEDESUESVALLE;1;281;;;;;;COINCIDENCIA_NOMBRE_FUERTE_CON_POSIBLE_EMPATE;0.93;RUTINARIO;Sin riesgo y bajo;SIN_BRECHAS;NO;ALTA;31.08;BAJA;Mantener seguimiento rutinario con control territorial rural.;2.53;BAJA
415;276122000261;CAICEDONIA;IE LA CONSOLITA SEDE LA POLA;RURAL;VDA LA POLA;LA POLA;3103874060;9;9;14;0;ESCUELAS_IRCAS;DATO_PRINCIPAL_ESCUELAS_IRCAS;NO;SI;ASOCIACION DE USUARIOS ACUEDUCTO DE FRONTINO, QUIEBRA Y CRUCERO;RIESGO ALTO;ALTO;2151;;QUEBRADA MANANTIALES DEL FRONTINO;26;FAVORABLE CON REQUERIMIENTOS;2026-03-03;COD_DANE_UNICO;CRUCE_OK;GEORREFERENCIADA;;191;INSTITUCION EDUCATIVA LA CONSOLITA;LA POLA;ACTIVA;OFICIAL;MAÑANA;EDUCACIÓN BÁSICA PRIMARIA;IP EL CRUCERO;-75.85565077;4.307752864;-75.85565077;4.307752864;;;SEDESUESVALLE;COORDENADA_ORIGINAL_SEDESUESVALLE;1;14;;;;;;COINCIDENCIA_NOMBRE_FUERTE_CON_POSIBLE_EMPATE;0.98;PRIORITARIO;Alto e inviable;SIN_BRECHAS;NO;ALTA;55.3;ALTA;Programar seguimiento operativo y verificar condiciones del sistema abastecedor.;3.15;BAJA
416;276122000147;CAICEDONIA;IE LA CONSOLITA SEDE SAN LUIS (DI);RURAL;VEREDA EL FRONTINO;SAN LUIS (DI);3157809556;7;7;4;0;ESCUELAS_IRCAS;DATO_PRINCIPAL_ESCUELAS_IRCAS;NO;SI;ASOCIACION DE USUARIOS ACUEDUCTO DE FRONTINO, QUIEBRA Y CRUCERO;RIESGO ALTO;ALTO;2151;;QUEBRADA MANANTIALES DEL FRONTINO;28.5;FAVORABLE CON REQUERIMIENTOS;2026-03-04;COD_DANE_UNICO;CRUCE_OK;GEORREFERENCIADA;;196;INSTITUCION EDUCATIVA LA CONSOLITA;SAN LUIS;ACTIVA;OFICIAL;MAÑANA;EDUCACIÓN BÁSICA PRIMARIA;VDA EL FRONTINO;-75.85268359;4.290920557;-75.85268359;4.290920557;;;SEDESUESVALLE;COORDENADA_ORIGINAL_SEDESUESVALLE;1;4;;;;;;COINCIDENCIA_NOMBRE_FUERTE_CON_POSIBLE_EMPATE;0.98;PRIORITARIO;Alto e inviable;SIN_BRECHAS;NO;ALTA;54.69;MEDIA;Programar seguimiento operativo y verificar condiciones del sistema abastecedor.;2.84;BAJA
417;276041000096;ANSERMANUEVO;I.E JORGE ISAAC SEDE MERCEDES ABREGO;RURAL;VEREDA LA POPALITA;MERCEDES ABREGO;3174517010;5;5;5;8;ESCUELAS_IRCAS;DATO_PRINCIPAL_ESCUELAS_IRCAS;NO;SI;ASOCIACION GESTION COMUNITARIA DEL AGUA DE LA POPALITA;INVIABLE SANITARIAMENTE;INVIABLE SANITARIAMENTE;625;ACUEDUCTO RURAL;QUEBRADA MESAGRANDE;20/30;FAVORABLE CON REQUERIMIENTOS;2026-03-05;COD_DANE_UNICO;CRUCE_OK;GEORREFERENCIADA;;61;INSTITUCION EDUCATIVA JORGE ISAACS;MERCEDES ABREGO;ACTIVA;OFICIAL;ESPECIAL;EDUCACIÓN BÁSICA PRIMARIA;IP LA POPALITA;-76.11250793;4.774321081;-76.11250793;4.774321081;-76.11;4.77;SEDESUESVALLE;COORDENADA_ORIGINAL_SEDESUESVALLE;1;5;2.019;IE JORGE ISAACS;MERCEDES ABREGO;RURAL;VDA. LA POPALITA;COINCIDENCIA_NOMBRE_FUERTE;0.93;PRIORITARIO;Alto e inviable;SIN_BRECHAS;NO;ALTA;67.66;ALTA;Priorizar revisión técnica, validación en campo y articulación con sector educativo.;3.27;BAJA
418;276828000093;TRUJILLO;ESCUELA PANTALEON DE LA TORRE N. 6;RURAL;CGTO HUASANO;;3113099255;47;47;43;52;ESCUELAS_IRCAS;DATO_PRINCIPAL_ESCUELAS_IRCAS;NO;SI;ASOCIACION DE USUARIOS AL SERVICIO DE AGUA POTABLE Y ALCANTARILLADO HUASANO;SIN RIESGO;SIN RIESGO;2789;ACUEDUCTO RURAL;QUEBRADA MONSERRATE;22.5;FAVORABLE CON REQUERIMIENTOS;2025-06-17;COD_DANE_UNICO;CRUCE_OK;GEORREFERENCIADA;;845;INSTITUCION EDUCATIVA  JULIAN TRUJILLO;PANTALEON DE LA TORRE;ACTIVA;OFICIAL;COMPLETA;EDUCACIÓN MEDIA;CORREG DE HUASANO;-76.2437563545;4.24605892809;-76.2437563545;4.24605892809;-76.24;4.25;SEDESUESVALLE;COORDENADA_ORIGINAL_SEDESUESVALLE;1;43;2.019;IE JULIAN TRUJILLO;PANTALEON DE LA TORRE;RURAL;CORREG HUASANO;COINCIDENCIA_NOMBRE_FUERTE;0.93;RUTINARIO;Sin riesgo y bajo;SIN_BRECHAS;NO;ALTA;18.31;BAJA;Mantener seguimiento rutinario con control territorial rural.;0.0;BAJA
419;276041000851;ANSERMANUEVO;I.E JORGE ISAACS SEDE ONCE DE NOVIEMBRE;RURAL;VEREDA LA ESPERANZA;ONCE DE NOVIEMBRE;3226753404;9;9;9;0;ESCUELAS_IRCAS;DATO_PRINCIPAL_ESCUELAS_IRCAS;NO;SI;JUNTA DE ADMINISTRACIÓN COMUNAL LA ESPERANZA;INVIABLE SANITARIAMENTE;INVIABLE SANITARIAMENTE;528;ACUEDUCTO RURAL;QUEBRADA MORAVIA 1 Y 2 - QUEBRADA BALCONES;21/30;FAVORABLE CON REQUERIMIENTOS;2025-11-13;COD_DANE_UNICO;CRUCE_OK;GEORREFERENCIADA;;49;INSTITUCION EDUCATIVA JORGE ISAACS;ONCE DE NOVIEMBRE;ACTIVA;OFICIAL;ESPECIAL;EDUCACIÓN BÁSICA PRIMARIA;VDA LA ESPERANZA;-76.10173277;4.834021757;-76.10173277;4.834021757;;;SEDESUESVALLE;COORDENADA_ORIGINAL_SEDESUESVALLE;1;9;;;;;;COINCIDENCIA_NOMBRE_FUERTE_CON_POSIBLE_EMPATE;0.93;PRIORITARIO;Alto e inviable;SIN_BRECHAS;NO;ALTA;69.05;ALTA;Priorizar revisión técnica, validación en campo y articulación con sector educativo.;4.2;MEDIA
420;276736000330;SEVILLA;I.E. HERACLIO URIBE URIBE SEDE NUESTRA SEÑORA DEL PERPETUO SOCORRO;RURAL;VDA EL VENADO;NUESTRA SEÑORA DEL PERPETUO SOCORRO;3137496187;13;13;15;0;ESCUELAS_IRCAS;DATO_PRINCIPAL_ESCUELAS_IRCAS;NO;SI;ASOCIACION DE USUARIOS DEL ACUEDUCTO DE LA VEREDA EL VENADO;RIESGO ALTO;ALTO;542;;QUEBRADA PALOMINO;22.5;FAVORABLE CON REQUERIMIENTOS;2025-09-12;COD_DANE_UNICO;CRUCE_OK;GEORREFERENCIADA;;758;INSTITUCION EDUCATIVA HERACLIO URIBE URIBE;NUESTRA SEÑORA DEL PERPETUO SOCORRO;ACTIVA;OFICIAL;UNICA;EDUCACIÓN BÁSICA PRIMARIA;CORREG EL VENADO;-75.90279369;4.331483681;-75.90279369;4.331483681;;;SEDESUESVALLE;COORDENADA_ORIGINAL_SEDESUESVALLE;1;15;;;;;;COINCIDENCIA_NOMBRE_FUERTE_CON_POSIBLE_EMPATE;0.93;PRIORITARIO;Alto e inviable;SIN_BRECHAS;NO;ALTA;56.21;ALTA;Programar seguimiento operativo y verificar condiciones del sistema abastecedor.;3.61;BAJA
421;276250000192;EL DOVIO;I.E ACERG SEDE SAN PABLO;RURAL;CORREGIMIENTO BITACO;SAN PABLO;3005709307;12;12;12;37;ESCUELAS_IRCAS;DATO_PRINCIPAL_ESCUELAS_IRCAS;NO;SI;ASOCIACION DE USUARIOS ACUEDUCTO RURAL COMUNITARIO CORREGIMIENTO DE BITACO;RIESGO ALTO;ALTO;3463;ACUEDUCTO RURAL;QUEBRADA PAN Y VIDA;26.5/30;FAVORABLE CON REQUERIMIENTOS;2026-03-19;COD_DANE_UNICO;CRUCE_OK;GEORREFERENCIADA;;396;INSTITUCION EDUCATIVA ACERG  ASOCIACION DE CENTROS EDUCATIVOS DEL CAÑON DEL RIO GARRAPATAS;SAN PABLO;ACTIVA;OFICIAL;UNICA;EDUCACIÓN MEDIA;CORREG BITACO;-76.35438478;4.494824224;-76.35438478;4.494824224;-76.35;4.49;SEDESUESVALLE;COORDENADA_ORIGINAL_SEDESUESVALLE;1;12;2.019;IE ACERG;SAN PABLO;RURAL;CORREG BITACO;COINCIDENCIA_NOMBRE_FUERTE;0.93;PRIORITARIO;Alto e inviable;SIN_BRECHAS;NO;ALTA;56.01;ALTA;Programar seguimiento operativo y verificar condiciones del sistema abastecedor.;3.51;BAJA
422;276306000221;GINEBRA;I.E. DE DESARROLLO RURAL LA SELVA SEDE JUANA DE ARCO;RURAL;VEREDA PATIO BONITO;JUANA DE ARCO;3169255262 - 3238023916;13;13;13;94;ESCUELAS_IRCAS;DATO_PRINCIPAL_ESCUELAS_IRCAS;NO;SI;ASOCIACION JUNTA ADMINISTRADORA DEL ACUEDUCTO DE LA VEREDA PATIO BONITO;INVIABLE SANITARIAMENTE;INVIABLE SANITARIAMENTE;6836;-;QUEBRADA PAPORRINAS;56.7;DESFAVORABLE;2025-04-03;COD_DANE_UNICO;CRUCE_OK;GEORREFERENCIADA;;478;INSTITUCION EDUCATIVA DE DESARROLLO RURAL LA SELVA;JUANA DE ARCO;ACTIVA;OFICIAL;COMPLETA;EDUCACIÓN MEDIA;VDA PATIO BONITO;-76.21744126;3.737642314;-76.21744126;3.737642314;-76.22;3.74;SEDESUESVALLE;COORDENADA_ORIGINAL_SEDESUESVALLE;1;13;2.019;IE DE DESARROLLO RURAL LA SELVA;JUANA DE ARCO;RURAL;VDA PATIO BONITO;COINCIDENCIA_NOMBRE_FUERTE;0.93;PRIORITARIO;Alto e inviable;SIN_BRECHAS;NO;ALTA;74.16;ALTA;Priorizar revisión técnica, validación en campo y articulación con sector educativo.;5.5;MEDIA
423;;EL AGUILA;I.E SANTA MARTA SEDE DIONISIO CORTES GRADO 6-11;RURAL;CORREGIMIENTO LA MARIA;DIONISIO CORTES GRADO 6-11;3152345369;123;123;0;222;ESCUELAS_IRCAS;DATO_PRINCIPAL_ESCUELAS_IRCAS;NO;SI;ASOCIACION DE USUARIOS DEL ACUEDCUTO RURAL COMUNITARIO DEL CORREGIMIENTO LA MARIA;SIN RIESGO;SIN RIESGO;915;FILTRO;QUEBRADA PARAISO;25/30;FAVORABLE;2026-02-04;MUNICIPIO+NOMBRE_EXACTO;CRUCE_RECUPERADO;GEORREFERENCIADA;;298;;;;;;;;-76.08;4.87;;;-76.08;4.87;MEN_SEDES;COMPLEMENTADA_CON_MEN;0;0;2.019;IE SANTA MARTA;DIONISIO CORTES;RURAL;CORREG LA MARIA;COINCIDENCIA_NOMBRE_FUERTE;0.93;RUTINARIO;Sin riesgo y bajo;SIN_BRECHAS;NO;ALTA;17.28;BAJA;Mantener seguimiento rutinario con control territorial rural.;0.0;BAJA
424;;EL AGUILA;I.E SANTA MARTA SEDE DIONISIO CORTES-PRIMARIA;RURAL;CORREGIMIENTO LA MARIA;DIONISIO CORTES-PRIMARIA;3152345369;40;40;0;222;ESCUELAS_IRCAS;DATO_PRINCIPAL_ESCUELAS_IRCAS;NO;SI;ASOCIACION DE USUARIOS DEL ACUEDCUTO RURAL COMUNITARIO DEL CORREGIMIENTO LA MARIA;SIN RIESGO;SIN RIESGO;915;FILTRO;QUEBRADA PARAISO;25/30;FAVORABLE;2026-02-04;MUNICIPIO+NOMBRE_EXACTO;CRUCE_RECUPERADO;GEORREFERENCIADA;;299;;;;;;;;-76.08;4.87;;;-76.08;4.87;MEN_SEDES;COMPLEMENTADA_CON_MEN;0;0;2.019;IE SANTA MARTA;DIONISIO CORTES;RURAL;CORREG LA MARIA;COINCIDENCIA_NOMBRE_FUERTE;0.93;RUTINARIO;Sin riesgo y bajo;SIN_BRECHAS;NO;ALTA;14.28;BAJA;Mantener seguimiento rutinario con control territorial rural.;0.0;BAJA
425;276122000031;CAICEDONIA;I.E. RURAL CAICEDONIA SEDE POLICARPA SALAVARRIETA;RURAL;VEREDA DABEIBA;POLICARPA SALAVARRIETA;3166272869;23;23;13;0;ESCUELAS_IRCAS;DATO_PRINCIPAL_ESCUELAS_IRCAS;NO;SI;ASOCIACION DE USUARIOS DEL ACUEDUCTO VEREDAL VILLA AURES-DABEIBA;RIESGO ALTO;ALTO;4071;;QUEBRADA PATIO BONITO;23;FAVORABLE CON REQUERIMIENTOS;2025-10-23;COD_DANE_UNICO;CRUCE_OK;GEORREFERENCIADA;;190;INSTITUCION EDUCATIVA RURAL CAICEDONIA;CENT DOC   NO  29 POLICARPA SALAVARRIETA;ACTIVA;OFICIAL;MAÑANA;EDUCACIÓN BÁSICA PRIMARIA;VDA DABEIBA;-75.8184479;4.240040542;-75.8184479;4.240040542;;;SEDESUESVALLE;COORDENADA_ORIGINAL_SEDESUESVALLE;1;13;;;;;;SIN_COINCIDENCIA_FUERTE;0.674;PRIORITARIO;Alto e inviable;SIN_BRECHAS;NO;ALTA;57.68;ALTA;Programar seguimiento operativo y verificar condiciones del sistema abastecedor.;4.35;MEDIA
426;276020000215;ALCALA;I.E ARTURO GOMEZ JARAMILLO SEDE LA POLONIA;RURAL;VEREDA LA POLONIA;LA POLONIA;3127952407;6;6;6;0;ESCUELAS_IRCAS;DATO_PRINCIPAL_ESCUELAS_IRCAS;NO;SI;COOPERATIVA MARAVELEZ ALCALA ESP (SISTEMA #2);RIESGO MEDIO;MEDIO;171;ACUEDUCTO RURAL;QUEBRADA PATIVILCA;24/30;FAVORABLE CON REQUERIMIENTOS;2026-02-26;COD_DANE_UNICO;CRUCE_OK;GEORREFERENCIADA;;12;INSTITUCION EDUCATIVA ARTURO GOMEZ JARAMILLO;LA POLONIA;ACTIVA;OFICIAL;UNICA;EDUCACIÓN BÁSICA PRIMARIA;VDA LA POLONIA;-75.742652;4.678925;-75.742652;4.678925;;;SEDESUESVALLE;COORDENADA_ORIGINAL_SEDESUESVALLE;1;6;;;;;;COINCIDENCIA_NOMBRE_FUERTE_CON_POSIBLE_EMPATE;0.93;PREVENTIVO;Medio;SIN_BRECHAS;NO;ALTA;35.08;MEDIA;Mantener seguimiento preventivo dentro de la programación regular.;1.77;BAJA
427;176863000336;VERSALLES;I.E LA INMACULADA;URBANO;CALLE 7 # 9  - 110;I.E LA INMACULADA;3104627661;111;111;111;561;ESCUELAS_IRCAS;DATO_PRINCIPAL_ESCUELAS_IRCAS;NO;SI;COOPERATIVA DE SERVICIOS PÚBLICOS DE VERSALLES CAMINO VERDE APC;SIN RIESGO;SIN RIESGO;52;PTAP FIME;QUEBRADA PATUMA - QUEBRADA MARAVELEZ - QUEBRADA LA SUIZA;29.5/30;FAVORABLE;2025-11-20;COD_DANE_UNICO;CRUCE_OK;GEORREFERENCIADA;;876;INSTITUCION EDUCATIVA LA INMACULADA;LA INMACULADA;ACTIVA;OFICIAL;COMPLETA;EDUCACIÓN MEDIA;CRA 7 # 7 - 20 BRR/EL COMERCIO;-76.199651591;4.57402757665;-76.199651591;4.57402757665;-76.2;4.57;SEDESUESVALLE;COORDENADA_ORIGINAL_SEDESUESVALLE;1;111;2.019;IE LA INMACULADA;LA INMACULADA;URBANA;CR 7 NO 7-20;COINCIDENCIA_NOMBRE_FUERTE;0.93;RUTINARIO;Sin riesgo y bajo;SIN_BRECHAS;NO;ALTA;17.01;BAJA;Mantener seguimiento rutinario.;0.0;BAJA
428;;VERSALLES;I.E. LA INMACULADA SEDE PREESCOLAR;URBANO;CARRERA 8 # 7  - 56;PREESCOLAR;3108263948;64;64;0;561;ESCUELAS_IRCAS;DATO_PRINCIPAL_ESCUELAS_IRCAS;NO;SI;COOPERATIVA DE SERVICIOS PÚBLICOS DE VERSALLES CAMINO VERDE APC;SIN RIESGO;SIN RIESGO;52;PTAP FIME;QUEBRADA PATUMA - QUEBRADA MARAVELEZ - QUEBRADA LA SUIZA;24.5/30;FAVORABLE CON REQUERIMIENTOS;2025-04-09;MUNICIPIO+NOMBRE_EXACTO;CRUCE_RECUPERADO;GEORREFERENCIADA;;873;;;;;;;;-76.2;4.57;;;-76.2;4.57;MEN_SEDES;COMPLEMENTADA_CON_MEN;0;0;2.019;IE LA INMACULADA;LA INMACULADA;URBANA;CR 7 NO 7-20;COINCIDENCIA_NOMBRE_FUERTE;0.93;RUTINARIO;Sin riesgo y bajo;SIN_BRECHAS;NO;ALTA;19.13;BAJA;Mantener seguimiento rutinario.;0.0;BAJA
429;176863000352;VERSALLES;I.E LA INMACULADA SEDE CAMILO TORRES;URBANO;CARRERA 2 # 7  - 44  GUAYABITO;CAMILO TORRES;3104627661;221;221;221;0;ESCUELAS_IRCAS;DATO_PRINCIPAL_ESCUELAS_IRCAS;NO;SI;COOPERATIVA DE SERVICIOS PÚBLICOS DE VERSALLES CAMINO VERDE APC;SIN RIESGO;SIN RIESGO;52;PTAP FIME;QUEBRADA PATUMA - QUEBRADA MARAVELEZ - QUEBRADA LA SUIZA;26/30;FAVORABLE CON REQUERIMIENTOS;2025-10-31;COD_DANE_DUPLICADO_COORDENADA_COMUN;VALIDAR_DUPLICADO;GEORREFERENCIADA;"Código DANE duplicado en SedesUESVALLE; se asignó coordenada común.";875;INSTITUCION EDUCATIVA LA INMACULADA;INSTITUTO TECNICO COMERCIALCAMILO TORRES;ACTIVA;OFICIAL;COMPLETA;EDUCACIÓN MEDIA;CRA 2 # 7 - 44 BRR/GUAYABITO;-76.18099937;4.559267788;-76.18099937;4.559267788;;;SEDESUESVALLE;COORDENADA_ORIGINAL_SEDESUESVALLE;1;221;;;;;;COINCIDENCIA_NOMBRE_FUERTE_CON_POSIBLE_EMPATE;0.93;RUTINARIO;Sin riesgo y bajo;CRUCE_PENDIENTE;SI;MEDIA;24.46;BAJA;Mantener seguimiento rutinario.;0.0;BAJA
430;176863000433;VERSALLES;I.E LA INMACULADA SEDE MANUELA BELTRAN;URBANO;CARRERA 10 # 7 ESQUINA   LAS OLIVAS;MANUELA BELTRAN;3104627661;48;48;48;561;ESCUELAS_IRCAS;DATO_PRINCIPAL_ESCUELAS_IRCAS;NO;SI;COOPERATIVA DE SERVICIOS PÚBLICOS DE VERSALLES CAMINO VERDE APC;SIN RIESGO;SIN RIESGO;52;PTAP FIME;QUEBRADA PATUMA - QUEBRADA MARAVELEZ - QUEBRADA LA SUIZA;30/30;FAVORABLE CON REQUERIMIENTOS;2025-10-31;COD_DANE_UNICO;CRUCE_OK;GEORREFERENCIADA;;880;INSTITUCION EDUCATIVA LA INMACULADA;MANUELA BELTRAN;ACTIVA;OFICIAL;COMPLETA;EDUCACIÓN BÁSICA PRIMARIA;RIO APAPORIS;-76.18099937;4.559267788;-76.18099937;4.559267788;-76.2;4.57;SEDESUESVALLE;COORDENADA_ORIGINAL_SEDESUESVALLE;1;48;2.019;IE LA INMACULADA;LA INMACULADA;URBANA;CR 7 NO 7-20;COINCIDENCIA_NOMBRE_FUERTE;0.93;RUTINARIO;Sin riesgo y bajo;SIN_BRECHAS;NO;ALTA;18.36;BAJA;Mantener seguimiento rutinario.;0.0;BAJA
431;276670000406;SAN PEDRO;I.E. MIGUEL ANTONIO CARO SEDE ANDRES BELLO (D.P);RURAL;VDA MONTERREDONDO;ANDRES BELLO (D.P);3005988925;12;12;11;21;ESCUELAS_IRCAS;DATO_PRINCIPAL_ESCUELAS_IRCAS;NO;SI;ASOCIACION DE USUARIOS DEL ACUEDUCTO MONTERREDONDO ESP;RIESGO BAJO;BAJO;1124;ACUEDUCTO RURAL;QUEBRADA PAVAS;20;FAVORABLE CON REQUERIMIENTOS;2026-02-25;COD_DANE_UNICO;CRUCE_OK;GEORREFERENCIADA;;738;INSTITUCION EDUCATIVA MIGUEL ANTONIO CARO;ANDRÉS  BELLO;ACTIVA;OFICIAL;MAÑANA;EDUCACIÓN BÁSICA PRIMARIA;CAS MONTERREDONDO;-76.206;3.973558;-76.206;3.973558;-76.21;3.97;SEDESUESVALLE;COORDENADA_ORIGINAL_SEDESUESVALLE;1;11;2.019;IE MIGUEL ANTONIO CARO;ANDRÉS  BELLO;RURAL;VDA MONTERREDONDO;COINCIDENCIA_NOMBRE_FUERTE;0.93;RUTINARIO;Sin riesgo y bajo;SIN_BRECHAS;NO;ALTA;23.01;BAJA;Mantener seguimiento rutinario con control territorial rural.;1.17;BAJA
432;276736000224;SEVILLA;I.E. JORGE ELIECER GAITAN SEDE ANTONIO RICAURTE;RURAL;VDA MANZANILLO;ANTONIO RICAURTE;3103881136;9;9;8;0;ESCUELAS_IRCAS;DATO_PRINCIPAL_ESCUELAS_IRCAS;NO;SI;ADMINISTRACION COOPERATIVA SEVILLA ESP-MANZANILLO;RIESGO ALTO;ALTO;540;;QUEBRADA PINARES;18.5;FAVORABLE CON REQUERIMIENTOS;2026-04-10;COD_DANE_UNICO;CRUCE_OK;GEORREFERENCIADA;;756;INSTITUCION EDUCATIVA JORGE ELIECER GAITAN;ANTONIO RICAURTE;ACTIVA;OFICIAL;COMPLETA;EDUCACIÓN BÁSICA PRIMARIA;CORREG MANZANILLO;-75.926059;4.318314;-75.926059;4.318314;;;SEDESUESVALLE;COORDENADA_ORIGINAL_SEDESUESVALLE;1;8;;;;;;COINCIDENCIA_NOMBRE_FUERTE_CON_POSIBLE_EMPATE;0.93;PRIORITARIO;Alto e inviable;SIN_BRECHAS;NO;ALTA;55.3;ALTA;Programar seguimiento operativo y verificar condiciones del sistema abastecedor.;3.15;BAJA
433;276622000461;ROLDANILLO;I.E RODRIGO LLOREDA CAICEDO SEDE GABRIELA MISTRAL;RURAL;VEREDA CASCARILLO;GABRIELA MISTRAL;No Registra;11;11;11;10;ESCUELAS_IRCAS;DATO_PRINCIPAL_ESCUELAS_IRCAS;NO;SI;ASOCIACIÓN DE USUARIOS DEL ACUEDUCTO DE CASCARILLO MUNICIPIO DE ROLDANILLO ARCAS;RIESGO ALTO;ALTO;13988;ACUEDUCTO RURAL;QUEBRADA PLATANARES;SD;SIN CONCEPTO;;COD_DANE_UNICO;CRUCE_OK;GEORREFERENCIADA;;717;CENTRO EDUCATIVO RODRIGO LLOREDA CAICEDO;GABRIELA MISTRAL;ACTIVA;OFICIAL;MAÑANA;EDUCACIÓN MEDIA;CORREG CASCARILLO;-76.18791324;4.387414521;-76.18791324;4.387414521;-76.19;4.39;SEDESUESVALLE;COORDENADA_ORIGINAL_SEDESUESVALLE;1;11;2.019;CE RODRIGO LLOREDA CAICEDO;GABRIELA MISTRAL;RURAL;VDA. CASCARILLO;COINCIDENCIA_NOMBRE_FUERTE;0.93;PRIORITARIO;Alto e inviable;SIN_BRECHAS;NO;ALTA;52.19;MEDIA;Programar seguimiento operativo y verificar condiciones del sistema abastecedor.;3.24;BAJA
434;176869000460;VIJES;I.E. JORGE ROBLEDO SEDE ALVARO ORTIZ CORREA;URBANO;CALLE 8 # 1  - 35;ALVARO ORTIZ CORREA;6022520258;185;185;137;0;ESCUELAS_IRCAS;DATO_PRINCIPAL_ESCUELAS_IRCAS;NO;SI;ACUAVALLE S.A ESP;SIN RIESGO;SIN RIESGO;42;PLANTA ACUAVALLE S.A ESP;QUEBRADA POTRERITO Y POZO SUTERRANEO;1.65;FAVORABLE;2026-01-30;COD_DANE_DUPLICADO_COORDENADA_COMUN;VALIDAR_DUPLICADO;GEORREFERENCIADA;"Código DANE duplicado en SedesUESVALLE; se asignó coordenada común.";895;INSTITUCION EDUCATIVA JORGE ROBLEDO;ALVARO ORTIZ CORREA;ACTIVA;OFICIAL;NOCTURNA;EDUCACIÓN BÁSICA PRIMARIA;KR 1 # 8-35 BRR LA ESPERANZA;-76.4417643425;3.69667797695;-76.4417643425;3.69667797695;;;SEDESUESVALLE;COORDENADA_ORIGINAL_SEDESUESVALLE;1;137;;;;;;COINCIDENCIA_NOMBRE_FUERTE_CON_POSIBLE_EMPATE;0.93;RUTINARIO;Sin riesgo y bajo;CRUCE_PENDIENTE;SI;MEDIA;20.38;BAJA;Mantener seguimiento rutinario.;0.0;BAJA
435;176869000061;VIJES;I.E. JORGE ROBLEDO SEDE POLICARPA SALAVARRIETA;URBANO;CARRERA 4 # 5  - 39;POLICARPA SALAVARRIETA;6022520258;350;350;350;0;ESCUELAS_IRCAS;DATO_PRINCIPAL_ESCUELAS_IRCAS;NO;SI;ACUAVALLE S.A ESP;SIN RIESGO;SIN RIESGO;42;PLANTA ACUAVALLE S.A ESP;QUEBRADA POTRERITO Y POZO SUTERRANEO;1.65;FAVORABLE;2026-01-30;COD_DANE_UNICO;CRUCE_OK;GEORREFERENCIADA;;896;INSTITUCION EDUCATIVA JORGE ROBLEDO;POLICARPA SALAVARRIETA;ACTIVA;OFICIAL;MAÑANA;EDUCACIÓN BÁSICA SECUNDARIA;CRA 4# 5 - 39;-76.4427137;3.699599624;-76.4427137;3.699599624;;;SEDESUESVALLE;COORDENADA_ORIGINAL_SEDESUESVALLE;1;350;;;;;;COINCIDENCIA_NOMBRE_FUERTE_CON_POSIBLE_EMPATE;0.93;RUTINARIO;Sin riesgo y bajo;SIN_BRECHAS;NO;ALTA;20.11;BAJA;Mantener seguimiento rutinario.;0.0;BAJA
436;176869800008;VIJES;I.E. JORGE ROBLEDO SEDE MANUEL JOSE REINA COLLAZOS;URBANO;CARRERA 1 SUR CALLE 7 ESQUINA;MANUEL JOSE REINA COLLAZOS;6022520258;225;225;239;0;ESCUELAS_IRCAS;DATO_PRINCIPAL_ESCUELAS_IRCAS;NO;SI;ACUAVALLE S.A ESP;SIN RIESGO;SIN RIESGO;42;PLANTA ACUAVALLE S.A ESP;QUEBRADA POTRERITO Y POZO SUTERRANEO;1.65;FAVORABLE;2026-01-30;COD_DANE_UNICO;CRUCE_OK;GEORREFERENCIADA;;899;INSTITUCION EDUCATIVA JORGE ROBLEDO;MANUEL JOSE REINA COLLAZOS;ACTIVA;OFICIAL;MAÑANA;EDUCACIÓN BÁSICA SECUNDARIA;CARRERA 9 SUR, CALLE 8 ESQUINA;-76.4421439469;3.69529139697;-76.4421439469;3.69529139697;;;SEDESUESVALLE;COORDENADA_ORIGINAL_SEDESUESVALLE;1;239;;;;;;COINCIDENCIA_NOMBRE_FUERTE_CON_POSIBLE_EMPATE;0.93;RUTINARIO;Sin riesgo y bajo;SIN_BRECHAS;NO;ALTA;18.91;BAJA;Mantener seguimiento rutinario.;0.0;BAJA
437;176869000028;VIJES;I.E. JORGE ROBLEDO SEDE JORGE ROBLEDO;URBANO;CARRERA 4 # 7  - 86;JORGE ROBLEDO;6022520258;255;255;249;359;ESCUELAS_IRCAS;DATO_PRINCIPAL_ESCUELAS_IRCAS;NO;SI;ACUAVALLE S.A ESP;SIN RIESGO;SIN RIESGO;42;PLANTA ACUAVALLE S.A ESP;QUEBRADA POTRERITO Y POZO SUTERRANEO;1.65;FAVORABLE;2026-01-30;COD_DANE_UNICO;CRUCE_OK;GEORREFERENCIADA;;900;INSTITUCION EDUCATIVA JORGE ROBLEDO;JORGE ROBLEDO;ACTIVA;OFICIAL;MAÑANA;EDUCACIÓN MEDIA;CRA 4 # 7 - 86;-76.4417657705;3.6985547555;-76.4417657705;3.6985547555;-76.44;3.7;SEDESUESVALLE;COORDENADA_ORIGINAL_SEDESUESVALLE;1;249;2.019;IE JORGE ROBLEDO;JORGE ROBLEDO;URBANA;CARRERA 4 NO 7-86;COINCIDENCIA_NOMBRE_FUERTE;0.93;RUTINARIO;Sin riesgo y bajo;SIN_BRECHAS;NO;ALTA;19.25;BAJA;Mantener seguimiento rutinario.;0.0;BAJA
438;176869000460;VIJES;I.E. JORGE ROBLEDO SEDE ALVARO ORTIZ CORREA;URBANO;CALLE 8 # 1  - 35;ALVARO ORTIZ CORREA;6022520258;185;185;137;0;ESCUELAS_IRCAS;DATO_PRINCIPAL_ESCUELAS_IRCAS;NO;SI;ACUAVALLE S.A ESP;SIN RIESGO;SIN RIESGO;42;PLANTA ACUAVALLE S.A ESP;QUEBRADA POTRERITO Y POZO SUTERRANEO;1.65;FAVORABLE;2026-01-30;COD_DANE_DUPLICADO_COORDENADA_COMUN;VALIDAR_DUPLICADO;GEORREFERENCIADA;"Código DANE duplicado en SedesUESVALLE; se asignó coordenada común.";895;INSTITUCION EDUCATIVA JORGE ROBLEDO;ALVARO ORTIZ CORREA;ACTIVA;OFICIAL;NOCTURNA;EDUCACIÓN BÁSICA PRIMARIA;KR 1 # 8-35 BRR LA ESPERANZA;-76.4417643425;3.69667797695;-76.4417643425;3.69667797695;;;SEDESUESVALLE;COORDENADA_ORIGINAL_SEDESUESVALLE;1;137;;;;;;COINCIDENCIA_NOMBRE_FUERTE_CON_POSIBLE_EMPATE;0.93;RUTINARIO;Sin riesgo y bajo;CRUCE_PENDIENTE;SI;MEDIA;20.38;BAJA;Mantener seguimiento rutinario.;0.0;BAJA
439;276869000090;VIJES;I.E. ANTONIO JOSE DE SUCRE SEDE ANTONIO NARIÑO;RURAL;CORREGIMIENTO EL TAMBOR;ANTONIO NARIÑO;3225982178;31;31;29;0;ESCUELAS_IRCAS;DATO_PRINCIPAL_ESCUELAS_IRCAS;NO;SI;JUNTA ADMINISTRADORA COMUNITARIA DEL ACUEDUCTO LA JACA # 11 DEL CORREGIMIENTO EL TAMBOR;RIESGO MEDIO;MEDIO;1385;-;QUEBRADA PUBENZA Y TRESQUEBRADAS;58.15;DESFAVORABLE;2026-03-11;COD_DANE_UNICO;CRUCE_OK;GEORREFERENCIADA;;905;INSTITUCION EDUCATIVA  ANTONIO JOSE DE SUCRE;ANTONIO NARIÑO;ACTIVA;OFICIAL;UNICA;EDUCACIÓN MEDIA;VDA EL TAMBOR;-76.48744455;3.764629201;-76.48744455;3.764629201;;;SEDESUESVALLE;COORDENADA_ORIGINAL_SEDESUESVALLE;1;29;;;;;;COINCIDENCIA_NOMBRE_FUERTE_CON_POSIBLE_EMPATE;0.93;PREVENTIVO;Medio;SIN_BRECHAS;NO;ALTA;43.41;MEDIA;Mantener seguimiento preventivo dentro de la programación regular.;3.61;BAJA
440;276306000280;GINEBRA;I.E. DE DESARROLLO RURAL LA SELVA SEDE ENRIQUE OLAYA HERRERA;RURAL;VEREDA  FLAUTAS;ENRIQUE OLAYA HERRERA;3169255262 - 3161000377;6;6;6;3;ESCUELAS_IRCAS;DATO_PRINCIPAL_ESCUELAS_IRCAS;NO;SI;FLAUTAS AGUAS E.S.P. S.A.;SIN RIESGO;SIN RIESGO;2875;-;QUEBRADA RINCON SANTO;63.46;DESFAVORABLE;2025-04-16;COD_DANE_UNICO;CRUCE_OK;GEORREFERENCIADA;;474;INSTITUCION EDUCATIVA DE DESARROLLO RURAL LA SELVA;ENRIQUE OLAYA HERRERA;ACTIVA;OFICIAL;COMPLETA;EDUCACIÓN BÁSICA PRIMARIA;VDA FLAUTAS;-76.1926449;3.72750938;-76.1926449;3.72750938;-76.19;3.73;SEDESUESVALLE;COORDENADA_ORIGINAL_SEDESUESVALLE;1;6;2.019;IE DE DESARROLLO RURAL LA SELVA;ENRIQUE OLAYA HERRERA;RURAL;VDA FLAUTAS;COINCIDENCIA_NOMBRE_FUERTE;0.938;RUTINARIO;Sin riesgo y bajo;SIN_BRECHAS;NO;ALTA;17.28;BAJA;Mantener seguimiento rutinario con control territorial rural.;0.0;BAJA
441;276863800001;VERSALLES;I.E LA INMACULADA SEDE LIBARDO DE JESUS GOMEZ CARDONA;RURAL;CORREGIMIENTO PUERTO NUEVO;LIBARDO DE JESUS GOMEZ CARDONA;No Registra;19;19;19;561;ESCUELAS_IRCAS;DATO_PRINCIPAL_ESCUELAS_IRCAS;NO;SI;ACUEDUCTO RURAL PUERTO NUEVO;SD;SIN DATO;SD;ACUEDUCTO RURAL;QUEBRADA RIO PIÑONES;SD;SIN CONCEPTO;;COD_DANE_UNICO;CRUCE_OK;GEORREFERENCIADA;;892;INSTITUCION EDUCATIVA LA INMACULADA;LIBARDO DE JESUS GOMEZ CARDONA;ACTIVA;OFICIAL;COMPLETA;EDUCACIÓN BÁSICA SECUNDARIA;VD EL VERGEL;-76.25585591;4.67954977;-76.25585591;4.67954977;-76.2;4.57;SEDESUESVALLE;COORDENADA_ORIGINAL_SEDESUESVALLE;1;19;2.019;IE LA INMACULADA;LA INMACULADA;URBANA;CR 7 NO 7-20;COINCIDENCIA_NOMBRE_FUERTE;0.93;BRECHA INFORMACION;Sin dato / información incompleta;SIN_DATO_IRCA;SI;BAJA;33.23;BAJA;Gestionar actualización de la clasificación IRCA del sistema asociado.;0.65;BAJA
442;276250000222;EL DOVIO;I.E ACERG SEDE SANTA TERESITA;RURAL;CORREGIMIENTO LITUANIA;SANTA TERESITA;6022229184;16;16;16;45;ESCUELAS_IRCAS;DATO_PRINCIPAL_ESCUELAS_IRCAS;NO;SI;ASOCIACION DE USUARIOS ACUEDUCTO RURAL COMUNITARIO CORREGIMIENTO DE LITUANIA;SD;SIN DATO;7320;ACUEDUCTO RURAL;QUEBRADA RIO PUENTE;30/30;FAVORABLE;2025-11-21;COD_DANE_UNICO;CRUCE_OK;GEORREFERENCIADA;;395;INSTITUCION EDUCATIVA ACERG  ASOCIACION DE CENTROS EDUCATIVOS DEL CAÑON DEL RIO GARRAPATAS;SANTA TERESITA;ACTIVA;OFICIAL;UNICA;EDUCACIÓN MEDIA;CORREG LITUANIA;-76.35198747;4.51297158;-76.35198747;4.51297158;-76.35;4.51;SEDESUESVALLE;COORDENADA_ORIGINAL_SEDESUESVALLE;1;16;2.019;IE ACERG;SANTA TERESITA;RURAL;CORREG. LITUANIA;COINCIDENCIA_NOMBRE_FUERTE;0.93;BRECHA INFORMACION;Sin dato / información incompleta;SIN_DATO_IRCA;SI;BAJA;32.79;BAJA;Gestionar actualización de la clasificación IRCA del sistema asociado.;0.62;BAJA
443;276828000565;TRUJILLO;COLEGIO JORGE ROBLEDO;RURAL;CORREGIMIENTO ROBLEDO;;3113099255;81;81;86;170;ESCUELAS_IRCAS;DATO_PRINCIPAL_ESCUELAS_IRCAS;NO;SI;"ASOCIACION DE USUARIOS ACUEDUCTO DE ROBLEDO ""ASUACOR""";SIN RIESGO;SIN RIESGO;184;ACUEDUCTO RURAL;QUEBRADA ROBLEDO;26.0;FAVORABLE CON REQUERIMIENTOS;2025-03-05;COD_DANE_UNICO;CRUCE_OK;GEORREFERENCIADA;;838;INSTITUCION EDUCATIVA  JULIAN TRUJILLO;JORGE ROBLEDO;ACTIVA;OFICIAL;COMPLETA;EDUCACIÓN MEDIA;CORREG ROBLEDO;-76.22512417;4.253997739;-76.22512417;4.253997739;-76.23;4.25;SEDESUESVALLE;COORDENADA_ORIGINAL_SEDESUESVALLE;1;86;2.019;IE JULIAN TRUJILLO;JORGE ROBLEDO;RURAL;CORREG ROBLEDO;COINCIDENCIA_NOMBRE_FUERTE;0.93;RUTINARIO;Sin riesgo y bajo;SIN_BRECHAS;NO;ALTA;19.76;BAJA;Mantener seguimiento rutinario con control territorial rural.;0.0;BAJA
444;276828000140;TRUJILLO;ESCUELA GRAL SANTANDER N. 12;RURAL;CGTO ROBLEDO;;3113099255;36;0;36;0;SEDESUESVALLE;COMPLEMENTADA_CON_SEDESUESVALLE;NO;SI;"ASOCIACION DE USUARIOS ACUEDUCTO DE ROBLEDO ""ASUACOR""";SIN RIESGO;SIN RIESGO;;ACUEDUCTO RURAL;QUEBRADA ROBLEDO;26.0;FAVORABLE CON REQUERIMIENTOS;2025-03-05;COD_DANE_UNICO;CRUCE_OK;GEORREFERENCIADA;;839;INSTITUCION EDUCATIVA  JULIAN TRUJILLO;GENERAL SANTANDER;ACTIVA;OFICIAL;COMPLETA;EDUCACIÓN BÁSICA SECUNDARIA;CORREG ROBLEDO;-76.32484035;4.21949258;-76.32484035;4.21949258;;;SEDESUESVALLE;COORDENADA_ORIGINAL_SEDESUESVALLE;1;36;;;;;;SIN_COINCIDENCIA_FUERTE;0.667;RUTINARIO;Sin riesgo y bajo;SIN_BRECHAS;NO;ALTA;17.6;BAJA;Mantener seguimiento rutinario con control territorial rural.;0.0;BAJA
445;276233000618;DAGUA;I.E. EL QUEREMAL SEDE ALMIRANTE PADILLA;RURAL;CORREGIMIENTO EL SALADO;ALMIRANTE PADILLA;3122581572;15;15;15;62;ESCUELAS_IRCAS;DATO_PRINCIPAL_ESCUELAS_IRCAS;NO;SI;ASOCIACION DE USUARIOS ACUEDUCTO SAN JOSE DEL SALADO PARTE ALTA - ASUSAL;RIESGO ALTO;ALTO;3954;ACUEDUCTO RURAL SALADO ALTO;QUEBRADA SACRISTAN;18/30;DESFAVORABLE;2025-03-13;COD_DANE_UNICO;CRUCE_OK;GEORREFERENCIADA;;234;INSTITUCION EDUCATIVA EL QUEREMAL;ALMIRANTE PADILLA;ACTIVA;OFICIAL;MAÑANA;EDUCACIÓN MEDIA;INSP EL SALADO;-76.714719;3.558589;-76.714719;3.558589;-76.71;3.56;SEDESUESVALLE;COORDENADA_ORIGINAL_SEDESUESVALLE;1;15;2.019;IE EL QUEREMAL;ALMIRANTE PADILLA;RURAL;CORREG. EL SALADO;COINCIDENCIA_NOMBRE_FUERTE;0.93;PRIORITARIO;Alto e inviable;SIN_BRECHAS;NO;ALTA;60.78;ALTA;Programar seguimiento operativo y verificar condiciones del sistema abastecedor.;4.33;MEDIA
446;276563000223;PRADERA;I.E. MARCO FIDEL SUAREZ SEDE MARCO FIDEL SUAREZ;RURAL;CORREGIMIENTO SAN ISIDRO;MARCO FIDEL SUAREZ;3157627106;20;0;20;41;SEDESUESVALLE;COMPLEMENTADA_CON_SEDESUESVALLE;NO;SI;SAN ISIDRO;RIESGO ALTO;ALTO;120;ACUEDUCTO RURAL;QUEBRADA SAL SI PUEDES;22/30;DESFAVORABLE;2023-07-28;COD_DANE_UNICO;CRUCE_OK;GEORREFERENCIADA;;619;INSTITUCION EDUCATIVA MARCO FIDEL SUAREZ;MARCO FIDEL SUAREZ;ACTIVA;OFICIAL;MAÑANA;EDUCACIÓN MEDIA;CORREG DE SAN ISIDRO;-76.18498204;3.401553982;-76.18498204;3.401553982;-76.18;3.4;SEDESUESVALLE;COORDENADA_ORIGINAL_SEDESUESVALLE;1;20;2.019;IE MARCO FIDEL SUAREZ;MARCO FIDEL SUAREZ;RURAL;CORREG SAN ISIDRO;COINCIDENCIA_NOMBRE_FUERTE;0.93;PRIORITARIO;Alto e inviable;SIN_BRECHAS;NO;ALTA;61.51;ALTA;Programar seguimiento operativo y verificar condiciones del sistema abastecedor.;4.76;MEDIA
447;276869000081;VIJES;I.E. JORGE ROBLEDO  SEDE JOSE ANTONIO GALAN;RURAL;VIA CORREGIMIENTO OCACHE -VEREDA AGUACLARA;JOSE ANTONIO GALAN;3217583960;11;11;14;0;ESCUELAS_IRCAS;DATO_PRINCIPAL_ESCUELAS_IRCAS;NO;SI;JUNTA ADMINISTRADORA DEL ACUEDUCTO DEL CORREGIMIENTO DE OCACHE PARTE BAJA JAACOB;RIESGO MEDIO;MEDIO;354;FILTRO EKOFIL;QUEBRADA SAN ANDRES;30.02;FAVORABLE CON REQUERIMIENTOS;2025-12-09;COD_DANE_UNICO;CRUCE_OK;GEORREFERENCIADA;;913;INSTITUCION EDUCATIVA JORGE ROBLEDO;JOSE ANTONIO GALAN;ACTIVA;OFICIAL;COMPLETA;EDUCACIÓN BÁSICA PRIMARIA;CORREG OCACHE;-76.510385;3.708186;-76.510385;3.708186;;;SEDESUESVALLE;COORDENADA_ORIGINAL_SEDESUESVALLE;1;14;;;;;;COINCIDENCIA_NOMBRE_FUERTE_CON_POSIBLE_EMPATE;0.93;PREVENTIVO;Medio;SIN_BRECHAS;NO;ALTA;36.54;MEDIA;Mantener seguimiento preventivo dentro de la programación regular.;2.27;BAJA
448;276020000061;ALCALA;IE ARTURO GOMEZ JARAMILLO SEDE JOSE IGNACIO RENGIFO;RURAL;VEREDA MARAVELEZ;JOSE IGNACIO RENGIFO;3225289702;40;40;40;0;ESCUELAS_IRCAS;DATO_PRINCIPAL_ESCUELAS_IRCAS;NO;SI;COOPERATIVA MARAVELEZ  ALCALA SISTEM # 8;SIN RIESGO;SIN RIESGO;177;ACUEDUCTO RURAL;QUEBRADA SAN FELIPE;19/30;FAVORABLE CON REQUERIMIENTOS;2026-02-10;COD_DANE_UNICO;CRUCE_OK;GEORREFERENCIADA;;5;INSTITUCION EDUCATIVA ARTURO GOMEZ JARAMILLO;JOSE IGNACIO RENGIFO;ACTIVA;OFICIAL;UNICA;EDUCACIÓN MEDIA;IP MARAVELEZ;-75.722765;4.673264;-75.722765;4.673264;;;SEDESUESVALLE;COORDENADA_ORIGINAL_SEDESUESVALLE;1;40;;;;;;COINCIDENCIA_NOMBRE_FUERTE_CON_POSIBLE_EMPATE;0.98;RUTINARIO;Sin riesgo y bajo;SIN_BRECHAS;NO;ALTA;17.88;BAJA;Mantener seguimiento rutinario con control territorial rural.;0.0;BAJA
449;276020000088;ALCALA;I.E ARTURO GOMEZ JARAMILLO SEDE SAN AGUSTIN;RURAL;VEREDA LA CUCHILLA;SAN AGUSTIN;3200769810;7;7;7;0;ESCUELAS_IRCAS;DATO_PRINCIPAL_ESCUELAS_IRCAS;NO;SI;COOPERATIVA MARAVELEZ  ALCALA SISTEM # 8;SIN RIESGO;SIN RIESGO;177;ACUEDUCTO RURAL;QUEBRADA SAN FELIPE;21.5/30;FAVORABLE CON REQUERIMIENTOS;2026-02-05;COD_DANE_UNICO;CRUCE_OK;GEORREFERENCIADA;;6;INSTITUCION EDUCATIVA ARTURO GOMEZ JARAMILLO;SAN AGUSTIN;ACTIVA;OFICIAL;UNICA;EDUCACIÓN BÁSICA PRIMARIA;IP LA CUCHILLA;-75.72382;4.658252;-75.72382;4.658252;;;SEDESUESVALLE;COORDENADA_ORIGINAL_SEDESUESVALLE;1;7;;;;;;COINCIDENCIA_NOMBRE_FUERTE_CON_POSIBLE_EMPATE;0.93;RUTINARIO;Sin riesgo y bajo;SIN_BRECHAS;NO;ALTA;13.44;BAJA;Mantener seguimiento rutinario con control territorial rural.;0.0;BAJA
450;276622000453;ROLDANILLO;I.E BELISARIO PEÑA PIÑEIRO SEDE SANTA ANA;RURAL;VEREDA EL CIRUELO;SANTA ANA;3116069693;1;1;1;0;ESCUELAS_IRCAS;DATO_PRINCIPAL_ESCUELAS_IRCAS;NO;SI;ASOCIACIÓN DE USUARIOS DEL ACUEDUCTO SANTA CLARA - ASUMO;RIESGO MEDIO;MEDIO;1998;ACUEDUCTO RURAL;QUEBRADA SAN FERNANDO - QUEBRADA LA COSTALERA - QUEBRADA LOS PINOS;No Registra;SIN CONCEPTO;2025-06-20;COD_DANE_UNICO;CRUCE_OK;GEORREFERENCIADA;;720;INSTITUCION EDUCATIVA BELISARIO PEÑA PIÑEIRO;SANTA ANA;ACTIVA;OFICIAL;MAÑANA;EDUCACIÓN BÁSICA PRIMARIA;CORREG EL CIRUELO;-76.1400293556;4.44470883752;-76.1400293556;4.44470883752;;;SEDESUESVALLE;COORDENADA_ORIGINAL_SEDESUESVALLE;1;1;;;;;;COINCIDENCIA_NOMBRE_FUERTE_CON_POSIBLE_EMPATE;0.93;PREVENTIVO;Medio;SIN_BRECHAS;NO;ALTA;28.08;BAJA;Mantener seguimiento preventivo dentro de la programación regular.;0.6;BAJA
451;276233000154;DAGUA;I.E. CAMILO TORRES SEDE MARIA MONTESORI;RURAL;VEREDA EL TRAPICHE;MARIA MONTESORI;3176506309;7;7;7;0;ESCUELAS_IRCAS;DATO_PRINCIPAL_ESCUELAS_IRCAS;NO;SI;ASOCIACIÓN DE USUARIOS DEL SERVICIO DEL ACUEDUCTO EL TRAPICHE - LA YOLOMBA;SIN RIESGO;SIN RIESGO;1398;ACUEDUCTO RURAL EL TRAPICHE;QUEBRADA SAN FRANCISCO;18,5/30;DESFAVORABLE;2025-12-06;COD_DANE_UNICO;CRUCE_OK;GEORREFERENCIADA;;244;INSTITUCION EDUCATIVA CAMILO TORRES;MARÍA MONTESSORI;ACTIVA;OFICIAL;MAÑANA;EDUCACIÓN BÁSICA PRIMARIA;VDA EL TRAPICHE;-76.634664;3.809597;-76.634664;3.809597;;;SEDESUESVALLE;COORDENADA_ORIGINAL_SEDESUESVALLE;1;7;;;;;;COINCIDENCIA_NOMBRE_FUERTE_CON_POSIBLE_EMPATE;0.93;RUTINARIO;Sin riesgo y bajo;SIN_BRECHAS;NO;ALTA;17.64;BAJA;Mantener seguimiento rutinario con control territorial rural.;0.0;BAJA
452;276275000235;FLORIDA;I.E. JOSE MARIA CORDOBA SEDE SAN JOAQUIN;RURAL;VEREDA SAN JOAQUIN;SAN JOAQUIN;SD;23;23;10;0;ESCUELAS_IRCAS;DATO_PRINCIPAL_ESCUELAS_IRCAS;NO;SI;SAN JOAQUIN;RIESGO ALTO;ALTO;;ACUEDUCTO RURAL - FILTRO EKOFIL;QUEBRADA SAN JOAQUIN - QUEBRADA LA LIONTA;22,5/30;DESFAVORABLE;2018-01-10;COD_DANE_UNICO;CRUCE_OK;GEORREFERENCIADA;;435;INSTITUCION EDUCATIVA JOSE MARIA CORDOBA;SAN JOAQUIN;ACTIVA;OFICIAL;UNICA;EDUCACIÓN BÁSICA SECUNDARIA;VDA SAN JOAQUIN;-76.18354719;3.273873219;-76.18354719;3.273873219;;;SEDESUESVALLE;COORDENADA_ORIGINAL_SEDESUESVALLE;1;10;;;;;;COINCIDENCIA_NOMBRE_FUERTE_CON_POSIBLE_EMPATE;0.93;PRIORITARIO;Alto e inviable;SIN_BRECHAS;NO;ALTA;61.88;ALTA;Programar seguimiento operativo y verificar condiciones del sistema abastecedor.;4.97;MEDIA
453;176126000066;CALIMA;I.E. SIMON BOLIVAR SEDE SIMON BOLIVAR;URBANO;CARRERA 10 # 9  - 43;SIMON BOLIVAR;3117716525;154;154;154;0;ESCUELAS_IRCAS;DATO_PRINCIPAL_ESCUELAS_IRCAS;NO;SI;EMCALIMA S.A ESP;SIN RIESGO;SIN RIESGO;188;PLANTA EMCALIMA S.A ESP;QUEBRADA SAN JOSE;23/30;FAVORABLE CON REQUERIMIENTOS;2026-04-28;COD_DANE_UNICO;CRUCE_OK;GEORREFERENCIADA;;201;INSTITUCION EDUCATIVA SIMON BOLIVAR;SIMON BOLIVAR;ACTIVA;OFICIAL;COMPLETA;EDUCACIÓN MEDIA;CRA 10 #9-43;-76.4868292976;3.93226490503;-76.4868292976;3.93226490503;;;SEDESUESVALLE;COORDENADA_ORIGINAL_SEDESUESVALLE;1;154;;;;;;SIN_CANDIDATOS_MUNICIPIO;;RUTINARIO;Sin riesgo y bajo;SIN_BRECHAS;NO;ALTA;21.49;BAJA;Mantener seguimiento rutinario.;0.0;BAJA
454;176126800003;CALIMA;I.E. SIMON BOLIVAR  SEDE GERMAN MEJIA TASCON;URBANO;CALLE 24  DIAGONAL POLIDEPORTIVO;GERMAN MEJIA TASCON;3173739688;73;73;73;0;ESCUELAS_IRCAS;DATO_PRINCIPAL_ESCUELAS_IRCAS;NO;SI;EMCALIMA S.A ESP;SIN RIESGO;SIN RIESGO;188;PLANTA EMCALIMA S.A ESP;QUEBRADA SAN JOSE;23/30;FAVORABLE CON REQUERIMIENTOS;2026-03-05;COD_DANE_DUPLICADO+NOMBRE_EXACTO;CRUCE_OK_CONTROLADO;GEORREFERENCIADA;;202;INSTITUCION EDUCATIVA SIMON BOLIVAR;CIUDADELA GERMAN MEJIA TASCON;ACTIVA;OFICIAL;MAÑANA;PREESCOLAR;CALLE 24 CRA 11 ESQUINA BRR LA CIUDADELA;-76.4824304575;3.94146009453;-76.4824304575;3.94146009453;;;SEDESUESVALLE;COORDENADA_ORIGINAL_SEDESUESVALLE;1;73;;;;;;SIN_CANDIDATOS_MUNICIPIO;;RUTINARIO;Sin riesgo y bajo;SIN_BRECHAS;NO;ALTA;19.48;BAJA;Mantener seguimiento rutinario.;0.0;BAJA
455;176126000082;CALIMA;I.E. GIMNASIO DEL CALIMA  SEDE GABRIELA MISTRAL;URBANO;CARRERA 7 # 5  - 56;GABRIELA MISTRAL;3183315955;129;129;129;0;ESCUELAS_IRCAS;DATO_PRINCIPAL_ESCUELAS_IRCAS;NO;SI;EMCALIMA S.A ESP;SIN RIESGO;SIN RIESGO;188;PLANTA EMCALIMA S.A ESP;QUEBRADA SAN JOSE;23/30;FAVORABLE CON REQUERIMIENTOS;2026-04-29;COD_DANE_UNICO;CRUCE_OK;GEORREFERENCIADA;;204;INSTITUCION EDUCATIVA GIMNASIO DEL CALIMA;GABRIELA MISTRAL;ACTIVA;OFICIAL;UNICA;EDUCACIÓN MEDIA;CRA 7 CLL 5 #5-56 ESQ BRR/OBRERO;-76.4859610301;3.92877005583;-76.4859610301;3.92877005583;;;SEDESUESVALLE;COORDENADA_ORIGINAL_SEDESUESVALLE;1;129;;;;;;SIN_CANDIDATOS_MUNICIPIO;;RUTINARIO;Sin riesgo y bajo;SIN_BRECHAS;NO;ALTA;21.01;BAJA;Mantener seguimiento rutinario.;0.0;BAJA
456;176126000074;CALIMA;I.E GIMNASIO DEL CALIMA - SEDE MARÍA INMACULADA;URBANO;CALLE 7 # 6  - 53;MARÍA INMACULADA;3166259705;386;386;386;0;ESCUELAS_IRCAS;DATO_PRINCIPAL_ESCUELAS_IRCAS;NO;SI;EMCALIMA S.A ESP;SIN RIESGO;SIN RIESGO;188;PLANTA EMCALIMA S.A ESP;QUEBRADA SAN JOSE;22,5/30;FAVORABLE CON REQUERIMIENTOS;2025-09-03;COD_DANE_UNICO;CRUCE_OK;GEORREFERENCIADA;;205;INSTITUCION EDUCATIVA GIMNASIO DEL CALIMA;MARIA INMACULADA;ACTIVA;OFICIAL;UNICA;EDUCACIÓN MEDIA;CRA 7 #6-53 BRR/OBRERO;-76.4858900933;3.92948391861;-76.4858900933;3.92948391861;;;SEDESUESVALLE;COORDENADA_ORIGINAL_SEDESUESVALLE;1;386;;;;;;SIN_CANDIDATOS_MUNICIPIO;;RUTINARIO;Sin riesgo y bajo;SIN_BRECHAS;NO;ALTA;23.97;BAJA;Mantener seguimiento rutinario.;0.0;BAJA
457;176126000058;CALIMA;I.E. GIMNASIO DEL CALIMA SEDE GIMNASIO DEL CALIMA;URBANO;CARRERA 7 # 5  - 11;GIMNASIO DEL CALIMA;3166259705;617;617;617;0;ESCUELAS_IRCAS;DATO_PRINCIPAL_ESCUELAS_IRCAS;NO;SI;EMCALIMA S.A ESP;SIN RIESGO;SIN RIESGO;188;PLANTA EMCALIMA S.A ESP;QUEBRADA SAN JOSE;23/30;FAVORABLE CON REQUERIMIENTOS;2026-02-20;COD_DANE_UNICO;CRUCE_OK;GEORREFERENCIADA;;207;INSTITUCION EDUCATIVA GIMNASIO DEL CALIMA;GIMNASIO DEL CALIMA;ACTIVA;OFICIAL;UNICA;EDUCACIÓN MEDIA;CRA 7 #5-11 BRR/OBRERO;-76.4859610301;3.92877005583;-76.4859610301;3.92877005583;;;SEDESUESVALLE;COORDENADA_ORIGINAL_SEDESUESVALLE;1;617;;;;;;SIN_CANDIDATOS_MUNICIPIO;;RUTINARIO;Sin riesgo y bajo;SIN_BRECHAS;NO;ALTA;25.24;BAJA;Mantener seguimiento rutinario.;0.0;BAJA
458;276616000247;RIOFRIO;ESCUELA N. 8 MELIDA CRUZ;RURAL;VDA MADRIGAL;;3163565672;9;9;14;10;ESCUELAS_IRCAS;DATO_PRINCIPAL_ESCUELAS_IRCAS;NO;SI;ACUEDUCTO RURAL MADRIGAL ACUAMADRIGAL;RIESGO MEDIO;MEDIO;513;SISTEMA DE FILTACION;QUEBRADA SAN JOSE;20.0;FAVORABLE CON REQUERIMIENTOS;2025-03-17;COD_DANE_UNICO;CRUCE_OK;GEORREFERENCIADA;;669;INSTITUCION EDUCATIVA PRIMITIVO CRESPO;MELIDA CRUZ;ACTIVA;OFICIAL;UNICA;EDUCACIÓN BÁSICA PRIMARIA;VDA MADRIGAL;-76.26017241;4.180009876;-76.26017241;4.180009876;-76.26;4.18;SEDESUESVALLE;COORDENADA_ORIGINAL_SEDESUESVALLE;1;14;2.019;IE PRIMITIVO CRESPO;MELIDA CRUZ;RURAL;VDA MADRIGAL;COINCIDENCIA_NOMBRE_FUERTE;0.93;PREVENTIVO;Medio;SIN_BRECHAS;NO;ALTA;36.05;MEDIA;Mantener seguimiento preventivo dentro de la programación regular.;2.1;BAJA
459;276041000991;ANSERMANUEVO;I.E JORGE ISAAC SEDE TERESA BORJA DE CASTRO;RURAL;VEREDA REAL BRILLANTE;TERESA BORJA DE CASTRO;3146787029;6;6;6;9;ESCUELAS_IRCAS;DATO_PRINCIPAL_ESCUELAS_IRCAS;NO;SI;ACUEDUCTO REAL BRILLANTE / ASOREAL BRILLANTE;SD;SIN DATO;19800;ACUEDUCTO RURAL;QUEBRADA SAN MIGUEL;19/30;FAVORABLE CON REQUERIMIENTOS;2025-11-06;COD_DANE_UNICO;CRUCE_OK;GEORREFERENCIADA;;53;INSTITUCION EDUCATIVA JORGE ISAACS;TERESA BORJA DE CASTRO;ACTIVA;OFICIAL;ESPECIAL;EDUCACIÓN BÁSICA PRIMARIA;VDA EL REAL BRILLANTE;-76.0168574;4.83966108;-76.0168574;4.83966108;-76.02;4.84;SEDESUESVALLE;COORDENADA_ORIGINAL_SEDESUESVALLE;1;6;2.019;IE JORGE ISAACS;TERESA BORJA DE CASTRO;RURAL;VDA. REAL BRILLANTE;COINCIDENCIA_NOMBRE_FUERTE;0.938;BRECHA INFORMACION;Sin dato / información incompleta;SIN_DATO_IRCA;SI;BAJA;33.98;BAJA;Gestionar actualización de la clasificación IRCA del sistema asociado.;0.44;BAJA
460;276233000421;DAGUA;I.E. MIGUEL ANTONIO CARO SEDE ATANASIO GIRARDOT;RURAL;CORREGIMIENTO PROVIDENCIA;ATANASIO GIRARDOT;3153775091;7;7;7;0;ESCUELAS_IRCAS;DATO_PRINCIPAL_ESCUELAS_IRCAS;NO;SI;ACUEDUCTO COMUNITARIO PROVIDENCIA SECTOR LA ESTRELLA - ACUAESTRELLA;RIESGO ALTO;ALTO;343;ACUEDUCTO RURAL LA ESTRELLA;QUEBRADA SAN MIGUEL Y NACIMIENTO LA ESTRELLA;21/30;DESFAVORABLE;2026-04-25;COD_DANE_UNICO;CRUCE_OK;GEORREFERENCIADA;;263;INSTITUCION EDUCATIVA MIGUEL ANTONIO CARO;ATANASIO GIRARDOT;ACTIVA;OFICIAL;COMPLETA;EDUCACIÓN BÁSICA PRIMARIA;INSP PROVIDENCIA;-76.71324503;3.673472848;-76.71324503;3.673472848;;;SEDESUESVALLE;COORDENADA_ORIGINAL_SEDESUESVALLE;1;7;;;;;;COINCIDENCIA_NOMBRE_FUERTE_CON_POSIBLE_EMPATE;0.93;PRIORITARIO;Alto e inviable;SIN_BRECHAS;NO;ALTA;58.89;ALTA;Programar seguimiento operativo y verificar condiciones del sistema abastecedor.;3.25;BAJA
461;276233000430;DAGUA;I.E. GUILLERMO VALENCIA SEDE SAN VICENTE;RURAL;VEREDA SAN VICENTE;SAN VICENTE;3113607301;50;50;50;0;ESCUELAS_IRCAS;DATO_PRINCIPAL_ESCUELAS_IRCAS;NO;SI;ASOCIACION DE SUSCRIPTORES DEL SERVICIO DE ACUEDUCTO SAN VICENTE - AGUASANVICENTE;SIN RIESGO;SIN RIESGO;4054;ACUEDUCTO RURAL SAN VICENTE;QUEBRADA SAN RAFAEL;17,5/30;FAVORABLE CON REQUERIMIENTOS;2026-03-10;COD_DANE_UNICO;CRUCE_OK;GEORREFERENCIADA;;271;INSTITUCION EDUCATIVA GUILLERMO VALENCIA.;SAN VICENTE;ACTIVA;OFICIAL;MAÑANA;EDUCACIÓN MEDIA;CORREG SAN VICENTE;-76.67065267;3.654020754;-76.67065267;3.654020754;;;SEDESUESVALLE;COORDENADA_ORIGINAL_SEDESUESVALLE;1;50;;;;;;COINCIDENCIA_NOMBRE_FUERTE_CON_POSIBLE_EMPATE;0.93;RUTINARIO;Sin riesgo y bajo;SIN_BRECHAS;NO;ALTA;18.47;BAJA;Mantener seguimiento rutinario con control territorial rural.;0.0;BAJA
462;276233000243;DAGUA;I.E. EL PALMAR SEDE JOSE CELESTINO MUTIS;RURAL;VEREDA LA COLONIA;JOSE CELESTINO MUTIS;3136594610;10;10;10;0;ESCUELAS_IRCAS;DATO_PRINCIPAL_ESCUELAS_IRCAS;NO;SI;ADMINISTRACION COOPERATIVA LA CUMBRE DAGUA E.S.P.;SIN RIESGO;SIN RIESGO;110;ACUEDUCTO RURAL LA CUMBRE DAGUA;QUEBRADA SANTA ANA;20/30;FAVORABLE;2025-07-08;COD_DANE_UNICO;CRUCE_OK;GEORREFERENCIADA;;251;INSTITUCION EDUCATIVA EL PALMAR;JOSE CELESTINO MUTIS;ACTIVA;OFICIAL;MAÑANA;EDUCACIÓN BÁSICA PRIMARIA;VDA LA COLONIA;-76.69944475;3.559605922;-76.69944475;3.559605922;;;SEDESUESVALLE;COORDENADA_ORIGINAL_SEDESUESVALLE;1;10;;;;;;COINCIDENCIA_NOMBRE_FUERTE_CON_POSIBLE_EMPATE;0.93;RUTINARIO;Sin riesgo y bajo;SIN_BRECHAS;NO;ALTA;10.71;BAJA;Mantener seguimiento rutinario con control territorial rural.;0.0;BAJA
463;276233000341;DAGUA;I.E. EL PALMAR SEDE TOMAS CIPRIANO DE MOSQUERA;RURAL;VEREDA LA VIRGEN;TOMAS CIPRIANO DE MOSQUERA;3136594610;26;26;26;17;ESCUELAS_IRCAS;DATO_PRINCIPAL_ESCUELAS_IRCAS;NO;SI;ADMINISTRACION COOPERATIVA LA CUMBRE DAGUA E.S.P.;SIN RIESGO;SIN RIESGO;148;ACUEDUCTO RURAL LA CUMBRE DAGUA;QUEBRADA SANTA ANA;24,5/30;FAVORABLE;2025-07-08;COD_DANE_UNICO;CRUCE_OK;GEORREFERENCIADA;;258;INSTITUCION EDUCATIVA EL PALMAR;TOMAS CIPRIANO DE MOSQUERA;ACTIVA;OFICIAL;MAÑANA;EDUCACIÓN BÁSICA PRIMARIA;VDA LA VIRGEN;-76.63837588;3.586041734;-76.63837588;3.586041734;-76.64;3.59;SEDESUESVALLE;COORDENADA_ORIGINAL_SEDESUESVALLE;1;26;2.019;IE EL PALMAR;TOMAS CIPRIANO DE MOSQUERA;RURAL;VDA LA VIRGEN;COINCIDENCIA_NOMBRE_FUERTE;0.93;RUTINARIO;Sin riesgo y bajo;SIN_BRECHAS;NO;ALTA;13.15;BAJA;Mantener seguimiento rutinario con control territorial rural.;0.0;BAJA
464;276233000251;DAGUA;I.E. EL PALMAR SEDE ANTONIO JOSE DE SUCRE;RURAL;VEREDA PALO ALTO;ANTONIO JOSE DE SUCRE;3113607301;7;7;7;18;ESCUELAS_IRCAS;DATO_PRINCIPAL_ESCUELAS_IRCAS;NO;SI;ADMINISTRACION COOPERATIVA LA CUMBRE DAGUA E.S.P.;SIN RIESGO;SIN RIESGO;110;ACUEDUCTO RURAL LA CUMBRE DAGUA;QUEBRADA SANTA ANA;17,5/30;FAVORABLE;2025-07-08;COD_DANE_UNICO;CRUCE_OK;GEORREFERENCIADA;;283;INSTITUCION EDUCATIVA EL PALMAR;ANTONIO JOSE DE SUCRE;ACTIVA;OFICIAL;MAÑANA;EDUCACIÓN BÁSICA PRIMARIA;VDA PALO ALTO;-76.616469;3.60101;-76.616469;3.60101;-76.62;3.6;SEDESUESVALLE;COORDENADA_ORIGINAL_SEDESUESVALLE;1;7;2.019;IE EL PALMAR;ANTONIO JOSE DE SUCRE;RURAL;CORREGIMIENTO EL PALMAR;COINCIDENCIA_NOMBRE_FUERTE;0.93;RUTINARIO;Sin riesgo y bajo;SIN_BRECHAS;NO;ALTA;9.84;BAJA;Mantener seguimiento rutinario con control territorial rural.;0.0;BAJA
465;276100000348;BOLIVAR;CENTRO EDUCATIVO CENT DOC ISABEL LA CATOLICA N. 8;RURAL;CGTO NARANJAL;;3233967220;58;58;58;102;ESCUELAS_IRCAS;DATO_PRINCIPAL_ESCUELAS_IRCAS;NO;SI;ASOCIACION DE USUARIOS ACUEDCUTO DE NARANJAL;RIESGO MEDIO;MEDIO;2168;ACUEDUCTO RURAL;QUEBRADA SANTA BARBARA;23.0;FAVORABLE;2025-04-10;COD_DANE_UNICO;CRUCE_OK;GEORREFERENCIADA;;134;INSTITUCION EDUCATIVA NARANJAL;ISABEL LA CATOLICA;ACTIVA;OFICIAL;MAÑANA;EDUCACIÓN MEDIA;IP NARANJAL;-76.35557327;4.353024607;-76.35557327;4.353024607;-76.36;4.35;SEDESUESVALLE;COORDENADA_ORIGINAL_SEDESUESVALLE;1;58;2.019;IE NARANJAL;ISABEL LA CATOLICA;RURAL;CORREG NARANJAL;COINCIDENCIA_NOMBRE_FUERTE;0.93;PREVENTIVO;Medio;SIN_BRECHAS;NO;ALTA;37.27;MEDIA;Mantener seguimiento preventivo por matrícula significativa.;3.54;BAJA
466;276100000364;BOLIVAR;ESCUELA SAN JUAN BOSCO N. 7;RURAL;CGTO NARANJAL;;3164964964;50;50;0;0;ESCUELAS_IRCAS;DATO_PRINCIPAL_ESCUELAS_IRCAS;NO;SI;ASOCIACION DE USUARIOS ACUEDCUTO DE NARANJAL;RIESGO MEDIO;MEDIO;2168;ACUEDUCTO RURAL;QUEBRADA SANTA BARBARA;25.5;FAVORABLE CON REQUERIMIENTOS;2025-04-10;SIN_COINCIDENCIA;PENDIENTE;SIN_COORDENADAS;;;;;;;;;;;;;;;;SIN_COORDENADA;SIN_COORDENADA;0;0;;;;;;SIN_COINCIDENCIA_FUERTE;0.65;PREVENTIVO;Medio;"SIN_COORDENADA; CRUCE_PENDIENTE";SI;MEDIA;42.47;MEDIA;Mantener seguimiento preventivo por matrícula significativa.;3.59;BAJA
467;276100000372;BOLIVAR;CENTRO EDUCATIVO CENT DOC N. 6 MA INMACULADA;RURAL;CGTO LA TULIA;;3178815835;139;139;128;0;ESCUELAS_IRCAS;DATO_PRINCIPAL_ESCUELAS_IRCAS;NO;SI;ASOCIACION DE USUARIOS ACUEDUCTO LA TULIA;RIESGO ALTO;ALTO;1116;ACUEDUCTO RURAL;QUEBRADA SANTA BARBARA;26.0;FAVORABLE CON REQUERIMIENTOS;2025-05-14;COD_DANE_UNICO;CRUCE_OK;GEORREFERENCIADA;;100;INSTITUCION EDUCATIVA  LA TULIA;MARIA INMACULADA;ACTIVA;OFICIAL;MAÑANA;EDUCACIÓN MEDIA;CORREG DE LA TULIA;-76.2414575;4.379854616;-76.2414575;4.379854616;;;SEDESUESVALLE;COORDENADA_ORIGINAL_SEDESUESVALLE;1;128;;;;;;SIN_COINCIDENCIA_FUERTE;0.5;PRIORITARIO;Alto e inviable;SIN_BRECHAS;NO;ALTA;62.46;ALTA;Programar seguimiento operativo y verificar condiciones del sistema abastecedor.;6.76;ALTA
468;;BOLIVAR;I.E. NARANJAL SEDE  PRINCIPAL;RURAL;CGTO NARANJAL;;3233967220;112;112;0;0;ESCUELAS_IRCAS;DATO_PRINCIPAL_ESCUELAS_IRCAS;NO;SI;ASOCIACION DE USUARIOS ACUEDCUTO DE NARANJAL;RIESGO MEDIO;MEDIO;2168;PLANTA;QUEBRADA SANTA BARBARA;25.5;FAVORABLE CON REQUERIMIENTOS;2025-04-04;SIN_COINCIDENCIA;PENDIENTE;SIN_COORDENADAS;;;;;;;;;;;;;;;;SIN_COORDENADA;SIN_COORDENADA;0;0;;;;;;SIN_COINCIDENCIA_FUERTE;0.691;PREVENTIVO;Medio;"SIN_COORDENADA; CRUCE_PENDIENTE";SI;MEDIA;44.63;MEDIA;Mantener seguimiento preventivo por matrícula significativa.;4.31;MEDIA
469;276606000630;RESTREPO;I.E. JOSE ACEVEDO Y GOMEZ SEDE LA ALBANIA;RURAL;VDA LA ALBANIA;LA ALBANIA;3216431375;7;7;10;0;ESCUELAS_IRCAS;DATO_PRINCIPAL_ESCUELAS_IRCAS;NO;SI;ASOCIACION DE SUSCRIPTRORES DEL SISTEMA DE SUMINISTRO DE AGUA RURAL COMUNITARIA DE LA VEREDA LA ALBANIA - ASOAGUALBANIA;RIESGO ALTO;ALTO;3393;FILTRO EKOFIL;QUEBRADA SANTA BARBARA;24.5;FAVORABLE CON REQUERIMIENTOS;2026-03-26;COD_DANE_UNICO;CRUCE_OK;GEORREFERENCIADA;;652;INSTITUCION EDUCATIVA JOSE ACEVEDO Y GOMEZ;LA ALBANIA;ACTIVA;OFICIAL;MAÑANA;EDUCACIÓN MEDIA;VDA LA ALBANIA;-76.56221348;3.836577329;-76.56221348;3.836577329;;;SEDESUESVALLE;COORDENADA_ORIGINAL_SEDESUESVALLE;1;10;;;;;;COINCIDENCIA_NOMBRE_FUERTE_CON_POSIBLE_EMPATE;0.93;PRIORITARIO;Alto e inviable;SIN_BRECHAS;NO;ALTA;54.69;MEDIA;Programar seguimiento operativo y verificar condiciones del sistema abastecedor.;2.84;BAJA
470;;BOLIVAR;I.E NARANJAL SEDE EL PARAISO;RURAL;CGTO EL NARANJAL;;3165526198;3;0;3;10;SEDESUESVALLE;COMPLEMENTADA_CON_SEDESUESVALLE;NO;SI;ASOCIACION DE USUARIOS ACUEDCUTO DE NARANJAL;RIESGO MEDIO;MEDIO;2168;ACUEDUCTO RURAL;QUEBRADA SANTA BARBARA;0.0;SIN CONCEPTO;2026-04-14;MUNICIPIO+NOMBRE_EXACTO;CRUCE_RECUPERADO;GEORREFERENCIADA;;135;INSTITUCION EDUCATIVA NARANJAL;EL PARAISO;ACTIVA;OFICIAL;MAÑANA;EDUCACIÓN BÁSICA PRIMARIA;VDA EL ZAPOTE;-76.40294967;4.348158818;-76.40294967;4.348158818;-76.4;4.35;SEDESUESVALLE;COORDENADA_ORIGINAL_SEDESUESVALLE;1;3;2.019;IE NARANJAL;PARAISO;RURAL;VDA EL ZAPOTE;COINCIDENCIA_NOMBRE_FUERTE;0.93;PREVENTIVO;Medio;SIN_BRECHAS;NO;ALTA;29.96;BAJA;Mantener seguimiento preventivo dentro de la programación regular.;1.2;BAJA
471;276126000176;CALIMA;I.E. SIMON BOLIVAR SEDE PIO XII;RURAL;VEREDA EL VERGEL;PIO XII;3238023916;11;11;11;0;ESCUELAS_IRCAS;DATO_PRINCIPAL_ESCUELAS_IRCAS;NO;SI;ASOCIACION COMUNITARIA ADMINISTRADORA ACUEDUCTO EL VERGEL;RIESGO MEDIO;MEDIO;;ACUEDUCTO RURAL;QUEBRADA SANTA ELENA;23/30;FAVORABLE CON REQUERIMIENTOS;2025-08-04;COD_DANE_UNICO;CRUCE_OK;GEORREFERENCIADA;;208;INSTITUCION EDUCATIVA SIMON BOLIVAR;PIO XII;ACTIVA;OFICIAL;COMPLETA;EDUCACIÓN MEDIA;CORREG EL VERGEL;-76.49967374;3.917083454;-76.49967374;3.917083454;;;SEDESUESVALLE;COORDENADA_ORIGINAL_SEDESUESVALLE;1;11;;;;;;SIN_CANDIDATOS_MUNICIPIO;;PREVENTIVO;Medio;SIN_BRECHAS;NO;ALTA;36.54;MEDIA;Mantener seguimiento preventivo dentro de la programación regular.;2.27;BAJA
472;276736000178;SEVILLA;I.E SANTA TERESITA SEDE SANTA TERESITA;RURAL;CORREGIMIENTO SAN ANTONIO;SANTA TERESITA;3233256071;73;73;58;98;ESCUELAS_IRCAS;DATO_PRINCIPAL_ESCUELAS_IRCAS;NO;SI;ASOCIACION DE USUARIOS JUNTA ADMINISTRADORA ACUEDUCTO VEREDA SAN ANTONIO;RIESGO MEDIO;MEDIO;2167;PLANTA MODULAR;QUEBRADA SANTA ELENA;21.5;FAVORABLE CON REQUERIMIENTOS;2026-03-05;COD_DANE_UNICO;CRUCE_OK;GEORREFERENCIADA;;789;INSTITUCION EDUCATIVA SANTA TERESITA;SANTA TERESITA;ACTIVA;OFICIAL;ESPECIAL;EDUCACIÓN MEDIA;CORREG SAN ANTONIO;-75.939417;4.21624;-75.939417;4.21624;-75.94;4.22;SEDESUESVALLE;COORDENADA_ORIGINAL_SEDESUESVALLE;1;58;2.019;IE SANTA TERESITA;SANTA TERESITA;RURAL;CORREG SAN ANTONIO;COINCIDENCIA_NOMBRE_FUERTE;0.93;PREVENTIVO;Medio;SIN_BRECHAS;NO;ALTA;41.48;MEDIA;Mantener seguimiento preventivo por matrícula significativa.;3.93;BAJA
473;;SEVILLA;I.E SANTA TERESITA SEDE GENERAL SANTANDER SATELITA SAN ANTONIO;RURAL;CGTO SAN ANTONIO;GENERAL SANTANDER SATELITA SAN ANTONIO;3136727127;56;56;0;0;ESCUELAS_IRCAS;DATO_PRINCIPAL_ESCUELAS_IRCAS;NO;SI;ASOCIACION DE USUARIOS JUNTA ADMINISTRADORA ACUEDUCTO VEREDA SAN ANTONIO;RIESGO MEDIO;MEDIO;2167;;QUEBRADA SANTA ELENA;21.5;FAVORABLE CON REQUERIMIENTOS;2026-03-05;MUNICIPIO+NOMBRE_EXACTO;CRUCE_RECUPERADO;SIN_COORDENADAS;;788;;;;;;;;;;;;;;SIN_COORDENADA;SIN_COORDENADA;0;0;;;;;;COINCIDENCIA_NOMBRE_FUERTE_CON_POSIBLE_EMPATE;0.93;PREVENTIVO;Medio;SIN_COORDENADA;SI;MEDIA;42.77;MEDIA;Mantener seguimiento preventivo por matrícula significativa.;3.69;BAJA
474;276250000095;EL DOVIO;I.E ACERG SEDE ATANASIO GIRARDOT;RURAL;VEREDA SANTA ELENA;ATANASIO GIRARDOT;3112486643;18;18;18;17;ESCUELAS_IRCAS;DATO_PRINCIPAL_ESCUELAS_IRCAS;NO;SI;ACUEDUCTO RURAL SANTA ELENA;INVIABLE SANITARIAMENTE;INVIABLE SANITARIAMENTE;;ACUEDUCTO RURAL;QUEBRADA SANTA ELENA;25/30;FAVORABLE CON REQUERIMIENTOS;2025-05-15;COD_DANE_UNICO;CRUCE_OK;GEORREFERENCIADA;;403;INSTITUCION EDUCATIVA ACERG  ASOCIACION DE CENTROS EDUCATIVOS DEL CAÑON DEL RIO GARRAPATAS;ATANASIO GIRARDOT;ACTIVA;OFICIAL;UNICA;EDUCACIÓN MEDIA;VDA STA ELENA;-76.26495869;4.571672883;-76.26495869;4.571672883;-76.26;4.57;SEDESUESVALLE;COORDENADA_ORIGINAL_SEDESUESVALLE;1;18;2.019;IE ACERG;ATANASIO GIRARDOT;RURAL;VDA SANTA ELENA;COINCIDENCIA_NOMBRE_FUERTE;0.93;PRIORITARIO;Alto e inviable;SIN_BRECHAS;NO;ALTA;70.79;ALTA;Priorizar revisión técnica, validación en campo y articulación con sector educativo.;5.37;MEDIA
475;176243000026;EL AGUILA;I.E JUSTINIANO ECHAVARRIA SEDE JOSE MARIA CORDOBA;RURAL;CORREGIMIENTO VILLANUEVA;JOSE MARIA CORDOBA;3146180190;114;114;210;0;ESCUELAS_IRCAS;DATO_PRINCIPAL_ESCUELAS_IRCAS;NO;SI;ASOCIACION DE USUARIOS DEL ACUEDCUTO SANTA RITA - VILLANUEVA;SIN RIESGO;SIN RIESGO;3500;ACUEDUCTO RURAL VILLANUEVA;QUEBRADA SANTA RITA;22/30;FAVORABLE CON REQUERIMIENTOS;2026-02-11;COD_DANE_DUPLICADO+NOMBRE_EXACTO;CRUCE_OK_CONTROLADO;GEORREFERENCIADA;;300;INSTITUCION EDUCATIVA EL AGUILA;JOSÉ MARÍA CÓRDOBA;ACTIVA;OFICIAL;MAÑANA;EDUCACIÓN MEDIA;CRA 4 # 4-32;-76.04233103;4.910588;-76.04233103;4.910588;;;SEDESUESVALLE;COORDENADA_ORIGINAL_SEDESUESVALLE;1;210;;;;;;COINCIDENCIA_NOMBRE_FUERTE_CON_POSIBLE_EMPATE;0.935;RUTINARIO;Sin riesgo y bajo;SIN_BRECHAS;NO;ALTA;20.68;BAJA;Mantener seguimiento rutinario con control territorial rural.;0.0;BAJA
476;276243000080;EL AGUILA;I.E JUSTINIANO ECHAVARRIA SEDE MARCO FIDEL SUAREZ;RURAL;CORREGIMIENTO VILLANUEVA;MARCO FIDEL SUAREZ;3146180190;44;44;24;55;ESCUELAS_IRCAS;DATO_PRINCIPAL_ESCUELAS_IRCAS;NO;SI;ASOCIACION DE USUARIOS DEL ACUEDCUTO SANTA RITA - VILLANUEVA;SIN RIESGO;SIN RIESGO;3500;PLANTA COMPACTA NO FUNCIONAL;QUEBRADA SANTA RITA;22/30;FAVORABLE CON REQUERIMIENTOS;2026-02-10;COD_DANE_UNICO;CRUCE_OK;GEORREFERENCIADA;;297;INSTITUCION EDUCATIVA JUSTINIANO ECHAVARRIA;MARCO FIDEL SUAREZ;ACTIVA;OFICIAL;MAÑANA;EDUCACIÓN BÁSICA PRIMARIA;IP DE VILLANUEVA;-76.03639383;4.968648518;-76.03639383;4.968648518;-76.04;4.97;SEDESUESVALLE;COORDENADA_ORIGINAL_SEDESUESVALLE;1;24;2.019;IE JUSTINIANO ECHAVARRIA;MARCO FIDEL SUAREZ;RURAL;CORREG VILLANUEVA;COINCIDENCIA_NOMBRE_FUERTE;0.935;RUTINARIO;Sin riesgo y bajo;SIN_BRECHAS;NO;ALTA;18.13;BAJA;Mantener seguimiento rutinario con control territorial rural.;0.0;BAJA
477;276243000071;EL AGUILA;I.E JUSTINIANO ECHAVARRIA SEDE POLICARPA SALAVARRIETA;RURAL;CORREGIMIENTO VILLANUEVA;POLICARPA SALAVARRIETA;3146180190;32;32;45;56;ESCUELAS_IRCAS;DATO_PRINCIPAL_ESCUELAS_IRCAS;NO;SI;ASOCIACION DE USUARIOS DEL ACUEDCUTO SANTA RITA - VILLANUEVA;SIN RIESGO;SIN RIESGO;3500;PLANTA COMPACTA NO FUNCIONAL;QUEBRADA SANTA RITA;27/30;FAVORABLE CON REQUERIMIENTOS;2026-02-10;COD_DANE_UNICO;CRUCE_OK;GEORREFERENCIADA;;296;INSTITUCION EDUCATIVA JUSTINIANO ECHAVARRIA;POLICARPA SALAVARRIETA;ACTIVA;OFICIAL;MAÑANA;EDUCACIÓN BÁSICA SECUNDARIA;IP DE VILLANUEVA;-76.03806;4.90415;-76.03806;4.90415;-76.04;4.9;SEDESUESVALLE;COORDENADA_ORIGINAL_SEDESUESVALLE;1;45;2.019;IE JUSTINIANO ECHAVARRIA;POLICARPA SALAVARRIETA;RURAL;CORREG VILLANUEVA;COINCIDENCIA_NOMBRE_FUERTE;0.94;RUTINARIO;Sin riesgo y bajo;SIN_BRECHAS;NO;ALTA;17.29;BAJA;Mantener seguimiento rutinario con control territorial rural.;0.0;BAJA
478;276616000336;RIOFRIO;ESCUELA EL SOCORRO N. 23;RURAL;VDA GUAYABAL;;3113380969;11;11;8;9;ESCUELAS_IRCAS;DATO_PRINCIPAL_ESCUELAS_IRCAS;NO;SI;ACUEDUCTO ACUAGUAYABAL;RIESGO MEDIO;MEDIO;7591;ACUEDUTO RURAL;QUEBRADA SANTA RITA;18.0;FAVORABLE CON REQUERIMIENTOS;2025-04-08;COD_DANE_UNICO;CRUCE_OK;GEORREFERENCIADA;;676;INSTITUCION EDUCATIVA CAMILO TORRES;EL SOCORRO;ACTIVA;OFICIAL;COMPLETA;EDUCACIÓN MEDIA;VD GUAYABAL;-76.3681785;4.113718423;-76.3681785;4.113718423;-76.37;4.11;SEDESUESVALLE;COORDENADA_ORIGINAL_SEDESUESVALLE;1;8;2.019;IE CAMILO TORRES;EL SOCORRO;RURAL;VDA GUAYABAL;COINCIDENCIA_NOMBRE_FUERTE;0.93;PREVENTIVO;Medio;SIN_BRECHAS;NO;ALTA;36.54;MEDIA;Mantener seguimiento preventivo dentro de la programación regular.;2.27;BAJA
479;276020000151;ALCALA;I.E ARTURO GÓMEZ JARAMILLO SEDE NUEVA GRANADA;RURAL;VEREDA EL CONGAL;NUEVA GRANADA;3136668258;4;4;4;0;ESCUELAS_IRCAS;DATO_PRINCIPAL_ESCUELAS_IRCAS;NO;SI;COOPERATIVA MARAVELEZ ALCALA ESP (SISTEMA #1);RIESGO ALTO;ALTO;78;ACUEDUCTO RURAL;QUEBRADA SANTA TERESA - QUEBRADA TRIJILLOS;21/30;FAVORABLE CON REQUERIMIENTOS;2025-10-28;COD_DANE_UNICO;CRUCE_OK;GEORREFERENCIADA;;9;INSTITUCION EDUCATIVA ARTURO GOMEZ JARAMILLO;NUEVA GRANADA;ACTIVA;OFICIAL;UNICA;EDUCACIÓN BÁSICA PRIMARIA;IP EL CONGAL;-75.716449;4.666389;-75.716449;4.666389;;;SEDESUESVALLE;COORDENADA_ORIGINAL_SEDESUESVALLE;1;4;;;;;;COINCIDENCIA_NOMBRE_FUERTE_CON_POSIBLE_EMPATE;0.93;PRIORITARIO;Alto e inviable;SIN_BRECHAS;NO;ALTA;53.42;MEDIA;Programar seguimiento operativo y verificar condiciones del sistema abastecedor.;2.2;BAJA
480;276606000079;RESTREPO;I.E. JULIO FERNANDEZ MEDINA SEDE JUAN XXIII;RURAL;VDA POTRERILLO;JUAN XXIII;3113534056;6;6;5;0;ESCUELAS_IRCAS;DATO_PRINCIPAL_ESCUELAS_IRCAS;NO;SI;ASOCIACION DE USUARIOS DEL SISTEMA DE SUMINISTRO DE AGUA RURAL COMUNITARIA DE LAS VEREDAS AGUACATE Y POTRERILLO;SIN RIESGO;SIN RIESGO;547;FILTRO HOMELAND;QUEBRADA SINAÍ;22.5;FAVORABLE CON REQUERIMIENTOS;2026-02-11;COD_DANE_UNICO;CRUCE_OK;GEORREFERENCIADA;;646;INSTITUCION EDUCATIVA JULIO FERNANDEZ MEDINA;JUAN XXIII;ACTIVA;OFICIAL;COMPLETA;EDUCACIÓN BÁSICA PRIMARIA;VDA POTRERILLO;-76.5557066;3.784888952;-76.5557066;3.784888952;;;SEDESUESVALLE;COORDENADA_ORIGINAL_SEDESUESVALLE;1;5;;;;;;COINCIDENCIA_NOMBRE_FUERTE_CON_POSIBLE_EMPATE;0.93;RUTINARIO;Sin riesgo y bajo;SIN_BRECHAS;NO;ALTA;13.08;BAJA;Mantener seguimiento rutinario con control territorial rural.;0.0;BAJA
481;276126000028;CALIMA;I.E. SIMON BOLIVAR SEDE SAN JOSE;RURAL;VDA SAN JOSE;SAN JOSE;3167073843;4;4;4;0;ESCUELAS_IRCAS;DATO_PRINCIPAL_ESCUELAS_IRCAS;NO;SI;ASOCIACION JUNTA ADMINISTRADORA ACUEDUCTO VEREDA SAN JOSE;RIESGO ALTO;ALTO;3402;ACUEDUCTO RURAL;QUEBRADA SORRENTO LA PELUZA;23/30;FAVORABLE CON REQUERIMIENTOS;2026-02-20;COD_DANE_UNICO;CRUCE_OK;GEORREFERENCIADA;;210;INSTITUCION EDUCATIVA SIMON BOLIVAR;SAN JOSE;ACTIVA;OFICIAL;COMPLETA;EDUCACIÓN BÁSICA PRIMARIA;CORREG SAN JOSE;-76.51174951;3.958426589;-76.51174951;3.958426589;;;SEDESUESVALLE;COORDENADA_ORIGINAL_SEDESUESVALLE;1;4;;;;;;SIN_CANDIDATOS_MUNICIPIO;;PRIORITARIO;Alto e inviable;SIN_BRECHAS;NO;ALTA;53.42;MEDIA;Programar seguimiento operativo y verificar condiciones del sistema abastecedor.;2.2;BAJA
482;176248000024;EL CERRITO;I.E. HERNANDO BORRERO CUADROS SEDE JORGE ISAACS;RURAL;CORREGIMIENTO TENERIFE;JORGE ISAACS;3165060744;717;717;717;0;ESCUELAS_IRCAS;DATO_PRINCIPAL_ESCUELAS_IRCAS;NO;SI;ASOUAT;SIN RIESGO;SIN RIESGO;1397;FILTRO;QUEBRADA TACAMOCHO;19.21;FAVORABLE CON REQUERIMIENTOS;2026-04-17;COD_DANE_DUPLICADO+NOMBRE_EXACTO;CRUCE_OK_CONTROLADO;GEORREFERENCIADA;;376;INSTITUCION EDUCATIVA JORGE  ISAACS;JORGE ISAACS;ACTIVA;OFICIAL;UNICA;EDUCACIÓN MEDIA;CRA 7 #8-29 BRR/EL ROSARIO;-76.274067;3.61544;-76.274067;3.61544;;;SEDESUESVALLE;COORDENADA_ORIGINAL_SEDESUESVALLE;1;717;;;;;;COINCIDENCIA_NOMBRE_FUERTE_CON_POSIBLE_EMPATE;0.93;RUTINARIO;Sin riesgo y bajo;SIN_BRECHAS;NO;ALTA;25.65;BAJA;Mantener seguimiento rutinario con control territorial rural.;0.0;BAJA
483;276248000321;EL CERRITO;I.E. HERNANDO BORRERO CUADROS SEDE HERNANDO BORRERO CUADROS;RURAL;CORREGIMIENTO TENERIFE;HERNANDO BORRERO CUADROS;3165060744;140;140;140;103;ESCUELAS_IRCAS;DATO_PRINCIPAL_ESCUELAS_IRCAS;NO;SI;ASOUAT;SIN RIESGO;SIN RIESGO;1397;FILTRO;QUEBRADA TACAMOCHO;19.21;FAVORABLE CON REQUERIMIENTOS;2026-04-17;COD_DANE_UNICO;CRUCE_OK;GEORREFERENCIADA;;377;INSTITUCION EDUCATIVA HERNANDO BORRERO CUADROS;HERNANDO BORRERO CUADROS;ACTIVA;OFICIAL;FIN DE SEMANA, MAÑANA, NOCTURNA;PREESCOLAR, EDUCACIÓN BÁSICA PRIMARIA, EDUCACIÓN BÁSICA SECUNDARIA, EDUCACIÓN MEDIA, CLEI;CORREG TENERIFE;-76.0767710689;3.72994283461;-76.0767710689;3.72994283461;-76.08;3.73;SEDESUESVALLE;COORDENADA_ORIGINAL_SEDESUESVALLE;1;140;2.019;IE HERNANDO BORRERO CUADROS;HERNANDO BORRERO CUADROS;RURAL;CORREG TENERIFE;COINCIDENCIA_NOMBRE_FUERTE;0.937;RUTINARIO;Sin riesgo y bajo;SIN_BRECHAS;NO;ALTA;21.23;BAJA;Mantener seguimiento rutinario con control territorial rural.;0.0;BAJA
484;276233000502;DAGUA;I.E. CAMILO TORRES SEDE JUAN DEL CORRAL;RURAL;CORREGIMIENTO ZABALETAS;JUAN DEL CORRAL;3176506309;145;145;145;0;ESCUELAS_IRCAS;DATO_PRINCIPAL_ESCUELAS_IRCAS;NO;SI;ASOCIACIÓN JUNTA ADMINISTRADORA DE ACUEDUCTO CORREGIMIENTO DE ZABALETAS;SIN RIESGO;SIN RIESGO;1399;ACUEDUCTO RURAL ZABALETAS;QUEBRADA TAMBORAL;22,5/30;DESFAVORABLE;2025-03-26;COD_DANE_UNICO;CRUCE_OK;GEORREFERENCIADA;;237;INSTITUCION EDUCATIVA CAMILO TORRES;JUAN DEL CORRAL;ACTIVA;OFICIAL;MAÑANA;EDUCACIÓN MEDIA;IPD ZABALETAS;-76.624925;3.809997;-76.624925;3.809997;;;SEDESUESVALLE;COORDENADA_ORIGINAL_SEDESUESVALLE;1;145;;;;;;COINCIDENCIA_NOMBRE_FUERTE_CON_POSIBLE_EMPATE;0.93;RUTINARIO;Sin riesgo y bajo;SIN_BRECHAS;NO;ALTA;25.53;BAJA;Mantener seguimiento rutinario con control territorial rural.;0.0;BAJA
485;276318000048;GUACARÍ;I.E. GENERAL SANTANDER SEDE SANTA ROSA DE LIMA;RURAL;CORREGIMIENTO SANTA ROSA DE TAPIAS;SANTA ROSA DE LIMA;3014701849;98;98;98;0;ESCUELAS_IRCAS;DATO_PRINCIPAL_ESCUELAS_IRCAS;NO;SI;ACUATAPIAS;RIESGO MEDIO;MEDIO;3039;DESINFECCIÓN;QUEBRADA TAPIAS;40.43;DESFAVORABLE;2026-02-11;COD_DANE_UNICO;CRUCE_OK;GEORREFERENCIADA;;489;INSTITUCION EDUCATIVA GENERAL SANTANDER;SANTA ROSA DE LIMA;ACTIVA;OFICIAL;ESPECIAL;EDUCACIÓN MEDIA;CORREG STA ROSA DE TAPIAS;-76.24137507;3.819493393;-76.24137507;3.819493393;;;SEDESUESVALLE;COORDENADA_ORIGINAL_SEDESUESVALLE;1;98;;;;;;COINCIDENCIA_NOMBRE_FUERTE_CON_POSIBLE_EMPATE;0.93;PREVENTIVO;Medio;SIN_BRECHAS;NO;ALTA;46.47;MEDIA;Mantener seguimiento preventivo por matrícula significativa.;4.79;MEDIA
486;276318000510;GUACARÍ;I.E. GENERAL SANTANDER SEDE SATELITE PEDRO VICENTE ABADIA;RURAL;VEREDA SANTA ROSA DE TAPIAS;SATELITE PEDRO VICENTE ABADIA;SD;131;131;131;0;ESCUELAS_IRCAS;DATO_PRINCIPAL_ESCUELAS_IRCAS;NO;SI;ACUATAPIAS;RIESGO MEDIO;MEDIO;3039;DESINFECCIÓN;QUEBRADA TAPIAS;40.43;DESFAVORABLE;2026-02-11;COD_DANE_DUPLICADO+NOMBRE_EXACTO;CRUCE_OK_CONTROLADO;GEORREFERENCIADA;;490;INSTITUCION EDUCATIVA GENERAL SANTANDER;SATELITE PEDRO VICENTE ABADIA;ACTIVA;OFICIAL;ESPECIAL;EDUCACIÓN MEDIA;CORREG STA ROSA DE TAPIAS;-76.242609;3.82012;-76.242609;3.82012;;;SEDESUESVALLE;COORDENADA_ORIGINAL_SEDESUESVALLE;1;131;;;;;;COINCIDENCIA_NOMBRE_FUERTE_CON_POSIBLE_EMPATE;0.935;PREVENTIVO;Medio;SIN_BRECHAS;NO;ALTA;47.25;MEDIA;Mantener seguimiento preventivo por matrícula significativa.;5.09;MEDIA
487;276318000064;GUACARÍ;I.E. GENERAL SANTANDER SEDE SAN ROQUE;RURAL;VEREDA ALTO DE GUACAS;SAN ROQUE;SD;19;19;19;0;ESCUELAS_IRCAS;DATO_PRINCIPAL_ESCUELAS_IRCAS;NO;SI;ACUATAPIAS;RIESGO MEDIO;MEDIO;3039;DESINFECCIÓN;QUEBRADA TAPIAS;40.43;DESFAVORABLE;2026-02-11;COD_DANE_UNICO;CRUCE_OK;GEORREFERENCIADA;;492;INSTITUCION EDUCATIVA GENERAL SANTANDER;SAN ROQUE;ACTIVA;OFICIAL;ESPECIAL;EDUCACIÓN MEDIA;CORREG ALTO GUACAS;-76.248109;3.828759;-76.248109;3.828759;;;SEDESUESVALLE;COORDENADA_ORIGINAL_SEDESUESVALLE;1;19;;;;;;COINCIDENCIA_NOMBRE_FUERTE_CON_POSIBLE_EMPATE;0.93;PREVENTIVO;Medio;SIN_BRECHAS;NO;ALTA;42.13;MEDIA;Mantener seguimiento preventivo dentro de la programación regular.;3.12;BAJA
488;276318000391;GUACARÍ;I.E. GENERAL SANTANDER SEDE HEBERTH MARINO SAAVEDRA;RURAL;VEREDA ALTO DE TAPIAS;HEBERTH MARINO SAAVEDRA;3014784311;7;7;7;0;ESCUELAS_IRCAS;DATO_PRINCIPAL_ESCUELAS_IRCAS;NO;SI;ACUATAPIAS;RIESGO MEDIO;MEDIO;3039;DESINFECCIÓN;QUEBRADA TAPIAS;40.43;DESFAVORABLE;2026-02-11;COD_DANE_UNICO;CRUCE_OK;GEORREFERENCIADA;;498;INSTITUCION EDUCATIVA GENERAL SANTANDER;HEBERTH  MARINO SAAVEDRA;ACTIVA;OFICIAL;ESPECIAL;EDUCACIÓN BÁSICA PRIMARIA;VDA ALTO DE TAPIAS;-76.22532799;3.823662209;-76.22532799;3.823662209;;;SEDESUESVALLE;COORDENADA_ORIGINAL_SEDESUESVALLE;1;7;;;;;;COINCIDENCIA_NOMBRE_FUERTE_CON_POSIBLE_EMPATE;0.93;PREVENTIVO;Medio;SIN_BRECHAS;NO;ALTA;39.64;MEDIA;Mantener seguimiento preventivo dentro de la programación regular.;2.17;BAJA
489;176318000264;GUACARÍ;I.E. ESCUELA NORMAL SUPERIOR MIGUEL DE CERVANTES SAAVEDRA SEDE SAN ANTONIO DE GUACAS;RURAL;VEREDA GUACAS;SAN ANTONIO DE GUACAS;3154789982;8;8;788;0;ESCUELAS_IRCAS;DATO_PRINCIPAL_ESCUELAS_IRCAS;NO;SI;ACUATAPIAS;RIESGO MEDIO;MEDIO;3039;DESINFECCIÓN;QUEBRADA TAPIAS;40.43;DESFAVORABLE;2026-02-11;COD_DANE_UNICO;CRUCE_OK;GEORREFERENCIADA;;497;INSTITUCION EDUCATIVA  NORMAL SUPERIOR MIGUEL DE CERVANTES SAAVEDRA GALINDO;MIGUEL DE CERVANTES SAAVEDRA;ACTIVA;OFICIAL;MAÑANA;EDUCACIÓN MEDIA;CL 3 # 8-65;-76.3340630371;3.76224225573;-76.3340630371;3.76224225573;;;SEDESUESVALLE;COORDENADA_ORIGINAL_SEDESUESVALLE;1;788;;;;;;COINCIDENCIA_NOMBRE_FUERTE_CON_POSIBLE_EMPATE;0.93;PREVENTIVO;Medio;SIN_BRECHAS;NO;ALTA;39.96;MEDIA;Mantener seguimiento preventivo dentro de la programación regular.;2.29;BAJA
490;276616000379;RIOFRIO;CENTRO EDUCATIVO CENT DOC N. 35 SAN JOSE;RURAL;VEREDA LOS ALPES;;3117381543;9;9;11;22;ESCUELAS_IRCAS;DATO_PRINCIPAL_ESCUELAS_IRCAS;NO;SI;JUNTA ADMINISTRADORA DEL ACUEDUCTO DE USUARIO DE LA ZULIA ACUAZULIA LOS ALPES;SIN RIESGO;SIN RIESGO;2786;ACUEDUTO RURAL;QUEBRADA TARPELLA;22.0;FAVORABLE CON REQUERIMIENTOS;2025-04-09;COD_DANE_UNICO;CRUCE_OK;GEORREFERENCIADA;;661;INSTITUCION EDUCATIVA CAMILO TORRES;SAN JOSÉ;ACTIVA;OFICIAL;COMPLETA;EDUCACIÓN MEDIA;VDA LOS ALPES;-76.39830028;4.097854724;-76.39830028;4.097854724;-76.4;4.1;SEDESUESVALLE;COORDENADA_ORIGINAL_SEDESUESVALLE;1;11;2.019;IE CAMILO TORRES;SAN JOSÉ;RURAL;VDA LOS ALPES;COINCIDENCIA_NOMBRE_FUERTE;0.93;RUTINARIO;Sin riesgo y bajo;SIN_BRECHAS;NO;ALTA;14.05;BAJA;Mantener seguimiento rutinario con control territorial rural.;0.0;BAJA
491;176113000652;BUGALAGRANDE;I.E. MARIANO GONZALEZ SEDE ANTONIO NARIÑO;RURAL;CGTO GALICIA;ANTONIO NARIÑO;3154682713;140;140;399;0;ESCUELAS_IRCAS;DATO_PRINCIPAL_ESCUELAS_IRCAS;NO;SI;ASOCIACION AGUAS DE GALICIA;RIESGO ALTO;ALTO;2153;;QUEBRADA TETILLAL;22.5;FAVORABLE CON REQUERIMIENTOS;2026-02-12;COD_DANE_DUPLICADO+NOMBRE_EXACTO;CRUCE_OK_CONTROLADO;GEORREFERENCIADA;;143;INSTITUCION EDUCATIVA ANTONIO NARIÑO;INSTITUCION EDUCATIVA ANTONIO NARIÑO;ACTIVA;OFICIAL;COMPLETA;EDUCACIÓN MEDIA;CL 9 KR 6 ESQ;-76.15515895;4.215173308;-76.15515895;4.215173308;;;SEDESUESVALLE;COORDENADA_ORIGINAL_SEDESUESVALLE;1;399;;;;;;COINCIDENCIA_NOMBRE_FUERTE_CON_POSIBLE_EMPATE;0.93;PRIORITARIO;Alto e inviable;SIN_BRECHAS;NO;ALTA;62.48;ALTA;Programar seguimiento operativo y verificar condiciones del sistema abastecedor.;6.77;ALTA
492;276113000941;BUGALAGRANDE;I.E. MARIANO GONZALEZ SEDE ANTONIA SANTOS;RURAL;CGTO GALICIA;ANTONIA SANTOS;3154682713;154;154;55;0;ESCUELAS_IRCAS;DATO_PRINCIPAL_ESCUELAS_IRCAS;NO;SI;ASOCIACION AGUAS DE GALICIA;RIESGO ALTO;ALTO;2153;;QUEBRADA TETILLAL;25;FAVORABLE CON REQUERIMIENTOS;2025-08-21;COD_DANE_UNICO;CRUCE_OK;GEORREFERENCIADA;;145;INSTITUCION EDUCATIVA MARIANO GONZALEZ;ANTONIA SANTOS;ACTIVA;OFICIAL;MAÑANA;EDUCACIÓN BÁSICA PRIMARIA;I.P DE GALICIA;-76.05788558;4.17104375;-76.05788558;4.17104375;;;SEDESUESVALLE;COORDENADA_ORIGINAL_SEDESUESVALLE;1;55;;;;;;COINCIDENCIA_NOMBRE_FUERTE_CON_POSIBLE_EMPATE;0.93;PRIORITARIO;Alto e inviable;SIN_BRECHAS;NO;ALTA;62.74;ALTA;Programar seguimiento operativo y verificar condiciones del sistema abastecedor.;6.9;ALTA
493;276113000436;BUGALAGRANDE;I.E. MARIANO GONZALEZ SEDE MARIANO GONZALEZ;RURAL;CGTO GALICIA;MARIANO GONZALEZ;3154682713;36;36;34;56;ESCUELAS_IRCAS;DATO_PRINCIPAL_ESCUELAS_IRCAS;NO;SI;ASOCIACION AGUAS DE GALICIA;RIESGO ALTO;ALTO;2153;;QUEBRADA TETILLAL;22.5;FAVORABLE CON REQUERIMIENTOS;2026-02-12;COD_DANE_UNICO;CRUCE_OK;GEORREFERENCIADA;;149;INSTITUCION EDUCATIVA MARIANO GONZALEZ;MARIANO GONZALEZ;ACTIVA;OFICIAL;MAÑANA;EDUCACIÓN BÁSICA SECUNDARIA;I.P GALICIA;-76.056138;4.172822;-76.056138;4.172822;-76.06;4.17;SEDESUESVALLE;COORDENADA_ORIGINAL_SEDESUESVALLE;1;34;2.019;IE MARIANO GONZALEZ;MARIANO GONZALEZ;RURAL;CORREG GALICIA;COINCIDENCIA_NOMBRE_FUERTE;0.93;PRIORITARIO;Alto e inviable;SIN_BRECHAS;NO;ALTA;58.85;ALTA;Programar seguimiento operativo y verificar condiciones del sistema abastecedor.;4.94;MEDIA
494;276233000324;DAGUA;I.E. CAMILO TORRES SEDE LOS COMUNEROS;RURAL;VEREDA PUERTO DAGUA;LOS COMUNEROS;3117776969;9;9;9;0;ESCUELAS_IRCAS;DATO_PRINCIPAL_ESCUELAS_IRCAS;NO;SI;ASOCIACION DE USUARIOS ACUEDUCTO PUERTA DAGUA RIO DAGUA E.S.P EN LIQUIDACION - RIO DAGUA E.S.P;RIESGO ALTO;ALTO;1400;ACUEDUCTO RURAL PUERTA DAGUA;QUEBRADA TIERRA CALIENTE;22/30;DESFAVORABLE;2026-03-05;COD_DANE_UNICO;CRUCE_OK;GEORREFERENCIADA;;238;INSTITUCION EDUCATIVA CAMILO TORRES;LOS COMUNEROS;ACTIVA;OFICIAL;MAÑANA;EDUCACIÓN BÁSICA PRIMARIA;VDDA PUERTA DAGUA;-76.67162;3.722275;-76.67162;3.722275;;;SEDESUESVALLE;COORDENADA_ORIGINAL_SEDESUESVALLE;1;9;;;;;;COINCIDENCIA_NOMBRE_FUERTE_CON_POSIBLE_EMPATE;0.93;PRIORITARIO;Alto e inviable;SIN_BRECHAS;NO;ALTA;59.5;ALTA;Programar seguimiento operativo y verificar condiciones del sistema abastecedor.;3.6;BAJA
495;276100000305;BOLIVAR;ESCUELA JOSE MARIA CORDOBA N.12;RURAL;VDA LA MONTAÑUELA;;3173828182;12;12;8;0;ESCUELAS_IRCAS;DATO_PRINCIPAL_ESCUELAS_IRCAS;NO;SI;ASOCIACION DE USUARIOS DEL SERVICIO COMUNITARIO DE LA MONTAÑUELA - AUSCRAALMA;INVIABLE SANITARIAMENTE;INVIABLE SANITARIAMENTE;2169;ACUEDUCTO RURAL;QUEBRADA TOLDA FRIA;26.5;FAVORABLE CON REQUERIMIENTOS;2025-05-08;COD_DANE_DUPLICADO_COORDENADA_COMUN;VALIDAR_DUPLICADO;GEORREFERENCIADA;"Código DANE duplicado en SedesUESVALLE; se asignó coordenada común.";107;INSTITUCION EDUCATIVA PRIMAVERA;JOSE MARIA CORDOBA;ACTIVA;OFICIAL;MAÑANA;EDUCACIÓN BÁSICA PRIMARIA;VDA LA MONTAÑUELA;-76.23086295;4.340712482;-76.23086295;4.340712482;;;SEDESUESVALLE;COORDENADA_ORIGINAL_SEDESUESVALLE;1;8;;;;;;COINCIDENCIA_NOMBRE_FUERTE_CON_POSIBLE_EMPATE;0.93;PRIORITARIO;Alto e inviable;CRUCE_PENDIENTE;SI;MEDIA;71.76;ALTA;Priorizar revisión técnica, validación en campo y articulación con sector educativo.;4.68;MEDIA
496;176041000440;ANSERMANUEVO;I.E SANTA ANA DE LOS CABALLEROS SEDE MARCO FIDEL SUAREZ;URBANO;CARRERA 3 # 8  - 18;MARCO FIDEL SUAREZ;3127952477;645;645;1;0;ESCUELAS_IRCAS;DATO_PRINCIPAL_ESCUELAS_IRCAS;NO;SI;ACUAVALLE S.A ESP;SIN RIESGO;SIN RIESGO;60;PLANTA ACUAVALLE S.A ESP;QUEBRADA TORO - QUEBRADA SAN AGUSTIN;25/30;FAVORABLE CON REQUERIMIENTOS;2026-02-04;COD_DANE_UNICO;CRUCE_OK;GEORREFERENCIADA;;37;INSTITUCION EDUCATIVA SANTA ANA DE LOS CABALLEROS;MARCO FIDEL SUAREZ;ACTIVA;OFICIAL;MAÑANA;EDUCACIÓN BÁSICA PRIMARIA;KR 3 CL 9 ESQ;-75.9923776368;4.79766051636;-75.9923776368;4.79766051636;;;SEDESUESVALLE;COORDENADA_ORIGINAL_SEDESUESVALLE;1;1;;;;;;COINCIDENCIA_NOMBRE_FUERTE_CON_POSIBLE_EMPATE;0.942;RUTINARIO;Sin riesgo y bajo;SIN_BRECHAS;NO;ALTA;25.36;BAJA;Mantener seguimiento rutinario.;0.0;BAJA
497;176041000016;ANSERMANUEVO;I.E SANTA ANA DE LOS CABALLEROS SEDE PRINCIPAL;URBANO;CARRERA 3 # 8  - 18;PRINCIPAL;3127952477;334;334;334;1100;ESCUELAS_IRCAS;DATO_PRINCIPAL_ESCUELAS_IRCAS;NO;SI;ACUAVALLE S.A ESP;SIN RIESGO;SIN RIESGO;60;PLANTA ACUAVALLE S.A ESP;QUEBRADA TORO - QUEBRADA SAN AGUSTIN;25/30;FAVORABLE CON REQUERIMIENTOS;2026-02-04;COD_DANE_UNICO;CRUCE_OK;GEORREFERENCIADA;;38;INSTITUCION EDUCATIVA SANTA ANA DE LOS CABALLEROS;SANTA ANA DE LOS CABALLEROS;ACTIVA;OFICIAL;FIN DE SEMANA, MAÑANA, NOCTURNA, TARDE;PREESCOLAR, EDUCACIÓN BÁSICA PRIMARIA, EDUCACIÓN BÁSICA SECUNDARIA, EDUCACIÓN MEDIA, CLEI;KR 3 8 18;-75.99270955;4.79688705;-75.99270955;4.79688705;-75.99;4.8;SEDESUESVALLE;COORDENADA_ORIGINAL_SEDESUESVALLE;1;334;2.019;IE SANTA ANA DE LOS CABALLEROS;SANTA ANA DE LOS CABALLEROS;URBANA;CRA 3 NO. 8-18;COINCIDENCIA_NOMBRE_FUERTE;0.93;RUTINARIO;Sin riesgo y bajo;SIN_BRECHAS;NO;ALTA;23.58;BAJA;Mantener seguimiento rutinario.;0.0;BAJA
498;276041000266;ANSERMANUEVO;I.E SANTA ANA DE LOS CABALLEROS SEDE MARIA MONTESORI;RURAL;CORREGIMIENTO GRAMALOTE;MARIA MONTESORI;3144438010;6;6;6;0;ESCUELAS_IRCAS;DATO_PRINCIPAL_ESCUELAS_IRCAS;NO;SI;ACUAVALLE S.A ESP;SIN RIESGO;SIN RIESGO;60;PLANTA ACUAVALLE S.A ESP;QUEBRADA TORO - QUEBRADA SAN AGUSTIN;22/30;FAVORABLE CON REQUERIMIENTOS;2026-02-04;COD_DANE_UNICO;CRUCE_OK;GEORREFERENCIADA;;39;INSTITUCION EDUCATIVA SANTA ANA DE LOS CABALLEROS;MARIA MONTESSORI;ACTIVA;OFICIAL;MAÑANA;EDUCACIÓN BÁSICA PRIMARIA;IP GRAMALOTE;-75.98838;4.787052;-75.98838;4.787052;;;SEDESUESVALLE;COORDENADA_ORIGINAL_SEDESUESVALLE;1;6;;;;;;COINCIDENCIA_NOMBRE_FUERTE_CON_POSIBLE_EMPATE;0.93;RUTINARIO;Sin riesgo y bajo;SIN_BRECHAS;NO;ALTA;13.08;BAJA;Mantener seguimiento rutinario con control territorial rural.;0.0;BAJA
499;176041000431;ANSERMANUEVO;I.E SANTA ANA DE LOS CABALLEROS SEDE PIO XII;URBANO;CARRERA  CARRERA 5 CALLE 7 ESQUINA;PIO XII;3144438010;96;96;96;0;ESCUELAS_IRCAS;DATO_PRINCIPAL_ESCUELAS_IRCAS;NO;SI;ACUAVALLE S.A ESP;SIN RIESGO;SIN RIESGO;60;PLANTA ACUAVALLE S.A ESP;QUEBRADA TORO - QUEBRADA SAN AGUSTIN;22/30;FAVORABLE CON REQUERIMIENTOS;2026-02-05;COD_DANE_UNICO;CRUCE_OK;GEORREFERENCIADA;;42;INSTITUCION EDUCATIVA SANTA ANA DE LOS CABALLEROS;PIO XII;ACTIVA;OFICIAL;MAÑANA;EDUCACIÓN BÁSICA SECUNDARIA;CL 7 CR 5 ESQ;-75.9948193668;4.79660926137;-75.9948193668;4.79660926137;;;SEDESUESVALLE;COORDENADA_ORIGINAL_SEDESUESVALLE;1;96;;;;;;COINCIDENCIA_NOMBRE_FUERTE_CON_POSIBLE_EMPATE;0.93;RUTINARIO;Sin riesgo y bajo;SIN_BRECHAS;NO;ALTA;20.22;BAJA;Mantener seguimiento rutinario.;0.0;BAJA
500;176041000423;ANSERMANUEVO;I.E SANTA ANA DE LOS CABALLEROS SEDE MARIA INMACULADA;URBANO;CARRERA 3 # 7  - 62;MARIA INMACULADA;3144438010;122;122;122;0;ESCUELAS_IRCAS;DATO_PRINCIPAL_ESCUELAS_IRCAS;NO;SI;ACUAVALLE S.A ESP;SIN RIESGO;SIN RIESGO;60;PLANTA ACUAVALLE S.A ESP;QUEBRADA TORO - QUEBRADA SAN AGUSTIN;22/30;FAVORABLE CON REQUERIMIENTOS;2026-02-05;COD_DANE_UNICO;CRUCE_OK;GEORREFERENCIADA;;43;INSTITUCION EDUCATIVA SANTA ANA DE LOS CABALLEROS;MARIA INMACULADA;ACTIVA;OFICIAL;MAÑANA;EDUCACIÓN BÁSICA PRIMARIA;CR 3 # 7-62;-75.9927317538;4.7964285856;-75.9927317538;4.7964285856;;;SEDESUESVALLE;COORDENADA_ORIGINAL_SEDESUESVALLE;1;122;;;;;;COINCIDENCIA_NOMBRE_FUERTE_CON_POSIBLE_EMPATE;0.94;RUTINARIO;Sin riesgo y bajo;SIN_BRECHAS;NO;ALTA;20.86;BAJA;Mantener seguimiento rutinario.;0.0;BAJA
501;176041000831;ANSERMANUEVO;IE SANTA ANA DE LOS CABALLEROS SEDE LAUREANO GOMEZ;URBANO;CALLE 3 # 1  - 45;LAUREANO GOMEZ;3144438010;9;9;9;0;ESCUELAS_IRCAS;DATO_PRINCIPAL_ESCUELAS_IRCAS;NO;SI;ACUAVALLE S.A ESP;SIN RIESGO;SIN RIESGO;60;PLANTA ACUAVALLE S.A ESP;QUEBRADA TORO - QUEBRADA SAN AGUSTIN;21/30;FAVORABLE CON REQUERIMIENTOS;2026-02-03;COD_DANE_UNICO;CRUCE_OK;GEORREFERENCIADA;;44;INSTITUCION EDUCATIVA SANTA ANA DE LOS CABALLEROS;LAUREANO GOMEZ;ACTIVA;OFICIAL;MAÑANA;EDUCACIÓN BÁSICA PRIMARIA;CL 3 # 1-45;-75.9917127288;4.7919240663;-75.9917127288;4.7919240663;;;SEDESUESVALLE;COORDENADA_ORIGINAL_SEDESUESVALLE;1;9;;;;;;COINCIDENCIA_NOMBRE_FUERTE_CON_POSIBLE_EMPATE;0.98;RUTINARIO;Sin riesgo y bajo;SIN_BRECHAS;NO;ALTA;14.05;BAJA;Mantener seguimiento rutinario.;0.0;BAJA
502;276041000339;ANSERMANUEVO;I.E SANTA ANA DE LOS CABALLEROS SEDE ANTONIO RICAURTE;RURAL;CORREGIMIENTO DE ANACARO;ANTONIO RICAURTE;315841391;81;81;81;0;ESCUELAS_IRCAS;DATO_PRINCIPAL_ESCUELAS_IRCAS;NO;SI;ACUAVALLE S.A ESP;SIN RIESGO;SIN RIESGO;60;PLANTA ACUAVALLE S.A ESP;QUEBRADA TORO - QUEBRADA SAN AGUSTIN;20/30;FAVORABLE CON REQUERIMIENTOS;2025-07-29;COD_DANE_UNICO;CRUCE_OK;GEORREFERENCIADA;;45;INSTITUCION EDUCATIVA SANTA ANA DE LOS CABALLEROS;ANTONIO RICAURTE;ACTIVA;OFICIAL;MAÑANA;EDUCACIÓN BÁSICA SECUNDARIA;IP DE ANACARO;-75.969921;4.786929;-75.969921;4.786929;;;SEDESUESVALLE;COORDENADA_ORIGINAL_SEDESUESVALLE;1;81;;;;;;COINCIDENCIA_NOMBRE_FUERTE_CON_POSIBLE_EMPATE;0.94;RUTINARIO;Sin riesgo y bajo;SIN_BRECHAS;NO;ALTA;19.76;BAJA;Mantener seguimiento rutinario con control territorial rural.;0.0;BAJA
503;276736000810;SEVILLA;I.E. BENJAMIN HERRERA SEDE BENJAMIN HERRERA;RURAL;VDA LA MILONGA;BENJAMIN HERRERA;3123165914;18;18;24;99;ESCUELAS_IRCAS;DATO_PRINCIPAL_ESCUELAS_IRCAS;NO;SI;ASOCIACION DE USUARIOS ACUEDUCTO DE LA VDA MILONGA;RIESGO MEDIO;MEDIO;3281;;QUEBRADA VARSOVIA Y LAS BRISAS;21.5;FAVORABLE CON REQUERIMIENTOS;2025-07-23;COD_DANE_UNICO;CRUCE_OK;GEORREFERENCIADA;;767;INSTITUCION EDUCATIVA BENJAMIN HERRERA;BENJAMIN HERRERA;ACTIVA;OFICIAL;MAÑANA;EDUCACIÓN MEDIA;VDA LA MILONGA;-75.93492276;4.245681427;-75.93492276;4.245681427;-75.93;4.25;SEDESUESVALLE;COORDENADA_ORIGINAL_SEDESUESVALLE;1;24;2.019;IE BENJAMIN HERRERA;BENJAMIN HERRERA;RURAL;VDA LA MILONGA;COINCIDENCIA_NOMBRE_FUERTE;0.93;PREVENTIVO;Medio;SIN_BRECHAS;NO;ALTA;37.79;MEDIA;Mantener seguimiento preventivo dentro de la programación regular.;2.69;BAJA
504;276828000247;TRUJILLO;ESCUELA BELISARIO PEÑA N. 25;RURAL;VEREDA MELENAS;;3153797397;13;13;32;26;ESCUELAS_IRCAS;DATO_PRINCIPAL_ESCUELAS_IRCAS;NO;SI;ASOCIACION DE USUARIOS DEL ACUEDUCTO RURAL DE LA VEREDA LAS MELENAS ACUAMELENAS;RIESGO BAJO;BAJO;3314;FILTRO EKOFIL;QUEBRADA VILLA ROCA;23.0;FAVORABLE CON REQUERIMIENTOS;2025-05-26;COD_DANE_UNICO;CRUCE_OK;GEORREFERENCIADA;;846;INSTITUCION EDUCATIVA ANTONIO JOSE DE SUCRE;BELISARIO PEÑA;ACTIVA;OFICIAL;MAÑANA;EDUCACIÓN MEDIA;VDA MELENAS;-76.34645045;4.170660984;-76.34645045;4.170660984;-76.35;4.17;SEDESUESVALLE;COORDENADA_ORIGINAL_SEDESUESVALLE;1;32;2.019;IE ANTONIOJOSE DE SUCRE;BELISARIO PEÑA;RURAL;VDA MELENAS;COINCIDENCIA_NOMBRE_FUERTE;0.93;RUTINARIO;Sin riesgo y bajo;SIN_BRECHAS;NO;ALTA;23.21;BAJA;Mantener seguimiento rutinario con control territorial rural.;1.2;BAJA
505;276828000344;TRUJILLO;ESCUELA MARIA PEREGRINA GARCIA N. 37;RURAL;LA SONADORA;;3153797397;2;2;5;9;ESCUELAS_IRCAS;DATO_PRINCIPAL_ESCUELAS_IRCAS;NO;SI;ASOCIACION DE USUARIOS DEL ACUEDUCTO RURAL DE LA VEREDA LAS MELENAS ACUAMELENAS;RIESGO BAJO;BAJO;3314;FILTRO EKOFIL;QUEBRADA VILLA ROCA;17.5;FAVORABLE CON REQUERIMIENTOS;2025-05-26;COD_DANE_UNICO;CRUCE_OK;GEORREFERENCIADA;;847;INSTITUCION EDUCATIVA ANTONIO JOSE DE SUCRE;MARIA PEREGRINA GARCIA;ACTIVA;OFICIAL;MAÑANA;EDUCACIÓN BÁSICA PRIMARIA;VDA LA SONADORA;-76.33657093;4.172659731;-76.33657093;4.172659731;-76.34;4.17;SEDESUESVALLE;COORDENADA_ORIGINAL_SEDESUESVALLE;1;5;2.019;IE ANTONIOJOSE DE SUCRE;MARIA PEREGRINA GARCIA;RURAL;VDA SONADORA;COINCIDENCIA_NOMBRE_FUERTE;0.93;RUTINARIO;Sin riesgo y bajo;SIN_BRECHAS;NO;ALTA;19.03;BAJA;Mantener seguimiento rutinario con control territorial rural.;0.5;BAJA
506;276054000214;ARGELIA;I.E SANTIAGO GUTIERREZ ANGEL SEDE SANTA HELENA;RURAL;CORREGIMIENTO MARACAIBO;SANTA HELENA;3122172564;26;26;26;0;ESCUELAS_IRCAS;DATO_PRINCIPAL_ESCUELAS_IRCAS;NO;SI;ASOCIACIÓN DE USUARIOS DEL ACUEDUCTO RURAL COMUNITARIO DEL CORREGIMIENTO DE MARACAIBO;SIN RIESGO;SIN RIESGO;1016;FILTRO EKOFIL;QUEBRADA VILLALOBOS;22/30;FAVORABLE CON REQUERIMIENTOS;2026-02-13;COD_DANE_UNICO;CRUCE_OK;GEORREFERENCIADA;;79;INSTITUCION EDUCATIVA SANTIAGO GUTIERREZ ANGEL;SANTA ELENA;ACTIVA;OFICIAL;COMPLETA;EDUCACIÓN BÁSICA PRIMARIA;CORREG MARACAIBO;-76.149913046;4.67727643992;-76.149913046;4.67727643992;;;SEDESUESVALLE;COORDENADA_ORIGINAL_SEDESUESVALLE;1;26;;;;;;COINCIDENCIA_NOMBRE_FUERTE_CON_POSIBLE_EMPATE;0.93;RUTINARIO;Sin riesgo y bajo;SIN_BRECHAS;NO;ALTA;16.75;BAJA;Mantener seguimiento rutinario con control territorial rural.;0.0;BAJA
507;276869000171;VIJES;I.E. 20 DE JULIO SEDE 20 DE JULIO;RURAL;CORREGIMIENTO VILLA MARIA;20 DE JULIO;3170859943;52;52;54;0;ESCUELAS_IRCAS;DATO_PRINCIPAL_ESCUELAS_IRCAS;NO;SI;ASOJACONUF ASOCIACIÓN JUNTA ADMINISTRADORA DE ACUEDUCTO COMUNITARIO NUESTRA FUENTE;RIESGO MEDIO;MEDIO;2848;FILTRO EKOFIL;QUEBRADA VILLAMARIA;29.24;FAVORABLE CON REQUERIMIENTOS;2026-04-10;COD_DANE_UNICO;CRUCE_OK;GEORREFERENCIADA;;902;INSTITUCION EDUCATIVA JORGE ROBLEDO;VEINTE DE JULIO;ACTIVA;OFICIAL;COMPLETA;EDUCACIÓN MEDIA;CORREG VILLAMARIA;-76.477933;3.716456;-76.477933;3.716456;;;SEDESUESVALLE;COORDENADA_ORIGINAL_SEDESUESVALLE;1;54;;;;;;SIN_COINCIDENCIA_FUERTE;0.716;PREVENTIVO;Medio;SIN_BRECHAS;NO;ALTA;40.58;MEDIA;Mantener seguimiento preventivo por matrícula significativa.;3.62;BAJA
508;276306000085;GINEBRA;I.E. MANUELA BELTRAN SEDE MIGUEL ANTONIO CARO;RURAL;CARRERA 5 # 7  - 18 - CORREGIMIENTO COSTA RICA;MIGUEL ANTONIO CARO;3215416843;117;117;117;0;ESCUELAS_IRCAS;DATO_PRINCIPAL_ESCUELAS_IRCAS;NO;SI;ASOCIACION DE USUARIOS DEL SERVICIO DE AGUA POTABLE Y/O ALCANTARILLADO Y/O ASEO DEL CORREGIMIENTO DE COSTA RICA - MUNICIPIO DE GINEBRA - ASUALCAN;SIN RIESGO;SIN RIESGO;3042;-;QUEBRADA VILLEGAS;2.58;FAVORABLE;2025-12-04;COD_DANE_UNICO;CRUCE_OK;GEORREFERENCIADA;;466;INSTITUCION EDUCATIVA  MANUELA BELTRAN;MIGUEL ANTONIO CARO;ACTIVA;OFICIAL;COMPLETA;EDUCACIÓN BÁSICA SECUNDARIA;CORREG DE COSTARICA;-76.235032;3.749966;-76.235032;3.749966;;;SEDESUESVALLE;COORDENADA_ORIGINAL_SEDESUESVALLE;1;117;;;;;;COINCIDENCIA_NOMBRE_FUERTE_CON_POSIBLE_EMPATE;0.93;RUTINARIO;Sin riesgo y bajo;SIN_BRECHAS;NO;ALTA;17.15;BAJA;Mantener seguimiento rutinario con control territorial rural.;0.0;BAJA
509;276306000174;GINEBRA;I.E. MANUELA BELTRAN SEDE MANUELA BELTRAN;RURAL;CARRERA 5 # 8  - 30 - CORREGIMIENTO COSTA RICA;MANUELA BELTRAN;3215416843;164;164;164;352;ESCUELAS_IRCAS;DATO_PRINCIPAL_ESCUELAS_IRCAS;NO;SI;ASOCIACION DE USUARIOS DEL SERVICIO DE AGUA POTABLE Y/O ALCANTARILLADO Y/O ASEO DEL CORREGIMIENTO DE COSTA RICA - MUNICIPIO DE GINEBRA - ASUALCAN;SIN RIESGO;SIN RIESGO;3042;-;QUEBRADA VILLEGAS;2.58;FAVORABLE;2025-12-04;COD_DANE_UNICO;CRUCE_OK;GEORREFERENCIADA;;468;INSTITUCION EDUCATIVA  MANUELA BELTRAN;MANUELA BELTRAN;ACTIVA;OFICIAL;COMPLETA;EDUCACIÓN MEDIA;KR 5 8 30;-76.2343619;3.75029154;-76.2343619;3.75029154;-76.27;3.73;SEDESUESVALLE;COORDENADA_ORIGINAL_SEDESUESVALLE;1;164;2.019;IE MANUELA BELTRAN;MANUELA BELTRAN;RURAL;CR 5 NO 8 - 30;COINCIDENCIA_NOMBRE_FUERTE;0.93;RUTINARIO;Sin riesgo y bajo;SIN_BRECHAS;NO;ALTA;18.06;BAJA;Mantener seguimiento rutinario con control territorial rural.;0.0;BAJA
510;176306000421;GINEBRA;I.E. MANUELA BELTRAN SEDE INMACULADA CONCEPCION;RURAL;CARRERA 5 #1-05 - CORREGIMIENTO COSTA RICA;INMACULADA CONCEPCION;3215416843;230;230;230;0;ESCUELAS_IRCAS;DATO_PRINCIPAL_ESCUELAS_IRCAS;NO;SI;ASOCIACION DE USUARIOS DEL SERVICIO DE AGUA POTABLE Y/O ALCANTARILLADO Y/O ASEO DEL CORREGIMIENTO DE COSTA RICA - MUNICIPIO DE GINEBRA - ASUALCAN;SIN RIESGO;SIN RIESGO;3042;-;QUEBRADA VILLEGAS;2.58;FAVORABLE;2025-12-04;COD_DANE_DUPLICADO+NOMBRE_EXACTO;CRUCE_OK_CONTROLADO;GEORREFERENCIADA;;469;INSTITUCION EDUCATIVA  MANUELA BELTRAN;INMACULADA CONCEPCION;ACTIVA;OFICIAL;COMPLETA;EDUCACIÓN MEDIA;KR 1 5 02 ESQ .;-76.19082004;3.74410441027;-76.19082004;3.74410441027;;;SEDESUESVALLE;COORDENADA_ORIGINAL_SEDESUESVALLE;1;230;;;;;;COINCIDENCIA_NOMBRE_FUERTE_CON_POSIBLE_EMPATE;0.93;RUTINARIO;Sin riesgo y bajo;SIN_BRECHAS;NO;ALTA;18.97;BAJA;Mantener seguimiento rutinario con control territorial rural.;0.0;BAJA
511;276041000070;ANSERMANUEVO;I.E JORGE ISAAC SEDE SAGRADO CORAZON DE JESUS;RURAL;VEREDA LA HONDURA;SAGRADO CORAZON DE JESUS;3207717476;17;17;17;10;ESCUELAS_IRCAS;DATO_PRINCIPAL_ESCUELAS_IRCAS;NO;SI;ACUEDUCTO RURAL LA HONDURA;RIESGO ALTO;ALTO;527;ACUEDUCTO RURAL;QUEBRADA YACUMAL;20/30;FAVORABLE CON REQUERIMIENTOS;2025-04-09;COD_DANE_UNICO;CRUCE_OK;GEORREFERENCIADA;;60;INSTITUCION EDUCATIVA JORGE ISAACS;SAGRADO CORAZON DE JESUS;ACTIVA;OFICIAL;ESPECIAL;EDUCACIÓN BÁSICA PRIMARIA;IP LA HONDURA;-76.02763636;4.830167031;-76.02763636;4.830167031;-76.03;4.83;SEDESUESVALLE;COORDENADA_ORIGINAL_SEDESUESVALLE;1;17;2.019;IE JORGE ISAACS;SAGRADO CORAZON DE JESUS;RURAL;VDA. LA HONDURA;COINCIDENCIA_NOMBRE_FUERTE;0.941;PRIORITARIO;Alto e inviable;SIN_BRECHAS;NO;ALTA;56.9;ALTA;Programar seguimiento operativo y verificar condiciones del sistema abastecedor.;3.95;BAJA
512;176126800003;CALIMA;I.E PABLO SEXTO SEDE GERMAN MEJIA TASCON;RURAL;VEREDA LA ITALIA;GERMAN MEJIA TASCON;3013193784;73;73;73;0;ESCUELAS_IRCAS;DATO_PRINCIPAL_ESCUELAS_IRCAS;NO;SI;ACUEDUCTO RURAL VEREDA LA ITALIA;INVIABLE SANITARIAMENTE;INVIABLE SANITARIAMENTE;4065;ACUEDUCTO RURAL;QUEBRADA YARUMAL;26/30;FAVORABLE CON REQUERIMIENTOS;2026-02-13;COD_DANE_DUPLICADO+NOMBRE_EXACTO;CRUCE_OK_CONTROLADO;GEORREFERENCIADA;;215;INSTITUCION EDUCATIVA SIMON BOLIVAR;CIUDADELA GERMAN MEJIA TASCON;ACTIVA;OFICIAL;MAÑANA;PREESCOLAR;CALLE 24 CRA 11 ESQUINA BRR LA CIUDADELA;-76.4824304575;3.94146009453;-76.4824304575;3.94146009453;;;SEDESUESVALLE;COORDENADA_ORIGINAL_SEDESUESVALLE;1;73;;;;;;SIN_CANDIDATOS_MUNICIPIO;;PRIORITARIO;Alto e inviable;SIN_BRECHAS;NO;ALTA;74.48;ALTA;Priorizar revisión técnica, validación en campo y articulación con sector educativo.;7.85;ALTA
513;276248000088;EL CERRITO;I.E. HERNANDO BORRERO CUADROS SEDE MERCEDES ABREGO;RURAL;VEREDA REGADEROS;MERCEDES ABREGO;3165060744;16;16;16;0;ESCUELAS_IRCAS;DATO_PRINCIPAL_ESCUELAS_IRCAS;NO;SI;ACUEDUCTO PROPIO;SD;SIN DATO;SIN DATO;SIN DATO;QUEBRADA YEGUAS;SIN DATO;SIN CONCEPTO;;COD_DANE_UNICO;CRUCE_OK;GEORREFERENCIADA;;373;INSTITUCION EDUCATIVA HERNANDO BORRERO CUADROS;MERCEDES ABREGO;ACTIVA;OFICIAL;MAÑANA;EDUCACIÓN BÁSICA PRIMARIA;VDA DE REGADEROS;-76.07794747;3.667953443;-76.07794747;3.667953443;;;SEDESUESVALLE;COORDENADA_ORIGINAL_SEDESUESVALLE;1;16;;;;;;COINCIDENCIA_NOMBRE_FUERTE_CON_POSIBLE_EMPATE;0.93;BRECHA INFORMACION;Sin dato / información incompleta;SIN_DATO_IRCA;SI;BAJA;32.79;BAJA;Gestionar actualización de la clasificación IRCA del sistema asociado.;0.62;BAJA
514;476606000469;RESTREPO;I.E. JULIO FERNANDEZ MEDINA SEDE JULIO FERNANDEZ MEDINA;RURAL;VDA SAN PABLO;JULIO FERNANDEZ MEDINA;3113543034;147;147;129;182;ESCUELAS_IRCAS;DATO_PRINCIPAL_ESCUELAS_IRCAS;NO;SI;ASOCIACION DEL SISTEMA DE ABASTECIMIENTO DE AGUA DE LA VEREDA SAN PABLO;SIN RIESGO;SIN RIESGO;487;ACUEDUCTO RURAL;QUEBRADAS BELLAVISTA Y ALTAMIRA;22.5;FAVORABLE CON REQUERIMIENTOS;2025-08-27;COD_DANE_UNICO;CRUCE_OK;GEORREFERENCIADA;;638;INSTITUCION EDUCATIVA JULIO FERNANDEZ MEDINA;JULIO FERNANDEZ MEDINA;ACTIVA;ORGANIZACIÓN CON FINES DE LUCRO;FIN DE SEMANA, MAÑANA, NOCTURNA;EDUCACIÓN MEDIA;VDA SAN PABLO;-76.533918;3.808631;-76.533918;3.808631;-76.53;3.81;SEDESUESVALLE;COORDENADA_ORIGINAL_SEDESUESVALLE;1;129;2.019;IE JULIO FERNANDEZ MEDINA;MEDINA;RURAL;VDA SAN PABLO;COINCIDENCIA_NOMBRE_FUERTE;0.93;RUTINARIO;Sin riesgo y bajo;SIN_BRECHAS;NO;ALTA;21.36;BAJA;Mantener seguimiento rutinario con control territorial rural.;0.0;BAJA
515;;RESTREPO;IE JULIO FERNANDEZ MEDINA SEDE MARCO FIDEL SUAREZ  (D.P);RURAL;VEREDA SAN PABLO;MARCO FIDEL SUAREZ  (D.P);3225998029;0;0;0;0;SIN_FUENTE;SIN_DATO_MATRICULA;SI;SI;ASOCIACION DEL SISTEMA DE ABASTECIMIENTO DE AGUA DE LA VEREDA SAN PABLO;SIN RIESGO;SIN RIESGO;487;FILTRO EKOFIL;QUEBRADAS BELLAVISTA Y ALTAMIRA;25.5;FAVORABLE CON REQUERIMIENTOS;2025-09-28;MUNICIPIO+NOMBRE_EXACTO;CRUCE_RECUPERADO;SIN_COORDENADAS;;643;;;;;;;;;;;;;;SIN_COORDENADA;SIN_COORDENADA;0;0;;;;;;COINCIDENCIA_NOMBRE_FUERTE_CON_POSIBLE_EMPATE;0.98;RUTINARIO;Sin riesgo y bajo;"SIN_MATRICULA_VALIDADA; SIN_COORDENADA";SI;BAJA;12.2;BAJA;Priorizar georreferenciación de la sede educativa.;0.0;BAJA
516;276890000270;YOTOCO;I.E. GABRIELA MISTRAL SEDE SANTO TOMAS DE AQUINO;RURAL;VEREDA MUÑECOS;SANTO TOMAS DE AQUINO;3188097381;14;14;17;0;ESCUELAS_IRCAS;DATO_PRINCIPAL_ESCUELAS_IRCAS;NO;SI;ASOCIACION DE USUARIOS DEL SISTEMA DE SUMINISTRO DE AGUA RURAL COMUNITARIA DE LA VEREDA MUÑECOS;INVIABLE SANITARIAMENTE;INVIABLE SANITARIAMENTE;2787;FILTRO EKOFIL;QUEBRADAS DIVISO Y DIVISO 1;25;FAVORABLE CON REQUERIMIENTOS;2026-04-17;COD_DANE_UNICO;CRUCE_OK;GEORREFERENCIADA;;934;INSTITUCION EDUCATIVA GABRIELA MISTRAL;SANTO TOMAS DE AQUINO;ACTIVA;OFICIAL;MAÑANA;EDUCACIÓN MEDIA;VDA MUÑECOS;-76.437382;3.850063;-76.437382;3.850063;;;SEDESUESVALLE;COORDENADA_ORIGINAL_SEDESUESVALLE;1;17;;;;;;COINCIDENCIA_NOMBRE_FUERTE_CON_POSIBLE_EMPATE;0.93;PRIORITARIO;Alto e inviable;SIN_BRECHAS;NO;ALTA;70.15;ALTA;Priorizar revisión técnica, validación en campo y articulación con sector educativo.;4.94;MEDIA
517;;YOTOCO;I.E. GABRIELA MISTRAL SEDE VICENTE HERNANDO CRUZ;RURAL;VDA JIGUALES;VICENTE HERNANDO CRUZ;3206173753;25;25;0;331;ESCUELAS_IRCAS;DATO_PRINCIPAL_ESCUELAS_IRCAS;NO;SI;ASOCIACION DE USUARIOS DEL ACUEDUCTO DE YARUMO JIGUALES;SIN RIESGO;SIN RIESGO;394;FILTRO EKOFIL;QUEBRADAS JIGUALES Y EL JARDÍN;23;FAVORABLE CON REQUERIMIENTOS;2026-03-16;MUNICIPIO+NOMBRE_EXACTO;CRUCE_RECUPERADO;GEORREFERENCIADA;;933;;;;;;;;-76.45;3.88;;;-76.45;3.88;MEN_SEDES;COMPLEMENTADA_CON_MEN;0;0;2.019;IE GABRIELA MISTRAL;GABRIELA MISTRAL;RURAL;CORREG PUENTE TIERRA;COINCIDENCIA_NOMBRE_FUERTE;0.93;RUTINARIO;Sin riesgo y bajo;SIN_BRECHAS;NO;ALTA;16.64;BAJA;Mantener seguimiento rutinario con control territorial rural.;0.0;BAJA
518;276890000237;YOTOCO;.I.E SAN JUAN BOSCO SEDE SAN JUAN BOSCO;RURAL;VDA SAN JUAN;SAN JUAN BOSCO;3187070210;193;193;204;251;ESCUELAS_IRCAS;DATO_PRINCIPAL_ESCUELAS_IRCAS;NO;SI;ASOCIACION DE SUSCRIPTORES DEL ACUEDUCTO DE SAN JUAN ESP;RIESGO MEDIO;MEDIO;3273;PLANTA COMPACTA PROPIA;QUEBRADAS LA CRISTALINA Y LA MORENA;25;FAVORABLE CON REQUERIMIENTOS;2025-09-24;COD_DANE_UNICO;CRUCE_OK;GEORREFERENCIADA;;928;INSTITUCION EDUCATIVA SAN JUAN BOSCO;SAN JUAN BOSCO;ACTIVA;OFICIAL;MAÑANA;EDUCACIÓN MEDIA;VDA SAN JUAN BOSCO;-76.405267;3.962278;-76.405267;3.962278;-76.41;3.96;SEDESUESVALLE;COORDENADA_ORIGINAL_SEDESUESVALLE;1;204;2.019;IE SAN JUAN BOSCO;SAN JUAN BOSCO;RURAL;VEREDA SAN JUAN;COINCIDENCIA_NOMBRE_FUERTE;0.93;PREVENTIVO;Medio;SIN_BRECHAS;NO;ALTA;44.1;MEDIA;Mantener seguimiento preventivo por matrícula significativa.;4.8;MEDIA
519;176606000198;RESTREPO;I.E. JOSE FELIX RESTREPO - SEDE LA GRAN COLOMBIA;URBANO;CARRERA 13 # 15  - 21;LA GRAN COLOMBIA;No registra;166;166;183;121;ESCUELAS_IRCAS;DATO_PRINCIPAL_ESCUELAS_IRCAS;NO;SI;ACUAVALLE S.A ESP;SIN RIESGO;SIN RIESGO;190;PLANTA ACUAVALLE S.A ESP;QUEBRADAS LA MANCHA Y LA ITALIA;25.5;FAVORABLE CON REQUERIMIENTOS;2026-04-08;COD_DANE_UNICO;CRUCE_OK;GEORREFERENCIADA;;627;INSTITUCION EDUCATIVA JOSE FELIX RESTREPO;GRAN COLOMBIA;ACTIVA;OFICIAL;MAÑANA;EDUCACIÓN BÁSICA PRIMARIA;KR 13 # 16-09;-76.5234960935;3.8253595372;-76.5234960935;3.8253595372;-76.52;3.83;SEDESUESVALLE;COORDENADA_ORIGINAL_SEDESUESVALLE;1;183;2.019;IE JOSE FELIX RESTREPO;GRAN COLOMBIA;URBANA;CR 13 NO 17-13;COINCIDENCIA_NOMBRE_FUERTE;0.93;RUTINARIO;Sin riesgo y bajo;SIN_BRECHAS;NO;ALTA;21.69;BAJA;Mantener seguimiento rutinario.;0.0;BAJA
520;176606000139;RESTREPO;I.E. JORGE ELIECER GAITAN SEDE NUESTRA SEÑORA DE LA CONSOLACION;URBANO;CALLE 6 # 16B  - 27;NUESTRA SEÑORA DE LA CONSOLACION;3136791542;953;953;899;0;ESCUELAS_IRCAS;DATO_PRINCIPAL_ESCUELAS_IRCAS;NO;SI;ACUAVALLE S.A ESP;SIN RIESGO;SIN RIESGO;190;PLANTA ACUAVALLE S.A ESP;QUEBRADAS LA MANCHA Y LA ITALIA;26.5;FAVORABLE CON REQUERIMIENTOS;2026-04-24;COD_DANE_UNICO;CRUCE_OK;GEORREFERENCIADA;;628;INSTITUCION EDUCATIVA  JORGE ELIECER GAITAN;NUESTRA SEÑORA DE LA CONSOLACION;ACTIVA;OFICIAL;UNICA;EDUCACIÓN MEDIA;CRA 9 #13--08;-76.5214634449;3.82299113556;-76.5214634449;3.82299113556;;;SEDESUESVALLE;COORDENADA_ORIGINAL_SEDESUESVALLE;1;899;;;;;;COINCIDENCIA_NOMBRE_FUERTE_CON_POSIBLE_EMPATE;0.941;RUTINARIO;Sin riesgo y bajo;SIN_BRECHAS;NO;ALTA;26.42;BAJA;Mantener seguimiento rutinario.;0.0;BAJA
521;;RESTREPO;I.E. JOSE FELIX RESTREPO SEDE CONCENTRACION ESCOLAR URBANA;URBANO;CALLE 10 # 16  - 07;CONCENTRACION ESCOLAR URBANA;3166798032;812;812;0;904;ESCUELAS_IRCAS;DATO_PRINCIPAL_ESCUELAS_IRCAS;NO;SI;ACUAVALLE S.A ESP;SIN RIESGO;SIN RIESGO;190;PLANTA ACUAVALLE S.A ESP;QUEBRADAS LA MANCHA Y LA ITALIA;25.5;FAVORABLE CON REQUERIMIENTOS;2026-04-16;MUNICIPIO+NOMBRE_EXACTO;CRUCE_RECUPERADO;GEORREFERENCIADA;;630;;;;;;;;-76.53;3.82;;;-76.53;3.82;MEN_SEDES;COMPLEMENTADA_CON_MEN;0;0;2.019;IE JOSE FELIX RESTREPO;CONCENTRACION ESCOLAR URBANA;URBANA;CLL 10 NO 16-07;COINCIDENCIA_NOMBRE_FUERTE;0.936;RUTINARIO;Sin riesgo y bajo;SIN_BRECHAS;NO;ALTA;25.99;BAJA;Mantener seguimiento rutinario.;0.0;BAJA
522;276606000664;RESTREPO;I.E. JOSE FELIX RESTREPO SEDE LA INDEPENDENCIA;RURAL;VEREDA AGUA MONA BARRIO LA INDEPENDENCIA;LA INDEPENDENCIA;3166161119;38;38;30;28;ESCUELAS_IRCAS;DATO_PRINCIPAL_ESCUELAS_IRCAS;NO;SI;ACUAVALLE S.A ESP;SIN RIESGO;SIN RIESGO;190;PLANTA ACUAVALLE S.A ESP;QUEBRADAS LA MANCHA Y LA ITALIA;26;FAVORABLE CON REQUERIMIENTOS;2026-03-11;COD_DANE_UNICO;CRUCE_OK;GEORREFERENCIADA;;637;INSTITUCION EDUCATIVA JOSE FELIX RESTREPO;LA INDEPENDENCIA;ACTIVA;OFICIAL;MAÑANA;EDUCACIÓN BÁSICA PRIMARIA;VDA AGUA MONA;-76.51697398;3.836755788;-76.51697398;3.836755788;-76.52;3.84;SEDESUESVALLE;COORDENADA_ORIGINAL_SEDESUESVALLE;1;30;2.019;IE JOSE FELIX RESTREPO;LA INDEPENDENCIA;RURAL;VDA AGUAMONA- SECTOR LA Y;COINCIDENCIA_NOMBRE_FUERTE;0.93;RUTINARIO;Sin riesgo y bajo;SIN_BRECHAS;NO;ALTA;17.74;BAJA;Mantener seguimiento rutinario con control territorial rural.;0.0;BAJA
523;476606060577;RESTREPO;I.E. JULIO FERNANDEZ MEDINA SEDE BUEN VIVIR;RURAL;VDA BUEN VIVIR;BUEN VIVIR;3113543034;74;74;92;182;ESCUELAS_IRCAS;DATO_PRINCIPAL_ESCUELAS_IRCAS;NO;SI;ACUAPALTRES;SIN RIESGO;SIN RIESGO;537;ACUEDUCTO RURAL;QUEBRADAS LA TOBÓN Y SINAÍ;25.5;FAVORABLE CON REQUERIMIENTOS;2025-08-21;COD_DANE_UNICO;CRUCE_OK;GEORREFERENCIADA;;645;INSTITUCION EDUCATIVA JULIO FERNANDEZ MEDINA;BUENVIVIR;ACTIVA;ORGANIZACIÓN CON FINES DE LUCRO;COMPLETA;EDUCACIÓN MEDIA;VDA BUENVIVIR;-76.52125587;3.801321807;-76.52125587;3.801321807;-76.53;3.81;SEDESUESVALLE;COORDENADA_ORIGINAL_SEDESUESVALLE;1;92;2.019;IE JULIO FERNANDEZ MEDINA;MEDINA;RURAL;VDA SAN PABLO;COINCIDENCIA_NOMBRE_FUERTE;0.93;RUTINARIO;Sin riesgo y bajo;SIN_BRECHAS;NO;ALTA;19.52;BAJA;Mantener seguimiento rutinario con control territorial rural.;0.0;BAJA
524;276606060561;RESTREPO;I.E. JULIO FERNANDEZ MEDINA SEDE DIVINO NIÑO;RURAL;VDA CHONTADURO;DIVINO NIÑO;3146534361;11;0;11;0;SEDESUESVALLE;COMPLEMENTADA_CON_SEDESUESVALLE;NO;SI;ACUAPALTRES;SIN RIESGO;SIN RIESGO;537;ACUEDUCTO RURAL;QUEBRADAS LA TOBÓN Y SINAÍ;0;FAVORABLE CON REQUERIMIENTOS;2026-02-13;COD_DANE_UNICO;CRUCE_OK;GEORREFERENCIADA;;649;INSTITUCION EDUCATIVA JULIO FERNANDEZ MEDINA;DIVINO NIÑO;ACTIVA;OFICIAL;COMPLETA;EDUCACIÓN BÁSICA PRIMARIA;VDA CHONTADURO;-76.52125587;3.801321807;-76.52125587;3.801321807;;;SEDESUESVALLE;COORDENADA_ORIGINAL_SEDESUESVALLE;1;11;;;;;;COINCIDENCIA_NOMBRE_FUERTE_CON_POSIBLE_EMPATE;0.93;RUTINARIO;Sin riesgo y bajo;SIN_BRECHAS;NO;ALTA;14.54;BAJA;Mantener seguimiento rutinario con control territorial rural.;0.0;BAJA
525;276606000214;RESTREPO;I.E. JULIO FERNANDEZ MEDINA SEDE ANTONIA  SANTOS;RURAL;VDA LA PALMA;ANTONIA  SANTOS;3146534361;6;6;7;0;ESCUELAS_IRCAS;DATO_PRINCIPAL_ESCUELAS_IRCAS;NO;SI;ACUAPALTRES;SIN RIESGO;SIN RIESGO;537;FILTRO EKOFIL;QUEBRADAS LA TOBÓN Y SINAÍ;23;FAVORABLE CON REQUERIMIENTOS;2026-02-13;COD_DANE_UNICO;CRUCE_OK;GEORREFERENCIADA;;632;INSTITUCION EDUCATIVA JULIO FERNANDEZ MEDINA;ANTONIA SANTOS;ACTIVA;OFICIAL;COMPLETA;EDUCACIÓN MEDIA;VD LA PALMA;-76.5348985331;3.80649497333;-76.5348985331;3.80649497333;;;SEDESUESVALLE;COORDENADA_ORIGINAL_SEDESUESVALLE;1;7;;;;;;COINCIDENCIA_NOMBRE_FUERTE_CON_POSIBLE_EMPATE;0.93;RUTINARIO;Sin riesgo y bajo;SIN_BRECHAS;NO;ALTA;13.08;BAJA;Mantener seguimiento rutinario con control territorial rural.;0.0;BAJA
526;276606000303;RESTREPO;IE JULIO FERNANDEZ MEDINA SEDE ANTONIO NARIÑO;RURAL;VDA TRES PUERTAS;ANTONIO NARIÑO;3182118814;12;12;8;0;ESCUELAS_IRCAS;DATO_PRINCIPAL_ESCUELAS_IRCAS;NO;SI;ACUAPALTRES;SIN RIESGO;SIN RIESGO;537;FILTRO EKOFIL;QUEBRADAS LA TOBÓN Y SINAÍ;24.5;FAVORABLE CON REQUERIMIENTOS;2026-02-13;COD_DANE_UNICO;CRUCE_OK;GEORREFERENCIADA;;647;INSTITUCION EDUCATIVA JULIO FERNANDEZ MEDINA;ANTONIO NARIÑO;ACTIVA;OFICIAL;COMPLETA;EDUCACIÓN BÁSICA SECUNDARIA;VD TRES PUERTAS;-76.5348985331;3.80649497333;-76.5348985331;3.80649497333;;;SEDESUESVALLE;COORDENADA_ORIGINAL_SEDESUESVALLE;1;8;;;;;;COINCIDENCIA_NOMBRE_FUERTE_CON_POSIBLE_EMPATE;0.98;RUTINARIO;Sin riesgo y bajo;SIN_BRECHAS;NO;ALTA;14.76;BAJA;Mantener seguimiento rutinario con control territorial rural.;0.0;BAJA
527;276890000261;YOTOCO;IE SAN JUAN BOSCO SEDE SAN ANTONIO DE PIEDRAS DP;RURAL;CGTO SAN ANTONIO DE PIEDRAS;SAN ANTONIO DE PIEDRAS DP;3187070210;11;11;11;0;ESCUELAS_IRCAS;DATO_PRINCIPAL_ESCUELAS_IRCAS;NO;SI;ASOCIACION DE USUARIOS DEL ACUEDUCTO RURAL COMUNITARIO DEL CORREGIMIENTO SAN ANTONIO DE PIEDRAS - ASUASAP;RIESGO MEDIO;MEDIO;3404;ACUEDUCTO RURAL;QUEBRADAS LETICIA Y ALBERTO MONCADA;25.5;FAVORABLE CON REQUERIMIENTOS;2026-04-14;COD_DANE_UNICO;CRUCE_OK;GEORREFERENCIADA;;927;INSTITUCION EDUCATIVA SAN JUAN BOSCO;SAN ANTONIO DE PIEDRAS;ACTIVA;OFICIAL;MAÑANA;EDUCACIÓN BÁSICA SECUNDARIA;CORREG SAN ANTONIO DE PIEDRAS;-76.330211;4.053671;-76.330211;4.053671;;;SEDESUESVALLE;COORDENADA_ORIGINAL_SEDESUESVALLE;1;11;;;;;;COINCIDENCIA_NOMBRE_FUERTE_CON_POSIBLE_EMPATE;0.98;PREVENTIVO;Medio;SIN_BRECHAS;NO;ALTA;36.54;MEDIA;Mantener seguimiento preventivo dentro de la programación regular.;2.27;BAJA
528;276890000172;YOTOCO;I.E. SAN JUAN BOSCO SEDE CRISTO REY;RURAL;VDA RAYITO;CRISTO REY;3187070210;31;31;33;0;ESCUELAS_IRCAS;DATO_PRINCIPAL_ESCUELAS_IRCAS;NO;SI;ASOCIACION DE USUARIOS AGUA ALBANIA ESP;INVIABLE SANITARIAMENTE;INVIABLE SANITARIAMENTE;3272;ACUEDUCTO RURAL;QUEBRADAS PALO ALTO Y LA ALBANIA;22.5;FAVORABLE CON REQUERIMIENTOS;2025-10-23;COD_DANE_UNICO;CRUCE_OK;GEORREFERENCIADA;;922;INSTITUCION EDUCATIVA SAN JUAN BOSCO;CRISTO REY;ACTIVA;OFICIAL;MAÑANA;EDUCACIÓN BÁSICA PRIMARIA;CORREG RAYITO;-76.36900311;4.000714167;-76.36900311;4.000714167;;;SEDESUESVALLE;COORDENADA_ORIGINAL_SEDESUESVALLE;1;33;;;;;;COINCIDENCIA_NOMBRE_FUERTE_CON_POSIBLE_EMPATE;0.93;PRIORITARIO;Alto e inviable;SIN_BRECHAS;NO;ALTA;72.21;ALTA;Priorizar revisión técnica, validación en campo y articulación con sector educativo.;6.32;ALTA
529;;YOTOCO;I.E. SAN JUAN BOSCO SEDE VEINTE DE JULIO;RURAL;CGTO MIRAVALLE;VEINTE DE JULIO;3187070210;32;32;0;0;ESCUELAS_IRCAS;DATO_PRINCIPAL_ESCUELAS_IRCAS;NO;SI;ASOCIACION DE USUARIOS AGUA ALBANIA ESP;INVIABLE SANITARIAMENTE;INVIABLE SANITARIAMENTE;3272;ACUEDUCTO RURAL;QUEBRADAS PALO ALTO Y LA ALBANIA;22.5;FAVORABLE CON REQUERIMIENTOS;2025-10-23;MUNICIPIO+NOMBRE_EXACTO;CRUCE_RECUPERADO;SIN_COORDENADAS;;923;;;;;;;;;;;;;;SIN_COORDENADA;SIN_COORDENADA;0;0;;;;;;COINCIDENCIA_NOMBRE_FUERTE_CON_POSIBLE_EMPATE;0.93;PRIORITARIO;Alto e inviable;SIN_COORDENADA;SI;MEDIA;74.29;ALTA;Priorizar revisión técnica, validación en campo y articulación con sector educativo.;6.38;ALTA
530;276890000369;YOTOCO;I.E. SAN JUAN BOSCO SEDE TAURINO IZQUIERDO;RURAL;VDA CAMPOALEGRE;TAURINO IZQUIERDO;3154328641;15;15;10;0;ESCUELAS_IRCAS;DATO_PRINCIPAL_ESCUELAS_IRCAS;NO;SI;ASOCIACION DE USUARIOS AGUA ALBANIA ESP;INVIABLE SANITARIAMENTE;INVIABLE SANITARIAMENTE;3272;ACUEDUCTO RURAL;QUEBRADAS PALO ALTO Y LA ALBANIA;23;FAVORABLE CON REQUERIMIENTOS;2025-10-31;COD_DANE_UNICO;CRUCE_OK;GEORREFERENCIADA;;925;INSTITUCION EDUCATIVA SAN JUAN BOSCO;TAURINO IZQUIERDO;ACTIVA;OFICIAL;MAÑANA;EDUCACIÓN BÁSICA PRIMARIA;CORREG CAMPOALEGRE;-76.36042753;3.998477473;-76.36042753;3.998477473;;;SEDESUESVALLE;COORDENADA_ORIGINAL_SEDESUESVALLE;1;10;;;;;;COINCIDENCIA_NOMBRE_FUERTE_CON_POSIBLE_EMPATE;0.93;PRIORITARIO;Alto e inviable;SIN_BRECHAS;NO;ALTA;70.33;ALTA;Priorizar revisión técnica, validación en campo y articulación con sector educativo.;5.06;MEDIA
531;276248000355;EL CERRITO;I.E. JORGE ISAACS EL PLACER SEDE JORGE ISAACS EL PLACER;RURAL;CL. 7C CR. 5B ESQUINA EL PLACER;JORGE ISAACS EL PLACER;3225133496 - 6022867018;195;195;195;0;ESCUELAS_IRCAS;DATO_PRINCIPAL_ESCUELAS_IRCAS;NO;SI;AUSERPUB;SIN RIESGO;SIN RIESGO;40;CONVENCIONAL;RIO AMAIME;1.8;FAVORABLE;2026-03-25;COD_DANE_UNICO;CRUCE_OK;GEORREFERENCIADA;;370;INSTITUCION EDUCATIVA JORGE  ISAACS DE EL PLACER;INSTITUCION EDUCATIVA JORGE ISAACS EL PLACER;ACTIVA;OFICIAL;COMPLETA;EDUCACIÓN MEDIA;CORREG EL PLACER;-76.26811537;3.612111301;-76.26811537;3.612111301;;;SEDESUESVALLE;COORDENADA_ORIGINAL_SEDESUESVALLE;1;195;;;;;;COINCIDENCIA_NOMBRE_FUERTE_CON_POSIBLE_EMPATE;0.932;RUTINARIO;Sin riesgo y bajo;SIN_BRECHAS;NO;ALTA;18.53;BAJA;Mantener seguimiento rutinario con control territorial rural.;0.0;BAJA
532;276828000115;TRUJILLO;ESCUELA ANTONIO JOSE DE SUCRE N. 8;RURAL;CGTO ANDINAPOLIS;;3153797397;104;104;117;98;ESCUELAS_IRCAS;DATO_PRINCIPAL_ESCUELAS_IRCAS;NO;SI;ASOCIACION DE USUARIOS DEL ACUEDUCTO DE ANDINAPOLIS - ARCA;SIN RIESGO;SIN RIESGO;3286;ACUEDUCTO RURAL;RIO ARAUCA;26.0;FAVORABLE CON REQUERIMIENTOS;2025-02-11;COD_DANE_UNICO;CRUCE_OK;GEORREFERENCIADA;;836;INSTITUCION EDUCATIVA ANTONIO JOSE DE SUCRE;ANTONIO JOSE DE SUCRE;ACTIVA;OFICIAL;MAÑANA;EDUCACIÓN MEDIA;CORREG ANDINAPOLIS;-76.37014727;4.176068309;-76.37014727;4.176068309;-76.37;4.18;SEDESUESVALLE;COORDENADA_ORIGINAL_SEDESUESVALLE;1;117;2.019;IE ANTONIOJOSE DE SUCRE;ANTONIO JOSE DE SUCRE;RURAL;CORREG ANDINAPOLIS;COINCIDENCIA_NOMBRE_FUERTE;0.93;RUTINARIO;Sin riesgo y bajo;SIN_BRECHAS;NO;ALTA;20.43;BAJA;Mantener seguimiento rutinario con control territorial rural.;0.0;BAJA
533;276828000760;TRUJILLO;COLEGIO JULIAN TRUJILLO SAT;RURAL;CGTO ANDINAPOLIS;;3153797397;414;0;0;414;MEN_SEDES_2019;COMPLEMENTADA_CON_MEN_REFERENCIA_HISTORICA;SI;SI;ASOCIACION DE USUARIOS DEL ACUEDUCTO DE ANDINAPOLIS - ARCA;SIN RIESGO;SIN RIESGO;3286;ACUEDUCTO RURAL;RIO ARAUCA;22.5;FAVORABLE CON REQUERIMIENTOS;2025-02-11;SIN_COINCIDENCIA;PENDIENTE;GEORREFERENCIADA;;;;;;;;;;-76.32;4.21;;;-76.32;4.21;MEN_SEDES;COMPLEMENTADA_CON_MEN;0;0;2.019;IE JULIAN TRUJILLO;JULIAN TRUJILLO;URBANA;CR 18 NO 15-40;COINCIDENCIA_NOMBRE_FUERTE;0.93;RUTINARIO;Sin riesgo y bajo;CRUCE_PENDIENTE;SI;MEDIA;26.16;BAJA;Mantener seguimiento rutinario con control territorial rural.;0.0;BAJA
534;276563000088;PRADERA;I.E. MERCEDES ABREGO SEDE GREGORIA RAMOS;RURAL;CORREGIMIENTO LA FERIA;GREGORIA RAMOS;3146826402;4;0;4;14;SEDESUESVALLE;COMPLEMENTADA_CON_SEDESUESVALLE;NO;SI;LA FERIA - PLANADA;RIESGO ALTO;ALTO;1612;ACUEDUCTO RURAL;RÍO BOLO;22/30;DESFAVORABLE;2025-12-12;COD_DANE_UNICO;CRUCE_OK;GEORREFERENCIADA;;613;INSTITUCION EDUCATIVA MERCEDES ABREGO;GREGORIO RAMOS;ACTIVA;OFICIAL;COMPLETA;EDUCACIÓN BÁSICA SECUNDARIA;CAS LA FERIA;-76.15325193;3.427484158;-76.15325193;3.427484158;-76.15;3.43;SEDESUESVALLE;COORDENADA_ORIGINAL_SEDESUESVALLE;1;4;2.019;I.E. MERCEDES ABREGO;GREGORIO RAMOS;RURAL;CORREG LA FERIA;COINCIDENCIA_NOMBRE_FUERTE;0.907;PRIORITARIO;Alto e inviable;SIN_BRECHAS;NO;ALTA;57.62;ALTA;Programar seguimiento operativo y verificar condiciones del sistema abastecedor.;2.52;BAJA
535;;PRADERA;CDI RONDA DE NIÑOS;URBANO;CALLE 1 # 17  - 22;RONDA DE NIÑOS;3125359397;0;0;0;0;SIN_FUENTE;SIN_DATO_MATRICULA;SI;SI;ACUAVALLE S.A ESP;SIN RIESGO;SIN RIESGO;64595;PLANTA ACUAVALLE S.A ESP;RÍO BOLO;24/30;FAVORABLE;2026-02-26;SIN_COINCIDENCIA;PENDIENTE;SIN_COORDENADAS;;;;;;;;;;;;;;;;SIN_COORDENADA;SIN_COORDENADA;0;0;;;;;;SIN_COINCIDENCIA_FUERTE;0.438;RUTINARIO;Sin riesgo y bajo;"SIN_MATRICULA_VALIDADA; SIN_COORDENADA; CRUCE_PENDIENTE";SI;BAJA;8.6;BAJA;Priorizar georreferenciación de la sede educativa.;0.0;BAJA
536;;PRADERA;JARDIN INFANTIL PEQUEÑOS GIGANTES;URBANO;CALLE 7 #  5-51;JARDIN INFANTIL PEQUEÑOS GIGANTES;2671763;0;0;0;0;SIN_FUENTE;SIN_DATO_MATRICULA;SI;SI;ACUAVALLE S.A ESP;SIN RIESGO;SIN RIESGO;64595;PLANTA ACUAVALLE S.A ESP;RÍO BOLO;20/30;FAVORABLE;2026-02-26;SIN_COINCIDENCIA;PENDIENTE;SIN_COORDENADAS;;;;;;;;;;;;;;;;SIN_COORDENADA;SIN_COORDENADA;0;0;;;;;;SIN_COINCIDENCIA_FUERTE;0.806;RUTINARIO;Sin riesgo y bajo;"SIN_MATRICULA_VALIDADA; SIN_COORDENADA; CRUCE_PENDIENTE";SI;BAJA;8.6;BAJA;Priorizar georreferenciación de la sede educativa.;0.0;BAJA
537;;PRADERA;HOGAR COMUNITARIO FLORECITAS;URBANO;CALLE 9 # 4  - 53;HOGAR COMUNITARIO FLORECITAS;3104957723;0;0;0;0;SIN_FUENTE;SIN_DATO_MATRICULA;SI;SI;ACUAVALLE S.A ESP;SIN RIESGO;SIN RIESGO;64595;PLANTA ACUAVALLE S.A ESP;RÍO BOLO;24/30;FAVORABLE;2026-02-26;SIN_COINCIDENCIA;PENDIENTE;SIN_COORDENADAS;;;;;;;;;;;;;;;;SIN_COORDENADA;SIN_COORDENADA;0;0;;;;;;SIN_COINCIDENCIA_FUERTE;0.432;RUTINARIO;Sin riesgo y bajo;"SIN_MATRICULA_VALIDADA; SIN_COORDENADA; CRUCE_PENDIENTE";SI;BAJA;8.6;BAJA;Priorizar georreferenciación de la sede educativa.;0.0;BAJA
538;;PRADERA;CDI MAYAGUEZ SIPI;URBANO;CALLE 10 CARRERA 3 ESQUINA;CDI MAYAGUEZ SIPI;3226754742;0;0;0;0;SIN_FUENTE;SIN_DATO_MATRICULA;SI;SI;ACUAVALLE S.A ESP;SIN RIESGO;SIN RIESGO;64595;PLANTA ACUAVALLE S.A ESP;RÍO BOLO;24/30;FAVORABLE;2026-02-26;SIN_COINCIDENCIA;PENDIENTE;SIN_COORDENADAS;;;;;;;;;;;;;;;;SIN_COORDENADA;SIN_COORDENADA;0;0;;;;;;SIN_COINCIDENCIA_FUERTE;0.423;RUTINARIO;Sin riesgo y bajo;"SIN_MATRICULA_VALIDADA; SIN_COORDENADA; CRUCE_PENDIENTE";SI;BAJA;8.6;BAJA;Priorizar georreferenciación de la sede educativa.;0.0;BAJA
539;;PRADERA;HOGAR COMUNITARIO ICBF EL ALBERGUE;URBANO;CALLE 9 # 5  - 51;ICBF EL ALBERGUE;3145669507;0;0;0;0;SIN_FUENTE;SIN_DATO_MATRICULA;SI;SI;ACUAVALLE S.A ESP;SIN RIESGO;SIN RIESGO;64595;PLANTA ACUAVALLE S.A ESP;RÍO BOLO;25/30;FAVORABLE;2026-02-26;SIN_COINCIDENCIA;PENDIENTE;SIN_COORDENADAS;;;;;;;;;;;;;;;;SIN_COORDENADA;SIN_COORDENADA;0;0;;;;;;SIN_COINCIDENCIA_FUERTE;0.407;RUTINARIO;Sin riesgo y bajo;"SIN_MATRICULA_VALIDADA; SIN_COORDENADA; CRUCE_PENDIENTE";SI;BAJA;8.6;BAJA;Priorizar georreferenciación de la sede educativa.;0.0;BAJA
540;;PRADERA;HOGAR COMUNITARIO ICBF LOS TOPITOS;URBANO;CALLE 9 # 4  - 50;LOS TOPITOS;3145164501;0;0;0;0;SIN_FUENTE;SIN_DATO_MATRICULA;SI;SI;ACUAVALLE S.A ESP;SIN RIESGO;SIN RIESGO;64595;PLANTA ACUAVALLE S.A ESP;RÍO BOLO;23/30;FAVORABLE;2026-02-26;SIN_COINCIDENCIA;PENDIENTE;SIN_COORDENADAS;;;;;;;;;;;;;;;;SIN_COORDENADA;SIN_COORDENADA;0;0;;;;;;SIN_COINCIDENCIA_FUERTE;0.411;RUTINARIO;Sin riesgo y bajo;"SIN_MATRICULA_VALIDADA; SIN_COORDENADA; CRUCE_PENDIENTE";SI;BAJA;8.6;BAJA;Priorizar georreferenciación de la sede educativa.;0.0;BAJA
541;;PRADERA;ALCALDIA DE PRADERA CONVENIO CON EL SENA;URBANO;CALLE 6 # 3  - 71;ALCALDIA DE PRADERA CONVENIO CON EL SENA;3148854046;0;0;0;0;SIN_FUENTE;SIN_DATO_MATRICULA;SI;SI;ACUAVALLE S.A ESP;SIN RIESGO;SIN RIESGO;64595;PLANTA ACUAVALLE S.A ESP;RÍO BOLO;20/30;FAVORABLE;2026-02-26;SIN_COINCIDENCIA;PENDIENTE;SIN_COORDENADAS;;;;;;;;;;;;;;;;SIN_COORDENADA;SIN_COORDENADA;0;0;;;;;;SIN_COINCIDENCIA_FUERTE;0.496;RUTINARIO;Sin riesgo y bajo;"SIN_MATRICULA_VALIDADA; SIN_COORDENADA; CRUCE_PENDIENTE";SI;BAJA;8.6;BAJA;Priorizar georreferenciación de la sede educativa.;0.0;BAJA
542;;PRADERA;UNIDAD DE SERVICIO LOS PITUFOS;URBANO;CALLE 5 # CARRERA   - 1A  ESQUINA 2 PISO;UNIDAD DE SERVICIO LOS PITUFOS;3166368984;0;0;0;0;SIN_FUENTE;SIN_DATO_MATRICULA;SI;SI;ACUAVALLE S.A ESP;SIN RIESGO;SIN RIESGO;64595;PLANTA ACUAVALLE S.A ESP;RÍO BOLO;28/30;FAVORABLE;2026-02-26;SIN_COINCIDENCIA;PENDIENTE;SIN_COORDENADAS;;;;;;;;;;;;;;;;SIN_COORDENADA;SIN_COORDENADA;0;0;;;;;;SIN_COINCIDENCIA_FUERTE;0.4;RUTINARIO;Sin riesgo y bajo;"SIN_MATRICULA_VALIDADA; SIN_COORDENADA; CRUCE_PENDIENTE";SI;BAJA;8.6;BAJA;Priorizar georreferenciación de la sede educativa.;0.0;BAJA
543;;PRADERA;UNIDAD DE SERVICIO MAYAGUEZ 1;URBANO;CALLE 10  CARRERA 7B;UNIDAD DE SERVICIO MAYAGUEZ 1;3166368984;0;0;0;0;SIN_FUENTE;SIN_DATO_MATRICULA;SI;SI;ACUAVALLE S.A ESP;SIN RIESGO;SIN RIESGO;64595;PLANTA ACUAVALLE S.A ESP;RÍO BOLO;28/30;FAVORABLE;2026-02-26;SIN_COINCIDENCIA;PENDIENTE;SIN_COORDENADAS;;;;;;;;;;;;;;;;SIN_COORDENADA;SIN_COORDENADA;0;0;;;;;;SIN_COINCIDENCIA_FUERTE;0.431;RUTINARIO;Sin riesgo y bajo;"SIN_MATRICULA_VALIDADA; SIN_COORDENADA; CRUCE_PENDIENTE";SI;BAJA;8.6;BAJA;Priorizar georreferenciación de la sede educativa.;0.0;BAJA
544;176563000016;PRADERA;I.E. ALFREDO POSADA CORREA SEDE SAN JUAN BOSCO NO. 2;URBANO;CARRERA 15  CALLE 6 ESQUINA;SAN JUAN BOSCO NO. 2;6022671159;183;0;183;0;SEDESUESVALLE;COMPLEMENTADA_CON_SEDESUESVALLE;NO;SI;ACUAVALLE S.A ESP;SIN RIESGO;SIN RIESGO;64595;PLANTA ACUAVALLE S.A ESP;RÍO BOLO;23/30;FAVORABLE;2026-02-26;COD_DANE_UNICO;CRUCE_OK;GEORREFERENCIADA;;596;INSTITUCION EDUCATIVA ALFREDO POSADA CORREA;ANTONIO RICAURTE;ACTIVA;OFICIAL;UNICA;EDUCACIÓN MEDIA;CL 7 14 23;-76.1784184123;3.42063665002;-76.1784184123;3.42063665002;;;SEDESUESVALLE;COORDENADA_ORIGINAL_SEDESUESVALLE;1;183;;;;;;COINCIDENCIA_NOMBRE_FUERTE_CON_POSIBLE_EMPATE;0.93;RUTINARIO;Sin riesgo y bajo;SIN_BRECHAS;NO;ALTA;18.36;BAJA;Mantener seguimiento rutinario.;0.0;BAJA
545;176563000377;PRADERA;I.E. FRANCISCO ANTONIO ZEA SEDE SANTISIMA TRINIDAD;URBANO;CARRERA 17 # 5  - 61;SANTISIMA TRINIDAD;6022671869;236;0;236;0;SEDESUESVALLE;COMPLEMENTADA_CON_SEDESUESVALLE;NO;SI;ACUAVALLE S.A ESP;SIN RIESGO;SIN RIESGO;64595;PLANTA ACUAVALLE S.A ESP;RÍO BOLO;26,5/30;FAVORABLE;2026-02-26;COD_DANE_UNICO;CRUCE_OK;GEORREFERENCIADA;;598;INSTITUCION EDUCATIVA FRANCISCO ANTONIO ZEA;SANTISIMA TRINIDAD;ACTIVA;OFICIAL;UNICA;EDUCACIÓN BÁSICA SECUNDARIA;KR 17 5 61;-76.24582636;3.42557749;-76.24582636;3.42557749;;;SEDESUESVALLE;COORDENADA_ORIGINAL_SEDESUESVALLE;1;236;;;;;;COINCIDENCIA_NOMBRE_FUERTE_CON_POSIBLE_EMPATE;0.93;RUTINARIO;Sin riesgo y bajo;SIN_BRECHAS;NO;ALTA;19.04;BAJA;Mantener seguimiento rutinario.;0.0;BAJA
546;;PRADERA;CENTRO DE CAPACITACIÓN OCUPACIONAL PORVENIR LTDA;URBANO;CARRERA 14 # 10  - 32;CENTRO DE CAPACITACIÓN OCUPACIONAL PORVENIR LTDA;3113865933;11;11;0;0;ESCUELAS_IRCAS;DATO_PRINCIPAL_ESCUELAS_IRCAS;NO;SI;ACUAVALLE S.A ESP;SIN RIESGO;SIN RIESGO;64595;PLANTA ACUAVALLE S.A ESP;RÍO BOLO;20/30;FAVORABLE;2026-02-26;SIN_COINCIDENCIA;PENDIENTE;SIN_COORDENADAS;;;;;;;;;;;;;;;;SIN_COORDENADA;SIN_COORDENADA;0;0;;;;;;SIN_COINCIDENCIA_FUERTE;0.384;RUTINARIO;Sin riesgo y bajo;"SIN_COORDENADA; CRUCE_PENDIENTE";SI;MEDIA;12.94;BAJA;Priorizar georreferenciación de la sede educativa.;0.0;BAJA
547;;PRADERA;INSITUTO COLOMBIANO DE SABER INTEGRAL;URBANO;CALLE 8 # 3  - 95;INSITUTO COLOMBIANO DE SABER INTEGRAL;3216114112;47;47;0;0;ESCUELAS_IRCAS;DATO_PRINCIPAL_ESCUELAS_IRCAS;NO;SI;ACUAVALLE S.A ESP;SIN RIESGO;SIN RIESGO;64595;PLANTA ACUAVALLE S.A ESP;RÍO BOLO;24,5/30;FAVORABLE;2026-02-26;SIN_COINCIDENCIA;PENDIENTE;SIN_COORDENADAS;;;;;;;;;;;;;;;;SIN_COORDENADA;SIN_COORDENADA;0;0;;;;;;SIN_COINCIDENCIA_FUERTE;0.518;RUTINARIO;Sin riesgo y bajo;"SIN_COORDENADA; CRUCE_PENDIENTE";SI;MEDIA;16.71;BAJA;Priorizar georreferenciación de la sede educativa.;0.0;BAJA
548;276563000142;PRADERA;I.E. ALFREDO POSADA CORREA SEDE DOLORES BUENO DE TEJADA;RURAL;CORREGIMIENTO LA GRANJA;DOLORES BUENO DE TEJADA;3167543382;30;30;26;0;ESCUELAS_IRCAS;DATO_PRINCIPAL_ESCUELAS_IRCAS;NO;SI;ACUAVALLE S.A ESP;SIN RIESGO;SIN RIESGO;64595;PLANTA ACUAVALLE S.A ESP;RÍO BOLO;23/30;FAVORABLE;2026-02-26;COD_DANE_UNICO;CRUCE_OK;GEORREFERENCIADA;;592;INSTITUCION EDUCATIVA ALFREDO POSADA CORREA;DOLORES BUENO DE TEJADA;ACTIVA;OFICIAL;MAÑANA;EDUCACIÓN MEDIA;IP LA GRANJA;-76.238052;3.397428;-76.238052;3.397428;;;SEDESUESVALLE;COORDENADA_ORIGINAL_SEDESUESVALLE;1;26;;;;;;COINCIDENCIA_NOMBRE_FUERTE_CON_POSIBLE_EMPATE;0.932;RUTINARIO;Sin riesgo y bajo;SIN_BRECHAS;NO;ALTA;13.52;BAJA;Mantener seguimiento rutinario con control territorial rural.;0.0;BAJA
549;;PRADERA;UNIDAD DE SERVICIO SENDERO DE LOS ANGELES;URBANO;CALLE 10  CARRERA 4;SENDERO DE LOS ANGELES;3166368984;0;0;0;0;SIN_FUENTE;SIN_DATO_MATRICULA;SI;SI;ACUAVALLE S.A ESP;SIN RIESGO;SIN RIESGO;64595;PLANTA ACUAVALLE S.A ESP;RÍO BOLO;23/30;FAVORABLE;2026-02-26;SIN_COINCIDENCIA;PENDIENTE;SIN_COORDENADAS;;;;;;;;;;;;;;;;SIN_COORDENADA;SIN_COORDENADA;0;0;;;;;;SIN_COINCIDENCIA_FUERTE;0.39;RUTINARIO;Sin riesgo y bajo;"SIN_MATRICULA_VALIDADA; SIN_COORDENADA; CRUCE_PENDIENTE";SI;BAJA;8.6;BAJA;Priorizar georreferenciación de la sede educativa.;0.0;BAJA
550;;PRADERA;UNIDAD DE SERVICIO EXPLORADORES;URBANO;CALLE 5 # 5  - 42;EXPLORADORES;3166368984;0;0;0;0;SIN_FUENTE;SIN_DATO_MATRICULA;SI;SI;ACUAVALLE S.A ESP;SIN RIESGO;SIN RIESGO;64595;PLANTA ACUAVALLE S.A ESP;RÍO BOLO;23/30;FAVORABLE;2026-02-26;SIN_COINCIDENCIA;PENDIENTE;SIN_COORDENADAS;;;;;;;;;;;;;;;;SIN_COORDENADA;SIN_COORDENADA;0;0;;;;;;SIN_COINCIDENCIA_FUERTE;0.424;RUTINARIO;Sin riesgo y bajo;"SIN_MATRICULA_VALIDADA; SIN_COORDENADA; CRUCE_PENDIENTE";SI;BAJA;8.6;BAJA;Priorizar georreferenciación de la sede educativa.;0.0;BAJA
551;;PRADERA;UNIDAD DE SERVICIOS LOS PITUFOS;URBANO;CALLE 7 # 14  - 45;LOS PITUFOS;3166368984;0;0;0;0;SIN_FUENTE;SIN_DATO_MATRICULA;SI;SI;ACUAVALLE S.A ESP;SIN RIESGO;SIN RIESGO;64595;PLANTA ACUAVALLE S.A ESP;RÍO BOLO;21/30;FAVORABLE;2026-02-26;SIN_COINCIDENCIA;PENDIENTE;SIN_COORDENADAS;;;;;;;;;;;;;;;;SIN_COORDENADA;SIN_COORDENADA;0;0;;;;;;SIN_COINCIDENCIA_FUERTE;0.392;RUTINARIO;Sin riesgo y bajo;"SIN_MATRICULA_VALIDADA; SIN_COORDENADA; CRUCE_PENDIENTE";SI;BAJA;8.6;BAJA;Priorizar georreferenciación de la sede educativa.;0.0;BAJA
552;;PRADERA;UNIDAD DE SERVICIO LA GRANJA;URBANO;CARRERA 5 # 8  - 48;LA GRANJA;3166368984;0;0;0;0;SIN_FUENTE;SIN_DATO_MATRICULA;SI;SI;ACUAVALLE S.A ESP;SIN RIESGO;SIN RIESGO;64595;PLANTA ACUAVALLE S.A ESP;RÍO BOLO;22/30;FAVORABLE;2026-02-26;SIN_COINCIDENCIA;PENDIENTE;SIN_COORDENADAS;;;;;;;;;;;;;;;;SIN_COORDENADA;SIN_COORDENADA;0;0;;;;;;SIN_COINCIDENCIA_FUERTE;0.407;RUTINARIO;Sin riesgo y bajo;"SIN_MATRICULA_VALIDADA; SIN_COORDENADA; CRUCE_PENDIENTE";SI;BAJA;8.6;BAJA;Priorizar georreferenciación de la sede educativa.;0.0;BAJA
553;176563000024;PRADERA;I.E. ATENEO SEDE PRINCIPAL;URBANO;CALLE 6 # 9  - 18;I.E. ATENEO SEDE PRINCIPAL;SD;769;769;0;0;ESCUELAS_IRCAS;DATO_PRINCIPAL_ESCUELAS_IRCAS;NO;SI;ACUAVALLE S.A ESP;SIN RIESGO;SIN RIESGO;64595;PLANTA ACUAVALLE S.A ESP;RÍO BOLO;27/30;FAVORABLE;2026-02-26;MUNICIPIO+NOMBRE_EXACTO;CRUCE_RECUPERADO;SIN_COORDENADAS;;599;;;;;;;;;;;;;;SIN_COORDENADA;SIN_COORDENADA;0;0;;;;;;SIN_COINCIDENCIA_FUERTE;0.73;RUTINARIO;Sin riesgo y bajo;SIN_COORDENADA;SI;MEDIA;24.24;BAJA;Priorizar georreferenciación de la sede educativa.;0.0;BAJA
554;276563000312;PRADERA;I.E. ALFREDO POSADA CORREA SEDE POLICARPA SALAVARRIETA;RURAL;VEREDA LA TUPIA;POLICARPA SALAVARRIETA;;60;0;60;0;SEDESUESVALLE;COMPLEMENTADA_CON_SEDESUESVALLE;NO;SI;ACUAVALLE S.A ESP;SIN RIESGO;SIN RIESGO;64595;PLANTA ACUAVALLE S.A ESP;RÍO BOLO;17,5/30;FAVORABLE;2026-02-26;COD_DANE_UNICO;CRUCE_OK;GEORREFERENCIADA;;600;INSTITUCION EDUCATIVA ALFREDO POSADA CORREA;POLICARPA SALAVARRIETA;ACTIVA;OFICIAL;MAÑANA;EDUCACIÓN MEDIA;IP LA TUPIA;-76.302989;3.400653;-76.302989;3.400653;;;SEDESUESVALLE;COORDENADA_ORIGINAL_SEDESUESVALLE;1;60;;;;;;COINCIDENCIA_NOMBRE_FUERTE_CON_POSIBLE_EMPATE;0.931;RUTINARIO;Sin riesgo y bajo;SIN_BRECHAS;NO;ALTA;15.36;BAJA;Mantener seguimiento rutinario con control territorial rural.;0.0;BAJA
555;176563000300;PRADERA;I.E. ALFREDO POSADA CORREA SEDE SAN JUAN BOSCO;URBANO;CARRERA 9 # 3  - 35;SAN JUAN BOSCO;SD;338;338;213;0;ESCUELAS_IRCAS;DATO_PRINCIPAL_ESCUELAS_IRCAS;NO;SI;ACUAVALLE S.A ESP;SIN RIESGO;SIN RIESGO;64595;PLANTA ACUAVALLE S.A ESP;RÍO BOLO;17,5/30;FAVORABLE;2026-02-26;COD_DANE_UNICO;CRUCE_OK;GEORREFERENCIADA;;601;INSTITUCION EDUCATIVA ALFREDO POSADA CORREA;SAN JUAN BOSCO;ACTIVA;OFICIAL;MAÑANA;EDUCACIÓN MEDIA;CRA 9 # 3 - 35;-76.2392387315;3.42033428266;-76.2392387315;3.42033428266;;;SEDESUESVALLE;COORDENADA_ORIGINAL_SEDESUESVALLE;1;213;;;;;;COINCIDENCIA_NOMBRE_FUERTE_CON_POSIBLE_EMPATE;0.93;RUTINARIO;Sin riesgo y bajo;SIN_BRECHAS;NO;ALTA;20.01;BAJA;Mantener seguimiento rutinario.;0.0;BAJA
556;176563000032;PRADERA;I.E. ATENEO SEDE ELOY SILVA;URBANO;CARRERA 12 # 10  - 32;ELOY SILVA;6025539166;395;395;265;563;ESCUELAS_IRCAS;DATO_PRINCIPAL_ESCUELAS_IRCAS;NO;SI;ACUAVALLE S.A ESP;SIN RIESGO;SIN RIESGO;64595;PLANTA ACUAVALLE S.A ESP;RÍO BOLO;25/30;FAVORABLE;2026-02-26;COD_DANE_UNICO;CRUCE_OK;GEORREFERENCIADA;;604;INSTITUCION EDUCATIVA ATENEO;ELOY SILVA;ACTIVA;OFICIAL;MAÑANA;EDUCACIÓN BÁSICA PRIMARIA;CRA 12 # 10 - 37;-76.245868207;3.418391193;-76.245868207;3.418391193;-76.25;3.42;SEDESUESVALLE;COORDENADA_ORIGINAL_SEDESUESVALLE;1;265;2.019;IE ATENEO;ELOY SILVA;URBANA;CRA 12 Nº 10-37;COINCIDENCIA_NOMBRE_FUERTE;0.93;RUTINARIO;Sin riesgo y bajo;SIN_BRECHAS;NO;ALTA;20.44;BAJA;Mantener seguimiento rutinario.;0.0;BAJA
557;176563000130;PRADERA;I.E. ATENEO SEDE SANTA ISABEL;URBANO;CALLE 6 CARRERA 12 ESQUINA;SANTA ISABEL;6022674449;515;0;515;1068;SEDESUESVALLE;COMPLEMENTADA_CON_SEDESUESVALLE;NO;SI;ACUAVALLE S.A ESP;SIN RIESGO;SIN RIESGO;64595;PLANTA ACUAVALLE S.A ESP;RÍO BOLO;27/30;FAVORABLE;2026-02-26;COD_DANE_UNICO;CRUCE_OK;GEORREFERENCIADA;;605;INSTITUCION EDUCATIVA ATENEO;SANTA ISABEL;ACTIVA;OFICIAL;MAÑANA;EDUCACIÓN MEDIA;CRA 12 # 6 - 10;-76.2432376877;3.42109110622;-76.2432376877;3.42109110622;-76.24;3.42;SEDESUESVALLE;COORDENADA_ORIGINAL_SEDESUESVALLE;1;515;2.019;IE ATENEO;SANTA ISABEL;URBANA;CLL 6 CRA 12;COINCIDENCIA_NOMBRE_FUERTE;0.93;RUTINARIO;Sin riesgo y bajo;SIN_BRECHAS;NO;ALTA;21.15;BAJA;Mantener seguimiento rutinario.;0.0;BAJA
558;176563000776;PRADERA;I.E. ALFREDO POSADA CORREA SEDE BELLO HORIZONTE;URBANO;CARRERA 15  CALLE 11 ESQUINA;BELLO HORIZONTE;3148876440;48;0;48;0;SEDESUESVALLE;COMPLEMENTADA_CON_SEDESUESVALLE;NO;SI;ACUAVALLE S.A ESP;SIN RIESGO;SIN RIESGO;64595;PLANTA ACUAVALLE S.A ESP;RÍO BOLO;26/30;FAVORABLE;2026-02-26;COD_DANE_UNICO;CRUCE_OK;GEORREFERENCIADA;;606;INSTITUCION EDUCATIVA ALFREDO POSADA CORREA;BELLO HORIZONTE;ACTIVA;OFICIAL;MAÑANA;EDUCACIÓN MEDIA;CRA 15 CLL 11 ESQ.;-76.2473739509;3.42023773491;-76.2473739509;3.42023773491;;;SEDESUESVALLE;COORDENADA_ORIGINAL_SEDESUESVALLE;1;48;;;;;;COINCIDENCIA_NOMBRE_FUERTE_CON_POSIBLE_EMPATE;0.93;RUTINARIO;Sin riesgo y bajo;SIN_BRECHAS;NO;ALTA;14.76;BAJA;Mantener seguimiento rutinario.;0.0;BAJA
559;176563000822;PRADERA;I.E. ALFREDO POSADA CORREA SEDE PRINCIPAL;URBANO;CARRERA 13 CALLE 11 ESQUINA;I.E. ALFREDO POSADA CORREA SEDE PRINCIPAL;6022671159;983;0;0;983;MEN_SEDES_2019;COMPLEMENTADA_CON_MEN_REFERENCIA_HISTORICA;SI;SI;ACUAVALLE S.A ESP;SIN RIESGO;SIN RIESGO;64595;PLANTA ACUAVALLE S.A ESP;RÍO BOLO;26,5/30;FAVORABLE;2026-02-26;MUNICIPIO+NOMBRE_EXACTO;CRUCE_RECUPERADO;GEORREFERENCIADA;;607;;;;;;;;-76.25;3.42;;;-76.25;3.42;MEN_SEDES;COMPLEMENTADA_CON_MEN;0;0;2.019;IE ALFREDO POSADA CORREA;ALFREDO POSADA CORREA;URBANA;CR 13 CLL 11 ESQUINA;COINCIDENCIA_NOMBRE_FUERTE;0.93;RUTINARIO;Sin riesgo y bajo;SIN_BRECHAS;NO;ALTA;22.91;BAJA;Mantener seguimiento rutinario.;0.0;BAJA
560;176563000121;PRADERA;I.E. ALFREDO POSADA CORREA SEDE LEONIDAS MOSQUERA;URBANO;CALLE 10 # 3  - 107;LEONIDAS MOSQUERA;6022671159;149;0;149;0;SEDESUESVALLE;COMPLEMENTADA_CON_SEDESUESVALLE;NO;SI;ACUAVALLE S.A ESP;SIN RIESGO;SIN RIESGO;64595;PLANTA ACUAVALLE S.A ESP;RÍO BOLO;20,5/30;FAVORABLE;2026-02-26;COD_DANE_UNICO;CRUCE_OK;GEORREFERENCIADA;;608;INSTITUCION EDUCATIVA ALFREDO POSADA CORREA;LEONIDAS MOSQUERA;ACTIVA;OFICIAL;MAÑANA;EDUCACIÓN MEDIA;CLL 10 # 3 - 107;-76.2408622091;3.41294267059;-76.2408622091;3.41294267059;;;SEDESUESVALLE;COORDENADA_ORIGINAL_SEDESUESVALLE;1;149;;;;;;COINCIDENCIA_NOMBRE_FUERTE_CON_POSIBLE_EMPATE;0.93;RUTINARIO;Sin riesgo y bajo;SIN_BRECHAS;NO;ALTA;17.8;BAJA;Mantener seguimiento rutinario.;0.0;BAJA
561;;PRADERA;JARDIN INFANTIL SEMILLITAS;URBANO;CALLE 6 # 3  - 51;SEMILLITAS;3137030698;0;0;0;0;SIN_FUENTE;SIN_DATO_MATRICULA;SI;SI;ACUAVALLE S.A ESP;SIN RIESGO;SIN RIESGO;64595;PLANTA ACUAVALLE S.A ESP;RÍO BOLO;20/30;FAVORABLE;2026-02-26;SIN_COINCIDENCIA;PENDIENTE;SIN_COORDENADAS;;;;;;;;;;;;;;;;SIN_COORDENADA;SIN_COORDENADA;0;0;;;;;;SIN_COINCIDENCIA_FUERTE;0.613;RUTINARIO;Sin riesgo y bajo;"SIN_MATRICULA_VALIDADA; SIN_COORDENADA; CRUCE_PENDIENTE";SI;BAJA;8.6;BAJA;Priorizar georreferenciación de la sede educativa.;0.0;BAJA
562;;PRADERA;FIJANDO HUELLAS;URBANO;CALLE 3 # 7  - 51;FIJANDO HUELLAS;3135448429;0;0;0;0;SIN_FUENTE;SIN_DATO_MATRICULA;SI;SI;ACUAVALLE S.A ESP;SIN RIESGO;SIN RIESGO;64595;PLANTA ACUAVALLE S.A ESP;RÍO BOLO;17,5/30;FAVORABLE;2026-02-26;SIN_COINCIDENCIA;PENDIENTE;SIN_COORDENADAS;;;;;;;;;;;;;;;;SIN_COORDENADA;SIN_COORDENADA;0;0;;;;;;SIN_COINCIDENCIA_FUERTE;0.577;RUTINARIO;Sin riesgo y bajo;"SIN_MATRICULA_VALIDADA; SIN_COORDENADA; CRUCE_PENDIENTE";SI;BAJA;8.6;BAJA;Priorizar georreferenciación de la sede educativa.;0.0;BAJA
563;176563000091;PRADERA;I.E. FRANCISCO ANTONIO ZEA SEDE PRINCIPAL;URBANO;CARRERA 3 # 9  - 55;I.E. FRANCISCO ANTONIO ZEA SEDE PRINCIPAL;3122484133;460;460;562;0;ESCUELAS_IRCAS;DATO_PRINCIPAL_ESCUELAS_IRCAS;NO;SI;ACUAVALLE S.A ESP;SIN RIESGO;SIN RIESGO;64595;PLANTA ACUAVALLE S.A ESP;RÍO BOLO;23,5/30;FAVORABLE;2026-02-26;COD_DANE_UNICO;CRUCE_OK;GEORREFERENCIADA;;602;INSTITUCION EDUCATIVA FRANCISCO ANTONIO ZEA;FRANCISCO ANTONIO ZEA;ACTIVA;OFICIAL;MAÑANA, NOCTURNA, TARDE, UNICA;EDUCACIÓN MEDIA;KR 3 9 55 SCT COMPLEJO EDUCATIVO Y CULTURAL MAYAGUEZ;-76.1784184123;3.42063665002;-76.1784184123;3.42063665002;;;SEDESUESVALLE;COORDENADA_ORIGINAL_SEDESUESVALLE;1;562;;;;;;COINCIDENCIA_NOMBRE_FUERTE_CON_POSIBLE_EMPATE;0.93;RUTINARIO;Sin riesgo y bajo;SIN_BRECHAS;NO;ALTA;20.85;BAJA;Mantener seguimiento rutinario.;0.0;BAJA
564;376563000431;PRADERA;I.E. FRANCISCO ANTONIO ZEA SEDE LIBARDO LOZANO GUERRERO;URBANO;CARRERA 11 # 3  - 39;LIBARDO LOZANO GUERRERO;;106;106;106;0;ESCUELAS_IRCAS;DATO_PRINCIPAL_ESCUELAS_IRCAS;NO;SI;ACUAVALLE S.A ESP;SIN RIESGO;SIN RIESGO;64595;PLANTA ACUAVALLE S.A ESP;RÍO BOLO;;FAVORABLE;2026-02-26;COD_DANE_UNICO;CRUCE_OK;GEORREFERENCIADA;;609;INSTITUCION EDUCATIVA FRANCISCO ANTONIO ZEA;LIBARDO LOZANO;ACTIVA;ORGANIZACIÓN CON FINES DE LUCRO;UNICA;EDUCACIÓN MEDIA;KR 11 3 39;-76.1784184123;3.42063665002;-76.1784184123;3.42063665002;;;SEDESUESVALLE;COORDENADA_ORIGINAL_SEDESUESVALLE;1;106;;;;;;COINCIDENCIA_NOMBRE_FUERTE_CON_POSIBLE_EMPATE;0.93;RUTINARIO;Sin riesgo y bajo;SIN_BRECHAS;NO;ALTA;16.88;BAJA;Mantener seguimiento rutinario.;0.0;BAJA
565;276563000061;PRADERA;I.E. FRANCISCO ANTONIO ZEA SEDE JOSE MARIA VIVAS BALCAZAR;RURAL;VEREDA BOLO HARTONAL;JOSE MARIA VIVAS BALCAZAR;6022674425;4;0;4;0;SEDESUESVALLE;COMPLEMENTADA_CON_SEDESUESVALLE;NO;SI;ACUAVALLE S.A ESP;SIN RIESGO;SIN RIESGO;64595;PLANTA ACUAVALLE S.A ESP;RÍO BOLO;25/30;FAVORABLE;2026-02-26;COD_DANE_UNICO;CRUCE_OK;GEORREFERENCIADA;;617;INSTITUCION EDUCATIVA FRANCISCO ANTONIO ZEA;JOSE MARIA VIVAS BALCAZAR;ACTIVA;OFICIAL;UNICA;EDUCACIÓN MEDIA;VDA EL BOLO ARTONAL;-76.276653;3.463555;-76.276653;3.463555;;;SEDESUESVALLE;COORDENADA_ORIGINAL_SEDESUESVALLE;1;4;;;;;;COINCIDENCIA_NOMBRE_FUERTE_CON_POSIBLE_EMPATE;0.935;RUTINARIO;Sin riesgo y bajo;SIN_BRECHAS;NO;ALTA;8.57;BAJA;Mantener seguimiento rutinario con control territorial rural.;0.0;BAJA
566;;PRADERA;HOGAR INFANTIL ALFREDO POSADA GARCIA;URBANO;CARRERA 12 # 5  - 86;ALFREDO POSADA GARCIA;2691984;0;0;0;0;SIN_FUENTE;SIN_DATO_MATRICULA;SI;SI;ACUAVALLE S.A ESP;SIN RIESGO;SIN RIESGO;64595;PLANTA ACUAVALLE S.A ESP;RÍO BOLO;25/30;FAVORABLE;2026-02-26;SIN_COINCIDENCIA;PENDIENTE;SIN_COORDENADAS;;;;;;;;;;;;;;;;SIN_COORDENADA;SIN_COORDENADA;0;0;;;;;;SIN_COINCIDENCIA_FUERTE;0.561;RUTINARIO;Sin riesgo y bajo;"SIN_MATRICULA_VALIDADA; SIN_COORDENADA; CRUCE_PENDIENTE";SI;BAJA;8.6;BAJA;Priorizar georreferenciación de la sede educativa.;0.0;BAJA
567;176563000105;PRADERA;I.E. ATENEO SEDE BENJAMIN VALENCIA;URBANO;CALLE 5 # 4  - 77;BENJAMIN VALENCIA;6022674449;280;280;191;370;ESCUELAS_IRCAS;DATO_PRINCIPAL_ESCUELAS_IRCAS;NO;SI;ACUAVALLE S.A ESP;SIN RIESGO;SIN RIESGO;64595;PLANTA ACUAVALLE S.A ESP;RÍO BOLO;26/30;FAVORABLE;2026-02-26;COD_DANE_UNICO;CRUCE_OK;GEORREFERENCIADA;;595;INSTITUCION EDUCATIVA ATENEO;BENJAMIN VALENCIA;ACTIVA;OFICIAL;MAÑANA;EDUCACIÓN BÁSICA PRIMARIA;CLL 5 # 4 - 77;-76.2383351006;3.41671516895;-76.2383351006;3.41671516895;-76.24;3.42;SEDESUESVALLE;COORDENADA_ORIGINAL_SEDESUESVALLE;1;191;2.019;IE ATENEO;BENJAMIN VALENCIA;URBANA;CLL 5 Nº 4-77;COINCIDENCIA_NOMBRE_FUERTE;0.93;RUTINARIO;Sin riesgo y bajo;SIN_BRECHAS;NO;ALTA;19.5;BAJA;Mantener seguimiento rutinario.;0.0;BAJA
568;176563000016;PRADERA;I.E. FRANCISCO ANTONIO ZEA SEDE ANTONIO RICAURTE;URBANO;CARRERA 11 # 3  - 39;ANTONIO RICAURTE;6022674425;183;0;183;0;SEDESUESVALLE;COMPLEMENTADA_CON_SEDESUESVALLE;NO;SI;ACUAVALLE S.A ESP;SIN RIESGO;SIN RIESGO;64595;PLANTA ACUAVALLE S.A ESP;RÍO BOLO;26,5/30;FAVORABLE;2026-02-26;COD_DANE_UNICO;CRUCE_OK;GEORREFERENCIADA;;596;INSTITUCION EDUCATIVA ALFREDO POSADA CORREA;ANTONIO RICAURTE;ACTIVA;OFICIAL;UNICA;EDUCACIÓN MEDIA;CL 7 14 23;-76.1784184123;3.42063665002;-76.1784184123;3.42063665002;;;SEDESUESVALLE;COORDENADA_ORIGINAL_SEDESUESVALLE;1;183;;;;;;COINCIDENCIA_NOMBRE_FUERTE_CON_POSIBLE_EMPATE;0.93;RUTINARIO;Sin riesgo y bajo;SIN_BRECHAS;NO;ALTA;18.36;BAJA;Mantener seguimiento rutinario.;0.0;BAJA
569;376563000538;PRADERA;I.E. ALFREDO POSADA CORREA SEDE COMUNEROS;URBANO;CARRERA 19  ENTRE CALLES 11 Y 12;COMUNEROS;3116409293;106;106;109;0;ESCUELAS_IRCAS;DATO_PRINCIPAL_ESCUELAS_IRCAS;NO;SI;ACUAVALLE S.A ESP;SIN RIESGO;SIN RIESGO;64595;PLANTA ACUAVALLE S.A ESP;RÍO BOLO;17,5/30;FAVORABLE;2026-02-26;COD_DANE_UNICO;CRUCE_OK;GEORREFERENCIADA;;597;INSTITUCION EDUCATIVA ALFREDO POSADA CORREA;COMUNEROS;ACTIVA;ORGANIZACIÓN CON FINES DE LUCRO;MAÑANA;EDUCACIÓN BÁSICA PRIMARIA;CRA 19 ENTRE CLS 11 Y 12;-76.2501861111;3.42291666667;-76.2501861111;3.42291666667;;;SEDESUESVALLE;COORDENADA_ORIGINAL_SEDESUESVALLE;1;109;;;;;;COINCIDENCIA_NOMBRE_FUERTE_CON_POSIBLE_EMPATE;0.93;RUTINARIO;Sin riesgo y bajo;SIN_BRECHAS;NO;ALTA;16.88;BAJA;Mantener seguimiento rutinario.;0.0;BAJA
570;;PRADERA;INSCUC;URBANO;CALLE 10 # 12  - 24;INSCUC;3162280101;0;0;0;0;SIN_FUENTE;SIN_DATO_MATRICULA;SI;SI;ACUAVALLE S.A ESP;SIN RIESGO;SIN RIESGO;64595;PLANTA ACUAVALLE S.A ESP;RÍO BOLO;20/30;FAVORABLE;2026-02-26;SIN_COINCIDENCIA;PENDIENTE;SIN_COORDENADAS;;;;;;;;;;;;;;;;SIN_COORDENADA;SIN_COORDENADA;0;0;;;;;;SIN_COINCIDENCIA_FUERTE;0.333;RUTINARIO;Sin riesgo y bajo;"SIN_MATRICULA_VALIDADA; SIN_COORDENADA; CRUCE_PENDIENTE";SI;BAJA;8.6;BAJA;Priorizar georreferenciación de la sede educativa.;0.0;BAJA
571;276563000231;PRADERA;I.E. ANTONIO NARIÑO SEDE FRANCISCO ANTONIO ZEA;RURAL;CORREGIMIENTO LOMITAS;FRANCISCO ANTONIO ZEA;3212279879;140;140;85;0;ESCUELAS_IRCAS;DATO_PRINCIPAL_ESCUELAS_IRCAS;NO;SI;LOMITAS;RIESGO ALTO;ALTO;123;ACUEDUCTO RURAL;RÍO BOLO;25/30;FAVORABLE CON REQUERIMIENTOS;2025-11-25;COD_DANE_UNICO;CRUCE_OK;GEORREFERENCIADA;;593;INSTITUCION EDUCATIVA ANTONIO NARIÑO;ANTONIO NARIÑO;ACTIVA;OFICIAL;MAÑANA;EDUCACIÓN MEDIA;IP DE LOMITAS;-76.22381484;3.412047405;-76.22381484;3.412047405;;;SEDESUESVALLE;COORDENADA_ORIGINAL_SEDESUESVALLE;1;85;;;;;;COINCIDENCIA_NOMBRE_FUERTE_CON_POSIBLE_EMPATE;0.93;PRIORITARIO;Alto e inviable;SIN_BRECHAS;NO;ALTA;62.48;ALTA;Programar seguimiento operativo y verificar condiciones del sistema abastecedor.;6.77;ALTA
572;276563000231;PRADERA;I.E. ANTONIO NARIÑO SEDE ANTONIO NARIÑO;RURAL;CORREGIMIENTO DE LOMITAS;ANTONIO NARIÑO;3212279879;84;84;85;94;ESCUELAS_IRCAS;DATO_PRINCIPAL_ESCUELAS_IRCAS;NO;SI;LOMITAS;RIESGO BAJO;BAJO;123;ACUEDUCTO RURAL;RÍO BOLO;26/30;FAVORABLE CON REQUERIMIENTOS;2025-11-25;COD_DANE_UNICO;CRUCE_OK;GEORREFERENCIADA;;593;INSTITUCION EDUCATIVA ANTONIO NARIÑO;ANTONIO NARIÑO;ACTIVA;OFICIAL;MAÑANA;EDUCACIÓN MEDIA;IP DE LOMITAS;-76.22381484;3.412047405;-76.22381484;3.412047405;-76.22;3.41;SEDESUESVALLE;COORDENADA_ORIGINAL_SEDESUESVALLE;1;85;2.019;IE ANTONIO NARIÑO;ANTONIO NARIÑO;RURAL;CORREG DE LOMITAS;COINCIDENCIA_NOMBRE_FUERTE;0.93;RUTINARIO;Sin riesgo y bajo;SIN_BRECHAS;NO;ALTA;28.11;BAJA;Mantener seguimiento rutinario con control territorial rural.;2.03;BAJA
573;276563000525;PRADERA;I.E. MARCO FIDEL SUAREZ SEDE GABRIEL GARCIA MARQUEZ;RURAL;CORREGIMIENTO EL RECREO;GABRIEL GARCIA MARQUEZ;3217378646;23;0;23;0;SEDESUESVALLE;COMPLEMENTADA_CON_SEDESUESVALLE;NO;SI;ACUAVALLE S.A ESP;RIESGO BAJO;BAJO;119;PLANTA ACUAVALLE S.A ESP;RÍO BOLO - QUEBRADA ACLANERA;26/30;DESFAVORABLE;2025-11-25;COD_DANE_UNICO;CRUCE_OK;GEORREFERENCIADA;;603;INSTITUCION EDUCATIVA MARCO FIDEL SUAREZ;GABRIEL GARCIA MARQUEZ;ACTIVA;OFICIAL;MAÑANA;EDUCACIÓN MEDIA;CAS EL RECREO;-76.20304215;3.396414346;-76.20304215;3.396414346;;;SEDESUESVALLE;COORDENADA_ORIGINAL_SEDESUESVALLE;1;23;;;;;;COINCIDENCIA_NOMBRE_FUERTE_CON_POSIBLE_EMPATE;0.93;RUTINARIO;Sin riesgo y bajo;SIN_BRECHAS;NO;ALTA;28.88;BAJA;Mantener seguimiento rutinario con control territorial rural.;1.66;BAJA
574;276036000070;ANDALUCÍA;I.E. AGRICOLA COMPOALEGRE SEDE CUSTODIO GARCIA ROVIRA;RURAL;VEREDA TAMBORAL;CUSTODIO GARCIA ROVIRA;3136984566;12;12;9;19;ESCUELAS_IRCAS;DATO_PRINCIPAL_ESCUELAS_IRCAS;NO;SI;ACUAVALLE S.A ESP;SIN RIESGO;SIN RIESGO;1291;PLANTA ACUAVALLE S.A ESP;RIO BUGALAGRANDE;15;DESFAVORABLE;2026-02-20;COD_DANE_UNICO;CRUCE_OK;GEORREFERENCIADA;;27;INSTITUCION EDUCATIVA AGRICOLA CAMPOALEGRE;CUSTODIO GARCIA ROVIRA;ACTIVA;OFICIAL;MAÑANA;EDUCACIÓN BÁSICA PRIMARIA;CAS TAMBORAL;-76.191139;4.188871;-76.191139;4.188871;-76.19;4.19;SEDESUESVALLE;COORDENADA_ORIGINAL_SEDESUESVALLE;1;9;2.019;IE AGRICOLA CAMPOALEGRE;CUSTODIO GARCIA ROVIRA;RURAL;VDA TAMBORAL;COINCIDENCIA_NOMBRE_FUERTE;0.93;RUTINARIO;Sin riesgo y bajo;SIN_BRECHAS;NO;ALTA;18.96;BAJA;Mantener seguimiento rutinario con control territorial rural.;0.0;BAJA
575;276036000151;ANDALUCÍA;I.E. AGRICOLA CAMPOALEGRE SEDE MARCO FIDEL SUAREZ;RURAL;VDA ZABALETAS;MARCO FIDEL SUAREZ;3136984566;15;15;18;0;ESCUELAS_IRCAS;DATO_PRINCIPAL_ESCUELAS_IRCAS;NO;SI;ACUAVALLE S.A ESP;SIN RIESGO;SIN RIESGO;1291;PLANTA ACUAVALLE S.A ESP;RIO BUGALAGRANDE;15;DESFAVORABLE;2026-02-18;COD_DANE_UNICO;CRUCE_OK;GEORREFERENCIADA;;30;INSTITUCION EDUCATIVA AGRICOLA CAMPOALEGRE;MARCO FIDEL SUAREZ;ACTIVA;OFICIAL;MAÑANA;EDUCACIÓN BÁSICA PRIMARIA;CORREG ZABALETAS;-76.21085513;4.181579088;-76.21085513;4.181579088;;;SEDESUESVALLE;COORDENADA_ORIGINAL_SEDESUESVALLE;1;18;;;;;;COINCIDENCIA_NOMBRE_FUERTE_CON_POSIBLE_EMPATE;0.93;RUTINARIO;Sin riesgo y bajo;SIN_BRECHAS;NO;ALTA;19.53;BAJA;Mantener seguimiento rutinario con control territorial rural.;0.0;BAJA
576;276036000037;ANDALUCÍA;I.E. AGRICOLA CAMPOALEGRE SEDE AGRICOLA CAMPOALEGRE;RURAL;CORREGIMIENTO CAMPOALEGRE;AGRICOLA CAMPOALEGRE;3148626068;155;155;140;264;ESCUELAS_IRCAS;DATO_PRINCIPAL_ESCUELAS_IRCAS;NO;SI;ACUAVALLE S.A ESP;SIN RIESGO;SIN RIESGO;1291;PLANTA ACUAVALLE S.A ESP;RIO BUGALAGRANDE;22;FAVORABLE CON REQUERIMIENTOS;2026-01-29;COD_DANE_UNICO;CRUCE_OK;GEORREFERENCIADA;;26;INSTITUCION EDUCATIVA AGRICOLA CAMPOALEGRE;AGRICOLA CAMPOALEGRE;ACTIVA;OFICIAL;MAÑANA;EDUCACIÓN MEDIA;CERREG CAMPOALEGRE;-76.206208;4.177605;-76.206208;4.177605;-76.21;4.18;SEDESUESVALLE;COORDENADA_ORIGINAL_SEDESUESVALLE;1;140;2.019;IE AGRICOLA CAMPOALEGRE;AGRICOLA CAMPOALEGRE;RURAL;CORREG CAMPOALEGRE;COINCIDENCIA_NOMBRE_FUERTE;0.93;RUTINARIO;Sin riesgo y bajo;SIN_BRECHAS;NO;ALTA;21.51;BAJA;Mantener seguimiento rutinario con control territorial rural.;0.0;BAJA
577;276036000126;ANDALUCÍA;I.E. AGRICOLA CAMPOALEGRE SEDE VICENTE H. CRUZ;RURAL;CGTO CAMPOALEGRE;VICENTE H. CRUZ;3165066725;14;0;14;0;SEDESUESVALLE;COMPLEMENTADA_CON_SEDESUESVALLE;NO;SI;ACUAVALLE S.A ESP;SIN RIESGO;SIN RIESGO;1291;PLANTA ACUAVALLE S.A ESP;RIO BUGALAGRANDE;0;FAVORABLE CON REQUERIMIENTOS;2026-01-29;COD_DANE_UNICO;CRUCE_OK;GEORREFERENCIADA;;28;INSTITUCION EDUCATIVA AGRICOLA CAMPOALEGRE;VICENTE H. CRUZ;ACTIVA;OFICIAL;MAÑANA;EDUCACIÓN BÁSICA PRIMARIA;CORREG CAMPO ALEGRE;-76.207672;4.180149;-76.207672;4.180149;;;SEDESUESVALLE;COORDENADA_ORIGINAL_SEDESUESVALLE;1;14;;;;;;COINCIDENCIA_NOMBRE_FUERTE_CON_POSIBLE_EMPATE;0.93;RUTINARIO;Sin riesgo y bajo;SIN_BRECHAS;NO;ALTA;15.15;BAJA;Mantener seguimiento rutinario con control territorial rural.;0.0;BAJA
578;276036000142;ANDALUCÍA;I.E. AGRICOLA CAMPOALEGRE SEDE  ANTONIO JOSE DE SUCRE;RURAL;CGTO EL SALTO;ANTONIO JOSE DE SUCRE;3165066725;20;20;20;0;ESCUELAS_IRCAS;DATO_PRINCIPAL_ESCUELAS_IRCAS;NO;SI;ACUAVALLE S.A ESP;SIN RIESGO;SIN RIESGO;1291;PLANTA ACUAVALLE S.A ESP;RIO BUGALAGRANDE;16;FAVORABLE CON REQUERIMIENTOS;2026-02-13;COD_DANE_UNICO;CRUCE_OK;GEORREFERENCIADA;;29;INSTITUCION EDUCATIVA AGRICOLA CAMPOALEGRE;ANTONIO JOSE DE SUCRE;ACTIVA;OFICIAL;MAÑANA;EDUCACIÓN MEDIA;CORREG EL SALTO;-76.21085513;4.181579088;-76.21085513;4.181579088;;;SEDESUESVALLE;COORDENADA_ORIGINAL_SEDESUESVALLE;1;20;;;;;;COINCIDENCIA_NOMBRE_FUERTE_CON_POSIBLE_EMPATE;0.93;RUTINARIO;Sin riesgo y bajo;SIN_BRECHAS;NO;ALTA;16.06;BAJA;Mantener seguimiento rutinario con control territorial rural.;0.0;BAJA
579;276036000169;ANDALUCÍA;I.E. AGRICOLA CAMPOALEGRE SEDE PRIMITIVO CRESPO;RURAL;VDA SANJON DE PIEDRAS;PRIMITIVO CRESPO;3136984566;4;4;6;0;ESCUELAS_IRCAS;DATO_PRINCIPAL_ESCUELAS_IRCAS;NO;SI;ACUAVALLE S.A ESP;SIN RIESGO;SIN RIESGO;1291;PLANTA ACUAVALLE S.A ESP;RIO BUGALAGRANDE;20;FAVORABLE CON REQUERIMIENTOS;2026-02-09;COD_DANE_UNICO;CRUCE_OK;GEORREFERENCIADA;;31;INSTITUCION EDUCATIVA AGRICOLA CAMPOALEGRE;PRIMITIVO CRESPO;ACTIVA;OFICIAL;MAÑANA;EDUCACIÓN BÁSICA SECUNDARIA;VDA SANJON DE PIEDRA;-76.213124;4.166122;-76.213124;4.166122;;;SEDESUESVALLE;COORDENADA_ORIGINAL_SEDESUESVALLE;1;6;;;;;;COINCIDENCIA_NOMBRE_FUERTE_CON_POSIBLE_EMPATE;0.93;RUTINARIO;Sin riesgo y bajo;SIN_BRECHAS;NO;ALTA;12.17;BAJA;Mantener seguimiento rutinario con control territorial rural.;0.0;BAJA
580;276036000282;ANDALUCÍA;I.E. AGRICOLA CAMPOALEGRE SEDE ISABEL ARAGON;RURAL;CGTO CAMPOALEGRE;ISABEL ARAGON;3165066725;32;0;32;0;SEDESUESVALLE;COMPLEMENTADA_CON_SEDESUESVALLE;NO;SI;ACUAVALLE S.A ESP;SIN RIESGO;SIN RIESGO;1291;PLANTA ACUAVALLE S.A ESP;RIO BUGALAGRANDE;0;FAVORABLE CON REQUERIMIENTOS;2026-01-29;COD_DANE_UNICO;CRUCE_OK;GEORREFERENCIADA;;36;INSTITUCION EDUCATIVA AGRICOLA CAMPOALEGRE;ISABEL ARAGON;ACTIVA;OFICIAL;MAÑANA;EDUCACIÓN BÁSICA PRIMARIA;CORREG CAMPOALEGRE;-76.21085513;4.181579088;-76.21085513;4.181579088;;;SEDESUESVALLE;COORDENADA_ORIGINAL_SEDESUESVALLE;1;32;;;;;;COINCIDENCIA_NOMBRE_FUERTE_CON_POSIBLE_EMPATE;0.93;RUTINARIO;Sin riesgo y bajo;SIN_BRECHAS;NO;ALTA;17.29;BAJA;Mantener seguimiento rutinario con control territorial rural.;0.0;BAJA
581;276113000347;BUGALAGRANDE;I.E. DIEGO RENGIFO SALAZAR SEDE ERNESTO PIZARRO;RURAL;CGTO EL OVERO;ERNESTO PIZARRO;3174996012;42;42;40;0;ESCUELAS_IRCAS;DATO_PRINCIPAL_ESCUELAS_IRCAS;NO;SI;ACUAVALLE S.A ESP;SIN RIESGO;SIN RIESGO;1291;PLANTA ACUAVALLE S.A ESP;RIO BUGALAGRANDE;24.5;FAVORABLE CON REQUERIMIENTOS;2025-07-29;COD_DANE_UNICO;CRUCE_OK;GEORREFERENCIADA;;141;INSTITUCION EDUCATIVA DIEGO RENGIFO SALAZAR;ERNESTO PIZARRO;ACTIVA;OFICIAL;MAÑANA;EDUCACIÓN BÁSICA PRIMARIA;I.P EL OVERO;-75.975413;4.161593;-75.975413;4.161593;;;SEDESUESVALLE;COORDENADA_ORIGINAL_SEDESUESVALLE;1;40;;;;;;COINCIDENCIA_NOMBRE_FUERTE_CON_POSIBLE_EMPATE;0.93;RUTINARIO;Sin riesgo y bajo;SIN_BRECHAS;NO;ALTA;18.01;BAJA;Mantener seguimiento rutinario con control territorial rural.;0.0;BAJA
582;276113000126;BUGALAGRANDE;I.E. DIEGO RENGIFO SALAZAR SEDE ANTONIO RICAURTE;RURAL;SECTOR EL POBLADO;ANTONIO RICAURTE;3162983868;100;100;171;0;ESCUELAS_IRCAS;DATO_PRINCIPAL_ESCUELAS_IRCAS;NO;SI;ACUAVALLE S.A ESP;SIN RIESGO;SIN RIESGO;1291;PLANTA ACUAVALLE S.A ESP;RIO BUGALAGRANDE;24.5;FAVORABLE CON REQUERIMIENTOS;2026-03-05;COD_DANE_UNICO;CRUCE_OK;GEORREFERENCIADA;;142;INSTITUCION EDUCATIVA DIEGO RENGIFO SALAZAR;ANTONIO RICAURTE;ACTIVA;OFICIAL;MAÑANA;EDUCACIÓN MEDIA;I.P EL OVERO;-76.13262;4.242259;-76.13262;4.242259;;;SEDESUESVALLE;COORDENADA_ORIGINAL_SEDESUESVALLE;1;171;;;;;;COINCIDENCIA_NOMBRE_FUERTE_CON_POSIBLE_EMPATE;0.93;RUTINARIO;Sin riesgo y bajo;SIN_BRECHAS;NO;ALTA;20.33;BAJA;Mantener seguimiento rutinario con control territorial rural.;0.0;BAJA
583;;BUGALAGRANDE;I.E. DIEGO RENGIFO SALAZAR SEDE ANTONIO RICAURTE PRIMARIA;RURAL;SECTOR EL POBLADO CGTO EL OVERO;ANTONIO RICAURTE PRIMARIA;3162983868;100;100;0;0;ESCUELAS_IRCAS;DATO_PRINCIPAL_ESCUELAS_IRCAS;NO;SI;ACUAVALLE S.A ESP;SIN RIESGO;SIN RIESGO;1291;PLANTA ACUAVALLE S.A ESP;RIO BUGALAGRANDE;24.5;FAVORABLE CON REQUERIMIENTOS;2026-03-05;MUNICIPIO+NOMBRE_EXACTO;CRUCE_RECUPERADO;SIN_COORDENADAS;;148;;;;;;;;;;;;;;SIN_COORDENADA;SIN_COORDENADA;0;0;;;;;;COINCIDENCIA_NOMBRE_FUERTE_CON_POSIBLE_EMPATE;0.93;RUTINARIO;Sin riesgo y bajo;SIN_COORDENADA;SI;MEDIA;22.33;BAJA;Priorizar georreferenciación de la sede educativa.;0.0;BAJA
584;276113000509;BUGALAGRANDE;I.E. DIEGO RENGIFO SALAZAR  SEDE JULIAN URIBE URIBE;RURAL;CGTO LA URIBE;JULIAN URIBE URIBE;315295745;64;64;54;0;ESCUELAS_IRCAS;DATO_PRINCIPAL_ESCUELAS_IRCAS;NO;SI;ACUAVALLE S.A ESP;SIN RIESGO;SIN RIESGO;1291;PLANTA ACUAVALLE S.A ESP;RIO BUGALAGRANDE;24.5;FAVORABLE CON REQUERIMIENTOS;2025-07-29;COD_DANE_UNICO;CRUCE_OK;GEORREFERENCIADA;;150;INSTITUCION EDUCATIVA DIEGO RENGIFO SALAZAR;JULIAN URIBE URIBE;ACTIVA;OFICIAL;MAÑANA;EDUCACIÓN BÁSICA PRIMARIA;I.P URIBE;-76.114964;4.258794;-76.114964;4.258794;;;SEDESUESVALLE;COORDENADA_ORIGINAL_SEDESUESVALLE;1;54;;;;;;COINCIDENCIA_NOMBRE_FUERTE_CON_POSIBLE_EMPATE;0.93;RUTINARIO;Sin riesgo y bajo;SIN_BRECHAS;NO;ALTA;19.13;BAJA;Mantener seguimiento rutinario con control territorial rural.;0.0;BAJA
585;176113000652;BUGALAGRANDE;I.E. DIEGO RENGIFO SALAZAR SEDE ANTONIO NARIÑO;RURAL;CGTO LA URIBE;ANTONIO NARIÑO;6022237270;73;73;399;0;ESCUELAS_IRCAS;DATO_PRINCIPAL_ESCUELAS_IRCAS;NO;SI;ACUAVALLE S.A ESP;SIN RIESGO;SIN RIESGO;1291;PLANTA ACUAVALLE S.A ESP;RIO BUGALAGRANDE;25.5;FAVORABLE CON REQUERIMIENTOS;2025-07-29;COD_DANE_DUPLICADO+NOMBRE_EXACTO;CRUCE_OK_CONTROLADO;GEORREFERENCIADA;;153;INSTITUCION EDUCATIVA ANTONIO NARIÑO;INSTITUCION EDUCATIVA ANTONIO NARIÑO;ACTIVA;OFICIAL;COMPLETA;EDUCACIÓN MEDIA;CL 9 KR 6 ESQ;-76.15515895;4.215173308;-76.15515895;4.215173308;;;SEDESUESVALLE;COORDENADA_ORIGINAL_SEDESUESVALLE;1;399;;;;;;COINCIDENCIA_NOMBRE_FUERTE_CON_POSIBLE_EMPATE;0.93;RUTINARIO;Sin riesgo y bajo;SIN_BRECHAS;NO;ALTA;19.48;BAJA;Mantener seguimiento rutinario con control territorial rural.;0.0;BAJA
586;;BUGALAGRANDE;I.E DIEGO RENGIFO SALAZAR SEDE ANTONIO RICAURTE SECUNDARIA;RURAL;CGTO EL OVERO;ANTONIO RICAURTE SECUNDARIA;3116461585;78;78;0;0;ESCUELAS_IRCAS;DATO_PRINCIPAL_ESCUELAS_IRCAS;NO;SI;ACUAVALLE S.A ESP;SIN RIESGO;SIN RIESGO;1291;PLANTA ACUAVALLE S.A ESP;RIO BUGALAGRANDE;24.5;FAVORABLE CON REQUERIMIENTOS;2026-01-28;MUNICIPIO+NOMBRE_EXACTO;CRUCE_RECUPERADO;SIN_COORDENADAS;;173;;;;;;;;;;;;;;SIN_COORDENADA;SIN_COORDENADA;0;0;;;;;;COINCIDENCIA_NOMBRE_FUERTE_CON_POSIBLE_EMPATE;0.93;RUTINARIO;Sin riesgo y bajo;SIN_COORDENADA;SI;MEDIA;21.66;BAJA;Priorizar georreferenciación de la sede educativa.;0.0;BAJA
587;276248000177;EL CERRITO;I.E. HERNANDO BORRERO CUADROS SEDE ROSA ZARATE DE PEÑA;RURAL;CORREGIMIENTO EL MORAL - MORAL ALTO;ROSA ZARATE DE PEÑA;3165060744;13;13;13;0;ESCUELAS_IRCAS;DATO_PRINCIPAL_ESCUELAS_IRCAS;NO;SI;ACUEDUCTO EL MORAL;SIN RIESGO;SIN RIESGO;356;COMPACTA;RIO CABUYAL;9;FAVORABLE;2026-04-17;COD_DANE_UNICO;CRUCE_OK;GEORREFERENCIADA;;374;INSTITUCION EDUCATIVA HERNANDO BORRERO CUADROS;ROSA ZARATE DE PEÑA;ACTIVA;OFICIAL;MAÑANA;EDUCACIÓN BÁSICA PRIMARIA;CORREG EL MORAL;-76.09567445;3.638448127;-76.09567445;3.638448127;;;SEDESUESVALLE;COORDENADA_ORIGINAL_SEDESUESVALLE;1;13;;;;;;COINCIDENCIA_NOMBRE_FUERTE_CON_POSIBLE_EMPATE;0.931;RUTINARIO;Sin riesgo y bajo;SIN_BRECHAS;NO;ALTA;11.36;BAJA;Mantener seguimiento rutinario con control territorial rural.;0.0;BAJA
588;276622000372;ROLDANILLO;I.E RODRIGO LLOREDA CAICEDO SEDE TRECE DE JUNIO;RURAL;VEREDA CACERES;TRECE DE JUNIO;No Registra;11;11;11;8;ESCUELAS_IRCAS;DATO_PRINCIPAL_ESCUELAS_IRCAS;NO;SI;ACUEDUCTO RURAL VEREDA CACERES;SIN RIESGO;SIN RIESGO;892;FILTRO EKOFIL;RIO CACERES;SD;SIN CONCEPTO;;COD_DANE_UNICO;CRUCE_OK;GEORREFERENCIADA;;716;CENTRO EDUCATIVO RODRIGO LLOREDA CAICEDO;TRECE DE JUNIO;ACTIVA;OFICIAL;MAÑANA;EDUCACIÓN BÁSICA PRIMARIA;VDA CACERES;-76.19781179;4.396170937;-76.19781179;4.396170937;-76.2;4.4;SEDESUESVALLE;COORDENADA_ORIGINAL_SEDESUESVALLE;1;11;2.019;CE RODRIGO LLOREDA CAICEDO;TRECE DE JUNIO;RURAL;VDA. CACERES;COINCIDENCIA_NOMBRE_FUERTE;0.93;RUTINARIO;Sin riesgo y bajo;SIN_BRECHAS;NO;ALTA;10.94;BAJA;Mantener seguimiento rutinario con control territorial rural.;0.0;BAJA
589;276828000387;BOLIVAR;UNIDAD EDUCATIVA RODRIGO LLOREDA CAICEDO;RURAL;CGTO CERRO AZUL;;3162793452;113;113;0;120;ESCUELAS_IRCAS;DATO_PRINCIPAL_ESCUELAS_IRCAS;NO;SI;ASOCIACION DE USUARIOS DE ABASTO CORREGIMIENTO CERRO AZUL Y LAS VEREDAS SIRIA Y LA SOLEDAD;SIN RIESGO;SIN RIESGO;200;ACUEDUCTO RURAL;RIO CALAMAR;26.0;FAVORABLE CON REQUERIMIENTOS;2025-04-07;SIN_COINCIDENCIA;PENDIENTE;SIN_COORDENADAS;;;;;;;;;;;;;;0.0;0.0;SIN_COORDENADA;SIN_COORDENADA;0;0;2.019;IE RODRIGO LLOREDA CAICEDO;RODRIGO LLOREDA;RURAL;CORREG CERROAZUL;COINCIDENCIA_NOMBRE_FUERTE;0.93;RUTINARIO;Sin riesgo y bajo;"SIN_COORDENADA; CRUCE_PENDIENTE";SI;MEDIA;22.66;BAJA;Priorizar georreferenciación de la sede educativa.;0.0;BAJA
590;;BOLIVAR;I.E RODRIGO LLOREDA CAICEDO SEDE POLICARPA SALAVARRIETA;RURAL;CGTO SAN ISIDRO;;3238063916;9;9;6;0;ESCUELAS_IRCAS;DATO_PRINCIPAL_ESCUELAS_IRCAS;NO;SI;ACUEDUCTO CORPOSANISIDRO;SIN RIESGO;SIN RIESGO;260;ACUEDUCTO RURAL;RIO CALAMAR;22.5;FAVORABLE CON REQUERIMIENTOS;2025-04-07;MUNICIPIO+NOMBRE_EXACTO;CRUCE_RECUPERADO;GEORREFERENCIADA;;127;INSTITUCION EDUCATIVA PRIMAVERA;POLICARPA SALAVARRIETA;ACTIVA;OFICIAL;MAÑANA;EDUCACIÓN BÁSICA PRIMARIA;VDA GUACAS;-76.24085668;4.345768837;-76.24085668;4.345768837;;;SEDESUESVALLE;COORDENADA_ORIGINAL_SEDESUESVALLE;1;6;;;;;;COINCIDENCIA_NOMBRE_FUERTE_CON_POSIBLE_EMPATE;0.942;RUTINARIO;Sin riesgo y bajo;SIN_BRECHAS;NO;ALTA;14.05;BAJA;Mantener seguimiento rutinario con control territorial rural.;0.0;BAJA
591;276828001146;TRUJILLO;ESCUELA RUR CRISTO REY;RURAL;VDA BUENA VISTA;;2267368;15;15;19;73;ESCUELAS_IRCAS;DATO_PRINCIPAL_ESCUELAS_IRCAS;NO;SI;ASOCIACION DE USUARIOS DEL ACUEDUCTO VEREDAS BUENAVISTA LA BOHEMIA;RIESGO ALTO;ALTO;231;ACUEDUCTO RURAL;RIO CALAMAR;25.5;FAVORABLE CON REQUERIMIENTOS;2025-02-19;COD_DANE_UNICO;CRUCE_OK;GEORREFERENCIADA;;842;INSTITUCION EDUCATIVA MANUEL MARIA MALLARINO;CRISTO REY;ACTIVA;OFICIAL;FIN DE SEMANA;EDUCACIÓN MEDIA;VDA BUENA VISTA;-76.27217564;4.277444948;-76.27217564;4.277444948;-76.27;4.28;SEDESUESVALLE;COORDENADA_ORIGINAL_SEDESUESVALLE;1;19;2.019;IE MANUEL MARIA MALLARINO;CRISTO REY;RURAL;VEREDA BUENVAVISTA;COINCIDENCIA_NOMBRE_FUERTE;0.93;PRIORITARIO;Alto e inviable;SIN_BRECHAS;NO;ALTA;56.58;ALTA;Programar seguimiento operativo y verificar condiciones del sistema abastecedor.;3.79;BAJA
592;276248000428;EL CERRITO;I.E. SANTA ELENA SEDE EDUARDO RIASCOS GRUESO;RURAL;VEREDA CAMPOALEGRE;EDUARDO RIASCOS GRUESO;3182854028;20;20;20;19;ESCUELAS_IRCAS;DATO_PRINCIPAL_ESCUELAS_IRCAS;NO;SI;AUSERACA;RIESGO BAJO;BAJO;36;FILTRO;RIO CERRITO;10.79;FAVORABLE CON REQUERIMIENTOS;2026-02-19;COD_DANE_UNICO;CRUCE_OK;GEORREFERENCIADA;;354;INSTITUCION EDUCATIVA SANTA ELENA;EDUARDO RIASCOS GRUESO;ACTIVA;OFICIAL;COMPLETA;EDUCACIÓN MEDIA;CAS CAMPOALEGRE;-76.24531385;3.64434367;-76.24531385;3.64434367;-76.25;3.64;SEDESUESVALLE;COORDENADA_ORIGINAL_SEDESUESVALLE;1;20;2.019;IE SANTA ELENA;EDUARDO RIASCOS GRUESO;RURAL;VDA CAMPO ALEGRE;COINCIDENCIA_NOMBRE_FUERTE;0.93;RUTINARIO;Sin riesgo y bajo;SIN_BRECHAS;NO;ALTA;24.31;BAJA;Mantener seguimiento rutinario con control territorial rural.;1.39;BAJA
593;276248000045;EL CERRITO;I.E. SANTA ELENA SEDE JOSE ANTONIO GALAN;RURAL;CORREGIMIENTO EL POMO;JOSE ANTONIO GALAN;3182854028;12;12;12;27;ESCUELAS_IRCAS;DATO_PRINCIPAL_ESCUELAS_IRCAS;NO;SI;ACUAPORO;SIN RIESGO;SIN RIESGO;3041;FILTRO;RIO CERRITO;11.8;FAVORABLE CON REQUERIMIENTOS;2026-03-07;COD_DANE_UNICO;CRUCE_OK;GEORREFERENCIADA;;366;INSTITUCION EDUCATIVA SANTA ELENA;JOSE ANTONIO  GALAN;ACTIVA;OFICIAL;COMPLETA;EDUCACIÓN BÁSICA PRIMARIA;CORREG EL POMO;-76.18322672;3.639512936;-76.18322672;3.639512936;-76.18;3.64;SEDESUESVALLE;COORDENADA_ORIGINAL_SEDESUESVALLE;1;12;2.019;IE SANTA ELENA;JOSE ANTONIO  GALAN;RURAL;VEREDA EL POMO;COINCIDENCIA_NOMBRE_FUERTE;0.93;RUTINARIO;Sin riesgo y bajo;SIN_BRECHAS;NO;ALTA;14.76;BAJA;Mantener seguimiento rutinario con control territorial rural.;0.0;BAJA
594;276248000151;EL CERRITO;I.E. SANTA ELENA SEDE EL PARAISO;RURAL;VEREDA EL ROSARIO;EL PARAISO;3182854028;19;19;19;26;ESCUELAS_IRCAS;DATO_PRINCIPAL_ESCUELAS_IRCAS;NO;SI;AUSERACA;RIESGO BAJO;BAJO;36;FILTRO;RIO CERRITO;10.79;FAVORABLE CON REQUERIMIENTOS;2026-02-19;COD_DANE_UNICO;CRUCE_OK;GEORREFERENCIADA;;371;INSTITUCION EDUCATIVA SANTA ELENA;EL PARAISO;ACTIVA;OFICIAL;COMPLETA;EDUCACIÓN MEDIA;VDA EL ROSARIO;-76.1894822835;3.62267797944;-76.1894822835;3.62267797944;-76.19;3.62;SEDESUESVALLE;COORDENADA_ORIGINAL_SEDESUESVALLE;1;19;2.019;IE SANTA ELENA;EL PARAISO;RURAL;VDA EL ROSARIO;COINCIDENCIA_NOMBRE_FUERTE;0.93;RUTINARIO;Sin riesgo y bajo;SIN_BRECHAS;NO;ALTA;24.18;BAJA;Mantener seguimiento rutinario con control territorial rural.;1.37;BAJA
595;176248000016;EL CERRITO;I.E. SAGRADO CORAZON SEDE SAGRADO CORAZON;URBANO;CALLE 8 # 10  - 09;SAGRADO CORAZON;3106419604;614;614;614;837;ESCUELAS_IRCAS;DATO_PRINCIPAL_ESCUELAS_IRCAS;NO;SI;ACUAVALLE S.A ESP;SIN RIESGO;SIN RIESGO;41;PLANTA ACUAVALLE S.A ESP;RIO CERRITO RIO AMAIME;0.9;FAVORABLE;2026-01-30;COD_DANE_UNICO;CRUCE_OK;GEORREFERENCIADA;;350;INSTITUCION EDUCATIVA SAGRADO CORAZÓN;SAGRADO CORAZON;ACTIVA;OFICIAL;COMPLETA;EDUCACIÓN MEDIA;CL 8 10 09;-76.3134103441;3.68295703803;-76.3134103441;3.68295703803;-76.31;3.69;SEDESUESVALLE;COORDENADA_ORIGINAL_SEDESUESVALLE;1;614;2.019;IE SAGRADO CORAZÓN;SAGRADO CORAZON;URBANA;CL 8 10 09;COINCIDENCIA_NOMBRE_FUERTE;0.93;RUTINARIO;Sin riesgo y bajo;SIN_BRECHAS;NO;ALTA;21.63;BAJA;Mantener seguimiento rutinario.;0.0;BAJA
596;176248000202;EL CERRITO;I.E. SAGRADO CORAZON SEDE PEDRO ANTONIO MOLINA;URBANO;CARRERA 11 # 7  - 11;PEDRO ANTONIO MOLINA;2565537;567;567;567;0;ESCUELAS_IRCAS;DATO_PRINCIPAL_ESCUELAS_IRCAS;NO;SI;ACUAVALLE S.A ESP;SIN RIESGO;SIN RIESGO;41;PLANTA ACUAVALLE S.A ESP;RIO CERRITO RIO AMAIME;0.9;FAVORABLE;2026-01-30;COD_DANE_UNICO;CRUCE_OK;GEORREFERENCIADA;;351;INSTITUCION EDUCATIVA SAGRADO CORAZÓN;PEDRO ANTONIO MOLINA;ACTIVA;OFICIAL;COMPLETA;EDUCACIÓN MEDIA;CRA 11 # 7-11 B.EL CENTRO;-76.3121560025;3.68492806645;-76.3121560025;3.68492806645;;;SEDESUESVALLE;COORDENADA_ORIGINAL_SEDESUESVALLE;1;567;;;;;;COINCIDENCIA_NOMBRE_FUERTE_CON_POSIBLE_EMPATE;0.93;RUTINARIO;Sin riesgo y bajo;SIN_BRECHAS;NO;ALTA;21.41;BAJA;Mantener seguimiento rutinario.;0.0;BAJA
597;176248000229;EL CERRITO;I.E. SAGRADO CORAZON SEDE MARIA INMACULADA;URBANO;CALLE 8 # 9  - 51;MARIA INMACULADA;2565221;170;170;170;0;ESCUELAS_IRCAS;DATO_PRINCIPAL_ESCUELAS_IRCAS;NO;SI;ACUAVALLE S.A ESP;SIN RIESGO;SIN RIESGO;41;PLANTA ACUAVALLE S.A ESP;RIO CERRITO RIO AMAIME;0.9;FAVORABLE;2026-01-30;COD_DANE_UNICO;CRUCE_OK;GEORREFERENCIADA;;352;INSTITUCION EDUCATIVA SAGRADO CORAZÓN;MARIA INMACULADA;ACTIVA;OFICIAL;COMPLETA;EDUCACIÓN BÁSICA PRIMARIA;CLL 8 #9-69;-76.3105927252;3.68513112544;-76.3105927252;3.68513112544;;;SEDESUESVALLE;COORDENADA_ORIGINAL_SEDESUESVALLE;1;170;;;;;;COINCIDENCIA_NOMBRE_FUERTE_CON_POSIBLE_EMPATE;0.93;RUTINARIO;Sin riesgo y bajo;SIN_BRECHAS;NO;ALTA;18.16;BAJA;Mantener seguimiento rutinario.;0.0;BAJA
598;176248000440;EL CERRITO;I.E. SAGRADO CORAZON SEDE GUILLERMO LEON VALENCIA;URBANO;CALLE 1 # 1  - 24;GUILLERMO LEON VALENCIA;3106419604;216;216;216;0;ESCUELAS_IRCAS;DATO_PRINCIPAL_ESCUELAS_IRCAS;NO;SI;ACUAVALLE S.A ESP;SIN RIESGO;SIN RIESGO;41;PLANTA ACUAVALLE S.A ESP;RIO CERRITO RIO AMAIME;0.9;FAVORABLE;2026-01-30;COD_DANE_UNICO;CRUCE_OK;GEORREFERENCIADA;;355;INSTITUCION EDUCATIVA SAGRADO CORAZÓN;GUILLERMO LEON VALENCIA;ACTIVA;OFICIAL;COMPLETA;EDUCACIÓN BÁSICA PRIMARIA;CLL 1 # 1-24 BRR/EL PRADO;-76.3034906108;3.67875880943;-76.3034906108;3.67875880943;;;SEDESUESVALLE;COORDENADA_ORIGINAL_SEDESUESVALLE;1;216;;;;;;COINCIDENCIA_NOMBRE_FUERTE_CON_POSIBLE_EMPATE;0.93;RUTINARIO;Sin riesgo y bajo;SIN_BRECHAS;NO;ALTA;18.8;BAJA;Mantener seguimiento rutinario.;0.0;BAJA
599;276248000185;EL CERRITO;I.E. SAGRADO CORAZON SEDE RICARDO CIFUENTES RIOMAÑA;RURAL;CORREGIMIENTO SAN ANTONIO;RICARDO CIFUENTES RIOMAÑA;3106419604;25;25;25;0;ESCUELAS_IRCAS;DATO_PRINCIPAL_ESCUELAS_IRCAS;NO;SI;ACUAVALLE S.A ESP;SIN RIESGO;SIN RIESGO;41;PLANTA ACUAVALLE S.A ESP;RIO CERRITO RIO AMAIME;0.9;FAVORABLE;2026-01-30;COD_DANE_UNICO;CRUCE_OK;GEORREFERENCIADA;;357;INSTITUCION EDUCATIVA SAGRADO CORAZÓN;RICARDO CIFUENTES RIOMAÑA;ACTIVA;OFICIAL;COMPLETA;EDUCACIÓN BÁSICA PRIMARIA;VDA SAN FERNANDO;-76.3550167415;3.68589317952;-76.3550167415;3.68589317952;;;SEDESUESVALLE;COORDENADA_ORIGINAL_SEDESUESVALLE;1;25;;;;;;COINCIDENCIA_NOMBRE_FUERTE_CON_POSIBLE_EMPATE;0.93;RUTINARIO;Sin riesgo y bajo;SIN_BRECHAS;NO;ALTA;13.04;BAJA;Mantener seguimiento rutinario con control territorial rural.;0.0;BAJA
600;276248000398;EL CERRITO;I.E. JORGE ISAACS SEDE SIMON BOLIVAR;RURAL;VEREDA GUACANAL;SIMON BOLIVAR;6022570835;11;11;11;0;ESCUELAS_IRCAS;DATO_PRINCIPAL_ESCUELAS_IRCAS;NO;SI;ACUAVALLE S.A ESP;SIN RIESGO;SIN RIESGO;41;PLANTA ACUAVALLE S.A ESP;RIO CERRITO RIO AMAIME;0.9;FAVORABLE;2026-01-30;COD_DANE_UNICO;CRUCE_OK;GEORREFERENCIADA;;358;INSTITUCION EDUCATIVA JORGE  ISAACS;SIMON BOLIVAR;ACTIVA;OFICIAL;UNICA;EDUCACIÓN MEDIA;VDA GUACANAL;-76.374719;3.682202;-76.374719;3.682202;;;SEDESUESVALLE;COORDENADA_ORIGINAL_SEDESUESVALLE;1;11;;;;;;COINCIDENCIA_NOMBRE_FUERTE_CON_POSIBLE_EMPATE;0.93;RUTINARIO;Sin riesgo y bajo;SIN_BRECHAS;NO;ALTA;10.94;BAJA;Mantener seguimiento rutinario con control territorial rural.;0.0;BAJA
601;176248000296;EL CERRITO;I.E. SAGRADO CORAZON SEDE MARIA MONTESSORI;URBANO;CALLE 6 # 11  - 11;MARIA MONTESSORI;3106419604;70;70;70;0;ESCUELAS_IRCAS;DATO_PRINCIPAL_ESCUELAS_IRCAS;NO;SI;ACUAVALLE S.A ESP;SIN RIESGO;SIN RIESGO;41;PLANTA ACUAVALLE S.A ESP;RIO CERRITO RIO AMAIME;0.9;FAVORABLE;2026-01-30;COD_DANE_UNICO;CRUCE_OK;GEORREFERENCIADA;;359;INSTITUCION EDUCATIVA SAGRADO CORAZÓN;MARIA MONTESSORI;ACTIVA;OFICIAL;COMPLETA;PREESCOLAR;CLL 6 #11-11;-76.3121651802;3.68305149069;-76.3121651802;3.68305149069;;;SEDESUESVALLE;COORDENADA_ORIGINAL_SEDESUESVALLE;1;70;;;;;;COINCIDENCIA_NOMBRE_FUERTE_CON_POSIBLE_EMPATE;0.93;RUTINARIO;Sin riesgo y bajo;SIN_BRECHAS;NO;ALTA;15.77;BAJA;Mantener seguimiento rutinario.;0.0;BAJA
602;176248000024;EL CERRITO;I.E. JORGE ISAACS SEDE JORGE ISAACS;URBANO;CARRERA 7 # 8  - 29;JORGE ISAACS;2565361 - 2565356;717;717;717;0;ESCUELAS_IRCAS;DATO_PRINCIPAL_ESCUELAS_IRCAS;NO;SI;ACUAVALLE S.A ESP;SIN RIESGO;SIN RIESGO;41;PLANTA ACUAVALLE S.A ESP;RIO CERRITO RIO AMAIME;0.9;FAVORABLE;2026-01-30;COD_DANE_DUPLICADO+NOMBRE_EXACTO;CRUCE_OK_CONTROLADO;GEORREFERENCIADA;;361;INSTITUCION EDUCATIVA JORGE  ISAACS;JORGE ISAACS;ACTIVA;OFICIAL;UNICA;EDUCACIÓN MEDIA;CRA 7 #8-29 BRR/EL ROSARIO;-76.274067;3.61544;-76.274067;3.61544;;;SEDESUESVALLE;COORDENADA_ORIGINAL_SEDESUESVALLE;1;717;;;;;;COINCIDENCIA_NOMBRE_FUERTE_CON_POSIBLE_EMPATE;0.93;RUTINARIO;Sin riesgo y bajo;SIN_BRECHAS;NO;ALTA;22.05;BAJA;Mantener seguimiento rutinario.;0.0;BAJA
603;176248000431;EL CERRITO;I.E. JORGE ISAACS SEDE SANTA BARBARA;URBANO;CALLE 9 # 21  - 02;SANTA BARBARA;2570835 - 3148803502;108;108;108;0;ESCUELAS_IRCAS;DATO_PRINCIPAL_ESCUELAS_IRCAS;NO;SI;ACUAVALLE S.A ESP;SIN RIESGO;SIN RIESGO;41;PLANTA ACUAVALLE S.A ESP;RIO CERRITO RIO AMAIME;0.9;FAVORABLE;2026-01-30;COD_DANE_UNICO;CRUCE_OK;GEORREFERENCIADA;;362;INSTITUCION EDUCATIVA JORGE  ISAACS;SANTA BARBARA;ACTIVA;OFICIAL;UNICA;EDUCACIÓN BÁSICA SECUNDARIA;CLL 9 CRA 21 Y 22;-76.3212302036;3.68655294803;-76.3212302036;3.68655294803;;;SEDESUESVALLE;COORDENADA_ORIGINAL_SEDESUESVALLE;1;108;;;;;;COINCIDENCIA_NOMBRE_FUERTE_CON_POSIBLE_EMPATE;0.93;RUTINARIO;Sin riesgo y bajo;SIN_BRECHAS;NO;ALTA;16.93;BAJA;Mantener seguimiento rutinario.;0.0;BAJA
604;176248000458;EL CERRITO;I.E. JORGE ISAACS SEDE JOSE IGNACIO RENGIFO;URBANO;CARRERA 13 # 9  - 70;JOSE IGNACIO RENGIFO;2570835 - 3148803502;312;312;312;0;ESCUELAS_IRCAS;DATO_PRINCIPAL_ESCUELAS_IRCAS;NO;SI;ACUAVALLE S.A ESP;SIN RIESGO;SIN RIESGO;41;PLANTA ACUAVALLE S.A ESP;RIO CERRITO RIO AMAIME;0.9;FAVORABLE;2026-01-30;COD_DANE_UNICO;CRUCE_OK;GEORREFERENCIADA;;363;INSTITUCION EDUCATIVA JORGE  ISAACS;JOSE IGNACIO RENGIFO;ACTIVA;OFICIAL;UNICA;EDUCACIÓN MEDIA;CRA 17 CL 9 Y 10;-76.317688164;3.68693204239;-76.317688164;3.68693204239;;;SEDESUESVALLE;COORDENADA_ORIGINAL_SEDESUESVALLE;1;312;;;;;;COINCIDENCIA_NOMBRE_FUERTE_CON_POSIBLE_EMPATE;0.93;RUTINARIO;Sin riesgo y bajo;SIN_BRECHAS;NO;ALTA;19.8;BAJA;Mantener seguimiento rutinario.;0.0;BAJA
605;476248000613;EL CERRITO;I.E. JORGE ISAACS SEDE CINCUENTENARIO;URBANO;CARRERA 10A # 4  - 21;CINCUENTENARIO;2570835 - 3148803502;73;73;73;0;ESCUELAS_IRCAS;DATO_PRINCIPAL_ESCUELAS_IRCAS;NO;SI;ACUAVALLE S.A ESP;SIN RIESGO;SIN RIESGO;41;PLANTA ACUAVALLE S.A ESP;RIO CERRITO RIO AMAIME;0.9;FAVORABLE;2026-01-30;COD_DANE_UNICO;CRUCE_OK;GEORREFERENCIADA;;364;INSTITUCION EDUCATIVA JORGE  ISAACS;CINCUENTENARIO;ACTIVA;ORGANIZACIÓN CON FINES DE LUCRO;UNICA;EDUCACIÓN BÁSICA SECUNDARIA;CRA 10 # 4-21 BRR/ CINCUENTENARI;-76.3111943419;3.68208489336;-76.3111943419;3.68208489336;;;SEDESUESVALLE;COORDENADA_ORIGINAL_SEDESUESVALLE;1;73;;;;;;COINCIDENCIA_NOMBRE_FUERTE_CON_POSIBLE_EMPATE;0.93;RUTINARIO;Sin riesgo y bajo;SIN_BRECHAS;NO;ALTA;15.88;BAJA;Mantener seguimiento rutinario.;0.0;BAJA
606;176248000288;EL CERRITO;I.E. JORGE ISAACS SEDE PEDRO VICENTE MONTAÑO;URBANO;CALLE 8 CARRERA 5 ESQUINA;PEDRO VICENTE MONTAÑO;2570835 - 3148803502;140;140;140;0;ESCUELAS_IRCAS;DATO_PRINCIPAL_ESCUELAS_IRCAS;NO;SI;ACUAVALLE S.A ESP;SIN RIESGO;SIN RIESGO;41;PLANTA ACUAVALLE S.A ESP;RIO CERRITO RIO AMAIME;0.9;FAVORABLE;2026-01-30;COD_DANE_UNICO;CRUCE_OK;GEORREFERENCIADA;;367;INSTITUCION EDUCATIVA JORGE  ISAACS;PEDRO VICENTE MONTAÑO;ACTIVA;OFICIAL;UNICA;EDUCACIÓN MEDIA;CLL 8 KR 1 Y 5;-76.3063500132;3.68502093371;-76.3063500132;3.68502093371;;;SEDESUESVALLE;COORDENADA_ORIGINAL_SEDESUESVALLE;1;140;;;;;;COINCIDENCIA_NOMBRE_FUERTE_CON_POSIBLE_EMPATE;0.93;RUTINARIO;Sin riesgo y bajo;SIN_BRECHAS;NO;ALTA;17.63;BAJA;Mantener seguimiento rutinario.;0.0;BAJA
607;176248000466;EL CERRITO;I.E. SAGRADO CORAZON SEDE EDUARDO CABAL MOLINA;URBANO;CARRERA 11B # 10  - 17;EDUARDO CABAL MOLINA;3106419604;35;35;35;0;ESCUELAS_IRCAS;DATO_PRINCIPAL_ESCUELAS_IRCAS;NO;SI;ACUAVALLE S.A ESP;SIN RIESGO;SIN RIESGO;41;PLANTA ACUAVALLE S.A ESP;RIO CERRITO RIO AMAIME;0.9;FAVORABLE;2026-01-30;COD_DANE_UNICO;CRUCE_OK;GEORREFERENCIADA;;368;INSTITUCION EDUCATIVA SAGRADO CORAZÓN;EDUARDO CABAL MOLINA;ACTIVA;OFICIAL;COMPLETA;EDUCACIÓN MEDIA;KR 11B 10 17;-76.3134103441;3.68295703803;-76.3134103441;3.68295703803;;;SEDESUESVALLE;COORDENADA_ORIGINAL_SEDESUESVALLE;1;35;;;;;;COINCIDENCIA_NOMBRE_FUERTE_CON_POSIBLE_EMPATE;0.93;RUTINARIO;Sin riesgo y bajo;SIN_BRECHAS;NO;ALTA;13.93;BAJA;Mantener seguimiento rutinario.;0.0;BAJA
608;176248000245;EL CERRITO;I.E. JORGE ISAACS SEDE JOSE CELESTINO MUTIS;URBANO;CALLE 3 # 3  - 75;JOSE CELESTINO MUTIS;2570835 - 3148803502;267;267;267;0;ESCUELAS_IRCAS;DATO_PRINCIPAL_ESCUELAS_IRCAS;NO;SI;ACUAVALLE S.A ESP;SIN RIESGO;SIN RIESGO;41;PLANTA ACUAVALLE S.A ESP;RIO CERRITO RIO AMAIME;0.9;FAVORABLE;2026-01-30;COD_DANE_UNICO;CRUCE_OK;GEORREFERENCIADA;;369;INSTITUCION EDUCATIVA JORGE  ISAACS;JOSE CELESTINO MUTIS;ACTIVA;OFICIAL;UNICA;EDUCACIÓN BÁSICA PRIMARIA;CLL 3 #5-75;-76.3074240124;3.68046333639;-76.3074240124;3.68046333639;;;SEDESUESVALLE;COORDENADA_ORIGINAL_SEDESUESVALLE;1;267;;;;;;COINCIDENCIA_NOMBRE_FUERTE_CON_POSIBLE_EMPATE;0.93;RUTINARIO;Sin riesgo y bajo;SIN_BRECHAS;NO;ALTA;19.38;BAJA;Mantener seguimiento rutinario.;0.0;BAJA
609;276248000363;EL CERRITO;I.E. JORGE ISAACS SEDE PRINCIPAL;URBANO;CARRERA 7 # 8  - 29;PRINCIPAL;3182854028;409;409;0;0;ESCUELAS_IRCAS;DATO_PRINCIPAL_ESCUELAS_IRCAS;NO;SI;ACUAVALLE S.A ESP;SIN RIESGO;SIN RIESGO;41;PLANTA ACUAVALLE S.A ESP;RIO CERRITO RIO AMAIME;0.9;FAVORABLE;2026-01-30;MUNICIPIO+NOMBRE_EXACTO;CRUCE_RECUPERADO;SIN_COORDENADAS;;380;;;;;;;;;;;;;;SIN_COORDENADA;SIN_COORDENADA;0;0;;;;;;COINCIDENCIA_NOMBRE_FUERTE_CON_POSIBLE_EMPATE;0.93;RUTINARIO;Sin riesgo y bajo;SIN_COORDENADA;SI;MEDIA;22.53;BAJA;Priorizar georreferenciación de la sede educativa.;0.0;BAJA
610;276616000387;RIOFRIO;ESCUELA RURAL MIXTA MARCO FIDEL SUAREZ N. 32;RURAL;CARRERA 5 # 15  - 53  VEREDA SANTA RITA;;3218129563;6;6;0;0;ESCUELAS_IRCAS;DATO_PRINCIPAL_ESCUELAS_IRCAS;NO;SI;ACUVALLE S.A E.S.P;SIN RIESGO;SIN RIESGO;;PLANTA CONVENCIONAL;RIO CUANCUA;22.0;FAVORABLE CON REQUERIMIENTOS;2025-04-02;SIN_COINCIDENCIA;PENDIENTE;SIN_COORDENADAS;;;;;;;;;;;;;;;;SIN_COORDENADA;SIN_COORDENADA;0;0;;;;;;SIN_COINCIDENCIA_FUERTE;0.571;RUTINARIO;Sin riesgo y bajo;"SIN_COORDENADA; CRUCE_PENDIENTE";SI;MEDIA;15.08;BAJA;Priorizar georreferenciación de la sede educativa.;0.0;BAJA
611;176616000013;RIOFRIO;COLEGIO PRIMITIVO CRESPO;URBANO;CALLE 5  SALIDA A TULUA;;3163565672;317;317;0;439;ESCUELAS_IRCAS;DATO_PRINCIPAL_ESCUELAS_IRCAS;NO;SI;ACUVALLE S.A E.S.P;SIN RIESGO;SIN RIESGO;211;PLANTA CONVENCIONAL;RIO CUANCUA;22.0;FAVORABLE CON REQUERIMIENTOS;2025-02-12;SIN_COINCIDENCIA;PENDIENTE;GEORREFERENCIADA;;;;;;;;;;-76.29;4.15;;;-76.29;4.15;MEN_SEDES;COMPLEMENTADA_CON_MEN;0;0;2.019;IE PRIMITIVO CRESPO;PRIMITIVO CRESPO;URBANA;CLL 5 SALIDA A TULUA;COINCIDENCIA_NOMBRE_FUERTE;0.93;RUTINARIO;Sin riesgo y bajo;CRUCE_PENDIENTE;SI;MEDIA;25.44;BAJA;Mantener seguimiento rutinario.;0.0;BAJA
612;;RIOFRIO;I.E. PRIMITIVO CRESPO SEDE SAGRADO CORAZON DE JESUS;URBANO;CARRERA 11 # 6  - 10  CENTRO;;;110;110;136;0;ESCUELAS_IRCAS;DATO_PRINCIPAL_ESCUELAS_IRCAS;NO;SI;ACUVALLE S.A E.S.P;SIN RIESGO;SIN RIESGO;211;PLANTA CONVENCIONAL;RIO CUANCUA;20.0;FAVORABLE CON REQUERIMIENTOS;2025-01-23;MUNICIPIO+NOMBRE_EXACTO;CRUCE_RECUPERADO;GEORREFERENCIADA;;655;INSTITUCION EDUCATIVA PRIMITIVO CRESPO;SAGRADO CORAZON DE JESUS;ACTIVA;OFICIAL;UNICA;EDUCACIÓN MEDIA;C R 11 # 6-10;-76.2886374;4.15693971;-76.2886374;4.15693971;;;SEDESUESVALLE;COORDENADA_ORIGINAL_SEDESUESVALLE;1;136;;;;;;COINCIDENCIA_NOMBRE_FUERTE_CON_POSIBLE_EMPATE;0.93;RUTINARIO;Sin riesgo y bajo;SIN_BRECHAS;NO;ALTA;20.58;BAJA;Mantener seguimiento rutinario.;0.0;BAJA
613;176616000170;RIOFRIO;CENTRO EDUCATIVO CENT DOC N. 1 PEDRO MARIA MARMOLEJO;URBANO;CARRERA 9 # 6  - 11;;3162568306;248;248;261;412;ESCUELAS_IRCAS;DATO_PRINCIPAL_ESCUELAS_IRCAS;NO;SI;ACUVALLE S.A E.S.P;SIN RIESGO;SIN RIESGO;212;PLANTA CONVENCIONAL;RIO CUANCUA;20.0;FAVORABLE CON REQUERIMIENTOS;2025-01-23;COD_DANE_UNICO;CRUCE_OK;GEORREFERENCIADA;;656;INSTITUCION EDUCATIVA PRIMITIVO CRESPO;PEDRO MARIA MARMOLEJO;ACTIVA;OFICIAL;UNICA;EDUCACIÓN MEDIA;CR 9 # 6-12;-76.2864364675;4.15608250272;-76.2864364675;4.15608250272;-76.29;4.16;SEDESUESVALLE;COORDENADA_ORIGINAL_SEDESUESVALLE;1;261;2.019;IE PRIMITIVO CRESPO;PEDRO MARIA MARMOLEJO;URBANA;CR 9 NO 6-11;COINCIDENCIA_NOMBRE_FUERTE;0.93;RUTINARIO;Sin riesgo y bajo;SIN_BRECHAS;NO;ALTA;22.78;BAJA;Mantener seguimiento rutinario.;0.0;BAJA
614;276616000069;RIOFRIO;CENTRO EDUCATIVO CENT DOC SAN ISIDRO N. 29;RURAL;VDA EL JAGUAL;;3163565672;13;13;7;17;ESCUELAS_IRCAS;DATO_PRINCIPAL_ESCUELAS_IRCAS;NO;SI;ACUVALLE S.A E.S.P;SIN RIESGO;SIN RIESGO;211;PLANTA CONVENCIONAL;RIO CUANCUA;22.0;FAVORABLE CON REQUERIMIENTOS;2025-01-29;COD_DANE_UNICO;CRUCE_OK;GEORREFERENCIADA;;658;INSTITUCION EDUCATIVA PRIMITIVO CRESPO;SAN ISIDRO;ACTIVA;OFICIAL;UNICA;EDUCACIÓN BÁSICA PRIMARIA;VDA EL JAGUAL;-76.28001471;4.145024198;-76.28001471;4.145024198;-76.28;4.15;SEDESUESVALLE;COORDENADA_ORIGINAL_SEDESUESVALLE;1;7;2.019;IE PRIMITIVO CRESPO;SAN ISIDRO;RURAL;VDA EL JAGUAL;COINCIDENCIA_NOMBRE_FUERTE;0.93;RUTINARIO;Sin riesgo y bajo;SIN_BRECHAS;NO;ALTA;14.96;BAJA;Mantener seguimiento rutinario con control territorial rural.;0.0;BAJA
615;276828000310;TRUJILLO;ESCUELA JOSE MARCOS VARGAS N. 33;RURAL;VDA CEDRALES;;2267363;7;7;0;12;ESCUELAS_IRCAS;DATO_PRINCIPAL_ESCUELAS_IRCAS;NO;SI;ASOCIACION DE USUARIOS DEL ACUEDUCTO RURAL COLECTIVO VEREDA CEDRALES ARCC;SIN RIESGO;SIN RIESGO;3550;ACUEDUCTO RURAL;RIO CULEBRAS;25.5;FAVORABLE CON REQUERIMIENTOS;2025-06-06;SIN_COINCIDENCIA;PENDIENTE;GEORREFERENCIADA;;;;;;;;;;-76.32;4.24;;;-76.32;4.24;MEN_SEDES;COMPLEMENTADA_CON_MEN;0;0;2.019;IE MANUEL MARIA MALLARINO;JOSÉ MARCOS VARGAS;RURAL;VDA CEDRALES;COINCIDENCIA_NOMBRE_FUERTE;0.93;RUTINARIO;Sin riesgo y bajo;CRUCE_PENDIENTE;SI;MEDIA;15.44;BAJA;Mantener seguimiento rutinario con control territorial rural.;0.0;BAJA
616;176828000056;TRUJILLO;ESCUELA MERCEDES ABREGO N. 6;URBANO;CALLE 19  CON 21 ESQUINA;;3113099255;78;78;94;0;ESCUELAS_IRCAS;DATO_PRINCIPAL_ESCUELAS_IRCAS;NO;SI;ACUVALLE S.A E.S.P;SIN RIESGO;SIN RIESGO;220;ACUEDUCTO URBANO;RIO CULEBRAS;22.5;FAVORABLE CON REQUERIMIENTOS;2025-02-05;COD_DANE_UNICO;CRUCE_OK;GEORREFERENCIADA;;828;INSTITUCION EDUCATIVA  JULIAN TRUJILLO;MERCEDES ABREGO;ACTIVA;OFICIAL;COMPLETA;EDUCACIÓN MEDIA;KR 21 CL 19 ESQ;-76.32026827;4.212394811;-76.32026827;4.212394811;;;SEDESUESVALLE;COORDENADA_ORIGINAL_SEDESUESVALLE;1;94;;;;;;COINCIDENCIA_NOMBRE_FUERTE_CON_POSIBLE_EMPATE;0.93;RUTINARIO;Sin riesgo y bajo;SIN_BRECHAS;NO;ALTA;19.66;BAJA;Mantener seguimiento rutinario.;0.0;BAJA
617;176828000048;TRUJILLO;CENTRO EDUCATIVO CENT DOC FRANCISCO JULIAN OLAYA N. 1;URBANO;CARRERA 19  CL 17 ESQ;;3113099255;229;0;229;216;SEDESUESVALLE;COMPLEMENTADA_CON_SEDESUESVALLE;NO;SI;ACUVALLE S.A E.S.P;SIN RIESGO;SIN RIESGO;220;ACUEDUCTO URBANO;RIO CULEBRAS;0.0;FAVORABLE CON REQUERIMIENTOS;2025-02-05;COD_DANE_DUPLICADO_COORDENADA_COMUN;VALIDAR_DUPLICADO;GEORREFERENCIADA;"Código DANE duplicado en SedesUESVALLE; se asignó coordenada común.";830;INSTITUCION EDUCATIVA  JULIAN TRUJILLO;FRANCISCO JULIAN OLAYA;ACTIVA;OFICIAL;COMPLETA;EDUCACIÓN MEDIA;CR 19 # 17 ESQ;-76.31999941;4.209592688;-76.31999941;4.209592688;-76.32;4.21;SEDESUESVALLE;COORDENADA_ORIGINAL_SEDESUESVALLE;1;229;2.019;IE JULIAN TRUJILLO;FRANCISCO JULIAN OLAYA;URBANA;CR. 19 # 17 ESQ;COINCIDENCIA_NOMBRE_FUERTE;0.93;RUTINARIO;Sin riesgo y bajo;CRUCE_PENDIENTE;SI;MEDIA;24.56;BAJA;Mantener seguimiento rutinario.;0.0;BAJA
618;176828000064;TRUJILLO;CENTRO EDUCATIVO CENT DOC SAGRADO CORAZON DE JESUS N. 3;URBANO;CARRERA 18 # 15  - 27;;3184152574;457;0;0;457;MEN_SEDES_2019;COMPLEMENTADA_CON_MEN_REFERENCIA_HISTORICA;SI;SI;ACUVALLE S.A E.S.P;SIN RIESGO;SIN RIESGO;220;ACUEDUCTO URBANO;RIO CULEBRAS;0.0;FAVORABLE CON REQUERIMIENTOS;2025-04-08;SIN_COINCIDENCIA;PENDIENTE;GEORREFERENCIADA;;;;;;;;;;-76.32;4.21;;;-76.32;4.21;MEN_SEDES;COMPLEMENTADA_CON_MEN;0;0;2.019;IE SAGRADO CORAZON DE JESUS;SAGRADO CORAZON DE JESUS;URBANA;CR 19 NO. 16-16;COINCIDENCIA_NOMBRE_FUERTE;0.93;RUTINARIO;Sin riesgo y bajo;CRUCE_PENDIENTE;SI;MEDIA;26.43;BAJA;Mantener seguimiento rutinario.;0.0;BAJA
619;176828000021;TRUJILLO;COLEGIO JULIAN TRUJILLO;URBANO;CARRERA 18 # 15  - 40;;3238023916;291;291;386;414;ESCUELAS_IRCAS;DATO_PRINCIPAL_ESCUELAS_IRCAS;NO;SI;ACUVALLE S.A E.S.P;SIN RIESGO;SIN RIESGO;220;ACUEDUCTO URBANO;RIO CULEBRAS;26.0;FAVORABLE CON REQUERIMIENTOS;2025-02-17;COD_DANE_DUPLICADO_COORDENADA_COMUN;VALIDAR_DUPLICADO;GEORREFERENCIADA;"Código DANE duplicado en SedesUESVALLE; se asignó coordenada común.";837;INSTITUCION EDUCATIVA  JULIAN TRUJILLO;JULIAN TRUJILLO;ACTIVA;OFICIAL;COMPLETA;EDUCACIÓN MEDIA;CR 18 # 15-40;-76.3195949314;4.20840638531;-76.3195949314;4.20840638531;-76.32;4.21;SEDESUESVALLE;COORDENADA_ORIGINAL_SEDESUESVALLE;1;386;2.019;IE JULIAN TRUJILLO;JULIAN TRUJILLO;URBANA;CR 18 NO 15-40;COINCIDENCIA_NOMBRE_FUERTE;0.93;RUTINARIO;Sin riesgo y bajo;CRUCE_PENDIENTE;SI;MEDIA;25.21;BAJA;Mantener seguimiento rutinario.;0.0;BAJA
620;176828000064;TRUJILLO;I. E.  INTEGRADA DE TRUJILLO - SEDE JULIAN TRUJILLO;URBANO;CARRERA 18 # 15  - 27;;3163810484;518;518;0;414;ESCUELAS_IRCAS;DATO_PRINCIPAL_ESCUELAS_IRCAS;NO;SI;ACUVALLE S.A E.S.P;SIN RIESGO;SIN RIESGO;220;ACUEDUCTO URBANO;RIO CULEBRAS;26.0;FAVORABLE CON REQUERIMIENTOS;2025-09-22;SIN_COINCIDENCIA;PENDIENTE;GEORREFERENCIADA;;;;;;;;;;-76.32;4.21;;;-76.32;4.21;MEN_SEDES;COMPLEMENTADA_CON_MEN;0;0;2.019;IE JULIAN TRUJILLO;JULIAN TRUJILLO;URBANA;CR 18 NO 15-40;COINCIDENCIA_NOMBRE_FUERTE;0.93;RUTINARIO;Sin riesgo y bajo;CRUCE_PENDIENTE;SI;MEDIA;26.77;BAJA;Mantener seguimiento rutinario.;0.0;BAJA
621;176828000081;TRUJILLO;ESCUELA ELIAS ENRIQUE QUIJANA N. 4;URBANO;CARRERA 19 # 25  - 00;;6022267215;243;243;0;0;ESCUELAS_IRCAS;DATO_PRINCIPAL_ESCUELAS_IRCAS;NO;SI;ACUVALLE S.A E.S.P;SIN RIESGO;SIN RIESGO;220;ACUEDUCTO URBANO;RIO CULEBRAS;24.5;FAVORABLE CON REQUERIMIENTOS;2025-03-26;SIN_COINCIDENCIA;PENDIENTE;SIN_COORDENADAS;;;;;;;;;;;;;;;;SIN_COORDENADA;SIN_COORDENADA;0;0;;;;;;SIN_COINCIDENCIA_FUERTE;0.56;RUTINARIO;Sin riesgo y bajo;"SIN_COORDENADA; CRUCE_PENDIENTE";SI;MEDIA;24.72;BAJA;Priorizar georreferenciación de la sede educativa.;0.0;BAJA
622;;EL DOVIO;I.E JOSE MARIA FALLA SEDE PRINCIPAL;URBANO;CALLE 15 # 12  - 79;PRINCIPAL;3225686734;449;449;0;687;ESCUELAS_IRCAS;DATO_PRINCIPAL_ESCUELAS_IRCAS;NO;SI;ACUAVALLE S.A ESP;SIN RIESGO;SIN RIESGO;51;PLANTA ACUAVALLE S.A ESP;RIO DOVIO;28/30;FAVORABLE;2026-02-11;MUNICIPIO+NOMBRE_EXACTO;CRUCE_RECUPERADO;GEORREFERENCIADA;;388;;;;;;;;-76.24;4.51;;;-76.24;4.51;MEN_SEDES;COMPLEMENTADA_CON_MEN;0;0;2.019;IE JOSE MARIA FALLA;JOSE MARIA FALLA;URBANA;CL 15 12 79;COINCIDENCIA_NOMBRE_FUERTE;0.93;RUTINARIO;Sin riesgo y bajo;SIN_BRECHAS;NO;ALTA;20.78;BAJA;Mantener seguimiento rutinario.;0.0;BAJA
623;176250000015;EL DOVIO;I.E JOSE MARIA FALLA SEDE MARIA INMACULADA;URBANO;CARRERA 10 # 12  - 26;MARIA INMACULADA;3200097468;87;87;87;0;ESCUELAS_IRCAS;DATO_PRINCIPAL_ESCUELAS_IRCAS;NO;SI;ACUAVALLE S.A ESP;SIN RIESGO;SIN RIESGO;51;PLANTA ACUAVALLE S.A ESP;RIO DOVIO;24/30;FAVORABLE CON REQUERIMIENTOS;2026-03-18;COD_DANE_UNICO;CRUCE_OK;GEORREFERENCIADA;;389;INSTITUCION EDUCATIVA JOSE MARIA FALLA;MARIA INMACULADA;ACTIVA;OFICIAL;UNICA;EDUCACIÓN BÁSICA PRIMARIA;CRA 10 # 12-26;-76.23658949;4.506938358;-76.23658949;4.506938358;;;SEDESUESVALLE;COORDENADA_ORIGINAL_SEDESUESVALLE;1;87;;;;;;COINCIDENCIA_NOMBRE_FUERTE_CON_POSIBLE_EMPATE;0.93;RUTINARIO;Sin riesgo y bajo;SIN_BRECHAS;NO;ALTA;19.95;BAJA;Mantener seguimiento rutinario.;0.0;BAJA
624;176250000295;EL DOVIO;IE JOSE MARIA FALLA SEDE JOSE JOAQUIN JARAMILLO;URBANO;CALLE 5 # 4  - 32;JOSE JOAQUIN JARAMILLO;3117481931;167;167;167;0;ESCUELAS_IRCAS;DATO_PRINCIPAL_ESCUELAS_IRCAS;NO;SI;ACUAVALLE S.A ESP;SIN RIESGO;SIN RIESGO;51;PLANTA ACUAVALLE S.A ESP;RIO DOVIO;27/30;FAVORABLE CON REQUERIMIENTOS;2026-03-20;COD_DANE_UNICO;CRUCE_OK;GEORREFERENCIADA;;390;INSTITUCION EDUCATIVA JOSE MARIA FALLA;JOSE JOAQUIN JARAMILLO;ACTIVA;OFICIAL;UNICA;EDUCACIÓN BÁSICA PRIMARIA;CLL 5 # 4-32 AV PLAZA DE FERIAS BR;-76.23606588;4.513553914;-76.23606588;4.513553914;;;SEDESUESVALLE;COORDENADA_ORIGINAL_SEDESUESVALLE;1;167;;;;;;COINCIDENCIA_NOMBRE_FUERTE_CON_POSIBLE_EMPATE;0.98;RUTINARIO;Sin riesgo y bajo;SIN_BRECHAS;NO;ALTA;21.71;BAJA;Mantener seguimiento rutinario.;0.0;BAJA
625;176250000414;EL DOVIO;I.E JOSE MARIA FALLA SEDE SANTISIMO SACRAMENTO;URBANO;CALLE 11 # 9  - 60;SANTISIMO SACRAMENTO;3217085850;215;215;215;0;ESCUELAS_IRCAS;DATO_PRINCIPAL_ESCUELAS_IRCAS;NO;SI;ACUAVALLE S.A ESP;SIN RIESGO;SIN RIESGO;51;PLANTA ACUAVALLE S.A ESP;RIO DOVIO;26.5/30;FAVORABLE CON REQUERIMIENTOS;2026-02-12;COD_DANE_UNICO;CRUCE_OK;GEORREFERENCIADA;;399;INSTITUCION EDUCATIVA JOSE MARIA FALLA;SANTISIMO SACRAMENTO;ACTIVA;OFICIAL;UNICA;EDUCACIÓN BÁSICA PRIMARIA;CLL 11 # 9-60;-76.2366569239;4.50757551687;-76.2366569239;4.50757551687;;;SEDESUESVALLE;COORDENADA_ORIGINAL_SEDESUESVALLE;1;215;;;;;;COINCIDENCIA_NOMBRE_FUERTE_CON_POSIBLE_EMPATE;0.93;RUTINARIO;Sin riesgo y bajo;SIN_BRECHAS;NO;ALTA;22.39;BAJA;Mantener seguimiento rutinario.;0.0;BAJA
626;176250000261;EL DOVIO;I.E JOSE MARIA FALLA SEDE JOSE MARIA FALLA;URBANO;CALLE 15 # 12  - 79  BARRIO PROVIVIENDA;JOSE MARIA FALLA;3225686734;472;472;472;687;ESCUELAS_IRCAS;DATO_PRINCIPAL_ESCUELAS_IRCAS;NO;SI;ACUAVALLE S.A ESP;SIN RIESGO;SIN RIESGO;51;PLANTA ACUAVALLE S.A ESP;RIO DOVIO;26/30;FAVORABLE CON REQUERIMIENTOS;2025-11-21;COD_DANE_UNICO;CRUCE_OK;GEORREFERENCIADA;;400;INSTITUCION EDUCATIVA JOSE MARIA FALLA;JOSE MARIA FALLA;ACTIVA;OFICIAL;UNICA;EDUCACIÓN MEDIA;CLL 15 # 12-79 AV LAUREANO GOMEZ;-76.2351169899;4.50539922837;-76.2351169899;4.50539922837;-76.24;4.51;SEDESUESVALLE;COORDENADA_ORIGINAL_SEDESUESVALLE;1;472;2.019;IE JOSE MARIA FALLA;JOSE MARIA FALLA;URBANA;CL 15 12 79;COINCIDENCIA_NOMBRE_FUERTE;0.93;RUTINARIO;Sin riesgo y bajo;SIN_BRECHAS;NO;ALTA;24.52;BAJA;Mantener seguimiento rutinario.;0.0;BAJA
627;276275000065;FLORIDA;I.E. LAS AMERICAS SEDE JOSE CELESTINO MUTIS;RURAL;VEREDA EL PEDREGAL;JOSE CELESTINO MUTIS;6022642106;43;43;36;0;ESCUELAS_IRCAS;DATO_PRINCIPAL_ESCUELAS_IRCAS;NO;SI;PEDREGAL 1 ETAPA;INVIABLE SANITARIAMENTE;INVIABLE SANITARIAMENTE;115;ACUEDUCTO RURAL;RÍO FRAYLE;15/30;DESFAVORABLE;2025-12-09;COD_DANE_UNICO;CRUCE_OK;GEORREFERENCIADA;;432;INSTITUCION EDUCATIVA LAS AMERICAS;JOSE CELESTINO MUITS;ACTIVA;OFICIAL;COMPLETA;EDUCACIÓN BÁSICA PRIMARIA;CORREG EL PEDREGAL;-76.215348;3.312977;-76.215348;3.312977;;;SEDESUESVALLE;COORDENADA_ORIGINAL_SEDESUESVALLE;1;36;;;;;;POSIBLE_COINCIDENCIA_REVISAR;0.886;PRIORITARIO;Alto e inviable;SIN_BRECHAS;NO;ALTA;77.27;MUY ALTA;Priorizar revisión técnica, validación en campo y articulación con sector educativo.;7.89;ALTA
628;176275001393;FLORIDA;I.E. ABSALON TORRES CAMACHO SEDE SAGRADO CORAZON DE JESUS;URBANO;CARRERA 21 # 9  - 81;SAGRADO CORAZON DE JESUS;6022641388;250;250;202;0;ESCUELAS_IRCAS;DATO_PRINCIPAL_ESCUELAS_IRCAS;NO;SI;ACUAVALLE S.A ESP;SIN RIESGO;SIN RIESGO;3193;PLANTA ACUAVALLE S.A ESP;RÍO FRAYLE;22,5/30;FAVORABLE;2026-02-26;COD_DANE_UNICO;CRUCE_OK;GEORREFERENCIADA;;419;INSTITUCION EDUCATIVA ABSALON TORRES CAMACHO;ABSALON TORRES CAMACHO;ACTIVA;OFICIAL;UNICA;EDUCACIÓN MEDIA;CLL 8 # 23-51 BRR/ESPERANZA;-76.2407163145;3.32527079497;-76.2407163145;3.32527079497;;;SEDESUESVALLE;COORDENADA_ORIGINAL_SEDESUESVALLE;1;202;;;;;;COINCIDENCIA_NOMBRE_FUERTE_CON_POSIBLE_EMPATE;0.935;RUTINARIO;Sin riesgo y bajo;SIN_BRECHAS;NO;ALTA;19.2;BAJA;Mantener seguimiento rutinario.;0.0;BAJA
629;176275000010;FLORIDA;I.E. LAS AMERICAS SEDE INSTITUTO LAS AMERICAS;URBANO;CARRERA 19 # 9  - 66;INSTITUTO LAS AMERICAS;6022642106;263;263;35;1253;ESCUELAS_IRCAS;DATO_PRINCIPAL_ESCUELAS_IRCAS;NO;SI;ACUAVALLE S.A ESP;SIN RIESGO;SIN RIESGO;3193;PLANTA ACUAVALLE S.A ESP;RÍO FRAYLE;17,5/30;FAVORABLE;2026-02-26;MUNICIPIO+NOMBRE_EXACTO;CRUCE_RECUPERADO;GEORREFERENCIADA;;414;INSTITUCION EDUCATIVA JOSE MARIA CORDOBA;SATELITE LAS AMERICAS;ACTIVA;OFICIAL;UNICA;EDUCACIÓN MEDIA;IP SAN FCO;-76.2236045;3.283975566;-76.2236045;3.283975566;-76.24;3.33;SEDESUESVALLE;COORDENADA_ORIGINAL_SEDESUESVALLE;1;35;2.019;IE LAS AMERICAS;INSTITUTO LAS AMERICAS;URBANA;CR 19 NO 9-66;COINCIDENCIA_NOMBRE_FUERTE;0.93;RUTINARIO;Sin riesgo y bajo;SIN_BRECHAS;NO;ALTA;19.34;BAJA;Mantener seguimiento rutinario.;0.0;BAJA
630;176275001130;FLORIDA;I.E. LAS AMERICAS SEDE NORMA ZULUAGA JARAMILLO;URBANO;VIA CHOCOCITO FRENTE A PUBENZA;NORMA ZULUAGA JARAMILLO;6022642106;85;85;69;164;ESCUELAS_IRCAS;DATO_PRINCIPAL_ESCUELAS_IRCAS;NO;SI;ACUAVALLE S.A ESP;SIN RIESGO;SIN RIESGO;3193;PLANTA ACUAVALLE S.A ESP;RÍO FRAYLE;24,5/30;FAVORABLE;2026-02-26;COD_DANE_UNICO;CRUCE_OK;GEORREFERENCIADA;;415;INSTITUCION EDUCATIVA LAS AMERICAS;NORMAN ZULUAGA JARAMILLO;ACTIVA;OFICIAL;COMPLETA;EDUCACIÓN MEDIA;BARRIO PUBENZA;-76.23731664;3.315967422;-76.23731664;3.315967422;-76.24;3.32;SEDESUESVALLE;COORDENADA_ORIGINAL_SEDESUESVALLE;1;69;2.019;IE LAS AMERICAS;NORMAN ZULUAGA JARAMILLO;URBANA;VIA MIRANDA FRENTE A BALSILLA;COINCIDENCIA_NOMBRE_FUERTE;0.907;RUTINARIO;Sin riesgo y bajo;SIN_BRECHAS;NO;ALTA;16.29;BAJA;Mantener seguimiento rutinario.;0.0;BAJA
631;;FLORIDA;CDI  SEMILLITAS DE AMOR Y CONVIVENCIA;URBANO;CARRERA 17 # 4  - 31;SEMILLITAS DE AMOR Y CONVIVENCIA;3217159339;0;0;0;0;SIN_FUENTE;SIN_DATO_MATRICULA;SI;SI;ACUAVALLE S.A ESP;SIN RIESGO;SIN RIESGO;3193;PLANTA ACUAVALLE S.A ESP;RÍO FRAYLE;20/30;FAVORABLE;2026-02-26;SIN_COINCIDENCIA;PENDIENTE;SIN_COORDENADAS;;;;;;;;;;;;;;;;SIN_COORDENADA;SIN_COORDENADA;0;0;;;;;;SIN_COINCIDENCIA_FUERTE;0.456;RUTINARIO;Sin riesgo y bajo;"SIN_MATRICULA_VALIDADA; SIN_COORDENADA; CRUCE_PENDIENTE";SI;BAJA;8.6;BAJA;Priorizar georreferenciación de la sede educativa.;0.0;BAJA
632;8903019725;FLORIDA;FUNDACION CAICEDO GONZALEZ RIOPAILA CASTILLO;URBANO;CARRERA 11 # 12  - 38;FUNDACION CAICEDO GONZALEZ RIOPAILA CASTILLO;3133521729;0;0;0;0;SIN_FUENTE;SIN_DATO_MATRICULA;SI;SI;ACUAVALLE S.A ESP;SIN RIESGO;SIN RIESGO;3193;PLANTA ACUAVALLE S.A ESP;RÍO FRAYLE;30/30;FAVORABLE;2026-02-26;SIN_COINCIDENCIA;PENDIENTE;SIN_COORDENADAS;;;;;;;;;;;;;;;;SIN_COORDENADA;SIN_COORDENADA;0;0;;;;;;SIN_COINCIDENCIA_FUERTE;0.483;RUTINARIO;Sin riesgo y bajo;"SIN_MATRICULA_VALIDADA; SIN_COORDENADA; CRUCE_PENDIENTE";SI;BAJA;8.6;BAJA;Priorizar georreferenciación de la sede educativa.;0.0;BAJA
633;;FLORIDA;JARDIN INFANTIL MARIA MONTESSORI;URBANO;CARRERA 21 # 8  - 72;MARIA MONTESSORI;3170660699;0;0;0;0;SIN_FUENTE;SIN_DATO_MATRICULA;SI;SI;ACUAVALLE S.A ESP;SIN RIESGO;SIN RIESGO;3193;PLANTA ACUAVALLE S.A ESP;RÍO FRAYLE;24/30;FAVORABLE;2026-02-26;SIN_COINCIDENCIA;PENDIENTE;SIN_COORDENADAS;;;;;;;;;;;;;;;;SIN_COORDENADA;SIN_COORDENADA;0;0;;;;;;SIN_COINCIDENCIA_FUERTE;0.79;RUTINARIO;Sin riesgo y bajo;"SIN_MATRICULA_VALIDADA; SIN_COORDENADA; CRUCE_PENDIENTE";SI;BAJA;8.6;BAJA;Priorizar georreferenciación de la sede educativa.;0.0;BAJA
634;276275000774;FLORIDA;I.E. IDEBIC SEDE SAN ANTONIO DE PADUA;RURAL;VEREDA LAS BRISAS;SAN ANTONIO DE PADUA;3103892364;1;1;0;6;ESCUELAS_IRCAS;DATO_PRINCIPAL_ESCUELAS_IRCAS;NO;SI;ACUAVALLE S.A ESP;SIN RIESGO;SIN RIESGO;3193;PLANTA ACUAVALLE S.A ESP;RÍO FRAYLE;25/30;FAVORABLE;2026-02-26;COD_DANE_UNICO;CRUCE_OK;GEORREFERENCIADA;;440;;;ACTIVA;OFICIAL;COMPLETA;EDUCACIÓN BÁSICA PRIMARIA;CU LAS BRISAS RGDO INDIGENA NASA KWE SX KIWE;-76.1647730668;3.30410429465;-76.1647730668;3.30410429465;-76.17;3.3;SEDESUESVALLE;COORDENADA_ORIGINAL_SEDESUESVALLE;2;0;2.019;IE IDEBIC;SAN ANTONIO DE PADUA;RURAL;COMUNIDAD INDIGENA DE LAS BRISAS;COINCIDENCIA_NOMBRE_FUERTE;0.93;RUTINARIO;Sin riesgo y bajo;SIN_BRECHAS;NO;ALTA;6.08;BAJA;Mantener seguimiento rutinario con control territorial rural.;0.0;BAJA
635;;FLORIDA;HOGAR ICBF MI MUNDO MAGICO;URBANO;CARRERA 16 # 4  - 25;HOGAR ICBF MI MUNDO MAGICO;3128337178;0;0;0;0;SIN_FUENTE;SIN_DATO_MATRICULA;SI;SI;ACUAVALLE S.A ESP;SIN RIESGO;SIN RIESGO;3193;PLANTA ACUAVALLE S.A ESP;RÍO FRAYLE;21/30;FAVORABLE;2026-02-26;SIN_COINCIDENCIA;PENDIENTE;SIN_COORDENADAS;;;;;;;;;;;;;;;;SIN_COORDENADA;SIN_COORDENADA;0;0;;;;;;SIN_COINCIDENCIA_FUERTE;0.5;RUTINARIO;Sin riesgo y bajo;"SIN_MATRICULA_VALIDADA; SIN_COORDENADA; CRUCE_PENDIENTE";SI;BAJA;8.6;BAJA;Priorizar georreferenciación de la sede educativa.;0.0;BAJA
636;;FLORIDA;INSTITUTO TECNICO DE CIENCIAS DE LA SALUD SANTA CECILIA LTDA - INSAED LTDA;URBANO;CARRERA 1B # 8  - 95;SANTA CECILIA LTDA - INSAED LTDA;3168190574;0;0;0;0;SIN_FUENTE;SIN_DATO_MATRICULA;SI;SI;ACUAVALLE S.A ESP;SIN RIESGO;SIN RIESGO;3193;PLANTA ACUAVALLE S.A ESP;RÍO FRAYLE;23,5/30;FAVORABLE;2026-02-26;SIN_COINCIDENCIA;PENDIENTE;SIN_COORDENADAS;;;;;;;;;;;;;;;;SIN_COORDENADA;SIN_COORDENADA;0;0;;;;;;SIN_COINCIDENCIA_FUERTE;0.4;RUTINARIO;Sin riesgo y bajo;"SIN_MATRICULA_VALIDADA; SIN_COORDENADA; CRUCE_PENDIENTE";SI;BAJA;8.6;BAJA;Priorizar georreferenciación de la sede educativa.;0.0;BAJA
637;;FLORIDA;HOGAR ICBF GATICOS SILVESTRES;RURAL;CARRERA 6A # 3A  - 27;GATICOS SILVESTRES;3126514770;0;0;0;0;SIN_FUENTE;SIN_DATO_MATRICULA;SI;SI;ACUAVALLE S.A ESP;SIN RIESGO;SIN RIESGO;3193;PLANTA ACUAVALLE S.A ESP;RÍO FRAYLE;21/30;FAVORABLE;2026-02-26;SIN_COINCIDENCIA;PENDIENTE;SIN_COORDENADAS;;;;;;;;;;;;;;;;SIN_COORDENADA;SIN_COORDENADA;0;0;;;;;;SIN_COINCIDENCIA_FUERTE;0.473;RUTINARIO;Sin riesgo y bajo;"SIN_MATRICULA_VALIDADA; SIN_COORDENADA; CRUCE_PENDIENTE";SI;BAJA;8.6;BAJA;Priorizar georreferenciación de la sede educativa.;0.0;BAJA
638;;FLORIDA;HOGAR ICBF CAJITA DE SORPRESAS;URBANO;CALLE 2 # 16  - 38;CAJITA DE SORPRESAS;3117401650;0;0;0;0;SIN_FUENTE;SIN_DATO_MATRICULA;SI;SI;ACUAVALLE S.A ESP;SIN RIESGO;SIN RIESGO;3193;PLANTA ACUAVALLE S.A ESP;RÍO FRAYLE;20/30;FAVORABLE;2026-02-26;SIN_COINCIDENCIA;PENDIENTE;SIN_COORDENADAS;;;;;;;;;;;;;;;;SIN_COORDENADA;SIN_COORDENADA;0;0;;;;;;SIN_COINCIDENCIA_FUERTE;0.492;RUTINARIO;Sin riesgo y bajo;"SIN_MATRICULA_VALIDADA; SIN_COORDENADA; CRUCE_PENDIENTE";SI;BAJA;8.6;BAJA;Priorizar georreferenciación de la sede educativa.;0.0;BAJA
639;;FLORIDA;HOGAR ICBF SOL Y LUNA;URBANO;CALLE 7 # 16  - 71;SOL Y LUNA;3004547195;0;0;0;0;SIN_FUENTE;SIN_DATO_MATRICULA;SI;SI;ACUAVALLE S.A ESP;SIN RIESGO;SIN RIESGO;3193;PLANTA ACUAVALLE S.A ESP;RÍO FRAYLE;22/30;FAVORABLE;2026-02-26;SIN_COINCIDENCIA;PENDIENTE;SIN_COORDENADAS;;;;;;;;;;;;;;;;SIN_COORDENADA;SIN_COORDENADA;0;0;;;;;;SIN_COINCIDENCIA_FUERTE;0.415;RUTINARIO;Sin riesgo y bajo;"SIN_MATRICULA_VALIDADA; SIN_COORDENADA; CRUCE_PENDIENTE";SI;BAJA;8.6;BAJA;Priorizar georreferenciación de la sede educativa.;0.0;BAJA
640;;FLORIDA;ICBF AHB FAMIMIMOS;URBANO;CARRERA 17 # 7  - 31;AHB FAMIMIMOS;3105496651;0;0;0;0;SIN_FUENTE;SIN_DATO_MATRICULA;SI;SI;ACUAVALLE S.A ESP;SIN RIESGO;SIN RIESGO;3193;PLANTA ACUAVALLE S.A ESP;RÍO FRAYLE;22/30;FAVORABLE;2026-02-26;SIN_COINCIDENCIA;PENDIENTE;SIN_COORDENADAS;;;;;;;;;;;;;;;;SIN_COORDENADA;SIN_COORDENADA;0;0;;;;;;SIN_COINCIDENCIA_FUERTE;0.474;RUTINARIO;Sin riesgo y bajo;"SIN_MATRICULA_VALIDADA; SIN_COORDENADA; CRUCE_PENDIENTE";SI;BAJA;8.6;BAJA;Priorizar georreferenciación de la sede educativa.;0.0;BAJA
641;;FLORIDA;HOGAR ICBF MI CASITA DEL MAÑANA;URBANO;CARRERA 17 # 5  - 79;MI CASITA DEL MAÑANA;3148625542;0;0;0;0;SIN_FUENTE;SIN_DATO_MATRICULA;SI;SI;ACUAVALLE S.A ESP;SIN RIESGO;SIN RIESGO;3193;PLANTA ACUAVALLE S.A ESP;RÍO FRAYLE;20/30;FAVORABLE;2026-02-26;SIN_COINCIDENCIA;PENDIENTE;SIN_COORDENADAS;;;;;;;;;;;;;;;;SIN_COORDENADA;SIN_COORDENADA;0;0;;;;;;SIN_COINCIDENCIA_FUERTE;0.448;RUTINARIO;Sin riesgo y bajo;"SIN_MATRICULA_VALIDADA; SIN_COORDENADA; CRUCE_PENDIENTE";SI;BAJA;8.6;BAJA;Priorizar georreferenciación de la sede educativa.;0.0;BAJA
642;;FLORIDA;HOGAR ICBF TRENSITO CAÑERO;URBANO;CARRERA 15  # T4-58;TRENSITO CAÑERO;3134577752;0;0;0;0;SIN_FUENTE;SIN_DATO_MATRICULA;SI;SI;ACUAVALLE S.A ESP;SIN RIESGO;SIN RIESGO;3193;PLANTA ACUAVALLE S.A ESP;RÍO FRAYLE;20/30;FAVORABLE;2026-02-26;SIN_COINCIDENCIA;PENDIENTE;SIN_COORDENADAS;;;;;;;;;;;;;;;;SIN_COORDENADA;SIN_COORDENADA;0;0;;;;;;SIN_COINCIDENCIA_FUERTE;0.438;RUTINARIO;Sin riesgo y bajo;"SIN_MATRICULA_VALIDADA; SIN_COORDENADA; CRUCE_PENDIENTE";SI;BAJA;8.6;BAJA;Priorizar georreferenciación de la sede educativa.;0.0;BAJA
643;276275000278;FLORIDA;I.E. REGIONAL SIMON BOLIVAR SEDE SIMON BOLIVAR REGIONAL;RURAL;FRENTE A PARQUE PRINCIPAL SAN ANTONIO DE LOS CABALLEROS;SIMON BOLIVAR REGIONAL;3206983386;175;175;0;0;ESCUELAS_IRCAS;DATO_PRINCIPAL_ESCUELAS_IRCAS;NO;SI;ACUAVALLE S.A ESP;SIN RIESGO;SIN RIESGO;3193;PLANTA ACUAVALLE S.A ESP;RÍO FRAYLE;22,5/30;FAVORABLE;2026-02-26;MUNICIPIO+NOMBRE_EXACTO;CRUCE_RECUPERADO;SIN_COORDENADAS;;416;;;;;;;;;;;;;;SIN_COORDENADA;SIN_COORDENADA;0;0;;;;;;COINCIDENCIA_NOMBRE_FUERTE_CON_POSIBLE_EMPATE;0.93;RUTINARIO;Sin riesgo y bajo;SIN_COORDENADA;SI;MEDIA;20.23;BAJA;Priorizar georreferenciación de la sede educativa.;0.0;BAJA
644;276275000049;FLORIDA;I.E. REGIONAL SIMON BOLIVAR SEDE PARROQUIAL;RURAL;CALLE 6 # 7  - 21  VIA PRINCIPAL;PARROQUIAL;3160420584;127;127;118;0;ESCUELAS_IRCAS;DATO_PRINCIPAL_ESCUELAS_IRCAS;NO;SI;ACUAVALLE S.A ESP;SIN RIESGO;SIN RIESGO;3193;PLANTA ACUAVALLE S.A ESP;RÍO FRAYLE;24/30;FAVORABLE;2026-02-26;COD_DANE_UNICO;CRUCE_OK;GEORREFERENCIADA;;417;INSTITUCION EDUCATIVA REGIONAL SIMON BOLIVAR;PARROQUIAL;ACTIVA;OFICIAL;MAÑANA;EDUCACIÓN BÁSICA SECUNDARIA;CORREG SAN ANTONIO;-76.29773514;3.356795056;-76.29773514;3.356795056;;;SEDESUESVALLE;COORDENADA_ORIGINAL_SEDESUESVALLE;1;118;;;;;;COINCIDENCIA_NOMBRE_FUERTE_CON_POSIBLE_EMPATE;0.93;RUTINARIO;Sin riesgo y bajo;SIN_BRECHAS;NO;ALTA;17.37;BAJA;Mantener seguimiento rutinario con control territorial rural.;0.0;BAJA
645;376275001422;FLORIDA;COLEGIO LA SANTA INFANCIA;URBANO;CARRERA 8 # 9  - 42;LA SANTA INFANCIA;3226435527;54;0;0;54;MEN_SEDES_2019;COMPLEMENTADA_CON_MEN_REFERENCIA_HISTORICA;SI;SI;ACUAVALLE S.A ESP;SIN RIESGO;SIN RIESGO;3193;PLANTA ACUAVALLE S.A ESP;RÍO FRAYLE;22,5/30;FAVORABLE;2026-02-26;SIN_COINCIDENCIA;PENDIENTE;GEORREFERENCIADA;;;;;;;;;;-76.23;3.32;;;-76.23;3.32;MEN_SEDES;COMPLEMENTADA_CON_MEN;0;0;2.019;COL SANTA INFANCIA;SANTA INFANCIA;URBANA;CR 9 NO 9-39;COINCIDENCIA_NOMBRE_FUERTE;0.93;RUTINARIO;Sin riesgo y bajo;CRUCE_PENDIENTE;SI;MEDIA;17.08;BAJA;Mantener seguimiento rutinario.;0.0;BAJA
646;;FLORIDA;CENTRO DE DESARROLLO BELISARIO CAICEDO;RURAL;SAN ANTONIO DE LOS CABALLEROS;CENTRO DE DESARROLLO BELISARIO CAICEDO;3209503892;0;0;0;0;SIN_FUENTE;SIN_DATO_MATRICULA;SI;SI;ACUAVALLE S.A ESP;SIN RIESGO;SIN RIESGO;3193;PLANTA ACUAVALLE S.A ESP;RÍO FRAYLE;30/30;FAVORABLE;2026-02-26;SIN_COINCIDENCIA;PENDIENTE;SIN_COORDENADAS;;;;;;;;;;;;;;;;SIN_COORDENADA;SIN_COORDENADA;0;0;;;;;;SIN_COINCIDENCIA_FUERTE;0.678;RUTINARIO;Sin riesgo y bajo;"SIN_MATRICULA_VALIDADA; SIN_COORDENADA; CRUCE_PENDIENTE";SI;BAJA;8.6;BAJA;Priorizar georreferenciación de la sede educativa.;0.0;BAJA
647;;FLORIDA;HOGAR COMUNITARIO LOS CARIÑOSITOS;RURAL;CALLE 3A # 7A  - 06;LOS CARIÑOSITOS;3148858244;0;0;0;0;SIN_FUENTE;SIN_DATO_MATRICULA;SI;SI;ACUAVALLE S.A ESP;SIN RIESGO;SIN RIESGO;3193;PLANTA ACUAVALLE S.A ESP;RÍO FRAYLE;20/30;FAVORABLE;2026-02-26;SIN_COINCIDENCIA;PENDIENTE;SIN_COORDENADAS;;;;;;;;;;;;;;;;SIN_COORDENADA;SIN_COORDENADA;0;0;;;;;;SIN_COINCIDENCIA_FUERTE;0.468;RUTINARIO;Sin riesgo y bajo;"SIN_MATRICULA_VALIDADA; SIN_COORDENADA; CRUCE_PENDIENTE";SI;BAJA;8.6;BAJA;Priorizar georreferenciación de la sede educativa.;0.0;BAJA
648;;FLORIDA;HOGAR ICBF PEQUITAS;URBANO;CARRERA 19 # 12  - 31;PEQUITAS;3146304335;0;0;0;0;SIN_FUENTE;SIN_DATO_MATRICULA;SI;SI;ACUAVALLE S.A ESP;SIN RIESGO;SIN RIESGO;3193;PLANTA ACUAVALLE S.A ESP;RÍO FRAYLE;21/30;FAVORABLE;2026-02-26;SIN_COINCIDENCIA;PENDIENTE;SIN_COORDENADAS;;;;;;;;;;;;;;;;SIN_COORDENADA;SIN_COORDENADA;0;0;;;;;;SIN_COINCIDENCIA_FUERTE;0.457;RUTINARIO;Sin riesgo y bajo;"SIN_MATRICULA_VALIDADA; SIN_COORDENADA; CRUCE_PENDIENTE";SI;BAJA;8.6;BAJA;Priorizar georreferenciación de la sede educativa.;0.0;BAJA
649;;FLORIDA;HOGAR ICBF MI DESPERTAR;URBANO;CARRERA 19 # 12A  - 13;MI DESPERTAR;3122492762;0;0;0;0;SIN_FUENTE;SIN_DATO_MATRICULA;SI;SI;ACUAVALLE S.A ESP;SIN RIESGO;SIN RIESGO;3193;PLANTA ACUAVALLE S.A ESP;RÍO FRAYLE;20/30;FAVORABLE;2026-02-26;SIN_COINCIDENCIA;PENDIENTE;SIN_COORDENADAS;;;;;;;;;;;;;;;;SIN_COORDENADA;SIN_COORDENADA;0;0;;;;;;SIN_COINCIDENCIA_FUERTE;0.513;RUTINARIO;Sin riesgo y bajo;"SIN_MATRICULA_VALIDADA; SIN_COORDENADA; CRUCE_PENDIENTE";SI;BAJA;8.6;BAJA;Priorizar georreferenciación de la sede educativa.;0.0;BAJA
650;;FLORIDA;HOGAR ICBF PUEBLITO ALEGRE;URBANO;CARRERA 18A # 15  - 01;PUEBLITO ALEGRE;3003098125;0;0;0;0;SIN_FUENTE;SIN_DATO_MATRICULA;SI;SI;ACUAVALLE S.A ESP;SIN RIESGO;SIN RIESGO;3193;PLANTA ACUAVALLE S.A ESP;RÍO FRAYLE;23/30;FAVORABLE;2026-02-26;SIN_COINCIDENCIA;PENDIENTE;SIN_COORDENADAS;;;;;;;;;;;;;;;;SIN_COORDENADA;SIN_COORDENADA;0;0;;;;;;SIN_COINCIDENCIA_FUERTE;0.441;RUTINARIO;Sin riesgo y bajo;"SIN_MATRICULA_VALIDADA; SIN_COORDENADA; CRUCE_PENDIENTE";SI;BAJA;8.6;BAJA;Priorizar georreferenciación de la sede educativa.;0.0;BAJA
651;;FLORIDA;HOGAR ICBF GATICOS JUGUETONES;URBANO;CARRERA 19 # 10  - 88;GATICOS JUGUETONES;3013294455;0;0;0;0;SIN_FUENTE;SIN_DATO_MATRICULA;SI;SI;ACUAVALLE S.A ESP;SIN RIESGO;SIN RIESGO;3193;PLANTA ACUAVALLE S.A ESP;RÍO FRAYLE;22/30;FAVORABLE;2026-02-26;SIN_COINCIDENCIA;PENDIENTE;SIN_COORDENADAS;;;;;;;;;;;;;;;;SIN_COORDENADA;SIN_COORDENADA;0;0;;;;;;SIN_COINCIDENCIA_FUERTE;0.473;RUTINARIO;Sin riesgo y bajo;"SIN_MATRICULA_VALIDADA; SIN_COORDENADA; CRUCE_PENDIENTE";SI;BAJA;8.6;BAJA;Priorizar georreferenciación de la sede educativa.;0.0;BAJA
652;;FLORIDA;FUNDACIÓN JARDIN INFANTIL RAYITO DE LUZ CON AMOR;URBANO;CALLE 13 # 14  - 85;RAYITO DE LUZ CON AMOR;3218785073;0;0;0;0;SIN_FUENTE;SIN_DATO_MATRICULA;SI;SI;ACUAVALLE S.A ESP;SIN RIESGO;SIN RIESGO;3193;PLANTA ACUAVALLE S.A ESP;RÍO FRAYLE;22/30;FAVORABLE;2026-02-26;SIN_COINCIDENCIA;PENDIENTE;SIN_COORDENADAS;;;;;;;;;;;;;;;;SIN_COORDENADA;SIN_COORDENADA;0;0;;;;;;SIN_COINCIDENCIA_FUERTE;0.568;RUTINARIO;Sin riesgo y bajo;"SIN_MATRICULA_VALIDADA; SIN_COORDENADA; CRUCE_PENDIENTE";SI;BAJA;8.6;BAJA;Priorizar georreferenciación de la sede educativa.;0.0;BAJA
653;176275000087;FLORIDA;I.E. ABSALON TORRES CAMACHO SEDE EMETERIO PIEDRAHITA;URBANO;CALLE 12 # 15  - 20;EMETERIO PIEDRAHITA;3155567646;377;377;223;0;ESCUELAS_IRCAS;DATO_PRINCIPAL_ESCUELAS_IRCAS;NO;SI;ACUAVALLE S.A ESP;SIN RIESGO;SIN RIESGO;3193;PLANTA ACUAVALLE S.A ESP;RÍO FRAYLE;15/30;FAVORABLE;2026-02-26;COD_DANE_UNICO;CRUCE_OK;GEORREFERENCIADA;;418;INSTITUCION EDUCATIVA ABSALON TORRES CAMACHO;EMETERIO PIEDRAHITA;ACTIVA;OFICIAL;UNICA;EDUCACIÓN BÁSICA SECUNDARIA;CLL 12 # 15-20 BRR/LOPEZ;-76.2316976771;3.32589202288;-76.2316976771;3.32589202288;;;SEDESUESVALLE;COORDENADA_ORIGINAL_SEDESUESVALLE;1;223;;;;;;COINCIDENCIA_NOMBRE_FUERTE_CON_POSIBLE_EMPATE;0.93;RUTINARIO;Sin riesgo y bajo;SIN_BRECHAS;NO;ALTA;20.31;BAJA;Mantener seguimiento rutinario.;0.0;BAJA
654;;FLORIDA;HOGAR ICBF MIS PRIMERAS HUELLAS;URBANO;CALLE 5 # 15A  - 06;MIS PRIMERAS HUELLAS;3234039966;0;0;0;0;SIN_FUENTE;SIN_DATO_MATRICULA;SI;SI;ACUAVALLE S.A ESP;SIN RIESGO;SIN RIESGO;3193;PLANTA ACUAVALLE S.A ESP;RÍO FRAYLE;21/30;FAVORABLE;2026-02-26;SIN_COINCIDENCIA;PENDIENTE;SIN_COORDENADAS;;;;;;;;;;;;;;;;SIN_COORDENADA;SIN_COORDENADA;0;0;;;;;;SIN_COINCIDENCIA_FUERTE;0.468;RUTINARIO;Sin riesgo y bajo;"SIN_MATRICULA_VALIDADA; SIN_COORDENADA; CRUCE_PENDIENTE";SI;BAJA;8.6;BAJA;Priorizar georreferenciación de la sede educativa.;0.0;BAJA
655;176275001393;FLORIDA;I.E. ABSALON TORRES CAMACHO SEDE ABSALON TORRES CAMACHO;URBANO;CALLE 8 # 23  - 51;ABSALON TORRES CAMACHO;6022641388;413;413;202;1101;ESCUELAS_IRCAS;DATO_PRINCIPAL_ESCUELAS_IRCAS;NO;SI;ACUAVALLE S.A ESP;SIN RIESGO;SIN RIESGO;3193;PLANTA ACUAVALLE S.A ESP;RÍO FRAYLE;25/30;FAVORABLE;2026-02-26;COD_DANE_UNICO;CRUCE_OK;GEORREFERENCIADA;;419;INSTITUCION EDUCATIVA ABSALON TORRES CAMACHO;ABSALON TORRES CAMACHO;ACTIVA;OFICIAL;UNICA;EDUCACIÓN MEDIA;CLL 8 # 23-51 BRR/ESPERANZA;-76.2407163145;3.32527079497;-76.2407163145;3.32527079497;-76.24;3.33;SEDESUESVALLE;COORDENADA_ORIGINAL_SEDESUESVALLE;1;202;2.019;IE ABSALON TORRES CAMACHO;ABSALON TORRES CAMACHO;URBANA;CLL 8 NO 23-51;COINCIDENCIA_NOMBRE_FUERTE;0.932;RUTINARIO;Sin riesgo y bajo;SIN_BRECHAS;NO;ALTA;20.56;BAJA;Mantener seguimiento rutinario.;0.0;BAJA
656;;FLORIDA;HOGAR ICBF SORPRESITAS;URBANO;CALLE 16A # 10  - 27;SORPRESITAS;3137355855;0;0;0;0;SIN_FUENTE;SIN_DATO_MATRICULA;SI;SI;ACUAVALLE S.A ESP;SIN RIESGO;SIN RIESGO;3193;PLANTA ACUAVALLE S.A ESP;RÍO FRAYLE;20/30;FAVORABLE;2026-02-26;SIN_COINCIDENCIA;PENDIENTE;SIN_COORDENADAS;;;;;;;;;;;;;;;;SIN_COORDENADA;SIN_COORDENADA;0;0;;;;;;SIN_COINCIDENCIA_FUERTE;0.455;RUTINARIO;Sin riesgo y bajo;"SIN_MATRICULA_VALIDADA; SIN_COORDENADA; CRUCE_PENDIENTE";SI;BAJA;8.6;BAJA;Priorizar georreferenciación de la sede educativa.;0.0;BAJA
657;;FLORIDA;HOGAR ICBF MIS KIKATOS;URBANO;CALLE 18A # 11  - 45;MIS KIKATOS;3117289706;0;0;0;0;SIN_FUENTE;SIN_DATO_MATRICULA;SI;SI;ACUAVALLE S.A ESP;SIN RIESGO;SIN RIESGO;3193;PLANTA ACUAVALLE S.A ESP;RÍO FRAYLE;19/30;FAVORABLE;2026-02-26;SIN_COINCIDENCIA;PENDIENTE;SIN_COORDENADAS;;;;;;;;;;;;;;;;SIN_COORDENADA;SIN_COORDENADA;0;0;;;;;;SIN_COINCIDENCIA_FUERTE;0.474;RUTINARIO;Sin riesgo y bajo;"SIN_MATRICULA_VALIDADA; SIN_COORDENADA; CRUCE_PENDIENTE";SI;BAJA;8.6;BAJA;Priorizar georreferenciación de la sede educativa.;0.0;BAJA
658;;FLORIDA;HOGAR ICBF MIS PRIMERAS  HUELLAS;URBANO;CALLE 7 # 7  - 63;MIS PRIMERAS  HUELLAS;3053052123;0;0;0;0;SIN_FUENTE;SIN_DATO_MATRICULA;SI;SI;ACUAVALLE S.A ESP;SIN RIESGO;SIN RIESGO;3193;PLANTA ACUAVALLE S.A ESP;RÍO FRAYLE;25/30;FAVORABLE;2026-02-26;SIN_COINCIDENCIA;PENDIENTE;SIN_COORDENADAS;;;;;;;;;;;;;;;;SIN_COORDENADA;SIN_COORDENADA;0;0;;;;;;SIN_COINCIDENCIA_FUERTE;0.468;RUTINARIO;Sin riesgo y bajo;"SIN_MATRICULA_VALIDADA; SIN_COORDENADA; CRUCE_PENDIENTE";SI;BAJA;8.6;BAJA;Priorizar georreferenciación de la sede educativa.;0.0;BAJA
659;176275000494;FLORIDA;I.E. LAS AMERICAS SEDE JOSE EUSEBIO CARO;URBANO;CARRERA 19 A  CON CALLE 12;JOSE EUSEBIO CARO;3160191596;110;110;107;127;ESCUELAS_IRCAS;DATO_PRINCIPAL_ESCUELAS_IRCAS;NO;SI;ACUAVALLE S.A ESP;SIN RIESGO;SIN RIESGO;3193;PLANTA ACUAVALLE S.A ESP;RÍO FRAYLE;15/30;FAVORABLE;2026-02-26;COD_DANE_UNICO;CRUCE_OK;GEORREFERENCIADA;;420;INSTITUCION EDUCATIVA LAS AMERICAS;JOSE EUSEBIO CARO;ACTIVA;OFICIAL;COMPLETA;EDUCACIÓN MEDIA;CLL 12 CRA 20 BRR/PEREZ;-76.23515693;3.327677458;-76.23515693;3.327677458;-76.24;3.33;SEDESUESVALLE;COORDENADA_ORIGINAL_SEDESUESVALLE;1;107;2.019;IE LAS AMERICAS;JOSE EUSEBIO CARO;URBANA;CR 20 CLL 12 ESQUINA;COINCIDENCIA_NOMBRE_FUERTE;0.93;RUTINARIO;Sin riesgo y bajo;SIN_BRECHAS;NO;ALTA;16.98;BAJA;Mantener seguimiento rutinario.;0.0;BAJA
660;;FLORIDA;HOGAR ICBF PICAPIEDRAS;URBANO;CALLE 7 # 7  - 19;PICAPIEDRAS;3104098507;0;0;0;0;SIN_FUENTE;SIN_DATO_MATRICULA;SI;SI;ACUAVALLE S.A ESP;SIN RIESGO;SIN RIESGO;3193;PLANTA ACUAVALLE S.A ESP;RÍO FRAYLE;19/30;FAVORABLE;2026-02-26;SIN_COINCIDENCIA;PENDIENTE;SIN_COORDENADAS;;;;;;;;;;;;;;;;SIN_COORDENADA;SIN_COORDENADA;0;0;;;;;;SIN_COINCIDENCIA_FUERTE;0.471;RUTINARIO;Sin riesgo y bajo;"SIN_MATRICULA_VALIDADA; SIN_COORDENADA; CRUCE_PENDIENTE";SI;BAJA;8.6;BAJA;Priorizar georreferenciación de la sede educativa.;0.0;BAJA
661;;FLORIDA;HOGAR ICBF LOS SALTARINES;URBANO;CARRERA 8 # 6  - 11;LOS SALTARINES;3122476357;0;0;0;0;SIN_FUENTE;SIN_DATO_MATRICULA;SI;SI;ACUAVALLE S.A ESP;SIN RIESGO;SIN RIESGO;3193;PLANTA ACUAVALLE S.A ESP;RÍO FRAYLE;19/30;FAVORABLE;2026-02-26;SIN_COINCIDENCIA;PENDIENTE;SIN_COORDENADAS;;;;;;;;;;;;;;;;SIN_COORDENADA;SIN_COORDENADA;0;0;;;;;;SIN_COINCIDENCIA_FUERTE;0.476;RUTINARIO;Sin riesgo y bajo;"SIN_MATRICULA_VALIDADA; SIN_COORDENADA; CRUCE_PENDIENTE";SI;BAJA;8.6;BAJA;Priorizar georreferenciación de la sede educativa.;0.0;BAJA
662;;FLORIDA;HOGAR ICBF EL OSO HORMIGUERO;URBANO;CALLE 11 # 1  - 100;EL OSO HORMIGUERO;3138198991;0;0;0;0;SIN_FUENTE;SIN_DATO_MATRICULA;SI;SI;ACUAVALLE S.A ESP;SIN RIESGO;SIN RIESGO;3193;PLANTA ACUAVALLE S.A ESP;RÍO FRAYLE;20/30;FAVORABLE;2026-02-26;SIN_COINCIDENCIA;PENDIENTE;SIN_COORDENADAS;;;;;;;;;;;;;;;;SIN_COORDENADA;SIN_COORDENADA;0;0;;;;;;SIN_COINCIDENCIA_FUERTE;0.455;RUTINARIO;Sin riesgo y bajo;"SIN_MATRICULA_VALIDADA; SIN_COORDENADA; CRUCE_PENDIENTE";SI;BAJA;8.6;BAJA;Priorizar georreferenciación de la sede educativa.;0.0;BAJA
663;;FLORIDA;HOGAR ICBF TRADICIONAL DANIELA;URBANO;CARRERA 24 # 11  - 21;DANIELA;3217996827;0;0;0;0;SIN_FUENTE;SIN_DATO_MATRICULA;SI;SI;ACUAVALLE S.A ESP;SIN RIESGO;SIN RIESGO;3193;PLANTA ACUAVALLE S.A ESP;RÍO FRAYLE;19/30;FAVORABLE;2026-02-26;SIN_COINCIDENCIA;PENDIENTE;SIN_COORDENADAS;;;;;;;;;;;;;;;;SIN_COORDENADA;SIN_COORDENADA;0;0;;;;;;SIN_COINCIDENCIA_FUERTE;0.467;RUTINARIO;Sin riesgo y bajo;"SIN_MATRICULA_VALIDADA; SIN_COORDENADA; CRUCE_PENDIENTE";SI;BAJA;8.6;BAJA;Priorizar georreferenciación de la sede educativa.;0.0;BAJA
664;;FLORIDA;HOGAR COMUNITARIO ICBF EL JORDANCITO;RURAL;TARRAGONA FRENTE AL TANQUE;EL JORDANCITO;3216579727;0;0;0;0;SIN_FUENTE;SIN_DATO_MATRICULA;SI;SI;ACUAVALLE S.A ESP;SIN RIESGO;SIN RIESGO;3193;PLANTA ACUAVALLE S.A ESP;RÍO FRAYLE;22/30;FAVORABLE;2026-02-26;SIN_COINCIDENCIA;PENDIENTE;SIN_COORDENADAS;;;;;;;;;;;;;;;;SIN_COORDENADA;SIN_COORDENADA;0;0;;;;;;SIN_COINCIDENCIA_FUERTE;0.44;RUTINARIO;Sin riesgo y bajo;"SIN_MATRICULA_VALIDADA; SIN_COORDENADA; CRUCE_PENDIENTE";SI;BAJA;8.6;BAJA;Priorizar georreferenciación de la sede educativa.;0.0;BAJA
665;;FLORIDA;HOGAR COMUNITARIO JARDIN DE MIS SUEÑOS;RURAL;CHOCOSITO 2 ENTRADA DEL HOSPITAL;JARDIN DE MIS SUEÑOS;3226817455;0;0;0;0;SIN_FUENTE;SIN_DATO_MATRICULA;SI;SI;ACUAVALLE S.A ESP;SIN RIESGO;SIN RIESGO;3193;PLANTA ACUAVALLE S.A ESP;RÍO FRAYLE;22/30;FAVORABLE;2026-02-26;SIN_COINCIDENCIA;PENDIENTE;SIN_COORDENADAS;;;;;;;;;;;;;;;;SIN_COORDENADA;SIN_COORDENADA;0;0;;;;;;SIN_COINCIDENCIA_FUERTE;0.469;RUTINARIO;Sin riesgo y bajo;"SIN_MATRICULA_VALIDADA; SIN_COORDENADA; CRUCE_PENDIENTE";SI;BAJA;8.6;BAJA;Priorizar georreferenciación de la sede educativa.;0.0;BAJA
666;;FLORIDA;HOGAR DEL ICBF EL PAJARO CARPINTERO;RURAL;CORREGIMIENTO REMOLINO;EL PAJARO CARPINTERO;3148485513;0;0;0;0;SIN_FUENTE;SIN_DATO_MATRICULA;SI;SI;ACUAVALLE S.A ESP;SIN RIESGO;SIN RIESGO;3193;PLANTA ACUAVALLE S.A ESP;RÍO FRAYLE;19/30;FAVORABLE;2026-02-26;SIN_COINCIDENCIA;PENDIENTE;SIN_COORDENADAS;;;;;;;;;;;;;;;;SIN_COORDENADA;SIN_COORDENADA;0;0;;;;;;SIN_COINCIDENCIA_FUERTE;0.421;RUTINARIO;Sin riesgo y bajo;"SIN_MATRICULA_VALIDADA; SIN_COORDENADA; CRUCE_PENDIENTE";SI;BAJA;8.6;BAJA;Priorizar georreferenciación de la sede educativa.;0.0;BAJA
667;;FLORIDA;HOGAR ICBF MIS PRIMEROS AÑITOS;URBANO;CALLE 8B # 35  - 63;MIS PRIMEROS AÑITOS;3137438929;0;0;0;0;SIN_FUENTE;SIN_DATO_MATRICULA;SI;SI;ACUAVALLE S.A ESP;SIN RIESGO;SIN RIESGO;3193;PLANTA ACUAVALLE S.A ESP;RÍO FRAYLE;23/30;FAVORABLE;2026-02-26;SIN_COINCIDENCIA;PENDIENTE;SIN_COORDENADAS;;;;;;;;;;;;;;;;SIN_COORDENADA;SIN_COORDENADA;0;0;;;;;;SIN_COINCIDENCIA_FUERTE;0.467;RUTINARIO;Sin riesgo y bajo;"SIN_MATRICULA_VALIDADA; SIN_COORDENADA; CRUCE_PENDIENTE";SI;BAJA;8.6;BAJA;Priorizar georreferenciación de la sede educativa.;0.0;BAJA
668;176275000524;FLORIDA;I.E. LAS AMERICAS SEDE SAN JORGE;URBANO;CALLE 14 # 20  - 34;SAN JORGE;6022642106;83;83;75;137;ESCUELAS_IRCAS;DATO_PRINCIPAL_ESCUELAS_IRCAS;NO;SI;ACUAVALLE S.A ESP;SIN RIESGO;SIN RIESGO;3193;PLANTA ACUAVALLE S.A ESP;RÍO FRAYLE;15/30;FAVORABLE;2026-02-26;COD_DANE_UNICO;CRUCE_OK;GEORREFERENCIADA;;421;INSTITUCION EDUCATIVA LAS AMERICAS;SAN JORGE;ACTIVA;OFICIAL;COMPLETA;EDUCACIÓN BÁSICA PRIMARIA;CRA 14 # 20-34 BRR/SAN JORGE;-76.23491891;3.329178828;-76.23491891;3.329178828;-76.23;3.33;SEDESUESVALLE;COORDENADA_ORIGINAL_SEDESUESVALLE;1;75;2.019;IE LAS AMERICAS;SAN JORGE;URBANA;CR 14 NO 20-34;COINCIDENCIA_NOMBRE_FUERTE;0.93;RUTINARIO;Sin riesgo y bajo;SIN_BRECHAS;NO;ALTA;16.23;BAJA;Mantener seguimiento rutinario.;0.0;BAJA
669;376275001147;FLORIDA;INSTITUTO COMERCIAL SAN FRANCISCO DE ASIS;URBANO;CALLE 11 # 20  - 54;SAN FRANCISCO DE ASIS;3207305911;391;0;0;391;MEN_SEDES_2019;COMPLEMENTADA_CON_MEN_REFERENCIA_HISTORICA;SI;SI;ACUAVALLE S.A ESP;SIN RIESGO;SIN RIESGO;3193;PLANTA ACUAVALLE S.A ESP;RÍO FRAYLE;24/30;FAVORABLE;2026-02-26;SIN_COINCIDENCIA;PENDIENTE;GEORREFERENCIADA;;;;;;;;;;-76.24;3.33;;;-76.24;3.33;MEN_SEDES;COMPLEMENTADA_CON_MEN;0;0;2.019;INST COMERCIAL SAN FRANCISCO DE ASÍS;INSTITUTO COMERCIAL SAN FRANCISCO DE ASÍS;URBANA;CLL 11 NO. 20-54;COINCIDENCIA_NOMBRE_FUERTE;1.0;RUTINARIO;Sin riesgo y bajo;CRUCE_PENDIENTE;SI;MEDIA;22.41;BAJA;Mantener seguimiento rutinario.;0.0;BAJA
670;376275800075;FLORIDA;FUNDACION SANTA BETHEL - FUNSABET;URBANO;CALLE 10 # 24  - 53;FUNDACION SANTA BETHEL - FUNSABET;3127661558;53;53;0;0;ESCUELAS_IRCAS;DATO_PRINCIPAL_ESCUELAS_IRCAS;NO;SI;ACUAVALLE S.A ESP;SIN RIESGO;SIN RIESGO;3193;PLANTA ACUAVALLE S.A ESP;RÍO FRAYLE;24/30;FAVORABLE;2026-02-26;SIN_COINCIDENCIA;PENDIENTE;SIN_COORDENADAS;;;;;;;;;;;;;;;;SIN_COORDENADA;SIN_COORDENADA;0;0;;;;;;SIN_COINCIDENCIA_FUERTE;0.413;RUTINARIO;Sin riesgo y bajo;"SIN_COORDENADA; CRUCE_PENDIENTE";SI;MEDIA;17.03;BAJA;Priorizar georreferenciación de la sede educativa.;0.0;BAJA
671;176275000125;FLORIDA;I.E. ABSALON TORRES CAMACHO SEDE JULIO ARBOLEDA;URBANO;CALLE 9 # 27  - 45;JULIO ARBOLEDA;6022641388;251;0;251;0;SEDESUESVALLE;COMPLEMENTADA_CON_SEDESUESVALLE;NO;SI;ACUAVALLE S.A ESP;SIN RIESGO;SIN RIESGO;3193;PLANTA ACUAVALLE S.A ESP;RÍO FRAYLE;24,5/30;FAVORABLE;2026-02-26;COD_DANE_UNICO;CRUCE_OK;GEORREFERENCIADA;;413;INSTITUCION EDUCATIVA ABSALON TORRES CAMACHO;SAGRADO CORAZON DE JESUS;ACTIVA;OFICIAL;UNICA;EDUCACIÓN BÁSICA PRIMARIA;CRA 21 # 9-89 BRR/LA ESPERANZA;-76.2374227063;3.32644406118;-76.2374227063;3.32644406118;;;SEDESUESVALLE;COORDENADA_ORIGINAL_SEDESUESVALLE;1;251;;;;;;COINCIDENCIA_NOMBRE_FUERTE_CON_POSIBLE_EMPATE;0.93;RUTINARIO;Sin riesgo y bajo;SIN_BRECHAS;NO;ALTA;19.21;BAJA;Mantener seguimiento rutinario.;0.0;BAJA
672;176275000095;FLORIDA;I.E. CIUDAD FLORIDA SEDE POLICARPA SALAVARRIETA;URBANO;CARRERA 16 # 6  - 70;POLICARPA SALAVARRIETA;3113724850;426;426;418;831;ESCUELAS_IRCAS;DATO_PRINCIPAL_ESCUELAS_IRCAS;NO;SI;ACUAVALLE S.A ESP;SIN RIESGO;SIN RIESGO;3193;PLANTA ACUAVALLE S.A ESP;RÍO FRAYLE;20/30;FAVORABLE;2026-02-26;COD_DANE_UNICO;CRUCE_OK;GEORREFERENCIADA;;423;INSTITUCION EDUCATIVA CIUDAD FLORIDA;POLICARPA SALAVARRIETA;ACTIVA;OFICIAL;MAÑANA;EDUCACIÓN BÁSICA SECUNDARIA;CRA 16 # 6-70 BRR/LA CABAÑA;-76.23437667;3.32173921;-76.23437667;3.32173921;-76.23;3.32;SEDESUESVALLE;COORDENADA_ORIGINAL_SEDESUESVALLE;1;418;2.019;IE CIUDAD FLORIDA;POLICARPA SALAVARRIETA;URBANA;CALLE 7 CR 16 ESQUINA;COINCIDENCIA_NOMBRE_FUERTE;0.93;RUTINARIO;Sin riesgo y bajo;SIN_BRECHAS;NO;ALTA;20.64;BAJA;Mantener seguimiento rutinario.;0.0;BAJA
673;176275000281;FLORIDA;I.E. LAS AMERICAS SEDE ANTONIA SANTOS;URBANO;CARRERA 18  CON CALLE 5 ESQUINA.;IANTONIA SANTOS;6022642106;114;0;114;287;SEDESUESVALLE;COMPLEMENTADA_CON_SEDESUESVALLE;NO;SI;ACUAVALLE S.A ESP;SIN RIESGO;SIN RIESGO;3193;PLANTA ACUAVALLE S.A ESP;RÍO FRAYLE;17,5/30;FAVORABLE;2026-02-26;COD_DANE_UNICO;CRUCE_OK;GEORREFERENCIADA;;424;INSTITUCION EDUCATIVA LAS AMERICAS;ANTONIA SANTOS;ACTIVA;OFICIAL;COMPLETA;EDUCACIÓN BÁSICA PRIMARIA;CRA 18 CLL 5 ESQ BRR/EL PARAISO;-76.23691753;3.321650423;-76.23691753;3.321650423;-76.24;3.32;SEDESUESVALLE;COORDENADA_ORIGINAL_SEDESUESVALLE;1;114;2.019;IE LAS AMERICAS;ANTONIA SANTOS;URBANA;CR 18 CLL 5 ESQUINA;COINCIDENCIA_NOMBRE_FUERTE;0.93;RUTINARIO;Sin riesgo y bajo;SIN_BRECHAS;NO;ALTA;17.08;BAJA;Mantener seguimiento rutinario.;0.0;BAJA
674;176275001156;FLORIDA;I.E. LAS AMERICAS SEDE MERCEDITAS FORERO DE GONZALEZ;URBANO;CALLE 11 CARRERA 13 ESQUINA;MERCEDITAS FORERO DE GONZALEZ;6022642106;150;150;53;271;ESCUELAS_IRCAS;DATO_PRINCIPAL_ESCUELAS_IRCAS;NO;SI;ACUAVALLE S.A ESP;SIN RIESGO;SIN RIESGO;3193;PLANTA ACUAVALLE S.A ESP;RÍO FRAYLE;17,5/30;FAVORABLE;2026-02-26;COD_DANE_UNICO;CRUCE_OK;GEORREFERENCIADA;;425;INSTITUCION EDUCATIVA LAS AMERICAS;MERCEDITAS FORERO DE GONZALEZ;ACTIVA;OFICIAL;COMPLETA;EDUCACIÓN BÁSICA PRIMARIA;CLL 13 CRA 11 ESQ BRR/MONCALEANO;-76.22801136;3.324890193;-76.22801136;3.324890193;-76.23;3.32;SEDESUESVALLE;COORDENADA_ORIGINAL_SEDESUESVALLE;1;53;2.019;IE LAS AMERICAS;MERCEDITAS FORERO DE GONZALEZ;URBANA;CLL 11 CR 11 ESQUINA;COINCIDENCIA_NOMBRE_FUERTE;0.93;RUTINARIO;Sin riesgo y bajo;SIN_BRECHAS;NO;ALTA;17.82;BAJA;Mantener seguimiento rutinario.;0.0;BAJA
675;376275000795;FLORIDA;COLEGIO RICARDO NIETO;RURAL;CALLE 8 # 15 - 33;RICARDO NIETO;3117714868;19;19;0;0;ESCUELAS_IRCAS;DATO_PRINCIPAL_ESCUELAS_IRCAS;NO;SI;ACUAVALLE S.A ESP;SIN RIESGO;SIN RIESGO;3193;PLANTA ACUAVALLE S.A ESP;RÍO FRAYLE;28,5/30;FAVORABLE;2026-02-26;SIN_COINCIDENCIA;PENDIENTE;SIN_COORDENADAS;;;;;;;;;;;;;;;;SIN_COORDENADA;SIN_COORDENADA;0;0;;;;;;SIN_COINCIDENCIA_FUERTE;0.769;RUTINARIO;Sin riesgo y bajo;"SIN_COORDENADA; CRUCE_PENDIENTE";SI;MEDIA;14.33;BAJA;Priorizar georreferenciación de la sede educativa.;0.0;BAJA
676;376275001350;FLORIDA;COLEGIO EMANUEL;URBANO;CALLE 10 # 16  - 52;EMANUEL;3206779576;505;505;0;0;ESCUELAS_IRCAS;DATO_PRINCIPAL_ESCUELAS_IRCAS;NO;SI;ACUAVALLE S.A ESP;SIN RIESGO;SIN RIESGO;3193;PLANTA ACUAVALLE S.A ESP;RÍO FRAYLE;15/30;FAVORABLE;2026-02-26;SIN_COINCIDENCIA;PENDIENTE;SIN_COORDENADAS;;;;;;;;;;;;;;;;SIN_COORDENADA;SIN_COORDENADA;0;0;;;;;;POSIBLE_COINCIDENCIA_REVISAR;0.857;RUTINARIO;Sin riesgo y bajo;"SIN_COORDENADA; CRUCE_PENDIENTE";SI;MEDIA;23.1;BAJA;Priorizar georreferenciación de la sede educativa.;0.0;BAJA
677;;FLORIDA;JARDIN INFANTIL GIRSOLES DE COLORES;URBANO;CARRERA 13 # 9  - 60;GIRSOLES DE COLORES;3234813024;0;0;0;0;SIN_FUENTE;SIN_DATO_MATRICULA;SI;SI;ACUAVALLE S.A ESP;SIN RIESGO;SIN RIESGO;3193;PLANTA ACUAVALLE S.A ESP;RÍO FRAYLE;22,5/30;FAVORABLE;2026-02-26;SIN_COINCIDENCIA;PENDIENTE;SIN_COORDENADAS;;;;;;;;;;;;;;;;SIN_COORDENADA;SIN_COORDENADA;0;0;;;;;;SIN_COINCIDENCIA_FUERTE;0.689;RUTINARIO;Sin riesgo y bajo;"SIN_MATRICULA_VALIDADA; SIN_COORDENADA; CRUCE_PENDIENTE";SI;BAJA;8.6;BAJA;Priorizar georreferenciación de la sede educativa.;0.0;BAJA
678;;FLORIDA;CENTRO REGIONAL DE ESTUDIOS INTEGRADOS CREI;URBANO;CALLE 9 # 15  - 54;CENTRO REGIONAL DE ESTUDIOS INTEGRADOS CREI;3117721930;210;210;0;0;ESCUELAS_IRCAS;DATO_PRINCIPAL_ESCUELAS_IRCAS;NO;SI;ACUAVALLE S.A ESP;SIN RIESGO;SIN RIESGO;3193;PLANTA ACUAVALLE S.A ESP;RÍO FRAYLE;20/30;FAVORABLE;2026-02-26;SIN_COINCIDENCIA;PENDIENTE;SIN_COORDENADAS;;;;;;;;;;;;;;;;SIN_COORDENADA;SIN_COORDENADA;0;0;;;;;;SIN_COINCIDENCIA_FUERTE;0.479;RUTINARIO;Sin riesgo y bajo;"SIN_COORDENADA; CRUCE_PENDIENTE";SI;MEDIA;20.73;BAJA;Priorizar georreferenciación de la sede educativa.;0.0;BAJA
679;376275001686;FLORIDA;COLEGIO TECNICO AGROAMBIENTAL ALEXANDER VON HUMBOLDT;URBANO;CARRERA 19 # 11  - 59;ALEXANDER VON HUMBOLDT;3153860108;0;0;0;0;SIN_FUENTE;SIN_DATO_MATRICULA;SI;SI;ACUAVALLE S.A ESP;SIN RIESGO;SIN RIESGO;3193;PLANTA ACUAVALLE S.A ESP;RÍO FRAYLE;29/30;FAVORABLE;2026-02-26;SIN_COINCIDENCIA;PENDIENTE;SIN_COORDENADAS;;;;;;;;;;;;;;;;SIN_COORDENADA;SIN_COORDENADA;0;0;;;;;;SIN_COINCIDENCIA_FUERTE;0.389;RUTINARIO;Sin riesgo y bajo;"SIN_MATRICULA_VALIDADA; SIN_COORDENADA; CRUCE_PENDIENTE";SI;BAJA;8.6;BAJA;Priorizar georreferenciación de la sede educativa.;0.0;BAJA
680;276275000341;FLORIDA;I.E. ATANASIO GIRARDOT SEDE CRISTO REY;RURAL;VEREDA CAÑAS ABAJO;CRISTO REY;;13;13;13;0;ESCUELAS_IRCAS;DATO_PRINCIPAL_ESCUELAS_IRCAS;NO;SI;ACUAVALLE S.A ESP;SIN RIESGO;SIN RIESGO;3193;PLANTA ACUAVALLE S.A ESP;RÍO FRAYLE;;FAVORABLE;2026-02-26;COD_DANE_UNICO;CRUCE_OK;GEORREFERENCIADA;;452;INSTITUCION ETNOEDUCATIVA ATANASIO GIRARDOT;CRISTO REY;ACTIVA;OFICIAL;COMPLETA;EDUCACIÓN BÁSICA PRIMARIA;VDA CAÑAS ABAJO;-76.3008905269;3.28738376973;-76.3008905269;3.28738376973;;;SEDESUESVALLE;COORDENADA_ORIGINAL_SEDESUESVALLE;1;13;;;;;;COINCIDENCIA_NOMBRE_FUERTE_CON_POSIBLE_EMPATE;0.93;RUTINARIO;Sin riesgo y bajo;SIN_BRECHAS;NO;ALTA;11.36;BAJA;Mantener seguimiento rutinario con control territorial rural.;0.0;BAJA
681;276275000294;FLORIDA;I.E. ATANASIO GIRARDOT SEDE EL BARBULA;RURAL;CORREGIMIENTO DE TARRAGONA;EL BARBULA;3152696009;21;21;24;0;ESCUELAS_IRCAS;DATO_PRINCIPAL_ESCUELAS_IRCAS;NO;SI;ACUAVALLE S.A ESP;SIN RIESGO;SIN RIESGO;3193;PLANTA ACUAVALLE S.A ESP;RÍO FRAYLE;17,5/30;FAVORABLE;2026-02-26;COD_DANE_UNICO;CRUCE_OK;GEORREFERENCIADA;;408;INSTITUCION ETNOEDUCATIVA ATANASIO GIRARDOT;EL BARBULA;ACTIVA;OFICIAL;COMPLETA;EDUCACIÓN MEDIA;CORREG TARRAGONA;-76.33602305;3.28600847;-76.33602305;3.28600847;;;SEDESUESVALLE;COORDENADA_ORIGINAL_SEDESUESVALLE;1;24;;;;;;COINCIDENCIA_NOMBRE_FUERTE_CON_POSIBLE_EMPATE;0.93;RUTINARIO;Sin riesgo y bajo;SIN_BRECHAS;NO;ALTA;12.59;BAJA;Mantener seguimiento rutinario con control territorial rural.;0.0;BAJA
682;276275000197;FLORIDA;I.E. ATANASIO GIRARDOT SEDE ATANASIO GIRARDOT;RURAL;CORREGIMIENTO CHOCOCITO;ATANASIO GIRARDOT;3152696009;173;0;173;274;SEDESUESVALLE;COMPLEMENTADA_CON_SEDESUESVALLE;NO;SI;ACUAVALLE S.A ESP;SIN RIESGO;SIN RIESGO;3193;PLANTA ACUAVALLE S.A ESP;RÍO FRAYLE;25/30;FAVORABLE;2026-02-26;COD_DANE_UNICO;CRUCE_OK;GEORREFERENCIADA;;409;INSTITUCION ETNOEDUCATIVA ATANASIO GIRARDOT;ATANASIO GIRARDOT;ACTIVA;OFICIAL;COMPLETA;EDUCACIÓN MEDIA;CORREG CHOCOCITO;-76.300827;3.286646;-76.300827;3.286646;-76.3;3.29;SEDESUESVALLE;COORDENADA_ORIGINAL_SEDESUESVALLE;1;173;2.019;IE ATANASIO GIRARDOT;ATANASIO GIRARDOT;RURAL;CHOCOCITO;COINCIDENCIA_NOMBRE_FUERTE;0.93;RUTINARIO;Sin riesgo y bajo;SIN_BRECHAS;NO;ALTA;18.2;BAJA;Mantener seguimiento rutinario con control territorial rural.;0.0;BAJA
683;276275000359;FLORIDA;I.E. ATANASIO GIRARDOT SEDE SANTA ANA;RURAL;VEREDA EL REMOLINO;SANTA ANA;3152696009;53;53;0;0;ESCUELAS_IRCAS;DATO_PRINCIPAL_ESCUELAS_IRCAS;NO;SI;ACUAVALLE S.A ESP;SIN RIESGO;SIN RIESGO;3193;PLANTA ACUAVALLE S.A ESP;RÍO FRAYLE;15/30;FAVORABLE;2026-02-26;MUNICIPIO+NOMBRE_EXACTO;CRUCE_RECUPERADO;SIN_COORDENADAS;;410;;;;;;;;;;;;;;SIN_COORDENADA;SIN_COORDENADA;0;0;;;;;;COINCIDENCIA_NOMBRE_FUERTE_CON_POSIBLE_EMPATE;0.93;RUTINARIO;Sin riesgo y bajo;SIN_COORDENADA;SI;MEDIA;17.03;BAJA;Priorizar georreferenciación de la sede educativa.;0.0;BAJA
684;276275001177;FLORIDA;I.E. ATANASIO GIRARDOT SEDE TULIO GONZALES FORERO;RURAL;VEREDA LA ACEQUIA;TULIO GONZALES FORERO;3152696009;11;0;11;0;SEDESUESVALLE;COMPLEMENTADA_CON_SEDESUESVALLE;NO;SI;ACUAVALLE S.A ESP;SIN RIESGO;SIN RIESGO;3193;PLANTA ACUAVALLE S.A ESP;RÍO FRAYLE;22,5/30;FAVORABLE;2026-02-26;COD_DANE_UNICO;CRUCE_OK;GEORREFERENCIADA;;411;INSTITUCION ETNOEDUCATIVA ATANASIO GIRARDOT;TULIO GONZALES FORERO;ACTIVA;OFICIAL;COMPLETA;EDUCACIÓN BÁSICA PRIMARIA;VDA LA ACEQUIA;-76.27648893;3.286079854;-76.27648893;3.286079854;;;SEDESUESVALLE;COORDENADA_ORIGINAL_SEDESUESVALLE;1;11;;;;;;COINCIDENCIA_NOMBRE_FUERTE_CON_POSIBLE_EMPATE;0.93;RUTINARIO;Sin riesgo y bajo;SIN_BRECHAS;NO;ALTA;10.94;BAJA;Mantener seguimiento rutinario con control territorial rural.;0.0;BAJA
685;176275000265;FLORIDA;I.E. CIUDAD FLORIDA SEDE JULIO CASTAÑO;URBANO;CARRERA 14 # 10  - 61;JULIO CASTAÑO;6022644455;75;0;75;274;SEDESUESVALLE;COMPLEMENTADA_CON_SEDESUESVALLE;NO;SI;ACUAVALLE S.A ESP;SIN RIESGO;SIN RIESGO;3193;PLANTA ACUAVALLE S.A ESP;RÍO FRAYLE;25/30;FAVORABLE;2026-02-26;COD_DANE_UNICO;CRUCE_OK;GEORREFERENCIADA;;427;INSTITUCION EDUCATIVA CIUDAD FLORIDA;JULIO CASTAÑO;ACTIVA;OFICIAL;MAÑANA;EDUCACIÓN BÁSICA PRIMARIA;CLL 11 # 14-15 BRR/SAN ANTONIO;-76.2315256682;3.32391465551;-76.2315256682;3.32391465551;-76.23;3.32;SEDESUESVALLE;COORDENADA_ORIGINAL_SEDESUESVALLE;1;75;2.019;IE CIUDAD FLORIDA;JULIO CASTAÑO;URBANA;CLL 11 NO 14-15;COINCIDENCIA_NOMBRE_FUERTE;0.93;RUTINARIO;Sin riesgo y bajo;SIN_BRECHAS;NO;ALTA;15.96;BAJA;Mantener seguimiento rutinario.;0.0;BAJA
686;176275000141;FLORIDA;I.E. CIUDAD FLORIDA SEDE ANTONIO ISAZA;URBANO;CALLE 2 # 14A  - 35;ANTONIO ISAZA;6022642791;71;71;38;89;ESCUELAS_IRCAS;DATO_PRINCIPAL_ESCUELAS_IRCAS;NO;SI;ACUAVALLE S.A ESP;SIN RIESGO;SIN RIESGO;3193;PLANTA ACUAVALLE S.A ESP;RÍO FRAYLE;15/30;FAVORABLE;2026-02-26;COD_DANE_UNICO;CRUCE_OK;GEORREFERENCIADA;;431;INSTITUCION EDUCATIVA CIUDAD FLORIDA;ANTONIO ISAZA;ACTIVA;OFICIAL;MAÑANA;EDUCACIÓN BÁSICA PRIMARIA;CLL 2 # 14-35 BRR/ABSALON FAJARDO;-76.2347224767;3.31756069976;-76.2347224767;3.31756069976;-76.23;3.32;SEDESUESVALLE;COORDENADA_ORIGINAL_SEDESUESVALLE;1;38;2.019;IE CIUDAD FLORIDA;ANTONIO ISAZA;URBANA;CLL 2 NO 14-35;COINCIDENCIA_NOMBRE_FUERTE;0.93;RUTINARIO;Sin riesgo y bajo;SIN_BRECHAS;NO;ALTA;15.81;BAJA;Mantener seguimiento rutinario.;0.0;BAJA
687;176275000311;FLORIDA;I.E. CIUDAD FLORIDA SEDE GABRIELA MISTRAL;URBANO;CALLE 6 # 12A  - 10;GABRIELA MISTRAL;3178245691;139;139;142;126;ESCUELAS_IRCAS;DATO_PRINCIPAL_ESCUELAS_IRCAS;NO;SI;ACUAVALLE S.A ESP;SIN RIESGO;SIN RIESGO;3193;PLANTA ACUAVALLE S.A ESP;RÍO FRAYLE;20/30;FAVORABLE;2026-02-26;COD_DANE_UNICO;CRUCE_OK;GEORREFERENCIADA;;433;INSTITUCION EDUCATIVA CIUDAD FLORIDA;GABRIELA MISTRAL;ACTIVA;OFICIAL;MAÑANA;EDUCACIÓN MEDIA;CLL 6 # 12-09 BRR/LA CABAÑA;-76.2317622027;3.31947862513;-76.2317622027;3.31947862513;-76.23;3.32;SEDESUESVALLE;COORDENADA_ORIGINAL_SEDESUESVALLE;1;142;2.019;IE CIUDAD FLORIDA;GABRIELA MISTRAL;URBANA;CLL 6 NO 12A-10;COINCIDENCIA_NOMBRE_FUERTE;0.93;RUTINARIO;Sin riesgo y bajo;SIN_BRECHAS;NO;ALTA;17.61;BAJA;Mantener seguimiento rutinario.;0.0;BAJA
688;276275000944;FLORIDA;I.E. REGIONAL SIMON BOLIVAR SEDE SIMON BOLIVAR (PRINCIPAL);RURAL;CORREGIMIENTO SAN ANTONIO DE LOS CABALLEROS;SIMON BOLIVAR (PRINCIPAL);2627442;370;370;0;0;ESCUELAS_IRCAS;DATO_PRINCIPAL_ESCUELAS_IRCAS;NO;SI;ACUAVALLE S.A ESP;SIN RIESGO;SIN RIESGO;3193;PLANTA ACUAVALLE S.A ESP;RÍO FRAYLE;15/30;FAVORABLE;2026-02-26;MUNICIPIO+NOMBRE_EXACTO;CRUCE_RECUPERADO;SIN_COORDENADAS;;437;;;;;;;;;;;;;;SIN_COORDENADA;SIN_COORDENADA;0;0;;;;;;COINCIDENCIA_NOMBRE_FUERTE_CON_POSIBLE_EMPATE;0.93;RUTINARIO;Sin riesgo y bajo;SIN_COORDENADA;SI;MEDIA;22.26;BAJA;Priorizar georreferenciación de la sede educativa.;0.0;BAJA
689;;FLORIDA;INSTITUTO DE FORMACION LABORAL INSDEFORLA;URBANO;CARRERA 8 # 7  - 17;INSTITUTO DE FORMACION LABORAL INSDEFORLA;3113456364;50;50;0;0;ESCUELAS_IRCAS;DATO_PRINCIPAL_ESCUELAS_IRCAS;NO;SI;ACUAVALLE S.A ESP;SIN RIESGO;SIN RIESGO;3193;PLANTA ACUAVALLE S.A ESP;RÍO FRAYLE;20/30;FAVORABLE;2026-02-26;SIN_COINCIDENCIA;PENDIENTE;SIN_COORDENADAS;;;;;;;;;;;;;;;;SIN_COORDENADA;SIN_COORDENADA;0;0;;;;;;SIN_COINCIDENCIA_FUERTE;0.476;RUTINARIO;Sin riesgo y bajo;"SIN_COORDENADA; CRUCE_PENDIENTE";SI;MEDIA;16.87;BAJA;Priorizar georreferenciación de la sede educativa.;0.0;BAJA
690;;FLORIDA;INSTITUCIONAL EDUCATIVA HAPPY KIDS;URBANO;CARRERA 17 # 6  - 37;HAPPY KIDS;3106942864;0;0;0;0;SIN_FUENTE;SIN_DATO_MATRICULA;SI;SI;ACUAVALLE S.A ESP;SIN RIESGO;SIN RIESGO;3193;PLANTA ACUAVALLE S.A ESP;RÍO FRAYLE;29/30;FAVORABLE;2026-02-26;SIN_COINCIDENCIA;PENDIENTE;SIN_COORDENADAS;;;;;;;;;;;;;;;;SIN_COORDENADA;SIN_COORDENADA;0;0;;;;;;SIN_COINCIDENCIA_FUERTE;0.427;RUTINARIO;Sin riesgo y bajo;"SIN_MATRICULA_VALIDADA; SIN_COORDENADA; CRUCE_PENDIENTE";SI;BAJA;8.6;BAJA;Priorizar georreferenciación de la sede educativa.;0.0;BAJA
691;;FLORIDA;INSTITUCION EDUCATIVA  CENTRO DE ESTUDIO TECNICO LABORAL DE COLOMBIA;URBANO;CARRERA 22 # 9  - 65;CENTRO DE ESTUDIO TECNICO LABORAL DE COLOMBIA;3154514239;0;0;0;0;SIN_FUENTE;SIN_DATO_MATRICULA;SI;SI;ACUAVALLE S.A ESP;SIN RIESGO;SIN RIESGO;3193;PLANTA ACUAVALLE S.A ESP;RÍO FRAYLE;27/30;FAVORABLE;2026-02-26;SIN_COINCIDENCIA;PENDIENTE;SIN_COORDENADAS;;;;;;;;;;;;;;;;SIN_COORDENADA;SIN_COORDENADA;0;0;;;;;;SIN_COINCIDENCIA_FUERTE;0.433;RUTINARIO;Sin riesgo y bajo;"SIN_MATRICULA_VALIDADA; SIN_COORDENADA; CRUCE_PENDIENTE";SI;BAJA;8.6;BAJA;Priorizar georreferenciación de la sede educativa.;0.0;BAJA
692;276318000013;GUACARÍ;I.E. SIMON BOLIVAR SEDE MANUELA BELTRÁN (PRINCIPAL);RURAL;CORREGIMIENTO DE SONSO;MANUELA BELTRÁN (PRINCIPAL);3158973577;0;0;0;0;SIN_FUENTE;SIN_DATO_MATRICULA;SI;SI;ACUAVALLE S.A ESP;SIN RIESGO;SIN RIESGO;39;PLANTA ACUAVALLE S.A ESP;RIO GUABAS;0.31;FAVORABLE;2026-03-12;MUNICIPIO+NOMBRE_EXACTO;CRUCE_RECUPERADO;SIN_COORDENADAS;;481;;;;;;;;;;;;;;SIN_COORDENADA;SIN_COORDENADA;0;0;;;;;;COINCIDENCIA_NOMBRE_FUERTE_CON_POSIBLE_EMPATE;0.93;RUTINARIO;Sin riesgo y bajo;"SIN_MATRICULA_VALIDADA; SIN_COORDENADA";SI;BAJA;8.6;BAJA;Priorizar georreferenciación de la sede educativa.;0.0;BAJA
693;276318000111;GUACARÍ;I.E. JOSE CELESTINO MUTIS SEDE JOSE CELESTINO MUTIS;RURAL;CORREGIMIENTO DE GUABAS;JOSE CELESTINO MUTIS;6022570768;107;107;107;178;ESCUELAS_IRCAS;DATO_PRINCIPAL_ESCUELAS_IRCAS;NO;SI;ACUAVALLE S.A ESP;SIN RIESGO;SIN RIESGO;39;PLANTA ACUAVALLE S.A ESP;RIO GUABAS;0.31;FAVORABLE;2026-03-12;COD_DANE_UNICO;CRUCE_OK;GEORREFERENCIADA;;482;INSTITUCION EDUCATIVA JOSE CELESTINO MUTIS;JOSE CELESTINO MUTIS;ACTIVA;OFICIAL;UNICA;EDUCACIÓN MEDIA;CORREG GUABAS;-76.36652044;3.766557524;-76.36652044;3.766557524;-76.37;3.77;SEDESUESVALLE;COORDENADA_ORIGINAL_SEDESUESVALLE;1;107;2.019;IE JOSE CELESTINO MUTIS;JOSE CELESTINO MUTIS;RURAL;CORREG. GUABAS;COINCIDENCIA_NOMBRE_FUERTE;0.93;RUTINARIO;Sin riesgo y bajo;SIN_BRECHAS;NO;ALTA;16.91;BAJA;Mantener seguimiento rutinario con control territorial rural.;0.0;BAJA
694;276318000510;GUACARÍ;I.E. JOSE CELESTINO MUTIS SEDE PEDRO VICENTE ABADIA;RURAL;CORREGIMIENTO DE GUABAS;PEDRO VICENTE ABADIA;6022570768;131;131;131;0;ESCUELAS_IRCAS;DATO_PRINCIPAL_ESCUELAS_IRCAS;NO;SI;ACUAVALLE S.A ESP;SIN RIESGO;SIN RIESGO;39;PLANTA ACUAVALLE S.A ESP;RIO GUABAS;0.31;FAVORABLE;2026-03-12;COD_DANE_DUPLICADO+NOMBRE_EXACTO;CRUCE_OK_CONTROLADO;GEORREFERENCIADA;;483;INSTITUCION EDUCATIVA GENERAL SANTANDER;SATELITE PEDRO VICENTE ABADIA;ACTIVA;OFICIAL;ESPECIAL;EDUCACIÓN MEDIA;CORREG STA ROSA DE TAPIAS;-76.242609;3.82012;-76.242609;3.82012;;;SEDESUESVALLE;COORDENADA_ORIGINAL_SEDESUESVALLE;1;131;;;;;;COINCIDENCIA_NOMBRE_FUERTE_CON_POSIBLE_EMPATE;0.93;RUTINARIO;Sin riesgo y bajo;SIN_BRECHAS;NO;ALTA;17.45;BAJA;Mantener seguimiento rutinario con control territorial rural.;0.0;BAJA
695;276318000226;GUACARÍ;I.E. JOSE IGNACIO OSPINA SEDE PRINCIPAL;RURAL;CORREGIMIENTO GUABITAS;PRINCIPAL;SD;260;260;0;56;ESCUELAS_IRCAS;DATO_PRINCIPAL_ESCUELAS_IRCAS;NO;SI;ACUAVALLE S.A ESP;SIN RIESGO;SIN RIESGO;39;PLANTA ACUAVALLE S.A ESP;RIO GUABAS;0.31;FAVORABLE;2026-03-12;MUNICIPIO+NOMBRE_EXACTO;CRUCE_RECUPERADO;GEORREFERENCIADA;;484;;;;;;;;-76.3;3.76;;;-76.3;3.76;MEN_SEDES;COMPLEMENTADA_CON_MEN;0;0;2.019;IE JOSE IGNACIO OSPINA;JOSE IGNACIO OSPINA;RURAL;GUABITAS;COINCIDENCIA_NOMBRE_FUERTE;0.93;RUTINARIO;Sin riesgo y bajo;SIN_BRECHAS;NO;ALTA;19.3;BAJA;Mantener seguimiento rutinario con control territorial rural.;0.0;BAJA
696;276318000277;GUACARÍ;I.E. SIMON BOLIVAR SEDE SIMON BOLIVAR;RURAL;CARRERA 4 # 6  - 11.  SONSO;SIMON BOLIVAR;3158973577;186;186;186;285;ESCUELAS_IRCAS;DATO_PRINCIPAL_ESCUELAS_IRCAS;NO;SI;ACUAVALLE S.A ESP;SIN RIESGO;SIN RIESGO;39;PLANTA ACUAVALLE S.A ESP;RIO GUABAS;0.31;FAVORABLE;2026-03-12;COD_DANE_UNICO;CRUCE_OK;GEORREFERENCIADA;;485;INSTITUCION EDUCATIVA SIMON BOLIVAR;SIMON BOLIVAR;ACTIVA;OFICIAL;COMPLETA;EDUCACIÓN MEDIA;CORREG DE SONSO;-76.30559673;3.798908676;-76.30559673;3.798908676;-76.31;3.8;SEDESUESVALLE;COORDENADA_ORIGINAL_SEDESUESVALLE;1;186;2.019;IE SIMON BOLIVAR;SIMON BOLIVAR;RURAL;CORREG. SONSO;COINCIDENCIA_NOMBRE_FUERTE;0.93;RUTINARIO;Sin riesgo y bajo;SIN_BRECHAS;NO;ALTA;18.4;BAJA;Mantener seguimiento rutinario con control territorial rural.;0.0;BAJA
697;176318000256;GUACARÍ;I.E. PEDRO VICENTE ABADIA SEDE SAULO RICARDO MOLINA;URBANO;CARRERA 8 # 5  - 38;SAULO RICARDO MOLINA;6022558201;230;230;230;0;ESCUELAS_IRCAS;DATO_PRINCIPAL_ESCUELAS_IRCAS;NO;SI;ACUAVALLE S.A ESP;SIN RIESGO;SIN RIESGO;39;PLANTA ACUAVALLE S.A ESP;RIO GUABAS;0.32;FAVORABLE;2026-03-12;COD_DANE_UNICO;CRUCE_OK;GEORREFERENCIADA;;486;INSTITUCION EDUCATIVA PEDRO VICENTE ABADIA;SAULO RICARDO MOLINA;ACTIVA;OFICIAL;MAÑANA;EDUCACIÓN MEDIA;CR 8 # 5-38;-76.3334208464;3.76451137495;-76.3334208464;3.76451137495;;;SEDESUESVALLE;COORDENADA_ORIGINAL_SEDESUESVALLE;1;230;;;;;;COINCIDENCIA_NOMBRE_FUERTE_CON_POSIBLE_EMPATE;0.93;RUTINARIO;Sin riesgo y bajo;SIN_BRECHAS;NO;ALTA;18.97;BAJA;Mantener seguimiento rutinario.;0.0;BAJA
698;276318000510;GUACARÍ;I.E. PEDRO VICENTE ABADIA SEDE PEDRO VICENTE ABADIA;URBANO;CALLE 1 # 10  - 39;PEDRO VICENTE ABADIA;6022538449;131;131;131;0;ESCUELAS_IRCAS;DATO_PRINCIPAL_ESCUELAS_IRCAS;NO;SI;ACUAVALLE S.A ESP;SIN RIESGO;SIN RIESGO;39;PLANTA ACUAVALLE S.A ESP;RIO GUABAS;0.32;FAVORABLE;2026-03-12;COD_DANE_DUPLICADO+NOMBRE_EXACTO;CRUCE_OK_CONTROLADO;GEORREFERENCIADA;;487;INSTITUCION EDUCATIVA GENERAL SANTANDER;SATELITE PEDRO VICENTE ABADIA;ACTIVA;OFICIAL;ESPECIAL;EDUCACIÓN MEDIA;CORREG STA ROSA DE TAPIAS;-76.242609;3.82012;-76.242609;3.82012;;;SEDESUESVALLE;COORDENADA_ORIGINAL_SEDESUESVALLE;1;131;;;;;;COINCIDENCIA_NOMBRE_FUERTE_CON_POSIBLE_EMPATE;0.93;RUTINARIO;Sin riesgo y bajo;SIN_BRECHAS;NO;ALTA;17.45;BAJA;Mantener seguimiento rutinario.;0.0;BAJA
699;176318000183;GUACARÍ;I.E. PEDRO VICENTE ABADIA SEDE AUGUSTO DOMINGUEZ;URBANO;CARRERA 11 CALLE 4 ESQUINA;AUGUSTO DOMINGUEZ;6022538449;344;344;344;0;ESCUELAS_IRCAS;DATO_PRINCIPAL_ESCUELAS_IRCAS;NO;SI;ACUAVALLE S.A ESP;SIN RIESGO;SIN RIESGO;39;PLANTA ACUAVALLE S.A ESP;RIO GUABAS;0.32;FAVORABLE;2026-03-12;COD_DANE_UNICO;CRUCE_OK;GEORREFERENCIADA;;488;INSTITUCION EDUCATIVA PEDRO VICENTE ABADIA;AUGUSTO DOMINGUEZ;ACTIVA;OFICIAL;MAÑANA;EDUCACIÓN BÁSICA PRIMARIA;CL 4 CR 11 ESQ;-76.33679716;3.764091267;-76.33679716;3.764091267;;;SEDESUESVALLE;COORDENADA_ORIGINAL_SEDESUESVALLE;1;344;;;;;;COINCIDENCIA_NOMBRE_FUERTE_CON_POSIBLE_EMPATE;0.93;RUTINARIO;Sin riesgo y bajo;SIN_BRECHAS;NO;ALTA;20.06;BAJA;Mantener seguimiento rutinario.;0.0;BAJA
700;276318000145;GUACARÍ;I.E. PEDRO VICENTE ABADIA SEDE CARMEN ARZAYÚZ DE SAAVEDRA;RURAL;CORREGIMIENTO CANANGUA;CARMEN ARZAYÚZ DE SAAVEDRA;6022538449;33;33;33;0;ESCUELAS_IRCAS;DATO_PRINCIPAL_ESCUELAS_IRCAS;NO;SI;ACUAVALLE S.A ESP;SIN RIESGO;SIN RIESGO;39;PLANTA ACUAVALLE S.A ESP;RIO GUABAS;0.32;FAVORABLE;2026-03-12;COD_DANE_UNICO;CRUCE_OK;GEORREFERENCIADA;;494;INSTITUCION EDUCATIVA PEDRO VICENTE ABADIA;CARMEN ARZAYUS;ACTIVA;OFICIAL;MAÑANA;EDUCACIÓN BÁSICA SECUNDARIA;CORREG CANANGUA;-76.35224368;3.786145247;-76.35224368;3.786145247;;;SEDESUESVALLE;COORDENADA_ORIGINAL_SEDESUESVALLE;1;33;;;;;;COINCIDENCIA_NOMBRE_FUERTE_CON_POSIBLE_EMPATE;0.93;RUTINARIO;Sin riesgo y bajo;SIN_BRECHAS;NO;ALTA;13.77;BAJA;Mantener seguimiento rutinario con control territorial rural.;0.0;BAJA
701;176318000264;GUACARÍ;I.E. ESCUELA NORMAL SUPERIOR MIGUEL DE CERVANTES SAAVEDRA SEDE MIGUEL DE CERVANTES SAAVEDRA;URBANO;CALLE 3 # 8  - 65;MIGUEL DE CERVANTES SAAVEDRA;6022530429;788;788;788;1098;ESCUELAS_IRCAS;DATO_PRINCIPAL_ESCUELAS_IRCAS;NO;SI;ACUAVALLE S.A ESP;SIN RIESGO;SIN RIESGO;39;PLANTA ACUAVALLE S.A ESP;RIO GUABAS;0.31;FAVORABLE;2026-03-12;COD_DANE_UNICO;CRUCE_OK;GEORREFERENCIADA;;497;INSTITUCION EDUCATIVA  NORMAL SUPERIOR MIGUEL DE CERVANTES SAAVEDRA GALINDO;MIGUEL DE CERVANTES SAAVEDRA;ACTIVA;OFICIAL;MAÑANA;EDUCACIÓN MEDIA;CL 3 # 8-65;-76.3340630371;3.76224225573;-76.3340630371;3.76224225573;-76.33;3.76;SEDESUESVALLE;COORDENADA_ORIGINAL_SEDESUESVALLE;1;788;2.019;IE ESCUELA NORMAL SUPERIOR MIGUEL DE CERVANTES SAAVEDRA;MIGUEL DE CERVANTES SAAVEDRA;URBANA;CLL 3 NO 8-65;COINCIDENCIA_NOMBRE_FUERTE;0.96;RUTINARIO;Sin riesgo y bajo;SIN_BRECHAS;NO;ALTA;22.31;BAJA;Mantener seguimiento rutinario.;0.0;BAJA
702;276318000056;GUACARÍ;I.E. GENERAL SANTANDER SEDE MERCEDES ABREGO;RURAL;VEREDA ALTO DE LA JULIA;MERCEDES ABREGO;3014701841;16;16;16;0;ESCUELAS_IRCAS;DATO_PRINCIPAL_ESCUELAS_IRCAS;NO;SI;ACUAVALLE S.A ESP;SIN RIESGO;SIN RIESGO;39;PLANTA ACUAVALLE S.A ESP;RIO GUABAS;0.31;FAVORABLE;2026-03-12;COD_DANE_UNICO;CRUCE_OK;GEORREFERENCIADA;;501;INSTITUCION EDUCATIVA GENERAL SANTANDER;MERCEDES ABREGO;ACTIVA;OFICIAL;ESPECIAL;EDUCACIÓN MEDIA;CORREG ALTO DE JULIA;-76.24388778;3.801961525;-76.24388778;3.801961525;;;SEDESUESVALLE;COORDENADA_ORIGINAL_SEDESUESVALLE;1;16;;;;;;COINCIDENCIA_NOMBRE_FUERTE_CON_POSIBLE_EMPATE;0.93;RUTINARIO;Sin riesgo y bajo;SIN_BRECHAS;NO;ALTA;11.89;BAJA;Mantener seguimiento rutinario con control territorial rural.;0.0;BAJA
703;176318000418;GUACARÍ;I.E. ESCUELA NORMAL SUPERIOR MIGUEL DE CERVANTES SAAVEDRA SEDE ANTONIA SANTOS;URBANO;CALLE 3 # 5  - 77;ANTONIA SANTOS;3164226740;634;634;634;270;ESCUELAS_IRCAS;DATO_PRINCIPAL_ESCUELAS_IRCAS;NO;SI;ACUAVALLE S.A ESP;SIN RIESGO;SIN RIESGO;39;PLANTA ACUAVALLE S.A ESP;RIO GUABAS;0.31;FAVORABLE;2026-03-12;COD_DANE_UNICO;CRUCE_OK;GEORREFERENCIADA;;502;INSTITUCION EDUCATIVA  NORMAL SUPERIOR MIGUEL DE CERVANTES SAAVEDRA GALINDO;ANTONIA SANTOS;ACTIVA;OFICIAL;MAÑANA;EDUCACIÓN BÁSICA PRIMARIA;CL 3 # 5-77 BRR/LAS AMERICAS;-76.3321132074;3.76168732953;-76.3321132074;3.76168732953;-76.33;3.76;SEDESUESVALLE;COORDENADA_ORIGINAL_SEDESUESVALLE;1;634;2.019;IE ESCUELA NORMAL SUPERIOR MIGUEL DE CERVANTES SAAVEDRA;ANTONIA SANTOS;URBANA;CLL 3 NO 5-77;COINCIDENCIA_NOMBRE_FUERTE;0.952;RUTINARIO;Sin riesgo y bajo;SIN_BRECHAS;NO;ALTA;21.72;BAJA;Mantener seguimiento rutinario.;0.0;BAJA
704;176318000701;GUACARÍ;I.E. PEDRO VICENTE ABADIA SEDE FRANCISCO JOSE DE CALDAS;URBANO;CALLE 5 # 2  - 100;FRANCISCO JOSE DE CALDAS;6022558472;0;0;0;0;SIN_FUENTE;SIN_DATO_MATRICULA;SI;SI;ACUAVALLE S.A ESP;SIN RIESGO;SIN RIESGO;39;PLANTA ACUAVALLE S.A ESP;RIO GUABAS;0.31;FAVORABLE;2026-03-12;MUNICIPIO+NOMBRE_EXACTO;CRUCE_RECUPERADO;SIN_COORDENADAS;;503;;;;;;;;;;;;;;SIN_COORDENADA;SIN_COORDENADA;0;0;;;;;;COINCIDENCIA_NOMBRE_FUERTE_CON_POSIBLE_EMPATE;0.932;RUTINARIO;Sin riesgo y bajo;"SIN_MATRICULA_VALIDADA; SIN_COORDENADA";SI;BAJA;8.6;BAJA;Priorizar georreferenciación de la sede educativa.;0.0;BAJA
705;276318000897;GUACARÍ;I.E. JOSE IGNACIO OSPINA SEDE JOSE ARBEY GARCIA;RURAL;VEREDA EL PLACER;JOSE ARBEY GARCIA;SD;6;6;6;0;ESCUELAS_IRCAS;DATO_PRINCIPAL_ESCUELAS_IRCAS;NO;SI;ACOPLA;SIN RIESGO;SIN RIESGO;1393;PLANTA COMPACTA;RIO GUABAS;14.16;FAVORABLE CON REQUERIMIENTOS;2026-02-12;COD_DANE_UNICO;CRUCE_OK;GEORREFERENCIADA;;493;INSTITUCION EDUCATIVA JOSE IGNACIO OSPINA;JOSE ARBEY GARCIA;ACTIVA;OFICIAL;FIN DE SEMANA;EDUCACIÓN BÁSICA PRIMARIA;CORREG DE CENABITAS;-76.28233749;3.772246816;-76.28233749;3.772246816;;;SEDESUESVALLE;COORDENADA_ORIGINAL_SEDESUESVALLE;1;6;;;;;;COINCIDENCIA_NOMBRE_FUERTE_CON_POSIBLE_EMPATE;0.93;RUTINARIO;Sin riesgo y bajo;SIN_BRECHAS;NO;ALTA;13.08;BAJA;Mantener seguimiento rutinario con control territorial rural.;0.0;BAJA
706;176306000013;GINEBRA;I.E. GINEBRA LA SALLE SEDE GINEBRA LA SALLE;URBANO;CARRERA 1  - 39;GINEBRA LA SALLE;2561129 - 6022561129;643;643;643;936;ESCUELAS_IRCAS;DATO_PRINCIPAL_ESCUELAS_IRCAS;NO;SI;ACUAVALLE S.A ESP;SIN RIESGO;SIN RIESGO;38;PLANTA ACUAVALLE S.A ESP;RÍO GUABAS;0.3;FAVORABLE;2026-01-29;COD_DANE_UNICO;CRUCE_OK;GEORREFERENCIADA;;456;INSTITUCION EDUCATIVA GINEBRA LA SALLE;GINEBRA LA SALLE;ACTIVA;OFICIAL;MAÑANA;CLEI;CR 1 # 3-39;-76.2704866874;3.72589225112;-76.2704866874;3.72589225112;-76.27;3.73;SEDESUESVALLE;COORDENADA_ORIGINAL_SEDESUESVALLE;1;643;2.019;IE GINEBRA LA SALLE;GINEBRA LA SALLE;URBANA;CR 1 NO 3-39;COINCIDENCIA_NOMBRE_FUERTE;0.93;RUTINARIO;Sin riesgo y bajo;SIN_BRECHAS;NO;ALTA;21.76;BAJA;Mantener seguimiento rutinario.;0.0;BAJA
707;176306000048;GINEBRA;I.E. GINEBRA LA SALLE SEDE CARLOS TASCON;URBANO;CARRERA 1 # 3  - 36;CARLOS TASCON;2561129 - 6022561129;118;118;118;0;ESCUELAS_IRCAS;DATO_PRINCIPAL_ESCUELAS_IRCAS;NO;SI;ACUAVALLE S.A ESP;SIN RIESGO;SIN RIESGO;38;PLANTA ACUAVALLE S.A ESP;RÍO GUABAS;0.3;FAVORABLE;2026-01-29;COD_DANE_UNICO;CRUCE_OK;GEORREFERENCIADA;;457;INSTITUCION EDUCATIVA GINEBRA LA SALLE;CARLOS TASCÒN;ACTIVA;OFICIAL;UNICA;EDUCACIÓN BÁSICA SECUNDARIA;CL 4 CR 1 ESQ;-76.26956038;3.725034535;-76.26956038;3.725034535;;;SEDESUESVALLE;COORDENADA_ORIGINAL_SEDESUESVALLE;1;118;;;;;;COINCIDENCIA_NOMBRE_FUERTE_CON_POSIBLE_EMPATE;0.93;RUTINARIO;Sin riesgo y bajo;SIN_BRECHAS;NO;ALTA;17.17;BAJA;Mantener seguimiento rutinario.;0.0;BAJA
708;176306000056;GINEBRA;I.E. GINEBRA LA SALLE SEDE ANTONIA SANTOS;URBANO;CALLE 6 CARRERA 1 ESQUINA;ANTONIA SANTOS;2561129 - 3238023916;130;130;130;0;ESCUELAS_IRCAS;DATO_PRINCIPAL_ESCUELAS_IRCAS;NO;SI;ACUAVALLE S.A ESP;SIN RIESGO;SIN RIESGO;38;PLANTA ACUAVALLE S.A ESP;RÍO GUABAS;0.3;FAVORABLE;2026-01-29;COD_DANE_UNICO;CRUCE_OK;GEORREFERENCIADA;;458;INSTITUCION EDUCATIVA GINEBRA LA SALLE;ANTONIA SANTOS;ACTIVA;OFICIAL;UNICA;EDUCACIÓN BÁSICA PRIMARIA;CALLE 6 CARRERA 1 ESQUINA;-76.26866015;3.726405278;-76.26866015;3.726405278;;;SEDESUESVALLE;COORDENADA_ORIGINAL_SEDESUESVALLE;1;130;;;;;;COINCIDENCIA_NOMBRE_FUERTE_CON_POSIBLE_EMPATE;0.93;RUTINARIO;Sin riesgo y bajo;SIN_BRECHAS;NO;ALTA;17.43;BAJA;Mantener seguimiento rutinario.;0.0;BAJA
709;176306000421;GINEBRA;I.E. INMACULADA CONCEPCION SEDE INMACULADA CONCEPCION;RURAL;CALLE 4 # 10  - 103  VÍA ZABALETAS;INMACULADA CONCEPCION;3163066194;230;230;230;0;ESCUELAS_IRCAS;DATO_PRINCIPAL_ESCUELAS_IRCAS;NO;SI;ACUAVALLE S.A ESP;SIN RIESGO;SIN RIESGO;38;PLANTA ACUAVALLE S.A ESP;RÍO GUABAS;0.3;FAVORABLE;2026-01-29;COD_DANE_DUPLICADO+NOMBRE_EXACTO;CRUCE_OK_CONTROLADO;GEORREFERENCIADA;;459;INSTITUCION EDUCATIVA  MANUELA BELTRAN;INMACULADA CONCEPCION;ACTIVA;OFICIAL;COMPLETA;EDUCACIÓN MEDIA;KR 1 5 02 ESQ .;-76.19082004;3.74410441027;-76.19082004;3.74410441027;;;SEDESUESVALLE;COORDENADA_ORIGINAL_SEDESUESVALLE;1;230;;;;;;COINCIDENCIA_NOMBRE_FUERTE_CON_POSIBLE_EMPATE;0.93;RUTINARIO;Sin riesgo y bajo;SIN_BRECHAS;NO;ALTA;18.97;BAJA;Mantener seguimiento rutinario con control territorial rural.;0.0;BAJA
710;176306000064;GINEBRA;I.E. INMACULADA CONCEPCION SEDE GENERAL ANZOATEGUI;URBANO;CR 10 CL 1 ESQUINA;GENERAL ANZOATEGUI;3216434364 - 3238023916;111;111;111;0;ESCUELAS_IRCAS;DATO_PRINCIPAL_ESCUELAS_IRCAS;NO;SI;ACUAVALLE S.A ESP;SIN RIESGO;SIN RIESGO;38;PLANTA ACUAVALLE S.A ESP;RÍO GUABAS;0.3;FAVORABLE;2026-01-29;COD_DANE_UNICO;CRUCE_OK;GEORREFERENCIADA;;462;INSTITUCION EDUCATIVA INMACULADA CONCEPCION;GENERAL ANZOATEGUI;ACTIVA;OFICIAL;COMPLETA;EDUCACIÓN BÁSICA PRIMARIA;CR 1 CL 10 ESQ;-76.26530817;3.726756003;-76.26530817;3.726756003;;;SEDESUESVALLE;COORDENADA_ORIGINAL_SEDESUESVALLE;1;111;;;;;;COINCIDENCIA_NOMBRE_FUERTE_CON_POSIBLE_EMPATE;0.93;RUTINARIO;Sin riesgo y bajo;SIN_BRECHAS;NO;ALTA;17.01;BAJA;Mantener seguimiento rutinario.;0.0;BAJA
711;176306000307;GINEBRA;I.E. GINEBRA LA SALLE SEDE ALFONSO LINCE;URBANO;CALLE 10 # 1 - 44;ALFONSO LINCE;2561129 - 6022563438;93;93;93;0;ESCUELAS_IRCAS;DATO_PRINCIPAL_ESCUELAS_IRCAS;NO;SI;ACUAVALLE S.A ESP;SIN RIESGO;SIN RIESGO;38;PLANTA ACUAVALLE S.A ESP;RÍO GUABAS;0.3;FAVORABLE;2026-01-29;COD_DANE_UNICO;CRUCE_OK;GEORREFERENCIADA;;463;INSTITUCION EDUCATIVA GINEBRA LA SALLE;ALFONSO LINCE;ACTIVA;OFICIAL;UNICA;EDUCACIÓN BÁSICA PRIMARIA;CL 10 # 1N-44;-76.2662198574;3.72806628024;-76.2662198574;3.72806628024;;;SEDESUESVALLE;COORDENADA_ORIGINAL_SEDESUESVALLE;1;93;;;;;;COINCIDENCIA_NOMBRE_FUERTE_CON_POSIBLE_EMPATE;0.93;RUTINARIO;Sin riesgo y bajo;SIN_BRECHAS;NO;ALTA;16.53;BAJA;Mantener seguimiento rutinario.;0.0;BAJA
712;276306000115;GINEBRA;I.E. GINEBRA LA SALLE SEDE JOSE MARIA VILLEGAS;RURAL;CORREGIMIENTO ZABALETAS;JOSE MARIA VILLEGAS;2561129 - 6022561129;19;19;19;0;ESCUELAS_IRCAS;DATO_PRINCIPAL_ESCUELAS_IRCAS;NO;SI;ACUAVALLE S.A ESP;SIN RIESGO;SIN RIESGO;38;PLANTA ACUAVALLE S.A ESP;RÍO GUABAS;0.3;FAVORABLE;2026-01-29;COD_DANE_UNICO;CRUCE_OK;GEORREFERENCIADA;;467;INSTITUCION EDUCATIVA GINEBRA LA SALLE;JOSE MARIA VILLEGAS;ACTIVA;OFICIAL;UNICA;EDUCACIÓN BÁSICA PRIMARIA;CORREG ZABALETAS;-76.319635;3.71345;-76.319635;3.71345;;;SEDESUESVALLE;COORDENADA_ORIGINAL_SEDESUESVALLE;1;19;;;;;;COINCIDENCIA_NOMBRE_FUERTE_CON_POSIBLE_EMPATE;0.93;RUTINARIO;Sin riesgo y bajo;SIN_BRECHAS;NO;ALTA;12.33;BAJA;Mantener seguimiento rutinario con control territorial rural.;0.0;BAJA
713;276306000093;GINEBRA;I.E. GINEBRA LA SALLE SEDE NUESTRA SEÑORA DE FATIMA;RURAL;VEREDA EL GUABITO;NUESTRA SEÑORA DE FATIMA;2561129 - 6022561129;14;14;14;0;ESCUELAS_IRCAS;DATO_PRINCIPAL_ESCUELAS_IRCAS;NO;SI;ACUAVALLE S.A ESP;SIN RIESGO;SIN RIESGO;38;PLANTA ACUAVALLE S.A ESP;RÍO GUABAS;0.3;FAVORABLE;2026-01-29;COD_DANE_UNICO;CRUCE_OK;GEORREFERENCIADA;;470;INSTITUCION EDUCATIVA GINEBRA LA SALLE;NUESTRA SEÑORA DE FATIMA;ACTIVA;OFICIAL;UNICA;EDUCACIÓN BÁSICA PRIMARIA;VDA EL GUABITO;-76.2931719856;3.73444414654;-76.2931719856;3.73444414654;;;SEDESUESVALLE;COORDENADA_ORIGINAL_SEDESUESVALLE;1;14;;;;;;COINCIDENCIA_NOMBRE_FUERTE_CON_POSIBLE_EMPATE;0.93;RUTINARIO;Sin riesgo y bajo;SIN_BRECHAS;NO;ALTA;11.55;BAJA;Mantener seguimiento rutinario con control territorial rural.;0.0;BAJA
714;276306000158;GINEBRA;I.E. INMACULADA CONCEPCION SEDE SAN ANTONIO;RURAL;CORREGIMIENTO VILLA VANEGAS;SAN ANTONIO;3163066194;13;13;13;0;ESCUELAS_IRCAS;DATO_PRINCIPAL_ESCUELAS_IRCAS;NO;SI;ACUAVALLE S.A ESP;SIN RIESGO;SIN RIESGO;38;PLANTA ACUAVALLE S.A ESP;RÍO GUABAS;0.3;FAVORABLE;2026-01-29;COD_DANE_UNICO;CRUCE_OK;GEORREFERENCIADA;;471;INSTITUCION EDUCATIVA INMACULADA CONCEPCION;SAN ANTONIO;ACTIVA;OFICIAL;COMPLETA;EDUCACIÓN BÁSICA PRIMARIA;VDA VILLA VANEGAS;-76.25295472;3.720926601;-76.25295472;3.720926601;;;SEDESUESVALLE;COORDENADA_ORIGINAL_SEDESUESVALLE;1;13;;;;;;COINCIDENCIA_NOMBRE_FUERTE_CON_POSIBLE_EMPATE;0.93;RUTINARIO;Sin riesgo y bajo;SIN_BRECHAS;NO;ALTA;11.36;BAJA;Mantener seguimiento rutinario con control territorial rural.;0.0;BAJA
715;276306000263;GINEBRA;I.E. GINEBRA LA SALLE SEDE ANTONIO NARIÑO;RURAL;CORREGIMIENTO LA FLORESTA;ANTONIO NARIÑO;2561129 - 6022561129;56;56;56;0;ESCUELAS_IRCAS;DATO_PRINCIPAL_ESCUELAS_IRCAS;NO;SI;ACUAVALLE S.A ESP;SIN RIESGO;SIN RIESGO;38;PLANTA ACUAVALLE S.A ESP;RÍO GUABAS;0.3;FAVORABLE;2026-01-29;COD_DANE_UNICO;CRUCE_OK;GEORREFERENCIADA;;472;INSTITUCION EDUCATIVA GINEBRA LA SALLE;ANTONIO NARIÑO;ACTIVA;OFICIAL;UNICA;EDUCACIÓN BÁSICA SECUNDARIA;CORREG LA FLORESTA;-76.24319893;3.73121777;-76.24319893;3.73121777;;;SEDESUESVALLE;COORDENADA_ORIGINAL_SEDESUESVALLE;1;56;;;;;;COINCIDENCIA_NOMBRE_FUERTE_CON_POSIBLE_EMPATE;0.93;RUTINARIO;Sin riesgo y bajo;SIN_BRECHAS;NO;ALTA;15.17;BAJA;Mantener seguimiento rutinario con control territorial rural.;0.0;BAJA
716;276233000642;DAGUA;I.E. BORRERO AYERBE SEDE RAFAEL NUÑEZ;RURAL;KM 30 VIA LA ZULIA;RAFAEL NUÑEZ;3127963388;200;200;200;196;ESCUELAS_IRCAS;DATO_PRINCIPAL_ESCUELAS_IRCAS;NO;SI;ASOCIACION EMPRESA COMUNITARIA DE ACUEDUCTO DE BORRERO AYERBE ECASP. ESP. - KM. 30;SIN RIESGO;SIN RIESGO;46;ACUEDUCTO RURAL ECASP;RIO JORDAN;21/30;FAVORABLE;2026-02-14;COD_DANE_UNICO;CRUCE_OK;GEORREFERENCIADA;;253;INSTITUCION EDUCATIVA BORRERO AYERBE;RAFAEL NUÑEZ;ACTIVA;OFICIAL;MAÑANA;EDUCACIÓN BÁSICA SECUNDARIA;IPD BORRERO AYERBE;-76.650147;3.574958;-76.650147;3.574958;-76.65;3.57;SEDESUESVALLE;COORDENADA_ORIGINAL_SEDESUESVALLE;1;200;2.019;IE BORRERO AYERBE;RAFAEL NUÑEZ;RURAL;BORRERO AYERBE;COINCIDENCIA_NOMBRE_FUERTE;0.93;RUTINARIO;Sin riesgo y bajo;SIN_BRECHAS;NO;ALTA;18.59;BAJA;Mantener seguimiento rutinario con control territorial rural.;0.0;BAJA
717;276233001223;DAGUA;I.E. BORRERO AYERBE SEDE BELLAVISTA;RURAL;BORRERO AYERBE;BELLAVISTA;3127963388;211;211;211;152;ESCUELAS_IRCAS;DATO_PRINCIPAL_ESCUELAS_IRCAS;NO;SI;ASOCIACION EMPRESA COMUNITARIA DE ACUEDUCTO DE BORRERO AYERBE ECASP. ESP. - KM. 30;SIN RIESGO;SIN RIESGO;46;ACUEDUCTO RURAL ECASP;RIO JORDAN;20/30;FAVORABLE;2026-02-14;COD_DANE_UNICO;CRUCE_OK;GEORREFERENCIADA;;254;INSTITUCION EDUCATIVA BORRERO AYERBE;BELLAVISTA;ACTIVA;OFICIAL;MAÑANA;EDUCACIÓN BÁSICA PRIMARIA;IP BORRERO AYERBE;-76.64456;3.571008;-76.64456;3.571008;-76.64;3.57;SEDESUESVALLE;COORDENADA_ORIGINAL_SEDESUESVALLE;1;211;2.019;IE BORRERO AYERBE;BELLAVISTA;RURAL;BORRERO AYERBE;COINCIDENCIA_NOMBRE_FUERTE;0.93;RUTINARIO;Sin riesgo y bajo;SIN_BRECHAS;NO;ALTA;18.74;BAJA;Mantener seguimiento rutinario con control territorial rural.;0.0;BAJA
718;276233000545;DAGUA;I.E. BORRERO AYERBE SEDE NUESTRA SEÑORA DE FATIMA;RURAL;BORRERO AYERBE - B/ COREA;NUESTRA SEÑORA DE FATIMA;3127963388;178;178;0;54;ESCUELAS_IRCAS;DATO_PRINCIPAL_ESCUELAS_IRCAS;NO;SI;ASOCIACION EMPRESA COMUNITARIA DE ACUEDUCTO DE BORRERO AYERBE ECASP. ESP. - KM. 30;SIN RIESGO;SIN RIESGO;46;ACUEDUCTO RURAL ECASP;RIO JORDAN;22,5/30;FAVORABLE;2026-02-14;MUNICIPIO+NOMBRE_EXACTO;CRUCE_RECUPERADO;GEORREFERENCIADA;;256;;;;;;;;-76.63;3.55;;;-76.63;3.55;MEN_SEDES;COMPLEMENTADA_CON_MEN;0;0;2.019;IE SANTA TERESITA DEL NIÑO JESUS;NUESTRA SEÑORA DE FATIMA;RURAL;VDA. LA CLORINDA;COINCIDENCIA_NOMBRE_FUERTE;0.93;RUTINARIO;Sin riesgo y bajo;SIN_BRECHAS;NO;ALTA;18.28;BAJA;Mantener seguimiento rutinario con control territorial rural.;0.0;BAJA
719;276233001495;DAGUA;I.E. SANTA TERESITA DEL NIÑO JESUS SEDE ALTO DE LAS TORTOLAS;RURAL;VEREDA ALTO DE LAS TORTOLAS;ALTO DE LAS TORTOLAS;3113607301;8;8;8;0;ESCUELAS_IRCAS;DATO_PRINCIPAL_ESCUELAS_IRCAS;NO;SI;ASOCIACION EMPRESA COMUNITARIA ACUASALUD ALTO DE LAS TORTOLAS;SIN RIESGO;SIN RIESGO;3418;ACUEDUCTO RURAL LAS TORTOLAS;RIO JORDAN;17,5/30;FAVORABLE;2025-04-25;COD_DANE_UNICO;CRUCE_OK;GEORREFERENCIADA;;275;INSTITUCION EDUCATIVA SANTA TERESITA DEL NIÑO JESUS;ALTO DE LAS TORTOLAS;ACTIVA;OFICIAL;ESPECIAL;EDUCACIÓN BÁSICA PRIMARIA;VDA LAS TORTOLAS;-76.661919;3.535669;-76.661919;3.535669;;;SEDESUESVALLE;COORDENADA_ORIGINAL_SEDESUESVALLE;1;8;;;;;;COINCIDENCIA_NOMBRE_FUERTE_CON_POSIBLE_EMPATE;0.938;RUTINARIO;Sin riesgo y bajo;SIN_BRECHAS;NO;ALTA;10.16;BAJA;Mantener seguimiento rutinario con control territorial rural.;0.0;BAJA
720;276233000138;DAGUA;I.E. BORRERO AYERBE SEDE CARLOS LOZANO LOZANO;RURAL;KM 34 VEREDA JIGUALES;CARLOS LOZANO LOZANO;3113607301;38;38;38;37;ESCUELAS_IRCAS;DATO_PRINCIPAL_ESCUELAS_IRCAS;NO;SI;ASOCIACION COMUNITARIA DE USUARIOS ACUEDUCTO DE JIGUALES - ACUAJI;RIESGO MEDIO;MEDIO;3427;ACUEDUCTO RURAL JIGUALES;RIO JORDAN;17,5/30;FAVORABLE CON REQUERIMIENTOS;2026-03-12;COD_DANE_UNICO;CRUCE_OK;GEORREFERENCIADA;;282;INSTITUCION EDUCATIVA BORRERO AYERBE;CARLOS LOZANO LOZANO;ACTIVA;OFICIAL;MAÑANA;EDUCACIÓN MEDIA;IPD JIGUALES;-76.666025;3.595172;-76.666025;3.595172;-76.67;3.6;SEDESUESVALLE;COORDENADA_ORIGINAL_SEDESUESVALLE;1;38;2.019;IE BORRERO AYERBE;CARLOS LOZANO LOZANO;RURAL;JIGUALES;COINCIDENCIA_NOMBRE_FUERTE;0.93;PREVENTIVO;Medio;SIN_BRECHAS;NO;ALTA;39.74;MEDIA;Mantener seguimiento preventivo dentro de la programación regular.;3.34;BAJA
721;276895000294;ZARZAL;ESCUELA REPUBLICA DE COLOMBIA;RURAL;CALLE 11  CR 4 ESQUINA - LA PAILA;;2205028;213;213;211;206;ESCUELAS_IRCAS;DATO_PRINCIPAL_ESCUELAS_IRCAS;NO;SI;ACUEDUCTO ASEPAILA;SIN RIESGO;SIN RIESGO;164;PLANTA CONVENCIONAL;RIO LA PAILA;25.0;FAVORABLE CON REQUERIMIENTOS;2025-03-31;COD_DANE_UNICO;CRUCE_OK;GEORREFERENCIADA;;941;INSTITUCION EDUCATIVA ANTONIO NARIÑO;CENTRO DOCENTE NO 12 REPÚBLICA DE COLOMBIA;ACTIVA;OFICIAL;COMPLETA;EDUCACIÓN MEDIA;CLL 11 CRA 4 ESQUINA;-76.07172215;4.322228758;-76.07172215;4.322228758;-76.07;4.32;SEDESUESVALLE;COORDENADA_ORIGINAL_SEDESUESVALLE;1;211;2.019;IE ANTONIO NARIÑO;REPÚBLICA DE COLOMBIA;RURAL;CLL 9 ESQUINA;COINCIDENCIA_NOMBRE_FUERTE;0.93;RUTINARIO;Sin riesgo y bajo;SIN_BRECHAS;NO;ALTA;22.37;BAJA;Mantener seguimiento rutinario con control territorial rural.;0.0;BAJA
722;176895000044;ZARZAL;INSTITUCION EDUCATIVA ANTONIO NARIÑO;RURAL;CARRERA 4  CALLE 9 ESQUINA - LA PAILA;;2205028;328;328;94;569;ESCUELAS_IRCAS;DATO_PRINCIPAL_ESCUELAS_IRCAS;NO;SI;ACUEDUCTO ASEPAILA;SIN RIESGO;SIN RIESGO;164;PLANTA CONVENCIONAL;RIO LA PAILA;24.5;FAVORABLE CON REQUERIMIENTOS;2025-03-31;COD_DANE_UNICO;CRUCE_OK;GEORREFERENCIADA;;942;INSTITUCION EDUCATIVA ANTONIO NARIÑO;ANTONIO NARIÑO;ACTIVA;OFICIAL;COMPLETA;EDUCACIÓN MEDIA;CARRERA 122 NO. 15-21 VÍA PANCE, COMUNA 22 DE SANTIAGO DE CALI;-76.07279291;4.320384676;-76.07279291;4.320384676;-76.07;4.32;SEDESUESVALLE;COORDENADA_ORIGINAL_SEDESUESVALLE;1;94;2.019;IE ANTONIO NARIÑO;ANTONIO NARIÑO;RURAL;CR 4 CLL 9 ESQUINA;COINCIDENCIA_NOMBRE_FUERTE;0.93;RUTINARIO;Sin riesgo y bajo;SIN_BRECHAS;NO;ALTA;23.53;BAJA;Mantener seguimiento rutinario con control territorial rural.;0.0;BAJA
723;176895000346;ZARZAL;CENTRO EDUCATIVO CENT DOC N.2 MARIA INMACULADA;URBANO;CARRERA 11 # 6  - 45;;2222040;325;325;333;362;ESCUELAS_IRCAS;DATO_PRINCIPAL_ESCUELAS_IRCAS;NO;SI;ACUEDUCTO ACUASALUD VALLEJUELO;SIN RIESGO;SIN RIESGO;159;PLANTA FIME;RIO PALOMINO;24.5;FAVORABLE CON REQUERIMIENTOS;2025-03-20;COD_DANE_UNICO;CRUCE_OK;GEORREFERENCIADA;;943;INSTITUCION EDUCATIVA EFRAIN VARELA VACA;MARÍA INMACULADA;ACTIVA;OFICIAL;COMPLETA;EDUCACIÓN BÁSICA PRIMARIA;CRA 11 # 6-45;-76.0741972807;4.39332331801;-76.0741972807;4.39332331801;-76.07;4.39;SEDESUESVALLE;COORDENADA_ORIGINAL_SEDESUESVALLE;1;333;2.019;IE EFRAIN VARELA VACA;MARÍA INMACULADA;URBANA;CR 11 NO 6-45;COINCIDENCIA_NOMBRE_FUERTE;0.93;RUTINARIO;Sin riesgo y bajo;SIN_BRECHAS;NO;ALTA;23.51;BAJA;Mantener seguimiento rutinario.;0.0;BAJA
724;;ZARZAL;UNIDAD DE ATENCION VALLEJUELO - MODALIDAD DESARROLLO INFANTIL EN MEDIO FAMILIAR;RURAL;CORREGIMIENTO VALLEJUELO;;3202641727;0;0;0;0;SIN_FUENTE;SIN_DATO_MATRICULA;SI;SI;ACUEDUCTO ACUASALUD VALLEJUELO;SIN RIESGO;SIN RIESGO;159;PLANTA FIME;RIO PALOMINO;0.0;SIN CONCEPTO;2026-03-25;SIN_COINCIDENCIA;PENDIENTE;SIN_COORDENADAS;;;;;;;;;;;;;;;;SIN_COORDENADA;SIN_COORDENADA;0;0;;;;;;SIN_COINCIDENCIA_FUERTE;0.404;RUTINARIO;Sin riesgo y bajo;"SIN_MATRICULA_VALIDADA; SIN_COORDENADA; CRUCE_PENDIENTE";SI;BAJA;8.6;BAJA;Priorizar georreferenciación de la sede educativa.;0.0;BAJA
725;176100000441;BOLIVAR;ESCUELA URB MIX ALONSO ARAGON N.01;URBANO;CALLE 6 # 6  - 11;;3206780796;0;0;0;0;SIN_FUENTE;SIN_DATO_MATRICULA;SI;SI;ACUAVALLE S.A ESP;SIN RIESGO;SIN RIESGO;166;PLANTA ACUAVALLE S.A ESP;RIO PESCADOR Y SARA BRUT;0.0;FAVORABLE CON REQUERIMIENTOS;2025-05-06;SIN_COINCIDENCIA;PENDIENTE;SIN_COORDENADAS;;;;;;;;;;;;;;;;SIN_COORDENADA;SIN_COORDENADA;0;0;;;;;;SIN_COINCIDENCIA_FUERTE;0.571;RUTINARIO;Sin riesgo y bajo;"SIN_MATRICULA_VALIDADA; SIN_COORDENADA; CRUCE_PENDIENTE";SI;BAJA;12.2;BAJA;Priorizar georreferenciación de la sede educativa.;0.0;BAJA
726;176100000424;BOLIVAR;ESCUELA URB JULIO CAICEDO Y TELLEZ N.2;URBANO;CARRERA 3 # 8  - 14;;3173006005;73;73;112;133;ESCUELAS_IRCAS;DATO_PRINCIPAL_ESCUELAS_IRCAS;NO;SI;ACUAVALLE S.A ESP;SIN RIESGO;SIN RIESGO;166;PLANTA ACUAVALLE S.A ESP;RIO PESCADOR Y SARA BRUT;22.5;FAVORABLE CON REQUERIMIENTOS;2025-05-06;COD_DANE_UNICO;CRUCE_OK;GEORREFERENCIADA;;92;INSTITUCION EDUCATIVA MANUEL DOLORES MONDRAGON;JULIO CAICEDO Y TELLEZ;ACTIVA;OFICIAL;COMPLETA;EDUCACIÓN BÁSICA PRIMARIA;CRA 3 # 8 - 14;-76.1822391137;4.34003327907;-76.1822391137;4.34003327907;-76.18;4.34;SEDESUESVALLE;COORDENADA_ORIGINAL_SEDESUESVALLE;1;112;2.019;IE MANUEL DOLORES MONDRAGON;JULIO CAICEDO Y TELLEZ;URBANA;CRA 3A NO 8-14;COINCIDENCIA_NOMBRE_FUERTE;0.93;RUTINARIO;Sin riesgo y bajo;SIN_BRECHAS;NO;ALTA;19.48;BAJA;Mantener seguimiento rutinario.;0.0;BAJA
727;176100000858;BOLIVAR;ESCUELA SAN JOSE N. 52;URBANO;BARRIO SAN JOSE;;3173006005;9;9;8;0;ESCUELAS_IRCAS;DATO_PRINCIPAL_ESCUELAS_IRCAS;NO;SI;ACUAVALLE S.A ESP;SIN RIESGO;SIN RIESGO;1665;PLANTA ACUAVALLE S.A ESP;RIO PESCADOR Y SARA BRUT;25.5;FAVORABLE CON REQUERIMIENTOS;2025-05-08;COD_DANE_DUPLICADO_COORDENADA_COMUN;VALIDAR_DUPLICADO;GEORREFERENCIADA;"Código DANE duplicado en SedesUESVALLE; se asignó coordenada común.";123;INSTITUCION EDUCATIVA MANUEL DOLORES MONDRAGON;SAN JOSE;ACTIVA;OFICIAL;COMPLETA;EDUCACIÓN BÁSICA PRIMARIA;B/ SAN JOSE;-76.3379843;4.342136193;-76.3379843;4.342136193;;;SEDESUESVALLE;COORDENADA_ORIGINAL_SEDESUESVALLE;1;8;;;;;;COINCIDENCIA_NOMBRE_FUERTE_CON_POSIBLE_EMPATE;0.93;RUTINARIO;Sin riesgo y bajo;CRUCE_PENDIENTE;SI;MEDIA;16.05;BAJA;Mantener seguimiento rutinario.;0.0;BAJA
728;276100000321;BOLIVAR;ESCUELA RUR MIX MA AGUSTINA MADRID N.10;RURAL;CGTO RICAURTE;;3173006005;51;51;55;0;ESCUELAS_IRCAS;DATO_PRINCIPAL_ESCUELAS_IRCAS;NO;SI;ACUAVALLE S.A ESP;SIN RIESGO;SIN RIESGO;166;PLANTA ACUAVALLE S.A ESP;RIO PESCADOR Y SARA BRUT;24.5;FAVORABLE CON REQUERIMIENTOS;2025-03-19;COD_DANE_UNICO;CRUCE_OK;GEORREFERENCIADA;;95;INSTITUCION EDUCATIVA MANUEL DOLORES MONDRAGON;MARIA AGUSTINA MADRID;ACTIVA;OFICIAL;COMPLETA;EDUCACIÓN BÁSICA PRIMARIA;IP DE RICAURTE;-76.2091381;4.308766204;-76.2091381;4.308766204;;;SEDESUESVALLE;COORDENADA_ORIGINAL_SEDESUESVALLE;1;55;;;;;;SIN_COINCIDENCIA_FUERTE;0.667;RUTINARIO;Sin riesgo y bajo;SIN_BRECHAS;NO;ALTA;18.53;BAJA;Mantener seguimiento rutinario con control territorial rural.;0.0;BAJA
729;276100000500;BOLIVAR;COLEGIO MANUEL DOLORES MONDRAGON SAT;RURAL;CGTO RICAURTE;;3173006005;31;31;0;0;ESCUELAS_IRCAS;DATO_PRINCIPAL_ESCUELAS_IRCAS;NO;SI;ACUAVALLE S.A ESP;SIN RIESGO;SIN RIESGO;166;PLANTA ACUAVALLE S.A ESP;RIO PESCADOR Y SARA BRUT;25.5;FAVORABLE CON REQUERIMIENTOS;2025-03-19;SIN_COINCIDENCIA;PENDIENTE;SIN_COORDENADAS;;;;;;;;;;;;;;;;SIN_COORDENADA;SIN_COORDENADA;0;0;;;;;;COINCIDENCIA_NOMBRE_FUERTE_CON_POSIBLE_EMPATE;0.93;RUTINARIO;Sin riesgo y bajo;"SIN_COORDENADA; CRUCE_PENDIENTE";SI;MEDIA;19.21;BAJA;Priorizar georreferenciación de la sede educativa.;0.0;BAJA
730;276100000275;BOLIVAR;ESCUELA NTRA SRA DEL CARMEN N. 15;RURAL;CGTO SAN FERNANDO;;3175730241;0;0;0;0;SIN_FUENTE;SIN_DATO_MATRICULA;SI;SI;ACUAVALLE S.A ESP;SIN RIESGO;SIN RIESGO;SIN DATO;PLANTA ACUAVALLE S.A ESP;RIO PESCADOR Y SARA BRUT;0.0;FAVORABLE CON REQUERIMIENTOS;2025-04-29;COD_DANE_DUPLICADO_COORDENADA_COMUN;VALIDAR_DUPLICADO;GEORREFERENCIADA;"Código DANE duplicado en SedesUESVALLE; se asignó coordenada común.";97;;;ACTIVA;OFICIAL;COMPLETA;EDUCACIÓN BÁSICA PRIMARIA;IP SAN FERNANDO;-76.17389;4.338872;-76.17389;4.338872;;;SEDESUESVALLE;COORDENADA_ORIGINAL_SEDESUESVALLE;2;0;;;;;;SIN_COINCIDENCIA_FUERTE;0.69;RUTINARIO;Sin riesgo y bajo;"SIN_MATRICULA_VALIDADA; CRUCE_PENDIENTE";SI;BAJA;12.2;BAJA;Validar matrícula con fuente institucional o Secretaría de Educación.;0.0;BAJA
731;276736000500;SEVILLA;I.E. HERACLIO URIBE URIBE SEDE JOAQUIN CAICEDO (D.I);RURAL;VDA PALOMINO;JOAQUIN CAICEDO (D.I);3137496182;8;8;7;0;ESCUELAS_IRCAS;DATO_PRINCIPAL_ESCUELAS_IRCAS;NO;SI;ADMINISTRACION COOPERATIVA SEVILLA ESP-MORROAZUL;RIESGO MEDIO;MEDIO;541;;RIO PIJAO;22.5;FAVORABLE CON REQUERIMIENTOS;2025-09-10;COD_DANE_UNICO;CRUCE_OK;GEORREFERENCIADA;;751;INSTITUCION EDUCATIVA HERACLIO URIBE URIBE;JOAQUIN CAICEDO;ACTIVA;OFICIAL;UNICA;EDUCACIÓN MEDIA;CORREG PALOMINO;-75.902992;4.311043;-75.902992;4.311043;;;SEDESUESVALLE;COORDENADA_ORIGINAL_SEDESUESVALLE;1;7;;;;;;COINCIDENCIA_NOMBRE_FUERTE_CON_POSIBLE_EMPATE;0.93;PREVENTIVO;Medio;SIN_BRECHAS;NO;ALTA;35.76;MEDIA;Mantener seguimiento preventivo dentro de la programación regular.;2.0;BAJA
732;276736001310;SEVILLA;I.E. HERACLIO URIBE URIBE SEDE FRAY BARTOLOME DE LAS CASAS;RURAL;VDA MORRO AZUL;FRAY BARTOLOME DE LAS CASAS;3137496187;7;7;5;0;ESCUELAS_IRCAS;DATO_PRINCIPAL_ESCUELAS_IRCAS;NO;SI;ADMINISTRACION COOPERATIVA SEVILLA ESP-MORROAZUL;RIESGO MEDIO;MEDIO;541;;RIO PIJAO;22.5;FAVORABLE CON REQUERIMIENTOS;2025-10-02;COD_DANE_UNICO;CRUCE_OK;GEORREFERENCIADA;;754;INSTITUCION EDUCATIVA HERACLIO URIBE URIBE;FRAY BARTOLOME DE DE LAS CASAS;ACTIVA;OFICIAL;UNICA;EDUCACIÓN BÁSICA PRIMARIA;VDA MORRO AZUL;-75.92077448;4.298294166;-75.92077448;4.298294166;;;SEDESUESVALLE;COORDENADA_ORIGINAL_SEDESUESVALLE;1;5;;;;;;COINCIDENCIA_NOMBRE_FUERTE_CON_POSIBLE_EMPATE;0.93;PREVENTIVO;Medio;SIN_BRECHAS;NO;ALTA;35.44;MEDIA;Mantener seguimiento preventivo dentro de la programación regular.;1.9;BAJA
733;276736000348;SEVILLA;I.E. HERACLIO URIBE URIBE SEDE LA MARIA;RURAL;VDA EL MANZANO;LA MARIA;3137496187;4;4;3;0;ESCUELAS_IRCAS;DATO_PRINCIPAL_ESCUELAS_IRCAS;NO;SI;ADMINISTRACION COOPERATIVA SEVILLA ESP-MORROAZUL;RIESGO MEDIO;MEDIO;541;;RIO PIJAO;22.5;FAVORABLE CON REQUERIMIENTOS;2025-09-11;COD_DANE_UNICO;CRUCE_OK;GEORREFERENCIADA;;757;INSTITUCION EDUCATIVA HERACLIO URIBE URIBE;LA MARIA;ACTIVA;OFICIAL;UNICA;EDUCACIÓN MEDIA;VDA EL MANZANO;-75.90221468;4.311500174;-75.90221468;4.311500174;;;SEDESUESVALLE;COORDENADA_ORIGINAL_SEDESUESVALLE;1;3;;;;;;COINCIDENCIA_NOMBRE_FUERTE_CON_POSIBLE_EMPATE;0.93;PREVENTIVO;Medio;SIN_BRECHAS;NO;ALTA;34.17;BAJA;Mantener seguimiento preventivo dentro de la programación regular.;1.47;BAJA
734;276736000283;SEVILLA;I.E. SANTA BARBARA SEDE SANTA BARBARA;RURAL;VDA COROZAL;SANTA BARBARA;3136493635;107;107;100;199;ESCUELAS_IRCAS;DATO_PRINCIPAL_ESCUELAS_IRCAS;NO;SI;ACUEDUCTO AGUAVITAL COROZAL;SIN RIESGO;SIN RIESGO;264;;RIO PIJAO;22;FAVORABLE CON REQUERIMIENTOS;2026-03-27;COD_DANE_UNICO;CRUCE_OK;GEORREFERENCIADA;;775;INSTITUCION EDUCATIVA SANTA BARBARA;SANTA BARBARA;ACTIVA;OFICIAL;FIN DE SEMANA, MAÑANA, TARDE;EDUCACIÓN MEDIA;CRG COROZAL;-75.8881816333;4.19341191929;-75.8881816333;4.19341191929;0.0;0.0;SEDESUESVALLE;COORDENADA_ORIGINAL_SEDESUESVALLE;1;100;2.019;IE SANTA BARBARA;ESC SANTA BARBARA;RURAL;CORREG COROZAL;COINCIDENCIA_NOMBRE_FUERTE;0.901;RUTINARIO;Sin riesgo y bajo;SIN_BRECHAS;NO;ALTA;20.51;BAJA;Mantener seguimiento rutinario con control territorial rural.;0.0;BAJA
735;276736001328;SEVILLA;I.E. SANTA BARBARA SEDE BUENOS AIRES;RURAL;VDA BUENOS AIRES;BUENOS AIRES;3194088959;22;22;15;0;ESCUELAS_IRCAS;DATO_PRINCIPAL_ESCUELAS_IRCAS;NO;SI;ASOCIACION DE USUARIOSA DEL ACUEDUCTO DE LA VEREDA BUENOS AIRES AGUAVIVA;SIN RIESGO;SIN RIESGO;14773;;RIO PIJAO;21.5;FAVORABLE CON REQUERIMIENTOS;2026-04-17;COD_DANE_UNICO;CRUCE_OK;GEORREFERENCIADA;;777;INSTITUCION EDUCATIVA SANTA BARBARA;ESC BUENOS AIRES;ACTIVA;OFICIAL;ESPECIAL;EDUCACIÓN BÁSICA PRIMARIA;VDA BUENOS AIRES;-75.89281066;4.407927435;-75.89281066;4.407927435;;;SEDESUESVALLE;COORDENADA_ORIGINAL_SEDESUESVALLE;1;15;;;;;;POSIBLE_COINCIDENCIA_REVISAR;0.899;RUTINARIO;Sin riesgo y bajo;SIN_BRECHAS;NO;ALTA;16.31;BAJA;Mantener seguimiento rutinario con control territorial rural.;0.0;BAJA
736;276233000600;DAGUA;I.E. EL QUEREMAL SEDE MERCEDES ABREGO;RURAL;CARRERA 10 # 1  - 60;MERCEDES ABREGO;3122581572;107;107;107;145;ESCUELAS_IRCAS;DATO_PRINCIPAL_ESCUELAS_IRCAS;NO;SI;ASOCIACION DE USUARIOS DEL SERVICIO DE AGUA POTABLE Y ALCANTARILLADO DE EL QUEREMAL ASUAQ;SIN RIESGO;SIN RIESGO;48;ACUEDUCTO RURAL EL QUEREMAL;RIO SAN JUAN;21/30;FAVORABLE;2026-04-11;COD_DANE_UNICO;CRUCE_OK;GEORREFERENCIADA;;235;INSTITUCION EDUCATIVA EL QUEREMAL;MERCEDES ABREGO;ACTIVA;OFICIAL;MAÑANA;EDUCACIÓN BÁSICA PRIMARIA;IPD EL QUEREMAL KR 10 # 5-160;-76.711386;3.519422;-76.711386;3.519422;-76.71;3.52;SEDESUESVALLE;COORDENADA_ORIGINAL_SEDESUESVALLE;1;107;2.019;IE EL QUEREMAL;MERCEDES ABREGO;RURAL;CORREG. EL QUEREMAL;COINCIDENCIA_NOMBRE_FUERTE;0.93;RUTINARIO;Sin riesgo y bajo;SIN_BRECHAS;NO;ALTA;16.91;BAJA;Mantener seguimiento rutinario con control territorial rural.;0.0;BAJA
737;276233000529;DAGUA;I.E. EL QUEREMAL SEDE JOSE MARIA CORDOBA;RURAL;CARRERA 9 # 10  - 40;JOSE MARIA CORDOBA;3178371662;97;97;97;142;ESCUELAS_IRCAS;DATO_PRINCIPAL_ESCUELAS_IRCAS;NO;SI;ASOCIACION DE USUARIOS DEL SERVICIO DE AGUA POTABLE Y ALCANTARILLADO DE EL QUEREMAL ASUAQ;SIN RIESGO;SIN RIESGO;48;ACUEDUCTO RURAL EL QUEREMAL;RIO SAN JUAN;21/30;FAVORABLE;2026-04-11;COD_DANE_UNICO;CRUCE_OK;GEORREFERENCIADA;;240;INSTITUCION EDUCATIVA EL QUEREMAL;JOSE MARIA CORDOBA;ACTIVA;OFICIAL;MAÑANA;EDUCACIÓN MEDIA;CRA 9 # 10-14;-76.6942436369;3.65639014481;-76.6942436369;3.65639014481;-76.69;3.66;SEDESUESVALLE;COORDENADA_ORIGINAL_SEDESUESVALLE;1;97;2.019;IE EL QUEREMAL;JOSE MARIA CORDOBA;RURAL;CORREG. EL QUEREMAL;COINCIDENCIA_NOMBRE_FUERTE;0.93;RUTINARIO;Sin riesgo y bajo;SIN_BRECHAS;NO;ALTA;16.65;BAJA;Mantener seguimiento rutinario con control territorial rural.;0.0;BAJA
738;276233000651;DAGUA;I.E. EL QUEREMAL SEDE GIMNASIO DEL DAGUA EL QUEREMAL;RURAL;VEREDA EL TIGRA - EL QUEREMAL;GIMNASIO DEL DAGUA EL QUEREMAL;3122581572;254;254;254;0;ESCUELAS_IRCAS;DATO_PRINCIPAL_ESCUELAS_IRCAS;NO;SI;ASOCIACION ACUEDUCTO RURAL COMUNITARIO SENDO - TIGRE - AACTISE;SIN RIESGO;SIN RIESGO;3956;ACUEDUCTO RURAL SENDO-TIGRE;RIO SAN JUAN;21,5/30;FAVORABLE;2026-04-11;COD_DANE_UNICO;CRUCE_OK;GEORREFERENCIADA;;236;INSTITUCION EDUCATIVA EL QUEREMAL;GIMNASIO DEL DAGUA QUEREMAL;ACTIVA;OFICIAL;MAÑANA;EDUCACIÓN MEDIA;INSP QUEREMAL;-76.709574;3.530423;-76.709574;3.530423;;;SEDESUESVALLE;COORDENADA_ORIGINAL_SEDESUESVALLE;1;254;;;;;;COINCIDENCIA_NOMBRE_FUERTE_CON_POSIBLE_EMPATE;0.93;RUTINARIO;Sin riesgo y bajo;SIN_BRECHAS;NO;ALTA;19.24;BAJA;Mantener seguimiento rutinario con control territorial rural.;0.0;BAJA
739;276113000614;BUGALAGRANDE;I.E. DIEGO RENGIFO SALAZAR  SEDE MARIANO OSPINA PEREZ;RURAL;CGTO PAILA ARRIBA;MARIANO OSPINA PEREZ;3176981813;85;85;79;0;ESCUELAS_IRCAS;DATO_PRINCIPAL_ESCUELAS_IRCAS;NO;SI;ASOCIACION DE USUARIOS DEL ACUEDUCTO DE PAILA ARRIBA;RIESGO ALTO;ALTO;2173;PLANTA MODULAR;RIO SAN MARCOS;22;FAVORABLE CON REQUERIMIENTOS;2026-03-04;COD_DANE_UNICO;CRUCE_OK;GEORREFERENCIADA;;163;INSTITUCION EDUCATIVA DIEGO RENGIFO SALAZAR;MARIANO OSPINA PEREZ;ACTIVA;OFICIAL;MAÑANA;EDUCACIÓN MEDIA;I.P PAILA ARRIBA;-76.040676;4.240069;-76.040676;4.240069;;;SEDESUESVALLE;COORDENADA_ORIGINAL_SEDESUESVALLE;1;79;;;;;;COINCIDENCIA_NOMBRE_FUERTE_CON_POSIBLE_EMPATE;0.93;PRIORITARIO;Alto e inviable;SIN_BRECHAS;NO;ALTA;61.14;ALTA;Programar seguimiento operativo y verificar condiciones del sistema abastecedor.;6.09;ALTA
740;276616000310;RIOFRIO;CENTRO EDUCATIVO CENT DOC JUAN DEL CORRAL N. 16;RURAL;VEREDA LA VIGOROSA;;3218129563;15;15;6;10;ESCUELAS_IRCAS;DATO_PRINCIPAL_ESCUELAS_IRCAS;NO;SI;ACUEDUCTO RURAL FENICIA ACUAFENICIA;RIESGO BAJO;BAJO;511;ACUEDUTO RURAL;RIO TESORITO;17.0;DESFAVORABLE;2025-03-31;COD_DANE_UNICO;CRUCE_OK;GEORREFERENCIADA;;665;INSTITUCION EDUCATIVA NEMESIO RODRIGUEZ ESCOBAR;JUAN DEL CORRAL;ACTIVA;OFICIAL;ESPECIAL;EDUCACIÓN BÁSICA PRIMARIA;CAS LA VIGOROZA;-76.34306516;4.13312352;-76.34306516;4.13312352;-76.34;4.13;SEDESUESVALLE;COORDENADA_ORIGINAL_SEDESUESVALLE;1;6;2.019;IE NEMESIO RODRIGUEZ ESCOBAR;JUAN DEL CORRAL;RURAL;VDA LA VIGORA;COINCIDENCIA_NOMBRE_FUERTE;0.93;RUTINARIO;Sin riesgo y bajo;SIN_BRECHAS;NO;ALTA;27.78;BAJA;Mantener seguimiento rutinario con control territorial rural.;1.44;BAJA
741;276616000301;RIOFRIO;CENTRO EDUCATIVO CENT DOC N. 15 MARIA INMACULADA;RURAL;VDA PUERTO FENICIA;;3218124563;16;16;19;30;ESCUELAS_IRCAS;DATO_PRINCIPAL_ESCUELAS_IRCAS;NO;SI;ACUEDUCTO RURAL FENICIA ACUAFENICIA;RIESGO BAJO;BAJO;510;ACUEDUTO RURAL;RIO TESORITO;21.0;FAVORABLE CON REQUERIMIENTOS;2025-04-02;COD_DANE_DUPLICADO_COORDENADA_COMUN;VALIDAR_DUPLICADO;GEORREFERENCIADA;"Código DANE duplicado en SedesUESVALLE; se asignó coordenada común.";672;INSTITUCION EDUCATIVA NEMESIO RODRIGUEZ ESCOBAR;MARIA INMACULADA;ACTIVA;OFICIAL;ESPECIAL;EDUCACIÓN BÁSICA PRIMARIA;CAS PORTO FENICIA;-76.36614961;4.083142349;-76.36614961;4.083142349;-76.37;4.08;SEDESUESVALLE;COORDENADA_ORIGINAL_SEDESUESVALLE;1;19;2.019;IE NEMESIO RODRIGUEZ ESCOBAR;MARIA INMACULADA;RURAL;VDA PUERTO FENICIA;COINCIDENCIA_NOMBRE_FUERTE;0.93;RUTINARIO;Sin riesgo y bajo;CRUCE_PENDIENTE;SI;MEDIA;25.74;BAJA;Mantener seguimiento rutinario con control territorial rural.;1.29;BAJA
742;276616000590;RIOFRIO;INSTITUCION EDUCATIVA NEMESIO RODRIGUEZ ESCOBAR;RURAL;CGTO FENICIA;;3218129563;128;128;169;264;ESCUELAS_IRCAS;DATO_PRINCIPAL_ESCUELAS_IRCAS;NO;SI;ACUEDUCTO RURAL FENICIA ACUAFENICIA;RIESGO BAJO;BAJO;510;ACUEDUTO RURAL;RIO TESORITO;21.0;FAVORABLE CON REQUERIMIENTOS;2025-05-15;COD_DANE_UNICO;CRUCE_OK;GEORREFERENCIADA;;683;INSTITUCION EDUCATIVA NEMESIO RODRIGUEZ ESCOBAR;NEMESIO RODRIGUEZ;ACTIVA;OFICIAL;ESPECIAL;EDUCACIÓN MEDIA;KR 3 7 54;-76.38711354;4.07215064;-76.38711354;4.07215064;-76.38;4.07;SEDESUESVALLE;COORDENADA_ORIGINAL_SEDESUESVALLE;1;169;2.019;IE NEMESIO RODRIGUEZ ESCOBAR;NEMESIO RODRIGUEZ;RURAL;CR 3 NO 7-54;COINCIDENCIA_NOMBRE_FUERTE;0.93;RUTINARIO;Sin riesgo y bajo;SIN_BRECHAS;NO;ALTA;29.24;BAJA;Mantener seguimiento rutinario con control territorial rural.;2.22;BAJA
743;276616000204;RIOFRIO;ESCUELA N. 4 LAS AMERICAS;RURAL;CGTO FENICIA;;3218129563;116;116;115;113;ESCUELAS_IRCAS;DATO_PRINCIPAL_ESCUELAS_IRCAS;NO;SI;ACUEDUCTO RURAL FENICIA ACUAFENICIA;RIESGO BAJO;BAJO;511;ACUEDUTO RURAL;RIO TESORITO;16.0;FAVORABLE CON REQUERIMIENTOS;2025-05-15;COD_DANE_UNICO;CRUCE_OK;GEORREFERENCIADA;;659;INSTITUCION EDUCATIVA NEMESIO RODRIGUEZ ESCOBAR;LAS AMERICAS;ACTIVA;OFICIAL;ESPECIAL;EDUCACIÓN BÁSICA PRIMARIA;CORREG FENICIA;-76.38739344;4.072292007;-76.38739344;4.072292007;-76.39;4.07;SEDESUESVALLE;COORDENADA_ORIGINAL_SEDESUESVALLE;1;115;2.019;IE NEMESIO RODRIGUEZ ESCOBAR;LAS AMERICAS;RURAL;CORREG FENICIA;COINCIDENCIA_NOMBRE_FUERTE;0.93;RUTINARIO;Sin riesgo y bajo;SIN_BRECHAS;NO;ALTA;28.98;BAJA;Mantener seguimiento rutinario con control territorial rural.;2.17;BAJA
744;276616000263;RIOFRIO;ESCUELA LA GRAN COLOMBIA N. 10;RURAL;VDA LAS PALMAS;;3218129563;45;45;53;74;ESCUELAS_IRCAS;DATO_PRINCIPAL_ESCUELAS_IRCAS;NO;SI;ACUEDUCTO RURAL FENICIA ACUAFENICIA;RIESGO BAJO;BAJO;510;ACUEDUTO RURAL;RIO TESORITO;22.0;FAVORABLE CON REQUERIMIENTOS;2025-03-31;COD_DANE_UNICO;CRUCE_OK;GEORREFERENCIADA;;664;INSTITUCION EDUCATIVA NEMESIO RODRIGUEZ ESCOBAR;LA GRAN COLOMBIA;ACTIVA;OFICIAL;ESPECIAL;EDUCACIÓN BÁSICA SECUNDARIA;VDA LAS PALMAS;-76.35288304;4.111106485;-76.35288304;4.111106485;-76.35;4.11;SEDESUESVALLE;COORDENADA_ORIGINAL_SEDESUESVALLE;1;53;2.019;IE NEMESIO RODRIGUEZ ESCOBAR;LA GRAN COLOMBIA;RURAL;VDA PALMAS;COINCIDENCIA_NOMBRE_FUERTE;0.93;RUTINARIO;Sin riesgo y bajo;SIN_BRECHAS;NO;ALTA;26.44;BAJA;Mantener seguimiento rutinario con control territorial rural.;1.75;BAJA
745;176890000305;YOTOCO;I.E. ALFONSO ZAWADZKY SEDE ALFONSO ZAWADZKY;URBANO;CARRERA 5 # 5  - 79  CENTENARIO;ALFONSO ZAWADZKY;6022525150;464;464;239;651;ESCUELAS_IRCAS;DATO_PRINCIPAL_ESCUELAS_IRCAS;NO;SI;ACUAVALLE S.A ESP;SIN RIESGO;SIN RIESGO;191;PLANTA ACUAVALLE S.A ESP;RÍO YOTOCO Y QUEBRADA GUABAL;22.5;FAVORABLE CON REQUERIMIENTOS;2026-02-04;COD_DANE_UNICO;CRUCE_OK;GEORREFERENCIADA;;917;INSTITUCION EDUCATIVA ALFONSO ZAWADZKY;ALFONSO ZAWADZKY;ACTIVA;OFICIAL;UNICA;EDUCACIÓN MEDIA;CRA 5 # 5-79;-76.3843095544;3.86056963997;-76.3843095544;3.86056963997;-76.38;3.86;SEDESUESVALLE;COORDENADA_ORIGINAL_SEDESUESVALLE;1;239;2.019;IE ALFONSO ZAWADZKY;ALFONSO ZAWADZKY;URBANA;CRA 5 NO 5-79;COINCIDENCIA_NOMBRE_FUERTE;0.93;RUTINARIO;Sin riesgo y bajo;SIN_BRECHAS;NO;ALTA;24.47;BAJA;Mantener seguimiento rutinario.;0.0;BAJA
746;176890000038;YOTOCO;I.E. ALFONSO ZAWADZKY SEDE JHON F KENNEDY;URBANO;CALLE 5 # 5  - 41  CENTENARIO;JHON F KENNEDY;3182819263;176;176;247;651;ESCUELAS_IRCAS;DATO_PRINCIPAL_ESCUELAS_IRCAS;NO;SI;ACUAVALLE S.A ESP;SIN RIESGO;SIN RIESGO;191;PLANTA ACUAVALLE S.A ESP;RÍO YOTOCO Y QUEBRADA GUABAL;24.5;FAVORABLE CON REQUERIMIENTOS;2026-02-12;COD_DANE_UNICO;CRUCE_OK;GEORREFERENCIADA;;919;INSTITUCION EDUCATIVA ALFONSO ZAWADZKY;JOHN F  KENNEDY;ACTIVA;OFICIAL;UNICA;EDUCACIÓN BÁSICA PRIMARIA;CLL 5 # 5-35 BRR/CENTENARIO;-76.3838196246;3.86146261724;-76.3838196246;3.86146261724;-76.38;3.86;SEDESUESVALLE;COORDENADA_ORIGINAL_SEDESUESVALLE;1;247;2.019;IE ALFONSO ZAWADZKY;ALFONSO ZAWADZKY;URBANA;CRA 5 NO 5-79;COINCIDENCIA_NOMBRE_FUERTE;0.93;RUTINARIO;Sin riesgo y bajo;SIN_BRECHAS;NO;ALTA;21.85;BAJA;Mantener seguimiento rutinario.;0.0;BAJA
747;176890000798;YOTOCO;I.E. ALFONSO ZAWADZKY - SEDE JORGE ELIECER GAITAN;URBANO;CALLE 5 # 7  - 00  JORGE ELIECER GAITAN;JORGE ELIECER GAITAN;6022525150;250;250;198;0;ESCUELAS_IRCAS;DATO_PRINCIPAL_ESCUELAS_IRCAS;NO;SI;ACUAVALLE S.A ESP;SIN RIESGO;SIN RIESGO;191;PLANTA ACUAVALLE S.A ESP;RÍO YOTOCO Y QUEBRADA GUABAL;24.5;FAVORABLE CON REQUERIMIENTOS;2026-02-20;COD_DANE_UNICO;CRUCE_OK;GEORREFERENCIADA;;920;INSTITUCION EDUCATIVA ALFONSO ZAWADZKY;JORGE ELIÉCER GAITÁN;ACTIVA;OFICIAL;FIN DE SEMANA;EDUCACIÓN BÁSICA SECUNDARIA;CR 7 CON CL 5;-76.3822333676;3.86074764897;-76.3822333676;3.86074764897;;;SEDESUESVALLE;COORDENADA_ORIGINAL_SEDESUESVALLE;1;198;;;;;;COINCIDENCIA_NOMBRE_FUERTE_CON_POSIBLE_EMPATE;0.93;RUTINARIO;Sin riesgo y bajo;SIN_BRECHAS;NO;ALTA;22.8;BAJA;Mantener seguimiento rutinario.;0.0;BAJA
748;176890000020;YOTOCO;I.E. ALFONSO ZAWADZKY - SEDE POLICARPA SALAVARRIETA;URBANO;CARRERA 6 # 6  - 67  CENTENARIO;POLICARPA SALAVARRIETA;6022525150;350;350;326;0;ESCUELAS_IRCAS;DATO_PRINCIPAL_ESCUELAS_IRCAS;NO;SI;ACUAVALLE S.A ESP;SIN RIESGO;SIN RIESGO;191;PLANTA ACUAVALLE S.A ESP;RÍO YOTOCO Y QUEBRADA GUABAL;24.5;FAVORABLE CON REQUERIMIENTOS;2026-02-17;COD_DANE_UNICO;CRUCE_OK;GEORREFERENCIADA;;921;INSTITUCION EDUCATIVA ALFONSO ZAWADZKY;POLICARPA SALAVARRIETA;ACTIVA;OFICIAL;UNICA;EDUCACIÓN BÁSICA PRIMARIA;CLL 6 # 6-65;-76.3806077704;3.8594878358;-76.3806077704;3.8594878358;;;SEDESUESVALLE;COORDENADA_ORIGINAL_SEDESUESVALLE;1;326;;;;;;COINCIDENCIA_NOMBRE_FUERTE_CON_POSIBLE_EMPATE;0.93;RUTINARIO;Sin riesgo y bajo;SIN_BRECHAS;NO;ALTA;23.71;BAJA;Mantener seguimiento rutinario.;0.0;BAJA
749;176895000770;ZARZAL;CENTRO EDUCATIVO CENT DOC N. 20 DIVINO NIÑO JESUS;URBANO;CARRERA 14  CALLE 6 ESQ;;3113409574;233;233;206;256;ESCUELAS_IRCAS;DATO_PRINCIPAL_ESCUELAS_IRCAS;NO;SI;ACUAVALLE S.A ESP;SIN RIESGO;SIN RIESGO;167;PLANTA ACUAVALLE S.A ESP;SARA BRUT;24.5;FAVORABLE CON REQUERIMIENTOS;2025-04-09;COD_DANE_UNICO;CRUCE_OK;GEORREFERENCIADA;;953;INSTITUCION EDUCATIVA EFRAIN VARELA VACA;DIVINO NIÑO JESÚS;ACTIVA;OFICIAL;COMPLETA;EDUCACIÓN BÁSICA PRIMARIA;KR 16 # 6C-00;-76.0760840312;4.3945612507;-76.0760840312;4.3945612507;-76.08;4.39;SEDESUESVALLE;COORDENADA_ORIGINAL_SEDESUESVALLE;1;206;2.019;IE EFRAIN VARELA VACA;DIVINO NIÑO JESÚS;URBANA;CLL 16 CR ESQUINA;COINCIDENCIA_NOMBRE_FUERTE;0.93;RUTINARIO;Sin riesgo y bajo;SIN_BRECHAS;NO;ALTA;22.61;BAJA;Mantener seguimiento rutinario.;0.0;BAJA
750;;ZARZAL;I.E ESCUELA NORMAL SUPERIOR NUESTRA SEÑORA DE LAS MERCEDES - SEDE FRANCISCO DE PAULA SANTANDER;URBANO;CALLE 15 # 7  - 65;;3136022100;0;0;0;0;SIN_FUENTE;SIN_DATO_MATRICULA;SI;SI;ACUAVALLE S.A ESP;SIN RIESGO;SIN RIESGO;167;PLANTA ACUAVALLE S.A ESP;SARA BRUT;23.5;FAVORABLE CON REQUERIMIENTOS;2026-03-10;SIN_COINCIDENCIA;PENDIENTE;SIN_COORDENADAS;;;;;;;;;;;;;;;;SIN_COORDENADA;SIN_COORDENADA;0;0;;;;;;COINCIDENCIA_NOMBRE_FUERTE_CON_POSIBLE_EMPATE;0.93;RUTINARIO;Sin riesgo y bajo;"SIN_MATRICULA_VALIDADA; SIN_COORDENADA; CRUCE_PENDIENTE";SI;BAJA;12.2;BAJA;Priorizar georreferenciación de la sede educativa.;0.0;BAJA
751;176895000478;ZARZAL;CENTRO EDUCATIVO CENT DOC N. 19 LAS MERCEDES;URBANO;CALLE 17  CR 11 LAS MERCEDES;;6022209474;172;172;0;106;ESCUELAS_IRCAS;DATO_PRINCIPAL_ESCUELAS_IRCAS;NO;SI;ACUAVALLE S.A ESP;SIN RIESGO;SIN RIESGO;167;PLANTA ACUAVALLE S.A ESP;SARA BRUT;26.0;FAVORABLE CON REQUERIMIENTOS;2026-02-11;SIN_COINCIDENCIA;PENDIENTE;GEORREFERENCIADA;;;;;;;;;;-76.07;4.4;;;-76.07;4.4;MEN_SEDES;COMPLEMENTADA_CON_MEN;0;0;2.019;IE NORMAL SUPERIOR NUESTRA SEÑORA DE LAS MERCEDES;LAS MERCEDES;URBANA;CLL 17 CRA 11 ESQ;COINCIDENCIA_NOMBRE_FUERTE;0.93;RUTINARIO;Sin riesgo y bajo;CRUCE_PENDIENTE;SI;MEDIA;23.79;BAJA;Mantener seguimiento rutinario.;0.0;BAJA
752;176895000265;ZARZAL;COLEGIO DPTAL OFIC SIMON BOLIVAR;URBANO;ZARZAL SALIDA SUR;;3225184256;630;0;630;720;SEDESUESVALLE;COMPLEMENTADA_CON_SEDESUESVALLE;NO;SI;ACUAVALLE S.A ESP;SIN RIESGO;SIN RIESGO;167;PLANTA ACUAVALLE S.A ESP;SARA BRUT;23.5;FAVORABLE CON REQUERIMIENTOS;2025-03-18;COD_DANE_DUPLICADO_COORDENADA_COMUN;VALIDAR_DUPLICADO;GEORREFERENCIADA;"Código DANE duplicado en SedesUESVALLE; se asignó coordenada común.";955;INSTITUCION EDUCATIVA SIMON BOLIVAR;SIMON BOLIVAR;ACTIVA;OFICIAL;COMPLETA;EDUCACIÓN MEDIA;PARTE SUR DE LA CIUDAD;-76.07324874;4.379526913;-76.07324874;4.379526913;-76.07;4.38;SEDESUESVALLE;COORDENADA_ORIGINAL_SEDESUESVALLE;1;630;2.019;IE SIMON BOLIVAR;SIMON BOLIVAR;URBANA;SALIDA SUR VÍA CALI;COINCIDENCIA_NOMBRE_FUERTE;0.93;RUTINARIO;Sin riesgo y bajo;CRUCE_PENDIENTE;SI;MEDIA;27.3;BAJA;Mantener seguimiento rutinario.;0.0;BAJA
753;176895000168;ZARZAL;INSTITUCION EDUCATIVA EFRAIN VARELA VACA;URBANO;CARRERA 10  CALLE 12 ESQUINA;;6022222040;366;0;0;366;MEN_SEDES_2019;COMPLEMENTADA_CON_MEN_REFERENCIA_HISTORICA;SI;SI;ACUAVALLE S.A ESP;SIN RIESGO;SIN RIESGO;167;PLANTA ACUAVALLE S.A ESP;SARA BRUT;25.0;FAVORABLE CON REQUERIMIENTOS;2025-03-19;SIN_COINCIDENCIA;PENDIENTE;GEORREFERENCIADA;;;;;;;;;;-76.07;4.4;;;-76.07;4.4;MEN_SEDES;COMPLEMENTADA_CON_MEN;0;0;2.019;IE EFRAIN VARELA VACA;EFRAIN VARELA VACA;URBANA;CLL 12 CR 10 ESQUINA;COINCIDENCIA_NOMBRE_FUERTE;0.93;RUTINARIO;Sin riesgo y bajo;CRUCE_PENDIENTE;SI;MEDIA;25.83;BAJA;Mantener seguimiento rutinario.;0.0;BAJA
754;176895000231;ZARZAL;CENTRO EDUCATIVO CENT DOC STA CECILIA N.4;URBANO;CALLE 11 CON CARRERA 10 ESQUINA;;3163477766;189;189;183;0;ESCUELAS_IRCAS;DATO_PRINCIPAL_ESCUELAS_IRCAS;NO;SI;ACUAVALLE S.A ESP;SIN RIESGO;SIN RIESGO;167;PLANTA ACUAVALLE S.A ESP;SARA BRUT;24.5;FAVORABLE CON REQUERIMIENTOS;2025-03-19;COD_DANE_UNICO;CRUCE_OK;GEORREFERENCIADA;;951;INSTITUCION EDUCATIVA EFRAIN VARELA VACA;SANTA CECILIA;ACTIVA;OFICIAL;COMPLETA;EDUCACIÓN MEDIA;CRA 10 CLL 11 ESQUINA;-76.07052825;4.395678463;-76.07052825;4.395678463;;;SEDESUESVALLE;COORDENADA_ORIGINAL_SEDESUESVALLE;1;183;;;;;;SIN_COINCIDENCIA_FUERTE;0.447;RUTINARIO;Sin riesgo y bajo;SIN_BRECHAS;NO;ALTA;22.04;BAJA;Mantener seguimiento rutinario.;0.0;BAJA
755;176895000109;ZARZAL;ESCUELA NORM SUP NTRA SRA DE LAS MERCEDES;URBANO;CALLE 12 # 11  ESQUINA;;3042546193;273;273;0;106;ESCUELAS_IRCAS;DATO_PRINCIPAL_ESCUELAS_IRCAS;NO;SI;ACUAVALLE S.A ESP;SIN RIESGO;SIN RIESGO;167;PLANTA ACUAVALLE S.A ESP;SARA BRUT;24.0;FAVORABLE CON REQUERIMIENTOS;2025-03-20;SIN_COINCIDENCIA;PENDIENTE;GEORREFERENCIADA;;;;;;;;;;-76.07;4.4;;;-76.07;4.4;MEN_SEDES;COMPLEMENTADA_CON_MEN;0;0;2.019;IE NORMAL SUPERIOR NUESTRA SEÑORA DE LAS MERCEDES;LAS MERCEDES;URBANA;CLL 17 CRA 11 ESQ;COINCIDENCIA_NOMBRE_FUERTE;0.93;RUTINARIO;Sin riesgo y bajo;CRUCE_PENDIENTE;SI;MEDIA;25.04;BAJA;Mantener seguimiento rutinario.;0.0;BAJA
756;376895000426;ZARZAL;COLEGIO PABLO EMILIO CAMACHO PEREA;URBANO;CARRERA 14  CL 13 ESQUINA;;3158498418;37;37;888;1023;ESCUELAS_IRCAS;DATO_PRINCIPAL_ESCUELAS_IRCAS;NO;SI;ACUAVALLE S.A ESP;SIN RIESGO;SIN RIESGO;167;PLANTA ACUAVALLE S.A ESP;SARA BRUT;23.5;FAVORABLE CON REQUERIMIENTOS;2025-03-20;COD_DANE_UNICO;CRUCE_OK;GEORREFERENCIADA;;947;INSTITUCION EDUCATIVA EFRAIN VARELA VACA;PABLO EMILIO CAMACHO;ACTIVA;ORGANIZACIÓN CON FINES DE LUCRO;COMPLETA;EDUCACIÓN MEDIA;CRA 8 CLL 6 Y 7 BRR/LA INMACULADA;-76.07181822;4.400546152;-76.07181822;4.400546152;-76.07;4.4;SEDESUESVALLE;COORDENADA_ORIGINAL_SEDESUESVALLE;1;888;2.019;IE EFRAIN VARELA VACA;PABLO EMILIO CAMACHO;URBANA;CLL 14 CR 13BIS;COINCIDENCIA_NOMBRE_FUERTE;0.93;RUTINARIO;Sin riesgo y bajo;SIN_BRECHAS;NO;ALTA;17.67;BAJA;Mantener seguimiento rutinario.;0.0;BAJA
757;176895000192;ZARZAL;CENTRO EDUCATIVO CENT DOC N.5 SAGRADO CORAZON DE JESUS;URBANO;CALLE 9 # CR 7  - ESQUINA;;6022205545;167;167;158;174;ESCUELAS_IRCAS;DATO_PRINCIPAL_ESCUELAS_IRCAS;NO;SI;ACUAVALLE S.A ESP;SIN RIESGO;SIN RIESGO;167;PLANTA ACUAVALLE S.A ESP;SARA BRUT;24.5;FAVORABLE CON REQUERIMIENTOS;2025-03-27;COD_DANE_UNICO;CRUCE_OK;GEORREFERENCIADA;;956;INSTITUCION EDUCATIVA SIMON BOLIVAR;SAGRADO CORAZÓN DE JESÚS;ACTIVA;OFICIAL;COMPLETA;EDUCACIÓN MEDIA;CL 9 # 7-00;-76.0708516392;4.39330517348;-76.0708516392;4.39330517348;-76.07;4.39;SEDESUESVALLE;COORDENADA_ORIGINAL_SEDESUESVALLE;1;158;2.019;IE SIMON BOLIVAR;SAGRADO CORAZÓN DE JESÚS;URBANA;CRA 7 CLL 9 ESQUINA;COINCIDENCIA_NOMBRE_FUERTE;0.93;RUTINARIO;Sin riesgo y bajo;SIN_BRECHAS;NO;ALTA;21.71;BAJA;Mantener seguimiento rutinario.;0.0;BAJA
758;176895000125;ZARZAL;CENTRO EDUCATIVO CENT DOC N. 17 CAMILO TORRES;URBANO;CARRERA 6 # 7A  - 68  QUINDIO;;3137272527;123;123;118;145;ESCUELAS_IRCAS;DATO_PRINCIPAL_ESCUELAS_IRCAS;NO;SI;ACUAVALLE S.A ESP;SIN RIESGO;SIN RIESGO;167;PLANTA ACUAVALLE S.A ESP;SARA BRUT;26.5;FAVORABLE CON REQUERIMIENTOS;2025-03-27;COD_DANE_UNICO;CRUCE_OK;GEORREFERENCIADA;;939;INSTITUCION EDUCATIVA SIMON BOLIVAR;CAMILO TORRES;ACTIVA;OFICIAL;COMPLETA;EDUCACIÓN MEDIA;CLL 9 CRA 6 BRR/EL QUINDIO;-76.06910278;4.391104055;-76.06910278;4.391104055;-76.07;4.39;SEDESUESVALLE;COORDENADA_ORIGINAL_SEDESUESVALLE;1;118;2.019;IE SIMON BOLIVAR;CAMILO TORRES;URBANA;CLL 9 CARRERA 6;COINCIDENCIA_NOMBRE_FUERTE;0.93;RUTINARIO;Sin riesgo y bajo;SIN_BRECHAS;NO;ALTA;20.88;BAJA;Mantener seguimiento rutinario.;0.0;BAJA
759;176895000222;ZARZAL;CENTRO EDUCATIVO CENT DOC N. 3 FRANCISCO JOSE DE CALDAS;URBANO;CARRERA 8  CALLE 6 ESQUINA;;3207315030;34;34;46;177;ESCUELAS_IRCAS;DATO_PRINCIPAL_ESCUELAS_IRCAS;NO;SI;ACUAVALLE S.A ESP;SIN RIESGO;SIN RIESGO;167;PLANTA ACUAVALLE S.A ESP;SARA BRUT;24.0;FAVORABLE CON REQUERIMIENTOS;2025-01-28;COD_DANE_UNICO;CRUCE_OK;GEORREFERENCIADA;;952;INSTITUCION EDUCATIVA SIMON BOLIVAR;FRANCISCO JOSE DE CALDAS;ACTIVA;OFICIAL;COMPLETA;EDUCACIÓN MEDIA;CRA 8 CLL 6 Y 7 ESQUINA BRR/LA INMA;-76.07221679;4.391821305;-76.07221679;4.391821305;-76.07;4.39;SEDESUESVALLE;COORDENADA_ORIGINAL_SEDESUESVALLE;1;46;2.019;IE SIMON BOLIVAR;FRANCISCO JOSE DE CALDAS;URBANA;CRA 8 CLL 7;COINCIDENCIA_NOMBRE_FUERTE;0.93;RUTINARIO;Sin riesgo y bajo;SIN_BRECHAS;NO;ALTA;17.45;BAJA;Mantener seguimiento rutinario.;0.0;BAJA
760;276895000138;ZARZAL;ESCUELA N. 15 NTRA SRA DE FATIMA;RURAL;CGTO LIMONES;;3154632140;13;13;18;0;ESCUELAS_IRCAS;DATO_PRINCIPAL_ESCUELAS_IRCAS;NO;SI;ACUAVALLE S.A ESP;SIN RIESGO;SIN RIESGO;167;PLANTA ACUAVALLE S.A ESP;SARA BRUT;24.5;FAVORABLE CON REQUERIMIENTOS;2025-01-28;COD_DANE_UNICO;CRUCE_OK;GEORREFERENCIADA;;954;INSTITUCION EDUCATIVA SIMON BOLIVAR;NUESTRA SEÑORA DE FÁTIMA;ACTIVA;OFICIAL;COMPLETA;EDUCACIÓN MEDIA;IP LOS LIMONES;-76.04771042;4.386489077;-76.04771042;4.386489077;;;SEDESUESVALLE;COORDENADA_ORIGINAL_SEDESUESVALLE;1;18;;;;;;SIN_COINCIDENCIA_FUERTE;0.679;RUTINARIO;Sin riesgo y bajo;SIN_BRECHAS;NO;ALTA;14.96;BAJA;Mantener seguimiento rutinario con control territorial rural.;0.0;BAJA
761;176895000109;ZARZAL;I.E. ESCUELA NORMAL SUPERIOR NUESTRA SEÑORA DE LAS MERCEDES LOCAL # 2;URBANO;CARRERA 15  CALLE 13 ESQ;;3167592273;271;271;0;0;ESCUELAS_IRCAS;DATO_PRINCIPAL_ESCUELAS_IRCAS;NO;SI;ACUAVALLE S.A ESP;SIN RIESGO;SIN RIESGO;167;PLANTA ACUAVALLE S.A ESP;SARA BRUT;23.5;FAVORABLE CON REQUERIMIENTOS;2025-03-28;SIN_COINCIDENCIA;PENDIENTE;SIN_COORDENADAS;;;;;;;;;;;;;;;;SIN_COORDENADA;SIN_COORDENADA;0;0;;;;;;COINCIDENCIA_NOMBRE_FUERTE_CON_POSIBLE_EMPATE;0.93;RUTINARIO;Sin riesgo y bajo;"SIN_COORDENADA; CRUCE_PENDIENTE";SI;MEDIA;25.02;BAJA;Priorizar georreferenciación de la sede educativa.;0.0;BAJA
762;176895000184;ZARZAL;CENTRO EDUCATIVO CENT DOC N.6 ANEX JHON F KENNEDY;URBANO;CALLE 13  CARRERA 13 ESQUINA;;3167592273;250;0;250;0;SEDESUESVALLE;COMPLEMENTADA_CON_SEDESUESVALLE;NO;SI;ACUAVALLE S.A ESP;SIN RIESGO;SIN RIESGO;167;PLANTA ACUAVALLE S.A ESP;SARA BRUT;25.0;FAVORABLE CON REQUERIMIENTOS;2025-03-28;COD_DANE_UNICO;CRUCE_OK;GEORREFERENCIADA;;946;INSTITUCION EDUCATIVA NORMAL SUPERIOR NUESTRA SEÑORA DE LAS MERCEDES;JOHN F. KENNEDY;ACTIVA;OFICIAL;UNICA;EDUCACIÓN BÁSICA PRIMARIA;CLL 13 CRA 13 ESQUINA;-76.07197796;4.398920114;-76.07197796;4.398920114;;;SEDESUESVALLE;COORDENADA_ORIGINAL_SEDESUESVALLE;1;250;;;;;;SIN_COINCIDENCIA_FUERTE;0.433;RUTINARIO;Sin riesgo y bajo;SIN_BRECHAS;NO;ALTA;22.8;BAJA;Mantener seguimiento rutinario.;0.0;BAJA
763;176403000087;LA VICTORIA;I.E MANUEL ANTONIO BONILLA SEDE SAGRADO CORAZON;URBANO;CARRERA 8 # 7  - 61;SAGRADO CORAZON;3152085758;138;138;138;585;ESCUELAS_IRCAS;DATO_PRINCIPAL_ESCUELAS_IRCAS;NO;SI;ACUAVALLE S.A ESP;SIN RIESGO;SIN RIESGO;331;PLANTA ACUAVALLE S.A ESP;SARA BRUT - POZO LA DOMINGA;27.5/30;FAVORABLE;2025-11-26;COD_DANE_UNICO;CRUCE_OK;GEORREFERENCIADA;;562;INSTITUCION EDUCATIVA MANUEL ANTONIO BONILLA;SAGRADO CORAZON DE JESUS;ACTIVA;OFICIAL;UNICA;EDUCACIÓN BÁSICA PRIMARIA;CLL 8 # 7 - 61 BRR/CENTRAL;-76.0368132768;4.52272490108;-76.0368132768;4.52272490108;-76.03;4.53;SEDESUESVALLE;COORDENADA_ORIGINAL_SEDESUESVALLE;1;138;2.019;IE MANUEL ANTONIO BONILLA;MANUEL ANTONIO BONILLA;URBANA;CLL 10 NO 3-40;COINCIDENCIA_NOMBRE_FUERTE;0.93;RUTINARIO;Sin riesgo y bajo;SIN_BRECHAS;NO;ALTA;17.59;BAJA;Mantener seguimiento rutinario.;0.0;BAJA
764;176403000061;LA VICTORIA;I.E MANUEL ANTONIO BONILLA SEDE MARCO FIDEL SUAREZ;URBANO;CALLE 8 # 6  - 10;MARCO FIDEL SUAREZ;3117767217;193;193;193;0;ESCUELAS_IRCAS;DATO_PRINCIPAL_ESCUELAS_IRCAS;NO;SI;ACUAVALLE S.A ESP;SIN RIESGO;SIN RIESGO;331;PLANTA ACUAVALLE S.A ESP;SARA BRUT - POZO LA DOMINGA;26/30;FAVORABLE CON REQUERIMIENTOS;2025-11-26;COD_DANE_UNICO;CRUCE_OK;GEORREFERENCIADA;;557;INSTITUCION EDUCATIVA MANUEL ANTONIO BONILLA;MARCO FIDEL SUAREZ;ACTIVA;OFICIAL;UNICA;EDUCACIÓN BÁSICA PRIMARIA;CRA 8 # 6 - 10 BRR/CENTRAL;-76.03689326;4.521481947;-76.03689326;4.521481947;;;SEDESUESVALLE;COORDENADA_ORIGINAL_SEDESUESVALLE;1;193;;;;;;COINCIDENCIA_NOMBRE_FUERTE_CON_POSIBLE_EMPATE;0.936;RUTINARIO;Sin riesgo y bajo;SIN_BRECHAS;NO;ALTA;22.1;BAJA;Mantener seguimiento rutinario.;0.0;BAJA
765;176403000079;LA VICTORIA;IE SANTA TERESITA SEDE SANTA TERESITA;URBANO;CARRERA 7 # 7  - 40;SANTA TERESITA;3226095755;55;55;55;313;ESCUELAS_IRCAS;DATO_PRINCIPAL_ESCUELAS_IRCAS;NO;SI;ACUAVALLE S.A ESP;SIN RIESGO;SIN RIESGO;331;PLANTA ACUAVALLE S.A ESP;SARA BRUT - POZO LA DOMINGA;22.5/30;FAVORABLE CON REQUERIMIENTOS;2025-09-03;COD_DANE_UNICO;CRUCE_OK;GEORREFERENCIADA;;559;INSTITUCION EDUCATIVA SANTA TERESITA;SANTA TERESITA;ACTIVA;OFICIAL;UNICA;EDUCACIÓN MEDIA;CRA 7 # 7 - 40 BRR/CENTRAL;-76.0358977753;4.52219987173;-76.0358977753;4.52219987173;-76.04;4.52;SEDESUESVALLE;COORDENADA_ORIGINAL_SEDESUESVALLE;1;55;2.019;IE SANTA TERESITA;SANTA TERESITA;URBANA;CR 7 NO 7-40;COINCIDENCIA_NOMBRE_FUERTE;0.98;RUTINARIO;Sin riesgo y bajo;SIN_BRECHAS;NO;ALTA;18.73;BAJA;Mantener seguimiento rutinario.;0.0;BAJA
766;;LA VICTORIA;I.E MANUEL ANTONIO BONILLA SEDE PRINCIPAL;URBANO;CALLE 10 # 3  - 40;PRINCIPAL;3152085758;585;0;0;585;MEN_SEDES_2019;COMPLEMENTADA_CON_MEN_REFERENCIA_HISTORICA;SI;SI;ACUAVALLE S.A ESP;SIN RIESGO;SIN RIESGO;331;PLANTA ACUAVALLE S.A ESP;SARA BRUT - POZO LA DOMINGA;22.5/30;FAVORABLE CON REQUERIMIENTOS;2025-11-26;MUNICIPIO+NOMBRE_EXACTO;CRUCE_RECUPERADO;GEORREFERENCIADA;;560;;;;;;;;-76.03;4.53;;;-76.03;4.53;MEN_SEDES;COMPLEMENTADA_CON_MEN;0;0;2.019;IE MANUEL ANTONIO BONILLA;MANUEL ANTONIO BONILLA;URBANA;CLL 10 NO 3-40;COINCIDENCIA_NOMBRE_FUERTE;0.93;RUTINARIO;Sin riesgo y bajo;SIN_BRECHAS;NO;ALTA;25.1;BAJA;Mantener seguimiento rutinario.;0.0;BAJA
767;176403000052;LA VICTORIA;I.E SANTA TERESITA SEDE MANUEL J. GIL;URBANO;CARRERA 5 # 6  - 10;MANUEL J. GIL;3117767217;131;131;131;0;ESCUELAS_IRCAS;DATO_PRINCIPAL_ESCUELAS_IRCAS;NO;SI;ACUAVALLE S.A ESP;SIN RIESGO;SIN RIESGO;331;PLANTA ACUAVALLE S.A ESP;SARA BRUT - POZO LA DOMINGA;26/30;FAVORABLE CON REQUERIMIENTOS;2026-03-26;COD_DANE_UNICO;CRUCE_OK;GEORREFERENCIADA;;561;INSTITUCION EDUCATIVA SANTA TERESITA;MANUEL J. GIL;ACTIVA;OFICIAL;UNICA;EDUCACIÓN BÁSICA PRIMARIA;CRA 5 # 6- 10 BRR/CENTRAL;-76.0344570138;4.52140182385;-76.0344570138;4.52140182385;;;SEDESUESVALLE;COORDENADA_ORIGINAL_SEDESUESVALLE;1;131;;;;;;COINCIDENCIA_NOMBRE_FUERTE_CON_POSIBLE_EMPATE;0.93;RUTINARIO;Sin riesgo y bajo;SIN_BRECHAS;NO;ALTA;21.05;BAJA;Mantener seguimiento rutinario.;0.0;BAJA
768;;LA VICTORIA;INSTITUCION EDUCATIVA SAN JOSE SEDE PRIMARIA;RURAL;CORREGIMIENTO SAN JOSE;PRIMARIA;3128664866;23;23;0;35;ESCUELAS_IRCAS;DATO_PRINCIPAL_ESCUELAS_IRCAS;NO;SI;ACUAVALLE S.A ESP;SIN RIESGO;SIN RIESGO;331;PLANTA ACUAVALLE S.A ESP;SARA BRUT - POZO LA DOMINGA;25/30;FAVORABLE CON REQUERIMIENTOS;2025-11-27;MUNICIPIO+NOMBRE_EXACTO;CRUCE_RECUPERADO;GEORREFERENCIADA;;563;;;;;;;;-75.99;4.52;;;-75.99;4.52;MEN_SEDES;COMPLEMENTADA_CON_MEN;0;0;2.019;IE SAN JOSE;SAN JOSE;RURAL;CORREG SAN JOSE;COINCIDENCIA_NOMBRE_FUERTE;0.93;RUTINARIO;Sin riesgo y bajo;SIN_BRECHAS;NO;ALTA;16.43;BAJA;Mantener seguimiento rutinario con control territorial rural.;0.0;BAJA
769;276403000103;LA VICTORIA;IE SAN JOSE SEDE ANTONIA SANTOS;RURAL;CORREGIMIENTO HOLGUIN;ANTONIA SANTOS;3104158375;17;17;17;0;ESCUELAS_IRCAS;DATO_PRINCIPAL_ESCUELAS_IRCAS;NO;SI;ACUAVALLE S.A ESP;SIN RIESGO;SIN RIESGO;331;PLANTA ACUAVALLE S.A ESP;SARA BRUT - POZO LA DOMINGA;26.5/30;FAVORABLE CON REQUERIMIENTOS;2026-02-25;COD_DANE_UNICO;CRUCE_OK;GEORREFERENCIADA;;564;INSTITUCION EDUCATIVA SAN JOSE;ANTONIA SANTOS;ACTIVA;OFICIAL;COMPLETA;EDUCACIÓN BÁSICA PRIMARIA;CORREG .HOLGUIN CLL 5 #5-56;-75.9869173855;4.50397066817;-75.9869173855;4.50397066817;;;SEDESUESVALLE;COORDENADA_ORIGINAL_SEDESUESVALLE;1;17;;;;;;COINCIDENCIA_NOMBRE_FUERTE_CON_POSIBLE_EMPATE;0.98;RUTINARIO;Sin riesgo y bajo;SIN_BRECHAS;NO;ALTA;15.65;BAJA;Mantener seguimiento rutinario con control territorial rural.;0.0;BAJA
770;276403000022;LA VICTORIA;I.E CONCENTRACION DE DESARROLLO RURAL SEDE SAN JOSE;RURAL;CORREGIMIENTO SAN JOSE;SAN JOSE;3128664866;29;29;29;35;ESCUELAS_IRCAS;DATO_PRINCIPAL_ESCUELAS_IRCAS;NO;SI;ACUAVALLE S.A ESP;SIN RIESGO;SIN RIESGO;331;PLANTA ACUAVALLE S.A ESP;SARA BRUT - POZO LA DOMINGA;22.5/30;FAVORABLE CON REQUERIMIENTOS;2025-11-27;COD_DANE_UNICO;CRUCE_OK;GEORREFERENCIADA;;565;INSTITUCION EDUCATIVA SAN JOSE;SAN JOSE;ACTIVA;OFICIAL;COMPLETA;EDUCACIÓN BÁSICA PRIMARIA;CORREG SAN JOSE;-75.99166698;4.516641513;-75.99166698;4.516641513;-75.99;4.52;SEDESUESVALLE;COORDENADA_ORIGINAL_SEDESUESVALLE;1;29;2.019;IE SAN JOSE;SAN JOSE;RURAL;CORREG SAN JOSE;COINCIDENCIA_NOMBRE_FUERTE;0.93;RUTINARIO;Sin riesgo y bajo;SIN_BRECHAS;NO;ALTA;17.03;BAJA;Mantener seguimiento rutinario con control territorial rural.;0.0;BAJA
771;276403000090;LA VICTORIA;I.E SAN JOSE SEDE ANTONIO NARIÑO;RURAL;CORREGIMIENTO DE HOLGUIN;ANTONIO NARIÑO;3104158375;57;57;57;0;ESCUELAS_IRCAS;DATO_PRINCIPAL_ESCUELAS_IRCAS;NO;SI;ACUAVALLE S.A ESP;SIN RIESGO;SIN RIESGO;331;PLANTA ACUAVALLE S.A ESP;SARA BRUT - POZO LA DOMINGA;18.5/30;FAVORABLE CON REQUERIMIENTOS;2025-04-09;COD_DANE_UNICO;CRUCE_OK;GEORREFERENCIADA;;566;INSTITUCION EDUCATIVA SAN JOSE;ANTONIO NARIÑO;ACTIVA;OFICIAL;COMPLETA;EDUCACIÓN MEDIA;CORREG DE HOLGUIN;-75.95835453;4.516106134;-75.95835453;4.516106134;;;SEDESUESVALLE;COORDENADA_ORIGINAL_SEDESUESVALLE;1;57;;;;;;COINCIDENCIA_NOMBRE_FUERTE_CON_POSIBLE_EMPATE;0.93;RUTINARIO;Sin riesgo y bajo;SIN_BRECHAS;NO;ALTA;18.82;BAJA;Mantener seguimiento rutinario con control territorial rural.;0.0;BAJA
772;276403000111;LA VICTORIA;IE SANTA TERESITA SEDE JOSE MARIA CORDOBA;RURAL;CORREGIMIENTO SAN PEDRO;JOSE MARIA CORDOBA;3113487710;13;13;13;0;ESCUELAS_IRCAS;DATO_PRINCIPAL_ESCUELAS_IRCAS;NO;SI;ACUAVALLE S.A ESP;SIN RIESGO;SIN RIESGO;331;PLANTA ACUAVALLE S.A ESP;SARA BRUT - POZO LA DOMINGA;26/30;FAVORABLE CON REQUERIMIENTOS;2026-03-18;COD_DANE_UNICO;CRUCE_OK;GEORREFERENCIADA;;569;INSTITUCION EDUCATIVA SANTA TERESITA;JOSE MARIA CORDOBA;ACTIVA;OFICIAL;UNICA;EDUCACIÓN BÁSICA PRIMARIA;CORREG SAN PEDRO;-76.0471455778;4.50945594222;-76.0471455778;4.50945594222;;;SEDESUESVALLE;COORDENADA_ORIGINAL_SEDESUESVALLE;1;13;;;;;;COINCIDENCIA_NOMBRE_FUERTE_CON_POSIBLE_EMPATE;0.98;RUTINARIO;Sin riesgo y bajo;SIN_BRECHAS;NO;ALTA;14.96;BAJA;Mantener seguimiento rutinario con control territorial rural.;0.0;BAJA
773;176403000036;LA VICTORIA;IE MANUEL ANTONIO BONILLA SEDE MANUEL ANTONIO BONILLA;URBANO;CALLE 10 # 2  - 3;MANUEL ANTONIO BONILLA;3152085758;127;127;127;585;ESCUELAS_IRCAS;DATO_PRINCIPAL_ESCUELAS_IRCAS;NO;SI;ACUAVALLE S.A ESP;SIN RIESGO;SIN RIESGO;331;PLANTA ACUAVALLE S.A ESP;SARA BRUT - POZO LA DOMINGA;SD;SIN CONCEPTO;;COD_DANE_UNICO;CRUCE_OK;GEORREFERENCIADA;;558;INSTITUCION EDUCATIVA MANUEL ANTONIO BONILLA;MANUEL ANTONIO BONILLA;ACTIVA;OFICIAL;UNICA;EDUCACIÓN MEDIA;CL 10 # 3-40;-76.0324947917;4.52521366436;-76.0324947917;4.52521366436;-76.03;4.53;SEDESUESVALLE;COORDENADA_ORIGINAL_SEDESUESVALLE;1;127;2.019;IE MANUEL ANTONIO BONILLA;MANUEL ANTONIO BONILLA;URBANA;CLL 10 NO 3-40;COINCIDENCIA_NOMBRE_FUERTE;0.98;RUTINARIO;Sin riesgo y bajo;SIN_BRECHAS;NO;ALTA;17.37;BAJA;Mantener seguimiento rutinario.;0.0;BAJA
774;;LA UNION;I.E COLEGIO SAN JOSÉ SEDE PRINCIPAL;URBANO;CARRERA 14 # 13  - 25;PRINCIPAL;3113678252;1089;1089;0;880;ESCUELAS_IRCAS;DATO_PRINCIPAL_ESCUELAS_IRCAS;NO;SI;ACUAVALLE S.A ESP;SIN RIESGO;SIN RIESGO;330;PLANTA ACUAVALLE S.A ESP;SARA BRUT - POZO SUBTERRANEO;25/30;FAVORABLE;2025-02-11;MUNICIPIO+NOMBRE_EXACTO;CRUCE_RECUPERADO;GEORREFERENCIADA;;534;;;;;;;;-76.1;4.53;;;-76.1;4.53;MEN_SEDES;COMPLEMENTADA_CON_MEN;0;0;2.019;IE SAN JOSE;SAN JOSE;URBANA;CRA 14 NO 13-25;COINCIDENCIA_NOMBRE_FUERTE;0.93;RUTINARIO;Sin riesgo y bajo;SIN_BRECHAS;NO;ALTA;23.18;BAJA;Mantener seguimiento rutinario.;0.0;BAJA
775;176400000051;LA UNION;I.E MAGDALENA ORTEGA SEDE PERPETUO SOCORRO;URBANO;CARRERA 15  16 ESQUINA;PERPETUO SOCORRO;3113405578;154;154;154;1413;ESCUELAS_IRCAS;DATO_PRINCIPAL_ESCUELAS_IRCAS;NO;SI;ACUAVALLE S.A ESP;SIN RIESGO;SIN RIESGO;330;PLANTA ACUAVALLE S.A ESP;SARA BRUT - POZO SUBTERRANEO;25/30;FAVORABLE;2025-03-06;COD_DANE_UNICO;CRUCE_OK;GEORREFERENCIADA;;535;INSTITUCION EDUCATIVA MAGDALENA ORTEGA;NUESTRA SEÑORA DEL PERPETUO SOCORRO;ACTIVA;OFICIAL;COMPLETA;EDUCACIÓN BÁSICA PRIMARIA;CRA 15 # 16-00 BRR/POPULAR;-76.1029977096;4.53372608899;-76.1029977096;4.53372608899;-76.1;4.53;SEDESUESVALLE;COORDENADA_ORIGINAL_SEDESUESVALLE;1;154;2.019;IE MAGDALENA ORTEGA;MAGDALENA ORTEGA;URBANA;CRA. 14 NO. 15-80;COINCIDENCIA_NOMBRE_FUERTE;0.93;RUTINARIO;Sin riesgo y bajo;SIN_BRECHAS;NO;ALTA;17.89;BAJA;Mantener seguimiento rutinario.;0.0;BAJA
776;;LA UNION;I.E. MAGDALENA ORTEGA SEDE PRINCIPAL;URBANO;CARRERA 14 # 15  - 80;PRINCIPAL;2293084;635;635;0;1413;ESCUELAS_IRCAS;DATO_PRINCIPAL_ESCUELAS_IRCAS;NO;SI;ACUAVALLE S.A ESP;SIN RIESGO;SIN RIESGO;330;PLANTA ACUAVALLE S.A ESP;SARA BRUT - POZO SUBTERRANEO;25/30;FAVORABLE;2025-03-07;MUNICIPIO+NOMBRE_EXACTO;CRUCE_RECUPERADO;GEORREFERENCIADA;;536;;;;;;;;-76.1;4.53;;;-76.1;4.53;MEN_SEDES;COMPLEMENTADA_CON_MEN;0;0;2.019;IE MAGDALENA ORTEGA;MAGDALENA ORTEGA;URBANA;CRA. 14 NO. 15-80;COINCIDENCIA_NOMBRE_FUERTE;0.93;RUTINARIO;Sin riesgo y bajo;SIN_BRECHAS;NO;ALTA;21.72;BAJA;Mantener seguimiento rutinario.;0.0;BAJA
777;276400000072;LA UNION;I.E ARGEMIRO ESCOBAR CARDONA SEDE ANTONIO NARIÑO;URBANO;CALLE 21 # 18  - 03;ANTONIO NARIÑO;2293225;122;122;122;0;ESCUELAS_IRCAS;DATO_PRINCIPAL_ESCUELAS_IRCAS;NO;SI;ACUAVALLE S.A ESP;SIN RIESGO;SIN RIESGO;330;PLANTA ACUAVALLE S.A ESP;SARA BRUT - POZO SUBTERRANEO;28.5/30;FAVORABLE;2025-12-09;COD_DANE_UNICO;CRUCE_OK;GEORREFERENCIADA;;537;INSTITUCION EDUCATIVA ARGEMIRO ESCOBAR CARDONA;ANTONIO NARIÑO;ACTIVA;OFICIAL;UNICA;EDUCACIÓN BÁSICA PRIMARIA;CLL 21 # 16-14 BRR/SAN PEDRO;-76.1038019363;4.53837649364;-76.1038019363;4.53837649364;;;SEDESUESVALLE;COORDENADA_ORIGINAL_SEDESUESVALLE;1;122;;;;;;COINCIDENCIA_NOMBRE_FUERTE_CON_POSIBLE_EMPATE;0.933;RUTINARIO;Sin riesgo y bajo;SIN_BRECHAS;NO;ALTA;17.26;BAJA;Mantener seguimiento rutinario.;0.0;BAJA
778;;LA UNION;I.E ARGEMIRO ESCOBAR CARDONA SEDE PRINCIPAL;URBANO;CALLE 14 # 7  - 73;PRINCIPAL;3332387810;186;186;0;344;ESCUELAS_IRCAS;DATO_PRINCIPAL_ESCUELAS_IRCAS;NO;SI;ACUAVALLE S.A ESP;SIN RIESGO;SIN RIESGO;330;PLANTA ACUAVALLE S.A ESP;SARA BRUT - POZO SUBTERRANEO;25/30;FAVORABLE;2025-02-27;MUNICIPIO+NOMBRE_EXACTO;CRUCE_RECUPERADO;GEORREFERENCIADA;;539;;;;;;;;-76.1;4.53;;;-76.1;4.53;MEN_SEDES;COMPLEMENTADA_CON_MEN;0;0;2.019;IE ARGEMIRO ESCOBAR CARDONA;ARGEMIRO ESCOBAR CARDONA;URBANA;CLL 14 NO 7-73;COINCIDENCIA_NOMBRE_FUERTE;0.93;RUTINARIO;Sin riesgo y bajo;SIN_BRECHAS;NO;ALTA;18.4;BAJA;Mantener seguimiento rutinario.;0.0;BAJA
779;176400000248;LA UNION;I.E ARGEMIRO ESCOBAR CARDONA SEDE JOSE EUSEBIO CARO;URBANO;CALLE 12 # 23  - 30;JOSE EUSEBIO CARO;3332387810;129;129;129;0;ESCUELAS_IRCAS;DATO_PRINCIPAL_ESCUELAS_IRCAS;NO;SI;ACUAVALLE S.A ESP;SIN RIESGO;SIN RIESGO;330;PLANTA ACUAVALLE S.A ESP;SARA BRUT - POZO SUBTERRANEO;22.5/30;FAVORABLE;2025-06-09;COD_DANE_UNICO;CRUCE_OK;GEORREFERENCIADA;;540;INSTITUCION EDUCATIVA ARGEMIRO ESCOBAR CARDONA;JOSE EUSEBIO CARO;ACTIVA;OFICIAL;UNICA;EDUCACIÓN BÁSICA PRIMARIA;CLL 12 # 21-26;-76.11095014;4.530699341;-76.11095014;4.530699341;;;SEDESUESVALLE;COORDENADA_ORIGINAL_SEDESUESVALLE;1;129;;;;;;COINCIDENCIA_NOMBRE_FUERTE_CON_POSIBLE_EMPATE;0.938;RUTINARIO;Sin riesgo y bajo;SIN_BRECHAS;NO;ALTA;17.41;BAJA;Mantener seguimiento rutinario.;0.0;BAJA
780;276400000081;LA UNION;I.E ARGEMIRO ESCOBAR CARDONA SEDE EDELMIRA RAMIREZ;URBANO;CARRERA 16 # 22  - 59;EDELMIRA RAMIREZ;3147506654;71;71;71;0;ESCUELAS_IRCAS;DATO_PRINCIPAL_ESCUELAS_IRCAS;NO;SI;ACUAVALLE S.A ESP;SIN RIESGO;SIN RIESGO;330;PLANTA ACUAVALLE S.A ESP;SARA BRUT - POZO SUBTERRANEO;26.5/30;FAVORABLE CON REQUERIMIENTOS;2025-12-16;COD_DANE_UNICO;CRUCE_OK;GEORREFERENCIADA;;531;INSTITUCION EDUCATIVA ARGEMIRO ESCOBAR CARDONA;EDELMIRA RAMIREZ;ACTIVA;OFICIAL;UNICA;EDUCACIÓN BÁSICA SECUNDARIA;CRA 16 # 22-59;-76.1031277692;4.53951529569;-76.1031277692;4.53951529569;;;SEDESUESVALLE;COORDENADA_ORIGINAL_SEDESUESVALLE;1;71;;;;;;COINCIDENCIA_NOMBRE_FUERTE_CON_POSIBLE_EMPATE;0.936;RUTINARIO;Sin riesgo y bajo;SIN_BRECHAS;NO;ALTA;19.41;BAJA;Mantener seguimiento rutinario.;0.0;BAJA
781;;LA UNION;I.E JUAN DE DIOS GIRON SEDE PRINCIPAL;URBANO;CARRERA 17 # 17  - 42;PRINCIPAL;2023111;419;419;0;572;ESCUELAS_IRCAS;DATO_PRINCIPAL_ESCUELAS_IRCAS;NO;SI;ACUAVALLE S.A ESP;SIN RIESGO;SIN RIESGO;330;PLANTA ACUAVALLE S.A ESP;SARA BRUT - POZO SUBTERRANEO;222.5/30;FAVORABLE CON REQUERIMIENTOS;2025-03-13;MUNICIPIO+NOMBRE_EXACTO;CRUCE_RECUPERADO;GEORREFERENCIADA;;533;;;;;;;;-76.11;4.53;;;-76.11;4.53;MEN_SEDES;COMPLEMENTADA_CON_MEN;0;0;2.019;IE JUAN DE DIOS GIRON;JUAN DE DIOS GIRON;URBANA;CL 17 17 42;COINCIDENCIA_NOMBRE_FUERTE;0.93;RUTINARIO;Sin riesgo y bajo;SIN_BRECHAS;NO;ALTA;24.2;BAJA;Mantener seguimiento rutinario.;0.0;BAJA
782;176400000035;LA UNION;I.E. ARGEMIRO ESCOBAR CARDONA SEDE SIMON BOLIVAR;URBANO;CARRERA 15 # 11  - 08;SIMON BOLIVAR;2293890;272;272;272;0;ESCUELAS_IRCAS;DATO_PRINCIPAL_ESCUELAS_IRCAS;NO;SI;ACUAVALLE S.A ESP;SIN RIESGO;SIN RIESGO;330;PLANTA ACUAVALLE S.A ESP;SARA BRUT - POZO SUBTERRANEO;27.5/30;FAVORABLE CON REQUERIMIENTOS;2025-06-12;COD_DANE_UNICO;CRUCE_OK;GEORREFERENCIADA;;538;INSTITUCION EDUCATIVA ARGEMIRO ESCOBAR CARDONA;SIMON BOLIVAR;ACTIVA;OFICIAL;UNICA;EDUCACIÓN BÁSICA SECUNDARIA;CRA 15 # 11-41 BRR/BELEN;-76.1042970255;4.52950467748;-76.1042970255;4.52950467748;;;SEDESUESVALLE;COORDENADA_ORIGINAL_SEDESUESVALLE;1;272;;;;;;COINCIDENCIA_NOMBRE_FUERTE_CON_POSIBLE_EMPATE;0.93;RUTINARIO;Sin riesgo y bajo;SIN_BRECHAS;NO;ALTA;23.03;BAJA;Mantener seguimiento rutinario.;0.0;BAJA
783;276400000234;LA UNION;I.E ARGEMIRO ESCOBAR CARDONA SEDE SAN MARTIN DE PORRES;URBANO;CARRERA 22 # 25  - 184;SAN MARTIN DE PORRES;3153808315;10;10;10;0;ESCUELAS_IRCAS;DATO_PRINCIPAL_ESCUELAS_IRCAS;NO;SI;ACUAVALLE S.A ESP;SIN RIESGO;SIN RIESGO;330;PLANTA ACUAVALLE S.A ESP;SARA BRUT - POZO SUBTERRANEO;No Registra;SIN CONCEPTO;2025-12-09;COD_DANE_UNICO;CRUCE_OK;GEORREFERENCIADA;;532;INSTITUCION EDUCATIVA ARGEMIRO ESCOBAR CARDONA;SAN MARTIN DE PORRES;ACTIVA;OFICIAL;UNICA;EDUCACIÓN BÁSICA SECUNDARIA;CLL 22 # 25 - 184 BRR/EL CARMEN;-76.1135216025;4.5409290894;-76.1135216025;4.5409290894;;;SEDESUESVALLE;COORDENADA_ORIGINAL_SEDESUESVALLE;1;10;;;;;;COINCIDENCIA_NOMBRE_FUERTE_CON_POSIBLE_EMPATE;0.941;RUTINARIO;Sin riesgo y bajo;SIN_BRECHAS;NO;ALTA;10.71;BAJA;Mantener seguimiento rutinario.;0.0;BAJA
784;;OBANDO;I.E SAN JOSE SEDE PRINCIPAL-FUNDACIÒN PRODESARROLLO COMUNITARIO;URBANO;CARRERA 2 # 6  - 18;PRINCIPAL-FUNDACIÒN PRODESARROLLO COMUNITARIO;3137104006;295;295;0;749;ESCUELAS_IRCAS;DATO_PRINCIPAL_ESCUELAS_IRCAS;NO;SI;ACUAVALLE S.A ESP;SIN RIESGO;SIN RIESGO;58;PLANTA ACUAVALLE S.A ESP;SARA BRUT - QUEBRADA EL NARANJO;21/30;FAVORABLE CON REQUERIMIENTOS;2025-02-28;MUNICIPIO+NOMBRE_EXACTO;CRUCE_RECUPERADO;GEORREFERENCIADA;;574;;;;;;;;-75.97;4.58;;;-75.97;4.58;MEN_SEDES;COMPLEMENTADA_CON_MEN;0;0;2.019;IE SAN JOSE;SAN JOSE;URBANA;KR 2 6 18;COINCIDENCIA_NOMBRE_FUERTE;0.93;RUTINARIO;Sin riesgo y bajo;SIN_BRECHAS;NO;ALTA;23.25;BAJA;Mantener seguimiento rutinario.;0.0;BAJA
785;176497000077;OBANDO;I.E SAN JOSE SEDE GRAN COLOMBIA;URBANO;CALLE 2 # 1  - 39;GRAN COLOMBIA;3173042781;178;178;178;0;ESCUELAS_IRCAS;DATO_PRINCIPAL_ESCUELAS_IRCAS;NO;SI;ACUAVALLE S.A ESP;SIN RIESGO;SIN RIESGO;58;PLANTA ACUAVALLE S.A ESP;SARA BRUT - QUEBRADA EL NARANJO;21/30;FAVORABLE CON REQUERIMIENTOS;2025-08-21;COD_DANE_UNICO;CRUCE_OK;GEORREFERENCIADA;;575;INSTITUCION EDUCATIVA SAN JOSE;GRAN COLOMBIA;ACTIVA;OFICIAL;UNICA;EDUCACIÓN MEDIA;CL 2 # 109;-75.97157734;4.574079818;-75.97157734;4.574079818;;;SEDESUESVALLE;COORDENADA_ORIGINAL_SEDESUESVALLE;1;178;;;;;;COINCIDENCIA_NOMBRE_FUERTE_CON_POSIBLE_EMPATE;0.93;RUTINARIO;Sin riesgo y bajo;SIN_BRECHAS;NO;ALTA;21.88;BAJA;Mantener seguimiento rutinario.;0.0;BAJA
786;176497000018;OBANDO;I.E SAN JOSE SEDE RICARDO NIETO;URBANO;CALLE 2 # 1  - 62;RICARDO NIETO;3137104006;156;156;156;0;ESCUELAS_IRCAS;DATO_PRINCIPAL_ESCUELAS_IRCAS;NO;SI;ACUAVALLE S.A ESP;SIN RIESGO;SIN RIESGO;58;PLANTA ACUAVALLE S.A ESP;SARA BRUT - QUEBRADA EL NARANJO;20/30;FAVORABLE CON REQUERIMIENTOS;2025-08-21;COD_DANE_UNICO;CRUCE_OK;GEORREFERENCIADA;;576;INSTITUCION EDUCATIVA SAN JOSE;RICARDO NIETO;ACTIVA;OFICIAL;UNICA;EDUCACIÓN MEDIA;CRA 2 #1-62;-75.9722007483;4.57390310764;-75.9722007483;4.57390310764;;;SEDESUESVALLE;COORDENADA_ORIGINAL_SEDESUESVALLE;1;156;;;;;;COINCIDENCIA_NOMBRE_FUERTE_CON_POSIBLE_EMPATE;0.93;RUTINARIO;Sin riesgo y bajo;SIN_BRECHAS;NO;ALTA;21.52;BAJA;Mantener seguimiento rutinario.;0.0;BAJA
787;;OBANDO;I.E SAN JOSE SEDE GENERAL SANTANDER;URBANO;CARRERA 5 # 2  - 45;GENERAL SANTANDER;3156021838;252;252;0;0;ESCUELAS_IRCAS;DATO_PRINCIPAL_ESCUELAS_IRCAS;NO;SI;ACUAVALLE S.A ESP;SIN RIESGO;SIN RIESGO;58;PLANTA ACUAVALLE S.A ESP;SARA BRUT - QUEBRADA EL NARANJO;25.5/30;FAVORABLE CON REQUERIMIENTOS;2025-08-29;MUNICIPIO+NOMBRE_EXACTO;CRUCE_RECUPERADO;SIN_COORDENADAS;;577;;;;;;;;;;;;;;SIN_COORDENADA;SIN_COORDENADA;0;0;;;;;;COINCIDENCIA_NOMBRE_FUERTE_CON_POSIBLE_EMPATE;0.93;RUTINARIO;Sin riesgo y bajo;SIN_COORDENADA;SI;MEDIA;24.82;BAJA;Priorizar georreferenciación de la sede educativa.;0.0;BAJA
788;176497000352;OBANDO;I.E SAN JOSE SEDE MANUELA BELTRAN;URBANO;CALLE 6 # 7  - 41;MANUELA BELTRAN;31139096244;113;113;113;0;ESCUELAS_IRCAS;DATO_PRINCIPAL_ESCUELAS_IRCAS;NO;SI;ACUAVALLE S.A ESP;SIN RIESGO;SIN RIESGO;58;PLANTA ACUAVALLE S.A ESP;SARA BRUT - QUEBRADA EL NARANJO;24.5/30;FAVORABLE CON REQUERIMIENTOS;2025-06-26;COD_DANE_UNICO;CRUCE_OK;GEORREFERENCIADA;;578;INSTITUCION EDUCATIVA SAN JOSE;MANUELA BELTRAN;ACTIVA;OFICIAL;UNICA;EDUCACIÓN MEDIA;CL 6 # 7-41B/EL LLANO;-75.97645528;4.578126697;-75.97645528;4.578126697;;;SEDESUESVALLE;COORDENADA_ORIGINAL_SEDESUESVALLE;1;113;;;;;;COINCIDENCIA_NOMBRE_FUERTE_CON_POSIBLE_EMPATE;0.93;RUTINARIO;Sin riesgo y bajo;SIN_BRECHAS;NO;ALTA;20.66;BAJA;Mantener seguimiento rutinario.;0.0;BAJA
789;276497000055;OBANDO;I.E SAN JOSE  SEDE ARNULFO  PRADA MARTINEZ;RURAL;VEREDA PUERTO MOLINA;ARNULFO  PRADA MARTINEZ;3137195212;10;10;10;749;ESCUELAS_IRCAS;DATO_PRINCIPAL_ESCUELAS_IRCAS;NO;SI;ACUAVALLE S.A ESP;SIN RIESGO;SIN RIESGO;58;PLANTA ACUAVALLE S.A ESP;SARA BRUT - QUEBRADA EL NARANJO;26/30;FAVORABLE CON REQUERIMIENTOS;2025-08-26;COD_DANE_UNICO;CRUCE_OK;GEORREFERENCIADA;;585;INSTITUCION EDUCATIVA SAN JOSE;ARNULFO DRADA;ACTIVA;OFICIAL;UNICA;EDUCACIÓN MEDIA;CORREG PUERTO MOLINA;-76.02823681;4.623100454;-76.02823681;4.623100454;-75.97;4.58;SEDESUESVALLE;COORDENADA_ORIGINAL_SEDESUESVALLE;1;10;2.019;IE SAN JOSE;SAN JOSE;URBANA;KR 2 6 18;COINCIDENCIA_NOMBRE_FUERTE;0.93;RUTINARIO;Sin riesgo y bajo;SIN_BRECHAS;NO;ALTA;14.31;BAJA;Mantener seguimiento rutinario con control territorial rural.;0.0;BAJA
790;176622000866;ROLDANILLO;I.E. NORMAL SUPERIOR JORGE ISAAC SEDE LIBARDO MADRID VALDERRAMA;URBANO;CARRERA 11  CALLE 13 ESQUINA;LIBARDO MADRID VALDERRAMA;3114275661;44;44;44;68;ESCUELAS_IRCAS;DATO_PRINCIPAL_ESCUELAS_IRCAS;NO;SI;ACUAVALLE S.A ESP;SIN RIESGO;SIN RIESGO;53;PLANTA ACUAVALLE S.A ESP;SARA BRUT - QUEBRADA ROLDANILLO;17.5/30;FAVORABLE CON REQUERIMIENTOS;2025-02-04;COD_DANE_UNICO;CRUCE_OK;GEORREFERENCIADA;;686;INSTITUCION EDUCACION NORMAL SUPERIOR JORGE ISAACS;LIBARDO MADRID VALDERRAMA;ACTIVA;OFICIAL;ESPECIAL;EDUCACIÓN BÁSICA PRIMARIA;URB/ HUMBERTO GONZALEZ N.;-76.16004753;4.408423493;-76.16004753;4.408423493;-76.16;4.41;SEDESUESVALLE;COORDENADA_ORIGINAL_SEDESUESVALLE;1;44;2.019;IE NORMAL SUPERIOR JORGE ISAACS;LIBARDO MADRID VALDERRAMA;URBANA;BARRIO HUMBERTO GONZALEZ NARVAEZ;COINCIDENCIA_NOMBRE_FUERTE;0.95;RUTINARIO;Sin riesgo y bajo;SIN_BRECHAS;NO;ALTA;18.13;BAJA;Mantener seguimiento rutinario.;0.0;BAJA
791;176622000017;ROLDANILLO;I.E. BELISARIO PEÑA PIÑEIRO SEDE SAN SEBASTIAN;URBANO;CALLE 10 # 4  - 13;SAN SEBASTIAN;6022298184;84;84;84;0;ESCUELAS_IRCAS;DATO_PRINCIPAL_ESCUELAS_IRCAS;NO;SI;ACUAVALLE S.A ESP;SIN RIESGO;SIN RIESGO;53;PLANTA ACUAVALLE S.A ESP;SARA BRUT - QUEBRADA ROLDANILLO;17.5/30;FAVORABLE CON REQUERIMIENTOS;2025-02-27;COD_DANE_UNICO;CRUCE_OK;GEORREFERENCIADA;;687;INSTITUCION EDUCATIVA BELISARIO PEÑA PIÑEIRO;SAN SEBASTIAN;ACTIVA;OFICIAL;MAÑANA;EDUCACIÓN BÁSICA PRIMARIA;CLL 10 # 4-13;-76.1511605843;4.41325723003;-76.1511605843;4.41325723003;;;SEDESUESVALLE;COORDENADA_ORIGINAL_SEDESUESVALLE;1;84;;;;;;COINCIDENCIA_NOMBRE_FUERTE_CON_POSIBLE_EMPATE;0.93;RUTINARIO;Sin riesgo y bajo;SIN_BRECHAS;NO;ALTA;19.86;BAJA;Mantener seguimiento rutinario.;0.0;BAJA
792;176622000998;ROLDANILLO;I.E. BELISARIO PEÑA PIÑEIRO SEDE EUSTAQUIO PALACIOS;URBANO;CARRERA 7 # 11  - 27;EUSTAQUIO PALACIOS;3185023716;179;179;179;0;ESCUELAS_IRCAS;DATO_PRINCIPAL_ESCUELAS_IRCAS;NO;SI;ACUAVALLE S.A ESP;SIN RIESGO;SIN RIESGO;53;PLANTA ACUAVALLE S.A ESP;SARA BRUT - QUEBRADA ROLDANILLO;17.5/30;FAVORABLE CON REQUERIMIENTOS;2025-02-20;COD_DANE_UNICO;CRUCE_OK;GEORREFERENCIADA;;688;INSTITUCION EDUCATIVA BELISARIO PEÑA PIÑEIRO;EUSTAQUIO PALACIOS;ACTIVA;OFICIAL;FIN DE SEMANA;EDUCACIÓN BÁSICA PRIMARIA;IND TAIJARA BAJO;-76.15173426;4.41249003;-76.15173426;4.41249003;;;SEDESUESVALLE;COORDENADA_ORIGINAL_SEDESUESVALLE;1;179;;;;;;COINCIDENCIA_NOMBRE_FUERTE_CON_POSIBLE_EMPATE;0.93;RUTINARIO;Sin riesgo y bajo;SIN_BRECHAS;NO;ALTA;21.9;BAJA;Mantener seguimiento rutinario.;0.0;BAJA
793;;ROLDANILLO;I.E. BELISARIO PEÑA PIÑEIRO SEDE PRINCIPAL;URBANO;CALLE 11 # 6  - 55;PRINCIPAL;3127952477;0;0;0;0;SIN_FUENTE;SIN_DATO_MATRICULA;SI;SI;ACUAVALLE S.A ESP;SIN RIESGO;SIN RIESGO;53;PLANTA ACUAVALLE S.A ESP;SARA BRUT - QUEBRADA ROLDANILLO;24.5/30;FAVORABLE CON REQUERIMIENTOS;2025-04-10;MUNICIPIO+NOMBRE_EXACTO;CRUCE_RECUPERADO;SIN_COORDENADAS;;689;;;;;;;;;;;;;;SIN_COORDENADA;SIN_COORDENADA;0;0;;;;;;COINCIDENCIA_NOMBRE_FUERTE_CON_POSIBLE_EMPATE;0.93;RUTINARIO;Sin riesgo y bajo;"SIN_MATRICULA_VALIDADA; SIN_COORDENADA";SI;BAJA;12.2;BAJA;Priorizar georreferenciación de la sede educativa.;0.0;BAJA
794;276622000534;ROLDANILLO;I.E NUESTRA SEÑORA DE CHIQUINQUIRA SEDE TOMAS IGNACIO ESQUIVEL;URBANO;CARRERA 3N # 10  - 36;TOMAS IGNACIO ESQUIVEL;3174743688;267;267;267;344;ESCUELAS_IRCAS;DATO_PRINCIPAL_ESCUELAS_IRCAS;NO;SI;ACUAVALLE S.A ESP;SIN RIESGO;SIN RIESGO;53;PLANTA ACUAVALLE S.A ESP;SARA BRUT - QUEBRADA ROLDANILLO;17.5/30;FAVORABLE CON REQUERIMIENTOS;2025-03-07;COD_DANE_UNICO;CRUCE_OK;GEORREFERENCIADA;;690;INSTITUCION EDUCATIVA NUESTRA SEÑORA DE CHIQUINQUIRA;TOMAS IGNACIO ESQUIVEL;ACTIVA;OFICIAL;MAÑANA;EDUCACIÓN BÁSICA SECUNDARIA;KR 3N # 10-36;-76.1497988399;4.41806545243;-76.1497988399;4.41806545243;-76.15;4.42;SEDESUESVALLE;COORDENADA_ORIGINAL_SEDESUESVALLE;1;267;2.019;IE NUESTRA SEÑORA DE CHIQUINQUIRA;TOMAS IGNACIO ESQUIVEL;URBANA;KR 3 A 7 B 31;COINCIDENCIA_NOMBRE_FUERTE;0.949;RUTINARIO;Sin riesgo y bajo;SIN_BRECHAS;NO;ALTA;22.98;BAJA;Mantener seguimiento rutinario.;0.0;BAJA
795;276622000160;ROLDANILLO;I.E SANTA ROSALIA DE PALERMO SEDE JOSEFITA PEÑA;RURAL;CORREGIMIENTO MORELIA-HIGUERONCITO;JOSEFITA PEÑA;3185218663;20;20;20;29;ESCUELAS_IRCAS;DATO_PRINCIPAL_ESCUELAS_IRCAS;NO;SI;ACUAVALLE S.A ESP;SIN RIESGO;SIN RIESGO;53;PLANTA ACUAVALLE S.A ESP;SARA BRUT - QUEBRADA ROLDANILLO;22/30;FAVORABLE CON REQUERIMIENTOS;2026-02-18;COD_DANE_UNICO;CRUCE_OK;GEORREFERENCIADA;;692;INSTITUCION EDUCATIVA SANTA ROSALIA DE PALERMO;JOSEFITA PEÑA;ACTIVA;OFICIAL;ESPECIAL;EDUCACIÓN BÁSICA PRIMARIA;CORREG LA MORELIA;-76.11480983;4.483374515;-76.11480983;4.483374515;-76.11;4.48;SEDESUESVALLE;COORDENADA_ORIGINAL_SEDESUESVALLE;1;20;2.019;IE SANTA ROSALIA DE PALERMO;JOSEFITA PEÑA;RURAL;CORREG MORELIA;COINCIDENCIA_NOMBRE_FUERTE;0.932;RUTINARIO;Sin riesgo y bajo;SIN_BRECHAS;NO;ALTA;16.06;BAJA;Mantener seguimiento rutinario con control territorial rural.;0.0;BAJA
796;276622000178;ROLDANILLO;I.E SANTA ROSALIA DE PALERMO SEDE JOSE ACEVEDO Y GOMEZ;RURAL;CORREGIMIENTO MORELIA;JOSE ACEVEDO Y GOMEZ;3185218663;13;13;13;38;ESCUELAS_IRCAS;DATO_PRINCIPAL_ESCUELAS_IRCAS;NO;SI;ACUAVALLE S.A ESP;SIN RIESGO;SIN RIESGO;53;PLANTA ACUAVALLE S.A ESP;SARA BRUT - QUEBRADA ROLDANILLO;21/30;FAVORABLE CON REQUERIMIENTOS;2026-02-19;COD_DANE_UNICO;CRUCE_OK;GEORREFERENCIADA;;693;INSTITUCION EDUCATIVA SANTA ROSALIA DE PALERMO;JOSE ACEVEDO Y GÓMEZ;ACTIVA;OFICIAL;ESPECIAL;EDUCACIÓN BÁSICA PRIMARIA;CORREG MORELIA;-76.1400293556;4.44470883752;-76.1400293556;4.44470883752;0.0;0.0;SEDESUESVALLE;COORDENADA_ORIGINAL_SEDESUESVALLE;1;13;2.019;IE SANTA ROSALIA DE PALERMO;JOSE ACEVEDO Y GÓMEZ;RURAL;CORREG MORELIA;COINCIDENCIA_NOMBRE_FUERTE;0.941;RUTINARIO;Sin riesgo y bajo;SIN_BRECHAS;NO;ALTA;14.96;BAJA;Mantener seguimiento rutinario con control territorial rural.;0.0;BAJA
797;176622000068;ROLDANILLO;I.E SANTA ROSALIA DE PALERMO SEDE BELISARIO PEÑA PIÑEIRO;RURAL;CORREGIMIENTO MORELIA;BELISARIO PEÑA PIÑEIRO;3176411734;441;441;441;0;ESCUELAS_IRCAS;DATO_PRINCIPAL_ESCUELAS_IRCAS;NO;SI;ACUAVALLE S.A ESP;SIN RIESGO;SIN RIESGO;53;PLANTA ACUAVALLE S.A ESP;SARA BRUT - QUEBRADA ROLDANILLO;22/30;FAVORABLE CON REQUERIMIENTOS;2026-02-26;COD_DANE_DUPLICADO+NOMBRE_EXACTO;CRUCE_OK_CONTROLADO;GEORREFERENCIADA;;694;INSTITUCION EDUCATIVA BELISARIO PEÑA PIÑEIRO;BELISARIO PEÑA PIÑEIRO;ACTIVA;OFICIAL;MAÑANA;EDUCACIÓN MEDIA;CLL 11 # 6-55;-76.15083838;4.411345414;-76.15083838;4.411345414;;;SEDESUESVALLE;COORDENADA_ORIGINAL_SEDESUESVALLE;1;441;;;;;;COINCIDENCIA_NOMBRE_FUERTE_CON_POSIBLE_EMPATE;0.943;RUTINARIO;Sin riesgo y bajo;SIN_BRECHAS;NO;ALTA;24.33;BAJA;Mantener seguimiento rutinario con control territorial rural.;0.0;BAJA
798;276622000313;ROLDANILLO;I.E SANTA ROSALIA DE PALERMO SEDE MARCO FIDEL SUAREZ;RURAL;CORREGIMIENTO TIERRA BLANCA;MARCO FIDEL SUAREZ;3176411754;7;7;7;15;ESCUELAS_IRCAS;DATO_PRINCIPAL_ESCUELAS_IRCAS;NO;SI;ACUAVALLE S.A ESP;SIN RIESGO;SIN RIESGO;53;PLANTA ACUAVALLE S.A ESP;SARA BRUT - QUEBRADA ROLDANILLO;20/30;FAVORABLE CON REQUERIMIENTOS;2026-02-10;COD_DANE_UNICO;CRUCE_OK;GEORREFERENCIADA;;702;INSTITUCION EDUCATIVA SANTA ROSALIA DE PALERMO;MARCO FIDEL SUÁREZ;ACTIVA;OFICIAL;ESPECIAL;EDUCACIÓN BÁSICA PRIMARIA;CORREG DE TIERRA BLANCA;-76.1400293556;4.44470883752;-76.1400293556;4.44470883752;0.0;0.0;SEDESUESVALLE;COORDENADA_ORIGINAL_SEDESUESVALLE;1;7;2.019;IE SANTA ROSALIA DE PALERMO;MARCO FIDEL SUÁREZ;RURAL;CORREG TIERRABLANCA;COINCIDENCIA_NOMBRE_FUERTE;0.939;RUTINARIO;Sin riesgo y bajo;SIN_BRECHAS;NO;ALTA;13.44;BAJA;Mantener seguimiento rutinario con control territorial rural.;0.0;BAJA
799;;ROLDANILLO;I.E SANTA ROSALIA DE PALERMO SEDE ATANASIO GIRARDOT-FUNDACION PRODESARROLLO COMUNITARIO;RURAL;CORREGIMIENTO SANTA RITA;ATANASIO GIRARDOT-FUNDACION PRODESARROLLO COMUNITARIO;3174743688;54;54;0;59;ESCUELAS_IRCAS;DATO_PRINCIPAL_ESCUELAS_IRCAS;NO;SI;ACUAVALLE S.A ESP;SIN RIESGO;SIN RIESGO;53;PLANTA ACUAVALLE S.A ESP;SARA BRUT - QUEBRADA ROLDANILLO;19/30;FAVORABLE CON REQUERIMIENTOS;2026-02-26;MUNICIPIO+NOMBRE_EXACTO;CRUCE_RECUPERADO;GEORREFERENCIADA;;703;;;;;;;;-76.14;4.44;;;-76.14;4.44;MEN_SEDES;COMPLEMENTADA_CON_MEN;0;0;2.019;IE SANTA ROSALIA DE PALERMO;ATANASIO GIRARDOT;RURAL;CORREG SANTA RITA;COINCIDENCIA_NOMBRE_FUERTE;0.93;RUTINARIO;Sin riesgo y bajo;SIN_BRECHAS;NO;ALTA;18.68;BAJA;Mantener seguimiento rutinario con control territorial rural.;0.0;BAJA
800;276622000577;ROLDANILLO;I.E SANTA ROSALIA DE PALERMO SEDE BELISARIO PEÑA PIÑEIRO SATELITE;RURAL;CORREGIMIENTO SANTA RITA;BELISARIO PEÑA PIÑEIRO SATELITE;3127952477;117;117;117;98;ESCUELAS_IRCAS;DATO_PRINCIPAL_ESCUELAS_IRCAS;NO;SI;ACUAVALLE S.A ESP;SIN RIESGO;SIN RIESGO;53;PLANTA ACUAVALLE S.A ESP;SARA BRUT - QUEBRADA ROLDANILLO;25/30;FAVORABLE CON REQUERIMIENTOS;2026-02-25;COD_DANE_UNICO;CRUCE_OK;GEORREFERENCIADA;;704;INSTITUCION EDUCATIVA SANTA ROSALIA DE PALERMO;BELISARIO PEÑA PIÑEIRO;ACTIVA;OFICIAL;ESPECIAL;EDUCACIÓN MEDIA;CORREG MORELIA;-76.11505967;4.47880595;-76.11505967;4.47880595;-76.14;4.44;SEDESUESVALLE;COORDENADA_ORIGINAL_SEDESUESVALLE;1;117;2.019;IE SANTA ROSALIA DE PALERMO;BELISARIO PEÑA PIÑEIRO SATELITE;RURAL;CORREG SANTA RITA;COINCIDENCIA_NOMBRE_FUERTE;0.952;RUTINARIO;Sin riesgo y bajo;SIN_BRECHAS;NO;ALTA;20.75;BAJA;Mantener seguimiento rutinario con control territorial rural.;0.0;BAJA
801;276622000283;ROLDANILLO;IE RORIGO LLOREDA CAICEDO SEDE MIGUEL ANTONIO CARO;RURAL;CORREGIMIENTO EL HOBO;MIGUEL ANTONIO CARO;3108208769;6;6;6;7;ESCUELAS_IRCAS;DATO_PRINCIPAL_ESCUELAS_IRCAS;NO;SI;ACUAVALLE S.A ESP;SIN RIESGO;SIN RIESGO;53;PLANTA ACUAVALLE S.A ESP;SARA BRUT - QUEBRADA ROLDANILLO;19/30;FAVORABLE CON REQUERIMIENTOS;2026-02-10;COD_DANE_UNICO;CRUCE_OK;GEORREFERENCIADA;;705;CENTRO EDUCATIVO RODRIGO LLOREDA CAICEDO;MIGUEL ANTONIO CARO;ACTIVA;OFICIAL;MAÑANA;EDUCACIÓN BÁSICA PRIMARIA;CORREG EL HOBO;-76.14849152;4.383107696;-76.14849152;4.383107696;-76.15;4.38;SEDESUESVALLE;COORDENADA_ORIGINAL_SEDESUESVALLE;1;6;2.019;CE RODRIGO LLOREDA CAICEDO;MIGUEL ANTONIO CARO;RURAL;VDA. EL HOBO;COINCIDENCIA_NOMBRE_FUERTE;0.93;RUTINARIO;Sin riesgo y bajo;SIN_BRECHAS;NO;ALTA;13.08;BAJA;Mantener seguimiento rutinario con control territorial rural.;0.0;BAJA
802;;ROLDANILLO;I.E NORMAL SUPERIOR JORGE ISAAC SEDE PRINCIPAL;URBANO;CARRERA 7 # 15  - 70;PRINCIPAL;3114275661;919;919;0;0;ESCUELAS_IRCAS;DATO_PRINCIPAL_ESCUELAS_IRCAS;NO;SI;ACUAVALLE S.A ESP;SIN RIESGO;SIN RIESGO;53;PLANTA ACUAVALLE S.A ESP;SARA BRUT - QUEBRADA ROLDANILLO;20/30;FAVORABLE CON REQUERIMIENTOS;2025-02-20;MUNICIPIO+NOMBRE_EXACTO;CRUCE_RECUPERADO;SIN_COORDENADAS;;706;;;;;;;;;;;;;;SIN_COORDENADA;SIN_COORDENADA;0;0;;;;;;SIN_COINCIDENCIA_FUERTE;0.757;RUTINARIO;Sin riesgo y bajo;SIN_COORDENADA;SI;MEDIA;28.32;BAJA;Priorizar georreferenciación de la sede educativa.;0.0;BAJA
803;;ROLDANILLO;I.E. SEÑORA DE CHIQUINQUIRA SEDE PRINCIPAL - ACCION POR COLOMBIA;URBANO;CALLE 4 # 5  - 38  BARRIO LA ERMITA;PRINCIPAL - ACCION POR COLOMBIA;2490075;926;926;0;0;ESCUELAS_IRCAS;DATO_PRINCIPAL_ESCUELAS_IRCAS;NO;SI;ACUAVALLE S.A ESP;SIN RIESGO;SIN RIESGO;53;PLANTA ACUAVALLE S.A ESP;SARA BRUT - QUEBRADA ROLDANILLO;28/30;FAVORABLE CON REQUERIMIENTOS;2025-09-10;MUNICIPIO+NOMBRE_EXACTO;CRUCE_RECUPERADO;SIN_COORDENADAS;;707;;;;;;;;;;;;;;SIN_COORDENADA;SIN_COORDENADA;0;0;;;;;;SIN_COINCIDENCIA_FUERTE;0.6;RUTINARIO;Sin riesgo y bajo;SIN_COORDENADA;SI;MEDIA;28.34;BAJA;Priorizar georreferenciación de la sede educativa.;0.0;BAJA
804;176622000882;ROLDANILLO;I.E. BELISARIO PEÑA PIÑEIRO SEDE DIVINO NIÑO;URBANO;CALLE 7 # 1N  - 91  JOSE MARIA TORRIJOS;DIVINO NIÑO;2298116;97;97;97;0;ESCUELAS_IRCAS;DATO_PRINCIPAL_ESCUELAS_IRCAS;NO;SI;ACUAVALLE S.A ESP;SIN RIESGO;SIN RIESGO;53;PLANTA ACUAVALLE S.A ESP;SARA BRUT - QUEBRADA ROLDANILLO;17.5/30;FAVORABLE CON REQUERIMIENTOS;2025-02-14;COD_DANE_UNICO;CRUCE_OK;GEORREFERENCIADA;;708;INSTITUCION EDUCATIVA BELISARIO PEÑA PIÑEIRO;DIVINO NIÑO;ACTIVA;OFICIAL;MAÑANA;EDUCACIÓN BÁSICA PRIMARIA;CLL 7 # 1N-91 BRR/JOSE MARIA TORRI;-76.1531673088;4.41787643875;-76.1531673088;4.41787643875;;;SEDESUESVALLE;COORDENADA_ORIGINAL_SEDESUESVALLE;1;97;;;;;;COINCIDENCIA_NOMBRE_FUERTE_CON_POSIBLE_EMPATE;0.93;RUTINARIO;Sin riesgo y bajo;SIN_BRECHAS;NO;ALTA;20.25;BAJA;Mantener seguimiento rutinario.;0.0;BAJA
805;276622000241;ROLDANILLO;I.E SANTA ROSALIA DE PALERMO SEDE SANTA RITA;RURAL;CORREGIMIENTO SANTA RITA;SANTA RITA;3127952477;55;55;55;0;ESCUELAS_IRCAS;DATO_PRINCIPAL_ESCUELAS_IRCAS;NO;SI;ACUAVALLE S.A ESP;SIN RIESGO;SIN RIESGO;53;PLANTA ACUAVALLE S.A ESP;SARA BRUT - QUEBRADA ROLDANILLO;21.5/30;FAVORABLE CON REQUERIMIENTOS;2026-02-25;COD_DANE_UNICO;CRUCE_OK;GEORREFERENCIADA;;710;INSTITUCION EDUCATIVA SANTA ROSALIA DE PALERMO;SANTA RITA # 11;ACTIVA;OFICIAL;ESPECIAL;EDUCACIÓN BÁSICA PRIMARIA;CORREG STA RITA;-76.13648029;4.446216852;-76.13648029;4.446216852;;;SEDESUESVALLE;COORDENADA_ORIGINAL_SEDESUESVALLE;1;55;;;;;;POSIBLE_COINCIDENCIA_REVISAR;0.874;RUTINARIO;Sin riesgo y bajo;SIN_BRECHAS;NO;ALTA;18.73;BAJA;Mantener seguimiento rutinario con control territorial rural.;0.0;BAJA
806;276622000216;ROLDANILLO;I.E SANTA ROSALIA DE PALERMO SEDE SANTA ROSA DE LIMA;RURAL;CORREGIMIENTO HIGUERONCITO;SANTA ROSA DE LIMA;3174743688;17;17;17;13;ESCUELAS_IRCAS;DATO_PRINCIPAL_ESCUELAS_IRCAS;NO;SI;ACUAVALLE S.A ESP;SIN RIESGO;SIN RIESGO;53;PLANTA ACUAVALLE S.A ESP;SARA BRUT - QUEBRADA ROLDANILLO;21/30;FAVORABLE CON REQUERIMIENTOS;2026-02-18;COD_DANE_UNICO;CRUCE_OK;GEORREFERENCIADA;;712;INSTITUCION EDUCATIVA SANTA ROSALIA DE PALERMO;SANTA ROSA DE LIMA;ACTIVA;OFICIAL;ESPECIAL;EDUCACIÓN BÁSICA PRIMARIA;CORREG DE HIGUERONCITO;-76.1400293556;4.44470883752;-76.1400293556;4.44470883752;0.0;0.0;SEDESUESVALLE;COORDENADA_ORIGINAL_SEDESUESVALLE;1;17;2.019;IE SANTA ROSALIA DE PALERMO;SANTA ROSA DE LIMA;RURAL;CORREG HIGUERONCITO;COINCIDENCIA_NOMBRE_FUERTE;0.939;RUTINARIO;Sin riesgo y bajo;SIN_BRECHAS;NO;ALTA;15.65;BAJA;Mantener seguimiento rutinario con control territorial rural.;0.0;BAJA
807;276622000224;ROLDANILLO;I.E SANTA ROSALIA DE PALERMO SEDE HELIODORO PEÑA;RURAL;CORREGIMIENTO HIGUERONCITO;HELIODORO PEÑA;3178797409;17;17;17;17;ESCUELAS_IRCAS;DATO_PRINCIPAL_ESCUELAS_IRCAS;NO;SI;ACUAVALLE S.A ESP;SIN RIESGO;SIN RIESGO;53;PLANTA ACUAVALLE S.A ESP;SARA BRUT - QUEBRADA ROLDANILLO;19/30;FAVORABLE CON REQUERIMIENTOS;2026-02-19;COD_DANE_UNICO;CRUCE_OK;GEORREFERENCIADA;;713;INSTITUCION EDUCATIVA SANTA ROSALIA DE PALERMO;HELIODORO PEÑA;ACTIVA;OFICIAL;ESPECIAL;EDUCACIÓN BÁSICA PRIMARIA;CORREG HIGUERONCITO;-76.1400293556;4.44470883752;-76.1400293556;4.44470883752;0.0;0.0;SEDESUESVALLE;COORDENADA_ORIGINAL_SEDESUESVALLE;1;17;2.019;IE SANTA ROSALIA DE PALERMO;HELIODORO PEÑA;RURAL;CORREG HIGUERONCITO;COINCIDENCIA_NOMBRE_FUERTE;0.933;RUTINARIO;Sin riesgo y bajo;SIN_BRECHAS;NO;ALTA;15.65;BAJA;Mantener seguimiento rutinario con control territorial rural.;0.0;BAJA
808;176622000149;ROLDANILLO;I.E NUESTRA SEÑORA DE CHIQUINQUIRA SEDE JHON F. KENEDY;URBANO;CALLE 4 # 5  - 38;JHON F. KENEDY;3185023716;301;301;301;386;ESCUELAS_IRCAS;DATO_PRINCIPAL_ESCUELAS_IRCAS;NO;SI;ACUAVALLE S.A ESP;SIN RIESGO;SIN RIESGO;53;PLANTA ACUAVALLE S.A ESP;SARA BRUT - QUEBRADA ROLDANILLO;SD;SIN CONCEPTO;;COD_DANE_UNICO;CRUCE_OK;GEORREFERENCIADA;;691;INSTITUCION EDUCATIVA NUESTRA SEÑORA DE CHIQUINQUIRA;JHON F. KENNEDY;ACTIVA;OFICIAL;MAÑANA;EDUCACIÓN BÁSICA PRIMARIA;CLL 4 # 8-121 BRR/LOS LLANITOS;-76.157748758;4.41055020761;-76.157748758;4.41055020761;-76.16;4.41;SEDESUESVALLE;COORDENADA_ORIGINAL_SEDESUESVALLE;1;301;2.019;IE NUESTRA SEÑORA DE CHIQUINQUIRA;JHON F. KENNEDY;URBANA;CLL 4 NO 8-122;COINCIDENCIA_NOMBRE_FUERTE;0.932;RUTINARIO;Sin riesgo y bajo;SIN_BRECHAS;NO;ALTA;19.7;BAJA;Mantener seguimiento rutinario.;0.0;BAJA
809;;ROLDANILLO;INSTITUCION EDUCATIVA NORMAL SUPERIOR JORGE ISAACS SEDE CARLOS VILLAFANE - ACCION POR COLOMBIA;URBANO;CARRERA 10 # 13  - 40;CARLOS VILLAFANE - ACCION POR COLOMBIA;3116033514;0;0;0;0;SIN_FUENTE;SIN_DATO_MATRICULA;SI;SI;ACUAVALLE S.A ESP;SIN RIESGO;SIN RIESGO;53;PLANTA ACUAVALLE S.A ESP;SARA BRUT - QUEBRADA ROLDANILLO;No Registra;SIN CONCEPTO;2025-06-24;MUNICIPIO+NOMBRE_EXACTO;CRUCE_RECUPERADO;SIN_COORDENADAS;;709;;;;;;;;;;;;;;SIN_COORDENADA;SIN_COORDENADA;0;0;;;;;;COINCIDENCIA_NOMBRE_FUERTE_CON_POSIBLE_EMPATE;0.93;RUTINARIO;Sin riesgo y bajo;"SIN_MATRICULA_VALIDADA; SIN_COORDENADA";SI;BAJA;8.6;BAJA;Priorizar georreferenciación de la sede educativa.;0.0;BAJA
810;276622000437;ROLDANILLO;I.E SANTA ROSALIA DE PALERMO SEDE JOSE MARIA ERAZO;RURAL;VEREDA PALMAR GUAYABAL;JOSE MARIA ERAZO;3226086394;8;8;8;7;ESCUELAS_IRCAS;DATO_PRINCIPAL_ESCUELAS_IRCAS;NO;SI;ACUACAMPO: ISUGU EL SILENCIO PUERTO QUINTERO, CANDELARIA, PUEBLO NUEVO, EL RINCON, SIMON BOLIVAR Y REMOLINO;SIN RIESGO;SIN RIESGO;895;ACUEDUCTO RURAL;SARA BRUT - RIO CACERES -RIO ROLDANILLO;22.5/30;FAVORABLE CON REQUERIMIENTOS;2025-06-17;COD_DANE_UNICO;CRUCE_OK;GEORREFERENCIADA;;695;INSTITUCION EDUCATIVA SANTA ROSALIA DE PALERMO;JOSE MARIA ERAZO;ACTIVA;OFICIAL;ESPECIAL;EDUCACIÓN BÁSICA PRIMARIA;VDA EL PALMAR;-76.1400293556;4.44470883752;-76.1400293556;4.44470883752;0.0;0.0;SEDESUESVALLE;COORDENADA_ORIGINAL_SEDESUESVALLE;1;8;2.019;IE SANTA ROSALIA DE PALERMO;JOSE MARIA ERAZO;RURAL;CORREG PALMAR-GUAYABAL;COINCIDENCIA_NOMBRE_FUERTE;0.936;RUTINARIO;Sin riesgo y bajo;SIN_BRECHAS;NO;ALTA;13.76;BAJA;Mantener seguimiento rutinario con control territorial rural.;0.0;BAJA
811;276622000275;ROLDANILLO;I.E SANTA ROSALIA DE PALERMO  SEDE SIMON BOLIVAR;RURAL;VEREDA SIMON BOLIVAR;SIMON BOLIVAR;3127952477;6;6;6;15;ESCUELAS_IRCAS;DATO_PRINCIPAL_ESCUELAS_IRCAS;NO;SI;ACUACAMPO: ISUGU EL SILENCIO PUERTO QUINTERO, CANDELARIA, PUEBLO NUEVO, EL RINCON, SIMON BOLIVAR Y REMOLINO;SIN RIESGO;SIN RIESGO;895;ACUEDUCTO RURAL;SARA BRUT - RIO CACERES -RIO ROLDANILLO;24.5/30;FAVORABLE CON REQUERIMIENTOS;2025-07-02;COD_DANE_UNICO;CRUCE_OK;GEORREFERENCIADA;;718;INSTITUCION EDUCATIVA SANTA ROSALIA DE PALERMO;SIMON BOLIVAR;ACTIVA;OFICIAL;ESPECIAL;EDUCACIÓN BÁSICA PRIMARIA;VDA SIMON BOLIVAR;-76.08918375;4.442105143;-76.08918375;4.442105143;-76.09;4.44;SEDESUESVALLE;COORDENADA_ORIGINAL_SEDESUESVALLE;1;6;2.019;IE SANTA ROSALIA DE PALERMO;SIMON BOLIVAR;RURAL;CORREG PUERTO QUINTERO;COINCIDENCIA_NOMBRE_FUERTE;0.932;RUTINARIO;Sin riesgo y bajo;SIN_BRECHAS;NO;ALTA;13.08;BAJA;Mantener seguimiento rutinario con control territorial rural.;0.0;BAJA
812;276622000232;ROLDANILLO;I.E SANTA ROSALIA DE PALERMO SEDE MARIA AUXILIADORA;RURAL;CORREGIMIENTO CANDELARIA;MARIA AUXILIADORA;3176411734;7;7;7;8;ESCUELAS_IRCAS;DATO_PRINCIPAL_ESCUELAS_IRCAS;NO;SI;ACUACAMPO: ISUGU EL SILENCIO PUERTO QUINTERO, CANDELARIA, PUEBLO NUEVO, EL RINCON, SIMON BOLIVAR Y REMOLINO;SIN RIESGO;SIN RIESGO;895;ACUEDUCTO RURAL;SARA BRUT - RIO CACERES -RIO ROLDANILLO;26/30;FAVORABLE CON REQUERIMIENTOS;2025-07-03;COD_DANE_UNICO;CRUCE_OK;GEORREFERENCIADA;;721;INSTITUCION EDUCATIVA SANTA ROSALIA DE PALERMO;MARIA AUXILIADORA;ACTIVA;OFICIAL;ESPECIAL;EDUCACIÓN BÁSICA PRIMARIA;CORREG LA CANDELARIA;-76.07976037;4.483148466;-76.07976037;4.483148466;-76.08;4.48;SEDESUESVALLE;COORDENADA_ORIGINAL_SEDESUESVALLE;1;7;2.019;IE SANTA ROSALIA DE PALERMO;MARIA AUXILIADORA;RURAL;CORREG CANDELARIA;COINCIDENCIA_NOMBRE_FUERTE;0.938;RUTINARIO;Sin riesgo y bajo;SIN_BRECHAS;NO;ALTA;13.44;BAJA;Mantener seguimiento rutinario con control territorial rural.;0.0;BAJA
813;276622000208;ROLDANILLO;I.E SANTA ROSALIA DE PALERMO SEDE ANTONIA SANTOS;RURAL;CORREGIMIENTO PUERTO QUINTERO;ANTONIA SANTOS;3127952477;14;14;14;22;ESCUELAS_IRCAS;DATO_PRINCIPAL_ESCUELAS_IRCAS;NO;SI;ACUACAMPO: ISUGU EL SILENCIO PUERTO QUINTERO, CANDELARIA, PUEBLO NUEVO, EL RINCON, SIMON BOLIVAR Y REMOLINO;SIN RIESGO;SIN RIESGO;895;ACUEDUCTO RURAL;SARA BRUT - RIO CACERES -RIO ROLDANILLO;26/30;FAVORABLE CON REQUERIMIENTOS;2025-07-10;COD_DANE_UNICO;CRUCE_OK;GEORREFERENCIADA;;724;INSTITUCION EDUCATIVA SANTA ROSALIA DE PALERMO;ANTONIA SANTOS;ACTIVA;OFICIAL;ESPECIAL;EDUCACIÓN BÁSICA PRIMARIA;CORREG PTO QUINTERO;-76.08911236;4.443782663;-76.08911236;4.443782663;-76.09;4.44;SEDESUESVALLE;COORDENADA_ORIGINAL_SEDESUESVALLE;1;14;2.019;IE SANTA ROSALIA DE PALERMO;ANTONIA SANTOS;RURAL;CORREG PUERTO QUINTERO;COINCIDENCIA_NOMBRE_FUERTE;0.933;RUTINARIO;Sin riesgo y bajo;SIN_BRECHAS;NO;ALTA;15.15;BAJA;Mantener seguimiento rutinario con control territorial rural.;0.0;BAJA
814;276622000470;ROLDANILLO;I.E SANTA ROSALIA DE PALERMO SEDE SAN JOSE;RURAL;VEREDA REMOLINO;SAN JOSE;No Registra;6;6;6;12;ESCUELAS_IRCAS;DATO_PRINCIPAL_ESCUELAS_IRCAS;NO;SI;ACUACAMPO: ISUGU EL SILENCIO PUERTO QUINTERO, CANDELARIA, PUEBLO NUEVO, EL RINCON, SIMON BOLIVAR Y REMOLINO;SIN RIESGO;SIN RIESGO;895;ACUEDUCTO RURAL;SARA BRUT - RIO CACERES -RIO ROLDANILLO;SD;SIN CONCEPTO;;COD_DANE_UNICO;CRUCE_OK;GEORREFERENCIADA;;719;INSTITUCION EDUCATIVA SANTA ROSALIA DE PALERMO;SAN JOSE;ACTIVA;OFICIAL;ESPECIAL;EDUCACIÓN BÁSICA PRIMARIA;CORREG REMOLINO;-76.09102117;4.4749655;-76.09102117;4.4749655;-76.09;4.47;SEDESUESVALLE;COORDENADA_ORIGINAL_SEDESUESVALLE;1;6;2.019;IE SANTA ROSALIA DE PALERMO;SAN JOSE;RURAL;VDA REMOLINO;COINCIDENCIA_NOMBRE_FUERTE;0.93;RUTINARIO;Sin riesgo y bajo;SIN_BRECHAS;NO;ALTA;9.48;BAJA;Mantener seguimiento rutinario con control territorial rural.;0.0;BAJA
815;276622000411;ROLDANILLO;I.E SANTA ROSALIA DE PALERMO SEDE JOSE JOAQUIN JARAMILLO;RURAL;VEREDA ISUGÚ;JOSE JOAQUIN JARAMILLO;3154551886;4;4;4;4;ESCUELAS_IRCAS;DATO_PRINCIPAL_ESCUELAS_IRCAS;NO;SI;ACUACAMPO: ISUGU EL SILENCIO PUERTO QUINTERO, CANDELARIA, PUEBLO NUEVO, EL RINCON, SIMON BOLIVAR Y REMOLINO;SIN RIESGO;SIN RIESGO;895;ACUEDUCTO RURAL;SARA BRUT - RIO CACERES -RIO ROLDANILLO;No Registra;SIN CONCEPTO;2025-07-10;COD_DANE_UNICO;CRUCE_OK;GEORREFERENCIADA;;711;INSTITUCION EDUCATIVA SANTA ROSALIA DE PALERMO;JOSE JOAQUIN JARAMILLO;ACTIVA;OFICIAL;ESPECIAL;EDUCACIÓN BÁSICA PRIMARIA;CORREG ISUGU;-76.10097249;4.420817394;-76.10097249;4.420817394;-76.1;4.42;SEDESUESVALLE;COORDENADA_ORIGINAL_SEDESUESVALLE;1;4;2.019;IE SANTA ROSALIA DE PALERMO;JOSE JOAQUIN JARAMILLO;RURAL;CORREG ISUGU;COINCIDENCIA_NOMBRE_FUERTE;0.943;RUTINARIO;Sin riesgo y bajo;SIN_BRECHAS;NO;ALTA;8.57;BAJA;Mantener seguimiento rutinario con control territorial rural.;0.0;BAJA
816;276622000500;ROLDANILLO;I.E BELISARIO PEÑA PIÑEIRO SEDE GERARDO BUENO;RURAL;VEREDA BUENA VISTA;GERARDO BUENO;3008641987;2;2;2;0;ESCUELAS_IRCAS;DATO_PRINCIPAL_ESCUELAS_IRCAS;NO;SI;ACUACAMPO: ISUGU EL SILENCIO PUERTO QUINTERO, CANDELARIA, PUEBLO NUEVO, EL RINCON, SIMON BOLIVAR Y REMOLINO;SIN RIESGO;SIN RIESGO;895;ACUEDUCTO RURAL;SARA BRUT - RIO CACERES -RIO ROLDANILLO;No Registra;SIN CONCEPTO;2025-06-19;COD_DANE_UNICO;CRUCE_OK;GEORREFERENCIADA;;723;INSTITUCION EDUCATIVA BELISARIO PEÑA PIÑEIRO;GERARDO BUENO;ACTIVA;OFICIAL;MAÑANA;EDUCACIÓN BÁSICA PRIMARIA;CORREG DE BUENAVISTA;-76.16490343;4.466875332;-76.16490343;4.466875332;;;SEDESUESVALLE;COORDENADA_ORIGINAL_SEDESUESVALLE;1;2;;;;;;COINCIDENCIA_NOMBRE_FUERTE_CON_POSIBLE_EMPATE;0.93;RUTINARIO;Sin riesgo y bajo;SIN_BRECHAS;NO;ALTA;7.18;BAJA;Mantener seguimiento rutinario con control territorial rural.;0.0;BAJA
817;276616000565;RIOFRIO;SAN JUAN BOSCO;RURAL;VEREDA EL BOSQUE;;3117197157;3;0;3;0;SEDESUESVALLE;COMPLEMENTADA_CON_SEDESUESVALLE;NO;SI;ACUEDUCTO VEREDA EL BOSQUE;INVIABLE SANITARIAMENTE;INVIABLE SANITARIAMENTE;23798;ACUEDUTO RURAL;SIN DATO;0.0;DESFAVORABLE;2025-03-28;COD_DANE_UNICO;CRUCE_OK;GEORREFERENCIADA;;662;INSTITUCION EDUCATIVA ALFREDO GARRIDO TOVAR;SAN JUAN BOSCO;ACTIVA;OFICIAL;UNICA;EDUCACIÓN BÁSICA PRIMARIA;VEREDA EL BOSQUE;-76.37694284;4.062469592;-76.37694284;4.062469592;;;SEDESUESVALLE;COORDENADA_ORIGINAL_SEDESUESVALLE;1;3;;;;;;SIN_COINCIDENCIA_FUERTE;0.64;PRIORITARIO;Alto e inviable;SIN_BRECHAS;NO;ALTA;70.76;ALTA;Priorizar revisión técnica, validación en campo y articulación con sector educativo.;2.89;BAJA
818;276616000450;RIOFRIO;ESCUELA JUAN XXIII N. 36;RURAL;VDA HOJAS ANCHAS;;3127074260;9;9;0;9;ESCUELAS_IRCAS;DATO_PRINCIPAL_ESCUELAS_IRCAS;NO;SI;SIN DATO;SD;SIN DATO;SIN DATO;SIN DATO;SIN DATO;18.0;DESFAVORABLE;2025-04-04;SIN_COINCIDENCIA;PENDIENTE;GEORREFERENCIADA;;;;;;;;;;-76.37;4.15;;;-76.37;4.15;MEN_SEDES;COMPLEMENTADA_CON_MEN;0;0;2.019;IE HERNANDO LLORENTE ARROYO;JUAN  XXIII;RURAL;VDA  HOJAS ANCHAS;COINCIDENCIA_NOMBRE_FUERTE;0.93;BRECHA INFORMACION;Sin dato / información incompleta;"SIN_DATO_IRCA; CRUCE_PENDIENTE";SI;BAJA;39.15;MEDIA;Gestionar actualización de la clasificación IRCA del sistema asociado.;0.6;BAJA
819;;ARGELIA;I.E SANTIAGO GUTIERREZ ANGEL SEDE SANTIAGO GUTIERREZ ANGEL;RURAL;VEREDA LA ESTRELLA;SANTIAGO GUTIERREZ ANGEL;3153279111;240;0;0;240;MEN_SEDES_2019;COMPLEMENTADA_CON_MEN_REFERENCIA_HISTORICA;SI;SI;NO REGISTRA;SD;SIN DATO;No Registra;ACUEDUCTO RURAL;SIN DATO;28/30;FAVORABLE;2026-01-28;MUNICIPIO+NOMBRE_EXACTO;CRUCE_RECUPERADO;GEORREFERENCIADA;;86;;;;;;;;-76.11;4.73;;;-76.11;4.73;MEN_SEDES;COMPLEMENTADA_CON_MEN;0;0;2.019;IE SANTIAGO GUTIERREZ ANGEL;SANTIAGO GUTIERREZ ANGEL;RURAL;VDA LA ESTRELLA;COINCIDENCIA_NOMBRE_FUERTE;0.945;BRECHA INFORMACION;Sin dato / información incompleta;SIN_DATO_IRCA;SI;BAJA;39.99;MEDIA;Gestionar actualización de la clasificación IRCA del sistema asociado.;1.19;BAJA
820;276243000381;EL AGUILA;I.E EL AGUILA SEDE SOR MARIA JULIANA;RURAL;VEREDA LA TRIBUNA;SOR MARIA JULIANA;3182742407;13;13;14;20;ESCUELAS_IRCAS;DATO_PRINCIPAL_ESCUELAS_IRCAS;NO;SI;NO REGISTRA;SD;SIN DATO;No Registra;ACUEDUCTO RURAL;SIN DATO;27/30;FAVORABLE;2026-02-06;COD_DANE_UNICO;CRUCE_OK;GEORREFERENCIADA;;308;INSTITUCION EDUCATIVA EL AGUILA;SOR MARÍA JULIANA;ACTIVA;OFICIAL;MAÑANA;EDUCACIÓN BÁSICA PRIMARIA;VDA LA TRIBUNA;-76.02018863;4.905669337;-76.02018863;4.905669337;-76.02;4.91;SEDESUESVALLE;COORDENADA_ORIGINAL_SEDESUESVALLE;1;14;2.019;IE EL AGUILA;SOR MARÍA JULIANA;RURAL;VDA LA TRIBUNA;COINCIDENCIA_NOMBRE_FUERTE;0.93;BRECHA INFORMACION;Sin dato / información incompleta;SIN_DATO_IRCA;SI;BAJA;32.26;BAJA;Gestionar actualización de la clasificación IRCA del sistema asociado.;0.57;BAJA
821;276243000241;EL AGUILA;I.E SANTA MARTA SEDE SAN MARTIN;RURAL;VEREDA SAN MARTIN;SAN MARTIN;3104015059;5;5;8;14;ESCUELAS_IRCAS;DATO_PRINCIPAL_ESCUELAS_IRCAS;NO;SI;NO REGISTRA;SD;SIN DATO;No Registra;ACUEDUCTO RURAL;SIN DATO;28,5/30;FAVORABLE;2025-11-12;COD_DANE_UNICO;CRUCE_OK;GEORREFERENCIADA;;317;INSTITUCION EDUCATIVA SANTA MARTA;SAN MARTIN;ACTIVA;OFICIAL;MAÑANA;EDUCACIÓN BÁSICA SECUNDARIA;VDA SAN MARTIN EL AGUILA;-76.03872701;4.866816308;-76.03872701;4.866816308;-76.04;4.87;SEDESUESVALLE;COORDENADA_ORIGINAL_SEDESUESVALLE;1;8;2.019;IE SANTA MARTA;SAN MARTIN;RURAL;VDA SAN MARTIN;COINCIDENCIA_NOMBRE_FUERTE;0.93;BRECHA INFORMACION;Sin dato / información incompleta;SIN_DATO_IRCA;SI;BAJA;29.96;BAJA;Gestionar actualización de la clasificación IRCA del sistema asociado.;0.39;BAJA
822;276250000699;EL DOVIO;I.E ACERG SEDE ALBERTO FRESNEDA;RURAL;VEREDA LA PEÑA;ALBERTO FRESNEDA;3117089017;8;8;8;6;ESCUELAS_IRCAS;DATO_PRINCIPAL_ESCUELAS_IRCAS;NO;NO REGISTRA;NO REGISTRA;SD;SIN DATO;No Registra;ACUEDUCTO RURAL;SIN DATO;15/30;FAVORABLE;2025-03-07;COD_DANE_UNICO;CRUCE_OK;GEORREFERENCIADA;;394;INSTITUCION EDUCATIVA ACERG  ASOCIACION DE CENTROS EDUCATIVOS DEL CAÑON DEL RIO GARRAPATAS;ALBERTO FRESNEDA;ACTIVA;OFICIAL;UNICA;EDUCACIÓN BÁSICA SECUNDARIA;VDA LA PEÑA;-76.32840107;4.511650979;-76.32840107;4.511650979;-76.33;4.51;SEDESUESVALLE;COORDENADA_ORIGINAL_SEDESUESVALLE;1;8;2.019;IE ACERG;ALBERTO FRESNEDA;RURAL;VDA LA PEÑA;COINCIDENCIA_NOMBRE_FUERTE;0.93;BRECHA INFORMACION;Sin dato / información incompleta;SIN_DATO_IRCA;SI;BAJA;31.06;BAJA;Gestionar actualización de la clasificación IRCA del sistema asociado.;0.48;BAJA
823;276250000320;EL DOVIO;I.E ACERG SEDE SAN MARTIN DE PORRES;RURAL;CORREGIMIENTO MONTE AZUL;SAN MARTIN DE PORRES;No Registra;7;7;7;7;ESCUELAS_IRCAS;DATO_PRINCIPAL_ESCUELAS_IRCAS;NO;NO REGISTRA;NO REGISTRA;SD;SIN DATO;No Registra;ACUEDUCTO RURAL;SIN DATO;25/30;FAVORABLE;2025-05-15;COD_DANE_UNICO;CRUCE_OK;GEORREFERENCIADA;;404;INSTITUCION EDUCATIVA ACERG  ASOCIACION DE CENTROS EDUCATIVOS DEL CAÑON DEL RIO GARRAPATAS;SAN MARTIN DE PORRES;ACTIVA;OFICIAL;UNICA;EDUCACIÓN MEDIA;CORREG MONTE AZUL;-76.25106595;4.58909484;-76.25106595;4.58909484;-76.25;4.59;SEDESUESVALLE;COORDENADA_ORIGINAL_SEDESUESVALLE;1;7;2.019;IE ACERG;SAN MARTIN DE PORRES;RURAL;VDA MONTE AZUL;COINCIDENCIA_NOMBRE_FUERTE;0.93;BRECHA INFORMACION;Sin dato / información incompleta;SIN_DATO_IRCA;SI;BAJA;30.74;BAJA;Gestionar actualización de la clasificación IRCA del sistema asociado.;0.45;BAJA
824;276400000170;LA UNION;I.E JUAN DE DIOS GIRON SEDE TRINIDAD TAMAYO;RURAL;CORREGIMIENTO CORCEGA;TRINIDAD TAMAYO;3234893922;5;5;5;0;ESCUELAS_IRCAS;DATO_PRINCIPAL_ESCUELAS_IRCAS;NO;NO REGISTRA;NO REGISTRA;SD;SIN DATO;No Registra;ACUEDUCTO RURAL;SIN DATO;28.5/30;FAVORABLE;2025-12-02;COD_DANE_UNICO;CRUCE_OK;GEORREFERENCIADA;;555;INSTITUCION EDUCATIVA JUAN DE DIOS GIRON;TRINIDAD TAMAYO;ACTIVA;OFICIAL;MAÑANA;EDUCACIÓN BÁSICA PRIMARIA;CORREG CORCEGA;-76.04723786;4.541805899;-76.04723786;4.541805899;;;SEDESUESVALLE;COORDENADA_ORIGINAL_SEDESUESVALLE;1;5;;;;;;COINCIDENCIA_NOMBRE_FUERTE_CON_POSIBLE_EMPATE;0.93;BRECHA INFORMACION;Sin dato / información incompleta;SIN_DATO_IRCA;SI;BAJA;29.96;BAJA;Gestionar actualización de la clasificación IRCA del sistema asociado.;0.39;BAJA
825;276622000291;ROLDANILLO;I.E BELISARIO PEÑA PIÑEIRO SEDE SANTA CECILIA;RURAL;CORREGIMIENTO  EL CASTILLO;SANTA CECILIA;3104152752;4;4;4;0;ESCUELAS_IRCAS;DATO_PRINCIPAL_ESCUELAS_IRCAS;NO;NO;NO REGISTRA;SD;SIN DATO;No Registra;FUENTE PROPIA;SIN DATO;26/30;FAVORABLE;2025-07-10;COD_DANE_UNICO;CRUCE_OK;GEORREFERENCIADA;;722;INSTITUCION EDUCATIVA BELISARIO PEÑA PIÑEIRO;SANTA CECILIA;ACTIVA;OFICIAL;MAÑANA;EDUCACIÓN BÁSICA PRIMARIA;CORREG EL CASTILLO;-76.1400293556;4.44470883752;-76.1400293556;4.44470883752;;;SEDESUESVALLE;COORDENADA_ORIGINAL_SEDESUESVALLE;1;4;;;;;;COINCIDENCIA_NOMBRE_FUERTE_CON_POSIBLE_EMPATE;0.93;BRECHA INFORMACION;Sin dato / información incompleta;SIN_DATO_IRCA;SI;BAJA;29.47;BAJA;Gestionar actualización de la clasificación IRCA del sistema asociado.;0.35;BAJA
826;;EL CAIRO;I.E GILBERTO ALZATE AVENDAÑO SEDE JUAN XXIII-FUNDACION PRODESARROLLO COMUNITARIO;RURAL;VEREDA EL PIÑUELO;JUAN XXIII-FUNDACION PRODESARROLLO COMUNITARIO;3117669041;13;13;0;0;ESCUELAS_IRCAS;DATO_PRINCIPAL_ESCUELAS_IRCAS;NO;NO REGISTRA;NO REGISTRA;SD;SIN DATO;No Registra;ACUEDUCTO RURAL;SIN DATO;23/30;FAVORABLE CON REQUERIMIENTOS;2026-03-05;MUNICIPIO+NOMBRE_EXACTO;CRUCE_RECUPERADO;SIN_COORDENADAS;;338;;;;;;;;;;;;;;SIN_COORDENADA;SIN_COORDENADA;0;0;;;;;;COINCIDENCIA_NOMBRE_FUERTE_CON_POSIBLE_EMPATE;0.93;BRECHA INFORMACION;Sin dato / información incompleta;"SIN_DATO_IRCA; SIN_COORDENADA";SI;BAJA;35.86;MEDIA;Gestionar actualización de la clasificación IRCA del sistema asociado.;0.6;BAJA
827;;EL CAIRO;I.E GILBERTO ALZATE AVENDAÑO SEDE PIO XII - FUNDACION PRODESARROLLO COMUNITARIO;RURAL;VEREDA LA ESTRELLA;PIO XII - FUNDACION PRODESARROLLO COMUNITARIO;3203354219;10;10;0;0;ESCUELAS_IRCAS;DATO_PRINCIPAL_ESCUELAS_IRCAS;NO;NO REGISTRA;NO REGISTRA;SD;SIN DATO;No Registra;ACUEDUCTO RURAL;SIN DATO;21.5/30;FAVORABLE CON REQUERIMIENTOS;2026-03-05;MUNICIPIO+NOMBRE_EXACTO;CRUCE_RECUPERADO;SIN_COORDENADAS;;339;;;;;;;;;;;;;;SIN_COORDENADA;SIN_COORDENADA;0;0;;;;;;COINCIDENCIA_NOMBRE_FUERTE_CON_POSIBLE_EMPATE;0.93;BRECHA INFORMACION;Sin dato / información incompleta;"SIN_DATO_IRCA; SIN_COORDENADA";SI;BAJA;35.21;MEDIA;Gestionar actualización de la clasificación IRCA del sistema asociado.;0.55;BAJA
828;276041000282;ANSERMANUEVO;I.E JORGE ISAAC SEDE LA INDEPENDENCIA;RURAL;VEREDA LA FLORIDA;LA INDEPENDENCIA;3147564432;5;5;5;11;ESCUELAS_IRCAS;DATO_PRINCIPAL_ESCUELAS_IRCAS;NO;SI;NO REGISTRA;SD;SIN DATO;No Registra;ACUEDUCTO RURAL;SIN DATO;20/30;FAVORABLE CON REQUERIMIENTOS;2026-03-06;COD_DANE_UNICO;CRUCE_OK;GEORREFERENCIADA;;63;INSTITUCION EDUCATIVA JORGE ISAACS;LA INDEPENDENCIA;ACTIVA;OFICIAL;ESPECIAL;EDUCACIÓN BÁSICA PRIMARIA;VDA LA FLORIDA;-76.07867199;4.788240928;-76.07867199;4.788240928;-76.08;4.79;SEDESUESVALLE;COORDENADA_ORIGINAL_SEDESUESVALLE;1;5;2.019;IE JORGE ISAACS;LA INDEPENDENCIA;RURAL;VDA. LA FLORIDA;COINCIDENCIA_NOMBRE_FUERTE;0.93;BRECHA INFORMACION;Sin dato / información incompleta;SIN_DATO_IRCA;SI;BAJA;33.56;BAJA;Gestionar actualización de la clasificación IRCA del sistema asociado.;0.41;BAJA
829;276041000231;ANSERMANUEVO;I.E EL PLACER SEDE JOSE CELESTINO MUTIS;RURAL;VEREDA EL PLACER;JOSE CELESTINO MUTIS;3127952477;2;2;2;0;ESCUELAS_IRCAS;DATO_PRINCIPAL_ESCUELAS_IRCAS;NO;SI;NO REGISTRA;SD;SIN DATO;No Registra;ACUEDUCTO RURAL;SIN DATO;22.5/30;FAVORABLE CON REQUERIMIENTOS;2025-01-29;COD_DANE_UNICO;CRUCE_OK;GEORREFERENCIADA;;64;INSTITUCION EDUCATIVA  EL PLACER;JOSÉ CELESTINO MUTIS;ACTIVA;OFICIAL;COMPLETA;EDUCACIÓN BÁSICA SECUNDARIA;VDA EL REAL PLACER;-76.02475721;4.795950381;-76.02475721;4.795950381;;;SEDESUESVALLE;COORDENADA_ORIGINAL_SEDESUESVALLE;1;2;;;;;;COINCIDENCIA_NOMBRE_FUERTE_CON_POSIBLE_EMPATE;0.93;BRECHA INFORMACION;Sin dato / información incompleta;SIN_DATO_IRCA;SI;BAJA;31.68;BAJA;Gestionar actualización de la clasificación IRCA del sistema asociado.;0.25;BAJA
830;276041000967;ANSERMANUEVO;I.E SANTA INES SEDE JORGE ROBLEDO;RURAL;VEREDA PALO NEGRO;JORGE ROBLEDO;3127952477;3;3;3;0;ESCUELAS_IRCAS;DATO_PRINCIPAL_ESCUELAS_IRCAS;NO;SI;NO REGISTRA;SD;SIN DATO;No Registra;ACUEDUCTO RURAL;SIN DATO;20/30;FAVORABLE CON REQUERIMIENTOS;2025-03-07;COD_DANE_UNICO;CRUCE_OK;GEORREFERENCIADA;;66;INSTITUCION EDUCATIVA SANTA INES;JORGE ROBLEDO;ACTIVA;OFICIAL;MAÑANA;EDUCACIÓN MEDIA;VDA PALO NEGRO;-76.13299508;4.773678626;-76.13299508;4.773678626;;;SEDESUESVALLE;COORDENADA_ORIGINAL_SEDESUESVALLE;1;3;;;;;;COINCIDENCIA_NOMBRE_FUERTE_CON_POSIBLE_EMPATE;0.93;BRECHA INFORMACION;Sin dato / información incompleta;SIN_DATO_IRCA;SI;BAJA;32.46;BAJA;Gestionar actualización de la clasificación IRCA del sistema asociado.;0.32;BAJA
831;276054000125;ARGELIA;IE SANTIAGO GUTIERREZ ANGEL SEDE PANAMERICANA;RURAL;VEREDA VILLA ROSA;PANAMERICANA;3125854824;5;5;5;0;ESCUELAS_IRCAS;DATO_PRINCIPAL_ESCUELAS_IRCAS;NO;SI;NO REGISTRA;SD;SIN DATO;No Registra;ACUEDUCTO RURAL;SIN DATO;22/30;FAVORABLE CON REQUERIMIENTOS;2026-03-06;COD_DANE_UNICO;CRUCE_OK;GEORREFERENCIADA;;76;INSTITUCION EDUCATIVA SANTIAGO GUTIERREZ ANGEL;PANAMERICANA;ACTIVA;OFICIAL;COMPLETA;EDUCACIÓN BÁSICA PRIMARIA;VDA VILLA ROSA;-76.1368423826;4.73612033778;-76.1368423826;4.73612033778;;;SEDESUESVALLE;COORDENADA_ORIGINAL_SEDESUESVALLE;1;5;;;;;;COINCIDENCIA_NOMBRE_FUERTE_CON_POSIBLE_EMPATE;0.98;BRECHA INFORMACION;Sin dato / información incompleta;SIN_DATO_IRCA;SI;BAJA;33.56;BAJA;Gestionar actualización de la clasificación IRCA del sistema asociado.;0.41;BAJA
832;276054000222;ARGELIA;I.E SANTIAGO GUTIERREZ ANGEL SEDE JOSE ANTONIO GALAN;RURAL;VEREDA LA MARINA;JOSE ANTONIO GALAN;3104157579;12;12;12;0;ESCUELAS_IRCAS;DATO_PRINCIPAL_ESCUELAS_IRCAS;NO;SI;NO REGISTRA;SD;SIN DATO;No Registra;ACUEDUCTO RURAL;SIN DATO;22/30;FAVORABLE CON REQUERIMIENTOS;2026-02-17;COD_DANE_UNICO;CRUCE_OK;GEORREFERENCIADA;;80;INSTITUCION EDUCATIVA SANTIAGO GUTIERREZ ANGEL;JOSE ANTONIO GALAN;ACTIVA;OFICIAL;COMPLETA;EDUCACIÓN BÁSICA PRIMARIA;IP LA MARINA;-76.13621529;4.736658972;-76.13621529;4.736658972;;;SEDESUESVALLE;COORDENADA_ORIGINAL_SEDESUESVALLE;1;12;;;;;;COINCIDENCIA_NOMBRE_FUERTE_CON_POSIBLE_EMPATE;0.939;BRECHA INFORMACION;Sin dato / información incompleta;SIN_DATO_IRCA;SI;BAJA;35.66;MEDIA;Gestionar actualización de la clasificación IRCA del sistema asociado.;0.58;BAJA
833;276054000371;ARGELIA;I.E SANTIAGO GUTIERREZ ANGEL SEDE PABLO VI;RURAL;VEREDA LAS MARGARITAS;PABLO VI;3102449498;9;9;9;0;ESCUELAS_IRCAS;DATO_PRINCIPAL_ESCUELAS_IRCAS;NO;SI;NO REGISTRA;SD;SIN DATO;No Registra;ACUEDUCTO RURAL;SIN DATO;22.5/30;FAVORABLE CON REQUERIMIENTOS;2026-03-03;COD_DANE_UNICO;CRUCE_OK;GEORREFERENCIADA;;81;INSTITUCION EDUCATIVA SANTIAGO GUTIERREZ ANGEL;PABLO VI;ACTIVA;OFICIAL;COMPLETA;EDUCACIÓN BÁSICA PRIMARIA;VDA LAS MARGARITAS;-76.11770784;4.707453468;-76.11770784;4.707453468;;;SEDESUESVALLE;COORDENADA_ORIGINAL_SEDESUESVALLE;1;9;;;;;;COINCIDENCIA_NOMBRE_FUERTE_CON_POSIBLE_EMPATE;0.93;BRECHA INFORMACION;Sin dato / información incompleta;SIN_DATO_IRCA;SI;BAJA;34.95;BAJA;Gestionar actualización de la clasificación IRCA del sistema asociado.;0.53;BAJA
834;476054000485;ARGELIA;I.E SANTIAGO GUTIERREZ ANGEL SEDE CONSUELO MAYA;RURAL;VEREDA CAJONES;CONSUELO MAYA;3127221840;6;6;6;240;ESCUELAS_IRCAS;DATO_PRINCIPAL_ESCUELAS_IRCAS;NO;SI;NO REGISTRA;SD;SIN DATO;No Registra;ACUEDUCTO RURAL;SIN DATO;24.5/30;FAVORABLE CON REQUERIMIENTOS;2026-01-29;COD_DANE_UNICO;CRUCE_OK;GEORREFERENCIADA;;84;INSTITUCION EDUCATIVA SANTIAGO GUTIERREZ ANGEL;CONSUELO MAYA;ACTIVA;ORGANIZACIÓN CON FINES DE LUCRO;COMPLETA;EDUCACIÓN MEDIA;VDA CAMPO ALEGRE;-76.13621529;4.736658972;-76.13621529;4.736658972;-76.11;4.73;SEDESUESVALLE;COORDENADA_ORIGINAL_SEDESUESVALLE;1;6;2.019;IE SANTIAGO GUTIERREZ ANGEL;SANTIAGO GUTIERREZ ANGEL;RURAL;VDA LA ESTRELLA;COINCIDENCIA_NOMBRE_FUERTE;0.93;BRECHA INFORMACION;Sin dato / información incompleta;SIN_DATO_IRCA;SI;BAJA;33.98;BAJA;Gestionar actualización de la clasificación IRCA del sistema asociado.;0.44;BAJA
835;;BOLIVAR;I.E RODRIGO LLOREDA CAICEDO SEDE DIEGO FALLON;RURAL;CGTO CRISTALES;;3162793452;35;35;0;0;ESCUELAS_IRCAS;DATO_PRINCIPAL_ESCUELAS_IRCAS;NO;SI;ACUEDUCTO RURAL CRISTALES;SD;SIN DATO;SIN DATO;ACUEDUCTO RURAL;SIN DATO;22.5;FAVORABLE CON REQUERIMIENTOS;2025-06-09;MUNICIPIO+NOMBRE_EXACTO;CRUCE_RECUPERADO;SIN_COORDENADAS;;126;;;;;;;;;;;;;;SIN_COORDENADA;SIN_COORDENADA;0;0;;;;;;COINCIDENCIA_NOMBRE_FUERTE_CON_POSIBLE_EMPATE;0.93;BRECHA INFORMACION;Sin dato / información incompleta;"SIN_DATO_IRCA; SIN_COORDENADA";SI;BAJA;38.43;MEDIA;Gestionar actualización de la clasificación IRCA del sistema asociado.;0.82;BAJA
836;276828000182;BOLIVAR;ESCUELA JOSE ANTONIO GALAN N. 18;RURAL;VDA MORABITO;;3162793452;8;8;0;18;ESCUELAS_IRCAS;DATO_PRINCIPAL_ESCUELAS_IRCAS;NO;SI;ACUEDUCTO RURAL MORAVITO;SD;SIN DATO;SIN DATO;ACUEDUCTO RURAL;SIN DATO;22.5;FAVORABLE CON REQUERIMIENTOS;2025-06-09;SIN_COINCIDENCIA;PENDIENTE;SIN_COORDENADAS;;;;;;;;;;;;;;0.0;0.0;SIN_COORDENADA;SIN_COORDENADA;0;0;2.019;IE RODRIGO LLOREDA CAICEDO;JOSE ANTONIO GALAN;RURAL;VER MORAVITO;COINCIDENCIA_NOMBRE_FUERTE;0.93;BRECHA INFORMACION;Sin dato / información incompleta;"SIN_DATO_IRCA; SIN_COORDENADA; CRUCE_PENDIENTE";SI;BAJA;34.66;BAJA;Gestionar actualización de la clasificación IRCA del sistema asociado.;0.5;BAJA
837;276100000291;BOLIVAR;ESCUELA MERCEDES ABREGO N. 13;RURAL;VEREDA AGUAS LINDAS;;3238023916;12;12;17;17;ESCUELAS_IRCAS;DATO_PRINCIPAL_ESCUELAS_IRCAS;NO;SI;ACUEDUCTO RURAL AGUAS LINDAS;SD;SIN DATO;SIN DATO;ACUEDUCTO RURAL;SIN DATO;22.5;FAVORABLE CON REQUERIMIENTOS;2025-06-18;COD_DANE_UNICO;CRUCE_OK;GEORREFERENCIADA;;110;INSTITUCION EDUCATIVA NARANJAL;MERCEDES ABREGO;ACTIVA;OFICIAL;MAÑANA;EDUCACIÓN BÁSICA PRIMARIA;IP DE AGUAS LINDAS;-76.32447856;4.411743888;-76.32447856;4.411743888;-76.32;4.41;SEDESUESVALLE;COORDENADA_ORIGINAL_SEDESUESVALLE;1;17;2.019;IE NARANJAL;MERCEDES ABREGO;RURAL;CORREG AGUAS LINDAS;COINCIDENCIA_NOMBRE_FUERTE;0.93;BRECHA INFORMACION;Sin dato / información incompleta;SIN_DATO_IRCA;SI;BAJA;35.66;MEDIA;Gestionar actualización de la clasificación IRCA del sistema asociado.;0.58;BAJA
838;276828000204;BOLIVAR;ESCUELA JOSE MARIA CORDOBA N. 20;RURAL;VEREDA DOS QUEBRADAS;;3162793452;8;8;0;0;ESCUELAS_IRCAS;DATO_PRINCIPAL_ESCUELAS_IRCAS;NO;SI;ACUEDUTO RURAL DE DOS QUEBRDAS;SD;SIN DATO;SIN DATO;ACUEDUCTO RURAL;SIN DATO;26.5;FAVORABLE CON REQUERIMIENTOS;2025-06-18;SIN_COINCIDENCIA;PENDIENTE;SIN_COORDENADAS;;;;;;;;;;;;;;;;SIN_COORDENADA;SIN_COORDENADA;0;0;;;;;;COINCIDENCIA_NOMBRE_FUERTE_CON_POSIBLE_EMPATE;0.93;BRECHA INFORMACION;Sin dato / información incompleta;"SIN_DATO_IRCA; SIN_COORDENADA; CRUCE_PENDIENTE";SI;BAJA;34.66;BAJA;Gestionar actualización de la clasificación IRCA del sistema asociado.;0.5;BAJA
839;276100000071;BOLIVAR;I.E NARANJAL SEDE SANTA CATALINA DE LABOURE;RURAL;CGTO NARANJAL VDA EL FUSIL;;3233967220;5;5;6;8;ESCUELAS_IRCAS;DATO_PRINCIPAL_ESCUELAS_IRCAS;NO;SI;ACUEDUCTO RURAL EL FUSIL;INVIABLE SANITARIAMENTE;INVIABLE SANITARIAMENTE;13850;ACUEDUCTO RURAL;SIN DATO;25.5;FAVORABLE CON REQUERIMIENTOS;2025-06-18;COD_DANE_UNICO;CRUCE_OK;GEORREFERENCIADA;;114;INSTITUCION EDUCATIVA NARANJAL;SANTA CATALINA DE LABOURE;ACTIVA;OFICIAL;MAÑANA;EDUCACIÓN BÁSICA PRIMARIA;VDA EL FUSIL;-76.3155383333;4.35641666667;-76.3155383333;4.35641666667;-76.32;4.36;SEDESUESVALLE;COORDENADA_ORIGINAL_SEDESUESVALLE;1;6;2.019;IE NARANJAL;SANTA CATALINA DE LABOURE;RURAL;VDA EL FUSIL;COINCIDENCIA_NOMBRE_FUERTE;0.93;PRIORITARIO;Alto e inviable;SIN_BRECHAS;NO;ALTA;67.66;ALTA;Priorizar revisión técnica, validación en campo y articulación con sector educativo.;3.27;BAJA
840;276100000097;BOLIVAR;ESCUELA SAN JOSE N. 32;RURAL;VEREDA EL ORO;;3136485145;0;0;0;0;SIN_FUENTE;SIN_DATO_MATRICULA;SI;SI;ACUEDUCTO RURAL EL ORO;SD;SIN DATO;;ACUEDUCTO RURAL;SIN DATO;0.0;FAVORABLE CON REQUERIMIENTOS;2025-05-20;SIN_COINCIDENCIA;PENDIENTE;SIN_COORDENADAS;;;;;;;;;;;;;;;;SIN_COORDENADA;SIN_COORDENADA;0;0;;;;;;COINCIDENCIA_NOMBRE_FUERTE_CON_POSIBLE_EMPATE;0.93;BRECHA INFORMACION;Sin dato / información incompleta;"SIN_DATO_IRCA; SIN_MATRICULA_VALIDADA; SIN_COORDENADA; CRUCE_PENDIENTE";SI;BAJA;28.7;BAJA;Gestionar actualización de la clasificación IRCA del sistema asociado.;0.0;BAJA
841;;BOLIVAR;I.E. LA TULIA SEDE SAN JUDAS TADEO;RURAL;VDA BUENOS AIRES;;3207596780;5;0;5;5;SEDESUESVALLE;COMPLEMENTADA_CON_SEDESUESVALLE;NO;SI;ASOCIACION DE USUARIOS DEL ACUEDUCTO DE BUENOS AIRES;RIESGO ALTO;ALTO;2171;ACUEDUCTO RURAL;SIN DATO;0.0;FAVORABLE CON REQUERIMIENTOS;2025-06-20;MUNICIPIO+NOMBRE_EXACTO;CRUCE_RECUPERADO;GEORREFERENCIADA;;93;INSTITUCION EDUCATIVA  LA TULIA;SAN JUDAS TADEO;ACTIVA;OFICIAL;MAÑANA;EDUCACIÓN BÁSICA PRIMARIA;VDA POTOSI;-76.23997033;4.386695566;-76.23997033;4.386695566;-76.24;4.39;SEDESUESVALLE;COORDENADA_ORIGINAL_SEDESUESVALLE;1;5;2.019;IE LA TULIA;SAN JUDAS TADEO;RURAL;VDA POTOSI;COINCIDENCIA_NOMBRE_FUERTE;0.93;PRIORITARIO;Alto e inviable;SIN_BRECHAS;NO;ALTA;53.91;MEDIA;Programar seguimiento operativo y verificar condiciones del sistema abastecedor.;2.45;BAJA
842;276100000798;BOLIVAR;ESCUELA JUAN PABLO II N. 51;RURAL;VEREDA EL PAVERO;;3233967220;4;4;2;8;ESCUELAS_IRCAS;DATO_PRINCIPAL_ESCUELAS_IRCAS;NO;NO REGISTRA;NO REGISTRA;SD;SIN DATO;;NACIMIENTO;SIN DATO;22.5;FAVORABLE CON REQUERIMIENTOS;2025-05-20;COD_DANE_UNICO;CRUCE_OK;GEORREFERENCIADA;;111;INSTITUCION EDUCATIVA NARANJAL;JUAN PABLO II;ACTIVA;OFICIAL;MAÑANA;EDUCACIÓN BÁSICA PRIMARIA;VDA EL PAVERO;-76.33117633;4.447428314;-76.33117633;4.447428314;-76.33;4.45;SEDESUESVALLE;COORDENADA_ORIGINAL_SEDESUESVALLE;1;2;2.019;IE NARANJAL;JUAN PABLO II;RURAL;VDA EL PAVERO;COINCIDENCIA_NOMBRE_FUERTE;0.93;BRECHA INFORMACION;Sin dato / información incompleta;SIN_DATO_IRCA;SI;BAJA;33.07;BAJA;Gestionar actualización de la clasificación IRCA del sistema asociado.;0.37;BAJA
843;276100000518;BOLIVAR;ESCUELA ANTONIA SANTOS N. 9;RURAL;VDA EL SILENCIO  NAC;;3178815835;6;6;0;7;ESCUELAS_IRCAS;DATO_PRINCIPAL_ESCUELAS_IRCAS;NO;NO REGISTRA;NO REGISTRA;SD;SIN DATO;SIN DATO;NACIMIENTO;SIN DATO;22.5;FAVORABLE CON REQUERIMIENTOS;2025-06-26;SIN_COINCIDENCIA;PENDIENTE;GEORREFERENCIADA;;;;;;;;;;-76.2;4.37;;;-76.2;4.37;MEN_SEDES;COMPLEMENTADA_CON_MEN;0;0;2.019;IE LA TULIA;ANTONIA SANTOS;RURAL;VDA EL SILENCIO;COINCIDENCIA_NOMBRE_FUERTE;0.93;BRECHA INFORMACION;Sin dato / información incompleta;"SIN_DATO_IRCA; CRUCE_PENDIENTE";SI;BAJA;33.98;BAJA;Gestionar actualización de la clasificación IRCA del sistema asociado.;0.44;BAJA
844;276122000562;CAICEDONIA;I.E LA CONSOLITA SEDE CELIO BAENA;RURAL;VDA RISARALDA;CELIO BAENA;3103874060;6;6;6;0;ESCUELAS_IRCAS;DATO_PRINCIPAL_ESCUELAS_IRCAS;NO;NO REGISTRA;NO REGISTRA;SD;SIN DATO;SD;;SIN DATO;24.5;FAVORABLE CON REQUERIMIENTOS;2026-03-11;COD_DANE_UNICO;CRUCE_OK;GEORREFERENCIADA;;197;INSTITUCION EDUCATIVA LA CONSOLITA;CELIO BAENA;ACTIVA;OFICIAL;MAÑANA;EDUCACIÓN BÁSICA PRIMARIA;VDA RISARALDA;-75.84161909;4.299129697;-75.84161909;4.299129697;;;SEDESUESVALLE;COORDENADA_ORIGINAL_SEDESUESVALLE;1;6;;;;;;COINCIDENCIA_NOMBRE_FUERTE_CON_POSIBLE_EMPATE;0.93;BRECHA INFORMACION;Sin dato / información incompleta;SIN_DATO_IRCA;SI;BAJA;33.98;BAJA;Gestionar actualización de la clasificación IRCA del sistema asociado.;0.44;BAJA
845;276122000139;CAICEDONIA;IE ANTONIA SANTOS SEDE GUILLERMO BORRERO OLANO;RURAL;VEREDA BOSQUE ALTO;GUILLERMO BORRERO OLANO;3166272869;9;9;7;0;ESCUELAS_IRCAS;DATO_PRINCIPAL_ESCUELAS_IRCAS;NO;NO REGISTRA;NO REGISTRA;SD;SIN DATO;SD;;SIN DATO;20;FAVORABLE CON REQUERIMIENTOS;2026-02-24;COD_DANE_UNICO;CRUCE_OK;GEORREFERENCIADA;;199;INSTITUCION EDUCATIVA RURAL CAICEDONIA;GUILLERMO BORRERO OLANO;ACTIVA;OFICIAL;MAÑANA;EDUCACIÓN BÁSICA PRIMARIA;VDA BOSQUE ALTO;-75.8316206;4.296312415;-75.8316206;4.296312415;;;SEDESUESVALLE;COORDENADA_ORIGINAL_SEDESUESVALLE;1;7;;;;;;COINCIDENCIA_NOMBRE_FUERTE_CON_POSIBLE_EMPATE;0.98;BRECHA INFORMACION;Sin dato / información incompleta;SIN_DATO_IRCA;SI;BAJA;34.95;BAJA;Gestionar actualización de la clasificación IRCA del sistema asociado.;0.53;BAJA
846;276126000451;CALIMA;I.E.N.E.V SEDE CACIQUE ESCOBAR;RURAL;VDA RIO BRAVO;CACIQUE ESCOBAR;3235235638;10;10;0;0;ESCUELAS_IRCAS;DATO_PRINCIPAL_ESCUELAS_IRCAS;NO;SI;JUNTA ADMINISTRADORA  DE ACUEDUCTO DE RIO BRAVO;SD;SIN DATO;SD;ACUEDUCTO RURAL;SIN DATO;22,5/30;FAVORABLE CON REQUERIMIENTOS;2026-02-22;COD_DANE_UNICO;CRUCE_OK;GEORREFERENCIADA;;221;;;ACTIVA;OFICIAL;COMPLETA;EDUCACIÓN BÁSICA PRIMARIA;VD RESG INDIGENA NAVERA DRUA;-76.6277829464;3.94438661967;-76.6277829464;3.94438661967;;;SEDESUESVALLE;COORDENADA_ORIGINAL_SEDESUESVALLE;2;0;;;;;;SIN_CANDIDATOS_MUNICIPIO;;BRECHA INFORMACION;Sin dato / información incompleta;SIN_DATO_IRCA;SI;BAJA;35.21;MEDIA;Gestionar actualización de la clasificación IRCA del sistema asociado.;0.55;BAJA
847;276243000233;EL AGUILA;I.E JUSTINIANO ECHAVARRIA SEDE GABRIELA MISTRAL;RURAL;VEREDA SANTA RITA;GABRIELA MISTRAL;3145522344;11;11;12;15;ESCUELAS_IRCAS;DATO_PRINCIPAL_ESCUELAS_IRCAS;NO;SI;NO REGISTRA;SD;SIN DATO;No Registra;ACUEDUCTO RURAL;SIN DATO;20/30;FAVORABLE CON REQUERIMIENTOS;2026-03-27;COD_DANE_UNICO;CRUCE_OK;GEORREFERENCIADA;;318;INSTITUCION EDUCATIVA JUSTINIANO ECHAVARRIA;GABRIELA MISTRAL;ACTIVA;OFICIAL;MAÑANA;EDUCACIÓN BÁSICA PRIMARIA;VDA STA RITA;-76.05083159;4.958319409;-76.05083159;4.958319409;-76.05;4.96;SEDESUESVALLE;COORDENADA_ORIGINAL_SEDESUESVALLE;1;12;2.019;IE JUSTINIANO ECHAVARRIA;GABRIELA MISTRAL;RURAL;VDA SANTA RITA;COINCIDENCIA_NOMBRE_FUERTE;0.932;BRECHA INFORMACION;Sin dato / información incompleta;SIN_DATO_IRCA;SI;BAJA;35.44;MEDIA;Gestionar actualización de la clasificación IRCA del sistema asociado.;0.57;BAJA
848;276243000781;EL AGUILA;I.E JUSTINIANO ECHAVARRIA SEDE DOLORES LOPEZ DE GIRALDO;RURAL;VEREDA EL DIAMANTE;DOLORES LOPEZ DE GIRALDO;3232845288;3;3;3;8;ESCUELAS_IRCAS;DATO_PRINCIPAL_ESCUELAS_IRCAS;NO;SI;NO REGISTRA;SD;SIN DATO;No Registra;ACUEDUCTO RURAL;SIN DATO;20/30;FAVORABLE CON REQUERIMIENTOS;2025-05-20;COD_DANE_UNICO;CRUCE_OK;GEORREFERENCIADA;;307;INSTITUCION EDUCATIVA JUSTINIANO ECHAVARRIA;DOLORES LOPEZ DE GIRALDO;ACTIVA;OFICIAL;MAÑANA;EDUCACIÓN BÁSICA PRIMARIA;VDA EL DIAMANTE;-76.05668506;4.970930553;-76.05668506;4.970930553;-76.06;4.97;SEDESUESVALLE;COORDENADA_ORIGINAL_SEDESUESVALLE;1;3;2.019;IE JUSTINIANO ECHAVARRIA;DOLORES LOPEZ DE GIRALDO;RURAL;VDA EL DIAMANTE;COINCIDENCIA_NOMBRE_FUERTE;0.942;BRECHA INFORMACION;Sin dato / información incompleta;SIN_DATO_IRCA;SI;BAJA;32.46;BAJA;Gestionar actualización de la clasificación IRCA del sistema asociado.;0.32;BAJA
849;276246000161;EL CAIRO;I.E LA PRESENTACION SEDE JOSE ACEVEDO Y GOMEZ;RURAL;VEREDA PEÑAS BLANCAS;JOSE ACEVEDO Y GOMEZ;No Registra;8;8;8;0;ESCUELAS_IRCAS;DATO_PRINCIPAL_ESCUELAS_IRCAS;NO;NO REGISTRA;NO REGISTRA;SD;SIN DATO;No Registra;ACUEDUCTO RURAL;SIN DATO;24.5/30;FAVORABLE CON REQUERIMIENTOS;2025-08-12;COD_DANE_UNICO;CRUCE_OK;GEORREFERENCIADA;;327;INSTITUCION EDUCATIVA LA PRESENTACION;JOSE ACEVEDO Y GOMEZ;ACTIVA;OFICIAL;COMPLETA;EDUCACIÓN BÁSICA PRIMARIA;VDA SAN JOSE DE PEÑAS BLANCAS;-76.20530148;4.695036262;-76.20530148;4.695036262;;;SEDESUESVALLE;COORDENADA_ORIGINAL_SEDESUESVALLE;1;8;;;;;;COINCIDENCIA_NOMBRE_FUERTE_CON_POSIBLE_EMPATE;0.93;BRECHA INFORMACION;Sin dato / información incompleta;SIN_DATO_IRCA;SI;BAJA;34.66;BAJA;Gestionar actualización de la clasificación IRCA del sistema asociado.;0.5;BAJA
850;276246000081;EL CAIRO;I.E LA PRESENTACIÓN SEDE SIMÓN BOLIVAR;RURAL;VEREDA GUADUALITO;SIMÓN BOLIVAR;3128463122;17;17;17;0;ESCUELAS_IRCAS;DATO_PRINCIPAL_ESCUELAS_IRCAS;NO;NO REGISTRA;NO REGISTRA;SD;SIN DATO;No Registra;ACUEDUCTO RURAL;SIN DATO;24.5/30;FAVORABLE CON REQUERIMIENTOS;2025-07-28;COD_DANE_UNICO;CRUCE_OK;GEORREFERENCIADA;;332;INSTITUCION EDUCATIVA LA PRESENTACION;SIMON BOLIVAR;ACTIVA;OFICIAL;COMPLETA;EDUCACIÓN BÁSICA PRIMARIA;VDA GUADUALITO;-76.22453136;4.72268083;-76.22453136;4.72268083;;;SEDESUESVALLE;COORDENADA_ORIGINAL_SEDESUESVALLE;1;17;;;;;;COINCIDENCIA_NOMBRE_FUERTE_CON_POSIBLE_EMPATE;0.93;BRECHA INFORMACION;Sin dato / información incompleta;SIN_DATO_IRCA;SI;BAJA;36.55;MEDIA;Gestionar actualización de la clasificación IRCA del sistema asociado.;0.66;BAJA
851;276246000439;EL CAIRO;I.E GILBERTO ALZATE AVENDAÑO SEDE MARCO FIDEL SUAREZ;RURAL;VEREDA SANTA RITA;MARCO FIDEL SUAREZ;3148889201;14;14;14;0;ESCUELAS_IRCAS;DATO_PRINCIPAL_ESCUELAS_IRCAS;NO;NO REGISTRA;NO REGISTRA;SD;SIN DATO;No Registra;ACUEDUCTO RURAL;SIN DATO;21.5/30;FAVORABLE CON REQUERIMIENTOS;2026-02-27;COD_DANE_UNICO;CRUCE_OK;GEORREFERENCIADA;;336;INSTITUCION EDUCATIVA  GILBERTO ALZATE AVENDAÑO;MARCO FIDEL SUAREZ;ACTIVA;OFICIAL;MAÑANA;EDUCACIÓN BÁSICA PRIMARIA;VDA SANTA RITA;-76.16676597;4.80364337;-76.16676597;4.80364337;;;SEDESUESVALLE;COORDENADA_ORIGINAL_SEDESUESVALLE;1;14;;;;;;COINCIDENCIA_NOMBRE_FUERTE_CON_POSIBLE_EMPATE;0.939;BRECHA INFORMACION;Sin dato / información incompleta;SIN_DATO_IRCA;SI;BAJA;36.05;MEDIA;Gestionar actualización de la clasificación IRCA del sistema asociado.;0.62;BAJA
852;276246000552;EL CAIRO;I.E GILBERTO ALZATE AVENDAÑO SEDE AMPARO MORALES;RURAL;VEREDA LAS MARGARITAS;AMPARO MORALES;3148325329;12;12;12;0;ESCUELAS_IRCAS;DATO_PRINCIPAL_ESCUELAS_IRCAS;NO;NO REGISTRA;NO REGISTRA;SD;SIN DATO;No Registra;ACUEDUCTO RURAL;SIN DATO;21.5/30;FAVORABLE CON REQUERIMIENTOS;2026-02-27;COD_DANE_UNICO;CRUCE_OK;GEORREFERENCIADA;;342;INSTITUCION EDUCATIVA  GILBERTO ALZATE AVENDAÑO;AMPARO MORALES;ACTIVA;OFICIAL;MAÑANA;EDUCACIÓN BÁSICA PRIMARIA;VDA LAS MARGARITAS;-76.19167411;4.760245094;-76.19167411;4.760245094;;;SEDESUESVALLE;COORDENADA_ORIGINAL_SEDESUESVALLE;1;12;;;;;;COINCIDENCIA_NOMBRE_FUERTE_CON_POSIBLE_EMPATE;0.933;BRECHA INFORMACION;Sin dato / información incompleta;SIN_DATO_IRCA;SI;BAJA;35.66;MEDIA;Gestionar actualización de la clasificación IRCA del sistema asociado.;0.58;BAJA
853;276246000170;EL CAIRO;I.E LA PRESENTACION SEDE CAMILO TORRES;RURAL;CORREGIMIENTO BELLA VISTA;CAMILO TORRES;3204995836;12;12;12;0;ESCUELAS_IRCAS;DATO_PRINCIPAL_ESCUELAS_IRCAS;NO;NO REGISTRA;NO REGISTRA;SD;SIN DATO;No Registra;ACUEDUCTO RURAL;SIN DATO;24.5/30;FAVORABLE CON REQUERIMIENTOS;2025-08-01;COD_DANE_UNICO;CRUCE_OK;GEORREFERENCIADA;;343;INSTITUCION EDUCATIVA LA PRESENTACION;CAMILO TORRES;ACTIVA;OFICIAL;COMPLETA;EDUCACIÓN BÁSICA PRIMARIA;CORREG BELLAVISTA;-76.244228;4.693084;-76.244228;4.693084;;;SEDESUESVALLE;COORDENADA_ORIGINAL_SEDESUESVALLE;1;12;;;;;;COINCIDENCIA_NOMBRE_FUERTE_CON_POSIBLE_EMPATE;0.93;BRECHA INFORMACION;Sin dato / información incompleta;SIN_DATO_IRCA;SI;BAJA;35.66;MEDIA;Gestionar actualización de la clasificación IRCA del sistema asociado.;0.58;BAJA
854;276246000242;EL CAIRO;I.E LA PRESENTACION SEDE MANUEL MARIN MALLARIN;RURAL;VEREDA EL BRILLANTE;MANUEL MARIN MALLARIN;3137019367;10;10;10;236;ESCUELAS_IRCAS;DATO_PRINCIPAL_ESCUELAS_IRCAS;NO;NO REGISTRA;NO REGISTRA;SD;SIN DATO;No Registra;ACUEDUCTO RURAL;SIN DATO;26.5/30;FAVORABLE CON REQUERIMIENTOS;2025-07-30;COD_DANE_UNICO;CRUCE_OK;GEORREFERENCIADA;;345;INSTITUCION EDUCATIVA LA PRESENTACION;MANUEL MARIA MALLARINO;ACTIVA;OFICIAL;COMPLETA;EDUCACIÓN BÁSICA PRIMARIA;VDA EL BRILLANTE;-76.26535765;4.754559669;-76.26535765;4.754559669;-76.22;4.76;SEDESUESVALLE;COORDENADA_ORIGINAL_SEDESUESVALLE;1;10;2.019;IE LA PRESENTACION;LA PRESENTACIÓN;URBANA;KR 4 7 46;COINCIDENCIA_NOMBRE_FUERTE;0.93;BRECHA INFORMACION;Sin dato / información incompleta;SIN_DATO_IRCA;SI;BAJA;35.21;MEDIA;Gestionar actualización de la clasificación IRCA del sistema asociado.;0.55;BAJA
855;276246000633;EL CAIRO;I.E LA PRESENTACION SEDE SIETE DE AGOSTO;RURAL;LA SONORA;SIETE DE AGOSTO;3137860959;12;12;12;0;ESCUELAS_IRCAS;DATO_PRINCIPAL_ESCUELAS_IRCAS;NO;NO REGISTRA;NO REGISTRA;SD;SIN DATO;No Registra;ACUEDUCTO RURAL;SIN DATO;24/30;FAVORABLE CON REQUERIMIENTOS;2025-08-01;COD_DANE_UNICO;CRUCE_OK;GEORREFERENCIADA;;346;INSTITUCION EDUCATIVA LA PRESENTACION;SIETE DE AGOSTO;ACTIVA;OFICIAL;COMPLETA;EDUCACIÓN BÁSICA PRIMARIA;VDA LA SONORA;-76.2334743;4.69478047;-76.2334743;4.69478047;;;SEDESUESVALLE;COORDENADA_ORIGINAL_SEDESUESVALLE;1;12;;;;;;COINCIDENCIA_NOMBRE_FUERTE_CON_POSIBLE_EMPATE;0.93;BRECHA INFORMACION;Sin dato / información incompleta;SIN_DATO_IRCA;SI;BAJA;35.66;MEDIA;Gestionar actualización de la clasificación IRCA del sistema asociado.;0.58;BAJA
856;276246000641;EL CAIRO;I.E LA PRESENTACION SEDE RICARDO NIETO;RURAL;VEREDA EL JARDIN;RICARDO NIETO;3206271937;7;7;7;7;ESCUELAS_IRCAS;DATO_PRINCIPAL_ESCUELAS_IRCAS;NO;NO REGISTRA;NO REGISTRA;SD;SIN DATO;No Registra;ACUEDUCTO RURAL;SIN DATO;25/30;FAVORABLE CON REQUERIMIENTOS;2025-05-20;COD_DANE_UNICO;CRUCE_OK;GEORREFERENCIADA;;347;INSTITUCION EDUCATIVA LA PRESENTACION;RICARDO NIETO;ACTIVA;OFICIAL;COMPLETA;EDUCACIÓN BÁSICA PRIMARIA;VDA EL JARDIN;-76.23111245;4.717375832;-76.23111245;4.717375832;-76.23;4.72;SEDESUESVALLE;COORDENADA_ORIGINAL_SEDESUESVALLE;1;7;2.019;IE LA PRESENTACION;SEDE RICARDO NIETO;RURAL;VDA. EL JARDÍN;COINCIDENCIA_NOMBRE_FUERTE;0.987;BRECHA INFORMACION;Sin dato / información incompleta;SIN_DATO_IRCA;SI;BAJA;34.34;BAJA;Gestionar actualización de la clasificación IRCA del sistema asociado.;0.47;BAJA
857;276246000064;EL CAIRO;I.E LA PRESENTACION SEDE CRISTO REY;RURAL;VEREDA LA LAGUNA;CRISTO REY;3154892535;7;7;7;236;ESCUELAS_IRCAS;DATO_PRINCIPAL_ESCUELAS_IRCAS;NO;NO REGISTRA;NO REGISTRA;SD;SIN DATO;No Registra;ACUEDUCTO RURAL;SIN DATO;24.5/30;FAVORABLE CON REQUERIMIENTOS;2025-07-30;COD_DANE_UNICO;CRUCE_OK;GEORREFERENCIADA;;348;INSTITUCION EDUCATIVA LA PRESENTACION;CRISTO REY;ACTIVA;OFICIAL;COMPLETA;EDUCACIÓN BÁSICA PRIMARIA;VDA LA LAGUNA;-76.24304783;4.735992735;-76.24304783;4.735992735;-76.22;4.76;SEDESUESVALLE;COORDENADA_ORIGINAL_SEDESUESVALLE;1;7;2.019;IE LA PRESENTACION;LA PRESENTACIÓN;URBANA;KR 4 7 46;COINCIDENCIA_NOMBRE_FUERTE;0.93;BRECHA INFORMACION;Sin dato / información incompleta;SIN_DATO_IRCA;SI;BAJA;34.34;BAJA;Gestionar actualización de la clasificación IRCA del sistema asociado.;0.47;BAJA
858;276250000109;EL DOVIO;I.E JOSE MARIA FALLA SEDE NICOLAS BARRERO OLANO;RURAL;VEREDA MATECAÑA;NICOLAS BARRERO OLANO;3200129851;12;12;12;687;ESCUELAS_IRCAS;DATO_PRINCIPAL_ESCUELAS_IRCAS;NO;NO REGISTRA;NO REGISTRA;SD;SIN DATO;No Registra;ACUEDUCTO RURAL;SIN DATO;24/30;FAVORABLE CON REQUERIMIENTOS;2026-02-19;COD_DANE_UNICO;CRUCE_OK;GEORREFERENCIADA;;402;INSTITUCION EDUCATIVA JOSE MARIA FALLA;NICOLAS BORRERO OLANO;ACTIVA;OFICIAL;UNICA;EDUCACIÓN BÁSICA PRIMARIA;VDA MATECAÑA;-76.22244129;4.499645805;-76.22244129;4.499645805;-76.24;4.51;SEDESUESVALLE;COORDENADA_ORIGINAL_SEDESUESVALLE;1;12;2.019;IE JOSE MARIA FALLA;JOSE MARIA FALLA;URBANA;CL 15 12 79;COINCIDENCIA_NOMBRE_FUERTE;0.93;BRECHA INFORMACION;Sin dato / información incompleta;SIN_DATO_IRCA;SI;BAJA;35.66;MEDIA;Gestionar actualización de la clasificación IRCA del sistema asociado.;0.58;BAJA
859;276400000676;LA UNION;I.E QUEBRADAGRANDE SEDE ELIAS GIRON VINASCO;RURAL;VEREDA PORTACHUELO;ELIAS GIRON VINASCO;3206335872;7;7;7;16;ESCUELAS_IRCAS;DATO_PRINCIPAL_ESCUELAS_IRCAS;NO;SI;NO REGISTRA;SD;SIN DATO;No Registra;ACUEDUCTO RURAL;SIN DATO;26/30;FAVORABLE CON REQUERIMIENTOS;2025-09-02;COD_DANE_UNICO;CRUCE_OK;GEORREFERENCIADA;;543;INSTITUCION EDUCATIVA QUEBRADAGRANDE;C.E. ELÍAS GIRÓN VINASCO;ACTIVA;OFICIAL;MAÑANA;EDUCACIÓN BÁSICA PRIMARIA;VDA EL POTACHUELO;-76.08764587;4.523293693;-76.08764587;4.523293693;-76.09;4.52;SEDESUESVALLE;COORDENADA_ORIGINAL_SEDESUESVALLE;1;7;2.019;I.E. QUEBRADAGRANDE;C.E. ELÍAS GIRÓN VINASCO;RURAL;VDA. PORTACHUELO;COINCIDENCIA_NOMBRE_FUERTE;0.92;BRECHA INFORMACION;Sin dato / información incompleta;SIN_DATO_IRCA;SI;BAJA;34.34;BAJA;Gestionar actualización de la clasificación IRCA del sistema asociado.;0.47;BAJA
860;276400000668;LA UNION;I.E QUEBRADAGRANDE SEDE JOSE ANCIZAR HENAO;RURAL;VEREDA LA CAMPESINA;JOSE ANCIZAR HENAO;3146593839;32;32;32;0;ESCUELAS_IRCAS;DATO_PRINCIPAL_ESCUELAS_IRCAS;NO;NO REGISTRA;NO REGISTRA;SD;SIN DATO;No Registra;ACUEDUCTO RURAL;SIN DATO;25/30;FAVORABLE CON REQUERIMIENTOS;2025-08-14;COD_DANE_UNICO;CRUCE_OK;GEORREFERENCIADA;;544;INSTITUCION EDUCATIVA QUEBRADAGRANDE;PBRO JOSE ANCIZAR HENAO;ACTIVA;OFICIAL;MAÑANA;EDUCACIÓN BÁSICA SECUNDARIA;VDA LA CAMPESINA;-76.15167717;4.533963196;-76.15167717;4.533963196;;;SEDESUESVALLE;COORDENADA_ORIGINAL_SEDESUESVALLE;1;32;;;;;;POSIBLE_COINCIDENCIA_REVISAR;0.894;BRECHA INFORMACION;Sin dato / información incompleta;SIN_DATO_IRCA;SI;BAJA;38.19;MEDIA;Gestionar actualización de la clasificación IRCA del sistema asociado.;0.8;BAJA
861;276400000340;LA UNION;IE JUAN DE DIOS GIRON SEDE SAN RAFAEL;RURAL;VEREDA EL BANCO;SAN RAFAEL;3108327423;4;4;4;0;ESCUELAS_IRCAS;DATO_PRINCIPAL_ESCUELAS_IRCAS;NO;NO REGISTRA;NO REGISTRA;SD;SIN DATO;No Registra;ACUEDUCTO RURAL;SIN DATO;25/30;FAVORABLE CON REQUERIMIENTOS;2025-08-05;COD_DANE_UNICO;CRUCE_OK;GEORREFERENCIADA;;549;INSTITUCION EDUCATIVA JUAN DE DIOS GIRON;SAN RAFAEL;ACTIVA;OFICIAL;MAÑANA;EDUCACIÓN BÁSICA PRIMARIA;VDA EL BANCO;-76.04895108;4.531336271;-76.04895108;4.531336271;;;SEDESUESVALLE;COORDENADA_ORIGINAL_SEDESUESVALLE;1;4;;;;;;COINCIDENCIA_NOMBRE_FUERTE_CON_POSIBLE_EMPATE;0.98;BRECHA INFORMACION;Sin dato / información incompleta;SIN_DATO_IRCA;SI;BAJA;33.07;BAJA;Gestionar actualización de la clasificación IRCA del sistema asociado.;0.37;BAJA
862;276400000161;LA UNION;I.E JUAN DE DIOS GIRON SEDE SANTA TERESITA;RURAL;CORREGIMIENTO EL  LINDERO;SANTA TERESITA;3145432805;5;5;5;0;ESCUELAS_IRCAS;DATO_PRINCIPAL_ESCUELAS_IRCAS;NO;NO REGISTRA;NO REGISTRA;SD;SIN DATO;No Registra;ACUEDUCTO RURAL;SIN DATO;27/30;FAVORABLE CON REQUERIMIENTOS;2026-03-20;COD_DANE_UNICO;CRUCE_OK;GEORREFERENCIADA;;550;INSTITUCION EDUCATIVA JUAN DE DIOS GIRON;SANTA TERESITA;ACTIVA;OFICIAL;MAÑANA;EDUCACIÓN BÁSICA PRIMARIA;CORREG EL LINDERO;-76.0705316;4.501914236;-76.0705316;4.501914236;;;SEDESUESVALLE;COORDENADA_ORIGINAL_SEDESUESVALLE;1;5;;;;;;COINCIDENCIA_NOMBRE_FUERTE_CON_POSIBLE_EMPATE;0.93;BRECHA INFORMACION;Sin dato / información incompleta;SIN_DATO_IRCA;SI;BAJA;33.56;BAJA;Gestionar actualización de la clasificación IRCA del sistema asociado.;0.41;BAJA
863;276400000226;LA UNION;I.E QUEBRADA GRANDE SEDE HERMILA SALAZAR;RURAL;VEREDA EL LUCERO;HERMILA SALAZAR;3113405578;6;6;6;11;ESCUELAS_IRCAS;DATO_PRINCIPAL_ESCUELAS_IRCAS;NO;NO REGISTRA;NO REGISTRA;SD;SIN DATO;No Registra;ACUEDUCTO RURAL;SIN DATO;25/30;FAVORABLE CON REQUERIMIENTOS;2025-09-03;COD_DANE_UNICO;CRUCE_OK;GEORREFERENCIADA;;556;INSTITUCION EDUCATIVA QUEBRADAGRANDE;HERMILA SALAZAR;ACTIVA;OFICIAL;MAÑANA;EDUCACIÓN BÁSICA PRIMARIA;VDA EL LUCERO;-76.10436158;4.520676286;-76.10436158;4.520676286;-76.1;4.52;SEDESUESVALLE;COORDENADA_ORIGINAL_SEDESUESVALLE;1;6;2.019;I.E. QUEBRADAGRANDE;HERMILA SALAZAR;RURAL;VDA EL LUCERO;COINCIDENCIA_NOMBRE_FUERTE;0.93;BRECHA INFORMACION;Sin dato / información incompleta;SIN_DATO_IRCA;SI;BAJA;33.98;BAJA;Gestionar actualización de la clasificación IRCA del sistema asociado.;0.44;BAJA
864;276497000195;OBANDO;I.E SAN JOSE SEDE SIMON BOLIVAR;RURAL;CORREGIMIENTO JUAN DIAS;SIMON BOLIVAR;3148800425;4;4;4;0;ESCUELAS_IRCAS;DATO_PRINCIPAL_ESCUELAS_IRCAS;NO;NO;NO REGISTRA;SD;SIN DATO;No Registra;ACUEDUCTO RURAL;SIN DATO;25/30;FAVORABLE CON REQUERIMIENTOS;2025-08-26;COD_DANE_UNICO;CRUCE_OK;GEORREFERENCIADA;;586;INSTITUCION EDUCATIVA SAN JOSE;SIMON BOLIVAR;ACTIVA;OFICIAL;UNICA;EDUCACIÓN MEDIA;CORREG JUAN DIAZ;-76.02116;4.650525;-76.02116;4.650525;;;SEDESUESVALLE;COORDENADA_ORIGINAL_SEDESUESVALLE;1;4;;;;;;COINCIDENCIA_NOMBRE_FUERTE_CON_POSIBLE_EMPATE;0.93;BRECHA INFORMACION;Sin dato / información incompleta;SIN_DATO_IRCA;SI;BAJA;33.07;BAJA;Gestionar actualización de la clasificación IRCA del sistema asociado.;0.37;BAJA
865;276497000292;OBANDO;I.E MARIA ANALIA ORTIZ HORMAZA SEDE ALFONSO LOPEZ PUMAREJO;RURAL;VEREDA FRÍAS;ALFONSO LOPEZ PUMAREJO;3154673635;9;9;9;0;ESCUELAS_IRCAS;DATO_PRINCIPAL_ESCUELAS_IRCAS;NO;NO;NO REGISTRA;SD;SIN DATO;No Registra;NACIMIENTO PROPIO;SIN DATO;25.5/30;FAVORABLE CON REQUERIMIENTOS;2025-09-04;COD_DANE_UNICO;CRUCE_OK;GEORREFERENCIADA;;579;INSTITUCION EDUCATIVA MARIA ANALIA ORTIZ HORMAZA;ALFONSO LÓPEZ PUMAREJO;ACTIVA;OFICIAL;COMPLETA;EDUCACIÓN MEDIA;CORREG FRIAS;-75.908814;4.585542;-75.908814;4.585542;;;SEDESUESVALLE;COORDENADA_ORIGINAL_SEDESUESVALLE;1;9;;;;;;COINCIDENCIA_NOMBRE_FUERTE_CON_POSIBLE_EMPATE;0.945;BRECHA INFORMACION;Sin dato / información incompleta;SIN_DATO_IRCA;SI;BAJA;34.95;BAJA;Gestionar actualización de la clasificación IRCA del sistema asociado.;0.53;BAJA
866;276497000136;OBANDO;I.E MARIA ANALIA ORTIZ SEDE JUAN DEL CORRAL;RURAL;VEREDA PLAYA RICA;JUAN DEL CORRAL;No Registra;6;6;6;18;ESCUELAS_IRCAS;DATO_PRINCIPAL_ESCUELAS_IRCAS;NO;NO;NO REGISTRA;SD;SIN DATO;No Registra;NACIMIENTO PROPIO;SIN DATO;24.5/30;FAVORABLE CON REQUERIMIENTOS;2025-08-12;COD_DANE_UNICO;CRUCE_OK;GEORREFERENCIADA;;581;INSTITUCION EDUCATIVA MARIA ANALIA ORTIZ HORMAZA;JUAN DEL CORRAL;ACTIVA;OFICIAL;COMPLETA;EDUCACIÓN MEDIA;VDA PLAYA RICA;-75.892823;4.60337;-75.892823;4.60337;-75.89;4.6;SEDESUESVALLE;COORDENADA_ORIGINAL_SEDESUESVALLE;1;6;2.019;IE MARIA ANALIA ORTIZ HORMAZA;JUAN DEL CORRAL;RURAL;VDA. PLAYA RICA;COINCIDENCIA_NOMBRE_FUERTE;0.93;BRECHA INFORMACION;Sin dato / información incompleta;SIN_DATO_IRCA;SI;BAJA;33.98;BAJA;Gestionar actualización de la clasificación IRCA del sistema asociado.;0.44;BAJA
867;276497000209;OBANDO;I.E MARIA ANALIA ORTIZ HORMANZA SEDE JOSE ACEVEDO Y GOMEZ;RURAL;VEREDA MONTEROSO;JOSE ACEVEDO Y GOMEZ;3123891550;14;14;14;9;ESCUELAS_IRCAS;DATO_PRINCIPAL_ESCUELAS_IRCAS;NO;NO;NO REGISTRA;SD;SIN DATO;No Registra;NACIMIENTO PROPIO;SIN DATO;26/30;FAVORABLE CON REQUERIMIENTOS;2025-09-04;COD_DANE_UNICO;CRUCE_OK;GEORREFERENCIADA;;588;INSTITUCION EDUCATIVA MARIA ANALIA ORTIZ HORMAZA;JOSE ACEVEDO Y GOMEZ;ACTIVA;OFICIAL;COMPLETA;EDUCACIÓN MEDIA;VDA MONTE ROSO;-75.901602;4.626791;-75.901602;4.626791;-75.9;4.63;SEDESUESVALLE;COORDENADA_ORIGINAL_SEDESUESVALLE;1;14;2.019;IE MARIA ANALIA ORTIZ HORMAZA;JOSE ACEVEDO Y GOMEZ;RURAL;VDA. MONTERROSO;COINCIDENCIA_NOMBRE_FUERTE;0.935;BRECHA INFORMACION;Sin dato / información incompleta;SIN_DATO_IRCA;SI;BAJA;36.05;MEDIA;Gestionar actualización de la clasificación IRCA del sistema asociado.;0.62;BAJA
868;;RESTREPO;IENEV SEDE LOS NIAZA #53;RURAL;VDA CHONTADURO;LOS NIAZA #53;3206599076;29;29;0;0;ESCUELAS_IRCAS;DATO_PRINCIPAL_ESCUELAS_IRCAS;NO;SI;ASOCIACION DE USUARIOS DEL SERVICIO DE AGUA POTABLE PUEBLO NUEVO Y CABILDO NIAZA - ACUANIPU;SIN RIESGO;SIN RIESGO;13077;NO REGISTRA;SIN DATO;21.5;FAVORABLE CON REQUERIMIENTOS;2026-03-05;MUNICIPIO+NOMBRE_EXACTO;CRUCE_RECUPERADO;SIN_COORDENADAS;;651;;;;;;;;;;;;;;SIN_COORDENADA;SIN_COORDENADA;0;0;;;;;;SIN_COINCIDENCIA_FUERTE;0.448;RUTINARIO;Sin riesgo y bajo;SIN_COORDENADA;SI;MEDIA;19.03;BAJA;Priorizar georreferenciación de la sede educativa.;0.0;BAJA
869;276616000476;RIOFRIO;CENTRO EDUCATIVO CENT DOC STO DOMINGO SAVIO;RURAL;VDA LAS BRISAS;;3113380969;47;47;37;0;ESCUELAS_IRCAS;DATO_PRINCIPAL_ESCUELAS_IRCAS;NO;SI;ACUEDUCTO LAS BRISAS;INVIABLE SANITARIAMENTE;INVIABLE SANITARIAMENTE;4972;ACUEDUTO RURAL;SIN DATO;16.0;FAVORABLE CON REQUERIMIENTOS;2025-02-18;COD_DANE_UNICO;CRUCE_OK;GEORREFERENCIADA;;670;INSTITUCION EDUCATIVA CAMILO TORRES;SANTO DOMINGO SAVIO;ACTIVA;OFICIAL;COMPLETA;EDUCACIÓN BÁSICA SECUNDARIA;VDA LAS BRISAS;-76.38611567;4.122954697;-76.38611567;4.122954697;;;SEDESUESVALLE;COORDENADA_ORIGINAL_SEDESUESVALLE;1;37;;;;;;SIN_COINCIDENCIA_FUERTE;0.557;PRIORITARIO;Alto e inviable;SIN_BRECHAS;NO;ALTA;73.31;ALTA;Priorizar revisión técnica, validación en campo y articulación con sector educativo.;7.06;ALTA
870;276616000115;RIOFRIO;ESCUELA SAN LUIS GONZAGA N. 24;RURAL;VDA EL RUBY;;3117197157;2;2;4;0;ESCUELAS_IRCAS;DATO_PRINCIPAL_ESCUELAS_IRCAS;NO;SI;ACUEDUCTO DOS QUEBRADAS EL RUBI ALTO;RIESGO ALTO;ALTO;13337;ACUEDUTO RURAL;SIN DATO;13.0;FAVORABLE CON REQUERIMIENTOS;2025-03-25;COD_DANE_UNICO;CRUCE_OK;GEORREFERENCIADA;;668;INSTITUCION EDUCATIVA ALFREDO GARRIDO TOVAR;SAN LUIS GONZAGA;ACTIVA;OFICIAL;UNICA;EDUCACIÓN BÁSICA PRIMARIA;VDA EL RUBY;-76.39723248;4.023623986;-76.39723248;4.023623986;;;SEDESUESVALLE;COORDENADA_ORIGINAL_SEDESUESVALLE;1;4;;;;;;SIN_COINCIDENCIA_FUERTE;0.391;PRIORITARIO;Alto e inviable;SIN_BRECHAS;NO;ALTA;52.03;MEDIA;Programar seguimiento operativo y verificar condiciones del sistema abastecedor.;1.5;BAJA
871;276616000620;RIOFRIO;CENTRO EDUCATIVO CENT DOC LAUREANO CAICEDO TRUJILLO N. 41;RURAL;VEREDA MIRAVALLE ALTO;;3218129563;4;4;2;9;ESCUELAS_IRCAS;DATO_PRINCIPAL_ESCUELAS_IRCAS;NO;SI;ACUEDUCTO RURAL ACUAMIRAVALLE;RIESGO ALTO;ALTO;6507;ACUEDUTO RURAL;SIN DATO;18.0;FAVORABLE CON REQUERIMIENTOS;2025-04-29;COD_DANE_UNICO;CRUCE_OK;GEORREFERENCIADA;;684;INSTITUCION EDUCATIVA NEMESIO RODRIGUEZ ESCOBAR;LAUREANO CAICEDO TRUJILLO;ACTIVA;OFICIAL;ESPECIAL;EDUCACIÓN BÁSICA PRIMARIA;VDA MIRAVALLE ALTO;-76.39663761;4.035580778;-76.39663761;4.035580778;-76.4;4.04;SEDESUESVALLE;COORDENADA_ORIGINAL_SEDESUESVALLE;1;2;2.019;IE NEMESIO RODRIGUEZ ESCOBAR;LAUREANO CAICEDO TRUJILLO;RURAL;VDA MIRAVALLE ALTO;COINCIDENCIA_NOMBRE_FUERTE;0.93;PRIORITARIO;Alto e inviable;SIN_BRECHAS;NO;ALTA;53.42;MEDIA;Programar seguimiento operativo y verificar condiciones del sistema abastecedor.;2.2;BAJA
872;276616000468;RIOFRIO;ESCUELA SANTO TOMAS DE AQUINO N. 37;RURAL;VEREDA EL DINDE;;3127074260;11;11;10;15;ESCUELAS_IRCAS;DATO_PRINCIPAL_ESCUELAS_IRCAS;NO;SI;SIN DATO;SD;SIN DATO;SIN DATO;SIN DATO;SIN DATO;18.0;FAVORABLE CON REQUERIMIENTOS;2025-04-04;COD_DANE_UNICO;CRUCE_OK;GEORREFERENCIADA;;677;INSTITUCION EDUCATIVA HERNANDO LLORENTE ARROYO;SANTO TOMAS DE AQUINO;ACTIVA;OFICIAL;COMPLETA;EDUCACIÓN BÁSICA SECUNDARIA;VDA EL DINDE;-76.39484103;4.15654921;-76.39484103;4.15654921;-76.39;4.16;SEDESUESVALLE;COORDENADA_ORIGINAL_SEDESUESVALLE;1;10;2.019;IE HERNANDO LLORENTE ARROYO;SANTO TOMAS DE AQUINO;RURAL;CORREG SALONICA;COINCIDENCIA_NOMBRE_FUERTE;0.93;BRECHA INFORMACION;Sin dato / información incompleta;SIN_DATO_IRCA;SI;BAJA;35.44;MEDIA;Gestionar actualización de la clasificación IRCA del sistema asociado.;0.57;BAJA
873;276616000298;RIOFRIO;JOSE ANTONIO ANZOATEGUI;RURAL;VEREDA LA MARINA;;3235748727;5;5;0;2;ESCUELAS_IRCAS;DATO_PRINCIPAL_ESCUELAS_IRCAS;NO;NO REGISTRA;NO REGISTRA;SD;SIN DATO;SIN DATO;SIN DATO;SIN DATO;16.0;FAVORABLE CON REQUERIMIENTOS;2025-04-04;SIN_COINCIDENCIA;PENDIENTE;SIN_COORDENADAS;;;;;;;;;;;;;;;;SIN_COORDENADA;SIN_COORDENADA;0;0;2.019;IE HERNANDO LLORENTE ARROYO;JOSE ANTONIO ANZOATEGUI;RURAL;VDA  LA  MARINA;COINCIDENCIA_NOMBRE_FUERTE;1.0;BRECHA INFORMACION;Sin dato / información incompleta;"SIN_DATO_IRCA; SIN_COORDENADA; CRUCE_PENDIENTE";SI;BAJA;33.56;BAJA;Gestionar actualización de la clasificación IRCA del sistema asociado.;0.41;BAJA
874;276616000166;RIOFRIO;ESCUELA MANUELA BELTRAN N. 17;RURAL;VDA LA TRINIDAD;;3127074260;7;7;8;11;ESCUELAS_IRCAS;DATO_PRINCIPAL_ESCUELAS_IRCAS;NO;NO REGISTRA;NO REGISTRA;SD;SIN DATO;SIN DATO;SIN DATO;SIN DATO;20.0;FAVORABLE CON REQUERIMIENTOS;2025-02-06;COD_DANE_UNICO;CRUCE_OK;GEORREFERENCIADA;;673;INSTITUCION EDUCATIVA HERNANDO LLORENTE ARROYO;MANUELA BELTRAN;ACTIVA;OFICIAL;COMPLETA;EDUCACIÓN BÁSICA PRIMARIA;VDA LA TRINIDAD;-76.34831238;4.154539663;-76.34831238;4.154539663;-76.35;4.15;SEDESUESVALLE;COORDENADA_ORIGINAL_SEDESUESVALLE;1;8;2.019;IE HERNANDO LLORENTE ARROYO;MANUELA BELTRAN;RURAL;VDA LA TRINIDAD;COINCIDENCIA_NOMBRE_FUERTE;0.93;BRECHA INFORMACION;Sin dato / información incompleta;SIN_DATO_IRCA;SI;BAJA;34.34;BAJA;Gestionar actualización de la clasificación IRCA del sistema asociado.;0.47;BAJA
875;276616000344;RIOFRIO;ESCUELA SAN ANTONIO N. 21;RURAL;VDA PORTUGAL DEL CARMEN;;3113380969;17;17;13;9;ESCUELAS_IRCAS;DATO_PRINCIPAL_ESCUELAS_IRCAS;NO;NO REGISTRA;NO REGISTRA;SD;SIN DATO;SIN DATO;SIN DATO;SIN DATO;18.0;FAVORABLE CON REQUERIMIENTOS;2025-04-09;COD_DANE_UNICO;CRUCE_OK;GEORREFERENCIADA;;660;INSTITUCION EDUCATIVA CAMILO TORRES;SAN ANTONIO;ACTIVA;OFICIAL;COMPLETA;EDUCACIÓN MEDIA;VDA PORTUGAL DEL CARMEN;-76.4035595;4.083223251;-76.4035595;4.083223251;-76.4;4.08;SEDESUESVALLE;COORDENADA_ORIGINAL_SEDESUESVALLE;1;13;2.019;IE CAMILO TORRES;SAN ANTONIO;RURAL;VDA PORTUGAL DEL CARMEN;COINCIDENCIA_NOMBRE_FUERTE;0.93;BRECHA INFORMACION;Sin dato / información incompleta;SIN_DATO_IRCA;SI;BAJA;36.55;MEDIA;Gestionar actualización de la clasificación IRCA del sistema asociado.;0.66;BAJA
876;276616000557;RIOFRIO;ESCUELA GABRIELA MISTRAL N. 40;RURAL;VEREDA EL CARMEN;;3117381543;4;4;0;4;ESCUELAS_IRCAS;DATO_PRINCIPAL_ESCUELAS_IRCAS;NO;SI;SIN DATO;SD;SIN DATO;SIN DATO;SIN DATO;SIN DATO;22.0;FAVORABLE CON REQUERIMIENTOS;2025-04-10;SIN_COINCIDENCIA;PENDIENTE;GEORREFERENCIADA;;;;;;;;;;-76.4;4.11;;;-76.4;4.11;MEN_SEDES;COMPLEMENTADA_CON_MEN;0;0;2.019;IE CAMILO TORRES;GABRIELA MISTRAL;RURAL;VDA EL CARMEN;COINCIDENCIA_NOMBRE_FUERTE;0.93;BRECHA INFORMACION;Sin dato / información incompleta;"SIN_DATO_IRCA; CRUCE_PENDIENTE";SI;BAJA;33.07;BAJA;Gestionar actualización de la clasificación IRCA del sistema asociado.;0.37;BAJA
877;276622000381;ROLDANILLO;I.E BELISARIO PEÑA PINEIRO SEDE SANTA ISABEL;RURAL;VEREDA LIMONAR;SANTA ISABEL;3177217827;5;5;5;0;ESCUELAS_IRCAS;DATO_PRINCIPAL_ESCUELAS_IRCAS;NO;NO;NO REGISTRA;SD;SIN DATO;No Registra;FUENTE PROPIA;SIN DATO;26/30;FAVORABLE CON REQUERIMIENTOS;2025-06-18;COD_DANE_UNICO;CRUCE_OK;GEORREFERENCIADA;;696;INSTITUCION EDUCATIVA BELISARIO PEÑA PIÑEIRO;SANTA ISABEL;ACTIVA;OFICIAL;MAÑANA;EDUCACIÓN BÁSICA PRIMARIA;VDA EL LIMON;-76.20304809;4.454973268;-76.20304809;4.454973268;;;SEDESUESVALLE;COORDENADA_ORIGINAL_SEDESUESVALLE;1;5;;;;;;COINCIDENCIA_NOMBRE_FUERTE_CON_POSIBLE_EMPATE;0.93;BRECHA INFORMACION;Sin dato / información incompleta;SIN_DATO_IRCA;SI;BAJA;33.56;BAJA;Gestionar actualización de la clasificación IRCA del sistema asociado.;0.41;BAJA
878;276622000305;ROLDANILLO;I.E RODRIGO LLOREDA CAICEDO SEDE RODRIGO LLOREDA CAICEDO;RURAL;CORREGIMIENTO EL RETIRO;RODRIGO LLOREDA CAICEDO;3108208769;41;41;41;0;ESCUELAS_IRCAS;DATO_PRINCIPAL_ESCUELAS_IRCAS;NO;NO;NO REGISTRA;SD;SIN DATO;No Registra;FUENTE PROPIA;SIN DATO;27/30;FAVORABLE CON REQUERIMIENTOS;2026-03-11;COD_DANE_UNICO;CRUCE_OK;GEORREFERENCIADA;;698;CENTRO EDUCATIVO RODRIGO LLOREDA CAICEDO;RODRIGO LLOREDA CAICEDO;ACTIVA;OFICIAL;MAÑANA;EDUCACIÓN MEDIA;CORREG EL RETIRO;-76.23839;4.395426;-76.23839;4.395426;;;SEDESUESVALLE;COORDENADA_ORIGINAL_SEDESUESVALLE;1;41;;;;;;SIN_COINCIDENCIA_FUERTE;0.712;BRECHA INFORMACION;Sin dato / información incompleta;SIN_DATO_IRCA;SI;BAJA;38.85;MEDIA;Gestionar actualización de la clasificación IRCA del sistema asociado.;0.85;BAJA
879;;ROLDANILLO;I.E RODRIGO LLOREDA CAICEDO SEDE NUESTRA SEÑORA DEL CARMEN-FUNDACION PRODESARROLLO COMUNITARIO;RURAL;VEREDA MATEGUADUA;NUESTRA SEÑORA DEL CARMEN-FUNDACION PRODESARROLLO COMUNITARIO;3108208789;5;5;0;0;ESCUELAS_IRCAS;DATO_PRINCIPAL_ESCUELAS_IRCAS;NO;NO;NO REGISTRA;SD;SIN DATO;No Registra;FUENTE PROPIA;SIN DATO;27/30;FAVORABLE CON REQUERIMIENTOS;2026-03-10;MUNICIPIO+NOMBRE_EXACTO;CRUCE_RECUPERADO;SIN_COORDENADAS;;699;;;;;;;;;;;;;;SIN_COORDENADA;SIN_COORDENADA;0;0;;;;;;SIN_COINCIDENCIA_FUERTE;0.667;BRECHA INFORMACION;Sin dato / información incompleta;"SIN_DATO_IRCA; SIN_COORDENADA";SI;BAJA;33.56;BAJA;Gestionar actualización de la clasificación IRCA del sistema asociado.;0.41;BAJA
880;276622000364;ROLDANILLO;I.E RODRIGO LLOREDA CAICEDO SEDE GENERAL ANZOATEGUI;RURAL;VEREDA CRUCES;GENERAL ANZOATEGUI;3108208769;9;9;9;17;ESCUELAS_IRCAS;DATO_PRINCIPAL_ESCUELAS_IRCAS;NO;NO;NO REGISTRA;SD;SIN DATO;No Registra;FUENTE PROPIA;SIN DATO;26.5/30;FAVORABLE CON REQUERIMIENTOS;2026-03-11;COD_DANE_UNICO;CRUCE_OK;GEORREFERENCIADA;;701;CENTRO EDUCATIVO RODRIGO LLOREDA CAICEDO;GENERAL ANZOATEGUI;ACTIVA;OFICIAL;MAÑANA;EDUCACIÓN BÁSICA PRIMARIA;VDA LAS CRUCES;-76.21289758;4.39659924;-76.21289758;4.39659924;-76.21;4.4;SEDESUESVALLE;COORDENADA_ORIGINAL_SEDESUESVALLE;1;9;2.019;CE RODRIGO LLOREDA CAICEDO;GENERAL ANZOATEGUI;RURAL;VDA. CRUCES;COINCIDENCIA_NOMBRE_FUERTE;0.93;BRECHA INFORMACION;Sin dato / información incompleta;SIN_DATO_IRCA;SI;BAJA;34.95;BAJA;Gestionar actualización de la clasificación IRCA del sistema asociado.;0.53;BAJA
881;276622000348;ROLDANILLO;I.E RODRIGO LLOREDA CAICEDO SEDE ANTONIO VILLAVICENCIO;RURAL;VEREDA PARAMILLO;ANTONIO VILLAVICENCIO;No Registra;19;19;19;16;ESCUELAS_IRCAS;DATO_PRINCIPAL_ESCUELAS_IRCAS;NO;NO;NO REGISTRA;SD;SIN DATO;No Registra;FUENTE PROPIA;SIN DATO;26/30;FAVORABLE CON REQUERIMIENTOS;2025-06-19;COD_DANE_UNICO;CRUCE_OK;GEORREFERENCIADA;;726;CENTRO EDUCATIVO RODRIGO LLOREDA CAICEDO;ANTONIO VILLAVICENCIO;ACTIVA;OFICIAL;MAÑANA;EDUCACIÓN MEDIA;VDA PARAMILLO;-76.2025151;4.434871582;-76.2025151;4.434871582;-76.2;4.43;SEDESUESVALLE;COORDENADA_ORIGINAL_SEDESUESVALLE;1;19;2.019;CE RODRIGO LLOREDA CAICEDO;ANTONIO VILLAVICENCIO;RURAL;VDA. PARAMILLO;COINCIDENCIA_NOMBRE_FUERTE;0.93;BRECHA INFORMACION;Sin dato / información incompleta;SIN_DATO_IRCA;SI;BAJA;36.83;MEDIA;Gestionar actualización de la clasificación IRCA del sistema asociado.;0.68;BAJA
882;276670000066;SAN PEDRO;I.E. JOSE ANTONIO AGUILERA SEDE CAMILO TORRES;RURAL;VDA GUADUALEJO;CAMILO TORRES;3156834870;13;13;16;0;ESCUELAS_IRCAS;DATO_PRINCIPAL_ESCUELAS_IRCAS;NO;SI;ASOCIACION DE USUARIOS DEL ACUEDUCTO Y/O ALCANTARILLADO GUADUALEJO ESP;RIESGO ALTO;ALTO;25167;ACUEDUCTO RURAL;SIN DATO;24;FAVORABLE CON REQUERIMIENTOS;2026-02-26;COD_DANE_UNICO;CRUCE_OK;GEORREFERENCIADA;;732;INSTITUCION EDUCATIVA JOSE ANTONIO AGUILERA;CAMILO TORRES;ACTIVA;OFICIAL;MAÑANA;EDUCACIÓN BÁSICA PRIMARIA;CAS GUADUALEJO;-76.21622;4.025019;-76.21622;4.025019;;;SEDESUESVALLE;COORDENADA_ORIGINAL_SEDESUESVALLE;1;16;;;;;;COINCIDENCIA_NOMBRE_FUERTE_CON_POSIBLE_EMPATE;0.93;PRIORITARIO;Alto e inviable;SIN_BRECHAS;NO;ALTA;56.21;ALTA;Programar seguimiento operativo y verificar condiciones del sistema abastecedor.;3.61;BAJA
883;276670000287;SAN PEDRO;I.E. JULIO CAICEDO TELLEZ SEDE JORGE ELIECER GAITAN;RURAL;VEREDA LA ESMERALDA;JORGE ELIECER GAITAN;3116454032;5;0;5;0;SEDESUESVALLE;COMPLEMENTADA_CON_SEDESUESVALLE;NO;NO;NO REGISTRA;SD;SIN DATO;No Registra;FILTRO EKOFIL;SIN DATO;23;FAVORABLE CON REQUERIMIENTOS;2026-01-30;COD_DANE_UNICO;CRUCE_OK;GEORREFERENCIADA;;740;INSTITUCION EDUCATIVA JULIO CAICEDO TELLEZ;JORGE ELIECER GAITÁN;ACTIVA;OFICIAL;ESPECIAL;EDUCACIÓN MEDIA;VDA LAS ESMERALDAS MPIO SAN PEDRO;-76.13292592;3.946605096;-76.13292592;3.946605096;;;SEDESUESVALLE;COORDENADA_ORIGINAL_SEDESUESVALLE;1;5;;;;;;COINCIDENCIA_NOMBRE_FUERTE_CON_POSIBLE_EMPATE;0.93;BRECHA INFORMACION;Sin dato / información incompleta;SIN_DATO_IRCA;SI;BAJA;33.56;BAJA;Gestionar actualización de la clasificación IRCA del sistema asociado.;0.41;BAJA
884;276670000155;SAN PEDRO;I.E JULIO CAICEDO TELLEZ SEDE ANTONIA SANTOS;RURAL;CGTO ANGOSTURAS;ANTONIA SANTOS;3155871382;5;5;5;0;ESCUELAS_IRCAS;DATO_PRINCIPAL_ESCUELAS_IRCAS;NO;NO;NO REGISTRA;SD;SIN DATO;No Registra;FILTRO EKOFIL;SIN DATO;23;FAVORABLE CON REQUERIMIENTOS;2026-04-09;COD_DANE_UNICO;CRUCE_OK;GEORREFERENCIADA;;744;INSTITUCION EDUCATIVA JULIO CAICEDO TELLEZ;ANTONIA SANTOS;ACTIVA;OFICIAL;ESPECIAL;EDUCACIÓN BÁSICA PRIMARIA;CORREG DE ANGOSTURAS;-76.17733618;3.97166558;-76.17733618;3.97166558;;;SEDESUESVALLE;COORDENADA_ORIGINAL_SEDESUESVALLE;1;5;;;;;;COINCIDENCIA_NOMBRE_FUERTE_CON_POSIBLE_EMPATE;0.93;BRECHA INFORMACION;Sin dato / información incompleta;SIN_DATO_IRCA;SI;BAJA;33.56;BAJA;Gestionar actualización de la clasificación IRCA del sistema asociado.;0.41;BAJA
885;276670000481;SAN PEDRO;I.E JULIO CAICEDO TELLEZ SEDE MANUELA BELTRAN;RURAL;VDA LA ALTANIA;MANUELA BELTRAN;3144131232;14;14;4;0;ESCUELAS_IRCAS;DATO_PRINCIPAL_ESCUELAS_IRCAS;NO;NO;NO REGISTRA;SD;SIN DATO;No Registra;NO REGISTRA;SIN DATO;22.5;FAVORABLE CON REQUERIMIENTOS;2026-03-20;COD_DANE_UNICO;CRUCE_OK;GEORREFERENCIADA;;739;INSTITUCION EDUCATIVA JULIO CAICEDO TELLEZ;MANUELA BELTRAN;ACTIVA;OFICIAL;ESPECIAL;EDUCACIÓN BÁSICA PRIMARIA;VDA LA ALTANIA;-76.12041947;3.955399584;-76.12041947;3.955399584;;;SEDESUESVALLE;COORDENADA_ORIGINAL_SEDESUESVALLE;1;4;;;;;;COINCIDENCIA_NOMBRE_FUERTE_CON_POSIBLE_EMPATE;0.93;BRECHA INFORMACION;Sin dato / información incompleta;SIN_DATO_IRCA;SI;BAJA;36.05;MEDIA;Gestionar actualización de la clasificación IRCA del sistema asociado.;0.62;BAJA
886;276670000091;SAN PEDRO;I.E. JULIO CAICEDO TELLEZ.  SEDE  FRANCISCO ANTONIO ZEA;RURAL;VEREDA PLATANARES;FRANCISCO ANTONIO ZEA;3164430919;5;0;5;0;SEDESUESVALLE;COMPLEMENTADA_CON_SEDESUESVALLE;NO;NO;NO REGISTRA;SD;SIN DATO;No Registra;NO REGISTRA;SIN DATO;No registra;FAVORABLE CON REQUERIMIENTOS;2026-03-06;COD_DANE_UNICO;CRUCE_OK;GEORREFERENCIADA;;742;INSTITUCION EDUCATIVA JULIO CAICEDO TELLEZ;FRANCISCO ANTONIO ZEA;ACTIVA;OFICIAL;ESPECIAL;EDUCACIÓN BÁSICA PRIMARIA;CORREG PLATANARES;-76.16099404;4.000421069;-76.16099404;4.000421069;;;SEDESUESVALLE;COORDENADA_ORIGINAL_SEDESUESVALLE;1;5;;;;;;COINCIDENCIA_NOMBRE_FUERTE_CON_POSIBLE_EMPATE;0.93;BRECHA INFORMACION;Sin dato / información incompleta;SIN_DATO_IRCA;SI;BAJA;33.56;BAJA;Gestionar actualización de la clasificación IRCA del sistema asociado.;0.41;BAJA
887;276670000104;SAN PEDRO;I.E JAIRO CAICEDO TELLEZ SEDE DEMETRIO GARCIA VELASQUEZ;RURAL;VDA NARANJAL;DEMETRIO GARCIA VELASQUEZ;3165371382;3;0;3;0;SEDESUESVALLE;COMPLEMENTADA_CON_SEDESUESVALLE;NO;NO;NO REGISTRA;SD;SIN DATO;No Registra;NO REGISTRA;SIN DATO;No registra;FAVORABLE CON REQUERIMIENTOS;2026-04-16;COD_DANE_UNICO;CRUCE_OK;GEORREFERENCIADA;;748;INSTITUCION EDUCATIVA JULIO CAICEDO TELLEZ;DEMETRIO GARCIA VASQUEZ;ACTIVA;OFICIAL;ESPECIAL;EDUCACIÓN BÁSICA SECUNDARIA;CORREG NARANJAL SAN PEDRO;-76.15533092;3.972761322;-76.15533092;3.972761322;;;SEDESUESVALLE;COORDENADA_ORIGINAL_SEDESUESVALLE;1;3;;;;;;POSIBLE_COINCIDENCIA_REVISAR;0.882;BRECHA INFORMACION;Sin dato / información incompleta;SIN_DATO_IRCA;SI;BAJA;32.46;BAJA;Gestionar actualización de la clasificación IRCA del sistema asociado.;0.32;BAJA
888;;SEVILLA;I.E. BENJAMIN HERRERA SEDE GENERAL SANTANDER SATELITE MEDIO SAN MARCOS;RURAL;VDA MEDIO SAN MARCOS;GENERAL SANTANDER SATELITE MEDIO SAN MARCOS;3123165914;6;6;0;0;ESCUELAS_IRCAS;DATO_PRINCIPAL_ESCUELAS_IRCAS;NO;NO REGISTRA;NO REGISTRA;SD;SIN DATO;SD;;SIN DATO;19.5;FAVORABLE CON REQUERIMIENTOS;2025-07-23;MUNICIPIO+NOMBRE_EXACTO;CRUCE_RECUPERADO;SIN_COORDENADAS;;768;;;;;;;;;;;;;;SIN_COORDENADA;SIN_COORDENADA;0;0;;;;;;COINCIDENCIA_NOMBRE_FUERTE_CON_POSIBLE_EMPATE;0.947;BRECHA INFORMACION;Sin dato / información incompleta;"SIN_DATO_IRCA; SIN_COORDENADA";SI;BAJA;33.98;BAJA;Gestionar actualización de la clasificación IRCA del sistema asociado.;0.44;BAJA
889;276736001212;SEVILLA;I.E. BENJAMIN HERRERA SEDE JOSE MARIA CORDOBA;RURAL;VDA MEDIO SAN MARCOS;JOSE MARIA CORDOBA;3123165914;6;6;6;0;ESCUELAS_IRCAS;DATO_PRINCIPAL_ESCUELAS_IRCAS;NO;NO REGISTRA;NO REGISTRA;SD;SIN DATO;SD;;SIN DATO;24.5;FAVORABLE CON REQUERIMIENTOS;2025-07-23;COD_DANE_UNICO;CRUCE_OK;GEORREFERENCIADA;;771;INSTITUCION EDUCATIVA BENJAMIN HERRERA;JOSE MARIA CORDOBA;ACTIVA;OFICIAL;MAÑANA;EDUCACIÓN MEDIA;VDA MEDIO SAN MARCOS;-75.91934864;4.240457519;-75.91934864;4.240457519;;;SEDESUESVALLE;COORDENADA_ORIGINAL_SEDESUESVALLE;1;6;;;;;;COINCIDENCIA_NOMBRE_FUERTE_CON_POSIBLE_EMPATE;0.93;BRECHA INFORMACION;Sin dato / información incompleta;SIN_DATO_IRCA;SI;BAJA;33.98;BAJA;Gestionar actualización de la clasificación IRCA del sistema asociado.;0.44;BAJA
890;276736000577;SEVILLA;I.E. SANTA TERESITA SEDE LA CABAÑA;RURAL;VDA LA CABAÑA;LA CABAÑA;3136727127;14;14;9;0;ESCUELAS_IRCAS;DATO_PRINCIPAL_ESCUELAS_IRCAS;NO;NO REGISTRA;NO REGISTRA;SD;SIN DATO;SD;;SIN DATO;19.5;FAVORABLE CON REQUERIMIENTOS;2026-03-06;COD_DANE_UNICO;CRUCE_OK;GEORREFERENCIADA;;780;INSTITUCION EDUCATIVA SANTA TERESITA;LA CABAÑA;ACTIVA;OFICIAL;ESPECIAL;EDUCACIÓN BÁSICA PRIMARIA;VDA LA CABAÑA;-75.95313991;4.254038095;-75.95313991;4.254038095;;;SEDESUESVALLE;COORDENADA_ORIGINAL_SEDESUESVALLE;1;9;;;;;;COINCIDENCIA_NOMBRE_FUERTE_CON_POSIBLE_EMPATE;0.93;BRECHA INFORMACION;Sin dato / información incompleta;SIN_DATO_IRCA;SI;BAJA;36.05;MEDIA;Gestionar actualización de la clasificación IRCA del sistema asociado.;0.62;BAJA
891;;SEVILLA;I.E JORGE ELIECER GAITAN SEDE SANTA MATILDE;RURAL;VDA LA ASTELIA;SANTA MATILDE;3148857123;9;9;0;0;ESCUELAS_IRCAS;DATO_PRINCIPAL_ESCUELAS_IRCAS;NO;NO REGISTRA;NO REGISTRA;SD;SIN DATO;SD;;SIN DATO;21.5;FAVORABLE CON REQUERIMIENTOS;2026-01-27;MUNICIPIO+NOMBRE_EXACTO;CRUCE_RECUPERADO;SIN_COORDENADAS;;782;;;;;;;;;;;;;;SIN_COORDENADA;SIN_COORDENADA;0;0;;;;;;COINCIDENCIA_NOMBRE_FUERTE_CON_POSIBLE_EMPATE;0.93;BRECHA INFORMACION;Sin dato / información incompleta;"SIN_DATO_IRCA; SIN_COORDENADA";SI;BAJA;34.95;BAJA;Gestionar actualización de la clasificación IRCA del sistema asociado.;0.53;BAJA
892;176736000131;SEVILLA;I.E. HERACLIO URIBE URIBE SEDE HERACLIO URIBE URIBE;RURAL;VDA EL CRUCERO;HERACLIO URIBE URIBE;3137496187;99;0;99;100;SEDESUESVALLE;COMPLEMENTADA_CON_SEDESUESVALLE;NO;NO REGISTRA;NO REGISTRA;SD;SIN DATO;SD;;SIN DATO;22.5;FAVORABLE CON REQUERIMIENTOS;2025-10-28;COD_DANE_DUPLICADO+NOMBRE_EXACTO;CRUCE_OK_CONTROLADO;GEORREFERENCIADA;;784;INSTITUCION EDUCATIVA SEVILLA;HERACLIO URIBE URIBE;ACTIVA;OFICIAL;COMPLETA;EDUCACIÓN BÁSICA PRIMARIA;CRA 53 # 54-71;-75.9363028397;4.26750546224;-75.9363028397;4.26750546224;-75.94;4.27;SEDESUESVALLE;COORDENADA_ORIGINAL_SEDESUESVALLE;1;99;2.019;IE SEVILLA;HERACLIO URIBE URIBE;URBANA;CR 53 NO 54-79;COINCIDENCIA_NOMBRE_FUERTE;0.93;BRECHA INFORMACION;Sin dato / información incompleta;SIN_DATO_IRCA;SI;BAJA;41.2;MEDIA;Gestionar actualización de la clasificación IRCA del sistema asociado.;1.05;BAJA
893;;SEVILLA;I.E. MARIA AUXILIADORA SEDE MIRADOR;RURAL;VDA MIRAMAR;MIRADOR;3152679925;9;9;0;90;ESCUELAS_IRCAS;DATO_PRINCIPAL_ESCUELAS_IRCAS;NO;NO REGISTRA;NO REGISTRA;SD;SIN DATO;SD;;SIN DATO;23;FAVORABLE CON REQUERIMIENTOS;2025-07-24;MUNICIPIO+NOMBRE_EXACTO;CRUCE_RECUPERADO;GEORREFERENCIADA;;793;;;;;;;;-75.89;4.25;;;-75.89;4.25;MEN_SEDES;COMPLEMENTADA_CON_MEN;0;0;2.019;IE MARIA AUXILIADORA;MARIA AUXILIADORA;RURAL;VDA LA MELVA;COINCIDENCIA_NOMBRE_FUERTE;0.93;BRECHA INFORMACION;Sin dato / información incompleta;SIN_DATO_IRCA;SI;BAJA;34.95;BAJA;Gestionar actualización de la clasificación IRCA del sistema asociado.;0.53;BAJA
894;276736000381;SEVILLA;I.E. BENJAMIN HERRERA SEDE SANTA LUCIA;RURAL;VDA COMINALES;SANTA LUCIA;3137437565;21;0;21;0;SEDESUESVALLE;COMPLEMENTADA_CON_SEDESUESVALLE;NO;NO REGISTRA;NO REGISTRA;SD;SIN DATO;SD;;SIN DATO;21.5;FAVORABLE CON REQUERIMIENTOS;2025-07-23;COD_DANE_UNICO;CRUCE_OK;GEORREFERENCIADA;;795;INSTITUCION EDUCATIVA BENJAMIN HERRERA;SANTA LUCÍA;ACTIVA;OFICIAL;MAÑANA;EDUCACIÓN MEDIA;IP COMINALES;-75.926718;4.227065;-75.926718;4.227065;;;SEDESUESVALLE;COORDENADA_ORIGINAL_SEDESUESVALLE;1;21;;;;;;COINCIDENCIA_NOMBRE_FUERTE_CON_POSIBLE_EMPATE;0.93;BRECHA INFORMACION;Sin dato / información incompleta;SIN_DATO_IRCA;SI;BAJA;37.09;MEDIA;Gestionar actualización de la clasificación IRCA del sistema asociado.;0.7;BAJA
895;276736000623;SEVILLA;I.E MARIA AUXILIADORA SEDE SIMON BOLIVAR;RURAL;VEREDA ALTO SAN MARCOS;SIMON BOLIVAR;3152679925;9;9;13;0;ESCUELAS_IRCAS;DATO_PRINCIPAL_ESCUELAS_IRCAS;NO;NO REGISTRA;NO REGISTRA;SD;SIN DATO;SD;;SIN DATO;27;FAVORABLE CON REQUERIMIENTOS;2025-07-22;COD_DANE_UNICO;CRUCE_OK;GEORREFERENCIADA;;797;INSTITUCION EDUCATIVA MARIA AUXILIADORA.;SIMON BOLIVAR;ACTIVA;OFICIAL;UNICA;EDUCACIÓN BÁSICA PRIMARIA;VDA ALTO SAN MARCOS;-75.90779214;4.232499214;-75.90779214;4.232499214;;;SEDESUESVALLE;COORDENADA_ORIGINAL_SEDESUESVALLE;1;13;;;;;;COINCIDENCIA_NOMBRE_FUERTE_CON_POSIBLE_EMPATE;0.93;BRECHA INFORMACION;Sin dato / información incompleta;SIN_DATO_IRCA;SI;BAJA;34.95;BAJA;Gestionar actualización de la clasificación IRCA del sistema asociado.;0.53;BAJA
896;276736000208;SEVILLA;I.E. SANTA TERESITA SEDE JOSE ANTONIO GALAN;RURAL;VDA CALAMAR;JOSE ANTONIO GALAN;3148282565;5;5;5;0;ESCUELAS_IRCAS;DATO_PRINCIPAL_ESCUELAS_IRCAS;NO;NO REGISTRA;NO REGISTRA;SD;SIN DATO;SD;;SIN DATO;21.5;FAVORABLE CON REQUERIMIENTOS;2025-07-28;COD_DANE_UNICO;CRUCE_OK;GEORREFERENCIADA;;800;INSTITUCION EDUCATIVA SANTA TERESITA;JOSE ANTONIO GALAN;ACTIVA;OFICIAL;ESPECIAL;EDUCACIÓN BÁSICA PRIMARIA;VDA CALAMAR;-75.89592855;4.150294537;-75.89592855;4.150294537;;;SEDESUESVALLE;COORDENADA_ORIGINAL_SEDESUESVALLE;1;5;;;;;;COINCIDENCIA_NOMBRE_FUERTE_CON_POSIBLE_EMPATE;0.93;BRECHA INFORMACION;Sin dato / información incompleta;SIN_DATO_IRCA;SI;BAJA;33.56;BAJA;Gestionar actualización de la clasificación IRCA del sistema asociado.;0.41;BAJA
897;276823000222;TORO;I.E TECNICA AGROPECUARIA TORO SEDE GUILLERMO LEON VALENCIA;RURAL;CORREGIMIENTO LA PRADERA;GUILLERMO LEON VALENCIA;6022210560;3;3;3;12;ESCUELAS_IRCAS;DATO_PRINCIPAL_ESCUELAS_IRCAS;NO;NO;NO REGISTRA;SD;SIN DATO;No Registra;ACUEDUCTO RURAL;SIN DATO;17/30;FAVORABLE CON REQUERIMIENTOS;2025-07-30;COD_DANE_UNICO;CRUCE_OK;GEORREFERENCIADA;;823;INSTITUCION EDUCATIVA  TECNICA AGROPECUARIA TORO;GUILLERMO LEON VALENCIA;ACTIVA;OFICIAL;MAÑANA;EDUCACIÓN BÁSICA SECUNDARIA;VDA LA PRADERA;-76.07846377;4.71656315;-76.07846377;4.71656315;-76.08;4.72;SEDESUESVALLE;COORDENADA_ORIGINAL_SEDESUESVALLE;1;3;2.019;IE  TECNICA AGROPECUARIA TORO;GUILLERMO LEON VALENCIA;RURAL;VEREDA LA VENTAQUEMADA;COINCIDENCIA_NOMBRE_FUERTE;0.945;BRECHA INFORMACION;Sin dato / información incompleta;SIN_DATO_IRCA;SI;BAJA;32.46;BAJA;Gestionar actualización de la clasificación IRCA del sistema asociado.;0.32;BAJA
898;276823000354;TORO;I.E TECNICA AGRICOLA TORO SEDE JOSE EUSEBIO CARO;RURAL;VEREDA SABANAZO;JOSE EUSEBIO CARO;6022210560;9;9;9;10;ESCUELAS_IRCAS;DATO_PRINCIPAL_ESCUELAS_IRCAS;NO;NO;NO REGISTRA;SD;SIN DATO;No Registra;ACUEDUCTO RURAL;SIN DATO;17/30;FAVORABLE CON REQUERIMIENTOS;2026-02-19;COD_DANE_UNICO;CRUCE_OK;GEORREFERENCIADA;;826;INSTITUCION EDUCATIVA  TECNICA AGROPECUARIA TORO;JOSE EUSEBIO CARO;ACTIVA;OFICIAL;MAÑANA;EDUCACIÓN BÁSICA PRIMARIA;VDA SABANAZO;-76.12245406;4.598763769;-76.12245406;4.598763769;-76.12;4.6;SEDESUESVALLE;COORDENADA_ORIGINAL_SEDESUESVALLE;1;9;2.019;IE  TECNICA AGROPECUARIA TORO;JOSE EUSEBIO CARO;RURAL;VEREDA SABANAZO;COINCIDENCIA_NOMBRE_FUERTE;0.93;BRECHA INFORMACION;Sin dato / información incompleta;SIN_DATO_IRCA;SI;BAJA;34.95;BAJA;Gestionar actualización de la clasificación IRCA del sistema asociado.;0.53;BAJA
899;276828000379;TRUJILLO;ESCUELA EDELMIRA OCAMPO N. 41;RURAL;VDA MARACAIBO;;3113750726;13;13;18;14;ESCUELAS_IRCAS;DATO_PRINCIPAL_ESCUELAS_IRCAS;NO;SI;ASOCIACION DE ACUEDUCTO MANATIAL DE VIDA MARACAIBO;INVIABLE SANITARIAMENTE;INVIABLE SANITARIAMENTE;14211;ACUEDUCTO RURAL;SIN DATO;22.5;FAVORABLE CON REQUERIMIENTOS;2025-06-24;COD_DANE_UNICO;CRUCE_OK;GEORREFERENCIADA;;856;INSTITUCION EDUCATIVA SAN ISIDRO;EDELMIRA OCAMPO;ACTIVA;OFICIAL;MAÑANA;EDUCACIÓN BÁSICA PRIMARIA;VDA MARACAIBO;-76.37486217;4.228678489;-76.37486217;4.228678489;-76.37;4.23;SEDESUESVALLE;COORDENADA_ORIGINAL_SEDESUESVALLE;1;18;2.019;IE SAN ISIDRO;EDELMIRA OCAMPO;RURAL;VDA MARACAIBO;COINCIDENCIA_NOMBRE_FUERTE;0.93;PRIORITARIO;Alto e inviable;SIN_BRECHAS;NO;ALTA;69.96;ALTA;Priorizar revisión técnica, validación en campo y articulación con sector educativo.;4.81;MEDIA
900;276828000395;TRUJILLO;CENTRO EDUCATIVO CENT DOC N. 42 LEOCADIO SALAZAR;RURAL;VDA LA BETULIA;;3113750726;19;19;19;18;ESCUELAS_IRCAS;DATO_PRINCIPAL_ESCUELAS_IRCAS;NO;SI;ACUEDUCTO ACUABETULIA;RIESGO ALTO;ALTO;2788;ACUEDUCTO RURAL;SIN DATO;22.5;FAVORABLE CON REQUERIMIENTOS;2025-02-25;COD_DANE_UNICO;CRUCE_OK;GEORREFERENCIADA;;852;INSTITUCION EDUCATIVA SAN ISIDRO;LEOCADIO SALAZAR;ACTIVA;OFICIAL;MAÑANA;EDUCACIÓN BÁSICA PRIMARIA;VDA BETULIA;-76.35643324;4.242472225;-76.35643324;4.242472225;-76.36;4.24;SEDESUESVALLE;COORDENADA_ORIGINAL_SEDESUESVALLE;1;19;2.019;IE SAN ISIDRO;LEOCADIO SALAZAR;RURAL;VDA LA BETULIA;COINCIDENCIA_NOMBRE_FUERTE;0.93;PRIORITARIO;Alto e inviable;SIN_BRECHAS;NO;ALTA;57.18;ALTA;Programar seguimiento operativo y verificar condiciones del sistema abastecedor.;4.1;MEDIA
901;276828000336;TRUJILLO;CENTRO EDUCATIVO CENT DOC N. 35 ANTONIA SANTOS;RURAL;VDA LOS CRISTALES;;3206200561;12;12;10;10;ESCUELAS_IRCAS;DATO_PRINCIPAL_ESCUELAS_IRCAS;NO;NO;SIN DATO;SD;SIN DATO;SIN DATO;SIN DATO;SIN DATO;21.5;FAVORABLE CON REQUERIMIENTOS;2025-03-06;COD_DANE_UNICO;CRUCE_OK;GEORREFERENCIADA;;848;INSTITUCION EDUCATIVA CRISTOBAL COLON;ANTONIA SANTOS;ACTIVA;OFICIAL;MAÑANA;EDUCACIÓN BÁSICA PRIMARIA;VDA LOS CRISTALES;-76.36917288;4.197488514;-76.36917288;4.197488514;-76.37;4.2;SEDESUESVALLE;COORDENADA_ORIGINAL_SEDESUESVALLE;1;10;2.019;IE CRISTOBAL COLON;ANTONIA SANTOS;RURAL;VDA LOS CRISTALES;COINCIDENCIA_NOMBRE_FUERTE;0.93;BRECHA INFORMACION;Sin dato / información incompleta;SIN_DATO_IRCA;SI;BAJA;35.66;MEDIA;Gestionar actualización de la clasificación IRCA del sistema asociado.;0.58;BAJA
902;276828000255;TRUJILLO;ESCUELA 27 ADRIANO MORENO;RURAL;VDA LA SIRIA;;3127793443;7;7;11;20;ESCUELAS_IRCAS;DATO_PRINCIPAL_ESCUELAS_IRCAS;NO;SI;SIN DATO;SD;SIN DATO;SIN DATO;SIN DATO;SIN DATO;20.0;FAVORABLE CON REQUERIMIENTOS;2025-04-07;COD_DANE_UNICO;CRUCE_OK;GEORREFERENCIADA;;841;INSTITUCION EDUCATIVA MANUEL MARIA MALLARINO;ADRIANO MORENO;ACTIVA;OFICIAL;MAÑANA;EDUCACIÓN BÁSICA PRIMARIA;VDA LA SIRIA;-76.31159669;4.25890688;-76.31159669;4.25890688;-76.31;4.26;SEDESUESVALLE;COORDENADA_ORIGINAL_SEDESUESVALLE;1;11;2.019;IE MANUEL MARIA MALLARINO;ADRIANO MORENO;RURAL;VEREDA LA CIRIA;COINCIDENCIA_NOMBRE_FUERTE;0.93;BRECHA INFORMACION;Sin dato / información incompleta;SIN_DATO_IRCA;SI;BAJA;34.34;BAJA;Gestionar actualización de la clasificación IRCA del sistema asociado.;0.47;BAJA
903;276828000794;TRUJILLO;ESCUELA ARAUCA N. 46;RURAL;VEREDA ARAUCA;;3238023916;7;7;0;8;ESCUELAS_IRCAS;DATO_PRINCIPAL_ESCUELAS_IRCAS;NO;NO;SIN DATO;SD;SIN DATO;SIN DATO;SIN DATO;SIN DATO;17.0;FAVORABLE CON REQUERIMIENTOS;2025-03-13;SIN_COINCIDENCIA;PENDIENTE;GEORREFERENCIADA;;;;;;;;;;-76.38;4.18;;;-76.38;4.18;MEN_SEDES;COMPLEMENTADA_CON_MEN;0;0;2.019;IE ANTONIOJOSE DE SUCRE;ARAUCA;RURAL;VDA ARAUCA;COINCIDENCIA_NOMBRE_FUERTE;0.93;BRECHA INFORMACION;Sin dato / información incompleta;"SIN_DATO_IRCA; CRUCE_PENDIENTE";SI;BAJA;34.34;BAJA;Gestionar actualización de la clasificación IRCA del sistema asociado.;0.47;BAJA
904;276828000221;TRUJILLO;ESCUELA CARLOS E RESTREPO N. 22;RURAL;VDA BAJO CACERES;;3128715211;12;12;0;0;ESCUELAS_IRCAS;DATO_PRINCIPAL_ESCUELAS_IRCAS;NO;NO;SIN DATO;SD;SIN DATO;SIN DATO;SIN DATO;SIN DATO;25.5;FAVORABLE CON REQUERIMIENTOS;2025-05-22;SIN_COINCIDENCIA;PENDIENTE;SIN_COORDENADAS;;;;;;;;;;;;;;;;SIN_COORDENADA;SIN_COORDENADA;0;0;;;;;;SIN_COINCIDENCIA_FUERTE;0.63;BRECHA INFORMACION;Sin dato / información incompleta;"SIN_DATO_IRCA; SIN_COORDENADA; CRUCE_PENDIENTE";SI;BAJA;35.66;MEDIA;Gestionar actualización de la clasificación IRCA del sistema asociado.;0.58;BAJA
905;276828001006;TRUJILLO;CENTRO EDUCATIVO CENT DOC N. 53 SANTIAGO LOPEZ;RURAL;VDA ALTO CACERES;;3128715211;6;6;8;4;ESCUELAS_IRCAS;DATO_PRINCIPAL_ESCUELAS_IRCAS;NO;SI;SIN DATO;SD;SIN DATO;SIN DATO;SIN DATO;SIN DATO;22.5;FAVORABLE CON REQUERIMIENTOS;2025-05-22;COD_DANE_UNICO;CRUCE_OK;GEORREFERENCIADA;;835;INSTITUCION EDUCATIVA SAN ISIDRO;SANTIAGO LOPEZ;ACTIVA;OFICIAL;MAÑANA;EDUCACIÓN BÁSICA PRIMARIA;VDA ALTO CACERES;-76.35042034;4.224452566;-76.35042034;4.224452566;-76.35;4.22;SEDESUESVALLE;COORDENADA_ORIGINAL_SEDESUESVALLE;1;8;2.019;IE SAN ISIDRO;SANTIAGO LOPEZ;RURAL;VDA ALTO CACERES;COINCIDENCIA_NOMBRE_FUERTE;0.93;BRECHA INFORMACION;Sin dato / información incompleta;SIN_DATO_IRCA;SI;BAJA;33.98;BAJA;Gestionar actualización de la clasificación IRCA del sistema asociado.;0.44;BAJA
906;276828000531;TRUJILLO;ESCUELA LA ESTRELLA DE ALTAMIRA N. 31;RURAL;VEREDA ALTOMIRA;;3153797397;6;6;7;0;ESCUELAS_IRCAS;DATO_PRINCIPAL_ESCUELAS_IRCAS;NO;NO;SIN DATO;SD;SIN DATO;SIN DATO;;SIN DATO;25.5;FAVORABLE CON REQUERIMIENTOS;2025-05-26;COD_DANE_UNICO;CRUCE_OK;GEORREFERENCIADA;;858;INSTITUCION EDUCATIVA ANTONIO JOSE DE SUCRE;LA ESTRELLA DE ALTO MIRA;ACTIVA;OFICIAL;MAÑANA;EDUCACIÓN BÁSICA PRIMARIA;VDA ALTAMIRA;-76.349812;4.187332182;-76.349812;4.187332182;;;SEDESUESVALLE;COORDENADA_ORIGINAL_SEDESUESVALLE;1;7;;;;;;SIN_COINCIDENCIA_FUERTE;0.721;BRECHA INFORMACION;Sin dato / información incompleta;SIN_DATO_IRCA;SI;BAJA;33.98;BAJA;Gestionar actualización de la clasificación IRCA del sistema asociado.;0.44;BAJA
907;276863000802;VERSALLES;I.E LA INMACULADA SEDE GERARDO BUENO;RURAL;VEREDA LA SONORA;GERARDO BUENO;3128881958;4;4;4;0;ESCUELAS_IRCAS;DATO_PRINCIPAL_ESCUELAS_IRCAS;NO;NO;NO REGISTRA;SD;SIN DATO;No Registra;ACUEDUCTO RURAL;SIN DATO;25/30;FAVORABLE CON REQUERIMIENTOS;2025-06-12;COD_DANE_UNICO;CRUCE_OK;GEORREFERENCIADA;;884;INSTITUCION EDUCATIVA LA INMACULADA;GERARDO BUENO;ACTIVA;OFICIAL;COMPLETA;EDUCACIÓN BÁSICA PRIMARIA;CIUDAD YARI;-76.15159518;4.573068662;-76.15159518;4.573068662;;;SEDESUESVALLE;COORDENADA_ORIGINAL_SEDESUESVALLE;1;4;;;;;;COINCIDENCIA_NOMBRE_FUERTE_CON_POSIBLE_EMPATE;0.93;BRECHA INFORMACION;Sin dato / información incompleta;SIN_DATO_IRCA;SI;BAJA;33.07;BAJA;Gestionar actualización de la clasificación IRCA del sistema asociado.;0.37;BAJA
908;276863000322;VERSALLES;I.E CARLOS HOLGUIN SARDI SEDE JUAN EVANGELISTA GONZALEZ;RURAL;VEREDA EL CEDRAL;JUAN EVANGELISTA GONZALEZ;3148742974;4;4;4;0;ESCUELAS_IRCAS;DATO_PRINCIPAL_ESCUELAS_IRCAS;NO;NO;NO REGISTRA;SD;SIN DATO;No Registra;ACUEDUCTO RURAL;SIN DATO;22.5/30;FAVORABLE CON REQUERIMIENTOS;2025-04-02;COD_DANE_UNICO;CRUCE_OK;GEORREFERENCIADA;;889;INSTITUCION EDUCATIVA CARLOS HOLGUIN SARDI;JUAN EVANGELISTA GONZALEZ;ACTIVA;OFICIAL;MAÑANA;EDUCACIÓN BÁSICA PRIMARIA;VDA EL CEDRAL;-76.28052617;4.678864485;-76.28052617;4.678864485;;;SEDESUESVALLE;COORDENADA_ORIGINAL_SEDESUESVALLE;1;4;;;;;;COINCIDENCIA_NOMBRE_FUERTE_CON_POSIBLE_EMPATE;0.942;BRECHA INFORMACION;Sin dato / información incompleta;SIN_DATO_IRCA;SI;BAJA;33.07;BAJA;Gestionar actualización de la clasificación IRCA del sistema asociado.;0.37;BAJA
909;276863000101;VERSALLES;I.E LA INMACULADA SEDE ANTONIO JOSE DE SUCRE;RURAL;VEREDA COSTA RICA;ANTONIO JOSE DE SUCRE;No Registra;5;5;5;561;ESCUELAS_IRCAS;DATO_PRINCIPAL_ESCUELAS_IRCAS;NO;NO;NO REGISTRA;SD;SIN DATO;No Registra;ACUEDUCTO RURAL;SIN DATO;22.5/30;FAVORABLE CON REQUERIMIENTOS;2025-04-23;COD_DANE_UNICO;CRUCE_OK;GEORREFERENCIADA;;893;INSTITUCION EDUCATIVA LA INMACULADA;ANTONIO JOSÉ DE SUCRE;ACTIVA;OFICIAL;COMPLETA;EDUCACIÓN BÁSICA PRIMARIA;CARRERA 26 J NO. 122-15, BARRIO REMANSOS DE COMFANDI;-76.20050928;4.599875114;-76.20050928;4.599875114;-76.2;4.57;SEDESUESVALLE;COORDENADA_ORIGINAL_SEDESUESVALLE;1;5;2.019;IE LA INMACULADA;LA INMACULADA;URBANA;CR 7 NO 7-20;COINCIDENCIA_NOMBRE_FUERTE;0.93;BRECHA INFORMACION;Sin dato / información incompleta;SIN_DATO_IRCA;SI;BAJA;33.56;BAJA;Gestionar actualización de la clasificación IRCA del sistema asociado.;0.41;BAJA
910;276250000133;EL DOVIO;I.E ACERG SEDE SAN JUAN BOSCO;RURAL;VEREDA EL DIAMANTE;SAN JUAN BOSCO;3112108351;12;12;12;18;ESCUELAS_IRCAS;DATO_PRINCIPAL_ESCUELAS_IRCAS;NO;NO REGISTRA;NO REGISTRA;SD;SIN DATO;No Registra;ACUEDUCTO RURAL;SIN DATO;20/30;FAVORABLE CON REQUERIMIENTOS;2025-06-25;COD_DANE_UNICO;CRUCE_OK;GEORREFERENCIADA;;386;INSTITUCION EDUCATIVA ACERG  ASOCIACION DE CENTROS EDUCATIVOS DEL CAÑON DEL RIO GARRAPATAS;SAN JUAN BOSCO;ACTIVA;OFICIAL;UNICA;EDUCACIÓN BÁSICA SECUNDARIA;CORREG TOLDA FRIA;-76.29994271;4.497298863;-76.29994271;4.497298863;-76.3;4.5;SEDESUESVALLE;COORDENADA_ORIGINAL_SEDESUESVALLE;1;12;2.019;IE ACERG;SAN JUAN BOSCO;RURAL;VDA TOLDAFRIA;COINCIDENCIA_NOMBRE_FUERTE;0.93;BRECHA INFORMACION;Sin dato / información incompleta;SIN_DATO_IRCA;SI;BAJA;35.66;MEDIA;Gestionar actualización de la clasificación IRCA del sistema asociado.;0.58;BAJA
911;276250000117;EL DOVIO;IE ACERG SEDE SIMON BOLIVAR;RURAL;VEREDA LA VIRGINIA;SIMON BOLIVAR;3127666894;4;4;4;7;ESCUELAS_IRCAS;DATO_PRINCIPAL_ESCUELAS_IRCAS;NO;NO REGISTRA;NO REGISTRA;SD;SIN DATO;No Registra;ACUEDUCTO RURAL;SIN DATO;20/30;FAVORABLE CON REQUERIMIENTOS;2025-07-21;COD_DANE_UNICO;CRUCE_OK;GEORREFERENCIADA;;397;INSTITUCION EDUCATIVA ACERG  ASOCIACION DE CENTROS EDUCATIVOS DEL CAÑON DEL RIO GARRAPATAS;SIMON BOLIVAR;ACTIVA;OFICIAL;UNICA;EDUCACIÓN BÁSICA SECUNDARIA;VDA LA VIRGINIA;-76.31593269;4.510877654;-76.31593269;4.510877654;-76.32;4.51;SEDESUESVALLE;COORDENADA_ORIGINAL_SEDESUESVALLE;1;4;2.019;IE ACERG;SIMON BOLIVAR;RURAL;VDA LA VIRGINIA;COINCIDENCIA_NOMBRE_FUERTE;0.98;BRECHA INFORMACION;Sin dato / información incompleta;SIN_DATO_IRCA;SI;BAJA;33.07;BAJA;Gestionar actualización de la clasificación IRCA del sistema asociado.;0.37;BAJA
912;276250000273;EL DOVIO;I.E JOSE MARIA FALLA SEDE PIO XII;RURAL;VEREDA EL ORO;PIO XII;3113159399;2;2;2;0;ESCUELAS_IRCAS;DATO_PRINCIPAL_ESCUELAS_IRCAS;NO;NO REGISTRA;NO REGISTRA;SD;SIN DATO;No Registra;ACUEDUCTO RURAL;SIN DATO;20/30;FAVORABLE CON REQUERIMIENTOS;2025-06-25;COD_DANE_UNICO;CRUCE_OK;GEORREFERENCIADA;;398;INSTITUCION EDUCATIVA JOSE MARIA FALLA;PIO XII;ACTIVA;OFICIAL;UNICA;EDUCACIÓN BÁSICA PRIMARIA;CORREG EL ORO;-76.37836737;4.50933497;-76.37836737;4.50933497;;;SEDESUESVALLE;COORDENADA_ORIGINAL_SEDESUESVALLE;1;2;;;;;;COINCIDENCIA_NOMBRE_FUERTE_CON_POSIBLE_EMPATE;0.93;BRECHA INFORMACION;Sin dato / información incompleta;SIN_DATO_IRCA;SI;BAJA;31.68;BAJA;Gestionar actualización de la clasificación IRCA del sistema asociado.;0.25;BAJA
913;276250000231;EL DOVIO;I.E JOSE MARIA FALLA SEDE FRANCISCO JOSE DE CALDAS;RURAL;VEREDA SAMANA;FRANCISCO JOSE DE CALDAS;3206142642;9;9;9;0;ESCUELAS_IRCAS;DATO_PRINCIPAL_ESCUELAS_IRCAS;NO;NO REGISTRA;NO REGISTRA;SD;SIN DATO;No Registra;ACUEDUCTO RURAL;SIN DATO;19/30;FAVORABLE CON REQUERIMIENTOS;2025-06-18;COD_DANE_UNICO;CRUCE_OK;GEORREFERENCIADA;;401;INSTITUCION EDUCATIVA JOSE MARIA FALLA;FRANCISCO JOSE DE CALDAS;ACTIVA;OFICIAL;UNICA;EDUCACIÓN BÁSICA PRIMARIA;VDA SAMANA;-76.23709401;4.492351964;-76.23709401;4.492351964;;;SEDESUESVALLE;COORDENADA_ORIGINAL_SEDESUESVALLE;1;9;;;;;;COINCIDENCIA_NOMBRE_FUERTE_CON_POSIBLE_EMPATE;0.936;BRECHA INFORMACION;Sin dato / información incompleta;SIN_DATO_IRCA;SI;BAJA;34.95;BAJA;Gestionar actualización de la clasificación IRCA del sistema asociado.;0.53;BAJA
914;276243000616;EL AGUILA;I.E EL AGUILA SEDE RICARDO LUIS BETANCOURTH;RURAL;VEREDA EL ZORRO;RICARDO LUIS BETANCOURTH;No Registra;11;11;11;8;ESCUELAS_IRCAS;DATO_PRINCIPAL_ESCUELAS_IRCAS;NO;SI;NO REGISTRA;SD;SIN DATO;No Registra;ACUEDUCTO RURAL;SIN DATO;No Registra;SIN CONCEPTO;;COD_DANE_UNICO;CRUCE_OK;GEORREFERENCIADA;;319;INSTITUCION EDUCATIVA EL AGUILA;RICARDO LUIS BETANCOURTH;ACTIVA;OFICIAL;MAÑANA;EDUCACIÓN MEDIA;VDA EL ZORRO;-76.06593773;4.926189809;-76.06593773;4.926189809;-76.07;4.93;SEDESUESVALLE;COORDENADA_ORIGINAL_SEDESUESVALLE;1;11;2.019;IE EL AGUILA;RICARDO LUIS BETANCOURTH;RURAL;VDA EL ZORRO;COINCIDENCIA_NOMBRE_FUERTE;0.93;BRECHA INFORMACION;Sin dato / información incompleta;SIN_DATO_IRCA;SI;BAJA;31.84;BAJA;Gestionar actualización de la clasificación IRCA del sistema asociado.;0.54;BAJA
915;276736001522;SEVILLA;IE HERACLIO URIBE URIBE SEDE ARTURO PIEDRAHITA (D.I);RURAL;CEREDA BAJO PIJAO;ARTURO PIEDRAHITA (D.I);SD;4;0;4;8;SEDESUESVALLE;COMPLEMENTADA_CON_SEDESUESVALLE;NO;NO REGISTRA;NO REGISTRA;SD;SIN DATO;SD;;SIN DATO;SD;SIN CONCEPTO;;COD_DANE_UNICO;CRUCE_OK;GEORREFERENCIADA;;796;INSTITUCION EDUCATIVA HERACLIO URIBE URIBE;ARTURO PIEDRAHITA;ACTIVA;OFICIAL;UNICA;EDUCACIÓN BÁSICA PRIMARIA;VDA BAJO PIJAO;-75.896763;4.271958;-75.896763;4.271958;-75.9;4.27;SEDESUESVALLE;COORDENADA_ORIGINAL_SEDESUESVALLE;1;4;2.019;IE HERACLIO URIBE URIBE;ARTURO PIEDRAHITA;RURAL;VDA BAJO PIJAO;COINCIDENCIA_NOMBRE_FUERTE;0.98;BRECHA INFORMACION;Sin dato / información incompleta;SIN_DATO_IRCA;SI;BAJA;29.47;BAJA;Gestionar actualización de la clasificación IRCA del sistema asociado.;0.35;BAJA
916;276736000453;SEVILLA;I.E. SANTA TERESITA SEDE SANTA MONICA;RURAL;VDA LA IRLANDA;SANTA MONICA;SD;6;0;6;0;SEDESUESVALLE;COMPLEMENTADA_CON_SEDESUESVALLE;NO;NO REGISTRA;NO REGISTRA;SD;SIN DATO;SD;;SIN DATO;SD;SIN CONCEPTO;;COD_DANE_UNICO;CRUCE_OK;GEORREFERENCIADA;;803;INSTITUCION EDUCATIVA SANTA TERESITA;SANTA MONICA;ACTIVA;OFICIAL;ESPECIAL;EDUCACIÓN BÁSICA PRIMARIA;VDA IRLANDA;-75.93364523;4.190572119;-75.93364523;4.190572119;;;SEDESUESVALLE;COORDENADA_ORIGINAL_SEDESUESVALLE;1;6;;;;;;COINCIDENCIA_NOMBRE_FUERTE_CON_POSIBLE_EMPATE;0.93;BRECHA INFORMACION;Sin dato / información incompleta;SIN_DATO_IRCA;SI;BAJA;30.38;BAJA;Gestionar actualización de la clasificación IRCA del sistema asociado.;0.42;BAJA
917;276736000275;SEVILLA;I.E SANTA TERESITA SEDE LA TRINIDA;RURAL;VDA EL BILLAR;LA TRINIDA;SD;6;0;6;98;SEDESUESVALLE;COMPLEMENTADA_CON_SEDESUESVALLE;NO;NO REGISTRA;NO REGISTRA;SD;SIN DATO;SD;;SIN DATO;SD;SIN CONCEPTO;;COD_DANE_UNICO;CRUCE_OK;GEORREFERENCIADA;;805;INSTITUCION EDUCATIVA SANTA TERESITA;LA TRINIDAD;ACTIVA;OFICIAL;ESPECIAL;EDUCACIÓN BÁSICA SECUNDARIA;VDA EL BILLAR;-75.91946365;4.189810692;-75.91946365;4.189810692;-75.94;4.22;SEDESUESVALLE;COORDENADA_ORIGINAL_SEDESUESVALLE;1;6;2.019;IE SANTA TERESITA;SANTA TERESITA;RURAL;CORREG SAN ANTONIO;COINCIDENCIA_NOMBRE_FUERTE;0.93;BRECHA INFORMACION;Sin dato / información incompleta;SIN_DATO_IRCA;SI;BAJA;30.38;BAJA;Gestionar actualización de la clasificación IRCA del sistema asociado.;0.42;BAJA
918;276863000152;VERSALLES;I.E LA INMACULADA SEDE SAN JUAN BOSCO;RURAL;VEREDA GUAIMALITO;SAN JUAN BOSCO;No Registra;5;5;5;0;ESCUELAS_IRCAS;DATO_PRINCIPAL_ESCUELAS_IRCAS;NO;NO;NO REGISTRA;SD;SIN DATO;No Registra;ACUEDUCTO RURAL;SIN DATO;SD;SIN CONCEPTO;;COD_DANE_UNICO;CRUCE_OK;GEORREFERENCIADA;;885;INSTITUCION EDUCATIVA LA INMACULADA;SAN JUAN BOSCO;ACTIVA;OFICIAL;COMPLETA;EDUCACIÓN BÁSICA PRIMARIA;DIAGONAL 26 P 4 #T 80-06, B/ JOSÉ MANUEL MARROQUÍN, COMUNA 14;-76.22389939;4.573386558;-76.22389939;4.573386558;;;SEDESUESVALLE;COORDENADA_ORIGINAL_SEDESUESVALLE;1;5;;;;;;COINCIDENCIA_NOMBRE_FUERTE_CON_POSIBLE_EMPATE;0.93;BRECHA INFORMACION;Sin dato / información incompleta;SIN_DATO_IRCA;SI;BAJA;29.96;BAJA;Gestionar actualización de la clasificación IRCA del sistema asociado.;0.39;BAJA
919;276054000397;ARGELIA;I.E SANTIAGO GUTIERREZ ANGEL SEDE CAMILO TORRES;RURAL;VEREDA LOS PITOS;CAMILO TORRES;3127483628;5;5;5;0;ESCUELAS_IRCAS;DATO_PRINCIPAL_ESCUELAS_IRCAS;NO;SI;NO REGISTRA;SD;SIN DATO;No Registra;ACUEDUCTO RURAL;SIN DATO;No Registra;SIN CONCEPTO;2025-08-08;COD_DANE_UNICO;CRUCE_OK;GEORREFERENCIADA;;83;INSTITUCION EDUCATIVA SANTIAGO GUTIERREZ ANGEL;CAMILO TORRES;ACTIVA;OFICIAL;COMPLETA;EDUCACIÓN BÁSICA PRIMARIA;VDA LOS PITOS;-76.148268;4.744317;-76.148268;4.744317;;;SEDESUESVALLE;COORDENADA_ORIGINAL_SEDESUESVALLE;1;5;;;;;;COINCIDENCIA_NOMBRE_FUERTE_CON_POSIBLE_EMPATE;0.932;BRECHA INFORMACION;Sin dato / información incompleta;SIN_DATO_IRCA;SI;BAJA;29.96;BAJA;Gestionar actualización de la clasificación IRCA del sistema asociado.;0.39;BAJA
920;276246000501;EL CAIRO;I.ELA PRESENTACION SEDE SAN NICOLAS;RURAL;VEREDA LA GUAJIRA;SAN NICOLAS;6022077237;5;5;5;236;ESCUELAS_IRCAS;DATO_PRINCIPAL_ESCUELAS_IRCAS;NO;NO REGISTRA;NO REGISTRA;SD;SIN DATO;No Registra;ACUEDUCTO RURAL;SIN DATO;No Registra;SIN CONCEPTO;2025-05-13;COD_DANE_UNICO;CRUCE_OK;GEORREFERENCIADA;;326;INSTITUCION EDUCATIVA LA PRESENTACION;SAN NICOLAS;ACTIVA;OFICIAL;COMPLETA;EDUCACIÓN BÁSICA PRIMARIA;VDA LA GUAJIRA;-76.19554569;4.687041273;-76.19554569;4.687041273;-76.22;4.76;SEDESUESVALLE;COORDENADA_ORIGINAL_SEDESUESVALLE;1;5;2.019;IE LA PRESENTACION;LA PRESENTACIÓN;URBANA;KR 4 7 46;COINCIDENCIA_NOMBRE_FUERTE;0.93;BRECHA INFORMACION;Sin dato / información incompleta;SIN_DATO_IRCA;SI;BAJA;29.96;BAJA;Gestionar actualización de la clasificación IRCA del sistema asociado.;0.39;BAJA
921;276246000200;EL CAIRO;I.E LA PRESENTACION SEDE ATANASIO GIRADOT;RURAL;VEREDA EL EDEN;ATANASIO GIRADOT;3146342237;2;2;2;236;ESCUELAS_IRCAS;DATO_PRINCIPAL_ESCUELAS_IRCAS;NO;NO REGISTRA;NO REGISTRA;SD;SIN DATO;No Registra;ACUEDUCTO RURAL;SIN DATO;No Registra;SIN CONCEPTO;2025-07-29;COD_DANE_UNICO;CRUCE_OK;GEORREFERENCIADA;;333;INSTITUCION EDUCATIVA LA PRESENTACION;ATANASIO GIRARDOT;ACTIVA;OFICIAL;COMPLETA;EDUCACIÓN BÁSICA PRIMARIA;VDA EL EDEN;-76.22597281;4.735421664;-76.22597281;4.735421664;-76.22;4.76;SEDESUESVALLE;COORDENADA_ORIGINAL_SEDESUESVALLE;1;2;2.019;IE LA PRESENTACION;LA PRESENTACIÓN;URBANA;KR 4 7 46;COINCIDENCIA_NOMBRE_FUERTE;0.93;BRECHA INFORMACION;Sin dato / información incompleta;SIN_DATO_IRCA;SI;BAJA;28.08;BAJA;Gestionar actualización de la clasificación IRCA del sistema asociado.;0.24;BAJA
922;276246000412;EL CAIRO;I.E GILBERTO ALZATE AVENDAÑO SEDE GONZALO JIMENEZ DE QUEZADA;RURAL;VEREDA LA ALEJANDRIA;GONZALO JIMENEZ DE QUEZADA;3226175172;5;5;5;0;ESCUELAS_IRCAS;DATO_PRINCIPAL_ESCUELAS_IRCAS;NO;NO REGISTRA;NO REGISTRA;SD;SIN DATO;No Registra;ACUEDUCTO RURAL;SIN DATO;No Registra;SIN CONCEPTO;2025-05-13;COD_DANE_UNICO;CRUCE_OK;GEORREFERENCIADA;;337;INSTITUCION EDUCATIVA  GILBERTO ALZATE AVENDAÑO;GONZALO JIMENEZ DE QUEZADA;ACTIVA;OFICIAL;MAÑANA;EDUCACIÓN BÁSICA PRIMARIA;VDA LA ALEJANDRIA;-76.15431773;4.756491791;-76.15431773;4.756491791;;;SEDESUESVALLE;COORDENADA_ORIGINAL_SEDESUESVALLE;1;5;;;;;;COINCIDENCIA_NOMBRE_FUERTE_CON_POSIBLE_EMPATE;0.947;BRECHA INFORMACION;Sin dato / información incompleta;SIN_DATO_IRCA;SI;BAJA;29.96;BAJA;Gestionar actualización de la clasificación IRCA del sistema asociado.;0.39;BAJA
923;276250000770;EL DOVIO;I.E ACERG SEDE TERESITA GRAJALES;RURAL;VEREDA BIRMANIA;TERESITA GRAJALES;3154271203;6;0;0;6;MEN_SEDES_2019;COMPLEMENTADA_CON_MEN_REFERENCIA_HISTORICA;SI;NO REGISTRA;NO REGISTRA;SD;SIN DATO;No Registra;ACUEDUCTO RURAL;SIN DATO;No Registra;SIN CONCEPTO;2025-03-20;COD_DANE_UNICO;CRUCE_OK;GEORREFERENCIADA;;407;;;ACTIVA;OFICIAL;UNICA;EDUCACIÓN BÁSICA SECUNDARIA;VDA BIRMANIA;-76.3289515;4.51151051;-76.3289515;4.51151051;-76.33;4.51;SEDESUESVALLE;COORDENADA_ORIGINAL_SEDESUESVALLE;2;0;2.019;IE ACERG;TERESITA GRAJALES;RURAL;VDA BIRMANIA;COINCIDENCIA_NOMBRE_FUERTE;0.93;BRECHA INFORMACION;Sin dato / información incompleta;SIN_DATO_IRCA;SI;BAJA;30.38;BAJA;Gestionar actualización de la clasificación IRCA del sistema asociado.;0.42;BAJA
924;276823000265;TORO;I.E TECNICA AGROPECUARIA TORO SEDE JUAN XXIII;RURAL;VEREDA CHONTADURO;JUAN XXIII;No Registra;9;0;0;9;MEN_SEDES_2019;COMPLEMENTADA_CON_MEN_REFERENCIA_HISTORICA;SI;NO;NO REGISTRA;SD;SIN DATO;No Registra;ACUEDUCTO RURAL;SIN DATO;No Registra;SIN CONCEPTO;2025-04-08;COD_DANE_UNICO;CRUCE_OK;GEORREFERENCIADA;;816;;;ACTIVA;OFICIAL;MAÑANA;EDUCACIÓN BÁSICA PRIMARIA;VDA CHONTADURO;-76.12542839;4.626981202;-76.12542839;4.626981202;-76.13;4.63;SEDESUESVALLE;COORDENADA_ORIGINAL_SEDESUESVALLE;2;0;2.019;IE  TECNICA AGROPECUARIA TORO;JUAN XXIII;RURAL;VEREDA CHONTADURO - TORO VALLE;COINCIDENCIA_NOMBRE_FUERTE;0.93;BRECHA INFORMACION;Sin dato / información incompleta;SIN_DATO_IRCA;SI;BAJA;31.35;BAJA;Gestionar actualización de la clasificación IRCA del sistema asociado.;0.5;BAJA
925;276823000494;TORO;I.E TECNICA AGROPECUARIA SEDE MARIANO OSPINA PEREZ;RURAL;VEREDA CONSOLIDA ALTA;MARIANO OSPINA PEREZ;6022210560;5;5;5;8;ESCUELAS_IRCAS;DATO_PRINCIPAL_ESCUELAS_IRCAS;NO;NO;NO REGISTRA;SD;SIN DATO;No Registra;ACUEDUCTO RURAL;SIN DATO;No Registra;SIN CONCEPTO;2025-07-31;COD_DANE_UNICO;CRUCE_OK;GEORREFERENCIADA;;818;INSTITUCION EDUCATIVA  TECNICA AGROPECUARIA TORO;MARIANO OSPINA PEREZ;ACTIVA;OFICIAL;MAÑANA;EDUCACIÓN BÁSICA PRIMARIA;VDA LA CONSOLIDA ALTA;-76.14942833;4.60466196;-76.14942833;4.60466196;-76.15;4.6;SEDESUESVALLE;COORDENADA_ORIGINAL_SEDESUESVALLE;1;5;2.019;IE  TECNICA AGROPECUARIA TORO;MARIANO OSPINA PEREZ;RURAL;VEREDA CONSOLIDA;COINCIDENCIA_NOMBRE_FUERTE;0.93;BRECHA INFORMACION;Sin dato / información incompleta;SIN_DATO_IRCA;SI;BAJA;29.96;BAJA;Gestionar actualización de la clasificación IRCA del sistema asociado.;0.39;BAJA
926;276863000292;VERSALLES;I.E CARLOS HOLGUIN SARDI SEDE MIGUEL ANTONIO CARO;RURAL;VEREDA EL EMBAL;MIGUEL ANTONIO CARO;3128389427;2;2;2;0;ESCUELAS_IRCAS;DATO_PRINCIPAL_ESCUELAS_IRCAS;NO;NO;NO REGISTRA;SD;SIN DATO;No Registra;ACUEDUCTO RURAL;SIN DATO;No Registra;SIN CONCEPTO;2025-04-03;COD_DANE_UNICO;CRUCE_OK;GEORREFERENCIADA;;888;INSTITUCION EDUCATIVA CARLOS HOLGUIN SARDI;MIGUEL ANTONIO CARO;ACTIVA;OFICIAL;MAÑANA;EDUCACIÓN BÁSICA PRIMARIA;VDA EL AMBAL;-76.25065917;4.669727355;-76.25065917;4.669727355;;;SEDESUESVALLE;COORDENADA_ORIGINAL_SEDESUESVALLE;1;2;;;;;;COINCIDENCIA_NOMBRE_FUERTE_CON_POSIBLE_EMPATE;0.935;BRECHA INFORMACION;Sin dato / información incompleta;SIN_DATO_IRCA;SI;BAJA;28.08;BAJA;Gestionar actualización de la clasificación IRCA del sistema asociado.;0.24;BAJA
927;276869000111;VIJES;I.E. ANTONIO JOSE DE SUCRE SEDE ANTONIO RICAURTE;RURAL;VIA CORREGIMIENTO EL TAMBOR - PORVENIR;ANTONIO RICAURTE;3122307356;13;13;13;0;ESCUELAS_IRCAS;DATO_PRINCIPAL_ESCUELAS_IRCAS;NO;SI;ASOCIACION ACUEDUCTO COMUNITARIO QUEBRADA CALABAZAS ACOCALABAZAS;SIN RIESGO;SIN RIESGO;;FILTRO EKOFIL;;;SIN DATO;;COD_DANE_UNICO;CRUCE_OK;GEORREFERENCIADA;;910;INSTITUCION EDUCATIVA  ANTONIO JOSE DE SUCRE;ANTONIO RICAURTE;ACTIVA;OFICIAL;UNICA;EDUCACIÓN MEDIA;VDA LA MERCED;-76.476777;3.798361;-76.476777;3.798361;;;SEDESUESVALLE;COORDENADA_ORIGINAL_SEDESUESVALLE;1;13;;;;;;COINCIDENCIA_NOMBRE_FUERTE_CON_POSIBLE_EMPATE;0.93;RUTINARIO;Sin riesgo y bajo;SIN_BRECHAS;NO;ALTA;11.36;BAJA;Mantener seguimiento rutinario con control territorial rural.;0.0;BAJA
928;276233000090;DAGUA;I.E. PEDRO FERMIN DE VARGAS SEDE ENRIQUE OLAYA HERRERA;RURAL;VEREDA LA ELSA;ENRIQUE OLAYA HERRERA;3113607301;5;5;5;0;ESCUELAS_IRCAS;DATO_PRINCIPAL_ESCUELAS_IRCAS;NO;SI;CONSEJO COMUNITARIO CORREGIMIENTO LA ELSA;SD;SIN DATO;;ACUEDUCTO RURAL LA ELSA;;17,5/30;DESFAVORABLE;2022-10-13;COD_DANE_UNICO;CRUCE_OK;GEORREFERENCIADA;;281;INSTITUCION ETNOEDUCATIVA PEDRO FERMIN DE VARGAS;ENRIQUE OLAYA HERRERA;ACTIVA;OFICIAL;MAÑANA;EDUCACIÓN MEDIA;INSP LA ELSA;-76.76529336;3.572923964;-76.76529336;3.572923964;;;SEDESUESVALLE;COORDENADA_ORIGINAL_SEDESUESVALLE;1;5;;;;;;COINCIDENCIA_NOMBRE_FUERTE_CON_POSIBLE_EMPATE;0.931;BRECHA INFORMACION;Sin dato / información incompleta;SIN_DATO_IRCA;SI;BAJA;37.76;MEDIA;Gestionar actualización de la clasificación IRCA del sistema asociado.;0.47;BAJA
929;276233000511;DAGUA;I.E. EL PALMAR SEDE JOSE MARIA CABAL;RURAL;CORREGIMIENTO EL PALMAR KM 34;JOSE MARIA CABAL;6024350505;111;111;111;175;ESCUELAS_IRCAS;DATO_PRINCIPAL_ESCUELAS_IRCAS;NO;SI;EMPRESA COMUNITARIA ACUEDUCTO RURAL EL PALMAR - ECOAREPAL - LA VIRGEN;SIN RIESGO;SIN RIESGO;146;ACUEDUCTO RURAL LA VIRGEN;;;FAVORABLE;2026-01-31;COD_DANE_UNICO;CRUCE_OK;GEORREFERENCIADA;;226;INSTITUCION EDUCATIVA EL PALMAR;JOSE MARIA CABAL;ACTIVA;OFICIAL;MAÑANA;EDUCACIÓN BÁSICA SECUNDARIA;IPD EL PALMAR;-76.65073718;3.598617185;-76.65073718;3.598617185;-76.65;3.6;SEDESUESVALLE;COORDENADA_ORIGINAL_SEDESUESVALLE;1;111;2.019;IE EL PALMAR;JOSE MARIA CABAL;RURAL;CORREG EL PALMAR;COINCIDENCIA_NOMBRE_FUERTE;0.93;RUTINARIO;Sin riesgo y bajo;SIN_BRECHAS;NO;ALTA;17.01;BAJA;Mantener seguimiento rutinario con control territorial rural.;0.0;BAJA
930;276113000894;BUGALAGRANDE;IE CEILAN SEDE ALFONSO LOPEZ PUMAREJO;RURAL;VDA LA COLONIA;ALFONSO LOPEZ PUMAREJO;3146604994;18;18;8;12;ESCUELAS_IRCAS;DATO_PRINCIPAL_ESCUELAS_IRCAS;NO;SI;ASOCIACION DE USUARIOS DEL ACUEDUCTO LA COLONIA;SIN RIESGO;SIN RIESGO;;FILTRO EKOFIL;;22.5;FAVORABLE CON REQUERIMIENTOS;2026-03-26;COD_DANE_UNICO;CRUCE_OK;GEORREFERENCIADA;;154;INSTITUCION EDUCATIVA CEILAN;ALFONSO LOPEZ PUMAREJO;ACTIVA;OFICIAL;UNICA;EDUCACIÓN BÁSICA PRIMARIA;VDA LA COLONIA;-76.021707;4.136245;-76.021707;4.136245;-76.02;4.14;SEDESUESVALLE;COORDENADA_ORIGINAL_SEDESUESVALLE;1;8;2.019;IE  CEILAN;ALFONSO LOPEZ PUMAREJO;RURAL;VDA LA COLONIA;COINCIDENCIA_NOMBRE_FUERTE;0.98;RUTINARIO;Sin riesgo y bajo;SIN_BRECHAS;NO;ALTA;15.79;BAJA;Mantener seguimiento rutinario con control territorial rural.;0.0;BAJA
931;276113000533;BUGALAGRANDE;I.E DIEGO RENGIFO SALAZAR SEDE JUAN DEL CORRAL;RURAL;CGTO CHORRERAS;JUAN DEL CORRAL;3146816182;32;32;49;0;ESCUELAS_IRCAS;DATO_PRINCIPAL_ESCUELAS_IRCAS;NO;SI;ASOCIACION DE USUARIOS DEL ACUEDUCTO DEL CORREGIMIENTO DE CHORRERAS  - ASUACH;RIESGO ALTO;ALTO;;PLANTA MODULAR;;22.5;FAVORABLE CON REQUERIMIENTOS;2026-03-17;COD_DANE_UNICO;CRUCE_OK;GEORREFERENCIADA;;159;INSTITUCION EDUCATIVA DIEGO RENGIFO SALAZAR;JUAN DEL CORRAL;ACTIVA;OFICIAL;MAÑANA;EDUCACIÓN MEDIA;I.P CHORRERAS;-75.975413;4.161593;-75.975413;4.161593;;;SEDESUESVALLE;COORDENADA_ORIGINAL_SEDESUESVALLE;1;49;;;;;;COINCIDENCIA_NOMBRE_FUERTE_CON_POSIBLE_EMPATE;0.93;PRIORITARIO;Alto e inviable;SIN_BRECHAS;NO;ALTA;58.54;ALTA;Programar seguimiento operativo y verificar condiciones del sistema abastecedor.;4.78;MEDIA
932;276113000240;BUGALAGRANDE;I.E. MARIANO GONZALEZ SEDE JULIO ARBOLEDA;RURAL;VDA TETILLAL;JULIO ARBOLEDA;3146816182;7;7;8;0;ESCUELAS_IRCAS;DATO_PRINCIPAL_ESCUELAS_IRCAS;NO;SI;ACUEDUCTO RURAL TETILLAL;RIESGO ALTO;ALTO;;;;22.5;FAVORABLE CON REQUERIMIENTOS;2026-03-17;COD_DANE_UNICO;CRUCE_OK;GEORREFERENCIADA;;162;INSTITUCION EDUCATIVA MARIANO GONZALEZ;JULIO ARBOLEDA;ACTIVA;OFICIAL;MAÑANA;EDUCACIÓN BÁSICA SECUNDARIA;VDA TETILLAL;-76.056515305;4.15353279267;-76.056515305;4.15353279267;;;SEDESUESVALLE;COORDENADA_ORIGINAL_SEDESUESVALLE;1;8;;;;;;COINCIDENCIA_NOMBRE_FUERTE_CON_POSIBLE_EMPATE;0.93;PRIORITARIO;Alto e inviable;SIN_BRECHAS;NO;ALTA;54.69;MEDIA;Programar seguimiento operativo y verificar condiciones del sistema abastecedor.;2.84;BAJA
933;276113000517;BUGALAGRANDE;I.E. MARIANO GONZALEZ SEDE FRANCISCO DE PAULA SANTANDER;RURAL;CORREGIMIENTO LA MORENA;FRANCISCO DE PAULA SANTANDER;3154682713;7;7;6;0;ESCUELAS_IRCAS;DATO_PRINCIPAL_ESCUELAS_IRCAS;NO;SI;JUNTA ADMINISTRADORA ACUEDUCTO RURAL LA MORENA;RIESGO ALTO;ALTO;;;;22.5;FAVORABLE CON REQUERIMIENTOS;2026-02-26;COD_DANE_UNICO;CRUCE_OK;GEORREFERENCIADA;;164;INSTITUCION EDUCATIVA MARIANO GONZALEZ;FRANCISCO DE PAULA SANTANDER;ACTIVA;OFICIAL;MAÑANA;EDUCACIÓN BÁSICA PRIMARIA;I.P LA MORENA;-76.0712706371;4.13596327348;-76.0712706371;4.13596327348;;;SEDESUESVALLE;COORDENADA_ORIGINAL_SEDESUESVALLE;1;6;;;;;;COINCIDENCIA_NOMBRE_FUERTE_CON_POSIBLE_EMPATE;0.932;PRIORITARIO;Alto e inviable;SIN_BRECHAS;NO;ALTA;54.69;MEDIA;Programar seguimiento operativo y verificar condiciones del sistema abastecedor.;2.84;BAJA
934;276113000576;BUGALAGRANDE;I.E. CEILAN SEDE ALTO BONITO;RURAL;VDA ALTO BONITO;ALTO BONITO;3016390025;18;18;18;25;ESCUELAS_IRCAS;DATO_PRINCIPAL_ESCUELAS_IRCAS;NO;SI;DISTRITO DE RIEGO ASODIS ALTO BONITO;RIESGO ALTO;ALTO;;;;23.5;FAVORABLE CON REQUERIMIENTOS;2025-09-29;COD_DANE_UNICO;CRUCE_OK;GEORREFERENCIADA;;165;INSTITUCION EDUCATIVA CEILAN;ALTO BONITO;ACTIVA;OFICIAL;UNICA;EDUCACIÓN MEDIA;VDA ALTO BONITO;-75.988585;4.132084;-75.988585;4.132084;-75.99;4.13;SEDESUESVALLE;COORDENADA_ORIGINAL_SEDESUESVALLE;1;18;2.019;IE  CEILAN;ALTO BONITO;RURAL;VDA ALTO BONITO;COINCIDENCIA_NOMBRE_FUERTE;0.93;PRIORITARIO;Alto e inviable;SIN_BRECHAS;NO;ALTA;57.04;ALTA;Programar seguimiento operativo y verificar condiciones del sistema abastecedor.;4.03;MEDIA
935;276113000991;BUGALAGRANDE;I.E CEILAN SEDE JOSE HILARIO LOPEZ;RURAL;CGTO CEILAN -VDA PLAYAS VERDES;JOSE HILARIO LOPEZ;3105863144;4;0;4;5;SEDESUESVALLE;COMPLEMENTADA_CON_SEDESUESVALLE;NO;NO REGISTRA;NO REGISTRA;SD;SIN DATO;;;;0;FAVORABLE CON REQUERIMIENTOS;2026-02-27;COD_DANE_UNICO;CRUCE_OK;GEORREFERENCIADA;;168;INSTITUCION EDUCATIVA CEILAN;JOSE HILARIO LOPEZ;ACTIVA;OFICIAL;UNICA;EDUCACIÓN BÁSICA PRIMARIA;VDA PLAYA VERDE;-76.056515305;4.15353279267;-76.056515305;4.15353279267;-76.06;4.15;SEDESUESVALLE;COORDENADA_ORIGINAL_SEDESUESVALLE;1;4;2.019;IE  CEILAN;JOSE HILARIO LOPEZ;RURAL;VDA PLAYAS VERDES;COINCIDENCIA_NOMBRE_FUERTE;0.93;BRECHA INFORMACION;Sin dato / información incompleta;SIN_DATO_IRCA;SI;BAJA;33.07;BAJA;Gestionar actualización de la clasificación IRCA del sistema asociado.;0.37;BAJA
936;276113000584;BUGALAGRANDE;I.E. DIEGO RENGIFO SALAZAR SEDE ENRIQUE OLAYA HERRERA;RURAL;VDA BAJO CHORRERAS;ENRIQUE OLAYA HERRERA;3006002651;4;4;8;0;ESCUELAS_IRCAS;DATO_PRINCIPAL_ESCUELAS_IRCAS;NO;NO REGISTRA;NO REGISTRA;SD;SIN DATO;;;;18.5;FAVORABLE CON REQUERIMIENTOS;2026-03-17;COD_DANE_UNICO;CRUCE_OK;GEORREFERENCIADA;;170;INSTITUCION EDUCATIVA DIEGO RENGIFO SALAZAR;ENRIQUE OLAYA HERRERA;ACTIVA;OFICIAL;MAÑANA;EDUCACIÓN BÁSICA PRIMARIA;VDA BAJO CHORRERAS;-75.981384;4.187329;-75.981384;4.187329;;;SEDESUESVALLE;COORDENADA_ORIGINAL_SEDESUESVALLE;1;8;;;;;;COINCIDENCIA_NOMBRE_FUERTE_CON_POSIBLE_EMPATE;0.93;BRECHA INFORMACION;Sin dato / información incompleta;SIN_DATO_IRCA;SI;BAJA;33.07;BAJA;Gestionar actualización de la clasificación IRCA del sistema asociado.;0.37;BAJA
937;276113000282;BUGALAGRANDE;I.E CEILAN SEDE JOSE ASUNCION SILVA;RURAL;VDA LA ESMERALDA;JOSE ASUNCION SILVA;3128413546;6;6;7;14;ESCUELAS_IRCAS;DATO_PRINCIPAL_ESCUELAS_IRCAS;NO;SI;JUNTA ADMINISTRADORA ACUEDUCTO ESMERALDA BAJA;INVIABLE SANITARIAMENTE;INVIABLE SANITARIAMENTE;;;;24.5;FAVORABLE CON REQUERIMIENTOS;2025-07-25;COD_DANE_UNICO;CRUCE_OK;GEORREFERENCIADA;;171;INSTITUCION EDUCATIVA CEILAN;JOSE ASUNCION SILVA;ACTIVA;OFICIAL;UNICA;EDUCACIÓN BÁSICA SECUNDARIA;VDA LA ESMERALDA;-76.067156;4.100641;-76.067156;4.100641;-76.07;4.1;SEDESUESVALLE;COORDENADA_ORIGINAL_SEDESUESVALLE;1;7;2.019;IE  CEILAN;JOSE ASUNCION SILVA;RURAL;VDA LA ESMERALDA ALTA;COINCIDENCIA_NOMBRE_FUERTE;0.93;PRIORITARIO;Alto e inviable;SIN_BRECHAS;NO;ALTA;68.08;ALTA;Priorizar revisión técnica, validación en campo y articulación con sector educativo.;3.55;BAJA
938;;CAICEDONIA;I.E. SAGRADO CORAZON DE JESUS SEDE BOLIVARIANO LA CAMELIA;RURAL;VDA LA CAMELIA;BOLIVARIANO LA CAMELIA;3122455450;114;114;0;0;ESCUELAS_IRCAS;DATO_PRINCIPAL_ESCUELAS_IRCAS;NO;SI;ACUAVALLE S.A ESP;SIN RIESGO;SIN RIESGO;;PLANTA ACUAVALLE S.A ESP;;20;FAVORABLE CON REQUERIMIENTOS;2026-02-03;MUNICIPIO+NOMBRE_EXACTO;CRUCE_RECUPERADO;SIN_COORDENADAS;;176;;;;;;;;;;;;;;SIN_COORDENADA;SIN_COORDENADA;0;0;;;;;;COINCIDENCIA_NOMBRE_FUERTE_CON_POSIBLE_EMPATE;0.935;RUTINARIO;Sin riesgo y bajo;SIN_COORDENADA;SI;MEDIA;22.68;BAJA;Priorizar georreferenciación de la sede educativa.;0.0;BAJA
939;276122000228;CAICEDONIA;I.E. SAGRADO CORAZON DE JESUS SEDE SAGRADO CORAZON DE JESUS;RURAL;VDA LA CAMELIA;SAGRADO CORAZON DE JESUS;3122455450;277;277;105;270;ESCUELAS_IRCAS;DATO_PRINCIPAL_ESCUELAS_IRCAS;NO;SI;ACUAVALLE S.A ESP;SIN RIESGO;SIN RIESGO;;PLANTA ACUAVALLE S.A ESP;;27.5;FAVORABLE CON REQUERIMIENTOS;2026-02-10;COD_DANE_UNICO;CRUCE_OK;GEORREFERENCIADA;;183;INSTITUCION EDUCATIVA  SAGRADO CORAZON DE JESUS;SAGRADO CORAZON DE JESUS;ACTIVA;OFICIAL;UNICA;EDUCACIÓN MEDIA;IP LA CAMELIA;-75.84436737;4.339939833;-75.84436737;4.339939833;-75.84;4.34;SEDESUESVALLE;COORDENADA_ORIGINAL_SEDESUESVALLE;1;105;2.019;IE SAGRADO CORAZON DE JESUS;SAGRADO CORAZON DE JESUS;RURAL;VDA LA CAMELIA;COINCIDENCIA_NOMBRE_FUERTE;0.937;RUTINARIO;Sin riesgo y bajo;SIN_BRECHAS;NO;ALTA;23.08;BAJA;Mantener seguimiento rutinario con control territorial rural.;0.0;BAJA
940;276122000040;CAICEDONIA;I.E. NORMAL SUPERIOR MARIA INMACULADA SEDE LAS CARMETLITAS;RURAL;VDA LAS CARMELITAS;LAS CARMETLITAS;3113948818;5;5;10;0;ESCUELAS_IRCAS;DATO_PRINCIPAL_ESCUELAS_IRCAS;NO;SI;ACUAVALLE S.A ESP;SIN RIESGO;SIN RIESGO;;PLANTA ACUAVALLE S.A ESP;;20;FAVORABLE CON REQUERIMIENTOS;2026-03-04;COD_DANE_UNICO;CRUCE_OK;GEORREFERENCIADA;;185;INSTITUCION EDUCATIVA NORMAL SUPERIOR MARIA INMACULADA;CENTRO DOCENTE NO 36 LAS CARMELITAS;ACTIVA;OFICIAL;MAÑANA;EDUCACIÓN BÁSICA PRIMARIA;VDA LAS CARMELITAS;-75.833167;4.326013;-75.833167;4.326013;;;SEDESUESVALLE;COORDENADA_ORIGINAL_SEDESUESVALLE;1;10;;;;;;POSIBLE_COINCIDENCIA_REVISAR;0.862;RUTINARIO;Sin riesgo y bajo;SIN_BRECHAS;NO;ALTA;12.66;BAJA;Mantener seguimiento rutinario con control territorial rural.;0.0;BAJA
941;276122000414;CAICEDONIA;I.E. RURAL CAICEDONIA SEDE SANTA RITA NO. 12;RURAL;VEREDA CAMPO AZUL;SANTA RITA NO. 12;3187726914;10;10;6;0;ESCUELAS_IRCAS;DATO_PRINCIPAL_ESCUELAS_IRCAS;NO;SI;ACUEDUCTO RURAL CAMPO AZUL;RIESGO ALTO;ALTO;;;;22;FAVORABLE CON REQUERIMIENTOS;2025-10-24;COD_DANE_UNICO;CRUCE_OK;GEORREFERENCIADA;;192;INSTITUCION EDUCATIVA RURAL CAICEDONIA;SANTA RITA NO 12;ACTIVA;OFICIAL;MAÑANA;EDUCACIÓN BÁSICA PRIMARIA;VDA CAMPO AZUL;-75.82882949;4.267054563;-75.82882949;4.267054563;;;SEDESUESVALLE;COORDENADA_ORIGINAL_SEDESUESVALLE;1;6;;;;;;SIN_COINCIDENCIA_FUERTE;0.692;PRIORITARIO;Alto e inviable;SIN_BRECHAS;NO;ALTA;55.56;ALTA;Programar seguimiento operativo y verificar condiciones del sistema abastecedor.;3.28;BAJA
942;276246000277;EL CAIRO;I.E GILBERTO ALZATE AVENDAÑO SEDE JOSE MARIA CORDOBA;RURAL;VEREDA BUENOS AIRES;JOSE MARIA CORDOBA;3123100457;8;8;8;0;ESCUELAS_IRCAS;DATO_PRINCIPAL_ESCUELAS_IRCAS;NO;SI;ACUEDUCTO RURAL LA SIBERIA-ALTO CIELO-BUENOS AIRES;SD;SIN DATO;12770;ACUEDUCTO RURAL;;22.5/30;FAVORABLE CON REQUERIMIENTOS;2026-02-26;COD_DANE_UNICO;CRUCE_OK;GEORREFERENCIADA;;329;INSTITUCION EDUCATIVA  GILBERTO ALZATE AVENDAÑO;JOSE MARIA CORDOBA;ACTIVA;OFICIAL;MAÑANA;EDUCACIÓN BÁSICA PRIMARIA;VDA BUENOS AIRES;-76.17687089;4.732536568;-76.17687089;4.732536568;;;SEDESUESVALLE;COORDENADA_ORIGINAL_SEDESUESVALLE;1;8;;;;;;COINCIDENCIA_NOMBRE_FUERTE_CON_POSIBLE_EMPATE;0.939;BRECHA INFORMACION;Sin dato / información incompleta;SIN_DATO_IRCA;SI;BAJA;34.66;BAJA;Gestionar actualización de la clasificación IRCA del sistema asociado.;0.5;BAJA
943;276246000129;EL CAIRO;I.E GILBERTO ALZATE AVENDAÑO SEDE GENERAL CARLOS ALBAN;RURAL;VEREDA EL MADROÑO;GENERAL CARLOS ALBAN;3114645696;8;8;8;133;ESCUELAS_IRCAS;DATO_PRINCIPAL_ESCUELAS_IRCAS;NO;SI;ACUEDUCTO RURAL LA SIBERIA-ALTO CIELO-BUENOS AIRES;SD;SIN DATO;12770;ACUEDUCTO RURAL;;21.5/30;FAVORABLE CON REQUERIMIENTOS;2026-02-26;COD_DANE_DUPLICADO+NOMBRE_EXACTO;CRUCE_OK_CONTROLADO;GEORREFERENCIADA;;341;INSTITUCION EDUCATIVA  GILBERTO ALZATE AVENDAÑO;GENERAL CARLOS ALBAN;ACTIVA;OFICIAL;MAÑANA;EDUCACIÓN BÁSICA PRIMARIA;VDA EL MADROÑO;-76.19546574;4.742248338;-76.19546574;4.742248338;-76.22;4.76;SEDESUESVALLE;COORDENADA_ORIGINAL_SEDESUESVALLE;1;8;2.019;IE GILBERTO ALZATE AVENDAÑO;GILBERTO ALZATE AVENDAÑO;URBANA;CRA 7 CLL 12 ESQUINA;COINCIDENCIA_NOMBRE_FUERTE;0.93;BRECHA INFORMACION;Sin dato / información incompleta;SIN_DATO_IRCA;SI;BAJA;34.66;BAJA;Gestionar actualización de la clasificación IRCA del sistema asociado.;0.5;BAJA
944;276736000445;SEVILLA;I.E. SANTA TERESITA SEDE LA BETULIA;RURAL;VEREDA CEBOLLAL;LA BETULIA;3148282545;31;31;30;98;ESCUELAS_IRCAS;DATO_PRINCIPAL_ESCUELAS_IRCAS;NO;SI;ACUEDUCTO EL CEBOLLAL;RIESGO ALTO;ALTO;;;;22;FAVORABLE CON REQUERIMIENTOS;2025-07-28;COD_DANE_UNICO;CRUCE_OK;GEORREFERENCIADA;;804;INSTITUCION EDUCATIVA SANTA TERESITA;CENTRO EDUCATIVO LA BETULIA;ACTIVA;OFICIAL;ESPECIAL;EDUCACIÓN MEDIA;CAS DE CEBOLLAL;-75.90567839;4.164267921;-75.90567839;4.164267921;-75.94;4.22;SEDESUESVALLE;COORDENADA_ORIGINAL_SEDESUESVALLE;1;30;2.019;IE SANTA TERESITA;SANTA TERESITA;RURAL;CORREG SAN ANTONIO;COINCIDENCIA_NOMBRE_FUERTE;0.93;PRIORITARIO;Alto e inviable;SIN_BRECHAS;NO;ALTA;58.46;ALTA;Programar seguimiento operativo y verificar condiciones del sistema abastecedor.;4.74;MEDIA
945;276845000072;ULLOA;I.E MARIA INMACULADA SEDE ONCE DE NOVIEMBRE;RURAL;VEREDA DINAMARCA;ONCE DE NOVIEMBRE;3105237411;18;18;18;0;ESCUELAS_IRCAS;DATO_PRINCIPAL_ESCUELAS_IRCAS;NO;SI;ADMINISTRACIÓN COOPERATIVA ULLOA E.S.P - SISTEMA #2 BERLÍN - MOCTEZUMA;RIESGO ALTO;ALTO;;;;20/30;FAVORABLE CON REQUERIMIENTOS;2026-02-03;COD_DANE_UNICO;CRUCE_OK;GEORREFERENCIADA;;872;INSTITUCION EDUCATIVA MARIA INMACULADA;ONCE DE NOVIEMBRE;ACTIVA;OFICIAL;ESPECIAL;EDUCACIÓN MEDIA;VDA DINAMARCA;-75.793624;4.70608;-75.793624;4.70608;;;SEDESUESVALLE;COORDENADA_ORIGINAL_SEDESUESVALLE;1;18;;;;;;COINCIDENCIA_NOMBRE_FUERTE_CON_POSIBLE_EMPATE;0.93;PRIORITARIO;Alto e inviable;SIN_BRECHAS;NO;ALTA;57.04;ALTA;Programar seguimiento operativo y verificar condiciones del sistema abastecedor.;4.03;MEDIA
946;276246000056;EL CAIRO;I.E GILBERTO ALZATE AVENDAÑO SEDE RAFAEL NUÑEZ;RURAL;VEREDA LA SIBERIA;RAFAEL NUÑEZ;3102461137;3;3;3;0;ESCUELAS_IRCAS;DATO_PRINCIPAL_ESCUELAS_IRCAS;NO;SI;ACUEDUCTO RURAL LA SIBERIA-ALTO CIELO-BUENOS AIRES;SD;SIN DATO;12770;ACUEDUCTO RURAL;;No Registra;SIN CONCEPTO;2025-05-12;COD_DANE_UNICO;CRUCE_OK;GEORREFERENCIADA;;330;INSTITUCION EDUCATIVA  GILBERTO ALZATE AVENDAÑO;RAFAEL NUÑEZ;ACTIVA;OFICIAL;MAÑANA;EDUCACIÓN BÁSICA PRIMARIA;VDA LA SIBERIA;-76.19528253;4.768360543;-76.19528253;4.768360543;;;SEDESUESVALLE;COORDENADA_ORIGINAL_SEDESUESVALLE;1;3;;;;;;COINCIDENCIA_NOMBRE_FUERTE_CON_POSIBLE_EMPATE;0.93;BRECHA INFORMACION;Sin dato / información incompleta;SIN_DATO_IRCA;SI;BAJA;28.86;BAJA;Gestionar actualización de la clasificación IRCA del sistema asociado.;0.3;BAJA
947;276113000231;BUGALAGRANDE;I.E. DIEGO RENGIFO SALAZAR SEDE JUAN XXIII;RURAL;VDA EL ROCIO;JUAN XXIII;;4;0;4;0;SEDESUESVALLE;COMPLEMENTADA_CON_SEDESUESVALLE;NO;SI;ACUEDUCTO CIELO ROTO;RIESGO ALTO;ALTO;;;;;SIN DATO;;COD_DANE_UNICO;CRUCE_OK;GEORREFERENCIADA;;156;INSTITUCION EDUCATIVA DIEGO RENGIFO SALAZAR;JUAN XXIII;ACTIVA;OFICIAL;MAÑANA;EDUCACIÓN BÁSICA PRIMARIA;IP EL ROCIO;-75.960835;4.178803;-75.960835;4.178803;;;SEDESUESVALLE;COORDENADA_ORIGINAL_SEDESUESVALLE;1;4;;;;;;COINCIDENCIA_NOMBRE_FUERTE_CON_POSIBLE_EMPATE;0.93;PRIORITARIO;Alto e inviable;SIN_BRECHAS;NO;ALTA;49.82;MEDIA;Programar seguimiento operativo y verificar condiciones del sistema abastecedor.;2.1;BAJA
948;276233001291;DAGUA;INSTITUCION EDUCATIVA SANTA TERESITA DEL NIÑO JESUS SEDE BAHONDO;RURAL;VEREDA BAHONDO;BAHONDO;3113607301;45;45;45;0;ESCUELAS_IRCAS;DATO_PRINCIPAL_ESCUELAS_IRCAS;NO;SI;;SD;SIN DATO;;ACUEDUCTO RURAL BAHONDO;;20,5/30;SIN DATO;;COD_DANE_UNICO;CRUCE_OK;GEORREFERENCIADA;;274;INSTITUCION EDUCATIVA SANTA TERESITA DEL NIÑO JESUS;BAHONDO;ACTIVA;OFICIAL;ESPECIAL;EDUCACIÓN BÁSICA SECUNDARIA;VDA BAHONDO;-76.647306;3.538194;-76.647306;3.538194;;;SEDESUESVALLE;COORDENADA_ORIGINAL_SEDESUESVALLE;1;45;;;;;;COINCIDENCIA_NOMBRE_FUERTE_CON_POSIBLE_EMPATE;0.93;BRECHA INFORMACION;Sin dato / información incompleta;SIN_DATO_IRCA;SI;BAJA;35.49;MEDIA;Gestionar actualización de la clasificación IRCA del sistema asociado.;0.83;BAJA
949;276233000669;DAGUA;I.E. PEDRO FERMIN DE VARGAS SEDE PABLO NERUDA;RURAL;VEREDA DIGUA;PABLO NERUDA;3113607301;4;4;4;15;ESCUELAS_IRCAS;DATO_PRINCIPAL_ESCUELAS_IRCAS;NO;SI;;SD;SIN DATO;;ACUEDUCTO RURAL DIGUA;;17,5/30;SIN DATO;;COD_DANE_UNICO;CRUCE_OK;GEORREFERENCIADA;;276;INSTITUCION ETNOEDUCATIVA PEDRO FERMIN DE VARGAS;CENTRO DOCENTE NO. 60 PABLO NERUDA;ACTIVA;OFICIAL;MAÑANA;EDUCACIÓN BÁSICA PRIMARIA;VDA DIGUITA;-76.61529511;3.569028588;-76.61529511;3.569028588;-76.88;3.61;SEDESUESVALLE;COORDENADA_ORIGINAL_SEDESUESVALLE;1;4;2.019;IE PEDRO FERMIN DE VARGAS;PEDRO FERMIN DE VARGAS;RURAL;CORREG. EL DANUBIO;COINCIDENCIA_NOMBRE_FUERTE;0.93;BRECHA INFORMACION;Sin dato / información incompleta;SIN_DATO_IRCA;SI;BAJA;29.47;BAJA;Gestionar actualización de la clasificación IRCA del sistema asociado.;0.35;BAJA
950;276233001029;DAGUA;I.E. PEDRO FERMIN DE VARGAS SEDE PRINCIPAL;RURAL;VEREDA EL CAUCHAL;PRINCIPAL;3113607301;58;58;0;15;ESCUELAS_IRCAS;DATO_PRINCIPAL_ESCUELAS_IRCAS;NO;SI;CONSEJO COMUNITARIO DE LA COMUNIDAD NEGRA VEREDA EL CAUCHAL    FILTROS;SIN RIESGO;SIN RIESGO;;ACUEDUCTO RURAL EL CAUCHAL;;17,5/30;SIN DATO;;MUNICIPIO+NOMBRE_EXACTO;CRUCE_RECUPERADO;GEORREFERENCIADA;;278;;;;;;;;-76.88;3.61;;;-76.88;3.61;MEN_SEDES;COMPLEMENTADA_CON_MEN;0;0;2.019;IE PEDRO FERMIN DE VARGAS;PEDRO FERMIN DE VARGAS;RURAL;CORREG. EL DANUBIO;COINCIDENCIA_NOMBRE_FUERTE;0.93;RUTINARIO;Sin riesgo y bajo;SIN_BRECHAS;NO;ALTA;15.27;BAJA;Mantener seguimiento rutinario con control territorial rural.;0.0;BAJA
951;276233000464;DAGUA;I.E. PEDRO FERMIN DE VARGAS SEDE POLICARPA SALAVARRIETA;RURAL;CORREGIMIENTO EL DANUBIO;POLICARPA SALAVARRIETA;3113607301;5;5;5;0;ESCUELAS_IRCAS;DATO_PRINCIPAL_ESCUELAS_IRCAS;NO;SI;CONSEJO COMUNITARIO DE LA COMUNIDAD NEGRA VEREDA EL DANUBIO    FILTROS;SIN RIESGO;SIN RIESGO;;ACUEDUCTO RURAL EL DANUBIO;;17,5/30;SIN DATO;;COD_DANE_UNICO;CRUCE_OK;GEORREFERENCIADA;;277;INSTITUCION ETNOEDUCATIVA PEDRO FERMIN DE VARGAS;POLICARPA SALAVAARRIETA;ACTIVA;OFICIAL;MAÑANA;EDUCACIÓN MEDIA;VDA EL CAUCHAL;-76.86291312;3.624277491;-76.86291312;3.624277491;;;SEDESUESVALLE;COORDENADA_ORIGINAL_SEDESUESVALLE;1;5;;;;;;COINCIDENCIA_NOMBRE_FUERTE_CON_POSIBLE_EMPATE;0.93;RUTINARIO;Sin riesgo y bajo;SIN_BRECHAS;NO;ALTA;9.06;BAJA;Mantener seguimiento rutinario con control territorial rural.;0.0;BAJA
952;276233000537;DAGUA;I.E. SAN PEDRO CLAVER SEDE PRINCIPAL;RURAL;CORREGIMIENTO EL NARANJO;PRINCIPAL;3113607301;108;108;0;148;ESCUELAS_IRCAS;DATO_PRINCIPAL_ESCUELAS_IRCAS;NO;SI;;SD;SIN DATO;;ACUEDUCTO RURAL EL NARANJO;;20,5/30;SIN DATO;;MUNICIPIO+NOMBRE_EXACTO;CRUCE_RECUPERADO;GEORREFERENCIADA;;269;;;;;;;;-76.72;3.78;;;-76.72;3.78;MEN_SEDES;COMPLEMENTADA_CON_MEN;0;0;2.019;I.E. SAN PEDRO CLAVER;I.E. SAN PEDRO CLAVER - SEDE PRINCIPAL;RURAL;CORREG. EL NARANJO;COINCIDENCIA_NOMBRE_FUERTE;0.973;BRECHA INFORMACION;Sin dato / información incompleta;SIN_DATO_IRCA;SI;BAJA;37.83;MEDIA;Gestionar actualización de la clasificación IRCA del sistema asociado.;1.02;BAJA
953;276233000171;DAGUA;I.E. PEDRO FERMIN DE VARGAS SEDE ALFONSO LOPEZ PUMAREJO;RURAL;VEREDA EL PLACER;ALFONSO LOPEZ PUMAREJO;3113607301;4;4;4;0;ESCUELAS_IRCAS;DATO_PRINCIPAL_ESCUELAS_IRCAS;NO;SI;JUNTA DE ACCIÓN COMUNAL VEREDA EL PLACER;SIN RIESGO;SIN RIESGO;;ACUEDUCTO RURAL EL PLACER;;17,5/30;SIN DATO;;COD_DANE_UNICO;CRUCE_OK;GEORREFERENCIADA;;280;INSTITUCION ETNOEDUCATIVA PEDRO FERMIN DE VARGAS;ALFONSO LOPEZ PUMAREJO;ACTIVA;OFICIAL;MAÑANA;EDUCACIÓN BÁSICA PRIMARIA;VDA EL PLACER;-76.81799842;3.58720073;-76.81799842;3.58720073;;;SEDESUESVALLE;COORDENADA_ORIGINAL_SEDESUESVALLE;1;4;;;;;;COINCIDENCIA_NOMBRE_FUERTE_CON_POSIBLE_EMPATE;0.932;RUTINARIO;Sin riesgo y bajo;SIN_BRECHAS;NO;ALTA;8.57;BAJA;Mantener seguimiento rutinario con control territorial rural.;0.0;BAJA
954;276233001266;DAGUA;I.E. SAN PEDRO CLAVER SEDE LA CRISTALINA;RURAL;VEREDA LA GUINEA BAJA;LA CRISTALINA;3113607301;8;8;8;12;ESCUELAS_IRCAS;DATO_PRINCIPAL_ESCUELAS_IRCAS;NO;SI;;SD;SIN DATO;;ACUEDUCTO RURAL GUINEA BAJA;;22/30;SIN DATO;;COD_DANE_UNICO;CRUCE_OK;GEORREFERENCIADA;;267;INSTITUCION ETNOEDUCATIVA SAN PEDRO CLAVER;LA CRISTALINA;ACTIVA;OFICIAL;MAÑANA;EDUCACIÓN BÁSICA PRIMARIA;VD LA GUINEA BAJA;-76.7203934654;3.64982221828;-76.7203934654;3.64982221828;-76.74;3.78;SEDESUESVALLE;COORDENADA_ORIGINAL_SEDESUESVALLE;1;8;2.019;I.E. SAN PEDRO CLAVER;LA CRISTALINA;RURAL;VDA, LA GUINEA BAJA;COINCIDENCIA_NOMBRE_FUERTE;0.98;BRECHA INFORMACION;Sin dato / información incompleta;SIN_DATO_IRCA;SI;BAJA;31.06;BAJA;Gestionar actualización de la clasificación IRCA del sistema asociado.;0.48;BAJA
955;276233000570;DAGUA;I.E. PEDRO FERMIN DE VARGAS SEDE JOSE ANTONIO GALAN;RURAL;VEREDA CASCADA;JOSE ANTONIO GALAN;3113607301;19;19;19;0;ESCUELAS_IRCAS;DATO_PRINCIPAL_ESCUELAS_IRCAS;NO;SI;JUNTA DE ACCIÓN COMUNAL CORREGIMIENTO LA CASCADA;SIN RIESGO;SIN RIESGO;;ACUEDUCTO RURAL LA CASCADA;;17,5/30;SIN DATO;;COD_DANE_UNICO;CRUCE_OK;GEORREFERENCIADA;;279;INSTITUCION ETNOEDUCATIVA PEDRO FERMIN DE VARGAS;JOSE ANTONIO GALAN;ACTIVA;OFICIAL;MAÑANA;EDUCACIÓN MEDIA;IPD CASCADA;-76.83822384;3.591959652;-76.83822384;3.591959652;;;SEDESUESVALLE;COORDENADA_ORIGINAL_SEDESUESVALLE;1;19;;;;;;COINCIDENCIA_NOMBRE_FUERTE_CON_POSIBLE_EMPATE;0.93;RUTINARIO;Sin riesgo y bajo;SIN_BRECHAS;NO;ALTA;12.33;BAJA;Mantener seguimiento rutinario con control territorial rural.;0.0;BAJA
956;276233001312;DAGUA;I.E. SAN PEDRO CLAVER SEDE LA PUERTA;RURAL;VEREDA LA PUERTA;LA PUERTA;3113607301;8;8;8;11;ESCUELAS_IRCAS;DATO_PRINCIPAL_ESCUELAS_IRCAS;NO;SI;;SD;SIN DATO;;ACUEDUCTO RURAL LA PUERTA;;17,5/30;SIN DATO;;COD_DANE_UNICO;CRUCE_OK;GEORREFERENCIADA;;268;INSTITUCION ETNOEDUCATIVA SAN PEDRO CLAVER;LA PUERTA;ACTIVA;OFICIAL;MAÑANA;EDUCACIÓN BÁSICA PRIMARIA;VDA LA PUERTA;-76.74355539;3.760469908;-76.74355539;3.760469908;-76.74;3.76;SEDESUESVALLE;COORDENADA_ORIGINAL_SEDESUESVALLE;1;8;2.019;I.E. SAN PEDRO CLAVER;LA PUERTA;RURAL;VDA. LA PUERTA;COINCIDENCIA_NOMBRE_FUERTE;0.98;BRECHA INFORMACION;Sin dato / información incompleta;SIN_DATO_IRCA;SI;BAJA;31.06;BAJA;Gestionar actualización de la clasificación IRCA del sistema asociado.;0.48;BAJA
957;276233000057;DAGUA;I.E. MIGUEL ANTONIO CARO SEDE LOS ANGELES;RURAL;CORREGIMIENTO LOS ALPES;LOS ANGELES;3137155608;10;10;10;0;ESCUELAS_IRCAS;DATO_PRINCIPAL_ESCUELAS_IRCAS;NO;SI;;SD;SIN DATO;;ACUEDUCTO RURAL LOS ALPES;;17,5/30;SIN DATO;;COD_DANE_UNICO;CRUCE_OK;GEORREFERENCIADA;;264;INSTITUCION EDUCATIVA MIGUEL ANTONIO CARO;LOS ANGELES;ACTIVA;OFICIAL;COMPLETA;EDUCACIÓN BÁSICA PRIMARIA;IP LOS ALPES;-76.70872405;3.682812232;-76.70872405;3.682812232;;;SEDESUESVALLE;COORDENADA_ORIGINAL_SEDESUESVALLE;1;10;;;;;;COINCIDENCIA_NOMBRE_FUERTE_CON_POSIBLE_EMPATE;0.93;BRECHA INFORMACION;Sin dato / información incompleta;SIN_DATO_IRCA;SI;BAJA;31.61;BAJA;Gestionar actualización de la clasificación IRCA del sistema asociado.;0.52;BAJA
958;276233001282;DAGUA;I.E. SAN PEDRO CLAVER SEDE CARLOS HOLMES TRUJILLO;RURAL;VEREDA VISTA HERMOSA;CARLOS HOLMES TRUJILLO;3113607301;9;9;9;23;ESCUELAS_IRCAS;DATO_PRINCIPAL_ESCUELAS_IRCAS;NO;SI;;SD;SIN DATO;;ACUEDUCTO RURAL VISTA HERMOSA;;17,5/30;SIN DATO;;COD_DANE_UNICO;CRUCE_OK;GEORREFERENCIADA;;272;INSTITUCION ETNOEDUCATIVA SAN PEDRO CLAVER;CARLOS HOLMES TRUJILLO;ACTIVA;OFICIAL;MAÑANA;EDUCACIÓN BÁSICA SECUNDARIA;VDA VISTA HERMOSA;-76.66327635;3.6207083;-76.66327635;3.6207083;-76.66;3.62;SEDESUESVALLE;COORDENADA_ORIGINAL_SEDESUESVALLE;1;9;2.019;I.E. SAN PEDRO CLAVER;CARLOS HOLMES TRUJILLO;RURAL;VDA. VISTA HERMOSA;COINCIDENCIA_NOMBRE_FUERTE;0.98;BRECHA INFORMACION;Sin dato / información incompleta;SIN_DATO_IRCA;SI;BAJA;31.35;BAJA;Gestionar actualización de la clasificación IRCA del sistema asociado.;0.5;BAJA
959;276233000359;DAGUA;I.E. SAN PEDRO CLAVER SEDE RAFAEL URIBE URIBE;RURAL;CORREGIMIENTO ZELANDIA;RAFAEL URIBE URIBE;3113607301;20;20;20;34;ESCUELAS_IRCAS;DATO_PRINCIPAL_ESCUELAS_IRCAS;NO;SI;;SD;SIN DATO;;ACUEDUCTO RURAL ZELANDIA;;17,5/30;SIN DATO;;COD_DANE_UNICO;CRUCE_OK;GEORREFERENCIADA;;273;INSTITUCION ETNOEDUCATIVA SAN PEDRO CLAVER;RAFAEL URIBE URIBE;ACTIVA;OFICIAL;MAÑANA;EDUCACIÓN BÁSICA SECUNDARIA;CRG ZELANDIA;-76.7203934654;3.64982221828;-76.7203934654;3.64982221828;-76.7;3.81;SEDESUESVALLE;COORDENADA_ORIGINAL_SEDESUESVALLE;1;20;2.019;I.E. SAN PEDRO CLAVER;RAFAEL URIBE URIBE;RURAL;CORREG. ZELANDIA;COINCIDENCIA_NOMBRE_FUERTE;0.98;BRECHA INFORMACION;Sin dato / información incompleta;SIN_DATO_IRCA;SI;BAJA;33.36;BAJA;Gestionar actualización de la clasificación IRCA del sistema asociado.;0.66;BAJA
960;276275000219;FLORIDA;I.E. JOSE MARIA CORDOBA SEDE CAMILO TORRES;RURAL;VEREDA CAÑAS ARRIBA;CAMILO TORRES;;7;0;7;0;SEDESUESVALLE;COMPLEMENTADA_CON_SEDESUESVALLE;NO;SI;CAÑAS ARRIBA;SD;SIN DATO;;ACUEDUCTO RURAL;;;SIN DATO;;COD_DANE_UNICO;CRUCE_OK;GEORREFERENCIADA;;430;INSTITUCION EDUCATIVA JOSE MARIA CORDOBA;CAMILO TORRES;ACTIVA;OFICIAL;UNICA;EDUCACIÓN MEDIA;VDA CAÑAS ARRIBA;-76.20010824;3.282225127;-76.20010824;3.282225127;;;SEDESUESVALLE;COORDENADA_ORIGINAL_SEDESUESVALLE;1;7;;;;;;COINCIDENCIA_NOMBRE_FUERTE_CON_POSIBLE_EMPATE;0.93;BRECHA INFORMACION;Sin dato / información incompleta;SIN_DATO_IRCA;SI;BAJA;30.74;BAJA;Gestionar actualización de la clasificación IRCA del sistema asociado.;0.45;BAJA
961;276275000421;FLORIDA;I.E. IDEBIC SEDE SAN JOSE DE LA GUACAS;RURAL;COMUNIDAD LAS GUACAS;SAN JOSE DE LA GUACAS;3103892364;18;18;0;0;ESCUELAS_IRCAS;DATO_PRINCIPAL_ESCUELAS_IRCAS;NO;SI;LAS GUACAS;SD;SIN DATO;;ACUEDUCTO RURAL;;19,5/30;SIN DATO;;COD_DANE_UNICO;CRUCE_OK;GEORREFERENCIADA;;441;;;ACTIVA;OFICIAL;COMPLETA;EDUCACIÓN BÁSICA PRIMARIA;CU LAS GUACAS CABILDO INDIGENA KWE SX TATA KIWE;-76.1647730668;3.30410429465;-76.1647730668;3.30410429465;;;SEDESUESVALLE;COORDENADA_ORIGINAL_SEDESUESVALLE;2;0;;;;;;POSIBLE_COINCIDENCIA_REVISAR;0.886;BRECHA INFORMACION;Sin dato / información incompleta;SIN_DATO_IRCA;SI;BAJA;33.09;BAJA;Gestionar actualización de la clasificación IRCA del sistema asociado.;0.64;BAJA
962;276275001215;FLORIDA;I.E. IDEBIC SEDE SAN GIL;RURAL;COMUNIDAD INDIGENA DE ALTAMIRA;SAN GIL;3103892364;16;0;0;16;MEN_SEDES_2019;COMPLEMENTADA_CON_MEN_REFERENCIA_HISTORICA;SI;SI;ALTAMIRA;SD;SIN DATO;;ACUEDUCTO RURAL;;18/30;SIN DATO;;COD_DANE_UNICO;CRUCE_OK;GEORREFERENCIADA;;442;;;ACTIVA;OFICIAL;COMPLETA;EDUCACIÓN BÁSICA PRIMARIA;CU ALTAMIRA RGDO INDIGENA KWE SX YU KIWE;-76.1647730668;3.30410429465;-76.1647730668;3.30410429465;-76.14;3.29;SEDESUESVALLE;COORDENADA_ORIGINAL_SEDESUESVALLE;2;0;2.019;IE IDEBIC;SAN GIL;RURAL;COMUNIDAD INDIGENA DE ALTAMIRA;COINCIDENCIA_NOMBRE_FUERTE;0.93;BRECHA INFORMACION;Sin dato / información incompleta;SIN_DATO_IRCA;SI;BAJA;32.79;BAJA;Gestionar actualización de la clasificación IRCA del sistema asociado.;0.62;BAJA
963;276275001282;FLORIDA;I.E. IDEBIC SEDE LUIS CARLOS GALAN;RURAL;COMUNIDAD INDIGENA DE MATEGUADUA;LUIS CARLOS GALAN;3103892364;20;20;0;5;ESCUELAS_IRCAS;DATO_PRINCIPAL_ESCUELAS_IRCAS;NO;SI;LAS BRISAS-  MATEGUADUA;SD;SIN DATO;;ACUEDUCTO RURAL;;24,5/30;SIN DATO;;COD_DANE_UNICO;CRUCE_OK;GEORREFERENCIADA;;443;;;ACTIVA;OFICIAL;COMPLETA;EDUCACIÓN BÁSICA PRIMARIA;CU MATEGUADUA RGDO INDIGENA NASA KWE SX KIWE;-76.1647730668;3.30410429465;-76.1647730668;3.30410429465;-76.18;3.26;SEDESUESVALLE;COORDENADA_ORIGINAL_SEDESUESVALLE;2;0;2.019;IE IDEBIC;LUIS CARLOS GALAN;RURAL;COMUNIDAD INDIGENA DE MATEGUADUA;COINCIDENCIA_NOMBRE_FUERTE;0.93;BRECHA INFORMACION;Sin dato / información incompleta;SIN_DATO_IRCA;SI;BAJA;33.36;BAJA;Gestionar actualización de la clasificación IRCA del sistema asociado.;0.66;BAJA
964;276275000430;FLORIDA;I.E. IDEBIC SEDE SAN ISIDRO;RURAL;COMUNIDAD DE LA RIVERA CABILDO CENTRAL DE ASENTAMIENTOS;SAN ISIDRO;3103892364;30;30;0;37;ESCUELAS_IRCAS;DATO_PRINCIPAL_ESCUELAS_IRCAS;NO;SI;LA RIVERA;SD;SIN DATO;;ACUEDUCTO RURAL;;26,5/30;SIN DATO;;COD_DANE_UNICO;CRUCE_OK;GEORREFERENCIADA;;444;;;ACTIVA;OFICIAL;COMPLETA;EDUCACIÓN BÁSICA PRIMARIA;CU LA RIVERA RGDO INDIGENA KWE SX YU KIWE;-76.1647730668;3.30410429465;-76.1647730668;3.30410429465;-76.16;3.3;SEDESUESVALLE;COORDENADA_ORIGINAL_SEDESUESVALLE;2;0;2.019;IE IDEBIC;SAN ISIDRO;RURAL;COMUNIDAD DE LA RIVERA CABILDO CENTRAL DE ASENTAMIENTOS;COINCIDENCIA_NOMBRE_FUERTE;0.93;BRECHA INFORMACION;Sin dato / información incompleta;SIN_DATO_IRCA;SI;BAJA;34.42;BAJA;Gestionar actualización de la clasificación IRCA del sistema asociado.;0.75;BAJA
965;276275000464;FLORIDA;I.E. IDEBIC SEDE CAROLA BUENO DE BUENO;RURAL;COMUNIDAD DE LOMAGORDA CABILDO INDIGENA SAN JUAN PAEZ;CAROLA BUENO DE BUENO;3103892364;1;1;0;17;ESCUELAS_IRCAS;DATO_PRINCIPAL_ESCUELAS_IRCAS;NO;SI;LOMA GORDA;SD;SIN DATO;;ACUEDUCTO RURAL;;20/30;SIN DATO;;COD_DANE_UNICO;CRUCE_OK;GEORREFERENCIADA;;445;;;ACTIVA;OFICIAL;COMPLETA;EDUCACIÓN BÁSICA PRIMARIA;CU INDIGENA SAN JUAN PAEZ LOMAGORDA;-76.1647730668;3.30410429465;-76.1647730668;3.30410429465;-76.17;3.32;SEDESUESVALLE;COORDENADA_ORIGINAL_SEDESUESVALLE;2;0;2.019;IE IDEBIC;CAROLA BUENO DE BUENO;RURAL;COMUNIDAD DE LOMAGORDA CABILDO INDIGENA SAN JUAN PAEZ;COINCIDENCIA_NOMBRE_FUERTE;0.93;BRECHA INFORMACION;Sin dato / información incompleta;SIN_DATO_IRCA;SI;BAJA;26.98;BAJA;Gestionar actualización de la clasificación IRCA del sistema asociado.;0.15;BAJA
966;276275000448;FLORIDA;I.E. IDEBIC SEDE SAN MARTIN DE PORRES;RURAL;VEREDA EL SALADO;SAN MARTIN DE PORRES;3103892364;28;28;0;47;ESCUELAS_IRCAS;DATO_PRINCIPAL_ESCUELAS_IRCAS;NO;SI;EL SALADO;SD;SIN DATO;;ACUEDUCTO RURAL;;25/30;SIN DATO;;COD_DANE_UNICO;CRUCE_OK;GEORREFERENCIADA;;446;;;ACTIVA;OFICIAL;COMPLETA;EDUCACIÓN BÁSICA PRIMARIA;CU EL SALADO RGDO INDIGENA KWE SX YU KIWE;-76.1647730668;3.30410429465;-76.1647730668;3.30410429465;-76.24;3.33;SEDESUESVALLE;COORDENADA_ORIGINAL_SEDESUESVALLE;2;0;2.019;IE IDEBIC;SAN MARTIN DE PORRES;RURAL;COMUNID EL SALADO CABILDO CENTRAL DE ASENTAMIENTOS;COINCIDENCIA_NOMBRE_FUERTE;0.93;BRECHA INFORMACION;Sin dato / información incompleta;SIN_DATO_IRCA;SI;BAJA;34.24;BAJA;Gestionar actualización de la clasificación IRCA del sistema asociado.;0.73;BAJA
967;276275001169;FLORIDA;I.E. IDEBIC SEDE LA PRIMAVERA;RURAL;VEREDA VILLA PINZON;LA PRIMAVERA;3103892364;20;20;0;15;ESCUELAS_IRCAS;DATO_PRINCIPAL_ESCUELAS_IRCAS;NO;SI;VILLA PINZON;SD;SIN DATO;;ACUEDUCTO RURAL;;30/30;SIN DATO;;COD_DANE_UNICO;CRUCE_OK;GEORREFERENCIADA;;447;;;ACTIVA;OFICIAL;COMPLETA;EDUCACIÓN BÁSICA PRIMARIA;CU VILLA PINZON RGDO INDIGENA TRIUNFO CRISTAL PAEZ;-76.1647730668;3.30410429465;-76.1647730668;3.30410429465;-76.17;3.33;SEDESUESVALLE;COORDENADA_ORIGINAL_SEDESUESVALLE;2;0;2.019;IE IDEBIC;LA PRIMAVERA;RURAL;COMUNIDAD DE VILLA PINZON;COINCIDENCIA_NOMBRE_FUERTE;0.93;BRECHA INFORMACION;Sin dato / información incompleta;SIN_DATO_IRCA;SI;BAJA;33.36;BAJA;Gestionar actualización de la clasificación IRCA del sistema asociado.;0.66;BAJA
968;276275000961;FLORIDA;I.E. IDEBIC SEDE CARLOS HOLMES TRUJILLO;RURAL;VEREDA GRANATES;CARLOS HOLMES TRUJILLO;3103892364;22;0;0;22;MEN_SEDES_2019;COMPLEMENTADA_CON_MEN_REFERENCIA_HISTORICA;SI;SI;GRANATES;SD;SIN DATO;;ACUEDUCTO RURAL;;27,5/30;SIN DATO;;COD_DANE_UNICO;CRUCE_OK;GEORREFERENCIADA;;448;;;ACTIVA;OFICIAL;COMPLETA;EDUCACIÓN BÁSICA PRIMARIA;CU GRANATES RGDO INDIGENA KWE SX YU KIWE;-76.1647730668;3.30410429465;-76.1647730668;3.30410429465;-76.18;3.29;SEDESUESVALLE;COORDENADA_ORIGINAL_SEDESUESVALLE;2;0;2.019;IE IDEBIC;CARLOS HOLMES TRUJILLO;RURAL;COMUNIDAD INDIGENA DE GRANATES;COINCIDENCIA_NOMBRE_FUERTE;0.93;BRECHA INFORMACION;Sin dato / información incompleta;SIN_DATO_IRCA;SI;BAJA;33.61;BAJA;Gestionar actualización de la clasificación IRCA del sistema asociado.;0.68;BAJA
969;276275000031;FLORIDA;I.E. IDEBIC SEDE MARCO FIDEL SUAREZ;RURAL;VEREDA LA CUMBRE;MARCO FIDEL SUAREZ;3103892364;15;0;0;15;MEN_SEDES_2019;COMPLEMENTADA_CON_MEN_REFERENCIA_HISTORICA;SI;SI;LA CUMBRE;SD;SIN DATO;;ACUEDUCTO RURAL;;29,5/30;SIN DATO;;COD_DANE_UNICO;CRUCE_OK;GEORREFERENCIADA;;451;;;ACTIVA;OFICIAL;COMPLETA;EDUCACIÓN BÁSICA PRIMARIA;CU LA CUMBRE RGDO INDIGENA KWE SX YU KIWE;-76.1647730668;3.30410429465;-76.1647730668;3.30410429465;-76.18;3.29;SEDESUESVALLE;COORDENADA_ORIGINAL_SEDESUESVALLE;2;0;2.019;IE IDEBIC;MARCO FIDEL SUAREZ;RURAL;COMUNIDAD INDIGENA DE LA CUMBRE;COINCIDENCIA_NOMBRE_FUERTE;0.93;BRECHA INFORMACION;Sin dato / información incompleta;SIN_DATO_IRCA;SI;BAJA;32.63;BAJA;Gestionar actualización de la clasificación IRCA del sistema asociado.;0.6;BAJA
970;276275001673;FLORIDA;I.E. IDEBIC SEDE BASILIO LABIO;RURAL;COMUNIDAD NUEVO HORIZONTE CABILDO CENTRAL DE ASENTAMIENTOS;BASILIO LABIO;3103892364;10;10;0;13;ESCUELAS_IRCAS;DATO_PRINCIPAL_ESCUELAS_IRCAS;NO;SI;NUEVO HORIZONTE;SD;SIN DATO;;ACUEDUCTO RURAL;;15/30;SIN DATO;;COD_DANE_UNICO;CRUCE_OK;GEORREFERENCIADA;;453;;;ACTIVA;OFICIAL;FIN DE SEMANA;EDUCACIÓN BÁSICA PRIMARIA;CU NUEVO HORIZONTE RGDO INDIGENA KWE SX YU KIWE;-76.1647730668;3.30410429465;-76.1647730668;3.30410429465;-76.17;3.29;SEDESUESVALLE;COORDENADA_ORIGINAL_SEDESUESVALLE;2;0;2.019;IE IDEBIC;BASILIO LABIO;RURAL;COMUNIDAD NUEVO HORIZONTE CABILDO CENTRAL DE ASENTAMIENTOS;COINCIDENCIA_NOMBRE_FUERTE;0.93;BRECHA INFORMACION;Sin dato / información incompleta;SIN_DATO_IRCA;SI;BAJA;31.61;BAJA;Gestionar actualización de la clasificación IRCA del sistema asociado.;0.52;BAJA
971;276275001461;FLORIDA;I.E. IDEBIC SEDE PRINCIPAL KWE`SX NASA KSXA' WNXI;RURAL;FINCA EL CAJON - COMUNIDAD LOMA GORDA;KWE`SX NASA KSXA' WNXI;3103892364;300;300;0;0;ESCUELAS_IRCAS;DATO_PRINCIPAL_ESCUELAS_IRCAS;NO;SI;LOMA GORDA;SD;SIN DATO;;COMPACTA - VALLECAUCANA;;15/30;SIN DATO;;MUNICIPIO+NOMBRE_EXACTO;CRUCE_RECUPERADO;SIN_COORDENADAS;;450;;;;;;;;;;;;;;SIN_COORDENADA;SIN_COORDENADA;0;0;;;;;;SIN_COINCIDENCIA_FUERTE;0.775;BRECHA INFORMACION;Sin dato / información incompleta;"SIN_DATO_IRCA; SIN_COORDENADA";SI;BAJA;40.59;MEDIA;Gestionar actualización de la clasificación IRCA del sistema asociado.;1.24;BAJA
972;276377000183;LA CUMBRE;I.E. FRANCISCO DE PAULA SANTANDER SEDE SANTA CECILIA;RURAL;VEREDA EL CARMEN/LA CUCHILLA;SANTA CECILIA;3217517726;11;0;11;0;SEDESUESVALLE;COMPLEMENTADA_CON_SEDESUESVALLE;NO;NO REGISTRA;NO REGISTRA;SD;SIN DATO;;;;;SIN DATO;;COD_DANE_UNICO;CRUCE_OK;GEORREFERENCIADA;;516;INSTITUCION EDUCATIVA FRANCISCO DE PAULA SANTANDER;SANTA CECILIA;ACTIVA;OFICIAL;MAÑANA;EDUCACIÓN BÁSICA PRIMARIA;VDA EL CARMEN;-76.58838035;3.659658298;-76.58838035;3.659658298;;;SEDESUESVALLE;COORDENADA_ORIGINAL_SEDESUESVALLE;1;11;;;;;;COINCIDENCIA_NOMBRE_FUERTE_CON_POSIBLE_EMPATE;0.93;BRECHA INFORMACION;Sin dato / información incompleta;SIN_DATO_IRCA;SI;BAJA;31.84;BAJA;Gestionar actualización de la clasificación IRCA del sistema asociado.;0.54;BAJA
973;276377000086;LA CUMBRE;I.E. MARIA AUXILIADORA SEDE MARIA AUXILIADORA;RURAL;VIA VEREDA BELLAVISTA CGTO LOMITAS;MARIA AUXILIADORA;3153106870;29;0;29;70;SEDESUESVALLE;COMPLEMENTADA_CON_SEDESUESVALLE;NO;NO REGISTRA;NO REGISTRA;SD;SIN DATO;;;;;SIN DATO;;COD_DANE_UNICO;CRUCE_OK;GEORREFERENCIADA;;518;INSTITUCION EDUCATIVA MARÍA AUXILIADORA;MARIA AUXILIADORA LOMITAS;ACTIVA;OFICIAL;ESPECIAL;EDUCACIÓN MEDIA;INSP LOMITAS;-76.63543419;3.638778527;-76.63543419;3.638778527;-76.64;3.64;SEDESUESVALLE;COORDENADA_ORIGINAL_SEDESUESVALLE;1;29;2.019;IE MARIA AUXILIADORA;MARIA AUXILIADORA;RURAL;CORREG LOMITAS;COINCIDENCIA_NOMBRE_FUERTE;0.93;BRECHA INFORMACION;Sin dato / información incompleta;SIN_DATO_IRCA;SI;BAJA;34.33;BAJA;Gestionar actualización de la clasificación IRCA del sistema asociado.;0.74;BAJA
974;276377000400;LA CUMBRE;I.E. FRANCISCO DE PAULA SANTANDER SEDE CAMILO TORRES;RURAL;VEREDA LA CUCHILLA;CAMILO TORRES;3192946278/3045383774;4;4;7;0;ESCUELAS_IRCAS;DATO_PRINCIPAL_ESCUELAS_IRCAS;NO;NO REGISTRA;NO REGISTRA;SD;SIN DATO;;;;;SIN DATO;;COD_DANE_UNICO;CRUCE_OK;GEORREFERENCIADA;;519;INSTITUCION EDUCATIVA FRANCISCO DE PAULA SANTANDER;CAMILO TORRES;ACTIVA;OFICIAL;MAÑANA;EDUCACIÓN BÁSICA PRIMARIA;VDA LA CUCHILLA;-76.59867151;3.658825486;-76.59867151;3.658825486;;;SEDESUESVALLE;COORDENADA_ORIGINAL_SEDESUESVALLE;1;7;;;;;;COINCIDENCIA_NOMBRE_FUERTE_CON_POSIBLE_EMPATE;0.93;BRECHA INFORMACION;Sin dato / información incompleta;SIN_DATO_IRCA;SI;BAJA;29.47;BAJA;Gestionar actualización de la clasificación IRCA del sistema asociado.;0.35;BAJA
975;276377000035;LA CUMBRE;I.E. MARIA AUXILIADORA SEDE RAFAEL NUÑEZ;RURAL;CORREGIMIENTO LA MARIA;RAFAEL NUÑEZ;3202631345;42;42;40;0;ESCUELAS_IRCAS;DATO_PRINCIPAL_ESCUELAS_IRCAS;NO;NO REGISTRA;NO REGISTRA;SD;SIN DATO;;;;;SIN DATO;;COD_DANE_UNICO;CRUCE_OK;GEORREFERENCIADA;;529;INSTITUCION EDUCATIVA MARÍA AUXILIADORA;RAFAEL NUÑEZ;ACTIVA;OFICIAL;ESPECIAL;EDUCACIÓN MEDIA;IP LA MARIA;-76.63983619;3.690293858;-76.63983619;3.690293858;;;SEDESUESVALLE;COORDENADA_ORIGINAL_SEDESUESVALLE;1;40;;;;;;COINCIDENCIA_NOMBRE_FUERTE_CON_POSIBLE_EMPATE;0.93;BRECHA INFORMACION;Sin dato / información incompleta;SIN_DATO_IRCA;SI;BAJA;35.31;MEDIA;Gestionar actualización de la clasificación IRCA del sistema asociado.;0.82;BAJA
976;276563000720;PRADERA;I.E. MERCEDES ABREGO SEDE SAN JULIAN;RURAL;VEREDA BOLO BLANCO;SAN JULIAN;3146826402;2;0;2;12;SEDESUESVALLE;COMPLEMENTADA_CON_SEDESUESVALLE;NO;SI;BOLO BLANCO;SD;SIN DATO;;ACUEDUCTO RURAL;;17,5/30;SIN DATO;;COD_DANE_UNICO;CRUCE_OK;GEORREFERENCIADA;;622;INSTITUCION EDUCATIVA MERCEDES ABREGO;SAN JULIAN;ACTIVA;OFICIAL;COMPLETA;EDUCACIÓN BÁSICA SECUNDARIA;CORREG BOLO BLANCO;-76.12077228;3.454752781;-76.12077228;3.454752781;-76.12;3.45;SEDESUESVALLE;COORDENADA_ORIGINAL_SEDESUESVALLE;1;2;2.019;I.E. MERCEDES ABREGO;SAN JULIAN;RURAL;CORREG BOLO BLANCO;COINCIDENCIA_NOMBRE_FUERTE;0.98;BRECHA INFORMACION;Sin dato / información incompleta;SIN_DATO_IRCA;SI;BAJA;28.08;BAJA;Gestionar actualización de la clasificación IRCA del sistema asociado.;0.24;BAJA
977;276563000495;PRADERA;I.E. MERCEDES ABREGO SEDE MANUEL JOSE RAMIREZ;RURAL;VEREDA BOLO AZUL;MANUEL JOSE RAMIREZ;3146826402;4;4;2;9;ESCUELAS_IRCAS;DATO_PRINCIPAL_ESCUELAS_IRCAS;NO;SI;BOLO AZUL;SD;SIN DATO;;ACUEDUCTO RURAL;;17,5/30;SIN DATO;;COD_DANE_UNICO;CRUCE_OK;GEORREFERENCIADA;;623;INSTITUCION EDUCATIVA MERCEDES ABREGO;MANUEL JOSE RAMIREZ;ACTIVA;OFICIAL;COMPLETA;EDUCACIÓN BÁSICA SECUNDARIA;IP BOLO AZUL;-76.08508037;3.426056482;-76.08508037;3.426056482;-76.09;3.43;SEDESUESVALLE;COORDENADA_ORIGINAL_SEDESUESVALLE;1;2;2.019;I.E. MERCEDES ABREGO;MANUEL JOSE RAMIREZ;RURAL;CORREG BOLO AZUL;COINCIDENCIA_NOMBRE_FUERTE;0.98;BRECHA INFORMACION;Sin dato / información incompleta;SIN_DATO_IRCA;SI;BAJA;29.47;BAJA;Gestionar actualización de la clasificación IRCA del sistema asociado.;0.35;BAJA
