id,mun,aro,amb,loc,prest,pob,q,precip_mm,temp_mean,precip_idx,temp_anom,precip_sev,temp_sev,clima_score,P_clima,clasif_fuente
ELNINO_0001,ALCALA,Norte Cartago,Rural,EL EDEN,ASOCIACION DE USUARIOS DEL ACUEDUCTORURAL VEREDA EL EDEN (ASOCOAGUAS),208,8.0,13.68,21.69,31.9,1.56,1,2,3,P1,CHIRPS + ERA5-Land · GEE 1–15 ago 2026 vs 1991–2020 · matriz graduada V0.5
ELNINO_0002,ALCALA,Norte Cartago,Rural,"CONGAL , MARAVELEZ PARTE ALTA",ADMINISTRACION COOPERATIVA MARAVELEZ - ALCALA E.S.P.(SISTEMA #1),796,29.0,13.28,19.49,32.2,1.25,1,1,2,P2,CHIRPS + ERA5-Land · GEE 1–15 ago 2026 vs 1991–2020 · matriz graduada V0.5
ELNINO_0003,ALCALA,Norte Cartago,Rural,"CONGAL, MARAVELEZ PARTE BAJA, LA POLONIA , LA CAPILLA",ADMINISTRACION COOPERATIVA MARAVELEZ - ALCALA E.S.P.(SISTEMA #2),412,13.0,13.28,19.49,32.2,1.25,1,1,2,P2,CHIRPS + ERA5-Land · GEE 1–15 ago 2026 vs 1991–2020 · matriz graduada V0.5
ELNINO_0004,ALCALA,Norte Cartago,Rural,"(PARTE ALTA) BELGICA , LA FLORESTA , SAN FELIPE , LOS SAUCES , PLAYAS VERDES",ADMINISTRACION COOPERATIVA MARAVELEZ - ALCALA E.S.P.(SISTEMA #3),1928,10.0,12.38,19.49,31.0,1.56,1,2,3,P1,CHIRPS + ERA5-Land · GEE 1–15 ago 2026 vs 1991–2020 · matriz graduada V0.5
ELNINO_0005,ALCALA,Norte Cartago,Rural,"MARAVELEZ, EL CONGAL, SAN FELIPE, LA CAÑA, TRINCHERAS",ADMINISTRACION COOPERATIVA MARAVELEZ - ALCALA E.S.P.(SISTEMA #4),476,5.0,13.28,19.49,32.2,1.25,1,1,2,P2,CHIRPS + ERA5-Land · GEE 1–15 ago 2026 vs 1991–2020 · matriz graduada V0.5
ELNINO_0006,ALCALA,Norte Cartago,Rural,"HIGUERON, LA UNION, SAN FELIPE , LA ESTRELLA , DINDE BAJO",ADMINISTRACION COOPERATIVA MARAVELEZ - ALCALA E.S.P.(SISTEMA #5),1052,9.0,13.68,21.69,31.9,1.56,1,2,3,P1,CHIRPS + ERA5-Land · GEE 1–15 ago 2026 vs 1991–2020 · matriz graduada V0.5
ELNINO_0007,ALCALA,Norte Cartago,Rural,EL DINDE (PARTE ALTA) FUENTE Q BUENAVISTA,ADMINISTRACION COOPERATIVA MARAVELEZ - ALCALA E.S.P.(SISTEMA #6),216,6.0,17.2,21.75,37.8,1.71,1,2,3,P1,CHIRPS + ERA5-Land · GEE 1–15 ago 2026 vs 1991–2020 · matriz graduada V0.5
ELNINO_0008,ALCALA,Norte Cartago,Rural,LA CUCHILLA PARTE ALTA,ADMINISTRACION COOPERATIVA MARAVELEZ - ALCALA E.S.P.(SISTEMA #7),172,3.0,13.28,19.49,32.2,1.25,1,1,2,P2,CHIRPS + ERA5-Land · GEE 1–15 ago 2026 vs 1991–2020 · matriz graduada V0.5
ELNINO_0009,ALCALA,Norte Cartago,Rural,LA CUCHILLA PARTE BAJA,ADMINISTRACION COOPERATIVA MARAVELEZ - ALCALA E.S.P.(SISTEMA #8),140,2.0,13.28,19.49,32.2,1.25,1,1,2,P2,CHIRPS + ERA5-Land · GEE 1–15 ago 2026 vs 1991–2020 · matriz graduada V0.5
ELNINO_0010,ALCALA,Norte Cartago,Urbano,URBANO,SOCIEDAD DE ACUEDUCTOS Y ALCANTARILLADOS DEL VALLE DEL CAUCA S.A. E.S.P. ACUAVALLE S.A. E.S.P.-ALCALÁ,11760,25.0,12.38,19.49,31.0,1.56,1,2,3,P1,CHIRPS + ERA5-Land · GEE 1–15 ago 2026 vs 1991–2020 · matriz graduada V0.5
ELNINO_0011,ANDALUCÍA,Centro Tuluá,Rural,POTRERILLO,ACUEDUCTO POTRERILLO,172,1.5,8.06,20.04,26.2,1.45,2,1,3,P1,CHIRPS + ERA5-Land · GEE 1–15 ago 2026 vs 1991–2020 · matriz graduada V0.5
ELNINO_0288,ANDALUCÍA,Centro Tuluá,Rural,UNION CASCAJERO,ACUEDUCTO RURAL COMUNITARIO LA UNION CASCAJERO,256,1.0,8.14,18.44,24.9,0.94,2,0,2,P2,CHIRPS + ERA5-Land · GEE 1–15 ago 2026 vs 1991–2020 · matriz graduada V0.5
ELNINO_0013,ANDALUCÍA,Centro Tuluá,Rural,EL PLACER,ACUEDUCTO RURAL EL PLACER,92,1.0,8.06,20.04,26.2,1.45,2,1,3,P1,CHIRPS + ERA5-Land · GEE 1–15 ago 2026 vs 1991–2020 · matriz graduada V0.5
ELNINO_0014,ANDALUCÍA,Centro Tuluá,Rural,PARDO ALTO,ACUEDUCTO RURAL PARDO ALTO,200,0.5,5.9,19.1,20.9,1.45,2,1,3,P1,CHIRPS + ERA5-Land · GEE 1–15 ago 2026 vs 1991–2020 · matriz graduada V0.5
ELNINO_0012,ANDALUCÍA,Centro Tuluá,Rural,ALTAFLOR,ASOCIACION RURAL COMUNITARIA DE AGUA POTABLE Y SANEAMIENTO BASICO DEL CORREGIMIENTO DE ALTA FLOR - ACUAFLOR,216,1.0,7.82,18.44,24.8,1.15,2,1,3,P1,CHIRPS + ERA5-Land · GEE 1–15 ago 2026 vs 1991–2020 · matriz graduada V0.5
ELNINO_0402,ANDALUCÍA,Centro Tuluá,Rural,PEÑON ALTO,MUNICIPIO DE ANDALUCIA PEÑON ALTO,200,0.8,8.29,21.33,24.5,0.97,2,0,2,P2,CHIRPS + ERA5-Land · GEE 1–15 ago 2026 vs 1991–2020 · matriz graduada V0.5
ELNINO_0017,ANDALUCÍA,Centro Tuluá,Urbano,"URBANO, CAMPOALEGRE, ZABALETAS, EL SALTO, TAMBORAL, ZAJONDE PIEDRA, EL ORIENTE, MADRE VIEJA, LA PAZ",SOCIEDAD DE ACUEDUCTOS Y ALCANTARILLADOS DEL VALLE DEL CAUCA S.A. E.S.P. ACUAVALLE S.A. E.S.P. - ANDALUCIA,26000,118.0,9.17,21.33,25.1,1.5,2,1,3,P1,CHIRPS + ERA5-Land · GEE 1–15 ago 2026 vs 1991–2020 · matriz graduada V0.5
ELNINO_0018,ANSERMANUEVO,Norte Cartago,Rural,LA HONDURA,ACUEDUCTO COMUNITARIO LA HONDURA,152,4.0,16.07,20.05,31.7,1.31,1,1,2,P2,CHIRPS + ERA5-Land · GEE 1–15 ago 2026 vs 1991–2020 · matriz graduada V0.5
ELNINO_0019,ANSERMANUEVO,Norte Cartago,Rural,BARRIO SALAZAR,ACUEDUCTO COMUNITARIO SALAZAR,1280,1.5,19.04,21.86,38.5,1.19,1,1,2,P2,CHIRPS + ERA5-Land · GEE 1–15 ago 2026 vs 1991–2020 · matriz graduada V0.5
ELNINO_0020,ANSERMANUEVO,Norte Cartago,Rural,EL DIAMANTE,ACUEDUCTO RURAL EL DIAMANTE,80,1.5,16.07,20.05,31.7,1.31,1,1,2,P2,CHIRPS + ERA5-Land · GEE 1–15 ago 2026 vs 1991–2020 · matriz graduada V0.5
ELNINO_0021,ANSERMANUEVO,Norte Cartago,Rural,LA ESPERANZA,ACUEDUCTO RURAL VEREDA LA ESPERANZA,112,2.5,19.81,19.56,36.6,1.31,1,1,2,P2,CHIRPS + ERA5-Land · GEE 1–15 ago 2026 vs 1991–2020 · matriz graduada V0.5
ELNINO_0022,ANSERMANUEVO,Norte Cartago,Rural,LAS PALOMAS,ACUEDUCTO VEREDAS LAS PALOMAS- EL BOSQUE,68,0.1,16.07,20.05,31.7,1.31,1,1,2,P2,CHIRPS + ERA5-Land · GEE 1–15 ago 2026 vs 1991–2020 · matriz graduada V0.5
ELNINO_0023,ANSERMANUEVO,Norte Cartago,Rural,"EL ROBLE, LUSITANIA, LA DIAMANTINA",ASOCIACION DE USUARIOS DEL ACUEDUCTOS DEL ROBLE MUNICIPIO DE ANSERMANUEVO -ACUAROBLE - SISTEMA 1,540,0.15,19.81,19.56,36.6,1.31,1,1,2,P2,CHIRPS + ERA5-Land · GEE 1–15 ago 2026 vs 1991–2020 · matriz graduada V0.5
ELNINO_0024,ANSERMANUEVO,Norte Cartago,Rural,"LA QUIEBRA DEL ROBLE, EL CIPRES, SANTA BARBARA, TRES ESQUINAS, LA PUERTA",ASOCIACION DE USUARIOS DEL ACUEDUCTOS DEL ROBLE MUNICIPIO DE ANSERMANUEVO - ACUAROBLE - SISTEMA 2,384,7.1,15.64,19.09,29.6,1.31,2,1,3,P1,CHIRPS + ERA5-Land · GEE 1–15 ago 2026 vs 1991–2020 · matriz graduada V0.5
ELNINO_0025,ANSERMANUEVO,Norte Cartago,Rural,"EL VERGEL, LA PEDRERA",ASOCIACION DE USUARIOS DEL ACUEDUCTO EL VERGEL -ACUAVERGEL,880,10.0,16.36,19.09,29.6,0.82,2,0,2,P2,CHIRPS + ERA5-Land · GEE 1–15 ago 2026 vs 1991–2020 · matriz graduada V0.5
ELNINO_0026,ANSERMANUEVO,Norte Cartago,Rural,REAL BRILLANTE,ASOCIACION DE USUARIOS DEL ACUEDUCTO RURAL COMUNITARIO DE LA VEREDA EL REAL BRILLANTE,40,1.0,16.11,19.09,31.3,1.19,1,1,2,P2,CHIRPS + ERA5-Land · GEE 1–15 ago 2026 vs 1991–2020 · matriz graduada V0.5
ELNINO_0027,ANSERMANUEVO,Norte Cartago,Rural,LA DIVISA,ASOCIACION GESTIÓN COMUNITARIA DE AGUA DE LA COMUNIDAD VEREDA LA DIVISA,56,2.0,19.81,19.56,36.6,1.31,1,1,2,P2,CHIRPS + ERA5-Land · GEE 1–15 ago 2026 vs 1991–2020 · matriz graduada V0.5
ELNINO_0028,ANSERMANUEVO,Norte Cartago,Rural,LA POPALITA,ASOCIACION GESTION COMUNITARIA DEL AGUA DE LA COMUNIDAD RURAL LA POPALITA,92,1.0,18.93,19.07,35.2,1.31,1,1,2,P2,CHIRPS + ERA5-Land · GEE 1–15 ago 2026 vs 1991–2020 · matriz graduada V0.5
ELNINO_0029,ANSERMANUEVO,Norte Cartago,Rural,REAL PLACER,ASOCIACION GESTORA COMUNITARIA DEL AGUA DE LA COMUNIDAD RURAL REAL PLACER (ACUAPLACER),32,1.5,16.07,20.05,31.7,1.31,1,1,2,P2,CHIRPS + ERA5-Land · GEE 1–15 ago 2026 vs 1991–2020 · matriz graduada V0.5
ELNINO_0030,ANSERMANUEVO,Norte Cartago,Rural,LA CABAÑA.,ASOCIACION GESTORA COMUNITARIA DEL AGUA DEL CORREGIMIENTO LA CABAÑA,120,0.5,16.07,20.05,31.7,1.31,1,1,2,P2,CHIRPS + ERA5-Land · GEE 1–15 ago 2026 vs 1991–2020 · matriz graduada V0.5
ELNINO_0031,ANSERMANUEVO,Norte Cartago,Rural,EL TIGRE,JUNTA ADMINISTRADORA ACUEDUCTO RURAL EL TIGRE( VEREDA BAJO TIGRE),140,2.0,18.93,19.07,35.2,1.31,1,1,2,P2,CHIRPS + ERA5-Land · GEE 1–15 ago 2026 vs 1991–2020 · matriz graduada V0.5
ELNINO_0032,ANSERMANUEVO,Norte Cartago,Rural,EL CASTILLO,JUNTA ADMON ACUEDUCTO EL CASTILLO ALTO Y BAJO,140,0.6,18.93,19.07,35.2,1.31,1,1,2,P2,CHIRPS + ERA5-Land · GEE 1–15 ago 2026 vs 1991–2020 · matriz graduada V0.5
ELNINO_0033,ANSERMANUEVO,Norte Cartago,Rural,EL TIGRE,JUNTA ADMON ACUEDUCTO EL TIGRE (VEREDA ALTO TIGRE),64,1.0,18.93,19.07,35.2,1.31,1,1,2,P2,CHIRPS + ERA5-Land · GEE 1–15 ago 2026 vs 1991–2020 · matriz graduada V0.5
ELNINO_0034,ANSERMANUEVO,Norte Cartago,Rural,EL VILLAR,JUNTA DE ACCION COMUNAL ACUEDUCTO EL VILLAR,672,8.0,15.64,19.09,29.6,1.31,2,1,3,P1,CHIRPS + ERA5-Land · GEE 1–15 ago 2026 vs 1991–2020 · matriz graduada V0.5
ELNINO_0036,ANSERMANUEVO,Norte Cartago,Urbano,"URBANO, ANACARO, GRAMALOTE",SOCIEDAD DE ACUEDUCTOS Y ALCANTARILLADOS DEL VALLE DEL CAUCA S.A. E.S.P. ACUAVALLE S.A. E.S.P.-ANSERMANUEVO,13904,40.0,19.04,21.86,38.5,1.19,1,1,2,P2,CHIRPS + ERA5-Land · GEE 1–15 ago 2026 vs 1991–2020 · matriz graduada V0.5
ELNINO_0038,ARGELIA,Norte Cartago,Rural,"LA SOLEDAD , LA PAZ, LA PRIMAVERA, TARRITOS, EL RIO",ADMINISTRACION COOPERATIVA SAN ROQUE- LA SOLEDAD,800,5.0,17.81,19.06,38.6,1.29,1,1,2,P2,CHIRPS + ERA5-Land · GEE 1–15 ago 2026 vs 1991–2020 · matriz graduada V0.5
ELNINO_0039,ARGELIA,Norte Cartago,Rural,"LAS BRISAS, EL RAIZAL, LA AURORA, CAJONES, LA PAZ",ADMINISTRACION COOPERATIVA SAN ROQUE-LAS BRISAS - RAIZAL SISTEMA # 2,800,,22.11,19.07,38.7,1.29,1,1,2,P2,CHIRPS + ERA5-Land · GEE 1–15 ago 2026 vs 1991–2020 · matriz graduada V0.5
ELNINO_0040,ARGELIA,Norte Cartago,Rural,LA CRISTALINA,ASOCIACION DE USUARIOS DEL ACUEDUCTO LA CRISTALINA,72,,17.81,19.06,38.6,1.29,1,1,2,P2,CHIRPS + ERA5-Land · GEE 1–15 ago 2026 vs 1991–2020 · matriz graduada V0.5
ELNINO_0041,ARGELIA,Norte Cartago,Rural,"LA PALMA, LA BELLA, LA TEBAIDA, CALENTADEROS, RECREO, CRUCERO.",ASOCIACION DE USUARIOS DEL ACUEDUCTO LA PALMA,368,5.0,18.99,19.07,37.3,1.29,1,1,2,P2,CHIRPS + ERA5-Land · GEE 1–15 ago 2026 vs 1991–2020 · matriz graduada V0.5
ELNINO_0042,ARGELIA,Norte Cartago,Rural,MARACAIBO,ASOCIACION DE USUARIOS DEL ACUEDUCTO RURAL COMUNITARIO DEL CORREGIMIENTO DE MARACAIBO,340,3.0,17.81,19.06,38.6,1.29,1,1,2,P2,CHIRPS + ERA5-Land · GEE 1–15 ago 2026 vs 1991–2020 · matriz graduada V0.5
ELNINO_0043,ARGELIA,Norte Cartago,Rural,BARRIO VILLANUBIA,JUNTA ADMINISTRADORA DEL ACUEDUCTO BARRIO VILLA NUBIA,56,0.02,18.99,19.07,37.3,1.29,1,1,2,P2,CHIRPS + ERA5-Land · GEE 1–15 ago 2026 vs 1991–2020 · matriz graduada V0.5
ELNINO_0044,ARGELIA,Norte Cartago,Rural,CALENTADORES,JUNTA ADMINISTRATIVA CALENTADORES,76,,8.06,20.04,26.2,1.45,2,1,3,P1,CHIRPS + ERA5-Land · GEE 1–15 ago 2026 vs 1991–2020 · matriz graduada V0.5
ELNINO_0045,ARGELIA,Norte Cartago,Urbano,"URBANO, LA ESTRELLA",SOCIEDAD DE ACUEDUCTOS Y ALCANTARILLADOS DEL VALLE DEL CAUCA S.A. E.S.P. ACUAVALLE S.A. E.S.P.-ARGELIA,3092,38.0,18.99,19.07,37.3,1.29,1,1,2,P2,CHIRPS + ERA5-Land · GEE 1–15 ago 2026 vs 1991–2020 · matriz graduada V0.5
ELNINO_0046,BOLÍVAR,Centro Tuluá,Rural,PUNTA LARGA,"ACUASALUD ""PUNTA LARGA""",168,2.0,15.67,19.13,38.8,1.12,1,1,2,P2,CHIRPS + ERA5-Land · GEE 1–15 ago 2026 vs 1991–2020 · matriz graduada V0.5
ELNINO_0047,BOLÍVAR,Centro Tuluá,Rural,SAN ISIDRO,ACUEDUCTO CORPOSANISIDRO,280,6.0,14.51,18.6,33.8,1.12,1,1,2,P2,CHIRPS + ERA5-Land · GEE 1–15 ago 2026 vs 1991–2020 · matriz graduada V0.5
ELNINO_0048,BOLÍVAR,Centro Tuluá,Rural,LA AGUADA,ACUEDUCTO LA REFORMA VEREDA LA AGUADA,680,2.5,11.77,19.13,31.6,1.47,1,1,2,P2,CHIRPS + ERA5-Land · GEE 1–15 ago 2026 vs 1991–2020 · matriz graduada V0.5
ELNINO_0049,BOLÍVAR,Centro Tuluá,Rural,CABAÑA ALTA,ACUEDUCTO RURAL CABAÑA ALTA,60,1.0,17.27,19.91,43.6,1.76,1,2,3,P1,CHIRPS + ERA5-Land · GEE 1–15 ago 2026 vs 1991–2020 · matriz graduada V0.5
ELNINO_0050,BOLÍVAR,Centro Tuluá,Rural,CABAÑA BAJA,ACUEDUCTO RURAL CABAÑA BAJA,68,1.5,9.17,21.33,25.1,1.5,2,1,3,P1,CHIRPS + ERA5-Land · GEE 1–15 ago 2026 vs 1991–2020 · matriz graduada V0.5
ELNINO_0051,BOLÍVAR,Centro Tuluá,Rural,EL FUSIL,ACUEDUCTO RURAL EL FUSIL,48,1.0,17.65,20.07,40.0,1.48,1,1,2,P2,CHIRPS + ERA5-Land · GEE 1–15 ago 2026 vs 1991–2020 · matriz graduada V0.5
ELNINO_0052,BOLÍVAR,Centro Tuluá,Rural,DOS QUEBRADAS,ACUEDUCTO RURAL EL MATADERO DOS QUEBRADAS,108,,16.98,18.6,37.5,1.23,1,1,2,P2,CHIRPS + ERA5-Land · GEE 1–15 ago 2026 vs 1991–2020 · matriz graduada V0.5
ELNINO_0053,BOLÍVAR,Centro Tuluá,Rural,RICAURTE,ASOCIACION DE USUARIO DEL AGUA POTABLE Y ALCANTARILLADO DE RICAURTE,2448,5.0,10.89,19.13,29.3,1.22,2,1,3,P1,CHIRPS + ERA5-Land · GEE 1–15 ago 2026 vs 1991–2020 · matriz graduada V0.5
ELNINO_0054,BOLÍVAR,Centro Tuluá,Rural,DE NARANJAL,ASOCIACION DE USUARIOS ACUEDCUTO DE NARANJAL,2000,8.0,19.46,20.07,43.3,1.55,1,2,3,P1,CHIRPS + ERA5-Land · GEE 1–15 ago 2026 vs 1991–2020 · matriz graduada V0.5
ELNINO_0055,BOLÍVAR,Centro Tuluá,Rural,LA MARIA,ASOCIACION DE USUARIOS ACUEDUCTO LA MARIA,232,1.5,13.07,19.13,32.6,1.48,1,1,2,P2,CHIRPS + ERA5-Land · GEE 1–15 ago 2026 vs 1991–2020 · matriz graduada V0.5
ELNINO_0056,BOLÍVAR,Centro Tuluá,Rural,LA TULIA,ASOCIACION DE USUARIOS ACUEDUCTO LA TULIA,1824,,11.77,19.13,31.6,1.47,1,1,2,P2,CHIRPS + ERA5-Land · GEE 1–15 ago 2026 vs 1991–2020 · matriz graduada V0.5
ELNINO_0057,BOLÍVAR,Centro Tuluá,Rural,EL ORO,ASOCIACION DE USUARIOS ACUEDUCTO RURAL EL ORO,120,1.0,23.61,21.53,52.8,1.76,0,2,2,P2,CHIRPS + ERA5-Land · GEE 1–15 ago 2026 vs 1991–2020 · matriz graduada V0.5
ELNINO_0058,BOLÍVAR,Centro Tuluá,Rural,BUENOS AIRES,ASOCIACION DE USUARIOS DEL ACUEDUCTO DE BUENOS AIRES,120,2.0,13.07,19.13,32.6,1.48,1,1,2,P2,CHIRPS + ERA5-Land · GEE 1–15 ago 2026 vs 1991–2020 · matriz graduada V0.5
ELNINO_0059,BOLÍVAR,Centro Tuluá,Rural,EL BOSQUE,ASOCIACION DE USUARIOS DEL ACUEDUCTO EL BOSQUE # 1,136,1.0,13.07,19.13,32.6,1.48,1,1,2,P2,CHIRPS + ERA5-Land · GEE 1–15 ago 2026 vs 1991–2020 · matriz graduada V0.5
ELNINO_0060,BOLÍVAR,Centro Tuluá,Rural,LA HERRADURA,ASOCIACION DE USUARIOS DEL ACUEDUCTO LA HERRADURA,488,,9.75,19.26,26.7,1.22,2,1,3,P1,CHIRPS + ERA5-Land · GEE 1–15 ago 2026 vs 1991–2020 · matriz graduada V0.5
ELNINO_0061,BOLÍVAR,Centro Tuluá,Rural,LA TULIA,ASOCIACION DE USUARIOS DEL ACUEDUCTO LA TULIA PORVENIR,200,,11.77,19.13,31.6,1.47,1,1,2,P2,CHIRPS + ERA5-Land · GEE 1–15 ago 2026 vs 1991–2020 · matriz graduada V0.5
ELNINO_0062,BOLÍVAR,Centro Tuluá,Rural,LA PLAZUELA,ASOCIACION DE USUARIOS DEL ACUEDUCTO RURAL COMUNITARIO DE LA VEREDA LA PLAZUELA,240,2.0,11.77,19.13,31.6,1.47,1,1,2,P2,CHIRPS + ERA5-Land · GEE 1–15 ago 2026 vs 1991–2020 · matriz graduada V0.5
ELNINO_0063,BOLÍVAR,Centro Tuluá,Rural,AGUAS LINDAS,ASOCIACION DE USUARIOS DEL ACUEDUCTO RURAL COMUNITARIO DE LAS VEREDAS AGUAS LINDAS Y BUENOS AIRES,244,2.0,21.16,21.53,49.8,1.48,1,1,2,P2,CHIRPS + ERA5-Land · GEE 1–15 ago 2026 vs 1991–2020 · matriz graduada V0.5
ELNINO_0064,BOLÍVAR,Centro Tuluá,Rural,LA ALDANA,ASOCIACION DE USUARIOS DEL ACUEDUCTO RURAL DE LAS VEREDAS EL BOSQUE LA ALDANA,192,2.5,11.77,19.13,31.6,1.47,1,1,2,P2,CHIRPS + ERA5-Land · GEE 1–15 ago 2026 vs 1991–2020 · matriz graduada V0.5
ELNINO_0065,BOLÍVAR,Centro Tuluá,Rural,LA MONTAÑUELA,ASOCIACION DE USUARIOS DEL SERVICIO COMUNITARIO DE LA MONTAÑUELA - AUSCRAALMA,280,2.0,10.89,19.13,29.3,1.22,2,1,3,P1,CHIRPS + ERA5-Land · GEE 1–15 ago 2026 vs 1991–2020 · matriz graduada V0.5
ELNINO_0066,BOLÍVAR,Centro Tuluá,Rural,PRIMAVERA,ASOCIACION DE USUARIOS DEL SERVICIO DE AGUA POTABLE Y ALCANTARILLADO DE PRIMAVERA,1960,3.0,13.07,19.13,32.6,1.48,1,1,2,P2,CHIRPS + ERA5-Land · GEE 1–15 ago 2026 vs 1991–2020 · matriz graduada V0.5
ELNINO_0067,BOLÍVAR,Centro Tuluá,Rural,"CERRO AZUL, LA SOLEDAD",ASOCIACION USUARIOS ACUEDUCTO COLECTIVO CERRO AZUL,1200,4.0,13.29,19.26,35.5,1.12,1,1,2,P2,CHIRPS + ERA5-Land · GEE 1–15 ago 2026 vs 1991–2020 · matriz graduada V0.5
ELNINO_0068,BOLÍVAR,Centro Tuluá,Rural,"CRISTALES, MORAITO, DOS QUEBRADAS",COMITE PROACUEDUCTO CRISTALES,260,3.0,17.36,20.07,39.5,1.23,1,1,2,P2,CHIRPS + ERA5-Land · GEE 1–15 ago 2026 vs 1991–2020 · matriz graduada V0.5
ELNINO_0069,BOLÍVAR,Centro Tuluá,Rural,BETANIA,MANANTIALES DE BETANIA MABE,420,1.5,21.16,21.53,49.8,1.48,1,1,2,P2,CHIRPS + ERA5-Land · GEE 1–15 ago 2026 vs 1991–2020 · matriz graduada V0.5
ELNINO_0070,BOLÍVAR,Centro Tuluá,Urbano,"URBANO, SAN FERNANDO, SAN ANTONIO DE GUARE, PLAZA VIEJA",SOCIEDAD DE ACUEDUCTOS Y ALCANTARILLADOS DEL VALLE DEL CAUCA S.A. E.S.P. ACUAVALLE S.A. E.S.P. - BOLIVAR,8240,20.0,10.41,20.11,28.4,1.22,2,1,3,P1,CHIRPS + ERA5-Land · GEE 1–15 ago 2026 vs 1991–2020 · matriz graduada V0.5
ELNINO_0072,BUGALAGRANDE,Centro Tuluá,Rural,ESMERALDA ALTA,ACUEDUCTO RURAL ESMERALDA ALTA,108,6.0,8.06,20.04,26.2,1.45,2,1,3,P1,CHIRPS + ERA5-Land · GEE 1–15 ago 2026 vs 1991–2020 · matriz graduada V0.5
ELNINO_0074,BUGALAGRANDE,Centro Tuluá,Rural,GALICIA,ASOCIACION AGUAS DE GALICIA,1320,7.0,9.27,20.04,27.4,0.97,2,0,2,P2,CHIRPS + ERA5-Land · GEE 1–15 ago 2026 vs 1991–2020 · matriz graduada V0.5
ELNINO_0076,BUGALAGRANDE,Centro Tuluá,Rural,ALMENDRONAL,ASOCIACION DE USUARIOS DE ALMENDRONAL,52,4.0,8.06,20.04,26.2,1.45,2,1,3,P1,CHIRPS + ERA5-Land · GEE 1–15 ago 2026 vs 1991–2020 · matriz graduada V0.5
ELNINO_0077,BUGALAGRANDE,Centro Tuluá,Rural,CEILÁN,ASOCIACION DE USUARIOS DE LOS SERVICIOS PUBLICOS DEL CORREGIMIENTO DE CEILAN,3296,8.0,7.13,20.04,22.9,1.15,2,1,3,P1,CHIRPS + ERA5-Land · GEE 1–15 ago 2026 vs 1991–2020 · matriz graduada V0.5
ELNINO_0467,BUGALAGRANDE,Centro Tuluá,Rural,CAMPOALEGRE BAJO,ASOCIACION DE USUARIOS DEL ACUEDUCTO DE CAMPO ALEGRE DE CEYLAN,120,,7.61,20.94,21.0,0.97,2,0,2,P2,CHIRPS + ERA5-Land · GEE 1–15 ago 2026 vs 1991–2020 · matriz graduada V0.5
ELNINO_0079,BUGALAGRANDE,Centro Tuluá,Rural,SAN ISIDRO,ASOCIACION DE USUARIOS DEL ACUEDUCTO DE LA VEREDA SAN ISIDRO - ASUASANIS,424,5.0,7.13,20.04,22.9,1.15,2,1,3,P1,CHIRPS + ERA5-Land · GEE 1–15 ago 2026 vs 1991–2020 · matriz graduada V0.5
ELNINO_0080,BUGALAGRANDE,Centro Tuluá,Rural,PAILA ARRIBA,ASOCIACION DE USUARIOS DEL ACUEDUCTO DE PAILA ARRIBA,800,4.0,8.73,20.94,25.4,0.94,2,0,2,P2,CHIRPS + ERA5-Land · GEE 1–15 ago 2026 vs 1991–2020 · matriz graduada V0.5
ELNINO_0081,BUGALAGRANDE,Centro Tuluá,Rural,CHORRERAS,ASOCIACION DE USUARIOS DEL ACUEDUCTO DEL CORREGIMIENTO DE CHORRERAS MUNICIPIO DE BUGALAGRANDE - ASUACH,280,1.0,4.17,18.02,15.5,1.21,2,1,3,P1,CHIRPS + ERA5-Land · GEE 1–15 ago 2026 vs 1991–2020 · matriz graduada V0.5
ELNINO_0015,BUGALAGRANDE,Centro Tuluá,Rural,LA COLONIA,ASOCIACION DE USUARIOS DEL ACUEDUCTO LA COLONIA,168,6.0,7.13,20.04,22.9,1.15,2,1,3,P1,CHIRPS + ERA5-Land · GEE 1–15 ago 2026 vs 1991–2020 · matriz graduada V0.5
ELNINO_0078,BUGALAGRANDE,Centro Tuluá,Rural,CHICORAL ALTO,ASOCIACION DE USUARIOS DEL ACUEDUCTO RURAL COMUNITARIO DE LAS VEREDAS CHICORAL Y EL PORVENIR - ASUACHIJAPOR,88,,9.6,20.94,28.7,1.03,2,1,3,P1,CHIRPS + ERA5-Land · GEE 1–15 ago 2026 vs 1991–2020 · matriz graduada V0.5
ELNINO_0079,BUGALAGRANDE,Centro Tuluá,Rural,EL PORVENIR,ASOCIACION DE USUARIOS DEL ACUEDUCTO RURAL COMUNITARIO DE LAS VEREDAS CHICORAL Y EL PORVENIR - ASUACHIJAPOR,72,,8.19,20.04,23.9,0.94,2,0,2,P2,CHIRPS + ERA5-Land · GEE 1–15 ago 2026 vs 1991–2020 · matriz graduada V0.5
ELNINO_0080,BUGALAGRANDE,Centro Tuluá,Rural,EL JARDIN,ASOCIACION DE USUARIOS DEL ACUEDUCTO RURAL COMUNITARIO DE LAS VEREDAS CHICORAL Y EL PORVENIR - ASUACHIJAPOR,88,,8.19,20.04,23.9,0.94,2,0,2,P2,CHIRPS + ERA5-Land · GEE 1–15 ago 2026 vs 1991–2020 · matriz graduada V0.5
ELNINO_0081,BUGALAGRANDE,Centro Tuluá,Rural,CHICORAL BAJO,ASOCIACION DE USUARIOS DEL ACUEDUCTO RURAL COMUNITARIO DE LAS VEREDAS CHICORAL Y EL PORVENIR - ASUACHIJAPOR,72,,8.19,20.04,23.9,0.94,2,0,2,P2,CHIRPS + ERA5-Land · GEE 1–15 ago 2026 vs 1991–2020 · matriz graduada V0.5
ELNINO_0087,BUGALAGRANDE,Centro Tuluá,Rural,TETILLAL,ASOCIACION DE USUARIOS DEL ACUEDUCTO RURAL DE LA VEREDA TETILLAL BAJO,52,6.0,9.27,20.04,27.4,0.97,2,0,2,P2,CHIRPS + ERA5-Land · GEE 1–15 ago 2026 vs 1991–2020 · matriz graduada V0.5
ELNINO_0088,BUGALAGRANDE,Centro Tuluá,Rural,MESTIZAL,ASOCIACION DE USUARIOS DEL SERVICIO DE AGUA POTABLE DEL ACUEDUCTO Y ALCANTARILLADO DE MESTIZAL,520,4.0,13.47,20.6,34.5,1.5,1,1,2,P2,CHIRPS + ERA5-Land · GEE 1–15 ago 2026 vs 1991–2020 · matriz graduada V0.5
ELNINO_0089,BUGALAGRANDE,Centro Tuluá,Rural,EL GUAYABO,ASOCIACION DE USUARIOS DEL SERVICIO DE AGUA POTABLE Y ALCANTARILLADO DE EL GUAYABO,368,,13.47,20.6,34.5,1.5,1,1,2,P2,CHIRPS + ERA5-Land · GEE 1–15 ago 2026 vs 1991–2020 · matriz graduada V0.5
ELNINO_0090,BUGALAGRANDE,Centro Tuluá,Rural,SAN ANTONIO,ASOCIACION DE USUARIOS DEL SERVICIO DE AGUA POTABLE Y ALCANTARILLADO DE SAN ANTONIO,520,,10.97,19.26,28.3,1.5,2,1,3,P1,CHIRPS + ERA5-Land · GEE 1–15 ago 2026 vs 1991–2020 · matriz graduada V0.5
ELNINO_0016,BUGALAGRANDE,Centro Tuluá,Rural,ALTO BONITO,DISTRITO DE RIEGO ASODIS ALTO BONITO,640,40.0,7.13,20.04,22.9,1.15,2,1,3,P1,CHIRPS + ERA5-Land · GEE 1–15 ago 2026 vs 1991–2020 · matriz graduada V0.5
ELNINO_0092,BUGALAGRANDE,Centro Tuluá,Rural,LA MORENA,JUNTA ADMINISTRADORA ACUEDUCTO LA MORENA,88,6.0,8.06,20.04,26.2,1.45,2,1,3,P1,CHIRPS + ERA5-Land · GEE 1–15 ago 2026 vs 1991–2020 · matriz graduada V0.5
ELNINO_0093,BUGALAGRANDE,Centro Tuluá,Urbano,"URBANO, EL OVERO, URIBE URIBE",SOCIEDAD DE ACUEDUCTOS Y ALCANTARILLADOS DEL VALLE DEL CAUCA S.A. E.S.P. ACUAVALLE S.A. E.S.P.-BUGALAGRANDE,18800,117.0,13.47,20.6,34.5,1.5,1,1,2,P2,CHIRPS + ERA5-Land · GEE 1–15 ago 2026 vs 1991–2020 · matriz graduada V0.5
ELNINO_0094,CAICEDONIA,Centro Tuluá,Rural,QUINCE LETRAS,ACUEDUCTO QUINCE LETRAS,28,1.0,5.09,20.43,18.1,1.21,2,1,3,P1,CHIRPS + ERA5-Land · GEE 1–15 ago 2026 vs 1991–2020 · matriz graduada V0.5
ELNINO_0095,CAICEDONIA,Centro Tuluá,Rural,CAMPO AZUL,ACUEDUCTO RURAL CAMPO AZUL,52,,5.31,20.43,19.7,1.32,2,1,3,P1,CHIRPS + ERA5-Land · GEE 1–15 ago 2026 vs 1991–2020 · matriz graduada V0.5
ELNINO_0096,CAICEDONIA,Centro Tuluá,Rural,SAN ISIDRO,ACUEDUCTOS AGUAS DE SAN ISIDRO,108,0.32,10.58,21.13,32.1,1.36,1,1,2,P2,CHIRPS + ERA5-Land · GEE 1–15 ago 2026 vs 1991–2020 · matriz graduada V0.5
ELNINO_0097,CAICEDONIA,Centro Tuluá,Rural,"LA RIVERA,LA TESALIA",ASOCIACION COMUNITARIA ACUEDUCTO LA RIVERA-LA TESALIA,88,,8.06,21.13,26.2,1.32,2,1,3,P1,CHIRPS + ERA5-Land · GEE 1–15 ago 2026 vs 1991–2020 · matriz graduada V0.5
ELNINO_0098,CAICEDONIA,Centro Tuluá,Rural,"LA RIVERA ,LA LEONA",ASOCIACION COMUNITARIA ADMINISTRADORA ACUEDUCTO LA RIVERA -LA LEONA,100,0.33,4.97,20.96,17.3,1.32,2,1,3,P1,CHIRPS + ERA5-Land · GEE 1–15 ago 2026 vs 1991–2020 · matriz graduada V0.5
ELNINO_0099,CAICEDONIA,Centro Tuluá,Rural,BARRAGÁN,"ASOCIACION DE USUARIOS ACUEDUCTO BARRAGAN BAJO ""ASODEABA""",648,1.6,4.97,20.96,17.3,1.32,2,1,3,P1,CHIRPS + ERA5-Land · GEE 1–15 ago 2026 vs 1991–2020 · matriz graduada V0.5
ELNINO_0100,CAICEDONIA,Centro Tuluá,Rural,"FRONTINO, QUIEBRA Y CRUCERO","ASOCIACION DE USUARIOS ACUEDUCTO DE FRONTINO, QUIEBRA Y CRUCERO",360,1.5,8.06,20.43,26.8,1.55,2,2,4,P1,CHIRPS + ERA5-Land · GEE 1–15 ago 2026 vs 1991–2020 · matriz graduada V0.5
ELNINO_0101,CAICEDONIA,Centro Tuluá,Rural,LA SUIZA,ASOCIACION DE USUARIOS ACUEDUCTO LA SUIZA,180,2.5,8.06,20.43,26.8,1.55,2,2,4,P1,CHIRPS + ERA5-Land · GEE 1–15 ago 2026 vs 1991–2020 · matriz graduada V0.5
ELNINO_0102,CAICEDONIA,Centro Tuluá,Rural,KARARE,ASOCIACION DE USUARIOS DE KARARE ASUKAR,180,3.0,10.58,21.13,32.1,1.36,1,1,2,P2,CHIRPS + ERA5-Land · GEE 1–15 ago 2026 vs 1991–2020 · matriz graduada V0.5
ELNINO_0103,CAICEDONIA,Centro Tuluá,Rural,SAN GERARDO,ASOCIACION DE USUARIOS DEL ACUEDUCTO DE LA VEREDA SAN GERARDO DE CAICEDONIA,108,3.0,5.31,20.43,19.7,1.32,2,1,3,P1,CHIRPS + ERA5-Land · GEE 1–15 ago 2026 vs 1991–2020 · matriz graduada V0.5
ELNINO_0104,CAICEDONIA,Centro Tuluá,Rural,"SAMARIA , BOLIVIA",ASOCIACION DE USUARIOS DEL ACUEDUCTO DE SAMARIA-BOLIVIA,96,2.0,8.06,20.43,26.8,1.55,2,2,4,P1,CHIRPS + ERA5-Land · GEE 1–15 ago 2026 vs 1991–2020 · matriz graduada V0.5
ELNINO_0105,CAICEDONIA,Centro Tuluá,Rural,EL SALADO,ASOCIACION DE USUARIOS DEL ACUEDUCTO RURAL PALOGRANDE EL SALADO,84,1.0,5.31,20.43,19.7,1.32,2,1,3,P1,CHIRPS + ERA5-Land · GEE 1–15 ago 2026 vs 1991–2020 · matriz graduada V0.5
ELNINO_0106,CAICEDONIA,Centro Tuluá,Rural,SAMARIA,ASOCIACION DE USUARIOS DEL ACUEDUCTO SAMARIA,560,7.5,8.06,20.43,26.8,1.55,2,2,4,P1,CHIRPS + ERA5-Land · GEE 1–15 ago 2026 vs 1991–2020 · matriz graduada V0.5
ELNINO_0107,CAICEDONIA,Centro Tuluá,Rural,VILLA AURES,ASOCIACION DE USUARIOS DEL ACUEDUCTO VEREDAL VILLA AURES-DABEIBA,364,3.0,5.09,20.43,18.1,1.21,2,1,3,P1,CHIRPS + ERA5-Land · GEE 1–15 ago 2026 vs 1991–2020 · matriz graduada V0.5
ELNINO_0108,CAICEDONIA,Centro Tuluá,Rural,LAS DELICIAS,ASOCIACION DE USUARIOS DELACUEDUCTO LAS DELICIAS DE CAICEDONIA,100,1.0,8.06,21.13,26.2,1.32,2,1,3,P1,CHIRPS + ERA5-Land · GEE 1–15 ago 2026 vs 1991–2020 · matriz graduada V0.5
ELNINO_0109,CAICEDONIA,Centro Tuluá,Rural,BURILA,JUNTA ACCION COMUNAL VEREDA BURILA,52,1.0,5.31,20.43,19.7,1.32,2,1,3,P1,CHIRPS + ERA5-Land · GEE 1–15 ago 2026 vs 1991–2020 · matriz graduada V0.5
ELNINO_0110,CAICEDONIA,Centro Tuluá,Rural,LA DELFINA,JUNTA ACUEDUCTO LA DELFINA,32,1.0,8.06,21.13,26.2,1.32,2,1,3,P1,CHIRPS + ERA5-Land · GEE 1–15 ago 2026 vs 1991–2020 · matriz graduada V0.5
ELNINO_0111,CAICEDONIA,Centro Tuluá,Rural,LA PAVA,JUNTA ADMINISTRADORA ACUEDUCTO LA PAVA,64,2.1,5.31,20.43,19.7,1.32,2,1,3,P1,CHIRPS + ERA5-Land · GEE 1–15 ago 2026 vs 1991–2020 · matriz graduada V0.5
ELNINO_0112,CAICEDONIA,Centro Tuluá,Rural,EL PARAISO,JUNTA ADMINISTRADORA DEL ACUEDUCTO EL PARAISO,56,1.0,5.09,20.43,18.1,1.21,2,1,3,P1,CHIRPS + ERA5-Land · GEE 1–15 ago 2026 vs 1991–2020 · matriz graduada V0.5
ELNINO_0113,CAICEDONIA,Centro Tuluá,Rural,PUERTO RICO,JUNTA ADMINISTRADORA DEL ACUEDUCTO RURAL PUERTO RICO,64,2.0,5.31,20.43,19.7,1.32,2,1,3,P1,CHIRPS + ERA5-Land · GEE 1–15 ago 2026 vs 1991–2020 · matriz graduada V0.5
ELNINO_0114,CAICEDONIA,Centro Tuluá,Rural,LIMONES,JUNTA DE ACCION COMUNAL VEREDA LIMONES,36,1.0,8.06,21.13,26.2,1.32,2,1,3,P1,CHIRPS + ERA5-Land · GEE 1–15 ago 2026 vs 1991–2020 · matriz graduada V0.5
ELNINO_0115,CAICEDONIA,Centro Tuluá,Rural,BARRAGAN ALTO,JUNTA DEL ACUEDUCTO BARRAGAN ALTO ASUABAL,340,1.0,4.17,18.02,15.5,1.21,2,1,3,P1,CHIRPS + ERA5-Land · GEE 1–15 ago 2026 vs 1991–2020 · matriz graduada V0.5
ELNINO_0116,CAICEDONIA,Centro Tuluá,Urbano,URBANO,SOCIEDAD DE ACUEDUCTOS Y ALCANTARILLADOS DEL VALLE DEL CAUCA S.A. E.S.P. ACUAVALLE S.A. E.S.P.-CAICEDONIA,30108,150.0,8.06,21.13,26.2,1.32,2,1,3,P1,CHIRPS + ERA5-Land · GEE 1–15 ago 2026 vs 1991–2020 · matriz graduada V0.5
ELNINO_0117,CALIMA,Centro Tuluá,Rural,DIAMANTE,ACUADIAMANTE,480,1.5,12.74,17.61,29.5,1.0,2,0,2,P2,CHIRPS + ERA5-Land · GEE 1–15 ago 2026 vs 1991–2020 · matriz graduada V0.5
ELNINO_0118,CALIMA,Centro Tuluá,Rural,FLORIDA ALTA,ACUAFLORIDA ALTA,300,3.5,11.39,16.07,27.7,0.57,2,0,2,P2,CHIRPS + ERA5-Land · GEE 1–15 ago 2026 vs 1991–2020 · matriz graduada V0.5
ELNINO_0120,CALIMA,Centro Tuluá,Rural,LA PRIMAVERA,ACUASALUD LA PRIMAVERA,124,1.0,14.25,16.07,32.8,1.13,1,1,2,P2,CHIRPS + ERA5-Land · GEE 1–15 ago 2026 vs 1991–2020 · matriz graduada V0.5
ELNINO_0121,CALIMA,Centro Tuluá,Rural,PARCELACION AGUA DULCE,ACUEDUCTO PARCELACION AGUA DULCE,140,4.0,13.67,16.07,29.4,1.23,2,1,3,P1,CHIRPS + ERA5-Land · GEE 1–15 ago 2026 vs 1991–2020 · matriz graduada V0.5
ELNINO_0122,CALIMA,Centro Tuluá,Rural,LA CRISTALINA,ACUEDUCTO LA CRISTALINA,168,4.0,13.67,16.07,29.4,1.23,2,1,3,P1,CHIRPS + ERA5-Land · GEE 1–15 ago 2026 vs 1991–2020 · matriz graduada V0.5
ELNINO_0123,CALIMA,Centro Tuluá,Rural,LA HOLANDA,ACUEDUCTO PARCELACION LA HOLANDA,80,0.5,9.75,18.11,27.1,1.13,2,1,3,P1,CHIRPS + ERA5-Land · GEE 1–15 ago 2026 vs 1991–2020 · matriz graduada V0.5
ELNINO_0124,CALIMA,Centro Tuluá,Rural,LA FLORIDA BAJA,ACUEDUCTO RURAL ACUAFLORIDA BAJA,120,1.0,11.39,16.07,27.7,0.57,2,0,2,P2,CHIRPS + ERA5-Land · GEE 1–15 ago 2026 vs 1991–2020 · matriz graduada V0.5
ELNINO_0447,CALIMA,Centro Tuluá,Rural,LA GAVIOTA,ACUEDUCTO RURAL LA GAVIOTA ALTA - ACUAGAVIOTA,256,3.0,11.39,16.07,27.7,0.57,2,0,2,P2,CHIRPS + ERA5-Land · GEE 1–15 ago 2026 vs 1991–2020 · matriz graduada V0.5
ELNINO_0127,CALIMA,Centro Tuluá,Rural,LA GAVIOTA BAJO,ACUEDUCTO RURAL LA GAVIOTA BAJA - ACUAGAVIOTA,308,1.4,11.39,16.07,27.7,0.57,2,0,2,P2,CHIRPS + ERA5-Land · GEE 1–15 ago 2026 vs 1991–2020 · matriz graduada V0.5
ELNINO_0128,CALIMA,Centro Tuluá,Rural,"LA GAVIOTA BELLAVISTA , EL MIRADOR",ASOCIACION DE ACUEDUCTO RURAL DE BELLA VISTA,104,1.0,11.39,16.07,27.7,0.57,2,0,2,P2,CHIRPS + ERA5-Land · GEE 1–15 ago 2026 vs 1991–2020 · matriz graduada V0.5
ELNINO_0129,CALIMA,Centro Tuluá,Rural,LA UNION,ASOCIACION DE USUARIOS DEL ACUEDUCTO DE LA UNION,280,2.0,13.67,16.07,29.4,1.23,2,1,3,P1,CHIRPS + ERA5-Land · GEE 1–15 ago 2026 vs 1991–2020 · matriz graduada V0.5
ELNINO_0130,CALIMA,Centro Tuluá,Rural,LA GAVIOTA BAJO,ASOCIACION DE USUARIOS DEL ACUEDUCTO VEREDAL LA LOMITA BAJO GAVIOTA,64,1.0,11.39,16.07,27.7,0.57,2,0,2,P2,CHIRPS + ERA5-Land · GEE 1–15 ago 2026 vs 1991–2020 · matriz graduada V0.5
ELNINO_0132,CALIMA,Centro Tuluá,Rural,ALTO BOLEO,JAC ALTO BOLEO,112,1.0,13.67,16.07,29.4,1.23,2,1,3,P1,CHIRPS + ERA5-Land · GEE 1–15 ago 2026 vs 1991–2020 · matriz graduada V0.5
ELNINO_0134,CALIMA,Centro Tuluá,Rural,BAJO BOLEO,JUNTA ADMINISTRADORA DEL ACUEDUCTO VEREDA BAJO BOLEO,212,2.0,13.67,16.07,29.4,1.23,2,1,3,P1,CHIRPS + ERA5-Land · GEE 1–15 ago 2026 vs 1991–2020 · matriz graduada V0.5
ELNINO_0135,CALIMA,Centro Tuluá,Rural,PARCELACION REFUGIOS DE CALIMA,PARCELACIÓN LOS REFUGIOS DE CALIMA,372,,14.25,16.07,32.8,1.13,1,1,2,P2,CHIRPS + ERA5-Land · GEE 1–15 ago 2026 vs 1991–2020 · matriz graduada V0.5
ELNINO_0136,CALIMA,Centro Tuluá,Rural,LA ITALIA,ACUEDUCTO VEREDA LA ITALIA,140,3.0,11.39,16.07,27.7,0.57,2,0,2,P2,CHIRPS + ERA5-Land · GEE 1–15 ago 2026 vs 1991–2020 · matriz graduada V0.5
ELNINO_0137,CALIMA,Centro Tuluá,Rural,JIGUALES,ASOCIACION DE USUARIOS DEL ACUEDUCTO VEREDA EL GUADUAL JIGUALES - ACUAJIGUALES,80,2.0,14.25,16.07,32.8,1.13,1,1,2,P2,CHIRPS + ERA5-Land · GEE 1–15 ago 2026 vs 1991–2020 · matriz graduada V0.5
ELNINO_0139,CALIMA,Centro Tuluá,Rural,BELLAVISTA,ASOCIACION DEL ACUEDUCTO RURAL DE BELLAVISTA ALTO,32,1.0,11.39,16.07,27.7,0.57,2,0,2,P2,CHIRPS + ERA5-Land · GEE 1–15 ago 2026 vs 1991–2020 · matriz graduada V0.5
ELNINO_0301,CALIMA,Centro Tuluá,Rural,LA GUAIRA,JUNTA DE ACUEDUCTO LA GUAIRA,32,2.0,13.37,15.35,31.1,0.57,1,0,1,P3,CHIRPS + ERA5-Land · GEE 1–15 ago 2026 vs 1991–2020 · matriz graduada V0.5
ELNINO_0142,CALIMA,Centro Tuluá,Rural,PARCELACION LA CLARITA,ACUEDUCTO PARCELACION LA CLARITA,64,2.0,14.25,16.07,32.8,1.13,1,1,2,P2,CHIRPS + ERA5-Land · GEE 1–15 ago 2026 vs 1991–2020 · matriz graduada V0.5
ELNINO_0143,CALIMA,Centro Tuluá,Rural,SANTA ELENA,ASOCIACION COMUNITARIA DEL ACUEDUCTO DE LA VEREDA SANTA ELENA MUNICIPIO DE CALIMA,212,,14.25,16.07,32.8,1.13,1,1,2,P2,CHIRPS + ERA5-Land · GEE 1–15 ago 2026 vs 1991–2020 · matriz graduada V0.5
ELNINO_0144,CALIMA,Centro Tuluá,Rural,PARCELACION NORUEGA,ACUEDUCTO PARCELACION NORUEGA,100,3.0,9.75,18.11,27.1,1.13,2,1,3,P1,CHIRPS + ERA5-Land · GEE 1–15 ago 2026 vs 1991–2020 · matriz graduada V0.5
ELNINO_0091,CALIMA,Centro Tuluá,Rural,EL MIRADOR,ASOCIACION COMUNITARIA ADMINISTRADORA DEL ACUEDUCTO DE LA VEREDA DE EL MIRADOR,380,2.5,11.39,16.07,27.7,0.57,2,0,2,P2,CHIRPS + ERA5-Land · GEE 1–15 ago 2026 vs 1991–2020 · matriz graduada V0.5
ELNINO_0146,CALIMA,Centro Tuluá,Rural,SAN JOSE,ASOCIACION JUNTA ADMINISTRADORA ACUEDUCTO VEREDA SAN JOSE,332,4.0,14.25,16.07,32.8,1.13,1,1,2,P2,CHIRPS + ERA5-Land · GEE 1–15 ago 2026 vs 1991–2020 · matriz graduada V0.5
ELNINO_0147,CALIMA,Centro Tuluá,Rural,EL REMOLINO BAJO,CONDOMINIO CAMPESTRE VEGAS DEL CALIMA,240,1.5,14.25,16.07,32.8,1.13,1,1,2,P2,CHIRPS + ERA5-Land · GEE 1–15 ago 2026 vs 1991–2020 · matriz graduada V0.5
ELNINO_0148,CALIMA,Centro Tuluá,Urbano,URBANO,EMCALIMA ESP,16516,53.0,14.25,16.07,32.8,1.13,1,1,2,P2,CHIRPS + ERA5-Land · GEE 1–15 ago 2026 vs 1991–2020 · matriz graduada V0.5
ELNINO_0149,CALIMA,Centro Tuluá,Urbano,URBANO,EMCALIMA ESP - CIUDADELA,3200,5.0,14.25,16.07,32.8,1.13,1,1,2,P2,CHIRPS + ERA5-Land · GEE 1–15 ago 2026 vs 1991–2020 · matriz graduada V0.5
ELNINO_0150,CALIMA,Centro Tuluá,Rural,PARCELACION PINOS 1,PARCELACION PINOS 1,200,,9.75,18.11,27.1,1.13,2,1,3,P1,CHIRPS + ERA5-Land · GEE 1–15 ago 2026 vs 1991–2020 · matriz graduada V0.5
ELNINO_0151,DAGUA,Sur Cali,Rural,EL COGOLLO,ACUEDUCTO COMUNITARIO EL COGOLLO-ACUECOGOLLO,168,,18.47,21.01,41.2,1.96,1,2,3,P1,CHIRPS + ERA5-Land · GEE 1–15 ago 2026 vs 1991–2020 · matriz graduada V0.5
ELNINO_0152,DAGUA,Sur Cali,Rural,PROVIDENCIA,ACUEDUCTO COMUNITARIO PROVIDENCIA SECTOR LA ESTRELLA - ACUAESTRELLA,196,1.0,18.47,21.01,41.2,1.96,1,2,3,P1,CHIRPS + ERA5-Land · GEE 1–15 ago 2026 vs 1991–2020 · matriz graduada V0.5
ELNINO_0153,DAGUA,Sur Cali,Rural,SAN BERNARDO,ACUEDUCTO COMUNITARIO SAN BERNARDO,620,3.0,13.31,19.17,38.2,1.34,1,1,2,P2,CHIRPS + ERA5-Land · GEE 1–15 ago 2026 vs 1991–2020 · matriz graduada V0.5
ELNINO_0154,DAGUA,Sur Cali,Rural,CISNEROS LIMITES,ACUEDUCTO DE CISNEROS,600,5.0,31.66,21.99,39.2,1.48,1,1,2,P2,CHIRPS + ERA5-Land · GEE 1–15 ago 2026 vs 1991–2020 · matriz graduada V0.5
ELNINO_0155,DAGUA,Sur Cali,Rural,"PARCELACION ASOFLORESTA , EL VERGEL",ACUEDUCTO PARCELACION CAMPESTRE ASOFLORESTA,480,2.0,10.31,20.59,41.6,2.11,1,2,3,P1,CHIRPS + ERA5-Land · GEE 1–15 ago 2026 vs 1991–2020 · matriz graduada V0.5
ELNINO_0156,DAGUA,Sur Cali,Rural,CONDOMINIO EL BOSQUE,ACUEDUCTO PARCELACION EL BOSQUE,720,3.0,12.85,20.59,38.4,1.55,1,2,3,P1,CHIRPS + ERA5-Land · GEE 1–15 ago 2026 vs 1991–2020 · matriz graduada V0.5
ELNINO_0157,DAGUA,Sur Cali,Rural,ZABALETAS,ACUEDUCTO ZABALETAS,1008,4.0,16.49,20.89,39.5,1.14,1,1,2,P2,CHIRPS + ERA5-Land · GEE 1–15 ago 2026 vs 1991–2020 · matriz graduada V0.5
ELNINO_0158,DAGUA,Sur Cali,Rural,"SENDO,TIGRE",ASOCIACION ACUEDUCTO RURAL COMUNITARIO SENDO - TIGRE - AACTISE,1020,8.0,12.75,20.59,37.0,1.34,1,1,2,P2,CHIRPS + ERA5-Land · GEE 1–15 ago 2026 vs 1991–2020 · matriz graduada V0.5
ELNINO_0168,DAGUA,Sur Cali,Rural,ATUNCELA,ASOCIACION AGUA VIGIA CORREGIMIENTO DE ATUNCELA MUNICIPIO DE DAGUA VALLE DEL CAUCA EN LIQUIDACION,64,1.0,19.08,20.94,41.1,1.96,1,2,3,P1,CHIRPS + ERA5-Land · GEE 1–15 ago 2026 vs 1991–2020 · matriz graduada V0.5
ELNINO_0160,DAGUA,Sur Cali,Rural,SANTA MARIA PARTE ALTA,ASOCIACION COMUNITARIA ADMINISTRADORA DEL ACUEDUCTO DE LA LOCALIDAD DE SANTA MARIA - ACOACEDRO,532,5.0,16.87,21.01,42.4,1.55,1,2,3,P1,CHIRPS + ERA5-Land · GEE 1–15 ago 2026 vs 1991–2020 · matriz graduada V0.5
ELNINO_0161,DAGUA,Sur Cali,Rural,SAN MIGUEL,ASOCIACION COMUNITARIA ADMINISTRADORA DEL ACUEDUCTO DE SAN MIGUEL - ACUAMIGUEL,280,1.0,10.55,20.59,42.4,1.27,1,1,2,P2,CHIRPS + ERA5-Land · GEE 1–15 ago 2026 vs 1991–2020 · matriz graduada V0.5
ELNINO_0162,DAGUA,Sur Cali,Rural,BORRERO AYERBE (CHIPRE),"ASOCIACION COMUNITARIA DE ACUEDUCTO DE CHIPRE, ASOCHIPRE",140,4.0,10.31,20.59,41.6,2.11,1,2,3,P1,CHIRPS + ERA5-Land · GEE 1–15 ago 2026 vs 1991–2020 · matriz graduada V0.5
ELNINO_0163,DAGUA,Sur Cali,Rural,"BORRERO AYERBE (KM26,KM27,KM28,KM29)",ASOCIACION COMUNITARIA DEL ACUEDUCTO ACUACLOR - ACUACLOR,1004,4.0,10.31,20.59,41.6,2.11,1,2,3,P1,CHIRPS + ERA5-Land · GEE 1–15 ago 2026 vs 1991–2020 · matriz graduada V0.5
ELNINO_0164,DAGUA,Sur Cali,Rural,PARCELACION MONTERRICO,ASOCIACION DE PROPIETARIOS PARCELACION MONTERRICO,700,1.0,10.55,20.59,42.4,1.27,1,1,2,P2,CHIRPS + ERA5-Land · GEE 1–15 ago 2026 vs 1991–2020 · matriz graduada V0.5
ELNINO_0165,DAGUA,Sur Cali,Rural,EL AGUACATE,ASOCIACION DE SUSCRIPTORES DEL ACUEDUCTO COMUNAL VEREDA EL AGUACATE - ASUAGUACATE,248,,16.31,20.8,42.6,1.55,1,2,3,P1,CHIRPS + ERA5-Land · GEE 1–15 ago 2026 vs 1991–2020 · matriz graduada V0.5
ELNINO_0166,DAGUA,Sur Cali,Rural,"PARCELACION LA SUIZA, SAN JOSE DEL SALADO.",ASOCIACION DE SUSCRIPTORES DEL ACUEDUCTO LA SUIZA - SUAS. PARCELACION LA SUIZA,80,0.25,16.31,20.8,42.6,1.55,1,2,3,P1,CHIRPS + ERA5-Land · GEE 1–15 ago 2026 vs 1991–2020 · matriz graduada V0.5
ELNINO_0580,DAGUA,Sur Cali,Rural,SAN JOAQUIN,ASOCIACION DE SUSCRIPTORES DEL SERVICIO DE ACUEDUCTO SAN JOAQUIN-ASOSANJOAQUIN,88,2.0,16.88,21.06,43.6,1.96,1,2,3,P1,CHIRPS + ERA5-Land · GEE 1–15 ago 2026 vs 1991–2020 · matriz graduada V0.5
ELNINO_0466,DAGUA,Sur Cali,Rural,SAN VICENTE,ASOCIACION DE SUSCRIPTORES DEL SERVICIO DE ACUEDUCTO SAN VICENTE-AGUASANVICENTE,180,0.5,16.88,21.06,43.6,1.96,1,2,3,P1,CHIRPS + ERA5-Land · GEE 1–15 ago 2026 vs 1991–2020 · matriz graduada V0.5
ELNINO_0169,DAGUA,Sur Cali,Rural,EL VERGEL,ASOCIACION DE SUSCRIPTORES DEL SERVICIO DE AGUA EL VERGEL - AUVA E.S.P.,768,2.11,10.31,20.59,41.6,2.11,1,2,3,P1,CHIRPS + ERA5-Land · GEE 1–15 ago 2026 vs 1991–2020 · matriz graduada V0.5
ELNINO_0287,DAGUA,Sur Cali,Rural,LOBOGUERRERO,ASOCIACION DE USUARIOS ACUEDUCTO LOBOGUERRERO,2760,10.9,20.39,20.94,40.2,1.38,1,1,2,P2,CHIRPS + ERA5-Land · GEE 1–15 ago 2026 vs 1991–2020 · matriz graduada V0.5
ELNINO_0171,DAGUA,Sur Cali,Rural,"LOS COLORADOS, VILLA DEL CARMEN","ASOCIACION DE USUARIOS ACUEDUCTO LOS COLORADOS CORREGIMIENTO BORRERO AYERBE MUNICIPIO DE DAGUA, VALLE DEL CAUCA ASOCOLORADOS",100,2.0,10.31,20.59,41.6,2.11,1,2,3,P1,CHIRPS + ERA5-Land · GEE 1–15 ago 2026 vs 1991–2020 · matriz graduada V0.5
ELNINO_0172,DAGUA,Sur Cali,Rural,PUERTA DAGUA,ASOCIACION DE USUARIOS ACUEDUCTO PUERTA DAGUA RIO DAGUA E.S.P - RIO DAGUA E.S.P,312,3.5,19.08,20.94,41.1,1.96,1,2,3,P1,CHIRPS + ERA5-Land · GEE 1–15 ago 2026 vs 1991–2020 · matriz graduada V0.5
ELNINO_0173,DAGUA,Sur Cali,Rural,LA CLORINDA TANQUE 1,ASOCIACION DE USUARIOS ACUEDUCTO VEREDA LA CLORINDA,400,3.0,10.55,20.59,42.4,1.27,1,1,2,P2,CHIRPS + ERA5-Land · GEE 1–15 ago 2026 vs 1991–2020 · matriz graduada V0.5
ELNINO_0174,DAGUA,Sur Cali,Rural,TOCOTA,ASOCIACION DE USUARIOS DE ACUEDUCTO DE LA VEREDA TOCOTA - ASOTOCOTA,904,6.0,10.55,20.59,42.4,1.27,1,1,2,P2,CHIRPS + ERA5-Land · GEE 1–15 ago 2026 vs 1991–2020 · matriz graduada V0.5
ELNINO_0175,DAGUA,Sur Cali,Rural,LA VIRGEN,ASOCIACION DE USUARIOS DE ACUEDUCTO EL PALMARCITO DE LA VEREDA LA VIRGEN EN LIQUIDACION,68,1.0,10.64,21.06,40.7,2.11,1,2,3,P1,CHIRPS + ERA5-Land · GEE 1–15 ago 2026 vs 1991–2020 · matriz graduada V0.5
ELNINO_0176,DAGUA,Sur Cali,Rural,LAS DELICIAS,ASOCIACION DE USUARIOS DE ACUEDUCTO VEREDA LAS DELICIAS - ASAD ESP. ALTA,224,1.0,15.63,21.06,45.6,1.55,1,2,3,P1,CHIRPS + ERA5-Land · GEE 1–15 ago 2026 vs 1991–2020 · matriz graduada V0.5
ELNINO_0177,DAGUA,Sur Cali,Rural,LAS DELICIAS PARTE BAJA Y ALTA,ASOCIACION DE USUARIOS DE ACUEDUCTO VEREDA LAS DELICIAS - ASAD ESP. BAJA,160,2.0,15.63,21.06,45.6,1.55,1,2,3,P1,CHIRPS + ERA5-Land · GEE 1–15 ago 2026 vs 1991–2020 · matriz graduada V0.5
ELNINO_0178,DAGUA,Sur Cali,Rural,PUEBLO NUEVO,ASOCIACIÓN DE USUARIOS DE ACUEDUCTO Y SERVICIOS BÁSICOS PUEBLO NUEVO-A.U.AS.B,968,4.0,10.31,20.59,41.6,2.11,1,2,3,P1,CHIRPS + ERA5-Land · GEE 1–15 ago 2026 vs 1991–2020 · matriz graduada V0.5
ELNINO_0179,DAGUA,Sur Cali,Rural,LA CLEMENTINA,ASOCIACIÓN DE USUARIOS DEL ACUEDUCTO COMUNITARIO QUEBRADA LA CLEMENTINA,120,2.0,10.55,20.59,42.4,1.27,1,1,2,P2,CHIRPS + ERA5-Land · GEE 1–15 ago 2026 vs 1991–2020 · matriz graduada V0.5
ELNINO_0180,DAGUA,Sur Cali,Rural,CENTELLA PARTE BAJA,ASOCIACION DE USUARIOS DEL ACUEDUCTO DE LA VEREDA CENTELLA (BAJA) CRGT VILLAHERMOSA - DAGUA.,96,3.0,10.64,21.06,40.7,2.11,1,2,3,P1,CHIRPS + ERA5-Land · GEE 1–15 ago 2026 vs 1991–2020 · matriz graduada V0.5
ELNINO_0181,DAGUA,Sur Cali,Rural,SANTA MARIA PARTE BAJA,ASOCIACION DE USUARIOS DEL ACUEDUCTO DE SANTA MARIA PARTE BAJA - ASUASBA,380,5.0,16.87,21.01,42.4,1.55,1,2,3,P1,CHIRPS + ERA5-Land · GEE 1–15 ago 2026 vs 1991–2020 · matriz graduada V0.5
ELNINO_0182,DAGUA,Sur Cali,Rural,BORRERO AYERBE (KM 26),ASOCIACION DE USUARIOS DEL ACUEDUCTO PEÑA ALEGRIA KM 26 BORRERO AYERBE - ASUAPAL,720,2.0,10.31,20.59,41.6,2.11,1,2,3,P1,CHIRPS + ERA5-Land · GEE 1–15 ago 2026 vs 1991–2020 · matriz graduada V0.5
ELNINO_0230,DAGUA,Sur Cali,Rural,ATUNCELA,"ASOCIACION DE USUARIOS DEL ACUEDUCTO QUEBRADA LOS CHORROS, CORREGIMIENTO ATUNCELA, MUNICIPIO DE DAGUA",256,5.0,19.08,20.94,41.1,1.96,1,2,3,P1,CHIRPS + ERA5-Land · GEE 1–15 ago 2026 vs 1991–2020 · matriz graduada V0.5
ELNINO_0184,DAGUA,Sur Cali,Rural,MACHADO,ASOCIACION DE USUARIOS DEL ACUEDUCTO RURAL COLECTIVO DE LA VEREDA DE MACHADO,740,5.08,12.75,20.59,37.0,1.34,1,1,2,P2,CHIRPS + ERA5-Land · GEE 1–15 ago 2026 vs 1991–2020 · matriz graduada V0.5
ELNINO_0185,DAGUA,Sur Cali,Rural,VILLAHERMOSA,ASOCIACION DE USUARIOS DEL ACUEDUCTO RURAL VILLAHERMOSA-ACUEHERMOSA,600,15.0,19.08,20.94,41.1,1.96,1,2,3,P1,CHIRPS + ERA5-Land · GEE 1–15 ago 2026 vs 1991–2020 · matriz graduada V0.5
ELNINO_0186,DAGUA,Sur Cali,Rural,LA ROSITA,"ASOCIACION DE USUARIOS DEL ACUEDUCTO VEREDAL ""LA ROSITA E.S.P."" - ASO ACUEDUCTO",336,1.8,12.75,20.59,37.0,1.34,1,1,2,P2,CHIRPS + ERA5-Land · GEE 1–15 ago 2026 vs 1991–2020 · matriz graduada V0.5
ELNINO_0187,DAGUA,Sur Cali,Rural,LOMA ALTA LA BALASTRERA,ASOCIACION DE USUARIOS DEL SERVICIO DE ACUEDUCTO LA BALASTRERA - ACUEDUCTO LA BALASTRERA,208,0.5,10.55,20.59,42.4,1.27,1,1,2,P2,CHIRPS + ERA5-Land · GEE 1–15 ago 2026 vs 1991–2020 · matriz graduada V0.5
ELNINO_0188,DAGUA,Sur Cali,Rural,JIGUALES,"ASOCIACION DE USUARIOS DEL SERVICIO DE AGUA DE ACUEDUCTO DE JIGUALES, ACUAJI",1472,3.5,12.85,20.59,38.4,1.55,1,2,3,P1,CHIRPS + ERA5-Land · GEE 1–15 ago 2026 vs 1991–2020 · matriz graduada V0.5
ELNINO_0189,DAGUA,Sur Cali,Rural,LIMONAR,ASOCIACIÓN DE USUARIOS DEL SERVICIO DE AGUA POTABLE DEL LIMONAR MUNICIPIO DE DAGUA,548,4.5,16.87,21.01,42.4,1.55,1,2,3,P1,CHIRPS + ERA5-Land · GEE 1–15 ago 2026 vs 1991–2020 · matriz graduada V0.5
ELNINO_0190,DAGUA,Sur Cali,Rural,EL CHILCAL,ASOCIACION DE USUARIOS DEL SERVICIO DE AGUA POTABLE Y ALCANTARILLADO DE LA VEREDA EL CHILCAL,924,6.0,16.31,20.8,42.6,1.55,1,2,3,P1,CHIRPS + ERA5-Land · GEE 1–15 ago 2026 vs 1991–2020 · matriz graduada V0.5
ELNINO_0192,DAGUA,Sur Cali,Rural,LAS CAMELIAS,ASOCIACION DE USUARIOS DEL SERVICIO DE AGUA POTABLE Y ALCANTARILLADO DE LAS CAMELIAS - AUSAPACECS. - ALTA,1852,3.5,15.82,20.8,40.2,1.34,1,1,2,P2,CHIRPS + ERA5-Land · GEE 1–15 ago 2026 vs 1991–2020 · matriz graduada V0.5
ELNINO_0192,DAGUA,Sur Cali,Rural,LAS CAMELIAS,ASOCIACION DE USUARIOS DEL SERVICIO DE AGUA POTABLE Y ALCANTARILLADO DE LAS CAMELIAS - AUSAPACECS. - BAJA,1852,3.5,15.82,20.8,40.2,1.34,1,1,2,P2,CHIRPS + ERA5-Land · GEE 1–15 ago 2026 vs 1991–2020 · matriz graduada V0.5
ELNINO_0193,DAGUA,Sur Cali,Rural,"EL QUEREMAL, POTRERITO, ALTO SAN JUAN Y EL TIGRE.",ASOCIACION DE USUARIOS DEL SERVICIO DE AGUA POTABLE Y ALCANTARILLADO QUEREMAL ASUAQ,6680,23.0,15.82,20.8,40.2,1.34,1,1,2,P2,CHIRPS + ERA5-Land · GEE 1–15 ago 2026 vs 1991–2020 · matriz graduada V0.5
ELNINO_0194,DAGUA,Sur Cali,Rural,LAS CAMELIAS KM 95 ALTO,ASOCIACIÓN DE USUARIOS DEL SERVICIO DE AGUA Y ALCANTARILLADO SAN VICENTE KM 95 ALTO CAMELIAS CENTELL,880,5.0,15.63,21.06,45.6,1.55,1,2,3,P1,CHIRPS + ERA5-Land · GEE 1–15 ago 2026 vs 1991–2020 · matriz graduada V0.5
ELNINO_0195,DAGUA,Sur Cali,Rural,YERBABUENA,"ASOCIACION DE USUARIOS NACIMIENTO LA ROSITA, VEREDA YERBABUENA EL PALMAR",248,1.0,10.31,20.59,41.6,2.11,1,2,3,P1,CHIRPS + ERA5-Land · GEE 1–15 ago 2026 vs 1991–2020 · matriz graduada V0.5
ELNINO_0196,DAGUA,Sur Cali,Rural,"SAN JOSE DEL SALADO , PARTE BAJA","ASOCIACION DE USUARIOS, ACUEDUCTO SAN JOSE DEL SALADO - ACUASALADO",1360,3.5,16.31,20.8,42.6,1.55,1,2,3,P1,CHIRPS + ERA5-Land · GEE 1–15 ago 2026 vs 1991–2020 · matriz graduada V0.5
ELNINO_0197,DAGUA,Sur Cali,Rural,"SAN JOSE DEL SALADO , PARTE ALTA","ASOCIACION DE USUARIOS, ACUEDUCTO SAN JOSE DEL SALADO PARTE ALTA - ASUSAL",608,3.5,16.31,20.8,42.6,1.55,1,2,3,P1,CHIRPS + ERA5-Land · GEE 1–15 ago 2026 vs 1991–2020 · matriz graduada V0.5
ELNINO_0198,DAGUA,Sur Cali,Rural,ALTO DE LAS TORTOLAS,ASOCIACION EMPRESA COMUNITARIA ACUASALUD ALTO DE LAS TORTOLAS - ACUASALUD ALTO DE LAS TORTOLAS,1600,7.0,12.75,20.59,37.0,1.34,1,1,2,P2,CHIRPS + ERA5-Land · GEE 1–15 ago 2026 vs 1991–2020 · matriz graduada V0.5
ELNINO_0200,DAGUA,Sur Cali,Rural,BORRERO AYERBE (KM 28),ASOCIACION EMPRESA COMUNITARIA ACUEDUCTO BORRERO AYERBE - ECASP. ESP. - KM 28 AMBICHINTE,80,3.0,10.31,20.59,41.6,2.11,1,2,3,P1,CHIRPS + ERA5-Land · GEE 1–15 ago 2026 vs 1991–2020 · matriz graduada V0.5
ELNINO_0201,DAGUA,Sur Cali,Rural,BORRERO AYERBE (KM30),ASOCIACION EMPRESA COMUNITARIA DE ACUEDUCTO DE BORRERO AYERBE - ECASP. ESP. - KM 30,9612,15.0,10.31,20.59,41.6,2.11,1,2,3,P1,CHIRPS + ERA5-Land · GEE 1–15 ago 2026 vs 1991–2020 · matriz graduada V0.5
ELNINO_0202,DAGUA,Sur Cali,Rural,PARCELACION HATO CHICO,ASOCIACION EMPRESA COMUNITARIA DE ACUEDUCTO DE LA PARCELACION HATOCHICO - SAN DIEGO - ACUASALUD HATO,320,1.5,12.85,20.59,38.4,1.55,1,2,3,P1,CHIRPS + ERA5-Land · GEE 1–15 ago 2026 vs 1991–2020 · matriz graduada V0.5
ELNINO_0203,DAGUA,Sur Cali,Rural,CENTELLA ALTA,ASOCIACION RURAL ACUEDUCTO CENTELLA PARTE ALTA,180,,10.64,21.06,40.7,2.11,1,2,3,P1,CHIRPS + ERA5-Land · GEE 1–15 ago 2026 vs 1991–2020 · matriz graduada V0.5
ELNINO_0204,DAGUA,Sur Cali,Rural,LA ELSA.,CONCEJO COMUNITARIO DE CORREGIMIENTO LA ELSA.,56,4.0,20.85,20.8,41.0,1.3,1,1,2,P2,CHIRPS + ERA5-Land · GEE 1–15 ago 2026 vs 1991–2020 · matriz graduada V0.5
ELNINO_0205,DAGUA,Sur Cali,Rural,TOCOTA DAGUA,CONDOMINIO CAMPESTRE COLINAS DE TOCOTA,312,9.0,10.55,20.59,42.4,1.27,1,1,2,P2,CHIRPS + ERA5-Land · GEE 1–15 ago 2026 vs 1991–2020 · matriz graduada V0.5
ELNINO_0206,DAGUA,Sur Cali,Rural,CONJUNTO CAMPESTRE AMBICHINTE,CONJUNTO CAMPESTRE AMBICHINTE,324,3.0,10.31,20.59,41.6,2.11,1,2,3,P1,CHIRPS + ERA5-Land · GEE 1–15 ago 2026 vs 1991–2020 · matriz graduada V0.5
ELNINO_0210,DAGUA,Sur Cali,Rural,LAS BRISAS,EMPRESA COMUNITARIA ACUEDUCTO RURAL COLECTIVO LAS BRISAS - ECOABRISAS,540,10.0,10.64,21.06,40.7,2.11,1,2,3,P1,CHIRPS + ERA5-Land · GEE 1–15 ago 2026 vs 1991–2020 · matriz graduada V0.5
ELNINO_0211,DAGUA,Sur Cali,Rural,"EL PALMAR , LA VIBORA",EMPRESA COMUNITARIA DE ACUEDUCTO RURAL EL PALMAR SECTOR LA VIBORA,640,1.3,10.31,20.59,41.6,2.11,1,2,3,P1,CHIRPS + ERA5-Land · GEE 1–15 ago 2026 vs 1991–2020 · matriz graduada V0.5
ELNINO_0212,DAGUA,Sur Cali,Rural,"EL PALMAR , LA VIRGEN",EMPRESA COMUNITARIA DE ACUEDUCTO RURAL EL PALMAR SECTOR LA VIRGEN,1120,5.0,10.64,21.06,40.7,2.11,1,2,3,P1,CHIRPS + ERA5-Land · GEE 1–15 ago 2026 vs 1991–2020 · matriz graduada V0.5
ELNINO_0213,DAGUA,Sur Cali,Rural,PARCELACION EL CARMELO,EMPRESA DE SERVICIO PRIVADO ACUASALUD EL CARMELO,1496,4.5,12.75,20.59,37.0,1.34,1,1,2,P2,CHIRPS + ERA5-Land · GEE 1–15 ago 2026 vs 1991–2020 · matriz graduada V0.5
ELNINO_0214,DAGUA,Sur Cali,Rural,LOMALTA,JAC ACUEDUCTO SECTOR LA ESCUELA VEREDA LOMALTA,960,3.0,10.55,20.59,42.4,1.27,1,1,2,P2,CHIRPS + ERA5-Land · GEE 1–15 ago 2026 vs 1991–2020 · matriz graduada V0.5
ELNINO_0215,DAGUA,Sur Cali,Rural,BORRERO AYERBE (BARRIO COREA),JUNTA ADMINISTRADORA ACUEDUCTO AGUAS CLARAS,448,2.0,10.31,20.59,41.6,2.11,1,2,3,P1,CHIRPS + ERA5-Land · GEE 1–15 ago 2026 vs 1991–2020 · matriz graduada V0.5
ELNINO_0216,DAGUA,Sur Cali,Rural,"JORDANCITO , PARAGUITAS",JUNTA ADMINISTRADORA ACUEDUCTO PARAGUITAS JAACUPAR,800,4.2,12.75,20.59,37.0,1.34,1,1,2,P2,CHIRPS + ERA5-Land · GEE 1–15 ago 2026 vs 1991–2020 · matriz graduada V0.5
ELNINO_0218,DAGUA,Sur Cali,Rural,JORDANCITO,"JUNTA ADMINISTRADORA DE ACUEDUCTO PEÑAS RUCIAS VEREDA EL JORDANCITO, SAN BERNARDO. DAGUA - VALLE",720,5.4,12.75,20.59,37.0,1.34,1,1,2,P2,CHIRPS + ERA5-Land · GEE 1–15 ago 2026 vs 1991–2020 · matriz graduada V0.5
ELNINO_0219,DAGUA,Sur Cali,Rural,"TRAPICHE , LA YOLOMBA",JUNTA ADMINISTRADORA DE ACUEDUCTO TRAPICHE - LA YOLOMBA,600,5.0,15.37,20.94,41.1,1.14,1,1,2,P2,CHIRPS + ERA5-Land · GEE 1–15 ago 2026 vs 1991–2020 · matriz graduada V0.5
ELNINO_0220,DAGUA,Sur Cali,Rural,JORDAN,"JUNTA ADMINISTRADORA DE AGUAS, VEREDA EL JORDAN, DAGUA - ACUASALUD E.S.P.",560,2.5,12.75,20.59,37.0,1.34,1,1,2,P2,CHIRPS + ERA5-Land · GEE 1–15 ago 2026 vs 1991–2020 · matriz graduada V0.5
ELNINO_0223,DAGUA,Sur Cali,Rural,BEN HUR,JUNTA DE ACCIÓN COMUNAL VEREDA BEN HUR,164,1.0,13.31,19.17,38.2,1.34,1,1,2,P2,CHIRPS + ERA5-Land · GEE 1–15 ago 2026 vs 1991–2020 · matriz graduada V0.5
ELNINO_0366,DAGUA,Sur Cali,Rural,EL DIVISO,JUNTA DE ACCION COMUNAL VEREDA EL DIVISO. PERSONERIA JURIDICA 069,288,1.0,12.75,20.59,37.0,1.34,1,1,2,P2,CHIRPS + ERA5-Land · GEE 1–15 ago 2026 vs 1991–2020 · matriz graduada V0.5
ELNINO_0680,DAGUA,Sur Cali,Rural,LA ESMERALDA,JUNTA DE ACCIÓN COMUNAL VEREDA LA ESMERALDA,120,,16.87,21.01,42.4,1.55,1,2,3,P1,CHIRPS + ERA5-Land · GEE 1–15 ago 2026 vs 1991–2020 · matriz graduada V0.5
ELNINO_0682,DAGUA,Sur Cali,Rural,"PARCELACION EL ENSUEÑO ETAPA 2 SERES: A , B.",PARCELACION EL ENSUEÑO SEGUNDA ETAPA,172,0.43,10.31,20.59,41.6,2.11,1,2,3,P1,CHIRPS + ERA5-Land · GEE 1–15 ago 2026 vs 1991–2020 · matriz graduada V0.5
ELNINO_0683,DAGUA,Sur Cali,Rural,PARCELACION SAN FERNANDO,PARCELACION SAN FERNANDO,1568,,16.88,21.06,43.6,1.96,1,2,3,P1,CHIRPS + ERA5-Land · GEE 1–15 ago 2026 vs 1991–2020 · matriz graduada V0.5
ELNINO_0689,DAGUA,Sur Cali,Rural,"EL CARMEN,BAHONDO,JUNTAS,LA VIRGINIA,AGUA SUCIA,BORRERO AYERBE,ALTO CARMEN",SOCIEDAD DE ACUEDUCTOS Y ALCANTARILLADOS DEL VALLE DEL CAUCA S.A. E.S.P. ACUAVALLE S.A. E.S.P. - EL CARMEN,3452,13.0,8.92,21.24,42.0,2.11,1,2,3,P1,CHIRPS + ERA5-Land · GEE 1–15 ago 2026 vs 1991–2020 · matriz graduada V0.5
ELNINO_0224,DAGUA,Sur Cali,Urbano,"URBANO, El CARMEN",SOCIEDAD DE ACUEDUCTOS Y ALCANTARILLADOS DEL VALLE DEL CAUCA S.A. E.S.P. ACUAVALLE S.A. E.S.P.- DAGUA,15300,45.0,16.88,21.06,43.6,1.96,1,2,3,P1,CHIRPS + ERA5-Land · GEE 1–15 ago 2026 vs 1991–2020 · matriz graduada V0.5
ELNINO_0225,EL AGUILA,Norte Cartago,Rural,EL NARANJO,ACUEDUCTO RURAL EL NARANJO -JAC,52,1.5,18.36,16.28,32.4,0.82,1,0,1,P3,CHIRPS + ERA5-Land · GEE 1–15 ago 2026 vs 1991–2020 · matriz graduada V0.5
ELNINO_0167,EL AGUILA,Norte Cartago,Rural,EL BRILLANTE,ACUEDUCTO RURAL LA JUDEA 2 -EL BRILLANTE,92,2.0,21.78,16.28,35.1,0.64,1,0,1,P3,CHIRPS + ERA5-Land · GEE 1–15 ago 2026 vs 1991–2020 · matriz graduada V0.5
ELNINO_0227,EL AGUILA,Norte Cartago,Rural,LA GUERRA,ACUEDUCTO RURAL VEREDA LA GUERRA,80,,18.36,16.28,32.4,0.82,1,0,1,P3,CHIRPS + ERA5-Land · GEE 1–15 ago 2026 vs 1991–2020 · matriz graduada V0.5
ELNINO_0228,EL AGUILA,Norte Cartago,Rural,EL CORAZON,ACUEDUCTO VEREDA EL CORAZON,40,0.7,16.63,19.09,31.1,1.08,1,1,2,P2,CHIRPS + ERA5-Land · GEE 1–15 ago 2026 vs 1991–2020 · matriz graduada V0.5
ELNINO_0229,EL AGUILA,Norte Cartago,Rural,LA ALBANIA,ASOCIACION DE USUARIOS ACUEDUCTO LA ALBANIA,132,4.0,16.63,19.09,31.1,1.08,1,1,2,P2,CHIRPS + ERA5-Land · GEE 1–15 ago 2026 vs 1991–2020 · matriz graduada V0.5
ELNINO_0145,EL AGUILA,Norte Cartago,Rural,LA JUDEA,ASOCIACION DE USUARIOS ACUEDUCTO LA JUDEA,152,3.0,21.78,16.28,35.1,0.64,1,0,1,P3,CHIRPS + ERA5-Land · GEE 1–15 ago 2026 vs 1991–2020 · matriz graduada V0.5
ELNINO_0231,EL AGUILA,Norte Cartago,Rural,EL PITAL,ASOCIACION DE USUARIOS DE ACUEDUCTO EL PITAL,128,2.5,16.63,19.09,31.1,1.08,1,1,2,P2,CHIRPS + ERA5-Land · GEE 1–15 ago 2026 vs 1991–2020 · matriz graduada V0.5
ELNINO_0232,EL AGUILA,Norte Cartago,Rural,CAÑAVERAL,ASOCIACIÓN DE USUARIOS DEL ACUEDUCTO CAÑAVERAL,176,5.0,19.15,16.28,30.9,0.71,1,0,1,P3,CHIRPS + ERA5-Land · GEE 1–15 ago 2026 vs 1991–2020 · matriz graduada V0.5
ELNINO_0233,EL AGUILA,Norte Cartago,Rural,"EL COFRE,SAN JOSE,TRAVESIAS, ALTO BONITO",ASOCIACION DE USUARIOS DEL ACUEDUCTO COLECTIVO (COSTA),664,26.0,14.4,19.52,39.0,1.56,1,2,3,P1,CHIRPS + ERA5-Land · GEE 1–15 ago 2026 vs 1991–2020 · matriz graduada V0.5
ELNINO_0234,EL AGUILA,Norte Cartago,Rural,LA CEDALIA,ASOCIACION DE USUARIOS DEL ACUEDUCTO DE LA CEDALIA,120,,16.63,19.09,31.1,1.08,1,1,2,P2,CHIRPS + ERA5-Land · GEE 1–15 ago 2026 vs 1991–2020 · matriz graduada V0.5
ELNINO_0235,EL AGUILA,Norte Cartago,Rural,LA LIBERTAD,ASOCIACION DE USUARIOS DEL ACUEDUCTO DE LA LIBERTAD CATARINA,216,,16.36,19.09,29.6,0.82,2,0,2,P2,CHIRPS + ERA5-Land · GEE 1–15 ago 2026 vs 1991–2020 · matriz graduada V0.5
ELNINO_0236,EL AGUILA,Norte Cartago,Rural,LA MARIA,ASOCIACION DE USUARIOS DEL ACUEDUCTO RURAL COMUNITARIO DEL CORREGIMIENTO LA MARIA,644,8.0,16.63,19.09,31.1,1.08,1,1,2,P2,CHIRPS + ERA5-Land · GEE 1–15 ago 2026 vs 1991–2020 · matriz graduada V0.5
ELNINO_0237,EL AGUILA,Norte Cartago,Rural,LA QUIEBRA SAN PABLO,ASOCIACION DE USUARIOS DEL ACUEDUCTO RURAL COMUNITARIO DEL CORREGIMIENTO QUIEBRA DE SAN PABLO (ASOPARAISORURAL),240,,16.63,19.09,31.1,1.08,1,1,2,P2,CHIRPS + ERA5-Land · GEE 1–15 ago 2026 vs 1991–2020 · matriz graduada V0.5
ELNINO_0238,EL AGUILA,Norte Cartago,Rural,CORREGIMIENO VILLANUEVA,ASOCIACION DE USUARIOS DEL ACUEDUCTO SANTA RITA - VILLANUEVA,1136,,19.15,16.28,30.9,0.71,1,0,1,P3,CHIRPS + ERA5-Land · GEE 1–15 ago 2026 vs 1991–2020 · matriz graduada V0.5
ELNINO_0239,EL AGUILA,Norte Cartago,Rural,LA LINEA,ASOCIACION MUNICIPAL DE ACUEDUCTOS RURALES AGUA Y VIDA - LA LINEA,124,12.0,16.63,19.09,31.1,1.08,1,1,2,P2,CHIRPS + ERA5-Land · GEE 1–15 ago 2026 vs 1991–2020 · matriz graduada V0.5
ELNINO_0240,EL AGUILA,Norte Cartago,Rural,SAN LUIS LLANO GRANDE,EMPRESA COMUNAL SOLIDARIA SANTA CLARA DE LOS ACUEDUCTOS 1 Y 2 - LLANO GRANDE # 1,100,,21.87,16.28,38.8,1.08,1,1,2,P2,CHIRPS + ERA5-Land · GEE 1–15 ago 2026 vs 1991–2020 · matriz graduada V0.5
ELNINO_0242,EL AGUILA,Norte Cartago,Rural,EL EMBAL,JUNTA ADMINISTRADORA ACUEDUCTO EL EMBAL,132,2.5,23.19,19.56,40.3,1.08,1,1,2,P2,CHIRPS + ERA5-Land · GEE 1–15 ago 2026 vs 1991–2020 · matriz graduada V0.5
ELNINO_0243,EL AGUILA,Norte Cartago,Rural,LA ESTRELLA,JUNTA ADMINISTRADORA ACUEDUCTO LA ESTRELLA,100,0.25,21.87,16.28,38.8,1.08,1,1,2,P2,CHIRPS + ERA5-Land · GEE 1–15 ago 2026 vs 1991–2020 · matriz graduada V0.5
ELNINO_0244,EL AGUILA,Norte Cartago,Rural,LA ESPARTA,JUNTA ADMINISTRADORA DEL ACUEDUCTO ESPARTA,100,,21.6,18.72,37.7,0.82,1,0,1,P3,CHIRPS + ERA5-Land · GEE 1–15 ago 2026 vs 1991–2020 · matriz graduada V0.5
ELNINO_0245,EL AGUILA,Norte Cartago,Rural,SANTA ELENA BAJO,JUNTA ADMON SANTA ELENA BAJO,48,2.0,21.87,16.28,38.8,1.08,1,1,2,P2,CHIRPS + ERA5-Land · GEE 1–15 ago 2026 vs 1991–2020 · matriz graduada V0.5
ELNINO_0247,EL AGUILA,Norte Cartago,Rural,SANTA CLARA,JUNTA DE ACCION COMUNAL LLANO GRANDE ACUEDUCTO SANTA CLARA 2,72,3.0,21.87,16.28,38.8,1.08,1,1,2,P2,CHIRPS + ERA5-Land · GEE 1–15 ago 2026 vs 1991–2020 · matriz graduada V0.5
ELNINO_0248,EL AGUILA,Norte Cartago,Urbano,"URBANO, EL CAJON, GUACAS, LA PAZ",SOCIEDAD DE ACUEDUCTOS Y ALCANTARILLADOS DEL VALLE DEL CAUCA S.A. E.S.P. ACUAVALLE S.A. E.S.P.-EL ÁGUILA,3192,20.0,18.36,16.28,32.4,0.82,1,0,1,P3,CHIRPS + ERA5-Land · GEE 1–15 ago 2026 vs 1991–2020 · matriz graduada V0.5
ELNINO_0249,EL CAIRO,Norte Cartago,Rural,EL DIAMANTE,ACUEDUCTO RURAL EL DIAMANTE,16,3.0,22.29,19.07,36.8,1.15,1,1,2,P2,CHIRPS + ERA5-Land · GEE 1–15 ago 2026 vs 1991–2020 · matriz graduada V0.5
ELNINO_0250,EL CAIRO,Norte Cartago,Rural,LA CARBONERA,ACUEDUCTO RURAL LA CARBONERA,28,,22.29,19.07,36.8,1.15,1,1,2,P2,CHIRPS + ERA5-Land · GEE 1–15 ago 2026 vs 1991–2020 · matriz graduada V0.5
ELNINO_0251,EL CAIRO,Norte Cartago,Rural,ALTO BONITO,ACUEDUCTO VEREDAL ALTO BONITO,92,2.0,26.75,19.56,41.8,1.15,1,1,2,P2,CHIRPS + ERA5-Land · GEE 1–15 ago 2026 vs 1991–2020 · matriz graduada V0.5
ELNINO_0252,EL CAIRO,Norte Cartago,Rural,LLANO GRANDE,ASOCIACION COMUNITARIA ADMINISTRADORA DEL ACUEDUCTO DE LA VEREDA DE LLANOGRANDE,224,5.0,26.85,20.23,49.0,1.29,1,1,2,P2,CHIRPS + ERA5-Land · GEE 1–15 ago 2026 vs 1991–2020 · matriz graduada V0.5
ELNINO_0159,EL CAIRO,Norte Cartago,Rural,LA MIRANDA Y LA GUARDIA,ASOCIACION DE USUARIOS ACUEDUCTO RURAL COMUNITARIO VEREDAS LA MIRANDA Y LA GUARDIA NIT 900514623-1,96,2.0,22.11,19.07,38.7,1.29,1,1,2,P2,CHIRPS + ERA5-Land · GEE 1–15 ago 2026 vs 1991–2020 · matriz graduada V0.5
ELNINO_0254,EL CAIRO,Norte Cartago,Rural,SALMELIA,ASOCIACION DE USUARIOS ACUEDUCTO SALMELIA,100,,22.11,19.07,38.7,1.29,1,1,2,P2,CHIRPS + ERA5-Land · GEE 1–15 ago 2026 vs 1991–2020 · matriz graduada V0.5
ELNINO_0255,EL CAIRO,Norte Cartago,Rural,ALBAN,ASOCIACION DE USUARIOS DEL ACUEDUCTO RURAL COMUNITARIO DEL CORREGIMIENTO ALBAN,112,4.22,22.29,19.07,36.8,1.15,1,1,2,P2,CHIRPS + ERA5-Land · GEE 1–15 ago 2026 vs 1991–2020 · matriz graduada V0.5
ELNINO_0256,EL CAIRO,Norte Cartago,Rural,SAN JOSE,ASOCIACION DE USUARIOS DEL ACUEDUCTO RURAL COMUNITARIO DEL CORREGIMIENTO ALBAN ACUEDUCTO SAN JOSE # 2,56,0.02,27.83,20.23,44.9,1.1,1,1,2,P2,CHIRPS + ERA5-Land · GEE 1–15 ago 2026 vs 1991–2020 · matriz graduada V0.5
ELNINO_0257,EL CAIRO,Norte Cartago,Rural,SAN JOSE # 1,ASOCIACIÓN DE USUARIOS DEL ACUEDUCTO RURAL VEREDA SAN JOSE #1,112,2.4,22.29,19.07,36.8,1.15,1,1,2,P2,CHIRPS + ERA5-Land · GEE 1–15 ago 2026 vs 1991–2020 · matriz graduada V0.5
ELNINO_0258,EL CAIRO,Norte Cartago,Rural,"LUNAPARK,LA CANCANA,EL PIÑUELO,LA ESTRELLA,LAS MARGARITAS",ASOCIACION DE USUARIOS DEL ARC LA ESTRELLA LUNA PARK,320,,22.29,19.07,36.8,1.15,1,1,2,P2,CHIRPS + ERA5-Land · GEE 1–15 ago 2026 vs 1991–2020 · matriz graduada V0.5
ELNINO_0078,EL CAIRO,Norte Cartago,Rural,LA GUARDIA,JUNTA ACUEDUCTIO RURAL LA GUARDIA,40,,22.11,19.07,38.7,1.29,1,1,2,P2,CHIRPS + ERA5-Land · GEE 1–15 ago 2026 vs 1991–2020 · matriz graduada V0.5
ELNINO_0260,EL CAIRO,Norte Cartago,Rural,CAMELLONES PARTE ALTA (2),JUNTA ADMINISTRADORA ACUEDUCTO CAMELLONES ALTO,24,3.5,22.11,19.07,38.7,1.29,1,1,2,P2,CHIRPS + ERA5-Land · GEE 1–15 ago 2026 vs 1991–2020 · matriz graduada V0.5
ELNINO_0261,EL CAIRO,Norte Cartago,Rural,CAMELLONES PARTE BAJA,JUNTA ADMINISTRADORA ACUEDUCTO CAMELLONES BAJO,40,35.0,26.85,20.23,49.0,1.29,1,1,2,P2,CHIRPS + ERA5-Land · GEE 1–15 ago 2026 vs 1991–2020 · matriz graduada V0.5
ELNINO_0262,EL CAIRO,Norte Cartago,Rural,BELLAVISTA,JUNTA ADMINISTRADORA DEL ACUEDUCTO DE BELLAVISTA,120,3.0,24.51,19.8,50.3,1.29,0,1,1,P3,CHIRPS + ERA5-Land · GEE 1–15 ago 2026 vs 1991–2020 · matriz graduada V0.5
ELNINO_0263,EL CAIRO,Norte Cartago,Rural,EL PACIFICO,JUNTA ADMINISTRADORA DEL ACUEDUCTO EL PACIFICO,72,2.4,26.75,19.56,41.8,1.15,1,1,2,P2,CHIRPS + ERA5-Land · GEE 1–15 ago 2026 vs 1991–2020 · matriz graduada V0.5
ELNINO_0264,EL CAIRO,Norte Cartago,Rural,LA PALMERA,JUNTA ADMON ACUEDUCTO LA PALMERA,80,1.5,26.85,20.23,49.0,1.29,1,1,2,P2,CHIRPS + ERA5-Land · GEE 1–15 ago 2026 vs 1991–2020 · matriz graduada V0.5
ELNINO_0265,EL CAIRO,Norte Cartago,Rural,NAPOLES,JUNTA ADMON LOCAL VEREDA NAPOLES,52,0.13,26.06,20.23,44.5,1.15,1,1,2,P2,CHIRPS + ERA5-Land · GEE 1–15 ago 2026 vs 1991–2020 · matriz graduada V0.5
ELNINO_0266,EL CAIRO,Norte Cartago,Urbano,URBANO,SOCIEDAD DE ACUEDUCTOS Y ALCANTARILLADOS DEL VALLE DEL CAUCA S.A. E.S.P. ACUAVALLE S.A. E.S.P. - EL CAIRO,3384,35.0,26.06,20.23,44.5,1.15,1,1,2,P2,CHIRPS + ERA5-Land · GEE 1–15 ago 2026 vs 1991–2020 · matriz graduada V0.5
ELNINO_0268,EL CERRITO,Sur Cali,Rural,AUJI,ACUASALUD AUJI,360,4.0,7.43,18.72,42.8,0.71,1,0,1,P3,CHIRPS + ERA5-Land · GEE 1–15 ago 2026 vs 1991–2020 · matriz graduada V0.5
ELNINO_0269,EL CERRITO,Sur Cali,Rural,EL MORAL,ACUEDUCTO EL MORAL,472,5.0,7.47,14.07,40.9,0.72,1,0,1,P3,CHIRPS + ERA5-Land · GEE 1–15 ago 2026 vs 1991–2020 · matriz graduada V0.5
ELNINO_0270,EL CERRITO,Sur Cali,Rural,EL PLACER,"ASOCIACION COMUNITARIA DE USUARIOS DE SERVICIOS PUBLICOS DOMICILIARIOS EL PLACER, AUSERPUB ESP",13492,55.0,4.48,21.19,26.8,1.97,2,2,4,P1,CHIRPS + ERA5-Land · GEE 1–15 ago 2026 vs 1991–2020 · matriz graduada V0.5
ELNINO_0271,EL CERRITO,Sur Cali,Rural,EL CASTILLO,ASOCIACION DE RECURSOS HIDRICOS NATURALES Y ACUEDUCTO DE EL CASTILLO - RINAUCA,568,5.0,6.75,18.72,41.0,1.15,1,1,2,P2,CHIRPS + ERA5-Land · GEE 1–15 ago 2026 vs 1991–2020 · matriz graduada V0.5
ELNINO_0272,EL CERRITO,Sur Cali,Rural,"EL CASTILLO,LA HONDA,LA REINA","ASOCIACION DE USUARIOS DEL SERVICIO DE AGUA POTABLE DEL CASTILLO, CERRITO. ASOSEAGUAS - RECAHON.",960,5.0,6.75,18.72,41.0,1.15,1,1,2,P2,CHIRPS + ERA5-Land · GEE 1–15 ago 2026 vs 1991–2020 · matriz graduada V0.5
ELNINO_0273,EL CERRITO,Sur Cali,Rural,TENERIFE,ASOCIACION DE USUARIOS DEL SERVICIO DE AGUA POTABLE Y ALCANTARILLADO DE TENERIFE - ASOUAT,592,1.3,6.54,12.22,32.1,0.72,1,0,1,P3,CHIRPS + ERA5-Land · GEE 1–15 ago 2026 vs 1991–2020 · matriz graduada V0.5
ELNINO_0274,EL CERRITO,Sur Cali,Rural,EL CARRIZAL,JUNTA ADMINISTRADORA ACUEDUCTO CARRIZAL,184,5.0,7.47,14.07,40.9,0.72,1,0,1,P3,CHIRPS + ERA5-Land · GEE 1–15 ago 2026 vs 1991–2020 · matriz graduada V0.5
ELNINO_0275,EL CERRITO,Sur Cali,Rural,EL ROSARIO PARTE ALTA,JUNTA ADMINISTRADORA DEL ACUEDUCTO ACUASALUD EL ROSARIO PARTE ALTA,76,0.5,6.99,18.72,43.5,1.1,1,1,2,P2,CHIRPS + ERA5-Land · GEE 1–15 ago 2026 vs 1991–2020 · matriz graduada V0.5
ELNINO_0276,EL CERRITO,Sur Cali,Rural,SANTA LUISA,JUNTA DE ACCION COMUNAL DE SANTA LUISA,252,5.0,6.92,14.07,37.5,0.71,1,0,1,P3,CHIRPS + ERA5-Land · GEE 1–15 ago 2026 vs 1991–2020 · matriz graduada V0.5
ELNINO_0277,EL CERRITO,Sur Cali,Rural,"EL POMO,EL ROSARIO,BOLIVIA",LA ASOCIACION DE USUARIOS ACUEDUCTO CRGTO EL POMO VEREDAS ROSARIO-BOLIVIA EL CERRITO-ACUAPORO,1284,8.0,6.99,18.72,43.5,1.1,1,1,2,P2,CHIRPS + ERA5-Land · GEE 1–15 ago 2026 vs 1991–2020 · matriz graduada V0.5
ELNINO_0278,EL CERRITO,Sur Cali,Rural,CAMPO ALEGRE,LA ASOCIACION DE USUARIOS DEL ACUEDUCTO Y/O ALCANTARILLADO Y/O ASEO DE CAMPO ALEGRE - AUSERACA,1868,7.5,4.48,21.19,26.8,1.97,2,2,4,P1,CHIRPS + ERA5-Land · GEE 1–15 ago 2026 vs 1991–2020 · matriz graduada V0.5
ELNINO_0279,EL CERRITO,Sur Cali,Urbano,"URBANO, GUACANAL, LA PLAYITA, CAMPO ALEGRE, AMAIMITO, EL FLORIDO, SAN ISIDRO, PALESTINO, PAJONALES, NOVILLERA, LOS ALPES, SAN ANTONIO, Y ZABALETAS (GINEBRA).",SOCIEDAD DE ACUEDUCTOS Y ALCANTARILLADOS DEL VALLE DEL CAUCA S.A. E.S.P. ACUAVALLE S.A. E.S.P. - EL CERRITO,48720,140.0,4.46,20.97,25.8,1.85,2,2,4,P1,CHIRPS + ERA5-Land · GEE 1–15 ago 2026 vs 1991–2020 · matriz graduada V0.5
ELNINO_0280,EL CERRITO,Sur Cali,Rural,"SANTA ELENA,EL FLORIDO,ZABALETAS,SAN ISIDRO,NOVILLERA,AMAIMITO,PAJONALES,PALESTINA",SOCIEDAD DE ACUEDUCTOS Y ALCANTARILLADOS DEL VALLE DEL CAUCA S.A. E.S.P. ACUAVALLE S.A. E.S.P. - EL CERRITO SANTA ELENA,10840,,4.45,21.19,25.3,1.76,2,2,4,P1,CHIRPS + ERA5-Land · GEE 1–15 ago 2026 vs 1991–2020 · matriz graduada V0.5
ELNINO_0281,EL DOVIO,Norte Cartago,Rural,LA HONDURA,ACUEDUCTO COMUNITARIO AGUAS LA ALEJANDRIA (LA HONDURA),140,2.0,18.02,20.17,44.5,1.76,1,2,3,P1,CHIRPS + ERA5-Land · GEE 1–15 ago 2026 vs 1991–2020 · matriz graduada V0.5
ELNINO_0282,EL DOVIO,Norte Cartago,Rural,BIRMANIA,ACUEDUCTO RURAL BIRMANIA,48,,27.82,21.53,61.2,1.82,0,2,2,P2,CHIRPS + ERA5-Land · GEE 1–15 ago 2026 vs 1991–2020 · matriz graduada V0.5
ELNINO_0283,EL DOVIO,Norte Cartago,Rural,"CAÑADA HONDA BAJA, CASTILLO ALTO",ACUEDUCTO RURAL CAÑADA HONDA BAJA - CASTILLO,160,,16.52,19.52,43.8,1.4,1,1,2,P2,CHIRPS + ERA5-Land · GEE 1–15 ago 2026 vs 1991–2020 · matriz graduada V0.5
ELNINO_0284,EL DOVIO,Norte Cartago,Rural,LA MARIA,ACUEDUCTO RURAL COMUNITARIO LA MARIA,120,1.5,18.02,20.17,44.5,1.76,1,2,3,P1,CHIRPS + ERA5-Land · GEE 1–15 ago 2026 vs 1991–2020 · matriz graduada V0.5
ELNINO_0285,EL DOVIO,Norte Cartago,Rural,SANTA ELENA,ACUEDUCTO RURAL DE SANTA ELENA,56,12.0,23.42,20.17,53.7,1.35,0,1,1,P3,CHIRPS + ERA5-Land · GEE 1–15 ago 2026 vs 1991–2020 · matriz graduada V0.5
ELNINO_0183,EL DOVIO,Norte Cartago,Rural,LOS ZAINOS ALTO,ACUEDUCTO RURAL LOS ZAINOS ALTO,48,1.0,16.52,19.52,43.8,1.4,1,1,2,P2,CHIRPS + ERA5-Land · GEE 1–15 ago 2026 vs 1991–2020 · matriz graduada V0.5
ELNINO_0429,EL DOVIO,Norte Cartago,Rural,LOS ZAINOS BAJO,ACUEDUCTO RURAL LOS ZAINOS BAJO,108,1.2,16.52,19.52,43.8,1.4,1,1,2,P2,CHIRPS + ERA5-Land · GEE 1–15 ago 2026 vs 1991–2020 · matriz graduada V0.5
ELNINO_0289,EL DOVIO,Norte Cartago,Rural,SIRIMANDA,ACUEDUCTO RURAL SIRIMUNDA,60,9.0,23.42,20.17,53.7,1.35,0,1,1,P3,CHIRPS + ERA5-Land · GEE 1–15 ago 2026 vs 1991–2020 · matriz graduada V0.5
ELNINO_0291,EL DOVIO,Norte Cartago,Rural,EL CRUCERO,ASOCIACION DE USUARIOS DE ACUEDUCTO RURAL VEREDA EL CRUCERO,160,,17.88,20.17,46.3,1.4,1,1,2,P2,CHIRPS + ERA5-Land · GEE 1–15 ago 2026 vs 1991–2020 · matriz graduada V0.5
ELNINO_0292,EL DOVIO,Norte Cartago,Rural,EL GUADUAL AGUA BONITA,ASOCIACION DE USUARIOS DEL ACUEDUCTO RURAL COMUNITARIO DE LA VEREDA EL GUADUAL AGUA BONITA,60,1.0,18.02,20.17,44.5,1.76,1,2,3,P1,CHIRPS + ERA5-Land · GEE 1–15 ago 2026 vs 1991–2020 · matriz graduada V0.5
ELNINO_0293,EL DOVIO,Norte Cartago,Rural,EL LULAR,ASOCIACION DE USUARIOS DEL ACUEDUCTO RURAL COMUNITARIO DE LA VEREDA EL LULAR AGUAS LULAREÑAS,100,3.0,27.98,22.34,61.9,1.82,0,2,2,P2,CHIRPS + ERA5-Land · GEE 1–15 ago 2026 vs 1991–2020 · matriz graduada V0.5
ELNINO_0294,EL DOVIO,Norte Cartago,Rural,LA CABAÑA,ASOCIACION DE USUARIOS DEL ACUEDUCTO RURAL COMUNITARIO DE LA VEREDA LA CABAÑA AGUAS LA ESPERANZA,232,,16.52,19.52,43.8,1.4,1,1,2,P2,CHIRPS + ERA5-Land · GEE 1–15 ago 2026 vs 1991–2020 · matriz graduada V0.5
ELNINO_0295,EL DOVIO,Norte Cartago,Rural,"TOLDA FRÍA,RIVERALTA",ASOCIACION DE USUARIOS DEL ACUEDUCTO RURAL COMUNITARIO DE LA VEREDA TOLDA FRIA -CASA VERDE,100,4.0,23.61,21.53,52.8,1.76,0,2,2,P2,CHIRPS + ERA5-Land · GEE 1–15 ago 2026 vs 1991–2020 · matriz graduada V0.5
ELNINO_0296,EL DOVIO,Norte Cartago,Rural,"BITACO,CAÑADA PAN Y VIDA",ASOCIACION DE USUARIOS DEL ACUEDUCTO RURAL COMUNITARIO DEL CORREGIMIENTO DE BITACO,92,3.0,23.61,21.53,52.8,1.76,0,2,2,P2,CHIRPS + ERA5-Land · GEE 1–15 ago 2026 vs 1991–2020 · matriz graduada V0.5
ELNINO_0297,EL DOVIO,Norte Cartago,Rural,DE LITUANIA,ASOCIACION DE USUARIOS DEL ACUEDUCTO RURAL COMUNITARIO DEL CORREGIMIENTO DE LITUANIA,208,,27.98,22.34,61.9,1.82,0,2,2,P2,CHIRPS + ERA5-Land · GEE 1–15 ago 2026 vs 1991–2020 · matriz graduada V0.5
ELNINO_0298,EL DOVIO,Norte Cartago,Rural,LA PRADERA,ASOCIACION DE USUARIOS DEL ACUEDUCTO RURAL COMUNITARIO DEL CORREGIMIENTO LA PRADERA,220,,23.42,20.17,53.7,1.35,0,1,1,P3,CHIRPS + ERA5-Land · GEE 1–15 ago 2026 vs 1991–2020 · matriz graduada V0.5
ELNINO_0299,EL DOVIO,Norte Cartago,Rural,LA ESPERANZA,ASOCIACION DE USUARIOS DEL ACUEDUCTO RURAL COMUNITARIO VEREDA LA ESPERANZA AGUAS DEL DANUBIO,208,0.65,11.86,19.91,33.2,1.47,1,1,2,P2,CHIRPS + ERA5-Land · GEE 1–15 ago 2026 vs 1991–2020 · matriz graduada V0.5
ELNINO_0502,EL DOVIO,Norte Cartago,Rural,BELLAVISTA,CORPORACION NO NACIONAL AMBIENTAL PECUARIO Y AGRICOLA DE BELLAVISTA ''CAMPAB'' TANQUE 1,24,0.6,16.52,19.52,43.8,1.4,1,1,2,P2,CHIRPS + ERA5-Land · GEE 1–15 ago 2026 vs 1991–2020 · matriz graduada V0.5
ELNINO_0460,EL DOVIO,Norte Cartago,Rural,BELLAVISTA,CORPORACION NO NACIONAL AMBIENTAL PECUARIO Y AGRICOLA DE BELLAVISTA ''CAMPAB'' TANQUE 2,36,0.7,16.52,19.52,43.8,1.4,1,1,2,P2,CHIRPS + ERA5-Land · GEE 1–15 ago 2026 vs 1991–2020 · matriz graduada V0.5
ELNINO_0449,EL DOVIO,Norte Cartago,Rural,BELLAVISTA,CORPORACION NO NACIONAL AMBIENTAL PECUARIO Y AGRICOLA DE BELLAVISTA ''CAMPAB'' TANQUE 3,44,1.2,16.52,19.52,43.8,1.4,1,1,2,P2,CHIRPS + ERA5-Land · GEE 1–15 ago 2026 vs 1991–2020 · matriz graduada V0.5
ELNINO_0303,EL DOVIO,Norte Cartago,Rural,CALLE LARGA,JUNTA ADMIN ACUEDUCTO VEREDA CALLE LARGA,180,,17.27,19.91,43.6,1.76,1,2,3,P1,CHIRPS + ERA5-Land · GEE 1–15 ago 2026 vs 1991–2020 · matriz graduada V0.5
ELNINO_0304,EL DOVIO,Norte Cartago,Rural,GUATEMALA,JUNTA ADMINISTRADORA ACUEDUCTO GUATEMALA,60,,18.02,20.17,44.5,1.76,1,2,3,P1,CHIRPS + ERA5-Land · GEE 1–15 ago 2026 vs 1991–2020 · matriz graduada V0.5
ELNINO_0306,EL DOVIO,Norte Cartago,Rural,LAS VUELTAS,JUNTA ADMINISTRADORA DEL ACUEDUCTO LAS VUELTAS,48,1.0,17.88,20.17,46.3,1.4,1,1,2,P2,CHIRPS + ERA5-Land · GEE 1–15 ago 2026 vs 1991–2020 · matriz graduada V0.5
ELNINO_0307,EL DOVIO,Norte Cartago,Urbano,"URBANO, LA AGUADITA, CALLE LARGA, SAMANA, MATECAÑA",SOCIEDAD DE ACUEDUCTOS Y ALCANTARILLADOS DEL VALLE DEL CAUCA S.A. E.S.P. ACUAVALLE S.A. E.S.P. - EL DOVIO,8716,20.0,16.62,19.91,44.7,1.4,1,1,2,P2,CHIRPS + ERA5-Land · GEE 1–15 ago 2026 vs 1991–2020 · matriz graduada V0.5
ELNINO_0308,FLORIDA,Sur Cali,Rural,EL LIBANO,ACUALIBANO,420,2.5,7.22,19.25,44.3,1.37,1,1,2,P2,CHIRPS + ERA5-Land · GEE 1–15 ago 2026 vs 1991–2020 · matriz graduada V0.5
ELNINO_0411,FLORIDA,Sur Cali,Rural,LOS CALEÑOS,ACUEDUCTO LOS CALEÑOS,596,3.0,7.11,18.4,43.2,1.37,1,1,2,P2,CHIRPS + ERA5-Land · GEE 1–15 ago 2026 vs 1991–2020 · matriz graduada V0.5
ELNINO_0685,FLORIDA,Sur Cali,Rural,SAN JOAQUIN,ACUEDUCTO SAN JOAQUIN,184,2.0,7.22,19.25,44.3,1.37,1,1,2,P2,CHIRPS + ERA5-Land · GEE 1–15 ago 2026 vs 1991–2020 · matriz graduada V0.5
ELNINO_0313,FLORIDA,Sur Cali,Rural,"LA UNION,TAMBORAL,EL AGRADO","ASOCIACION COMUNITARIA DE USUARIOS DEL ACUEDUCTO TAMBORAL, LA UNION Y EL AGRADO - AUNITAMBO",968,6.0,7.58,22.23,49.2,1.37,1,1,2,P2,CHIRPS + ERA5-Land · GEE 1–15 ago 2026 vs 1991–2020 · matriz graduada V0.5
ELNINO_0314,FLORIDA,Sur Cali,Rural,LA DIANA,ASOCIACIÓN DE USUARIOS DEL ACUEDUCTO DEL CORREGIMIENTO LA DIANA - ACUASALUD LA DIANA,760,2.0,7.11,18.4,43.2,1.37,1,1,2,P2,CHIRPS + ERA5-Land · GEE 1–15 ago 2026 vs 1991–2020 · matriz graduada V0.5
ELNINO_0309,FLORIDA,Sur Cali,Rural,EL PEDREGAL,ASOCIACION DE USUARIOS DEL ACUEDUCTO Y/O ALCANTARILLADO EL PEDREGAL E.S.P. PRIMERA ETAPA,1040,6.0,7.29,21.78,42.3,1.37,1,1,2,P2,CHIRPS + ERA5-Land · GEE 1–15 ago 2026 vs 1991–2020 · matriz graduada V0.5
ELNINO_0315,FLORIDA,Sur Cali,Rural,"EL LLANITO,CAÑAS ARRIBA,SIMON BOLIVAR",ASOCIACION DE USUARIOS DEL ACUEDUCTO Y/O ALCANTARILLADO Y/O ASEO ACUALLANITO E.S.P,2000,7.0,7.58,22.23,49.2,1.37,1,1,2,P2,CHIRPS + ERA5-Land · GEE 1–15 ago 2026 vs 1991–2020 · matriz graduada V0.5
ELNINO_0316,FLORIDA,Sur Cali,Rural,SANTODOMINGO PARTE BAJA,JUNTA ADMINISTRADORA DE ACUEDUCTO SANTODOMINGO PARTE BAJA,200,4.0,7.5,22.23,50.0,1.57,0,2,2,P2,CHIRPS + ERA5-Land · GEE 1–15 ago 2026 vs 1991–2020 · matriz graduada V0.5
ELNINO_0413,FLORIDA,Sur Cali,Rural,PUEBLO NUEVO,JUNTA ADMINISTRADORA DEL ACUEDUCTO DEL CORREGIMIENTO PUEBLO NUEVO - PROAGUA ESP,216,1.0,7.22,19.25,44.3,1.37,1,1,2,P2,CHIRPS + ERA5-Land · GEE 1–15 ago 2026 vs 1991–2020 · matriz graduada V0.5
ELNINO_0310,FLORIDA,Sur Cali,Rural,EL PEDREGAL 2,JUNTA DE ACCION COMUNAL EL PEDREGAL E.S.P. SEGUNDA ETAPA ESP,620,5.0,7.29,21.78,42.3,1.37,1,1,2,P2,CHIRPS + ERA5-Land · GEE 1–15 ago 2026 vs 1991–2020 · matriz graduada V0.5
ELNINO_0318,FLORIDA,Sur Cali,Urbano,"URBANO FLORIDA,SAN ANTONIO DE LOS CABALLEROS, EL REMOLINO, CHOCOCITO, TARRAGON ALTO, TARRAGONA BAJO, CAÑAS ABAJO, PEDRO DIAZ, LA ACEQUIA",SOCIEDAD DE ACUEDUCTOS Y ALCANTARILLADOS DEL VALLE DEL CAUCA S.A. E.S.P. ACUAVALLE S.A. E.S.P. - FLORIDA,63568,240.0,7.93,21.78,49.5,1.97,1,2,3,P1,CHIRPS + ERA5-Land · GEE 1–15 ago 2026 vs 1991–2020 · matriz graduada V0.5
ELNINO_0319,GINEBRA,Sur Cali,Rural,BARRIO EL JARDÍN,ACUEDUCTO BARRIO EL JARDIN - CORREGIMIENTO COSTA RICA,132,1.0,4.72,20.18,26.5,0.96,2,0,2,P2,CHIRPS + ERA5-Land · GEE 1–15 ago 2026 vs 1991–2020 · matriz graduada V0.5
ELNINO_0320,GINEBRA,Sur Cali,Rural,CAMPOALEGRE,ACUEDUCTO CAMPOALEGRE,244,4.0,5.31,16.63,28.9,0.96,2,0,2,P2,CHIRPS + ERA5-Land · GEE 1–15 ago 2026 vs 1991–2020 · matriz graduada V0.5
ELNINO_0321,GINEBRA,Sur Cali,Rural,ALTAMIRA,ACUEDUCTO COMUNITARIO ALTAMIRA,48,1.5,4.72,20.18,26.5,0.96,2,0,2,P2,CHIRPS + ERA5-Land · GEE 1–15 ago 2026 vs 1991–2020 · matriz graduada V0.5
ELNINO_0322,GINEBRA,Sur Cali,Rural,CANAIMA,ACUEDUCTO COMUNITARIO CANAIMA,88,3.0,4.72,20.18,26.5,0.96,2,0,2,P2,CHIRPS + ERA5-Land · GEE 1–15 ago 2026 vs 1991–2020 · matriz graduada V0.5
ELNINO_0323,GINEBRA,Sur Cali,Rural,MORAVIA,ACUEDUCTO COMUNITARIO VEREDA MORAVIA,100,2.0,5.31,16.63,28.9,0.96,2,0,2,P2,CHIRPS + ERA5-Land · GEE 1–15 ago 2026 vs 1991–2020 · matriz graduada V0.5
ELNINO_0324,GINEBRA,Sur Cali,Rural,LA MARIA,ACUEDUCTO LA MARIA - GINEBRA,140,2.5,4.24,20.18,25.2,1.15,2,1,3,P1,CHIRPS + ERA5-Land · GEE 1–15 ago 2026 vs 1991–2020 · matriz graduada V0.5
ELNINO_0325,GINEBRA,Sur Cali,Rural,COMINAL,ASOCIACIÓN COMUNITARIA ADMINISTRADORA DEL SERVICIO DE ACUEDUCTO VEREDA COMINAL,100,1.5,4.79,16.63,27.4,1.15,2,1,3,P1,CHIRPS + ERA5-Land · GEE 1–15 ago 2026 vs 1991–2020 · matriz graduada V0.5
ELNINO_0326,GINEBRA,Sur Cali,Rural,"BARRIO PUEBLO NUEVO , CASA TESORERA","ASOCIACION COMUNITARIA DEL SERVICIO DE ACUEDUCTO Y ALCANTARILLADO BARRIO PUEBLO NUEVO, COSTA RICA, GINEBRA, VALLE - JUNCOSERVA",372,2.0,4.72,20.18,26.5,0.96,2,0,2,P2,CHIRPS + ERA5-Land · GEE 1–15 ago 2026 vs 1991–2020 · matriz graduada V0.5
ELNINO_0327,GINEBRA,Sur Cali,Rural,EL JARDIN.,ASOCIACIÓN DE USUARIOS ACUEDUCTO COLECTIVO - EL JARDIN,188,1.5,4.79,16.63,27.4,1.15,2,1,3,P1,CHIRPS + ERA5-Land · GEE 1–15 ago 2026 vs 1991–2020 · matriz graduada V0.5
ELNINO_0328,GINEBRA,Sur Cali,Rural,LA CASCADA,"ASOCIACION DE USUARIOS DEL ACUEDUCTO DE LA VEREDA LA CASCADA, GINEBRA VALLE EN LIQUIDACION - ASUALCA",320,2.0,4.72,20.18,26.5,0.96,2,0,2,P2,CHIRPS + ERA5-Land · GEE 1–15 ago 2026 vs 1991–2020 · matriz graduada V0.5
ELNINO_0329,GINEBRA,Sur Cali,Rural,LA SELVA,ASOCIACION DE USUARIOS DEL ACUEDUCTO DEL CORREGIMIENTO LA SELVA. ASUACLAS,380,1.5,4.24,20.18,25.2,1.15,2,1,3,P1,CHIRPS + ERA5-Land · GEE 1–15 ago 2026 vs 1991–2020 · matriz graduada V0.5
ELNINO_0330,GINEBRA,Sur Cali,Rural,COSTA RICA.,ASOCIACION DE USUARIOS DEL SERVICIO DE AGUA POTABLE ALCANTARILLADO ASEO COSTA RICA-GINEBRA-ASUALCAN,5028,12.0,4.24,20.18,25.2,1.15,2,1,3,P1,CHIRPS + ERA5-Land · GEE 1–15 ago 2026 vs 1991–2020 · matriz graduada V0.5
ELNINO_0331,GINEBRA,Sur Cali,Rural,PATIO BONITO,ASOCIACION JUNTA ADMINISTRADORA DEL ACUEDUCTO DE LA VEREDA PATIO BONITO,312,2.0,4.24,20.18,25.2,1.15,2,1,3,P1,CHIRPS + ERA5-Land · GEE 1–15 ago 2026 vs 1991–2020 · matriz graduada V0.5
ELNINO_0332,GINEBRA,Sur Cali,Rural,COCUYOS.,ASOCIACION USUARIOS ACUEDUCTO RURAL COMUNITARIO COCUYOS,340,2.0,4.72,20.18,26.5,0.96,2,0,2,P2,CHIRPS + ERA5-Land · GEE 1–15 ago 2026 vs 1991–2020 · matriz graduada V0.5
ELNINO_0333,GINEBRA,Sur Cali,Rural,PORTUGAL PARTE BAJA,COMITE DE PRO ACUEDUCTO PORTUGAL BAJO,68,1.8,5.31,16.63,28.9,0.96,2,0,2,P2,CHIRPS + ERA5-Land · GEE 1–15 ago 2026 vs 1991–2020 · matriz graduada V0.5
ELNINO_0334,GINEBRA,Sur Cali,Rural,FLAUTAS,FLAUTAS AGUAS E.S.P. S.A,208,1.5,4.79,16.63,27.4,1.15,2,1,3,P1,CHIRPS + ERA5-Land · GEE 1–15 ago 2026 vs 1991–2020 · matriz graduada V0.5
ELNINO_0335,GINEBRA,Sur Cali,Rural,JUNTAS,JUNTA ADMINISTRADORA ACUEDUCTO DE JUNTAS,176,2.0,5.31,16.63,28.9,0.96,2,0,2,P2,CHIRPS + ERA5-Land · GEE 1–15 ago 2026 vs 1991–2020 · matriz graduada V0.5
ELNINO_0336,GINEBRA,Sur Cali,Rural,LOMA GORDA,JUNTA ADMINISTRADORA ACUEDUCTO LOMA GORDA,264,2.0,4.24,20.18,25.2,1.15,2,1,3,P1,CHIRPS + ERA5-Land · GEE 1–15 ago 2026 vs 1991–2020 · matriz graduada V0.5
ELNINO_0337,GINEBRA,Sur Cali,Rural,BETANIA,JUNTA ADMINISTRADORA ACUEDUCTO RURAL BETANIA,152,2.0,5.31,16.63,28.9,0.96,2,0,2,P2,CHIRPS + ERA5-Land · GEE 1–15 ago 2026 vs 1991–2020 · matriz graduada V0.5
ELNINO_0338,GINEBRA,Sur Cali,Rural,"BARRANCO ALTO (50), NOVILLERA (33), VALLEDUPAR (43)",JUNTA ADMINISTRADORA ACUEDUCTO VALLENOBA,560,10.0,4.79,16.63,27.4,1.15,2,1,3,P1,CHIRPS + ERA5-Land · GEE 1–15 ago 2026 vs 1991–2020 · matriz graduada V0.5
ELNINO_0339,GINEBRA,Sur Cali,Rural,"SABALETAS (5), LACUESTA (52), NOVILLERA (28)",JUNTA ADMINISTRADORA DE ACUEDUCTO LA CUESTA LA NOVILLERA,372,6.0,4.43,21.19,27.2,1.15,2,1,3,P1,CHIRPS + ERA5-Land · GEE 1–15 ago 2026 vs 1991–2020 · matriz graduada V0.5
ELNINO_0340,GINEBRA,Sur Cali,Rural,LOS MEDIOS,JUNTA ADMINISTRADORA DEL ACUEDUCTO LOS MEDIOS ASOMEDIOS,140,3.0,6.75,18.72,41.0,1.15,1,1,2,P2,CHIRPS + ERA5-Land · GEE 1–15 ago 2026 vs 1991–2020 · matriz graduada V0.5
ELNINO_0341,GINEBRA,Sur Cali,Rural,LAS HERMOSAS,JUNTA DE ACCIÓN COMUNAL VEREDA LAS HERMOSAS.,72,2.0,6.15,16.63,30.7,0.64,1,0,1,P3,CHIRPS + ERA5-Land · GEE 1–15 ago 2026 vs 1991–2020 · matriz graduada V0.5
ELNINO_0342,GINEBRA,Sur Cali,Rural,BARRANCO BAJO,LA ASOCIACION DE USUARIOS DEL SERVICIO DE ACUEDUCTO DE LA VEREDA BARRANCO BAJO - MUNICIPIO DE GINEBRA - VALLE. ASUABA.,440,2.0,4.24,20.18,25.2,1.15,2,1,3,P1,CHIRPS + ERA5-Land · GEE 1–15 ago 2026 vs 1991–2020 · matriz graduada V0.5
ELNINO_0343,GINEBRA,Sur Cali,Urbano,"URBANO, LA FLORESTA, VILLAVANEGAS, LA CRUZ, LOS SAUCES, EL GUABITO, COSTARICA, MOSOCO",SOCIEDAD DE ACUEDUCTOS Y ALCANTARILLADOS DEL VALLE DEL CAUCA S.A. E.S.P. ACUAVALLE S.A. E.S.P. - GINEBRA,19400,60.0,4.5,20.18,23.4,1.76,2,2,4,P1,CHIRPS + ERA5-Land · GEE 1–15 ago 2026 vs 1991–2020 · matriz graduada V0.5
ELNINO_0344,GUACARÍ,Sur Cali,Rural,LA MAGDALENA,ASOCIACION ACUEDUCTO LA CASCADA,112,2.0,4.72,20.18,26.5,0.96,2,0,2,P2,CHIRPS + ERA5-Land · GEE 1–15 ago 2026 vs 1991–2020 · matriz graduada V0.5
ELNINO_0345,GUACARÍ,Sur Cali,Rural,PUENTE ROJO,ASOCIACION ADMINISTRADORA DEL ACUEDUCTO RURAL COMUNITARIO ACUASALUD PUENTE ROJO - ACUAPUERO,1052,3.0,4.72,20.18,26.5,0.96,2,0,2,P2,CHIRPS + ERA5-Land · GEE 1–15 ago 2026 vs 1991–2020 · matriz graduada V0.5
ELNINO_0346,GUACARÍ,Sur Cali,Rural,EL PLACER,"ASOCIACION COMUNITARIA ADMINISTRADORA DEL ACUEDUCTO DE LA VEREDA EL PLACER, GUACARI - ACOPLA",324,1.8,4.86,20.18,25.2,1.35,2,1,3,P1,CHIRPS + ERA5-Land · GEE 1–15 ago 2026 vs 1991–2020 · matriz graduada V0.5
ELNINO_0347,GUACARÍ,Sur Cali,Rural,"ALTO LA JULIA , LA MAGDALENA , CHAFALOTE","ASOCIACION DE USUARIOS DEL ACUEDUCTO Y ALCANTARILLADO DE LOS CORREGIMIENTOS DE ALTO DE LA JULIA, LA MAGDALENA Y LA VEREDA DE CHAFA",664,3.0,4.72,20.18,26.5,0.96,2,0,2,P2,CHIRPS + ERA5-Land · GEE 1–15 ago 2026 vs 1991–2020 · matriz graduada V0.5
ELNINO_0348,GUACARÍ,Sur Cali,Rural,"SANTA ROSA, LA TESALIA, ALTO DE TAPIAS, POMARES, ALTO DE GUACAS Y BAJO GUACAS, SAN ANTONIO","ASOCIACION SUSCRIPTORES ACUEDUCTO REGIONAL RURAL COMUNITARIO STA ROSA DE TAPIAS, GUACARI. ACUATAPIAS",2412,5.0,4.69,20.11,23.8,1.35,2,1,3,P1,CHIRPS + ERA5-Land · GEE 1–15 ago 2026 vs 1991–2020 · matriz graduada V0.5
ELNINO_0349,GUACARÍ,Sur Cali,Rural,"CHAFALOTE, ALTO DE LA JULIA, MAGDALENA",ASOJUMACHAGUA,560,3.0,4.72,20.18,26.5,0.96,2,0,2,P2,CHIRPS + ERA5-Land · GEE 1–15 ago 2026 vs 1991–2020 · matriz graduada V0.5
ELNINO_0350,GUACARÍ,Sur Cali,Rural,"PICHICHI , INGENIO PICHICHI.",INGENIO PICHICHI S.A.,803,10.0,4.86,20.18,25.2,1.35,2,1,3,P1,CHIRPS + ERA5-Land · GEE 1–15 ago 2026 vs 1991–2020 · matriz graduada V0.5
ELNINO_0351,GUACARÍ,Sur Cali,Urbano,"URBANO, SONSO, GUABAS, GUABITAS, CANANGUA, VILLA NUEVA, GUACAS, ALTO CANANGUA, EL GUABITO",SOCIEDAD DE ACUEDUCTOS Y ALCANTARILLADOS DEL VALLE DEL CAUCA S.A. E.S.P. ACUAVALLE S.A. E.S.P. - GUACARÍ,47792,120.0,5.36,20.15,25.2,1.35,2,1,3,P1,CHIRPS + ERA5-Land · GEE 1–15 ago 2026 vs 1991–2020 · matriz graduada V0.5
ELNINO_0352,LA CUMBRE,Sur Cali,Rural,CENTENARIO,ACUEDUCTO COMUNIARIO CENTENARIO,200,5.0,8.36,20.95,38.2,2.11,1,2,3,P1,CHIRPS + ERA5-Land · GEE 1–15 ago 2026 vs 1991–2020 · matriz graduada V0.5
ELNINO_0353,LA CUMBRE,Sur Cali,Rural,EL RETIRO PARTE BAJA,ACUEDUCTO COMUNITARIO EL RETIRO PARTE BAJA,272,4.0,8.92,21.24,42.0,2.11,1,2,3,P1,CHIRPS + ERA5-Land · GEE 1–15 ago 2026 vs 1991–2020 · matriz graduada V0.5
ELNINO_0354,LA CUMBRE,Sur Cali,Rural,"LA CUMBRE: ZARAGOZA, PUENTE PALO, CHICORAL, LOMITAS, GUADALUPE, RINCON SANTO, BELLAVISTA / DAGUA: PA",ADMINISTRACION COOPERATIVA LA CUMBRE DAGUA E.S.P.,6868,12.1,8.92,21.24,42.0,2.11,1,2,3,P1,CHIRPS + ERA5-Land · GEE 1–15 ago 2026 vs 1991–2020 · matriz graduada V0.5
ELNINO_0355,LA CUMBRE,Sur Cali,Rural,BITACO,ASOCIACION COMUNITARIA ADMINISTRADORA ACUEDUCTO BITACO-ASCABI,1196,3.7,8.36,20.95,38.2,2.11,1,2,3,P1,CHIRPS + ERA5-Land · GEE 1–15 ago 2026 vs 1991–2020 · matriz graduada V0.5
ELNINO_0356,LA CUMBRE,Sur Cali,Rural,PAVAS,ASOCIACIÓN COMUNITARIA ADMINISTRADORA DEL ACUEDUCTO DE PAVAS - ACAAPAVAS,8464,15.0,8.84,21.24,41.7,1.27,1,1,2,P2,CHIRPS + ERA5-Land · GEE 1–15 ago 2026 vs 1991–2020 · matriz graduada V0.5
ELNINO_0357,LA CUMBRE,Sur Cali,Rural,ALTO SANO,ASOCIACION COMUNITARIA ALTO SANO EMPRESA DE SERVICIOS PUBLICOS - ASOALTOSANO E.S.P.,492,1.0,8.36,20.95,38.2,2.11,1,2,3,P1,CHIRPS + ERA5-Land · GEE 1–15 ago 2026 vs 1991–2020 · matriz graduada V0.5
ELNINO_0358,LA CUMBRE,Sur Cali,Rural,PAVITAS,ASOCIACION DE SUSCRIPTORES DEL ACUEDUCTO DE LA VEREDA PAVITAS - ASOACUEDUCTO PAVITAS,440,1.8,9.84,20.95,42.2,2.02,1,2,3,P1,CHIRPS + ERA5-Land · GEE 1–15 ago 2026 vs 1991–2020 · matriz graduada V0.5
ELNINO_0359,LA CUMBRE,Sur Cali,Rural,ZARAGOZA,"ASOCIACION DE SUSCRIPTORES DEL ACUEDUCTO ZARAGOZA, BITACO. AGUAZ",240,2.5,10.31,20.59,41.6,2.11,1,2,3,P1,CHIRPS + ERA5-Land · GEE 1–15 ago 2026 vs 1991–2020 · matriz graduada V0.5
ELNINO_0360,LA CUMBRE,Sur Cali,Rural,CHICORAL,ASOCIACION DE USUARIOS ACUEDUCTO CHICORAL ALTO - ASOCHICORAL,300,2.0,8.92,21.24,42.0,2.11,1,2,3,P1,CHIRPS + ERA5-Land · GEE 1–15 ago 2026 vs 1991–2020 · matriz graduada V0.5
ELNINO_0361,LA CUMBRE,Sur Cali,Rural,BITACO,ASOCIACION DE USUARIOS ANTIGUO ACUEDUCTO BITACO - SUANABIT,184,1.5,8.36,20.95,38.2,2.11,1,2,3,P1,CHIRPS + ERA5-Land · GEE 1–15 ago 2026 vs 1991–2020 · matriz graduada V0.5
ELNINO_0362,LA CUMBRE,Sur Cali,Rural,"PARRAGA, MORALES",ASOCIACION DE USUARIOS DEL ACUEDUCTO DE PARRAGA,900,3.0,9.84,20.95,42.2,2.02,1,2,3,P1,CHIRPS + ERA5-Land · GEE 1–15 ago 2026 vs 1991–2020 · matriz graduada V0.5
ELNINO_0259,LA CUMBRE,Sur Cali,Rural,SANTA FE,ASOCIACION DE USUARIOS DEL ACUEDUCTO DE SANTA FE DEL MUNICIPIO DE LA CUMBRE,480,3.5,8.36,20.95,38.2,2.11,1,2,3,P1,CHIRPS + ERA5-Land · GEE 1–15 ago 2026 vs 1991–2020 · matriz graduada V0.5
ELNINO_0364,LA CUMBRE,Sur Cali,Rural,"JIGUALES,EL CARMEN,AGUACATAL,LA CUCHILLA,CORDOBITAS",ASOCIACION DE USUARIOS DEL ACUEDUCTO VEREDAL UNIDO DEL CRGTO DE JIGUALES - ASOJIGUA,1932,3.0,9.84,20.95,42.2,2.02,1,2,3,P1,CHIRPS + ERA5-Land · GEE 1–15 ago 2026 vs 1991–2020 · matriz graduada V0.5
ELNINO_0365,DAGUA,Sur Cali,Rural,"LA MARÍA 430 (LA CUMBRE), EL PIÑAL 665 (DAGUA).",CORPORACIÓN REGIONAL DE ACUEDUCTO ALCANTARILLADO Y SERVICIOS DE SANEAMIENTO BÁSICO MARIA PIÑAL - CORABASE-E.S.P.,1288,8.0,12.01,21.06,41.6,2.02,1,2,3,P1,CHIRPS + ERA5-Land · GEE 1–15 ago 2026 vs 1991–2020 · matriz graduada V0.5
ELNINO_0367,LA CUMBRE,Sur Cali,Rural,CHICORAL,FUNDACION ECOLOGICA DE CHICORAL - FUNDECORAL,288,3.0,8.92,21.24,42.0,2.11,1,2,3,P1,CHIRPS + ERA5-Land · GEE 1–15 ago 2026 vs 1991–2020 · matriz graduada V0.5
ELNINO_0368,LA CUMBRE,Sur Cali,Rural,INSTITUCIÓN EDUCATIVA LA LIBERTAD,INSTITUCION EDUCATIVA LA LIBERTAD ACUEDUCTO EL RETIRO,275,1.0,8.36,20.95,38.2,2.11,1,2,3,P1,CHIRPS + ERA5-Land · GEE 1–15 ago 2026 vs 1991–2020 · matriz graduada V0.5
ELNINO_0369,LA CUMBRE,Sur Cali,Rural,"ARBOLEDAS,CORDOBITAS",JUARCO- JUNTA DEL ACUEDUCTO DE LAS VEREDAS ARBOLEDAS Y CORDOBITAS DEL MUNICIPIO DE LA CUMBRE,892,2.7,9.84,20.95,42.2,2.02,1,2,3,P1,CHIRPS + ERA5-Land · GEE 1–15 ago 2026 vs 1991–2020 · matriz graduada V0.5
ELNINO_0370,LA CUMBRE,Sur Cali,Rural,EL DIAMANTE,JUNTA ADMINISTRADORA ACUEDUCTO VEREDA EL DIAMANTE,140,2.0,8.92,21.24,42.0,2.11,1,2,3,P1,CHIRPS + ERA5-Land · GEE 1–15 ago 2026 vs 1991–2020 · matriz graduada V0.5
ELNINO_0371,LA CUMBRE,Sur Cali,Rural,SAN JOSÉ Y AGUA CLARA.,"ASOCIACION DE USUARIO DEL SERVICIO DEL ACUEDUCTO V.E.R.S.A. DE LAS VEREDAS,SAN JOSE Y AGUA CLARA MUNICIPIO DE YUMBO LA CUMBRE - ACUEDUCTO VERSA",140,1.0,6.39,20.95,28.1,1.49,2,1,3,P1,CHIRPS + ERA5-Land · GEE 1–15 ago 2026 vs 1991–2020 · matriz graduada V0.5
ELNINO_0372,LA CUMBRE,Sur Cali,Rural,EL RETIRO,JUNTA ADMINISTRADORA DE ACUEDUCTO EL RETIRO PARTE ALTA - ASORETIRO,100,1.5,8.36,20.95,38.2,2.11,1,2,3,P1,CHIRPS + ERA5-Land · GEE 1–15 ago 2026 vs 1991–2020 · matriz graduada V0.5
ELNINO_0373,LA CUMBRE,Sur Cali,Rural,CHICORALITO ALTO: TANQUE # 1,JUNTA ADMINISTRADORA DEL SERVICIO PUBLICO DEL AGUA DE LA VEREDA CHICORALITO - CHICOAGUAS TANQUE # 1,124,3.0,10.31,20.59,41.6,2.11,1,2,3,P1,CHIRPS + ERA5-Land · GEE 1–15 ago 2026 vs 1991–2020 · matriz graduada V0.5
ELNINO_0374,LA CUMBRE,Sur Cali,Rural,CHICORALITO TANQUE # 2,JUNTA ADMINISTRADORA DEL SERVICIO PUBLICO DEL AGUA DE LA VEREDA CHICORALITO - CHICOAGUAS TANQUE # 2,84,3.0,10.64,21.06,40.7,2.11,1,2,3,P1,CHIRPS + ERA5-Land · GEE 1–15 ago 2026 vs 1991–2020 · matriz graduada V0.5
ELNINO_0375,LA CUMBRE,Sur Cali,Rural,CHICORALITO ALTO: TANQUE # 3.,JUNTA ADMINISTRADORA DEL SERVICIO PUBLICO DEL AGUA DE LA VEREDA CHICORALITO - CHICOAGUAS TANQUE # 3.,88,3.0,10.64,21.06,40.7,2.11,1,2,3,P1,CHIRPS + ERA5-Land · GEE 1–15 ago 2026 vs 1991–2020 · matriz graduada V0.5
ELNINO_0376,LA CUMBRE,Sur Cali,Rural,CHICORALITO,JUNTA ADMINISTRADORA DEL SERVICIO PUBLICO DEL AGUA DE LA VEREDA CHICORALITO - CHICOAGUAS TANQUE # 4,100,2.0,10.64,21.06,40.7,2.11,1,2,3,P1,CHIRPS + ERA5-Land · GEE 1–15 ago 2026 vs 1991–2020 · matriz graduada V0.5
ELNINO_0377,LA CUMBRE,Sur Cali,Rural,CHICORALITO ALTO: TANQUE # 5.,JUNTA ADMINISTRADORA DEL SERVICIO PUBLICO DEL AGUA DE LA VEREDA CHICORALITO - CHICOAGUAS TANQUE # 5.,28,3.0,10.64,21.06,40.7,2.11,1,2,3,P1,CHIRPS + ERA5-Land · GEE 1–15 ago 2026 vs 1991–2020 · matriz graduada V0.5
ELNINO_0378,LA CUMBRE,Sur Cali,Rural,CHICORALITO ALTO: TANQUE # 6.,JUNTA ADMINISTRADORA DEL SERVICIO PUBLICO DEL AGUA DE LA VEREDA CHICORALITO - CHICOAGUAS TANQUE # 6.,64,1.0,10.31,20.59,41.6,2.11,1,2,3,P1,CHIRPS + ERA5-Land · GEE 1–15 ago 2026 vs 1991–2020 · matriz graduada V0.5
ELNINO_0379,LA CUMBRE,Sur Cali,Rural,CHICORALITO,JUNTA ADMINISTRADORA DEL SERVICIO PUBLICO DEL AGUA DE LA VEREDA CHICORALITO - CHICOAGUAS TANQUE # 7A,52,2.0,10.31,20.59,41.6,2.11,1,2,3,P1,CHIRPS + ERA5-Land · GEE 1–15 ago 2026 vs 1991–2020 · matriz graduada V0.5
ELNINO_0380,LA CUMBRE,Sur Cali,Rural,LA VENTURA,JUNTA DE AGUAS VEREDA LA VENTURA - JAGUVEN,868,1.9,8.36,20.95,38.2,2.11,1,2,3,P1,CHIRPS + ERA5-Land · GEE 1–15 ago 2026 vs 1991–2020 · matriz graduada V0.5
ELNINO_0381,LA CUMBRE,Sur Cali,Rural,SER EL BOSQUE,JUNTA DE AGUAS VEREDA LA VENTURA JAGUVEN - SECTOR EL BOSQUE,236,0.3,8.36,20.95,38.2,2.11,1,2,3,P1,CHIRPS + ERA5-Land · GEE 1–15 ago 2026 vs 1991–2020 · matriz graduada V0.5
ELNINO_0382,LA CUMBRE,Sur Cali,Urbano,"PAVITAS , ALTO ARBOLEDAS, TIMBIO, TUNIA, LAS COLONIAS, MONTAÑITA LA CUMBRE, MONTAÑITA YUMBO, CORDOBITAS, EL RETIRO, LA VENTURA",SOCIEDAD DE ACUEDUCTOS Y ALCANTARILLADOS DEL VALLE DEL CAUCA S.A. E.S.P. ACUAVALLE S.A. E.S.P.-LA CUMBRE,8092,12.0,9.84,20.95,42.2,2.02,1,2,3,P1,CHIRPS + ERA5-Land · GEE 1–15 ago 2026 vs 1991–2020 · matriz graduada V0.5
ELNINO_0383,LA UNION,Norte Cartago,Rural,CORCEGA,ACUEDUCTO RURAL CORCEGA,68,,11.96,21.67,32.3,1.7,1,2,3,P1,CHIRPS + ERA5-Land · GEE 1–15 ago 2026 vs 1991–2020 · matriz graduada V0.5
ELNINO_0384,LA UNION,Norte Cartago,Rural,LA AGUADA,ACUEDUCTO VEREDAL LA AGUADA BAJA,128,,15.08,19.52,39.3,1.33,1,1,2,P2,CHIRPS + ERA5-Land · GEE 1–15 ago 2026 vs 1991–2020 · matriz graduada V0.5
ELNINO_0385,LA UNION,Norte Cartago,Rural,LA ISLA,ACUEDUCTO VEREDAL LA ISLA,72,,12.87,21.67,35.3,1.56,1,2,3,P1,CHIRPS + ERA5-Land · GEE 1–15 ago 2026 vs 1991–2020 · matriz graduada V0.5
ELNINO_0386,LA UNION,Norte Cartago,Rural,"QUEBRADA GRANDE, LA PLAYA, EL JORDÁN , VIOLETAS,VENTIADEROS,EL CEDRO, SABANAZO, EL CASTILLO,CARPINTE",ASOCIACIÓN COMUNITARIA ADMINISTRADORA DEL ACUEDUCTO QUEBRADA GRANDE DEL MUNICIPIO DE LA UNIÓN,1460,12.0,17.58,19.52,40.8,1.39,1,1,2,P2,CHIRPS + ERA5-Land · GEE 1–15 ago 2026 vs 1991–2020 · matriz graduada V0.5
ELNINO_0387,LA UNION,Norte Cartago,Rural,PAJARO DE ORO,ASOCIACIÓN COMUNITARIA DE USUARIOS DEL ACUEDUCTO RURAL DE PÁJARO DE ORO ACUARPO,624,3.0,14.4,19.52,39.0,1.56,1,2,3,P1,CHIRPS + ERA5-Land · GEE 1–15 ago 2026 vs 1991–2020 · matriz graduada V0.5
ELNINO_0388,LA UNION,Norte Cartago,Rural,SAN PEDRO Y SAN LUIS,ASOCIACION DE USUARIOS ACUEDUCTO SAN PEDRO Y SAN LUIS ASUASPEL,3112,,14.4,19.52,39.0,1.56,1,2,3,P1,CHIRPS + ERA5-Land · GEE 1–15 ago 2026 vs 1991–2020 · matriz graduada V0.5
ELNINO_0389,LA UNION,Norte Cartago,Rural,EL RINCON,ASOCIACIÓN DE USUARIOS DEL ACUEDUCTO RURAL COMUNITARIO DE LA VEREDA EL RINCÓN MUNICIPIO DE LA UNIÓN VALLE -ASOCURINCON,180,6.0,14.4,19.52,39.0,1.56,1,2,3,P1,CHIRPS + ERA5-Land · GEE 1–15 ago 2026 vs 1991–2020 · matriz graduada V0.5
ELNINO_0390,LA UNION,Norte Cartago,Rural,SECTOR SILOE,ASUASPEL- ASOCIACIÓN DE USUARIOS ACUEDUCTO SAN PEDRO Y SAN LUIS - SECTOR SILOÉ-EL CARMEN #2,3292,3.1,14.4,19.52,39.0,1.56,1,2,3,P1,CHIRPS + ERA5-Land · GEE 1–15 ago 2026 vs 1991–2020 · matriz graduada V0.5
ELNINO_0391,LA UNION,Norte Cartago,Rural,"EL AJIZAL ,TAMBORAL – LA CHICA – LA AGUADA",JUNTA ADMON ACUEDUCTO AJIZAL -TAMBORAL-LACHICA - LA AGUADA,104,,15.08,19.52,39.3,1.33,1,1,2,P2,CHIRPS + ERA5-Land · GEE 1–15 ago 2026 vs 1991–2020 · matriz graduada V0.5
ELNINO_0393,LA VICTORIA,Norte Cartago,Rural,LA SIBERIA,ACUEDCUTO RURAL VEREDA LA SIBERIA,28,1.0,12.64,22.19,35.3,1.85,1,2,3,P1,CHIRPS + ERA5-Land · GEE 1–15 ago 2026 vs 1991–2020 · matriz graduada V0.5
ELNINO_0394,LA VICTORIA,Norte Cartago,Rural,SIERRA MOCHA,ACUEDUCTO RURAL SIERRA MOCHA,24,1.0,12.64,22.19,35.3,1.85,1,2,3,P1,CHIRPS + ERA5-Land · GEE 1–15 ago 2026 vs 1991–2020 · matriz graduada V0.5
ELNINO_0395,LA VICTORIA,Norte Cartago,Rural,RIVERA ALTA,ACUEDUCTO RURAL VEREDA RIVERALTA,240,1.0,14.65,21.31,36.5,1.85,1,2,3,P1,CHIRPS + ERA5-Land · GEE 1–15 ago 2026 vs 1991–2020 · matriz graduada V0.5
ELNINO_0396,LA VICTORIA,Norte Cartago,Rural,TAGUALES,ASOCIACION DE USUARIOS ACUEDUCTO RURAL COMUNITARIO DE TAGUALES,140,,12.64,22.19,35.3,1.85,1,2,3,P1,CHIRPS + ERA5-Land · GEE 1–15 ago 2026 vs 1991–2020 · matriz graduada V0.5
ELNINO_0397,LA VICTORIA,Norte Cartago,Rural,MIRAVALLES,ASOCIACION JUNTA ADMINISTRADORA DEL ACUEDUCTO RURAL MIRAVALLES,384,0.7,13.29,22.92,34.8,1.85,1,2,3,P1,CHIRPS + ERA5-Land · GEE 1–15 ago 2026 vs 1991–2020 · matriz graduada V0.5
ELNINO_0398,LA VICTORIA,Norte Cartago,Urbano,"URBANO, SAN JOSE, HOLGUIN, EL GUAYABO",SOCIEDAD DE ACUEDUCTOS Y ALCANTARILLADOS DEL VALLE DEL CAUCA S.A. E.S.P. ACUAVALLE S.A. E.S.P. - LA VICTORIA,17144,35.0,12.87,21.67,35.3,1.56,1,2,3,P1,CHIRPS + ERA5-Land · GEE 1–15 ago 2026 vs 1991–2020 · matriz graduada V0.5
ELNINO_0400,OBANDO,Norte Cartago,Rural,"YUCATAN ,CHUZO,SALEM ,LIMONES",ASOCIACION DE ACUEDUCTO VEREDAL EL CHUZO SALEM LIMONES,128,1.0,14.18,22.92,34.8,1.57,1,2,3,P1,CHIRPS + ERA5-Land · GEE 1–15 ago 2026 vs 1991–2020 · matriz graduada V0.5
ELNINO_0401,OBANDO,Norte Cartago,Rural,DE YUCATAN Y LIMONES,"ASOCIACION DE USUARIOS DEL ACUEDUCTO AGUAS, AGUA Y VIDA YUCATAN Y LIMONES",128,,14.18,22.92,34.8,1.57,1,2,3,P1,CHIRPS + ERA5-Land · GEE 1–15 ago 2026 vs 1991–2020 · matriz graduada V0.5
ELNINO_0170,OBANDO,Norte Cartago,Rural,BUENOS AIRES,ASOCIACION DE USUARIOS DEL ACUEDUCTO RURAL COMUNITARIO DE LA VEREDA BUENOS AIRES - AGUAS DE BUENOS AIRES,100,2.0,13.28,21.31,32.8,1.57,1,2,3,P1,CHIRPS + ERA5-Land · GEE 1–15 ago 2026 vs 1991–2020 · matriz graduada V0.5
ELNINO_0403,OBANDO,Norte Cartago,Rural,MARCOPILIS,ASOCIACION DE USUARIOS DEL ACUEDUCTO RURAL COMUNITARIO DE LA VEREDA MARCOPOLIS,40,,12.93,22.51,29.8,1.57,2,2,4,P1,CHIRPS + ERA5-Land · GEE 1–15 ago 2026 vs 1991–2020 · matriz graduada V0.5
ELNINO_0404,OBANDO,Norte Cartago,Rural,SAN ISIDRO,ASOCIACION DE USUARIOS DEL ACUEDUCTO RURAL COMUNITARIO DEL CORREGIMIENTO DE SAN ISIDRO,220,,13.28,21.31,32.8,1.57,1,2,3,P1,CHIRPS + ERA5-Land · GEE 1–15 ago 2026 vs 1991–2020 · matriz graduada V0.5
ELNINO_0302,OBANDO,Norte Cartago,Rural,VILLA RODAS,ASOCIACION DE USUARIOS DEL ACUEDUCTO Y ALCANTARILLADO CORREGIMIENTO VILLARODAS # 2,280,1.5,13.16,21.69,31.1,1.57,1,2,3,P1,CHIRPS + ERA5-Land · GEE 1–15 ago 2026 vs 1991–2020 · matriz graduada V0.5
ELNINO_0406,OBANDO,Norte Cartago,Rural,CORREGIMIETO VILLA RODAS,ASOCIACION DE USUARIOS DEL ACUEDUCTO Y ALCANTARILLADO VILLARODAS # 1,240,,13.16,21.69,31.1,1.57,1,2,3,P1,CHIRPS + ERA5-Land · GEE 1–15 ago 2026 vs 1991–2020 · matriz graduada V0.5
ELNINO_0407,OBANDO,Norte Cartago,Rural,JUNTA ADMINISTRADORA ACUEDU SALEM,JUNTA ADMINISTRADORA ACUEDUCTO SALEM,48,1.0,14.65,21.31,36.5,1.85,1,2,3,P1,CHIRPS + ERA5-Land · GEE 1–15 ago 2026 vs 1991–2020 · matriz graduada V0.5
ELNINO_0408,OBANDO,Norte Cartago,Rural,CRUCES,JUNTA ADMINISTRADORA DEL ACUEDUCTO DE CRUCES,340,4.0,12.93,22.51,29.8,1.57,2,2,4,P1,CHIRPS + ERA5-Land · GEE 1–15 ago 2026 vs 1991–2020 · matriz graduada V0.5
ELNINO_0410,OBANDO,Norte Cartago,Urbano,"URBANO, EL PLEITO, MOLINA, JUAN DIAZ",SOCIEDAD DE ACUEDUCTOS Y ALCANTARILLADOS DEL VALLE DEL CAUCA S.A. E.S.P. ACUAVALLE S.A. E.S.P.-OBANDO,12860,34.0,15.03,22.92,38.5,1.63,1,2,3,P1,CHIRPS + ERA5-Land · GEE 1–15 ago 2026 vs 1991–2020 · matriz graduada V0.5
ELNINO_0416,PRADERA,Sur Cali,Rural,EL NOGAL,ACUEDUCTO EL NOGAL,100,3.0,5.93,19.17,36.0,1.22,1,1,2,P2,CHIRPS + ERA5-Land · GEE 1–15 ago 2026 vs 1991–2020 · matriz graduada V0.5
ELNINO_0207,PRADERA,Sur Cali,Rural,"EL RECREO ALTO , EL RECREO BAJO.",ACUEDUCTO EL RECREO,600,19.0,6.79,21.78,44.9,1.22,1,1,2,P2,CHIRPS + ERA5-Land · GEE 1–15 ago 2026 vs 1991–2020 · matriz graduada V0.5
ELNINO_0312,PRADERA,Sur Cali,Rural,LA FERIA,ACUEDUCTO LA FERIA PLANADA,400,5.0,5.93,19.17,36.0,1.22,1,1,2,P2,CHIRPS + ERA5-Land · GEE 1–15 ago 2026 vs 1991–2020 · matriz graduada V0.5
ELNINO_0414,PRADERA,Sur Cali,Rural,POTRERITO,ASOCIACION COMUNITARIA ADMINISTRADORA ACUEDUCTO DOMESTICO CRGT POTRERITO - AGUASALUD POTRERITO,1168,7.0,5.93,19.17,36.0,1.22,1,1,2,P2,CHIRPS + ERA5-Land · GEE 1–15 ago 2026 vs 1991–2020 · matriz graduada V0.5
ELNINO_0415,PRADERA,Sur Cali,Rural,LOMITAS,ASOCIACION COMUNITARIA ADMINISTRADORA DEL ACUEDUCTO DEL CRGT DE LOMITAS - ACUASALUD LOMITAS,1296,6.0,5.81,22.02,39.3,1.22,1,1,2,P2,CHIRPS + ERA5-Land · GEE 1–15 ago 2026 vs 1991–2020 · matriz graduada V0.5
ELNINO_0317,PRADERA,Sur Cali,Rural,SAN ISIDRO,JUNTA ADMINISTRADORA ACUEDUCTO COMUNITARIO SAN ISIDRO,280,10.0,6.02,18.4,38.5,1.22,1,1,2,P2,CHIRPS + ERA5-Land · GEE 1–15 ago 2026 vs 1991–2020 · matriz graduada V0.5
ELNINO_0417,PRADERA,Sur Cali,Rural,BOLIVAR,JUNTA ADMINISTRADORA ACUEDUCTO DEL CORREGIMIENTO DE BOLIVAR - ACUASALUD BOLIVAR,60,1.5,6.02,18.4,38.5,1.22,1,1,2,P2,CHIRPS + ERA5-Land · GEE 1–15 ago 2026 vs 1991–2020 · matriz graduada V0.5
ELNINO_0418,PRADERA,Sur Cali,Rural,EL RETIRO,JUNTA ADMINISTRADORA ACUEDUCTO EL RETIRO ESP.,184,1.0,7.03,19.17,38.2,1.08,1,1,2,P2,CHIRPS + ERA5-Land · GEE 1–15 ago 2026 vs 1991–2020 · matriz graduada V0.5
ELNINO_0420,PRADERA,Sur Cali,Rural,SAN ANTONIO,JUNTA ADMINISTRADORA LOCAL ACUEDUCTO SAN ANTONIO,180,2.0,5.93,19.17,36.0,1.22,1,1,2,P2,CHIRPS + ERA5-Land · GEE 1–15 ago 2026 vs 1991–2020 · matriz graduada V0.5
ELNINO_0421,PRADERA,Sur Cali,Urbano,"URBANO, LA GRANJA, LA TUPIA, BOLO ARTONAL, LA FLORESTA",SOCIEDAD DE ACUEDUCTOS Y ALCANTARILLADOS DEL VALLE DEL CAUCA S.A. E.S.P. ACUAVALLE S.A. E.S.P. - PRADERA,51880,146.0,7.08,21.95,46.4,2.0,1,2,3,P1,CHIRPS + ERA5-Land · GEE 1–15 ago 2026 vs 1991–2020 · matriz graduada V0.5
ELNINO_0438,RESTREPO,Centro Tuluá,Rural,"BUEN VIVIR (107), TRES PUERTAS (77), COLEGURRE (22), VENTAQUEMADO (17), LA PALMA (120), MONTERREDOND",ACUAPALTRES,1948,7.0,7.59,19.68,25.7,1.23,2,1,3,P1,CHIRPS + ERA5-Land · GEE 1–15 ago 2026 vs 1991–2020 · matriz graduada V0.5
ELNINO_0428,RESTREPO,Centro Tuluá,Rural,AGUALINDA BAJO,ACUEDUCTO AGUALINDA BAJO,36,1.0,8.58,18.65,26.2,1.23,2,1,3,P1,CHIRPS + ERA5-Land · GEE 1–15 ago 2026 vs 1991–2020 · matriz graduada V0.5
ELNINO_0443,RESTREPO,Centro Tuluá,Rural,LA ESPERANZA,ACUEDUCTO ALTO DEL OSO - LA ESPERANZA,68,0.5,7.0,18.11,25.8,1.23,2,1,3,P1,CHIRPS + ERA5-Land · GEE 1–15 ago 2026 vs 1991–2020 · matriz graduada V0.5
ELNINO_0422,RESTREPO,Centro Tuluá,Rural,ALTO DEL OSO LA FLORIDA Y LA CAMELIA,ACUEDUCTO ALTO DEL OSO LA FLORIDA Y LA CAMELIA,84,0.5,7.0,18.11,25.8,1.23,2,1,3,P1,CHIRPS + ERA5-Land · GEE 1–15 ago 2026 vs 1991–2020 · matriz graduada V0.5
ELNINO_0222,RESTREPO,Centro Tuluá,Rural,ALTO DEL OSO,ACUEDUCTO ALTO EL OSO - LA CAMELIA,100,1.5,7.0,18.11,25.8,1.23,2,1,3,P1,CHIRPS + ERA5-Land · GEE 1–15 ago 2026 vs 1991–2020 · matriz graduada V0.5
ELNINO_0453,RESTREPO,Centro Tuluá,Rural,BOMBAY,ACUEDUCTO BOMBAY,128,0.2,8.58,18.65,26.2,1.23,2,1,3,P1,CHIRPS + ERA5-Land · GEE 1–15 ago 2026 vs 1991–2020 · matriz graduada V0.5
ELNINO_0412,RESTREPO,Centro Tuluá,Rural,LA BELMIRA,ACUEDUCTO LA BELMIRA,120,2.0,16.49,20.89,39.5,1.14,1,1,2,P2,CHIRPS + ERA5-Land · GEE 1–15 ago 2026 vs 1991–2020 · matriz graduada V0.5
ELNINO_0423,RESTREPO,Centro Tuluá,Rural,LA SOLEDAD,ACUEDUCTO LA SOLEDAD,60,1.5,6.04,21.69,42.1,2.01,1,2,3,P1,CHIRPS + ERA5-Land · GEE 1–15 ago 2026 vs 1991–2020 · matriz graduada V0.5
ELNINO_0424,RESTREPO,Centro Tuluá,Rural,ALTO ZABALETAS,ACUEDUCTO RURAL ALTO ZABALETAS,80,1.0,16.49,20.89,39.5,1.14,1,1,2,P2,CHIRPS + ERA5-Land · GEE 1–15 ago 2026 vs 1991–2020 · matriz graduada V0.5
ELNINO_0425,RESTREPO,Centro Tuluá,Rural,SAN MARTIN,ACUEDUCTO SAN MARTIN 2,76,1.0,7.0,18.11,25.8,1.23,2,1,3,P1,CHIRPS + ERA5-Land · GEE 1–15 ago 2026 vs 1991–2020 · matriz graduada V0.5
ELNINO_0448,RESTREPO,Centro Tuluá,Rural,"LAS BRISAS, PARTE DE ALTA DE VIJES, LA MERCED Y",ASOCIACION ACUEDUCTO COMUNITARIO QUEBRADA CALABAZAS- SAN PABLO - ACOCALABAZAS,492,1.5,7.0,18.11,25.8,1.23,2,1,3,P1,CHIRPS + ERA5-Land · GEE 1–15 ago 2026 vs 1991–2020 · matriz graduada V0.5
ELNINO_0430,RESTREPO,Centro Tuluá,Rural,ALTO SAN PABLO,ASOCIACION DE ACUEDUCTO VEREDAL ALTO SAN PABLO,120,10.0,8.58,18.65,26.2,1.23,2,1,3,P1,CHIRPS + ERA5-Land · GEE 1–15 ago 2026 vs 1991–2020 · matriz graduada V0.5
ELNINO_0439,RESTREPO,Centro Tuluá,Rural,LA ALBANIA,ASOCIACION DE SUSCRIPTORES DEL SISTEMA DE SUMINISTRO DE AGUA RURAL COMUNITARIA DE LA VEREDA ALBANIA CORREGIMIENTO DE ZABALETAS MUNICIPIO DE RESTREPO,260,3.0,16.49,20.89,39.5,1.14,1,1,2,P2,CHIRPS + ERA5-Land · GEE 1–15 ago 2026 vs 1991–2020 · matriz graduada V0.5
ELNINO_0454,RESTREPO,Centro Tuluá,Rural,EL DIAMANTE,ASOCIACION DE USUARIOS ACUEDUCTO EL DIAMANTE,120,1.5,7.0,18.11,25.8,1.23,2,1,3,P1,CHIRPS + ERA5-Land · GEE 1–15 ago 2026 vs 1991–2020 · matriz graduada V0.5
ELNINO_0444,RESTREPO,Centro Tuluá,Rural,PUERTA NEGRA,ASOCIACION DE USUARIOS DEL ACUEDUCTO ACUA PUERTA NEGRA,204,2.0,18.6,18.65,44.0,0.93,1,0,1,P3,CHIRPS + ERA5-Land · GEE 1–15 ago 2026 vs 1991–2020 · matriz graduada V0.5
ELNINO_0445,RESTREPO,Centro Tuluá,Rural,POTRERILLO,ASOCIACION DE USUARIOS DEL ACUEDUCTO AGUACATE-POTERILLO,388,2.0,10.61,19.68,40.3,2.02,1,2,3,P1,CHIRPS + ERA5-Land · GEE 1–15 ago 2026 vs 1991–2020 · matriz graduada V0.5
ELNINO_0431,RESTREPO,Centro Tuluá,Rural,AGUALINDA ALTO,ASOCIACION DE USUARIOS DEL ACUEDUCTO AGUALINDA ALTO,36,1.5,8.58,18.65,26.2,1.23,2,1,3,P1,CHIRPS + ERA5-Land · GEE 1–15 ago 2026 vs 1991–2020 · matriz graduada V0.5
ELNINO_0440,RESTREPO,Centro Tuluá,Rural,ALTO CIELO Y LA TESALIA,ASOCIACION DE USUARIOS DEL ACUEDUCTO DE LA CUENCA DEL ALTO CIELO Y LA TESALIA ESP,248,1.5,7.0,18.11,25.8,1.23,2,1,3,P1,CHIRPS + ERA5-Land · GEE 1–15 ago 2026 vs 1991–2020 · matriz graduada V0.5
ELNINO_0426,RESTREPO,Centro Tuluá,Rural,LA ITALIA,ASOCIACION DE USUARIOS DEL ACUEDUCTO DE LA VEREDA LA ITALIA - ACUAITALIA,200,1.5,8.58,18.65,26.2,1.23,2,1,3,P1,CHIRPS + ERA5-Land · GEE 1–15 ago 2026 vs 1991–2020 · matriz graduada V0.5
ELNINO_0441,RESTREPO,Sur Cali,Rural,"PUEBLO NUEVO,CABILDO NIAZA (RESTREPO)",ASOCIACIÓN DE USUARIOS DEL SERVICIO DE AGUA POTABLE PUEBLO NUEVO Y CABILDO NIAZA-ACUANIPU,360,,6.65,19.29,25.1,1.23,2,1,3,P1,CHIRPS + ERA5-Land · GEE 1–15 ago 2026 vs 1991–2020 · matriz graduada V0.5
ELNINO_0436,RESTREPO,Centro Tuluá,Rural,CALIMITA,ASOCIACION DE USUARIOS DEL SISTEMA Y SUMINISTRO DE AGUA DE LA VEREDA CALIMITA,320,2.0,8.58,18.65,26.2,1.23,2,1,3,P1,CHIRPS + ERA5-Land · GEE 1–15 ago 2026 vs 1991–2020 · matriz graduada V0.5
ELNINO_0455,RESTREPO,Centro Tuluá,Rural,"LA CAMELIA, INSTITUCION EDUCATIVA, EL JARDIN",ASOCIACION DE USUARIOS LA FLORIDA - ALTO DEL OSO 3,40,1.0,7.0,18.11,25.8,1.23,2,1,3,P1,CHIRPS + ERA5-Land · GEE 1–15 ago 2026 vs 1991–2020 · matriz graduada V0.5
ELNINO_0427,RESTREPO,Centro Tuluá,Rural,AGUA MONA,ASOCIACION DE USUARIOS VEREDA AGUA MONA,256,3.5,8.58,18.65,26.2,1.23,2,1,3,P1,CHIRPS + ERA5-Land · GEE 1–15 ago 2026 vs 1991–2020 · matriz graduada V0.5
ELNINO_0442,RESTREPO,Centro Tuluá,Rural,SANTA ROSA,ASOCIACION DE USUARIOS Y/O SUSCRIPTORES DEL SERVICIO DE AGUA POTABLE DE LA VEREDA SANTA ROSA - AVESARO,344,4.5,7.0,18.11,25.8,1.23,2,1,3,P1,CHIRPS + ERA5-Land · GEE 1–15 ago 2026 vs 1991–2020 · matriz graduada V0.5
ELNINO_0437,RESTREPO,Centro Tuluá,Rural,EL SILENCIO,ASOCIACION USUARIOS COMUNIDAD VDA SAN SALVADOR Y EL SILENCIO - EL SILENCIO,292,2.0,16.49,20.89,39.5,1.14,1,1,2,P2,CHIRPS + ERA5-Land · GEE 1–15 ago 2026 vs 1991–2020 · matriz graduada V0.5
ELNINO_0432,RESTREPO,Centro Tuluá,Rural,SAN SALVADOR,ASOCIACION USUARIOS COMUNIDAD VDA SAN SALVADOR Y EL SILENCIO - SAN SALVADOR,196,10.0,16.49,20.89,39.5,1.14,1,1,2,P2,CHIRPS + ERA5-Land · GEE 1–15 ago 2026 vs 1991–2020 · matriz graduada V0.5
ELNINO_0433,RESTREPO,Centro Tuluá,Rural,EL AGRADO,ASOCIACION USUARIOS DEL ACUEDUCTO AGUA DE DIOS,32,0.3,7.0,18.11,25.8,1.23,2,1,3,P1,CHIRPS + ERA5-Land · GEE 1–15 ago 2026 vs 1991–2020 · matriz graduada V0.5
ELNINO_0434,RESTREPO,Centro Tuluá,Rural,PLAYA RICA,ASOCIACON DE USUARIOS DEL SERVICIO DE AGUA DEL ACEUDUCTO PLAYA RICA - LA GUAIRA,360,4.0,13.16,18.65,37.9,1.14,1,1,2,P2,CHIRPS + ERA5-Land · GEE 1–15 ago 2026 vs 1991–2020 · matriz graduada V0.5
ELNINO_0486,RESTREPO,Centro Tuluá,Rural,RIO GRANDE,JUNTA ADMINISTRADORA ACUEDUCTO DOS PIEDRAS,140,1.5,11.5,19.68,37.2,1.14,1,1,2,P2,CHIRPS + ERA5-Land · GEE 1–15 ago 2026 vs 1991–2020 · matriz graduada V0.5
ELNINO_0435,RESTREPO,Centro Tuluá,Rural,ROMAN,JUNTA ADMINISTRADORA ACUEDUCTO ROMAN,92,,11.5,19.68,37.2,1.14,1,1,2,P2,CHIRPS + ERA5-Land · GEE 1–15 ago 2026 vs 1991–2020 · matriz graduada V0.5
ELNINO_0456,RESTREPO,Centro Tuluá,Rural,PARCELACION ECOLOGICA VILLA DEL SOL,PARCELACION ECOLOGICA VILLA DEL SOL,208,6.5,8.58,18.65,26.2,1.23,2,1,3,P1,CHIRPS + ERA5-Land · GEE 1–15 ago 2026 vs 1991–2020 · matriz graduada V0.5
ELNINO_0451,RESTREPO,Centro Tuluá,Urbano,"URBANO, AGUALINDA, EL AGRADO, AGUAMONA, CALIMITA, SAN PABLO, EL MADROÑAL, EL TRANSPORTE",SOCIEDAD DE ACUEDUCTOS Y ALCANTARILLADOS DEL VALLE DEL CAUCA S.A. E.S.P. ACUAVALLE S.A. E.S.P.-RESTREPO,15800,26.0,8.58,18.65,26.2,1.23,2,1,3,P1,CHIRPS + ERA5-Land · GEE 1–15 ago 2026 vs 1991–2020 · matriz graduada V0.5
ELNINO_0452,RESTREPO,Centro Tuluá,Rural,TABLEROS,SOCIEDAD DE ACUEDUCTOS Y ALCANTARILLADOS DEL VALLE DEL CAUCA S.A. E.S.P. ACUAVALLE S.A. E.S.P.-TABLEROS,1040,4.0,18.6,18.65,44.0,0.93,1,0,1,P3,CHIRPS + ERA5-Land · GEE 1–15 ago 2026 vs 1991–2020 · matriz graduada V0.5
ELNINO_0457,RIO FRIO,Centro Tuluá,Rural,MIRAVALLE ALTO,ACUAMIRAVALLE,128,2.5,10.51,17.61,28.7,0.57,2,0,2,P2,CHIRPS + ERA5-Land · GEE 1–15 ago 2026 vs 1991–2020 · matriz graduada V0.5
ELNINO_0458,RIO FRIO,Centro Tuluá,Rural,"EL DINDE, LA ARABIA , HOJAS ANCHAS",ACUARABIA,220,1.5,15.07,17.15,32.9,0.83,1,0,1,P3,CHIRPS + ERA5-Land · GEE 1–15 ago 2026 vs 1991–2020 · matriz graduada V0.5
ELNINO_0459,RIO FRIO,Centro Tuluá,Rural,EL RUBI,ACUEDUCTO DOS QUEBRADAS,104,2.0,13.37,15.35,31.1,0.57,1,0,1,P3,CHIRPS + ERA5-Land · GEE 1–15 ago 2026 vs 1991–2020 · matriz graduada V0.5
ELNINO_0126,RIO FRIO,Centro Tuluá,Rural,LAS BRISAS,ACUEDUCTO LAS BRISAS,36,6.5,12.68,17.15,30.0,1.0,1,0,1,P3,CHIRPS + ERA5-Land · GEE 1–15 ago 2026 vs 1991–2020 · matriz graduada V0.5
ELNINO_0461,RIO FRIO,Centro Tuluá,Rural,MIRAVALLE,ACUEDUCTO MIRAVALLE,108,1.5,10.51,17.61,28.7,0.57,2,0,2,P2,CHIRPS + ERA5-Land · GEE 1–15 ago 2026 vs 1991–2020 · matriz graduada V0.5
ELNINO_0462,RIO FRIO,Centro Tuluá,Rural,MORROPLANCHO BAJO,ACUEDUCTO MORROPLANCHO BAJO,80,2.0,12.68,17.15,30.0,1.0,1,0,1,P3,CHIRPS + ERA5-Land · GEE 1–15 ago 2026 vs 1991–2020 · matriz graduada V0.5
ELNINO_0463,RIO FRIO,Centro Tuluá,Rural,COROZAL,ACUEDUCTO RURAL COROZAL,300,2.3,10.51,17.61,28.7,0.57,2,0,2,P2,CHIRPS + ERA5-Land · GEE 1–15 ago 2026 vs 1991–2020 · matriz graduada V0.5
ELNINO_0464,RIO FRIO,Centro Tuluá,Rural,SAN ALFONSO,ACUEDUCTO RURAL SAN ALFONSO,144,3.0,12.68,17.15,30.0,1.0,1,0,1,P3,CHIRPS + ERA5-Land · GEE 1–15 ago 2026 vs 1991–2020 · matriz graduada V0.5
ELNINO_0300,RIO FRIO,Centro Tuluá,Rural,EL CARMEN,ACUEDUCTO VEREDA EL CARMEN,132,2.0,14.69,17.47,31.3,1.0,1,0,1,P3,CHIRPS + ERA5-Land · GEE 1–15 ago 2026 vs 1991–2020 · matriz graduada V0.5
ELNINO_0082,RIO FRIO,Centro Tuluá,Rural,EL RUBI,ACUEDUCTO VEREDA EL RUBI SECTOR LA CANCHA,120,1.0,13.37,15.35,31.1,0.57,1,0,1,P3,CHIRPS + ERA5-Land · GEE 1–15 ago 2026 vs 1991–2020 · matriz graduada V0.5
ELNINO_0468,RIO FRIO,Centro Tuluá,Rural,LA SULTANA,AGUA SULTANA,140,,10.14,19.89,28.4,1.31,2,1,3,P1,CHIRPS + ERA5-Land · GEE 1–15 ago 2026 vs 1991–2020 · matriz graduada V0.5
ELNINO_0469,RIO FRIO,Centro Tuluá,Rural,LA JUDEA (120407),ASOCIACION DE USUARIOS ACUEDUCTO AGUAS ARRIBA- LA JUDEA,120,,14.69,17.47,31.3,1.0,1,0,1,P3,CHIRPS + ERA5-Land · GEE 1–15 ago 2026 vs 1991–2020 · matriz graduada V0.5
ELNINO_0470,RIO FRIO,Centro Tuluá,Rural,CALABAZAS,ASOCIACION DE USUARIOS DEL ACUEDUCTO DE LA VEREDA DE CALABAZAS,248,,10.51,17.61,28.7,0.57,2,0,2,P2,CHIRPS + ERA5-Land · GEE 1–15 ago 2026 vs 1991–2020 · matriz graduada V0.5
ELNINO_0471,RIO FRIO,Centro Tuluá,Rural,LA ZULIA,ASOCIACION DE USUARIOS DEL ACUEDUCTO EL DIAMANTE - LA ZULIA,232,1.5,12.74,17.61,29.5,1.0,2,0,2,P2,CHIRPS + ERA5-Land · GEE 1–15 ago 2026 vs 1991–2020 · matriz graduada V0.5
ELNINO_0472,RIO FRIO,Centro Tuluá,Rural,LA CRISTALINA,ASOCIACION DE USUARIOS DEL ACUEDUCTO RURAL CAMPESINO DE LA VEREDA LA CRISTALINA,100,3.0,12.68,17.15,30.0,1.0,1,0,1,P3,CHIRPS + ERA5-Land · GEE 1–15 ago 2026 vs 1991–2020 · matriz graduada V0.5
ELNINO_0473,RIO FRIO,Centro Tuluá,Rural,PUERTO FENICIA,FUNDACION DE USUARIOS DEL ACUEDUCTO COREGIMIENTO FENICIA,3100,11.0,12.74,17.61,29.5,1.0,2,0,2,P2,CHIRPS + ERA5-Land · GEE 1–15 ago 2026 vs 1991–2020 · matriz graduada V0.5
ELNINO_0474,RIO FRIO,Centro Tuluá,Rural,MADRIGAL,FUNDACION DE USUARIOS DEL ACUEDUCTO DE LA VEREDA DE MADRIGAL,292,2.0,12.33,19.89,32.3,1.09,1,1,2,P2,CHIRPS + ERA5-Land · GEE 1–15 ago 2026 vs 1991–2020 · matriz graduada V0.5
ELNINO_0475,RIO FRIO,Centro Tuluá,Rural,PORTUGAL DE PIEDRAS,FUNDACION DE USUARIOS DEL ACUEDUCTO DEL CORREGIMIENTO DE PORTUGAL DE PIEDRAS - ACUEPORT,508,4.0,12.74,17.61,29.5,1.0,2,0,2,P2,CHIRPS + ERA5-Land · GEE 1–15 ago 2026 vs 1991–2020 · matriz graduada V0.5
ELNINO_0476,RIO FRIO,Centro Tuluá,Rural,SALÓNICA,"FUNDACION USUARIOS ACUEDUCTO SALONICA ""ACUASALONICA""",3200,12.0,12.68,17.15,30.0,1.0,1,0,1,P3,CHIRPS + ERA5-Land · GEE 1–15 ago 2026 vs 1991–2020 · matriz graduada V0.5
ELNINO_0477,RIO FRIO,Centro Tuluá,Rural,GUAYABAL,JUNTA ADMINISTRADORA ACUAGUAYABAL,140,2.5,12.68,17.15,30.0,1.0,1,0,1,P3,CHIRPS + ERA5-Land · GEE 1–15 ago 2026 vs 1991–2020 · matriz graduada V0.5
ELNINO_0478,RIO FRIO,Centro Tuluá,Rural,LA ITALIA,JUNTA ADMINISTRADORA ACUAITALIA,124,4.0,17.39,15.35,35.5,1.0,1,0,1,P3,CHIRPS + ERA5-Land · GEE 1–15 ago 2026 vs 1991–2020 · matriz graduada V0.5
ELNINO_0479,RIO FRIO,Centro Tuluá,Rural,LOS ESTRECHOS,JUNTA ADMINISTRADORA ACUEDUCTO LOS ESTRECHOS,120,3.0,12.32,17.61,29.4,1.31,2,1,3,P1,CHIRPS + ERA5-Land · GEE 1–15 ago 2026 vs 1991–2020 · matriz graduada V0.5
ELNINO_0480,RIO FRIO,Centro Tuluá,Rural,MORROPLANCHO ALTO,JUNTA ADMINISTRADORA DEL ACUEDUCTO DE MORROPLANCHO ALTO,176,3.0,12.68,17.15,30.0,1.0,1,0,1,P3,CHIRPS + ERA5-Land · GEE 1–15 ago 2026 vs 1991–2020 · matriz graduada V0.5
ELNINO_0481,RIO FRIO,Centro Tuluá,Rural,LOS ALPES,JUNTA ADMINISTRADORA DEL ACUEDUCTO DE USUARIO DE LA ZULIA ACUAZULIA LOS ALPES,720,5.0,12.74,17.61,29.5,1.0,2,0,2,P2,CHIRPS + ERA5-Land · GEE 1–15 ago 2026 vs 1991–2020 · matriz graduada V0.5
ELNINO_0482,RIO FRIO,Centro Tuluá,Rural,LA GUAIRA,JUNTA DE ACUEDUCTO LA GUAIRA,88,2.0,6.74,21.23,24.6,1.55,2,2,4,P1,CHIRPS + ERA5-Land · GEE 1–15 ago 2026 vs 1991–2020 · matriz graduada V0.5
ELNINO_0484,RIO FRIO,Centro Tuluá,Rural,SAN JOSE DE LA SELVA,VEREDA SAN JOSE DE LA SELVA,48,6.0,10.51,17.61,28.7,0.57,2,0,2,P2,CHIRPS + ERA5-Land · GEE 1–15 ago 2026 vs 1991–2020 · matriz graduada V0.5
ELNINO_0485,ROLDANILLO,Norte Cartago,Rural,"ISUGU,EL RINCON,SIMON BOLIVAR, EL","ACUACAMPO: ISUGU EL SILENCIO PUERTO QUINTERO, CANDELARIA, PUEBLO NUEVO, EL RINCON, SIMON BOLIVAR Y REMOLINO",2348,25.0,8.36,21.65,24.4,1.6,2,2,4,P1,CHIRPS + ERA5-Land · GEE 1–15 ago 2026 vs 1991–2020 · matriz graduada V0.5
ELNINO_0208,ROLDANILLO,Norte Cartago,Rural,LA ARMENIA ALTA,ACUEDUCTO RURAL LA ARMENIA ALTA,28,1.0,11.86,19.91,33.2,1.47,1,1,2,P2,CHIRPS + ERA5-Land · GEE 1–15 ago 2026 vs 1991–2020 · matriz graduada V0.5
ELNINO_0487,ROLDANILLO,Norte Cartago,Rural,EL PIE,ACUEDUCTO RURAL VEREDA EL PIE,200,1.0,10.04,19.59,28.3,1.47,2,1,3,P1,CHIRPS + ERA5-Land · GEE 1–15 ago 2026 vs 1991–2020 · matriz graduada V0.5
ELNINO_0488,ROLDANILLO,Norte Cartago,Rural,ARMENIA BAJA,ACUEDUCTO RURAL VEREDA LA ARMENIA BAJA,160,1.0,10.04,19.59,28.3,1.47,2,1,3,P1,CHIRPS + ERA5-Land · GEE 1–15 ago 2026 vs 1991–2020 · matriz graduada V0.5
ELNINO_0489,ROLDANILLO,Norte Cartago,Rural,LA SOLEDAD,ASOCIACION COMUNITARIA ADMINISTRADORA DEL ACUEDUCTO LA VEREDA LA SOLEDAD EN LIQUIDACION,360,3.0,11.77,19.13,31.6,1.47,1,1,2,P2,CHIRPS + ERA5-Land · GEE 1–15 ago 2026 vs 1991–2020 · matriz graduada V0.5
ELNINO_0490,ROLDANILLO,Norte Cartago,Rural,CASCARILLO,ASOCIACION DE USUARIOS ACUEDUCTO VEREDA CASCARILLO ARCAS,424,5.0,13.78,20.11,37.2,1.47,1,1,2,P2,CHIRPS + ERA5-Land · GEE 1–15 ago 2026 vs 1991–2020 · matriz graduada V0.5
ELNINO_0491,ROLDANILLO,Norte Cartago,Rural,CAJAMARCA,ASOCIACION DE USUARIOS DEL ACUEDUCTO CAJAMARCA-SAN ISIDRO,768,,16.62,19.91,44.7,1.4,1,1,2,P2,CHIRPS + ERA5-Land · GEE 1–15 ago 2026 vs 1991–2020 · matriz graduada V0.5
ELNINO_0493,ROLDANILLO,Norte Cartago,Rural,EL RETIRO,ASOCIACIÓN DE USUARIOS DEL ACUEDUCTO RURAL COMUNITARIO VEREDA EL RETIRO,416,33.0,11.77,19.13,31.6,1.47,1,1,2,P2,CHIRPS + ERA5-Land · GEE 1–15 ago 2026 vs 1991–2020 · matriz graduada V0.5
ELNINO_0494,ROLDANILLO,Norte Cartago,Rural,LA MONTAÑUELA LIMONES EL CIRUELO EL OREGANO BUENAVISTA HOYO HONDO BELGICA,ASOCIACION DE USUARIOS DEL ACUEDUCTO SANTA CLARA LA MONTAÑUELA,800,7.0,14.95,19.59,40.3,1.4,1,1,2,P2,CHIRPS + ERA5-Land · GEE 1–15 ago 2026 vs 1991–2020 · matriz graduada V0.5
ELNINO_0495,ROLDANILLO,Norte Cartago,Rural,"EL GUACHAL, LA CEIBA, REY ALTO, MEDIO Y BAJO",ASOCIACION DE USUARIOS EL REY (ASUACOR),1260,7.0,8.98,19.59,26.6,1.6,2,2,4,P1,CHIRPS + ERA5-Land · GEE 1–15 ago 2026 vs 1991–2020 · matriz graduada V0.5
ELNINO_0496,ROLDANILLO,Norte Cartago,Rural,CACERES,ASOCIACION DE USUARIOS VEREDA CACERES,72,3.0,13.78,20.11,37.2,1.47,1,1,2,P2,CHIRPS + ERA5-Land · GEE 1–15 ago 2026 vs 1991–2020 · matriz graduada V0.5
ELNINO_0497,ROLDANILLO,Norte Cartago,Urbano,"URBANO,SANTA RITA, TIERRA BLANCA, EL PALMAR GUAYABAL, SAN JOSE DEL HOBO, IRRUPA, HIGUERON, MORELIA",SOCIEDAD DE ACUEDUCTOS Y ALCANTARILLADOS DEL VALLE DEL CAUCA S.A. E.S.P. ACUAVALLE S.A. E.S.P. - ROLDANILLO,45332,90.0,10.04,19.59,28.3,1.47,2,1,3,P1,CHIRPS + ERA5-Land · GEE 1–15 ago 2026 vs 1991–2020 · matriz graduada V0.5
ELNINO_0498,SAN PEDRO,Centro Tuluá,Rural,LOS MATES,ACUEDUCTO LOS MATES ARENALES,68,7.0,4.63,21.69,27.6,1.46,2,1,3,P1,CHIRPS + ERA5-Land · GEE 1–15 ago 2026 vs 1991–2020 · matriz graduada V0.5
ELNINO_0499,SAN PEDRO,Centro Tuluá,Rural,"GUAQUEROS,LA ESPERANZA",ACUEDUCTO RURAL GUAQUEROS-LA ESPERANZA,360,2.0,6.23,20.45,26.5,1.46,2,1,3,P1,CHIRPS + ERA5-Land · GEE 1–15 ago 2026 vs 1991–2020 · matriz graduada V0.5
ELNINO_0500,SAN PEDRO,Centro Tuluá,Rural,LA PRADERA,ACUEDUCTO RURAL LA PRADERA,100,1.0,6.33,20.45,25.3,1.55,2,2,4,P1,CHIRPS + ERA5-Land · GEE 1–15 ago 2026 vs 1991–2020 · matriz graduada V0.5
ELNINO_0501,SAN PEDRO,Centro Tuluá,Rural,LOS MATES,ACUEDUCTO RURAL LOS MATES,40,0.5,5.74,21.69,28.5,1.55,2,2,4,P1,CHIRPS + ERA5-Land · GEE 1–15 ago 2026 vs 1991–2020 · matriz graduada V0.5
ELNINO_0226,SAN PEDRO,Centro Tuluá,Rural,BUENOS AIRES,ASOCIACION AGUAS DE BUENOS AIRES,360,1.0,6.23,20.45,26.5,1.46,2,1,3,P1,CHIRPS + ERA5-Land · GEE 1–15 ago 2026 vs 1991–2020 · matriz graduada V0.5
ELNINO_0503,SAN PEDRO,Centro Tuluá,Rural,SAN JOSE,ASOCIACION DE SUSCRIPTORES ACUEDUCTO Y ALCANTARILLADO SAN JOSE,1604,2.3,8.84,21.23,29.3,1.08,2,1,3,P1,CHIRPS + ERA5-Land · GEE 1–15 ago 2026 vs 1991–2020 · matriz graduada V0.5
ELNINO_0504,SAN PEDRO,Centro Tuluá,Rural,MONTERREDONDO,ASOCIACION DE USUARIOS DEL ACUEDUCTO MONTERREDONDO ESP,480,3.81,6.33,20.45,25.3,1.55,2,2,4,P1,CHIRPS + ERA5-Land · GEE 1–15 ago 2026 vs 1991–2020 · matriz graduada V0.5
ELNINO_0505,SAN PEDRO,Centro Tuluá,Rural,LOS CHANCOS,ASOCIACION DE USUARIOS DEL ACUEDUCTO Y ALCANTARILLADO DEL CORREGIMIENTO LOS CHANCOS SAN PEDRO VALLE,792,3.0,6.74,21.23,24.6,1.55,2,2,4,P1,CHIRPS + ERA5-Land · GEE 1–15 ago 2026 vs 1991–2020 · matriz graduada V0.5
ELNINO_0506,SAN PEDRO,Centro Tuluá,Rural,POSITOS,JUNTA ADMINISTRADORA ACUEDUCTO POSITOS,120,4.0,6.23,20.45,26.5,1.46,2,1,3,P1,CHIRPS + ERA5-Land · GEE 1–15 ago 2026 vs 1991–2020 · matriz graduada V0.5
ELNINO_0507,SAN PEDRO,Centro Tuluá,Rural,LA ESMERALDA,JUNTA DE ACCION COMUNAL CORREGIMIENTO LA ESMERALDA,148,1.0,7.47,20.45,27.6,1.48,2,1,3,P1,CHIRPS + ERA5-Land · GEE 1–15 ago 2026 vs 1991–2020 · matriz graduada V0.5
ELNINO_0509,SAN PEDRO,Centro Tuluá,Rural,LA SIRIA,LA SIRIA,224,1.5,7.47,20.45,27.6,1.48,2,1,3,P1,CHIRPS + ERA5-Land · GEE 1–15 ago 2026 vs 1991–2020 · matriz graduada V0.5
ELNINO_0510,SAN PEDRO,Centro Tuluá,Urbano,"URBANO, TODOS LOS SANTOS, PRESIDENTE, MONTEGRANDE,GUAYABAL, BELEN",SOCIEDAD DE ACUEDUCTOS Y ALCANTARILLADOS DEL VALLE DEL CAUCA S.A. E.S.P. ACUAVALLE S.A. E.S.P. - SAN PEDRO,17112,40.0,5.74,21.69,28.5,1.55,2,2,4,P1,CHIRPS + ERA5-Land · GEE 1–15 ago 2026 vs 1991–2020 · matriz graduada V0.5
ELNINO_0511,SEVILLA,Centro Tuluá,Rural,CIELO ROTO CANOAS,ACUEDUCTO CIELO ROTO CANOAS,132,7.0,7.28,16.65,24.7,1.14,2,1,3,P1,CHIRPS + ERA5-Land · GEE 1–15 ago 2026 vs 1991–2020 · matriz graduada V0.5
ELNINO_0512,SEVILLA,Centro Tuluá,Rural,COMINALES,ACUEDUCTO COMINALES,20,3.0,7.33,20.88,23.1,1.37,2,1,3,P1,CHIRPS + ERA5-Land · GEE 1–15 ago 2026 vs 1991–2020 · matriz graduada V0.5
ELNINO_0513,SEVILLA,Centro Tuluá,Rural,SALDAÑA,ACUEDUCTO DE SALDAÑA ACUASALDAÑA,112,1.0,9.09,20.88,27.7,1.55,2,2,4,P1,CHIRPS + ERA5-Land · GEE 1–15 ago 2026 vs 1991–2020 · matriz graduada V0.5
ELNINO_0514,SEVILLA,Centro Tuluá,Rural,CONGAL ALTO,ACUEDUCTO DE USUARIOS CONGAL ALTO,64,1.0,9.09,20.88,27.7,1.55,2,2,4,P1,CHIRPS + ERA5-Land · GEE 1–15 ago 2026 vs 1991–2020 · matriz graduada V0.5
ELNINO_0515,SEVILLA,Centro Tuluá,Rural,MEDIO SAN MARCOS,ACUEDUCTO MEDIO SAN MARCOS,20,1.5,7.33,20.88,23.1,1.37,2,1,3,P1,CHIRPS + ERA5-Land · GEE 1–15 ago 2026 vs 1991–2020 · matriz graduada V0.5
ELNINO_0516,SEVILLA,Centro Tuluá,Rural,EL CRUCERO,ACUEDUCTO RURAL EL CRUCERO - ACUACRUCERO,64,1.0,9.09,20.88,27.7,1.55,2,2,4,P1,CHIRPS + ERA5-Land · GEE 1–15 ago 2026 vs 1991–2020 · matriz graduada V0.5
ELNINO_0517,SEVILLA,Centro Tuluá,Rural,LA FLORIDA,ACUEDUCTO RURAL LA FLORIDA,88,3.0,8.14,18.44,24.9,0.94,2,0,2,P2,CHIRPS + ERA5-Land · GEE 1–15 ago 2026 vs 1991–2020 · matriz graduada V0.5
ELNINO_0518,SEVILLA,Centro Tuluá,Rural,LA CUCHILLA,ADMINISTRACION COOPERATIVA SEVILLA E.S.P. LA CUCHILLA EL JARDIN,784,10.0,13.56,21.93,39.4,1.52,1,2,3,P1,CHIRPS + ERA5-Land · GEE 1–15 ago 2026 vs 1991–2020 · matriz graduada V0.5
ELNINO_0519,SEVILLA,Centro Tuluá,Rural,MANZANILLO,ADMINISTRACION COOPERATIVA SEVILLA ESP-MANZANILLO,224,3.0,11.19,21.93,33.7,1.55,1,2,3,P1,CHIRPS + ERA5-Land · GEE 1–15 ago 2026 vs 1991–2020 · matriz graduada V0.5
ELNINO_0520,SEVILLA,Centro Tuluá,Rural,MORRO AZUL,ADMINISTRACION COOPERATIVA SEVILLA ESP-MORROAZUL,760,10.0,11.19,21.93,33.7,1.55,1,2,3,P1,CHIRPS + ERA5-Land · GEE 1–15 ago 2026 vs 1991–2020 · matriz graduada V0.5
ELNINO_0521,SEVILLA,Centro Tuluá,Rural,LA MARIA LA ESTRELLA,ASOCIACION COMUNITARIA ADMINISTRADORA DEL ACUEDUCTO RURAL LA MARIA LA ESTRELLA,216,1.0,6.75,18.44,23.6,1.14,2,1,3,P1,CHIRPS + ERA5-Land · GEE 1–15 ago 2026 vs 1991–2020 · matriz graduada V0.5
ELNINO_0522,SEVILLA,Centro Tuluá,Rural,MILONGA,ASOCIACION DE USUARIOS ACUEDUCTO DE LA VDA MILONGA,260,1.0,7.33,20.88,23.1,1.37,2,1,3,P1,CHIRPS + ERA5-Land · GEE 1–15 ago 2026 vs 1991–2020 · matriz graduada V0.5
ELNINO_0523,SEVILLA,Centro Tuluá,Rural,COLORADAS,ASOCIACION DE USUARIOS DEL ACUEDUCTO AGUA COLORADAS,560,3.5,7.82,20.88,23.9,0.94,2,0,2,P2,CHIRPS + ERA5-Land · GEE 1–15 ago 2026 vs 1991–2020 · matriz graduada V0.5
ELNINO_0524,SEVILLA,Centro Tuluá,Rural,ALTO RECREO,ASOCIACION DE USUARIOS DEL ACUEDUCTO DE LA VEREDA ALTO DEL RECREO,280,,7.33,20.88,23.1,1.37,2,1,3,P1,CHIRPS + ERA5-Land · GEE 1–15 ago 2026 vs 1991–2020 · matriz graduada V0.5
ELNINO_0525,SEVILLA,Centro Tuluá,Rural,BUENOS AIRES,ASOCIACION DE USUARIOS DEL ACUEDUCTO DE LA VEREDA BUENOS AIRES - AGUAVIVA,420,,13.2,21.32,36.7,1.52,1,2,3,P1,CHIRPS + ERA5-Land · GEE 1–15 ago 2026 vs 1991–2020 · matriz graduada V0.5
ELNINO_0526,SEVILLA,Centro Tuluá,Rural,EL VENADO,ASOCIACION DE USUARIOS DEL ACUEDUCTO DE LA VEREDA EL VENADO,276,4.0,7.33,20.88,23.1,1.37,2,1,3,P1,CHIRPS + ERA5-Land · GEE 1–15 ago 2026 vs 1991–2020 · matriz graduada V0.5
ELNINO_0527,SEVILLA,Centro Tuluá,Rural,LA FLORESTA,ASOCIACION DE USUARIOS DEL ACUEDUCTO DE LA VEREDA LA FLORESTA - ASUAFLORESTA,36,0.5,7.33,20.88,23.1,1.37,2,1,3,P1,CHIRPS + ERA5-Land · GEE 1–15 ago 2026 vs 1991–2020 · matriz graduada V0.5
ELNINO_0528,SEVILLA,Centro Tuluá,Rural,EL PURNIO,ASOCIACION DE USUARIOS DEL ACUEDUCTO DE LAS VEREDAS LA CRISTALINA Y PURNIO - AGUA PORVENIR PURNIO,140,1.0,7.33,20.88,23.1,1.37,2,1,3,P1,CHIRPS + ERA5-Land · GEE 1–15 ago 2026 vs 1991–2020 · matriz graduada V0.5
ELNINO_0529,SEVILLA,Centro Tuluá,Rural,LAS BRISAS,"ASOCIACION DE USUARIOS DEL ACUEDUCTO DE LAS VEREDAS LAS BRISAS BAJO SAN MARCOS Y LA MILONGA ""ASUABRISAS""",180,1.8,7.33,20.88,23.1,1.37,2,1,3,P1,CHIRPS + ERA5-Land · GEE 1–15 ago 2026 vs 1991–2020 · matriz graduada V0.5
ELNINO_0530,SEVILLA,Centro Tuluá,Rural,MIRAMAR Y LA MELVA,ASOCIACION DE USUARIOS DEL ACUEDUCTO DE LAS VEREDAS MIRAMAR Y LA MELVA (AGUAMIRAMELVA),232,2.0,8.29,20.43,26.0,1.37,2,1,3,P1,CHIRPS + ERA5-Land · GEE 1–15 ago 2026 vs 1991–2020 · matriz graduada V0.5
ELNINO_0531,SEVILLA,Centro Tuluá,Rural,COROZAL,"ASOCIACION DE USUARIOS DEL CORREGIMIENTO DE COROZAL - ""AGUA-VITAL COROZAL""",680,93.0,13.56,21.93,39.4,1.52,1,2,3,P1,CHIRPS + ERA5-Land · GEE 1–15 ago 2026 vs 1991–2020 · matriz graduada V0.5
ELNINO_0532,SEVILLA,Centro Tuluá,Rural,SAN ANTONIO DE PADUA,ASOCIACION DE USUARIOS JUNTA ADMINISTRADORA DEL ACUEDUCTO DE LA VEREDA SAN ANTONIO - ASA,800,5.0,7.33,20.88,23.1,1.37,2,1,3,P1,CHIRPS + ERA5-Land · GEE 1–15 ago 2026 vs 1991–2020 · matriz graduada V0.5
ELNINO_0533,SEVILLA,Centro Tuluá,Rural,CUMBARCO,ASOCIACION USUARIOS ACUEDUCTO CUMBARCO,464,7.0,4.17,18.02,15.5,1.21,2,1,3,P1,CHIRPS + ERA5-Land · GEE 1–15 ago 2026 vs 1991–2020 · matriz graduada V0.5
ELNINO_0534,SEVILLA,Centro Tuluá,Rural,EL BAYANO,JUNTA ACUEDUCTO VEREDA EL BAYANO,40,0.5,11.19,21.93,33.7,1.55,1,2,3,P1,CHIRPS + ERA5-Land · GEE 1–15 ago 2026 vs 1991–2020 · matriz graduada V0.5
ELNINO_0535,SEVILLA,Centro Tuluá,Rural,TOTORO,JUNTA ADMINISTRADOR ACUEDUCTO DE TOTORO - ACUATOTORO,180,2.0,11.19,21.93,33.7,1.55,1,2,3,P1,CHIRPS + ERA5-Land · GEE 1–15 ago 2026 vs 1991–2020 · matriz graduada V0.5
ELNINO_0536,SEVILLA,Centro Tuluá,Rural,ESTACION CAICEDONIA,JUNTA ADMINISTRADORA DEL ACUEDUCTO DE LA VEREDA ESTACION CAICEDONIA,452,2.0,13.2,21.32,36.7,1.52,1,2,3,P1,CHIRPS + ERA5-Land · GEE 1–15 ago 2026 vs 1991–2020 · matriz graduada V0.5
ELNINO_0537,SEVILLA,Centro Tuluá,Urbano,URBANO,SOCIEDAD DE ACUEDUCTOS Y ALCANTARILLADOS DEL VALLE DEL CAUCA S.A. E.S.P. ACUAVALLE S.A. E.S.P.-SEVILLA,38976,150.0,9.09,20.88,27.7,1.55,2,2,4,P1,CHIRPS + ERA5-Land · GEE 1–15 ago 2026 vs 1991–2020 · matriz graduada V0.5
ELNINO_0538,TORO,Norte Cartago,Rural,LA QUIEBRA,ACUEDUCTO RURAL VDA LA QUIEBRA,292,7.0,16.48,19.06,40.5,1.33,1,1,2,P2,CHIRPS + ERA5-Land · GEE 1–15 ago 2026 vs 1991–2020 · matriz graduada V0.5
ELNINO_0539,TORO,Norte Cartago,Rural,BOLIVAR,ACUEDUCTO RURAL VEREDA BOLIVAR,64,,15.23,20.05,31.8,1.29,1,1,2,P2,CHIRPS + ERA5-Land · GEE 1–15 ago 2026 vs 1991–2020 · matriz graduada V0.5
ELNINO_0540,TORO,Norte Cartago,Rural,VENTA QUEMADA,ACUEDUCTO RURAL VENTA QUEMADA-BUENA VISTA,32,2.0,15.45,20.82,35.0,1.29,1,1,2,P2,CHIRPS + ERA5-Land · GEE 1–15 ago 2026 vs 1991–2020 · matriz graduada V0.5
ELNINO_0541,TORO,Norte Cartago,Rural,SAN FRANCISCO,ASOCIACION CIVICA JUNTA ADMINISTRADORA DEL ACUEDUCTO SAN FRANCISCO,2016,1.0,13.3,20.82,30.9,1.36,1,1,2,P2,CHIRPS + ERA5-Land · GEE 1–15 ago 2026 vs 1991–2020 · matriz graduada V0.5
ELNINO_0542,TORO,Norte Cartago,Rural,PATIO BONITO,ASOCIACIONJUNTA ADMINISTRADORA DEL ACUEDUCTO RURAL COMUNITARIO PATIO BONITO -LA ROBLEDA-SABANAZO,620,7.0,15.08,19.52,39.3,1.33,1,1,2,P2,CHIRPS + ERA5-Land · GEE 1–15 ago 2026 vs 1991–2020 · matriz graduada V0.5
ELNINO_0543,TORO,Norte Cartago,Rural,PAN DE AZUCAR LA ESTRELLA,JUNTA DE ACCION COMUNAL DE LA VEREDA PAN DE AZUCAR (LA ESTRELLA),88,,15.23,20.05,31.8,1.29,1,1,2,P2,CHIRPS + ERA5-Land · GEE 1–15 ago 2026 vs 1991–2020 · matriz graduada V0.5
ELNINO_0544,TORO,Norte Cartago,Rural,"SAN ANTONIO, LA CAYETANA, CORCEGA, TEJADAS",JUNTA DE ACCION COMUNAL LA CAYETANA,408,40.0,11.96,21.67,32.3,1.7,1,2,3,P1,CHIRPS + ERA5-Land · GEE 1–15 ago 2026 vs 1991–2020 · matriz graduada V0.5
ELNINO_0545,TORO,Norte Cartago,Rural,EL CEDRO,JUNTA DE ACCIÓN COMUNAL VEREDA EL CEDRO,60,,14.09,21.67,37.4,1.33,1,1,2,P2,CHIRPS + ERA5-Land · GEE 1–15 ago 2026 vs 1991–2020 · matriz graduada V0.5
ELNINO_0547,TORO,Norte Cartago,Urbano,"URBANO, EL BOHIO, SAN ANTONIO, ESPINAL",SOCIEDAD DE ACUEDUCTOS Y ALCANTARILLADOS DEL VALLE DEL CAUCA S.A. E.S.P. ACUAVALLE S.A. E.S.P.-TORO,12936,40.0,14.09,21.67,37.4,1.33,1,1,2,P2,CHIRPS + ERA5-Land · GEE 1–15 ago 2026 vs 1991–2020 · matriz graduada V0.5
ELNINO_0548,TRUJILLO,Centro Tuluá,Rural,LA CRISTALINA,ACUEDUCTO COLECTIVO RURAL CAMPASEINO ALTO Y BAJA CRISTALINA,436,2.5,15.19,18.6,31.7,1.09,1,1,2,P2,CHIRPS + ERA5-Land · GEE 1–15 ago 2026 vs 1991–2020 · matriz graduada V0.5
ELNINO_0549,TRUJILLO,Centro Tuluá,Rural,MORAVITO,ACUEDUCTO MORAVITO,52,2.0,16.98,18.6,37.5,1.23,1,1,2,P2,CHIRPS + ERA5-Land · GEE 1–15 ago 2026 vs 1991–2020 · matriz graduada V0.5
ELNINO_0550,TRUJILLO,Centro Tuluá,Rural,LA BETULIA,ACUEDUCTO RURAL LA BETULIA - ACUABETULIA,80,1.0,16.11,18.6,32.8,0.83,1,0,1,P3,CHIRPS + ERA5-Land · GEE 1–15 ago 2026 vs 1991–2020 · matriz graduada V0.5
ELNINO_0551,TRUJILLO,Centro Tuluá,Rural,LA DEBORA,ACUEDUCTO RURAL LA DEVORA,0,10.0,21.77,20.02,40.4,0.83,1,0,1,P3,CHIRPS + ERA5-Land · GEE 1–15 ago 2026 vs 1991–2020 · matriz graduada V0.5
ELNINO_0552,TRUJILLO,Centro Tuluá,Rural,LA MARINA ALTA,ACUEDUCTO RURAL LA MARINA ALTA,64,2.0,14.51,18.6,33.8,1.12,1,1,2,P2,CHIRPS + ERA5-Land · GEE 1–15 ago 2026 vs 1991–2020 · matriz graduada V0.5
ELNINO_0555,TRUJILLO,Centro Tuluá,Rural,ALTAMIRA,AGUAS ALTAMIRA,0,,15.07,17.15,32.9,0.83,1,0,1,P3,CHIRPS + ERA5-Land · GEE 1–15 ago 2026 vs 1991–2020 · matriz graduada V0.5
ELNINO_0556,TRUJILLO,Centro Tuluá,Rural,VENECIA,AGUASALUD VENECIA,1400,10.0,15.07,17.15,32.9,0.83,1,0,1,P3,CHIRPS + ERA5-Land · GEE 1–15 ago 2026 vs 1991–2020 · matriz graduada V0.5
ELNINO_0557,TRUJILLO,Centro Tuluá,Rural,VERGEL,ASOCIACION AGUAS DEL VERGEL,128,2.0,10.97,19.26,28.3,1.5,2,1,3,P1,CHIRPS + ERA5-Land · GEE 1–15 ago 2026 vs 1991–2020 · matriz graduada V0.5
ELNINO_0558,TRUJILLO,Centro Tuluá,Rural,PUENTE BLANCO,ASOCIACION COMUNITARIA AGUA PUDEMA-PUENTE BLANCO,184,3.0,16.11,18.6,32.8,0.83,1,0,1,P3,CHIRPS + ERA5-Land · GEE 1–15 ago 2026 vs 1991–2020 · matriz graduada V0.5
ELNINO_0559,TRUJILLO,Centro Tuluá,Rural,CULEBRAS,ASOCIACION COMUNITARIA DE USUARIOS DEL ACUEDUCTO DE LA VEREDA CULEBRAS ACUCULEBRAS,288,,15.19,18.6,31.7,1.09,1,1,2,P2,CHIRPS + ERA5-Land · GEE 1–15 ago 2026 vs 1991–2020 · matriz graduada V0.5
ELNINO_0560,TRUJILLO,Centro Tuluá,Rural,CRISTALES,ASOCIACION DE USUARIOS ACUEDUCTO ALTO CRISTALES,180,,15.07,17.15,32.9,0.83,1,0,1,P3,CHIRPS + ERA5-Land · GEE 1–15 ago 2026 vs 1991–2020 · matriz graduada V0.5
ELNINO_0561,TRUJILLO,Centro Tuluá,Rural,ROBLEDO,"ASOCIACION DE USUARIOS ACUEDUCTO DE ROBLEDO ""ASUACOR""",1532,2.0,9.75,19.26,26.7,1.22,2,1,3,P1,CHIRPS + ERA5-Land · GEE 1–15 ago 2026 vs 1991–2020 · matriz graduada V0.5
ELNINO_0562,TRUJILLO,Centro Tuluá,Rural,"RIM,RAM",ASOCIACION DE USUARIOS DE ABASTO DE AGUA RIN RAN,120,1.0,15.19,18.6,31.7,1.09,1,1,2,P2,CHIRPS + ERA5-Land · GEE 1–15 ago 2026 vs 1991–2020 · matriz graduada V0.5
ELNINO_0563,TRUJILLO,Centro Tuluá,Rural,EL CHOCHO,ASOCIACION DE USUARIOS DEL ACUEDUCTO COLECTIVO RURAL DE LA VEREDA CHOCHO LA BOHEMIA,180,2.0,13.29,19.26,35.5,1.12,1,1,2,P2,CHIRPS + ERA5-Land · GEE 1–15 ago 2026 vs 1991–2020 · matriz graduada V0.5
ELNINO_0564,TRUJILLO,Centro Tuluá,Rural,BRISAS DE HOREO,ASOCIACION DE USUARIOS DEL ACUEDUCTO COMUNITARIO DE LA VEREDA SONORA ALTA,184,5.0,16.11,18.6,32.8,0.83,1,0,1,P3,CHIRPS + ERA5-Land · GEE 1–15 ago 2026 vs 1991–2020 · matriz graduada V0.5
ELNINO_0565,TRUJILLO,Centro Tuluá,Rural,HATO VIEJO,ASOCIACION DE USUARIOS DEL ACUEDUCTO COMUNITARIO HATO VIEJO,120,1.0,10.97,19.26,28.3,1.5,2,1,3,P1,CHIRPS + ERA5-Land · GEE 1–15 ago 2026 vs 1991–2020 · matriz graduada V0.5
ELNINO_0566,TRUJILLO,Centro Tuluá,Rural,ANDINÁPOLIS,ASOCIACION DE USUARIOS DEL ACUEDUCTO DE ANDINAPOLIS - ARCA,1120,6.0,15.07,17.15,32.9,0.83,1,0,1,P3,CHIRPS + ERA5-Land · GEE 1–15 ago 2026 vs 1991–2020 · matriz graduada V0.5
ELNINO_0567,TRUJILLO,Centro Tuluá,Rural,COLORADAS,ASOCIACION DE USUARIOS DEL ACUEDUCTO DE LA VEREDA CASCAJAL - ACUACOLORADAS,64,2.0,12.33,19.89,32.3,1.09,1,1,2,P2,CHIRPS + ERA5-Land · GEE 1–15 ago 2026 vs 1991–2020 · matriz graduada V0.5
ELNINO_0568,TRUJILLO,Centro Tuluá,Rural,"LA MARINA, ELCHOCHO, EL REMOLINO","ASOCIACION DE USUARIOS DEL ACUEDUCTO DE LAS VEREDAS LA MARINA, ELCHOCHO, EL REMOLINO",188,3.0,15.19,18.6,31.7,1.09,1,1,2,P2,CHIRPS + ERA5-Land · GEE 1–15 ago 2026 vs 1991–2020 · matriz graduada V0.5
ELNINO_0569,TRUJILLO,Centro Tuluá,Rural,LA SONORA,ASOCIACION DE USUARIOS DEL ACUEDUCTO DEL CORREGIMIENTO DE LA SONORA - ACUASONORA,140,3.0,16.11,18.6,32.8,0.83,1,0,1,P3,CHIRPS + ERA5-Land · GEE 1–15 ago 2026 vs 1991–2020 · matriz graduada V0.5
ELNINO_0570,TRUJILLO,Centro Tuluá,Rural,BAJO PALERMO,ASOCIACION DE USUARIOS DEL ACUEDUCTO RURAL COLECTIVO DE LA VEREDA BAJO PALERMO,144,1.0,16.11,18.6,32.8,0.83,1,0,1,P3,CHIRPS + ERA5-Land · GEE 1–15 ago 2026 vs 1991–2020 · matriz graduada V0.5
ELNINO_0571,TRUJILLO,Centro Tuluá,Rural,"LA CRISTALINA,EL OTRO MUNDO",ASOCIACION DE USUARIOS DEL ACUEDUCTO RURAL COLECTIVO DE LA VEREDA LA CRISTALINA-EL OTRO MUNDO,304,1.0,15.19,18.6,31.7,1.09,1,1,2,P2,CHIRPS + ERA5-Land · GEE 1–15 ago 2026 vs 1991–2020 · matriz graduada V0.5
ELNINO_0572,TRUJILLO,Centro Tuluá,Rural,CEDRALES,ASOCIACION DE USUARIOS DEL ACUEDUCTO RURAL COLECTIVO VEREDA CEDRALES ARCC,132,2.0,15.19,18.6,31.7,1.09,1,1,2,P2,CHIRPS + ERA5-Land · GEE 1–15 ago 2026 vs 1991–2020 · matriz graduada V0.5
ELNINO_0573,TRUJILLO,Centro Tuluá,Rural,"LAS MELENAS, LA SONADORA, PUENTE ROJO",ASOCIACION DE USUARIOS DEL ACUEDUCTO RURAL DE LA VEREDA LAS MELENAS ACUAMELENAS,180,2.0,15.07,17.15,32.9,0.83,1,0,1,P3,CHIRPS + ERA5-Land · GEE 1–15 ago 2026 vs 1991–2020 · matriz graduada V0.5
ELNINO_0574,TRUJILLO,Centro Tuluá,Rural,LOS RANCHOS,ASOCIACION DE USUARIOS DEL ACUEDUCTO RURAL LOS RANCHOS,100,1.5,16.01,17.15,36.1,1.09,1,1,2,P2,CHIRPS + ERA5-Land · GEE 1–15 ago 2026 vs 1991–2020 · matriz graduada V0.5
ELNINO_0575,TRUJILLO,Centro Tuluá,Rural,HUASANÓ,ASOCIACION DE USUARIOS DEL SERVICIO DE AGUA POTABLE DE HUASANO,1032,2.5,10.97,19.26,28.3,1.5,2,1,3,P1,CHIRPS + ERA5-Land · GEE 1–15 ago 2026 vs 1991–2020 · matriz graduada V0.5
ELNINO_0576,TRUJILLO,Centro Tuluá,Rural,LA LUISA,ASOCIACION DE USUARIOS RURAL FLORESTA LA LUISA,120,,14.5,19.26,35.3,1.09,1,1,2,P2,CHIRPS + ERA5-Land · GEE 1–15 ago 2026 vs 1991–2020 · matriz graduada V0.5
ELNINO_0577,TRUJILLO,Centro Tuluá,Rural,BUENAVISTA LA BOHEMIA,ASOCIACION DE USUARIOSDELACUEDUCTO BUENAVISTA LA BOHEMIA,320,,13.29,19.26,35.5,1.12,1,1,2,P2,CHIRPS + ERA5-Land · GEE 1–15 ago 2026 vs 1991–2020 · matriz graduada V0.5
ELNINO_0578,TRUJILLO,Centro Tuluá,Rural,LA DIAMANTINA,ASOCIACION JUNTA ADMINISTRADORA DEL ACUEDUCTO LA DIAMANTINA,160,2.5,15.07,17.15,32.9,0.83,1,0,1,P3,CHIRPS + ERA5-Land · GEE 1–15 ago 2026 vs 1991–2020 · matriz graduada V0.5
ELNINO_0579,TRUJILLO,Centro Tuluá,Rural,MARACAIBO,JUNTA ADMINISTRADORA ACUEDCUTO MANANTIAL DE VIDA,108,2.0,16.11,18.6,32.8,0.83,1,0,1,P3,CHIRPS + ERA5-Land · GEE 1–15 ago 2026 vs 1991–2020 · matriz graduada V0.5
ELNINO_0083,TRUJILLO,Centro Tuluá,Rural,PALERMO,JUNTA ADMINISTRADORA ACUEDUCTO DE PALERMO,80,1.8,15.19,18.6,31.7,1.09,1,1,2,P2,CHIRPS + ERA5-Land · GEE 1–15 ago 2026 vs 1991–2020 · matriz graduada V0.5
ELNINO_0581,TRUJILLO,Centro Tuluá,Rural,LA MARINA,JUNTA ADMINISTRADORA DEL ACUEDUCTO LA MARINA,188,2.0,14.51,18.6,33.8,1.12,1,1,2,P2,CHIRPS + ERA5-Land · GEE 1–15 ago 2026 vs 1991–2020 · matriz graduada V0.5
ELNINO_0582,TRUJILLO,Centro Tuluá,Urbano,URBANO,SOCIEDAD DE ACUEDUCTOS Y ALCANTARILLADOS DEL VALLE DEL CAUCA S.A. E.S.P. ACUAVALLE S.A. E.S.P. - TRUJILLO,10740,35.0,15.19,18.6,31.7,1.09,1,1,2,P2,CHIRPS + ERA5-Land · GEE 1–15 ago 2026 vs 1991–2020 · matriz graduada V0.5
ELNINO_0583,ULLOA,Norte Cartago,Rural,"EL PLACER, LA PLATA",ACUEDUCTO VEREDAL PLATACER,200,1.5,15.54,18.97,34.5,1.25,1,1,2,P2,CHIRPS + ERA5-Land · GEE 1–15 ago 2026 vs 1991–2020 · matriz graduada V0.5
ELNINO_0584,ULLOA,Norte Cartago,Rural,"SISTEMA #1 CHAPINERO,EL PIÑAL ,LA MONTAÑA,EL BOSQUE,EL MADROÑO, BERLIN PARTE ALTA",ADMINISTRACION COOPERATIVA ULLOA SISTEMA #1,1448,12.0,13.28,19.49,32.2,1.25,1,1,2,P2,CHIRPS + ERA5-Land · GEE 1–15 ago 2026 vs 1991–2020 · matriz graduada V0.5
ELNINO_0585,ULLOA,Norte Cartago,Rural,"BERLIN,MOCTEZUMA,DINAMARCA,VENECIA, EL COFRE,SUCRE,LA PASTORA,LA LATINA,CALAMONTE ALTO",ADMINISTRACION COOPERATIVA ULLOA SISTEMA #2,1792,22.0,13.6,18.97,30.9,1.56,1,2,3,P1,CHIRPS + ERA5-Land · GEE 1–15 ago 2026 vs 1991–2020 · matriz graduada V0.5
ELNINO_0586,ULLOA,Norte Cartago,Rural,SUCRE,ASOCIACION DE USUARIOS ACUEDUCTO SUCRE,64,1.0,13.6,18.97,30.9,1.56,1,2,3,P1,CHIRPS + ERA5-Land · GEE 1–15 ago 2026 vs 1991–2020 · matriz graduada V0.5
ELNINO_0587,ULLOA,Norte Cartago,Rural,EL BRILLANTE,JUNTA DE ACCIÓN COMUNAL VEREDA EL BRILLANTE,264,,15.54,18.97,34.5,1.25,1,1,2,P2,CHIRPS + ERA5-Land · GEE 1–15 ago 2026 vs 1991–2020 · matriz graduada V0.5
ELNINO_0588,ULLOA,Norte Cartago,Urbano,"URBANO, BERLIN",SOCIEDAD DE ACUEDUCTOS Y ALCANTARILLADOS DEL VALLE DEL CAUCA S.A. E.S.P. ACUAVALLE S.A. E.S.P.-ULLOA,3656,15.0,15.54,18.97,34.5,1.25,1,1,2,P2,CHIRPS + ERA5-Land · GEE 1–15 ago 2026 vs 1991–2020 · matriz graduada V0.5
ELNINO_0589,VERSALLES,Norte Cartago,Rural,EL VERGEL,ACUEDUCTO VEREDAL EL VERGEL,72,,23.42,20.17,53.7,1.35,0,1,1,P3,CHIRPS + ERA5-Land · GEE 1–15 ago 2026 vs 1991–2020 · matriz graduada V0.5
ELNINO_0590,VERSALLES,Norte Cartago,Rural,COCNUCO RED #1,ASOCIACIËN DE USUARIOS DEL ACUEDUCTO RURAL DE LA VEREDA COCONUCO RED 1,120,15.0,16.48,19.06,40.5,1.33,1,1,2,P2,CHIRPS + ERA5-Land · GEE 1–15 ago 2026 vs 1991–2020 · matriz graduada V0.5
ELNINO_0591,VERSALLES,Norte Cartago,Rural,COCONUCO RED #2,ASOCIACIËN DE USUARIOS DEL ACUEDUCTO RURAL DE LA VEREDA COCONUCO RED 2,60,,16.48,19.06,40.5,1.33,1,1,2,P2,CHIRPS + ERA5-Land · GEE 1–15 ago 2026 vs 1991–2020 · matriz graduada V0.5
ELNINO_0592,VERSALLES,Norte Cartago,Rural,"LA FLORIDA , MURRAPAL , EL SILENCIO",ASOCIACION ADMINISTRADORA ACUEDUCTO RURAL COMUNITARIO LA FLORIDA,680,3.0,16.48,19.06,40.5,1.33,1,1,2,P2,CHIRPS + ERA5-Land · GEE 1–15 ago 2026 vs 1991–2020 · matriz graduada V0.5
ELNINO_0593,VERSALLES,Norte Cartago,Rural,"EL BALSAL, EL TABOR, EL ARBOLITO",ASOCIACION COMUNITARIA ADMINISTRADORA DEL ACUEDUCTO ACUASALUDO EL BALSAL,1216,,24.51,19.8,50.3,1.29,0,1,1,P3,CHIRPS + ERA5-Land · GEE 1–15 ago 2026 vs 1991–2020 · matriz graduada V0.5
ELNINO_0594,VERSALLES,Norte Cartago,Rural,"EL BOSQUE, LA GUARIA, LA ARABIA, EL BRILLANTE, EL RUBY Y EL DECRO.",ASOCIACIÓN COMUNITARIA ADMINISTRADORA DEL ACUEDUCTO DE PUENTE TIERRA ASOCOAPT,164,3.0,18.05,19.06,40.8,1.39,1,1,2,P2,CHIRPS + ERA5-Land · GEE 1–15 ago 2026 vs 1991–2020 · matriz graduada V0.5
ELNINO_0446,VERSALLES,Norte Cartago,Rural,PUERTO NUEVO,JUNTA ACCION COMUNAL PUERTO NUEVO,240,1.38,23.42,20.17,53.7,1.35,0,1,1,P3,CHIRPS + ERA5-Land · GEE 1–15 ago 2026 vs 1991–2020 · matriz graduada V0.5
ELNINO_0598,VERSALLES,Norte Cartago,Rural,CAMPOALEGRE,JUNTA ADMINISTRADORA ACUEDUCTO LA PRIMAVERA- CAMPO ALEGRE,120,1.0,18.05,19.06,40.8,1.39,1,1,2,P2,CHIRPS + ERA5-Land · GEE 1–15 ago 2026 vs 1991–2020 · matriz graduada V0.5
ELNINO_0599,VERSALLES,Norte Cartago,Rural,"LA BALSORA ALTA Y BAJA, LA GRECIA, EL DESCANSO, OJEDAS,",JUNTA ADMINISTRADORA ACUEDUCTO RURAL VEREDA LA BALSORA,172,,16.52,19.52,43.8,1.4,1,1,2,P2,CHIRPS + ERA5-Land · GEE 1–15 ago 2026 vs 1991–2020 · matriz graduada V0.5
ELNINO_0600,VERSALLES,Norte Cartago,Rural,BUENA VISTA,JUNTA ADMINISTRADORA RURAL BUENA VISTA,100,0.25,23.56,19.8,51.7,1.35,0,1,1,P3,CHIRPS + ERA5-Land · GEE 1–15 ago 2026 vs 1991–2020 · matriz graduada V0.5
ELNINO_0601,VERSALLES,Norte Cartago,Rural,EL DIAMANTE LA CRISTALINA,JUNTA ADMON ACUEDUCTO LA CRISTALINA EL DIAMANTE,80,0.26,18.05,19.06,40.8,1.39,1,1,2,P2,CHIRPS + ERA5-Land · GEE 1–15 ago 2026 vs 1991–2020 · matriz graduada V0.5
ELNINO_0602,VERSALLES,Norte Cartago,Rural,GUAMALITO,SISTEMA DE ABASTECIMIENTO ACUEDUCTO RURAL GUAMALITO,200,2.0,19.7,20.17,47.1,1.39,1,1,2,P2,CHIRPS + ERA5-Land · GEE 1–15 ago 2026 vs 1991–2020 · matriz graduada V0.5
ELNINO_0603,VIJES,Sur Cali,Rural,POTRERITO,ASOCIACIÓN DE USUARIOS DE LA QUEBRADA DE POTRERITO SUR - ADUPSUR,288,,5.79,19.29,24.8,1.49,2,1,3,P1,CHIRPS + ERA5-Land · GEE 1–15 ago 2026 vs 1991–2020 · matriz graduada V0.5
ELNINO_0604,VIJES,Sur Cali,Rural,CAIMITAL,ASOCIACION DE USUARIOS DEL ACUEDUCTO RURAL COMUNITARIO DE LA VEREDA CAIMITAL SECTOR ESCUELA,72,7.0,6.81,19.68,26.2,1.49,2,1,3,P1,CHIRPS + ERA5-Land · GEE 1–15 ago 2026 vs 1991–2020 · matriz graduada V0.5
ELNINO_0605,VIJES,Sur Cali,Rural,CAIMITAL,"ASOCIACIÓN DE USUARIOS DEL ACUEDUCTO RURAL COMUNITARIO DE LA VEREDA CAIMITAL, MUNICIPIO DE VIJES",408,2.0,6.81,19.68,26.2,1.49,2,1,3,P1,CHIRPS + ERA5-Land · GEE 1–15 ago 2026 vs 1991–2020 · matriz graduada V0.5
ELNINO_0606,VIJES,Sur Cali,Rural,VEREDA CIENEGUITAS,ASOCIACION DE USUARIOS DEL ACUEDUCTO RURAL COMUNITARIO DE LA VEREDA CIENEGUITAS,320,0.5,6.28,19.29,25.5,1.07,2,1,3,P1,CHIRPS + ERA5-Land · GEE 1–15 ago 2026 vs 1991–2020 · matriz graduada V0.5
ELNINO_0607,VIJES,Sur Cali,Rural,"CARBONERO,LA PEDRERA","ASOCIACION DE USUARIOS DEL ACUEDUCTO RURAL COMUNITARIO DEL CORREGIMIENTO CARBONERO, VIJES.",476,1.0,5.79,19.29,24.8,1.49,2,1,3,P1,CHIRPS + ERA5-Land · GEE 1–15 ago 2026 vs 1991–2020 · matriz graduada V0.5
ELNINO_0608,VIJES,Sur Cali,Rural,LA RIVERA,ASOCIACIÓN DE USUARIOS DEL ACUEDUCTO RURAL COMUNITARIO DEL CORREGIMIENTO LA RIVERA.,480,3.0,5.79,19.29,24.8,1.49,2,1,3,P1,CHIRPS + ERA5-Land · GEE 1–15 ago 2026 vs 1991–2020 · matriz graduada V0.5
ELNINO_0609,VIJES,Sur Cali,Rural,LA FRESNEDA,ASOCIACIÓN DE USUARIOS DEL ACUEDUCTO RURAL COMUNITARIO MONTERREY ALTOS DE LA FRESNEDA JACA # 13,84,1.0,6.65,19.29,25.1,1.23,2,1,3,P1,CHIRPS + ERA5-Land · GEE 1–15 ago 2026 vs 1991–2020 · matriz graduada V0.5
ELNINO_0610,VIJES,Sur Cali,Rural,VILLA MARIA,ASOCIACION JUNTA ADMINISTRADORA DE ACUEDUCTO COMUNITARIO NUESTRA FUENTE - ASOJACONUF,200,1.0,5.79,19.29,24.8,1.49,2,1,3,P1,CHIRPS + ERA5-Land · GEE 1–15 ago 2026 vs 1991–2020 · matriz graduada V0.5
ELNINO_0611,VIJES,Sur Cali,Rural,VIDAL,JUNTA ADMINISTRADORA ACUEDUCTO COMUNITARIO VEREDA VIDAL ESP,280,,4.82,19.29,25.3,1.85,2,2,4,P1,CHIRPS + ERA5-Land · GEE 1–15 ago 2026 vs 1991–2020 · matriz graduada V0.5
ELNINO_0612,VIJES,Sur Cali,Rural,LA FRESNEDA,JUNTA ADMINISTRADORA COMUNITARIA ACUEDUCTO ALTO FRESNEDA JACA # 2,68,1.0,6.65,19.29,25.1,1.23,2,1,3,P1,CHIRPS + ERA5-Land · GEE 1–15 ago 2026 vs 1991–2020 · matriz graduada V0.5
ELNINO_0613,VIJES,Sur Cali,Rural,LA FRESNEDA ALTO DE LOS CHIVOS,JUNTA ADMINISTRADORA COMUNITARIA ACUEDUCTO LA FRESNEDA TRESQUEBRADAS,72,1.0,6.65,19.29,25.1,1.23,2,1,3,P1,CHIRPS + ERA5-Land · GEE 1–15 ago 2026 vs 1991–2020 · matriz graduada V0.5
ELNINO_0614,VIJES,Sur Cali,Rural,OCACHE,JUNTA ADMINISTRADORA COMUNITARIA ACUEDUCTO OCACHE ALTO - NUEVO HORIZONTE - JACA N° 7,200,1.0,6.39,20.95,28.1,1.49,2,1,3,P1,CHIRPS + ERA5-Land · GEE 1–15 ago 2026 vs 1991–2020 · matriz graduada V0.5
ELNINO_0615,VIJES,Sur Cali,Rural,SANTA ANA,JUNTA ADMINISTRADORA COMUNITARIA ACUEDUCTO VEREDA SANTA ANA - JACA N° 4,148,,4.82,19.29,25.3,1.85,2,2,4,P1,CHIRPS + ERA5-Land · GEE 1–15 ago 2026 vs 1991–2020 · matriz graduada V0.5
ELNINO_0616,VIJES,Sur Cali,Rural,LA FRESNEDA,JUNTA ADMINISTRADORA COMUNITARIA DEL ACUEDUCTO # 12 LA FRESNEDA-VIJES-LA JACA N° 12,304,2.0,6.65,19.29,25.1,1.23,2,1,3,P1,CHIRPS + ERA5-Land · GEE 1–15 ago 2026 vs 1991–2020 · matriz graduada V0.5
ELNINO_0617,VIJES,Sur Cali,Rural,EL TAMBOR,JUNTA ADMINISTRADORA COMUNITARIA DEL ACUEDUCTO #15 DEL CORREGIMIENTO EL TAMBOR-VIJES - LA JACA # 15,248,1.6,6.65,19.29,25.1,1.23,2,1,3,P1,CHIRPS + ERA5-Land · GEE 1–15 ago 2026 vs 1991–2020 · matriz graduada V0.5
ELNINO_0618,VIJES,Sur Cali,Rural,"EL PORVENIR,EL TRILLO,SAN ANTONIO,BRISAS,LA MERCED/LA COLONIA(RESTREPO),LA SOLEDAD(RESTREPO)",JUNTA ADMINISTRADORA COMUNITARIA DEL ACUEDUCTO #16 EL PORVENIR MUNICIPIO DE VIJES- LA JACA # 16,520,3.0,7.0,18.11,25.8,1.23,2,1,3,P1,CHIRPS + ERA5-Land · GEE 1–15 ago 2026 vs 1991–2020 · matriz graduada V0.5
ELNINO_0619,VIJES,Sur Cali,Rural,CACHIMBAL PARTE ALTA,JUNTA ADMINISTRADORA COMUNITARIA DEL ACUEDUCTO CACHIMBAL - LA ESTRELLA. JACA Nº 9,324,3.3,6.65,19.29,25.1,1.23,2,1,3,P1,CHIRPS + ERA5-Land · GEE 1–15 ago 2026 vs 1991–2020 · matriz graduada V0.5
ELNINO_0620,VIJES,Sur Cali,Rural,CACHIMBAL PARTE BAJA,JUNTA ADMINISTRADORA COMUNITARIA DEL ACUEDUCTO CORREGIMIENTO CACHIMBAL - JACA Nº 10,204,1.5,6.65,19.29,25.1,1.23,2,1,3,P1,CHIRPS + ERA5-Land · GEE 1–15 ago 2026 vs 1991–2020 · matriz graduada V0.5
ELNINO_0621,VIJES,Sur Cali,Rural,EL TAMBOR,JUNTA ADMINISTRADORA COMUNITARIA DEL ACUEDUCTO LA JACA # 11 EL TAMBOR - JACA #11,600,1.0,6.65,19.29,25.1,1.23,2,1,3,P1,CHIRPS + ERA5-Land · GEE 1–15 ago 2026 vs 1991–2020 · matriz graduada V0.5
ELNINO_0622,VIJES,Sur Cali,Rural,MOZAMBIQUE,JUNTA ADMINISTRADORA COMUNITARIA DEL ACUEDUCTO MOZAMBIQUE- J.A.C.A. N° 1,252,3.5,7.59,19.68,25.7,1.23,2,1,3,P1,CHIRPS + ERA5-Land · GEE 1–15 ago 2026 vs 1991–2020 · matriz graduada V0.5
ELNINO_0623,VIJES,Sur Cali,Rural,ROMERITO,JUNTA ADMINISTRADORA COMUNITARIA DEL ACUEDUCTO Nº6 VEREDA ROMERITO - LA JACA Nº6,176,,6.81,19.68,26.2,1.49,2,1,3,P1,CHIRPS + ERA5-Land · GEE 1–15 ago 2026 vs 1991–2020 · matriz graduada V0.5
ELNINO_0624,VIJES,Sur Cali,Rural,LOMALINDA,JUNTA ADMINISTRADORA COMUNITARIA JACA # 5 LOMALINDA VILLAMARÍA-VIJES,200,1.0,5.79,19.29,24.8,1.49,2,1,3,P1,CHIRPS + ERA5-Land · GEE 1–15 ago 2026 vs 1991–2020 · matriz graduada V0.5
ELNINO_0625,VIJES,Sur Cali,Rural,OCACHE PARTE BAJA,JUNTA ADMINISTRADORA DEL ACUEDUCTO DEL CORREGIMIENTO DE OCACHE PARTE BAJA - J.A.A.C.O.B.,220,0.9,6.81,19.68,26.2,1.49,2,1,3,P1,CHIRPS + ERA5-Land · GEE 1–15 ago 2026 vs 1991–2020 · matriz graduada V0.5
ELNINO_0626,VIJES,Sur Cali,Urbano,URBANO,SOCIEDAD DE ACUEDUCTOS Y ALCANTARILLADOS DEL VALLE DEL CAUCA S.A. E.S.P. ACUAVALLE S.A. E.S.P. - VIJES,12264,30.0,4.82,19.29,25.3,1.85,2,2,4,P1,CHIRPS + ERA5-Land · GEE 1–15 ago 2026 vs 1991–2020 · matriz graduada V0.5
ELNINO_0627,YOTOCO,Centro Tuluá,Rural,CORDOBITAS,ACUACORDOBITAS,128,1.0,9.75,18.11,27.1,1.13,2,1,3,P1,CHIRPS + ERA5-Land · GEE 1–15 ago 2026 vs 1991–2020 · matriz graduada V0.5
ELNINO_0628,YOTOCO,Centro Tuluá,Rural,CAMPOALEGRE,ACUEDUCTO AGUAS MIRACAMPO,72,,6.71,18.11,25.1,1.07,2,1,3,P1,CHIRPS + ERA5-Land · GEE 1–15 ago 2026 vs 1991–2020 · matriz graduada V0.5
ELNINO_0629,YOTOCO,Centro Tuluá,Rural,JIGUALES,ACUEDUCTO ANTIGUO DE JIGUALES,280,1.0,12.74,16.07,32.6,0.59,1,0,1,P3,CHIRPS + ERA5-Land · GEE 1–15 ago 2026 vs 1991–2020 · matriz graduada V0.5
ELNINO_0630,YOTOCO,Centro Tuluá,Rural,"LA COLONIA , LAS DELICIAS , SAN JUAN",ACUEDUCTO COMUNITARIO BELLA FUENTE,124,2.5,11.39,16.07,27.7,0.57,2,0,2,P2,CHIRPS + ERA5-Land · GEE 1–15 ago 2026 vs 1991–2020 · matriz graduada V0.5
ELNINO_0631,YOTOCO,Centro Tuluá,Rural,EL CRUZERO,ACUEDUCTO LA PALOMA - EL CRUCERO,112,1.0,6.18,20.95,32.2,1.47,1,1,2,P2,CHIRPS + ERA5-Land · GEE 1–15 ago 2026 vs 1991–2020 · matriz graduada V0.5
ELNINO_0632,YOTOCO,Centro Tuluá,Rural,"ALBANIA,SAN JUA","ACUEDUCTO RURAL ALBANIA-SAN JUAN ""ARLAS""",480,,9.09,18.43,26.4,0.57,2,0,2,P2,CHIRPS + ERA5-Land · GEE 1–15 ago 2026 vs 1991–2020 · matriz graduada V0.5
ELNINO_0633,YOTOCO,Centro Tuluá,Rural,LA COLONIA,"ACUEDUCTO RURAL LA COLONIA ""GOTAS DE VIDA""",112,2.0,10.4,18.11,30.0,0.59,1,0,1,P3,CHIRPS + ERA5-Land · GEE 1–15 ago 2026 vs 1991–2020 · matriz graduada V0.5
ELNINO_0634,YOTOCO,Centro Tuluá,Rural,EL CANEY,ASOCIACION ACUAVITAL ESP CANEY,200,2.0,12.74,16.07,32.6,0.59,1,0,1,P3,CHIRPS + ERA5-Land · GEE 1–15 ago 2026 vs 1991–2020 · matriz graduada V0.5
ELNINO_0635,YOTOCO,Centro Tuluá,Rural,EL DORADO,ASOCIACION ADMINISTRADORA ACUEDUCTO EL DORADO,100,,6.71,18.11,25.1,1.07,2,1,3,P1,CHIRPS + ERA5-Land · GEE 1–15 ago 2026 vs 1991–2020 · matriz graduada V0.5
ELNINO_0221,YOTOCO,Centro Tuluá,Rural,LA FLORESTA,ASOCIACION ADMINISTRADORA DE ACUEDUCTOS CORREGIMIENTO EL DORADO,44,1.5,10.4,18.11,30.0,0.59,1,0,1,P3,CHIRPS + ERA5-Land · GEE 1–15 ago 2026 vs 1991–2020 · matriz graduada V0.5
ELNINO_0637,YOTOCO,Centro Tuluá,Rural,LA FONTANA,ASOCIACION ADMINSITRADORA DEL ACUEDUCTO LA FONTANA-ACOFOMI,64,2.0,10.4,18.11,30.0,0.59,1,0,1,P3,CHIRPS + ERA5-Land · GEE 1–15 ago 2026 vs 1991–2020 · matriz graduada V0.5
ELNINO_0638,YOTOCO,Centro Tuluá,Rural,PUENTETIERRA,ASOCIACION COMUNITARIA ADMINISTRADORA ACUEDUCTO PUENTETIERRA LA VIRGINIA,128,21.0,6.74,21.23,24.6,1.55,2,2,4,P1,CHIRPS + ERA5-Land · GEE 1–15 ago 2026 vs 1991–2020 · matriz graduada V0.5
ELNINO_0639,YOTOCO,Centro Tuluá,Rural,PUENTETIERRA,ASOCIACION COMUNITARIA AGUAS DE PUENTE TIERRA - LA BOHEMIA,148,1.0,9.75,18.11,27.1,1.13,2,1,3,P1,CHIRPS + ERA5-Land · GEE 1–15 ago 2026 vs 1991–2020 · matriz graduada V0.5
ELNINO_0640,YOTOCO,Centro Tuluá,Rural,PUENTE TIERRA LA OFELIA,ASOCIACION COMUNITARIA AGUAS DE PUENTE TIERRA - LA OFELIA,576,2.5,9.75,18.11,27.1,1.13,2,1,3,P1,CHIRPS + ERA5-Land · GEE 1–15 ago 2026 vs 1991–2020 · matriz graduada V0.5
ELNINO_0641,YOTOCO,Centro Tuluá,Rural,RAYITO,ASOCIACIÓN DE USUARIOS AGUA ALBANIA E.S.P CARAMY,920,,9.09,18.43,26.4,0.57,2,0,2,P2,CHIRPS + ERA5-Land · GEE 1–15 ago 2026 vs 1991–2020 · matriz graduada V0.5
ELNINO_0642,YOTOCO,Centro Tuluá,Rural,MIRAVALLE,ASOCIACION DE USUARIOS AGUA ALBANIA ESP - MIRAVALLE,1200,3.0,9.09,18.43,26.4,0.57,2,0,2,P2,CHIRPS + ERA5-Land · GEE 1–15 ago 2026 vs 1991–2020 · matriz graduada V0.5
ELNINO_0643,YOTOCO,Centro Tuluá,Rural,BUENOS AIRES,ASOCIACION DE USUARIOS DE LA JUNTA ADMINISTRADORA DE AGUAS VEREDA BUENOS AIRES - AJABA,112,,6.71,18.11,25.1,1.07,2,1,3,P1,CHIRPS + ERA5-Land · GEE 1–15 ago 2026 vs 1991–2020 · matriz graduada V0.5
ELNINO_0644,YOTOCO,Centro Tuluá,Rural,CALIMITA,ASOCIACION DE USUARIOS DE LOS ACUEDUCTOS EL JARDIN - CALIMITA - CALIMITA,100,,10.4,18.11,30.0,0.59,1,0,1,P3,CHIRPS + ERA5-Land · GEE 1–15 ago 2026 vs 1991–2020 · matriz graduada V0.5
ELNINO_0645,YOTOCO,Centro Tuluá,Rural,EL JARDIN,ASOCIACION DE USUARIOS DE LOS ACUEDUCTOS EL JARDIN - CALIMITA - EL JARDIN,448,2.5,10.4,18.11,30.0,0.59,1,0,1,P3,CHIRPS + ERA5-Land · GEE 1–15 ago 2026 vs 1991–2020 · matriz graduada V0.5
ELNINO_0646,YOTOCO,Centro Tuluá,Rural,JIGUALES,ASOCIACION DE USUARIOS DEL ACUEDUCTO EL YARUMO-JIGUALES,416,1.9,12.74,16.07,32.6,0.59,1,0,1,P3,CHIRPS + ERA5-Land · GEE 1–15 ago 2026 vs 1991–2020 · matriz graduada V0.5
ELNINO_0647,YOTOCO,Centro Tuluá,Rural,LA RIVERA,ASOCIACIÓN DE USUARIOS DEL ACUEDUCTO LA RIVERA,132,1.5,11.39,16.07,27.7,0.57,2,0,2,P2,CHIRPS + ERA5-Land · GEE 1–15 ago 2026 vs 1991–2020 · matriz graduada V0.5
ELNINO_0648,YOTOCO,Centro Tuluá,Rural,COLORADOS,ASOCIACION USUARIOS SISTEMA SUMINISTRO AGUA RURAL VEREDA COLORADOS,96,,6.71,18.11,25.1,1.07,2,1,3,P1,CHIRPS + ERA5-Land · GEE 1–15 ago 2026 vs 1991–2020 · matriz graduada V0.5
ELNINO_0649,YOTOCO,Centro Tuluá,Rural,MEDIACANOA,ASOMEDIACANOA,3560,3.5,9.93,18.43,31.2,0.59,1,0,1,P3,CHIRPS + ERA5-Land · GEE 1–15 ago 2026 vs 1991–2020 · matriz graduada V0.5
ELNINO_0650,YOTOCO,Centro Tuluá,Rural,SAN ANTONIO DE PIEDRAS,ASUASAP,584,4.5,9.93,17.61,27.4,1.08,2,1,3,P1,CHIRPS + ERA5-Land · GEE 1–15 ago 2026 vs 1991–2020 · matriz graduada V0.5
ELNINO_0652,YOTOCO,Centro Tuluá,Rural,EL DELIRIO,JUNTA ACCION COMUNAL VEREDA EL DELIRIO,320,1.5,9.09,18.43,26.4,0.57,2,0,2,P2,CHIRPS + ERA5-Land · GEE 1–15 ago 2026 vs 1991–2020 · matriz graduada V0.5
ELNINO_0653,YOTOCO,Centro Tuluá,Rural,EL BOSQUE,JUNTA ADMINISTRADORA ACUEDUCTO EL BOSQUE,244,1.0,9.09,18.43,26.4,0.57,2,0,2,P2,CHIRPS + ERA5-Land · GEE 1–15 ago 2026 vs 1991–2020 · matriz graduada V0.5
ELNINO_0654,YOTOCO,Centro Tuluá,Rural,LAS DELICIAS,JUNTA ADMINISTRADORA ACUEDUCTO LAS DELICIAS,148,3.0,12.74,16.07,32.6,0.59,1,0,1,P3,CHIRPS + ERA5-Land · GEE 1–15 ago 2026 vs 1991–2020 · matriz graduada V0.5
ELNINO_0655,YOTOCO,Centro Tuluá,Rural,LOS PLANES,JUNTA ADMINISTRADORA ACUEDUCTO LOS PLANES,448,6.0,9.93,18.43,31.2,0.59,1,0,1,P3,CHIRPS + ERA5-Land · GEE 1–15 ago 2026 vs 1991–2020 · matriz graduada V0.5
ELNINO_0656,YOTOCO,Centro Tuluá,Rural,EL DOPO,JUNTA ADMINISTRADORA ACUEDUCTO RURAL EL DOPO,224,2.0,9.93,18.43,31.2,0.59,1,0,1,P3,CHIRPS + ERA5-Land · GEE 1–15 ago 2026 vs 1991–2020 · matriz graduada V0.5
ELNINO_0657,YOTOCO,Centro Tuluá,Urbano,URBANO,SOCIEDAD DE ACUEDUCTOS Y ALCANTARILLADOS DEL VALLE DEL CAUCA S.A. E.S.P. ACUAVALLE S.A. E.S.P. - YOTOCO,13600,29.0,8.6,19.56,29.2,0.59,2,0,2,P2,CHIRPS + ERA5-Land · GEE 1–15 ago 2026 vs 1991–2020 · matriz graduada V0.5
ELNINO_0658,ZARZAL,Centro Tuluá,Rural,COROZAL (150) Y BUENOS AIRES (50),ASOCIACION DE USUARIOS ACUASALUD VALLEJUELO,2120,14.0,13.26,21.93,37.4,1.99,1,2,3,P1,CHIRPS + ERA5-Land · GEE 1–15 ago 2026 vs 1991–2020 · matriz graduada V0.5
ELNINO_0659,ZARZAL,Centro Tuluá,Rural,LA PAILA,ASOCIACION DE USUARIOS DE LOS SERVICIOS PUBLICOS DE LA PAILA ASEPAILA,7520,30.0,7.49,21.6,22.9,1.03,2,1,3,P1,CHIRPS + ERA5-Land · GEE 1–15 ago 2026 vs 1991–2020 · matriz graduada V0.5
ELNINO_0660,ZARZAL,Centro Tuluá,Rural,"GUASIMAL BAJO , GUASIMAL ALTO, ALIZAL",ASOCIACION DE USUARIOS DE SERVICIOS PUBLICOS DEL ACUEDUCTO GUASIMAL-ALIZAL,236,,11.47,21.65,32.1,1.99,1,2,3,P1,CHIRPS + ERA5-Land · GEE 1–15 ago 2026 vs 1991–2020 · matriz graduada V0.5
ELNINO_0661,ZARZAL,Centro Tuluá,Rural,QUEBRADANUEVA,ASOCIACION DE USUARIOS DEL ACUEDUCTO QUEBRADA NUEVA,1080,1.0,13.26,21.93,37.4,1.99,1,2,3,P1,CHIRPS + ERA5-Land · GEE 1–15 ago 2026 vs 1991–2020 · matriz graduada V0.5
ELNINO_0662,ZARZAL,Centro Tuluá,Urbano,"URBANO, LIMONES, VERGEL",SOCIEDAD DE ACUEDUCTOS Y ALCANTARILLADOS DEL VALLE DEL CAUCA S.A. E.S.P. ACUAVALLE S.A. E.S.P. - ZARZAL,43448,81.0,8.36,21.65,24.4,1.6,2,2,4,P1,CHIRPS + ERA5-Land · GEE 1–15 ago 2026 vs 1991–2020 · matriz graduada V0.5
ELNINO_0664,EL DOVIO,Norte Cartago,Rural,DIAMANTE,ACUEDUCTO VEREDAL EL DIAMANTE,68,1.8,23.61,21.53,52.8,1.76,0,2,2,P2,CHIRPS + ERA5-Land · GEE 1–15 ago 2026 vs 1991–2020 · matriz graduada V0.5
ELNINO_0666,EL DOVIO,Norte Cartago,Rural,CIELITO,JUNTA ADMINISTRADORA DEL ACUEDUCTO RURAL EL CIELITO,52,2.5,17.27,19.91,43.6,1.76,1,2,3,P1,CHIRPS + ERA5-Land · GEE 1–15 ago 2026 vs 1991–2020 · matriz graduada V0.5
ELNINO_0667,SEVILLA,Centro Tuluá,Rural,CEBOLLAL,ACUEDUCTO EL CEBOLLAL,136,,7.91,18.44,25.7,1.37,2,1,3,P1,CHIRPS + ERA5-Land · GEE 1–15 ago 2026 vs 1991–2020 · matriz graduada V0.5
ELNINO_0668,SAN PEDRO,Centro Tuluá,Rural,PREDIO LA CAMILA,ASOCIACION DE PRODUCTORES AGROPECUARIOS VICTIMAS DEL CONFLICTO ARMADO DE COLOMBIA -,280,,9.93,17.61,27.4,1.08,2,1,3,P1,CHIRPS + ERA5-Land · GEE 1–15 ago 2026 vs 1991–2020 · matriz graduada V0.5
ELNINO_0669,TRUJILLO,Centro Tuluá,Rural,LAS BRUMAS,ASOCIACION DE USUARIOS ABASTECIMIENTO DE AGUA LAS BRUMAS ASOBRU,24,3.0,15.19,18.6,31.7,1.09,1,1,2,P2,CHIRPS + ERA5-Land · GEE 1–15 ago 2026 vs 1991–2020 · matriz graduada V0.5
ELNINO_0670,YOTOCO,Centro Tuluá,Rural,EL SOBACO,JUNTA ADMINISTRADORA ACUEDUCTO EL SOBACO,20,,6.71,18.11,25.1,1.07,2,1,3,P1,CHIRPS + ERA5-Land · GEE 1–15 ago 2026 vs 1991–2020 · matriz graduada V0.5
ELNINO_0671,EL CERRITO,Sur Cali,Rural,PARCELACION EL CASTILLO,ACUEDUCTO AGUAS DEL CASTILLO,0,,6.75,18.72,41.0,1.15,1,1,2,P2,CHIRPS + ERA5-Land · GEE 1–15 ago 2026 vs 1991–2020 · matriz graduada V0.5
ELNINO_0086,ROLDANILLO,Norte Cartago,Rural,MATEGUADUA,ACUEDUCTO RURAL VEREDA MATEGUADUA,44,2.5,11.86,19.91,33.2,1.47,1,1,2,P2,CHIRPS + ERA5-Land · GEE 1–15 ago 2026 vs 1991–2020 · matriz graduada V0.5
ELNINO_0673,TORO,Norte Cartago,Rural,"VENTAQUEMADA SISTEMA # 2 , LA SIBERIA",ACUEDUCTO RURAL VDA VENTAQUEMADA SISTEMA # 2 - LA SIBERIA,72,1.5,15.45,20.82,35.0,1.29,1,1,2,P2,CHIRPS + ERA5-Land · GEE 1–15 ago 2026 vs 1991–2020 · matriz graduada V0.5
ELNINO_0674,ANDALUCÍA,Centro Tuluá,Rural,INSTITUCION EDUCATIVA AGRICOLA CAMPOALEGRE SEDE SANTA MATILDE,INSTITUCION EDUCATIVA AGRICOLA CAMPOALEGRE SEDE SANTA MATILDE,32,1.0,7.82,18.44,24.8,1.15,2,1,3,P1,CHIRPS + ERA5-Land · GEE 1–15 ago 2026 vs 1991–2020 · matriz graduada V0.5
ELNINO_0675,ULLOA,Norte Cartago,Rural,CALAMONTE BAJO,JUNTA DE ACCION COMUNAL CALAMONTE BAJO,280,10.0,14.92,21.75,33.3,1.56,1,2,3,P1,CHIRPS + ERA5-Land · GEE 1–15 ago 2026 vs 1991–2020 · matriz graduada V0.5
ELNINO_0676,VIJES,Sur Cali,Rural,"CARBONERO,LA PEDRERA",JUNTA ADMINISTRADORA ACUEDUCTO CARBONERO Y LA PEDRERA JACA N°1 - LA PEDRERA,220,1.0,5.79,19.29,24.8,1.49,2,1,3,P1,CHIRPS + ERA5-Land · GEE 1–15 ago 2026 vs 1991–2020 · matriz graduada V0.5
ELNINO_0596,EL CERRITO,Sur Cali,Rural,REGADEROS,JUNTA DE ACCIÓN COMUNAL VEREDA REGADEROS,248,0.41,7.43,18.72,42.8,0.71,1,0,1,P3,CHIRPS + ERA5-Land · GEE 1–15 ago 2026 vs 1991–2020 · matriz graduada V0.5
