{"type":"FeatureCollection","features":[{"type":"Feature","properties":{"id":"ELNINO_0001","id_maestro":"ACUEDUCTO_0001","codigo":"77","mun":"ALCALA","aro":"Norte Cartago","amb":"Rural","tipo":"DISPERSA","prest":"ASOCIACION DE USUARIOS DEL ACUEDUCTORURAL VEREDA EL EDEN (ASOCOAGUAS)","loc":"EL EDEN","pob":208,"susc":52,"q":8.0,"qesc":4.8,"dem":0.45,"bal":4.35,"trat":"FD+Desinfección","tienetrat":1,"tfuente":"Superficial","fuente":"LUCITANIA 1, LUCITANIA 2","P_operativa":"SIN CLASIFICAR","P_clima":"P1","precip_idx":31.9,"temp_anom":1.56,"clasif_fuente":"CHIRPS + ERA5-Land · GEE 1–15 ago 2026 vs 1991–2020 · matriz graduada V0.5","precip_sev":1,"temp_sev":2,"clima_score":3,"precip_mm":13.68,"temp_mean":21.69},"geometry":{"type":"Point","coordinates":[-75.83319,4.695786]}},{"type":"Feature","properties":{"id":"ELNINO_0002","id_maestro":"ACUEDUCTO_0002","codigo":"78","mun":"ALCALA","aro":"Norte Cartago","amb":"Rural","tipo":"DISPERSA","prest":"ADMINISTRACION COOPERATIVA MARAVELEZ - ALCALA E.S.P.(SISTEMA #1)","loc":"CONGAL , MARAVELEZ PARTE ALTA","pob":796,"susc":199,"q":29.0,"qesc":17.4,"dem":1.72,"bal":15.68,"trat":"Solo desinfección","tienetrat":"","tfuente":"","fuente":"","P_operativa":"SIN CLASIFICAR","P_clima":"P2","precip_idx":32.2,"temp_anom":1.25,"clasif_fuente":"CHIRPS + ERA5-Land · GEE 1–15 ago 2026 vs 1991–2020 · matriz graduada V0.5","precip_sev":1,"temp_sev":1,"clima_score":2,"precip_mm":13.28,"temp_mean":19.49},"geometry":{"type":"Point","coordinates":[-75.70801,4.672931]}},{"type":"Feature","properties":{"id":"ELNINO_0003","id_maestro":"ACUEDUCTO_0003","codigo":"171","mun":"ALCALA","aro":"Norte Cartago","amb":"Rural","tipo":"CENTRO POBLADO","prest":"ADMINISTRACION COOPERATIVA MARAVELEZ - ALCALA E.S.P.(SISTEMA #2)","loc":"CONGAL, MARAVELEZ PARTE BAJA, LA POLONIA , LA CAPILLA","pob":412,"susc":103,"q":13.0,"qesc":7.8,"dem":0.89,"bal":6.91,"trat":"Solo desinfección","tienetrat":"","tfuente":"","fuente":"","P_operativa":"SIN CLASIFICAR","P_clima":"P2","precip_idx":32.2,"temp_anom":1.25,"clasif_fuente":"CHIRPS + ERA5-Land · GEE 1–15 ago 2026 vs 1991–2020 · matriz graduada V0.5","precip_sev":1,"temp_sev":1,"clima_score":2,"precip_mm":13.28,"temp_mean":19.49},"geometry":{"type":"Point","coordinates":[-75.72291,4.666264]}},{"type":"Feature","properties":{"id":"ELNINO_0004","id_maestro":"ACUEDUCTO_0004","codigo":"79","mun":"ALCALA","aro":"Norte Cartago","amb":"Rural","tipo":"CENTRO POBLADO","prest":"ADMINISTRACION COOPERATIVA MARAVELEZ - ALCALA E.S.P.(SISTEMA #3)","loc":"(PARTE ALTA) BELGICA , LA FLORESTA , SAN FELIPE , LOS SAUCES , PLAYAS VERDES","pob":1928,"susc":482,"q":10.0,"qesc":6.0,"dem":4.17,"bal":1.83,"trat":"Filtración Compacta","tienetrat":1,"tfuente":"","fuente":"","P_operativa":"SIN CLASIFICAR","P_clima":"P1","precip_idx":31.0,"temp_anom":1.56,"clasif_fuente":"CHIRPS + ERA5-Land · GEE 1–15 ago 2026 vs 1991–2020 · matriz graduada V0.5","precip_sev":1,"temp_sev":2,"clima_score":3,"precip_mm":12.38,"temp_mean":19.49},"geometry":{"type":"Point","coordinates":[-75.78505,4.693836]}},{"type":"Feature","properties":{"id":"ELNINO_0005","id_maestro":"ACUEDUCTO_0005","codigo":"169","mun":"ALCALA","aro":"Norte Cartago","amb":"Rural","tipo":"DISPERSA","prest":"ADMINISTRACION COOPERATIVA MARAVELEZ - ALCALA E.S.P.(SISTEMA #4)","loc":"MARAVELEZ, EL CONGAL, SAN FELIPE, LA CAÑA, TRINCHERAS","pob":476,"susc":119,"q":5.0,"qesc":3.0,"dem":1.03,"bal":1.97,"trat":"Solo desinfección","tienetrat":"","tfuente":"","fuente":"","P_operativa":"SIN CLASIFICAR","P_clima":"P2","precip_idx":32.2,"temp_anom":1.25,"clasif_fuente":"CHIRPS + ERA5-Land · GEE 1–15 ago 2026 vs 1991–2020 · matriz graduada V0.5","precip_sev":1,"temp_sev":1,"clima_score":2,"precip_mm":13.28,"temp_mean":19.49},"geometry":{"type":"Point","coordinates":[-75.73226,4.659181]}},{"type":"Feature","properties":{"id":"ELNINO_0006","id_maestro":"ACUEDUCTO_0006","codigo":"2564","mun":"ALCALA","aro":"Norte Cartago","amb":"Rural","tipo":"DISPERSA","prest":"ADMINISTRACION COOPERATIVA MARAVELEZ - ALCALA E.S.P.(SISTEMA #5)","loc":"HIGUERON, LA UNION, SAN FELIPE , LA ESTRELLA , DINDE BAJO","pob":1052,"susc":263,"q":9.0,"qesc":5.4,"dem":2.27,"bal":3.13,"trat":"Solo desinfección","tienetrat":"","tfuente":"","fuente":"","P_operativa":"SIN CLASIFICAR","P_clima":"P1","precip_idx":31.9,"temp_anom":1.56,"clasif_fuente":"CHIRPS + ERA5-Land · GEE 1–15 ago 2026 vs 1991–2020 · matriz graduada V0.5","precip_sev":1,"temp_sev":2,"clima_score":3,"precip_mm":13.68,"temp_mean":21.69},"geometry":{"type":"Point","coordinates":[-75.81867,4.687869]}},{"type":"Feature","properties":{"id":"ELNINO_0007","id_maestro":"ACUEDUCTO_0007","codigo":"2563","mun":"ALCALA","aro":"Norte Cartago","amb":"Rural","tipo":"DISPERSA","prest":"ADMINISTRACION COOPERATIVA MARAVELEZ - ALCALA E.S.P.(SISTEMA #6)","loc":"EL DINDE (PARTE ALTA) FUENTE Q BUENAVISTA","pob":216,"susc":54,"q":6.0,"qesc":3.6,"dem":0.47,"bal":3.13,"trat":"Solo desinfección","tienetrat":"","tfuente":"","fuente":"","P_operativa":"SIN CLASIFICAR","P_clima":"P1","precip_idx":37.8,"temp_anom":1.71,"clasif_fuente":"CHIRPS + ERA5-Land · GEE 1–15 ago 2026 vs 1991–2020 · matriz graduada V0.5","precip_sev":1,"temp_sev":2,"clima_score":3,"precip_mm":17.2,"temp_mean":21.75},"geometry":{"type":"Point","coordinates":[-75.85354,4.713136]}},{"type":"Feature","properties":{"id":"ELNINO_0008","id_maestro":"ACUEDUCTO_0008","codigo":"175","mun":"ALCALA","aro":"Norte Cartago","amb":"Rural","tipo":"DISPERSA","prest":"ADMINISTRACION COOPERATIVA MARAVELEZ - ALCALA E.S.P.(SISTEMA #7)","loc":"LA CUCHILLA PARTE ALTA","pob":172,"susc":43,"q":3.0,"qesc":1.8,"dem":0.37,"bal":1.43,"trat":"Solo desinfección","tienetrat":"","tfuente":"","fuente":"","P_operativa":"SIN CLASIFICAR","P_clima":"P2","precip_idx":32.2,"temp_anom":1.25,"clasif_fuente":"CHIRPS + ERA5-Land · GEE 1–15 ago 2026 vs 1991–2020 · matriz graduada V0.5","precip_sev":1,"temp_sev":1,"clima_score":2,"precip_mm":13.28,"temp_mean":19.49},"geometry":{"type":"Point","coordinates":[-75.71681,4.656344]}},{"type":"Feature","properties":{"id":"ELNINO_0009","id_maestro":"ACUEDUCTO_0009","codigo":"177","mun":"ALCALA","aro":"Norte Cartago","amb":"Rural","tipo":"DISPERSA","prest":"ADMINISTRACION COOPERATIVA MARAVELEZ - ALCALA E.S.P.(SISTEMA #8)","loc":"LA CUCHILLA PARTE BAJA","pob":140,"susc":35,"q":2.0,"qesc":1.2,"dem":0.3,"bal":0.9,"trat":"Solo desinfección","tienetrat":"","tfuente":"","fuente":"","P_operativa":"SIN CLASIFICAR","P_clima":"P2","precip_idx":32.2,"temp_anom":1.25,"clasif_fuente":"CHIRPS + ERA5-Land · GEE 1–15 ago 2026 vs 1991–2020 · matriz graduada V0.5","precip_sev":1,"temp_sev":1,"clima_score":2,"precip_mm":13.28,"temp_mean":19.49},"geometry":{"type":"Point","coordinates":[-75.72749,4.657989]}},{"type":"Feature","properties":{"id":"ELNINO_0010","id_maestro":"ACUEDUCTO_0010","codigo":"67","mun":"ALCALA","aro":"Norte Cartago","amb":"Urbano","tipo":"CABECERA MUNICIPAL","prest":"SOCIEDAD DE ACUEDUCTOS Y ALCANTARILLADOS DEL VALLE DEL CAUCA S.A. E.S.P. ACUAVALLE S.A. E.S.P.-ALCALÁ","loc":"URBANO","pob":11760,"susc":2940,"q":25.0,"qesc":15.0,"dem":25.41,"bal":-10.41,"trat":"Convencional","tienetrat":1,"tfuente":"Superficial","fuente":"LOS ANGELES","P_operativa":"SIN CLASIFICAR","P_clima":"P1","precip_idx":31.0,"temp_anom":1.56,"clasif_fuente":"CHIRPS + ERA5-Land · GEE 1–15 ago 2026 vs 1991–2020 · matriz graduada V0.5","precip_sev":1,"temp_sev":2,"clima_score":3,"precip_mm":12.38,"temp_mean":19.49},"geometry":{"type":"Point","coordinates":[-75.77195,4.672503]}},{"type":"Feature","properties":{"id":"ELNINO_0011","id_maestro":"ACUEDUCTO_0011","codigo":"1121","mun":"ANDALUCÍA","aro":"Centro Tuluá","amb":"Rural","tipo":"DISPERSA","prest":"ACUEDUCTO POTRERILLO","loc":"POTRERILLO","pob":172,"susc":43,"q":1.5,"qesc":0.9,"dem":0.37,"bal":0.53,"trat":"Solo desinfección","tienetrat":"","tfuente":"Superficial","fuente":"LA LUCIANA","P_operativa":"SIN CLASIFICAR","P_clima":"P1","precip_idx":26.2,"temp_anom":1.45,"clasif_fuente":"CHIRPS + ERA5-Land · GEE 1–15 ago 2026 vs 1991–2020 · matriz graduada V0.5","precip_sev":2,"temp_sev":1,"clima_score":3,"precip_mm":8.06,"temp_mean":20.04},"geometry":{"type":"Point","coordinates":[-76.09142,4.105842]}},{"type":"Feature","properties":{"id":"ELNINO_0288","id_maestro":"ACUEDUCTO_0012","codigo":"910","mun":"ANDALUCÍA","aro":"Centro Tuluá","amb":"Rural","tipo":"DISPERSA","prest":"ACUEDUCTO RURAL COMUNITARIO LA UNION CASCAJERO","loc":"UNION CASCAJERO","pob":256,"susc":64,"q":1.0,"qesc":0.6,"dem":0.55,"bal":0.05,"trat":"Soluciones_Individuales","tienetrat":1,"tfuente":"Superficial","fuente":"LA SIRIA","P_operativa":"SIN CLASIFICAR","P_clima":"P2","precip_idx":24.9,"temp_anom":0.94,"clasif_fuente":"CHIRPS + ERA5-Land · GEE 1–15 ago 2026 vs 1991–2020 · matriz graduada V0.5","precip_sev":2,"temp_sev":0,"clima_score":2,"precip_mm":8.14,"temp_mean":18.44},"geometry":{"type":"Point","coordinates":[-75.96557,4.156269]}},{"type":"Feature","properties":{"id":"ELNINO_0013","id_maestro":"ACUEDUCTO_0013","codigo":"1122","mun":"ANDALUCÍA","aro":"Centro Tuluá","amb":"Rural","tipo":"DISPERSA","prest":"ACUEDUCTO RURAL EL PLACER","loc":"EL PLACER","pob":92,"susc":23,"q":1.0,"qesc":0.6,"dem":0.2,"bal":0.4,"trat":"Solo desinfección","tienetrat":"","tfuente":"Superficial","fuente":"LA LUISA","P_operativa":"SIN CLASIFICAR","P_clima":"P1","precip_idx":26.2,"temp_anom":1.45,"clasif_fuente":"CHIRPS + ERA5-Land · GEE 1–15 ago 2026 vs 1991–2020 · matriz graduada V0.5","precip_sev":2,"temp_sev":1,"clima_score":3,"precip_mm":8.06,"temp_mean":20.04},"geometry":{"type":"Point","coordinates":[-76.08446,4.100567]}},{"type":"Feature","properties":{"id":"ELNINO_0014","id_maestro":"ACUEDUCTO_0014","codigo":"13246","mun":"ANDALUCÍA","aro":"Centro Tuluá","amb":"Rural","tipo":"DISPERSA","prest":"ACUEDUCTO RURAL PARDO ALTO","loc":"PARDO ALTO","pob":200,"susc":50,"q":0.5,"qesc":0.3,"dem":0.43,"bal":-0.13,"trat":"Ninguno","tienetrat":"","tfuente":"Superficial","fuente":"LA LUISA","P_operativa":"SIN CLASIFICAR","P_clima":"P1","precip_idx":20.9,"temp_anom":1.45,"clasif_fuente":"CHIRPS + ERA5-Land · GEE 1–15 ago 2026 vs 1991–2020 · matriz graduada V0.5","precip_sev":2,"temp_sev":1,"clima_score":3,"precip_mm":5.9,"temp_mean":19.1},"geometry":{"type":"Point","coordinates":[-76.08386,4.076389]}},{"type":"Feature","properties":{"id":"ELNINO_0012","id_maestro":"ACUEDUCTO_0015","codigo":"1119","mun":"ANDALUCÍA","aro":"Centro Tuluá","amb":"Rural","tipo":"DISPERSA","prest":"ASOCIACION RURAL COMUNITARIA DE AGUA POTABLE Y SANEAMIENTO BASICO DEL CORREGIMIENTO DE ALTA FLOR - ACUAFLOR","loc":"ALTAFLOR","pob":216,"susc":54,"q":1.0,"qesc":0.6,"dem":0.47,"bal":0.13,"trat":"Soluciones_Individuales","tienetrat":1,"tfuente":"Superficial","fuente":"TAMBORES, CHARCO BLANCO","P_operativa":"SIN CLASIFICAR","P_clima":"P1","precip_idx":24.8,"temp_anom":1.15,"clasif_fuente":"CHIRPS + ERA5-Land · GEE 1–15 ago 2026 vs 1991–2020 · matriz graduada V0.5","precip_sev":2,"temp_sev":1,"clima_score":3,"precip_mm":7.82,"temp_mean":18.44},"geometry":{"type":"Point","coordinates":[-75.96815,4.128169]}},{"type":"Feature","properties":{"id":"ELNINO_0402","id_maestro":"ACUEDUCTO_0016","codigo":"6494","mun":"ANDALUCÍA","aro":"Centro Tuluá","amb":"Rural","tipo":"DISPERSA","prest":"MUNICIPIO DE ANDALUCIA PEÑON ALTO","loc":"PEÑON ALTO","pob":200,"susc":50,"q":0.8,"qesc":0.48,"dem":0.43,"bal":0.05,"trat":"Planta Modular + Soluciones Individuales","tienetrat":1,"tfuente":"Superficial","fuente":"RIO BUGALAGRANDE","P_operativa":"SIN CLASIFICAR","P_clima":"P2","precip_idx":24.5,"temp_anom":0.97,"clasif_fuente":"CHIRPS + ERA5-Land · GEE 1–15 ago 2026 vs 1991–2020 · matriz graduada V0.5","precip_sev":2,"temp_sev":0,"clima_score":2,"precip_mm":8.29,"temp_mean":21.33},"geometry":{"type":"Point","coordinates":[-76.14771,4.178069]}},{"type":"Feature","properties":{"id":"ELNINO_0017","id_maestro":"ACUEDUCTO_0017","codigo":"201","mun":"ANDALUCÍA","aro":"Centro Tuluá","amb":"Urbano","tipo":"CABECERA MUNICIPAL","prest":"SOCIEDAD DE ACUEDUCTOS Y ALCANTARILLADOS DEL VALLE DEL CAUCA S.A. E.S.P. ACUAVALLE S.A. E.S.P. - ANDALUCIA","loc":"URBANO, CAMPOALEGRE, ZABALETAS, EL SALTO, TAMBORAL, ZAJONDE PIEDRA, EL ORIENTE, MADRE VIEJA, LA PAZ","pob":26000,"susc":6500,"q":118.0,"qesc":70.8,"dem":56.18,"bal":14.62,"trat":"Convencional","tienetrat":1,"tfuente":"Superficial","fuente":"BUGALAGRANDE","P_operativa":"SIN CLASIFICAR","P_clima":"P1","precip_idx":25.1,"temp_anom":1.5,"clasif_fuente":"CHIRPS + ERA5-Land · GEE 1–15 ago 2026 vs 1991–2020 · matriz graduada V0.5","precip_sev":2,"temp_sev":1,"clima_score":3,"precip_mm":9.17,"temp_mean":21.33},"geometry":{"type":"Point","coordinates":[-76.17447,4.176136]}},{"type":"Feature","properties":{"id":"ELNINO_0018","id_maestro":"ACUEDUCTO_0018","codigo":"527","mun":"ANSERMANUEVO","aro":"Norte Cartago","amb":"Rural","tipo":"DISPERSA","prest":"ACUEDUCTO COMUNITARIO LA HONDURA","loc":"LA HONDURA","pob":152,"susc":38,"q":4.0,"qesc":2.4,"dem":0.33,"bal":2.07,"trat":"Solo desinfección","tienetrat":"","tfuente":"Superficial","fuente":"YARUMAL","P_operativa":"SIN CLASIFICAR","P_clima":"P2","precip_idx":31.7,"temp_anom":1.31,"clasif_fuente":"CHIRPS + ERA5-Land · GEE 1–15 ago 2026 vs 1991–2020 · matriz graduada V0.5","precip_sev":1,"temp_sev":1,"clima_score":2,"precip_mm":16.07,"temp_mean":20.05},"geometry":{"type":"Point","coordinates":[-76.08668,4.798836]}},{"type":"Feature","properties":{"id":"ELNINO_0019","id_maestro":"ACUEDUCTO_0019","codigo":"2161","mun":"ANSERMANUEVO","aro":"Norte Cartago","amb":"Rural","tipo":"CENTRO POBLADO","prest":"ACUEDUCTO COMUNITARIO SALAZAR","loc":"BARRIO SALAZAR","pob":1280,"susc":320,"q":1.5,"qesc":0.9,"dem":2.77,"bal":-1.87,"trat":"Solo desinfección","tienetrat":"","tfuente":"Superficial","fuente":"LA RAIZ O SAN AGUSTIN","P_operativa":"SIN CLASIFICAR","P_clima":"P2","precip_idx":38.5,"temp_anom":1.19,"clasif_fuente":"CHIRPS + ERA5-Land · GEE 1–15 ago 2026 vs 1991–2020 · matriz graduada V0.5","precip_sev":1,"temp_sev":1,"clima_score":2,"precip_mm":19.04,"temp_mean":21.86},"geometry":{"type":"Point","coordinates":[-76.00015,4.789765]}},{"type":"Feature","properties":{"id":"ELNINO_0020","id_maestro":"ACUEDUCTO_0020","codigo":"2158","mun":"ANSERMANUEVO","aro":"Norte Cartago","amb":"Rural","tipo":"DISPERSA","prest":"ACUEDUCTO RURAL EL DIAMANTE","loc":"EL DIAMANTE","pob":80,"susc":20,"q":1.5,"qesc":0.9,"dem":0.17,"bal":0.73,"trat":"Ninguno","tienetrat":"","tfuente":"Superficial","fuente":"TORO","P_operativa":"SIN CLASIFICAR","P_clima":"P2","precip_idx":31.7,"temp_anom":1.31,"clasif_fuente":"CHIRPS + ERA5-Land · GEE 1–15 ago 2026 vs 1991–2020 · matriz graduada V0.5","precip_sev":1,"temp_sev":1,"clima_score":2,"precip_mm":16.07,"temp_mean":20.05},"geometry":{"type":"Point","coordinates":[-76.0595,4.789756]}},{"type":"Feature","properties":{"id":"ELNINO_0021","id_maestro":"ACUEDUCTO_0021","codigo":"528","mun":"ANSERMANUEVO","aro":"Norte Cartago","amb":"Rural","tipo":"DISPERSA","prest":"ACUEDUCTO RURAL VEREDA LA ESPERANZA","loc":"LA ESPERANZA","pob":112,"susc":28,"q":2.5,"qesc":1.5,"dem":0.24,"bal":1.26,"trat":"Solo desinfección","tienetrat":"","tfuente":"Superficial","fuente":"LA MORAVIA #1, BALCONES, LA MORAVIA #2","P_operativa":"SIN CLASIFICAR","P_clima":"P2","precip_idx":36.6,"temp_anom":1.31,"clasif_fuente":"CHIRPS + ERA5-Land · GEE 1–15 ago 2026 vs 1991–2020 · matriz graduada V0.5","precip_sev":1,"temp_sev":1,"clima_score":2,"precip_mm":19.81,"temp_mean":19.56},"geometry":{"type":"Point","coordinates":[-76.10079,4.831394]}},{"type":"Feature","properties":{"id":"ELNINO_0022","id_maestro":"ACUEDUCTO_0022","codigo":"2160","mun":"ANSERMANUEVO","aro":"Norte Cartago","amb":"Rural","tipo":"DISPERSA","prest":"ACUEDUCTO VEREDAS LAS PALOMAS- EL BOSQUE","loc":"LAS PALOMAS","pob":68,"susc":17,"q":0.1,"qesc":0.06,"dem":0.15,"bal":-0.09,"trat":"Ninguno","tienetrat":"","tfuente":"Superficial","fuente":"LAS PALOMAS","P_operativa":"SIN CLASIFICAR","P_clima":"P2","precip_idx":31.7,"temp_anom":1.31,"clasif_fuente":"CHIRPS + ERA5-Land · GEE 1–15 ago 2026 vs 1991–2020 · matriz graduada V0.5","precip_sev":1,"temp_sev":1,"clima_score":2,"precip_mm":16.07,"temp_mean":20.05},"geometry":{"type":"Point","coordinates":[-76.07967,4.763733]}},{"type":"Feature","properties":{"id":"ELNINO_0023","id_maestro":"ACUEDUCTO_0023","codigo":"2154","mun":"ANSERMANUEVO","aro":"Norte Cartago","amb":"Rural","tipo":"DISPERSA","prest":"ASOCIACION DE USUARIOS DEL ACUEDUCTOS DEL ROBLE MUNICIPIO DE ANSERMANUEVO -ACUAROBLE - SISTEMA 1","loc":"EL ROBLE, LUSITANIA, LA DIAMANTINA","pob":540,"susc":135,"q":0.15,"qesc":0.09,"dem":1.17,"bal":-1.08,"trat":"Solo desinfección","tienetrat":"","tfuente":"","fuente":"","P_operativa":"SIN CLASIFICAR","P_clima":"P2","precip_idx":36.6,"temp_anom":1.31,"clasif_fuente":"CHIRPS + ERA5-Land · GEE 1–15 ago 2026 vs 1991–2020 · matriz graduada V0.5","precip_sev":1,"temp_sev":1,"clima_score":2,"precip_mm":19.81,"temp_mean":19.56},"geometry":{"type":"Point","coordinates":[-76.13472,4.846694]}},{"type":"Feature","properties":{"id":"ELNINO_0024","id_maestro":"ACUEDUCTO_0024","codigo":"3461","mun":"ANSERMANUEVO","aro":"Norte Cartago","amb":"Rural","tipo":"DISPERSA","prest":"ASOCIACION DE USUARIOS DEL ACUEDUCTOS DEL ROBLE MUNICIPIO DE ANSERMANUEVO - ACUAROBLE - SISTEMA 2","loc":"LA QUIEBRA DEL ROBLE, EL CIPRES, SANTA BARBARA, TRES ESQUINAS, LA PUERTA","pob":384,"susc":96,"q":7.1,"qesc":4.26,"dem":0.83,"bal":3.43,"trat":"Ninguno","tienetrat":"","tfuente":"","fuente":"","P_operativa":"SIN CLASIFICAR","P_clima":"P1","precip_idx":29.6,"temp_anom":1.31,"clasif_fuente":"CHIRPS + ERA5-Land · GEE 1–15 ago 2026 vs 1991–2020 · matriz graduada V0.5","precip_sev":2,"temp_sev":1,"clima_score":3,"precip_mm":15.64,"temp_mean":19.09},"geometry":{"type":"Point","coordinates":[-76.0595,4.824403]}},{"type":"Feature","properties":{"id":"ELNINO_0025","id_maestro":"ACUEDUCTO_0025","codigo":"9345","mun":"ANSERMANUEVO","aro":"Norte Cartago","amb":"Rural","tipo":"CENTRO POBLADO","prest":"ASOCIACION DE USUARIOS DEL ACUEDUCTO EL VERGEL -ACUAVERGEL","loc":"EL VERGEL, LA PEDRERA","pob":880,"susc":220,"q":10.0,"qesc":6.0,"dem":1.9,"bal":4.1,"trat":"FIME","tienetrat":1,"tfuente":"Superficial","fuente":"LA PALMA, LA SOLEDAD, QUINCE LETRAS","P_operativa":"SIN CLASIFICAR","P_clima":"P2","precip_idx":29.6,"temp_anom":0.82,"clasif_fuente":"CHIRPS + ERA5-Land · GEE 1–15 ago 2026 vs 1991–2020 · matriz graduada V0.5","precip_sev":2,"temp_sev":0,"clima_score":2,"precip_mm":16.36,"temp_mean":19.09},"geometry":{"type":"Point","coordinates":[-76.00722,4.865075]}},{"type":"Feature","properties":{"id":"ELNINO_0026","id_maestro":"ACUEDUCTO_0026","codigo":"19800","mun":"ANSERMANUEVO","aro":"Norte Cartago","amb":"Rural","tipo":"DISPERSA","prest":"ASOCIACION DE USUARIOS DEL ACUEDUCTO RURAL COMUNITARIO DE LA VEREDA EL REAL BRILLANTE","loc":"REAL BRILLANTE","pob":40,"susc":10,"q":1.0,"qesc":0.6,"dem":0.09,"bal":0.51,"trat":"Ninguno","tienetrat":"","tfuente":"","fuente":"","P_operativa":"SIN CLASIFICAR","P_clima":"P2","precip_idx":31.3,"temp_anom":1.19,"clasif_fuente":"CHIRPS + ERA5-Land · GEE 1–15 ago 2026 vs 1991–2020 · matriz graduada V0.5","precip_sev":1,"temp_sev":1,"clima_score":2,"precip_mm":16.11,"temp_mean":19.09},"geometry":{"type":"Point","coordinates":[-76.02364,4.828639]}},{"type":"Feature","properties":{"id":"ELNINO_0027","id_maestro":"ACUEDUCTO_0027","codigo":"530","mun":"ANSERMANUEVO","aro":"Norte Cartago","amb":"Rural","tipo":"DISPERSA","prest":"ASOCIACION GESTIÓN COMUNITARIA DE AGUA DE LA COMUNIDAD VEREDA LA DIVISA","loc":"LA DIVISA","pob":56,"susc":14,"q":2.0,"qesc":1.2,"dem":0.12,"bal":1.08,"trat":"Solo desinfección","tienetrat":"","tfuente":"Subterránea","fuente":"PATIO BONITO","P_operativa":"SIN CLASIFICAR","P_clima":"P2","precip_idx":36.6,"temp_anom":1.31,"clasif_fuente":"CHIRPS + ERA5-Land · GEE 1–15 ago 2026 vs 1991–2020 · matriz graduada V0.5","precip_sev":1,"temp_sev":1,"clima_score":2,"precip_mm":19.81,"temp_mean":19.56},"geometry":{"type":"Point","coordinates":[-76.11026,4.828097]}},{"type":"Feature","properties":{"id":"ELNINO_0028","id_maestro":"ACUEDUCTO_0028","codigo":"3457","mun":"ANSERMANUEVO","aro":"Norte Cartago","amb":"Rural","tipo":"DISPERSA","prest":"ASOCIACION GESTION COMUNITARIA DEL AGUA DE LA COMUNIDAD RURAL LA POPALITA","loc":"LA POPALITA","pob":92,"susc":23,"q":1.0,"qesc":0.6,"dem":0.2,"bal":0.4,"trat":"Solo desinfección","tienetrat":"","tfuente":"Superficial","fuente":"LA POPALITA","P_operativa":"SIN CLASIFICAR","P_clima":"P2","precip_idx":35.2,"temp_anom":1.31,"clasif_fuente":"CHIRPS + ERA5-Land · GEE 1–15 ago 2026 vs 1991–2020 · matriz graduada V0.5","precip_sev":1,"temp_sev":1,"clima_score":2,"precip_mm":18.93,"temp_mean":19.07},"geometry":{"type":"Point","coordinates":[-76.10246,4.767839]}},{"type":"Feature","properties":{"id":"ELNINO_0029","id_maestro":"ACUEDUCTO_0029","codigo":"2149","mun":"ANSERMANUEVO","aro":"Norte Cartago","amb":"Rural","tipo":"DISPERSA","prest":"ASOCIACION GESTORA COMUNITARIA DEL AGUA DE LA COMUNIDAD RURAL REAL PLACER (ACUAPLACER)","loc":"REAL PLACER","pob":32,"susc":8,"q":1.5,"qesc":0.9,"dem":0.07,"bal":0.83,"trat":"Solo desinfección","tienetrat":"","tfuente":"Superficial","fuente":"EL PLACER","P_operativa":"SIN CLASIFICAR","P_clima":"P2","precip_idx":31.7,"temp_anom":1.31,"clasif_fuente":"CHIRPS + ERA5-Land · GEE 1–15 ago 2026 vs 1991–2020 · matriz graduada V0.5","precip_sev":1,"temp_sev":1,"clima_score":2,"precip_mm":16.07,"temp_mean":20.05},"geometry":{"type":"Point","coordinates":[-76.07942,4.786725]}},{"type":"Feature","properties":{"id":"ELNINO_0030","id_maestro":"ACUEDUCTO_0030","codigo":"2147","mun":"ANSERMANUEVO","aro":"Norte Cartago","amb":"Rural","tipo":"DISPERSA","prest":"ASOCIACION GESTORA COMUNITARIA DEL AGUA DEL CORREGIMIENTO LA CABAÑA","loc":"LA CABAÑA.","pob":120,"susc":30,"q":0.5,"qesc":0.3,"dem":0.26,"bal":0.04,"trat":"Solo desinfección","tienetrat":"","tfuente":"Superficial","fuente":"LA RIVERA Y LA CRISTALINA","P_operativa":"SIN CLASIFICAR","P_clima":"P2","precip_idx":31.7,"temp_anom":1.31,"clasif_fuente":"CHIRPS + ERA5-Land · GEE 1–15 ago 2026 vs 1991–2020 · matriz graduada V0.5","precip_sev":1,"temp_sev":1,"clima_score":2,"precip_mm":16.07,"temp_mean":20.05},"geometry":{"type":"Point","coordinates":[-76.08022,4.755024]}},{"type":"Feature","properties":{"id":"ELNINO_0031","id_maestro":"ACUEDUCTO_0031","codigo":"3459","mun":"ANSERMANUEVO","aro":"Norte Cartago","amb":"Rural","tipo":"DISPERSA","prest":"JUNTA ADMINISTRADORA ACUEDUCTO RURAL EL TIGRE( VEREDA BAJO TIGRE)","loc":"EL TIGRE","pob":140,"susc":35,"q":2.0,"qesc":1.2,"dem":0.3,"bal":0.9,"trat":"Ninguno","tienetrat":"","tfuente":"","fuente":"","P_operativa":"SIN CLASIFICAR","P_clima":"P2","precip_idx":35.2,"temp_anom":1.31,"clasif_fuente":"CHIRPS + ERA5-Land · GEE 1–15 ago 2026 vs 1991–2020 · matriz graduada V0.5","precip_sev":1,"temp_sev":1,"clima_score":2,"precip_mm":18.93,"temp_mean":19.07},"geometry":{"type":"Point","coordinates":[-76.13214,4.779389]}},{"type":"Feature","properties":{"id":"ELNINO_0032","id_maestro":"ACUEDUCTO_0032","codigo":"3460","mun":"ANSERMANUEVO","aro":"Norte Cartago","amb":"Rural","tipo":"DISPERSA","prest":"JUNTA ADMON ACUEDUCTO EL CASTILLO ALTO Y BAJO","loc":"EL CASTILLO","pob":140,"susc":35,"q":0.6,"qesc":0.36,"dem":0.3,"bal":0.06,"trat":"Solo desinfección","tienetrat":"","tfuente":"Superficial","fuente":"EL CASTILLO","P_operativa":"SIN CLASIFICAR","P_clima":"P2","precip_idx":35.2,"temp_anom":1.31,"clasif_fuente":"CHIRPS + ERA5-Land · GEE 1–15 ago 2026 vs 1991–2020 · matriz graduada V0.5","precip_sev":1,"temp_sev":1,"clima_score":2,"precip_mm":18.93,"temp_mean":19.07},"geometry":{"type":"Point","coordinates":[-76.1075,4.779169]}},{"type":"Feature","properties":{"id":"ELNINO_0033","id_maestro":"ACUEDUCTO_0033","codigo":"3458","mun":"ANSERMANUEVO","aro":"Norte Cartago","amb":"Rural","tipo":"DISPERSA","prest":"JUNTA ADMON ACUEDUCTO EL TIGRE (VEREDA ALTO TIGRE)","loc":"EL TIGRE","pob":64,"susc":16,"q":1.0,"qesc":0.6,"dem":0.14,"bal":0.46,"trat":"Ninguno","tienetrat":"","tfuente":"","fuente":"","P_operativa":"SIN CLASIFICAR","P_clima":"P2","precip_idx":35.2,"temp_anom":1.31,"clasif_fuente":"CHIRPS + ERA5-Land · GEE 1–15 ago 2026 vs 1991–2020 · matriz graduada V0.5","precip_sev":1,"temp_sev":1,"clima_score":2,"precip_mm":18.93,"temp_mean":19.07},"geometry":{"type":"Point","coordinates":[-76.12842,4.780883]}},{"type":"Feature","properties":{"id":"ELNINO_0034","id_maestro":"ACUEDUCTO_0034","codigo":"532","mun":"ANSERMANUEVO","aro":"Norte Cartago","amb":"Rural","tipo":"CENTRO POBLADO","prest":"JUNTA DE ACCION COMUNAL ACUEDUCTO EL VILLAR","loc":"EL VILLAR","pob":672,"susc":168,"q":8.0,"qesc":4.8,"dem":1.45,"bal":3.35,"trat":"Solo desinfección","tienetrat":"","tfuente":"Superficial","fuente":"CHIMBORAZO # 2, CHIMBORAZO # 1","P_operativa":"SIN CLASIFICAR","P_clima":"P1","precip_idx":29.6,"temp_anom":1.31,"clasif_fuente":"CHIRPS + ERA5-Land · GEE 1–15 ago 2026 vs 1991–2020 · matriz graduada V0.5","precip_sev":2,"temp_sev":1,"clima_score":3,"precip_mm":15.64,"temp_mean":19.09},"geometry":{"type":"Point","coordinates":[-76.09104,4.819986]}},{"type":"Feature","properties":{"id":"ELNINO_0036","id_maestro":"ACUEDUCTO_0036","codigo":"60","mun":"ANSERMANUEVO","aro":"Norte Cartago","amb":"Urbano","tipo":"CABECERA MUNICIPAL","prest":"SOCIEDAD DE ACUEDUCTOS Y ALCANTARILLADOS DEL VALLE DEL CAUCA S.A. E.S.P. ACUAVALLE S.A. E.S.P.-ANSERMANUEVO","loc":"URBANO, ANACARO, GRAMALOTE","pob":13904,"susc":3476,"q":40.0,"qesc":24.0,"dem":30.04,"bal":-6.04,"trat":"Convencional","tienetrat":1,"tfuente":"Superficial","fuente":"TORO, SAN AGUSTÍN O LA RAÍZ","P_operativa":"SIN CLASIFICAR","P_clima":"P2","precip_idx":38.5,"temp_anom":1.19,"clasif_fuente":"CHIRPS + ERA5-Land · GEE 1–15 ago 2026 vs 1991–2020 · matriz graduada V0.5","precip_sev":1,"temp_sev":1,"clima_score":2,"precip_mm":19.04,"temp_mean":21.86},"geometry":{"type":"Point","coordinates":[-75.99252,4.796672]}},{"type":"Feature","properties":{"id":"ELNINO_0038","id_maestro":"ACUEDUCTO_0038","codigo":"1027","mun":"ARGELIA","aro":"Norte Cartago","amb":"Rural","tipo":"CENTRO POBLADO","prest":"ADMINISTRACION COOPERATIVA SAN ROQUE- LA SOLEDAD","loc":"LA SOLEDAD , LA PAZ, LA PRIMAVERA, TARRITOS, EL RIO","pob":800,"susc":200,"q":5.0,"qesc":3.0,"dem":1.73,"bal":1.27,"trat":"Soluciones_Individuales (40_Tarritos)","tienetrat":"","tfuente":"Superficial","fuente":"LOS PITOS, ALTO TIGRE, SOLEDAD, LOS CHORROS","P_operativa":"SIN CLASIFICAR","P_clima":"P2","precip_idx":38.6,"temp_anom":1.29,"clasif_fuente":"CHIRPS + ERA5-Land · GEE 1–15 ago 2026 vs 1991–2020 · matriz graduada V0.5","precip_sev":1,"temp_sev":1,"clima_score":2,"precip_mm":17.81,"temp_mean":19.06},"geometry":{"type":"Point","coordinates":[-76.12979,4.684519]}},{"type":"Feature","properties":{"id":"ELNINO_0039","id_maestro":"ACUEDUCTO_0039","codigo":"3511","mun":"ARGELIA","aro":"Norte Cartago","amb":"Rural","tipo":"CENTRO POBLADO","prest":"ADMINISTRACION COOPERATIVA SAN ROQUE-LAS BRISAS - RAIZAL SISTEMA # 2","loc":"LAS BRISAS, EL RAIZAL, LA AURORA, CAJONES, LA PAZ","pob":800,"susc":200,"q":null,"qesc":null,"dem":1.73,"bal":null,"trat":"Solo desinfección","tienetrat":"","tfuente":"","fuente":"","P_operativa":"SIN CLASIFICAR","P_clima":"P2","precip_idx":38.7,"temp_anom":1.29,"clasif_fuente":"CHIRPS + ERA5-Land · GEE 1–15 ago 2026 vs 1991–2020 · matriz graduada V0.5","precip_sev":1,"temp_sev":1,"clima_score":2,"precip_mm":22.11,"temp_mean":19.07},"geometry":{"type":"Point","coordinates":[-76.15353,4.725194]}},{"type":"Feature","properties":{"id":"ELNINO_0040","id_maestro":"ACUEDUCTO_0040","codigo":"1029","mun":"ARGELIA","aro":"Norte Cartago","amb":"Rural","tipo":"DISPERSA","prest":"ASOCIACION DE USUARIOS DEL ACUEDUCTO LA CRISTALINA","loc":"LA CRISTALINA","pob":72,"susc":18,"q":null,"qesc":null,"dem":0.16,"bal":null,"trat":"Soluciones_Individuales","tienetrat":"","tfuente":"Superficial","fuente":"LA CRISTALINA","P_operativa":"SIN CLASIFICAR","P_clima":"P2","precip_idx":38.6,"temp_anom":1.29,"clasif_fuente":"CHIRPS + ERA5-Land · GEE 1–15 ago 2026 vs 1991–2020 · matriz graduada V0.5","precip_sev":1,"temp_sev":1,"clima_score":2,"precip_mm":17.81,"temp_mean":19.06},"geometry":{"type":"Point","coordinates":[-76.13552,4.657419]}},{"type":"Feature","properties":{"id":"ELNINO_0041","id_maestro":"ACUEDUCTO_0041","codigo":"3508","mun":"ARGELIA","aro":"Norte Cartago","amb":"Rural","tipo":"DISPERSA","prest":"ASOCIACION DE USUARIOS DEL ACUEDUCTO LA PALMA","loc":"LA PALMA, LA BELLA, LA TEBAIDA, CALENTADEROS, RECREO, CRUCERO.","pob":368,"susc":92,"q":5.0,"qesc":3.0,"dem":0.8,"bal":2.2,"trat":"Solo desinfección","tienetrat":"","tfuente":"Superficial","fuente":"LA SIERRA 4, LA SIERRA 5, LA SIERRA 2, LA SIERRA 3, LA SIERRA, LA SIERRA 1","P_operativa":"SIN CLASIFICAR","P_clima":"P2","precip_idx":37.3,"temp_anom":1.29,"clasif_fuente":"CHIRPS + ERA5-Land · GEE 1–15 ago 2026 vs 1991–2020 · matriz graduada V0.5","precip_sev":1,"temp_sev":1,"clima_score":2,"precip_mm":18.99,"temp_mean":19.07},"geometry":{"type":"Point","coordinates":[-76.13666,4.707275]}},{"type":"Feature","properties":{"id":"ELNINO_0042","id_maestro":"ACUEDUCTO_0042","codigo":"1016","mun":"ARGELIA","aro":"Norte Cartago","amb":"Rural","tipo":"DISPERSA","prest":"ASOCIACION DE USUARIOS DEL ACUEDUCTO RURAL COMUNITARIO DEL CORREGIMIENTO DE MARACAIBO","loc":"MARACAIBO","pob":340,"susc":85,"q":3.0,"qesc":1.8,"dem":0.73,"bal":1.07,"trat":"Filtración Compacta+Soluciones_Individuales (46)","tienetrat":1,"tfuente":"Superficial","fuente":"VILLA LOBOS","P_operativa":"SIN CLASIFICAR","P_clima":"P2","precip_idx":38.6,"temp_anom":1.29,"clasif_fuente":"CHIRPS + ERA5-Land · GEE 1–15 ago 2026 vs 1991–2020 · matriz graduada V0.5","precip_sev":1,"temp_sev":1,"clima_score":2,"precip_mm":17.81,"temp_mean":19.06},"geometry":{"type":"Point","coordinates":[-76.14687,4.676778]}},{"type":"Feature","properties":{"id":"ELNINO_0043","id_maestro":"ACUEDUCTO_0043","codigo":"1068","mun":"ARGELIA","aro":"Norte Cartago","amb":"Rural","tipo":"DISPERSA","prest":"JUNTA ADMINISTRADORA DEL ACUEDUCTO BARRIO VILLA NUBIA","loc":"BARRIO VILLANUBIA","pob":56,"susc":14,"q":0.02,"qesc":0.01,"dem":0.12,"bal":-0.11,"trat":"Solo desinfección","tienetrat":"","tfuente":"Superficial","fuente":"LOS GEMELOS","P_operativa":"SIN CLASIFICAR","P_clima":"P2","precip_idx":37.3,"temp_anom":1.29,"clasif_fuente":"CHIRPS + ERA5-Land · GEE 1–15 ago 2026 vs 1991–2020 · matriz graduada V0.5","precip_sev":1,"temp_sev":1,"clima_score":2,"precip_mm":18.99,"temp_mean":19.07},"geometry":{"type":"Point","coordinates":[-76.12234,4.725106]}},{"type":"Feature","properties":{"id":"ELNINO_0044","id_maestro":"ACUEDUCTO_0044","codigo":"SD","mun":"ARGELIA","aro":"Norte Cartago","amb":"Rural","tipo":"DISPERSA","prest":"JUNTA ADMINISTRATIVA CALENTADORES","loc":"CALENTADORES","pob":76,"susc":19,"q":null,"qesc":null,"dem":0.16,"bal":null,"trat":"Soluciones_Individuales","tienetrat":"","tfuente":"","fuente":"","P_operativa":"SIN CLASIFICAR","P_clima":"P1","precip_idx":26.2,"temp_anom":1.45,"clasif_fuente":"CHIRPS + ERA5-Land · GEE 1–15 ago 2026 vs 1991–2020 · matriz graduada V0.5","precip_sev":2,"temp_sev":1,"clima_score":3,"precip_mm":8.06,"temp_mean":20.04},"geometry":{"type":"Point","coordinates":[-76.06664,4.100292]}},{"type":"Feature","properties":{"id":"ELNINO_0045","id_maestro":"ACUEDUCTO_0045","codigo":"64","mun":"ARGELIA","aro":"Norte Cartago","amb":"Urbano","tipo":"CABECERA MUNICIPAL","prest":"SOCIEDAD DE ACUEDUCTOS Y ALCANTARILLADOS DEL VALLE DEL CAUCA S.A. E.S.P. ACUAVALLE S.A. E.S.P.-ARGELIA","loc":"URBANO, LA ESTRELLA","pob":3092,"susc":773,"q":38.0,"qesc":22.8,"dem":6.68,"bal":16.12,"trat":"Convencional","tienetrat":1,"tfuente":"Superficial","fuente":"EL DIAMANTE, EL CEBRAL O PARAÍSO VERDE","P_operativa":"SIN CLASIFICAR","P_clima":"P2","precip_idx":37.3,"temp_anom":1.29,"clasif_fuente":"CHIRPS + ERA5-Land · GEE 1–15 ago 2026 vs 1991–2020 · matriz graduada V0.5","precip_sev":1,"temp_sev":1,"clima_score":2,"precip_mm":18.99,"temp_mean":19.07},"geometry":{"type":"Point","coordinates":[-76.11389,4.729889]}},{"type":"Feature","properties":{"id":"ELNINO_0046","id_maestro":"ACUEDUCTO_0046","codigo":"235","mun":"BOLÍVAR","aro":"Centro Tuluá","amb":"Rural","tipo":"DISPERSA","prest":"ACUASALUD \"PUNTA LARGA\"","loc":"PUNTA LARGA","pob":168,"susc":42,"q":2.0,"qesc":1.2,"dem":0.36,"bal":0.84,"trat":"Solo desinfección","tienetrat":"","tfuente":"Superficial","fuente":"LA RIVERA","P_operativa":"SIN CLASIFICAR","P_clima":"P2","precip_idx":38.8,"temp_anom":1.12,"clasif_fuente":"CHIRPS + ERA5-Land · GEE 1–15 ago 2026 vs 1991–2020 · matriz graduada V0.5","precip_sev":1,"temp_sev":1,"clima_score":2,"precip_mm":15.67,"temp_mean":19.13},"geometry":{"type":"Point","coordinates":[-76.27541,4.328061]}},{"type":"Feature","properties":{"id":"ELNINO_0047","id_maestro":"ACUEDUCTO_0047","codigo":"260","mun":"BOLÍVAR","aro":"Centro Tuluá","amb":"Rural","tipo":"DISPERSA","prest":"ACUEDUCTO CORPOSANISIDRO","loc":"SAN ISIDRO","pob":280,"susc":70,"q":6.0,"qesc":3.6,"dem":0.61,"bal":2.99,"trat":"Solo desinfección","tienetrat":"","tfuente":"Superficial","fuente":"RIO CALAMAR","P_operativa":"SIN CLASIFICAR","P_clima":"P2","precip_idx":33.8,"temp_anom":1.12,"clasif_fuente":"CHIRPS + ERA5-Land · GEE 1–15 ago 2026 vs 1991–2020 · matriz graduada V0.5","precip_sev":1,"temp_sev":1,"clima_score":2,"precip_mm":14.51,"temp_mean":18.6},"geometry":{"type":"Point","coordinates":[-76.3064,4.284747]}},{"type":"Feature","properties":{"id":"ELNINO_0048","id_maestro":"ACUEDUCTO_0048","codigo":"1125","mun":"BOLÍVAR","aro":"Centro Tuluá","amb":"Rural","tipo":"DISPERSA","prest":"ACUEDUCTO LA REFORMA VEREDA LA AGUADA","loc":"LA AGUADA","pob":680,"susc":170,"q":2.5,"qesc":1.5,"dem":1.47,"bal":0.03,"trat":"Filtración Compacta","tienetrat":1,"tfuente":"Superficial","fuente":"LA PEDIZGOZA","P_operativa":"SIN CLASIFICAR","P_clima":"P2","precip_idx":31.6,"temp_anom":1.47,"clasif_fuente":"CHIRPS + ERA5-Land · GEE 1–15 ago 2026 vs 1991–2020 · matriz graduada V0.5","precip_sev":1,"temp_sev":1,"clima_score":2,"precip_mm":11.77,"temp_mean":19.13},"geometry":{"type":"Point","coordinates":[-76.22577,4.379042]}},{"type":"Feature","properties":{"id":"ELNINO_0049","id_maestro":"ACUEDUCTO_0049","codigo":null,"mun":"BOLÍVAR","aro":"Centro Tuluá","amb":"Rural","tipo":"DISPERSA","prest":"ACUEDUCTO RURAL CABAÑA ALTA","loc":"CABAÑA ALTA","pob":60,"susc":15,"q":1.0,"qesc":0.6,"dem":0.13,"bal":0.47,"trat":"Ninguno","tienetrat":"","tfuente":"Superficial","fuente":"EL RUMBADOR","P_operativa":"SIN CLASIFICAR","P_clima":"P1","precip_idx":43.6,"temp_anom":1.76,"clasif_fuente":"CHIRPS + ERA5-Land · GEE 1–15 ago 2026 vs 1991–2020 · matriz graduada V0.5","precip_sev":1,"temp_sev":2,"clima_score":3,"precip_mm":17.27,"temp_mean":19.91},"geometry":{"type":"Point","coordinates":[-76.29456,4.476075]}},{"type":"Feature","properties":{"id":"ELNINO_0050","id_maestro":"ACUEDUCTO_0050","codigo":"11681","mun":"BOLÍVAR","aro":"Centro Tuluá","amb":"Rural","tipo":"DISPERSA","prest":"ACUEDUCTO RURAL CABAÑA BAJA","loc":"CABAÑA BAJA","pob":68,"susc":17,"q":1.5,"qesc":0.9,"dem":0.15,"bal":0.75,"trat":"Ninguno","tienetrat":"","tfuente":"Superficial","fuente":"RUMBADOR","P_operativa":"SIN CLASIFICAR","P_clima":"P1","precip_idx":25.1,"temp_anom":1.5,"clasif_fuente":"CHIRPS + ERA5-Land · GEE 1–15 ago 2026 vs 1991–2020 · matriz graduada V0.5","precip_sev":2,"temp_sev":1,"clima_score":3,"precip_mm":9.17,"temp_mean":21.33},"geometry":{"type":"Point","coordinates":[-76.15889,4.180136]}},{"type":"Feature","properties":{"id":"ELNINO_0051","id_maestro":"ACUEDUCTO_0051","codigo":"13850","mun":"BOLÍVAR","aro":"Centro Tuluá","amb":"Rural","tipo":"DISPERSA","prest":"ACUEDUCTO RURAL EL FUSIL","loc":"EL FUSIL","pob":48,"susc":12,"q":1.0,"qesc":0.6,"dem":0.1,"bal":0.5,"trat":"Ninguno","tienetrat":"","tfuente":"Superficial","fuente":"QUEBRADA BOLIVIA","P_operativa":"SIN CLASIFICAR","P_clima":"P2","precip_idx":40.0,"temp_anom":1.48,"clasif_fuente":"CHIRPS + ERA5-Land · GEE 1–15 ago 2026 vs 1991–2020 · matriz graduada V0.5","precip_sev":1,"temp_sev":1,"clima_score":2,"precip_mm":17.65,"temp_mean":20.07},"geometry":{"type":"Point","coordinates":[-76.31556,4.356667]}},{"type":"Feature","properties":{"id":"ELNINO_0052","id_maestro":"ACUEDUCTO_0052","codigo":null,"mun":"BOLÍVAR","aro":"Centro Tuluá","amb":"Rural","tipo":"DISPERSA","prest":"ACUEDUCTO RURAL EL MATADERO DOS QUEBRADAS","loc":"DOS QUEBRADAS","pob":108,"susc":27,"q":null,"qesc":null,"dem":0.23,"bal":null,"trat":"Ninguno","tienetrat":"","tfuente":"Subterránea","fuente":"DOS QUEBRADAS","P_operativa":"SIN CLASIFICAR","P_clima":"P2","precip_idx":37.5,"temp_anom":1.23,"clasif_fuente":"CHIRPS + ERA5-Land · GEE 1–15 ago 2026 vs 1991–2020 · matriz graduada V0.5","precip_sev":1,"temp_sev":1,"clima_score":2,"precip_mm":16.98,"temp_mean":18.6},"geometry":{"type":"Point","coordinates":[-76.36311,4.293503]}},{"type":"Feature","properties":{"id":"ELNINO_0053","id_maestro":"ACUEDUCTO_0053","codigo":"183","mun":"BOLÍVAR","aro":"Centro Tuluá","amb":"Rural","tipo":"CENTRO POBLADO","prest":"ASOCIACION DE USUARIO DEL AGUA POTABLE Y ALCANTARILLADO DE RICAURTE","loc":"RICAURTE","pob":2448,"susc":612,"q":5.0,"qesc":3.0,"dem":5.29,"bal":-2.29,"trat":"FIME","tienetrat":1,"tfuente":"Superficial","fuente":"SARA BRUT","P_operativa":"SIN CLASIFICAR","P_clima":"P1","precip_idx":29.3,"temp_anom":1.22,"clasif_fuente":"CHIRPS + ERA5-Land · GEE 1–15 ago 2026 vs 1991–2020 · matriz graduada V0.5","precip_sev":2,"temp_sev":1,"clima_score":3,"precip_mm":10.89,"temp_mean":19.13},"geometry":{"type":"Point","coordinates":[-76.20946,4.309453]}},{"type":"Feature","properties":{"id":"ELNINO_0054","id_maestro":"ACUEDUCTO_0054","codigo":"2168","mun":"BOLÍVAR","aro":"Centro Tuluá","amb":"Rural","tipo":"CENTRO POBLADO","prest":"ASOCIACION DE USUARIOS ACUEDCUTO DE NARANJAL","loc":"DE NARANJAL","pob":2000,"susc":500,"q":8.0,"qesc":4.8,"dem":4.32,"bal":0.48,"trat":"Solo desinfección","tienetrat":"","tfuente":"","fuente":"","P_operativa":"SIN CLASIFICAR","P_clima":"P1","precip_idx":43.3,"temp_anom":1.55,"clasif_fuente":"CHIRPS + ERA5-Land · GEE 1–15 ago 2026 vs 1991–2020 · matriz graduada V0.5","precip_sev":1,"temp_sev":2,"clima_score":3,"precip_mm":19.46,"temp_mean":20.07},"geometry":{"type":"Point","coordinates":[-76.35307,4.356414]}},{"type":"Feature","properties":{"id":"ELNINO_0055","id_maestro":"ACUEDUCTO_0055","codigo":"1128","mun":"BOLÍVAR","aro":"Centro Tuluá","amb":"Rural","tipo":"DISPERSA","prest":"ASOCIACION DE USUARIOS ACUEDUCTO LA MARIA","loc":"LA MARIA","pob":232,"susc":58,"q":1.5,"qesc":0.9,"dem":0.5,"bal":0.4,"trat":"Solo desinfección","tienetrat":"","tfuente":"Superficial","fuente":"LAS OLAS, LA SECRETA","P_operativa":"SIN CLASIFICAR","P_clima":"P2","precip_idx":32.6,"temp_anom":1.48,"clasif_fuente":"CHIRPS + ERA5-Land · GEE 1–15 ago 2026 vs 1991–2020 · matriz graduada V0.5","precip_sev":1,"temp_sev":1,"clima_score":2,"precip_mm":13.07,"temp_mean":19.13},"geometry":{"type":"Point","coordinates":[-76.25591,4.378178]}},{"type":"Feature","properties":{"id":"ELNINO_0056","id_maestro":"ACUEDUCTO_0056","codigo":"1116","mun":"BOLÍVAR","aro":"Centro Tuluá","amb":"Rural","tipo":"CENTRO POBLADO","prest":"ASOCIACION DE USUARIOS ACUEDUCTO LA TULIA","loc":"LA TULIA","pob":1824,"susc":456,"q":null,"qesc":null,"dem":3.94,"bal":null,"trat":"FIME","tienetrat":1,"tfuente":"Superficial","fuente":"QUEBRADA TESALIA","P_operativa":"SIN CLASIFICAR","P_clima":"P2","precip_idx":31.6,"temp_anom":1.47,"clasif_fuente":"CHIRPS + ERA5-Land · GEE 1–15 ago 2026 vs 1991–2020 · matriz graduada V0.5","precip_sev":1,"temp_sev":1,"clima_score":2,"precip_mm":11.77,"temp_mean":19.13},"geometry":{"type":"Point","coordinates":[-76.245,4.386394]}},{"type":"Feature","properties":{"id":"ELNINO_0057","id_maestro":"ACUEDUCTO_0057","codigo":null,"mun":"BOLÍVAR","aro":"Centro Tuluá","amb":"Rural","tipo":"DISPERSA","prest":"ASOCIACION DE USUARIOS ACUEDUCTO RURAL EL ORO","loc":"EL ORO","pob":120,"susc":30,"q":1.0,"qesc":0.6,"dem":0.26,"bal":0.34,"trat":"Ninguno","tienetrat":"","tfuente":"Superficial-Subterránea","fuente":"EL DIABLO, EL INDIO","P_operativa":"SIN CLASIFICAR","P_clima":"P2","precip_idx":52.8,"temp_anom":1.76,"clasif_fuente":"CHIRPS + ERA5-Land · GEE 1–15 ago 2026 vs 1991–2020 · matriz graduada V0.5","precip_sev":0,"temp_sev":2,"clima_score":2,"precip_mm":23.61,"temp_mean":21.53},"geometry":{"type":"Point","coordinates":[-76.30953,4.462044]}},{"type":"Feature","properties":{"id":"ELNINO_0058","id_maestro":"ACUEDUCTO_0058","codigo":"2171","mun":"BOLÍVAR","aro":"Centro Tuluá","amb":"Rural","tipo":"DISPERSA","prest":"ASOCIACION DE USUARIOS DEL ACUEDUCTO DE BUENOS AIRES","loc":"BUENOS AIRES","pob":120,"susc":30,"q":2.0,"qesc":1.2,"dem":0.26,"bal":0.94,"trat":"Solo desinfección","tienetrat":"","tfuente":"Superficial","fuente":"LA LEONOR","P_operativa":"SIN CLASIFICAR","P_clima":"P2","precip_idx":32.6,"temp_anom":1.48,"clasif_fuente":"CHIRPS + ERA5-Land · GEE 1–15 ago 2026 vs 1991–2020 · matriz graduada V0.5","precip_sev":1,"temp_sev":1,"clima_score":2,"precip_mm":13.07,"temp_mean":19.13},"geometry":{"type":"Point","coordinates":[-76.25172,4.396928]}},{"type":"Feature","properties":{"id":"ELNINO_0059","id_maestro":"ACUEDUCTO_0059","codigo":"12872","mun":"BOLÍVAR","aro":"Centro Tuluá","amb":"Rural","tipo":"DISPERSA","prest":"ASOCIACION DE USUARIOS DEL ACUEDUCTO EL BOSQUE # 1","loc":"EL BOSQUE","pob":136,"susc":34,"q":1.0,"qesc":0.6,"dem":0.29,"bal":0.31,"trat":"Solo desinfección","tienetrat":"","tfuente":"Superficial","fuente":"LA CRISTALINA","P_operativa":"SIN CLASIFICAR","P_clima":"P2","precip_idx":32.6,"temp_anom":1.48,"clasif_fuente":"CHIRPS + ERA5-Land · GEE 1–15 ago 2026 vs 1991–2020 · matriz graduada V0.5","precip_sev":1,"temp_sev":1,"clima_score":2,"precip_mm":13.07,"temp_mean":19.13},"geometry":{"type":"Point","coordinates":[-76.25185,4.390028]}},{"type":"Feature","properties":{"id":"ELNINO_0060","id_maestro":"ACUEDUCTO_0060","codigo":"2170","mun":"BOLÍVAR","aro":"Centro Tuluá","amb":"Rural","tipo":"CENTRO POBLADO","prest":"ASOCIACION DE USUARIOS DEL ACUEDUCTO LA HERRADURA","loc":"LA HERRADURA","pob":488,"susc":122,"q":null,"qesc":null,"dem":1.05,"bal":null,"trat":"Solo desinfección","tienetrat":"","tfuente":"Superficial","fuente":"DOS QUEBRADAS","P_operativa":"SIN CLASIFICAR","P_clima":"P1","precip_idx":26.7,"temp_anom":1.22,"clasif_fuente":"CHIRPS + ERA5-Land · GEE 1–15 ago 2026 vs 1991–2020 · matriz graduada V0.5","precip_sev":2,"temp_sev":1,"clima_score":3,"precip_mm":9.75,"temp_mean":19.26},"geometry":{"type":"Point","coordinates":[-76.21391,4.275642]}},{"type":"Feature","properties":{"id":"ELNINO_0061","id_maestro":"ACUEDUCTO_0061","codigo":"1115","mun":"BOLÍVAR","aro":"Centro Tuluá","amb":"Rural","tipo":"DISPERSA","prest":"ASOCIACION DE USUARIOS DEL ACUEDUCTO LA TULIA PORVENIR","loc":"LA TULIA","pob":200,"susc":50,"q":null,"qesc":null,"dem":0.43,"bal":null,"trat":"Solo desinfección","tienetrat":"","tfuente":"","fuente":"","P_operativa":"SIN CLASIFICAR","P_clima":"P2","precip_idx":31.6,"temp_anom":1.47,"clasif_fuente":"CHIRPS + ERA5-Land · GEE 1–15 ago 2026 vs 1991–2020 · matriz graduada V0.5","precip_sev":1,"temp_sev":1,"clima_score":2,"precip_mm":11.77,"temp_mean":19.13},"geometry":{"type":"Point","coordinates":[-76.24426,4.391014]}},{"type":"Feature","properties":{"id":"ELNINO_0062","id_maestro":"ACUEDUCTO_0062","codigo":"1117","mun":"BOLÍVAR","aro":"Centro Tuluá","amb":"Rural","tipo":"DISPERSA","prest":"ASOCIACION DE USUARIOS DEL ACUEDUCTO RURAL COMUNITARIO DE LA VEREDA LA PLAZUELA","loc":"LA PLAZUELA","pob":240,"susc":60,"q":2.0,"qesc":1.2,"dem":0.52,"bal":0.68,"trat":"Solo desinfección","tienetrat":"","tfuente":"Superficial","fuente":"LA NEGRA, RURITO, LA PEDREGOZA","P_operativa":"SIN CLASIFICAR","P_clima":"P2","precip_idx":31.6,"temp_anom":1.47,"clasif_fuente":"CHIRPS + ERA5-Land · GEE 1–15 ago 2026 vs 1991–2020 · matriz graduada V0.5","precip_sev":1,"temp_sev":1,"clima_score":2,"precip_mm":11.77,"temp_mean":19.13},"geometry":{"type":"Point","coordinates":[-76.24296,4.390367]}},{"type":"Feature","properties":{"id":"ELNINO_0063","id_maestro":"ACUEDUCTO_0063","codigo":null,"mun":"BOLÍVAR","aro":"Centro Tuluá","amb":"Rural","tipo":"CENTRO POBLADO","prest":"ASOCIACION DE USUARIOS DEL ACUEDUCTO RURAL COMUNITARIO DE LAS VEREDAS AGUAS LINDAS Y BUENOS AIRES","loc":"AGUAS LINDAS","pob":244,"susc":61,"q":2.0,"qesc":1.2,"dem":0.53,"bal":0.67,"trat":"Ninguno","tienetrat":"","tfuente":"Superficial","fuente":"EL ESQUELETO","P_operativa":"SIN CLASIFICAR","P_clima":"P2","precip_idx":49.8,"temp_anom":1.48,"clasif_fuente":"CHIRPS + ERA5-Land · GEE 1–15 ago 2026 vs 1991–2020 · matriz graduada V0.5","precip_sev":1,"temp_sev":1,"clima_score":2,"precip_mm":21.16,"temp_mean":21.53},"geometry":{"type":"Point","coordinates":[-76.32549,4.411886]}},{"type":"Feature","properties":{"id":"ELNINO_0064","id_maestro":"ACUEDUCTO_0064","codigo":"1118","mun":"BOLÍVAR","aro":"Centro Tuluá","amb":"Rural","tipo":"DISPERSA","prest":"ASOCIACION DE USUARIOS DEL ACUEDUCTO RURAL DE LAS VEREDAS EL BOSQUE LA ALDANA","loc":"LA ALDANA","pob":192,"susc":48,"q":2.5,"qesc":1.5,"dem":0.41,"bal":1.09,"trat":"Solo desinfección","tienetrat":"","tfuente":"Superficial","fuente":"AGUACATAL","P_operativa":"SIN CLASIFICAR","P_clima":"P2","precip_idx":31.6,"temp_anom":1.47,"clasif_fuente":"CHIRPS + ERA5-Land · GEE 1–15 ago 2026 vs 1991–2020 · matriz graduada V0.5","precip_sev":1,"temp_sev":1,"clima_score":2,"precip_mm":11.77,"temp_mean":19.13},"geometry":{"type":"Point","coordinates":[-76.24526,4.359753]}},{"type":"Feature","properties":{"id":"ELNINO_0065","id_maestro":"ACUEDUCTO_0065","codigo":"2169","mun":"BOLÍVAR","aro":"Centro Tuluá","amb":"Rural","tipo":"DISPERSA","prest":"ASOCIACION DE USUARIOS DEL SERVICIO COMUNITARIO DE LA MONTAÑUELA - AUSCRAALMA","loc":"LA MONTAÑUELA","pob":280,"susc":70,"q":2.0,"qesc":1.2,"dem":0.61,"bal":0.59,"trat":"Solo desinfección","tienetrat":"","tfuente":"","fuente":"","P_operativa":"SIN CLASIFICAR","P_clima":"P1","precip_idx":29.3,"temp_anom":1.22,"clasif_fuente":"CHIRPS + ERA5-Land · GEE 1–15 ago 2026 vs 1991–2020 · matriz graduada V0.5","precip_sev":2,"temp_sev":1,"clima_score":3,"precip_mm":10.89,"temp_mean":19.13},"geometry":{"type":"Point","coordinates":[-76.22583,4.328333]}},{"type":"Feature","properties":{"id":"ELNINO_0066","id_maestro":"ACUEDUCTO_0066","codigo":"258","mun":"BOLÍVAR","aro":"Centro Tuluá","amb":"Rural","tipo":"CENTRO POBLADO","prest":"ASOCIACION DE USUARIOS DEL SERVICIO DE AGUA POTABLE Y ALCANTARILLADO DE PRIMAVERA","loc":"PRIMAVERA","pob":1960,"susc":490,"q":3.0,"qesc":1.8,"dem":4.24,"bal":-2.44,"trat":"FIME","tienetrat":1,"tfuente":"Superficial","fuente":"LA GRECIA","P_operativa":"SIN CLASIFICAR","P_clima":"P2","precip_idx":32.6,"temp_anom":1.48,"clasif_fuente":"CHIRPS + ERA5-Land · GEE 1–15 ago 2026 vs 1991–2020 · matriz graduada V0.5","precip_sev":1,"temp_sev":1,"clima_score":2,"precip_mm":13.07,"temp_mean":19.13},"geometry":{"type":"Point","coordinates":[-76.2639,4.353333]}},{"type":"Feature","properties":{"id":"ELNINO_0067","id_maestro":"ACUEDUCTO_0067","codigo":"200","mun":"BOLÍVAR","aro":"Centro Tuluá","amb":"Rural","tipo":"CENTRO POBLADO","prest":"ASOCIACION USUARIOS ACUEDUCTO COLECTIVO CERRO AZUL","loc":"CERRO AZUL, LA SOLEDAD","pob":1200,"susc":300,"q":4.0,"qesc":2.4,"dem":2.59,"bal":-0.19,"trat":"Solo desinfección","tienetrat":"","tfuente":"Superficial","fuente":"RIO CALAMAR","P_operativa":"SIN CLASIFICAR","P_clima":"P2","precip_idx":35.5,"temp_anom":1.12,"clasif_fuente":"CHIRPS + ERA5-Land · GEE 1–15 ago 2026 vs 1991–2020 · matriz graduada V0.5","precip_sev":1,"temp_sev":1,"clima_score":2,"precip_mm":13.29,"temp_mean":19.26},"geometry":{"type":"Point","coordinates":[-76.28697,4.279806]}},{"type":"Feature","properties":{"id":"ELNINO_0068","id_maestro":"ACUEDUCTO_0068","codigo":null,"mun":"BOLÍVAR","aro":"Centro Tuluá","amb":"Rural","tipo":"DISPERSA","prest":"COMITE PROACUEDUCTO CRISTALES","loc":"CRISTALES, MORAITO, DOS QUEBRADAS","pob":260,"susc":65,"q":3.0,"qesc":1.8,"dem":0.56,"bal":1.24,"trat":"Solo desinfección","tienetrat":"","tfuente":"Superficial","fuente":"EL OSO","P_operativa":"SIN CLASIFICAR","P_clima":"P2","precip_idx":39.5,"temp_anom":1.23,"clasif_fuente":"CHIRPS + ERA5-Land · GEE 1–15 ago 2026 vs 1991–2020 · matriz graduada V0.5","precip_sev":1,"temp_sev":1,"clima_score":2,"precip_mm":17.36,"temp_mean":20.07},"geometry":{"type":"Point","coordinates":[-76.38045,4.301117]}},{"type":"Feature","properties":{"id":"ELNINO_0069","id_maestro":"ACUEDUCTO_0069","codigo":"11893","mun":"BOLÍVAR","aro":"Centro Tuluá","amb":"Rural","tipo":"CENTRO POBLADO","prest":"MANANTIALES DE BETANIA MABE","loc":"BETANIA","pob":420,"susc":105,"q":1.5,"qesc":0.9,"dem":0.91,"bal":-0.01,"trat":"Solo desinfección","tienetrat":"","tfuente":"Superficial","fuente":"LA QUERELLA","P_operativa":"SIN CLASIFICAR","P_clima":"P2","precip_idx":49.8,"temp_anom":1.48,"clasif_fuente":"CHIRPS + ERA5-Land · GEE 1–15 ago 2026 vs 1991–2020 · matriz graduada V0.5","precip_sev":1,"temp_sev":1,"clima_score":2,"precip_mm":21.16,"temp_mean":21.53},"geometry":{"type":"Point","coordinates":[-76.30947,4.439953]}},{"type":"Feature","properties":{"id":"ELNINO_0070","id_maestro":"ACUEDUCTO_0070","codigo":"166","mun":"BOLÍVAR","aro":"Centro Tuluá","amb":"Urbano","tipo":"CABECERA MUNICIPAL","prest":"SOCIEDAD DE ACUEDUCTOS Y ALCANTARILLADOS DEL VALLE DEL CAUCA S.A. E.S.P. ACUAVALLE S.A. E.S.P. - BOLIVAR","loc":"URBANO, SAN FERNANDO, SAN ANTONIO DE GUARE, PLAZA VIEJA","pob":8240,"susc":2060,"q":20.0,"qesc":12.0,"dem":17.81,"bal":-5.81,"trat":"Convencional","tienetrat":1,"tfuente":"Superficial","fuente":"REPRESA SARA BRUT, PESCADOR","P_operativa":"SIN CLASIFICAR","P_clima":"P1","precip_idx":28.4,"temp_anom":1.22,"clasif_fuente":"CHIRPS + ERA5-Land · GEE 1–15 ago 2026 vs 1991–2020 · matriz graduada V0.5","precip_sev":2,"temp_sev":1,"clima_score":3,"precip_mm":10.41,"temp_mean":20.11},"geometry":{"type":"Point","coordinates":[-76.16724,4.338628]}},{"type":"Feature","properties":{"id":"ELNINO_0072","id_maestro":"ACUEDUCTO_0072","codigo":"10030","mun":"BUGALAGRANDE","aro":"Centro Tuluá","amb":"Rural","tipo":"DISPERSA","prest":"ACUEDUCTO RURAL ESMERALDA ALTA","loc":"ESMERALDA ALTA","pob":108,"susc":27,"q":6.0,"qesc":3.6,"dem":0.23,"bal":3.37,"trat":"Ninguno","tienetrat":"","tfuente":"","fuente":"","P_operativa":"SIN CLASIFICAR","P_clima":"P1","precip_idx":26.2,"temp_anom":1.45,"clasif_fuente":"CHIRPS + ERA5-Land · GEE 1–15 ago 2026 vs 1991–2020 · matriz graduada V0.5","precip_sev":2,"temp_sev":1,"clima_score":3,"precip_mm":8.06,"temp_mean":20.04},"geometry":{"type":"Point","coordinates":[-76.06664,4.100292]}},{"type":"Feature","properties":{"id":"ELNINO_0074","id_maestro":"ACUEDUCTO_0074","codigo":"2153","mun":"BUGALAGRANDE","aro":"Centro Tuluá","amb":"Rural","tipo":"CENTRO POBLADO","prest":"ASOCIACION AGUAS DE GALICIA","loc":"GALICIA","pob":1320,"susc":330,"q":7.0,"qesc":4.2,"dem":2.85,"bal":1.35,"trat":"FD+Desinfección","tienetrat":1,"tfuente":"Superficial","fuente":"TETILLAL","P_operativa":"SIN CLASIFICAR","P_clima":"P2","precip_idx":27.4,"temp_anom":0.97,"clasif_fuente":"CHIRPS + ERA5-Land · GEE 1–15 ago 2026 vs 1991–2020 · matriz graduada V0.5","precip_sev":2,"temp_sev":0,"clima_score":2,"precip_mm":9.27,"temp_mean":20.04},"geometry":{"type":"Point","coordinates":[-76.05827,4.172831]}},{"type":"Feature","properties":{"id":"ELNINO_0076","id_maestro":"ACUEDUCTO_0076","codigo":"8870","mun":"BUGALAGRANDE","aro":"Centro Tuluá","amb":"Rural","tipo":"DISPERSA","prest":"ASOCIACION DE USUARIOS DE ALMENDRONAL","loc":"ALMENDRONAL","pob":52,"susc":13,"q":4.0,"qesc":2.4,"dem":0.11,"bal":2.29,"trat":"Ninguno","tienetrat":"","tfuente":"Superficial","fuente":"SIN NOMBRE","P_operativa":"SIN CLASIFICAR","P_clima":"P1","precip_idx":26.2,"temp_anom":1.45,"clasif_fuente":"CHIRPS + ERA5-Land · GEE 1–15 ago 2026 vs 1991–2020 · matriz graduada V0.5","precip_sev":2,"temp_sev":1,"clima_score":3,"precip_mm":8.06,"temp_mean":20.04},"geometry":{"type":"Point","coordinates":[-76.06788,4.149033]}},{"type":"Feature","properties":{"id":"ELNINO_0077","id_maestro":"ACUEDUCTO_0077","codigo":"227","mun":"BUGALAGRANDE","aro":"Centro Tuluá","amb":"Rural","tipo":"CENTRO POBLADO","prest":"ASOCIACION DE USUARIOS DE LOS SERVICIOS PUBLICOS DEL CORREGIMIENTO DE CEILAN","loc":"CEILÁN","pob":3296,"susc":824,"q":8.0,"qesc":4.8,"dem":7.12,"bal":-2.32,"trat":"FIME","tienetrat":1,"tfuente":"","fuente":"","P_operativa":"SIN CLASIFICAR","P_clima":"P1","precip_idx":22.9,"temp_anom":1.15,"clasif_fuente":"CHIRPS + ERA5-Land · GEE 1–15 ago 2026 vs 1991–2020 · matriz graduada V0.5","precip_sev":2,"temp_sev":1,"clima_score":3,"precip_mm":7.13,"temp_mean":20.04},"geometry":{"type":"Point","coordinates":[-76.04056,4.108833]}},{"type":"Feature","properties":{"id":"ELNINO_0467","id_maestro":"ACUEDUCTO_0078","codigo":"13567","mun":"BUGALAGRANDE","aro":"Centro Tuluá","amb":"Rural","tipo":"DISPERSA","prest":"ASOCIACION DE USUARIOS DEL ACUEDUCTO DE CAMPO ALEGRE DE CEYLAN","loc":"CAMPOALEGRE BAJO","pob":120,"susc":30,"q":null,"qesc":null,"dem":0.26,"bal":null,"trat":"Soluciones_Individuales","tienetrat":1,"tfuente":"Superficial","fuente":"SAN MIGUEL","P_operativa":"SIN CLASIFICAR","P_clima":"P2","precip_idx":21.0,"temp_anom":0.97,"clasif_fuente":"CHIRPS + ERA5-Land · GEE 1–15 ago 2026 vs 1991–2020 · matriz graduada V0.5","precip_sev":2,"temp_sev":0,"clima_score":2,"precip_mm":7.61,"temp_mean":20.94},"geometry":{"type":"Point","coordinates":[-76.06784,4.219431]}},{"type":"Feature","properties":{"id":"ELNINO_0079","id_maestro":"ACUEDUCTO_0079","codigo":"921","mun":"BUGALAGRANDE","aro":"Centro Tuluá","amb":"Rural","tipo":"DISPERSA","prest":"ASOCIACION DE USUARIOS DEL ACUEDUCTO DE LA VEREDA SAN ISIDRO - ASUASANIS","loc":"SAN ISIDRO","pob":424,"susc":106,"q":5.0,"qesc":3.0,"dem":0.92,"bal":2.08,"trat":"Soluciones_Individuales","tienetrat":"","tfuente":"Superficial","fuente":"LAS PEÑAS","P_operativa":"SIN CLASIFICAR","P_clima":"P1","precip_idx":22.9,"temp_anom":1.15,"clasif_fuente":"CHIRPS + ERA5-Land · GEE 1–15 ago 2026 vs 1991–2020 · matriz graduada V0.5","precip_sev":2,"temp_sev":1,"clima_score":3,"precip_mm":7.13,"temp_mean":20.04},"geometry":{"type":"Point","coordinates":[-76.01669,4.114444]}},{"type":"Feature","properties":{"id":"ELNINO_0080","id_maestro":"ACUEDUCTO_0080","codigo":"2173","mun":"BUGALAGRANDE","aro":"Centro Tuluá","amb":"Rural","tipo":"CENTRO POBLADO","prest":"ASOCIACION DE USUARIOS DEL ACUEDUCTO DE PAILA ARRIBA","loc":"PAILA ARRIBA","pob":800,"susc":200,"q":4.0,"qesc":2.4,"dem":1.73,"bal":0.67,"trat":"Solo desinfección","tienetrat":"","tfuente":"Superficial","fuente":"SAN MARCOS","P_operativa":"SIN CLASIFICAR","P_clima":"P2","precip_idx":25.4,"temp_anom":0.94,"clasif_fuente":"CHIRPS + ERA5-Land · GEE 1–15 ago 2026 vs 1991–2020 · matriz graduada V0.5","precip_sev":2,"temp_sev":0,"clima_score":2,"precip_mm":8.73,"temp_mean":20.94},"geometry":{"type":"Point","coordinates":[-76.03446,4.236411]}},{"type":"Feature","properties":{"id":"ELNINO_0081","id_maestro":"ACUEDUCTO_0081","codigo":"914","mun":"BUGALAGRANDE","aro":"Centro Tuluá","amb":"Rural","tipo":"DISPERSA","prest":"ASOCIACION DE USUARIOS DEL ACUEDUCTO DEL CORREGIMIENTO DE CHORRERAS MUNICIPIO DE BUGALAGRANDE - ASUACH","loc":"CHORRERAS","pob":280,"susc":70,"q":1.0,"qesc":0.6,"dem":0.61,"bal":-0.01,"trat":"Solo desinfección","tienetrat":"","tfuente":"Superficial","fuente":"SANTA TERESA","P_operativa":"SIN CLASIFICAR","P_clima":"P1","precip_idx":15.5,"temp_anom":1.21,"clasif_fuente":"CHIRPS + ERA5-Land · GEE 1–15 ago 2026 vs 1991–2020 · matriz graduada V0.5","precip_sev":2,"temp_sev":1,"clima_score":3,"precip_mm":4.17,"temp_mean":18.02},"geometry":{"type":"Point","coordinates":[-75.84171,4.159742]}},{"type":"Feature","properties":{"id":"ELNINO_0015","id_maestro":"ACUEDUCTO_0082","codigo":"10426","mun":"BUGALAGRANDE","aro":"Centro Tuluá","amb":"Rural","tipo":"DISPERSA","prest":"ASOCIACION DE USUARIOS DEL ACUEDUCTO LA COLONIA","loc":"LA COLONIA","pob":168,"susc":47,"q":6.0,"qesc":3.6,"dem":0.36,"bal":3.24,"trat":"Soluciones_Individuales","tienetrat":1,"tfuente":"Superficial","fuente":"LA RUFINA","P_operativa":"SIN CLASIFICAR","P_clima":"P1","precip_idx":22.9,"temp_anom":1.15,"clasif_fuente":"CHIRPS + ERA5-Land · GEE 1–15 ago 2026 vs 1991–2020 · matriz graduada V0.5","precip_sev":2,"temp_sev":1,"clima_score":3,"precip_mm":7.13,"temp_mean":20.04},"geometry":{"type":"Point","coordinates":[-76.0218,4.146503]}},{"type":"Feature","properties":{"id":"ELNINO_0078","id_maestro":"ACUEDUCTO_0083","codigo":null,"mun":"BUGALAGRANDE","aro":"Centro Tuluá","amb":"Rural","tipo":"DISPERSA","prest":"ASOCIACION DE USUARIOS DEL ACUEDUCTO RURAL COMUNITARIO DE LAS VEREDAS CHICORAL Y EL PORVENIR - ASUACHIJAPOR","loc":"CHICORAL ALTO","pob":88,"susc":22,"q":null,"qesc":null,"dem":0.19,"bal":null,"trat":"Soluciones_Individuales","tienetrat":1,"tfuente":"","fuente":"","P_operativa":"SIN CLASIFICAR","P_clima":"P1","precip_idx":28.7,"temp_anom":1.03,"clasif_fuente":"CHIRPS + ERA5-Land · GEE 1–15 ago 2026 vs 1991–2020 · matriz graduada V0.5","precip_sev":2,"temp_sev":1,"clima_score":3,"precip_mm":9.6,"temp_mean":20.94},"geometry":{"type":"Point","coordinates":[-76.05262,4.251414]}},{"type":"Feature","properties":{"id":"ELNINO_0079","id_maestro":"ACUEDUCTO_0084","codigo":null,"mun":"BUGALAGRANDE","aro":"Centro Tuluá","amb":"Rural","tipo":"DISPERSA","prest":"ASOCIACION DE USUARIOS DEL ACUEDUCTO RURAL COMUNITARIO DE LAS VEREDAS CHICORAL Y EL PORVENIR - ASUACHIJAPOR","loc":"EL PORVENIR","pob":72,"susc":18,"q":null,"qesc":null,"dem":0.16,"bal":null,"trat":"Ninguno","tienetrat":"","tfuente":"","fuente":"","P_operativa":"SIN CLASIFICAR","P_clima":"P2","precip_idx":23.9,"temp_anom":0.94,"clasif_fuente":"CHIRPS + ERA5-Land · GEE 1–15 ago 2026 vs 1991–2020 · matriz graduada V0.5","precip_sev":2,"temp_sev":0,"clima_score":2,"precip_mm":8.19,"temp_mean":20.04},"geometry":{"type":"Point","coordinates":[-76.02729,4.151117]}},{"type":"Feature","properties":{"id":"ELNINO_0080","id_maestro":"ACUEDUCTO_0085","codigo":null,"mun":"BUGALAGRANDE","aro":"Centro Tuluá","amb":"Rural","tipo":"DISPERSA","prest":"ASOCIACION DE USUARIOS DEL ACUEDUCTO RURAL COMUNITARIO DE LAS VEREDAS CHICORAL Y EL PORVENIR - ASUACHIJAPOR","loc":"EL JARDIN","pob":88,"susc":22,"q":null,"qesc":null,"dem":0.19,"bal":null,"trat":"Ninguno","tienetrat":"","tfuente":"","fuente":"","P_operativa":"SIN CLASIFICAR","P_clima":"P2","precip_idx":23.9,"temp_anom":0.94,"clasif_fuente":"CHIRPS + ERA5-Land · GEE 1–15 ago 2026 vs 1991–2020 · matriz graduada V0.5","precip_sev":2,"temp_sev":0,"clima_score":2,"precip_mm":8.19,"temp_mean":20.04},"geometry":{"type":"Point","coordinates":[-76.03342,4.158742]}},{"type":"Feature","properties":{"id":"ELNINO_0081","id_maestro":"ACUEDUCTO_0086","codigo":"1611; 1426; 1586; 1427","mun":"BUGALAGRANDE","aro":"Centro Tuluá","amb":"Rural","tipo":"DISPERSA","prest":"ASOCIACION DE USUARIOS DEL ACUEDUCTO RURAL COMUNITARIO DE LAS VEREDAS CHICORAL Y EL PORVENIR - ASUACHIJAPOR","loc":"CHICORAL BAJO","pob":72,"susc":18,"q":null,"qesc":null,"dem":0.16,"bal":null,"trat":"Soluciones_Individuales","tienetrat":1,"tfuente":"Superficial-Subterránea","fuente":"LA GRANJA, EL JARDIN, EL PORVENIR","P_operativa":"SIN CLASIFICAR","P_clima":"P2","precip_idx":23.9,"temp_anom":0.94,"clasif_fuente":"CHIRPS + ERA5-Land · GEE 1–15 ago 2026 vs 1991–2020 · matriz graduada V0.5","precip_sev":2,"temp_sev":0,"clima_score":2,"precip_mm":8.19,"temp_mean":20.04},"geometry":{"type":"Point","coordinates":[-76.03342,4.158742]}},{"type":"Feature","properties":{"id":"ELNINO_0087","id_maestro":"ACUEDUCTO_0087","codigo":"17741","mun":"BUGALAGRANDE","aro":"Centro Tuluá","amb":"Rural","tipo":"DISPERSA","prest":"ASOCIACION DE USUARIOS DEL ACUEDUCTO RURAL DE LA VEREDA TETILLAL BAJO","loc":"TETILLAL","pob":52,"susc":13,"q":6.0,"qesc":3.6,"dem":0.11,"bal":3.49,"trat":"Ninguno","tienetrat":"","tfuente":"Superficial","fuente":"TETILLAL","P_operativa":"SIN CLASIFICAR","P_clima":"P2","precip_idx":27.4,"temp_anom":0.97,"clasif_fuente":"CHIRPS + ERA5-Land · GEE 1–15 ago 2026 vs 1991–2020 · matriz graduada V0.5","precip_sev":2,"temp_sev":0,"clima_score":2,"precip_mm":9.27,"temp_mean":20.04},"geometry":{"type":"Point","coordinates":[-76.05406,4.157958]}},{"type":"Feature","properties":{"id":"ELNINO_0088","id_maestro":"ACUEDUCTO_0088","codigo":"2156","mun":"BUGALAGRANDE","aro":"Centro Tuluá","amb":"Rural","tipo":"CENTRO POBLADO","prest":"ASOCIACION DE USUARIOS DEL SERVICIO DE AGUA POTABLE DEL ACUEDUCTO Y ALCANTARILLADO DE MESTIZAL","loc":"MESTIZAL","pob":520,"susc":130,"q":4.0,"qesc":2.4,"dem":1.12,"bal":1.28,"trat":"Pozo+Aireacion+Desinfección","tienetrat":1,"tfuente":"Subterránea","fuente":"POZO","P_operativa":"SIN CLASIFICAR","P_clima":"P2","precip_idx":34.5,"temp_anom":1.5,"clasif_fuente":"CHIRPS + ERA5-Land · GEE 1–15 ago 2026 vs 1991–2020 · matriz graduada V0.5","precip_sev":1,"temp_sev":1,"clima_score":2,"precip_mm":13.47,"temp_mean":20.6},"geometry":{"type":"Point","coordinates":[-76.16225,4.228908]}},{"type":"Feature","properties":{"id":"ELNINO_0089","id_maestro":"ACUEDUCTO_0089","codigo":"234","mun":"BUGALAGRANDE","aro":"Centro Tuluá","amb":"Rural","tipo":"DISPERSA","prest":"ASOCIACION DE USUARIOS DEL SERVICIO DE AGUA POTABLE Y ALCANTARILLADO DE EL GUAYABO","loc":"EL GUAYABO","pob":368,"susc":92,"q":null,"qesc":null,"dem":0.8,"bal":null,"trat":"Pozo+Aireacion+Desinfección","tienetrat":1,"tfuente":"Subterránea","fuente":"POZO","P_operativa":"SIN CLASIFICAR","P_clima":"P2","precip_idx":34.5,"temp_anom":1.5,"clasif_fuente":"CHIRPS + ERA5-Land · GEE 1–15 ago 2026 vs 1991–2020 · matriz graduada V0.5","precip_sev":1,"temp_sev":1,"clima_score":2,"precip_mm":13.47,"temp_mean":20.6},"geometry":{"type":"Point","coordinates":[-76.18197,4.244167]}},{"type":"Feature","properties":{"id":"ELNINO_0090","id_maestro":"ACUEDUCTO_0090","codigo":"2152","mun":"BUGALAGRANDE","aro":"Centro Tuluá","amb":"Rural","tipo":"DISPERSA","prest":"ASOCIACION DE USUARIOS DEL SERVICIO DE AGUA POTABLE Y ALCANTARILLADO DE SAN ANTONIO","loc":"SAN ANTONIO","pob":520,"susc":130,"q":null,"qesc":null,"dem":1.12,"bal":null,"trat":"Pozo+Aireacion+Desinfección","tienetrat":1,"tfuente":"Subterránea","fuente":"POZO","P_operativa":"SIN CLASIFICAR","P_clima":"P1","precip_idx":28.3,"temp_anom":1.5,"clasif_fuente":"CHIRPS + ERA5-Land · GEE 1–15 ago 2026 vs 1991–2020 · matriz graduada V0.5","precip_sev":2,"temp_sev":1,"clima_score":3,"precip_mm":10.97,"temp_mean":19.26},"geometry":{"type":"Point","coordinates":[-76.21528,4.228894]}},{"type":"Feature","properties":{"id":"ELNINO_0016","id_maestro":"ACUEDUCTO_0091","codigo":"917","mun":"BUGALAGRANDE","aro":"Centro Tuluá","amb":"Rural","tipo":"DISPERSA","prest":"DISTRITO DE RIEGO ASODIS ALTO BONITO","loc":"ALTO BONITO","pob":640,"susc":160,"q":40.0,"qesc":24.0,"dem":1.38,"bal":22.62,"trat":"Soluciones_Individuales(22%)","tienetrat":"","tfuente":"Superficial","fuente":"LA HOLANDA","P_operativa":"SIN CLASIFICAR","P_clima":"P1","precip_idx":22.9,"temp_anom":1.15,"clasif_fuente":"CHIRPS + ERA5-Land · GEE 1–15 ago 2026 vs 1991–2020 · matriz graduada V0.5","precip_sev":2,"temp_sev":1,"clima_score":3,"precip_mm":7.13,"temp_mean":20.04},"geometry":{"type":"Point","coordinates":[-76.00314,4.112361]}},{"type":"Feature","properties":{"id":"ELNINO_0092","id_maestro":"ACUEDUCTO_0092","codigo":"17757","mun":"BUGALAGRANDE","aro":"Centro Tuluá","amb":"Rural","tipo":"DISPERSA","prest":"JUNTA ADMINISTRADORA ACUEDUCTO LA MORENA","loc":"LA MORENA","pob":88,"susc":22,"q":6.0,"qesc":3.6,"dem":0.19,"bal":3.41,"trat":"Ninguno","tienetrat":"","tfuente":"Superficial","fuente":"NACIMIENTO LA MORENA","P_operativa":"SIN CLASIFICAR","P_clima":"P1","precip_idx":26.2,"temp_anom":1.45,"clasif_fuente":"CHIRPS + ERA5-Land · GEE 1–15 ago 2026 vs 1991–2020 · matriz graduada V0.5","precip_sev":2,"temp_sev":1,"clima_score":3,"precip_mm":8.06,"temp_mean":20.04},"geometry":{"type":"Point","coordinates":[-76.07157,4.135678]}},{"type":"Feature","properties":{"id":"ELNINO_0093","id_maestro":"ACUEDUCTO_0093","codigo":"210","mun":"BUGALAGRANDE","aro":"Centro Tuluá","amb":"Urbano","tipo":"CABECERA MUNICIPAL","prest":"SOCIEDAD DE ACUEDUCTOS Y ALCANTARILLADOS DEL VALLE DEL CAUCA S.A. E.S.P. ACUAVALLE S.A. E.S.P.-BUGALAGRANDE","loc":"URBANO, EL OVERO, URIBE URIBE","pob":18800,"susc":4700,"q":117.0,"qesc":70.2,"dem":40.62,"bal":29.58,"trat":"Convencional","tienetrat":1,"tfuente":"Superficial","fuente":"BUGALAGRANDE","P_operativa":"SIN CLASIFICAR","P_clima":"P2","precip_idx":34.5,"temp_anom":1.5,"clasif_fuente":"CHIRPS + ERA5-Land · GEE 1–15 ago 2026 vs 1991–2020 · matriz graduada V0.5","precip_sev":1,"temp_sev":1,"clima_score":2,"precip_mm":13.47,"temp_mean":20.6},"geometry":{"type":"Point","coordinates":[-76.16029,4.202783]}},{"type":"Feature","properties":{"id":"ELNINO_0094","id_maestro":"ACUEDUCTO_0094","codigo":"4068","mun":"CAICEDONIA","aro":"Centro Tuluá","amb":"Rural","tipo":"DISPERSA","prest":"ACUEDUCTO QUINCE LETRAS","loc":"QUINCE LETRAS","pob":28,"susc":7,"q":1.0,"qesc":0.6,"dem":0.06,"bal":0.54,"trat":"Ninguno","tienetrat":"","tfuente":"Superficial","fuente":"QUEBRADA EL BRASIL","P_operativa":"SIN CLASIFICAR","P_clima":"P1","precip_idx":18.1,"temp_anom":1.21,"clasif_fuente":"CHIRPS + ERA5-Land · GEE 1–15 ago 2026 vs 1991–2020 · matriz graduada V0.5","precip_sev":2,"temp_sev":1,"clima_score":3,"precip_mm":5.09,"temp_mean":20.43},"geometry":{"type":"Point","coordinates":[-75.84833,4.222639]}},{"type":"Feature","properties":{"id":"ELNINO_0095","id_maestro":"ACUEDUCTO_0095","codigo":"14223","mun":"CAICEDONIA","aro":"Centro Tuluá","amb":"Rural","tipo":"DISPERSA","prest":"ACUEDUCTO RURAL CAMPO AZUL","loc":"CAMPO AZUL","pob":52,"susc":13,"q":null,"qesc":null,"dem":0.11,"bal":null,"trat":"Solo desinfección","tienetrat":"","tfuente":"Subterránea","fuente":"QUEBRADA LINARES    (ANTES LA GRECA)","P_operativa":"SIN CLASIFICAR","P_clima":"P1","precip_idx":19.7,"temp_anom":1.32,"clasif_fuente":"CHIRPS + ERA5-Land · GEE 1–15 ago 2026 vs 1991–2020 · matriz graduada V0.5","precip_sev":2,"temp_sev":1,"clima_score":3,"precip_mm":5.31,"temp_mean":20.43},"geometry":{"type":"Point","coordinates":[-75.82958,4.254239]}},{"type":"Feature","properties":{"id":"ELNINO_0096","id_maestro":"ACUEDUCTO_0096","codigo":"5224","mun":"CAICEDONIA","aro":"Centro Tuluá","amb":"Rural","tipo":"DISPERSA","prest":"ACUEDUCTOS AGUAS DE SAN ISIDRO","loc":"SAN ISIDRO","pob":108,"susc":27,"q":0.32,"qesc":0.19,"dem":0.23,"bal":-0.04,"trat":"Pozo+Aireacion+Desinfección","tienetrat":1,"tfuente":"Superficial","fuente":"LA SONORA","P_operativa":"SIN CLASIFICAR","P_clima":"P2","precip_idx":32.1,"temp_anom":1.36,"clasif_fuente":"CHIRPS + ERA5-Land · GEE 1–15 ago 2026 vs 1991–2020 · matriz graduada V0.5","precip_sev":1,"temp_sev":1,"clima_score":2,"precip_mm":10.58,"temp_mean":21.13},"geometry":{"type":"Point","coordinates":[-75.82526,4.388314]}},{"type":"Feature","properties":{"id":"ELNINO_0097","id_maestro":"ACUEDUCTO_0097","codigo":"173","mun":"CAICEDONIA","aro":"Centro Tuluá","amb":"Rural","tipo":"DISPERSA","prest":"ASOCIACION COMUNITARIA ACUEDUCTO LA RIVERA-LA TESALIA","loc":"LA RIVERA,LA TESALIA","pob":88,"susc":22,"q":null,"qesc":null,"dem":0.19,"bal":null,"trat":"Soluciones_Individuales","tienetrat":"","tfuente":"","fuente":"","P_operativa":"SIN CLASIFICAR","P_clima":"P1","precip_idx":26.2,"temp_anom":1.32,"clasif_fuente":"CHIRPS + ERA5-Land · GEE 1–15 ago 2026 vs 1991–2020 · matriz graduada V0.5","precip_sev":2,"temp_sev":1,"clima_score":3,"precip_mm":8.06,"temp_mean":21.13},"geometry":{"type":"Point","coordinates":[-75.81181,4.3175]}},{"type":"Feature","properties":{"id":"ELNINO_0098","id_maestro":"ACUEDUCTO_0098","codigo":"7673","mun":"CAICEDONIA","aro":"Centro Tuluá","amb":"Rural","tipo":"DISPERSA","prest":"ASOCIACION COMUNITARIA ADMINISTRADORA ACUEDUCTO LA RIVERA -LA LEONA","loc":"LA RIVERA ,LA LEONA","pob":100,"susc":25,"q":0.33,"qesc":0.2,"dem":0.22,"bal":-0.02,"trat":"Soluciones_Individuales","tienetrat":"","tfuente":"Superficial","fuente":"TESALIA, LA LEONA","P_operativa":"SIN CLASIFICAR","P_clima":"P1","precip_idx":17.3,"temp_anom":1.32,"clasif_fuente":"CHIRPS + ERA5-Land · GEE 1–15 ago 2026 vs 1991–2020 · matriz graduada V0.5","precip_sev":2,"temp_sev":1,"clima_score":3,"precip_mm":4.97,"temp_mean":20.96},"geometry":{"type":"Point","coordinates":[-75.80017,4.317361]}},{"type":"Feature","properties":{"id":"ELNINO_0099","id_maestro":"ACUEDUCTO_0099","codigo":"163","mun":"CAICEDONIA","aro":"Centro Tuluá","amb":"Rural","tipo":"CENTRO POBLADO","prest":"ASOCIACION DE USUARIOS ACUEDUCTO BARRAGAN BAJO \"ASODEABA\"","loc":"BARRAGÁN","pob":648,"susc":162,"q":1.6,"qesc":0.96,"dem":1.4,"bal":-0.44,"trat":"Solo desinfección","tienetrat":"","tfuente":"Superficial","fuente":"EL TOPACIO","P_operativa":"SIN CLASIFICAR","P_clima":"P1","precip_idx":17.3,"temp_anom":1.32,"clasif_fuente":"CHIRPS + ERA5-Land · GEE 1–15 ago 2026 vs 1991–2020 · matriz graduada V0.5","precip_sev":2,"temp_sev":1,"clima_score":3,"precip_mm":4.97,"temp_mean":20.96},"geometry":{"type":"Point","coordinates":[-75.79384,4.337794]}},{"type":"Feature","properties":{"id":"ELNINO_0100","id_maestro":"ACUEDUCTO_0100","codigo":"2151","mun":"CAICEDONIA","aro":"Centro Tuluá","amb":"Rural","tipo":"DISPERSA","prest":"ASOCIACION DE USUARIOS ACUEDUCTO DE FRONTINO, QUIEBRA Y CRUCERO","loc":"FRONTINO, QUIEBRA Y CRUCERO","pob":360,"susc":90,"q":1.5,"qesc":0.9,"dem":0.78,"bal":0.12,"trat":"Solo desinfección","tienetrat":"","tfuente":"Superficial","fuente":"QUEBRADA MANANTIALES","P_operativa":"SIN CLASIFICAR","P_clima":"P1","precip_idx":26.8,"temp_anom":1.55,"clasif_fuente":"CHIRPS + ERA5-Land · GEE 1–15 ago 2026 vs 1991–2020 · matriz graduada V0.5","precip_sev":2,"temp_sev":2,"clima_score":4,"precip_mm":8.06,"temp_mean":20.43},"geometry":{"type":"Point","coordinates":[-75.85454,4.290506]}},{"type":"Feature","properties":{"id":"ELNINO_0101","id_maestro":"ACUEDUCTO_0101","codigo":"2148","mun":"CAICEDONIA","aro":"Centro Tuluá","amb":"Rural","tipo":"DISPERSA","prest":"ASOCIACION DE USUARIOS ACUEDUCTO LA SUIZA","loc":"LA SUIZA","pob":180,"susc":45,"q":2.5,"qesc":1.5,"dem":0.39,"bal":1.11,"trat":"Solo desinfección","tienetrat":"","tfuente":"Superficial","fuente":"QUEBRADA LA LAGUNA","P_operativa":"SIN CLASIFICAR","P_clima":"P1","precip_idx":26.8,"temp_anom":1.55,"clasif_fuente":"CHIRPS + ERA5-Land · GEE 1–15 ago 2026 vs 1991–2020 · matriz graduada V0.5","precip_sev":2,"temp_sev":2,"clima_score":4,"precip_mm":8.06,"temp_mean":20.43},"geometry":{"type":"Point","coordinates":[-75.86694,4.293333]}},{"type":"Feature","properties":{"id":"ELNINO_0102","id_maestro":"ACUEDUCTO_0102","codigo":"5194","mun":"CAICEDONIA","aro":"Centro Tuluá","amb":"Rural","tipo":"DISPERSA","prest":"ASOCIACION DE USUARIOS DE KARARE ASUKAR","loc":"KARARE","pob":180,"susc":45,"q":3.0,"qesc":1.8,"dem":0.39,"bal":1.41,"trat":"Solo desinfección","tienetrat":"","tfuente":"Superficial","fuente":"EL OASIS","P_operativa":"SIN CLASIFICAR","P_clima":"P2","precip_idx":32.1,"temp_anom":1.36,"clasif_fuente":"CHIRPS + ERA5-Land · GEE 1–15 ago 2026 vs 1991–2020 · matriz graduada V0.5","precip_sev":1,"temp_sev":1,"clima_score":2,"precip_mm":10.58,"temp_mean":21.13},"geometry":{"type":"Point","coordinates":[-75.84199,4.386403]}},{"type":"Feature","properties":{"id":"ELNINO_0103","id_maestro":"ACUEDUCTO_0103","codigo":"11052","mun":"CAICEDONIA","aro":"Centro Tuluá","amb":"Rural","tipo":"DISPERSA","prest":"ASOCIACION DE USUARIOS DEL ACUEDUCTO DE LA VEREDA SAN GERARDO DE CAICEDONIA","loc":"SAN GERARDO","pob":108,"susc":27,"q":3.0,"qesc":1.8,"dem":0.23,"bal":1.57,"trat":"FIME+Soluciones_Individuales","tienetrat":1,"tfuente":"Superficial","fuente":"DOÑA LETICIA, CAMPO AZUL","P_operativa":"SIN CLASIFICAR","P_clima":"P1","precip_idx":19.7,"temp_anom":1.32,"clasif_fuente":"CHIRPS + ERA5-Land · GEE 1–15 ago 2026 vs 1991–2020 · matriz graduada V0.5","precip_sev":2,"temp_sev":1,"clima_score":3,"precip_mm":5.31,"temp_mean":20.43},"geometry":{"type":"Point","coordinates":[-75.80454,4.281408]}},{"type":"Feature","properties":{"id":"ELNINO_0104","id_maestro":"ACUEDUCTO_0104","codigo":"2146","mun":"CAICEDONIA","aro":"Centro Tuluá","amb":"Rural","tipo":"DISPERSA","prest":"ASOCIACION DE USUARIOS DEL ACUEDUCTO DE SAMARIA-BOLIVIA","loc":"SAMARIA , BOLIVIA","pob":96,"susc":24,"q":2.0,"qesc":1.2,"dem":0.21,"bal":0.99,"trat":"Ninguno","tienetrat":"","tfuente":"Superficial","fuente":"QUEBRADA BOLIVIA LA ESNEDA","P_operativa":"SIN CLASIFICAR","P_clima":"P1","precip_idx":26.8,"temp_anom":1.55,"clasif_fuente":"CHIRPS + ERA5-Land · GEE 1–15 ago 2026 vs 1991–2020 · matriz graduada V0.5","precip_sev":2,"temp_sev":2,"clima_score":4,"precip_mm":8.06,"temp_mean":20.43},"geometry":{"type":"Point","coordinates":[-75.87329,4.264353]}},{"type":"Feature","properties":{"id":"ELNINO_0105","id_maestro":"ACUEDUCTO_0105","codigo":"2150","mun":"CAICEDONIA","aro":"Centro Tuluá","amb":"Rural","tipo":"DISPERSA","prest":"ASOCIACION DE USUARIOS DEL ACUEDUCTO RURAL PALOGRANDE EL SALADO","loc":"EL SALADO","pob":84,"susc":21,"q":1.0,"qesc":0.6,"dem":0.18,"bal":0.42,"trat":"Ninguno","tienetrat":"","tfuente":"Superficial","fuente":"EL BOSQUE","P_operativa":"SIN CLASIFICAR","P_clima":"P1","precip_idx":19.7,"temp_anom":1.32,"clasif_fuente":"CHIRPS + ERA5-Land · GEE 1–15 ago 2026 vs 1991–2020 · matriz graduada V0.5","precip_sev":2,"temp_sev":1,"clima_score":3,"precip_mm":5.31,"temp_mean":20.43},"geometry":{"type":"Point","coordinates":[-75.82446,4.295125]}},{"type":"Feature","properties":{"id":"ELNINO_0106","id_maestro":"ACUEDUCTO_0106","codigo":"2144","mun":"CAICEDONIA","aro":"Centro Tuluá","amb":"Rural","tipo":"CENTRO POBLADO","prest":"ASOCIACION DE USUARIOS DEL ACUEDUCTO SAMARIA","loc":"SAMARIA","pob":560,"susc":140,"q":7.5,"qesc":4.5,"dem":1.21,"bal":3.29,"trat":"Solo desinfección","tienetrat":"","tfuente":"Superficial","fuente":"QUEBRADA LA MORENA","P_operativa":"SIN CLASIFICAR","P_clima":"P1","precip_idx":26.8,"temp_anom":1.55,"clasif_fuente":"CHIRPS + ERA5-Land · GEE 1–15 ago 2026 vs 1991–2020 · matriz graduada V0.5","precip_sev":2,"temp_sev":2,"clima_score":4,"precip_mm":8.06,"temp_mean":20.43},"geometry":{"type":"Point","coordinates":[-75.87363,4.269731]}},{"type":"Feature","properties":{"id":"ELNINO_0107","id_maestro":"ACUEDUCTO_0107","codigo":"4071","mun":"CAICEDONIA","aro":"Centro Tuluá","amb":"Rural","tipo":"CENTRO POBLADO","prest":"ASOCIACION DE USUARIOS DEL ACUEDUCTO VEREDAL VILLA AURES-DABEIBA","loc":"VILLA AURES","pob":364,"susc":91,"q":3.0,"qesc":1.8,"dem":0.79,"bal":1.01,"trat":"Solo desinfección","tienetrat":"","tfuente":"Superficial","fuente":"PATIO BONITO","P_operativa":"SIN CLASIFICAR","P_clima":"P1","precip_idx":18.1,"temp_anom":1.21,"clasif_fuente":"CHIRPS + ERA5-Land · GEE 1–15 ago 2026 vs 1991–2020 · matriz graduada V0.5","precip_sev":2,"temp_sev":1,"clima_score":3,"precip_mm":5.09,"temp_mean":20.43},"geometry":{"type":"Point","coordinates":[-75.83255,4.237764]}},{"type":"Feature","properties":{"id":"ELNINO_0108","id_maestro":"ACUEDUCTO_0108","codigo":"168","mun":"CAICEDONIA","aro":"Centro Tuluá","amb":"Rural","tipo":"CENTRO POBLADO","prest":"ASOCIACION DE USUARIOS DELACUEDUCTO LAS DELICIAS DE CAICEDONIA","loc":"LAS DELICIAS","pob":100,"susc":25,"q":1.0,"qesc":0.6,"dem":0.22,"bal":0.38,"trat":"Solo desinfección","tienetrat":"","tfuente":"Superficial","fuente":"EL FRITO, LA MAGDALENA","P_operativa":"SIN CLASIFICAR","P_clima":"P1","precip_idx":26.2,"temp_anom":1.32,"clasif_fuente":"CHIRPS + ERA5-Land · GEE 1–15 ago 2026 vs 1991–2020 · matriz graduada V0.5","precip_sev":2,"temp_sev":1,"clima_score":3,"precip_mm":8.06,"temp_mean":21.13},"geometry":{"type":"Point","coordinates":[-75.82571,4.317842]}},{"type":"Feature","properties":{"id":"ELNINO_0109","id_maestro":"ACUEDUCTO_0109","codigo":"10699","mun":"CAICEDONIA","aro":"Centro Tuluá","amb":"Rural","tipo":"DISPERSA","prest":"JUNTA ACCION COMUNAL VEREDA BURILA","loc":"BURILA","pob":52,"susc":13,"q":1.0,"qesc":0.6,"dem":0.11,"bal":0.49,"trat":"Solo desinfección","tienetrat":"","tfuente":"Superficial","fuente":"BURILA","P_operativa":"SIN CLASIFICAR","P_clima":"P1","precip_idx":19.7,"temp_anom":1.32,"clasif_fuente":"CHIRPS + ERA5-Land · GEE 1–15 ago 2026 vs 1991–2020 · matriz graduada V0.5","precip_sev":2,"temp_sev":1,"clima_score":3,"precip_mm":5.31,"temp_mean":20.43},"geometry":{"type":"Point","coordinates":[-75.82388,4.288828]}},{"type":"Feature","properties":{"id":"ELNINO_0110","id_maestro":"ACUEDUCTO_0110","codigo":"2143","mun":"CAICEDONIA","aro":"Centro Tuluá","amb":"Rural","tipo":"DISPERSA","prest":"JUNTA ACUEDUCTO LA DELFINA","loc":"LA DELFINA","pob":32,"susc":8,"q":1.0,"qesc":0.6,"dem":0.07,"bal":0.53,"trat":"Solo desinfección","tienetrat":"","tfuente":"Superficial","fuente":"SUPERFICIAL","P_operativa":"SIN CLASIFICAR","P_clima":"P1","precip_idx":26.2,"temp_anom":1.32,"clasif_fuente":"CHIRPS + ERA5-Land · GEE 1–15 ago 2026 vs 1991–2020 · matriz graduada V0.5","precip_sev":2,"temp_sev":1,"clima_score":3,"precip_mm":8.06,"temp_mean":21.13},"geometry":{"type":"Point","coordinates":[-75.81707,4.308083]}},{"type":"Feature","properties":{"id":"ELNINO_0111","id_maestro":"ACUEDUCTO_0111","codigo":"4070","mun":"CAICEDONIA","aro":"Centro Tuluá","amb":"Rural","tipo":"DISPERSA","prest":"JUNTA ADMINISTRADORA ACUEDUCTO LA PAVA","loc":"LA PAVA","pob":64,"susc":16,"q":2.1,"qesc":1.26,"dem":0.14,"bal":1.12,"trat":"Ninguno","tienetrat":"","tfuente":"Superficial","fuente":"QUEBRADA LA TRIGRESA","P_operativa":"SIN CLASIFICAR","P_clima":"P1","precip_idx":19.7,"temp_anom":1.32,"clasif_fuente":"CHIRPS + ERA5-Land · GEE 1–15 ago 2026 vs 1991–2020 · matriz graduada V0.5","precip_sev":2,"temp_sev":1,"clima_score":3,"precip_mm":5.31,"temp_mean":20.43},"geometry":{"type":"Point","coordinates":[-75.81538,4.277589]}},{"type":"Feature","properties":{"id":"ELNINO_0112","id_maestro":"ACUEDUCTO_0112","codigo":"4066","mun":"CAICEDONIA","aro":"Centro Tuluá","amb":"Rural","tipo":"DISPERSA","prest":"JUNTA ADMINISTRADORA DEL ACUEDUCTO EL PARAISO","loc":"EL PARAISO","pob":56,"susc":14,"q":1.0,"qesc":0.6,"dem":0.12,"bal":0.48,"trat":"Ninguno","tienetrat":"","tfuente":"Superficial","fuente":"QUEBRADA ENCIMADAS","P_operativa":"SIN CLASIFICAR","P_clima":"P1","precip_idx":18.1,"temp_anom":1.21,"clasif_fuente":"CHIRPS + ERA5-Land · GEE 1–15 ago 2026 vs 1991–2020 · matriz graduada V0.5","precip_sev":2,"temp_sev":1,"clima_score":3,"precip_mm":5.09,"temp_mean":20.43},"geometry":{"type":"Point","coordinates":[-75.84143,4.209372]}},{"type":"Feature","properties":{"id":"ELNINO_0113","id_maestro":"ACUEDUCTO_0113","codigo":"4069","mun":"CAICEDONIA","aro":"Centro Tuluá","amb":"Rural","tipo":"DISPERSA","prest":"JUNTA ADMINISTRADORA DEL ACUEDUCTO RURAL PUERTO RICO","loc":"PUERTO RICO","pob":64,"susc":16,"q":2.0,"qesc":1.2,"dem":0.14,"bal":1.06,"trat":"Ninguno","tienetrat":"","tfuente":"Subterránea","fuente":"GARCIA","P_operativa":"SIN CLASIFICAR","P_clima":"P1","precip_idx":19.7,"temp_anom":1.32,"clasif_fuente":"CHIRPS + ERA5-Land · GEE 1–15 ago 2026 vs 1991–2020 · matriz graduada V0.5","precip_sev":2,"temp_sev":1,"clima_score":3,"precip_mm":5.31,"temp_mean":20.43},"geometry":{"type":"Point","coordinates":[-75.81696,4.263178]}},{"type":"Feature","properties":{"id":"ELNINO_0114","id_maestro":"ACUEDUCTO_0114","codigo":"170","mun":"CAICEDONIA","aro":"Centro Tuluá","amb":"Rural","tipo":"DISPERSA","prest":"JUNTA DE ACCION COMUNAL VEREDA LIMONES","loc":"LIMONES","pob":36,"susc":9,"q":1.0,"qesc":0.6,"dem":0.08,"bal":0.52,"trat":"Solo desinfección","tienetrat":"","tfuente":"Subterránea","fuente":"LAS HELICONIAS, EL CASTILLO","P_operativa":"SIN CLASIFICAR","P_clima":"P1","precip_idx":26.2,"temp_anom":1.32,"clasif_fuente":"CHIRPS + ERA5-Land · GEE 1–15 ago 2026 vs 1991–2020 · matriz graduada V0.5","precip_sev":2,"temp_sev":1,"clima_score":3,"precip_mm":8.06,"temp_mean":21.13},"geometry":{"type":"Point","coordinates":[-75.81534,4.317894]}},{"type":"Feature","properties":{"id":"ELNINO_0115","id_maestro":"ACUEDUCTO_0115","codigo":"5610","mun":"CAICEDONIA","aro":"Centro Tuluá","amb":"Rural","tipo":"DISPERSA","prest":"JUNTA DEL ACUEDUCTO BARRAGAN ALTO ASUABAL","loc":"BARRAGAN ALTO","pob":340,"susc":85,"q":1.0,"qesc":0.6,"dem":0.73,"bal":-0.13,"trat":"Solo desinfección","tienetrat":"","tfuente":"Superficial","fuente":"TOPACIO","P_operativa":"SIN CLASIFICAR","P_clima":"P1","precip_idx":15.5,"temp_anom":1.21,"clasif_fuente":"CHIRPS + ERA5-Land · GEE 1–15 ago 2026 vs 1991–2020 · matriz graduada V0.5","precip_sev":2,"temp_sev":1,"clima_score":3,"precip_mm":4.17,"temp_mean":18.02},"geometry":{"type":"Point","coordinates":[-75.82363,4.156681]}},{"type":"Feature","properties":{"id":"ELNINO_0116","id_maestro":"ACUEDUCTO_0116","codigo":"158","mun":"CAICEDONIA","aro":"Centro Tuluá","amb":"Urbano","tipo":"CABECERA MUNICIPAL","prest":"SOCIEDAD DE ACUEDUCTOS Y ALCANTARILLADOS DEL VALLE DEL CAUCA S.A. E.S.P. ACUAVALLE S.A. E.S.P.-CAICEDONIA","loc":"URBANO","pob":30108,"susc":7527,"q":150.0,"qesc":90.0,"dem":65.06,"bal":24.94,"trat":"Convencional","tienetrat":1,"tfuente":"Superficial","fuente":"RIO PIJAO","P_operativa":"SIN CLASIFICAR","P_clima":"P1","precip_idx":26.2,"temp_anom":1.32,"clasif_fuente":"CHIRPS + ERA5-Land · GEE 1–15 ago 2026 vs 1991–2020 · matriz graduada V0.5","precip_sev":2,"temp_sev":1,"clima_score":3,"precip_mm":8.06,"temp_mean":21.13},"geometry":{"type":"Point","coordinates":[-75.82139,4.335019]}},{"type":"Feature","properties":{"id":"ELNINO_0117","id_maestro":"ACUEDUCTO_0117","codigo":"930","mun":"CALIMA","aro":"Centro Tuluá","amb":"Rural","tipo":"DISPERSA","prest":"ACUADIAMANTE","loc":"DIAMANTE","pob":480,"susc":120,"q":1.5,"qesc":0.9,"dem":1.04,"bal":-0.14,"trat":"Soluciones_Individuales","tienetrat":"","tfuente":"","fuente":"","P_operativa":"SIN CLASIFICAR","P_clima":"P2","precip_idx":29.5,"temp_anom":1.0,"clasif_fuente":"CHIRPS + ERA5-Land · GEE 1–15 ago 2026 vs 1991–2020 · matriz graduada V0.5","precip_sev":2,"temp_sev":0,"clima_score":2,"precip_mm":12.74,"temp_mean":17.61},"geometry":{"type":"Point","coordinates":[-76.38352,4.093542]}},{"type":"Feature","properties":{"id":"ELNINO_0118","id_maestro":"ACUEDUCTO_0118","codigo":"3297","mun":"CALIMA","aro":"Centro Tuluá","amb":"Rural","tipo":"DISPERSA","prest":"ACUAFLORIDA ALTA","loc":"FLORIDA ALTA","pob":300,"susc":75,"q":3.5,"qesc":2.1,"dem":0.65,"bal":1.45,"trat":"Solo desinfección","tienetrat":"","tfuente":"Superficial","fuente":"LA QUINTA, LA FLORESTA","P_operativa":"SIN CLASIFICAR","P_clima":"P2","precip_idx":27.7,"temp_anom":0.57,"clasif_fuente":"CHIRPS + ERA5-Land · GEE 1–15 ago 2026 vs 1991–2020 · matriz graduada V0.5","precip_sev":2,"temp_sev":0,"clima_score":2,"precip_mm":11.39,"temp_mean":16.07},"geometry":{"type":"Point","coordinates":[-76.41686,3.969528]}},{"type":"Feature","properties":{"id":"ELNINO_0120","id_maestro":"ACUEDUCTO_0120","codigo":"4384","mun":"CALIMA","aro":"Centro Tuluá","amb":"Rural","tipo":"DISPERSA","prest":"ACUASALUD LA PRIMAVERA","loc":"LA PRIMAVERA","pob":124,"susc":31,"q":1.0,"qesc":0.6,"dem":0.27,"bal":0.33,"trat":"Ninguno","tienetrat":"","tfuente":"","fuente":"","P_operativa":"SIN CLASIFICAR","P_clima":"P2","precip_idx":32.8,"temp_anom":1.13,"clasif_fuente":"CHIRPS + ERA5-Land · GEE 1–15 ago 2026 vs 1991–2020 · matriz graduada V0.5","precip_sev":1,"temp_sev":1,"clima_score":2,"precip_mm":14.25,"temp_mean":16.07},"geometry":{"type":"Point","coordinates":[-76.45111,3.935722]}},{"type":"Feature","properties":{"id":"ELNINO_0121","id_maestro":"ACUEDUCTO_0121","codigo":"5748","mun":"CALIMA","aro":"Centro Tuluá","amb":"Rural","tipo":"DISPERSA","prest":"ACUEDUCTO PARCELACION AGUA DULCE","loc":"PARCELACION AGUA DULCE","pob":140,"susc":35,"q":4.0,"qesc":2.4,"dem":0.3,"bal":2.1,"trat":"Ninguno","tienetrat":"","tfuente":"Superficial","fuente":"QUEBRADA SAN JOSE","P_operativa":"SIN CLASIFICAR","P_clima":"P1","precip_idx":29.4,"temp_anom":1.23,"clasif_fuente":"CHIRPS + ERA5-Land · GEE 1–15 ago 2026 vs 1991–2020 · matriz graduada V0.5","precip_sev":2,"temp_sev":1,"clima_score":3,"precip_mm":13.67,"temp_mean":16.07},"geometry":{"type":"Point","coordinates":[-76.48405,3.954753]}},{"type":"Feature","properties":{"id":"ELNINO_0122","id_maestro":"ACUEDUCTO_0122","codigo":"4491","mun":"CALIMA","aro":"Centro Tuluá","amb":"Rural","tipo":"DISPERSA","prest":"ACUEDUCTO LA CRISTALINA","loc":"LA CRISTALINA","pob":168,"susc":42,"q":4.0,"qesc":2.4,"dem":0.36,"bal":2.04,"trat":"Ninguno","tienetrat":"","tfuente":"Superficial","fuente":"LA CRISTALINA","P_operativa":"SIN CLASIFICAR","P_clima":"P1","precip_idx":29.4,"temp_anom":1.23,"clasif_fuente":"CHIRPS + ERA5-Land · GEE 1–15 ago 2026 vs 1991–2020 · matriz graduada V0.5","precip_sev":2,"temp_sev":1,"clima_score":3,"precip_mm":13.67,"temp_mean":16.07},"geometry":{"type":"Point","coordinates":[-76.46088,3.982481]}},{"type":"Feature","properties":{"id":"ELNINO_0123","id_maestro":"ACUEDUCTO_0123","codigo":"5653","mun":"CALIMA","aro":"Centro Tuluá","amb":"Rural","tipo":"DISPERSA","prest":"ACUEDUCTO PARCELACION LA HOLANDA","loc":"LA HOLANDA","pob":80,"susc":20,"q":0.5,"qesc":0.3,"dem":0.17,"bal":0.13,"trat":"Ninguno","tienetrat":"","tfuente":"Superficial","fuente":"QUEBRADA PUENTE TIERRA","P_operativa":"SIN CLASIFICAR","P_clima":"P1","precip_idx":27.1,"temp_anom":1.13,"clasif_fuente":"CHIRPS + ERA5-Land · GEE 1–15 ago 2026 vs 1991–2020 · matriz graduada V0.5","precip_sev":2,"temp_sev":1,"clima_score":3,"precip_mm":9.75,"temp_mean":18.11},"geometry":{"type":"Point","coordinates":[-76.47472,3.874167]}},{"type":"Feature","properties":{"id":"ELNINO_0124","id_maestro":"ACUEDUCTO_0124","codigo":"3295","mun":"CALIMA","aro":"Centro Tuluá","amb":"Rural","tipo":"DISPERSA","prest":"ACUEDUCTO RURAL ACUAFLORIDA BAJA","loc":"LA FLORIDA BAJA","pob":120,"susc":30,"q":1.0,"qesc":0.6,"dem":0.26,"bal":0.34,"trat":"Filtración Compacta","tienetrat":1,"tfuente":"","fuente":"","P_operativa":"SIN CLASIFICAR","P_clima":"P2","precip_idx":27.7,"temp_anom":0.57,"clasif_fuente":"CHIRPS + ERA5-Land · GEE 1–15 ago 2026 vs 1991–2020 · matriz graduada V0.5","precip_sev":2,"temp_sev":0,"clima_score":2,"precip_mm":11.39,"temp_mean":16.07},"geometry":{"type":"Point","coordinates":[-76.43081,3.967028]}},{"type":"Feature","properties":{"id":"ELNINO_0447","id_maestro":"ACUEDUCTO_0126","codigo":"931","mun":"CALIMA","aro":"Centro Tuluá","amb":"Rural","tipo":"CENTRO POBLADO","prest":"ACUEDUCTO RURAL LA GAVIOTA ALTA - ACUAGAVIOTA","loc":"LA GAVIOTA","pob":256,"susc":64,"q":3.0,"qesc":1.8,"dem":0.55,"bal":1.25,"trat":"Soluciones_Individuales (50%)","tienetrat":1,"tfuente":"Superficial","fuente":"LA GAVIOTA, LA LEONA","P_operativa":"SIN CLASIFICAR","P_clima":"P2","precip_idx":27.7,"temp_anom":0.57,"clasif_fuente":"CHIRPS + ERA5-Land · GEE 1–15 ago 2026 vs 1991–2020 · matriz graduada V0.5","precip_sev":2,"temp_sev":0,"clima_score":2,"precip_mm":11.39,"temp_mean":16.07},"geometry":{"type":"Point","coordinates":[-76.43556,3.977233]}},{"type":"Feature","properties":{"id":"ELNINO_0127","id_maestro":"ACUEDUCTO_0127","codigo":"1114","mun":"CALIMA","aro":"Centro Tuluá","amb":"Rural","tipo":"DISPERSA","prest":"ACUEDUCTO RURAL LA GAVIOTA BAJA - ACUAGAVIOTA","loc":"LA GAVIOTA BAJO","pob":308,"susc":77,"q":1.4,"qesc":0.84,"dem":0.67,"bal":0.17,"trat":"Soluciones_Individuales","tienetrat":"","tfuente":"","fuente":"","P_operativa":"SIN CLASIFICAR","P_clima":"P2","precip_idx":27.7,"temp_anom":0.57,"clasif_fuente":"CHIRPS + ERA5-Land · GEE 1–15 ago 2026 vs 1991–2020 · matriz graduada V0.5","precip_sev":2,"temp_sev":0,"clima_score":2,"precip_mm":11.39,"temp_mean":16.07},"geometry":{"type":"Point","coordinates":[-76.43556,3.977233]}},{"type":"Feature","properties":{"id":"ELNINO_0128","id_maestro":"ACUEDUCTO_0128","codigo":"936","mun":"CALIMA","aro":"Centro Tuluá","amb":"Rural","tipo":"DISPERSA","prest":"ASOCIACION DE ACUEDUCTO RURAL DE BELLA VISTA","loc":"LA GAVIOTA BELLAVISTA , EL MIRADOR","pob":104,"susc":26,"q":1.0,"qesc":0.6,"dem":0.22,"bal":0.38,"trat":"Ninguno","tienetrat":"","tfuente":"Subterránea","fuente":"SIN NOMBRE","P_operativa":"SIN CLASIFICAR","P_clima":"P2","precip_idx":27.7,"temp_anom":0.57,"clasif_fuente":"CHIRPS + ERA5-Land · GEE 1–15 ago 2026 vs 1991–2020 · matriz graduada V0.5","precip_sev":2,"temp_sev":0,"clima_score":2,"precip_mm":11.39,"temp_mean":16.07},"geometry":{"type":"Point","coordinates":[-76.43274,3.980775]}},{"type":"Feature","properties":{"id":"ELNINO_0129","id_maestro":"ACUEDUCTO_0129","codigo":"3294","mun":"CALIMA","aro":"Centro Tuluá","amb":"Rural","tipo":"DISPERSA","prest":"ASOCIACION DE USUARIOS DEL ACUEDUCTO DE LA UNION","loc":"LA UNION","pob":280,"susc":70,"q":2.0,"qesc":1.2,"dem":0.61,"bal":0.59,"trat":"Ninguno","tienetrat":"","tfuente":"Superficial","fuente":"LA UNION","P_operativa":"SIN CLASIFICAR","P_clima":"P1","precip_idx":29.4,"temp_anom":1.23,"clasif_fuente":"CHIRPS + ERA5-Land · GEE 1–15 ago 2026 vs 1991–2020 · matriz graduada V0.5","precip_sev":2,"temp_sev":1,"clima_score":3,"precip_mm":13.67,"temp_mean":16.07},"geometry":{"type":"Point","coordinates":[-76.45056,3.964167]}},{"type":"Feature","properties":{"id":"ELNINO_0130","id_maestro":"ACUEDUCTO_0130","codigo":"934","mun":"CALIMA","aro":"Centro Tuluá","amb":"Rural","tipo":"DISPERSA","prest":"ASOCIACION DE USUARIOS DEL ACUEDUCTO VEREDAL LA LOMITA BAJO GAVIOTA","loc":"LA GAVIOTA BAJO","pob":64,"susc":16,"q":1.0,"qesc":0.6,"dem":0.14,"bal":0.46,"trat":"Ninguno","tienetrat":"","tfuente":"Subterránea","fuente":"LA LOMITA","P_operativa":"SIN CLASIFICAR","P_clima":"P2","precip_idx":27.7,"temp_anom":0.57,"clasif_fuente":"CHIRPS + ERA5-Land · GEE 1–15 ago 2026 vs 1991–2020 · matriz graduada V0.5","precip_sev":2,"temp_sev":0,"clima_score":2,"precip_mm":11.39,"temp_mean":16.07},"geometry":{"type":"Point","coordinates":[-76.43931,3.976028]}},{"type":"Feature","properties":{"id":"ELNINO_0132","id_maestro":"ACUEDUCTO_0132","codigo":"8864","mun":"CALIMA","aro":"Centro Tuluá","amb":"Rural","tipo":"DISPERSA","prest":"JAC ALTO BOLEO","loc":"ALTO BOLEO","pob":112,"susc":28,"q":1.0,"qesc":0.6,"dem":0.24,"bal":0.36,"trat":"Ninguno","tienetrat":"","tfuente":"Superficial","fuente":"BERRIADORA","P_operativa":"SIN CLASIFICAR","P_clima":"P1","precip_idx":29.4,"temp_anom":1.23,"clasif_fuente":"CHIRPS + ERA5-Land · GEE 1–15 ago 2026 vs 1991–2020 · matriz graduada V0.5","precip_sev":2,"temp_sev":1,"clima_score":3,"precip_mm":13.67,"temp_mean":16.07},"geometry":{"type":"Point","coordinates":[-76.47723,3.967236]}},{"type":"Feature","properties":{"id":"ELNINO_0134","id_maestro":"ACUEDUCTO_0134","codigo":"9076","mun":"CALIMA","aro":"Centro Tuluá","amb":"Rural","tipo":"DISPERSA","prest":"JUNTA ADMINISTRADORA DEL ACUEDUCTO VEREDA BAJO BOLEO","loc":"BAJO BOLEO","pob":212,"susc":53,"q":2.0,"qesc":1.2,"dem":0.46,"bal":0.74,"trat":"Ninguno","tienetrat":"","tfuente":"Superficial","fuente":"BEMADORA","P_operativa":"SIN CLASIFICAR","P_clima":"P1","precip_idx":29.4,"temp_anom":1.23,"clasif_fuente":"CHIRPS + ERA5-Land · GEE 1–15 ago 2026 vs 1991–2020 · matriz graduada V0.5","precip_sev":2,"temp_sev":1,"clima_score":3,"precip_mm":13.67,"temp_mean":16.07},"geometry":{"type":"Point","coordinates":[-76.47314,3.968806]}},{"type":"Feature","properties":{"id":"ELNINO_0135","id_maestro":"ACUEDUCTO_0135","codigo":"154","mun":"CALIMA","aro":"Centro Tuluá","amb":"Rural","tipo":"DISPERSA","prest":"PARCELACIÓN LOS REFUGIOS DE CALIMA","loc":"PARCELACION REFUGIOS DE CALIMA","pob":372,"susc":93,"q":null,"qesc":null,"dem":0.8,"bal":null,"trat":"Solo desinfección","tienetrat":"","tfuente":"Superficial","fuente":"QUEBRADA VERSALLES","P_operativa":"SIN CLASIFICAR","P_clima":"P2","precip_idx":32.8,"temp_anom":1.13,"clasif_fuente":"CHIRPS + ERA5-Land · GEE 1–15 ago 2026 vs 1991–2020 · matriz graduada V0.5","precip_sev":1,"temp_sev":1,"clima_score":2,"precip_mm":14.25,"temp_mean":16.07},"geometry":{"type":"Point","coordinates":[-76.48957,3.922036]}},{"type":"Feature","properties":{"id":"ELNINO_0136","id_maestro":"ACUEDUCTO_0136","codigo":"4065","mun":"CALIMA","aro":"Centro Tuluá","amb":"Rural","tipo":"DISPERSA","prest":"ACUEDUCTO VEREDA LA ITALIA","loc":"LA ITALIA","pob":140,"susc":35,"q":3.0,"qesc":1.8,"dem":0.3,"bal":1.5,"trat":"Ninguno","tienetrat":"","tfuente":"Superficial","fuente":"QUEBRADA LA ITALIA","P_operativa":"SIN CLASIFICAR","P_clima":"P2","precip_idx":27.7,"temp_anom":0.57,"clasif_fuente":"CHIRPS + ERA5-Land · GEE 1–15 ago 2026 vs 1991–2020 · matriz graduada V0.5","precip_sev":2,"temp_sev":0,"clima_score":2,"precip_mm":11.39,"temp_mean":16.07},"geometry":{"type":"Point","coordinates":[-76.43917,3.996111]}},{"type":"Feature","properties":{"id":"ELNINO_0137","id_maestro":"ACUEDUCTO_0137","codigo":"3260","mun":"CALIMA","aro":"Centro Tuluá","amb":"Rural","tipo":"CENTRO POBLADO","prest":"ASOCIACION DE USUARIOS DEL ACUEDUCTO VEREDA EL GUADUAL JIGUALES - ACUAJIGUALES","loc":"JIGUALES","pob":80,"susc":20,"q":2.0,"qesc":1.2,"dem":0.17,"bal":1.03,"trat":"Ninguno","tienetrat":"","tfuente":"Superficial","fuente":"LA FLORESTA","P_operativa":"SIN CLASIFICAR","P_clima":"P2","precip_idx":32.8,"temp_anom":1.13,"clasif_fuente":"CHIRPS + ERA5-Land · GEE 1–15 ago 2026 vs 1991–2020 · matriz graduada V0.5","precip_sev":1,"temp_sev":1,"clima_score":2,"precip_mm":14.25,"temp_mean":16.07},"geometry":{"type":"Point","coordinates":[-76.45389,3.905844]}},{"type":"Feature","properties":{"id":"ELNINO_0139","id_maestro":"ACUEDUCTO_0139","codigo":"12882","mun":"CALIMA","aro":"Centro Tuluá","amb":"Rural","tipo":"DISPERSA","prest":"ASOCIACION DEL ACUEDUCTO RURAL DE BELLAVISTA ALTO","loc":"BELLAVISTA","pob":32,"susc":8,"q":1.0,"qesc":0.6,"dem":0.07,"bal":0.53,"trat":"Ninguno","tienetrat":"","tfuente":"Subterránea","fuente":"SIN NOMBRE","P_operativa":"SIN CLASIFICAR","P_clima":"P2","precip_idx":27.7,"temp_anom":0.57,"clasif_fuente":"CHIRPS + ERA5-Land · GEE 1–15 ago 2026 vs 1991–2020 · matriz graduada V0.5","precip_sev":2,"temp_sev":0,"clima_score":2,"precip_mm":11.39,"temp_mean":16.07},"geometry":{"type":"Point","coordinates":[-76.43202,3.985008]}},{"type":"Feature","properties":{"id":"ELNINO_0301","id_maestro":"ACUEDUCTO_0140","codigo":"940","mun":"CALIMA","aro":"Centro Tuluá","amb":"Rural","tipo":"DISPERSA","prest":"JUNTA DE ACUEDUCTO LA GUAIRA","loc":"LA GUAIRA","pob":32,"susc":8,"q":2.0,"qesc":1.2,"dem":0.07,"bal":1.13,"trat":"Soluciones_Individuales","tienetrat":1,"tfuente":"Superficial","fuente":"LA GUAIRA","P_operativa":"SIN CLASIFICAR","P_clima":"P3","precip_idx":31.1,"temp_anom":0.57,"clasif_fuente":"CHIRPS + ERA5-Land · GEE 1–15 ago 2026 vs 1991–2020 · matriz graduada V0.5","precip_sev":1,"temp_sev":0,"clima_score":1,"precip_mm":13.37,"temp_mean":15.35},"geometry":{"type":"Point","coordinates":[-76.42306,4.027528]}},{"type":"Feature","properties":{"id":"ELNINO_0142","id_maestro":"ACUEDUCTO_0142","codigo":"5647","mun":"CALIMA","aro":"Centro Tuluá","amb":"Rural","tipo":"DISPERSA","prest":"ACUEDUCTO PARCELACION LA CLARITA","loc":"PARCELACION LA CLARITA","pob":64,"susc":16,"q":2.0,"qesc":1.2,"dem":0.14,"bal":1.06,"trat":"FD+Desinfección","tienetrat":1,"tfuente":"Superficial","fuente":"LA HERRADURA","P_operativa":"SIN CLASIFICAR","P_clima":"P2","precip_idx":32.8,"temp_anom":1.13,"clasif_fuente":"CHIRPS + ERA5-Land · GEE 1–15 ago 2026 vs 1991–2020 · matriz graduada V0.5","precip_sev":1,"temp_sev":1,"clima_score":2,"precip_mm":14.25,"temp_mean":16.07},"geometry":{"type":"Point","coordinates":[-76.46809,3.91225]}},{"type":"Feature","properties":{"id":"ELNINO_0143","id_maestro":"ACUEDUCTO_0143","codigo":"185","mun":"CALIMA","aro":"Centro Tuluá","amb":"Rural","tipo":"DISPERSA","prest":"ASOCIACION COMUNITARIA DEL ACUEDUCTO DE LA VEREDA SANTA ELENA MUNICIPIO DE CALIMA","loc":"SANTA ELENA","pob":212,"susc":53,"q":null,"qesc":null,"dem":0.46,"bal":null,"trat":"Solo desinfección","tienetrat":"","tfuente":"Superficial","fuente":"QUEBRADA SANTA ELENA","P_operativa":"SIN CLASIFICAR","P_clima":"P2","precip_idx":32.8,"temp_anom":1.13,"clasif_fuente":"CHIRPS + ERA5-Land · GEE 1–15 ago 2026 vs 1991–2020 · matriz graduada V0.5","precip_sev":1,"temp_sev":1,"clima_score":2,"precip_mm":14.25,"temp_mean":16.07},"geometry":{"type":"Point","coordinates":[-76.49569,3.930083]}},{"type":"Feature","properties":{"id":"ELNINO_0144","id_maestro":"ACUEDUCTO_0144","codigo":"5791","mun":"CALIMA","aro":"Centro Tuluá","amb":"Rural","tipo":"DISPERSA","prest":"ACUEDUCTO PARCELACION NORUEGA","loc":"PARCELACION NORUEGA","pob":100,"susc":25,"q":3.0,"qesc":1.8,"dem":0.22,"bal":1.58,"trat":"Solo desinfección","tienetrat":"","tfuente":"Superficial","fuente":"QUEBRADA NORUEGA, QUEBRADA PUENTE TIERRA","P_operativa":"SIN CLASIFICAR","P_clima":"P1","precip_idx":27.1,"temp_anom":1.13,"clasif_fuente":"CHIRPS + ERA5-Land · GEE 1–15 ago 2026 vs 1991–2020 · matriz graduada V0.5","precip_sev":2,"temp_sev":1,"clima_score":3,"precip_mm":9.75,"temp_mean":18.11},"geometry":{"type":"Point","coordinates":[-76.47836,3.874806]}},{"type":"Feature","properties":{"id":"ELNINO_0091","id_maestro":"ACUEDUCTO_0145","codigo":"4067","mun":"CALIMA","aro":"Centro Tuluá","amb":"Rural","tipo":"DISPERSA","prest":"ASOCIACION COMUNITARIA ADMINISTRADORA DEL ACUEDUCTO DE LA VEREDA DE EL MIRADOR","loc":"EL MIRADOR","pob":380,"susc":95,"q":2.5,"qesc":1.5,"dem":0.82,"bal":0.68,"trat":"Soluciones_Individuales","tienetrat":1,"tfuente":"Superficial","fuente":"QUEBRADA LA GUAIRA","P_operativa":"SIN CLASIFICAR","P_clima":"P2","precip_idx":27.7,"temp_anom":0.57,"clasif_fuente":"CHIRPS + ERA5-Land · GEE 1–15 ago 2026 vs 1991–2020 · matriz graduada V0.5","precip_sev":2,"temp_sev":0,"clima_score":2,"precip_mm":11.39,"temp_mean":16.07},"geometry":{"type":"Point","coordinates":[-76.43919,3.987939]}},{"type":"Feature","properties":{"id":"ELNINO_0146","id_maestro":"ACUEDUCTO_0146","codigo":"3402","mun":"CALIMA","aro":"Centro Tuluá","amb":"Rural","tipo":"DISPERSA","prest":"ASOCIACION JUNTA ADMINISTRADORA ACUEDUCTO VEREDA SAN JOSE","loc":"SAN JOSE","pob":332,"susc":83,"q":4.0,"qesc":2.4,"dem":0.72,"bal":1.68,"trat":"Solo desinfección","tienetrat":"","tfuente":"Superficial","fuente":"SAN JOSE","P_operativa":"SIN CLASIFICAR","P_clima":"P2","precip_idx":32.8,"temp_anom":1.13,"clasif_fuente":"CHIRPS + ERA5-Land · GEE 1–15 ago 2026 vs 1991–2020 · matriz graduada V0.5","precip_sev":1,"temp_sev":1,"clima_score":2,"precip_mm":14.25,"temp_mean":16.07},"geometry":{"type":"Point","coordinates":[-76.48788,3.947589]}},{"type":"Feature","properties":{"id":"ELNINO_0147","id_maestro":"ACUEDUCTO_0147","codigo":"156","mun":"CALIMA","aro":"Centro Tuluá","amb":"Rural","tipo":"DISPERSA","prest":"CONDOMINIO CAMPESTRE VEGAS DEL CALIMA","loc":"EL REMOLINO BAJO","pob":240,"susc":60,"q":1.5,"qesc":0.9,"dem":0.52,"bal":0.38,"trat":"FIME","tienetrat":1,"tfuente":"Superficial","fuente":"QUEBRADA SAN JOSE","P_operativa":"SIN CLASIFICAR","P_clima":"P2","precip_idx":32.8,"temp_anom":1.13,"clasif_fuente":"CHIRPS + ERA5-Land · GEE 1–15 ago 2026 vs 1991–2020 · matriz graduada V0.5","precip_sev":1,"temp_sev":1,"clima_score":2,"precip_mm":14.25,"temp_mean":16.07},"geometry":{"type":"Point","coordinates":[-76.46585,3.931958]}},{"type":"Feature","properties":{"id":"ELNINO_0148","id_maestro":"ACUEDUCTO_0148","codigo":"188","mun":"CALIMA","aro":"Centro Tuluá","amb":"Urbano","tipo":"CABECERA MUNICIPAL","prest":"EMCALIMA ESP","loc":"URBANO","pob":16516,"susc":4129,"q":53.0,"qesc":31.8,"dem":35.69,"bal":-3.89,"trat":"Convencional","tienetrat":1,"tfuente":"Superficial","fuente":"LA ITALIA, SAN JOSE","P_operativa":"SIN CLASIFICAR","P_clima":"P2","precip_idx":32.8,"temp_anom":1.13,"clasif_fuente":"CHIRPS + ERA5-Land · GEE 1–15 ago 2026 vs 1991–2020 · matriz graduada V0.5","precip_sev":1,"temp_sev":1,"clima_score":2,"precip_mm":14.25,"temp_mean":16.07},"geometry":{"type":"Point","coordinates":[-76.47713,3.941667]}},{"type":"Feature","properties":{"id":"ELNINO_0149","id_maestro":"ACUEDUCTO_0149","codigo":"186","mun":"CALIMA","aro":"Centro Tuluá","amb":"Urbano","tipo":"CABECERA MUNICIPAL","prest":"EMCALIMA ESP - CIUDADELA","loc":"URBANO","pob":3200,"susc":800,"q":5.0,"qesc":3.0,"dem":6.91,"bal":-3.91,"trat":"Convencional_Modular","tienetrat":1,"tfuente":"","fuente":"","P_operativa":"SIN CLASIFICAR","P_clima":"P2","precip_idx":32.8,"temp_anom":1.13,"clasif_fuente":"CHIRPS + ERA5-Land · GEE 1–15 ago 2026 vs 1991–2020 · matriz graduada V0.5","precip_sev":1,"temp_sev":1,"clima_score":2,"precip_mm":14.25,"temp_mean":16.07},"geometry":{"type":"Point","coordinates":[-76.47713,3.941667]}},{"type":"Feature","properties":{"id":"ELNINO_0150","id_maestro":"ACUEDUCTO_0150","codigo":"3931","mun":"CALIMA","aro":"Centro Tuluá","amb":"Rural","tipo":"DISPERSA","prest":"PARCELACION PINOS 1","loc":"PARCELACION PINOS 1","pob":200,"susc":50,"q":null,"qesc":null,"dem":0.43,"bal":null,"trat":"Ninguno","tienetrat":"","tfuente":"","fuente":"","P_operativa":"SIN CLASIFICAR","P_clima":"P1","precip_idx":27.1,"temp_anom":1.13,"clasif_fuente":"CHIRPS + ERA5-Land · GEE 1–15 ago 2026 vs 1991–2020 · matriz graduada V0.5","precip_sev":2,"temp_sev":1,"clima_score":3,"precip_mm":9.75,"temp_mean":18.11},"geometry":{"type":"Point","coordinates":[-76.48801,3.869847]}},{"type":"Feature","properties":{"id":"ELNINO_0151","id_maestro":"ACUEDUCTO_0151","codigo":"342","mun":"DAGUA","aro":"Sur Cali","amb":"Rural","tipo":"DISPERSA","prest":"ACUEDUCTO COMUNITARIO EL COGOLLO-ACUECOGOLLO","loc":"EL COGOLLO","pob":168,"susc":42,"q":null,"qesc":null,"dem":0.36,"bal":null,"trat":"Ninguno","tienetrat":"","tfuente":"Superficial","fuente":"QUEBRADA EL COGOLLO","P_operativa":"SIN CLASIFICAR","P_clima":"P1","precip_idx":41.2,"temp_anom":1.96,"clasif_fuente":"CHIRPS + ERA5-Land · GEE 1–15 ago 2026 vs 1991–2020 · matriz graduada V0.5","precip_sev":1,"temp_sev":2,"clima_score":3,"precip_mm":18.47,"temp_mean":21.01},"geometry":{"type":"Point","coordinates":[-76.71281,3.661464]}},{"type":"Feature","properties":{"id":"ELNINO_0152","id_maestro":"ACUEDUCTO_0152","codigo":"343","mun":"DAGUA","aro":"Sur Cali","amb":"Rural","tipo":"DISPERSA","prest":"ACUEDUCTO COMUNITARIO PROVIDENCIA SECTOR LA ESTRELLA - ACUAESTRELLA","loc":"PROVIDENCIA","pob":196,"susc":49,"q":1.0,"qesc":0.6,"dem":0.42,"bal":0.18,"trat":"Ninguno","tienetrat":"","tfuente":"Superficial","fuente":"QUEBRADA LA ESTRELLA","P_operativa":"SIN CLASIFICAR","P_clima":"P1","precip_idx":41.2,"temp_anom":1.96,"clasif_fuente":"CHIRPS + ERA5-Land · GEE 1–15 ago 2026 vs 1991–2020 · matriz graduada V0.5","precip_sev":1,"temp_sev":2,"clima_score":3,"precip_mm":18.47,"temp_mean":21.01},"geometry":{"type":"Point","coordinates":[-76.71489,3.668789]}},{"type":"Feature","properties":{"id":"ELNINO_0153","id_maestro":"ACUEDUCTO_0153","codigo":"2850","mun":"DAGUA","aro":"Sur Cali","amb":"Rural","tipo":"CENTRO POBLADO","prest":"ACUEDUCTO COMUNITARIO SAN BERNARDO","loc":"SAN BERNARDO","pob":620,"susc":155,"q":3.0,"qesc":1.8,"dem":1.34,"bal":0.46,"trat":"Solo desinfección","tienetrat":"","tfuente":"Subterránea","fuente":"NACIMIENTO JIMMY, LOS ABRONES","P_operativa":"SIN CLASIFICAR","P_clima":"P2","precip_idx":38.2,"temp_anom":1.34,"clasif_fuente":"CHIRPS + ERA5-Land · GEE 1–15 ago 2026 vs 1991–2020 · matriz graduada V0.5","precip_sev":1,"temp_sev":1,"clima_score":2,"precip_mm":13.31,"temp_mean":19.17},"geometry":{"type":"Point","coordinates":[-76.65117,3.48925]}},{"type":"Feature","properties":{"id":"ELNINO_0154","id_maestro":"ACUEDUCTO_0154","codigo":"19177","mun":"DAGUA","aro":"Sur Cali","amb":"Rural","tipo":"CENTRO POBLADO","prest":"ACUEDUCTO DE CISNEROS","loc":"CISNEROS LIMITES","pob":600,"susc":150,"q":5.0,"qesc":3.0,"dem":1.3,"bal":1.7,"trat":"Ninguno","tienetrat":"","tfuente":"","fuente":"","P_operativa":"SIN CLASIFICAR","P_clima":"P2","precip_idx":39.2,"temp_anom":1.48,"clasif_fuente":"CHIRPS + ERA5-Land · GEE 1–15 ago 2026 vs 1991–2020 · matriz graduada V0.5","precip_sev":1,"temp_sev":1,"clima_score":2,"precip_mm":31.66,"temp_mean":21.99},"geometry":{"type":"Point","coordinates":[-76.76,3.783056]}},{"type":"Feature","properties":{"id":"ELNINO_0155","id_maestro":"ACUEDUCTO_0155","codigo":"12974","mun":"DAGUA","aro":"Sur Cali","amb":"Rural","tipo":"DISPERSA","prest":"ACUEDUCTO PARCELACION CAMPESTRE ASOFLORESTA","loc":"PARCELACION ASOFLORESTA , EL VERGEL","pob":480,"susc":120,"q":2.0,"qesc":1.2,"dem":1.04,"bal":0.16,"trat":"Filtración Compacta","tienetrat":1,"tfuente":"Subterránea","fuente":"JAMOI, LA MARIA, NACIMIENTO LA MINA, LA FLORESTA","P_operativa":"SIN CLASIFICAR","P_clima":"P1","precip_idx":41.6,"temp_anom":2.11,"clasif_fuente":"CHIRPS + ERA5-Land · GEE 1–15 ago 2026 vs 1991–2020 · matriz graduada V0.5","precip_sev":1,"temp_sev":2,"clima_score":3,"precip_mm":10.31,"temp_mean":20.59},"geometry":{"type":"Point","coordinates":[-76.60917,3.577222]}},{"type":"Feature","properties":{"id":"ELNINO_0156","id_maestro":"ACUEDUCTO_0156","codigo":"3425","mun":"DAGUA","aro":"Sur Cali","amb":"Rural","tipo":"DISPERSA","prest":"ACUEDUCTO PARCELACION EL BOSQUE","loc":"CONDOMINIO EL BOSQUE","pob":720,"susc":180,"q":3.0,"qesc":1.8,"dem":1.56,"bal":0.24,"trat":"FD+Desinfección","tienetrat":1,"tfuente":"Superficial","fuente":"RIO JORDAN","P_operativa":"SIN CLASIFICAR","P_clima":"P1","precip_idx":38.4,"temp_anom":1.55,"clasif_fuente":"CHIRPS + ERA5-Land · GEE 1–15 ago 2026 vs 1991–2020 · matriz graduada V0.5","precip_sev":1,"temp_sev":2,"clima_score":3,"precip_mm":12.85,"temp_mean":20.59},"geometry":{"type":"Point","coordinates":[-76.66928,3.559194]}},{"type":"Feature","properties":{"id":"ELNINO_0157","id_maestro":"ACUEDUCTO_0157","codigo":"1399","mun":"DAGUA","aro":"Sur Cali","amb":"Rural","tipo":"CENTRO POBLADO","prest":"ACUEDUCTO ZABALETAS","loc":"ZABALETAS","pob":1008,"susc":252,"q":4.0,"qesc":2.4,"dem":2.18,"bal":0.22,"trat":"Solo desinfección","tienetrat":"","tfuente":"Superficial","fuente":"QUEBRADA EL TAMBOR","P_operativa":"SIN CLASIFICAR","P_clima":"P2","precip_idx":39.5,"temp_anom":1.14,"clasif_fuente":"CHIRPS + ERA5-Land · GEE 1–15 ago 2026 vs 1991–2020 · matriz graduada V0.5","precip_sev":1,"temp_sev":1,"clima_score":2,"precip_mm":16.49,"temp_mean":20.89},"geometry":{"type":"Point","coordinates":[-76.62087,3.809947]}},{"type":"Feature","properties":{"id":"ELNINO_0158","id_maestro":"ACUEDUCTO_0158","codigo":"3956","mun":"DAGUA","aro":"Sur Cali","amb":"Rural","tipo":"DISPERSA","prest":"ASOCIACION ACUEDUCTO RURAL COMUNITARIO SENDO - TIGRE - AACTISE","loc":"SENDO,TIGRE","pob":1020,"susc":255,"q":8.0,"qesc":4.8,"dem":2.2,"bal":2.6,"trat":"Solo desinfección","tienetrat":"","tfuente":"Superficial","fuente":"RIO SAN JUAN","P_operativa":"SIN CLASIFICAR","P_clima":"P2","precip_idx":37.0,"temp_anom":1.34,"clasif_fuente":"CHIRPS + ERA5-Land · GEE 1–15 ago 2026 vs 1991–2020 · matriz graduada V0.5","precip_sev":1,"temp_sev":1,"clima_score":2,"precip_mm":12.75,"temp_mean":20.59},"geometry":{"type":"Point","coordinates":[-76.69569,3.533694]}},{"type":"Feature","properties":{"id":"ELNINO_0168","id_maestro":"ACUEDUCTO_0159","codigo":"1403","mun":"DAGUA","aro":"Sur Cali","amb":"Rural","tipo":"CENTRO POBLADO","prest":"ASOCIACION AGUA VIGIA CORREGIMIENTO DE ATUNCELA MUNICIPIO DE DAGUA VALLE DEL CAUCA EN LIQUIDACION","loc":"ATUNCELA","pob":64,"susc":16,"q":1.0,"qesc":0.6,"dem":0.14,"bal":0.46,"trat":"Soluciones_Individuales","tienetrat":1,"tfuente":"Superficial","fuente":"QUEBRADA LA VIGIA","P_operativa":"SIN CLASIFICAR","P_clima":"P1","precip_idx":41.1,"temp_anom":1.96,"clasif_fuente":"CHIRPS + ERA5-Land · GEE 1–15 ago 2026 vs 1991–2020 · matriz graduada V0.5","precip_sev":1,"temp_sev":2,"clima_score":3,"precip_mm":19.08,"temp_mean":20.94},"geometry":{"type":"Point","coordinates":[-76.67936,3.740389]}},{"type":"Feature","properties":{"id":"ELNINO_0160","id_maestro":"ACUEDUCTO_0160","codigo":"346","mun":"DAGUA","aro":"Sur Cali","amb":"Rural","tipo":"CENTRO POBLADO","prest":"ASOCIACION COMUNITARIA ADMINISTRADORA DEL ACUEDUCTO DE LA LOCALIDAD DE SANTA MARIA - ACOACEDRO","loc":"SANTA MARIA PARTE ALTA","pob":532,"susc":133,"q":5.0,"qesc":3.0,"dem":1.15,"bal":1.85,"trat":"Ninguno","tienetrat":"","tfuente":"Superficial","fuente":"QUEBRADA EL CEDRO","P_operativa":"SIN CLASIFICAR","P_clima":"P1","precip_idx":42.4,"temp_anom":1.55,"clasif_fuente":"CHIRPS + ERA5-Land · GEE 1–15 ago 2026 vs 1991–2020 · matriz graduada V0.5","precip_sev":1,"temp_sev":2,"clima_score":3,"precip_mm":16.87,"temp_mean":21.01},"geometry":{"type":"Point","coordinates":[-76.72069,3.630694]}},{"type":"Feature","properties":{"id":"ELNINO_0161","id_maestro":"ACUEDUCTO_0161","codigo":"2832","mun":"DAGUA","aro":"Sur Cali","amb":"Rural","tipo":"DISPERSA","prest":"ASOCIACION COMUNITARIA ADMINISTRADORA DEL ACUEDUCTO DE SAN MIGUEL - ACUAMIGUEL","loc":"SAN MIGUEL","pob":280,"susc":70,"q":1.0,"qesc":0.6,"dem":0.61,"bal":-0.01,"trat":"Solo desinfección","tienetrat":"","tfuente":"Subterránea","fuente":"NACIMIENTO EL CORO","P_operativa":"SIN CLASIFICAR","P_clima":"P2","precip_idx":42.4,"temp_anom":1.27,"clasif_fuente":"CHIRPS + ERA5-Land · GEE 1–15 ago 2026 vs 1991–2020 · matriz graduada V0.5","precip_sev":1,"temp_sev":1,"clima_score":2,"precip_mm":10.55,"temp_mean":20.59},"geometry":{"type":"Point","coordinates":[-76.62981,3.522972]}},{"type":"Feature","properties":{"id":"ELNINO_0162","id_maestro":"ACUEDUCTO_0162","codigo":"2897","mun":"DAGUA","aro":"Sur Cali","amb":"Rural","tipo":"DISPERSA","prest":"ASOCIACION COMUNITARIA DE ACUEDUCTO DE CHIPRE, ASOCHIPRE","loc":"BORRERO AYERBE (CHIPRE)","pob":140,"susc":35,"q":4.0,"qesc":2.4,"dem":0.3,"bal":2.1,"trat":"Solo desinfección","tienetrat":"","tfuente":"Superficial","fuente":"QUEBRADA LA CLORINDA","P_operativa":"SIN CLASIFICAR","P_clima":"P1","precip_idx":41.6,"temp_anom":2.11,"clasif_fuente":"CHIRPS + ERA5-Land · GEE 1–15 ago 2026 vs 1991–2020 · matriz graduada V0.5","precip_sev":1,"temp_sev":2,"clima_score":3,"precip_mm":10.31,"temp_mean":20.59},"geometry":{"type":"Point","coordinates":[-76.62249,3.560442]}},{"type":"Feature","properties":{"id":"ELNINO_0163","id_maestro":"ACUEDUCTO_0163","codigo":"3415","mun":"DAGUA","aro":"Sur Cali","amb":"Rural","tipo":"DISPERSA","prest":"ASOCIACION COMUNITARIA DEL ACUEDUCTO ACUACLOR - ACUACLOR","loc":"BORRERO AYERBE (KM26,KM27,KM28,KM29)","pob":1004,"susc":251,"q":4.0,"qesc":2.4,"dem":2.17,"bal":0.23,"trat":"Solo desinfección","tienetrat":"","tfuente":"Superficial","fuente":"QUEBRADA LA CLORINDA","P_operativa":"SIN CLASIFICAR","P_clima":"P1","precip_idx":41.6,"temp_anom":2.11,"clasif_fuente":"CHIRPS + ERA5-Land · GEE 1–15 ago 2026 vs 1991–2020 · matriz graduada V0.5","precip_sev":1,"temp_sev":2,"clima_score":3,"precip_mm":10.31,"temp_mean":20.59},"geometry":{"type":"Point","coordinates":[-76.63778,3.561944]}},{"type":"Feature","properties":{"id":"ELNINO_0164","id_maestro":"ACUEDUCTO_0164","codigo":"3423","mun":"DAGUA","aro":"Sur Cali","amb":"Rural","tipo":"DISPERSA","prest":"ASOCIACION DE PROPIETARIOS PARCELACION MONTERRICO","loc":"PARCELACION MONTERRICO","pob":700,"susc":175,"q":1.0,"qesc":0.6,"dem":1.51,"bal":-0.91,"trat":"FD+Desinfección","tienetrat":1,"tfuente":"Superficial","fuente":"QUEBRADA POTRERITO, QUEBRADA LA 21","P_operativa":"SIN CLASIFICAR","P_clima":"P2","precip_idx":42.4,"temp_anom":1.27,"clasif_fuente":"CHIRPS + ERA5-Land · GEE 1–15 ago 2026 vs 1991–2020 · matriz graduada V0.5","precip_sev":1,"temp_sev":1,"clima_score":2,"precip_mm":10.55,"temp_mean":20.59},"geometry":{"type":"Point","coordinates":[-76.61333,3.537778]}},{"type":"Feature","properties":{"id":"ELNINO_0165","id_maestro":"ACUEDUCTO_0165","codigo":"2853","mun":"DAGUA","aro":"Sur Cali","amb":"Rural","tipo":"DISPERSA","prest":"ASOCIACION DE SUSCRIPTORES DEL ACUEDUCTO COMUNAL VEREDA EL AGUACATE - ASUAGUACATE","loc":"EL AGUACATE","pob":248,"susc":62,"q":null,"qesc":null,"dem":0.54,"bal":null,"trat":"Ninguno","tienetrat":"","tfuente":"Superficial","fuente":"QUEBRADA EL AGUACATE","P_operativa":"SIN CLASIFICAR","P_clima":"P1","precip_idx":42.6,"temp_anom":1.55,"clasif_fuente":"CHIRPS + ERA5-Land · GEE 1–15 ago 2026 vs 1991–2020 · matriz graduada V0.5","precip_sev":1,"temp_sev":2,"clima_score":3,"precip_mm":16.31,"temp_mean":20.8},"geometry":{"type":"Point","coordinates":[-76.71414,3.569969]}},{"type":"Feature","properties":{"id":"ELNINO_0166","id_maestro":"ACUEDUCTO_0166","codigo":"12978","mun":"DAGUA","aro":"Sur Cali","amb":"Rural","tipo":"DISPERSA","prest":"ASOCIACION DE SUSCRIPTORES DEL ACUEDUCTO LA SUIZA - SUAS. PARCELACION LA SUIZA","loc":"PARCELACION LA SUIZA, SAN JOSE DEL SALADO.","pob":80,"susc":20,"q":0.25,"qesc":0.15,"dem":0.17,"bal":-0.02,"trat":"Solo desinfección","tienetrat":"","tfuente":"","fuente":"","P_operativa":"SIN CLASIFICAR","P_clima":"P1","precip_idx":42.6,"temp_anom":1.55,"clasif_fuente":"CHIRPS + ERA5-Land · GEE 1–15 ago 2026 vs 1991–2020 · matriz graduada V0.5","precip_sev":1,"temp_sev":2,"clima_score":3,"precip_mm":16.31,"temp_mean":20.8},"geometry":{"type":"Point","coordinates":[-76.717,3.564031]}},{"type":"Feature","properties":{"id":"ELNINO_0580","id_maestro":"ACUEDUCTO_0167","codigo":"4055","mun":"DAGUA","aro":"Sur Cali","amb":"Rural","tipo":"DISPERSA","prest":"ASOCIACION DE SUSCRIPTORES DEL SERVICIO DE ACUEDUCTO SAN JOAQUIN-ASOSANJOAQUIN","loc":"SAN JOAQUIN","pob":88,"susc":22,"q":2.0,"qesc":1.2,"dem":0.19,"bal":1.01,"trat":"Soluciones_Individuales","tienetrat":1,"tfuente":"Superficial","fuente":"QUEBRADA SAN RAFAEL","P_operativa":"SIN CLASIFICAR","P_clima":"P1","precip_idx":43.6,"temp_anom":1.96,"clasif_fuente":"CHIRPS + ERA5-Land · GEE 1–15 ago 2026 vs 1991–2020 · matriz graduada V0.5","precip_sev":1,"temp_sev":2,"clima_score":3,"precip_mm":16.88,"temp_mean":21.06},"geometry":{"type":"Point","coordinates":[-76.67957,3.658167]}},{"type":"Feature","properties":{"id":"ELNINO_0466","id_maestro":"ACUEDUCTO_0168","codigo":"4054","mun":"DAGUA","aro":"Sur Cali","amb":"Rural","tipo":"CENTRO POBLADO","prest":"ASOCIACION DE SUSCRIPTORES DEL SERVICIO DE ACUEDUCTO SAN VICENTE-AGUASANVICENTE","loc":"SAN VICENTE","pob":180,"susc":45,"q":0.5,"qesc":0.3,"dem":0.39,"bal":-0.09,"trat":"Soluciones_Individuales","tienetrat":1,"tfuente":"Superficial","fuente":"QUEBRADA SAN RAFAEL, SAN VICENTE","P_operativa":"SIN CLASIFICAR","P_clima":"P1","precip_idx":43.6,"temp_anom":1.96,"clasif_fuente":"CHIRPS + ERA5-Land · GEE 1–15 ago 2026 vs 1991–2020 · matriz graduada V0.5","precip_sev":1,"temp_sev":2,"clima_score":3,"precip_mm":16.88,"temp_mean":21.06},"geometry":{"type":"Point","coordinates":[-76.67748,3.655803]}},{"type":"Feature","properties":{"id":"ELNINO_0169","id_maestro":"ACUEDUCTO_0169","codigo":"2899","mun":"DAGUA","aro":"Sur Cali","amb":"Rural","tipo":"CENTRO POBLADO","prest":"ASOCIACION DE SUSCRIPTORES DEL SERVICIO DE AGUA EL VERGEL - AUVA E.S.P.","loc":"EL VERGEL","pob":768,"susc":192,"q":2.11,"qesc":1.27,"dem":1.66,"bal":-0.39,"trat":"Solo desinfección","tienetrat":"","tfuente":"","fuente":"","P_operativa":"SIN CLASIFICAR","P_clima":"P1","precip_idx":41.6,"temp_anom":2.11,"clasif_fuente":"CHIRPS + ERA5-Land · GEE 1–15 ago 2026 vs 1991–2020 · matriz graduada V0.5","precip_sev":1,"temp_sev":2,"clima_score":3,"precip_mm":10.31,"temp_mean":20.59},"geometry":{"type":"Point","coordinates":[-76.62861,3.577822]}},{"type":"Feature","properties":{"id":"ELNINO_0287","id_maestro":"ACUEDUCTO_0170","codigo":"4057","mun":"DAGUA","aro":"Sur Cali","amb":"Rural","tipo":"CENTRO POBLADO","prest":"ASOCIACION DE USUARIOS ACUEDUCTO LOBOGUERRERO","loc":"LOBOGUERRERO","pob":2760,"susc":690,"q":10.9,"qesc":6.54,"dem":5.96,"bal":0.58,"trat":"Soluciones_Individuales","tienetrat":1,"tfuente":"Superficial","fuente":"QUEBRADA LA CHAPA","P_operativa":"SIN CLASIFICAR","P_clima":"P2","precip_idx":40.2,"temp_anom":1.38,"clasif_fuente":"CHIRPS + ERA5-Land · GEE 1–15 ago 2026 vs 1991–2020 · matriz graduada V0.5","precip_sev":1,"temp_sev":1,"clima_score":2,"precip_mm":20.39,"temp_mean":20.94},"geometry":{"type":"Point","coordinates":[-76.66592,3.761389]}},{"type":"Feature","properties":{"id":"ELNINO_0171","id_maestro":"ACUEDUCTO_0171","codigo":"3416","mun":"DAGUA","aro":"Sur Cali","amb":"Rural","tipo":"DISPERSA","prest":"ASOCIACION DE USUARIOS ACUEDUCTO LOS COLORADOS CORREGIMIENTO BORRERO AYERBE MUNICIPIO DE DAGUA, VALLE DEL CAUCA ASOCOLORADOS","loc":"LOS COLORADOS, VILLA DEL CARMEN","pob":100,"susc":25,"q":2.0,"qesc":1.2,"dem":0.22,"bal":0.98,"trat":"Solo desinfección","tienetrat":"","tfuente":"Superficial","fuente":"QUEBRADA LA CLORINDA","P_operativa":"SIN CLASIFICAR","P_clima":"P1","precip_idx":41.6,"temp_anom":2.11,"clasif_fuente":"CHIRPS + ERA5-Land · GEE 1–15 ago 2026 vs 1991–2020 · matriz graduada V0.5","precip_sev":1,"temp_sev":2,"clima_score":3,"precip_mm":10.31,"temp_mean":20.59},"geometry":{"type":"Point","coordinates":[-76.64361,3.553611]}},{"type":"Feature","properties":{"id":"ELNINO_0172","id_maestro":"ACUEDUCTO_0172","codigo":"1400","mun":"DAGUA","aro":"Sur Cali","amb":"Rural","tipo":"DISPERSA","prest":"ASOCIACION DE USUARIOS ACUEDUCTO PUERTA DAGUA RIO DAGUA E.S.P - RIO DAGUA E.S.P","loc":"PUERTA DAGUA","pob":312,"susc":78,"q":3.5,"qesc":2.1,"dem":0.67,"bal":1.43,"trat":"Ninguno","tienetrat":"","tfuente":"Superficial","fuente":"QUEBRADA TIERRA CALIENTE","P_operativa":"SIN CLASIFICAR","P_clima":"P1","precip_idx":41.1,"temp_anom":1.96,"clasif_fuente":"CHIRPS + ERA5-Land · GEE 1–15 ago 2026 vs 1991–2020 · matriz graduada V0.5","precip_sev":1,"temp_sev":2,"clima_score":3,"precip_mm":19.08,"temp_mean":20.94},"geometry":{"type":"Point","coordinates":[-76.67075,3.719861]}},{"type":"Feature","properties":{"id":"ELNINO_0173","id_maestro":"ACUEDUCTO_0173","codigo":"3417","mun":"DAGUA","aro":"Sur Cali","amb":"Rural","tipo":"DISPERSA","prest":"ASOCIACION DE USUARIOS ACUEDUCTO VEREDA LA CLORINDA","loc":"LA CLORINDA TANQUE 1","pob":400,"susc":100,"q":3.0,"qesc":1.8,"dem":0.86,"bal":0.94,"trat":"Solo desinfección","tienetrat":"","tfuente":"Superficial","fuente":"LA CLORINDA, QUEBRADAS AURES","P_operativa":"SIN CLASIFICAR","P_clima":"P2","precip_idx":42.4,"temp_anom":1.27,"clasif_fuente":"CHIRPS + ERA5-Land · GEE 1–15 ago 2026 vs 1991–2020 · matriz graduada V0.5","precip_sev":1,"temp_sev":1,"clima_score":2,"precip_mm":10.55,"temp_mean":20.59},"geometry":{"type":"Point","coordinates":[-76.63028,3.549167]}},{"type":"Feature","properties":{"id":"ELNINO_0174","id_maestro":"ACUEDUCTO_0174","codigo":"2849","mun":"DAGUA","aro":"Sur Cali","amb":"Rural","tipo":"CENTRO POBLADO","prest":"ASOCIACION DE USUARIOS DE ACUEDUCTO DE LA VEREDA TOCOTA - ASOTOCOTA","loc":"TOCOTA","pob":904,"susc":226,"q":6.0,"qesc":3.6,"dem":1.95,"bal":1.65,"trat":"FD+Desinfección","tienetrat":1,"tfuente":"Superficial","fuente":"QUEBRADA LOS CIRUELOS","P_operativa":"SIN CLASIFICAR","P_clima":"P2","precip_idx":42.4,"temp_anom":1.27,"clasif_fuente":"CHIRPS + ERA5-Land · GEE 1–15 ago 2026 vs 1991–2020 · matriz graduada V0.5","precip_sev":1,"temp_sev":1,"clima_score":2,"precip_mm":10.55,"temp_mean":20.59},"geometry":{"type":"Point","coordinates":[-76.648,3.507444]}},{"type":"Feature","properties":{"id":"ELNINO_0175","id_maestro":"ACUEDUCTO_0175","codigo":"2867","mun":"DAGUA","aro":"Sur Cali","amb":"Rural","tipo":"CENTRO POBLADO","prest":"ASOCIACION DE USUARIOS DE ACUEDUCTO EL PALMARCITO DE LA VEREDA LA VIRGEN EN LIQUIDACION","loc":"LA VIRGEN","pob":68,"susc":17,"q":1.0,"qesc":0.6,"dem":0.15,"bal":0.45,"trat":"Solo desinfección","tienetrat":"","tfuente":"","fuente":"","P_operativa":"SIN CLASIFICAR","P_clima":"P1","precip_idx":40.7,"temp_anom":2.11,"clasif_fuente":"CHIRPS + ERA5-Land · GEE 1–15 ago 2026 vs 1991–2020 · matriz graduada V0.5","precip_sev":1,"temp_sev":2,"clima_score":3,"precip_mm":10.64,"temp_mean":21.06},"geometry":{"type":"Point","coordinates":[-76.63022,3.603417]}},{"type":"Feature","properties":{"id":"ELNINO_0176","id_maestro":"ACUEDUCTO_0176","codigo":"2871","mun":"DAGUA","aro":"Sur Cali","amb":"Rural","tipo":"DISPERSA","prest":"ASOCIACION DE USUARIOS DE ACUEDUCTO VEREDA LAS DELICIAS - ASAD ESP. ALTA","loc":"LAS DELICIAS","pob":224,"susc":56,"q":1.0,"qesc":0.6,"dem":0.48,"bal":0.12,"trat":"Ninguno","tienetrat":"","tfuente":"","fuente":"","P_operativa":"SIN CLASIFICAR","P_clima":"P1","precip_idx":45.6,"temp_anom":1.55,"clasif_fuente":"CHIRPS + ERA5-Land · GEE 1–15 ago 2026 vs 1991–2020 · matriz graduada V0.5","precip_sev":1,"temp_sev":2,"clima_score":3,"precip_mm":15.63,"temp_mean":21.06},"geometry":{"type":"Point","coordinates":[-76.66364,3.628233]}},{"type":"Feature","properties":{"id":"ELNINO_0177","id_maestro":"ACUEDUCTO_0177","codigo":"2870","mun":"DAGUA","aro":"Sur Cali","amb":"Rural","tipo":"DISPERSA","prest":"ASOCIACION DE USUARIOS DE ACUEDUCTO VEREDA LAS DELICIAS - ASAD ESP. BAJA","loc":"LAS DELICIAS PARTE BAJA Y ALTA","pob":160,"susc":40,"q":2.0,"qesc":1.2,"dem":0.35,"bal":0.85,"trat":"Solo desinfección","tienetrat":"","tfuente":"Superficial-Subterránea","fuente":"QUEBRADA LA HONDA, NACIMIENTO LAS BRISAS","P_operativa":"SIN CLASIFICAR","P_clima":"P1","precip_idx":45.6,"temp_anom":1.55,"clasif_fuente":"CHIRPS + ERA5-Land · GEE 1–15 ago 2026 vs 1991–2020 · matriz graduada V0.5","precip_sev":1,"temp_sev":2,"clima_score":3,"precip_mm":15.63,"temp_mean":21.06},"geometry":{"type":"Point","coordinates":[-76.66347,3.628472]}},{"type":"Feature","properties":{"id":"ELNINO_0178","id_maestro":"ACUEDUCTO_0178","codigo":"14560","mun":"DAGUA","aro":"Sur Cali","amb":"Rural","tipo":"CENTRO POBLADO","prest":"ASOCIACIÓN DE USUARIOS DE ACUEDUCTO Y SERVICIOS BÁSICOS PUEBLO NUEVO-A.U.AS.B","loc":"PUEBLO NUEVO","pob":968,"susc":242,"q":4.0,"qesc":2.4,"dem":2.09,"bal":0.31,"trat":"Solo desinfección","tienetrat":"","tfuente":"Superficial","fuente":"QUEBRADA LA VIBORA","P_operativa":"SIN CLASIFICAR","P_clima":"P1","precip_idx":41.6,"temp_anom":2.11,"clasif_fuente":"CHIRPS + ERA5-Land · GEE 1–15 ago 2026 vs 1991–2020 · matriz graduada V0.5","precip_sev":1,"temp_sev":2,"clima_score":3,"precip_mm":10.31,"temp_mean":20.59},"geometry":{"type":"Point","coordinates":[-76.62811,3.582111]}},{"type":"Feature","properties":{"id":"ELNINO_0179","id_maestro":"ACUEDUCTO_0179","codigo":"6897","mun":"DAGUA","aro":"Sur Cali","amb":"Rural","tipo":"DISPERSA","prest":"ASOCIACIÓN DE USUARIOS DEL ACUEDUCTO COMUNITARIO QUEBRADA LA CLEMENTINA","loc":"LA CLEMENTINA","pob":120,"susc":30,"q":2.0,"qesc":1.2,"dem":0.26,"bal":0.94,"trat":"Ninguno","tienetrat":"","tfuente":"Superficial","fuente":"QUEBRADA LA CLEMENTINA","P_operativa":"SIN CLASIFICAR","P_clima":"P2","precip_idx":42.4,"temp_anom":1.27,"clasif_fuente":"CHIRPS + ERA5-Land · GEE 1–15 ago 2026 vs 1991–2020 · matriz graduada V0.5","precip_sev":1,"temp_sev":1,"clima_score":2,"precip_mm":10.55,"temp_mean":20.59},"geometry":{"type":"Point","coordinates":[-76.64667,3.534653]}},{"type":"Feature","properties":{"id":"ELNINO_0180","id_maestro":"ACUEDUCTO_0180","codigo":"2865","mun":"DAGUA","aro":"Sur Cali","amb":"Rural","tipo":"DISPERSA","prest":"ASOCIACION DE USUARIOS DEL ACUEDUCTO DE LA VEREDA CENTELLA (BAJA) CRGT VILLAHERMOSA - DAGUA.","loc":"CENTELLA PARTE BAJA","pob":96,"susc":24,"q":3.0,"qesc":1.8,"dem":0.21,"bal":1.59,"trat":"FD+Desinfección","tienetrat":1,"tfuente":"Superficial","fuente":"QUEBRADA CENTELLA","P_operativa":"SIN CLASIFICAR","P_clima":"P1","precip_idx":40.7,"temp_anom":2.11,"clasif_fuente":"CHIRPS + ERA5-Land · GEE 1–15 ago 2026 vs 1991–2020 · matriz graduada V0.5","precip_sev":1,"temp_sev":2,"clima_score":3,"precip_mm":10.64,"temp_mean":21.06},"geometry":{"type":"Point","coordinates":[-76.64569,3.617889]}},{"type":"Feature","properties":{"id":"ELNINO_0181","id_maestro":"ACUEDUCTO_0181","codigo":"345","mun":"DAGUA","aro":"Sur Cali","amb":"Rural","tipo":"CENTRO POBLADO","prest":"ASOCIACION DE USUARIOS DEL ACUEDUCTO DE SANTA MARIA PARTE BAJA - ASUASBA","loc":"SANTA MARIA PARTE BAJA","pob":380,"susc":95,"q":5.0,"qesc":3.0,"dem":0.82,"bal":2.18,"trat":"FD+Desinfección","tienetrat":1,"tfuente":"Superficial","fuente":"QUEBRADA EL CEDRO","P_operativa":"SIN CLASIFICAR","P_clima":"P1","precip_idx":42.4,"temp_anom":1.55,"clasif_fuente":"CHIRPS + ERA5-Land · GEE 1–15 ago 2026 vs 1991–2020 · matriz graduada V0.5","precip_sev":1,"temp_sev":2,"clima_score":3,"precip_mm":16.87,"temp_mean":21.01},"geometry":{"type":"Point","coordinates":[-76.70553,3.630083]}},{"type":"Feature","properties":{"id":"ELNINO_0182","id_maestro":"ACUEDUCTO_0182","codigo":"2896","mun":"DAGUA","aro":"Sur Cali","amb":"Rural","tipo":"CENTRO POBLADO","prest":"ASOCIACION DE USUARIOS DEL ACUEDUCTO PEÑA ALEGRIA KM 26 BORRERO AYERBE - ASUAPAL","loc":"BORRERO AYERBE (KM 26)","pob":720,"susc":180,"q":2.0,"qesc":1.2,"dem":1.56,"bal":-0.36,"trat":"Solo desinfección","tienetrat":"","tfuente":"Superficial","fuente":"QUEBRADA PEÑALEGRIA","P_operativa":"SIN CLASIFICAR","P_clima":"P1","precip_idx":41.6,"temp_anom":2.11,"clasif_fuente":"CHIRPS + ERA5-Land · GEE 1–15 ago 2026 vs 1991–2020 · matriz graduada V0.5","precip_sev":1,"temp_sev":2,"clima_score":3,"precip_mm":10.31,"temp_mean":20.59},"geometry":{"type":"Point","coordinates":[-76.61889,3.559222]}},{"type":"Feature","properties":{"id":"ELNINO_0230","id_maestro":"ACUEDUCTO_0183","codigo":"4056","mun":"DAGUA","aro":"Sur Cali","amb":"Rural","tipo":"CENTRO POBLADO","prest":"ASOCIACION DE USUARIOS DEL ACUEDUCTO QUEBRADA LOS CHORROS, CORREGIMIENTO ATUNCELA, MUNICIPIO DE DAGUA","loc":"ATUNCELA","pob":256,"susc":64,"q":5.0,"qesc":3.0,"dem":0.55,"bal":2.45,"trat":"Soluciones_Individuales","tienetrat":1,"tfuente":"Superficial","fuente":"QUEBRADA LOS CHORROS","P_operativa":"SIN CLASIFICAR","P_clima":"P1","precip_idx":41.1,"temp_anom":1.96,"clasif_fuente":"CHIRPS + ERA5-Land · GEE 1–15 ago 2026 vs 1991–2020 · matriz graduada V0.5","precip_sev":1,"temp_sev":2,"clima_score":3,"precip_mm":19.08,"temp_mean":20.94},"geometry":{"type":"Point","coordinates":[-76.67894,3.737167]}},{"type":"Feature","properties":{"id":"ELNINO_0184","id_maestro":"ACUEDUCTO_0184","codigo":"10804","mun":"DAGUA","aro":"Sur Cali","amb":"Rural","tipo":"DISPERSA","prest":"ASOCIACION DE USUARIOS DEL ACUEDUCTO RURAL COLECTIVO DE LA VEREDA DE MACHADO","loc":"MACHADO","pob":740,"susc":185,"q":5.08,"qesc":3.05,"dem":1.6,"bal":1.45,"trat":"Solo desinfección","tienetrat":"","tfuente":"Superficial","fuente":"QUEBRADA PARAGUITAS","P_operativa":"SIN CLASIFICAR","P_clima":"P2","precip_idx":37.0,"temp_anom":1.34,"clasif_fuente":"CHIRPS + ERA5-Land · GEE 1–15 ago 2026 vs 1991–2020 · matriz graduada V0.5","precip_sev":1,"temp_sev":1,"clima_score":2,"precip_mm":12.75,"temp_mean":20.59},"geometry":{"type":"Point","coordinates":[-76.69569,3.534972]}},{"type":"Feature","properties":{"id":"ELNINO_0185","id_maestro":"ACUEDUCTO_0185","codigo":"341","mun":"DAGUA","aro":"Sur Cali","amb":"Rural","tipo":"DISPERSA","prest":"ASOCIACION DE USUARIOS DEL ACUEDUCTO RURAL VILLAHERMOSA-ACUEHERMOSA","loc":"VILLAHERMOSA","pob":600,"susc":150,"q":15.0,"qesc":9.0,"dem":1.3,"bal":7.7,"trat":"FD+Desinfección","tienetrat":1,"tfuente":"Superficial","fuente":"QUEBRADA CENTELLA","P_operativa":"SIN CLASIFICAR","P_clima":"P1","precip_idx":41.1,"temp_anom":1.96,"clasif_fuente":"CHIRPS + ERA5-Land · GEE 1–15 ago 2026 vs 1991–2020 · matriz graduada V0.5","precip_sev":1,"temp_sev":2,"clima_score":3,"precip_mm":19.08,"temp_mean":20.94},"geometry":{"type":"Point","coordinates":[-76.67531,3.736944]}},{"type":"Feature","properties":{"id":"ELNINO_0186","id_maestro":"ACUEDUCTO_0186","codigo":"3422","mun":"DAGUA","aro":"Sur Cali","amb":"Rural","tipo":"DISPERSA","prest":"ASOCIACION DE USUARIOS DEL ACUEDUCTO VEREDAL \"LA ROSITA E.S.P.\" - ASO ACUEDUCTO","loc":"LA ROSITA","pob":336,"susc":84,"q":1.8,"qesc":1.08,"dem":0.73,"bal":0.35,"trat":"Solo desinfección","tienetrat":"","tfuente":"","fuente":"","P_operativa":"SIN CLASIFICAR","P_clima":"P2","precip_idx":37.0,"temp_anom":1.34,"clasif_fuente":"CHIRPS + ERA5-Land · GEE 1–15 ago 2026 vs 1991–2020 · matriz graduada V0.5","precip_sev":1,"temp_sev":1,"clima_score":2,"precip_mm":12.75,"temp_mean":20.59},"geometry":{"type":"Point","coordinates":[-76.68042,3.541417]}},{"type":"Feature","properties":{"id":"ELNINO_0187","id_maestro":"ACUEDUCTO_0187","codigo":"2847","mun":"DAGUA","aro":"Sur Cali","amb":"Rural","tipo":"DISPERSA","prest":"ASOCIACION DE USUARIOS DEL SERVICIO DE ACUEDUCTO LA BALASTRERA - ACUEDUCTO LA BALASTRERA","loc":"LOMA ALTA LA BALASTRERA","pob":208,"susc":52,"q":0.5,"qesc":0.3,"dem":0.45,"bal":-0.15,"trat":"Solo desinfección","tienetrat":"","tfuente":"Superficial","fuente":"QUEBRADA LA BALASTRERA","P_operativa":"SIN CLASIFICAR","P_clima":"P2","precip_idx":42.4,"temp_anom":1.27,"clasif_fuente":"CHIRPS + ERA5-Land · GEE 1–15 ago 2026 vs 1991–2020 · matriz graduada V0.5","precip_sev":1,"temp_sev":1,"clima_score":2,"precip_mm":10.55,"temp_mean":20.59},"geometry":{"type":"Point","coordinates":[-76.63107,3.516417]}},{"type":"Feature","properties":{"id":"ELNINO_0188","id_maestro":"ACUEDUCTO_0188","codigo":"3427","mun":"DAGUA","aro":"Sur Cali","amb":"Rural","tipo":"DISPERSA","prest":"ASOCIACION DE USUARIOS DEL SERVICIO DE AGUA DE ACUEDUCTO DE JIGUALES, ACUAJI","loc":"JIGUALES","pob":1472,"susc":368,"q":3.5,"qesc":2.1,"dem":3.18,"bal":-1.08,"trat":"Solo desinfección","tienetrat":"","tfuente":"","fuente":"","P_operativa":"SIN CLASIFICAR","P_clima":"P1","precip_idx":38.4,"temp_anom":1.55,"clasif_fuente":"CHIRPS + ERA5-Land · GEE 1–15 ago 2026 vs 1991–2020 · matriz graduada V0.5","precip_sev":1,"temp_sev":2,"clima_score":3,"precip_mm":12.85,"temp_mean":20.59},"geometry":{"type":"Point","coordinates":[-76.66242,3.594939]}},{"type":"Feature","properties":{"id":"ELNINO_0189","id_maestro":"ACUEDUCTO_0189","codigo":null,"mun":"DAGUA","aro":"Sur Cali","amb":"Rural","tipo":"CENTRO POBLADO","prest":"ASOCIACIÓN DE USUARIOS DEL SERVICIO DE AGUA POTABLE DEL LIMONAR MUNICIPIO DE DAGUA","loc":"LIMONAR","pob":548,"susc":137,"q":4.5,"qesc":2.7,"dem":1.18,"bal":1.52,"trat":"Solo desinfección","tienetrat":"","tfuente":"Superficial","fuente":"QUEBRADA LA ESPAÑOLA","P_operativa":"SIN CLASIFICAR","P_clima":"P1","precip_idx":42.4,"temp_anom":1.55,"clasif_fuente":"CHIRPS + ERA5-Land · GEE 1–15 ago 2026 vs 1991–2020 · matriz graduada V0.5","precip_sev":1,"temp_sev":2,"clima_score":3,"precip_mm":16.87,"temp_mean":21.01},"geometry":{"type":"Point","coordinates":[-76.71041,3.608703]}},{"type":"Feature","properties":{"id":"ELNINO_0190","id_maestro":"ACUEDUCTO_0190","codigo":"358","mun":"DAGUA","aro":"Sur Cali","amb":"Rural","tipo":"CENTRO POBLADO","prest":"ASOCIACION DE USUARIOS DEL SERVICIO DE AGUA POTABLE Y ALCANTARILLADO DE LA VEREDA EL CHILCAL","loc":"EL CHILCAL","pob":924,"susc":231,"q":6.0,"qesc":3.6,"dem":2.0,"bal":1.6,"trat":"Solo desinfección","tienetrat":"","tfuente":"Superficial","fuente":"QUEBRADA MIQUERA, QUEBRADA GUAYANGA","P_operativa":"SIN CLASIFICAR","P_clima":"P1","precip_idx":42.6,"temp_anom":1.55,"clasif_fuente":"CHIRPS + ERA5-Land · GEE 1–15 ago 2026 vs 1991–2020 · matriz graduada V0.5","precip_sev":1,"temp_sev":2,"clima_score":3,"precip_mm":16.31,"temp_mean":20.8},"geometry":{"type":"Point","coordinates":[-76.70906,3.583917]}},{"type":"Feature","properties":{"id":"ELNINO_0192","id_maestro":"ACUEDUCTO_0191","codigo":"3955","mun":"DAGUA","aro":"Sur Cali","amb":"Rural","tipo":"CENTRO POBLADO","prest":"ASOCIACION DE USUARIOS DEL SERVICIO DE AGUA POTABLE Y ALCANTARILLADO DE LAS CAMELIAS - AUSAPACECS. - ALTA","loc":"LAS CAMELIAS","pob":1852,"susc":463,"q":3.5,"qesc":2.1,"dem":4.0,"bal":-1.9,"trat":"Solo desinfección","tienetrat":"","tfuente":"","fuente":"","P_operativa":"SIN CLASIFICAR","P_clima":"P2","precip_idx":40.2,"temp_anom":1.34,"clasif_fuente":"CHIRPS + ERA5-Land · GEE 1–15 ago 2026 vs 1991–2020 · matriz graduada V0.5","precip_sev":1,"temp_sev":1,"clima_score":2,"precip_mm":15.82,"temp_mean":20.8},"geometry":{"type":"Point","coordinates":[-76.71467,3.546564]}},{"type":"Feature","properties":{"id":"ELNINO_0192","id_maestro":"ACUEDUCTO_0192","codigo":"3955","mun":"DAGUA","aro":"Sur Cali","amb":"Rural","tipo":"CENTRO POBLADO","prest":"ASOCIACION DE USUARIOS DEL SERVICIO DE AGUA POTABLE Y ALCANTARILLADO DE LAS CAMELIAS - AUSAPACECS. - BAJA","loc":"LAS CAMELIAS","pob":1852,"susc":463,"q":3.5,"qesc":2.1,"dem":4.0,"bal":-1.9,"trat":"Solo desinfección","tienetrat":"","tfuente":"","fuente":"","P_operativa":"SIN CLASIFICAR","P_clima":"P2","precip_idx":40.2,"temp_anom":1.34,"clasif_fuente":"CHIRPS + ERA5-Land · GEE 1–15 ago 2026 vs 1991–2020 · matriz graduada V0.5","precip_sev":1,"temp_sev":1,"clima_score":2,"precip_mm":15.82,"temp_mean":20.8},"geometry":{"type":"Point","coordinates":[-76.71467,3.546564]}},{"type":"Feature","properties":{"id":"ELNINO_0193","id_maestro":"ACUEDUCTO_0193","codigo":"48","mun":"DAGUA","aro":"Sur Cali","amb":"Rural","tipo":"CENTRO POBLADO","prest":"ASOCIACION DE USUARIOS DEL SERVICIO DE AGUA POTABLE Y ALCANTARILLADO QUEREMAL ASUAQ","loc":"EL QUEREMAL, POTRERITO, ALTO SAN JUAN Y EL TIGRE.","pob":6680,"susc":1670,"q":23.0,"qesc":13.8,"dem":14.43,"bal":-0.63,"trat":"FIME","tienetrat":1,"tfuente":"","fuente":"","P_operativa":"SIN CLASIFICAR","P_clima":"P2","precip_idx":40.2,"temp_anom":1.34,"clasif_fuente":"CHIRPS + ERA5-Land · GEE 1–15 ago 2026 vs 1991–2020 · matriz graduada V0.5","precip_sev":1,"temp_sev":1,"clima_score":2,"precip_mm":15.82,"temp_mean":20.8},"geometry":{"type":"Point","coordinates":[-76.70983,3.530111]}},{"type":"Feature","properties":{"id":"ELNINO_0194","id_maestro":"ACUEDUCTO_0194","codigo":"2900","mun":"DAGUA","aro":"Sur Cali","amb":"Rural","tipo":"DISPERSA","prest":"ASOCIACIÓN DE USUARIOS DEL SERVICIO DE AGUA Y ALCANTARILLADO SAN VICENTE KM 95 ALTO CAMELIAS CENTELL","loc":"LAS CAMELIAS KM 95 ALTO","pob":880,"susc":220,"q":5.0,"qesc":3.0,"dem":1.9,"bal":1.1,"trat":"Solo desinfección","tienetrat":"","tfuente":"Superficial","fuente":"QUEBRADA CENTELLA, QUEBRADA CUERO NEGRO, NACIMIENTO SAN VICENTE","P_operativa":"SIN CLASIFICAR","P_clima":"P1","precip_idx":45.6,"temp_anom":1.55,"clasif_fuente":"CHIRPS + ERA5-Land · GEE 1–15 ago 2026 vs 1991–2020 · matriz graduada V0.5","precip_sev":1,"temp_sev":2,"clima_score":3,"precip_mm":15.63,"temp_mean":21.06},"geometry":{"type":"Point","coordinates":[-76.66981,3.643667]}},{"type":"Feature","properties":{"id":"ELNINO_0195","id_maestro":"ACUEDUCTO_0195","codigo":"2868","mun":"DAGUA","aro":"Sur Cali","amb":"Rural","tipo":"CENTRO POBLADO","prest":"ASOCIACION DE USUARIOS NACIMIENTO LA ROSITA, VEREDA YERBABUENA EL PALMAR","loc":"YERBABUENA","pob":248,"susc":62,"q":1.0,"qesc":0.6,"dem":0.54,"bal":0.06,"trat":"Solo desinfección","tienetrat":"","tfuente":"Subterránea","fuente":"NACIMIENTO LA ROSITA","P_operativa":"SIN CLASIFICAR","P_clima":"P1","precip_idx":41.6,"temp_anom":2.11,"clasif_fuente":"CHIRPS + ERA5-Land · GEE 1–15 ago 2026 vs 1991–2020 · matriz graduada V0.5","precip_sev":1,"temp_sev":2,"clima_score":3,"precip_mm":10.31,"temp_mean":20.59},"geometry":{"type":"Point","coordinates":[-76.64699,3.594503]}},{"type":"Feature","properties":{"id":"ELNINO_0196","id_maestro":"ACUEDUCTO_0196","codigo":"3428","mun":"DAGUA","aro":"Sur Cali","amb":"Rural","tipo":"CENTRO POBLADO","prest":"ASOCIACION DE USUARIOS, ACUEDUCTO SAN JOSE DEL SALADO - ACUASALADO","loc":"SAN JOSE DEL SALADO , PARTE BAJA","pob":1360,"susc":340,"q":3.5,"qesc":2.1,"dem":2.94,"bal":-0.84,"trat":"Solo desinfección","tienetrat":"","tfuente":"Superficial","fuente":"QUEBRADA SANTA ROSA","P_operativa":"SIN CLASIFICAR","P_clima":"P1","precip_idx":42.6,"temp_anom":1.55,"clasif_fuente":"CHIRPS + ERA5-Land · GEE 1–15 ago 2026 vs 1991–2020 · matriz graduada V0.5","precip_sev":1,"temp_sev":2,"clima_score":3,"precip_mm":16.31,"temp_mean":20.8},"geometry":{"type":"Point","coordinates":[-76.71369,3.561139]}},{"type":"Feature","properties":{"id":"ELNINO_0197","id_maestro":"ACUEDUCTO_0197","codigo":"3954","mun":"DAGUA","aro":"Sur Cali","amb":"Rural","tipo":"CENTRO POBLADO","prest":"ASOCIACION DE USUARIOS, ACUEDUCTO SAN JOSE DEL SALADO PARTE ALTA - ASUSAL","loc":"SAN JOSE DEL SALADO , PARTE ALTA","pob":608,"susc":152,"q":3.5,"qesc":2.1,"dem":1.31,"bal":0.79,"trat":"Solo desinfección","tienetrat":"","tfuente":"Superficial","fuente":"QUEBRADA SACRISTAN","P_operativa":"SIN CLASIFICAR","P_clima":"P1","precip_idx":42.6,"temp_anom":1.55,"clasif_fuente":"CHIRPS + ERA5-Land · GEE 1–15 ago 2026 vs 1991–2020 · matriz graduada V0.5","precip_sev":1,"temp_sev":2,"clima_score":3,"precip_mm":16.31,"temp_mean":20.8},"geometry":{"type":"Point","coordinates":[-76.71741,3.555139]}},{"type":"Feature","properties":{"id":"ELNINO_0198","id_maestro":"ACUEDUCTO_0198","codigo":"3418","mun":"DAGUA","aro":"Sur Cali","amb":"Rural","tipo":"DISPERSA","prest":"ASOCIACION EMPRESA COMUNITARIA ACUASALUD ALTO DE LAS TORTOLAS - ACUASALUD ALTO DE LAS TORTOLAS","loc":"ALTO DE LAS TORTOLAS","pob":1600,"susc":400,"q":7.0,"qesc":4.2,"dem":3.46,"bal":0.74,"trat":"Solo desinfección","tienetrat":"","tfuente":"Superficial","fuente":"RIO JORDAN","P_operativa":"SIN CLASIFICAR","P_clima":"P2","precip_idx":37.0,"temp_anom":1.34,"clasif_fuente":"CHIRPS + ERA5-Land · GEE 1–15 ago 2026 vs 1991–2020 · matriz graduada V0.5","precip_sev":1,"temp_sev":1,"clima_score":2,"precip_mm":12.75,"temp_mean":20.59},"geometry":{"type":"Point","coordinates":[-76.65913,3.537789]}},{"type":"Feature","properties":{"id":"ELNINO_0200","id_maestro":"ACUEDUCTO_0200","codigo":"13730","mun":"DAGUA","aro":"Sur Cali","amb":"Rural","tipo":"DISPERSA","prest":"ASOCIACION EMPRESA COMUNITARIA ACUEDUCTO BORRERO AYERBE - ECASP. ESP. - KM 28 AMBICHINTE","loc":"BORRERO AYERBE (KM 28)","pob":80,"susc":20,"q":3.0,"qesc":1.8,"dem":0.17,"bal":1.63,"trat":"FIME","tienetrat":1,"tfuente":"","fuente":"","P_operativa":"SIN CLASIFICAR","P_clima":"P1","precip_idx":41.6,"temp_anom":2.11,"clasif_fuente":"CHIRPS + ERA5-Land · GEE 1–15 ago 2026 vs 1991–2020 · matriz graduada V0.5","precip_sev":1,"temp_sev":2,"clima_score":3,"precip_mm":10.31,"temp_mean":20.59},"geometry":{"type":"Point","coordinates":[-76.636,3.564239]}},{"type":"Feature","properties":{"id":"ELNINO_0201","id_maestro":"ACUEDUCTO_0201","codigo":"46","mun":"DAGUA","aro":"Sur Cali","amb":"Rural","tipo":"CENTRO POBLADO","prest":"ASOCIACION EMPRESA COMUNITARIA DE ACUEDUCTO DE BORRERO AYERBE - ECASP. ESP. - KM 30","loc":"BORRERO AYERBE (KM30)","pob":9612,"susc":2403,"q":15.0,"qesc":9.0,"dem":20.77,"bal":-11.77,"trat":"FIME","tienetrat":1,"tfuente":"","fuente":"","P_operativa":"SIN CLASIFICAR","P_clima":"P1","precip_idx":41.6,"temp_anom":2.11,"clasif_fuente":"CHIRPS + ERA5-Land · GEE 1–15 ago 2026 vs 1991–2020 · matriz graduada V0.5","precip_sev":1,"temp_sev":2,"clima_score":3,"precip_mm":10.31,"temp_mean":20.59},"geometry":{"type":"Point","coordinates":[-76.65,3.571653]}},{"type":"Feature","properties":{"id":"ELNINO_0202","id_maestro":"ACUEDUCTO_0202","codigo":"3426","mun":"DAGUA","aro":"Sur Cali","amb":"Rural","tipo":"DISPERSA","prest":"ASOCIACION EMPRESA COMUNITARIA DE ACUEDUCTO DE LA PARCELACION HATOCHICO - SAN DIEGO - ACUASALUD HATO","loc":"PARCELACION HATO CHICO","pob":320,"susc":80,"q":1.5,"qesc":0.9,"dem":0.69,"bal":0.21,"trat":"Solo desinfección","tienetrat":"","tfuente":"Superficial","fuente":"QUEBRADA LA SOLEDAD, RIO JORDAN","P_operativa":"SIN CLASIFICAR","P_clima":"P1","precip_idx":38.4,"temp_anom":1.55,"clasif_fuente":"CHIRPS + ERA5-Land · GEE 1–15 ago 2026 vs 1991–2020 · matriz graduada V0.5","precip_sev":1,"temp_sev":2,"clima_score":3,"precip_mm":12.85,"temp_mean":20.59},"geometry":{"type":"Point","coordinates":[-76.66908,3.571972]}},{"type":"Feature","properties":{"id":"ELNINO_0203","id_maestro":"ACUEDUCTO_0203","codigo":"2864","mun":"DAGUA","aro":"Sur Cali","amb":"Rural","tipo":"DISPERSA","prest":"ASOCIACION RURAL ACUEDUCTO CENTELLA PARTE ALTA","loc":"CENTELLA ALTA","pob":180,"susc":45,"q":null,"qesc":null,"dem":0.39,"bal":null,"trat":"Ninguno","tienetrat":"","tfuente":"Superficial","fuente":"QUEBRADA CENTELLA","P_operativa":"SIN CLASIFICAR","P_clima":"P1","precip_idx":40.7,"temp_anom":2.11,"clasif_fuente":"CHIRPS + ERA5-Land · GEE 1–15 ago 2026 vs 1991–2020 · matriz graduada V0.5","precip_sev":1,"temp_sev":2,"clima_score":3,"precip_mm":10.64,"temp_mean":21.06},"geometry":{"type":"Point","coordinates":[-76.62908,3.618083]}},{"type":"Feature","properties":{"id":"ELNINO_0204","id_maestro":"ACUEDUCTO_0204","codigo":"SD","mun":"DAGUA","aro":"Sur Cali","amb":"Rural","tipo":"DISPERSA","prest":"CONCEJO COMUNITARIO DE CORREGIMIENTO LA ELSA.","loc":"LA ELSA.","pob":56,"susc":14,"q":4.0,"qesc":2.4,"dem":0.12,"bal":2.28,"trat":"Ninguno","tienetrat":"","tfuente":"","fuente":"","P_operativa":"SIN CLASIFICAR","P_clima":"P2","precip_idx":41.0,"temp_anom":1.3,"clasif_fuente":"CHIRPS + ERA5-Land · GEE 1–15 ago 2026 vs 1991–2020 · matriz graduada V0.5","precip_sev":1,"temp_sev":1,"clima_score":2,"precip_mm":20.85,"temp_mean":20.8},"geometry":{"type":"Point","coordinates":[-76.78163,3.5795]}},{"type":"Feature","properties":{"id":"ELNINO_0205","id_maestro":"ACUEDUCTO_0205","codigo":"12976","mun":"DAGUA","aro":"Sur Cali","amb":"Rural","tipo":"CENTRO POBLADO","prest":"CONDOMINIO CAMPESTRE COLINAS DE TOCOTA","loc":"TOCOTA DAGUA","pob":312,"susc":78,"q":9.0,"qesc":5.4,"dem":0.67,"bal":4.73,"trat":"Solo desinfección","tienetrat":"","tfuente":"Superficial","fuente":"QUEBRADA CAMPO ALEGRE","P_operativa":"SIN CLASIFICAR","P_clima":"P2","precip_idx":42.4,"temp_anom":1.27,"clasif_fuente":"CHIRPS + ERA5-Land · GEE 1–15 ago 2026 vs 1991–2020 · matriz graduada V0.5","precip_sev":1,"temp_sev":1,"clima_score":2,"precip_mm":10.55,"temp_mean":20.59},"geometry":{"type":"Point","coordinates":[-76.64765,3.514692]}},{"type":"Feature","properties":{"id":"ELNINO_0206","id_maestro":"ACUEDUCTO_0206","codigo":"12979","mun":"DAGUA","aro":"Sur Cali","amb":"Rural","tipo":"DISPERSA","prest":"CONJUNTO CAMPESTRE AMBICHINTE","loc":"CONJUNTO CAMPESTRE AMBICHINTE","pob":324,"susc":81,"q":3.0,"qesc":1.8,"dem":0.7,"bal":1.1,"trat":"Planta Modular","tienetrat":1,"tfuente":"Superficial","fuente":"QUEBRADA AMBICHINTE","P_operativa":"SIN CLASIFICAR","P_clima":"P1","precip_idx":41.6,"temp_anom":2.11,"clasif_fuente":"CHIRPS + ERA5-Land · GEE 1–15 ago 2026 vs 1991–2020 · matriz graduada V0.5","precip_sev":1,"temp_sev":2,"clima_score":3,"precip_mm":10.31,"temp_mean":20.59},"geometry":{"type":"Point","coordinates":[-76.63196,3.566122]}},{"type":"Feature","properties":{"id":"ELNINO_0210","id_maestro":"ACUEDUCTO_0207","codigo":"2863","mun":"DAGUA","aro":"Sur Cali","amb":"Rural","tipo":"DISPERSA","prest":"EMPRESA COMUNITARIA ACUEDUCTO RURAL COLECTIVO LAS BRISAS - ECOABRISAS","loc":"LAS BRISAS","pob":540,"susc":135,"q":10.0,"qesc":6.0,"dem":1.17,"bal":4.83,"trat":"Solo desinfección","tienetrat":"","tfuente":"Superficial","fuente":"QUEBRADA LA VIRGEN","P_operativa":"SIN CLASIFICAR","P_clima":"P1","precip_idx":40.7,"temp_anom":2.11,"clasif_fuente":"CHIRPS + ERA5-Land · GEE 1–15 ago 2026 vs 1991–2020 · matriz graduada V0.5","precip_sev":1,"temp_sev":2,"clima_score":3,"precip_mm":10.64,"temp_mean":21.06},"geometry":{"type":"Point","coordinates":[-76.63956,3.609611]}},{"type":"Feature","properties":{"id":"ELNINO_0211","id_maestro":"ACUEDUCTO_0208","codigo":"147","mun":"DAGUA","aro":"Sur Cali","amb":"Rural","tipo":"CENTRO POBLADO","prest":"EMPRESA COMUNITARIA DE ACUEDUCTO RURAL EL PALMAR SECTOR LA VIBORA","loc":"EL PALMAR , LA VIBORA","pob":640,"susc":160,"q":1.3,"qesc":0.78,"dem":1.38,"bal":-0.6,"trat":"Solo desinfección","tienetrat":"","tfuente":"Superficial","fuente":"QUEBRADA LA VIBORA","P_operativa":"SIN CLASIFICAR","P_clima":"P1","precip_idx":41.6,"temp_anom":2.11,"clasif_fuente":"CHIRPS + ERA5-Land · GEE 1–15 ago 2026 vs 1991–2020 · matriz graduada V0.5","precip_sev":1,"temp_sev":2,"clima_score":3,"precip_mm":10.31,"temp_mean":20.59},"geometry":{"type":"Point","coordinates":[-76.64625,3.599694]}},{"type":"Feature","properties":{"id":"ELNINO_0212","id_maestro":"ACUEDUCTO_0209","codigo":"148","mun":"DAGUA","aro":"Sur Cali","amb":"Rural","tipo":"CENTRO POBLADO","prest":"EMPRESA COMUNITARIA DE ACUEDUCTO RURAL EL PALMAR SECTOR LA VIRGEN","loc":"EL PALMAR , LA VIRGEN","pob":1120,"susc":280,"q":5.0,"qesc":3.0,"dem":2.42,"bal":0.58,"trat":"Solo desinfección","tienetrat":"","tfuente":"Superficial","fuente":"QUEBRADA LA VIRGEN, QUEBRADA LA VIBORA","P_operativa":"SIN CLASIFICAR","P_clima":"P1","precip_idx":40.7,"temp_anom":2.11,"clasif_fuente":"CHIRPS + ERA5-Land · GEE 1–15 ago 2026 vs 1991–2020 · matriz graduada V0.5","precip_sev":1,"temp_sev":2,"clima_score":3,"precip_mm":10.64,"temp_mean":21.06},"geometry":{"type":"Point","coordinates":[-76.64647,3.603083]}},{"type":"Feature","properties":{"id":"ELNINO_0213","id_maestro":"ACUEDUCTO_0210","codigo":"3424","mun":"DAGUA","aro":"Sur Cali","amb":"Rural","tipo":"DISPERSA","prest":"EMPRESA DE SERVICIO PRIVADO ACUASALUD EL CARMELO","loc":"PARCELACION EL CARMELO","pob":1496,"susc":374,"q":4.5,"qesc":2.7,"dem":3.23,"bal":-0.53,"trat":"Solo desinfección","tienetrat":"","tfuente":"Superficial","fuente":"QUEBRADA LAS BRISAS, QUEBRADA LA SOLEDAD, RIO JORDAN","P_operativa":"SIN CLASIFICAR","P_clima":"P2","precip_idx":37.0,"temp_anom":1.34,"clasif_fuente":"CHIRPS + ERA5-Land · GEE 1–15 ago 2026 vs 1991–2020 · matriz graduada V0.5","precip_sev":1,"temp_sev":1,"clima_score":2,"precip_mm":12.75,"temp_mean":20.59},"geometry":{"type":"Point","coordinates":[-76.66725,3.544783]}},{"type":"Feature","properties":{"id":"ELNINO_0214","id_maestro":"ACUEDUCTO_0211","codigo":"SD","mun":"DAGUA","aro":"Sur Cali","amb":"Rural","tipo":"DISPERSA","prest":"JAC ACUEDUCTO SECTOR LA ESCUELA VEREDA LOMALTA","loc":"LOMALTA","pob":960,"susc":240,"q":3.0,"qesc":1.8,"dem":2.07,"bal":-0.27,"trat":"Ninguno","tienetrat":"","tfuente":"","fuente":"","P_operativa":"SIN CLASIFICAR","P_clima":"P2","precip_idx":42.4,"temp_anom":1.27,"clasif_fuente":"CHIRPS + ERA5-Land · GEE 1–15 ago 2026 vs 1991–2020 · matriz graduada V0.5","precip_sev":1,"temp_sev":1,"clima_score":2,"precip_mm":10.55,"temp_mean":20.59},"geometry":{"type":"Point","coordinates":[-76.63335,3.510064]}},{"type":"Feature","properties":{"id":"ELNINO_0215","id_maestro":"ACUEDUCTO_0212","codigo":"63","mun":"DAGUA","aro":"Sur Cali","amb":"Rural","tipo":"DISPERSA","prest":"JUNTA ADMINISTRADORA ACUEDUCTO AGUAS CLARAS","loc":"BORRERO AYERBE (BARRIO COREA)","pob":448,"susc":112,"q":2.0,"qesc":1.2,"dem":0.97,"bal":0.23,"trat":"Solo desinfección","tienetrat":"","tfuente":"Subterránea","fuente":"AGUAS CLARAS","P_operativa":"SIN CLASIFICAR","P_clima":"P1","precip_idx":41.6,"temp_anom":2.11,"clasif_fuente":"CHIRPS + ERA5-Land · GEE 1–15 ago 2026 vs 1991–2020 · matriz graduada V0.5","precip_sev":1,"temp_sev":2,"clima_score":3,"precip_mm":10.31,"temp_mean":20.59},"geometry":{"type":"Point","coordinates":[-76.64651,3.577283]}},{"type":"Feature","properties":{"id":"ELNINO_0216","id_maestro":"ACUEDUCTO_0213","codigo":"3420","mun":"DAGUA","aro":"Sur Cali","amb":"Rural","tipo":"DISPERSA","prest":"JUNTA ADMINISTRADORA ACUEDUCTO PARAGUITAS JAACUPAR","loc":"JORDANCITO , PARAGUITAS","pob":800,"susc":200,"q":4.2,"qesc":2.52,"dem":1.73,"bal":0.79,"trat":"Solo desinfección","tienetrat":"","tfuente":"Subterránea","fuente":"NACIMIENTO ALTO PARAGUITAS","P_operativa":"SIN CLASIFICAR","P_clima":"P2","precip_idx":37.0,"temp_anom":1.34,"clasif_fuente":"CHIRPS + ERA5-Land · GEE 1–15 ago 2026 vs 1991–2020 · matriz graduada V0.5","precip_sev":1,"temp_sev":1,"clima_score":2,"precip_mm":12.75,"temp_mean":20.59},"geometry":{"type":"Point","coordinates":[-76.66646,3.518831]}},{"type":"Feature","properties":{"id":"ELNINO_0218","id_maestro":"ACUEDUCTO_0214","codigo":"3419","mun":"DAGUA","aro":"Sur Cali","amb":"Rural","tipo":"DISPERSA","prest":"JUNTA ADMINISTRADORA DE ACUEDUCTO PEÑAS RUCIAS VEREDA EL JORDANCITO, SAN BERNARDO. DAGUA - VALLE","loc":"JORDANCITO","pob":720,"susc":180,"q":5.4,"qesc":3.24,"dem":1.56,"bal":1.68,"trat":"Solo desinfección","tienetrat":"","tfuente":"Superficial","fuente":"QUEBRADA PEÑAS RUCIAS","P_operativa":"SIN CLASIFICAR","P_clima":"P2","precip_idx":37.0,"temp_anom":1.34,"clasif_fuente":"CHIRPS + ERA5-Land · GEE 1–15 ago 2026 vs 1991–2020 · matriz graduada V0.5","precip_sev":1,"temp_sev":1,"clima_score":2,"precip_mm":12.75,"temp_mean":20.59},"geometry":{"type":"Point","coordinates":[-76.66528,3.502611]}},{"type":"Feature","properties":{"id":"ELNINO_0219","id_maestro":"ACUEDUCTO_0215","codigo":"1398","mun":"DAGUA","aro":"Sur Cali","amb":"Rural","tipo":"DISPERSA","prest":"JUNTA ADMINISTRADORA DE ACUEDUCTO TRAPICHE - LA YOLOMBA","loc":"TRAPICHE , LA YOLOMBA","pob":600,"susc":150,"q":5.0,"qesc":3.0,"dem":1.3,"bal":1.7,"trat":"Soluciones_Individuales","tienetrat":"","tfuente":"Superficial","fuente":"QUEBRADA SAN FRANCISCO","P_operativa":"SIN CLASIFICAR","P_clima":"P2","precip_idx":41.1,"temp_anom":1.14,"clasif_fuente":"CHIRPS + ERA5-Land · GEE 1–15 ago 2026 vs 1991–2020 · matriz graduada V0.5","precip_sev":1,"temp_sev":1,"clima_score":2,"precip_mm":15.37,"temp_mean":20.94},"geometry":{"type":"Point","coordinates":[-76.64664,3.778167]}},{"type":"Feature","properties":{"id":"ELNINO_0220","id_maestro":"ACUEDUCTO_0216","codigo":"3421","mun":"DAGUA","aro":"Sur Cali","amb":"Rural","tipo":"DISPERSA","prest":"JUNTA ADMINISTRADORA DE AGUAS, VEREDA EL JORDAN, DAGUA - ACUASALUD E.S.P.","loc":"JORDAN","pob":560,"susc":140,"q":2.5,"qesc":1.5,"dem":1.21,"bal":0.29,"trat":"Solo desinfección","tienetrat":"","tfuente":"Superficial","fuente":"RIO JORDAN, QUEBRADA LA MACARENA","P_operativa":"SIN CLASIFICAR","P_clima":"P2","precip_idx":37.0,"temp_anom":1.34,"clasif_fuente":"CHIRPS + ERA5-Land · GEE 1–15 ago 2026 vs 1991–2020 · matriz graduada V0.5","precip_sev":1,"temp_sev":1,"clima_score":2,"precip_mm":12.75,"temp_mean":20.59},"geometry":{"type":"Point","coordinates":[-76.67492,3.521111]}},{"type":"Feature","properties":{"id":"ELNINO_0223","id_maestro":"ACUEDUCTO_0217","codigo":"2851","mun":"DAGUA","aro":"Sur Cali","amb":"Rural","tipo":"DISPERSA","prest":"JUNTA DE ACCIÓN COMUNAL VEREDA BEN HUR","loc":"BEN HUR","pob":164,"susc":41,"q":1.0,"qesc":0.6,"dem":0.35,"bal":0.25,"trat":"Ninguno","tienetrat":"","tfuente":"Superficial","fuente":"NACIMIENTO BENHUR","P_operativa":"SIN CLASIFICAR","P_clima":"P2","precip_idx":38.2,"temp_anom":1.34,"clasif_fuente":"CHIRPS + ERA5-Land · GEE 1–15 ago 2026 vs 1991–2020 · matriz graduada V0.5","precip_sev":1,"temp_sev":1,"clima_score":2,"precip_mm":13.31,"temp_mean":19.17},"geometry":{"type":"Point","coordinates":[-76.65353,3.492278]}},{"type":"Feature","properties":{"id":"ELNINO_0366","id_maestro":"ACUEDUCTO_0218","codigo":"2852","mun":"DAGUA","aro":"Sur Cali","amb":"Rural","tipo":"DISPERSA","prest":"JUNTA DE ACCION COMUNAL VEREDA EL DIVISO. PERSONERIA JURIDICA 069","loc":"EL DIVISO","pob":288,"susc":72,"q":1.0,"qesc":0.6,"dem":0.62,"bal":-0.02,"trat":"FD+Desinfección","tienetrat":1,"tfuente":"Superficial","fuente":"QUEBRADA CAMPOALEGRE","P_operativa":"SIN CLASIFICAR","P_clima":"P2","precip_idx":37.0,"temp_anom":1.34,"clasif_fuente":"CHIRPS + ERA5-Land · GEE 1–15 ago 2026 vs 1991–2020 · matriz graduada V0.5","precip_sev":1,"temp_sev":1,"clima_score":2,"precip_mm":12.75,"temp_mean":20.59},"geometry":{"type":"Point","coordinates":[-76.65283,3.519306]}},{"type":"Feature","properties":{"id":"ELNINO_0680","id_maestro":"ACUEDUCTO_0219","codigo":"344","mun":"DAGUA","aro":"Sur Cali","amb":"Rural","tipo":"DISPERSA","prest":"JUNTA DE ACCIÓN COMUNAL VEREDA LA ESMERALDA","loc":"LA ESMERALDA","pob":120,"susc":30,"q":null,"qesc":null,"dem":0.26,"bal":null,"trat":"Ninguno","tienetrat":"","tfuente":"Superficial","fuente":"QUEBRADA ALFA","P_operativa":"SIN CLASIFICAR","P_clima":"P1","precip_idx":42.4,"temp_anom":1.55,"clasif_fuente":"CHIRPS + ERA5-Land · GEE 1–15 ago 2026 vs 1991–2020 · matriz graduada V0.5","precip_sev":1,"temp_sev":2,"clima_score":3,"precip_mm":16.87,"temp_mean":21.01},"geometry":{"type":"Point","coordinates":[-76.71553,3.649217]}},{"type":"Feature","properties":{"id":"ELNINO_0682","id_maestro":"ACUEDUCTO_0221","codigo":"3953","mun":"DAGUA","aro":"Sur Cali","amb":"Rural","tipo":"DISPERSA","prest":"PARCELACION EL ENSUEÑO SEGUNDA ETAPA","loc":"PARCELACION EL ENSUEÑO ETAPA 2 SERES: A , B.","pob":172,"susc":43,"q":0.43,"qesc":0.26,"dem":0.37,"bal":-0.11,"trat":"FD+Desinfección","tienetrat":1,"tfuente":"Superficial","fuente":"QUEBRADA PALACIOS","P_operativa":"SIN CLASIFICAR","P_clima":"P1","precip_idx":41.6,"temp_anom":2.11,"clasif_fuente":"CHIRPS + ERA5-Land · GEE 1–15 ago 2026 vs 1991–2020 · matriz graduada V0.5","precip_sev":1,"temp_sev":2,"clima_score":3,"precip_mm":10.31,"temp_mean":20.59},"geometry":{"type":"Point","coordinates":[-76.60556,3.561944]}},{"type":"Feature","properties":{"id":"ELNINO_0683","id_maestro":"ACUEDUCTO_0222","codigo":"12977","mun":"DAGUA","aro":"Sur Cali","amb":"Rural","tipo":"DISPERSA","prest":"PARCELACION SAN FERNANDO","loc":"PARCELACION SAN FERNANDO","pob":1568,"susc":392,"q":null,"qesc":null,"dem":3.39,"bal":null,"trat":"Solo desinfección","tienetrat":"","tfuente":"Superficial","fuente":"RIO JORDAN","P_operativa":"SIN CLASIFICAR","P_clima":"P1","precip_idx":43.6,"temp_anom":1.96,"clasif_fuente":"CHIRPS + ERA5-Land · GEE 1–15 ago 2026 vs 1991–2020 · matriz graduada V0.5","precip_sev":1,"temp_sev":2,"clima_score":3,"precip_mm":16.88,"temp_mean":21.06},"geometry":{"type":"Point","coordinates":[-76.6908,3.658406]}},{"type":"Feature","properties":{"id":"ELNINO_0689","id_maestro":"ACUEDUCTO_0223","codigo":"47","mun":"DAGUA","aro":"Sur Cali","amb":"Rural","tipo":"CENTRO POBLADO","prest":"SOCIEDAD DE ACUEDUCTOS Y ALCANTARILLADOS DEL VALLE DEL CAUCA S.A. E.S.P. ACUAVALLE S.A. E.S.P. - EL CARMEN","loc":"EL CARMEN,BAHONDO,JUNTAS,LA VIRGINIA,AGUA SUCIA,BORRERO AYERBE,ALTO CARMEN","pob":3452,"susc":863,"q":13.0,"qesc":7.8,"dem":7.46,"bal":0.34,"trat":"Filtración Compacta","tienetrat":1,"tfuente":"Subterránea","fuente":"NACIMIENTO LA BALASTRERA","P_operativa":"SIN CLASIFICAR","P_clima":"P1","precip_idx":42.0,"temp_anom":2.11,"clasif_fuente":"CHIRPS + ERA5-Land · GEE 1–15 ago 2026 vs 1991–2020 · matriz graduada V0.5","precip_sev":1,"temp_sev":2,"clima_score":3,"precip_mm":8.92,"temp_mean":21.24},"geometry":{"type":"Point","coordinates":[-76.57585,3.565292]}},{"type":"Feature","properties":{"id":"ELNINO_0224","id_maestro":"ACUEDUCTO_0224","codigo":"49","mun":"DAGUA","aro":"Sur Cali","amb":"Urbano","tipo":"CABECERA MUNICIPAL","prest":"SOCIEDAD DE ACUEDUCTOS Y ALCANTARILLADOS DEL VALLE DEL CAUCA S.A. E.S.P. ACUAVALLE S.A. E.S.P.- DAGUA","loc":"URBANO, El CARMEN","pob":15300,"susc":3825,"q":45.0,"qesc":27.0,"dem":33.06,"bal":-6.06,"trat":"Convencional","tienetrat":1,"tfuente":"Superficial","fuente":"QUEBRADA EL COGOLLO Y EL PASEO","P_operativa":"SIN CLASIFICAR","P_clima":"P1","precip_idx":43.6,"temp_anom":1.96,"clasif_fuente":"CHIRPS + ERA5-Land · GEE 1–15 ago 2026 vs 1991–2020 · matriz graduada V0.5","precip_sev":1,"temp_sev":2,"clima_score":3,"precip_mm":16.88,"temp_mean":21.06},"geometry":{"type":"Point","coordinates":[-76.68886,3.659139]}},{"type":"Feature","properties":{"id":"ELNINO_0225","id_maestro":"ACUEDUCTO_0225","codigo":"3502","mun":"EL AGUILA","aro":"Norte Cartago","amb":"Rural","tipo":"DISPERSA","prest":"ACUEDUCTO RURAL EL NARANJO -JAC","loc":"EL NARANJO","pob":52,"susc":13,"q":1.5,"qesc":0.9,"dem":0.11,"bal":0.79,"trat":"Ninguno","tienetrat":"","tfuente":"","fuente":"","P_operativa":"SIN CLASIFICAR","P_clima":"P3","precip_idx":32.4,"temp_anom":0.82,"clasif_fuente":"CHIRPS + ERA5-Land · GEE 1–15 ago 2026 vs 1991–2020 · matriz graduada V0.5","precip_sev":1,"temp_sev":0,"clima_score":1,"precip_mm":18.36,"temp_mean":16.28},"geometry":{"type":"Point","coordinates":[-76.03155,4.928961]}},{"type":"Feature","properties":{"id":"ELNINO_0167","id_maestro":"ACUEDUCTO_0226","codigo":"2615","mun":"EL AGUILA","aro":"Norte Cartago","amb":"Rural","tipo":"DISPERSA","prest":"ACUEDUCTO RURAL LA JUDEA 2 -EL BRILLANTE","loc":"EL BRILLANTE","pob":92,"susc":23,"q":2.0,"qesc":1.2,"dem":0.2,"bal":1.0,"trat":"Soluciones_Individuales","tienetrat":1,"tfuente":"","fuente":"","P_operativa":"SIN CLASIFICAR","P_clima":"P3","precip_idx":35.1,"temp_anom":0.64,"clasif_fuente":"CHIRPS + ERA5-Land · GEE 1–15 ago 2026 vs 1991–2020 · matriz graduada V0.5","precip_sev":1,"temp_sev":0,"clima_score":1,"precip_mm":21.78,"temp_mean":16.28},"geometry":{"type":"Point","coordinates":[-76.0642,4.952156]}},{"type":"Feature","properties":{"id":"ELNINO_0227","id_maestro":"ACUEDUCTO_0227","codigo":"2608","mun":"EL AGUILA","aro":"Norte Cartago","amb":"Rural","tipo":"DISPERSA","prest":"ACUEDUCTO RURAL VEREDA LA GUERRA","loc":"LA GUERRA","pob":80,"susc":20,"q":null,"qesc":null,"dem":0.17,"bal":null,"trat":"Ninguno","tienetrat":"","tfuente":"Subterránea","fuente":"EL MATADERO","P_operativa":"SIN CLASIFICAR","P_clima":"P3","precip_idx":32.4,"temp_anom":0.82,"clasif_fuente":"CHIRPS + ERA5-Land · GEE 1–15 ago 2026 vs 1991–2020 · matriz graduada V0.5","precip_sev":1,"temp_sev":0,"clima_score":1,"precip_mm":18.36,"temp_mean":16.28},"geometry":{"type":"Point","coordinates":[-76.02971,4.920264]}},{"type":"Feature","properties":{"id":"ELNINO_0228","id_maestro":"ACUEDUCTO_0228","codigo":"5631","mun":"EL AGUILA","aro":"Norte Cartago","amb":"Rural","tipo":"DISPERSA","prest":"ACUEDUCTO VEREDA EL CORAZON","loc":"EL CORAZON","pob":40,"susc":10,"q":0.7,"qesc":0.42,"dem":0.09,"bal":0.33,"trat":"Ninguno","tienetrat":"","tfuente":"Superficial","fuente":"LA AMERICA","P_operativa":"SIN CLASIFICAR","P_clima":"P2","precip_idx":31.1,"temp_anom":1.08,"clasif_fuente":"CHIRPS + ERA5-Land · GEE 1–15 ago 2026 vs 1991–2020 · matriz graduada V0.5","precip_sev":1,"temp_sev":1,"clima_score":2,"precip_mm":16.63,"temp_mean":19.09},"geometry":{"type":"Point","coordinates":[-76.07258,4.878286]}},{"type":"Feature","properties":{"id":"ELNINO_0229","id_maestro":"ACUEDUCTO_0229","codigo":"904","mun":"EL AGUILA","aro":"Norte Cartago","amb":"Rural","tipo":"DISPERSA","prest":"ASOCIACION DE USUARIOS ACUEDUCTO LA ALBANIA","loc":"LA ALBANIA","pob":132,"susc":33,"q":4.0,"qesc":2.4,"dem":0.29,"bal":2.11,"trat":"Ninguno","tienetrat":"","tfuente":"Superficial","fuente":"QUEBRADA LA SIERRA","P_operativa":"SIN CLASIFICAR","P_clima":"P2","precip_idx":31.1,"temp_anom":1.08,"clasif_fuente":"CHIRPS + ERA5-Land · GEE 1–15 ago 2026 vs 1991–2020 · matriz graduada V0.5","precip_sev":1,"temp_sev":1,"clima_score":2,"precip_mm":16.63,"temp_mean":19.09},"geometry":{"type":"Point","coordinates":[-76.08634,4.858314]}},{"type":"Feature","properties":{"id":"ELNINO_0145","id_maestro":"ACUEDUCTO_0230","codigo":"2616","mun":"EL AGUILA","aro":"Norte Cartago","amb":"Rural","tipo":"DISPERSA","prest":"ASOCIACION DE USUARIOS ACUEDUCTO LA JUDEA","loc":"LA JUDEA","pob":152,"susc":38,"q":3.0,"qesc":1.8,"dem":0.33,"bal":1.47,"trat":"Soluciones_Individuales","tienetrat":1,"tfuente":"Superficial","fuente":"EL DESIERTO","P_operativa":"SIN CLASIFICAR","P_clima":"P3","precip_idx":35.1,"temp_anom":0.64,"clasif_fuente":"CHIRPS + ERA5-Land · GEE 1–15 ago 2026 vs 1991–2020 · matriz graduada V0.5","precip_sev":1,"temp_sev":0,"clima_score":1,"precip_mm":21.78,"temp_mean":16.28},"geometry":{"type":"Point","coordinates":[-76.06062,4.955492]}},{"type":"Feature","properties":{"id":"ELNINO_0231","id_maestro":"ACUEDUCTO_0231","codigo":null,"mun":"EL AGUILA","aro":"Norte Cartago","amb":"Rural","tipo":"DISPERSA","prest":"ASOCIACION DE USUARIOS DE ACUEDUCTO EL PITAL","loc":"EL PITAL","pob":128,"susc":32,"q":2.5,"qesc":1.5,"dem":0.28,"bal":1.22,"trat":"Ninguno","tienetrat":"","tfuente":"Superficial","fuente":"QUEBRADA LA SIERRA","P_operativa":"SIN CLASIFICAR","P_clima":"P2","precip_idx":31.1,"temp_anom":1.08,"clasif_fuente":"CHIRPS + ERA5-Land · GEE 1–15 ago 2026 vs 1991–2020 · matriz graduada V0.5","precip_sev":1,"temp_sev":1,"clima_score":2,"precip_mm":16.63,"temp_mean":19.09},"geometry":{"type":"Point","coordinates":[-76.0684,4.872006]}},{"type":"Feature","properties":{"id":"ELNINO_0232","id_maestro":"ACUEDUCTO_0232","codigo":"3501","mun":"EL AGUILA","aro":"Norte Cartago","amb":"Rural","tipo":"CENTRO POBLADO","prest":"ASOCIACIÓN DE USUARIOS DEL ACUEDUCTO CAÑAVERAL","loc":"CAÑAVERAL","pob":176,"susc":44,"q":5.0,"qesc":3.0,"dem":0.38,"bal":2.62,"trat":"Ninguno","tienetrat":"","tfuente":"Superficial","fuente":"LA SAMARIA","P_operativa":"SIN CLASIFICAR","P_clima":"P3","precip_idx":30.9,"temp_anom":0.71,"clasif_fuente":"CHIRPS + ERA5-Land · GEE 1–15 ago 2026 vs 1991–2020 · matriz graduada V0.5","precip_sev":1,"temp_sev":0,"clima_score":1,"precip_mm":19.15,"temp_mean":16.28},"geometry":{"type":"Point","coordinates":[-76.04294,4.984017]}},{"type":"Feature","properties":{"id":"ELNINO_0233","id_maestro":"ACUEDUCTO_0233","codigo":"2613","mun":"EL AGUILA","aro":"Norte Cartago","amb":"Rural","tipo":"CENTRO POBLADO","prest":"ASOCIACION DE USUARIOS DEL ACUEDUCTO COLECTIVO (COSTA)","loc":"EL COFRE,SAN JOSE,TRAVESIAS, ALTO BONITO","pob":664,"susc":166,"q":26.0,"qesc":15.6,"dem":1.43,"bal":14.17,"trat":"Solo desinfección","tienetrat":"","tfuente":"Superficial","fuente":"CHORRITOS","P_operativa":"SIN CLASIFICAR","P_clima":"P1","precip_idx":39.0,"temp_anom":1.56,"clasif_fuente":"CHIRPS + ERA5-Land · GEE 1–15 ago 2026 vs 1991–2020 · matriz graduada V0.5","precip_sev":1,"temp_sev":2,"clima_score":3,"precip_mm":14.4,"temp_mean":19.52},"geometry":{"type":"Point","coordinates":[-76.14246,4.518231]}},{"type":"Feature","properties":{"id":"ELNINO_0234","id_maestro":"ACUEDUCTO_0234","codigo":"901","mun":"EL AGUILA","aro":"Norte Cartago","amb":"Rural","tipo":"DISPERSA","prest":"ASOCIACION DE USUARIOS DEL ACUEDUCTO DE LA CEDALIA","loc":"LA CEDALIA","pob":120,"susc":30,"q":null,"qesc":null,"dem":0.26,"bal":null,"trat":"Solo desinfección","tienetrat":"","tfuente":"Superficial","fuente":"ROBLE SECO","P_operativa":"SIN CLASIFICAR","P_clima":"P2","precip_idx":31.1,"temp_anom":1.08,"clasif_fuente":"CHIRPS + ERA5-Land · GEE 1–15 ago 2026 vs 1991–2020 · matriz graduada V0.5","precip_sev":1,"temp_sev":1,"clima_score":2,"precip_mm":16.63,"temp_mean":19.09},"geometry":{"type":"Point","coordinates":[-76.09979,4.874994]}},{"type":"Feature","properties":{"id":"ELNINO_0235","id_maestro":"ACUEDUCTO_0235","codigo":"3683","mun":"EL AGUILA","aro":"Norte Cartago","amb":"Rural","tipo":"DISPERSA","prest":"ASOCIACION DE USUARIOS DEL ACUEDUCTO DE LA LIBERTAD CATARINA","loc":"LA LIBERTAD","pob":216,"susc":54,"q":null,"qesc":null,"dem":0.47,"bal":null,"trat":"Solo desinfección","tienetrat":"","tfuente":"Superficial","fuente":"QUEBRADA GRANDE","P_operativa":"SIN CLASIFICAR","P_clima":"P2","precip_idx":29.6,"temp_anom":0.82,"clasif_fuente":"CHIRPS + ERA5-Land · GEE 1–15 ago 2026 vs 1991–2020 · matriz graduada V0.5","precip_sev":2,"temp_sev":0,"clima_score":2,"precip_mm":16.36,"temp_mean":19.09},"geometry":{"type":"Point","coordinates":[-76.02068,4.854022]}},{"type":"Feature","properties":{"id":"ELNINO_0236","id_maestro":"ACUEDUCTO_0236","codigo":"915","mun":"EL AGUILA","aro":"Norte Cartago","amb":"Rural","tipo":"CENTRO POBLADO","prest":"ASOCIACION DE USUARIOS DEL ACUEDUCTO RURAL COMUNITARIO DEL CORREGIMIENTO LA MARIA","loc":"LA MARIA","pob":644,"susc":161,"q":8.0,"qesc":4.8,"dem":1.39,"bal":3.41,"trat":"FIME","tienetrat":1,"tfuente":"Superficial","fuente":"EL PARAÍSO","P_operativa":"SIN CLASIFICAR","P_clima":"P2","precip_idx":31.1,"temp_anom":1.08,"clasif_fuente":"CHIRPS + ERA5-Land · GEE 1–15 ago 2026 vs 1991–2020 · matriz graduada V0.5","precip_sev":1,"temp_sev":1,"clima_score":2,"precip_mm":16.63,"temp_mean":19.09},"geometry":{"type":"Point","coordinates":[-76.08116,4.869781]}},{"type":"Feature","properties":{"id":"ELNINO_0237","id_maestro":"ACUEDUCTO_0237","codigo":"919","mun":"EL AGUILA","aro":"Norte Cartago","amb":"Rural","tipo":"CENTRO POBLADO","prest":"ASOCIACION DE USUARIOS DEL ACUEDUCTO RURAL COMUNITARIO DEL CORREGIMIENTO QUIEBRA DE SAN PABLO (ASOPARAISORURAL)","loc":"LA QUIEBRA SAN PABLO","pob":240,"susc":60,"q":null,"qesc":null,"dem":0.52,"bal":null,"trat":"Solo desinfección","tienetrat":"","tfuente":"Superficial","fuente":"EL PARAISO","P_operativa":"SIN CLASIFICAR","P_clima":"P2","precip_idx":31.1,"temp_anom":1.08,"clasif_fuente":"CHIRPS + ERA5-Land · GEE 1–15 ago 2026 vs 1991–2020 · matriz graduada V0.5","precip_sev":1,"temp_sev":1,"clima_score":2,"precip_mm":16.63,"temp_mean":19.09},"geometry":{"type":"Point","coordinates":[-76.06031,4.860267]}},{"type":"Feature","properties":{"id":"ELNINO_0238","id_maestro":"ACUEDUCTO_0238","codigo":"3500","mun":"EL AGUILA","aro":"Norte Cartago","amb":"Rural","tipo":"CENTRO POBLADO","prest":"ASOCIACION DE USUARIOS DEL ACUEDUCTO SANTA RITA - VILLANUEVA","loc":"CORREGIMIENO VILLANUEVA","pob":1136,"susc":284,"q":null,"qesc":null,"dem":2.45,"bal":null,"trat":"Solo desinfección","tienetrat":"","tfuente":"Superficial","fuente":"SANTA RITA","P_operativa":"SIN CLASIFICAR","P_clima":"P3","precip_idx":30.9,"temp_anom":0.71,"clasif_fuente":"CHIRPS + ERA5-Land · GEE 1–15 ago 2026 vs 1991–2020 · matriz graduada V0.5","precip_sev":1,"temp_sev":0,"clima_score":1,"precip_mm":19.15,"temp_mean":16.28},"geometry":{"type":"Point","coordinates":[-76.03749,4.969869]}},{"type":"Feature","properties":{"id":"ELNINO_0239","id_maestro":"ACUEDUCTO_0239","codigo":"3497","mun":"EL AGUILA","aro":"Norte Cartago","amb":"Rural","tipo":"DISPERSA","prest":"ASOCIACION MUNICIPAL DE ACUEDUCTOS RURALES AGUA Y VIDA - LA LINEA","loc":"LA LINEA","pob":124,"susc":31,"q":12.0,"qesc":7.2,"dem":0.27,"bal":6.93,"trat":"Filtración Compacta","tienetrat":1,"tfuente":"Superficial","fuente":"LA GOLCONDA","P_operativa":"SIN CLASIFICAR","P_clima":"P2","precip_idx":31.1,"temp_anom":1.08,"clasif_fuente":"CHIRPS + ERA5-Land · GEE 1–15 ago 2026 vs 1991–2020 · matriz graduada V0.5","precip_sev":1,"temp_sev":1,"clima_score":2,"precip_mm":16.63,"temp_mean":19.09},"geometry":{"type":"Point","coordinates":[-76.06308,4.887383]}},{"type":"Feature","properties":{"id":"ELNINO_0240","id_maestro":"ACUEDUCTO_0240","codigo":"3498","mun":"EL AGUILA","aro":"Norte Cartago","amb":"Rural","tipo":"DISPERSA","prest":"EMPRESA COMUNAL SOLIDARIA SANTA CLARA DE LOS ACUEDUCTOS 1 Y 2 - LLANO GRANDE # 1","loc":"SAN LUIS LLANO GRANDE","pob":100,"susc":25,"q":null,"qesc":null,"dem":0.22,"bal":null,"trat":"Filtración Compacta","tienetrat":1,"tfuente":"Superficial","fuente":"AGUA CLARA","P_operativa":"SIN CLASIFICAR","P_clima":"P2","precip_idx":38.8,"temp_anom":1.08,"clasif_fuente":"CHIRPS + ERA5-Land · GEE 1–15 ago 2026 vs 1991–2020 · matriz graduada V0.5","precip_sev":1,"temp_sev":1,"clima_score":2,"precip_mm":21.87,"temp_mean":16.28},"geometry":{"type":"Point","coordinates":[-76.05583,4.906111]}},{"type":"Feature","properties":{"id":"ELNINO_0242","id_maestro":"ACUEDUCTO_0242","codigo":"8179","mun":"EL AGUILA","aro":"Norte Cartago","amb":"Rural","tipo":"DISPERSA","prest":"JUNTA ADMINISTRADORA ACUEDUCTO EL EMBAL","loc":"EL EMBAL","pob":132,"susc":33,"q":2.5,"qesc":1.5,"dem":0.29,"bal":1.21,"trat":"Ninguno","tienetrat":"","tfuente":"","fuente":"","P_operativa":"SIN CLASIFICAR","P_clima":"P2","precip_idx":40.3,"temp_anom":1.08,"clasif_fuente":"CHIRPS + ERA5-Land · GEE 1–15 ago 2026 vs 1991–2020 · matriz graduada V0.5","precip_sev":1,"temp_sev":1,"clima_score":2,"precip_mm":23.19,"temp_mean":19.56},"geometry":{"type":"Point","coordinates":[-76.11458,4.860767]}},{"type":"Feature","properties":{"id":"ELNINO_0243","id_maestro":"ACUEDUCTO_0243","codigo":null,"mun":"EL AGUILA","aro":"Norte Cartago","amb":"Rural","tipo":"DISPERSA","prest":"JUNTA ADMINISTRADORA ACUEDUCTO LA ESTRELLA","loc":"LA ESTRELLA","pob":100,"susc":25,"q":0.25,"qesc":0.15,"dem":0.22,"bal":-0.07,"trat":"Ninguno","tienetrat":"","tfuente":"","fuente":"","P_operativa":"SIN CLASIFICAR","P_clima":"P2","precip_idx":38.8,"temp_anom":1.08,"clasif_fuente":"CHIRPS + ERA5-Land · GEE 1–15 ago 2026 vs 1991–2020 · matriz graduada V0.5","precip_sev":1,"temp_sev":1,"clima_score":2,"precip_mm":21.87,"temp_mean":16.28},"geometry":{"type":"Point","coordinates":[-76.06234,4.938417]}},{"type":"Feature","properties":{"id":"ELNINO_0244","id_maestro":"ACUEDUCTO_0244","codigo":"6843","mun":"EL AGUILA","aro":"Norte Cartago","amb":"Rural","tipo":"CENTRO POBLADO","prest":"JUNTA ADMINISTRADORA DEL ACUEDUCTO ESPARTA","loc":"LA ESPARTA","pob":100,"susc":25,"q":null,"qesc":null,"dem":0.22,"bal":null,"trat":"Filtración Compacta","tienetrat":1,"tfuente":"Superficial","fuente":"VERACRUZ","P_operativa":"SIN CLASIFICAR","P_clima":"P3","precip_idx":37.7,"temp_anom":0.82,"clasif_fuente":"CHIRPS + ERA5-Land · GEE 1–15 ago 2026 vs 1991–2020 · matriz graduada V0.5","precip_sev":1,"temp_sev":0,"clima_score":1,"precip_mm":21.6,"temp_mean":18.72},"geometry":{"type":"Point","coordinates":[-75.98893,4.912053]}},{"type":"Feature","properties":{"id":"ELNINO_0245","id_maestro":"ACUEDUCTO_0245","codigo":"21217","mun":"EL AGUILA","aro":"Norte Cartago","amb":"Rural","tipo":"DISPERSA","prest":"JUNTA ADMON SANTA ELENA BAJO","loc":"SANTA ELENA BAJO","pob":48,"susc":12,"q":2.0,"qesc":1.2,"dem":0.1,"bal":1.1,"trat":"Ninguno","tienetrat":"","tfuente":"Superficial","fuente":"SANTA ELENA","P_operativa":"SIN CLASIFICAR","P_clima":"P2","precip_idx":38.8,"temp_anom":1.08,"clasif_fuente":"CHIRPS + ERA5-Land · GEE 1–15 ago 2026 vs 1991–2020 · matriz graduada V0.5","precip_sev":1,"temp_sev":1,"clima_score":2,"precip_mm":21.87,"temp_mean":16.28},"geometry":{"type":"Point","coordinates":[-76.05778,4.926389]}},{"type":"Feature","properties":{"id":"ELNINO_0247","id_maestro":"ACUEDUCTO_0247","codigo":"3499","mun":"EL AGUILA","aro":"Norte Cartago","amb":"Rural","tipo":"DISPERSA","prest":"JUNTA DE ACCION COMUNAL LLANO GRANDE ACUEDUCTO SANTA CLARA 2","loc":"SANTA CLARA","pob":72,"susc":18,"q":3.0,"qesc":1.8,"dem":0.16,"bal":1.64,"trat":"Ninguno","tienetrat":"","tfuente":"Superficial","fuente":"QUEBRADA SANTA ELENA","P_operativa":"SIN CLASIFICAR","P_clima":"P2","precip_idx":38.8,"temp_anom":1.08,"clasif_fuente":"CHIRPS + ERA5-Land · GEE 1–15 ago 2026 vs 1991–2020 · matriz graduada V0.5","precip_sev":1,"temp_sev":1,"clima_score":2,"precip_mm":21.87,"temp_mean":16.28},"geometry":{"type":"Point","coordinates":[-76.06359,4.915608]}},{"type":"Feature","properties":{"id":"ELNINO_0248","id_maestro":"ACUEDUCTO_0248","codigo":"66","mun":"EL AGUILA","aro":"Norte Cartago","amb":"Urbano","tipo":"CABECERA MUNICIPAL","prest":"SOCIEDAD DE ACUEDUCTOS Y ALCANTARILLADOS DEL VALLE DEL CAUCA S.A. E.S.P. ACUAVALLE S.A. E.S.P.-EL ÁGUILA","loc":"URBANO, EL CAJON, GUACAS, LA PAZ","pob":3192,"susc":798,"q":20.0,"qesc":12.0,"dem":6.9,"bal":5.1,"trat":"Convencional","tienetrat":1,"tfuente":"Superficial","fuente":"LA FLORIDA, GRANDE O GOLCONDA","P_operativa":"SIN CLASIFICAR","P_clima":"P3","precip_idx":32.4,"temp_anom":0.82,"clasif_fuente":"CHIRPS + ERA5-Land · GEE 1–15 ago 2026 vs 1991–2020 · matriz graduada V0.5","precip_sev":1,"temp_sev":0,"clima_score":1,"precip_mm":18.36,"temp_mean":16.28},"geometry":{"type":"Point","coordinates":[-76.04084,4.911111]}},{"type":"Feature","properties":{"id":"ELNINO_0249","id_maestro":"ACUEDUCTO_0249","codigo":"3568","mun":"EL CAIRO","aro":"Norte Cartago","amb":"Rural","tipo":"DISPERSA","prest":"ACUEDUCTO RURAL EL DIAMANTE","loc":"EL DIAMANTE","pob":16,"susc":4,"q":3.0,"qesc":1.8,"dem":0.03,"bal":1.77,"trat":"Ninguno","tienetrat":"","tfuente":"Superficial","fuente":"EL DIAMANTE","P_operativa":"SIN CLASIFICAR","P_clima":"P2","precip_idx":36.8,"temp_anom":1.15,"clasif_fuente":"CHIRPS + ERA5-Land · GEE 1–15 ago 2026 vs 1991–2020 · matriz graduada V0.5","precip_sev":1,"temp_sev":1,"clima_score":2,"precip_mm":22.29,"temp_mean":19.07},"geometry":{"type":"Point","coordinates":[-76.15564,4.795122]}},{"type":"Feature","properties":{"id":"ELNINO_0250","id_maestro":"ACUEDUCTO_0250","codigo":"9343","mun":"EL CAIRO","aro":"Norte Cartago","amb":"Rural","tipo":"DISPERSA","prest":"ACUEDUCTO RURAL LA CARBONERA","loc":"LA CARBONERA","pob":28,"susc":7,"q":null,"qesc":null,"dem":0.06,"bal":null,"trat":"Filtración Compacta","tienetrat":1,"tfuente":"Superficial","fuente":"EL CLAVELITO","P_operativa":"SIN CLASIFICAR","P_clima":"P2","precip_idx":36.8,"temp_anom":1.15,"clasif_fuente":"CHIRPS + ERA5-Land · GEE 1–15 ago 2026 vs 1991–2020 · matriz graduada V0.5","precip_sev":1,"temp_sev":1,"clima_score":2,"precip_mm":22.29,"temp_mean":19.07},"geometry":{"type":"Point","coordinates":[-76.15863,4.775011]}},{"type":"Feature","properties":{"id":"ELNINO_0251","id_maestro":"ACUEDUCTO_0251","codigo":"2208","mun":"EL CAIRO","aro":"Norte Cartago","amb":"Rural","tipo":"DISPERSA","prest":"ACUEDUCTO VEREDAL ALTO BONITO","loc":"ALTO BONITO","pob":92,"susc":23,"q":2.0,"qesc":1.2,"dem":0.2,"bal":1.0,"trat":"Solo desinfección","tienetrat":"","tfuente":"Validar - Aguas marinas","fuente":"QUEBRADA EL AGUACATAL","P_operativa":"SIN CLASIFICAR","P_clima":"P2","precip_idx":41.8,"temp_anom":1.15,"clasif_fuente":"CHIRPS + ERA5-Land · GEE 1–15 ago 2026 vs 1991–2020 · matriz graduada V0.5","precip_sev":1,"temp_sev":1,"clima_score":2,"precip_mm":26.75,"temp_mean":19.56},"geometry":{"type":"Point","coordinates":[-76.18031,4.804681]}},{"type":"Feature","properties":{"id":"ELNINO_0252","id_maestro":"ACUEDUCTO_0252","codigo":"2199","mun":"EL CAIRO","aro":"Norte Cartago","amb":"Rural","tipo":"DISPERSA","prest":"ASOCIACION COMUNITARIA ADMINISTRADORA DEL ACUEDUCTO DE LA VEREDA DE LLANOGRANDE","loc":"LLANO GRANDE","pob":224,"susc":56,"q":5.0,"qesc":3.0,"dem":0.48,"bal":2.52,"trat":"Filtración Compacta","tienetrat":1,"tfuente":"Subterránea","fuente":"EL JORDAN","P_operativa":"SIN CLASIFICAR","P_clima":"P2","precip_idx":49.0,"temp_anom":1.29,"clasif_fuente":"CHIRPS + ERA5-Land · GEE 1–15 ago 2026 vs 1991–2020 · matriz graduada V0.5","precip_sev":1,"temp_sev":1,"clima_score":2,"precip_mm":26.85,"temp_mean":20.23},"geometry":{"type":"Point","coordinates":[-76.21744,4.749567]}},{"type":"Feature","properties":{"id":"ELNINO_0159","id_maestro":"ACUEDUCTO_0253","codigo":"978","mun":"EL CAIRO","aro":"Norte Cartago","amb":"Rural","tipo":"DISPERSA","prest":"ASOCIACION DE USUARIOS ACUEDUCTO RURAL COMUNITARIO VEREDAS LA MIRANDA Y LA GUARDIA NIT 900514623-1","loc":"LA MIRANDA Y LA GUARDIA","pob":96,"susc":24,"q":2.0,"qesc":1.2,"dem":0.21,"bal":0.99,"trat":"Soluciones_Individuales","tienetrat":1,"tfuente":"Superficial","fuente":"QUEBRADA EL PAJAI","P_operativa":"SIN CLASIFICAR","P_clima":"P2","precip_idx":38.7,"temp_anom":1.29,"clasif_fuente":"CHIRPS + ERA5-Land · GEE 1–15 ago 2026 vs 1991–2020 · matriz graduada V0.5","precip_sev":1,"temp_sev":1,"clima_score":2,"precip_mm":22.11,"temp_mean":19.07},"geometry":{"type":"Point","coordinates":[-76.19451,4.718703]}},{"type":"Feature","properties":{"id":"ELNINO_0254","id_maestro":"ACUEDUCTO_0254","codigo":"2203","mun":"EL CAIRO","aro":"Norte Cartago","amb":"Rural","tipo":"DISPERSA","prest":"ASOCIACION DE USUARIOS ACUEDUCTO SALMELIA","loc":"SALMELIA","pob":100,"susc":25,"q":null,"qesc":null,"dem":0.22,"bal":null,"trat":"Filtración Compacta","tienetrat":1,"tfuente":"Superficial","fuente":"LA SALMELIA, AGUAS LINDAS","P_operativa":"SIN CLASIFICAR","P_clima":"P2","precip_idx":38.7,"temp_anom":1.29,"clasif_fuente":"CHIRPS + ERA5-Land · GEE 1–15 ago 2026 vs 1991–2020 · matriz graduada V0.5","precip_sev":1,"temp_sev":1,"clima_score":2,"precip_mm":22.11,"temp_mean":19.07},"geometry":{"type":"Point","coordinates":[-76.17342,4.738394]}},{"type":"Feature","properties":{"id":"ELNINO_0255","id_maestro":"ACUEDUCTO_0255","codigo":"2215","mun":"EL CAIRO","aro":"Norte Cartago","amb":"Rural","tipo":"CENTRO POBLADO","prest":"ASOCIACION DE USUARIOS DEL ACUEDUCTO RURAL COMUNITARIO DEL CORREGIMIENTO ALBAN","loc":"ALBAN","pob":112,"susc":28,"q":4.22,"qesc":2.53,"dem":0.24,"bal":2.29,"trat":"FIME","tienetrat":1,"tfuente":"","fuente":"","P_operativa":"SIN CLASIFICAR","P_clima":"P2","precip_idx":36.8,"temp_anom":1.15,"clasif_fuente":"CHIRPS + ERA5-Land · GEE 1–15 ago 2026 vs 1991–2020 · matriz graduada V0.5","precip_sev":1,"temp_sev":1,"clima_score":2,"precip_mm":22.29,"temp_mean":19.07},"geometry":{"type":"Point","coordinates":[-76.17213,4.782008]}},{"type":"Feature","properties":{"id":"ELNINO_0256","id_maestro":"ACUEDUCTO_0256","codigo":"3570","mun":"EL CAIRO","aro":"Norte Cartago","amb":"Rural","tipo":"DISPERSA","prest":"ASOCIACION DE USUARIOS DEL ACUEDUCTO RURAL COMUNITARIO DEL CORREGIMIENTO ALBAN ACUEDUCTO SAN JOSE # 2","loc":"SAN JOSE","pob":56,"susc":14,"q":0.02,"qesc":0.01,"dem":0.12,"bal":-0.11,"trat":"Filtración Compacta","tienetrat":1,"tfuente":"Superficial","fuente":"QUEBRADA MOJA HUEVOS","P_operativa":"SIN CLASIFICAR","P_clima":"P2","precip_idx":44.9,"temp_anom":1.1,"clasif_fuente":"CHIRPS + ERA5-Land · GEE 1–15 ago 2026 vs 1991–2020 · matriz graduada V0.5","precip_sev":1,"temp_sev":1,"clima_score":2,"precip_mm":27.83,"temp_mean":20.23},"geometry":{"type":"Point","coordinates":[-76.25615,4.736472]}},{"type":"Feature","properties":{"id":"ELNINO_0257","id_maestro":"ACUEDUCTO_0257","codigo":"3572","mun":"EL CAIRO","aro":"Norte Cartago","amb":"Rural","tipo":"DISPERSA","prest":"ASOCIACIÓN DE USUARIOS DEL ACUEDUCTO RURAL VEREDA SAN JOSE #1","loc":"SAN JOSE # 1","pob":112,"susc":28,"q":2.4,"qesc":1.44,"dem":0.24,"bal":1.2,"trat":"Soluciones_Individuales","tienetrat":1,"tfuente":"Superficial","fuente":"LA FLORESTA, EL PAUJIL, LOS CHORROS","P_operativa":"SIN CLASIFICAR","P_clima":"P2","precip_idx":36.8,"temp_anom":1.15,"clasif_fuente":"CHIRPS + ERA5-Land · GEE 1–15 ago 2026 vs 1991–2020 · matriz graduada V0.5","precip_sev":1,"temp_sev":1,"clima_score":2,"precip_mm":22.29,"temp_mean":19.07},"geometry":{"type":"Point","coordinates":[-76.17213,4.782008]}},{"type":"Feature","properties":{"id":"ELNINO_0258","id_maestro":"ACUEDUCTO_0258","codigo":"3569","mun":"EL CAIRO","aro":"Norte Cartago","amb":"Rural","tipo":"DISPERSA","prest":"ASOCIACION DE USUARIOS DEL ARC LA ESTRELLA LUNA PARK","loc":"LUNAPARK,LA CANCANA,EL PIÑUELO,LA ESTRELLA,LAS MARGARITAS","pob":320,"susc":80,"q":null,"qesc":null,"dem":0.69,"bal":null,"trat":"Filtración Compacta","tienetrat":1,"tfuente":"Superficial","fuente":"LOS CHORROS","P_operativa":"SIN CLASIFICAR","P_clima":"P2","precip_idx":36.8,"temp_anom":1.15,"clasif_fuente":"CHIRPS + ERA5-Land · GEE 1–15 ago 2026 vs 1991–2020 · matriz graduada V0.5","precip_sev":1,"temp_sev":1,"clima_score":2,"precip_mm":22.29,"temp_mean":19.07},"geometry":{"type":"Point","coordinates":[-76.19888,4.776333]}},{"type":"Feature","properties":{"id":"ELNINO_0078","id_maestro":"ACUEDUCTO_0259","codigo":"961","mun":"EL CAIRO","aro":"Norte Cartago","amb":"Rural","tipo":"DISPERSA","prest":"JUNTA ACUEDUCTIO RURAL LA GUARDIA","loc":"LA GUARDIA","pob":40,"susc":10,"q":null,"qesc":null,"dem":0.09,"bal":null,"trat":"Soluciones_Individuales","tienetrat":1,"tfuente":"Superficial","fuente":"LA GUARDIA","P_operativa":"SIN CLASIFICAR","P_clima":"P2","precip_idx":38.7,"temp_anom":1.29,"clasif_fuente":"CHIRPS + ERA5-Land · GEE 1–15 ago 2026 vs 1991–2020 · matriz graduada V0.5","precip_sev":1,"temp_sev":1,"clima_score":2,"precip_mm":22.11,"temp_mean":19.07},"geometry":{"type":"Point","coordinates":[-76.19399,4.710411]}},{"type":"Feature","properties":{"id":"ELNINO_0260","id_maestro":"ACUEDUCTO_0260","codigo":"996","mun":"EL CAIRO","aro":"Norte Cartago","amb":"Rural","tipo":"DISPERSA","prest":"JUNTA ADMINISTRADORA ACUEDUCTO CAMELLONES ALTO","loc":"CAMELLONES PARTE ALTA (2)","pob":24,"susc":6,"q":3.5,"qesc":2.1,"dem":0.05,"bal":2.05,"trat":"Filtración Compacta","tienetrat":1,"tfuente":"","fuente":"","P_operativa":"SIN CLASIFICAR","P_clima":"P2","precip_idx":38.7,"temp_anom":1.29,"clasif_fuente":"CHIRPS + ERA5-Land · GEE 1–15 ago 2026 vs 1991–2020 · matriz graduada V0.5","precip_sev":1,"temp_sev":1,"clima_score":2,"precip_mm":22.11,"temp_mean":19.07},"geometry":{"type":"Point","coordinates":[-76.19875,4.729806]}},{"type":"Feature","properties":{"id":"ELNINO_0261","id_maestro":"ACUEDUCTO_0261","codigo":"1000","mun":"EL CAIRO","aro":"Norte Cartago","amb":"Rural","tipo":"DISPERSA","prest":"JUNTA ADMINISTRADORA ACUEDUCTO CAMELLONES BAJO","loc":"CAMELLONES PARTE BAJA","pob":40,"susc":10,"q":35.0,"qesc":21.0,"dem":0.09,"bal":20.91,"trat":"Solo desinfección","tienetrat":"","tfuente":"","fuente":"","P_operativa":"SIN CLASIFICAR","P_clima":"P2","precip_idx":49.0,"temp_anom":1.29,"clasif_fuente":"CHIRPS + ERA5-Land · GEE 1–15 ago 2026 vs 1991–2020 · matriz graduada V0.5","precip_sev":1,"temp_sev":1,"clima_score":2,"precip_mm":26.85,"temp_mean":20.23},"geometry":{"type":"Point","coordinates":[-76.20714,4.725494]}},{"type":"Feature","properties":{"id":"ELNINO_0262","id_maestro":"ACUEDUCTO_0262","codigo":"SD","mun":"EL CAIRO","aro":"Norte Cartago","amb":"Rural","tipo":"DISPERSA","prest":"JUNTA ADMINISTRADORA DEL ACUEDUCTO DE BELLAVISTA","loc":"BELLAVISTA","pob":120,"susc":30,"q":3.0,"qesc":1.8,"dem":0.26,"bal":1.54,"trat":"Ninguno","tienetrat":"","tfuente":"","fuente":"","P_operativa":"SIN CLASIFICAR","P_clima":"P3","precip_idx":50.3,"temp_anom":1.29,"clasif_fuente":"CHIRPS + ERA5-Land · GEE 1–15 ago 2026 vs 1991–2020 · matriz graduada V0.5","precip_sev":0,"temp_sev":1,"clima_score":1,"precip_mm":24.51,"temp_mean":19.8},"geometry":{"type":"Point","coordinates":[-76.24563,4.696494]}},{"type":"Feature","properties":{"id":"ELNINO_0263","id_maestro":"ACUEDUCTO_0263","codigo":"2214","mun":"EL CAIRO","aro":"Norte Cartago","amb":"Rural","tipo":"DISPERSA","prest":"JUNTA ADMINISTRADORA DEL ACUEDUCTO EL PACIFICO","loc":"EL PACIFICO","pob":72,"susc":18,"q":2.4,"qesc":1.44,"dem":0.16,"bal":1.28,"trat":"Solo desinfección","tienetrat":"","tfuente":"Validar - Aguas marinas","fuente":"QUEBRADA FARALLONES","P_operativa":"SIN CLASIFICAR","P_clima":"P2","precip_idx":41.8,"temp_anom":1.15,"clasif_fuente":"CHIRPS + ERA5-Land · GEE 1–15 ago 2026 vs 1991–2020 · matriz graduada V0.5","precip_sev":1,"temp_sev":1,"clima_score":2,"precip_mm":26.75,"temp_mean":19.56},"geometry":{"type":"Point","coordinates":[-76.16945,4.812511]}},{"type":"Feature","properties":{"id":"ELNINO_0264","id_maestro":"ACUEDUCTO_0264","codigo":"1010","mun":"EL CAIRO","aro":"Norte Cartago","amb":"Rural","tipo":"DISPERSA","prest":"JUNTA ADMON ACUEDUCTO LA PALMERA","loc":"LA PALMERA","pob":80,"susc":20,"q":1.5,"qesc":0.9,"dem":0.17,"bal":0.73,"trat":"Filtración Compacta","tienetrat":1,"tfuente":"Superficial","fuente":"CORDONCILLA O EL BOSQUE","P_operativa":"SIN CLASIFICAR","P_clima":"P2","precip_idx":49.0,"temp_anom":1.29,"clasif_fuente":"CHIRPS + ERA5-Land · GEE 1–15 ago 2026 vs 1991–2020 · matriz graduada V0.5","precip_sev":1,"temp_sev":1,"clima_score":2,"precip_mm":26.85,"temp_mean":20.23},"geometry":{"type":"Point","coordinates":[-76.22921,4.731694]}},{"type":"Feature","properties":{"id":"ELNINO_0265","id_maestro":"ACUEDUCTO_0265","codigo":"3575","mun":"EL CAIRO","aro":"Norte Cartago","amb":"Rural","tipo":"DISPERSA","prest":"JUNTA ADMON LOCAL VEREDA NAPOLES","loc":"NAPOLES","pob":52,"susc":13,"q":0.13,"qesc":0.08,"dem":0.11,"bal":-0.03,"trat":"Ninguno","tienetrat":"","tfuente":"Superficial","fuente":"QUEBRADA SAN RAFAEL","P_operativa":"SIN CLASIFICAR","P_clima":"P2","precip_idx":44.5,"temp_anom":1.15,"clasif_fuente":"CHIRPS + ERA5-Land · GEE 1–15 ago 2026 vs 1991–2020 · matriz graduada V0.5","precip_sev":1,"temp_sev":1,"clima_score":2,"precip_mm":26.06,"temp_mean":20.23},"geometry":{"type":"Point","coordinates":[-76.24503,4.759461]}},{"type":"Feature","properties":{"id":"ELNINO_0266","id_maestro":"ACUEDUCTO_0266","codigo":"65","mun":"EL CAIRO","aro":"Norte Cartago","amb":"Urbano","tipo":"CABECERA MUNICIPAL","prest":"SOCIEDAD DE ACUEDUCTOS Y ALCANTARILLADOS DEL VALLE DEL CAUCA S.A. E.S.P. ACUAVALLE S.A. E.S.P. - EL CAIRO","loc":"URBANO","pob":3384,"susc":846,"q":35.0,"qesc":21.0,"dem":7.31,"bal":13.69,"trat":"Convencional","tienetrat":1,"tfuente":"Superficial","fuente":"EL JORDAN","P_operativa":"SIN CLASIFICAR","P_clima":"P2","precip_idx":44.5,"temp_anom":1.15,"clasif_fuente":"CHIRPS + ERA5-Land · GEE 1–15 ago 2026 vs 1991–2020 · matriz graduada V0.5","precip_sev":1,"temp_sev":1,"clima_score":2,"precip_mm":26.06,"temp_mean":20.23},"geometry":{"type":"Point","coordinates":[-76.22367,4.756722]}},{"type":"Feature","properties":{"id":"ELNINO_0268","id_maestro":"ACUEDUCTO_0268","codigo":"1395","mun":"EL CERRITO","aro":"Sur Cali","amb":"Rural","tipo":"DISPERSA","prest":"ACUASALUD AUJI","loc":"AUJI","pob":360,"susc":90,"q":4.0,"qesc":2.4,"dem":0.78,"bal":1.62,"trat":"Solo desinfección","tienetrat":"","tfuente":"Superficial","fuente":"QUEBRADA LA HONDA","P_operativa":"SIN CLASIFICAR","P_clima":"P3","precip_idx":42.8,"temp_anom":0.71,"clasif_fuente":"CHIRPS + ERA5-Land · GEE 1–15 ago 2026 vs 1991–2020 · matriz graduada V0.5","precip_sev":1,"temp_sev":0,"clima_score":1,"precip_mm":7.43,"temp_mean":18.72},"geometry":{"type":"Point","coordinates":[-76.10819,3.620778]}},{"type":"Feature","properties":{"id":"ELNINO_0269","id_maestro":"ACUEDUCTO_0269","codigo":"356","mun":"EL CERRITO","aro":"Sur Cali","amb":"Rural","tipo":"DISPERSA","prest":"ACUEDUCTO EL MORAL","loc":"EL MORAL","pob":472,"susc":118,"q":5.0,"qesc":3.0,"dem":1.02,"bal":1.98,"trat":"Planta Modular","tienetrat":1,"tfuente":"Superficial","fuente":"QUEBRADA LA CASCADA","P_operativa":"SIN CLASIFICAR","P_clima":"P3","precip_idx":40.9,"temp_anom":0.72,"clasif_fuente":"CHIRPS + ERA5-Land · GEE 1–15 ago 2026 vs 1991–2020 · matriz graduada V0.5","precip_sev":1,"temp_sev":0,"clima_score":1,"precip_mm":7.47,"temp_mean":14.07},"geometry":{"type":"Point","coordinates":[-76.07344,3.692861]}},{"type":"Feature","properties":{"id":"ELNINO_0270","id_maestro":"ACUEDUCTO_0270","codigo":"40","mun":"EL CERRITO","aro":"Sur Cali","amb":"Rural","tipo":"CENTRO POBLADO","prest":"ASOCIACION COMUNITARIA DE USUARIOS DE SERVICIOS PUBLICOS DOMICILIARIOS EL PLACER, AUSERPUB ESP","loc":"EL PLACER","pob":13492,"susc":3373,"q":55.0,"qesc":33.0,"dem":29.15,"bal":3.85,"trat":"Convencional","tienetrat":1,"tfuente":"","fuente":"","P_operativa":"SIN CLASIFICAR","P_clima":"P1","precip_idx":26.8,"temp_anom":1.97,"clasif_fuente":"CHIRPS + ERA5-Land · GEE 1–15 ago 2026 vs 1991–2020 · matriz graduada V0.5","precip_sev":2,"temp_sev":2,"clima_score":4,"precip_mm":4.48,"temp_mean":21.19},"geometry":{"type":"Point","coordinates":[-76.26542,3.612889]}},{"type":"Feature","properties":{"id":"ELNINO_0271","id_maestro":"ACUEDUCTO_0271","codigo":"1387","mun":"EL CERRITO","aro":"Sur Cali","amb":"Rural","tipo":"CENTRO POBLADO","prest":"ASOCIACION DE RECURSOS HIDRICOS NATURALES Y ACUEDUCTO DE EL CASTILLO - RINAUCA","loc":"EL CASTILLO","pob":568,"susc":142,"q":5.0,"qesc":3.0,"dem":1.23,"bal":1.77,"trat":"Filtración Compacta","tienetrat":1,"tfuente":"","fuente":"","P_operativa":"SIN CLASIFICAR","P_clima":"P2","precip_idx":41.0,"temp_anom":1.15,"clasif_fuente":"CHIRPS + ERA5-Land · GEE 1–15 ago 2026 vs 1991–2020 · matriz graduada V0.5","precip_sev":1,"temp_sev":1,"clima_score":2,"precip_mm":6.75,"temp_mean":18.72},"geometry":{"type":"Point","coordinates":[-76.19261,3.665556]}},{"type":"Feature","properties":{"id":"ELNINO_0272","id_maestro":"ACUEDUCTO_0272","codigo":"1390","mun":"EL CERRITO","aro":"Sur Cali","amb":"Rural","tipo":"CENTRO POBLADO","prest":"ASOCIACION DE USUARIOS DEL SERVICIO DE AGUA POTABLE DEL CASTILLO, CERRITO. ASOSEAGUAS - RECAHON.","loc":"EL CASTILLO,LA HONDA,LA REINA","pob":960,"susc":240,"q":5.0,"qesc":3.0,"dem":2.07,"bal":0.93,"trat":"Filtración Compacta","tienetrat":1,"tfuente":"Superficial","fuente":"QUEBRADA EL LORO","P_operativa":"SIN CLASIFICAR","P_clima":"P2","precip_idx":41.0,"temp_anom":1.15,"clasif_fuente":"CHIRPS + ERA5-Land · GEE 1–15 ago 2026 vs 1991–2020 · matriz graduada V0.5","precip_sev":1,"temp_sev":1,"clima_score":2,"precip_mm":6.75,"temp_mean":18.72},"geometry":{"type":"Point","coordinates":[-76.19625,3.654694]}},{"type":"Feature","properties":{"id":"ELNINO_0273","id_maestro":"ACUEDUCTO_0273","codigo":"1397","mun":"EL CERRITO","aro":"Sur Cali","amb":"Rural","tipo":"CENTRO POBLADO","prest":"ASOCIACION DE USUARIOS DEL SERVICIO DE AGUA POTABLE Y ALCANTARILLADO DE TENERIFE - ASOUAT","loc":"TENERIFE","pob":592,"susc":148,"q":1.3,"qesc":0.78,"dem":1.28,"bal":-0.5,"trat":"Planta Convencional","tienetrat":1,"tfuente":"Superficial","fuente":"QUEBRADA TEQUENDAMA, LA CRISTALINA","P_operativa":"SIN CLASIFICAR","P_clima":"P3","precip_idx":32.1,"temp_anom":0.72,"clasif_fuente":"CHIRPS + ERA5-Land · GEE 1–15 ago 2026 vs 1991–2020 · matriz graduada V0.5","precip_sev":1,"temp_sev":0,"clima_score":1,"precip_mm":6.54,"temp_mean":12.22},"geometry":{"type":"Point","coordinates":[-76.07683,3.729944]}},{"type":"Feature","properties":{"id":"ELNINO_0274","id_maestro":"ACUEDUCTO_0274","codigo":"1396","mun":"EL CERRITO","aro":"Sur Cali","amb":"Rural","tipo":"DISPERSA","prest":"JUNTA ADMINISTRADORA ACUEDUCTO CARRIZAL","loc":"EL CARRIZAL","pob":184,"susc":46,"q":5.0,"qesc":3.0,"dem":0.4,"bal":2.6,"trat":"Ninguno","tienetrat":"","tfuente":"Superficial","fuente":"QUEBRADA LAS YEGUAS","P_operativa":"SIN CLASIFICAR","P_clima":"P3","precip_idx":40.9,"temp_anom":0.72,"clasif_fuente":"CHIRPS + ERA5-Land · GEE 1–15 ago 2026 vs 1991–2020 · matriz graduada V0.5","precip_sev":1,"temp_sev":0,"clima_score":1,"precip_mm":7.47,"temp_mean":14.07},"geometry":{"type":"Point","coordinates":[-76.08856,3.657111]}},{"type":"Feature","properties":{"id":"ELNINO_0275","id_maestro":"ACUEDUCTO_0275","codigo":null,"mun":"EL CERRITO","aro":"Sur Cali","amb":"Rural","tipo":"DISPERSA","prest":"JUNTA ADMINISTRADORA DEL ACUEDUCTO ACUASALUD EL ROSARIO PARTE ALTA","loc":"EL ROSARIO PARTE ALTA","pob":76,"susc":19,"q":0.5,"qesc":0.3,"dem":0.16,"bal":0.14,"trat":"Solo desinfección","tienetrat":"","tfuente":"Superficial","fuente":"QUEBRADA LA SANGRIENTA","P_operativa":"SIN CLASIFICAR","P_clima":"P2","precip_idx":43.5,"temp_anom":1.1,"clasif_fuente":"CHIRPS + ERA5-Land · GEE 1–15 ago 2026 vs 1991–2020 · matriz graduada V0.5","precip_sev":1,"temp_sev":1,"clima_score":2,"precip_mm":6.99,"temp_mean":18.72},"geometry":{"type":"Point","coordinates":[-76.19064,3.627033]}},{"type":"Feature","properties":{"id":"ELNINO_0276","id_maestro":"ACUEDUCTO_0276","codigo":"1394","mun":"EL CERRITO","aro":"Sur Cali","amb":"Rural","tipo":"CENTRO POBLADO","prest":"JUNTA DE ACCION COMUNAL DE SANTA LUISA","loc":"SANTA LUISA","pob":252,"susc":63,"q":5.0,"qesc":3.0,"dem":0.54,"bal":2.46,"trat":"FIME+Soluciones_Individuales","tienetrat":1,"tfuente":"Superficial","fuente":"RIO CABUYAL","P_operativa":"SIN CLASIFICAR","P_clima":"P3","precip_idx":37.5,"temp_anom":0.71,"clasif_fuente":"CHIRPS + ERA5-Land · GEE 1–15 ago 2026 vs 1991–2020 · matriz graduada V0.5","precip_sev":1,"temp_sev":0,"clima_score":1,"precip_mm":6.92,"temp_mean":14.07},"geometry":{"type":"Point","coordinates":[-76.08825,3.622417]}},{"type":"Feature","properties":{"id":"ELNINO_0277","id_maestro":"ACUEDUCTO_0277","codigo":"3041","mun":"EL CERRITO","aro":"Sur Cali","amb":"Rural","tipo":"CENTRO POBLADO","prest":"LA ASOCIACION DE USUARIOS ACUEDUCTO CRGTO EL POMO VEREDAS ROSARIO-BOLIVIA EL CERRITO-ACUAPORO","loc":"EL POMO,EL ROSARIO,BOLIVIA","pob":1284,"susc":321,"q":8.0,"qesc":4.8,"dem":2.77,"bal":2.03,"trat":"FD+Desinfección","tienetrat":1,"tfuente":"Superficial","fuente":"RIO EL CERRITO","P_operativa":"SIN CLASIFICAR","P_clima":"P2","precip_idx":43.5,"temp_anom":1.1,"clasif_fuente":"CHIRPS + ERA5-Land · GEE 1–15 ago 2026 vs 1991–2020 · matriz graduada V0.5","precip_sev":1,"temp_sev":1,"clima_score":2,"precip_mm":6.99,"temp_mean":18.72},"geometry":{"type":"Point","coordinates":[-76.18586,3.638444]}},{"type":"Feature","properties":{"id":"ELNINO_0278","id_maestro":"ACUEDUCTO_0278","codigo":"36","mun":"EL CERRITO","aro":"Sur Cali","amb":"Rural","tipo":"CENTRO POBLADO","prest":"LA ASOCIACION DE USUARIOS DEL ACUEDUCTO Y/O ALCANTARILLADO Y/O ASEO DE CAMPO ALEGRE - AUSERACA","loc":"CAMPO ALEGRE","pob":1868,"susc":467,"q":7.5,"qesc":4.5,"dem":4.04,"bal":0.46,"trat":"FD+Desinfección","tienetrat":1,"tfuente":"Superficial","fuente":"RIO EL CERRITO","P_operativa":"SIN CLASIFICAR","P_clima":"P1","precip_idx":26.8,"temp_anom":1.97,"clasif_fuente":"CHIRPS + ERA5-Land · GEE 1–15 ago 2026 vs 1991–2020 · matriz graduada V0.5","precip_sev":2,"temp_sev":2,"clima_score":4,"precip_mm":4.48,"temp_mean":21.19},"geometry":{"type":"Point","coordinates":[-76.2525,3.626806]}},{"type":"Feature","properties":{"id":"ELNINO_0279","id_maestro":"ACUEDUCTO_0279","codigo":"41","mun":"EL CERRITO","aro":"Sur Cali","amb":"Urbano","tipo":"CABECERA MUNICIPAL","prest":"SOCIEDAD DE ACUEDUCTOS Y ALCANTARILLADOS DEL VALLE DEL CAUCA S.A. E.S.P. ACUAVALLE S.A. E.S.P. - EL CERRITO","loc":"URBANO, GUACANAL, LA PLAYITA, CAMPO ALEGRE, AMAIMITO, EL FLORIDO, SAN ISIDRO, PALESTINO, PAJONALES, NOVILLERA, LOS ALPES, SAN ANTONIO, Y ZABALETAS (GINEBRA).","pob":48720,"susc":12180,"q":140.0,"qesc":84.0,"dem":105.28,"bal":-21.28,"trat":"Convencional","tienetrat":1,"tfuente":"Superficial","fuente":"RIO EL CERRITO","P_operativa":"SIN CLASIFICAR","P_clima":"P1","precip_idx":25.8,"temp_anom":1.85,"clasif_fuente":"CHIRPS + ERA5-Land · GEE 1–15 ago 2026 vs 1991–2020 · matriz graduada V0.5","precip_sev":2,"temp_sev":2,"clima_score":4,"precip_mm":4.46,"temp_mean":20.97},"geometry":{"type":"Point","coordinates":[-76.36892,3.677333]}},{"type":"Feature","properties":{"id":"ELNINO_0280","id_maestro":"ACUEDUCTO_0280","codigo":"37","mun":"EL CERRITO","aro":"Sur Cali","amb":"Rural","tipo":"CENTRO POBLADO","prest":"SOCIEDAD DE ACUEDUCTOS Y ALCANTARILLADOS DEL VALLE DEL CAUCA S.A. E.S.P. ACUAVALLE S.A. E.S.P. - EL CERRITO SANTA ELENA","loc":"SANTA ELENA,EL FLORIDO,ZABALETAS,SAN ISIDRO,NOVILLERA,AMAIMITO,PAJONALES,PALESTINA","pob":10840,"susc":2710,"q":null,"qesc":null,"dem":23.42,"bal":null,"trat":"Convencional","tienetrat":1,"tfuente":"Superficial","fuente":"QUEBRADA LA REINA, RIO SABALETAS","P_operativa":"SIN CLASIFICAR","P_clima":"P1","precip_idx":25.3,"temp_anom":1.76,"clasif_fuente":"CHIRPS + ERA5-Land · GEE 1–15 ago 2026 vs 1991–2020 · matriz graduada V0.5","precip_sev":2,"temp_sev":2,"clima_score":4,"precip_mm":4.45,"temp_mean":21.19},"geometry":{"type":"Point","coordinates":[-76.25706,3.673222]}},{"type":"Feature","properties":{"id":"ELNINO_0281","id_maestro":"ACUEDUCTO_0281","codigo":"3462","mun":"EL DOVIO","aro":"Norte Cartago","amb":"Rural","tipo":"DISPERSA","prest":"ACUEDUCTO COMUNITARIO AGUAS LA ALEJANDRIA (LA HONDURA)","loc":"LA HONDURA","pob":140,"susc":35,"q":2.0,"qesc":1.2,"dem":0.3,"bal":0.9,"trat":"Solo desinfección","tienetrat":"","tfuente":"Superficial","fuente":"LA ALEJANDRIA","P_operativa":"SIN CLASIFICAR","P_clima":"P1","precip_idx":44.5,"temp_anom":1.76,"clasif_fuente":"CHIRPS + ERA5-Land · GEE 1–15 ago 2026 vs 1991–2020 · matriz graduada V0.5","precip_sev":1,"temp_sev":2,"clima_score":3,"precip_mm":18.02,"temp_mean":20.17},"geometry":{"type":"Point","coordinates":[-76.28756,4.543411]}},{"type":"Feature","properties":{"id":"ELNINO_0282","id_maestro":"ACUEDUCTO_0282","codigo":null,"mun":"EL DOVIO","aro":"Norte Cartago","amb":"Rural","tipo":"DISPERSA","prest":"ACUEDUCTO RURAL BIRMANIA","loc":"BIRMANIA","pob":48,"susc":12,"q":null,"qesc":null,"dem":0.1,"bal":null,"trat":"Ninguno","tienetrat":"","tfuente":"Superficial","fuente":"SUPERFICIAL QUEBRADA LA CARMELITA","P_operativa":"SIN CLASIFICAR","P_clima":"P2","precip_idx":61.2,"temp_anom":1.82,"clasif_fuente":"CHIRPS + ERA5-Land · GEE 1–15 ago 2026 vs 1991–2020 · matriz graduada V0.5","precip_sev":0,"temp_sev":2,"clima_score":2,"precip_mm":27.82,"temp_mean":21.53},"geometry":{"type":"Point","coordinates":[-76.37331,4.498625]}},{"type":"Feature","properties":{"id":"ELNINO_0283","id_maestro":"ACUEDUCTO_0283","codigo":"523","mun":"EL DOVIO","aro":"Norte Cartago","amb":"Rural","tipo":"DISPERSA","prest":"ACUEDUCTO RURAL CAÑADA HONDA BAJA - CASTILLO","loc":"CAÑADA HONDA BAJA, CASTILLO ALTO","pob":160,"susc":40,"q":null,"qesc":null,"dem":0.35,"bal":null,"trat":"Solo desinfección","tienetrat":"","tfuente":"Superficial","fuente":"EL CASTILLO","P_operativa":"SIN CLASIFICAR","P_clima":"P2","precip_idx":43.8,"temp_anom":1.4,"clasif_fuente":"CHIRPS + ERA5-Land · GEE 1–15 ago 2026 vs 1991–2020 · matriz graduada V0.5","precip_sev":1,"temp_sev":1,"clima_score":2,"precip_mm":16.52,"temp_mean":19.52},"geometry":{"type":"Point","coordinates":[-76.19013,4.511114]}},{"type":"Feature","properties":{"id":"ELNINO_0284","id_maestro":"ACUEDUCTO_0284","codigo":"20062","mun":"EL DOVIO","aro":"Norte Cartago","amb":"Rural","tipo":"DISPERSA","prest":"ACUEDUCTO RURAL COMUNITARIO LA MARIA","loc":"LA MARIA","pob":120,"susc":30,"q":1.5,"qesc":0.9,"dem":0.26,"bal":0.64,"trat":"Ninguno","tienetrat":"","tfuente":"","fuente":"","P_operativa":"SIN CLASIFICAR","P_clima":"P1","precip_idx":44.5,"temp_anom":1.76,"clasif_fuente":"CHIRPS + ERA5-Land · GEE 1–15 ago 2026 vs 1991–2020 · matriz graduada V0.5","precip_sev":1,"temp_sev":2,"clima_score":3,"precip_mm":18.02,"temp_mean":20.17},"geometry":{"type":"Point","coordinates":[-76.25753,4.518203]}},{"type":"Feature","properties":{"id":"ELNINO_0285","id_maestro":"ACUEDUCTO_0285","codigo":"15655","mun":"EL DOVIO","aro":"Norte Cartago","amb":"Rural","tipo":"DISPERSA","prest":"ACUEDUCTO RURAL DE SANTA ELENA","loc":"SANTA ELENA","pob":56,"susc":14,"q":12.0,"qesc":7.2,"dem":0.12,"bal":7.08,"trat":"Ninguno","tienetrat":"","tfuente":"","fuente":"","P_operativa":"SIN CLASIFICAR","P_clima":"P3","precip_idx":53.7,"temp_anom":1.35,"clasif_fuente":"CHIRPS + ERA5-Land · GEE 1–15 ago 2026 vs 1991–2020 · matriz graduada V0.5","precip_sev":0,"temp_sev":1,"clima_score":1,"precip_mm":23.42,"temp_mean":20.17},"geometry":{"type":"Point","coordinates":[-76.26064,4.569133]}},{"type":"Feature","properties":{"id":"ELNINO_0183","id_maestro":"ACUEDUCTO_0287","codigo":"1959","mun":"EL DOVIO","aro":"Norte Cartago","amb":"Rural","tipo":"DISPERSA","prest":"ACUEDUCTO RURAL LOS ZAINOS ALTO","loc":"LOS ZAINOS ALTO","pob":48,"susc":12,"q":1.0,"qesc":0.6,"dem":0.1,"bal":0.5,"trat":"Soluciones_Individuales","tienetrat":1,"tfuente":"Superficial","fuente":"QUEBRADA LOS ZAINOS","P_operativa":"SIN CLASIFICAR","P_clima":"P2","precip_idx":43.8,"temp_anom":1.4,"clasif_fuente":"CHIRPS + ERA5-Land · GEE 1–15 ago 2026 vs 1991–2020 · matriz graduada V0.5","precip_sev":1,"temp_sev":1,"clima_score":2,"precip_mm":16.52,"temp_mean":19.52},"geometry":{"type":"Point","coordinates":[-76.18666,4.527]}},{"type":"Feature","properties":{"id":"ELNINO_0429","id_maestro":"ACUEDUCTO_0288","codigo":"1964","mun":"EL DOVIO","aro":"Norte Cartago","amb":"Rural","tipo":"DISPERSA","prest":"ACUEDUCTO RURAL LOS ZAINOS BAJO","loc":"LOS ZAINOS BAJO","pob":108,"susc":27,"q":1.2,"qesc":0.72,"dem":0.23,"bal":0.49,"trat":"Soluciones_Individuales","tienetrat":1,"tfuente":"Superficial","fuente":"QUEBRADA BELLAVISTA","P_operativa":"SIN CLASIFICAR","P_clima":"P2","precip_idx":43.8,"temp_anom":1.4,"clasif_fuente":"CHIRPS + ERA5-Land · GEE 1–15 ago 2026 vs 1991–2020 · matriz graduada V0.5","precip_sev":1,"temp_sev":1,"clima_score":2,"precip_mm":16.52,"temp_mean":19.52},"geometry":{"type":"Point","coordinates":[-76.18605,4.530283]}},{"type":"Feature","properties":{"id":"ELNINO_0289","id_maestro":"ACUEDUCTO_0289","codigo":null,"mun":"EL DOVIO","aro":"Norte Cartago","amb":"Rural","tipo":"DISPERSA","prest":"ACUEDUCTO RURAL SIRIMUNDA","loc":"SIRIMANDA","pob":60,"susc":15,"q":9.0,"qesc":5.4,"dem":0.13,"bal":5.27,"trat":"Ninguno","tienetrat":"","tfuente":"Validar - Aguas marinas","fuente":"QUEBRANA  ARRAYANAL","P_operativa":"SIN CLASIFICAR","P_clima":"P3","precip_idx":53.7,"temp_anom":1.35,"clasif_fuente":"CHIRPS + ERA5-Land · GEE 1–15 ago 2026 vs 1991–2020 · matriz graduada V0.5","precip_sev":0,"temp_sev":1,"clima_score":1,"precip_mm":23.42,"temp_mean":20.17},"geometry":{"type":"Point","coordinates":[-76.2616,4.562972]}},{"type":"Feature","properties":{"id":"ELNINO_0291","id_maestro":"ACUEDUCTO_0291","codigo":"3578","mun":"EL DOVIO","aro":"Norte Cartago","amb":"Rural","tipo":"DISPERSA","prest":"ASOCIACION DE USUARIOS DE ACUEDUCTO RURAL VEREDA EL CRUCERO","loc":"EL CRUCERO","pob":160,"susc":40,"q":null,"qesc":null,"dem":0.35,"bal":null,"trat":"Solo desinfección","tienetrat":"","tfuente":"Superficial","fuente":"EL OSO","P_operativa":"SIN CLASIFICAR","P_clima":"P2","precip_idx":46.3,"temp_anom":1.4,"clasif_fuente":"CHIRPS + ERA5-Land · GEE 1–15 ago 2026 vs 1991–2020 · matriz graduada V0.5","precip_sev":1,"temp_sev":1,"clima_score":2,"precip_mm":17.88,"temp_mean":20.17},"geometry":{"type":"Point","coordinates":[-76.22434,4.521917]}},{"type":"Feature","properties":{"id":"ELNINO_0292","id_maestro":"ACUEDUCTO_0292","codigo":"524","mun":"EL DOVIO","aro":"Norte Cartago","amb":"Rural","tipo":"DISPERSA","prest":"ASOCIACION DE USUARIOS DEL ACUEDUCTO RURAL COMUNITARIO DE LA VEREDA EL GUADUAL AGUA BONITA","loc":"EL GUADUAL AGUA BONITA","pob":60,"susc":15,"q":1.0,"qesc":0.6,"dem":0.13,"bal":0.47,"trat":"Soluciones_Individuales","tienetrat":"","tfuente":"Subterránea","fuente":"AGUA BONITA","P_operativa":"SIN CLASIFICAR","P_clima":"P1","precip_idx":44.5,"temp_anom":1.76,"clasif_fuente":"CHIRPS + ERA5-Land · GEE 1–15 ago 2026 vs 1991–2020 · matriz graduada V0.5","precip_sev":1,"temp_sev":2,"clima_score":3,"precip_mm":18.02,"temp_mean":20.17},"geometry":{"type":"Point","coordinates":[-76.28312,4.505531]}},{"type":"Feature","properties":{"id":"ELNINO_0293","id_maestro":"ACUEDUCTO_0293","codigo":"1975","mun":"EL DOVIO","aro":"Norte Cartago","amb":"Rural","tipo":"DISPERSA","prest":"ASOCIACION DE USUARIOS DEL ACUEDUCTO RURAL COMUNITARIO DE LA VEREDA EL LULAR AGUAS LULAREÑAS","loc":"EL LULAR","pob":100,"susc":25,"q":3.0,"qesc":1.8,"dem":0.22,"bal":1.58,"trat":"Ninguno","tienetrat":"","tfuente":"Superficial","fuente":"QUEBRADA LOS CEDROS","P_operativa":"SIN CLASIFICAR","P_clima":"P2","precip_idx":61.9,"temp_anom":1.82,"clasif_fuente":"CHIRPS + ERA5-Land · GEE 1–15 ago 2026 vs 1991–2020 · matriz graduada V0.5","precip_sev":0,"temp_sev":2,"clima_score":2,"precip_mm":27.98,"temp_mean":22.34},"geometry":{"type":"Point","coordinates":[-76.36445,4.547725]}},{"type":"Feature","properties":{"id":"ELNINO_0294","id_maestro":"ACUEDUCTO_0294","codigo":"1971","mun":"EL DOVIO","aro":"Norte Cartago","amb":"Rural","tipo":"CENTRO POBLADO","prest":"ASOCIACION DE USUARIOS DEL ACUEDUCTO RURAL COMUNITARIO DE LA VEREDA LA CABAÑA AGUAS LA ESPERANZA","loc":"LA CABAÑA","pob":232,"susc":58,"q":null,"qesc":null,"dem":0.5,"bal":null,"trat":"Ninguno","tienetrat":"","tfuente":"Superficial","fuente":"LA ESPERANZA","P_operativa":"SIN CLASIFICAR","P_clima":"P2","precip_idx":43.8,"temp_anom":1.4,"clasif_fuente":"CHIRPS + ERA5-Land · GEE 1–15 ago 2026 vs 1991–2020 · matriz graduada V0.5","precip_sev":1,"temp_sev":1,"clima_score":2,"precip_mm":16.52,"temp_mean":19.52},"geometry":{"type":"Point","coordinates":[-76.2,4.533589]}},{"type":"Feature","properties":{"id":"ELNINO_0295","id_maestro":"ACUEDUCTO_0295","codigo":"525","mun":"EL DOVIO","aro":"Norte Cartago","amb":"Rural","tipo":"DISPERSA","prest":"ASOCIACION DE USUARIOS DEL ACUEDUCTO RURAL COMUNITARIO DE LA VEREDA TOLDA FRIA -CASA VERDE","loc":"TOLDA FRÍA,RIVERALTA","pob":100,"susc":25,"q":4.0,"qesc":2.4,"dem":0.22,"bal":2.18,"trat":"Ninguno","tienetrat":"","tfuente":"Superficial","fuente":"SUPERFICIAL NACIMIENTO TOLDA FRÍA","P_operativa":"SIN CLASIFICAR","P_clima":"P2","precip_idx":52.8,"temp_anom":1.76,"clasif_fuente":"CHIRPS + ERA5-Land · GEE 1–15 ago 2026 vs 1991–2020 · matriz graduada V0.5","precip_sev":0,"temp_sev":2,"clima_score":2,"precip_mm":23.61,"temp_mean":21.53},"geometry":{"type":"Point","coordinates":[-76.31271,4.491356]}},{"type":"Feature","properties":{"id":"ELNINO_0296","id_maestro":"ACUEDUCTO_0296","codigo":"3463","mun":"EL DOVIO","aro":"Norte Cartago","amb":"Rural","tipo":"CENTRO POBLADO","prest":"ASOCIACION DE USUARIOS DEL ACUEDUCTO RURAL COMUNITARIO DEL CORREGIMIENTO DE BITACO","loc":"BITACO,CAÑADA PAN Y VIDA","pob":92,"susc":23,"q":3.0,"qesc":1.8,"dem":0.2,"bal":1.6,"trat":"Ninguno","tienetrat":"","tfuente":"Superficial","fuente":"SUPERFICIAL QUEBRADA PAN Y VIDA","P_operativa":"SIN CLASIFICAR","P_clima":"P2","precip_idx":52.8,"temp_anom":1.76,"clasif_fuente":"CHIRPS + ERA5-Land · GEE 1–15 ago 2026 vs 1991–2020 · matriz graduada V0.5","precip_sev":0,"temp_sev":2,"clima_score":2,"precip_mm":23.61,"temp_mean":21.53},"geometry":{"type":"Point","coordinates":[-76.35031,4.496194]}},{"type":"Feature","properties":{"id":"ELNINO_0297","id_maestro":"ACUEDUCTO_0297","codigo":null,"mun":"EL DOVIO","aro":"Norte Cartago","amb":"Rural","tipo":"CENTRO POBLADO","prest":"ASOCIACION DE USUARIOS DEL ACUEDUCTO RURAL COMUNITARIO DEL CORREGIMIENTO DE LITUANIA","loc":"DE LITUANIA","pob":208,"susc":52,"q":null,"qesc":null,"dem":0.45,"bal":null,"trat":"Ninguno","tienetrat":"","tfuente":"Superficial","fuente":"QUEBRADA RIOPUENTE","P_operativa":"SIN CLASIFICAR","P_clima":"P2","precip_idx":61.9,"temp_anom":1.82,"clasif_fuente":"CHIRPS + ERA5-Land · GEE 1–15 ago 2026 vs 1991–2020 · matriz graduada V0.5","precip_sev":0,"temp_sev":2,"clima_score":2,"precip_mm":27.98,"temp_mean":22.34},"geometry":{"type":"Point","coordinates":[-76.35281,4.513708]}},{"type":"Feature","properties":{"id":"ELNINO_0298","id_maestro":"ACUEDUCTO_0298","codigo":null,"mun":"EL DOVIO","aro":"Norte Cartago","amb":"Rural","tipo":"CENTRO POBLADO","prest":"ASOCIACION DE USUARIOS DEL ACUEDUCTO RURAL COMUNITARIO DEL CORREGIMIENTO LA PRADERA","loc":"LA PRADERA","pob":220,"susc":55,"q":null,"qesc":null,"dem":0.48,"bal":null,"trat":"Ninguno","tienetrat":"","tfuente":"","fuente":"","P_operativa":"SIN CLASIFICAR","P_clima":"P3","precip_idx":53.7,"temp_anom":1.35,"clasif_fuente":"CHIRPS + ERA5-Land · GEE 1–15 ago 2026 vs 1991–2020 · matriz graduada V0.5","precip_sev":0,"temp_sev":1,"clima_score":1,"precip_mm":23.42,"temp_mean":20.17},"geometry":{"type":"Point","coordinates":[-76.29249,4.599603]}},{"type":"Feature","properties":{"id":"ELNINO_0299","id_maestro":"ACUEDUCTO_0299","codigo":"3577","mun":"EL DOVIO","aro":"Norte Cartago","amb":"Rural","tipo":"DISPERSA","prest":"ASOCIACION DE USUARIOS DEL ACUEDUCTO RURAL COMUNITARIO VEREDA LA ESPERANZA AGUAS DEL DANUBIO","loc":"LA ESPERANZA","pob":208,"susc":52,"q":0.65,"qesc":0.39,"dem":0.45,"bal":-0.06,"trat":"Solo desinfección","tienetrat":"","tfuente":"Superficial","fuente":"QUEBRADA EL DANUBIO","P_operativa":"SIN CLASIFICAR","P_clima":"P2","precip_idx":33.2,"temp_anom":1.47,"clasif_fuente":"CHIRPS + ERA5-Land · GEE 1–15 ago 2026 vs 1991–2020 · matriz graduada V0.5","precip_sev":1,"temp_sev":1,"clima_score":2,"precip_mm":11.86,"temp_mean":19.91},"geometry":{"type":"Point","coordinates":[-76.22393,4.446117]}},{"type":"Feature","properties":{"id":"ELNINO_0502","id_maestro":"ACUEDUCTO_0300","codigo":"1954","mun":"EL DOVIO","aro":"Norte Cartago","amb":"Rural","tipo":"DISPERSA","prest":"CORPORACION NO NACIONAL AMBIENTAL PECUARIO Y AGRICOLA DE BELLAVISTA ''CAMPAB'' TANQUE 1","loc":"BELLAVISTA","pob":24,"susc":6,"q":0.6,"qesc":0.36,"dem":0.05,"bal":0.31,"trat":"Soluciones_Individuales","tienetrat":1,"tfuente":"","fuente":"","P_operativa":"SIN CLASIFICAR","P_clima":"P2","precip_idx":43.8,"temp_anom":1.4,"clasif_fuente":"CHIRPS + ERA5-Land · GEE 1–15 ago 2026 vs 1991–2020 · matriz graduada V0.5","precip_sev":1,"temp_sev":1,"clima_score":2,"precip_mm":16.52,"temp_mean":19.52},"geometry":{"type":"Point","coordinates":[-76.17503,4.517814]}},{"type":"Feature","properties":{"id":"ELNINO_0460","id_maestro":"ACUEDUCTO_0301","codigo":"1955","mun":"EL DOVIO","aro":"Norte Cartago","amb":"Rural","tipo":"DISPERSA","prest":"CORPORACION NO NACIONAL AMBIENTAL PECUARIO Y AGRICOLA DE BELLAVISTA ''CAMPAB'' TANQUE 2","loc":"BELLAVISTA","pob":36,"susc":9,"q":0.7,"qesc":0.42,"dem":0.08,"bal":0.34,"trat":"Soluciones_Individuales","tienetrat":1,"tfuente":"","fuente":"","P_operativa":"SIN CLASIFICAR","P_clima":"P2","precip_idx":43.8,"temp_anom":1.4,"clasif_fuente":"CHIRPS + ERA5-Land · GEE 1–15 ago 2026 vs 1991–2020 · matriz graduada V0.5","precip_sev":1,"temp_sev":1,"clima_score":2,"precip_mm":16.52,"temp_mean":19.52},"geometry":{"type":"Point","coordinates":[-76.17503,4.517814]}},{"type":"Feature","properties":{"id":"ELNINO_0449","id_maestro":"ACUEDUCTO_0302","codigo":"1957","mun":"EL DOVIO","aro":"Norte Cartago","amb":"Rural","tipo":"DISPERSA","prest":"CORPORACION NO NACIONAL AMBIENTAL PECUARIO Y AGRICOLA DE BELLAVISTA ''CAMPAB'' TANQUE 3","loc":"BELLAVISTA","pob":44,"susc":11,"q":1.2,"qesc":0.72,"dem":0.1,"bal":0.62,"trat":"Soluciones_Individuales","tienetrat":1,"tfuente":"","fuente":"","P_operativa":"SIN CLASIFICAR","P_clima":"P2","precip_idx":43.8,"temp_anom":1.4,"clasif_fuente":"CHIRPS + ERA5-Land · GEE 1–15 ago 2026 vs 1991–2020 · matriz graduada V0.5","precip_sev":1,"temp_sev":1,"clima_score":2,"precip_mm":16.52,"temp_mean":19.52},"geometry":{"type":"Point","coordinates":[-76.17503,4.517814]}},{"type":"Feature","properties":{"id":"ELNINO_0303","id_maestro":"ACUEDUCTO_0303","codigo":"3466","mun":"EL DOVIO","aro":"Norte Cartago","amb":"Rural","tipo":"DISPERSA","prest":"JUNTA ADMIN ACUEDUCTO VEREDA CALLE LARGA","loc":"CALLE LARGA","pob":180,"susc":45,"q":null,"qesc":null,"dem":0.39,"bal":null,"trat":"Solo desinfección","tienetrat":"","tfuente":"Superficial","fuente":"LAS ARDITAS","P_operativa":"SIN CLASIFICAR","P_clima":"P1","precip_idx":43.6,"temp_anom":1.76,"clasif_fuente":"CHIRPS + ERA5-Land · GEE 1–15 ago 2026 vs 1991–2020 · matriz graduada V0.5","precip_sev":1,"temp_sev":2,"clima_score":3,"precip_mm":17.27,"temp_mean":19.91},"geometry":{"type":"Point","coordinates":[-76.25267,4.49845]}},{"type":"Feature","properties":{"id":"ELNINO_0304","id_maestro":"ACUEDUCTO_0304","codigo":"526","mun":"EL DOVIO","aro":"Norte Cartago","amb":"Rural","tipo":"DISPERSA","prest":"JUNTA ADMINISTRADORA ACUEDUCTO GUATEMALA","loc":"GUATEMALA","pob":60,"susc":15,"q":null,"qesc":null,"dem":0.13,"bal":null,"trat":"Ninguno","tienetrat":"","tfuente":"Superficial","fuente":"GUATEMALA","P_operativa":"SIN CLASIFICAR","P_clima":"P1","precip_idx":44.5,"temp_anom":1.76,"clasif_fuente":"CHIRPS + ERA5-Land · GEE 1–15 ago 2026 vs 1991–2020 · matriz graduada V0.5","precip_sev":1,"temp_sev":2,"clima_score":3,"precip_mm":18.02,"temp_mean":20.17},"geometry":{"type":"Point","coordinates":[-76.29193,4.525169]}},{"type":"Feature","properties":{"id":"ELNINO_0306","id_maestro":"ACUEDUCTO_0306","codigo":"3464","mun":"EL DOVIO","aro":"Norte Cartago","amb":"Rural","tipo":"DISPERSA","prest":"JUNTA ADMINISTRADORA DEL ACUEDUCTO LAS VUELTAS","loc":"LAS VUELTAS","pob":48,"susc":12,"q":1.0,"qesc":0.6,"dem":0.1,"bal":0.5,"trat":"Ninguno","tienetrat":"","tfuente":"Superficial","fuente":"QUEBRADA LA ZULIA","P_operativa":"SIN CLASIFICAR","P_clima":"P2","precip_idx":46.3,"temp_anom":1.4,"clasif_fuente":"CHIRPS + ERA5-Land · GEE 1–15 ago 2026 vs 1991–2020 · matriz graduada V0.5","precip_sev":1,"temp_sev":1,"clima_score":2,"precip_mm":17.88,"temp_mean":20.17},"geometry":{"type":"Point","coordinates":[-76.24645,4.539486]}},{"type":"Feature","properties":{"id":"ELNINO_0307","id_maestro":"ACUEDUCTO_0307","codigo":"51","mun":"EL DOVIO","aro":"Norte Cartago","amb":"Urbano","tipo":"CABECERA MUNICIPAL","prest":"SOCIEDAD DE ACUEDUCTOS Y ALCANTARILLADOS DEL VALLE DEL CAUCA S.A. E.S.P. ACUAVALLE S.A. E.S.P. - EL DOVIO","loc":"URBANO, LA AGUADITA, CALLE LARGA, SAMANA, MATECAÑA","pob":8716,"susc":2179,"q":20.0,"qesc":12.0,"dem":18.83,"bal":-6.83,"trat":"Convencional","tienetrat":1,"tfuente":"Superficial","fuente":"DOVIO","P_operativa":"SIN CLASIFICAR","P_clima":"P2","precip_idx":44.7,"temp_anom":1.4,"clasif_fuente":"CHIRPS + ERA5-Land · GEE 1–15 ago 2026 vs 1991–2020 · matriz graduada V0.5","precip_sev":1,"temp_sev":1,"clima_score":2,"precip_mm":16.62,"temp_mean":19.91},"geometry":{"type":"Point","coordinates":[-76.22223,4.500011]}},{"type":"Feature","properties":{"id":"ELNINO_0308","id_maestro":"ACUEDUCTO_0308","codigo":"112","mun":"FLORIDA","aro":"Sur Cali","amb":"Rural","tipo":"DISPERSA","prest":"ACUALIBANO","loc":"EL LIBANO","pob":420,"susc":105,"q":2.5,"qesc":1.5,"dem":0.91,"bal":0.59,"trat":"Solo desinfección","tienetrat":"","tfuente":"Superficial","fuente":"QUEBRADA BOLIVAR","P_operativa":"SIN CLASIFICAR","P_clima":"P2","precip_idx":44.3,"temp_anom":1.37,"clasif_fuente":"CHIRPS + ERA5-Land · GEE 1–15 ago 2026 vs 1991–2020 · matriz graduada V0.5","precip_sev":1,"temp_sev":1,"clima_score":2,"precip_mm":7.22,"temp_mean":19.25},"geometry":{"type":"Point","coordinates":[-76.18294,3.296139]}},{"type":"Feature","properties":{"id":"ELNINO_0411","id_maestro":"ACUEDUCTO_0309","codigo":"SD","mun":"FLORIDA","aro":"Sur Cali","amb":"Rural","tipo":"CENTRO POBLADO","prest":"ACUEDUCTO LOS CALEÑOS","loc":"LOS CALEÑOS","pob":596,"susc":149,"q":3.0,"qesc":1.8,"dem":1.29,"bal":0.51,"trat":"Ninguno","tienetrat":"","tfuente":"","fuente":"","P_operativa":"SIN CLASIFICAR","P_clima":"P2","precip_idx":43.2,"temp_anom":1.37,"clasif_fuente":"CHIRPS + ERA5-Land · GEE 1–15 ago 2026 vs 1991–2020 · matriz graduada V0.5","precip_sev":1,"temp_sev":1,"clima_score":2,"precip_mm":7.11,"temp_mean":18.4},"geometry":{"type":"Point","coordinates":[-76.15161,3.346972]}},{"type":"Feature","properties":{"id":"ELNINO_0685","id_maestro":"ACUEDUCTO_0310","codigo":"SD","mun":"FLORIDA","aro":"Sur Cali","amb":"Rural","tipo":"DISPERSA","prest":"ACUEDUCTO SAN JOAQUIN","loc":"SAN JOAQUIN","pob":184,"susc":46,"q":2.0,"qesc":1.2,"dem":0.4,"bal":0.8,"trat":"Soluciones_Individuales","tienetrat":1,"tfuente":"","fuente":"","P_operativa":"SIN CLASIFICAR","P_clima":"P2","precip_idx":44.3,"temp_anom":1.37,"clasif_fuente":"CHIRPS + ERA5-Land · GEE 1–15 ago 2026 vs 1991–2020 · matriz graduada V0.5","precip_sev":1,"temp_sev":1,"clima_score":2,"precip_mm":7.22,"temp_mean":19.25},"geometry":{"type":"Point","coordinates":[-76.18419,3.273028]}},{"type":"Feature","properties":{"id":"ELNINO_0313","id_maestro":"ACUEDUCTO_0311","codigo":"111","mun":"FLORIDA","aro":"Sur Cali","amb":"Rural","tipo":"CENTRO POBLADO","prest":"ASOCIACION COMUNITARIA DE USUARIOS DEL ACUEDUCTO TAMBORAL, LA UNION Y EL AGRADO - AUNITAMBO","loc":"LA UNION,TAMBORAL,EL AGRADO","pob":968,"susc":242,"q":6.0,"qesc":3.6,"dem":2.09,"bal":1.51,"trat":"Solo desinfección","tienetrat":"","tfuente":"Superficial","fuente":"QUEBRADA JUANAMBU","P_operativa":"SIN CLASIFICAR","P_clima":"P2","precip_idx":49.2,"temp_anom":1.37,"clasif_fuente":"CHIRPS + ERA5-Land · GEE 1–15 ago 2026 vs 1991–2020 · matriz graduada V0.5","precip_sev":1,"temp_sev":1,"clima_score":2,"precip_mm":7.58,"temp_mean":22.23},"geometry":{"type":"Point","coordinates":[-76.21097,3.264472]}},{"type":"Feature","properties":{"id":"ELNINO_0314","id_maestro":"ACUEDUCTO_0312","codigo":"117","mun":"FLORIDA","aro":"Sur Cali","amb":"Rural","tipo":"CENTRO POBLADO","prest":"ASOCIACIÓN DE USUARIOS DEL ACUEDUCTO DEL CORREGIMIENTO LA DIANA - ACUASALUD LA DIANA","loc":"LA DIANA","pob":760,"susc":190,"q":2.0,"qesc":1.2,"dem":1.64,"bal":-0.44,"trat":"FD+Desinfección","tienetrat":1,"tfuente":"Superficial","fuente":"QUEBRADA LAS CAMELIAS, QUEBRADA LOS CALEÑOS","P_operativa":"SIN CLASIFICAR","P_clima":"P2","precip_idx":43.2,"temp_anom":1.37,"clasif_fuente":"CHIRPS + ERA5-Land · GEE 1–15 ago 2026 vs 1991–2020 · matriz graduada V0.5","precip_sev":1,"temp_sev":1,"clima_score":2,"precip_mm":7.11,"temp_mean":18.4},"geometry":{"type":"Point","coordinates":[-76.18847,3.310667]}},{"type":"Feature","properties":{"id":"ELNINO_0309","id_maestro":"ACUEDUCTO_0313","codigo":"115","mun":"FLORIDA","aro":"Sur Cali","amb":"Rural","tipo":"CENTRO POBLADO","prest":"ASOCIACION DE USUARIOS DEL ACUEDUCTO Y/O ALCANTARILLADO EL PEDREGAL E.S.P. PRIMERA ETAPA","loc":"EL PEDREGAL","pob":1040,"susc":260,"q":6.0,"qesc":3.6,"dem":2.25,"bal":1.35,"trat":"FD+Desinfección","tienetrat":1,"tfuente":"Superficial","fuente":"RIO FRAYLE","P_operativa":"SIN CLASIFICAR","P_clima":"P2","precip_idx":42.3,"temp_anom":1.37,"clasif_fuente":"CHIRPS + ERA5-Land · GEE 1–15 ago 2026 vs 1991–2020 · matriz graduada V0.5","precip_sev":1,"temp_sev":1,"clima_score":2,"precip_mm":7.29,"temp_mean":21.78},"geometry":{"type":"Point","coordinates":[-76.21525,3.312944]}},{"type":"Feature","properties":{"id":"ELNINO_0315","id_maestro":"ACUEDUCTO_0314","codigo":"1633","mun":"FLORIDA","aro":"Sur Cali","amb":"Rural","tipo":"CENTRO POBLADO","prest":"ASOCIACION DE USUARIOS DEL ACUEDUCTO Y/O ALCANTARILLADO Y/O ASEO ACUALLANITO E.S.P","loc":"EL LLANITO,CAÑAS ARRIBA,SIMON BOLIVAR","pob":2000,"susc":500,"q":7.0,"qesc":4.2,"dem":4.32,"bal":-0.12,"trat":"FD+Desinfección","tienetrat":1,"tfuente":"Superficial","fuente":"EL ADAN, PAZ DE LAS CAÑITAS","P_operativa":"SIN CLASIFICAR","P_clima":"P2","precip_idx":49.2,"temp_anom":1.37,"clasif_fuente":"CHIRPS + ERA5-Land · GEE 1–15 ago 2026 vs 1991–2020 · matriz graduada V0.5","precip_sev":1,"temp_sev":1,"clima_score":2,"precip_mm":7.58,"temp_mean":22.23},"geometry":{"type":"Point","coordinates":[-76.21983,3.282778]}},{"type":"Feature","properties":{"id":"ELNINO_0316","id_maestro":"ACUEDUCTO_0315","codigo":"14295","mun":"FLORIDA","aro":"Sur Cali","amb":"Rural","tipo":"DISPERSA","prest":"JUNTA ADMINISTRADORA DE ACUEDUCTO SANTODOMINGO PARTE BAJA","loc":"SANTODOMINGO PARTE BAJA","pob":200,"susc":50,"q":4.0,"qesc":2.4,"dem":0.43,"bal":1.97,"trat":"Solo desinfección","tienetrat":"","tfuente":"Superficial","fuente":"QUEBRADA EL BERRACAL","P_operativa":"SIN CLASIFICAR","P_clima":"P2","precip_idx":50.0,"temp_anom":1.57,"clasif_fuente":"CHIRPS + ERA5-Land · GEE 1–15 ago 2026 vs 1991–2020 · matriz graduada V0.5","precip_sev":0,"temp_sev":2,"clima_score":2,"precip_mm":7.5,"temp_mean":22.23},"geometry":{"type":"Point","coordinates":[-76.20211,3.248806]}},{"type":"Feature","properties":{"id":"ELNINO_0413","id_maestro":"ACUEDUCTO_0316","codigo":"SD","mun":"FLORIDA","aro":"Sur Cali","amb":"Rural","tipo":"DISPERSA","prest":"JUNTA ADMINISTRADORA DEL ACUEDUCTO DEL CORREGIMIENTO PUEBLO NUEVO - PROAGUA ESP","loc":"PUEBLO NUEVO","pob":216,"susc":54,"q":1.0,"qesc":0.6,"dem":0.47,"bal":0.13,"trat":"Ninguno","tienetrat":"","tfuente":"","fuente":"","P_operativa":"SIN CLASIFICAR","P_clima":"P2","precip_idx":44.3,"temp_anom":1.37,"clasif_fuente":"CHIRPS + ERA5-Land · GEE 1–15 ago 2026 vs 1991–2020 · matriz graduada V0.5","precip_sev":1,"temp_sev":1,"clima_score":2,"precip_mm":7.22,"temp_mean":19.25},"geometry":{"type":"Point","coordinates":[-76.19108,3.257806]}},{"type":"Feature","properties":{"id":"ELNINO_0310","id_maestro":"ACUEDUCTO_0317","codigo":"116","mun":"FLORIDA","aro":"Sur Cali","amb":"Rural","tipo":"CENTRO POBLADO","prest":"JUNTA DE ACCION COMUNAL EL PEDREGAL E.S.P. SEGUNDA ETAPA ESP","loc":"EL PEDREGAL 2","pob":620,"susc":155,"q":5.0,"qesc":3.0,"dem":1.34,"bal":1.66,"trat":"Solo desinfección","tienetrat":"","tfuente":"Superficial","fuente":"RIO FRAYLE","P_operativa":"SIN CLASIFICAR","P_clima":"P2","precip_idx":42.3,"temp_anom":1.37,"clasif_fuente":"CHIRPS + ERA5-Land · GEE 1–15 ago 2026 vs 1991–2020 · matriz graduada V0.5","precip_sev":1,"temp_sev":1,"clima_score":2,"precip_mm":7.29,"temp_mean":21.78},"geometry":{"type":"Point","coordinates":[-76.21744,3.311889]}},{"type":"Feature","properties":{"id":"ELNINO_0318","id_maestro":"ACUEDUCTO_0318","codigo":"43","mun":"FLORIDA","aro":"Sur Cali","amb":"Urbano","tipo":"CABECERA MUNICIPAL","prest":"SOCIEDAD DE ACUEDUCTOS Y ALCANTARILLADOS DEL VALLE DEL CAUCA S.A. E.S.P. ACUAVALLE S.A. E.S.P. - FLORIDA","loc":"URBANO FLORIDA,SAN ANTONIO DE LOS CABALLEROS, EL REMOLINO, CHOCOCITO, TARRAGON ALTO, TARRAGONA BAJO, CAÑAS ABAJO, PEDRO DIAZ, LA ACEQUIA","pob":63568,"susc":15892,"q":240.0,"qesc":144.0,"dem":137.36,"bal":6.64,"trat":"Convencional","tienetrat":1,"tfuente":"Superficial","fuente":"RIO FRAYLE","P_operativa":"SIN CLASIFICAR","P_clima":"P1","precip_idx":49.5,"temp_anom":1.97,"clasif_fuente":"CHIRPS + ERA5-Land · GEE 1–15 ago 2026 vs 1991–2020 · matriz graduada V0.5","precip_sev":1,"temp_sev":2,"clima_score":3,"precip_mm":7.93,"temp_mean":21.78},"geometry":{"type":"Point","coordinates":[-76.29328,3.311889]}},{"type":"Feature","properties":{"id":"ELNINO_0319","id_maestro":"ACUEDUCTO_0319","codigo":"11159","mun":"GINEBRA","aro":"Sur Cali","amb":"Rural","tipo":"DISPERSA","prest":"ACUEDUCTO BARRIO EL JARDIN - CORREGIMIENTO COSTA RICA","loc":"BARRIO EL JARDÍN","pob":132,"susc":33,"q":1.0,"qesc":0.6,"dem":0.29,"bal":0.31,"trat":"Filtración Compacta","tienetrat":1,"tfuente":"Subterránea","fuente":"NACIMIENTO EL PIÑAL","P_operativa":"SIN CLASIFICAR","P_clima":"P2","precip_idx":26.5,"temp_anom":0.96,"clasif_fuente":"CHIRPS + ERA5-Land · GEE 1–15 ago 2026 vs 1991–2020 · matriz graduada V0.5","precip_sev":2,"temp_sev":0,"clima_score":2,"precip_mm":4.72,"temp_mean":20.18},"geometry":{"type":"Point","coordinates":[-76.23222,3.754231]}},{"type":"Feature","properties":{"id":"ELNINO_0320","id_maestro":"ACUEDUCTO_0320","codigo":"2876","mun":"GINEBRA","aro":"Sur Cali","amb":"Rural","tipo":"DISPERSA","prest":"ACUEDUCTO CAMPOALEGRE","loc":"CAMPOALEGRE","pob":244,"susc":61,"q":4.0,"qesc":2.4,"dem":0.53,"bal":1.87,"trat":"Ninguno","tienetrat":"","tfuente":"Superficial","fuente":"QUEBRADA TAMBOR Y LA CECILIA","P_operativa":"SIN CLASIFICAR","P_clima":"P2","precip_idx":28.9,"temp_anom":0.96,"clasif_fuente":"CHIRPS + ERA5-Land · GEE 1–15 ago 2026 vs 1991–2020 · matriz graduada V0.5","precip_sev":2,"temp_sev":0,"clima_score":2,"precip_mm":5.31,"temp_mean":16.63},"geometry":{"type":"Point","coordinates":[-76.18645,3.765131]}},{"type":"Feature","properties":{"id":"ELNINO_0321","id_maestro":"ACUEDUCTO_0321","codigo":"2880","mun":"GINEBRA","aro":"Sur Cali","amb":"Rural","tipo":"DISPERSA","prest":"ACUEDUCTO COMUNITARIO ALTAMIRA","loc":"ALTAMIRA","pob":48,"susc":12,"q":1.5,"qesc":0.9,"dem":0.1,"bal":0.8,"trat":"Ninguno","tienetrat":"","tfuente":"Subterránea","fuente":"NACIMIENTO ALTAMIRA","P_operativa":"SIN CLASIFICAR","P_clima":"P2","precip_idx":26.5,"temp_anom":0.96,"clasif_fuente":"CHIRPS + ERA5-Land · GEE 1–15 ago 2026 vs 1991–2020 · matriz graduada V0.5","precip_sev":2,"temp_sev":0,"clima_score":2,"precip_mm":4.72,"temp_mean":20.18},"geometry":{"type":"Point","coordinates":[-76.20324,3.763706]}},{"type":"Feature","properties":{"id":"ELNINO_0322","id_maestro":"ACUEDUCTO_0322","codigo":"2881","mun":"GINEBRA","aro":"Sur Cali","amb":"Rural","tipo":"DISPERSA","prest":"ACUEDUCTO COMUNITARIO CANAIMA","loc":"CANAIMA","pob":88,"susc":22,"q":3.0,"qesc":1.8,"dem":0.19,"bal":1.61,"trat":"Ninguno","tienetrat":"","tfuente":"Superficial","fuente":"QUEBRADA LA CHORRERA","P_operativa":"SIN CLASIFICAR","P_clima":"P2","precip_idx":26.5,"temp_anom":0.96,"clasif_fuente":"CHIRPS + ERA5-Land · GEE 1–15 ago 2026 vs 1991–2020 · matriz graduada V0.5","precip_sev":2,"temp_sev":0,"clima_score":2,"precip_mm":4.72,"temp_mean":20.18},"geometry":{"type":"Point","coordinates":[-76.20379,3.765994]}},{"type":"Feature","properties":{"id":"ELNINO_0323","id_maestro":"ACUEDUCTO_0323","codigo":"18314","mun":"GINEBRA","aro":"Sur Cali","amb":"Rural","tipo":"DISPERSA","prest":"ACUEDUCTO COMUNITARIO VEREDA MORAVIA","loc":"MORAVIA","pob":100,"susc":25,"q":2.0,"qesc":1.2,"dem":0.22,"bal":0.98,"trat":"Ninguno","tienetrat":"","tfuente":"Superficial","fuente":"QUEBRADA LA CHORRERA","P_operativa":"SIN CLASIFICAR","P_clima":"P2","precip_idx":28.9,"temp_anom":0.96,"clasif_fuente":"CHIRPS + ERA5-Land · GEE 1–15 ago 2026 vs 1991–2020 · matriz graduada V0.5","precip_sev":2,"temp_sev":0,"clima_score":2,"precip_mm":5.31,"temp_mean":16.63},"geometry":{"type":"Point","coordinates":[-76.19817,3.784583]}},{"type":"Feature","properties":{"id":"ELNINO_0324","id_maestro":"ACUEDUCTO_0324","codigo":"6844","mun":"GINEBRA","aro":"Sur Cali","amb":"Rural","tipo":"CENTRO POBLADO","prest":"ACUEDUCTO LA MARIA - GINEBRA","loc":"LA MARIA","pob":140,"susc":35,"q":2.5,"qesc":1.5,"dem":0.3,"bal":1.2,"trat":"Ninguno","tienetrat":"","tfuente":"Superficial","fuente":"QUEBRADA LA MARIA","P_operativa":"SIN CLASIFICAR","P_clima":"P1","precip_idx":25.2,"temp_anom":1.15,"clasif_fuente":"CHIRPS + ERA5-Land · GEE 1–15 ago 2026 vs 1991–2020 · matriz graduada V0.5","precip_sev":2,"temp_sev":1,"clima_score":3,"precip_mm":4.24,"temp_mean":20.18},"geometry":{"type":"Point","coordinates":[-76.24138,3.729383]}},{"type":"Feature","properties":{"id":"ELNINO_0325","id_maestro":"ACUEDUCTO_0325","codigo":"2874","mun":"GINEBRA","aro":"Sur Cali","amb":"Rural","tipo":"DISPERSA","prest":"ASOCIACIÓN COMUNITARIA ADMINISTRADORA DEL SERVICIO DE ACUEDUCTO VEREDA COMINAL","loc":"COMINAL","pob":100,"susc":25,"q":1.5,"qesc":0.9,"dem":0.22,"bal":0.68,"trat":"Ninguno","tienetrat":"","tfuente":"Superficial","fuente":"QUEBRADA LAS VIOLETAS","P_operativa":"SIN CLASIFICAR","P_clima":"P1","precip_idx":27.4,"temp_anom":1.15,"clasif_fuente":"CHIRPS + ERA5-Land · GEE 1–15 ago 2026 vs 1991–2020 · matriz graduada V0.5","precip_sev":2,"temp_sev":1,"clima_score":3,"precip_mm":4.79,"temp_mean":16.63},"geometry":{"type":"Point","coordinates":[-76.17742,3.733639]}},{"type":"Feature","properties":{"id":"ELNINO_0326","id_maestro":"ACUEDUCTO_0326","codigo":"10438","mun":"GINEBRA","aro":"Sur Cali","amb":"Rural","tipo":"DISPERSA","prest":"ASOCIACION COMUNITARIA DEL SERVICIO DE ACUEDUCTO Y ALCANTARILLADO BARRIO PUEBLO NUEVO, COSTA RICA, GINEBRA, VALLE - JUNCOSERVA","loc":"BARRIO PUEBLO NUEVO , CASA TESORERA","pob":372,"susc":93,"q":2.0,"qesc":1.2,"dem":0.8,"bal":0.4,"trat":"Solo desinfección","tienetrat":"","tfuente":"Subterránea","fuente":"NACIMIENTO AGUA LINDA","P_operativa":"SIN CLASIFICAR","P_clima":"P2","precip_idx":26.5,"temp_anom":0.96,"clasif_fuente":"CHIRPS + ERA5-Land · GEE 1–15 ago 2026 vs 1991–2020 · matriz graduada V0.5","precip_sev":2,"temp_sev":0,"clima_score":2,"precip_mm":4.72,"temp_mean":20.18},"geometry":{"type":"Point","coordinates":[-76.23164,3.752861]}},{"type":"Feature","properties":{"id":"ELNINO_0327","id_maestro":"ACUEDUCTO_0327","codigo":"350","mun":"GINEBRA","aro":"Sur Cali","amb":"Rural","tipo":"DISPERSA","prest":"ASOCIACIÓN DE USUARIOS ACUEDUCTO COLECTIVO - EL JARDIN","loc":"EL JARDIN.","pob":188,"susc":47,"q":1.5,"qesc":0.9,"dem":0.41,"bal":0.49,"trat":"Soluciones_Individuales","tienetrat":"","tfuente":"Superficial-Subterránea","fuente":"QUEBRADA EL SILENCIO, NACIMIENTO EL PIÑAL","P_operativa":"SIN CLASIFICAR","P_clima":"P1","precip_idx":27.4,"temp_anom":1.15,"clasif_fuente":"CHIRPS + ERA5-Land · GEE 1–15 ago 2026 vs 1991–2020 · matriz graduada V0.5","precip_sev":2,"temp_sev":1,"clima_score":3,"precip_mm":4.79,"temp_mean":16.63},"geometry":{"type":"Point","coordinates":[-76.17719,3.7467]}},{"type":"Feature","properties":{"id":"ELNINO_0328","id_maestro":"ACUEDUCTO_0328","codigo":"2884","mun":"GINEBRA","aro":"Sur Cali","amb":"Rural","tipo":"DISPERSA","prest":"ASOCIACION DE USUARIOS DEL ACUEDUCTO DE LA VEREDA LA CASCADA, GINEBRA VALLE EN LIQUIDACION - ASUALCA","loc":"LA CASCADA","pob":320,"susc":80,"q":2.0,"qesc":1.2,"dem":0.69,"bal":0.51,"trat":"Solo desinfección","tienetrat":"","tfuente":"Subterránea","fuente":"NACIMIENTO LA CASCADA","P_operativa":"SIN CLASIFICAR","P_clima":"P2","precip_idx":26.5,"temp_anom":0.96,"clasif_fuente":"CHIRPS + ERA5-Land · GEE 1–15 ago 2026 vs 1991–2020 · matriz graduada V0.5","precip_sev":2,"temp_sev":0,"clima_score":2,"precip_mm":4.72,"temp_mean":20.18},"geometry":{"type":"Point","coordinates":[-76.20577,3.778761]}},{"type":"Feature","properties":{"id":"ELNINO_0329","id_maestro":"ACUEDUCTO_0329","codigo":"349","mun":"GINEBRA","aro":"Sur Cali","amb":"Rural","tipo":"DISPERSA","prest":"ASOCIACION DE USUARIOS DEL ACUEDUCTO DEL CORREGIMIENTO LA SELVA. ASUACLAS","loc":"LA SELVA","pob":380,"susc":95,"q":1.5,"qesc":0.9,"dem":0.82,"bal":0.08,"trat":"Ninguno","tienetrat":"","tfuente":"Superficial","fuente":"QUEBRADA HOJAS ANCHAS","P_operativa":"SIN CLASIFICAR","P_clima":"P1","precip_idx":25.2,"temp_anom":1.15,"clasif_fuente":"CHIRPS + ERA5-Land · GEE 1–15 ago 2026 vs 1991–2020 · matriz graduada V0.5","precip_sev":2,"temp_sev":1,"clima_score":3,"precip_mm":4.24,"temp_mean":20.18},"geometry":{"type":"Point","coordinates":[-76.20719,3.746417]}},{"type":"Feature","properties":{"id":"ELNINO_0330","id_maestro":"ACUEDUCTO_0330","codigo":"3042","mun":"GINEBRA","aro":"Sur Cali","amb":"Rural","tipo":"CENTRO POBLADO","prest":"ASOCIACION DE USUARIOS DEL SERVICIO DE AGUA POTABLE ALCANTARILLADO ASEO COSTA RICA-GINEBRA-ASUALCAN","loc":"COSTA RICA.","pob":5028,"susc":1257,"q":12.0,"qesc":7.2,"dem":10.86,"bal":-3.66,"trat":"Planta Modular","tienetrat":1,"tfuente":"","fuente":"","P_operativa":"SIN CLASIFICAR","P_clima":"P1","precip_idx":25.2,"temp_anom":1.15,"clasif_fuente":"CHIRPS + ERA5-Land · GEE 1–15 ago 2026 vs 1991–2020 · matriz graduada V0.5","precip_sev":2,"temp_sev":1,"clima_score":3,"precip_mm":4.24,"temp_mean":20.18},"geometry":{"type":"Point","coordinates":[-76.23744,3.73585]}},{"type":"Feature","properties":{"id":"ELNINO_0331","id_maestro":"ACUEDUCTO_0331","codigo":"6836","mun":"GINEBRA","aro":"Sur Cali","amb":"Rural","tipo":"DISPERSA","prest":"ASOCIACION JUNTA ADMINISTRADORA DEL ACUEDUCTO DE LA VEREDA PATIO BONITO","loc":"PATIO BONITO","pob":312,"susc":78,"q":2.0,"qesc":1.2,"dem":0.67,"bal":0.53,"trat":"FIME","tienetrat":1,"tfuente":"Superficial","fuente":"QUEBRADA JERICÓ, QUEBRADA PAPURRINAS","P_operativa":"SIN CLASIFICAR","P_clima":"P1","precip_idx":25.2,"temp_anom":1.15,"clasif_fuente":"CHIRPS + ERA5-Land · GEE 1–15 ago 2026 vs 1991–2020 · matriz graduada V0.5","precip_sev":2,"temp_sev":1,"clima_score":3,"precip_mm":4.24,"temp_mean":20.18},"geometry":{"type":"Point","coordinates":[-76.21821,3.732781]}},{"type":"Feature","properties":{"id":"ELNINO_0332","id_maestro":"ACUEDUCTO_0332","codigo":"2877","mun":"GINEBRA","aro":"Sur Cali","amb":"Rural","tipo":"DISPERSA","prest":"ASOCIACION USUARIOS ACUEDUCTO RURAL COMUNITARIO COCUYOS","loc":"COCUYOS.","pob":340,"susc":85,"q":2.0,"qesc":1.2,"dem":0.73,"bal":0.47,"trat":"Filtración Compacta","tienetrat":1,"tfuente":"Superficial","fuente":"QUEBRADA CAMPOALEGRE, QUEBRADA MIRAFLORES","P_operativa":"SIN CLASIFICAR","P_clima":"P2","precip_idx":26.5,"temp_anom":0.96,"clasif_fuente":"CHIRPS + ERA5-Land · GEE 1–15 ago 2026 vs 1991–2020 · matriz graduada V0.5","precip_sev":2,"temp_sev":0,"clima_score":2,"precip_mm":4.72,"temp_mean":20.18},"geometry":{"type":"Point","coordinates":[-76.20067,3.763647]}},{"type":"Feature","properties":{"id":"ELNINO_0333","id_maestro":"ACUEDUCTO_0333","codigo":"19124","mun":"GINEBRA","aro":"Sur Cali","amb":"Rural","tipo":"DISPERSA","prest":"COMITE DE PRO ACUEDUCTO PORTUGAL BAJO","loc":"PORTUGAL PARTE BAJA","pob":68,"susc":17,"q":1.8,"qesc":1.08,"dem":0.15,"bal":0.93,"trat":"Solo desinfección","tienetrat":"","tfuente":"Subterránea","fuente":"NACIMIENTO FINCA LOS LOPEZ","P_operativa":"SIN CLASIFICAR","P_clima":"P2","precip_idx":28.9,"temp_anom":0.96,"clasif_fuente":"CHIRPS + ERA5-Land · GEE 1–15 ago 2026 vs 1991–2020 · matriz graduada V0.5","precip_sev":2,"temp_sev":0,"clima_score":2,"precip_mm":5.31,"temp_mean":16.63},"geometry":{"type":"Point","coordinates":[-76.16402,3.757531]}},{"type":"Feature","properties":{"id":"ELNINO_0334","id_maestro":"ACUEDUCTO_0334","codigo":"2875","mun":"GINEBRA","aro":"Sur Cali","amb":"Rural","tipo":"DISPERSA","prest":"FLAUTAS AGUAS E.S.P. S.A","loc":"FLAUTAS","pob":208,"susc":52,"q":1.5,"qesc":0.9,"dem":0.45,"bal":0.45,"trat":"Soluciones_Individuales (50%)","tienetrat":"","tfuente":"Superficial","fuente":"QUEBRADA EL RINCON SANTO","P_operativa":"SIN CLASIFICAR","P_clima":"P1","precip_idx":27.4,"temp_anom":1.15,"clasif_fuente":"CHIRPS + ERA5-Land · GEE 1–15 ago 2026 vs 1991–2020 · matriz graduada V0.5","precip_sev":2,"temp_sev":1,"clima_score":3,"precip_mm":4.79,"temp_mean":16.63},"geometry":{"type":"Point","coordinates":[-76.19239,3.722769]}},{"type":"Feature","properties":{"id":"ELNINO_0335","id_maestro":"ACUEDUCTO_0335","codigo":"352","mun":"GINEBRA","aro":"Sur Cali","amb":"Rural","tipo":"DISPERSA","prest":"JUNTA ADMINISTRADORA ACUEDUCTO DE JUNTAS","loc":"JUNTAS","pob":176,"susc":44,"q":2.0,"qesc":1.2,"dem":0.38,"bal":0.82,"trat":"Filtración Compacta","tienetrat":1,"tfuente":"Superficial","fuente":"QUEBRADA LA CHORRERA","P_operativa":"SIN CLASIFICAR","P_clima":"P2","precip_idx":28.9,"temp_anom":0.96,"clasif_fuente":"CHIRPS + ERA5-Land · GEE 1–15 ago 2026 vs 1991–2020 · matriz graduada V0.5","precip_sev":2,"temp_sev":0,"clima_score":2,"precip_mm":5.31,"temp_mean":16.63},"geometry":{"type":"Point","coordinates":[-76.16472,3.773839]}},{"type":"Feature","properties":{"id":"ELNINO_0336","id_maestro":"ACUEDUCTO_0336","codigo":"6523","mun":"GINEBRA","aro":"Sur Cali","amb":"Rural","tipo":"DISPERSA","prest":"JUNTA ADMINISTRADORA ACUEDUCTO LOMA GORDA","loc":"LOMA GORDA","pob":264,"susc":66,"q":2.0,"qesc":1.2,"dem":0.57,"bal":0.63,"trat":"Filtración Compacta","tienetrat":1,"tfuente":"Superficial","fuente":"QUEBRADA POPURRINAS","P_operativa":"SIN CLASIFICAR","P_clima":"P1","precip_idx":25.2,"temp_anom":1.15,"clasif_fuente":"CHIRPS + ERA5-Land · GEE 1–15 ago 2026 vs 1991–2020 · matriz graduada V0.5","precip_sev":2,"temp_sev":1,"clima_score":3,"precip_mm":4.24,"temp_mean":20.18},"geometry":{"type":"Point","coordinates":[-76.23867,3.722414]}},{"type":"Feature","properties":{"id":"ELNINO_0337","id_maestro":"ACUEDUCTO_0337","codigo":"353","mun":"GINEBRA","aro":"Sur Cali","amb":"Rural","tipo":"DISPERSA","prest":"JUNTA ADMINISTRADORA ACUEDUCTO RURAL BETANIA","loc":"BETANIA","pob":152,"susc":38,"q":2.0,"qesc":1.2,"dem":0.33,"bal":0.87,"trat":"Ninguno","tienetrat":"","tfuente":"Superficial","fuente":"QUEBRADA EL PARAGUA","P_operativa":"SIN CLASIFICAR","P_clima":"P2","precip_idx":28.9,"temp_anom":0.96,"clasif_fuente":"CHIRPS + ERA5-Land · GEE 1–15 ago 2026 vs 1991–2020 · matriz graduada V0.5","precip_sev":2,"temp_sev":0,"clima_score":2,"precip_mm":5.31,"temp_mean":16.63},"geometry":{"type":"Point","coordinates":[-76.17096,3.758731]}},{"type":"Feature","properties":{"id":"ELNINO_0338","id_maestro":"ACUEDUCTO_0338","codigo":"348","mun":"GINEBRA","aro":"Sur Cali","amb":"Rural","tipo":"DISPERSA","prest":"JUNTA ADMINISTRADORA ACUEDUCTO VALLENOBA","loc":"BARRANCO ALTO (50), NOVILLERA (33), VALLEDUPAR (43)","pob":560,"susc":140,"q":10.0,"qesc":6.0,"dem":1.21,"bal":4.79,"trat":"Filtración Compacta","tienetrat":1,"tfuente":"Subterránea","fuente":"NACIMIENTO EL DIAMANTE","P_operativa":"SIN CLASIFICAR","P_clima":"P1","precip_idx":27.4,"temp_anom":1.15,"clasif_fuente":"CHIRPS + ERA5-Land · GEE 1–15 ago 2026 vs 1991–2020 · matriz graduada V0.5","precip_sev":2,"temp_sev":1,"clima_score":3,"precip_mm":4.79,"temp_mean":16.63},"geometry":{"type":"Point","coordinates":[-76.19916,3.713947]}},{"type":"Feature","properties":{"id":"ELNINO_0339","id_maestro":"ACUEDUCTO_0339","codigo":"6829","mun":"GINEBRA","aro":"Sur Cali","amb":"Rural","tipo":"DISPERSA","prest":"JUNTA ADMINISTRADORA DE ACUEDUCTO LA CUESTA LA NOVILLERA","loc":"SABALETAS (5), LACUESTA (52), NOVILLERA (28)","pob":372,"susc":93,"q":6.0,"qesc":3.6,"dem":0.8,"bal":2.8,"trat":"FIME","tienetrat":1,"tfuente":"Superficial","fuente":"RIO ZABALETAS","P_operativa":"SIN CLASIFICAR","P_clima":"P1","precip_idx":27.2,"temp_anom":1.15,"clasif_fuente":"CHIRPS + ERA5-Land · GEE 1–15 ago 2026 vs 1991–2020 · matriz graduada V0.5","precip_sev":2,"temp_sev":1,"clima_score":3,"precip_mm":4.43,"temp_mean":21.19},"geometry":{"type":"Point","coordinates":[-76.24111,3.687772]}},{"type":"Feature","properties":{"id":"ELNINO_0340","id_maestro":"ACUEDUCTO_0340","codigo":"347","mun":"GINEBRA","aro":"Sur Cali","amb":"Rural","tipo":"DISPERSA","prest":"JUNTA ADMINISTRADORA DEL ACUEDUCTO LOS MEDIOS ASOMEDIOS","loc":"LOS MEDIOS","pob":140,"susc":35,"q":3.0,"qesc":1.8,"dem":0.3,"bal":1.5,"trat":"Ninguno","tienetrat":"","tfuente":"Subterránea","fuente":"NACIMIENTO EL POLEAL","P_operativa":"SIN CLASIFICAR","P_clima":"P2","precip_idx":41.0,"temp_anom":1.15,"clasif_fuente":"CHIRPS + ERA5-Land · GEE 1–15 ago 2026 vs 1991–2020 · matriz graduada V0.5","precip_sev":1,"temp_sev":1,"clima_score":2,"precip_mm":6.75,"temp_mean":18.72},"geometry":{"type":"Point","coordinates":[-76.18792,3.6895]}},{"type":"Feature","properties":{"id":"ELNINO_0341","id_maestro":"ACUEDUCTO_0341","codigo":"351","mun":"GINEBRA","aro":"Sur Cali","amb":"Rural","tipo":"DISPERSA","prest":"JUNTA DE ACCIÓN COMUNAL VEREDA LAS HERMOSAS.","loc":"LAS HERMOSAS","pob":72,"susc":18,"q":2.0,"qesc":1.2,"dem":0.16,"bal":1.04,"trat":"Ninguno","tienetrat":"","tfuente":"Superficial","fuente":"QUEBRADA CANTA RANA","P_operativa":"SIN CLASIFICAR","P_clima":"P3","precip_idx":30.7,"temp_anom":0.64,"clasif_fuente":"CHIRPS + ERA5-Land · GEE 1–15 ago 2026 vs 1991–2020 · matriz graduada V0.5","precip_sev":1,"temp_sev":0,"clima_score":1,"precip_mm":6.15,"temp_mean":16.63},"geometry":{"type":"Point","coordinates":[-76.13538,3.776097]}},{"type":"Feature","properties":{"id":"ELNINO_0342","id_maestro":"ACUEDUCTO_0342","codigo":"6525","mun":"GINEBRA","aro":"Sur Cali","amb":"Rural","tipo":"DISPERSA","prest":"LA ASOCIACION DE USUARIOS DEL SERVICIO DE ACUEDUCTO DE LA VEREDA BARRANCO BAJO - MUNICIPIO DE GINEBRA - VALLE. ASUABA.","loc":"BARRANCO BAJO","pob":440,"susc":110,"q":2.0,"qesc":1.2,"dem":0.95,"bal":0.25,"trat":"Filtración Compacta","tienetrat":1,"tfuente":"","fuente":"","P_operativa":"SIN CLASIFICAR","P_clima":"P1","precip_idx":25.2,"temp_anom":1.15,"clasif_fuente":"CHIRPS + ERA5-Land · GEE 1–15 ago 2026 vs 1991–2020 · matriz graduada V0.5","precip_sev":2,"temp_sev":1,"clima_score":3,"precip_mm":4.24,"temp_mean":20.18},"geometry":{"type":"Point","coordinates":[-76.23633,3.706281]}},{"type":"Feature","properties":{"id":"ELNINO_0343","id_maestro":"ACUEDUCTO_0343","codigo":"38","mun":"GINEBRA","aro":"Sur Cali","amb":"Urbano","tipo":"CABECERA MUNICIPAL","prest":"SOCIEDAD DE ACUEDUCTOS Y ALCANTARILLADOS DEL VALLE DEL CAUCA S.A. E.S.P. ACUAVALLE S.A. E.S.P. - GINEBRA","loc":"URBANO, LA FLORESTA, VILLAVANEGAS, LA CRUZ, LOS SAUCES, EL GUABITO, COSTARICA, MOSOCO","pob":19400,"susc":4850,"q":60.0,"qesc":36.0,"dem":41.92,"bal":-5.92,"trat":"Convencional","tienetrat":1,"tfuente":"Superficial","fuente":"RIO GUABAS","P_operativa":"SIN CLASIFICAR","P_clima":"P1","precip_idx":23.4,"temp_anom":1.76,"clasif_fuente":"CHIRPS + ERA5-Land · GEE 1–15 ago 2026 vs 1991–2020 · matriz graduada V0.5","precip_sev":2,"temp_sev":2,"clima_score":4,"precip_mm":4.5,"temp_mean":20.18},"geometry":{"type":"Point","coordinates":[-76.30033,3.724]}},{"type":"Feature","properties":{"id":"ELNINO_0344","id_maestro":"ACUEDUCTO_0344","codigo":null,"mun":"GUACARÍ","aro":"Sur Cali","amb":"Rural","tipo":"DISPERSA","prest":"ASOCIACION ACUEDUCTO LA CASCADA","loc":"LA MAGDALENA","pob":112,"susc":28,"q":2.0,"qesc":1.2,"dem":0.24,"bal":0.96,"trat":"Solo desinfección","tienetrat":"","tfuente":"Superficial","fuente":"QUEBRADA LA MAGDALENA","P_operativa":"SIN CLASIFICAR","P_clima":"P2","precip_idx":26.5,"temp_anom":0.96,"clasif_fuente":"CHIRPS + ERA5-Land · GEE 1–15 ago 2026 vs 1991–2020 · matriz graduada V0.5","precip_sev":2,"temp_sev":0,"clima_score":2,"precip_mm":4.72,"temp_mean":20.18},"geometry":{"type":"Point","coordinates":[-76.21327,3.797458]}},{"type":"Feature","properties":{"id":"ELNINO_0345","id_maestro":"ACUEDUCTO_0345","codigo":"1391","mun":"GUACARÍ","aro":"Sur Cali","amb":"Rural","tipo":"CENTRO POBLADO","prest":"ASOCIACION ADMINISTRADORA DEL ACUEDUCTO RURAL COMUNITARIO ACUASALUD PUENTE ROJO - ACUAPUERO","loc":"PUENTE ROJO","pob":1052,"susc":263,"q":3.0,"qesc":1.8,"dem":2.27,"bal":-0.47,"trat":"Solo desinfección","tienetrat":"","tfuente":"","fuente":"","P_operativa":"SIN CLASIFICAR","P_clima":"P2","precip_idx":26.5,"temp_anom":0.96,"clasif_fuente":"CHIRPS + ERA5-Land · GEE 1–15 ago 2026 vs 1991–2020 · matriz graduada V0.5","precip_sev":2,"temp_sev":0,"clima_score":2,"precip_mm":4.72,"temp_mean":20.18},"geometry":{"type":"Point","coordinates":[-76.22817,3.786111]}},{"type":"Feature","properties":{"id":"ELNINO_0346","id_maestro":"ACUEDUCTO_0346","codigo":"1393","mun":"GUACARÍ","aro":"Sur Cali","amb":"Rural","tipo":"CENTRO POBLADO","prest":"ASOCIACION COMUNITARIA ADMINISTRADORA DEL ACUEDUCTO DE LA VEREDA EL PLACER, GUACARI - ACOPLA","loc":"EL PLACER","pob":324,"susc":81,"q":1.8,"qesc":1.08,"dem":0.7,"bal":0.38,"trat":"Filtración Compacta","tienetrat":1,"tfuente":"Superficial","fuente":"RIO GUABAS","P_operativa":"SIN CLASIFICAR","P_clima":"P1","precip_idx":25.2,"temp_anom":1.35,"clasif_fuente":"CHIRPS + ERA5-Land · GEE 1–15 ago 2026 vs 1991–2020 · matriz graduada V0.5","precip_sev":2,"temp_sev":1,"clima_score":3,"precip_mm":4.86,"temp_mean":20.18},"geometry":{"type":"Point","coordinates":[-76.28214,3.766931]}},{"type":"Feature","properties":{"id":"ELNINO_0347","id_maestro":"ACUEDUCTO_0347","codigo":"14565","mun":"GUACARÍ","aro":"Sur Cali","amb":"Rural","tipo":"DISPERSA","prest":"ASOCIACION DE USUARIOS DEL ACUEDUCTO Y ALCANTARILLADO DE LOS CORREGIMIENTOS DE ALTO DE LA JULIA, LA MAGDALENA Y LA VEREDA DE CHAFA","loc":"ALTO LA JULIA , LA MAGDALENA , CHAFALOTE","pob":664,"susc":166,"q":3.0,"qesc":1.8,"dem":1.43,"bal":0.37,"trat":"Solo desinfección","tienetrat":"","tfuente":"Superficial","fuente":"LA CRISTALINA., QUEBRADA LA MAGDALENA","P_operativa":"SIN CLASIFICAR","P_clima":"P2","precip_idx":26.5,"temp_anom":0.96,"clasif_fuente":"CHIRPS + ERA5-Land · GEE 1–15 ago 2026 vs 1991–2020 · matriz graduada V0.5","precip_sev":2,"temp_sev":0,"clima_score":2,"precip_mm":4.72,"temp_mean":20.18},"geometry":{"type":"Point","coordinates":[-76.23116,3.788542]}},{"type":"Feature","properties":{"id":"ELNINO_0348","id_maestro":"ACUEDUCTO_0348","codigo":"3039","mun":"GUACARÍ","aro":"Sur Cali","amb":"Rural","tipo":"CENTRO POBLADO","prest":"ASOCIACION SUSCRIPTORES ACUEDUCTO REGIONAL RURAL COMUNITARIO STA ROSA DE TAPIAS, GUACARI. ACUATAPIAS","loc":"SANTA ROSA, LA TESALIA, ALTO DE TAPIAS, POMARES, ALTO DE GUACAS Y BAJO GUACAS, SAN ANTONIO","pob":2412,"susc":603,"q":5.0,"qesc":3.0,"dem":5.21,"bal":-2.21,"trat":"Filtración Compacta+Soluciones Individuales(Pomares)","tienetrat":"","tfuente":"Superficial","fuente":"QUEBRADA TAPIAS","P_operativa":"SIN CLASIFICAR","P_clima":"P1","precip_idx":23.8,"temp_anom":1.35,"clasif_fuente":"CHIRPS + ERA5-Land · GEE 1–15 ago 2026 vs 1991–2020 · matriz graduada V0.5","precip_sev":2,"temp_sev":1,"clima_score":3,"precip_mm":4.69,"temp_mean":20.11},"geometry":{"type":"Point","coordinates":[-76.25703,3.841694]}},{"type":"Feature","properties":{"id":"ELNINO_0349","id_maestro":"ACUEDUCTO_0349","codigo":"359","mun":"GUACARÍ","aro":"Sur Cali","amb":"Rural","tipo":"DISPERSA","prest":"ASOJUMACHAGUA","loc":"CHAFALOTE, ALTO DE LA JULIA, MAGDALENA","pob":560,"susc":140,"q":3.0,"qesc":1.8,"dem":1.21,"bal":0.59,"trat":"Ninguno","tienetrat":"","tfuente":"","fuente":"","P_operativa":"SIN CLASIFICAR","P_clima":"P2","precip_idx":26.5,"temp_anom":0.96,"clasif_fuente":"CHIRPS + ERA5-Land · GEE 1–15 ago 2026 vs 1991–2020 · matriz graduada V0.5","precip_sev":2,"temp_sev":0,"clima_score":2,"precip_mm":4.72,"temp_mean":20.18},"geometry":{"type":"Point","coordinates":[-76.23116,3.788542]}},{"type":"Feature","properties":{"id":"ELNINO_0350","id_maestro":"ACUEDUCTO_0350","codigo":"1392","mun":"GUACARÍ","aro":"Sur Cali","amb":"Rural","tipo":"CENTRO POBLADO","prest":"INGENIO PICHICHI S.A.","loc":"PICHICHI , INGENIO PICHICHI.","pob":803,"susc":1,"q":10.0,"qesc":6.0,"dem":1.74,"bal":4.26,"trat":"FIME","tienetrat":1,"tfuente":"Superficial","fuente":"QUEBRADA LA MAGDALENA","P_operativa":"SIN CLASIFICAR","P_clima":"P1","precip_idx":25.2,"temp_anom":1.35,"clasif_fuente":"CHIRPS + ERA5-Land · GEE 1–15 ago 2026 vs 1991–2020 · matriz graduada V0.5","precip_sev":2,"temp_sev":1,"clima_score":3,"precip_mm":4.86,"temp_mean":20.18},"geometry":{"type":"Point","coordinates":[-76.27735,3.774303]}},{"type":"Feature","properties":{"id":"ELNINO_0351","id_maestro":"ACUEDUCTO_0351","codigo":"39","mun":"GUACARÍ","aro":"Sur Cali","amb":"Urbano","tipo":"CABECERA MUNICIPAL","prest":"SOCIEDAD DE ACUEDUCTOS Y ALCANTARILLADOS DEL VALLE DEL CAUCA S.A. E.S.P. ACUAVALLE S.A. E.S.P. - GUACARÍ","loc":"URBANO, SONSO, GUABAS, GUABITAS, CANANGUA, VILLA NUEVA, GUACAS, ALTO CANANGUA, EL GUABITO","pob":47792,"susc":11948,"q":120.0,"qesc":72.0,"dem":103.27,"bal":-31.27,"trat":"Convencional","tienetrat":1,"tfuente":"Superficial","fuente":"RIO GUABAS","P_operativa":"SIN CLASIFICAR","P_clima":"P1","precip_idx":25.2,"temp_anom":1.35,"clasif_fuente":"CHIRPS + ERA5-Land · GEE 1–15 ago 2026 vs 1991–2020 · matriz graduada V0.5","precip_sev":2,"temp_sev":1,"clima_score":3,"precip_mm":5.36,"temp_mean":20.15},"geometry":{"type":"Point","coordinates":[-76.32672,3.768]}},{"type":"Feature","properties":{"id":"ELNINO_0352","id_maestro":"ACUEDUCTO_0352","codigo":"16562","mun":"LA CUMBRE","aro":"Sur Cali","amb":"Rural","tipo":"DISPERSA","prest":"ACUEDUCTO COMUNIARIO CENTENARIO","loc":"CENTENARIO","pob":200,"susc":50,"q":5.0,"qesc":3.0,"dem":0.43,"bal":2.57,"trat":"Ninguno","tienetrat":"","tfuente":"Subterránea","fuente":"QUEBRADA CENTENARIO","P_operativa":"SIN CLASIFICAR","P_clima":"P1","precip_idx":38.2,"temp_anom":2.11,"clasif_fuente":"CHIRPS + ERA5-Land · GEE 1–15 ago 2026 vs 1991–2020 · matriz graduada V0.5","precip_sev":1,"temp_sev":2,"clima_score":3,"precip_mm":8.36,"temp_mean":20.95},"geometry":{"type":"Point","coordinates":[-76.59676,3.615006]}},{"type":"Feature","properties":{"id":"ELNINO_0353","id_maestro":"ACUEDUCTO_0353","codigo":"3670","mun":"LA CUMBRE","aro":"Sur Cali","amb":"Rural","tipo":"DISPERSA","prest":"ACUEDUCTO COMUNITARIO EL RETIRO PARTE BAJA","loc":"EL RETIRO PARTE BAJA","pob":272,"susc":68,"q":4.0,"qesc":2.4,"dem":0.59,"bal":1.81,"trat":"Solo desinfección","tienetrat":"","tfuente":"Superficial","fuente":"QUEBRADA EL RETIRO","P_operativa":"SIN CLASIFICAR","P_clima":"P1","precip_idx":42.0,"temp_anom":2.11,"clasif_fuente":"CHIRPS + ERA5-Land · GEE 1–15 ago 2026 vs 1991–2020 · matriz graduada V0.5","precip_sev":1,"temp_sev":2,"clima_score":3,"precip_mm":8.92,"temp_mean":21.24},"geometry":{"type":"Point","coordinates":[-76.58258,3.59945]}},{"type":"Feature","properties":{"id":"ELNINO_0354","id_maestro":"ACUEDUCTO_0354","codigo":"110","mun":"LA CUMBRE","aro":"Sur Cali","amb":"Rural","tipo":"DISPERSA","prest":"ADMINISTRACION COOPERATIVA LA CUMBRE DAGUA E.S.P.","loc":"LA CUMBRE: ZARAGOZA, PUENTE PALO, CHICORAL, LOMITAS, GUADALUPE, RINCON SANTO, BELLAVISTA / DAGUA: PA","pob":6868,"susc":1717,"q":12.1,"qesc":7.26,"dem":14.84,"bal":-7.58,"trat":"Solo desinfección","tienetrat":"","tfuente":"Superficial","fuente":"QUEBRADA SANTA ANA","P_operativa":"SIN CLASIFICAR","P_clima":"P1","precip_idx":42.0,"temp_anom":2.11,"clasif_fuente":"CHIRPS + ERA5-Land · GEE 1–15 ago 2026 vs 1991–2020 · matriz graduada V0.5","precip_sev":1,"temp_sev":2,"clima_score":3,"precip_mm":8.92,"temp_mean":21.24},"geometry":{"type":"Point","coordinates":[-76.57239,3.587417]}},{"type":"Feature","properties":{"id":"ELNINO_0355","id_maestro":"ACUEDUCTO_0355","codigo":"1375","mun":"LA CUMBRE","aro":"Sur Cali","amb":"Rural","tipo":"CENTRO POBLADO","prest":"ASOCIACION COMUNITARIA ADMINISTRADORA ACUEDUCTO BITACO-ASCABI","loc":"BITACO","pob":1196,"susc":299,"q":3.7,"qesc":2.22,"dem":2.58,"bal":-0.36,"trat":"Filtración Compacta","tienetrat":1,"tfuente":"Superficial","fuente":"EL SILENCIO","P_operativa":"SIN CLASIFICAR","P_clima":"P1","precip_idx":38.2,"temp_anom":2.11,"clasif_fuente":"CHIRPS + ERA5-Land · GEE 1–15 ago 2026 vs 1991–2020 · matriz graduada V0.5","precip_sev":1,"temp_sev":2,"clima_score":3,"precip_mm":8.36,"temp_mean":20.95},"geometry":{"type":"Point","coordinates":[-76.59947,3.610564]}},{"type":"Feature","properties":{"id":"ELNINO_0356","id_maestro":"ACUEDUCTO_0356","codigo":"107","mun":"LA CUMBRE","aro":"Sur Cali","amb":"Rural","tipo":"CENTRO POBLADO","prest":"ASOCIACIÓN COMUNITARIA ADMINISTRADORA DEL ACUEDUCTO DE PAVAS - ACAAPAVAS","loc":"PAVAS","pob":8464,"susc":2116,"q":15.0,"qesc":9.0,"dem":18.29,"bal":-9.29,"trat":"Planta Modular","tienetrat":1,"tfuente":"","fuente":"","P_operativa":"SIN CLASIFICAR","P_clima":"P2","precip_idx":41.7,"temp_anom":1.27,"clasif_fuente":"CHIRPS + ERA5-Land · GEE 1–15 ago 2026 vs 1991–2020 · matriz graduada V0.5","precip_sev":1,"temp_sev":1,"clima_score":2,"precip_mm":8.84,"temp_mean":21.24},"geometry":{"type":"Point","coordinates":[-76.58583,3.520278]}},{"type":"Feature","properties":{"id":"ELNINO_0357","id_maestro":"ACUEDUCTO_0357","codigo":"1380","mun":"LA CUMBRE","aro":"Sur Cali","amb":"Rural","tipo":"DISPERSA","prest":"ASOCIACION COMUNITARIA ALTO SANO EMPRESA DE SERVICIOS PUBLICOS - ASOALTOSANO E.S.P.","loc":"ALTO SANO","pob":492,"susc":123,"q":1.0,"qesc":0.6,"dem":1.06,"bal":-0.46,"trat":"Solo desinfección","tienetrat":"","tfuente":"Superficial","fuente":"QUEBRADA CENTENARIO","P_operativa":"SIN CLASIFICAR","P_clima":"P1","precip_idx":38.2,"temp_anom":2.11,"clasif_fuente":"CHIRPS + ERA5-Land · GEE 1–15 ago 2026 vs 1991–2020 · matriz graduada V0.5","precip_sev":1,"temp_sev":2,"clima_score":3,"precip_mm":8.36,"temp_mean":20.95},"geometry":{"type":"Point","coordinates":[-76.59375,3.622275]}},{"type":"Feature","properties":{"id":"ELNINO_0358","id_maestro":"ACUEDUCTO_0358","codigo":"104","mun":"LA CUMBRE","aro":"Sur Cali","amb":"Rural","tipo":"CENTRO POBLADO","prest":"ASOCIACION DE SUSCRIPTORES DEL ACUEDUCTO DE LA VEREDA PAVITAS - ASOACUEDUCTO PAVITAS","loc":"PAVITAS","pob":440,"susc":110,"q":1.8,"qesc":1.08,"dem":0.95,"bal":0.13,"trat":"Solo desinfección","tienetrat":"","tfuente":"Subterránea","fuente":"NACIMIENTO LA AMAPOLA","P_operativa":"SIN CLASIFICAR","P_clima":"P1","precip_idx":42.2,"temp_anom":2.02,"clasif_fuente":"CHIRPS + ERA5-Land · GEE 1–15 ago 2026 vs 1991–2020 · matriz graduada V0.5","precip_sev":1,"temp_sev":2,"clima_score":3,"precip_mm":9.84,"temp_mean":20.95},"geometry":{"type":"Point","coordinates":[-76.55694,3.659722]}},{"type":"Feature","properties":{"id":"ELNINO_0359","id_maestro":"ACUEDUCTO_0359","codigo":"10121","mun":"LA CUMBRE","aro":"Sur Cali","amb":"Rural","tipo":"DISPERSA","prest":"ASOCIACION DE SUSCRIPTORES DEL ACUEDUCTO ZARAGOZA, BITACO. AGUAZ","loc":"ZARAGOZA","pob":240,"susc":60,"q":2.5,"qesc":1.5,"dem":0.52,"bal":0.98,"trat":"Solo desinfección","tienetrat":"","tfuente":"Superficial","fuente":"BITACO","P_operativa":"SIN CLASIFICAR","P_clima":"P1","precip_idx":41.6,"temp_anom":2.11,"clasif_fuente":"CHIRPS + ERA5-Land · GEE 1–15 ago 2026 vs 1991–2020 · matriz graduada V0.5","precip_sev":1,"temp_sev":2,"clima_score":3,"precip_mm":10.31,"temp_mean":20.59},"geometry":{"type":"Point","coordinates":[-76.60561,3.5815]}},{"type":"Feature","properties":{"id":"ELNINO_0360","id_maestro":"ACUEDUCTO_0360","codigo":"3618","mun":"LA CUMBRE","aro":"Sur Cali","amb":"Rural","tipo":"DISPERSA","prest":"ASOCIACION DE USUARIOS ACUEDUCTO CHICORAL ALTO - ASOCHICORAL","loc":"CHICORAL","pob":300,"susc":75,"q":2.0,"qesc":1.2,"dem":0.65,"bal":0.55,"trat":"Solo desinfección","tienetrat":"","tfuente":"Subterránea","fuente":"NACIMIENTO FINCA LA TAMBOCHA","P_operativa":"SIN CLASIFICAR","P_clima":"P1","precip_idx":42.0,"temp_anom":2.11,"clasif_fuente":"CHIRPS + ERA5-Land · GEE 1–15 ago 2026 vs 1991–2020 · matriz graduada V0.5","precip_sev":1,"temp_sev":2,"clima_score":3,"precip_mm":8.92,"temp_mean":21.24},"geometry":{"type":"Point","coordinates":[-76.58703,3.5729]}},{"type":"Feature","properties":{"id":"ELNINO_0361","id_maestro":"ACUEDUCTO_0361","codigo":"1372","mun":"LA CUMBRE","aro":"Sur Cali","amb":"Rural","tipo":"CENTRO POBLADO","prest":"ASOCIACION DE USUARIOS ANTIGUO ACUEDUCTO BITACO - SUANABIT","loc":"BITACO","pob":184,"susc":46,"q":1.5,"qesc":0.9,"dem":0.4,"bal":0.5,"trat":"Solo desinfección","tienetrat":"","tfuente":"Superficial","fuente":"QUEBRADA ZARAGOZA","P_operativa":"SIN CLASIFICAR","P_clima":"P1","precip_idx":38.2,"temp_anom":2.11,"clasif_fuente":"CHIRPS + ERA5-Land · GEE 1–15 ago 2026 vs 1991–2020 · matriz graduada V0.5","precip_sev":1,"temp_sev":2,"clima_score":3,"precip_mm":8.36,"temp_mean":20.95},"geometry":{"type":"Point","coordinates":[-76.59889,3.609167]}},{"type":"Feature","properties":{"id":"ELNINO_0362","id_maestro":"ACUEDUCTO_0362","codigo":"108","mun":"LA CUMBRE","aro":"Sur Cali","amb":"Rural","tipo":"DISPERSA","prest":"ASOCIACION DE USUARIOS DEL ACUEDUCTO DE PARRAGA","loc":"PARRAGA, MORALES","pob":900,"susc":225,"q":3.0,"qesc":1.8,"dem":1.94,"bal":-0.14,"trat":"Filtración Compacta","tienetrat":1,"tfuente":"Subterránea","fuente":"NACIMIENTO CHARCO DEL DIABLO","P_operativa":"SIN CLASIFICAR","P_clima":"P1","precip_idx":42.2,"temp_anom":2.02,"clasif_fuente":"CHIRPS + ERA5-Land · GEE 1–15 ago 2026 vs 1991–2020 · matriz graduada V0.5","precip_sev":1,"temp_sev":2,"clima_score":3,"precip_mm":9.84,"temp_mean":20.95},"geometry":{"type":"Point","coordinates":[-76.59754,3.68895]}},{"type":"Feature","properties":{"id":"ELNINO_0259","id_maestro":"ACUEDUCTO_0363","codigo":"1378","mun":"LA CUMBRE","aro":"Sur Cali","amb":"Rural","tipo":"DISPERSA","prest":"ASOCIACION DE USUARIOS DEL ACUEDUCTO DE SANTA FE DEL MUNICIPIO DE LA CUMBRE","loc":"SANTA FE","pob":480,"susc":120,"q":3.5,"qesc":2.1,"dem":1.04,"bal":1.06,"trat":"Soluciones_Individuales","tienetrat":1,"tfuente":"Superficial","fuente":"QUEBRADA CENTENARIO","P_operativa":"SIN CLASIFICAR","P_clima":"P1","precip_idx":38.2,"temp_anom":2.11,"clasif_fuente":"CHIRPS + ERA5-Land · GEE 1–15 ago 2026 vs 1991–2020 · matriz graduada V0.5","precip_sev":1,"temp_sev":2,"clima_score":3,"precip_mm":8.36,"temp_mean":20.95},"geometry":{"type":"Point","coordinates":[-76.58278,3.613664]}},{"type":"Feature","properties":{"id":"ELNINO_0364","id_maestro":"ACUEDUCTO_0364","codigo":"3957","mun":"LA CUMBRE","aro":"Sur Cali","amb":"Rural","tipo":"CENTRO POBLADO","prest":"ASOCIACION DE USUARIOS DEL ACUEDUCTO VEREDAL UNIDO DEL CRGTO DE JIGUALES - ASOJIGUA","loc":"JIGUALES,EL CARMEN,AGUACATAL,LA CUCHILLA,CORDOBITAS","pob":1932,"susc":483,"q":3.0,"qesc":1.8,"dem":4.17,"bal":-2.37,"trat":"Filtración Compacta","tienetrat":1,"tfuente":"","fuente":"","P_operativa":"SIN CLASIFICAR","P_clima":"P1","precip_idx":42.2,"temp_anom":2.02,"clasif_fuente":"CHIRPS + ERA5-Land · GEE 1–15 ago 2026 vs 1991–2020 · matriz graduada V0.5","precip_sev":1,"temp_sev":2,"clima_score":3,"precip_mm":9.84,"temp_mean":20.95},"geometry":{"type":"Point","coordinates":[-76.59156,3.653417]}},{"type":"Feature","properties":{"id":"ELNINO_0365","id_maestro":"ACUEDUCTO_0366","codigo":"1401","mun":"DAGUA","aro":"Sur Cali","amb":"Rural","tipo":"CENTRO POBLADO","prest":"CORPORACIÓN REGIONAL DE ACUEDUCTO ALCANTARILLADO Y SERVICIOS DE SANEAMIENTO BÁSICO MARIA PIÑAL - CORABASE-E.S.P.","loc":"LA MARÍA 430 (LA CUMBRE), EL PIÑAL 665 (DAGUA).","pob":1288,"susc":322,"q":8.0,"qesc":4.8,"dem":2.78,"bal":2.02,"trat":"Solo desinfección","tienetrat":"","tfuente":"","fuente":"","P_operativa":"SIN CLASIFICAR","P_clima":"P1","precip_idx":41.6,"temp_anom":2.02,"clasif_fuente":"CHIRPS + ERA5-Land · GEE 1–15 ago 2026 vs 1991–2020 · matriz graduada V0.5","precip_sev":1,"temp_sev":2,"clima_score":3,"precip_mm":12.01,"temp_mean":21.06},"geometry":{"type":"Point","coordinates":[-76.6435,3.688389]}},{"type":"Feature","properties":{"id":"ELNINO_0367","id_maestro":"ACUEDUCTO_0367","codigo":"3666","mun":"LA CUMBRE","aro":"Sur Cali","amb":"Rural","tipo":"DISPERSA","prest":"FUNDACION ECOLOGICA DE CHICORAL - FUNDECORAL","loc":"CHICORAL","pob":288,"susc":72,"q":3.0,"qesc":1.8,"dem":0.62,"bal":1.18,"trat":"Ninguno","tienetrat":"","tfuente":"Superficial","fuente":"QUEBRADA LA TAMBOCHA","P_operativa":"SIN CLASIFICAR","P_clima":"P1","precip_idx":42.0,"temp_anom":2.11,"clasif_fuente":"CHIRPS + ERA5-Land · GEE 1–15 ago 2026 vs 1991–2020 · matriz graduada V0.5","precip_sev":1,"temp_sev":2,"clima_score":3,"precip_mm":8.92,"temp_mean":21.24},"geometry":{"type":"Point","coordinates":[-76.59284,3.571744]}},{"type":"Feature","properties":{"id":"ELNINO_0368","id_maestro":"ACUEDUCTO_0368","codigo":"3671","mun":"LA CUMBRE","aro":"Sur Cali","amb":"Rural","tipo":"DISPERSA","prest":"INSTITUCION EDUCATIVA LA LIBERTAD ACUEDUCTO EL RETIRO","loc":"INSTITUCIÓN EDUCATIVA LA LIBERTAD","pob":275,"susc":1,"q":1.0,"qesc":0.6,"dem":0.59,"bal":0.01,"trat":"Planta Modular","tienetrat":1,"tfuente":"Superficial","fuente":"QUEBRADA LOS ALPES","P_operativa":"SIN CLASIFICAR","P_clima":"P1","precip_idx":38.2,"temp_anom":2.11,"clasif_fuente":"CHIRPS + ERA5-Land · GEE 1–15 ago 2026 vs 1991–2020 · matriz graduada V0.5","precip_sev":1,"temp_sev":2,"clima_score":3,"precip_mm":8.36,"temp_mean":20.95},"geometry":{"type":"Point","coordinates":[-76.59056,3.600556]}},{"type":"Feature","properties":{"id":"ELNINO_0369","id_maestro":"ACUEDUCTO_0369","codigo":"105","mun":"LA CUMBRE","aro":"Sur Cali","amb":"Rural","tipo":"CENTRO POBLADO","prest":"JUARCO- JUNTA DEL ACUEDUCTO DE LAS VEREDAS ARBOLEDAS Y CORDOBITAS DEL MUNICIPIO DE LA CUMBRE","loc":"ARBOLEDAS,CORDOBITAS","pob":892,"susc":223,"q":2.7,"qesc":1.62,"dem":1.93,"bal":-0.31,"trat":"Filtración Compacta","tienetrat":1,"tfuente":"","fuente":"","P_operativa":"SIN CLASIFICAR","P_clima":"P1","precip_idx":42.2,"temp_anom":2.02,"clasif_fuente":"CHIRPS + ERA5-Land · GEE 1–15 ago 2026 vs 1991–2020 · matriz graduada V0.5","precip_sev":1,"temp_sev":2,"clima_score":3,"precip_mm":9.84,"temp_mean":20.95},"geometry":{"type":"Point","coordinates":[-76.57561,3.660306]}},{"type":"Feature","properties":{"id":"ELNINO_0370","id_maestro":"ACUEDUCTO_0370","codigo":"2862","mun":"LA CUMBRE","aro":"Sur Cali","amb":"Rural","tipo":"DISPERSA","prest":"JUNTA ADMINISTRADORA ACUEDUCTO VEREDA EL DIAMANTE","loc":"EL DIAMANTE","pob":140,"susc":35,"q":2.0,"qesc":1.2,"dem":0.3,"bal":0.9,"trat":"Ninguno","tienetrat":"","tfuente":"Superficial-Subterránea","fuente":"NACIMIENTO FINCA LOS PINOS ALTOS, QUEBRADA EL DIAMANTE","P_operativa":"SIN CLASIFICAR","P_clima":"P1","precip_idx":42.0,"temp_anom":2.11,"clasif_fuente":"CHIRPS + ERA5-Land · GEE 1–15 ago 2026 vs 1991–2020 · matriz graduada V0.5","precip_sev":1,"temp_sev":2,"clima_score":3,"precip_mm":8.92,"temp_mean":21.24},"geometry":{"type":"Point","coordinates":[-76.58896,3.595878]}},{"type":"Feature","properties":{"id":"ELNINO_0371","id_maestro":"ACUEDUCTO_0371","codigo":"21651","mun":"LA CUMBRE","aro":"Sur Cali","amb":"Rural","tipo":"DISPERSA","prest":"ASOCIACION DE USUARIO DEL SERVICIO DEL ACUEDUCTO V.E.R.S.A. DE LAS VEREDAS,SAN JOSE Y AGUA CLARA MUNICIPIO DE YUMBO LA CUMBRE - ACUEDUCTO VERSA","loc":"SAN JOSÉ Y AGUA CLARA.","pob":140,"susc":35,"q":1.0,"qesc":0.6,"dem":0.3,"bal":0.3,"trat":"Ninguno","tienetrat":"","tfuente":"Subterránea","fuente":"NACIMIENTO LA CRISTALINA, NACIMIENTO LA ESMERALDA","P_operativa":"SIN CLASIFICAR","P_clima":"P1","precip_idx":28.1,"temp_anom":1.49,"clasif_fuente":"CHIRPS + ERA5-Land · GEE 1–15 ago 2026 vs 1991–2020 · matriz graduada V0.5","precip_sev":2,"temp_sev":1,"clima_score":3,"precip_mm":6.39,"temp_mean":20.95},"geometry":{"type":"Point","coordinates":[-76.52969,3.6855]}},{"type":"Feature","properties":{"id":"ELNINO_0372","id_maestro":"ACUEDUCTO_0372","codigo":"3668","mun":"LA CUMBRE","aro":"Sur Cali","amb":"Rural","tipo":"DISPERSA","prest":"JUNTA ADMINISTRADORA DE ACUEDUCTO EL RETIRO PARTE ALTA - ASORETIRO","loc":"EL RETIRO","pob":100,"susc":25,"q":1.5,"qesc":0.9,"dem":0.22,"bal":0.68,"trat":"Ninguno","tienetrat":"","tfuente":"Superficial","fuente":"QUEBRADA EL RETIRO","P_operativa":"SIN CLASIFICAR","P_clima":"P1","precip_idx":38.2,"temp_anom":2.11,"clasif_fuente":"CHIRPS + ERA5-Land · GEE 1–15 ago 2026 vs 1991–2020 · matriz graduada V0.5","precip_sev":1,"temp_sev":2,"clima_score":3,"precip_mm":8.36,"temp_mean":20.95},"geometry":{"type":"Point","coordinates":[-76.57813,3.600639]}},{"type":"Feature","properties":{"id":"ELNINO_0373","id_maestro":"ACUEDUCTO_0373","codigo":"2856","mun":"LA CUMBRE","aro":"Sur Cali","amb":"Rural","tipo":"DISPERSA","prest":"JUNTA ADMINISTRADORA DEL SERVICIO PUBLICO DEL AGUA DE LA VEREDA CHICORALITO - CHICOAGUAS TANQUE # 1","loc":"CHICORALITO ALTO: TANQUE # 1","pob":124,"susc":31,"q":3.0,"qesc":1.8,"dem":0.27,"bal":1.53,"trat":"Solo desinfección","tienetrat":"","tfuente":"","fuente":"","P_operativa":"SIN CLASIFICAR","P_clima":"P1","precip_idx":41.6,"temp_anom":2.11,"clasif_fuente":"CHIRPS + ERA5-Land · GEE 1–15 ago 2026 vs 1991–2020 · matriz graduada V0.5","precip_sev":1,"temp_sev":2,"clima_score":3,"precip_mm":10.31,"temp_mean":20.59},"geometry":{"type":"Point","coordinates":[-76.60965,3.598689]}},{"type":"Feature","properties":{"id":"ELNINO_0374","id_maestro":"ACUEDUCTO_0374","codigo":"2858","mun":"LA CUMBRE","aro":"Sur Cali","amb":"Rural","tipo":"DISPERSA","prest":"JUNTA ADMINISTRADORA DEL SERVICIO PUBLICO DEL AGUA DE LA VEREDA CHICORALITO - CHICOAGUAS TANQUE # 2","loc":"CHICORALITO TANQUE # 2","pob":84,"susc":21,"q":3.0,"qesc":1.8,"dem":0.18,"bal":1.62,"trat":"Solo desinfección","tienetrat":"","tfuente":"Superficial-Subterránea","fuente":"NACIMIENTO N° 3, NACIMIENTO # 7, QUEBRADA CENTELLITA, NACIMIENTO # 4, QUEBRADA CENTELLITAS, NACIMIENTO # 6, QUEBRADA CENTANILLA, NACIMIENTO # 1, NACIMIENTO # 2.","P_operativa":"SIN CLASIFICAR","P_clima":"P1","precip_idx":40.7,"temp_anom":2.11,"clasif_fuente":"CHIRPS + ERA5-Land · GEE 1–15 ago 2026 vs 1991–2020 · matriz graduada V0.5","precip_sev":1,"temp_sev":2,"clima_score":3,"precip_mm":10.64,"temp_mean":21.06},"geometry":{"type":"Point","coordinates":[-76.60326,3.605389]}},{"type":"Feature","properties":{"id":"ELNINO_0375","id_maestro":"ACUEDUCTO_0375","codigo":"2857","mun":"LA CUMBRE","aro":"Sur Cali","amb":"Rural","tipo":"DISPERSA","prest":"JUNTA ADMINISTRADORA DEL SERVICIO PUBLICO DEL AGUA DE LA VEREDA CHICORALITO - CHICOAGUAS TANQUE # 3.","loc":"CHICORALITO ALTO: TANQUE # 3.","pob":88,"susc":22,"q":3.0,"qesc":1.8,"dem":0.19,"bal":1.61,"trat":"Solo desinfección","tienetrat":"","tfuente":"","fuente":"","P_operativa":"SIN CLASIFICAR","P_clima":"P1","precip_idx":40.7,"temp_anom":2.11,"clasif_fuente":"CHIRPS + ERA5-Land · GEE 1–15 ago 2026 vs 1991–2020 · matriz graduada V0.5","precip_sev":1,"temp_sev":2,"clima_score":3,"precip_mm":10.64,"temp_mean":21.06},"geometry":{"type":"Point","coordinates":[-76.60994,3.604725]}},{"type":"Feature","properties":{"id":"ELNINO_0376","id_maestro":"ACUEDUCTO_0376","codigo":"2859","mun":"LA CUMBRE","aro":"Sur Cali","amb":"Rural","tipo":"DISPERSA","prest":"JUNTA ADMINISTRADORA DEL SERVICIO PUBLICO DEL AGUA DE LA VEREDA CHICORALITO - CHICOAGUAS TANQUE # 4","loc":"CHICORALITO","pob":100,"susc":25,"q":2.0,"qesc":1.2,"dem":0.22,"bal":0.98,"trat":"Ninguno","tienetrat":"","tfuente":"","fuente":"","P_operativa":"SIN CLASIFICAR","P_clima":"P1","precip_idx":40.7,"temp_anom":2.11,"clasif_fuente":"CHIRPS + ERA5-Land · GEE 1–15 ago 2026 vs 1991–2020 · matriz graduada V0.5","precip_sev":1,"temp_sev":2,"clima_score":3,"precip_mm":10.64,"temp_mean":21.06},"geometry":{"type":"Point","coordinates":[-76.60196,3.608608]}},{"type":"Feature","properties":{"id":"ELNINO_0377","id_maestro":"ACUEDUCTO_0377","codigo":"2860","mun":"LA CUMBRE","aro":"Sur Cali","amb":"Rural","tipo":"DISPERSA","prest":"JUNTA ADMINISTRADORA DEL SERVICIO PUBLICO DEL AGUA DE LA VEREDA CHICORALITO - CHICOAGUAS TANQUE # 5.","loc":"CHICORALITO ALTO: TANQUE # 5.","pob":28,"susc":7,"q":3.0,"qesc":1.8,"dem":0.06,"bal":1.74,"trat":"Solo desinfección","tienetrat":"","tfuente":"","fuente":"","P_operativa":"SIN CLASIFICAR","P_clima":"P1","precip_idx":40.7,"temp_anom":2.11,"clasif_fuente":"CHIRPS + ERA5-Land · GEE 1–15 ago 2026 vs 1991–2020 · matriz graduada V0.5","precip_sev":1,"temp_sev":2,"clima_score":3,"precip_mm":10.64,"temp_mean":21.06},"geometry":{"type":"Point","coordinates":[-76.60994,3.604725]}},{"type":"Feature","properties":{"id":"ELNINO_0378","id_maestro":"ACUEDUCTO_0378","codigo":"2861","mun":"LA CUMBRE","aro":"Sur Cali","amb":"Rural","tipo":"DISPERSA","prest":"JUNTA ADMINISTRADORA DEL SERVICIO PUBLICO DEL AGUA DE LA VEREDA CHICORALITO - CHICOAGUAS TANQUE # 6.","loc":"CHICORALITO ALTO: TANQUE # 6.","pob":64,"susc":16,"q":1.0,"qesc":0.6,"dem":0.14,"bal":0.46,"trat":"Ninguno","tienetrat":"","tfuente":"","fuente":"","P_operativa":"SIN CLASIFICAR","P_clima":"P1","precip_idx":41.6,"temp_anom":2.11,"clasif_fuente":"CHIRPS + ERA5-Land · GEE 1–15 ago 2026 vs 1991–2020 · matriz graduada V0.5","precip_sev":1,"temp_sev":2,"clima_score":3,"precip_mm":10.31,"temp_mean":20.59},"geometry":{"type":"Point","coordinates":[-76.60955,3.598681]}},{"type":"Feature","properties":{"id":"ELNINO_0379","id_maestro":"ACUEDUCTO_0379","codigo":"1369","mun":"LA CUMBRE","aro":"Sur Cali","amb":"Rural","tipo":"DISPERSA","prest":"JUNTA ADMINISTRADORA DEL SERVICIO PUBLICO DEL AGUA DE LA VEREDA CHICORALITO - CHICOAGUAS TANQUE # 7A","loc":"CHICORALITO","pob":52,"susc":13,"q":2.0,"qesc":1.2,"dem":0.11,"bal":1.09,"trat":"Ninguno","tienetrat":"","tfuente":"","fuente":"","P_operativa":"SIN CLASIFICAR","P_clima":"P1","precip_idx":41.6,"temp_anom":2.11,"clasif_fuente":"CHIRPS + ERA5-Land · GEE 1–15 ago 2026 vs 1991–2020 · matriz graduada V0.5","precip_sev":1,"temp_sev":2,"clima_score":3,"precip_mm":10.31,"temp_mean":20.59},"geometry":{"type":"Point","coordinates":[-76.60955,3.598689]}},{"type":"Feature","properties":{"id":"ELNINO_0380","id_maestro":"ACUEDUCTO_0380","codigo":"109","mun":"LA CUMBRE","aro":"Sur Cali","amb":"Rural","tipo":"CENTRO POBLADO","prest":"JUNTA DE AGUAS VEREDA LA VENTURA - JAGUVEN","loc":"LA VENTURA","pob":868,"susc":217,"q":1.9,"qesc":1.14,"dem":1.88,"bal":-0.74,"trat":"Filtración Compacta","tienetrat":1,"tfuente":"Superficial","fuente":"QUEBRADA LA VENTURA","P_operativa":"SIN CLASIFICAR","P_clima":"P1","precip_idx":38.2,"temp_anom":2.11,"clasif_fuente":"CHIRPS + ERA5-Land · GEE 1–15 ago 2026 vs 1991–2020 · matriz graduada V0.5","precip_sev":1,"temp_sev":2,"clima_score":3,"precip_mm":8.36,"temp_mean":20.95},"geometry":{"type":"Point","coordinates":[-76.57847,3.635333]}},{"type":"Feature","properties":{"id":"ELNINO_0381","id_maestro":"ACUEDUCTO_0381","codigo":"12526","mun":"LA CUMBRE","aro":"Sur Cali","amb":"Rural","tipo":"CENTRO POBLADO","prest":"JUNTA DE AGUAS VEREDA LA VENTURA JAGUVEN - SECTOR EL BOSQUE","loc":"SER EL BOSQUE","pob":236,"susc":59,"q":0.3,"qesc":0.18,"dem":0.51,"bal":-0.33,"trat":"FD+Desinfección","tienetrat":1,"tfuente":"","fuente":"","P_operativa":"SIN CLASIFICAR","P_clima":"P1","precip_idx":38.2,"temp_anom":2.11,"clasif_fuente":"CHIRPS + ERA5-Land · GEE 1–15 ago 2026 vs 1991–2020 · matriz graduada V0.5","precip_sev":1,"temp_sev":2,"clima_score":3,"precip_mm":8.36,"temp_mean":20.95},"geometry":{"type":"Point","coordinates":[-76.57847,3.635333]}},{"type":"Feature","properties":{"id":"ELNINO_0382","id_maestro":"ACUEDUCTO_0382","codigo":"50","mun":"LA CUMBRE","aro":"Sur Cali","amb":"Urbano","tipo":"CABECERA MUNICIPAL","prest":"SOCIEDAD DE ACUEDUCTOS Y ALCANTARILLADOS DEL VALLE DEL CAUCA S.A. E.S.P. ACUAVALLE S.A. E.S.P.-LA CUMBRE","loc":"PAVITAS , ALTO ARBOLEDAS, TIMBIO, TUNIA, LAS COLONIAS, MONTAÑITA LA CUMBRE, MONTAÑITA YUMBO, CORDOBITAS, EL RETIRO, LA VENTURA","pob":8092,"susc":2023,"q":12.0,"qesc":7.2,"dem":17.49,"bal":-10.29,"trat":"Convencional","tienetrat":1,"tfuente":"Superficial","fuente":"EL EMBALSE, EL SILENCIO, CHICORAL, CENTENARIO, EL SALTO","P_operativa":"SIN CLASIFICAR","P_clima":"P1","precip_idx":42.2,"temp_anom":2.02,"clasif_fuente":"CHIRPS + ERA5-Land · GEE 1–15 ago 2026 vs 1991–2020 · matriz graduada V0.5","precip_sev":1,"temp_sev":2,"clima_score":3,"precip_mm":9.84,"temp_mean":20.95},"geometry":{"type":"Point","coordinates":[-76.57581,3.661361]}},{"type":"Feature","properties":{"id":"ELNINO_0383","id_maestro":"ACUEDUCTO_0383","codigo":"3183","mun":"LA UNION","aro":"Norte Cartago","amb":"Rural","tipo":"DISPERSA","prest":"ACUEDUCTO RURAL CORCEGA","loc":"CORCEGA","pob":68,"susc":17,"q":null,"qesc":null,"dem":0.15,"bal":null,"trat":"Pozo+Aireacion+Desinfección","tienetrat":1,"tfuente":"Superficial","fuente":"QUEBRADA LAZARO -QUEBRADA  LA GRANDE- ZARA BRUTH, POZO PROFUNDO","P_operativa":"SIN CLASIFICAR","P_clima":"P1","precip_idx":32.3,"temp_anom":1.7,"clasif_fuente":"CHIRPS + ERA5-Land · GEE 1–15 ago 2026 vs 1991–2020 · matriz graduada V0.5","precip_sev":1,"temp_sev":2,"clima_score":3,"precip_mm":11.96,"temp_mean":21.67},"geometry":{"type":"Point","coordinates":[-76.04868,4.541931]}},{"type":"Feature","properties":{"id":"ELNINO_0384","id_maestro":"ACUEDUCTO_0384","codigo":"2898","mun":"LA UNION","aro":"Norte Cartago","amb":"Rural","tipo":"DISPERSA","prest":"ACUEDUCTO VEREDAL LA AGUADA BAJA","loc":"LA AGUADA","pob":128,"susc":32,"q":null,"qesc":null,"dem":0.28,"bal":null,"trat":"Soluciones_Individuales","tienetrat":"","tfuente":"Superficial","fuente":"LA AGUADITA","P_operativa":"SIN CLASIFICAR","P_clima":"P2","precip_idx":39.3,"temp_anom":1.33,"clasif_fuente":"CHIRPS + ERA5-Land · GEE 1–15 ago 2026 vs 1991–2020 · matriz graduada V0.5","precip_sev":1,"temp_sev":1,"clima_score":2,"precip_mm":15.08,"temp_mean":19.52},"geometry":{"type":"Point","coordinates":[-76.10927,4.564881]}},{"type":"Feature","properties":{"id":"ELNINO_0385","id_maestro":"ACUEDUCTO_0385","codigo":"3180","mun":"LA UNION","aro":"Norte Cartago","amb":"Rural","tipo":"DISPERSA","prest":"ACUEDUCTO VEREDAL LA ISLA","loc":"LA ISLA","pob":72,"susc":18,"q":null,"qesc":null,"dem":0.16,"bal":null,"trat":"Pozo+Aireacion+Desinfección","tienetrat":1,"tfuente":"Superficial","fuente":"POZO PROFUNDO","P_operativa":"SIN CLASIFICAR","P_clima":"P1","precip_idx":35.3,"temp_anom":1.56,"clasif_fuente":"CHIRPS + ERA5-Land · GEE 1–15 ago 2026 vs 1991–2020 · matriz graduada V0.5","precip_sev":1,"temp_sev":2,"clima_score":3,"precip_mm":12.87,"temp_mean":21.67},"geometry":{"type":"Point","coordinates":[-76.07836,4.522675]}},{"type":"Feature","properties":{"id":"ELNINO_0386","id_maestro":"ACUEDUCTO_0386","codigo":"3178","mun":"LA UNION","aro":"Norte Cartago","amb":"Rural","tipo":"CENTRO POBLADO","prest":"ASOCIACIÓN COMUNITARIA ADMINISTRADORA DEL ACUEDUCTO QUEBRADA GRANDE DEL MUNICIPIO DE LA UNIÓN","loc":"QUEBRADA GRANDE, LA PLAYA, EL JORDÁN , VIOLETAS,VENTIADEROS,EL CEDRO, SABANAZO, EL CASTILLO,CARPINTE","pob":1460,"susc":365,"q":12.0,"qesc":7.2,"dem":3.15,"bal":4.05,"trat":"FIME (8% Soluciones_Individuales)","tienetrat":1,"tfuente":"","fuente":"","P_operativa":"SIN CLASIFICAR","P_clima":"P2","precip_idx":40.8,"temp_anom":1.39,"clasif_fuente":"CHIRPS + ERA5-Land · GEE 1–15 ago 2026 vs 1991–2020 · matriz graduada V0.5","precip_sev":1,"temp_sev":1,"clima_score":2,"precip_mm":17.58,"temp_mean":19.52},"geometry":{"type":"Point","coordinates":[-76.16506,4.55355]}},{"type":"Feature","properties":{"id":"ELNINO_0387","id_maestro":"ACUEDUCTO_0387","codigo":"3179","mun":"LA UNION","aro":"Norte Cartago","amb":"Rural","tipo":"CENTRO POBLADO","prest":"ASOCIACIÓN COMUNITARIA DE USUARIOS DEL ACUEDUCTO RURAL DE PÁJARO DE ORO ACUARPO","loc":"PAJARO DE ORO","pob":624,"susc":156,"q":3.0,"qesc":1.8,"dem":1.35,"bal":0.45,"trat":"Planta Modular","tienetrat":1,"tfuente":"Superficial","fuente":"OJEDAS","P_operativa":"SIN CLASIFICAR","P_clima":"P1","precip_idx":39.0,"temp_anom":1.56,"clasif_fuente":"CHIRPS + ERA5-Land · GEE 1–15 ago 2026 vs 1991–2020 · matriz graduada V0.5","precip_sev":1,"temp_sev":2,"clima_score":3,"precip_mm":14.4,"temp_mean":19.52},"geometry":{"type":"Point","coordinates":[-76.11456,4.530139]}},{"type":"Feature","properties":{"id":"ELNINO_0388","id_maestro":"ACUEDUCTO_0388","codigo":"337","mun":"LA UNION","aro":"Norte Cartago","amb":"Rural","tipo":"CENTRO POBLADO","prest":"ASOCIACION DE USUARIOS ACUEDUCTO SAN PEDRO Y SAN LUIS ASUASPEL","loc":"SAN PEDRO Y SAN LUIS","pob":3112,"susc":778,"q":null,"qesc":null,"dem":6.72,"bal":null,"trat":"Convencional","tienetrat":1,"tfuente":"","fuente":"","P_operativa":"SIN CLASIFICAR","P_clima":"P1","precip_idx":39.0,"temp_anom":1.56,"clasif_fuente":"CHIRPS + ERA5-Land · GEE 1–15 ago 2026 vs 1991–2020 · matriz graduada V0.5","precip_sev":1,"temp_sev":2,"clima_score":3,"precip_mm":14.4,"temp_mean":19.52},"geometry":{"type":"Point","coordinates":[-76.11253,4.540467]}},{"type":"Feature","properties":{"id":"ELNINO_0389","id_maestro":"ACUEDUCTO_0389","codigo":"2895","mun":"LA UNION","aro":"Norte Cartago","amb":"Rural","tipo":"DISPERSA","prest":"ASOCIACIÓN DE USUARIOS DEL ACUEDUCTO RURAL COMUNITARIO DE LA VEREDA EL RINCÓN MUNICIPIO DE LA UNIÓN VALLE -ASOCURINCON","loc":"EL RINCON","pob":180,"susc":45,"q":6.0,"qesc":3.6,"dem":0.39,"bal":3.21,"trat":"Soluciones_Individuales","tienetrat":"","tfuente":"Superficial","fuente":"EL JORDAN, LA SONORA","P_operativa":"SIN CLASIFICAR","P_clima":"P1","precip_idx":39.0,"temp_anom":1.56,"clasif_fuente":"CHIRPS + ERA5-Land · GEE 1–15 ago 2026 vs 1991–2020 · matriz graduada V0.5","precip_sev":1,"temp_sev":2,"clima_score":3,"precip_mm":14.4,"temp_mean":19.52},"geometry":{"type":"Point","coordinates":[-76.13314,4.548294]}},{"type":"Feature","properties":{"id":"ELNINO_0390","id_maestro":"ACUEDUCTO_0390","codigo":"2902","mun":"LA UNION","aro":"Norte Cartago","amb":"Rural","tipo":"CENTRO POBLADO","prest":"ASUASPEL- ASOCIACIÓN DE USUARIOS ACUEDUCTO SAN PEDRO Y SAN LUIS - SECTOR SILOÉ-EL CARMEN #2","loc":"SECTOR SILOE","pob":3292,"susc":823,"q":3.1,"qesc":1.86,"dem":7.11,"bal":-5.25,"trat":"Solo desinfección","tienetrat":"","tfuente":"Superficial","fuente":"LA SONORA, EL JORDAN","P_operativa":"SIN CLASIFICAR","P_clima":"P1","precip_idx":39.0,"temp_anom":1.56,"clasif_fuente":"CHIRPS + ERA5-Land · GEE 1–15 ago 2026 vs 1991–2020 · matriz graduada V0.5","precip_sev":1,"temp_sev":2,"clima_score":3,"precip_mm":14.4,"temp_mean":19.52},"geometry":{"type":"Point","coordinates":[-76.11379,4.539853]}},{"type":"Feature","properties":{"id":"ELNINO_0391","id_maestro":"ACUEDUCTO_0391","codigo":"19784","mun":"LA UNION","aro":"Norte Cartago","amb":"Rural","tipo":"DISPERSA","prest":"JUNTA ADMON ACUEDUCTO AJIZAL -TAMBORAL-LACHICA - LA AGUADA","loc":"EL AJIZAL ,TAMBORAL – LA CHICA – LA AGUADA","pob":104,"susc":26,"q":null,"qesc":null,"dem":0.22,"bal":null,"trat":"Soluciones_Individuales","tienetrat":"","tfuente":"Superficial","fuente":"EL JORDAN","P_operativa":"SIN CLASIFICAR","P_clima":"P2","precip_idx":39.3,"temp_anom":1.33,"clasif_fuente":"CHIRPS + ERA5-Land · GEE 1–15 ago 2026 vs 1991–2020 · matriz graduada V0.5","precip_sev":1,"temp_sev":1,"clima_score":2,"precip_mm":15.08,"temp_mean":19.52},"geometry":{"type":"Point","coordinates":[-76.13006,4.562669]}},{"type":"Feature","properties":{"id":"ELNINO_0393","id_maestro":"ACUEDUCTO_0393","codigo":"2879","mun":"LA VICTORIA","aro":"Norte Cartago","amb":"Rural","tipo":"DISPERSA","prest":"ACUEDCUTO RURAL VEREDA LA SIBERIA","loc":"LA SIBERIA","pob":28,"susc":7,"q":1.0,"qesc":0.6,"dem":0.06,"bal":0.54,"trat":"Ninguno","tienetrat":"","tfuente":"Subterránea","fuente":"POZO SUBTERRÁNEO","P_operativa":"SIN CLASIFICAR","P_clima":"P1","precip_idx":35.3,"temp_anom":1.85,"clasif_fuente":"CHIRPS + ERA5-Land · GEE 1–15 ago 2026 vs 1991–2020 · matriz graduada V0.5","precip_sev":1,"temp_sev":2,"clima_score":3,"precip_mm":12.64,"temp_mean":22.19},"geometry":{"type":"Point","coordinates":[-75.92362,4.475606]}},{"type":"Feature","properties":{"id":"ELNINO_0394","id_maestro":"ACUEDUCTO_0394","codigo":"9358","mun":"LA VICTORIA","aro":"Norte Cartago","amb":"Rural","tipo":"DISPERSA","prest":"ACUEDUCTO RURAL SIERRA MOCHA","loc":"SIERRA MOCHA","pob":24,"susc":6,"q":1.0,"qesc":0.6,"dem":0.05,"bal":0.55,"trat":"Pozo","tienetrat":"","tfuente":"Superficial","fuente":"LOS LAURELES","P_operativa":"SIN CLASIFICAR","P_clima":"P1","precip_idx":35.3,"temp_anom":1.85,"clasif_fuente":"CHIRPS + ERA5-Land · GEE 1–15 ago 2026 vs 1991–2020 · matriz graduada V0.5","precip_sev":1,"temp_sev":2,"clima_score":3,"precip_mm":12.64,"temp_mean":22.19},"geometry":{"type":"Point","coordinates":[-75.90613,4.464186]}},{"type":"Feature","properties":{"id":"ELNINO_0395","id_maestro":"ACUEDUCTO_0395","codigo":"2878","mun":"LA VICTORIA","aro":"Norte Cartago","amb":"Rural","tipo":"CENTRO POBLADO","prest":"ACUEDUCTO RURAL VEREDA RIVERALTA","loc":"RIVERA ALTA","pob":240,"susc":60,"q":1.0,"qesc":0.6,"dem":0.52,"bal":0.08,"trat":"Solo desinfección","tienetrat":"","tfuente":"Superficial","fuente":"SELLO ROJO","P_operativa":"SIN CLASIFICAR","P_clima":"P1","precip_idx":36.5,"temp_anom":1.85,"clasif_fuente":"CHIRPS + ERA5-Land · GEE 1–15 ago 2026 vs 1991–2020 · matriz graduada V0.5","precip_sev":1,"temp_sev":2,"clima_score":3,"precip_mm":14.65,"temp_mean":21.31},"geometry":{"type":"Point","coordinates":[-75.88481,4.511192]}},{"type":"Feature","properties":{"id":"ELNINO_0396","id_maestro":"ACUEDUCTO_0396","codigo":"2892","mun":"LA VICTORIA","aro":"Norte Cartago","amb":"Rural","tipo":"CENTRO POBLADO","prest":"ASOCIACION DE USUARIOS ACUEDUCTO RURAL COMUNITARIO DE TAGUALES","loc":"TAGUALES","pob":140,"susc":35,"q":null,"qesc":null,"dem":0.3,"bal":null,"trat":"Pozo+Aireacion+Desinfección","tienetrat":1,"tfuente":"Subterránea","fuente":"N. FINCA EL PRELUDIO","P_operativa":"SIN CLASIFICAR","P_clima":"P1","precip_idx":35.3,"temp_anom":1.85,"clasif_fuente":"CHIRPS + ERA5-Land · GEE 1–15 ago 2026 vs 1991–2020 · matriz graduada V0.5","precip_sev":1,"temp_sev":2,"clima_score":3,"precip_mm":12.64,"temp_mean":22.19},"geometry":{"type":"Point","coordinates":[-75.91049,4.459019]}},{"type":"Feature","properties":{"id":"ELNINO_0397","id_maestro":"ACUEDUCTO_0397","codigo":"2873","mun":"LA VICTORIA","aro":"Norte Cartago","amb":"Rural","tipo":"CENTRO POBLADO","prest":"ASOCIACION JUNTA ADMINISTRADORA DEL ACUEDUCTO RURAL MIRAVALLES","loc":"MIRAVALLES","pob":384,"susc":96,"q":0.7,"qesc":0.42,"dem":0.83,"bal":-0.41,"trat":"Solo desinfección","tienetrat":"","tfuente":"Superficial","fuente":"AGUA BONITA","P_operativa":"SIN CLASIFICAR","P_clima":"P1","precip_idx":34.8,"temp_anom":1.85,"clasif_fuente":"CHIRPS + ERA5-Land · GEE 1–15 ago 2026 vs 1991–2020 · matriz graduada V0.5","precip_sev":1,"temp_sev":2,"clima_score":3,"precip_mm":13.29,"temp_mean":22.92},"geometry":{"type":"Point","coordinates":[-75.91081,4.526303]}},{"type":"Feature","properties":{"id":"ELNINO_0398","id_maestro":"ACUEDUCTO_0398","codigo":"331","mun":"LA VICTORIA","aro":"Norte Cartago","amb":"Urbano","tipo":"CABECERA MUNICIPAL","prest":"SOCIEDAD DE ACUEDUCTOS Y ALCANTARILLADOS DEL VALLE DEL CAUCA S.A. E.S.P. ACUAVALLE S.A. E.S.P. - LA VICTORIA","loc":"URBANO, SAN JOSE, HOLGUIN, EL GUAYABO","pob":17144,"susc":4286,"q":35.0,"qesc":21.0,"dem":37.05,"bal":-16.05,"trat":"Convencional","tienetrat":1,"tfuente":"Superficial-Subterránea","fuente":"POZO PROFUNDO, Z.A.R.A.B.R.U.T.","P_operativa":"SIN CLASIFICAR","P_clima":"P1","precip_idx":35.3,"temp_anom":1.56,"clasif_fuente":"CHIRPS + ERA5-Land · GEE 1–15 ago 2026 vs 1991–2020 · matriz graduada V0.5","precip_sev":1,"temp_sev":2,"clima_score":3,"precip_mm":12.87,"temp_mean":21.67},"geometry":{"type":"Point","coordinates":[-76.05752,4.5183]}},{"type":"Feature","properties":{"id":"ELNINO_0400","id_maestro":"ACUEDUCTO_0400","codigo":"2629","mun":"OBANDO","aro":"Norte Cartago","amb":"Rural","tipo":"CENTRO POBLADO","prest":"ASOCIACION DE ACUEDUCTO VEREDAL EL CHUZO SALEM LIMONES","loc":"YUCATAN ,CHUZO,SALEM ,LIMONES","pob":128,"susc":32,"q":1.0,"qesc":0.6,"dem":0.28,"bal":0.32,"trat":"Ninguno","tienetrat":"","tfuente":"Superficial","fuente":"COMINALES","P_operativa":"SIN CLASIFICAR","P_clima":"P1","precip_idx":34.8,"temp_anom":1.57,"clasif_fuente":"CHIRPS + ERA5-Land · GEE 1–15 ago 2026 vs 1991–2020 · matriz graduada V0.5","precip_sev":1,"temp_sev":2,"clima_score":3,"precip_mm":14.18,"temp_mean":22.92},"geometry":{"type":"Point","coordinates":[-75.9246,4.556136]}},{"type":"Feature","properties":{"id":"ELNINO_0401","id_maestro":"ACUEDUCTO_0401","codigo":"9361","mun":"OBANDO","aro":"Norte Cartago","amb":"Rural","tipo":"DISPERSA","prest":"ASOCIACION DE USUARIOS DEL ACUEDUCTO AGUAS, AGUA Y VIDA YUCATAN Y LIMONES","loc":"DE YUCATAN Y LIMONES","pob":128,"susc":32,"q":null,"qesc":null,"dem":0.28,"bal":null,"trat":"Ninguno","tienetrat":"","tfuente":"Superficial","fuente":"QUEBRADAS COMINALES Y SANDE","P_operativa":"SIN CLASIFICAR","P_clima":"P1","precip_idx":34.8,"temp_anom":1.57,"clasif_fuente":"CHIRPS + ERA5-Land · GEE 1–15 ago 2026 vs 1991–2020 · matriz graduada V0.5","precip_sev":1,"temp_sev":2,"clima_score":3,"precip_mm":14.18,"temp_mean":22.92},"geometry":{"type":"Point","coordinates":[-75.94019,4.563086]}},{"type":"Feature","properties":{"id":"ELNINO_0170","id_maestro":"ACUEDUCTO_0402","codigo":"1911","mun":"OBANDO","aro":"Norte Cartago","amb":"Rural","tipo":"DISPERSA","prest":"ASOCIACION DE USUARIOS DEL ACUEDUCTO RURAL COMUNITARIO DE LA VEREDA BUENOS AIRES - AGUAS DE BUENOS AIRES","loc":"BUENOS AIRES","pob":100,"susc":25,"q":2.0,"qesc":1.2,"dem":0.22,"bal":0.98,"trat":"Soluciones_Individuales","tienetrat":1,"tfuente":"","fuente":"","P_operativa":"SIN CLASIFICAR","P_clima":"P1","precip_idx":32.8,"temp_anom":1.57,"clasif_fuente":"CHIRPS + ERA5-Land · GEE 1–15 ago 2026 vs 1991–2020 · matriz graduada V0.5","precip_sev":1,"temp_sev":2,"clima_score":3,"precip_mm":13.28,"temp_mean":21.31},"geometry":{"type":"Point","coordinates":[-75.87641,4.592964]}},{"type":"Feature","properties":{"id":"ELNINO_0403","id_maestro":"ACUEDUCTO_0403","codigo":"1902","mun":"OBANDO","aro":"Norte Cartago","amb":"Rural","tipo":"DISPERSA","prest":"ASOCIACION DE USUARIOS DEL ACUEDUCTO RURAL COMUNITARIO DE LA VEREDA MARCOPOLIS","loc":"MARCOPILIS","pob":40,"susc":10,"q":null,"qesc":null,"dem":0.09,"bal":null,"trat":"Solo desinfección","tienetrat":"","tfuente":"Superficial","fuente":"LA ESMERALDA","P_operativa":"SIN CLASIFICAR","P_clima":"P1","precip_idx":29.8,"temp_anom":1.57,"clasif_fuente":"CHIRPS + ERA5-Land · GEE 1–15 ago 2026 vs 1991–2020 · matriz graduada V0.5","precip_sev":2,"temp_sev":2,"clima_score":4,"precip_mm":12.93,"temp_mean":22.51},"geometry":{"type":"Point","coordinates":[-75.92881,4.646369]}},{"type":"Feature","properties":{"id":"ELNINO_0404","id_maestro":"ACUEDUCTO_0404","codigo":"2625","mun":"OBANDO","aro":"Norte Cartago","amb":"Rural","tipo":"CENTRO POBLADO","prest":"ASOCIACION DE USUARIOS DEL ACUEDUCTO RURAL COMUNITARIO DEL CORREGIMIENTO DE SAN ISIDRO","loc":"SAN ISIDRO","pob":220,"susc":55,"q":null,"qesc":null,"dem":0.48,"bal":null,"trat":"FIME","tienetrat":1,"tfuente":"Superficial","fuente":"COMINALES","P_operativa":"SIN CLASIFICAR","P_clima":"P1","precip_idx":32.8,"temp_anom":1.57,"clasif_fuente":"CHIRPS + ERA5-Land · GEE 1–15 ago 2026 vs 1991–2020 · matriz graduada V0.5","precip_sev":1,"temp_sev":2,"clima_score":3,"precip_mm":13.28,"temp_mean":21.31},"geometry":{"type":"Point","coordinates":[-75.89671,4.570078]}},{"type":"Feature","properties":{"id":"ELNINO_0302","id_maestro":"ACUEDUCTO_0405","codigo":"1919","mun":"OBANDO","aro":"Norte Cartago","amb":"Rural","tipo":"CENTRO POBLADO","prest":"ASOCIACION DE USUARIOS DEL ACUEDUCTO Y ALCANTARILLADO CORREGIMIENTO VILLARODAS # 2","loc":"VILLA RODAS","pob":280,"susc":70,"q":1.5,"qesc":0.9,"dem":0.61,"bal":0.29,"trat":"Soluciones_Individuales","tienetrat":1,"tfuente":"","fuente":"","P_operativa":"SIN CLASIFICAR","P_clima":"P1","precip_idx":31.1,"temp_anom":1.57,"clasif_fuente":"CHIRPS + ERA5-Land · GEE 1–15 ago 2026 vs 1991–2020 · matriz graduada V0.5","precip_sev":1,"temp_sev":2,"clima_score":3,"precip_mm":13.16,"temp_mean":21.69},"geometry":{"type":"Point","coordinates":[-75.88435,4.615872]}},{"type":"Feature","properties":{"id":"ELNINO_0406","id_maestro":"ACUEDUCTO_0406","codigo":"1922","mun":"OBANDO","aro":"Norte Cartago","amb":"Rural","tipo":"CENTRO POBLADO","prest":"ASOCIACION DE USUARIOS DEL ACUEDUCTO Y ALCANTARILLADO VILLARODAS # 1","loc":"CORREGIMIETO VILLA RODAS","pob":240,"susc":60,"q":null,"qesc":null,"dem":0.52,"bal":null,"trat":"Solo desinfección","tienetrat":"","tfuente":"","fuente":"","P_operativa":"SIN CLASIFICAR","P_clima":"P1","precip_idx":31.1,"temp_anom":1.57,"clasif_fuente":"CHIRPS + ERA5-Land · GEE 1–15 ago 2026 vs 1991–2020 · matriz graduada V0.5","precip_sev":1,"temp_sev":2,"clima_score":3,"precip_mm":13.16,"temp_mean":21.69},"geometry":{"type":"Point","coordinates":[-75.88371,4.614478]}},{"type":"Feature","properties":{"id":"ELNINO_0407","id_maestro":"ACUEDUCTO_0407","codigo":"2617","mun":"OBANDO","aro":"Norte Cartago","amb":"Rural","tipo":"DISPERSA","prest":"JUNTA ADMINISTRADORA ACUEDUCTO SALEM","loc":"JUNTA ADMINISTRADORA ACUEDU SALEM","pob":48,"susc":12,"q":1.0,"qesc":0.6,"dem":0.1,"bal":0.5,"trat":"Ninguno","tienetrat":"","tfuente":"Superficial","fuente":"NACIMIENTO LA ESMERALDA","P_operativa":"SIN CLASIFICAR","P_clima":"P1","precip_idx":36.5,"temp_anom":1.85,"clasif_fuente":"CHIRPS + ERA5-Land · GEE 1–15 ago 2026 vs 1991–2020 · matriz graduada V0.5","precip_sev":1,"temp_sev":2,"clima_score":3,"precip_mm":14.65,"temp_mean":21.31},"geometry":{"type":"Point","coordinates":[-75.88709,4.548136]}},{"type":"Feature","properties":{"id":"ELNINO_0408","id_maestro":"ACUEDUCTO_0408","codigo":"2620","mun":"OBANDO","aro":"Norte Cartago","amb":"Rural","tipo":"CENTRO POBLADO","prest":"JUNTA ADMINISTRADORA DEL ACUEDUCTO DE CRUCES","loc":"CRUCES","pob":340,"susc":85,"q":4.0,"qesc":2.4,"dem":0.73,"bal":1.67,"trat":"FD+Desinfección","tienetrat":1,"tfuente":"Superficial","fuente":"CRUCES","P_operativa":"SIN CLASIFICAR","P_clima":"P1","precip_idx":29.8,"temp_anom":1.57,"clasif_fuente":"CHIRPS + ERA5-Land · GEE 1–15 ago 2026 vs 1991–2020 · matriz graduada V0.5","precip_sev":2,"temp_sev":2,"clima_score":4,"precip_mm":12.93,"temp_mean":22.51},"geometry":{"type":"Point","coordinates":[-75.91974,4.645153]}},{"type":"Feature","properties":{"id":"ELNINO_0410","id_maestro":"ACUEDUCTO_0410","codigo":"58","mun":"OBANDO","aro":"Norte Cartago","amb":"Urbano","tipo":"CABECERA MUNICIPAL","prest":"SOCIEDAD DE ACUEDUCTOS Y ALCANTARILLADOS DEL VALLE DEL CAUCA S.A. E.S.P. ACUAVALLE S.A. E.S.P.-OBANDO","loc":"URBANO, EL PLEITO, MOLINA, JUAN DIAZ","pob":12860,"susc":3215,"q":34.0,"qesc":20.4,"dem":27.79,"bal":-7.39,"trat":"Convencional","tienetrat":1,"tfuente":"Superficial","fuente":"S.A.R.A.B.R.U.T., EL NARANJO","P_operativa":"SIN CLASIFICAR","P_clima":"P1","precip_idx":38.5,"temp_anom":1.63,"clasif_fuente":"CHIRPS + ERA5-Land · GEE 1–15 ago 2026 vs 1991–2020 · matriz graduada V0.5","precip_sev":1,"temp_sev":2,"clima_score":3,"precip_mm":15.03,"temp_mean":22.92},"geometry":{"type":"Point","coordinates":[-75.9733,4.57565]}},{"type":"Feature","properties":{"id":"ELNINO_0416","id_maestro":"ACUEDUCTO_0411","codigo":"SD","mun":"PRADERA","aro":"Sur Cali","amb":"Rural","tipo":"DISPERSA","prest":"ACUEDUCTO EL NOGAL","loc":"EL NOGAL","pob":100,"susc":25,"q":3.0,"qesc":1.8,"dem":0.22,"bal":1.58,"trat":"Ninguno","tienetrat":"","tfuente":"","fuente":"","P_operativa":"SIN CLASIFICAR","P_clima":"P2","precip_idx":36.0,"temp_anom":1.22,"clasif_fuente":"CHIRPS + ERA5-Land · GEE 1–15 ago 2026 vs 1991–2020 · matriz graduada V0.5","precip_sev":1,"temp_sev":1,"clima_score":2,"precip_mm":5.93,"temp_mean":19.17},"geometry":{"type":"Point","coordinates":[-76.15393,3.418081]}},{"type":"Feature","properties":{"id":"ELNINO_0207","id_maestro":"ACUEDUCTO_0412","codigo":"119","mun":"PRADERA","aro":"Sur Cali","amb":"Rural","tipo":"CENTRO POBLADO","prest":"ACUEDUCTO EL RECREO","loc":"EL RECREO ALTO , EL RECREO BAJO.","pob":600,"susc":150,"q":19.0,"qesc":11.4,"dem":1.3,"bal":10.1,"trat":"Soluciones_Individuales","tienetrat":1,"tfuente":"Superficial","fuente":"ALACRANERA, QUEBRADAS CHUMBÚM, RIO BOLO","P_operativa":"SIN CLASIFICAR","P_clima":"P2","precip_idx":44.9,"temp_anom":1.22,"clasif_fuente":"CHIRPS + ERA5-Land · GEE 1–15 ago 2026 vs 1991–2020 · matriz graduada V0.5","precip_sev":1,"temp_sev":1,"clima_score":2,"precip_mm":6.79,"temp_mean":21.78},"geometry":{"type":"Point","coordinates":[-76.20279,3.397861]}},{"type":"Feature","properties":{"id":"ELNINO_0312","id_maestro":"ACUEDUCTO_0413","codigo":"1612","mun":"PRADERA","aro":"Sur Cali","amb":"Rural","tipo":"CENTRO POBLADO","prest":"ACUEDUCTO LA FERIA PLANADA","loc":"LA FERIA","pob":400,"susc":100,"q":5.0,"qesc":3.0,"dem":0.86,"bal":2.14,"trat":"Solo desinfección","tienetrat":"","tfuente":"Superficial","fuente":"RIO BOLO BLANCO","P_operativa":"SIN CLASIFICAR","P_clima":"P2","precip_idx":36.0,"temp_anom":1.22,"clasif_fuente":"CHIRPS + ERA5-Land · GEE 1–15 ago 2026 vs 1991–2020 · matriz graduada V0.5","precip_sev":1,"temp_sev":1,"clima_score":2,"precip_mm":5.93,"temp_mean":19.17},"geometry":{"type":"Point","coordinates":[-76.15339,3.424528]}},{"type":"Feature","properties":{"id":"ELNINO_0414","id_maestro":"ACUEDUCTO_0414","codigo":"125","mun":"PRADERA","aro":"Sur Cali","amb":"Rural","tipo":"CENTRO POBLADO","prest":"ASOCIACION COMUNITARIA ADMINISTRADORA ACUEDUCTO DOMESTICO CRGT POTRERITO - AGUASALUD POTRERITO","loc":"POTRERITO","pob":1168,"susc":292,"q":7.0,"qesc":4.2,"dem":2.52,"bal":1.68,"trat":"Solo desinfección","tienetrat":"","tfuente":"Subterránea","fuente":"NACIMIENTO EL TAMBORAL","P_operativa":"SIN CLASIFICAR","P_clima":"P2","precip_idx":36.0,"temp_anom":1.22,"clasif_fuente":"CHIRPS + ERA5-Land · GEE 1–15 ago 2026 vs 1991–2020 · matriz graduada V0.5","precip_sev":1,"temp_sev":1,"clima_score":2,"precip_mm":5.93,"temp_mean":19.17},"geometry":{"type":"Point","coordinates":[-76.18781,3.420019]}},{"type":"Feature","properties":{"id":"ELNINO_0415","id_maestro":"ACUEDUCTO_0415","codigo":"123","mun":"PRADERA","aro":"Sur Cali","amb":"Rural","tipo":"CENTRO POBLADO","prest":"ASOCIACION COMUNITARIA ADMINISTRADORA DEL ACUEDUCTO DEL CRGT DE LOMITAS - ACUASALUD LOMITAS","loc":"LOMITAS","pob":1296,"susc":324,"q":6.0,"qesc":3.6,"dem":2.8,"bal":0.8,"trat":"FIME","tienetrat":1,"tfuente":"Superficial-Subterránea","fuente":"RIO BOLO, NACIMIENTO EL MUERTO","P_operativa":"SIN CLASIFICAR","P_clima":"P2","precip_idx":39.3,"temp_anom":1.22,"clasif_fuente":"CHIRPS + ERA5-Land · GEE 1–15 ago 2026 vs 1991–2020 · matriz graduada V0.5","precip_sev":1,"temp_sev":1,"clima_score":2,"precip_mm":5.81,"temp_mean":22.02},"geometry":{"type":"Point","coordinates":[-76.21939,3.408167]}},{"type":"Feature","properties":{"id":"ELNINO_0317","id_maestro":"ACUEDUCTO_0416","codigo":"120","mun":"PRADERA","aro":"Sur Cali","amb":"Rural","tipo":"DISPERSA","prest":"JUNTA ADMINISTRADORA ACUEDUCTO COMUNITARIO SAN ISIDRO","loc":"SAN ISIDRO","pob":280,"susc":70,"q":10.0,"qesc":6.0,"dem":0.61,"bal":5.39,"trat":"Ninguno","tienetrat":"","tfuente":"Superficial","fuente":"QUEBRADA SAL SI PUEDES","P_operativa":"SIN CLASIFICAR","P_clima":"P2","precip_idx":38.5,"temp_anom":1.22,"clasif_fuente":"CHIRPS + ERA5-Land · GEE 1–15 ago 2026 vs 1991–2020 · matriz graduada V0.5","precip_sev":1,"temp_sev":1,"clima_score":2,"precip_mm":6.02,"temp_mean":18.4},"geometry":{"type":"Point","coordinates":[-76.18978,3.398944]}},{"type":"Feature","properties":{"id":"ELNINO_0417","id_maestro":"ACUEDUCTO_0417","codigo":"122","mun":"PRADERA","aro":"Sur Cali","amb":"Rural","tipo":"DISPERSA","prest":"JUNTA ADMINISTRADORA ACUEDUCTO DEL CORREGIMIENTO DE BOLIVAR - ACUASALUD BOLIVAR","loc":"BOLIVAR","pob":60,"susc":15,"q":1.5,"qesc":0.9,"dem":0.13,"bal":0.77,"trat":"Soluciones_Individuales","tienetrat":"","tfuente":"Subterránea","fuente":"NACIMIENTO LOS PISOS","P_operativa":"SIN CLASIFICAR","P_clima":"P2","precip_idx":38.5,"temp_anom":1.22,"clasif_fuente":"CHIRPS + ERA5-Land · GEE 1–15 ago 2026 vs 1991–2020 · matriz graduada V0.5","precip_sev":1,"temp_sev":1,"clima_score":2,"precip_mm":6.02,"temp_mean":18.4},"geometry":{"type":"Point","coordinates":[-76.19781,3.382806]}},{"type":"Feature","properties":{"id":"ELNINO_0418","id_maestro":"ACUEDUCTO_0418","codigo":"SD","mun":"PRADERA","aro":"Sur Cali","amb":"Rural","tipo":"DISPERSA","prest":"JUNTA ADMINISTRADORA ACUEDUCTO EL RETIRO ESP.","loc":"EL RETIRO","pob":184,"susc":46,"q":1.0,"qesc":0.6,"dem":0.4,"bal":0.2,"trat":"Ninguno","tienetrat":"","tfuente":"","fuente":"","P_operativa":"SIN CLASIFICAR","P_clima":"P2","precip_idx":38.2,"temp_anom":1.08,"clasif_fuente":"CHIRPS + ERA5-Land · GEE 1–15 ago 2026 vs 1991–2020 · matriz graduada V0.5","precip_sev":1,"temp_sev":1,"clima_score":2,"precip_mm":7.03,"temp_mean":19.17},"geometry":{"type":"Point","coordinates":[-76.14453,3.447861]}},{"type":"Feature","properties":{"id":"ELNINO_0420","id_maestro":"ACUEDUCTO_0420","codigo":"SD","mun":"PRADERA","aro":"Sur Cali","amb":"Rural","tipo":"DISPERSA","prest":"JUNTA ADMINISTRADORA LOCAL ACUEDUCTO SAN ANTONIO","loc":"SAN ANTONIO","pob":180,"susc":45,"q":2.0,"qesc":1.2,"dem":0.39,"bal":0.81,"trat":"Ninguno","tienetrat":"","tfuente":"","fuente":"","P_operativa":"SIN CLASIFICAR","P_clima":"P2","precip_idx":36.0,"temp_anom":1.22,"clasif_fuente":"CHIRPS + ERA5-Land · GEE 1–15 ago 2026 vs 1991–2020 · matriz graduada V0.5","precip_sev":1,"temp_sev":1,"clima_score":2,"precip_mm":5.93,"temp_mean":19.17},"geometry":{"type":"Point","coordinates":[-76.17967,3.401]}},{"type":"Feature","properties":{"id":"ELNINO_0421","id_maestro":"ACUEDUCTO_0421","codigo":"45","mun":"PRADERA","aro":"Sur Cali","amb":"Urbano","tipo":"CABECERA MUNICIPAL","prest":"SOCIEDAD DE ACUEDUCTOS Y ALCANTARILLADOS DEL VALLE DEL CAUCA S.A. E.S.P. ACUAVALLE S.A. E.S.P. - PRADERA","loc":"URBANO, LA GRANJA, LA TUPIA, BOLO ARTONAL, LA FLORESTA","pob":51880,"susc":12970,"q":146.0,"qesc":87.6,"dem":112.11,"bal":-24.51,"trat":"Convencional","tienetrat":1,"tfuente":"Superficial","fuente":"RIO BOLO","P_operativa":"SIN CLASIFICAR","P_clima":"P1","precip_idx":46.4,"temp_anom":2.0,"clasif_fuente":"CHIRPS + ERA5-Land · GEE 1–15 ago 2026 vs 1991–2020 · matriz graduada V0.5","precip_sev":1,"temp_sev":2,"clima_score":3,"precip_mm":7.08,"temp_mean":21.95},"geometry":{"type":"Point","coordinates":[-76.30308,3.399453]}},{"type":"Feature","properties":{"id":"ELNINO_0438","id_maestro":"ACUEDUCTO_0422","codigo":"537","mun":"RESTREPO","aro":"Centro Tuluá","amb":"Rural","tipo":"DISPERSA","prest":"ACUAPALTRES","loc":"BUEN VIVIR (107), TRES PUERTAS (77), COLEGURRE (22), VENTAQUEMADO (17), LA PALMA (120), MONTERREDOND","pob":1948,"susc":487,"q":7.0,"qesc":4.2,"dem":4.21,"bal":-0.01,"trat":"Solo desinfección","tienetrat":"","tfuente":"Superficial","fuente":"LA TOBON, EL SINAI","P_operativa":"SIN CLASIFICAR","P_clima":"P1","precip_idx":25.7,"temp_anom":1.23,"clasif_fuente":"CHIRPS + ERA5-Land · GEE 1–15 ago 2026 vs 1991–2020 · matriz graduada V0.5","precip_sev":2,"temp_sev":1,"clima_score":3,"precip_mm":7.59,"temp_mean":19.68},"geometry":{"type":"Point","coordinates":[-76.51399,3.798108]}},{"type":"Feature","properties":{"id":"ELNINO_0428","id_maestro":"ACUEDUCTO_0423","codigo":"3397","mun":"RESTREPO","aro":"Centro Tuluá","amb":"Rural","tipo":"DISPERSA","prest":"ACUEDUCTO AGUALINDA BAJO","loc":"AGUALINDA BAJO","pob":36,"susc":9,"q":1.0,"qesc":0.6,"dem":0.08,"bal":0.52,"trat":"Soluciones_Individuales","tienetrat":"","tfuente":"Superficial","fuente":"AGUA LINDA BAJO","P_operativa":"SIN CLASIFICAR","P_clima":"P1","precip_idx":26.2,"temp_anom":1.23,"clasif_fuente":"CHIRPS + ERA5-Land · GEE 1–15 ago 2026 vs 1991–2020 · matriz graduada V0.5","precip_sev":2,"temp_sev":1,"clima_score":3,"precip_mm":8.58,"temp_mean":18.65},"geometry":{"type":"Point","coordinates":[-76.50326,3.828956]}},{"type":"Feature","properties":{"id":"ELNINO_0443","id_maestro":"ACUEDUCTO_0424","codigo":"2064","mun":"RESTREPO","aro":"Centro Tuluá","amb":"Rural","tipo":"DISPERSA","prest":"ACUEDUCTO ALTO DEL OSO - LA ESPERANZA","loc":"LA ESPERANZA","pob":68,"susc":17,"q":0.5,"qesc":0.3,"dem":0.15,"bal":0.15,"trat":"Ninguno","tienetrat":"","tfuente":"Superficial","fuente":"QUEBRADA LA ESPERANZA","P_operativa":"SIN CLASIFICAR","P_clima":"P1","precip_idx":25.8,"temp_anom":1.23,"clasif_fuente":"CHIRPS + ERA5-Land · GEE 1–15 ago 2026 vs 1991–2020 · matriz graduada V0.5","precip_sev":2,"temp_sev":1,"clima_score":3,"precip_mm":7.0,"temp_mean":18.11},"geometry":{"type":"Point","coordinates":[-76.47888,3.826744]}},{"type":"Feature","properties":{"id":"ELNINO_0422","id_maestro":"ACUEDUCTO_0425","codigo":"2066","mun":"RESTREPO","aro":"Centro Tuluá","amb":"Rural","tipo":"DISPERSA","prest":"ACUEDUCTO ALTO DEL OSO LA FLORIDA Y LA CAMELIA","loc":"ALTO DEL OSO LA FLORIDA Y LA CAMELIA","pob":84,"susc":21,"q":0.5,"qesc":0.3,"dem":0.18,"bal":0.12,"trat":"Filtración Compacta","tienetrat":1,"tfuente":"Superficial","fuente":"LA CAMELIA, LA FLORIDA","P_operativa":"SIN CLASIFICAR","P_clima":"P1","precip_idx":25.8,"temp_anom":1.23,"clasif_fuente":"CHIRPS + ERA5-Land · GEE 1–15 ago 2026 vs 1991–2020 · matriz graduada V0.5","precip_sev":2,"temp_sev":1,"clima_score":3,"precip_mm":7.0,"temp_mean":18.11},"geometry":{"type":"Point","coordinates":[-76.4739,3.822928]}},{"type":"Feature","properties":{"id":"ELNINO_0222","id_maestro":"ACUEDUCTO_0426","codigo":"2066","mun":"RESTREPO","aro":"Centro Tuluá","amb":"Rural","tipo":"DISPERSA","prest":"ACUEDUCTO ALTO EL OSO - LA CAMELIA","loc":"ALTO DEL OSO","pob":100,"susc":25,"q":1.5,"qesc":0.9,"dem":0.22,"bal":0.68,"trat":"Soluciones_Individuales","tienetrat":1,"tfuente":"Superficial","fuente":"LA CAMELIA","P_operativa":"SIN CLASIFICAR","P_clima":"P1","precip_idx":25.8,"temp_anom":1.23,"clasif_fuente":"CHIRPS + ERA5-Land · GEE 1–15 ago 2026 vs 1991–2020 · matriz graduada V0.5","precip_sev":2,"temp_sev":1,"clima_score":3,"precip_mm":7.0,"temp_mean":18.11},"geometry":{"type":"Point","coordinates":[-76.47888,3.826744]}},{"type":"Feature","properties":{"id":"ELNINO_0453","id_maestro":"ACUEDUCTO_0427","codigo":"3034","mun":"RESTREPO","aro":"Centro Tuluá","amb":"Rural","tipo":"DISPERSA","prest":"ACUEDUCTO BOMBAY","loc":"BOMBAY","pob":128,"susc":32,"q":0.2,"qesc":0.12,"dem":0.28,"bal":-0.16,"trat":"Ninguno","tienetrat":"","tfuente":"Superficial","fuente":"BOMBAY","P_operativa":"SIN CLASIFICAR","P_clima":"P1","precip_idx":26.2,"temp_anom":1.23,"clasif_fuente":"CHIRPS + ERA5-Land · GEE 1–15 ago 2026 vs 1991–2020 · matriz graduada V0.5","precip_sev":2,"temp_sev":1,"clima_score":3,"precip_mm":8.58,"temp_mean":18.65},"geometry":{"type":"Point","coordinates":[-76.50069,3.804875]}},{"type":"Feature","properties":{"id":"ELNINO_0412","id_maestro":"ACUEDUCTO_0429","codigo":"3394","mun":"RESTREPO","aro":"Centro Tuluá","amb":"Rural","tipo":"DISPERSA","prest":"ACUEDUCTO LA BELMIRA","loc":"LA BELMIRA","pob":120,"susc":30,"q":2.0,"qesc":1.2,"dem":0.26,"bal":0.94,"trat":"Soluciones_Individuales","tienetrat":1,"tfuente":"Superficial","fuente":"EL BOSQUE","P_operativa":"SIN CLASIFICAR","P_clima":"P2","precip_idx":39.5,"temp_anom":1.14,"clasif_fuente":"CHIRPS + ERA5-Land · GEE 1–15 ago 2026 vs 1991–2020 · matriz graduada V0.5","precip_sev":1,"temp_sev":1,"clima_score":2,"precip_mm":16.49,"temp_mean":20.89},"geometry":{"type":"Point","coordinates":[-76.61907,3.831156]}},{"type":"Feature","properties":{"id":"ELNINO_0423","id_maestro":"ACUEDUCTO_0430","codigo":"2076","mun":"RESTREPO","aro":"Centro Tuluá","amb":"Rural","tipo":"DISPERSA","prest":"ACUEDUCTO LA SOLEDAD","loc":"LA SOLEDAD","pob":60,"susc":15,"q":1.5,"qesc":0.9,"dem":0.13,"bal":0.77,"trat":"Soluciones_Individuales","tienetrat":"","tfuente":"Superficial","fuente":"LA SOLEDAD","P_operativa":"SIN CLASIFICAR","P_clima":"P1","precip_idx":42.1,"temp_anom":2.01,"clasif_fuente":"CHIRPS + ERA5-Land · GEE 1–15 ago 2026 vs 1991–2020 · matriz graduada V0.5","precip_sev":1,"temp_sev":2,"clima_score":3,"precip_mm":6.04,"temp_mean":21.69},"geometry":{"type":"Point","coordinates":[-76.44291,3.4421]}},{"type":"Feature","properties":{"id":"ELNINO_0424","id_maestro":"ACUEDUCTO_0431","codigo":"14230","mun":"RESTREPO","aro":"Centro Tuluá","amb":"Rural","tipo":"DISPERSA","prest":"ACUEDUCTO RURAL ALTO ZABALETAS","loc":"ALTO ZABALETAS","pob":80,"susc":20,"q":1.0,"qesc":0.6,"dem":0.17,"bal":0.43,"trat":"Ninguno","tienetrat":"","tfuente":"Superficial","fuente":"SUPERFICIAL","P_operativa":"SIN CLASIFICAR","P_clima":"P2","precip_idx":39.5,"temp_anom":1.14,"clasif_fuente":"CHIRPS + ERA5-Land · GEE 1–15 ago 2026 vs 1991–2020 · matriz graduada V0.5","precip_sev":1,"temp_sev":1,"clima_score":2,"precip_mm":16.49,"temp_mean":20.89},"geometry":{"type":"Point","coordinates":[-76.62342,3.822083]}},{"type":"Feature","properties":{"id":"ELNINO_0425","id_maestro":"ACUEDUCTO_0432","codigo":"3387","mun":"RESTREPO","aro":"Centro Tuluá","amb":"Rural","tipo":"DISPERSA","prest":"ACUEDUCTO SAN MARTIN 2","loc":"SAN MARTIN","pob":76,"susc":19,"q":1.0,"qesc":0.6,"dem":0.16,"bal":0.44,"trat":"Soluciones_Individuales","tienetrat":"","tfuente":"Subterránea","fuente":"NACIMIENTO SAN MARTIN","P_operativa":"SIN CLASIFICAR","P_clima":"P1","precip_idx":25.8,"temp_anom":1.23,"clasif_fuente":"CHIRPS + ERA5-Land · GEE 1–15 ago 2026 vs 1991–2020 · matriz graduada V0.5","precip_sev":2,"temp_sev":1,"clima_score":3,"precip_mm":7.0,"temp_mean":18.11},"geometry":{"type":"Point","coordinates":[-76.47804,3.820772]}},{"type":"Feature","properties":{"id":"ELNINO_0448","id_maestro":"ACUEDUCTO_0433","codigo":"4982","mun":"RESTREPO","aro":"Centro Tuluá","amb":"Rural","tipo":"DISPERSA","prest":"ASOCIACION ACUEDUCTO COMUNITARIO QUEBRADA CALABAZAS- SAN PABLO - ACOCALABAZAS","loc":"LAS BRISAS, PARTE DE ALTA DE VIJES, LA MERCED Y","pob":492,"susc":123,"q":1.5,"qesc":0.9,"dem":1.06,"bal":-0.16,"trat":"Solo desinfección","tienetrat":"","tfuente":"Superficial","fuente":"CALABAZAS","P_operativa":"SIN CLASIFICAR","P_clima":"P1","precip_idx":25.8,"temp_anom":1.23,"clasif_fuente":"CHIRPS + ERA5-Land · GEE 1–15 ago 2026 vs 1991–2020 · matriz graduada V0.5","precip_sev":2,"temp_sev":1,"clima_score":3,"precip_mm":7.0,"temp_mean":18.11},"geometry":{"type":"Point","coordinates":[-76.47859,3.808744]}},{"type":"Feature","properties":{"id":"ELNINO_0430","id_maestro":"ACUEDUCTO_0434","codigo":"17528","mun":"RESTREPO","aro":"Centro Tuluá","amb":"Rural","tipo":"DISPERSA","prest":"ASOCIACION DE ACUEDUCTO VEREDAL ALTO SAN PABLO","loc":"ALTO SAN PABLO","pob":120,"susc":30,"q":10.0,"qesc":6.0,"dem":0.26,"bal":5.74,"trat":"Ninguno","tienetrat":"","tfuente":"Superficial","fuente":"QUEBRADA ALFA BELLAVISTA","P_operativa":"SIN CLASIFICAR","P_clima":"P1","precip_idx":26.2,"temp_anom":1.23,"clasif_fuente":"CHIRPS + ERA5-Land · GEE 1–15 ago 2026 vs 1991–2020 · matriz graduada V0.5","precip_sev":2,"temp_sev":1,"clima_score":3,"precip_mm":8.58,"temp_mean":18.65},"geometry":{"type":"Point","coordinates":[-76.54479,3.817861]}},{"type":"Feature","properties":{"id":"ELNINO_0439","id_maestro":"ACUEDUCTO_0435","codigo":"3393","mun":"RESTREPO","aro":"Centro Tuluá","amb":"Rural","tipo":"DISPERSA","prest":"ASOCIACION DE SUSCRIPTORES DEL SISTEMA DE SUMINISTRO DE AGUA RURAL COMUNITARIA DE LA VEREDA ALBANIA CORREGIMIENTO DE ZABALETAS MUNICIPIO DE RESTREPO","loc":"LA ALBANIA","pob":260,"susc":65,"q":3.0,"qesc":1.8,"dem":0.56,"bal":1.24,"trat":"Ninguno","tienetrat":"","tfuente":"Superficial","fuente":"SANTA BARBARA","P_operativa":"SIN CLASIFICAR","P_clima":"P2","precip_idx":39.5,"temp_anom":1.14,"clasif_fuente":"CHIRPS + ERA5-Land · GEE 1–15 ago 2026 vs 1991–2020 · matriz graduada V0.5","precip_sev":1,"temp_sev":1,"clima_score":2,"precip_mm":16.49,"temp_mean":20.89},"geometry":{"type":"Point","coordinates":[-76.61842,3.812783]}},{"type":"Feature","properties":{"id":"ELNINO_0454","id_maestro":"ACUEDUCTO_0436","codigo":"14100","mun":"RESTREPO","aro":"Centro Tuluá","amb":"Rural","tipo":"DISPERSA","prest":"ASOCIACION DE USUARIOS ACUEDUCTO EL DIAMANTE","loc":"EL DIAMANTE","pob":120,"susc":30,"q":1.5,"qesc":0.9,"dem":0.26,"bal":0.64,"trat":"Solo desinfección","tienetrat":"","tfuente":"Superficial","fuente":"LA DIAMANTINA","P_operativa":"SIN CLASIFICAR","P_clima":"P1","precip_idx":25.8,"temp_anom":1.23,"clasif_fuente":"CHIRPS + ERA5-Land · GEE 1–15 ago 2026 vs 1991–2020 · matriz graduada V0.5","precip_sev":2,"temp_sev":1,"clima_score":3,"precip_mm":7.0,"temp_mean":18.11},"geometry":{"type":"Point","coordinates":[-76.49257,3.822017]}},{"type":"Feature","properties":{"id":"ELNINO_0444","id_maestro":"ACUEDUCTO_0437","codigo":"233","mun":"RESTREPO","aro":"Centro Tuluá","amb":"Rural","tipo":"DISPERSA","prest":"ASOCIACION DE USUARIOS DEL ACUEDUCTO ACUA PUERTA NEGRA","loc":"PUERTA NEGRA","pob":204,"susc":51,"q":2.0,"qesc":1.2,"dem":0.44,"bal":0.76,"trat":"Filtración Compacta","tienetrat":1,"tfuente":"Superficial","fuente":"LA CASCADA","P_operativa":"SIN CLASIFICAR","P_clima":"P3","precip_idx":44.0,"temp_anom":0.93,"clasif_fuente":"CHIRPS + ERA5-Land · GEE 1–15 ago 2026 vs 1991–2020 · matriz graduada V0.5","precip_sev":1,"temp_sev":0,"clima_score":1,"precip_mm":18.6,"temp_mean":18.65},"geometry":{"type":"Point","coordinates":[-76.57649,3.854656]}},{"type":"Feature","properties":{"id":"ELNINO_0445","id_maestro":"ACUEDUCTO_0438","codigo":"547","mun":"RESTREPO","aro":"Centro Tuluá","amb":"Rural","tipo":"DISPERSA","prest":"ASOCIACION DE USUARIOS DEL ACUEDUCTO AGUACATE-POTERILLO","loc":"POTRERILLO","pob":388,"susc":97,"q":2.0,"qesc":1.2,"dem":0.84,"bal":0.36,"trat":"FIME","tienetrat":1,"tfuente":"Superficial","fuente":"SINAI","P_operativa":"SIN CLASIFICAR","P_clima":"P1","precip_idx":40.3,"temp_anom":2.02,"clasif_fuente":"CHIRPS + ERA5-Land · GEE 1–15 ago 2026 vs 1991–2020 · matriz graduada V0.5","precip_sev":1,"temp_sev":2,"clima_score":3,"precip_mm":10.61,"temp_mean":19.68},"geometry":{"type":"Point","coordinates":[-76.55581,3.721028]}},{"type":"Feature","properties":{"id":"ELNINO_0431","id_maestro":"ACUEDUCTO_0439","codigo":"3400","mun":"RESTREPO","aro":"Centro Tuluá","amb":"Rural","tipo":"DISPERSA","prest":"ASOCIACION DE USUARIOS DEL ACUEDUCTO AGUALINDA ALTO","loc":"AGUALINDA ALTO","pob":36,"susc":9,"q":1.5,"qesc":0.9,"dem":0.08,"bal":0.82,"trat":"Soluciones_Individuales","tienetrat":"","tfuente":"Superficial","fuente":"AGUA LINDA","P_operativa":"SIN CLASIFICAR","P_clima":"P1","precip_idx":26.2,"temp_anom":1.23,"clasif_fuente":"CHIRPS + ERA5-Land · GEE 1–15 ago 2026 vs 1991–2020 · matriz graduada V0.5","precip_sev":2,"temp_sev":1,"clima_score":3,"precip_mm":8.58,"temp_mean":18.65},"geometry":{"type":"Point","coordinates":[-76.50113,3.826411]}},{"type":"Feature","properties":{"id":"ELNINO_0440","id_maestro":"ACUEDUCTO_0440","codigo":"2062","mun":"RESTREPO","aro":"Centro Tuluá","amb":"Rural","tipo":"DISPERSA","prest":"ASOCIACION DE USUARIOS DEL ACUEDUCTO DE LA CUENCA DEL ALTO CIELO Y LA TESALIA ESP","loc":"ALTO CIELO Y LA TESALIA","pob":248,"susc":62,"q":1.5,"qesc":0.9,"dem":0.54,"bal":0.36,"trat":"Filtración Compacta","tienetrat":1,"tfuente":"Superficial","fuente":"ALTO CIELO, LA TESALIA","P_operativa":"SIN CLASIFICAR","P_clima":"P1","precip_idx":25.8,"temp_anom":1.23,"clasif_fuente":"CHIRPS + ERA5-Land · GEE 1–15 ago 2026 vs 1991–2020 · matriz graduada V0.5","precip_sev":2,"temp_sev":1,"clima_score":3,"precip_mm":7.0,"temp_mean":18.11},"geometry":{"type":"Point","coordinates":[-76.49613,3.814467]}},{"type":"Feature","properties":{"id":"ELNINO_0426","id_maestro":"ACUEDUCTO_0441","codigo":"402","mun":"RESTREPO","aro":"Centro Tuluá","amb":"Rural","tipo":"DISPERSA","prest":"ASOCIACION DE USUARIOS DEL ACUEDUCTO DE LA VEREDA LA ITALIA - ACUAITALIA","loc":"LA ITALIA","pob":200,"susc":50,"q":1.5,"qesc":0.9,"dem":0.43,"bal":0.47,"trat":"Ninguno","tienetrat":"","tfuente":"Superficial","fuente":"ALTO CIELO","P_operativa":"SIN CLASIFICAR","P_clima":"P1","precip_idx":26.2,"temp_anom":1.23,"clasif_fuente":"CHIRPS + ERA5-Land · GEE 1–15 ago 2026 vs 1991–2020 · matriz graduada V0.5","precip_sev":2,"temp_sev":1,"clima_score":3,"precip_mm":8.58,"temp_mean":18.65},"geometry":{"type":"Point","coordinates":[-76.52223,3.830575]}},{"type":"Feature","properties":{"id":"ELNINO_0441","id_maestro":"ACUEDUCTO_0442","codigo":"2888","mun":"RESTREPO","aro":"Sur Cali","amb":"Rural","tipo":"DISPERSA","prest":"ASOCIACIÓN DE USUARIOS DEL SERVICIO DE AGUA POTABLE PUEBLO NUEVO Y CABILDO NIAZA-ACUANIPU","loc":"PUEBLO NUEVO,CABILDO NIAZA (RESTREPO)","pob":360,"susc":90,"q":null,"qesc":null,"dem":0.78,"bal":null,"trat":"FIME","tienetrat":1,"tfuente":"","fuente":"","P_operativa":"SIN CLASIFICAR","P_clima":"P1","precip_idx":25.1,"temp_anom":1.23,"clasif_fuente":"CHIRPS + ERA5-Land · GEE 1–15 ago 2026 vs 1991–2020 · matriz graduada V0.5","precip_sev":2,"temp_sev":1,"clima_score":3,"precip_mm":6.65,"temp_mean":19.29},"geometry":{"type":"Point","coordinates":[-76.47919,3.774444]}},{"type":"Feature","properties":{"id":"ELNINO_0436","id_maestro":"ACUEDUCTO_0443","codigo":"503","mun":"RESTREPO","aro":"Centro Tuluá","amb":"Rural","tipo":"DISPERSA","prest":"ASOCIACION DE USUARIOS DEL SISTEMA Y SUMINISTRO DE AGUA DE LA VEREDA CALIMITA","loc":"CALIMITA","pob":320,"susc":80,"q":2.0,"qesc":1.2,"dem":0.69,"bal":0.51,"trat":"Filtración Compacta","tienetrat":1,"tfuente":"Superficial","fuente":"LA  TOBÓN","P_operativa":"SIN CLASIFICAR","P_clima":"P1","precip_idx":26.2,"temp_anom":1.23,"clasif_fuente":"CHIRPS + ERA5-Land · GEE 1–15 ago 2026 vs 1991–2020 · matriz graduada V0.5","precip_sev":2,"temp_sev":1,"clima_score":3,"precip_mm":8.58,"temp_mean":18.65},"geometry":{"type":"Point","coordinates":[-76.54448,3.825875]}},{"type":"Feature","properties":{"id":"ELNINO_0455","id_maestro":"ACUEDUCTO_0444","codigo":"7545","mun":"RESTREPO","aro":"Centro Tuluá","amb":"Rural","tipo":"DISPERSA","prest":"ASOCIACION DE USUARIOS LA FLORIDA - ALTO DEL OSO 3","loc":"LA CAMELIA, INSTITUCION EDUCATIVA, EL JARDIN","pob":40,"susc":10,"q":1.0,"qesc":0.6,"dem":0.09,"bal":0.51,"trat":"Ninguno","tienetrat":"","tfuente":"","fuente":"","P_operativa":"SIN CLASIFICAR","P_clima":"P1","precip_idx":25.8,"temp_anom":1.23,"clasif_fuente":"CHIRPS + ERA5-Land · GEE 1–15 ago 2026 vs 1991–2020 · matriz graduada V0.5","precip_sev":2,"temp_sev":1,"clima_score":3,"precip_mm":7.0,"temp_mean":18.11},"geometry":{"type":"Point","coordinates":[-76.4739,3.822928]}},{"type":"Feature","properties":{"id":"ELNINO_0427","id_maestro":"ACUEDUCTO_0445","codigo":"502","mun":"RESTREPO","aro":"Centro Tuluá","amb":"Rural","tipo":"DISPERSA","prest":"ASOCIACION DE USUARIOS VEREDA AGUA MONA","loc":"AGUA MONA","pob":256,"susc":64,"q":3.5,"qesc":2.1,"dem":0.55,"bal":1.55,"trat":"Solo desinfección","tienetrat":"","tfuente":"Superficial","fuente":"ALTO CIELO, AGUA MONA","P_operativa":"SIN CLASIFICAR","P_clima":"P1","precip_idx":26.2,"temp_anom":1.23,"clasif_fuente":"CHIRPS + ERA5-Land · GEE 1–15 ago 2026 vs 1991–2020 · matriz graduada V0.5","precip_sev":2,"temp_sev":1,"clima_score":3,"precip_mm":8.58,"temp_mean":18.65},"geometry":{"type":"Point","coordinates":[-76.521,3.848556]}},{"type":"Feature","properties":{"id":"ELNINO_0442","id_maestro":"ACUEDUCTO_0446","codigo":"2073","mun":"RESTREPO","aro":"Centro Tuluá","amb":"Rural","tipo":"DISPERSA","prest":"ASOCIACION DE USUARIOS Y/O SUSCRIPTORES DEL SERVICIO DE AGUA POTABLE DE LA VEREDA SANTA ROSA - AVESARO","loc":"SANTA ROSA","pob":344,"susc":86,"q":4.5,"qesc":2.7,"dem":0.74,"bal":1.96,"trat":"Soluciones_Individuales (30%)","tienetrat":1,"tfuente":"Superficial","fuente":"EL NILO","P_operativa":"SIN CLASIFICAR","P_clima":"P1","precip_idx":25.8,"temp_anom":1.23,"clasif_fuente":"CHIRPS + ERA5-Land · GEE 1–15 ago 2026 vs 1991–2020 · matriz graduada V0.5","precip_sev":2,"temp_sev":1,"clima_score":3,"precip_mm":7.0,"temp_mean":18.11},"geometry":{"type":"Point","coordinates":[-76.48893,3.811411]}},{"type":"Feature","properties":{"id":"ELNINO_0437","id_maestro":"ACUEDUCTO_0447","codigo":"3304","mun":"RESTREPO","aro":"Centro Tuluá","amb":"Rural","tipo":"DISPERSA","prest":"ASOCIACION USUARIOS COMUNIDAD VDA SAN SALVADOR Y EL SILENCIO - EL SILENCIO","loc":"EL SILENCIO","pob":292,"susc":73,"q":2.0,"qesc":1.2,"dem":0.63,"bal":0.57,"trat":"Solo desinfección","tienetrat":"","tfuente":"Superficial","fuente":"LA CASCADA DE SINAI, LA CASCADA","P_operativa":"SIN CLASIFICAR","P_clima":"P2","precip_idx":39.5,"temp_anom":1.14,"clasif_fuente":"CHIRPS + ERA5-Land · GEE 1–15 ago 2026 vs 1991–2020 · matriz graduada V0.5","precip_sev":1,"temp_sev":1,"clima_score":2,"precip_mm":16.49,"temp_mean":20.89},"geometry":{"type":"Point","coordinates":[-76.60946,3.801128]}},{"type":"Feature","properties":{"id":"ELNINO_0432","id_maestro":"ACUEDUCTO_0448","codigo":"3301","mun":"RESTREPO","aro":"Centro Tuluá","amb":"Rural","tipo":"CENTRO POBLADO","prest":"ASOCIACION USUARIOS COMUNIDAD VDA SAN SALVADOR Y EL SILENCIO - SAN SALVADOR","loc":"SAN SALVADOR","pob":196,"susc":49,"q":10.0,"qesc":6.0,"dem":0.42,"bal":5.58,"trat":"Ninguno","tienetrat":"","tfuente":"","fuente":"","P_operativa":"SIN CLASIFICAR","P_clima":"P2","precip_idx":39.5,"temp_anom":1.14,"clasif_fuente":"CHIRPS + ERA5-Land · GEE 1–15 ago 2026 vs 1991–2020 · matriz graduada V0.5","precip_sev":1,"temp_sev":1,"clima_score":2,"precip_mm":16.49,"temp_mean":20.89},"geometry":{"type":"Point","coordinates":[-76.60946,3.801128]}},{"type":"Feature","properties":{"id":"ELNINO_0433","id_maestro":"ACUEDUCTO_0449","codigo":"3037","mun":"RESTREPO","aro":"Centro Tuluá","amb":"Rural","tipo":"DISPERSA","prest":"ASOCIACION USUARIOS DEL ACUEDUCTO AGUA DE DIOS","loc":"EL AGRADO","pob":32,"susc":8,"q":0.3,"qesc":0.18,"dem":0.07,"bal":0.11,"trat":"Soluciones_Individuales","tienetrat":"","tfuente":"Superficial","fuente":"AGUA DE DIOS","P_operativa":"SIN CLASIFICAR","P_clima":"P1","precip_idx":25.8,"temp_anom":1.23,"clasif_fuente":"CHIRPS + ERA5-Land · GEE 1–15 ago 2026 vs 1991–2020 · matriz graduada V0.5","precip_sev":2,"temp_sev":1,"clima_score":3,"precip_mm":7.0,"temp_mean":18.11},"geometry":{"type":"Point","coordinates":[-76.49974,3.804806]}},{"type":"Feature","properties":{"id":"ELNINO_0434","id_maestro":"ACUEDUCTO_0450","codigo":"3299","mun":"RESTREPO","aro":"Centro Tuluá","amb":"Rural","tipo":"DISPERSA","prest":"ASOCIACON DE USUARIOS DEL SERVICIO DE AGUA DEL ACEUDUCTO PLAYA RICA - LA GUAIRA","loc":"PLAYA RICA","pob":360,"susc":90,"q":4.0,"qesc":2.4,"dem":0.78,"bal":1.62,"trat":"Solo desinfección","tienetrat":"","tfuente":"Superficial","fuente":"PLAYA RICA, LA TIGRESA","P_operativa":"SIN CLASIFICAR","P_clima":"P2","precip_idx":37.9,"temp_anom":1.14,"clasif_fuente":"CHIRPS + ERA5-Land · GEE 1–15 ago 2026 vs 1991–2020 · matriz graduada V0.5","precip_sev":1,"temp_sev":1,"clima_score":2,"precip_mm":13.16,"temp_mean":18.65},"geometry":{"type":"Point","coordinates":[-76.59367,3.827764]}},{"type":"Feature","properties":{"id":"ELNINO_0486","id_maestro":"ACUEDUCTO_0451","codigo":"3862","mun":"RESTREPO","aro":"Centro Tuluá","amb":"Rural","tipo":"DISPERSA","prest":"JUNTA ADMINISTRADORA ACUEDUCTO DOS PIEDRAS","loc":"RIO GRANDE","pob":140,"susc":35,"q":1.5,"qesc":0.9,"dem":0.3,"bal":0.6,"trat":"Soluciones_Individuales","tienetrat":1,"tfuente":"Subterránea","fuente":"NACIMIENTO DOS PIEDRAS","P_operativa":"SIN CLASIFICAR","P_clima":"P2","precip_idx":37.2,"temp_anom":1.14,"clasif_fuente":"CHIRPS + ERA5-Land · GEE 1–15 ago 2026 vs 1991–2020 · matriz graduada V0.5","precip_sev":1,"temp_sev":1,"clima_score":2,"precip_mm":11.5,"temp_mean":19.68},"geometry":{"type":"Point","coordinates":[-76.56303,3.755825]}},{"type":"Feature","properties":{"id":"ELNINO_0435","id_maestro":"ACUEDUCTO_0452","codigo":"13516","mun":"RESTREPO","aro":"Centro Tuluá","amb":"Rural","tipo":"DISPERSA","prest":"JUNTA ADMINISTRADORA ACUEDUCTO ROMAN","loc":"ROMAN","pob":92,"susc":23,"q":null,"qesc":null,"dem":0.2,"bal":null,"trat":"Soluciones_Individuales","tienetrat":"","tfuente":"Superficial","fuente":"QUEBRADA EL SINAI","P_operativa":"SIN CLASIFICAR","P_clima":"P2","precip_idx":37.2,"temp_anom":1.14,"clasif_fuente":"CHIRPS + ERA5-Land · GEE 1–15 ago 2026 vs 1991–2020 · matriz graduada V0.5","precip_sev":1,"temp_sev":1,"clima_score":2,"precip_mm":11.5,"temp_mean":19.68},"geometry":{"type":"Point","coordinates":[-76.57909,3.771183]}},{"type":"Feature","properties":{"id":"ELNINO_0456","id_maestro":"ACUEDUCTO_0453","codigo":"SD","mun":"RESTREPO","aro":"Centro Tuluá","amb":"Rural","tipo":"DISPERSA","prest":"PARCELACION ECOLOGICA VILLA DEL SOL","loc":"PARCELACION ECOLOGICA VILLA DEL SOL","pob":208,"susc":52,"q":6.5,"qesc":3.9,"dem":0.45,"bal":3.45,"trat":"Ninguno","tienetrat":"","tfuente":"","fuente":"","P_operativa":"SIN CLASIFICAR","P_clima":"P1","precip_idx":26.2,"temp_anom":1.23,"clasif_fuente":"CHIRPS + ERA5-Land · GEE 1–15 ago 2026 vs 1991–2020 · matriz graduada V0.5","precip_sev":2,"temp_sev":1,"clima_score":3,"precip_mm":8.58,"temp_mean":18.65},"geometry":{"type":"Point","coordinates":[-76.54292,3.800833]}},{"type":"Feature","properties":{"id":"ELNINO_0451","id_maestro":"ACUEDUCTO_0455","codigo":"190","mun":"RESTREPO","aro":"Centro Tuluá","amb":"Urbano","tipo":"CABECERA MUNICIPAL","prest":"SOCIEDAD DE ACUEDUCTOS Y ALCANTARILLADOS DEL VALLE DEL CAUCA S.A. E.S.P. ACUAVALLE S.A. E.S.P.-RESTREPO","loc":"URBANO, AGUALINDA, EL AGRADO, AGUAMONA, CALIMITA, SAN PABLO, EL MADROÑAL, EL TRANSPORTE","pob":15800,"susc":3950,"q":26.0,"qesc":15.6,"dem":34.14,"bal":-18.54,"trat":"Convencional","tienetrat":1,"tfuente":"Superficial","fuente":"LA ITALIA, LA MANCHA","P_operativa":"SIN CLASIFICAR","P_clima":"P1","precip_idx":26.2,"temp_anom":1.23,"clasif_fuente":"CHIRPS + ERA5-Land · GEE 1–15 ago 2026 vs 1991–2020 · matriz graduada V0.5","precip_sev":2,"temp_sev":1,"clima_score":3,"precip_mm":8.58,"temp_mean":18.65},"geometry":{"type":"Point","coordinates":[-76.52113,3.82328]}},{"type":"Feature","properties":{"id":"ELNINO_0452","id_maestro":"ACUEDUCTO_0456","codigo":"157","mun":"RESTREPO","aro":"Centro Tuluá","amb":"Rural","tipo":"DISPERSA","prest":"SOCIEDAD DE ACUEDUCTOS Y ALCANTARILLADOS DEL VALLE DEL CAUCA S.A. E.S.P. ACUAVALLE S.A. E.S.P.-TABLEROS","loc":"TABLEROS","pob":1040,"susc":260,"q":4.0,"qesc":2.4,"dem":2.25,"bal":0.15,"trat":"Convencional","tienetrat":1,"tfuente":"Superficial","fuente":"LA MANCHA","P_operativa":"SIN CLASIFICAR","P_clima":"P3","precip_idx":44.0,"temp_anom":0.93,"clasif_fuente":"CHIRPS + ERA5-Land · GEE 1–15 ago 2026 vs 1991–2020 · matriz graduada V0.5","precip_sev":1,"temp_sev":0,"clima_score":1,"precip_mm":18.6,"temp_mean":18.65},"geometry":{"type":"Point","coordinates":[-76.55223,3.852786]}},{"type":"Feature","properties":{"id":"ELNINO_0457","id_maestro":"ACUEDUCTO_0457","codigo":"6507","mun":"RIO FRIO","aro":"Centro Tuluá","amb":"Rural","tipo":"DISPERSA","prest":"ACUAMIRAVALLE","loc":"MIRAVALLE ALTO","pob":128,"susc":32,"q":2.5,"qesc":1.5,"dem":0.28,"bal":1.22,"trat":"Ninguno","tienetrat":"","tfuente":"Superficial","fuente":"SUPERFICIAL QUEBRADA","P_operativa":"SIN CLASIFICAR","P_clima":"P2","precip_idx":28.7,"temp_anom":0.57,"clasif_fuente":"CHIRPS + ERA5-Land · GEE 1–15 ago 2026 vs 1991–2020 · matriz graduada V0.5","precip_sev":2,"temp_sev":0,"clima_score":2,"precip_mm":10.51,"temp_mean":17.61},"geometry":{"type":"Point","coordinates":[-76.38447,4.049175]}},{"type":"Feature","properties":{"id":"ELNINO_0458","id_maestro":"ACUEDUCTO_0458","codigo":"22040","mun":"RIO FRIO","aro":"Centro Tuluá","amb":"Rural","tipo":"DISPERSA","prest":"ACUARABIA","loc":"EL DINDE, LA ARABIA , HOJAS ANCHAS","pob":220,"susc":55,"q":1.5,"qesc":0.9,"dem":0.48,"bal":0.42,"trat":"Ninguno","tienetrat":"","tfuente":"Superficial","fuente":"RIO ARAUCA","P_operativa":"SIN CLASIFICAR","P_clima":"P3","precip_idx":32.9,"temp_anom":0.83,"clasif_fuente":"CHIRPS + ERA5-Land · GEE 1–15 ago 2026 vs 1991–2020 · matriz graduada V0.5","precip_sev":1,"temp_sev":0,"clima_score":1,"precip_mm":15.07,"temp_mean":17.15},"geometry":{"type":"Point","coordinates":[-76.37058,4.152328]}},{"type":"Feature","properties":{"id":"ELNINO_0459","id_maestro":"ACUEDUCTO_0459","codigo":"13337","mun":"RIO FRIO","aro":"Centro Tuluá","amb":"Rural","tipo":"DISPERSA","prest":"ACUEDUCTO DOS QUEBRADAS","loc":"EL RUBI","pob":104,"susc":26,"q":2.0,"qesc":1.2,"dem":0.22,"bal":0.98,"trat":"Ninguno","tienetrat":"","tfuente":"Superficial","fuente":"BUENOS AIRES","P_operativa":"SIN CLASIFICAR","P_clima":"P3","precip_idx":31.1,"temp_anom":0.57,"clasif_fuente":"CHIRPS + ERA5-Land · GEE 1–15 ago 2026 vs 1991–2020 · matriz graduada V0.5","precip_sev":1,"temp_sev":0,"clima_score":1,"precip_mm":13.37,"temp_mean":15.35},"geometry":{"type":"Point","coordinates":[-76.40058,4.01945]}},{"type":"Feature","properties":{"id":"ELNINO_0126","id_maestro":"ACUEDUCTO_0460","codigo":"15897","mun":"RIO FRIO","aro":"Centro Tuluá","amb":"Rural","tipo":"CENTRO POBLADO","prest":"ACUEDUCTO LAS BRISAS","loc":"LAS BRISAS","pob":36,"susc":9,"q":6.5,"qesc":3.9,"dem":0.08,"bal":3.82,"trat":"Soluciones_Individuales","tienetrat":1,"tfuente":"Subterránea","fuente":"FINCA LA MARIA","P_operativa":"SIN CLASIFICAR","P_clima":"P3","precip_idx":30.0,"temp_anom":1.0,"clasif_fuente":"CHIRPS + ERA5-Land · GEE 1–15 ago 2026 vs 1991–2020 · matriz graduada V0.5","precip_sev":1,"temp_sev":0,"clima_score":1,"precip_mm":12.68,"temp_mean":17.15},"geometry":{"type":"Point","coordinates":[-76.3875,4.121944]}},{"type":"Feature","properties":{"id":"ELNINO_0461","id_maestro":"ACUEDUCTO_0461","codigo":"6869","mun":"RIO FRIO","aro":"Centro Tuluá","amb":"Rural","tipo":"DISPERSA","prest":"ACUEDUCTO MIRAVALLE","loc":"MIRAVALLE","pob":108,"susc":27,"q":1.5,"qesc":0.9,"dem":0.23,"bal":0.67,"trat":"Ninguno","tienetrat":"","tfuente":"Superficial","fuente":"EL TREBOL","P_operativa":"SIN CLASIFICAR","P_clima":"P2","precip_idx":28.7,"temp_anom":0.57,"clasif_fuente":"CHIRPS + ERA5-Land · GEE 1–15 ago 2026 vs 1991–2020 · matriz graduada V0.5","precip_sev":2,"temp_sev":0,"clima_score":2,"precip_mm":10.51,"temp_mean":17.61},"geometry":{"type":"Point","coordinates":[-76.40027,4.040844]}},{"type":"Feature","properties":{"id":"ELNINO_0462","id_maestro":"ACUEDUCTO_0462","codigo":"9390","mun":"RIO FRIO","aro":"Centro Tuluá","amb":"Rural","tipo":"DISPERSA","prest":"ACUEDUCTO MORROPLANCHO BAJO","loc":"MORROPLANCHO BAJO","pob":80,"susc":20,"q":2.0,"qesc":1.2,"dem":0.17,"bal":1.03,"trat":"Solo desinfección","tienetrat":"","tfuente":"Subterránea","fuente":"MORROPLANCHO BAJO","P_operativa":"SIN CLASIFICAR","P_clima":"P3","precip_idx":30.0,"temp_anom":1.0,"clasif_fuente":"CHIRPS + ERA5-Land · GEE 1–15 ago 2026 vs 1991–2020 · matriz graduada V0.5","precip_sev":1,"temp_sev":0,"clima_score":1,"precip_mm":12.68,"temp_mean":17.15},"geometry":{"type":"Point","coordinates":[-76.375,4.131944]}},{"type":"Feature","properties":{"id":"ELNINO_0463","id_maestro":"ACUEDUCTO_0463","codigo":"7303","mun":"RIO FRIO","aro":"Centro Tuluá","amb":"Rural","tipo":"DISPERSA","prest":"ACUEDUCTO RURAL COROZAL","loc":"COROZAL","pob":300,"susc":75,"q":2.3,"qesc":1.38,"dem":0.65,"bal":0.73,"trat":"Soluciones_Individuales","tienetrat":"","tfuente":"Superficial","fuente":"BELLAVISTA","P_operativa":"SIN CLASIFICAR","P_clima":"P2","precip_idx":28.7,"temp_anom":0.57,"clasif_fuente":"CHIRPS + ERA5-Land · GEE 1–15 ago 2026 vs 1991–2020 · matriz graduada V0.5","precip_sev":2,"temp_sev":0,"clima_score":2,"precip_mm":10.51,"temp_mean":17.61},"geometry":{"type":"Point","coordinates":[-76.39806,4.030508]}},{"type":"Feature","properties":{"id":"ELNINO_0464","id_maestro":"ACUEDUCTO_0464","codigo":"3703","mun":"RIO FRIO","aro":"Centro Tuluá","amb":"Rural","tipo":"DISPERSA","prest":"ACUEDUCTO RURAL SAN ALFONSO","loc":"SAN ALFONSO","pob":144,"susc":36,"q":3.0,"qesc":1.8,"dem":0.31,"bal":1.49,"trat":"Ninguno","tienetrat":"","tfuente":"","fuente":"","P_operativa":"SIN CLASIFICAR","P_clima":"P3","precip_idx":30.0,"temp_anom":1.0,"clasif_fuente":"CHIRPS + ERA5-Land · GEE 1–15 ago 2026 vs 1991–2020 · matriz graduada V0.5","precip_sev":1,"temp_sev":0,"clima_score":1,"precip_mm":12.68,"temp_mean":17.15},"geometry":{"type":"Point","coordinates":[-76.39735,4.117239]}},{"type":"Feature","properties":{"id":"ELNINO_0300","id_maestro":"ACUEDUCTO_0466","codigo":"15486","mun":"RIO FRIO","aro":"Centro Tuluá","amb":"Rural","tipo":"DISPERSA","prest":"ACUEDUCTO VEREDA EL CARMEN","loc":"EL CARMEN","pob":132,"susc":33,"q":2.0,"qesc":1.2,"dem":0.29,"bal":0.91,"trat":"Soluciones_Individuales","tienetrat":1,"tfuente":"Subterránea","fuente":"FINCA LA MULA","P_operativa":"SIN CLASIFICAR","P_clima":"P3","precip_idx":31.3,"temp_anom":1.0,"clasif_fuente":"CHIRPS + ERA5-Land · GEE 1–15 ago 2026 vs 1991–2020 · matriz graduada V0.5","precip_sev":1,"temp_sev":0,"clima_score":1,"precip_mm":14.69,"temp_mean":17.47},"geometry":{"type":"Point","coordinates":[-76.42224,4.123894]}},{"type":"Feature","properties":{"id":"ELNINO_0082","id_maestro":"ACUEDUCTO_0467","codigo":"13515","mun":"RIO FRIO","aro":"Centro Tuluá","amb":"Rural","tipo":"DISPERSA","prest":"ACUEDUCTO VEREDA EL RUBI SECTOR LA CANCHA","loc":"EL RUBI","pob":120,"susc":30,"q":1.0,"qesc":0.6,"dem":0.26,"bal":0.34,"trat":"Soluciones_Individuales","tienetrat":1,"tfuente":"Superficial","fuente":"RESTREPO","P_operativa":"SIN CLASIFICAR","P_clima":"P3","precip_idx":31.1,"temp_anom":0.57,"clasif_fuente":"CHIRPS + ERA5-Land · GEE 1–15 ago 2026 vs 1991–2020 · matriz graduada V0.5","precip_sev":1,"temp_sev":0,"clima_score":1,"precip_mm":13.37,"temp_mean":15.35},"geometry":{"type":"Point","coordinates":[-76.40751,4.017886]}},{"type":"Feature","properties":{"id":"ELNINO_0468","id_maestro":"ACUEDUCTO_0468","codigo":"504","mun":"RIO FRIO","aro":"Centro Tuluá","amb":"Rural","tipo":"CENTRO POBLADO","prest":"AGUA SULTANA","loc":"LA SULTANA","pob":140,"susc":35,"q":null,"qesc":null,"dem":0.3,"bal":null,"trat":"Solo desinfección","tienetrat":"","tfuente":"Superficial","fuente":"LA ESPERANZA","P_operativa":"SIN CLASIFICAR","P_clima":"P1","precip_idx":28.4,"temp_anom":1.31,"clasif_fuente":"CHIRPS + ERA5-Land · GEE 1–15 ago 2026 vs 1991–2020 · matriz graduada V0.5","precip_sev":2,"temp_sev":1,"clima_score":3,"precip_mm":10.14,"temp_mean":19.89},"geometry":{"type":"Point","coordinates":[-76.28479,4.117169]}},{"type":"Feature","properties":{"id":"ELNINO_0469","id_maestro":"ACUEDUCTO_0469","codigo":"2766","mun":"RIO FRIO","aro":"Centro Tuluá","amb":"Rural","tipo":"DISPERSA","prest":"ASOCIACION DE USUARIOS ACUEDUCTO AGUAS ARRIBA- LA JUDEA","loc":"LA JUDEA (120407)","pob":120,"susc":30,"q":null,"qesc":null,"dem":0.26,"bal":null,"trat":"Solo desinfección","tienetrat":"","tfuente":"Superficial","fuente":"LA PROFUNDA","P_operativa":"SIN CLASIFICAR","P_clima":"P3","precip_idx":31.3,"temp_anom":1.0,"clasif_fuente":"CHIRPS + ERA5-Land · GEE 1–15 ago 2026 vs 1991–2020 · matriz graduada V0.5","precip_sev":1,"temp_sev":0,"clima_score":1,"precip_mm":14.69,"temp_mean":17.47},"geometry":{"type":"Point","coordinates":[-76.40301,4.105297]}},{"type":"Feature","properties":{"id":"ELNINO_0470","id_maestro":"ACUEDUCTO_0470","codigo":"181","mun":"RIO FRIO","aro":"Centro Tuluá","amb":"Rural","tipo":"DISPERSA","prest":"ASOCIACION DE USUARIOS DEL ACUEDUCTO DE LA VEREDA DE CALABAZAS","loc":"CALABAZAS","pob":248,"susc":62,"q":null,"qesc":null,"dem":0.54,"bal":null,"trat":"Ninguno","tienetrat":"","tfuente":"Superficial","fuente":"BELLAVISTA","P_operativa":"SIN CLASIFICAR","P_clima":"P2","precip_idx":28.7,"temp_anom":0.57,"clasif_fuente":"CHIRPS + ERA5-Land · GEE 1–15 ago 2026 vs 1991–2020 · matriz graduada V0.5","precip_sev":2,"temp_sev":0,"clima_score":2,"precip_mm":10.51,"temp_mean":17.61},"geometry":{"type":"Point","coordinates":[-76.38801,4.036067]}},{"type":"Feature","properties":{"id":"ELNINO_0471","id_maestro":"ACUEDUCTO_0471","codigo":"2749","mun":"RIO FRIO","aro":"Centro Tuluá","amb":"Rural","tipo":"CENTRO POBLADO","prest":"ASOCIACION DE USUARIOS DEL ACUEDUCTO EL DIAMANTE - LA ZULIA","loc":"LA ZULIA","pob":232,"susc":58,"q":1.5,"qesc":0.9,"dem":0.5,"bal":0.4,"trat":"Solo desinfección","tienetrat":"","tfuente":"Superficial","fuente":"LA ZULIA","P_operativa":"SIN CLASIFICAR","P_clima":"P2","precip_idx":29.5,"temp_anom":1.0,"clasif_fuente":"CHIRPS + ERA5-Land · GEE 1–15 ago 2026 vs 1991–2020 · matriz graduada V0.5","precip_sev":2,"temp_sev":0,"clima_score":2,"precip_mm":12.74,"temp_mean":17.61},"geometry":{"type":"Point","coordinates":[-76.38352,4.093542]}},{"type":"Feature","properties":{"id":"ELNINO_0472","id_maestro":"ACUEDUCTO_0472","codigo":"3704","mun":"RIO FRIO","aro":"Centro Tuluá","amb":"Rural","tipo":"DISPERSA","prest":"ASOCIACION DE USUARIOS DEL ACUEDUCTO RURAL CAMPESINO DE LA VEREDA LA CRISTALINA","loc":"LA CRISTALINA","pob":100,"susc":25,"q":3.0,"qesc":1.8,"dem":0.22,"bal":1.58,"trat":"Ninguno","tienetrat":"","tfuente":"Superficial","fuente":"LA CRISTALINA","P_operativa":"SIN CLASIFICAR","P_clima":"P3","precip_idx":30.0,"temp_anom":1.0,"clasif_fuente":"CHIRPS + ERA5-Land · GEE 1–15 ago 2026 vs 1991–2020 · matriz graduada V0.5","precip_sev":1,"temp_sev":0,"clima_score":1,"precip_mm":12.68,"temp_mean":17.15},"geometry":{"type":"Point","coordinates":[-76.39933,4.125267]}},{"type":"Feature","properties":{"id":"ELNINO_0473","id_maestro":"ACUEDUCTO_0473","codigo":"510","mun":"RIO FRIO","aro":"Centro Tuluá","amb":"Rural","tipo":"CENTRO POBLADO","prest":"FUNDACION DE USUARIOS DEL ACUEDUCTO COREGIMIENTO FENICIA","loc":"PUERTO FENICIA","pob":3100,"susc":775,"q":11.0,"qesc":6.6,"dem":6.7,"bal":-0.1,"trat":"Solo desinfección","tienetrat":"","tfuente":"Superficial","fuente":"TESORITO","P_operativa":"SIN CLASIFICAR","P_clima":"P2","precip_idx":29.5,"temp_anom":1.0,"clasif_fuente":"CHIRPS + ERA5-Land · GEE 1–15 ago 2026 vs 1991–2020 · matriz graduada V0.5","precip_sev":2,"temp_sev":0,"clima_score":2,"precip_mm":12.74,"temp_mean":17.61},"geometry":{"type":"Point","coordinates":[-76.3864,4.076692]}},{"type":"Feature","properties":{"id":"ELNINO_0474","id_maestro":"ACUEDUCTO_0474","codigo":"513","mun":"RIO FRIO","aro":"Centro Tuluá","amb":"Rural","tipo":"CENTRO POBLADO","prest":"FUNDACION DE USUARIOS DEL ACUEDUCTO DE LA VEREDA DE MADRIGAL","loc":"MADRIGAL","pob":292,"susc":73,"q":2.0,"qesc":1.2,"dem":0.63,"bal":0.57,"trat":"Solo desinfección","tienetrat":"","tfuente":"Superficial","fuente":"SAN JOSE","P_operativa":"SIN CLASIFICAR","P_clima":"P2","precip_idx":32.3,"temp_anom":1.09,"clasif_fuente":"CHIRPS + ERA5-Land · GEE 1–15 ago 2026 vs 1991–2020 · matriz graduada V0.5","precip_sev":1,"temp_sev":1,"clima_score":2,"precip_mm":12.33,"temp_mean":19.89},"geometry":{"type":"Point","coordinates":[-76.25993,4.1802]}},{"type":"Feature","properties":{"id":"ELNINO_0475","id_maestro":"ACUEDUCTO_0475","codigo":"507","mun":"RIO FRIO","aro":"Centro Tuluá","amb":"Rural","tipo":"CENTRO POBLADO","prest":"FUNDACION DE USUARIOS DEL ACUEDUCTO DEL CORREGIMIENTO DE PORTUGAL DE PIEDRAS - ACUEPORT","loc":"PORTUGAL DE PIEDRAS","pob":508,"susc":127,"q":4.0,"qesc":2.4,"dem":1.1,"bal":1.3,"trat":"Solo desinfección","tienetrat":"","tfuente":"Superficial","fuente":"EL BOSQUE","P_operativa":"SIN CLASIFICAR","P_clima":"P2","precip_idx":29.5,"temp_anom":1.0,"clasif_fuente":"CHIRPS + ERA5-Land · GEE 1–15 ago 2026 vs 1991–2020 · matriz graduada V0.5","precip_sev":2,"temp_sev":0,"clima_score":2,"precip_mm":12.74,"temp_mean":17.61},"geometry":{"type":"Point","coordinates":[-76.365,4.051786]}},{"type":"Feature","properties":{"id":"ELNINO_0476","id_maestro":"ACUEDUCTO_0476","codigo":"180","mun":"RIO FRIO","aro":"Centro Tuluá","amb":"Rural","tipo":"CENTRO POBLADO","prest":"FUNDACION USUARIOS ACUEDUCTO SALONICA \"ACUASALONICA\"","loc":"SALÓNICA","pob":3200,"susc":800,"q":12.0,"qesc":7.2,"dem":6.91,"bal":0.29,"trat":"FIME","tienetrat":1,"tfuente":"","fuente":"","P_operativa":"SIN CLASIFICAR","P_clima":"P3","precip_idx":30.0,"temp_anom":1.0,"clasif_fuente":"CHIRPS + ERA5-Land · GEE 1–15 ago 2026 vs 1991–2020 · matriz graduada V0.5","precip_sev":1,"temp_sev":0,"clima_score":1,"precip_mm":12.68,"temp_mean":17.15},"geometry":{"type":"Point","coordinates":[-76.37171,4.127136]}},{"type":"Feature","properties":{"id":"ELNINO_0477","id_maestro":"ACUEDUCTO_0477","codigo":"7591","mun":"RIO FRIO","aro":"Centro Tuluá","amb":"Rural","tipo":"DISPERSA","prest":"JUNTA ADMINISTRADORA ACUAGUAYABAL","loc":"GUAYABAL","pob":140,"susc":35,"q":2.5,"qesc":1.5,"dem":0.3,"bal":1.2,"trat":"Solo desinfección","tienetrat":"","tfuente":"Subterránea","fuente":"SANTA RITA","P_operativa":"SIN CLASIFICAR","P_clima":"P3","precip_idx":30.0,"temp_anom":1.0,"clasif_fuente":"CHIRPS + ERA5-Land · GEE 1–15 ago 2026 vs 1991–2020 · matriz graduada V0.5","precip_sev":1,"temp_sev":0,"clima_score":1,"precip_mm":12.68,"temp_mean":17.15},"geometry":{"type":"Point","coordinates":[-76.37521,4.107797]}},{"type":"Feature","properties":{"id":"ELNINO_0478","id_maestro":"ACUEDUCTO_0478","codigo":"6791","mun":"RIO FRIO","aro":"Centro Tuluá","amb":"Rural","tipo":"DISPERSA","prest":"JUNTA ADMINISTRADORA ACUAITALIA","loc":"LA ITALIA","pob":124,"susc":31,"q":4.0,"qesc":2.4,"dem":0.27,"bal":2.13,"trat":"Ninguno","tienetrat":"","tfuente":"Superficial","fuente":"EL OSO","P_operativa":"SIN CLASIFICAR","P_clima":"P3","precip_idx":35.5,"temp_anom":1.0,"clasif_fuente":"CHIRPS + ERA5-Land · GEE 1–15 ago 2026 vs 1991–2020 · matriz graduada V0.5","precip_sev":1,"temp_sev":0,"clima_score":1,"precip_mm":17.39,"temp_mean":15.35},"geometry":{"type":"Point","coordinates":[-76.40312,4.083111]}},{"type":"Feature","properties":{"id":"ELNINO_0479","id_maestro":"ACUEDUCTO_0479","codigo":"505","mun":"RIO FRIO","aro":"Centro Tuluá","amb":"Rural","tipo":"CENTRO POBLADO","prest":"JUNTA ADMINISTRADORA ACUEDUCTO LOS ESTRECHOS","loc":"LOS ESTRECHOS","pob":120,"susc":30,"q":3.0,"qesc":1.8,"dem":0.26,"bal":1.54,"trat":"Solo desinfección","tienetrat":"","tfuente":"Superficial","fuente":"LIMONES","P_operativa":"SIN CLASIFICAR","P_clima":"P1","precip_idx":29.4,"temp_anom":1.31,"clasif_fuente":"CHIRPS + ERA5-Land · GEE 1–15 ago 2026 vs 1991–2020 · matriz graduada V0.5","precip_sev":2,"temp_sev":1,"clima_score":3,"precip_mm":12.32,"temp_mean":17.61},"geometry":{"type":"Point","coordinates":[-76.31501,4.095581]}},{"type":"Feature","properties":{"id":"ELNINO_0480","id_maestro":"ACUEDUCTO_0480","codigo":"9977","mun":"RIO FRIO","aro":"Centro Tuluá","amb":"Rural","tipo":"DISPERSA","prest":"JUNTA ADMINISTRADORA DEL ACUEDUCTO DE MORROPLANCHO ALTO","loc":"MORROPLANCHO ALTO","pob":176,"susc":44,"q":3.0,"qesc":1.8,"dem":0.38,"bal":1.42,"trat":"Solo desinfección","tienetrat":"","tfuente":"","fuente":"","P_operativa":"SIN CLASIFICAR","P_clima":"P3","precip_idx":30.0,"temp_anom":1.0,"clasif_fuente":"CHIRPS + ERA5-Land · GEE 1–15 ago 2026 vs 1991–2020 · matriz graduada V0.5","precip_sev":1,"temp_sev":0,"clima_score":1,"precip_mm":12.68,"temp_mean":17.15},"geometry":{"type":"Point","coordinates":[-76.3978,4.140017]}},{"type":"Feature","properties":{"id":"ELNINO_0481","id_maestro":"ACUEDUCTO_0481","codigo":"2786","mun":"RIO FRIO","aro":"Centro Tuluá","amb":"Rural","tipo":"CENTRO POBLADO","prest":"JUNTA ADMINISTRADORA DEL ACUEDUCTO DE USUARIO DE LA ZULIA ACUAZULIA LOS ALPES","loc":"LOS ALPES","pob":720,"susc":180,"q":5.0,"qesc":3.0,"dem":1.56,"bal":1.44,"trat":"Solo desinfección","tienetrat":"","tfuente":"Superficial","fuente":"TERPELIA  O  EL OSO","P_operativa":"SIN CLASIFICAR","P_clima":"P2","precip_idx":29.5,"temp_anom":1.0,"clasif_fuente":"CHIRPS + ERA5-Land · GEE 1–15 ago 2026 vs 1991–2020 · matriz graduada V0.5","precip_sev":2,"temp_sev":0,"clima_score":2,"precip_mm":12.74,"temp_mean":17.61},"geometry":{"type":"Point","coordinates":[-76.39841,4.098194]}},{"type":"Feature","properties":{"id":"ELNINO_0482","id_maestro":"ACUEDUCTO_0482","codigo":"13341","mun":"RIO FRIO","aro":"Centro Tuluá","amb":"Rural","tipo":"DISPERSA","prest":"JUNTA DE ACUEDUCTO LA GUAIRA","loc":"LA GUAIRA","pob":88,"susc":22,"q":2.0,"qesc":1.2,"dem":0.19,"bal":1.01,"trat":"Ninguno","tienetrat":"","tfuente":"","fuente":"","P_operativa":"SIN CLASIFICAR","P_clima":"P1","precip_idx":24.6,"temp_anom":1.55,"clasif_fuente":"CHIRPS + ERA5-Land · GEE 1–15 ago 2026 vs 1991–2020 · matriz graduada V0.5","precip_sev":2,"temp_sev":2,"clima_score":4,"precip_mm":6.74,"temp_mean":21.23},"geometry":{"type":"Point","coordinates":[-76.2456,4.017519]}},{"type":"Feature","properties":{"id":"ELNINO_0484","id_maestro":"ACUEDUCTO_0484","codigo":"518","mun":"RIO FRIO","aro":"Centro Tuluá","amb":"Rural","tipo":"DISPERSA","prest":"VEREDA SAN JOSE DE LA SELVA","loc":"SAN JOSE DE LA SELVA","pob":48,"susc":12,"q":6.0,"qesc":3.6,"dem":0.1,"bal":3.5,"trat":"Ninguno","tienetrat":"","tfuente":"","fuente":"","P_operativa":"SIN CLASIFICAR","P_clima":"P2","precip_idx":28.7,"temp_anom":0.57,"clasif_fuente":"CHIRPS + ERA5-Land · GEE 1–15 ago 2026 vs 1991–2020 · matriz graduada V0.5","precip_sev":2,"temp_sev":0,"clima_score":2,"precip_mm":10.51,"temp_mean":17.61},"geometry":{"type":"Point","coordinates":[-76.39173,4.047575]}},{"type":"Feature","properties":{"id":"ELNINO_0485","id_maestro":"ACUEDUCTO_0485","codigo":"895","mun":"ROLDANILLO","aro":"Norte Cartago","amb":"Rural","tipo":"DISPERSA","prest":"ACUACAMPO: ISUGU EL SILENCIO PUERTO QUINTERO, CANDELARIA, PUEBLO NUEVO, EL RINCON, SIMON BOLIVAR Y REMOLINO","loc":"ISUGU,EL RINCON,SIMON BOLIVAR, EL","pob":2348,"susc":587,"q":25.0,"qesc":15.0,"dem":5.07,"bal":9.93,"trat":"Bloque-Acuavalle","tienetrat":1,"tfuente":"Superficial","fuente":"S.A.R.A.B.R.U.T.","P_operativa":"SIN CLASIFICAR","P_clima":"P1","precip_idx":24.4,"temp_anom":1.6,"clasif_fuente":"CHIRPS + ERA5-Land · GEE 1–15 ago 2026 vs 1991–2020 · matriz graduada V0.5","precip_sev":2,"temp_sev":2,"clima_score":4,"precip_mm":8.36,"temp_mean":21.65},"geometry":{"type":"Point","coordinates":[-76.0858,4.435006]}},{"type":"Feature","properties":{"id":"ELNINO_0208","id_maestro":"ACUEDUCTO_0486","codigo":"3173","mun":"ROLDANILLO","aro":"Norte Cartago","amb":"Rural","tipo":"DISPERSA","prest":"ACUEDUCTO RURAL LA ARMENIA ALTA","loc":"LA ARMENIA ALTA","pob":28,"susc":7,"q":1.0,"qesc":0.6,"dem":0.06,"bal":0.54,"trat":"Soluciones_Individuales","tienetrat":"","tfuente":"Superficial","fuente":"QUEBRADA LA ARMENIA","P_operativa":"SIN CLASIFICAR","P_clima":"P2","precip_idx":33.2,"temp_anom":1.47,"clasif_fuente":"CHIRPS + ERA5-Land · GEE 1–15 ago 2026 vs 1991–2020 · matriz graduada V0.5","precip_sev":1,"temp_sev":1,"clima_score":2,"precip_mm":11.86,"temp_mean":19.91},"geometry":{"type":"Point","coordinates":[-76.20439,4.4335]}},{"type":"Feature","properties":{"id":"ELNINO_0487","id_maestro":"ACUEDUCTO_0487","codigo":"899","mun":"ROLDANILLO","aro":"Norte Cartago","amb":"Rural","tipo":"DISPERSA","prest":"ACUEDUCTO RURAL VEREDA EL PIE","loc":"EL PIE","pob":200,"susc":50,"q":1.0,"qesc":0.6,"dem":0.43,"bal":0.17,"trat":"Soluciones_Individuales","tienetrat":"","tfuente":"Superficial","fuente":"EL MESTIZO","P_operativa":"SIN CLASIFICAR","P_clima":"P1","precip_idx":28.3,"temp_anom":1.47,"clasif_fuente":"CHIRPS + ERA5-Land · GEE 1–15 ago 2026 vs 1991–2020 · matriz graduada V0.5","precip_sev":2,"temp_sev":1,"clima_score":3,"precip_mm":10.04,"temp_mean":19.59},"geometry":{"type":"Point","coordinates":[-76.1661,4.437667]}},{"type":"Feature","properties":{"id":"ELNINO_0488","id_maestro":"ACUEDUCTO_0488","codigo":"3174","mun":"ROLDANILLO","aro":"Norte Cartago","amb":"Rural","tipo":"DISPERSA","prest":"ACUEDUCTO RURAL VEREDA LA ARMENIA BAJA","loc":"ARMENIA BAJA","pob":160,"susc":40,"q":1.0,"qesc":0.6,"dem":0.35,"bal":0.25,"trat":"Ninguno","tienetrat":"","tfuente":"Superficial","fuente":"SARA BRUT","P_operativa":"SIN CLASIFICAR","P_clima":"P1","precip_idx":28.3,"temp_anom":1.47,"clasif_fuente":"CHIRPS + ERA5-Land · GEE 1–15 ago 2026 vs 1991–2020 · matriz graduada V0.5","precip_sev":2,"temp_sev":1,"clima_score":3,"precip_mm":10.04,"temp_mean":19.59},"geometry":{"type":"Point","coordinates":[-76.19664,4.404831]}},{"type":"Feature","properties":{"id":"ELNINO_0489","id_maestro":"ACUEDUCTO_0489","codigo":"3171","mun":"ROLDANILLO","aro":"Norte Cartago","amb":"Rural","tipo":"DISPERSA","prest":"ASOCIACION COMUNITARIA ADMINISTRADORA DEL ACUEDUCTO LA VEREDA LA SOLEDAD EN LIQUIDACION","loc":"LA SOLEDAD","pob":360,"susc":90,"q":3.0,"qesc":1.8,"dem":0.78,"bal":1.02,"trat":"Solo desinfección","tienetrat":"","tfuente":"Superficial","fuente":"LA CRISTALINA 1, LA CRISTALINA 2","P_operativa":"SIN CLASIFICAR","P_clima":"P2","precip_idx":31.6,"temp_anom":1.47,"clasif_fuente":"CHIRPS + ERA5-Land · GEE 1–15 ago 2026 vs 1991–2020 · matriz graduada V0.5","precip_sev":1,"temp_sev":1,"clima_score":2,"precip_mm":11.77,"temp_mean":19.13},"geometry":{"type":"Point","coordinates":[-76.21154,4.382006]}},{"type":"Feature","properties":{"id":"ELNINO_0490","id_maestro":"ACUEDUCTO_0490","codigo":"13988","mun":"ROLDANILLO","aro":"Norte Cartago","amb":"Rural","tipo":"DISPERSA","prest":"ASOCIACION DE USUARIOS ACUEDUCTO VEREDA CASCARILLO ARCAS","loc":"CASCARILLO","pob":424,"susc":106,"q":5.0,"qesc":3.0,"dem":0.92,"bal":2.08,"trat":"Solo desinfección","tienetrat":"","tfuente":"Superficial","fuente":"PLATANARES","P_operativa":"SIN CLASIFICAR","P_clima":"P2","precip_idx":37.2,"temp_anom":1.47,"clasif_fuente":"CHIRPS + ERA5-Land · GEE 1–15 ago 2026 vs 1991–2020 · matriz graduada V0.5","precip_sev":1,"temp_sev":1,"clima_score":2,"precip_mm":13.78,"temp_mean":20.11},"geometry":{"type":"Point","coordinates":[-76.18919,4.384972]}},{"type":"Feature","properties":{"id":"ELNINO_0491","id_maestro":"ACUEDUCTO_0491","codigo":"1669","mun":"ROLDANILLO","aro":"Norte Cartago","amb":"Rural","tipo":"CENTRO POBLADO","prest":"ASOCIACION DE USUARIOS DEL ACUEDUCTO CAJAMARCA-SAN ISIDRO","loc":"CAJAMARCA","pob":768,"susc":192,"q":null,"qesc":null,"dem":1.66,"bal":null,"trat":"Solo desinfección","tienetrat":"","tfuente":"Superficial","fuente":"CHACHAFRUTO, LA MINA","P_operativa":"SIN CLASIFICAR","P_clima":"P2","precip_idx":44.7,"temp_anom":1.4,"clasif_fuente":"CHIRPS + ERA5-Land · GEE 1–15 ago 2026 vs 1991–2020 · matriz graduada V0.5","precip_sev":1,"temp_sev":1,"clima_score":2,"precip_mm":16.62,"temp_mean":19.91},"geometry":{"type":"Point","coordinates":[-76.2153,4.477297]}},{"type":"Feature","properties":{"id":"ELNINO_0493","id_maestro":"ACUEDUCTO_0493","codigo":"3168","mun":"ROLDANILLO","aro":"Norte Cartago","amb":"Rural","tipo":"CENTRO POBLADO","prest":"ASOCIACIÓN DE USUARIOS DEL ACUEDUCTO RURAL COMUNITARIO VEREDA EL RETIRO","loc":"EL RETIRO","pob":416,"susc":104,"q":33.0,"qesc":19.8,"dem":0.9,"bal":18.9,"trat":"Solo desinfección","tienetrat":"","tfuente":"Superficial","fuente":"LA PEDREGOZA","P_operativa":"SIN CLASIFICAR","P_clima":"P2","precip_idx":31.6,"temp_anom":1.47,"clasif_fuente":"CHIRPS + ERA5-Land · GEE 1–15 ago 2026 vs 1991–2020 · matriz graduada V0.5","precip_sev":1,"temp_sev":1,"clima_score":2,"precip_mm":11.77,"temp_mean":19.13},"geometry":{"type":"Point","coordinates":[-76.23439,4.396208]}},{"type":"Feature","properties":{"id":"ELNINO_0494","id_maestro":"ACUEDUCTO_0494","codigo":"1998","mun":"ROLDANILLO","aro":"Norte Cartago","amb":"Rural","tipo":"DISPERSA","prest":"ASOCIACION DE USUARIOS DEL ACUEDUCTO SANTA CLARA LA MONTAÑUELA","loc":"LA MONTAÑUELA LIMONES EL CIRUELO EL OREGANO BUENAVISTA HOYO HONDO BELGICA","pob":800,"susc":200,"q":7.0,"qesc":4.2,"dem":1.73,"bal":2.47,"trat":"Solo desinfección","tienetrat":"","tfuente":"Superficial","fuente":"SAN FERNANDO, LA COSTALERA, LOS PINOS","P_operativa":"SIN CLASIFICAR","P_clima":"P2","precip_idx":40.3,"temp_anom":1.4,"clasif_fuente":"CHIRPS + ERA5-Land · GEE 1–15 ago 2026 vs 1991–2020 · matriz graduada V0.5","precip_sev":1,"temp_sev":1,"clima_score":2,"precip_mm":14.95,"temp_mean":19.59},"geometry":{"type":"Point","coordinates":[-76.19656,4.454308]}},{"type":"Feature","properties":{"id":"ELNINO_0495","id_maestro":"ACUEDUCTO_0495","codigo":"340","mun":"ROLDANILLO","aro":"Norte Cartago","amb":"Rural","tipo":"DISPERSA","prest":"ASOCIACION DE USUARIOS EL REY (ASUACOR)","loc":"EL GUACHAL, LA CEIBA, REY ALTO, MEDIO Y BAJO","pob":1260,"susc":315,"q":7.0,"qesc":4.2,"dem":2.72,"bal":1.48,"trat":"FIME","tienetrat":1,"tfuente":"Superficial","fuente":"EL MESTIZO","P_operativa":"SIN CLASIFICAR","P_clima":"P1","precip_idx":26.6,"temp_anom":1.6,"clasif_fuente":"CHIRPS + ERA5-Land · GEE 1–15 ago 2026 vs 1991–2020 · matriz graduada V0.5","precip_sev":2,"temp_sev":2,"clima_score":4,"precip_mm":8.98,"temp_mean":19.59},"geometry":{"type":"Point","coordinates":[-76.12,4.420511]}},{"type":"Feature","properties":{"id":"ELNINO_0496","id_maestro":"ACUEDUCTO_0496","codigo":"892","mun":"ROLDANILLO","aro":"Norte Cartago","amb":"Rural","tipo":"DISPERSA","prest":"ASOCIACION DE USUARIOS VEREDA CACERES","loc":"CACERES","pob":72,"susc":18,"q":3.0,"qesc":1.8,"dem":0.16,"bal":1.64,"trat":"Soluciones_Individuales","tienetrat":1,"tfuente":"Superficial","fuente":"RIO CACERES","P_operativa":"SIN CLASIFICAR","P_clima":"P2","precip_idx":37.2,"temp_anom":1.47,"clasif_fuente":"CHIRPS + ERA5-Land · GEE 1–15 ago 2026 vs 1991–2020 · matriz graduada V0.5","precip_sev":1,"temp_sev":1,"clima_score":2,"precip_mm":13.78,"temp_mean":20.11},"geometry":{"type":"Point","coordinates":[-76.1986,4.395939]}},{"type":"Feature","properties":{"id":"ELNINO_0497","id_maestro":"ACUEDUCTO_0497","codigo":"53","mun":"ROLDANILLO","aro":"Norte Cartago","amb":"Urbano","tipo":"CABECERA MUNICIPAL","prest":"SOCIEDAD DE ACUEDUCTOS Y ALCANTARILLADOS DEL VALLE DEL CAUCA S.A. E.S.P. ACUAVALLE S.A. E.S.P. - ROLDANILLO","loc":"URBANO,SANTA RITA, TIERRA BLANCA, EL PALMAR GUAYABAL, SAN JOSE DEL HOBO, IRRUPA, HIGUERON, MORELIA","pob":45332,"susc":11333,"q":90.0,"qesc":54.0,"dem":97.96,"bal":-43.96,"trat":"Convencional","tienetrat":1,"tfuente":"Superficial","fuente":"ROLDANILLO, CACERES, LA CRISTALINA, S.A.R.A.B.R.U.T.","P_operativa":"SIN CLASIFICAR","P_clima":"P1","precip_idx":28.3,"temp_anom":1.47,"clasif_fuente":"CHIRPS + ERA5-Land · GEE 1–15 ago 2026 vs 1991–2020 · matriz graduada V0.5","precip_sev":2,"temp_sev":1,"clima_score":3,"precip_mm":10.04,"temp_mean":19.59},"geometry":{"type":"Point","coordinates":[-76.15447,4.416117]}},{"type":"Feature","properties":{"id":"ELNINO_0498","id_maestro":"ACUEDUCTO_0498","codigo":"17740","mun":"SAN PEDRO","aro":"Centro Tuluá","amb":"Rural","tipo":"DISPERSA","prest":"ACUEDUCTO LOS MATES ARENALES","loc":"LOS MATES","pob":68,"susc":17,"q":7.0,"qesc":4.2,"dem":0.15,"bal":4.05,"trat":"Soluciones_Individuales","tienetrat":"","tfuente":"Superficial","fuente":"QUEBRADA BAMBOCO","P_operativa":"SIN CLASIFICAR","P_clima":"P1","precip_idx":27.6,"temp_anom":1.46,"clasif_fuente":"CHIRPS + ERA5-Land · GEE 1–15 ago 2026 vs 1991–2020 · matriz graduada V0.5","precip_sev":2,"temp_sev":1,"clima_score":3,"precip_mm":4.63,"temp_mean":21.69},"geometry":{"type":"Point","coordinates":[-76.21686,3.948033]}},{"type":"Feature","properties":{"id":"ELNINO_0499","id_maestro":"ACUEDUCTO_0499","codigo":"18070","mun":"SAN PEDRO","aro":"Centro Tuluá","amb":"Rural","tipo":"DISPERSA","prest":"ACUEDUCTO RURAL GUAQUEROS-LA ESPERANZA","loc":"GUAQUEROS,LA ESPERANZA","pob":360,"susc":90,"q":2.0,"qesc":1.2,"dem":0.78,"bal":0.42,"trat":"Soluciones_Individuales","tienetrat":"","tfuente":"Superficial","fuente":"QUEBRADA LA ARTIETA","P_operativa":"SIN CLASIFICAR","P_clima":"P1","precip_idx":26.5,"temp_anom":1.46,"clasif_fuente":"CHIRPS + ERA5-Land · GEE 1–15 ago 2026 vs 1991–2020 · matriz graduada V0.5","precip_sev":2,"temp_sev":1,"clima_score":3,"precip_mm":6.23,"temp_mean":20.45},"geometry":{"type":"Point","coordinates":[-76.19001,3.917678]}},{"type":"Feature","properties":{"id":"ELNINO_0500","id_maestro":"ACUEDUCTO_0500","codigo":null,"mun":"SAN PEDRO","aro":"Centro Tuluá","amb":"Rural","tipo":"DISPERSA","prest":"ACUEDUCTO RURAL LA PRADERA","loc":"LA PRADERA","pob":100,"susc":25,"q":1.0,"qesc":0.6,"dem":0.22,"bal":0.38,"trat":"Ninguno","tienetrat":"","tfuente":"Superficial","fuente":"QUEBRADA LA PRADERA","P_operativa":"SIN CLASIFICAR","P_clima":"P1","precip_idx":25.3,"temp_anom":1.55,"clasif_fuente":"CHIRPS + ERA5-Land · GEE 1–15 ago 2026 vs 1991–2020 · matriz graduada V0.5","precip_sev":2,"temp_sev":2,"clima_score":4,"precip_mm":6.33,"temp_mean":20.45},"geometry":{"type":"Point","coordinates":[-76.15982,3.953892]}},{"type":"Feature","properties":{"id":"ELNINO_0501","id_maestro":"ACUEDUCTO_0501","codigo":"905","mun":"SAN PEDRO","aro":"Centro Tuluá","amb":"Rural","tipo":"DISPERSA","prest":"ACUEDUCTO RURAL LOS MATES","loc":"LOS MATES","pob":40,"susc":10,"q":0.5,"qesc":0.3,"dem":0.09,"bal":0.21,"trat":"Soluciones_Individuales","tienetrat":"","tfuente":"Superficial","fuente":"QUEBRADA MATES","P_operativa":"SIN CLASIFICAR","P_clima":"P1","precip_idx":28.5,"temp_anom":1.55,"clasif_fuente":"CHIRPS + ERA5-Land · GEE 1–15 ago 2026 vs 1991–2020 · matriz graduada V0.5","precip_sev":2,"temp_sev":2,"clima_score":4,"precip_mm":5.74,"temp_mean":21.69},"geometry":{"type":"Point","coordinates":[-76.21437,3.951683]}},{"type":"Feature","properties":{"id":"ELNINO_0226","id_maestro":"ACUEDUCTO_0502","codigo":"16737","mun":"SAN PEDRO","aro":"Centro Tuluá","amb":"Rural","tipo":"CENTRO POBLADO","prest":"ASOCIACION AGUAS DE BUENOS AIRES","loc":"BUENOS AIRES","pob":360,"susc":90,"q":1.0,"qesc":0.6,"dem":0.78,"bal":-0.18,"trat":"Soluciones_Individuales","tienetrat":"","tfuente":"Superficial","fuente":"EL DANUBIO","P_operativa":"SIN CLASIFICAR","P_clima":"P1","precip_idx":26.5,"temp_anom":1.46,"clasif_fuente":"CHIRPS + ERA5-Land · GEE 1–15 ago 2026 vs 1991–2020 · matriz graduada V0.5","precip_sev":2,"temp_sev":1,"clima_score":3,"precip_mm":6.23,"temp_mean":20.45},"geometry":{"type":"Point","coordinates":[-76.17342,3.929822]}},{"type":"Feature","properties":{"id":"ELNINO_0503","id_maestro":"ACUEDUCTO_0503","codigo":"927","mun":"SAN PEDRO","aro":"Centro Tuluá","amb":"Rural","tipo":"CENTRO POBLADO","prest":"ASOCIACION DE SUSCRIPTORES ACUEDUCTO Y ALCANTARILLADO SAN JOSE","loc":"SAN JOSE","pob":1604,"susc":401,"q":2.3,"qesc":1.38,"dem":3.47,"bal":-2.09,"trat":"Pozo+Aireacion+Desinfección","tienetrat":1,"tfuente":"","fuente":"","P_operativa":"SIN CLASIFICAR","P_clima":"P1","precip_idx":29.3,"temp_anom":1.08,"clasif_fuente":"CHIRPS + ERA5-Land · GEE 1–15 ago 2026 vs 1991–2020 · matriz graduada V0.5","precip_sev":2,"temp_sev":1,"clima_score":3,"precip_mm":8.84,"temp_mean":21.23},"geometry":{"type":"Point","coordinates":[-76.2512,4.033892]}},{"type":"Feature","properties":{"id":"ELNINO_0504","id_maestro":"ACUEDUCTO_0504","codigo":"1124","mun":"SAN PEDRO","aro":"Centro Tuluá","amb":"Rural","tipo":"DISPERSA","prest":"ASOCIACION DE USUARIOS DEL ACUEDUCTO MONTERREDONDO ESP","loc":"MONTERREDONDO","pob":480,"susc":120,"q":3.81,"qesc":2.29,"dem":1.04,"bal":1.25,"trat":"Soluciones_Individuales","tienetrat":"","tfuente":"Superficial","fuente":"QUEBRADA PAVAS","P_operativa":"SIN CLASIFICAR","P_clima":"P1","precip_idx":25.3,"temp_anom":1.55,"clasif_fuente":"CHIRPS + ERA5-Land · GEE 1–15 ago 2026 vs 1991–2020 · matriz graduada V0.5","precip_sev":2,"temp_sev":2,"clima_score":4,"precip_mm":6.33,"temp_mean":20.45},"geometry":{"type":"Point","coordinates":[-76.16678,3.966808]}},{"type":"Feature","properties":{"id":"ELNINO_0505","id_maestro":"ACUEDUCTO_0505","codigo":"194","mun":"SAN PEDRO","aro":"Centro Tuluá","amb":"Rural","tipo":"DISPERSA","prest":"ASOCIACION DE USUARIOS DEL ACUEDUCTO Y ALCANTARILLADO DEL CORREGIMIENTO LOS CHANCOS SAN PEDRO VALLE","loc":"LOS CHANCOS","pob":792,"susc":198,"q":3.0,"qesc":1.8,"dem":1.71,"bal":0.09,"trat":"FIME","tienetrat":1,"tfuente":"Superficial","fuente":"QUEBRADA ARTIETA","P_operativa":"SIN CLASIFICAR","P_clima":"P1","precip_idx":24.6,"temp_anom":1.55,"clasif_fuente":"CHIRPS + ERA5-Land · GEE 1–15 ago 2026 vs 1991–2020 · matriz graduada V0.5","precip_sev":2,"temp_sev":2,"clima_score":4,"precip_mm":6.74,"temp_mean":21.23},"geometry":{"type":"Point","coordinates":[-76.20056,4.018333]}},{"type":"Feature","properties":{"id":"ELNINO_0506","id_maestro":"ACUEDUCTO_0506","codigo":"16655","mun":"SAN PEDRO","aro":"Centro Tuluá","amb":"Rural","tipo":"DISPERSA","prest":"JUNTA ADMINISTRADORA ACUEDUCTO POSITOS","loc":"POSITOS","pob":120,"susc":30,"q":4.0,"qesc":2.4,"dem":0.26,"bal":2.14,"trat":"Ninguno","tienetrat":"","tfuente":"Superficial","fuente":"LA ITALIA","P_operativa":"SIN CLASIFICAR","P_clima":"P1","precip_idx":26.5,"temp_anom":1.46,"clasif_fuente":"CHIRPS + ERA5-Land · GEE 1–15 ago 2026 vs 1991–2020 · matriz graduada V0.5","precip_sev":2,"temp_sev":1,"clima_score":3,"precip_mm":6.23,"temp_mean":20.45},"geometry":{"type":"Point","coordinates":[-76.16773,3.943625]}},{"type":"Feature","properties":{"id":"ELNINO_0507","id_maestro":"ACUEDUCTO_0507","codigo":null,"mun":"SAN PEDRO","aro":"Centro Tuluá","amb":"Rural","tipo":"DISPERSA","prest":"JUNTA DE ACCION COMUNAL CORREGIMIENTO LA ESMERALDA","loc":"LA ESMERALDA","pob":148,"susc":37,"q":1.0,"qesc":0.6,"dem":0.32,"bal":0.28,"trat":"Ninguno","tienetrat":"","tfuente":"Subterránea","fuente":"SIN NOMBRE","P_operativa":"SIN CLASIFICAR","P_clima":"P1","precip_idx":27.6,"temp_anom":1.48,"clasif_fuente":"CHIRPS + ERA5-Land · GEE 1–15 ago 2026 vs 1991–2020 · matriz graduada V0.5","precip_sev":2,"temp_sev":1,"clima_score":3,"precip_mm":7.47,"temp_mean":20.45},"geometry":{"type":"Point","coordinates":[-76.13092,3.944629]}},{"type":"Feature","properties":{"id":"ELNINO_0509","id_maestro":"ACUEDUCTO_0509","codigo":"16853","mun":"SAN PEDRO","aro":"Centro Tuluá","amb":"Rural","tipo":"DISPERSA","prest":"LA SIRIA","loc":"LA SIRIA","pob":224,"susc":56,"q":1.5,"qesc":0.9,"dem":0.48,"bal":0.42,"trat":"Soluciones_Individuales","tienetrat":"","tfuente":"Superficial","fuente":"YARUMAL","P_operativa":"SIN CLASIFICAR","P_clima":"P1","precip_idx":27.6,"temp_anom":1.48,"clasif_fuente":"CHIRPS + ERA5-Land · GEE 1–15 ago 2026 vs 1991–2020 · matriz graduada V0.5","precip_sev":2,"temp_sev":1,"clima_score":3,"precip_mm":7.47,"temp_mean":20.45},"geometry":{"type":"Point","coordinates":[-76.14278,3.95]}},{"type":"Feature","properties":{"id":"ELNINO_0510","id_maestro":"ACUEDUCTO_0510","codigo":"212","mun":"SAN PEDRO","aro":"Centro Tuluá","amb":"Urbano","tipo":"CABECERA MUNICIPAL","prest":"SOCIEDAD DE ACUEDUCTOS Y ALCANTARILLADOS DEL VALLE DEL CAUCA S.A. E.S.P. ACUAVALLE S.A. E.S.P. - SAN PEDRO","loc":"URBANO, TODOS LOS SANTOS, PRESIDENTE, MONTEGRANDE,GUAYABAL, BELEN","pob":17112,"susc":4278,"q":40.0,"qesc":24.0,"dem":36.98,"bal":-12.98,"trat":"Convencional","tienetrat":1,"tfuente":"Superficial","fuente":"PLATANERO, QUEBRADA LAS VIGAS, QUEBRADA LA ARTIETA, SAN PEDRO","P_operativa":"SIN CLASIFICAR","P_clima":"P1","precip_idx":28.5,"temp_anom":1.55,"clasif_fuente":"CHIRPS + ERA5-Land · GEE 1–15 ago 2026 vs 1991–2020 · matriz graduada V0.5","precip_sev":2,"temp_sev":2,"clima_score":4,"precip_mm":5.74,"temp_mean":21.69},"geometry":{"type":"Point","coordinates":[-76.22918,3.995283]}},{"type":"Feature","properties":{"id":"ELNINO_0511","id_maestro":"ACUEDUCTO_0511","codigo":"2162","mun":"SEVILLA","aro":"Centro Tuluá","amb":"Rural","tipo":"DISPERSA","prest":"ACUEDUCTO CIELO ROTO CANOAS","loc":"CIELO ROTO CANOAS","pob":132,"susc":33,"q":7.0,"qesc":4.2,"dem":0.29,"bal":3.91,"trat":"Solo desinfección","tienetrat":"","tfuente":"Superficial","fuente":"CIELO ROTO","P_operativa":"SIN CLASIFICAR","P_clima":"P1","precip_idx":24.7,"temp_anom":1.14,"clasif_fuente":"CHIRPS + ERA5-Land · GEE 1–15 ago 2026 vs 1991–2020 · matriz graduada V0.5","precip_sev":2,"temp_sev":1,"clima_score":3,"precip_mm":7.28,"temp_mean":16.65},"geometry":{"type":"Point","coordinates":[-75.91948,4.056972]}},{"type":"Feature","properties":{"id":"ELNINO_0512","id_maestro":"ACUEDUCTO_0512","codigo":"10478","mun":"SEVILLA","aro":"Centro Tuluá","amb":"Rural","tipo":"DISPERSA","prest":"ACUEDUCTO COMINALES","loc":"COMINALES","pob":20,"susc":5,"q":3.0,"qesc":1.8,"dem":0.04,"bal":1.76,"trat":"Ninguno","tienetrat":"","tfuente":"","fuente":"","P_operativa":"SIN CLASIFICAR","P_clima":"P1","precip_idx":23.1,"temp_anom":1.37,"clasif_fuente":"CHIRPS + ERA5-Land · GEE 1–15 ago 2026 vs 1991–2020 · matriz graduada V0.5","precip_sev":2,"temp_sev":1,"clima_score":3,"precip_mm":7.33,"temp_mean":20.88},"geometry":{"type":"Point","coordinates":[-75.92515,4.2233]}},{"type":"Feature","properties":{"id":"ELNINO_0513","id_maestro":"ACUEDUCTO_0513","codigo":"6887","mun":"SEVILLA","aro":"Centro Tuluá","amb":"Rural","tipo":"DISPERSA","prest":"ACUEDUCTO DE SALDAÑA ACUASALDAÑA","loc":"SALDAÑA","pob":112,"susc":28,"q":1.0,"qesc":0.6,"dem":0.24,"bal":0.36,"trat":"Solo desinfección","tienetrat":"","tfuente":"Superficial","fuente":"MONTECRISTO","P_operativa":"SIN CLASIFICAR","P_clima":"P1","precip_idx":27.7,"temp_anom":1.55,"clasif_fuente":"CHIRPS + ERA5-Land · GEE 1–15 ago 2026 vs 1991–2020 · matriz graduada V0.5","precip_sev":2,"temp_sev":2,"clima_score":4,"precip_mm":9.09,"temp_mean":20.88},"geometry":{"type":"Point","coordinates":[-75.93888,4.264711]}},{"type":"Feature","properties":{"id":"ELNINO_0514","id_maestro":"ACUEDUCTO_0514","codigo":"558","mun":"SEVILLA","aro":"Centro Tuluá","amb":"Rural","tipo":"DISPERSA","prest":"ACUEDUCTO DE USUARIOS CONGAL ALTO","loc":"CONGAL ALTO","pob":64,"susc":16,"q":1.0,"qesc":0.6,"dem":0.14,"bal":0.46,"trat":"Solo desinfección","tienetrat":"","tfuente":"Superficial","fuente":"EL BOTERO","P_operativa":"SIN CLASIFICAR","P_clima":"P1","precip_idx":27.7,"temp_anom":1.55,"clasif_fuente":"CHIRPS + ERA5-Land · GEE 1–15 ago 2026 vs 1991–2020 · matriz graduada V0.5","precip_sev":2,"temp_sev":2,"clima_score":4,"precip_mm":9.09,"temp_mean":20.88},"geometry":{"type":"Point","coordinates":[-75.94798,4.274697]}},{"type":"Feature","properties":{"id":"ELNINO_0515","id_maestro":"ACUEDUCTO_0515","codigo":"20029","mun":"SEVILLA","aro":"Centro Tuluá","amb":"Rural","tipo":"DISPERSA","prest":"ACUEDUCTO MEDIO SAN MARCOS","loc":"MEDIO SAN MARCOS","pob":20,"susc":5,"q":1.5,"qesc":0.9,"dem":0.04,"bal":0.86,"trat":"Ninguno","tienetrat":"","tfuente":"","fuente":"","P_operativa":"SIN CLASIFICAR","P_clima":"P1","precip_idx":23.1,"temp_anom":1.37,"clasif_fuente":"CHIRPS + ERA5-Land · GEE 1–15 ago 2026 vs 1991–2020 · matriz graduada V0.5","precip_sev":2,"temp_sev":1,"clima_score":3,"precip_mm":7.33,"temp_mean":20.88},"geometry":{"type":"Point","coordinates":[-75.92056,4.239992]}},{"type":"Feature","properties":{"id":"ELNINO_0516","id_maestro":"ACUEDUCTO_0516","codigo":"196","mun":"SEVILLA","aro":"Centro Tuluá","amb":"Rural","tipo":"DISPERSA","prest":"ACUEDUCTO RURAL EL CRUCERO - ACUACRUCERO","loc":"EL CRUCERO","pob":64,"susc":16,"q":1.0,"qesc":0.6,"dem":0.14,"bal":0.46,"trat":"Ninguno","tienetrat":"","tfuente":"Subterránea","fuente":"NACIMIENTO EL ROCIO","P_operativa":"SIN CLASIFICAR","P_clima":"P1","precip_idx":27.7,"temp_anom":1.55,"clasif_fuente":"CHIRPS + ERA5-Land · GEE 1–15 ago 2026 vs 1991–2020 · matriz graduada V0.5","precip_sev":2,"temp_sev":2,"clima_score":4,"precip_mm":9.09,"temp_mean":20.88},"geometry":{"type":"Point","coordinates":[-75.90244,4.287031]}},{"type":"Feature","properties":{"id":"ELNINO_0517","id_maestro":"ACUEDUCTO_0517","codigo":"2166","mun":"SEVILLA","aro":"Centro Tuluá","amb":"Rural","tipo":"DISPERSA","prest":"ACUEDUCTO RURAL LA FLORIDA","loc":"LA FLORIDA","pob":88,"susc":22,"q":3.0,"qesc":1.8,"dem":0.19,"bal":1.61,"trat":"Ninguno","tienetrat":"","tfuente":"Subterránea","fuente":"NACIMIENTO MIRAVALLE","P_operativa":"SIN CLASIFICAR","P_clima":"P2","precip_idx":24.9,"temp_anom":0.94,"clasif_fuente":"CHIRPS + ERA5-Land · GEE 1–15 ago 2026 vs 1991–2020 · matriz graduada V0.5","precip_sev":2,"temp_sev":0,"clima_score":2,"precip_mm":8.14,"temp_mean":18.44},"geometry":{"type":"Point","coordinates":[-75.95674,4.198567]}},{"type":"Feature","properties":{"id":"ELNINO_0518","id_maestro":"ACUEDUCTO_0518","codigo":"539","mun":"SEVILLA","aro":"Centro Tuluá","amb":"Rural","tipo":"CENTRO POBLADO","prest":"ADMINISTRACION COOPERATIVA SEVILLA E.S.P. LA CUCHILLA EL JARDIN","loc":"LA CUCHILLA","pob":784,"susc":196,"q":10.0,"qesc":6.0,"dem":1.69,"bal":4.31,"trat":"FD+Desinfección+Soluciones_Individuales","tienetrat":1,"tfuente":"","fuente":"","P_operativa":"SIN CLASIFICAR","P_clima":"P1","precip_idx":39.4,"temp_anom":1.52,"clasif_fuente":"CHIRPS + ERA5-Land · GEE 1–15 ago 2026 vs 1991–2020 · matriz graduada V0.5","precip_sev":1,"temp_sev":2,"clima_score":3,"precip_mm":13.56,"temp_mean":21.93},"geometry":{"type":"Point","coordinates":[-75.91891,4.364722]}},{"type":"Feature","properties":{"id":"ELNINO_0519","id_maestro":"ACUEDUCTO_0519","codigo":"540","mun":"SEVILLA","aro":"Centro Tuluá","amb":"Rural","tipo":"DISPERSA","prest":"ADMINISTRACION COOPERATIVA SEVILLA ESP-MANZANILLO","loc":"MANZANILLO","pob":224,"susc":56,"q":3.0,"qesc":1.8,"dem":0.48,"bal":1.32,"trat":"Soluciones_Individuales","tienetrat":"","tfuente":"","fuente":"","P_operativa":"SIN CLASIFICAR","P_clima":"P1","precip_idx":33.7,"temp_anom":1.55,"clasif_fuente":"CHIRPS + ERA5-Land · GEE 1–15 ago 2026 vs 1991–2020 · matriz graduada V0.5","precip_sev":1,"temp_sev":2,"clima_score":3,"precip_mm":11.19,"temp_mean":21.93},"geometry":{"type":"Point","coordinates":[-75.91881,4.348069]}},{"type":"Feature","properties":{"id":"ELNINO_0520","id_maestro":"ACUEDUCTO_0520","codigo":"541","mun":"SEVILLA","aro":"Centro Tuluá","amb":"Rural","tipo":"DISPERSA","prest":"ADMINISTRACION COOPERATIVA SEVILLA ESP-MORROAZUL","loc":"MORRO AZUL","pob":760,"susc":190,"q":10.0,"qesc":6.0,"dem":1.64,"bal":4.36,"trat":"Solo desinfección","tienetrat":"","tfuente":"","fuente":"","P_operativa":"SIN CLASIFICAR","P_clima":"P1","precip_idx":33.7,"temp_anom":1.55,"clasif_fuente":"CHIRPS + ERA5-Land · GEE 1–15 ago 2026 vs 1991–2020 · matriz graduada V0.5","precip_sev":1,"temp_sev":2,"clima_score":3,"precip_mm":11.19,"temp_mean":21.93},"geometry":{"type":"Point","coordinates":[-75.90694,4.314739]}},{"type":"Feature","properties":{"id":"ELNINO_0521","id_maestro":"ACUEDUCTO_0521","codigo":"543","mun":"SEVILLA","aro":"Centro Tuluá","amb":"Rural","tipo":"DISPERSA","prest":"ASOCIACION COMUNITARIA ADMINISTRADORA DEL ACUEDUCTO RURAL LA MARIA LA ESTRELLA","loc":"LA MARIA LA ESTRELLA","pob":216,"susc":54,"q":1.0,"qesc":0.6,"dem":0.47,"bal":0.13,"trat":"Solo desinfección","tienetrat":"","tfuente":"Superficial","fuente":"EL COFRE","P_operativa":"SIN CLASIFICAR","P_clima":"P1","precip_idx":23.6,"temp_anom":1.14,"clasif_fuente":"CHIRPS + ERA5-Land · GEE 1–15 ago 2026 vs 1991–2020 · matriz graduada V0.5","precip_sev":2,"temp_sev":1,"clima_score":3,"precip_mm":6.75,"temp_mean":18.44},"geometry":{"type":"Point","coordinates":[-75.94613,4.100528]}},{"type":"Feature","properties":{"id":"ELNINO_0522","id_maestro":"ACUEDUCTO_0522","codigo":"3281","mun":"SEVILLA","aro":"Centro Tuluá","amb":"Rural","tipo":"DISPERSA","prest":"ASOCIACION DE USUARIOS ACUEDUCTO DE LA VDA MILONGA","loc":"MILONGA","pob":260,"susc":65,"q":1.0,"qesc":0.6,"dem":0.56,"bal":0.04,"trat":"Solo desinfección","tienetrat":"","tfuente":"Superficial","fuente":"LAS BRISAS","P_operativa":"SIN CLASIFICAR","P_clima":"P1","precip_idx":23.1,"temp_anom":1.37,"clasif_fuente":"CHIRPS + ERA5-Land · GEE 1–15 ago 2026 vs 1991–2020 · matriz graduada V0.5","precip_sev":2,"temp_sev":1,"clima_score":3,"precip_mm":7.33,"temp_mean":20.88},"geometry":{"type":"Point","coordinates":[-75.93806,4.241617]}},{"type":"Feature","properties":{"id":"ELNINO_0523","id_maestro":"ACUEDUCTO_0523","codigo":"2082","mun":"SEVILLA","aro":"Centro Tuluá","amb":"Rural","tipo":"DISPERSA","prest":"ASOCIACION DE USUARIOS DEL ACUEDUCTO AGUA COLORADAS","loc":"COLORADAS","pob":560,"susc":140,"q":3.5,"qesc":2.1,"dem":1.21,"bal":0.89,"trat":"Ninguno","tienetrat":"","tfuente":"Superficial","fuente":"LA SARA, LA ELVIRA","P_operativa":"SIN CLASIFICAR","P_clima":"P2","precip_idx":23.9,"temp_anom":0.94,"clasif_fuente":"CHIRPS + ERA5-Land · GEE 1–15 ago 2026 vs 1991–2020 · matriz graduada V0.5","precip_sev":2,"temp_sev":0,"clima_score":2,"precip_mm":7.82,"temp_mean":20.88},"geometry":{"type":"Point","coordinates":[-75.95604,4.222825]}},{"type":"Feature","properties":{"id":"ELNINO_0524","id_maestro":"ACUEDUCTO_0524","codigo":"3282","mun":"SEVILLA","aro":"Centro Tuluá","amb":"Rural","tipo":"DISPERSA","prest":"ASOCIACION DE USUARIOS DEL ACUEDUCTO DE LA VEREDA ALTO DEL RECREO","loc":"ALTO RECREO","pob":280,"susc":70,"q":null,"qesc":null,"dem":0.61,"bal":null,"trat":"Solo desinfección","tienetrat":"","tfuente":"Superficial","fuente":"QUEBRADA LA RAQUELITA","P_operativa":"SIN CLASIFICAR","P_clima":"P1","precip_idx":23.1,"temp_anom":1.37,"clasif_fuente":"CHIRPS + ERA5-Land · GEE 1–15 ago 2026 vs 1991–2020 · matriz graduada V0.5","precip_sev":2,"temp_sev":1,"clima_score":3,"precip_mm":7.33,"temp_mean":20.88},"geometry":{"type":"Point","coordinates":[-75.91706,4.206792]}},{"type":"Feature","properties":{"id":"ELNINO_0525","id_maestro":"ACUEDUCTO_0525","codigo":"14773","mun":"SEVILLA","aro":"Centro Tuluá","amb":"Rural","tipo":"CENTRO POBLADO","prest":"ASOCIACION DE USUARIOS DEL ACUEDUCTO DE LA VEREDA BUENOS AIRES - AGUAVIVA","loc":"BUENOS AIRES","pob":420,"susc":105,"q":null,"qesc":null,"dem":0.91,"bal":null,"trat":"Soluciones_Individuales","tienetrat":"","tfuente":"Superficial","fuente":"PALOMINIO","P_operativa":"SIN CLASIFICAR","P_clima":"P1","precip_idx":36.7,"temp_anom":1.52,"clasif_fuente":"CHIRPS + ERA5-Land · GEE 1–15 ago 2026 vs 1991–2020 · matriz graduada V0.5","precip_sev":1,"temp_sev":2,"clima_score":3,"precip_mm":13.2,"temp_mean":21.32},"geometry":{"type":"Point","coordinates":[-75.89792,4.409606]}},{"type":"Feature","properties":{"id":"ELNINO_0526","id_maestro":"ACUEDUCTO_0526","codigo":"542","mun":"SEVILLA","aro":"Centro Tuluá","amb":"Rural","tipo":"DISPERSA","prest":"ASOCIACION DE USUARIOS DEL ACUEDUCTO DE LA VEREDA EL VENADO","loc":"EL VENADO","pob":276,"susc":69,"q":4.0,"qesc":2.4,"dem":0.6,"bal":1.8,"trat":"Solo desinfección","tienetrat":"","tfuente":"Superficial","fuente":"EL MANZANO","P_operativa":"SIN CLASIFICAR","P_clima":"P1","precip_idx":23.1,"temp_anom":1.37,"clasif_fuente":"CHIRPS + ERA5-Land · GEE 1–15 ago 2026 vs 1991–2020 · matriz graduada V0.5","precip_sev":2,"temp_sev":1,"clima_score":3,"precip_mm":7.33,"temp_mean":20.88},"geometry":{"type":"Point","coordinates":[-75.9028,4.244931]}},{"type":"Feature","properties":{"id":"ELNINO_0527","id_maestro":"ACUEDUCTO_0527","codigo":"2163","mun":"SEVILLA","aro":"Centro Tuluá","amb":"Rural","tipo":"DISPERSA","prest":"ASOCIACION DE USUARIOS DEL ACUEDUCTO DE LA VEREDA LA FLORESTA - ASUAFLORESTA","loc":"LA FLORESTA","pob":36,"susc":9,"q":0.5,"qesc":0.3,"dem":0.08,"bal":0.22,"trat":"Soluciones_Individuales","tienetrat":"","tfuente":"Superficial","fuente":"MANANTIAL","P_operativa":"SIN CLASIFICAR","P_clima":"P1","precip_idx":23.1,"temp_anom":1.37,"clasif_fuente":"CHIRPS + ERA5-Land · GEE 1–15 ago 2026 vs 1991–2020 · matriz graduada V0.5","precip_sev":2,"temp_sev":1,"clima_score":3,"precip_mm":7.33,"temp_mean":20.88},"geometry":{"type":"Point","coordinates":[-75.94306,4.207778]}},{"type":"Feature","properties":{"id":"ELNINO_0528","id_maestro":"ACUEDUCTO_0528","codigo":"3284","mun":"SEVILLA","aro":"Centro Tuluá","amb":"Rural","tipo":"DISPERSA","prest":"ASOCIACION DE USUARIOS DEL ACUEDUCTO DE LAS VEREDAS LA CRISTALINA Y PURNIO - AGUA PORVENIR PURNIO","loc":"EL PURNIO","pob":140,"susc":35,"q":1.0,"qesc":0.6,"dem":0.3,"bal":0.3,"trat":"Soluciones_Individuales","tienetrat":"","tfuente":"","fuente":"","P_operativa":"SIN CLASIFICAR","P_clima":"P1","precip_idx":23.1,"temp_anom":1.37,"clasif_fuente":"CHIRPS + ERA5-Land · GEE 1–15 ago 2026 vs 1991–2020 · matriz graduada V0.5","precip_sev":2,"temp_sev":1,"clima_score":3,"precip_mm":7.33,"temp_mean":20.88},"geometry":{"type":"Point","coordinates":[-75.95026,4.248975]}},{"type":"Feature","properties":{"id":"ELNINO_0529","id_maestro":"ACUEDUCTO_0529","codigo":"3277","mun":"SEVILLA","aro":"Centro Tuluá","amb":"Rural","tipo":"DISPERSA","prest":"ASOCIACION DE USUARIOS DEL ACUEDUCTO DE LAS VEREDAS LAS BRISAS BAJO SAN MARCOS Y LA MILONGA \"ASUABRISAS\"","loc":"LAS BRISAS","pob":180,"susc":45,"q":1.8,"qesc":1.08,"dem":0.39,"bal":0.69,"trat":"Solo desinfección","tienetrat":"","tfuente":"Superficial","fuente":"BELLA VISTA, AGUA  BONITA","P_operativa":"SIN CLASIFICAR","P_clima":"P1","precip_idx":23.1,"temp_anom":1.37,"clasif_fuente":"CHIRPS + ERA5-Land · GEE 1–15 ago 2026 vs 1991–2020 · matriz graduada V0.5","precip_sev":2,"temp_sev":1,"clima_score":3,"precip_mm":7.33,"temp_mean":20.88},"geometry":{"type":"Point","coordinates":[-75.90798,4.243761]}},{"type":"Feature","properties":{"id":"ELNINO_0530","id_maestro":"ACUEDUCTO_0530","codigo":"3278","mun":"SEVILLA","aro":"Centro Tuluá","amb":"Rural","tipo":"DISPERSA","prest":"ASOCIACION DE USUARIOS DEL ACUEDUCTO DE LAS VEREDAS MIRAMAR Y LA MELVA (AGUAMIRAMELVA)","loc":"MIRAMAR Y LA MELVA","pob":232,"susc":58,"q":2.0,"qesc":1.2,"dem":0.5,"bal":0.7,"trat":"Solo desinfección","tienetrat":"","tfuente":"Superficial","fuente":"LA MELVA, LA GÓNDOLA","P_operativa":"SIN CLASIFICAR","P_clima":"P1","precip_idx":26.0,"temp_anom":1.37,"clasif_fuente":"CHIRPS + ERA5-Land · GEE 1–15 ago 2026 vs 1991–2020 · matriz graduada V0.5","precip_sev":2,"temp_sev":1,"clima_score":3,"precip_mm":8.29,"temp_mean":20.43},"geometry":{"type":"Point","coordinates":[-75.88726,4.249456]}},{"type":"Feature","properties":{"id":"ELNINO_0531","id_maestro":"ACUEDUCTO_0531","codigo":"264","mun":"SEVILLA","aro":"Centro Tuluá","amb":"Rural","tipo":"CENTRO POBLADO","prest":"ASOCIACION DE USUARIOS DEL CORREGIMIENTO DE COROZAL - \"AGUA-VITAL COROZAL\"","loc":"COROZAL","pob":680,"susc":170,"q":93.0,"qesc":55.8,"dem":1.47,"bal":54.33,"trat":"Solo desinfección","tienetrat":"","tfuente":"Superficial","fuente":"PABMINIO","P_operativa":"SIN CLASIFICAR","P_clima":"P1","precip_idx":39.4,"temp_anom":1.52,"clasif_fuente":"CHIRPS + ERA5-Land · GEE 1–15 ago 2026 vs 1991–2020 · matriz graduada V0.5","precip_sev":1,"temp_sev":2,"clima_score":3,"precip_mm":13.56,"temp_mean":21.93},"geometry":{"type":"Point","coordinates":[-75.91666,4.395386]}},{"type":"Feature","properties":{"id":"ELNINO_0532","id_maestro":"ACUEDUCTO_0532","codigo":"2167","mun":"SEVILLA","aro":"Centro Tuluá","amb":"Rural","tipo":"CENTRO POBLADO","prest":"ASOCIACION DE USUARIOS JUNTA ADMINISTRADORA DEL ACUEDUCTO DE LA VEREDA SAN ANTONIO - ASA","loc":"SAN ANTONIO DE PADUA","pob":800,"susc":200,"q":5.0,"qesc":3.0,"dem":1.73,"bal":1.27,"trat":"Solo desinfección","tienetrat":"","tfuente":"Superficial","fuente":"SANTA ELENA","P_operativa":"SIN CLASIFICAR","P_clima":"P1","precip_idx":23.1,"temp_anom":1.37,"clasif_fuente":"CHIRPS + ERA5-Land · GEE 1–15 ago 2026 vs 1991–2020 · matriz graduada V0.5","precip_sev":2,"temp_sev":1,"clima_score":3,"precip_mm":7.33,"temp_mean":20.88},"geometry":{"type":"Point","coordinates":[-75.94517,4.222783]}},{"type":"Feature","properties":{"id":"ELNINO_0533","id_maestro":"ACUEDUCTO_0533","codigo":"3259","mun":"SEVILLA","aro":"Centro Tuluá","amb":"Rural","tipo":"CENTRO POBLADO","prest":"ASOCIACION USUARIOS ACUEDUCTO CUMBARCO","loc":"CUMBARCO","pob":464,"susc":116,"q":7.0,"qesc":4.2,"dem":1.0,"bal":3.2,"trat":"Solo desinfección","tienetrat":"","tfuente":"Superficial","fuente":"QUEBRADA ALEJANDRIA","P_operativa":"SIN CLASIFICAR","P_clima":"P1","precip_idx":15.5,"temp_anom":1.21,"clasif_fuente":"CHIRPS + ERA5-Land · GEE 1–15 ago 2026 vs 1991–2020 · matriz graduada V0.5","precip_sev":2,"temp_sev":1,"clima_score":3,"precip_mm":4.17,"temp_mean":18.02},"geometry":{"type":"Point","coordinates":[-75.83333,4.195325]}},{"type":"Feature","properties":{"id":"ELNINO_0534","id_maestro":"ACUEDUCTO_0534","codigo":"SD","mun":"SEVILLA","aro":"Centro Tuluá","amb":"Rural","tipo":"DISPERSA","prest":"JUNTA ACUEDUCTO VEREDA EL BAYANO","loc":"EL BAYANO","pob":40,"susc":10,"q":0.5,"qesc":0.3,"dem":0.09,"bal":0.21,"trat":"Ninguno","tienetrat":"","tfuente":"","fuente":"","P_operativa":"SIN CLASIFICAR","P_clima":"P1","precip_idx":33.7,"temp_anom":1.55,"clasif_fuente":"CHIRPS + ERA5-Land · GEE 1–15 ago 2026 vs 1991–2020 · matriz graduada V0.5","precip_sev":1,"temp_sev":2,"clima_score":3,"precip_mm":11.19,"temp_mean":21.93},"geometry":{"type":"Point","coordinates":[-75.93902,4.322467]}},{"type":"Feature","properties":{"id":"ELNINO_0535","id_maestro":"ACUEDUCTO_0535","codigo":"13535","mun":"SEVILLA","aro":"Centro Tuluá","amb":"Rural","tipo":"DISPERSA","prest":"JUNTA ADMINISTRADOR ACUEDUCTO DE TOTORO - ACUATOTORO","loc":"TOTORO","pob":180,"susc":45,"q":2.0,"qesc":1.2,"dem":0.39,"bal":0.81,"trat":"Solo desinfección","tienetrat":"","tfuente":"Subterránea","fuente":"NACIMIENTO LAS PAVAS","P_operativa":"SIN CLASIFICAR","P_clima":"P1","precip_idx":33.7,"temp_anom":1.55,"clasif_fuente":"CHIRPS + ERA5-Land · GEE 1–15 ago 2026 vs 1991–2020 · matriz graduada V0.5","precip_sev":1,"temp_sev":2,"clima_score":3,"precip_mm":11.19,"temp_mean":21.93},"geometry":{"type":"Point","coordinates":[-75.9438,4.308461]}},{"type":"Feature","properties":{"id":"ELNINO_0536","id_maestro":"ACUEDUCTO_0536","codigo":"198","mun":"SEVILLA","aro":"Centro Tuluá","amb":"Rural","tipo":"CENTRO POBLADO","prest":"JUNTA ADMINISTRADORA DEL ACUEDUCTO DE LA VEREDA ESTACION CAICEDONIA","loc":"ESTACION CAICEDONIA","pob":452,"susc":113,"q":2.0,"qesc":1.2,"dem":0.98,"bal":0.22,"trat":"Solo desinfección","tienetrat":"","tfuente":"Superficial","fuente":"LA PATRICIA, LA HONDA","P_operativa":"SIN CLASIFICAR","P_clima":"P1","precip_idx":36.7,"temp_anom":1.52,"clasif_fuente":"CHIRPS + ERA5-Land · GEE 1–15 ago 2026 vs 1991–2020 · matriz graduada V0.5","precip_sev":1,"temp_sev":2,"clima_score":3,"precip_mm":13.2,"temp_mean":21.32},"geometry":{"type":"Point","coordinates":[-75.88249,4.410753]}},{"type":"Feature","properties":{"id":"ELNINO_0537","id_maestro":"ACUEDUCTO_0537","codigo":"224","mun":"SEVILLA","aro":"Centro Tuluá","amb":"Urbano","tipo":"CABECERA MUNICIPAL","prest":"SOCIEDAD DE ACUEDUCTOS Y ALCANTARILLADOS DEL VALLE DEL CAUCA S.A. E.S.P. ACUAVALLE S.A. E.S.P.-SEVILLA","loc":"URBANO","pob":38976,"susc":9744,"q":150.0,"qesc":90.0,"dem":84.22,"bal":5.78,"trat":"Convencional","tienetrat":1,"tfuente":"Superficial","fuente":"RIO PIJAO, SAN MARCOS","P_operativa":"SIN CLASIFICAR","P_clima":"P1","precip_idx":27.7,"temp_anom":1.55,"clasif_fuente":"CHIRPS + ERA5-Land · GEE 1–15 ago 2026 vs 1991–2020 · matriz graduada V0.5","precip_sev":2,"temp_sev":2,"clima_score":4,"precip_mm":9.09,"temp_mean":20.88},"geometry":{"type":"Point","coordinates":[-75.91973,4.277522]}},{"type":"Feature","properties":{"id":"ELNINO_0538","id_maestro":"ACUEDUCTO_0538","codigo":"2191","mun":"TORO","aro":"Norte Cartago","amb":"Rural","tipo":"CENTRO POBLADO","prest":"ACUEDUCTO RURAL VDA LA QUIEBRA","loc":"LA QUIEBRA","pob":292,"susc":73,"q":7.0,"qesc":4.2,"dem":0.63,"bal":3.57,"trat":"Solo desinfección","tienetrat":"","tfuente":"Superficial","fuente":"LA SIERRA, LA ESPERANZA","P_operativa":"SIN CLASIFICAR","P_clima":"P2","precip_idx":40.5,"temp_anom":1.33,"clasif_fuente":"CHIRPS + ERA5-Land · GEE 1–15 ago 2026 vs 1991–2020 · matriz graduada V0.5","precip_sev":1,"temp_sev":1,"clima_score":2,"precip_mm":16.48,"temp_mean":19.06},"geometry":{"type":"Point","coordinates":[-76.10778,4.625864]}},{"type":"Feature","properties":{"id":"ELNINO_0539","id_maestro":"ACUEDUCTO_0539","codigo":"1896","mun":"TORO","aro":"Norte Cartago","amb":"Rural","tipo":"DISPERSA","prest":"ACUEDUCTO RURAL VEREDA BOLIVAR","loc":"BOLIVAR","pob":64,"susc":16,"q":null,"qesc":null,"dem":0.14,"bal":null,"trat":"Ninguno","tienetrat":"","tfuente":"Superficial","fuente":"LA ESTRELLA","P_operativa":"SIN CLASIFICAR","P_clima":"P2","precip_idx":31.8,"temp_anom":1.29,"clasif_fuente":"CHIRPS + ERA5-Land · GEE 1–15 ago 2026 vs 1991–2020 · matriz graduada V0.5","precip_sev":1,"temp_sev":1,"clima_score":2,"precip_mm":15.23,"temp_mean":20.05},"geometry":{"type":"Point","coordinates":[-76.05848,4.715072]}},{"type":"Feature","properties":{"id":"ELNINO_0540","id_maestro":"ACUEDUCTO_0540","codigo":"2198","mun":"TORO","aro":"Norte Cartago","amb":"Rural","tipo":"DISPERSA","prest":"ACUEDUCTO RURAL VENTA QUEMADA-BUENA VISTA","loc":"VENTA QUEMADA","pob":32,"susc":8,"q":2.0,"qesc":1.2,"dem":0.07,"bal":1.13,"trat":"Solo desinfección","tienetrat":"","tfuente":"Superficial","fuente":"BUENA VISTA","P_operativa":"SIN CLASIFICAR","P_clima":"P2","precip_idx":35.0,"temp_anom":1.29,"clasif_fuente":"CHIRPS + ERA5-Land · GEE 1–15 ago 2026 vs 1991–2020 · matriz graduada V0.5","precip_sev":1,"temp_sev":1,"clima_score":2,"precip_mm":15.45,"temp_mean":20.82},"geometry":{"type":"Point","coordinates":[-76.0976,4.659247]}},{"type":"Feature","properties":{"id":"ELNINO_0541","id_maestro":"ACUEDUCTO_0541","codigo":"44","mun":"TORO","aro":"Norte Cartago","amb":"Rural","tipo":"CENTRO POBLADO","prest":"ASOCIACION CIVICA JUNTA ADMINISTRADORA DEL ACUEDUCTO SAN FRANCISCO","loc":"SAN FRANCISCO","pob":2016,"susc":504,"q":1.0,"qesc":0.6,"dem":4.36,"bal":-3.76,"trat":"FIME","tienetrat":1,"tfuente":"","fuente":"","P_operativa":"SIN CLASIFICAR","P_clima":"P2","precip_idx":30.9,"temp_anom":1.36,"clasif_fuente":"CHIRPS + ERA5-Land · GEE 1–15 ago 2026 vs 1991–2020 · matriz graduada V0.5","precip_sev":1,"temp_sev":1,"clima_score":2,"precip_mm":13.3,"temp_mean":20.82},"geometry":{"type":"Point","coordinates":[-76.03673,4.684794]}},{"type":"Feature","properties":{"id":"ELNINO_0542","id_maestro":"ACUEDUCTO_0542","codigo":"2194","mun":"TORO","aro":"Norte Cartago","amb":"Rural","tipo":"DISPERSA","prest":"ASOCIACIONJUNTA ADMINISTRADORA DEL ACUEDUCTO RURAL COMUNITARIO PATIO BONITO -LA ROBLEDA-SABANAZO","loc":"PATIO BONITO","pob":620,"susc":155,"q":7.0,"qesc":4.2,"dem":1.34,"bal":2.86,"trat":"Solo desinfección","tienetrat":"","tfuente":"Superficial","fuente":"LA ANGELITA, LA CHUCHA I, LA ROBLEDA","P_operativa":"SIN CLASIFICAR","P_clima":"P2","precip_idx":39.3,"temp_anom":1.33,"clasif_fuente":"CHIRPS + ERA5-Land · GEE 1–15 ago 2026 vs 1991–2020 · matriz graduada V0.5","precip_sev":1,"temp_sev":1,"clima_score":2,"precip_mm":15.08,"temp_mean":19.52},"geometry":{"type":"Point","coordinates":[-76.14644,4.590719]}},{"type":"Feature","properties":{"id":"ELNINO_0543","id_maestro":"ACUEDUCTO_0543","codigo":"1898","mun":"TORO","aro":"Norte Cartago","amb":"Rural","tipo":"DISPERSA","prest":"JUNTA DE ACCION COMUNAL DE LA VEREDA PAN DE AZUCAR (LA ESTRELLA)","loc":"PAN DE AZUCAR LA ESTRELLA","pob":88,"susc":22,"q":null,"qesc":null,"dem":0.19,"bal":null,"trat":"Solo desinfección","tienetrat":"","tfuente":"Subterránea","fuente":"LA ESTRELLA","P_operativa":"SIN CLASIFICAR","P_clima":"P2","precip_idx":31.8,"temp_anom":1.29,"clasif_fuente":"CHIRPS + ERA5-Land · GEE 1–15 ago 2026 vs 1991–2020 · matriz graduada V0.5","precip_sev":1,"temp_sev":1,"clima_score":2,"precip_mm":15.23,"temp_mean":20.05},"geometry":{"type":"Point","coordinates":[-76.07257,4.705606]}},{"type":"Feature","properties":{"id":"ELNINO_0544","id_maestro":"ACUEDUCTO_0544","codigo":"1887","mun":"TORO","aro":"Norte Cartago","amb":"Rural","tipo":"DISPERSA","prest":"JUNTA DE ACCION COMUNAL LA CAYETANA","loc":"SAN ANTONIO, LA CAYETANA, CORCEGA, TEJADAS","pob":408,"susc":102,"q":40.0,"qesc":24.0,"dem":0.88,"bal":23.12,"trat":"Bloque-Acuavalle","tienetrat":1,"tfuente":"Superficial","fuente":"QUEBRADA EL LÁZARO - EMBALSE SARA BRUT","P_operativa":"SIN CLASIFICAR","P_clima":"P1","precip_idx":32.3,"temp_anom":1.7,"clasif_fuente":"CHIRPS + ERA5-Land · GEE 1–15 ago 2026 vs 1991–2020 · matriz graduada V0.5","precip_sev":1,"temp_sev":2,"clima_score":3,"precip_mm":11.96,"temp_mean":21.67},"geometry":{"type":"Point","coordinates":[-76.04859,4.541906]}},{"type":"Feature","properties":{"id":"ELNINO_0545","id_maestro":"ACUEDUCTO_0545","codigo":null,"mun":"TORO","aro":"Norte Cartago","amb":"Rural","tipo":"DISPERSA","prest":"JUNTA DE ACCIÓN COMUNAL VEREDA EL CEDRO","loc":"EL CEDRO","pob":60,"susc":15,"q":null,"qesc":null,"dem":0.13,"bal":null,"trat":"Solo desinfección","tienetrat":"","tfuente":"Superficial","fuente":"QUEBRADA LA CABAÑA","P_operativa":"SIN CLASIFICAR","P_clima":"P2","precip_idx":37.4,"temp_anom":1.33,"clasif_fuente":"CHIRPS + ERA5-Land · GEE 1–15 ago 2026 vs 1991–2020 · matriz graduada V0.5","precip_sev":1,"temp_sev":1,"clima_score":2,"precip_mm":14.09,"temp_mean":21.67},"geometry":{"type":"Point","coordinates":[-76.05892,4.568467]}},{"type":"Feature","properties":{"id":"ELNINO_0547","id_maestro":"ACUEDUCTO_0547","codigo":"59","mun":"TORO","aro":"Norte Cartago","amb":"Urbano","tipo":"CABECERA MUNICIPAL","prest":"SOCIEDAD DE ACUEDUCTOS Y ALCANTARILLADOS DEL VALLE DEL CAUCA S.A. E.S.P. ACUAVALLE S.A. E.S.P.-TORO","loc":"URBANO, EL BOHIO, SAN ANTONIO, ESPINAL","pob":12936,"susc":3234,"q":40.0,"qesc":24.0,"dem":27.95,"bal":-3.95,"trat":"Convencional","tienetrat":1,"tfuente":"Superficial","fuente":"S.A.R.A.B.R.U.T., SAN LAZARO, LA GRANDE","P_operativa":"SIN CLASIFICAR","P_clima":"P2","precip_idx":37.4,"temp_anom":1.33,"clasif_fuente":"CHIRPS + ERA5-Land · GEE 1–15 ago 2026 vs 1991–2020 · matriz graduada V0.5","precip_sev":1,"temp_sev":1,"clima_score":2,"precip_mm":14.09,"temp_mean":21.67},"geometry":{"type":"Point","coordinates":[-76.06,4.596]}},{"type":"Feature","properties":{"id":"ELNINO_0548","id_maestro":"ACUEDUCTO_0548","codigo":"401","mun":"TRUJILLO","aro":"Centro Tuluá","amb":"Rural","tipo":"DISPERSA","prest":"ACUEDUCTO COLECTIVO RURAL CAMPASEINO ALTO Y BAJA CRISTALINA","loc":"LA CRISTALINA","pob":436,"susc":109,"q":2.5,"qesc":1.5,"dem":0.94,"bal":0.56,"trat":"Solo desinfección","tienetrat":"","tfuente":"Superficial","fuente":"LA MARÍA, LA CRISTALINA","P_operativa":"SIN CLASIFICAR","P_clima":"P2","precip_idx":31.7,"temp_anom":1.09,"clasif_fuente":"CHIRPS + ERA5-Land · GEE 1–15 ago 2026 vs 1991–2020 · matriz graduada V0.5","precip_sev":1,"temp_sev":1,"clima_score":2,"precip_mm":15.19,"temp_mean":18.6},"geometry":{"type":"Point","coordinates":[-76.33509,4.225539]}},{"type":"Feature","properties":{"id":"ELNINO_0549","id_maestro":"ACUEDUCTO_0549","codigo":null,"mun":"TRUJILLO","aro":"Centro Tuluá","amb":"Rural","tipo":"DISPERSA","prest":"ACUEDUCTO MORAVITO","loc":"MORAVITO","pob":52,"susc":13,"q":2.0,"qesc":1.2,"dem":0.11,"bal":1.09,"trat":"Ninguno","tienetrat":"","tfuente":"","fuente":"","P_operativa":"SIN CLASIFICAR","P_clima":"P2","precip_idx":37.5,"temp_anom":1.23,"clasif_fuente":"CHIRPS + ERA5-Land · GEE 1–15 ago 2026 vs 1991–2020 · matriz graduada V0.5","precip_sev":1,"temp_sev":1,"clima_score":2,"precip_mm":16.98,"temp_mean":18.6},"geometry":{"type":"Point","coordinates":[-76.38605,4.279269]}},{"type":"Feature","properties":{"id":"ELNINO_0550","id_maestro":"ACUEDUCTO_0550","codigo":"2788","mun":"TRUJILLO","aro":"Centro Tuluá","amb":"Rural","tipo":"DISPERSA","prest":"ACUEDUCTO RURAL LA BETULIA - ACUABETULIA","loc":"LA BETULIA","pob":80,"susc":20,"q":1.0,"qesc":0.6,"dem":0.17,"bal":0.43,"trat":"Ninguno","tienetrat":"","tfuente":"Superficial","fuente":"SUPERFICIAL - QUEBRADA","P_operativa":"SIN CLASIFICAR","P_clima":"P3","precip_idx":32.8,"temp_anom":0.83,"clasif_fuente":"CHIRPS + ERA5-Land · GEE 1–15 ago 2026 vs 1991–2020 · matriz graduada V0.5","precip_sev":1,"temp_sev":0,"clima_score":1,"precip_mm":16.11,"temp_mean":18.6},"geometry":{"type":"Point","coordinates":[-76.37778,4.228611]}},{"type":"Feature","properties":{"id":"ELNINO_0551","id_maestro":"ACUEDUCTO_0551","codigo":null,"mun":"TRUJILLO","aro":"Centro Tuluá","amb":"Rural","tipo":"DISPERSA","prest":"ACUEDUCTO RURAL LA DEVORA","loc":"LA DEBORA","pob":0,"susc":0,"q":10.0,"qesc":6.0,"dem":null,"bal":null,"trat":"Ninguno","tienetrat":"","tfuente":"","fuente":"","P_operativa":"SIN CLASIFICAR","P_clima":"P3","precip_idx":40.4,"temp_anom":0.83,"clasif_fuente":"CHIRPS + ERA5-Land · GEE 1–15 ago 2026 vs 1991–2020 · matriz graduada V0.5","precip_sev":1,"temp_sev":0,"clima_score":1,"precip_mm":21.77,"temp_mean":20.02},"geometry":{"type":"Point","coordinates":[-76.42352,4.205947]}},{"type":"Feature","properties":{"id":"ELNINO_0552","id_maestro":"ACUEDUCTO_0552","codigo":null,"mun":"TRUJILLO","aro":"Centro Tuluá","amb":"Rural","tipo":"DISPERSA","prest":"ACUEDUCTO RURAL LA MARINA ALTA","loc":"LA MARINA ALTA","pob":64,"susc":16,"q":2.0,"qesc":1.2,"dem":0.14,"bal":1.06,"trat":"Ninguno","tienetrat":"","tfuente":"Superficial","fuente":"QUEBRADA LA LLORONA","P_operativa":"SIN CLASIFICAR","P_clima":"P2","precip_idx":33.8,"temp_anom":1.12,"clasif_fuente":"CHIRPS + ERA5-Land · GEE 1–15 ago 2026 vs 1991–2020 · matriz graduada V0.5","precip_sev":1,"temp_sev":1,"clima_score":2,"precip_mm":14.51,"temp_mean":18.6},"geometry":{"type":"Point","coordinates":[-76.30389,4.258611]}},{"type":"Feature","properties":{"id":"ELNINO_0555","id_maestro":"ACUEDUCTO_0555","codigo":"SD","mun":"TRUJILLO","aro":"Centro Tuluá","amb":"Rural","tipo":"DISPERSA","prest":"AGUAS ALTAMIRA","loc":"ALTAMIRA","pob":0,"susc":0,"q":null,"qesc":null,"dem":null,"bal":null,"trat":"Soluciones_Individuales","tienetrat":"","tfuente":"","fuente":"","P_operativa":"SIN CLASIFICAR","P_clima":"P3","precip_idx":32.9,"temp_anom":0.83,"clasif_fuente":"CHIRPS + ERA5-Land · GEE 1–15 ago 2026 vs 1991–2020 · matriz graduada V0.5","precip_sev":1,"temp_sev":0,"clima_score":1,"precip_mm":15.07,"temp_mean":17.15},"geometry":{"type":"Point","coordinates":[-76.37628,4.178425]}},{"type":"Feature","properties":{"id":"ELNINO_0556","id_maestro":"ACUEDUCTO_0556","codigo":"397","mun":"TRUJILLO","aro":"Centro Tuluá","amb":"Rural","tipo":"CENTRO POBLADO","prest":"AGUASALUD VENECIA","loc":"VENECIA","pob":1400,"susc":350,"q":10.0,"qesc":6.0,"dem":3.03,"bal":2.97,"trat":"FIME","tienetrat":1,"tfuente":"Superficial","fuente":"LA CUMBRE","P_operativa":"SIN CLASIFICAR","P_clima":"P3","precip_idx":32.9,"temp_anom":0.83,"clasif_fuente":"CHIRPS + ERA5-Land · GEE 1–15 ago 2026 vs 1991–2020 · matriz graduada V0.5","precip_sev":1,"temp_sev":0,"clima_score":1,"precip_mm":15.07,"temp_mean":17.15},"geometry":{"type":"Point","coordinates":[-76.39016,4.193631]}},{"type":"Feature","properties":{"id":"ELNINO_0557","id_maestro":"ACUEDUCTO_0557","codigo":null,"mun":"TRUJILLO","aro":"Centro Tuluá","amb":"Rural","tipo":"DISPERSA","prest":"ASOCIACION AGUAS DEL VERGEL","loc":"VERGEL","pob":128,"susc":32,"q":2.0,"qesc":1.2,"dem":0.28,"bal":0.92,"trat":"Ninguno","tienetrat":"","tfuente":"Subterránea","fuente":"NACIMIENTO LA DEVORA","P_operativa":"SIN CLASIFICAR","P_clima":"P1","precip_idx":28.3,"temp_anom":1.5,"clasif_fuente":"CHIRPS + ERA5-Land · GEE 1–15 ago 2026 vs 1991–2020 · matriz graduada V0.5","precip_sev":2,"temp_sev":1,"clima_score":3,"precip_mm":10.97,"temp_mean":19.26},"geometry":{"type":"Point","coordinates":[-76.22877,4.219564]}},{"type":"Feature","properties":{"id":"ELNINO_0558","id_maestro":"ACUEDUCTO_0558","codigo":"9761","mun":"TRUJILLO","aro":"Centro Tuluá","amb":"Rural","tipo":"DISPERSA","prest":"ASOCIACION COMUNITARIA AGUA PUDEMA-PUENTE BLANCO","loc":"PUENTE BLANCO","pob":184,"susc":46,"q":3.0,"qesc":1.8,"dem":0.4,"bal":1.4,"trat":"Solo desinfección","tienetrat":"","tfuente":"Superficial","fuente":"LA ESMERALDA","P_operativa":"SIN CLASIFICAR","P_clima":"P3","precip_idx":32.8,"temp_anom":0.83,"clasif_fuente":"CHIRPS + ERA5-Land · GEE 1–15 ago 2026 vs 1991–2020 · matriz graduada V0.5","precip_sev":1,"temp_sev":0,"clima_score":1,"precip_mm":16.11,"temp_mean":18.6},"geometry":{"type":"Point","coordinates":[-76.38188,4.209736]}},{"type":"Feature","properties":{"id":"ELNINO_0559","id_maestro":"ACUEDUCTO_0559","codigo":"10170","mun":"TRUJILLO","aro":"Centro Tuluá","amb":"Rural","tipo":"DISPERSA","prest":"ASOCIACION COMUNITARIA DE USUARIOS DEL ACUEDUCTO DE LA VEREDA CULEBRAS ACUCULEBRAS","loc":"CULEBRAS","pob":288,"susc":72,"q":null,"qesc":null,"dem":0.62,"bal":null,"trat":"FIME","tienetrat":1,"tfuente":"","fuente":"","P_operativa":"SIN CLASIFICAR","P_clima":"P2","precip_idx":31.7,"temp_anom":1.09,"clasif_fuente":"CHIRPS + ERA5-Land · GEE 1–15 ago 2026 vs 1991–2020 · matriz graduada V0.5","precip_sev":1,"temp_sev":1,"clima_score":2,"precip_mm":15.19,"temp_mean":18.6},"geometry":{"type":"Point","coordinates":[-76.33807,4.243661]}},{"type":"Feature","properties":{"id":"ELNINO_0560","id_maestro":"ACUEDUCTO_0560","codigo":"11623","mun":"TRUJILLO","aro":"Centro Tuluá","amb":"Rural","tipo":"CENTRO POBLADO","prest":"ASOCIACION DE USUARIOS ACUEDUCTO ALTO CRISTALES","loc":"CRISTALES","pob":180,"susc":45,"q":null,"qesc":null,"dem":0.39,"bal":null,"trat":"Ninguno","tienetrat":"","tfuente":"Superficial","fuente":"SIN DATO","P_operativa":"SIN CLASIFICAR","P_clima":"P3","precip_idx":32.9,"temp_anom":0.83,"clasif_fuente":"CHIRPS + ERA5-Land · GEE 1–15 ago 2026 vs 1991–2020 · matriz graduada V0.5","precip_sev":1,"temp_sev":0,"clima_score":1,"precip_mm":15.07,"temp_mean":17.15},"geometry":{"type":"Point","coordinates":[-76.39081,4.177122]}},{"type":"Feature","properties":{"id":"ELNINO_0561","id_maestro":"ACUEDUCTO_0561","codigo":"184","mun":"TRUJILLO","aro":"Centro Tuluá","amb":"Rural","tipo":"CENTRO POBLADO","prest":"ASOCIACION DE USUARIOS ACUEDUCTO DE ROBLEDO \"ASUACOR\"","loc":"ROBLEDO","pob":1532,"susc":383,"q":2.0,"qesc":1.2,"dem":3.31,"bal":-2.11,"trat":"FIME","tienetrat":1,"tfuente":"Superficial","fuente":"SIN NOMBRE EN EL ACTA NO. 0160","P_operativa":"SIN CLASIFICAR","P_clima":"P1","precip_idx":26.7,"temp_anom":1.22,"clasif_fuente":"CHIRPS + ERA5-Land · GEE 1–15 ago 2026 vs 1991–2020 · matriz graduada V0.5","precip_sev":2,"temp_sev":1,"clima_score":3,"precip_mm":9.75,"temp_mean":19.26},"geometry":{"type":"Point","coordinates":[-76.21836,4.265278]}},{"type":"Feature","properties":{"id":"ELNINO_0562","id_maestro":"ACUEDUCTO_0562","codigo":"3549","mun":"TRUJILLO","aro":"Centro Tuluá","amb":"Rural","tipo":"DISPERSA","prest":"ASOCIACION DE USUARIOS DE ABASTO DE AGUA RIN RAN","loc":"RIM,RAM","pob":120,"susc":30,"q":1.0,"qesc":0.6,"dem":0.26,"bal":0.34,"trat":"Solo desinfección","tienetrat":"","tfuente":"Subterránea","fuente":"CEDRALES","P_operativa":"SIN CLASIFICAR","P_clima":"P2","precip_idx":31.7,"temp_anom":1.09,"clasif_fuente":"CHIRPS + ERA5-Land · GEE 1–15 ago 2026 vs 1991–2020 · matriz graduada V0.5","precip_sev":1,"temp_sev":1,"clima_score":2,"precip_mm":15.19,"temp_mean":18.6},"geometry":{"type":"Point","coordinates":[-76.31543,4.217708]}},{"type":"Feature","properties":{"id":"ELNINO_0563","id_maestro":"ACUEDUCTO_0563","codigo":"230","mun":"TRUJILLO","aro":"Centro Tuluá","amb":"Rural","tipo":"DISPERSA","prest":"ASOCIACION DE USUARIOS DEL ACUEDUCTO COLECTIVO RURAL DE LA VEREDA CHOCHO LA BOHEMIA","loc":"EL CHOCHO","pob":180,"susc":45,"q":2.0,"qesc":1.2,"dem":0.39,"bal":0.81,"trat":"Solo desinfección","tienetrat":"","tfuente":"Superficial","fuente":"LA SIRIA","P_operativa":"SIN CLASIFICAR","P_clima":"P2","precip_idx":35.5,"temp_anom":1.12,"clasif_fuente":"CHIRPS + ERA5-Land · GEE 1–15 ago 2026 vs 1991–2020 · matriz graduada V0.5","precip_sev":1,"temp_sev":1,"clima_score":2,"precip_mm":13.29,"temp_mean":19.26},"geometry":{"type":"Point","coordinates":[-76.27986,4.267697]}},{"type":"Feature","properties":{"id":"ELNINO_0564","id_maestro":"ACUEDUCTO_0564","codigo":"2730","mun":"TRUJILLO","aro":"Centro Tuluá","amb":"Rural","tipo":"CENTRO POBLADO","prest":"ASOCIACION DE USUARIOS DEL ACUEDUCTO COMUNITARIO DE LA VEREDA SONORA ALTA","loc":"BRISAS DE HOREO","pob":184,"susc":46,"q":5.0,"qesc":3.0,"dem":0.4,"bal":2.6,"trat":"Ninguno","tienetrat":"","tfuente":"Superficial","fuente":"SIN NOMBRE","P_operativa":"SIN CLASIFICAR","P_clima":"P3","precip_idx":32.8,"temp_anom":0.83,"clasif_fuente":"CHIRPS + ERA5-Land · GEE 1–15 ago 2026 vs 1991–2020 · matriz graduada V0.5","precip_sev":1,"temp_sev":0,"clima_score":1,"precip_mm":16.11,"temp_mean":18.6},"geometry":{"type":"Point","coordinates":[-76.3927,4.232539]}},{"type":"Feature","properties":{"id":"ELNINO_0565","id_maestro":"ACUEDUCTO_0565","codigo":"5627","mun":"TRUJILLO","aro":"Centro Tuluá","amb":"Rural","tipo":"DISPERSA","prest":"ASOCIACION DE USUARIOS DEL ACUEDUCTO COMUNITARIO HATO VIEJO","loc":"HATO VIEJO","pob":120,"susc":30,"q":1.0,"qesc":0.6,"dem":0.26,"bal":0.34,"trat":"Solo desinfección","tienetrat":"","tfuente":"","fuente":"","P_operativa":"SIN CLASIFICAR","P_clima":"P1","precip_idx":28.3,"temp_anom":1.5,"clasif_fuente":"CHIRPS + ERA5-Land · GEE 1–15 ago 2026 vs 1991–2020 · matriz graduada V0.5","precip_sev":2,"temp_sev":1,"clima_score":3,"precip_mm":10.97,"temp_mean":19.26},"geometry":{"type":"Point","coordinates":[-76.24044,4.206817]}},{"type":"Feature","properties":{"id":"ELNINO_0566","id_maestro":"ACUEDUCTO_0566","codigo":"3286","mun":"TRUJILLO","aro":"Centro Tuluá","amb":"Rural","tipo":"CENTRO POBLADO","prest":"ASOCIACION DE USUARIOS DEL ACUEDUCTO DE ANDINAPOLIS - ARCA","loc":"ANDINÁPOLIS","pob":1120,"susc":280,"q":6.0,"qesc":3.6,"dem":2.42,"bal":1.18,"trat":"FIME","tienetrat":1,"tfuente":"Superficial","fuente":"ARAUCA","P_operativa":"SIN CLASIFICAR","P_clima":"P3","precip_idx":32.9,"temp_anom":0.83,"clasif_fuente":"CHIRPS + ERA5-Land · GEE 1–15 ago 2026 vs 1991–2020 · matriz graduada V0.5","precip_sev":1,"temp_sev":0,"clima_score":1,"precip_mm":15.07,"temp_mean":17.15},"geometry":{"type":"Point","coordinates":[-76.38602,4.165678]}},{"type":"Feature","properties":{"id":"ELNINO_0567","id_maestro":"ACUEDUCTO_0567","codigo":"4768","mun":"TRUJILLO","aro":"Centro Tuluá","amb":"Rural","tipo":"DISPERSA","prest":"ASOCIACION DE USUARIOS DEL ACUEDUCTO DE LA VEREDA CASCAJAL - ACUACOLORADAS","loc":"COLORADAS","pob":64,"susc":16,"q":2.0,"qesc":1.2,"dem":0.14,"bal":1.06,"trat":"Solo desinfección","tienetrat":"","tfuente":"Superficial","fuente":"QUEBRADA COLORADAS","P_operativa":"SIN CLASIFICAR","P_clima":"P2","precip_idx":32.3,"temp_anom":1.09,"clasif_fuente":"CHIRPS + ERA5-Land · GEE 1–15 ago 2026 vs 1991–2020 · matriz graduada V0.5","precip_sev":1,"temp_sev":1,"clima_score":2,"precip_mm":12.33,"temp_mean":19.89},"geometry":{"type":"Point","coordinates":[-76.25697,4.185236]}},{"type":"Feature","properties":{"id":"ELNINO_0568","id_maestro":"ACUEDUCTO_0568","codigo":"17694","mun":"TRUJILLO","aro":"Centro Tuluá","amb":"Rural","tipo":"DISPERSA","prest":"ASOCIACION DE USUARIOS DEL ACUEDUCTO DE LAS VEREDAS LA MARINA, ELCHOCHO, EL REMOLINO","loc":"LA MARINA, ELCHOCHO, EL REMOLINO","pob":188,"susc":47,"q":3.0,"qesc":1.8,"dem":0.41,"bal":1.39,"trat":"Solo desinfección","tienetrat":"","tfuente":"Subterránea","fuente":"NACIMIENTO LAS PALABRAS","P_operativa":"SIN CLASIFICAR","P_clima":"P2","precip_idx":31.7,"temp_anom":1.09,"clasif_fuente":"CHIRPS + ERA5-Land · GEE 1–15 ago 2026 vs 1991–2020 · matriz graduada V0.5","precip_sev":1,"temp_sev":1,"clima_score":2,"precip_mm":15.19,"temp_mean":18.6},"geometry":{"type":"Point","coordinates":[-76.31132,4.245994]}},{"type":"Feature","properties":{"id":"ELNINO_0569","id_maestro":"ACUEDUCTO_0569","codigo":"2729","mun":"TRUJILLO","aro":"Centro Tuluá","amb":"Rural","tipo":"CENTRO POBLADO","prest":"ASOCIACION DE USUARIOS DEL ACUEDUCTO DEL CORREGIMIENTO DE LA SONORA - ACUASONORA","loc":"LA SONORA","pob":140,"susc":35,"q":3.0,"qesc":1.8,"dem":0.3,"bal":1.5,"trat":"Soluciones_Individuales","tienetrat":"","tfuente":"Superficial","fuente":"EL RUBI","P_operativa":"SIN CLASIFICAR","P_clima":"P3","precip_idx":32.8,"temp_anom":0.83,"clasif_fuente":"CHIRPS + ERA5-Land · GEE 1–15 ago 2026 vs 1991–2020 · matriz graduada V0.5","precip_sev":1,"temp_sev":0,"clima_score":1,"precip_mm":16.11,"temp_mean":18.6},"geometry":{"type":"Point","coordinates":[-76.38938,4.230769]}},{"type":"Feature","properties":{"id":"ELNINO_0570","id_maestro":"ACUEDUCTO_0570","codigo":"9979","mun":"TRUJILLO","aro":"Centro Tuluá","amb":"Rural","tipo":"DISPERSA","prest":"ASOCIACION DE USUARIOS DEL ACUEDUCTO RURAL COLECTIVO DE LA VEREDA BAJO PALERMO","loc":"BAJO PALERMO","pob":144,"susc":36,"q":1.0,"qesc":0.6,"dem":0.31,"bal":0.29,"trat":"Ninguno","tienetrat":"","tfuente":"Superficial","fuente":"CIMITARRA","P_operativa":"SIN CLASIFICAR","P_clima":"P3","precip_idx":32.8,"temp_anom":0.83,"clasif_fuente":"CHIRPS + ERA5-Land · GEE 1–15 ago 2026 vs 1991–2020 · matriz graduada V0.5","precip_sev":1,"temp_sev":0,"clima_score":1,"precip_mm":16.11,"temp_mean":18.6},"geometry":{"type":"Point","coordinates":[-76.35067,4.204181]}},{"type":"Feature","properties":{"id":"ELNINO_0571","id_maestro":"ACUEDUCTO_0571","codigo":"228","mun":"TRUJILLO","aro":"Centro Tuluá","amb":"Rural","tipo":"DISPERSA","prest":"ASOCIACION DE USUARIOS DEL ACUEDUCTO RURAL COLECTIVO DE LA VEREDA LA CRISTALINA-EL OTRO MUNDO","loc":"LA CRISTALINA,EL OTRO MUNDO","pob":304,"susc":76,"q":1.0,"qesc":0.6,"dem":0.66,"bal":-0.06,"trat":"Solo desinfección","tienetrat":"","tfuente":"Superficial","fuente":"SIN NOMBRE","P_operativa":"SIN CLASIFICAR","P_clima":"P2","precip_idx":31.7,"temp_anom":1.09,"clasif_fuente":"CHIRPS + ERA5-Land · GEE 1–15 ago 2026 vs 1991–2020 · matriz graduada V0.5","precip_sev":1,"temp_sev":1,"clima_score":2,"precip_mm":15.19,"temp_mean":18.6},"geometry":{"type":"Point","coordinates":[-76.32194,4.210608]}},{"type":"Feature","properties":{"id":"ELNINO_0572","id_maestro":"ACUEDUCTO_0572","codigo":"3550","mun":"TRUJILLO","aro":"Centro Tuluá","amb":"Rural","tipo":"DISPERSA","prest":"ASOCIACION DE USUARIOS DEL ACUEDUCTO RURAL COLECTIVO VEREDA CEDRALES ARCC","loc":"CEDRALES","pob":132,"susc":33,"q":2.0,"qesc":1.2,"dem":0.29,"bal":0.91,"trat":"Solo desinfección","tienetrat":"","tfuente":"Superficial","fuente":"CULEBRAS","P_operativa":"SIN CLASIFICAR","P_clima":"P2","precip_idx":31.7,"temp_anom":1.09,"clasif_fuente":"CHIRPS + ERA5-Land · GEE 1–15 ago 2026 vs 1991–2020 · matriz graduada V0.5","precip_sev":1,"temp_sev":1,"clima_score":2,"precip_mm":15.19,"temp_mean":18.6},"geometry":{"type":"Point","coordinates":[-76.33157,4.231178]}},{"type":"Feature","properties":{"id":"ELNINO_0573","id_maestro":"ACUEDUCTO_0573","codigo":"3314","mun":"TRUJILLO","aro":"Centro Tuluá","amb":"Rural","tipo":"DISPERSA","prest":"ASOCIACION DE USUARIOS DEL ACUEDUCTO RURAL DE LA VEREDA LAS MELENAS ACUAMELENAS","loc":"LAS MELENAS, LA SONADORA, PUENTE ROJO","pob":180,"susc":45,"q":2.0,"qesc":1.2,"dem":0.39,"bal":0.81,"trat":"Soluciones_Individuales","tienetrat":"","tfuente":"Superficial","fuente":"MONTAÑITA","P_operativa":"SIN CLASIFICAR","P_clima":"P3","precip_idx":32.9,"temp_anom":0.83,"clasif_fuente":"CHIRPS + ERA5-Land · GEE 1–15 ago 2026 vs 1991–2020 · matriz graduada V0.5","precip_sev":1,"temp_sev":0,"clima_score":1,"precip_mm":15.07,"temp_mean":17.15},"geometry":{"type":"Point","coordinates":[-76.35812,4.172803]}},{"type":"Feature","properties":{"id":"ELNINO_0574","id_maestro":"ACUEDUCTO_0574","codigo":"400","mun":"TRUJILLO","aro":"Centro Tuluá","amb":"Rural","tipo":"DISPERSA","prest":"ASOCIACION DE USUARIOS DEL ACUEDUCTO RURAL LOS RANCHOS","loc":"LOS RANCHOS","pob":100,"susc":25,"q":1.5,"qesc":0.9,"dem":0.22,"bal":0.68,"trat":"Solo desinfección","tienetrat":"","tfuente":"Superficial","fuente":"EL BATEY","P_operativa":"SIN CLASIFICAR","P_clima":"P2","precip_idx":36.1,"temp_anom":1.09,"clasif_fuente":"CHIRPS + ERA5-Land · GEE 1–15 ago 2026 vs 1991–2020 · matriz graduada V0.5","precip_sev":1,"temp_sev":1,"clima_score":2,"precip_mm":16.01,"temp_mean":17.15},"geometry":{"type":"Point","coordinates":[-76.34267,4.193692]}},{"type":"Feature","properties":{"id":"ELNINO_0575","id_maestro":"ACUEDUCTO_0575","codigo":"2789","mun":"TRUJILLO","aro":"Centro Tuluá","amb":"Rural","tipo":"CENTRO POBLADO","prest":"ASOCIACION DE USUARIOS DEL SERVICIO DE AGUA POTABLE DE HUASANO","loc":"HUASANÓ","pob":1032,"susc":258,"q":2.5,"qesc":1.5,"dem":2.23,"bal":-0.73,"trat":"Planta Modular","tienetrat":1,"tfuente":"Superficial","fuente":"BITACO, MONSERRATE","P_operativa":"SIN CLASIFICAR","P_clima":"P1","precip_idx":28.3,"temp_anom":1.5,"clasif_fuente":"CHIRPS + ERA5-Land · GEE 1–15 ago 2026 vs 1991–2020 · matriz graduada V0.5","precip_sev":2,"temp_sev":1,"clima_score":3,"precip_mm":10.97,"temp_mean":19.26},"geometry":{"type":"Point","coordinates":[-76.24507,4.245856]}},{"type":"Feature","properties":{"id":"ELNINO_0576","id_maestro":"ACUEDUCTO_0576","codigo":"229","mun":"TRUJILLO","aro":"Centro Tuluá","amb":"Rural","tipo":"DISPERSA","prest":"ASOCIACION DE USUARIOS RURAL FLORESTA LA LUISA","loc":"LA LUISA","pob":120,"susc":30,"q":null,"qesc":null,"dem":0.26,"bal":null,"trat":"Solo desinfección","tienetrat":"","tfuente":"Superficial","fuente":"QUEBRADA EL HORNO, QUEBRADA LA MARINA","P_operativa":"SIN CLASIFICAR","P_clima":"P2","precip_idx":35.3,"temp_anom":1.09,"clasif_fuente":"CHIRPS + ERA5-Land · GEE 1–15 ago 2026 vs 1991–2020 · matriz graduada V0.5","precip_sev":1,"temp_sev":1,"clima_score":2,"precip_mm":14.5,"temp_mean":19.26},"geometry":{"type":"Point","coordinates":[-76.2997,4.243206]}},{"type":"Feature","properties":{"id":"ELNINO_0577","id_maestro":"ACUEDUCTO_0577","codigo":"231","mun":"TRUJILLO","aro":"Centro Tuluá","amb":"Rural","tipo":"DISPERSA","prest":"ASOCIACION DE USUARIOSDELACUEDUCTO BUENAVISTA LA BOHEMIA","loc":"BUENAVISTA LA BOHEMIA","pob":320,"susc":80,"q":null,"qesc":null,"dem":0.69,"bal":null,"trat":"Solo desinfección","tienetrat":"","tfuente":"Superficial","fuente":"CALAMAR","P_operativa":"SIN CLASIFICAR","P_clima":"P2","precip_idx":35.5,"temp_anom":1.12,"clasif_fuente":"CHIRPS + ERA5-Land · GEE 1–15 ago 2026 vs 1991–2020 · matriz graduada V0.5","precip_sev":1,"temp_sev":1,"clima_score":2,"precip_mm":13.29,"temp_mean":19.26},"geometry":{"type":"Point","coordinates":[-76.28283,4.262017]}},{"type":"Feature","properties":{"id":"ELNINO_0578","id_maestro":"ACUEDUCTO_0578","codigo":"399","mun":"TRUJILLO","aro":"Centro Tuluá","amb":"Rural","tipo":"DISPERSA","prest":"ASOCIACION JUNTA ADMINISTRADORA DEL ACUEDUCTO LA DIAMANTINA","loc":"LA DIAMANTINA","pob":160,"susc":40,"q":2.5,"qesc":1.5,"dem":0.35,"bal":1.15,"trat":"Ninguno","tienetrat":"","tfuente":"Superficial","fuente":"SIN NOMBRE","P_operativa":"SIN CLASIFICAR","P_clima":"P3","precip_idx":32.9,"temp_anom":0.83,"clasif_fuente":"CHIRPS + ERA5-Land · GEE 1–15 ago 2026 vs 1991–2020 · matriz graduada V0.5","precip_sev":1,"temp_sev":0,"clima_score":1,"precip_mm":15.07,"temp_mean":17.15},"geometry":{"type":"Point","coordinates":[-76.3846,4.198853]}},{"type":"Feature","properties":{"id":"ELNINO_0579","id_maestro":"ACUEDUCTO_0579","codigo":"14211","mun":"TRUJILLO","aro":"Centro Tuluá","amb":"Rural","tipo":"DISPERSA","prest":"JUNTA ADMINISTRADORA ACUEDCUTO MANANTIAL DE VIDA","loc":"MARACAIBO","pob":108,"susc":27,"q":2.0,"qesc":1.2,"dem":0.23,"bal":0.97,"trat":"Ninguno","tienetrat":"","tfuente":"Superficial","fuente":"MARACAIBO","P_operativa":"SIN CLASIFICAR","P_clima":"P3","precip_idx":32.8,"temp_anom":0.83,"clasif_fuente":"CHIRPS + ERA5-Land · GEE 1–15 ago 2026 vs 1991–2020 · matriz graduada V0.5","precip_sev":1,"temp_sev":0,"clima_score":1,"precip_mm":16.11,"temp_mean":18.6},"geometry":{"type":"Point","coordinates":[-76.39329,4.212919]}},{"type":"Feature","properties":{"id":"ELNINO_0083","id_maestro":"ACUEDUCTO_0580","codigo":"9783","mun":"TRUJILLO","aro":"Centro Tuluá","amb":"Rural","tipo":"DISPERSA","prest":"JUNTA ADMINISTRADORA ACUEDUCTO DE PALERMO","loc":"PALERMO","pob":80,"susc":20,"q":1.8,"qesc":1.08,"dem":0.17,"bal":0.91,"trat":"Soluciones_Individuales","tienetrat":1,"tfuente":"Superficial","fuente":"SIN NOMBRE","P_operativa":"SIN CLASIFICAR","P_clima":"P2","precip_idx":31.7,"temp_anom":1.09,"clasif_fuente":"CHIRPS + ERA5-Land · GEE 1–15 ago 2026 vs 1991–2020 · matriz graduada V0.5","precip_sev":1,"temp_sev":1,"clima_score":2,"precip_mm":15.19,"temp_mean":18.6},"geometry":{"type":"Point","coordinates":[-76.33881,4.206794]}},{"type":"Feature","properties":{"id":"ELNINO_0581","id_maestro":"ACUEDUCTO_0581","codigo":"17684","mun":"TRUJILLO","aro":"Centro Tuluá","amb":"Rural","tipo":"DISPERSA","prest":"JUNTA ADMINISTRADORA DEL ACUEDUCTO LA MARINA","loc":"LA MARINA","pob":188,"susc":47,"q":2.0,"qesc":1.2,"dem":0.41,"bal":0.79,"trat":"Solo desinfección","tienetrat":"","tfuente":"Superficial","fuente":"QUEBRADA LA PALMERA","P_operativa":"SIN CLASIFICAR","P_clima":"P2","precip_idx":33.8,"temp_anom":1.12,"clasif_fuente":"CHIRPS + ERA5-Land · GEE 1–15 ago 2026 vs 1991–2020 · matriz graduada V0.5","precip_sev":1,"temp_sev":1,"clima_score":2,"precip_mm":14.51,"temp_mean":18.6},"geometry":{"type":"Point","coordinates":[-76.30793,4.251525]}},{"type":"Feature","properties":{"id":"ELNINO_0582","id_maestro":"ACUEDUCTO_0582","codigo":"220","mun":"TRUJILLO","aro":"Centro Tuluá","amb":"Urbano","tipo":"CABECERA MUNICIPAL","prest":"SOCIEDAD DE ACUEDUCTOS Y ALCANTARILLADOS DEL VALLE DEL CAUCA S.A. E.S.P. ACUAVALLE S.A. E.S.P. - TRUJILLO","loc":"URBANO","pob":10740,"susc":2685,"q":35.0,"qesc":21.0,"dem":23.21,"bal":-2.21,"trat":"Convencional","tienetrat":1,"tfuente":"Superficial","fuente":"CULEBRAS","P_operativa":"SIN CLASIFICAR","P_clima":"P2","precip_idx":31.7,"temp_anom":1.09,"clasif_fuente":"CHIRPS + ERA5-Land · GEE 1–15 ago 2026 vs 1991–2020 · matriz graduada V0.5","precip_sev":1,"temp_sev":1,"clima_score":2,"precip_mm":15.19,"temp_mean":18.6},"geometry":{"type":"Point","coordinates":[-76.31891,4.209464]}},{"type":"Feature","properties":{"id":"ELNINO_0583","id_maestro":"ACUEDUCTO_0583","codigo":"300","mun":"ULLOA","aro":"Norte Cartago","amb":"Rural","tipo":"DISPERSA","prest":"ACUEDUCTO VEREDAL PLATACER","loc":"EL PLACER, LA PLATA","pob":200,"susc":50,"q":1.5,"qesc":0.9,"dem":0.43,"bal":0.47,"trat":"Planta Modular","tienetrat":1,"tfuente":"Superficial","fuente":"CEILAN","P_operativa":"SIN CLASIFICAR","P_clima":"P2","precip_idx":34.5,"temp_anom":1.25,"clasif_fuente":"CHIRPS + ERA5-Land · GEE 1–15 ago 2026 vs 1991–2020 · matriz graduada V0.5","precip_sev":1,"temp_sev":1,"clima_score":2,"precip_mm":15.54,"temp_mean":18.97},"geometry":{"type":"Point","coordinates":[-75.71158,4.700461]}},{"type":"Feature","properties":{"id":"ELNINO_0584","id_maestro":"ACUEDUCTO_0584","codigo":"2562","mun":"ULLOA","aro":"Norte Cartago","amb":"Rural","tipo":"DISPERSA","prest":"ADMINISTRACION COOPERATIVA ULLOA SISTEMA #1","loc":"SISTEMA #1 CHAPINERO,EL PIÑAL ,LA MONTAÑA,EL BOSQUE,EL MADROÑO, BERLIN PARTE ALTA","pob":1448,"susc":362,"q":12.0,"qesc":7.2,"dem":3.13,"bal":4.07,"trat":"Planta Modular","tienetrat":1,"tfuente":"","fuente":"","P_operativa":"SIN CLASIFICAR","P_clima":"P2","precip_idx":32.2,"temp_anom":1.25,"clasif_fuente":"CHIRPS + ERA5-Land · GEE 1–15 ago 2026 vs 1991–2020 · matriz graduada V0.5","precip_sev":1,"temp_sev":1,"clima_score":2,"precip_mm":13.28,"temp_mean":19.49},"geometry":{"type":"Point","coordinates":[-75.72276,4.696981]}},{"type":"Feature","properties":{"id":"ELNINO_0585","id_maestro":"ACUEDUCTO_0585","codigo":"309","mun":"ULLOA","aro":"Norte Cartago","amb":"Rural","tipo":"CENTRO POBLADO","prest":"ADMINISTRACION COOPERATIVA ULLOA SISTEMA #2","loc":"BERLIN,MOCTEZUMA,DINAMARCA,VENECIA, EL COFRE,SUCRE,LA PASTORA,LA LATINA,CALAMONTE ALTO","pob":1792,"susc":448,"q":22.0,"qesc":13.2,"dem":3.87,"bal":9.33,"trat":"Planta Modular","tienetrat":1,"tfuente":"","fuente":"","P_operativa":"SIN CLASIFICAR","P_clima":"P1","precip_idx":30.9,"temp_anom":1.56,"clasif_fuente":"CHIRPS + ERA5-Land · GEE 1–15 ago 2026 vs 1991–2020 · matriz graduada V0.5","precip_sev":1,"temp_sev":2,"clima_score":3,"precip_mm":13.6,"temp_mean":18.97},"geometry":{"type":"Point","coordinates":[-75.75826,4.707372]}},{"type":"Feature","properties":{"id":"ELNINO_0586","id_maestro":"ACUEDUCTO_0586","codigo":"304","mun":"ULLOA","aro":"Norte Cartago","amb":"Rural","tipo":"DISPERSA","prest":"ASOCIACION DE USUARIOS ACUEDUCTO SUCRE","loc":"SUCRE","pob":64,"susc":16,"q":1.0,"qesc":0.6,"dem":0.14,"bal":0.46,"trat":"Soluciones_Individuales","tienetrat":"","tfuente":"Superficial","fuente":"MARSELLA","P_operativa":"SIN CLASIFICAR","P_clima":"P1","precip_idx":30.9,"temp_anom":1.56,"clasif_fuente":"CHIRPS + ERA5-Land · GEE 1–15 ago 2026 vs 1991–2020 · matriz graduada V0.5","precip_sev":1,"temp_sev":2,"clima_score":3,"precip_mm":13.6,"temp_mean":18.97},"geometry":{"type":"Point","coordinates":[-75.75877,4.710658]}},{"type":"Feature","properties":{"id":"ELNINO_0587","id_maestro":"ACUEDUCTO_0587","codigo":"302","mun":"ULLOA","aro":"Norte Cartago","amb":"Rural","tipo":"DISPERSA","prest":"JUNTA DE ACCIÓN COMUNAL VEREDA EL BRILLANTE","loc":"EL BRILLANTE","pob":264,"susc":66,"q":null,"qesc":null,"dem":0.57,"bal":null,"trat":"Solo desinfección","tienetrat":"","tfuente":"Superficial","fuente":"EL BOSQUE","P_operativa":"SIN CLASIFICAR","P_clima":"P2","precip_idx":34.5,"temp_anom":1.25,"clasif_fuente":"CHIRPS + ERA5-Land · GEE 1–15 ago 2026 vs 1991–2020 · matriz graduada V0.5","precip_sev":1,"temp_sev":1,"clima_score":2,"precip_mm":15.54,"temp_mean":18.97},"geometry":{"type":"Point","coordinates":[-75.73897,4.707928]}},{"type":"Feature","properties":{"id":"ELNINO_0588","id_maestro":"ACUEDUCTO_0588","codigo":"68","mun":"ULLOA","aro":"Norte Cartago","amb":"Urbano","tipo":"CABECERA MUNICIPAL","prest":"SOCIEDAD DE ACUEDUCTOS Y ALCANTARILLADOS DEL VALLE DEL CAUCA S.A. E.S.P. ACUAVALLE S.A. E.S.P.-ULLOA","loc":"URBANO, BERLIN","pob":3656,"susc":914,"q":15.0,"qesc":9.0,"dem":7.9,"bal":1.1,"trat":"Convencional","tienetrat":1,"tfuente":"Superficial","fuente":"EL BOSQUE, LA ESMERALDA","P_operativa":"SIN CLASIFICAR","P_clima":"P2","precip_idx":34.5,"temp_anom":1.25,"clasif_fuente":"CHIRPS + ERA5-Land · GEE 1–15 ago 2026 vs 1991–2020 · matriz graduada V0.5","precip_sev":1,"temp_sev":1,"clima_score":2,"precip_mm":15.54,"temp_mean":18.97},"geometry":{"type":"Point","coordinates":[-75.73964,4.701708]}},{"type":"Feature","properties":{"id":"ELNINO_0589","id_maestro":"ACUEDUCTO_0589","codigo":"17260","mun":"VERSALLES","aro":"Norte Cartago","amb":"Rural","tipo":"DISPERSA","prest":"ACUEDUCTO VEREDAL EL VERGEL","loc":"EL VERGEL","pob":72,"susc":18,"q":null,"qesc":null,"dem":0.16,"bal":null,"trat":"Ninguno","tienetrat":"","tfuente":"Superficial","fuente":"EL VERGEL","P_operativa":"SIN CLASIFICAR","P_clima":"P3","precip_idx":53.7,"temp_anom":1.35,"clasif_fuente":"CHIRPS + ERA5-Land · GEE 1–15 ago 2026 vs 1991–2020 · matriz graduada V0.5","precip_sev":0,"temp_sev":1,"clima_score":1,"precip_mm":23.42,"temp_mean":20.17},"geometry":{"type":"Point","coordinates":[-76.27922,4.560103]}},{"type":"Feature","properties":{"id":"ELNINO_0590","id_maestro":"ACUEDUCTO_0590","codigo":"1951","mun":"VERSALLES","aro":"Norte Cartago","amb":"Rural","tipo":"DISPERSA","prest":"ASOCIACIËN DE USUARIOS DEL ACUEDUCTO RURAL DE LA VEREDA COCONUCO RED 1","loc":"COCNUCO RED #1","pob":120,"susc":30,"q":15.0,"qesc":9.0,"dem":0.26,"bal":8.74,"trat":"Ninguno","tienetrat":"","tfuente":"","fuente":"","P_operativa":"SIN CLASIFICAR","P_clima":"P2","precip_idx":40.5,"temp_anom":1.33,"clasif_fuente":"CHIRPS + ERA5-Land · GEE 1–15 ago 2026 vs 1991–2020 · matriz graduada V0.5","precip_sev":1,"temp_sev":1,"clima_score":2,"precip_mm":16.48,"temp_mean":19.06},"geometry":{"type":"Point","coordinates":[-76.13851,4.632014]}},{"type":"Feature","properties":{"id":"ELNINO_0591","id_maestro":"ACUEDUCTO_0591","codigo":"1950","mun":"VERSALLES","aro":"Norte Cartago","amb":"Rural","tipo":"DISPERSA","prest":"ASOCIACIËN DE USUARIOS DEL ACUEDUCTO RURAL DE LA VEREDA COCONUCO RED 2","loc":"COCONUCO RED #2","pob":60,"susc":15,"q":null,"qesc":null,"dem":0.13,"bal":null,"trat":"Solo desinfección","tienetrat":"","tfuente":"","fuente":"","P_operativa":"SIN CLASIFICAR","P_clima":"P2","precip_idx":40.5,"temp_anom":1.33,"clasif_fuente":"CHIRPS + ERA5-Land · GEE 1–15 ago 2026 vs 1991–2020 · matriz graduada V0.5","precip_sev":1,"temp_sev":1,"clima_score":2,"precip_mm":16.48,"temp_mean":19.06},"geometry":{"type":"Point","coordinates":[-76.13982,4.630372]}},{"type":"Feature","properties":{"id":"ELNINO_0592","id_maestro":"ACUEDUCTO_0592","codigo":"1953","mun":"VERSALLES","aro":"Norte Cartago","amb":"Rural","tipo":"CENTRO POBLADO","prest":"ASOCIACION ADMINISTRADORA ACUEDUCTO RURAL COMUNITARIO LA FLORIDA","loc":"LA FLORIDA , MURRAPAL , EL SILENCIO","pob":680,"susc":170,"q":3.0,"qesc":1.8,"dem":1.47,"bal":0.33,"trat":"Ninguno","tienetrat":"","tfuente":"","fuente":"","P_operativa":"SIN CLASIFICAR","P_clima":"P2","precip_idx":40.5,"temp_anom":1.33,"clasif_fuente":"CHIRPS + ERA5-Land · GEE 1–15 ago 2026 vs 1991–2020 · matriz graduada V0.5","precip_sev":1,"temp_sev":1,"clima_score":2,"precip_mm":16.48,"temp_mean":19.06},"geometry":{"type":"Point","coordinates":[-76.13819,4.64915]}},{"type":"Feature","properties":{"id":"ELNINO_0593","id_maestro":"ACUEDUCTO_0593","codigo":"1952","mun":"VERSALLES","aro":"Norte Cartago","amb":"Rural","tipo":"CENTRO POBLADO","prest":"ASOCIACION COMUNITARIA ADMINISTRADORA DEL ACUEDUCTO ACUASALUDO EL BALSAL","loc":"EL BALSAL, EL TABOR, EL ARBOLITO","pob":1216,"susc":304,"q":null,"qesc":null,"dem":2.63,"bal":null,"trat":"Solo desinfección","tienetrat":"","tfuente":"Superficial","fuente":"QUEBRADA GOLONDRINAS - QUEBRADA LA MEJORA","P_operativa":"SIN CLASIFICAR","P_clima":"P3","precip_idx":50.3,"temp_anom":1.29,"clasif_fuente":"CHIRPS + ERA5-Land · GEE 1–15 ago 2026 vs 1991–2020 · matriz graduada V0.5","precip_sev":0,"temp_sev":1,"clima_score":1,"precip_mm":24.51,"temp_mean":19.8},"geometry":{"type":"Point","coordinates":[-76.22976,4.667053]}},{"type":"Feature","properties":{"id":"ELNINO_0594","id_maestro":"ACUEDUCTO_0594","codigo":"1275","mun":"VERSALLES","aro":"Norte Cartago","amb":"Rural","tipo":"DISPERSA","prest":"ASOCIACIÓN COMUNITARIA ADMINISTRADORA DEL ACUEDUCTO DE PUENTE TIERRA ASOCOAPT","loc":"EL BOSQUE, LA GUARIA, LA ARABIA, EL BRILLANTE, EL RUBY Y EL DECRO.","pob":164,"susc":41,"q":3.0,"qesc":1.8,"dem":0.35,"bal":1.45,"trat":"Solo desinfección","tienetrat":"","tfuente":"Superficial","fuente":"LA SECRERTA","P_operativa":"SIN CLASIFICAR","P_clima":"P2","precip_idx":40.8,"temp_anom":1.39,"clasif_fuente":"CHIRPS + ERA5-Land · GEE 1–15 ago 2026 vs 1991–2020 · matriz graduada V0.5","precip_sev":1,"temp_sev":1,"clima_score":2,"precip_mm":18.05,"temp_mean":19.06},"geometry":{"type":"Point","coordinates":[-76.18469,4.619739]}},{"type":"Feature","properties":{"id":"ELNINO_0446","id_maestro":"ACUEDUCTO_0596","codigo":"6266","mun":"VERSALLES","aro":"Norte Cartago","amb":"Rural","tipo":"CENTRO POBLADO","prest":"JUNTA ACCION COMUNAL PUERTO NUEVO","loc":"PUERTO NUEVO","pob":240,"susc":60,"q":1.38,"qesc":0.83,"dem":0.52,"bal":0.31,"trat":"Soluciones_Individuales","tienetrat":1,"tfuente":"Superficial","fuente":"RIO PEÑONES","P_operativa":"SIN CLASIFICAR","P_clima":"P3","precip_idx":53.7,"temp_anom":1.35,"clasif_fuente":"CHIRPS + ERA5-Land · GEE 1–15 ago 2026 vs 1991–2020 · matriz graduada V0.5","precip_sev":0,"temp_sev":1,"clima_score":1,"precip_mm":23.42,"temp_mean":20.17},"geometry":{"type":"Point","coordinates":[-76.2731,4.587764]}},{"type":"Feature","properties":{"id":"ELNINO_0598","id_maestro":"ACUEDUCTO_0598","codigo":"1259","mun":"VERSALLES","aro":"Norte Cartago","amb":"Rural","tipo":"CENTRO POBLADO","prest":"JUNTA ADMINISTRADORA ACUEDUCTO LA PRIMAVERA- CAMPO ALEGRE","loc":"CAMPOALEGRE","pob":120,"susc":30,"q":1.0,"qesc":0.6,"dem":0.26,"bal":0.34,"trat":"Solo desinfección","tienetrat":"","tfuente":"Superficial","fuente":"LA FLORESTA, AGUA SUCIAS","P_operativa":"SIN CLASIFICAR","P_clima":"P2","precip_idx":40.8,"temp_anom":1.39,"clasif_fuente":"CHIRPS + ERA5-Land · GEE 1–15 ago 2026 vs 1991–2020 · matriz graduada V0.5","precip_sev":1,"temp_sev":1,"clima_score":2,"precip_mm":18.05,"temp_mean":19.06},"geometry":{"type":"Point","coordinates":[-76.15319,4.614989]}},{"type":"Feature","properties":{"id":"ELNINO_0599","id_maestro":"ACUEDUCTO_0599","codigo":"1282","mun":"VERSALLES","aro":"Norte Cartago","amb":"Rural","tipo":"DISPERSA","prest":"JUNTA ADMINISTRADORA ACUEDUCTO RURAL VEREDA LA BALSORA","loc":"LA BALSORA ALTA Y BAJA, LA GRECIA, EL DESCANSO, OJEDAS,","pob":172,"susc":43,"q":null,"qesc":null,"dem":0.37,"bal":null,"trat":"Solo desinfección","tienetrat":"","tfuente":"","fuente":"","P_operativa":"SIN CLASIFICAR","P_clima":"P2","precip_idx":43.8,"temp_anom":1.4,"clasif_fuente":"CHIRPS + ERA5-Land · GEE 1–15 ago 2026 vs 1991–2020 · matriz graduada V0.5","precip_sev":1,"temp_sev":1,"clima_score":2,"precip_mm":16.52,"temp_mean":19.52},"geometry":{"type":"Point","coordinates":[-76.18555,4.546233]}},{"type":"Feature","properties":{"id":"ELNINO_0600","id_maestro":"ACUEDUCTO_0600","codigo":"17263","mun":"VERSALLES","aro":"Norte Cartago","amb":"Rural","tipo":"DISPERSA","prest":"JUNTA ADMINISTRADORA RURAL BUENA VISTA","loc":"BUENA VISTA","pob":100,"susc":25,"q":0.25,"qesc":0.15,"dem":0.22,"bal":-0.07,"trat":"Ninguno","tienetrat":"","tfuente":"Subterránea","fuente":"LA CONGOJA","P_operativa":"SIN CLASIFICAR","P_clima":"P3","precip_idx":51.7,"temp_anom":1.35,"clasif_fuente":"CHIRPS + ERA5-Land · GEE 1–15 ago 2026 vs 1991–2020 · matriz graduada V0.5","precip_sev":0,"temp_sev":1,"clima_score":1,"precip_mm":23.56,"temp_mean":19.8},"geometry":{"type":"Point","coordinates":[-76.27513,4.605578]}},{"type":"Feature","properties":{"id":"ELNINO_0601","id_maestro":"ACUEDUCTO_0601","codigo":"1265","mun":"VERSALLES","aro":"Norte Cartago","amb":"Rural","tipo":"DISPERSA","prest":"JUNTA ADMON ACUEDUCTO LA CRISTALINA EL DIAMANTE","loc":"EL DIAMANTE LA CRISTALINA","pob":80,"susc":20,"q":0.26,"qesc":0.16,"dem":0.17,"bal":-0.02,"trat":"Ninguno","tienetrat":"","tfuente":"Superficial","fuente":"QUEBRADA LOS CHORROS","P_operativa":"SIN CLASIFICAR","P_clima":"P2","precip_idx":40.8,"temp_anom":1.39,"clasif_fuente":"CHIRPS + ERA5-Land · GEE 1–15 ago 2026 vs 1991–2020 · matriz graduada V0.5","precip_sev":1,"temp_sev":1,"clima_score":2,"precip_mm":18.05,"temp_mean":19.06},"geometry":{"type":"Point","coordinates":[-76.17027,4.602061]}},{"type":"Feature","properties":{"id":"ELNINO_0602","id_maestro":"ACUEDUCTO_0602","codigo":null,"mun":"VERSALLES","aro":"Norte Cartago","amb":"Rural","tipo":"DISPERSA","prest":"SISTEMA DE ABASTECIMIENTO ACUEDUCTO RURAL GUAMALITO","loc":"GUAMALITO","pob":200,"susc":50,"q":2.0,"qesc":1.2,"dem":0.43,"bal":0.77,"trat":"Ninguno","tienetrat":"","tfuente":"","fuente":"","P_operativa":"SIN CLASIFICAR","P_clima":"P2","precip_idx":47.1,"temp_anom":1.39,"clasif_fuente":"CHIRPS + ERA5-Land · GEE 1–15 ago 2026 vs 1991–2020 · matriz graduada V0.5","precip_sev":1,"temp_sev":1,"clima_score":2,"precip_mm":19.7,"temp_mean":20.17},"geometry":{"type":"Point","coordinates":[-76.2223,4.567878]}},{"type":"Feature","properties":{"id":"ELNINO_0603","id_maestro":"ACUEDUCTO_0603","codigo":"10118","mun":"VIJES","aro":"Sur Cali","amb":"Rural","tipo":"DISPERSA","prest":"ASOCIACIÓN DE USUARIOS DE LA QUEBRADA DE POTRERITO SUR - ADUPSUR","loc":"POTRERITO","pob":288,"susc":72,"q":null,"qesc":null,"dem":0.62,"bal":null,"trat":"FD+Desinfección","tienetrat":1,"tfuente":"Superficial","fuente":"QUEBRADA LA JULIA, QUEBRADA POTRERITO","P_operativa":"SIN CLASIFICAR","P_clima":"P1","precip_idx":24.8,"temp_anom":1.49,"clasif_fuente":"CHIRPS + ERA5-Land · GEE 1–15 ago 2026 vs 1991–2020 · matriz graduada V0.5","precip_sev":2,"temp_sev":1,"clima_score":3,"precip_mm":5.79,"temp_mean":19.29},"geometry":{"type":"Point","coordinates":[-76.47778,3.716389]}},{"type":"Feature","properties":{"id":"ELNINO_0604","id_maestro":"ACUEDUCTO_0604","codigo":"19793","mun":"VIJES","aro":"Sur Cali","amb":"Rural","tipo":"DISPERSA","prest":"ASOCIACION DE USUARIOS DEL ACUEDUCTO RURAL COMUNITARIO DE LA VEREDA CAIMITAL SECTOR ESCUELA","loc":"CAIMITAL","pob":72,"susc":18,"q":7.0,"qesc":4.2,"dem":0.16,"bal":4.04,"trat":"Solo desinfección","tienetrat":"","tfuente":"Superficial","fuente":"QUEBRADA LA VALENCIA","P_operativa":"SIN CLASIFICAR","P_clima":"P1","precip_idx":26.2,"temp_anom":1.49,"clasif_fuente":"CHIRPS + ERA5-Land · GEE 1–15 ago 2026 vs 1991–2020 · matriz graduada V0.5","precip_sev":2,"temp_sev":1,"clima_score":3,"precip_mm":6.81,"temp_mean":19.68},"geometry":{"type":"Point","coordinates":[-76.50692,3.733083]}},{"type":"Feature","properties":{"id":"ELNINO_0605","id_maestro":"ACUEDUCTO_0605","codigo":"1382","mun":"VIJES","aro":"Sur Cali","amb":"Rural","tipo":"DISPERSA","prest":"ASOCIACIÓN DE USUARIOS DEL ACUEDUCTO RURAL COMUNITARIO DE LA VEREDA CAIMITAL, MUNICIPIO DE VIJES","loc":"CAIMITAL","pob":408,"susc":102,"q":2.0,"qesc":1.2,"dem":0.88,"bal":0.32,"trat":"Solo desinfección","tienetrat":"","tfuente":"Superficial","fuente":"QUEBRADA LAS MARIAS, QUEBRADA LAS NIEVES","P_operativa":"SIN CLASIFICAR","P_clima":"P1","precip_idx":26.2,"temp_anom":1.49,"clasif_fuente":"CHIRPS + ERA5-Land · GEE 1–15 ago 2026 vs 1991–2020 · matriz graduada V0.5","precip_sev":2,"temp_sev":1,"clima_score":3,"precip_mm":6.81,"temp_mean":19.68},"geometry":{"type":"Point","coordinates":[-76.50692,3.733083]}},{"type":"Feature","properties":{"id":"ELNINO_0606","id_maestro":"ACUEDUCTO_0606","codigo":"1493","mun":"VIJES","aro":"Sur Cali","amb":"Rural","tipo":"DISPERSA","prest":"ASOCIACION DE USUARIOS DEL ACUEDUCTO RURAL COMUNITARIO DE LA VEREDA CIENEGUITAS","loc":"VEREDA CIENEGUITAS","pob":320,"susc":80,"q":0.5,"qesc":0.3,"dem":0.69,"bal":-0.39,"trat":"Ninguno","tienetrat":"","tfuente":"Superficial","fuente":"QUEBRADA LA SONORA","P_operativa":"SIN CLASIFICAR","P_clima":"P1","precip_idx":25.5,"temp_anom":1.07,"clasif_fuente":"CHIRPS + ERA5-Land · GEE 1–15 ago 2026 vs 1991–2020 · matriz graduada V0.5","precip_sev":2,"temp_sev":1,"clima_score":3,"precip_mm":6.28,"temp_mean":19.29},"geometry":{"type":"Point","coordinates":[-76.41656,3.757361]}},{"type":"Feature","properties":{"id":"ELNINO_0607","id_maestro":"ACUEDUCTO_0607","codigo":"141","mun":"VIJES","aro":"Sur Cali","amb":"Rural","tipo":"DISPERSA","prest":"ASOCIACION DE USUARIOS DEL ACUEDUCTO RURAL COMUNITARIO DEL CORREGIMIENTO CARBONERO, VIJES.","loc":"CARBONERO,LA PEDRERA","pob":476,"susc":119,"q":1.0,"qesc":0.6,"dem":1.03,"bal":-0.43,"trat":"Solo desinfección","tienetrat":"","tfuente":"Superficial","fuente":"QUEBRADA CARBONERO","P_operativa":"SIN CLASIFICAR","P_clima":"P1","precip_idx":24.8,"temp_anom":1.49,"clasif_fuente":"CHIRPS + ERA5-Land · GEE 1–15 ago 2026 vs 1991–2020 · matriz graduada V0.5","precip_sev":2,"temp_sev":1,"clima_score":3,"precip_mm":5.79,"temp_mean":19.29},"geometry":{"type":"Point","coordinates":[-76.45683,3.737139]}},{"type":"Feature","properties":{"id":"ELNINO_0608","id_maestro":"ACUEDUCTO_0608","codigo":"1384","mun":"VIJES","aro":"Sur Cali","amb":"Rural","tipo":"CENTRO POBLADO","prest":"ASOCIACIÓN DE USUARIOS DEL ACUEDUCTO RURAL COMUNITARIO DEL CORREGIMIENTO LA RIVERA.","loc":"LA RIVERA","pob":480,"susc":120,"q":3.0,"qesc":1.8,"dem":1.04,"bal":0.76,"trat":"FD+Desinfección","tienetrat":1,"tfuente":"Superficial","fuente":"QUEBRADA EL QUEREMAL","P_operativa":"SIN CLASIFICAR","P_clima":"P1","precip_idx":24.8,"temp_anom":1.49,"clasif_fuente":"CHIRPS + ERA5-Land · GEE 1–15 ago 2026 vs 1991–2020 · matriz graduada V0.5","precip_sev":2,"temp_sev":1,"clima_score":3,"precip_mm":5.79,"temp_mean":19.29},"geometry":{"type":"Point","coordinates":[-76.48431,3.747167]}},{"type":"Feature","properties":{"id":"ELNINO_0609","id_maestro":"ACUEDUCTO_0609","codigo":"143","mun":"VIJES","aro":"Sur Cali","amb":"Rural","tipo":"DISPERSA","prest":"ASOCIACIÓN DE USUARIOS DEL ACUEDUCTO RURAL COMUNITARIO MONTERREY ALTOS DE LA FRESNEDA JACA # 13","loc":"LA FRESNEDA","pob":84,"susc":21,"q":1.0,"qesc":0.6,"dem":0.18,"bal":0.42,"trat":"Ninguno","tienetrat":"","tfuente":"Subterránea","fuente":"NACIMIENTO MONTERREY","P_operativa":"SIN CLASIFICAR","P_clima":"P1","precip_idx":25.1,"temp_anom":1.23,"clasif_fuente":"CHIRPS + ERA5-Land · GEE 1–15 ago 2026 vs 1991–2020 · matriz graduada V0.5","precip_sev":2,"temp_sev":1,"clima_score":3,"precip_mm":6.65,"temp_mean":19.29},"geometry":{"type":"Point","coordinates":[-76.45861,3.753889]}},{"type":"Feature","properties":{"id":"ELNINO_0610","id_maestro":"ACUEDUCTO_0610","codigo":"2848","mun":"VIJES","aro":"Sur Cali","amb":"Rural","tipo":"DISPERSA","prest":"ASOCIACION JUNTA ADMINISTRADORA DE ACUEDUCTO COMUNITARIO NUESTRA FUENTE - ASOJACONUF","loc":"VILLA MARIA","pob":200,"susc":50,"q":1.0,"qesc":0.6,"dem":0.43,"bal":0.17,"trat":"FD+Desinfección","tienetrat":1,"tfuente":"Superficial","fuente":"QUEBRADA VILLA MARIA","P_operativa":"SIN CLASIFICAR","P_clima":"P1","precip_idx":24.8,"temp_anom":1.49,"clasif_fuente":"CHIRPS + ERA5-Land · GEE 1–15 ago 2026 vs 1991–2020 · matriz graduada V0.5","precip_sev":2,"temp_sev":1,"clima_score":3,"precip_mm":5.79,"temp_mean":19.29},"geometry":{"type":"Point","coordinates":[-76.47747,3.716583]}},{"type":"Feature","properties":{"id":"ELNINO_0611","id_maestro":"ACUEDUCTO_0611","codigo":"21770","mun":"VIJES","aro":"Sur Cali","amb":"Rural","tipo":"CENTRO POBLADO","prest":"JUNTA ADMINISTRADORA ACUEDUCTO COMUNITARIO VEREDA VIDAL ESP","loc":"VIDAL","pob":280,"susc":70,"q":null,"qesc":null,"dem":0.61,"bal":null,"trat":"Soluciones_Individuales","tienetrat":"","tfuente":"Subterránea","fuente":"POZO PROFUNDO # 1, ALJIBE","P_operativa":"SIN CLASIFICAR","P_clima":"P1","precip_idx":25.3,"temp_anom":1.85,"clasif_fuente":"CHIRPS + ERA5-Land · GEE 1–15 ago 2026 vs 1991–2020 · matriz graduada V0.5","precip_sev":2,"temp_sev":2,"clima_score":4,"precip_mm":4.82,"temp_mean":19.29},"geometry":{"type":"Point","coordinates":[-76.4095,3.729525]}},{"type":"Feature","properties":{"id":"ELNINO_0612","id_maestro":"ACUEDUCTO_0612","codigo":"142","mun":"VIJES","aro":"Sur Cali","amb":"Rural","tipo":"DISPERSA","prest":"JUNTA ADMINISTRADORA COMUNITARIA ACUEDUCTO ALTO FRESNEDA JACA # 2","loc":"LA FRESNEDA","pob":68,"susc":17,"q":1.0,"qesc":0.6,"dem":0.15,"bal":0.45,"trat":"Solo desinfección","tienetrat":"","tfuente":"Superficial","fuente":"QUEBRADA CARBONERO","P_operativa":"SIN CLASIFICAR","P_clima":"P1","precip_idx":25.1,"temp_anom":1.23,"clasif_fuente":"CHIRPS + ERA5-Land · GEE 1–15 ago 2026 vs 1991–2020 · matriz graduada V0.5","precip_sev":2,"temp_sev":1,"clima_score":3,"precip_mm":6.65,"temp_mean":19.29},"geometry":{"type":"Point","coordinates":[-76.46356,3.751778]}},{"type":"Feature","properties":{"id":"ELNINO_0613","id_maestro":"ACUEDUCTO_0613","codigo":"2894","mun":"VIJES","aro":"Sur Cali","amb":"Rural","tipo":"DISPERSA","prest":"JUNTA ADMINISTRADORA COMUNITARIA ACUEDUCTO LA FRESNEDA TRESQUEBRADAS","loc":"LA FRESNEDA ALTO DE LOS CHIVOS","pob":72,"susc":18,"q":1.0,"qesc":0.6,"dem":0.16,"bal":0.44,"trat":"Ninguno","tienetrat":"","tfuente":"Superficial","fuente":"QUEBRADA TRES QUEBRADAS","P_operativa":"SIN CLASIFICAR","P_clima":"P1","precip_idx":25.1,"temp_anom":1.23,"clasif_fuente":"CHIRPS + ERA5-Land · GEE 1–15 ago 2026 vs 1991–2020 · matriz graduada V0.5","precip_sev":2,"temp_sev":1,"clima_score":3,"precip_mm":6.65,"temp_mean":19.29},"geometry":{"type":"Point","coordinates":[-76.47428,3.764083]}},{"type":"Feature","properties":{"id":"ELNINO_0614","id_maestro":"ACUEDUCTO_0614","codigo":"9172","mun":"VIJES","aro":"Sur Cali","amb":"Rural","tipo":"DISPERSA","prest":"JUNTA ADMINISTRADORA COMUNITARIA ACUEDUCTO OCACHE ALTO - NUEVO HORIZONTE - JACA N° 7","loc":"OCACHE","pob":200,"susc":50,"q":1.0,"qesc":0.6,"dem":0.43,"bal":0.17,"trat":"Soluciones_Individuales","tienetrat":"","tfuente":"Superficial","fuente":"QUEBRADA SUPERFICIAL LA ESPERANZA","P_operativa":"SIN CLASIFICAR","P_clima":"P1","precip_idx":28.1,"temp_anom":1.49,"clasif_fuente":"CHIRPS + ERA5-Land · GEE 1–15 ago 2026 vs 1991–2020 · matriz graduada V0.5","precip_sev":2,"temp_sev":1,"clima_score":3,"precip_mm":6.39,"temp_mean":20.95},"geometry":{"type":"Point","coordinates":[-76.50686,3.699083]}},{"type":"Feature","properties":{"id":"ELNINO_0615","id_maestro":"ACUEDUCTO_0615","codigo":"140","mun":"VIJES","aro":"Sur Cali","amb":"Rural","tipo":"DISPERSA","prest":"JUNTA ADMINISTRADORA COMUNITARIA ACUEDUCTO VEREDA SANTA ANA - JACA N° 4","loc":"SANTA ANA","pob":148,"susc":37,"q":null,"qesc":null,"dem":0.32,"bal":null,"trat":"Solo desinfección","tienetrat":"","tfuente":"Superficial","fuente":"Y CARBONERO., QUEBRADAS SANTA ANA","P_operativa":"SIN CLASIFICAR","P_clima":"P1","precip_idx":25.3,"temp_anom":1.85,"clasif_fuente":"CHIRPS + ERA5-Land · GEE 1–15 ago 2026 vs 1991–2020 · matriz graduada V0.5","precip_sev":2,"temp_sev":2,"clima_score":4,"precip_mm":4.82,"temp_mean":19.29},"geometry":{"type":"Point","coordinates":[-76.44778,3.734528]}},{"type":"Feature","properties":{"id":"ELNINO_0616","id_maestro":"ACUEDUCTO_0616","codigo":"144","mun":"VIJES","aro":"Sur Cali","amb":"Rural","tipo":"CENTRO POBLADO","prest":"JUNTA ADMINISTRADORA COMUNITARIA DEL ACUEDUCTO # 12 LA FRESNEDA-VIJES-LA JACA N° 12","loc":"LA FRESNEDA","pob":304,"susc":76,"q":2.0,"qesc":1.2,"dem":0.66,"bal":0.54,"trat":"Filtración Compacta","tienetrat":1,"tfuente":"Superficial","fuente":"QUEBRADA LA AURORA, QUEBRADA MONTERREY","P_operativa":"SIN CLASIFICAR","P_clima":"P1","precip_idx":25.1,"temp_anom":1.23,"clasif_fuente":"CHIRPS + ERA5-Land · GEE 1–15 ago 2026 vs 1991–2020 · matriz graduada V0.5","precip_sev":2,"temp_sev":1,"clima_score":3,"precip_mm":6.65,"temp_mean":19.29},"geometry":{"type":"Point","coordinates":[-76.4735,3.760083]}},{"type":"Feature","properties":{"id":"ELNINO_0617","id_maestro":"ACUEDUCTO_0617","codigo":"355","mun":"VIJES","aro":"Sur Cali","amb":"Rural","tipo":"CENTRO POBLADO","prest":"JUNTA ADMINISTRADORA COMUNITARIA DEL ACUEDUCTO #15 DEL CORREGIMIENTO EL TAMBOR-VIJES - LA JACA # 15","loc":"EL TAMBOR","pob":248,"susc":62,"q":1.6,"qesc":0.96,"dem":0.54,"bal":0.42,"trat":"Solo desinfección","tienetrat":"","tfuente":"Superficial","fuente":"QUEBRADAS LOS ALPES, LA SONORA., CIENAGUITAS","P_operativa":"SIN CLASIFICAR","P_clima":"P1","precip_idx":25.1,"temp_anom":1.23,"clasif_fuente":"CHIRPS + ERA5-Land · GEE 1–15 ago 2026 vs 1991–2020 · matriz graduada V0.5","precip_sev":2,"temp_sev":1,"clima_score":3,"precip_mm":6.65,"temp_mean":19.29},"geometry":{"type":"Point","coordinates":[-76.48492,3.761972]}},{"type":"Feature","properties":{"id":"ELNINO_0618","id_maestro":"ACUEDUCTO_0618","codigo":"1482","mun":"VIJES","aro":"Sur Cali","amb":"Rural","tipo":"CENTRO POBLADO","prest":"JUNTA ADMINISTRADORA COMUNITARIA DEL ACUEDUCTO #16 EL PORVENIR MUNICIPIO DE VIJES- LA JACA # 16","loc":"EL PORVENIR,EL TRILLO,SAN ANTONIO,BRISAS,LA MERCED/LA COLONIA(RESTREPO),LA SOLEDAD(RESTREPO)","pob":520,"susc":130,"q":3.0,"qesc":1.8,"dem":1.12,"bal":0.68,"trat":"Ninguno","tienetrat":"","tfuente":"Superficial","fuente":"QUEBRADA ALTO CALABAZA","P_operativa":"SIN CLASIFICAR","P_clima":"P1","precip_idx":25.8,"temp_anom":1.23,"clasif_fuente":"CHIRPS + ERA5-Land · GEE 1–15 ago 2026 vs 1991–2020 · matriz graduada V0.5","precip_sev":2,"temp_sev":1,"clima_score":3,"precip_mm":7.0,"temp_mean":18.11},"geometry":{"type":"Point","coordinates":[-76.47208,3.807917]}},{"type":"Feature","properties":{"id":"ELNINO_0619","id_maestro":"ACUEDUCTO_0619","codigo":"1052","mun":"VIJES","aro":"Sur Cali","amb":"Rural","tipo":"CENTRO POBLADO","prest":"JUNTA ADMINISTRADORA COMUNITARIA DEL ACUEDUCTO CACHIMBAL - LA ESTRELLA. JACA Nº 9","loc":"CACHIMBAL PARTE ALTA","pob":324,"susc":81,"q":3.3,"qesc":1.98,"dem":0.7,"bal":1.28,"trat":"Solo desinfección","tienetrat":"","tfuente":"Superficial","fuente":"QUEBRADA LA ESTRELLA","P_operativa":"SIN CLASIFICAR","P_clima":"P1","precip_idx":25.1,"temp_anom":1.23,"clasif_fuente":"CHIRPS + ERA5-Land · GEE 1–15 ago 2026 vs 1991–2020 · matriz graduada V0.5","precip_sev":2,"temp_sev":1,"clima_score":3,"precip_mm":6.65,"temp_mean":19.29},"geometry":{"type":"Point","coordinates":[-76.47744,3.785722]}},{"type":"Feature","properties":{"id":"ELNINO_0620","id_maestro":"ACUEDUCTO_0620","codigo":"2885","mun":"VIJES","aro":"Sur Cali","amb":"Rural","tipo":"CENTRO POBLADO","prest":"JUNTA ADMINISTRADORA COMUNITARIA DEL ACUEDUCTO CORREGIMIENTO CACHIMBAL - JACA Nº 10","loc":"CACHIMBAL PARTE BAJA","pob":204,"susc":51,"q":1.5,"qesc":0.9,"dem":0.44,"bal":0.46,"trat":"Solo desinfección","tienetrat":"","tfuente":"Superficial","fuente":"QUEBRADA LA SECRETA","P_operativa":"SIN CLASIFICAR","P_clima":"P1","precip_idx":25.1,"temp_anom":1.23,"clasif_fuente":"CHIRPS + ERA5-Land · GEE 1–15 ago 2026 vs 1991–2020 · matriz graduada V0.5","precip_sev":2,"temp_sev":1,"clima_score":3,"precip_mm":6.65,"temp_mean":19.29},"geometry":{"type":"Point","coordinates":[-76.46828,3.780472]}},{"type":"Feature","properties":{"id":"ELNINO_0621","id_maestro":"ACUEDUCTO_0621","codigo":"1385","mun":"VIJES","aro":"Sur Cali","amb":"Rural","tipo":"CENTRO POBLADO","prest":"JUNTA ADMINISTRADORA COMUNITARIA DEL ACUEDUCTO LA JACA # 11 EL TAMBOR - JACA #11","loc":"EL TAMBOR","pob":600,"susc":150,"q":1.0,"qesc":0.6,"dem":1.3,"bal":-0.7,"trat":"FD+Desinfección","tienetrat":1,"tfuente":"Superficial","fuente":"QUEBRADAS LA PUBENZA, TRESQUEBRADAS.","P_operativa":"SIN CLASIFICAR","P_clima":"P1","precip_idx":25.1,"temp_anom":1.23,"clasif_fuente":"CHIRPS + ERA5-Land · GEE 1–15 ago 2026 vs 1991–2020 · matriz graduada V0.5","precip_sev":2,"temp_sev":1,"clima_score":3,"precip_mm":6.65,"temp_mean":19.29},"geometry":{"type":"Point","coordinates":[-76.49042,3.763639]}},{"type":"Feature","properties":{"id":"ELNINO_0622","id_maestro":"ACUEDUCTO_0622","codigo":"8947","mun":"VIJES","aro":"Sur Cali","amb":"Rural","tipo":"DISPERSA","prest":"JUNTA ADMINISTRADORA COMUNITARIA DEL ACUEDUCTO MOZAMBIQUE- J.A.C.A. N° 1","loc":"MOZAMBIQUE","pob":252,"susc":63,"q":3.5,"qesc":2.1,"dem":0.54,"bal":1.56,"trat":"Soluciones_Individuales","tienetrat":"","tfuente":"Superficial","fuente":"QUEBRADA CAIMITAL","P_operativa":"SIN CLASIFICAR","P_clima":"P1","precip_idx":25.7,"temp_anom":1.23,"clasif_fuente":"CHIRPS + ERA5-Land · GEE 1–15 ago 2026 vs 1991–2020 · matriz graduada V0.5","precip_sev":2,"temp_sev":1,"clima_score":3,"precip_mm":7.59,"temp_mean":19.68},"geometry":{"type":"Point","coordinates":[-76.52983,3.750417]}},{"type":"Feature","properties":{"id":"ELNINO_0623","id_maestro":"ACUEDUCTO_0623","codigo":"357","mun":"VIJES","aro":"Sur Cali","amb":"Rural","tipo":"DISPERSA","prest":"JUNTA ADMINISTRADORA COMUNITARIA DEL ACUEDUCTO Nº6 VEREDA ROMERITO - LA JACA Nº6","loc":"ROMERITO","pob":176,"susc":44,"q":null,"qesc":null,"dem":0.38,"bal":null,"trat":"Ninguno","tienetrat":"","tfuente":"Superficial","fuente":"QUEBRADA LA URSULA","P_operativa":"SIN CLASIFICAR","P_clima":"P1","precip_idx":26.2,"temp_anom":1.49,"clasif_fuente":"CHIRPS + ERA5-Land · GEE 1–15 ago 2026 vs 1991–2020 · matriz graduada V0.5","precip_sev":2,"temp_sev":1,"clima_score":3,"precip_mm":6.81,"temp_mean":19.68},"geometry":{"type":"Point","coordinates":[-76.51847,3.718556]}},{"type":"Feature","properties":{"id":"ELNINO_0624","id_maestro":"ACUEDUCTO_0624","codigo":"10115","mun":"VIJES","aro":"Sur Cali","amb":"Rural","tipo":"DISPERSA","prest":"JUNTA ADMINISTRADORA COMUNITARIA JACA # 5 LOMALINDA VILLAMARÍA-VIJES","loc":"LOMALINDA","pob":200,"susc":50,"q":1.0,"qesc":0.6,"dem":0.43,"bal":0.17,"trat":"Ninguno","tienetrat":"","tfuente":"Superficial","fuente":"QUEBRADA LA SELVA","P_operativa":"SIN CLASIFICAR","P_clima":"P1","precip_idx":24.8,"temp_anom":1.49,"clasif_fuente":"CHIRPS + ERA5-Land · GEE 1–15 ago 2026 vs 1991–2020 · matriz graduada V0.5","precip_sev":2,"temp_sev":1,"clima_score":3,"precip_mm":5.79,"temp_mean":19.29},"geometry":{"type":"Point","coordinates":[-76.47297,3.716472]}},{"type":"Feature","properties":{"id":"ELNINO_0625","id_maestro":"ACUEDUCTO_0625","codigo":"354","mun":"VIJES","aro":"Sur Cali","amb":"Rural","tipo":"DISPERSA","prest":"JUNTA ADMINISTRADORA DEL ACUEDUCTO DEL CORREGIMIENTO DE OCACHE PARTE BAJA - J.A.A.C.O.B.","loc":"OCACHE PARTE BAJA","pob":220,"susc":55,"q":0.9,"qesc":0.54,"dem":0.48,"bal":0.06,"trat":"Soluciones_Individuales","tienetrat":"","tfuente":"Superficial","fuente":"QUEBRADA SAN ANDRES","P_operativa":"SIN CLASIFICAR","P_clima":"P1","precip_idx":26.2,"temp_anom":1.49,"clasif_fuente":"CHIRPS + ERA5-Land · GEE 1–15 ago 2026 vs 1991–2020 · matriz graduada V0.5","precip_sev":2,"temp_sev":1,"clima_score":3,"precip_mm":6.81,"temp_mean":19.68},"geometry":{"type":"Point","coordinates":[-76.50926,3.712611]}},{"type":"Feature","properties":{"id":"ELNINO_0626","id_maestro":"ACUEDUCTO_0626","codigo":"42","mun":"VIJES","aro":"Sur Cali","amb":"Urbano","tipo":"CABECERA MUNICIPAL","prest":"SOCIEDAD DE ACUEDUCTOS Y ALCANTARILLADOS DEL VALLE DEL CAUCA S.A. E.S.P. ACUAVALLE S.A. E.S.P. - VIJES","loc":"URBANO","pob":12264,"susc":3066,"q":30.0,"qesc":18.0,"dem":26.5,"bal":-8.5,"trat":"Convencional","tienetrat":1,"tfuente":"Superficial","fuente":"CARBONERO, QUEBRADA POTRERITO","P_operativa":"SIN CLASIFICAR","P_clima":"P1","precip_idx":25.3,"temp_anom":1.85,"clasif_fuente":"CHIRPS + ERA5-Land · GEE 1–15 ago 2026 vs 1991–2020 · matriz graduada V0.5","precip_sev":2,"temp_sev":2,"clima_score":4,"precip_mm":4.82,"temp_mean":19.29},"geometry":{"type":"Point","coordinates":[-76.44264,3.700306]}},{"type":"Feature","properties":{"id":"ELNINO_0627","id_maestro":"ACUEDUCTO_0627","codigo":"6890","mun":"YOTOCO","aro":"Centro Tuluá","amb":"Rural","tipo":"DISPERSA","prest":"ACUACORDOBITAS","loc":"CORDOBITAS","pob":128,"susc":32,"q":1.0,"qesc":0.6,"dem":0.28,"bal":0.32,"trat":"Solo desinfección","tienetrat":"","tfuente":"Superficial","fuente":"QUEBRADA EL RECUERDO","P_operativa":"SIN CLASIFICAR","P_clima":"P1","precip_idx":27.1,"temp_anom":1.13,"clasif_fuente":"CHIRPS + ERA5-Land · GEE 1–15 ago 2026 vs 1991–2020 · matriz graduada V0.5","precip_sev":2,"temp_sev":1,"clima_score":3,"precip_mm":9.75,"temp_mean":18.11},"geometry":{"type":"Point","coordinates":[-76.45835,3.851931]}},{"type":"Feature","properties":{"id":"ELNINO_0628","id_maestro":"ACUEDUCTO_0628","codigo":"7358","mun":"YOTOCO","aro":"Centro Tuluá","amb":"Rural","tipo":"CENTRO POBLADO","prest":"ACUEDUCTO AGUAS MIRACAMPO","loc":"CAMPOALEGRE","pob":72,"susc":18,"q":null,"qesc":null,"dem":0.16,"bal":null,"trat":"Ninguno","tienetrat":"","tfuente":"Subterránea","fuente":"NACIMIENTO MIRACAMPO","P_operativa":"SIN CLASIFICAR","P_clima":"P1","precip_idx":25.1,"temp_anom":1.07,"clasif_fuente":"CHIRPS + ERA5-Land · GEE 1–15 ago 2026 vs 1991–2020 · matriz graduada V0.5","precip_sev":2,"temp_sev":1,"clima_score":3,"precip_mm":6.71,"temp_mean":18.11},"geometry":{"type":"Point","coordinates":[-76.43766,3.836889]}},{"type":"Feature","properties":{"id":"ELNINO_0629","id_maestro":"ACUEDUCTO_0629","codigo":"495","mun":"YOTOCO","aro":"Centro Tuluá","amb":"Rural","tipo":"CENTRO POBLADO","prest":"ACUEDUCTO ANTIGUO DE JIGUALES","loc":"JIGUALES","pob":280,"susc":70,"q":1.0,"qesc":0.6,"dem":0.61,"bal":-0.01,"trat":"Solo desinfección","tienetrat":"","tfuente":"Superficial","fuente":"PARAMILLO","P_operativa":"SIN CLASIFICAR","P_clima":"P3","precip_idx":32.6,"temp_anom":0.59,"clasif_fuente":"CHIRPS + ERA5-Land · GEE 1–15 ago 2026 vs 1991–2020 · matriz graduada V0.5","precip_sev":1,"temp_sev":0,"clima_score":1,"precip_mm":12.74,"temp_mean":16.07},"geometry":{"type":"Point","coordinates":[-76.44043,3.909211]}},{"type":"Feature","properties":{"id":"ELNINO_0630","id_maestro":"ACUEDUCTO_0630","codigo":"5011","mun":"YOTOCO","aro":"Centro Tuluá","amb":"Rural","tipo":"DISPERSA","prest":"ACUEDUCTO COMUNITARIO BELLA FUENTE","loc":"LA COLONIA , LAS DELICIAS , SAN JUAN","pob":124,"susc":31,"q":2.5,"qesc":1.5,"dem":0.27,"bal":1.23,"trat":"Ninguno","tienetrat":"","tfuente":"Superficial","fuente":"BELLA FUENTE","P_operativa":"SIN CLASIFICAR","P_clima":"P2","precip_idx":27.7,"temp_anom":0.57,"clasif_fuente":"CHIRPS + ERA5-Land · GEE 1–15 ago 2026 vs 1991–2020 · matriz graduada V0.5","precip_sev":2,"temp_sev":0,"clima_score":2,"precip_mm":11.39,"temp_mean":16.07},"geometry":{"type":"Point","coordinates":[-76.41194,3.958056]}},{"type":"Feature","properties":{"id":"ELNINO_0631","id_maestro":"ACUEDUCTO_0631","codigo":"3258","mun":"YOTOCO","aro":"Centro Tuluá","amb":"Rural","tipo":"DISPERSA","prest":"ACUEDUCTO LA PALOMA - EL CRUCERO","loc":"EL CRUZERO","pob":112,"susc":28,"q":1.0,"qesc":0.6,"dem":0.24,"bal":0.36,"trat":"Ninguno","tienetrat":"","tfuente":"Superficial","fuente":"LA PALOMA","P_operativa":"SIN CLASIFICAR","P_clima":"P2","precip_idx":32.2,"temp_anom":1.47,"clasif_fuente":"CHIRPS + ERA5-Land · GEE 1–15 ago 2026 vs 1991–2020 · matriz graduada V0.5","precip_sev":1,"temp_sev":1,"clima_score":2,"precip_mm":6.18,"temp_mean":20.95},"geometry":{"type":"Point","coordinates":[-76.50335,3.608778]}},{"type":"Feature","properties":{"id":"ELNINO_0632","id_maestro":"ACUEDUCTO_0632","codigo":"3273","mun":"YOTOCO","aro":"Centro Tuluá","amb":"Rural","tipo":"DISPERSA","prest":"ACUEDUCTO RURAL ALBANIA-SAN JUAN \"ARLAS\"","loc":"ALBANIA,SAN JUA","pob":480,"susc":120,"q":null,"qesc":null,"dem":1.04,"bal":null,"trat":"Solo desinfección","tienetrat":"","tfuente":"","fuente":"","P_operativa":"SIN CLASIFICAR","P_clima":"P2","precip_idx":26.4,"temp_anom":0.57,"clasif_fuente":"CHIRPS + ERA5-Land · GEE 1–15 ago 2026 vs 1991–2020 · matriz graduada V0.5","precip_sev":2,"temp_sev":0,"clima_score":2,"precip_mm":9.09,"temp_mean":18.43},"geometry":{"type":"Point","coordinates":[-76.4,3.980833]}},{"type":"Feature","properties":{"id":"ELNINO_0633","id_maestro":"ACUEDUCTO_0633","codigo":"501","mun":"YOTOCO","aro":"Centro Tuluá","amb":"Rural","tipo":"DISPERSA","prest":"ACUEDUCTO RURAL LA COLONIA \"GOTAS DE VIDA\"","loc":"LA COLONIA","pob":112,"susc":28,"q":2.0,"qesc":1.2,"dem":0.24,"bal":0.96,"trat":"Solo desinfección","tienetrat":"","tfuente":"Subterránea","fuente":"NACIMIENTO GOTAS DE VIDA","P_operativa":"SIN CLASIFICAR","P_clima":"P3","precip_idx":30.0,"temp_anom":0.59,"clasif_fuente":"CHIRPS + ERA5-Land · GEE 1–15 ago 2026 vs 1991–2020 · matriz graduada V0.5","precip_sev":1,"temp_sev":0,"clima_score":1,"precip_mm":10.4,"temp_mean":18.11},"geometry":{"type":"Point","coordinates":[-76.41722,3.886111]}},{"type":"Feature","properties":{"id":"ELNINO_0634","id_maestro":"ACUEDUCTO_0634","codigo":"500","mun":"YOTOCO","aro":"Centro Tuluá","amb":"Rural","tipo":"CENTRO POBLADO","prest":"ASOCIACION ACUAVITAL ESP CANEY","loc":"EL CANEY","pob":200,"susc":50,"q":2.0,"qesc":1.2,"dem":0.43,"bal":0.77,"trat":"Ninguno","tienetrat":"","tfuente":"Superficial","fuente":"LA CECILIA","P_operativa":"SIN CLASIFICAR","P_clima":"P3","precip_idx":32.6,"temp_anom":0.59,"clasif_fuente":"CHIRPS + ERA5-Land · GEE 1–15 ago 2026 vs 1991–2020 · matriz graduada V0.5","precip_sev":1,"temp_sev":0,"clima_score":1,"precip_mm":12.74,"temp_mean":16.07},"geometry":{"type":"Point","coordinates":[-76.43167,3.932222]}},{"type":"Feature","properties":{"id":"ELNINO_0635","id_maestro":"ACUEDUCTO_0635","codigo":"7402","mun":"YOTOCO","aro":"Centro Tuluá","amb":"Rural","tipo":"DISPERSA","prest":"ASOCIACION ADMINISTRADORA ACUEDUCTO EL DORADO","loc":"EL DORADO","pob":100,"susc":25,"q":null,"qesc":null,"dem":0.22,"bal":null,"trat":"Ninguno","tienetrat":"","tfuente":"Superficial","fuente":"QUEBRADA EL SOBACO, LAS  MINAS, CALABAZAS, QUEBRADA CALABAZAS","P_operativa":"SIN CLASIFICAR","P_clima":"P1","precip_idx":25.1,"temp_anom":1.07,"clasif_fuente":"CHIRPS + ERA5-Land · GEE 1–15 ago 2026 vs 1991–2020 · matriz graduada V0.5","precip_sev":2,"temp_sev":1,"clima_score":3,"precip_mm":6.71,"temp_mean":18.11},"geometry":{"type":"Point","coordinates":[-76.42483,3.840389]}},{"type":"Feature","properties":{"id":"ELNINO_0221","id_maestro":"ACUEDUCTO_0636","codigo":"7799","mun":"YOTOCO","aro":"Centro Tuluá","amb":"Rural","tipo":"DISPERSA","prest":"ASOCIACION ADMINISTRADORA DE ACUEDUCTOS CORREGIMIENTO EL DORADO","loc":"LA FLORESTA","pob":44,"susc":11,"q":1.5,"qesc":0.9,"dem":0.1,"bal":0.8,"trat":"Soluciones_Individuales","tienetrat":1,"tfuente":"Subterránea","fuente":"EL DIVISO","P_operativa":"SIN CLASIFICAR","P_clima":"P3","precip_idx":30.0,"temp_anom":0.59,"clasif_fuente":"CHIRPS + ERA5-Land · GEE 1–15 ago 2026 vs 1991–2020 · matriz graduada V0.5","precip_sev":1,"temp_sev":0,"clima_score":1,"precip_mm":10.4,"temp_mean":18.11},"geometry":{"type":"Point","coordinates":[-76.44177,3.858531]}},{"type":"Feature","properties":{"id":"ELNINO_0637","id_maestro":"ACUEDUCTO_0637","codigo":"312","mun":"YOTOCO","aro":"Centro Tuluá","amb":"Rural","tipo":"DISPERSA","prest":"ASOCIACION ADMINSITRADORA DEL ACUEDUCTO LA FONTANA-ACOFOMI","loc":"LA FONTANA","pob":64,"susc":16,"q":2.0,"qesc":1.2,"dem":0.14,"bal":1.06,"trat":"Solo desinfección","tienetrat":"","tfuente":"Superficial-Subterránea","fuente":"NACIMIENTO LA CORTINA, QUEBRADA LA FONTANA","P_operativa":"SIN CLASIFICAR","P_clima":"P3","precip_idx":30.0,"temp_anom":0.59,"clasif_fuente":"CHIRPS + ERA5-Land · GEE 1–15 ago 2026 vs 1991–2020 · matriz graduada V0.5","precip_sev":1,"temp_sev":0,"clima_score":1,"precip_mm":10.4,"temp_mean":18.11},"geometry":{"type":"Point","coordinates":[-76.43493,3.887303]}},{"type":"Feature","properties":{"id":"ELNINO_0638","id_maestro":"ACUEDUCTO_0638","codigo":"3554","mun":"YOTOCO","aro":"Centro Tuluá","amb":"Rural","tipo":"CENTRO POBLADO","prest":"ASOCIACION COMUNITARIA ADMINISTRADORA ACUEDUCTO PUENTETIERRA LA VIRGINIA","loc":"PUENTETIERRA","pob":128,"susc":32,"q":21.0,"qesc":12.6,"dem":0.28,"bal":12.32,"trat":"Solo desinfección","tienetrat":"","tfuente":"Superficial","fuente":"VALSOS 1, CHORRERAS, LA CONCHA, VIILA MARIA, VALSOS 2","P_operativa":"SIN CLASIFICAR","P_clima":"P1","precip_idx":24.6,"temp_anom":1.55,"clasif_fuente":"CHIRPS + ERA5-Land · GEE 1–15 ago 2026 vs 1991–2020 · matriz graduada V0.5","precip_sev":2,"temp_sev":2,"clima_score":4,"precip_mm":6.74,"temp_mean":21.23},"geometry":{"type":"Point","coordinates":[-76.21389,4.037222]}},{"type":"Feature","properties":{"id":"ELNINO_0639","id_maestro":"ACUEDUCTO_0639","codigo":"2646","mun":"YOTOCO","aro":"Centro Tuluá","amb":"Rural","tipo":"CENTRO POBLADO","prest":"ASOCIACION COMUNITARIA AGUAS DE PUENTE TIERRA - LA BOHEMIA","loc":"PUENTETIERRA","pob":148,"susc":37,"q":1.0,"qesc":0.6,"dem":0.32,"bal":0.28,"trat":"Ninguno","tienetrat":"","tfuente":"Superficial","fuente":"LA BOHEMIA","P_operativa":"SIN CLASIFICAR","P_clima":"P1","precip_idx":27.1,"temp_anom":1.13,"clasif_fuente":"CHIRPS + ERA5-Land · GEE 1–15 ago 2026 vs 1991–2020 · matriz graduada V0.5","precip_sev":2,"temp_sev":1,"clima_score":3,"precip_mm":9.75,"temp_mean":18.11},"geometry":{"type":"Point","coordinates":[-76.45483,3.880556]}},{"type":"Feature","properties":{"id":"ELNINO_0640","id_maestro":"ACUEDUCTO_0640","codigo":"2727","mun":"YOTOCO","aro":"Centro Tuluá","amb":"Rural","tipo":"CENTRO POBLADO","prest":"ASOCIACION COMUNITARIA AGUAS DE PUENTE TIERRA - LA OFELIA","loc":"PUENTE TIERRA LA OFELIA","pob":576,"susc":144,"q":2.5,"qesc":1.5,"dem":1.24,"bal":0.26,"trat":"FD+Desinfección","tienetrat":1,"tfuente":"","fuente":"","P_operativa":"SIN CLASIFICAR","P_clima":"P1","precip_idx":27.1,"temp_anom":1.13,"clasif_fuente":"CHIRPS + ERA5-Land · GEE 1–15 ago 2026 vs 1991–2020 · matriz graduada V0.5","precip_sev":2,"temp_sev":1,"clima_score":3,"precip_mm":9.75,"temp_mean":18.11},"geometry":{"type":"Point","coordinates":[-76.45995,3.875361]}},{"type":"Feature","properties":{"id":"ELNINO_0641","id_maestro":"ACUEDUCTO_0641","codigo":"3272","mun":"YOTOCO","aro":"Centro Tuluá","amb":"Rural","tipo":"CENTRO POBLADO","prest":"ASOCIACIÓN DE USUARIOS AGUA ALBANIA E.S.P CARAMY","loc":"RAYITO","pob":920,"susc":230,"q":null,"qesc":null,"dem":1.99,"bal":null,"trat":"Ninguno","tienetrat":"","tfuente":"","fuente":"","P_operativa":"SIN CLASIFICAR","P_clima":"P2","precip_idx":26.4,"temp_anom":0.57,"clasif_fuente":"CHIRPS + ERA5-Land · GEE 1–15 ago 2026 vs 1991–2020 · matriz graduada V0.5","precip_sev":2,"temp_sev":0,"clima_score":2,"precip_mm":9.09,"temp_mean":18.43},"geometry":{"type":"Point","coordinates":[-76.38333,3.975569]}},{"type":"Feature","properties":{"id":"ELNINO_0642","id_maestro":"ACUEDUCTO_0642","codigo":"3272","mun":"YOTOCO","aro":"Centro Tuluá","amb":"Rural","tipo":"CENTRO POBLADO","prest":"ASOCIACION DE USUARIOS AGUA ALBANIA ESP - MIRAVALLE","loc":"MIRAVALLE","pob":1200,"susc":300,"q":3.0,"qesc":1.8,"dem":2.59,"bal":-0.79,"trat":"Planta Modular","tienetrat":1,"tfuente":"","fuente":"","P_operativa":"SIN CLASIFICAR","P_clima":"P2","precip_idx":26.4,"temp_anom":0.57,"clasif_fuente":"CHIRPS + ERA5-Land · GEE 1–15 ago 2026 vs 1991–2020 · matriz graduada V0.5","precip_sev":2,"temp_sev":0,"clima_score":2,"precip_mm":9.09,"temp_mean":18.43},"geometry":{"type":"Point","coordinates":[-76.38534,3.99955]}},{"type":"Feature","properties":{"id":"ELNINO_0643","id_maestro":"ACUEDUCTO_0643","codigo":"7526","mun":"YOTOCO","aro":"Centro Tuluá","amb":"Rural","tipo":"DISPERSA","prest":"ASOCIACION DE USUARIOS DE LA JUNTA ADMINISTRADORA DE AGUAS VEREDA BUENOS AIRES - AJABA","loc":"BUENOS AIRES","pob":112,"susc":28,"q":null,"qesc":null,"dem":0.24,"bal":null,"trat":"Ninguno","tienetrat":"","tfuente":"Superficial","fuente":"QUEBRADA CALABAZAS Y EL SOBACO","P_operativa":"SIN CLASIFICAR","P_clima":"P1","precip_idx":25.1,"temp_anom":1.07,"clasif_fuente":"CHIRPS + ERA5-Land · GEE 1–15 ago 2026 vs 1991–2020 · matriz graduada V0.5","precip_sev":2,"temp_sev":1,"clima_score":3,"precip_mm":6.71,"temp_mean":18.11},"geometry":{"type":"Point","coordinates":[-76.42675,3.836292]}},{"type":"Feature","properties":{"id":"ELNINO_0644","id_maestro":"ACUEDUCTO_0644","codigo":"499","mun":"YOTOCO","aro":"Centro Tuluá","amb":"Rural","tipo":"DISPERSA","prest":"ASOCIACION DE USUARIOS DE LOS ACUEDUCTOS EL JARDIN - CALIMITA - CALIMITA","loc":"CALIMITA","pob":100,"susc":25,"q":null,"qesc":null,"dem":0.22,"bal":null,"trat":"Ninguno","tienetrat":"","tfuente":"Superficial","fuente":"QUEBRADA CALIMITA","P_operativa":"SIN CLASIFICAR","P_clima":"P3","precip_idx":30.0,"temp_anom":0.59,"clasif_fuente":"CHIRPS + ERA5-Land · GEE 1–15 ago 2026 vs 1991–2020 · matriz graduada V0.5","precip_sev":1,"temp_sev":0,"clima_score":1,"precip_mm":10.4,"temp_mean":18.11},"geometry":{"type":"Point","coordinates":[-76.42519,3.896928]}},{"type":"Feature","properties":{"id":"ELNINO_0645","id_maestro":"ACUEDUCTO_0645","codigo":"498","mun":"YOTOCO","aro":"Centro Tuluá","amb":"Rural","tipo":"DISPERSA","prest":"ASOCIACION DE USUARIOS DE LOS ACUEDUCTOS EL JARDIN - CALIMITA - EL JARDIN","loc":"EL JARDIN","pob":448,"susc":112,"q":2.5,"qesc":1.5,"dem":0.97,"bal":0.53,"trat":"Solo desinfección","tienetrat":"","tfuente":"Superficial","fuente":"QUEBRADA PARAMILLO, QUEBRADA CALIMITA, QUEBRADA CRISTALES, CALIMITA","P_operativa":"SIN CLASIFICAR","P_clima":"P3","precip_idx":30.0,"temp_anom":0.59,"clasif_fuente":"CHIRPS + ERA5-Land · GEE 1–15 ago 2026 vs 1991–2020 · matriz graduada V0.5","precip_sev":1,"temp_sev":0,"clima_score":1,"precip_mm":10.4,"temp_mean":18.11},"geometry":{"type":"Point","coordinates":[-76.42519,3.896928]}},{"type":"Feature","properties":{"id":"ELNINO_0646","id_maestro":"ACUEDUCTO_0646","codigo":"394","mun":"YOTOCO","aro":"Centro Tuluá","amb":"Rural","tipo":"CENTRO POBLADO","prest":"ASOCIACION DE USUARIOS DEL ACUEDUCTO EL YARUMO-JIGUALES","loc":"JIGUALES","pob":416,"susc":104,"q":1.9,"qesc":1.14,"dem":0.9,"bal":0.24,"trat":"Filtración Compacta","tienetrat":1,"tfuente":"Superficial","fuente":"EL JARDÍN, JIGUALES","P_operativa":"SIN CLASIFICAR","P_clima":"P3","precip_idx":32.6,"temp_anom":0.59,"clasif_fuente":"CHIRPS + ERA5-Land · GEE 1–15 ago 2026 vs 1991–2020 · matriz graduada V0.5","precip_sev":1,"temp_sev":0,"clima_score":1,"precip_mm":12.74,"temp_mean":16.07},"geometry":{"type":"Point","coordinates":[-76.43451,3.915639]}},{"type":"Feature","properties":{"id":"ELNINO_0647","id_maestro":"ACUEDUCTO_0647","codigo":"14321","mun":"YOTOCO","aro":"Centro Tuluá","amb":"Rural","tipo":"DISPERSA","prest":"ASOCIACIÓN DE USUARIOS DEL ACUEDUCTO LA RIVERA","loc":"LA RIVERA","pob":132,"susc":33,"q":1.5,"qesc":0.9,"dem":0.29,"bal":0.61,"trat":"Ninguno","tienetrat":"","tfuente":"Superficial","fuente":"GUZMAN","P_operativa":"SIN CLASIFICAR","P_clima":"P2","precip_idx":27.7,"temp_anom":0.57,"clasif_fuente":"CHIRPS + ERA5-Land · GEE 1–15 ago 2026 vs 1991–2020 · matriz graduada V0.5","precip_sev":2,"temp_sev":0,"clima_score":2,"precip_mm":11.39,"temp_mean":16.07},"geometry":{"type":"Point","coordinates":[-76.40266,3.985103]}},{"type":"Feature","properties":{"id":"ELNINO_0648","id_maestro":"ACUEDUCTO_0648","codigo":"SD","mun":"YOTOCO","aro":"Centro Tuluá","amb":"Rural","tipo":"DISPERSA","prest":"ASOCIACION USUARIOS SISTEMA SUMINISTRO AGUA RURAL VEREDA COLORADOS","loc":"COLORADOS","pob":96,"susc":24,"q":null,"qesc":null,"dem":0.21,"bal":null,"trat":"Ninguno","tienetrat":"","tfuente":"","fuente":"","P_operativa":"SIN CLASIFICAR","P_clima":"P1","precip_idx":25.1,"temp_anom":1.07,"clasif_fuente":"CHIRPS + ERA5-Land · GEE 1–15 ago 2026 vs 1991–2020 · matriz graduada V0.5","precip_sev":2,"temp_sev":1,"clima_score":3,"precip_mm":6.71,"temp_mean":18.11},"geometry":{"type":"Point","coordinates":[-76.44334,3.838569]}},{"type":"Feature","properties":{"id":"ELNINO_0649","id_maestro":"ACUEDUCTO_0649","codigo":"193","mun":"YOTOCO","aro":"Centro Tuluá","amb":"Rural","tipo":"CENTRO POBLADO","prest":"ASOMEDIACANOA","loc":"MEDIACANOA","pob":3560,"susc":890,"q":3.5,"qesc":2.1,"dem":7.69,"bal":-5.59,"trat":"FIME","tienetrat":1,"tfuente":"Superficial","fuente":"LA VIRGEN, CRISTALES","P_operativa":"SIN CLASIFICAR","P_clima":"P3","precip_idx":31.2,"temp_anom":0.59,"clasif_fuente":"CHIRPS + ERA5-Land · GEE 1–15 ago 2026 vs 1991–2020 · matriz graduada V0.5","precip_sev":1,"temp_sev":0,"clima_score":1,"precip_mm":9.93,"temp_mean":18.43},"geometry":{"type":"Point","coordinates":[-76.38419,3.917778]}},{"type":"Feature","properties":{"id":"ELNINO_0650","id_maestro":"ACUEDUCTO_0650","codigo":"3404","mun":"YOTOCO","aro":"Centro Tuluá","amb":"Rural","tipo":"CENTRO POBLADO","prest":"ASUASAP","loc":"SAN ANTONIO DE PIEDRAS","pob":584,"susc":146,"q":4.5,"qesc":2.7,"dem":1.26,"bal":1.44,"trat":"Solo desinfección","tienetrat":"","tfuente":"Superficial","fuente":"SAN JOSÉ, LA LETICIA","P_operativa":"SIN CLASIFICAR","P_clima":"P1","precip_idx":27.4,"temp_anom":1.08,"clasif_fuente":"CHIRPS + ERA5-Land · GEE 1–15 ago 2026 vs 1991–2020 · matriz graduada V0.5","precip_sev":2,"temp_sev":1,"clima_score":3,"precip_mm":9.93,"temp_mean":17.61},"geometry":{"type":"Point","coordinates":[-76.33777,4.044269]}},{"type":"Feature","properties":{"id":"ELNINO_0652","id_maestro":"ACUEDUCTO_0652","codigo":"3271","mun":"YOTOCO","aro":"Centro Tuluá","amb":"Rural","tipo":"DISPERSA","prest":"JUNTA ACCION COMUNAL VEREDA EL DELIRIO","loc":"EL DELIRIO","pob":320,"susc":80,"q":1.5,"qesc":0.9,"dem":0.69,"bal":0.21,"trat":"Soluciones_Individuales","tienetrat":"","tfuente":"Superficial","fuente":"EL DELIRIO","P_operativa":"SIN CLASIFICAR","P_clima":"P2","precip_idx":26.4,"temp_anom":0.57,"clasif_fuente":"CHIRPS + ERA5-Land · GEE 1–15 ago 2026 vs 1991–2020 · matriz graduada V0.5","precip_sev":2,"temp_sev":0,"clima_score":2,"precip_mm":9.09,"temp_mean":18.43},"geometry":{"type":"Point","coordinates":[-76.37436,3.969892]}},{"type":"Feature","properties":{"id":"ELNINO_0653","id_maestro":"ACUEDUCTO_0653","codigo":"4993","mun":"YOTOCO","aro":"Centro Tuluá","amb":"Rural","tipo":"DISPERSA","prest":"JUNTA ADMINISTRADORA ACUEDUCTO EL BOSQUE","loc":"EL BOSQUE","pob":244,"susc":61,"q":1.0,"qesc":0.6,"dem":0.53,"bal":0.07,"trat":"Ninguno","tienetrat":"","tfuente":"Superficial","fuente":"LIVERPOOL","P_operativa":"SIN CLASIFICAR","P_clima":"P2","precip_idx":26.4,"temp_anom":0.57,"clasif_fuente":"CHIRPS + ERA5-Land · GEE 1–15 ago 2026 vs 1991–2020 · matriz graduada V0.5","precip_sev":2,"temp_sev":0,"clima_score":2,"precip_mm":9.09,"temp_mean":18.43},"geometry":{"type":"Point","coordinates":[-76.39854,3.994731]}},{"type":"Feature","properties":{"id":"ELNINO_0654","id_maestro":"ACUEDUCTO_0654","codigo":"3276","mun":"YOTOCO","aro":"Centro Tuluá","amb":"Rural","tipo":"CENTRO POBLADO","prest":"JUNTA ADMINISTRADORA ACUEDUCTO LAS DELICIAS","loc":"LAS DELICIAS","pob":148,"susc":37,"q":3.0,"qesc":1.8,"dem":0.32,"bal":1.48,"trat":"Solo desinfección","tienetrat":"","tfuente":"Superficial","fuente":"QUEBRADA LOS ALPES","P_operativa":"SIN CLASIFICAR","P_clima":"P3","precip_idx":32.6,"temp_anom":0.59,"clasif_fuente":"CHIRPS + ERA5-Land · GEE 1–15 ago 2026 vs 1991–2020 · matriz graduada V0.5","precip_sev":1,"temp_sev":0,"clima_score":1,"precip_mm":12.74,"temp_mean":16.07},"geometry":{"type":"Point","coordinates":[-76.40278,3.948233]}},{"type":"Feature","properties":{"id":"ELNINO_0655","id_maestro":"ACUEDUCTO_0655","codigo":"2790","mun":"YOTOCO","aro":"Centro Tuluá","amb":"Rural","tipo":"CENTRO POBLADO","prest":"JUNTA ADMINISTRADORA ACUEDUCTO LOS PLANES","loc":"LOS PLANES","pob":448,"susc":112,"q":6.0,"qesc":3.6,"dem":0.97,"bal":2.63,"trat":"Solo desinfección","tienetrat":"","tfuente":"Superficial","fuente":"QUEBRADA LOS PLANES, QUEBRADA MONTE NEGRO","P_operativa":"SIN CLASIFICAR","P_clima":"P3","precip_idx":31.2,"temp_anom":0.59,"clasif_fuente":"CHIRPS + ERA5-Land · GEE 1–15 ago 2026 vs 1991–2020 · matriz graduada V0.5","precip_sev":1,"temp_sev":0,"clima_score":1,"precip_mm":9.93,"temp_mean":18.43},"geometry":{"type":"Point","coordinates":[-76.37958,3.922306]}},{"type":"Feature","properties":{"id":"ELNINO_0656","id_maestro":"ACUEDUCTO_0656","codigo":"3406","mun":"YOTOCO","aro":"Centro Tuluá","amb":"Rural","tipo":"DISPERSA","prest":"JUNTA ADMINISTRADORA ACUEDUCTO RURAL EL DOPO","loc":"EL DOPO","pob":224,"susc":56,"q":2.0,"qesc":1.2,"dem":0.48,"bal":0.72,"trat":"Ninguno","tienetrat":"","tfuente":"Superficial","fuente":"QUEBRADA DOPO","P_operativa":"SIN CLASIFICAR","P_clima":"P3","precip_idx":31.2,"temp_anom":0.59,"clasif_fuente":"CHIRPS + ERA5-Land · GEE 1–15 ago 2026 vs 1991–2020 · matriz graduada V0.5","precip_sev":1,"temp_sev":0,"clima_score":1,"precip_mm":9.93,"temp_mean":18.43},"geometry":{"type":"Point","coordinates":[-76.39317,3.94415]}},{"type":"Feature","properties":{"id":"ELNINO_0657","id_maestro":"ACUEDUCTO_0657","codigo":"191","mun":"YOTOCO","aro":"Centro Tuluá","amb":"Urbano","tipo":"CABECERA MUNICIPAL","prest":"SOCIEDAD DE ACUEDUCTOS Y ALCANTARILLADOS DEL VALLE DEL CAUCA S.A. E.S.P. ACUAVALLE S.A. E.S.P. - YOTOCO","loc":"URBANO","pob":13600,"susc":3400,"q":29.0,"qesc":17.4,"dem":29.39,"bal":-11.99,"trat":"Convencional","tienetrat":1,"tfuente":"Superficial","fuente":"RIO YOTOCO, GUABAL","P_operativa":"SIN CLASIFICAR","P_clima":"P2","precip_idx":29.2,"temp_anom":0.59,"clasif_fuente":"CHIRPS + ERA5-Land · GEE 1–15 ago 2026 vs 1991–2020 · matriz graduada V0.5","precip_sev":2,"temp_sev":0,"clima_score":2,"precip_mm":8.6,"temp_mean":19.56},"geometry":{"type":"Point","coordinates":[-76.38506,3.860611]}},{"type":"Feature","properties":{"id":"ELNINO_0658","id_maestro":"ACUEDUCTO_0658","codigo":"159","mun":"ZARZAL","aro":"Centro Tuluá","amb":"Rural","tipo":"CENTRO POBLADO","prest":"ASOCIACION DE USUARIOS ACUASALUD VALLEJUELO","loc":"COROZAL (150) Y BUENOS AIRES (50)","pob":2120,"susc":530,"q":14.0,"qesc":8.4,"dem":4.58,"bal":3.82,"trat":"FIME","tienetrat":1,"tfuente":"Superficial","fuente":"PALOMINO","P_operativa":"SIN CLASIFICAR","P_clima":"P1","precip_idx":37.4,"temp_anom":1.99,"clasif_fuente":"CHIRPS + ERA5-Land · GEE 1–15 ago 2026 vs 1991–2020 · matriz graduada V0.5","precip_sev":1,"temp_sev":2,"clima_score":3,"precip_mm":13.26,"temp_mean":21.93},"geometry":{"type":"Point","coordinates":[-75.99947,4.375303]}},{"type":"Feature","properties":{"id":"ELNINO_0659","id_maestro":"ACUEDUCTO_0659","codigo":"164","mun":"ZARZAL","aro":"Centro Tuluá","amb":"Rural","tipo":"CENTRO POBLADO","prest":"ASOCIACION DE USUARIOS DE LOS SERVICIOS PUBLICOS DE LA PAILA ASEPAILA","loc":"LA PAILA","pob":7520,"susc":1880,"q":30.0,"qesc":18.0,"dem":16.25,"bal":1.75,"trat":"Convencional","tienetrat":1,"tfuente":"Superficial","fuente":"LA PAILA","P_operativa":"SIN CLASIFICAR","P_clima":"P1","precip_idx":22.9,"temp_anom":1.03,"clasif_fuente":"CHIRPS + ERA5-Land · GEE 1–15 ago 2026 vs 1991–2020 · matriz graduada V0.5","precip_sev":2,"temp_sev":1,"clima_score":3,"precip_mm":7.49,"temp_mean":21.6},"geometry":{"type":"Point","coordinates":[-76.07335,4.316675]}},{"type":"Feature","properties":{"id":"ELNINO_0660","id_maestro":"ACUEDUCTO_0660","codigo":"18517","mun":"ZARZAL","aro":"Centro Tuluá","amb":"Rural","tipo":"DISPERSA","prest":"ASOCIACION DE USUARIOS DE SERVICIOS PUBLICOS DEL ACUEDUCTO GUASIMAL-ALIZAL","loc":"GUASIMAL BAJO , GUASIMAL ALTO, ALIZAL","pob":236,"susc":59,"q":null,"qesc":null,"dem":0.51,"bal":null,"trat":"Bloque-Acuavalle","tienetrat":1,"tfuente":"Superficial","fuente":"SARA BRUT","P_operativa":"SIN CLASIFICAR","P_clima":"P1","precip_idx":32.1,"temp_anom":1.99,"clasif_fuente":"CHIRPS + ERA5-Land · GEE 1–15 ago 2026 vs 1991–2020 · matriz graduada V0.5","precip_sev":1,"temp_sev":2,"clima_score":3,"precip_mm":11.47,"temp_mean":21.65},"geometry":{"type":"Point","coordinates":[-76.04355,4.425561]}},{"type":"Feature","properties":{"id":"ELNINO_0661","id_maestro":"ACUEDUCTO_0661","codigo":"195","mun":"ZARZAL","aro":"Centro Tuluá","amb":"Rural","tipo":"CENTRO POBLADO","prest":"ASOCIACION DE USUARIOS DEL ACUEDUCTO QUEBRADA NUEVA","loc":"QUEBRADANUEVA","pob":1080,"susc":270,"q":1.0,"qesc":0.6,"dem":2.33,"bal":-1.73,"trat":"Solo desinfección","tienetrat":"","tfuente":"","fuente":"","P_operativa":"SIN CLASIFICAR","P_clima":"P1","precip_idx":37.4,"temp_anom":1.99,"clasif_fuente":"CHIRPS + ERA5-Land · GEE 1–15 ago 2026 vs 1991–2020 · matriz graduada V0.5","precip_sev":1,"temp_sev":2,"clima_score":3,"precip_mm":13.26,"temp_mean":21.93},"geometry":{"type":"Point","coordinates":[-75.95129,4.371172]}},{"type":"Feature","properties":{"id":"ELNINO_0662","id_maestro":"ACUEDUCTO_0662","codigo":"167","mun":"ZARZAL","aro":"Centro Tuluá","amb":"Urbano","tipo":"CABECERA MUNICIPAL","prest":"SOCIEDAD DE ACUEDUCTOS Y ALCANTARILLADOS DEL VALLE DEL CAUCA S.A. E.S.P. ACUAVALLE S.A. E.S.P. - ZARZAL","loc":"URBANO, LIMONES, VERGEL","pob":43448,"susc":10862,"q":81.0,"qesc":48.6,"dem":93.89,"bal":-45.29,"trat":"Convencional","tienetrat":1,"tfuente":"Superficial","fuente":"SARA BRUT","P_operativa":"SIN CLASIFICAR","P_clima":"P1","precip_idx":24.4,"temp_anom":1.6,"clasif_fuente":"CHIRPS + ERA5-Land · GEE 1–15 ago 2026 vs 1991–2020 · matriz graduada V0.5","precip_sev":2,"temp_sev":2,"clima_score":4,"precip_mm":8.36,"temp_mean":21.65},"geometry":{"type":"Point","coordinates":[-76.06668,4.400856]}},{"type":"Feature","properties":{"id":"ELNINO_0664","id_maestro":"ACUEDUCTO_0664","codigo":"SD","mun":"EL DOVIO","aro":"Norte Cartago","amb":"Rural","tipo":"DISPERSA","prest":"ACUEDUCTO VEREDAL EL DIAMANTE","loc":"DIAMANTE","pob":68,"susc":17,"q":1.8,"qesc":1.08,"dem":0.15,"bal":0.93,"trat":"Soluciones_Individuales","tienetrat":"","tfuente":"","fuente":"","P_operativa":"SIN CLASIFICAR","P_clima":"P2","precip_idx":52.8,"temp_anom":1.76,"clasif_fuente":"CHIRPS + ERA5-Land · GEE 1–15 ago 2026 vs 1991–2020 · matriz graduada V0.5","precip_sev":0,"temp_sev":2,"clima_score":2,"precip_mm":23.61,"temp_mean":21.53},"geometry":{"type":"Point","coordinates":[-76.30638,4.495008]}},{"type":"Feature","properties":{"id":"ELNINO_0666","id_maestro":"ACUEDUCTO_0666","codigo":"SD","mun":"EL DOVIO","aro":"Norte Cartago","amb":"Rural","tipo":"DISPERSA","prest":"JUNTA ADMINISTRADORA DEL ACUEDUCTO RURAL EL CIELITO","loc":"CIELITO","pob":52,"susc":13,"q":2.5,"qesc":1.5,"dem":0.11,"bal":1.39,"trat":"Ninguno","tienetrat":"","tfuente":"","fuente":"","P_operativa":"SIN CLASIFICAR","P_clima":"P1","precip_idx":43.6,"temp_anom":1.76,"clasif_fuente":"CHIRPS + ERA5-Land · GEE 1–15 ago 2026 vs 1991–2020 · matriz graduada V0.5","precip_sev":1,"temp_sev":2,"clima_score":3,"precip_mm":17.27,"temp_mean":19.91},"geometry":{"type":"Point","coordinates":[-76.25233,4.489472]}},{"type":"Feature","properties":{"id":"ELNINO_0667","id_maestro":"ACUEDUCTO_0667","codigo":"2078","mun":"SEVILLA","aro":"Centro Tuluá","amb":"Rural","tipo":"DISPERSA","prest":"ACUEDUCTO EL CEBOLLAL","loc":"CEBOLLAL","pob":136,"susc":34,"q":null,"qesc":null,"dem":0.29,"bal":null,"trat":"Ninguno","tienetrat":"","tfuente":"","fuente":"","P_operativa":"SIN CLASIFICAR","P_clima":"P1","precip_idx":25.7,"temp_anom":1.37,"clasif_fuente":"CHIRPS + ERA5-Land · GEE 1–15 ago 2026 vs 1991–2020 · matriz graduada V0.5","precip_sev":2,"temp_sev":1,"clima_score":3,"precip_mm":7.91,"temp_mean":18.44},"geometry":{"type":"Point","coordinates":[-75.90734,4.163933]}},{"type":"Feature","properties":{"id":"ELNINO_0668","id_maestro":"ACUEDUCTO_0668","codigo":"928","mun":"SAN PEDRO","aro":"Centro Tuluá","amb":"Rural","tipo":"DISPERSA","prest":"ASOCIACION DE PRODUCTORES AGROPECUARIOS VICTIMAS DEL CONFLICTO ARMADO DE COLOMBIA -","loc":"PREDIO LA CAMILA","pob":280,"susc":70,"q":null,"qesc":null,"dem":0.61,"bal":null,"trat":"Ninguno","tienetrat":"","tfuente":"","fuente":"","P_operativa":"SIN CLASIFICAR","P_clima":"P1","precip_idx":27.4,"temp_anom":1.08,"clasif_fuente":"CHIRPS + ERA5-Land · GEE 1–15 ago 2026 vs 1991–2020 · matriz graduada V0.5","precip_sev":2,"temp_sev":1,"clima_score":3,"precip_mm":9.93,"temp_mean":17.61},"geometry":{"type":"Point","coordinates":[-76.31866,4.019367]}},{"type":"Feature","properties":{"id":"ELNINO_0669","id_maestro":"ACUEDUCTO_0669","codigo":"3548","mun":"TRUJILLO","aro":"Centro Tuluá","amb":"Rural","tipo":"DISPERSA","prest":"ASOCIACION DE USUARIOS ABASTECIMIENTO DE AGUA LAS BRUMAS ASOBRU","loc":"LAS BRUMAS","pob":24,"susc":6,"q":3.0,"qesc":1.8,"dem":0.05,"bal":1.75,"trat":"Ninguno","tienetrat":"","tfuente":"Superficial","fuente":"LAS BRUMAS","P_operativa":"SIN CLASIFICAR","P_clima":"P2","precip_idx":31.7,"temp_anom":1.09,"clasif_fuente":"CHIRPS + ERA5-Land · GEE 1–15 ago 2026 vs 1991–2020 · matriz graduada V0.5","precip_sev":1,"temp_sev":1,"clima_score":2,"precip_mm":15.19,"temp_mean":18.6},"geometry":{"type":"Point","coordinates":[-76.32455,4.225233]}},{"type":"Feature","properties":{"id":"ELNINO_0670","id_maestro":"ACUEDUCTO_0670","codigo":"13517","mun":"YOTOCO","aro":"Centro Tuluá","amb":"Rural","tipo":"DISPERSA","prest":"JUNTA ADMINISTRADORA ACUEDUCTO EL SOBACO","loc":"EL SOBACO","pob":20,"susc":5,"q":null,"qesc":null,"dem":0.04,"bal":null,"trat":"Ninguno","tienetrat":"","tfuente":"","fuente":"","P_operativa":"SIN CLASIFICAR","P_clima":"P1","precip_idx":25.1,"temp_anom":1.07,"clasif_fuente":"CHIRPS + ERA5-Land · GEE 1–15 ago 2026 vs 1991–2020 · matriz graduada V0.5","precip_sev":2,"temp_sev":1,"clima_score":3,"precip_mm":6.71,"temp_mean":18.11},"geometry":{"type":"Point","coordinates":[-76.42417,3.836111]}},{"type":"Feature","properties":{"id":"ELNINO_0671","id_maestro":"ACUEDUCTO_0671","codigo":null,"mun":"EL CERRITO","aro":"Sur Cali","amb":"Rural","tipo":"DISPERSA","prest":"ACUEDUCTO AGUAS DEL CASTILLO","loc":"PARCELACION EL CASTILLO","pob":0,"susc":0,"q":null,"qesc":null,"dem":null,"bal":null,"trat":"Filtración Compacta","tienetrat":1,"tfuente":"Superficial","fuente":"RIO SABALETAS, QUEBRADA EL JARDÍN","P_operativa":"SIN CLASIFICAR","P_clima":"P2","precip_idx":41.0,"temp_anom":1.15,"clasif_fuente":"CHIRPS + ERA5-Land · GEE 1–15 ago 2026 vs 1991–2020 · matriz graduada V0.5","precip_sev":1,"temp_sev":1,"clima_score":2,"precip_mm":6.75,"temp_mean":18.72},"geometry":{"type":"Point","coordinates":[-76.19239,3.665444]}},{"type":"Feature","properties":{"id":"ELNINO_0086","id_maestro":"ACUEDUCTO_0672","codigo":"23842","mun":"ROLDANILLO","aro":"Norte Cartago","amb":"Rural","tipo":"DISPERSA","prest":"ACUEDUCTO RURAL VEREDA MATEGUADUA","loc":"MATEGUADUA","pob":44,"susc":11,"q":2.5,"qesc":1.5,"dem":0.1,"bal":1.4,"trat":"Soluciones_Individuales","tienetrat":1,"tfuente":"Superficial","fuente":"MATEGUADUA","P_operativa":"SIN CLASIFICAR","P_clima":"P2","precip_idx":33.2,"temp_anom":1.47,"clasif_fuente":"CHIRPS + ERA5-Land · GEE 1–15 ago 2026 vs 1991–2020 · matriz graduada V0.5","precip_sev":1,"temp_sev":1,"clima_score":2,"precip_mm":11.86,"temp_mean":19.91},"geometry":{"type":"Point","coordinates":[-76.2133,4.418064]}},{"type":"Feature","properties":{"id":"ELNINO_0673","id_maestro":"ACUEDUCTO_0673","codigo":"1892","mun":"TORO","aro":"Norte Cartago","amb":"Rural","tipo":"DISPERSA","prest":"ACUEDUCTO RURAL VDA VENTAQUEMADA SISTEMA # 2 - LA SIBERIA","loc":"VENTAQUEMADA SISTEMA # 2 , LA SIBERIA","pob":72,"susc":18,"q":1.5,"qesc":0.9,"dem":0.16,"bal":0.74,"trat":"Ninguno","tienetrat":"","tfuente":"Superficial","fuente":"LA SIBERIA","P_operativa":"SIN CLASIFICAR","P_clima":"P2","precip_idx":35.0,"temp_anom":1.29,"clasif_fuente":"CHIRPS + ERA5-Land · GEE 1–15 ago 2026 vs 1991–2020 · matriz graduada V0.5","precip_sev":1,"temp_sev":1,"clima_score":2,"precip_mm":15.45,"temp_mean":20.82},"geometry":{"type":"Point","coordinates":[-76.09854,4.671408]}},{"type":"Feature","properties":{"id":"ELNINO_0674","id_maestro":"ACUEDUCTO_0674","codigo":null,"mun":"ANDALUCÍA","aro":"Centro Tuluá","amb":"Rural","tipo":"INSTITUCION EDUCATIVA","prest":"INSTITUCION EDUCATIVA AGRICOLA CAMPOALEGRE SEDE SANTA MATILDE","loc":"INSTITUCION EDUCATIVA AGRICOLA CAMPOALEGRE SEDE SANTA MATILDE","pob":32,"susc":1,"q":1.0,"qesc":0.6,"dem":0.07,"bal":0.53,"trat":"Planta Modular","tienetrat":1,"tfuente":"Superficial","fuente":"LA SIRIA Y LA SIERRA","P_operativa":"SIN CLASIFICAR","P_clima":"P1","precip_idx":24.8,"temp_anom":1.15,"clasif_fuente":"CHIRPS + ERA5-Land · GEE 1–15 ago 2026 vs 1991–2020 · matriz graduada V0.5","precip_sev":2,"temp_sev":1,"clima_score":3,"precip_mm":7.82,"temp_mean":18.44},"geometry":{"type":"Point","coordinates":[-75.97,4.138056]}},{"type":"Feature","properties":{"id":"ELNINO_0675","id_maestro":"ACUEDUCTO_0675","codigo":"5066","mun":"ULLOA","aro":"Norte Cartago","amb":"Rural","tipo":"DISPERSA","prest":"JUNTA DE ACCION COMUNAL CALAMONTE BAJO","loc":"CALAMONTE BAJO","pob":280,"susc":70,"q":10.0,"qesc":6.0,"dem":0.61,"bal":5.39,"trat":"Soluciones_Individuales (22%)","tienetrat":"","tfuente":"Validar","fuente":"15","P_operativa":"SIN CLASIFICAR","P_clima":"P1","precip_idx":33.3,"temp_anom":1.56,"clasif_fuente":"CHIRPS + ERA5-Land · GEE 1–15 ago 2026 vs 1991–2020 · matriz graduada V0.5","precip_sev":1,"temp_sev":2,"clima_score":3,"precip_mm":14.92,"temp_mean":21.75},"geometry":{"type":"Point","coordinates":[-75.82568,4.703329]}},{"type":"Feature","properties":{"id":"ELNINO_0676","id_maestro":"ACUEDUCTO_0676","codigo":"SD","mun":"VIJES","aro":"Sur Cali","amb":"Rural","tipo":"DISPERSA","prest":"JUNTA ADMINISTRADORA ACUEDUCTO CARBONERO Y LA PEDRERA JACA N°1 - LA PEDRERA","loc":"CARBONERO,LA PEDRERA","pob":220,"susc":55,"q":1.0,"qesc":0.6,"dem":0.48,"bal":0.12,"trat":"Ninguno","tienetrat":"","tfuente":"","fuente":"","P_operativa":"SIN CLASIFICAR","P_clima":"P1","precip_idx":24.8,"temp_anom":1.49,"clasif_fuente":"CHIRPS + ERA5-Land · GEE 1–15 ago 2026 vs 1991–2020 · matriz graduada V0.5","precip_sev":2,"temp_sev":1,"clima_score":3,"precip_mm":5.79,"temp_mean":19.29},"geometry":{"type":"Point","coordinates":[-76.45456,3.735278]}},{"type":"Feature","properties":{"id":"ELNINO_0596","id_maestro":"ACUEDUCTO_0679","codigo":"6520","mun":"EL CERRITO","aro":"Sur Cali","amb":"Rural","tipo":"DISPERSA","prest":"JUNTA DE ACCIÓN COMUNAL VEREDA REGADEROS","loc":"REGADEROS","pob":248,"susc":62,"q":0.41,"qesc":0.25,"dem":0.54,"bal":-0.29,"trat":"Soluciones_Individuales","tienetrat":1,"tfuente":"Superficial","fuente":"QUEBRADA LAS YEGUAS","P_operativa":"SIN CLASIFICAR","P_clima":"P3","precip_idx":42.8,"temp_anom":0.71,"clasif_fuente":"CHIRPS + ERA5-Land · GEE 1–15 ago 2026 vs 1991–2020 · matriz graduada V0.5","precip_sev":1,"temp_sev":0,"clima_score":1,"precip_mm":7.43,"temp_mean":18.72},"geometry":{"type":"Point","coordinates":[-76.10364,3.639056]}}]}