{"type":"FeatureCollection","features":[{"type":"Feature","properties":{"id":"B001","v":24.1,"clase":"DEFICIT_ALTO","periodo":"1–15 ago 2026"},"geometry":{"type":"MultiPolygon","coordinates":[[[[-77.49116157083976,3.234357458154998],[-77.4769090324474,3.2096839105775055],[-77.4771,3.2095999999999996],[-77.4808,3.2090000000000005],[-77.4825,3.2097],[-77.4911,3.2168999999999994],[-77.4977,3.2164000000000006],[-77.499,3.218799999999999],[-77.5041,3.2223],[-77.5054,3.2251999999999996],[-77.5017,3.2300999999999997],[-77.5017,3.2310999999999996],[-77.5013,3.2316999999999996],[-77.497,3.2315999999999994],[-77.4969,3.2326],[-77.4987,3.234],[-77.50309441347969,3.2343279466748744],[-77.49116157083976,3.234357458154998]]],[[[-77.52565008526382,3.2342717785682824],[-77.526,3.2341999999999995],[-77.5405,3.2256999999999993],[-77.54250000000002,3.2267],[-77.5415,3.2244999999999995],[-77.5408,3.2248],[-77.542,3.2239000000000004],[-77.5483,3.2258999999999998],[-77.5496,3.2298000000000004],[-77.5496,3.2322000000000006],[-77.54855259969683,3.2342142315280333],[-77.52565008526382,3.2342717785682824]]]]}},{"type":"Feature","properties":{"id":"B002","v":24.3,"clase":"DEFICIT_ALTO","periodo":"1–15 ago 2026"},"geometry":{"type":"Polygon","coordinates":[[[-77.46205963252457,3.285308986774322],[-77.49116157083976,3.2343574581549985],[-77.50309441347969,3.234327946674875],[-77.5054,3.2345],[-77.5105,3.236499999999999],[-77.5152,3.2352000000000003],[-77.5182,3.2357999999999993],[-77.52565008526382,3.234271778568283],[-77.54855259969682,3.234214231528034],[-77.5483,3.234699999999999],[-77.5435,3.2397],[-77.5287,3.2614],[-77.5097,3.2845999999999997],[-77.4955,3.3049],[-77.4915,3.308100000000001],[-77.48930000000001,3.3083000000000005],[-77.4875,3.3067],[-77.48410000000001,3.3085999999999998],[-77.4843,3.311300000000001],[-77.4819,3.3154999999999997],[-77.481546280127,3.319037184379335],[-77.46205963252457,3.285308986774322]]]}},{"type":"Feature","properties":{"id":"B003","v":24.1,"clase":"DEFICIT_ALTO","periodo":"1–15 ago 2026"},"geometry":{"type":"Polygon","coordinates":[[[-77.49116157083976,3.2343574581549985],[-77.46205963252457,3.285308986774322],[-77.40360334589546,3.2854520425069165],[-77.37425487634705,3.234639129283383],[-77.38844302623346,3.2098046650966787],[-77.3924,3.2138000000000004],[-77.3945,3.2140000000000004],[-77.3996,3.2120999999999995],[-77.4035,3.2132],[-77.4061,3.2191999999999994],[-77.4071,3.224999999999999],[-77.4137,3.2305999999999995],[-77.4157,3.2337],[-77.4165,3.2360000000000007],[-77.4155,3.2414],[-77.4161,3.243],[-77.4266,3.2499],[-77.4291,3.2537000000000003],[-77.4313,3.2538999999999993],[-77.4334,3.2513],[-77.4368,3.2504999999999997],[-77.43930000000002,3.2471000000000005],[-77.4443,3.2480999999999995],[-77.4473,3.2442],[-77.4517,3.2432],[-77.4549,3.2372],[-77.4552,3.2335000000000003],[-77.459,3.234399999999999],[-77.4613,3.2371999999999996],[-77.4642,3.2381999999999995],[-77.4678,3.2381999999999995],[-77.4707,3.237],[-77.4715,3.2347999999999995],[-77.47110000000002,3.2330999999999994],[-77.4679,3.2304999999999997],[-77.4632,3.2296],[-77.4621,3.2266999999999997],[-77.4631,3.2252],[-77.4677,3.2258],[-77.469,3.2251999999999996],[-77.4697,3.223099999999999],[-77.4661,3.2196],[-77.4661,3.2170999999999994],[-77.4705,3.2125000000000004],[-77.4769090324474,3.2096839105775055],[-77.49116157083976,3.2343574581549985]]]}},{"type":"Feature","properties":{"id":"B004","v":24.8,"clase":"DEFICIT_ALTO","periodo":"1–15 ago 2026"},"geometry":{"type":"Polygon","coordinates":[[[-77.40385071619346,3.3872160023372437],[-77.37449549813948,3.3364053831183123],[-77.40360334589546,3.285452042506917],[-77.46205963252457,3.2853089867743224],[-77.481546280127,3.319037184379336],[-77.4814,3.3204999999999996],[-77.4799,3.3230999999999997],[-77.4764,3.3241],[-77.4619,3.3336],[-77.4494,3.3454],[-77.4321,3.3647],[-77.4274,3.3680000000000003],[-77.4227,3.3693999999999993],[-77.4198,3.3683999999999994],[-77.4193,3.3658999999999994],[-77.421,3.3658],[-77.42,3.3609999999999998],[-77.4157,3.3548000000000004],[-77.4148,3.3544999999999994],[-77.4132,3.3555999999999995],[-77.4129,3.356499999999999],[-77.4141,3.3592],[-77.4136,3.3614],[-77.4063,3.372299999999999],[-77.407,3.3734000000000006],[-77.4081,3.3727],[-77.4085,3.3743999999999996],[-77.4064,3.3839],[-77.40396085118536,3.3872157278039294],[-77.40385071619346,3.3872160023372437]]]}},{"type":"Feature","properties":{"id":"B005","v":30.3,"clase":"DEFICIT_ALTO","periodo":"1–15 ago 2026"},"geometry":{"type":"Polygon","coordinates":[[[-77.40579504691608,4.099556815753585],[-77.37638995109981,4.048762364767799],[-77.40549446193529,3.9977946309801644],[-77.41935908588029,3.9977537341504763],[-77.4273,4.003700000000001],[-77.434,4.010200000000001],[-77.439,4.0197],[-77.44,4.0261000000000005],[-77.4496,4.0385],[-77.4447,4.055999999999999],[-77.431,4.085799999999999],[-77.4289,4.093099999999999],[-77.42860518309945,4.099487694686505],[-77.40579504691608,4.099556815753585]]]}},{"type":"Feature","properties":{"id":"B006","v":29.5,"clase":"DEFICIT_ALTO","periodo":"1–15 ago 2026"},"geometry":{"type":"Polygon","coordinates":[[[-77.37669065242974,4.150526593778319],[-77.40579504691608,4.099556815753586],[-77.42860518309945,4.0994876946865055],[-77.4286,4.0996],[-77.4303,4.105499999999999],[-77.4411,4.1207],[-77.4434,4.1278999999999995],[-77.4434,4.132399999999999],[-77.4421,4.1366999999999985],[-77.4358,4.1457999999999995],[-77.4211,4.1431],[-77.4142,4.1438999999999995],[-77.403,4.147],[-77.3957,4.146599999999999],[-77.3903,4.148499999999999],[-77.3884,4.150299999999999],[-77.388,4.151900000000001],[-77.3884,4.155799999999999],[-77.3902,4.1592],[-77.3893,4.162099999999998],[-77.38507150302745,4.165000568278393],[-77.37669065242974,4.150526593778319]]]}},{"type":"Feature","properties":{"id":"B007","v":23.7,"clase":"DEFICIT_ALTO","periodo":"1–15 ago 2026"},"geometry":{"type":"Polygon","coordinates":[[[-77.37425487634705,3.2346391292833827],[-77.31579775255788,3.234774900284136],[-77.28645510230274,3.1839551186994006],[-77.29915722170097,3.161726920354172],[-77.3025,3.1635999999999997],[-77.3068,3.1691],[-77.3103,3.1698999999999997],[-77.3172,3.1741999999999995],[-77.3198,3.1742],[-77.3217,3.1712999999999996],[-77.3202,3.1644999999999994],[-77.3233,3.1621],[-77.3259,3.1616],[-77.329,3.163499999999999],[-77.3309,3.1634999999999995],[-77.3306,3.1558999999999995],[-77.3347,3.150900000000001],[-77.3364,3.151099999999999],[-77.3409,3.1497000000000006],[-77.3462,3.1402000000000005],[-77.3473,3.1401],[-77.3547,3.1449],[-77.3583,3.1452999999999998],[-77.3583,3.1445000000000003],[-77.3623,3.1444],[-77.3635,3.1448],[-77.3635,3.1457999999999995],[-77.3658,3.1465],[-77.36730000000001,3.1509],[-77.3668,3.1560999999999995],[-77.3645,3.1634000000000007],[-77.3654,3.166],[-77.3689,3.1696000000000004],[-77.3765,3.1713],[-77.3784,3.1735],[-77.3831,3.1758999999999995],[-77.3839,3.1773999999999996],[-77.3825,3.1828],[-77.3833,3.1940999999999997],[-77.381,3.1983999999999995],[-77.3821,3.2033999999999994],[-77.38844302623346,3.2098046650966787],[-77.37425487634705,3.2346391292833827]]]}},{"type":"Feature","properties":{"id":"B008","v":24.4,"clase":"DEFICIT_ALTO","periodo":"1–15 ago 2026"},"geometry":{"type":"Polygon","coordinates":[[[-77.31579775255788,3.2347749002841364],[-77.37425487634705,3.234639129283383],[-77.40360334589546,3.2854520425069165],[-77.37449549813948,3.336405383118312],[-77.31603246301584,3.3365454348072254],[-77.28668324834639,3.285727864810007],[-77.31579775255788,3.2347749002841364]]]}},{"type":"Feature","properties":{"id":"B009","v":25.1,"clase":"DEFICIT_ALTO","periodo":"1–15 ago 2026"},"geometry":{"type":"Polygon","coordinates":[[[-77.31627448486284,3.438315741385191],[-77.28691861186886,3.387500386846255],[-77.31603246301584,3.3365454348072254],[-77.37449549813948,3.3364053831183123],[-77.40385071619346,3.3872160023372437],[-77.40346878364383,3.3878846326391185],[-77.4,3.3926],[-77.3895,3.4020000000000006],[-77.3762,3.4256000000000006],[-77.3714034048092,3.4381797504484393],[-77.3623550405325,3.4382022900695772],[-77.3615,3.4333],[-77.36210000000001,3.4305999999999996],[-77.3638,3.4291],[-77.364,3.4268],[-77.36600000000001,3.4249999999999994],[-77.3637,3.4250000000000003],[-77.3641,3.4216999999999995],[-77.3633,3.4214999999999995],[-77.36340000000001,3.4251000000000005],[-77.36210000000001,3.4262000000000006],[-77.3628,3.4241],[-77.3624,3.4209999999999994],[-77.3638,3.4196999999999993],[-77.3612,3.4143],[-77.3557,3.4102999999999994],[-77.3505,3.4163],[-77.3463,3.4194999999999998],[-77.3446,3.4199999999999995],[-77.3434,3.4189999999999996],[-77.3416,3.4213999999999998],[-77.3325,3.4266],[-77.3348,3.4316],[-77.3379,3.4354999999999998],[-77.33771158905434,3.4382632406248295],[-77.31627448486284,3.438315741385191]]]}},{"type":"Feature","properties":{"id":"B010","v":26.4,"clase":"DEFICIT_ALTO","periodo":"1–15 ago 2026"},"geometry":{"type":"MultiPolygon","coordinates":[[[[-77.31652382188547,3.5400858130915744],[-77.28716119655229,3.4892726778932404],[-77.31627448486284,3.4383157413851912],[-77.33771158905434,3.4382632406248295],[-77.337,3.4487],[-77.3466,3.4531],[-77.3482,3.4562],[-77.3514,3.4575000000000005],[-77.3519,3.4589],[-77.358,3.4611],[-77.36,3.463199999999999],[-77.3645,3.4654],[-77.3706,3.4719000000000007],[-77.3707,3.4751],[-77.3691,3.4797999999999996],[-77.36530000000002,3.4855],[-77.3543,3.4968],[-77.3496,3.5002],[-77.3402,3.5109999999999992],[-77.3334,3.5171999999999994],[-77.3303,3.5250999999999997],[-77.3312,3.5287999999999995],[-77.3307,3.5307000000000004],[-77.32271622656019,3.5400702503509627],[-77.31652382188547,3.5400858130915744]]],[[[-77.3714034048092,3.4381797504484397],[-77.3709,3.4395],[-77.3646,3.4479999999999995],[-77.3625,3.4496],[-77.3617,3.4493],[-77.363,3.4419],[-77.36235504053252,3.4382022900695777],[-77.3714034048092,3.4381797504484397]]]]}},{"type":"Feature","properties":{"id":"B011","v":32.3,"clase":"DEFICIT_ALTO","periodo":"1–15 ago 2026"},"geometry":{"type":"MultiPolygon","coordinates":[[[[-77.28859807876516,3.8970409726688913],[-77.2896,3.8978],[-77.298,3.902],[-77.3013,3.8991],[-77.3016,3.9001999999999994],[-77.3056,3.9021],[-77.3091,3.906599999999999],[-77.3091,3.9095],[-77.3109,3.9083000000000006],[-77.3116,3.906099999999999],[-77.3138,3.9066999999999994],[-77.314,3.905],[-77.3156,3.904499999999999],[-77.3155,3.9036999999999993],[-77.317,3.902700000000001],[-77.3208,3.902499999999999],[-77.3202,3.906],[-77.3222,3.909099999999999],[-77.3218,3.911799999999999],[-77.321,3.912499999999999],[-77.3194,3.912200000000001],[-77.31860000000002,3.9133999999999993],[-77.3188,3.9188],[-77.3208,3.925199999999999],[-77.31860000000002,3.924700000000001],[-77.3175,3.9233999999999996],[-77.3157,3.9242],[-77.3143,3.9263999999999992],[-77.314,3.929],[-77.3119,3.9303000000000003],[-77.3111,3.932000000000001],[-77.3113,3.9341999999999993],[-77.3129,3.935499999999999],[-77.31387821785191,3.9407404903168244],[-77.28859807876516,3.8970409726688913]]],[[[-77.34290407276032,3.947092409872219],[-77.3451,3.942999999999999],[-77.3447,3.9419],[-77.3459,3.938300000000001],[-77.3457,3.9356999999999993],[-77.3468,3.935400000000001],[-77.3476,3.9318000000000004],[-77.3531,3.9288000000000003],[-77.357,3.9286],[-77.357,3.927599999999999],[-77.3584,3.9264999999999994],[-77.3623,3.928699999999999],[-77.3654,3.9335],[-77.36660000000002,3.9408],[-77.36943682792587,3.947016936246139],[-77.34290407276032,3.947092409872219]]],[[[-77.3039976102229,3.8687103537874115],[-77.3031,3.8725999999999994],[-77.3051,3.8737000000000004],[-77.305,3.874499999999998],[-77.3033,3.8741000000000003],[-77.3029,3.8747000000000003],[-77.30025857362719,3.875256094357865],[-77.3039976102229,3.8687103537874115]]]]}},{"type":"Feature","properties":{"id":"B012","v":31.8,"clase":"DEFICIT_ALTO","periodo":"1–15 ago 2026"},"geometry":{"type":"MultiPolygon","coordinates":[[[[-77.30876084065139,4.033174290973265],[-77.308,4.0303],[-77.3093,4.028599999999998],[-77.3107,4.0282],[-77.3118,4.0286],[-77.3117,4.0298],[-77.31280000000001,4.030100000000001],[-77.3143,4.029100000000001],[-77.3149,4.0274],[-77.3151,4.0261],[-77.314,4.0264],[-77.3142,4.024300000000001],[-77.3135,4.024],[-77.31340000000002,4.0249],[-77.3122,4.0241999999999996],[-77.3127,4.0231],[-77.3137,4.0228],[-77.3126,4.022100000000001],[-77.31340000000002,4.0188],[-77.31540000000001,4.018999999999999],[-77.31540000000001,4.018299999999999],[-77.3172,4.0189],[-77.31600000000002,4.0169999999999995],[-77.3146,4.0166],[-77.3146,4.015499999999999],[-77.3184,4.017200000000001],[-77.3182,4.0161999999999995],[-77.3192,4.0155],[-77.3184,4.0151],[-77.3187,4.013399999999999],[-77.3201,4.011299999999999],[-77.3208,4.011400000000001],[-77.3209,4.010100000000001],[-77.319,4.010100000000001],[-77.3184,4.011],[-77.3171,4.009899999999999],[-77.3175,4.0106],[-77.3163,4.010299999999999],[-77.3155,4.007200000000001],[-77.31860000000002,4.0055],[-77.3196,4.007300000000002],[-77.3212,4.0073],[-77.3231,3.9977],[-77.3246,3.9964000000000004],[-77.3242,3.9958000000000005],[-77.3211,3.996499999999999],[-77.3196,3.995600000000001],[-77.3212,3.9926],[-77.3211,3.991200000000001],[-77.3241,3.9888999999999992],[-77.3242,3.987199999999999],[-77.3222,3.9884000000000004],[-77.3217,3.9867999999999992],[-77.3239,3.9847000000000006],[-77.3238,3.9823999999999993],[-77.3261,3.9831],[-77.325,3.9813],[-77.327,3.9787],[-77.3257,3.9785999999999992],[-77.3242,3.9764],[-77.3244,3.9726999999999992],[-77.3274,3.9716999999999985],[-77.3282,3.9726000000000004],[-77.3299,3.972599999999999],[-77.3305,3.9749000000000008],[-77.3334,3.975900000000001],[-77.3336,3.9740999999999995],[-77.3353,3.9722000000000013],[-77.3352,3.969399999999999],[-77.3377,3.9655],[-77.3384,3.9611999999999994],[-77.343,3.9486000000000003],[-77.3429,3.9471000000000007],[-77.34290407276032,3.9470924098722193],[-77.36943682792587,3.9470169362461394],[-77.3713,3.9511],[-77.3761,3.9578],[-77.3783,3.959199999999999],[-77.3811,3.9645000000000006],[-77.3877,3.9734],[-77.3903,3.9731],[-77.39186718597998,3.9742492734774313],[-77.40549446193529,3.9977946309801644],[-77.37638995109981,4.048762364767799],[-77.31788037525533,4.048932406293941],[-77.31009179621813,4.035474187665469],[-77.3105,4.0351],[-77.31020000000001,4.0334],[-77.3095,4.0341],[-77.30916875401851,4.033879169479692],[-77.30876084065139,4.033174290973265]]],[[[-77.31692831194178,3.9483297874749104],[-77.3176,3.949300000000001],[-77.3169,3.9518],[-77.3158,3.950899999999999],[-77.315460268001,3.9509000003000776],[-77.31692831194178,3.9483297874749104]]]]}},{"type":"Feature","properties":{"id":"B013","v":30.5,"clase":"DEFICIT_ALTO","periodo":"1–15 ago 2026"},"geometry":{"type":"Polygon","coordinates":[[[-77.31788037525533,4.048932406293941],[-77.37638995109981,4.048762364767799],[-77.40579504691608,4.099556815753585],[-77.37669065242974,4.150526593778319],[-77.31817368932677,4.150700923453163],[-77.28876856960883,4.0999011864711825],[-77.31788037525533,4.048932406293941]]]}},{"type":"Feature","properties":{"id":"B014","v":29.8,"clase":"DEFICIT_ALTO","periodo":"1–15 ago 2026"},"geometry":{"type":"Polygon","coordinates":[[[-77.31817368932677,4.150700923453163],[-77.37669065242974,4.150526593778319],[-77.38507150302745,4.165000568278393],[-77.3772,4.1704],[-77.3751,4.1761],[-77.3746,4.180899999999999],[-77.3715,4.184700000000001],[-77.3631,4.1922999999999995],[-77.353,4.197499999999998],[-77.3477,4.197299999999999],[-77.3423,4.196],[-77.335,4.1925],[-77.3285,4.1864],[-77.3185,4.1729],[-77.3111,4.167199999999999],[-77.30916884628036,4.166467495239253],[-77.31817368932677,4.150700923453163]]]}},{"type":"Feature","properties":{"id":"B015","v":23.4,"clase":"DEFICIT_ALTO","periodo":"1–15 ago 2026"},"geometry":{"type":"Polygon","coordinates":[[[-77.28645510230274,3.1839551186994006],[-77.22799723520588,3.1840837632730667],[-77.2005835981406,3.136589719549754],[-77.201,3.1354000000000006],[-77.2026,3.1341],[-77.2068,3.1335999999999995],[-77.2089,3.1357],[-77.2124,3.1347999999999994],[-77.2158,3.1363],[-77.2171,3.1359999999999997],[-77.2173,3.1347999999999994],[-77.2157,3.1312999999999995],[-77.2189,3.1279],[-77.2201,3.1242],[-77.2197,3.1230000000000007],[-77.2182,3.1236],[-77.2166,3.1228],[-77.2162,3.1204],[-77.2196,3.1195000000000004],[-77.2277,3.1115],[-77.2286,3.112],[-77.2282,3.114],[-77.23,3.116],[-77.2347,3.1157999999999997],[-77.2357,3.1137],[-77.2324,3.111],[-77.233,3.1088999999999993],[-77.2345,3.1081000000000003],[-77.2365,3.1090999999999998],[-77.23880000000001,3.1121],[-77.243,3.1139],[-77.2444,3.1154000000000006],[-77.2453,3.1179999999999994],[-77.2435,3.1227999999999994],[-77.2447,3.126300000000001],[-77.2464,3.1265],[-77.2481,3.125],[-77.2493,3.1171000000000006],[-77.2505,3.1153000000000004],[-77.2523,3.1151999999999997],[-77.2534,3.116599999999999],[-77.2537,3.1227],[-77.2588,3.1288],[-77.2616,3.1351],[-77.2638,3.1350999999999996],[-77.2664,3.1331999999999995],[-77.2682,3.1334999999999997],[-77.2691,3.134699999999999],[-77.2702,3.1397999999999997],[-77.2719,3.141],[-77.274,3.1385999999999994],[-77.2752,3.1321],[-77.2772,3.130899999999999],[-77.2788,3.1331999999999995],[-77.2788,3.139499999999999],[-77.2843,3.1375],[-77.2883,3.1386],[-77.2906,3.1423999999999994],[-77.2899,3.1452999999999998],[-77.2885,3.1470999999999996],[-77.2866,3.1485999999999996],[-77.2816,3.1477],[-77.2781,3.1491999999999996],[-77.278,3.1514999999999995],[-77.2792,3.1543],[-77.2788,3.156899999999999],[-77.2799,3.1593999999999998],[-77.2819,3.1597999999999997],[-77.2852,3.1564],[-77.2909,3.1571],[-77.29915722170097,3.161726920354172],[-77.28645510230274,3.1839551186994006]]]}},{"type":"Feature","properties":{"id":"B016","v":23.9,"clase":"DEFICIT_ALTO","periodo":"1–15 ago 2026"},"geometry":{"type":"Polygon","coordinates":[[[-77.22799723520588,3.184083763273067],[-77.28645510230274,3.1839551186994015],[-77.31579775255788,3.2347749002841364],[-77.28668324834639,3.285727864810007],[-77.22821956015372,3.2858606299453252],[-77.19887625863593,3.2350363096267127],[-77.22799723520588,3.184083763273067]]]}},{"type":"Feature","properties":{"id":"B017","v":24.6,"clase":"DEFICIT_ALTO","periodo":"1–15 ago 2026"},"geometry":{"type":"Polygon","coordinates":[[[-77.22821956015372,3.2858606299453257],[-77.28668324834639,3.2857278648100072],[-77.31603246301584,3.3365454348072254],[-77.28691861186886,3.387500386846255],[-77.22844891843172,3.3876372733411704],[-77.19909914278435,3.3368150860594357],[-77.22821956015372,3.2858606299453257]]]}},{"type":"Feature","properties":{"id":"B018","v":25.8,"clase":"DEFICIT_ALTO","periodo":"1–15 ago 2026"},"geometry":{"type":"Polygon","coordinates":[[[-77.22844891843172,3.3876372733411713],[-77.28691861186886,3.387500386846256],[-77.31627448486284,3.4383157413851912],[-77.28716119655229,3.4892726778932404],[-77.22868531362846,3.4894136865706455],[-77.19932896993187,3.4385936361678624],[-77.22844891843172,3.3876372733411713]]]}},{"type":"Feature","properties":{"id":"B019","v":26.8,"clase":"DEFICIT_ALTO","periodo":"1–15 ago 2026"},"geometry":{"type":"Polygon","coordinates":[[[-77.19956574367505,3.540371953075456],[-77.22868531362846,3.489413686570646],[-77.28716119655229,3.4892726778932404],[-77.31652382188547,3.5400858130915744],[-77.2985685455758,3.5715149160315605],[-77.2923,3.5766999999999998],[-77.28880000000001,3.5764999999999993],[-77.2913,3.5740000000000003],[-77.2901,3.5703],[-77.2877,3.5691999999999995],[-77.2759,3.573200000000001],[-77.2701,3.5730000000000004],[-77.2632,3.5765999999999996],[-77.2527,3.5791999999999993],[-77.2451,3.583299999999999],[-77.2367,3.5854],[-77.2357,3.5846000000000005],[-77.2368,3.5819999999999994],[-77.2385,3.580599999999999],[-77.2396,3.5783],[-77.2384,3.5770999999999993],[-77.2359,3.577399999999999],[-77.2282,3.5825],[-77.22569576956384,3.585595135038678],[-77.19956574367505,3.540371953075456]]]}},{"type":"Feature","properties":{"id":"B020","v":35.6,"clase":"DEFICIT_MODERADO","periodo":"1–15 ago 2026"},"geometry":{"type":"Polygon","coordinates":[[[-77.22970133926357,3.8965169001103246],[-77.20031778208953,3.845705435864604],[-77.2071946552912,3.8336698229799206],[-77.2081,3.8336999999999994],[-77.2105,3.8351],[-77.2144,3.8349000000000006],[-77.2191,3.8361999999999994],[-77.2204,3.8352999999999984],[-77.2232,3.8356999999999983],[-77.2244,3.8343999999999996],[-77.2229,3.8316],[-77.2245,3.830199999999999],[-77.2259,3.8301000000000007],[-77.2273,3.8303999999999996],[-77.2312,3.8345],[-77.2336,3.8346],[-77.2354,3.8358999999999988],[-77.2367,3.8351],[-77.2417,3.8348000000000004],[-77.2443,3.8336],[-77.2474,3.8290000000000006],[-77.2496,3.828],[-77.2514,3.8313999999999995],[-77.2524,3.8307999999999987],[-77.2538,3.8321],[-77.2553,3.8313000000000006],[-77.256,3.8342000000000005],[-77.2572,3.8349000000000015],[-77.2619,3.8355],[-77.2605,3.8348000000000004],[-77.2617,3.8339999999999996],[-77.2612,3.8327999999999993],[-77.2601,3.8336999999999994],[-77.2592,3.8333000000000004],[-77.2601,3.8317],[-77.2648,3.8336],[-77.2679,3.8367999999999993],[-77.2675,3.8386],[-77.2682,3.839499999999999],[-77.2715,3.8376],[-77.273,3.8383],[-77.2742,3.8407000000000004],[-77.2758,3.838],[-77.2798,3.8396999999999997],[-77.2816,3.839400000000001],[-77.2852,3.8469999999999995],[-77.2847,3.8486000000000007],[-77.2856,3.849299999999999],[-77.2858,3.8512999999999993],[-77.2874,3.8498],[-77.2896,3.850299999999999],[-77.2887,3.8519],[-77.2891,3.8532000000000006],[-77.2929,3.8568000000000002],[-77.2932,3.8582999999999994],[-77.2979,3.860599999999999],[-77.3027,3.8615],[-77.3043,3.8674],[-77.3039976102229,3.8687103537874115],[-77.30025857362719,3.875256094357865],[-77.2972,3.8759],[-77.2967,3.8755],[-77.2973,3.873399999999999],[-77.29200000000002,3.8772000000000006],[-77.2919,3.878800000000002],[-77.2938,3.879300000000001],[-77.294,3.8805999999999985],[-77.2906,3.8843],[-77.2886,3.8883],[-77.2886,3.8898],[-77.28620000000001,3.891200000000001],[-77.2863,3.8952999999999993],[-77.28770020682596,3.896360767260897],[-77.22970133926357,3.8965169001103246]]]}},{"type":"Feature","properties":{"id":"B021","v":35.4,"clase":"DEFICIT_MODERADO","periodo":"1–15 ago 2026"},"geometry":{"type":"Polygon","coordinates":[[[-77.20058238037586,3.9474827512529727],[-77.22970133926357,3.8965169001103246],[-77.28770020682596,3.896360767260897],[-77.28859807876516,3.8970409726688913],[-77.31387821785191,3.940740490316826],[-77.3143,3.943],[-77.3158,3.9444999999999992],[-77.3158,3.9467],[-77.31692831194178,3.9483297874749104],[-77.315460268001,3.9509000003000776],[-77.314,3.950899999999999],[-77.3127,3.954600000000001],[-77.3117,3.9536999999999987],[-77.3093,3.9543],[-77.3094,3.957699999999999],[-77.3066,3.9580000000000006],[-77.3073,3.9566],[-77.3068,3.9559],[-77.3017,3.959099999999999],[-77.2983,3.9583000000000004],[-77.2971,3.9598999999999998],[-77.2995,3.9625999999999992],[-77.29460000000002,3.966600000000001],[-77.2903,3.9735999999999994],[-77.2896,3.9759],[-77.2904,3.9781000000000004],[-77.29,3.9791000000000007],[-77.2871,3.9789000000000003],[-77.28620000000001,3.980799999999998],[-77.2854,3.9793],[-77.284,3.9793],[-77.2842,3.9778],[-77.2853,3.9767000000000006],[-77.2846,3.9761],[-77.2845,3.9736000000000002],[-77.2826,3.9733000000000005],[-77.282,3.9737999999999998],[-77.2835,3.974000000000001],[-77.2819,3.9746999999999995],[-77.2822,3.9777000000000005],[-77.2812,3.9782000000000006],[-77.2821,3.9815999999999994],[-77.2782,3.9825000000000004],[-77.2779,3.9793],[-77.2754,3.9768],[-77.2751,3.9801999999999995],[-77.2758,3.9831],[-77.2735,3.984799999999999],[-77.2749,3.986100000000001],[-77.2712,3.9871000000000008],[-77.2642,3.9859999999999993],[-77.2644,3.9823],[-77.2634,3.9841000000000006],[-77.2604,3.984899999999999],[-77.2595,3.983299999999999],[-77.2606,3.981499999999999],[-77.257,3.9824],[-77.2571,3.979900000000001],[-77.2487,3.9805999999999995],[-77.248,3.982599999999999],[-77.2462,3.9841000000000015],[-77.2496,3.9870000000000014],[-77.2496,3.9882999999999993],[-77.2448,3.989599999999999],[-77.2412,3.985599999999999],[-77.2395,3.9880000000000004],[-77.2417,3.9888999999999992],[-77.2419,3.990699999999998],[-77.2409,3.9923],[-77.2399,3.9917000000000002],[-77.2378,3.9936],[-77.2345,3.9941],[-77.2335,3.9937],[-77.2328,3.9919999999999987],[-77.23,3.992799999999999],[-77.2296,3.9934000000000007],[-77.2309,3.9959],[-77.2292734782794,3.9970829257104823],[-77.20058238037586,3.9474827512529727]]]}},{"type":"Feature","properties":{"id":"B022","v":32.5,"clase":"DEFICIT_ALTO","periodo":"1–15 ago 2026"},"geometry":{"type":"MultiPolygon","coordinates":[[[[-77.31788037525533,4.048932406293941],[-77.28876856960883,4.0999011864711825],[-77.23025167507099,4.100066946924314],[-77.20497096640173,4.05637580743824],[-77.2103,4.055899999999999],[-77.2131,4.061699999999998],[-77.222,4.0611],[-77.2287,4.059100000000001],[-77.229,4.062999999999999],[-77.2306,4.066499999999999],[-77.2267,4.0699],[-77.2266,4.072399999999999],[-77.2323,4.081400000000001],[-77.2374,4.082900000000001],[-77.2426,4.0831],[-77.2449,4.0805],[-77.2451,4.0765],[-77.2469,4.0715],[-77.2507,4.0708],[-77.2551,4.068199999999999],[-77.2616,4.060399999999999],[-77.26670000000001,4.067499999999999],[-77.2671,4.0738],[-77.26540000000001,4.0776],[-77.26670000000001,4.0776],[-77.2669,4.0759],[-77.26860000000002,4.077],[-77.2685,4.075700000000001],[-77.271,4.0737],[-77.2716,4.0718000000000005],[-77.273,4.072199999999998],[-77.2777,4.0646],[-77.2779,4.0629],[-77.2793,4.0621],[-77.2804,4.0587],[-77.2841,4.054900000000001],[-77.2839,4.0526],[-77.2859,4.050199999999999],[-77.28810000000001,4.0508999999999995],[-77.28810000000001,4.049500000000001],[-77.2902,4.049999999999999],[-77.2908,4.0489],[-77.29330000000002,4.0497],[-77.2926,4.0474],[-77.294,4.045999999999999],[-77.2947,4.0463],[-77.2949,4.048099999999999],[-77.2966,4.048099999999999],[-77.296,4.0493999999999994],[-77.2974,4.0485999999999995],[-77.2999,4.0489],[-77.3007,4.048400000000001],[-77.3,4.0476],[-77.2984,4.047900000000001],[-77.2976,4.0462],[-77.2993,4.042699999999999],[-77.3032,4.0402],[-77.305,4.0413],[-77.3042,4.0452],[-77.3061,4.043999999999999],[-77.3072,4.042300000000001],[-77.307,4.040199999999999],[-77.3081,4.0373],[-77.31009179621813,4.035474187665469],[-77.31788037525533,4.048932406293941]]],[[[-77.30916875401851,4.033879169479692],[-77.30890000000001,4.0337],[-77.30876084065139,4.033174290973266],[-77.30916875401851,4.033879169479692]]],[[[-77.229,4.0419],[-77.2278,4.0417000000000005],[-77.2278,4.040600000000001],[-77.2269,4.040699999999999],[-77.2264,4.039899999999999],[-77.2304,4.033],[-77.2326,4.0314],[-77.2315,4.035800000000001],[-77.232,4.0373],[-77.2326,4.0375],[-77.2328,4.0363],[-77.2337,4.0359],[-77.2339,4.037499999999999],[-77.2348,4.0367],[-77.2352,4.0321],[-77.23620000000001,4.0323],[-77.2371,4.035400000000001],[-77.2396,4.0364],[-77.2405,4.0384],[-77.2399,4.0414],[-77.2384,4.0416],[-77.2377,4.0397],[-77.237,4.039999999999999],[-77.237,4.041600000000001],[-77.2319,4.0415],[-77.23,4.0406],[-77.229,4.0419]]]]}},{"type":"Feature","properties":{"id":"B023","v":31.3,"clase":"DEFICIT_ALTO","periodo":"1–15 ago 2026"},"geometry":{"type":"Polygon","coordinates":[[[-77.20113247988309,4.1510365725314],[-77.23025167507099,4.100066946924315],[-77.28876856960883,4.099901186471183],[-77.31817368932677,4.150700923453163],[-77.30916884628036,4.166467495239253],[-77.3082,4.166099999999999],[-77.3055,4.1665],[-77.2996,4.1709],[-77.2942,4.176399999999999],[-77.2897,4.1787],[-77.2869,4.1834],[-77.2851,4.190099999999999],[-77.2851,4.192799999999999],[-77.28667082435221,4.20167869409697],[-77.25030779966883,4.201784657209065],[-77.2505,4.2],[-77.2499,4.1876999999999995],[-77.2438,4.177900000000001],[-77.2318,4.1668],[-77.2232,4.1572],[-77.22,4.1556999999999995],[-77.215,4.155999999999999],[-77.21,4.160500000000001],[-77.20888357592584,4.1644298137910445],[-77.20113247988309,4.1510365725314]]]}},{"type":"Feature","properties":{"id":"B024","v":29.8,"clase":"DEFICIT_ALTO","periodo":"1–15 ago 2026"},"geometry":{"type":"Polygon","coordinates":[[[-77.28667082435221,4.201678694096971],[-77.2874,4.205800000000001],[-77.2858,4.2107],[-77.2803,4.221],[-77.2745,4.227099999999999],[-77.269,4.230499999999999],[-77.2633,4.2336],[-77.2579,4.2347],[-77.2535,4.234200000000001],[-77.2511,4.2329],[-77.2488,4.227399999999999],[-77.2484,4.219500000000001],[-77.25030779966883,4.201784657209065],[-77.28667082435221,4.201678694096971]]]}},{"type":"Feature","properties":{"id":"B025","v":23.4,"clase":"DEFICIT_ALTO","periodo":"1–15 ago 2026"},"geometry":{"type":"Polygon","coordinates":[[[-77.22799723520588,3.1840837632730667],[-77.19887625863593,3.2350363096267123],[-77.14041201123813,3.235161946608232],[-77.11107453253686,3.184331076466168],[-77.12130485620222,3.1664354785732063],[-77.1296,3.1612000000000005],[-77.1347,3.164399999999999],[-77.1358,3.1698999999999997],[-77.1387,3.1715999999999998],[-77.1424,3.1721],[-77.1452,3.1684],[-77.14660000000002,3.1704],[-77.1528,3.1702],[-77.1539,3.1762],[-77.1552,3.1753000000000005],[-77.1548,3.1740000000000004],[-77.1593,3.1742999999999997],[-77.161,3.1712000000000002],[-77.158,3.1696999999999997],[-77.1588,3.1651],[-77.1602,3.164899999999999],[-77.1632,3.1664999999999996],[-77.1651,3.1647000000000003],[-77.1681,3.1635],[-77.1704,3.1656999999999993],[-77.1727,3.1653],[-77.1731,3.1587],[-77.1782,3.156899999999999],[-77.1806,3.1546],[-77.182,3.151099999999999],[-77.18560000000001,3.1487999999999996],[-77.1894,3.1502],[-77.1906,3.1498],[-77.1929,3.1455],[-77.1926,3.1403000000000003],[-77.1973,3.1405],[-77.1989,3.1439],[-77.1999,3.1440999999999995],[-77.2005,3.143399999999999],[-77.2003,3.1373999999999995],[-77.2005835981406,3.136589719549754],[-77.22799723520588,3.1840837632730667]]]}},{"type":"Feature","properties":{"id":"B026","v":23.7,"clase":"DEFICIT_ALTO","periodo":"1–15 ago 2026"},"geometry":{"type":"Polygon","coordinates":[[[-77.14041201123813,3.2351619466082324],[-77.19887625863593,3.2350363096267127],[-77.22821956015372,3.2858606299453252],[-77.19909914278435,3.336815086059435],[-77.14062898047288,3.3369446842193717],[-77.11128521184563,3.286115864728942],[-77.14041201123813,3.2351619466082324]]]}},{"type":"Feature","properties":{"id":"B027","v":24.5,"clase":"DEFICIT_ALTO","periodo":"1–15 ago 2026"},"geometry":{"type":"Polygon","coordinates":[[[-77.14062898047288,3.336944684219372],[-77.19909914278435,3.3368150860594357],[-77.22844891843172,3.3876372733411704],[-77.19932896993187,3.438593636167862],[-77.14085270845658,3.438727196285352],[-77.11150255607738,3.387900431249584],[-77.14062898047288,3.336944684219372]]]}},{"type":"Feature","properties":{"id":"B028","v":26.3,"clase":"DEFICIT_ALTO","periodo":"1–15 ago 2026"},"geometry":{"type":"Polygon","coordinates":[[[-77.14085270845658,3.4387271962853525],[-77.19932896993187,3.4385936361678624],[-77.22868531362846,3.4894136865706455],[-77.19956574367505,3.5403719530754554],[-77.14108319869062,3.5405094759536313],[-77.11172656863333,3.4896847691861166],[-77.14085270845658,3.4387271962853525]]]}},{"type":"Feature","properties":{"id":"B029","v":28.7,"clase":"DEFICIT_ALTO","periodo":"1–15 ago 2026"},"geometry":{"type":"Polygon","coordinates":[[[-77.14132045478318,3.642291516374112],[-77.11195725301997,3.5914688716989724],[-77.14108319869062,3.5405094759536317],[-77.19956574367505,3.540371953075456],[-77.22569576956384,3.585595135038678],[-77.21930000000002,3.5935000000000006],[-77.2191,3.5950000000000015],[-77.2177,3.5965],[-77.21670000000002,3.5965],[-77.21540000000002,3.598699999999999],[-77.2126,3.6008000000000004],[-77.2098,3.6011],[-77.2083,3.606399999999999],[-77.2068,3.6077000000000004],[-77.2001,3.605599999999999],[-77.1957,3.6107000000000005],[-77.1946,3.6145],[-77.1941,3.6264000000000003],[-77.1925,3.6348000000000003],[-77.1911,3.6371],[-77.1885,3.637999999999999],[-77.1875,3.6395],[-77.1873,3.6409],[-77.18787925490547,3.6421791987845356],[-77.14132045478318,3.642291516374112]]]}},{"type":"Feature","properties":{"id":"B030","v":33.5,"clase":"DEFICIT_ALTO","periodo":"1–15 ago 2026"},"geometry":{"type":"Polygon","coordinates":[[[-77.14156448044932,3.7440733106992097],[-77.11219461284915,3.693252731951076],[-77.14132045478318,3.642291516374112],[-77.18787925490547,3.6421791987845356],[-77.1897,3.6462],[-77.1892,3.653200000000001],[-77.1845,3.6550000000000007],[-77.1822,3.6548000000000003],[-77.1767,3.649399999999999],[-77.1656,3.6447],[-77.1632,3.6496999999999997],[-77.1652,3.6527999999999983],[-77.1659,3.6608999999999994],[-77.1666,3.6737999999999995],[-77.1653,3.68],[-77.1654,3.6848],[-77.1691,3.685800000000001],[-77.1714,3.6917],[-77.1774,3.6928],[-77.1787,3.6921],[-77.1817,3.6870999999999996],[-77.18430000000001,3.6858999999999993],[-77.1854,3.681399999999999],[-77.1873,3.6809],[-77.1891,3.681399999999999],[-77.1904,3.6964000000000006],[-77.1929,3.7062000000000004],[-77.1935,3.7128],[-77.197,3.720799999999999],[-77.1958,3.723899999999999],[-77.1972,3.7292999999999994],[-77.19845140995251,3.743931912344084],[-77.14156448044932,3.7440733106992097]]]}},{"type":"Feature","properties":{"id":"B031","v":38.2,"clase":"DEFICIT_MODERADO","periodo":"1–15 ago 2026"},"geometry":{"type":"MultiPolygon","coordinates":[[[[-77.11243865183823,3.795036343107912],[-77.14156448044932,3.7440733106992097],[-77.19845140995251,3.743931912344084],[-77.1985,3.744499999999999],[-77.197,3.7504999999999993],[-77.19530000000002,3.752100000000001],[-77.1915,3.752799999999999],[-77.1902,3.7520000000000002],[-77.1898,3.7498999999999993],[-77.188,3.7485999999999997],[-77.1784,3.7484999999999995],[-77.175,3.7500999999999998],[-77.1713,3.7505000000000006],[-77.166,3.7574999999999994],[-77.1675,3.7633],[-77.172,3.7697999999999996],[-77.1746,3.785],[-77.182,3.8081999999999994],[-77.1818,3.8094],[-77.178,3.8122],[-77.1778,3.8097000000000008],[-77.1726,3.8056],[-77.16800000000002,3.8040999999999983],[-77.1603,3.805499999999999],[-77.1539,3.802999999999999],[-77.1491,3.8031999999999995],[-77.1493,3.8049],[-77.14660000000002,3.806999999999999],[-77.1473,3.809800000000001],[-77.1437,3.809899999999999],[-77.1411,3.8087000000000004],[-77.138,3.805700000000001],[-77.1349,3.8047999999999997],[-77.1327,3.8066000000000004],[-77.1322,3.8133],[-77.128,3.817299999999998],[-77.12582542297258,3.818195415739928],[-77.11243865183823,3.795036343107912]]],[[[-77.16670120203594,3.845791784932447],[-77.1668,3.8456000000000006],[-77.169,3.8454999999999995],[-77.16897712138355,3.845785980838896],[-77.16670120203594,3.845791784932447]]],[[[-77.20031778208953,3.8457054358646032],[-77.1769381128706,3.845765630650845],[-77.1771,3.8457],[-77.1759,3.8417000000000003],[-77.1798,3.8329999999999997],[-77.1816,3.8317],[-77.1857,3.8321],[-77.1945,3.8388000000000004],[-77.1954,3.839000000000001],[-77.195,3.838399999999998],[-77.196,3.837899999999999],[-77.1963,3.8389000000000006],[-77.2002,3.84],[-77.2037,3.8385],[-77.204,3.8343000000000007],[-77.2051,3.833600000000001],[-77.2071946552912,3.8336698229799206],[-77.20031778208953,3.8457054358646032]]]]}},{"type":"Feature","properties":{"id":"B032","v":39.6,"clase":"DEFICIT_MODERADO","periodo":"1–15 ago 2026"},"geometry":{"type":"Polygon","coordinates":[[[-77.20031778208953,3.845705435864604],[-77.22970133926357,3.8965169001103246],[-77.20058238037586,3.9474827512529718],[-77.14207285589787,3.9476361336859185],[-77.1126893738102,3.8968196983375956],[-77.12736272634707,3.871144505819005],[-77.1327,3.872499999999999],[-77.1413,3.8637999999999995],[-77.1472,3.860199999999999],[-77.1486,3.8580000000000005],[-77.1533,3.8554999999999997],[-77.1561,3.8553999999999986],[-77.1581,3.8532000000000006],[-77.1634,3.8522],[-77.16670120203594,3.845791784932448],[-77.16897712138355,3.845785980838897],[-77.1688,3.8479999999999994],[-77.1697,3.848700000000001],[-77.1769381128706,3.845765630650846],[-77.20031778208953,3.845705435864604]]]}},{"type":"Feature","properties":{"id":"B033","v":37.8,"clase":"DEFICIT_MODERADO","periodo":"1–15 ago 2026"},"geometry":{"type":"Polygon","coordinates":[[[-77.1423372136461,4.049417148665574],[-77.11294678269383,3.9986027908109416],[-77.14207285589787,3.9476361336859194],[-77.20058238037586,3.9474827512529727],[-77.2292734782794,3.9970829257104823],[-77.2287,3.9974999999999996],[-77.2276,3.9973999999999994],[-77.2254,3.9952],[-77.2249,3.996500000000001],[-77.2236,3.9960999999999998],[-77.2245,3.9981],[-77.2239,4.0006],[-77.2231,4.001099999999998],[-77.222,4.000299999999998],[-77.2201,4.0028],[-77.2198,4.0049],[-77.2178,4.0055],[-77.21610000000001,4.008100000000001],[-77.2125,4.009399999999999],[-77.21,4.0088],[-77.2092,4.0116],[-77.2098,4.0131],[-77.2069,4.015699999999999],[-77.2077,4.016299999999999],[-77.2131,4.0149],[-77.2138,4.0155],[-77.2072,4.020699999999999],[-77.2035,4.0272],[-77.1997,4.029],[-77.1985,4.030599999999999],[-77.1984,4.031599999999999],[-77.2008,4.0323],[-77.2015,4.036299999999999],[-77.201,4.037000000000001],[-77.1996,4.0358],[-77.1979,4.036799999999999],[-77.2007,4.038299999999999],[-77.2008,4.0398],[-77.1961,4.0395],[-77.1961,4.040799999999999],[-77.1999,4.040100000000001],[-77.2004,4.041099999999999],[-77.1986,4.0416],[-77.1961,4.0446],[-77.1973,4.0458],[-77.1969,4.0476],[-77.1959,4.048199999999999],[-77.195,4.047899999999999],[-77.19488766938206,4.04927603623916],[-77.1423372136461,4.049417148665574]]]}},{"type":"Feature","properties":{"id":"B034","v":33.2,"clase":"DEFICIT_ALTO","periodo":"1–15 ago 2026"},"geometry":{"type":"Polygon","coordinates":[[[-77.23025167507099,4.100066946924314],[-77.20113247988309,4.1510365725314],[-77.14260835689993,4.151197890186075],[-77.11321088252386,4.10038561370155],[-77.1423372136461,4.049417148665574],[-77.19488766938206,4.04927603623916],[-77.1946,4.0528],[-77.1969,4.0558],[-77.1988,4.056499999999999],[-77.2018,4.055599999999999],[-77.2047,4.056400000000001],[-77.20497096640173,4.05637580743824],[-77.23025167507099,4.100066946924314]]]}},{"type":"Feature","properties":{"id":"B035","v":31.8,"clase":"DEFICIT_ALTO","periodo":"1–15 ago 2026"},"geometry":{"type":"Polygon","coordinates":[[[-77.14260835689993,4.151197890186075],[-77.20113247988309,4.1510365725314],[-77.20888357592584,4.1644298137910445],[-77.2075,4.1693],[-77.205,4.1727],[-77.1975,4.1737],[-77.1889,4.172599999999999],[-77.1841,4.174499999999999],[-77.1748,4.1804],[-77.1671,4.1837],[-77.163,4.184399999999999],[-77.1596,4.1837],[-77.1534,4.1783],[-77.1481,4.1686],[-77.1428,4.1628],[-77.14270000000002,4.16],[-77.1387,4.1587],[-77.13848311061183,4.158417102581295],[-77.14260835689993,4.151197890186075]]]}},{"type":"Feature","properties":{"id":"B036","v":23.1,"clase":"DEFICIT_ALTO","periodo":"1–15 ago 2026"},"geometry":{"type":"MultiPolygon","coordinates":[[[[-77.05260981970638,3.184449743798543],[-77.04191164383742,3.165908975001312],[-77.0435,3.1667999999999994],[-77.0474,3.1669999999999994],[-77.0537,3.1699],[-77.0594,3.1686999999999994],[-77.0612,3.1695000000000007],[-77.0639,3.1692000000000005],[-77.0676,3.1717],[-77.069,3.1713999999999998],[-77.0799,3.1802000000000006],[-77.0817,3.1798],[-77.0836,3.1819000000000006],[-77.0873,3.1805],[-77.0878,3.1816000000000004],[-77.086,3.1834999999999996],[-77.08623006297154,3.184381910936384],[-77.05260981970638,3.184449743798543]]],[[[-77.08883676720099,3.1843766055836493],[-77.091,3.1829999999999994],[-77.0933,3.184],[-77.0955,3.1838],[-77.09624015812723,3.1843615015564337],[-77.08883676720099,3.1843766055836493]]],[[[-77.11107453253686,3.184331076466168],[-77.10194538031287,3.1843498256060543],[-77.1049,3.1807000000000003],[-77.1098,3.1797999999999997],[-77.1108,3.1763],[-77.11740000000002,3.1689],[-77.12130485620222,3.1664354785732063],[-77.11107453253686,3.184331076466168]]]]}},{"type":"Feature","properties":{"id":"B037","v":23.1,"clase":"DEFICIT_ALTO","periodo":"1–15 ago 2026"},"geometry":{"type":"Polygon","coordinates":[[[-77.11107453253686,3.1843310764661688],[-77.14041201123813,3.2351619466082324],[-77.11128521184563,3.286115864728942],[-77.0528146745324,3.2862383330487965],[-77.02347682249795,3.2354030819223656],[-77.05260981970638,3.184449743798544],[-77.08623006297154,3.1843819109363847],[-77.0866,3.1858000000000004],[-77.08883676720099,3.18437660558365],[-77.09624015812724,3.1843615015564346],[-77.0984,3.186],[-77.1015,3.1849],[-77.10194538031287,3.1843498256060547],[-77.11107453253686,3.1843310764661688]]]}},{"type":"Feature","properties":{"id":"B038","v":23.3,"clase":"DEFICIT_ALTO","periodo":"1–15 ago 2026"},"geometry":{"type":"Polygon","coordinates":[[[-77.0528146745324,3.286238333048797],[-77.11128521184563,3.286115864728942],[-77.14062898047288,3.336944684219372],[-77.11150255607738,3.387900431249584],[-77.05302601002478,3.38802670129324],[-77.02368195854137,3.3371934222340665],[-77.0528146745324,3.286238333048797]]]}},{"type":"Feature","properties":{"id":"B039","v":24.1,"clase":"DEFICIT_ALTO","periodo":"1–15 ago 2026"},"geometry":{"type":"Polygon","coordinates":[[[-77.05302601002478,3.388026701293241],[-77.11150255607738,3.387900431249585],[-77.14085270845658,3.4387271962853525],[-77.11172656863333,3.4896847691861166],[-77.053243829491,3.4898148417129145],[-77.0238934847277,3.438983538496261],[-77.05302601002478,3.388026701293241]]]}},{"type":"Feature","properties":{"id":"B040","v":26.5,"clase":"DEFICIT_ALTO","periodo":"1–15 ago 2026"},"geometry":{"type":"Polygon","coordinates":[[[-77.053243829491,3.489814841712915],[-77.11172656863333,3.489684769186117],[-77.14108319869062,3.5405094759536317],[-77.11195725301997,3.5914688716989724],[-77.05346813634091,3.5916027474912977],[-77.02411140436797,3.540773423902475],[-77.053243829491,3.489814841712915]]]}},{"type":"Feature","properties":{"id":"B041","v":32.0,"clase":"DEFICIT_ALTO","periodo":"1–15 ago 2026"},"geometry":{"type":"Polygon","coordinates":[[[-77.05346813634091,3.5916027474912986],[-77.11195725301997,3.5914688716989733],[-77.14132045478318,3.642291516374112],[-77.11219461284915,3.693252731951076],[-77.05369893408684,3.6933904118143794],[-77.0243357208742,3.642563071648719],[-77.05346813634091,3.5916027474912986]]]}},{"type":"Feature","properties":{"id":"B042","v":40.0,"clase":"DEFICIT_MODERADO","periodo":"1–15 ago 2026"},"geometry":{"type":"Polygon","coordinates":[[[-77.05369893408684,3.6933904118143803],[-77.11219461284915,3.693252731951077],[-77.14156448044932,3.7440733106992097],[-77.11243865183823,3.795036343107912],[-77.05393622634367,3.795177827870729],[-77.02456643775947,3.7443524749335557],[-77.05369893408684,3.6933904118143803]]]}},{"type":"Feature","properties":{"id":"B043","v":45.1,"clase":"DEFICIT_MODERADO","periodo":"1–15 ago 2026"},"geometry":{"type":"MultiPolygon","coordinates":[[[[-77.05418001682906,3.8969649888515665],[-77.02480355863807,3.8461416269581825],[-77.05393622634367,3.7951778278707295],[-77.11243865183823,3.795036343107913],[-77.12582542297258,3.818195415739928],[-77.1246,3.8187000000000006],[-77.1189,3.8185000000000002],[-77.1153,3.8214],[-77.1126,3.828199999999999],[-77.1136,3.8354999999999997],[-77.1097,3.8393000000000006],[-77.1075,3.842900000000001],[-77.1075,3.8458],[-77.1063,3.8488000000000007],[-77.0984,3.8507],[-77.0968,3.8529],[-77.09210000000002,3.8546000000000005],[-77.0901,3.8569999999999998],[-77.0868,3.858199999999999],[-77.0832,3.8587],[-77.0742,3.8579999999999997],[-77.073,3.8573000000000004],[-77.0717,3.858600000000001],[-77.0713,3.8615],[-77.07200000000002,3.8623000000000003],[-77.0713,3.8629000000000007],[-77.0667,3.8619000000000003],[-77.0647,3.8603],[-77.0621,3.8606999999999982],[-77.054,3.8677],[-77.0529,3.8756999999999997],[-77.0591,3.876600000000001],[-77.0588,3.8763000000000005],[-77.0588,3.876099999999999],[-77.0598,3.8754999999999993],[-77.0593,3.874899999999999],[-77.0614,3.873600000000001],[-77.0616,3.8733000000000004],[-77.0614,3.873099999999999],[-77.0614,3.8728],[-77.0628,3.8728],[-77.0647,3.8739],[-77.0653,3.875900000000001],[-77.0663,3.8751],[-77.0663,3.876999999999998],[-77.0676,3.875999999999999],[-77.0678,3.8766999999999996],[-77.0688,3.8764],[-77.0686,3.877799999999999],[-77.0692,3.8772999999999995],[-77.0696,3.8781000000000003],[-77.0708,3.878000000000001],[-77.0702,3.880099999999999],[-77.0717,3.8793000000000006],[-77.0718,3.8802999999999996],[-77.0736,3.8795],[-77.0727,3.8807000000000005],[-77.074,3.8811000000000013],[-77.0739,3.882200000000001],[-77.0763,3.8837000000000006],[-77.0766,3.8860999999999986],[-77.0782,3.8873999999999995],[-77.079,3.8872999999999993],[-77.0804,3.8890000000000007],[-77.0797,3.8894],[-77.0814,3.8928000000000003],[-77.079,3.8931],[-77.07973291330076,3.8969020375147],[-77.05418001682906,3.8969649888515665]]],[[[-77.1126893738102,3.8968196983375956],[-77.0939263305657,3.8968667349932318],[-77.0932,3.8937999999999993],[-77.093,3.8883999999999994],[-77.0943,3.879799999999999],[-77.0975,3.8753000000000006],[-77.1006,3.8732999999999995],[-77.1087,3.8715],[-77.1162,3.875699999999999],[-77.1225,3.875],[-77.1263,3.8720000000000008],[-77.1264,3.870899999999999],[-77.12736272634707,3.871144505819005],[-77.1126893738102,3.8968196983375956]]]]}},{"type":"Feature","properties":{"id":"B044","v":41.9,"clase":"DEFICIT_MODERADO","periodo":"1–15 ago 2026"},"geometry":{"type":"Polygon","coordinates":[[[-77.1126893738102,3.8968196983375956],[-77.14207285589787,3.9476361336859194],[-77.11294678269383,3.9986027908109416],[-77.0544303093635,3.998751887950841],[-77.02504708722562,3.947930520926488],[-77.05418001682906,3.8969649888515665],[-77.07973291330076,3.8969020375147],[-77.0806,3.9013999999999998],[-77.0855,3.9038000000000004],[-77.0867,3.9051999999999993],[-77.0957,3.8996999999999993],[-77.0941,3.897600000000001],[-77.0939263305657,3.8968667349932318],[-77.1126893738102,3.8968196983375956]]]}},{"type":"Feature","properties":{"id":"B045","v":36.3,"clase":"DEFICIT_MODERADO","periodo":"1–15 ago 2026"},"geometry":{"type":"Polygon","coordinates":[[[-77.02529702733925,4.049719150045142],[-77.0544303093635,3.998751887950841],[-77.11294678269383,3.9986027908109416],[-77.1423372136461,4.049417148665574],[-77.11321088252386,4.10038561370155],[-77.07215531066934,4.100493328689019],[-77.0721,4.1000999999999985],[-77.0686,4.097799999999999],[-77.068,4.096000000000001],[-77.06680000000001,4.0968],[-77.0656,4.0963],[-77.0642,4.097400000000001],[-77.0637,4.1],[-77.06240349397457,4.100518603475138],[-77.0564800220905,4.100533897764593],[-77.056,4.0995],[-77.05423920532779,4.099764119456686],[-77.02529702733925,4.049719150045142]]]}},{"type":"Feature","properties":{"id":"B046","v":33.4,"clase":"DEFICIT_ALTO","periodo":"1–15 ago 2026"},"geometry":{"type":"MultiPolygon","coordinates":[[[[-77.11321088252386,4.100385613701551],[-77.14260835689993,4.151197890186075],[-77.13848311061183,4.158417102581295],[-77.1364,4.1556999999999995],[-77.1351,4.155800000000001],[-77.134,4.1573],[-77.1315,4.156399999999999],[-77.1323,4.153899999999999],[-77.1306,4.1522],[-77.1313,4.149399999999999],[-77.1298,4.147199999999999],[-77.1295,4.1449],[-77.1163,4.133300000000001],[-77.1205,4.129099999999999],[-77.1229,4.1248],[-77.1225,4.121099999999999],[-77.1201,4.118699999999999],[-77.12000000000002,4.1166],[-77.1149,4.1152],[-77.1145,4.113199999999999],[-77.1075,4.1105],[-77.1045,4.107599999999999],[-77.1014,4.1101],[-77.101,4.1117],[-77.0962,4.117],[-77.0931,4.1176],[-77.0925,4.119399999999999],[-77.0861,4.122600000000001],[-77.0846,4.119],[-77.0859,4.116200000000001],[-77.0826,4.1115],[-77.0825,4.1102],[-77.0794,4.1095],[-77.078,4.1077],[-77.0762,4.1079],[-77.073,4.1065],[-77.07215531066934,4.10049332868902],[-77.11321088252386,4.100385613701551]]],[[[-77.06240349397457,4.100518603475139],[-77.0612,4.101000000000001],[-77.0601,4.102600000000001],[-77.0573,4.1023],[-77.0564800220905,4.100533897764594],[-77.06240349397457,4.100518603475139]]]]}},{"type":"Feature","properties":{"id":"B047","v":23.3,"clase":"DEFICIT_ALTO","periodo":"1–15 ago 2026"},"geometry":{"type":"Polygon","coordinates":[[[-76.96481298880636,3.133724380659527],[-76.9545616219934,3.115952396107882],[-76.9605,3.1187],[-76.9649,3.1179],[-76.9668,3.1186999999999996],[-76.9719,3.1187999999999994],[-76.9747,3.1241],[-76.9776,3.1254999999999997],[-76.979,3.1273],[-76.9791,3.129],[-76.9769,3.1328999999999994],[-76.97708850945259,3.1337011668504635],[-76.96481298880636,3.133724380659527]]]}},{"type":"Feature","properties":{"id":"B048","v":23.1,"clase":"DEFICIT_ALTO","periodo":"1–15 ago 2026"},"geometry":{"type":"Polygon","coordinates":[[[-77.05260981970638,3.184449743798543],[-77.02347682249795,3.235403081922365],[-76.96500600396251,3.2355185789998226],[-76.93567397799553,3.184677096846694],[-76.96481298880636,3.133724380659528],[-76.97708850945259,3.133701166850464],[-76.9773,3.1345999999999994],[-76.9793,3.1350000000000002],[-76.9803,3.1363000000000003],[-76.9833,3.1363],[-76.9879,3.1386],[-76.9895,3.1436],[-76.9908,3.1447],[-76.9906,3.1480999999999995],[-76.994,3.150999999999999],[-76.9968,3.1547999999999985],[-76.9996,3.154899999999999],[-77.0005,3.1536999999999997],[-77.0046,3.1527999999999996],[-77.0078,3.1536999999999997],[-77.0108,3.1531],[-77.0169,3.1551],[-77.0217,3.1602000000000006],[-77.0303,3.166999999999999],[-77.0369,3.164],[-77.0394,3.1644999999999994],[-77.04191164383742,3.165908975001312],[-77.05260981970638,3.184449743798543]]]}},{"type":"Feature","properties":{"id":"B049","v":22.6,"clase":"DEFICIT_ALTO","periodo":"1–15 ago 2026"},"geometry":{"type":"Polygon","coordinates":[[[-76.96500600396251,3.235518578999823],[-77.02347682249795,3.2354030819223656],[-77.0528146745324,3.2862383330487965],[-77.02368195854137,3.337193422234066],[-76.96520522178977,3.3373125607939405],[-76.9358671806811,3.286472968357068],[-76.96500600396251,3.235518578999823]]]}},{"type":"Feature","properties":{"id":"B050","v":22.2,"clase":"DEFICIT_ALTO","periodo":"1–15 ago 2026"},"geometry":{"type":"Polygon","coordinates":[[[-76.96520522178977,3.337312560793941],[-77.02368195854137,3.3371934222340665],[-77.05302601002478,3.38802670129324],[-77.0238934847277,3.4389835384962604],[-76.96541064540602,3.439106319255048],[-76.93606649541849,3.388268620272567],[-76.96520522178977,3.337312560793941]]]}},{"type":"Feature","properties":{"id":"B051","v":22.6,"clase":"DEFICIT_ALTO","periodo":"1–15 ago 2026"},"geometry":{"type":"Polygon","coordinates":[[[-76.96541064540602,3.4391063192550484],[-77.0238934847277,3.438983538496261],[-77.053243829491,3.4898148417129145],[-77.02411140436797,3.5407734239024746],[-76.96562227802707,3.540899847598742],[-76.93627192532765,3.490064045818352],[-76.96541064540602,3.4391063192550484]]]}},{"type":"Feature","properties":{"id":"B052","v":25.7,"clase":"DEFICIT_ALTO","periodo":"1–15 ago 2026"},"geometry":{"type":"Polygon","coordinates":[[[-76.96562227802707,3.5408998475987423],[-77.02411140436797,3.540773423902475],[-77.05346813634091,3.5916027474912977],[-77.0243357208742,3.642563071648719],[-76.96584012296678,3.642693139043117],[-76.936483473625,3.5918592382220575],[-76.96562227802707,3.5408998475987423]]]}},{"type":"Feature","properties":{"id":"B053","v":34.0,"clase":"DEFICIT_ALTO","periodo":"1–15 ago 2026"},"geometry":{"type":"Polygon","coordinates":[[[-76.96584012296678,3.642693139043117],[-77.0243357208742,3.642563071648719],[-77.05369893408684,3.6933904118143794],[-77.02456643775947,3.7443524749335557],[-76.96606418363716,3.7444861868088464],[-76.93670114362368,3.6936541907138674],[-76.96584012296678,3.642693139043117]]]}},{"type":"Feature","properties":{"id":"B054","v":44.7,"clase":"DEFICIT_MODERADO","periodo":"1–15 ago 2026"},"geometry":{"type":"Polygon","coordinates":[[[-76.96606418363716,3.7444861868088464],[-77.02456643775947,3.7443524749335557],[-77.05393622634367,3.795177827870729],[-77.02480355863807,3.8461416269581816],[-76.96629446354852,3.8462789841192544],[-76.93692493873354,3.795448896526586],[-76.96606418363716,3.7444861868088464]]]}},{"type":"Feature","properties":{"id":"B055","v":45.6,"clase":"DEFICIT_MODERADO","periodo":"1–15 ago 2026"},"geometry":{"type":"Polygon","coordinates":[[[-76.96629446354852,3.8462789841192553],[-77.02480355863807,3.8461416269581825],[-77.05418001682906,3.8969649888515665],[-77.02504708722562,3.947930520926487],[-76.96653096630963,3.948071524200381],[-76.93715486246137,3.897243348895712],[-76.96629446354852,3.8462789841192553]]]}},{"type":"Feature","properties":{"id":"B056","v":38.7,"clase":"DEFICIT_MODERADO","periodo":"1–15 ago 2026"},"geometry":{"type":"Polygon","coordinates":[[[-76.96653096630963,3.948071524200382],[-77.02504708722562,3.947930520926488],[-77.0544303093635,3.998751887950841],[-77.02529702733925,4.049719150045142],[-76.9667736956278,4.0498638002810665],[-76.93739091841101,3.9990375410595176],[-76.96653096630963,3.948071524200382]]]}},{"type":"Feature","properties":{"id":"B057","v":35.6,"clase":"DEFICIT_MODERADO","periodo":"1–15 ago 2026"},"geometry":{"type":"Polygon","coordinates":[[[-76.93763311028344,4.100831466259111],[-76.9667736956278,4.0498638002810665],[-77.02529702733925,4.049719150045142],[-77.05423920532779,4.099764119456686],[-77.054,4.099800000000001],[-77.0515,4.095500000000001],[-77.0503,4.0948],[-77.049,4.095199999999999],[-77.04730000000002,4.0979],[-77.0448,4.0968],[-77.0423,4.097699999999999],[-77.0383,4.0973],[-77.0385,4.095399999999999],[-77.0359,4.091300000000001],[-77.0352,4.091499999999999],[-77.0347,4.0934],[-77.033,4.092599999999999],[-77.033,4.0939],[-77.0303,4.0947000000000005],[-77.0292,4.0928],[-77.0283,4.092899999999999],[-77.028,4.094299999999999],[-77.0265,4.0945],[-77.0266,4.0961],[-77.0253,4.0965],[-77.0229,4.099899999999999],[-77.021,4.1000999999999985],[-77.0199,4.1011999999999995],[-77.0167,4.100299999999999],[-77.0137,4.0978],[-77.0119,4.097999999999999],[-77.0101,4.096099999999998],[-77.0089,4.096000000000001],[-77.0074,4.098499999999999],[-77.0044,4.099100000000001],[-77.0018,4.1075],[-76.9987,4.1118],[-76.9971,4.1195],[-76.9944,4.1205],[-76.992,4.1197],[-76.99090000000001,4.1179],[-76.9889,4.1184],[-76.9877,4.115199999999999],[-76.9859,4.1143],[-76.9842,4.1147],[-76.9807,4.1187000000000005],[-76.9784,4.1186],[-76.9761,4.1222],[-76.972,4.1175],[-76.9694,4.1193],[-76.9658,4.1185],[-76.9619,4.120199999999999],[-76.9544,4.120699999999999],[-76.9491,4.114],[-76.94476677573908,4.11316898013356],[-76.93763311028344,4.100831466259111]]]}},{"type":"Feature","properties":{"id":"B058","v":23.4,"clase":"DEFICIT_ALTO","periodo":"1–15 ago 2026"},"geometry":{"type":"Polygon","coordinates":[[[-76.96481298880636,3.133724380659528],[-76.93567397799553,3.184677096846694],[-76.91166646471684,3.184722124653742],[-76.912,3.1836999999999995],[-76.9119,3.1804],[-76.9132,3.1787],[-76.9133,3.1763000000000003],[-76.9114,3.172],[-76.9132,3.168399999999999],[-76.9129,3.1656],[-76.9148,3.1629999999999994],[-76.9147,3.1596999999999995],[-76.9132,3.1575999999999995],[-76.9155,3.1495000000000006],[-76.9185,3.1488999999999994],[-76.9226,3.1436999999999995],[-76.926,3.1426],[-76.9275,3.1393],[-76.9267,3.1335999999999995],[-76.9251,3.1304999999999996],[-76.9265,3.1300000000000003],[-76.9262,3.1277],[-76.9278,3.127],[-76.9295,3.1222999999999996],[-76.9314,3.1203999999999996],[-76.9339,3.1196999999999995],[-76.9338,3.1177],[-76.9364,3.116799999999999],[-76.9385,3.114],[-76.9538,3.1156000000000006],[-76.9545616219934,3.115952396107882],[-76.96481298880636,3.133724380659528]]]}},{"type":"Feature","properties":{"id":"B059","v":23.1,"clase":"DEFICIT_ALTO","periodo":"1–15 ago 2026"},"geometry":{"type":"Polygon","coordinates":[[[-76.93567397799553,3.184677096846695],[-76.96500600396251,3.235518578999823],[-76.9358671806811,3.286472968357068],[-76.8773903470143,3.28658513412393],[-76.8480582256627,3.235739428989211],[-76.86163887572991,3.211996746181603],[-76.8622,3.2119],[-76.8639,3.2126],[-76.8671,3.2103000000000006],[-76.8703,3.209199999999999],[-76.8718,3.209099999999999],[-76.8748,3.2105999999999995],[-76.8765,3.2095000000000002],[-76.8799,3.2096],[-76.8826,3.208899999999999],[-76.8873,3.2063999999999995],[-76.8887,3.204],[-76.8918,3.2022],[-76.8954,3.204299999999999],[-76.8969,3.2042999999999995],[-76.9018,3.2025],[-76.9043,3.2026],[-76.9054,3.2014999999999993],[-76.908,3.2014000000000005],[-76.909,3.200499999999999],[-76.9096,3.1979],[-76.9089,3.1932],[-76.91166646471684,3.1847221246537427],[-76.93567397799553,3.184677096846695]]]}},{"type":"Feature","properties":{"id":"B060","v":21.8,"clase":"DEFICIT_ALTO","periodo":"1–15 ago 2026"},"geometry":{"type":"Polygon","coordinates":[[[-76.8773903470143,3.2865851341239303],[-76.9358671806811,3.2864729683570686],[-76.96520522178977,3.337312560793941],[-76.93606649541849,3.388268620272567],[-76.87758364979862,3.3883842679486147],[-76.84824560397054,3.337540373917283],[-76.8773903470143,3.2865851341239303]]]}},{"type":"Feature","properties":{"id":"B061","v":20.0,"clase":"DEFICIT_EXTREMO","periodo":"1–15 ago 2026"},"geometry":{"type":"Polygon","coordinates":[[[-76.87758364979862,3.3883842679486156],[-76.93606649541849,3.388268620272568],[-76.96541064540602,3.4391063192550484],[-76.93627192532765,3.490064045818352],[-76.87778288330489,3.4901831760992756],[-76.8484388192626,3.4393410968826252],[-76.87758364979862,3.3883842679486156]]]}},{"type":"Feature","properties":{"id":"B062","v":18.9,"clase":"DEFICIT_EXTREMO","periodo":"1–15 ago 2026"},"geometry":{"type":"Polygon","coordinates":[[[-76.87778288330489,3.490183176099276],[-76.93627192532765,3.4900640458183525],[-76.96562227802707,3.5408998475987423],[-76.936483473625,3.5918592382220575],[-76.87798805065282,3.59198185182466],[-76.84863787456409,3.5411415911430377],[-76.87778288330489,3.490183176099276]]]}},{"type":"Feature","properties":{"id":"B063","v":21.8,"clase":"DEFICIT_ALTO","periodo":"1–15 ago 2026"},"geometry":{"type":"Polygon","coordinates":[[[-76.87798805065282,3.5919818518246607],[-76.936483473625,3.5918592382220584],[-76.96584012296678,3.642693139043117],[-76.93670114362368,3.6936541907138674],[-76.87819915505587,3.693780288376081],[-76.84884277299244,3.64294184995886],[-76.87798805065282,3.5919818518246607]],[[-76.86674761904762,3.6314952380952374],[-76.8668,3.631500000000001],[-76.8677,3.6293999999999986],[-76.86674761904762,3.6314952380952374]]]}},{"type":"Feature","properties":{"id":"B064","v":31.1,"clase":"DEFICIT_ALTO","periodo":"1–15 ago 2026"},"geometry":{"type":"Polygon","coordinates":[[[-76.87819915505587,3.693780288376082],[-76.93670114362368,3.6936541907138682],[-76.96606418363716,3.7444861868088464],[-76.93692493873354,3.795448896526586],[-76.87841619982127,3.7955784790074936],[-76.8490535177574,3.7447418665930483],[-76.87819915505587,3.693780288376082]]]}},{"type":"Feature","properties":{"id":"B065","v":38.8,"clase":"DEFICIT_MODERADO","periodo":"1–15 ago 2026"},"geometry":{"type":"Polygon","coordinates":[[[-76.87841619982127,3.7955784790074945],[-76.93692493873354,3.7954488965265867],[-76.96629446354852,3.8462789841192553],[-76.93715486246137,3.897243348895712],[-76.87863918835036,3.8973764169755696],[-76.84927011216124,3.8465416343112424],[-76.87841619982127,3.7955784790074945]]]}},{"type":"Feature","properties":{"id":"B066","v":36.6,"clase":"DEFICIT_MODERADO","periodo":"1–15 ago 2026"},"geometry":{"type":"Polygon","coordinates":[[[-76.87863918835036,3.8973764169755696],[-76.93715486246137,3.897243348895712],[-76.96653096630963,3.948071524200382],[-76.93739091841101,3.9990375410595176],[-76.87886812413855,3.999174095539767],[-76.84949255959877,3.948341146381845],[-76.87863918835036,3.8973764169755696]]]}},{"type":"Feature","properties":{"id":"B067","v":33.6,"clase":"DEFICIT_ALTO","periodo":"1–15 ago 2026"},"geometry":{"type":"Polygon","coordinates":[[[-76.87886812413855,3.999174095539767],[-76.93739091841101,3.9990375410595176],[-76.9667736956278,4.0498638002810665],[-76.93763311028344,4.100831466259111],[-76.9240960605735,4.100864237284717],[-76.92140000000002,4.099800000000001],[-76.92,4.0975],[-76.9183,4.097000000000001],[-76.915,4.097999999999999],[-76.9151,4.089200000000001],[-76.9133,4.0818],[-76.9123,4.0814],[-76.9103,4.082299999999999],[-76.9065,4.0847999999999995],[-76.9045,4.0824],[-76.9009,4.0819],[-76.9026,4.077699999999998],[-76.901,4.074499999999999],[-76.9012,4.073000000000001],[-76.8982,4.071599999999998],[-76.8953,4.071199999999998],[-76.8919,4.073899999999999],[-76.891,4.0734],[-76.8883,4.0675],[-76.8862,4.066599999999999],[-76.8848,4.062299999999998],[-76.8829,4.0613],[-76.8832,4.058400000000001],[-76.8826,4.0569999999999995],[-76.8835,4.0554],[-76.883,4.0537],[-76.8808,4.0527999999999995],[-76.8786,4.0495],[-76.8744,4.048300000000001],[-76.8732,4.047200000000001],[-76.8726,4.038400000000001],[-76.8687,4.0352],[-76.8674,4.0324],[-76.8654,4.031499999999999],[-76.8605,4.031299999999999],[-76.86049867082518,4.031295015612331],[-76.87886812413855,3.999174095539767]]]}},{"type":"Feature","properties":{"id":"B068","v":24.4,"clase":"DEFICIT_ALTO","periodo":"1–15 ago 2026"},"geometry":{"type":"Polygon","coordinates":[[[-76.8480582256627,3.2357394289892105],[-76.78958138877142,3.2358447807512785],[-76.78405551950578,3.2262636566775336],[-76.7845,3.2242000000000006],[-76.7885,3.2182],[-76.79360000000001,3.2194999999999996],[-76.7974,3.2156999999999996],[-76.8004,3.2145999999999995],[-76.806,3.2096000000000005],[-76.8076,3.21],[-76.8088,3.2077999999999998],[-76.8102,3.207399999999999],[-76.813,3.2092999999999994],[-76.8156,3.2091999999999996],[-76.8178,3.2105000000000006],[-76.8201,3.2106000000000003],[-76.82210000000002,3.2097],[-76.8246,3.2111000000000005],[-76.8283,3.2106999999999997],[-76.8308,3.2113999999999994],[-76.8354,3.2090000000000005],[-76.8377,3.2086999999999994],[-76.8406,3.2103999999999995],[-76.8434,3.2103],[-76.8454,3.2077],[-76.84810000000002,3.2085999999999997],[-76.8492,3.2072000000000003],[-76.8508,3.2073],[-76.8524,3.2099],[-76.8546,3.2104],[-76.8565,3.2097],[-76.8593,3.2124],[-76.86163887572991,3.211996746181603],[-76.8480582256627,3.2357394289892105]]]}},{"type":"Feature","properties":{"id":"B069","v":23.6,"clase":"DEFICIT_ALTO","periodo":"1–15 ago 2026"},"geometry":{"type":"Polygon","coordinates":[[[-76.78958138877142,3.2358447807512793],[-76.8480582256627,3.235739428989211],[-76.8773903470143,3.28658513412393],[-76.84824560397054,3.337540373917283],[-76.7897628458376,3.337649047294494],[-76.76043081345746,3.286799158962967],[-76.7833777374639,3.246688819528927],[-76.78343021148036,3.246779456193354],[-76.7835,3.246599999999999],[-76.78346100118497,3.2465432746091896],[-76.78958138877142,3.2358447807512793]],[[-76.78181106077764,3.2503623254058165],[-76.7821,3.250199999999999],[-76.78292465753425,3.2480794520547827],[-76.78181106077764,3.2503623254058165]]]}},{"type":"Feature","properties":{"id":"B070","v":20.8,"clase":"DEFICIT_ALTO","periodo":"1–15 ago 2026"},"geometry":{"type":"Polygon","coordinates":[[[-76.7897628458376,3.337649047294494],[-76.84824560397054,3.337540373917283],[-76.87758364979862,3.3883842679486147],[-76.8484388192626,3.439341096882625],[-76.7899499554391,3.439453092528742],[-76.76061208934085,3.3886049366623285],[-76.7897628458376,3.337649047294494]]]}},{"type":"Feature","properties":{"id":"B071","v":16.1,"clase":"DEFICIT_EXTREMO","periodo":"1–15 ago 2026"},"geometry":{"type":"Polygon","coordinates":[[[-76.7899499554391,3.4394530925287423],[-76.8484388192626,3.4393410968826252],[-76.87778288330489,3.4901831760992756],[-76.84863787456409,3.5411415911430373],[-76.79014272050573,3.5412569097319606],[-76.76079892695398,3.490410490015321],[-76.7899499554391,3.4394530925287423]],[[-76.8132,3.5393999999999997],[-76.81324042553192,3.5394],[-76.8084,3.5303000000000004],[-76.8132,3.5393999999999997]]]}},{"type":"Feature","properties":{"id":"B072","v":11.6,"clase":"DEFICIT_EXTREMO","periodo":"1–15 ago 2026"},"geometry":{"type":"Polygon","coordinates":[[[-76.79014272050573,3.541256909731961],[-76.84863787456409,3.5411415911430377],[-76.87798805065282,3.59198185182466],[-76.84884277299244,3.64294184995886],[-76.79034114405665,3.6430604921846443],[-76.76099132922289,3.592215812310983],[-76.79014272050573,3.541256909731961]]]}},{"type":"Feature","properties":{"id":"B073","v":14.5,"clase":"DEFICIT_EXTREMO","periodo":"1–15 ago 2026"},"geometry":{"type":"Polygon","coordinates":[[[-76.79034114405665,3.6430604921846443],[-76.84884277299244,3.64294184995886],[-76.87819915505587,3.693780288376081],[-76.8490535177574,3.7447418665930483],[-76.79054522920045,3.7448638331699176],[-76.76118929916154,3.694020896840955],[-76.79034114405665,3.6430604921846443]],[[-76.8057,3.6478000000000006],[-76.808,3.6464],[-76.808,3.6462076923076885],[-76.8057,3.6478000000000006]],[[-76.7943,3.6701999999999995],[-76.79558670988655,3.6725463533225273],[-76.793,3.664699999999999],[-76.7943,3.6701999999999995]],[[-76.79568286445013,3.674291048593365],[-76.796,3.6737999999999995],[-76.79591880920164,3.673553721244924],[-76.79568286445013,3.674291048593365]],[[-76.7929,3.6788000000000007],[-76.79360000000001,3.682899999999999],[-76.79292685571309,3.678764970809008],[-76.7929,3.6788000000000007]],[[-76.7957,3.6875000000000004],[-76.79586252545825,3.6876470468431837],[-76.7955,3.685200000000001],[-76.7957,3.6875000000000004]],[[-76.79810000000002,3.6914000000000002],[-76.8001,3.692299999999998],[-76.7980688118812,3.691192079207923],[-76.79810000000002,3.6914000000000002]]]}},{"type":"Feature","properties":{"id":"B074","v":21.0,"clase":"DEFICIT_ALTO","periodo":"1–15 ago 2026"},"geometry":{"type":"Polygon","coordinates":[[[-76.79054522920045,3.7448638331699176],[-76.8490535177574,3.7447418665930483],[-76.87841619982127,3.7955784790074936],[-76.84927011216124,3.846541634311242],[-76.79075497913527,3.8466669259736137],[-76.76139283987197,3.795825736899555],[-76.79054522920045,3.7448638331699176]],[[-76.7712,3.7880000000000003],[-76.77145484693878,3.7882892857142996],[-76.77090000000001,3.7857000000000007],[-76.7712,3.7880000000000003]],[[-76.7748196640721,3.792108807865624],[-76.7748,3.792],[-76.77363956043955,3.790769230769212],[-76.7748196640721,3.792108807865624]],[[-76.77872822966508,3.803505263157893],[-76.7788,3.8034],[-76.7763,3.8003000000000005],[-76.77872822966508,3.803505263157893]],[[-76.7773,3.8051999999999997],[-76.77745909090909,3.805366666666667],[-76.7783,3.8041333333333327],[-76.7773,3.8051999999999997]],[[-76.77925652173914,3.807249689440998],[-76.7793,3.8072000000000004],[-76.77891538461535,3.806892307692278],[-76.77925652173914,3.807249689440998]],[[-76.7815,3.8179000000000003],[-76.7815857142857,3.818314285714259],[-76.78151538461537,3.8178923076923086],[-76.7815,3.8179000000000003]],[[-76.7821,3.820800000000001],[-76.78238403361344,3.820952941176465],[-76.78201186440678,3.8203740112994478],[-76.7821,3.820800000000001]],[[-76.7861,3.8291],[-76.78620997067448,3.8290604105571884],[-76.7865,3.8250000000000015],[-76.7861,3.8291]],[[-76.7897,3.8346],[-76.7898,3.8346260869565225],[-76.7898,3.8318999999999988],[-76.7897,3.8346]],[[-76.79173314917129,3.835130386740334],[-76.7917,3.8351],[-76.79148888888888,3.8350666666666653],[-76.79173314917129,3.835130386740334]],[[-76.79298421052633,3.8364526315789553],[-76.7929,3.8362000000000003],[-76.7924914893617,3.835825531914877],[-76.79298421052633,3.8364526315789553]],[[-76.793025,3.836575],[-76.7919,3.8361999999999994],[-76.79184572864321,3.8363175879397],[-76.7931,3.8367999999999998],[-76.793025,3.836575]]]}},{"type":"Feature","properties":{"id":"B075","v":27.2,"clase":"DEFICIT_ALTO","periodo":"1–15 ago 2026"},"geometry":{"type":"Polygon","coordinates":[[[-76.79075497913527,3.8466669259736146],[-76.84927011216124,3.8465416343112424],[-76.87863918835036,3.8973764169755696],[-76.84949255959877,3.948341146381844],[-76.79097039714894,3.9484697638843467],[-76.76160195454433,3.8976303257838554],[-76.79075497913527,3.8466669259736146]],[[-76.81498070852332,3.875411399508944],[-76.81498070852332,3.875411399508943],[-76.8128,3.8767000000000005],[-76.81498070852332,3.875411399508944]],[[-76.79981689587427,3.878154813359528],[-76.79875263157892,3.8774736842105026],[-76.7996,3.8782000000000005],[-76.79981689587427,3.878154813359528]],[[-76.79788839103871,3.876920570264771],[-76.7977,3.8768000000000007],[-76.7931,3.8756999999999984],[-76.79788839103871,3.876920570264771]],[[-76.8015,3.8546000000000005],[-76.7995,3.849],[-76.79926771573604,3.8487766497462004],[-76.8015,3.8546000000000005]],[[-76.8046,3.8597],[-76.80469373207701,3.859841499385503],[-76.8044,3.8570999999999995],[-76.8046,3.8597]],[[-76.81453357252693,3.8746958739108543],[-76.8056,3.8604000000000003],[-76.80475139977604,3.8599285554311282],[-76.81453357252693,3.8746958739108543]]]}},{"type":"Feature","properties":{"id":"B076","v":27.6,"clase":"DEFICIT_ALTO","periodo":"1–15 ago 2026"},"geometry":{"type":"Polygon","coordinates":[[[-76.79097039714894,3.9484697638843476],[-76.84949255959877,3.948341146381845],[-76.87886812413855,3.999174095539767],[-76.86049867082518,4.03129501561233],[-76.8601,4.0298],[-76.8595,4.029799999999999],[-76.8568,4.031499999999999],[-76.8541,4.031900000000001],[-76.8535,4.035],[-76.8507,4.037300000000001],[-76.847,4.036],[-76.8449,4.037],[-76.8427,4.0364],[-76.8415,4.037499999999999],[-76.8396,4.0363],[-76.8291,4.0352],[-76.8274,4.0327],[-76.8261,4.032099999999999],[-76.825,4.032899999999999],[-76.8233,4.032500000000001],[-76.824,4.030999999999998],[-76.8227,4.030200000000001],[-76.8243,4.0283],[-76.823,4.026600000000001],[-76.8249,4.0256],[-76.8255,4.021699999999999],[-76.8225,4.0188],[-76.822,4.014500000000001],[-76.8206,4.0113],[-76.8167,4.009800000000001],[-76.8153,4.007],[-76.8128,4.0069],[-76.8099,4.005099999999999],[-76.8038,4.007200000000001],[-76.8013,4.006600000000001],[-76.799,4.0095],[-76.7972,4.0099],[-76.7964,4.011100000000001],[-76.7942,4.0114],[-76.7917,4.007599999999999],[-76.7872,4.003599999999999],[-76.7823,4.001999999999999],[-76.7749,3.9971999999999994],[-76.76785367076666,3.988881420206174],[-76.79097039714894,3.9484697638843476]]]}},{"type":"Feature","properties":{"id":"B077","v":26.3,"clase":"DEFICIT_ALTO","periodo":"1–15 ago 2026"},"geometry":{"type":"Polygon","coordinates":[[[-76.70177834994881,3.1850918602704086],[-76.67245779588657,3.1342345319062264],[-76.68637370387627,3.109915927757092],[-76.6864,3.1101],[-76.6877,3.1103],[-76.689,3.1125],[-76.6916,3.1115999999999997],[-76.6952,3.1130999999999998],[-76.6964,3.1147999999999993],[-76.6957,3.1177000000000006],[-76.69690000000001,3.1179999999999994],[-76.6987,3.1171000000000006],[-76.6981,3.1183],[-76.6997,3.1201999999999996],[-76.7026,3.1208999999999993],[-76.7032,3.1199000000000003],[-76.7086,3.1186000000000003],[-76.7115,3.1202999999999994],[-76.7123,3.118699999999999],[-76.7161,3.1188],[-76.71960000000001,3.117000000000001],[-76.7227,3.1177],[-76.7251,3.1200000000000006],[-76.7276,3.1206000000000005],[-76.7334,3.1249],[-76.7354,3.1292999999999997],[-76.7386,3.1306000000000003],[-76.7442,3.1356],[-76.7445,3.1386],[-76.7457,3.14],[-76.7465,3.1431],[-76.7495,3.1451],[-76.749,3.1522],[-76.7502,3.1540000000000004],[-76.748,3.156299999999999],[-76.748,3.1600999999999995],[-76.7463,3.160499999999999],[-76.745,3.1630999999999996],[-76.7428,3.1647000000000003],[-76.7427,3.1677000000000004],[-76.74040000000001,3.169],[-76.7403,3.171499999999999],[-76.74170000000001,3.1728],[-76.7407,3.1782999999999997],[-76.7414,3.1797],[-76.7441,3.1806],[-76.7445,3.1816999999999998],[-76.7437,3.1826],[-76.7397,3.182899999999999],[-76.73936737466781,3.185028800439459],[-76.70177834994881,3.1850918602704086]]]}},{"type":"Feature","properties":{"id":"B078","v":26.8,"clase":"DEFICIT_ALTO","periodo":"1–15 ago 2026"},"geometry":{"type":"Polygon","coordinates":[[[-76.76043081345746,3.286799158962967],[-76.701948236502,3.2869010169206168],[-76.672622126766,3.2360453350672502],[-76.70177834994881,3.1850918602704095],[-76.73936737466781,3.18502880043946],[-76.7392,3.1861],[-76.74170000000001,3.1873],[-76.7446,3.1869000000000005],[-76.7452,3.1880000000000006],[-76.74750000000002,3.1890000000000005],[-76.7479,3.1910999999999996],[-76.746,3.1908],[-76.7446,3.192999999999999],[-76.747,3.1957999999999998],[-76.749,3.1961999999999997],[-76.7493,3.1975000000000002],[-76.7515,3.1987999999999994],[-76.7559,3.1989000000000005],[-76.7586,3.200499999999999],[-76.7592,3.2017999999999995],[-76.7585,3.2025000000000006],[-76.7529,3.204499999999999],[-76.7557,3.2074],[-76.753,3.209],[-76.7529,3.2098999999999998],[-76.7548,3.2118],[-76.759,3.2133],[-76.7596,3.2145999999999995],[-76.7581,3.2153999999999994],[-76.758,3.2163999999999997],[-76.7648,3.2226000000000004],[-76.7654,3.2251999999999996],[-76.7682,3.2285999999999997],[-76.7688,3.231],[-76.7729,3.2336999999999994],[-76.7769,3.2311],[-76.7821,3.2301999999999986],[-76.7831,3.2306999999999992],[-76.78405551950578,3.2262636566775336],[-76.78958138877142,3.2358447807512793],[-76.78346100118497,3.2465432746091896],[-76.7824,3.245],[-76.7833777374639,3.246688819528927],[-76.76043081345746,3.286799158962967]],[[-76.77670000000002,3.2528],[-76.77539733570161,3.2539655417406754],[-76.77902180451127,3.2519293233082687],[-76.77670000000002,3.2528]],[[-76.77207954545455,3.255277272727273],[-76.7732,3.2552],[-76.7740796511628,3.2547058139534863],[-76.77207954545455,3.255277272727273]],[[-76.7628,3.2570000000000006],[-76.7582,3.2631],[-76.7645,3.2558000000000002],[-76.7628,3.2570000000000006]],[[-76.7513,3.2734000000000005],[-76.75124801812005,3.2735501698754197],[-76.7565,3.2681],[-76.7513,3.2734000000000005]]]}},{"type":"Feature","properties":{"id":"B079","v":26.3,"clase":"DEFICIT_ALTO","periodo":"1–15 ago 2026"},"geometry":{"type":"Polygon","coordinates":[[[-76.701948236502,3.286901016920617],[-76.76043081345746,3.2867991589629675],[-76.7897628458376,3.337649047294494],[-76.76061208934085,3.3886049366623285],[-76.70212349750017,3.388709956550732],[-76.6727917385391,3.33785592485027],[-76.68686881651703,3.3132547148500024],[-76.68699227799227,3.313213127413126],[-76.68688141865296,3.3132326909394845],[-76.701948236502,3.286901016920617]],[[-76.7434,3.301],[-76.7472,3.2964000000000007],[-76.74721528089889,3.2962064419475503],[-76.7434,3.301]],[[-76.7369,3.3162],[-76.73698048780487,3.316269756097551],[-76.7365,3.3105999999999995],[-76.7369,3.3162]],[[-76.7356,3.3269000000000006],[-76.7395,3.3221],[-76.73957524752475,3.3214792079207753],[-76.7356,3.3269000000000006]],[[-76.70160446058091,3.3565981327800825],[-76.7016,3.3566],[-76.70134918032788,3.3562459016393533],[-76.70165882352941,3.3577941176470185],[-76.70160446058091,3.3565981327800825]],[[-76.69657826086957,3.3145539130434774],[-76.69750000000002,3.319899999999999],[-76.6972,3.3153],[-76.69657826086957,3.3145539130434774]],[[-76.69522,3.3110440000000003],[-76.696,3.3112000000000004],[-76.6953,3.310999999999999],[-76.69522,3.3110440000000003]]]}},{"type":"Feature","properties":{"id":"B080","v":21.3,"clase":"DEFICIT_ALTO","periodo":"1–15 ago 2026"},"geometry":{"type":"Polygon","coordinates":[[[-76.67296663386145,3.4396662945690464],[-76.70212349750017,3.388709956550733],[-76.76061208934085,3.3886049366623294],[-76.7899499554391,3.4394530925287423],[-76.76079892695398,3.490410490015321],[-76.70230413568756,3.490518672466426],[-76.68651810425995,3.4631570122436157],[-76.69,3.4613],[-76.6903282051282,3.4605478632478706],[-76.68648932122815,3.463107120596757],[-76.67296663386145,3.4396662945690464]],[[-76.7057,3.4276],[-76.7058323943662,3.427644131455401],[-76.7023,3.4194999999999998],[-76.7057,3.4276]],[[-76.71540897239264,3.4238911809815953],[-76.7153,3.4238],[-76.7124,3.423799999999999],[-76.71540897239264,3.4238911809815953]],[[-76.717,3.4256999999999995],[-76.7202,3.4279],[-76.71612836676218,3.424493123209165],[-76.717,3.4256999999999995]],[[-76.72528979591836,3.4281632653061207],[-76.729,3.4294000000000002],[-76.73076470588235,3.429470588235295],[-76.726,3.428200000000001],[-76.72528979591836,3.4281632653061207]],[[-76.7365,3.432500000000001],[-76.7335,3.4302],[-76.732,3.4297999999999966],[-76.7365,3.432500000000001]],[[-76.74850025706941,3.434490488431876],[-76.7484,3.434299999999999],[-76.7466,3.434400000000001],[-76.74850025706941,3.434490488431876]],[[-76.6924,3.455799999999999],[-76.6912,3.457299999999999],[-76.69086292134831,3.4593224719101037],[-76.6924,3.455799999999999]]]}},{"type":"Feature","properties":{"id":"B081","v":8.5,"clase":"DEFICIT_EXTREMO","periodo":"1–15 ago 2026"},"geometry":{"type":"Polygon","coordinates":[[[-76.70230413568756,3.4905186724664263],[-76.76079892695398,3.4904104900153214],[-76.79014272050573,3.541256909731961],[-76.76099132922289,3.592215812310983],[-76.70249015389334,3.5923271579759115],[-76.673146815472,3.541476437539857],[-76.70230413568756,3.4905186724664263]]]}},{"type":"Feature","properties":{"id":"B082","v":2.2,"clase":"DEFICIT_EXTREMO","periodo":"1–15 ago 2026"},"geometry":{"type":"Polygon","coordinates":[[[-76.70249015389334,3.5923271579759124],[-76.76099132922289,3.5922158123109833],[-76.79034114405665,3.6430604921846443],[-76.76118929916154,3.694020896840955],[-76.7026815550317,3.6941354063900276],[-76.67333228619327,3.6432863470815677],[-76.70249015389334,3.5923271579759124]]]}},{"type":"Feature","properties":{"id":"B083","v":10.4,"clase":"DEFICIT_EXTREMO","periodo":"1–15 ago 2026"},"geometry":{"type":"Polygon","coordinates":[[[-76.7026815550317,3.6941354063900285],[-76.76118929916154,3.694020896840956],[-76.79054522920045,3.7448638331699176],[-76.76139283987197,3.795825736899555],[-76.70287834210197,3.7959434110223],[-76.67352304893132,3.7450960165157094],[-76.7026815550317,3.6941354063900285]],[[-76.7675,3.778899999999999],[-76.76755647058823,3.779012941176469],[-76.7699,3.7754],[-76.7675,3.778899999999999]]]}},{"type":"Feature","properties":{"id":"B084","v":18.9,"clase":"DEFICIT_EXTREMO","periodo":"1–15 ago 2026"},"geometry":{"type":"Polygon","coordinates":[[[-76.70287834210197,3.795943411022301],[-76.76139283987197,3.7958257368995554],[-76.79075497913527,3.8466669259736146],[-76.76160195454433,3.8976303257838554],[-76.70308051818867,3.8977511651890357],[-76.67371910667599,3.846905439166562],[-76.70287834210197,3.795943411022301]]]}},{"type":"Feature","properties":{"id":"B085","v":20.5,"clase":"DEFICIT_ALTO","periodo":"1–15 ago 2026"},"geometry":{"type":"Polygon","coordinates":[[[-76.67392046250094,3.9487146083612124],[-76.70308051818867,3.8977511651890357],[-76.76160195454433,3.8976303257838554],[-76.79097039714894,3.9484697638843476],[-76.76785367076666,3.988881420206174],[-76.7677,3.9886999999999997],[-76.7595,3.9934999999999996],[-76.7565,3.9916],[-76.7528,3.9923],[-76.7503,3.9918],[-76.7472,3.9851000000000005],[-76.7459,3.9841999999999986],[-76.7427,3.984799999999998],[-76.741,3.983399999999999],[-76.7358,3.9818000000000002],[-76.7223,3.9818000000000002],[-76.7197,3.9811000000000005],[-76.7171,3.9816999999999996],[-76.7128,3.9811000000000014],[-76.7083,3.9792000000000005],[-76.70140000000002,3.9787000000000017],[-76.6993,3.9771999999999994],[-76.6974,3.9731999999999994],[-76.69430000000001,3.971199999999999],[-76.6925,3.9687999999999994],[-76.6833,3.9648999999999996],[-76.68327312434316,3.964907963202883],[-76.67392046250094,3.9487146083612124]]]}},{"type":"Feature","properties":{"id":"B086","v":26.7,"clase":"DEFICIT_ALTO","periodo":"1–15 ago 2026"},"geometry":{"type":"Polygon","coordinates":[[[-76.5917999999092,3.095841970574518],[-76.5918,3.0955999999999997],[-76.593,3.0936000000000003],[-76.5991,3.0922],[-76.602,3.0959999999999996],[-76.6038,3.0969999999999995],[-76.6049,3.095999999999999],[-76.6052,3.092599999999999],[-76.6107,3.0913000000000004],[-76.6124,3.0915999999999997],[-76.6153,3.0943],[-76.61580000000001,3.0973],[-76.61840000000001,3.0995],[-76.62030000000001,3.1001999999999987],[-76.6215,3.0996],[-76.6212,3.1013],[-76.6243,3.102099999999999],[-76.6249,3.1049999999999995],[-76.6237,3.1085000000000007],[-76.6244,3.1092000000000004],[-76.6257,3.1088999999999993],[-76.6266,3.1100999999999996],[-76.626,3.111],[-76.6244,3.1103000000000005],[-76.6248,3.1123999999999996],[-76.6222,3.1147],[-76.6219,3.1159],[-76.6228,3.1169],[-76.6251,3.1172],[-76.6261,3.124],[-76.6298,3.1284],[-76.6331,3.1273000000000004],[-76.6344,3.124],[-76.6359,3.123299999999999],[-76.6365,3.1209],[-76.6389,3.1219],[-76.6393,3.1191],[-76.6414,3.117799999999999],[-76.6429,3.1185999999999994],[-76.6435,3.1153000000000004],[-76.6407,3.114399999999999],[-76.6408,3.1111999999999997],[-76.6449,3.1100000000000003],[-76.6468,3.1055],[-76.6507,3.1021],[-76.6522,3.1014999999999997],[-76.6528,3.1029000000000004],[-76.6538,3.1030999999999995],[-76.6548,3.1007999999999996],[-76.6599,3.0992999999999995],[-76.6615,3.1023],[-76.6641,3.0991999999999997],[-76.6663,3.098],[-76.6673,3.101799999999999],[-76.6685,3.1029000000000004],[-76.6727,3.1020000000000003],[-76.6737,3.1006000000000005],[-76.6754,3.1009],[-76.6751,3.0998999999999994],[-76.6762,3.0995],[-76.6819,3.1026000000000002],[-76.6832,3.1043999999999996],[-76.6824,3.105899999999999],[-76.6841,3.1081999999999996],[-76.6862,3.1087],[-76.68637370387627,3.1099159277570916],[-76.67245779588657,3.134234531906226],[-76.613981233253,3.1343267323968464],[-76.59770792692703,3.1060927937101295],[-76.5988,3.1050999999999997],[-76.5994,3.1036999999999995],[-76.5988,3.102099999999999],[-76.59630000000001,3.1011999999999995],[-76.59354928032839,3.0988771772827737],[-76.5917999999092,3.095841970574518]]]}},{"type":"Feature","properties":{"id":"B087","v":29.2,"clase":"DEFICIT_ALTO","periodo":"1–15 ago 2026"},"geometry":{"type":"Polygon","coordinates":[[[-76.613981233253,3.134326732396847],[-76.67245779588657,3.1342345319062264],[-76.70177834994881,3.1850918602704086],[-76.672622126766,3.2360453350672502],[-76.61413982458534,3.236140536576717],[-76.58481954660031,3.18527926200758],[-76.613981233253,3.134326732396847]]]}},{"type":"Feature","properties":{"id":"B088","v":32.0,"clase":"DEFICIT_ALTO","periodo":"1–15 ago 2026"},"geometry":{"type":"Polygon","coordinates":[[[-76.6727917385391,3.3378559248502695],[-76.61430351236869,3.33795412795134],[-76.58497776964704,3.2870944212597717],[-76.61413982458534,3.2361405365767175],[-76.672622126766,3.2360453350672502],[-76.701948236502,3.2869010169206168],[-76.68688141865296,3.3132326909394845],[-76.6848,3.3136],[-76.6805,3.3154],[-76.68686881651703,3.313254714850003],[-76.6727917385391,3.3378559248502695]]]}},{"type":"Feature","properties":{"id":"B089","v":33.2,"clase":"DEFICIT_ALTO","periodo":"1–15 ago 2026"},"geometry":{"type":"Polygon","coordinates":[[[-76.61430351236869,3.3379541279513405],[-76.6727917385391,3.33785592485027],[-76.70212349750017,3.388709956550732],[-76.67296663386145,3.4396662945690464],[-76.61447229916605,3.4397674998526626],[-76.58514099816183,3.3889093646555635],[-76.61430351236869,3.3379541279513405]],[[-76.6911,3.3827999999999996],[-76.6937,3.3785],[-76.69370561797754,3.378457303370764],[-76.6911,3.3827999999999996]],[[-76.6877,3.3962999999999997],[-76.68783766519823,3.3964651982378764],[-76.6897,3.3897999999999997],[-76.6877,3.3962999999999997]],[[-76.6887,3.3975],[-76.69138073047858,3.398279848866497],[-76.68804628378379,3.396715540540546],[-76.6887,3.3975]]]}},{"type":"Feature","properties":{"id":"B090","v":21.2,"clase":"DEFICIT_ALTO","periodo":"1–15 ago 2026"},"geometry":{"type":"Polygon","coordinates":[[[-76.70230413568756,3.490518672466426],[-76.673146815472,3.5414764375398566],[-76.61464618762095,3.541580645615164],[-76.5853092347009,3.4907240855370154],[-76.61447229916605,3.439767499852663],[-76.67296663386145,3.4396662945690464],[-76.68648932122815,3.463107120596757],[-76.686,3.463433333333333],[-76.68651810425995,3.4631570122436157],[-76.70230413568756,3.490518672466426]],[[-76.68588235294118,3.463496078431372],[-76.6805,3.4622999999999995],[-76.6855,3.4636999999999993],[-76.68588235294118,3.463496078431372]],[[-76.6569,3.4670000000000005],[-76.6511,3.4666999999999994],[-76.65091310240963,3.4668099397590364],[-76.6569,3.4670000000000005]],[[-76.6293006006006,3.4881354354354377],[-76.6289,3.4876999999999994],[-76.62855373134329,3.4879597014925383],[-76.6293006006006,3.4881354354354377]],[[-76.62813544303796,3.488273417721528],[-76.6281,3.4882999999999997],[-76.6231,3.4997],[-76.62813544303796,3.488273417721528]],[[-76.61372854291417,3.5315954091816364],[-76.6136,3.5315999999999996],[-76.61343333333333,3.531916666666666],[-76.61372854291417,3.5315954091816364]]]}},{"type":"Feature","properties":{"id":"B091","v":4.6,"clase":"DEFICIT_EXTREMO","periodo":"1–15 ago 2026"},"geometry":{"type":"Polygon","coordinates":[[[-76.61464618762095,3.5415806456151646],[-76.673146815472,3.541476437539857],[-76.70249015389334,3.5923271579759115],[-76.67333228619327,3.6432863470815677],[-76.61482518045746,3.6433935585759274],[-76.58548248189953,3.5925385772487597],[-76.61464618762095,3.5415806456151646]]]}},{"type":"Feature","properties":{"id":"B092","v":4.8,"clase":"DEFICIT_EXTREMO","periodo":"1–15 ago 2026"},"geometry":{"type":"Polygon","coordinates":[[[-76.61482518045746,3.6433935585759274],[-76.67333228619327,3.6432863470815677],[-76.7026815550317,3.6941354063900276],[-76.67352304893132,3.7450960165157094],[-76.61500928048038,3.7452062320747204],[-76.58566074247227,3.6943528331380837],[-76.61482518045746,3.6433935585759274]],[[-76.64370000000001,3.7384999999999993],[-76.6414,3.744499999999999],[-76.64141355932203,3.744597175141237],[-76.64370000000001,3.7384999999999993]],[[-76.6466,3.7255],[-76.6423,3.7198],[-76.64649173578199,3.7258438981042654],[-76.6466,3.7255]],[[-76.6409190245478,3.707168087855296],[-76.6409,3.7072000000000003],[-76.6428,3.7139],[-76.6409190245478,3.707168087855296]],[[-76.6441,3.7015],[-76.644,3.7010142857143355],[-76.644,3.7016749999999816],[-76.6441,3.7015]],[[-76.6434,3.6980999999999997],[-76.64198848314606,3.6956721910112216],[-76.64362512,3.699193439999976],[-76.6434,3.6980999999999997]],[[-76.64077549019608,3.6925549019607797],[-76.6407,3.6928999999999985],[-76.64084015444016,3.693201544401555],[-76.64077549019608,3.6925549019607797]]]}},{"type":"Feature","properties":{"id":"B093","v":18.1,"clase":"DEFICIT_EXTREMO","periodo":"1–15 ago 2026"},"geometry":{"type":"Polygon","coordinates":[[[-76.61500928048038,3.7452062320747204],[-76.67352304893132,3.7450960165157094],[-76.70287834210197,3.7959434110223],[-76.67371910667599,3.846905439166561],[-76.61519849057532,3.847018659454067],[-76.58584401921287,3.7961668465550056],[-76.61500928048038,3.7452062320747204]],[[-76.61277524271844,3.7623174757281546],[-76.6111,3.7635000000000005],[-76.6128,3.7624000000000004],[-76.61277524271844,3.7623174757281546]],[[-76.611,3.7594999999999996],[-76.6126,3.7603999999999997],[-76.611,3.759364705882354],[-76.611,3.7594999999999996]],[[-76.611,3.7568120000000085],[-76.611,3.758099999999913],[-76.6111,3.7569000000000004],[-76.611,3.7568120000000085]]]}},{"type":"Feature","properties":{"id":"B094","v":19.5,"clase":"DEFICIT_EXTREMO","periodo":"1–15 ago 2026"},"geometry":{"type":"Polygon","coordinates":[[[-76.61519849057532,3.847018659454068],[-76.67371910667599,3.846905439166562],[-76.70308051818867,3.8977511651890357],[-76.67392046250094,3.9487146083612115],[-76.61539281370878,3.9488308340593297],[-76.58603231499453,3.897980610852342],[-76.60560479844092,3.8637821497769753],[-76.6078,3.8639000000000006],[-76.60835558739255,3.863661891117477],[-76.60577692150761,3.863481395395127],[-76.61519849057532,3.847018659454068]],[[-76.6308,3.8519],[-76.62082416192284,3.85954503478811],[-76.6211,3.8595000000000006],[-76.6308,3.8519]]]}},{"type":"Feature","properties":{"id":"B095","v":18.9,"clase":"DEFICIT_EXTREMO","periodo":"1–15 ago 2026"},"geometry":{"type":"Polygon","coordinates":[[[-76.61539281370878,3.948830834059331],[-76.67392046250094,3.9487146083612124],[-76.68327312434316,3.964907963202883],[-76.6806,3.965699999999999],[-76.6755,3.9717000000000002],[-76.6624,3.9774999999999983],[-76.6598,3.9820999999999995],[-76.6556,3.9854000000000003],[-76.6538,3.9915000000000007],[-76.65,3.996700000000001],[-76.634,4.007],[-76.6283,4.0128],[-76.6246,4.014899999999998],[-76.6196,4.011300000000001],[-76.6117,4.007700000000001],[-76.6036,4.0011],[-76.6014,4.0007],[-76.59890000000001,4.002500000000001],[-76.5971,4.0025],[-76.5946,4.0005],[-76.58944963755076,3.994161093191545],[-76.61539281370878,3.948830834059331]]]}},{"type":"Feature","properties":{"id":"B096","v":28.5,"clase":"DEFICIT_ALTO","periodo":"1–15 ago 2026"},"geometry":{"type":"MultiPolygon","coordinates":[[[[-76.613981233253,3.134326732396847],[-76.58481954660031,3.18527926200758],[-76.52633761269993,3.18536796612908],[-76.50261289666578,3.144201433797833],[-76.50350000000002,3.1443],[-76.5057,3.1487],[-76.5076,3.1500999999999997],[-76.51,3.1503],[-76.5145,3.148099999999999],[-76.518,3.1498999999999993],[-76.5198,3.1496999999999997],[-76.5216,3.1488],[-76.5215,3.1473],[-76.5175,3.1473],[-76.5141,3.1454999999999997],[-76.5147,3.1441],[-76.5187,3.1444999999999994],[-76.5208,3.1433999999999993],[-76.5206,3.1414999999999997],[-76.5174,3.1380999999999992],[-76.51780000000001,3.1345],[-76.5194,3.1339],[-76.5224,3.1360999999999994],[-76.529,3.1370000000000005],[-76.5312,3.137],[-76.5327,3.1357],[-76.5325,3.1322],[-76.5315,3.1309999999999993],[-76.52750000000002,3.1345000000000005],[-76.5252,3.1318999999999995],[-76.5225,3.1306000000000003],[-76.5228,3.1266000000000003],[-76.5218,3.1233999999999997],[-76.5201,3.1228000000000002],[-76.5174,3.1245999999999996],[-76.5154,3.1242],[-76.5133,3.1215999999999986],[-76.5156,3.1183999999999994],[-76.5205,3.1201999999999996],[-76.52300000000001,3.1167999999999996],[-76.5271,3.1157],[-76.5284,3.1183999999999994],[-76.5278,3.1227],[-76.5294,3.1237999999999997],[-76.5309,3.1235999999999997],[-76.5324,3.1205999999999996],[-76.535,3.1193999999999997],[-76.5365,3.1171],[-76.5354,3.1133],[-76.5367,3.1099000000000006],[-76.5393,3.1084000000000005],[-76.5405,3.1109000000000004],[-76.5416,3.1110999999999995],[-76.544,3.107099999999999],[-76.5461,3.1058999999999997],[-76.5522,3.1073999999999997],[-76.5542,3.1043999999999996],[-76.5542,3.100599999999999],[-76.5559,3.0995],[-76.5578,3.1014999999999997],[-76.5566,3.1071999999999997],[-76.5576,3.1078],[-76.5613,3.1066],[-76.563,3.1068999999999996],[-76.5657,3.112199999999999],[-76.5642,3.1167999999999996],[-76.5652,3.1178999999999992],[-76.57,3.1196999999999995],[-76.5692,3.1248999999999993],[-76.5708,3.1277],[-76.5729,3.128799999999999],[-76.5775,3.126500000000001],[-76.5787,3.1250999999999993],[-76.5783,3.1223999999999994],[-76.5747,3.118699999999999],[-76.5745,3.1152999999999995],[-76.5769,3.115],[-76.5784,3.1185],[-76.5807,3.1196000000000006],[-76.585,3.1165000000000003],[-76.5901,3.1163999999999996],[-76.5912,3.1151999999999993],[-76.5913,3.1129999999999995],[-76.5887,3.1101999999999994],[-76.5875,3.1071999999999993],[-76.5908,3.1023000000000005],[-76.5915,3.1021999999999994],[-76.5948,3.106099999999999],[-76.5977,3.1061],[-76.59770792692703,3.1060927937101295],[-76.613981233253,3.134326732396847]]],[[[-76.59354928032839,3.0988771772827732],[-76.5918,3.0974],[-76.5917999999092,3.0958419705745186],[-76.59354928032839,3.0988771772827732]]]]}},{"type":"Feature","properties":{"id":"B097","v":33.6,"clase":"DEFICIT_ALTO","periodo":"1–15 ago 2026"},"geometry":{"type":"Polygon","coordinates":[[[-76.52633761269993,3.1853679661290806],[-76.58481954660031,3.1852792620075805],[-76.61413982458534,3.2361405365767175],[-76.58497776964704,3.2870944212597717],[-76.52649000273962,3.287185966633906],[-76.49717018527164,3.23632078581942],[-76.52633761269993,3.1853679661290806]],[[-76.544016,3.2781440000000006],[-76.54410769230769,3.27820512820513],[-76.5442,3.2779999999999996],[-76.544016,3.2781440000000006]]]}},{"type":"Feature","properties":{"id":"B098","v":41.3,"clase":"DEFICIT_MODERADO","periodo":"1–15 ago 2026"},"geometry":{"type":"Polygon","coordinates":[[[-76.52649000273962,3.2871859666339063],[-76.58497776964704,3.287094421259772],[-76.61430351236869,3.3379541279513405],[-76.58514099816183,3.3889093646555635],[-76.52664721371895,3.3890037518332234],[-76.49732202254336,3.3381400602421833],[-76.52649000273962,3.2871859666339063]]]}},{"type":"Feature","properties":{"id":"B099","v":39.9,"clase":"DEFICIT_MODERADO","periodo":"1–15 ago 2026"},"geometry":{"type":"Polygon","coordinates":[[[-76.52664721371895,3.3890037518332243],[-76.58514099816183,3.3889093646555644],[-76.61447229916605,3.439767499852663],[-76.5853092347009,3.4907240855370154],[-76.52680924810004,3.490821315086319],[-76.49747858967913,3.43995911631065],[-76.52664721371895,3.3890037518332243]]]}},{"type":"Feature","properties":{"id":"B100","v":23.2,"clase":"DEFICIT_ALTO","periodo":"1–15 ago 2026"},"geometry":{"type":"Polygon","coordinates":[[[-76.52680924810004,3.4908213150863197],[-76.5853092347009,3.4907240855370154],[-76.61464618762095,3.5415806456151646],[-76.58548248189953,3.5925385772487597],[-76.52697610842122,3.5926386497550653],[-76.4976398891314,3.5417779473937663],[-76.52680924810004,3.4908213150863197]],[[-76.5974,3.5574],[-76.596,3.5591999999999997],[-76.5974,3.5577999999999994],[-76.5975,3.5556999999999994],[-76.5971794117647,3.553135294117582],[-76.5974,3.5574]],[[-76.59695365853659,3.5513292682926987],[-76.5969,3.5509],[-76.5952435582822,3.547679141104295],[-76.5951,3.5478999999999994],[-76.59695365853659,3.5513292682926987]],[[-76.549,3.5070000000000006],[-76.54790298913044,3.5065013586956524],[-76.5479,3.5066],[-76.549,3.5070000000000006]],[[-76.54791441048035,3.4997104803493313],[-76.5466,3.4968],[-76.54561432664755,3.496122349570191],[-76.54791441048035,3.4997104803493313]],[[-76.54555384615387,3.496080769230777],[-76.545,3.4956999999999994],[-76.54484680851064,3.4957861702127673],[-76.54555384615387,3.496080769230777]],[[-76.54356710182768,3.4965060052219363],[-76.5434,3.496599999999999],[-76.5427,3.4993000000000003],[-76.54356710182768,3.4965060052219363]],[[-76.6101,3.5354999999999994],[-76.6068,3.5422999999999996],[-76.6035,3.5424999999999995],[-76.6068,3.5424],[-76.6105128440367,3.535169724770638],[-76.6101,3.5354999999999994]],[[-76.60126979310346,3.546378620689655],[-76.59950000000002,3.5467999999999997],[-76.6012,3.5465000000000004],[-76.60126979310346,3.546378620689655]],[[-76.59669209726444,3.545984802431611],[-76.5964,3.545899999999999],[-76.5958697368421,3.546715789473686],[-76.59669209726444,3.545984802431611]]]}},{"type":"Feature","properties":{"id":"B101","v":10.7,"clase":"DEFICIT_EXTREMO","periodo":"1–15 ago 2026"},"geometry":{"type":"Polygon","coordinates":[[[-76.52697610842122,3.592638649755066],[-76.58548248189953,3.5925385772487606],[-76.61482518045746,3.6433935585759274],[-76.58566074247227,3.6943528331380837],[-76.52714779729712,3.694455749204007],[-76.4978059234274,3.6435965468631113],[-76.52697610842122,3.592638649755066]],[[-76.55657595818816,3.62055574912892],[-76.5566,3.6204],[-76.5559,3.6164999999999994],[-76.55657595818816,3.62055574912892]],[[-76.553,3.6375],[-76.5543,3.6353000000000004],[-76.55432587690271,3.6351323626737324],[-76.553,3.6375]],[[-76.53046417910447,3.6523955223880584],[-76.5305,3.6524],[-76.5325,3.6511000000000005],[-76.53046417910447,3.6523955223880584]],[[-76.5283,3.6519],[-76.52814819277108,3.6521060240963865],[-76.52958571428572,3.6522857142857146],[-76.5283,3.6519]],[[-76.5269,3.653800000000001],[-76.5269098765432,3.6538851851851857],[-76.52759999999996,3.6528500000000497],[-76.5269,3.653800000000001]]]}},{"type":"Feature","properties":{"id":"B102","v":16.7,"clase":"DEFICIT_EXTREMO","periodo":"1–15 ago 2026"},"geometry":{"type":"Polygon","coordinates":[[[-76.52714779729712,3.6944557492040078],[-76.58566074247227,3.6943528331380846],[-76.61500928048038,3.7452062320747204],[-76.58584401921287,3.7961668465550056],[-76.5273243174187,3.79627260680043],[-76.49797669516921,3.7454149080929784],[-76.52714779729712,3.6944557492040078]],[[-76.5432,3.7447000000000004],[-76.54319279661017,3.744627966101696],[-76.541,3.7452000000000014],[-76.5432,3.7447000000000004]],[[-76.53836676056338,3.747576338028173],[-76.5398,3.7468],[-76.541,3.7452000000000014],[-76.53836676056338,3.747576338028173]],[[-76.534,3.7485999999999984],[-76.53451381381383,3.748653153153153],[-76.53337424242424,3.745918181818199],[-76.534,3.7485999999999984]],[[-76.5317,3.7447000000000004],[-76.5332238095238,3.7455571428571397],[-76.5332,3.745499999999998],[-76.5317,3.7447000000000004]],[[-76.5359,3.7504999999999993],[-76.5369,3.748899999999999],[-76.53577444168735,3.7504945409429293],[-76.5359,3.7504999999999993]],[[-76.53564444444444,3.75048888888889],[-76.5354,3.7499999999999996],[-76.5350401869159,3.750462616822429],[-76.53564444444444,3.75048888888889]],[[-76.53381698113208,3.7504094339622647],[-76.5338,3.7504],[-76.53379626666667,3.750408533333333],[-76.53381698113208,3.7504094339622647]]]}},{"type":"Feature","properties":{"id":"B103","v":27.3,"clase":"DEFICIT_ALTO","periodo":"1–15 ago 2026"},"geometry":{"type":"Polygon","coordinates":[[[-76.58603231499453,3.897980610852342],[-76.52750567155339,3.8980892159144442],[-76.49815220703388,3.847233024460458],[-76.5273243174187,3.796272606800431],[-76.58584401921287,3.7961668465550065],[-76.61519849057532,3.847018659454068],[-76.60577692150761,3.863481395395127],[-76.59890000000001,3.863],[-76.59589854771784,3.8632609958506223],[-76.60560479844092,3.8637821497769753],[-76.58603231499453,3.897980610852342]],[[-76.5931547008547,3.8631136752136737],[-76.59278361581922,3.8630209039548036],[-76.5929,3.8630999999999998],[-76.5931547008547,3.8631136752136737]],[[-76.5745766055046,3.848143577981652],[-76.5734,3.8480999999999996],[-76.5673,3.849899999999999],[-76.5745766055046,3.848143577981652]],[[-76.561,3.8482],[-76.56194270548498,3.847447740067547],[-76.5438,3.8562],[-76.5603,3.8483],[-76.5673,3.849899999999999],[-76.561,3.8482]],[[-76.59268726333906,3.8629554216867423],[-76.5926889027743,3.862956535866029],[-76.5915,3.858299999999998],[-76.5886,3.8550000000000004],[-76.5913,3.8581],[-76.59268726333906,3.8629554216867423]],[[-76.5945,3.8233916666666663],[-76.59440000000001,3.8234000000000012],[-76.5945,3.8256],[-76.5945,3.8233916666666663]],[[-76.5955,3.8234000000000012],[-76.59553142857143,3.823305714285715],[-76.59500000000001,3.823349999999999],[-76.5955,3.8234000000000012]],[[-76.57104845360823,3.8401422680412574],[-76.57056250000005,3.840569318181789],[-76.5709,3.8403000000000005],[-76.57104845360823,3.8401422680412574]],[[-76.57550000000002,3.8181],[-76.57520507462688,3.818962089552241],[-76.5767,3.8169999999999993],[-76.57550000000002,3.8181]]]}},{"type":"Feature","properties":{"id":"B104","v":18.4,"clase":"DEFICIT_EXTREMO","periodo":"1–15 ago 2026"},"geometry":{"type":"Polygon","coordinates":[[[-76.52769186254527,3.9999055699190547],[-76.49833246177354,3.949050889345498],[-76.52750567155339,3.8980892159144442],[-76.58603231499453,3.897980610852342],[-76.61539281370878,3.948830834059331],[-76.58944963755076,3.994161093191545],[-76.5894,3.9941],[-76.5879,3.986100000000001],[-76.5879,3.9803],[-76.5938,3.9722999999999997],[-76.5916,3.9701000000000004],[-76.5903,3.9701000000000004],[-76.5863,3.9728000000000008],[-76.5824,3.978499999999999],[-76.5785,3.978700000000001],[-76.5741,3.984600000000001],[-76.57230000000001,3.9857999999999993],[-76.5645,3.9875999999999996],[-76.5593,3.9911000000000008],[-76.5577,3.9963],[-76.5585513476076,3.999847334355169],[-76.52769186254527,3.9999055699190547]]]}},{"type":"Feature","properties":{"id":"B105","v":15.8,"clase":"DEFICIT_EXTREMO","periodo":"1–15 ago 2026"},"geometry":{"type":"Polygon","coordinates":[[[-76.49851746221547,4.050868496131001],[-76.52769186254527,3.9999055699190547],[-76.5585513476076,3.999847334355169],[-76.5601,4.006300000000001],[-76.5591,4.0088],[-76.5493,4.011900000000001],[-76.5478,4.011],[-76.5435,4.0112],[-76.5381,4.015099999999999],[-76.5373,4.016200000000001],[-76.5375,4.0178],[-76.5419,4.0249],[-76.5417,4.027799999999999],[-76.5403,4.0301],[-76.5419,4.035299999999999],[-76.5415,4.043699999999999],[-76.5376,4.045],[-76.5358,4.053499999999999],[-76.5308,4.059499999999999],[-76.5253,4.0619],[-76.5244,4.0673],[-76.5233,4.0678],[-76.5144,4.066000000000002],[-76.5093,4.062899999999999],[-76.50585390540307,4.06357423837412],[-76.49851746221547,4.050868496131001]]]}},{"type":"Feature","properties":{"id":"B106","v":17.0,"clase":"DEFICIT_EXTREMO","periodo":"1–15 ago 2026"},"geometry":{"type":"Polygon","coordinates":[[[-76.49890171189186,4.254502908950187],[-76.50201410301325,4.24906653912031],[-76.5059,4.2519],[-76.5071,4.254399999999999],[-76.5055,4.2562],[-76.508,4.2616],[-76.509,4.2679],[-76.5152,4.270900000000001],[-76.5159,4.2730999999999995],[-76.5181,4.2746],[-76.5211,4.282299999999999],[-76.52620000000002,4.2878],[-76.5294,4.295300000000001],[-76.5295,4.302100000000001],[-76.52819759495162,4.305211303847464],[-76.49890171189186,4.254502908950187]]]}},{"type":"Feature","properties":{"id":"B107","v":17.6,"clase":"DEFICIT_EXTREMO","periodo":"1–15 ago 2026"},"geometry":{"type":"MultiPolygon","coordinates":[[[[-76.49910096715776,4.356319701765091],[-76.5253999997769,4.310382920896097],[-76.5254,4.3111999999999995],[-76.5284,4.3183],[-76.5276,4.321899999999999],[-76.5279,4.323499999999999],[-76.5355,4.3274],[-76.5368,4.3308],[-76.5424,4.334599999999999],[-76.5493,4.3370999999999995],[-76.5495,4.3398],[-76.5479,4.3489],[-76.54830000000001,4.3509],[-76.5526,4.3575],[-76.5577,4.361599999999999],[-76.5615,4.368199999999999],[-76.562,4.3705],[-76.5592,4.3773],[-76.5597,4.3799],[-76.5578,4.3831],[-76.5582,4.3866000000000005],[-76.5548,4.3934],[-76.5553,4.399],[-76.5533,4.401399999999999],[-76.5497,4.402399999999999],[-76.5466,4.4009],[-76.5453,4.396999999999999],[-76.5395,4.3963],[-76.5369,4.3974],[-76.5355,4.400600000000001],[-76.5327,4.401],[-76.52653045684586,4.403786245449769],[-76.49910096715776,4.356319701765091]]],[[[-76.52775406606541,4.306270842599358],[-76.5277,4.306399999999999],[-76.52763442778233,4.306479827327949],[-76.52775406606541,4.306270842599358]]]]}},{"type":"Feature","properties":{"id":"B108","v":30.4,"clase":"DEFICIT_ALTO","periodo":"1–15 ago 2026"},"geometry":{"type":"Polygon","coordinates":[[[-76.52633761269993,3.18536796612908],[-76.49717018527164,3.2363207858194194],[-76.47361911717533,3.236355439076909],[-76.4764,3.2343000000000006],[-76.4773,3.2326000000000006],[-76.4727,3.2288],[-76.4714,3.2288000000000006],[-76.4692,3.230599999999999],[-76.467,3.2302999999999993],[-76.4654,3.2285999999999992],[-76.4654,3.2275],[-76.4713,3.2264999999999997],[-76.4733,3.2160999999999995],[-76.4755,3.2164000000000006],[-76.4772,3.2211999999999996],[-76.4795,3.2223],[-76.4817,3.2209],[-76.4806,3.2164],[-76.4851,3.2131],[-76.4874,3.2139],[-76.4888,3.2173999999999996],[-76.4909,3.2174],[-76.4917,3.2161],[-76.4927,3.2065],[-76.4973,3.2041],[-76.4982,3.2020999999999997],[-76.4988,3.1982000000000004],[-76.4981,3.1973],[-76.4967,3.1971],[-76.4934,3.1987999999999994],[-76.491,3.197499999999999],[-76.4914,3.1918999999999995],[-76.4901,3.1878],[-76.4934,3.1818],[-76.4927,3.1796000000000006],[-76.488,3.176],[-76.4871,3.1737999999999995],[-76.4884,3.1705],[-76.4898,3.1698999999999993],[-76.491,3.1740999999999997],[-76.4925,3.1760999999999995],[-76.4949,3.1763000000000003],[-76.4963,3.1754],[-76.4972,3.1711999999999994],[-76.4956,3.1659999999999995],[-76.4972,3.1656],[-76.5019,3.1665999999999994],[-76.5028,3.1651999999999996],[-76.502,3.1621000000000006],[-76.5024,3.1594],[-76.5069,3.1582999999999997],[-76.5078,3.1572999999999998],[-76.5068,3.154199999999999],[-76.5008,3.1496999999999993],[-76.5008,3.1439999999999997],[-76.50261289666578,3.144201433797833],[-76.52633761269993,3.18536796612908]]]}},{"type":"Feature","properties":{"id":"B109","v":35.9,"clase":"DEFICIT_MODERADO","periodo":"1–15 ago 2026"},"geometry":{"type":"Polygon","coordinates":[[[-76.49717018527164,3.23632078581942],[-76.52649000273962,3.287185966633906],[-76.49732202254336,3.338140060242183],[-76.43882888193822,3.3382277884633456],[-76.42400976681928,3.3125175685639383],[-76.4325,3.3128999999999995],[-76.4478,3.317099999999999],[-76.4538,3.3239999999999994],[-76.45610000000002,3.325699999999999],[-76.4571,3.3255999999999997],[-76.4562,3.3270999999999997],[-76.4571,3.3286],[-76.4601119047619,3.3288738095238086],[-76.4588,3.3247999999999993],[-76.4616,3.3217999999999996],[-76.4609,3.3176],[-76.4615,3.3166],[-76.4638,3.3165999999999998],[-76.4663,3.3206],[-76.4679,3.3203999999999994],[-76.4675,3.3139],[-76.4686,3.3105999999999995],[-76.4706,3.3115],[-76.4724,3.3138999999999994],[-76.4725,3.3176],[-76.4734,3.3195999999999994],[-76.47620000000002,3.3206],[-76.4784,3.3192999999999997],[-76.4783,3.316899999999999],[-76.476,3.3143000000000002],[-76.4755,3.3106999999999993],[-76.4732,3.3050000000000006],[-76.4772,3.3010000000000006],[-76.477,3.294999999999999],[-76.478,3.2935999999999996],[-76.48,3.2929],[-76.482,3.293499999999999],[-76.4836,3.295699999999999],[-76.485,3.303],[-76.488,3.3048999999999995],[-76.4903,3.3041],[-76.4912,3.3017999999999996],[-76.4902,3.2999000000000005],[-76.4903,3.2974],[-76.4942,3.2925999999999997],[-76.4927,3.2894999999999994],[-76.4889,3.2885999999999997],[-76.47880000000002,3.2896999999999994],[-76.4748,3.2871999999999995],[-76.4746,3.2853],[-76.4753,3.2843999999999993],[-76.47880000000002,3.2862000000000005],[-76.4814,3.2865999999999995],[-76.4852,3.2854],[-76.4868,3.283999999999999],[-76.4872,3.2825],[-76.4852,3.2794000000000003],[-76.483,3.2783000000000007],[-76.4806,3.2782],[-76.4766,3.2809000000000004],[-76.4742,3.2807],[-76.471,3.2751999999999994],[-76.4718,3.2708],[-76.4706,3.2700000000000005],[-76.4656,3.269599999999999],[-76.4608,3.2663000000000006],[-76.4638,3.2628999999999997],[-76.4636,3.2611999999999997],[-76.4609,3.259199999999999],[-76.4599,3.2572],[-76.46,3.2548999999999997],[-76.4617,3.2526999999999995],[-76.4638,3.2525999999999997],[-76.4652,3.2562999999999995],[-76.4684,3.2583000000000006],[-76.4745,3.2583],[-76.47560000000001,3.2573000000000003],[-76.4751,3.2558000000000002],[-76.4708,3.255],[-76.4689,3.2526999999999995],[-76.4629,3.250599999999999],[-76.4621,3.2492],[-76.4615,3.2466999999999997],[-76.4625,3.2458000000000005],[-76.4642,3.2461],[-76.4673,3.2490999999999994],[-76.4694,3.2492999999999994],[-76.4711,3.2484000000000006],[-76.4707,3.2464000000000004],[-76.4652,3.2444000000000006],[-76.4648,3.2425],[-76.4666,3.2396999999999996],[-76.4691,3.240099999999999],[-76.4727,3.2447999999999997],[-76.4744,3.245199999999999],[-76.4751,3.2446999999999995],[-76.4752,3.2418999999999993],[-76.4721,3.2391000000000005],[-76.4718,3.2377000000000007],[-76.47361911717533,3.2363554390769096],[-76.49717018527164,3.23632078581942]],[[-76.4924,3.2847],[-76.49253825363826,3.2850871101871113],[-76.4943,3.2810999999999995],[-76.49428396946564,3.2810262595419895],[-76.4924,3.2847]],[[-76.4607,3.3307000000000007],[-76.46038979591837,3.3297367346938924],[-76.46036208000001,3.3320094399999913],[-76.4607,3.3307000000000007]]]}},{"type":"Feature","properties":{"id":"B110","v":41.4,"clase":"DEFICIT_MODERADO","periodo":"1–15 ago 2026"},"geometry":{"type":"Polygon","coordinates":[[[-76.43897933800106,3.440049526486678],[-76.40965488298906,3.3891818899803514],[-76.43882888193822,3.338227788463346],[-76.49732202254336,3.3381400602421833],[-76.52664721371895,3.3890037518332234],[-76.49747858967913,3.4399591163106495],[-76.46527342909994,3.440009334747066],[-76.4620682146219,3.43702265453404],[-76.4622,3.437600000000001],[-76.46519105262249,3.4400094617995323],[-76.43897933800106,3.440049526486678]],[[-76.46046508172363,3.4299994056463623],[-76.46017597402597,3.4280201298701307],[-76.4601,3.4284],[-76.46046508172363,3.4299994056463623]]]}},{"type":"Feature","properties":{"id":"B111","v":29.9,"clase":"DEFICIT_ALTO","periodo":"1–15 ago 2026"},"geometry":{"type":"Polygon","coordinates":[[[-76.49747858967913,3.43995911631065],[-76.52680924810004,3.490821315086319],[-76.4976398891314,3.541777947393766],[-76.439134341672,3.5418710400689672],[-76.40980451054824,3.491004817679909],[-76.43897933800106,3.4400495264866784],[-76.46519105262249,3.4400094617995327],[-76.4658,3.4404999999999997],[-76.46527342909994,3.440009334747066],[-76.49747858967913,3.43995911631065]],[[-76.488,3.5264],[-76.48873991150442,3.5220427433628423],[-76.4886,3.5223],[-76.488,3.5264]],[[-76.47724895591648,3.4608835266821347],[-76.4773,3.4607999999999994],[-76.47706470588236,3.4597411764705965],[-76.47724895591648,3.4608835266821347]],[[-76.4757528397566,3.451909127789047],[-76.4757528397566,3.4519091277890466],[-76.4727,3.4525],[-76.4757528397566,3.451909127789047]],[[-76.4751,3.4433],[-76.47490408163266,3.443112244897965],[-76.47506363636363,3.4435909090908976],[-76.4751,3.4433]]]}},{"type":"Feature","properties":{"id":"B112","v":8.5,"clase":"DEFICIT_EXTREMO","periodo":"1–15 ago 2026"},"geometry":{"type":"Polygon","coordinates":[[[-76.439134341672,3.5418710400689672],[-76.4976398891314,3.5417779473937663],[-76.52697610842122,3.5926386497550653],[-76.4978059234274,3.6435965468631113],[-76.4392938953798,3.643692322598073],[-76.40995859453324,3.592827517900007],[-76.439134341672,3.5418710400689672]],[[-76.47690000000001,3.5629999999999997],[-76.4853,3.5609],[-76.48554659832246,3.5607003727865814],[-76.47690000000001,3.5629999999999997]]]}},{"type":"Feature","properties":{"id":"B113","v":1.6,"clase":"DEFICIT_EXTREMO","periodo":"1–15 ago 2026"},"geometry":{"type":"Polygon","coordinates":[[[-76.41011713735878,3.6946499840377616],[-76.4392938953798,3.643692322598073],[-76.4978059234274,3.6435965468631113],[-76.52714779729712,3.694455749204007],[-76.49797669516921,3.7454149080929784],[-76.43945800162517,3.7455133674645804],[-76.41747604448801,3.707407786469278],[-76.4194,3.7063999999999986],[-76.41738618254381,3.7072520004750125],[-76.41011713735878,3.6946499840377616]],[[-76.4197746781116,3.7021848712446412],[-76.4196,3.7022999999999997],[-76.4194,3.7063999999999986],[-76.4197746781116,3.7021848712446412]],[[-76.42488846153846,3.6981307692307754],[-76.4252,3.6978999999999997],[-76.42523324099723,3.6976382271468027],[-76.42488846153846,3.6981307692307754]],[[-76.424272,3.686416000000007],[-76.42424285714286,3.6856000000000004],[-76.4242,3.6862],[-76.424272,3.686416000000007]],[[-76.42434862385323,3.684119266055036],[-76.42570410958903,3.6815589041096093],[-76.4244,3.683399999999999],[-76.42434862385323,3.684119266055036]],[[-76.4342,3.6752999999999996],[-76.4347,3.6733000000000007],[-76.43430095011877,3.670656294536816],[-76.4342,3.6752999999999996]],[[-76.43438032520325,3.6670050406504027],[-76.43502051282051,3.66567893772894],[-76.4344,3.6660999999999992],[-76.43438032520325,3.6670050406504027]],[[-76.4439,3.6645000000000008],[-76.4474,3.662199999999999],[-76.44734222222222,3.661918333333336],[-76.4439,3.6645000000000008]],[[-76.5062,3.699199999999998],[-76.5044,3.697099999999999],[-76.50407176399759,3.6969415412402125],[-76.50872071611258,3.70278414322257],[-76.5062,3.699199999999998]],[[-76.5015,3.695699999999998],[-76.5012081081081,3.6957668918918904],[-76.50249618320609,3.69618091603053],[-76.5015,3.695699999999998]],[[-76.5126,3.7082999999999995],[-76.5112806153846,3.7064239999999877],[-76.5114,3.7072000000000003],[-76.512585,3.7083850000000056],[-76.5126,3.7082999999999995]],[[-76.4223,3.6780999999999993],[-76.42506265223275,3.6786715832205674],[-76.4251,3.6786000000000003],[-76.4223,3.6780999999999993]]]}},{"type":"Feature","properties":{"id":"B114","v":24.4,"clase":"DEFICIT_ALTO","periodo":"1–15 ago 2026"},"geometry":{"type":"Polygon","coordinates":[[[-76.43945800162517,3.7455133674645804],[-76.49797669516921,3.7454149080929784],[-76.5273243174187,3.79627260680043],[-76.49815220703388,3.847233024460457],[-76.43962666298079,3.8473341680618884],[-76.4102801415101,3.7964722094930607],[-76.43945800162517,3.7455133674645804]],[[-76.44835222305953,3.8219359457422764],[-76.448,3.8218],[-76.4374,3.8246000000000007],[-76.44835222305953,3.8219359457422764]],[[-76.45104273858922,3.796557676348545],[-76.4513,3.7964000000000007],[-76.45215714285715,3.794665780730907],[-76.45104273858922,3.796557676348545]],[[-76.45539906542056,3.7881065420560853],[-76.4556,3.7877],[-76.4556,3.78669999999994],[-76.45539906542056,3.7881065420560853]],[[-76.4556,3.785746153846179],[-76.4556,3.785100000000001],[-76.4544,3.7827000000000006],[-76.4556,3.785746153846179]],[[-76.45504463176574,3.77052759538598],[-76.4551,3.7702000000000004],[-76.4512,3.765499999999999],[-76.45504463176574,3.77052759538598]],[[-76.4533,3.7616],[-76.4531,3.7595000000000005],[-76.45296019417475,3.7593912621359165],[-76.4533,3.7616]],[[-76.4675,3.8306999999999984],[-76.46188541114066,3.8266501326260443],[-76.4688,3.8321999999999985],[-76.4675,3.8306999999999984]],[[-76.48002487309644,3.834886294416242],[-76.4795,3.834600000000001],[-76.4688,3.8321999999999985],[-76.48002487309644,3.834886294416242]],[[-76.47922202166066,3.8448541516245416],[-76.4791,3.845300000000001],[-76.47935679012346,3.845797530864203],[-76.47922202166066,3.8448541516245416]]]}},{"type":"Feature","properties":{"id":"B115","v":13.7,"clase":"DEFICIT_EXTREMO","periodo":"1–15 ago 2026"},"geometry":{"type":"Polygon","coordinates":[[[-76.43962666298079,3.8473341680618893],[-76.49815220703388,3.847233024460458],[-76.52750567155339,3.8980892159144442],[-76.49833246177354,3.949050889345497],[-76.43979988209153,3.949154717786272],[-76.41044760954307,3.8982941876686468],[-76.43962666298079,3.8473341680618893]],[[-76.5092,3.8773999999999997],[-76.50279867172675,3.875233396584437],[-76.50350000000002,3.8755999999999995],[-76.5092,3.8773999999999997]],[[-76.4757995402299,3.864836091954023],[-76.484,3.8679000000000006],[-76.4778,3.8654000000000006],[-76.47860547945206,3.865313698630137],[-76.4757995402299,3.864836091954023]],[[-76.4806,3.8651],[-76.4845,3.862599999999999],[-76.48031077844311,3.8651309880239513],[-76.4806,3.8651]],[[-76.4881,3.8587],[-76.4886275862069,3.8575206896551597],[-76.4875857142857,3.8592571428571567],[-76.4881,3.8587]],[[-76.4898,3.8549],[-76.48916315789474,3.8546105263157906],[-76.48968119440916,3.855165565438371],[-76.4898,3.8549]]]}},{"type":"Feature","properties":{"id":"B116","v":13.5,"clase":"DEFICIT_EXTREMO","periodo":"1–15 ago 2026"},"geometry":{"type":"Polygon","coordinates":[[[-76.43979988209153,3.9491547177862727],[-76.49833246177354,3.949050889345498],[-76.52769186254527,3.9999055699190547],[-76.49851746221547,4.050868496131001],[-76.43997766167453,4.050975010036971],[-76.41061954408431,4.00011591197019],[-76.43979988209153,3.9491547177862727]],[[-76.41848829536528,3.9891926158680233],[-76.41841794871797,3.9909512820512703],[-76.4187,3.9894000000000003],[-76.41848829536528,3.9891926158680233]],[[-76.41833053435114,3.9914320610687044],[-76.41775000000001,3.991699999999998],[-76.4183,3.991600000000001],[-76.41833053435114,3.9914320610687044]],[[-76.41712063492062,3.9919904761904816],[-76.4171,3.9919999999999987],[-76.41704831460677,3.9921640449437485],[-76.41712063492062,3.9919904761904816]]]}},{"type":"Feature","properties":{"id":"B117","v":13.7,"clase":"DEFICIT_EXTREMO","periodo":"1–15 ago 2026"},"geometry":{"type":"Polygon","coordinates":[[[-76.44016000451924,4.152795038216264],[-76.41079594783128,4.10193737580637],[-76.43997766167453,4.050975010036971],[-76.49851746221547,4.050868496131001],[-76.50585390540307,4.06357423837412],[-76.5047,4.0638],[-76.5008,4.062600000000001],[-76.4989,4.063799999999998],[-76.4974,4.066699999999999],[-76.4944,4.069499999999999],[-76.4902,4.081399999999999],[-76.4844,4.089599999999999],[-76.4804,4.093399999999999],[-76.4787,4.0972],[-76.4727,4.1036],[-76.4673,4.120900000000001],[-76.4629,4.130299999999999],[-76.4585,4.1366000000000005],[-76.4569,4.140299999999999],[-76.453,4.1449],[-76.45077017901616,4.152775571255428],[-76.44016000451924,4.152795038216264]],[[-76.4952,4.0595],[-76.4984072243346,4.062157414448671],[-76.49830000000001,4.0618],[-76.4952,4.0595]],[[-76.47759408284024,4.05275798816568],[-76.48293266666664,4.053810666666658],[-76.478,4.0527],[-76.47759408284024,4.05275798816568]]]}},{"type":"Feature","properties":{"id":"B118","v":14.9,"clase":"DEFICIT_EXTREMO","periodo":"1–15 ago 2026"},"geometry":{"type":"Polygon","coordinates":[[[-76.49890171189186,4.254502908950186],[-76.44034691348756,4.254614795729549],[-76.4109768235523,4.2037585725889555],[-76.44016000451924,4.152795038216264],[-76.45077017901616,4.152775571255428],[-76.4483,4.1615],[-76.447,4.1648],[-76.4461,4.1735],[-76.4449,4.1757],[-76.4453,4.185899999999999],[-76.4444,4.190599999999999],[-76.4467,4.2044999999999995],[-76.4479,4.2065],[-76.4501,4.2075],[-76.4511,4.2091],[-76.4517,4.2116],[-76.4513,4.215699999999999],[-76.4541,4.219699999999999],[-76.4537,4.224099999999999],[-76.455,4.2295],[-76.458,4.2315],[-76.4654,4.2327],[-76.4712,4.2304],[-76.4778,4.234],[-76.4871,4.235499999999999],[-76.4873,4.239899999999999],[-76.4903,4.2437000000000005],[-76.4946,4.245199999999998],[-76.499,4.2481],[-76.5011,4.2484],[-76.50201410301325,4.24906653912031],[-76.49890171189186,4.254502908950186]]]}},{"type":"Feature","properties":{"id":"B119","v":16.5,"clase":"DEFICIT_EXTREMO","periodo":"1–15 ago 2026"},"geometry":{"type":"Polygon","coordinates":[[[-76.49910096715776,4.3563197017650905],[-76.440538391514,4.3564342759854116],[-76.41116217408681,4.305579495732876],[-76.44034691348756,4.25461479572955],[-76.49890171189186,4.254502908950187],[-76.52819759495162,4.305211303847464],[-76.52775406606541,4.306270842599355],[-76.52763442778233,4.3064798273279505],[-76.5254,4.309200000000001],[-76.5253999997769,4.310382920896096],[-76.49910096715776,4.3563197017650905]]]}},{"type":"Feature","properties":{"id":"B120","v":17.1,"clase":"DEFICIT_EXTREMO","periodo":"1–15 ago 2026"},"geometry":{"type":"Polygon","coordinates":[[[-76.41135200234537,4.4074001386563015],[-76.440538391514,4.356434275985412],[-76.49910096715776,4.356319701765091],[-76.52653045684586,4.403786245449769],[-76.5265,4.403799999999999],[-76.5213,4.4047],[-76.5175,4.4032],[-76.5155,4.4032],[-76.5115,4.4053],[-76.5063,4.410299999999999],[-76.5031,4.411200000000001],[-76.502,4.413199999999999],[-76.4986,4.412699999999999],[-76.4959,4.4142],[-76.4918,4.413199999999999],[-76.4821,4.4141],[-76.472,4.4243999999999994],[-76.4608,4.430499999999999],[-76.458,4.4309],[-76.4566,4.432800000000002],[-76.4521,4.433900000000001],[-76.4498,4.4366],[-76.4488,4.4403],[-76.4444,4.441600000000002],[-76.4349,4.4418],[-76.43304716133487,4.444949838373715],[-76.41135200234537,4.4074001386563015]]]}},{"type":"Feature","properties":{"id":"B121","v":31.7,"clase":"DEFICIT_ALTO","periodo":"1–15 ago 2026"},"geometry":{"type":"Polygon","coordinates":[[[-76.43882888193822,3.338227788463346],[-76.40965488298906,3.3891818899803514],[-76.35115645980859,3.3892656400216663],[-76.32183811703014,3.3383927667718467],[-76.35101730623448,3.287439969905698],[-76.35409915255481,3.287435776030282],[-76.3562,3.2889],[-76.3593,3.2894999999999994],[-76.3621,3.2888],[-76.36384489590971,3.2874224508315724],[-76.36422354017233,3.2874219311891935],[-76.3651,3.2878999999999996],[-76.36662432964889,3.2874186330466184],[-76.3674592540175,3.287417484690283],[-76.3713,3.2883999999999998],[-76.37310000000001,3.2880999999999996],[-76.3742,3.2892],[-76.3753,3.2888999999999995],[-76.3802,3.2908999999999993],[-76.3889,3.2920000000000003],[-76.3905,3.2936],[-76.3936,3.295],[-76.3999,3.2972999999999995],[-76.4058,3.298299999999999],[-76.4076,3.3017999999999996],[-76.4141,3.305],[-76.4171,3.3102000000000005],[-76.4214,3.3124],[-76.42400976681928,3.3125175685639383],[-76.43882888193822,3.338227788463346]]]}},{"type":"Feature","properties":{"id":"B122","v":27.0,"clase":"DEFICIT_ALTO","periodo":"1–15 ago 2026"},"geometry":{"type":"Polygon","coordinates":[[[-76.35115645980859,3.389265640021667],[-76.40965488298906,3.3891818899803523],[-76.43897933800106,3.4400495264866784],[-76.40980451054824,3.491004817679909],[-76.3512998827685,3.4910910897679726],[-76.32197634862207,3.440219548377342],[-76.35115645980859,3.389265640021667]]]}},{"type":"Feature","properties":{"id":"B123","v":14.2,"clase":"DEFICIT_EXTREMO","periodo":"1–15 ago 2026"},"geometry":{"type":"Polygon","coordinates":[[[-76.3512998827685,3.491091089767973],[-76.40980451054824,3.4910048176799093],[-76.439134341672,3.5418710400689672],[-76.40995859453324,3.592827517900007],[-76.35144757736138,3.592916312554336],[-76.3221187583345,3.5420461065655187],[-76.3512998827685,3.491091089767973]]]}},{"type":"Feature","properties":{"id":"B124","v":4.7,"clase":"DEFICIT_EXTREMO","periodo":"1–15 ago 2026"},"geometry":{"type":"Polygon","coordinates":[[[-76.35144757736138,3.592916312554337],[-76.40995859453324,3.592827517900008],[-76.4392938953798,3.643692322598073],[-76.41011713735878,3.6946499840377616],[-76.35159954590198,3.6947413017931865],[-76.32226534839909,3.6438724347548495],[-76.35144757736138,3.592916312554337]]]}},{"type":"Feature","properties":{"id":"B125","v":5.8,"clase":"DEFICIT_EXTREMO","periodo":"1–15 ago 2026"},"geometry":{"type":"Polygon","coordinates":[[[-76.35175579077261,3.79656605089974],[-76.32241612111359,3.74569852636657],[-76.35159954590198,3.694741301793187],[-76.41011713735878,3.6946499840377625],[-76.41738618254381,3.7072520004750125],[-76.4168,3.7075],[-76.4131,3.707300000000001],[-76.41278288288288,3.7076963963963965],[-76.4173,3.7075],[-76.41747604448801,3.707407786469278],[-76.43945800162517,3.7455133674645804],[-76.4102801415101,3.7964722094930607],[-76.38880844542847,3.796507100259399],[-76.38883157894738,3.7962526315789367],[-76.38866177552521,3.796507336752549],[-76.35175579077261,3.79656605089974]],[[-76.38892,3.7952799999999995],[-76.389,3.7944000000000004],[-76.38882283737024,3.79440553633218],[-76.38892,3.7952799999999995]],[[-76.387,3.7775999999999996],[-76.3883,3.780199999999999],[-76.38864666666667,3.780546666666676],[-76.387,3.7775999999999996]],[[-76.3898,3.7816999999999945],[-76.3914,3.7833],[-76.3921111111111,3.783497530864196],[-76.3898,3.7816999999999945]],[[-76.39509677419356,3.784326881720433],[-76.3986,3.785299999999999],[-76.39907444298821,3.7851339449541292],[-76.39509677419356,3.784326881720433]],[[-76.39996682297773,3.7775608440797224],[-76.400812109375,3.7821253906250014],[-76.4009,3.7811000000000017],[-76.4002,3.777800000000001],[-76.39996682297773,3.7775608440797224]],[[-76.3974,3.7671],[-76.39768951612903,3.7619852150537563],[-76.3975,3.7622],[-76.3974,3.7671]],[[-76.3980487804878,3.7615780487804944],[-76.40065862068965,3.7599172413793096],[-76.39900000000002,3.7604999999999995],[-76.3980487804878,3.7615780487804944]],[[-76.40092979552092,3.7402139240506327],[-76.40110930232558,3.739695348837213],[-76.4009,3.7401],[-76.40092979552092,3.7402139240506327]],[[-76.40231030927835,3.737373402061852],[-76.4068,3.7345],[-76.4024,3.7371999999999996],[-76.40231030927835,3.737373402061852]],[[-76.4124,3.7200000000000006],[-76.4128,3.717],[-76.41235376344086,3.7145903225806527],[-76.4124,3.7200000000000006]],[[-76.41230934065935,3.7093928571428503],[-76.41266756756757,3.7078405405405412],[-76.4123,3.7083],[-76.41230934065935,3.7093928571428503]],[[-76.4238,3.7335],[-76.4228,3.7299999999999995],[-76.42270666666667,3.729946666666671],[-76.4238,3.7335]],[[-76.42180833333333,3.729433333333334],[-76.4214,3.7292],[-76.42112296819788,3.7292890459363965],[-76.42180833333333,3.729433333333334]],[[-76.3853,3.7453],[-76.3839,3.7406999999999995],[-76.38357540983606,3.7404893011216536],[-76.3853,3.7453]],[[-76.3700364864865,3.731340540540544],[-76.37180000000001,3.7333000000000003],[-76.37183969465649,3.7333129770992395],[-76.3702,3.7314],[-76.3700364864865,3.731340540540544]],[[-76.36967391304344,3.7312086956521644],[-76.368,3.730599999999999],[-76.36780487804879,3.730685365853657],[-76.36967391304344,3.7312086956521644]],[[-76.36468558456299,3.731958683314414],[-76.36358736842104,3.731562105263151],[-76.3646,3.731999999999999],[-76.36468558456299,3.731958683314414]],[[-76.33938936170213,3.7186627659574447],[-76.33933333333333,3.7184666666666555],[-76.3393,3.7186999999999997],[-76.33938936170213,3.7186627659574447]],[[-76.33923529411766,3.718123529411761],[-76.3392,3.7179999999999986],[-76.3382,3.718899999999999],[-76.33923529411766,3.718123529411761]]]}},{"type":"Feature","properties":{"id":"B126","v":0.3,"clase":"DEFICIT_EXTREMO","periodo":"1–15 ago 2026"},"geometry":{"type":"Polygon","coordinates":[[[-76.4102801415101,3.7964722094930616],[-76.43962666298079,3.8473341680618893],[-76.41044760954307,3.8982941876686468],[-76.35191631442332,3.898390553292084],[-76.322571078842,3.847524374824746],[-76.35175579077261,3.7965660508997408],[-76.38866177552521,3.7965073367525495],[-76.38855217391304,3.7966717391304363],[-76.3888,3.7965999999999998],[-76.38880844542847,3.7965071002594],[-76.4102801415101,3.7964722094930616]],[[-76.38295,3.821325],[-76.38290465116279,3.8216197674418613],[-76.3831,3.8213999999999992],[-76.38295,3.821325]],[[-76.3723,3.8142000000000005],[-76.3761,3.815799999999999],[-76.37231176470588,3.8139058823529375],[-76.3723,3.8142000000000005]],[[-76.3693,3.8099],[-76.37240000000001,3.8117000000000014],[-76.36917973568282,3.809711013215855],[-76.3693,3.8099]],[[-76.36467561983471,3.7984061983471147],[-76.3679,3.8076999999999996],[-76.36885988023953,3.8092083832335355],[-76.3651,3.798700000000001],[-76.36467561983471,3.7984061983471147]],[[-76.36372857142857,3.7978357142857133],[-76.36386842105263,3.797847368421053],[-76.3638,3.797799999999999],[-76.36372857142857,3.7978357142857133]],[[-76.3742,3.8104],[-76.3754,3.808099999999999],[-76.37528763505402,3.8077715486194474],[-76.3742,3.8104]],[[-76.3740278409091,3.8022073863636394],[-76.37402258064516,3.8020548387096773],[-76.374,3.8021000000000003],[-76.3740278409091,3.8022073863636394]],[[-76.37534516129033,3.7994096774193507],[-76.37606949152543,3.798937288135593],[-76.3755,3.799100000000001],[-76.37534516129033,3.7994096774193507]],[[-76.37820869565218,3.798326086956521],[-76.37833684210526,3.798342105263158],[-76.3783,3.7982999999999993],[-76.37820869565218,3.798326086956521]]]}},{"type":"Feature","properties":{"id":"B127","v":7.9,"clase":"DEFICIT_EXTREMO","periodo":"1–15 ago 2026"},"geometry":{"type":"Polygon","coordinates":[[[-76.35191631442332,3.898390553292084],[-76.41044760954307,3.8982941876686468],[-76.43979988209153,3.9491547177862727],[-76.41061954408431,4.00011591197019],[-76.35208111937192,4.000214802391246],[-76.32273022401459,3.949349973556357],[-76.32714160702427,3.9416479325923266],[-76.32718585690515,3.941670549084853],[-76.32714570343026,3.941640780432736],[-76.35191631442332,3.898390553292084]],[[-76.3318,3.9426999999999985],[-76.32832946428572,3.9422550595238093],[-76.3292,3.9426999999999994],[-76.3318,3.9426999999999985]],[[-76.33280000000002,3.9419],[-76.333,3.941099999999999],[-76.3318,3.9426999999999985],[-76.33280000000002,3.9419]],[[-76.33963797468354,3.929117721518991],[-76.33967450980391,3.9295196078431385],[-76.3398,3.929299999999999],[-76.33963797468354,3.929117721518991]]]}},{"type":"Feature","properties":{"id":"B128","v":11.2,"clase":"DEFICIT_EXTREMO","periodo":"1–15 ago 2026"},"geometry":{"type":"Polygon","coordinates":[[[-76.35208111937192,4.000214802391246],[-76.41061954408431,4.00011591197019],[-76.43997766167453,4.050975010036971],[-76.41079594783128,4.10193737580637],[-76.35225020820418,4.10203879162128],[-76.32289355912798,4.0511753159913715],[-76.35208111937192,4.000214802391246]],[[-76.41564788273615,4.009782084690553],[-76.4125,4.008700000000001],[-76.41564788273615,4.009782084690555],[-76.41564788273615,4.009782084690553]],[[-76.40612508361204,4.004617056856186],[-76.406,4.0046],[-76.4046,4.007000000000001],[-76.40612508361204,4.004617056856186]],[[-76.42169679144385,4.0466684491978615],[-76.4261,4.0482],[-76.422,4.046499999999999],[-76.42169679144385,4.0466684491978615]],[[-76.4086,4.055100000000001],[-76.4089625,4.055162499999997],[-76.40854857142858,4.054748571428578],[-76.4086,4.055100000000001]],[[-76.4082,4.037300000000001],[-76.4097,4.043999999999999],[-76.4081231534091,4.0336113636363695],[-76.4082,4.037300000000001]],[[-76.4081,4.032499999999999],[-76.4081017857143,4.032585714285707],[-76.4099,4.0287999999999995],[-76.4081,4.032499999999999]],[[-76.4125,4.018],[-76.4122,4.021800000000001],[-76.41259122807017,4.0178877192982405],[-76.4125,4.018]],[[-76.4139,4.0146999999999995],[-76.4138,4.0164],[-76.41418608695652,4.014373043478264],[-76.4139,4.0146999999999995]],[[-76.4146,4.013899999999999],[-76.41426296296297,4.0142851851851855],[-76.4159,4.013899999999999],[-76.4146,4.013899999999999]]]}},{"type":"Feature","properties":{"id":"B129","v":13.9,"clase":"DEFICIT_EXTREMO","periodo":"1–15 ago 2026"},"geometry":{"type":"Polygon","coordinates":[[[-76.35225020820418,4.102038791621281],[-76.41079594783128,4.101937375806371],[-76.44016000451924,4.152795038216264],[-76.4109768235523,4.2037585725889555],[-76.35242358357384,4.203862514409345],[-76.32306108674531,4.153000395562837],[-76.35225020820418,4.102038791621281]]]}},{"type":"Feature","properties":{"id":"B130","v":15.2,"clase":"DEFICIT_EXTREMO","periodo":"1–15 ago 2026"},"geometry":{"type":"Polygon","coordinates":[[[-76.35242358357384,4.203862514409346],[-76.4109768235523,4.203758572588956],[-76.44034691348756,4.25461479572955],[-76.41116217408681,4.305579495732876],[-76.3526012482027,4.305685964185774],[-76.32323280949629,4.254825205706941],[-76.35242358357384,4.203862514409346]],[[-76.4083,4.2943],[-76.40829048843187,4.2945377892030825],[-76.4114,4.2924],[-76.4083,4.2943]],[[-76.40670666666666,4.299786666666666],[-76.407,4.2997],[-76.4082,4.296799999999999],[-76.40670666666666,4.299786666666666]],[[-76.37169146421537,4.304232632961263],[-76.37180000000001,4.304299999999999],[-76.37690000000002,4.3024],[-76.37169146421537,4.304232632961263]]]}},{"type":"Feature","properties":{"id":"B131","v":16.3,"clase":"DEFICIT_EXTREMO","periodo":"1–15 ago 2026"},"geometry":{"type":"Polygon","coordinates":[[[-76.3526012482027,4.305685964185774],[-76.41116217408681,4.305579495732876],[-76.440538391514,4.356434275985412],[-76.41135200234537,4.4074001386563015],[-76.35278320488081,4.407509134384161],[-76.32340873007729,4.356649739863101],[-76.3526012482027,4.305685964185774]]]}},{"type":"Feature","properties":{"id":"B132","v":16.8,"clase":"DEFICIT_EXTREMO","periodo":"1–15 ago 2026"},"geometry":{"type":"Polygon","coordinates":[[[-76.35296945646652,4.509332018441436],[-76.32358885125149,4.45847399147404],[-76.35278320488081,4.407509134384161],[-76.41135200234537,4.4074001386563015],[-76.43304716133487,4.444949838373716],[-76.4309,4.448599999999999],[-76.4265,4.4469],[-76.41850000000001,4.4477],[-76.4179,4.4487],[-76.4187,4.451899999999998],[-76.4165,4.4553],[-76.4143,4.456900000000001],[-76.4107,4.4569],[-76.4086,4.459900000000001],[-76.4105,4.463199999999999],[-76.4102,4.465699999999998],[-76.4054,4.4689],[-76.4037,4.4728],[-76.4023,4.473999999999999],[-76.39580000000001,4.4735],[-76.3914,4.4757],[-76.3863,4.4812],[-76.3864,4.489600000000001],[-76.3827,4.492899999999999],[-76.3762,4.491899999999999],[-76.3692,4.489299999999999],[-76.3656,4.491299999999999],[-76.36450909090908,4.492775935828884],[-76.3649,4.492499999999999],[-76.368,4.4934],[-76.3709,4.4958],[-76.37240000000001,4.4971],[-76.3751,4.503100000000002],[-76.3791,4.508600000000001],[-76.37940811916836,4.509282267302851],[-76.35296945646652,4.509332018441436]],[[-76.3632,4.4937],[-76.36344215591917,4.49352906641001],[-76.35680000000002,4.492499999999999],[-76.3632,4.4937]],[[-76.34278888888888,4.4838936507936475],[-76.3483,4.4897],[-76.3428,4.4839],[-76.34278888888888,4.4838936507936475]],[[-76.34052105263157,4.482710526315791],[-76.3421,4.483500000000005],[-76.3407,4.4827],[-76.34052105263157,4.482710526315791]]]}},{"type":"Feature","properties":{"id":"B133","v":17.3,"clase":"DEFICIT_EXTREMO","periodo":"1–15 ago 2026"},"geometry":{"type":"Polygon","coordinates":[[[-76.32377317584893,4.560297953985865],[-76.35296945646652,4.5093320184414365],[-76.37940811916836,4.509282267302852],[-76.3805,4.511699999999999],[-76.3798,4.514599999999999],[-76.3807,4.516],[-76.3838,4.5177],[-76.3861,4.520400000000001],[-76.3905,4.522],[-76.3948,4.529399999999999],[-76.3999,4.533599999999999],[-76.4036,4.5344999999999995],[-76.4035,4.5355],[-76.4009,4.537599999999999],[-76.3934,4.541300000000001],[-76.3849,4.546700000000001],[-76.384,4.551099999999999],[-76.3841,4.557199999999998],[-76.3813,4.559599999999998],[-76.3747,4.5584999999999996],[-76.3679,4.5582],[-76.3655,4.5589],[-76.3633,4.5569999999999995],[-76.3609,4.5563],[-76.3573,4.5585],[-76.3446,4.561799999999999],[-76.3409,4.5672],[-76.3443,4.571299999999998],[-76.3448,4.5763],[-76.343,4.5787],[-76.3436,4.581699999999998],[-76.34,4.583100000000001],[-76.3382,4.582799999999999],[-76.33743658714808,4.583945119796412],[-76.32377317584893,4.560297953985865]]]}},{"type":"Feature","properties":{"id":"B134","v":26.1,"clase":"DEFICIT_ALTO","periodo":"1–15 ago 2026"},"geometry":{"type":"Polygon","coordinates":[[[-76.35101730623448,3.2874399699056975],[-76.32183811703014,3.3383927667718463],[-76.26334061582578,3.3384700159995706],[-76.2340282940232,3.287592107011742],[-76.24008841728893,3.2770123042694252],[-76.2409,3.2776000000000005],[-76.2425,3.2774],[-76.2428,3.2762999999999995],[-76.2463,3.276299999999999],[-76.2466,3.277399999999999],[-76.2509,3.279399999999999],[-76.2512,3.278499999999999],[-76.2522,3.2791000000000006],[-76.2531,3.278799999999999],[-76.2542,3.2797999999999994],[-76.255,3.2790000000000004],[-76.2558,3.2796],[-76.2565,3.279],[-76.2588,3.2796],[-76.2588,3.2812],[-76.2592,3.2802],[-76.2596,3.2811],[-76.2628,3.2821999999999996],[-76.2651,3.2809000000000004],[-76.2662,3.2788],[-76.2683,3.2784999999999993],[-76.2686,3.2773000000000003],[-76.2696,3.278099999999999],[-76.2718,3.2778999999999994],[-76.2729,3.2762999999999995],[-76.2762,3.2776000000000005],[-76.2765,3.2766],[-76.2773,3.2786999999999997],[-76.2769,3.2795000000000005],[-76.27830000000002,3.2796],[-76.2781,3.2802],[-76.2802,3.2823],[-76.2802,3.2832],[-76.2812,3.2827],[-76.282,3.2834],[-76.2824,3.2821999999999996],[-76.2831,3.2836],[-76.2838,3.2831],[-76.2846,3.2836],[-76.2864,3.2817999999999996],[-76.2877,3.2825999999999995],[-76.2882,3.2844999999999995],[-76.2897,3.2856000000000005],[-76.2919,3.2852999999999994],[-76.2928,3.2869],[-76.293,3.2861000000000002],[-76.2937,3.2867],[-76.2942,3.2849999999999997],[-76.2951,3.2864000000000004],[-76.296,3.286],[-76.2973,3.2866999999999993],[-76.2982,3.2866],[-76.2986,3.2856000000000005],[-76.2992,3.2863000000000007],[-76.3002,3.2856],[-76.3008,3.2863000000000007],[-76.3016,3.285100000000001],[-76.3026,3.2853999999999997],[-76.3029,3.2866000000000004],[-76.304,3.285299999999999],[-76.3046,3.2862],[-76.305,3.2855999999999996],[-76.3074,3.285799999999999],[-76.308,3.2848],[-76.3068,3.2847999999999997],[-76.3069,3.2841],[-76.3097,3.283],[-76.3097,3.2817000000000003],[-76.3106,3.2819],[-76.3105,3.2809999999999993],[-76.3117,3.2805],[-76.3144,3.2826000000000004],[-76.318,3.2812999999999994],[-76.3203,3.2818999999999994],[-76.3227,3.2801999999999993],[-76.3246,3.2817],[-76.3256,3.2808000000000006],[-76.3253,3.2820000000000005],[-76.3266,3.2826],[-76.33020000000002,3.2826999999999997],[-76.3354,3.2805999999999997],[-76.3365,3.2820000000000005],[-76.3386,3.2826000000000004],[-76.3431,3.2806000000000006],[-76.3435,3.2815],[-76.3434765625,3.2815328125],[-76.3441,3.2818],[-76.3436,3.2826999999999997],[-76.3457,3.2842],[-76.34997061631945,3.2856235474177287],[-76.35101730623448,3.2874399699056975]]]}},{"type":"Feature","properties":{"id":"B135","v":24.7,"clase":"DEFICIT_ALTO","periodo":"1–15 ago 2026"},"geometry":{"type":"Polygon","coordinates":[[[-76.26334061582578,3.338470015999571],[-76.32183811703014,3.3383927667718467],[-76.35115645980859,3.3892656400216663],[-76.32197634862207,3.4402195483773417],[-76.26347273408352,3.4402991592059773],[-76.23415540564199,3.3894224998577887],[-76.26334061582578,3.338470015999571]],[[-76.33234235294117,3.3918576470588233],[-76.3329,3.3919000000000006],[-76.33272857142856,3.3914714285714274],[-76.33234235294117,3.3918576470588233]],[[-76.32001430801247,3.377715452653487],[-76.32,3.377699999999999],[-76.314,3.3788000000000005],[-76.32001430801247,3.377715452653487]],[[-76.3043,3.3672999999999993],[-76.30222770448549,3.3667572559366747],[-76.3031,3.3673999999999995],[-76.3043,3.3672999999999993]],[[-76.29925,3.3659999999999997],[-76.2985172413793,3.365827586206895],[-76.2986,3.366],[-76.29925,3.3659999999999997]],[[-76.29841793103448,3.3656206896551857],[-76.2985,3.3648],[-76.2974139805825,3.36352912621357],[-76.29841793103448,3.3656206896551857]],[[-76.2917,3.3584999999999994],[-76.2907,3.3567000000000005],[-76.29066875,3.3567187500000015],[-76.2917,3.3584999999999994]],[[-76.2877,3.3571],[-76.2875,3.355999999999999],[-76.2858052631579,3.3547842105263195],[-76.2877,3.3571]],[[-76.28312999999999,3.3528649999999947],[-76.2829,3.3527],[-76.28277647058823,3.3526882352941176],[-76.28312999999999,3.3528649999999947]],[[-76.28114054054055,3.3525324324324326],[-76.2808,3.3524999999999996],[-76.2807924050633,3.352575949367088],[-76.28114054054055,3.3525324324324326]],[[-76.2703,3.3524],[-76.26905498489427,3.353836555891241],[-76.2692,3.3539],[-76.2703,3.3524]],[[-76.26223529411764,3.353535294117646],[-76.262,3.3535999999999997],[-76.25836000000015,3.356979999999862],[-76.26223529411764,3.353535294117646]],[[-76.2579922746781,3.3573214592274785],[-76.2578,3.3574999999999995],[-76.2571,3.3598],[-76.2579922746781,3.3573214592274785]]]}},{"type":"Feature","properties":{"id":"B136","v":17.8,"clase":"DEFICIT_EXTREMO","periodo":"1–15 ago 2026"},"geometry":{"type":"Polygon","coordinates":[[[-76.26347273408352,3.4402991592059777],[-76.32197634862207,3.440219548377342],[-76.3512998827685,3.4910910897679726],[-76.3221187583345,3.542046106565518],[-76.26360884568443,3.5421280794744643],[-76.23428641718856,3.4912526732786446],[-76.26347273408352,3.4402991592059777]],[[-76.32938196721312,3.457124590163935],[-76.3293,3.4571000000000005],[-76.3283,3.4586],[-76.32938196721312,3.457124590163935]],[[-76.3264,3.4578999999999995],[-76.32609834710745,3.4581413223140496],[-76.3283,3.4586],[-76.3264,3.4578999999999995]],[[-76.32440000000001,3.4595],[-76.325075,3.460753571428567],[-76.3252,3.4606999999999997],[-76.32440000000001,3.4595]],[[-76.32449999999999,3.4610000000000034],[-76.32375348837209,3.461248837209301],[-76.3238,3.4613000000000005],[-76.32449999999999,3.4610000000000034]],[[-76.322,3.4612999999999996],[-76.32264,3.4604200000000005],[-76.3224,3.4602],[-76.32184615384617,3.461215384615383],[-76.322,3.4612999999999996]],[[-76.31994251781472,3.4602783847980967],[-76.3198,3.4602000000000004],[-76.3189,3.4616999999999996],[-76.31994251781472,3.4602783847980967]],[[-76.3106,3.4684],[-76.30900515463917,3.471683505154638],[-76.3091,3.471699999999999],[-76.3106,3.4684]],[[-76.30756666666666,3.4714333333333327],[-76.3069,3.4712],[-76.306846,3.4713080000000005],[-76.30756666666666,3.4714333333333327]],[[-76.30722727272727,3.472636363636364],[-76.30717826086956,3.472660869565218],[-76.3073,3.4727],[-76.30722727272727,3.472636363636364]],[[-76.3062089201878,3.472349295774648],[-76.3046,3.4713],[-76.30170000000001,3.4709],[-76.3062089201878,3.472349295774648]],[[-76.2973,3.4725],[-76.2934,3.470799999999999],[-76.29320384615384,3.470842032967034],[-76.2973,3.4725]],[[-76.29226923076921,3.471042307692313],[-76.29069130434783,3.4713804347826085],[-76.29077904191617,3.4714769461077832],[-76.29226923076921,3.471042307692313]],[[-76.289325,3.470210000000005],[-76.2891,3.47],[-76.28896019417476,3.470064077669904],[-76.289325,3.470210000000005]],[[-76.2834,3.4700000000000006],[-76.2832,3.4686],[-76.28311403508772,3.468665497076016],[-76.2834,3.4700000000000006]],[[-76.2891,3.4738999999999995],[-76.2908,3.473199999999999],[-76.29079681528663,3.4731458598726075],[-76.2891,3.4738999999999995]]]}},{"type":"Feature","properties":{"id":"B137","v":11.3,"clase":"DEFICIT_EXTREMO","periodo":"1–15 ago 2026"},"geometry":{"type":"Polygon","coordinates":[[[-76.26360884568443,3.5421280794744647],[-76.3221187583345,3.5420461065655187],[-76.35144757736138,3.592916312554336],[-76.32226534839909,3.6438724347548495],[-76.2637489527616,3.6439567702378457],[-76.23442133071586,3.5930826207126887],[-76.26360884568443,3.5421280794744647]]]}},{"type":"Feature","properties":{"id":"B138","v":8.4,"clase":"DEFICIT_EXTREMO","periodo":"1–15 ago 2026"},"geometry":{"type":"Polygon","coordinates":[[[-76.2637489527616,3.6439567702378457],[-76.32226534839909,3.6438724347548495],[-76.35159954590198,3.6947413017931865],[-76.32241612111359,3.74569852636657],[-76.26389305751131,3.7457852249317014],[-76.23456014833856,3.69491233560104],[-76.2637489527616,3.6439567702378457]],[[-76.32669333333334,3.7085088888888915],[-76.3266,3.708400000000001],[-76.3249,3.7109],[-76.32669333333334,3.7085088888888915]],[[-76.2822,3.6939],[-76.2778,3.6896999999999998],[-76.2776494623656,3.6897451612903214],[-76.2822,3.6939]],[[-76.2577,3.686899999999999],[-76.2605,3.6865999999999994],[-76.263,3.6876000000000007],[-76.2603,3.6865000000000006],[-76.2577,3.686899999999999]]]}},{"type":"Feature","properties":{"id":"B139","v":6.2,"clase":"DEFICIT_EXTREMO","periodo":"1–15 ago 2026"},"geometry":{"type":"Polygon","coordinates":[[[-76.26389305751131,3.7457852249317014],[-76.32241612111359,3.74569852636657],[-76.35175579077261,3.79656605089974],[-76.322571078842,3.8475243748247454],[-76.2640411621931,3.8476134369944646],[-76.23470287223306,3.7967418113876303],[-76.26389305751131,3.7457852249317014]],[[-76.31214322344323,3.8036322344322313],[-76.3137,3.802199999999999],[-76.3121,3.8032000000000004],[-76.31214322344323,3.8036322344322313]],[[-76.3112,3.8045],[-76.31132145748988,3.8043882591093126],[-76.31106987951807,3.804442168674698],[-76.3112,3.8045]],[[-76.299824857685,3.800670777988616],[-76.3044,3.7996],[-76.2999,3.800500000000001],[-76.299824857685,3.800670777988616]],[[-76.2996,3.8022999999999993],[-76.29968145695365,3.800996688741707],[-76.2988,3.803],[-76.2996,3.8022999999999993]],[[-76.29527050691243,3.802141474654373],[-76.2969,3.8030999999999984],[-76.2988,3.803],[-76.29527050691243,3.802141474654373]],[[-76.2942,3.8043000000000013],[-76.29519004424779,3.8021219026548643],[-76.2951,3.8021000000000003],[-76.2942,3.8043000000000013]]]}},{"type":"Feature","properties":{"id":"B140","v":5.8,"clase":"DEFICIT_EXTREMO","periodo":"1–15 ago 2026"},"geometry":{"type":"Polygon","coordinates":[[[-76.32273022401459,3.949349973556356],[-76.2641932691299,3.9494413998674904],[-76.23484950463764,3.8985710415192845],[-76.2640411621931,3.8476134369944655],[-76.322571078842,3.847524374824746],[-76.35191631442332,3.898390553292084],[-76.32714570343026,3.941640780432735],[-76.3221,3.9378999999999986],[-76.3247,3.940399999999999],[-76.32714160702427,3.9416479325923257],[-76.32273022401459,3.949349973556356]]]}},{"type":"Feature","properties":{"id":"B141","v":8.8,"clase":"DEFICIT_EXTREMO","periodo":"1–15 ago 2026"},"geometry":{"type":"Polygon","coordinates":[[[-76.26434938070808,4.051269106995145],[-76.23500004785251,4.000400019445801],[-76.2641932691299,3.9494413998674913],[-76.32273022401459,3.949349973556357],[-76.35208111937192,4.000214802391246],[-76.32289355912798,4.0511753159913715],[-76.3000494249892,4.05121241846381],[-76.30055652173914,4.049082608695647],[-76.30040000000001,4.049199999999999],[-76.29996394673736,4.051212556080511],[-76.26434938070808,4.051269106995145]],[[-76.29719184952978,4.048445141065831],[-76.2972,4.048599999999999],[-76.30040000000001,4.049199999999999],[-76.29719184952978,4.048445141065831]],[[-76.30670714285714,4.048764285714285],[-76.3016,4.048299999999999],[-76.3063,4.0489],[-76.30670714285714,4.048764285714285]],[[-76.30819676375404,4.045758576051777],[-76.30908019323672,4.046499516908214],[-76.3092,4.0462],[-76.30819676375404,4.045758576051777]],[[-76.30967058823529,4.039541176470597],[-76.3096203773585,4.040294339622635],[-76.3099,4.039999999999999],[-76.30967058823529,4.039541176470597]],[[-76.3090006993007,4.038662937062939],[-76.30933636363636,4.03887272727273],[-76.3092,4.0386],[-76.3090006993007,4.038662937062939]],[[-76.3034,4.039000000000001],[-76.3054,4.039799999999999],[-76.30325585585585,4.038513513513514],[-76.3034,4.039000000000001]],[[-76.30421298701299,4.030872727272714],[-76.30424895104896,4.031627972027985],[-76.3044,4.031199999999999],[-76.30421298701299,4.030872727272714]],[[-76.2974,4.0264],[-76.30397922077923,4.030463636363642],[-76.30360000000002,4.0298],[-76.2974,4.0264]],[[-76.2998,4.022499999999999],[-76.29972615384615,4.022038461538461],[-76.2974,4.0264],[-76.2998,4.022499999999999]],[[-76.29915737704917,4.019696721311458],[-76.29958734177217,4.021170886075973],[-76.2994,4.02],[-76.29915737704917,4.019696721311458]],[[-76.2972,4.017699999999998],[-76.29868695652176,4.019108695652195],[-76.2970875,4.017109375000011],[-76.2972,4.017699999999998]],[[-76.2968,4.0156],[-76.29701238938053,4.016715044247758],[-76.29708125,4.015131250000008],[-76.2968,4.0156]],[[-76.30697350649352,4.020137662337662],[-76.30607407407408,4.019992592592592],[-76.3064,4.0202],[-76.30697350649352,4.020137662337662]],[[-76.3111549586777,4.019359090909091],[-76.31007008086253,4.0198010781671165],[-76.311,4.019700000000001],[-76.3111549586777,4.019359090909091]],[[-76.3026,4.0013000000000005],[-76.3028,4.001920000000017],[-76.3028,4.000953333333323],[-76.3026,4.0013000000000005]],[[-76.3127,3.9931],[-76.31245732283466,3.9934903937007835],[-76.31345430463577,3.99303344370861],[-76.3127,3.9931]],[[-76.3083,3.9868999999999994],[-76.3077006968641,3.986630313588846],[-76.3127,3.9931],[-76.3083,3.9868999999999994]],[[-76.3161,3.9927999999999995],[-76.31530151515152,3.992870454545454],[-76.3167488372093,3.9933046511627888],[-76.3161,3.9927999999999995]],[[-76.3179,3.9941999999999993],[-76.31768823529413,3.9940352941176585],[-76.3179,3.9944285714285557],[-76.3179,3.9941999999999993]],[[-76.32502558139535,3.9894558139534935],[-76.32505900000001,3.989789999999994],[-76.3252,3.9897],[-76.32502558139535,3.9894558139534935]],[[-76.32382702702702,3.98894864864865],[-76.32481445783134,3.9891602409638556],[-76.3247,3.9890000000000003],[-76.32382702702702,3.98894864864865]],[[-76.31715894481503,3.991389630078836],[-76.3179,3.9915],[-76.32353146292586,3.9889312625250506],[-76.323,3.9889],[-76.31715894481503,3.991389630078836]],[[-76.3132,3.9907999999999983],[-76.31472432432433,3.991027027027029],[-76.31295094339622,3.9906415094339622],[-76.3132,3.9907999999999983]],[[-76.311,3.9894000000000003],[-76.3119557377049,3.9900081967213024],[-76.31063448275863,3.988120689655188],[-76.311,3.9894000000000003]],[[-76.3102,3.9865999999999997],[-76.3103,3.9869499999999967],[-76.31041990950226,3.986290497737559],[-76.3102,3.9865999999999997]],[[-76.31975135135136,3.982835135135138],[-76.3174,3.9797],[-76.3188,3.9821000000000004],[-76.31975135135136,3.982835135135138]],[[-76.32257735849056,3.983871698113207],[-76.32046064516129,3.983383225806451],[-76.321,3.983799999999999],[-76.32257735849056,3.983871698113207]],[[-76.32359375,3.9834187499999962],[-76.3227389221557,3.983879041916169],[-76.3232,3.9838999999999993],[-76.32359375,3.9834187499999962]],[[-76.32379205298012,3.9824201986754906],[-76.32394413407822,3.9829905027932986],[-76.3241,3.9828],[-76.32379205298012,3.9824201986754906]],[[-76.30705471698113,3.9863396226415113],[-76.3063,3.9859999999999993],[-76.30615185185185,3.986074074074074],[-76.30705471698113,3.9863396226415113]],[[-76.29702168674699,3.983755421686747],[-76.29634285714286,3.9835857142857125],[-76.2968,3.9838999999999993],[-76.29702168674699,3.983755421686747]],[[-76.29567058823531,3.983123529411782],[-76.2876,3.973899999999999],[-76.29520000000001,3.9827999999999992],[-76.29567058823531,3.983123529411782]],[[-76.26843596837945,3.9580332015810296],[-76.2684,3.9579999999999997],[-76.2658,3.9594000000000023],[-76.26843596837945,3.9580332015810296]]]}},{"type":"Feature","properties":{"id":"B142","v":11.7,"clase":"DEFICIT_EXTREMO","periodo":"1–15 ago 2026"},"geometry":{"type":"Polygon","coordinates":[[[-76.32289355912798,4.0511753159913715],[-76.35225020820418,4.10203879162128],[-76.32306108674531,4.153000395562837],[-76.26450949937752,4.1530965518248735],[-76.23515450423989,4.102228738620032],[-76.26434938070808,4.051269106995145],[-76.29996394673736,4.051212556080511],[-76.29910000000001,4.055199999999999],[-76.3000494249892,4.05121241846381],[-76.32289355912798,4.0511753159913715]],[[-76.2745,4.1126],[-76.2755,4.1185],[-76.27482809364548,4.111396989966555],[-76.2745,4.1126]],[[-76.27510000000001,4.110399999999999],[-76.27496053511705,4.110911371237464],[-76.2765312390925,4.109065794066302],[-76.27510000000001,4.110399999999999]],[[-76.281,4.1049],[-76.28042754303601,4.105433646322372],[-76.28156363636363,4.104759090909094],[-76.281,4.1049]],[[-76.2826,4.104499999999998],[-76.28222105263158,4.104594736842105],[-76.2834,4.105100000000001],[-76.2826,4.104499999999998]],[[-76.2825,4.1107],[-76.28272727272729,4.1111545454545535],[-76.2834,4.105100000000001],[-76.2825,4.1107]],[[-76.2875,4.1163],[-76.28300638297873,4.111712765957439],[-76.2835,4.112700000000001],[-76.2875,4.1163]],[[-76.28809133448874,4.12374471403813],[-76.2869,4.123999999999999],[-76.2878,4.1241],[-76.28809133448874,4.12374471403813]],[[-76.2908,4.1201],[-76.28925132743365,4.122330088495548],[-76.29161945589446,4.119442126957967],[-76.2908,4.1201]],[[-76.2979,4.1144],[-76.29240521739132,4.118811304347818],[-76.2954,4.117099999999999],[-76.2979,4.1144]],[[-76.30049830508474,4.113906779661014],[-76.30047019230769,4.11401923076923],[-76.3006,4.114],[-76.30049830508474,4.113906779661014]],[[-76.2929,4.1102],[-76.293,4.1113],[-76.2930872,4.109992000000008],[-76.2929,4.1102]],[[-76.3001,4.1022],[-76.2938887323944,4.109101408450675],[-76.2966,4.1067],[-76.3001,4.1022]],[[-76.3112,4.0916],[-76.3138,4.0949],[-76.3111076923077,4.090861538461532],[-76.3112,4.0916]],[[-76.311,4.089999999999999],[-76.3110614864865,4.0904918918918955],[-76.3123,4.0863],[-76.311,4.089999999999999]],[[-76.31362982062781,4.079432623318382],[-76.3116,4.083399999999999],[-76.3139,4.079999999999998],[-76.31362982062781,4.079432623318382]],[[-76.31205744680851,4.077491489361703],[-76.3132137254902,4.078558823529413],[-76.3129,4.0779000000000005],[-76.31205744680851,4.077491489361703]],[[-76.2953,4.075199999999998],[-76.3018,4.084100000000001],[-76.2952391705069,4.07497188940092],[-76.2953,4.075199999999998]],[[-76.2949,4.073699999999999],[-76.2950156626506,4.07413373493976],[-76.2955,4.0726],[-76.2949,4.073699999999999]],[[-76.299,4.074200000000001],[-76.29990379746835,4.074307594936707],[-76.2955,4.0726],[-76.299,4.074200000000001]],[[-76.3034049180328,4.074577049180329],[-76.3018274509804,4.07453660130719],[-76.3032,4.074699999999999],[-76.3034049180328,4.074577049180329]],[[-76.307704,4.068768000000001],[-76.30800613772455,4.069097604790419],[-76.3081,4.0689],[-76.307704,4.068768000000001]],[[-76.3173,4.0603],[-76.3166,4.058599999999999],[-76.31652272727273,4.05864829545454],[-76.3173,4.0603]],[[-76.3156666666667,4.059183333333308],[-76.31440540540541,4.0599716216216235],[-76.3145,4.059999999999999],[-76.3156666666667,4.059183333333308]],[[-76.31230000000002,4.059340000000007],[-76.3117,4.0591],[-76.31156896551724,4.059120689655173],[-76.31230000000002,4.059340000000007]],[[-76.31118846153845,4.059180769230771],[-76.3098,4.059399999999999],[-76.3061,4.0605],[-76.31118846153845,4.059180769230771]]]}},{"type":"Feature","properties":{"id":"B143","v":14.0,"clase":"DEFICIT_EXTREMO","periodo":"1–15 ago 2026"},"geometry":{"type":"Polygon","coordinates":[[[-76.26450949937752,4.1530965518248735],[-76.32306108674531,4.153000395562837],[-76.35242358357384,4.203862514409345],[-76.32323280949629,4.25482520570694],[-76.26467362765182,4.254923727807287],[-76.23531287622416,4.20405719249796],[-76.24276602612181,4.191048766033846],[-76.2437,4.1918],[-76.24278693798244,4.191012266813468],[-76.24497936775222,4.187185620047219],[-76.245,4.1872],[-76.24576294416244,4.187284771573605],[-76.24513404880135,4.186915639998637],[-76.26450949937752,4.1530965518248735]],[[-76.2487,4.185499999999999],[-76.24655915492959,4.187373239436622],[-76.2468,4.1874],[-76.2487,4.185499999999999]],[[-76.2695,4.183699999999999],[-76.26638566610457,4.18230674536257],[-76.2668,4.1828],[-76.2695,4.183699999999999]],[[-76.25942222222223,4.179677777777781],[-76.2594,4.179599999999999],[-76.2581,4.181000000000001],[-76.25942222222223,4.179677777777781]],[[-76.2566,4.181000000000001],[-76.25563846153847,4.182730769230766],[-76.2559,4.1826],[-76.2566,4.181000000000001]],[[-76.2553909090909,4.182854545454548],[-76.25262352941178,4.183576470588234],[-76.25430000000001,4.1834],[-76.2553909090909,4.182854545454548]],[[-76.3182,4.191],[-76.31392032816773,4.194987876025524],[-76.314,4.195000000000001],[-76.3182,4.191]],[[-76.3055,4.1972000000000005],[-76.30101728971962,4.195762149532708],[-76.3014,4.1964],[-76.3055,4.1972000000000005]],[[-76.30048116203537,4.1955901840490775],[-76.3002,4.1955],[-76.2951,4.1988],[-76.30048116203537,4.1955901840490775]],[[-76.29239933628318,4.202292920353985],[-76.29237976878613,4.202310982658955],[-76.2924,4.2023],[-76.29239933628318,4.202292920353985]]]}},{"type":"Feature","properties":{"id":"B144","v":15.3,"clase":"DEFICIT_EXTREMO","periodo":"1–15 ago 2026"},"geometry":{"type":"Polygon","coordinates":[[[-76.26467362765182,4.254923727807288],[-76.32323280949629,4.254825205706941],[-76.3526012482027,4.305685964185774],[-76.32340873007729,4.3566497398631],[-76.26484176810818,4.356750628396242],[-76.23547516629188,4.305885374538779],[-76.26467362765182,4.254923727807288]],[[-76.33975000000001,4.2968],[-76.34,4.297],[-76.3425,4.2968],[-76.33975000000001,4.2968]],[[-76.3274,4.296700000000001],[-76.3259,4.3027999999999995],[-76.3276206779661,4.296395254237296],[-76.3274,4.296700000000001]]]}},{"type":"Feature","properties":{"id":"B145","v":16.2,"clase":"DEFICIT_EXTREMO","periodo":"1–15 ago 2026"},"geometry":{"type":"Polygon","coordinates":[[[-76.26484176810818,4.3567506283962425],[-76.32340873007729,4.356649739863101],[-76.35278320488081,4.407509134384161],[-76.32358885125149,4.45847399147404],[-76.26501392338777,4.458577247048912],[-76.23564137699194,4.407713278204966],[-76.26484176810818,4.3567506283962425]]]}},{"type":"Feature","properties":{"id":"B146","v":16.9,"clase":"DEFICIT_EXTREMO","periodo":"1–15 ago 2026"},"geometry":{"type":"Polygon","coordinates":[[[-76.26501392338777,4.458577247048912],[-76.32358885125149,4.45847399147404],[-76.35296945646652,4.509332018441436],[-76.32377317584893,4.560297953985865],[-76.26519009619562,4.56040357722587],[-76.23581151093563,4.509540896962374],[-76.26501392338777,4.458577247048912]],[[-76.2791,4.4978],[-76.27925158924205,4.497689975550121],[-76.27805348837212,4.497311627906986],[-76.2791,4.4978]],[[-76.2776,4.4971],[-76.27765350066049,4.497124966974893],[-76.2774555555556,4.496805555555638],[-76.2776,4.4971]],[[-76.268,4.486299999999999],[-76.27374,4.490809999999999],[-76.2733,4.4901],[-76.268,4.486299999999999]],[[-76.26663087248323,4.481470469798658],[-76.268,4.480899999999998],[-76.27352912621349,4.476773786407838],[-76.26663087248323,4.481470469798658]],[[-76.2754,4.4755],[-76.27488116883119,4.4758532467532435],[-76.2778,4.4751],[-76.2754,4.4755]],[[-76.2623,4.479199999999999],[-76.2656,4.4818999999999996],[-76.26585461689588,4.481793909626719],[-76.2623,4.479199999999999]]]}},{"type":"Feature","properties":{"id":"B147","v":17.3,"clase":"DEFICIT_EXTREMO","periodo":"1–15 ago 2026"},"geometry":{"type":"Polygon","coordinates":[[[-76.26537028930082,4.662229612391168],[-76.23598557079673,4.611368224280302],[-76.26519009619562,4.56040357722587],[-76.32377317584893,4.560297953985865],[-76.33743658714808,4.583945119796412],[-76.3372,4.584299999999999],[-76.3342,4.586000000000001],[-76.332,4.5893],[-76.3282,4.5987],[-76.3285,4.602100000000001],[-76.3211,4.6049],[-76.3192,4.608299999999998],[-76.3181,4.6129],[-76.32,4.6197],[-76.3134,4.6293],[-76.31,4.630200000000001],[-76.3109,4.633],[-76.3104,4.6356],[-76.3058,4.6456],[-76.3024,4.6487],[-76.30100000000002,4.654199999999999],[-76.3003,4.655899999999999],[-76.3029,4.6599],[-76.30307661234873,4.662160675237447],[-76.26537028930082,4.662229612391168]],[[-76.30466249999999,4.6428125],[-76.3047,4.6428],[-76.30463969072164,4.642637628865984],[-76.30466249999999,4.6428125]],[[-76.30449140625,4.637613281250006],[-76.3045,4.637600000000001],[-76.3035,4.635299999999999],[-76.30449140625,4.637613281250006]],[[-76.2732,4.5868],[-76.2739,4.5873],[-76.2739,4.587070370370353],[-76.27313950177935,4.5854085409252585],[-76.2732,4.5868]],[[-76.27237213114755,4.583731693989081],[-76.2719,4.5827],[-76.2714914893617,4.582802127659576],[-76.27237213114755,4.583731693989081]],[[-76.30002380952381,4.651857142857142],[-76.3007,4.6478],[-76.3,4.6518],[-76.30002380952381,4.651857142857142]]]}},{"type":"Feature","properties":{"id":"B148","v":17.7,"clase":"DEFICIT_EXTREMO","periodo":"1–15 ago 2026"},"geometry":{"type":"Polygon","coordinates":[[[-76.26555450553658,4.7640553460124195],[-76.23616355931165,4.713195253631568],[-76.26537028930082,4.662229612391169],[-76.30307661234875,4.662160675237448],[-76.3034,4.666299999999999],[-76.3012,4.6718],[-76.2992,4.674099999999999],[-76.3014,4.677599999999999],[-76.2986,4.680900000000001],[-76.29650000000001,4.685399999999999],[-76.2979,4.6869],[-76.2975,4.6986],[-76.2972,4.700000000000001],[-76.2951,4.7013],[-76.2886,4.702799999999999],[-76.2857,4.712400000000001],[-76.287,4.7132999999999985],[-76.2887,4.7166],[-76.2893,4.721299999999999],[-76.2941,4.7288],[-76.2963,4.729700000000001],[-76.2986,4.7345999999999995],[-76.30490000000002,4.7394],[-76.3071,4.7424],[-76.3077,4.747200000000001],[-76.3123,4.75],[-76.3121,4.7506],[-76.2999,4.757700000000001],[-76.2938,4.7597000000000005],[-76.28978093316596,4.764010326193973],[-76.26555450553658,4.7640553460124195]],[[-76.2742,4.693500000000001],[-76.28493599999999,4.692914400000001],[-76.2849,4.692899999999999],[-76.2742,4.693500000000001]]]}},{"type":"Feature","properties":{"id":"B149","v":18.0,"clase":"DEFICIT_EXTREMO","periodo":"1–15 ago 2026"},"geometry":{"type":"Polygon","coordinates":[[[-76.26555450553658,4.764055346012419],[-76.28978093316596,4.764010326193973],[-76.2869,4.767099999999999],[-76.284,4.768699999999999],[-76.2798,4.768599999999999],[-76.278,4.7705],[-76.2762,4.771000000000001],[-76.2734,4.775299999999999],[-76.2708,4.777400000000001],[-76.2642,4.7878],[-76.2612,4.794499999999999],[-76.2586,4.794999999999998],[-76.25430000000001,4.793799999999999],[-76.24840897280923,4.793973269401949],[-76.26555450553658,4.764055346012419]]]}},{"type":"Feature","properties":{"id":"B150","v":22.7,"clase":"DEFICIT_ALTO","periodo":"1–15 ago 2026"},"geometry":{"type":"Polygon","coordinates":[[[-76.2340282940232,3.287592107011742],[-76.17553180817856,3.2876630148262818],[-76.14622541601487,3.2367802711222664],[-76.15155766544649,3.227472999967278],[-76.1521,3.2291000000000003],[-76.1512,3.2314999999999996],[-76.1521,3.2342000000000004],[-76.15370000000001,3.234],[-76.1564,3.2359999999999998],[-76.1606,3.233299999999999],[-76.1638,3.2355],[-76.166,3.2348],[-76.1677,3.2318],[-76.1675,3.2299999999999995],[-76.1712,3.2311],[-76.1755,3.2305],[-76.1783,3.231499999999999],[-76.18,3.2311999999999994],[-76.1798,3.2333999999999996],[-76.1826,3.2317000000000005],[-76.1837,3.2283],[-76.1859,3.2292],[-76.1887,3.227],[-76.1913,3.227099999999999],[-76.1923,3.2293999999999996],[-76.194,3.2299999999999995],[-76.1984,3.236499999999999],[-76.1988,3.2387000000000006],[-76.2026,3.2421999999999995],[-76.2025,3.2461999999999995],[-76.2041,3.2491],[-76.2047,3.2534999999999994],[-76.2063,3.258099999999999],[-76.209,3.2609],[-76.213,3.2625],[-76.2169,3.2681999999999993],[-76.2183,3.2683],[-76.224,3.2731],[-76.22640000000001,3.274],[-76.2271,3.2754],[-76.2293,3.2767999999999997],[-76.2334,3.2774],[-76.238,3.2755],[-76.24008841728893,3.2770123042694252],[-76.2340282940232,3.287592107011742]]]}},{"type":"Feature","properties":{"id":"B151","v":22.2,"clase":"DEFICIT_ALTO","periodo":"1–15 ago 2026"},"geometry":{"type":"Polygon","coordinates":[[[-76.17553180817856,3.2876630148262818],[-76.2340282940232,3.2875921070117426],[-76.26334061582578,3.338470015999571],[-76.23415540564199,3.3894224998577887],[-76.1756528978083,3.389495608835164],[-76.14634168371832,3.338614032589279],[-76.17553180817856,3.2876630148262818]],[[-76.1994,3.3552],[-76.192,3.3553999999999995],[-76.19131267605633,3.3555718309859164],[-76.1994,3.3552]],[[-76.18127671232877,3.3580808219178104],[-76.1812,3.3581],[-76.1784,3.3622999999999994],[-76.18127671232877,3.3580808219178104]],[[-76.17224603481625,3.3644959381044486],[-76.1722,3.3644999999999996],[-76.1705,3.367599999999999],[-76.17224603481625,3.3644959381044486]]]}},{"type":"Feature","properties":{"id":"B152","v":18.7,"clase":"DEFICIT_EXTREMO","periodo":"1–15 ago 2026"},"geometry":{"type":"Polygon","coordinates":[[[-76.1756528978083,3.389495608835165],[-76.23415540564199,3.3894224998577895],[-76.26347273408352,3.4402991592059777],[-76.23428641718856,3.4912526732786446],[-76.17577770260553,3.491327983859099],[-76.1464615732696,3.440447578555383],[-76.1756528978083,3.389495608835165]]]}},{"type":"Feature","properties":{"id":"B153","v":14.7,"clase":"DEFICIT_EXTREMO","periodo":"1–15 ago 2026"},"geometry":{"type":"Polygon","coordinates":[[[-76.17577770260553,3.4913279838590996],[-76.23428641718856,3.491252673278645],[-76.26360884568443,3.5421280794744647],[-76.23442133071586,3.5930826207126887],[-76.17590622452606,3.5931601333498255],[-76.14658508654726,3.5422809024774082],[-76.17577770260553,3.4913279838590996]]]}},{"type":"Feature","properties":{"id":"B154","v":11.8,"clase":"DEFICIT_EXTREMO","periodo":"1–15 ago 2026"},"geometry":{"type":"Polygon","coordinates":[[[-76.17590622452606,3.5931601333498264],[-76.23442133071586,3.5930826207126896],[-76.2637489527616,3.6439567702378457],[-76.23456014833856,3.69491233560104],[-76.17603846558444,3.6949920507618335],[-76.14671222548718,3.6441139978148986],[-76.17590622452606,3.5931601333498264]],[[-76.1659,3.6109],[-76.17135249312918,3.6091155477031815],[-76.1711,3.608999999999999],[-76.1659,3.6109]],[[-76.22657012987013,3.6848246753246743],[-76.2247,3.6822999999999997],[-76.2263,3.6847000000000008],[-76.22657012987013,3.6848246753246743]],[[-76.22085492957747,3.680032394366201],[-76.2209,3.6801000000000013],[-76.2247,3.6822999999999997],[-76.22085492957747,3.680032394366201]],[[-76.21989999999991,3.6785999999998635],[-76.21911198156681,3.6773741935483897],[-76.2191,3.6774],[-76.21989999999991,3.6785999999998635]],[[-76.2014965317919,3.662578034682081],[-76.2012,3.6625000000000005],[-76.20036923076923,3.662867912087916],[-76.2014965317919,3.662578034682081]]]}},{"type":"Feature","properties":{"id":"B155","v":9.3,"clase":"DEFICIT_EXTREMO","periodo":"1–15 ago 2026"},"geometry":{"type":"Polygon","coordinates":[[[-76.17603846558444,3.6949920507618343],[-76.23456014833856,3.6949123356010403],[-76.26389305751131,3.7457852249317014],[-76.23470287223306,3.7967418113876303],[-76.1761744278541,3.796823729552439],[-76.14684299208255,3.7459468580301953],[-76.17603846558444,3.6949920507618343]]]}},{"type":"Feature","properties":{"id":"B156","v":8.5,"clase":"DEFICIT_EXTREMO","periodo":"1–15 ago 2026"},"geometry":{"type":"Polygon","coordinates":[[[-76.1761744278541,3.79682372955244],[-76.23470287223306,3.796741811387631],[-76.2640411621931,3.8476134369944655],[-76.23484950463764,3.8985710415192845],[-76.17631411346738,3.8986551631818673],[-76.146977388384,3.84777947658851],[-76.1761744278541,3.79682372955244]],[[-76.2609,3.8508],[-76.2629,3.8478],[-76.26067207977208,3.8508997150997204],[-76.2609,3.8508]],[[-76.2593,3.8514999999999993],[-76.26035411764707,3.8510388235294104],[-76.25902478632479,3.851248717948719],[-76.2593,3.8514999999999993]],[[-76.257,3.8494],[-76.25784529914532,3.850171794871806],[-76.25681128526647,3.8488068965517206],[-76.257,3.8494]],[[-76.2545,3.8437000000000014],[-76.2556,3.8449999999999984],[-76.25450344827586,3.8436293103448143],[-76.2545,3.8437000000000014]],[[-76.1976,3.8257000000000003],[-76.19794497473332,3.825899438517699],[-76.1941,3.8214000000000006],[-76.1976,3.8257000000000003]],[[-76.18082936507936,3.8053563492063494],[-76.1874,3.8127000000000004],[-76.1811,3.8053999999999997],[-76.18082936507936,3.8053563492063494]],[[-76.18030000000002,3.800699999999999],[-76.1802306930693,3.8008287128712825],[-76.1845,3.7985000000000007],[-76.18030000000002,3.800699999999999]]]}},{"type":"Feature","properties":{"id":"B157","v":9.3,"clase":"DEFICIT_EXTREMO","periodo":"1–15 ago 2026"},"geometry":{"type":"Polygon","coordinates":[[[-76.17631411346738,3.8986551631818673],[-76.23484950463764,3.8985710415192845],[-76.2641932691299,3.9494413998674913],[-76.23500004785251,4.000400019445801],[-76.17645752461563,4.000486345113321],[-76.14711541649967,3.949611846958004],[-76.16096950342607,3.9254347542338603],[-76.1633,3.926600000000001],[-76.16354657534247,3.92647671232877],[-76.16106438836711,3.9252691642810724],[-76.17631411346738,3.8986551631818673]],[[-76.2565,3.9588],[-76.25486732673268,3.9596643564356433],[-76.25490000000002,3.959700000000001],[-76.2565,3.9588]],[[-76.24985950413223,3.959042975206613],[-76.249073800738,3.959003690036902],[-76.2492,3.9591999999999983],[-76.24985950413223,3.959042975206613]]]}},{"type":"Feature","properties":{"id":"B158","v":11.5,"clase":"DEFICIT_EXTREMO","periodo":"1–15 ago 2026"},"geometry":{"type":"Polygon","coordinates":[[[-76.17645752461563,4.000486345113321],[-76.23500004785251,4.000400019445801],[-76.26434938070808,4.051269106995145],[-76.23515450423989,4.102228738620032],[-76.17660466354928,4.1023172688130805],[-76.14725707859525,4.051443962609879],[-76.17645752461563,4.000486345113321]],[[-76.1792,4.033900000000001],[-76.181,4.0354],[-76.1810894590846,4.035391678224688],[-76.1792,4.033900000000001]],[[-76.17794779411764,4.034381617647057],[-76.1781,4.034500000000001],[-76.1792,4.033900000000001],[-76.17794779411764,4.034381617647057]],[[-76.17711747572815,4.032809708737876],[-76.1772,4.0338],[-76.1778557142857,4.034309999999993],[-76.17711747572815,4.032809708737876]],[[-76.1748,4.028099999999999],[-76.176,4.030999999999999],[-76.17628260869564,4.031113043478259],[-76.1748,4.028099999999999]],[[-76.1744,4.023200000000001],[-76.1744,4.024699999999999],[-76.1748,4.028099999999999],[-76.1744,4.023200000000001]],[[-76.17688888888888,4.02],[-76.1766,4.019999999999999],[-76.1744,4.0231],[-76.1744,4.023200000000001],[-76.17688888888888,4.02]]]}},{"type":"Feature","properties":{"id":"B159","v":12.8,"clase":"DEFICIT_EXTREMO","periodo":"1–15 ago 2026"},"geometry":{"type":"Polygon","coordinates":[[[-76.17675553257799,4.204147927750563],[-76.14740237689414,4.153275817018436],[-76.17660466354928,4.102317268813081],[-76.23515450423989,4.102228738620033],[-76.26450949937752,4.1530965518248735],[-76.24513404880135,4.186915639998637],[-76.2417,4.184900000000001],[-76.24497936775222,4.187185620047219],[-76.24278693798244,4.191012266813468],[-76.23894537246049,4.1876979683972815],[-76.2391,4.188100000000001],[-76.24276602612181,4.191048766033846],[-76.23531287622416,4.20405719249796],[-76.23489485461093,4.204057855837391],[-76.23540975609757,4.2021170731707125],[-76.235,4.2028],[-76.23487421113171,4.20405788858977],[-76.17675553257799,4.204147927750563]],[[-76.2362,4.2008],[-76.23612499999999,4.200925000000015],[-76.23637395577397,4.200699754299743],[-76.2362,4.2008]],[[-76.2393,4.185700000000001],[-76.2386,4.1868],[-76.23873978494623,4.1871634408602185],[-76.23967924528303,4.185573584905657],[-76.2393,4.185700000000001]],[[-76.2448,4.1788],[-76.2453,4.180899999999999],[-76.24513022900763,4.178438320610689],[-76.2448,4.1788]],[[-76.25064095092024,4.173319325153371],[-76.25,4.175699999999999],[-76.2508,4.1735999999999995],[-76.25064095092024,4.173319325153371]],[[-76.24621219512193,4.168163414634123],[-76.25021327433629,4.1725646017699205],[-76.24910000000001,4.1706],[-76.24621219512193,4.168163414634123]],[[-76.2457,4.1676],[-76.24588181818183,4.1678000000000095],[-76.245636,4.166447999999987],[-76.2457,4.1676]],[[-76.2455,4.163999999999999],[-76.24551488372093,4.164267906976734],[-76.24585131264915,4.163747971360394],[-76.2455,4.163999999999999]],[[-76.2529,4.156199999999999],[-76.25031894005214,4.160348132059071],[-76.2507,4.160100000000001],[-76.2529,4.156199999999999]],[[-76.2461,4.1501],[-76.24644942528735,4.150486206896548],[-76.24622598425196,4.149983464566929],[-76.2461,4.1501]],[[-76.24973005780348,4.146742196531789],[-76.2494488372093,4.1470023255814015],[-76.2497,4.1468],[-76.24973005780348,4.146742196531789]],[[-76.1873,4.133499999999997],[-76.18731896551724,4.133462068965519],[-76.184,4.134599999999999],[-76.1873,4.133499999999997]],[[-76.18804461538463,4.132010769230769],[-76.1877,4.1319],[-76.18755454545455,4.132990909090896],[-76.18804461538463,4.132010769230769]],[[-76.2332,4.1628],[-76.2353,4.163299999999999],[-76.23303885135135,4.16251351351351],[-76.2332,4.1628]],[[-76.2372,4.1658],[-76.23792599469495,4.166013527851455],[-76.2353,4.163299999999999],[-76.2372,4.1658]],[[-76.2389,4.166300000000001],[-76.2414,4.162300000000001],[-76.23847100938967,4.166173826291077],[-76.2389,4.166300000000001]],[[-76.2432375,4.162125],[-76.2433,4.161999999999999],[-76.2414,4.162300000000001],[-76.2432375,4.162125]],[[-76.2433,4.167],[-76.24331214953271,4.167004672897194],[-76.24330416666668,4.166997222222224],[-76.2433,4.167]]]}},{"type":"Feature","properties":{"id":"B160","v":14.2,"clase":"DEFICIT_EXTREMO","periodo":"1–15 ago 2026"},"geometry":{"type":"Polygon","coordinates":[[[-76.14755131367744,4.255107403661179],[-76.17675553257799,4.204147927750564],[-76.23487421113171,4.20405788858977],[-76.23486172839506,4.204182716049403],[-76.23489485461093,4.204057855837392],[-76.23531287622416,4.20405719249796],[-76.26467362765182,4.254923727807288],[-76.23547516629188,4.305885374538779],[-76.17691013407061,4.305978315398414],[-76.17515946334325,4.302945157047901],[-76.17570428163654,4.3027862511893415],[-76.1757,4.302600000000001],[-76.17506760198975,4.302785999897063],[-76.14755131367744,4.255107403661179]],[[-76.2026,4.2728],[-76.20293677419355,4.273154193548378],[-76.202698630137,4.272479452054795],[-76.2026,4.2728]],[[-76.2034,4.2702],[-76.20308,4.271239999999986],[-76.20374461538461,4.269910769230779],[-76.2034,4.2702]],[[-76.2126,4.2597],[-76.21268571428568,4.259500000000048],[-76.20946720747297,4.26473942969517],[-76.2101,4.2642],[-76.2126,4.2597]],[[-76.21230952380954,4.2552190476190805],[-76.21322324723248,4.258245756457554],[-76.2135,4.2576],[-76.21230952380954,4.2552190476190805]],[[-76.2247,4.246999999999999],[-76.2213,4.2469],[-76.22548412098298,4.247507372400755],[-76.2247,4.246999999999999]],[[-76.22750303030304,4.247675757575755],[-76.22726768149883,4.247766276346604],[-76.2275,4.247799999999999],[-76.22750303030304,4.247675757575755]],[[-76.2245,4.2334],[-76.225,4.2364],[-76.22472285714285,4.233074285714297],[-76.2245,4.2334]],[[-76.23324307692307,4.231227692307693],[-76.2258,4.2315000000000005],[-76.23,4.2318],[-76.23324307692307,4.231227692307693]],[[-76.23525454545455,4.230760909090908],[-76.23461016949152,4.230986440677968],[-76.2351,4.2309],[-76.23525454545455,4.230760909090908]],[[-76.23500053428317,4.214032056990209],[-76.2351,4.22],[-76.2353,4.214299999999999],[-76.23500053428317,4.214032056990209]],[[-76.228,4.208400000000001],[-76.23466666666664,4.213733333333311],[-76.22777215189873,4.207564556962025],[-76.228,4.208400000000001]],[[-76.22770000000001,4.207300000000001],[-76.22774528301886,4.207466037735848],[-76.2289,4.2066],[-76.22770000000001,4.207300000000001]],[[-76.23305384615385,4.207061538461537],[-76.23207647058824,4.207305882352941],[-76.2325,4.207399999999999],[-76.23305384615385,4.207061538461537]],[[-76.23435396226415,4.206096603773581],[-76.23366129032257,4.206690322580649],[-76.2343,4.2063],[-76.23435396226415,4.206096603773581]],[[-76.2389,4.275799999999999],[-76.23866976744185,4.275745639534882],[-76.2379,4.282],[-76.2389,4.275799999999999]],[[-76.2252,4.2165],[-76.2257,4.212],[-76.2256794933655,4.211992762364294],[-76.2252,4.2165]],[[-76.224,4.211399999999999],[-76.2241,4.210699999999999],[-76.22390583941606,4.21074087591241],[-76.224,4.211399999999999]],[[-76.22218023715415,4.210971541501976],[-76.222,4.209800000000001],[-76.222,4.211],[-76.22218023715415,4.210971541501976]],[[-76.22011463414634,4.207914634146343],[-76.2207,4.2045],[-76.22,4.207799999999999],[-76.22011463414634,4.207914634146343]]]}},{"type":"Feature","properties":{"id":"B161","v":15.2,"clase":"DEFICIT_EXTREMO","periodo":"1–15 ago 2026"},"geometry":{"type":"Polygon","coordinates":[[[-76.17691013407061,4.305978315398414],[-76.23547516629188,4.305885374538779],[-76.26484176810818,4.3567506283962425],[-76.23564137699194,4.407713278204966],[-76.17706847045541,4.407808425232576],[-76.14770389128417,4.356938716018875],[-76.14844151224749,4.355651753798263],[-76.14937499999999,4.355851785714283],[-76.1488,4.3553999999999995],[-76.14859177153966,4.355389588829798],[-76.15207961953779,4.349304120103697],[-76.157,4.3497],[-76.15820975609756,4.349582926829267],[-76.15212495873172,4.349225013388819],[-76.17691013407061,4.305978315398414]],[[-76.14996000000004,4.356311428571449],[-76.15240000000001,4.3591],[-76.1516,4.357600000000001],[-76.14996000000004,4.356311428571449]],[[-76.16112869198312,4.3487738396624485],[-76.15870762711864,4.3495347457627105],[-76.1601,4.349399999999999],[-76.16112869198312,4.3487738396624485]],[[-76.16234210526316,4.347884210526308],[-76.16221532846716,4.348112408759127],[-76.1624,4.348],[-76.16234210526316,4.347884210526308]],[[-76.1555,4.347899999999999],[-76.15579279811098,4.347838606847697],[-76.15407142857144,4.347328571428572],[-76.1555,4.347899999999999]],[[-76.17326758732737,4.315277741673433],[-76.17246788321168,4.31618649635036],[-76.1733,4.3155],[-76.17326758732737,4.315277741673433]]]}},{"type":"Feature","properties":{"id":"B162","v":16.2,"clase":"DEFICIT_EXTREMO","periodo":"1–15 ago 2026"},"geometry":{"type":"Polygon","coordinates":[[[-76.1478601121112,4.458769747575646],[-76.17706847045541,4.407808425232576],[-76.23564137699194,4.407713278204966],[-76.26501392338777,4.458577247048912],[-76.23581151093563,4.509540896962374],[-76.1772305442201,4.509638250732383],[-76.17437882640286,4.504699637417415],[-76.1759,4.5037],[-76.17435325448618,4.504655351450731],[-76.1478601121112,4.458769747575646]],[[-76.21531221719457,4.485260331825044],[-76.2152,4.484400000000001],[-76.212,4.4802],[-76.21531221719457,4.485260331825044]],[[-76.2139,4.4903],[-76.2155,4.4867],[-76.21542967863894,4.4861608695652],[-76.2139,4.4903]],[[-76.2115643678161,4.5090068965517185],[-76.2118,4.508799999999999],[-76.2123,4.506800000000002],[-76.2115643678161,4.5090068965517185]]]}},{"type":"Feature","properties":{"id":"B163","v":16.8,"clase":"DEFICIT_EXTREMO","periodo":"1–15 ago 2026"},"geometry":{"type":"Polygon","coordinates":[[[-76.14801997861348,4.560600491819042],[-76.16970455191083,4.5227690794961495],[-76.1709,4.525900000000001],[-76.16971745618018,4.522746565376899],[-76.1772305442201,4.509638250732384],[-76.23581151093563,4.509540896962375],[-76.26519009619562,4.56040357722587],[-76.23598557079673,4.611368224280302],[-76.17739635791195,4.611467785380626],[-76.15122686150437,4.566153951803363],[-76.1526,4.563799999999998],[-76.1512,4.566],[-76.1512046172441,4.566115431150069],[-76.14801997861348,4.560600491819042]],[[-76.173,4.533699999999999],[-76.17349361702126,4.534619148936149],[-76.173,4.533522222222229],[-76.173,4.533699999999999]],[[-76.1759,4.5391],[-76.17614360902256,4.539194736842106],[-76.17549058823529,4.538337647058819],[-76.1759,4.5391]],[[-76.18693333333333,4.546655555555558],[-76.18490375,4.5453025000000045],[-76.18464399999999,4.546118857142872],[-76.1851,4.5455],[-76.1868,4.5467],[-76.18693333333333,4.546655555555558]],[[-76.1769,4.545200000000001],[-76.1837,4.5474],[-76.18392253855279,4.547097983392648],[-76.1769,4.545200000000001]],[[-76.175,4.5454],[-76.17486744186046,4.545553488372092],[-76.1769,4.545200000000001],[-76.175,4.5454]],[[-76.1731,4.547600000000001],[-76.17305614035088,4.547819298245608],[-76.17365882352941,4.546952941176483],[-76.1731,4.547600000000001]],[[-76.168,4.550000000000002],[-76.16784285714286,4.550099999999999],[-76.1726,4.5501],[-76.168,4.550000000000002]],[[-76.1658,4.551399999999998],[-76.1657962264151,4.551435849056602],[-76.16689999999988,4.550700000000076],[-76.1658,4.551399999999998]],[[-76.2027,4.513799999999999],[-76.20232113676732,4.513680106571938],[-76.2036,4.5153],[-76.2027,4.513799999999999]],[[-76.1948,4.5113],[-76.1904,4.5114],[-76.19708872919819,4.512024281391828],[-76.1948,4.5113]],[[-76.19,4.543],[-76.18952699386504,4.5450496932515225],[-76.1899,4.5447],[-76.19,4.543]],[[-76.18849999999999,4.546012500000006],[-76.18753333333333,4.546455555555558],[-76.1883,4.5462],[-76.18849999999999,4.546012500000006]]]}},{"type":"Feature","properties":{"id":"B164","v":17.4,"clase":"DEFICIT_EXTREMO","periodo":"1–15 ago 2026"},"geometry":{"type":"Polygon","coordinates":[[[-76.17739635791195,4.6114677853806265],[-76.23598557079673,4.6113682242803025],[-76.26537028930082,4.662229612391169],[-76.23616355931165,4.713195253631568],[-76.17756591413783,4.713297022663638],[-76.14818349330402,4.662430942240121],[-76.17739635791195,4.6114677853806265]],[[-76.194,4.684199999999999],[-76.1949,4.682799999999999],[-76.1863,4.694],[-76.194,4.684199999999999]]]}},{"type":"Feature","properties":{"id":"B165","v":17.8,"clase":"DEFICIT_EXTREMO","periodo":"1–15 ago 2026"},"geometry":{"type":"Polygon","coordinates":[[[-76.1777392155644,4.815125956071369],[-76.14835065875411,4.764261092333527],[-76.17756591413783,4.713297022663638],[-76.23616355931165,4.713195253631568],[-76.26555450553658,4.7640553460124195],[-76.24840897280923,4.793973269401949],[-76.2475,4.793999999999998],[-76.2433,4.7954],[-76.2306,4.8020999999999985],[-76.2241,4.8106],[-76.22266012084908,4.8150467104074535],[-76.1777392155644,4.815125956071369]]]}},{"type":"Feature","properties":{"id":"B166","v":17.9,"clase":"DEFICIT_EXTREMO","periodo":"1–15 ago 2026"},"geometry":{"type":"Polygon","coordinates":[[[-76.1777392155644,4.815125956071368],[-76.22266012084908,4.815046710407453],[-76.2207,4.8211],[-76.2158,4.826999999999999],[-76.2115,4.829400000000001],[-76.20690000000002,4.8295],[-76.2021,4.8282],[-76.1921,4.828599999999999],[-76.1841,4.8322],[-76.17640000000002,4.831899999999999],[-76.16648330831839,4.83476062955148],[-76.1777392155644,4.815125956071368]]]}},{"type":"Feature","properties":{"id":"B167","v":21.3,"clase":"DEFICIT_ALTO","periodo":"1–15 ago 2026"},"geometry":{"type":"Polygon","coordinates":[[[-76.14622541601487,3.236780271122266],[-76.08773003882006,3.2368449970000297],[-76.073946300586,3.212907240947106],[-76.0792,3.2149],[-76.0879,3.2193999999999994],[-76.1043,3.2236],[-76.1068,3.2249999999999996],[-76.109,3.227599999999999],[-76.1125,3.2267],[-76.1133,3.2251999999999996],[-76.1174,3.2224999999999997],[-76.1201,3.2224],[-76.123,3.224000000000001],[-76.1244,3.2227],[-76.1254,3.2228],[-76.1266,3.2248],[-76.1286,3.2251999999999996],[-76.1309,3.224699999999999],[-76.1328,3.2224],[-76.135,3.2245999999999997],[-76.1371,3.2250999999999994],[-76.1397,3.2231],[-76.1431,3.2241],[-76.146,3.2227000000000006],[-76.148,3.2260000000000004],[-76.1501,3.2254999999999994],[-76.15110000000001,3.2260999999999997],[-76.15155766544649,3.227472999967278],[-76.14622541601487,3.236780271122266]]]}},{"type":"Feature","properties":{"id":"B168","v":20.7,"clase":"DEFICIT_ALTO","periodo":"1–15 ago 2026"},"geometry":{"type":"Polygon","coordinates":[[[-76.08773003882006,3.23684499700003],[-76.14622541601487,3.2367802711222664],[-76.17553180817856,3.2876630148262818],[-76.14634168371832,3.338614032589279],[-76.0878403759568,3.3386807992007452],[-76.05853518478716,3.2877945071308887],[-76.08773003882006,3.23684499700003]]]}},{"type":"Feature","properties":{"id":"B169","v":19.8,"clase":"DEFICIT_EXTREMO","periodo":"1–15 ago 2026"},"geometry":{"type":"Polygon","coordinates":[[[-76.0878403759568,3.3386807992007457],[-76.14634168371832,3.338614032589279],[-76.1756528978083,3.389495608835164],[-76.1464615732696,3.440447578555383],[-76.0879541501996,3.440516386302596],[-76.05864422857314,3.389631183003458],[-76.0878403759568,3.3386807992007457]],[[-76.08801338333991,3.3875003553099092],[-76.0883,3.3877999999999995],[-76.0989,3.3878],[-76.1026,3.3896],[-76.0993,3.3877999999999995],[-76.08801338333991,3.3875003553099092]],[[-76.08785999999989,3.3873399999998806],[-76.08606896551724,3.385293103448286],[-76.0861,3.3855000000000004],[-76.08785999999989,3.3873399999998806]],[[-76.1229,3.382399999999999],[-76.11851111111112,3.383277777777778],[-76.1201,3.3834],[-76.1229,3.382399999999999]],[[-76.10977542829173,3.3879515907978455],[-76.11,3.3878999999999997],[-76.11684375000002,3.3836112499999986],[-76.1164,3.3836999999999997],[-76.10977542829173,3.3879515907978455]]]}},{"type":"Feature","properties":{"id":"B170","v":16.4,"clase":"DEFICIT_EXTREMO","periodo":"1–15 ago 2026"},"geometry":{"type":"Polygon","coordinates":[[[-76.0879541501996,3.4405163863025963],[-76.1464615732696,3.440447578555383],[-76.17577770260553,3.491327983859099],[-76.14658508654726,3.542280902477408],[-76.08807136333128,3.542351751774795],[-76.0587566179483,3.491467640707546],[-76.0879541501996,3.4405163863025963]],[[-76.094,3.4831999999999996],[-76.09821065830722,3.4842068965517257],[-76.0982,3.4842000000000004],[-76.094,3.4831999999999996]],[[-76.10388979591828,3.4878816326529996],[-76.1082,3.4907999999999997],[-76.10827713052859,3.490720496224377],[-76.10388979591828,3.4878816326529996]]]}},{"type":"Feature","properties":{"id":"B171","v":14.1,"clase":"DEFICIT_EXTREMO","periodo":"1–15 ago 2026"},"geometry":{"type":"Polygon","coordinates":[[[-76.08807136333128,3.5423517517747953],[-76.14658508654726,3.5422809024774082],[-76.17590622452606,3.5931601333498255],[-76.14671222548718,3.6441139978148986],[-76.08819201718906,3.6441868890892835],[-76.05887235467408,3.5933038737196714],[-76.08807136333128,3.5423517517747953]],[[-76.08911297709923,3.621475381679388],[-76.08981921708187,3.6212693950177925],[-76.0895,3.621200000000001],[-76.08911297709923,3.621475381679388]],[[-76.08414687499999,3.625159134615398],[-76.08508400000002,3.6243421538461367],[-76.0843,3.624900000000001],[-76.08414687499999,3.625159134615398]],[[-76.0827,3.6294999999999997],[-76.0840721115538,3.6252856573704895],[-76.083,3.6271],[-76.0827,3.6294999999999997]]]}},{"type":"Feature","properties":{"id":"B172","v":12.2,"clase":"DEFICIT_EXTREMO","periodo":"1–15 ago 2026"},"geometry":{"type":"Polygon","coordinates":[[[-76.08819201718906,3.6441868890892835],[-76.14671222548718,3.6441139978148986],[-76.17603846558444,3.6949920507618335],[-76.14684299208255,3.7459468580301953],[-76.08831611366453,3.746021791720805],[-76.05899144056478,3.695139875519124],[-76.08819201718906,3.6441868890892835]],[[-76.1163,3.706399999999999],[-76.11448070273285,3.716497099832675],[-76.1146,3.7163],[-76.1163,3.706399999999999]],[[-76.11266179775284,3.719502247190983],[-76.1125,3.7197],[-76.11244587737842,3.719858985200872],[-76.11266179775284,3.719502247190983]],[[-76.1118263157895,3.721678947368385],[-76.11094381161008,3.7242713033953865],[-76.1111,3.724100000000001],[-76.1118263157895,3.721678947368385]],[[-76.11029732142853,3.724980357142887],[-76.1082,3.7269999999999994],[-76.10822089671737,3.72725772618095],[-76.11029732142853,3.724980357142887]]]}},{"type":"Feature","properties":{"id":"B173","v":11.1,"clase":"DEFICIT_EXTREMO","periodo":"1–15 ago 2026"},"geometry":{"type":"Polygon","coordinates":[[[-76.08831611366453,3.746021791720805],[-76.14684299208255,3.7459468580301953],[-76.1761744278541,3.796823729552439],[-76.146977388384,3.8477794765885096],[-76.08844365470385,3.847856453146989],[-76.05911387748775,3.7969756395880414],[-76.08831611366453,3.746021791720805]],[[-76.1437,3.8305000000000007],[-76.1454,3.827599999999999],[-76.1429696,3.8308983999999953],[-76.1437,3.8305000000000007]],[[-76.1167,3.8217],[-76.11964619883041,3.8211643274853797],[-76.1195,3.8210999999999995],[-76.1167,3.8217]],[[-76.11192770398482,3.818168500948767],[-76.11365704057279,3.8194482100238654],[-76.1129,3.8184],[-76.11192770398482,3.818168500948767]],[[-76.10934831460673,3.8185112359550564],[-76.1114490909091,3.8180545454545456],[-76.1108,3.8179000000000003],[-76.10934831460673,3.8185112359550564]],[[-76.0966,3.8124],[-76.09725875706214,3.8129389830508367],[-76.0924,3.807399999999999],[-76.0966,3.8124]],[[-76.08490000000002,3.7975000000000008],[-76.08502696245733,3.7974467576791806],[-76.08463584905661,3.7973264150943424],[-76.08490000000002,3.7975000000000008]],[[-76.0809,3.7910000000000004],[-76.08097727690892,3.7916491260349567],[-76.083,3.7876999999999996],[-76.0809,3.7910000000000004]],[[-76.08513135135135,3.7658183783783787],[-76.0885,3.7643999999999997],[-76.0888737470167,3.763957040572791],[-76.0855,3.7651999999999983],[-76.08513135135135,3.7658183783783787]]]}},{"type":"Feature","properties":{"id":"B174","v":10.8,"clase":"DEFICIT_EXTREMO","periodo":"1–15 ago 2026"},"geometry":{"type":"Polygon","coordinates":[[[-76.08857464230769,3.9496908668484267],[-76.05923966736337,3.8988111594114963],[-76.08844365470385,3.8478564531469894],[-76.146977388384,3.84777947658851],[-76.17631411346738,3.8986551631818673],[-76.16106438836711,3.9252691642810724],[-76.1601,3.924799999999999],[-76.15990000000001,3.9248999999999996],[-76.16096950342607,3.9254347542338603],[-76.14711541649967,3.9496118469580037],[-76.0891161979272,3.9496901548041223],[-76.0885,3.943],[-76.0887,3.9488],[-76.08903384848834,3.949690263101055],[-76.08857464230769,3.9496908668484267]],[[-76.0727,3.900500000000001],[-76.0666,3.9032000000000013],[-76.0727679245283,3.900556603773587],[-76.0727,3.900500000000001]],[[-76.15876666666666,3.925466666666667],[-76.1580870967742,3.9258064516129036],[-76.1583,3.9257999999999993],[-76.15876666666666,3.925466666666667]],[[-76.15693333333333,3.9258414141414133],[-76.15488635409378,3.9257173547935618],[-76.15500000000002,3.9258999999999995],[-76.15693333333333,3.9258414141414133]],[[-76.15365155807366,3.923732861189824],[-76.15227469387754,3.9208771428571367],[-76.1522,3.9213999999999993],[-76.15365155807366,3.923732861189824]],[[-76.14703762575454,3.904822132796781],[-76.147,3.9048],[-76.1411,3.903999999999999],[-76.14703762575454,3.904822132796781]],[[-76.13874020408163,3.905217959183677],[-76.138,3.905600000000001],[-76.1348,3.9087000000000014],[-76.13874020408163,3.905217959183677]],[[-76.1183,3.9148],[-76.116,3.9159],[-76.11596,3.9160600000000017],[-76.1183,3.9148]],[[-76.11576279069767,3.916848837209289],[-76.1155,3.9178999999999995],[-76.1163,3.9223999999999983],[-76.11576279069767,3.916848837209289]]]}},{"type":"Feature","properties":{"id":"B175","v":11.7,"clase":"DEFICIT_EXTREMO","periodo":"1–15 ago 2026"},"geometry":{"type":"Polygon","coordinates":[[[-76.14711541649967,3.949611846958004],[-76.17645752461563,4.000486345113321],[-76.14725707859525,4.051443962609879],[-76.08870907853142,4.051525026308759],[-76.05936881216522,4.000646428477562],[-76.08857464230769,3.9496908668484276],[-76.08903384848834,3.949690263101056],[-76.08914302325582,3.949981395348841],[-76.0891161979272,3.949690154804123],[-76.14711541649967,3.949611846958004]],[[-76.1005625,3.9576],[-76.1006,3.957800000000001],[-76.1033,3.9576000000000016],[-76.1005625,3.9576]],[[-76.1004,3.9567333333332817],[-76.1004,3.9566],[-76.10060610687022,3.956519847328243],[-76.10034670658683,3.956449101796411],[-76.1004,3.9567333333332817]],[[-76.0937,3.952200000000001],[-76.09236,3.952078181818181],[-76.0962,3.9533],[-76.0937,3.952200000000001]],[[-76.08949473684211,3.950919298245614],[-76.0896,3.9512],[-76.08981782178218,3.951269306930693],[-76.08949473684211,3.950919298245614]]]}},{"type":"Feature","properties":{"id":"B176","v":12.6,"clase":"DEFICIT_EXTREMO","periodo":"1–15 ago 2026"},"geometry":{"type":"Polygon","coordinates":[[[-76.08870907853142,4.051525026308759],[-76.14725707859525,4.051443962609879],[-76.17660466354928,4.1023172688130805],[-76.14740237689414,4.153275817018436],[-76.08884696548509,4.153358925014743],[-76.05950131392007,4.102481440277409],[-76.08870907853142,4.051525026308759]],[[-76.07000543735225,4.087284633569747],[-76.0703,4.088],[-76.07629234449762,4.090899521531104],[-76.0763,4.0908],[-76.0709,4.088199999999998],[-76.07000543735225,4.087284633569747]],[[-76.11156716417912,4.066891791044781],[-76.1115,4.066799999999999],[-76.1096,4.066399999999999],[-76.11156716417912,4.066891791044781]],[[-76.120439064283,4.079215100798783],[-76.1205,4.079099999999999],[-76.11297887323896,4.06882112675988],[-76.120439064283,4.079215100798783]],[[-76.1244,4.1018],[-76.12580000000001,4.102099999999999],[-76.1244875,4.101725],[-76.1244,4.1018]],[[-76.1283,4.1066],[-76.1288,4.1053],[-76.12877033898305,4.105283050847457],[-76.1283,4.1066]],[[-76.1291,4.109999999999999],[-76.12964000000001,4.110380000000013],[-76.12921215469613,4.109791712707174],[-76.1291,4.109999999999999]],[[-76.1318,4.111900000000001],[-76.13030000000002,4.110399999999999],[-76.12989731543624,4.110561073825506],[-76.1318,4.111900000000001]],[[-76.1366,4.115800000000001],[-76.13668108108108,4.115736936936935],[-76.1364,4.1148],[-76.1366,4.115800000000001]],[[-76.1485,4.121599999999999],[-76.1499,4.120599999999998],[-76.1483813559322,4.121549152542375],[-76.1485,4.121599999999999]]]}},{"type":"Feature","properties":{"id":"B177","v":14.0,"clase":"DEFICIT_EXTREMO","periodo":"1–15 ago 2026"},"geometry":{"type":"Polygon","coordinates":[[[-76.08884696548509,4.153358925014743],[-76.14740237689414,4.153275817018436],[-76.17675553257799,4.204147927750563],[-76.14755131367744,4.255107403661178],[-76.08898830533357,4.255192556456346],[-76.05963717470796,4.204316188305377],[-76.08884696548509,4.153358925014743]],[[-76.1531,4.1834999999999996],[-76.14984911032028,4.181642348754437],[-76.1501,4.181999999999999],[-76.1531,4.1834999999999996]]]}},{"type":"Feature","properties":{"id":"B178","v":14.9,"clase":"DEFICIT_EXTREMO","periodo":"1–15 ago 2026"},"geometry":{"type":"Polygon","coordinates":[[[-76.08913310029668,4.357025914126819],[-76.05977639666234,4.30615066605906],[-76.08898830533357,4.255192556456346],[-76.14755131367744,4.255107403661179],[-76.17506760198975,4.302785999897063],[-76.174,4.303099999999999],[-76.17381312741314,4.303337837837834],[-76.17515946334325,4.302945157047901],[-76.17691013407061,4.305978315398414],[-76.15212495873172,4.349225013388819],[-76.1483,4.349000000000002],[-76.15207961953779,4.349304120103697],[-76.14859177153966,4.355389588829798],[-76.1468,4.355300000000001],[-76.14844151224749,4.355651753798263],[-76.14770389128417,4.356938716018875],[-76.13796638017641,4.356953529326746],[-76.13790381231672,4.354075366568919],[-76.1376,4.354899999999999],[-76.13782819215481,4.356953738638778],[-76.08913310029668,4.357025914126819]],[[-76.1428,4.346700000000001],[-76.14267984496124,4.346868217054263],[-76.1483,4.349000000000002],[-76.1428,4.346700000000001]],[[-76.1383,4.353000000000001],[-76.13805862068966,4.3536551724137915],[-76.14026969696972,4.350242424242389],[-76.1383,4.353000000000001]],[[-76.1525,4.3467],[-76.15312745098039,4.346950980392155],[-76.15190546448089,4.345895628415308],[-76.1525,4.3467]],[[-76.1508,4.344399999999999],[-76.15097476635513,4.344636448598123],[-76.15071538461538,4.343469230769235],[-76.1508,4.344399999999999]],[[-76.15050000000001,4.341100000000001],[-76.15050769230768,4.341184615384624],[-76.1505962962963,4.341007407407398],[-76.15050000000001,4.341100000000001]]]}},{"type":"Feature","properties":{"id":"B179","v":15.7,"clase":"DEFICIT_EXTREMO","periodo":"1–15 ago 2026"},"geometry":{"type":"Polygon","coordinates":[[[-76.14770389128417,4.356938716018875],[-76.17706847045541,4.407808425232576],[-76.1478601121112,4.458769747575646],[-76.08928135264912,4.458858991522774],[-76.05991898197016,4.40798486703937],[-76.08913310029668,4.357025914126821],[-76.13782819215481,4.356953738638779],[-76.138,4.3585],[-76.13796638017641,4.356953529326747],[-76.14770389128417,4.356938716018875]],[[-76.1475,4.3744000000000005],[-76.1485,4.372499999999999],[-76.14850858725761,4.372199445983384],[-76.1475,4.3744000000000005]],[[-76.14319954751132,4.374957466063348],[-76.1451,4.375099999999998],[-76.1475,4.3744000000000005],[-76.14319954751132,4.374957466063348]],[[-76.14920000000001,4.363600000000001],[-76.14915189873417,4.364273417721544],[-76.14961501706485,4.363016382252547],[-76.14920000000001,4.363600000000001]],[[-76.14,4.360599999999999],[-76.1416,4.3609],[-76.13982456140351,4.360415789473685],[-76.14,4.360599999999999]],[[-76.07574551724137,4.433584482758619],[-76.07649085457271,4.434383058470769],[-76.0763,4.433700000000002],[-76.07574551724137,4.433584482758619]],[[-76.1078,4.399799999999999],[-76.1121,4.403699999999999],[-76.1125236445783,4.403875301204817],[-76.1078,4.399799999999999]],[[-76.1136331670823,4.404334413965088],[-76.115,4.4049],[-76.11767985074626,4.405076305970147],[-76.1136331670823,4.404334413965088]],[[-76.12108,4.4053],[-76.1226,4.405399999999998],[-76.12283333333333,4.4052999999999995],[-76.12108,4.4053]],[[-76.12510384615383,4.404326923076925],[-76.1275,4.403299999999999],[-76.12755472713297,4.403074250576483],[-76.12510384615383,4.404326923076925]],[[-76.1325,4.3774],[-76.13022000000001,4.374360000000006],[-76.1302,4.3748],[-76.1325,4.3774]],[[-76.1329497005988,4.371451796407187],[-76.13359791666667,4.371428645833332],[-76.1333,4.3713],[-76.1329497005988,4.371451796407187]],[[-76.1393573991031,4.373915695067247],[-76.1411,4.3748],[-76.1414694267516,4.374827707006369],[-76.1393573991031,4.373915695067247]]]}},{"type":"Feature","properties":{"id":"B180","v":16.3,"clase":"DEFICIT_EXTREMO","periodo":"1–15 ago 2026"},"geometry":{"type":"Polygon","coordinates":[[[-76.14801997861348,4.560600491819042],[-76.08943306472075,4.560691782144269],[-76.06006493287181,4.5098187847506415],[-76.08099995955608,4.473304186064664],[-76.08110330992979,4.473254663991975],[-76.08103296026584,4.473246624087792],[-76.08928135264912,4.458858991522774],[-76.1478601121112,4.458769747575646],[-76.17435325448618,4.504655351450731],[-76.1691,4.5079],[-76.16904777777778,4.508202888888884],[-76.17437882640286,4.504699637417415],[-76.1772305442201,4.509638250732383],[-76.16971745618018,4.522746565376899],[-76.16880197368421,4.520305263157917],[-76.1688,4.520400000000001],[-76.16970455191083,4.522769079496149],[-76.14801997861348,4.560600491819042]],[[-76.13737961165049,4.557528155339804],[-76.1371,4.557399999999999],[-76.13420000000002,4.5588],[-76.13737961165049,4.557528155339804]],[[-76.08490000000002,4.473200000000001],[-76.0874,4.474799999999999],[-76.0874875,4.474637500000003],[-76.08490000000002,4.473200000000001]],[[-76.08762065217391,4.474390217391314],[-76.0881,4.4735],[-76.0878,4.4716999999999985],[-76.08762065217391,4.474390217391314]],[[-76.0869,4.470900000000001],[-76.08612676056339,4.471243661971831],[-76.0878,4.4716999999999985],[-76.0869,4.470900000000001]],[[-76.16623253012042,4.512737349397532],[-76.1689,4.5156],[-76.1663,4.5128],[-76.16623253012042,4.512737349397532]],[[-76.16481095890411,4.510995433789951],[-76.1648,4.511199999999999],[-76.16485805309735,4.511262300884958],[-76.16481095890411,4.510995433789951]]]}},{"type":"Feature","properties":{"id":"B181","v":16.9,"clase":"DEFICIT_EXTREMO","periodo":"1–15 ago 2026"},"geometry":{"type":"Polygon","coordinates":[[[-76.17739635791195,4.611467785380626],[-76.14818349330402,4.66243094224012],[-76.08958823889651,4.662524279494882],[-76.0602142516614,4.611652412700694],[-76.08943306472075,4.560691782144269],[-76.14801997861348,4.560600491819042],[-76.1512046172441,4.566115431150069],[-76.15120748663102,4.5661871657754025],[-76.15122686150437,4.566153951803363],[-76.17739635791195,4.611467785380626]],[[-76.1196,4.654099999999999],[-76.1227,4.6512],[-76.12274128440366,4.651056880733948],[-76.1196,4.654099999999999]],[[-76.13082621035059,4.633216193656073],[-76.1313,4.632499999999999],[-76.1319,4.629100000000001],[-76.13082621035059,4.633216193656073]],[[-76.15103362831859,4.575062958280656],[-76.15063333333332,4.57363333333328],[-76.1509786259542,4.5750145038167895],[-76.15103362831859,4.575062958280656]],[[-76.1504,4.572700000000001],[-76.15041724137932,4.57276896551724],[-76.1514,4.571],[-76.1504,4.572700000000001]]]}},{"type":"Feature","properties":{"id":"B182","v":17.4,"clase":"DEFICIT_EXTREMO","periodo":"1–15 ago 2026"},"geometry":{"type":"Polygon","coordinates":[[[-76.08974687761666,4.764356477081795],[-76.06036694068675,4.713485744400919],[-76.08958823889651,4.662524279494883],[-76.14818349330402,4.662430942240121],[-76.17756591413783,4.713297022663638],[-76.14835065875411,4.764261092333527],[-76.13701611030778,4.764279930270241],[-76.1353,4.7621],[-76.13518236607143,4.76212075892857],[-76.13696609237867,4.764280012985616],[-76.08974687761666,4.764356477081795]],[[-76.12840291262137,4.759458252427192],[-76.12824712643678,4.759230804597681],[-76.1283,4.759399999999999],[-76.12840291262137,4.759458252427192]],[[-76.12168868458275,4.750965346534656],[-76.1201,4.746100000000002],[-76.1216,4.750900000000001],[-76.12168868458275,4.750965346534656]],[[-76.0901,4.736799999999999],[-76.0882,4.7355],[-76.08793135391925,4.735518527315914],[-76.0901,4.736799999999999]]]}},{"type":"Feature","properties":{"id":"B183","v":17.8,"clase":"DEFICIT_EXTREMO","periodo":"1–15 ago 2026"},"geometry":{"type":"Polygon","coordinates":[[[-76.08990898337674,4.866188368415872],[-76.06052300234943,4.815318773366351],[-76.08974687761666,4.764356477081794],[-76.13696609237867,4.7642800129856155],[-76.13803095238082,4.765569047618873],[-76.13701611030778,4.764279930270241],[-76.14835065875411,4.764261092333526],[-76.1777392155644,4.815125956071368],[-76.16648330831839,4.83476062955148],[-76.1608,4.836400000000001],[-76.154,4.836199999999999],[-76.145,4.837900000000001],[-76.1394,4.841199999999999],[-76.1378,4.843600000000001],[-76.1369,4.849499999999999],[-76.1296,4.856099999999999],[-76.1298,4.8603000000000005],[-76.1311,4.8635],[-76.1294,4.864999999999999],[-76.12914068091072,4.8661237172988345],[-76.08990898337674,4.866188368415872]],[[-76.1433,4.787699999999999],[-76.1464,4.786099999999999],[-76.14704016393442,4.785110655737709],[-76.1433,4.787699999999999]],[[-76.145,4.7764],[-76.13956353276353,4.7697450142450135],[-76.1396,4.7699],[-76.145,4.7764]],[[-76.13906666666666,4.767633333333302],[-76.139,4.766799999999999],[-76.13881541950114,4.766565532879832],[-76.13906666666666,4.767633333333302]],[[-76.1475,4.7844000000000015],[-76.14751783783784,4.78392729729731],[-76.1472745341615,4.784748447204961],[-76.1475,4.7844000000000015]],[[-76.1242,4.8297],[-76.12188717948719,4.829279487179488],[-76.12900000000002,4.832299999999999],[-76.1242,4.8297]],[[-76.1198,4.8289],[-76.11939887850467,4.829377009345795],[-76.12152432432433,4.829213513513513],[-76.1198,4.8289]],[[-76.1161,4.8333],[-76.11607554858935,4.833369592476473],[-76.11640410958898,4.8329383561644566],[-76.1161,4.8333]],[[-76.111,4.838299999999999],[-76.1146,4.8370999999999995],[-76.11461343669251,4.837063824289407],[-76.111,4.838299999999999]]]}},{"type":"Feature","properties":{"id":"B184","v":18.0,"clase":"DEFICIT_EXTREMO","periodo":"1–15 ago 2026"},"geometry":{"type":"Polygon","coordinates":[[[-76.06068243910495,4.917151493115758],[-76.08990898337674,4.86618836841587],[-76.12914068091072,4.866123717298834],[-76.1288,4.8675999999999995],[-76.1254,4.8721],[-76.1267,4.874],[-76.1243,4.8758],[-76.1217,4.8759],[-76.1169,4.881099999999999],[-76.1174,4.8858],[-76.1141,4.890399999999999],[-76.1141,4.894],[-76.1242,4.902899999999999],[-76.127,4.903999999999998],[-76.13,4.9072000000000005],[-76.1295,4.909500000000001],[-76.1307,4.9108],[-76.1289,4.913700000000001],[-76.12,4.912],[-76.1156,4.9134],[-76.1128,4.915299999999999],[-76.1094,4.914499999999999],[-76.1053,4.9155999999999995],[-76.1023,4.9153],[-76.0988,4.9183],[-76.0986,4.923100000000001],[-76.0946,4.930199999999999],[-76.0953,4.935499999999998],[-76.0932,4.9374],[-76.0946,4.9413],[-76.0922,4.942499999999999],[-76.0887,4.9460999999999995],[-76.0913,4.949399999999999],[-76.0905,4.9515],[-76.0914,4.955400000000001],[-76.0913,4.9593],[-76.0897,4.9613999999999985],[-76.091,4.964899999999999],[-76.0896,4.9668],[-76.08964368671954,4.9672743242270485],[-76.06068243910495,4.917151493115758]]]}},{"type":"Feature","properties":{"id":"B185","v":18.2,"clase":"DEFICIT_EXTREMO","periodo":"1–15 ago 2026"},"geometry":{"type":"Polygon","coordinates":[[[-76.07719788118206,5.0472798736290665],[-76.0793,5.0447],[-76.0799,5.0411],[-76.07840000000002,5.038499999999997],[-76.07840000000002,5.0369],[-76.0742,5.0329999999999995],[-76.0706,5.0268],[-76.0661,5.0229],[-76.0645,5.015799999999999],[-76.06293987829015,5.015331971603859],[-76.08976248159537,4.968564120229768],[-76.0903,4.9744],[-76.0915,4.976699999999999],[-76.0902,4.979799999999999],[-76.0916,4.9845],[-76.0947,4.9889],[-76.0986,4.998799999999999],[-76.0972,5.005000000000001],[-76.0943,5.010900000000001],[-76.0961,5.0193],[-76.0964,5.024400000000001],[-76.0956,5.027099999999998],[-76.0968,5.0318],[-76.0931,5.0369],[-76.0912,5.0429],[-76.0811,5.045299999999999],[-76.07722836077815,5.047332611131486],[-76.07719788118206,5.0472798736290665]]]}},{"type":"Feature","properties":{"id":"B186","v":20.6,"clase":"DEFICIT_ALTO","periodo":"1–15 ago 2026"},"geometry":{"type":"Polygon","coordinates":[[[-76.08773003882006,3.23684499700003],[-76.05853518478716,3.2877945071308887],[-76.04661519619366,3.287807131009599],[-76.048,3.2868],[-76.0484,3.2844000000000007],[-76.0505,3.2820000000000005],[-76.0476,3.2725000000000004],[-76.048,3.2651],[-76.0446,3.2606],[-76.0408,3.2589],[-76.0408,3.2554999999999996],[-76.0386,3.2537],[-76.0386,3.2515],[-76.04,3.2477],[-76.0433,3.2465999999999986],[-76.0472,3.2427999999999995],[-76.0495,3.2420999999999998],[-76.0516,3.2392],[-76.055,3.2370999999999994],[-76.0559,3.2346999999999997],[-76.0593,3.2310999999999996],[-76.0586,3.2279000000000004],[-76.0569,3.2265],[-76.0554,3.2234000000000003],[-76.0575,3.2209999999999996],[-76.0614,3.2133999999999996],[-76.0676,3.2105],[-76.073946300586,3.212907240947106],[-76.08773003882006,3.23684499700003]]]}},{"type":"Feature","properties":{"id":"B187","v":19.7,"clase":"DEFICIT_EXTREMO","periodo":"1–15 ago 2026"},"geometry":{"type":"Polygon","coordinates":[[[-76.05853518478716,3.287794507130889],[-76.0878403759568,3.3386807992007457],[-76.05864422857314,3.389631183003458],[-76.02926702222618,3.38966299155704],[-76.0292,3.3891000000000004],[-76.0316,3.3821],[-76.0358,3.3778999999999995],[-76.0396,3.3787000000000003],[-76.0414,3.3781999999999996],[-76.0472,3.3743],[-76.0497,3.3698999999999995],[-76.0477,3.367100000000001],[-76.0474,3.3653999999999997],[-76.0511,3.3618999999999994],[-76.0594,3.3565999999999994],[-76.0602,3.3548999999999993],[-76.06218964941569,3.355077295492488],[-76.0612,3.3545],[-76.0619,3.3517],[-76.0614,3.3505000000000003],[-76.0554,3.3484],[-76.0536,3.3423999999999996],[-76.0546,3.3401999999999994],[-76.0519,3.3357],[-76.0571,3.3275999999999994],[-76.0496,3.3239],[-76.048,3.3204],[-76.0449,3.3190999999999997],[-76.0415,3.3068],[-76.0378,3.301000000000001],[-76.0378,3.299699999999999],[-76.0392,3.2980999999999985],[-76.0429,3.2964999999999995],[-76.0422,3.293499999999999],[-76.0432,3.2882999999999996],[-76.0458,3.2884],[-76.04661519619366,3.2878071310095995],[-76.05853518478716,3.287794507130889]]]}},{"type":"Feature","properties":{"id":"B188","v":17.9,"clase":"DEFICIT_EXTREMO","periodo":"1–15 ago 2026"},"geometry":{"type":"Polygon","coordinates":[[[-76.05864422857314,3.3896311830034587],[-76.0879541501996,3.4405163863025963],[-76.0587566179483,3.491467640707546],[-76.02627938722027,3.491503807260048],[-76.026,3.4902000000000006],[-76.0274,3.4863999999999997],[-76.0244,3.4841000000000006],[-76.0242,3.4824999999999995],[-76.0216,3.4790999999999994],[-76.0226,3.4729999999999994],[-76.0271,3.4663],[-76.0262,3.4631000000000003],[-76.0269,3.4602000000000004],[-76.0288,3.4579999999999993],[-76.0281,3.4551999999999996],[-76.0287,3.452599999999999],[-76.0369,3.4526999999999997],[-76.0371,3.4448],[-76.0382,3.4410000000000003],[-76.0414,3.4376000000000007],[-76.0415,3.4287999999999994],[-76.0396,3.425],[-76.038,3.4191000000000007],[-76.0425,3.409499999999999],[-76.043,3.3981],[-76.0419,3.395],[-76.0374,3.3948000000000005],[-76.0355,3.3924],[-76.0297,3.3933000000000004],[-76.02926702222618,3.389662991557041],[-76.05864422857314,3.3896311830034587]]]}},{"type":"Feature","properties":{"id":"B189","v":15.8,"clase":"DEFICIT_EXTREMO","periodo":"1–15 ago 2026"},"geometry":{"type":"Polygon","coordinates":[[[-76.0587566179483,3.4914676407075462],[-76.08807136333128,3.5423517517747953],[-76.05887235467408,3.5933038737196714],[-76.00035371433599,3.593370100703012],[-75.98904418045784,3.5737377044736944],[-75.9884,3.5692999999999997],[-75.984,3.5598999999999994],[-75.9866,3.5582999999999996],[-75.9863,3.5553000000000003],[-75.9877,3.5528999999999997],[-75.9935,3.5468999999999995],[-75.9965,3.5416999999999996],[-75.9963,3.5401],[-75.9978,3.5372999999999997],[-75.998,3.5327999999999995],[-76.0032,3.5278999999999994],[-76.0015,3.5195999999999996],[-76.0035,3.5166999999999997],[-76.0151,3.5075000000000003],[-76.0181,3.5000999999999998],[-76.023,3.4941],[-76.0263,3.4916000000000005],[-76.02627938722027,3.4915038072600484],[-76.0587566179483,3.4914676407075462]]]}},{"type":"Feature","properties":{"id":"B190","v":14.2,"clase":"DEFICIT_EXTREMO","periodo":"1–15 ago 2026"},"geometry":{"type":"Polygon","coordinates":[[[-76.00035371433599,3.5933701007030128],[-76.05887235467408,3.593303873719672],[-76.08819201718906,3.6441868890892835],[-76.05899144056478,3.695139875519124],[-76.00046622169201,3.6952079843448584],[-75.97683350654592,3.6541897497142575],[-75.9771,3.6535],[-75.9764,3.6478000000000006],[-75.9771,3.6435999999999993],[-75.9789,3.6430999999999996],[-75.9795,3.6420000000000003],[-75.9828,3.6421000000000006],[-75.9836,3.6405],[-75.9852,3.6416999999999997],[-75.9887,3.6426000000000003],[-75.9908,3.6398000000000006],[-75.9925,3.6399],[-75.9937,3.6384],[-75.9936,3.6357999999999993],[-75.9903,3.6312999999999995],[-75.9901,3.6297],[-75.9866,3.6234],[-75.9879,3.6204],[-75.9884,3.6179999999999994],[-75.9877,3.6168],[-75.9888,3.613999999999999],[-75.992,3.6117000000000004],[-75.9953,3.6111000000000004],[-75.9938,3.609599999999999],[-75.994,3.6076],[-75.9932433395891,3.6057751198682992],[-76.00035371433599,3.5933701007030128]],[[-76.0767,3.631099999999999],[-76.07689625668449,3.6289411764705948],[-76.0768,3.6290000000000004],[-76.0767,3.631099999999999]],[[-76.077,3.6386999999999996],[-76.0764,3.6373999999999995],[-76.07695409836066,3.6387852459016385],[-76.077,3.6386999999999996]],[[-76.07650000000001,3.6420999999999992],[-76.07642123287671,3.6412729452054697],[-76.07605769230769,3.642763461538465],[-76.07650000000001,3.6420999999999992]],[[-76.0743,3.645399999999999],[-76.07588,3.6430299999999995],[-76.07520000000001,3.6431999999999998],[-76.0743,3.645399999999999]],[[-76.03772266666665,3.681116000000016],[-76.0382675,3.6802987499999924],[-76.0379,3.680499999999999],[-76.03772266666665,3.681116000000016]]]}},{"type":"Feature","properties":{"id":"B191","v":12.9,"clase":"DEFICIT_EXTREMO","periodo":"1–15 ago 2026"},"geometry":{"type":"Polygon","coordinates":[[[-76.00046622169201,3.6952079843448593],[-76.05899144056478,3.695139875519125],[-76.08831611366453,3.746021791720805],[-76.05911387748775,3.7969756395880414],[-76.00058189496374,3.7970456306666667],[-75.97125897399077,3.746159891431089],[-75.98827013577728,3.716484617102913],[-75.993,3.7148000000000008],[-75.98827320405633,3.716479264459792],[-76.00046622169201,3.6952079843448593]],[[-75.9973,3.716700000000001],[-75.99809166666667,3.7166604166666657],[-75.993,3.7148000000000008],[-75.9973,3.716700000000001]],[[-76.06955555555547,3.76228888888885],[-76.07504117647059,3.7647823529411784],[-76.075,3.7647],[-76.06955555555547,3.76228888888885]],[[-76.0073,3.7162000000000006],[-76.00778826907302,3.715674979491385],[-76.00688974358974,3.7162205128205126],[-76.0073,3.7162000000000006]]]}},{"type":"Feature","properties":{"id":"B192","v":12.3,"clase":"DEFICIT_EXTREMO","periodo":"1–15 ago 2026"},"geometry":{"type":"Polygon","coordinates":[[[-76.00058189496374,3.7970456306666676],[-76.05911387748775,3.7969756395880423],[-76.08844365470385,3.8478564531469894],[-76.05923966736337,3.8988111594114963],[-76.00070073596565,3.8988830331649518],[-75.97137280254096,3.8479983177796653],[-76.00058189496374,3.7970456306666676]]]}},{"type":"Feature","properties":{"id":"B193","v":12.5,"clase":"DEFICIT_EXTREMO","periodo":"1–15 ago 2026"},"geometry":{"type":"Polygon","coordinates":[[[-76.00070073596565,3.8988830331649518],[-76.05923966736337,3.8988111594114963],[-76.08857464230769,3.9496908668484276],[-76.05936881216522,4.000646428477562],[-76.00082274656228,4.000720185339253],[-75.97148970710263,3.9498364972588367],[-76.00070073596565,3.8988830331649518]]]}},{"type":"Feature","properties":{"id":"B194","v":13.0,"clase":"DEFICIT_EXTREMO","periodo":"1–15 ago 2026"},"geometry":{"type":"Polygon","coordinates":[[[-76.00082274656228,4.000720185339253],[-76.05936881216522,4.000646428477562],[-76.08870907853142,4.051525026308759],[-76.05950131392007,4.102481440277409],[-76.00094792866854,4.102557080692211],[-75.97160968951036,4.051674423375174],[-76.00082274656228,4.000720185339253]],[[-76.06874463840398,4.085994513715707],[-76.06763614457832,4.0848602409638675],[-76.0682,4.0858],[-76.06874463840398,4.085994513715707]],[[-76.0609054347826,4.0869775083612065],[-76.06673501479861,4.083938154677647],[-76.0666,4.083800000000001],[-76.0615,4.0862],[-76.0609054347826,4.0869775083612065]],[[-76.05924995425434,4.087840622140897],[-76.0586,4.0878000000000005],[-76.05825614714423,4.0883587608906105],[-76.05924995425434,4.087840622140897]]]}},{"type":"Feature","properties":{"id":"B195","v":13.9,"clase":"DEFICIT_EXTREMO","periodo":"1–15 ago 2026"},"geometry":{"type":"Polygon","coordinates":[[[-76.00094792866854,4.102557080692212],[-76.05950131392007,4.102481440277409],[-76.08884696548509,4.153358925014743],[-76.05963717470796,4.204316188305377],[-76.0010762842497,4.204393712729648],[-75.97173275164747,4.153512089638395],[-76.00094792866854,4.102557080692212]]]}},{"type":"Feature","properties":{"id":"B196","v":14.5,"clase":"DEFICIT_EXTREMO","periodo":"1–15 ago 2026"},"geometry":{"type":"Polygon","coordinates":[[[-76.0010762842497,4.20439371272965],[-76.05963717470796,4.204316188305378],[-76.08898830533357,4.255192556456346],[-76.05977639666234,4.30615066605906],[-76.00120781532142,4.3062300749606495],[-75.97185889544629,4.2553494895614365],[-76.0010762842497,4.20439371272965]],[[-76.0029,4.2324],[-76.0032,4.233900000000001],[-76.0032792,4.233916799999998],[-76.0029,4.2324]],[[-76.0095,4.2362],[-76.0098,4.2378],[-76.0098776119403,4.237710447761191],[-76.0095,4.2362]],[[-76.0239,4.244699999999998],[-76.0234,4.2463],[-76.02351886792452,4.246319811320756],[-76.0239,4.244699999999998]],[[-76.0339,4.2472],[-76.0342,4.249299999999998],[-76.034,4.2472],[-76.0339,4.2472]],[[-76.03715126213592,4.256251067961162],[-76.0378,4.256799999999999],[-76.03740461538462,4.256009230769226],[-76.03715126213592,4.256251067961162]],[[-76.0424,4.254500000000001],[-76.04348617021276,4.253413829787233],[-76.0434,4.2534],[-76.0424,4.254500000000001]],[[-76.0393,4.254200000000001],[-76.03888891752577,4.254592396907217],[-76.0424,4.254500000000001],[-76.0393,4.254200000000001]]]}},{"type":"Feature","properties":{"id":"B197","v":15.4,"clase":"DEFICIT_EXTREMO","periodo":"1–15 ago 2026"},"geometry":{"type":"Polygon","coordinates":[[[-76.00120781532142,4.3062300749606495],[-76.05977639666234,4.30615066605906],[-76.08913310029668,4.357025914126821],[-76.05991898197016,4.40798486703937],[-76.00134252394989,4.408066160897638],[-75.97198812288812,4.357186616660553],[-76.00120781532142,4.3062300749606495]]]}},{"type":"Feature","properties":{"id":"B198","v":15.9,"clase":"DEFICIT_EXTREMO","periodo":"1–15 ago 2026"},"geometry":{"type":"Polygon","coordinates":[[[-76.0014804122519,4.509901964056467],[-75.97212043600331,4.459023464455385],[-76.00134252394989,4.408066160897638],[-76.05991898197016,4.40798486703937],[-76.08928135264912,4.458858991522774],[-76.08103296026584,4.473246624087792],[-76.0799,4.4731171428571415],[-76.0808,4.4734],[-76.08099995955608,4.473304186064664],[-76.06006493287181,4.5098187847506415],[-76.05939011542388,4.509819769779132],[-76.0609,4.506799999999999],[-76.06096451612903,4.5062086021505126],[-76.05937911872583,4.50981978582578],[-76.0014804122519,4.509901964056467]],[[-76.06119893992931,4.504059717314604],[-76.062060374415,4.496163234529377],[-76.0616,4.496599999999999],[-76.06119893992931,4.504059717314604]],[[-76.0689,4.487199999999999],[-76.06551743589743,4.492870769230775],[-76.0656,4.4928],[-76.06957757009346,4.486549532710273],[-76.0689,4.487199999999999]],[[-76.07774034707158,4.472438394793929],[-76.0762,4.4697000000000005],[-76.0773,4.472299999999999],[-76.07774034707158,4.472438394793929]],[[-76.07885265588915,4.462781755196309],[-76.0788,4.4624],[-76.07812510699002,4.462139800285303],[-76.07885265588915,4.462781755196309]],[[-76.0735361829026,4.460370576540758],[-76.07080011299435,4.459315706214688],[-76.0709,4.459599999999998],[-76.0735361829026,4.460370576540758]],[[-76.0696,4.455900000000001],[-76.06960000000001,4.455900000000046],[-76.0693,4.454799999999998],[-76.06772499999998,4.452774999999983],[-76.0696,4.455900000000001]],[[-76.0670090909091,4.451581818181825],[-76.06613622047244,4.449212598425206],[-76.0663,4.4504],[-76.0670090909091,4.451581818181825]],[[-76.06595677570094,4.44791162383177],[-76.0702,4.4374],[-76.0659,4.4475],[-76.06595677570094,4.44791162383177]],[[-76.07336485225505,4.433807465007777],[-76.07447377892031,4.433319537275064],[-76.07390000000001,4.433200000000001],[-76.07336485225505,4.433807465007777]],[[-76.0407,4.467],[-76.03809790076336,4.465458015267177],[-76.0381,4.465499999999999],[-76.0407,4.467]],[[-76.05700000000002,4.4596],[-76.05643103448276,4.462634482758624],[-76.0565,4.462599999999998],[-76.05700000000002,4.4596]],[[-76.05557826086957,4.463060869565214],[-76.0501,4.464799999999999],[-76.0543,4.4637],[-76.05557826086957,4.463060869565214]]]}},{"type":"Feature","properties":{"id":"B199","v":16.5,"clase":"DEFICIT_EXTREMO","periodo":"1–15 ago 2026"},"geometry":{"type":"Polygon","coordinates":[[[-76.06006493287181,4.509818784750642],[-76.08943306472075,4.560691782144269],[-76.0602142516614,4.611652412700694],[-76.00162148239488,4.6117374779564875],[-75.97225583687137,4.560860026469041],[-76.0014804122519,4.509901964056468],[-76.05937911872583,4.50981978582578],[-76.0593,4.51],[-76.05939011542388,4.509819769779133],[-76.06006493287181,4.509818784750642]],[[-76.039,4.5831],[-76.03906341463414,4.582801045296166],[-76.0385708737864,4.5836805825242894],[-76.039,4.5831]],[[-76.032,4.573800000000001],[-76.03237022900764,4.573948091603055],[-76.03092439024391,4.571141463414642],[-76.0309,4.571799999999999],[-76.032,4.573800000000001]],[[-76.0309575,4.57024749999997],[-76.03134198830408,4.568654619883059],[-76.03100000000002,4.5691],[-76.0309575,4.57024749999997]],[[-76.03544850299402,4.563017365269459],[-76.0357,4.5627],[-76.0373,4.557],[-76.03544850299402,4.563017365269459]],[[-76.0502,4.5371],[-76.04990000000001,4.5358],[-76.04948057553958,4.535571223021589],[-76.0502,4.5371]],[[-76.0437,4.5349],[-76.0491219512195,4.535375609756096],[-76.0488,4.5352],[-76.04286276150627,4.534390376569037],[-76.0437,4.5349]],[[-76.04181019108279,4.5337496815286595],[-76.04099779005524,4.532602762430943],[-76.0414,4.533500000000001],[-76.04181019108279,4.5337496815286595]],[[-76.04048417910447,4.531457014925374],[-76.04042123893805,4.5296946902654724],[-76.0401,4.530600000000001],[-76.04048417910447,4.531457014925374]],[[-76.04092500000002,4.528275000000011],[-76.04206808510641,4.52647872340425],[-76.0412,4.527499999999999],[-76.04092500000002,4.528275000000011]],[[-76.04274630136986,4.525680821917809],[-76.0487,4.5228],[-76.0429,4.5255],[-76.04274630136986,4.525680821917809]],[[-76.03623478260869,4.586039130434788],[-76.0373,4.5854],[-76.03758430034131,4.585015358361765],[-76.03623478260869,4.586039130434788]],[[-76.03126774193548,4.5880322580645165],[-76.0333,4.5878],[-76.0345089552239,4.587074626865672],[-76.03126774193548,4.5880322580645165]],[[-76.02734153354633,4.587509904153358],[-76.0298,4.5882],[-76.03037833537331,4.588133904528763],[-76.02734153354633,4.587509904153358]],[[-76.0234,4.5867],[-76.02222413793102,4.587648275862077],[-76.02378096995255,4.586778281497102],[-76.0234,4.5867]],[[-76.0203,4.5892],[-76.0201,4.593099999999999],[-76.02064498432603,4.588921786833857],[-76.0203,4.5892]],[[-76.02442857142856,4.6055725274725425],[-76.0253,4.604500000000001],[-76.02533546511629,4.603968023255809],[-76.02442857142856,4.6055725274725425]],[[-76.0231,4.6061],[-76.024,4.606099999999999],[-76.02422941176471,4.605817647058823],[-76.0231,4.6061]],[[-75.9925,4.552999999999999],[-75.9897,4.553099999999999],[-75.98961333333334,4.553192444444446],[-75.9925,4.552999999999999]]]}},{"type":"Feature","properties":{"id":"B200","v":17.0,"clase":"DEFICIT_EXTREMO","periodo":"1–15 ago 2026"},"geometry":{"type":"Polygon","coordinates":[[[-76.00162148239488,4.611737477956488],[-76.0602142516614,4.611652412700695],[-76.08958823889651,4.662524279494883],[-76.06036694068675,4.713485744400919],[-76.00176573659705,4.713572696120636],[-75.97239432762106,4.6626962962281775],[-76.00162148239488,4.611737477956488]],[[-76.02244310148234,4.658275142531348],[-76.0183,4.662899999999998],[-76.01819967213115,4.663082950819668],[-76.0224,4.6587],[-76.02244310148234,4.658275142531348]],[[-76.0166,4.666],[-76.01620470588234,4.6673552941176615],[-76.01727438016528,4.664770247933895],[-76.0166,4.666]],[[-76.0197725,4.6921325],[-76.02650000000001,4.697299999999999],[-76.02,4.6921],[-76.0197725,4.6921325]],[[-76.0152,4.670799999999999],[-76.0159,4.677],[-76.01544324734446,4.669966009104687],[-76.0152,4.670799999999999]]]}},{"type":"Feature","properties":{"id":"B201","v":17.5,"clase":"DEFICIT_EXTREMO","periodo":"1–15 ago 2026"},"geometry":{"type":"Polygon","coordinates":[[[-76.00176573659705,4.713572696120636],[-76.06036694068675,4.713485744400919],[-76.08974687761666,4.764356477081795],[-76.06052300234943,4.815318773366352],[-76.00191317712745,4.815407612075509],[-75.97253591043044,4.764532267263081],[-75.98069434942407,4.750309466160336],[-75.98434855195912,4.754978705281096],[-75.98430000000002,4.7546],[-75.98078330395174,4.750154386597419],[-76.00176573659705,4.713572696120636]],[[-75.98456771653544,4.756688188976334],[-75.98450792079207,4.759259405940618],[-75.9848,4.758500000000001],[-75.98456771653544,4.756688188976334]],[[-75.9818,4.760999999999999],[-75.98430000000002,4.759800000000001],[-75.9843571010249,4.759651537335282],[-75.97965017667843,4.761349116607778],[-75.9818,4.760999999999999]]]}},{"type":"Feature","properties":{"id":"B202","v":17.8,"clase":"DEFICIT_EXTREMO","periodo":"1–15 ago 2026"},"geometry":{"type":"Polygon","coordinates":[[[-76.00191317712745,4.815407612075508],[-76.06052300234943,4.815318773366351],[-76.08990898337674,4.866188368415872],[-76.06068243910495,4.9171514931157585],[-76.00206380630603,4.917242219351447],[-75.98821534172967,4.893266252662004],[-75.9887,4.892200000000001],[-75.989,4.8878],[-75.9877,4.8862000000000005],[-75.9896,4.883099999999999],[-75.9891,4.881099999999999],[-75.9886,4.875600000000001],[-75.9877,4.8738],[-75.98300000000002,4.8703],[-75.9805,4.866299999999998],[-75.97541598967743,4.861599691062733],[-76.00191317712745,4.815407612075508]],[[-76.0132,4.887400000000001],[-76.0181,4.888],[-76.01814487728866,4.8879597974289055],[-76.0132,4.887400000000001]],[[-76.0199675767918,4.886326962457352],[-76.0229,4.883699999999999],[-76.0235,4.882299999999998],[-76.0199675767918,4.886326962457352]]]}},{"type":"Feature","properties":{"id":"B203","v":18.1,"clase":"DEFICIT_EXTREMO","periodo":"1–15 ago 2026"},"geometry":{"type":"Polygon","coordinates":[[[-76.06293987829015,5.015331971603859],[-76.0575,5.0137],[-76.0532,5.008399999999999],[-76.0491,5.007199999999999],[-76.0491,5.0018],[-76.0481,4.9986],[-76.0451,4.9966],[-76.0443,4.995],[-76.0459,4.986200000000001],[-76.0425,4.9841999999999995],[-76.0417,4.9811000000000005],[-76.0388,4.976699999999999],[-76.0351,4.967999999999999],[-76.0334,4.9672],[-76.0342,4.965099999999999],[-76.0327,4.962300000000001],[-76.0339,4.956999999999999],[-76.0301,4.953599999999999],[-76.0308,4.9519],[-76.0301,4.95],[-76.0309,4.9491],[-76.0289,4.943499999999999],[-76.0276,4.9429],[-76.0277,4.9386],[-76.0267,4.9375],[-76.0202,4.935800000000001],[-76.0198,4.934499999999997],[-76.0157,4.930899999999999],[-76.0138,4.9311],[-76.0127,4.929499999999999],[-76.0128,4.927499999999999],[-76.0116,4.926300000000001],[-76.0047,4.9218],[-76.002,4.9214],[-76.00114688172404,4.918840645926743],[-76.00206380630603,4.917242219351446],[-76.06068243910495,4.917151493115758],[-76.08964368671954,4.9672743242270485],[-76.08976248159537,4.968564120229769],[-76.06293987829015,5.015331971603859]]]}},{"type":"Feature","properties":{"id":"B204","v":15.3,"clase":"DEFICIT_EXTREMO","periodo":"1–15 ago 2026"},"geometry":{"type":"Polygon","coordinates":[[[-76.00035371433599,3.593370100703012],[-75.9932433395891,3.605775119868299],[-75.9923,3.603499999999999],[-75.9922,3.5976],[-75.988,3.5949999999999998],[-75.9872,3.591799999999999],[-75.9845,3.588799999999999],[-75.9854,3.5869999999999993],[-75.985,3.583899999999999],[-75.9862,3.5797999999999996],[-75.9849,3.5775999999999994],[-75.9885,3.5764],[-75.9893,3.5755],[-75.98904418045784,3.5737377044736944],[-76.00035371433599,3.593370100703012]]]}},{"type":"Feature","properties":{"id":"B205","v":14.0,"clase":"DEFICIT_EXTREMO","periodo":"1–15 ago 2026"},"geometry":{"type":"Polygon","coordinates":[[[-75.97125897399077,3.746159891431089],[-75.9181081918398,3.746217415135335],[-75.9193,3.743900000000001],[-75.9201,3.7403999999999997],[-75.9222,3.7385999999999995],[-75.9264,3.7395999999999985],[-75.92980000000001,3.7394],[-75.9312,3.7361999999999993],[-75.9328,3.7349000000000006],[-75.9363,3.7352999999999996],[-75.9383,3.734],[-75.9391,3.7301],[-75.9446,3.7278999999999995],[-75.9452,3.7264000000000004],[-75.9441,3.722199999999998],[-75.9455,3.7159],[-75.9461,3.7152000000000007],[-75.9476,3.715199999999999],[-75.94930000000001,3.7135000000000002],[-75.9529,3.7141000000000006],[-75.9556,3.7135999999999996],[-75.9582,3.7101],[-75.95900000000002,3.7069],[-75.96030000000002,3.7057],[-75.9598,3.7044000000000006],[-75.9587,3.7001],[-75.9607,3.6965],[-75.9607,3.6942999999999993],[-75.9569,3.6891],[-75.9571,3.6857000000000006],[-75.9546,3.6854999999999993],[-75.9536,3.679499999999999],[-75.9527,3.6780999999999993],[-75.95,3.677],[-75.9507,3.6756999999999995],[-75.9504,3.674],[-75.9529,3.6728000000000005],[-75.954,3.6694],[-75.9579,3.6637],[-75.9619,3.6631999999999993],[-75.9634,3.6649999999999996],[-75.9657,3.6646999999999994],[-75.9671,3.662999999999999],[-75.971,3.6613],[-75.9732,3.6578000000000004],[-75.9754,3.6578999999999993],[-75.97683350654592,3.6541897497142575],[-76.00046622169201,3.6952079843448584],[-75.98827320405633,3.7164792644597924],[-75.98567379912663,3.717402729257641],[-75.9857,3.7174],[-75.98827013577728,3.716484617102914],[-75.97125897399077,3.746159891431089]],[[-75.96233470633105,3.7160774218154082],[-75.9636,3.7189],[-75.9626,3.7160999999999995],[-75.96233470633105,3.7160774218154082]],[[-75.97397264150943,3.714367924528305],[-75.9756,3.7158000000000007],[-75.9809,3.7179],[-75.98130205128206,3.7178581196581195],[-75.97397264150943,3.714367924528305]],[[-75.96139669421487,3.7037790633608836],[-75.964,3.7086000000000006],[-75.9616,3.703699999999999],[-75.96139669421487,3.7037790633608836]]]}},{"type":"Feature","properties":{"id":"B206","v":13.6,"clase":"DEFICIT_EXTREMO","periodo":"1–15 ago 2026"},"geometry":{"type":"Polygon","coordinates":[[[-75.97125897399077,3.746159891431089],[-76.00058189496374,3.7970456306666667],[-75.97137280254096,3.8479983177796644],[-75.91283580757568,3.8480632051139705],[-75.89274950996739,3.813202348623679],[-75.8928,3.8132000000000015],[-75.8933,3.8087000000000004],[-75.891,3.805499999999999],[-75.8938,3.8018000000000005],[-75.8974,3.799900000000001],[-75.8999,3.7975],[-75.9033,3.7966],[-75.9034,3.7944000000000004],[-75.9013,3.7913999999999994],[-75.9013,3.7850999999999995],[-75.9066,3.7812000000000006],[-75.908,3.7752999999999997],[-75.9104,3.7727000000000004],[-75.9124,3.7638999999999987],[-75.9118,3.7625000000000006],[-75.9162,3.7585000000000006],[-75.9157,3.7508999999999983],[-75.9181081918398,3.746217415135335],[-75.97125897399077,3.746159891431089]]]}},{"type":"Feature","properties":{"id":"B207","v":13.4,"clase":"DEFICIT_EXTREMO","periodo":"1–15 ago 2026"},"geometry":{"type":"Polygon","coordinates":[[[-75.91283580757568,3.848063205113971],[-75.97137280254096,3.8479983177796653],[-76.00070073596565,3.8988830331649518],[-75.97148970710263,3.949836497258836],[-75.91294566968061,3.949903107019186],[-75.88361976536366,3.8990145300747474],[-75.91283580757568,3.848063205113971]]]}},{"type":"Feature","properties":{"id":"B208","v":13.6,"clase":"DEFICIT_EXTREMO","periodo":"1–15 ago 2026"},"geometry":{"type":"Polygon","coordinates":[[[-75.91294566968061,3.949903107019187],[-75.97148970710263,3.9498364972588367],[-76.00082274656228,4.000720185339253],[-75.97160968951036,4.051674423375174],[-75.91305842421974,4.051742755963315],[-75.88372750567227,4.000855127497998],[-75.91294566968061,3.949903107019187]]]}},{"type":"Feature","properties":{"id":"B209","v":14.0,"clase":"DEFICIT_EXTREMO","periodo":"1–15 ago 2026"},"geometry":{"type":"Polygon","coordinates":[[[-75.88383804655444,4.102695468913894],[-75.91305842421974,4.051742755963315],[-75.97160968951036,4.051674423375174],[-76.00094792866854,4.102557080692211],[-75.97173275164747,4.153512089638395],[-75.91317407296305,4.153582145466569],[-75.90348512313085,4.136776584617971],[-75.9057,4.135299999999999],[-75.9035,4.1367],[-75.9034774202049,4.136763223427687],[-75.88383804655444,4.102695468913894]]]}},{"type":"Feature","properties":{"id":"B210","v":14.5,"clase":"DEFICIT_EXTREMO","periodo":"1–15 ago 2026"},"geometry":{"type":"Polygon","coordinates":[[[-75.91317407296305,4.153582145466569],[-75.97173275164747,4.153512089638395],[-76.0010762842497,4.204393712729648],[-75.97185889544629,4.255349489561436],[-75.91329261772651,4.2554212690524],[-75.88395138974572,4.2045355478492645],[-75.90997817193744,4.159154894517196],[-75.91056554216868,4.159761204819278],[-75.91030000000002,4.1593],[-75.9100425809612,4.159042584077692],[-75.91317407296305,4.153582145466569]],[[-75.9569,4.169399999999999],[-75.9554,4.169100000000001],[-75.95545454545454,4.169399999999999],[-75.9569,4.169399999999999]],[[-75.95594047619048,4.172602380952382],[-75.95558762886597,4.173802061855689],[-75.956,4.172899999999999],[-75.95594047619048,4.172602380952382]],[[-75.95439999999998,4.17640000000002],[-75.95440000000002,4.176399999999984],[-75.9544,4.1764],[-75.95439999999998,4.17640000000002]],[[-75.9563,4.1776],[-75.95625249999999,4.177569999999996],[-75.95883571428571,4.181014285714282],[-75.9588,4.1808000000000005],[-75.9563,4.1776]],[[-75.95887326732675,4.181239603960398],[-75.958,4.1857999999999995],[-75.9591,4.1826],[-75.95887326732675,4.181239603960398]],[[-75.9712,4.2127],[-75.9704,4.2136],[-75.97045161290322,4.213635483870968],[-75.9712,4.2127]],[[-75.97185423728814,4.2152101694915265],[-75.9718,4.215400000000001],[-75.973,4.216399999999998],[-75.97185423728814,4.2152101694915265]],[[-75.9742,4.2185],[-75.9757,4.2204],[-75.97572238805971,4.220402985074628],[-75.9742,4.2185]],[[-75.92857145299145,4.18224376068376],[-75.9303,4.183],[-75.9315835589942,4.182694390715667],[-75.92857145299145,4.18224376068376]],[[-75.9198,4.1765],[-75.9232,4.1813],[-75.9234633986928,4.181320261437909],[-75.9198,4.1765]],[[-75.91329087635056,4.174288355342161],[-75.9133,4.175],[-75.91375373134328,4.175340298507455],[-75.91329087635056,4.174288355342161]],[[-75.93863271375464,4.185359479553904],[-75.9388,4.185499999999999],[-75.93889965397923,4.185378546712802],[-75.93863271375464,4.185359479553904]]]}},{"type":"Feature","properties":{"id":"B211","v":15.3,"clase":"DEFICIT_EXTREMO","periodo":"1–15 ago 2026"},"geometry":{"type":"Polygon","coordinates":[[[-75.91329261772651,4.255421269052401],[-75.97185889544629,4.2553494895614365],[-76.00120781532142,4.3062300749606495],[-75.97198812288812,4.357186616660553],[-75.91341406037216,4.3572601202475845],[-75.88406753702616,4.306375357834227],[-75.91329261772651,4.255421269052401]]]}},{"type":"Feature","properties":{"id":"B212","v":15.7,"clase":"DEFICIT_EXTREMO","periodo":"1–15 ago 2026"},"geometry":{"type":"Polygon","coordinates":[[[-75.88418649022043,4.4082148924022615],[-75.91341406037216,4.357260120247585],[-75.97198812288812,4.357186616660553],[-76.00134252394989,4.408066160897638],[-75.97212043600331,4.459023464455385],[-75.9135384028081,4.4590986925822955],[-75.89511227762074,4.427156733686855],[-75.8956,4.426099999999999],[-75.8956,4.423700000000001],[-75.89141936969835,4.4207545572910645],[-75.89131456762676,4.420572865864892],[-75.895,4.419699999999999],[-75.894,4.4151],[-75.893,4.414900000000001],[-75.89,4.416999999999999],[-75.8891,4.4144],[-75.88753974318587,4.414028510943408],[-75.88418649022043,4.4082148924022615]],[[-75.9403,4.386899999999999],[-75.9425,4.380000000000001],[-75.9402,4.3869],[-75.9382,4.3883],[-75.9403,4.386899999999999]],[[-75.89722178217822,4.407057029702971],[-75.897,4.406999999999999],[-75.8949,4.407799999999999],[-75.89722178217822,4.407057029702971]],[[-75.8889,4.410299999999999],[-75.8868,4.408800000000001],[-75.88664693877551,4.408830612244897],[-75.8889,4.410299999999999]],[[-75.9671,4.4189],[-75.9636803030303,4.420101515151515],[-75.9639,4.420200000000001],[-75.9671,4.4189]],[[-75.95859669509595,4.408822601279312],[-75.957,4.416900000000001],[-75.95714948453607,4.417468041237119],[-75.9587,4.4102],[-75.95859669509595,4.408822601279312]],[[-75.9518,4.4012],[-75.9503,4.4019],[-75.95008819444443,4.402408333333343],[-75.9518,4.4012]],[[-75.94842809917358,4.4035801652892514],[-75.9478,4.4038],[-75.94717319587629,4.404465979381452],[-75.94842809917358,4.4035801652892514]],[[-75.94653006993008,4.405149300699295],[-75.9462,4.405499999999999],[-75.9460659090909,4.406103409090919],[-75.94653006993008,4.405149300699295]],[[-75.94498146551726,4.408332543103446],[-75.94458181818182,4.40841818181818],[-75.9449,4.408499999999998],[-75.94498146551726,4.408332543103446]],[[-75.9312,4.4025],[-75.9281,4.4013],[-75.92807272727272,4.401327272727275],[-75.9312,4.4025]],[[-75.90710000000001,4.413],[-75.90618196721312,4.413826229508192],[-75.9063,4.413899999999999],[-75.90710000000001,4.413]]]}},{"type":"Feature","properties":{"id":"B213","v":16.3,"clase":"DEFICIT_EXTREMO","periodo":"1–15 ago 2026"},"geometry":{"type":"Polygon","coordinates":[[[-75.9135384028081,4.4590986925822955],[-75.97212043600331,4.459023464455385],[-76.0014804122519,4.509901964056467],[-75.97225583687137,4.560860026469041],[-75.91366564698866,4.560936979590182],[-75.88430825119792,4.510054145090296],[-75.9135384028081,4.4590986925822955]],[[-75.94296043165467,4.544067625899279],[-75.943,4.544099999999999],[-75.9457,4.5426],[-75.94296043165467,4.544067625899279]],[[-75.93787705382438,4.542831728045326],[-75.9379,4.543],[-75.93828571428571,4.542999999999999],[-75.93787705382438,4.542831728045326]],[[-75.9378,4.540612500000006],[-75.9376,4.5408],[-75.9378,4.542266666666631],[-75.9378,4.540612500000006]],[[-75.9369,4.5285],[-75.93685,4.528521428571426],[-75.9382,4.529100000000001],[-75.9369,4.5285]]]}},{"type":"Feature","properties":{"id":"B214","v":16.8,"clase":"DEFICIT_EXTREMO","periodo":"1–15 ago 2026"},"geometry":{"type":"Polygon","coordinates":[[[-75.91366564698866,4.560936979590182],[-75.97225583687137,4.560860026469041],[-76.00162148239488,4.6117374779564875],[-75.97239432762106,4.662696296228177],[-75.91379579491444,4.662774974808462],[-75.8844328218727,4.611893109438783],[-75.91366564698866,4.560936979590182]],[[-75.9661,4.6613],[-75.96277272727272,4.659936363636359],[-75.96671967213115,4.661909836065576],[-75.9661,4.6613]],[[-75.9611053227633,4.659253001132502],[-75.96,4.658799999999999],[-75.95237569060774,4.65702099447514],[-75.9528,4.6572],[-75.9611053227633,4.659253001132502]],[[-75.9465,4.654499999999999],[-75.9464476900149,4.654520119225037],[-75.94712953367878,4.654807772020732],[-75.9465,4.654499999999999]]]}},{"type":"Feature","properties":{"id":"B215","v":17.2,"clase":"DEFICIT_EXTREMO","periodo":"1–15 ago 2026"},"geometry":{"type":"Polygon","coordinates":[[[-75.8845602042037,4.713731778991784],[-75.91379579491444,4.662774974808463],[-75.97239432762106,4.6626962962281775],[-76.00176573659705,4.713572696120636],[-75.98078330395174,4.750154386597419],[-75.97907859128824,4.7479993512511705],[-75.9792,4.7484],[-75.98069434942407,4.750309466160336],[-75.97253591043044,4.764532267263081],[-75.96878995779957,4.764537555871902],[-75.9701,4.762899999999999],[-75.9687,4.7639],[-75.968400889186,4.76453810399665],[-75.923585882064,4.76459976679862],[-75.9243,4.763600000000001],[-75.9235,4.7606],[-75.9224,4.7598],[-75.9209,4.759999999999999],[-75.9152,4.763699999999999],[-75.913,4.7608999999999995],[-75.9167,4.7576],[-75.9168,4.7565],[-75.9082,4.7521],[-75.90679598045519,4.752256003496196],[-75.8845602042037,4.713731778991784]],[[-75.97850000000001,4.7433],[-75.9782,4.745100000000001],[-75.97897288135593,4.747650508474546],[-75.97850000000001,4.7433]]]}},{"type":"Feature","properties":{"id":"B216","v":17.5,"clase":"DEFICIT_EXTREMO","periodo":"1–15 ago 2026"},"geometry":{"type":"Polygon","coordinates":[[[-75.90392766080404,4.848892531503767],[-75.9055,4.8486],[-75.9062,4.847699999999999],[-75.9033,4.841599999999999],[-75.9026,4.837799999999999],[-75.9094,4.8288],[-75.9105,4.8255],[-75.9106,4.817],[-75.9124,4.8149999999999995],[-75.9165,4.8137],[-75.9191,4.816600000000001],[-75.921,4.8173],[-75.9254,4.8131],[-75.9343,4.8099],[-75.9357,4.8077000000000005],[-75.935898631905,4.806999561177077],[-75.9306,4.805299999999999],[-75.9314,4.8022],[-75.9295,4.8004999999999995],[-75.9275,4.8004],[-75.9236,4.8025],[-75.9205,4.799899999999998],[-75.9208,4.7975],[-75.9175,4.7945],[-75.9188,4.7905999999999995],[-75.9211,4.788799999999999],[-75.926,4.7890999999999995],[-75.928,4.786999999999999],[-75.928,4.7833],[-75.9249,4.783],[-75.9224,4.781399999999999],[-75.9216,4.778100000000002],[-75.9221,4.7775],[-75.9262,4.7797],[-75.9289,4.7792],[-75.9274,4.776099999999999],[-75.9293,4.768699999999999],[-75.9269,4.7675],[-75.9228,4.7703999999999995],[-75.9205,4.769799999999999],[-75.9197,4.768099999999999],[-75.9228,4.7657],[-75.923585882064,4.764599766798618],[-75.968400889186,4.7645381039966495],[-75.96785094339624,4.765711320754692],[-75.96878995779957,4.764537555871901],[-75.97253591043044,4.76453226726308],[-76.00191317712745,4.815407612075508],[-75.97541598967743,4.861599691062733],[-75.9752,4.8614],[-75.9699,4.859799999999999],[-75.9673,4.859899999999999],[-75.9663,4.861199999999999],[-75.9615,4.8628],[-75.9599,4.862399999999998],[-75.9582,4.8645],[-75.9561,4.864800000000001],[-75.9533,4.862899999999999],[-75.9504,4.862399999999999],[-75.949,4.8601],[-75.9469,4.858700000000001],[-75.9417,4.8568],[-75.9406,4.8595],[-75.939,4.861],[-75.9352,4.8616],[-75.934,4.862799999999999],[-75.9313,4.861599999999999],[-75.9275,4.862399999999998],[-75.9269,4.864600000000001],[-75.9257,4.8652999999999995],[-75.9257708792244,4.866434069568692],[-75.9140648102358,4.866450064043342],[-75.9114864892183,4.861984534766624],[-75.9111,4.8607],[-75.91025961624295,4.859859620371343],[-75.90392766080404,4.848892531503767]],[[-75.9497,4.799999999999999],[-75.94955852090031,4.79989196141478],[-75.94981428571431,4.800293877551056],[-75.9497,4.799999999999999]],[[-75.9442,4.7958],[-75.9417,4.7971],[-75.9376,4.801],[-75.9442,4.7958]],[[-75.9675260869565,4.766404347826156],[-75.9672,4.767099999999999],[-75.96719277456648,4.7673709537572035],[-75.9675260869565,4.766404347826156]],[[-75.9613,4.806199999999999],[-75.95779278688525,4.807307540983606],[-75.9582,4.807299999999999],[-75.9613,4.806199999999999]],[[-75.95601265822785,4.807340506329113],[-75.95262953367876,4.80720518134715],[-75.9528,4.8074],[-75.95601265822785,4.807340506329113]],[[-75.9524,4.806942857142861],[-75.95045511811023,4.801941732283411],[-75.9514,4.805799999999999],[-75.9524,4.806942857142861]]]}},{"type":"Feature","properties":{"id":"B217","v":17.8,"clase":"DEFICIT_EXTREMO","periodo":"1–15 ago 2026"},"geometry":{"type":"MultiPolygon","coordinates":[[[[-76.00206380630603,4.917242219351446],[-76.00114688172404,4.918840645926743],[-76.0011,4.9187],[-75.9995,4.918499999999999],[-75.9984,4.9171],[-75.9953,4.9156],[-75.9941,4.912699999999998],[-75.9888,4.912899999999998],[-75.9876,4.9114],[-75.9857,4.9033999999999995],[-75.9867,4.8966],[-75.98821534172967,4.893266252662003],[-76.00206380630603,4.917242219351446]]],[[[-75.9140648102358,4.866450064043341],[-75.9257708792244,4.86643406956869],[-75.9258,4.8668999999999984],[-75.9245,4.8668],[-75.923,4.869100000000001],[-75.9207,4.8705],[-75.9197,4.869200000000001],[-75.9185,4.869399999999998],[-75.9188,4.8716],[-75.9162,4.873399999999999],[-75.9142,4.873499999999999],[-75.9145,4.872],[-75.91325482822745,4.867861696026527],[-75.9140648102358,4.866450064043341]]]]}},{"type":"Feature","properties":{"id":"B218","v":14.1,"clase":"DEFICIT_EXTREMO","periodo":"1–15 ago 2026"},"geometry":{"type":"Polygon","coordinates":[[[-75.91283580757568,3.848063205113971],[-75.88361976536366,3.8990145300747474],[-75.84123149762918,3.8990581088340357],[-75.8421,3.8969000000000005],[-75.8498,3.889199999999999],[-75.8511,3.886699999999999],[-75.85840000000002,3.8813999999999993],[-75.8616,3.8739],[-75.86,3.868499999999999],[-75.8608,3.862499999999999],[-75.8534,3.8547],[-75.8529,3.8524999999999996],[-75.8561,3.8511000000000015],[-75.8573,3.8491000000000004],[-75.8605,3.8491999999999997],[-75.8627,3.8477000000000006],[-75.8639,3.8444],[-75.8645,3.8365],[-75.8674,3.8337000000000003],[-75.8718,3.8243],[-75.88110000000002,3.817400000000001],[-75.8842,3.813599999999999],[-75.89274950996739,3.813202348623679],[-75.91283580757568,3.848063205113971]]]}},{"type":"Feature","properties":{"id":"B219","v":14.2,"clase":"DEFICIT_EXTREMO","periodo":"1–15 ago 2026"},"geometry":{"type":"Polygon","coordinates":[[[-75.88361976536366,3.8990145300747474],[-75.91294566968061,3.949903107019187],[-75.88372750567227,4.000855127497998],[-75.82517845403036,4.000916312091072],[-75.8004181430227,3.9579444128807046],[-75.8024,3.9565000000000015],[-75.8034,3.9544999999999995],[-75.8057,3.952799999999998],[-75.8051,3.9469],[-75.8075,3.943],[-75.809,3.9371],[-75.8069,3.9349],[-75.8071,3.9313000000000007],[-75.8098621553365,3.9256030792929324],[-75.81345427516577,3.9193402732433746],[-75.8143,3.9192999999999993],[-75.8193,3.9126999999999996],[-75.82,3.9107],[-75.8196300383011,3.9085727209477303],[-75.8217396327086,3.904894546980979],[-75.8228,3.9045999999999994],[-75.8236,3.9133],[-75.8232,3.904499999999999],[-75.8282,3.9036],[-75.8303,3.904],[-75.8309,3.904999999999999],[-75.83050000000001,3.9085999999999994],[-75.8323,3.9097000000000004],[-75.834,3.9095],[-75.8388,3.9051],[-75.84123149762918,3.8990581088340357],[-75.88361976536366,3.8990145300747474]],[[-75.884,3.9251],[-75.88384430379747,3.925183544303796],[-75.8856,3.9262],[-75.884,3.9251]],[[-75.8734,3.9265],[-75.878,3.9273000000000002],[-75.8799,3.9272999999999985],[-75.8734,3.9265]],[[-75.86936327683615,3.9243774011299433],[-75.8694,3.9243999999999994],[-75.8707,3.9239],[-75.86936327683615,3.9243774011299433]],[[-75.86808627002289,3.923559725400461],[-75.8681,3.9235999999999995],[-75.86849999999997,3.923846153846133],[-75.86808627002289,3.923559725400461]],[[-75.8197,3.9362000000000004],[-75.819,3.9407000000000005],[-75.81901131465517,3.9407256465517233],[-75.8197,3.9362000000000004]]]}},{"type":"Feature","properties":{"id":"B220","v":14.4,"clase":"DEFICIT_EXTREMO","periodo":"1–15 ago 2026"},"geometry":{"type":"Polygon","coordinates":[[[-75.79595306128617,4.051866687466913],[-75.82517845403036,4.000916312091072],[-75.88372750567227,4.000855127497998],[-75.91305842421974,4.051742755963315],[-75.88383804655444,4.102695468913894],[-75.8391830852529,4.102743708878229],[-75.8393,4.1026],[-75.839,4.097599999999999],[-75.8284,4.0996999999999995],[-75.82253827861481,4.097998211450742],[-75.79595306128617,4.051866687466913]],[[-75.8607,4.067100000000001],[-75.8603,4.069500000000001],[-75.86051951219513,4.069626829268295],[-75.8607,4.067100000000001]]]}},{"type":"Feature","properties":{"id":"B221","v":14.6,"clase":"DEFICIT_EXTREMO","periodo":"1–15 ago 2026"},"geometry":{"type":"Polygon","coordinates":[[[-75.88395138974572,4.2045355478492645],[-75.82538750950023,4.204599857804452],[-75.82197794014543,4.1986850990880695],[-75.8231,4.196900000000001],[-75.8229,4.1925],[-75.8253,4.189299999999999],[-75.82730000000001,4.1821],[-75.83310000000002,4.1738],[-75.837,4.1607],[-75.838,4.159099999999999],[-75.8419,4.1561],[-75.843,4.150799999999999],[-75.8429,4.1486],[-75.8408,4.143299999999999],[-75.8425,4.1384],[-75.8408,4.132599999999999],[-75.8424,4.128],[-75.8419,4.123100000000001],[-75.8378,4.1195],[-75.8371,4.116599999999999],[-75.8334,4.115600000000001],[-75.83310000000002,4.1146],[-75.8345,4.1085],[-75.8391830852529,4.10274370887823],[-75.88383804655444,4.102695468913895],[-75.9034774202049,4.136763223427688],[-75.90346874999999,4.136787500000006],[-75.90348512313085,4.136776584617971],[-75.91317407296305,4.153582145466569],[-75.9100425809612,4.159042584077692],[-75.90450000000001,4.1535],[-75.90997817193744,4.159154894517196],[-75.88395138974572,4.2045355478492645]],[[-75.89868523274478,4.149952006420547],[-75.8987,4.15],[-75.90450000000001,4.1535],[-75.89868523274478,4.149952006420547]],[[-75.83960976138829,4.199079826464205],[-75.8395,4.199],[-75.8371,4.201299999999999],[-75.83960976138829,4.199079826464205]],[[-75.8980207142857,4.147293214285723],[-75.8979,4.1474],[-75.89841999999999,4.149089999999935],[-75.8980207142857,4.147293214285723]],[[-75.903,4.139600000000001],[-75.90324193548388,4.1374225806451275],[-75.9005,4.145099999999999],[-75.903,4.139600000000001]]]}},{"type":"Feature","properties":{"id":"B222","v":15.2,"clase":"DEFICIT_EXTREMO","periodo":"1–15 ago 2026"},"geometry":{"type":"Polygon","coordinates":[[[-75.82538750950023,4.204599857804453],[-75.88395138974572,4.204535547849265],[-75.91329261772651,4.255421269052401],[-75.88406753702616,4.306375357834227],[-75.82549596395256,4.306441231047948],[-75.80012227026461,4.262429603304231],[-75.8072,4.2566999999999995],[-75.8102,4.2494],[-75.8106,4.2462],[-75.8141,4.2413],[-75.8151,4.240899999999999],[-75.8179,4.2346],[-75.8239,4.225999999999999],[-75.8246,4.2223000000000015],[-75.8244,4.215400000000001],[-75.8313,4.212100000000001],[-75.8249,4.2148],[-75.8249,4.2116],[-75.82309951462084,4.208588312574332],[-75.82538750950023,4.204599857804453]]]}},{"type":"Feature","properties":{"id":"B223","v":15.7,"clase":"DEFICIT_EXTREMO","periodo":"1–15 ago 2026"},"geometry":{"type":"Polygon","coordinates":[[[-75.79626309752112,4.35739343014367],[-75.82549596395256,4.306441231047948],[-75.88406753702616,4.306375357834227],[-75.91341406037216,4.357260120247585],[-75.88418649022043,4.4082148924022615],[-75.86648148705679,4.408235761684358],[-75.8665,4.4081],[-75.86646605513029,4.408235779690206],[-75.85494982533757,4.408249127326672],[-75.8549,4.407999999999999],[-75.85180395118914,4.408252742430057],[-75.84996996751846,4.408254843816477],[-75.8494,4.405499999999999],[-75.8482,4.404299999999999],[-75.8444,4.4052],[-75.8408,4.4017],[-75.83570000000002,4.400400000000001],[-75.8349,4.4004],[-75.8325,4.404],[-75.8282,4.407399999999999],[-75.8243,4.405799999999999],[-75.82406579507847,4.405609710353291],[-75.80351345266244,4.369968042992939],[-75.8038,4.368899999999998],[-75.80217837839436,4.367652608094271],[-75.79626309752112,4.35739343014367]],[[-75.86560119047618,4.4064821428571435],[-75.8689,4.405899999999998],[-75.8655,4.4063],[-75.86560119047618,4.4064821428571435]],[[-75.8699,4.404899999999999],[-75.8698001996008,4.404836127744511],[-75.8689,4.405899999999998],[-75.8699,4.404899999999999]],[[-75.8669,4.400299999999998],[-75.8678,4.3989],[-75.8677549222798,4.39887512953368],[-75.8669,4.400299999999998]]]}},{"type":"Feature","properties":{"id":"B224","v":16.1,"clase":"DEFICIT_EXTREMO","periodo":"1–15 ago 2026"},"geometry":{"type":"MultiPolygon","coordinates":[[[[-75.9135384028081,4.4590986925822955],[-75.88430825119792,4.510054145090296],[-75.87230911675675,4.510068661949875],[-75.8713,4.5075],[-75.8729,4.501800000000001],[-75.8726,4.499199999999999],[-75.8747,4.497799999999999],[-75.8749,4.493400000000001],[-75.87660000000001,4.491100000000001],[-75.8765,4.4873],[-75.8786,4.4871],[-75.8791,4.486000000000001],[-75.8762,4.483699999999999],[-75.8749,4.4813],[-75.8724,4.482],[-75.8718,4.478700000000001],[-75.8733,4.4717],[-75.8769,4.471499999999999],[-75.8781,4.4696],[-75.8798,4.470499999999999],[-75.8814,4.4678],[-75.8804,4.4662999999999995],[-75.8774,4.465699999999999],[-75.879,4.4627],[-75.8783,4.46],[-75.8697,4.454599999999999],[-75.8665,4.4556],[-75.8655,4.4548000000000005],[-75.8695,4.4526],[-75.8731,4.4518],[-75.8749,4.4496],[-75.8773,4.449699999999999],[-75.8783,4.448199999999999],[-75.881,4.448599999999999],[-75.8832,4.446099999999999],[-75.8858,4.448],[-75.8881,4.446699999999999],[-75.8878,4.4454],[-75.8834,4.4437],[-75.8839,4.441],[-75.8864,4.441],[-75.888,4.4392],[-75.889,4.4331],[-75.88760000000002,4.4300999999999995],[-75.8892,4.4271],[-75.8921,4.426500000000001],[-75.8923,4.4289000000000005],[-75.8931,4.4292],[-75.8944,4.428699999999998],[-75.89511227762074,4.427156733686855],[-75.9135384028081,4.4590986925822955]]],[[[-75.89141936969835,4.420754557291064],[-75.8912,4.4206],[-75.89131456762676,4.420572865864892],[-75.89141936969835,4.420754557291064]]],[[[-75.88418649022043,4.4082148924022615],[-75.88753974318587,4.414028510943408],[-75.887,4.4139],[-75.8856,4.4111],[-75.8846,4.410899999999998],[-75.8802,4.413399999999999],[-75.87787659574468,4.409721276595748],[-75.8778,4.4099],[-75.8731,4.411199999999998],[-75.8706,4.4111],[-75.8682,4.4094999999999995],[-75.8675,4.410599999999999],[-75.8659,4.4118],[-75.864,4.4114],[-75.8574,4.415299999999999],[-75.8549,4.4136999999999995],[-75.85390000000001,4.4115],[-75.85520000000001,4.4094999999999995],[-75.85494982533757,4.408249127326672],[-75.86646605513029,4.408235779690206],[-75.866,4.4101],[-75.86621739130436,4.410172463768118],[-75.86648148705679,4.408235761684358],[-75.88418649022043,4.4082148924022615]],[[-75.8843,4.409299999999998],[-75.8821,4.4086],[-75.88184311926605,4.408638532110091],[-75.8843,4.409299999999998]],[[-75.8811361445783,4.408744578313254],[-75.8781,4.4092],[-75.87794444444444,4.409562962962962],[-75.8811361445783,4.408744578313254]]],[[[-75.85180395118914,4.408252742430057],[-75.85000000000001,4.4084],[-75.84996996751846,4.408254843816477],[-75.85180395118914,4.408252742430057]]]]}},{"type":"Feature","properties":{"id":"B225","v":16.5,"clase":"DEFICIT_EXTREMO","periodo":"1–15 ago 2026"},"geometry":{"type":"Polygon","coordinates":[[[-75.88430825119792,4.510054145090296],[-75.91366564698866,4.560936979590182],[-75.8844328218727,4.611893109438783],[-75.86623877925985,4.611915537626761],[-75.8669,4.611],[-75.8669,4.608200000000001],[-75.8641,4.6051],[-75.8637,4.6034],[-75.8607,4.6013],[-75.8616,4.597599999999999],[-75.8598,4.595200000000001],[-75.8618,4.5927],[-75.8666,4.590700000000001],[-75.8713,4.5856],[-75.8724,4.5790999999999995],[-75.87,4.5761],[-75.8674,4.5753],[-75.8681,4.5727],[-75.8642,4.573499999999999],[-75.8643,4.570599999999999],[-75.8663,4.5672999999999995],[-75.8662,4.5641],[-75.8686,4.563400000000001],[-75.8701,4.5607],[-75.8696,4.5585],[-75.8738,4.557],[-75.8758,4.5551],[-75.877,4.5507],[-75.8755,4.550900000000001],[-75.8717,4.548600000000001],[-75.8705,4.5476],[-75.8703,4.546099999999999],[-75.8715,4.544299999999999],[-75.8715,4.5423],[-75.8761,4.5424],[-75.8771,4.541600000000001],[-75.8775,4.5396],[-75.8795,4.5386],[-75.8807390794979,4.53154677824268],[-75.8803,4.5316],[-75.8794,4.5296],[-75.8812,4.5279],[-75.88110000000002,4.526999999999998],[-75.878,4.527299999999999],[-75.8771,4.525200000000001],[-75.8729,4.5253],[-75.8719,4.5245999999999995],[-75.8716,4.523699999999998],[-75.8736,4.5193],[-75.8707,4.5181],[-75.8705,4.512699999999999],[-75.8724,4.510299999999999],[-75.87230911675675,4.510068661949876],[-75.88430825119792,4.510054145090296]],[[-75.8867,4.5310999999999995],[-75.8846,4.5303],[-75.88684400000001,4.5312350000000015],[-75.8867,4.5310999999999995]]]}},{"type":"Feature","properties":{"id":"B226","v":16.9,"clase":"DEFICIT_EXTREMO","periodo":"1–15 ago 2026"},"geometry":{"type":"Polygon","coordinates":[[[-75.8844328218727,4.611893109438784],[-75.91379579491444,4.662774974808463],[-75.8845602042037,4.713731778991784],[-75.82595600012253,4.713803909312381],[-75.79659588580844,4.662917670341936],[-75.79859454128386,4.659435154154314],[-75.8005,4.658799999999999],[-75.8019,4.6593],[-75.8066,4.657699999999999],[-75.8072,4.6560999999999995],[-75.8092,4.658699999999999],[-75.8138,4.6588],[-75.8175,4.6616],[-75.8205,4.6613999999999995],[-75.8227,4.663900000000001],[-75.8259,4.6632],[-75.8274,4.660500000000001],[-75.8275,4.663499999999999],[-75.8279,4.6577],[-75.8295,4.6563],[-75.8297,4.654100000000001],[-75.8316,4.6506],[-75.83440000000002,4.648699999999999],[-75.8367,4.644],[-75.8408,4.643400000000001],[-75.842,4.6417],[-75.8454,4.6406],[-75.8474,4.6389000000000005],[-75.8493,4.634899999999999],[-75.8485,4.6302],[-75.8508,4.628899999999999],[-75.8521,4.626800000000001],[-75.8518,4.6241],[-75.8555,4.621200000000001],[-75.8587,4.6164999999999985],[-75.8644,4.615099999999999],[-75.8656,4.612799999999999],[-75.86623877925985,4.6119155376267615],[-75.8844328218727,4.611893109438784]],[[-75.88612151898734,4.636527124773958],[-75.8862,4.636599999999999],[-75.88788937329701,4.636743596730245],[-75.88612151898734,4.636527124773958]],[[-75.8741,4.6158],[-75.87400778301887,4.6157674528301875],[-75.8743,4.618299999999999],[-75.8741,4.6158]],[[-75.824,4.6774],[-75.8223311102074,4.6719024806832],[-75.8222,4.6722],[-75.824,4.6774]],[[-75.8393,4.685200000000001],[-75.83519195710456,4.688232126899016],[-75.8353,4.688300000000001],[-75.8393,4.685200000000001]],[[-75.85521556886228,4.708097005988024],[-75.853,4.7071],[-75.8541,4.707999999999999],[-75.85521556886228,4.708097005988024]],[[-75.857,4.7089],[-75.85676595744681,4.708794680851065],[-75.85696940581542,4.709125284450058],[-75.857,4.7089]],[[-75.8554,4.7137],[-75.85547933884298,4.71366694214876],[-75.855,4.712899999999999],[-75.85492500000001,4.7129400000000015],[-75.8554,4.7137]],[[-75.8515,4.7128000000000005],[-75.85142274678111,4.712850214592275],[-75.8535,4.713700000000002],[-75.8515,4.7128000000000005]]]}},{"type":"Feature","properties":{"id":"B227","v":17.2,"clase":"DEFICIT_EXTREMO","periodo":"1–15 ago 2026"},"geometry":{"type":"Polygon","coordinates":[[[-75.82595600012253,4.713803909312381],[-75.8845602042037,4.713731778991784],[-75.90679598045519,4.752256003496196],[-75.9055,4.752399999999998],[-75.9033,4.7551],[-75.8977,4.7588],[-75.8886,4.754700000000001],[-75.88500000000002,4.7585],[-75.8807,4.7606],[-75.8785,4.763400000000001],[-75.8781,4.768799999999999],[-75.8755,4.769399999999999],[-75.874,4.7669],[-75.8727,4.7668],[-75.8738,4.7715],[-75.8726,4.7746],[-75.871,4.7762],[-75.8696,4.775599999999999],[-75.8697,4.7728],[-75.8625,4.773600000000001],[-75.85970000000002,4.774799999999999],[-75.8556,4.777999999999999],[-75.8528,4.7787999999999995],[-75.8499,4.778],[-75.848,4.776500000000001],[-75.8479,4.7735],[-75.8463,4.7715],[-75.847,4.7686],[-75.8452,4.7663],[-75.8447,4.7588],[-75.8467,4.7561],[-75.8463,4.7528999999999995],[-75.847,4.7501999999999995],[-75.8464,4.748499999999999],[-75.8486,4.7385],[-75.8501,4.736699999999999],[-75.85390000000001,4.7343],[-75.8564,4.731000000000001],[-75.85619886914377,4.727329361873994],[-75.8533,4.7305],[-75.8517,4.7311999999999985],[-75.851,4.734000000000001],[-75.8496,4.733100000000001],[-75.8492,4.7316],[-75.8463,4.730500000000001],[-75.8437,4.727599999999999],[-75.8427,4.729099999999999],[-75.8417,4.728199999999999],[-75.8396,4.729],[-75.8387,4.732],[-75.8376,4.7324],[-75.8376,4.7334],[-75.8359,4.7337],[-75.8353,4.735199999999999],[-75.8339,4.735399999999999],[-75.8338,4.7365],[-75.8327,4.7364],[-75.8315,4.7378],[-75.8241,4.7352],[-75.8228,4.733799999999998],[-75.8215,4.734399999999998],[-75.8202,4.733300000000001],[-75.8189,4.7344],[-75.8189,4.7326],[-75.81602032049479,4.731116530177671],[-75.82595600012253,4.713803909312381]],[[-75.8567,4.721800000000001],[-75.8559,4.717],[-75.8562597051597,4.72299508599508],[-75.8567,4.721800000000001]],[[-75.8385,4.7154],[-75.83845384615384,4.715441025641025],[-75.83862835820895,4.715411940298506],[-75.8385,4.7154]],[[-75.83268786610878,4.719306276150627],[-75.8329,4.719600000000001],[-75.834,4.719399999999999],[-75.83268786610878,4.719306276150627]]]}},{"type":"Feature","properties":{"id":"B228","v":14.7,"clase":"DEFICIT_EXTREMO","periodo":"1–15 ago 2026"},"geometry":{"type":"Polygon","coordinates":[[[-75.82517845403036,4.000916312091072],[-75.79595306128617,4.051866687466913],[-75.73863425089567,4.05192115676018],[-75.7387,4.0517],[-75.7403,4.0502],[-75.7425,4.049599999999998],[-75.7447,4.046],[-75.7454,4.0432],[-75.7477,4.040700000000001],[-75.7491,4.039899999999999],[-75.7514,4.039999999999999],[-75.7528,4.034900000000001],[-75.7556,4.030700000000001],[-75.75850000000001,4.028900000000001],[-75.76170000000002,4.0245],[-75.7704,4.019700000000001],[-75.773,4.015700000000001],[-75.7729,4.0101],[-75.7736,4.007700000000002],[-75.7765,4.004],[-75.7815,4.003599999999999],[-75.784,4.0081999999999995],[-75.7848,4.0084],[-75.7916,4.008200000000001],[-75.7953,4.005099999999999],[-75.7957,3.9978000000000007],[-75.7943,3.9955],[-75.7968,3.9891000000000005],[-75.7928,3.9857999999999993],[-75.7932,3.982400000000001],[-75.7915,3.979900000000001],[-75.7934,3.9768],[-75.7918,3.975],[-75.7922,3.9722000000000004],[-75.7915,3.971],[-75.793,3.969099999999999],[-75.7965,3.9608000000000003],[-75.8004181430227,3.9579444128807046],[-75.82517845403036,4.000916312091072]]]}},{"type":"Feature","properties":{"id":"B229","v":14.9,"clase":"DEFICIT_EXTREMO","periodo":"1–15 ago 2026"},"geometry":{"type":"Polygon","coordinates":[[[-75.79595306128617,4.051866687466913],[-75.82253827861481,4.097998211450742],[-75.8222,4.0979],[-75.82,4.0987],[-75.819,4.0973999999999995],[-75.8147,4.096800000000001],[-75.8129,4.0950999999999995],[-75.809,4.0937],[-75.8023,4.0935],[-75.7982,4.091],[-75.7963,4.091100000000002],[-75.794,4.0883],[-75.78830000000002,4.087899999999999],[-75.7869,4.0895],[-75.785,4.0899],[-75.7841,4.084899999999999],[-75.7797,4.0817],[-75.7775,4.0815],[-75.7768,4.078199999999999],[-75.7744,4.076200000000001],[-75.7718,4.0765],[-75.7666,4.075300000000001],[-75.7607,4.076600000000001],[-75.7555,4.0757],[-75.7524,4.0774],[-75.7525,4.071199999999999],[-75.7477,4.0639],[-75.7445,4.061099999999999],[-75.7414,4.0601],[-75.7397,4.057199999999999],[-75.7376,4.0554],[-75.73863425089567,4.05192115676018],[-75.79595306128617,4.051866687466913]]]}},{"type":"Feature","properties":{"id":"B230","v":15.6,"clase":"DEFICIT_EXTREMO","periodo":"1–15 ago 2026"},"geometry":{"type":"Polygon","coordinates":[[[-75.82549596395256,4.306441231047948],[-75.79626309752112,4.357393430143669],[-75.79349999969571,4.357396353846463],[-75.7935,4.3551],[-75.7911,4.3543],[-75.7898,4.352599999999999],[-75.7899,4.350300000000001],[-75.7918,4.3478],[-75.792,4.344699999999999],[-75.7937,4.341399999999999],[-75.7914,4.334199999999999],[-75.7923,4.3306],[-75.7939,4.329],[-75.7965,4.3228],[-75.7951,4.3181],[-75.7968,4.3163],[-75.7972,4.313099999999999],[-75.7947,4.3100000000000005],[-75.7956,4.307699999999999],[-75.7943,4.3072],[-75.7948,4.3041],[-75.7897,4.300900000000001],[-75.7891,4.296899999999998],[-75.7873,4.294599999999999],[-75.7875,4.292999999999999],[-75.7895,4.2901],[-75.7897,4.2872],[-75.793,4.2856],[-75.7947,4.2757],[-75.7972,4.2739],[-75.796,4.2721],[-75.7964,4.268900000000001],[-75.7981,4.2671],[-75.7988,4.2635],[-75.80012227026461,4.262429603304231],[-75.82549596395256,4.306441231047948]]]}},{"type":"Feature","properties":{"id":"B231","v":15.9,"clase":"DEFICIT_EXTREMO","periodo":"1–15 ago 2026"},"geometry":{"type":"MultiPolygon","coordinates":[[[[-75.82406579507847,4.405609710353291],[-75.8195,4.4019],[-75.8133,4.4045000000000005],[-75.812,4.4043],[-75.81100000000002,4.4032],[-75.8112,4.4016],[-75.81,4.398500000000001],[-75.8077,4.398299999999999],[-75.8062,4.396800000000001],[-75.8031,4.3961],[-75.8011,4.390599999999999],[-75.8016,4.3875],[-75.805,4.3844],[-75.8027,4.373],[-75.80351345266244,4.369968042992939],[-75.82406579507847,4.405609710353291]]],[[[-75.79626309752112,4.35739343014367],[-75.80217837839436,4.367652608094271],[-75.7986,4.364899999999999],[-75.7982,4.363399999999999],[-75.7935,4.3585],[-75.79349999969571,4.357396353846464],[-75.79626309752112,4.35739343014367]]]]}},{"type":"Feature","properties":{"id":"B232","v":17.0,"clase":"DEFICIT_EXTREMO","periodo":"1–15 ago 2026"},"geometry":{"type":"Polygon","coordinates":[[[-75.79659588580844,4.662917670341935],[-75.73799463360234,4.662981686549897],[-75.7323676086017,4.6532260407050385],[-75.7328,4.653300000000001],[-75.7359,4.655],[-75.73770000000002,4.655100000000001],[-75.7411,4.6547],[-75.7464,4.6527],[-75.7558,4.652099999999999],[-75.7563,4.651],[-75.7579,4.650699999999999],[-75.7609,4.652900000000001],[-75.7623,4.651699999999999],[-75.7627,4.6535],[-75.7682,4.652300000000001],[-75.7695,4.6536],[-75.7701,4.6532],[-75.7718,4.6545],[-75.7738,4.6548],[-75.7746,4.654400000000001],[-75.774,4.6535],[-75.7784,4.6545],[-75.7792,4.654100000000001],[-75.7794,4.652699999999999],[-75.7803,4.6538],[-75.7823,4.6526000000000005],[-75.783,4.655],[-75.7824,4.656700000000001],[-75.78380000000001,4.658699999999999],[-75.7846,4.658099999999999],[-75.7853,4.659199999999999],[-75.7878,4.6592],[-75.7893,4.660000000000001],[-75.7927,4.6592],[-75.794,4.6599],[-75.7955,4.659399999999999],[-75.7958,4.6583],[-75.7978,4.6597],[-75.79859454128386,4.659435154154314],[-75.79659588580844,4.662917670341935]]]}},{"type":"Feature","properties":{"id":"B233","v":17.1,"clase":"DEFICIT_EXTREMO","periodo":"1–15 ago 2026"},"geometry":{"type":"Polygon","coordinates":[[[-75.73799463360234,4.662981686549898],[-75.79659588580844,4.662917670341936],[-75.82595600012253,4.713803909312381],[-75.81602032049479,4.731116530177671],[-75.8156,4.7309],[-75.8144,4.728800000000001],[-75.813,4.729399999999999],[-75.8132,4.7284],[-75.8122,4.728199999999999],[-75.8114,4.729399999999999],[-75.8113,4.7273],[-75.8088,4.728799999999999],[-75.8063,4.726699999999999],[-75.8058,4.7281],[-75.80260000000001,4.728199999999999],[-75.8021,4.7269],[-75.8011,4.727199999999999],[-75.8003,4.725599999999999],[-75.8014,4.724799999999998],[-75.8011,4.723799999999999],[-75.7989,4.7234],[-75.7998,4.7211],[-75.7963,4.7203],[-75.7964,4.7189],[-75.7947,4.7186],[-75.7944,4.7195],[-75.7938,4.7193],[-75.7915,4.718100000000001],[-75.7919,4.716999999999999],[-75.7903,4.7164],[-75.79,4.7175],[-75.7894,4.716099999999999],[-75.7886,4.718],[-75.7878,4.717399999999999],[-75.7874,4.718699999999998],[-75.7859,4.718299999999999],[-75.785,4.721799999999999],[-75.7834,4.7203],[-75.7794,4.7198],[-75.7794,4.7214],[-75.7775,4.721],[-75.776,4.721799999999999],[-75.7764,4.7207],[-75.775,4.720899999999999],[-75.7741,4.718600000000001],[-75.7734,4.7197000000000005],[-75.7724,4.717700000000001],[-75.7712,4.718300000000001],[-75.7715,4.7168],[-75.7702,4.714000000000001],[-75.7665,4.714900000000001],[-75.7651,4.714],[-75.7639,4.715299999999999],[-75.7607,4.7113000000000005],[-75.7582,4.7121],[-75.7577,4.7108],[-75.7555,4.7109],[-75.754,4.709899999999999],[-75.7538,4.711],[-75.7521,4.7102],[-75.7506,4.712199999999999],[-75.7498,4.7114],[-75.7467,4.712699999999999],[-75.7469,4.711500000000001],[-75.7439,4.7106],[-75.7414,4.7113000000000005],[-75.7391,4.710699999999999],[-75.7389,4.7096],[-75.7374,4.710199999999999],[-75.7371,4.709299999999999],[-75.7352,4.7098],[-75.7355,4.708700000000001],[-75.7345,4.708],[-75.7334,4.7097],[-75.7328,4.7079],[-75.7316,4.708200000000001],[-75.7311,4.7104],[-75.7297,4.707900000000001],[-75.7286,4.7096],[-75.7275,4.7086],[-75.7252,4.7113000000000005],[-75.7222,4.7119],[-75.7213,4.7106],[-75.7199,4.7124],[-75.7157,4.7123],[-75.7136,4.713799999999999],[-75.71281574899284,4.706842750757834],[-75.73799463360234,4.662981686549898]]]}},{"type":"Feature","properties":{"id":"B234","v":17.1,"clase":"DEFICIT_EXTREMO","periodo":"1–15 ago 2026"},"geometry":{"type":"Polygon","coordinates":[[[-75.73799463360234,4.662981686549898],[-75.71281574899284,4.706842750757834],[-75.7097,4.679199999999999],[-75.7079,4.677599999999999],[-75.705,4.657299999999999],[-75.7057,4.6547],[-75.7103,4.6551],[-75.7146,4.6535],[-75.7144,4.6527],[-75.7161,4.652199999999998],[-75.7189,4.6533999999999995],[-75.7228,4.6536],[-75.7252,4.652],[-75.7323676086017,4.6532260407050385],[-75.73799463360234,4.662981686549898]]]}}]}