{"type":"FeatureCollection","features":[{"type":"Feature","properties":{"code":"76001","name":"CALI","aro":"SUR","area_km2":563.0,"nivel":"ROJO","razon":"Evidencia directa CVC de precipitación muy deficitaria.","hidro":"Bocatoma río Cali 49% del histórico; Puerto Mallarino río Cauca 66%.","station":"C. San Bosco","foco":false,"sist":0,"pob":0,"q":0,"P1":0,"P2":0,"P3":0,"pobP12":0,"P1_clima":0,"P2_clima":0,"P3_clima":0,"SIN_DATO_clima":0,"sist_geo":0,"alta_exp":0,"media_exp":0,"menor_exp":0,"sin_dato_exp":0,"pct_alta":null,"indice_municipal":null,"presion_municipal":"SIN_DATO","prioridad_diag":"Sin sistemas georreferenciados","regla_presion_municipal":"Alta >=60% sistemas en alta exposición; Importante 40-<60%; Moderada 20-<40%; Referencia <20%."},"geometry":{"type":"Polygon","coordinates":[[[-76.5951,3.5479],[-76.5863,3.5455],[-76.5871,3.5412],[-76.586,3.5351],[-76.5863,3.5305],[-76.5819,3.5247],[-76.5742,3.5201],[-76.5717,3.5196],[-76.5703,3.52],[-76.5709,3.5204],[-76.5701,3.5208],[-76.5672,3.5207],[-76.5667,3.5188],[-76.5627,3.5134],[-76.5526,3.5115],[-76.5504,3.5103],[-76.549,3.507],[-76.5479,3.5065],[-76.548,3.4999],[-76.5466,3.4968],[-76.545,3.4957],[-76.5434,3.4966],[-76.5427,3.4993],[-76.5348,3.5001],[-76.5311,3.4985],[-76.5302,3.4971],[-76.5291,3.4979],[-76.5252,3.4973],[-76.5221,3.4943],[-76.51,3.4905],[-76.509,3.4937],[-76.4972,3.4983],[-76.4973,3.5001],[-76.4962,3.5008],[-76.4968,3.5019],[-76.4951,3.5022],[-76.4956,3.5028],[-76.4946,3.5041],[-76.494,3.5035],[-76.4944,3.5053],[-76.4912,3.5061],[-76.4911,3.5003],[-76.4858,3.4975],[-76.4842,3.4958],[-76.4814,3.4839],[-76.4788,3.4811],[-76.4782,3.4776],[-76.4756,3.474],[-76.4756,3.4704],[-76.474,3.4662],[-76.4773,3.4608],[-76.4757,3.4536],[-76.4758,3.4504],[-76.4745,3.4481],[-76.4751,3.4433],[-76.4727,3.441],[-76.4713,3.4421],[-76.4672,3.4402],[-76.4658,3.4405],[-76.4614,3.4364],[-76.4601,3.4275],[-76.4616,3.4209],[-76.4608,3.4162],[-76.4648,3.4126],[-76.4657,3.4094],[-76.4645,3.4063],[-76.467,3.403],[-76.4665,3.4006],[-76.4642,3.3968],[-76.4647,3.391],[-76.4633,3.3868],[-76.4659,3.3824],[-76.4661,3.3791],[-76.469,3.3798],[-76.4714,3.378],[-76.4681,3.3712],[-76.4657,3.3685],[-76.4656,3.364],[-76.4637,3.3589],[-76.4602,3.3564],[-76.463,3.3511],[-76.4624,3.3461],[-76.4638,3.3428],[-76.4603,3.3371],[-76.4599,3.3338],[-76.4607,3.3307],[-76.4588,3.3248],[-76.4616,3.3218],[-76.4609,3.3176],[-76.4615,3.3166],[-76.4638,3.3166],[-76.4663,3.3206],[-76.4679,3.3204],[-76.4675,3.3139],[-76.4686,3.3106],[-76.4706,3.3115],[-76.4724,3.3139],[-76.4725,3.3176],[-76.4734,3.3196],[-76.4762,3.3206],[-76.4784,3.3193],[-76.4783,3.3169],[-76.476,3.3143],[-76.4755,3.3107],[-76.4732,3.305],[-76.4772,3.301],[-76.477,3.295],[-76.478,3.2936],[-76.48,3.2929],[-76.482,3.2935],[-76.4836,3.2957],[-76.485,3.303],[-76.488,3.3049],[-76.4903,3.3041],[-76.4912,3.3018],[-76.4902,3.2999],[-76.4903,3.2974],[-76.4942,3.2926],[-76.4927,3.2895],[-76.4934,3.2875],[-76.4924,3.2854],[-76.4943,3.2811],[-76.4938,3.2788],[-76.4964,3.2791],[-76.4963,3.278],[-76.498,3.2762],[-76.4977,3.2747],[-76.4987,3.2734],[-76.4995,3.2736],[-76.4997,3.2767],[-76.5012,3.2793],[-76.5023,3.2784],[-76.5052,3.2805],[-76.5087,3.2776],[-76.5117,3.2786],[-76.5133,3.2775],[-76.5173,3.2791],[-76.5182,3.281],[-76.5195,3.2811],[-76.5216,3.283],[-76.5215,3.2843],[-76.5225,3.2852],[-76.5265,3.2858],[-76.5267,3.2864],[-76.5277,3.2863],[-76.5281,3.2853],[-76.529,3.2871],[-76.5307,3.2867],[-76.5307,3.2858],[-76.5327,3.2859],[-76.5339,3.2851],[-76.533,3.2849],[-76.5328,3.2832],[-76.5351,3.2831],[-76.5364,3.2805],[-76.5392,3.2814],[-76.5399,3.2802],[-76.5421,3.2796],[-76.5438,3.278],[-76.5444,3.2784],[-76.5424,3.282],[-76.5434,3.2839],[-76.5436,3.2828],[-76.5445,3.2827],[-76.5462,3.2855],[-76.5467,3.2829],[-76.548,3.283],[-76.5492,3.2838],[-76.5495,3.2856],[-76.5522,3.2869],[-76.5531,3.2848],[-76.5546,3.2847],[-76.555,3.2826],[-76.5583,3.2825],[-76.5586,3.2809],[-76.5603,3.2855],[-76.5627,3.2871],[-76.5639,3.2864],[-76.5657,3.2897],[-76.5654,3.2909],[-76.566,3.291],[-76.5653,3.2916],[-76.5673,3.2941],[-76.5664,3.2945],[-76.5672,3.2959],[-76.5661,3.2973],[-76.5665,3.2989],[-76.5677,3.2997],[-76.5707,3.2998],[-76.5725,3.3026],[-76.5756,3.3037],[-76.5771,3.3031],[-76.5785,3.3044],[-76.5803,3.304],[-76.5816,3.3086],[-76.588,3.3089],[-76.5902,3.307],[-76.5973,3.3084],[-76.6004,3.3082],[-76.6032,3.3095],[-76.6066,3.3132],[-76.6076,3.3135],[-76.6137,3.3105],[-76.6163,3.3066],[-76.6219,3.3049],[-76.6265,3.3074],[-76.63,3.3069],[-76.6382,3.2989],[-76.6413,3.2998],[-76.6475,3.2973],[-76.649,3.2983],[-76.6494,3.3019],[-76.6563,3.3042],[-76.6627,3.3145],[-76.6664,3.3153],[-76.6726,3.3138],[-76.6805,3.3154],[-76.69,3.3122],[-76.6933,3.3121],[-76.6945,3.3109],[-76.696,3.3112],[-76.6975,3.3199],[-76.6953,3.3272],[-76.6957,3.329],[-76.6931,3.3303],[-76.6932,3.3313],[-76.695,3.335],[-76.6945,3.3385],[-76.6956,3.3402],[-76.695,3.3432],[-76.6997,3.3491],[-76.7004,3.3523],[-76.6999,3.3542],[-76.7013,3.356],[-76.7018,3.3585],[-76.7007,3.3609],[-76.6972,3.3634],[-76.696,3.3664],[-76.6943,3.3679],[-76.6935,3.3713],[-76.6942,3.3747],[-76.6938,3.3783],[-76.6911,3.3828],[-76.6909,3.3858],[-76.6882,3.3879],[-76.6897,3.3898],[-76.6877,3.3963],[-76.6887,3.3975],[-76.6942,3.3991],[-76.6959,3.4004],[-76.6964,3.4029],[-76.6973,3.4034],[-76.698,3.4129],[-76.699,3.4163],[-76.7023,3.4195],[-76.7057,3.4276],[-76.7069,3.428],[-76.7068,3.4331],[-76.7048,3.4352],[-76.7056,3.442],[-76.7039,3.4423],[-76.7029,3.4453],[-76.6977,3.4453],[-76.6951,3.4486],[-76.6929,3.4499],[-76.6924,3.4558],[-76.6912,3.4573],[-76.6907,3.4603],[-76.6859,3.4635],[-76.6805,3.4623],[-76.6766,3.4641],[-76.6743,3.4617],[-76.668,3.4644],[-76.6651,3.4687],[-76.6589,3.4682],[-76.6569,3.467],[-76.6511,3.4667],[-76.646,3.4697],[-76.6445,3.4716],[-76.6446,3.4732],[-76.6424,3.478],[-76.6347,3.4858],[-76.6324,3.4898],[-76.6312,3.4902],[-76.6289,3.4877],[-76.6281,3.4883],[-76.6231,3.4997],[-76.6224,3.5083],[-76.6238,3.51],[-76.622,3.5169],[-76.618,3.5221],[-76.6176,3.5301],[-76.6164,3.5315],[-76.6136,3.5316],[-76.6126,3.5335],[-76.6101,3.5355],[-76.6068,3.5423],[-76.6035,3.5425],[-76.6016,3.5463],[-76.5995,3.5468],[-76.5964,3.5459],[-76.5951,3.5479]]]}},{"type":"Feature","properties":{"code":"76036","name":"ANDALUCÍA","aro":"CENTRO","area_km2":110.5,"nivel":"NARANJA","razon":"Pronóstico IDEAM vigente: lluvia por debajo de lo normal y temperatura por encima.","hidro":"","station":"","foco":false,"sist":7,"pob":1168,"q":6.8,"P1":0,"P2":7,"P3":0,"pobP12":1168,"P1_clima":6,"P2_clima":2,"P3_clima":0,"SIN_DATO_clima":0,"sist_geo":8,"alta_exp":6,"media_exp":2,"menor_exp":0,"sin_dato_exp":0,"pct_alta":75.0,"indice_municipal":2.75,"presion_municipal":"ALTA","prioridad_diag":"Diagnóstico prioritario","regla_presion_municipal":"Alta >=60% sistemas en alta exposición; Importante 40-<60%; Moderada 20-<40%; Referencia <20%."},"geometry":{"type":"Polygon","coordinates":[[[-76.2241,4.2107],[-76.2222,4.2111],[-76.222,4.2098],[-76.2201,4.208],[-76.2207,4.2045],[-76.22,4.2037],[-76.2193,4.2039],[-76.2163,4.2006],[-76.208,4.1956],[-76.1953,4.1951],[-76.1872,4.1919],[-76.175,4.1911],[-76.1683,4.1878],[-76.1673,4.1902],[-76.1614,4.1856],[-76.1589,4.1854],[-76.1571,4.1835],[-76.1531,4.1835],[-76.1496,4.1815],[-76.1454,4.1753],[-76.1395,4.1689],[-76.1398,4.1634],[-76.1388,4.1564],[-76.1367,4.1524],[-76.1345,4.1509],[-76.1319,4.1509],[-76.1308,4.1476],[-76.1274,4.1459],[-76.1253,4.1435],[-76.1243,4.1409],[-76.1156,4.1352],[-76.1134,4.1286],[-76.1105,4.1229],[-76.1029,4.1201],[-76.0992,4.1169],[-76.0923,4.1132],[-76.0905,4.1069],[-76.0866,4.1084],[-76.0838,4.1071],[-76.0839,4.104],[-76.0824,4.103],[-76.0837,4.1013],[-76.0818,4.0991],[-76.0817,4.0968],[-76.0761,4.0934],[-76.0763,4.0908],[-76.0709,4.0882],[-76.0706,4.0859],[-76.0734,4.0841],[-76.0767,4.0797],[-76.0781,4.0765],[-76.0822,4.0725],[-76.0822,4.0695],[-76.0836,4.0664],[-76.0872,4.0661],[-76.0913,4.0711],[-76.0959,4.0722],[-76.0996,4.0715],[-76.1006,4.0704],[-76.1096,4.0664],[-76.1116,4.0669],[-76.1205,4.0793],[-76.1196,4.0808],[-76.121,4.0833],[-76.1203,4.0844],[-76.1213,4.0861],[-76.1205,4.0868],[-76.1207,4.0882],[-76.1234,4.0942],[-76.1236,4.0969],[-76.1247,4.0975],[-76.125,4.0992],[-76.1243,4.0998],[-76.1251,4.1012],[-76.1244,4.1018],[-76.1258,4.1021],[-76.126,4.1037],[-76.1288,4.1052],[-76.1283,4.1066],[-76.1305,4.1074],[-76.1291,4.11],[-76.1318,4.1119],[-76.1339,4.112],[-76.1354,4.1133],[-76.1352,4.1147],[-76.1364,4.1148],[-76.1366,4.1158],[-76.1375,4.1151],[-76.1399,4.1151],[-76.1415,4.1169],[-76.143,4.1159],[-76.1448,4.1164],[-76.1443,4.1181],[-76.1473,4.119],[-76.1478,4.1201],[-76.1471,4.121],[-76.1485,4.1216],[-76.1499,4.1206],[-76.1526,4.1205],[-76.1535,4.1186],[-76.1562,4.1187],[-76.1572,4.1196],[-76.1581,4.1184],[-76.1603,4.1183],[-76.16,4.1207],[-76.162,4.1216],[-76.1637,4.1195],[-76.1649,4.1196],[-76.1659,4.1209],[-76.1688,4.1195],[-76.1718,4.1193],[-76.1714,4.1211],[-76.1727,4.1226],[-76.1722,4.1242],[-76.1733,4.1239],[-76.1736,4.1252],[-76.1756,4.1253],[-76.1757,4.1265],[-76.1765,4.1264],[-76.1764,4.1276],[-76.1746,4.129],[-76.1753,4.1318],[-76.1766,4.1322],[-76.177,4.1305],[-76.1788,4.1294],[-76.1779,4.1306],[-76.1793,4.1308],[-76.1781,4.1332],[-76.1788,4.1353],[-76.18,4.1348],[-76.1823,4.1359],[-76.1839,4.1356],[-76.184,4.1346],[-76.1873,4.1335],[-76.1881,4.1319],[-76.1905,4.1328],[-76.1915,4.1324],[-76.1938,4.1348],[-76.1968,4.1347],[-76.1983,4.1364],[-76.2008,4.1364],[-76.2013,4.1355],[-76.2021,4.1364],[-76.2031,4.1355],[-76.2034,4.1371],[-76.2106,4.139],[-76.2135,4.1405],[-76.215,4.1423],[-76.2216,4.1444],[-76.2217,4.1456],[-76.2226,4.1455],[-76.2234,4.1467],[-76.2256,4.1456],[-76.2266,4.1467],[-76.228,4.1465],[-76.2287,4.1481],[-76.2303,4.1491],[-76.2299,4.1511],[-76.231,4.152],[-76.2305,4.1534],[-76.232,4.154],[-76.232,4.1554],[-76.2304,4.1564],[-76.2314,4.1573],[-76.2309,4.1591],[-76.233,4.1603],[-76.2323,4.1612],[-76.2332,4.1628],[-76.2353,4.1633],[-76.2372,4.1658],[-76.2389,4.1663],[-76.2414,4.1623],[-76.2435,4.1621],[-76.2426,4.1634],[-76.2446,4.1649],[-76.2436,4.1655],[-76.2439,4.1666],[-76.2433,4.167],[-76.2446,4.1675],[-76.2447,4.1683],[-76.2457,4.1676],[-76.2507,4.1731],[-76.25,4.1757],[-76.2469,4.1765],[-76.2448,4.1788],[-76.2453,4.1809],[-76.2486,4.1839],[-76.2487,4.1855],[-76.2463,4.1876],[-76.2417,4.1849],[-76.2393,4.1857],[-76.2386,4.1868],[-76.2391,4.1881],[-76.2437,4.1918],[-76.2421,4.1974],[-76.2362,4.2008],[-76.235,4.2028],[-76.2347,4.2058],[-76.2333,4.207],[-76.2317,4.2074],[-76.2289,4.2066],[-76.2277,4.2073],[-76.228,4.2084],[-76.235,4.214],[-76.2313,4.2161],[-76.2268,4.2174],[-76.2252,4.2165],[-76.2257,4.212],[-76.224,4.2114],[-76.2241,4.2107]]]}},{"type":"Feature","properties":{"code":"76041","name":"ANSERMANUEVO","aro":"NORTE","area_km2":305.5,"nivel":"ROJO","razon":"Foco histórico UESVALLE + pronóstico IDEAM de lluvia por debajo y temperatura por encima.","hidro":"","station":"","foco":true,"sist":18,"pob":4852,"q":45.5,"P1":18,"P2":0,"P3":0,"pobP12":4852,"P1_clima":2,"P2_clima":16,"P3_clima":0,"SIN_DATO_clima":0,"sist_geo":18,"alta_exp":2,"media_exp":16,"menor_exp":0,"sin_dato_exp":0,"pct_alta":11.1,"indice_municipal":2.111,"presion_municipal":"REFERENCIA","prioridad_diag":"Monitoreo de referencia","regla_presion_municipal":"Alta >=60% sistemas en alta exposición; Importante 40-<60%; Moderada 20-<40%; Referencia <20%."},"geometry":{"type":"Polygon","coordinates":[[[-76.0185,4.888],[-76.0132,4.8874],[-76.0013,4.8818],[-75.9891,4.8811],[-75.9886,4.8756],[-75.9877,4.8738],[-75.983,4.8703],[-75.9805,4.8663],[-75.9752,4.8614],[-75.9699,4.8598],[-75.9673,4.8599],[-75.9663,4.8612],[-75.9615,4.8628],[-75.9599,4.8624],[-75.9582,4.8645],[-75.9561,4.8648],[-75.9533,4.8629],[-75.9504,4.8624],[-75.949,4.8601],[-75.9469,4.8587],[-75.9417,4.8568],[-75.9406,4.8595],[-75.939,4.861],[-75.9352,4.8616],[-75.934,4.8628],[-75.9313,4.8616],[-75.9275,4.8624],[-75.9269,4.8646],[-75.9257,4.8653],[-75.9258,4.8669],[-75.9245,4.8668],[-75.923,4.8691],[-75.9207,4.8705],[-75.9197,4.8692],[-75.9185,4.8694],[-75.9188,4.8716],[-75.9162,4.8734],[-75.9142,4.8735],[-75.9145,4.872],[-75.9111,4.8607],[-75.9083,4.8579],[-75.9028,4.8549],[-75.9004,4.8513],[-75.9012,4.8494],[-75.9055,4.8486],[-75.9062,4.8477],[-75.9033,4.8416],[-75.9026,4.8378],[-75.9094,4.8288],[-75.9105,4.8255],[-75.9106,4.817],[-75.9124,4.815],[-75.9165,4.8137],[-75.9191,4.8166],[-75.921,4.8173],[-75.9254,4.8131],[-75.9343,4.8099],[-75.9357,4.8077],[-75.9376,4.801],[-75.9442,4.7958],[-75.9488,4.7987],[-75.9502,4.8009],[-75.9514,4.8058],[-75.9528,4.8074],[-75.9582,4.8073],[-75.9613,4.8062],[-75.964,4.8009],[-75.9637,4.7985],[-75.9624,4.7962],[-75.9567,4.7904],[-75.9542,4.7842],[-75.9544,4.7819],[-75.9583,4.7813],[-75.9701,4.7852],[-75.9717,4.7853],[-75.9724,4.7845],[-75.9734,4.7816],[-75.9728,4.7792],[-75.9704,4.7763],[-75.967,4.7746],[-75.9667,4.7688],[-75.9677,4.7659],[-75.9701,4.7629],[-75.9818,4.761],[-75.9843,4.7598],[-75.9848,4.7585],[-75.9843,4.7546],[-75.979,4.7479],[-75.9785,4.7433],[-75.9799,4.7427],[-75.9862,4.7438],[-75.9948,4.7386],[-75.9962,4.7356],[-75.9917,4.731],[-75.9903,4.7245],[-75.996,4.7233],[-76.006,4.7165],[-76.0072,4.7145],[-76.0081,4.7074],[-76.0156,4.6996],[-76.0158,4.6927],[-76.0196,4.692],[-76.0265,4.6973],[-76.0292,4.697],[-76.0356,4.6934],[-76.0374,4.6965],[-76.035,4.6997],[-76.0356,4.7019],[-76.0424,4.702],[-76.0432,4.7036],[-76.0421,4.7048],[-76.0422,4.7058],[-76.0436,4.7052],[-76.0466,4.7066],[-76.0496,4.7113],[-76.0531,4.7136],[-76.0546,4.7168],[-76.0591,4.7147],[-76.0656,4.7166],[-76.0726,4.7148],[-76.0732,4.7205],[-76.0752,4.7247],[-76.0752,4.7276],[-76.0756,4.7281],[-76.0759,4.7272],[-76.0777,4.7289],[-76.0839,4.7306],[-76.0842,4.7338],[-76.0853,4.7357],[-76.0879,4.7355],[-76.0901,4.7368],[-76.0963,4.7373],[-76.0991,4.7397],[-76.1038,4.7411],[-76.1099,4.7392],[-76.1166,4.7406],[-76.1201,4.7461],[-76.1216,4.7509],[-76.1235,4.7523],[-76.1278,4.7578],[-76.1283,4.7594],[-76.1336,4.7624],[-76.135,4.7619],[-76.1388,4.7665],[-76.1396,4.7699],[-76.145,4.7764],[-76.1457,4.7812],[-76.1471,4.7832],[-76.1472,4.785],[-76.1433,4.7877],[-76.141,4.7903],[-76.1366,4.7918],[-76.1348,4.7933],[-76.1354,4.7975],[-76.1377,4.801],[-76.1382,4.8058],[-76.1339,4.8086],[-76.1337,4.8118],[-76.1277,4.8172],[-76.1301,4.822],[-76.1329,4.8339],[-76.1361,4.8362],[-76.1394,4.8412],[-76.1378,4.8436],[-76.1347,4.838],[-76.1296,4.8338],[-76.129,4.8323],[-76.1242,4.8297],[-76.1198,4.8289],[-76.1161,4.8333],[-76.1148,4.837],[-76.111,4.8383],[-76.1077,4.8378],[-76.1025,4.8428],[-76.1014,4.8425],[-76.0948,4.8453],[-76.092,4.8445],[-76.0899,4.8407],[-76.0874,4.8408],[-76.0821,4.8391],[-76.0812,4.8396],[-76.0779,4.839],[-76.076,4.8399],[-76.0723,4.8376],[-76.0703,4.8374],[-76.0695,4.8394],[-76.0665,4.8402],[-76.0658,4.8422],[-76.064,4.8422],[-76.0637,4.8435],[-76.0622,4.8429],[-76.0619,4.8439],[-76.0593,4.8445],[-76.058,4.8476],[-76.052,4.8539],[-76.0495,4.8525],[-76.0145,4.8563],[-76.0158,4.8583],[-76.0175,4.8592],[-76.0183,4.861],[-76.0158,4.8668],[-76.0163,4.8687],[-76.0158,4.871],[-76.0186,4.8725],[-76.0195,4.8758],[-76.0226,4.8785],[-76.0235,4.8823],[-76.0185,4.888]]]}},{"type":"Feature","properties":{"code":"76054","name":"ARGELIA","aro":"NORTE","area_km2":90.8,"nivel":"NARANJA","razon":"Pronóstico IDEAM vigente: lluvia por debajo de lo normal y temperatura por encima.","hidro":"","station":"","foco":false,"sist":8,"pob":2812,"q":38.0,"P1":0,"P2":2,"P3":6,"pobP12":396,"P1_clima":1,"P2_clima":7,"P3_clima":0,"SIN_DATO_clima":0,"sist_geo":8,"alta_exp":1,"media_exp":7,"menor_exp":0,"sin_dato_exp":0,"pct_alta":12.5,"indice_municipal":2.125,"presion_municipal":"REFERENCIA","prioridad_diag":"Monitoreo de referencia","regla_presion_municipal":"Alta >=60% sistemas en alta exposición; Importante 40-<60%; Moderada 20-<40%; Referencia <20%."},"geometry":{"type":"Polygon","coordinates":[[[-76.145,4.7764],[-76.1392,4.7693],[-76.139,4.7668],[-76.1353,4.7621],[-76.1336,4.7624],[-76.1285,4.7596],[-76.1235,4.7523],[-76.1217,4.751],[-76.1201,4.7461],[-76.1166,4.7406],[-76.1099,4.7392],[-76.1038,4.7411],[-76.0991,4.7397],[-76.0963,4.7373],[-76.0901,4.7368],[-76.0882,4.7355],[-76.0906,4.7291],[-76.0941,4.7256],[-76.0934,4.7211],[-76.0965,4.7181],[-76.0975,4.7147],[-76.0964,4.7141],[-76.0953,4.711],[-76.0951,4.7062],[-76.0921,4.7027],[-76.1064,4.6874],[-76.1113,4.6844],[-76.1127,4.6796],[-76.1126,4.6749],[-76.1138,4.6721],[-76.1137,4.6695],[-76.1169,4.6592],[-76.1196,4.6541],[-76.1227,4.6512],[-76.1267,4.6523],[-76.1283,4.6538],[-76.1337,4.6549],[-76.1351,4.6545],[-76.1374,4.656],[-76.1388,4.6552],[-76.1411,4.6562],[-76.1438,4.6543],[-76.145,4.6546],[-76.1462,4.6564],[-76.1479,4.6554],[-76.1486,4.6582],[-76.1534,4.6605],[-76.1548,4.6634],[-76.1641,4.6662],[-76.168,4.6644],[-76.1706,4.6617],[-76.1731,4.6613],[-76.1788,4.6584],[-76.1809,4.6564],[-76.1852,4.6556],[-76.1875,4.6567],[-76.188,4.6557],[-76.1893,4.6562],[-76.1905,4.6555],[-76.1909,4.656],[-76.1924,4.6546],[-76.1947,4.6601],[-76.1912,4.6628],[-76.1916,4.6679],[-76.1934,4.6697],[-76.1918,4.6738],[-76.1918,4.676],[-76.1944,4.6803],[-76.1949,4.6828],[-76.1863,4.694],[-76.1853,4.6944],[-76.1856,4.695],[-76.1838,4.6974],[-76.1846,4.6978],[-76.184,4.6993],[-76.1826,4.7001],[-76.1834,4.7016],[-76.1805,4.7024],[-76.1808,4.7035],[-76.179,4.706],[-76.1786,4.7083],[-76.1797,4.7097],[-76.1788,4.7116],[-76.1801,4.7136],[-76.1789,4.7143],[-76.1792,4.7157],[-76.178,4.7169],[-76.1783,4.7184],[-76.1794,4.719],[-76.1788,4.7218],[-76.1794,4.7224],[-76.1765,4.724],[-76.1765,4.7247],[-76.1744,4.7257],[-76.1718,4.7288],[-76.167,4.7317],[-76.1636,4.7348],[-76.1608,4.7358],[-76.1602,4.7374],[-76.1593,4.7376],[-76.1595,4.739],[-76.1576,4.7393],[-76.1538,4.7426],[-76.1526,4.7427],[-76.1482,4.7492],[-76.1476,4.7532],[-76.1483,4.755],[-76.1482,4.7609],[-76.1494,4.7627],[-76.1514,4.7707],[-76.1477,4.7791],[-76.148,4.7823],[-76.1472,4.785],[-76.1471,4.7832],[-76.1457,4.7812],[-76.145,4.7764]]]}},{"type":"Feature","properties":{"code":"76111","name":"GUADALAJARA DE BUGA","aro":"CENTRO","area_km2":825.9,"nivel":"PENDIENTE","razon":"","hidro":"","station":"","foco":false,"sist":0,"pob":0,"q":0,"P1":0,"P2":0,"P3":0,"pobP12":0,"P1_clima":0,"P2_clima":0,"P3_clima":0,"SIN_DATO_clima":0,"sist_geo":0,"alta_exp":0,"media_exp":0,"menor_exp":0,"sin_dato_exp":0,"pct_alta":null,"indice_municipal":null,"presion_municipal":"SIN_DATO","prioridad_diag":"Sin sistemas georreferenciados","regla_presion_municipal":"Alta >=60% sistemas en alta exposición; Importante 40-<60%; Moderada 20-<40%; Referencia <20%."},"geometry":{"type":"Polygon","coordinates":[[[-76.3161,3.9928],[-76.3127,3.9931],[-76.3083,3.9869],[-76.3063,3.986],[-76.3051,3.9866],[-76.2991,3.9824],[-76.2972,3.9838],[-76.296,3.9835],[-76.2876,3.9739],[-76.2836,3.968],[-76.2816,3.9633],[-76.2788,3.9624],[-76.2775,3.9608],[-76.2774,3.9617],[-76.2757,3.9617],[-76.2746,3.9613],[-76.2744,3.9603],[-76.2731,3.9604],[-76.2733,3.9593],[-76.273,3.9598],[-76.2716,3.9586],[-76.2697,3.9592],[-76.2684,3.958],[-76.2658,3.9594],[-76.2621,3.9586],[-76.2611,3.9604],[-76.2596,3.9612],[-76.2579,3.9609],[-76.2574,3.9616],[-76.2561,3.9604],[-76.2575,3.9599],[-76.2565,3.9588],[-76.2548,3.9597],[-76.2538,3.9585],[-76.253,3.9592],[-76.249,3.959],[-76.2483,3.9578],[-76.2467,3.9575],[-76.2466,3.956],[-76.2451,3.9556],[-76.2446,3.9541],[-76.2421,3.9521],[-76.2406,3.9462],[-76.2411,3.9454],[-76.2401,3.944],[-76.2335,3.9439],[-76.2309,3.9415],[-76.2232,3.9402],[-76.2279,3.9387],[-76.2273,3.9358],[-76.2278,3.9317],[-76.2222,3.9348],[-76.2178,3.9384],[-76.2149,3.9378],[-76.2143,3.9385],[-76.2132,3.9373],[-76.2116,3.9378],[-76.2024,3.9324],[-76.1995,3.9337],[-76.1978,3.9334],[-76.1948,3.9308],[-76.1943,3.9275],[-76.192,3.9266],[-76.1859,3.9206],[-76.1835,3.9191],[-76.1809,3.9195],[-76.1765,3.9245],[-76.1727,3.9257],[-76.1653,3.9256],[-76.1638,3.9266],[-76.1601,3.9248],[-76.1579,3.9259],[-76.1546,3.9257],[-76.1519,3.9201],[-76.1528,3.9172],[-76.1495,3.9116],[-76.1487,3.9058],[-76.147,3.9048],[-76.1411,3.904],[-76.138,3.9056],[-76.1348,3.9087],[-76.1305,3.9102],[-76.1245,3.9183],[-76.1229,3.918],[-76.1201,3.915],[-76.1183,3.9148],[-76.116,3.9159],[-76.1155,3.9179],[-76.1163,3.9224],[-76.1149,3.9262],[-76.1149,3.929],[-76.1128,3.9324],[-76.1099,3.9402],[-76.1076,3.9431],[-76.1059,3.9502],[-76.1022,3.9559],[-76.1009,3.9566],[-76.0976,3.9557],[-76.0962,3.9533],[-76.0937,3.9522],[-76.0904,3.9519],[-76.0892,3.9506],[-76.0885,3.943],[-76.0869,3.9405],[-76.088,3.9385],[-76.0861,3.9376],[-76.0858,3.935],[-76.0871,3.9327],[-76.0861,3.9297],[-76.0864,3.9271],[-76.0888,3.926],[-76.0883,3.9239],[-76.089,3.9211],[-76.0876,3.9191],[-76.0879,3.9168],[-76.0857,3.9153],[-76.0834,3.9064],[-76.0805,3.9049],[-76.0781,3.905],[-76.0727,3.9005],[-76.0666,3.9032],[-76.0624,3.9024],[-76.0607,3.9012],[-76.0544,3.9024],[-76.0516,3.8996],[-76.0422,3.9016],[-76.0377,3.8997],[-76.0314,3.8991],[-76.0264,3.9007],[-76.0222,3.9002],[-76.0206,3.8978],[-76.015,3.8946],[-76.0098,3.8948],[-76.0072,3.8959],[-76.004,3.8956],[-76.003,3.8964],[-75.9981,3.8941],[-75.9938,3.8956],[-75.9916,3.8976],[-75.9902,3.8969],[-75.9894,3.8978],[-75.9878,3.8977],[-75.9878,3.8984],[-75.9862,3.8988],[-75.9844,3.9006],[-75.9841,3.9025],[-75.9814,3.9055],[-75.98,3.9055],[-75.9795,3.9066],[-75.9768,3.9073],[-75.9748,3.907],[-75.9719,3.908],[-75.9658,3.9071],[-75.964,3.908],[-75.9592,3.9069],[-75.9566,3.9048],[-75.9534,3.9059],[-75.9508,3.9057],[-75.9482,3.9044],[-75.948,3.9055],[-75.9463,3.906],[-75.9424,3.9039],[-75.9406,3.9042],[-75.938,3.9032],[-75.9353,3.906],[-75.932,3.9072],[-75.9286,3.9048],[-75.9279,3.905],[-75.9276,3.9041],[-75.9248,3.905],[-75.9235,3.9044],[-75.9211,3.9082],[-75.9187,3.9084],[-75.9184,3.9106],[-75.9168,3.9108],[-75.9156,3.9124],[-75.9158,3.9137],[-75.9127,3.917],[-75.9102,3.9173],[-75.9107,3.9183],[-75.9097,3.918],[-75.908,3.9198],[-75.9045,3.9206],[-75.8999,3.9233],[-75.8951,3.924],[-75.8897,3.9267],[-75.8856,3.9262],[-75.884,3.9251],[-75.8799,3.9273],[-75.8734,3.9265],[-75.871,3.9252],[-75.8707,3.9239],[-75.8693,3.9244],[-75.868,3.9235],[-75.8666,3.9192],[-75.8625,3.9136],[-75.8565,3.9099],[-75.8568,3.8999],[-75.855,3.8934],[-75.8528,3.8909],[-75.8498,3.8892],[-75.8511,3.8867],[-75.8584,3.8814],[-75.8616,3.8739],[-75.86,3.8685],[-75.8608,3.8625],[-75.8534,3.8547],[-75.8529,3.8525],[-75.8561,3.8511],[-75.8573,3.8491],[-75.8605,3.8492],[-75.8627,3.8477],[-75.8639,3.8444],[-75.8645,3.8365],[-75.8674,3.8337],[-75.8718,3.8243],[-75.8811,3.8174],[-75.8842,3.8136],[-75.8928,3.8132],[-75.8933,3.8087],[-75.891,3.8055],[-75.8938,3.8018],[-75.8974,3.7999],[-75.8999,3.7975],[-75.9033,3.7966],[-75.9034,3.7944],[-75.9013,3.7914],[-75.9013,3.7851],[-75.9066,3.7812],[-75.908,3.7753],[-75.9104,3.7727],[-75.9124,3.7639],[-75.9118,3.7625],[-75.9162,3.7585],[-75.9157,3.7509],[-75.9193,3.7439],[-75.9201,3.7404],[-75.9222,3.7386],[-75.9264,3.7396],[-75.9298,3.7394],[-75.9312,3.7362],[-75.9328,3.7349],[-75.9363,3.7353],[-75.9383,3.734],[-75.9391,3.7301],[-75.9446,3.7279],[-75.9452,3.7264],[-75.9441,3.7222],[-75.9455,3.7159],[-75.9461,3.7152],[-75.9476,3.7152],[-75.9493,3.7135],[-75.9529,3.7141],[-75.9556,3.7136],[-75.9579,3.7157],[-75.9623,3.716],[-75.9636,3.7189],[-75.9659,3.7178],[-75.9692,3.7183],[-75.9743,3.7222],[-75.9747,3.7248],[-75.9771,3.7267],[-75.9773,3.7289],[-75.9854,3.7395],[-75.9881,3.7503],[-75.9936,3.7551],[-75.9954,3.7556],[-75.9973,3.755],[-75.9993,3.7562],[-76.0042,3.7523],[-76.0059,3.7516],[-76.0106,3.7517],[-76.0143,3.7485],[-76.0169,3.7473],[-76.0182,3.7476],[-76.0206,3.7503],[-76.0227,3.7478],[-76.0306,3.7456],[-76.04,3.752],[-76.0413,3.756],[-76.0441,3.7591],[-76.0492,3.7579],[-76.0519,3.7599],[-76.0582,3.7601],[-76.061,3.7584],[-76.0753,3.7649],[-76.0765,3.7677],[-76.0824,3.7704],[-76.083,3.7877],[-76.0809,3.791],[-76.0814,3.7952],[-76.0849,3.7975],[-76.088,3.7962],[-76.0894,3.7969],[-76.0901,3.8014],[-76.0919,3.8046],[-76.0924,3.8074],[-76.0966,3.8124],[-76.0999,3.8151],[-76.1024,3.8156],[-76.1048,3.8195],[-76.1117,3.818],[-76.1167,3.8217],[-76.12,3.8211],[-76.122,3.8222],[-76.1278,3.8223],[-76.1314,3.8237],[-76.1351,3.8306],[-76.139,3.8312],[-76.1404,3.8323],[-76.1437,3.8305],[-76.1454,3.8276],[-76.1519,3.8251],[-76.1563,3.822],[-76.163,3.8148],[-76.1657,3.8108],[-76.1703,3.8104],[-76.178,3.8049],[-76.1806,3.8051],[-76.1874,3.8127],[-76.1926,3.8206],[-76.1941,3.8214],[-76.1976,3.8257],[-76.204,3.8294],[-76.2095,3.8345],[-76.2167,3.8369],[-76.2198,3.8396],[-76.223,3.8409],[-76.2335,3.8399],[-76.2346,3.8379],[-76.2407,3.8355],[-76.2444,3.8352],[-76.2476,3.836],[-76.2494,3.8376],[-76.2525,3.8381],[-76.2547,3.8396],[-76.2545,3.8437],[-76.2556,3.845],[-76.257,3.8494],[-76.2593,3.8515],[-76.2609,3.8508],[-76.2629,3.8478],[-76.2648,3.847],[-76.266,3.8472],[-76.2679,3.8456],[-76.2733,3.838],[-76.2752,3.8387],[-76.2772,3.8377],[-76.2796,3.8337],[-76.2801,3.8262],[-76.2822,3.8215],[-76.2852,3.8182],[-76.2849,3.8169],[-76.2867,3.8128],[-76.2866,3.8099],[-76.2915,3.8059],[-76.2917,3.8049],[-76.2942,3.8043],[-76.2952,3.8021],[-76.2969,3.8031],[-76.2988,3.803],[-76.2996,3.8023],[-76.2997,3.8007],[-76.3044,3.7996],[-76.3036,3.8018],[-76.3041,3.8025],[-76.3079,3.8045],[-76.3094,3.8037],[-76.3112,3.8045],[-76.3137,3.8022],[-76.3131,3.801],[-76.3137,3.799],[-76.3175,3.7969],[-76.3211,3.7991],[-76.3282,3.7975],[-76.3323,3.799],[-76.3385,3.796],[-76.3412,3.7975],[-76.3437,3.7965],[-76.3449,3.7973],[-76.3465,3.7962],[-76.3474,3.7971],[-76.3495,3.7971],[-76.3508,3.7988],[-76.354,3.7994],[-76.3591,3.7983],[-76.3616,3.7989],[-76.3633,3.7978],[-76.3645,3.7979],[-76.3679,3.8077],[-76.3693,3.8099],[-76.3724,3.8117],[-76.3723,3.8142],[-76.3761,3.8158],[-76.3795,3.8196],[-76.383,3.821],[-76.3828,3.8223],[-76.3799,3.825],[-76.3779,3.8295],[-76.3764,3.8297],[-76.3735,3.8276],[-76.3723,3.8284],[-76.3736,3.8322],[-76.3791,3.8382],[-76.3787,3.8398],[-76.3753,3.8415],[-76.375,3.8424],[-76.3783,3.843],[-76.3789,3.844],[-76.3739,3.8499],[-76.3727,3.8551],[-76.3688,3.8539],[-76.3663,3.8578],[-76.3651,3.8623],[-76.3663,3.8669],[-76.3659,3.869],[-76.3637,3.8706],[-76.3585,3.8711],[-76.3591,3.873],[-76.3645,3.8735],[-76.3655,3.8757],[-76.3638,3.8771],[-76.3575,3.8774],[-76.3556,3.8785],[-76.3551,3.8811],[-76.3566,3.8841],[-76.3557,3.8848],[-76.3521,3.8834],[-76.3498,3.8838],[-76.3496,3.8852],[-76.3524,3.8876],[-76.3473,3.893],[-76.3471,3.8958],[-76.3483,3.9001],[-76.3457,3.9027],[-76.3411,3.9036],[-76.3392,3.9049],[-76.3394,3.9075],[-76.3428,3.9093],[-76.3433,3.9111],[-76.3415,3.9126],[-76.3371,3.9129],[-76.3371,3.9142],[-76.3415,3.9142],[-76.3456,3.9112],[-76.3475,3.9122],[-76.3478,3.9142],[-76.343,3.9163],[-76.3399,3.9191],[-76.3296,3.9177],[-76.3285,3.9184],[-76.3293,3.9217],[-76.3322,3.9255],[-76.3341,3.9268],[-76.3382,3.9275],[-76.3396,3.9287],[-76.3397,3.9298],[-76.339,3.9307],[-76.3288,3.932],[-76.327,3.933],[-76.3276,3.9356],[-76.333,3.9411],[-76.3318,3.9427],[-76.3279,3.9422],[-76.3221,3.9379],[-76.3206,3.938],[-76.3237,3.9437],[-76.3276,3.9463],[-76.3288,3.9488],[-76.3272,3.954],[-76.3252,3.9571],[-76.3196,3.9597],[-76.3187,3.9609],[-76.3201,3.9628],[-76.3259,3.9651],[-76.323,3.9718],[-76.3251,3.9759],[-76.3237,3.9764],[-76.3205,3.9749],[-76.3201,3.9762],[-76.3211,3.9791],[-76.3236,3.9817],[-76.324,3.9832],[-76.3227,3.9839],[-76.3201,3.9833],[-76.3174,3.9797],[-76.3156,3.979],[-76.3102,3.9866],[-76.311,3.9894],[-76.3132,3.9908],[-76.3179,3.9915],[-76.3236,3.9889],[-76.325,3.9892],[-76.3251,3.9902],[-76.3205,3.9927],[-76.3186,3.9985],[-76.3179,3.9979],[-76.3179,3.9942],[-76.3161,3.9928]]]}},{"type":"Feature","properties":{"code":"76113","name":"BUGALAGRANDE","aro":"CENTRO","area_km2":396.8,"nivel":"NARANJA","razon":"Pronóstico IDEAM vigente: lluvia por debajo de lo normal y temperatura por encima.","hidro":"El Placer río Bugalagrande 93% del histórico.","station":"","foco":false,"sist":22,"pob":9564,"q":111.5,"P1":0,"P2":9,"P3":13,"pobP12":2364,"P1_clima":10,"P2_clima":10,"P3_clima":0,"SIN_DATO_clima":0,"sist_geo":20,"alta_exp":10,"media_exp":10,"menor_exp":0,"sin_dato_exp":0,"pct_alta":50.0,"indice_municipal":2.5,"presion_municipal":"IMPORTANTE","prioridad_diag":"Seguimiento reforzado","regla_presion_municipal":"Alta >=60% sistemas en alta exposición; Importante 40-<60%; Moderada 20-<40%; Referencia <20%."},"geometry":{"type":"Polygon","coordinates":[[[-76.1513,4.3053],[-76.1441,4.2994],[-76.1394,4.2888],[-76.1236,4.2752],[-76.1201,4.2746],[-76.1173,4.2725],[-76.1162,4.2698],[-76.1121,4.2677],[-76.1106,4.2642],[-76.111,4.2616],[-76.1096,4.2623],[-76.1087,4.2604],[-76.1075,4.2602],[-76.1074,4.2581],[-76.1055,4.2558],[-76.1047,4.2525],[-76.1034,4.2529],[-76.101,4.2521],[-76.1002,4.2504],[-76.098,4.2507],[-76.0977,4.2492],[-76.0961,4.2493],[-76.0942,4.2466],[-76.0928,4.2466],[-76.0927,4.2454],[-76.0887,4.2467],[-76.0843,4.244],[-76.0829,4.2445],[-76.0816,4.2439],[-76.0804,4.2448],[-76.0805,4.2468],[-76.079,4.2478],[-76.0757,4.2478],[-76.0736,4.2491],[-76.0711,4.2493],[-76.0706,4.2501],[-76.0689,4.2497],[-76.0643,4.2532],[-76.0593,4.2529],[-76.0551,4.2506],[-76.0544,4.2531],[-76.0515,4.2547],[-76.0434,4.2534],[-76.0424,4.2545],[-76.0393,4.2542],[-76.0371,4.2563],[-76.0352,4.2546],[-76.0371,4.2536],[-76.0377,4.2512],[-76.0342,4.2493],[-76.034,4.2472],[-76.0307,4.2472],[-76.0303,4.2459],[-76.0259,4.2466],[-76.0253,4.2449],[-76.0246,4.2465],[-76.0235,4.2464],[-76.0239,4.2447],[-76.02,4.2434],[-76.0175,4.2409],[-76.0172,4.2384],[-76.0158,4.2393],[-76.0141,4.2377],[-76.0131,4.2388],[-76.0131,4.2378],[-76.0119,4.2383],[-76.0123,4.2372],[-76.0112,4.2371],[-76.0111,4.2363],[-76.0099,4.2378],[-76.0095,4.2362],[-76.0072,4.234],[-76.0065,4.2346],[-76.0033,4.234],[-76.0029,4.2324],[-76.0036,4.2315],[-76.0029,4.2294],[-76.0003,4.2297],[-75.9998,4.2281],[-75.9976,4.2289],[-75.9972,4.2277],[-75.9949,4.2275],[-75.9929,4.2255],[-75.9917,4.2267],[-75.9889,4.225],[-75.9897,4.2247],[-75.9875,4.2233],[-75.9874,4.2218],[-75.9864,4.221],[-75.9847,4.2207],[-75.9832,4.2213],[-75.9825,4.2205],[-75.9815,4.2212],[-75.9795,4.2196],[-75.9787,4.2208],[-75.9758,4.2205],[-75.9742,4.2185],[-75.9741,4.2163],[-75.973,4.2164],[-75.9704,4.2137],[-75.9712,4.2127],[-75.9697,4.2125],[-75.9691,4.2115],[-75.9713,4.2081],[-75.9718,4.2051],[-75.9678,4.2003],[-75.9675,4.1982],[-75.9657,4.1971],[-75.9657,4.1918],[-75.9612,4.1898],[-75.9598,4.1866],[-75.958,4.1858],[-75.9591,4.1826],[-75.9588,4.1808],[-75.9563,4.1776],[-75.9544,4.1764],[-75.956,4.1729],[-75.9553,4.1694],[-75.9569,4.1694],[-75.9575,4.1673],[-75.9589,4.1659],[-75.9604,4.1669],[-75.9612,4.1666],[-75.9638,4.1595],[-75.9663,4.1584],[-75.9666,4.1566],[-75.9693,4.157],[-75.9699,4.1551],[-75.9719,4.1536],[-75.9716,4.152],[-75.9739,4.1519],[-75.9728,4.1508],[-75.9739,4.1494],[-75.9728,4.1486],[-75.9748,4.1452],[-75.9768,4.1446],[-75.9761,4.1431],[-75.9826,4.1333],[-75.9833,4.1314],[-75.9819,4.1289],[-75.9837,4.1244],[-75.9865,4.1208],[-75.9867,4.116],[-75.9936,4.114],[-75.9925,4.11],[-75.9954,4.1066],[-76.0002,4.1041],[-76.001,4.102],[-76.0045,4.1029],[-76.0074,4.1017],[-76.0078,4.1031],[-76.0104,4.1036],[-76.0109,4.1048],[-76.0132,4.1023],[-76.0149,4.1034],[-76.0163,4.1014],[-76.0186,4.1003],[-76.0216,4.1005],[-76.0235,4.0986],[-76.0243,4.0988],[-76.0246,4.1007],[-76.0258,4.1009],[-76.0281,4.0998],[-76.0325,4.0948],[-76.0346,4.0958],[-76.0372,4.0946],[-76.0407,4.0952],[-76.0482,4.0936],[-76.0494,4.0923],[-76.0518,4.0946],[-76.0519,4.0926],[-76.0529,4.0912],[-76.0545,4.0916],[-76.0553,4.0899],[-76.067,4.0838],[-76.0682,4.0858],[-76.0696,4.0863],[-76.0703,4.088],[-76.0765,4.091],[-76.0761,4.0934],[-76.0817,4.0968],[-76.0818,4.0991],[-76.0837,4.1013],[-76.0824,4.103],[-76.0839,4.104],[-76.0838,4.1071],[-76.0866,4.1084],[-76.0905,4.1069],[-76.0923,4.1132],[-76.0992,4.1169],[-76.1029,4.1201],[-76.1105,4.1229],[-76.1134,4.1286],[-76.1156,4.1352],[-76.1243,4.1409],[-76.1253,4.1435],[-76.1274,4.1459],[-76.1308,4.1476],[-76.1319,4.1509],[-76.1345,4.1509],[-76.1367,4.1524],[-76.1388,4.1564],[-76.1398,4.1634],[-76.1395,4.1689],[-76.1454,4.1753],[-76.1501,4.182],[-76.1531,4.1835],[-76.1571,4.1835],[-76.1589,4.1854],[-76.1614,4.1856],[-76.1673,4.1902],[-76.1683,4.1878],[-76.175,4.1911],[-76.1872,4.1919],[-76.1953,4.1951],[-76.208,4.1956],[-76.2163,4.2006],[-76.2193,4.2039],[-76.22,4.2037],[-76.2207,4.2045],[-76.22,4.2078],[-76.222,4.2098],[-76.222,4.211],[-76.2239,4.2107],[-76.224,4.2114],[-76.2257,4.2118],[-76.2252,4.2165],[-76.2268,4.2174],[-76.2313,4.2161],[-76.235,4.214],[-76.2351,4.22],[-76.2375,4.2267],[-76.2371,4.2291],[-76.236,4.2305],[-76.234,4.2312],[-76.2258,4.2315],[-76.2245,4.2334],[-76.225,4.2364],[-76.2283,4.2393],[-76.229,4.2408],[-76.2276,4.2437],[-76.2277,4.2476],[-76.2264,4.2481],[-76.2247,4.247],[-76.2213,4.2469],[-76.2158,4.2498],[-76.2106,4.2473],[-76.2101,4.2479],[-76.2133,4.2585],[-76.209,4.2655],[-76.2034,4.2702],[-76.2026,4.2728],[-76.2084,4.2789],[-76.2,4.2818],[-76.1979,4.2848],[-76.198,4.2864],[-76.1998,4.2891],[-76.2028,4.2898],[-76.2066,4.2887],[-76.207,4.2905],[-76.2055,4.2912],[-76.1942,4.2914],[-76.1919,4.2926],[-76.1893,4.2968],[-76.1848,4.2977],[-76.1843,4.2985],[-76.1851,4.2996],[-76.1884,4.3011],[-76.1887,4.3038],[-76.1873,4.3054],[-76.1821,4.3079],[-76.1792,4.3153],[-76.1775,4.3144],[-76.1759,4.3113],[-76.1757,4.3026],[-76.174,4.3031],[-76.1729,4.3045],[-76.1727,4.3113],[-76.1736,4.3149],[-76.1714,4.3174],[-76.1608,4.3099],[-76.1513,4.3053]]]}},{"type":"Feature","properties":{"code":"76122","name":"CAICEDONIA","aro":"NORTE","area_km2":167.0,"nivel":"NARANJA","razon":"Pronóstico IDEAM vigente: lluvia por debajo de lo normal y temperatura por encima.","hidro":"","station":"","foco":false,"sist":22,"pob":3700,"q":36.9,"P1":0,"P2":19,"P3":3,"pobP12":3000,"P1_clima":21,"P2_clima":2,"P3_clima":0,"SIN_DATO_clima":0,"sist_geo":23,"alta_exp":21,"media_exp":2,"menor_exp":0,"sin_dato_exp":0,"pct_alta":91.3,"indice_municipal":2.913,"presion_municipal":"ALTA","prioridad_diag":"Diagnóstico prioritario","regla_presion_municipal":"Alta >=60% sistemas en alta exposición; Importante 40-<60%; Moderada 20-<40%; Referencia <20%."},"geometry":{"type":"Polygon","coordinates":[[[-75.8539,4.4115],[-75.8552,4.4095],[-75.8549,4.408],[-75.85,4.4084],[-75.8494,4.4055],[-75.8482,4.4043],[-75.8444,4.4052],[-75.8408,4.4017],[-75.8357,4.4004],[-75.8349,4.4004],[-75.8325,4.404],[-75.8282,4.4074],[-75.8243,4.4058],[-75.8195,4.4019],[-75.8133,4.4045],[-75.812,4.4043],[-75.811,4.4032],[-75.8112,4.4016],[-75.81,4.3985],[-75.8077,4.3983],[-75.8062,4.3968],[-75.8031,4.3961],[-75.8011,4.3906],[-75.8016,4.3875],[-75.805,4.3844],[-75.8027,4.373],[-75.8038,4.3689],[-75.7986,4.3649],[-75.7982,4.3634],[-75.7935,4.3585],[-75.7935,4.3551],[-75.7911,4.3543],[-75.7898,4.3526],[-75.7899,4.3503],[-75.7918,4.3478],[-75.792,4.3447],[-75.7937,4.3414],[-75.7914,4.3342],[-75.7923,4.3306],[-75.7939,4.329],[-75.7965,4.3228],[-75.7951,4.3181],[-75.7968,4.3163],[-75.7972,4.3131],[-75.7947,4.31],[-75.7956,4.3077],[-75.7943,4.3072],[-75.7948,4.3041],[-75.7897,4.3009],[-75.7891,4.2969],[-75.7873,4.2946],[-75.7875,4.293],[-75.7895,4.2901],[-75.7897,4.2872],[-75.793,4.2856],[-75.7947,4.2757],[-75.7972,4.2739],[-75.796,4.2721],[-75.7964,4.2689],[-75.7981,4.2671],[-75.7988,4.2635],[-75.8072,4.2567],[-75.8102,4.2494],[-75.8106,4.2462],[-75.8141,4.2413],[-75.8151,4.2409],[-75.8179,4.2346],[-75.8239,4.226],[-75.8246,4.2223],[-75.8244,4.2154],[-75.8313,4.2121],[-75.8333,4.2077],[-75.8367,4.2041],[-75.8371,4.2013],[-75.8397,4.199],[-75.8406,4.1998],[-75.8515,4.2006],[-75.8553,4.2029],[-75.8606,4.2085],[-75.8618,4.2141],[-75.8639,4.2187],[-75.8635,4.2223],[-75.8596,4.2285],[-75.8598,4.2313],[-75.8584,4.2343],[-75.8583,4.2372],[-75.8557,4.2392],[-75.8592,4.2428],[-75.8613,4.2467],[-75.8648,4.2494],[-75.87,4.2553],[-75.8712,4.2578],[-75.872,4.2574],[-75.8736,4.2587],[-75.8782,4.2663],[-75.8826,4.267],[-75.8866,4.2707],[-75.8866,4.2743],[-75.8879,4.2763],[-75.8879,4.2787],[-75.8894,4.28],[-75.8888,4.2817],[-75.8904,4.284],[-75.8902,4.2882],[-75.8918,4.2904],[-75.8917,4.2922],[-75.8943,4.2943],[-75.8936,4.2983],[-75.8923,4.3002],[-75.8899,4.3012],[-75.8903,4.302],[-75.8884,4.3039],[-75.8846,4.3064],[-75.8855,4.309],[-75.8834,4.3104],[-75.8806,4.3142],[-75.88,4.3182],[-75.8787,4.3204],[-75.8792,4.3215],[-75.8758,4.3236],[-75.8758,4.3253],[-75.8743,4.3252],[-75.8735,4.3274],[-75.8722,4.3269],[-75.8715,4.3317],[-75.8689,4.3336],[-75.8696,4.3349],[-75.8689,4.3384],[-75.8682,4.3389],[-75.8684,4.3401],[-75.8669,4.3404],[-75.8663,4.343],[-75.8647,4.3451],[-75.8656,4.3459],[-75.8655,4.3494],[-75.8634,4.3528],[-75.8623,4.3531],[-75.8629,4.3544],[-75.8619,4.3565],[-75.8609,4.3568],[-75.8609,4.3588],[-75.8594,4.3601],[-75.8579,4.3601],[-75.8574,4.3611],[-75.8564,4.3604],[-75.8558,4.3629],[-75.8548,4.3635],[-75.8558,4.3669],[-75.8574,4.3667],[-75.8565,4.3677],[-75.8573,4.3697],[-75.8568,4.3707],[-75.859,4.3751],[-75.8567,4.3794],[-75.8574,4.3814],[-75.8567,4.3836],[-75.8573,4.3881],[-75.859,4.3877],[-75.8606,4.3897],[-75.8587,4.3911],[-75.8613,4.3931],[-75.8621,4.3955],[-75.8641,4.3961],[-75.8633,4.3975],[-75.8649,4.3973],[-75.8678,4.3988],[-75.8669,4.4003],[-75.8685,4.4002],[-75.8687,4.4012],[-75.8674,4.4033],[-75.87,4.4046],[-75.8689,4.4059],[-75.8655,4.4063],[-75.8665,4.4081],[-75.866,4.4101],[-75.8675,4.4106],[-75.8659,4.4118],[-75.864,4.4114],[-75.8574,4.4153],[-75.8549,4.4137],[-75.8539,4.4115]]]}},{"type":"Feature","properties":{"code":"76126","name":"CALIMA","aro":"CENTRO","area_km2":793.5,"nivel":"PENDIENTE","razon":"","hidro":"","station":"","foco":false,"sist":32,"pob":6372,"q":59.4,"P1":0,"P2":0,"P3":32,"pobP12":0,"P1_clima":8,"P2_clima":19,"P3_clima":1,"SIN_DATO_clima":0,"sist_geo":28,"alta_exp":8,"media_exp":19,"menor_exp":1,"sin_dato_exp":0,"pct_alta":28.6,"indice_municipal":2.25,"presion_municipal":"MODERADA","prioridad_diag":"Seguimiento preventivo","regla_presion_municipal":"Alta >=60% sistemas en alta exposición; Importante 40-<60%; Moderada 20-<40%; Referencia <20%."},"geometry":{"type":"Polygon","coordinates":[[[-76.5233,4.0678],[-76.5144,4.066],[-76.5093,4.0629],[-76.5047,4.0638],[-76.5008,4.0626],[-76.4989,4.0638],[-76.4983,4.0618],[-76.4952,4.0595],[-76.4931,4.0561],[-76.478,4.0527],[-76.4703,4.0538],[-76.4669,4.0509],[-76.4634,4.0495],[-76.4612,4.0496],[-76.4595,4.048],[-76.4553,4.0498],[-76.4538,4.0497],[-76.4531,4.0475],[-76.4481,4.0468],[-76.4467,4.0447],[-76.441,4.0493],[-76.435,4.0527],[-76.4298,4.0483],[-76.4261,4.0482],[-76.422,4.0465],[-76.4193,4.048],[-76.4182,4.0511],[-76.4162,4.0534],[-76.4115,4.0556],[-76.4091,4.0553],[-76.4081,4.0543],[-76.408,4.051],[-76.4069,4.049],[-76.4097,4.044],[-76.408,4.0328],[-76.4099,4.0288],[-76.4096,4.0267],[-76.4113,4.025],[-76.4109,4.0239],[-76.4122,4.0218],[-76.4126,4.0178],[-76.4138,4.0164],[-76.4142,4.0143],[-76.4159,4.0139],[-76.417,4.0121],[-76.4149,4.0085],[-76.4165,4.0053],[-76.4168,4.0005],[-76.4148,3.9993],[-76.4167,3.993],[-76.4172,3.9918],[-76.4183,3.9916],[-76.4187,3.9894],[-76.4138,3.9846],[-76.4065,3.9866],[-76.4022,3.9855],[-76.4022,3.9827],[-76.4011,3.9791],[-76.3968,3.9762],[-76.4022,3.9756],[-76.4131,3.9675],[-76.4213,3.9557],[-76.4237,3.9499],[-76.4251,3.9492],[-76.4236,3.9428],[-76.4264,3.9411],[-76.4268,3.9376],[-76.4296,3.9359],[-76.4343,3.9284],[-76.4466,3.9177],[-76.4483,3.9113],[-76.4482,3.909],[-76.4471,3.9067],[-76.4477,3.9032],[-76.4562,3.8891],[-76.4568,3.8805],[-76.4614,3.8768],[-76.4601,3.8753],[-76.4607,3.876],[-76.4611,3.8755],[-76.4596,3.8743],[-76.459,3.8707],[-76.4594,3.8671],[-76.4605,3.8651],[-76.4626,3.8662],[-76.4658,3.8665],[-76.4703,3.8639],[-76.4749,3.8645],[-76.484,3.8679],[-76.4895,3.8681],[-76.4924,3.8689],[-76.4947,3.871],[-76.5035,3.8756],[-76.5092,3.8774],[-76.5238,3.8657],[-76.5269,3.8656],[-76.529,3.8637],[-76.5365,3.8625],[-76.5397,3.8608],[-76.5438,3.8562],[-76.5603,3.8483],[-76.5673,3.8499],[-76.576,3.8478],[-76.5826,3.8561],[-76.5929,3.8631],[-76.6078,3.8639],[-76.6162,3.8603],[-76.6211,3.8595],[-76.6308,3.8519],[-76.633,3.8489],[-76.6344,3.8491],[-76.6378,3.846],[-76.6405,3.8461],[-76.6438,3.8439],[-76.6461,3.8447],[-76.6502,3.8488],[-76.6535,3.8493],[-76.6627,3.856],[-76.6665,3.8616],[-76.6758,3.8622],[-76.6785,3.8605],[-76.6846,3.864],[-76.6878,3.8615],[-76.6909,3.8616],[-76.6935,3.8588],[-76.6959,3.8576],[-76.6968,3.8558],[-76.7031,3.8517],[-76.7079,3.8466],[-76.7138,3.8422],[-76.7268,3.849],[-76.7284,3.8518],[-76.7304,3.8518],[-76.7327,3.8504],[-76.7457,3.8575],[-76.7624,3.8596],[-76.7655,3.8613],[-76.7687,3.8612],[-76.7699,3.8623],[-76.7786,3.8622],[-76.7843,3.8634],[-76.7864,3.8646],[-76.7872,3.8693],[-76.7892,3.871],[-76.7894,3.8727],[-76.7906,3.874],[-76.7931,3.8757],[-76.7982,3.877],[-76.7996,3.8782],[-76.8068,3.8767],[-76.8128,3.8767],[-76.815,3.8754],[-76.8884,3.9929],[-76.8838,3.9986],[-76.8815,3.9999],[-76.876,4.0004],[-76.8679,4.0072],[-76.8638,4.0127],[-76.8603,4.0147],[-76.8594,4.0189],[-76.861,4.0264],[-76.8609,4.028],[-76.8595,4.0298],[-76.8568,4.0315],[-76.8541,4.0319],[-76.8535,4.035],[-76.8507,4.0373],[-76.847,4.036],[-76.8449,4.037],[-76.8427,4.0364],[-76.8415,4.0375],[-76.8396,4.0363],[-76.8291,4.0352],[-76.8274,4.0327],[-76.8261,4.0321],[-76.825,4.0329],[-76.8233,4.0325],[-76.824,4.031],[-76.8227,4.0302],[-76.8243,4.0283],[-76.823,4.0266],[-76.8249,4.0256],[-76.8255,4.0217],[-76.8225,4.0188],[-76.822,4.0145],[-76.8206,4.0113],[-76.8167,4.0098],[-76.8153,4.007],[-76.8128,4.0069],[-76.8099,4.0051],[-76.8038,4.0072],[-76.8013,4.0066],[-76.799,4.0095],[-76.7972,4.0099],[-76.7964,4.0111],[-76.7942,4.0114],[-76.7917,4.0076],[-76.7872,4.0036],[-76.7823,4.002],[-76.7749,3.9972],[-76.7677,3.9887],[-76.7595,3.9935],[-76.7565,3.9916],[-76.7528,3.9923],[-76.7503,3.9918],[-76.7472,3.9851],[-76.7459,3.9842],[-76.7427,3.9848],[-76.741,3.9834],[-76.7358,3.9818],[-76.7223,3.9818],[-76.7197,3.9811],[-76.7171,3.9817],[-76.7128,3.9811],[-76.7083,3.9792],[-76.7014,3.9787],[-76.6993,3.9772],[-76.6974,3.9732],[-76.6943,3.9712],[-76.6925,3.9688],[-76.6833,3.9649],[-76.6806,3.9657],[-76.6755,3.9717],[-76.6624,3.9775],[-76.6598,3.9821],[-76.6556,3.9854],[-76.6538,3.9915],[-76.65,3.9967],[-76.634,4.007],[-76.6283,4.0128],[-76.6246,4.0149],[-76.6196,4.0113],[-76.6117,4.0077],[-76.6036,4.0011],[-76.6014,4.0007],[-76.5989,4.0025],[-76.5971,4.0025],[-76.5946,4.0005],[-76.5894,3.9941],[-76.5879,3.9861],[-76.5879,3.9803],[-76.5938,3.9723],[-76.5916,3.9701],[-76.5903,3.9701],[-76.5863,3.9728],[-76.5824,3.9785],[-76.5785,3.9787],[-76.5741,3.9846],[-76.5723,3.9858],[-76.5645,3.9876],[-76.5593,3.9911],[-76.5577,3.9963],[-76.5601,4.0063],[-76.5591,4.0088],[-76.5493,4.0119],[-76.5478,4.011],[-76.5435,4.0112],[-76.5381,4.0151],[-76.5373,4.0162],[-76.5375,4.0178],[-76.5419,4.0249],[-76.5417,4.0278],[-76.5403,4.0301],[-76.5419,4.0353],[-76.5415,4.0437],[-76.5376,4.045],[-76.5358,4.0535],[-76.5308,4.0595],[-76.5253,4.0619],[-76.5244,4.0673],[-76.5233,4.0678]]]}},{"type":"Feature","properties":{"code":"76130","name":"CANDELARIA","aro":"SUR","area_km2":296.5,"nivel":"NARANJA","razon":"Pronóstico IDEAM vigente: lluvia por debajo de lo normal y temperatura por encima.","hidro":"","station":"","foco":false,"sist":0,"pob":0,"q":0,"P1":0,"P2":0,"P3":0,"pobP12":0,"P1_clima":0,"P2_clima":0,"P3_clima":0,"SIN_DATO_clima":0,"sist_geo":0,"alta_exp":0,"media_exp":0,"menor_exp":0,"sin_dato_exp":0,"pct_alta":null,"indice_municipal":null,"presion_municipal":"SIN_DATO","prioridad_diag":"Sin sistemas georreferenciados","regla_presion_municipal":"Alta >=60% sistemas en alta exposición; Importante 40-<60%; Moderada 20-<40%; Referencia <20%."},"geometry":{"type":"Polygon","coordinates":[[[-76.3046,3.4713],[-76.3017,3.4709],[-76.3013,3.4696],[-76.2987,3.4703],[-76.2985,3.4725],[-76.2975,3.4726],[-76.2976,3.4716],[-76.2973,3.4725],[-76.2934,3.4708],[-76.2906,3.4714],[-76.2891,3.47],[-76.2867,3.4711],[-76.2858,3.4704],[-76.2851,3.4715],[-76.2834,3.47],[-76.2832,3.4686],[-76.2811,3.4702],[-76.3159,3.4089],[-76.317,3.4032],[-76.315,3.4021],[-76.3183,3.393],[-76.3181,3.3889],[-76.3215,3.392],[-76.325,3.3913],[-76.3329,3.3919],[-76.3317,3.3889],[-76.3328,3.3865],[-76.3309,3.3856],[-76.3299,3.3837],[-76.3225,3.3804],[-76.32,3.3777],[-76.314,3.3788],[-76.3138,3.3772],[-76.3121,3.375],[-76.3126,3.3739],[-76.3111,3.3689],[-76.3066,3.3709],[-76.3044,3.3687],[-76.3043,3.3673],[-76.3001,3.3662],[-76.303,3.3607],[-76.3063,3.35],[-76.3109,3.3512],[-76.3134,3.3426],[-76.3137,3.3405],[-76.3115,3.3394],[-76.3118,3.3354],[-76.3139,3.3295],[-76.3125,3.3265],[-76.314,3.3221],[-76.3135,3.3154],[-76.3177,3.3025],[-76.3191,3.3029],[-76.3216,3.3018],[-76.3233,3.3032],[-76.3264,3.3032],[-76.3275,3.3041],[-76.3309,3.3035],[-76.3328,3.3055],[-76.3361,3.307],[-76.3368,3.309],[-76.3387,3.3102],[-76.3382,3.311],[-76.3405,3.3128],[-76.3399,3.303],[-76.348,3.291],[-76.3415,3.2843],[-76.3434,3.2815],[-76.3441,3.2818],[-76.3436,3.2827],[-76.3457,3.2842],[-76.3529,3.2866],[-76.3562,3.2889],[-76.3593,3.2895],[-76.3621,3.2888],[-76.364,3.2873],[-76.3651,3.2879],[-76.367,3.2873],[-76.3713,3.2884],[-76.3731,3.2881],[-76.3742,3.2892],[-76.3753,3.2889],[-76.3802,3.2909],[-76.3889,3.292],[-76.3905,3.2936],[-76.3936,3.295],[-76.3999,3.2973],[-76.4058,3.2983],[-76.4076,3.3018],[-76.4141,3.305],[-76.4171,3.3102],[-76.4214,3.3124],[-76.4325,3.3129],[-76.4478,3.3171],[-76.4538,3.324],[-76.4561,3.3257],[-76.4571,3.3256],[-76.4562,3.3271],[-76.4571,3.3286],[-76.4604,3.3289],[-76.4603,3.3371],[-76.4638,3.3428],[-76.4624,3.3461],[-76.463,3.3511],[-76.4602,3.3564],[-76.4637,3.3589],[-76.4656,3.364],[-76.4657,3.3685],[-76.4681,3.3712],[-76.4714,3.378],[-76.469,3.3798],[-76.4661,3.3791],[-76.4659,3.3824],[-76.4633,3.3868],[-76.4647,3.391],[-76.4642,3.3968],[-76.4665,3.4006],[-76.467,3.403],[-76.4645,3.4063],[-76.4657,3.4094],[-76.4648,3.4126],[-76.4608,3.4162],[-76.4616,3.4209],[-76.4601,3.4284],[-76.4622,3.4376],[-76.4658,3.4405],[-76.4672,3.4402],[-76.4713,3.4421],[-76.4727,3.441],[-76.4748,3.4428],[-76.4753,3.4443],[-76.4745,3.4481],[-76.4758,3.4502],[-76.4758,3.4519],[-76.4727,3.4525],[-76.4697,3.4546],[-76.4674,3.4543],[-76.4672,3.4549],[-76.464,3.4557],[-76.4636,3.4549],[-76.4598,3.4564],[-76.4598,3.4553],[-76.4589,3.4553],[-76.4583,3.4566],[-76.457,3.4568],[-76.4532,3.456],[-76.45,3.4534],[-76.4496,3.4507],[-76.4415,3.4523],[-76.4353,3.452],[-76.4289,3.4584],[-76.4234,3.4578],[-76.4201,3.4593],[-76.4148,3.4583],[-76.4137,3.4554],[-76.4079,3.4557],[-76.3997,3.4539],[-76.3947,3.455],[-76.3892,3.452],[-76.3848,3.4531],[-76.3826,3.4519],[-76.3808,3.4521],[-76.3747,3.4504],[-76.3737,3.4551],[-76.372,3.4539],[-76.3682,3.4555],[-76.3608,3.457],[-76.3534,3.4563],[-76.3492,3.464],[-76.348,3.4623],[-76.3477,3.4641],[-76.3439,3.4622],[-76.3433,3.4611],[-76.3369,3.4598],[-76.3327,3.4571],[-76.3313,3.4577],[-76.3293,3.4571],[-76.3283,3.4586],[-76.3264,3.4579],[-76.3244,3.4595],[-76.3251,3.4608],[-76.3236,3.4613],[-76.3224,3.4602],[-76.3218,3.4613],[-76.3198,3.4602],[-76.3189,3.4617],[-76.3172,3.4615],[-76.3163,3.4638],[-76.3143,3.4652],[-76.3149,3.467],[-76.3106,3.4684],[-76.3089,3.4719],[-76.3069,3.4712],[-76.3065,3.472],[-76.3075,3.4725],[-76.3069,3.4728],[-76.3046,3.4713]]]}},{"type":"Feature","properties":{"code":"76147","name":"CARTAGO","aro":"NORTE","area_km2":248.2,"nivel":"NARANJA","razon":"Pronóstico IDEAM vigente: lluvia por debajo de lo normal y temperatura por encima.","hidro":"Río La Vieja en Cartago 46% del histórico.","station":"","foco":false,"sist":0,"pob":0,"q":0,"P1":0,"P2":0,"P3":0,"pobP12":0,"P1_clima":0,"P2_clima":0,"P3_clima":0,"SIN_DATO_clima":0,"sist_geo":0,"alta_exp":0,"media_exp":0,"menor_exp":0,"sin_dato_exp":0,"pct_alta":null,"indice_municipal":null,"presion_municipal":"SIN_DATO","prioridad_diag":"Sin sistemas georreferenciados","regla_presion_municipal":"Alta >=60% sistemas en alta exposición; Importante 40-<60%; Moderada 20-<40%; Referencia <20%."},"geometry":{"type":"Polygon","coordinates":[[[-75.9497,4.8],[-75.9442,4.7958],[-75.9417,4.7971],[-75.9376,4.801],[-75.9359,4.807],[-75.9306,4.8053],[-75.9314,4.8022],[-75.9295,4.8005],[-75.9275,4.8004],[-75.9236,4.8025],[-75.9205,4.7999],[-75.9208,4.7975],[-75.9175,4.7945],[-75.9188,4.7906],[-75.9211,4.7888],[-75.926,4.7891],[-75.928,4.787],[-75.928,4.7833],[-75.9249,4.783],[-75.9224,4.7814],[-75.9216,4.7781],[-75.9221,4.7775],[-75.9262,4.7797],[-75.9289,4.7792],[-75.9274,4.7761],[-75.9293,4.7687],[-75.9269,4.7675],[-75.9228,4.7704],[-75.9205,4.7698],[-75.9197,4.7681],[-75.9228,4.7657],[-75.9243,4.7636],[-75.9235,4.7606],[-75.9224,4.7598],[-75.9209,4.76],[-75.9152,4.7637],[-75.913,4.7609],[-75.9167,4.7576],[-75.9168,4.7565],[-75.9082,4.7521],[-75.9055,4.7524],[-75.9033,4.7551],[-75.8977,4.7588],[-75.8886,4.7547],[-75.885,4.7585],[-75.8807,4.7606],[-75.8785,4.7634],[-75.8781,4.7688],[-75.8755,4.7694],[-75.874,4.7669],[-75.8727,4.7668],[-75.8738,4.7715],[-75.8726,4.7746],[-75.871,4.7762],[-75.8696,4.7756],[-75.8697,4.7728],[-75.8625,4.7736],[-75.8597,4.7748],[-75.8556,4.778],[-75.8528,4.7788],[-75.8499,4.778],[-75.848,4.7765],[-75.8479,4.7735],[-75.8463,4.7715],[-75.847,4.7686],[-75.8452,4.7663],[-75.8447,4.7588],[-75.8467,4.7561],[-75.8463,4.7529],[-75.847,4.7502],[-75.8464,4.7485],[-75.8486,4.7385],[-75.8501,4.7367],[-75.8539,4.7343],[-75.8564,4.731],[-75.856,4.7237],[-75.8567,4.7218],[-75.8559,4.717],[-75.857,4.7089],[-75.853,4.7071],[-75.8527,4.6971],[-75.8506,4.6941],[-75.8503,4.6827],[-75.8446,4.6847],[-75.8393,4.6852],[-75.8351,4.6883],[-75.8275,4.6834],[-75.8266,4.6782],[-75.824,4.6774],[-75.8223,4.6718],[-75.8248,4.6663],[-75.8275,4.6635],[-75.8279,4.6577],[-75.8295,4.6563],[-75.8297,4.6541],[-75.8316,4.6506],[-75.8344,4.6487],[-75.8367,4.644],[-75.8408,4.6434],[-75.842,4.6417],[-75.8454,4.6406],[-75.8474,4.6389],[-75.8493,4.6349],[-75.8485,4.6302],[-75.8508,4.6289],[-75.8521,4.6268],[-75.8518,4.6241],[-75.8555,4.6212],[-75.8587,4.6165],[-75.8644,4.6151],[-75.8656,4.6128],[-75.874,4.6157],[-75.8743,4.6183],[-75.8734,4.6201],[-75.8719,4.6211],[-75.8708,4.6253],[-75.8735,4.6264],[-75.8754,4.6313],[-75.8834,4.634],[-75.8862,4.6366],[-75.9062,4.6383],[-75.9115,4.6398],[-75.9152,4.6454],[-75.9166,4.6451],[-75.9176,4.6465],[-75.9198,4.646],[-75.9206,4.6477],[-75.923,4.6479],[-75.9251,4.65],[-75.9276,4.6504],[-75.9291,4.6516],[-75.9317,4.651],[-75.9349,4.6548],[-75.9393,4.6544],[-75.9405,4.6555],[-75.9426,4.656],[-75.9464,4.6545],[-75.9528,4.6572],[-75.9617,4.6594],[-75.9673,4.6622],[-75.9724,4.6675],[-76.0166,4.666],[-76.0152,4.6708],[-76.0159,4.677],[-76.0151,4.6835],[-76.0166,4.6891],[-76.0156,4.6996],[-76.0081,4.7074],[-76.0072,4.7145],[-76.006,4.7165],[-75.996,4.7233],[-75.9903,4.7245],[-75.9917,4.731],[-75.9962,4.7356],[-75.9948,4.7386],[-75.9862,4.7438],[-75.9799,4.7427],[-75.9785,4.7433],[-75.9782,4.7451],[-75.9792,4.7484],[-75.9846,4.7553],[-75.9845,4.7596],[-75.9784,4.7618],[-75.9701,4.7629],[-75.9687,4.7639],[-75.9672,4.7671],[-75.967,4.7746],[-75.9704,4.7763],[-75.9728,4.7792],[-75.9734,4.7816],[-75.9724,4.7845],[-75.9717,4.7853],[-75.9701,4.7852],[-75.9583,4.7813],[-75.9544,4.7819],[-75.9542,4.7842],[-75.9567,4.7904],[-75.9624,4.7962],[-75.9637,4.7985],[-75.964,4.8009],[-75.9613,4.8062],[-75.9575,4.8074],[-75.9525,4.8072],[-75.9497,4.8]]]}},{"type":"Feature","properties":{"code":"76243","name":"EL ÁGUILA","aro":"NORTE","area_km2":187.8,"nivel":"NARANJA","razon":"Pronóstico IDEAM vigente: lluvia por debajo de lo normal y temperatura por encima.","hidro":"","station":"","foco":false,"sist":23,"pob":4780,"q":72.5,"P1":0,"P2":11,"P3":12,"pobP12":1108,"P1_clima":1,"P2_clima":13,"P3_clima":8,"SIN_DATO_clima":0,"sist_geo":22,"alta_exp":1,"media_exp":13,"menor_exp":8,"sin_dato_exp":0,"pct_alta":4.5,"indice_municipal":1.682,"presion_municipal":"REFERENCIA","prioridad_diag":"Monitoreo de referencia","regla_presion_municipal":"Alta >=60% sistemas en alta exposición; Importante 40-<60%; Moderada 20-<40%; Referencia <20%."},"geometry":{"type":"Polygon","coordinates":[[[-76.0793,5.0447],[-76.0799,5.0411],[-76.0784,5.0385],[-76.0784,5.0369],[-76.0742,5.033],[-76.0706,5.0268],[-76.0661,5.0229],[-76.0645,5.0158],[-76.0575,5.0137],[-76.0532,5.0084],[-76.0491,5.0072],[-76.0491,5.0018],[-76.0481,4.9986],[-76.0451,4.9966],[-76.0443,4.995],[-76.0459,4.9862],[-76.0425,4.9842],[-76.0417,4.9811],[-76.0388,4.9767],[-76.0351,4.968],[-76.0334,4.9672],[-76.0342,4.9651],[-76.0327,4.9623],[-76.0339,4.957],[-76.0301,4.9536],[-76.0308,4.9519],[-76.0301,4.95],[-76.0309,4.9491],[-76.0289,4.9435],[-76.0276,4.9429],[-76.0277,4.9386],[-76.0267,4.9375],[-76.0202,4.9358],[-76.0198,4.9345],[-76.0157,4.9309],[-76.0138,4.9311],[-76.0127,4.9295],[-76.0128,4.9275],[-76.0116,4.9263],[-76.0047,4.9218],[-76.002,4.9214],[-76.0011,4.9187],[-75.9995,4.9185],[-75.9984,4.9171],[-75.9953,4.9156],[-75.9941,4.9127],[-75.9888,4.9129],[-75.9876,4.9114],[-75.9857,4.9034],[-75.9867,4.8966],[-75.9887,4.8922],[-75.989,4.8878],[-75.9877,4.8862],[-75.9896,4.8831],[-75.9891,4.8811],[-76.0013,4.8818],[-76.0132,4.8874],[-76.0181,4.888],[-76.0229,4.8837],[-76.0235,4.8823],[-76.0226,4.8785],[-76.0195,4.8758],[-76.0186,4.8725],[-76.0158,4.871],[-76.0163,4.8687],[-76.0158,4.8668],[-76.0183,4.861],[-76.0175,4.8592],[-76.0158,4.8583],[-76.0145,4.8563],[-76.0495,4.8525],[-76.052,4.8539],[-76.058,4.8476],[-76.0593,4.8445],[-76.0619,4.8439],[-76.0622,4.8429],[-76.0637,4.8435],[-76.064,4.8422],[-76.0658,4.8422],[-76.0665,4.8402],[-76.0695,4.8394],[-76.0703,4.8374],[-76.0723,4.8376],[-76.076,4.8399],[-76.0779,4.839],[-76.0812,4.8396],[-76.0821,4.8391],[-76.0874,4.8408],[-76.0899,4.8407],[-76.092,4.8445],[-76.0948,4.8453],[-76.1014,4.8425],[-76.1025,4.8428],[-76.1077,4.8378],[-76.111,4.8383],[-76.1146,4.8371],[-76.1159,4.8336],[-76.1191,4.8294],[-76.1217,4.8292],[-76.129,4.8323],[-76.1296,4.8338],[-76.1347,4.838],[-76.1378,4.8436],[-76.1369,4.8495],[-76.1296,4.8561],[-76.1298,4.8603],[-76.1311,4.8635],[-76.1294,4.865],[-76.1288,4.8676],[-76.1254,4.8721],[-76.1267,4.874],[-76.1243,4.8758],[-76.1217,4.8759],[-76.1169,4.8811],[-76.1174,4.8858],[-76.1141,4.8904],[-76.1141,4.894],[-76.1242,4.9029],[-76.127,4.904],[-76.13,4.9072],[-76.1295,4.9095],[-76.1307,4.9108],[-76.1289,4.9137],[-76.12,4.912],[-76.1156,4.9134],[-76.1128,4.9153],[-76.1094,4.9145],[-76.1053,4.9156],[-76.1023,4.9153],[-76.0988,4.9183],[-76.0986,4.9231],[-76.0946,4.9302],[-76.0953,4.9355],[-76.0932,4.9374],[-76.0946,4.9413],[-76.0922,4.9425],[-76.0887,4.9461],[-76.0913,4.9494],[-76.0905,4.9515],[-76.0914,4.9554],[-76.0913,4.9593],[-76.0897,4.9614],[-76.091,4.9649],[-76.0896,4.9668],[-76.0903,4.9744],[-76.0915,4.9767],[-76.0902,4.9798],[-76.0916,4.9845],[-76.0947,4.9889],[-76.0986,4.9988],[-76.0972,5.005],[-76.0943,5.0109],[-76.0961,5.0193],[-76.0964,5.0244],[-76.0956,5.0271],[-76.0968,5.0318],[-76.0931,5.0369],[-76.0912,5.0429],[-76.0811,5.0453],[-76.0771,5.0474],[-76.0793,5.0447]]]}},{"type":"Feature","properties":{"code":"76246","name":"EL CAIRO","aro":"NORTE","area_km2":214.2,"nivel":"NARANJA","razon":"Pronóstico IDEAM vigente: lluvia por debajo de lo normal y temperatura por encima.","hidro":"","station":"","foco":false,"sist":19,"pob":2168,"q":67.4,"P1":0,"P2":12,"P3":7,"pobP12":1304,"P1_clima":0,"P2_clima":17,"P3_clima":1,"SIN_DATO_clima":0,"sist_geo":18,"alta_exp":0,"media_exp":17,"menor_exp":1,"sin_dato_exp":0,"pct_alta":0.0,"indice_municipal":1.944,"presion_municipal":"REFERENCIA","prioridad_diag":"Monitoreo de referencia","regla_presion_municipal":"Alta >=60% sistemas en alta exposición; Importante 40-<60%; Moderada 20-<40%; Referencia <20%."},"geometry":{"type":"Polygon","coordinates":[[[-76.1361,4.8362],[-76.1329,4.8339],[-76.1301,4.822],[-76.1277,4.8172],[-76.1337,4.8118],[-76.1339,4.8086],[-76.1382,4.8058],[-76.1377,4.801],[-76.1354,4.7975],[-76.1348,4.7933],[-76.1366,4.7918],[-76.141,4.7903],[-76.1433,4.7877],[-76.1464,4.7861],[-76.1475,4.7844],[-76.1477,4.7791],[-76.1514,4.7707],[-76.1494,4.7627],[-76.1482,4.7609],[-76.1483,4.755],[-76.1476,4.7532],[-76.1482,4.7492],[-76.1526,4.7427],[-76.1538,4.7426],[-76.1576,4.7393],[-76.1595,4.739],[-76.1593,4.7376],[-76.1602,4.7374],[-76.1608,4.7358],[-76.1636,4.7348],[-76.167,4.7317],[-76.1718,4.7288],[-76.1744,4.7257],[-76.1765,4.7247],[-76.1765,4.724],[-76.1794,4.7224],[-76.1788,4.7218],[-76.1794,4.719],[-76.1783,4.7184],[-76.178,4.7169],[-76.1792,4.7157],[-76.1789,4.7143],[-76.1801,4.7136],[-76.1788,4.7116],[-76.1797,4.7097],[-76.1786,4.7083],[-76.179,4.706],[-76.1808,4.7035],[-76.1805,4.7024],[-76.1834,4.7016],[-76.1826,4.7001],[-76.184,4.6993],[-76.1846,4.6978],[-76.1838,4.6974],[-76.1856,4.695],[-76.1853,4.6944],[-76.1863,4.694],[-76.194,4.6842],[-76.1949,4.6828],[-76.1945,4.6818],[-76.1985,4.6825],[-76.2017,4.6816],[-76.203,4.6802],[-76.2083,4.6774],[-76.2165,4.6772],[-76.2223,4.6741],[-76.2268,4.6757],[-76.2313,4.675],[-76.2439,4.6829],[-76.2516,4.6843],[-76.2635,4.6891],[-76.268,4.6917],[-76.2719,4.6922],[-76.2742,4.6935],[-76.2852,4.6929],[-76.2869,4.6937],[-76.2897,4.6975],[-76.2964,4.6979],[-76.2975,4.6986],[-76.2972,4.7],[-76.2951,4.7013],[-76.2886,4.7028],[-76.2857,4.7124],[-76.287,4.7133],[-76.2887,4.7166],[-76.2893,4.7213],[-76.2941,4.7288],[-76.2963,4.7297],[-76.2986,4.7346],[-76.3049,4.7394],[-76.3071,4.7424],[-76.3077,4.7472],[-76.3123,4.75],[-76.3121,4.7506],[-76.2999,4.7577],[-76.2938,4.7597],[-76.2869,4.7671],[-76.284,4.7687],[-76.2798,4.7686],[-76.278,4.7705],[-76.2762,4.771],[-76.2734,4.7753],[-76.2708,4.7774],[-76.2642,4.7878],[-76.2612,4.7945],[-76.2586,4.795],[-76.2543,4.7938],[-76.2475,4.794],[-76.2433,4.7954],[-76.2306,4.8021],[-76.2241,4.8106],[-76.2207,4.8211],[-76.2158,4.827],[-76.2115,4.8294],[-76.2069,4.8295],[-76.2021,4.8282],[-76.1921,4.8286],[-76.1841,4.8322],[-76.1764,4.8319],[-76.1608,4.8364],[-76.154,4.8362],[-76.145,4.8379],[-76.1394,4.8412],[-76.1361,4.8362]]]}},{"type":"Feature","properties":{"code":"76248","name":"EL CERRITO","aro":"CENTRO","area_km2":441.9,"nivel":"NARANJA","razon":"Pronóstico IDEAM vigente: lluvia por debajo de lo normal y temperatura por encima.","hidro":"","station":"","foco":false,"sist":14,"pob":31196,"q":101.7,"P1":0,"P2":4,"P3":10,"pobP12":1276,"P1_clima":4,"P2_clima":5,"P3_clima":6,"SIN_DATO_clima":0,"sist_geo":15,"alta_exp":4,"media_exp":5,"menor_exp":6,"sin_dato_exp":0,"pct_alta":26.7,"indice_municipal":1.867,"presion_municipal":"MODERADA","prioridad_diag":"Seguimiento preventivo","regla_presion_municipal":"Alta >=60% sistemas en alta exposición; Importante 40-<60%; Moderada 20-<40%; Referencia <20%."},"geometry":{"type":"Polygon","coordinates":[[[-76.061,3.7585],[-76.0582,3.7601],[-76.0519,3.7599],[-76.0492,3.7579],[-76.0441,3.7591],[-76.0413,3.756],[-76.04,3.752],[-76.0306,3.7456],[-76.0227,3.7478],[-76.0206,3.7503],[-76.0182,3.7476],[-76.0169,3.7473],[-76.0143,3.7485],[-76.0106,3.7517],[-76.0059,3.7516],[-76.0042,3.7523],[-75.9993,3.7562],[-75.9973,3.755],[-75.9954,3.7556],[-75.9936,3.7551],[-75.9881,3.7503],[-75.9854,3.7395],[-75.9773,3.7289],[-75.9771,3.7267],[-75.9747,3.7248],[-75.9743,3.7222],[-75.9692,3.7183],[-75.9659,3.7178],[-75.9636,3.7189],[-75.9626,3.7161],[-75.9579,3.7157],[-75.9556,3.7136],[-75.9582,3.7101],[-75.959,3.7069],[-75.9603,3.7057],[-75.9598,3.7044],[-75.9613,3.7036],[-75.964,3.7086],[-75.9669,3.711],[-75.9731,3.7136],[-75.9756,3.7158],[-75.9809,3.7179],[-75.9857,3.7174],[-75.993,3.7148],[-75.9973,3.7167],[-76.0073,3.7162],[-76.0166,3.7062],[-76.0251,3.7002],[-76.0269,3.696],[-76.0317,3.6923],[-76.036,3.6871],[-76.0372,3.6819],[-76.0386,3.6798],[-76.0421,3.6782],[-76.0461,3.6778],[-76.0486,3.6759],[-76.0501,3.6725],[-76.0537,3.6709],[-76.055,3.6664],[-76.0565,3.6646],[-76.0558,3.6628],[-76.0571,3.6617],[-76.0579,3.6599],[-76.0576,3.6588],[-76.0621,3.6585],[-76.0653,3.6567],[-76.0665,3.6541],[-76.0698,3.6508],[-76.0695,3.6476],[-76.0708,3.6464],[-76.0743,3.6454],[-76.0765,3.6421],[-76.0763,3.64],[-76.077,3.6387],[-76.0764,3.6374],[-76.0777,3.6367],[-76.0782,3.6337],[-76.0767,3.6311],[-76.0769,3.6289],[-76.0786,3.6279],[-76.0798,3.6296],[-76.0827,3.6295],[-76.0841,3.6252],[-76.088,3.6218],[-76.0904,3.6211],[-76.0941,3.6222],[-76.0958,3.621],[-76.1018,3.6199],[-76.1033,3.618],[-76.1041,3.6187],[-76.106,3.6178],[-76.108,3.6183],[-76.1095,3.6176],[-76.1106,3.6149],[-76.1136,3.6157],[-76.1149,3.6144],[-76.1167,3.6154],[-76.1228,3.6151],[-76.1238,3.6142],[-76.1258,3.6142],[-76.1275,3.6158],[-76.1319,3.6172],[-76.1389,3.6162],[-76.1409,3.6147],[-76.1446,3.6146],[-76.1463,3.6138],[-76.1477,3.6143],[-76.1493,3.6128],[-76.1538,3.6117],[-76.1659,3.6109],[-76.1714,3.6091],[-76.177,3.6117],[-76.1796,3.6163],[-76.1834,3.6164],[-76.1876,3.6177],[-76.1888,3.619],[-76.1912,3.6189],[-76.1944,3.6205],[-76.1981,3.6189],[-76.2,3.6198],[-76.2083,3.6208],[-76.2129,3.6197],[-76.2142,3.6206],[-76.2233,3.6215],[-76.2292,3.6198],[-76.2331,3.6209],[-76.2391,3.6207],[-76.2425,3.6216],[-76.2505,3.6201],[-76.2507,3.6172],[-76.2523,3.6182],[-76.2554,3.6144],[-76.2582,3.6136],[-76.2591,3.6124],[-76.2603,3.613],[-76.261,3.6111],[-76.2619,3.612],[-76.2639,3.6107],[-76.266,3.6113],[-76.2675,3.6097],[-76.2732,3.6089],[-76.2737,3.6077],[-76.2758,3.6071],[-76.2766,3.6052],[-76.2786,3.6068],[-76.2791,3.604],[-76.2809,3.6032],[-76.2839,3.6061],[-76.2845,3.6033],[-76.288,3.6045],[-76.2898,3.6039],[-76.2911,3.6055],[-76.2916,3.6036],[-76.2937,3.6029],[-76.2946,3.6039],[-76.2958,3.6038],[-76.2958,3.6056],[-76.2971,3.606],[-76.2988,3.6052],[-76.3001,3.607],[-76.3057,3.606],[-76.3059,3.609],[-76.3091,3.6101],[-76.3138,3.6083],[-76.3136,3.6106],[-76.3148,3.6113],[-76.318,3.6092],[-76.3192,3.6115],[-76.3207,3.6092],[-76.322,3.6103],[-76.3231,3.6089],[-76.325,3.6117],[-76.3263,3.6082],[-76.3277,3.6107],[-76.3292,3.6104],[-76.3319,3.613],[-76.3329,3.6114],[-76.3346,3.6117],[-76.3349,3.6135],[-76.3332,3.6145],[-76.3357,3.6153],[-76.337,3.6145],[-76.3392,3.6149],[-76.3383,3.6136],[-76.3407,3.611],[-76.3411,3.614],[-76.3419,3.6144],[-76.3427,3.6129],[-76.3428,3.6144],[-76.3442,3.6162],[-76.3452,3.6139],[-76.3463,3.6161],[-76.3473,3.6144],[-76.3484,3.616],[-76.3507,3.6162],[-76.351,3.618],[-76.3518,3.6185],[-76.355,3.6197],[-76.3567,3.6187],[-76.3564,3.6204],[-76.3571,3.6213],[-76.3603,3.6195],[-76.3608,3.6227],[-76.3627,3.622],[-76.3632,3.6231],[-76.3626,3.624],[-76.3649,3.6259],[-76.3651,3.6272],[-76.3684,3.628],[-76.3692,3.6291],[-76.3681,3.6298],[-76.3658,3.6289],[-76.366,3.6308],[-76.3685,3.6313],[-76.3677,3.6339],[-76.3686,3.6331],[-76.3706,3.6341],[-76.3708,3.6357],[-76.3722,3.6351],[-76.3715,3.6371],[-76.373,3.6372],[-76.3732,3.6381],[-76.3753,3.6372],[-76.3755,3.6386],[-76.3734,3.6403],[-76.3749,3.6406],[-76.3757,3.6439],[-76.3788,3.6471],[-76.3786,3.6488],[-76.3814,3.6494],[-76.3809,3.6519],[-76.3825,3.6519],[-76.3826,3.651],[-76.3835,3.651],[-76.3849,3.6495],[-76.3863,3.6499],[-76.3873,3.6516],[-76.3885,3.6487],[-76.3894,3.6498],[-76.3889,3.6507],[-76.3904,3.6504],[-76.3907,3.6528],[-76.3926,3.6538],[-76.3929,3.6523],[-76.3939,3.6534],[-76.3929,3.6551],[-76.3945,3.6552],[-76.3944,3.6562],[-76.3965,3.6566],[-76.3967,3.6586],[-76.3977,3.658],[-76.398,3.6593],[-76.3985,3.6582],[-76.4,3.6589],[-76.4002,3.6607],[-76.3989,3.6627],[-76.4014,3.6618],[-76.4022,3.6629],[-76.4042,3.6633],[-76.4044,3.6644],[-76.4062,3.6628],[-76.4081,3.6645],[-76.4093,3.6687],[-76.4105,3.6672],[-76.4122,3.6697],[-76.4115,3.6702],[-76.412,3.671],[-76.413,3.6712],[-76.4131,3.6702],[-76.4146,3.671],[-76.4146,3.6729],[-76.4126,3.6741],[-76.4131,3.6747],[-76.4148,3.6744],[-76.4141,3.6758],[-76.4146,3.6768],[-76.4159,3.6758],[-76.4181,3.6776],[-76.4184,3.6764],[-76.4203,3.6779],[-76.421,3.677],[-76.4223,3.6781],[-76.4252,3.6787],[-76.4239,3.6809],[-76.4229,3.6813],[-76.4211,3.6853],[-76.4229,3.687],[-76.4219,3.6883],[-76.4219,3.6903],[-76.4234,3.6908],[-76.4233,3.692],[-76.426,3.6949],[-76.4254,3.6974],[-76.424,3.6994],[-76.4196,3.7023],[-76.4194,3.7064],[-76.4168,3.7075],[-76.4131,3.7073],[-76.4123,3.7083],[-76.4124,3.72],[-76.4065,3.7239],[-76.4089,3.7273],[-76.4085,3.7312],[-76.4068,3.7345],[-76.4024,3.7372],[-76.4009,3.7401],[-76.4026,3.7466],[-76.4032,3.7583],[-76.4027,3.7592],[-76.399,3.7605],[-76.3975,3.7622],[-76.3961,3.7619],[-76.3941,3.76],[-76.3933,3.7579],[-76.39,3.756],[-76.3883,3.7524],[-76.3869,3.7465],[-76.3853,3.7453],[-76.3839,3.7407],[-76.3782,3.737],[-76.377,3.735],[-76.372,3.7335],[-76.3702,3.7314],[-76.368,3.7306],[-76.3648,3.732],[-76.3612,3.7307],[-76.3572,3.7288],[-76.3569,3.7274],[-76.3542,3.7263],[-76.3512,3.7233],[-76.3442,3.7217],[-76.3429,3.7193],[-76.3405,3.7182],[-76.3394,3.7187],[-76.3392,3.718],[-76.3382,3.7189],[-76.3385,3.7178],[-76.3377,3.7167],[-76.3351,3.717],[-76.3349,3.7158],[-76.3317,3.7149],[-76.331,3.7134],[-76.3284,3.7121],[-76.3284,3.7105],[-76.3266,3.7084],[-76.3249,3.7109],[-76.3233,3.7089],[-76.3219,3.7087],[-76.322,3.7078],[-76.3207,3.7074],[-76.3207,3.7067],[-76.3167,3.7071],[-76.3158,3.705],[-76.3134,3.7037],[-76.3132,3.7018],[-76.3142,3.7017],[-76.3135,3.7005],[-76.3126,3.7016],[-76.3115,3.7011],[-76.3097,3.703],[-76.3091,3.7016],[-76.3079,3.7026],[-76.3056,3.7028],[-76.3046,3.7022],[-76.3032,3.6992],[-76.3012,3.6992],[-76.2982,3.6977],[-76.2979,3.6989],[-76.2961,3.6993],[-76.2929,3.6978],[-76.2929,3.6963],[-76.292,3.6958],[-76.2867,3.6949],[-76.2853,3.6955],[-76.2822,3.6939],[-76.2778,3.6897],[-76.2748,3.6906],[-76.2736,3.69],[-76.2647,3.6909],[-76.263,3.6876],[-76.2603,3.6865],[-76.2577,3.6869],[-76.2555,3.6884],[-76.253,3.6865],[-76.2521,3.6871],[-76.2499,3.6856],[-76.2419,3.6866],[-76.2402,3.6882],[-76.2391,3.6878],[-76.2388,3.6886],[-76.2348,3.6886],[-76.233,3.6876],[-76.2312,3.6881],[-76.2302,3.6865],[-76.2267,3.685],[-76.2247,3.6823],[-76.2208,3.68],[-76.219,3.6772],[-76.2204,3.6746],[-76.2189,3.6691],[-76.2164,3.6682],[-76.2132,3.6657],[-76.2086,3.6651],[-76.2061,3.6632],[-76.205,3.6635],[-76.2012,3.6625],[-76.1942,3.6656],[-76.192,3.6689],[-76.1884,3.6767],[-76.1881,3.6875],[-76.1868,3.6911],[-76.1825,3.6943],[-76.1749,3.6941],[-76.1727,3.6947],[-76.1685,3.6978],[-76.1642,3.6971],[-76.1597,3.7007],[-76.1582,3.7009],[-76.1554,3.6991],[-76.1534,3.6994],[-76.1511,3.6987],[-76.1487,3.6994],[-76.1457,3.6985],[-76.1381,3.6934],[-76.1352,3.6942],[-76.124,3.6878],[-76.1223,3.6907],[-76.1174,3.6942],[-76.1151,3.6947],[-76.1163,3.7064],[-76.1143,3.7175],[-76.1125,3.7197],[-76.1109,3.7244],[-76.1082,3.727],[-76.1085,3.7307],[-76.1049,3.7358],[-76.1004,3.7456],[-76.0973,3.7486],[-76.0945,3.7539],[-76.092,3.7563],[-76.0912,3.7612],[-76.0893,3.7638],[-76.0855,3.7652],[-76.0824,3.7704],[-76.0765,3.7677],[-76.075,3.7647],[-76.061,3.7585]]]}},{"type":"Feature","properties":{"code":"76250","name":"EL DOVIO","aro":"NORTE","area_km2":236.2,"nivel":"NARANJA","razon":"Pronóstico IDEAM vigente: lluvia por debajo de lo normal y temperatura por encima.","hidro":"","station":"","foco":false,"sist":29,"pob":3040,"q":49.7,"P1":0,"P2":16,"P3":13,"pobP12":1416,"P1_clima":6,"P2_clima":17,"P3_clima":3,"SIN_DATO_clima":0,"sist_geo":26,"alta_exp":6,"media_exp":17,"menor_exp":3,"sin_dato_exp":0,"pct_alta":23.1,"indice_municipal":2.115,"presion_municipal":"MODERADA","prioridad_diag":"Seguimiento preventivo","regla_presion_municipal":"Alta >=60% sistemas en alta exposición; Importante 40-<60%; Moderada 20-<40%; Referencia <20%."},"geometry":{"type":"Polygon","coordinates":[[[-76.3029,4.6434],[-76.3047,4.6428],[-76.3034,4.6393],[-76.3045,4.6376],[-76.3035,4.6353],[-76.302,4.6353],[-76.3011,4.634],[-76.2978,4.6334],[-76.2958,4.6319],[-76.2948,4.6291],[-76.2962,4.6279],[-76.2968,4.6261],[-76.297,4.6216],[-76.2958,4.6195],[-76.2932,4.6186],[-76.2928,4.617],[-76.292,4.6171],[-76.2921,4.615],[-76.293,4.6137],[-76.2916,4.6126],[-76.2908,4.6107],[-76.2912,4.6076],[-76.2868,4.6051],[-76.2852,4.6021],[-76.2854,4.6004],[-76.2829,4.5967],[-76.2832,4.5946],[-76.2808,4.5937],[-76.2771,4.5894],[-76.2746,4.5886],[-76.2719,4.5827],[-76.2707,4.583],[-76.271,4.5872],[-76.27,4.5886],[-76.2704,4.5894],[-76.2675,4.5884],[-76.2684,4.5904],[-76.2681,4.5944],[-76.2665,4.5948],[-76.2655,4.5973],[-76.2639,4.597],[-76.2626,4.5988],[-76.2614,4.5983],[-76.2609,4.5998],[-76.259,4.6014],[-76.2561,4.6023],[-76.2553,4.6034],[-76.2558,4.6051],[-76.2523,4.6057],[-76.2513,4.6092],[-76.2503,4.6099],[-76.2495,4.6093],[-76.2481,4.6114],[-76.2453,4.611],[-76.2445,4.6143],[-76.2433,4.6131],[-76.242,4.614],[-76.2404,4.6119],[-76.2398,4.6097],[-76.2346,4.6066],[-76.2297,4.6076],[-76.2248,4.6062],[-76.2232,4.6069],[-76.2225,4.6061],[-76.2216,4.6024],[-76.2232,4.5988],[-76.2255,4.5966],[-76.2276,4.5928],[-76.2295,4.585],[-76.2345,4.5816],[-76.2362,4.5779],[-76.237,4.573],[-76.2403,4.5714],[-76.2422,4.5679],[-76.2448,4.566],[-76.2471,4.5604],[-76.2464,4.5601],[-76.2436,4.5612],[-76.2395,4.5599],[-76.2333,4.5631],[-76.2247,4.5638],[-76.2201,4.5578],[-76.2205,4.5552],[-76.2191,4.5509],[-76.2207,4.5452],[-76.2167,4.5256],[-76.2139,4.529],[-76.2114,4.5296],[-76.2108,4.5304],[-76.21,4.5301],[-76.2096,4.5308],[-76.2084,4.531],[-76.2074,4.5299],[-76.2074,4.5306],[-76.2064,4.5304],[-76.2058,4.5313],[-76.2054,4.5308],[-76.2027,4.5311],[-76.1995,4.5338],[-76.1974,4.5342],[-76.194,4.5379],[-76.1928,4.5411],[-76.19,4.543],[-76.1894,4.5456],[-76.187,4.5467],[-76.1819,4.5433],[-76.1795,4.5405],[-76.1763,4.5394],[-76.1747,4.5373],[-76.1729,4.5333],[-76.173,4.5282],[-76.172,4.5279],[-76.1709,4.5259],[-76.1685,4.5195],[-76.1689,4.5156],[-76.1663,4.5128],[-76.1686,4.5108],[-76.1689,4.5083],[-76.1759,4.5037],[-76.1797,4.5052],[-76.1827,4.508],[-76.1869,4.5091],[-76.1882,4.5084],[-76.1904,4.5114],[-76.1979,4.5121],[-76.2021,4.5134],[-76.2036,4.5153],[-76.2055,4.5155],[-76.2077,4.5124],[-76.2118,4.5088],[-76.2123,4.5068],[-76.2109,4.5066],[-76.2085,4.5021],[-76.2084,4.499],[-76.2094,4.4964],[-76.2122,4.4964],[-76.2143,4.4936],[-76.2139,4.4903],[-76.2155,4.4867],[-76.2152,4.4844],[-76.212,4.4802],[-76.2132,4.478],[-76.2112,4.4763],[-76.2112,4.4752],[-76.2125,4.4756],[-76.2139,4.4774],[-76.2152,4.4766],[-76.2152,4.4775],[-76.217,4.4754],[-76.2219,4.4724],[-76.2234,4.4701],[-76.2278,4.4687],[-76.2333,4.4709],[-76.239,4.4697],[-76.2424,4.4714],[-76.2447,4.4754],[-76.2471,4.4771],[-76.2504,4.478],[-76.2517,4.4797],[-76.2527,4.4788],[-76.2623,4.4792],[-76.2656,4.4819],[-76.268,4.4809],[-76.268,4.4863],[-76.275,4.4918],[-76.2776,4.4971],[-76.2791,4.4978],[-76.2853,4.4933],[-76.2915,4.4925],[-76.2957,4.4908],[-76.2983,4.491],[-76.2998,4.4876],[-76.3015,4.4872],[-76.3039,4.4881],[-76.3047,4.4867],[-76.3106,4.483],[-76.315,4.483],[-76.3154,4.4839],[-76.3169,4.4842],[-76.3189,4.4842],[-76.3204,4.4833],[-76.3229,4.4844],[-76.3271,4.4845],[-76.3288,4.4837],[-76.3316,4.4801],[-76.3356,4.483],[-76.3403,4.4826],[-76.3427,4.4838],[-76.3483,4.4897],[-76.3512,4.489],[-76.3549,4.4897],[-76.3568,4.4925],[-76.3632,4.4937],[-76.3649,4.4925],[-76.368,4.4934],[-76.3709,4.4958],[-76.3724,4.4971],[-76.3751,4.5031],[-76.3791,4.5086],[-76.3805,4.5117],[-76.3798,4.5146],[-76.3807,4.516],[-76.3838,4.5177],[-76.3861,4.5204],[-76.3905,4.522],[-76.3948,4.5294],[-76.3999,4.5336],[-76.4036,4.5345],[-76.4035,4.5355],[-76.4009,4.5376],[-76.3934,4.5413],[-76.3849,4.5467],[-76.384,4.5511],[-76.3841,4.5572],[-76.3813,4.5596],[-76.3747,4.5585],[-76.3679,4.5582],[-76.3655,4.5589],[-76.3633,4.557],[-76.3609,4.5563],[-76.3573,4.5585],[-76.3446,4.5618],[-76.3409,4.5672],[-76.3443,4.5713],[-76.3448,4.5763],[-76.343,4.5787],[-76.3436,4.5817],[-76.34,4.5831],[-76.3382,4.5828],[-76.3372,4.5843],[-76.3342,4.586],[-76.332,4.5893],[-76.3282,4.5987],[-76.3285,4.6021],[-76.3211,4.6049],[-76.3192,4.6083],[-76.3181,4.6129],[-76.32,4.6197],[-76.3134,4.6293],[-76.31,4.6302],[-76.3109,4.633],[-76.3104,4.6356],[-76.3058,4.6456],[-76.3024,4.6487],[-76.301,4.6542],[-76.3,4.652],[-76.3007,4.6478],[-76.3022,4.6464],[-76.3029,4.6434]]]}},{"type":"Feature","properties":{"code":"76275","name":"FLORIDA","aro":"SUR","area_km2":401.6,"nivel":"NARANJA","razon":"Pronóstico IDEAM vigente: lluvia por debajo de lo normal y temperatura por encima.","hidro":"","station":"","foco":false,"sist":10,"pob":7004,"q":38.5,"P1":0,"P2":6,"P3":4,"pobP12":2376,"P1_clima":1,"P2_clima":10,"P3_clima":0,"SIN_DATO_clima":0,"sist_geo":11,"alta_exp":1,"media_exp":10,"menor_exp":0,"sin_dato_exp":0,"pct_alta":9.1,"indice_municipal":2.091,"presion_municipal":"REFERENCIA","prioridad_diag":"Monitoreo de referencia","regla_presion_municipal":"Alta >=60% sistemas en alta exposición; Importante 40-<60%; Moderada 20-<40%; Referencia <20%."},"geometry":{"type":"Polygon","coordinates":[[[-76.0993,3.3878],[-76.088,3.3875],[-76.0859,3.3851],[-76.0858,3.3835],[-76.0838,3.3806],[-76.086,3.3752],[-76.0843,3.3708],[-76.0861,3.3683],[-76.0858,3.3665],[-76.0806,3.3644],[-76.078,3.3648],[-76.0761,3.366],[-76.0723,3.3648],[-76.0704,3.3616],[-76.0703,3.3558],[-76.0624,3.3552],[-76.0612,3.3545],[-76.0619,3.3517],[-76.0614,3.3505],[-76.0554,3.3484],[-76.0536,3.3424],[-76.0546,3.3402],[-76.0519,3.3357],[-76.0571,3.3276],[-76.0496,3.3239],[-76.048,3.3204],[-76.0449,3.3191],[-76.0415,3.3068],[-76.0378,3.301],[-76.0378,3.2997],[-76.0392,3.2981],[-76.0429,3.2965],[-76.0422,3.2935],[-76.0432,3.2883],[-76.0458,3.2884],[-76.048,3.2868],[-76.0484,3.2844],[-76.0505,3.282],[-76.0476,3.2725],[-76.048,3.2651],[-76.0446,3.2606],[-76.0408,3.2589],[-76.0408,3.2555],[-76.0386,3.2537],[-76.0386,3.2515],[-76.04,3.2477],[-76.0433,3.2466],[-76.0472,3.2428],[-76.0495,3.2421],[-76.0516,3.2392],[-76.055,3.2371],[-76.0559,3.2347],[-76.0593,3.2311],[-76.0586,3.2279],[-76.0569,3.2265],[-76.0554,3.2234],[-76.0575,3.221],[-76.0614,3.2134],[-76.0676,3.2105],[-76.0792,3.2149],[-76.0879,3.2194],[-76.1043,3.2236],[-76.1068,3.225],[-76.109,3.2276],[-76.1125,3.2267],[-76.1133,3.2252],[-76.1174,3.2225],[-76.1201,3.2224],[-76.123,3.224],[-76.1244,3.2227],[-76.1254,3.2228],[-76.1266,3.2248],[-76.1286,3.2252],[-76.1309,3.2247],[-76.1328,3.2224],[-76.135,3.2246],[-76.1371,3.2251],[-76.1397,3.2231],[-76.1431,3.2241],[-76.146,3.2227],[-76.148,3.226],[-76.1501,3.2255],[-76.1511,3.2261],[-76.1521,3.2291],[-76.1512,3.2315],[-76.1521,3.2342],[-76.1537,3.234],[-76.1564,3.236],[-76.1606,3.2333],[-76.1638,3.2355],[-76.166,3.2348],[-76.1677,3.2318],[-76.1675,3.23],[-76.1712,3.2311],[-76.1755,3.2305],[-76.1783,3.2315],[-76.18,3.2312],[-76.1798,3.2334],[-76.1826,3.2317],[-76.1837,3.2283],[-76.1859,3.2292],[-76.1887,3.227],[-76.1913,3.2271],[-76.1923,3.2294],[-76.194,3.23],[-76.1984,3.2365],[-76.1988,3.2387],[-76.2026,3.2422],[-76.2025,3.2462],[-76.2041,3.2491],[-76.2047,3.2535],[-76.2063,3.2581],[-76.209,3.2609],[-76.213,3.2625],[-76.2169,3.2682],[-76.2183,3.2683],[-76.224,3.2731],[-76.2264,3.274],[-76.2271,3.2754],[-76.2293,3.2768],[-76.2334,3.2774],[-76.238,3.2755],[-76.2409,3.2776],[-76.2425,3.2774],[-76.2428,3.2763],[-76.2463,3.2763],[-76.2466,3.2774],[-76.2509,3.2794],[-76.2512,3.2785],[-76.2522,3.2791],[-76.2531,3.2788],[-76.2542,3.2798],[-76.255,3.279],[-76.2558,3.2796],[-76.2565,3.279],[-76.2588,3.2796],[-76.2588,3.2812],[-76.2592,3.2802],[-76.2596,3.2811],[-76.2628,3.2822],[-76.2651,3.2809],[-76.2662,3.2788],[-76.2683,3.2785],[-76.2686,3.2773],[-76.2696,3.2781],[-76.2718,3.2779],[-76.2729,3.2763],[-76.2762,3.2776],[-76.2765,3.2766],[-76.2773,3.2787],[-76.2769,3.2795],[-76.2783,3.2796],[-76.2781,3.2802],[-76.2802,3.2823],[-76.2802,3.2832],[-76.2812,3.2827],[-76.282,3.2834],[-76.2824,3.2822],[-76.2831,3.2836],[-76.2838,3.2831],[-76.2846,3.2836],[-76.2864,3.2818],[-76.2877,3.2826],[-76.2882,3.2845],[-76.2897,3.2856],[-76.2919,3.2853],[-76.2928,3.2869],[-76.293,3.2861],[-76.2937,3.2867],[-76.2942,3.285],[-76.2951,3.2864],[-76.296,3.286],[-76.2973,3.2867],[-76.2982,3.2866],[-76.2986,3.2856],[-76.2992,3.2863],[-76.3002,3.2856],[-76.3008,3.2863],[-76.3016,3.2851],[-76.3026,3.2854],[-76.3029,3.2866],[-76.304,3.2853],[-76.3046,3.2862],[-76.305,3.2856],[-76.3074,3.2858],[-76.308,3.2848],[-76.3068,3.2848],[-76.3069,3.2841],[-76.3097,3.283],[-76.3097,3.2817],[-76.3106,3.2819],[-76.3105,3.281],[-76.3117,3.2805],[-76.3144,3.2826],[-76.318,3.2813],[-76.3203,3.2819],[-76.3227,3.2802],[-76.3246,3.2817],[-76.3256,3.2808],[-76.3253,3.282],[-76.3266,3.2826],[-76.3302,3.2827],[-76.3354,3.2806],[-76.3365,3.282],[-76.3386,3.2826],[-76.3431,3.2806],[-76.3435,3.2815],[-76.3415,3.2843],[-76.348,3.291],[-76.3399,3.303],[-76.3405,3.3128],[-76.3382,3.311],[-76.3387,3.3102],[-76.3368,3.309],[-76.3361,3.307],[-76.3328,3.3055],[-76.3309,3.3035],[-76.3275,3.3041],[-76.3264,3.3032],[-76.3233,3.3032],[-76.3216,3.3018],[-76.3191,3.3029],[-76.3177,3.3025],[-76.3135,3.3154],[-76.314,3.3221],[-76.3125,3.3265],[-76.3139,3.3295],[-76.3118,3.3354],[-76.3115,3.3394],[-76.3137,3.3405],[-76.3134,3.3426],[-76.3109,3.3512],[-76.3063,3.35],[-76.303,3.3607],[-76.3001,3.3662],[-76.2984,3.3658],[-76.2985,3.3648],[-76.2938,3.3593],[-76.2917,3.3585],[-76.2907,3.3567],[-76.2892,3.3576],[-76.2889,3.3569],[-76.2877,3.3571],[-76.2875,3.356],[-76.2829,3.3527],[-76.2808,3.3525],[-76.2807,3.3535],[-76.2787,3.354],[-76.2778,3.3551],[-76.2775,3.3541],[-76.275,3.3531],[-76.2745,3.3536],[-76.2726,3.3527],[-76.2719,3.3535],[-76.2703,3.3524],[-76.269,3.3539],[-76.266,3.3525],[-76.262,3.3536],[-76.2578,3.3575],[-76.2571,3.3598],[-76.2542,3.3595],[-76.2523,3.3607],[-76.2504,3.3624],[-76.2498,3.3651],[-76.249,3.3658],[-76.2484,3.3651],[-76.2484,3.366],[-76.2477,3.3659],[-76.2465,3.368],[-76.2429,3.3687],[-76.2374,3.3723],[-76.2367,3.3717],[-76.2336,3.3737],[-76.232,3.3716],[-76.2287,3.3711],[-76.228,3.37],[-76.2238,3.3697],[-76.2172,3.3643],[-76.2163,3.3623],[-76.2097,3.3587],[-76.2078,3.3565],[-76.1994,3.3552],[-76.192,3.3554],[-76.1812,3.3581],[-76.1784,3.3623],[-76.1756,3.3642],[-76.1722,3.3645],[-76.1705,3.3676],[-76.1685,3.3693],[-76.1673,3.3724],[-76.162,3.3706],[-76.1605,3.3711],[-76.1558,3.3759],[-76.1531,3.3771],[-76.1523,3.3824],[-76.1491,3.3831],[-76.1474,3.386],[-76.1418,3.3838],[-76.1354,3.3841],[-76.132,3.385],[-76.1229,3.3824],[-76.1164,3.3837],[-76.1097,3.388],[-76.1026,3.3896],[-76.0993,3.3878]]]}},{"type":"Feature","properties":{"code":"76306","name":"GINEBRA","aro":"CENTRO","area_km2":268.7,"nivel":"NARANJA","razon":"Pronóstico IDEAM vigente: lluvia por debajo de lo normal y temperatura por encima.","hidro":"","station":"","foco":false,"sist":25,"pob":10336,"q":70.8,"P1":0,"P2":21,"P3":4,"pobP12":4284,"P1_clima":12,"P2_clima":12,"P3_clima":1,"SIN_DATO_clima":0,"sist_geo":25,"alta_exp":12,"media_exp":12,"menor_exp":1,"sin_dato_exp":0,"pct_alta":48.0,"indice_municipal":2.44,"presion_municipal":"IMPORTANTE","prioridad_diag":"Seguimiento reforzado","regla_presion_municipal":"Alta >=60% sistemas en alta exposición; Importante 40-<60%; Moderada 20-<40%; Referencia <20%."},"geometry":{"type":"Polygon","coordinates":[[[-76.1278,3.8223],[-76.122,3.8222],[-76.1195,3.8211],[-76.1167,3.8217],[-76.1142,3.8202],[-76.1129,3.8184],[-76.1108,3.8179],[-76.107,3.8195],[-76.1048,3.8195],[-76.1024,3.8156],[-76.0999,3.8151],[-76.0974,3.8131],[-76.0924,3.8074],[-76.0919,3.8046],[-76.0901,3.8014],[-76.0894,3.7969],[-76.088,3.7962],[-76.0852,3.7975],[-76.0839,3.7971],[-76.0814,3.7952],[-76.0809,3.7918],[-76.083,3.7877],[-76.0824,3.7704],[-76.0847,3.766],[-76.0885,3.7644],[-76.0912,3.7612],[-76.092,3.7563],[-76.0945,3.7539],[-76.0973,3.7486],[-76.1004,3.7456],[-76.1049,3.7358],[-76.1085,3.7307],[-76.108,3.7275],[-76.1111,3.7241],[-76.1123,3.7201],[-76.1146,3.7163],[-76.1163,3.7064],[-76.1151,3.6947],[-76.1174,3.6942],[-76.1223,3.6907],[-76.124,3.6878],[-76.1352,3.6942],[-76.1381,3.6934],[-76.1457,3.6985],[-76.1487,3.6994],[-76.1511,3.6987],[-76.1534,3.6994],[-76.1554,3.6991],[-76.1582,3.7009],[-76.1597,3.7007],[-76.1642,3.6971],[-76.1685,3.6978],[-76.1727,3.6947],[-76.1749,3.6941],[-76.1825,3.6943],[-76.1868,3.6911],[-76.1881,3.6875],[-76.1884,3.6767],[-76.192,3.6689],[-76.1942,3.6656],[-76.1983,3.6634],[-76.2018,3.6625],[-76.205,3.6635],[-76.2061,3.6632],[-76.2086,3.6651],[-76.2132,3.6657],[-76.2191,3.6692],[-76.2204,3.6746],[-76.2191,3.6774],[-76.2209,3.6801],[-76.2247,3.6823],[-76.2263,3.6847],[-76.2302,3.6865],[-76.2312,3.6881],[-76.233,3.6876],[-76.2348,3.6886],[-76.2388,3.6886],[-76.2391,3.6878],[-76.2402,3.6882],[-76.2419,3.6866],[-76.2499,3.6856],[-76.2521,3.6871],[-76.253,3.6865],[-76.2555,3.6884],[-76.2577,3.6869],[-76.2605,3.6866],[-76.263,3.6876],[-76.2647,3.6909],[-76.2736,3.69],[-76.2748,3.6906],[-76.2776,3.6897],[-76.2822,3.6939],[-76.2853,3.6955],[-76.2867,3.6949],[-76.292,3.6958],[-76.2929,3.6963],[-76.2929,3.6978],[-76.2961,3.6993],[-76.2979,3.6989],[-76.2982,3.6977],[-76.3012,3.6992],[-76.3032,3.6992],[-76.3046,3.7022],[-76.3056,3.7028],[-76.3079,3.7026],[-76.3091,3.7016],[-76.3097,3.703],[-76.3115,3.7011],[-76.3126,3.7016],[-76.3135,3.7005],[-76.3142,3.7017],[-76.3132,3.7018],[-76.3134,3.7037],[-76.3158,3.705],[-76.3167,3.7071],[-76.3207,3.7067],[-76.3237,3.7348],[-76.3183,3.7365],[-76.318,3.7379],[-76.316,3.7389],[-76.3147,3.7414],[-76.3093,3.7454],[-76.3075,3.7458],[-76.304,3.7449],[-76.3043,3.747],[-76.3023,3.7597],[-76.2975,3.7586],[-76.2943,3.7594],[-76.2925,3.7586],[-76.2899,3.7588],[-76.2881,3.761],[-76.2841,3.7614],[-76.2818,3.7629],[-76.2793,3.7626],[-76.2774,3.7607],[-76.2711,3.7607],[-76.2673,3.7632],[-76.2629,3.7629],[-76.2587,3.7654],[-76.2468,3.7633],[-76.2432,3.7634],[-76.2362,3.7648],[-76.2335,3.7662],[-76.2315,3.7659],[-76.2279,3.7678],[-76.2259,3.7673],[-76.2216,3.7679],[-76.2203,3.7685],[-76.2175,3.7806],[-76.2122,3.7858],[-76.2086,3.7869],[-76.2069,3.7918],[-76.1993,3.793],[-76.1962,3.7942],[-76.191,3.7983],[-76.1865,3.7992],[-76.1845,3.7985],[-76.1803,3.8007],[-76.1775,3.8059],[-76.1703,3.8104],[-76.1657,3.8108],[-76.163,3.8148],[-76.1563,3.822],[-76.1519,3.8251],[-76.1454,3.8276],[-76.1426,3.8314],[-76.1404,3.8323],[-76.139,3.8312],[-76.1351,3.8306],[-76.1314,3.8237],[-76.1278,3.8223]]]}},{"type":"Feature","properties":{"code":"76318","name":"GUACARÍ","aro":"CENTRO","area_km2":162.5,"nivel":"NARANJA","razon":"Pronóstico IDEAM vigente: lluvia por debajo de lo normal y temperatura por encima.","hidro":"","station":"","foco":false,"sist":7,"pob":5927,"q":27.8,"P1":0,"P2":5,"P3":2,"pobP12":2712,"P1_clima":4,"P2_clima":4,"P3_clima":0,"SIN_DATO_clima":0,"sist_geo":8,"alta_exp":4,"media_exp":4,"menor_exp":0,"sin_dato_exp":0,"pct_alta":50.0,"indice_municipal":2.5,"presion_municipal":"IMPORTANTE","prioridad_diag":"Seguimiento reforzado","regla_presion_municipal":"Alta >=60% sistemas en alta exposición; Importante 40-<60%; Moderada 20-<40%; Referencia <20%."},"geometry":{"type":"Polygon","coordinates":[[[-76.2562,3.848],[-76.2556,3.845],[-76.2544,3.8435],[-76.2547,3.8396],[-76.2525,3.8381],[-76.2494,3.8376],[-76.2476,3.836],[-76.2444,3.8352],[-76.2407,3.8355],[-76.2346,3.8379],[-76.2335,3.8399],[-76.223,3.8409],[-76.2198,3.8396],[-76.2167,3.8369],[-76.2095,3.8345],[-76.204,3.8294],[-76.1988,3.8269],[-76.1941,3.8214],[-76.1926,3.8206],[-76.1874,3.8127],[-76.1811,3.8054],[-76.178,3.8049],[-76.1801,3.8009],[-76.1845,3.7985],[-76.1865,3.7992],[-76.191,3.7983],[-76.1962,3.7942],[-76.1993,3.793],[-76.2069,3.7918],[-76.2086,3.7869],[-76.2122,3.7858],[-76.2175,3.7806],[-76.2203,3.7685],[-76.2216,3.7679],[-76.2259,3.7673],[-76.2279,3.7678],[-76.2315,3.7659],[-76.2335,3.7662],[-76.2362,3.7648],[-76.2432,3.7634],[-76.2468,3.7633],[-76.2587,3.7654],[-76.2629,3.7629],[-76.2673,3.7632],[-76.2711,3.7607],[-76.2774,3.7607],[-76.2793,3.7626],[-76.2818,3.7629],[-76.2841,3.7614],[-76.2881,3.761],[-76.2899,3.7588],[-76.2925,3.7586],[-76.2943,3.7594],[-76.2975,3.7586],[-76.3023,3.7597],[-76.3043,3.747],[-76.304,3.7449],[-76.3075,3.7458],[-76.3093,3.7454],[-76.3147,3.7414],[-76.316,3.7389],[-76.318,3.7379],[-76.3183,3.7365],[-76.3237,3.7348],[-76.3207,3.7074],[-76.322,3.7078],[-76.3219,3.7087],[-76.3233,3.7089],[-76.3249,3.7109],[-76.3267,3.7085],[-76.3284,3.7105],[-76.3284,3.7121],[-76.331,3.7134],[-76.3317,3.7149],[-76.3349,3.7158],[-76.3351,3.717],[-76.3377,3.7167],[-76.3385,3.7178],[-76.3382,3.7189],[-76.3394,3.718],[-76.3393,3.7187],[-76.3405,3.7182],[-76.3429,3.7192],[-76.3442,3.7217],[-76.3512,3.7233],[-76.3542,3.7263],[-76.3569,3.7274],[-76.3572,3.7288],[-76.3646,3.732],[-76.3675,3.7306],[-76.37,3.7313],[-76.3718,3.7333],[-76.377,3.735],[-76.3782,3.737],[-76.3834,3.74],[-76.3853,3.7453],[-76.3869,3.7465],[-76.3883,3.7524],[-76.39,3.756],[-76.3933,3.7579],[-76.3941,3.76],[-76.3961,3.7619],[-76.3975,3.7622],[-76.3974,3.7671],[-76.3932,3.7682],[-76.3924,3.7698],[-76.3999,3.7772],[-76.4009,3.7826],[-76.4006,3.7846],[-76.3994,3.7852],[-76.3925,3.7838],[-76.3889,3.781],[-76.387,3.7776],[-76.3851,3.7775],[-76.3837,3.7796],[-76.3835,3.782],[-76.3865,3.7876],[-76.3846,3.7931],[-76.3858,3.7945],[-76.3888,3.7942],[-76.389,3.796],[-76.3882,3.7972],[-76.385,3.7977],[-76.3823,3.8004],[-76.3797,3.7999],[-76.3783,3.7983],[-76.3755,3.7991],[-76.374,3.8021],[-76.3754,3.8075],[-76.3742,3.8104],[-76.3724,3.8117],[-76.369,3.8096],[-76.3651,3.7987],[-76.3638,3.7978],[-76.3616,3.7989],[-76.3591,3.7983],[-76.354,3.7994],[-76.3508,3.7988],[-76.3495,3.7971],[-76.3474,3.7971],[-76.3465,3.7962],[-76.3449,3.7973],[-76.3437,3.7965],[-76.3412,3.7975],[-76.3385,3.796],[-76.3323,3.799],[-76.3282,3.7975],[-76.3211,3.7991],[-76.3175,3.7969],[-76.3137,3.799],[-76.3131,3.801],[-76.3137,3.8022],[-76.3121,3.8032],[-76.3122,3.8042],[-76.3108,3.8045],[-76.3094,3.8037],[-76.3079,3.8045],[-76.3041,3.8025],[-76.3036,3.8018],[-76.3044,3.7996],[-76.2999,3.8005],[-76.2988,3.803],[-76.2951,3.8021],[-76.2942,3.8043],[-76.2917,3.8049],[-76.2915,3.8059],[-76.2866,3.8099],[-76.2867,3.8128],[-76.2849,3.8169],[-76.2852,3.8182],[-76.2822,3.8215],[-76.2801,3.8262],[-76.2796,3.8337],[-76.2772,3.8377],[-76.2752,3.8387],[-76.2733,3.838],[-76.2679,3.8456],[-76.266,3.8472],[-76.2648,3.847],[-76.2629,3.8478],[-76.2606,3.851],[-76.2587,3.8513],[-76.2562,3.848]]]}},{"type":"Feature","properties":{"code":"76020","name":"ALCALÁ","aro":"NORTE","area_km2":62.4,"nivel":"NARANJA","razon":"Pronóstico IDEAM vigente: lluvia por debajo de lo normal y temperatura por encima.","hidro":"","station":"","foco":false,"sist":9,"pob":5400,"q":85.0,"P1":0,"P2":2,"P3":7,"pobP12":312,"P1_clima":5,"P2_clima":5,"P3_clima":0,"SIN_DATO_clima":0,"sist_geo":10,"alta_exp":5,"media_exp":5,"menor_exp":0,"sin_dato_exp":0,"pct_alta":50.0,"indice_municipal":2.5,"presion_municipal":"IMPORTANTE","prioridad_diag":"Seguimiento reforzado","regla_presion_municipal":"Alta >=60% sistemas en alta exposición; Importante 40-<60%; Moderada 20-<40%; Referencia <20%."},"geometry":{"type":"Polygon","coordinates":[[[-75.8326,4.7193],[-75.8316,4.7178],[-75.8278,4.7173],[-75.8285,4.7152],[-75.8307,4.7127],[-75.8275,4.7109],[-75.8279,4.7099],[-75.827,4.7086],[-75.8279,4.7077],[-75.8277,4.7052],[-75.8269,4.7042],[-75.8278,4.7033],[-75.8262,4.7031],[-75.8264,4.7023],[-75.8241,4.704],[-75.823,4.7032],[-75.822,4.705],[-75.8204,4.7054],[-75.8191,4.7029],[-75.8151,4.7044],[-75.8146,4.7029],[-75.8126,4.7032],[-75.812,4.7022],[-75.8093,4.704],[-75.8086,4.7018],[-75.8064,4.7026],[-75.8066,4.7011],[-75.8055,4.7002],[-75.8033,4.7025],[-75.8025,4.702],[-75.8024,4.7032],[-75.7983,4.7022],[-75.7967,4.7037],[-75.794,4.7006],[-75.7896,4.7001],[-75.7883,4.7013],[-75.7879,4.7001],[-75.785,4.7004],[-75.7847,4.6988],[-75.7823,4.6994],[-75.782,4.6983],[-75.7806,4.6993],[-75.7805,4.6979],[-75.7791,4.6981],[-75.7785,4.697],[-75.7761,4.6975],[-75.7755,4.6962],[-75.7739,4.6978],[-75.7696,4.6929],[-75.7657,4.6909],[-75.7626,4.6911],[-75.7616,4.6894],[-75.7607,4.6906],[-75.7558,4.6884],[-75.7546,4.6886],[-75.7542,4.6874],[-75.7533,4.6882],[-75.7533,4.6866],[-75.7481,4.6863],[-75.7455,4.6848],[-75.7443,4.6854],[-75.7435,4.684],[-75.7424,4.6844],[-75.7403,4.6832],[-75.7392,4.6837],[-75.7364,4.6825],[-75.7353,4.6825],[-75.7346,4.6836],[-75.7328,4.6819],[-75.7281,4.6815],[-75.7244,4.6795],[-75.7237,4.6805],[-75.7225,4.6794],[-75.7224,4.6804],[-75.719,4.6808],[-75.7152,4.68],[-75.7149,4.6791],[-75.7119,4.6796],[-75.7108,4.6785],[-75.7097,4.6792],[-75.7079,4.6776],[-75.705,4.6573],[-75.7057,4.6547],[-75.7103,4.6551],[-75.7146,4.6535],[-75.7144,4.6527],[-75.7161,4.6522],[-75.7189,4.6534],[-75.7228,4.6536],[-75.7252,4.652],[-75.7328,4.6533],[-75.7359,4.655],[-75.7377,4.6551],[-75.7411,4.6547],[-75.7464,4.6527],[-75.7558,4.6521],[-75.7563,4.651],[-75.7579,4.6507],[-75.7609,4.6529],[-75.7623,4.6517],[-75.7627,4.6535],[-75.7682,4.6523],[-75.7695,4.6536],[-75.7701,4.6532],[-75.7718,4.6545],[-75.7738,4.6548],[-75.7746,4.6544],[-75.774,4.6535],[-75.7784,4.6545],[-75.7792,4.6541],[-75.7794,4.6527],[-75.7803,4.6538],[-75.7823,4.6526],[-75.783,4.655],[-75.7824,4.6567],[-75.7838,4.6587],[-75.7846,4.6581],[-75.7853,4.6592],[-75.7878,4.6592],[-75.7893,4.66],[-75.7927,4.6592],[-75.794,4.6599],[-75.7955,4.6594],[-75.7958,4.6583],[-75.7978,4.6597],[-75.8005,4.6588],[-75.8019,4.6593],[-75.8066,4.6577],[-75.8072,4.6561],[-75.8092,4.6587],[-75.8138,4.6588],[-75.8175,4.6616],[-75.8205,4.6614],[-75.8227,4.6639],[-75.8259,4.6632],[-75.8274,4.6605],[-75.8275,4.6635],[-75.8248,4.6663],[-75.8222,4.6722],[-75.824,4.6774],[-75.8266,4.6782],[-75.8275,4.6834],[-75.8353,4.6883],[-75.8393,4.6852],[-75.8446,4.6847],[-75.8503,4.6827],[-75.8506,4.6941],[-75.8527,4.6971],[-75.853,4.7071],[-75.8541,4.708],[-75.8564,4.7082],[-75.8572,4.7095],[-75.8566,4.7132],[-75.8555,4.7137],[-75.855,4.7129],[-75.8535,4.7137],[-75.8515,4.7128],[-75.8495,4.7141],[-75.847,4.7126],[-75.8441,4.7137],[-75.8428,4.7158],[-75.8385,4.7154],[-75.834,4.7194],[-75.8326,4.7193]]]}},{"type":"Feature","properties":{"code":"76497","name":"OBANDO","aro":"NORTE","area_km2":214.7,"nivel":"NARANJA","razon":"Pronóstico IDEAM vigente: lluvia por debajo de lo normal y temperatura por encima.","hidro":"","station":"","foco":false,"sist":11,"pob":1880,"q":11.0,"P1":0,"P2":6,"P3":5,"pobP12":1076,"P1_clima":10,"P2_clima":0,"P3_clima":0,"SIN_DATO_clima":0,"sist_geo":10,"alta_exp":10,"media_exp":0,"menor_exp":0,"sin_dato_exp":0,"pct_alta":100.0,"indice_municipal":3.0,"presion_municipal":"ALTA","prioridad_diag":"Diagnóstico prioritario","regla_presion_municipal":"Alta >=60% sistemas en alta exposición; Importante 40-<60%; Moderada 20-<40%; Referencia <20%."},"geometry":{"type":"Polygon","coordinates":[[[-75.9465,4.6545],[-75.9426,4.656],[-75.9405,4.6555],[-75.9393,4.6544],[-75.9349,4.6548],[-75.9317,4.651],[-75.9291,4.6516],[-75.9276,4.6504],[-75.9251,4.65],[-75.923,4.6479],[-75.9206,4.6477],[-75.9198,4.646],[-75.9176,4.6465],[-75.9166,4.6451],[-75.9152,4.6454],[-75.9115,4.6398],[-75.9062,4.6383],[-75.9006,4.6383],[-75.8859,4.6365],[-75.8834,4.634],[-75.8754,4.6313],[-75.8735,4.6264],[-75.8708,4.6253],[-75.8719,4.6211],[-75.8734,4.6201],[-75.8743,4.6183],[-75.8741,4.6158],[-75.8656,4.6128],[-75.8669,4.611],[-75.8669,4.6082],[-75.8641,4.6051],[-75.8637,4.6034],[-75.8607,4.6013],[-75.8616,4.5976],[-75.8598,4.5952],[-75.8618,4.5927],[-75.8666,4.5907],[-75.8713,4.5856],[-75.8724,4.5791],[-75.87,4.5761],[-75.8674,4.5753],[-75.8681,4.5727],[-75.8642,4.5735],[-75.8643,4.5706],[-75.8663,4.5673],[-75.8662,4.5641],[-75.8686,4.5634],[-75.8701,4.5607],[-75.8696,4.5585],[-75.8738,4.557],[-75.8758,4.5551],[-75.877,4.5507],[-75.8755,4.5509],[-75.8717,4.5486],[-75.8705,4.5476],[-75.8703,4.5461],[-75.8715,4.5443],[-75.8715,4.5423],[-75.8761,4.5424],[-75.8771,4.5416],[-75.8775,4.5396],[-75.8795,4.5386],[-75.8808,4.5312],[-75.8836,4.5312],[-75.8846,4.5303],[-75.887,4.5313],[-75.8899,4.5341],[-75.8912,4.5377],[-75.902,4.5384],[-75.902,4.5368],[-75.9049,4.5334],[-75.9099,4.5331],[-75.9142,4.5348],[-75.917,4.5338],[-75.9199,4.535],[-75.9217,4.5341],[-75.9258,4.5348],[-75.9293,4.5316],[-75.9295,4.5301],[-75.9308,4.5297],[-75.9313,4.5283],[-75.9319,4.5288],[-75.9337,4.5282],[-75.9355,4.5291],[-75.9368,4.5285],[-75.9382,4.5291],[-75.9394,4.5312],[-75.9377,4.5339],[-75.9392,4.5393],[-75.9376,4.5408],[-75.9379,4.543],[-75.9398,4.543],[-75.9399,4.5436],[-75.9408,4.5423],[-75.943,4.5441],[-75.9457,4.5426],[-75.9475,4.5429],[-75.9495,4.542],[-75.9527,4.5347],[-75.9546,4.5353],[-75.9553,4.5344],[-75.9575,4.5352],[-75.9587,4.5343],[-75.9595,4.5348],[-75.9609,4.5336],[-75.9618,4.531],[-75.9634,4.5318],[-75.9642,4.5312],[-75.9959,4.5499],[-75.9925,4.553],[-75.9897,4.5531],[-75.9882,4.5547],[-76.031,4.5691],[-76.0309,4.5718],[-76.032,4.5738],[-76.0375,4.576],[-76.039,4.5777],[-76.0397,4.5798],[-76.0394,4.5822],[-76.038,4.5847],[-76.0351,4.5869],[-76.0307,4.5882],[-76.0234,4.5867],[-76.0203,4.5892],[-76.0201,4.5931],[-76.0255,4.6015],[-76.0256,4.6035],[-76.0243,4.6058],[-76.0231,4.6061],[-76.0214,4.6036],[-76.0173,4.601],[-76.0151,4.6013],[-76.0109,4.6042],[-76.0118,4.6057],[-76.0151,4.6059],[-76.0168,4.6069],[-76.0151,4.6115],[-76.0153,4.6139],[-76.017,4.6168],[-76.0215,4.6208],[-76.0226,4.621],[-76.0267,4.619],[-76.0297,4.6213],[-76.0314,4.6215],[-76.0355,4.618],[-76.0368,4.6199],[-76.0353,4.6231],[-76.0304,4.6256],[-76.0283,4.6283],[-76.0284,4.6316],[-76.0324,4.6364],[-76.0321,4.6391],[-76.0299,4.6419],[-76.0253,4.6426],[-76.0246,4.6433],[-76.0248,4.6465],[-76.0231,4.6518],[-76.0226,4.6581],[-76.0183,4.6629],[-76.0166,4.666],[-75.9724,4.6675],[-75.9661,4.6613],[-75.96,4.6588],[-75.951,4.6567],[-75.9465,4.6545]]]}},{"type":"Feature","properties":{"code":"76520","name":"PALMIRA","aro":"SUR","area_km2":1005.2,"nivel":"NARANJA","razon":"Pronóstico IDEAM vigente: lluvia por debajo de lo normal y temperatura por encima.","hidro":"","station":"","foco":false,"sist":0,"pob":0,"q":0,"P1":0,"P2":0,"P3":0,"pobP12":0,"P1_clima":0,"P2_clima":0,"P3_clima":0,"SIN_DATO_clima":0,"sist_geo":0,"alta_exp":0,"media_exp":0,"menor_exp":0,"sin_dato_exp":0,"pct_alta":null,"indice_municipal":null,"presion_municipal":"SIN_DATO","prioridad_diag":"Sin sistemas georreferenciados","regla_presion_municipal":"Alta >=60% sistemas en alta exposición; Importante 40-<60%; Moderada 20-<40%; Referencia <20%."},"geometry":{"type":"Polygon","coordinates":[[[-75.9816,3.718],[-75.9669,3.711],[-75.964,3.7086],[-75.9616,3.7037],[-75.9598,3.7044],[-75.9587,3.7001],[-75.9607,3.6965],[-75.9607,3.6943],[-75.9569,3.6891],[-75.9571,3.6857],[-75.9546,3.6855],[-75.9536,3.6795],[-75.9527,3.6781],[-75.95,3.677],[-75.9507,3.6757],[-75.9504,3.674],[-75.9529,3.6728],[-75.954,3.6694],[-75.9579,3.6637],[-75.9619,3.6632],[-75.9634,3.665],[-75.9657,3.6647],[-75.9671,3.663],[-75.971,3.6613],[-75.9732,3.6578],[-75.9754,3.6579],[-75.9771,3.6535],[-75.9764,3.6478],[-75.9771,3.6436],[-75.9789,3.6431],[-75.9795,3.642],[-75.9828,3.6421],[-75.9836,3.6405],[-75.9852,3.6417],[-75.9887,3.6426],[-75.9908,3.6398],[-75.9925,3.6399],[-75.9937,3.6384],[-75.9936,3.6358],[-75.9903,3.6313],[-75.9901,3.6297],[-75.9866,3.6234],[-75.9879,3.6204],[-75.9884,3.618],[-75.9877,3.6168],[-75.9888,3.614],[-75.992,3.6117],[-75.9953,3.6111],[-75.9938,3.6096],[-75.994,3.6076],[-75.9923,3.6035],[-75.9922,3.5976],[-75.988,3.595],[-75.9872,3.5918],[-75.9845,3.5888],[-75.9854,3.587],[-75.985,3.5839],[-75.9862,3.5798],[-75.9849,3.5776],[-75.9885,3.5764],[-75.9893,3.5755],[-75.9884,3.5693],[-75.984,3.5599],[-75.9866,3.5583],[-75.9863,3.5553],[-75.9877,3.5529],[-75.9935,3.5469],[-75.9965,3.5417],[-75.9963,3.5401],[-75.9978,3.5373],[-75.998,3.5328],[-76.0032,3.5279],[-76.0015,3.5196],[-76.0035,3.5167],[-76.0151,3.5075],[-76.0181,3.5001],[-76.023,3.4941],[-76.0263,3.4916],[-76.026,3.4902],[-76.0274,3.4864],[-76.0244,3.4841],[-76.0242,3.4825],[-76.0216,3.4791],[-76.0226,3.473],[-76.0271,3.4663],[-76.0262,3.4631],[-76.0269,3.4602],[-76.0288,3.458],[-76.0281,3.4552],[-76.0287,3.4526],[-76.0369,3.4527],[-76.0378,3.4548],[-76.042,3.4563],[-76.0437,3.4587],[-76.0508,3.4608],[-76.0519,3.4608],[-76.0578,3.4555],[-76.0614,3.4567],[-76.0653,3.4623],[-76.0682,3.4624],[-76.071,3.4662],[-76.0718,3.4687],[-76.0706,3.4731],[-76.0712,3.4761],[-76.0728,3.4783],[-76.0764,3.4791],[-76.0811,3.4784],[-76.0847,3.4791],[-76.094,3.4832],[-76.0986,3.4843],[-76.1082,3.4908],[-76.1147,3.4841],[-76.1166,3.4831],[-76.1219,3.4759],[-76.1256,3.4749],[-76.1326,3.4756],[-76.1401,3.4781],[-76.1443,3.4765],[-76.148,3.4767],[-76.1511,3.479],[-76.1535,3.4793],[-76.1563,3.4811],[-76.1643,3.4794],[-76.1731,3.4826],[-76.1797,3.4816],[-76.182,3.4791],[-76.1849,3.4802],[-76.1873,3.4796],[-76.1908,3.4772],[-76.1962,3.4762],[-76.2133,3.4772],[-76.2171,3.4791],[-76.2238,3.4768],[-76.2306,3.4788],[-76.2315,3.4782],[-76.2357,3.4781],[-76.2393,3.4806],[-76.2452,3.4811],[-76.2466,3.4824],[-76.2483,3.4819],[-76.2514,3.4841],[-76.2527,3.4795],[-76.2539,3.4787],[-76.2557,3.4791],[-76.2566,3.4769],[-76.2574,3.4781],[-76.2616,3.4782],[-76.2624,3.4796],[-76.2642,3.4802],[-76.2653,3.4797],[-76.2663,3.4807],[-76.2681,3.4799],[-76.269,3.4778],[-76.2719,3.4779],[-76.2723,3.4766],[-76.2755,3.4774],[-76.2763,3.4785],[-76.2797,3.4772],[-76.282,3.4782],[-76.2843,3.4764],[-76.2848,3.4743],[-76.2848,3.4759],[-76.286,3.4749],[-76.2863,3.4764],[-76.2881,3.4769],[-76.2891,3.4739],[-76.2908,3.4732],[-76.2907,3.4715],[-76.2931,3.4708],[-76.2973,3.4725],[-76.2976,3.4716],[-76.2975,3.4726],[-76.2985,3.4725],[-76.2987,3.4703],[-76.3013,3.4696],[-76.3017,3.4709],[-76.3073,3.4727],[-76.3065,3.472],[-76.3068,3.4713],[-76.3091,3.4717],[-76.3106,3.4684],[-76.3149,3.467],[-76.3143,3.4652],[-76.3163,3.4638],[-76.3172,3.4615],[-76.3189,3.4617],[-76.32,3.4602],[-76.322,3.4613],[-76.3228,3.4602],[-76.3238,3.4613],[-76.3252,3.4607],[-76.3244,3.4595],[-76.3259,3.4581],[-76.3283,3.4586],[-76.3294,3.4571],[-76.3313,3.4577],[-76.3327,3.4571],[-76.3369,3.4598],[-76.3433,3.4611],[-76.3439,3.4622],[-76.3477,3.4641],[-76.348,3.4623],[-76.3492,3.464],[-76.3534,3.4563],[-76.3608,3.457],[-76.3682,3.4555],[-76.372,3.4539],[-76.3737,3.4551],[-76.3747,3.4504],[-76.3808,3.4521],[-76.3826,3.4519],[-76.3848,3.4531],[-76.3892,3.452],[-76.3947,3.455],[-76.3997,3.4539],[-76.4079,3.4557],[-76.4137,3.4554],[-76.4148,3.4583],[-76.4201,3.4593],[-76.4234,3.4578],[-76.4289,3.4584],[-76.4353,3.452],[-76.4415,3.4523],[-76.4496,3.4507],[-76.45,3.4534],[-76.4532,3.456],[-76.457,3.4568],[-76.4583,3.4566],[-76.4589,3.4553],[-76.4598,3.4553],[-76.4598,3.4564],[-76.4636,3.4549],[-76.464,3.4557],[-76.4672,3.4549],[-76.4674,3.4543],[-76.4697,3.4546],[-76.4727,3.4525],[-76.4758,3.4519],[-76.4773,3.4612],[-76.474,3.4662],[-76.4756,3.4704],[-76.4756,3.474],[-76.4782,3.4776],[-76.4788,3.4811],[-76.4814,3.4839],[-76.4842,3.4958],[-76.4858,3.4975],[-76.4911,3.5003],[-76.4916,3.504],[-76.4902,3.5121],[-76.4917,3.5166],[-76.4886,3.5223],[-76.488,3.5264],[-76.4903,3.5327],[-76.488,3.5363],[-76.4845,3.5393],[-76.4798,3.5406],[-76.477,3.5396],[-76.4726,3.5347],[-76.4705,3.5344],[-76.4686,3.5363],[-76.4682,3.54],[-76.4713,3.5436],[-76.4741,3.5447],[-76.4784,3.5447],[-76.4867,3.5489],[-76.4886,3.5521],[-76.4881,3.5561],[-76.4874,3.5592],[-76.4863,3.5605],[-76.4769,3.563],[-76.4706,3.563],[-76.4638,3.5593],[-76.4619,3.5601],[-76.4619,3.5671],[-76.4586,3.5748],[-76.4612,3.5821],[-76.4566,3.5884],[-76.4598,3.5917],[-76.4601,3.5963],[-76.4627,3.6001],[-76.4613,3.6011],[-76.4573,3.5983],[-76.4554,3.5982],[-76.4535,3.5992],[-76.4528,3.6012],[-76.4547,3.6038],[-76.4559,3.6084],[-76.4567,3.619],[-76.461,3.6247],[-76.4538,3.627],[-76.451,3.6296],[-76.4503,3.6327],[-76.4525,3.6396],[-76.4491,3.6467],[-76.4428,3.6458],[-76.4383,3.6511],[-76.4383,3.652],[-76.4418,3.6551],[-76.4466,3.6583],[-76.4475,3.6618],[-76.4439,3.6645],[-76.4372,3.6642],[-76.4344,3.6661],[-76.4342,3.6753],[-76.4315,3.6784],[-76.4261,3.681],[-76.4244,3.6834],[-76.4242,3.6862],[-76.426,3.6916],[-76.426,3.6949],[-76.4233,3.692],[-76.4234,3.6908],[-76.4219,3.6903],[-76.4219,3.6883],[-76.4229,3.687],[-76.4211,3.6853],[-76.4229,3.6813],[-76.4239,3.6809],[-76.4251,3.6786],[-76.4223,3.6781],[-76.421,3.677],[-76.4203,3.6779],[-76.4184,3.6764],[-76.4181,3.6776],[-76.4159,3.6758],[-76.4146,3.6768],[-76.4141,3.6758],[-76.4148,3.6744],[-76.4131,3.6747],[-76.4126,3.6741],[-76.4146,3.6729],[-76.4146,3.671],[-76.4131,3.6702],[-76.413,3.6712],[-76.412,3.671],[-76.4115,3.6702],[-76.4122,3.6697],[-76.4105,3.6672],[-76.4093,3.6687],[-76.4081,3.6645],[-76.4062,3.6628],[-76.4044,3.6644],[-76.4042,3.6633],[-76.4022,3.6629],[-76.4014,3.6618],[-76.3989,3.6627],[-76.4002,3.6607],[-76.4,3.6589],[-76.3985,3.6582],[-76.398,3.6593],[-76.3977,3.658],[-76.3967,3.6586],[-76.3965,3.6566],[-76.3944,3.6562],[-76.3945,3.6552],[-76.3929,3.6551],[-76.3939,3.6534],[-76.3929,3.6523],[-76.3926,3.6538],[-76.3907,3.6528],[-76.3904,3.6504],[-76.3889,3.6507],[-76.3894,3.6498],[-76.3885,3.6487],[-76.3873,3.6516],[-76.3863,3.6499],[-76.3849,3.6495],[-76.3835,3.651],[-76.3826,3.651],[-76.3825,3.6519],[-76.3809,3.6519],[-76.3814,3.6494],[-76.3786,3.6488],[-76.3788,3.6471],[-76.3757,3.6439],[-76.3749,3.6406],[-76.3734,3.6403],[-76.3755,3.6386],[-76.3753,3.6372],[-76.3732,3.6381],[-76.373,3.6372],[-76.3715,3.6371],[-76.3722,3.6351],[-76.3708,3.6357],[-76.3706,3.6341],[-76.3686,3.6331],[-76.3677,3.6339],[-76.3685,3.6313],[-76.366,3.6308],[-76.3658,3.6289],[-76.3681,3.6298],[-76.3692,3.6291],[-76.3684,3.628],[-76.3651,3.6272],[-76.3649,3.6259],[-76.3626,3.624],[-76.3632,3.6231],[-76.3627,3.622],[-76.3608,3.6227],[-76.3603,3.6195],[-76.3571,3.6213],[-76.3564,3.6204],[-76.3567,3.6187],[-76.355,3.6197],[-76.3518,3.6185],[-76.351,3.618],[-76.3507,3.6162],[-76.3484,3.616],[-76.3473,3.6144],[-76.3463,3.6161],[-76.3452,3.6139],[-76.3442,3.6162],[-76.3428,3.6144],[-76.3427,3.6129],[-76.3419,3.6144],[-76.3411,3.614],[-76.3407,3.611],[-76.3383,3.6136],[-76.3392,3.6149],[-76.337,3.6145],[-76.3357,3.6153],[-76.3332,3.6145],[-76.3349,3.6135],[-76.3346,3.6117],[-76.3329,3.6114],[-76.3319,3.613],[-76.3292,3.6104],[-76.3277,3.6107],[-76.3263,3.6082],[-76.325,3.6117],[-76.3231,3.6089],[-76.322,3.6103],[-76.3207,3.6092],[-76.3192,3.6115],[-76.318,3.6092],[-76.3148,3.6113],[-76.3136,3.6106],[-76.3138,3.6083],[-76.3091,3.6101],[-76.3059,3.609],[-76.3057,3.606],[-76.3001,3.607],[-76.2988,3.6052],[-76.2971,3.606],[-76.2958,3.6056],[-76.2958,3.6038],[-76.2946,3.6039],[-76.2937,3.6029],[-76.2916,3.6036],[-76.2911,3.6055],[-76.2898,3.6039],[-76.288,3.6045],[-76.2845,3.6033],[-76.2839,3.6061],[-76.2809,3.6032],[-76.2791,3.604],[-76.2786,3.6068],[-76.2766,3.6052],[-76.2758,3.6071],[-76.2737,3.6077],[-76.2732,3.6089],[-76.2675,3.6097],[-76.266,3.6113],[-76.2639,3.6107],[-76.2619,3.612],[-76.261,3.6111],[-76.2603,3.613],[-76.2591,3.6124],[-76.2582,3.6136],[-76.2554,3.6144],[-76.2523,3.6182],[-76.2507,3.6172],[-76.2505,3.6201],[-76.2425,3.6216],[-76.2391,3.6207],[-76.2331,3.6209],[-76.2292,3.6198],[-76.2233,3.6215],[-76.2142,3.6206],[-76.2129,3.6197],[-76.2083,3.6208],[-76.2,3.6198],[-76.1981,3.6189],[-76.1944,3.6205],[-76.1912,3.6189],[-76.1888,3.619],[-76.1876,3.6177],[-76.1834,3.6164],[-76.1796,3.6163],[-76.177,3.6117],[-76.1711,3.609],[-76.1659,3.6109],[-76.1538,3.6117],[-76.1493,3.6128],[-76.1477,3.6143],[-76.1463,3.6138],[-76.1446,3.6146],[-76.1409,3.6147],[-76.1389,3.6162],[-76.1319,3.6172],[-76.1275,3.6158],[-76.1258,3.6142],[-76.1238,3.6142],[-76.1228,3.6151],[-76.1167,3.6154],[-76.1149,3.6144],[-76.1136,3.6157],[-76.1106,3.6149],[-76.1095,3.6176],[-76.108,3.6183],[-76.106,3.6178],[-76.1041,3.6187],[-76.1033,3.618],[-76.1018,3.6199],[-76.0958,3.621],[-76.0941,3.6222],[-76.0895,3.6212],[-76.0843,3.6249],[-76.083,3.6271],[-76.0827,3.6295],[-76.0798,3.6296],[-76.0786,3.6279],[-76.0768,3.629],[-76.0767,3.6311],[-76.0782,3.6337],[-76.0777,3.6367],[-76.0764,3.6374],[-76.077,3.6389],[-76.076,3.643],[-76.0752,3.6432],[-76.0743,3.6454],[-76.0708,3.6464],[-76.0695,3.6476],[-76.0698,3.6508],[-76.0665,3.6541],[-76.0653,3.6567],[-76.0621,3.6585],[-76.0576,3.6588],[-76.0579,3.6599],[-76.0571,3.6617],[-76.0558,3.6628],[-76.0565,3.6646],[-76.055,3.6664],[-76.0537,3.6709],[-76.0501,3.6725],[-76.0486,3.6759],[-76.0461,3.6778],[-76.0421,3.6782],[-76.0379,3.6805],[-76.036,3.6871],[-76.0317,3.6923],[-76.0269,3.696],[-76.0251,3.7002],[-76.0166,3.7062],[-76.0089,3.715],[-76.0061,3.7167],[-75.9982,3.7167],[-75.993,3.7148],[-75.9854,3.7175],[-75.9816,3.718]]]}},{"type":"Feature","properties":{"code":"76563","name":"PRADERA","aro":"SUR","area_km2":356.7,"nivel":"NARANJA","razon":"Pronóstico IDEAM vigente: lluvia por debajo de lo normal y temperatura por encima.","hidro":"","station":"","foco":false,"sist":11,"pob":5288,"q":55.5,"P1":0,"P2":5,"P3":6,"pobP12":1316,"P1_clima":1,"P2_clima":9,"P3_clima":0,"SIN_DATO_clima":0,"sist_geo":10,"alta_exp":1,"media_exp":9,"menor_exp":0,"sin_dato_exp":0,"pct_alta":10.0,"indice_municipal":2.1,"presion_municipal":"REFERENCIA","prioridad_diag":"Monitoreo de referencia","regla_presion_municipal":"Alta >=60% sistemas en alta exposición; Importante 40-<60%; Moderada 20-<40%; Referencia <20%."},"geometry":{"type":"Polygon","coordinates":[[[-76.0982,3.4842],[-76.094,3.4832],[-76.0847,3.4791],[-76.0811,3.4784],[-76.0764,3.4791],[-76.0728,3.4783],[-76.0712,3.4761],[-76.0706,3.4731],[-76.0718,3.4687],[-76.071,3.4662],[-76.0682,3.4624],[-76.0653,3.4623],[-76.0614,3.4567],[-76.0578,3.4555],[-76.0519,3.4608],[-76.0508,3.4608],[-76.0437,3.4587],[-76.042,3.4563],[-76.0378,3.4548],[-76.0369,3.4527],[-76.0371,3.4448],[-76.0382,3.441],[-76.0414,3.4376],[-76.0415,3.4288],[-76.0396,3.425],[-76.038,3.4191],[-76.0425,3.4095],[-76.043,3.3981],[-76.0419,3.395],[-76.0374,3.3948],[-76.0355,3.3924],[-76.0297,3.3933],[-76.0292,3.3891],[-76.0316,3.3821],[-76.0358,3.3779],[-76.0396,3.3787],[-76.0414,3.3782],[-76.0472,3.3743],[-76.0497,3.3699],[-76.0477,3.3671],[-76.0474,3.3654],[-76.0511,3.3619],[-76.0594,3.3566],[-76.0602,3.3549],[-76.0703,3.3558],[-76.0704,3.3616],[-76.0723,3.3648],[-76.0761,3.366],[-76.078,3.3648],[-76.0806,3.3644],[-76.0858,3.3665],[-76.0861,3.3683],[-76.0843,3.3708],[-76.086,3.3752],[-76.0838,3.3806],[-76.0858,3.3835],[-76.0861,3.3855],[-76.0883,3.3878],[-76.0989,3.3878],[-76.1026,3.3896],[-76.11,3.3879],[-76.1175,3.3832],[-76.1201,3.3834],[-76.1229,3.3824],[-76.132,3.385],[-76.1354,3.3841],[-76.1418,3.3838],[-76.1474,3.386],[-76.1491,3.3831],[-76.1523,3.3824],[-76.1531,3.3771],[-76.1558,3.3759],[-76.1605,3.3711],[-76.162,3.3706],[-76.1673,3.3724],[-76.1685,3.3693],[-76.1705,3.3676],[-76.1723,3.3644],[-76.1756,3.3642],[-76.1784,3.3623],[-76.1814,3.3579],[-76.1907,3.3556],[-76.1994,3.3552],[-76.2078,3.3565],[-76.2097,3.3587],[-76.2163,3.3623],[-76.2172,3.3643],[-76.2238,3.3697],[-76.228,3.37],[-76.2287,3.3711],[-76.232,3.3716],[-76.2336,3.3737],[-76.2367,3.3717],[-76.2374,3.3723],[-76.2429,3.3687],[-76.2465,3.368],[-76.2477,3.3659],[-76.2484,3.366],[-76.2484,3.3651],[-76.249,3.3658],[-76.2498,3.3651],[-76.2504,3.3624],[-76.2523,3.3607],[-76.2542,3.3595],[-76.2571,3.3598],[-76.258,3.3573],[-76.2625,3.3533],[-76.266,3.3525],[-76.2692,3.3539],[-76.2703,3.3524],[-76.2719,3.3535],[-76.2726,3.3527],[-76.2745,3.3536],[-76.275,3.3531],[-76.2775,3.3541],[-76.2778,3.3551],[-76.2787,3.354],[-76.2807,3.3535],[-76.2806,3.3526],[-76.2822,3.3524],[-76.285,3.3538],[-76.2877,3.3571],[-76.2889,3.3569],[-76.2892,3.3576],[-76.2906,3.3566],[-76.2917,3.3585],[-76.2938,3.3593],[-76.2974,3.3635],[-76.2986,3.366],[-76.3012,3.366],[-76.3031,3.3674],[-76.3043,3.3673],[-76.3044,3.3687],[-76.3066,3.3709],[-76.3111,3.3689],[-76.3126,3.3739],[-76.3121,3.375],[-76.3138,3.3772],[-76.314,3.3788],[-76.3201,3.3777],[-76.3225,3.3804],[-76.3299,3.3837],[-76.3309,3.3856],[-76.3328,3.3865],[-76.3318,3.3888],[-76.3329,3.3913],[-76.3321,3.3921],[-76.325,3.3913],[-76.3215,3.392],[-76.3181,3.3889],[-76.3183,3.393],[-76.315,3.4021],[-76.317,3.4032],[-76.3159,3.4089],[-76.2811,3.4702],[-76.2831,3.4686],[-76.2834,3.47],[-76.2851,3.4715],[-76.2858,3.4703],[-76.2867,3.4711],[-76.2888,3.47],[-76.2898,3.4704],[-76.2908,3.4715],[-76.2909,3.4731],[-76.2891,3.4739],[-76.2881,3.4769],[-76.2863,3.4764],[-76.286,3.4749],[-76.2848,3.4759],[-76.2848,3.4743],[-76.2843,3.4764],[-76.282,3.4782],[-76.2797,3.4772],[-76.2763,3.4785],[-76.2755,3.4774],[-76.2723,3.4766],[-76.2719,3.4779],[-76.269,3.4778],[-76.2681,3.4799],[-76.2663,3.4807],[-76.2653,3.4797],[-76.2642,3.4802],[-76.2624,3.4796],[-76.2616,3.4782],[-76.2574,3.4781],[-76.2566,3.4769],[-76.2557,3.4791],[-76.2539,3.4787],[-76.2527,3.4795],[-76.2514,3.4841],[-76.2483,3.4819],[-76.2466,3.4824],[-76.2452,3.4811],[-76.2393,3.4806],[-76.2357,3.4781],[-76.2315,3.4782],[-76.2306,3.4788],[-76.2238,3.4768],[-76.2171,3.4791],[-76.2133,3.4772],[-76.1962,3.4762],[-76.1908,3.4772],[-76.1873,3.4796],[-76.1849,3.4802],[-76.182,3.4791],[-76.1797,3.4816],[-76.1731,3.4826],[-76.1643,3.4794],[-76.1563,3.4811],[-76.1535,3.4793],[-76.1511,3.479],[-76.148,3.4767],[-76.1443,3.4765],[-76.1401,3.4781],[-76.1326,3.4756],[-76.1256,3.4749],[-76.1219,3.4759],[-76.1166,3.4831],[-76.1147,3.4841],[-76.1084,3.4908],[-76.0982,3.4842]]]}},{"type":"Feature","properties":{"code":"76606","name":"RESTREPO","aro":"CENTRO","area_km2":137.2,"nivel":"ROJO","razon":"Evidencia directa CVC de precipitación muy deficitaria.","hidro":"","station":"Restrepo","foco":true,"sist":34,"pob":9228,"q":85.0,"P1":34,"P2":0,"P3":0,"pobP12":9228,"P1_clima":23,"P2_clima":8,"P3_clima":2,"SIN_DATO_clima":0,"sist_geo":33,"alta_exp":23,"media_exp":8,"menor_exp":2,"sin_dato_exp":0,"pct_alta":69.7,"indice_municipal":2.636,"presion_municipal":"ALTA","prioridad_diag":"Diagnóstico prioritario","regla_presion_municipal":"Alta >=60% sistemas en alta exposición; Importante 40-<60%; Moderada 20-<40%; Referencia <20%."},"geometry":{"type":"Polygon","coordinates":[[[-76.484,3.8679],[-76.4778,3.8654],[-76.4806,3.8651],[-76.4845,3.8626],[-76.4881,3.8587],[-76.4898,3.8549],[-76.4865,3.8534],[-76.4844,3.854],[-76.4843,3.8531],[-76.4805,3.8527],[-76.4807,3.8484],[-76.4795,3.8468],[-76.4792,3.8447],[-76.4817,3.8358],[-76.4795,3.8346],[-76.4688,3.8322],[-76.4675,3.8307],[-76.497,3.7648],[-76.4983,3.7675],[-76.4994,3.767],[-76.5012,3.7688],[-76.5019,3.7672],[-76.5049,3.7669],[-76.5065,3.768],[-76.5096,3.767],[-76.5116,3.7672],[-76.513,3.7655],[-76.5147,3.7653],[-76.5145,3.7642],[-76.5175,3.7642],[-76.519,3.7609],[-76.5208,3.7599],[-76.5212,3.7579],[-76.5252,3.7579],[-76.5252,3.7563],[-76.5267,3.7564],[-76.5314,3.7528],[-76.5316,3.7519],[-76.5331,3.752],[-76.5336,3.7504],[-76.5359,3.7505],[-76.5374,3.7481],[-76.5398,3.7468],[-76.541,3.7452],[-76.5432,3.7447],[-76.5431,3.7437],[-76.5442,3.743],[-76.5446,3.7447],[-76.5468,3.744],[-76.547,3.7447],[-76.5493,3.7453],[-76.5561,3.7447],[-76.5594,3.7478],[-76.5614,3.7481],[-76.5646,3.7516],[-76.5654,3.7516],[-76.5663,3.7497],[-76.5679,3.7493],[-76.5696,3.7501],[-76.5712,3.7521],[-76.5742,3.7507],[-76.5748,3.7525],[-76.5758,3.7504],[-76.5781,3.7503],[-76.5795,3.7492],[-76.5817,3.7508],[-76.5833,3.7503],[-76.5839,3.7547],[-76.5849,3.755],[-76.5854,3.754],[-76.5875,3.7551],[-76.5878,3.7557],[-76.5867,3.7561],[-76.5884,3.7566],[-76.5893,3.7577],[-76.5915,3.7551],[-76.5908,3.7534],[-76.5919,3.7517],[-76.5981,3.7504],[-76.601,3.7519],[-76.6025,3.7508],[-76.6047,3.7527],[-76.6061,3.7525],[-76.611,3.7567],[-76.611,3.7595],[-76.6126,3.7604],[-76.6112,3.7605],[-76.6112,3.7613],[-76.6125,3.7614],[-76.6128,3.7623],[-76.6111,3.7635],[-76.6122,3.7637],[-76.6124,3.765],[-76.6066,3.7637],[-76.6052,3.7591],[-76.6038,3.758],[-76.6024,3.7582],[-76.6,3.7685],[-76.5984,3.7707],[-76.6005,3.7723],[-76.6027,3.7726],[-76.603,3.7756],[-76.602,3.7765],[-76.6021,3.7785],[-76.6007,3.7797],[-76.5964,3.7789],[-76.5955,3.7809],[-76.5935,3.7812],[-76.5917,3.7825],[-76.592,3.7846],[-76.5977,3.788],[-76.5991,3.7901],[-76.5974,3.7932],[-76.5939,3.7934],[-76.5919,3.7947],[-76.589,3.8009],[-76.5877,3.8016],[-76.5864,3.804],[-76.5837,3.8047],[-76.5836,3.8064],[-76.5825,3.8066],[-76.5803,3.8091],[-76.58,3.8127],[-76.5768,3.8154],[-76.5767,3.817],[-76.5755,3.8181],[-76.5742,3.8219],[-76.5753,3.8231],[-76.5751,3.8259],[-76.5772,3.83],[-76.5773,3.8335],[-76.5736,3.8379],[-76.5637,3.8466],[-76.5438,3.8562],[-76.5397,3.8608],[-76.5365,3.8625],[-76.529,3.8637],[-76.5269,3.8656],[-76.5238,3.8657],[-76.5092,3.8774],[-76.5027,3.8752],[-76.4947,3.871],[-76.4924,3.8689],[-76.484,3.8679]]]}},{"type":"Feature","properties":{"code":"76616","name":"RIOFRÍO","aro":"CENTRO","area_km2":308.1,"nivel":"NARANJA","razon":"Pronóstico IDEAM vigente: lluvia por debajo de lo normal y temperatura por encima.","hidro":"Salónica río Riofrío 76% del histórico.","station":"","foco":false,"sist":27,"pob":10832,"q":85.3,"P1":0,"P2":19,"P3":8,"pobP12":3220,"P1_clima":3,"P2_clima":10,"P3_clima":13,"SIN_DATO_clima":0,"sist_geo":26,"alta_exp":3,"media_exp":10,"menor_exp":13,"sin_dato_exp":0,"pct_alta":11.5,"indice_municipal":1.615,"presion_municipal":"REFERENCIA","prioridad_diag":"Monitoreo de referencia","regla_presion_municipal":"Alta >=60% sistemas en alta exposición; Importante 40-<60%; Moderada 20-<40%; Referencia <20%."},"geometry":{"type":"Polygon","coordinates":[[[-76.2889,4.2042],[-76.287,4.2032],[-76.2874,4.2012],[-76.2862,4.201],[-76.287,4.1999],[-76.2867,4.1989],[-76.2835,4.1973],[-76.2821,4.1933],[-76.2795,4.1898],[-76.2748,4.1873],[-76.2735,4.1876],[-76.2695,4.1837],[-76.2657,4.182],[-76.2647,4.1803],[-76.2622,4.18],[-76.2616,4.1791],[-76.2602,4.1795],[-76.2604,4.1817],[-76.2583,4.1837],[-76.2579,4.1834],[-76.2598,4.181],[-76.2594,4.1796],[-76.2581,4.181],[-76.2566,4.181],[-76.2556,4.1828],[-76.251,4.184],[-76.2486,4.184],[-76.2453,4.1809],[-76.2451,4.178],[-76.2469,4.1765],[-76.25,4.1757],[-76.2508,4.1736],[-76.2491,4.1706],[-76.2459,4.1679],[-76.2453,4.1646],[-76.2464,4.1629],[-76.2507,4.1601],[-76.2529,4.1562],[-76.2519,4.1505],[-76.248,4.1522],[-76.2469,4.1515],[-76.2461,4.1497],[-76.2497,4.1468],[-76.251,4.1443],[-76.2508,4.1425],[-76.2482,4.1387],[-76.2483,4.1366],[-76.25,4.1355],[-76.254,4.136],[-76.256,4.1353],[-76.2585,4.1302],[-76.2639,4.1289],[-76.267,4.1246],[-76.2704,4.1236],[-76.2755,4.1185],[-76.2748,4.1111],[-76.2788,4.1064],[-76.282,4.1045],[-76.2834,4.1051],[-76.2825,4.1107],[-76.2835,4.1127],[-76.2875,4.1163],[-76.2878,4.1186],[-76.2863,4.123],[-76.2869,4.124],[-76.2878,4.1241],[-76.2919,4.1191],[-76.2954,4.1171],[-76.2979,4.1144],[-76.3006,4.114],[-76.2994,4.1129],[-76.293,4.1113],[-76.2931,4.1098],[-76.2966,4.1067],[-76.3001,4.1022],[-76.3044,4.0989],[-76.3079,4.0967],[-76.3138,4.0949],[-76.311,4.0907],[-76.3123,4.0863],[-76.3116,4.0834],[-76.3139,4.08],[-76.3129,4.0779],[-76.3063,4.0747],[-76.3051,4.0808],[-76.3036,4.0832],[-76.3018,4.0841],[-76.2949,4.0745],[-76.2955,4.0726],[-76.299,4.0742],[-76.3032,4.0747],[-76.3062,4.0729],[-76.3081,4.0689],[-76.3033,4.0673],[-76.3057,4.0632],[-76.3061,4.0605],[-76.3115,4.0591],[-76.3145,4.06],[-76.3165,4.0586],[-76.3173,4.0603],[-76.3182,4.0592],[-76.3196,4.06],[-76.3216,4.0588],[-76.3248,4.0589],[-76.3254,4.0581],[-76.3268,4.0587],[-76.3279,4.0582],[-76.3287,4.0591],[-76.3297,4.0579],[-76.3316,4.0575],[-76.3317,4.0556],[-76.3332,4.0564],[-76.3352,4.0556],[-76.336,4.0567],[-76.3375,4.0551],[-76.3402,4.0548],[-76.3406,4.0532],[-76.3418,4.0524],[-76.3439,4.0538],[-76.3456,4.0525],[-76.3497,4.0546],[-76.3523,4.0542],[-76.354,4.0526],[-76.3558,4.0533],[-76.3586,4.0511],[-76.3615,4.0463],[-76.3628,4.0459],[-76.3624,4.0433],[-76.3633,4.0417],[-76.3627,4.0383],[-76.3596,4.0347],[-76.3582,4.0311],[-76.3609,4.0298],[-76.3604,4.0288],[-76.3641,4.0268],[-76.3648,4.0244],[-76.3644,4.0226],[-76.3671,4.022],[-76.3691,4.0203],[-76.373,4.0198],[-76.3736,4.0182],[-76.3795,4.0139],[-76.3801,4.0145],[-76.389,4.0143],[-76.394,4.0103],[-76.3956,4.0113],[-76.3971,4.0096],[-76.4004,4.0103],[-76.4026,4.0077],[-76.4046,4.007],[-76.4062,4.0045],[-76.4082,4.0049],[-76.4125,4.0087],[-76.4157,4.0098],[-76.417,4.0121],[-76.4159,4.0139],[-76.4146,4.0139],[-76.4139,4.0147],[-76.4138,4.0164],[-76.4125,4.018],[-76.4122,4.0218],[-76.4109,4.0239],[-76.4113,4.025],[-76.4096,4.0267],[-76.4099,4.0288],[-76.4081,4.0325],[-76.4082,4.0373],[-76.4097,4.044],[-76.4069,4.049],[-76.408,4.051],[-76.4086,4.0551],[-76.4115,4.0556],[-76.4162,4.0534],[-76.4182,4.0511],[-76.4193,4.048],[-76.4215,4.0466],[-76.4261,4.0482],[-76.4298,4.0483],[-76.435,4.0527],[-76.441,4.0493],[-76.4467,4.0447],[-76.4481,4.0468],[-76.4531,4.0475],[-76.4538,4.0497],[-76.4553,4.0498],[-76.4595,4.048],[-76.4612,4.0496],[-76.4634,4.0495],[-76.4669,4.0509],[-76.4703,4.0538],[-76.4773,4.0527],[-76.4915,4.0555],[-76.4931,4.0561],[-76.4952,4.0595],[-76.4987,4.0624],[-76.4989,4.0638],[-76.4974,4.0667],[-76.4944,4.0695],[-76.4902,4.0814],[-76.4844,4.0896],[-76.4804,4.0934],[-76.4787,4.0972],[-76.4727,4.1036],[-76.4673,4.1209],[-76.4629,4.1303],[-76.4585,4.1366],[-76.4569,4.1403],[-76.453,4.1449],[-76.4483,4.1615],[-76.3758,4.1617],[-76.3717,4.1622],[-76.3668,4.1617],[-76.365,4.1607],[-76.3588,4.1607],[-76.3555,4.16],[-76.3539,4.1588],[-76.3506,4.1597],[-76.3498,4.1591],[-76.3487,4.1596],[-76.3478,4.1624],[-76.3443,4.1632],[-76.3425,4.1655],[-76.3413,4.1723],[-76.3358,4.1714],[-76.3352,4.1728],[-76.3329,4.1734],[-76.3312,4.1722],[-76.3308,4.1797],[-76.3259,4.1946],[-76.3182,4.191],[-76.3138,4.1951],[-76.3094,4.1943],[-76.3081,4.1953],[-76.3079,4.1965],[-76.3055,4.1972],[-76.3002,4.1955],[-76.2951,4.1988],[-76.2936,4.1984],[-76.2934,4.1994],[-76.2921,4.1991],[-76.2925,4.2022],[-76.2912,4.2034],[-76.2889,4.2042]]]}},{"type":"Feature","properties":{"code":"76622","name":"ROLDANILLO","aro":"NORTE","area_km2":234.9,"nivel":"NARANJA","razon":"Pronóstico IDEAM vigente: lluvia por debajo de lo normal y temperatura por encima.","hidro":"","station":"","foco":false,"sist":13,"pob":7520,"q":101.7,"P1":0,"P2":6,"P3":7,"pobP12":864,"P1_clima":5,"P2_clima":8,"P3_clima":0,"SIN_DATO_clima":0,"sist_geo":13,"alta_exp":5,"media_exp":8,"menor_exp":0,"sin_dato_exp":0,"pct_alta":38.5,"indice_municipal":2.385,"presion_municipal":"MODERADA","prioridad_diag":"Seguimiento preventivo","regla_presion_municipal":"Alta >=60% sistemas en alta exposición; Importante 40-<60%; Moderada 20-<40%; Referencia <20%."},"geometry":{"type":"Polygon","coordinates":[[[-76.2027,4.5138],[-76.1948,4.5113],[-76.1904,4.5114],[-76.1882,4.5084],[-76.1869,4.5091],[-76.1827,4.508],[-76.1797,4.5052],[-76.1759,4.5037],[-76.1691,4.5079],[-76.1686,4.5108],[-76.1663,4.5128],[-76.1649,4.5115],[-76.1646,4.5098],[-76.1651,4.5056],[-76.1665,4.5025],[-76.1639,4.4985],[-76.1615,4.4973],[-76.1597,4.4939],[-76.1578,4.4883],[-76.1595,4.4831],[-76.157,4.4807],[-76.1561,4.4777],[-76.1536,4.4807],[-76.1504,4.4813],[-76.1437,4.488],[-76.1408,4.4882],[-76.1356,4.486],[-76.1328,4.4906],[-76.1303,4.4922],[-76.1301,4.4936],[-76.1256,4.5002],[-76.1234,4.4992],[-76.1211,4.5001],[-76.1182,4.4989],[-76.1146,4.5019],[-76.1104,4.5031],[-76.1093,4.5042],[-76.1053,4.504],[-76.104,4.5053],[-76.1014,4.5055],[-76.0994,4.5069],[-76.093,4.5026],[-76.091,4.502],[-76.0882,4.5026],[-76.0656,4.4928],[-76.0698,4.4862],[-76.0739,4.4824],[-76.0789,4.4801],[-76.0834,4.4735],[-76.0849,4.4732],[-76.0874,4.4748],[-76.0881,4.4735],[-76.0878,4.4717],[-76.0869,4.4709],[-76.0815,4.4733],[-76.078,4.4729],[-76.0762,4.4697],[-76.0792,4.4653],[-76.0788,4.4624],[-76.0705,4.4592],[-76.0693,4.4548],[-76.0672,4.4521],[-76.0658,4.4483],[-76.0702,4.4374],[-76.0727,4.4341],[-76.0752,4.433],[-76.0766,4.4345],[-76.0782,4.4405],[-76.0795,4.4427],[-76.0844,4.4429],[-76.0806,4.4394],[-76.0798,4.4347],[-76.0833,4.4307],[-76.0895,4.4293],[-76.094,4.4265],[-76.0956,4.4221],[-76.0927,4.4169],[-76.0926,4.413],[-76.0935,4.4118],[-76.0975,4.4102],[-76.0997,4.4084],[-76.1025,4.4022],[-76.1042,4.4004],[-76.1078,4.3998],[-76.1121,4.4037],[-76.115,4.4049],[-76.1226,4.4054],[-76.1275,4.4033],[-76.1283,4.4],[-76.1269,4.3924],[-76.1417,4.3796],[-76.1395,4.3781],[-76.1325,4.3774],[-76.1301,4.3742],[-76.1303,4.3726],[-76.1316,4.3715],[-76.1344,4.3714],[-76.1411,4.3748],[-76.1451,4.3751],[-76.1475,4.3744],[-76.1485,4.3725],[-76.1574,4.3703],[-76.1631,4.3679],[-76.1682,4.3707],[-76.1732,4.371],[-76.1764,4.3742],[-76.1802,4.3755],[-76.182,4.3742],[-76.1843,4.3745],[-76.1881,4.3729],[-76.1956,4.3804],[-76.1981,4.3798],[-76.2005,4.3802],[-76.2066,4.3827],[-76.2096,4.383],[-76.2141,4.3854],[-76.2153,4.3864],[-76.2145,4.3901],[-76.2151,4.3916],[-76.2206,4.3948],[-76.2275,4.397],[-76.2305,4.3959],[-76.2356,4.3961],[-76.237,4.3951],[-76.237,4.3962],[-76.2376,4.3962],[-76.2401,4.393],[-76.2406,4.3944],[-76.2518,4.3993],[-76.2563,4.4026],[-76.2517,4.4101],[-76.252,4.4121],[-76.2495,4.4143],[-76.2488,4.4187],[-76.2458,4.4243],[-76.2456,4.4292],[-76.2536,4.4394],[-76.2559,4.4406],[-76.2616,4.4414],[-76.2658,4.4433],[-76.2705,4.4543],[-76.2753,4.4557],[-76.2791,4.4554],[-76.2802,4.456],[-76.2807,4.4623],[-76.2787,4.4639],[-76.279,4.4693],[-76.2769,4.472],[-76.2778,4.4751],[-76.2754,4.4755],[-76.266,4.4819],[-76.2623,4.4792],[-76.2527,4.4788],[-76.2517,4.4797],[-76.2504,4.478],[-76.2471,4.4771],[-76.2447,4.4754],[-76.2424,4.4714],[-76.239,4.4697],[-76.2333,4.4709],[-76.2278,4.4687],[-76.2234,4.4701],[-76.2219,4.4724],[-76.217,4.4754],[-76.2152,4.4775],[-76.2152,4.4766],[-76.2139,4.4774],[-76.2125,4.4756],[-76.2112,4.4752],[-76.2112,4.4763],[-76.2132,4.478],[-76.212,4.4802],[-76.2156,4.4857],[-76.2139,4.4903],[-76.2143,4.4936],[-76.2122,4.4964],[-76.2094,4.4964],[-76.2084,4.499],[-76.2085,4.5021],[-76.2109,4.5066],[-76.2123,4.5068],[-76.2115,4.5092],[-76.2077,4.5124],[-76.2055,4.5155],[-76.2036,4.5153],[-76.2027,4.5138]]]}},{"type":"Feature","properties":{"code":"76670","name":"SAN PEDRO","aro":"CENTRO","area_km2":202.1,"nivel":"ROJO","razon":"Foco histórico UESVALLE + pronóstico IDEAM de lluvia por debajo y temperatura por encima.","hidro":"","station":"","foco":true,"sist":13,"pob":4696,"q":27.6,"P1":13,"P2":0,"P3":0,"pobP12":4696,"P1_clima":13,"P2_clima":0,"P3_clima":0,"SIN_DATO_clima":0,"sist_geo":13,"alta_exp":13,"media_exp":0,"menor_exp":0,"sin_dato_exp":0,"pct_alta":100.0,"indice_municipal":3.0,"presion_municipal":"ALTA","prioridad_diag":"Diagnóstico prioritario","regla_presion_municipal":"Alta >=60% sistemas en alta exposición; Importante 40-<60%; Moderada 20-<40%; Referencia <20%."},"geometry":{"type":"Polygon","coordinates":[[[-76.297,4.0484],[-76.2971,4.0467],[-76.2938,4.0468],[-76.2936,4.0479],[-76.2911,4.0463],[-76.2739,4.0417],[-76.2712,4.0385],[-76.2692,4.0376],[-76.2671,4.0379],[-76.2651,4.036],[-76.2641,4.0365],[-76.2607,4.0348],[-76.2605,4.034],[-76.2585,4.0342],[-76.2568,4.0359],[-76.2544,4.0348],[-76.2539,4.0337],[-76.2498,4.0338],[-76.2496,4.033],[-76.2458,4.0321],[-76.2453,4.0331],[-76.2427,4.0323],[-76.2418,4.0328],[-76.2401,4.0355],[-76.2334,4.0341],[-76.2331,4.0351],[-76.2288,4.0351],[-76.2281,4.0363],[-76.2247,4.035],[-76.2227,4.0365],[-76.2156,4.0389],[-76.2095,4.0391],[-76.21,4.0379],[-76.1995,4.0341],[-76.1997,4.0332],[-76.1985,4.033],[-76.1952,4.0335],[-76.1944,4.0354],[-76.1927,4.0359],[-76.1878,4.035],[-76.1865,4.0358],[-76.1853,4.035],[-76.1811,4.0354],[-76.1792,4.0339],[-76.1779,4.0344],[-76.1748,4.0281],[-76.1744,4.0232],[-76.1772,4.0196],[-76.1793,4.02],[-76.1797,4.0172],[-76.177,4.0177],[-76.1685,4.0156],[-76.1673,4.0176],[-76.1674,4.0208],[-76.1659,4.023],[-76.1648,4.0236],[-76.1618,4.0226],[-76.1605,4.0187],[-76.1582,4.0164],[-76.1573,4.0127],[-76.1555,4.012],[-76.1555,4.0092],[-76.1532,4.0074],[-76.1527,4.0031],[-76.1506,4.0013],[-76.1501,3.9995],[-76.1486,3.9993],[-76.1475,3.9973],[-76.1455,3.9965],[-76.1426,3.9926],[-76.141,3.9868],[-76.1384,3.9848],[-76.1366,3.9807],[-76.1372,3.9772],[-76.135,3.976],[-76.1349,3.9747],[-76.1299,3.9709],[-76.1284,3.9708],[-76.1264,3.9685],[-76.1223,3.9685],[-76.1206,3.967],[-76.1166,3.9656],[-76.1155,3.9638],[-76.1071,3.9606],[-76.1033,3.9576],[-76.1004,3.9576],[-76.1004,3.9566],[-76.1022,3.9559],[-76.1059,3.9502],[-76.1076,3.9431],[-76.1099,3.9402],[-76.1128,3.9324],[-76.1149,3.929],[-76.1149,3.9262],[-76.1163,3.9224],[-76.1157,3.9162],[-76.1183,3.9148],[-76.1201,3.915],[-76.1229,3.918],[-76.1245,3.9183],[-76.1305,3.9102],[-76.1348,3.9087],[-76.1391,3.9049],[-76.1411,3.904],[-76.1476,3.9049],[-76.1487,3.9058],[-76.1495,3.9116],[-76.1528,3.9172],[-76.1522,3.9214],[-76.155,3.9259],[-76.1583,3.9258],[-76.1597,3.9248],[-76.1633,3.9266],[-76.1653,3.9256],[-76.1727,3.9257],[-76.1765,3.9245],[-76.1809,3.9195],[-76.1835,3.9191],[-76.1859,3.9206],[-76.192,3.9266],[-76.1943,3.9275],[-76.1948,3.9308],[-76.1978,3.9334],[-76.1995,3.9337],[-76.2024,3.9324],[-76.2116,3.9378],[-76.2132,3.9373],[-76.2143,3.9385],[-76.2149,3.9378],[-76.2178,3.9384],[-76.2222,3.9348],[-76.2278,3.9317],[-76.2273,3.9358],[-76.2279,3.9387],[-76.2232,3.9402],[-76.2309,3.9415],[-76.2335,3.9439],[-76.2401,3.944],[-76.2411,3.9454],[-76.2406,3.9462],[-76.2421,3.9521],[-76.2446,3.9541],[-76.2451,3.9556],[-76.2466,3.956],[-76.2467,3.9575],[-76.2483,3.9578],[-76.2492,3.9592],[-76.2513,3.9587],[-76.253,3.9592],[-76.2538,3.9585],[-76.2549,3.9597],[-76.2565,3.9588],[-76.2575,3.9599],[-76.2561,3.9604],[-76.2574,3.9616],[-76.2579,3.9609],[-76.2596,3.9612],[-76.2611,3.9604],[-76.2621,3.9586],[-76.2658,3.9594],[-76.2685,3.958],[-76.2697,3.9592],[-76.2716,3.9586],[-76.273,3.9598],[-76.2733,3.9593],[-76.2731,3.9604],[-76.2744,3.9603],[-76.2746,3.9613],[-76.2774,3.9617],[-76.2775,3.9608],[-76.2788,3.9624],[-76.2816,3.9633],[-76.2836,3.968],[-76.2876,3.9739],[-76.2952,3.9828],[-76.2968,3.9839],[-76.2991,3.9824],[-76.3051,3.9866],[-76.3059,3.986],[-76.3076,3.9865],[-76.3127,3.9931],[-76.3104,3.9968],[-76.3109,4.0023],[-76.3096,4.0043],[-76.307,4.0035],[-76.3068,3.9989],[-76.3062,3.9982],[-76.3041,3.9987],[-76.3026,4.0013],[-76.3036,4.0044],[-76.3074,4.0061],[-76.3085,4.0075],[-76.3088,4.0102],[-76.308,4.0145],[-76.3087,4.0163],[-76.3115,4.0186],[-76.3113,4.0193],[-76.3086,4.0204],[-76.3055,4.0199],[-76.302,4.0174],[-76.2992,4.0135],[-76.298,4.0136],[-76.2968,4.0156],[-76.2972,4.0177],[-76.2991,4.0195],[-76.2998,4.0219],[-76.2974,4.0264],[-76.3042,4.0306],[-76.3043,4.0327],[-76.3026,4.0363],[-76.3034,4.039],[-76.3054,4.0398],[-76.3089,4.0386],[-76.3097,4.0391],[-76.3096,4.0406],[-76.3061,4.044],[-76.3092,4.0466],[-76.3084,4.0482],[-76.3071,4.0488],[-76.3016,4.0483],[-76.3004,4.0492],[-76.297,4.0484]]]}},{"type":"Feature","properties":{"code":"76736","name":"SEVILLA","aro":"NORTE","area_km2":537.2,"nivel":"NARANJA","razon":"Pronóstico IDEAM vigente: lluvia por debajo de lo normal y temperatura por encima.","hidro":"","station":"","foco":false,"sist":27,"pob":7620,"q":164.8,"P1":0,"P2":18,"P3":9,"pobP12":3164,"P1_clima":26,"P2_clima":2,"P3_clima":0,"SIN_DATO_clima":0,"sist_geo":28,"alta_exp":26,"media_exp":2,"menor_exp":0,"sin_dato_exp":0,"pct_alta":92.9,"indice_municipal":2.929,"presion_municipal":"ALTA","prioridad_diag":"Diagnóstico prioritario","regla_presion_municipal":"Alta >=60% sistemas en alta exposición; Importante 40-<60%; Moderada 20-<40%; Referencia <20%."},"geometry":{"type":"Polygon","coordinates":[[[-75.8706,4.4111],[-75.8682,4.4095],[-75.8675,4.4106],[-75.8662,4.4103],[-75.8665,4.4081],[-75.8655,4.4065],[-75.8689,4.4059],[-75.8699,4.4049],[-75.8674,4.4033],[-75.8687,4.4012],[-75.8685,4.4002],[-75.8669,4.4003],[-75.8678,4.3989],[-75.8649,4.3973],[-75.8633,4.3975],[-75.8641,4.3961],[-75.8621,4.3955],[-75.8613,4.3931],[-75.8587,4.3911],[-75.8606,4.3897],[-75.859,4.3877],[-75.8573,4.3881],[-75.857,4.3873],[-75.8567,4.3836],[-75.8574,4.3814],[-75.8567,4.3794],[-75.859,4.3751],[-75.8568,4.3707],[-75.8573,4.3697],[-75.8565,4.3677],[-75.8574,4.3667],[-75.8558,4.3669],[-75.8548,4.3635],[-75.8558,4.3629],[-75.8564,4.3604],[-75.8574,4.3611],[-75.8579,4.3601],[-75.8594,4.3601],[-75.8609,4.3588],[-75.8609,4.3568],[-75.8619,4.3565],[-75.8629,4.3544],[-75.8623,4.3531],[-75.8634,4.3528],[-75.8655,4.3494],[-75.8656,4.3459],[-75.8647,4.3451],[-75.8663,4.343],[-75.8669,4.3404],[-75.8684,4.3401],[-75.8682,4.3389],[-75.8689,4.3384],[-75.8696,4.3349],[-75.8689,4.3336],[-75.8715,4.3317],[-75.8722,4.3269],[-75.8735,4.3274],[-75.8743,4.3252],[-75.8758,4.3253],[-75.8758,4.3236],[-75.8792,4.3215],[-75.8787,4.3204],[-75.88,4.3182],[-75.8806,4.3142],[-75.8834,4.3104],[-75.8855,4.309],[-75.8846,4.3064],[-75.8884,4.3039],[-75.8903,4.302],[-75.8899,4.3012],[-75.8923,4.3002],[-75.8936,4.2983],[-75.8943,4.2943],[-75.8917,4.2922],[-75.8918,4.2904],[-75.8902,4.2882],[-75.8904,4.284],[-75.8888,4.2817],[-75.8894,4.28],[-75.8879,4.2787],[-75.8879,4.2763],[-75.8866,4.2743],[-75.8866,4.2707],[-75.8826,4.267],[-75.8782,4.2663],[-75.8736,4.2587],[-75.872,4.2574],[-75.8712,4.2578],[-75.87,4.2553],[-75.8648,4.2494],[-75.8613,4.2467],[-75.8592,4.2428],[-75.8557,4.2392],[-75.8583,4.2372],[-75.8584,4.2343],[-75.8598,4.2313],[-75.8596,4.2285],[-75.8635,4.2223],[-75.8639,4.2187],[-75.8618,4.2141],[-75.8606,4.2085],[-75.8553,4.2029],[-75.8515,4.2006],[-75.8406,4.1998],[-75.8395,4.199],[-75.8371,4.2013],[-75.8367,4.2041],[-75.8333,4.2077],[-75.8313,4.2121],[-75.8249,4.2148],[-75.8249,4.2116],[-75.8194,4.2024],[-75.8198,4.2008],[-75.8209,4.2004],[-75.8231,4.1969],[-75.8229,4.1925],[-75.8253,4.1893],[-75.8273,4.1821],[-75.8331,4.1738],[-75.837,4.1607],[-75.838,4.1591],[-75.8419,4.1561],[-75.843,4.1508],[-75.8429,4.1486],[-75.8408,4.1433],[-75.8425,4.1384],[-75.8408,4.1326],[-75.8424,4.128],[-75.8419,4.1231],[-75.8378,4.1195],[-75.8371,4.1166],[-75.8334,4.1156],[-75.8331,4.1146],[-75.8345,4.1085],[-75.8393,4.1026],[-75.839,4.0976],[-75.8284,4.0997],[-75.8222,4.0979],[-75.82,4.0987],[-75.819,4.0974],[-75.8147,4.0968],[-75.8129,4.0951],[-75.809,4.0937],[-75.8023,4.0935],[-75.7982,4.091],[-75.7963,4.0911],[-75.794,4.0883],[-75.7883,4.0879],[-75.7869,4.0895],[-75.785,4.0899],[-75.7841,4.0849],[-75.7797,4.0817],[-75.7775,4.0815],[-75.7768,4.0782],[-75.7744,4.0762],[-75.7718,4.0765],[-75.7666,4.0753],[-75.7607,4.0766],[-75.7555,4.0757],[-75.7524,4.0774],[-75.7525,4.0712],[-75.7477,4.0639],[-75.7445,4.0611],[-75.7414,4.0601],[-75.7397,4.0572],[-75.7376,4.0554],[-75.7387,4.0517],[-75.7403,4.0502],[-75.7425,4.0496],[-75.7447,4.046],[-75.7454,4.0432],[-75.7477,4.0407],[-75.7491,4.0399],[-75.7514,4.04],[-75.7528,4.0349],[-75.7556,4.0307],[-75.7585,4.0289],[-75.7617,4.0245],[-75.7704,4.0197],[-75.773,4.0157],[-75.7729,4.0101],[-75.7736,4.0077],[-75.7765,4.004],[-75.7815,4.0036],[-75.784,4.0082],[-75.7848,4.0084],[-75.7916,4.0082],[-75.7953,4.0051],[-75.7957,3.9978],[-75.7943,3.9955],[-75.7968,3.9891],[-75.7928,3.9858],[-75.7932,3.9824],[-75.7915,3.9799],[-75.7934,3.9768],[-75.7918,3.975],[-75.7922,3.9722],[-75.7915,3.971],[-75.793,3.9691],[-75.7965,3.9608],[-75.8024,3.9565],[-75.8034,3.9545],[-75.8057,3.9528],[-75.8051,3.9469],[-75.8075,3.943],[-75.809,3.9371],[-75.8069,3.9349],[-75.8071,3.9313],[-75.8119,3.9214],[-75.8122,3.9194],[-75.8143,3.9193],[-75.8193,3.9127],[-75.82,3.9107],[-75.8196,3.9084],[-75.821,3.9051],[-75.8228,3.9046],[-75.8236,3.9133],[-75.8212,3.9212],[-75.8218,3.9266],[-75.8202,3.9313],[-75.8208,3.9338],[-75.8197,3.9362],[-75.819,3.9407],[-75.8205,3.9441],[-75.8216,3.9448],[-75.8215,3.9469],[-75.8227,3.9483],[-75.8227,3.9498],[-75.8241,3.9524],[-75.8299,3.9554],[-75.8339,3.961],[-75.8339,3.9666],[-75.8364,3.97],[-75.8361,3.9712],[-75.8411,3.9767],[-75.8418,3.9788],[-75.8434,3.9793],[-75.8444,3.9815],[-75.8443,3.9837],[-75.8464,3.9871],[-75.8445,3.9922],[-75.8449,3.9936],[-75.8439,3.9941],[-75.8412,3.999],[-75.8412,4.0018],[-75.8396,4.0039],[-75.8457,4.0115],[-75.8493,4.014],[-75.8519,4.0202],[-75.8547,4.0231],[-75.8556,4.0258],[-75.8581,4.0264],[-75.8565,4.0292],[-75.857,4.0301],[-75.8561,4.0308],[-75.8569,4.0313],[-75.8544,4.0338],[-75.8562,4.0385],[-75.8546,4.0439],[-75.8551,4.0448],[-75.8541,4.0462],[-75.8549,4.0476],[-75.8538,4.0485],[-75.8549,4.0497],[-75.8543,4.0503],[-75.8554,4.0525],[-75.8565,4.0532],[-75.8557,4.0548],[-75.8574,4.0564],[-75.8567,4.0581],[-75.8597,4.0592],[-75.86,4.061],[-75.8623,4.0618],[-75.8616,4.0634],[-75.86,4.0628],[-75.8595,4.0637],[-75.8607,4.0671],[-75.8603,4.0695],[-75.8648,4.0721],[-75.8659,4.0742],[-75.8712,4.0783],[-75.873,4.0809],[-75.8749,4.0814],[-75.8867,4.0805],[-75.8953,4.0831],[-75.8967,4.0819],[-75.8984,4.0819],[-75.9012,4.0844],[-75.9019,4.0888],[-75.9004,4.0928],[-75.9019,4.0974],[-75.9035,4.0994],[-75.9033,4.1013],[-75.9042,4.1041],[-75.9028,4.1168],[-75.9053,4.1244],[-75.909,4.1311],[-75.9057,4.1353],[-75.9035,4.1367],[-75.9005,4.1451],[-75.8979,4.1474],[-75.8987,4.15],[-75.9045,4.1535],[-75.9107,4.1599],[-75.9122,4.1626],[-75.9132,4.1672],[-75.9133,4.175],[-75.9153,4.1765],[-75.9173,4.1758],[-75.9198,4.1765],[-75.9232,4.1813],[-75.9271,4.1816],[-75.9303,4.183],[-75.9324,4.1825],[-75.9363,4.1834],[-75.9388,4.1855],[-75.942,4.1816],[-75.9489,4.1814],[-75.9498,4.1795],[-75.9544,4.1764],[-75.9562,4.1775],[-75.9589,4.1811],[-75.958,4.1858],[-75.9598,4.1866],[-75.9612,4.1898],[-75.9657,4.1918],[-75.9657,4.1971],[-75.9675,4.1982],[-75.9678,4.2003],[-75.9718,4.2051],[-75.9713,4.2081],[-75.9691,4.2115],[-75.9712,4.2127],[-75.9704,4.2136],[-75.972,4.2147],[-75.9718,4.2154],[-75.973,4.2164],[-75.9741,4.2163],[-75.9742,4.2185],[-75.9757,4.2204],[-75.9787,4.2208],[-75.9795,4.2196],[-75.9815,4.2212],[-75.9825,4.2205],[-75.9832,4.2213],[-75.9847,4.2207],[-75.9864,4.221],[-75.9874,4.2218],[-75.9875,4.2233],[-75.9897,4.2247],[-75.9889,4.225],[-75.9917,4.2267],[-75.9929,4.2255],[-75.9949,4.2275],[-75.9972,4.2277],[-75.9976,4.2289],[-75.9998,4.2281],[-76.0003,4.2297],[-76.0029,4.2294],[-76.0036,4.2315],[-76.0029,4.2324],[-76.0032,4.2339],[-76.0065,4.2346],[-76.0072,4.234],[-76.0095,4.2362],[-76.0098,4.2378],[-76.0111,4.2363],[-76.0112,4.2371],[-76.0123,4.2372],[-76.0119,4.2383],[-76.0131,4.2378],[-76.0131,4.2388],[-76.0141,4.2377],[-76.0158,4.2393],[-76.0172,4.2384],[-76.0175,4.2409],[-76.02,4.2434],[-76.0239,4.2447],[-76.0234,4.2463],[-76.0246,4.2465],[-76.0253,4.2449],[-76.0259,4.2466],[-76.0303,4.2459],[-76.0307,4.2472],[-76.0339,4.2472],[-76.0342,4.2493],[-76.0377,4.2512],[-76.0379,4.2519],[-76.0371,4.2536],[-76.0352,4.2546],[-76.0378,4.2568],[-76.0363,4.2602],[-76.0331,4.2599],[-76.0319,4.2611],[-76.0345,4.2633],[-76.0323,4.2663],[-76.033,4.2673],[-76.0323,4.269],[-76.0333,4.2706],[-76.0332,4.2722],[-76.0312,4.2737],[-76.0299,4.2713],[-76.0289,4.275],[-76.0293,4.2759],[-76.0271,4.2761],[-76.028,4.2778],[-76.0264,4.2794],[-76.0271,4.2806],[-76.0252,4.2827],[-76.026,4.2838],[-76.0251,4.2843],[-76.0257,4.2861],[-76.0242,4.2875],[-76.0249,4.2882],[-76.0264,4.2875],[-76.026,4.2888],[-76.027,4.2883],[-76.0271,4.2888],[-76.026,4.29],[-76.0261,4.2914],[-76.0241,4.2927],[-76.0223,4.2979],[-76.0206,4.2988],[-76.021,4.3015],[-76.0203,4.302],[-76.021,4.3037],[-76.0195,4.3032],[-76.0165,4.305],[-76.0169,4.3029],[-76.015,4.3029],[-76.0163,4.3021],[-76.0156,4.3009],[-76.0133,4.3004],[-76.0118,4.3021],[-76.0082,4.2993],[-76.0051,4.3006],[-76.0038,4.2987],[-76.0028,4.2993],[-76.0035,4.3004],[-76.0015,4.3001],[-76.0009,4.3014],[-75.9998,4.2999],[-75.9989,4.3013],[-75.9969,4.301],[-75.9961,4.3022],[-75.9947,4.3004],[-75.9917,4.3039],[-75.9909,4.3066],[-75.9899,4.307],[-75.9894,4.3065],[-75.9878,4.3078],[-75.9868,4.3074],[-75.9862,4.3083],[-75.9862,4.3105],[-75.987,4.3111],[-75.9857,4.3115],[-75.9857,4.313],[-75.9865,4.3138],[-75.9866,4.3164],[-75.9881,4.3175],[-75.9864,4.3186],[-75.9851,4.3225],[-75.9832,4.3254],[-75.9792,4.3274],[-75.9713,4.3212],[-75.9713,4.3193],[-75.9685,4.3178],[-75.9644,4.3216],[-75.9622,4.3219],[-75.9626,4.3207],[-75.961,4.3185],[-75.9594,4.3197],[-75.9595,4.3212],[-75.9585,4.3226],[-75.9571,4.3227],[-75.9558,4.3219],[-75.9541,4.3248],[-75.9529,4.3345],[-75.9512,4.3363],[-75.9514,4.3381],[-75.9504,4.3384],[-75.9498,4.3412],[-75.9484,4.3421],[-75.9467,4.3453],[-75.9469,4.349],[-75.9455,4.3507],[-75.9475,4.3566],[-75.9466,4.3596],[-75.9468,4.3623],[-75.9497,4.365],[-75.9486,4.3666],[-75.9507,4.3672],[-75.9504,4.3682],[-75.9515,4.369],[-75.9512,4.3717],[-75.9496,4.3722],[-75.9485,4.3744],[-75.9478,4.3742],[-75.9482,4.3733],[-75.9462,4.375],[-75.9447,4.3786],[-75.9425,4.38],[-75.9402,4.3869],[-75.9382,4.3883],[-75.9351,4.3876],[-75.9312,4.3885],[-75.9264,4.3929],[-75.9224,4.3949],[-75.9202,4.3987],[-75.9186,4.3999],[-75.9205,4.3989],[-75.9188,4.4001],[-75.9163,4.3998],[-75.9147,4.3973],[-75.9139,4.3977],[-75.914,4.3991],[-75.9128,4.4006],[-75.9109,4.3989],[-75.9106,4.4005],[-75.9116,4.4034],[-75.9109,4.4049],[-75.9101,4.4054],[-75.9086,4.4049],[-75.9074,4.4067],[-75.904,4.4088],[-75.897,4.407],[-75.8949,4.4078],[-75.8948,4.4088],[-75.8901,4.4086],[-75.8889,4.4103],[-75.8868,4.4088],[-75.8843,4.4093],[-75.8821,4.4086],[-75.8781,4.4092],[-75.8778,4.4099],[-75.8731,4.4112],[-75.8706,4.4111]]]}},{"type":"Feature","properties":{"code":"76823","name":"TORO","aro":"NORTE","area_km2":175.8,"nivel":"NARANJA","razon":"Pronóstico IDEAM vigente: lluvia por debajo de lo normal y temperatura por encima.","hidro":"","station":"","foco":false,"sist":10,"pob":3652,"q":58.5,"P1":0,"P2":3,"P3":7,"pobP12":2120,"P1_clima":1,"P2_clima":9,"P3_clima":0,"SIN_DATO_clima":0,"sist_geo":10,"alta_exp":1,"media_exp":9,"menor_exp":0,"sin_dato_exp":0,"pct_alta":10.0,"indice_municipal":2.1,"presion_municipal":"REFERENCIA","prioridad_diag":"Monitoreo de referencia","regla_presion_municipal":"Alta >=60% sistemas en alta exposición; Importante 40-<60%; Moderada 20-<40%; Referencia <20%."},"geometry":{"type":"Polygon","coordinates":[[[-76.0853,4.7357],[-76.0842,4.7338],[-76.0839,4.7306],[-76.0777,4.7289],[-76.0759,4.7272],[-76.0756,4.7281],[-76.0752,4.7276],[-76.0752,4.7247],[-76.0732,4.7205],[-76.0726,4.7148],[-76.0656,4.7166],[-76.0591,4.7147],[-76.0546,4.7168],[-76.0531,4.7136],[-76.0496,4.7113],[-76.0466,4.7066],[-76.0436,4.7052],[-76.0422,4.7058],[-76.0421,4.7048],[-76.0432,4.7036],[-76.0424,4.702],[-76.0356,4.7019],[-76.035,4.6997],[-76.0374,4.6965],[-76.0356,4.6934],[-76.0292,4.697],[-76.0265,4.6973],[-76.02,4.6921],[-76.0158,4.6927],[-76.0166,4.6891],[-76.0151,4.6835],[-76.0159,4.677],[-76.0154,4.6693],[-76.0178,4.6635],[-76.0224,4.6587],[-76.0231,4.6518],[-76.0248,4.6465],[-76.0246,4.6433],[-76.0253,4.6426],[-76.0299,4.6419],[-76.0321,4.6391],[-76.0324,4.6364],[-76.0284,4.6316],[-76.0283,4.6283],[-76.0304,4.6256],[-76.0353,4.6231],[-76.0368,4.6199],[-76.0355,4.618],[-76.0314,4.6215],[-76.0297,4.6213],[-76.0267,4.619],[-76.0226,4.621],[-76.0215,4.6208],[-76.017,4.6168],[-76.0153,4.6139],[-76.0151,4.6115],[-76.0168,4.6069],[-76.0151,4.6059],[-76.0118,4.6057],[-76.0109,4.6042],[-76.0151,4.6013],[-76.0173,4.601],[-76.0214,4.6036],[-76.0231,4.6061],[-76.024,4.6061],[-76.0253,4.6045],[-76.0255,4.6015],[-76.0201,4.5931],[-76.0207,4.5885],[-76.0241,4.5866],[-76.0298,4.5882],[-76.0333,4.5878],[-76.0373,4.5854],[-76.039,4.5831],[-76.0602,4.5892],[-76.0609,4.5914],[-76.0632,4.5931],[-76.0633,4.5945],[-76.0656,4.5948],[-76.0652,4.5958],[-76.0676,4.5965],[-76.0713,4.5957],[-76.072,4.5931],[-76.0745,4.5901],[-76.0763,4.5892],[-76.0782,4.5897],[-76.0792,4.5878],[-76.0828,4.5872],[-76.084,4.5855],[-76.0878,4.5831],[-76.0881,4.5818],[-76.0916,4.5791],[-76.0933,4.5765],[-76.1015,4.5704],[-76.1069,4.5708],[-76.1101,4.5719],[-76.1148,4.5693],[-76.1207,4.5696],[-76.1231,4.5685],[-76.1241,4.5666],[-76.1291,4.5643],[-76.1342,4.5588],[-76.1377,4.5574],[-76.1419,4.5596],[-76.1429,4.5616],[-76.1464,4.5637],[-76.1473,4.5674],[-76.1454,4.5701],[-76.1538,4.5775],[-76.1579,4.5867],[-76.162,4.5877],[-76.1589,4.5977],[-76.1592,4.5993],[-76.1613,4.6014],[-76.1578,4.6036],[-76.1565,4.6074],[-76.1551,4.6089],[-76.1518,4.611],[-76.1476,4.6119],[-76.1429,4.6172],[-76.1419,4.621],[-76.1383,4.6252],[-76.1343,4.6265],[-76.1319,4.6291],[-76.1307,4.6337],[-76.127,4.639],[-76.1265,4.6431],[-76.1242,4.646],[-76.1228,4.651],[-76.1196,4.6541],[-76.1169,4.6592],[-76.1137,4.6695],[-76.1138,4.6721],[-76.1126,4.6749],[-76.1127,4.6796],[-76.1113,4.6844],[-76.1064,4.6874],[-76.0921,4.7027],[-76.0951,4.7062],[-76.0953,4.711],[-76.0964,4.7141],[-76.0975,4.7147],[-76.0965,4.7181],[-76.0934,4.7211],[-76.0941,4.7256],[-76.0906,4.7291],[-76.0882,4.7355],[-76.0853,4.7357]]]}},{"type":"Feature","properties":{"code":"76828","name":"TRUJILLO","aro":"CENTRO","area_km2":307.6,"nivel":"NARANJA","razon":"Pronóstico IDEAM vigente: lluvia por debajo de lo normal y temperatura por encima.","hidro":"","station":"","foco":false,"sist":35,"pob":9420,"q":80.8,"P1":0,"P2":26,"P3":9,"pobP12":5808,"P1_clima":4,"P2_clima":17,"P3_clima":13,"SIN_DATO_clima":0,"sist_geo":34,"alta_exp":4,"media_exp":17,"menor_exp":13,"sin_dato_exp":0,"pct_alta":11.8,"indice_municipal":1.735,"presion_municipal":"REFERENCIA","prioridad_diag":"Monitoreo de referencia","regla_presion_municipal":"Alta >=60% sistemas en alta exposición; Importante 40-<60%; Moderada 20-<40%; Referencia <20%."},"geometry":{"type":"Polygon","coordinates":[[[-76.2467,4.306],[-76.2411,4.2999],[-76.2406,4.293],[-76.2395,4.2896],[-76.2406,4.287],[-76.2366,4.2834],[-76.2379,4.282],[-76.2389,4.2758],[-76.2317,4.2741],[-76.2294,4.2702],[-76.2266,4.2685],[-76.2215,4.2679],[-76.2192,4.2622],[-76.2126,4.2597],[-76.2135,4.2576],[-76.2113,4.2532],[-76.2101,4.2479],[-76.2106,4.2473],[-76.2158,4.2498],[-76.2213,4.2469],[-76.2275,4.2478],[-76.2276,4.2437],[-76.229,4.2408],[-76.2283,4.2393],[-76.225,4.2364],[-76.2247,4.2328],[-76.2258,4.2315],[-76.23,4.2318],[-76.2351,4.2309],[-76.2371,4.2291],[-76.2375,4.2267],[-76.2351,4.22],[-76.2353,4.2143],[-76.2277,4.2075],[-76.2289,4.2066],[-76.2325,4.2074],[-76.2343,4.2063],[-76.2356,4.2014],[-76.2377,4.1995],[-76.2421,4.1974],[-76.2437,4.1918],[-76.2386,4.1874],[-76.2399,4.1852],[-76.2417,4.1849],[-76.245,4.1872],[-76.2468,4.1874],[-76.2487,4.1855],[-76.2486,4.184],[-76.2543,4.1834],[-76.2559,4.1826],[-76.2566,4.181],[-76.2581,4.181],[-76.2595,4.1796],[-76.2598,4.181],[-76.2579,4.1834],[-76.2583,4.1837],[-76.2604,4.1817],[-76.2602,4.1795],[-76.2616,4.1791],[-76.2622,4.18],[-76.2647,4.1803],[-76.2668,4.1828],[-76.2695,4.1837],[-76.2735,4.1876],[-76.2748,4.1873],[-76.2795,4.1898],[-76.2821,4.1933],[-76.2835,4.1973],[-76.2867,4.1989],[-76.287,4.1999],[-76.2862,4.201],[-76.2874,4.2012],[-76.287,4.2032],[-76.2889,4.2042],[-76.2924,4.2023],[-76.2921,4.1991],[-76.2934,4.1994],[-76.2936,4.1984],[-76.2951,4.1988],[-76.3008,4.1954],[-76.3014,4.1964],[-76.3055,4.1972],[-76.3079,4.1965],[-76.3081,4.1953],[-76.3094,4.1943],[-76.314,4.195],[-76.3182,4.191],[-76.3259,4.1946],[-76.3308,4.1797],[-76.3312,4.1722],[-76.3329,4.1734],[-76.3352,4.1728],[-76.3358,4.1714],[-76.3413,4.1723],[-76.3425,4.1655],[-76.3443,4.1632],[-76.3478,4.1624],[-76.3487,4.1596],[-76.3498,4.1591],[-76.3506,4.1597],[-76.3539,4.1588],[-76.3555,4.16],[-76.3588,4.1607],[-76.365,4.1607],[-76.3668,4.1617],[-76.3717,4.1622],[-76.3758,4.1617],[-76.4483,4.1615],[-76.447,4.1648],[-76.4461,4.1735],[-76.4449,4.1757],[-76.4453,4.1859],[-76.4444,4.1906],[-76.4467,4.2045],[-76.4479,4.2065],[-76.4501,4.2075],[-76.4511,4.2091],[-76.4517,4.2116],[-76.4513,4.2157],[-76.4541,4.2197],[-76.4537,4.2241],[-76.455,4.2295],[-76.4483,4.2339],[-76.4465,4.2416],[-76.4391,4.2463],[-76.4377,4.2486],[-76.4377,4.2513],[-76.4392,4.2544],[-76.4393,4.2598],[-76.441,4.264],[-76.4408,4.2659],[-76.4327,4.2694],[-76.4248,4.2751],[-76.4226,4.2757],[-76.4192,4.2751],[-76.4147,4.2775],[-76.4109,4.278],[-76.4097,4.283],[-76.4103,4.2865],[-76.4089,4.2896],[-76.4114,4.2924],[-76.4083,4.2943],[-76.4082,4.2968],[-76.4066,4.3],[-76.4026,4.301],[-76.3991,4.3003],[-76.3873,4.3011],[-76.3843,4.3036],[-76.3769,4.3024],[-76.3715,4.3043],[-76.3689,4.3025],[-76.362,4.3024],[-76.3568,4.2985],[-76.3487,4.2966],[-76.3468,4.2982],[-76.3449,4.2984],[-76.3425,4.2968],[-76.3395,4.2968],[-76.338,4.2954],[-76.3295,4.2938],[-76.3274,4.2967],[-76.3259,4.3028],[-76.3175,4.3001],[-76.3153,4.2982],[-76.3052,4.2954],[-76.3044,4.2943],[-76.3013,4.2946],[-76.2999,4.2961],[-76.298,4.2956],[-76.2963,4.2968],[-76.2957,4.2987],[-76.2943,4.297],[-76.2975,4.2932],[-76.2968,4.2931],[-76.2959,4.2886],[-76.2965,4.2871],[-76.2957,4.2845],[-76.2926,4.281],[-76.2922,4.2794],[-76.2906,4.2779],[-76.2875,4.277],[-76.2835,4.2784],[-76.2824,4.2767],[-76.2784,4.2741],[-76.2754,4.2751],[-76.2722,4.2824],[-76.2665,4.2866],[-76.2658,4.2897],[-76.2591,4.2931],[-76.2585,4.2959],[-76.2563,4.2971],[-76.2531,4.3012],[-76.2521,4.3061],[-76.2467,4.306]]]}},{"type":"Feature","properties":{"code":"76834","name":"TULUÁ","aro":"CENTRO","area_km2":909.4,"nivel":"NARANJA","razon":"Pronóstico IDEAM vigente: lluvia por debajo de lo normal y temperatura por encima.","hidro":"","station":"","foco":false,"sist":0,"pob":0,"q":0,"P1":0,"P2":0,"P3":0,"pobP12":0,"P1_clima":0,"P2_clima":0,"P3_clima":0,"SIN_DATO_clima":0,"sist_geo":0,"alta_exp":0,"media_exp":0,"menor_exp":0,"sin_dato_exp":0,"pct_alta":null,"indice_municipal":null,"presion_municipal":"SIN_DATO","prioridad_diag":"Sin sistemas georreferenciados","regla_presion_municipal":"Alta >=60% sistemas en alta exposición; Importante 40-<60%; Moderada 20-<40%; Referencia <20%."},"geometry":{"type":"Polygon","coordinates":[[[-75.9363,4.1834],[-75.9236,4.1815],[-75.9198,4.1765],[-75.9173,4.1758],[-75.9153,4.1765],[-75.914,4.1759],[-75.9129,4.1734],[-75.9132,4.1672],[-75.9122,4.1626],[-75.9103,4.1593],[-75.9045,4.1535],[-75.8986,4.1499],[-75.898,4.1472],[-75.9005,4.1451],[-75.903,4.1396],[-75.9033,4.1369],[-75.9057,4.1353],[-75.909,4.1311],[-75.9053,4.1244],[-75.9028,4.1168],[-75.9042,4.1041],[-75.9033,4.1013],[-75.9035,4.0994],[-75.9019,4.0974],[-75.9004,4.0928],[-75.9019,4.0888],[-75.9012,4.0844],[-75.8984,4.0819],[-75.8967,4.0819],[-75.8953,4.0831],[-75.8867,4.0805],[-75.8749,4.0814],[-75.873,4.0809],[-75.8712,4.0783],[-75.8659,4.0742],[-75.8648,4.0721],[-75.8605,4.0699],[-75.8607,4.0671],[-75.8595,4.0637],[-75.86,4.0628],[-75.8616,4.0634],[-75.8623,4.0618],[-75.86,4.061],[-75.8597,4.0592],[-75.8567,4.0581],[-75.8574,4.0564],[-75.8557,4.0548],[-75.8565,4.0532],[-75.8554,4.0525],[-75.8543,4.0503],[-75.8549,4.0497],[-75.8538,4.0485],[-75.8549,4.0476],[-75.8541,4.0462],[-75.8551,4.0448],[-75.8546,4.0439],[-75.8562,4.0385],[-75.8544,4.0338],[-75.8569,4.0313],[-75.8561,4.0308],[-75.857,4.0301],[-75.8565,4.0292],[-75.8581,4.0264],[-75.8556,4.0258],[-75.8547,4.0231],[-75.8519,4.0202],[-75.8493,4.014],[-75.8457,4.0115],[-75.8396,4.0039],[-75.8412,4.0018],[-75.8412,3.999],[-75.8439,3.9941],[-75.8449,3.9936],[-75.8445,3.9922],[-75.8464,3.9871],[-75.8443,3.9837],[-75.8444,3.9815],[-75.8434,3.9793],[-75.8418,3.9788],[-75.8411,3.9767],[-75.8361,3.9712],[-75.8364,3.97],[-75.8339,3.9666],[-75.8339,3.961],[-75.8299,3.9554],[-75.8241,3.9524],[-75.8227,3.9498],[-75.8227,3.9483],[-75.8215,3.9469],[-75.8216,3.9448],[-75.8205,3.9441],[-75.819,3.9408],[-75.8197,3.9362],[-75.8208,3.9338],[-75.8202,3.9313],[-75.8218,3.9266],[-75.8212,3.9212],[-75.8236,3.9133],[-75.8232,3.9045],[-75.8282,3.9036],[-75.8303,3.904],[-75.8309,3.905],[-75.8305,3.9086],[-75.8323,3.9097],[-75.834,3.9095],[-75.8388,3.9051],[-75.8421,3.8969],[-75.8498,3.8892],[-75.8528,3.8909],[-75.855,3.8934],[-75.8568,3.8999],[-75.8565,3.9099],[-75.8625,3.9136],[-75.8666,3.9192],[-75.8681,3.9236],[-75.8694,3.9244],[-75.8707,3.9239],[-75.871,3.9252],[-75.8734,3.9265],[-75.878,3.9273],[-75.8799,3.9273],[-75.8837,3.9251],[-75.8856,3.9262],[-75.8897,3.9267],[-75.8951,3.924],[-75.8999,3.9233],[-75.9045,3.9206],[-75.908,3.9198],[-75.9097,3.918],[-75.9107,3.9183],[-75.9102,3.9173],[-75.9127,3.917],[-75.9158,3.9137],[-75.9156,3.9124],[-75.9168,3.9108],[-75.9184,3.9106],[-75.9187,3.9084],[-75.9211,3.9082],[-75.9235,3.9044],[-75.9248,3.905],[-75.9276,3.9041],[-75.9279,3.905],[-75.9286,3.9048],[-75.932,3.9072],[-75.9353,3.906],[-75.938,3.9032],[-75.9406,3.9042],[-75.9424,3.9039],[-75.9463,3.906],[-75.948,3.9055],[-75.9482,3.9044],[-75.9508,3.9057],[-75.9534,3.9059],[-75.9566,3.9048],[-75.9592,3.9069],[-75.964,3.908],[-75.9658,3.9071],[-75.9719,3.908],[-75.9748,3.907],[-75.9768,3.9073],[-75.9795,3.9066],[-75.98,3.9055],[-75.9814,3.9055],[-75.9841,3.9025],[-75.9844,3.9006],[-75.9862,3.8988],[-75.9878,3.8984],[-75.9878,3.8977],[-75.9894,3.8978],[-75.9902,3.8969],[-75.9916,3.8976],[-75.9938,3.8956],[-75.9981,3.8941],[-76.003,3.8964],[-76.004,3.8956],[-76.0072,3.8959],[-76.0098,3.8948],[-76.015,3.8946],[-76.0206,3.8978],[-76.0222,3.9002],[-76.0264,3.9007],[-76.0314,3.8991],[-76.0377,3.8997],[-76.0422,3.9016],[-76.0516,3.8996],[-76.0544,3.9024],[-76.0607,3.9012],[-76.0624,3.9024],[-76.0666,3.9032],[-76.0729,3.9005],[-76.0781,3.905],[-76.0805,3.9049],[-76.0834,3.9064],[-76.0857,3.9153],[-76.0879,3.9168],[-76.0876,3.9191],[-76.089,3.9211],[-76.0883,3.9239],[-76.0888,3.926],[-76.0864,3.9271],[-76.0861,3.9297],[-76.0871,3.9327],[-76.0858,3.935],[-76.0861,3.9376],[-76.088,3.9385],[-76.0869,3.9405],[-76.0885,3.943],[-76.0887,3.9488],[-76.0896,3.9512],[-76.0962,3.9533],[-76.0976,3.9557],[-76.1003,3.9562],[-76.1006,3.9578],[-76.1033,3.9576],[-76.1071,3.9606],[-76.1155,3.9638],[-76.1166,3.9656],[-76.1206,3.967],[-76.1223,3.9685],[-76.1264,3.9685],[-76.1284,3.9708],[-76.1299,3.9709],[-76.1349,3.9747],[-76.135,3.976],[-76.1372,3.9772],[-76.1366,3.9807],[-76.1384,3.9848],[-76.141,3.9868],[-76.1426,3.9926],[-76.1455,3.9965],[-76.1475,3.9973],[-76.1486,3.9993],[-76.1501,3.9995],[-76.1506,4.0013],[-76.1527,4.0031],[-76.1532,4.0074],[-76.1555,4.0092],[-76.1555,4.012],[-76.1573,4.0127],[-76.1582,4.0164],[-76.1605,4.0187],[-76.1618,4.0226],[-76.1648,4.0236],[-76.1659,4.023],[-76.1674,4.0208],[-76.1673,4.0176],[-76.1685,4.0156],[-76.177,4.0177],[-76.1797,4.0172],[-76.1793,4.02],[-76.1766,4.02],[-76.1744,4.0231],[-76.1744,4.0247],[-76.1748,4.0281],[-76.176,4.031],[-76.177,4.0314],[-76.1772,4.0338],[-76.1781,4.0345],[-76.1792,4.0339],[-76.181,4.0354],[-76.1853,4.035],[-76.1865,4.0358],[-76.1878,4.035],[-76.1927,4.0359],[-76.1944,4.0354],[-76.1952,4.0335],[-76.1985,4.033],[-76.1997,4.0332],[-76.1995,4.0341],[-76.21,4.0379],[-76.2095,4.0391],[-76.2156,4.0389],[-76.2227,4.0365],[-76.2247,4.035],[-76.2281,4.0363],[-76.2288,4.0351],[-76.2331,4.0351],[-76.2334,4.0341],[-76.2401,4.0355],[-76.2418,4.0328],[-76.2427,4.0323],[-76.2453,4.0331],[-76.2458,4.0321],[-76.2496,4.033],[-76.2498,4.0338],[-76.2539,4.0337],[-76.2544,4.0348],[-76.2568,4.0359],[-76.2585,4.0342],[-76.2605,4.034],[-76.2607,4.0348],[-76.2641,4.0365],[-76.2651,4.036],[-76.2671,4.0379],[-76.2692,4.0376],[-76.2712,4.0385],[-76.2739,4.0417],[-76.2911,4.0463],[-76.2936,4.0479],[-76.2938,4.0468],[-76.2971,4.0467],[-76.2972,4.0486],[-76.3004,4.0492],[-76.2991,4.0552],[-76.296,4.0593],[-76.2964,4.061],[-76.3,4.0659],[-76.307,4.068],[-76.3081,4.0692],[-76.3062,4.0729],[-76.3043,4.0746],[-76.3004,4.0745],[-76.2955,4.0726],[-76.2949,4.0737],[-76.2953,4.0752],[-76.3018,4.0841],[-76.3036,4.0832],[-76.3051,4.0808],[-76.3063,4.0747],[-76.3112,4.0767],[-76.3138,4.0791],[-76.3116,4.0834],[-76.3123,4.0863],[-76.311,4.09],[-76.3112,4.0916],[-76.3138,4.0949],[-76.3079,4.0967],[-76.3044,4.0989],[-76.3001,4.1022],[-76.2929,4.1102],[-76.293,4.1113],[-76.2994,4.1129],[-76.3006,4.1135],[-76.3004,4.1143],[-76.2979,4.1144],[-76.2908,4.1201],[-76.2883,4.1237],[-76.2869,4.124],[-76.2863,4.123],[-76.2878,4.1186],[-76.2875,4.1163],[-76.2827,4.1114],[-76.2834,4.1051],[-76.2826,4.1045],[-76.281,4.1049],[-76.2751,4.1104],[-76.2745,4.1126],[-76.2755,4.1185],[-76.2704,4.1236],[-76.267,4.1246],[-76.2639,4.1289],[-76.2585,4.1302],[-76.256,4.1353],[-76.254,4.136],[-76.25,4.1355],[-76.2483,4.1366],[-76.2482,4.1387],[-76.2508,4.1425],[-76.251,4.1443],[-76.2501,4.1464],[-76.2461,4.1501],[-76.248,4.1522],[-76.2519,4.1505],[-76.2529,4.1562],[-76.2501,4.1607],[-76.2455,4.164],[-76.2457,4.1676],[-76.2447,4.1683],[-76.2432,4.1669],[-76.2439,4.1666],[-76.2436,4.1655],[-76.2446,4.1649],[-76.2426,4.1634],[-76.2433,4.162],[-76.2414,4.1623],[-76.2383,4.1664],[-76.2353,4.1633],[-76.233,4.1625],[-76.2323,4.1612],[-76.233,4.1603],[-76.2313,4.1599],[-76.2308,4.1589],[-76.2314,4.1573],[-76.2304,4.1564],[-76.232,4.1554],[-76.232,4.154],[-76.2305,4.1534],[-76.231,4.152],[-76.2299,4.1511],[-76.2303,4.1491],[-76.2287,4.1481],[-76.228,4.1465],[-76.2266,4.1467],[-76.2256,4.1456],[-76.2234,4.1467],[-76.2226,4.1455],[-76.2217,4.1456],[-76.2216,4.1444],[-76.215,4.1423],[-76.2135,4.1405],[-76.2106,4.139],[-76.2034,4.1371],[-76.2031,4.1355],[-76.2021,4.1364],[-76.2013,4.1355],[-76.2008,4.1364],[-76.1983,4.1364],[-76.1968,4.1347],[-76.1938,4.1348],[-76.1915,4.1324],[-76.1905,4.1328],[-76.1877,4.1319],[-76.1875,4.1334],[-76.184,4.1346],[-76.1839,4.1356],[-76.1823,4.1359],[-76.18,4.1348],[-76.1788,4.1353],[-76.1781,4.1332],[-76.1793,4.1308],[-76.1779,4.1306],[-76.1788,4.1294],[-76.177,4.1305],[-76.1766,4.1322],[-76.1753,4.1318],[-76.1746,4.129],[-76.1764,4.1276],[-76.1765,4.1264],[-76.1757,4.1265],[-76.1756,4.1253],[-76.1736,4.1252],[-76.1733,4.1239],[-76.1722,4.1242],[-76.1727,4.1226],[-76.1714,4.1211],[-76.1718,4.1193],[-76.1688,4.1195],[-76.1659,4.1209],[-76.1649,4.1196],[-76.1637,4.1195],[-76.162,4.1216],[-76.16,4.1207],[-76.1603,4.1183],[-76.1581,4.1184],[-76.1572,4.1196],[-76.1562,4.1187],[-76.1535,4.1186],[-76.1526,4.1205],[-76.1499,4.1206],[-76.1483,4.1216],[-76.1471,4.121],[-76.1478,4.1201],[-76.1473,4.119],[-76.1443,4.1181],[-76.1448,4.1164],[-76.143,4.1159],[-76.1415,4.1169],[-76.1399,4.1151],[-76.1375,4.1151],[-76.1367,4.1158],[-76.1364,4.1148],[-76.1352,4.1147],[-76.1354,4.1133],[-76.1339,4.112],[-76.1318,4.1119],[-76.1303,4.1104],[-76.1298,4.1106],[-76.129,4.1095],[-76.1305,4.1074],[-76.1283,4.1066],[-76.1288,4.1053],[-76.126,4.1037],[-76.1258,4.1021],[-76.1244,4.1017],[-76.1251,4.1012],[-76.1243,4.0998],[-76.125,4.0992],[-76.1247,4.0975],[-76.1236,4.0969],[-76.1234,4.0942],[-76.1207,4.0882],[-76.1205,4.0868],[-76.1213,4.0861],[-76.1203,4.0844],[-76.121,4.0833],[-76.1196,4.0808],[-76.1205,4.0791],[-76.1115,4.0668],[-76.1096,4.0664],[-76.1006,4.0704],[-76.0996,4.0715],[-76.0959,4.0722],[-76.0913,4.0711],[-76.0872,4.0661],[-76.0836,4.0664],[-76.0822,4.0695],[-76.0822,4.0725],[-76.0781,4.0765],[-76.0767,4.0797],[-76.0734,4.0841],[-76.0706,4.0859],[-76.0709,4.0882],[-76.0666,4.0838],[-76.0615,4.0862],[-76.0602,4.0879],[-76.0586,4.0878],[-76.0578,4.0891],[-76.0553,4.0899],[-76.0545,4.0916],[-76.0529,4.0912],[-76.0519,4.0926],[-76.0518,4.0946],[-76.0494,4.0923],[-76.0482,4.0936],[-76.0407,4.0952],[-76.0372,4.0946],[-76.0346,4.0958],[-76.0325,4.0948],[-76.0281,4.0998],[-76.0258,4.1009],[-76.0246,4.1007],[-76.0243,4.0988],[-76.0235,4.0986],[-76.0216,4.1005],[-76.0186,4.1003],[-76.0163,4.1014],[-76.0149,4.1034],[-76.0132,4.1023],[-76.0109,4.1048],[-76.0104,4.1036],[-76.0078,4.1031],[-76.0074,4.1017],[-76.0045,4.1029],[-76.001,4.102],[-76.0002,4.1041],[-75.9954,4.1066],[-75.9925,4.11],[-75.9936,4.114],[-75.9867,4.116],[-75.9865,4.1208],[-75.9837,4.1244],[-75.9819,4.1289],[-75.9833,4.1314],[-75.9826,4.1333],[-75.9761,4.1431],[-75.9768,4.1446],[-75.9748,4.1452],[-75.9728,4.1486],[-75.9739,4.1494],[-75.9728,4.1508],[-75.9739,4.1519],[-75.9716,4.152],[-75.9719,4.1536],[-75.9699,4.1551],[-75.9693,4.157],[-75.9666,4.1566],[-75.9663,4.1584],[-75.9638,4.1595],[-75.9612,4.1666],[-75.9604,4.1669],[-75.9589,4.1659],[-75.9575,4.1673],[-75.9569,4.1694],[-75.9554,4.1691],[-75.956,4.1724],[-75.955,4.1758],[-75.9528,4.178],[-75.9498,4.1795],[-75.9489,4.1814],[-75.942,4.1816],[-75.9392,4.1854],[-75.9378,4.1853],[-75.9363,4.1834]]]}},{"type":"Feature","properties":{"code":"76845","name":"ULLOA","aro":"NORTE","area_km2":41.9,"nivel":"NARANJA","razon":"Pronóstico IDEAM vigente: lluvia por debajo de lo normal y temperatura por encima.","hidro":"","station":"","foco":false,"sist":6,"pob":4048,"q":46.5,"P1":0,"P2":2,"P3":4,"pobP12":264,"P1_clima":3,"P2_clima":4,"P3_clima":0,"SIN_DATO_clima":0,"sist_geo":7,"alta_exp":3,"media_exp":4,"menor_exp":0,"sin_dato_exp":0,"pct_alta":42.9,"indice_municipal":2.429,"presion_municipal":"IMPORTANTE","prioridad_diag":"Seguimiento reforzado","regla_presion_municipal":"Alta >=60% sistemas en alta exposición; Importante 40-<60%; Moderada 20-<40%; Referencia <20%."},"geometry":{"type":"Polygon","coordinates":[[[-75.8315,4.7378],[-75.8241,4.7352],[-75.8228,4.7338],[-75.8215,4.7344],[-75.8202,4.7333],[-75.8189,4.7344],[-75.8189,4.7326],[-75.8156,4.7309],[-75.8144,4.7288],[-75.813,4.7294],[-75.8132,4.7284],[-75.8122,4.7282],[-75.8114,4.7294],[-75.8113,4.7273],[-75.8088,4.7288],[-75.8063,4.7267],[-75.8058,4.7281],[-75.8026,4.7282],[-75.8021,4.7269],[-75.8011,4.7272],[-75.8003,4.7256],[-75.8014,4.7248],[-75.8011,4.7238],[-75.7989,4.7234],[-75.7998,4.7211],[-75.7963,4.7203],[-75.7964,4.7189],[-75.7947,4.7186],[-75.7944,4.7195],[-75.7938,4.7193],[-75.7915,4.7181],[-75.7919,4.717],[-75.7903,4.7164],[-75.79,4.7175],[-75.7894,4.7161],[-75.7886,4.718],[-75.7878,4.7174],[-75.7874,4.7187],[-75.7859,4.7183],[-75.785,4.7218],[-75.7834,4.7203],[-75.7794,4.7198],[-75.7794,4.7214],[-75.7775,4.721],[-75.776,4.7218],[-75.7764,4.7207],[-75.775,4.7209],[-75.7741,4.7186],[-75.7734,4.7197],[-75.7724,4.7177],[-75.7712,4.7183],[-75.7715,4.7168],[-75.7702,4.714],[-75.7665,4.7149],[-75.7651,4.714],[-75.7639,4.7153],[-75.7607,4.7113],[-75.7582,4.7121],[-75.7577,4.7108],[-75.7555,4.7109],[-75.754,4.7099],[-75.7538,4.711],[-75.7521,4.7102],[-75.7506,4.7122],[-75.7498,4.7114],[-75.7467,4.7127],[-75.7469,4.7115],[-75.7439,4.7106],[-75.7414,4.7113],[-75.7391,4.7107],[-75.7389,4.7096],[-75.7374,4.7102],[-75.7371,4.7093],[-75.7352,4.7098],[-75.7355,4.7087],[-75.7345,4.708],[-75.7334,4.7097],[-75.7328,4.7079],[-75.7316,4.7082],[-75.7311,4.7104],[-75.7297,4.7079],[-75.7286,4.7096],[-75.7275,4.7086],[-75.7252,4.7113],[-75.7222,4.7119],[-75.7213,4.7106],[-75.7199,4.7124],[-75.7157,4.7123],[-75.7136,4.7138],[-75.7097,4.6792],[-75.7108,4.6785],[-75.7119,4.6796],[-75.7149,4.6791],[-75.7152,4.68],[-75.719,4.6808],[-75.7224,4.6804],[-75.7225,4.6794],[-75.7237,4.6805],[-75.7244,4.6795],[-75.7281,4.6815],[-75.7328,4.6819],[-75.7346,4.6836],[-75.7353,4.6825],[-75.7364,4.6825],[-75.7392,4.6837],[-75.7403,4.6832],[-75.7424,4.6844],[-75.7435,4.684],[-75.7443,4.6854],[-75.7455,4.6848],[-75.7481,4.6863],[-75.7533,4.6866],[-75.7533,4.6882],[-75.7542,4.6874],[-75.7546,4.6886],[-75.7558,4.6884],[-75.7607,4.6906],[-75.7616,4.6894],[-75.7626,4.6911],[-75.7657,4.6909],[-75.7696,4.6929],[-75.7739,4.6978],[-75.7755,4.6962],[-75.7761,4.6975],[-75.7785,4.697],[-75.7791,4.6981],[-75.7805,4.6979],[-75.7806,4.6993],[-75.782,4.6983],[-75.7823,4.6994],[-75.7847,4.6988],[-75.785,4.7004],[-75.7879,4.7001],[-75.7883,4.7013],[-75.7896,4.7001],[-75.794,4.7006],[-75.7967,4.7037],[-75.7983,4.7022],[-75.8024,4.7032],[-75.8025,4.702],[-75.8033,4.7025],[-75.8055,4.7002],[-75.8066,4.7011],[-75.8064,4.7026],[-75.8086,4.7018],[-75.8093,4.704],[-75.812,4.7022],[-75.8126,4.7032],[-75.8146,4.7029],[-75.8151,4.7044],[-75.8191,4.7029],[-75.8204,4.7054],[-75.822,4.705],[-75.823,4.7032],[-75.8241,4.704],[-75.8264,4.7023],[-75.8262,4.7031],[-75.8278,4.7033],[-75.8269,4.7042],[-75.8277,4.7052],[-75.8279,4.7077],[-75.827,4.7086],[-75.8279,4.7099],[-75.8275,4.7109],[-75.8307,4.7127],[-75.8285,4.7152],[-75.8278,4.7173],[-75.8316,4.7178],[-75.8329,4.7196],[-75.834,4.7194],[-75.8381,4.7155],[-75.8405,4.7151],[-75.8428,4.7158],[-75.8441,4.7137],[-75.847,4.7126],[-75.8495,4.7141],[-75.8513,4.7128],[-75.8535,4.7137],[-75.8549,4.7129],[-75.8554,4.7137],[-75.8566,4.7132],[-75.8559,4.717],[-75.8565,4.727],[-75.8533,4.7305],[-75.8517,4.7312],[-75.851,4.734],[-75.8496,4.7331],[-75.8492,4.7316],[-75.8463,4.7305],[-75.8437,4.7276],[-75.8427,4.7291],[-75.8417,4.7282],[-75.8396,4.729],[-75.8387,4.732],[-75.8376,4.7324],[-75.8376,4.7334],[-75.8359,4.7337],[-75.8353,4.7352],[-75.8339,4.7354],[-75.8338,4.7365],[-75.8327,4.7364],[-75.8315,4.7378]]]}},{"type":"Feature","properties":{"code":"76863","name":"VERSALLES","aro":"NORTE","area_km2":200.6,"nivel":"NARANJA","razon":"Pronóstico IDEAM vigente: lluvia por debajo de lo normal y temperatura por encima.","hidro":"","station":"","foco":false,"sist":13,"pob":3292,"q":25.9,"P1":0,"P2":7,"P3":6,"pobP12":1584,"P1_clima":0,"P2_clima":8,"P3_clima":4,"SIN_DATO_clima":0,"sist_geo":12,"alta_exp":0,"media_exp":8,"menor_exp":4,"sin_dato_exp":0,"pct_alta":0.0,"indice_municipal":1.667,"presion_municipal":"REFERENCIA","prioridad_diag":"Monitoreo de referencia","regla_presion_municipal":"Alta >=60% sistemas en alta exposición; Importante 40-<60%; Moderada 20-<40%; Referencia <20%."},"geometry":{"type":"Polygon","coordinates":[[[-76.2975,4.6986],[-76.2897,4.6975],[-76.2869,4.6937],[-76.2849,4.6929],[-76.2742,4.6935],[-76.2719,4.6922],[-76.268,4.6917],[-76.2635,4.6891],[-76.2516,4.6843],[-76.2439,4.6829],[-76.2313,4.675],[-76.2268,4.6757],[-76.2223,4.6741],[-76.2165,4.6772],[-76.2083,4.6774],[-76.203,4.6802],[-76.2017,4.6816],[-76.1985,4.6825],[-76.1945,4.6818],[-76.1944,4.6803],[-76.1918,4.676],[-76.1918,4.6738],[-76.1934,4.6697],[-76.1916,4.6679],[-76.1912,4.6628],[-76.1947,4.6601],[-76.1924,4.6546],[-76.1909,4.656],[-76.1905,4.6555],[-76.1893,4.6562],[-76.188,4.6557],[-76.1875,4.6567],[-76.1852,4.6556],[-76.1809,4.6564],[-76.1788,4.6584],[-76.1731,4.6613],[-76.1706,4.6617],[-76.168,4.6644],[-76.1641,4.6662],[-76.1548,4.6634],[-76.1534,4.6605],[-76.1486,4.6582],[-76.1479,4.6554],[-76.1462,4.6564],[-76.145,4.6546],[-76.1438,4.6543],[-76.1411,4.6562],[-76.1388,4.6552],[-76.1374,4.656],[-76.1351,4.6545],[-76.1337,4.6549],[-76.1283,4.6538],[-76.1267,4.6523],[-76.1227,4.6512],[-76.1242,4.646],[-76.1265,4.6431],[-76.127,4.639],[-76.1313,4.6325],[-76.1319,4.6291],[-76.1343,4.6265],[-76.1383,4.6252],[-76.1419,4.621],[-76.1429,4.6172],[-76.1476,4.6119],[-76.1518,4.611],[-76.1551,4.6089],[-76.1565,4.6074],[-76.1578,4.6036],[-76.1613,4.6014],[-76.1592,4.5993],[-76.1589,4.5977],[-76.162,4.5877],[-76.1579,4.5867],[-76.1538,4.5775],[-76.1511,4.5753],[-76.1504,4.5728],[-76.1514,4.571],[-76.1512,4.5662],[-76.1526,4.5638],[-76.1559,4.5632],[-76.1578,4.562],[-76.1592,4.5578],[-76.1619,4.5571],[-76.1656,4.5533],[-76.1657,4.5515],[-76.1678,4.5501],[-76.1726,4.5501],[-76.173,4.5479],[-76.1746,4.5456],[-76.1769,4.5452],[-76.1837,4.5474],[-76.1851,4.5455],[-76.1868,4.5467],[-76.1883,4.5462],[-76.1899,4.5447],[-76.19,4.543],[-76.1928,4.5411],[-76.194,4.5379],[-76.1974,4.5342],[-76.1995,4.5338],[-76.2027,4.5311],[-76.2054,4.5308],[-76.2058,4.5313],[-76.2064,4.5304],[-76.2074,4.5306],[-76.2074,4.5299],[-76.2084,4.531],[-76.2096,4.5308],[-76.21,4.5301],[-76.2108,4.5304],[-76.2114,4.5296],[-76.2139,4.529],[-76.2167,4.5256],[-76.2207,4.5452],[-76.2191,4.5509],[-76.2205,4.5552],[-76.2201,4.5578],[-76.2247,4.5638],[-76.2333,4.5631],[-76.2395,4.5599],[-76.2436,4.5612],[-76.2464,4.5601],[-76.2471,4.5604],[-76.2448,4.566],[-76.2422,4.5679],[-76.2403,4.5714],[-76.237,4.573],[-76.2362,4.5779],[-76.2345,4.5816],[-76.2295,4.585],[-76.2276,4.5928],[-76.2255,4.5966],[-76.2232,4.5988],[-76.2216,4.6024],[-76.2232,4.6069],[-76.2248,4.6062],[-76.2297,4.6076],[-76.2346,4.6066],[-76.2398,4.6097],[-76.2404,4.6119],[-76.242,4.614],[-76.2433,4.6131],[-76.2445,4.6143],[-76.2453,4.611],[-76.2481,4.6114],[-76.2495,4.6093],[-76.2503,4.6099],[-76.2513,4.6092],[-76.2523,4.6057],[-76.2558,4.6051],[-76.2553,4.6034],[-76.2561,4.6023],[-76.259,4.6014],[-76.2609,4.5998],[-76.2614,4.5983],[-76.2626,4.5988],[-76.2639,4.597],[-76.2655,4.5973],[-76.2665,4.5948],[-76.2681,4.5944],[-76.2684,4.5904],[-76.2675,4.5884],[-76.2704,4.5894],[-76.27,4.5886],[-76.271,4.5872],[-76.2707,4.583],[-76.2713,4.5826],[-76.2731,4.5845],[-76.2732,4.5868],[-76.2739,4.5873],[-76.2739,4.5866],[-76.2746,4.5886],[-76.2771,4.5894],[-76.2808,4.5937],[-76.2832,4.5946],[-76.2829,4.5967],[-76.2854,4.6004],[-76.2852,4.6021],[-76.2868,4.6051],[-76.2912,4.6076],[-76.2908,4.6107],[-76.2916,4.6126],[-76.293,4.6137],[-76.2921,4.615],[-76.292,4.6171],[-76.2928,4.617],[-76.2932,4.6186],[-76.2958,4.6195],[-76.297,4.6216],[-76.2968,4.6261],[-76.2962,4.6279],[-76.2948,4.6291],[-76.2958,4.6319],[-76.2978,4.6334],[-76.3011,4.634],[-76.302,4.6353],[-76.3035,4.6353],[-76.3047,4.6381],[-76.3034,4.6393],[-76.3044,4.6408],[-76.3047,4.6431],[-76.3029,4.6434],[-76.3022,4.6464],[-76.3007,4.6478],[-76.3,4.6518],[-76.301,4.6542],[-76.3003,4.6559],[-76.3029,4.6599],[-76.3034,4.6663],[-76.3012,4.6718],[-76.2992,4.6741],[-76.3014,4.6776],[-76.2986,4.6809],[-76.2965,4.6854],[-76.2979,4.6869],[-76.2975,4.6986]]]}},{"type":"Feature","properties":{"code":"76869","name":"VIJES","aro":"SUR","area_km2":112.9,"nivel":"ROJO","razon":"Evidencia directa CVC de precipitación muy deficitaria.","hidro":"","station":"Vijes","foco":true,"sist":25,"pob":6541,"q":37.3,"P1":25,"P2":0,"P3":0,"pobP12":6541,"P1_clima":25,"P2_clima":0,"P3_clima":0,"SIN_DATO_clima":0,"sist_geo":25,"alta_exp":25,"media_exp":0,"menor_exp":0,"sin_dato_exp":0,"pct_alta":100.0,"indice_municipal":3.0,"presion_municipal":"ALTA","prioridad_diag":"Diagnóstico prioritario","regla_presion_municipal":"Alta >=60% sistemas en alta exposición; Importante 40-<60%; Moderada 20-<40%; Referencia <20%."},"geometry":{"type":"Polygon","coordinates":[[[-76.4614,3.8263],[-76.4563,3.8262],[-76.4537,3.824],[-76.448,3.8218],[-76.4374,3.8246],[-76.4339,3.8237],[-76.4362,3.8187],[-76.4369,3.8149],[-76.4395,3.812],[-76.4396,3.809],[-76.4387,3.8069],[-76.4421,3.8007],[-76.4428,3.8001],[-76.4451,3.8002],[-76.4513,3.7964],[-76.4556,3.7877],[-76.4556,3.7851],[-76.4544,3.7827],[-76.4553,3.7808],[-76.4539,3.7773],[-76.4551,3.7702],[-76.4512,3.7655],[-76.4533,3.7616],[-76.4531,3.7595],[-76.4486,3.756],[-76.4466,3.7531],[-76.4441,3.7534],[-76.4431,3.7528],[-76.4429,3.7505],[-76.4443,3.7494],[-76.4454,3.7464],[-76.4423,3.7454],[-76.4407,3.7435],[-76.4367,3.7428],[-76.4304,3.7385],[-76.4268,3.7341],[-76.4238,3.7335],[-76.4228,3.73],[-76.4214,3.7292],[-76.4186,3.7301],[-76.4164,3.7294],[-76.406,3.7384],[-76.4009,3.7403],[-76.4018,3.7377],[-76.4068,3.7345],[-76.4085,3.7312],[-76.4089,3.7273],[-76.4065,3.7239],[-76.4124,3.72],[-76.4128,3.717],[-76.4118,3.7116],[-76.4127,3.7077],[-76.4173,3.7075],[-76.4194,3.7064],[-76.4198,3.7019],[-76.4252,3.6979],[-76.426,3.6916],[-76.4243,3.6872],[-76.4242,3.6844],[-76.426,3.681],[-76.4297,3.6831],[-76.4345,3.6807],[-76.438,3.6819],[-76.4421,3.6812],[-76.4474,3.6863],[-76.4506,3.6875],[-76.4526,3.6874],[-76.4546,3.6891],[-76.4542,3.6908],[-76.4565,3.6929],[-76.4587,3.693],[-76.4628,3.6917],[-76.4681,3.6956],[-76.4742,3.6973],[-76.4815,3.6986],[-76.4906,3.6967],[-76.4967,3.6968],[-76.501,3.6957],[-76.5038,3.6966],[-76.5112,3.7059],[-76.5114,3.7072],[-76.5128,3.7086],[-76.5123,3.71],[-76.513,3.7113],[-76.5173,3.7133],[-76.5179,3.7155],[-76.5189,3.7159],[-76.5213,3.7195],[-76.523,3.7193],[-76.523,3.7207],[-76.5245,3.7208],[-76.5244,3.7242],[-76.5256,3.7245],[-76.5255,3.7263],[-76.527,3.7271],[-76.5274,3.7298],[-76.5284,3.7299],[-76.5289,3.7348],[-76.5298,3.7366],[-76.5294,3.7394],[-76.5304,3.7425],[-76.5322,3.7427],[-76.5317,3.7447],[-76.5333,3.7456],[-76.534,3.7486],[-76.5369,3.7489],[-76.5357,3.7506],[-76.5354,3.75],[-76.5347,3.7509],[-76.5338,3.7504],[-76.5331,3.752],[-76.5316,3.7519],[-76.5314,3.7528],[-76.5265,3.7566],[-76.5252,3.7563],[-76.5252,3.7579],[-76.5212,3.7579],[-76.5208,3.7599],[-76.519,3.7609],[-76.5175,3.7642],[-76.5145,3.7642],[-76.5147,3.7653],[-76.513,3.7655],[-76.5116,3.7672],[-76.5096,3.767],[-76.5065,3.768],[-76.5049,3.7669],[-76.5019,3.7672],[-76.5012,3.7688],[-76.4994,3.767],[-76.4983,3.7675],[-76.497,3.7648],[-76.4675,3.8307],[-76.4614,3.8263]]]}},{"type":"Feature","properties":{"code":"76890","name":"YOTOCO","aro":"CENTRO","area_km2":327.7,"nivel":"ROJO","razon":"Evidencia directa CVC de precipitación muy deficitaria.","hidro":"","station":"Bosque Yotoco","foco":false,"sist":32,"pob":11888,"q":69.9,"P1":7,"P2":13,"P3":12,"pobP12":8828,"P1_clima":10,"P2_clima":9,"P3_clima":12,"SIN_DATO_clima":0,"sist_geo":31,"alta_exp":10,"media_exp":9,"menor_exp":12,"sin_dato_exp":0,"pct_alta":32.3,"indice_municipal":1.935,"presion_municipal":"MODERADA","prioridad_diag":"Seguimiento preventivo","regla_presion_municipal":"Alta >=60% sistemas en alta exposición; Importante 40-<60%; Moderada 20-<40%; Referencia <20%."},"geometry":{"type":"Polygon","coordinates":[[[-76.2964,4.061],[-76.296,4.0593],[-76.2991,4.0552],[-76.3006,4.0489],[-76.3016,4.0483],[-76.3063,4.0489],[-76.3084,4.0482],[-76.3092,4.0462],[-76.3067,4.0451],[-76.3061,4.044],[-76.3099,4.04],[-76.3092,4.0386],[-76.3054,4.0398],[-76.3029,4.0383],[-76.3026,4.0363],[-76.3044,4.0312],[-76.3036,4.0298],[-76.2974,4.0264],[-76.2998,4.0225],[-76.2994,4.02],[-76.297,4.017],[-76.2971,4.0147],[-76.298,4.0136],[-76.2992,4.0135],[-76.302,4.0174],[-76.3064,4.0202],[-76.311,4.0197],[-76.3115,4.0186],[-76.3087,4.0163],[-76.308,4.0145],[-76.3088,4.0102],[-76.3085,4.0075],[-76.3074,4.0061],[-76.3036,4.0044],[-76.3028,4.0029],[-76.3028,4.0006],[-76.3041,3.9987],[-76.3062,3.9982],[-76.3068,3.9989],[-76.307,4.0035],[-76.3096,4.0043],[-76.3109,4.0023],[-76.3104,3.9968],[-76.312,3.9937],[-76.3144,3.9926],[-76.3174,3.9935],[-76.3181,3.9948],[-76.3179,3.9979],[-76.3186,3.9985],[-76.3205,3.9927],[-76.3252,3.9897],[-76.3247,3.989],[-76.323,3.9889],[-76.3169,3.9915],[-76.3123,3.9905],[-76.3102,3.9875],[-76.3106,3.9853],[-76.3156,3.979],[-76.3174,3.9797],[-76.3188,3.9821],[-76.321,3.9838],[-76.3232,3.9839],[-76.3241,3.9828],[-76.3211,3.9791],[-76.3201,3.9762],[-76.3205,3.9749],[-76.3237,3.9764],[-76.3251,3.9759],[-76.323,3.9718],[-76.3259,3.9651],[-76.3201,3.9628],[-76.3187,3.9609],[-76.3196,3.9597],[-76.3252,3.9571],[-76.3272,3.954],[-76.3288,3.9488],[-76.3276,3.9463],[-76.3237,3.9437],[-76.3206,3.938],[-76.3221,3.9379],[-76.3247,3.9404],[-76.3292,3.9427],[-76.3318,3.9427],[-76.3328,3.9419],[-76.333,3.9411],[-76.3276,3.9356],[-76.327,3.933],[-76.3288,3.932],[-76.339,3.9307],[-76.3398,3.9293],[-76.3382,3.9275],[-76.3341,3.9268],[-76.3322,3.9255],[-76.3293,3.9217],[-76.3285,3.9184],[-76.3296,3.9177],[-76.3399,3.9191],[-76.343,3.9163],[-76.3478,3.9142],[-76.3475,3.9122],[-76.3456,3.9112],[-76.3415,3.9142],[-76.3371,3.9142],[-76.3371,3.9129],[-76.3415,3.9126],[-76.3433,3.9111],[-76.3428,3.9093],[-76.3394,3.9075],[-76.3392,3.9049],[-76.3411,3.9036],[-76.3457,3.9027],[-76.3483,3.9001],[-76.3471,3.8958],[-76.3473,3.893],[-76.3524,3.8876],[-76.3496,3.8852],[-76.3498,3.8838],[-76.3521,3.8834],[-76.3557,3.8848],[-76.3566,3.8841],[-76.3551,3.8811],[-76.3556,3.8785],[-76.3575,3.8774],[-76.3638,3.8771],[-76.3655,3.8757],[-76.3645,3.8735],[-76.3591,3.873],[-76.3585,3.8711],[-76.3637,3.8706],[-76.3659,3.869],[-76.3663,3.8669],[-76.3651,3.8623],[-76.3663,3.8578],[-76.3688,3.8539],[-76.3727,3.8551],[-76.3739,3.8499],[-76.3789,3.844],[-76.3783,3.843],[-76.375,3.8424],[-76.3753,3.8415],[-76.3787,3.8398],[-76.3791,3.8382],[-76.3736,3.8322],[-76.3723,3.8284],[-76.3735,3.8276],[-76.3764,3.8297],[-76.3779,3.8295],[-76.3799,3.825],[-76.3831,3.8214],[-76.3795,3.8196],[-76.3761,3.8158],[-76.3721,3.8138],[-76.3724,3.8117],[-76.3742,3.8104],[-76.3754,3.8081],[-76.3741,3.8043],[-76.374,3.8014],[-76.3749,3.7997],[-76.3772,3.7982],[-76.3788,3.7984],[-76.3797,3.7999],[-76.3823,3.8004],[-76.385,3.7977],[-76.3888,3.7966],[-76.389,3.7944],[-76.3858,3.7945],[-76.3846,3.7931],[-76.3865,3.7876],[-76.3835,3.782],[-76.3837,3.7796],[-76.3851,3.7775],[-76.387,3.7776],[-76.3883,3.7802],[-76.3914,3.7833],[-76.3986,3.7853],[-76.4006,3.7846],[-76.4009,3.7811],[-76.4002,3.7778],[-76.3924,3.7698],[-76.3932,3.7682],[-76.3974,3.7671],[-76.3977,3.7618],[-76.4032,3.7583],[-76.4026,3.7466],[-76.4009,3.7403],[-76.406,3.7384],[-76.4164,3.7294],[-76.4186,3.7301],[-76.4207,3.7292],[-76.4226,3.7296],[-76.4238,3.7335],[-76.4268,3.7341],[-76.4304,3.7385],[-76.4367,3.7428],[-76.4407,3.7435],[-76.4423,3.7454],[-76.4454,3.7464],[-76.4443,3.7494],[-76.4429,3.7505],[-76.4431,3.7528],[-76.4441,3.7534],[-76.4466,3.7531],[-76.4486,3.756],[-76.4529,3.759],[-76.4533,3.7616],[-76.4512,3.7655],[-76.4551,3.7706],[-76.4539,3.7773],[-76.4553,3.7808],[-76.4544,3.7827],[-76.4557,3.786],[-76.4552,3.7895],[-76.4509,3.7968],[-76.4451,3.8002],[-76.4428,3.8001],[-76.4421,3.8007],[-76.4387,3.8069],[-76.4396,3.809],[-76.4395,3.812],[-76.4369,3.8149],[-76.4362,3.8187],[-76.4339,3.8237],[-76.4374,3.8246],[-76.4485,3.8219],[-76.4537,3.824],[-76.4563,3.8262],[-76.4612,3.8261],[-76.4688,3.8322],[-76.4805,3.835],[-76.4817,3.8358],[-76.4791,3.8453],[-76.4807,3.8484],[-76.4805,3.8527],[-76.4843,3.8531],[-76.4844,3.854],[-76.4865,3.8534],[-76.4885,3.8539],[-76.4899,3.8554],[-76.4875,3.8594],[-76.4845,3.8626],[-76.4797,3.8655],[-76.4703,3.8639],[-76.4658,3.8665],[-76.4626,3.8662],[-76.4605,3.8651],[-76.4594,3.8671],[-76.459,3.8707],[-76.4596,3.8743],[-76.4611,3.8755],[-76.4607,3.876],[-76.4601,3.8753],[-76.4614,3.8768],[-76.4568,3.8805],[-76.4562,3.8891],[-76.4477,3.9032],[-76.4471,3.9067],[-76.4482,3.909],[-76.4483,3.9113],[-76.4466,3.9177],[-76.4343,3.9284],[-76.4296,3.9359],[-76.4268,3.9376],[-76.4264,3.9411],[-76.4236,3.9428],[-76.4251,3.9492],[-76.4237,3.9499],[-76.4213,3.9557],[-76.4131,3.9675],[-76.4022,3.9756],[-76.3968,3.9762],[-76.4011,3.9791],[-76.4022,3.9827],[-76.4022,3.9855],[-76.4065,3.9866],[-76.4138,3.9846],[-76.4185,3.9889],[-76.4184,3.9914],[-76.4171,3.992],[-76.4148,3.9993],[-76.4168,4.0005],[-76.4165,4.0053],[-76.4149,4.0085],[-76.4157,4.0098],[-76.4125,4.0087],[-76.4082,4.0049],[-76.406,4.0046],[-76.4046,4.007],[-76.4026,4.0077],[-76.4004,4.0103],[-76.3971,4.0096],[-76.3956,4.0113],[-76.394,4.0103],[-76.389,4.0143],[-76.3801,4.0145],[-76.3795,4.0139],[-76.3736,4.0182],[-76.373,4.0198],[-76.3691,4.0203],[-76.3671,4.022],[-76.3644,4.0226],[-76.3648,4.0244],[-76.3641,4.0268],[-76.3604,4.0288],[-76.3609,4.0298],[-76.3582,4.0311],[-76.3596,4.0347],[-76.3627,4.0383],[-76.3633,4.0417],[-76.3624,4.0433],[-76.3628,4.0459],[-76.3615,4.0463],[-76.3586,4.0511],[-76.3558,4.0533],[-76.354,4.0526],[-76.3523,4.0542],[-76.3497,4.0546],[-76.3456,4.0525],[-76.3439,4.0538],[-76.3418,4.0524],[-76.3406,4.0532],[-76.3402,4.0548],[-76.3375,4.0551],[-76.336,4.0567],[-76.3352,4.0556],[-76.3332,4.0564],[-76.3317,4.0556],[-76.3316,4.0575],[-76.3297,4.0579],[-76.3287,4.0591],[-76.3279,4.0582],[-76.3268,4.0587],[-76.3254,4.0581],[-76.3248,4.0589],[-76.3216,4.0588],[-76.3196,4.06],[-76.3182,4.0592],[-76.3173,4.0603],[-76.3166,4.0586],[-76.3142,4.0601],[-76.3117,4.0591],[-76.3098,4.0594],[-76.3061,4.0605],[-76.3057,4.0632],[-76.3033,4.0673],[-76.3,4.0659],[-76.2964,4.061]]]}},{"type":"Feature","properties":{"code":"76892","name":"YUMBO","aro":"SUR","area_km2":230.6,"nivel":"ROJO","razon":"Foco histórico UESVALLE + pronóstico IDEAM de lluvia por debajo y temperatura por encima.","hidro":"","station":"","foco":true,"sist":0,"pob":0,"q":0,"P1":0,"P2":0,"P3":0,"pobP12":0,"P1_clima":0,"P2_clima":0,"P3_clima":0,"SIN_DATO_clima":0,"sist_geo":0,"alta_exp":0,"media_exp":0,"menor_exp":0,"sin_dato_exp":0,"pct_alta":null,"indice_municipal":null,"presion_municipal":"SIN_DATO","prioridad_diag":"Sin sistemas georreferenciados","regla_presion_municipal":"Alta >=60% sistemas en alta exposición; Importante 40-<60%; Moderada 20-<40%; Referencia <20%."},"geometry":{"type":"Polygon","coordinates":[[[-76.5015,3.6957],[-76.4967,3.6968],[-76.4906,3.6967],[-76.4815,3.6986],[-76.4742,3.6973],[-76.4681,3.6956],[-76.4628,3.6917],[-76.4587,3.693],[-76.4565,3.6929],[-76.4542,3.6908],[-76.4546,3.6891],[-76.4526,3.6874],[-76.4506,3.6875],[-76.4474,3.6863],[-76.4421,3.6812],[-76.438,3.6819],[-76.4345,3.6807],[-76.4297,3.6831],[-76.426,3.681],[-76.4315,3.6784],[-76.4342,3.6753],[-76.4347,3.6733],[-76.4339,3.668],[-76.4353,3.6651],[-76.4372,3.6642],[-76.4439,3.6645],[-76.4474,3.6622],[-76.4466,3.6583],[-76.4418,3.6551],[-76.4383,3.652],[-76.4383,3.6511],[-76.4428,3.6458],[-76.4491,3.6467],[-76.4525,3.6396],[-76.4503,3.6327],[-76.451,3.6296],[-76.4538,3.627],[-76.461,3.6247],[-76.4567,3.619],[-76.4559,3.6084],[-76.4547,3.6038],[-76.4528,3.6012],[-76.4535,3.5992],[-76.4554,3.5982],[-76.4573,3.5983],[-76.4613,3.6011],[-76.4627,3.6001],[-76.4601,3.5963],[-76.4598,3.5917],[-76.4566,3.5884],[-76.4612,3.5821],[-76.4586,3.5748],[-76.4619,3.5671],[-76.4619,3.5601],[-76.4638,3.5593],[-76.4706,3.563],[-76.4769,3.563],[-76.4853,3.5609],[-76.4874,3.5592],[-76.4886,3.5521],[-76.4867,3.5489],[-76.4784,3.5447],[-76.4741,3.5447],[-76.4713,3.5436],[-76.4682,3.54],[-76.4686,3.5363],[-76.4705,3.5344],[-76.4726,3.5347],[-76.477,3.5396],[-76.4798,3.5406],[-76.4845,3.5393],[-76.488,3.5363],[-76.4903,3.5327],[-76.488,3.5264],[-76.4889,3.5211],[-76.4917,3.5166],[-76.4902,3.5121],[-76.4912,3.5061],[-76.4944,3.5053],[-76.494,3.5035],[-76.4946,3.5041],[-76.4956,3.5028],[-76.4951,3.5022],[-76.4968,3.5019],[-76.4962,3.5008],[-76.4973,3.5001],[-76.4972,3.4983],[-76.509,3.4937],[-76.51,3.4905],[-76.5221,3.4943],[-76.5252,3.4973],[-76.5291,3.4979],[-76.5302,3.4971],[-76.5311,3.4985],[-76.5348,3.5001],[-76.5427,3.4993],[-76.5436,3.4964],[-76.5444,3.4956],[-76.5456,3.4961],[-76.5481,3.5],[-76.5479,3.5066],[-76.549,3.507],[-76.5504,3.5103],[-76.5526,3.5115],[-76.5627,3.5134],[-76.5667,3.5188],[-76.5672,3.5207],[-76.5701,3.5208],[-76.5709,3.5204],[-76.5703,3.52],[-76.5717,3.5196],[-76.5742,3.5201],[-76.5819,3.5247],[-76.5863,3.5305],[-76.586,3.5351],[-76.5871,3.5412],[-76.5863,3.5455],[-76.592,3.547],[-76.5929,3.5483],[-76.5908,3.5552],[-76.5876,3.5561],[-76.5868,3.5594],[-76.5842,3.5594],[-76.5822,3.5611],[-76.5806,3.5676],[-76.578,3.5682],[-76.5764,3.57],[-76.5736,3.5789],[-76.5687,3.5862],[-76.5689,3.5909],[-76.5671,3.5955],[-76.5653,3.61],[-76.5618,3.6127],[-76.5589,3.6133],[-76.5559,3.6165],[-76.5566,3.6207],[-76.5544,3.635],[-76.553,3.6375],[-76.5498,3.6376],[-76.5475,3.6346],[-76.5434,3.6335],[-76.5415,3.6369],[-76.5385,3.6394],[-76.5325,3.6511],[-76.5303,3.6525],[-76.5283,3.6519],[-76.5269,3.6538],[-76.5277,3.6607],[-76.5265,3.6632],[-76.5252,3.6636],[-76.5247,3.6665],[-76.5236,3.6676],[-76.5249,3.6673],[-76.5251,3.6679],[-76.5213,3.6714],[-76.5235,3.6791],[-76.5208,3.6828],[-76.5196,3.6866],[-76.5145,3.6955],[-76.5088,3.6987],[-76.5062,3.6992],[-76.5044,3.6971],[-76.5015,3.6957]]]}},{"type":"Feature","properties":{"code":"76895","name":"ZARZAL","aro":"NORTE","area_km2":367.9,"nivel":"NARANJA","razon":"Pronóstico IDEAM vigente: lluvia por debajo de lo normal y temperatura por encima.","hidro":"","station":"","foco":false,"sist":4,"pob":10956,"q":45.0,"P1":0,"P2":1,"P3":3,"pobP12":1080,"P1_clima":5,"P2_clima":0,"P3_clima":0,"SIN_DATO_clima":0,"sist_geo":5,"alta_exp":5,"media_exp":0,"menor_exp":0,"sin_dato_exp":0,"pct_alta":100.0,"indice_municipal":3.0,"presion_municipal":"ALTA","prioridad_diag":"Diagnóstico prioritario","regla_presion_municipal":"Alta >=60% sistemas en alta exposición; Importante 40-<60%; Moderada 20-<40%; Referencia <20%."},"geometry":{"type":"Polygon","coordinates":[[[-76.0407,4.467],[-76.038,4.4654],[-76.038,4.4635],[-76.0362,4.4593],[-76.0345,4.4592],[-76.034,4.4567],[-76.0331,4.4558],[-76.0321,4.4561],[-76.0308,4.452],[-76.029,4.4516],[-76.028,4.4525],[-76.0281,4.4506],[-76.0249,4.4503],[-76.025,4.4487],[-76.0228,4.4501],[-76.0226,4.4492],[-76.02,4.4495],[-76.0158,4.4482],[-76.0149,4.4458],[-76.0157,4.4447],[-76.0116,4.4432],[-76.0099,4.44],[-76.004,4.4391],[-75.9997,4.4358],[-75.9979,4.4285],[-75.9991,4.4253],[-75.9986,4.4246],[-75.9975,4.4252],[-75.9965,4.4244],[-75.9958,4.4248],[-75.9961,4.4242],[-75.9953,4.4238],[-75.9961,4.4221],[-75.9949,4.4217],[-75.9955,4.4214],[-75.9942,4.4197],[-75.9943,4.4152],[-75.996,4.413],[-75.9953,4.4093],[-75.9955,4.4078],[-75.9966,4.4069],[-75.996,4.4059],[-75.992,4.4067],[-75.9904,4.4084],[-75.9905,4.4099],[-75.9894,4.4105],[-75.9861,4.4101],[-75.981,4.411],[-75.9793,4.4129],[-75.9777,4.4132],[-75.9733,4.412],[-75.9713,4.4125],[-75.9697,4.4142],[-75.9681,4.4196],[-75.9671,4.4189],[-75.9634,4.4202],[-75.961,4.4189],[-75.9575,4.4188],[-75.9571,4.4177],[-75.9587,4.4102],[-75.9581,4.4022],[-75.9518,4.4012],[-75.9503,4.4019],[-75.9498,4.4031],[-75.9478,4.4038],[-75.9462,4.4055],[-75.9456,4.4082],[-75.9442,4.4085],[-75.9414,4.4076],[-75.9415,4.4044],[-75.9406,4.4037],[-75.9394,4.4052],[-75.9381,4.405],[-75.9348,4.4012],[-75.9312,4.4025],[-75.9281,4.4013],[-75.9274,4.402],[-75.9308,4.4065],[-75.9284,4.4077],[-75.9265,4.4099],[-75.9244,4.4094],[-75.9225,4.4103],[-75.9199,4.4101],[-75.914,4.4132],[-75.9133,4.4113],[-75.9122,4.4111],[-75.9081,4.4139],[-75.9071,4.413],[-75.9061,4.4139],[-75.9047,4.4129],[-75.9037,4.4131],[-75.9024,4.4151],[-75.9031,4.4168],[-75.9011,4.4178],[-75.9008,4.4215],[-75.8991,4.4223],[-75.8993,4.4233],[-75.8969,4.4253],[-75.8971,4.426],[-75.8956,4.4261],[-75.8956,4.4237],[-75.8912,4.4206],[-75.895,4.4197],[-75.894,4.4151],[-75.893,4.4149],[-75.89,4.417],[-75.8891,4.4144],[-75.887,4.4139],[-75.8856,4.4111],[-75.8846,4.4109],[-75.8802,4.4134],[-75.8778,4.4096],[-75.8817,4.4086],[-75.8843,4.4093],[-75.8866,4.4088],[-75.8889,4.4103],[-75.8901,4.4086],[-75.8948,4.4088],[-75.8949,4.4078],[-75.8974,4.407],[-75.904,4.4088],[-75.9074,4.4067],[-75.9086,4.4049],[-75.9101,4.4054],[-75.9109,4.4049],[-75.9116,4.4034],[-75.9106,4.4005],[-75.9109,4.3989],[-75.9128,4.4006],[-75.914,4.3991],[-75.9139,4.3977],[-75.9147,4.3973],[-75.9163,4.3998],[-75.9188,4.4001],[-75.9205,4.3989],[-75.9186,4.3999],[-75.9202,4.3987],[-75.9224,4.3949],[-75.9264,4.3929],[-75.9312,4.3885],[-75.9351,4.3876],[-75.9382,4.3883],[-75.9403,4.3869],[-75.9425,4.38],[-75.9447,4.3786],[-75.9462,4.375],[-75.9482,4.3733],[-75.9478,4.3742],[-75.9485,4.3744],[-75.9496,4.3722],[-75.9512,4.3717],[-75.9515,4.369],[-75.9504,4.3682],[-75.9507,4.3672],[-75.9486,4.3666],[-75.9497,4.365],[-75.9468,4.3623],[-75.9466,4.3596],[-75.9475,4.3566],[-75.9455,4.3507],[-75.9469,4.349],[-75.9467,4.3453],[-75.9484,4.3421],[-75.9498,4.3412],[-75.9504,4.3384],[-75.9514,4.3381],[-75.9512,4.3363],[-75.9529,4.3345],[-75.9541,4.3248],[-75.9558,4.3219],[-75.9571,4.3227],[-75.9585,4.3226],[-75.9595,4.3212],[-75.9594,4.3197],[-75.961,4.3185],[-75.9626,4.3207],[-75.9622,4.3219],[-75.9644,4.3216],[-75.9685,4.3178],[-75.9713,4.3193],[-75.9713,4.3212],[-75.9792,4.3274],[-75.9832,4.3254],[-75.9851,4.3225],[-75.9864,4.3186],[-75.9881,4.3175],[-75.9866,4.3164],[-75.9865,4.3138],[-75.9857,4.313],[-75.9857,4.3115],[-75.987,4.3111],[-75.9862,4.3105],[-75.9862,4.3083],[-75.9868,4.3074],[-75.9878,4.3078],[-75.9894,4.3065],[-75.9899,4.307],[-75.9909,4.3066],[-75.9917,4.3039],[-75.9947,4.3004],[-75.9961,4.3022],[-75.9969,4.301],[-75.9989,4.3013],[-75.9998,4.2999],[-76.0009,4.3014],[-76.0015,4.3001],[-76.0035,4.3004],[-76.0028,4.2993],[-76.0038,4.2987],[-76.0051,4.3006],[-76.0082,4.2993],[-76.0118,4.3021],[-76.0133,4.3004],[-76.0156,4.3009],[-76.0163,4.3021],[-76.015,4.3029],[-76.0169,4.3029],[-76.0165,4.305],[-76.0195,4.3032],[-76.021,4.3037],[-76.0203,4.302],[-76.021,4.3015],[-76.0206,4.2988],[-76.0223,4.2979],[-76.0241,4.2927],[-76.0261,4.2914],[-76.026,4.29],[-76.0271,4.2888],[-76.027,4.2883],[-76.026,4.2888],[-76.0264,4.2875],[-76.0249,4.2882],[-76.0242,4.2875],[-76.0257,4.2861],[-76.0251,4.2843],[-76.026,4.2838],[-76.0252,4.2827],[-76.0271,4.2806],[-76.0264,4.2794],[-76.028,4.2778],[-76.0271,4.2761],[-76.0293,4.2759],[-76.0289,4.275],[-76.0299,4.2713],[-76.0312,4.2737],[-76.0332,4.2722],[-76.0333,4.2706],[-76.0323,4.269],[-76.033,4.2673],[-76.0323,4.2663],[-76.0345,4.2633],[-76.0319,4.2611],[-76.0331,4.2599],[-76.0363,4.2602],[-76.0378,4.2568],[-76.0373,4.2558],[-76.0386,4.2546],[-76.0424,4.2545],[-76.0435,4.2534],[-76.0515,4.2547],[-76.0544,4.2531],[-76.0551,4.2506],[-76.0593,4.2529],[-76.0643,4.2532],[-76.0689,4.2497],[-76.0706,4.2501],[-76.0711,4.2493],[-76.0736,4.2491],[-76.0757,4.2478],[-76.079,4.2478],[-76.0805,4.2468],[-76.0804,4.2448],[-76.0816,4.2439],[-76.0829,4.2445],[-76.0843,4.244],[-76.0887,4.2467],[-76.0927,4.2454],[-76.0928,4.2466],[-76.0942,4.2466],[-76.0961,4.2493],[-76.0977,4.2492],[-76.098,4.2507],[-76.1002,4.2504],[-76.101,4.2521],[-76.1034,4.2529],[-76.1047,4.2525],[-76.1055,4.2558],[-76.1074,4.2581],[-76.1075,4.2602],[-76.1087,4.2604],[-76.1096,4.2623],[-76.111,4.2616],[-76.1106,4.2642],[-76.1121,4.2677],[-76.1162,4.2698],[-76.1173,4.2725],[-76.1201,4.2746],[-76.1236,4.2752],[-76.1394,4.2888],[-76.1441,4.2994],[-76.1513,4.3053],[-76.1608,4.3099],[-76.1714,4.3174],[-76.1653,4.3221],[-76.1623,4.3267],[-76.1623,4.3298],[-76.1644,4.335],[-76.1638,4.3379],[-76.1606,4.3395],[-76.156,4.3383],[-76.1531,4.3386],[-76.1505,4.3411],[-76.1508,4.3444],[-76.1525,4.3467],[-76.1555,4.3479],[-76.1617,4.3466],[-76.1625,4.3476],[-76.162,4.3485],[-76.1585,4.3496],[-76.1483,4.349],[-76.1428,4.3467],[-76.1383,4.353],[-76.1376,4.3549],[-76.138,4.3585],[-76.14,4.3606],[-76.1416,4.3609],[-76.1435,4.3571],[-76.1468,4.3553],[-76.1496,4.3559],[-76.1524,4.3591],[-76.1492,4.3636],[-76.1486,4.372],[-76.1475,4.3744],[-76.1421,4.3751],[-76.1333,4.3713],[-76.1303,4.3726],[-76.1302,4.3748],[-76.1325,4.3774],[-76.1395,4.3781],[-76.1417,4.3796],[-76.1269,4.3924],[-76.1283,4.4],[-76.1277,4.403],[-76.1232,4.4053],[-76.1189,4.4053],[-76.1129,4.4042],[-76.1078,4.3998],[-76.1042,4.4004],[-76.1025,4.4022],[-76.0997,4.4084],[-76.0975,4.4102],[-76.0935,4.4118],[-76.0926,4.413],[-76.0927,4.4169],[-76.0956,4.4221],[-76.094,4.4265],[-76.0895,4.4293],[-76.0833,4.4307],[-76.0798,4.4347],[-76.0806,4.4394],[-76.0844,4.4429],[-76.0795,4.4427],[-76.0782,4.4405],[-76.0763,4.4337],[-76.0739,4.4332],[-76.0702,4.4374],[-76.0659,4.4475],[-76.0663,4.4504],[-76.0696,4.4559],[-76.0661,4.457],[-76.0597,4.4564],[-76.0584,4.4587],[-76.057,4.4596],[-76.0564,4.4628],[-76.0501,4.4648],[-76.0483,4.4644],[-76.0456,4.4653],[-76.0422,4.4653],[-76.0407,4.467]]]}},{"type":"Feature","properties":{"code":"76403","name":"LA VICTORIA","aro":"NORTE","area_km2":264.7,"nivel":"ROJO","razon":"Foco histórico UESVALLE + pronóstico IDEAM de lluvia por debajo y temperatura por encima.","hidro":"Río Cauca en La Victoria 47% del histórico.","station":"","foco":true,"sist":5,"pob":816,"q":3.7,"P1":5,"P2":0,"P3":0,"pobP12":816,"P1_clima":6,"P2_clima":0,"P3_clima":0,"SIN_DATO_clima":0,"sist_geo":6,"alta_exp":6,"media_exp":0,"menor_exp":0,"sin_dato_exp":0,"pct_alta":100.0,"indice_municipal":3.0,"presion_municipal":"ALTA","prioridad_diag":"Diagnóstico prioritario","regla_presion_municipal":"Alta >=60% sistemas en alta exposición; Importante 40-<60%; Moderada 20-<40%; Referencia <20%."},"geometry":{"type":"Polygon","coordinates":[[[-75.9895,4.5532],[-75.9925,4.553],[-75.9959,4.5499],[-75.9642,4.5312],[-75.9634,4.5318],[-75.9618,4.531],[-75.9609,4.5336],[-75.9595,4.5348],[-75.9587,4.5343],[-75.9575,4.5352],[-75.9553,4.5344],[-75.9546,4.5353],[-75.9527,4.5347],[-75.9495,4.542],[-75.9475,4.5429],[-75.9457,4.5426],[-75.9429,4.5441],[-75.9408,4.5423],[-75.9399,4.5436],[-75.9398,4.543],[-75.9395,4.5435],[-75.9378,4.5428],[-75.9378,4.5403],[-75.9392,4.5393],[-75.9377,4.5339],[-75.9394,4.5312],[-75.9382,4.5291],[-75.9369,4.5285],[-75.9355,4.5291],[-75.9337,4.5282],[-75.9319,4.5288],[-75.9313,4.5283],[-75.9308,4.5297],[-75.9295,4.5301],[-75.9293,4.5316],[-75.9258,4.5348],[-75.9217,4.5341],[-75.9199,4.535],[-75.917,4.5338],[-75.9142,4.5348],[-75.9099,4.5331],[-75.9049,4.5334],[-75.902,4.5368],[-75.9022,4.5384],[-75.901,4.5384],[-75.8912,4.5377],[-75.8899,4.5341],[-75.8867,4.5311],[-75.8846,4.5303],[-75.8836,4.5312],[-75.8803,4.5316],[-75.8794,4.5296],[-75.8812,4.5279],[-75.8811,4.527],[-75.878,4.5273],[-75.8771,4.5252],[-75.8729,4.5253],[-75.8719,4.5246],[-75.8716,4.5237],[-75.8736,4.5193],[-75.8707,4.5181],[-75.8705,4.5127],[-75.8724,4.5103],[-75.8713,4.5075],[-75.8729,4.5018],[-75.8726,4.4992],[-75.8747,4.4978],[-75.8749,4.4934],[-75.8766,4.4911],[-75.8765,4.4873],[-75.8786,4.4871],[-75.8791,4.486],[-75.8762,4.4837],[-75.8749,4.4813],[-75.8724,4.482],[-75.8718,4.4787],[-75.8733,4.4717],[-75.8769,4.4715],[-75.8781,4.4696],[-75.8798,4.4705],[-75.8814,4.4678],[-75.8804,4.4663],[-75.8774,4.4657],[-75.879,4.4627],[-75.8783,4.46],[-75.8697,4.4546],[-75.8665,4.4556],[-75.8655,4.4548],[-75.8695,4.4526],[-75.8731,4.4518],[-75.8749,4.4496],[-75.8773,4.4497],[-75.8783,4.4482],[-75.881,4.4486],[-75.8832,4.4461],[-75.8858,4.448],[-75.8881,4.4467],[-75.8878,4.4454],[-75.8834,4.4437],[-75.8839,4.441],[-75.8864,4.441],[-75.888,4.4392],[-75.889,4.4331],[-75.8876,4.4301],[-75.8892,4.4271],[-75.8921,4.4265],[-75.8923,4.4289],[-75.8931,4.4292],[-75.8944,4.4287],[-75.8956,4.4261],[-75.8971,4.426],[-75.8969,4.4253],[-75.8993,4.4233],[-75.8991,4.4223],[-75.9008,4.4215],[-75.9011,4.4178],[-75.9031,4.4168],[-75.9024,4.4151],[-75.9036,4.4131],[-75.9047,4.4129],[-75.9063,4.4139],[-75.9071,4.413],[-75.9081,4.4139],[-75.9122,4.4111],[-75.9133,4.4113],[-75.914,4.4132],[-75.9199,4.4101],[-75.9225,4.4103],[-75.9244,4.4094],[-75.9265,4.4099],[-75.9284,4.4077],[-75.9308,4.4065],[-75.9274,4.402],[-75.928,4.4013],[-75.9312,4.4025],[-75.9348,4.4012],[-75.9381,4.405],[-75.9394,4.4052],[-75.9406,4.4037],[-75.9415,4.4044],[-75.9414,4.4076],[-75.9449,4.4085],[-75.9467,4.4048],[-75.9518,4.4012],[-75.9581,4.4022],[-75.9587,4.4083],[-75.957,4.4169],[-75.9575,4.4188],[-75.961,4.4189],[-75.9639,4.4202],[-75.9671,4.4189],[-75.9681,4.4196],[-75.9697,4.4142],[-75.9713,4.4125],[-75.9733,4.412],[-75.9777,4.4132],[-75.9793,4.4129],[-75.981,4.411],[-75.9861,4.4101],[-75.9894,4.4105],[-75.9905,4.4099],[-75.9904,4.4084],[-75.992,4.4067],[-75.996,4.4059],[-75.9966,4.4069],[-75.9955,4.4078],[-75.9953,4.4093],[-75.996,4.413],[-75.9943,4.4152],[-75.9942,4.4197],[-75.9955,4.4214],[-75.9949,4.4217],[-75.9961,4.4221],[-75.9953,4.4238],[-75.9961,4.4242],[-75.9958,4.4248],[-75.9965,4.4244],[-75.9975,4.4252],[-75.9986,4.4246],[-75.9991,4.4253],[-75.9979,4.4285],[-75.9997,4.4358],[-76.004,4.4391],[-76.0099,4.44],[-76.0116,4.4432],[-76.0157,4.4447],[-76.0149,4.4458],[-76.0158,4.4482],[-76.02,4.4495],[-76.0226,4.4492],[-76.0228,4.4501],[-76.025,4.4487],[-76.0249,4.4503],[-76.0281,4.4506],[-76.028,4.4525],[-76.029,4.4516],[-76.0308,4.452],[-76.0321,4.4561],[-76.0331,4.4558],[-76.034,4.4567],[-76.0345,4.4592],[-76.0362,4.4593],[-76.038,4.4635],[-76.0381,4.4655],[-76.0407,4.467],[-76.0422,4.4653],[-76.0456,4.4653],[-76.0483,4.4644],[-76.0501,4.4648],[-76.0543,4.4637],[-76.0565,4.4626],[-76.057,4.4596],[-76.0584,4.4587],[-76.0597,4.4564],[-76.0661,4.457],[-76.0696,4.4559],[-76.0709,4.4596],[-76.0774,4.4615],[-76.0791,4.463],[-76.0792,4.4653],[-76.0762,4.4697],[-76.0773,4.4723],[-76.0808,4.4734],[-76.0856,4.4711],[-76.0878,4.4717],[-76.0876,4.4747],[-76.0849,4.4732],[-76.0834,4.4735],[-76.0789,4.4801],[-76.0739,4.4824],[-76.0689,4.4872],[-76.0655,4.4929],[-76.0616,4.4966],[-76.0611,4.5059],[-76.0593,4.51],[-76.0515,4.5138],[-76.0487,4.5228],[-76.0429,4.5255],[-76.0412,4.5275],[-76.0401,4.5306],[-76.0414,4.5335],[-76.0437,4.5349],[-76.0494,4.5354],[-76.0502,4.5371],[-76.0479,4.5385],[-76.0435,4.5374],[-76.0416,4.5388],[-76.0413,4.5408],[-76.044,4.5456],[-76.0443,4.551],[-76.0394,4.5545],[-76.0373,4.557],[-76.0353,4.5635],[-76.031,4.5691],[-75.9882,4.5547],[-75.9895,4.5532]]]}},{"type":"Feature","properties":{"code":"76400","name":"LA UNIÓN","aro":"NORTE","area_km2":120.9,"nivel":"NARANJA","razon":"Pronóstico IDEAM vigente: lluvia por debajo de lo normal y temperatura por encima.","hidro":"","station":"","foco":false,"sist":9,"pob":9040,"q":24.1,"P1":0,"P2":2,"P3":7,"pobP12":3916,"P1_clima":6,"P2_clima":3,"P3_clima":0,"SIN_DATO_clima":0,"sist_geo":9,"alta_exp":6,"media_exp":3,"menor_exp":0,"sin_dato_exp":0,"pct_alta":66.7,"indice_municipal":2.667,"presion_municipal":"ALTA","prioridad_diag":"Diagnóstico prioritario","regla_presion_municipal":"Alta >=60% sistemas en alta exposición; Importante 40-<60%; Moderada 20-<40%; Referencia <20%."},"geometry":{"type":"Polygon","coordinates":[[[-76.0652,4.5958],[-76.0656,4.5948],[-76.0633,4.5945],[-76.0632,4.5931],[-76.0609,4.5914],[-76.0602,4.5892],[-76.039,4.5831],[-76.0397,4.5798],[-76.039,4.5777],[-76.0375,4.576],[-76.0325,4.5742],[-76.0308,4.5709],[-76.0315,4.568],[-76.0357,4.5627],[-76.0373,4.557],[-76.0394,4.5545],[-76.0443,4.551],[-76.044,4.5456],[-76.0413,4.5408],[-76.0416,4.5388],[-76.0435,4.5374],[-76.0479,4.5385],[-76.0502,4.5371],[-76.0499,4.5358],[-76.0488,4.5352],[-76.0422,4.5343],[-76.0405,4.5319],[-76.0404,4.5291],[-76.0425,4.5258],[-76.0487,4.5228],[-76.0515,4.5138],[-76.0593,4.51],[-76.0609,4.5068],[-76.0621,4.4958],[-76.0656,4.4928],[-76.0882,4.5026],[-76.091,4.502],[-76.093,4.5026],[-76.0994,4.5069],[-76.1014,4.5055],[-76.104,4.5053],[-76.1053,4.504],[-76.1093,4.5042],[-76.1104,4.5031],[-76.1146,4.5019],[-76.1182,4.4989],[-76.1211,4.5001],[-76.1234,4.4992],[-76.1256,4.5002],[-76.1301,4.4936],[-76.1303,4.4922],[-76.1328,4.4906],[-76.1356,4.486],[-76.1408,4.4882],[-76.1437,4.488],[-76.1504,4.4813],[-76.1536,4.4807],[-76.1561,4.4777],[-76.157,4.4807],[-76.1595,4.4831],[-76.1578,4.4883],[-76.1597,4.4939],[-76.1615,4.4973],[-76.1639,4.4985],[-76.1665,4.5025],[-76.1651,4.5056],[-76.1648,4.5112],[-76.1689,4.5156],[-76.1688,4.5204],[-76.1709,4.5259],[-76.172,4.5279],[-76.173,4.5282],[-76.173,4.5337],[-76.1759,4.5391],[-76.1795,4.5405],[-76.1819,4.5433],[-76.185,4.545],[-76.1843,4.5472],[-76.1769,4.5452],[-76.175,4.5454],[-76.1731,4.5476],[-76.1726,4.5501],[-76.168,4.55],[-76.1658,4.5514],[-76.1656,4.5533],[-76.1619,4.5571],[-76.1592,4.5578],[-76.1578,4.562],[-76.1559,4.5632],[-76.1526,4.5638],[-76.1512,4.566],[-76.1514,4.571],[-76.1504,4.5727],[-76.151,4.5751],[-76.1454,4.5701],[-76.1473,4.5674],[-76.1464,4.5637],[-76.1429,4.5616],[-76.1419,4.5596],[-76.1371,4.5574],[-76.1342,4.5588],[-76.1291,4.5643],[-76.1241,4.5666],[-76.1231,4.5685],[-76.1207,4.5696],[-76.1148,4.5693],[-76.1101,4.5719],[-76.1069,4.5708],[-76.1015,4.5704],[-76.0933,4.5765],[-76.0916,4.5791],[-76.0881,4.5818],[-76.0878,4.5831],[-76.084,4.5855],[-76.0828,4.5872],[-76.0792,4.5878],[-76.0782,4.5897],[-76.0763,4.5892],[-76.0745,4.5901],[-76.072,4.5931],[-76.0713,4.5957],[-76.0676,4.5965],[-76.0652,4.5958]]]}},{"type":"Feature","properties":{"code":"76377","name":"LA CUMBRE","aro":"SUR","area_km2":255.4,"nivel":"ROJO","razon":"Foco histórico UESVALLE + pronóstico IDEAM de lluvia por debajo y temperatura por encima.","hidro":"","station":"","foco":true,"sist":31,"pob":27063,"q":97.0,"P1":31,"P2":0,"P3":0,"pobP12":27063,"P1_clima":28,"P2_clima":1,"P3_clima":0,"SIN_DATO_clima":0,"sist_geo":29,"alta_exp":28,"media_exp":1,"menor_exp":0,"sin_dato_exp":0,"pct_alta":96.6,"indice_municipal":2.966,"presion_municipal":"ALTA","prioridad_diag":"Diagnóstico prioritario","regla_presion_municipal":"Alta >=60% sistemas en alta exposición; Importante 40-<60%; Moderada 20-<40%; Referencia <20%."},"geometry":{"type":"Polygon","coordinates":[[[-76.5761,3.8482],[-76.5734,3.8481],[-76.5673,3.8499],[-76.561,3.8482],[-76.5709,3.8403],[-76.5773,3.8335],[-76.5772,3.83],[-76.5751,3.8259],[-76.5753,3.8231],[-76.5742,3.8219],[-76.5751,3.8191],[-76.5767,3.817],[-76.5768,3.8154],[-76.58,3.8127],[-76.5803,3.8091],[-76.5825,3.8066],[-76.5836,3.8064],[-76.5837,3.8047],[-76.5864,3.804],[-76.5877,3.8016],[-76.589,3.8009],[-76.5919,3.7947],[-76.5939,3.7934],[-76.5974,3.7932],[-76.5991,3.7901],[-76.5977,3.788],[-76.592,3.7846],[-76.5917,3.7825],[-76.5935,3.7812],[-76.5955,3.7809],[-76.5964,3.7789],[-76.6007,3.7797],[-76.6021,3.7785],[-76.602,3.7765],[-76.603,3.7756],[-76.6027,3.7726],[-76.6005,3.7723],[-76.5984,3.7707],[-76.6,3.7685],[-76.6024,3.7582],[-76.6038,3.758],[-76.6052,3.7591],[-76.6066,3.7637],[-76.6124,3.765],[-76.6122,3.7637],[-76.6111,3.7635],[-76.6128,3.7624],[-76.6125,3.7614],[-76.6112,3.7613],[-76.6112,3.7605],[-76.6126,3.7604],[-76.6109,3.7593],[-76.6111,3.7569],[-76.6061,3.7525],[-76.6047,3.7527],[-76.6025,3.7508],[-76.601,3.7519],[-76.5981,3.7504],[-76.5919,3.7517],[-76.5908,3.7534],[-76.5915,3.7551],[-76.5893,3.7577],[-76.5884,3.7566],[-76.5867,3.7561],[-76.5878,3.7557],[-76.5875,3.7551],[-76.5854,3.754],[-76.5849,3.755],[-76.5839,3.7547],[-76.5833,3.7503],[-76.5817,3.7508],[-76.5795,3.7492],[-76.5781,3.7503],[-76.5758,3.7504],[-76.5748,3.7525],[-76.5742,3.7507],[-76.5712,3.7521],[-76.5696,3.7501],[-76.5679,3.7493],[-76.5663,3.7497],[-76.5654,3.7516],[-76.5646,3.7516],[-76.5614,3.7481],[-76.5594,3.7478],[-76.5561,3.7447],[-76.5493,3.7453],[-76.547,3.7447],[-76.5468,3.744],[-76.5446,3.7447],[-76.5442,3.743],[-76.5431,3.7437],[-76.5433,3.7446],[-76.541,3.7452],[-76.5369,3.7489],[-76.5347,3.7491],[-76.5332,3.7455],[-76.5317,3.7447],[-76.5322,3.7427],[-76.5304,3.7425],[-76.5294,3.7394],[-76.5298,3.7366],[-76.5289,3.7348],[-76.5284,3.7299],[-76.5274,3.7298],[-76.527,3.7271],[-76.5255,3.7263],[-76.5256,3.7245],[-76.5244,3.7242],[-76.5245,3.7208],[-76.523,3.7207],[-76.523,3.7193],[-76.5213,3.7195],[-76.5189,3.7159],[-76.5179,3.7155],[-76.5173,3.7133],[-76.513,3.7113],[-76.5123,3.71],[-76.5126,3.7083],[-76.5062,3.6992],[-76.5088,3.6987],[-76.5145,3.6955],[-76.5196,3.6866],[-76.5208,3.6828],[-76.5235,3.6791],[-76.5213,3.6714],[-76.5251,3.6679],[-76.5249,3.6673],[-76.5236,3.6676],[-76.5247,3.6665],[-76.5252,3.6636],[-76.5265,3.6632],[-76.5277,3.6607],[-76.5269,3.6539],[-76.5281,3.6521],[-76.5305,3.6524],[-76.5325,3.6511],[-76.5385,3.6394],[-76.5415,3.6369],[-76.5434,3.6335],[-76.5475,3.6346],[-76.5498,3.6376],[-76.553,3.6375],[-76.5543,3.6353],[-76.5566,3.6204],[-76.5559,3.6165],[-76.5589,3.6133],[-76.5618,3.6127],[-76.5653,3.61],[-76.5671,3.5955],[-76.5689,3.5909],[-76.5687,3.5862],[-76.5736,3.5789],[-76.5764,3.57],[-76.578,3.5682],[-76.5806,3.5676],[-76.5822,3.5611],[-76.5842,3.5594],[-76.5868,3.5594],[-76.5876,3.5561],[-76.5908,3.5552],[-76.5929,3.5483],[-76.592,3.547],[-76.5951,3.5479],[-76.5971,3.5516],[-76.5974,3.5574],[-76.596,3.5592],[-76.5957,3.5666],[-76.604,3.5784],[-76.6086,3.5789],[-76.6129,3.5821],[-76.6139,3.5852],[-76.613,3.5868],[-76.6157,3.5935],[-76.6142,3.5961],[-76.6142,3.6013],[-76.6155,3.6074],[-76.6143,3.6104],[-76.6139,3.6164],[-76.6158,3.6186],[-76.6154,3.6209],[-76.6163,3.6228],[-76.6152,3.625],[-76.617,3.626],[-76.6187,3.6348],[-76.6233,3.6338],[-76.6265,3.6312],[-76.6307,3.6306],[-76.6324,3.6314],[-76.6342,3.6339],[-76.638,3.6346],[-76.6396,3.6337],[-76.6423,3.6344],[-76.6462,3.6326],[-76.649,3.6324],[-76.6498,3.6452],[-76.6483,3.6466],[-76.6482,3.653],[-76.6477,3.6542],[-76.6457,3.655],[-76.6462,3.6577],[-76.6447,3.6618],[-76.6457,3.6651],[-76.6495,3.6672],[-76.6522,3.6726],[-76.6507,3.6797],[-76.6485,3.6838],[-76.6464,3.6868],[-76.6414,3.6897],[-76.6407,3.6929],[-76.644,3.7],[-76.644,3.702],[-76.6409,3.7072],[-76.6428,3.7139],[-76.6423,3.7198],[-76.6466,3.726],[-76.6449,3.7309],[-76.6437,3.7385],[-76.6414,3.7445],[-76.6426,3.7531],[-76.6419,3.7586],[-76.6454,3.7632],[-76.648,3.7644],[-76.6472,3.7664],[-76.6475,3.7682],[-76.6468,3.7686],[-76.6473,3.7739],[-76.6448,3.7854],[-76.6345,3.793],[-76.6321,3.7964],[-76.6304,3.8022],[-76.6259,3.8061],[-76.6213,3.8082],[-76.619,3.8084],[-76.6167,3.8127],[-76.615,3.8137],[-76.6115,3.813],[-76.6067,3.8135],[-76.6058,3.8151],[-76.6041,3.8158],[-76.6037,3.8177],[-76.6022,3.8189],[-76.5998,3.8185],[-76.5986,3.8208],[-76.596,3.8219],[-76.5956,3.8233],[-76.5944,3.8234],[-76.5945,3.8256],[-76.5922,3.8293],[-76.5928,3.8315],[-76.5826,3.8429],[-76.5839,3.848],[-76.586,3.8498],[-76.5884,3.8534],[-76.5886,3.855],[-76.5913,3.8581],[-76.5927,3.863],[-76.5826,3.8561],[-76.5761,3.8482]]]}},{"type":"Feature","properties":{"code":"76364","name":"JAMUNDÍ","aro":"SUR","area_km2":629.1,"nivel":"NARANJA","razon":"Pronóstico IDEAM vigente: lluvia por debajo de lo normal y temperatura por encima.","hidro":"","station":"","foco":false,"sist":0,"pob":0,"q":0,"P1":0,"P2":0,"P3":0,"pobP12":0,"P1_clima":0,"P2_clima":0,"P3_clima":0,"SIN_DATO_clima":0,"sist_geo":0,"alta_exp":0,"media_exp":0,"menor_exp":0,"sin_dato_exp":0,"pct_alta":null,"indice_municipal":null,"presion_municipal":"SIN_DATO","prioridad_diag":"Sin sistemas georreferenciados","regla_presion_municipal":"Alta >=60% sistemas en alta exposición; Importante 40-<60%; Moderada 20-<40%; Referencia <20%."},"geometry":{"type":"Polygon","coordinates":[[[-76.7016,3.3566],[-76.6999,3.3542],[-76.7004,3.3523],[-76.6997,3.3491],[-76.695,3.3432],[-76.6956,3.3402],[-76.6945,3.3385],[-76.695,3.335],[-76.6932,3.3313],[-76.6931,3.3303],[-76.6957,3.329],[-76.6953,3.3272],[-76.6975,3.3199],[-76.6972,3.3153],[-76.6962,3.3141],[-76.696,3.3112],[-76.6953,3.311],[-76.6933,3.3121],[-76.6848,3.3136],[-76.6805,3.3154],[-76.6726,3.3138],[-76.6664,3.3153],[-76.6627,3.3145],[-76.6563,3.3042],[-76.6494,3.3019],[-76.649,3.2983],[-76.6475,3.2973],[-76.6413,3.2998],[-76.6382,3.2989],[-76.63,3.3069],[-76.6265,3.3074],[-76.6219,3.3049],[-76.6163,3.3066],[-76.6137,3.3105],[-76.6076,3.3135],[-76.6066,3.3132],[-76.6032,3.3095],[-76.6004,3.3082],[-76.5973,3.3084],[-76.5902,3.307],[-76.588,3.3089],[-76.5816,3.3086],[-76.5803,3.304],[-76.5785,3.3044],[-76.5771,3.3031],[-76.5756,3.3037],[-76.5725,3.3026],[-76.5707,3.2998],[-76.5677,3.2997],[-76.5665,3.2989],[-76.5661,3.2973],[-76.5672,3.2959],[-76.5664,3.2945],[-76.5673,3.2941],[-76.5653,3.2916],[-76.566,3.291],[-76.5654,3.2909],[-76.5657,3.2897],[-76.5639,3.2864],[-76.5627,3.2871],[-76.5603,3.2855],[-76.5586,3.2809],[-76.5583,3.2825],[-76.555,3.2826],[-76.5546,3.2847],[-76.5531,3.2848],[-76.5522,3.2869],[-76.5495,3.2856],[-76.5492,3.2838],[-76.548,3.283],[-76.5467,3.2829],[-76.5462,3.2855],[-76.5445,3.2827],[-76.5436,3.2828],[-76.5434,3.2839],[-76.5424,3.282],[-76.5442,3.278],[-76.5419,3.2798],[-76.5399,3.2802],[-76.5392,3.2814],[-76.5364,3.2805],[-76.5351,3.2831],[-76.5328,3.2832],[-76.533,3.2849],[-76.5339,3.2851],[-76.5327,3.2859],[-76.5307,3.2858],[-76.5307,3.2867],[-76.529,3.2871],[-76.5281,3.2853],[-76.5277,3.2863],[-76.5267,3.2864],[-76.5265,3.2858],[-76.5225,3.2852],[-76.5215,3.2843],[-76.5216,3.283],[-76.5195,3.2811],[-76.5182,3.281],[-76.5173,3.2791],[-76.5133,3.2775],[-76.5117,3.2786],[-76.5087,3.2776],[-76.5052,3.2805],[-76.5023,3.2784],[-76.5012,3.2793],[-76.4997,3.2767],[-76.4995,3.2736],[-76.4987,3.2734],[-76.4977,3.2747],[-76.498,3.2762],[-76.4963,3.278],[-76.4964,3.2791],[-76.4938,3.2788],[-76.4944,3.2808],[-76.4924,3.2847],[-76.4934,3.2875],[-76.4927,3.2895],[-76.4889,3.2886],[-76.4788,3.2897],[-76.4748,3.2872],[-76.4746,3.2853],[-76.4753,3.2844],[-76.4788,3.2862],[-76.4814,3.2866],[-76.4852,3.2854],[-76.4868,3.284],[-76.4872,3.2825],[-76.4852,3.2794],[-76.483,3.2783],[-76.4806,3.2782],[-76.4766,3.2809],[-76.4742,3.2807],[-76.471,3.2752],[-76.4718,3.2708],[-76.4706,3.27],[-76.4656,3.2696],[-76.4608,3.2663],[-76.4638,3.2629],[-76.4636,3.2612],[-76.4609,3.2592],[-76.4599,3.2572],[-76.46,3.2549],[-76.4617,3.2527],[-76.4638,3.2526],[-76.4652,3.2563],[-76.4684,3.2583],[-76.4745,3.2583],[-76.4756,3.2573],[-76.4751,3.2558],[-76.4708,3.255],[-76.4689,3.2527],[-76.4629,3.2506],[-76.4621,3.2492],[-76.4615,3.2467],[-76.4625,3.2458],[-76.4642,3.2461],[-76.4673,3.2491],[-76.4694,3.2493],[-76.4711,3.2484],[-76.4707,3.2464],[-76.4652,3.2444],[-76.4648,3.2425],[-76.4666,3.2397],[-76.4691,3.2401],[-76.4727,3.2448],[-76.4744,3.2452],[-76.4751,3.2447],[-76.4752,3.2419],[-76.4721,3.2391],[-76.4718,3.2377],[-76.4764,3.2343],[-76.4773,3.2326],[-76.4727,3.2288],[-76.4714,3.2288],[-76.4692,3.2306],[-76.467,3.2303],[-76.4654,3.2286],[-76.4654,3.2275],[-76.4713,3.2265],[-76.4733,3.2161],[-76.4755,3.2164],[-76.4772,3.2212],[-76.4795,3.2223],[-76.4817,3.2209],[-76.4806,3.2164],[-76.4851,3.2131],[-76.4874,3.2139],[-76.4888,3.2174],[-76.4909,3.2174],[-76.4917,3.2161],[-76.4927,3.2065],[-76.4973,3.2041],[-76.4982,3.2021],[-76.4988,3.1982],[-76.4981,3.1973],[-76.4967,3.1971],[-76.4934,3.1988],[-76.491,3.1975],[-76.4914,3.1919],[-76.4901,3.1878],[-76.4934,3.1818],[-76.4927,3.1796],[-76.488,3.176],[-76.4871,3.1738],[-76.4884,3.1705],[-76.4898,3.1699],[-76.491,3.1741],[-76.4925,3.1761],[-76.4949,3.1763],[-76.4963,3.1754],[-76.4972,3.1712],[-76.4956,3.166],[-76.4972,3.1656],[-76.5019,3.1666],[-76.5028,3.1652],[-76.502,3.1621],[-76.5024,3.1594],[-76.5069,3.1583],[-76.5078,3.1573],[-76.5068,3.1542],[-76.5008,3.1497],[-76.5008,3.144],[-76.5035,3.1443],[-76.5057,3.1487],[-76.5076,3.1501],[-76.51,3.1503],[-76.5145,3.1481],[-76.518,3.1499],[-76.5198,3.1497],[-76.5216,3.1488],[-76.5215,3.1473],[-76.5175,3.1473],[-76.5141,3.1455],[-76.5147,3.1441],[-76.5187,3.1445],[-76.5208,3.1434],[-76.5206,3.1415],[-76.5174,3.1381],[-76.5178,3.1345],[-76.5194,3.1339],[-76.5224,3.1361],[-76.529,3.137],[-76.5312,3.137],[-76.5327,3.1357],[-76.5325,3.1322],[-76.5315,3.131],[-76.5275,3.1345],[-76.5252,3.1319],[-76.5225,3.1306],[-76.5228,3.1266],[-76.5218,3.1234],[-76.5201,3.1228],[-76.5174,3.1246],[-76.5154,3.1242],[-76.5133,3.1216],[-76.5156,3.1184],[-76.5205,3.1202],[-76.523,3.1168],[-76.5271,3.1157],[-76.5284,3.1184],[-76.5278,3.1227],[-76.5294,3.1238],[-76.5309,3.1236],[-76.5324,3.1206],[-76.535,3.1194],[-76.5365,3.1171],[-76.5354,3.1133],[-76.5367,3.1099],[-76.5393,3.1084],[-76.5405,3.1109],[-76.5416,3.1111],[-76.544,3.1071],[-76.5461,3.1059],[-76.5522,3.1074],[-76.5542,3.1044],[-76.5542,3.1006],[-76.5559,3.0995],[-76.5578,3.1015],[-76.5566,3.1072],[-76.5576,3.1078],[-76.5613,3.1066],[-76.563,3.1069],[-76.5657,3.1122],[-76.5642,3.1168],[-76.5652,3.1179],[-76.57,3.1197],[-76.5692,3.1249],[-76.5708,3.1277],[-76.5729,3.1288],[-76.5775,3.1265],[-76.5787,3.1251],[-76.5783,3.1224],[-76.5747,3.1187],[-76.5745,3.1153],[-76.5769,3.115],[-76.5784,3.1185],[-76.5807,3.1196],[-76.585,3.1165],[-76.5901,3.1164],[-76.5912,3.1152],[-76.5913,3.113],[-76.5887,3.1102],[-76.5875,3.1072],[-76.5908,3.1023],[-76.5915,3.1022],[-76.5948,3.1061],[-76.5977,3.1061],[-76.5988,3.1051],[-76.5994,3.1037],[-76.5988,3.1021],[-76.5963,3.1012],[-76.5918,3.0974],[-76.5918,3.0956],[-76.593,3.0936],[-76.5991,3.0922],[-76.602,3.096],[-76.6038,3.097],[-76.6049,3.096],[-76.6052,3.0926],[-76.6107,3.0913],[-76.6124,3.0916],[-76.6153,3.0943],[-76.6158,3.0973],[-76.6184,3.0995],[-76.6203,3.1002],[-76.6215,3.0996],[-76.6212,3.1013],[-76.6243,3.1021],[-76.6249,3.105],[-76.6237,3.1085],[-76.6244,3.1092],[-76.6257,3.1089],[-76.6266,3.1101],[-76.626,3.111],[-76.6244,3.1103],[-76.6248,3.1124],[-76.6222,3.1147],[-76.6219,3.1159],[-76.6228,3.1169],[-76.6251,3.1172],[-76.6261,3.124],[-76.6298,3.1284],[-76.6331,3.1273],[-76.6344,3.124],[-76.6359,3.1233],[-76.6365,3.1209],[-76.6389,3.1219],[-76.6393,3.1191],[-76.6414,3.1178],[-76.6429,3.1186],[-76.6435,3.1153],[-76.6407,3.1144],[-76.6408,3.1112],[-76.6449,3.11],[-76.6468,3.1055],[-76.6507,3.1021],[-76.6522,3.1015],[-76.6528,3.1029],[-76.6538,3.1031],[-76.6548,3.1008],[-76.6599,3.0993],[-76.6615,3.1023],[-76.6641,3.0992],[-76.6663,3.098],[-76.6673,3.1018],[-76.6685,3.1029],[-76.6727,3.102],[-76.6737,3.1006],[-76.6754,3.1009],[-76.6751,3.0999],[-76.6762,3.0995],[-76.6819,3.1026],[-76.6832,3.1044],[-76.6824,3.1059],[-76.6841,3.1082],[-76.6862,3.1087],[-76.6864,3.1101],[-76.6877,3.1103],[-76.689,3.1125],[-76.6916,3.1116],[-76.6952,3.1131],[-76.6964,3.1148],[-76.6957,3.1177],[-76.6969,3.118],[-76.6987,3.1171],[-76.6981,3.1183],[-76.6997,3.1202],[-76.7026,3.1209],[-76.7032,3.1199],[-76.7086,3.1186],[-76.7115,3.1203],[-76.7123,3.1187],[-76.7161,3.1188],[-76.7196,3.117],[-76.7227,3.1177],[-76.7251,3.12],[-76.7276,3.1206],[-76.7334,3.1249],[-76.7354,3.1293],[-76.7386,3.1306],[-76.7442,3.1356],[-76.7445,3.1386],[-76.7457,3.14],[-76.7465,3.1431],[-76.7495,3.1451],[-76.749,3.1522],[-76.7502,3.154],[-76.748,3.1563],[-76.748,3.1601],[-76.7463,3.1605],[-76.745,3.1631],[-76.7428,3.1647],[-76.7427,3.1677],[-76.7404,3.169],[-76.7403,3.1715],[-76.7417,3.1728],[-76.7407,3.1783],[-76.7414,3.1797],[-76.7441,3.1806],[-76.7445,3.1817],[-76.7437,3.1826],[-76.7397,3.1829],[-76.7392,3.1861],[-76.7417,3.1873],[-76.7446,3.1869],[-76.7452,3.188],[-76.7475,3.189],[-76.7479,3.1911],[-76.746,3.1908],[-76.7446,3.193],[-76.747,3.1958],[-76.749,3.1962],[-76.7493,3.1975],[-76.7515,3.1988],[-76.7559,3.1989],[-76.7586,3.2005],[-76.7592,3.2018],[-76.7585,3.2025],[-76.7529,3.2045],[-76.7557,3.2074],[-76.753,3.209],[-76.7529,3.2099],[-76.7548,3.2118],[-76.759,3.2133],[-76.7596,3.2146],[-76.7581,3.2154],[-76.758,3.2164],[-76.7648,3.2226],[-76.7654,3.2252],[-76.7682,3.2286],[-76.7688,3.231],[-76.7729,3.2337],[-76.7769,3.2311],[-76.7821,3.2302],[-76.7831,3.2307],[-76.7835,3.2332],[-76.7815,3.2374],[-76.7824,3.245],[-76.7835,3.2469],[-76.7815,3.251],[-76.7767,3.2528],[-76.7748,3.2545],[-76.7713,3.2555],[-76.7645,3.2558],[-76.7628,3.257],[-76.7582,3.2631],[-76.7565,3.2681],[-76.7513,3.2734],[-76.7504,3.276],[-76.7506,3.2818],[-76.7461,3.2895],[-76.7475,3.2926],[-76.7473,3.2961],[-76.7434,3.301],[-76.7409,3.3077],[-76.7371,3.3096],[-76.7365,3.3106],[-76.7369,3.3162],[-76.7399,3.3188],[-76.74,3.3209],[-76.7356,3.3269],[-76.7348,3.33],[-76.7313,3.3319],[-76.731,3.3338],[-76.7278,3.3385],[-76.7206,3.3379],[-76.7203,3.3399],[-76.716,3.3437],[-76.7111,3.3533],[-76.7086,3.3548],[-76.7059,3.3548],[-76.7016,3.3566]]]}},{"type":"Feature","properties":{"code":"76100","name":"BOLÍVAR","aro":"NORTE","area_km2":743.6,"nivel":"NARANJA","razon":"Pronóstico IDEAM vigente: lluvia por debajo de lo normal y temperatura por encima.","hidro":"","station":"","foco":false,"sist":24,"pob":13776,"q":52.5,"P1":0,"P2":17,"P3":7,"pobP12":6428,"P1_clima":7,"P2_clima":18,"P3_clima":0,"SIN_DATO_clima":0,"sist_geo":25,"alta_exp":7,"media_exp":18,"menor_exp":0,"sin_dato_exp":0,"pct_alta":28.0,"indice_municipal":2.28,"presion_municipal":"MODERADA","prioridad_diag":"Seguimiento preventivo","regla_presion_municipal":"Alta >=60% sistemas en alta exposición; Importante 40-<60%; Moderada 20-<40%; Referencia <20%."},"geometry":{"type":"Polygon","coordinates":[[[-76.2777,4.4972],[-76.2733,4.4901],[-76.268,4.4863],[-76.268,4.4809],[-76.2747,4.4759],[-76.2778,4.4751],[-76.2769,4.472],[-76.279,4.4693],[-76.2787,4.4639],[-76.2807,4.4623],[-76.2802,4.456],[-76.2791,4.4554],[-76.2753,4.4557],[-76.2705,4.4543],[-76.2658,4.4433],[-76.2616,4.4414],[-76.2559,4.4406],[-76.2536,4.4394],[-76.2456,4.4292],[-76.2458,4.4243],[-76.2488,4.4187],[-76.2495,4.4143],[-76.252,4.4121],[-76.2517,4.4101],[-76.2563,4.4026],[-76.2518,4.3993],[-76.2406,4.3944],[-76.2401,4.393],[-76.2376,4.3962],[-76.237,4.3962],[-76.237,4.3951],[-76.2356,4.3961],[-76.2305,4.3959],[-76.2275,4.397],[-76.2206,4.3948],[-76.2151,4.3916],[-76.2145,4.3901],[-76.2153,4.3864],[-76.2141,4.3854],[-76.2096,4.383],[-76.2066,4.3827],[-76.2005,4.3802],[-76.1981,4.3798],[-76.1956,4.3804],[-76.1881,4.3729],[-76.1843,4.3745],[-76.182,4.3742],[-76.1802,4.3755],[-76.1764,4.3742],[-76.1732,4.371],[-76.1682,4.3707],[-76.1631,4.3679],[-76.1574,4.3703],[-76.1485,4.3725],[-76.1487,4.3655],[-76.1501,4.3617],[-76.1524,4.3591],[-76.1516,4.3576],[-76.1488,4.3554],[-76.1468,4.3553],[-76.1435,4.3571],[-76.1416,4.3609],[-76.1394,4.3603],[-76.138,4.3585],[-76.1379,4.3539],[-76.1425,4.3468],[-76.1483,4.349],[-76.157,4.3497],[-76.1601,4.3494],[-76.1624,4.348],[-76.1617,4.3466],[-76.156,4.3479],[-76.1533,4.3471],[-76.1511,4.3452],[-76.1503,4.3416],[-76.151,4.3402],[-76.1531,4.3386],[-76.156,4.3383],[-76.1606,4.3395],[-76.1638,4.3379],[-76.1644,4.335],[-76.1623,4.3298],[-76.1623,4.3267],[-76.1653,4.3221],[-76.1733,4.3155],[-76.1726,4.3107],[-76.1729,4.3045],[-76.1736,4.3034],[-76.176,4.3027],[-76.1759,4.3113],[-76.1775,4.3144],[-76.1792,4.3153],[-76.1821,4.3079],[-76.1873,4.3054],[-76.1887,4.3038],[-76.1884,4.3011],[-76.1851,4.2996],[-76.1843,4.2985],[-76.1848,4.2977],[-76.1893,4.2968],[-76.1919,4.2926],[-76.1942,4.2914],[-76.2055,4.2912],[-76.207,4.2905],[-76.2066,4.2887],[-76.2028,4.2898],[-76.1998,4.2891],[-76.198,4.2864],[-76.1979,4.2848],[-76.2,4.2818],[-76.2084,4.2789],[-76.2032,4.2739],[-76.2026,4.2722],[-76.204,4.2694],[-76.2101,4.2642],[-76.2126,4.2597],[-76.2192,4.2622],[-76.2215,4.2679],[-76.2266,4.2685],[-76.2294,4.2702],[-76.2317,4.2741],[-76.2387,4.2755],[-76.2379,4.282],[-76.2366,4.2834],[-76.2406,4.287],[-76.2395,4.2896],[-76.2406,4.293],[-76.2411,4.2999],[-76.2467,4.306],[-76.2521,4.3061],[-76.2531,4.3012],[-76.2563,4.2971],[-76.2585,4.2959],[-76.2591,4.2931],[-76.2658,4.2897],[-76.2665,4.2866],[-76.2722,4.2824],[-76.2754,4.2751],[-76.2784,4.2741],[-76.2824,4.2767],[-76.2835,4.2784],[-76.2875,4.277],[-76.2906,4.2779],[-76.2922,4.2794],[-76.2926,4.281],[-76.2957,4.2845],[-76.2965,4.2871],[-76.2959,4.2886],[-76.2968,4.2931],[-76.2975,4.2932],[-76.2943,4.297],[-76.2957,4.2987],[-76.2963,4.2968],[-76.298,4.2956],[-76.2999,4.2961],[-76.3013,4.2946],[-76.3044,4.2943],[-76.3052,4.2954],[-76.3153,4.2982],[-76.3175,4.3001],[-76.3259,4.3028],[-76.3277,4.2961],[-76.3295,4.2938],[-76.3311,4.2939],[-76.338,4.2954],[-76.34,4.297],[-76.3425,4.2968],[-76.3449,4.2984],[-76.3468,4.2982],[-76.3487,4.2966],[-76.3568,4.2985],[-76.362,4.3024],[-76.3689,4.3025],[-76.3718,4.3043],[-76.3769,4.3024],[-76.3843,4.3036],[-76.3873,4.3011],[-76.3991,4.3003],[-76.4026,4.301],[-76.407,4.2997],[-76.4082,4.2968],[-76.4082,4.2946],[-76.4114,4.2924],[-76.4089,4.2896],[-76.4103,4.2865],[-76.4097,4.283],[-76.4109,4.278],[-76.4147,4.2775],[-76.4192,4.2751],[-76.4226,4.2757],[-76.4248,4.2751],[-76.4327,4.2694],[-76.4408,4.2659],[-76.441,4.264],[-76.4393,4.2598],[-76.4392,4.2544],[-76.4377,4.2513],[-76.4377,4.2486],[-76.4391,4.2463],[-76.4465,4.2416],[-76.4483,4.2339],[-76.455,4.2295],[-76.458,4.2315],[-76.4654,4.2327],[-76.4712,4.2304],[-76.4778,4.234],[-76.4871,4.2355],[-76.4873,4.2399],[-76.4903,4.2437],[-76.4946,4.2452],[-76.499,4.2481],[-76.5011,4.2484],[-76.5059,4.2519],[-76.5071,4.2544],[-76.5055,4.2562],[-76.508,4.2616],[-76.509,4.2679],[-76.5152,4.2709],[-76.5159,4.2731],[-76.5181,4.2746],[-76.5211,4.2823],[-76.5262,4.2878],[-76.5294,4.2953],[-76.5295,4.3021],[-76.5277,4.3064],[-76.5254,4.3092],[-76.5254,4.3112],[-76.5284,4.3183],[-76.5276,4.3219],[-76.5279,4.3235],[-76.5355,4.3274],[-76.5368,4.3308],[-76.5424,4.3346],[-76.5493,4.3371],[-76.5495,4.3398],[-76.5479,4.3489],[-76.5483,4.3509],[-76.5526,4.3575],[-76.5577,4.3616],[-76.5615,4.3682],[-76.562,4.3705],[-76.5592,4.3773],[-76.5597,4.3799],[-76.5578,4.3831],[-76.5582,4.3866],[-76.5548,4.3934],[-76.5553,4.399],[-76.5533,4.4014],[-76.5497,4.4024],[-76.5466,4.4009],[-76.5453,4.397],[-76.5395,4.3963],[-76.5369,4.3974],[-76.5355,4.4006],[-76.5327,4.401],[-76.5265,4.4038],[-76.5213,4.4047],[-76.5175,4.4032],[-76.5155,4.4032],[-76.5115,4.4053],[-76.5063,4.4103],[-76.5031,4.4112],[-76.502,4.4132],[-76.4986,4.4127],[-76.4959,4.4142],[-76.4918,4.4132],[-76.4821,4.4141],[-76.472,4.4244],[-76.4608,4.4305],[-76.458,4.4309],[-76.4566,4.4328],[-76.4521,4.4339],[-76.4498,4.4366],[-76.4488,4.4403],[-76.4444,4.4416],[-76.4349,4.4418],[-76.4309,4.4486],[-76.4265,4.4469],[-76.4185,4.4477],[-76.4179,4.4487],[-76.4187,4.4519],[-76.4165,4.4553],[-76.4143,4.4569],[-76.4107,4.4569],[-76.4086,4.4599],[-76.4105,4.4632],[-76.4102,4.4657],[-76.4054,4.4689],[-76.4037,4.4728],[-76.4023,4.474],[-76.3958,4.4735],[-76.3914,4.4757],[-76.3863,4.4812],[-76.3864,4.4896],[-76.3827,4.4929],[-76.3762,4.4919],[-76.3692,4.4893],[-76.3656,4.4913],[-76.3639,4.4936],[-76.3568,4.4925],[-76.3549,4.4897],[-76.3512,4.489],[-76.3483,4.4897],[-76.3428,4.4839],[-76.3407,4.4827],[-76.3356,4.483],[-76.3316,4.4801],[-76.3288,4.4837],[-76.3271,4.4845],[-76.3229,4.4844],[-76.3204,4.4833],[-76.3189,4.4842],[-76.3169,4.4842],[-76.3154,4.4839],[-76.315,4.483],[-76.3106,4.483],[-76.3047,4.4867],[-76.3039,4.4881],[-76.3015,4.4872],[-76.2998,4.4876],[-76.2983,4.491],[-76.2957,4.4908],[-76.2915,4.4925],[-76.2853,4.4933],[-76.2796,4.4978],[-76.2777,4.4972]]]}},{"type":"Feature","properties":{"code":"76233","name":"DAGUA","aro":"SUR","area_km2":916.6,"nivel":"ROJO","razon":"Evidencia directa CVC de precipitación muy deficitaria.","hidro":"Bendiciones río Dagua 60%; Puerta Dagua 111%.","station":"La Rosita","foco":false,"sist":81,"pob":64252,"q":302.7,"P1":27,"P2":27,"P3":27,"pobP12":41176,"P1_clima":46,"P2_clima":27,"P3_clima":0,"SIN_DATO_clima":0,"sist_geo":73,"alta_exp":46,"media_exp":27,"menor_exp":0,"sin_dato_exp":0,"pct_alta":63.0,"indice_municipal":2.63,"presion_municipal":"ALTA","prioridad_diag":"Diagnóstico prioritario","regla_presion_municipal":"Alta >=60% sistemas en alta exposición; Importante 40-<60%; Moderada 20-<40%; Referencia <20%."},"geometry":{"type":"Polygon","coordinates":[[[-76.7977,3.8768],[-76.7931,3.8757],[-76.7906,3.874],[-76.7894,3.8727],[-76.7892,3.871],[-76.7872,3.8693],[-76.7864,3.8646],[-76.7843,3.8634],[-76.7786,3.8622],[-76.7699,3.8623],[-76.7687,3.8612],[-76.7655,3.8613],[-76.7624,3.8596],[-76.7457,3.8575],[-76.7327,3.8504],[-76.7304,3.8518],[-76.7284,3.8518],[-76.7268,3.849],[-76.7138,3.8422],[-76.7079,3.8466],[-76.7031,3.8517],[-76.6968,3.8558],[-76.6959,3.8576],[-76.6935,3.8588],[-76.6909,3.8616],[-76.6878,3.8615],[-76.6846,3.864],[-76.6785,3.8605],[-76.6758,3.8622],[-76.6665,3.8616],[-76.6627,3.856],[-76.6535,3.8493],[-76.6502,3.8488],[-76.6461,3.8447],[-76.6438,3.8439],[-76.6405,3.8461],[-76.6378,3.846],[-76.6344,3.8491],[-76.633,3.8489],[-76.6308,3.8519],[-76.6201,3.8601],[-76.6162,3.8603],[-76.6089,3.8637],[-76.5989,3.863],[-76.5943,3.8634],[-76.5927,3.863],[-76.5915,3.8583],[-76.5886,3.855],[-76.5884,3.8534],[-76.586,3.8498],[-76.5839,3.848],[-76.5827,3.8438],[-76.5826,3.8429],[-76.5928,3.8315],[-76.5922,3.8293],[-76.5945,3.8256],[-76.5945,3.8233],[-76.5955,3.8234],[-76.596,3.8219],[-76.5986,3.8208],[-76.5998,3.8185],[-76.6022,3.8189],[-76.6037,3.8177],[-76.6041,3.8158],[-76.6058,3.8151],[-76.6067,3.8135],[-76.6115,3.813],[-76.615,3.8137],[-76.6167,3.8127],[-76.619,3.8084],[-76.6213,3.8082],[-76.6259,3.8061],[-76.6304,3.8022],[-76.6321,3.7964],[-76.6345,3.793],[-76.6448,3.7854],[-76.6473,3.7739],[-76.6468,3.7686],[-76.6475,3.7682],[-76.6472,3.7664],[-76.648,3.7644],[-76.6454,3.7632],[-76.6419,3.7586],[-76.6426,3.7531],[-76.6413,3.7449],[-76.6437,3.7385],[-76.6449,3.7309],[-76.6466,3.7255],[-76.6423,3.7198],[-76.6428,3.7139],[-76.6409,3.7071],[-76.6441,3.7015],[-76.6434,3.6981],[-76.6409,3.6938],[-76.6407,3.6918],[-76.6414,3.6897],[-76.6464,3.6868],[-76.6485,3.6838],[-76.6507,3.6797],[-76.6522,3.6726],[-76.6495,3.6672],[-76.6457,3.6651],[-76.6447,3.6618],[-76.6462,3.6577],[-76.6457,3.655],[-76.6477,3.6542],[-76.6482,3.653],[-76.6483,3.6466],[-76.6498,3.6452],[-76.649,3.6324],[-76.6462,3.6326],[-76.6423,3.6344],[-76.6396,3.6337],[-76.638,3.6346],[-76.6342,3.6339],[-76.6324,3.6314],[-76.6307,3.6306],[-76.6265,3.6312],[-76.6233,3.6338],[-76.6187,3.6348],[-76.617,3.626],[-76.6152,3.625],[-76.6163,3.6228],[-76.6154,3.6209],[-76.6158,3.6186],[-76.6139,3.6164],[-76.6143,3.6104],[-76.6155,3.6074],[-76.6142,3.6013],[-76.6142,3.5961],[-76.6157,3.5935],[-76.613,3.5868],[-76.6139,3.5852],[-76.6129,3.5821],[-76.6086,3.5789],[-76.604,3.5784],[-76.5954,3.5662],[-76.596,3.5592],[-76.5974,3.5578],[-76.5975,3.5557],[-76.5969,3.5509],[-76.5951,3.5474],[-76.5969,3.5458],[-76.5995,3.5468],[-76.6012,3.5465],[-76.6035,3.5425],[-76.6068,3.5424],[-76.6106,3.535],[-76.614,3.5313],[-76.6164,3.5315],[-76.6176,3.5301],[-76.618,3.5221],[-76.622,3.5169],[-76.6238,3.51],[-76.6224,3.5083],[-76.6231,3.4997],[-76.6283,3.4879],[-76.63,3.4883],[-76.6312,3.4902],[-76.6324,3.4898],[-76.6347,3.4858],[-76.6424,3.478],[-76.6446,3.4732],[-76.6445,3.4716],[-76.646,3.4697],[-76.6506,3.4668],[-76.6569,3.467],[-76.6589,3.4682],[-76.6651,3.4687],[-76.668,3.4644],[-76.6743,3.4617],[-76.6766,3.4641],[-76.6805,3.4623],[-76.6855,3.4637],[-76.69,3.4613],[-76.6924,3.4558],[-76.6929,3.4499],[-76.6951,3.4486],[-76.6977,3.4453],[-76.7029,3.4453],[-76.7039,3.4423],[-76.7056,3.442],[-76.7048,3.4352],[-76.7068,3.4331],[-76.7069,3.428],[-76.7124,3.4238],[-76.7157,3.4239],[-76.717,3.4257],[-76.7202,3.4279],[-76.7251,3.4281],[-76.729,3.4294],[-76.7315,3.4295],[-76.7365,3.4325],[-76.7456,3.433],[-76.7466,3.4344],[-76.7487,3.4345],[-76.7504,3.4381],[-76.7528,3.4404],[-76.7533,3.4483],[-76.7555,3.4498],[-76.7569,3.4536],[-76.7591,3.4554],[-76.7594,3.46],[-76.7583,3.4613],[-76.7585,3.4631],[-76.7599,3.4654],[-76.769,3.4646],[-76.7719,3.4661],[-76.7762,3.4665],[-76.778,3.4675],[-76.7777,3.4709],[-76.7796,3.4769],[-76.7789,3.4808],[-76.7863,3.4992],[-76.7915,3.5027],[-76.7925,3.5087],[-76.7958,3.5129],[-76.7968,3.5159],[-76.8039,3.5207],[-76.8075,3.5217],[-76.8084,3.5241],[-76.8076,3.5264],[-76.8084,3.5303],[-76.8132,3.5394],[-76.8144,3.5394],[-76.8162,3.5359],[-76.8213,3.5385],[-76.8285,3.5403],[-76.8314,3.5432],[-76.8352,3.5439],[-76.8372,3.5451],[-76.8381,3.547],[-76.8421,3.5485],[-76.8431,3.5497],[-76.8466,3.5502],[-76.855,3.5493],[-76.8535,3.5571],[-76.8547,3.5599],[-76.8549,3.5637],[-76.8539,3.5668],[-76.8498,3.5705],[-76.8501,3.5732],[-76.8482,3.575],[-76.8467,3.5784],[-76.8518,3.5901],[-76.8566,3.5935],[-76.8594,3.5941],[-76.8613,3.5955],[-76.8656,3.5943],[-76.869,3.6014],[-76.8708,3.6026],[-76.8751,3.6019],[-76.8794,3.5976],[-76.8847,3.5973],[-76.8847,3.6032],[-76.8854,3.6049],[-76.887,3.6056],[-76.8895,3.6054],[-76.8905,3.6063],[-76.8888,3.6094],[-76.8861,3.6106],[-76.8815,3.6201],[-76.8784,3.6225],[-76.874,3.6242],[-76.8715,3.6286],[-76.8677,3.6294],[-76.8667,3.6316],[-76.8635,3.6312],[-76.8595,3.6325],[-76.8552,3.6313],[-76.8541,3.6322],[-76.8501,3.6293],[-76.8474,3.6327],[-76.8454,3.6328],[-76.8421,3.6321],[-76.8421,3.6304],[-76.8406,3.6292],[-76.838,3.629],[-76.8378,3.6282],[-76.8292,3.628],[-76.8269,3.626],[-76.824,3.6254],[-76.8231,3.627],[-76.8181,3.629],[-76.8154,3.6322],[-76.8099,3.6364],[-76.808,3.6428],[-76.8083,3.646],[-76.8057,3.6478],[-76.8031,3.6478],[-76.799,3.6503],[-76.7999,3.6564],[-76.7975,3.6603],[-76.793,3.6647],[-76.7943,3.6702],[-76.796,3.6733],[-76.7952,3.6758],[-76.7929,3.6788],[-76.7936,3.6829],[-76.7955,3.6852],[-76.7957,3.6875],[-76.7978,3.6894],[-76.7981,3.6914],[-76.8001,3.6923],[-76.8024,3.6971],[-76.8059,3.6977],[-76.8092,3.6964],[-76.8115,3.6983],[-76.815,3.6981],[-76.8217,3.7056],[-76.8205,3.71],[-76.8219,3.7137],[-76.8213,3.7193],[-76.8224,3.7235],[-76.8166,3.7273],[-76.813,3.735],[-76.8134,3.741],[-76.8144,3.7434],[-76.8164,3.7443],[-76.8163,3.747],[-76.8106,3.7478],[-76.8084,3.747],[-76.8053,3.7472],[-76.8014,3.7511],[-76.7994,3.7512],[-76.797,3.7497],[-76.7937,3.7507],[-76.7923,3.7541],[-76.7902,3.7561],[-76.7881,3.7567],[-76.7859,3.7598],[-76.7751,3.7635],[-76.7727,3.7674],[-76.7699,3.7754],[-76.7675,3.7789],[-76.7709,3.7857],[-76.7712,3.788],[-76.7749,3.7922],[-76.7763,3.8003],[-76.7788,3.8036],[-76.7773,3.8052],[-76.7794,3.8074],[-76.7779,3.8088],[-76.7812,3.813],[-76.78,3.8154],[-76.7821,3.8158],[-76.7831,3.8173],[-76.7824,3.8175],[-76.7825,3.8193],[-76.7821,3.8176],[-76.7815,3.8179],[-76.7821,3.8208],[-76.7847,3.8222],[-76.7853,3.8241],[-76.7865,3.825],[-76.7861,3.8291],[-76.7886,3.8282],[-76.7882,3.8295],[-76.7898,3.8319],[-76.7897,3.8346],[-76.792,3.8352],[-76.7931,3.8366],[-76.7919,3.8362],[-76.7913,3.8375],[-76.7926,3.8381],[-76.7932,3.8402],[-76.7945,3.841],[-76.7943,3.8446],[-76.7964,3.8452],[-76.7969,3.8465],[-76.7992,3.8486],[-76.8015,3.8546],[-76.8044,3.8571],[-76.8046,3.8597],[-76.815,3.8754],[-76.8128,3.8767],[-76.8068,3.8767],[-76.8002,3.8784],[-76.7977,3.8768]]]}},{"type":"Feature","properties":{"code":"76109","name":"BUENAVENTURA","aro":"SUR","area_km2":6292.1,"nivel":"ROJO","razon":"Evidencia directa CVC de precipitación muy deficitaria.","hidro":"","station":"Magüipi","foco":false,"sist":0,"pob":0,"q":0,"P1":0,"P2":0,"P3":0,"pobP12":0,"P1_clima":0,"P2_clima":0,"P3_clima":0,"SIN_DATO_clima":0,"sist_geo":0,"alta_exp":0,"media_exp":0,"menor_exp":0,"sin_dato_exp":0,"pct_alta":null,"indice_municipal":null,"presion_municipal":"SIN_DATO","prioridad_diag":"Sin sistemas georreferenciados","regla_presion_municipal":"Alta >=60% sistemas en alta exposición; Importante 40-<60%; Moderada 20-<40%; Referencia <20%."},"geometry":{"type":"MultiPolygon","coordinates":[[[[-77.2318,4.1668],[-77.2232,4.1572],[-77.22,4.1557],[-77.215,4.156],[-77.21,4.1605],[-77.2075,4.1693],[-77.205,4.1727],[-77.1975,4.1737],[-77.1889,4.1726],[-77.1841,4.1745],[-77.1748,4.1804],[-77.1671,4.1837],[-77.163,4.1844],[-77.1596,4.1837],[-77.1534,4.1783],[-77.1481,4.1686],[-77.1428,4.1628],[-77.1427,4.16],[-77.1387,4.1587],[-77.1364,4.1557],[-77.1351,4.1558],[-77.134,4.1573],[-77.1315,4.1564],[-77.1323,4.1539],[-77.1306,4.1522],[-77.1313,4.1494],[-77.1298,4.1472],[-77.1295,4.1449],[-77.1163,4.1333],[-77.1205,4.1291],[-77.1229,4.1248],[-77.1225,4.1211],[-77.1201,4.1187],[-77.12,4.1166],[-77.1149,4.1152],[-77.1145,4.1132],[-77.1075,4.1105],[-77.1045,4.1076],[-77.1014,4.1101],[-77.101,4.1117],[-77.0962,4.117],[-77.0931,4.1176],[-77.0925,4.1194],[-77.0861,4.1226],[-77.0846,4.119],[-77.0859,4.1162],[-77.0826,4.1115],[-77.0825,4.1102],[-77.0794,4.1095],[-77.078,4.1077],[-77.0762,4.1079],[-77.073,4.1065],[-77.0721,4.1001],[-77.0686,4.0978],[-77.068,4.096],[-77.0668,4.0968],[-77.0656,4.0963],[-77.0642,4.0974],[-77.0637,4.1],[-77.0612,4.101],[-77.0601,4.1026],[-77.0573,4.1023],[-77.056,4.0995],[-77.054,4.0998],[-77.0515,4.0955],[-77.0503,4.0948],[-77.049,4.0952],[-77.0473,4.0979],[-77.0448,4.0968],[-77.0423,4.0977],[-77.0383,4.0973],[-77.0385,4.0954],[-77.0359,4.0913],[-77.0352,4.0915],[-77.0347,4.0934],[-77.033,4.0926],[-77.033,4.0939],[-77.0303,4.0947],[-77.0292,4.0928],[-77.0283,4.0929],[-77.028,4.0943],[-77.0265,4.0945],[-77.0266,4.0961],[-77.0253,4.0965],[-77.0229,4.0999],[-77.021,4.1001],[-77.0199,4.1012],[-77.0167,4.1003],[-77.0137,4.0978],[-77.0119,4.098],[-77.0101,4.0961],[-77.0089,4.096],[-77.0074,4.0985],[-77.0044,4.0991],[-77.0018,4.1075],[-76.9987,4.1118],[-76.9971,4.1195],[-76.9944,4.1205],[-76.992,4.1197],[-76.9909,4.1179],[-76.9889,4.1184],[-76.9877,4.1152],[-76.9859,4.1143],[-76.9842,4.1147],[-76.9807,4.1187],[-76.9784,4.1186],[-76.9761,4.1222],[-76.972,4.1175],[-76.9694,4.1193],[-76.9658,4.1185],[-76.9619,4.1202],[-76.9544,4.1207],[-76.9491,4.114],[-76.9418,4.1126],[-76.9423,4.1098],[-76.9418,4.1084],[-76.9377,4.1084],[-76.9348,4.1052],[-76.9335,4.1061],[-76.9289,4.106],[-76.9262,4.1035],[-76.9252,4.1013],[-76.9214,4.0998],[-76.92,4.0975],[-76.9183,4.097],[-76.915,4.098],[-76.9151,4.0892],[-76.9133,4.0818],[-76.9123,4.0814],[-76.9103,4.0823],[-76.9065,4.0848],[-76.9045,4.0824],[-76.9009,4.0819],[-76.9026,4.0777],[-76.901,4.0745],[-76.9012,4.073],[-76.8982,4.0716],[-76.8953,4.0712],[-76.8919,4.0739],[-76.891,4.0734],[-76.8883,4.0675],[-76.8862,4.0666],[-76.8848,4.0623],[-76.8829,4.0613],[-76.8832,4.0584],[-76.8826,4.057],[-76.8835,4.0554],[-76.883,4.0537],[-76.8808,4.0528],[-76.8786,4.0495],[-76.8744,4.0483],[-76.8732,4.0472],[-76.8726,4.0384],[-76.8687,4.0352],[-76.8674,4.0324],[-76.8654,4.0315],[-76.8605,4.0313],[-76.8601,4.0298],[-76.8595,4.0298],[-76.8609,4.028],[-76.861,4.0264],[-76.8594,4.0189],[-76.8603,4.0147],[-76.8638,4.0127],[-76.8679,4.0072],[-76.876,4.0004],[-76.8815,3.9999],[-76.8838,3.9986],[-76.8884,3.9929],[-76.8056,3.8604],[-76.8047,3.8599],[-76.8044,3.8571],[-76.8015,3.8546],[-76.7995,3.849],[-76.7969,3.8465],[-76.7964,3.8452],[-76.7943,3.8446],[-76.7945,3.841],[-76.7932,3.8402],[-76.7926,3.8381],[-76.7913,3.8375],[-76.7918,3.8363],[-76.7931,3.8368],[-76.7929,3.8362],[-76.7917,3.8351],[-76.7898,3.8348],[-76.7898,3.8319],[-76.7882,3.8295],[-76.7886,3.8282],[-76.7862,3.8292],[-76.7865,3.825],[-76.7853,3.8241],[-76.7847,3.8222],[-76.7828,3.8216],[-76.7819,3.8202],[-76.7815,3.8178],[-76.7821,3.8176],[-76.7825,3.8193],[-76.7824,3.8175],[-76.7831,3.8173],[-76.7821,3.8158],[-76.78,3.8154],[-76.7812,3.813],[-76.7779,3.8088],[-76.7793,3.8072],[-76.7773,3.8056],[-76.7788,3.8034],[-76.7763,3.8003],[-76.7748,3.792],[-76.7715,3.7885],[-76.7709,3.7857],[-76.7675,3.7791],[-76.7699,3.7754],[-76.7727,3.7674],[-76.7751,3.7635],[-76.7859,3.7598],[-76.7881,3.7567],[-76.7902,3.7561],[-76.7923,3.7541],[-76.7937,3.7507],[-76.797,3.7497],[-76.7994,3.7512],[-76.8014,3.7511],[-76.8053,3.7472],[-76.8084,3.747],[-76.8106,3.7478],[-76.8163,3.747],[-76.8164,3.7443],[-76.8144,3.7434],[-76.8134,3.741],[-76.813,3.735],[-76.8166,3.7273],[-76.8224,3.7235],[-76.8213,3.7193],[-76.8219,3.7137],[-76.8205,3.71],[-76.8217,3.7056],[-76.815,3.6981],[-76.8115,3.6983],[-76.8092,3.6964],[-76.8059,3.6977],[-76.8024,3.6971],[-76.8001,3.6923],[-76.7979,3.6911],[-76.7978,3.6894],[-76.7959,3.6879],[-76.7955,3.6852],[-76.7936,3.6829],[-76.7929,3.6786],[-76.796,3.6738],[-76.793,3.6647],[-76.7975,3.6603],[-76.7999,3.6564],[-76.799,3.6503],[-76.8031,3.6478],[-76.8057,3.6478],[-76.808,3.6464],[-76.808,3.6428],[-76.8099,3.6364],[-76.8154,3.6322],[-76.8181,3.629],[-76.8231,3.627],[-76.824,3.6254],[-76.8269,3.626],[-76.8292,3.628],[-76.8378,3.6282],[-76.838,3.629],[-76.8406,3.6292],[-76.8421,3.6304],[-76.8421,3.6321],[-76.8454,3.6328],[-76.8474,3.6327],[-76.8501,3.6293],[-76.8541,3.6322],[-76.8552,3.6313],[-76.8595,3.6325],[-76.8635,3.6312],[-76.8668,3.6315],[-76.8677,3.6294],[-76.8715,3.6286],[-76.874,3.6242],[-76.8784,3.6225],[-76.8815,3.6201],[-76.8861,3.6106],[-76.8888,3.6094],[-76.8905,3.6063],[-76.8895,3.6054],[-76.887,3.6056],[-76.8854,3.6049],[-76.8847,3.6032],[-76.8847,3.5973],[-76.8794,3.5976],[-76.8751,3.6019],[-76.8708,3.6026],[-76.869,3.6014],[-76.8656,3.5943],[-76.8613,3.5955],[-76.8594,3.5941],[-76.8566,3.5935],[-76.8518,3.5901],[-76.8467,3.5784],[-76.8482,3.575],[-76.8501,3.5732],[-76.8498,3.5705],[-76.8539,3.5668],[-76.8549,3.5637],[-76.8547,3.5599],[-76.8535,3.5571],[-76.855,3.5493],[-76.8466,3.5502],[-76.8431,3.5497],[-76.8421,3.5485],[-76.8381,3.547],[-76.8372,3.5451],[-76.8352,3.5439],[-76.8314,3.5432],[-76.8285,3.5403],[-76.8213,3.5385],[-76.8162,3.5359],[-76.8144,3.5394],[-76.8134,3.5397],[-76.8084,3.5303],[-76.8076,3.5264],[-76.8084,3.5241],[-76.8075,3.5217],[-76.8039,3.5207],[-76.7968,3.5159],[-76.7958,3.5129],[-76.7925,3.5087],[-76.7915,3.5027],[-76.7863,3.4992],[-76.7789,3.4808],[-76.7796,3.4769],[-76.7777,3.4709],[-76.778,3.4675],[-76.7762,3.4665],[-76.7719,3.4661],[-76.769,3.4646],[-76.7599,3.4654],[-76.7585,3.4631],[-76.7583,3.4613],[-76.7594,3.46],[-76.7591,3.4554],[-76.7569,3.4536],[-76.7555,3.4498],[-76.7533,3.4483],[-76.7528,3.4404],[-76.7504,3.4381],[-76.7484,3.4343],[-76.7466,3.4344],[-76.7456,3.433],[-76.7365,3.4325],[-76.7335,3.4302],[-76.726,3.4282],[-76.7202,3.4279],[-76.7153,3.4238],[-76.7124,3.4238],[-76.7069,3.428],[-76.7059,3.4278],[-76.7023,3.4195],[-76.699,3.4163],[-76.698,3.4129],[-76.6973,3.4034],[-76.6964,3.4029],[-76.6959,3.4004],[-76.6878,3.3966],[-76.6897,3.3898],[-76.6882,3.3879],[-76.6909,3.3858],[-76.6911,3.3828],[-76.6937,3.3785],[-76.6942,3.3747],[-76.6935,3.3713],[-76.6943,3.3679],[-76.696,3.3664],[-76.6972,3.3634],[-76.7007,3.3609],[-76.7017,3.3587],[-76.7016,3.3565],[-76.7059,3.3548],[-76.7086,3.3548],[-76.7111,3.3533],[-76.716,3.3437],[-76.7203,3.3399],[-76.7206,3.3379],[-76.7278,3.3385],[-76.731,3.3338],[-76.7313,3.3319],[-76.7348,3.33],[-76.7356,3.3269],[-76.7395,3.3221],[-76.7399,3.3188],[-76.737,3.3165],[-76.7365,3.3106],[-76.7371,3.3096],[-76.7409,3.3077],[-76.7434,3.301],[-76.7472,3.2964],[-76.7475,3.2926],[-76.7461,3.2895],[-76.7506,3.2818],[-76.7504,3.276],[-76.7512,3.2736],[-76.7565,3.2681],[-76.7582,3.2631],[-76.7645,3.2558],[-76.7732,3.2552],[-76.7821,3.2502],[-76.7835,3.2466],[-76.7824,3.245],[-76.7815,3.2374],[-76.7835,3.2332],[-76.7831,3.2307],[-76.7845,3.2242],[-76.7885,3.2182],[-76.7936,3.2195],[-76.7974,3.2157],[-76.8004,3.2146],[-76.806,3.2096],[-76.8076,3.21],[-76.8088,3.2078],[-76.8102,3.2074],[-76.813,3.2093],[-76.8156,3.2092],[-76.8178,3.2105],[-76.8201,3.2106],[-76.8221,3.2097],[-76.8246,3.2111],[-76.8283,3.2107],[-76.8308,3.2114],[-76.8354,3.209],[-76.8377,3.2087],[-76.8406,3.2104],[-76.8434,3.2103],[-76.8454,3.2077],[-76.8481,3.2086],[-76.8492,3.2072],[-76.8508,3.2073],[-76.8524,3.2099],[-76.8546,3.2104],[-76.8565,3.2097],[-76.8593,3.2124],[-76.8622,3.2119],[-76.8639,3.2126],[-76.8671,3.2103],[-76.8703,3.2092],[-76.8718,3.2091],[-76.8748,3.2106],[-76.8765,3.2095],[-76.8799,3.2096],[-76.8826,3.2089],[-76.8873,3.2064],[-76.8887,3.204],[-76.8918,3.2022],[-76.8954,3.2043],[-76.8969,3.2043],[-76.9018,3.2025],[-76.9043,3.2026],[-76.9054,3.2015],[-76.908,3.2014],[-76.909,3.2005],[-76.9096,3.1979],[-76.9089,3.1932],[-76.912,3.1837],[-76.9119,3.1804],[-76.9132,3.1787],[-76.9133,3.1763],[-76.9114,3.172],[-76.9132,3.1684],[-76.9129,3.1656],[-76.9148,3.163],[-76.9147,3.1597],[-76.9132,3.1576],[-76.9155,3.1495],[-76.9185,3.1489],[-76.9226,3.1437],[-76.926,3.1426],[-76.9275,3.1393],[-76.9267,3.1336],[-76.9251,3.1305],[-76.9265,3.13],[-76.9262,3.1277],[-76.9278,3.127],[-76.9295,3.1223],[-76.9314,3.1204],[-76.9339,3.1197],[-76.9338,3.1177],[-76.9364,3.1168],[-76.9385,3.114],[-76.9538,3.1156],[-76.9605,3.1187],[-76.9649,3.1179],[-76.9668,3.1187],[-76.9719,3.1188],[-76.9747,3.1241],[-76.9776,3.1255],[-76.979,3.1273],[-76.9791,3.129],[-76.9769,3.1329],[-76.9773,3.1346],[-76.9793,3.135],[-76.9803,3.1363],[-76.9833,3.1363],[-76.9879,3.1386],[-76.9895,3.1436],[-76.9908,3.1447],[-76.9906,3.1481],[-76.994,3.151],[-76.9968,3.1548],[-76.9996,3.1549],[-77.0005,3.1537],[-77.0046,3.1528],[-77.0078,3.1537],[-77.0108,3.1531],[-77.0169,3.1551],[-77.0217,3.1602],[-77.0303,3.167],[-77.0369,3.164],[-77.0394,3.1645],[-77.0435,3.1668],[-77.0474,3.167],[-77.0537,3.1699],[-77.0594,3.1687],[-77.0612,3.1695],[-77.0639,3.1692],[-77.0676,3.1717],[-77.069,3.1714],[-77.0799,3.1802],[-77.0817,3.1798],[-77.0836,3.1819],[-77.0873,3.1805],[-77.0878,3.1816],[-77.086,3.1835],[-77.0866,3.1858],[-77.091,3.183],[-77.0933,3.184],[-77.0955,3.1838],[-77.0984,3.186],[-77.1015,3.1849],[-77.1049,3.1807],[-77.1098,3.1798],[-77.1108,3.1763],[-77.1174,3.1689],[-77.1296,3.1612],[-77.1347,3.1644],[-77.1358,3.1699],[-77.1387,3.1716],[-77.1424,3.1721],[-77.1452,3.1684],[-77.1466,3.1704],[-77.1528,3.1702],[-77.1539,3.1762],[-77.1552,3.1753],[-77.1548,3.174],[-77.1593,3.1743],[-77.161,3.1712],[-77.158,3.1697],[-77.1588,3.1651],[-77.1602,3.1649],[-77.1632,3.1665],[-77.1651,3.1647],[-77.1681,3.1635],[-77.1704,3.1657],[-77.1727,3.1653],[-77.1731,3.1587],[-77.1782,3.1569],[-77.1806,3.1546],[-77.182,3.1511],[-77.1856,3.1488],[-77.1894,3.1502],[-77.1906,3.1498],[-77.1929,3.1455],[-77.1926,3.1403],[-77.1973,3.1405],[-77.1989,3.1439],[-77.1999,3.1441],[-77.2005,3.1434],[-77.2003,3.1374],[-77.201,3.1354],[-77.2026,3.1341],[-77.2068,3.1336],[-77.2089,3.1357],[-77.2124,3.1348],[-77.2158,3.1363],[-77.2171,3.136],[-77.2173,3.1348],[-77.2157,3.1313],[-77.2189,3.1279],[-77.2201,3.1242],[-77.2197,3.123],[-77.2182,3.1236],[-77.2166,3.1228],[-77.2162,3.1204],[-77.2196,3.1195],[-77.2277,3.1115],[-77.2286,3.112],[-77.2282,3.114],[-77.23,3.116],[-77.2347,3.1158],[-77.2357,3.1137],[-77.2324,3.111],[-77.233,3.1089],[-77.2345,3.1081],[-77.2365,3.1091],[-77.2388,3.1121],[-77.243,3.1139],[-77.2444,3.1154],[-77.2453,3.118],[-77.2435,3.1228],[-77.2447,3.1263],[-77.2464,3.1265],[-77.2481,3.125],[-77.2493,3.1171],[-77.2505,3.1153],[-77.2523,3.1152],[-77.2534,3.1166],[-77.2537,3.1227],[-77.2588,3.1288],[-77.2616,3.1351],[-77.2638,3.1351],[-77.2664,3.1332],[-77.2682,3.1335],[-77.2691,3.1347],[-77.2702,3.1398],[-77.2719,3.141],[-77.274,3.1386],[-77.2752,3.1321],[-77.2772,3.1309],[-77.2788,3.1332],[-77.2788,3.1395],[-77.2843,3.1375],[-77.2883,3.1386],[-77.2906,3.1424],[-77.2899,3.1453],[-77.2885,3.1471],[-77.2866,3.1486],[-77.2816,3.1477],[-77.2781,3.1492],[-77.278,3.1515],[-77.2792,3.1543],[-77.2788,3.1569],[-77.2799,3.1594],[-77.2819,3.1598],[-77.2852,3.1564],[-77.2909,3.1571],[-77.3025,3.1636],[-77.3068,3.1691],[-77.3103,3.1699],[-77.3172,3.1742],[-77.3198,3.1742],[-77.3217,3.1713],[-77.3202,3.1645],[-77.3233,3.1621],[-77.3259,3.1616],[-77.329,3.1635],[-77.3309,3.1635],[-77.3306,3.1559],[-77.3347,3.1509],[-77.3364,3.1511],[-77.3409,3.1497],[-77.3462,3.1402],[-77.3473,3.1401],[-77.3547,3.1449],[-77.3583,3.1453],[-77.3583,3.1445],[-77.3623,3.1444],[-77.3635,3.1448],[-77.3635,3.1458],[-77.3658,3.1465],[-77.3673,3.1509],[-77.3668,3.1561],[-77.3645,3.1634],[-77.3654,3.166],[-77.3689,3.1696],[-77.3765,3.1713],[-77.3784,3.1735],[-77.3831,3.1759],[-77.3839,3.1774],[-77.3825,3.1828],[-77.3833,3.1941],[-77.381,3.1984],[-77.3821,3.2034],[-77.3924,3.2138],[-77.3945,3.214],[-77.3996,3.2121],[-77.4035,3.2132],[-77.4061,3.2192],[-77.4071,3.225],[-77.4137,3.2306],[-77.4157,3.2337],[-77.4165,3.236],[-77.4155,3.2414],[-77.4161,3.243],[-77.4266,3.2499],[-77.4291,3.2537],[-77.4313,3.2539],[-77.4334,3.2513],[-77.4368,3.2505],[-77.4393,3.2471],[-77.4443,3.2481],[-77.4473,3.2442],[-77.4517,3.2432],[-77.4549,3.2372],[-77.4552,3.2335],[-77.459,3.2344],[-77.4613,3.2372],[-77.4642,3.2382],[-77.4678,3.2382],[-77.4707,3.237],[-77.4715,3.2348],[-77.4711,3.2331],[-77.4679,3.2305],[-77.4632,3.2296],[-77.4621,3.2267],[-77.4631,3.2252],[-77.4677,3.2258],[-77.469,3.2252],[-77.4697,3.2231],[-77.4661,3.2196],[-77.4661,3.2171],[-77.4705,3.2125],[-77.4771,3.2096],[-77.4808,3.209],[-77.4825,3.2097],[-77.4911,3.2169],[-77.4977,3.2164],[-77.499,3.2188],[-77.5041,3.2223],[-77.5054,3.2252],[-77.5017,3.2301],[-77.5017,3.2311],[-77.5013,3.2317],[-77.497,3.2316],[-77.4969,3.2326],[-77.4987,3.234],[-77.5054,3.2345],[-77.5105,3.2365],[-77.5152,3.2352],[-77.5182,3.2358],[-77.526,3.2342],[-77.5405,3.2257],[-77.5425,3.2267],[-77.5415,3.2245],[-77.5408,3.2248],[-77.542,3.2239],[-77.5483,3.2259],[-77.5496,3.2298],[-77.5496,3.2322],[-77.5483,3.2347],[-77.5435,3.2397],[-77.5287,3.2614],[-77.5097,3.2846],[-77.4955,3.3049],[-77.4915,3.3081],[-77.4893,3.3083],[-77.4875,3.3067],[-77.4841,3.3086],[-77.4843,3.3113],[-77.4819,3.3155],[-77.4814,3.3205],[-77.4799,3.3231],[-77.4764,3.3241],[-77.4619,3.3336],[-77.4494,3.3454],[-77.4321,3.3647],[-77.4274,3.368],[-77.4227,3.3694],[-77.4198,3.3684],[-77.4193,3.3659],[-77.421,3.3658],[-77.42,3.361],[-77.4157,3.3548],[-77.4148,3.3545],[-77.4132,3.3556],[-77.4129,3.3565],[-77.4141,3.3592],[-77.4136,3.3614],[-77.4063,3.3723],[-77.407,3.3734],[-77.4081,3.3727],[-77.4085,3.3744],[-77.4064,3.3839],[-77.4,3.3926],[-77.3895,3.402],[-77.3762,3.4256],[-77.3709,3.4395],[-77.3646,3.448],[-77.3625,3.4496],[-77.3617,3.4493],[-77.363,3.4419],[-77.3615,3.4333],[-77.3621,3.4306],[-77.3638,3.4291],[-77.364,3.4268],[-77.366,3.425],[-77.3637,3.425],[-77.3641,3.4217],[-77.3633,3.4215],[-77.3634,3.4251],[-77.3621,3.4262],[-77.3628,3.4241],[-77.3624,3.421],[-77.3638,3.4197],[-77.3612,3.4143],[-77.3557,3.4103],[-77.3505,3.4163],[-77.3463,3.4195],[-77.3446,3.42],[-77.3434,3.419],[-77.3416,3.4214],[-77.3325,3.4266],[-77.3348,3.4316],[-77.3379,3.4355],[-77.337,3.4487],[-77.3466,3.4531],[-77.3482,3.4562],[-77.3514,3.4575],[-77.3519,3.4589],[-77.358,3.4611],[-77.36,3.4632],[-77.3645,3.4654],[-77.3706,3.4719],[-77.3707,3.4751],[-77.3691,3.4798],[-77.3653,3.4855],[-77.3543,3.4968],[-77.3496,3.5002],[-77.3402,3.511],[-77.3334,3.5172],[-77.3303,3.5251],[-77.3312,3.5288],[-77.3307,3.5307],[-77.314,3.5503],[-77.3004,3.57],[-77.2923,3.5767],[-77.2888,3.5765],[-77.2913,3.574],[-77.2901,3.5703],[-77.2877,3.5692],[-77.2759,3.5732],[-77.2701,3.573],[-77.2632,3.5766],[-77.2527,3.5792],[-77.2451,3.5833],[-77.2367,3.5854],[-77.2357,3.5846],[-77.2368,3.582],[-77.2385,3.5806],[-77.2396,3.5783],[-77.2384,3.5771],[-77.2359,3.5774],[-77.2282,3.5825],[-77.2193,3.5935],[-77.2191,3.595],[-77.2177,3.5965],[-77.2167,3.5965],[-77.2154,3.5987],[-77.2126,3.6008],[-77.2098,3.6011],[-77.2083,3.6064],[-77.2068,3.6077],[-77.2001,3.6056],[-77.1957,3.6107],[-77.1946,3.6145],[-77.1941,3.6264],[-77.1925,3.6348],[-77.1911,3.6371],[-77.1885,3.638],[-77.1875,3.6395],[-77.1873,3.6409],[-77.1897,3.6462],[-77.1892,3.6532],[-77.1845,3.655],[-77.1822,3.6548],[-77.1767,3.6494],[-77.1656,3.6447],[-77.1632,3.6497],[-77.1652,3.6528],[-77.1659,3.6609],[-77.1666,3.6738],[-77.1653,3.68],[-77.1654,3.6848],[-77.1691,3.6858],[-77.1714,3.6917],[-77.1774,3.6928],[-77.1787,3.6921],[-77.1817,3.6871],[-77.1843,3.6859],[-77.1854,3.6814],[-77.1873,3.6809],[-77.1891,3.6814],[-77.1904,3.6964],[-77.1929,3.7062],[-77.1935,3.7128],[-77.197,3.7208],[-77.1958,3.7239],[-77.1972,3.7293],[-77.1985,3.7445],[-77.197,3.7505],[-77.1953,3.7521],[-77.1915,3.7528],[-77.1902,3.752],[-77.1898,3.7499],[-77.188,3.7486],[-77.1784,3.7485],[-77.175,3.7501],[-77.1713,3.7505],[-77.166,3.7575],[-77.1675,3.7633],[-77.172,3.7698],[-77.1746,3.785],[-77.182,3.8082],[-77.1818,3.8094],[-77.178,3.8122],[-77.1778,3.8097],[-77.1726,3.8056],[-77.168,3.8041],[-77.1603,3.8055],[-77.1539,3.803],[-77.1491,3.8032],[-77.1493,3.8049],[-77.1466,3.807],[-77.1473,3.8098],[-77.1437,3.8099],[-77.1411,3.8087],[-77.138,3.8057],[-77.1349,3.8048],[-77.1327,3.8066],[-77.1322,3.8133],[-77.128,3.8173],[-77.1246,3.8187],[-77.1189,3.8185],[-77.1153,3.8214],[-77.1126,3.8282],[-77.1136,3.8355],[-77.1097,3.8393],[-77.1075,3.8429],[-77.1075,3.8458],[-77.1063,3.8488],[-77.0984,3.8507],[-77.0968,3.8529],[-77.0921,3.8546],[-77.0901,3.857],[-77.0868,3.8582],[-77.0832,3.8587],[-77.0742,3.858],[-77.073,3.8573],[-77.0717,3.8586],[-77.0713,3.8615],[-77.072,3.8623],[-77.0713,3.8629],[-77.0667,3.8619],[-77.0647,3.8603],[-77.0621,3.8607],[-77.054,3.8677],[-77.0529,3.8757],[-77.0591,3.8766],[-77.0588,3.8763],[-77.0588,3.8761],[-77.0598,3.8755],[-77.0593,3.8749],[-77.0614,3.8736],[-77.0616,3.8733],[-77.0614,3.8731],[-77.0614,3.8728],[-77.0628,3.8728],[-77.0647,3.8739],[-77.0653,3.8759],[-77.0663,3.8751],[-77.0663,3.877],[-77.0676,3.876],[-77.0678,3.8767],[-77.0688,3.8764],[-77.0686,3.8778],[-77.0692,3.8773],[-77.0696,3.8781],[-77.0708,3.878],[-77.0702,3.8801],[-77.0717,3.8793],[-77.0718,3.8803],[-77.0736,3.8795],[-77.0727,3.8807],[-77.074,3.8811],[-77.0739,3.8822],[-77.0763,3.8837],[-77.0766,3.8861],[-77.0782,3.8874],[-77.079,3.8873],[-77.0804,3.889],[-77.0797,3.8894],[-77.0814,3.8928],[-77.079,3.8931],[-77.0806,3.9014],[-77.0855,3.9038],[-77.0867,3.9052],[-77.0957,3.8997],[-77.0941,3.8976],[-77.0932,3.8938],[-77.093,3.8884],[-77.0943,3.8798],[-77.0975,3.8753],[-77.1006,3.8733],[-77.1087,3.8715],[-77.1162,3.8757],[-77.1225,3.875],[-77.1263,3.872],[-77.1264,3.8709],[-77.1327,3.8725],[-77.1413,3.8638],[-77.1472,3.8602],[-77.1486,3.858],[-77.1533,3.8555],[-77.1561,3.8554],[-77.1581,3.8532],[-77.1634,3.8522],[-77.1668,3.8456],[-77.169,3.8455],[-77.1688,3.848],[-77.1697,3.8487],[-77.1771,3.8457],[-77.1759,3.8417],[-77.1798,3.833],[-77.1816,3.8317],[-77.1857,3.8321],[-77.1945,3.8388],[-77.1954,3.839],[-77.195,3.8384],[-77.196,3.8379],[-77.1963,3.8389],[-77.2002,3.84],[-77.2037,3.8385],[-77.204,3.8343],[-77.2051,3.8336],[-77.2081,3.8337],[-77.2105,3.8351],[-77.2144,3.8349],[-77.2191,3.8362],[-77.2204,3.8353],[-77.2232,3.8357],[-77.2244,3.8344],[-77.2229,3.8316],[-77.2245,3.8302],[-77.2259,3.8301],[-77.2273,3.8304],[-77.2312,3.8345],[-77.2336,3.8346],[-77.2354,3.8359],[-77.2367,3.8351],[-77.2417,3.8348],[-77.2443,3.8336],[-77.2474,3.829],[-77.2496,3.828],[-77.2514,3.8314],[-77.2524,3.8308],[-77.2538,3.8321],[-77.2553,3.8313],[-77.256,3.8342],[-77.2572,3.8349],[-77.2619,3.8355],[-77.2605,3.8348],[-77.2617,3.834],[-77.2612,3.8328],[-77.2601,3.8337],[-77.2592,3.8333],[-77.2601,3.8317],[-77.2648,3.8336],[-77.2679,3.8368],[-77.2675,3.8386],[-77.2682,3.8395],[-77.2715,3.8376],[-77.273,3.8383],[-77.2742,3.8407],[-77.2758,3.838],[-77.2798,3.8397],[-77.2816,3.8394],[-77.2852,3.847],[-77.2847,3.8486],[-77.2856,3.8493],[-77.2858,3.8513],[-77.2874,3.8498],[-77.2896,3.8503],[-77.2887,3.8519],[-77.2891,3.8532],[-77.2929,3.8568],[-77.2932,3.8583],[-77.2979,3.8606],[-77.3027,3.8615],[-77.3043,3.8674],[-77.3031,3.8726],[-77.3051,3.8737],[-77.305,3.8745],[-77.3033,3.8741],[-77.3029,3.8747],[-77.2972,3.8759],[-77.2967,3.8755],[-77.2973,3.8734],[-77.292,3.8772],[-77.2919,3.8788],[-77.2938,3.8793],[-77.294,3.8806],[-77.2906,3.8843],[-77.2886,3.8883],[-77.2886,3.8898],[-77.2862,3.8912],[-77.2863,3.8953],[-77.2896,3.8978],[-77.298,3.902],[-77.3013,3.8991],[-77.3016,3.9002],[-77.3056,3.9021],[-77.3091,3.9066],[-77.3091,3.9095],[-77.3109,3.9083],[-77.3116,3.9061],[-77.3138,3.9067],[-77.314,3.905],[-77.3156,3.9045],[-77.3155,3.9037],[-77.317,3.9027],[-77.3208,3.9025],[-77.3202,3.906],[-77.3222,3.9091],[-77.3218,3.9118],[-77.321,3.9125],[-77.3194,3.9122],[-77.3186,3.9134],[-77.3188,3.9188],[-77.3208,3.9252],[-77.3186,3.9247],[-77.3175,3.9234],[-77.3157,3.9242],[-77.3143,3.9264],[-77.314,3.929],[-77.3119,3.9303],[-77.3111,3.932],[-77.3113,3.9342],[-77.3129,3.9355],[-77.3143,3.943],[-77.3158,3.9445],[-77.3158,3.9467],[-77.3176,3.9493],[-77.3169,3.9518],[-77.3158,3.9509],[-77.314,3.9509],[-77.3127,3.9546],[-77.3117,3.9537],[-77.3093,3.9543],[-77.3094,3.9577],[-77.3066,3.958],[-77.3073,3.9566],[-77.3068,3.9559],[-77.3017,3.9591],[-77.2983,3.9583],[-77.2971,3.9599],[-77.2995,3.9626],[-77.2946,3.9666],[-77.2903,3.9736],[-77.2896,3.9759],[-77.2904,3.9781],[-77.29,3.9791],[-77.2871,3.9789],[-77.2862,3.9808],[-77.2854,3.9793],[-77.284,3.9793],[-77.2842,3.9778],[-77.2853,3.9767],[-77.2846,3.9761],[-77.2845,3.9736],[-77.2826,3.9733],[-77.282,3.9738],[-77.2835,3.974],[-77.2819,3.9747],[-77.2822,3.9777],[-77.2812,3.9782],[-77.2821,3.9816],[-77.2782,3.9825],[-77.2779,3.9793],[-77.2754,3.9768],[-77.2751,3.9802],[-77.2758,3.9831],[-77.2735,3.9848],[-77.2749,3.9861],[-77.2712,3.9871],[-77.2642,3.986],[-77.2644,3.9823],[-77.2634,3.9841],[-77.2604,3.9849],[-77.2595,3.9833],[-77.2606,3.9815],[-77.257,3.9824],[-77.2571,3.9799],[-77.2487,3.9806],[-77.248,3.9826],[-77.2462,3.9841],[-77.2496,3.987],[-77.2496,3.9883],[-77.2448,3.9896],[-77.2412,3.9856],[-77.2395,3.988],[-77.2417,3.9889],[-77.2419,3.9907],[-77.2409,3.9923],[-77.2399,3.9917],[-77.2378,3.9936],[-77.2345,3.9941],[-77.2335,3.9937],[-77.2328,3.992],[-77.23,3.9928],[-77.2296,3.9934],[-77.2309,3.9959],[-77.2287,3.9975],[-77.2276,3.9974],[-77.2254,3.9952],[-77.2249,3.9965],[-77.2236,3.9961],[-77.2245,3.9981],[-77.2239,4.0006],[-77.2231,4.0011],[-77.222,4.0003],[-77.2201,4.0028],[-77.2198,4.0049],[-77.2178,4.0055],[-77.2161,4.0081],[-77.2125,4.0094],[-77.21,4.0088],[-77.2092,4.0116],[-77.2098,4.0131],[-77.2069,4.0157],[-77.2077,4.0163],[-77.2131,4.0149],[-77.2138,4.0155],[-77.2072,4.0207],[-77.2035,4.0272],[-77.1997,4.029],[-77.1985,4.0306],[-77.1984,4.0316],[-77.2008,4.0323],[-77.2015,4.0363],[-77.201,4.037],[-77.1996,4.0358],[-77.1979,4.0368],[-77.2007,4.0383],[-77.2008,4.0398],[-77.1961,4.0395],[-77.1961,4.0408],[-77.1999,4.0401],[-77.2004,4.0411],[-77.1986,4.0416],[-77.1961,4.0446],[-77.1973,4.0458],[-77.1969,4.0476],[-77.1959,4.0482],[-77.195,4.0479],[-77.1946,4.0528],[-77.1969,4.0558],[-77.1988,4.0565],[-77.2018,4.0556],[-77.2047,4.0564],[-77.2103,4.0559],[-77.2131,4.0617],[-77.222,4.0611],[-77.2287,4.0591],[-77.229,4.063],[-77.2306,4.0665],[-77.2267,4.0699],[-77.2266,4.0724],[-77.2323,4.0814],[-77.2374,4.0829],[-77.2426,4.0831],[-77.2449,4.0805],[-77.2451,4.0765],[-77.2469,4.0715],[-77.2507,4.0708],[-77.2551,4.0682],[-77.2616,4.0604],[-77.2667,4.0675],[-77.2671,4.0738],[-77.2654,4.0776],[-77.2667,4.0776],[-77.2669,4.0759],[-77.2686,4.077],[-77.2685,4.0757],[-77.271,4.0737],[-77.2716,4.0718],[-77.273,4.0722],[-77.2777,4.0646],[-77.2779,4.0629],[-77.2793,4.0621],[-77.2804,4.0587],[-77.2841,4.0549],[-77.2839,4.0526],[-77.2859,4.0502],[-77.2881,4.0509],[-77.2881,4.0495],[-77.2902,4.05],[-77.2908,4.0489],[-77.2933,4.0497],[-77.2926,4.0474],[-77.294,4.046],[-77.2947,4.0463],[-77.2949,4.0481],[-77.2966,4.0481],[-77.296,4.0494],[-77.2974,4.0486],[-77.2999,4.0489],[-77.3007,4.0484],[-77.3,4.0476],[-77.2984,4.0479],[-77.2976,4.0462],[-77.2993,4.0427],[-77.3032,4.0402],[-77.305,4.0413],[-77.3042,4.0452],[-77.3061,4.044],[-77.3072,4.0423],[-77.307,4.0402],[-77.3081,4.0373],[-77.3105,4.0351],[-77.3102,4.0334],[-77.3095,4.0341],[-77.3089,4.0337],[-77.308,4.0303],[-77.3093,4.0286],[-77.3107,4.0282],[-77.3118,4.0286],[-77.3117,4.0298],[-77.3128,4.0301],[-77.3143,4.0291],[-77.3149,4.0274],[-77.3151,4.0261],[-77.314,4.0264],[-77.3142,4.0243],[-77.3135,4.024],[-77.3134,4.0249],[-77.3122,4.0242],[-77.3127,4.0231],[-77.3137,4.0228],[-77.3126,4.0221],[-77.3134,4.0188],[-77.3154,4.019],[-77.3154,4.0183],[-77.3172,4.0189],[-77.316,4.017],[-77.3146,4.0166],[-77.3146,4.0155],[-77.3184,4.0172],[-77.3182,4.0162],[-77.3192,4.0155],[-77.3184,4.0151],[-77.3187,4.0134],[-77.3201,4.0113],[-77.3208,4.0114],[-77.3209,4.0101],[-77.319,4.0101],[-77.3184,4.011],[-77.3171,4.0099],[-77.3175,4.0106],[-77.3163,4.0103],[-77.3155,4.0072],[-77.3186,4.0055],[-77.3196,4.0073],[-77.3212,4.0073],[-77.3231,3.9977],[-77.3246,3.9964],[-77.3242,3.9958],[-77.3211,3.9965],[-77.3196,3.9956],[-77.3212,3.9926],[-77.3211,3.9912],[-77.3241,3.9889],[-77.3242,3.9872],[-77.3222,3.9884],[-77.3217,3.9868],[-77.3239,3.9847],[-77.3238,3.9824],[-77.3261,3.9831],[-77.325,3.9813],[-77.327,3.9787],[-77.3257,3.9786],[-77.3242,3.9764],[-77.3244,3.9727],[-77.3274,3.9717],[-77.3282,3.9726],[-77.3299,3.9726],[-77.3305,3.9749],[-77.3334,3.9759],[-77.3336,3.9741],[-77.3353,3.9722],[-77.3352,3.9694],[-77.3377,3.9655],[-77.3384,3.9612],[-77.343,3.9486],[-77.3429,3.9471],[-77.3451,3.943],[-77.3447,3.9419],[-77.3459,3.9383],[-77.3457,3.9357],[-77.3468,3.9354],[-77.3476,3.9318],[-77.3531,3.9288],[-77.357,3.9286],[-77.357,3.9276],[-77.3584,3.9265],[-77.3623,3.9287],[-77.3654,3.9335],[-77.3666,3.9408],[-77.3713,3.9511],[-77.3761,3.9578],[-77.3783,3.9592],[-77.3811,3.9645],[-77.3877,3.9734],[-77.3903,3.9731],[-77.3933,3.9753],[-77.4058,3.9876],[-77.4273,4.0037],[-77.434,4.0102],[-77.439,4.0197],[-77.44,4.0261],[-77.4496,4.0385],[-77.4447,4.056],[-77.431,4.0858],[-77.4289,4.0931],[-77.4286,4.0996],[-77.4303,4.1055],[-77.4411,4.1207],[-77.4434,4.1279],[-77.4434,4.1324],[-77.4421,4.1367],[-77.4358,4.1458],[-77.4211,4.1431],[-77.4142,4.1439],[-77.403,4.147],[-77.3957,4.1466],[-77.3903,4.1485],[-77.3884,4.1503],[-77.388,4.1519],[-77.3884,4.1558],[-77.3902,4.1592],[-77.3893,4.1621],[-77.3772,4.1704],[-77.3751,4.1761],[-77.3746,4.1809],[-77.3715,4.1847],[-77.3631,4.1923],[-77.353,4.1975],[-77.3477,4.1973],[-77.3423,4.196],[-77.335,4.1925],[-77.3285,4.1864],[-77.3185,4.1729],[-77.3111,4.1672],[-77.3082,4.1661],[-77.3055,4.1665],[-77.2996,4.1709],[-77.2942,4.1764],[-77.2897,4.1787],[-77.2869,4.1834],[-77.2851,4.1901],[-77.2851,4.1928],[-77.2874,4.2058],[-77.2858,4.2107],[-77.2803,4.221],[-77.2745,4.2271],[-77.269,4.2305],[-77.2633,4.2336],[-77.2579,4.2347],[-77.2535,4.2342],[-77.2511,4.2329],[-77.2488,4.2274],[-77.2484,4.2195],[-77.2505,4.2],[-77.2499,4.1877],[-77.2438,4.1779],[-77.2318,4.1668]]],[[[-77.2384,4.0416],[-77.2377,4.0397],[-77.237,4.04],[-77.237,4.0416],[-77.2319,4.0415],[-77.23,4.0406],[-77.229,4.0419],[-77.2278,4.0417],[-77.2278,4.0406],[-77.2269,4.0407],[-77.2264,4.0399],[-77.2304,4.033],[-77.2326,4.0314],[-77.2315,4.0358],[-77.232,4.0373],[-77.2326,4.0375],[-77.2328,4.0363],[-77.2337,4.0359],[-77.2339,4.0375],[-77.2348,4.0367],[-77.2352,4.0321],[-77.2362,4.0323],[-77.2371,4.0354],[-77.2396,4.0364],[-77.2405,4.0384],[-77.2399,4.0414],[-77.2384,4.0416]]]]}}]}