{"type":"FeatureCollection","features":[{"type":"Feature","properties":{"v":272.12},"geometry":{"type":"Polygon","coordinates":[[[-77.40035404941528,5.050023100123349],[-77.35035382070119,5.050023100123349],[-77.35035382070119,5.100023328837442],[-77.40035404941528,5.100023328837442],[-77.40035404941528,5.050023100123349]]]}},{"type":"Feature","properties":{"v":273.88},"geometry":{"type":"Polygon","coordinates":[[[-77.35035382070119,5.050023100123349],[-77.3003535919871,5.050023100123349],[-77.3003535919871,5.100023328837442],[-77.35035382070119,5.100023328837442],[-77.35035382070119,5.050023100123349]]]}},{"type":"Feature","properties":{"v":282.55},"geometry":{"type":"Polygon","coordinates":[[[-77.3003535919871,5.050023100123349],[-77.250353363273,5.050023100123349],[-77.250353363273,5.100023328837442],[-77.3003535919871,5.100023328837442],[-77.3003535919871,5.050023100123349]]]}},{"type":"Feature","properties":{"v":274.98},"geometry":{"type":"Polygon","coordinates":[[[-77.250353363273,5.050023100123349],[-77.20035313455891,5.050023100123349],[-77.20035313455891,5.100023328837442],[-77.250353363273,5.100023328837442],[-77.250353363273,5.050023100123349]]]}},{"type":"Feature","properties":{"v":292.73},"geometry":{"type":"Polygon","coordinates":[[[-77.20035313455891,5.050023100123349],[-77.15035290584483,5.050023100123349],[-77.15035290584483,5.100023328837442],[-77.20035313455891,5.100023328837442],[-77.20035313455891,5.050023100123349]]]}},{"type":"Feature","properties":{"v":289.7},"geometry":{"type":"Polygon","coordinates":[[[-77.15035290584483,5.050023100123349],[-77.10035267713073,5.050023100123349],[-77.10035267713073,5.100023328837442],[-77.15035290584483,5.100023328837442],[-77.15035290584483,5.050023100123349]]]}},{"type":"Feature","properties":{"v":283.65},"geometry":{"type":"Polygon","coordinates":[[[-77.10035267713073,5.050023100123349],[-77.05035244841663,5.050023100123349],[-77.05035244841663,5.100023328837442],[-77.10035267713073,5.100023328837442],[-77.10035267713073,5.050023100123349]]]}},{"type":"Feature","properties":{"v":282.61},"geometry":{"type":"Polygon","coordinates":[[[-77.05035244841663,5.050023100123349],[-77.00035221970255,5.050023100123349],[-77.00035221970255,5.100023328837442],[-77.05035244841663,5.100023328837442],[-77.05035244841663,5.050023100123349]]]}},{"type":"Feature","properties":{"v":266.11},"geometry":{"type":"Polygon","coordinates":[[[-77.00035221970255,5.050023100123349],[-76.95035199098845,5.050023100123349],[-76.95035199098845,5.100023328837442],[-77.00035221970255,5.100023328837442],[-77.00035221970255,5.050023100123349]]]}},{"type":"Feature","properties":{"v":268.98},"geometry":{"type":"Polygon","coordinates":[[[-76.95035199098845,5.050023100123349],[-76.90035176227435,5.050023100123349],[-76.90035176227435,5.100023328837442],[-76.95035199098845,5.100023328837442],[-76.95035199098845,5.050023100123349]]]}},{"type":"Feature","properties":{"v":265.77},"geometry":{"type":"Polygon","coordinates":[[[-76.90035176227435,5.050023100123349],[-76.85035153356027,5.050023100123349],[-76.85035153356027,5.100023328837442],[-76.90035176227435,5.100023328837442],[-76.90035176227435,5.050023100123349]]]}},{"type":"Feature","properties":{"v":259.24},"geometry":{"type":"Polygon","coordinates":[[[-76.85035153356027,5.050023100123349],[-76.80035130484617,5.050023100123349],[-76.80035130484617,5.100023328837442],[-76.85035153356027,5.100023328837442],[-76.85035153356027,5.050023100123349]]]}},{"type":"Feature","properties":{"v":258.74},"geometry":{"type":"Polygon","coordinates":[[[-76.80035130484617,5.050023100123349],[-76.75035107613208,5.050023100123349],[-76.75035107613208,5.100023328837442],[-76.80035130484617,5.100023328837442],[-76.80035130484617,5.050023100123349]]]}},{"type":"Feature","properties":{"v":245.03},"geometry":{"type":"Polygon","coordinates":[[[-76.75035107613208,5.050023100123349],[-76.700350847418,5.050023100123349],[-76.700350847418,5.100023328837442],[-76.75035107613208,5.100023328837442],[-76.75035107613208,5.050023100123349]]]}},{"type":"Feature","properties":{"v":238.08},"geometry":{"type":"Polygon","coordinates":[[[-76.700350847418,5.050023100123349],[-76.6503506187039,5.050023100123349],[-76.6503506187039,5.100023328837442],[-76.700350847418,5.100023328837442],[-76.700350847418,5.050023100123349]]]}},{"type":"Feature","properties":{"v":206.15},"geometry":{"type":"Polygon","coordinates":[[[-76.6503506187039,5.050023100123349],[-76.6003503899898,5.050023100123349],[-76.6003503899898,5.100023328837442],[-76.6503506187039,5.100023328837442],[-76.6503506187039,5.050023100123349]]]}},{"type":"Feature","properties":{"v":173.38},"geometry":{"type":"Polygon","coordinates":[[[-76.6003503899898,5.050023100123349],[-76.55035016127572,5.050023100123349],[-76.55035016127572,5.100023328837442],[-76.6003503899898,5.100023328837442],[-76.6003503899898,5.050023100123349]]]}},{"type":"Feature","properties":{"v":158.25},"geometry":{"type":"Polygon","coordinates":[[[-76.55035016127572,5.050023100123349],[-76.50034993256162,5.050023100123349],[-76.50034993256162,5.100023328837442],[-76.55035016127572,5.100023328837442],[-76.55035016127572,5.050023100123349]]]}},{"type":"Feature","properties":{"v":136.56},"geometry":{"type":"Polygon","coordinates":[[[-76.50034993256162,5.050023100123349],[-76.45034970384752,5.050023100123349],[-76.45034970384752,5.100023328837442],[-76.50034993256162,5.100023328837442],[-76.50034993256162,5.050023100123349]]]}},{"type":"Feature","properties":{"v":111.59},"geometry":{"type":"Polygon","coordinates":[[[-76.45034970384752,5.050023100123349],[-76.40034947513344,5.050023100123349],[-76.40034947513344,5.100023328837442],[-76.45034970384752,5.100023328837442],[-76.45034970384752,5.050023100123349]]]}},{"type":"Feature","properties":{"v":86.67},"geometry":{"type":"Polygon","coordinates":[[[-76.40034947513344,5.050023100123349],[-76.35034924641934,5.050023100123349],[-76.35034924641934,5.100023328837442],[-76.40034947513344,5.100023328837442],[-76.40034947513344,5.050023100123349]]]}},{"type":"Feature","properties":{"v":73.6},"geometry":{"type":"Polygon","coordinates":[[[-76.35034924641934,5.050023100123349],[-76.30034901770524,5.050023100123349],[-76.30034901770524,5.100023328837442],[-76.35034924641934,5.100023328837442],[-76.35034924641934,5.050023100123349]]]}},{"type":"Feature","properties":{"v":61.04},"geometry":{"type":"Polygon","coordinates":[[[-76.30034901770524,5.050023100123349],[-76.25034878899116,5.050023100123349],[-76.25034878899116,5.100023328837442],[-76.30034901770524,5.100023328837442],[-76.30034901770524,5.050023100123349]]]}},{"type":"Feature","properties":{"v":56.22},"geometry":{"type":"Polygon","coordinates":[[[-76.25034878899116,5.050023100123349],[-76.20034856027706,5.050023100123349],[-76.20034856027706,5.100023328837442],[-76.25034878899116,5.100023328837442],[-76.25034878899116,5.050023100123349]]]}},{"type":"Feature","properties":{"v":44.58},"geometry":{"type":"Polygon","coordinates":[[[-76.20034856027706,5.050023100123349],[-76.15034833156297,5.050023100123349],[-76.15034833156297,5.100023328837442],[-76.20034856027706,5.100023328837442],[-76.20034856027706,5.050023100123349]]]}},{"type":"Feature","properties":{"v":33.66},"geometry":{"type":"Polygon","coordinates":[[[-76.15034833156297,5.050023100123349],[-76.10034810284888,5.050023100123349],[-76.10034810284888,5.100023328837442],[-76.15034833156297,5.100023328837442],[-76.15034833156297,5.050023100123349]]]}},{"type":"Feature","properties":{"v":22.85},"geometry":{"type":"Polygon","coordinates":[[[-76.10034810284888,5.050023100123349],[-76.05034787413479,5.050023100123349],[-76.05034787413479,5.100023328837442],[-76.10034810284888,5.100023328837442],[-76.10034810284888,5.050023100123349]]]}},{"type":"Feature","properties":{"v":20.38},"geometry":{"type":"Polygon","coordinates":[[[-76.05034787413479,5.050023100123349],[-76.00034764542069,5.050023100123349],[-76.00034764542069,5.100023328837442],[-76.05034787413479,5.100023328837442],[-76.05034787413479,5.050023100123349]]]}},{"type":"Feature","properties":{"v":24.08},"geometry":{"type":"Polygon","coordinates":[[[-76.00034764542069,5.050023100123349],[-75.9503474167066,5.050023100123349],[-75.9503474167066,5.100023328837442],[-76.00034764542069,5.100023328837442],[-76.00034764542069,5.050023100123349]]]}},{"type":"Feature","properties":{"v":19.18},"geometry":{"type":"Polygon","coordinates":[[[-75.9503474167066,5.050023100123349],[-75.90034718799251,5.050023100123349],[-75.90034718799251,5.100023328837442],[-75.9503474167066,5.100023328837442],[-75.9503474167066,5.050023100123349]]]}},{"type":"Feature","properties":{"v":15.62},"geometry":{"type":"Polygon","coordinates":[[[-75.90034718799251,5.050023100123349],[-75.85034695927841,5.050023100123349],[-75.85034695927841,5.100023328837442],[-75.90034718799251,5.100023328837442],[-75.90034718799251,5.050023100123349]]]}},{"type":"Feature","properties":{"v":16.11},"geometry":{"type":"Polygon","coordinates":[[[-75.85034695927841,5.050023100123349],[-75.80034673056433,5.050023100123349],[-75.80034673056433,5.100023328837442],[-75.85034695927841,5.100023328837442],[-75.85034695927841,5.050023100123349]]]}},{"type":"Feature","properties":{"v":15.48},"geometry":{"type":"Polygon","coordinates":[[[-75.80034673056433,5.050023100123349],[-75.75034650185023,5.050023100123349],[-75.75034650185023,5.100023328837442],[-75.80034673056433,5.100023328837442],[-75.80034673056433,5.050023100123349]]]}},{"type":"Feature","properties":{"v":19.25},"geometry":{"type":"Polygon","coordinates":[[[-75.75034650185023,5.050023100123349],[-75.70034627313613,5.050023100123349],[-75.70034627313613,5.100023328837442],[-75.75034650185023,5.100023328837442],[-75.75034650185023,5.050023100123349]]]}},{"type":"Feature","properties":{"v":12.48},"geometry":{"type":"Polygon","coordinates":[[[-75.70034627313613,5.050023100123349],[-75.65034604442205,5.050023100123349],[-75.65034604442205,5.100023328837442],[-75.70034627313613,5.100023328837442],[-75.70034627313613,5.050023100123349]]]}},{"type":"Feature","properties":{"v":12.76},"geometry":{"type":"Polygon","coordinates":[[[-75.65034604442205,5.050023100123349],[-75.60034581570795,5.050023100123349],[-75.60034581570795,5.100023328837442],[-75.65034604442205,5.100023328837442],[-75.65034604442205,5.050023100123349]]]}},{"type":"Feature","properties":{"v":11.37},"geometry":{"type":"Polygon","coordinates":[[[-75.60034581570795,5.050023100123349],[-75.55034558699386,5.050023100123349],[-75.55034558699386,5.100023328837442],[-75.60034581570795,5.100023328837442],[-75.60034581570795,5.050023100123349]]]}},{"type":"Feature","properties":{"v":9.25},"geometry":{"type":"Polygon","coordinates":[[[-75.55034558699386,5.050023100123349],[-75.50034535827977,5.050023100123349],[-75.50034535827977,5.100023328837442],[-75.55034558699386,5.100023328837442],[-75.55034558699386,5.050023100123349]]]}},{"type":"Feature","properties":{"v":6.36},"geometry":{"type":"Polygon","coordinates":[[[-75.50034535827977,5.050023100123349],[-75.45034512956568,5.050023100123349],[-75.45034512956568,5.100023328837442],[-75.50034535827977,5.100023328837442],[-75.50034535827977,5.050023100123349]]]}},{"type":"Feature","properties":{"v":6.37},"geometry":{"type":"Polygon","coordinates":[[[-75.45034512956568,5.050023100123349],[-75.40034490085158,5.050023100123349],[-75.40034490085158,5.100023328837442],[-75.45034512956568,5.100023328837442],[-75.45034512956568,5.050023100123349]]]}},{"type":"Feature","properties":{"v":6.03},"geometry":{"type":"Polygon","coordinates":[[[-75.40034490085158,5.050023100123349],[-75.3503446721375,5.050023100123349],[-75.3503446721375,5.100023328837442],[-75.40034490085158,5.100023328837442],[-75.40034490085158,5.050023100123349]]]}},{"type":"Feature","properties":{"v":6.22},"geometry":{"type":"Polygon","coordinates":[[[-75.3503446721375,5.050023100123349],[-75.3003444434234,5.050023100123349],[-75.3003444434234,5.100023328837442],[-75.3503446721375,5.100023328837442],[-75.3503446721375,5.050023100123349]]]}},{"type":"Feature","properties":{"v":6.47},"geometry":{"type":"Polygon","coordinates":[[[-75.3003444434234,5.050023100123349],[-75.2503442147093,5.050023100123349],[-75.2503442147093,5.100023328837442],[-75.3003444434234,5.100023328837442],[-75.3003444434234,5.050023100123349]]]}},{"type":"Feature","properties":{"v":5.65},"geometry":{"type":"Polygon","coordinates":[[[-75.2503442147093,5.050023100123349],[-75.20034398599522,5.050023100123349],[-75.20034398599522,5.100023328837442],[-75.2503442147093,5.100023328837442],[-75.2503442147093,5.050023100123349]]]}},{"type":"Feature","properties":{"v":4.85},"geometry":{"type":"Polygon","coordinates":[[[-75.20034398599522,5.050023100123349],[-75.15034375728112,5.050023100123349],[-75.15034375728112,5.100023328837442],[-75.20034398599522,5.100023328837442],[-75.20034398599522,5.050023100123349]]]}},{"type":"Feature","properties":{"v":5.49},"geometry":{"type":"Polygon","coordinates":[[[-75.15034375728112,5.050023100123349],[-75.10034352856702,5.050023100123349],[-75.10034352856702,5.100023328837442],[-75.15034375728112,5.100023328837442],[-75.15034375728112,5.050023100123349]]]}},{"type":"Feature","properties":{"v":273.81},"geometry":{"type":"Polygon","coordinates":[[[-77.40035404941528,5.000022871409257],[-77.35035382070119,5.000022871409257],[-77.35035382070119,5.050023100123349],[-77.40035404941528,5.050023100123349],[-77.40035404941528,5.000022871409257]]]}},{"type":"Feature","properties":{"v":277.17},"geometry":{"type":"Polygon","coordinates":[[[-77.35035382070119,5.000022871409257],[-77.3003535919871,5.000022871409257],[-77.3003535919871,5.050023100123349],[-77.35035382070119,5.050023100123349],[-77.35035382070119,5.000022871409257]]]}},{"type":"Feature","properties":{"v":283.81},"geometry":{"type":"Polygon","coordinates":[[[-77.3003535919871,5.000022871409257],[-77.250353363273,5.000022871409257],[-77.250353363273,5.050023100123349],[-77.3003535919871,5.050023100123349],[-77.3003535919871,5.000022871409257]]]}},{"type":"Feature","properties":{"v":269.85},"geometry":{"type":"Polygon","coordinates":[[[-77.250353363273,5.000022871409257],[-77.20035313455891,5.000022871409257],[-77.20035313455891,5.050023100123349],[-77.250353363273,5.050023100123349],[-77.250353363273,5.000022871409257]]]}},{"type":"Feature","properties":{"v":281.41},"geometry":{"type":"Polygon","coordinates":[[[-77.20035313455891,5.000022871409257],[-77.15035290584483,5.000022871409257],[-77.15035290584483,5.050023100123349],[-77.20035313455891,5.050023100123349],[-77.20035313455891,5.000022871409257]]]}},{"type":"Feature","properties":{"v":281.51},"geometry":{"type":"Polygon","coordinates":[[[-77.15035290584483,5.000022871409257],[-77.10035267713073,5.000022871409257],[-77.10035267713073,5.050023100123349],[-77.15035290584483,5.050023100123349],[-77.15035290584483,5.000022871409257]]]}},{"type":"Feature","properties":{"v":278.56},"geometry":{"type":"Polygon","coordinates":[[[-77.10035267713073,5.000022871409257],[-77.05035244841663,5.000022871409257],[-77.05035244841663,5.050023100123349],[-77.10035267713073,5.050023100123349],[-77.10035267713073,5.000022871409257]]]}},{"type":"Feature","properties":{"v":269.9},"geometry":{"type":"Polygon","coordinates":[[[-77.05035244841663,5.000022871409257],[-77.00035221970255,5.000022871409257],[-77.00035221970255,5.050023100123349],[-77.05035244841663,5.050023100123349],[-77.05035244841663,5.000022871409257]]]}},{"type":"Feature","properties":{"v":253.45},"geometry":{"type":"Polygon","coordinates":[[[-77.00035221970255,5.000022871409257],[-76.95035199098845,5.000022871409257],[-76.95035199098845,5.050023100123349],[-77.00035221970255,5.050023100123349],[-77.00035221970255,5.000022871409257]]]}},{"type":"Feature","properties":{"v":252.79},"geometry":{"type":"Polygon","coordinates":[[[-76.95035199098845,5.000022871409257],[-76.90035176227435,5.000022871409257],[-76.90035176227435,5.050023100123349],[-76.95035199098845,5.050023100123349],[-76.95035199098845,5.000022871409257]]]}},{"type":"Feature","properties":{"v":247.66},"geometry":{"type":"Polygon","coordinates":[[[-76.90035176227435,5.000022871409257],[-76.85035153356027,5.000022871409257],[-76.85035153356027,5.050023100123349],[-76.90035176227435,5.050023100123349],[-76.90035176227435,5.000022871409257]]]}},{"type":"Feature","properties":{"v":244.64},"geometry":{"type":"Polygon","coordinates":[[[-76.85035153356027,5.000022871409257],[-76.80035130484617,5.000022871409257],[-76.80035130484617,5.050023100123349],[-76.85035153356027,5.050023100123349],[-76.85035153356027,5.000022871409257]]]}},{"type":"Feature","properties":{"v":240.18},"geometry":{"type":"Polygon","coordinates":[[[-76.80035130484617,5.000022871409257],[-76.75035107613208,5.000022871409257],[-76.75035107613208,5.050023100123349],[-76.80035130484617,5.050023100123349],[-76.80035130484617,5.000022871409257]]]}},{"type":"Feature","properties":{"v":222.1},"geometry":{"type":"Polygon","coordinates":[[[-76.75035107613208,5.000022871409257],[-76.700350847418,5.000022871409257],[-76.700350847418,5.050023100123349],[-76.75035107613208,5.050023100123349],[-76.75035107613208,5.000022871409257]]]}},{"type":"Feature","properties":{"v":202.89},"geometry":{"type":"Polygon","coordinates":[[[-76.700350847418,5.000022871409257],[-76.6503506187039,5.000022871409257],[-76.6503506187039,5.050023100123349],[-76.700350847418,5.050023100123349],[-76.700350847418,5.000022871409257]]]}},{"type":"Feature","properties":{"v":180.01},"geometry":{"type":"Polygon","coordinates":[[[-76.6503506187039,5.000022871409257],[-76.6003503899898,5.000022871409257],[-76.6003503899898,5.050023100123349],[-76.6503506187039,5.050023100123349],[-76.6503506187039,5.000022871409257]]]}},{"type":"Feature","properties":{"v":150.53},"geometry":{"type":"Polygon","coordinates":[[[-76.6003503899898,5.000022871409257],[-76.55035016127572,5.000022871409257],[-76.55035016127572,5.050023100123349],[-76.6003503899898,5.050023100123349],[-76.6003503899898,5.000022871409257]]]}},{"type":"Feature","properties":{"v":131.96},"geometry":{"type":"Polygon","coordinates":[[[-76.55035016127572,5.000022871409257],[-76.50034993256162,5.000022871409257],[-76.50034993256162,5.050023100123349],[-76.55035016127572,5.050023100123349],[-76.55035016127572,5.000022871409257]]]}},{"type":"Feature","properties":{"v":116.74},"geometry":{"type":"Polygon","coordinates":[[[-76.50034993256162,5.000022871409257],[-76.45034970384752,5.000022871409257],[-76.45034970384752,5.050023100123349],[-76.50034993256162,5.050023100123349],[-76.50034993256162,5.000022871409257]]]}},{"type":"Feature","properties":{"v":92.56},"geometry":{"type":"Polygon","coordinates":[[[-76.45034970384752,5.000022871409257],[-76.40034947513344,5.000022871409257],[-76.40034947513344,5.050023100123349],[-76.45034970384752,5.050023100123349],[-76.45034970384752,5.000022871409257]]]}},{"type":"Feature","properties":{"v":72.12},"geometry":{"type":"Polygon","coordinates":[[[-76.40034947513344,5.000022871409257],[-76.35034924641934,5.000022871409257],[-76.35034924641934,5.050023100123349],[-76.40034947513344,5.050023100123349],[-76.40034947513344,5.000022871409257]]]}},{"type":"Feature","properties":{"v":63.49},"geometry":{"type":"Polygon","coordinates":[[[-76.35034924641934,5.000022871409257],[-76.30034901770524,5.000022871409257],[-76.30034901770524,5.050023100123349],[-76.35034924641934,5.050023100123349],[-76.35034924641934,5.000022871409257]]]}},{"type":"Feature","properties":{"v":52.42},"geometry":{"type":"Polygon","coordinates":[[[-76.30034901770524,5.000022871409257],[-76.25034878899116,5.000022871409257],[-76.25034878899116,5.050023100123349],[-76.30034901770524,5.050023100123349],[-76.30034901770524,5.000022871409257]]]}},{"type":"Feature","properties":{"v":49.89},"geometry":{"type":"Polygon","coordinates":[[[-76.25034878899116,5.000022871409257],[-76.20034856027706,5.000022871409257],[-76.20034856027706,5.050023100123349],[-76.25034878899116,5.050023100123349],[-76.25034878899116,5.000022871409257]]]}},{"type":"Feature","properties":{"v":41.77},"geometry":{"type":"Polygon","coordinates":[[[-76.20034856027706,5.000022871409257],[-76.15034833156297,5.000022871409257],[-76.15034833156297,5.050023100123349],[-76.20034856027706,5.050023100123349],[-76.20034856027706,5.000022871409257]]]}},{"type":"Feature","properties":{"v":30.77},"geometry":{"type":"Polygon","coordinates":[[[-76.15034833156297,5.000022871409257],[-76.10034810284888,5.000022871409257],[-76.10034810284888,5.050023100123349],[-76.15034833156297,5.050023100123349],[-76.15034833156297,5.000022871409257]]]}},{"type":"Feature","properties":{"v":19.7},"geometry":{"type":"Polygon","coordinates":[[[-76.10034810284888,5.000022871409257],[-76.05034787413479,5.000022871409257],[-76.05034787413479,5.050023100123349],[-76.10034810284888,5.050023100123349],[-76.10034810284888,5.000022871409257]]]}},{"type":"Feature","properties":{"v":17.64},"geometry":{"type":"Polygon","coordinates":[[[-76.05034787413479,5.000022871409257],[-76.00034764542069,5.000022871409257],[-76.00034764542069,5.050023100123349],[-76.05034787413479,5.050023100123349],[-76.05034787413479,5.000022871409257]]]}},{"type":"Feature","properties":{"v":24.67},"geometry":{"type":"Polygon","coordinates":[[[-76.00034764542069,5.000022871409257],[-75.9503474167066,5.000022871409257],[-75.9503474167066,5.050023100123349],[-76.00034764542069,5.050023100123349],[-76.00034764542069,5.000022871409257]]]}},{"type":"Feature","properties":{"v":21.57},"geometry":{"type":"Polygon","coordinates":[[[-75.9503474167066,5.000022871409257],[-75.90034718799251,5.000022871409257],[-75.90034718799251,5.050023100123349],[-75.9503474167066,5.050023100123349],[-75.9503474167066,5.000022871409257]]]}},{"type":"Feature","properties":{"v":23.1},"geometry":{"type":"Polygon","coordinates":[[[-75.90034718799251,5.000022871409257],[-75.85034695927841,5.000022871409257],[-75.85034695927841,5.050023100123349],[-75.90034718799251,5.050023100123349],[-75.90034718799251,5.000022871409257]]]}},{"type":"Feature","properties":{"v":16.95},"geometry":{"type":"Polygon","coordinates":[[[-75.85034695927841,5.000022871409257],[-75.80034673056433,5.000022871409257],[-75.80034673056433,5.050023100123349],[-75.85034695927841,5.050023100123349],[-75.85034695927841,5.000022871409257]]]}},{"type":"Feature","properties":{"v":17.9},"geometry":{"type":"Polygon","coordinates":[[[-75.80034673056433,5.000022871409257],[-75.75034650185023,5.000022871409257],[-75.75034650185023,5.050023100123349],[-75.80034673056433,5.050023100123349],[-75.80034673056433,5.000022871409257]]]}},{"type":"Feature","properties":{"v":22.16},"geometry":{"type":"Polygon","coordinates":[[[-75.75034650185023,5.000022871409257],[-75.70034627313613,5.000022871409257],[-75.70034627313613,5.050023100123349],[-75.75034650185023,5.050023100123349],[-75.75034650185023,5.000022871409257]]]}},{"type":"Feature","properties":{"v":19.54},"geometry":{"type":"Polygon","coordinates":[[[-75.70034627313613,5.000022871409257],[-75.65034604442205,5.000022871409257],[-75.65034604442205,5.050023100123349],[-75.70034627313613,5.050023100123349],[-75.70034627313613,5.000022871409257]]]}},{"type":"Feature","properties":{"v":22.75},"geometry":{"type":"Polygon","coordinates":[[[-75.65034604442205,5.000022871409257],[-75.60034581570795,5.000022871409257],[-75.60034581570795,5.050023100123349],[-75.65034604442205,5.050023100123349],[-75.65034604442205,5.000022871409257]]]}},{"type":"Feature","properties":{"v":14.08},"geometry":{"type":"Polygon","coordinates":[[[-75.60034581570795,5.000022871409257],[-75.55034558699386,5.000022871409257],[-75.55034558699386,5.050023100123349],[-75.60034581570795,5.050023100123349],[-75.60034581570795,5.000022871409257]]]}},{"type":"Feature","properties":{"v":12.35},"geometry":{"type":"Polygon","coordinates":[[[-75.55034558699386,5.000022871409257],[-75.50034535827977,5.000022871409257],[-75.50034535827977,5.050023100123349],[-75.55034558699386,5.050023100123349],[-75.55034558699386,5.000022871409257]]]}},{"type":"Feature","properties":{"v":10.36},"geometry":{"type":"Polygon","coordinates":[[[-75.50034535827977,5.000022871409257],[-75.45034512956568,5.000022871409257],[-75.45034512956568,5.050023100123349],[-75.50034535827977,5.050023100123349],[-75.50034535827977,5.000022871409257]]]}},{"type":"Feature","properties":{"v":7.83},"geometry":{"type":"Polygon","coordinates":[[[-75.45034512956568,5.000022871409257],[-75.40034490085158,5.000022871409257],[-75.40034490085158,5.050023100123349],[-75.45034512956568,5.050023100123349],[-75.45034512956568,5.000022871409257]]]}},{"type":"Feature","properties":{"v":7.49},"geometry":{"type":"Polygon","coordinates":[[[-75.40034490085158,5.000022871409257],[-75.3503446721375,5.000022871409257],[-75.3503446721375,5.050023100123349],[-75.40034490085158,5.050023100123349],[-75.40034490085158,5.000022871409257]]]}},{"type":"Feature","properties":{"v":6.84},"geometry":{"type":"Polygon","coordinates":[[[-75.3503446721375,5.000022871409257],[-75.3003444434234,5.000022871409257],[-75.3003444434234,5.050023100123349],[-75.3503446721375,5.050023100123349],[-75.3503446721375,5.000022871409257]]]}},{"type":"Feature","properties":{"v":6.67},"geometry":{"type":"Polygon","coordinates":[[[-75.3003444434234,5.000022871409257],[-75.2503442147093,5.000022871409257],[-75.2503442147093,5.050023100123349],[-75.3003444434234,5.050023100123349],[-75.3003444434234,5.000022871409257]]]}},{"type":"Feature","properties":{"v":6.25},"geometry":{"type":"Polygon","coordinates":[[[-75.2503442147093,5.000022871409257],[-75.20034398599522,5.000022871409257],[-75.20034398599522,5.050023100123349],[-75.2503442147093,5.050023100123349],[-75.2503442147093,5.000022871409257]]]}},{"type":"Feature","properties":{"v":5.22},"geometry":{"type":"Polygon","coordinates":[[[-75.20034398599522,5.000022871409257],[-75.15034375728112,5.000022871409257],[-75.15034375728112,5.050023100123349],[-75.20034398599522,5.050023100123349],[-75.20034398599522,5.000022871409257]]]}},{"type":"Feature","properties":{"v":5.54},"geometry":{"type":"Polygon","coordinates":[[[-75.15034375728112,5.000022871409257],[-75.10034352856702,5.000022871409257],[-75.10034352856702,5.050023100123349],[-75.15034375728112,5.050023100123349],[-75.15034375728112,5.000022871409257]]]}},{"type":"Feature","properties":{"v":256.63},"geometry":{"type":"Polygon","coordinates":[[[-77.40035404941528,4.950022642695164],[-77.35035382070119,4.950022642695164],[-77.35035382070119,5.000022871409257],[-77.40035404941528,5.000022871409257],[-77.40035404941528,4.950022642695164]]]}},{"type":"Feature","properties":{"v":257.59},"geometry":{"type":"Polygon","coordinates":[[[-77.35035382070119,4.950022642695164],[-77.3003535919871,4.950022642695164],[-77.3003535919871,5.000022871409257],[-77.35035382070119,5.000022871409257],[-77.35035382070119,4.950022642695164]]]}},{"type":"Feature","properties":{"v":259.12},"geometry":{"type":"Polygon","coordinates":[[[-77.3003535919871,4.950022642695164],[-77.250353363273,4.950022642695164],[-77.250353363273,5.000022871409257],[-77.3003535919871,5.000022871409257],[-77.3003535919871,4.950022642695164]]]}},{"type":"Feature","properties":{"v":253.65},"geometry":{"type":"Polygon","coordinates":[[[-77.250353363273,4.950022642695164],[-77.20035313455891,4.950022642695164],[-77.20035313455891,5.000022871409257],[-77.250353363273,5.000022871409257],[-77.250353363273,4.950022642695164]]]}},{"type":"Feature","properties":{"v":252.18},"geometry":{"type":"Polygon","coordinates":[[[-77.20035313455891,4.950022642695164],[-77.15035290584483,4.950022642695164],[-77.15035290584483,5.000022871409257],[-77.20035313455891,5.000022871409257],[-77.20035313455891,4.950022642695164]]]}},{"type":"Feature","properties":{"v":256.36},"geometry":{"type":"Polygon","coordinates":[[[-77.15035290584483,4.950022642695164],[-77.10035267713073,4.950022642695164],[-77.10035267713073,5.000022871409257],[-77.15035290584483,5.000022871409257],[-77.15035290584483,4.950022642695164]]]}},{"type":"Feature","properties":{"v":251.82},"geometry":{"type":"Polygon","coordinates":[[[-77.10035267713073,4.950022642695164],[-77.05035244841663,4.950022642695164],[-77.05035244841663,5.000022871409257],[-77.10035267713073,5.000022871409257],[-77.10035267713073,4.950022642695164]]]}},{"type":"Feature","properties":{"v":247.65},"geometry":{"type":"Polygon","coordinates":[[[-77.05035244841663,4.950022642695164],[-77.00035221970255,4.950022642695164],[-77.00035221970255,5.000022871409257],[-77.05035244841663,5.000022871409257],[-77.05035244841663,4.950022642695164]]]}},{"type":"Feature","properties":{"v":258.39},"geometry":{"type":"Polygon","coordinates":[[[-77.00035221970255,4.950022642695164],[-76.95035199098845,4.950022642695164],[-76.95035199098845,5.000022871409257],[-77.00035221970255,5.000022871409257],[-77.00035221970255,4.950022642695164]]]}},{"type":"Feature","properties":{"v":251.2},"geometry":{"type":"Polygon","coordinates":[[[-76.95035199098845,4.950022642695164],[-76.90035176227435,4.950022642695164],[-76.90035176227435,5.000022871409257],[-76.95035199098845,5.000022871409257],[-76.95035199098845,4.950022642695164]]]}},{"type":"Feature","properties":{"v":242.64},"geometry":{"type":"Polygon","coordinates":[[[-76.90035176227435,4.950022642695164],[-76.85035153356027,4.950022642695164],[-76.85035153356027,5.000022871409257],[-76.90035176227435,5.000022871409257],[-76.90035176227435,4.950022642695164]]]}},{"type":"Feature","properties":{"v":233.49},"geometry":{"type":"Polygon","coordinates":[[[-76.85035153356027,4.950022642695164],[-76.80035130484617,4.950022642695164],[-76.80035130484617,5.000022871409257],[-76.85035153356027,5.000022871409257],[-76.85035153356027,4.950022642695164]]]}},{"type":"Feature","properties":{"v":223.81},"geometry":{"type":"Polygon","coordinates":[[[-76.80035130484617,4.950022642695164],[-76.75035107613208,4.950022642695164],[-76.75035107613208,5.000022871409257],[-76.80035130484617,5.000022871409257],[-76.80035130484617,4.950022642695164]]]}},{"type":"Feature","properties":{"v":205.06},"geometry":{"type":"Polygon","coordinates":[[[-76.75035107613208,4.950022642695164],[-76.700350847418,4.950022642695164],[-76.700350847418,5.000022871409257],[-76.75035107613208,5.000022871409257],[-76.75035107613208,4.950022642695164]]]}},{"type":"Feature","properties":{"v":195.02},"geometry":{"type":"Polygon","coordinates":[[[-76.700350847418,4.950022642695164],[-76.6503506187039,4.950022642695164],[-76.6503506187039,5.000022871409257],[-76.700350847418,5.000022871409257],[-76.700350847418,4.950022642695164]]]}},{"type":"Feature","properties":{"v":163.63},"geometry":{"type":"Polygon","coordinates":[[[-76.6503506187039,4.950022642695164],[-76.6003503899898,4.950022642695164],[-76.6003503899898,5.000022871409257],[-76.6503506187039,5.000022871409257],[-76.6503506187039,4.950022642695164]]]}},{"type":"Feature","properties":{"v":137.1},"geometry":{"type":"Polygon","coordinates":[[[-76.6003503899898,4.950022642695164],[-76.55035016127572,4.950022642695164],[-76.55035016127572,5.000022871409257],[-76.6003503899898,5.000022871409257],[-76.6003503899898,4.950022642695164]]]}},{"type":"Feature","properties":{"v":120.99},"geometry":{"type":"Polygon","coordinates":[[[-76.55035016127572,4.950022642695164],[-76.50034993256162,4.950022642695164],[-76.50034993256162,5.000022871409257],[-76.55035016127572,5.000022871409257],[-76.55035016127572,4.950022642695164]]]}},{"type":"Feature","properties":{"v":99.69},"geometry":{"type":"Polygon","coordinates":[[[-76.50034993256162,4.950022642695164],[-76.45034970384752,4.950022642695164],[-76.45034970384752,5.000022871409257],[-76.50034993256162,5.000022871409257],[-76.50034993256162,4.950022642695164]]]}},{"type":"Feature","properties":{"v":81.9},"geometry":{"type":"Polygon","coordinates":[[[-76.45034970384752,4.950022642695164],[-76.40034947513344,4.950022642695164],[-76.40034947513344,5.000022871409257],[-76.45034970384752,5.000022871409257],[-76.45034970384752,4.950022642695164]]]}},{"type":"Feature","properties":{"v":63.01},"geometry":{"type":"Polygon","coordinates":[[[-76.40034947513344,4.950022642695164],[-76.35034924641934,4.950022642695164],[-76.35034924641934,5.000022871409257],[-76.40034947513344,5.000022871409257],[-76.40034947513344,4.950022642695164]]]}},{"type":"Feature","properties":{"v":56.14},"geometry":{"type":"Polygon","coordinates":[[[-76.35034924641934,4.950022642695164],[-76.30034901770524,4.950022642695164],[-76.30034901770524,5.000022871409257],[-76.35034924641934,5.000022871409257],[-76.35034924641934,4.950022642695164]]]}},{"type":"Feature","properties":{"v":44.78},"geometry":{"type":"Polygon","coordinates":[[[-76.30034901770524,4.950022642695164],[-76.25034878899116,4.950022642695164],[-76.25034878899116,5.000022871409257],[-76.30034901770524,5.000022871409257],[-76.30034901770524,4.950022642695164]]]}},{"type":"Feature","properties":{"v":42.09},"geometry":{"type":"Polygon","coordinates":[[[-76.25034878899116,4.950022642695164],[-76.20034856027706,4.950022642695164],[-76.20034856027706,5.000022871409257],[-76.25034878899116,5.000022871409257],[-76.25034878899116,4.950022642695164]]]}},{"type":"Feature","properties":{"v":38.15},"geometry":{"type":"Polygon","coordinates":[[[-76.20034856027706,4.950022642695164],[-76.15034833156297,4.950022642695164],[-76.15034833156297,5.000022871409257],[-76.20034856027706,5.000022871409257],[-76.20034856027706,4.950022642695164]]]}},{"type":"Feature","properties":{"v":28.02},"geometry":{"type":"Polygon","coordinates":[[[-76.15034833156297,4.950022642695164],[-76.10034810284888,4.950022642695164],[-76.10034810284888,5.000022871409257],[-76.15034833156297,5.000022871409257],[-76.15034833156297,4.950022642695164]]]}},{"type":"Feature","properties":{"v":21.78},"geometry":{"type":"Polygon","coordinates":[[[-76.10034810284888,4.950022642695164],[-76.05034787413479,4.950022642695164],[-76.05034787413479,5.000022871409257],[-76.10034810284888,5.000022871409257],[-76.10034810284888,4.950022642695164]]]}},{"type":"Feature","properties":{"v":19.15},"geometry":{"type":"Polygon","coordinates":[[[-76.05034787413479,4.950022642695164],[-76.00034764542069,4.950022642695164],[-76.00034764542069,5.000022871409257],[-76.05034787413479,5.000022871409257],[-76.05034787413479,4.950022642695164]]]}},{"type":"Feature","properties":{"v":22.36},"geometry":{"type":"Polygon","coordinates":[[[-76.00034764542069,4.950022642695164],[-75.9503474167066,4.950022642695164],[-75.9503474167066,5.000022871409257],[-76.00034764542069,5.000022871409257],[-76.00034764542069,4.950022642695164]]]}},{"type":"Feature","properties":{"v":24.25},"geometry":{"type":"Polygon","coordinates":[[[-75.9503474167066,4.950022642695164],[-75.90034718799251,4.950022642695164],[-75.90034718799251,5.000022871409257],[-75.9503474167066,5.000022871409257],[-75.9503474167066,4.950022642695164]]]}},{"type":"Feature","properties":{"v":23.19},"geometry":{"type":"Polygon","coordinates":[[[-75.90034718799251,4.950022642695164],[-75.85034695927841,4.950022642695164],[-75.85034695927841,5.000022871409257],[-75.90034718799251,5.000022871409257],[-75.90034718799251,4.950022642695164]]]}},{"type":"Feature","properties":{"v":18.41},"geometry":{"type":"Polygon","coordinates":[[[-75.85034695927841,4.950022642695164],[-75.80034673056433,4.950022642695164],[-75.80034673056433,5.000022871409257],[-75.85034695927841,5.000022871409257],[-75.85034695927841,4.950022642695164]]]}},{"type":"Feature","properties":{"v":17.0},"geometry":{"type":"Polygon","coordinates":[[[-75.80034673056433,4.950022642695164],[-75.75034650185023,4.950022642695164],[-75.75034650185023,5.000022871409257],[-75.80034673056433,5.000022871409257],[-75.80034673056433,4.950022642695164]]]}},{"type":"Feature","properties":{"v":22.05},"geometry":{"type":"Polygon","coordinates":[[[-75.75034650185023,4.950022642695164],[-75.70034627313613,4.950022642695164],[-75.70034627313613,5.000022871409257],[-75.75034650185023,5.000022871409257],[-75.75034650185023,4.950022642695164]]]}},{"type":"Feature","properties":{"v":21.65},"geometry":{"type":"Polygon","coordinates":[[[-75.70034627313613,4.950022642695164],[-75.65034604442205,4.950022642695164],[-75.65034604442205,5.000022871409257],[-75.70034627313613,5.000022871409257],[-75.70034627313613,4.950022642695164]]]}},{"type":"Feature","properties":{"v":21.9},"geometry":{"type":"Polygon","coordinates":[[[-75.65034604442205,4.950022642695164],[-75.60034581570795,4.950022642695164],[-75.60034581570795,5.000022871409257],[-75.65034604442205,5.000022871409257],[-75.65034604442205,4.950022642695164]]]}},{"type":"Feature","properties":{"v":12.18},"geometry":{"type":"Polygon","coordinates":[[[-75.60034581570795,4.950022642695164],[-75.55034558699386,4.950022642695164],[-75.55034558699386,5.000022871409257],[-75.60034581570795,5.000022871409257],[-75.60034581570795,4.950022642695164]]]}},{"type":"Feature","properties":{"v":10.1},"geometry":{"type":"Polygon","coordinates":[[[-75.55034558699386,4.950022642695164],[-75.50034535827977,4.950022642695164],[-75.50034535827977,5.000022871409257],[-75.55034558699386,5.000022871409257],[-75.55034558699386,4.950022642695164]]]}},{"type":"Feature","properties":{"v":10.8},"geometry":{"type":"Polygon","coordinates":[[[-75.50034535827977,4.950022642695164],[-75.45034512956568,4.950022642695164],[-75.45034512956568,5.000022871409257],[-75.50034535827977,5.000022871409257],[-75.50034535827977,4.950022642695164]]]}},{"type":"Feature","properties":{"v":8.6},"geometry":{"type":"Polygon","coordinates":[[[-75.45034512956568,4.950022642695164],[-75.40034490085158,4.950022642695164],[-75.40034490085158,5.000022871409257],[-75.45034512956568,5.000022871409257],[-75.45034512956568,4.950022642695164]]]}},{"type":"Feature","properties":{"v":7.62},"geometry":{"type":"Polygon","coordinates":[[[-75.40034490085158,4.950022642695164],[-75.3503446721375,4.950022642695164],[-75.3503446721375,5.000022871409257],[-75.40034490085158,5.000022871409257],[-75.40034490085158,4.950022642695164]]]}},{"type":"Feature","properties":{"v":7.11},"geometry":{"type":"Polygon","coordinates":[[[-75.3503446721375,4.950022642695164],[-75.3003444434234,4.950022642695164],[-75.3003444434234,5.000022871409257],[-75.3503446721375,5.000022871409257],[-75.3503446721375,4.950022642695164]]]}},{"type":"Feature","properties":{"v":7.05},"geometry":{"type":"Polygon","coordinates":[[[-75.3003444434234,4.950022642695164],[-75.2503442147093,4.950022642695164],[-75.2503442147093,5.000022871409257],[-75.3003444434234,5.000022871409257],[-75.3003444434234,4.950022642695164]]]}},{"type":"Feature","properties":{"v":6.28},"geometry":{"type":"Polygon","coordinates":[[[-75.2503442147093,4.950022642695164],[-75.20034398599522,4.950022642695164],[-75.20034398599522,5.000022871409257],[-75.2503442147093,5.000022871409257],[-75.2503442147093,4.950022642695164]]]}},{"type":"Feature","properties":{"v":5.76},"geometry":{"type":"Polygon","coordinates":[[[-75.20034398599522,4.950022642695164],[-75.15034375728112,4.950022642695164],[-75.15034375728112,5.000022871409257],[-75.20034398599522,5.000022871409257],[-75.20034398599522,4.950022642695164]]]}},{"type":"Feature","properties":{"v":5.27},"geometry":{"type":"Polygon","coordinates":[[[-75.15034375728112,4.950022642695164],[-75.10034352856702,4.950022642695164],[-75.10034352856702,5.000022871409257],[-75.15034375728112,5.000022871409257],[-75.15034375728112,4.950022642695164]]]}},{"type":"Feature","properties":{"v":240.26},"geometry":{"type":"Polygon","coordinates":[[[-77.40035404941528,4.9000224139810715],[-77.35035382070119,4.9000224139810715],[-77.35035382070119,4.950022642695164],[-77.40035404941528,4.950022642695164],[-77.40035404941528,4.9000224139810715]]]}},{"type":"Feature","properties":{"v":249.63},"geometry":{"type":"Polygon","coordinates":[[[-77.35035382070119,4.9000224139810715],[-77.3003535919871,4.9000224139810715],[-77.3003535919871,4.950022642695164],[-77.35035382070119,4.950022642695164],[-77.35035382070119,4.9000224139810715]]]}},{"type":"Feature","properties":{"v":248.84},"geometry":{"type":"Polygon","coordinates":[[[-77.3003535919871,4.9000224139810715],[-77.250353363273,4.9000224139810715],[-77.250353363273,4.950022642695164],[-77.3003535919871,4.950022642695164],[-77.3003535919871,4.9000224139810715]]]}},{"type":"Feature","properties":{"v":252.06},"geometry":{"type":"Polygon","coordinates":[[[-77.250353363273,4.9000224139810715],[-77.20035313455891,4.9000224139810715],[-77.20035313455891,4.950022642695164],[-77.250353363273,4.950022642695164],[-77.250353363273,4.9000224139810715]]]}},{"type":"Feature","properties":{"v":247.44},"geometry":{"type":"Polygon","coordinates":[[[-77.20035313455891,4.9000224139810715],[-77.15035290584483,4.9000224139810715],[-77.15035290584483,4.950022642695164],[-77.20035313455891,4.950022642695164],[-77.20035313455891,4.9000224139810715]]]}},{"type":"Feature","properties":{"v":252.08},"geometry":{"type":"Polygon","coordinates":[[[-77.15035290584483,4.9000224139810715],[-77.10035267713073,4.9000224139810715],[-77.10035267713073,4.950022642695164],[-77.15035290584483,4.950022642695164],[-77.15035290584483,4.9000224139810715]]]}},{"type":"Feature","properties":{"v":250.02},"geometry":{"type":"Polygon","coordinates":[[[-77.10035267713073,4.9000224139810715],[-77.05035244841663,4.9000224139810715],[-77.05035244841663,4.950022642695164],[-77.10035267713073,4.950022642695164],[-77.10035267713073,4.9000224139810715]]]}},{"type":"Feature","properties":{"v":237.91},"geometry":{"type":"Polygon","coordinates":[[[-77.05035244841663,4.9000224139810715],[-77.00035221970255,4.9000224139810715],[-77.00035221970255,4.950022642695164],[-77.05035244841663,4.950022642695164],[-77.05035244841663,4.9000224139810715]]]}},{"type":"Feature","properties":{"v":241.86},"geometry":{"type":"Polygon","coordinates":[[[-77.00035221970255,4.9000224139810715],[-76.95035199098845,4.9000224139810715],[-76.95035199098845,4.950022642695164],[-77.00035221970255,4.950022642695164],[-77.00035221970255,4.9000224139810715]]]}},{"type":"Feature","properties":{"v":236.69},"geometry":{"type":"Polygon","coordinates":[[[-76.95035199098845,4.9000224139810715],[-76.90035176227435,4.9000224139810715],[-76.90035176227435,4.950022642695164],[-76.95035199098845,4.950022642695164],[-76.95035199098845,4.9000224139810715]]]}},{"type":"Feature","properties":{"v":214.28},"geometry":{"type":"Polygon","coordinates":[[[-76.90035176227435,4.9000224139810715],[-76.85035153356027,4.9000224139810715],[-76.85035153356027,4.950022642695164],[-76.90035176227435,4.950022642695164],[-76.90035176227435,4.9000224139810715]]]}},{"type":"Feature","properties":{"v":211.58},"geometry":{"type":"Polygon","coordinates":[[[-76.85035153356027,4.9000224139810715],[-76.80035130484617,4.9000224139810715],[-76.80035130484617,4.950022642695164],[-76.85035153356027,4.950022642695164],[-76.85035153356027,4.9000224139810715]]]}},{"type":"Feature","properties":{"v":198.21},"geometry":{"type":"Polygon","coordinates":[[[-76.80035130484617,4.9000224139810715],[-76.75035107613208,4.9000224139810715],[-76.75035107613208,4.950022642695164],[-76.80035130484617,4.950022642695164],[-76.80035130484617,4.9000224139810715]]]}},{"type":"Feature","properties":{"v":184.02},"geometry":{"type":"Polygon","coordinates":[[[-76.75035107613208,4.9000224139810715],[-76.700350847418,4.9000224139810715],[-76.700350847418,4.950022642695164],[-76.75035107613208,4.950022642695164],[-76.75035107613208,4.9000224139810715]]]}},{"type":"Feature","properties":{"v":173.23},"geometry":{"type":"Polygon","coordinates":[[[-76.700350847418,4.9000224139810715],[-76.6503506187039,4.9000224139810715],[-76.6503506187039,4.950022642695164],[-76.700350847418,4.950022642695164],[-76.700350847418,4.9000224139810715]]]}},{"type":"Feature","properties":{"v":153.79},"geometry":{"type":"Polygon","coordinates":[[[-76.6503506187039,4.9000224139810715],[-76.6003503899898,4.9000224139810715],[-76.6003503899898,4.950022642695164],[-76.6503506187039,4.950022642695164],[-76.6503506187039,4.9000224139810715]]]}},{"type":"Feature","properties":{"v":121.73},"geometry":{"type":"Polygon","coordinates":[[[-76.6003503899898,4.9000224139810715],[-76.55035016127572,4.9000224139810715],[-76.55035016127572,4.950022642695164],[-76.6003503899898,4.950022642695164],[-76.6003503899898,4.9000224139810715]]]}},{"type":"Feature","properties":{"v":104.76},"geometry":{"type":"Polygon","coordinates":[[[-76.55035016127572,4.9000224139810715],[-76.50034993256162,4.9000224139810715],[-76.50034993256162,4.950022642695164],[-76.55035016127572,4.950022642695164],[-76.55035016127572,4.9000224139810715]]]}},{"type":"Feature","properties":{"v":87.08},"geometry":{"type":"Polygon","coordinates":[[[-76.50034993256162,4.9000224139810715],[-76.45034970384752,4.9000224139810715],[-76.45034970384752,4.950022642695164],[-76.50034993256162,4.950022642695164],[-76.50034993256162,4.9000224139810715]]]}},{"type":"Feature","properties":{"v":68.4},"geometry":{"type":"Polygon","coordinates":[[[-76.45034970384752,4.9000224139810715],[-76.40034947513344,4.9000224139810715],[-76.40034947513344,4.950022642695164],[-76.45034970384752,4.950022642695164],[-76.45034970384752,4.9000224139810715]]]}},{"type":"Feature","properties":{"v":54.5},"geometry":{"type":"Polygon","coordinates":[[[-76.40034947513344,4.9000224139810715],[-76.35034924641934,4.9000224139810715],[-76.35034924641934,4.950022642695164],[-76.40034947513344,4.950022642695164],[-76.40034947513344,4.9000224139810715]]]}},{"type":"Feature","properties":{"v":48.94},"geometry":{"type":"Polygon","coordinates":[[[-76.35034924641934,4.9000224139810715],[-76.30034901770524,4.9000224139810715],[-76.30034901770524,4.950022642695164],[-76.35034924641934,4.950022642695164],[-76.35034924641934,4.9000224139810715]]]}},{"type":"Feature","properties":{"v":39.06},"geometry":{"type":"Polygon","coordinates":[[[-76.30034901770524,4.9000224139810715],[-76.25034878899116,4.9000224139810715],[-76.25034878899116,4.950022642695164],[-76.30034901770524,4.950022642695164],[-76.30034901770524,4.9000224139810715]]]}},{"type":"Feature","properties":{"v":36.02},"geometry":{"type":"Polygon","coordinates":[[[-76.25034878899116,4.9000224139810715],[-76.20034856027706,4.9000224139810715],[-76.20034856027706,4.950022642695164],[-76.25034878899116,4.950022642695164],[-76.25034878899116,4.9000224139810715]]]}},{"type":"Feature","properties":{"v":33.36},"geometry":{"type":"Polygon","coordinates":[[[-76.20034856027706,4.9000224139810715],[-76.15034833156297,4.9000224139810715],[-76.15034833156297,4.950022642695164],[-76.20034856027706,4.950022642695164],[-76.20034856027706,4.9000224139810715]]]}},{"type":"Feature","properties":{"v":23.89},"geometry":{"type":"Polygon","coordinates":[[[-76.15034833156297,4.9000224139810715],[-76.10034810284888,4.9000224139810715],[-76.10034810284888,4.950022642695164],[-76.15034833156297,4.950022642695164],[-76.15034833156297,4.9000224139810715]]]}},{"type":"Feature","properties":{"v":21.87},"geometry":{"type":"Polygon","coordinates":[[[-76.10034810284888,4.9000224139810715],[-76.05034787413479,4.9000224139810715],[-76.05034787413479,4.950022642695164],[-76.10034810284888,4.950022642695164],[-76.10034810284888,4.9000224139810715]]]}},{"type":"Feature","properties":{"v":18.36},"geometry":{"type":"Polygon","coordinates":[[[-76.05034787413479,4.9000224139810715],[-76.00034764542069,4.9000224139810715],[-76.00034764542069,4.950022642695164],[-76.05034787413479,4.950022642695164],[-76.05034787413479,4.9000224139810715]]]}},{"type":"Feature","properties":{"v":21.6},"geometry":{"type":"Polygon","coordinates":[[[-76.00034764542069,4.9000224139810715],[-75.9503474167066,4.9000224139810715],[-75.9503474167066,4.950022642695164],[-76.00034764542069,4.950022642695164],[-76.00034764542069,4.9000224139810715]]]}},{"type":"Feature","properties":{"v":21.27},"geometry":{"type":"Polygon","coordinates":[[[-75.9503474167066,4.9000224139810715],[-75.90034718799251,4.9000224139810715],[-75.90034718799251,4.950022642695164],[-75.9503474167066,4.950022642695164],[-75.9503474167066,4.9000224139810715]]]}},{"type":"Feature","properties":{"v":20.15},"geometry":{"type":"Polygon","coordinates":[[[-75.90034718799251,4.9000224139810715],[-75.85034695927841,4.9000224139810715],[-75.85034695927841,4.950022642695164],[-75.90034718799251,4.950022642695164],[-75.90034718799251,4.9000224139810715]]]}},{"type":"Feature","properties":{"v":17.64},"geometry":{"type":"Polygon","coordinates":[[[-75.85034695927841,4.9000224139810715],[-75.80034673056433,4.9000224139810715],[-75.80034673056433,4.950022642695164],[-75.85034695927841,4.950022642695164],[-75.85034695927841,4.9000224139810715]]]}},{"type":"Feature","properties":{"v":17.46},"geometry":{"type":"Polygon","coordinates":[[[-75.80034673056433,4.9000224139810715],[-75.75034650185023,4.9000224139810715],[-75.75034650185023,4.950022642695164],[-75.80034673056433,4.950022642695164],[-75.80034673056433,4.9000224139810715]]]}},{"type":"Feature","properties":{"v":23.27},"geometry":{"type":"Polygon","coordinates":[[[-75.75034650185023,4.9000224139810715],[-75.70034627313613,4.9000224139810715],[-75.70034627313613,4.950022642695164],[-75.75034650185023,4.950022642695164],[-75.75034650185023,4.9000224139810715]]]}},{"type":"Feature","properties":{"v":23.73},"geometry":{"type":"Polygon","coordinates":[[[-75.70034627313613,4.9000224139810715],[-75.65034604442205,4.9000224139810715],[-75.65034604442205,4.950022642695164],[-75.70034627313613,4.950022642695164],[-75.70034627313613,4.9000224139810715]]]}},{"type":"Feature","properties":{"v":24.5},"geometry":{"type":"Polygon","coordinates":[[[-75.65034604442205,4.9000224139810715],[-75.60034581570795,4.9000224139810715],[-75.60034581570795,4.950022642695164],[-75.65034604442205,4.950022642695164],[-75.65034604442205,4.9000224139810715]]]}},{"type":"Feature","properties":{"v":11.39},"geometry":{"type":"Polygon","coordinates":[[[-75.60034581570795,4.9000224139810715],[-75.55034558699386,4.9000224139810715],[-75.55034558699386,4.950022642695164],[-75.60034581570795,4.950022642695164],[-75.60034581570795,4.9000224139810715]]]}},{"type":"Feature","properties":{"v":10.58},"geometry":{"type":"Polygon","coordinates":[[[-75.55034558699386,4.9000224139810715],[-75.50034535827977,4.9000224139810715],[-75.50034535827977,4.950022642695164],[-75.55034558699386,4.950022642695164],[-75.55034558699386,4.9000224139810715]]]}},{"type":"Feature","properties":{"v":10.59},"geometry":{"type":"Polygon","coordinates":[[[-75.50034535827977,4.9000224139810715],[-75.45034512956568,4.9000224139810715],[-75.45034512956568,4.950022642695164],[-75.50034535827977,4.950022642695164],[-75.50034535827977,4.9000224139810715]]]}},{"type":"Feature","properties":{"v":8.69},"geometry":{"type":"Polygon","coordinates":[[[-75.45034512956568,4.9000224139810715],[-75.40034490085158,4.9000224139810715],[-75.40034490085158,4.950022642695164],[-75.45034512956568,4.950022642695164],[-75.45034512956568,4.9000224139810715]]]}},{"type":"Feature","properties":{"v":8.13},"geometry":{"type":"Polygon","coordinates":[[[-75.40034490085158,4.9000224139810715],[-75.3503446721375,4.9000224139810715],[-75.3503446721375,4.950022642695164],[-75.40034490085158,4.950022642695164],[-75.40034490085158,4.9000224139810715]]]}},{"type":"Feature","properties":{"v":8.11},"geometry":{"type":"Polygon","coordinates":[[[-75.3503446721375,4.9000224139810715],[-75.3003444434234,4.9000224139810715],[-75.3003444434234,4.950022642695164],[-75.3503446721375,4.950022642695164],[-75.3503446721375,4.9000224139810715]]]}},{"type":"Feature","properties":{"v":7.57},"geometry":{"type":"Polygon","coordinates":[[[-75.3003444434234,4.9000224139810715],[-75.2503442147093,4.9000224139810715],[-75.2503442147093,4.950022642695164],[-75.3003444434234,4.950022642695164],[-75.3003444434234,4.9000224139810715]]]}},{"type":"Feature","properties":{"v":8.05},"geometry":{"type":"Polygon","coordinates":[[[-75.2503442147093,4.9000224139810715],[-75.20034398599522,4.9000224139810715],[-75.20034398599522,4.950022642695164],[-75.2503442147093,4.950022642695164],[-75.2503442147093,4.9000224139810715]]]}},{"type":"Feature","properties":{"v":6.51},"geometry":{"type":"Polygon","coordinates":[[[-75.20034398599522,4.9000224139810715],[-75.15034375728112,4.9000224139810715],[-75.15034375728112,4.950022642695164],[-75.20034398599522,4.950022642695164],[-75.20034398599522,4.9000224139810715]]]}},{"type":"Feature","properties":{"v":4.91},"geometry":{"type":"Polygon","coordinates":[[[-75.15034375728112,4.9000224139810715],[-75.10034352856702,4.9000224139810715],[-75.10034352856702,4.950022642695164],[-75.15034375728112,4.950022642695164],[-75.15034375728112,4.9000224139810715]]]}},{"type":"Feature","properties":{"v":219.08},"geometry":{"type":"Polygon","coordinates":[[[-77.40035404941528,4.850022185266979],[-77.35035382070119,4.850022185266979],[-77.35035382070119,4.9000224139810715],[-77.40035404941528,4.9000224139810715],[-77.40035404941528,4.850022185266979]]]}},{"type":"Feature","properties":{"v":234.32},"geometry":{"type":"Polygon","coordinates":[[[-77.35035382070119,4.850022185266979],[-77.3003535919871,4.850022185266979],[-77.3003535919871,4.9000224139810715],[-77.35035382070119,4.9000224139810715],[-77.35035382070119,4.850022185266979]]]}},{"type":"Feature","properties":{"v":231.22},"geometry":{"type":"Polygon","coordinates":[[[-77.3003535919871,4.850022185266979],[-77.250353363273,4.850022185266979],[-77.250353363273,4.9000224139810715],[-77.3003535919871,4.9000224139810715],[-77.3003535919871,4.850022185266979]]]}},{"type":"Feature","properties":{"v":233.02},"geometry":{"type":"Polygon","coordinates":[[[-77.250353363273,4.850022185266979],[-77.20035313455891,4.850022185266979],[-77.20035313455891,4.9000224139810715],[-77.250353363273,4.9000224139810715],[-77.250353363273,4.850022185266979]]]}},{"type":"Feature","properties":{"v":236.53},"geometry":{"type":"Polygon","coordinates":[[[-77.20035313455891,4.850022185266979],[-77.15035290584483,4.850022185266979],[-77.15035290584483,4.9000224139810715],[-77.20035313455891,4.9000224139810715],[-77.20035313455891,4.850022185266979]]]}},{"type":"Feature","properties":{"v":239.13},"geometry":{"type":"Polygon","coordinates":[[[-77.15035290584483,4.850022185266979],[-77.10035267713073,4.850022185266979],[-77.10035267713073,4.9000224139810715],[-77.15035290584483,4.9000224139810715],[-77.15035290584483,4.850022185266979]]]}},{"type":"Feature","properties":{"v":241.99},"geometry":{"type":"Polygon","coordinates":[[[-77.10035267713073,4.850022185266979],[-77.05035244841663,4.850022185266979],[-77.05035244841663,4.9000224139810715],[-77.10035267713073,4.9000224139810715],[-77.10035267713073,4.850022185266979]]]}},{"type":"Feature","properties":{"v":225.5},"geometry":{"type":"Polygon","coordinates":[[[-77.05035244841663,4.850022185266979],[-77.00035221970255,4.850022185266979],[-77.00035221970255,4.9000224139810715],[-77.05035244841663,4.9000224139810715],[-77.05035244841663,4.850022185266979]]]}},{"type":"Feature","properties":{"v":217.34},"geometry":{"type":"Polygon","coordinates":[[[-77.00035221970255,4.850022185266979],[-76.95035199098845,4.850022185266979],[-76.95035199098845,4.9000224139810715],[-77.00035221970255,4.9000224139810715],[-77.00035221970255,4.850022185266979]]]}},{"type":"Feature","properties":{"v":213.95},"geometry":{"type":"Polygon","coordinates":[[[-76.95035199098845,4.850022185266979],[-76.90035176227435,4.850022185266979],[-76.90035176227435,4.9000224139810715],[-76.95035199098845,4.9000224139810715],[-76.95035199098845,4.850022185266979]]]}},{"type":"Feature","properties":{"v":199.29},"geometry":{"type":"Polygon","coordinates":[[[-76.90035176227435,4.850022185266979],[-76.85035153356027,4.850022185266979],[-76.85035153356027,4.9000224139810715],[-76.90035176227435,4.9000224139810715],[-76.90035176227435,4.850022185266979]]]}},{"type":"Feature","properties":{"v":185.76},"geometry":{"type":"Polygon","coordinates":[[[-76.85035153356027,4.850022185266979],[-76.80035130484617,4.850022185266979],[-76.80035130484617,4.9000224139810715],[-76.85035153356027,4.9000224139810715],[-76.85035153356027,4.850022185266979]]]}},{"type":"Feature","properties":{"v":174.76},"geometry":{"type":"Polygon","coordinates":[[[-76.80035130484617,4.850022185266979],[-76.75035107613208,4.850022185266979],[-76.75035107613208,4.9000224139810715],[-76.80035130484617,4.9000224139810715],[-76.80035130484617,4.850022185266979]]]}},{"type":"Feature","properties":{"v":160.54},"geometry":{"type":"Polygon","coordinates":[[[-76.75035107613208,4.850022185266979],[-76.700350847418,4.850022185266979],[-76.700350847418,4.9000224139810715],[-76.75035107613208,4.9000224139810715],[-76.75035107613208,4.850022185266979]]]}},{"type":"Feature","properties":{"v":147.6},"geometry":{"type":"Polygon","coordinates":[[[-76.700350847418,4.850022185266979],[-76.6503506187039,4.850022185266979],[-76.6503506187039,4.9000224139810715],[-76.700350847418,4.9000224139810715],[-76.700350847418,4.850022185266979]]]}},{"type":"Feature","properties":{"v":132.46},"geometry":{"type":"Polygon","coordinates":[[[-76.6503506187039,4.850022185266979],[-76.6003503899898,4.850022185266979],[-76.6003503899898,4.9000224139810715],[-76.6503506187039,4.9000224139810715],[-76.6503506187039,4.850022185266979]]]}},{"type":"Feature","properties":{"v":104.39},"geometry":{"type":"Polygon","coordinates":[[[-76.6003503899898,4.850022185266979],[-76.55035016127572,4.850022185266979],[-76.55035016127572,4.9000224139810715],[-76.6003503899898,4.9000224139810715],[-76.6003503899898,4.850022185266979]]]}},{"type":"Feature","properties":{"v":91.24},"geometry":{"type":"Polygon","coordinates":[[[-76.55035016127572,4.850022185266979],[-76.50034993256162,4.850022185266979],[-76.50034993256162,4.9000224139810715],[-76.55035016127572,4.9000224139810715],[-76.55035016127572,4.850022185266979]]]}},{"type":"Feature","properties":{"v":75.96},"geometry":{"type":"Polygon","coordinates":[[[-76.50034993256162,4.850022185266979],[-76.45034970384752,4.850022185266979],[-76.45034970384752,4.9000224139810715],[-76.50034993256162,4.9000224139810715],[-76.50034993256162,4.850022185266979]]]}},{"type":"Feature","properties":{"v":59.51},"geometry":{"type":"Polygon","coordinates":[[[-76.45034970384752,4.850022185266979],[-76.40034947513344,4.850022185266979],[-76.40034947513344,4.9000224139810715],[-76.45034970384752,4.9000224139810715],[-76.45034970384752,4.850022185266979]]]}},{"type":"Feature","properties":{"v":47.48},"geometry":{"type":"Polygon","coordinates":[[[-76.40034947513344,4.850022185266979],[-76.35034924641934,4.850022185266979],[-76.35034924641934,4.9000224139810715],[-76.40034947513344,4.9000224139810715],[-76.40034947513344,4.850022185266979]]]}},{"type":"Feature","properties":{"v":43.01},"geometry":{"type":"Polygon","coordinates":[[[-76.35034924641934,4.850022185266979],[-76.30034901770524,4.850022185266979],[-76.30034901770524,4.9000224139810715],[-76.35034924641934,4.9000224139810715],[-76.35034924641934,4.850022185266979]]]}},{"type":"Feature","properties":{"v":35.4},"geometry":{"type":"Polygon","coordinates":[[[-76.30034901770524,4.850022185266979],[-76.25034878899116,4.850022185266979],[-76.25034878899116,4.9000224139810715],[-76.30034901770524,4.9000224139810715],[-76.30034901770524,4.850022185266979]]]}},{"type":"Feature","properties":{"v":31.0},"geometry":{"type":"Polygon","coordinates":[[[-76.25034878899116,4.850022185266979],[-76.20034856027706,4.850022185266979],[-76.20034856027706,4.9000224139810715],[-76.25034878899116,4.9000224139810715],[-76.25034878899116,4.850022185266979]]]}},{"type":"Feature","properties":{"v":29.81},"geometry":{"type":"Polygon","coordinates":[[[-76.20034856027706,4.850022185266979],[-76.15034833156297,4.850022185266979],[-76.15034833156297,4.9000224139810715],[-76.20034856027706,4.9000224139810715],[-76.20034856027706,4.850022185266979]]]}},{"type":"Feature","properties":{"v":23.19},"geometry":{"type":"Polygon","coordinates":[[[-76.15034833156297,4.850022185266979],[-76.10034810284888,4.850022185266979],[-76.10034810284888,4.9000224139810715],[-76.15034833156297,4.9000224139810715],[-76.15034833156297,4.850022185266979]]]}},{"type":"Feature","properties":{"v":16.63},"geometry":{"type":"Polygon","coordinates":[[[-76.10034810284888,4.850022185266979],[-76.05034787413479,4.850022185266979],[-76.05034787413479,4.9000224139810715],[-76.10034810284888,4.9000224139810715],[-76.10034810284888,4.850022185266979]]]}},{"type":"Feature","properties":{"v":16.36},"geometry":{"type":"Polygon","coordinates":[[[-76.05034787413479,4.850022185266979],[-76.00034764542069,4.850022185266979],[-76.00034764542069,4.9000224139810715],[-76.05034787413479,4.9000224139810715],[-76.05034787413479,4.850022185266979]]]}},{"type":"Feature","properties":{"v":21.67},"geometry":{"type":"Polygon","coordinates":[[[-76.00034764542069,4.850022185266979],[-75.9503474167066,4.850022185266979],[-75.9503474167066,4.9000224139810715],[-76.00034764542069,4.9000224139810715],[-76.00034764542069,4.850022185266979]]]}},{"type":"Feature","properties":{"v":21.0},"geometry":{"type":"Polygon","coordinates":[[[-75.9503474167066,4.850022185266979],[-75.90034718799251,4.850022185266979],[-75.90034718799251,4.9000224139810715],[-75.9503474167066,4.9000224139810715],[-75.9503474167066,4.850022185266979]]]}},{"type":"Feature","properties":{"v":20.1},"geometry":{"type":"Polygon","coordinates":[[[-75.90034718799251,4.850022185266979],[-75.85034695927841,4.850022185266979],[-75.85034695927841,4.9000224139810715],[-75.90034718799251,4.9000224139810715],[-75.90034718799251,4.850022185266979]]]}},{"type":"Feature","properties":{"v":16.79},"geometry":{"type":"Polygon","coordinates":[[[-75.85034695927841,4.850022185266979],[-75.80034673056433,4.850022185266979],[-75.80034673056433,4.9000224139810715],[-75.85034695927841,4.9000224139810715],[-75.85034695927841,4.850022185266979]]]}},{"type":"Feature","properties":{"v":16.73},"geometry":{"type":"Polygon","coordinates":[[[-75.80034673056433,4.850022185266979],[-75.75034650185023,4.850022185266979],[-75.75034650185023,4.9000224139810715],[-75.80034673056433,4.9000224139810715],[-75.80034673056433,4.850022185266979]]]}},{"type":"Feature","properties":{"v":21.28},"geometry":{"type":"Polygon","coordinates":[[[-75.75034650185023,4.850022185266979],[-75.70034627313613,4.850022185266979],[-75.70034627313613,4.9000224139810715],[-75.75034650185023,4.9000224139810715],[-75.75034650185023,4.850022185266979]]]}},{"type":"Feature","properties":{"v":20.88},"geometry":{"type":"Polygon","coordinates":[[[-75.70034627313613,4.850022185266979],[-75.65034604442205,4.850022185266979],[-75.65034604442205,4.9000224139810715],[-75.70034627313613,4.9000224139810715],[-75.70034627313613,4.850022185266979]]]}},{"type":"Feature","properties":{"v":21.17},"geometry":{"type":"Polygon","coordinates":[[[-75.65034604442205,4.850022185266979],[-75.60034581570795,4.850022185266979],[-75.60034581570795,4.9000224139810715],[-75.65034604442205,4.9000224139810715],[-75.65034604442205,4.850022185266979]]]}},{"type":"Feature","properties":{"v":12.46},"geometry":{"type":"Polygon","coordinates":[[[-75.60034581570795,4.850022185266979],[-75.55034558699386,4.850022185266979],[-75.55034558699386,4.9000224139810715],[-75.60034581570795,4.9000224139810715],[-75.60034581570795,4.850022185266979]]]}},{"type":"Feature","properties":{"v":9.45},"geometry":{"type":"Polygon","coordinates":[[[-75.55034558699386,4.850022185266979],[-75.50034535827977,4.850022185266979],[-75.50034535827977,4.9000224139810715],[-75.55034558699386,4.9000224139810715],[-75.55034558699386,4.850022185266979]]]}},{"type":"Feature","properties":{"v":9.39},"geometry":{"type":"Polygon","coordinates":[[[-75.50034535827977,4.850022185266979],[-75.45034512956568,4.850022185266979],[-75.45034512956568,4.9000224139810715],[-75.50034535827977,4.9000224139810715],[-75.50034535827977,4.850022185266979]]]}},{"type":"Feature","properties":{"v":8.4},"geometry":{"type":"Polygon","coordinates":[[[-75.45034512956568,4.850022185266979],[-75.40034490085158,4.850022185266979],[-75.40034490085158,4.9000224139810715],[-75.45034512956568,4.9000224139810715],[-75.45034512956568,4.850022185266979]]]}},{"type":"Feature","properties":{"v":7.71},"geometry":{"type":"Polygon","coordinates":[[[-75.40034490085158,4.850022185266979],[-75.3503446721375,4.850022185266979],[-75.3503446721375,4.9000224139810715],[-75.40034490085158,4.9000224139810715],[-75.40034490085158,4.850022185266979]]]}},{"type":"Feature","properties":{"v":7.71},"geometry":{"type":"Polygon","coordinates":[[[-75.3503446721375,4.850022185266979],[-75.3003444434234,4.850022185266979],[-75.3003444434234,4.9000224139810715],[-75.3503446721375,4.9000224139810715],[-75.3503446721375,4.850022185266979]]]}},{"type":"Feature","properties":{"v":7.04},"geometry":{"type":"Polygon","coordinates":[[[-75.3003444434234,4.850022185266979],[-75.2503442147093,4.850022185266979],[-75.2503442147093,4.9000224139810715],[-75.3003444434234,4.9000224139810715],[-75.3003444434234,4.850022185266979]]]}},{"type":"Feature","properties":{"v":8.13},"geometry":{"type":"Polygon","coordinates":[[[-75.2503442147093,4.850022185266979],[-75.20034398599522,4.850022185266979],[-75.20034398599522,4.9000224139810715],[-75.2503442147093,4.9000224139810715],[-75.2503442147093,4.850022185266979]]]}},{"type":"Feature","properties":{"v":6.14},"geometry":{"type":"Polygon","coordinates":[[[-75.20034398599522,4.850022185266979],[-75.15034375728112,4.850022185266979],[-75.15034375728112,4.9000224139810715],[-75.20034398599522,4.9000224139810715],[-75.20034398599522,4.850022185266979]]]}},{"type":"Feature","properties":{"v":4.44},"geometry":{"type":"Polygon","coordinates":[[[-75.15034375728112,4.850022185266979],[-75.10034352856702,4.850022185266979],[-75.10034352856702,4.9000224139810715],[-75.15034375728112,4.9000224139810715],[-75.15034375728112,4.850022185266979]]]}},{"type":"Feature","properties":{"v":212.75},"geometry":{"type":"Polygon","coordinates":[[[-77.40035404941528,4.800021956552887],[-77.35035382070119,4.800021956552887],[-77.35035382070119,4.850022185266979],[-77.40035404941528,4.850022185266979],[-77.40035404941528,4.800021956552887]]]}},{"type":"Feature","properties":{"v":210.72},"geometry":{"type":"Polygon","coordinates":[[[-77.35035382070119,4.800021956552887],[-77.3003535919871,4.800021956552887],[-77.3003535919871,4.850022185266979],[-77.35035382070119,4.850022185266979],[-77.35035382070119,4.800021956552887]]]}},{"type":"Feature","properties":{"v":213.96},"geometry":{"type":"Polygon","coordinates":[[[-77.3003535919871,4.800021956552887],[-77.250353363273,4.800021956552887],[-77.250353363273,4.850022185266979],[-77.3003535919871,4.850022185266979],[-77.3003535919871,4.800021956552887]]]}},{"type":"Feature","properties":{"v":221.25},"geometry":{"type":"Polygon","coordinates":[[[-77.250353363273,4.800021956552887],[-77.20035313455891,4.800021956552887],[-77.20035313455891,4.850022185266979],[-77.250353363273,4.850022185266979],[-77.250353363273,4.800021956552887]]]}},{"type":"Feature","properties":{"v":214.68},"geometry":{"type":"Polygon","coordinates":[[[-77.20035313455891,4.800021956552887],[-77.15035290584483,4.800021956552887],[-77.15035290584483,4.850022185266979],[-77.20035313455891,4.850022185266979],[-77.20035313455891,4.800021956552887]]]}},{"type":"Feature","properties":{"v":210.1},"geometry":{"type":"Polygon","coordinates":[[[-77.15035290584483,4.800021956552887],[-77.10035267713073,4.800021956552887],[-77.10035267713073,4.850022185266979],[-77.15035290584483,4.850022185266979],[-77.15035290584483,4.800021956552887]]]}},{"type":"Feature","properties":{"v":212.98},"geometry":{"type":"Polygon","coordinates":[[[-77.10035267713073,4.800021956552887],[-77.05035244841663,4.800021956552887],[-77.05035244841663,4.850022185266979],[-77.10035267713073,4.850022185266979],[-77.10035267713073,4.800021956552887]]]}},{"type":"Feature","properties":{"v":198.32},"geometry":{"type":"Polygon","coordinates":[[[-77.05035244841663,4.800021956552887],[-77.00035221970255,4.800021956552887],[-77.00035221970255,4.850022185266979],[-77.05035244841663,4.850022185266979],[-77.05035244841663,4.800021956552887]]]}},{"type":"Feature","properties":{"v":188.8},"geometry":{"type":"Polygon","coordinates":[[[-77.00035221970255,4.800021956552887],[-76.95035199098845,4.800021956552887],[-76.95035199098845,4.850022185266979],[-77.00035221970255,4.850022185266979],[-77.00035221970255,4.800021956552887]]]}},{"type":"Feature","properties":{"v":184.07},"geometry":{"type":"Polygon","coordinates":[[[-76.95035199098845,4.800021956552887],[-76.90035176227435,4.800021956552887],[-76.90035176227435,4.850022185266979],[-76.95035199098845,4.850022185266979],[-76.95035199098845,4.800021956552887]]]}},{"type":"Feature","properties":{"v":175.97},"geometry":{"type":"Polygon","coordinates":[[[-76.90035176227435,4.800021956552887],[-76.85035153356027,4.800021956552887],[-76.85035153356027,4.850022185266979],[-76.90035176227435,4.850022185266979],[-76.90035176227435,4.800021956552887]]]}},{"type":"Feature","properties":{"v":164.27},"geometry":{"type":"Polygon","coordinates":[[[-76.85035153356027,4.800021956552887],[-76.80035130484617,4.800021956552887],[-76.80035130484617,4.850022185266979],[-76.85035153356027,4.850022185266979],[-76.85035153356027,4.800021956552887]]]}},{"type":"Feature","properties":{"v":152.86},"geometry":{"type":"Polygon","coordinates":[[[-76.80035130484617,4.800021956552887],[-76.75035107613208,4.800021956552887],[-76.75035107613208,4.850022185266979],[-76.80035130484617,4.850022185266979],[-76.80035130484617,4.800021956552887]]]}},{"type":"Feature","properties":{"v":142.52},"geometry":{"type":"Polygon","coordinates":[[[-76.75035107613208,4.800021956552887],[-76.700350847418,4.800021956552887],[-76.700350847418,4.850022185266979],[-76.75035107613208,4.850022185266979],[-76.75035107613208,4.800021956552887]]]}},{"type":"Feature","properties":{"v":133.45},"geometry":{"type":"Polygon","coordinates":[[[-76.700350847418,4.800021956552887],[-76.6503506187039,4.800021956552887],[-76.6503506187039,4.850022185266979],[-76.700350847418,4.850022185266979],[-76.700350847418,4.800021956552887]]]}},{"type":"Feature","properties":{"v":117.52},"geometry":{"type":"Polygon","coordinates":[[[-76.6503506187039,4.800021956552887],[-76.6003503899898,4.800021956552887],[-76.6003503899898,4.850022185266979],[-76.6503506187039,4.850022185266979],[-76.6503506187039,4.800021956552887]]]}},{"type":"Feature","properties":{"v":98.12},"geometry":{"type":"Polygon","coordinates":[[[-76.6003503899898,4.800021956552887],[-76.55035016127572,4.800021956552887],[-76.55035016127572,4.850022185266979],[-76.6003503899898,4.850022185266979],[-76.6003503899898,4.800021956552887]]]}},{"type":"Feature","properties":{"v":84.33},"geometry":{"type":"Polygon","coordinates":[[[-76.55035016127572,4.800021956552887],[-76.50034993256162,4.800021956552887],[-76.50034993256162,4.850022185266979],[-76.55035016127572,4.850022185266979],[-76.55035016127572,4.800021956552887]]]}},{"type":"Feature","properties":{"v":70.39},"geometry":{"type":"Polygon","coordinates":[[[-76.50034993256162,4.800021956552887],[-76.45034970384752,4.800021956552887],[-76.45034970384752,4.850022185266979],[-76.50034993256162,4.850022185266979],[-76.50034993256162,4.800021956552887]]]}},{"type":"Feature","properties":{"v":53.03},"geometry":{"type":"Polygon","coordinates":[[[-76.45034970384752,4.800021956552887],[-76.40034947513344,4.800021956552887],[-76.40034947513344,4.850022185266979],[-76.45034970384752,4.850022185266979],[-76.45034970384752,4.800021956552887]]]}},{"type":"Feature","properties":{"v":42.93},"geometry":{"type":"Polygon","coordinates":[[[-76.40034947513344,4.800021956552887],[-76.35034924641934,4.800021956552887],[-76.35034924641934,4.850022185266979],[-76.40034947513344,4.850022185266979],[-76.40034947513344,4.800021956552887]]]}},{"type":"Feature","properties":{"v":38.91},"geometry":{"type":"Polygon","coordinates":[[[-76.35034924641934,4.800021956552887],[-76.30034901770524,4.800021956552887],[-76.30034901770524,4.850022185266979],[-76.35034924641934,4.850022185266979],[-76.35034924641934,4.800021956552887]]]}},{"type":"Feature","properties":{"v":31.93},"geometry":{"type":"Polygon","coordinates":[[[-76.30034901770524,4.800021956552887],[-76.25034878899116,4.800021956552887],[-76.25034878899116,4.850022185266979],[-76.30034901770524,4.850022185266979],[-76.30034901770524,4.800021956552887]]]}},{"type":"Feature","properties":{"v":28.22},"geometry":{"type":"Polygon","coordinates":[[[-76.25034878899116,4.800021956552887],[-76.20034856027706,4.800021956552887],[-76.20034856027706,4.850022185266979],[-76.25034878899116,4.850022185266979],[-76.25034878899116,4.800021956552887]]]}},{"type":"Feature","properties":{"v":26.75},"geometry":{"type":"Polygon","coordinates":[[[-76.20034856027706,4.800021956552887],[-76.15034833156297,4.800021956552887],[-76.15034833156297,4.850022185266979],[-76.20034856027706,4.850022185266979],[-76.20034856027706,4.800021956552887]]]}},{"type":"Feature","properties":{"v":19.81},"geometry":{"type":"Polygon","coordinates":[[[-76.15034833156297,4.800021956552887],[-76.10034810284888,4.800021956552887],[-76.10034810284888,4.850022185266979],[-76.15034833156297,4.850022185266979],[-76.15034833156297,4.800021956552887]]]}},{"type":"Feature","properties":{"v":15.64},"geometry":{"type":"Polygon","coordinates":[[[-76.10034810284888,4.800021956552887],[-76.05034787413479,4.800021956552887],[-76.05034787413479,4.850022185266979],[-76.10034810284888,4.850022185266979],[-76.10034810284888,4.800021956552887]]]}},{"type":"Feature","properties":{"v":16.11},"geometry":{"type":"Polygon","coordinates":[[[-76.05034787413479,4.800021956552887],[-76.00034764542069,4.800021956552887],[-76.00034764542069,4.850022185266979],[-76.05034787413479,4.850022185266979],[-76.05034787413479,4.800021956552887]]]}},{"type":"Feature","properties":{"v":19.48},"geometry":{"type":"Polygon","coordinates":[[[-76.00034764542069,4.800021956552887],[-75.9503474167066,4.800021956552887],[-75.9503474167066,4.850022185266979],[-76.00034764542069,4.850022185266979],[-76.00034764542069,4.800021956552887]]]}},{"type":"Feature","properties":{"v":19.12},"geometry":{"type":"Polygon","coordinates":[[[-75.9503474167066,4.800021956552887],[-75.90034718799251,4.800021956552887],[-75.90034718799251,4.850022185266979],[-75.9503474167066,4.850022185266979],[-75.9503474167066,4.800021956552887]]]}},{"type":"Feature","properties":{"v":18.7},"geometry":{"type":"Polygon","coordinates":[[[-75.90034718799251,4.800021956552887],[-75.85034695927841,4.800021956552887],[-75.85034695927841,4.850022185266979],[-75.90034718799251,4.850022185266979],[-75.90034718799251,4.800021956552887]]]}},{"type":"Feature","properties":{"v":19.46},"geometry":{"type":"Polygon","coordinates":[[[-75.85034695927841,4.800021956552887],[-75.80034673056433,4.800021956552887],[-75.80034673056433,4.850022185266979],[-75.85034695927841,4.850022185266979],[-75.85034695927841,4.800021956552887]]]}},{"type":"Feature","properties":{"v":14.8},"geometry":{"type":"Polygon","coordinates":[[[-75.80034673056433,4.800021956552887],[-75.75034650185023,4.800021956552887],[-75.75034650185023,4.850022185266979],[-75.80034673056433,4.850022185266979],[-75.80034673056433,4.800021956552887]]]}},{"type":"Feature","properties":{"v":19.58},"geometry":{"type":"Polygon","coordinates":[[[-75.75034650185023,4.800021956552887],[-75.70034627313613,4.800021956552887],[-75.70034627313613,4.850022185266979],[-75.75034650185023,4.850022185266979],[-75.75034650185023,4.800021956552887]]]}},{"type":"Feature","properties":{"v":18.15},"geometry":{"type":"Polygon","coordinates":[[[-75.70034627313613,4.800021956552887],[-75.65034604442205,4.800021956552887],[-75.65034604442205,4.850022185266979],[-75.70034627313613,4.850022185266979],[-75.70034627313613,4.800021956552887]]]}},{"type":"Feature","properties":{"v":18.94},"geometry":{"type":"Polygon","coordinates":[[[-75.65034604442205,4.800021956552887],[-75.60034581570795,4.800021956552887],[-75.60034581570795,4.850022185266979],[-75.65034604442205,4.850022185266979],[-75.65034604442205,4.800021956552887]]]}},{"type":"Feature","properties":{"v":8.85},"geometry":{"type":"Polygon","coordinates":[[[-75.60034581570795,4.800021956552887],[-75.55034558699386,4.800021956552887],[-75.55034558699386,4.850022185266979],[-75.60034581570795,4.850022185266979],[-75.60034581570795,4.800021956552887]]]}},{"type":"Feature","properties":{"v":8.79},"geometry":{"type":"Polygon","coordinates":[[[-75.55034558699386,4.800021956552887],[-75.50034535827977,4.800021956552887],[-75.50034535827977,4.850022185266979],[-75.55034558699386,4.850022185266979],[-75.55034558699386,4.800021956552887]]]}},{"type":"Feature","properties":{"v":9.39},"geometry":{"type":"Polygon","coordinates":[[[-75.50034535827977,4.800021956552887],[-75.45034512956568,4.800021956552887],[-75.45034512956568,4.850022185266979],[-75.50034535827977,4.850022185266979],[-75.50034535827977,4.800021956552887]]]}},{"type":"Feature","properties":{"v":7.76},"geometry":{"type":"Polygon","coordinates":[[[-75.45034512956568,4.800021956552887],[-75.40034490085158,4.800021956552887],[-75.40034490085158,4.850022185266979],[-75.45034512956568,4.850022185266979],[-75.45034512956568,4.800021956552887]]]}},{"type":"Feature","properties":{"v":7.35},"geometry":{"type":"Polygon","coordinates":[[[-75.40034490085158,4.800021956552887],[-75.3503446721375,4.800021956552887],[-75.3503446721375,4.850022185266979],[-75.40034490085158,4.850022185266979],[-75.40034490085158,4.800021956552887]]]}},{"type":"Feature","properties":{"v":7.2},"geometry":{"type":"Polygon","coordinates":[[[-75.3503446721375,4.800021956552887],[-75.3003444434234,4.800021956552887],[-75.3003444434234,4.850022185266979],[-75.3503446721375,4.850022185266979],[-75.3503446721375,4.800021956552887]]]}},{"type":"Feature","properties":{"v":6.22},"geometry":{"type":"Polygon","coordinates":[[[-75.3003444434234,4.800021956552887],[-75.2503442147093,4.800021956552887],[-75.2503442147093,4.850022185266979],[-75.3003444434234,4.850022185266979],[-75.3003444434234,4.800021956552887]]]}},{"type":"Feature","properties":{"v":5.97},"geometry":{"type":"Polygon","coordinates":[[[-75.2503442147093,4.800021956552887],[-75.20034398599522,4.800021956552887],[-75.20034398599522,4.850022185266979],[-75.2503442147093,4.850022185266979],[-75.2503442147093,4.800021956552887]]]}},{"type":"Feature","properties":{"v":5.15},"geometry":{"type":"Polygon","coordinates":[[[-75.20034398599522,4.800021956552887],[-75.15034375728112,4.800021956552887],[-75.15034375728112,4.850022185266979],[-75.20034398599522,4.850022185266979],[-75.20034398599522,4.800021956552887]]]}},{"type":"Feature","properties":{"v":4.51},"geometry":{"type":"Polygon","coordinates":[[[-75.15034375728112,4.800021956552887],[-75.10034352856702,4.800021956552887],[-75.10034352856702,4.850022185266979],[-75.15034375728112,4.850022185266979],[-75.15034375728112,4.800021956552887]]]}},{"type":"Feature","properties":{"v":189.17},"geometry":{"type":"Polygon","coordinates":[[[-77.35035382070119,4.750021727838794],[-77.3003535919871,4.750021727838794],[-77.3003535919871,4.800021956552887],[-77.35035382070119,4.800021956552887],[-77.35035382070119,4.750021727838794]]]}},{"type":"Feature","properties":{"v":188.24},"geometry":{"type":"Polygon","coordinates":[[[-77.3003535919871,4.750021727838794],[-77.250353363273,4.750021727838794],[-77.250353363273,4.800021956552887],[-77.3003535919871,4.800021956552887],[-77.3003535919871,4.750021727838794]]]}},{"type":"Feature","properties":{"v":198.61},"geometry":{"type":"Polygon","coordinates":[[[-77.250353363273,4.750021727838794],[-77.20035313455891,4.750021727838794],[-77.20035313455891,4.800021956552887],[-77.250353363273,4.800021956552887],[-77.250353363273,4.750021727838794]]]}},{"type":"Feature","properties":{"v":193.69},"geometry":{"type":"Polygon","coordinates":[[[-77.20035313455891,4.750021727838794],[-77.15035290584483,4.750021727838794],[-77.15035290584483,4.800021956552887],[-77.20035313455891,4.800021956552887],[-77.20035313455891,4.750021727838794]]]}},{"type":"Feature","properties":{"v":187.81},"geometry":{"type":"Polygon","coordinates":[[[-77.15035290584483,4.750021727838794],[-77.10035267713073,4.750021727838794],[-77.10035267713073,4.800021956552887],[-77.15035290584483,4.800021956552887],[-77.15035290584483,4.750021727838794]]]}},{"type":"Feature","properties":{"v":172.44},"geometry":{"type":"Polygon","coordinates":[[[-77.10035267713073,4.750021727838794],[-77.05035244841663,4.750021727838794],[-77.05035244841663,4.800021956552887],[-77.10035267713073,4.800021956552887],[-77.10035267713073,4.750021727838794]]]}},{"type":"Feature","properties":{"v":168.16},"geometry":{"type":"Polygon","coordinates":[[[-77.05035244841663,4.750021727838794],[-77.00035221970255,4.750021727838794],[-77.00035221970255,4.800021956552887],[-77.05035244841663,4.800021956552887],[-77.05035244841663,4.750021727838794]]]}},{"type":"Feature","properties":{"v":164.38},"geometry":{"type":"Polygon","coordinates":[[[-77.00035221970255,4.750021727838794],[-76.95035199098845,4.750021727838794],[-76.95035199098845,4.800021956552887],[-77.00035221970255,4.800021956552887],[-77.00035221970255,4.750021727838794]]]}},{"type":"Feature","properties":{"v":153.73},"geometry":{"type":"Polygon","coordinates":[[[-76.95035199098845,4.750021727838794],[-76.90035176227435,4.750021727838794],[-76.90035176227435,4.800021956552887],[-76.95035199098845,4.800021956552887],[-76.95035199098845,4.750021727838794]]]}},{"type":"Feature","properties":{"v":152.98},"geometry":{"type":"Polygon","coordinates":[[[-76.90035176227435,4.750021727838794],[-76.85035153356027,4.750021727838794],[-76.85035153356027,4.800021956552887],[-76.90035176227435,4.800021956552887],[-76.90035176227435,4.750021727838794]]]}},{"type":"Feature","properties":{"v":144.04},"geometry":{"type":"Polygon","coordinates":[[[-76.85035153356027,4.750021727838794],[-76.80035130484617,4.750021727838794],[-76.80035130484617,4.800021956552887],[-76.85035153356027,4.800021956552887],[-76.85035153356027,4.750021727838794]]]}},{"type":"Feature","properties":{"v":138.71},"geometry":{"type":"Polygon","coordinates":[[[-76.80035130484617,4.750021727838794],[-76.75035107613208,4.750021727838794],[-76.75035107613208,4.800021956552887],[-76.80035130484617,4.800021956552887],[-76.80035130484617,4.750021727838794]]]}},{"type":"Feature","properties":{"v":133.2},"geometry":{"type":"Polygon","coordinates":[[[-76.75035107613208,4.750021727838794],[-76.700350847418,4.750021727838794],[-76.700350847418,4.800021956552887],[-76.75035107613208,4.800021956552887],[-76.75035107613208,4.750021727838794]]]}},{"type":"Feature","properties":{"v":124.24},"geometry":{"type":"Polygon","coordinates":[[[-76.700350847418,4.750021727838794],[-76.6503506187039,4.750021727838794],[-76.6503506187039,4.800021956552887],[-76.700350847418,4.800021956552887],[-76.700350847418,4.750021727838794]]]}},{"type":"Feature","properties":{"v":111.92},"geometry":{"type":"Polygon","coordinates":[[[-76.6503506187039,4.750021727838794],[-76.6003503899898,4.750021727838794],[-76.6003503899898,4.800021956552887],[-76.6503506187039,4.800021956552887],[-76.6503506187039,4.750021727838794]]]}},{"type":"Feature","properties":{"v":91.15},"geometry":{"type":"Polygon","coordinates":[[[-76.6003503899898,4.750021727838794],[-76.55035016127572,4.750021727838794],[-76.55035016127572,4.800021956552887],[-76.6003503899898,4.800021956552887],[-76.6003503899898,4.750021727838794]]]}},{"type":"Feature","properties":{"v":82.2},"geometry":{"type":"Polygon","coordinates":[[[-76.55035016127572,4.750021727838794],[-76.50034993256162,4.750021727838794],[-76.50034993256162,4.800021956552887],[-76.55035016127572,4.800021956552887],[-76.55035016127572,4.750021727838794]]]}},{"type":"Feature","properties":{"v":67.5},"geometry":{"type":"Polygon","coordinates":[[[-76.50034993256162,4.750021727838794],[-76.45034970384752,4.750021727838794],[-76.45034970384752,4.800021956552887],[-76.50034993256162,4.800021956552887],[-76.50034993256162,4.750021727838794]]]}},{"type":"Feature","properties":{"v":49.44},"geometry":{"type":"Polygon","coordinates":[[[-76.45034970384752,4.750021727838794],[-76.40034947513344,4.750021727838794],[-76.40034947513344,4.800021956552887],[-76.45034970384752,4.800021956552887],[-76.45034970384752,4.750021727838794]]]}},{"type":"Feature","properties":{"v":38.39},"geometry":{"type":"Polygon","coordinates":[[[-76.40034947513344,4.750021727838794],[-76.35034924641934,4.750021727838794],[-76.35034924641934,4.800021956552887],[-76.40034947513344,4.800021956552887],[-76.40034947513344,4.750021727838794]]]}},{"type":"Feature","properties":{"v":34.06},"geometry":{"type":"Polygon","coordinates":[[[-76.35034924641934,4.750021727838794],[-76.30034901770524,4.750021727838794],[-76.30034901770524,4.800021956552887],[-76.35034924641934,4.800021956552887],[-76.35034924641934,4.750021727838794]]]}},{"type":"Feature","properties":{"v":27.01},"geometry":{"type":"Polygon","coordinates":[[[-76.30034901770524,4.750021727838794],[-76.25034878899116,4.750021727838794],[-76.25034878899116,4.800021956552887],[-76.30034901770524,4.800021956552887],[-76.30034901770524,4.750021727838794]]]}},{"type":"Feature","properties":{"v":26.06},"geometry":{"type":"Polygon","coordinates":[[[-76.25034878899116,4.750021727838794],[-76.20034856027706,4.750021727838794],[-76.20034856027706,4.800021956552887],[-76.25034878899116,4.800021956552887],[-76.25034878899116,4.750021727838794]]]}},{"type":"Feature","properties":{"v":22.29},"geometry":{"type":"Polygon","coordinates":[[[-76.20034856027706,4.750021727838794],[-76.15034833156297,4.750021727838794],[-76.15034833156297,4.800021956552887],[-76.20034856027706,4.800021956552887],[-76.20034856027706,4.750021727838794]]]}},{"type":"Feature","properties":{"v":18.93},"geometry":{"type":"Polygon","coordinates":[[[-76.15034833156297,4.750021727838794],[-76.10034810284888,4.750021727838794],[-76.10034810284888,4.800021956552887],[-76.15034833156297,4.800021956552887],[-76.15034833156297,4.750021727838794]]]}},{"type":"Feature","properties":{"v":16.07},"geometry":{"type":"Polygon","coordinates":[[[-76.10034810284888,4.750021727838794],[-76.05034787413479,4.750021727838794],[-76.05034787413479,4.800021956552887],[-76.10034810284888,4.800021956552887],[-76.10034810284888,4.750021727838794]]]}},{"type":"Feature","properties":{"v":14.96},"geometry":{"type":"Polygon","coordinates":[[[-76.05034787413479,4.750021727838794],[-76.00034764542069,4.750021727838794],[-76.00034764542069,4.800021956552887],[-76.05034787413479,4.800021956552887],[-76.05034787413479,4.750021727838794]]]}},{"type":"Feature","properties":{"v":19.04},"geometry":{"type":"Polygon","coordinates":[[[-76.00034764542069,4.750021727838794],[-75.9503474167066,4.750021727838794],[-75.9503474167066,4.800021956552887],[-76.00034764542069,4.800021956552887],[-76.00034764542069,4.750021727838794]]]}},{"type":"Feature","properties":{"v":16.96},"geometry":{"type":"Polygon","coordinates":[[[-75.9503474167066,4.750021727838794],[-75.90034718799251,4.750021727838794],[-75.90034718799251,4.800021956552887],[-75.9503474167066,4.800021956552887],[-75.9503474167066,4.750021727838794]]]}},{"type":"Feature","properties":{"v":18.06},"geometry":{"type":"Polygon","coordinates":[[[-75.90034718799251,4.750021727838794],[-75.85034695927841,4.750021727838794],[-75.85034695927841,4.800021956552887],[-75.90034718799251,4.800021956552887],[-75.90034718799251,4.750021727838794]]]}},{"type":"Feature","properties":{"v":17.07},"geometry":{"type":"Polygon","coordinates":[[[-75.85034695927841,4.750021727838794],[-75.80034673056433,4.750021727838794],[-75.80034673056433,4.800021956552887],[-75.85034695927841,4.800021956552887],[-75.85034695927841,4.750021727838794]]]}},{"type":"Feature","properties":{"v":14.54},"geometry":{"type":"Polygon","coordinates":[[[-75.80034673056433,4.750021727838794],[-75.75034650185023,4.750021727838794],[-75.75034650185023,4.800021956552887],[-75.80034673056433,4.800021956552887],[-75.80034673056433,4.750021727838794]]]}},{"type":"Feature","properties":{"v":19.92},"geometry":{"type":"Polygon","coordinates":[[[-75.75034650185023,4.750021727838794],[-75.70034627313613,4.750021727838794],[-75.70034627313613,4.800021956552887],[-75.75034650185023,4.800021956552887],[-75.75034650185023,4.750021727838794]]]}},{"type":"Feature","properties":{"v":14.4},"geometry":{"type":"Polygon","coordinates":[[[-75.70034627313613,4.750021727838794],[-75.65034604442205,4.750021727838794],[-75.65034604442205,4.800021956552887],[-75.70034627313613,4.800021956552887],[-75.70034627313613,4.750021727838794]]]}},{"type":"Feature","properties":{"v":14.88},"geometry":{"type":"Polygon","coordinates":[[[-75.65034604442205,4.750021727838794],[-75.60034581570795,4.750021727838794],[-75.60034581570795,4.800021956552887],[-75.65034604442205,4.800021956552887],[-75.65034604442205,4.750021727838794]]]}},{"type":"Feature","properties":{"v":6.89},"geometry":{"type":"Polygon","coordinates":[[[-75.60034581570795,4.750021727838794],[-75.55034558699386,4.750021727838794],[-75.55034558699386,4.800021956552887],[-75.60034581570795,4.800021956552887],[-75.60034581570795,4.750021727838794]]]}},{"type":"Feature","properties":{"v":6.9},"geometry":{"type":"Polygon","coordinates":[[[-75.55034558699386,4.750021727838794],[-75.50034535827977,4.750021727838794],[-75.50034535827977,4.800021956552887],[-75.55034558699386,4.800021956552887],[-75.55034558699386,4.750021727838794]]]}},{"type":"Feature","properties":{"v":8.07},"geometry":{"type":"Polygon","coordinates":[[[-75.50034535827977,4.750021727838794],[-75.45034512956568,4.750021727838794],[-75.45034512956568,4.800021956552887],[-75.50034535827977,4.800021956552887],[-75.50034535827977,4.750021727838794]]]}},{"type":"Feature","properties":{"v":7.18},"geometry":{"type":"Polygon","coordinates":[[[-75.45034512956568,4.750021727838794],[-75.40034490085158,4.750021727838794],[-75.40034490085158,4.800021956552887],[-75.45034512956568,4.800021956552887],[-75.45034512956568,4.750021727838794]]]}},{"type":"Feature","properties":{"v":6.28},"geometry":{"type":"Polygon","coordinates":[[[-75.40034490085158,4.750021727838794],[-75.3503446721375,4.750021727838794],[-75.3503446721375,4.800021956552887],[-75.40034490085158,4.800021956552887],[-75.40034490085158,4.750021727838794]]]}},{"type":"Feature","properties":{"v":5.78},"geometry":{"type":"Polygon","coordinates":[[[-75.3503446721375,4.750021727838794],[-75.3003444434234,4.750021727838794],[-75.3003444434234,4.800021956552887],[-75.3503446721375,4.800021956552887],[-75.3503446721375,4.750021727838794]]]}},{"type":"Feature","properties":{"v":5.54},"geometry":{"type":"Polygon","coordinates":[[[-75.3003444434234,4.750021727838794],[-75.2503442147093,4.750021727838794],[-75.2503442147093,4.800021956552887],[-75.3003444434234,4.800021956552887],[-75.3003444434234,4.750021727838794]]]}},{"type":"Feature","properties":{"v":5.33},"geometry":{"type":"Polygon","coordinates":[[[-75.2503442147093,4.750021727838794],[-75.20034398599522,4.750021727838794],[-75.20034398599522,4.800021956552887],[-75.2503442147093,4.800021956552887],[-75.2503442147093,4.750021727838794]]]}},{"type":"Feature","properties":{"v":4.81},"geometry":{"type":"Polygon","coordinates":[[[-75.20034398599522,4.750021727838794],[-75.15034375728112,4.750021727838794],[-75.15034375728112,4.800021956552887],[-75.20034398599522,4.800021956552887],[-75.20034398599522,4.750021727838794]]]}},{"type":"Feature","properties":{"v":4.01},"geometry":{"type":"Polygon","coordinates":[[[-75.15034375728112,4.750021727838794],[-75.10034352856702,4.750021727838794],[-75.10034352856702,4.800021956552887],[-75.15034375728112,4.800021956552887],[-75.15034375728112,4.750021727838794]]]}},{"type":"Feature","properties":{"v":153.41},"geometry":{"type":"Polygon","coordinates":[[[-77.35035382070119,4.700021499124701],[-77.3003535919871,4.700021499124701],[-77.3003535919871,4.750021727838794],[-77.35035382070119,4.750021727838794],[-77.35035382070119,4.700021499124701]]]}},{"type":"Feature","properties":{"v":163.92},"geometry":{"type":"Polygon","coordinates":[[[-77.3003535919871,4.700021499124701],[-77.250353363273,4.700021499124701],[-77.250353363273,4.750021727838794],[-77.3003535919871,4.750021727838794],[-77.3003535919871,4.700021499124701]]]}},{"type":"Feature","properties":{"v":169.58},"geometry":{"type":"Polygon","coordinates":[[[-77.250353363273,4.700021499124701],[-77.20035313455891,4.700021499124701],[-77.20035313455891,4.750021727838794],[-77.250353363273,4.750021727838794],[-77.250353363273,4.700021499124701]]]}},{"type":"Feature","properties":{"v":171.58},"geometry":{"type":"Polygon","coordinates":[[[-77.20035313455891,4.700021499124701],[-77.15035290584483,4.700021499124701],[-77.15035290584483,4.750021727838794],[-77.20035313455891,4.750021727838794],[-77.20035313455891,4.700021499124701]]]}},{"type":"Feature","properties":{"v":161.99},"geometry":{"type":"Polygon","coordinates":[[[-77.15035290584483,4.700021499124701],[-77.10035267713073,4.700021499124701],[-77.10035267713073,4.750021727838794],[-77.15035290584483,4.750021727838794],[-77.15035290584483,4.700021499124701]]]}},{"type":"Feature","properties":{"v":150.86},"geometry":{"type":"Polygon","coordinates":[[[-77.10035267713073,4.700021499124701],[-77.05035244841663,4.700021499124701],[-77.05035244841663,4.750021727838794],[-77.10035267713073,4.750021727838794],[-77.10035267713073,4.700021499124701]]]}},{"type":"Feature","properties":{"v":146.19},"geometry":{"type":"Polygon","coordinates":[[[-77.05035244841663,4.700021499124701],[-77.00035221970255,4.700021499124701],[-77.00035221970255,4.750021727838794],[-77.05035244841663,4.750021727838794],[-77.05035244841663,4.700021499124701]]]}},{"type":"Feature","properties":{"v":149.86},"geometry":{"type":"Polygon","coordinates":[[[-77.00035221970255,4.700021499124701],[-76.95035199098845,4.700021499124701],[-76.95035199098845,4.750021727838794],[-77.00035221970255,4.750021727838794],[-77.00035221970255,4.700021499124701]]]}},{"type":"Feature","properties":{"v":139.28},"geometry":{"type":"Polygon","coordinates":[[[-76.95035199098845,4.700021499124701],[-76.90035176227435,4.700021499124701],[-76.90035176227435,4.750021727838794],[-76.95035199098845,4.750021727838794],[-76.95035199098845,4.700021499124701]]]}},{"type":"Feature","properties":{"v":134.78},"geometry":{"type":"Polygon","coordinates":[[[-76.90035176227435,4.700021499124701],[-76.85035153356027,4.700021499124701],[-76.85035153356027,4.750021727838794],[-76.90035176227435,4.750021727838794],[-76.90035176227435,4.700021499124701]]]}},{"type":"Feature","properties":{"v":128.28},"geometry":{"type":"Polygon","coordinates":[[[-76.85035153356027,4.700021499124701],[-76.80035130484617,4.700021499124701],[-76.80035130484617,4.750021727838794],[-76.85035153356027,4.750021727838794],[-76.85035153356027,4.700021499124701]]]}},{"type":"Feature","properties":{"v":126.79},"geometry":{"type":"Polygon","coordinates":[[[-76.80035130484617,4.700021499124701],[-76.75035107613208,4.700021499124701],[-76.75035107613208,4.750021727838794],[-76.80035130484617,4.750021727838794],[-76.80035130484617,4.700021499124701]]]}},{"type":"Feature","properties":{"v":129.75},"geometry":{"type":"Polygon","coordinates":[[[-76.75035107613208,4.700021499124701],[-76.700350847418,4.700021499124701],[-76.700350847418,4.750021727838794],[-76.75035107613208,4.750021727838794],[-76.75035107613208,4.700021499124701]]]}},{"type":"Feature","properties":{"v":125.86},"geometry":{"type":"Polygon","coordinates":[[[-76.700350847418,4.700021499124701],[-76.6503506187039,4.700021499124701],[-76.6503506187039,4.750021727838794],[-76.700350847418,4.750021727838794],[-76.700350847418,4.700021499124701]]]}},{"type":"Feature","properties":{"v":110.8},"geometry":{"type":"Polygon","coordinates":[[[-76.6503506187039,4.700021499124701],[-76.6003503899898,4.700021499124701],[-76.6003503899898,4.750021727838794],[-76.6503506187039,4.750021727838794],[-76.6503506187039,4.700021499124701]]]}},{"type":"Feature","properties":{"v":96.35},"geometry":{"type":"Polygon","coordinates":[[[-76.6003503899898,4.700021499124701],[-76.55035016127572,4.700021499124701],[-76.55035016127572,4.750021727838794],[-76.6003503899898,4.750021727838794],[-76.6003503899898,4.700021499124701]]]}},{"type":"Feature","properties":{"v":84.13},"geometry":{"type":"Polygon","coordinates":[[[-76.55035016127572,4.700021499124701],[-76.50034993256162,4.700021499124701],[-76.50034993256162,4.750021727838794],[-76.55035016127572,4.750021727838794],[-76.55035016127572,4.700021499124701]]]}},{"type":"Feature","properties":{"v":68.05},"geometry":{"type":"Polygon","coordinates":[[[-76.50034993256162,4.700021499124701],[-76.45034970384752,4.700021499124701],[-76.45034970384752,4.750021727838794],[-76.50034993256162,4.750021727838794],[-76.50034993256162,4.700021499124701]]]}},{"type":"Feature","properties":{"v":51.69},"geometry":{"type":"Polygon","coordinates":[[[-76.45034970384752,4.700021499124701],[-76.40034947513344,4.700021499124701],[-76.40034947513344,4.750021727838794],[-76.45034970384752,4.750021727838794],[-76.45034970384752,4.700021499124701]]]}},{"type":"Feature","properties":{"v":38.94},"geometry":{"type":"Polygon","coordinates":[[[-76.40034947513344,4.700021499124701],[-76.35034924641934,4.700021499124701],[-76.35034924641934,4.750021727838794],[-76.40034947513344,4.750021727838794],[-76.40034947513344,4.700021499124701]]]}},{"type":"Feature","properties":{"v":31.78},"geometry":{"type":"Polygon","coordinates":[[[-76.35034924641934,4.700021499124701],[-76.30034901770524,4.700021499124701],[-76.30034901770524,4.750021727838794],[-76.35034924641934,4.750021727838794],[-76.35034924641934,4.700021499124701]]]}},{"type":"Feature","properties":{"v":27.83},"geometry":{"type":"Polygon","coordinates":[[[-76.30034901770524,4.700021499124701],[-76.25034878899116,4.700021499124701],[-76.25034878899116,4.750021727838794],[-76.30034901770524,4.750021727838794],[-76.30034901770524,4.700021499124701]]]}},{"type":"Feature","properties":{"v":26.85},"geometry":{"type":"Polygon","coordinates":[[[-76.25034878899116,4.700021499124701],[-76.20034856027706,4.700021499124701],[-76.20034856027706,4.750021727838794],[-76.25034878899116,4.750021727838794],[-76.25034878899116,4.700021499124701]]]}},{"type":"Feature","properties":{"v":22.11},"geometry":{"type":"Polygon","coordinates":[[[-76.20034856027706,4.700021499124701],[-76.15034833156297,4.700021499124701],[-76.15034833156297,4.750021727838794],[-76.20034856027706,4.750021727838794],[-76.20034856027706,4.700021499124701]]]}},{"type":"Feature","properties":{"v":18.99},"geometry":{"type":"Polygon","coordinates":[[[-76.15034833156297,4.700021499124701],[-76.10034810284888,4.700021499124701],[-76.10034810284888,4.750021727838794],[-76.15034833156297,4.750021727838794],[-76.15034833156297,4.700021499124701]]]}},{"type":"Feature","properties":{"v":15.23},"geometry":{"type":"Polygon","coordinates":[[[-76.10034810284888,4.700021499124701],[-76.05034787413479,4.700021499124701],[-76.05034787413479,4.750021727838794],[-76.10034810284888,4.750021727838794],[-76.10034810284888,4.700021499124701]]]}},{"type":"Feature","properties":{"v":14.91},"geometry":{"type":"Polygon","coordinates":[[[-76.05034787413479,4.700021499124701],[-76.00034764542069,4.700021499124701],[-76.00034764542069,4.750021727838794],[-76.05034787413479,4.750021727838794],[-76.05034787413479,4.700021499124701]]]}},{"type":"Feature","properties":{"v":16.01},"geometry":{"type":"Polygon","coordinates":[[[-76.00034764542069,4.700021499124701],[-75.9503474167066,4.700021499124701],[-75.9503474167066,4.750021727838794],[-76.00034764542069,4.750021727838794],[-76.00034764542069,4.700021499124701]]]}},{"type":"Feature","properties":{"v":15.3},"geometry":{"type":"Polygon","coordinates":[[[-75.9503474167066,4.700021499124701],[-75.90034718799251,4.700021499124701],[-75.90034718799251,4.750021727838794],[-75.9503474167066,4.750021727838794],[-75.9503474167066,4.700021499124701]]]}},{"type":"Feature","properties":{"v":17.2},"geometry":{"type":"Polygon","coordinates":[[[-75.90034718799251,4.700021499124701],[-75.85034695927841,4.700021499124701],[-75.85034695927841,4.750021727838794],[-75.90034718799251,4.750021727838794],[-75.90034718799251,4.700021499124701]]]}},{"type":"Feature","properties":{"v":14.92},"geometry":{"type":"Polygon","coordinates":[[[-75.85034695927841,4.700021499124701],[-75.80034673056433,4.700021499124701],[-75.80034673056433,4.750021727838794],[-75.85034695927841,4.750021727838794],[-75.85034695927841,4.700021499124701]]]}},{"type":"Feature","properties":{"v":13.6},"geometry":{"type":"Polygon","coordinates":[[[-75.80034673056433,4.700021499124701],[-75.75034650185023,4.700021499124701],[-75.75034650185023,4.750021727838794],[-75.80034673056433,4.750021727838794],[-75.80034673056433,4.700021499124701]]]}},{"type":"Feature","properties":{"v":15.54},"geometry":{"type":"Polygon","coordinates":[[[-75.75034650185023,4.700021499124701],[-75.70034627313613,4.700021499124701],[-75.70034627313613,4.750021727838794],[-75.75034650185023,4.750021727838794],[-75.75034650185023,4.700021499124701]]]}},{"type":"Feature","properties":{"v":11.68},"geometry":{"type":"Polygon","coordinates":[[[-75.70034627313613,4.700021499124701],[-75.65034604442205,4.700021499124701],[-75.65034604442205,4.750021727838794],[-75.70034627313613,4.750021727838794],[-75.70034627313613,4.700021499124701]]]}},{"type":"Feature","properties":{"v":6.4},"geometry":{"type":"Polygon","coordinates":[[[-75.65034604442205,4.700021499124701],[-75.60034581570795,4.700021499124701],[-75.60034581570795,4.750021727838794],[-75.65034604442205,4.750021727838794],[-75.65034604442205,4.700021499124701]]]}},{"type":"Feature","properties":{"v":6.04},"geometry":{"type":"Polygon","coordinates":[[[-75.60034581570795,4.700021499124701],[-75.55034558699386,4.700021499124701],[-75.55034558699386,4.750021727838794],[-75.60034581570795,4.750021727838794],[-75.60034581570795,4.700021499124701]]]}},{"type":"Feature","properties":{"v":6.39},"geometry":{"type":"Polygon","coordinates":[[[-75.55034558699386,4.700021499124701],[-75.50034535827977,4.700021499124701],[-75.50034535827977,4.750021727838794],[-75.55034558699386,4.750021727838794],[-75.55034558699386,4.700021499124701]]]}},{"type":"Feature","properties":{"v":7.25},"geometry":{"type":"Polygon","coordinates":[[[-75.50034535827977,4.700021499124701],[-75.45034512956568,4.700021499124701],[-75.45034512956568,4.750021727838794],[-75.50034535827977,4.750021727838794],[-75.50034535827977,4.700021499124701]]]}},{"type":"Feature","properties":{"v":6.73},"geometry":{"type":"Polygon","coordinates":[[[-75.45034512956568,4.700021499124701],[-75.40034490085158,4.700021499124701],[-75.40034490085158,4.750021727838794],[-75.45034512956568,4.750021727838794],[-75.45034512956568,4.700021499124701]]]}},{"type":"Feature","properties":{"v":6.23},"geometry":{"type":"Polygon","coordinates":[[[-75.40034490085158,4.700021499124701],[-75.3503446721375,4.700021499124701],[-75.3503446721375,4.750021727838794],[-75.40034490085158,4.750021727838794],[-75.40034490085158,4.700021499124701]]]}},{"type":"Feature","properties":{"v":6.0},"geometry":{"type":"Polygon","coordinates":[[[-75.3503446721375,4.700021499124701],[-75.3003444434234,4.700021499124701],[-75.3003444434234,4.750021727838794],[-75.3503446721375,4.750021727838794],[-75.3503446721375,4.700021499124701]]]}},{"type":"Feature","properties":{"v":5.46},"geometry":{"type":"Polygon","coordinates":[[[-75.3003444434234,4.700021499124701],[-75.2503442147093,4.700021499124701],[-75.2503442147093,4.750021727838794],[-75.3003444434234,4.750021727838794],[-75.3003444434234,4.700021499124701]]]}},{"type":"Feature","properties":{"v":5.11},"geometry":{"type":"Polygon","coordinates":[[[-75.2503442147093,4.700021499124701],[-75.20034398599522,4.700021499124701],[-75.20034398599522,4.750021727838794],[-75.2503442147093,4.750021727838794],[-75.2503442147093,4.700021499124701]]]}},{"type":"Feature","properties":{"v":4.32},"geometry":{"type":"Polygon","coordinates":[[[-75.20034398599522,4.700021499124701],[-75.15034375728112,4.700021499124701],[-75.15034375728112,4.750021727838794],[-75.20034398599522,4.750021727838794],[-75.20034398599522,4.700021499124701]]]}},{"type":"Feature","properties":{"v":3.74},"geometry":{"type":"Polygon","coordinates":[[[-75.15034375728112,4.700021499124701],[-75.10034352856702,4.700021499124701],[-75.10034352856702,4.750021727838794],[-75.15034375728112,4.750021727838794],[-75.15034375728112,4.700021499124701]]]}},{"type":"Feature","properties":{"v":147.11},"geometry":{"type":"Polygon","coordinates":[[[-77.35035382070119,4.650021270410609],[-77.3003535919871,4.650021270410609],[-77.3003535919871,4.700021499124701],[-77.35035382070119,4.700021499124701],[-77.35035382070119,4.650021270410609]]]}},{"type":"Feature","properties":{"v":155.12},"geometry":{"type":"Polygon","coordinates":[[[-77.3003535919871,4.650021270410609],[-77.250353363273,4.650021270410609],[-77.250353363273,4.700021499124701],[-77.3003535919871,4.700021499124701],[-77.3003535919871,4.650021270410609]]]}},{"type":"Feature","properties":{"v":157.77},"geometry":{"type":"Polygon","coordinates":[[[-77.250353363273,4.650021270410609],[-77.20035313455891,4.650021270410609],[-77.20035313455891,4.700021499124701],[-77.250353363273,4.700021499124701],[-77.250353363273,4.650021270410609]]]}},{"type":"Feature","properties":{"v":151.63},"geometry":{"type":"Polygon","coordinates":[[[-77.20035313455891,4.650021270410609],[-77.15035290584483,4.650021270410609],[-77.15035290584483,4.700021499124701],[-77.20035313455891,4.700021499124701],[-77.20035313455891,4.650021270410609]]]}},{"type":"Feature","properties":{"v":149.3},"geometry":{"type":"Polygon","coordinates":[[[-77.15035290584483,4.650021270410609],[-77.10035267713073,4.650021270410609],[-77.10035267713073,4.700021499124701],[-77.15035290584483,4.700021499124701],[-77.15035290584483,4.650021270410609]]]}},{"type":"Feature","properties":{"v":147.37},"geometry":{"type":"Polygon","coordinates":[[[-77.10035267713073,4.650021270410609],[-77.05035244841663,4.650021270410609],[-77.05035244841663,4.700021499124701],[-77.10035267713073,4.700021499124701],[-77.10035267713073,4.650021270410609]]]}},{"type":"Feature","properties":{"v":138.88},"geometry":{"type":"Polygon","coordinates":[[[-77.05035244841663,4.650021270410609],[-77.00035221970255,4.650021270410609],[-77.00035221970255,4.700021499124701],[-77.05035244841663,4.700021499124701],[-77.05035244841663,4.650021270410609]]]}},{"type":"Feature","properties":{"v":140.34},"geometry":{"type":"Polygon","coordinates":[[[-77.00035221970255,4.650021270410609],[-76.95035199098845,4.650021270410609],[-76.95035199098845,4.700021499124701],[-77.00035221970255,4.700021499124701],[-77.00035221970255,4.650021270410609]]]}},{"type":"Feature","properties":{"v":134.35},"geometry":{"type":"Polygon","coordinates":[[[-76.95035199098845,4.650021270410609],[-76.90035176227435,4.650021270410609],[-76.90035176227435,4.700021499124701],[-76.95035199098845,4.700021499124701],[-76.95035199098845,4.650021270410609]]]}},{"type":"Feature","properties":{"v":127.38},"geometry":{"type":"Polygon","coordinates":[[[-76.90035176227435,4.650021270410609],[-76.85035153356027,4.650021270410609],[-76.85035153356027,4.700021499124701],[-76.90035176227435,4.700021499124701],[-76.90035176227435,4.650021270410609]]]}},{"type":"Feature","properties":{"v":125.87},"geometry":{"type":"Polygon","coordinates":[[[-76.85035153356027,4.650021270410609],[-76.80035130484617,4.650021270410609],[-76.80035130484617,4.700021499124701],[-76.85035153356027,4.700021499124701],[-76.85035153356027,4.650021270410609]]]}},{"type":"Feature","properties":{"v":121.48},"geometry":{"type":"Polygon","coordinates":[[[-76.80035130484617,4.650021270410609],[-76.75035107613208,4.650021270410609],[-76.75035107613208,4.700021499124701],[-76.80035130484617,4.700021499124701],[-76.80035130484617,4.650021270410609]]]}},{"type":"Feature","properties":{"v":119.93},"geometry":{"type":"Polygon","coordinates":[[[-76.75035107613208,4.650021270410609],[-76.700350847418,4.650021270410609],[-76.700350847418,4.700021499124701],[-76.75035107613208,4.700021499124701],[-76.75035107613208,4.650021270410609]]]}},{"type":"Feature","properties":{"v":112.87},"geometry":{"type":"Polygon","coordinates":[[[-76.700350847418,4.650021270410609],[-76.6503506187039,4.650021270410609],[-76.6503506187039,4.700021499124701],[-76.700350847418,4.700021499124701],[-76.700350847418,4.650021270410609]]]}},{"type":"Feature","properties":{"v":107.5},"geometry":{"type":"Polygon","coordinates":[[[-76.6503506187039,4.650021270410609],[-76.6003503899898,4.650021270410609],[-76.6003503899898,4.700021499124701],[-76.6503506187039,4.700021499124701],[-76.6503506187039,4.650021270410609]]]}},{"type":"Feature","properties":{"v":87.04},"geometry":{"type":"Polygon","coordinates":[[[-76.6003503899898,4.650021270410609],[-76.55035016127572,4.650021270410609],[-76.55035016127572,4.700021499124701],[-76.6003503899898,4.700021499124701],[-76.6003503899898,4.650021270410609]]]}},{"type":"Feature","properties":{"v":83.27},"geometry":{"type":"Polygon","coordinates":[[[-76.55035016127572,4.650021270410609],[-76.50034993256162,4.650021270410609],[-76.50034993256162,4.700021499124701],[-76.55035016127572,4.700021499124701],[-76.55035016127572,4.650021270410609]]]}},{"type":"Feature","properties":{"v":61.77},"geometry":{"type":"Polygon","coordinates":[[[-76.50034993256162,4.650021270410609],[-76.45034970384752,4.650021270410609],[-76.45034970384752,4.700021499124701],[-76.50034993256162,4.700021499124701],[-76.50034993256162,4.650021270410609]]]}},{"type":"Feature","properties":{"v":49.29},"geometry":{"type":"Polygon","coordinates":[[[-76.45034970384752,4.650021270410609],[-76.40034947513344,4.650021270410609],[-76.40034947513344,4.700021499124701],[-76.45034970384752,4.700021499124701],[-76.45034970384752,4.650021270410609]]]}},{"type":"Feature","properties":{"v":36.72},"geometry":{"type":"Polygon","coordinates":[[[-76.40034947513344,4.650021270410609],[-76.35034924641934,4.650021270410609],[-76.35034924641934,4.700021499124701],[-76.40034947513344,4.700021499124701],[-76.40034947513344,4.650021270410609]]]}},{"type":"Feature","properties":{"v":32.02},"geometry":{"type":"Polygon","coordinates":[[[-76.35034924641934,4.650021270410609],[-76.30034901770524,4.650021270410609],[-76.30034901770524,4.700021499124701],[-76.35034924641934,4.700021499124701],[-76.35034924641934,4.650021270410609]]]}},{"type":"Feature","properties":{"v":25.33},"geometry":{"type":"Polygon","coordinates":[[[-76.30034901770524,4.650021270410609],[-76.25034878899116,4.650021270410609],[-76.25034878899116,4.700021499124701],[-76.30034901770524,4.700021499124701],[-76.30034901770524,4.650021270410609]]]}},{"type":"Feature","properties":{"v":24.51},"geometry":{"type":"Polygon","coordinates":[[[-76.25034878899116,4.650021270410609],[-76.20034856027706,4.650021270410609],[-76.20034856027706,4.700021499124701],[-76.25034878899116,4.700021499124701],[-76.25034878899116,4.650021270410609]]]}},{"type":"Feature","properties":{"v":20.09},"geometry":{"type":"Polygon","coordinates":[[[-76.20034856027706,4.650021270410609],[-76.15034833156297,4.650021270410609],[-76.15034833156297,4.700021499124701],[-76.20034856027706,4.700021499124701],[-76.20034856027706,4.650021270410609]]]}},{"type":"Feature","properties":{"v":17.81},"geometry":{"type":"Polygon","coordinates":[[[-76.15034833156297,4.650021270410609],[-76.10034810284888,4.650021270410609],[-76.10034810284888,4.700021499124701],[-76.15034833156297,4.700021499124701],[-76.15034833156297,4.650021270410609]]]}},{"type":"Feature","properties":{"v":15.45},"geometry":{"type":"Polygon","coordinates":[[[-76.10034810284888,4.650021270410609],[-76.05034787413479,4.650021270410609],[-76.05034787413479,4.700021499124701],[-76.10034810284888,4.700021499124701],[-76.10034810284888,4.650021270410609]]]}},{"type":"Feature","properties":{"v":13.3},"geometry":{"type":"Polygon","coordinates":[[[-76.05034787413479,4.650021270410609],[-76.00034764542069,4.650021270410609],[-76.00034764542069,4.700021499124701],[-76.05034787413479,4.700021499124701],[-76.05034787413479,4.650021270410609]]]}},{"type":"Feature","properties":{"v":16.02},"geometry":{"type":"Polygon","coordinates":[[[-76.00034764542069,4.650021270410609],[-75.9503474167066,4.650021270410609],[-75.9503474167066,4.700021499124701],[-76.00034764542069,4.700021499124701],[-76.00034764542069,4.650021270410609]]]}},{"type":"Feature","properties":{"v":14.01},"geometry":{"type":"Polygon","coordinates":[[[-75.9503474167066,4.650021270410609],[-75.90034718799251,4.650021270410609],[-75.90034718799251,4.700021499124701],[-75.9503474167066,4.700021499124701],[-75.9503474167066,4.650021270410609]]]}},{"type":"Feature","properties":{"v":14.76},"geometry":{"type":"Polygon","coordinates":[[[-75.90034718799251,4.650021270410609],[-75.85034695927841,4.650021270410609],[-75.85034695927841,4.700021499124701],[-75.90034718799251,4.700021499124701],[-75.90034718799251,4.650021270410609]]]}},{"type":"Feature","properties":{"v":13.68},"geometry":{"type":"Polygon","coordinates":[[[-75.85034695927841,4.650021270410609],[-75.80034673056433,4.650021270410609],[-75.80034673056433,4.700021499124701],[-75.85034695927841,4.700021499124701],[-75.85034695927841,4.650021270410609]]]}},{"type":"Feature","properties":{"v":12.38},"geometry":{"type":"Polygon","coordinates":[[[-75.80034673056433,4.650021270410609],[-75.75034650185023,4.650021270410609],[-75.75034650185023,4.700021499124701],[-75.80034673056433,4.700021499124701],[-75.80034673056433,4.650021270410609]]]}},{"type":"Feature","properties":{"v":13.28},"geometry":{"type":"Polygon","coordinates":[[[-75.75034650185023,4.650021270410609],[-75.70034627313613,4.650021270410609],[-75.70034627313613,4.700021499124701],[-75.75034650185023,4.700021499124701],[-75.75034650185023,4.650021270410609]]]}},{"type":"Feature","properties":{"v":12.68},"geometry":{"type":"Polygon","coordinates":[[[-75.70034627313613,4.650021270410609],[-75.65034604442205,4.650021270410609],[-75.65034604442205,4.700021499124701],[-75.70034627313613,4.700021499124701],[-75.70034627313613,4.650021270410609]]]}},{"type":"Feature","properties":{"v":5.85},"geometry":{"type":"Polygon","coordinates":[[[-75.65034604442205,4.650021270410609],[-75.60034581570795,4.650021270410609],[-75.60034581570795,4.700021499124701],[-75.65034604442205,4.700021499124701],[-75.65034604442205,4.650021270410609]]]}},{"type":"Feature","properties":{"v":5.59},"geometry":{"type":"Polygon","coordinates":[[[-75.60034581570795,4.650021270410609],[-75.55034558699386,4.650021270410609],[-75.55034558699386,4.700021499124701],[-75.60034581570795,4.700021499124701],[-75.60034581570795,4.650021270410609]]]}},{"type":"Feature","properties":{"v":5.39},"geometry":{"type":"Polygon","coordinates":[[[-75.55034558699386,4.650021270410609],[-75.50034535827977,4.650021270410609],[-75.50034535827977,4.700021499124701],[-75.55034558699386,4.700021499124701],[-75.55034558699386,4.650021270410609]]]}},{"type":"Feature","properties":{"v":6.36},"geometry":{"type":"Polygon","coordinates":[[[-75.50034535827977,4.650021270410609],[-75.45034512956568,4.650021270410609],[-75.45034512956568,4.700021499124701],[-75.50034535827977,4.700021499124701],[-75.50034535827977,4.650021270410609]]]}},{"type":"Feature","properties":{"v":5.82},"geometry":{"type":"Polygon","coordinates":[[[-75.45034512956568,4.650021270410609],[-75.40034490085158,4.650021270410609],[-75.40034490085158,4.700021499124701],[-75.45034512956568,4.700021499124701],[-75.45034512956568,4.650021270410609]]]}},{"type":"Feature","properties":{"v":5.11},"geometry":{"type":"Polygon","coordinates":[[[-75.40034490085158,4.650021270410609],[-75.3503446721375,4.650021270410609],[-75.3503446721375,4.700021499124701],[-75.40034490085158,4.700021499124701],[-75.40034490085158,4.650021270410609]]]}},{"type":"Feature","properties":{"v":5.12},"geometry":{"type":"Polygon","coordinates":[[[-75.3503446721375,4.650021270410609],[-75.3003444434234,4.650021270410609],[-75.3003444434234,4.700021499124701],[-75.3503446721375,4.700021499124701],[-75.3503446721375,4.650021270410609]]]}},{"type":"Feature","properties":{"v":4.93},"geometry":{"type":"Polygon","coordinates":[[[-75.3003444434234,4.650021270410609],[-75.2503442147093,4.650021270410609],[-75.2503442147093,4.700021499124701],[-75.3003444434234,4.700021499124701],[-75.3003444434234,4.650021270410609]]]}},{"type":"Feature","properties":{"v":4.74},"geometry":{"type":"Polygon","coordinates":[[[-75.2503442147093,4.650021270410609],[-75.20034398599522,4.650021270410609],[-75.20034398599522,4.700021499124701],[-75.2503442147093,4.700021499124701],[-75.2503442147093,4.650021270410609]]]}},{"type":"Feature","properties":{"v":4.54},"geometry":{"type":"Polygon","coordinates":[[[-75.20034398599522,4.650021270410609],[-75.15034375728112,4.650021270410609],[-75.15034375728112,4.700021499124701],[-75.20034398599522,4.700021499124701],[-75.20034398599522,4.650021270410609]]]}},{"type":"Feature","properties":{"v":4.01},"geometry":{"type":"Polygon","coordinates":[[[-75.15034375728112,4.650021270410609],[-75.10034352856702,4.650021270410609],[-75.10034352856702,4.700021499124701],[-75.15034375728112,4.700021499124701],[-75.15034375728112,4.650021270410609]]]}},{"type":"Feature","properties":{"v":140.62},"geometry":{"type":"Polygon","coordinates":[[[-77.35035382070119,4.600021041696516],[-77.3003535919871,4.600021041696516],[-77.3003535919871,4.650021270410609],[-77.35035382070119,4.650021270410609],[-77.35035382070119,4.600021041696516]]]}},{"type":"Feature","properties":{"v":144.2},"geometry":{"type":"Polygon","coordinates":[[[-77.3003535919871,4.600021041696516],[-77.250353363273,4.600021041696516],[-77.250353363273,4.650021270410609],[-77.3003535919871,4.650021270410609],[-77.3003535919871,4.600021041696516]]]}},{"type":"Feature","properties":{"v":147.79},"geometry":{"type":"Polygon","coordinates":[[[-77.250353363273,4.600021041696516],[-77.20035313455891,4.600021041696516],[-77.20035313455891,4.650021270410609],[-77.250353363273,4.650021270410609],[-77.250353363273,4.600021041696516]]]}},{"type":"Feature","properties":{"v":142.06},"geometry":{"type":"Polygon","coordinates":[[[-77.20035313455891,4.600021041696516],[-77.15035290584483,4.600021041696516],[-77.15035290584483,4.650021270410609],[-77.20035313455891,4.650021270410609],[-77.20035313455891,4.600021041696516]]]}},{"type":"Feature","properties":{"v":141.09},"geometry":{"type":"Polygon","coordinates":[[[-77.15035290584483,4.600021041696516],[-77.10035267713073,4.600021041696516],[-77.10035267713073,4.650021270410609],[-77.15035290584483,4.650021270410609],[-77.15035290584483,4.600021041696516]]]}},{"type":"Feature","properties":{"v":138.32},"geometry":{"type":"Polygon","coordinates":[[[-77.10035267713073,4.600021041696516],[-77.05035244841663,4.600021041696516],[-77.05035244841663,4.650021270410609],[-77.10035267713073,4.650021270410609],[-77.10035267713073,4.600021041696516]]]}},{"type":"Feature","properties":{"v":135.28},"geometry":{"type":"Polygon","coordinates":[[[-77.05035244841663,4.600021041696516],[-77.00035221970255,4.600021041696516],[-77.00035221970255,4.650021270410609],[-77.05035244841663,4.650021270410609],[-77.05035244841663,4.600021041696516]]]}},{"type":"Feature","properties":{"v":133.69},"geometry":{"type":"Polygon","coordinates":[[[-77.00035221970255,4.600021041696516],[-76.95035199098845,4.600021041696516],[-76.95035199098845,4.650021270410609],[-77.00035221970255,4.650021270410609],[-77.00035221970255,4.600021041696516]]]}},{"type":"Feature","properties":{"v":128.89},"geometry":{"type":"Polygon","coordinates":[[[-76.95035199098845,4.600021041696516],[-76.90035176227435,4.600021041696516],[-76.90035176227435,4.650021270410609],[-76.95035199098845,4.650021270410609],[-76.95035199098845,4.600021041696516]]]}},{"type":"Feature","properties":{"v":123.79},"geometry":{"type":"Polygon","coordinates":[[[-76.90035176227435,4.600021041696516],[-76.85035153356027,4.600021041696516],[-76.85035153356027,4.650021270410609],[-76.90035176227435,4.650021270410609],[-76.90035176227435,4.600021041696516]]]}},{"type":"Feature","properties":{"v":122.13},"geometry":{"type":"Polygon","coordinates":[[[-76.85035153356027,4.600021041696516],[-76.80035130484617,4.600021041696516],[-76.80035130484617,4.650021270410609],[-76.85035153356027,4.650021270410609],[-76.85035153356027,4.600021041696516]]]}},{"type":"Feature","properties":{"v":114.79},"geometry":{"type":"Polygon","coordinates":[[[-76.80035130484617,4.600021041696516],[-76.75035107613208,4.600021041696516],[-76.75035107613208,4.650021270410609],[-76.80035130484617,4.650021270410609],[-76.80035130484617,4.600021041696516]]]}},{"type":"Feature","properties":{"v":110.34},"geometry":{"type":"Polygon","coordinates":[[[-76.75035107613208,4.600021041696516],[-76.700350847418,4.600021041696516],[-76.700350847418,4.650021270410609],[-76.75035107613208,4.650021270410609],[-76.75035107613208,4.600021041696516]]]}},{"type":"Feature","properties":{"v":106.39},"geometry":{"type":"Polygon","coordinates":[[[-76.700350847418,4.600021041696516],[-76.6503506187039,4.600021041696516],[-76.6503506187039,4.650021270410609],[-76.700350847418,4.650021270410609],[-76.700350847418,4.600021041696516]]]}},{"type":"Feature","properties":{"v":93.85},"geometry":{"type":"Polygon","coordinates":[[[-76.6503506187039,4.600021041696516],[-76.6003503899898,4.600021041696516],[-76.6003503899898,4.650021270410609],[-76.6503506187039,4.650021270410609],[-76.6503506187039,4.600021041696516]]]}},{"type":"Feature","properties":{"v":80.41},"geometry":{"type":"Polygon","coordinates":[[[-76.6003503899898,4.600021041696516],[-76.55035016127572,4.600021041696516],[-76.55035016127572,4.650021270410609],[-76.6003503899898,4.650021270410609],[-76.6003503899898,4.600021041696516]]]}},{"type":"Feature","properties":{"v":74.14},"geometry":{"type":"Polygon","coordinates":[[[-76.55035016127572,4.600021041696516],[-76.50034993256162,4.600021041696516],[-76.50034993256162,4.650021270410609],[-76.55035016127572,4.650021270410609],[-76.55035016127572,4.600021041696516]]]}},{"type":"Feature","properties":{"v":58.02},"geometry":{"type":"Polygon","coordinates":[[[-76.50034993256162,4.600021041696516],[-76.45034970384752,4.600021041696516],[-76.45034970384752,4.650021270410609],[-76.50034993256162,4.650021270410609],[-76.50034993256162,4.600021041696516]]]}},{"type":"Feature","properties":{"v":45.09},"geometry":{"type":"Polygon","coordinates":[[[-76.45034970384752,4.600021041696516],[-76.40034947513344,4.600021041696516],[-76.40034947513344,4.650021270410609],[-76.45034970384752,4.650021270410609],[-76.45034970384752,4.600021041696516]]]}},{"type":"Feature","properties":{"v":34.35},"geometry":{"type":"Polygon","coordinates":[[[-76.40034947513344,4.600021041696516],[-76.35034924641934,4.600021041696516],[-76.35034924641934,4.650021270410609],[-76.40034947513344,4.650021270410609],[-76.40034947513344,4.600021041696516]]]}},{"type":"Feature","properties":{"v":28.89},"geometry":{"type":"Polygon","coordinates":[[[-76.35034924641934,4.600021041696516],[-76.30034901770524,4.600021041696516],[-76.30034901770524,4.650021270410609],[-76.35034924641934,4.650021270410609],[-76.35034924641934,4.600021041696516]]]}},{"type":"Feature","properties":{"v":23.56},"geometry":{"type":"Polygon","coordinates":[[[-76.30034901770524,4.600021041696516],[-76.25034878899116,4.600021041696516],[-76.25034878899116,4.650021270410609],[-76.30034901770524,4.650021270410609],[-76.30034901770524,4.600021041696516]]]}},{"type":"Feature","properties":{"v":19.43},"geometry":{"type":"Polygon","coordinates":[[[-76.25034878899116,4.600021041696516],[-76.20034856027706,4.600021041696516],[-76.20034856027706,4.650021270410609],[-76.25034878899116,4.650021270410609],[-76.25034878899116,4.600021041696516]]]}},{"type":"Feature","properties":{"v":18.05},"geometry":{"type":"Polygon","coordinates":[[[-76.20034856027706,4.600021041696516],[-76.15034833156297,4.600021041696516],[-76.15034833156297,4.650021270410609],[-76.20034856027706,4.650021270410609],[-76.20034856027706,4.600021041696516]]]}},{"type":"Feature","properties":{"v":16.48},"geometry":{"type":"Polygon","coordinates":[[[-76.15034833156297,4.600021041696516],[-76.10034810284888,4.600021041696516],[-76.10034810284888,4.650021270410609],[-76.15034833156297,4.650021270410609],[-76.15034833156297,4.600021041696516]]]}},{"type":"Feature","properties":{"v":14.27},"geometry":{"type":"Polygon","coordinates":[[[-76.10034810284888,4.600021041696516],[-76.05034787413479,4.600021041696516],[-76.05034787413479,4.650021270410609],[-76.10034810284888,4.650021270410609],[-76.10034810284888,4.600021041696516]]]}},{"type":"Feature","properties":{"v":12.98},"geometry":{"type":"Polygon","coordinates":[[[-76.05034787413479,4.600021041696516],[-76.00034764542069,4.600021041696516],[-76.00034764542069,4.650021270410609],[-76.05034787413479,4.650021270410609],[-76.05034787413479,4.600021041696516]]]}},{"type":"Feature","properties":{"v":16.11},"geometry":{"type":"Polygon","coordinates":[[[-76.00034764542069,4.600021041696516],[-75.9503474167066,4.600021041696516],[-75.9503474167066,4.650021270410609],[-76.00034764542069,4.650021270410609],[-76.00034764542069,4.600021041696516]]]}},{"type":"Feature","properties":{"v":12.93},"geometry":{"type":"Polygon","coordinates":[[[-75.9503474167066,4.600021041696516],[-75.90034718799251,4.600021041696516],[-75.90034718799251,4.650021270410609],[-75.9503474167066,4.650021270410609],[-75.9503474167066,4.600021041696516]]]}},{"type":"Feature","properties":{"v":13.16},"geometry":{"type":"Polygon","coordinates":[[[-75.90034718799251,4.600021041696516],[-75.85034695927841,4.600021041696516],[-75.85034695927841,4.650021270410609],[-75.90034718799251,4.650021270410609],[-75.90034718799251,4.600021041696516]]]}},{"type":"Feature","properties":{"v":11.28},"geometry":{"type":"Polygon","coordinates":[[[-75.85034695927841,4.600021041696516],[-75.80034673056433,4.600021041696516],[-75.80034673056433,4.650021270410609],[-75.85034695927841,4.650021270410609],[-75.85034695927841,4.600021041696516]]]}},{"type":"Feature","properties":{"v":9.61},"geometry":{"type":"Polygon","coordinates":[[[-75.80034673056433,4.600021041696516],[-75.75034650185023,4.600021041696516],[-75.75034650185023,4.650021270410609],[-75.80034673056433,4.650021270410609],[-75.80034673056433,4.600021041696516]]]}},{"type":"Feature","properties":{"v":9.99},"geometry":{"type":"Polygon","coordinates":[[[-75.75034650185023,4.600021041696516],[-75.70034627313613,4.600021041696516],[-75.70034627313613,4.650021270410609],[-75.75034650185023,4.650021270410609],[-75.75034650185023,4.600021041696516]]]}},{"type":"Feature","properties":{"v":9.15},"geometry":{"type":"Polygon","coordinates":[[[-75.70034627313613,4.600021041696516],[-75.65034604442205,4.600021041696516],[-75.65034604442205,4.650021270410609],[-75.70034627313613,4.650021270410609],[-75.70034627313613,4.600021041696516]]]}},{"type":"Feature","properties":{"v":8.36},"geometry":{"type":"Polygon","coordinates":[[[-75.65034604442205,4.600021041696516],[-75.60034581570795,4.600021041696516],[-75.60034581570795,4.650021270410609],[-75.65034604442205,4.650021270410609],[-75.65034604442205,4.600021041696516]]]}},{"type":"Feature","properties":{"v":5.33},"geometry":{"type":"Polygon","coordinates":[[[-75.60034581570795,4.600021041696516],[-75.55034558699386,4.600021041696516],[-75.55034558699386,4.650021270410609],[-75.60034581570795,4.650021270410609],[-75.60034581570795,4.600021041696516]]]}},{"type":"Feature","properties":{"v":4.98},"geometry":{"type":"Polygon","coordinates":[[[-75.55034558699386,4.600021041696516],[-75.50034535827977,4.600021041696516],[-75.50034535827977,4.650021270410609],[-75.55034558699386,4.650021270410609],[-75.55034558699386,4.600021041696516]]]}},{"type":"Feature","properties":{"v":5.59},"geometry":{"type":"Polygon","coordinates":[[[-75.50034535827977,4.600021041696516],[-75.45034512956568,4.600021041696516],[-75.45034512956568,4.650021270410609],[-75.50034535827977,4.650021270410609],[-75.50034535827977,4.600021041696516]]]}},{"type":"Feature","properties":{"v":5.37},"geometry":{"type":"Polygon","coordinates":[[[-75.45034512956568,4.600021041696516],[-75.40034490085158,4.600021041696516],[-75.40034490085158,4.650021270410609],[-75.45034512956568,4.650021270410609],[-75.45034512956568,4.600021041696516]]]}},{"type":"Feature","properties":{"v":4.93},"geometry":{"type":"Polygon","coordinates":[[[-75.40034490085158,4.600021041696516],[-75.3503446721375,4.600021041696516],[-75.3503446721375,4.650021270410609],[-75.40034490085158,4.650021270410609],[-75.40034490085158,4.600021041696516]]]}},{"type":"Feature","properties":{"v":4.44},"geometry":{"type":"Polygon","coordinates":[[[-75.3503446721375,4.600021041696516],[-75.3003444434234,4.600021041696516],[-75.3003444434234,4.650021270410609],[-75.3503446721375,4.650021270410609],[-75.3503446721375,4.600021041696516]]]}},{"type":"Feature","properties":{"v":4.15},"geometry":{"type":"Polygon","coordinates":[[[-75.3003444434234,4.600021041696516],[-75.2503442147093,4.600021041696516],[-75.2503442147093,4.650021270410609],[-75.3003444434234,4.650021270410609],[-75.3003444434234,4.600021041696516]]]}},{"type":"Feature","properties":{"v":5.0},"geometry":{"type":"Polygon","coordinates":[[[-75.2503442147093,4.600021041696516],[-75.20034398599522,4.600021041696516],[-75.20034398599522,4.650021270410609],[-75.2503442147093,4.650021270410609],[-75.2503442147093,4.600021041696516]]]}},{"type":"Feature","properties":{"v":4.71},"geometry":{"type":"Polygon","coordinates":[[[-75.20034398599522,4.600021041696516],[-75.15034375728112,4.600021041696516],[-75.15034375728112,4.650021270410609],[-75.20034398599522,4.650021270410609],[-75.20034398599522,4.600021041696516]]]}},{"type":"Feature","properties":{"v":4.22},"geometry":{"type":"Polygon","coordinates":[[[-75.15034375728112,4.600021041696516],[-75.10034352856702,4.600021041696516],[-75.10034352856702,4.650021270410609],[-75.15034375728112,4.650021270410609],[-75.15034375728112,4.600021041696516]]]}},{"type":"Feature","properties":{"v":130.18},"geometry":{"type":"Polygon","coordinates":[[[-77.35035382070119,4.550020812982424],[-77.3003535919871,4.550020812982424],[-77.3003535919871,4.600021041696516],[-77.35035382070119,4.600021041696516],[-77.35035382070119,4.550020812982424]]]}},{"type":"Feature","properties":{"v":141.35},"geometry":{"type":"Polygon","coordinates":[[[-77.3003535919871,4.550020812982424],[-77.250353363273,4.550020812982424],[-77.250353363273,4.600021041696516],[-77.3003535919871,4.600021041696516],[-77.3003535919871,4.550020812982424]]]}},{"type":"Feature","properties":{"v":149.62},"geometry":{"type":"Polygon","coordinates":[[[-77.250353363273,4.550020812982424],[-77.20035313455891,4.550020812982424],[-77.20035313455891,4.600021041696516],[-77.250353363273,4.600021041696516],[-77.250353363273,4.550020812982424]]]}},{"type":"Feature","properties":{"v":144.0},"geometry":{"type":"Polygon","coordinates":[[[-77.20035313455891,4.550020812982424],[-77.15035290584483,4.550020812982424],[-77.15035290584483,4.600021041696516],[-77.20035313455891,4.600021041696516],[-77.20035313455891,4.550020812982424]]]}},{"type":"Feature","properties":{"v":140.32},"geometry":{"type":"Polygon","coordinates":[[[-77.15035290584483,4.550020812982424],[-77.10035267713073,4.550020812982424],[-77.10035267713073,4.600021041696516],[-77.15035290584483,4.600021041696516],[-77.15035290584483,4.550020812982424]]]}},{"type":"Feature","properties":{"v":136.62},"geometry":{"type":"Polygon","coordinates":[[[-77.10035267713073,4.550020812982424],[-77.05035244841663,4.550020812982424],[-77.05035244841663,4.600021041696516],[-77.10035267713073,4.600021041696516],[-77.10035267713073,4.550020812982424]]]}},{"type":"Feature","properties":{"v":132.36},"geometry":{"type":"Polygon","coordinates":[[[-77.05035244841663,4.550020812982424],[-77.00035221970255,4.550020812982424],[-77.00035221970255,4.600021041696516],[-77.05035244841663,4.600021041696516],[-77.05035244841663,4.550020812982424]]]}},{"type":"Feature","properties":{"v":137.82},"geometry":{"type":"Polygon","coordinates":[[[-77.00035221970255,4.550020812982424],[-76.95035199098845,4.550020812982424],[-76.95035199098845,4.600021041696516],[-77.00035221970255,4.600021041696516],[-77.00035221970255,4.550020812982424]]]}},{"type":"Feature","properties":{"v":135.54},"geometry":{"type":"Polygon","coordinates":[[[-76.95035199098845,4.550020812982424],[-76.90035176227435,4.550020812982424],[-76.90035176227435,4.600021041696516],[-76.95035199098845,4.600021041696516],[-76.95035199098845,4.550020812982424]]]}},{"type":"Feature","properties":{"v":125.77},"geometry":{"type":"Polygon","coordinates":[[[-76.90035176227435,4.550020812982424],[-76.85035153356027,4.550020812982424],[-76.85035153356027,4.600021041696516],[-76.90035176227435,4.600021041696516],[-76.90035176227435,4.550020812982424]]]}},{"type":"Feature","properties":{"v":119.95},"geometry":{"type":"Polygon","coordinates":[[[-76.85035153356027,4.550020812982424],[-76.80035130484617,4.550020812982424],[-76.80035130484617,4.600021041696516],[-76.85035153356027,4.600021041696516],[-76.85035153356027,4.550020812982424]]]}},{"type":"Feature","properties":{"v":108.34},"geometry":{"type":"Polygon","coordinates":[[[-76.80035130484617,4.550020812982424],[-76.75035107613208,4.550020812982424],[-76.75035107613208,4.600021041696516],[-76.80035130484617,4.600021041696516],[-76.80035130484617,4.550020812982424]]]}},{"type":"Feature","properties":{"v":102.24},"geometry":{"type":"Polygon","coordinates":[[[-76.75035107613208,4.550020812982424],[-76.700350847418,4.550020812982424],[-76.700350847418,4.600021041696516],[-76.75035107613208,4.600021041696516],[-76.75035107613208,4.550020812982424]]]}},{"type":"Feature","properties":{"v":97.06},"geometry":{"type":"Polygon","coordinates":[[[-76.700350847418,4.550020812982424],[-76.6503506187039,4.550020812982424],[-76.6503506187039,4.600021041696516],[-76.700350847418,4.600021041696516],[-76.700350847418,4.550020812982424]]]}},{"type":"Feature","properties":{"v":87.83},"geometry":{"type":"Polygon","coordinates":[[[-76.6503506187039,4.550020812982424],[-76.6003503899898,4.550020812982424],[-76.6003503899898,4.600021041696516],[-76.6503506187039,4.600021041696516],[-76.6503506187039,4.550020812982424]]]}},{"type":"Feature","properties":{"v":72.39},"geometry":{"type":"Polygon","coordinates":[[[-76.6003503899898,4.550020812982424],[-76.55035016127572,4.550020812982424],[-76.55035016127572,4.600021041696516],[-76.6003503899898,4.600021041696516],[-76.6003503899898,4.550020812982424]]]}},{"type":"Feature","properties":{"v":66.18},"geometry":{"type":"Polygon","coordinates":[[[-76.55035016127572,4.550020812982424],[-76.50034993256162,4.550020812982424],[-76.50034993256162,4.600021041696516],[-76.55035016127572,4.600021041696516],[-76.55035016127572,4.550020812982424]]]}},{"type":"Feature","properties":{"v":53.98},"geometry":{"type":"Polygon","coordinates":[[[-76.50034993256162,4.550020812982424],[-76.45034970384752,4.550020812982424],[-76.45034970384752,4.600021041696516],[-76.50034993256162,4.600021041696516],[-76.50034993256162,4.550020812982424]]]}},{"type":"Feature","properties":{"v":41.35},"geometry":{"type":"Polygon","coordinates":[[[-76.45034970384752,4.550020812982424],[-76.40034947513344,4.550020812982424],[-76.40034947513344,4.600021041696516],[-76.45034970384752,4.600021041696516],[-76.45034970384752,4.550020812982424]]]}},{"type":"Feature","properties":{"v":31.64},"geometry":{"type":"Polygon","coordinates":[[[-76.40034947513344,4.550020812982424],[-76.35034924641934,4.550020812982424],[-76.35034924641934,4.600021041696516],[-76.40034947513344,4.600021041696516],[-76.40034947513344,4.550020812982424]]]}},{"type":"Feature","properties":{"v":28.18},"geometry":{"type":"Polygon","coordinates":[[[-76.35034924641934,4.550020812982424],[-76.30034901770524,4.550020812982424],[-76.30034901770524,4.600021041696516],[-76.35034924641934,4.600021041696516],[-76.35034924641934,4.550020812982424]]]}},{"type":"Feature","properties":{"v":23.42},"geometry":{"type":"Polygon","coordinates":[[[-76.30034901770524,4.550020812982424],[-76.25034878899116,4.550020812982424],[-76.25034878899116,4.600021041696516],[-76.30034901770524,4.600021041696516],[-76.30034901770524,4.550020812982424]]]}},{"type":"Feature","properties":{"v":19.7},"geometry":{"type":"Polygon","coordinates":[[[-76.25034878899116,4.550020812982424],[-76.20034856027706,4.550020812982424],[-76.20034856027706,4.600021041696516],[-76.25034878899116,4.600021041696516],[-76.25034878899116,4.550020812982424]]]}},{"type":"Feature","properties":{"v":17.58},"geometry":{"type":"Polygon","coordinates":[[[-76.20034856027706,4.550020812982424],[-76.15034833156297,4.550020812982424],[-76.15034833156297,4.600021041696516],[-76.20034856027706,4.600021041696516],[-76.20034856027706,4.550020812982424]]]}},{"type":"Feature","properties":{"v":15.08},"geometry":{"type":"Polygon","coordinates":[[[-76.15034833156297,4.550020812982424],[-76.10034810284888,4.550020812982424],[-76.10034810284888,4.600021041696516],[-76.15034833156297,4.600021041696516],[-76.15034833156297,4.550020812982424]]]}},{"type":"Feature","properties":{"v":14.09},"geometry":{"type":"Polygon","coordinates":[[[-76.10034810284888,4.550020812982424],[-76.05034787413479,4.550020812982424],[-76.05034787413479,4.600021041696516],[-76.10034810284888,4.600021041696516],[-76.10034810284888,4.550020812982424]]]}},{"type":"Feature","properties":{"v":12.99},"geometry":{"type":"Polygon","coordinates":[[[-76.05034787413479,4.550020812982424],[-76.00034764542069,4.550020812982424],[-76.00034764542069,4.600021041696516],[-76.05034787413479,4.600021041696516],[-76.05034787413479,4.550020812982424]]]}},{"type":"Feature","properties":{"v":15.03},"geometry":{"type":"Polygon","coordinates":[[[-76.00034764542069,4.550020812982424],[-75.9503474167066,4.550020812982424],[-75.9503474167066,4.600021041696516],[-76.00034764542069,4.600021041696516],[-76.00034764542069,4.550020812982424]]]}},{"type":"Feature","properties":{"v":14.18},"geometry":{"type":"Polygon","coordinates":[[[-75.9503474167066,4.550020812982424],[-75.90034718799251,4.550020812982424],[-75.90034718799251,4.600021041696516],[-75.9503474167066,4.600021041696516],[-75.9503474167066,4.550020812982424]]]}},{"type":"Feature","properties":{"v":13.28},"geometry":{"type":"Polygon","coordinates":[[[-75.90034718799251,4.550020812982424],[-75.85034695927841,4.550020812982424],[-75.85034695927841,4.600021041696516],[-75.90034718799251,4.600021041696516],[-75.90034718799251,4.550020812982424]]]}},{"type":"Feature","properties":{"v":11.32},"geometry":{"type":"Polygon","coordinates":[[[-75.85034695927841,4.550020812982424],[-75.80034673056433,4.550020812982424],[-75.80034673056433,4.600021041696516],[-75.85034695927841,4.600021041696516],[-75.85034695927841,4.550020812982424]]]}},{"type":"Feature","properties":{"v":9.57},"geometry":{"type":"Polygon","coordinates":[[[-75.80034673056433,4.550020812982424],[-75.75034650185023,4.550020812982424],[-75.75034650185023,4.600021041696516],[-75.80034673056433,4.600021041696516],[-75.80034673056433,4.550020812982424]]]}},{"type":"Feature","properties":{"v":9.69},"geometry":{"type":"Polygon","coordinates":[[[-75.75034650185023,4.550020812982424],[-75.70034627313613,4.550020812982424],[-75.70034627313613,4.600021041696516],[-75.75034650185023,4.600021041696516],[-75.75034650185023,4.550020812982424]]]}},{"type":"Feature","properties":{"v":9.06},"geometry":{"type":"Polygon","coordinates":[[[-75.70034627313613,4.550020812982424],[-75.65034604442205,4.550020812982424],[-75.65034604442205,4.600021041696516],[-75.70034627313613,4.600021041696516],[-75.70034627313613,4.550020812982424]]]}},{"type":"Feature","properties":{"v":8.82},"geometry":{"type":"Polygon","coordinates":[[[-75.65034604442205,4.550020812982424],[-75.60034581570795,4.550020812982424],[-75.60034581570795,4.600021041696516],[-75.65034604442205,4.600021041696516],[-75.65034604442205,4.550020812982424]]]}},{"type":"Feature","properties":{"v":7.34},"geometry":{"type":"Polygon","coordinates":[[[-75.60034581570795,4.550020812982424],[-75.55034558699386,4.550020812982424],[-75.55034558699386,4.600021041696516],[-75.60034581570795,4.600021041696516],[-75.60034581570795,4.550020812982424]]]}},{"type":"Feature","properties":{"v":5.0},"geometry":{"type":"Polygon","coordinates":[[[-75.55034558699386,4.550020812982424],[-75.50034535827977,4.550020812982424],[-75.50034535827977,4.600021041696516],[-75.55034558699386,4.600021041696516],[-75.55034558699386,4.550020812982424]]]}},{"type":"Feature","properties":{"v":5.63},"geometry":{"type":"Polygon","coordinates":[[[-75.50034535827977,4.550020812982424],[-75.45034512956568,4.550020812982424],[-75.45034512956568,4.600021041696516],[-75.50034535827977,4.600021041696516],[-75.50034535827977,4.550020812982424]]]}},{"type":"Feature","properties":{"v":4.95},"geometry":{"type":"Polygon","coordinates":[[[-75.45034512956568,4.550020812982424],[-75.40034490085158,4.550020812982424],[-75.40034490085158,4.600021041696516],[-75.45034512956568,4.600021041696516],[-75.45034512956568,4.550020812982424]]]}},{"type":"Feature","properties":{"v":4.85},"geometry":{"type":"Polygon","coordinates":[[[-75.40034490085158,4.550020812982424],[-75.3503446721375,4.550020812982424],[-75.3503446721375,4.600021041696516],[-75.40034490085158,4.600021041696516],[-75.40034490085158,4.550020812982424]]]}},{"type":"Feature","properties":{"v":4.03},"geometry":{"type":"Polygon","coordinates":[[[-75.3503446721375,4.550020812982424],[-75.3003444434234,4.550020812982424],[-75.3003444434234,4.600021041696516],[-75.3503446721375,4.600021041696516],[-75.3503446721375,4.550020812982424]]]}},{"type":"Feature","properties":{"v":4.14},"geometry":{"type":"Polygon","coordinates":[[[-75.3003444434234,4.550020812982424],[-75.2503442147093,4.550020812982424],[-75.2503442147093,4.600021041696516],[-75.3003444434234,4.600021041696516],[-75.3003444434234,4.550020812982424]]]}},{"type":"Feature","properties":{"v":4.59},"geometry":{"type":"Polygon","coordinates":[[[-75.2503442147093,4.550020812982424],[-75.20034398599522,4.550020812982424],[-75.20034398599522,4.600021041696516],[-75.2503442147093,4.600021041696516],[-75.2503442147093,4.550020812982424]]]}},{"type":"Feature","properties":{"v":4.68},"geometry":{"type":"Polygon","coordinates":[[[-75.20034398599522,4.550020812982424],[-75.15034375728112,4.550020812982424],[-75.15034375728112,4.600021041696516],[-75.20034398599522,4.600021041696516],[-75.20034398599522,4.550020812982424]]]}},{"type":"Feature","properties":{"v":3.92},"geometry":{"type":"Polygon","coordinates":[[[-75.15034375728112,4.550020812982424],[-75.10034352856702,4.550020812982424],[-75.10034352856702,4.600021041696516],[-75.15034375728112,4.600021041696516],[-75.15034375728112,4.550020812982424]]]}},{"type":"Feature","properties":{"v":141.73},"geometry":{"type":"Polygon","coordinates":[[[-77.35035382070119,4.500020584268331],[-77.3003535919871,4.500020584268331],[-77.3003535919871,4.550020812982424],[-77.35035382070119,4.550020812982424],[-77.35035382070119,4.500020584268331]]]}},{"type":"Feature","properties":{"v":147.12},"geometry":{"type":"Polygon","coordinates":[[[-77.3003535919871,4.500020584268331],[-77.250353363273,4.500020584268331],[-77.250353363273,4.550020812982424],[-77.3003535919871,4.550020812982424],[-77.3003535919871,4.500020584268331]]]}},{"type":"Feature","properties":{"v":149.66},"geometry":{"type":"Polygon","coordinates":[[[-77.250353363273,4.500020584268331],[-77.20035313455891,4.500020584268331],[-77.20035313455891,4.550020812982424],[-77.250353363273,4.550020812982424],[-77.250353363273,4.500020584268331]]]}},{"type":"Feature","properties":{"v":146.29},"geometry":{"type":"Polygon","coordinates":[[[-77.20035313455891,4.500020584268331],[-77.15035290584483,4.500020584268331],[-77.15035290584483,4.550020812982424],[-77.20035313455891,4.550020812982424],[-77.20035313455891,4.500020584268331]]]}},{"type":"Feature","properties":{"v":143.91},"geometry":{"type":"Polygon","coordinates":[[[-77.15035290584483,4.500020584268331],[-77.10035267713073,4.500020584268331],[-77.10035267713073,4.550020812982424],[-77.15035290584483,4.550020812982424],[-77.15035290584483,4.500020584268331]]]}},{"type":"Feature","properties":{"v":144.77},"geometry":{"type":"Polygon","coordinates":[[[-77.10035267713073,4.500020584268331],[-77.05035244841663,4.500020584268331],[-77.05035244841663,4.550020812982424],[-77.10035267713073,4.550020812982424],[-77.10035267713073,4.500020584268331]]]}},{"type":"Feature","properties":{"v":133.93},"geometry":{"type":"Polygon","coordinates":[[[-77.05035244841663,4.500020584268331],[-77.00035221970255,4.500020584268331],[-77.00035221970255,4.550020812982424],[-77.05035244841663,4.550020812982424],[-77.05035244841663,4.500020584268331]]]}},{"type":"Feature","properties":{"v":137.09},"geometry":{"type":"Polygon","coordinates":[[[-77.00035221970255,4.500020584268331],[-76.95035199098845,4.500020584268331],[-76.95035199098845,4.550020812982424],[-77.00035221970255,4.550020812982424],[-77.00035221970255,4.500020584268331]]]}},{"type":"Feature","properties":{"v":130.49},"geometry":{"type":"Polygon","coordinates":[[[-76.95035199098845,4.500020584268331],[-76.90035176227435,4.500020584268331],[-76.90035176227435,4.550020812982424],[-76.95035199098845,4.550020812982424],[-76.95035199098845,4.500020584268331]]]}},{"type":"Feature","properties":{"v":117.55},"geometry":{"type":"Polygon","coordinates":[[[-76.90035176227435,4.500020584268331],[-76.85035153356027,4.500020584268331],[-76.85035153356027,4.550020812982424],[-76.90035176227435,4.550020812982424],[-76.90035176227435,4.500020584268331]]]}},{"type":"Feature","properties":{"v":110.43},"geometry":{"type":"Polygon","coordinates":[[[-76.85035153356027,4.500020584268331],[-76.80035130484617,4.500020584268331],[-76.80035130484617,4.550020812982424],[-76.85035153356027,4.550020812982424],[-76.85035153356027,4.500020584268331]]]}},{"type":"Feature","properties":{"v":100.42},"geometry":{"type":"Polygon","coordinates":[[[-76.80035130484617,4.500020584268331],[-76.75035107613208,4.500020584268331],[-76.75035107613208,4.550020812982424],[-76.80035130484617,4.550020812982424],[-76.80035130484617,4.500020584268331]]]}},{"type":"Feature","properties":{"v":95.32},"geometry":{"type":"Polygon","coordinates":[[[-76.75035107613208,4.500020584268331],[-76.700350847418,4.500020584268331],[-76.700350847418,4.550020812982424],[-76.75035107613208,4.550020812982424],[-76.75035107613208,4.500020584268331]]]}},{"type":"Feature","properties":{"v":91.22},"geometry":{"type":"Polygon","coordinates":[[[-76.700350847418,4.500020584268331],[-76.6503506187039,4.500020584268331],[-76.6503506187039,4.550020812982424],[-76.700350847418,4.550020812982424],[-76.700350847418,4.500020584268331]]]}},{"type":"Feature","properties":{"v":78.25},"geometry":{"type":"Polygon","coordinates":[[[-76.6503506187039,4.500020584268331],[-76.6003503899898,4.500020584268331],[-76.6003503899898,4.550020812982424],[-76.6503506187039,4.550020812982424],[-76.6503506187039,4.500020584268331]]]}},{"type":"Feature","properties":{"v":63.68},"geometry":{"type":"Polygon","coordinates":[[[-76.6003503899898,4.500020584268331],[-76.55035016127572,4.500020584268331],[-76.55035016127572,4.550020812982424],[-76.6003503899898,4.550020812982424],[-76.6003503899898,4.500020584268331]]]}},{"type":"Feature","properties":{"v":56.07},"geometry":{"type":"Polygon","coordinates":[[[-76.55035016127572,4.500020584268331],[-76.50034993256162,4.500020584268331],[-76.50034993256162,4.550020812982424],[-76.55035016127572,4.550020812982424],[-76.55035016127572,4.500020584268331]]]}},{"type":"Feature","properties":{"v":44.91},"geometry":{"type":"Polygon","coordinates":[[[-76.50034993256162,4.500020584268331],[-76.45034970384752,4.500020584268331],[-76.45034970384752,4.550020812982424],[-76.50034993256162,4.550020812982424],[-76.50034993256162,4.500020584268331]]]}},{"type":"Feature","properties":{"v":35.47},"geometry":{"type":"Polygon","coordinates":[[[-76.45034970384752,4.500020584268331],[-76.40034947513344,4.500020584268331],[-76.40034947513344,4.550020812982424],[-76.45034970384752,4.550020812982424],[-76.45034970384752,4.500020584268331]]]}},{"type":"Feature","properties":{"v":27.98},"geometry":{"type":"Polygon","coordinates":[[[-76.40034947513344,4.500020584268331],[-76.35034924641934,4.500020584268331],[-76.35034924641934,4.550020812982424],[-76.40034947513344,4.550020812982424],[-76.40034947513344,4.500020584268331]]]}},{"type":"Feature","properties":{"v":24.97},"geometry":{"type":"Polygon","coordinates":[[[-76.35034924641934,4.500020584268331],[-76.30034901770524,4.500020584268331],[-76.30034901770524,4.550020812982424],[-76.35034924641934,4.550020812982424],[-76.35034924641934,4.500020584268331]]]}},{"type":"Feature","properties":{"v":18.02},"geometry":{"type":"Polygon","coordinates":[[[-76.30034901770524,4.500020584268331],[-76.25034878899116,4.500020584268331],[-76.25034878899116,4.550020812982424],[-76.30034901770524,4.550020812982424],[-76.30034901770524,4.500020584268331]]]}},{"type":"Feature","properties":{"v":17.88},"geometry":{"type":"Polygon","coordinates":[[[-76.25034878899116,4.500020584268331],[-76.20034856027706,4.500020584268331],[-76.20034856027706,4.550020812982424],[-76.25034878899116,4.550020812982424],[-76.25034878899116,4.500020584268331]]]}},{"type":"Feature","properties":{"v":16.52},"geometry":{"type":"Polygon","coordinates":[[[-76.20034856027706,4.500020584268331],[-76.15034833156297,4.500020584268331],[-76.15034833156297,4.550020812982424],[-76.20034856027706,4.550020812982424],[-76.20034856027706,4.500020584268331]]]}},{"type":"Feature","properties":{"v":14.4},"geometry":{"type":"Polygon","coordinates":[[[-76.15034833156297,4.500020584268331],[-76.10034810284888,4.500020584268331],[-76.10034810284888,4.550020812982424],[-76.15034833156297,4.550020812982424],[-76.15034833156297,4.500020584268331]]]}},{"type":"Feature","properties":{"v":12.87},"geometry":{"type":"Polygon","coordinates":[[[-76.10034810284888,4.500020584268331],[-76.05034787413479,4.500020584268331],[-76.05034787413479,4.550020812982424],[-76.10034810284888,4.550020812982424],[-76.10034810284888,4.500020584268331]]]}},{"type":"Feature","properties":{"v":11.96},"geometry":{"type":"Polygon","coordinates":[[[-76.05034787413479,4.500020584268331],[-76.00034764542069,4.500020584268331],[-76.00034764542069,4.550020812982424],[-76.05034787413479,4.550020812982424],[-76.05034787413479,4.500020584268331]]]}},{"type":"Feature","properties":{"v":14.22},"geometry":{"type":"Polygon","coordinates":[[[-76.00034764542069,4.500020584268331],[-75.9503474167066,4.500020584268331],[-75.9503474167066,4.550020812982424],[-76.00034764542069,4.550020812982424],[-76.00034764542069,4.500020584268331]]]}},{"type":"Feature","properties":{"v":13.29},"geometry":{"type":"Polygon","coordinates":[[[-75.9503474167066,4.500020584268331],[-75.90034718799251,4.500020584268331],[-75.90034718799251,4.550020812982424],[-75.9503474167066,4.550020812982424],[-75.9503474167066,4.500020584268331]]]}},{"type":"Feature","properties":{"v":14.65},"geometry":{"type":"Polygon","coordinates":[[[-75.90034718799251,4.500020584268331],[-75.85034695927841,4.500020584268331],[-75.85034695927841,4.550020812982424],[-75.90034718799251,4.550020812982424],[-75.90034718799251,4.500020584268331]]]}},{"type":"Feature","properties":{"v":9.54},"geometry":{"type":"Polygon","coordinates":[[[-75.85034695927841,4.500020584268331],[-75.80034673056433,4.500020584268331],[-75.80034673056433,4.550020812982424],[-75.85034695927841,4.550020812982424],[-75.85034695927841,4.500020584268331]]]}},{"type":"Feature","properties":{"v":9.1},"geometry":{"type":"Polygon","coordinates":[[[-75.80034673056433,4.500020584268331],[-75.75034650185023,4.500020584268331],[-75.75034650185023,4.550020812982424],[-75.80034673056433,4.550020812982424],[-75.80034673056433,4.500020584268331]]]}},{"type":"Feature","properties":{"v":9.97},"geometry":{"type":"Polygon","coordinates":[[[-75.75034650185023,4.500020584268331],[-75.70034627313613,4.500020584268331],[-75.70034627313613,4.550020812982424],[-75.75034650185023,4.550020812982424],[-75.75034650185023,4.500020584268331]]]}},{"type":"Feature","properties":{"v":9.66},"geometry":{"type":"Polygon","coordinates":[[[-75.70034627313613,4.500020584268331],[-75.65034604442205,4.500020584268331],[-75.65034604442205,4.550020812982424],[-75.70034627313613,4.550020812982424],[-75.70034627313613,4.500020584268331]]]}},{"type":"Feature","properties":{"v":6.3},"geometry":{"type":"Polygon","coordinates":[[[-75.65034604442205,4.500020584268331],[-75.60034581570795,4.500020584268331],[-75.60034581570795,4.550020812982424],[-75.65034604442205,4.550020812982424],[-75.65034604442205,4.500020584268331]]]}},{"type":"Feature","properties":{"v":5.46},"geometry":{"type":"Polygon","coordinates":[[[-75.60034581570795,4.500020584268331],[-75.55034558699386,4.500020584268331],[-75.55034558699386,4.550020812982424],[-75.60034581570795,4.550020812982424],[-75.60034581570795,4.500020584268331]]]}},{"type":"Feature","properties":{"v":5.5},"geometry":{"type":"Polygon","coordinates":[[[-75.55034558699386,4.500020584268331],[-75.50034535827977,4.500020584268331],[-75.50034535827977,4.550020812982424],[-75.55034558699386,4.550020812982424],[-75.55034558699386,4.500020584268331]]]}},{"type":"Feature","properties":{"v":6.52},"geometry":{"type":"Polygon","coordinates":[[[-75.50034535827977,4.500020584268331],[-75.45034512956568,4.500020584268331],[-75.45034512956568,4.550020812982424],[-75.50034535827977,4.550020812982424],[-75.50034535827977,4.500020584268331]]]}},{"type":"Feature","properties":{"v":5.66},"geometry":{"type":"Polygon","coordinates":[[[-75.45034512956568,4.500020584268331],[-75.40034490085158,4.500020584268331],[-75.40034490085158,4.550020812982424],[-75.45034512956568,4.550020812982424],[-75.45034512956568,4.500020584268331]]]}},{"type":"Feature","properties":{"v":4.67},"geometry":{"type":"Polygon","coordinates":[[[-75.40034490085158,4.500020584268331],[-75.3503446721375,4.500020584268331],[-75.3503446721375,4.550020812982424],[-75.40034490085158,4.550020812982424],[-75.40034490085158,4.500020584268331]]]}},{"type":"Feature","properties":{"v":4.46},"geometry":{"type":"Polygon","coordinates":[[[-75.3503446721375,4.500020584268331],[-75.3003444434234,4.500020584268331],[-75.3003444434234,4.550020812982424],[-75.3503446721375,4.550020812982424],[-75.3503446721375,4.500020584268331]]]}},{"type":"Feature","properties":{"v":3.96},"geometry":{"type":"Polygon","coordinates":[[[-75.3003444434234,4.500020584268331],[-75.2503442147093,4.500020584268331],[-75.2503442147093,4.550020812982424],[-75.3003444434234,4.550020812982424],[-75.3003444434234,4.500020584268331]]]}},{"type":"Feature","properties":{"v":3.8},"geometry":{"type":"Polygon","coordinates":[[[-75.2503442147093,4.500020584268331],[-75.20034398599522,4.500020584268331],[-75.20034398599522,4.550020812982424],[-75.2503442147093,4.550020812982424],[-75.2503442147093,4.500020584268331]]]}},{"type":"Feature","properties":{"v":4.08},"geometry":{"type":"Polygon","coordinates":[[[-75.20034398599522,4.500020584268331],[-75.15034375728112,4.500020584268331],[-75.15034375728112,4.550020812982424],[-75.20034398599522,4.550020812982424],[-75.20034398599522,4.500020584268331]]]}},{"type":"Feature","properties":{"v":2.62},"geometry":{"type":"Polygon","coordinates":[[[-75.15034375728112,4.500020584268331],[-75.10034352856702,4.500020584268331],[-75.10034352856702,4.550020812982424],[-75.15034375728112,4.550020812982424],[-75.15034375728112,4.500020584268331]]]}},{"type":"Feature","properties":{"v":124.56},"geometry":{"type":"Polygon","coordinates":[[[-77.40035404941528,4.450020355554239],[-77.35035382070119,4.450020355554239],[-77.35035382070119,4.500020584268331],[-77.40035404941528,4.500020584268331],[-77.40035404941528,4.450020355554239]]]}},{"type":"Feature","properties":{"v":140.78},"geometry":{"type":"Polygon","coordinates":[[[-77.35035382070119,4.450020355554239],[-77.3003535919871,4.450020355554239],[-77.3003535919871,4.500020584268331],[-77.35035382070119,4.500020584268331],[-77.35035382070119,4.450020355554239]]]}},{"type":"Feature","properties":{"v":138.43},"geometry":{"type":"Polygon","coordinates":[[[-77.3003535919871,4.450020355554239],[-77.250353363273,4.450020355554239],[-77.250353363273,4.500020584268331],[-77.3003535919871,4.500020584268331],[-77.3003535919871,4.450020355554239]]]}},{"type":"Feature","properties":{"v":149.77},"geometry":{"type":"Polygon","coordinates":[[[-77.250353363273,4.450020355554239],[-77.20035313455891,4.450020355554239],[-77.20035313455891,4.500020584268331],[-77.250353363273,4.500020584268331],[-77.250353363273,4.450020355554239]]]}},{"type":"Feature","properties":{"v":151.13},"geometry":{"type":"Polygon","coordinates":[[[-77.20035313455891,4.450020355554239],[-77.15035290584483,4.450020355554239],[-77.15035290584483,4.500020584268331],[-77.20035313455891,4.500020584268331],[-77.20035313455891,4.450020355554239]]]}},{"type":"Feature","properties":{"v":150.84},"geometry":{"type":"Polygon","coordinates":[[[-77.15035290584483,4.450020355554239],[-77.10035267713073,4.450020355554239],[-77.10035267713073,4.500020584268331],[-77.15035290584483,4.500020584268331],[-77.15035290584483,4.450020355554239]]]}},{"type":"Feature","properties":{"v":147.85},"geometry":{"type":"Polygon","coordinates":[[[-77.10035267713073,4.450020355554239],[-77.05035244841663,4.450020355554239],[-77.05035244841663,4.500020584268331],[-77.10035267713073,4.500020584268331],[-77.10035267713073,4.450020355554239]]]}},{"type":"Feature","properties":{"v":139.64},"geometry":{"type":"Polygon","coordinates":[[[-77.05035244841663,4.450020355554239],[-77.00035221970255,4.450020355554239],[-77.00035221970255,4.500020584268331],[-77.05035244841663,4.500020584268331],[-77.05035244841663,4.450020355554239]]]}},{"type":"Feature","properties":{"v":139.08},"geometry":{"type":"Polygon","coordinates":[[[-77.00035221970255,4.450020355554239],[-76.95035199098845,4.450020355554239],[-76.95035199098845,4.500020584268331],[-77.00035221970255,4.500020584268331],[-77.00035221970255,4.450020355554239]]]}},{"type":"Feature","properties":{"v":129.11},"geometry":{"type":"Polygon","coordinates":[[[-76.95035199098845,4.450020355554239],[-76.90035176227435,4.450020355554239],[-76.90035176227435,4.500020584268331],[-76.95035199098845,4.500020584268331],[-76.95035199098845,4.450020355554239]]]}},{"type":"Feature","properties":{"v":118.71},"geometry":{"type":"Polygon","coordinates":[[[-76.90035176227435,4.450020355554239],[-76.85035153356027,4.450020355554239],[-76.85035153356027,4.500020584268331],[-76.90035176227435,4.500020584268331],[-76.90035176227435,4.450020355554239]]]}},{"type":"Feature","properties":{"v":113.23},"geometry":{"type":"Polygon","coordinates":[[[-76.85035153356027,4.450020355554239],[-76.80035130484617,4.450020355554239],[-76.80035130484617,4.500020584268331],[-76.85035153356027,4.500020584268331],[-76.85035153356027,4.450020355554239]]]}},{"type":"Feature","properties":{"v":98.73},"geometry":{"type":"Polygon","coordinates":[[[-76.80035130484617,4.450020355554239],[-76.75035107613208,4.450020355554239],[-76.75035107613208,4.500020584268331],[-76.80035130484617,4.500020584268331],[-76.80035130484617,4.450020355554239]]]}},{"type":"Feature","properties":{"v":92.68},"geometry":{"type":"Polygon","coordinates":[[[-76.75035107613208,4.450020355554239],[-76.700350847418,4.450020355554239],[-76.700350847418,4.500020584268331],[-76.75035107613208,4.500020584268331],[-76.75035107613208,4.450020355554239]]]}},{"type":"Feature","properties":{"v":84.31},"geometry":{"type":"Polygon","coordinates":[[[-76.700350847418,4.450020355554239],[-76.6503506187039,4.450020355554239],[-76.6503506187039,4.500020584268331],[-76.700350847418,4.500020584268331],[-76.700350847418,4.450020355554239]]]}},{"type":"Feature","properties":{"v":72.14},"geometry":{"type":"Polygon","coordinates":[[[-76.6503506187039,4.450020355554239],[-76.6003503899898,4.450020355554239],[-76.6003503899898,4.500020584268331],[-76.6503506187039,4.500020584268331],[-76.6503506187039,4.450020355554239]]]}},{"type":"Feature","properties":{"v":58.19},"geometry":{"type":"Polygon","coordinates":[[[-76.6003503899898,4.450020355554239],[-76.55035016127572,4.450020355554239],[-76.55035016127572,4.500020584268331],[-76.6003503899898,4.500020584268331],[-76.6003503899898,4.450020355554239]]]}},{"type":"Feature","properties":{"v":52.54},"geometry":{"type":"Polygon","coordinates":[[[-76.55035016127572,4.450020355554239],[-76.50034993256162,4.450020355554239],[-76.50034993256162,4.500020584268331],[-76.55035016127572,4.500020584268331],[-76.55035016127572,4.450020355554239]]]}},{"type":"Feature","properties":{"v":40.56},"geometry":{"type":"Polygon","coordinates":[[[-76.50034993256162,4.450020355554239],[-76.45034970384752,4.450020355554239],[-76.45034970384752,4.500020584268331],[-76.50034993256162,4.500020584268331],[-76.50034993256162,4.450020355554239]]]}},{"type":"Feature","properties":{"v":32.88},"geometry":{"type":"Polygon","coordinates":[[[-76.45034970384752,4.450020355554239],[-76.40034947513344,4.450020355554239],[-76.40034947513344,4.500020584268331],[-76.45034970384752,4.500020584268331],[-76.45034970384752,4.450020355554239]]]}},{"type":"Feature","properties":{"v":27.82},"geometry":{"type":"Polygon","coordinates":[[[-76.40034947513344,4.450020355554239],[-76.35034924641934,4.450020355554239],[-76.35034924641934,4.500020584268331],[-76.40034947513344,4.500020584268331],[-76.40034947513344,4.450020355554239]]]}},{"type":"Feature","properties":{"v":23.61},"geometry":{"type":"Polygon","coordinates":[[[-76.35034924641934,4.450020355554239],[-76.30034901770524,4.450020355554239],[-76.30034901770524,4.500020584268331],[-76.35034924641934,4.500020584268331],[-76.35034924641934,4.450020355554239]]]}},{"type":"Feature","properties":{"v":17.27},"geometry":{"type":"Polygon","coordinates":[[[-76.30034901770524,4.450020355554239],[-76.25034878899116,4.450020355554239],[-76.25034878899116,4.500020584268331],[-76.30034901770524,4.500020584268331],[-76.30034901770524,4.450020355554239]]]}},{"type":"Feature","properties":{"v":16.62},"geometry":{"type":"Polygon","coordinates":[[[-76.25034878899116,4.450020355554239],[-76.20034856027706,4.450020355554239],[-76.20034856027706,4.500020584268331],[-76.25034878899116,4.500020584268331],[-76.25034878899116,4.450020355554239]]]}},{"type":"Feature","properties":{"v":14.95},"geometry":{"type":"Polygon","coordinates":[[[-76.20034856027706,4.450020355554239],[-76.15034833156297,4.450020355554239],[-76.15034833156297,4.500020584268331],[-76.20034856027706,4.500020584268331],[-76.20034856027706,4.450020355554239]]]}},{"type":"Feature","properties":{"v":9.33},"geometry":{"type":"Polygon","coordinates":[[[-76.15034833156297,4.450020355554239],[-76.10034810284888,4.450020355554239],[-76.10034810284888,4.500020584268331],[-76.15034833156297,4.500020584268331],[-76.15034833156297,4.450020355554239]]]}},{"type":"Feature","properties":{"v":12.34},"geometry":{"type":"Polygon","coordinates":[[[-76.10034810284888,4.450020355554239],[-76.05034787413479,4.450020355554239],[-76.05034787413479,4.500020584268331],[-76.10034810284888,4.500020584268331],[-76.10034810284888,4.450020355554239]]]}},{"type":"Feature","properties":{"v":12.0},"geometry":{"type":"Polygon","coordinates":[[[-76.05034787413479,4.450020355554239],[-76.00034764542069,4.450020355554239],[-76.00034764542069,4.500020584268331],[-76.05034787413479,4.500020584268331],[-76.05034787413479,4.450020355554239]]]}},{"type":"Feature","properties":{"v":14.39},"geometry":{"type":"Polygon","coordinates":[[[-76.00034764542069,4.450020355554239],[-75.9503474167066,4.450020355554239],[-75.9503474167066,4.500020584268331],[-76.00034764542069,4.500020584268331],[-76.00034764542069,4.450020355554239]]]}},{"type":"Feature","properties":{"v":12.64},"geometry":{"type":"Polygon","coordinates":[[[-75.9503474167066,4.450020355554239],[-75.90034718799251,4.450020355554239],[-75.90034718799251,4.500020584268331],[-75.9503474167066,4.500020584268331],[-75.9503474167066,4.450020355554239]]]}},{"type":"Feature","properties":{"v":14.01},"geometry":{"type":"Polygon","coordinates":[[[-75.90034718799251,4.450020355554239],[-75.85034695927841,4.450020355554239],[-75.85034695927841,4.500020584268331],[-75.90034718799251,4.500020584268331],[-75.90034718799251,4.450020355554239]]]}},{"type":"Feature","properties":{"v":10.77},"geometry":{"type":"Polygon","coordinates":[[[-75.85034695927841,4.450020355554239],[-75.80034673056433,4.450020355554239],[-75.80034673056433,4.500020584268331],[-75.85034695927841,4.500020584268331],[-75.85034695927841,4.450020355554239]]]}},{"type":"Feature","properties":{"v":9.4},"geometry":{"type":"Polygon","coordinates":[[[-75.80034673056433,4.450020355554239],[-75.75034650185023,4.450020355554239],[-75.75034650185023,4.500020584268331],[-75.80034673056433,4.500020584268331],[-75.80034673056433,4.450020355554239]]]}},{"type":"Feature","properties":{"v":9.47},"geometry":{"type":"Polygon","coordinates":[[[-75.75034650185023,4.450020355554239],[-75.70034627313613,4.450020355554239],[-75.70034627313613,4.500020584268331],[-75.75034650185023,4.500020584268331],[-75.75034650185023,4.450020355554239]]]}},{"type":"Feature","properties":{"v":8.97},"geometry":{"type":"Polygon","coordinates":[[[-75.70034627313613,4.450020355554239],[-75.65034604442205,4.450020355554239],[-75.65034604442205,4.500020584268331],[-75.70034627313613,4.500020584268331],[-75.70034627313613,4.450020355554239]]]}},{"type":"Feature","properties":{"v":6.87},"geometry":{"type":"Polygon","coordinates":[[[-75.65034604442205,4.450020355554239],[-75.60034581570795,4.450020355554239],[-75.60034581570795,4.500020584268331],[-75.65034604442205,4.500020584268331],[-75.65034604442205,4.450020355554239]]]}},{"type":"Feature","properties":{"v":6.97},"geometry":{"type":"Polygon","coordinates":[[[-75.60034581570795,4.450020355554239],[-75.55034558699386,4.450020355554239],[-75.55034558699386,4.500020584268331],[-75.60034581570795,4.500020584268331],[-75.60034581570795,4.450020355554239]]]}},{"type":"Feature","properties":{"v":6.57},"geometry":{"type":"Polygon","coordinates":[[[-75.55034558699386,4.450020355554239],[-75.50034535827977,4.450020355554239],[-75.50034535827977,4.500020584268331],[-75.55034558699386,4.500020584268331],[-75.55034558699386,4.450020355554239]]]}},{"type":"Feature","properties":{"v":7.87},"geometry":{"type":"Polygon","coordinates":[[[-75.50034535827977,4.450020355554239],[-75.45034512956568,4.450020355554239],[-75.45034512956568,4.500020584268331],[-75.50034535827977,4.500020584268331],[-75.50034535827977,4.450020355554239]]]}},{"type":"Feature","properties":{"v":5.92},"geometry":{"type":"Polygon","coordinates":[[[-75.45034512956568,4.450020355554239],[-75.40034490085158,4.450020355554239],[-75.40034490085158,4.500020584268331],[-75.45034512956568,4.500020584268331],[-75.45034512956568,4.450020355554239]]]}},{"type":"Feature","properties":{"v":4.97},"geometry":{"type":"Polygon","coordinates":[[[-75.40034490085158,4.450020355554239],[-75.3503446721375,4.450020355554239],[-75.3503446721375,4.500020584268331],[-75.40034490085158,4.500020584268331],[-75.40034490085158,4.450020355554239]]]}},{"type":"Feature","properties":{"v":4.67},"geometry":{"type":"Polygon","coordinates":[[[-75.3503446721375,4.450020355554239],[-75.3003444434234,4.450020355554239],[-75.3003444434234,4.500020584268331],[-75.3503446721375,4.500020584268331],[-75.3503446721375,4.450020355554239]]]}},{"type":"Feature","properties":{"v":4.19},"geometry":{"type":"Polygon","coordinates":[[[-75.3003444434234,4.450020355554239],[-75.2503442147093,4.450020355554239],[-75.2503442147093,4.500020584268331],[-75.3003444434234,4.500020584268331],[-75.3003444434234,4.450020355554239]]]}},{"type":"Feature","properties":{"v":3.25},"geometry":{"type":"Polygon","coordinates":[[[-75.2503442147093,4.450020355554239],[-75.20034398599522,4.450020355554239],[-75.20034398599522,4.500020584268331],[-75.2503442147093,4.500020584268331],[-75.2503442147093,4.450020355554239]]]}},{"type":"Feature","properties":{"v":2.03},"geometry":{"type":"Polygon","coordinates":[[[-75.20034398599522,4.450020355554239],[-75.15034375728112,4.450020355554239],[-75.15034375728112,4.500020584268331],[-75.20034398599522,4.500020584268331],[-75.20034398599522,4.450020355554239]]]}},{"type":"Feature","properties":{"v":0.0},"geometry":{"type":"Polygon","coordinates":[[[-75.15034375728112,4.450020355554239],[-75.10034352856702,4.450020355554239],[-75.10034352856702,4.500020584268331],[-75.15034375728112,4.500020584268331],[-75.15034375728112,4.450020355554239]]]}},{"type":"Feature","properties":{"v":134.92},"geometry":{"type":"Polygon","coordinates":[[[-77.40035404941528,4.400020126840146],[-77.35035382070119,4.400020126840146],[-77.35035382070119,4.450020355554239],[-77.40035404941528,4.450020355554239],[-77.40035404941528,4.400020126840146]]]}},{"type":"Feature","properties":{"v":142.92},"geometry":{"type":"Polygon","coordinates":[[[-77.35035382070119,4.400020126840146],[-77.3003535919871,4.400020126840146],[-77.3003535919871,4.450020355554239],[-77.35035382070119,4.450020355554239],[-77.35035382070119,4.400020126840146]]]}},{"type":"Feature","properties":{"v":138.92},"geometry":{"type":"Polygon","coordinates":[[[-77.3003535919871,4.400020126840146],[-77.250353363273,4.400020126840146],[-77.250353363273,4.450020355554239],[-77.3003535919871,4.450020355554239],[-77.3003535919871,4.400020126840146]]]}},{"type":"Feature","properties":{"v":144.4},"geometry":{"type":"Polygon","coordinates":[[[-77.250353363273,4.400020126840146],[-77.20035313455891,4.400020126840146],[-77.20035313455891,4.450020355554239],[-77.250353363273,4.450020355554239],[-77.250353363273,4.400020126840146]]]}},{"type":"Feature","properties":{"v":145.82},"geometry":{"type":"Polygon","coordinates":[[[-77.20035313455891,4.400020126840146],[-77.15035290584483,4.400020126840146],[-77.15035290584483,4.450020355554239],[-77.20035313455891,4.450020355554239],[-77.20035313455891,4.400020126840146]]]}},{"type":"Feature","properties":{"v":142.22},"geometry":{"type":"Polygon","coordinates":[[[-77.15035290584483,4.400020126840146],[-77.10035267713073,4.400020126840146],[-77.10035267713073,4.450020355554239],[-77.15035290584483,4.450020355554239],[-77.15035290584483,4.400020126840146]]]}},{"type":"Feature","properties":{"v":141.11},"geometry":{"type":"Polygon","coordinates":[[[-77.10035267713073,4.400020126840146],[-77.05035244841663,4.400020126840146],[-77.05035244841663,4.450020355554239],[-77.10035267713073,4.450020355554239],[-77.10035267713073,4.400020126840146]]]}},{"type":"Feature","properties":{"v":131.91},"geometry":{"type":"Polygon","coordinates":[[[-77.05035244841663,4.400020126840146],[-77.00035221970255,4.400020126840146],[-77.00035221970255,4.450020355554239],[-77.05035244841663,4.450020355554239],[-77.05035244841663,4.400020126840146]]]}},{"type":"Feature","properties":{"v":136.72},"geometry":{"type":"Polygon","coordinates":[[[-77.00035221970255,4.400020126840146],[-76.95035199098845,4.400020126840146],[-76.95035199098845,4.450020355554239],[-77.00035221970255,4.450020355554239],[-77.00035221970255,4.400020126840146]]]}},{"type":"Feature","properties":{"v":123.12},"geometry":{"type":"Polygon","coordinates":[[[-76.95035199098845,4.400020126840146],[-76.90035176227435,4.400020126840146],[-76.90035176227435,4.450020355554239],[-76.95035199098845,4.450020355554239],[-76.95035199098845,4.400020126840146]]]}},{"type":"Feature","properties":{"v":115.0},"geometry":{"type":"Polygon","coordinates":[[[-76.90035176227435,4.400020126840146],[-76.85035153356027,4.400020126840146],[-76.85035153356027,4.450020355554239],[-76.90035176227435,4.450020355554239],[-76.90035176227435,4.400020126840146]]]}},{"type":"Feature","properties":{"v":104.74},"geometry":{"type":"Polygon","coordinates":[[[-76.85035153356027,4.400020126840146],[-76.80035130484617,4.400020126840146],[-76.80035130484617,4.450020355554239],[-76.85035153356027,4.450020355554239],[-76.85035153356027,4.400020126840146]]]}},{"type":"Feature","properties":{"v":92.74},"geometry":{"type":"Polygon","coordinates":[[[-76.80035130484617,4.400020126840146],[-76.75035107613208,4.400020126840146],[-76.75035107613208,4.450020355554239],[-76.80035130484617,4.450020355554239],[-76.80035130484617,4.400020126840146]]]}},{"type":"Feature","properties":{"v":85.85},"geometry":{"type":"Polygon","coordinates":[[[-76.75035107613208,4.400020126840146],[-76.700350847418,4.400020126840146],[-76.700350847418,4.450020355554239],[-76.75035107613208,4.450020355554239],[-76.75035107613208,4.400020126840146]]]}},{"type":"Feature","properties":{"v":79.77},"geometry":{"type":"Polygon","coordinates":[[[-76.700350847418,4.400020126840146],[-76.6503506187039,4.400020126840146],[-76.6503506187039,4.450020355554239],[-76.700350847418,4.450020355554239],[-76.700350847418,4.400020126840146]]]}},{"type":"Feature","properties":{"v":64.83},"geometry":{"type":"Polygon","coordinates":[[[-76.6503506187039,4.400020126840146],[-76.6003503899898,4.400020126840146],[-76.6003503899898,4.450020355554239],[-76.6503506187039,4.450020355554239],[-76.6503506187039,4.400020126840146]]]}},{"type":"Feature","properties":{"v":48.31},"geometry":{"type":"Polygon","coordinates":[[[-76.6003503899898,4.400020126840146],[-76.55035016127572,4.400020126840146],[-76.55035016127572,4.450020355554239],[-76.6003503899898,4.450020355554239],[-76.6003503899898,4.400020126840146]]]}},{"type":"Feature","properties":{"v":42.05},"geometry":{"type":"Polygon","coordinates":[[[-76.55035016127572,4.400020126840146],[-76.50034993256162,4.400020126840146],[-76.50034993256162,4.450020355554239],[-76.55035016127572,4.450020355554239],[-76.55035016127572,4.400020126840146]]]}},{"type":"Feature","properties":{"v":32.75},"geometry":{"type":"Polygon","coordinates":[[[-76.50034993256162,4.400020126840146],[-76.45034970384752,4.400020126840146],[-76.45034970384752,4.450020355554239],[-76.50034993256162,4.450020355554239],[-76.50034993256162,4.400020126840146]]]}},{"type":"Feature","properties":{"v":28.89},"geometry":{"type":"Polygon","coordinates":[[[-76.45034970384752,4.400020126840146],[-76.40034947513344,4.400020126840146],[-76.40034947513344,4.450020355554239],[-76.45034970384752,4.450020355554239],[-76.45034970384752,4.400020126840146]]]}},{"type":"Feature","properties":{"v":23.44},"geometry":{"type":"Polygon","coordinates":[[[-76.40034947513344,4.400020126840146],[-76.35034924641934,4.400020126840146],[-76.35034924641934,4.450020355554239],[-76.40034947513344,4.450020355554239],[-76.40034947513344,4.400020126840146]]]}},{"type":"Feature","properties":{"v":21.16},"geometry":{"type":"Polygon","coordinates":[[[-76.35034924641934,4.400020126840146],[-76.30034901770524,4.400020126840146],[-76.30034901770524,4.450020355554239],[-76.35034924641934,4.450020355554239],[-76.35034924641934,4.400020126840146]]]}},{"type":"Feature","properties":{"v":16.06},"geometry":{"type":"Polygon","coordinates":[[[-76.30034901770524,4.400020126840146],[-76.25034878899116,4.400020126840146],[-76.25034878899116,4.450020355554239],[-76.30034901770524,4.450020355554239],[-76.30034901770524,4.400020126840146]]]}},{"type":"Feature","properties":{"v":11.86},"geometry":{"type":"Polygon","coordinates":[[[-76.25034878899116,4.400020126840146],[-76.20034856027706,4.400020126840146],[-76.20034856027706,4.450020355554239],[-76.25034878899116,4.450020355554239],[-76.25034878899116,4.400020126840146]]]}},{"type":"Feature","properties":{"v":10.04},"geometry":{"type":"Polygon","coordinates":[[[-76.20034856027706,4.400020126840146],[-76.15034833156297,4.400020126840146],[-76.15034833156297,4.450020355554239],[-76.20034856027706,4.450020355554239],[-76.20034856027706,4.400020126840146]]]}},{"type":"Feature","properties":{"v":8.98},"geometry":{"type":"Polygon","coordinates":[[[-76.15034833156297,4.400020126840146],[-76.10034810284888,4.400020126840146],[-76.10034810284888,4.450020355554239],[-76.15034833156297,4.450020355554239],[-76.15034833156297,4.400020126840146]]]}},{"type":"Feature","properties":{"v":8.36},"geometry":{"type":"Polygon","coordinates":[[[-76.10034810284888,4.400020126840146],[-76.05034787413479,4.400020126840146],[-76.05034787413479,4.450020355554239],[-76.10034810284888,4.450020355554239],[-76.10034810284888,4.400020126840146]]]}},{"type":"Feature","properties":{"v":11.47},"geometry":{"type":"Polygon","coordinates":[[[-76.05034787413479,4.400020126840146],[-76.00034764542069,4.400020126840146],[-76.00034764542069,4.450020355554239],[-76.05034787413479,4.450020355554239],[-76.05034787413479,4.400020126840146]]]}},{"type":"Feature","properties":{"v":13.71},"geometry":{"type":"Polygon","coordinates":[[[-76.00034764542069,4.400020126840146],[-75.9503474167066,4.400020126840146],[-75.9503474167066,4.450020355554239],[-76.00034764542069,4.450020355554239],[-76.00034764542069,4.400020126840146]]]}},{"type":"Feature","properties":{"v":12.86},"geometry":{"type":"Polygon","coordinates":[[[-75.9503474167066,4.400020126840146],[-75.90034718799251,4.400020126840146],[-75.90034718799251,4.450020355554239],[-75.9503474167066,4.450020355554239],[-75.9503474167066,4.400020126840146]]]}},{"type":"Feature","properties":{"v":13.2},"geometry":{"type":"Polygon","coordinates":[[[-75.90034718799251,4.400020126840146],[-75.85034695927841,4.400020126840146],[-75.85034695927841,4.450020355554239],[-75.90034718799251,4.450020355554239],[-75.90034718799251,4.400020126840146]]]}},{"type":"Feature","properties":{"v":11.23},"geometry":{"type":"Polygon","coordinates":[[[-75.85034695927841,4.400020126840146],[-75.80034673056433,4.400020126840146],[-75.80034673056433,4.450020355554239],[-75.85034695927841,4.450020355554239],[-75.85034695927841,4.400020126840146]]]}},{"type":"Feature","properties":{"v":6.62},"geometry":{"type":"Polygon","coordinates":[[[-75.80034673056433,4.400020126840146],[-75.75034650185023,4.400020126840146],[-75.75034650185023,4.450020355554239],[-75.80034673056433,4.450020355554239],[-75.80034673056433,4.400020126840146]]]}},{"type":"Feature","properties":{"v":7.95},"geometry":{"type":"Polygon","coordinates":[[[-75.75034650185023,4.400020126840146],[-75.70034627313613,4.400020126840146],[-75.70034627313613,4.450020355554239],[-75.75034650185023,4.450020355554239],[-75.75034650185023,4.400020126840146]]]}},{"type":"Feature","properties":{"v":7.96},"geometry":{"type":"Polygon","coordinates":[[[-75.70034627313613,4.400020126840146],[-75.65034604442205,4.400020126840146],[-75.65034604442205,4.450020355554239],[-75.70034627313613,4.450020355554239],[-75.70034627313613,4.400020126840146]]]}},{"type":"Feature","properties":{"v":7.98},"geometry":{"type":"Polygon","coordinates":[[[-75.65034604442205,4.400020126840146],[-75.60034581570795,4.400020126840146],[-75.60034581570795,4.450020355554239],[-75.65034604442205,4.450020355554239],[-75.65034604442205,4.400020126840146]]]}},{"type":"Feature","properties":{"v":7.83},"geometry":{"type":"Polygon","coordinates":[[[-75.60034581570795,4.400020126840146],[-75.55034558699386,4.400020126840146],[-75.55034558699386,4.450020355554239],[-75.60034581570795,4.450020355554239],[-75.60034581570795,4.400020126840146]]]}},{"type":"Feature","properties":{"v":7.12},"geometry":{"type":"Polygon","coordinates":[[[-75.55034558699386,4.400020126840146],[-75.50034535827977,4.400020126840146],[-75.50034535827977,4.450020355554239],[-75.55034558699386,4.450020355554239],[-75.55034558699386,4.400020126840146]]]}},{"type":"Feature","properties":{"v":8.34},"geometry":{"type":"Polygon","coordinates":[[[-75.50034535827977,4.400020126840146],[-75.45034512956568,4.400020126840146],[-75.45034512956568,4.450020355554239],[-75.50034535827977,4.450020355554239],[-75.50034535827977,4.400020126840146]]]}},{"type":"Feature","properties":{"v":6.79},"geometry":{"type":"Polygon","coordinates":[[[-75.45034512956568,4.400020126840146],[-75.40034490085158,4.400020126840146],[-75.40034490085158,4.450020355554239],[-75.45034512956568,4.450020355554239],[-75.45034512956568,4.400020126840146]]]}},{"type":"Feature","properties":{"v":5.49},"geometry":{"type":"Polygon","coordinates":[[[-75.40034490085158,4.400020126840146],[-75.3503446721375,4.400020126840146],[-75.3503446721375,4.450020355554239],[-75.40034490085158,4.450020355554239],[-75.40034490085158,4.400020126840146]]]}},{"type":"Feature","properties":{"v":4.68},"geometry":{"type":"Polygon","coordinates":[[[-75.3503446721375,4.400020126840146],[-75.3003444434234,4.400020126840146],[-75.3003444434234,4.450020355554239],[-75.3503446721375,4.450020355554239],[-75.3503446721375,4.400020126840146]]]}},{"type":"Feature","properties":{"v":3.94},"geometry":{"type":"Polygon","coordinates":[[[-75.3003444434234,4.400020126840146],[-75.2503442147093,4.400020126840146],[-75.2503442147093,4.450020355554239],[-75.3003444434234,4.450020355554239],[-75.3003444434234,4.400020126840146]]]}},{"type":"Feature","properties":{"v":2.73},"geometry":{"type":"Polygon","coordinates":[[[-75.2503442147093,4.400020126840146],[-75.20034398599522,4.400020126840146],[-75.20034398599522,4.450020355554239],[-75.2503442147093,4.450020355554239],[-75.2503442147093,4.400020126840146]]]}},{"type":"Feature","properties":{"v":0.0},"geometry":{"type":"Polygon","coordinates":[[[-75.20034398599522,4.400020126840146],[-75.15034375728112,4.400020126840146],[-75.15034375728112,4.450020355554239],[-75.20034398599522,4.450020355554239],[-75.20034398599522,4.400020126840146]]]}},{"type":"Feature","properties":{"v":0.0},"geometry":{"type":"Polygon","coordinates":[[[-75.15034375728112,4.400020126840146],[-75.10034352856702,4.400020126840146],[-75.10034352856702,4.450020355554239],[-75.15034375728112,4.450020355554239],[-75.15034375728112,4.400020126840146]]]}},{"type":"Feature","properties":{"v":140.7},"geometry":{"type":"Polygon","coordinates":[[[-77.45035427812938,4.350019898126053],[-77.40035404941528,4.350019898126053],[-77.40035404941528,4.400020126840146],[-77.45035427812938,4.400020126840146],[-77.45035427812938,4.350019898126053]]]}},{"type":"Feature","properties":{"v":143.43},"geometry":{"type":"Polygon","coordinates":[[[-77.40035404941528,4.350019898126053],[-77.35035382070119,4.350019898126053],[-77.35035382070119,4.400020126840146],[-77.40035404941528,4.400020126840146],[-77.40035404941528,4.350019898126053]]]}},{"type":"Feature","properties":{"v":140.89},"geometry":{"type":"Polygon","coordinates":[[[-77.35035382070119,4.350019898126053],[-77.3003535919871,4.350019898126053],[-77.3003535919871,4.400020126840146],[-77.35035382070119,4.400020126840146],[-77.35035382070119,4.350019898126053]]]}},{"type":"Feature","properties":{"v":136.59},"geometry":{"type":"Polygon","coordinates":[[[-77.3003535919871,4.350019898126053],[-77.250353363273,4.350019898126053],[-77.250353363273,4.400020126840146],[-77.3003535919871,4.400020126840146],[-77.3003535919871,4.350019898126053]]]}},{"type":"Feature","properties":{"v":147.45},"geometry":{"type":"Polygon","coordinates":[[[-77.250353363273,4.350019898126053],[-77.20035313455891,4.350019898126053],[-77.20035313455891,4.400020126840146],[-77.250353363273,4.400020126840146],[-77.250353363273,4.350019898126053]]]}},{"type":"Feature","properties":{"v":134.45},"geometry":{"type":"Polygon","coordinates":[[[-77.20035313455891,4.350019898126053],[-77.15035290584483,4.350019898126053],[-77.15035290584483,4.400020126840146],[-77.20035313455891,4.400020126840146],[-77.20035313455891,4.350019898126053]]]}},{"type":"Feature","properties":{"v":134.79},"geometry":{"type":"Polygon","coordinates":[[[-77.15035290584483,4.350019898126053],[-77.10035267713073,4.350019898126053],[-77.10035267713073,4.400020126840146],[-77.15035290584483,4.400020126840146],[-77.15035290584483,4.350019898126053]]]}},{"type":"Feature","properties":{"v":134.02},"geometry":{"type":"Polygon","coordinates":[[[-77.10035267713073,4.350019898126053],[-77.05035244841663,4.350019898126053],[-77.05035244841663,4.400020126840146],[-77.10035267713073,4.400020126840146],[-77.10035267713073,4.350019898126053]]]}},{"type":"Feature","properties":{"v":126.2},"geometry":{"type":"Polygon","coordinates":[[[-77.05035244841663,4.350019898126053],[-77.00035221970255,4.350019898126053],[-77.00035221970255,4.400020126840146],[-77.05035244841663,4.400020126840146],[-77.05035244841663,4.350019898126053]]]}},{"type":"Feature","properties":{"v":134.7},"geometry":{"type":"Polygon","coordinates":[[[-77.00035221970255,4.350019898126053],[-76.95035199098845,4.350019898126053],[-76.95035199098845,4.400020126840146],[-77.00035221970255,4.400020126840146],[-77.00035221970255,4.350019898126053]]]}},{"type":"Feature","properties":{"v":120.58},"geometry":{"type":"Polygon","coordinates":[[[-76.95035199098845,4.350019898126053],[-76.90035176227435,4.350019898126053],[-76.90035176227435,4.400020126840146],[-76.95035199098845,4.400020126840146],[-76.95035199098845,4.350019898126053]]]}},{"type":"Feature","properties":{"v":112.96},"geometry":{"type":"Polygon","coordinates":[[[-76.90035176227435,4.350019898126053],[-76.85035153356027,4.350019898126053],[-76.85035153356027,4.400020126840146],[-76.90035176227435,4.400020126840146],[-76.90035176227435,4.350019898126053]]]}},{"type":"Feature","properties":{"v":102.81},"geometry":{"type":"Polygon","coordinates":[[[-76.85035153356027,4.350019898126053],[-76.80035130484617,4.350019898126053],[-76.80035130484617,4.400020126840146],[-76.85035153356027,4.400020126840146],[-76.85035153356027,4.350019898126053]]]}},{"type":"Feature","properties":{"v":90.04},"geometry":{"type":"Polygon","coordinates":[[[-76.80035130484617,4.350019898126053],[-76.75035107613208,4.350019898126053],[-76.75035107613208,4.400020126840146],[-76.80035130484617,4.400020126840146],[-76.80035130484617,4.350019898126053]]]}},{"type":"Feature","properties":{"v":81.91},"geometry":{"type":"Polygon","coordinates":[[[-76.75035107613208,4.350019898126053],[-76.700350847418,4.350019898126053],[-76.700350847418,4.400020126840146],[-76.75035107613208,4.400020126840146],[-76.75035107613208,4.350019898126053]]]}},{"type":"Feature","properties":{"v":77.26},"geometry":{"type":"Polygon","coordinates":[[[-76.700350847418,4.350019898126053],[-76.6503506187039,4.350019898126053],[-76.6503506187039,4.400020126840146],[-76.700350847418,4.400020126840146],[-76.700350847418,4.350019898126053]]]}},{"type":"Feature","properties":{"v":61.17},"geometry":{"type":"Polygon","coordinates":[[[-76.6503506187039,4.350019898126053],[-76.6003503899898,4.350019898126053],[-76.6003503899898,4.400020126840146],[-76.6503506187039,4.400020126840146],[-76.6503506187039,4.350019898126053]]]}},{"type":"Feature","properties":{"v":44.29},"geometry":{"type":"Polygon","coordinates":[[[-76.6003503899898,4.350019898126053],[-76.55035016127572,4.350019898126053],[-76.55035016127572,4.400020126840146],[-76.6003503899898,4.400020126840146],[-76.6003503899898,4.350019898126053]]]}},{"type":"Feature","properties":{"v":41.55},"geometry":{"type":"Polygon","coordinates":[[[-76.55035016127572,4.350019898126053],[-76.50034993256162,4.350019898126053],[-76.50034993256162,4.400020126840146],[-76.55035016127572,4.400020126840146],[-76.55035016127572,4.350019898126053]]]}},{"type":"Feature","properties":{"v":28.17},"geometry":{"type":"Polygon","coordinates":[[[-76.50034993256162,4.350019898126053],[-76.45034970384752,4.350019898126053],[-76.45034970384752,4.400020126840146],[-76.50034993256162,4.400020126840146],[-76.50034993256162,4.350019898126053]]]}},{"type":"Feature","properties":{"v":22.9},"geometry":{"type":"Polygon","coordinates":[[[-76.45034970384752,4.350019898126053],[-76.40034947513344,4.350019898126053],[-76.40034947513344,4.400020126840146],[-76.45034970384752,4.400020126840146],[-76.45034970384752,4.350019898126053]]]}},{"type":"Feature","properties":{"v":19.46},"geometry":{"type":"Polygon","coordinates":[[[-76.40034947513344,4.350019898126053],[-76.35034924641934,4.350019898126053],[-76.35034924641934,4.400020126840146],[-76.40034947513344,4.400020126840146],[-76.40034947513344,4.350019898126053]]]}},{"type":"Feature","properties":{"v":17.65},"geometry":{"type":"Polygon","coordinates":[[[-76.35034924641934,4.350019898126053],[-76.30034901770524,4.350019898126053],[-76.30034901770524,4.400020126840146],[-76.35034924641934,4.400020126840146],[-76.35034924641934,4.350019898126053]]]}},{"type":"Feature","properties":{"v":13.07},"geometry":{"type":"Polygon","coordinates":[[[-76.30034901770524,4.350019898126053],[-76.25034878899116,4.350019898126053],[-76.25034878899116,4.400020126840146],[-76.30034901770524,4.400020126840146],[-76.30034901770524,4.350019898126053]]]}},{"type":"Feature","properties":{"v":11.77},"geometry":{"type":"Polygon","coordinates":[[[-76.25034878899116,4.350019898126053],[-76.20034856027706,4.350019898126053],[-76.20034856027706,4.400020126840146],[-76.25034878899116,4.400020126840146],[-76.25034878899116,4.350019898126053]]]}},{"type":"Feature","properties":{"v":13.78},"geometry":{"type":"Polygon","coordinates":[[[-76.20034856027706,4.350019898126053],[-76.15034833156297,4.350019898126053],[-76.15034833156297,4.400020126840146],[-76.20034856027706,4.400020126840146],[-76.20034856027706,4.350019898126053]]]}},{"type":"Feature","properties":{"v":8.61},"geometry":{"type":"Polygon","coordinates":[[[-76.15034833156297,4.350019898126053],[-76.10034810284888,4.350019898126053],[-76.10034810284888,4.400020126840146],[-76.15034833156297,4.400020126840146],[-76.15034833156297,4.350019898126053]]]}},{"type":"Feature","properties":{"v":7.6},"geometry":{"type":"Polygon","coordinates":[[[-76.10034810284888,4.350019898126053],[-76.05034787413479,4.350019898126053],[-76.05034787413479,4.400020126840146],[-76.10034810284888,4.400020126840146],[-76.10034810284888,4.350019898126053]]]}},{"type":"Feature","properties":{"v":10.84},"geometry":{"type":"Polygon","coordinates":[[[-76.05034787413479,4.350019898126053],[-76.00034764542069,4.350019898126053],[-76.00034764542069,4.400020126840146],[-76.05034787413479,4.400020126840146],[-76.05034787413479,4.350019898126053]]]}},{"type":"Feature","properties":{"v":13.26},"geometry":{"type":"Polygon","coordinates":[[[-76.00034764542069,4.350019898126053],[-75.9503474167066,4.350019898126053],[-75.9503474167066,4.400020126840146],[-76.00034764542069,4.400020126840146],[-76.00034764542069,4.350019898126053]]]}},{"type":"Feature","properties":{"v":13.56},"geometry":{"type":"Polygon","coordinates":[[[-75.9503474167066,4.350019898126053],[-75.90034718799251,4.350019898126053],[-75.90034718799251,4.400020126840146],[-75.9503474167066,4.400020126840146],[-75.9503474167066,4.350019898126053]]]}},{"type":"Feature","properties":{"v":14.25},"geometry":{"type":"Polygon","coordinates":[[[-75.90034718799251,4.350019898126053],[-75.85034695927841,4.350019898126053],[-75.85034695927841,4.400020126840146],[-75.90034718799251,4.400020126840146],[-75.90034718799251,4.350019898126053]]]}},{"type":"Feature","properties":{"v":10.58},"geometry":{"type":"Polygon","coordinates":[[[-75.85034695927841,4.350019898126053],[-75.80034673056433,4.350019898126053],[-75.80034673056433,4.400020126840146],[-75.85034695927841,4.400020126840146],[-75.85034695927841,4.350019898126053]]]}},{"type":"Feature","properties":{"v":7.4},"geometry":{"type":"Polygon","coordinates":[[[-75.80034673056433,4.350019898126053],[-75.75034650185023,4.350019898126053],[-75.75034650185023,4.400020126840146],[-75.80034673056433,4.400020126840146],[-75.80034673056433,4.350019898126053]]]}},{"type":"Feature","properties":{"v":6.46},"geometry":{"type":"Polygon","coordinates":[[[-75.75034650185023,4.350019898126053],[-75.70034627313613,4.350019898126053],[-75.70034627313613,4.400020126840146],[-75.75034650185023,4.400020126840146],[-75.75034650185023,4.350019898126053]]]}},{"type":"Feature","properties":{"v":6.91},"geometry":{"type":"Polygon","coordinates":[[[-75.70034627313613,4.350019898126053],[-75.65034604442205,4.350019898126053],[-75.65034604442205,4.400020126840146],[-75.70034627313613,4.400020126840146],[-75.70034627313613,4.350019898126053]]]}},{"type":"Feature","properties":{"v":7.73},"geometry":{"type":"Polygon","coordinates":[[[-75.65034604442205,4.350019898126053],[-75.60034581570795,4.350019898126053],[-75.60034581570795,4.400020126840146],[-75.65034604442205,4.400020126840146],[-75.65034604442205,4.350019898126053]]]}},{"type":"Feature","properties":{"v":8.37},"geometry":{"type":"Polygon","coordinates":[[[-75.60034581570795,4.350019898126053],[-75.55034558699386,4.350019898126053],[-75.55034558699386,4.400020126840146],[-75.60034581570795,4.400020126840146],[-75.60034581570795,4.350019898126053]]]}},{"type":"Feature","properties":{"v":7.6},"geometry":{"type":"Polygon","coordinates":[[[-75.55034558699386,4.350019898126053],[-75.50034535827977,4.350019898126053],[-75.50034535827977,4.400020126840146],[-75.55034558699386,4.400020126840146],[-75.55034558699386,4.350019898126053]]]}},{"type":"Feature","properties":{"v":9.55},"geometry":{"type":"Polygon","coordinates":[[[-75.50034535827977,4.350019898126053],[-75.45034512956568,4.350019898126053],[-75.45034512956568,4.400020126840146],[-75.50034535827977,4.400020126840146],[-75.50034535827977,4.350019898126053]]]}},{"type":"Feature","properties":{"v":6.84},"geometry":{"type":"Polygon","coordinates":[[[-75.45034512956568,4.350019898126053],[-75.40034490085158,4.350019898126053],[-75.40034490085158,4.400020126840146],[-75.45034512956568,4.400020126840146],[-75.45034512956568,4.350019898126053]]]}},{"type":"Feature","properties":{"v":7.59},"geometry":{"type":"Polygon","coordinates":[[[-75.40034490085158,4.350019898126053],[-75.3503446721375,4.350019898126053],[-75.3503446721375,4.400020126840146],[-75.40034490085158,4.400020126840146],[-75.40034490085158,4.350019898126053]]]}},{"type":"Feature","properties":{"v":5.27},"geometry":{"type":"Polygon","coordinates":[[[-75.3503446721375,4.350019898126053],[-75.3003444434234,4.350019898126053],[-75.3003444434234,4.400020126840146],[-75.3503446721375,4.400020126840146],[-75.3503446721375,4.350019898126053]]]}},{"type":"Feature","properties":{"v":4.07},"geometry":{"type":"Polygon","coordinates":[[[-75.3003444434234,4.350019898126053],[-75.2503442147093,4.350019898126053],[-75.2503442147093,4.400020126840146],[-75.3003444434234,4.400020126840146],[-75.3003444434234,4.350019898126053]]]}},{"type":"Feature","properties":{"v":0.0},"geometry":{"type":"Polygon","coordinates":[[[-75.2503442147093,4.350019898126053],[-75.20034398599522,4.350019898126053],[-75.20034398599522,4.400020126840146],[-75.2503442147093,4.400020126840146],[-75.2503442147093,4.350019898126053]]]}},{"type":"Feature","properties":{"v":0.0},"geometry":{"type":"Polygon","coordinates":[[[-75.20034398599522,4.350019898126053],[-75.15034375728112,4.350019898126053],[-75.15034375728112,4.400020126840146],[-75.20034398599522,4.400020126840146],[-75.20034398599522,4.350019898126053]]]}},{"type":"Feature","properties":{"v":0.0},"geometry":{"type":"Polygon","coordinates":[[[-75.15034375728112,4.350019898126053],[-75.10034352856702,4.350019898126053],[-75.10034352856702,4.400020126840146],[-75.15034375728112,4.400020126840146],[-75.15034375728112,4.350019898126053]]]}},{"type":"Feature","properties":{"v":131.48},"geometry":{"type":"Polygon","coordinates":[[[-77.50035450684346,4.300019669411961],[-77.45035427812938,4.300019669411961],[-77.45035427812938,4.350019898126053],[-77.50035450684346,4.350019898126053],[-77.50035450684346,4.300019669411961]]]}},{"type":"Feature","properties":{"v":136.6},"geometry":{"type":"Polygon","coordinates":[[[-77.45035427812938,4.300019669411961],[-77.40035404941528,4.300019669411961],[-77.40035404941528,4.350019898126053],[-77.45035427812938,4.350019898126053],[-77.45035427812938,4.300019669411961]]]}},{"type":"Feature","properties":{"v":134.98},"geometry":{"type":"Polygon","coordinates":[[[-77.40035404941528,4.300019669411961],[-77.35035382070119,4.300019669411961],[-77.35035382070119,4.350019898126053],[-77.40035404941528,4.350019898126053],[-77.40035404941528,4.300019669411961]]]}},{"type":"Feature","properties":{"v":136.1},"geometry":{"type":"Polygon","coordinates":[[[-77.35035382070119,4.300019669411961],[-77.3003535919871,4.300019669411961],[-77.3003535919871,4.350019898126053],[-77.35035382070119,4.350019898126053],[-77.35035382070119,4.300019669411961]]]}},{"type":"Feature","properties":{"v":131.83},"geometry":{"type":"Polygon","coordinates":[[[-77.3003535919871,4.300019669411961],[-77.250353363273,4.300019669411961],[-77.250353363273,4.350019898126053],[-77.3003535919871,4.350019898126053],[-77.3003535919871,4.300019669411961]]]}},{"type":"Feature","properties":{"v":136.59},"geometry":{"type":"Polygon","coordinates":[[[-77.250353363273,4.300019669411961],[-77.20035313455891,4.300019669411961],[-77.20035313455891,4.350019898126053],[-77.250353363273,4.350019898126053],[-77.250353363273,4.300019669411961]]]}},{"type":"Feature","properties":{"v":131.71},"geometry":{"type":"Polygon","coordinates":[[[-77.20035313455891,4.300019669411961],[-77.15035290584483,4.300019669411961],[-77.15035290584483,4.350019898126053],[-77.20035313455891,4.350019898126053],[-77.20035313455891,4.300019669411961]]]}},{"type":"Feature","properties":{"v":127.02},"geometry":{"type":"Polygon","coordinates":[[[-77.15035290584483,4.300019669411961],[-77.10035267713073,4.300019669411961],[-77.10035267713073,4.350019898126053],[-77.15035290584483,4.350019898126053],[-77.15035290584483,4.300019669411961]]]}},{"type":"Feature","properties":{"v":126.78},"geometry":{"type":"Polygon","coordinates":[[[-77.10035267713073,4.300019669411961],[-77.05035244841663,4.300019669411961],[-77.05035244841663,4.350019898126053],[-77.10035267713073,4.350019898126053],[-77.10035267713073,4.300019669411961]]]}},{"type":"Feature","properties":{"v":122.21},"geometry":{"type":"Polygon","coordinates":[[[-77.05035244841663,4.300019669411961],[-77.00035221970255,4.300019669411961],[-77.00035221970255,4.350019898126053],[-77.05035244841663,4.350019898126053],[-77.05035244841663,4.300019669411961]]]}},{"type":"Feature","properties":{"v":123.94},"geometry":{"type":"Polygon","coordinates":[[[-77.00035221970255,4.300019669411961],[-76.95035199098845,4.300019669411961],[-76.95035199098845,4.350019898126053],[-77.00035221970255,4.350019898126053],[-77.00035221970255,4.300019669411961]]]}},{"type":"Feature","properties":{"v":113.26},"geometry":{"type":"Polygon","coordinates":[[[-76.95035199098845,4.300019669411961],[-76.90035176227435,4.300019669411961],[-76.90035176227435,4.350019898126053],[-76.95035199098845,4.350019898126053],[-76.95035199098845,4.300019669411961]]]}},{"type":"Feature","properties":{"v":105.22},"geometry":{"type":"Polygon","coordinates":[[[-76.90035176227435,4.300019669411961],[-76.85035153356027,4.300019669411961],[-76.85035153356027,4.350019898126053],[-76.90035176227435,4.350019898126053],[-76.90035176227435,4.300019669411961]]]}},{"type":"Feature","properties":{"v":93.71},"geometry":{"type":"Polygon","coordinates":[[[-76.85035153356027,4.300019669411961],[-76.80035130484617,4.300019669411961],[-76.80035130484617,4.350019898126053],[-76.85035153356027,4.350019898126053],[-76.85035153356027,4.300019669411961]]]}},{"type":"Feature","properties":{"v":85.14},"geometry":{"type":"Polygon","coordinates":[[[-76.80035130484617,4.300019669411961],[-76.75035107613208,4.300019669411961],[-76.75035107613208,4.350019898126053],[-76.80035130484617,4.350019898126053],[-76.80035130484617,4.300019669411961]]]}},{"type":"Feature","properties":{"v":74.12},"geometry":{"type":"Polygon","coordinates":[[[-76.75035107613208,4.300019669411961],[-76.700350847418,4.300019669411961],[-76.700350847418,4.350019898126053],[-76.75035107613208,4.350019898126053],[-76.75035107613208,4.300019669411961]]]}},{"type":"Feature","properties":{"v":66.06},"geometry":{"type":"Polygon","coordinates":[[[-76.700350847418,4.300019669411961],[-76.6503506187039,4.300019669411961],[-76.6503506187039,4.350019898126053],[-76.700350847418,4.350019898126053],[-76.700350847418,4.300019669411961]]]}},{"type":"Feature","properties":{"v":55.28},"geometry":{"type":"Polygon","coordinates":[[[-76.6503506187039,4.300019669411961],[-76.6003503899898,4.300019669411961],[-76.6003503899898,4.350019898126053],[-76.6503506187039,4.350019898126053],[-76.6503506187039,4.300019669411961]]]}},{"type":"Feature","properties":{"v":40.22},"geometry":{"type":"Polygon","coordinates":[[[-76.6003503899898,4.300019669411961],[-76.55035016127572,4.300019669411961],[-76.55035016127572,4.350019898126053],[-76.6003503899898,4.350019898126053],[-76.6003503899898,4.300019669411961]]]}},{"type":"Feature","properties":{"v":31.02},"geometry":{"type":"Polygon","coordinates":[[[-76.55035016127572,4.300019669411961],[-76.50034993256162,4.300019669411961],[-76.50034993256162,4.350019898126053],[-76.55035016127572,4.350019898126053],[-76.55035016127572,4.300019669411961]]]}},{"type":"Feature","properties":{"v":25.32},"geometry":{"type":"Polygon","coordinates":[[[-76.50034993256162,4.300019669411961],[-76.45034970384752,4.300019669411961],[-76.45034970384752,4.350019898126053],[-76.50034993256162,4.350019898126053],[-76.50034993256162,4.300019669411961]]]}},{"type":"Feature","properties":{"v":21.05},"geometry":{"type":"Polygon","coordinates":[[[-76.45034970384752,4.300019669411961],[-76.40034947513344,4.300019669411961],[-76.40034947513344,4.350019898126053],[-76.45034970384752,4.350019898126053],[-76.45034970384752,4.300019669411961]]]}},{"type":"Feature","properties":{"v":17.36},"geometry":{"type":"Polygon","coordinates":[[[-76.40034947513344,4.300019669411961],[-76.35034924641934,4.300019669411961],[-76.35034924641934,4.350019898126053],[-76.40034947513344,4.350019898126053],[-76.40034947513344,4.300019669411961]]]}},{"type":"Feature","properties":{"v":13.75},"geometry":{"type":"Polygon","coordinates":[[[-76.35034924641934,4.300019669411961],[-76.30034901770524,4.300019669411961],[-76.30034901770524,4.350019898126053],[-76.35034924641934,4.350019898126053],[-76.35034924641934,4.300019669411961]]]}},{"type":"Feature","properties":{"v":15.67},"geometry":{"type":"Polygon","coordinates":[[[-76.30034901770524,4.300019669411961],[-76.25034878899116,4.300019669411961],[-76.25034878899116,4.350019898126053],[-76.30034901770524,4.350019898126053],[-76.30034901770524,4.300019669411961]]]}},{"type":"Feature","properties":{"v":10.89},"geometry":{"type":"Polygon","coordinates":[[[-76.25034878899116,4.300019669411961],[-76.20034856027706,4.300019669411961],[-76.20034856027706,4.350019898126053],[-76.25034878899116,4.350019898126053],[-76.25034878899116,4.300019669411961]]]}},{"type":"Feature","properties":{"v":10.41},"geometry":{"type":"Polygon","coordinates":[[[-76.20034856027706,4.300019669411961],[-76.15034833156297,4.300019669411961],[-76.15034833156297,4.350019898126053],[-76.20034856027706,4.350019898126053],[-76.20034856027706,4.300019669411961]]]}},{"type":"Feature","properties":{"v":8.14},"geometry":{"type":"Polygon","coordinates":[[[-76.15034833156297,4.300019669411961],[-76.10034810284888,4.300019669411961],[-76.10034810284888,4.350019898126053],[-76.15034833156297,4.350019898126053],[-76.15034833156297,4.300019669411961]]]}},{"type":"Feature","properties":{"v":7.49},"geometry":{"type":"Polygon","coordinates":[[[-76.10034810284888,4.300019669411961],[-76.05034787413479,4.300019669411961],[-76.05034787413479,4.350019898126053],[-76.10034810284888,4.350019898126053],[-76.10034810284888,4.300019669411961]]]}},{"type":"Feature","properties":{"v":6.75},"geometry":{"type":"Polygon","coordinates":[[[-76.05034787413479,4.300019669411961],[-76.00034764542069,4.300019669411961],[-76.00034764542069,4.350019898126053],[-76.05034787413479,4.350019898126053],[-76.05034787413479,4.300019669411961]]]}},{"type":"Feature","properties":{"v":12.18},"geometry":{"type":"Polygon","coordinates":[[[-76.00034764542069,4.300019669411961],[-75.9503474167066,4.300019669411961],[-75.9503474167066,4.350019898126053],[-76.00034764542069,4.350019898126053],[-76.00034764542069,4.300019669411961]]]}},{"type":"Feature","properties":{"v":11.19},"geometry":{"type":"Polygon","coordinates":[[[-75.9503474167066,4.300019669411961],[-75.90034718799251,4.300019669411961],[-75.90034718799251,4.350019898126053],[-75.9503474167066,4.350019898126053],[-75.9503474167066,4.300019669411961]]]}},{"type":"Feature","properties":{"v":10.83},"geometry":{"type":"Polygon","coordinates":[[[-75.90034718799251,4.300019669411961],[-75.85034695927841,4.300019669411961],[-75.85034695927841,4.350019898126053],[-75.90034718799251,4.350019898126053],[-75.90034718799251,4.300019669411961]]]}},{"type":"Feature","properties":{"v":8.06},"geometry":{"type":"Polygon","coordinates":[[[-75.85034695927841,4.300019669411961],[-75.80034673056433,4.300019669411961],[-75.80034673056433,4.350019898126053],[-75.85034695927841,4.350019898126053],[-75.85034695927841,4.300019669411961]]]}},{"type":"Feature","properties":{"v":4.97},"geometry":{"type":"Polygon","coordinates":[[[-75.80034673056433,4.300019669411961],[-75.75034650185023,4.300019669411961],[-75.75034650185023,4.350019898126053],[-75.80034673056433,4.350019898126053],[-75.80034673056433,4.300019669411961]]]}},{"type":"Feature","properties":{"v":6.09},"geometry":{"type":"Polygon","coordinates":[[[-75.75034650185023,4.300019669411961],[-75.70034627313613,4.300019669411961],[-75.70034627313613,4.350019898126053],[-75.75034650185023,4.350019898126053],[-75.75034650185023,4.300019669411961]]]}},{"type":"Feature","properties":{"v":7.69},"geometry":{"type":"Polygon","coordinates":[[[-75.70034627313613,4.300019669411961],[-75.65034604442205,4.300019669411961],[-75.65034604442205,4.350019898126053],[-75.70034627313613,4.350019898126053],[-75.70034627313613,4.300019669411961]]]}},{"type":"Feature","properties":{"v":7.16},"geometry":{"type":"Polygon","coordinates":[[[-75.65034604442205,4.300019669411961],[-75.60034581570795,4.300019669411961],[-75.60034581570795,4.350019898126053],[-75.65034604442205,4.350019898126053],[-75.65034604442205,4.300019669411961]]]}},{"type":"Feature","properties":{"v":8.37},"geometry":{"type":"Polygon","coordinates":[[[-75.60034581570795,4.300019669411961],[-75.55034558699386,4.300019669411961],[-75.55034558699386,4.350019898126053],[-75.60034581570795,4.350019898126053],[-75.60034581570795,4.300019669411961]]]}},{"type":"Feature","properties":{"v":8.0},"geometry":{"type":"Polygon","coordinates":[[[-75.55034558699386,4.300019669411961],[-75.50034535827977,4.300019669411961],[-75.50034535827977,4.350019898126053],[-75.55034558699386,4.350019898126053],[-75.55034558699386,4.300019669411961]]]}},{"type":"Feature","properties":{"v":9.22},"geometry":{"type":"Polygon","coordinates":[[[-75.50034535827977,4.300019669411961],[-75.45034512956568,4.300019669411961],[-75.45034512956568,4.350019898126053],[-75.50034535827977,4.350019898126053],[-75.50034535827977,4.300019669411961]]]}},{"type":"Feature","properties":{"v":7.25},"geometry":{"type":"Polygon","coordinates":[[[-75.45034512956568,4.300019669411961],[-75.40034490085158,4.300019669411961],[-75.40034490085158,4.350019898126053],[-75.45034512956568,4.350019898126053],[-75.45034512956568,4.300019669411961]]]}},{"type":"Feature","properties":{"v":6.52},"geometry":{"type":"Polygon","coordinates":[[[-75.40034490085158,4.300019669411961],[-75.3503446721375,4.300019669411961],[-75.3503446721375,4.350019898126053],[-75.40034490085158,4.350019898126053],[-75.40034490085158,4.300019669411961]]]}},{"type":"Feature","properties":{"v":5.34},"geometry":{"type":"Polygon","coordinates":[[[-75.3503446721375,4.300019669411961],[-75.3003444434234,4.300019669411961],[-75.3003444434234,4.350019898126053],[-75.3503446721375,4.350019898126053],[-75.3503446721375,4.300019669411961]]]}},{"type":"Feature","properties":{"v":2.24},"geometry":{"type":"Polygon","coordinates":[[[-75.3003444434234,4.300019669411961],[-75.2503442147093,4.300019669411961],[-75.2503442147093,4.350019898126053],[-75.3003444434234,4.350019898126053],[-75.3003444434234,4.300019669411961]]]}},{"type":"Feature","properties":{"v":2.07},"geometry":{"type":"Polygon","coordinates":[[[-75.2503442147093,4.300019669411961],[-75.20034398599522,4.300019669411961],[-75.20034398599522,4.350019898126053],[-75.2503442147093,4.350019898126053],[-75.2503442147093,4.300019669411961]]]}},{"type":"Feature","properties":{"v":1.65},"geometry":{"type":"Polygon","coordinates":[[[-75.20034398599522,4.300019669411961],[-75.15034375728112,4.300019669411961],[-75.15034375728112,4.350019898126053],[-75.20034398599522,4.350019898126053],[-75.20034398599522,4.300019669411961]]]}},{"type":"Feature","properties":{"v":1.9},"geometry":{"type":"Polygon","coordinates":[[[-75.15034375728112,4.300019669411961],[-75.10034352856702,4.300019669411961],[-75.10034352856702,4.350019898126053],[-75.15034375728112,4.350019898126053],[-75.15034375728112,4.300019669411961]]]}},{"type":"Feature","properties":{"v":123.4},"geometry":{"type":"Polygon","coordinates":[[[-77.55035473555756,4.250019440697868],[-77.50035450684346,4.250019440697868],[-77.50035450684346,4.300019669411961],[-77.55035473555756,4.300019669411961],[-77.55035473555756,4.250019440697868]]]}},{"type":"Feature","properties":{"v":131.1},"geometry":{"type":"Polygon","coordinates":[[[-77.50035450684346,4.250019440697868],[-77.45035427812938,4.250019440697868],[-77.45035427812938,4.300019669411961],[-77.50035450684346,4.300019669411961],[-77.50035450684346,4.250019440697868]]]}},{"type":"Feature","properties":{"v":129.38},"geometry":{"type":"Polygon","coordinates":[[[-77.45035427812938,4.250019440697868],[-77.40035404941528,4.250019440697868],[-77.40035404941528,4.300019669411961],[-77.45035427812938,4.300019669411961],[-77.45035427812938,4.250019440697868]]]}},{"type":"Feature","properties":{"v":130.25},"geometry":{"type":"Polygon","coordinates":[[[-77.40035404941528,4.250019440697868],[-77.35035382070119,4.250019440697868],[-77.35035382070119,4.300019669411961],[-77.40035404941528,4.300019669411961],[-77.40035404941528,4.250019440697868]]]}},{"type":"Feature","properties":{"v":130.52},"geometry":{"type":"Polygon","coordinates":[[[-77.35035382070119,4.250019440697868],[-77.3003535919871,4.250019440697868],[-77.3003535919871,4.300019669411961],[-77.35035382070119,4.300019669411961],[-77.35035382070119,4.250019440697868]]]}},{"type":"Feature","properties":{"v":130.95},"geometry":{"type":"Polygon","coordinates":[[[-77.3003535919871,4.250019440697868],[-77.250353363273,4.250019440697868],[-77.250353363273,4.300019669411961],[-77.3003535919871,4.300019669411961],[-77.3003535919871,4.250019440697868]]]}},{"type":"Feature","properties":{"v":127.79},"geometry":{"type":"Polygon","coordinates":[[[-77.250353363273,4.250019440697868],[-77.20035313455891,4.250019440697868],[-77.20035313455891,4.300019669411961],[-77.250353363273,4.300019669411961],[-77.250353363273,4.250019440697868]]]}},{"type":"Feature","properties":{"v":124.21},"geometry":{"type":"Polygon","coordinates":[[[-77.20035313455891,4.250019440697868],[-77.15035290584483,4.250019440697868],[-77.15035290584483,4.300019669411961],[-77.20035313455891,4.300019669411961],[-77.20035313455891,4.250019440697868]]]}},{"type":"Feature","properties":{"v":116.87},"geometry":{"type":"Polygon","coordinates":[[[-77.15035290584483,4.250019440697868],[-77.10035267713073,4.250019440697868],[-77.10035267713073,4.300019669411961],[-77.15035290584483,4.300019669411961],[-77.15035290584483,4.250019440697868]]]}},{"type":"Feature","properties":{"v":120.49},"geometry":{"type":"Polygon","coordinates":[[[-77.10035267713073,4.250019440697868],[-77.05035244841663,4.250019440697868],[-77.05035244841663,4.300019669411961],[-77.10035267713073,4.300019669411961],[-77.10035267713073,4.250019440697868]]]}},{"type":"Feature","properties":{"v":113.96},"geometry":{"type":"Polygon","coordinates":[[[-77.05035244841663,4.250019440697868],[-77.00035221970255,4.250019440697868],[-77.00035221970255,4.300019669411961],[-77.05035244841663,4.300019669411961],[-77.05035244841663,4.250019440697868]]]}},{"type":"Feature","properties":{"v":111.84},"geometry":{"type":"Polygon","coordinates":[[[-77.00035221970255,4.250019440697868],[-76.95035199098845,4.250019440697868],[-76.95035199098845,4.300019669411961],[-77.00035221970255,4.300019669411961],[-77.00035221970255,4.250019440697868]]]}},{"type":"Feature","properties":{"v":104.83},"geometry":{"type":"Polygon","coordinates":[[[-76.95035199098845,4.250019440697868],[-76.90035176227435,4.250019440697868],[-76.90035176227435,4.300019669411961],[-76.95035199098845,4.300019669411961],[-76.95035199098845,4.250019440697868]]]}},{"type":"Feature","properties":{"v":98.19},"geometry":{"type":"Polygon","coordinates":[[[-76.90035176227435,4.250019440697868],[-76.85035153356027,4.250019440697868],[-76.85035153356027,4.300019669411961],[-76.90035176227435,4.300019669411961],[-76.90035176227435,4.250019440697868]]]}},{"type":"Feature","properties":{"v":91.6},"geometry":{"type":"Polygon","coordinates":[[[-76.85035153356027,4.250019440697868],[-76.80035130484617,4.250019440697868],[-76.80035130484617,4.300019669411961],[-76.85035153356027,4.300019669411961],[-76.85035153356027,4.250019440697868]]]}},{"type":"Feature","properties":{"v":82.08},"geometry":{"type":"Polygon","coordinates":[[[-76.80035130484617,4.250019440697868],[-76.75035107613208,4.250019440697868],[-76.75035107613208,4.300019669411961],[-76.80035130484617,4.300019669411961],[-76.80035130484617,4.250019440697868]]]}},{"type":"Feature","properties":{"v":66.91},"geometry":{"type":"Polygon","coordinates":[[[-76.75035107613208,4.250019440697868],[-76.700350847418,4.250019440697868],[-76.700350847418,4.300019669411961],[-76.75035107613208,4.300019669411961],[-76.75035107613208,4.250019440697868]]]}},{"type":"Feature","properties":{"v":64.42},"geometry":{"type":"Polygon","coordinates":[[[-76.700350847418,4.250019440697868],[-76.6503506187039,4.250019440697868],[-76.6503506187039,4.300019669411961],[-76.700350847418,4.300019669411961],[-76.700350847418,4.250019440697868]]]}},{"type":"Feature","properties":{"v":46.78},"geometry":{"type":"Polygon","coordinates":[[[-76.6503506187039,4.250019440697868],[-76.6003503899898,4.250019440697868],[-76.6003503899898,4.300019669411961],[-76.6503506187039,4.300019669411961],[-76.6503506187039,4.250019440697868]]]}},{"type":"Feature","properties":{"v":37.13},"geometry":{"type":"Polygon","coordinates":[[[-76.6003503899898,4.250019440697868],[-76.55035016127572,4.250019440697868],[-76.55035016127572,4.300019669411961],[-76.6003503899898,4.300019669411961],[-76.6003503899898,4.250019440697868]]]}},{"type":"Feature","properties":{"v":27.95},"geometry":{"type":"Polygon","coordinates":[[[-76.55035016127572,4.250019440697868],[-76.50034993256162,4.250019440697868],[-76.50034993256162,4.300019669411961],[-76.55035016127572,4.300019669411961],[-76.55035016127572,4.250019440697868]]]}},{"type":"Feature","properties":{"v":23.99},"geometry":{"type":"Polygon","coordinates":[[[-76.50034993256162,4.250019440697868],[-76.45034970384752,4.250019440697868],[-76.45034970384752,4.300019669411961],[-76.50034993256162,4.300019669411961],[-76.50034993256162,4.250019440697868]]]}},{"type":"Feature","properties":{"v":20.86},"geometry":{"type":"Polygon","coordinates":[[[-76.45034970384752,4.250019440697868],[-76.40034947513344,4.250019440697868],[-76.40034947513344,4.300019669411961],[-76.45034970384752,4.300019669411961],[-76.45034970384752,4.250019440697868]]]}},{"type":"Feature","properties":{"v":16.98},"geometry":{"type":"Polygon","coordinates":[[[-76.40034947513344,4.250019440697868],[-76.35034924641934,4.250019440697868],[-76.35034924641934,4.300019669411961],[-76.40034947513344,4.300019669411961],[-76.40034947513344,4.250019440697868]]]}},{"type":"Feature","properties":{"v":14.51},"geometry":{"type":"Polygon","coordinates":[[[-76.35034924641934,4.250019440697868],[-76.30034901770524,4.250019440697868],[-76.30034901770524,4.300019669411961],[-76.35034924641934,4.300019669411961],[-76.35034924641934,4.250019440697868]]]}},{"type":"Feature","properties":{"v":13.29},"geometry":{"type":"Polygon","coordinates":[[[-76.30034901770524,4.250019440697868],[-76.25034878899116,4.250019440697868],[-76.25034878899116,4.300019669411961],[-76.30034901770524,4.300019669411961],[-76.30034901770524,4.250019440697868]]]}},{"type":"Feature","properties":{"v":9.75},"geometry":{"type":"Polygon","coordinates":[[[-76.25034878899116,4.250019440697868],[-76.20034856027706,4.250019440697868],[-76.20034856027706,4.300019669411961],[-76.25034878899116,4.300019669411961],[-76.25034878899116,4.250019440697868]]]}},{"type":"Feature","properties":{"v":12.78},"geometry":{"type":"Polygon","coordinates":[[[-76.20034856027706,4.250019440697868],[-76.15034833156297,4.250019440697868],[-76.15034833156297,4.300019669411961],[-76.20034856027706,4.300019669411961],[-76.20034856027706,4.250019440697868]]]}},{"type":"Feature","properties":{"v":9.43},"geometry":{"type":"Polygon","coordinates":[[[-76.15034833156297,4.250019440697868],[-76.10034810284888,4.250019440697868],[-76.10034810284888,4.300019669411961],[-76.15034833156297,4.300019669411961],[-76.15034833156297,4.250019440697868]]]}},{"type":"Feature","properties":{"v":9.6},"geometry":{"type":"Polygon","coordinates":[[[-76.10034810284888,4.250019440697868],[-76.05034787413479,4.250019440697868],[-76.05034787413479,4.300019669411961],[-76.10034810284888,4.300019669411961],[-76.10034810284888,4.250019440697868]]]}},{"type":"Feature","properties":{"v":9.14},"geometry":{"type":"Polygon","coordinates":[[[-76.05034787413479,4.250019440697868],[-76.00034764542069,4.250019440697868],[-76.00034764542069,4.300019669411961],[-76.05034787413479,4.300019669411961],[-76.05034787413479,4.250019440697868]]]}},{"type":"Feature","properties":{"v":9.46},"geometry":{"type":"Polygon","coordinates":[[[-76.00034764542069,4.250019440697868],[-75.9503474167066,4.250019440697868],[-75.9503474167066,4.300019669411961],[-76.00034764542069,4.300019669411961],[-76.00034764542069,4.250019440697868]]]}},{"type":"Feature","properties":{"v":9.09},"geometry":{"type":"Polygon","coordinates":[[[-75.9503474167066,4.250019440697868],[-75.90034718799251,4.250019440697868],[-75.90034718799251,4.300019669411961],[-75.9503474167066,4.300019669411961],[-75.9503474167066,4.250019440697868]]]}},{"type":"Feature","properties":{"v":8.06},"geometry":{"type":"Polygon","coordinates":[[[-75.90034718799251,4.250019440697868],[-75.85034695927841,4.250019440697868],[-75.85034695927841,4.300019669411961],[-75.90034718799251,4.300019669411961],[-75.90034718799251,4.250019440697868]]]}},{"type":"Feature","properties":{"v":5.31},"geometry":{"type":"Polygon","coordinates":[[[-75.85034695927841,4.250019440697868],[-75.80034673056433,4.250019440697868],[-75.80034673056433,4.300019669411961],[-75.85034695927841,4.300019669411961],[-75.85034695927841,4.250019440697868]]]}},{"type":"Feature","properties":{"v":4.63},"geometry":{"type":"Polygon","coordinates":[[[-75.80034673056433,4.250019440697868],[-75.75034650185023,4.250019440697868],[-75.75034650185023,4.300019669411961],[-75.80034673056433,4.300019669411961],[-75.80034673056433,4.250019440697868]]]}},{"type":"Feature","properties":{"v":5.8},"geometry":{"type":"Polygon","coordinates":[[[-75.75034650185023,4.250019440697868],[-75.70034627313613,4.250019440697868],[-75.70034627313613,4.300019669411961],[-75.75034650185023,4.300019669411961],[-75.75034650185023,4.250019440697868]]]}},{"type":"Feature","properties":{"v":5.86},"geometry":{"type":"Polygon","coordinates":[[[-75.70034627313613,4.250019440697868],[-75.65034604442205,4.250019440697868],[-75.65034604442205,4.300019669411961],[-75.70034627313613,4.300019669411961],[-75.70034627313613,4.250019440697868]]]}},{"type":"Feature","properties":{"v":8.03},"geometry":{"type":"Polygon","coordinates":[[[-75.65034604442205,4.250019440697868],[-75.60034581570795,4.250019440697868],[-75.60034581570795,4.300019669411961],[-75.65034604442205,4.300019669411961],[-75.65034604442205,4.250019440697868]]]}},{"type":"Feature","properties":{"v":9.64},"geometry":{"type":"Polygon","coordinates":[[[-75.60034581570795,4.250019440697868],[-75.55034558699386,4.250019440697868],[-75.55034558699386,4.300019669411961],[-75.60034581570795,4.300019669411961],[-75.60034581570795,4.250019440697868]]]}},{"type":"Feature","properties":{"v":8.5},"geometry":{"type":"Polygon","coordinates":[[[-75.55034558699386,4.250019440697868],[-75.50034535827977,4.250019440697868],[-75.50034535827977,4.300019669411961],[-75.55034558699386,4.300019669411961],[-75.55034558699386,4.250019440697868]]]}},{"type":"Feature","properties":{"v":8.84},"geometry":{"type":"Polygon","coordinates":[[[-75.50034535827977,4.250019440697868],[-75.45034512956568,4.250019440697868],[-75.45034512956568,4.300019669411961],[-75.50034535827977,4.300019669411961],[-75.50034535827977,4.250019440697868]]]}},{"type":"Feature","properties":{"v":7.21},"geometry":{"type":"Polygon","coordinates":[[[-75.45034512956568,4.250019440697868],[-75.40034490085158,4.250019440697868],[-75.40034490085158,4.300019669411961],[-75.45034512956568,4.300019669411961],[-75.45034512956568,4.250019440697868]]]}},{"type":"Feature","properties":{"v":5.7},"geometry":{"type":"Polygon","coordinates":[[[-75.40034490085158,4.250019440697868],[-75.3503446721375,4.250019440697868],[-75.3503446721375,4.300019669411961],[-75.40034490085158,4.300019669411961],[-75.40034490085158,4.250019440697868]]]}},{"type":"Feature","properties":{"v":3.1},"geometry":{"type":"Polygon","coordinates":[[[-75.3503446721375,4.250019440697868],[-75.3003444434234,4.250019440697868],[-75.3003444434234,4.300019669411961],[-75.3503446721375,4.300019669411961],[-75.3503446721375,4.250019440697868]]]}},{"type":"Feature","properties":{"v":1.88},"geometry":{"type":"Polygon","coordinates":[[[-75.3003444434234,4.250019440697868],[-75.2503442147093,4.250019440697868],[-75.2503442147093,4.300019669411961],[-75.3003444434234,4.300019669411961],[-75.3003444434234,4.250019440697868]]]}},{"type":"Feature","properties":{"v":2.37},"geometry":{"type":"Polygon","coordinates":[[[-75.2503442147093,4.250019440697868],[-75.20034398599522,4.250019440697868],[-75.20034398599522,4.300019669411961],[-75.2503442147093,4.300019669411961],[-75.2503442147093,4.250019440697868]]]}},{"type":"Feature","properties":{"v":1.56},"geometry":{"type":"Polygon","coordinates":[[[-75.20034398599522,4.250019440697868],[-75.15034375728112,4.250019440697868],[-75.15034375728112,4.300019669411961],[-75.20034398599522,4.300019669411961],[-75.20034398599522,4.250019440697868]]]}},{"type":"Feature","properties":{"v":1.49},"geometry":{"type":"Polygon","coordinates":[[[-75.15034375728112,4.250019440697868],[-75.10034352856702,4.250019440697868],[-75.10034352856702,4.300019669411961],[-75.15034375728112,4.300019669411961],[-75.15034375728112,4.250019440697868]]]}},{"type":"Feature","properties":{"v":139.63},"geometry":{"type":"Polygon","coordinates":[[[-77.55035473555756,4.200019211983776],[-77.50035450684346,4.200019211983776],[-77.50035450684346,4.250019440697868],[-77.55035473555756,4.250019440697868],[-77.55035473555756,4.200019211983776]]]}},{"type":"Feature","properties":{"v":124.49},"geometry":{"type":"Polygon","coordinates":[[[-77.50035450684346,4.200019211983776],[-77.45035427812938,4.200019211983776],[-77.45035427812938,4.250019440697868],[-77.50035450684346,4.250019440697868],[-77.50035450684346,4.200019211983776]]]}},{"type":"Feature","properties":{"v":141.13},"geometry":{"type":"Polygon","coordinates":[[[-77.45035427812938,4.200019211983776],[-77.40035404941528,4.200019211983776],[-77.40035404941528,4.250019440697868],[-77.45035427812938,4.250019440697868],[-77.45035427812938,4.200019211983776]]]}},{"type":"Feature","properties":{"v":136.72},"geometry":{"type":"Polygon","coordinates":[[[-77.40035404941528,4.200019211983776],[-77.35035382070119,4.200019211983776],[-77.35035382070119,4.250019440697868],[-77.40035404941528,4.250019440697868],[-77.40035404941528,4.200019211983776]]]}},{"type":"Feature","properties":{"v":135.03},"geometry":{"type":"Polygon","coordinates":[[[-77.35035382070119,4.200019211983776],[-77.3003535919871,4.200019211983776],[-77.3003535919871,4.250019440697868],[-77.35035382070119,4.250019440697868],[-77.35035382070119,4.200019211983776]]]}},{"type":"Feature","properties":{"v":132.56},"geometry":{"type":"Polygon","coordinates":[[[-77.3003535919871,4.200019211983776],[-77.250353363273,4.200019211983776],[-77.250353363273,4.250019440697868],[-77.3003535919871,4.250019440697868],[-77.3003535919871,4.200019211983776]]]}},{"type":"Feature","properties":{"v":132.97},"geometry":{"type":"Polygon","coordinates":[[[-77.250353363273,4.200019211983776],[-77.20035313455891,4.200019211983776],[-77.20035313455891,4.250019440697868],[-77.250353363273,4.250019440697868],[-77.250353363273,4.200019211983776]]]}},{"type":"Feature","properties":{"v":125.64},"geometry":{"type":"Polygon","coordinates":[[[-77.20035313455891,4.200019211983776],[-77.15035290584483,4.200019211983776],[-77.15035290584483,4.250019440697868],[-77.20035313455891,4.250019440697868],[-77.20035313455891,4.200019211983776]]]}},{"type":"Feature","properties":{"v":121.27},"geometry":{"type":"Polygon","coordinates":[[[-77.15035290584483,4.200019211983776],[-77.10035267713073,4.200019211983776],[-77.10035267713073,4.250019440697868],[-77.15035290584483,4.250019440697868],[-77.15035290584483,4.200019211983776]]]}},{"type":"Feature","properties":{"v":119.76},"geometry":{"type":"Polygon","coordinates":[[[-77.10035267713073,4.200019211983776],[-77.05035244841663,4.200019211983776],[-77.05035244841663,4.250019440697868],[-77.10035267713073,4.250019440697868],[-77.10035267713073,4.200019211983776]]]}},{"type":"Feature","properties":{"v":116.17},"geometry":{"type":"Polygon","coordinates":[[[-77.05035244841663,4.200019211983776],[-77.00035221970255,4.200019211983776],[-77.00035221970255,4.250019440697868],[-77.05035244841663,4.250019440697868],[-77.05035244841663,4.200019211983776]]]}},{"type":"Feature","properties":{"v":118.53},"geometry":{"type":"Polygon","coordinates":[[[-77.00035221970255,4.200019211983776],[-76.95035199098845,4.200019211983776],[-76.95035199098845,4.250019440697868],[-77.00035221970255,4.250019440697868],[-77.00035221970255,4.200019211983776]]]}},{"type":"Feature","properties":{"v":110.38},"geometry":{"type":"Polygon","coordinates":[[[-76.95035199098845,4.200019211983776],[-76.90035176227435,4.200019211983776],[-76.90035176227435,4.250019440697868],[-76.95035199098845,4.250019440697868],[-76.95035199098845,4.200019211983776]]]}},{"type":"Feature","properties":{"v":101.53},"geometry":{"type":"Polygon","coordinates":[[[-76.90035176227435,4.200019211983776],[-76.85035153356027,4.200019211983776],[-76.85035153356027,4.250019440697868],[-76.90035176227435,4.250019440697868],[-76.90035176227435,4.200019211983776]]]}},{"type":"Feature","properties":{"v":94.65},"geometry":{"type":"Polygon","coordinates":[[[-76.85035153356027,4.200019211983776],[-76.80035130484617,4.200019211983776],[-76.80035130484617,4.250019440697868],[-76.85035153356027,4.250019440697868],[-76.85035153356027,4.200019211983776]]]}},{"type":"Feature","properties":{"v":84.3},"geometry":{"type":"Polygon","coordinates":[[[-76.80035130484617,4.200019211983776],[-76.75035107613208,4.200019211983776],[-76.75035107613208,4.250019440697868],[-76.80035130484617,4.250019440697868],[-76.80035130484617,4.200019211983776]]]}},{"type":"Feature","properties":{"v":71.07},"geometry":{"type":"Polygon","coordinates":[[[-76.75035107613208,4.200019211983776],[-76.700350847418,4.200019211983776],[-76.700350847418,4.250019440697868],[-76.75035107613208,4.250019440697868],[-76.75035107613208,4.200019211983776]]]}},{"type":"Feature","properties":{"v":68.02},"geometry":{"type":"Polygon","coordinates":[[[-76.700350847418,4.200019211983776],[-76.6503506187039,4.200019211983776],[-76.6503506187039,4.250019440697868],[-76.700350847418,4.250019440697868],[-76.700350847418,4.200019211983776]]]}},{"type":"Feature","properties":{"v":51.75},"geometry":{"type":"Polygon","coordinates":[[[-76.6503506187039,4.200019211983776],[-76.6003503899898,4.200019211983776],[-76.6003503899898,4.250019440697868],[-76.6503506187039,4.250019440697868],[-76.6503506187039,4.200019211983776]]]}},{"type":"Feature","properties":{"v":40.03},"geometry":{"type":"Polygon","coordinates":[[[-76.6003503899898,4.200019211983776],[-76.55035016127572,4.200019211983776],[-76.55035016127572,4.250019440697868],[-76.6003503899898,4.250019440697868],[-76.6003503899898,4.200019211983776]]]}},{"type":"Feature","properties":{"v":31.55},"geometry":{"type":"Polygon","coordinates":[[[-76.55035016127572,4.200019211983776],[-76.50034993256162,4.200019211983776],[-76.50034993256162,4.250019440697868],[-76.55035016127572,4.250019440697868],[-76.55035016127572,4.200019211983776]]]}},{"type":"Feature","properties":{"v":24.09},"geometry":{"type":"Polygon","coordinates":[[[-76.50034993256162,4.200019211983776],[-76.45034970384752,4.200019211983776],[-76.45034970384752,4.250019440697868],[-76.50034993256162,4.250019440697868],[-76.50034993256162,4.200019211983776]]]}},{"type":"Feature","properties":{"v":21.77},"geometry":{"type":"Polygon","coordinates":[[[-76.45034970384752,4.200019211983776],[-76.40034947513344,4.200019211983776],[-76.40034947513344,4.250019440697868],[-76.45034970384752,4.250019440697868],[-76.45034970384752,4.200019211983776]]]}},{"type":"Feature","properties":{"v":16.11},"geometry":{"type":"Polygon","coordinates":[[[-76.40034947513344,4.200019211983776],[-76.35034924641934,4.200019211983776],[-76.35034924641934,4.250019440697868],[-76.40034947513344,4.250019440697868],[-76.40034947513344,4.200019211983776]]]}},{"type":"Feature","properties":{"v":15.19},"geometry":{"type":"Polygon","coordinates":[[[-76.35034924641934,4.200019211983776],[-76.30034901770524,4.200019211983776],[-76.30034901770524,4.250019440697868],[-76.35034924641934,4.250019440697868],[-76.35034924641934,4.200019211983776]]]}},{"type":"Feature","properties":{"v":14.5},"geometry":{"type":"Polygon","coordinates":[[[-76.30034901770524,4.200019211983776],[-76.25034878899116,4.200019211983776],[-76.25034878899116,4.250019440697868],[-76.30034901770524,4.250019440697868],[-76.30034901770524,4.200019211983776]]]}},{"type":"Feature","properties":{"v":10.97},"geometry":{"type":"Polygon","coordinates":[[[-76.25034878899116,4.200019211983776],[-76.20034856027706,4.200019211983776],[-76.20034856027706,4.250019440697868],[-76.25034878899116,4.250019440697868],[-76.25034878899116,4.200019211983776]]]}},{"type":"Feature","properties":{"v":13.47},"geometry":{"type":"Polygon","coordinates":[[[-76.20034856027706,4.200019211983776],[-76.15034833156297,4.200019211983776],[-76.15034833156297,4.250019440697868],[-76.20034856027706,4.250019440697868],[-76.20034856027706,4.200019211983776]]]}},{"type":"Feature","properties":{"v":9.11},"geometry":{"type":"Polygon","coordinates":[[[-76.15034833156297,4.200019211983776],[-76.10034810284888,4.200019211983776],[-76.10034810284888,4.250019440697868],[-76.15034833156297,4.250019440697868],[-76.15034833156297,4.200019211983776]]]}},{"type":"Feature","properties":{"v":7.61},"geometry":{"type":"Polygon","coordinates":[[[-76.10034810284888,4.200019211983776],[-76.05034787413479,4.200019211983776],[-76.05034787413479,4.250019440697868],[-76.10034810284888,4.250019440697868],[-76.10034810284888,4.200019211983776]]]}},{"type":"Feature","properties":{"v":8.73},"geometry":{"type":"Polygon","coordinates":[[[-76.05034787413479,4.200019211983776],[-76.00034764542069,4.200019211983776],[-76.00034764542069,4.250019440697868],[-76.05034787413479,4.250019440697868],[-76.05034787413479,4.200019211983776]]]}},{"type":"Feature","properties":{"v":7.82},"geometry":{"type":"Polygon","coordinates":[[[-76.00034764542069,4.200019211983776],[-75.9503474167066,4.200019211983776],[-75.9503474167066,4.250019440697868],[-76.00034764542069,4.250019440697868],[-76.00034764542069,4.200019211983776]]]}},{"type":"Feature","properties":{"v":7.33},"geometry":{"type":"Polygon","coordinates":[[[-75.9503474167066,4.200019211983776],[-75.90034718799251,4.200019211983776],[-75.90034718799251,4.250019440697868],[-75.9503474167066,4.250019440697868],[-75.9503474167066,4.200019211983776]]]}},{"type":"Feature","properties":{"v":8.29},"geometry":{"type":"Polygon","coordinates":[[[-75.90034718799251,4.200019211983776],[-75.85034695927841,4.200019211983776],[-75.85034695927841,4.250019440697868],[-75.90034718799251,4.250019440697868],[-75.90034718799251,4.200019211983776]]]}},{"type":"Feature","properties":{"v":5.09},"geometry":{"type":"Polygon","coordinates":[[[-75.85034695927841,4.200019211983776],[-75.80034673056433,4.200019211983776],[-75.80034673056433,4.250019440697868],[-75.85034695927841,4.250019440697868],[-75.85034695927841,4.200019211983776]]]}},{"type":"Feature","properties":{"v":4.21},"geometry":{"type":"Polygon","coordinates":[[[-75.80034673056433,4.200019211983776],[-75.75034650185023,4.200019211983776],[-75.75034650185023,4.250019440697868],[-75.80034673056433,4.250019440697868],[-75.80034673056433,4.200019211983776]]]}},{"type":"Feature","properties":{"v":5.5},"geometry":{"type":"Polygon","coordinates":[[[-75.75034650185023,4.200019211983776],[-75.70034627313613,4.200019211983776],[-75.70034627313613,4.250019440697868],[-75.75034650185023,4.250019440697868],[-75.75034650185023,4.200019211983776]]]}},{"type":"Feature","properties":{"v":7.13},"geometry":{"type":"Polygon","coordinates":[[[-75.70034627313613,4.200019211983776],[-75.65034604442205,4.200019211983776],[-75.65034604442205,4.250019440697868],[-75.70034627313613,4.250019440697868],[-75.70034627313613,4.200019211983776]]]}},{"type":"Feature","properties":{"v":8.98},"geometry":{"type":"Polygon","coordinates":[[[-75.65034604442205,4.200019211983776],[-75.60034581570795,4.200019211983776],[-75.60034581570795,4.250019440697868],[-75.65034604442205,4.250019440697868],[-75.65034604442205,4.200019211983776]]]}},{"type":"Feature","properties":{"v":9.86},"geometry":{"type":"Polygon","coordinates":[[[-75.60034581570795,4.200019211983776],[-75.55034558699386,4.200019211983776],[-75.55034558699386,4.250019440697868],[-75.60034581570795,4.250019440697868],[-75.60034581570795,4.200019211983776]]]}},{"type":"Feature","properties":{"v":7.95},"geometry":{"type":"Polygon","coordinates":[[[-75.55034558699386,4.200019211983776],[-75.50034535827977,4.200019211983776],[-75.50034535827977,4.250019440697868],[-75.55034558699386,4.250019440697868],[-75.55034558699386,4.200019211983776]]]}},{"type":"Feature","properties":{"v":7.36},"geometry":{"type":"Polygon","coordinates":[[[-75.50034535827977,4.200019211983776],[-75.45034512956568,4.200019211983776],[-75.45034512956568,4.250019440697868],[-75.50034535827977,4.250019440697868],[-75.50034535827977,4.200019211983776]]]}},{"type":"Feature","properties":{"v":5.6},"geometry":{"type":"Polygon","coordinates":[[[-75.45034512956568,4.200019211983776],[-75.40034490085158,4.200019211983776],[-75.40034490085158,4.250019440697868],[-75.45034512956568,4.250019440697868],[-75.45034512956568,4.200019211983776]]]}},{"type":"Feature","properties":{"v":3.99},"geometry":{"type":"Polygon","coordinates":[[[-75.40034490085158,4.200019211983776],[-75.3503446721375,4.200019211983776],[-75.3503446721375,4.250019440697868],[-75.40034490085158,4.250019440697868],[-75.40034490085158,4.200019211983776]]]}},{"type":"Feature","properties":{"v":2.66},"geometry":{"type":"Polygon","coordinates":[[[-75.3503446721375,4.200019211983776],[-75.3003444434234,4.200019211983776],[-75.3003444434234,4.250019440697868],[-75.3503446721375,4.250019440697868],[-75.3503446721375,4.200019211983776]]]}},{"type":"Feature","properties":{"v":1.44},"geometry":{"type":"Polygon","coordinates":[[[-75.3003444434234,4.200019211983776],[-75.2503442147093,4.200019211983776],[-75.2503442147093,4.250019440697868],[-75.3003444434234,4.250019440697868],[-75.3003444434234,4.200019211983776]]]}},{"type":"Feature","properties":{"v":1.63},"geometry":{"type":"Polygon","coordinates":[[[-75.2503442147093,4.200019211983776],[-75.20034398599522,4.200019211983776],[-75.20034398599522,4.250019440697868],[-75.2503442147093,4.250019440697868],[-75.2503442147093,4.200019211983776]]]}},{"type":"Feature","properties":{"v":1.61},"geometry":{"type":"Polygon","coordinates":[[[-75.20034398599522,4.200019211983776],[-75.15034375728112,4.200019211983776],[-75.15034375728112,4.250019440697868],[-75.20034398599522,4.250019440697868],[-75.20034398599522,4.200019211983776]]]}},{"type":"Feature","properties":{"v":1.61},"geometry":{"type":"Polygon","coordinates":[[[-75.15034375728112,4.200019211983776],[-75.10034352856702,4.200019211983776],[-75.10034352856702,4.250019440697868],[-75.15034375728112,4.250019440697868],[-75.15034375728112,4.200019211983776]]]}},{"type":"Feature","properties":{"v":135.63},"geometry":{"type":"Polygon","coordinates":[[[-77.55035473555756,4.150018983269684],[-77.50035450684346,4.150018983269684],[-77.50035450684346,4.200019211983776],[-77.55035473555756,4.200019211983776],[-77.55035473555756,4.150018983269684]]]}},{"type":"Feature","properties":{"v":125.22},"geometry":{"type":"Polygon","coordinates":[[[-77.50035450684346,4.150018983269684],[-77.45035427812938,4.150018983269684],[-77.45035427812938,4.200019211983776],[-77.50035450684346,4.200019211983776],[-77.50035450684346,4.150018983269684]]]}},{"type":"Feature","properties":{"v":141.38},"geometry":{"type":"Polygon","coordinates":[[[-77.45035427812938,4.150018983269684],[-77.40035404941528,4.150018983269684],[-77.40035404941528,4.200019211983776],[-77.45035427812938,4.200019211983776],[-77.45035427812938,4.150018983269684]]]}},{"type":"Feature","properties":{"v":135.52},"geometry":{"type":"Polygon","coordinates":[[[-77.40035404941528,4.150018983269684],[-77.35035382070119,4.150018983269684],[-77.35035382070119,4.200019211983776],[-77.40035404941528,4.200019211983776],[-77.40035404941528,4.150018983269684]]]}},{"type":"Feature","properties":{"v":132.62},"geometry":{"type":"Polygon","coordinates":[[[-77.35035382070119,4.150018983269684],[-77.3003535919871,4.150018983269684],[-77.3003535919871,4.200019211983776],[-77.35035382070119,4.200019211983776],[-77.35035382070119,4.150018983269684]]]}},{"type":"Feature","properties":{"v":131.04},"geometry":{"type":"Polygon","coordinates":[[[-77.3003535919871,4.150018983269684],[-77.250353363273,4.150018983269684],[-77.250353363273,4.200019211983776],[-77.3003535919871,4.200019211983776],[-77.3003535919871,4.150018983269684]]]}},{"type":"Feature","properties":{"v":132.21},"geometry":{"type":"Polygon","coordinates":[[[-77.250353363273,4.150018983269684],[-77.20035313455891,4.150018983269684],[-77.20035313455891,4.200019211983776],[-77.250353363273,4.200019211983776],[-77.250353363273,4.150018983269684]]]}},{"type":"Feature","properties":{"v":121.3},"geometry":{"type":"Polygon","coordinates":[[[-77.20035313455891,4.150018983269684],[-77.15035290584483,4.150018983269684],[-77.15035290584483,4.200019211983776],[-77.20035313455891,4.200019211983776],[-77.20035313455891,4.150018983269684]]]}},{"type":"Feature","properties":{"v":122.36},"geometry":{"type":"Polygon","coordinates":[[[-77.15035290584483,4.150018983269684],[-77.10035267713073,4.150018983269684],[-77.10035267713073,4.200019211983776],[-77.15035290584483,4.200019211983776],[-77.15035290584483,4.150018983269684]]]}},{"type":"Feature","properties":{"v":116.24},"geometry":{"type":"Polygon","coordinates":[[[-77.10035267713073,4.150018983269684],[-77.05035244841663,4.150018983269684],[-77.05035244841663,4.200019211983776],[-77.10035267713073,4.200019211983776],[-77.10035267713073,4.150018983269684]]]}},{"type":"Feature","properties":{"v":112.04},"geometry":{"type":"Polygon","coordinates":[[[-77.05035244841663,4.150018983269684],[-77.00035221970255,4.150018983269684],[-77.00035221970255,4.200019211983776],[-77.05035244841663,4.200019211983776],[-77.05035244841663,4.150018983269684]]]}},{"type":"Feature","properties":{"v":111.91},"geometry":{"type":"Polygon","coordinates":[[[-77.00035221970255,4.150018983269684],[-76.95035199098845,4.150018983269684],[-76.95035199098845,4.200019211983776],[-77.00035221970255,4.200019211983776],[-77.00035221970255,4.150018983269684]]]}},{"type":"Feature","properties":{"v":106.35},"geometry":{"type":"Polygon","coordinates":[[[-76.95035199098845,4.150018983269684],[-76.90035176227435,4.150018983269684],[-76.90035176227435,4.200019211983776],[-76.95035199098845,4.200019211983776],[-76.95035199098845,4.150018983269684]]]}},{"type":"Feature","properties":{"v":97.37},"geometry":{"type":"Polygon","coordinates":[[[-76.90035176227435,4.150018983269684],[-76.85035153356027,4.150018983269684],[-76.85035153356027,4.200019211983776],[-76.90035176227435,4.200019211983776],[-76.90035176227435,4.150018983269684]]]}},{"type":"Feature","properties":{"v":91.0},"geometry":{"type":"Polygon","coordinates":[[[-76.85035153356027,4.150018983269684],[-76.80035130484617,4.150018983269684],[-76.80035130484617,4.200019211983776],[-76.85035153356027,4.200019211983776],[-76.85035153356027,4.150018983269684]]]}},{"type":"Feature","properties":{"v":78.32},"geometry":{"type":"Polygon","coordinates":[[[-76.80035130484617,4.150018983269684],[-76.75035107613208,4.150018983269684],[-76.75035107613208,4.200019211983776],[-76.80035130484617,4.200019211983776],[-76.80035130484617,4.150018983269684]]]}},{"type":"Feature","properties":{"v":64.3},"geometry":{"type":"Polygon","coordinates":[[[-76.75035107613208,4.150018983269684],[-76.700350847418,4.150018983269684],[-76.700350847418,4.200019211983776],[-76.75035107613208,4.200019211983776],[-76.75035107613208,4.150018983269684]]]}},{"type":"Feature","properties":{"v":62.71},"geometry":{"type":"Polygon","coordinates":[[[-76.700350847418,4.150018983269684],[-76.6503506187039,4.150018983269684],[-76.6503506187039,4.200019211983776],[-76.700350847418,4.200019211983776],[-76.700350847418,4.150018983269684]]]}},{"type":"Feature","properties":{"v":49.21},"geometry":{"type":"Polygon","coordinates":[[[-76.6503506187039,4.150018983269684],[-76.6003503899898,4.150018983269684],[-76.6003503899898,4.200019211983776],[-76.6503506187039,4.200019211983776],[-76.6503506187039,4.150018983269684]]]}},{"type":"Feature","properties":{"v":30.9},"geometry":{"type":"Polygon","coordinates":[[[-76.6003503899898,4.150018983269684],[-76.55035016127572,4.150018983269684],[-76.55035016127572,4.200019211983776],[-76.6003503899898,4.200019211983776],[-76.6003503899898,4.150018983269684]]]}},{"type":"Feature","properties":{"v":28.57},"geometry":{"type":"Polygon","coordinates":[[[-76.55035016127572,4.150018983269684],[-76.50034993256162,4.150018983269684],[-76.50034993256162,4.200019211983776],[-76.55035016127572,4.200019211983776],[-76.55035016127572,4.150018983269684]]]}},{"type":"Feature","properties":{"v":23.42},"geometry":{"type":"Polygon","coordinates":[[[-76.50034993256162,4.150018983269684],[-76.45034970384752,4.150018983269684],[-76.45034970384752,4.200019211983776],[-76.50034993256162,4.200019211983776],[-76.50034993256162,4.150018983269684]]]}},{"type":"Feature","properties":{"v":19.13},"geometry":{"type":"Polygon","coordinates":[[[-76.45034970384752,4.150018983269684],[-76.40034947513344,4.150018983269684],[-76.40034947513344,4.200019211983776],[-76.45034970384752,4.200019211983776],[-76.45034970384752,4.150018983269684]]]}},{"type":"Feature","properties":{"v":15.07},"geometry":{"type":"Polygon","coordinates":[[[-76.40034947513344,4.150018983269684],[-76.35034924641934,4.150018983269684],[-76.35034924641934,4.200019211983776],[-76.40034947513344,4.200019211983776],[-76.40034947513344,4.150018983269684]]]}},{"type":"Feature","properties":{"v":16.01},"geometry":{"type":"Polygon","coordinates":[[[-76.35034924641934,4.150018983269684],[-76.30034901770524,4.150018983269684],[-76.30034901770524,4.200019211983776],[-76.35034924641934,4.200019211983776],[-76.35034924641934,4.150018983269684]]]}},{"type":"Feature","properties":{"v":12.33},"geometry":{"type":"Polygon","coordinates":[[[-76.30034901770524,4.150018983269684],[-76.25034878899116,4.150018983269684],[-76.25034878899116,4.200019211983776],[-76.30034901770524,4.200019211983776],[-76.30034901770524,4.150018983269684]]]}},{"type":"Feature","properties":{"v":9.49},"geometry":{"type":"Polygon","coordinates":[[[-76.25034878899116,4.150018983269684],[-76.20034856027706,4.150018983269684],[-76.20034856027706,4.200019211983776],[-76.25034878899116,4.200019211983776],[-76.25034878899116,4.150018983269684]]]}},{"type":"Feature","properties":{"v":9.17},"geometry":{"type":"Polygon","coordinates":[[[-76.20034856027706,4.150018983269684],[-76.15034833156297,4.150018983269684],[-76.15034833156297,4.200019211983776],[-76.20034856027706,4.200019211983776],[-76.20034856027706,4.150018983269684]]]}},{"type":"Feature","properties":{"v":8.29},"geometry":{"type":"Polygon","coordinates":[[[-76.15034833156297,4.150018983269684],[-76.10034810284888,4.150018983269684],[-76.10034810284888,4.200019211983776],[-76.15034833156297,4.200019211983776],[-76.15034833156297,4.150018983269684]]]}},{"type":"Feature","properties":{"v":9.27},"geometry":{"type":"Polygon","coordinates":[[[-76.10034810284888,4.150018983269684],[-76.05034787413479,4.150018983269684],[-76.05034787413479,4.200019211983776],[-76.10034810284888,4.200019211983776],[-76.10034810284888,4.150018983269684]]]}},{"type":"Feature","properties":{"v":8.19},"geometry":{"type":"Polygon","coordinates":[[[-76.05034787413479,4.150018983269684],[-76.00034764542069,4.150018983269684],[-76.00034764542069,4.200019211983776],[-76.05034787413479,4.200019211983776],[-76.05034787413479,4.150018983269684]]]}},{"type":"Feature","properties":{"v":8.14},"geometry":{"type":"Polygon","coordinates":[[[-76.00034764542069,4.150018983269684],[-75.9503474167066,4.150018983269684],[-75.9503474167066,4.200019211983776],[-76.00034764542069,4.200019211983776],[-76.00034764542069,4.150018983269684]]]}},{"type":"Feature","properties":{"v":7.91},"geometry":{"type":"Polygon","coordinates":[[[-75.9503474167066,4.150018983269684],[-75.90034718799251,4.150018983269684],[-75.90034718799251,4.200019211983776],[-75.9503474167066,4.200019211983776],[-75.9503474167066,4.150018983269684]]]}},{"type":"Feature","properties":{"v":7.61},"geometry":{"type":"Polygon","coordinates":[[[-75.90034718799251,4.150018983269684],[-75.85034695927841,4.150018983269684],[-75.85034695927841,4.200019211983776],[-75.90034718799251,4.200019211983776],[-75.90034718799251,4.150018983269684]]]}},{"type":"Feature","properties":{"v":4.17},"geometry":{"type":"Polygon","coordinates":[[[-75.85034695927841,4.150018983269684],[-75.80034673056433,4.150018983269684],[-75.80034673056433,4.200019211983776],[-75.85034695927841,4.200019211983776],[-75.85034695927841,4.150018983269684]]]}},{"type":"Feature","properties":{"v":4.76},"geometry":{"type":"Polygon","coordinates":[[[-75.80034673056433,4.150018983269684],[-75.75034650185023,4.150018983269684],[-75.75034650185023,4.200019211983776],[-75.80034673056433,4.200019211983776],[-75.80034673056433,4.150018983269684]]]}},{"type":"Feature","properties":{"v":6.51},"geometry":{"type":"Polygon","coordinates":[[[-75.75034650185023,4.150018983269684],[-75.70034627313613,4.150018983269684],[-75.70034627313613,4.200019211983776],[-75.75034650185023,4.200019211983776],[-75.75034650185023,4.150018983269684]]]}},{"type":"Feature","properties":{"v":7.35},"geometry":{"type":"Polygon","coordinates":[[[-75.70034627313613,4.150018983269684],[-75.65034604442205,4.150018983269684],[-75.65034604442205,4.200019211983776],[-75.70034627313613,4.200019211983776],[-75.70034627313613,4.150018983269684]]]}},{"type":"Feature","properties":{"v":6.89},"geometry":{"type":"Polygon","coordinates":[[[-75.65034604442205,4.150018983269684],[-75.60034581570795,4.150018983269684],[-75.60034581570795,4.200019211983776],[-75.65034604442205,4.200019211983776],[-75.65034604442205,4.150018983269684]]]}},{"type":"Feature","properties":{"v":7.11},"geometry":{"type":"Polygon","coordinates":[[[-75.60034581570795,4.150018983269684],[-75.55034558699386,4.150018983269684],[-75.55034558699386,4.200019211983776],[-75.60034581570795,4.200019211983776],[-75.60034581570795,4.150018983269684]]]}},{"type":"Feature","properties":{"v":6.39},"geometry":{"type":"Polygon","coordinates":[[[-75.55034558699386,4.150018983269684],[-75.50034535827977,4.150018983269684],[-75.50034535827977,4.200019211983776],[-75.55034558699386,4.200019211983776],[-75.55034558699386,4.150018983269684]]]}},{"type":"Feature","properties":{"v":5.89},"geometry":{"type":"Polygon","coordinates":[[[-75.50034535827977,4.150018983269684],[-75.45034512956568,4.150018983269684],[-75.45034512956568,4.200019211983776],[-75.50034535827977,4.200019211983776],[-75.50034535827977,4.150018983269684]]]}},{"type":"Feature","properties":{"v":4.09},"geometry":{"type":"Polygon","coordinates":[[[-75.45034512956568,4.150018983269684],[-75.40034490085158,4.150018983269684],[-75.40034490085158,4.200019211983776],[-75.45034512956568,4.200019211983776],[-75.45034512956568,4.150018983269684]]]}},{"type":"Feature","properties":{"v":2.87},"geometry":{"type":"Polygon","coordinates":[[[-75.40034490085158,4.150018983269684],[-75.3503446721375,4.150018983269684],[-75.3503446721375,4.200019211983776],[-75.40034490085158,4.200019211983776],[-75.40034490085158,4.150018983269684]]]}},{"type":"Feature","properties":{"v":2.42},"geometry":{"type":"Polygon","coordinates":[[[-75.3503446721375,4.150018983269684],[-75.3003444434234,4.150018983269684],[-75.3003444434234,4.200019211983776],[-75.3503446721375,4.200019211983776],[-75.3503446721375,4.150018983269684]]]}},{"type":"Feature","properties":{"v":2.17},"geometry":{"type":"Polygon","coordinates":[[[-75.3003444434234,4.150018983269684],[-75.2503442147093,4.150018983269684],[-75.2503442147093,4.200019211983776],[-75.3003444434234,4.200019211983776],[-75.3003444434234,4.150018983269684]]]}},{"type":"Feature","properties":{"v":2.06},"geometry":{"type":"Polygon","coordinates":[[[-75.2503442147093,4.150018983269684],[-75.20034398599522,4.150018983269684],[-75.20034398599522,4.200019211983776],[-75.2503442147093,4.200019211983776],[-75.2503442147093,4.150018983269684]]]}},{"type":"Feature","properties":{"v":0.0},"geometry":{"type":"Polygon","coordinates":[[[-75.20034398599522,4.150018983269684],[-75.15034375728112,4.150018983269684],[-75.15034375728112,4.200019211983776],[-75.20034398599522,4.200019211983776],[-75.20034398599522,4.150018983269684]]]}},{"type":"Feature","properties":{"v":0.0},"geometry":{"type":"Polygon","coordinates":[[[-75.15034375728112,4.150018983269684],[-75.10034352856702,4.150018983269684],[-75.10034352856702,4.200019211983776],[-75.15034375728112,4.200019211983776],[-75.15034375728112,4.150018983269684]]]}},{"type":"Feature","properties":{"v":123.51},"geometry":{"type":"Polygon","coordinates":[[[-77.55035473555756,4.100018754555591],[-77.50035450684346,4.100018754555591],[-77.50035450684346,4.150018983269684],[-77.55035473555756,4.150018983269684],[-77.55035473555756,4.100018754555591]]]}},{"type":"Feature","properties":{"v":122.27},"geometry":{"type":"Polygon","coordinates":[[[-77.50035450684346,4.100018754555591],[-77.45035427812938,4.100018754555591],[-77.45035427812938,4.150018983269684],[-77.50035450684346,4.150018983269684],[-77.50035450684346,4.100018754555591]]]}},{"type":"Feature","properties":{"v":138.03},"geometry":{"type":"Polygon","coordinates":[[[-77.45035427812938,4.100018754555591],[-77.40035404941528,4.100018754555591],[-77.40035404941528,4.150018983269684],[-77.45035427812938,4.150018983269684],[-77.45035427812938,4.100018754555591]]]}},{"type":"Feature","properties":{"v":131.8},"geometry":{"type":"Polygon","coordinates":[[[-77.40035404941528,4.100018754555591],[-77.35035382070119,4.100018754555591],[-77.35035382070119,4.150018983269684],[-77.40035404941528,4.150018983269684],[-77.40035404941528,4.100018754555591]]]}},{"type":"Feature","properties":{"v":126.88},"geometry":{"type":"Polygon","coordinates":[[[-77.35035382070119,4.100018754555591],[-77.3003535919871,4.100018754555591],[-77.3003535919871,4.150018983269684],[-77.35035382070119,4.150018983269684],[-77.35035382070119,4.100018754555591]]]}},{"type":"Feature","properties":{"v":120.14},"geometry":{"type":"Polygon","coordinates":[[[-77.3003535919871,4.100018754555591],[-77.250353363273,4.100018754555591],[-77.250353363273,4.150018983269684],[-77.3003535919871,4.150018983269684],[-77.3003535919871,4.100018754555591]]]}},{"type":"Feature","properties":{"v":122.45},"geometry":{"type":"Polygon","coordinates":[[[-77.250353363273,4.100018754555591],[-77.20035313455891,4.100018754555591],[-77.20035313455891,4.150018983269684],[-77.250353363273,4.150018983269684],[-77.250353363273,4.100018754555591]]]}},{"type":"Feature","properties":{"v":117.54},"geometry":{"type":"Polygon","coordinates":[[[-77.20035313455891,4.100018754555591],[-77.15035290584483,4.100018754555591],[-77.15035290584483,4.150018983269684],[-77.20035313455891,4.150018983269684],[-77.20035313455891,4.100018754555591]]]}},{"type":"Feature","properties":{"v":114.64},"geometry":{"type":"Polygon","coordinates":[[[-77.15035290584483,4.100018754555591],[-77.10035267713073,4.100018754555591],[-77.10035267713073,4.150018983269684],[-77.15035290584483,4.150018983269684],[-77.15035290584483,4.100018754555591]]]}},{"type":"Feature","properties":{"v":111.63},"geometry":{"type":"Polygon","coordinates":[[[-77.10035267713073,4.100018754555591],[-77.05035244841663,4.100018754555591],[-77.05035244841663,4.150018983269684],[-77.10035267713073,4.150018983269684],[-77.10035267713073,4.100018754555591]]]}},{"type":"Feature","properties":{"v":104.91},"geometry":{"type":"Polygon","coordinates":[[[-77.05035244841663,4.100018754555591],[-77.00035221970255,4.100018754555591],[-77.00035221970255,4.150018983269684],[-77.05035244841663,4.150018983269684],[-77.05035244841663,4.100018754555591]]]}},{"type":"Feature","properties":{"v":107.39},"geometry":{"type":"Polygon","coordinates":[[[-77.00035221970255,4.100018754555591],[-76.95035199098845,4.100018754555591],[-76.95035199098845,4.150018983269684],[-77.00035221970255,4.150018983269684],[-77.00035221970255,4.100018754555591]]]}},{"type":"Feature","properties":{"v":98.01},"geometry":{"type":"Polygon","coordinates":[[[-76.95035199098845,4.100018754555591],[-76.90035176227435,4.100018754555591],[-76.90035176227435,4.150018983269684],[-76.95035199098845,4.150018983269684],[-76.95035199098845,4.100018754555591]]]}},{"type":"Feature","properties":{"v":86.56},"geometry":{"type":"Polygon","coordinates":[[[-76.90035176227435,4.100018754555591],[-76.85035153356027,4.100018754555591],[-76.85035153356027,4.150018983269684],[-76.90035176227435,4.150018983269684],[-76.90035176227435,4.100018754555591]]]}},{"type":"Feature","properties":{"v":81.32},"geometry":{"type":"Polygon","coordinates":[[[-76.85035153356027,4.100018754555591],[-76.80035130484617,4.100018754555591],[-76.80035130484617,4.150018983269684],[-76.85035153356027,4.150018983269684],[-76.85035153356027,4.100018754555591]]]}},{"type":"Feature","properties":{"v":71.51},"geometry":{"type":"Polygon","coordinates":[[[-76.80035130484617,4.100018754555591],[-76.75035107613208,4.100018754555591],[-76.75035107613208,4.150018983269684],[-76.80035130484617,4.150018983269684],[-76.80035130484617,4.100018754555591]]]}},{"type":"Feature","properties":{"v":60.85},"geometry":{"type":"Polygon","coordinates":[[[-76.75035107613208,4.100018754555591],[-76.700350847418,4.100018754555591],[-76.700350847418,4.150018983269684],[-76.75035107613208,4.150018983269684],[-76.75035107613208,4.100018754555591]]]}},{"type":"Feature","properties":{"v":58.32},"geometry":{"type":"Polygon","coordinates":[[[-76.700350847418,4.100018754555591],[-76.6503506187039,4.100018754555591],[-76.6503506187039,4.150018983269684],[-76.700350847418,4.150018983269684],[-76.700350847418,4.100018754555591]]]}},{"type":"Feature","properties":{"v":44.46},"geometry":{"type":"Polygon","coordinates":[[[-76.6503506187039,4.100018754555591],[-76.6003503899898,4.100018754555591],[-76.6003503899898,4.150018983269684],[-76.6503506187039,4.150018983269684],[-76.6503506187039,4.100018754555591]]]}},{"type":"Feature","properties":{"v":29.8},"geometry":{"type":"Polygon","coordinates":[[[-76.6003503899898,4.100018754555591],[-76.55035016127572,4.100018754555591],[-76.55035016127572,4.150018983269684],[-76.6003503899898,4.150018983269684],[-76.6003503899898,4.100018754555591]]]}},{"type":"Feature","properties":{"v":31.87},"geometry":{"type":"Polygon","coordinates":[[[-76.55035016127572,4.100018754555591],[-76.50034993256162,4.100018754555591],[-76.50034993256162,4.150018983269684],[-76.55035016127572,4.150018983269684],[-76.55035016127572,4.100018754555591]]]}},{"type":"Feature","properties":{"v":25.14},"geometry":{"type":"Polygon","coordinates":[[[-76.50034993256162,4.100018754555591],[-76.45034970384752,4.100018754555591],[-76.45034970384752,4.150018983269684],[-76.50034993256162,4.150018983269684],[-76.50034993256162,4.100018754555591]]]}},{"type":"Feature","properties":{"v":14.69},"geometry":{"type":"Polygon","coordinates":[[[-76.45034970384752,4.100018754555591],[-76.40034947513344,4.100018754555591],[-76.40034947513344,4.150018983269684],[-76.45034970384752,4.150018983269684],[-76.45034970384752,4.100018754555591]]]}},{"type":"Feature","properties":{"v":12.68},"geometry":{"type":"Polygon","coordinates":[[[-76.40034947513344,4.100018754555591],[-76.35034924641934,4.100018754555591],[-76.35034924641934,4.150018983269684],[-76.40034947513344,4.150018983269684],[-76.40034947513344,4.100018754555591]]]}},{"type":"Feature","properties":{"v":12.25},"geometry":{"type":"Polygon","coordinates":[[[-76.35034924641934,4.100018754555591],[-76.30034901770524,4.100018754555591],[-76.30034901770524,4.150018983269684],[-76.35034924641934,4.150018983269684],[-76.35034924641934,4.100018754555591]]]}},{"type":"Feature","properties":{"v":10.14},"geometry":{"type":"Polygon","coordinates":[[[-76.30034901770524,4.100018754555591],[-76.25034878899116,4.100018754555591],[-76.25034878899116,4.150018983269684],[-76.30034901770524,4.150018983269684],[-76.30034901770524,4.100018754555591]]]}},{"type":"Feature","properties":{"v":7.9},"geometry":{"type":"Polygon","coordinates":[[[-76.25034878899116,4.100018754555591],[-76.20034856027706,4.100018754555591],[-76.20034856027706,4.150018983269684],[-76.25034878899116,4.150018983269684],[-76.25034878899116,4.100018754555591]]]}},{"type":"Feature","properties":{"v":7.95},"geometry":{"type":"Polygon","coordinates":[[[-76.20034856027706,4.100018754555591],[-76.15034833156297,4.100018754555591],[-76.15034833156297,4.150018983269684],[-76.20034856027706,4.150018983269684],[-76.20034856027706,4.100018754555591]]]}},{"type":"Feature","properties":{"v":6.78},"geometry":{"type":"Polygon","coordinates":[[[-76.15034833156297,4.100018754555591],[-76.10034810284888,4.100018754555591],[-76.10034810284888,4.150018983269684],[-76.15034833156297,4.150018983269684],[-76.15034833156297,4.100018754555591]]]}},{"type":"Feature","properties":{"v":8.06},"geometry":{"type":"Polygon","coordinates":[[[-76.10034810284888,4.100018754555591],[-76.05034787413479,4.100018754555591],[-76.05034787413479,4.150018983269684],[-76.10034810284888,4.150018983269684],[-76.10034810284888,4.100018754555591]]]}},{"type":"Feature","properties":{"v":7.13},"geometry":{"type":"Polygon","coordinates":[[[-76.05034787413479,4.100018754555591],[-76.00034764542069,4.100018754555591],[-76.00034764542069,4.150018983269684],[-76.05034787413479,4.150018983269684],[-76.05034787413479,4.100018754555591]]]}},{"type":"Feature","properties":{"v":7.82},"geometry":{"type":"Polygon","coordinates":[[[-76.00034764542069,4.100018754555591],[-75.9503474167066,4.100018754555591],[-75.9503474167066,4.150018983269684],[-76.00034764542069,4.150018983269684],[-76.00034764542069,4.100018754555591]]]}},{"type":"Feature","properties":{"v":6.75},"geometry":{"type":"Polygon","coordinates":[[[-75.9503474167066,4.100018754555591],[-75.90034718799251,4.100018754555591],[-75.90034718799251,4.150018983269684],[-75.9503474167066,4.150018983269684],[-75.9503474167066,4.100018754555591]]]}},{"type":"Feature","properties":{"v":7.15},"geometry":{"type":"Polygon","coordinates":[[[-75.90034718799251,4.100018754555591],[-75.85034695927841,4.100018754555591],[-75.85034695927841,4.150018983269684],[-75.90034718799251,4.150018983269684],[-75.90034718799251,4.100018754555591]]]}},{"type":"Feature","properties":{"v":3.9},"geometry":{"type":"Polygon","coordinates":[[[-75.85034695927841,4.100018754555591],[-75.80034673056433,4.100018754555591],[-75.80034673056433,4.150018983269684],[-75.85034695927841,4.150018983269684],[-75.85034695927841,4.100018754555591]]]}},{"type":"Feature","properties":{"v":4.18},"geometry":{"type":"Polygon","coordinates":[[[-75.80034673056433,4.100018754555591],[-75.75034650185023,4.100018754555591],[-75.75034650185023,4.150018983269684],[-75.80034673056433,4.150018983269684],[-75.80034673056433,4.100018754555591]]]}},{"type":"Feature","properties":{"v":5.82},"geometry":{"type":"Polygon","coordinates":[[[-75.75034650185023,4.100018754555591],[-75.70034627313613,4.100018754555591],[-75.70034627313613,4.150018983269684],[-75.75034650185023,4.150018983269684],[-75.75034650185023,4.100018754555591]]]}},{"type":"Feature","properties":{"v":6.47},"geometry":{"type":"Polygon","coordinates":[[[-75.70034627313613,4.100018754555591],[-75.65034604442205,4.100018754555591],[-75.65034604442205,4.150018983269684],[-75.70034627313613,4.150018983269684],[-75.70034627313613,4.100018754555591]]]}},{"type":"Feature","properties":{"v":6.24},"geometry":{"type":"Polygon","coordinates":[[[-75.65034604442205,4.100018754555591],[-75.60034581570795,4.100018754555591],[-75.60034581570795,4.150018983269684],[-75.65034604442205,4.150018983269684],[-75.65034604442205,4.100018754555591]]]}},{"type":"Feature","properties":{"v":5.11},"geometry":{"type":"Polygon","coordinates":[[[-75.60034581570795,4.100018754555591],[-75.55034558699386,4.100018754555591],[-75.55034558699386,4.150018983269684],[-75.60034581570795,4.150018983269684],[-75.60034581570795,4.100018754555591]]]}},{"type":"Feature","properties":{"v":5.74},"geometry":{"type":"Polygon","coordinates":[[[-75.55034558699386,4.100018754555591],[-75.50034535827977,4.100018754555591],[-75.50034535827977,4.150018983269684],[-75.55034558699386,4.150018983269684],[-75.55034558699386,4.100018754555591]]]}},{"type":"Feature","properties":{"v":4.23},"geometry":{"type":"Polygon","coordinates":[[[-75.50034535827977,4.100018754555591],[-75.45034512956568,4.100018754555591],[-75.45034512956568,4.150018983269684],[-75.50034535827977,4.150018983269684],[-75.50034535827977,4.100018754555591]]]}},{"type":"Feature","properties":{"v":3.53},"geometry":{"type":"Polygon","coordinates":[[[-75.45034512956568,4.100018754555591],[-75.40034490085158,4.100018754555591],[-75.40034490085158,4.150018983269684],[-75.45034512956568,4.150018983269684],[-75.45034512956568,4.100018754555591]]]}},{"type":"Feature","properties":{"v":3.63},"geometry":{"type":"Polygon","coordinates":[[[-75.40034490085158,4.100018754555591],[-75.3503446721375,4.100018754555591],[-75.3503446721375,4.150018983269684],[-75.40034490085158,4.150018983269684],[-75.40034490085158,4.100018754555591]]]}},{"type":"Feature","properties":{"v":2.91},"geometry":{"type":"Polygon","coordinates":[[[-75.3503446721375,4.100018754555591],[-75.3003444434234,4.100018754555591],[-75.3003444434234,4.150018983269684],[-75.3503446721375,4.150018983269684],[-75.3503446721375,4.100018754555591]]]}},{"type":"Feature","properties":{"v":2.09},"geometry":{"type":"Polygon","coordinates":[[[-75.3003444434234,4.100018754555591],[-75.2503442147093,4.100018754555591],[-75.2503442147093,4.150018983269684],[-75.3003444434234,4.150018983269684],[-75.3003444434234,4.100018754555591]]]}},{"type":"Feature","properties":{"v":1.77},"geometry":{"type":"Polygon","coordinates":[[[-75.2503442147093,4.100018754555591],[-75.20034398599522,4.100018754555591],[-75.20034398599522,4.150018983269684],[-75.2503442147093,4.150018983269684],[-75.2503442147093,4.100018754555591]]]}},{"type":"Feature","properties":{"v":2.06},"geometry":{"type":"Polygon","coordinates":[[[-75.20034398599522,4.100018754555591],[-75.15034375728112,4.100018754555591],[-75.15034375728112,4.150018983269684],[-75.20034398599522,4.150018983269684],[-75.20034398599522,4.100018754555591]]]}},{"type":"Feature","properties":{"v":1.47},"geometry":{"type":"Polygon","coordinates":[[[-75.15034375728112,4.100018754555591],[-75.10034352856702,4.100018754555591],[-75.10034352856702,4.150018983269684],[-75.15034375728112,4.150018983269684],[-75.15034375728112,4.100018754555591]]]}},{"type":"Feature","properties":{"v":114.29},"geometry":{"type":"Polygon","coordinates":[[[-77.50035450684346,4.050018525841498],[-77.45035427812938,4.050018525841498],[-77.45035427812938,4.100018754555591],[-77.50035450684346,4.100018754555591],[-77.50035450684346,4.050018525841498]]]}},{"type":"Feature","properties":{"v":116.95},"geometry":{"type":"Polygon","coordinates":[[[-77.45035427812938,4.050018525841498],[-77.40035404941528,4.050018525841498],[-77.40035404941528,4.100018754555591],[-77.45035427812938,4.100018754555591],[-77.45035427812938,4.050018525841498]]]}},{"type":"Feature","properties":{"v":124.53},"geometry":{"type":"Polygon","coordinates":[[[-77.40035404941528,4.050018525841498],[-77.35035382070119,4.050018525841498],[-77.35035382070119,4.100018754555591],[-77.40035404941528,4.100018754555591],[-77.40035404941528,4.050018525841498]]]}},{"type":"Feature","properties":{"v":118.11},"geometry":{"type":"Polygon","coordinates":[[[-77.35035382070119,4.050018525841498],[-77.3003535919871,4.050018525841498],[-77.3003535919871,4.100018754555591],[-77.35035382070119,4.100018754555591],[-77.35035382070119,4.050018525841498]]]}},{"type":"Feature","properties":{"v":116.59},"geometry":{"type":"Polygon","coordinates":[[[-77.3003535919871,4.050018525841498],[-77.250353363273,4.050018525841498],[-77.250353363273,4.100018754555591],[-77.3003535919871,4.100018754555591],[-77.3003535919871,4.050018525841498]]]}},{"type":"Feature","properties":{"v":121.94},"geometry":{"type":"Polygon","coordinates":[[[-77.250353363273,4.050018525841498],[-77.20035313455891,4.050018525841498],[-77.20035313455891,4.100018754555591],[-77.250353363273,4.100018754555591],[-77.250353363273,4.050018525841498]]]}},{"type":"Feature","properties":{"v":118.67},"geometry":{"type":"Polygon","coordinates":[[[-77.20035313455891,4.050018525841498],[-77.15035290584483,4.050018525841498],[-77.15035290584483,4.100018754555591],[-77.20035313455891,4.100018754555591],[-77.20035313455891,4.050018525841498]]]}},{"type":"Feature","properties":{"v":111.68},"geometry":{"type":"Polygon","coordinates":[[[-77.15035290584483,4.050018525841498],[-77.10035267713073,4.050018525841498],[-77.10035267713073,4.100018754555591],[-77.15035290584483,4.100018754555591],[-77.15035290584483,4.050018525841498]]]}},{"type":"Feature","properties":{"v":108.71},"geometry":{"type":"Polygon","coordinates":[[[-77.10035267713073,4.050018525841498],[-77.05035244841663,4.050018525841498],[-77.05035244841663,4.100018754555591],[-77.10035267713073,4.100018754555591],[-77.10035267713073,4.050018525841498]]]}},{"type":"Feature","properties":{"v":100.68},"geometry":{"type":"Polygon","coordinates":[[[-77.05035244841663,4.050018525841498],[-77.00035221970255,4.050018525841498],[-77.00035221970255,4.100018754555591],[-77.05035244841663,4.100018754555591],[-77.05035244841663,4.050018525841498]]]}},{"type":"Feature","properties":{"v":99.95},"geometry":{"type":"Polygon","coordinates":[[[-77.00035221970255,4.050018525841498],[-76.95035199098845,4.050018525841498],[-76.95035199098845,4.100018754555591],[-77.00035221970255,4.100018754555591],[-77.00035221970255,4.050018525841498]]]}},{"type":"Feature","properties":{"v":93.74},"geometry":{"type":"Polygon","coordinates":[[[-76.95035199098845,4.050018525841498],[-76.90035176227435,4.050018525841498],[-76.90035176227435,4.100018754555591],[-76.95035199098845,4.100018754555591],[-76.95035199098845,4.050018525841498]]]}},{"type":"Feature","properties":{"v":84.99},"geometry":{"type":"Polygon","coordinates":[[[-76.90035176227435,4.050018525841498],[-76.85035153356027,4.050018525841498],[-76.85035153356027,4.100018754555591],[-76.90035176227435,4.100018754555591],[-76.90035176227435,4.050018525841498]]]}},{"type":"Feature","properties":{"v":85.77},"geometry":{"type":"Polygon","coordinates":[[[-76.85035153356027,4.050018525841498],[-76.80035130484617,4.050018525841498],[-76.80035130484617,4.100018754555591],[-76.85035153356027,4.100018754555591],[-76.85035153356027,4.050018525841498]]]}},{"type":"Feature","properties":{"v":77.27},"geometry":{"type":"Polygon","coordinates":[[[-76.80035130484617,4.050018525841498],[-76.75035107613208,4.050018525841498],[-76.75035107613208,4.100018754555591],[-76.80035130484617,4.100018754555591],[-76.80035130484617,4.050018525841498]]]}},{"type":"Feature","properties":{"v":65.24},"geometry":{"type":"Polygon","coordinates":[[[-76.75035107613208,4.050018525841498],[-76.700350847418,4.050018525841498],[-76.700350847418,4.100018754555591],[-76.75035107613208,4.100018754555591],[-76.75035107613208,4.050018525841498]]]}},{"type":"Feature","properties":{"v":56.67},"geometry":{"type":"Polygon","coordinates":[[[-76.700350847418,4.050018525841498],[-76.6503506187039,4.050018525841498],[-76.6503506187039,4.100018754555591],[-76.700350847418,4.100018754555591],[-76.700350847418,4.050018525841498]]]}},{"type":"Feature","properties":{"v":43.16},"geometry":{"type":"Polygon","coordinates":[[[-76.6503506187039,4.050018525841498],[-76.6003503899898,4.050018525841498],[-76.6003503899898,4.100018754555591],[-76.6503506187039,4.100018754555591],[-76.6503506187039,4.050018525841498]]]}},{"type":"Feature","properties":{"v":28.14},"geometry":{"type":"Polygon","coordinates":[[[-76.6003503899898,4.050018525841498],[-76.55035016127572,4.050018525841498],[-76.55035016127572,4.100018754555591],[-76.6003503899898,4.100018754555591],[-76.6003503899898,4.050018525841498]]]}},{"type":"Feature","properties":{"v":30.92},"geometry":{"type":"Polygon","coordinates":[[[-76.55035016127572,4.050018525841498],[-76.50034993256162,4.050018525841498],[-76.50034993256162,4.100018754555591],[-76.55035016127572,4.100018754555591],[-76.55035016127572,4.050018525841498]]]}},{"type":"Feature","properties":{"v":25.38},"geometry":{"type":"Polygon","coordinates":[[[-76.50034993256162,4.050018525841498],[-76.45034970384752,4.050018525841498],[-76.45034970384752,4.100018754555591],[-76.50034993256162,4.100018754555591],[-76.50034993256162,4.050018525841498]]]}},{"type":"Feature","properties":{"v":17.39},"geometry":{"type":"Polygon","coordinates":[[[-76.45034970384752,4.050018525841498],[-76.40034947513344,4.050018525841498],[-76.40034947513344,4.100018754555591],[-76.45034970384752,4.100018754555591],[-76.45034970384752,4.050018525841498]]]}},{"type":"Feature","properties":{"v":12.74},"geometry":{"type":"Polygon","coordinates":[[[-76.40034947513344,4.050018525841498],[-76.35034924641934,4.050018525841498],[-76.35034924641934,4.100018754555591],[-76.40034947513344,4.100018754555591],[-76.40034947513344,4.050018525841498]]]}},{"type":"Feature","properties":{"v":12.32},"geometry":{"type":"Polygon","coordinates":[[[-76.35034924641934,4.050018525841498],[-76.30034901770524,4.050018525841498],[-76.30034901770524,4.100018754555591],[-76.35034924641934,4.100018754555591],[-76.35034924641934,4.050018525841498]]]}},{"type":"Feature","properties":{"v":9.06},"geometry":{"type":"Polygon","coordinates":[[[-76.30034901770524,4.050018525841498],[-76.25034878899116,4.050018525841498],[-76.25034878899116,4.100018754555591],[-76.30034901770524,4.100018754555591],[-76.30034901770524,4.050018525841498]]]}},{"type":"Feature","properties":{"v":8.44},"geometry":{"type":"Polygon","coordinates":[[[-76.25034878899116,4.050018525841498],[-76.20034856027706,4.050018525841498],[-76.20034856027706,4.100018754555591],[-76.25034878899116,4.100018754555591],[-76.25034878899116,4.050018525841498]]]}},{"type":"Feature","properties":{"v":7.47},"geometry":{"type":"Polygon","coordinates":[[[-76.20034856027706,4.050018525841498],[-76.15034833156297,4.050018525841498],[-76.15034833156297,4.100018754555591],[-76.20034856027706,4.100018754555591],[-76.20034856027706,4.050018525841498]]]}},{"type":"Feature","properties":{"v":6.52},"geometry":{"type":"Polygon","coordinates":[[[-76.15034833156297,4.050018525841498],[-76.10034810284888,4.050018525841498],[-76.10034810284888,4.100018754555591],[-76.15034833156297,4.100018754555591],[-76.15034833156297,4.050018525841498]]]}},{"type":"Feature","properties":{"v":5.9},"geometry":{"type":"Polygon","coordinates":[[[-76.10034810284888,4.050018525841498],[-76.05034787413479,4.050018525841498],[-76.05034787413479,4.100018754555591],[-76.10034810284888,4.100018754555591],[-76.10034810284888,4.050018525841498]]]}},{"type":"Feature","properties":{"v":5.76},"geometry":{"type":"Polygon","coordinates":[[[-76.05034787413479,4.050018525841498],[-76.00034764542069,4.050018525841498],[-76.00034764542069,4.100018754555591],[-76.05034787413479,4.100018754555591],[-76.05034787413479,4.050018525841498]]]}},{"type":"Feature","properties":{"v":7.76},"geometry":{"type":"Polygon","coordinates":[[[-76.00034764542069,4.050018525841498],[-75.9503474167066,4.050018525841498],[-75.9503474167066,4.100018754555591],[-76.00034764542069,4.100018754555591],[-76.00034764542069,4.050018525841498]]]}},{"type":"Feature","properties":{"v":7.28},"geometry":{"type":"Polygon","coordinates":[[[-75.9503474167066,4.050018525841498],[-75.90034718799251,4.050018525841498],[-75.90034718799251,4.100018754555591],[-75.9503474167066,4.100018754555591],[-75.9503474167066,4.050018525841498]]]}},{"type":"Feature","properties":{"v":7.89},"geometry":{"type":"Polygon","coordinates":[[[-75.90034718799251,4.050018525841498],[-75.85034695927841,4.050018525841498],[-75.85034695927841,4.100018754555591],[-75.90034718799251,4.100018754555591],[-75.90034718799251,4.050018525841498]]]}},{"type":"Feature","properties":{"v":4.61},"geometry":{"type":"Polygon","coordinates":[[[-75.85034695927841,4.050018525841498],[-75.80034673056433,4.050018525841498],[-75.80034673056433,4.100018754555591],[-75.85034695927841,4.100018754555591],[-75.85034695927841,4.050018525841498]]]}},{"type":"Feature","properties":{"v":5.59},"geometry":{"type":"Polygon","coordinates":[[[-75.80034673056433,4.050018525841498],[-75.75034650185023,4.050018525841498],[-75.75034650185023,4.100018754555591],[-75.80034673056433,4.100018754555591],[-75.80034673056433,4.050018525841498]]]}},{"type":"Feature","properties":{"v":6.66},"geometry":{"type":"Polygon","coordinates":[[[-75.75034650185023,4.050018525841498],[-75.70034627313613,4.050018525841498],[-75.70034627313613,4.100018754555591],[-75.75034650185023,4.100018754555591],[-75.75034650185023,4.050018525841498]]]}},{"type":"Feature","properties":{"v":6.03},"geometry":{"type":"Polygon","coordinates":[[[-75.70034627313613,4.050018525841498],[-75.65034604442205,4.050018525841498],[-75.65034604442205,4.100018754555591],[-75.70034627313613,4.100018754555591],[-75.70034627313613,4.050018525841498]]]}},{"type":"Feature","properties":{"v":4.96},"geometry":{"type":"Polygon","coordinates":[[[-75.65034604442205,4.050018525841498],[-75.60034581570795,4.050018525841498],[-75.60034581570795,4.100018754555591],[-75.65034604442205,4.100018754555591],[-75.65034604442205,4.050018525841498]]]}},{"type":"Feature","properties":{"v":4.43},"geometry":{"type":"Polygon","coordinates":[[[-75.60034581570795,4.050018525841498],[-75.55034558699386,4.050018525841498],[-75.55034558699386,4.100018754555591],[-75.60034581570795,4.100018754555591],[-75.60034581570795,4.050018525841498]]]}},{"type":"Feature","properties":{"v":3.99},"geometry":{"type":"Polygon","coordinates":[[[-75.55034558699386,4.050018525841498],[-75.50034535827977,4.050018525841498],[-75.50034535827977,4.100018754555591],[-75.55034558699386,4.100018754555591],[-75.55034558699386,4.050018525841498]]]}},{"type":"Feature","properties":{"v":4.12},"geometry":{"type":"Polygon","coordinates":[[[-75.50034535827977,4.050018525841498],[-75.45034512956568,4.050018525841498],[-75.45034512956568,4.100018754555591],[-75.50034535827977,4.100018754555591],[-75.50034535827977,4.050018525841498]]]}},{"type":"Feature","properties":{"v":3.78},"geometry":{"type":"Polygon","coordinates":[[[-75.45034512956568,4.050018525841498],[-75.40034490085158,4.050018525841498],[-75.40034490085158,4.100018754555591],[-75.45034512956568,4.100018754555591],[-75.45034512956568,4.050018525841498]]]}},{"type":"Feature","properties":{"v":3.79},"geometry":{"type":"Polygon","coordinates":[[[-75.40034490085158,4.050018525841498],[-75.3503446721375,4.050018525841498],[-75.3503446721375,4.100018754555591],[-75.40034490085158,4.100018754555591],[-75.40034490085158,4.050018525841498]]]}},{"type":"Feature","properties":{"v":2.59},"geometry":{"type":"Polygon","coordinates":[[[-75.3503446721375,4.050018525841498],[-75.3003444434234,4.050018525841498],[-75.3003444434234,4.100018754555591],[-75.3503446721375,4.100018754555591],[-75.3503446721375,4.050018525841498]]]}},{"type":"Feature","properties":{"v":2.45},"geometry":{"type":"Polygon","coordinates":[[[-75.3003444434234,4.050018525841498],[-75.2503442147093,4.050018525841498],[-75.2503442147093,4.100018754555591],[-75.3003444434234,4.100018754555591],[-75.3003444434234,4.050018525841498]]]}},{"type":"Feature","properties":{"v":1.4},"geometry":{"type":"Polygon","coordinates":[[[-75.2503442147093,4.050018525841498],[-75.20034398599522,4.050018525841498],[-75.20034398599522,4.100018754555591],[-75.2503442147093,4.100018754555591],[-75.2503442147093,4.050018525841498]]]}},{"type":"Feature","properties":{"v":1.4},"geometry":{"type":"Polygon","coordinates":[[[-75.20034398599522,4.050018525841498],[-75.15034375728112,4.050018525841498],[-75.15034375728112,4.100018754555591],[-75.20034398599522,4.100018754555591],[-75.20034398599522,4.050018525841498]]]}},{"type":"Feature","properties":{"v":1.87},"geometry":{"type":"Polygon","coordinates":[[[-75.15034375728112,4.050018525841498],[-75.10034352856702,4.050018525841498],[-75.10034352856702,4.100018754555591],[-75.15034375728112,4.100018754555591],[-75.15034375728112,4.050018525841498]]]}},{"type":"Feature","properties":{"v":110.0},"geometry":{"type":"Polygon","coordinates":[[[-77.45035427812938,4.000018297127405],[-77.40035404941528,4.000018297127405],[-77.40035404941528,4.050018525841498],[-77.45035427812938,4.050018525841498],[-77.45035427812938,4.000018297127405]]]}},{"type":"Feature","properties":{"v":117.87},"geometry":{"type":"Polygon","coordinates":[[[-77.40035404941528,4.000018297127405],[-77.35035382070119,4.000018297127405],[-77.35035382070119,4.050018525841498],[-77.40035404941528,4.050018525841498],[-77.40035404941528,4.000018297127405]]]}},{"type":"Feature","properties":{"v":111.7},"geometry":{"type":"Polygon","coordinates":[[[-77.35035382070119,4.000018297127405],[-77.3003535919871,4.000018297127405],[-77.3003535919871,4.050018525841498],[-77.35035382070119,4.050018525841498],[-77.35035382070119,4.000018297127405]]]}},{"type":"Feature","properties":{"v":108.81},"geometry":{"type":"Polygon","coordinates":[[[-77.3003535919871,4.000018297127405],[-77.250353363273,4.000018297127405],[-77.250353363273,4.050018525841498],[-77.3003535919871,4.050018525841498],[-77.3003535919871,4.000018297127405]]]}},{"type":"Feature","properties":{"v":116.46},"geometry":{"type":"Polygon","coordinates":[[[-77.250353363273,4.000018297127405],[-77.20035313455891,4.000018297127405],[-77.20035313455891,4.050018525841498],[-77.250353363273,4.050018525841498],[-77.250353363273,4.000018297127405]]]}},{"type":"Feature","properties":{"v":109.84},"geometry":{"type":"Polygon","coordinates":[[[-77.20035313455891,4.000018297127405],[-77.15035290584483,4.000018297127405],[-77.15035290584483,4.050018525841498],[-77.20035313455891,4.050018525841498],[-77.20035313455891,4.000018297127405]]]}},{"type":"Feature","properties":{"v":105.18},"geometry":{"type":"Polygon","coordinates":[[[-77.15035290584483,4.000018297127405],[-77.10035267713073,4.000018297127405],[-77.10035267713073,4.050018525841498],[-77.15035290584483,4.050018525841498],[-77.15035290584483,4.000018297127405]]]}},{"type":"Feature","properties":{"v":92.9},"geometry":{"type":"Polygon","coordinates":[[[-77.10035267713073,4.000018297127405],[-77.05035244841663,4.000018297127405],[-77.05035244841663,4.050018525841498],[-77.10035267713073,4.050018525841498],[-77.10035267713073,4.000018297127405]]]}},{"type":"Feature","properties":{"v":85.72},"geometry":{"type":"Polygon","coordinates":[[[-77.05035244841663,4.000018297127405],[-77.00035221970255,4.000018297127405],[-77.00035221970255,4.050018525841498],[-77.05035244841663,4.050018525841498],[-77.05035244841663,4.000018297127405]]]}},{"type":"Feature","properties":{"v":86.64},"geometry":{"type":"Polygon","coordinates":[[[-77.00035221970255,4.000018297127405],[-76.95035199098845,4.000018297127405],[-76.95035199098845,4.050018525841498],[-77.00035221970255,4.050018525841498],[-77.00035221970255,4.000018297127405]]]}},{"type":"Feature","properties":{"v":77.92},"geometry":{"type":"Polygon","coordinates":[[[-76.95035199098845,4.000018297127405],[-76.90035176227435,4.000018297127405],[-76.90035176227435,4.050018525841498],[-76.95035199098845,4.050018525841498],[-76.95035199098845,4.000018297127405]]]}},{"type":"Feature","properties":{"v":74.41},"geometry":{"type":"Polygon","coordinates":[[[-76.90035176227435,4.000018297127405],[-76.85035153356027,4.000018297127405],[-76.85035153356027,4.050018525841498],[-76.90035176227435,4.050018525841498],[-76.90035176227435,4.000018297127405]]]}},{"type":"Feature","properties":{"v":77.61},"geometry":{"type":"Polygon","coordinates":[[[-76.85035153356027,4.000018297127405],[-76.80035130484617,4.000018297127405],[-76.80035130484617,4.050018525841498],[-76.85035153356027,4.050018525841498],[-76.85035153356027,4.000018297127405]]]}},{"type":"Feature","properties":{"v":65.44},"geometry":{"type":"Polygon","coordinates":[[[-76.80035130484617,4.000018297127405],[-76.75035107613208,4.000018297127405],[-76.75035107613208,4.050018525841498],[-76.80035130484617,4.050018525841498],[-76.80035130484617,4.000018297127405]]]}},{"type":"Feature","properties":{"v":51.1},"geometry":{"type":"Polygon","coordinates":[[[-76.75035107613208,4.000018297127405],[-76.700350847418,4.000018297127405],[-76.700350847418,4.050018525841498],[-76.75035107613208,4.050018525841498],[-76.75035107613208,4.000018297127405]]]}},{"type":"Feature","properties":{"v":45.59},"geometry":{"type":"Polygon","coordinates":[[[-76.700350847418,4.000018297127405],[-76.6503506187039,4.000018297127405],[-76.6503506187039,4.050018525841498],[-76.700350847418,4.050018525841498],[-76.700350847418,4.000018297127405]]]}},{"type":"Feature","properties":{"v":34.64},"geometry":{"type":"Polygon","coordinates":[[[-76.6503506187039,4.000018297127405],[-76.6003503899898,4.000018297127405],[-76.6003503899898,4.050018525841498],[-76.6503506187039,4.050018525841498],[-76.6503506187039,4.000018297127405]]]}},{"type":"Feature","properties":{"v":24.36},"geometry":{"type":"Polygon","coordinates":[[[-76.6003503899898,4.000018297127405],[-76.55035016127572,4.000018297127405],[-76.55035016127572,4.050018525841498],[-76.6003503899898,4.050018525841498],[-76.6003503899898,4.000018297127405]]]}},{"type":"Feature","properties":{"v":22.96},"geometry":{"type":"Polygon","coordinates":[[[-76.55035016127572,4.000018297127405],[-76.50034993256162,4.000018297127405],[-76.50034993256162,4.050018525841498],[-76.55035016127572,4.050018525841498],[-76.55035016127572,4.000018297127405]]]}},{"type":"Feature","properties":{"v":19.75},"geometry":{"type":"Polygon","coordinates":[[[-76.50034993256162,4.000018297127405],[-76.45034970384752,4.000018297127405],[-76.45034970384752,4.050018525841498],[-76.50034993256162,4.050018525841498],[-76.50034993256162,4.000018297127405]]]}},{"type":"Feature","properties":{"v":13.37},"geometry":{"type":"Polygon","coordinates":[[[-76.45034970384752,4.000018297127405],[-76.40034947513344,4.000018297127405],[-76.40034947513344,4.050018525841498],[-76.45034970384752,4.050018525841498],[-76.45034970384752,4.000018297127405]]]}},{"type":"Feature","properties":{"v":10.51},"geometry":{"type":"Polygon","coordinates":[[[-76.40034947513344,4.000018297127405],[-76.35034924641934,4.000018297127405],[-76.35034924641934,4.050018525841498],[-76.40034947513344,4.050018525841498],[-76.40034947513344,4.000018297127405]]]}},{"type":"Feature","properties":{"v":9.93},"geometry":{"type":"Polygon","coordinates":[[[-76.35034924641934,4.000018297127405],[-76.30034901770524,4.000018297127405],[-76.30034901770524,4.050018525841498],[-76.35034924641934,4.050018525841498],[-76.35034924641934,4.000018297127405]]]}},{"type":"Feature","properties":{"v":8.84},"geometry":{"type":"Polygon","coordinates":[[[-76.30034901770524,4.000018297127405],[-76.25034878899116,4.000018297127405],[-76.25034878899116,4.050018525841498],[-76.30034901770524,4.050018525841498],[-76.30034901770524,4.000018297127405]]]}},{"type":"Feature","properties":{"v":6.74},"geometry":{"type":"Polygon","coordinates":[[[-76.25034878899116,4.000018297127405],[-76.20034856027706,4.000018297127405],[-76.20034856027706,4.050018525841498],[-76.25034878899116,4.050018525841498],[-76.25034878899116,4.000018297127405]]]}},{"type":"Feature","properties":{"v":5.78},"geometry":{"type":"Polygon","coordinates":[[[-76.20034856027706,4.000018297127405],[-76.15034833156297,4.000018297127405],[-76.15034833156297,4.050018525841498],[-76.20034856027706,4.050018525841498],[-76.20034856027706,4.000018297127405]]]}},{"type":"Feature","properties":{"v":6.15},"geometry":{"type":"Polygon","coordinates":[[[-76.15034833156297,4.000018297127405],[-76.10034810284888,4.000018297127405],[-76.10034810284888,4.050018525841498],[-76.15034833156297,4.050018525841498],[-76.15034833156297,4.000018297127405]]]}},{"type":"Feature","properties":{"v":5.74},"geometry":{"type":"Polygon","coordinates":[[[-76.10034810284888,4.000018297127405],[-76.05034787413479,4.000018297127405],[-76.05034787413479,4.050018525841498],[-76.10034810284888,4.050018525841498],[-76.10034810284888,4.000018297127405]]]}},{"type":"Feature","properties":{"v":6.23},"geometry":{"type":"Polygon","coordinates":[[[-76.05034787413479,4.000018297127405],[-76.00034764542069,4.000018297127405],[-76.00034764542069,4.050018525841498],[-76.05034787413479,4.050018525841498],[-76.05034787413479,4.000018297127405]]]}},{"type":"Feature","properties":{"v":5.47},"geometry":{"type":"Polygon","coordinates":[[[-76.00034764542069,4.000018297127405],[-75.9503474167066,4.000018297127405],[-75.9503474167066,4.050018525841498],[-76.00034764542069,4.050018525841498],[-76.00034764542069,4.000018297127405]]]}},{"type":"Feature","properties":{"v":8.2},"geometry":{"type":"Polygon","coordinates":[[[-75.9503474167066,4.000018297127405],[-75.90034718799251,4.000018297127405],[-75.90034718799251,4.050018525841498],[-75.9503474167066,4.050018525841498],[-75.9503474167066,4.000018297127405]]]}},{"type":"Feature","properties":{"v":7.37},"geometry":{"type":"Polygon","coordinates":[[[-75.90034718799251,4.000018297127405],[-75.85034695927841,4.000018297127405],[-75.85034695927841,4.050018525841498],[-75.90034718799251,4.050018525841498],[-75.90034718799251,4.000018297127405]]]}},{"type":"Feature","properties":{"v":5.77},"geometry":{"type":"Polygon","coordinates":[[[-75.85034695927841,4.000018297127405],[-75.80034673056433,4.000018297127405],[-75.80034673056433,4.050018525841498],[-75.85034695927841,4.050018525841498],[-75.85034695927841,4.000018297127405]]]}},{"type":"Feature","properties":{"v":5.32},"geometry":{"type":"Polygon","coordinates":[[[-75.80034673056433,4.000018297127405],[-75.75034650185023,4.000018297127405],[-75.75034650185023,4.050018525841498],[-75.80034673056433,4.050018525841498],[-75.80034673056433,4.000018297127405]]]}},{"type":"Feature","properties":{"v":6.21},"geometry":{"type":"Polygon","coordinates":[[[-75.75034650185023,4.000018297127405],[-75.70034627313613,4.000018297127405],[-75.70034627313613,4.050018525841498],[-75.75034650185023,4.050018525841498],[-75.75034650185023,4.000018297127405]]]}},{"type":"Feature","properties":{"v":4.82},"geometry":{"type":"Polygon","coordinates":[[[-75.70034627313613,4.000018297127405],[-75.65034604442205,4.000018297127405],[-75.65034604442205,4.050018525841498],[-75.70034627313613,4.050018525841498],[-75.70034627313613,4.000018297127405]]]}},{"type":"Feature","properties":{"v":4.54},"geometry":{"type":"Polygon","coordinates":[[[-75.65034604442205,4.000018297127405],[-75.60034581570795,4.000018297127405],[-75.60034581570795,4.050018525841498],[-75.65034604442205,4.050018525841498],[-75.65034604442205,4.000018297127405]]]}},{"type":"Feature","properties":{"v":4.65},"geometry":{"type":"Polygon","coordinates":[[[-75.60034581570795,4.000018297127405],[-75.55034558699386,4.000018297127405],[-75.55034558699386,4.050018525841498],[-75.60034581570795,4.050018525841498],[-75.60034581570795,4.000018297127405]]]}},{"type":"Feature","properties":{"v":4.01},"geometry":{"type":"Polygon","coordinates":[[[-75.55034558699386,4.000018297127405],[-75.50034535827977,4.000018297127405],[-75.50034535827977,4.050018525841498],[-75.55034558699386,4.050018525841498],[-75.55034558699386,4.000018297127405]]]}},{"type":"Feature","properties":{"v":4.78},"geometry":{"type":"Polygon","coordinates":[[[-75.50034535827977,4.000018297127405],[-75.45034512956568,4.000018297127405],[-75.45034512956568,4.050018525841498],[-75.50034535827977,4.050018525841498],[-75.50034535827977,4.000018297127405]]]}},{"type":"Feature","properties":{"v":3.87},"geometry":{"type":"Polygon","coordinates":[[[-75.45034512956568,4.000018297127405],[-75.40034490085158,4.000018297127405],[-75.40034490085158,4.050018525841498],[-75.45034512956568,4.050018525841498],[-75.45034512956568,4.000018297127405]]]}},{"type":"Feature","properties":{"v":3.23},"geometry":{"type":"Polygon","coordinates":[[[-75.40034490085158,4.000018297127405],[-75.3503446721375,4.000018297127405],[-75.3503446721375,4.050018525841498],[-75.40034490085158,4.050018525841498],[-75.40034490085158,4.000018297127405]]]}},{"type":"Feature","properties":{"v":2.34},"geometry":{"type":"Polygon","coordinates":[[[-75.3503446721375,4.000018297127405],[-75.3003444434234,4.000018297127405],[-75.3003444434234,4.050018525841498],[-75.3503446721375,4.050018525841498],[-75.3503446721375,4.000018297127405]]]}},{"type":"Feature","properties":{"v":2.54},"geometry":{"type":"Polygon","coordinates":[[[-75.3003444434234,4.000018297127405],[-75.2503442147093,4.000018297127405],[-75.2503442147093,4.050018525841498],[-75.3003444434234,4.050018525841498],[-75.3003444434234,4.000018297127405]]]}},{"type":"Feature","properties":{"v":2.09},"geometry":{"type":"Polygon","coordinates":[[[-75.2503442147093,4.000018297127405],[-75.20034398599522,4.000018297127405],[-75.20034398599522,4.050018525841498],[-75.2503442147093,4.050018525841498],[-75.2503442147093,4.000018297127405]]]}},{"type":"Feature","properties":{"v":1.43},"geometry":{"type":"Polygon","coordinates":[[[-75.20034398599522,4.000018297127405],[-75.15034375728112,4.000018297127405],[-75.15034375728112,4.050018525841498],[-75.20034398599522,4.050018525841498],[-75.20034398599522,4.000018297127405]]]}},{"type":"Feature","properties":{"v":1.2},"geometry":{"type":"Polygon","coordinates":[[[-75.15034375728112,4.000018297127405],[-75.10034352856702,4.000018297127405],[-75.10034352856702,4.050018525841498],[-75.15034375728112,4.050018525841498],[-75.15034375728112,4.000018297127405]]]}},{"type":"Feature","properties":{"v":110.83},"geometry":{"type":"Polygon","coordinates":[[[-77.45035427812938,3.9500180684133133],[-77.40035404941528,3.9500180684133133],[-77.40035404941528,4.000018297127405],[-77.45035427812938,4.000018297127405],[-77.45035427812938,3.9500180684133133]]]}},{"type":"Feature","properties":{"v":112.7},"geometry":{"type":"Polygon","coordinates":[[[-77.40035404941528,3.9500180684133133],[-77.35035382070119,3.9500180684133133],[-77.35035382070119,4.000018297127405],[-77.40035404941528,4.000018297127405],[-77.40035404941528,3.9500180684133133]]]}},{"type":"Feature","properties":{"v":109.95},"geometry":{"type":"Polygon","coordinates":[[[-77.35035382070119,3.9500180684133133],[-77.3003535919871,3.9500180684133133],[-77.3003535919871,4.000018297127405],[-77.35035382070119,4.000018297127405],[-77.35035382070119,3.9500180684133133]]]}},{"type":"Feature","properties":{"v":109.21},"geometry":{"type":"Polygon","coordinates":[[[-77.3003535919871,3.9500180684133133],[-77.250353363273,3.9500180684133133],[-77.250353363273,4.000018297127405],[-77.3003535919871,4.000018297127405],[-77.3003535919871,3.9500180684133133]]]}},{"type":"Feature","properties":{"v":115.1},"geometry":{"type":"Polygon","coordinates":[[[-77.250353363273,3.9500180684133133],[-77.20035313455891,3.9500180684133133],[-77.20035313455891,4.000018297127405],[-77.250353363273,4.000018297127405],[-77.250353363273,3.9500180684133133]]]}},{"type":"Feature","properties":{"v":107.74},"geometry":{"type":"Polygon","coordinates":[[[-77.20035313455891,3.9500180684133133],[-77.15035290584483,3.9500180684133133],[-77.15035290584483,4.000018297127405],[-77.20035313455891,4.000018297127405],[-77.20035313455891,3.9500180684133133]]]}},{"type":"Feature","properties":{"v":99.76},"geometry":{"type":"Polygon","coordinates":[[[-77.15035290584483,3.9500180684133133],[-77.10035267713073,3.9500180684133133],[-77.10035267713073,4.000018297127405],[-77.15035290584483,4.000018297127405],[-77.15035290584483,3.9500180684133133]]]}},{"type":"Feature","properties":{"v":84.97},"geometry":{"type":"Polygon","coordinates":[[[-77.10035267713073,3.9500180684133133],[-77.05035244841663,3.9500180684133133],[-77.05035244841663,4.000018297127405],[-77.10035267713073,4.000018297127405],[-77.10035267713073,3.9500180684133133]]]}},{"type":"Feature","properties":{"v":75.64},"geometry":{"type":"Polygon","coordinates":[[[-77.05035244841663,3.9500180684133133],[-77.00035221970255,3.9500180684133133],[-77.00035221970255,4.000018297127405],[-77.05035244841663,4.000018297127405],[-77.05035244841663,3.9500180684133133]]]}},{"type":"Feature","properties":{"v":82.65},"geometry":{"type":"Polygon","coordinates":[[[-77.00035221970255,3.9500180684133133],[-76.95035199098845,3.9500180684133133],[-76.95035199098845,4.000018297127405],[-77.00035221970255,4.000018297127405],[-77.00035221970255,3.9500180684133133]]]}},{"type":"Feature","properties":{"v":73.89},"geometry":{"type":"Polygon","coordinates":[[[-76.95035199098845,3.9500180684133133],[-76.90035176227435,3.9500180684133133],[-76.90035176227435,4.000018297127405],[-76.95035199098845,4.000018297127405],[-76.95035199098845,3.9500180684133133]]]}},{"type":"Feature","properties":{"v":73.6},"geometry":{"type":"Polygon","coordinates":[[[-76.90035176227435,3.9500180684133133],[-76.85035153356027,3.9500180684133133],[-76.85035153356027,4.000018297127405],[-76.90035176227435,4.000018297127405],[-76.90035176227435,3.9500180684133133]]]}},{"type":"Feature","properties":{"v":78.27},"geometry":{"type":"Polygon","coordinates":[[[-76.85035153356027,3.9500180684133133],[-76.80035130484617,3.9500180684133133],[-76.80035130484617,4.000018297127405],[-76.85035153356027,4.000018297127405],[-76.85035153356027,3.9500180684133133]]]}},{"type":"Feature","properties":{"v":61.77},"geometry":{"type":"Polygon","coordinates":[[[-76.80035130484617,3.9500180684133133],[-76.75035107613208,3.9500180684133133],[-76.75035107613208,4.000018297127405],[-76.80035130484617,4.000018297127405],[-76.80035130484617,3.9500180684133133]]]}},{"type":"Feature","properties":{"v":46.56},"geometry":{"type":"Polygon","coordinates":[[[-76.75035107613208,3.9500180684133133],[-76.700350847418,3.9500180684133133],[-76.700350847418,4.000018297127405],[-76.75035107613208,4.000018297127405],[-76.75035107613208,3.9500180684133133]]]}},{"type":"Feature","properties":{"v":39.37},"geometry":{"type":"Polygon","coordinates":[[[-76.700350847418,3.9500180684133133],[-76.6503506187039,3.9500180684133133],[-76.6503506187039,4.000018297127405],[-76.700350847418,4.000018297127405],[-76.700350847418,3.9500180684133133]]]}},{"type":"Feature","properties":{"v":30.66},"geometry":{"type":"Polygon","coordinates":[[[-76.6503506187039,3.9500180684133133],[-76.6003503899898,3.9500180684133133],[-76.6003503899898,4.000018297127405],[-76.6503506187039,4.000018297127405],[-76.6503506187039,3.9500180684133133]]]}},{"type":"Feature","properties":{"v":24.57},"geometry":{"type":"Polygon","coordinates":[[[-76.6003503899898,3.9500180684133133],[-76.55035016127572,3.9500180684133133],[-76.55035016127572,4.000018297127405],[-76.6003503899898,4.000018297127405],[-76.6003503899898,3.9500180684133133]]]}},{"type":"Feature","properties":{"v":16.52},"geometry":{"type":"Polygon","coordinates":[[[-76.55035016127572,3.9500180684133133],[-76.50034993256162,3.9500180684133133],[-76.50034993256162,4.000018297127405],[-76.55035016127572,4.000018297127405],[-76.55035016127572,3.9500180684133133]]]}},{"type":"Feature","properties":{"v":13.67},"geometry":{"type":"Polygon","coordinates":[[[-76.50034993256162,3.9500180684133133],[-76.45034970384752,3.9500180684133133],[-76.45034970384752,4.000018297127405],[-76.50034993256162,4.000018297127405],[-76.50034993256162,3.9500180684133133]]]}},{"type":"Feature","properties":{"v":11.39},"geometry":{"type":"Polygon","coordinates":[[[-76.45034970384752,3.9500180684133133],[-76.40034947513344,3.9500180684133133],[-76.40034947513344,4.000018297127405],[-76.45034970384752,4.000018297127405],[-76.45034970384752,3.9500180684133133]]]}},{"type":"Feature","properties":{"v":9.09},"geometry":{"type":"Polygon","coordinates":[[[-76.40034947513344,3.9500180684133133],[-76.35034924641934,3.9500180684133133],[-76.35034924641934,4.000018297127405],[-76.40034947513344,4.000018297127405],[-76.40034947513344,3.9500180684133133]]]}},{"type":"Feature","properties":{"v":8.09},"geometry":{"type":"Polygon","coordinates":[[[-76.35034924641934,3.9500180684133133],[-76.30034901770524,3.9500180684133133],[-76.30034901770524,4.000018297127405],[-76.35034924641934,4.000018297127405],[-76.35034924641934,3.9500180684133133]]]}},{"type":"Feature","properties":{"v":6.24},"geometry":{"type":"Polygon","coordinates":[[[-76.30034901770524,3.9500180684133133],[-76.25034878899116,3.9500180684133133],[-76.25034878899116,4.000018297127405],[-76.30034901770524,4.000018297127405],[-76.30034901770524,3.9500180684133133]]]}},{"type":"Feature","properties":{"v":5.74},"geometry":{"type":"Polygon","coordinates":[[[-76.25034878899116,3.9500180684133133],[-76.20034856027706,3.9500180684133133],[-76.20034856027706,4.000018297127405],[-76.25034878899116,4.000018297127405],[-76.25034878899116,3.9500180684133133]]]}},{"type":"Feature","properties":{"v":6.33},"geometry":{"type":"Polygon","coordinates":[[[-76.20034856027706,3.9500180684133133],[-76.15034833156297,3.9500180684133133],[-76.15034833156297,4.000018297127405],[-76.20034856027706,4.000018297127405],[-76.20034856027706,3.9500180684133133]]]}},{"type":"Feature","properties":{"v":6.37},"geometry":{"type":"Polygon","coordinates":[[[-76.15034833156297,3.9500180684133133],[-76.10034810284888,3.9500180684133133],[-76.10034810284888,4.000018297127405],[-76.15034833156297,4.000018297127405],[-76.15034833156297,3.9500180684133133]]]}},{"type":"Feature","properties":{"v":6.7},"geometry":{"type":"Polygon","coordinates":[[[-76.10034810284888,3.9500180684133133],[-76.05034787413479,3.9500180684133133],[-76.05034787413479,4.000018297127405],[-76.10034810284888,4.000018297127405],[-76.10034810284888,3.9500180684133133]]]}},{"type":"Feature","properties":{"v":8.81},"geometry":{"type":"Polygon","coordinates":[[[-76.05034787413479,3.9500180684133133],[-76.00034764542069,3.9500180684133133],[-76.00034764542069,4.000018297127405],[-76.05034787413479,4.000018297127405],[-76.05034787413479,3.9500180684133133]]]}},{"type":"Feature","properties":{"v":5.85},"geometry":{"type":"Polygon","coordinates":[[[-76.00034764542069,3.9500180684133133],[-75.9503474167066,3.9500180684133133],[-75.9503474167066,4.000018297127405],[-76.00034764542069,4.000018297127405],[-76.00034764542069,3.9500180684133133]]]}},{"type":"Feature","properties":{"v":6.52},"geometry":{"type":"Polygon","coordinates":[[[-75.9503474167066,3.9500180684133133],[-75.90034718799251,3.9500180684133133],[-75.90034718799251,4.000018297127405],[-75.9503474167066,4.000018297127405],[-75.9503474167066,3.9500180684133133]]]}},{"type":"Feature","properties":{"v":6.52},"geometry":{"type":"Polygon","coordinates":[[[-75.90034718799251,3.9500180684133133],[-75.85034695927841,3.9500180684133133],[-75.85034695927841,4.000018297127405],[-75.90034718799251,4.000018297127405],[-75.90034718799251,3.9500180684133133]]]}},{"type":"Feature","properties":{"v":5.98},"geometry":{"type":"Polygon","coordinates":[[[-75.85034695927841,3.9500180684133133],[-75.80034673056433,3.9500180684133133],[-75.80034673056433,4.000018297127405],[-75.85034695927841,4.000018297127405],[-75.85034695927841,3.9500180684133133]]]}},{"type":"Feature","properties":{"v":4.7},"geometry":{"type":"Polygon","coordinates":[[[-75.80034673056433,3.9500180684133133],[-75.75034650185023,3.9500180684133133],[-75.75034650185023,4.000018297127405],[-75.80034673056433,4.000018297127405],[-75.80034673056433,3.9500180684133133]]]}},{"type":"Feature","properties":{"v":5.8},"geometry":{"type":"Polygon","coordinates":[[[-75.75034650185023,3.9500180684133133],[-75.70034627313613,3.9500180684133133],[-75.70034627313613,4.000018297127405],[-75.75034650185023,4.000018297127405],[-75.75034650185023,3.9500180684133133]]]}},{"type":"Feature","properties":{"v":5.1},"geometry":{"type":"Polygon","coordinates":[[[-75.70034627313613,3.9500180684133133],[-75.65034604442205,3.9500180684133133],[-75.65034604442205,4.000018297127405],[-75.70034627313613,4.000018297127405],[-75.70034627313613,3.9500180684133133]]]}},{"type":"Feature","properties":{"v":4.81},"geometry":{"type":"Polygon","coordinates":[[[-75.65034604442205,3.9500180684133133],[-75.60034581570795,3.9500180684133133],[-75.60034581570795,4.000018297127405],[-75.65034604442205,4.000018297127405],[-75.65034604442205,3.9500180684133133]]]}},{"type":"Feature","properties":{"v":4.35},"geometry":{"type":"Polygon","coordinates":[[[-75.60034581570795,3.9500180684133133],[-75.55034558699386,3.9500180684133133],[-75.55034558699386,4.000018297127405],[-75.60034581570795,4.000018297127405],[-75.60034581570795,3.9500180684133133]]]}},{"type":"Feature","properties":{"v":3.92},"geometry":{"type":"Polygon","coordinates":[[[-75.55034558699386,3.9500180684133133],[-75.50034535827977,3.9500180684133133],[-75.50034535827977,4.000018297127405],[-75.55034558699386,4.000018297127405],[-75.55034558699386,3.9500180684133133]]]}},{"type":"Feature","properties":{"v":4.68},"geometry":{"type":"Polygon","coordinates":[[[-75.50034535827977,3.9500180684133133],[-75.45034512956568,3.9500180684133133],[-75.45034512956568,4.000018297127405],[-75.50034535827977,4.000018297127405],[-75.50034535827977,3.9500180684133133]]]}},{"type":"Feature","properties":{"v":3.28},"geometry":{"type":"Polygon","coordinates":[[[-75.45034512956568,3.9500180684133133],[-75.40034490085158,3.9500180684133133],[-75.40034490085158,4.000018297127405],[-75.45034512956568,4.000018297127405],[-75.45034512956568,3.9500180684133133]]]}},{"type":"Feature","properties":{"v":1.98},"geometry":{"type":"Polygon","coordinates":[[[-75.40034490085158,3.9500180684133133],[-75.3503446721375,3.9500180684133133],[-75.3503446721375,4.000018297127405],[-75.40034490085158,4.000018297127405],[-75.40034490085158,3.9500180684133133]]]}},{"type":"Feature","properties":{"v":1.43},"geometry":{"type":"Polygon","coordinates":[[[-75.3503446721375,3.9500180684133133],[-75.3003444434234,3.9500180684133133],[-75.3003444434234,4.000018297127405],[-75.3503446721375,4.000018297127405],[-75.3503446721375,3.9500180684133133]]]}},{"type":"Feature","properties":{"v":1.45},"geometry":{"type":"Polygon","coordinates":[[[-75.3003444434234,3.9500180684133133],[-75.2503442147093,3.9500180684133133],[-75.2503442147093,4.000018297127405],[-75.3003444434234,4.000018297127405],[-75.3003444434234,3.9500180684133133]]]}},{"type":"Feature","properties":{"v":0.0},"geometry":{"type":"Polygon","coordinates":[[[-75.2503442147093,3.9500180684133133],[-75.20034398599522,3.9500180684133133],[-75.20034398599522,4.000018297127405],[-75.2503442147093,4.000018297127405],[-75.2503442147093,3.9500180684133133]]]}},{"type":"Feature","properties":{"v":0.0},"geometry":{"type":"Polygon","coordinates":[[[-75.20034398599522,3.9500180684133133],[-75.15034375728112,3.9500180684133133],[-75.15034375728112,4.000018297127405],[-75.20034398599522,4.000018297127405],[-75.20034398599522,3.9500180684133133]]]}},{"type":"Feature","properties":{"v":0.0},"geometry":{"type":"Polygon","coordinates":[[[-75.15034375728112,3.9500180684133133],[-75.10034352856702,3.9500180684133133],[-75.10034352856702,4.000018297127405],[-75.15034375728112,4.000018297127405],[-75.15034375728112,3.9500180684133133]]]}},{"type":"Feature","properties":{"v":106.92},"geometry":{"type":"Polygon","coordinates":[[[-77.40035404941528,3.9000178396992204],[-77.35035382070119,3.9000178396992204],[-77.35035382070119,3.9500180684133133],[-77.40035404941528,3.9500180684133133],[-77.40035404941528,3.9000178396992204]]]}},{"type":"Feature","properties":{"v":104.42},"geometry":{"type":"Polygon","coordinates":[[[-77.35035382070119,3.9000178396992204],[-77.3003535919871,3.9000178396992204],[-77.3003535919871,3.9500180684133133],[-77.35035382070119,3.9500180684133133],[-77.35035382070119,3.9000178396992204]]]}},{"type":"Feature","properties":{"v":103.05},"geometry":{"type":"Polygon","coordinates":[[[-77.3003535919871,3.9000178396992204],[-77.250353363273,3.9000178396992204],[-77.250353363273,3.9500180684133133],[-77.3003535919871,3.9500180684133133],[-77.3003535919871,3.9000178396992204]]]}},{"type":"Feature","properties":{"v":117.35},"geometry":{"type":"Polygon","coordinates":[[[-77.250353363273,3.9000178396992204],[-77.20035313455891,3.9000178396992204],[-77.20035313455891,3.9500180684133133],[-77.250353363273,3.9500180684133133],[-77.250353363273,3.9000178396992204]]]}},{"type":"Feature","properties":{"v":102.45},"geometry":{"type":"Polygon","coordinates":[[[-77.20035313455891,3.9000178396992204],[-77.15035290584483,3.9000178396992204],[-77.15035290584483,3.9500180684133133],[-77.20035313455891,3.9500180684133133],[-77.20035313455891,3.9000178396992204]]]}},{"type":"Feature","properties":{"v":94.62},"geometry":{"type":"Polygon","coordinates":[[[-77.15035290584483,3.9000178396992204],[-77.10035267713073,3.9000178396992204],[-77.10035267713073,3.9500180684133133],[-77.15035290584483,3.9500180684133133],[-77.15035290584483,3.9000178396992204]]]}},{"type":"Feature","properties":{"v":84.14},"geometry":{"type":"Polygon","coordinates":[[[-77.10035267713073,3.9000178396992204],[-77.05035244841663,3.9000178396992204],[-77.05035244841663,3.9500180684133133],[-77.10035267713073,3.9500180684133133],[-77.10035267713073,3.9000178396992204]]]}},{"type":"Feature","properties":{"v":70.51},"geometry":{"type":"Polygon","coordinates":[[[-77.05035244841663,3.9000178396992204],[-77.00035221970255,3.9000178396992204],[-77.00035221970255,3.9500180684133133],[-77.05035244841663,3.9500180684133133],[-77.05035244841663,3.9000178396992204]]]}},{"type":"Feature","properties":{"v":78.82},"geometry":{"type":"Polygon","coordinates":[[[-77.00035221970255,3.9000178396992204],[-76.95035199098845,3.9000178396992204],[-76.95035199098845,3.9500180684133133],[-77.00035221970255,3.9500180684133133],[-77.00035221970255,3.9000178396992204]]]}},{"type":"Feature","properties":{"v":71.33},"geometry":{"type":"Polygon","coordinates":[[[-76.95035199098845,3.9000178396992204],[-76.90035176227435,3.9000178396992204],[-76.90035176227435,3.9500180684133133],[-76.95035199098845,3.9500180684133133],[-76.95035199098845,3.9000178396992204]]]}},{"type":"Feature","properties":{"v":67.87},"geometry":{"type":"Polygon","coordinates":[[[-76.90035176227435,3.9000178396992204],[-76.85035153356027,3.9000178396992204],[-76.85035153356027,3.9500180684133133],[-76.90035176227435,3.9500180684133133],[-76.90035176227435,3.9000178396992204]]]}},{"type":"Feature","properties":{"v":67.82},"geometry":{"type":"Polygon","coordinates":[[[-76.85035153356027,3.9000178396992204],[-76.80035130484617,3.9000178396992204],[-76.80035130484617,3.9500180684133133],[-76.85035153356027,3.9500180684133133],[-76.85035153356027,3.9000178396992204]]]}},{"type":"Feature","properties":{"v":55.6},"geometry":{"type":"Polygon","coordinates":[[[-76.80035130484617,3.9000178396992204],[-76.75035107613208,3.9000178396992204],[-76.75035107613208,3.9500180684133133],[-76.80035130484617,3.9500180684133133],[-76.80035130484617,3.9000178396992204]]]}},{"type":"Feature","properties":{"v":40.48},"geometry":{"type":"Polygon","coordinates":[[[-76.75035107613208,3.9000178396992204],[-76.700350847418,3.9000178396992204],[-76.700350847418,3.9500180684133133],[-76.75035107613208,3.9500180684133133],[-76.75035107613208,3.9000178396992204]]]}},{"type":"Feature","properties":{"v":35.55},"geometry":{"type":"Polygon","coordinates":[[[-76.700350847418,3.9000178396992204],[-76.6503506187039,3.9000178396992204],[-76.6503506187039,3.9500180684133133],[-76.700350847418,3.9500180684133133],[-76.700350847418,3.9000178396992204]]]}},{"type":"Feature","properties":{"v":30.47},"geometry":{"type":"Polygon","coordinates":[[[-76.6503506187039,3.9000178396992204],[-76.6003503899898,3.9000178396992204],[-76.6003503899898,3.9500180684133133],[-76.6503506187039,3.9500180684133133],[-76.6503506187039,3.9000178396992204]]]}},{"type":"Feature","properties":{"v":23.75},"geometry":{"type":"Polygon","coordinates":[[[-76.6003503899898,3.9000178396992204],[-76.55035016127572,3.9000178396992204],[-76.55035016127572,3.9500180684133133],[-76.6003503899898,3.9500180684133133],[-76.6003503899898,3.9000178396992204]]]}},{"type":"Feature","properties":{"v":18.38},"geometry":{"type":"Polygon","coordinates":[[[-76.55035016127572,3.9000178396992204],[-76.50034993256162,3.9000178396992204],[-76.50034993256162,3.9500180684133133],[-76.55035016127572,3.9500180684133133],[-76.55035016127572,3.9000178396992204]]]}},{"type":"Feature","properties":{"v":14.25},"geometry":{"type":"Polygon","coordinates":[[[-76.50034993256162,3.9000178396992204],[-76.45034970384752,3.9000178396992204],[-76.45034970384752,3.9500180684133133],[-76.50034993256162,3.9500180684133133],[-76.50034993256162,3.9000178396992204]]]}},{"type":"Feature","properties":{"v":12.74},"geometry":{"type":"Polygon","coordinates":[[[-76.45034970384752,3.9000178396992204],[-76.40034947513344,3.9000178396992204],[-76.40034947513344,3.9500180684133133],[-76.45034970384752,3.9500180684133133],[-76.45034970384752,3.9000178396992204]]]}},{"type":"Feature","properties":{"v":9.93},"geometry":{"type":"Polygon","coordinates":[[[-76.40034947513344,3.9000178396992204],[-76.35034924641934,3.9000178396992204],[-76.35034924641934,3.9500180684133133],[-76.40034947513344,3.9500180684133133],[-76.40034947513344,3.9000178396992204]]]}},{"type":"Feature","properties":{"v":7.33},"geometry":{"type":"Polygon","coordinates":[[[-76.35034924641934,3.9000178396992204],[-76.30034901770524,3.9000178396992204],[-76.30034901770524,3.9500180684133133],[-76.35034924641934,3.9500180684133133],[-76.35034924641934,3.9000178396992204]]]}},{"type":"Feature","properties":{"v":5.0},"geometry":{"type":"Polygon","coordinates":[[[-76.30034901770524,3.9000178396992204],[-76.25034878899116,3.9000178396992204],[-76.25034878899116,3.9500180684133133],[-76.30034901770524,3.9500180684133133],[-76.30034901770524,3.9000178396992204]]]}},{"type":"Feature","properties":{"v":4.63},"geometry":{"type":"Polygon","coordinates":[[[-76.25034878899116,3.9000178396992204],[-76.20034856027706,3.9000178396992204],[-76.20034856027706,3.9500180684133133],[-76.25034878899116,3.9500180684133133],[-76.25034878899116,3.9000178396992204]]]}},{"type":"Feature","properties":{"v":6.23},"geometry":{"type":"Polygon","coordinates":[[[-76.20034856027706,3.9000178396992204],[-76.15034833156297,3.9000178396992204],[-76.15034833156297,3.9500180684133133],[-76.20034856027706,3.9500180684133133],[-76.20034856027706,3.9000178396992204]]]}},{"type":"Feature","properties":{"v":7.47},"geometry":{"type":"Polygon","coordinates":[[[-76.15034833156297,3.9000178396992204],[-76.10034810284888,3.9000178396992204],[-76.10034810284888,3.9500180684133133],[-76.15034833156297,3.9500180684133133],[-76.15034833156297,3.9000178396992204]]]}},{"type":"Feature","properties":{"v":9.67},"geometry":{"type":"Polygon","coordinates":[[[-76.10034810284888,3.9000178396992204],[-76.05034787413479,3.9000178396992204],[-76.05034787413479,3.9500180684133133],[-76.10034810284888,3.9500180684133133],[-76.10034810284888,3.9000178396992204]]]}},{"type":"Feature","properties":{"v":8.88},"geometry":{"type":"Polygon","coordinates":[[[-76.05034787413479,3.9000178396992204],[-76.00034764542069,3.9000178396992204],[-76.00034764542069,3.9500180684133133],[-76.05034787413479,3.9500180684133133],[-76.05034787413479,3.9000178396992204]]]}},{"type":"Feature","properties":{"v":7.89},"geometry":{"type":"Polygon","coordinates":[[[-76.00034764542069,3.9000178396992204],[-75.9503474167066,3.9000178396992204],[-75.9503474167066,3.9500180684133133],[-76.00034764542069,3.9500180684133133],[-76.00034764542069,3.9000178396992204]]]}},{"type":"Feature","properties":{"v":7.04},"geometry":{"type":"Polygon","coordinates":[[[-75.9503474167066,3.9000178396992204],[-75.90034718799251,3.9000178396992204],[-75.90034718799251,3.9500180684133133],[-75.9503474167066,3.9500180684133133],[-75.9503474167066,3.9000178396992204]]]}},{"type":"Feature","properties":{"v":7.29},"geometry":{"type":"Polygon","coordinates":[[[-75.90034718799251,3.9000178396992204],[-75.85034695927841,3.9000178396992204],[-75.85034695927841,3.9500180684133133],[-75.90034718799251,3.9500180684133133],[-75.90034718799251,3.9000178396992204]]]}},{"type":"Feature","properties":{"v":6.57},"geometry":{"type":"Polygon","coordinates":[[[-75.85034695927841,3.9000178396992204],[-75.80034673056433,3.9000178396992204],[-75.80034673056433,3.9500180684133133],[-75.85034695927841,3.9500180684133133],[-75.85034695927841,3.9000178396992204]]]}},{"type":"Feature","properties":{"v":5.85},"geometry":{"type":"Polygon","coordinates":[[[-75.80034673056433,3.9000178396992204],[-75.75034650185023,3.9000178396992204],[-75.75034650185023,3.9500180684133133],[-75.80034673056433,3.9500180684133133],[-75.80034673056433,3.9000178396992204]]]}},{"type":"Feature","properties":{"v":6.14},"geometry":{"type":"Polygon","coordinates":[[[-75.75034650185023,3.9000178396992204],[-75.70034627313613,3.9000178396992204],[-75.70034627313613,3.9500180684133133],[-75.75034650185023,3.9500180684133133],[-75.75034650185023,3.9000178396992204]]]}},{"type":"Feature","properties":{"v":6.53},"geometry":{"type":"Polygon","coordinates":[[[-75.70034627313613,3.9000178396992204],[-75.65034604442205,3.9000178396992204],[-75.65034604442205,3.9500180684133133],[-75.70034627313613,3.9500180684133133],[-75.70034627313613,3.9000178396992204]]]}},{"type":"Feature","properties":{"v":5.53},"geometry":{"type":"Polygon","coordinates":[[[-75.65034604442205,3.9000178396992204],[-75.60034581570795,3.9000178396992204],[-75.60034581570795,3.9500180684133133],[-75.65034604442205,3.9500180684133133],[-75.65034604442205,3.9000178396992204]]]}},{"type":"Feature","properties":{"v":4.49},"geometry":{"type":"Polygon","coordinates":[[[-75.60034581570795,3.9000178396992204],[-75.55034558699386,3.9000178396992204],[-75.55034558699386,3.9500180684133133],[-75.60034581570795,3.9500180684133133],[-75.60034581570795,3.9000178396992204]]]}},{"type":"Feature","properties":{"v":3.95},"geometry":{"type":"Polygon","coordinates":[[[-75.55034558699386,3.9000178396992204],[-75.50034535827977,3.9000178396992204],[-75.50034535827977,3.9500180684133133],[-75.55034558699386,3.9500180684133133],[-75.55034558699386,3.9000178396992204]]]}},{"type":"Feature","properties":{"v":3.93},"geometry":{"type":"Polygon","coordinates":[[[-75.50034535827977,3.9000178396992204],[-75.45034512956568,3.9000178396992204],[-75.45034512956568,3.9500180684133133],[-75.50034535827977,3.9500180684133133],[-75.50034535827977,3.9000178396992204]]]}},{"type":"Feature","properties":{"v":2.69},"geometry":{"type":"Polygon","coordinates":[[[-75.45034512956568,3.9000178396992204],[-75.40034490085158,3.9000178396992204],[-75.40034490085158,3.9500180684133133],[-75.45034512956568,3.9500180684133133],[-75.45034512956568,3.9000178396992204]]]}},{"type":"Feature","properties":{"v":1.32},"geometry":{"type":"Polygon","coordinates":[[[-75.40034490085158,3.9000178396992204],[-75.3503446721375,3.9000178396992204],[-75.3503446721375,3.9500180684133133],[-75.40034490085158,3.9500180684133133],[-75.40034490085158,3.9000178396992204]]]}},{"type":"Feature","properties":{"v":0.89},"geometry":{"type":"Polygon","coordinates":[[[-75.3503446721375,3.9000178396992204],[-75.3003444434234,3.9000178396992204],[-75.3003444434234,3.9500180684133133],[-75.3503446721375,3.9500180684133133],[-75.3503446721375,3.9000178396992204]]]}},{"type":"Feature","properties":{"v":0.9},"geometry":{"type":"Polygon","coordinates":[[[-75.3003444434234,3.9000178396992204],[-75.2503442147093,3.9000178396992204],[-75.2503442147093,3.9500180684133133],[-75.3003444434234,3.9500180684133133],[-75.3003444434234,3.9000178396992204]]]}},{"type":"Feature","properties":{"v":0.0},"geometry":{"type":"Polygon","coordinates":[[[-75.2503442147093,3.9000178396992204],[-75.20034398599522,3.9000178396992204],[-75.20034398599522,3.9500180684133133],[-75.2503442147093,3.9500180684133133],[-75.2503442147093,3.9000178396992204]]]}},{"type":"Feature","properties":{"v":0.0},"geometry":{"type":"Polygon","coordinates":[[[-75.20034398599522,3.9000178396992204],[-75.15034375728112,3.9000178396992204],[-75.15034375728112,3.9500180684133133],[-75.20034398599522,3.9500180684133133],[-75.20034398599522,3.9000178396992204]]]}},{"type":"Feature","properties":{"v":0.0},"geometry":{"type":"Polygon","coordinates":[[[-75.15034375728112,3.9000178396992204],[-75.10034352856702,3.9000178396992204],[-75.10034352856702,3.9500180684133133],[-75.15034375728112,3.9500180684133133],[-75.15034375728112,3.9000178396992204]]]}},{"type":"Feature","properties":{"v":103.85},"geometry":{"type":"Polygon","coordinates":[[[-77.3003535919871,3.8500176109851276],[-77.250353363273,3.8500176109851276],[-77.250353363273,3.9000178396992204],[-77.3003535919871,3.9000178396992204],[-77.3003535919871,3.8500176109851276]]]}},{"type":"Feature","properties":{"v":114.15},"geometry":{"type":"Polygon","coordinates":[[[-77.250353363273,3.8500176109851276],[-77.20035313455891,3.8500176109851276],[-77.20035313455891,3.9000178396992204],[-77.250353363273,3.9000178396992204],[-77.250353363273,3.8500176109851276]]]}},{"type":"Feature","properties":{"v":97.15},"geometry":{"type":"Polygon","coordinates":[[[-77.20035313455891,3.8500176109851276],[-77.15035290584483,3.8500176109851276],[-77.15035290584483,3.9000178396992204],[-77.20035313455891,3.9000178396992204],[-77.20035313455891,3.8500176109851276]]]}},{"type":"Feature","properties":{"v":88.68},"geometry":{"type":"Polygon","coordinates":[[[-77.15035290584483,3.8500176109851276],[-77.10035267713073,3.8500176109851276],[-77.10035267713073,3.9000178396992204],[-77.15035290584483,3.9000178396992204],[-77.15035290584483,3.8500176109851276]]]}},{"type":"Feature","properties":{"v":77.08},"geometry":{"type":"Polygon","coordinates":[[[-77.10035267713073,3.8500176109851276],[-77.05035244841663,3.8500176109851276],[-77.05035244841663,3.9000178396992204],[-77.10035267713073,3.9000178396992204],[-77.10035267713073,3.8500176109851276]]]}},{"type":"Feature","properties":{"v":65.66},"geometry":{"type":"Polygon","coordinates":[[[-77.05035244841663,3.8500176109851276],[-77.00035221970255,3.8500176109851276],[-77.00035221970255,3.9000178396992204],[-77.05035244841663,3.9000178396992204],[-77.05035244841663,3.8500176109851276]]]}},{"type":"Feature","properties":{"v":71.65},"geometry":{"type":"Polygon","coordinates":[[[-77.00035221970255,3.8500176109851276],[-76.95035199098845,3.8500176109851276],[-76.95035199098845,3.9000178396992204],[-77.00035221970255,3.9000178396992204],[-77.00035221970255,3.8500176109851276]]]}},{"type":"Feature","properties":{"v":61.52},"geometry":{"type":"Polygon","coordinates":[[[-76.95035199098845,3.8500176109851276],[-76.90035176227435,3.8500176109851276],[-76.90035176227435,3.9000178396992204],[-76.95035199098845,3.9000178396992204],[-76.95035199098845,3.8500176109851276]]]}},{"type":"Feature","properties":{"v":53.12},"geometry":{"type":"Polygon","coordinates":[[[-76.90035176227435,3.8500176109851276],[-76.85035153356027,3.8500176109851276],[-76.85035153356027,3.9000178396992204],[-76.90035176227435,3.9000178396992204],[-76.90035176227435,3.8500176109851276]]]}},{"type":"Feature","properties":{"v":52.33},"geometry":{"type":"Polygon","coordinates":[[[-76.85035153356027,3.8500176109851276],[-76.80035130484617,3.8500176109851276],[-76.80035130484617,3.9000178396992204],[-76.85035153356027,3.9000178396992204],[-76.85035153356027,3.8500176109851276]]]}},{"type":"Feature","properties":{"v":42.01},"geometry":{"type":"Polygon","coordinates":[[[-76.80035130484617,3.8500176109851276],[-76.75035107613208,3.8500176109851276],[-76.75035107613208,3.9000178396992204],[-76.80035130484617,3.9000178396992204],[-76.80035130484617,3.8500176109851276]]]}},{"type":"Feature","properties":{"v":31.32},"geometry":{"type":"Polygon","coordinates":[[[-76.75035107613208,3.8500176109851276],[-76.700350847418,3.8500176109851276],[-76.700350847418,3.9000178396992204],[-76.75035107613208,3.9000178396992204],[-76.75035107613208,3.8500176109851276]]]}},{"type":"Feature","properties":{"v":28.85},"geometry":{"type":"Polygon","coordinates":[[[-76.700350847418,3.8500176109851276],[-76.6503506187039,3.8500176109851276],[-76.6503506187039,3.9000178396992204],[-76.700350847418,3.9000178396992204],[-76.700350847418,3.8500176109851276]]]}},{"type":"Feature","properties":{"v":23.34},"geometry":{"type":"Polygon","coordinates":[[[-76.6503506187039,3.8500176109851276],[-76.6003503899898,3.8500176109851276],[-76.6003503899898,3.9000178396992204],[-76.6503506187039,3.9000178396992204],[-76.6503506187039,3.8500176109851276]]]}},{"type":"Feature","properties":{"v":18.6},"geometry":{"type":"Polygon","coordinates":[[[-76.6003503899898,3.8500176109851276],[-76.55035016127572,3.8500176109851276],[-76.55035016127572,3.9000178396992204],[-76.6003503899898,3.9000178396992204],[-76.6003503899898,3.8500176109851276]]]}},{"type":"Feature","properties":{"v":11.53},"geometry":{"type":"Polygon","coordinates":[[[-76.55035016127572,3.8500176109851276],[-76.50034993256162,3.8500176109851276],[-76.50034993256162,3.9000178396992204],[-76.55035016127572,3.9000178396992204],[-76.55035016127572,3.8500176109851276]]]}},{"type":"Feature","properties":{"v":9.75},"geometry":{"type":"Polygon","coordinates":[[[-76.50034993256162,3.8500176109851276],[-76.45034970384752,3.8500176109851276],[-76.45034970384752,3.9000178396992204],[-76.50034993256162,3.9000178396992204],[-76.50034993256162,3.8500176109851276]]]}},{"type":"Feature","properties":{"v":10.4},"geometry":{"type":"Polygon","coordinates":[[[-76.45034970384752,3.8500176109851276],[-76.40034947513344,3.8500176109851276],[-76.40034947513344,3.9000178396992204],[-76.45034970384752,3.9000178396992204],[-76.45034970384752,3.8500176109851276]]]}},{"type":"Feature","properties":{"v":8.6},"geometry":{"type":"Polygon","coordinates":[[[-76.40034947513344,3.8500176109851276],[-76.35034924641934,3.8500176109851276],[-76.35034924641934,3.9000178396992204],[-76.40034947513344,3.9000178396992204],[-76.40034947513344,3.8500176109851276]]]}},{"type":"Feature","properties":{"v":7.46},"geometry":{"type":"Polygon","coordinates":[[[-76.35034924641934,3.8500176109851276],[-76.30034901770524,3.8500176109851276],[-76.30034901770524,3.9000178396992204],[-76.35034924641934,3.9000178396992204],[-76.35034924641934,3.8500176109851276]]]}},{"type":"Feature","properties":{"v":4.76},"geometry":{"type":"Polygon","coordinates":[[[-76.30034901770524,3.8500176109851276],[-76.25034878899116,3.8500176109851276],[-76.25034878899116,3.9000178396992204],[-76.30034901770524,3.9000178396992204],[-76.30034901770524,3.8500176109851276]]]}},{"type":"Feature","properties":{"v":4.51},"geometry":{"type":"Polygon","coordinates":[[[-76.25034878899116,3.8500176109851276],[-76.20034856027706,3.8500176109851276],[-76.20034856027706,3.9000178396992204],[-76.25034878899116,3.9000178396992204],[-76.25034878899116,3.8500176109851276]]]}},{"type":"Feature","properties":{"v":5.61},"geometry":{"type":"Polygon","coordinates":[[[-76.20034856027706,3.8500176109851276],[-76.15034833156297,3.8500176109851276],[-76.15034833156297,3.9000178396992204],[-76.20034856027706,3.9000178396992204],[-76.20034856027706,3.8500176109851276]]]}},{"type":"Feature","properties":{"v":6.93},"geometry":{"type":"Polygon","coordinates":[[[-76.15034833156297,3.8500176109851276],[-76.10034810284888,3.8500176109851276],[-76.10034810284888,3.9000178396992204],[-76.15034833156297,3.9000178396992204],[-76.15034833156297,3.8500176109851276]]]}},{"type":"Feature","properties":{"v":7.51},"geometry":{"type":"Polygon","coordinates":[[[-76.10034810284888,3.8500176109851276],[-76.05034787413479,3.8500176109851276],[-76.05034787413479,3.9000178396992204],[-76.10034810284888,3.9000178396992204],[-76.10034810284888,3.8500176109851276]]]}},{"type":"Feature","properties":{"v":8.7},"geometry":{"type":"Polygon","coordinates":[[[-76.05034787413479,3.8500176109851276],[-76.00034764542069,3.8500176109851276],[-76.00034764542069,3.9000178396992204],[-76.05034787413479,3.9000178396992204],[-76.05034787413479,3.8500176109851276]]]}},{"type":"Feature","properties":{"v":8.82},"geometry":{"type":"Polygon","coordinates":[[[-76.00034764542069,3.8500176109851276],[-75.9503474167066,3.8500176109851276],[-75.9503474167066,3.9000178396992204],[-76.00034764542069,3.9000178396992204],[-76.00034764542069,3.8500176109851276]]]}},{"type":"Feature","properties":{"v":7.56},"geometry":{"type":"Polygon","coordinates":[[[-75.9503474167066,3.8500176109851276],[-75.90034718799251,3.8500176109851276],[-75.90034718799251,3.9000178396992204],[-75.9503474167066,3.9000178396992204],[-75.9503474167066,3.8500176109851276]]]}},{"type":"Feature","properties":{"v":7.18},"geometry":{"type":"Polygon","coordinates":[[[-75.90034718799251,3.8500176109851276],[-75.85034695927841,3.8500176109851276],[-75.85034695927841,3.9000178396992204],[-75.90034718799251,3.9000178396992204],[-75.90034718799251,3.8500176109851276]]]}},{"type":"Feature","properties":{"v":6.23},"geometry":{"type":"Polygon","coordinates":[[[-75.85034695927841,3.8500176109851276],[-75.80034673056433,3.8500176109851276],[-75.80034673056433,3.9000178396992204],[-75.85034695927841,3.9000178396992204],[-75.85034695927841,3.8500176109851276]]]}},{"type":"Feature","properties":{"v":6.05},"geometry":{"type":"Polygon","coordinates":[[[-75.80034673056433,3.8500176109851276],[-75.75034650185023,3.8500176109851276],[-75.75034650185023,3.9000178396992204],[-75.80034673056433,3.9000178396992204],[-75.80034673056433,3.8500176109851276]]]}},{"type":"Feature","properties":{"v":6.89},"geometry":{"type":"Polygon","coordinates":[[[-75.75034650185023,3.8500176109851276],[-75.70034627313613,3.8500176109851276],[-75.70034627313613,3.9000178396992204],[-75.75034650185023,3.9000178396992204],[-75.75034650185023,3.8500176109851276]]]}},{"type":"Feature","properties":{"v":6.83},"geometry":{"type":"Polygon","coordinates":[[[-75.70034627313613,3.8500176109851276],[-75.65034604442205,3.8500176109851276],[-75.65034604442205,3.9000178396992204],[-75.70034627313613,3.9000178396992204],[-75.70034627313613,3.8500176109851276]]]}},{"type":"Feature","properties":{"v":5.81},"geometry":{"type":"Polygon","coordinates":[[[-75.65034604442205,3.8500176109851276],[-75.60034581570795,3.8500176109851276],[-75.60034581570795,3.9000178396992204],[-75.65034604442205,3.9000178396992204],[-75.65034604442205,3.8500176109851276]]]}},{"type":"Feature","properties":{"v":5.15},"geometry":{"type":"Polygon","coordinates":[[[-75.60034581570795,3.8500176109851276],[-75.55034558699386,3.8500176109851276],[-75.55034558699386,3.9000178396992204],[-75.60034581570795,3.9000178396992204],[-75.60034581570795,3.8500176109851276]]]}},{"type":"Feature","properties":{"v":3.83},"geometry":{"type":"Polygon","coordinates":[[[-75.55034558699386,3.8500176109851276],[-75.50034535827977,3.8500176109851276],[-75.50034535827977,3.9000178396992204],[-75.55034558699386,3.9000178396992204],[-75.55034558699386,3.8500176109851276]]]}},{"type":"Feature","properties":{"v":2.6},"geometry":{"type":"Polygon","coordinates":[[[-75.50034535827977,3.8500176109851276],[-75.45034512956568,3.8500176109851276],[-75.45034512956568,3.9000178396992204],[-75.50034535827977,3.9000178396992204],[-75.50034535827977,3.8500176109851276]]]}},{"type":"Feature","properties":{"v":1.75},"geometry":{"type":"Polygon","coordinates":[[[-75.45034512956568,3.8500176109851276],[-75.40034490085158,3.8500176109851276],[-75.40034490085158,3.9000178396992204],[-75.45034512956568,3.9000178396992204],[-75.45034512956568,3.8500176109851276]]]}},{"type":"Feature","properties":{"v":1.44},"geometry":{"type":"Polygon","coordinates":[[[-75.40034490085158,3.8500176109851276],[-75.3503446721375,3.8500176109851276],[-75.3503446721375,3.9000178396992204],[-75.40034490085158,3.9000178396992204],[-75.40034490085158,3.8500176109851276]]]}},{"type":"Feature","properties":{"v":0.94},"geometry":{"type":"Polygon","coordinates":[[[-75.3503446721375,3.8500176109851276],[-75.3003444434234,3.8500176109851276],[-75.3003444434234,3.9000178396992204],[-75.3503446721375,3.9000178396992204],[-75.3503446721375,3.8500176109851276]]]}},{"type":"Feature","properties":{"v":1.32},"geometry":{"type":"Polygon","coordinates":[[[-75.3003444434234,3.8500176109851276],[-75.2503442147093,3.8500176109851276],[-75.2503442147093,3.9000178396992204],[-75.3003444434234,3.9000178396992204],[-75.3003444434234,3.8500176109851276]]]}},{"type":"Feature","properties":{"v":0.0},"geometry":{"type":"Polygon","coordinates":[[[-75.2503442147093,3.8500176109851276],[-75.20034398599522,3.8500176109851276],[-75.20034398599522,3.9000178396992204],[-75.2503442147093,3.9000178396992204],[-75.2503442147093,3.8500176109851276]]]}},{"type":"Feature","properties":{"v":0.0},"geometry":{"type":"Polygon","coordinates":[[[-75.20034398599522,3.8500176109851276],[-75.15034375728112,3.8500176109851276],[-75.15034375728112,3.9000178396992204],[-75.20034398599522,3.9000178396992204],[-75.20034398599522,3.8500176109851276]]]}},{"type":"Feature","properties":{"v":0.0},"geometry":{"type":"Polygon","coordinates":[[[-75.15034375728112,3.8500176109851276],[-75.10034352856702,3.8500176109851276],[-75.10034352856702,3.9000178396992204],[-75.15034375728112,3.9000178396992204],[-75.15034375728112,3.8500176109851276]]]}},{"type":"Feature","properties":{"v":101.97},"geometry":{"type":"Polygon","coordinates":[[[-77.3003535919871,3.8000173822710352],[-77.250353363273,3.8000173822710352],[-77.250353363273,3.8500176109851276],[-77.3003535919871,3.8500176109851276],[-77.3003535919871,3.8000173822710352]]]}},{"type":"Feature","properties":{"v":77.51},"geometry":{"type":"Polygon","coordinates":[[[-77.250353363273,3.8000173822710352],[-77.20035313455891,3.8000173822710352],[-77.20035313455891,3.8500176109851276],[-77.250353363273,3.8500176109851276],[-77.250353363273,3.8000173822710352]]]}},{"type":"Feature","properties":{"v":93.17},"geometry":{"type":"Polygon","coordinates":[[[-77.20035313455891,3.8000173822710352],[-77.15035290584483,3.8000173822710352],[-77.15035290584483,3.8500176109851276],[-77.20035313455891,3.8500176109851276],[-77.20035313455891,3.8000173822710352]]]}},{"type":"Feature","properties":{"v":87.73},"geometry":{"type":"Polygon","coordinates":[[[-77.15035290584483,3.8000173822710352],[-77.10035267713073,3.8000173822710352],[-77.10035267713073,3.8500176109851276],[-77.15035290584483,3.8500176109851276],[-77.15035290584483,3.8000173822710352]]]}},{"type":"Feature","properties":{"v":73.27},"geometry":{"type":"Polygon","coordinates":[[[-77.10035267713073,3.8000173822710352],[-77.05035244841663,3.8000173822710352],[-77.05035244841663,3.8500176109851276],[-77.10035267713073,3.8500176109851276],[-77.10035267713073,3.8000173822710352]]]}},{"type":"Feature","properties":{"v":62.72},"geometry":{"type":"Polygon","coordinates":[[[-77.05035244841663,3.8000173822710352],[-77.00035221970255,3.8000173822710352],[-77.00035221970255,3.8500176109851276],[-77.05035244841663,3.8500176109851276],[-77.05035244841663,3.8000173822710352]]]}},{"type":"Feature","properties":{"v":68.68},"geometry":{"type":"Polygon","coordinates":[[[-77.00035221970255,3.8000173822710352],[-76.95035199098845,3.8000173822710352],[-76.95035199098845,3.8500176109851276],[-77.00035221970255,3.8500176109851276],[-77.00035221970255,3.8000173822710352]]]}},{"type":"Feature","properties":{"v":51.61},"geometry":{"type":"Polygon","coordinates":[[[-76.95035199098845,3.8000173822710352],[-76.90035176227435,3.8000173822710352],[-76.90035176227435,3.8500176109851276],[-76.95035199098845,3.8500176109851276],[-76.95035199098845,3.8000173822710352]]]}},{"type":"Feature","properties":{"v":43.27},"geometry":{"type":"Polygon","coordinates":[[[-76.90035176227435,3.8000173822710352],[-76.85035153356027,3.8000173822710352],[-76.85035153356027,3.8500176109851276],[-76.90035176227435,3.8500176109851276],[-76.90035176227435,3.8000173822710352]]]}},{"type":"Feature","properties":{"v":42.35},"geometry":{"type":"Polygon","coordinates":[[[-76.85035153356027,3.8000173822710352],[-76.80035130484617,3.8000173822710352],[-76.80035130484617,3.8500176109851276],[-76.85035153356027,3.8500176109851276],[-76.85035153356027,3.8000173822710352]]]}},{"type":"Feature","properties":{"v":33.12},"geometry":{"type":"Polygon","coordinates":[[[-76.80035130484617,3.8000173822710352],[-76.75035107613208,3.8000173822710352],[-76.75035107613208,3.8500176109851276],[-76.80035130484617,3.8500176109851276],[-76.80035130484617,3.8000173822710352]]]}},{"type":"Feature","properties":{"v":25.03},"geometry":{"type":"Polygon","coordinates":[[[-76.75035107613208,3.8000173822710352],[-76.700350847418,3.8000173822710352],[-76.700350847418,3.8500176109851276],[-76.75035107613208,3.8500176109851276],[-76.75035107613208,3.8000173822710352]]]}},{"type":"Feature","properties":{"v":21.25},"geometry":{"type":"Polygon","coordinates":[[[-76.700350847418,3.8000173822710352],[-76.6503506187039,3.8000173822710352],[-76.6503506187039,3.8500176109851276],[-76.700350847418,3.8500176109851276],[-76.700350847418,3.8000173822710352]]]}},{"type":"Feature","properties":{"v":16.49},"geometry":{"type":"Polygon","coordinates":[[[-76.6503506187039,3.8000173822710352],[-76.6003503899898,3.8000173822710352],[-76.6003503899898,3.8500176109851276],[-76.6503506187039,3.8500176109851276],[-76.6503506187039,3.8000173822710352]]]}},{"type":"Feature","properties":{"v":13.16},"geometry":{"type":"Polygon","coordinates":[[[-76.6003503899898,3.8000173822710352],[-76.55035016127572,3.8000173822710352],[-76.55035016127572,3.8500176109851276],[-76.6003503899898,3.8500176109851276],[-76.6003503899898,3.8000173822710352]]]}},{"type":"Feature","properties":{"v":8.58},"geometry":{"type":"Polygon","coordinates":[[[-76.55035016127572,3.8000173822710352],[-76.50034993256162,3.8000173822710352],[-76.50034993256162,3.8500176109851276],[-76.55035016127572,3.8500176109851276],[-76.55035016127572,3.8000173822710352]]]}},{"type":"Feature","properties":{"v":7.0},"geometry":{"type":"Polygon","coordinates":[[[-76.50034993256162,3.8000173822710352],[-76.45034970384752,3.8000173822710352],[-76.45034970384752,3.8500176109851276],[-76.50034993256162,3.8500176109851276],[-76.50034993256162,3.8000173822710352]]]}},{"type":"Feature","properties":{"v":6.71},"geometry":{"type":"Polygon","coordinates":[[[-76.45034970384752,3.8000173822710352],[-76.40034947513344,3.8000173822710352],[-76.40034947513344,3.8500176109851276],[-76.45034970384752,3.8500176109851276],[-76.45034970384752,3.8000173822710352]]]}},{"type":"Feature","properties":{"v":5.78},"geometry":{"type":"Polygon","coordinates":[[[-76.40034947513344,3.8000173822710352],[-76.35034924641934,3.8000173822710352],[-76.35034924641934,3.8500176109851276],[-76.40034947513344,3.8500176109851276],[-76.40034947513344,3.8000173822710352]]]}},{"type":"Feature","properties":{"v":5.32},"geometry":{"type":"Polygon","coordinates":[[[-76.35034924641934,3.8000173822710352],[-76.30034901770524,3.8000173822710352],[-76.30034901770524,3.8500176109851276],[-76.35034924641934,3.8500176109851276],[-76.35034924641934,3.8000173822710352]]]}},{"type":"Feature","properties":{"v":4.69},"geometry":{"type":"Polygon","coordinates":[[[-76.30034901770524,3.8000173822710352],[-76.25034878899116,3.8000173822710352],[-76.25034878899116,3.8500176109851276],[-76.30034901770524,3.8500176109851276],[-76.30034901770524,3.8000173822710352]]]}},{"type":"Feature","properties":{"v":4.59},"geometry":{"type":"Polygon","coordinates":[[[-76.25034878899116,3.8000173822710352],[-76.20034856027706,3.8000173822710352],[-76.20034856027706,3.8500176109851276],[-76.25034878899116,3.8500176109851276],[-76.25034878899116,3.8000173822710352]]]}},{"type":"Feature","properties":{"v":5.19},"geometry":{"type":"Polygon","coordinates":[[[-76.20034856027706,3.8000173822710352],[-76.15034833156297,3.8000173822710352],[-76.15034833156297,3.8500176109851276],[-76.20034856027706,3.8500176109851276],[-76.20034856027706,3.8000173822710352]]]}},{"type":"Feature","properties":{"v":6.17},"geometry":{"type":"Polygon","coordinates":[[[-76.15034833156297,3.8000173822710352],[-76.10034810284888,3.8000173822710352],[-76.10034810284888,3.8500176109851276],[-76.15034833156297,3.8500176109851276],[-76.15034833156297,3.8000173822710352]]]}},{"type":"Feature","properties":{"v":6.86},"geometry":{"type":"Polygon","coordinates":[[[-76.10034810284888,3.8000173822710352],[-76.05034787413479,3.8000173822710352],[-76.05034787413479,3.8500176109851276],[-76.10034810284888,3.8500176109851276],[-76.10034810284888,3.8000173822710352]]]}},{"type":"Feature","properties":{"v":9.2},"geometry":{"type":"Polygon","coordinates":[[[-76.05034787413479,3.8000173822710352],[-76.00034764542069,3.8000173822710352],[-76.00034764542069,3.8500176109851276],[-76.05034787413479,3.8500176109851276],[-76.05034787413479,3.8000173822710352]]]}},{"type":"Feature","properties":{"v":8.2},"geometry":{"type":"Polygon","coordinates":[[[-76.00034764542069,3.8000173822710352],[-75.9503474167066,3.8000173822710352],[-75.9503474167066,3.8500176109851276],[-76.00034764542069,3.8500176109851276],[-76.00034764542069,3.8000173822710352]]]}},{"type":"Feature","properties":{"v":8.56},"geometry":{"type":"Polygon","coordinates":[[[-75.9503474167066,3.8000173822710352],[-75.90034718799251,3.8000173822710352],[-75.90034718799251,3.8500176109851276],[-75.9503474167066,3.8500176109851276],[-75.9503474167066,3.8000173822710352]]]}},{"type":"Feature","properties":{"v":8.22},"geometry":{"type":"Polygon","coordinates":[[[-75.90034718799251,3.8000173822710352],[-75.85034695927841,3.8000173822710352],[-75.85034695927841,3.8500176109851276],[-75.90034718799251,3.8500176109851276],[-75.90034718799251,3.8000173822710352]]]}},{"type":"Feature","properties":{"v":7.82},"geometry":{"type":"Polygon","coordinates":[[[-75.85034695927841,3.8000173822710352],[-75.80034673056433,3.8000173822710352],[-75.80034673056433,3.8500176109851276],[-75.85034695927841,3.8500176109851276],[-75.85034695927841,3.8000173822710352]]]}},{"type":"Feature","properties":{"v":5.84},"geometry":{"type":"Polygon","coordinates":[[[-75.80034673056433,3.8000173822710352],[-75.75034650185023,3.8000173822710352],[-75.75034650185023,3.8500176109851276],[-75.80034673056433,3.8500176109851276],[-75.80034673056433,3.8000173822710352]]]}},{"type":"Feature","properties":{"v":6.2},"geometry":{"type":"Polygon","coordinates":[[[-75.75034650185023,3.8000173822710352],[-75.70034627313613,3.8000173822710352],[-75.70034627313613,3.8500176109851276],[-75.75034650185023,3.8500176109851276],[-75.75034650185023,3.8000173822710352]]]}},{"type":"Feature","properties":{"v":5.75},"geometry":{"type":"Polygon","coordinates":[[[-75.70034627313613,3.8000173822710352],[-75.65034604442205,3.8000173822710352],[-75.65034604442205,3.8500176109851276],[-75.70034627313613,3.8500176109851276],[-75.70034627313613,3.8000173822710352]]]}},{"type":"Feature","properties":{"v":5.68},"geometry":{"type":"Polygon","coordinates":[[[-75.65034604442205,3.8000173822710352],[-75.60034581570795,3.8000173822710352],[-75.60034581570795,3.8500176109851276],[-75.65034604442205,3.8500176109851276],[-75.65034604442205,3.8000173822710352]]]}},{"type":"Feature","properties":{"v":5.06},"geometry":{"type":"Polygon","coordinates":[[[-75.60034581570795,3.8000173822710352],[-75.55034558699386,3.8000173822710352],[-75.55034558699386,3.8500176109851276],[-75.60034581570795,3.8500176109851276],[-75.60034581570795,3.8000173822710352]]]}},{"type":"Feature","properties":{"v":2.33},"geometry":{"type":"Polygon","coordinates":[[[-75.55034558699386,3.8000173822710352],[-75.50034535827977,3.8000173822710352],[-75.50034535827977,3.8500176109851276],[-75.55034558699386,3.8500176109851276],[-75.55034558699386,3.8000173822710352]]]}},{"type":"Feature","properties":{"v":1.61},"geometry":{"type":"Polygon","coordinates":[[[-75.50034535827977,3.8000173822710352],[-75.45034512956568,3.8000173822710352],[-75.45034512956568,3.8500176109851276],[-75.50034535827977,3.8500176109851276],[-75.50034535827977,3.8000173822710352]]]}},{"type":"Feature","properties":{"v":1.18},"geometry":{"type":"Polygon","coordinates":[[[-75.45034512956568,3.8000173822710352],[-75.40034490085158,3.8000173822710352],[-75.40034490085158,3.8500176109851276],[-75.45034512956568,3.8500176109851276],[-75.45034512956568,3.8000173822710352]]]}},{"type":"Feature","properties":{"v":0.76},"geometry":{"type":"Polygon","coordinates":[[[-75.40034490085158,3.8000173822710352],[-75.3503446721375,3.8000173822710352],[-75.3503446721375,3.8500176109851276],[-75.40034490085158,3.8500176109851276],[-75.40034490085158,3.8000173822710352]]]}},{"type":"Feature","properties":{"v":0.64},"geometry":{"type":"Polygon","coordinates":[[[-75.3503446721375,3.8000173822710352],[-75.3003444434234,3.8000173822710352],[-75.3003444434234,3.8500176109851276],[-75.3503446721375,3.8500176109851276],[-75.3503446721375,3.8000173822710352]]]}},{"type":"Feature","properties":{"v":0.65},"geometry":{"type":"Polygon","coordinates":[[[-75.3003444434234,3.8000173822710352],[-75.2503442147093,3.8000173822710352],[-75.2503442147093,3.8500176109851276],[-75.3003444434234,3.8500176109851276],[-75.3003444434234,3.8000173822710352]]]}},{"type":"Feature","properties":{"v":1.02},"geometry":{"type":"Polygon","coordinates":[[[-75.2503442147093,3.8000173822710352],[-75.20034398599522,3.8000173822710352],[-75.20034398599522,3.8500176109851276],[-75.2503442147093,3.8500176109851276],[-75.2503442147093,3.8000173822710352]]]}},{"type":"Feature","properties":{"v":1.45},"geometry":{"type":"Polygon","coordinates":[[[-75.20034398599522,3.8000173822710352],[-75.15034375728112,3.8000173822710352],[-75.15034375728112,3.8500176109851276],[-75.20034398599522,3.8500176109851276],[-75.20034398599522,3.8000173822710352]]]}},{"type":"Feature","properties":{"v":0.0},"geometry":{"type":"Polygon","coordinates":[[[-75.15034375728112,3.8000173822710352],[-75.10034352856702,3.8000173822710352],[-75.10034352856702,3.8500176109851276],[-75.15034375728112,3.8500176109851276],[-75.15034375728112,3.8000173822710352]]]}},{"type":"Feature","properties":{"v":81.4},"geometry":{"type":"Polygon","coordinates":[[[-77.250353363273,3.750017153556943],[-77.20035313455891,3.750017153556943],[-77.20035313455891,3.8000173822710352],[-77.250353363273,3.8000173822710352],[-77.250353363273,3.750017153556943]]]}},{"type":"Feature","properties":{"v":98.7},"geometry":{"type":"Polygon","coordinates":[[[-77.20035313455891,3.750017153556943],[-77.15035290584483,3.750017153556943],[-77.15035290584483,3.8000173822710352],[-77.20035313455891,3.8000173822710352],[-77.20035313455891,3.750017153556943]]]}},{"type":"Feature","properties":{"v":90.29},"geometry":{"type":"Polygon","coordinates":[[[-77.15035290584483,3.750017153556943],[-77.10035267713073,3.750017153556943],[-77.10035267713073,3.8000173822710352],[-77.15035290584483,3.8000173822710352],[-77.15035290584483,3.750017153556943]]]}},{"type":"Feature","properties":{"v":76.9},"geometry":{"type":"Polygon","coordinates":[[[-77.10035267713073,3.750017153556943],[-77.05035244841663,3.750017153556943],[-77.05035244841663,3.8000173822710352],[-77.10035267713073,3.8000173822710352],[-77.10035267713073,3.750017153556943]]]}},{"type":"Feature","properties":{"v":66.32},"geometry":{"type":"Polygon","coordinates":[[[-77.05035244841663,3.750017153556943],[-77.00035221970255,3.750017153556943],[-77.00035221970255,3.8000173822710352],[-77.05035244841663,3.8000173822710352],[-77.05035244841663,3.750017153556943]]]}},{"type":"Feature","properties":{"v":68.4},"geometry":{"type":"Polygon","coordinates":[[[-77.00035221970255,3.750017153556943],[-76.95035199098845,3.750017153556943],[-76.95035199098845,3.8000173822710352],[-77.00035221970255,3.8000173822710352],[-77.00035221970255,3.750017153556943]]]}},{"type":"Feature","properties":{"v":48.59},"geometry":{"type":"Polygon","coordinates":[[[-76.95035199098845,3.750017153556943],[-76.90035176227435,3.750017153556943],[-76.90035176227435,3.8000173822710352],[-76.95035199098845,3.8000173822710352],[-76.95035199098845,3.750017153556943]]]}},{"type":"Feature","properties":{"v":41.76},"geometry":{"type":"Polygon","coordinates":[[[-76.90035176227435,3.750017153556943],[-76.85035153356027,3.750017153556943],[-76.85035153356027,3.8000173822710352],[-76.90035176227435,3.8000173822710352],[-76.90035176227435,3.750017153556943]]]}},{"type":"Feature","properties":{"v":39.52},"geometry":{"type":"Polygon","coordinates":[[[-76.85035153356027,3.750017153556943],[-76.80035130484617,3.750017153556943],[-76.80035130484617,3.8000173822710352],[-76.85035153356027,3.8000173822710352],[-76.85035153356027,3.750017153556943]]]}},{"type":"Feature","properties":{"v":31.66},"geometry":{"type":"Polygon","coordinates":[[[-76.80035130484617,3.750017153556943],[-76.75035107613208,3.750017153556943],[-76.75035107613208,3.8000173822710352],[-76.80035130484617,3.8000173822710352],[-76.80035130484617,3.750017153556943]]]}},{"type":"Feature","properties":{"v":22.64},"geometry":{"type":"Polygon","coordinates":[[[-76.75035107613208,3.750017153556943],[-76.700350847418,3.750017153556943],[-76.700350847418,3.8000173822710352],[-76.75035107613208,3.8000173822710352],[-76.75035107613208,3.750017153556943]]]}},{"type":"Feature","properties":{"v":20.39},"geometry":{"type":"Polygon","coordinates":[[[-76.700350847418,3.750017153556943],[-76.6503506187039,3.750017153556943],[-76.6503506187039,3.8000173822710352],[-76.700350847418,3.8000173822710352],[-76.700350847418,3.750017153556943]]]}},{"type":"Feature","properties":{"v":15.37},"geometry":{"type":"Polygon","coordinates":[[[-76.6503506187039,3.750017153556943],[-76.6003503899898,3.750017153556943],[-76.6003503899898,3.8000173822710352],[-76.6503506187039,3.8000173822710352],[-76.6503506187039,3.750017153556943]]]}},{"type":"Feature","properties":{"v":11.5},"geometry":{"type":"Polygon","coordinates":[[[-76.6003503899898,3.750017153556943],[-76.55035016127572,3.750017153556943],[-76.55035016127572,3.8000173822710352],[-76.6003503899898,3.8000173822710352],[-76.6003503899898,3.750017153556943]]]}},{"type":"Feature","properties":{"v":7.59},"geometry":{"type":"Polygon","coordinates":[[[-76.55035016127572,3.750017153556943],[-76.50034993256162,3.750017153556943],[-76.50034993256162,3.8000173822710352],[-76.55035016127572,3.8000173822710352],[-76.55035016127572,3.750017153556943]]]}},{"type":"Feature","properties":{"v":6.65},"geometry":{"type":"Polygon","coordinates":[[[-76.50034993256162,3.750017153556943],[-76.45034970384752,3.750017153556943],[-76.45034970384752,3.8000173822710352],[-76.50034993256162,3.8000173822710352],[-76.50034993256162,3.750017153556943]]]}},{"type":"Feature","properties":{"v":6.28},"geometry":{"type":"Polygon","coordinates":[[[-76.45034970384752,3.750017153556943],[-76.40034947513344,3.750017153556943],[-76.40034947513344,3.8000173822710352],[-76.45034970384752,3.8000173822710352],[-76.45034970384752,3.750017153556943]]]}},{"type":"Feature","properties":{"v":5.4},"geometry":{"type":"Polygon","coordinates":[[[-76.40034947513344,3.750017153556943],[-76.35034924641934,3.750017153556943],[-76.35034924641934,3.8000173822710352],[-76.40034947513344,3.8000173822710352],[-76.40034947513344,3.750017153556943]]]}},{"type":"Feature","properties":{"v":5.36},"geometry":{"type":"Polygon","coordinates":[[[-76.35034924641934,3.750017153556943],[-76.30034901770524,3.750017153556943],[-76.30034901770524,3.8000173822710352],[-76.35034924641934,3.8000173822710352],[-76.35034924641934,3.750017153556943]]]}},{"type":"Feature","properties":{"v":4.86},"geometry":{"type":"Polygon","coordinates":[[[-76.30034901770524,3.750017153556943],[-76.25034878899116,3.750017153556943],[-76.25034878899116,3.8000173822710352],[-76.30034901770524,3.8000173822710352],[-76.30034901770524,3.750017153556943]]]}},{"type":"Feature","properties":{"v":4.72},"geometry":{"type":"Polygon","coordinates":[[[-76.25034878899116,3.750017153556943],[-76.20034856027706,3.750017153556943],[-76.20034856027706,3.8000173822710352],[-76.25034878899116,3.8000173822710352],[-76.25034878899116,3.750017153556943]]]}},{"type":"Feature","properties":{"v":5.31},"geometry":{"type":"Polygon","coordinates":[[[-76.20034856027706,3.750017153556943],[-76.15034833156297,3.750017153556943],[-76.15034833156297,3.8000173822710352],[-76.20034856027706,3.8000173822710352],[-76.20034856027706,3.750017153556943]]]}},{"type":"Feature","properties":{"v":6.15},"geometry":{"type":"Polygon","coordinates":[[[-76.15034833156297,3.750017153556943],[-76.10034810284888,3.750017153556943],[-76.10034810284888,3.8000173822710352],[-76.15034833156297,3.8000173822710352],[-76.15034833156297,3.750017153556943]]]}},{"type":"Feature","properties":{"v":8.14},"geometry":{"type":"Polygon","coordinates":[[[-76.10034810284888,3.750017153556943],[-76.05034787413479,3.750017153556943],[-76.05034787413479,3.8000173822710352],[-76.10034810284888,3.8000173822710352],[-76.10034810284888,3.750017153556943]]]}},{"type":"Feature","properties":{"v":8.62},"geometry":{"type":"Polygon","coordinates":[[[-76.05034787413479,3.750017153556943],[-76.00034764542069,3.750017153556943],[-76.00034764542069,3.8000173822710352],[-76.05034787413479,3.8000173822710352],[-76.05034787413479,3.750017153556943]]]}},{"type":"Feature","properties":{"v":7.35},"geometry":{"type":"Polygon","coordinates":[[[-76.00034764542069,3.750017153556943],[-75.9503474167066,3.750017153556943],[-75.9503474167066,3.8000173822710352],[-76.00034764542069,3.8000173822710352],[-76.00034764542069,3.750017153556943]]]}},{"type":"Feature","properties":{"v":7.0},"geometry":{"type":"Polygon","coordinates":[[[-75.9503474167066,3.750017153556943],[-75.90034718799251,3.750017153556943],[-75.90034718799251,3.8000173822710352],[-75.9503474167066,3.8000173822710352],[-75.9503474167066,3.750017153556943]]]}},{"type":"Feature","properties":{"v":6.85},"geometry":{"type":"Polygon","coordinates":[[[-75.90034718799251,3.750017153556943],[-75.85034695927841,3.750017153556943],[-75.85034695927841,3.8000173822710352],[-75.90034718799251,3.8000173822710352],[-75.90034718799251,3.750017153556943]]]}},{"type":"Feature","properties":{"v":5.0},"geometry":{"type":"Polygon","coordinates":[[[-75.85034695927841,3.750017153556943],[-75.80034673056433,3.750017153556943],[-75.80034673056433,3.8000173822710352],[-75.85034695927841,3.8000173822710352],[-75.85034695927841,3.750017153556943]]]}},{"type":"Feature","properties":{"v":4.84},"geometry":{"type":"Polygon","coordinates":[[[-75.80034673056433,3.750017153556943],[-75.75034650185023,3.750017153556943],[-75.75034650185023,3.8000173822710352],[-75.80034673056433,3.8000173822710352],[-75.80034673056433,3.750017153556943]]]}},{"type":"Feature","properties":{"v":5.41},"geometry":{"type":"Polygon","coordinates":[[[-75.75034650185023,3.750017153556943],[-75.70034627313613,3.750017153556943],[-75.70034627313613,3.8000173822710352],[-75.75034650185023,3.8000173822710352],[-75.75034650185023,3.750017153556943]]]}},{"type":"Feature","properties":{"v":0.0},"geometry":{"type":"Polygon","coordinates":[[[-75.70034627313613,3.750017153556943],[-75.65034604442205,3.750017153556943],[-75.65034604442205,3.8000173822710352],[-75.70034627313613,3.8000173822710352],[-75.70034627313613,3.750017153556943]]]}},{"type":"Feature","properties":{"v":0.0},"geometry":{"type":"Polygon","coordinates":[[[-75.65034604442205,3.750017153556943],[-75.60034581570795,3.750017153556943],[-75.60034581570795,3.8000173822710352],[-75.65034604442205,3.8000173822710352],[-75.65034604442205,3.750017153556943]]]}},{"type":"Feature","properties":{"v":0.0},"geometry":{"type":"Polygon","coordinates":[[[-75.60034581570795,3.750017153556943],[-75.55034558699386,3.750017153556943],[-75.55034558699386,3.8000173822710352],[-75.60034581570795,3.8000173822710352],[-75.60034581570795,3.750017153556943]]]}},{"type":"Feature","properties":{"v":0.0},"geometry":{"type":"Polygon","coordinates":[[[-75.55034558699386,3.750017153556943],[-75.50034535827977,3.750017153556943],[-75.50034535827977,3.8000173822710352],[-75.55034558699386,3.8000173822710352],[-75.55034558699386,3.750017153556943]]]}},{"type":"Feature","properties":{"v":0.0},"geometry":{"type":"Polygon","coordinates":[[[-75.50034535827977,3.750017153556943],[-75.45034512956568,3.750017153556943],[-75.45034512956568,3.8000173822710352],[-75.50034535827977,3.8000173822710352],[-75.50034535827977,3.750017153556943]]]}},{"type":"Feature","properties":{"v":0.0},"geometry":{"type":"Polygon","coordinates":[[[-75.45034512956568,3.750017153556943],[-75.40034490085158,3.750017153556943],[-75.40034490085158,3.8000173822710352],[-75.45034512956568,3.8000173822710352],[-75.45034512956568,3.750017153556943]]]}},{"type":"Feature","properties":{"v":0.0},"geometry":{"type":"Polygon","coordinates":[[[-75.40034490085158,3.750017153556943],[-75.3503446721375,3.750017153556943],[-75.3503446721375,3.8000173822710352],[-75.40034490085158,3.8000173822710352],[-75.40034490085158,3.750017153556943]]]}},{"type":"Feature","properties":{"v":0.0},"geometry":{"type":"Polygon","coordinates":[[[-75.3503446721375,3.750017153556943],[-75.3003444434234,3.750017153556943],[-75.3003444434234,3.8000173822710352],[-75.3503446721375,3.8000173822710352],[-75.3503446721375,3.750017153556943]]]}},{"type":"Feature","properties":{"v":0.0},"geometry":{"type":"Polygon","coordinates":[[[-75.3003444434234,3.750017153556943],[-75.2503442147093,3.750017153556943],[-75.2503442147093,3.8000173822710352],[-75.3003444434234,3.8000173822710352],[-75.3003444434234,3.750017153556943]]]}},{"type":"Feature","properties":{"v":0.71},"geometry":{"type":"Polygon","coordinates":[[[-75.2503442147093,3.750017153556943],[-75.20034398599522,3.750017153556943],[-75.20034398599522,3.8000173822710352],[-75.2503442147093,3.8000173822710352],[-75.2503442147093,3.750017153556943]]]}},{"type":"Feature","properties":{"v":1.09},"geometry":{"type":"Polygon","coordinates":[[[-75.20034398599522,3.750017153556943],[-75.15034375728112,3.750017153556943],[-75.15034375728112,3.8000173822710352],[-75.20034398599522,3.8000173822710352],[-75.20034398599522,3.750017153556943]]]}},{"type":"Feature","properties":{"v":0.0},"geometry":{"type":"Polygon","coordinates":[[[-75.15034375728112,3.750017153556943],[-75.10034352856702,3.750017153556943],[-75.10034352856702,3.8000173822710352],[-75.15034375728112,3.8000173822710352],[-75.15034375728112,3.750017153556943]]]}},{"type":"Feature","properties":{"v":69.81},"geometry":{"type":"Polygon","coordinates":[[[-77.250353363273,3.70001692484285],[-77.20035313455891,3.70001692484285],[-77.20035313455891,3.750017153556943],[-77.250353363273,3.750017153556943],[-77.250353363273,3.70001692484285]]]}},{"type":"Feature","properties":{"v":100.14},"geometry":{"type":"Polygon","coordinates":[[[-77.20035313455891,3.70001692484285],[-77.15035290584483,3.70001692484285],[-77.15035290584483,3.750017153556943],[-77.20035313455891,3.750017153556943],[-77.20035313455891,3.70001692484285]]]}},{"type":"Feature","properties":{"v":89.7},"geometry":{"type":"Polygon","coordinates":[[[-77.15035290584483,3.70001692484285],[-77.10035267713073,3.70001692484285],[-77.10035267713073,3.750017153556943],[-77.15035290584483,3.750017153556943],[-77.15035290584483,3.70001692484285]]]}},{"type":"Feature","properties":{"v":79.27},"geometry":{"type":"Polygon","coordinates":[[[-77.10035267713073,3.70001692484285],[-77.05035244841663,3.70001692484285],[-77.05035244841663,3.750017153556943],[-77.10035267713073,3.750017153556943],[-77.10035267713073,3.70001692484285]]]}},{"type":"Feature","properties":{"v":63.18},"geometry":{"type":"Polygon","coordinates":[[[-77.05035244841663,3.70001692484285],[-77.00035221970255,3.70001692484285],[-77.00035221970255,3.750017153556943],[-77.05035244841663,3.750017153556943],[-77.05035244841663,3.70001692484285]]]}},{"type":"Feature","properties":{"v":65.78},"geometry":{"type":"Polygon","coordinates":[[[-77.00035221970255,3.70001692484285],[-76.95035199098845,3.70001692484285],[-76.95035199098845,3.750017153556943],[-77.00035221970255,3.750017153556943],[-77.00035221970255,3.70001692484285]]]}},{"type":"Feature","properties":{"v":49.54},"geometry":{"type":"Polygon","coordinates":[[[-76.95035199098845,3.70001692484285],[-76.90035176227435,3.70001692484285],[-76.90035176227435,3.750017153556943],[-76.95035199098845,3.750017153556943],[-76.95035199098845,3.70001692484285]]]}},{"type":"Feature","properties":{"v":41.96},"geometry":{"type":"Polygon","coordinates":[[[-76.90035176227435,3.70001692484285],[-76.85035153356027,3.70001692484285],[-76.85035153356027,3.750017153556943],[-76.90035176227435,3.750017153556943],[-76.90035176227435,3.70001692484285]]]}},{"type":"Feature","properties":{"v":40.02},"geometry":{"type":"Polygon","coordinates":[[[-76.85035153356027,3.70001692484285],[-76.80035130484617,3.70001692484285],[-76.80035130484617,3.750017153556943],[-76.85035153356027,3.750017153556943],[-76.85035153356027,3.70001692484285]]]}},{"type":"Feature","properties":{"v":29.92},"geometry":{"type":"Polygon","coordinates":[[[-76.80035130484617,3.70001692484285],[-76.75035107613208,3.70001692484285],[-76.75035107613208,3.750017153556943],[-76.80035130484617,3.750017153556943],[-76.80035130484617,3.70001692484285]]]}},{"type":"Feature","properties":{"v":22.38},"geometry":{"type":"Polygon","coordinates":[[[-76.75035107613208,3.70001692484285],[-76.700350847418,3.70001692484285],[-76.700350847418,3.750017153556943],[-76.75035107613208,3.750017153556943],[-76.75035107613208,3.70001692484285]]]}},{"type":"Feature","properties":{"v":19.08},"geometry":{"type":"Polygon","coordinates":[[[-76.700350847418,3.70001692484285],[-76.6503506187039,3.70001692484285],[-76.6503506187039,3.750017153556943],[-76.700350847418,3.750017153556943],[-76.700350847418,3.70001692484285]]]}},{"type":"Feature","properties":{"v":14.18},"geometry":{"type":"Polygon","coordinates":[[[-76.6503506187039,3.70001692484285],[-76.6003503899898,3.70001692484285],[-76.6003503899898,3.750017153556943],[-76.6503506187039,3.750017153556943],[-76.6503506187039,3.70001692484285]]]}},{"type":"Feature","properties":{"v":10.61},"geometry":{"type":"Polygon","coordinates":[[[-76.6003503899898,3.70001692484285],[-76.55035016127572,3.70001692484285],[-76.55035016127572,3.750017153556943],[-76.6003503899898,3.750017153556943],[-76.6003503899898,3.70001692484285]]]}},{"type":"Feature","properties":{"v":6.81},"geometry":{"type":"Polygon","coordinates":[[[-76.55035016127572,3.70001692484285],[-76.50034993256162,3.70001692484285],[-76.50034993256162,3.750017153556943],[-76.55035016127572,3.750017153556943],[-76.55035016127572,3.70001692484285]]]}},{"type":"Feature","properties":{"v":5.79},"geometry":{"type":"Polygon","coordinates":[[[-76.50034993256162,3.70001692484285],[-76.45034970384752,3.70001692484285],[-76.45034970384752,3.750017153556943],[-76.50034993256162,3.750017153556943],[-76.50034993256162,3.70001692484285]]]}},{"type":"Feature","properties":{"v":4.82},"geometry":{"type":"Polygon","coordinates":[[[-76.45034970384752,3.70001692484285],[-76.40034947513344,3.70001692484285],[-76.40034947513344,3.750017153556943],[-76.45034970384752,3.750017153556943],[-76.45034970384752,3.70001692484285]]]}},{"type":"Feature","properties":{"v":4.54},"geometry":{"type":"Polygon","coordinates":[[[-76.40034947513344,3.70001692484285],[-76.35034924641934,3.70001692484285],[-76.35034924641934,3.750017153556943],[-76.40034947513344,3.750017153556943],[-76.40034947513344,3.70001692484285]]]}},{"type":"Feature","properties":{"v":4.68},"geometry":{"type":"Polygon","coordinates":[[[-76.35034924641934,3.70001692484285],[-76.30034901770524,3.70001692484285],[-76.30034901770524,3.750017153556943],[-76.35034924641934,3.750017153556943],[-76.35034924641934,3.70001692484285]]]}},{"type":"Feature","properties":{"v":4.5},"geometry":{"type":"Polygon","coordinates":[[[-76.30034901770524,3.70001692484285],[-76.25034878899116,3.70001692484285],[-76.25034878899116,3.750017153556943],[-76.30034901770524,3.750017153556943],[-76.30034901770524,3.70001692484285]]]}},{"type":"Feature","properties":{"v":4.24},"geometry":{"type":"Polygon","coordinates":[[[-76.25034878899116,3.70001692484285],[-76.20034856027706,3.70001692484285],[-76.20034856027706,3.750017153556943],[-76.25034878899116,3.750017153556943],[-76.25034878899116,3.70001692484285]]]}},{"type":"Feature","properties":{"v":4.79},"geometry":{"type":"Polygon","coordinates":[[[-76.20034856027706,3.70001692484285],[-76.15034833156297,3.70001692484285],[-76.15034833156297,3.750017153556943],[-76.20034856027706,3.750017153556943],[-76.20034856027706,3.70001692484285]]]}},{"type":"Feature","properties":{"v":7.43},"geometry":{"type":"Polygon","coordinates":[[[-76.15034833156297,3.70001692484285],[-76.10034810284888,3.70001692484285],[-76.10034810284888,3.750017153556943],[-76.15034833156297,3.750017153556943],[-76.15034833156297,3.70001692484285]]]}},{"type":"Feature","properties":{"v":6.54},"geometry":{"type":"Polygon","coordinates":[[[-76.10034810284888,3.70001692484285],[-76.05034787413479,3.70001692484285],[-76.05034787413479,3.750017153556943],[-76.10034810284888,3.750017153556943],[-76.10034810284888,3.70001692484285]]]}},{"type":"Feature","properties":{"v":6.06},"geometry":{"type":"Polygon","coordinates":[[[-76.05034787413479,3.70001692484285],[-76.00034764542069,3.70001692484285],[-76.00034764542069,3.750017153556943],[-76.05034787413479,3.750017153556943],[-76.05034787413479,3.70001692484285]]]}},{"type":"Feature","properties":{"v":6.9},"geometry":{"type":"Polygon","coordinates":[[[-76.00034764542069,3.70001692484285],[-75.9503474167066,3.70001692484285],[-75.9503474167066,3.750017153556943],[-76.00034764542069,3.750017153556943],[-76.00034764542069,3.70001692484285]]]}},{"type":"Feature","properties":{"v":6.54},"geometry":{"type":"Polygon","coordinates":[[[-75.9503474167066,3.70001692484285],[-75.90034718799251,3.70001692484285],[-75.90034718799251,3.750017153556943],[-75.9503474167066,3.750017153556943],[-75.9503474167066,3.70001692484285]]]}},{"type":"Feature","properties":{"v":5.95},"geometry":{"type":"Polygon","coordinates":[[[-75.90034718799251,3.70001692484285],[-75.85034695927841,3.70001692484285],[-75.85034695927841,3.750017153556943],[-75.90034718799251,3.750017153556943],[-75.90034718799251,3.70001692484285]]]}},{"type":"Feature","properties":{"v":4.6},"geometry":{"type":"Polygon","coordinates":[[[-75.85034695927841,3.70001692484285],[-75.80034673056433,3.70001692484285],[-75.80034673056433,3.750017153556943],[-75.85034695927841,3.750017153556943],[-75.85034695927841,3.70001692484285]]]}},{"type":"Feature","properties":{"v":3.74},"geometry":{"type":"Polygon","coordinates":[[[-75.80034673056433,3.70001692484285],[-75.75034650185023,3.70001692484285],[-75.75034650185023,3.750017153556943],[-75.80034673056433,3.750017153556943],[-75.80034673056433,3.70001692484285]]]}},{"type":"Feature","properties":{"v":0.0},"geometry":{"type":"Polygon","coordinates":[[[-75.75034650185023,3.70001692484285],[-75.70034627313613,3.70001692484285],[-75.70034627313613,3.750017153556943],[-75.75034650185023,3.750017153556943],[-75.75034650185023,3.70001692484285]]]}},{"type":"Feature","properties":{"v":0.0},"geometry":{"type":"Polygon","coordinates":[[[-75.70034627313613,3.70001692484285],[-75.65034604442205,3.70001692484285],[-75.65034604442205,3.750017153556943],[-75.70034627313613,3.750017153556943],[-75.70034627313613,3.70001692484285]]]}},{"type":"Feature","properties":{"v":0.0},"geometry":{"type":"Polygon","coordinates":[[[-75.65034604442205,3.70001692484285],[-75.60034581570795,3.70001692484285],[-75.60034581570795,3.750017153556943],[-75.65034604442205,3.750017153556943],[-75.65034604442205,3.70001692484285]]]}},{"type":"Feature","properties":{"v":0.0},"geometry":{"type":"Polygon","coordinates":[[[-75.60034581570795,3.70001692484285],[-75.55034558699386,3.70001692484285],[-75.55034558699386,3.750017153556943],[-75.60034581570795,3.750017153556943],[-75.60034581570795,3.70001692484285]]]}},{"type":"Feature","properties":{"v":0.0},"geometry":{"type":"Polygon","coordinates":[[[-75.55034558699386,3.70001692484285],[-75.50034535827977,3.70001692484285],[-75.50034535827977,3.750017153556943],[-75.55034558699386,3.750017153556943],[-75.55034558699386,3.70001692484285]]]}},{"type":"Feature","properties":{"v":0.0},"geometry":{"type":"Polygon","coordinates":[[[-75.50034535827977,3.70001692484285],[-75.45034512956568,3.70001692484285],[-75.45034512956568,3.750017153556943],[-75.50034535827977,3.750017153556943],[-75.50034535827977,3.70001692484285]]]}},{"type":"Feature","properties":{"v":0.0},"geometry":{"type":"Polygon","coordinates":[[[-75.45034512956568,3.70001692484285],[-75.40034490085158,3.70001692484285],[-75.40034490085158,3.750017153556943],[-75.45034512956568,3.750017153556943],[-75.45034512956568,3.70001692484285]]]}},{"type":"Feature","properties":{"v":0.0},"geometry":{"type":"Polygon","coordinates":[[[-75.40034490085158,3.70001692484285],[-75.3503446721375,3.70001692484285],[-75.3503446721375,3.750017153556943],[-75.40034490085158,3.750017153556943],[-75.40034490085158,3.70001692484285]]]}},{"type":"Feature","properties":{"v":0.0},"geometry":{"type":"Polygon","coordinates":[[[-75.3503446721375,3.70001692484285],[-75.3003444434234,3.70001692484285],[-75.3003444434234,3.750017153556943],[-75.3503446721375,3.750017153556943],[-75.3503446721375,3.70001692484285]]]}},{"type":"Feature","properties":{"v":0.0},"geometry":{"type":"Polygon","coordinates":[[[-75.3003444434234,3.70001692484285],[-75.2503442147093,3.70001692484285],[-75.2503442147093,3.750017153556943],[-75.3003444434234,3.750017153556943],[-75.3003444434234,3.70001692484285]]]}},{"type":"Feature","properties":{"v":0.0},"geometry":{"type":"Polygon","coordinates":[[[-75.2503442147093,3.70001692484285],[-75.20034398599522,3.70001692484285],[-75.20034398599522,3.750017153556943],[-75.2503442147093,3.750017153556943],[-75.2503442147093,3.70001692484285]]]}},{"type":"Feature","properties":{"v":0.0},"geometry":{"type":"Polygon","coordinates":[[[-75.20034398599522,3.70001692484285],[-75.15034375728112,3.70001692484285],[-75.15034375728112,3.750017153556943],[-75.20034398599522,3.750017153556943],[-75.20034398599522,3.70001692484285]]]}},{"type":"Feature","properties":{"v":0.0},"geometry":{"type":"Polygon","coordinates":[[[-75.15034375728112,3.70001692484285],[-75.10034352856702,3.70001692484285],[-75.10034352856702,3.750017153556943],[-75.15034375728112,3.750017153556943],[-75.15034375728112,3.70001692484285]]]}},{"type":"Feature","properties":{"v":69.86},"geometry":{"type":"Polygon","coordinates":[[[-77.250353363273,3.6500166961287577],[-77.20035313455891,3.6500166961287577],[-77.20035313455891,3.70001692484285],[-77.250353363273,3.70001692484285],[-77.250353363273,3.6500166961287577]]]}},{"type":"Feature","properties":{"v":90.51},"geometry":{"type":"Polygon","coordinates":[[[-77.20035313455891,3.6500166961287577],[-77.15035290584483,3.6500166961287577],[-77.15035290584483,3.70001692484285],[-77.20035313455891,3.70001692484285],[-77.20035313455891,3.6500166961287577]]]}},{"type":"Feature","properties":{"v":80.27},"geometry":{"type":"Polygon","coordinates":[[[-77.15035290584483,3.6500166961287577],[-77.10035267713073,3.6500166961287577],[-77.10035267713073,3.70001692484285],[-77.15035290584483,3.70001692484285],[-77.15035290584483,3.6500166961287577]]]}},{"type":"Feature","properties":{"v":67.59},"geometry":{"type":"Polygon","coordinates":[[[-77.10035267713073,3.6500166961287577],[-77.05035244841663,3.6500166961287577],[-77.05035244841663,3.70001692484285],[-77.10035267713073,3.70001692484285],[-77.10035267713073,3.6500166961287577]]]}},{"type":"Feature","properties":{"v":55.54},"geometry":{"type":"Polygon","coordinates":[[[-77.05035244841663,3.6500166961287577],[-77.00035221970255,3.6500166961287577],[-77.00035221970255,3.70001692484285],[-77.05035244841663,3.70001692484285],[-77.05035244841663,3.6500166961287577]]]}},{"type":"Feature","properties":{"v":56.19},"geometry":{"type":"Polygon","coordinates":[[[-77.00035221970255,3.6500166961287577],[-76.95035199098845,3.6500166961287577],[-76.95035199098845,3.70001692484285],[-77.00035221970255,3.70001692484285],[-77.00035221970255,3.6500166961287577]]]}},{"type":"Feature","properties":{"v":43.14},"geometry":{"type":"Polygon","coordinates":[[[-76.95035199098845,3.6500166961287577],[-76.90035176227435,3.6500166961287577],[-76.90035176227435,3.70001692484285],[-76.95035199098845,3.70001692484285],[-76.95035199098845,3.6500166961287577]]]}},{"type":"Feature","properties":{"v":34.42},"geometry":{"type":"Polygon","coordinates":[[[-76.90035176227435,3.6500166961287577],[-76.85035153356027,3.6500166961287577],[-76.85035153356027,3.70001692484285],[-76.90035176227435,3.70001692484285],[-76.90035176227435,3.6500166961287577]]]}},{"type":"Feature","properties":{"v":32.2},"geometry":{"type":"Polygon","coordinates":[[[-76.85035153356027,3.6500166961287577],[-76.80035130484617,3.6500166961287577],[-76.80035130484617,3.70001692484285],[-76.85035153356027,3.70001692484285],[-76.85035153356027,3.6500166961287577]]]}},{"type":"Feature","properties":{"v":24.74},"geometry":{"type":"Polygon","coordinates":[[[-76.80035130484617,3.6500166961287577],[-76.75035107613208,3.6500166961287577],[-76.75035107613208,3.70001692484285],[-76.80035130484617,3.70001692484285],[-76.80035130484617,3.6500166961287577]]]}},{"type":"Feature","properties":{"v":18.47},"geometry":{"type":"Polygon","coordinates":[[[-76.75035107613208,3.6500166961287577],[-76.700350847418,3.6500166961287577],[-76.700350847418,3.70001692484285],[-76.75035107613208,3.70001692484285],[-76.75035107613208,3.6500166961287577]]]}},{"type":"Feature","properties":{"v":16.88},"geometry":{"type":"Polygon","coordinates":[[[-76.700350847418,3.6500166961287577],[-76.6503506187039,3.6500166961287577],[-76.6503506187039,3.70001692484285],[-76.700350847418,3.70001692484285],[-76.700350847418,3.6500166961287577]]]}},{"type":"Feature","properties":{"v":12.01},"geometry":{"type":"Polygon","coordinates":[[[-76.6503506187039,3.6500166961287577],[-76.6003503899898,3.6500166961287577],[-76.6003503899898,3.70001692484285],[-76.6503506187039,3.70001692484285],[-76.6503506187039,3.6500166961287577]]]}},{"type":"Feature","properties":{"v":9.84},"geometry":{"type":"Polygon","coordinates":[[[-76.6003503899898,3.6500166961287577],[-76.55035016127572,3.6500166961287577],[-76.55035016127572,3.70001692484285],[-76.6003503899898,3.70001692484285],[-76.6003503899898,3.6500166961287577]]]}},{"type":"Feature","properties":{"v":6.39},"geometry":{"type":"Polygon","coordinates":[[[-76.55035016127572,3.6500166961287577],[-76.50034993256162,3.6500166961287577],[-76.50034993256162,3.70001692484285],[-76.55035016127572,3.70001692484285],[-76.55035016127572,3.6500166961287577]]]}},{"type":"Feature","properties":{"v":5.58},"geometry":{"type":"Polygon","coordinates":[[[-76.50034993256162,3.6500166961287577],[-76.45034970384752,3.6500166961287577],[-76.45034970384752,3.70001692484285],[-76.50034993256162,3.70001692484285],[-76.50034993256162,3.6500166961287577]]]}},{"type":"Feature","properties":{"v":4.74},"geometry":{"type":"Polygon","coordinates":[[[-76.45034970384752,3.6500166961287577],[-76.40034947513344,3.6500166961287577],[-76.40034947513344,3.70001692484285],[-76.45034970384752,3.70001692484285],[-76.45034970384752,3.6500166961287577]]]}},{"type":"Feature","properties":{"v":4.46},"geometry":{"type":"Polygon","coordinates":[[[-76.40034947513344,3.6500166961287577],[-76.35034924641934,3.6500166961287577],[-76.35034924641934,3.70001692484285],[-76.40034947513344,3.70001692484285],[-76.40034947513344,3.6500166961287577]]]}},{"type":"Feature","properties":{"v":4.7},"geometry":{"type":"Polygon","coordinates":[[[-76.35034924641934,3.6500166961287577],[-76.30034901770524,3.6500166961287577],[-76.30034901770524,3.70001692484285],[-76.35034924641934,3.70001692484285],[-76.35034924641934,3.6500166961287577]]]}},{"type":"Feature","properties":{"v":4.45},"geometry":{"type":"Polygon","coordinates":[[[-76.30034901770524,3.6500166961287577],[-76.25034878899116,3.6500166961287577],[-76.25034878899116,3.70001692484285],[-76.30034901770524,3.70001692484285],[-76.30034901770524,3.6500166961287577]]]}},{"type":"Feature","properties":{"v":4.43},"geometry":{"type":"Polygon","coordinates":[[[-76.25034878899116,3.6500166961287577],[-76.20034856027706,3.6500166961287577],[-76.20034856027706,3.70001692484285],[-76.25034878899116,3.70001692484285],[-76.25034878899116,3.6500166961287577]]]}},{"type":"Feature","properties":{"v":6.75},"geometry":{"type":"Polygon","coordinates":[[[-76.20034856027706,3.6500166961287577],[-76.15034833156297,3.6500166961287577],[-76.15034833156297,3.70001692484285],[-76.20034856027706,3.70001692484285],[-76.20034856027706,3.6500166961287577]]]}},{"type":"Feature","properties":{"v":7.39},"geometry":{"type":"Polygon","coordinates":[[[-76.15034833156297,3.6500166961287577],[-76.10034810284888,3.6500166961287577],[-76.10034810284888,3.70001692484285],[-76.15034833156297,3.70001692484285],[-76.15034833156297,3.6500166961287577]]]}},{"type":"Feature","properties":{"v":7.47},"geometry":{"type":"Polygon","coordinates":[[[-76.10034810284888,3.6500166961287577],[-76.05034787413479,3.6500166961287577],[-76.05034787413479,3.70001692484285],[-76.10034810284888,3.70001692484285],[-76.10034810284888,3.6500166961287577]]]}},{"type":"Feature","properties":{"v":7.12},"geometry":{"type":"Polygon","coordinates":[[[-76.05034787413479,3.6500166961287577],[-76.00034764542069,3.6500166961287577],[-76.00034764542069,3.70001692484285],[-76.05034787413479,3.70001692484285],[-76.05034787413479,3.6500166961287577]]]}},{"type":"Feature","properties":{"v":7.75},"geometry":{"type":"Polygon","coordinates":[[[-76.00034764542069,3.6500166961287577],[-75.9503474167066,3.6500166961287577],[-75.9503474167066,3.70001692484285],[-76.00034764542069,3.70001692484285],[-76.00034764542069,3.6500166961287577]]]}},{"type":"Feature","properties":{"v":7.48},"geometry":{"type":"Polygon","coordinates":[[[-75.9503474167066,3.6500166961287577],[-75.90034718799251,3.6500166961287577],[-75.90034718799251,3.70001692484285],[-75.9503474167066,3.70001692484285],[-75.9503474167066,3.6500166961287577]]]}},{"type":"Feature","properties":{"v":7.45},"geometry":{"type":"Polygon","coordinates":[[[-75.90034718799251,3.6500166961287577],[-75.85034695927841,3.6500166961287577],[-75.85034695927841,3.70001692484285],[-75.90034718799251,3.70001692484285],[-75.90034718799251,3.6500166961287577]]]}},{"type":"Feature","properties":{"v":5.34},"geometry":{"type":"Polygon","coordinates":[[[-75.85034695927841,3.6500166961287577],[-75.80034673056433,3.6500166961287577],[-75.80034673056433,3.70001692484285],[-75.85034695927841,3.70001692484285],[-75.85034695927841,3.6500166961287577]]]}},{"type":"Feature","properties":{"v":4.49},"geometry":{"type":"Polygon","coordinates":[[[-75.80034673056433,3.6500166961287577],[-75.75034650185023,3.6500166961287577],[-75.75034650185023,3.70001692484285],[-75.80034673056433,3.70001692484285],[-75.80034673056433,3.6500166961287577]]]}},{"type":"Feature","properties":{"v":0.0},"geometry":{"type":"Polygon","coordinates":[[[-75.75034650185023,3.6500166961287577],[-75.70034627313613,3.6500166961287577],[-75.70034627313613,3.70001692484285],[-75.75034650185023,3.70001692484285],[-75.75034650185023,3.6500166961287577]]]}},{"type":"Feature","properties":{"v":0.0},"geometry":{"type":"Polygon","coordinates":[[[-75.70034627313613,3.6500166961287577],[-75.65034604442205,3.6500166961287577],[-75.65034604442205,3.70001692484285],[-75.70034627313613,3.70001692484285],[-75.70034627313613,3.6500166961287577]]]}},{"type":"Feature","properties":{"v":0.0},"geometry":{"type":"Polygon","coordinates":[[[-75.65034604442205,3.6500166961287577],[-75.60034581570795,3.6500166961287577],[-75.60034581570795,3.70001692484285],[-75.65034604442205,3.70001692484285],[-75.65034604442205,3.6500166961287577]]]}},{"type":"Feature","properties":{"v":0.0},"geometry":{"type":"Polygon","coordinates":[[[-75.60034581570795,3.6500166961287577],[-75.55034558699386,3.6500166961287577],[-75.55034558699386,3.70001692484285],[-75.60034581570795,3.70001692484285],[-75.60034581570795,3.6500166961287577]]]}},{"type":"Feature","properties":{"v":0.0},"geometry":{"type":"Polygon","coordinates":[[[-75.55034558699386,3.6500166961287577],[-75.50034535827977,3.6500166961287577],[-75.50034535827977,3.70001692484285],[-75.55034558699386,3.70001692484285],[-75.55034558699386,3.6500166961287577]]]}},{"type":"Feature","properties":{"v":0.0},"geometry":{"type":"Polygon","coordinates":[[[-75.50034535827977,3.6500166961287577],[-75.45034512956568,3.6500166961287577],[-75.45034512956568,3.70001692484285],[-75.50034535827977,3.70001692484285],[-75.50034535827977,3.6500166961287577]]]}},{"type":"Feature","properties":{"v":0.0},"geometry":{"type":"Polygon","coordinates":[[[-75.45034512956568,3.6500166961287577],[-75.40034490085158,3.6500166961287577],[-75.40034490085158,3.70001692484285],[-75.45034512956568,3.70001692484285],[-75.45034512956568,3.6500166961287577]]]}},{"type":"Feature","properties":{"v":0.0},"geometry":{"type":"Polygon","coordinates":[[[-75.40034490085158,3.6500166961287577],[-75.3503446721375,3.6500166961287577],[-75.3503446721375,3.70001692484285],[-75.40034490085158,3.70001692484285],[-75.40034490085158,3.6500166961287577]]]}},{"type":"Feature","properties":{"v":0.0},"geometry":{"type":"Polygon","coordinates":[[[-75.3503446721375,3.6500166961287577],[-75.3003444434234,3.6500166961287577],[-75.3003444434234,3.70001692484285],[-75.3503446721375,3.70001692484285],[-75.3503446721375,3.6500166961287577]]]}},{"type":"Feature","properties":{"v":2.67},"geometry":{"type":"Polygon","coordinates":[[[-75.3003444434234,3.6500166961287577],[-75.2503442147093,3.6500166961287577],[-75.2503442147093,3.70001692484285],[-75.3003444434234,3.70001692484285],[-75.3003444434234,3.6500166961287577]]]}},{"type":"Feature","properties":{"v":0.0},"geometry":{"type":"Polygon","coordinates":[[[-75.2503442147093,3.6500166961287577],[-75.20034398599522,3.6500166961287577],[-75.20034398599522,3.70001692484285],[-75.2503442147093,3.70001692484285],[-75.2503442147093,3.6500166961287577]]]}},{"type":"Feature","properties":{"v":0.0},"geometry":{"type":"Polygon","coordinates":[[[-75.20034398599522,3.6500166961287577],[-75.15034375728112,3.6500166961287577],[-75.15034375728112,3.70001692484285],[-75.20034398599522,3.70001692484285],[-75.20034398599522,3.6500166961287577]]]}},{"type":"Feature","properties":{"v":1.37},"geometry":{"type":"Polygon","coordinates":[[[-75.15034375728112,3.6500166961287577],[-75.10034352856702,3.6500166961287577],[-75.10034352856702,3.70001692484285],[-75.15034375728112,3.70001692484285],[-75.15034375728112,3.6500166961287577]]]}},{"type":"Feature","properties":{"v":98.77},"geometry":{"type":"Polygon","coordinates":[[[-77.250353363273,3.6000164674146653],[-77.20035313455891,3.6000164674146653],[-77.20035313455891,3.6500166961287577],[-77.250353363273,3.6500166961287577],[-77.250353363273,3.6000164674146653]]]}},{"type":"Feature","properties":{"v":86.93},"geometry":{"type":"Polygon","coordinates":[[[-77.20035313455891,3.6000164674146653],[-77.15035290584483,3.6000164674146653],[-77.15035290584483,3.6500166961287577],[-77.20035313455891,3.6500166961287577],[-77.20035313455891,3.6000164674146653]]]}},{"type":"Feature","properties":{"v":81.08},"geometry":{"type":"Polygon","coordinates":[[[-77.15035290584483,3.6000164674146653],[-77.10035267713073,3.6000164674146653],[-77.10035267713073,3.6500166961287577],[-77.15035290584483,3.6500166961287577],[-77.15035290584483,3.6000164674146653]]]}},{"type":"Feature","properties":{"v":65.3},"geometry":{"type":"Polygon","coordinates":[[[-77.10035267713073,3.6000164674146653],[-77.05035244841663,3.6000164674146653],[-77.05035244841663,3.6500166961287577],[-77.10035267713073,3.6500166961287577],[-77.10035267713073,3.6000164674146653]]]}},{"type":"Feature","properties":{"v":54.8},"geometry":{"type":"Polygon","coordinates":[[[-77.05035244841663,3.6000164674146653],[-77.00035221970255,3.6000164674146653],[-77.00035221970255,3.6500166961287577],[-77.05035244841663,3.6500166961287577],[-77.05035244841663,3.6000164674146653]]]}},{"type":"Feature","properties":{"v":52.16},"geometry":{"type":"Polygon","coordinates":[[[-77.00035221970255,3.6000164674146653],[-76.95035199098845,3.6000164674146653],[-76.95035199098845,3.6500166961287577],[-77.00035221970255,3.6500166961287577],[-77.00035221970255,3.6000164674146653]]]}},{"type":"Feature","properties":{"v":41.03},"geometry":{"type":"Polygon","coordinates":[[[-76.95035199098845,3.6000164674146653],[-76.90035176227435,3.6000164674146653],[-76.90035176227435,3.6500166961287577],[-76.95035199098845,3.6500166961287577],[-76.95035199098845,3.6000164674146653]]]}},{"type":"Feature","properties":{"v":33.74},"geometry":{"type":"Polygon","coordinates":[[[-76.90035176227435,3.6000164674146653],[-76.85035153356027,3.6000164674146653],[-76.85035153356027,3.6500166961287577],[-76.90035176227435,3.6500166961287577],[-76.90035176227435,3.6000164674146653]]]}},{"type":"Feature","properties":{"v":29.48},"geometry":{"type":"Polygon","coordinates":[[[-76.85035153356027,3.6000164674146653],[-76.80035130484617,3.6000164674146653],[-76.80035130484617,3.6500166961287577],[-76.85035153356027,3.6500166961287577],[-76.85035153356027,3.6000164674146653]]]}},{"type":"Feature","properties":{"v":21.96},"geometry":{"type":"Polygon","coordinates":[[[-76.80035130484617,3.6000164674146653],[-76.75035107613208,3.6000164674146653],[-76.75035107613208,3.6500166961287577],[-76.80035130484617,3.6500166961287577],[-76.80035130484617,3.6000164674146653]]]}},{"type":"Feature","properties":{"v":16.87},"geometry":{"type":"Polygon","coordinates":[[[-76.75035107613208,3.6000164674146653],[-76.700350847418,3.6000164674146653],[-76.700350847418,3.6500166961287577],[-76.75035107613208,3.6500166961287577],[-76.75035107613208,3.6000164674146653]]]}},{"type":"Feature","properties":{"v":15.63},"geometry":{"type":"Polygon","coordinates":[[[-76.700350847418,3.6000164674146653],[-76.6503506187039,3.6000164674146653],[-76.6503506187039,3.6500166961287577],[-76.700350847418,3.6500166961287577],[-76.700350847418,3.6000164674146653]]]}},{"type":"Feature","properties":{"v":10.64},"geometry":{"type":"Polygon","coordinates":[[[-76.6503506187039,3.6000164674146653],[-76.6003503899898,3.6000164674146653],[-76.6003503899898,3.6500166961287577],[-76.6503506187039,3.6500166961287577],[-76.6503506187039,3.6000164674146653]]]}},{"type":"Feature","properties":{"v":8.36},"geometry":{"type":"Polygon","coordinates":[[[-76.6003503899898,3.6000164674146653],[-76.55035016127572,3.6000164674146653],[-76.55035016127572,3.6500166961287577],[-76.6003503899898,3.6500166961287577],[-76.6003503899898,3.6000164674146653]]]}},{"type":"Feature","properties":{"v":6.18},"geometry":{"type":"Polygon","coordinates":[[[-76.55035016127572,3.6000164674146653],[-76.50034993256162,3.6000164674146653],[-76.50034993256162,3.6500166961287577],[-76.55035016127572,3.6500166961287577],[-76.55035016127572,3.6000164674146653]]]}},{"type":"Feature","properties":{"v":5.72},"geometry":{"type":"Polygon","coordinates":[[[-76.50034993256162,3.6000164674146653],[-76.45034970384752,3.6000164674146653],[-76.45034970384752,3.6500166961287577],[-76.50034993256162,3.6500166961287577],[-76.50034993256162,3.6000164674146653]]]}},{"type":"Feature","properties":{"v":6.49},"geometry":{"type":"Polygon","coordinates":[[[-76.45034970384752,3.6000164674146653],[-76.40034947513344,3.6000164674146653],[-76.40034947513344,3.6500166961287577],[-76.45034970384752,3.6500166961287577],[-76.45034970384752,3.6000164674146653]]]}},{"type":"Feature","properties":{"v":4.77},"geometry":{"type":"Polygon","coordinates":[[[-76.40034947513344,3.6000164674146653],[-76.35034924641934,3.6000164674146653],[-76.35034924641934,3.6500166961287577],[-76.40034947513344,3.6500166961287577],[-76.40034947513344,3.6000164674146653]]]}},{"type":"Feature","properties":{"v":5.06},"geometry":{"type":"Polygon","coordinates":[[[-76.35034924641934,3.6000164674146653],[-76.30034901770524,3.6000164674146653],[-76.30034901770524,3.6500166961287577],[-76.35034924641934,3.6500166961287577],[-76.35034924641934,3.6000164674146653]]]}},{"type":"Feature","properties":{"v":4.48},"geometry":{"type":"Polygon","coordinates":[[[-76.30034901770524,3.6000164674146653],[-76.25034878899116,3.6000164674146653],[-76.25034878899116,3.6500166961287577],[-76.30034901770524,3.6500166961287577],[-76.30034901770524,3.6000164674146653]]]}},{"type":"Feature","properties":{"v":4.53},"geometry":{"type":"Polygon","coordinates":[[[-76.25034878899116,3.6000164674146653],[-76.20034856027706,3.6000164674146653],[-76.20034856027706,3.6500166961287577],[-76.25034878899116,3.6500166961287577],[-76.25034878899116,3.6000164674146653]]]}},{"type":"Feature","properties":{"v":6.99},"geometry":{"type":"Polygon","coordinates":[[[-76.20034856027706,3.6000164674146653],[-76.15034833156297,3.6000164674146653],[-76.15034833156297,3.6500166961287577],[-76.20034856027706,3.6500166961287577],[-76.20034856027706,3.6000164674146653]]]}},{"type":"Feature","properties":{"v":7.43},"geometry":{"type":"Polygon","coordinates":[[[-76.15034833156297,3.6000164674146653],[-76.10034810284888,3.6000164674146653],[-76.10034810284888,3.6500166961287577],[-76.15034833156297,3.6500166961287577],[-76.15034833156297,3.6000164674146653]]]}},{"type":"Feature","properties":{"v":6.92},"geometry":{"type":"Polygon","coordinates":[[[-76.10034810284888,3.6000164674146653],[-76.05034787413479,3.6000164674146653],[-76.05034787413479,3.6500166961287577],[-76.10034810284888,3.6500166961287577],[-76.10034810284888,3.6000164674146653]]]}},{"type":"Feature","properties":{"v":8.54},"geometry":{"type":"Polygon","coordinates":[[[-76.05034787413479,3.6000164674146653],[-76.00034764542069,3.6000164674146653],[-76.00034764542069,3.6500166961287577],[-76.05034787413479,3.6500166961287577],[-76.05034787413479,3.6000164674146653]]]}},{"type":"Feature","properties":{"v":9.07},"geometry":{"type":"Polygon","coordinates":[[[-76.00034764542069,3.6000164674146653],[-75.9503474167066,3.6000164674146653],[-75.9503474167066,3.6500166961287577],[-76.00034764542069,3.6500166961287577],[-76.00034764542069,3.6000164674146653]]]}},{"type":"Feature","properties":{"v":9.95},"geometry":{"type":"Polygon","coordinates":[[[-75.9503474167066,3.6000164674146653],[-75.90034718799251,3.6000164674146653],[-75.90034718799251,3.6500166961287577],[-75.9503474167066,3.6500166961287577],[-75.9503474167066,3.6000164674146653]]]}},{"type":"Feature","properties":{"v":8.74},"geometry":{"type":"Polygon","coordinates":[[[-75.90034718799251,3.6000164674146653],[-75.85034695927841,3.6000164674146653],[-75.85034695927841,3.6500166961287577],[-75.90034718799251,3.6500166961287577],[-75.90034718799251,3.6000164674146653]]]}},{"type":"Feature","properties":{"v":6.69},"geometry":{"type":"Polygon","coordinates":[[[-75.85034695927841,3.6000164674146653],[-75.80034673056433,3.6000164674146653],[-75.80034673056433,3.6500166961287577],[-75.85034695927841,3.6500166961287577],[-75.85034695927841,3.6000164674146653]]]}},{"type":"Feature","properties":{"v":0.0},"geometry":{"type":"Polygon","coordinates":[[[-75.80034673056433,3.6000164674146653],[-75.75034650185023,3.6000164674146653],[-75.75034650185023,3.6500166961287577],[-75.80034673056433,3.6500166961287577],[-75.80034673056433,3.6000164674146653]]]}},{"type":"Feature","properties":{"v":0.0},"geometry":{"type":"Polygon","coordinates":[[[-75.75034650185023,3.6000164674146653],[-75.70034627313613,3.6000164674146653],[-75.70034627313613,3.6500166961287577],[-75.75034650185023,3.6500166961287577],[-75.75034650185023,3.6000164674146653]]]}},{"type":"Feature","properties":{"v":0.0},"geometry":{"type":"Polygon","coordinates":[[[-75.70034627313613,3.6000164674146653],[-75.65034604442205,3.6000164674146653],[-75.65034604442205,3.6500166961287577],[-75.70034627313613,3.6500166961287577],[-75.70034627313613,3.6000164674146653]]]}},{"type":"Feature","properties":{"v":0.0},"geometry":{"type":"Polygon","coordinates":[[[-75.65034604442205,3.6000164674146653],[-75.60034581570795,3.6000164674146653],[-75.60034581570795,3.6500166961287577],[-75.65034604442205,3.6500166961287577],[-75.65034604442205,3.6000164674146653]]]}},{"type":"Feature","properties":{"v":0.0},"geometry":{"type":"Polygon","coordinates":[[[-75.60034581570795,3.6000164674146653],[-75.55034558699386,3.6000164674146653],[-75.55034558699386,3.6500166961287577],[-75.60034581570795,3.6500166961287577],[-75.60034581570795,3.6000164674146653]]]}},{"type":"Feature","properties":{"v":0.0},"geometry":{"type":"Polygon","coordinates":[[[-75.55034558699386,3.6000164674146653],[-75.50034535827977,3.6000164674146653],[-75.50034535827977,3.6500166961287577],[-75.55034558699386,3.6500166961287577],[-75.55034558699386,3.6000164674146653]]]}},{"type":"Feature","properties":{"v":0.0},"geometry":{"type":"Polygon","coordinates":[[[-75.50034535827977,3.6000164674146653],[-75.45034512956568,3.6000164674146653],[-75.45034512956568,3.6500166961287577],[-75.50034535827977,3.6500166961287577],[-75.50034535827977,3.6000164674146653]]]}},{"type":"Feature","properties":{"v":0.0},"geometry":{"type":"Polygon","coordinates":[[[-75.45034512956568,3.6000164674146653],[-75.40034490085158,3.6000164674146653],[-75.40034490085158,3.6500166961287577],[-75.45034512956568,3.6500166961287577],[-75.45034512956568,3.6000164674146653]]]}},{"type":"Feature","properties":{"v":0.0},"geometry":{"type":"Polygon","coordinates":[[[-75.40034490085158,3.6000164674146653],[-75.3503446721375,3.6000164674146653],[-75.3503446721375,3.6500166961287577],[-75.40034490085158,3.6500166961287577],[-75.40034490085158,3.6000164674146653]]]}},{"type":"Feature","properties":{"v":1.81},"geometry":{"type":"Polygon","coordinates":[[[-75.3503446721375,3.6000164674146653],[-75.3003444434234,3.6000164674146653],[-75.3003444434234,3.6500166961287577],[-75.3503446721375,3.6500166961287577],[-75.3503446721375,3.6000164674146653]]]}},{"type":"Feature","properties":{"v":2.44},"geometry":{"type":"Polygon","coordinates":[[[-75.3003444434234,3.6000164674146653],[-75.2503442147093,3.6000164674146653],[-75.2503442147093,3.6500166961287577],[-75.3003444434234,3.6500166961287577],[-75.3003444434234,3.6000164674146653]]]}},{"type":"Feature","properties":{"v":1.82},"geometry":{"type":"Polygon","coordinates":[[[-75.2503442147093,3.6000164674146653],[-75.20034398599522,3.6000164674146653],[-75.20034398599522,3.6500166961287577],[-75.2503442147093,3.6500166961287577],[-75.2503442147093,3.6000164674146653]]]}},{"type":"Feature","properties":{"v":0.0},"geometry":{"type":"Polygon","coordinates":[[[-75.20034398599522,3.6000164674146653],[-75.15034375728112,3.6000164674146653],[-75.15034375728112,3.6500166961287577],[-75.20034398599522,3.6500166961287577],[-75.20034398599522,3.6000164674146653]]]}},{"type":"Feature","properties":{"v":0.0},"geometry":{"type":"Polygon","coordinates":[[[-75.15034375728112,3.6000164674146653],[-75.10034352856702,3.6000164674146653],[-75.10034352856702,3.6500166961287577],[-75.15034375728112,3.6500166961287577],[-75.15034375728112,3.6000164674146653]]]}},{"type":"Feature","properties":{"v":75.74},"geometry":{"type":"Polygon","coordinates":[[[-77.35035382070119,3.5500162387005725],[-77.3003535919871,3.5500162387005725],[-77.3003535919871,3.6000164674146653],[-77.35035382070119,3.6000164674146653],[-77.35035382070119,3.5500162387005725]]]}},{"type":"Feature","properties":{"v":103.52},"geometry":{"type":"Polygon","coordinates":[[[-77.3003535919871,3.5500162387005725],[-77.250353363273,3.5500162387005725],[-77.250353363273,3.6000164674146653],[-77.3003535919871,3.6000164674146653],[-77.3003535919871,3.5500162387005725]]]}},{"type":"Feature","properties":{"v":98.01},"geometry":{"type":"Polygon","coordinates":[[[-77.250353363273,3.5500162387005725],[-77.20035313455891,3.5500162387005725],[-77.20035313455891,3.6000164674146653],[-77.250353363273,3.6000164674146653],[-77.250353363273,3.5500162387005725]]]}},{"type":"Feature","properties":{"v":86.12},"geometry":{"type":"Polygon","coordinates":[[[-77.20035313455891,3.5500162387005725],[-77.15035290584483,3.5500162387005725],[-77.15035290584483,3.6000164674146653],[-77.20035313455891,3.6000164674146653],[-77.20035313455891,3.5500162387005725]]]}},{"type":"Feature","properties":{"v":78.66},"geometry":{"type":"Polygon","coordinates":[[[-77.15035290584483,3.5500162387005725],[-77.10035267713073,3.5500162387005725],[-77.10035267713073,3.6000164674146653],[-77.15035290584483,3.6000164674146653],[-77.15035290584483,3.5500162387005725]]]}},{"type":"Feature","properties":{"v":65.66},"geometry":{"type":"Polygon","coordinates":[[[-77.10035267713073,3.5500162387005725],[-77.05035244841663,3.5500162387005725],[-77.05035244841663,3.6000164674146653],[-77.10035267713073,3.6000164674146653],[-77.10035267713073,3.5500162387005725]]]}},{"type":"Feature","properties":{"v":54.55},"geometry":{"type":"Polygon","coordinates":[[[-77.05035244841663,3.5500162387005725],[-77.00035221970255,3.5500162387005725],[-77.00035221970255,3.6000164674146653],[-77.05035244841663,3.6000164674146653],[-77.05035244841663,3.5500162387005725]]]}},{"type":"Feature","properties":{"v":52.84},"geometry":{"type":"Polygon","coordinates":[[[-77.00035221970255,3.5500162387005725],[-76.95035199098845,3.5500162387005725],[-76.95035199098845,3.6000164674146653],[-77.00035221970255,3.6000164674146653],[-77.00035221970255,3.5500162387005725]]]}},{"type":"Feature","properties":{"v":39.66},"geometry":{"type":"Polygon","coordinates":[[[-76.95035199098845,3.5500162387005725],[-76.90035176227435,3.5500162387005725],[-76.90035176227435,3.6000164674146653],[-76.95035199098845,3.6000164674146653],[-76.95035199098845,3.5500162387005725]]]}},{"type":"Feature","properties":{"v":32.71},"geometry":{"type":"Polygon","coordinates":[[[-76.90035176227435,3.5500162387005725],[-76.85035153356027,3.5500162387005725],[-76.85035153356027,3.6000164674146653],[-76.90035176227435,3.6000164674146653],[-76.90035176227435,3.5500162387005725]]]}},{"type":"Feature","properties":{"v":28.08},"geometry":{"type":"Polygon","coordinates":[[[-76.85035153356027,3.5500162387005725],[-76.80035130484617,3.5500162387005725],[-76.80035130484617,3.6000164674146653],[-76.85035153356027,3.6000164674146653],[-76.85035153356027,3.5500162387005725]]]}},{"type":"Feature","properties":{"v":20.85},"geometry":{"type":"Polygon","coordinates":[[[-76.80035130484617,3.5500162387005725],[-76.75035107613208,3.5500162387005725],[-76.75035107613208,3.6000164674146653],[-76.80035130484617,3.6000164674146653],[-76.80035130484617,3.5500162387005725]]]}},{"type":"Feature","properties":{"v":16.31},"geometry":{"type":"Polygon","coordinates":[[[-76.75035107613208,3.5500162387005725],[-76.700350847418,3.5500162387005725],[-76.700350847418,3.6000164674146653],[-76.75035107613208,3.6000164674146653],[-76.75035107613208,3.5500162387005725]]]}},{"type":"Feature","properties":{"v":12.85},"geometry":{"type":"Polygon","coordinates":[[[-76.700350847418,3.5500162387005725],[-76.6503506187039,3.5500162387005725],[-76.6503506187039,3.6000164674146653],[-76.700350847418,3.6000164674146653],[-76.700350847418,3.5500162387005725]]]}},{"type":"Feature","properties":{"v":10.31},"geometry":{"type":"Polygon","coordinates":[[[-76.6503506187039,3.5500162387005725],[-76.6003503899898,3.5500162387005725],[-76.6003503899898,3.6000164674146653],[-76.6503506187039,3.6000164674146653],[-76.6503506187039,3.5500162387005725]]]}},{"type":"Feature","properties":{"v":8.92},"geometry":{"type":"Polygon","coordinates":[[[-76.6003503899898,3.5500162387005725],[-76.55035016127572,3.5500162387005725],[-76.55035016127572,3.6000164674146653],[-76.6003503899898,3.6000164674146653],[-76.6003503899898,3.5500162387005725]]]}},{"type":"Feature","properties":{"v":8.39},"geometry":{"type":"Polygon","coordinates":[[[-76.55035016127572,3.5500162387005725],[-76.50034993256162,3.5500162387005725],[-76.50034993256162,3.6000164674146653],[-76.55035016127572,3.6000164674146653],[-76.55035016127572,3.5500162387005725]]]}},{"type":"Feature","properties":{"v":7.31},"geometry":{"type":"Polygon","coordinates":[[[-76.50034993256162,3.5500162387005725],[-76.45034970384752,3.5500162387005725],[-76.45034970384752,3.6000164674146653],[-76.50034993256162,3.6000164674146653],[-76.50034993256162,3.5500162387005725]]]}},{"type":"Feature","properties":{"v":6.83},"geometry":{"type":"Polygon","coordinates":[[[-76.45034970384752,3.5500162387005725],[-76.40034947513344,3.5500162387005725],[-76.40034947513344,3.6000164674146653],[-76.45034970384752,3.6000164674146653],[-76.45034970384752,3.5500162387005725]]]}},{"type":"Feature","properties":{"v":5.64},"geometry":{"type":"Polygon","coordinates":[[[-76.40034947513344,3.5500162387005725],[-76.35034924641934,3.5500162387005725],[-76.35034924641934,3.6000164674146653],[-76.40034947513344,3.6000164674146653],[-76.40034947513344,3.5500162387005725]]]}},{"type":"Feature","properties":{"v":5.52},"geometry":{"type":"Polygon","coordinates":[[[-76.35034924641934,3.5500162387005725],[-76.30034901770524,3.5500162387005725],[-76.30034901770524,3.6000164674146653],[-76.35034924641934,3.6000164674146653],[-76.35034924641934,3.5500162387005725]]]}},{"type":"Feature","properties":{"v":4.72},"geometry":{"type":"Polygon","coordinates":[[[-76.30034901770524,3.5500162387005725],[-76.25034878899116,3.5500162387005725],[-76.25034878899116,3.6000164674146653],[-76.30034901770524,3.6000164674146653],[-76.30034901770524,3.5500162387005725]]]}},{"type":"Feature","properties":{"v":4.73},"geometry":{"type":"Polygon","coordinates":[[[-76.25034878899116,3.5500162387005725],[-76.20034856027706,3.5500162387005725],[-76.20034856027706,3.6000164674146653],[-76.25034878899116,3.6000164674146653],[-76.25034878899116,3.5500162387005725]]]}},{"type":"Feature","properties":{"v":5.33},"geometry":{"type":"Polygon","coordinates":[[[-76.20034856027706,3.5500162387005725],[-76.15034833156297,3.5500162387005725],[-76.15034833156297,3.6000164674146653],[-76.20034856027706,3.6000164674146653],[-76.20034856027706,3.5500162387005725]]]}},{"type":"Feature","properties":{"v":7.93},"geometry":{"type":"Polygon","coordinates":[[[-76.15034833156297,3.5500162387005725],[-76.10034810284888,3.5500162387005725],[-76.10034810284888,3.6000164674146653],[-76.15034833156297,3.6000164674146653],[-76.15034833156297,3.5500162387005725]]]}},{"type":"Feature","properties":{"v":7.71},"geometry":{"type":"Polygon","coordinates":[[[-76.10034810284888,3.5500162387005725],[-76.05034787413479,3.5500162387005725],[-76.05034787413479,3.6000164674146653],[-76.10034810284888,3.6000164674146653],[-76.10034810284888,3.5500162387005725]]]}},{"type":"Feature","properties":{"v":9.29},"geometry":{"type":"Polygon","coordinates":[[[-76.05034787413479,3.5500162387005725],[-76.00034764542069,3.5500162387005725],[-76.00034764542069,3.6000164674146653],[-76.05034787413479,3.6000164674146653],[-76.05034787413479,3.5500162387005725]]]}},{"type":"Feature","properties":{"v":10.3},"geometry":{"type":"Polygon","coordinates":[[[-76.00034764542069,3.5500162387005725],[-75.9503474167066,3.5500162387005725],[-75.9503474167066,3.6000164674146653],[-76.00034764542069,3.6000164674146653],[-76.00034764542069,3.5500162387005725]]]}},{"type":"Feature","properties":{"v":10.02},"geometry":{"type":"Polygon","coordinates":[[[-75.9503474167066,3.5500162387005725],[-75.90034718799251,3.5500162387005725],[-75.90034718799251,3.6000164674146653],[-75.9503474167066,3.6000164674146653],[-75.9503474167066,3.5500162387005725]]]}},{"type":"Feature","properties":{"v":9.38},"geometry":{"type":"Polygon","coordinates":[[[-75.90034718799251,3.5500162387005725],[-75.85034695927841,3.5500162387005725],[-75.85034695927841,3.6000164674146653],[-75.90034718799251,3.6000164674146653],[-75.90034718799251,3.5500162387005725]]]}},{"type":"Feature","properties":{"v":8.21},"geometry":{"type":"Polygon","coordinates":[[[-75.85034695927841,3.5500162387005725],[-75.80034673056433,3.5500162387005725],[-75.80034673056433,3.6000164674146653],[-75.85034695927841,3.6000164674146653],[-75.85034695927841,3.5500162387005725]]]}},{"type":"Feature","properties":{"v":5.24},"geometry":{"type":"Polygon","coordinates":[[[-75.80034673056433,3.5500162387005725],[-75.75034650185023,3.5500162387005725],[-75.75034650185023,3.6000164674146653],[-75.80034673056433,3.6000164674146653],[-75.80034673056433,3.5500162387005725]]]}},{"type":"Feature","properties":{"v":0.0},"geometry":{"type":"Polygon","coordinates":[[[-75.75034650185023,3.5500162387005725],[-75.70034627313613,3.5500162387005725],[-75.70034627313613,3.6000164674146653],[-75.75034650185023,3.6000164674146653],[-75.75034650185023,3.5500162387005725]]]}},{"type":"Feature","properties":{"v":0.0},"geometry":{"type":"Polygon","coordinates":[[[-75.70034627313613,3.5500162387005725],[-75.65034604442205,3.5500162387005725],[-75.65034604442205,3.6000164674146653],[-75.70034627313613,3.6000164674146653],[-75.70034627313613,3.5500162387005725]]]}},{"type":"Feature","properties":{"v":0.0},"geometry":{"type":"Polygon","coordinates":[[[-75.65034604442205,3.5500162387005725],[-75.60034581570795,3.5500162387005725],[-75.60034581570795,3.6000164674146653],[-75.65034604442205,3.6000164674146653],[-75.65034604442205,3.5500162387005725]]]}},{"type":"Feature","properties":{"v":0.0},"geometry":{"type":"Polygon","coordinates":[[[-75.60034581570795,3.5500162387005725],[-75.55034558699386,3.5500162387005725],[-75.55034558699386,3.6000164674146653],[-75.60034581570795,3.6000164674146653],[-75.60034581570795,3.5500162387005725]]]}},{"type":"Feature","properties":{"v":0.0},"geometry":{"type":"Polygon","coordinates":[[[-75.55034558699386,3.5500162387005725],[-75.50034535827977,3.5500162387005725],[-75.50034535827977,3.6000164674146653],[-75.55034558699386,3.6000164674146653],[-75.55034558699386,3.5500162387005725]]]}},{"type":"Feature","properties":{"v":0.0},"geometry":{"type":"Polygon","coordinates":[[[-75.50034535827977,3.5500162387005725],[-75.45034512956568,3.5500162387005725],[-75.45034512956568,3.6000164674146653],[-75.50034535827977,3.6000164674146653],[-75.50034535827977,3.5500162387005725]]]}},{"type":"Feature","properties":{"v":0.0},"geometry":{"type":"Polygon","coordinates":[[[-75.45034512956568,3.5500162387005725],[-75.40034490085158,3.5500162387005725],[-75.40034490085158,3.6000164674146653],[-75.45034512956568,3.6000164674146653],[-75.45034512956568,3.5500162387005725]]]}},{"type":"Feature","properties":{"v":0.0},"geometry":{"type":"Polygon","coordinates":[[[-75.40034490085158,3.5500162387005725],[-75.3503446721375,3.5500162387005725],[-75.3503446721375,3.6000164674146653],[-75.40034490085158,3.6000164674146653],[-75.40034490085158,3.5500162387005725]]]}},{"type":"Feature","properties":{"v":0.0},"geometry":{"type":"Polygon","coordinates":[[[-75.3503446721375,3.5500162387005725],[-75.3003444434234,3.5500162387005725],[-75.3003444434234,3.6000164674146653],[-75.3503446721375,3.6000164674146653],[-75.3503446721375,3.5500162387005725]]]}},{"type":"Feature","properties":{"v":0.0},"geometry":{"type":"Polygon","coordinates":[[[-75.3003444434234,3.5500162387005725],[-75.2503442147093,3.5500162387005725],[-75.2503442147093,3.6000164674146653],[-75.3003444434234,3.6000164674146653],[-75.3003444434234,3.5500162387005725]]]}},{"type":"Feature","properties":{"v":0.0},"geometry":{"type":"Polygon","coordinates":[[[-75.2503442147093,3.5500162387005725],[-75.20034398599522,3.5500162387005725],[-75.20034398599522,3.6000164674146653],[-75.2503442147093,3.6000164674146653],[-75.2503442147093,3.5500162387005725]]]}},{"type":"Feature","properties":{"v":0.0},"geometry":{"type":"Polygon","coordinates":[[[-75.20034398599522,3.5500162387005725],[-75.15034375728112,3.5500162387005725],[-75.15034375728112,3.6000164674146653],[-75.20034398599522,3.6000164674146653],[-75.20034398599522,3.5500162387005725]]]}},{"type":"Feature","properties":{"v":2.26},"geometry":{"type":"Polygon","coordinates":[[[-75.15034375728112,3.5500162387005725],[-75.10034352856702,3.5500162387005725],[-75.10034352856702,3.6000164674146653],[-75.15034375728112,3.6000164674146653],[-75.15034375728112,3.5500162387005725]]]}},{"type":"Feature","properties":{"v":123.94},"geometry":{"type":"Polygon","coordinates":[[[-77.35035382070119,3.5000160099864797],[-77.3003535919871,3.5000160099864797],[-77.3003535919871,3.5500162387005725],[-77.35035382070119,3.5500162387005725],[-77.35035382070119,3.5000160099864797]]]}},{"type":"Feature","properties":{"v":101.94},"geometry":{"type":"Polygon","coordinates":[[[-77.3003535919871,3.5000160099864797],[-77.250353363273,3.5000160099864797],[-77.250353363273,3.5500162387005725],[-77.3003535919871,3.5500162387005725],[-77.3003535919871,3.5000160099864797]]]}},{"type":"Feature","properties":{"v":104.31},"geometry":{"type":"Polygon","coordinates":[[[-77.250353363273,3.5000160099864797],[-77.20035313455891,3.5000160099864797],[-77.20035313455891,3.5500162387005725],[-77.250353363273,3.5500162387005725],[-77.250353363273,3.5000160099864797]]]}},{"type":"Feature","properties":{"v":81.59},"geometry":{"type":"Polygon","coordinates":[[[-77.20035313455891,3.5000160099864797],[-77.15035290584483,3.5000160099864797],[-77.15035290584483,3.5500162387005725],[-77.20035313455891,3.5500162387005725],[-77.20035313455891,3.5000160099864797]]]}},{"type":"Feature","properties":{"v":77.74},"geometry":{"type":"Polygon","coordinates":[[[-77.15035290584483,3.5000160099864797],[-77.10035267713073,3.5000160099864797],[-77.10035267713073,3.5500162387005725],[-77.15035290584483,3.5500162387005725],[-77.15035290584483,3.5000160099864797]]]}},{"type":"Feature","properties":{"v":60.83},"geometry":{"type":"Polygon","coordinates":[[[-77.10035267713073,3.5000160099864797],[-77.05035244841663,3.5000160099864797],[-77.05035244841663,3.5500162387005725],[-77.10035267713073,3.5500162387005725],[-77.10035267713073,3.5000160099864797]]]}},{"type":"Feature","properties":{"v":49.7},"geometry":{"type":"Polygon","coordinates":[[[-77.05035244841663,3.5000160099864797],[-77.00035221970255,3.5000160099864797],[-77.00035221970255,3.5500162387005725],[-77.05035244841663,3.5500162387005725],[-77.05035244841663,3.5000160099864797]]]}},{"type":"Feature","properties":{"v":48.0},"geometry":{"type":"Polygon","coordinates":[[[-77.00035221970255,3.5000160099864797],[-76.95035199098845,3.5000160099864797],[-76.95035199098845,3.5500162387005725],[-77.00035221970255,3.5500162387005725],[-77.00035221970255,3.5000160099864797]]]}},{"type":"Feature","properties":{"v":37.93},"geometry":{"type":"Polygon","coordinates":[[[-76.95035199098845,3.5000160099864797],[-76.90035176227435,3.5000160099864797],[-76.90035176227435,3.5500162387005725],[-76.95035199098845,3.5500162387005725],[-76.95035199098845,3.5000160099864797]]]}},{"type":"Feature","properties":{"v":29.77},"geometry":{"type":"Polygon","coordinates":[[[-76.90035176227435,3.5000160099864797],[-76.85035153356027,3.5000160099864797],[-76.85035153356027,3.5500162387005725],[-76.90035176227435,3.5500162387005725],[-76.90035176227435,3.5000160099864797]]]}},{"type":"Feature","properties":{"v":26.1},"geometry":{"type":"Polygon","coordinates":[[[-76.85035153356027,3.5000160099864797],[-76.80035130484617,3.5000160099864797],[-76.80035130484617,3.5500162387005725],[-76.85035153356027,3.5500162387005725],[-76.85035153356027,3.5000160099864797]]]}},{"type":"Feature","properties":{"v":20.23},"geometry":{"type":"Polygon","coordinates":[[[-76.80035130484617,3.5000160099864797],[-76.75035107613208,3.5000160099864797],[-76.75035107613208,3.5500162387005725],[-76.80035130484617,3.5500162387005725],[-76.80035130484617,3.5000160099864797]]]}},{"type":"Feature","properties":{"v":15.82},"geometry":{"type":"Polygon","coordinates":[[[-76.75035107613208,3.5000160099864797],[-76.700350847418,3.5000160099864797],[-76.700350847418,3.5500162387005725],[-76.75035107613208,3.5500162387005725],[-76.75035107613208,3.5000160099864797]]]}},{"type":"Feature","properties":{"v":12.75},"geometry":{"type":"Polygon","coordinates":[[[-76.700350847418,3.5000160099864797],[-76.6503506187039,3.5000160099864797],[-76.6503506187039,3.5500162387005725],[-76.700350847418,3.5500162387005725],[-76.700350847418,3.5000160099864797]]]}},{"type":"Feature","properties":{"v":10.55},"geometry":{"type":"Polygon","coordinates":[[[-76.6503506187039,3.5000160099864797],[-76.6003503899898,3.5000160099864797],[-76.6003503899898,3.5500162387005725],[-76.6503506187039,3.5500162387005725],[-76.6503506187039,3.5000160099864797]]]}},{"type":"Feature","properties":{"v":8.84},"geometry":{"type":"Polygon","coordinates":[[[-76.6003503899898,3.5000160099864797],[-76.55035016127572,3.5000160099864797],[-76.55035016127572,3.5500162387005725],[-76.6003503899898,3.5500162387005725],[-76.6003503899898,3.5000160099864797]]]}},{"type":"Feature","properties":{"v":8.3},"geometry":{"type":"Polygon","coordinates":[[[-76.55035016127572,3.5000160099864797],[-76.50034993256162,3.5000160099864797],[-76.50034993256162,3.5500162387005725],[-76.55035016127572,3.5500162387005725],[-76.55035016127572,3.5000160099864797]]]}},{"type":"Feature","properties":{"v":6.15},"geometry":{"type":"Polygon","coordinates":[[[-76.50034993256162,3.5000160099864797],[-76.45034970384752,3.5000160099864797],[-76.45034970384752,3.5500162387005725],[-76.50034993256162,3.5500162387005725],[-76.50034993256162,3.5000160099864797]]]}},{"type":"Feature","properties":{"v":6.02},"geometry":{"type":"Polygon","coordinates":[[[-76.45034970384752,3.5000160099864797],[-76.40034947513344,3.5000160099864797],[-76.40034947513344,3.5500162387005725],[-76.45034970384752,3.5500162387005725],[-76.45034970384752,3.5000160099864797]]]}},{"type":"Feature","properties":{"v":6.0},"geometry":{"type":"Polygon","coordinates":[[[-76.40034947513344,3.5000160099864797],[-76.35034924641934,3.5000160099864797],[-76.35034924641934,3.5500162387005725],[-76.40034947513344,3.5500162387005725],[-76.40034947513344,3.5000160099864797]]]}},{"type":"Feature","properties":{"v":5.86},"geometry":{"type":"Polygon","coordinates":[[[-76.35034924641934,3.5000160099864797],[-76.30034901770524,3.5000160099864797],[-76.30034901770524,3.5500162387005725],[-76.35034924641934,3.5500162387005725],[-76.35034924641934,3.5000160099864797]]]}},{"type":"Feature","properties":{"v":5.19},"geometry":{"type":"Polygon","coordinates":[[[-76.30034901770524,3.5000160099864797],[-76.25034878899116,3.5000160099864797],[-76.25034878899116,3.5500162387005725],[-76.30034901770524,3.5500162387005725],[-76.30034901770524,3.5000160099864797]]]}},{"type":"Feature","properties":{"v":5.12},"geometry":{"type":"Polygon","coordinates":[[[-76.25034878899116,3.5000160099864797],[-76.20034856027706,3.5000160099864797],[-76.20034856027706,3.5500162387005725],[-76.25034878899116,3.5500162387005725],[-76.25034878899116,3.5000160099864797]]]}},{"type":"Feature","properties":{"v":5.28},"geometry":{"type":"Polygon","coordinates":[[[-76.20034856027706,3.5000160099864797],[-76.15034833156297,3.5000160099864797],[-76.15034833156297,3.5500162387005725],[-76.20034856027706,3.5500162387005725],[-76.20034856027706,3.5000160099864797]]]}},{"type":"Feature","properties":{"v":8.09},"geometry":{"type":"Polygon","coordinates":[[[-76.15034833156297,3.5000160099864797],[-76.10034810284888,3.5000160099864797],[-76.10034810284888,3.5500162387005725],[-76.15034833156297,3.5500162387005725],[-76.15034833156297,3.5000160099864797]]]}},{"type":"Feature","properties":{"v":8.18},"geometry":{"type":"Polygon","coordinates":[[[-76.10034810284888,3.5000160099864797],[-76.05034787413479,3.5000160099864797],[-76.05034787413479,3.5500162387005725],[-76.10034810284888,3.5500162387005725],[-76.10034810284888,3.5000160099864797]]]}},{"type":"Feature","properties":{"v":9.47},"geometry":{"type":"Polygon","coordinates":[[[-76.05034787413479,3.5000160099864797],[-76.00034764542069,3.5000160099864797],[-76.00034764542069,3.5500162387005725],[-76.05034787413479,3.5500162387005725],[-76.05034787413479,3.5000160099864797]]]}},{"type":"Feature","properties":{"v":11.33},"geometry":{"type":"Polygon","coordinates":[[[-76.00034764542069,3.5000160099864797],[-75.9503474167066,3.5000160099864797],[-75.9503474167066,3.5500162387005725],[-76.00034764542069,3.5500162387005725],[-76.00034764542069,3.5000160099864797]]]}},{"type":"Feature","properties":{"v":9.78},"geometry":{"type":"Polygon","coordinates":[[[-75.9503474167066,3.5000160099864797],[-75.90034718799251,3.5000160099864797],[-75.90034718799251,3.5500162387005725],[-75.9503474167066,3.5500162387005725],[-75.9503474167066,3.5000160099864797]]]}},{"type":"Feature","properties":{"v":7.87},"geometry":{"type":"Polygon","coordinates":[[[-75.90034718799251,3.5000160099864797],[-75.85034695927841,3.5000160099864797],[-75.85034695927841,3.5500162387005725],[-75.90034718799251,3.5500162387005725],[-75.90034718799251,3.5000160099864797]]]}},{"type":"Feature","properties":{"v":9.04},"geometry":{"type":"Polygon","coordinates":[[[-75.85034695927841,3.5000160099864797],[-75.80034673056433,3.5000160099864797],[-75.80034673056433,3.5500162387005725],[-75.85034695927841,3.5500162387005725],[-75.85034695927841,3.5000160099864797]]]}},{"type":"Feature","properties":{"v":6.54},"geometry":{"type":"Polygon","coordinates":[[[-75.80034673056433,3.5000160099864797],[-75.75034650185023,3.5000160099864797],[-75.75034650185023,3.5500162387005725],[-75.80034673056433,3.5500162387005725],[-75.80034673056433,3.5000160099864797]]]}},{"type":"Feature","properties":{"v":0.0},"geometry":{"type":"Polygon","coordinates":[[[-75.75034650185023,3.5000160099864797],[-75.70034627313613,3.5000160099864797],[-75.70034627313613,3.5500162387005725],[-75.75034650185023,3.5500162387005725],[-75.75034650185023,3.5000160099864797]]]}},{"type":"Feature","properties":{"v":0.0},"geometry":{"type":"Polygon","coordinates":[[[-75.70034627313613,3.5000160099864797],[-75.65034604442205,3.5000160099864797],[-75.65034604442205,3.5500162387005725],[-75.70034627313613,3.5500162387005725],[-75.70034627313613,3.5000160099864797]]]}},{"type":"Feature","properties":{"v":0.0},"geometry":{"type":"Polygon","coordinates":[[[-75.65034604442205,3.5000160099864797],[-75.60034581570795,3.5000160099864797],[-75.60034581570795,3.5500162387005725],[-75.65034604442205,3.5500162387005725],[-75.65034604442205,3.5000160099864797]]]}},{"type":"Feature","properties":{"v":0.0},"geometry":{"type":"Polygon","coordinates":[[[-75.60034581570795,3.5000160099864797],[-75.55034558699386,3.5000160099864797],[-75.55034558699386,3.5500162387005725],[-75.60034581570795,3.5500162387005725],[-75.60034581570795,3.5000160099864797]]]}},{"type":"Feature","properties":{"v":0.0},"geometry":{"type":"Polygon","coordinates":[[[-75.55034558699386,3.5000160099864797],[-75.50034535827977,3.5000160099864797],[-75.50034535827977,3.5500162387005725],[-75.55034558699386,3.5500162387005725],[-75.55034558699386,3.5000160099864797]]]}},{"type":"Feature","properties":{"v":0.0},"geometry":{"type":"Polygon","coordinates":[[[-75.50034535827977,3.5000160099864797],[-75.45034512956568,3.5000160099864797],[-75.45034512956568,3.5500162387005725],[-75.50034535827977,3.5500162387005725],[-75.50034535827977,3.5000160099864797]]]}},{"type":"Feature","properties":{"v":0.0},"geometry":{"type":"Polygon","coordinates":[[[-75.45034512956568,3.5000160099864797],[-75.40034490085158,3.5000160099864797],[-75.40034490085158,3.5500162387005725],[-75.45034512956568,3.5500162387005725],[-75.45034512956568,3.5000160099864797]]]}},{"type":"Feature","properties":{"v":0.0},"geometry":{"type":"Polygon","coordinates":[[[-75.40034490085158,3.5000160099864797],[-75.3503446721375,3.5000160099864797],[-75.3503446721375,3.5500162387005725],[-75.40034490085158,3.5500162387005725],[-75.40034490085158,3.5000160099864797]]]}},{"type":"Feature","properties":{"v":0.0},"geometry":{"type":"Polygon","coordinates":[[[-75.3503446721375,3.5000160099864797],[-75.3003444434234,3.5000160099864797],[-75.3003444434234,3.5500162387005725],[-75.3503446721375,3.5500162387005725],[-75.3503446721375,3.5000160099864797]]]}},{"type":"Feature","properties":{"v":2.97},"geometry":{"type":"Polygon","coordinates":[[[-75.3003444434234,3.5000160099864797],[-75.2503442147093,3.5000160099864797],[-75.2503442147093,3.5500162387005725],[-75.3003444434234,3.5500162387005725],[-75.3003444434234,3.5000160099864797]]]}},{"type":"Feature","properties":{"v":0.0},"geometry":{"type":"Polygon","coordinates":[[[-75.2503442147093,3.5000160099864797],[-75.20034398599522,3.5000160099864797],[-75.20034398599522,3.5500162387005725],[-75.2503442147093,3.5500162387005725],[-75.2503442147093,3.5000160099864797]]]}},{"type":"Feature","properties":{"v":0.0},"geometry":{"type":"Polygon","coordinates":[[[-75.20034398599522,3.5000160099864797],[-75.15034375728112,3.5000160099864797],[-75.15034375728112,3.5500162387005725],[-75.20034398599522,3.5500162387005725],[-75.20034398599522,3.5000160099864797]]]}},{"type":"Feature","properties":{"v":0.0},"geometry":{"type":"Polygon","coordinates":[[[-75.15034375728112,3.5000160099864797],[-75.10034352856702,3.5000160099864797],[-75.10034352856702,3.5500162387005725],[-75.15034375728112,3.5500162387005725],[-75.15034375728112,3.5000160099864797]]]}},{"type":"Feature","properties":{"v":148.15},"geometry":{"type":"Polygon","coordinates":[[[-77.40035404941528,3.4500157812723873],[-77.35035382070119,3.4500157812723873],[-77.35035382070119,3.5000160099864797],[-77.40035404941528,3.5000160099864797],[-77.40035404941528,3.4500157812723873]]]}},{"type":"Feature","properties":{"v":130.04},"geometry":{"type":"Polygon","coordinates":[[[-77.35035382070119,3.4500157812723873],[-77.3003535919871,3.4500157812723873],[-77.3003535919871,3.5000160099864797],[-77.35035382070119,3.5000160099864797],[-77.35035382070119,3.4500157812723873]]]}},{"type":"Feature","properties":{"v":109.64},"geometry":{"type":"Polygon","coordinates":[[[-77.3003535919871,3.4500157812723873],[-77.250353363273,3.4500157812723873],[-77.250353363273,3.5000160099864797],[-77.3003535919871,3.5000160099864797],[-77.3003535919871,3.4500157812723873]]]}},{"type":"Feature","properties":{"v":103.73},"geometry":{"type":"Polygon","coordinates":[[[-77.250353363273,3.4500157812723873],[-77.20035313455891,3.4500157812723873],[-77.20035313455891,3.5000160099864797],[-77.250353363273,3.5000160099864797],[-77.250353363273,3.4500157812723873]]]}},{"type":"Feature","properties":{"v":80.03},"geometry":{"type":"Polygon","coordinates":[[[-77.20035313455891,3.4500157812723873],[-77.15035290584483,3.4500157812723873],[-77.15035290584483,3.5000160099864797],[-77.20035313455891,3.5000160099864797],[-77.20035313455891,3.4500157812723873]]]}},{"type":"Feature","properties":{"v":74.36},"geometry":{"type":"Polygon","coordinates":[[[-77.15035290584483,3.4500157812723873],[-77.10035267713073,3.4500157812723873],[-77.10035267713073,3.5000160099864797],[-77.15035290584483,3.5000160099864797],[-77.15035290584483,3.4500157812723873]]]}},{"type":"Feature","properties":{"v":59.6},"geometry":{"type":"Polygon","coordinates":[[[-77.10035267713073,3.4500157812723873],[-77.05035244841663,3.4500157812723873],[-77.05035244841663,3.5000160099864797],[-77.10035267713073,3.5000160099864797],[-77.10035267713073,3.4500157812723873]]]}},{"type":"Feature","properties":{"v":45.21},"geometry":{"type":"Polygon","coordinates":[[[-77.05035244841663,3.4500157812723873],[-77.00035221970255,3.4500157812723873],[-77.00035221970255,3.5000160099864797],[-77.05035244841663,3.5000160099864797],[-77.05035244841663,3.4500157812723873]]]}},{"type":"Feature","properties":{"v":45.18},"geometry":{"type":"Polygon","coordinates":[[[-77.00035221970255,3.4500157812723873],[-76.95035199098845,3.4500157812723873],[-76.95035199098845,3.5000160099864797],[-77.00035221970255,3.5000160099864797],[-77.00035221970255,3.4500157812723873]]]}},{"type":"Feature","properties":{"v":35.15},"geometry":{"type":"Polygon","coordinates":[[[-76.95035199098845,3.4500157812723873],[-76.90035176227435,3.4500157812723873],[-76.90035176227435,3.5000160099864797],[-76.95035199098845,3.5000160099864797],[-76.95035199098845,3.4500157812723873]]]}},{"type":"Feature","properties":{"v":28.58},"geometry":{"type":"Polygon","coordinates":[[[-76.90035176227435,3.4500157812723873],[-76.85035153356027,3.4500157812723873],[-76.85035153356027,3.5000160099864797],[-76.90035176227435,3.5000160099864797],[-76.90035176227435,3.4500157812723873]]]}},{"type":"Feature","properties":{"v":25.48},"geometry":{"type":"Polygon","coordinates":[[[-76.85035153356027,3.4500157812723873],[-76.80035130484617,3.4500157812723873],[-76.80035130484617,3.5000160099864797],[-76.85035153356027,3.5000160099864797],[-76.85035153356027,3.4500157812723873]]]}},{"type":"Feature","properties":{"v":20.07},"geometry":{"type":"Polygon","coordinates":[[[-76.80035130484617,3.4500157812723873],[-76.75035107613208,3.4500157812723873],[-76.75035107613208,3.5000160099864797],[-76.80035130484617,3.5000160099864797],[-76.80035130484617,3.4500157812723873]]]}},{"type":"Feature","properties":{"v":16.72},"geometry":{"type":"Polygon","coordinates":[[[-76.75035107613208,3.4500157812723873],[-76.700350847418,3.4500157812723873],[-76.700350847418,3.5000160099864797],[-76.75035107613208,3.5000160099864797],[-76.75035107613208,3.4500157812723873]]]}},{"type":"Feature","properties":{"v":13.31},"geometry":{"type":"Polygon","coordinates":[[[-76.700350847418,3.4500157812723873],[-76.6503506187039,3.4500157812723873],[-76.6503506187039,3.5000160099864797],[-76.700350847418,3.5000160099864797],[-76.700350847418,3.4500157812723873]]]}},{"type":"Feature","properties":{"v":10.55},"geometry":{"type":"Polygon","coordinates":[[[-76.6503506187039,3.4500157812723873],[-76.6003503899898,3.4500157812723873],[-76.6003503899898,3.5000160099864797],[-76.6503506187039,3.5000160099864797],[-76.6503506187039,3.4500157812723873]]]}},{"type":"Feature","properties":{"v":9.39},"geometry":{"type":"Polygon","coordinates":[[[-76.6003503899898,3.4500157812723873],[-76.55035016127572,3.4500157812723873],[-76.55035016127572,3.5000160099864797],[-76.6003503899898,3.5000160099864797],[-76.6003503899898,3.4500157812723873]]]}},{"type":"Feature","properties":{"v":6.21},"geometry":{"type":"Polygon","coordinates":[[[-76.55035016127572,3.4500157812723873],[-76.50034993256162,3.4500157812723873],[-76.50034993256162,3.5000160099864797],[-76.55035016127572,3.5000160099864797],[-76.55035016127572,3.4500157812723873]]]}},{"type":"Feature","properties":{"v":5.08},"geometry":{"type":"Polygon","coordinates":[[[-76.50034993256162,3.4500157812723873],[-76.45034970384752,3.4500157812723873],[-76.45034970384752,3.5000160099864797],[-76.50034993256162,3.5000160099864797],[-76.50034993256162,3.4500157812723873]]]}},{"type":"Feature","properties":{"v":5.67},"geometry":{"type":"Polygon","coordinates":[[[-76.45034970384752,3.4500157812723873],[-76.40034947513344,3.4500157812723873],[-76.40034947513344,3.5000160099864797],[-76.45034970384752,3.5000160099864797],[-76.45034970384752,3.4500157812723873]]]}},{"type":"Feature","properties":{"v":7.33},"geometry":{"type":"Polygon","coordinates":[[[-76.40034947513344,3.4500157812723873],[-76.35034924641934,3.4500157812723873],[-76.35034924641934,3.5000160099864797],[-76.40034947513344,3.5000160099864797],[-76.40034947513344,3.4500157812723873]]]}},{"type":"Feature","properties":{"v":7.26},"geometry":{"type":"Polygon","coordinates":[[[-76.35034924641934,3.4500157812723873],[-76.30034901770524,3.4500157812723873],[-76.30034901770524,3.5000160099864797],[-76.35034924641934,3.5000160099864797],[-76.35034924641934,3.4500157812723873]]]}},{"type":"Feature","properties":{"v":5.79},"geometry":{"type":"Polygon","coordinates":[[[-76.30034901770524,3.4500157812723873],[-76.25034878899116,3.4500157812723873],[-76.25034878899116,3.5000160099864797],[-76.30034901770524,3.5000160099864797],[-76.30034901770524,3.4500157812723873]]]}},{"type":"Feature","properties":{"v":5.34},"geometry":{"type":"Polygon","coordinates":[[[-76.25034878899116,3.4500157812723873],[-76.20034856027706,3.4500157812723873],[-76.20034856027706,3.5000160099864797],[-76.25034878899116,3.5000160099864797],[-76.25034878899116,3.4500157812723873]]]}},{"type":"Feature","properties":{"v":5.77},"geometry":{"type":"Polygon","coordinates":[[[-76.20034856027706,3.4500157812723873],[-76.15034833156297,3.4500157812723873],[-76.15034833156297,3.5000160099864797],[-76.20034856027706,3.5000160099864797],[-76.20034856027706,3.4500157812723873]]]}},{"type":"Feature","properties":{"v":7.61},"geometry":{"type":"Polygon","coordinates":[[[-76.15034833156297,3.4500157812723873],[-76.10034810284888,3.4500157812723873],[-76.10034810284888,3.5000160099864797],[-76.15034833156297,3.5000160099864797],[-76.15034833156297,3.4500157812723873]]]}},{"type":"Feature","properties":{"v":8.17},"geometry":{"type":"Polygon","coordinates":[[[-76.10034810284888,3.4500157812723873],[-76.05034787413479,3.4500157812723873],[-76.05034787413479,3.5000160099864797],[-76.10034810284888,3.5000160099864797],[-76.10034810284888,3.4500157812723873]]]}},{"type":"Feature","properties":{"v":9.75},"geometry":{"type":"Polygon","coordinates":[[[-76.05034787413479,3.4500157812723873],[-76.00034764542069,3.4500157812723873],[-76.00034764542069,3.5000160099864797],[-76.05034787413479,3.5000160099864797],[-76.05034787413479,3.4500157812723873]]]}},{"type":"Feature","properties":{"v":11.02},"geometry":{"type":"Polygon","coordinates":[[[-76.00034764542069,3.4500157812723873],[-75.9503474167066,3.4500157812723873],[-75.9503474167066,3.5000160099864797],[-76.00034764542069,3.5000160099864797],[-76.00034764542069,3.4500157812723873]]]}},{"type":"Feature","properties":{"v":9.47},"geometry":{"type":"Polygon","coordinates":[[[-75.9503474167066,3.4500157812723873],[-75.90034718799251,3.4500157812723873],[-75.90034718799251,3.5000160099864797],[-75.9503474167066,3.5000160099864797],[-75.9503474167066,3.4500157812723873]]]}},{"type":"Feature","properties":{"v":8.43},"geometry":{"type":"Polygon","coordinates":[[[-75.90034718799251,3.4500157812723873],[-75.85034695927841,3.4500157812723873],[-75.85034695927841,3.5000160099864797],[-75.90034718799251,3.5000160099864797],[-75.90034718799251,3.4500157812723873]]]}},{"type":"Feature","properties":{"v":8.43},"geometry":{"type":"Polygon","coordinates":[[[-75.85034695927841,3.4500157812723873],[-75.80034673056433,3.4500157812723873],[-75.80034673056433,3.5000160099864797],[-75.85034695927841,3.5000160099864797],[-75.85034695927841,3.4500157812723873]]]}},{"type":"Feature","properties":{"v":7.37},"geometry":{"type":"Polygon","coordinates":[[[-75.80034673056433,3.4500157812723873],[-75.75034650185023,3.4500157812723873],[-75.75034650185023,3.5000160099864797],[-75.80034673056433,3.5000160099864797],[-75.80034673056433,3.4500157812723873]]]}},{"type":"Feature","properties":{"v":0.0},"geometry":{"type":"Polygon","coordinates":[[[-75.75034650185023,3.4500157812723873],[-75.70034627313613,3.4500157812723873],[-75.70034627313613,3.5000160099864797],[-75.75034650185023,3.5000160099864797],[-75.75034650185023,3.4500157812723873]]]}},{"type":"Feature","properties":{"v":0.0},"geometry":{"type":"Polygon","coordinates":[[[-75.70034627313613,3.4500157812723873],[-75.65034604442205,3.4500157812723873],[-75.65034604442205,3.5000160099864797],[-75.70034627313613,3.5000160099864797],[-75.70034627313613,3.4500157812723873]]]}},{"type":"Feature","properties":{"v":0.0},"geometry":{"type":"Polygon","coordinates":[[[-75.65034604442205,3.4500157812723873],[-75.60034581570795,3.4500157812723873],[-75.60034581570795,3.5000160099864797],[-75.65034604442205,3.5000160099864797],[-75.65034604442205,3.4500157812723873]]]}},{"type":"Feature","properties":{"v":0.0},"geometry":{"type":"Polygon","coordinates":[[[-75.60034581570795,3.4500157812723873],[-75.55034558699386,3.4500157812723873],[-75.55034558699386,3.5000160099864797],[-75.60034581570795,3.5000160099864797],[-75.60034581570795,3.4500157812723873]]]}},{"type":"Feature","properties":{"v":0.0},"geometry":{"type":"Polygon","coordinates":[[[-75.55034558699386,3.4500157812723873],[-75.50034535827977,3.4500157812723873],[-75.50034535827977,3.5000160099864797],[-75.55034558699386,3.5000160099864797],[-75.55034558699386,3.4500157812723873]]]}},{"type":"Feature","properties":{"v":0.0},"geometry":{"type":"Polygon","coordinates":[[[-75.50034535827977,3.4500157812723873],[-75.45034512956568,3.4500157812723873],[-75.45034512956568,3.5000160099864797],[-75.50034535827977,3.5000160099864797],[-75.50034535827977,3.4500157812723873]]]}},{"type":"Feature","properties":{"v":0.0},"geometry":{"type":"Polygon","coordinates":[[[-75.45034512956568,3.4500157812723873],[-75.40034490085158,3.4500157812723873],[-75.40034490085158,3.5000160099864797],[-75.45034512956568,3.5000160099864797],[-75.45034512956568,3.4500157812723873]]]}},{"type":"Feature","properties":{"v":0.0},"geometry":{"type":"Polygon","coordinates":[[[-75.40034490085158,3.4500157812723873],[-75.3503446721375,3.4500157812723873],[-75.3503446721375,3.5000160099864797],[-75.40034490085158,3.5000160099864797],[-75.40034490085158,3.4500157812723873]]]}},{"type":"Feature","properties":{"v":0.0},"geometry":{"type":"Polygon","coordinates":[[[-75.3503446721375,3.4500157812723873],[-75.3003444434234,3.4500157812723873],[-75.3003444434234,3.5000160099864797],[-75.3503446721375,3.5000160099864797],[-75.3503446721375,3.4500157812723873]]]}},{"type":"Feature","properties":{"v":2.52},"geometry":{"type":"Polygon","coordinates":[[[-75.3003444434234,3.4500157812723873],[-75.2503442147093,3.4500157812723873],[-75.2503442147093,3.5000160099864797],[-75.3003444434234,3.5000160099864797],[-75.3003444434234,3.4500157812723873]]]}},{"type":"Feature","properties":{"v":1.6},"geometry":{"type":"Polygon","coordinates":[[[-75.2503442147093,3.4500157812723873],[-75.20034398599522,3.4500157812723873],[-75.20034398599522,3.5000160099864797],[-75.2503442147093,3.5000160099864797],[-75.2503442147093,3.4500157812723873]]]}},{"type":"Feature","properties":{"v":0.0},"geometry":{"type":"Polygon","coordinates":[[[-75.20034398599522,3.4500157812723873],[-75.15034375728112,3.4500157812723873],[-75.15034375728112,3.5000160099864797],[-75.20034398599522,3.5000160099864797],[-75.20034398599522,3.4500157812723873]]]}},{"type":"Feature","properties":{"v":0.0},"geometry":{"type":"Polygon","coordinates":[[[-75.15034375728112,3.4500157812723873],[-75.10034352856702,3.4500157812723873],[-75.10034352856702,3.5000160099864797],[-75.15034375728112,3.5000160099864797],[-75.15034375728112,3.4500157812723873]]]}},{"type":"Feature","properties":{"v":118.86},"geometry":{"type":"Polygon","coordinates":[[[-77.45035427812938,3.400015552558295],[-77.40035404941528,3.400015552558295],[-77.40035404941528,3.4500157812723873],[-77.45035427812938,3.4500157812723873],[-77.45035427812938,3.400015552558295]]]}},{"type":"Feature","properties":{"v":157.59},"geometry":{"type":"Polygon","coordinates":[[[-77.40035404941528,3.400015552558295],[-77.35035382070119,3.400015552558295],[-77.35035382070119,3.4500157812723873],[-77.40035404941528,3.4500157812723873],[-77.40035404941528,3.400015552558295]]]}},{"type":"Feature","properties":{"v":137.0},"geometry":{"type":"Polygon","coordinates":[[[-77.35035382070119,3.400015552558295],[-77.3003535919871,3.400015552558295],[-77.3003535919871,3.4500157812723873],[-77.35035382070119,3.4500157812723873],[-77.35035382070119,3.400015552558295]]]}},{"type":"Feature","properties":{"v":113.68},"geometry":{"type":"Polygon","coordinates":[[[-77.3003535919871,3.400015552558295],[-77.250353363273,3.400015552558295],[-77.250353363273,3.4500157812723873],[-77.3003535919871,3.4500157812723873],[-77.3003535919871,3.400015552558295]]]}},{"type":"Feature","properties":{"v":103.4},"geometry":{"type":"Polygon","coordinates":[[[-77.250353363273,3.400015552558295],[-77.20035313455891,3.400015552558295],[-77.20035313455891,3.4500157812723873],[-77.250353363273,3.4500157812723873],[-77.250353363273,3.400015552558295]]]}},{"type":"Feature","properties":{"v":84.25},"geometry":{"type":"Polygon","coordinates":[[[-77.20035313455891,3.400015552558295],[-77.15035290584483,3.400015552558295],[-77.15035290584483,3.4500157812723873],[-77.20035313455891,3.4500157812723873],[-77.20035313455891,3.400015552558295]]]}},{"type":"Feature","properties":{"v":75.45},"geometry":{"type":"Polygon","coordinates":[[[-77.15035290584483,3.400015552558295],[-77.10035267713073,3.400015552558295],[-77.10035267713073,3.4500157812723873],[-77.15035290584483,3.4500157812723873],[-77.15035290584483,3.400015552558295]]]}},{"type":"Feature","properties":{"v":59.74},"geometry":{"type":"Polygon","coordinates":[[[-77.10035267713073,3.400015552558295],[-77.05035244841663,3.400015552558295],[-77.05035244841663,3.4500157812723873],[-77.10035267713073,3.4500157812723873],[-77.10035267713073,3.400015552558295]]]}},{"type":"Feature","properties":{"v":42.81},"geometry":{"type":"Polygon","coordinates":[[[-77.05035244841663,3.400015552558295],[-77.00035221970255,3.400015552558295],[-77.00035221970255,3.4500157812723873],[-77.05035244841663,3.4500157812723873],[-77.05035244841663,3.400015552558295]]]}},{"type":"Feature","properties":{"v":43.77},"geometry":{"type":"Polygon","coordinates":[[[-77.00035221970255,3.400015552558295],[-76.95035199098845,3.400015552558295],[-76.95035199098845,3.4500157812723873],[-77.00035221970255,3.4500157812723873],[-77.00035221970255,3.400015552558295]]]}},{"type":"Feature","properties":{"v":35.86},"geometry":{"type":"Polygon","coordinates":[[[-76.95035199098845,3.400015552558295],[-76.90035176227435,3.400015552558295],[-76.90035176227435,3.4500157812723873],[-76.95035199098845,3.4500157812723873],[-76.95035199098845,3.400015552558295]]]}},{"type":"Feature","properties":{"v":29.11},"geometry":{"type":"Polygon","coordinates":[[[-76.90035176227435,3.400015552558295],[-76.85035153356027,3.400015552558295],[-76.85035153356027,3.4500157812723873],[-76.90035176227435,3.4500157812723873],[-76.90035176227435,3.400015552558295]]]}},{"type":"Feature","properties":{"v":25.84},"geometry":{"type":"Polygon","coordinates":[[[-76.85035153356027,3.400015552558295],[-76.80035130484617,3.400015552558295],[-76.80035130484617,3.4500157812723873],[-76.85035153356027,3.4500157812723873],[-76.85035153356027,3.400015552558295]]]}},{"type":"Feature","properties":{"v":20.91},"geometry":{"type":"Polygon","coordinates":[[[-76.80035130484617,3.400015552558295],[-76.75035107613208,3.400015552558295],[-76.75035107613208,3.4500157812723873],[-76.80035130484617,3.4500157812723873],[-76.80035130484617,3.400015552558295]]]}},{"type":"Feature","properties":{"v":14.38},"geometry":{"type":"Polygon","coordinates":[[[-76.75035107613208,3.400015552558295],[-76.700350847418,3.400015552558295],[-76.700350847418,3.4500157812723873],[-76.75035107613208,3.4500157812723873],[-76.75035107613208,3.400015552558295]]]}},{"type":"Feature","properties":{"v":13.16},"geometry":{"type":"Polygon","coordinates":[[[-76.700350847418,3.400015552558295],[-76.6503506187039,3.400015552558295],[-76.6503506187039,3.4500157812723873],[-76.700350847418,3.4500157812723873],[-76.700350847418,3.400015552558295]]]}},{"type":"Feature","properties":{"v":12.44},"geometry":{"type":"Polygon","coordinates":[[[-76.6503506187039,3.400015552558295],[-76.6003503899898,3.400015552558295],[-76.6003503899898,3.4500157812723873],[-76.6503506187039,3.4500157812723873],[-76.6503506187039,3.400015552558295]]]}},{"type":"Feature","properties":{"v":8.05},"geometry":{"type":"Polygon","coordinates":[[[-76.6003503899898,3.400015552558295],[-76.55035016127572,3.400015552558295],[-76.55035016127572,3.4500157812723873],[-76.6003503899898,3.4500157812723873],[-76.6003503899898,3.400015552558295]]]}},{"type":"Feature","properties":{"v":7.36},"geometry":{"type":"Polygon","coordinates":[[[-76.55035016127572,3.400015552558295],[-76.50034993256162,3.400015552558295],[-76.50034993256162,3.4500157812723873],[-76.55035016127572,3.4500157812723873],[-76.55035016127572,3.400015552558295]]]}},{"type":"Feature","properties":{"v":5.98},"geometry":{"type":"Polygon","coordinates":[[[-76.50034993256162,3.400015552558295],[-76.45034970384752,3.400015552558295],[-76.45034970384752,3.4500157812723873],[-76.50034993256162,3.4500157812723873],[-76.50034993256162,3.400015552558295]]]}},{"type":"Feature","properties":{"v":6.04},"geometry":{"type":"Polygon","coordinates":[[[-76.45034970384752,3.400015552558295],[-76.40034947513344,3.400015552558295],[-76.40034947513344,3.4500157812723873],[-76.45034970384752,3.4500157812723873],[-76.45034970384752,3.400015552558295]]]}},{"type":"Feature","properties":{"v":5.1},"geometry":{"type":"Polygon","coordinates":[[[-76.40034947513344,3.400015552558295],[-76.35034924641934,3.400015552558295],[-76.35034924641934,3.4500157812723873],[-76.40034947513344,3.4500157812723873],[-76.40034947513344,3.400015552558295]]]}},{"type":"Feature","properties":{"v":7.04},"geometry":{"type":"Polygon","coordinates":[[[-76.35034924641934,3.400015552558295],[-76.30034901770524,3.400015552558295],[-76.30034901770524,3.4500157812723873],[-76.35034924641934,3.4500157812723873],[-76.35034924641934,3.400015552558295]]]}},{"type":"Feature","properties":{"v":6.11},"geometry":{"type":"Polygon","coordinates":[[[-76.30034901770524,3.400015552558295],[-76.25034878899116,3.400015552558295],[-76.25034878899116,3.4500157812723873],[-76.30034901770524,3.4500157812723873],[-76.30034901770524,3.400015552558295]]]}},{"type":"Feature","properties":{"v":5.81},"geometry":{"type":"Polygon","coordinates":[[[-76.25034878899116,3.400015552558295],[-76.20034856027706,3.400015552558295],[-76.20034856027706,3.4500157812723873],[-76.25034878899116,3.4500157812723873],[-76.25034878899116,3.400015552558295]]]}},{"type":"Feature","properties":{"v":5.93},"geometry":{"type":"Polygon","coordinates":[[[-76.20034856027706,3.400015552558295],[-76.15034833156297,3.400015552558295],[-76.15034833156297,3.4500157812723873],[-76.20034856027706,3.4500157812723873],[-76.20034856027706,3.400015552558295]]]}},{"type":"Feature","properties":{"v":7.03},"geometry":{"type":"Polygon","coordinates":[[[-76.15034833156297,3.400015552558295],[-76.10034810284888,3.400015552558295],[-76.10034810284888,3.4500157812723873],[-76.15034833156297,3.4500157812723873],[-76.15034833156297,3.400015552558295]]]}},{"type":"Feature","properties":{"v":8.23},"geometry":{"type":"Polygon","coordinates":[[[-76.10034810284888,3.400015552558295],[-76.05034787413479,3.400015552558295],[-76.05034787413479,3.4500157812723873],[-76.10034810284888,3.4500157812723873],[-76.10034810284888,3.400015552558295]]]}},{"type":"Feature","properties":{"v":8.88},"geometry":{"type":"Polygon","coordinates":[[[-76.05034787413479,3.400015552558295],[-76.00034764542069,3.400015552558295],[-76.00034764542069,3.4500157812723873],[-76.05034787413479,3.4500157812723873],[-76.05034787413479,3.400015552558295]]]}},{"type":"Feature","properties":{"v":9.23},"geometry":{"type":"Polygon","coordinates":[[[-76.00034764542069,3.400015552558295],[-75.9503474167066,3.400015552558295],[-75.9503474167066,3.4500157812723873],[-76.00034764542069,3.4500157812723873],[-76.00034764542069,3.400015552558295]]]}},{"type":"Feature","properties":{"v":8.75},"geometry":{"type":"Polygon","coordinates":[[[-75.9503474167066,3.400015552558295],[-75.90034718799251,3.400015552558295],[-75.90034718799251,3.4500157812723873],[-75.9503474167066,3.4500157812723873],[-75.9503474167066,3.400015552558295]]]}},{"type":"Feature","properties":{"v":7.14},"geometry":{"type":"Polygon","coordinates":[[[-75.90034718799251,3.400015552558295],[-75.85034695927841,3.400015552558295],[-75.85034695927841,3.4500157812723873],[-75.90034718799251,3.4500157812723873],[-75.90034718799251,3.400015552558295]]]}},{"type":"Feature","properties":{"v":7.91},"geometry":{"type":"Polygon","coordinates":[[[-75.85034695927841,3.400015552558295],[-75.80034673056433,3.400015552558295],[-75.80034673056433,3.4500157812723873],[-75.85034695927841,3.4500157812723873],[-75.85034695927841,3.400015552558295]]]}},{"type":"Feature","properties":{"v":7.41},"geometry":{"type":"Polygon","coordinates":[[[-75.80034673056433,3.400015552558295],[-75.75034650185023,3.400015552558295],[-75.75034650185023,3.4500157812723873],[-75.80034673056433,3.4500157812723873],[-75.80034673056433,3.400015552558295]]]}},{"type":"Feature","properties":{"v":0.0},"geometry":{"type":"Polygon","coordinates":[[[-75.75034650185023,3.400015552558295],[-75.70034627313613,3.400015552558295],[-75.70034627313613,3.4500157812723873],[-75.75034650185023,3.4500157812723873],[-75.75034650185023,3.400015552558295]]]}},{"type":"Feature","properties":{"v":0.0},"geometry":{"type":"Polygon","coordinates":[[[-75.70034627313613,3.400015552558295],[-75.65034604442205,3.400015552558295],[-75.65034604442205,3.4500157812723873],[-75.70034627313613,3.4500157812723873],[-75.70034627313613,3.400015552558295]]]}},{"type":"Feature","properties":{"v":0.0},"geometry":{"type":"Polygon","coordinates":[[[-75.65034604442205,3.400015552558295],[-75.60034581570795,3.400015552558295],[-75.60034581570795,3.4500157812723873],[-75.65034604442205,3.4500157812723873],[-75.65034604442205,3.400015552558295]]]}},{"type":"Feature","properties":{"v":0.0},"geometry":{"type":"Polygon","coordinates":[[[-75.60034581570795,3.400015552558295],[-75.55034558699386,3.400015552558295],[-75.55034558699386,3.4500157812723873],[-75.60034581570795,3.4500157812723873],[-75.60034581570795,3.400015552558295]]]}},{"type":"Feature","properties":{"v":0.0},"geometry":{"type":"Polygon","coordinates":[[[-75.55034558699386,3.400015552558295],[-75.50034535827977,3.400015552558295],[-75.50034535827977,3.4500157812723873],[-75.55034558699386,3.4500157812723873],[-75.55034558699386,3.400015552558295]]]}},{"type":"Feature","properties":{"v":0.0},"geometry":{"type":"Polygon","coordinates":[[[-75.50034535827977,3.400015552558295],[-75.45034512956568,3.400015552558295],[-75.45034512956568,3.4500157812723873],[-75.50034535827977,3.4500157812723873],[-75.50034535827977,3.400015552558295]]]}},{"type":"Feature","properties":{"v":0.0},"geometry":{"type":"Polygon","coordinates":[[[-75.45034512956568,3.400015552558295],[-75.40034490085158,3.400015552558295],[-75.40034490085158,3.4500157812723873],[-75.45034512956568,3.4500157812723873],[-75.45034512956568,3.400015552558295]]]}},{"type":"Feature","properties":{"v":0.0},"geometry":{"type":"Polygon","coordinates":[[[-75.40034490085158,3.400015552558295],[-75.3503446721375,3.400015552558295],[-75.3503446721375,3.4500157812723873],[-75.40034490085158,3.4500157812723873],[-75.40034490085158,3.400015552558295]]]}},{"type":"Feature","properties":{"v":3.83},"geometry":{"type":"Polygon","coordinates":[[[-75.3503446721375,3.400015552558295],[-75.3003444434234,3.400015552558295],[-75.3003444434234,3.4500157812723873],[-75.3503446721375,3.4500157812723873],[-75.3503446721375,3.400015552558295]]]}},{"type":"Feature","properties":{"v":2.3},"geometry":{"type":"Polygon","coordinates":[[[-75.3003444434234,3.400015552558295],[-75.2503442147093,3.400015552558295],[-75.2503442147093,3.4500157812723873],[-75.3003444434234,3.4500157812723873],[-75.3003444434234,3.400015552558295]]]}},{"type":"Feature","properties":{"v":0.0},"geometry":{"type":"Polygon","coordinates":[[[-75.2503442147093,3.400015552558295],[-75.20034398599522,3.400015552558295],[-75.20034398599522,3.4500157812723873],[-75.2503442147093,3.4500157812723873],[-75.2503442147093,3.400015552558295]]]}},{"type":"Feature","properties":{"v":0.0},"geometry":{"type":"Polygon","coordinates":[[[-75.20034398599522,3.400015552558295],[-75.15034375728112,3.400015552558295],[-75.15034375728112,3.4500157812723873],[-75.20034398599522,3.4500157812723873],[-75.20034398599522,3.400015552558295]]]}},{"type":"Feature","properties":{"v":0.0},"geometry":{"type":"Polygon","coordinates":[[[-75.15034375728112,3.400015552558295],[-75.10034352856702,3.400015552558295],[-75.10034352856702,3.4500157812723873],[-75.15034375728112,3.4500157812723873],[-75.15034375728112,3.400015552558295]]]}},{"type":"Feature","properties":{"v":175.97},"geometry":{"type":"Polygon","coordinates":[[[-77.45035427812938,3.350015323844202],[-77.40035404941528,3.350015323844202],[-77.40035404941528,3.400015552558295],[-77.45035427812938,3.400015552558295],[-77.45035427812938,3.350015323844202]]]}},{"type":"Feature","properties":{"v":155.88},"geometry":{"type":"Polygon","coordinates":[[[-77.40035404941528,3.350015323844202],[-77.35035382070119,3.350015323844202],[-77.35035382070119,3.400015552558295],[-77.40035404941528,3.400015552558295],[-77.40035404941528,3.350015323844202]]]}},{"type":"Feature","properties":{"v":131.15},"geometry":{"type":"Polygon","coordinates":[[[-77.35035382070119,3.350015323844202],[-77.3003535919871,3.350015323844202],[-77.3003535919871,3.400015552558295],[-77.35035382070119,3.400015552558295],[-77.35035382070119,3.350015323844202]]]}},{"type":"Feature","properties":{"v":117.27},"geometry":{"type":"Polygon","coordinates":[[[-77.3003535919871,3.350015323844202],[-77.250353363273,3.350015323844202],[-77.250353363273,3.400015552558295],[-77.3003535919871,3.400015552558295],[-77.3003535919871,3.350015323844202]]]}},{"type":"Feature","properties":{"v":103.8},"geometry":{"type":"Polygon","coordinates":[[[-77.250353363273,3.350015323844202],[-77.20035313455891,3.350015323844202],[-77.20035313455891,3.400015552558295],[-77.250353363273,3.400015552558295],[-77.250353363273,3.350015323844202]]]}},{"type":"Feature","properties":{"v":81.48},"geometry":{"type":"Polygon","coordinates":[[[-77.20035313455891,3.350015323844202],[-77.15035290584483,3.350015323844202],[-77.15035290584483,3.400015552558295],[-77.20035313455891,3.400015552558295],[-77.20035313455891,3.350015323844202]]]}},{"type":"Feature","properties":{"v":75.19},"geometry":{"type":"Polygon","coordinates":[[[-77.15035290584483,3.350015323844202],[-77.10035267713073,3.350015323844202],[-77.10035267713073,3.400015552558295],[-77.15035290584483,3.400015552558295],[-77.15035290584483,3.350015323844202]]]}},{"type":"Feature","properties":{"v":57.19},"geometry":{"type":"Polygon","coordinates":[[[-77.10035267713073,3.350015323844202],[-77.05035244841663,3.350015323844202],[-77.05035244841663,3.400015552558295],[-77.10035267713073,3.400015552558295],[-77.10035267713073,3.350015323844202]]]}},{"type":"Feature","properties":{"v":43.27},"geometry":{"type":"Polygon","coordinates":[[[-77.05035244841663,3.350015323844202],[-77.00035221970255,3.350015323844202],[-77.00035221970255,3.400015552558295],[-77.05035244841663,3.400015552558295],[-77.05035244841663,3.350015323844202]]]}},{"type":"Feature","properties":{"v":42.12},"geometry":{"type":"Polygon","coordinates":[[[-77.00035221970255,3.350015323844202],[-76.95035199098845,3.350015323844202],[-76.95035199098845,3.400015552558295],[-77.00035221970255,3.400015552558295],[-77.00035221970255,3.350015323844202]]]}},{"type":"Feature","properties":{"v":33.88},"geometry":{"type":"Polygon","coordinates":[[[-76.95035199098845,3.350015323844202],[-76.90035176227435,3.350015323844202],[-76.90035176227435,3.400015552558295],[-76.95035199098845,3.400015552558295],[-76.95035199098845,3.350015323844202]]]}},{"type":"Feature","properties":{"v":28.82},"geometry":{"type":"Polygon","coordinates":[[[-76.90035176227435,3.350015323844202],[-76.85035153356027,3.350015323844202],[-76.85035153356027,3.400015552558295],[-76.90035176227435,3.400015552558295],[-76.90035176227435,3.350015323844202]]]}},{"type":"Feature","properties":{"v":25.61},"geometry":{"type":"Polygon","coordinates":[[[-76.85035153356027,3.350015323844202],[-76.80035130484617,3.350015323844202],[-76.80035130484617,3.400015552558295],[-76.85035153356027,3.400015552558295],[-76.85035153356027,3.350015323844202]]]}},{"type":"Feature","properties":{"v":20.43},"geometry":{"type":"Polygon","coordinates":[[[-76.80035130484617,3.350015323844202],[-76.75035107613208,3.350015323844202],[-76.75035107613208,3.400015552558295],[-76.80035130484617,3.400015552558295],[-76.80035130484617,3.350015323844202]]]}},{"type":"Feature","properties":{"v":14.56},"geometry":{"type":"Polygon","coordinates":[[[-76.75035107613208,3.350015323844202],[-76.700350847418,3.350015323844202],[-76.700350847418,3.400015552558295],[-76.75035107613208,3.400015552558295],[-76.75035107613208,3.350015323844202]]]}},{"type":"Feature","properties":{"v":13.74},"geometry":{"type":"Polygon","coordinates":[[[-76.700350847418,3.350015323844202],[-76.6503506187039,3.350015323844202],[-76.6503506187039,3.400015552558295],[-76.700350847418,3.400015552558295],[-76.700350847418,3.350015323844202]]]}},{"type":"Feature","properties":{"v":8.84},"geometry":{"type":"Polygon","coordinates":[[[-76.6503506187039,3.350015323844202],[-76.6003503899898,3.350015323844202],[-76.6003503899898,3.400015552558295],[-76.6503506187039,3.400015552558295],[-76.6503506187039,3.350015323844202]]]}},{"type":"Feature","properties":{"v":7.75},"geometry":{"type":"Polygon","coordinates":[[[-76.6003503899898,3.350015323844202],[-76.55035016127572,3.350015323844202],[-76.55035016127572,3.400015552558295],[-76.6003503899898,3.400015552558295],[-76.6003503899898,3.350015323844202]]]}},{"type":"Feature","properties":{"v":7.59},"geometry":{"type":"Polygon","coordinates":[[[-76.55035016127572,3.350015323844202],[-76.50034993256162,3.350015323844202],[-76.50034993256162,3.400015552558295],[-76.55035016127572,3.400015552558295],[-76.55035016127572,3.350015323844202]]]}},{"type":"Feature","properties":{"v":6.89},"geometry":{"type":"Polygon","coordinates":[[[-76.50034993256162,3.350015323844202],[-76.45034970384752,3.350015323844202],[-76.45034970384752,3.400015552558295],[-76.50034993256162,3.400015552558295],[-76.50034993256162,3.350015323844202]]]}},{"type":"Feature","properties":{"v":6.52},"geometry":{"type":"Polygon","coordinates":[[[-76.45034970384752,3.350015323844202],[-76.40034947513344,3.350015323844202],[-76.40034947513344,3.400015552558295],[-76.45034970384752,3.400015552558295],[-76.45034970384752,3.350015323844202]]]}},{"type":"Feature","properties":{"v":6.35},"geometry":{"type":"Polygon","coordinates":[[[-76.40034947513344,3.350015323844202],[-76.35034924641934,3.350015323844202],[-76.35034924641934,3.400015552558295],[-76.40034947513344,3.400015552558295],[-76.40034947513344,3.350015323844202]]]}},{"type":"Feature","properties":{"v":7.08},"geometry":{"type":"Polygon","coordinates":[[[-76.35034924641934,3.350015323844202],[-76.30034901770524,3.350015323844202],[-76.30034901770524,3.400015552558295],[-76.35034924641934,3.400015552558295],[-76.35034924641934,3.350015323844202]]]}},{"type":"Feature","properties":{"v":6.78},"geometry":{"type":"Polygon","coordinates":[[[-76.30034901770524,3.350015323844202],[-76.25034878899116,3.350015323844202],[-76.25034878899116,3.400015552558295],[-76.30034901770524,3.400015552558295],[-76.30034901770524,3.350015323844202]]]}},{"type":"Feature","properties":{"v":6.79},"geometry":{"type":"Polygon","coordinates":[[[-76.25034878899116,3.350015323844202],[-76.20034856027706,3.350015323844202],[-76.20034856027706,3.400015552558295],[-76.25034878899116,3.400015552558295],[-76.25034878899116,3.350015323844202]]]}},{"type":"Feature","properties":{"v":6.02},"geometry":{"type":"Polygon","coordinates":[[[-76.20034856027706,3.350015323844202],[-76.15034833156297,3.350015323844202],[-76.15034833156297,3.400015552558295],[-76.20034856027706,3.400015552558295],[-76.20034856027706,3.350015323844202]]]}},{"type":"Feature","properties":{"v":6.57},"geometry":{"type":"Polygon","coordinates":[[[-76.15034833156297,3.350015323844202],[-76.10034810284888,3.350015323844202],[-76.10034810284888,3.400015552558295],[-76.15034833156297,3.400015552558295],[-76.15034833156297,3.350015323844202]]]}},{"type":"Feature","properties":{"v":7.81},"geometry":{"type":"Polygon","coordinates":[[[-76.10034810284888,3.350015323844202],[-76.05034787413479,3.350015323844202],[-76.05034787413479,3.400015552558295],[-76.10034810284888,3.400015552558295],[-76.10034810284888,3.350015323844202]]]}},{"type":"Feature","properties":{"v":9.01},"geometry":{"type":"Polygon","coordinates":[[[-76.05034787413479,3.350015323844202],[-76.00034764542069,3.350015323844202],[-76.00034764542069,3.400015552558295],[-76.05034787413479,3.400015552558295],[-76.05034787413479,3.350015323844202]]]}},{"type":"Feature","properties":{"v":7.8},"geometry":{"type":"Polygon","coordinates":[[[-76.00034764542069,3.350015323844202],[-75.9503474167066,3.350015323844202],[-75.9503474167066,3.400015552558295],[-76.00034764542069,3.400015552558295],[-76.00034764542069,3.350015323844202]]]}},{"type":"Feature","properties":{"v":7.34},"geometry":{"type":"Polygon","coordinates":[[[-75.9503474167066,3.350015323844202],[-75.90034718799251,3.350015323844202],[-75.90034718799251,3.400015552558295],[-75.9503474167066,3.400015552558295],[-75.9503474167066,3.350015323844202]]]}},{"type":"Feature","properties":{"v":7.6},"geometry":{"type":"Polygon","coordinates":[[[-75.90034718799251,3.350015323844202],[-75.85034695927841,3.350015323844202],[-75.85034695927841,3.400015552558295],[-75.90034718799251,3.400015552558295],[-75.90034718799251,3.350015323844202]]]}},{"type":"Feature","properties":{"v":6.26},"geometry":{"type":"Polygon","coordinates":[[[-75.85034695927841,3.350015323844202],[-75.80034673056433,3.350015323844202],[-75.80034673056433,3.400015552558295],[-75.85034695927841,3.400015552558295],[-75.85034695927841,3.350015323844202]]]}},{"type":"Feature","properties":{"v":5.53},"geometry":{"type":"Polygon","coordinates":[[[-75.80034673056433,3.350015323844202],[-75.75034650185023,3.350015323844202],[-75.75034650185023,3.400015552558295],[-75.80034673056433,3.400015552558295],[-75.80034673056433,3.350015323844202]]]}},{"type":"Feature","properties":{"v":6.59},"geometry":{"type":"Polygon","coordinates":[[[-75.75034650185023,3.350015323844202],[-75.70034627313613,3.350015323844202],[-75.70034627313613,3.400015552558295],[-75.75034650185023,3.400015552558295],[-75.75034650185023,3.350015323844202]]]}},{"type":"Feature","properties":{"v":0.0},"geometry":{"type":"Polygon","coordinates":[[[-75.70034627313613,3.350015323844202],[-75.65034604442205,3.350015323844202],[-75.65034604442205,3.400015552558295],[-75.70034627313613,3.400015552558295],[-75.70034627313613,3.350015323844202]]]}},{"type":"Feature","properties":{"v":0.0},"geometry":{"type":"Polygon","coordinates":[[[-75.65034604442205,3.350015323844202],[-75.60034581570795,3.350015323844202],[-75.60034581570795,3.400015552558295],[-75.65034604442205,3.400015552558295],[-75.65034604442205,3.350015323844202]]]}},{"type":"Feature","properties":{"v":0.0},"geometry":{"type":"Polygon","coordinates":[[[-75.60034581570795,3.350015323844202],[-75.55034558699386,3.350015323844202],[-75.55034558699386,3.400015552558295],[-75.60034581570795,3.400015552558295],[-75.60034581570795,3.350015323844202]]]}},{"type":"Feature","properties":{"v":0.0},"geometry":{"type":"Polygon","coordinates":[[[-75.55034558699386,3.350015323844202],[-75.50034535827977,3.350015323844202],[-75.50034535827977,3.400015552558295],[-75.55034558699386,3.400015552558295],[-75.55034558699386,3.350015323844202]]]}},{"type":"Feature","properties":{"v":0.0},"geometry":{"type":"Polygon","coordinates":[[[-75.50034535827977,3.350015323844202],[-75.45034512956568,3.350015323844202],[-75.45034512956568,3.400015552558295],[-75.50034535827977,3.400015552558295],[-75.50034535827977,3.350015323844202]]]}},{"type":"Feature","properties":{"v":0.0},"geometry":{"type":"Polygon","coordinates":[[[-75.45034512956568,3.350015323844202],[-75.40034490085158,3.350015323844202],[-75.40034490085158,3.400015552558295],[-75.45034512956568,3.400015552558295],[-75.45034512956568,3.350015323844202]]]}},{"type":"Feature","properties":{"v":0.0},"geometry":{"type":"Polygon","coordinates":[[[-75.40034490085158,3.350015323844202],[-75.3503446721375,3.350015323844202],[-75.3503446721375,3.400015552558295],[-75.40034490085158,3.400015552558295],[-75.40034490085158,3.350015323844202]]]}},{"type":"Feature","properties":{"v":3.79},"geometry":{"type":"Polygon","coordinates":[[[-75.3503446721375,3.350015323844202],[-75.3003444434234,3.350015323844202],[-75.3003444434234,3.400015552558295],[-75.3503446721375,3.400015552558295],[-75.3503446721375,3.350015323844202]]]}},{"type":"Feature","properties":{"v":0.0},"geometry":{"type":"Polygon","coordinates":[[[-75.3003444434234,3.350015323844202],[-75.2503442147093,3.350015323844202],[-75.2503442147093,3.400015552558295],[-75.3003444434234,3.400015552558295],[-75.3003444434234,3.350015323844202]]]}},{"type":"Feature","properties":{"v":0.0},"geometry":{"type":"Polygon","coordinates":[[[-75.2503442147093,3.350015323844202],[-75.20034398599522,3.350015323844202],[-75.20034398599522,3.400015552558295],[-75.2503442147093,3.400015552558295],[-75.2503442147093,3.350015323844202]]]}},{"type":"Feature","properties":{"v":0.0},"geometry":{"type":"Polygon","coordinates":[[[-75.20034398599522,3.350015323844202],[-75.15034375728112,3.350015323844202],[-75.15034375728112,3.400015552558295],[-75.20034398599522,3.400015552558295],[-75.20034398599522,3.350015323844202]]]}},{"type":"Feature","properties":{"v":0.0},"geometry":{"type":"Polygon","coordinates":[[[-75.15034375728112,3.350015323844202],[-75.10034352856702,3.350015323844202],[-75.10034352856702,3.400015552558295],[-75.15034375728112,3.400015552558295],[-75.15034375728112,3.350015323844202]]]}},{"type":"Feature","properties":{"v":128.26},"geometry":{"type":"Polygon","coordinates":[[[-77.55035473555756,3.3000150951301097],[-77.50035450684346,3.3000150951301097],[-77.50035450684346,3.350015323844202],[-77.55035473555756,3.350015323844202],[-77.55035473555756,3.3000150951301097]]]}},{"type":"Feature","properties":{"v":171.96},"geometry":{"type":"Polygon","coordinates":[[[-77.50035450684346,3.3000150951301097],[-77.45035427812938,3.3000150951301097],[-77.45035427812938,3.350015323844202],[-77.50035450684346,3.350015323844202],[-77.50035450684346,3.3000150951301097]]]}},{"type":"Feature","properties":{"v":167.18},"geometry":{"type":"Polygon","coordinates":[[[-77.45035427812938,3.3000150951301097],[-77.40035404941528,3.3000150951301097],[-77.40035404941528,3.350015323844202],[-77.45035427812938,3.350015323844202],[-77.45035427812938,3.3000150951301097]]]}},{"type":"Feature","properties":{"v":148.5},"geometry":{"type":"Polygon","coordinates":[[[-77.40035404941528,3.3000150951301097],[-77.35035382070119,3.3000150951301097],[-77.35035382070119,3.350015323844202],[-77.40035404941528,3.350015323844202],[-77.40035404941528,3.3000150951301097]]]}},{"type":"Feature","properties":{"v":128.44},"geometry":{"type":"Polygon","coordinates":[[[-77.35035382070119,3.3000150951301097],[-77.3003535919871,3.3000150951301097],[-77.3003535919871,3.350015323844202],[-77.35035382070119,3.350015323844202],[-77.35035382070119,3.3000150951301097]]]}},{"type":"Feature","properties":{"v":115.58},"geometry":{"type":"Polygon","coordinates":[[[-77.3003535919871,3.3000150951301097],[-77.250353363273,3.3000150951301097],[-77.250353363273,3.350015323844202],[-77.3003535919871,3.350015323844202],[-77.3003535919871,3.3000150951301097]]]}},{"type":"Feature","properties":{"v":103.53},"geometry":{"type":"Polygon","coordinates":[[[-77.250353363273,3.3000150951301097],[-77.20035313455891,3.3000150951301097],[-77.20035313455891,3.350015323844202],[-77.250353363273,3.350015323844202],[-77.250353363273,3.3000150951301097]]]}},{"type":"Feature","properties":{"v":88.89},"geometry":{"type":"Polygon","coordinates":[[[-77.20035313455891,3.3000150951301097],[-77.15035290584483,3.3000150951301097],[-77.15035290584483,3.350015323844202],[-77.20035313455891,3.350015323844202],[-77.20035313455891,3.3000150951301097]]]}},{"type":"Feature","properties":{"v":77.68},"geometry":{"type":"Polygon","coordinates":[[[-77.15035290584483,3.3000150951301097],[-77.10035267713073,3.3000150951301097],[-77.10035267713073,3.350015323844202],[-77.15035290584483,3.350015323844202],[-77.15035290584483,3.3000150951301097]]]}},{"type":"Feature","properties":{"v":55.87},"geometry":{"type":"Polygon","coordinates":[[[-77.10035267713073,3.3000150951301097],[-77.05035244841663,3.3000150951301097],[-77.05035244841663,3.350015323844202],[-77.10035267713073,3.350015323844202],[-77.10035267713073,3.3000150951301097]]]}},{"type":"Feature","properties":{"v":41.88},"geometry":{"type":"Polygon","coordinates":[[[-77.05035244841663,3.3000150951301097],[-77.00035221970255,3.3000150951301097],[-77.00035221970255,3.350015323844202],[-77.05035244841663,3.350015323844202],[-77.05035244841663,3.3000150951301097]]]}},{"type":"Feature","properties":{"v":40.91},"geometry":{"type":"Polygon","coordinates":[[[-77.00035221970255,3.3000150951301097],[-76.95035199098845,3.3000150951301097],[-76.95035199098845,3.350015323844202],[-77.00035221970255,3.350015323844202],[-77.00035221970255,3.3000150951301097]]]}},{"type":"Feature","properties":{"v":33.23},"geometry":{"type":"Polygon","coordinates":[[[-76.95035199098845,3.3000150951301097],[-76.90035176227435,3.3000150951301097],[-76.90035176227435,3.350015323844202],[-76.95035199098845,3.350015323844202],[-76.95035199098845,3.3000150951301097]]]}},{"type":"Feature","properties":{"v":28.55},"geometry":{"type":"Polygon","coordinates":[[[-76.90035176227435,3.3000150951301097],[-76.85035153356027,3.3000150951301097],[-76.85035153356027,3.350015323844202],[-76.90035176227435,3.350015323844202],[-76.90035176227435,3.3000150951301097]]]}},{"type":"Feature","properties":{"v":23.68},"geometry":{"type":"Polygon","coordinates":[[[-76.85035153356027,3.3000150951301097],[-76.80035130484617,3.3000150951301097],[-76.80035130484617,3.350015323844202],[-76.85035153356027,3.350015323844202],[-76.85035153356027,3.3000150951301097]]]}},{"type":"Feature","properties":{"v":18.94},"geometry":{"type":"Polygon","coordinates":[[[-76.80035130484617,3.3000150951301097],[-76.75035107613208,3.3000150951301097],[-76.75035107613208,3.350015323844202],[-76.80035130484617,3.350015323844202],[-76.80035130484617,3.3000150951301097]]]}},{"type":"Feature","properties":{"v":14.63},"geometry":{"type":"Polygon","coordinates":[[[-76.75035107613208,3.3000150951301097],[-76.700350847418,3.3000150951301097],[-76.700350847418,3.350015323844202],[-76.75035107613208,3.350015323844202],[-76.75035107613208,3.3000150951301097]]]}},{"type":"Feature","properties":{"v":13.32},"geometry":{"type":"Polygon","coordinates":[[[-76.700350847418,3.3000150951301097],[-76.6503506187039,3.3000150951301097],[-76.6503506187039,3.350015323844202],[-76.700350847418,3.350015323844202],[-76.700350847418,3.3000150951301097]]]}},{"type":"Feature","properties":{"v":8.77},"geometry":{"type":"Polygon","coordinates":[[[-76.6503506187039,3.3000150951301097],[-76.6003503899898,3.3000150951301097],[-76.6003503899898,3.350015323844202],[-76.6503506187039,3.350015323844202],[-76.6503506187039,3.3000150951301097]]]}},{"type":"Feature","properties":{"v":9.2},"geometry":{"type":"Polygon","coordinates":[[[-76.6003503899898,3.3000150951301097],[-76.55035016127572,3.3000150951301097],[-76.55035016127572,3.350015323844202],[-76.6003503899898,3.350015323844202],[-76.6003503899898,3.3000150951301097]]]}},{"type":"Feature","properties":{"v":8.26},"geometry":{"type":"Polygon","coordinates":[[[-76.55035016127572,3.3000150951301097],[-76.50034993256162,3.3000150951301097],[-76.50034993256162,3.350015323844202],[-76.55035016127572,3.350015323844202],[-76.55035016127572,3.3000150951301097]]]}},{"type":"Feature","properties":{"v":7.56},"geometry":{"type":"Polygon","coordinates":[[[-76.50034993256162,3.3000150951301097],[-76.45034970384752,3.3000150951301097],[-76.45034970384752,3.350015323844202],[-76.50034993256162,3.350015323844202],[-76.50034993256162,3.3000150951301097]]]}},{"type":"Feature","properties":{"v":6.92},"geometry":{"type":"Polygon","coordinates":[[[-76.45034970384752,3.3000150951301097],[-76.40034947513344,3.3000150951301097],[-76.40034947513344,3.350015323844202],[-76.45034970384752,3.350015323844202],[-76.45034970384752,3.3000150951301097]]]}},{"type":"Feature","properties":{"v":7.15},"geometry":{"type":"Polygon","coordinates":[[[-76.40034947513344,3.3000150951301097],[-76.35034924641934,3.3000150951301097],[-76.35034924641934,3.350015323844202],[-76.40034947513344,3.350015323844202],[-76.40034947513344,3.3000150951301097]]]}},{"type":"Feature","properties":{"v":7.82},"geometry":{"type":"Polygon","coordinates":[[[-76.35034924641934,3.3000150951301097],[-76.30034901770524,3.3000150951301097],[-76.30034901770524,3.350015323844202],[-76.35034924641934,3.350015323844202],[-76.35034924641934,3.3000150951301097]]]}},{"type":"Feature","properties":{"v":7.93},"geometry":{"type":"Polygon","coordinates":[[[-76.30034901770524,3.3000150951301097],[-76.25034878899116,3.3000150951301097],[-76.25034878899116,3.350015323844202],[-76.30034901770524,3.350015323844202],[-76.30034901770524,3.3000150951301097]]]}},{"type":"Feature","properties":{"v":7.29},"geometry":{"type":"Polygon","coordinates":[[[-76.25034878899116,3.3000150951301097],[-76.20034856027706,3.3000150951301097],[-76.20034856027706,3.350015323844202],[-76.25034878899116,3.350015323844202],[-76.25034878899116,3.3000150951301097]]]}},{"type":"Feature","properties":{"v":7.11},"geometry":{"type":"Polygon","coordinates":[[[-76.20034856027706,3.3000150951301097],[-76.15034833156297,3.3000150951301097],[-76.15034833156297,3.350015323844202],[-76.20034856027706,3.350015323844202],[-76.20034856027706,3.3000150951301097]]]}},{"type":"Feature","properties":{"v":7.14},"geometry":{"type":"Polygon","coordinates":[[[-76.15034833156297,3.3000150951301097],[-76.10034810284888,3.3000150951301097],[-76.10034810284888,3.350015323844202],[-76.15034833156297,3.350015323844202],[-76.15034833156297,3.3000150951301097]]]}},{"type":"Feature","properties":{"v":8.8},"geometry":{"type":"Polygon","coordinates":[[[-76.10034810284888,3.3000150951301097],[-76.05034787413479,3.3000150951301097],[-76.05034787413479,3.350015323844202],[-76.10034810284888,3.350015323844202],[-76.10034810284888,3.3000150951301097]]]}},{"type":"Feature","properties":{"v":7.75},"geometry":{"type":"Polygon","coordinates":[[[-76.05034787413479,3.3000150951301097],[-76.00034764542069,3.3000150951301097],[-76.00034764542069,3.350015323844202],[-76.05034787413479,3.350015323844202],[-76.05034787413479,3.3000150951301097]]]}},{"type":"Feature","properties":{"v":8.24},"geometry":{"type":"Polygon","coordinates":[[[-76.00034764542069,3.3000150951301097],[-75.9503474167066,3.3000150951301097],[-75.9503474167066,3.350015323844202],[-76.00034764542069,3.350015323844202],[-76.00034764542069,3.3000150951301097]]]}},{"type":"Feature","properties":{"v":8.54},"geometry":{"type":"Polygon","coordinates":[[[-75.9503474167066,3.3000150951301097],[-75.90034718799251,3.3000150951301097],[-75.90034718799251,3.350015323844202],[-75.9503474167066,3.350015323844202],[-75.9503474167066,3.3000150951301097]]]}},{"type":"Feature","properties":{"v":6.22},"geometry":{"type":"Polygon","coordinates":[[[-75.90034718799251,3.3000150951301097],[-75.85034695927841,3.3000150951301097],[-75.85034695927841,3.350015323844202],[-75.90034718799251,3.350015323844202],[-75.90034718799251,3.3000150951301097]]]}},{"type":"Feature","properties":{"v":7.16},"geometry":{"type":"Polygon","coordinates":[[[-75.85034695927841,3.3000150951301097],[-75.80034673056433,3.3000150951301097],[-75.80034673056433,3.350015323844202],[-75.85034695927841,3.350015323844202],[-75.85034695927841,3.3000150951301097]]]}},{"type":"Feature","properties":{"v":6.48},"geometry":{"type":"Polygon","coordinates":[[[-75.80034673056433,3.3000150951301097],[-75.75034650185023,3.3000150951301097],[-75.75034650185023,3.350015323844202],[-75.80034673056433,3.350015323844202],[-75.80034673056433,3.3000150951301097]]]}},{"type":"Feature","properties":{"v":5.41},"geometry":{"type":"Polygon","coordinates":[[[-75.75034650185023,3.3000150951301097],[-75.70034627313613,3.3000150951301097],[-75.70034627313613,3.350015323844202],[-75.75034650185023,3.350015323844202],[-75.75034650185023,3.3000150951301097]]]}},{"type":"Feature","properties":{"v":5.16},"geometry":{"type":"Polygon","coordinates":[[[-75.70034627313613,3.3000150951301097],[-75.65034604442205,3.3000150951301097],[-75.65034604442205,3.350015323844202],[-75.70034627313613,3.350015323844202],[-75.70034627313613,3.3000150951301097]]]}},{"type":"Feature","properties":{"v":0.0},"geometry":{"type":"Polygon","coordinates":[[[-75.65034604442205,3.3000150951301097],[-75.60034581570795,3.3000150951301097],[-75.60034581570795,3.350015323844202],[-75.65034604442205,3.350015323844202],[-75.65034604442205,3.3000150951301097]]]}},{"type":"Feature","properties":{"v":0.0},"geometry":{"type":"Polygon","coordinates":[[[-75.60034581570795,3.3000150951301097],[-75.55034558699386,3.3000150951301097],[-75.55034558699386,3.350015323844202],[-75.60034581570795,3.350015323844202],[-75.60034581570795,3.3000150951301097]]]}},{"type":"Feature","properties":{"v":0.0},"geometry":{"type":"Polygon","coordinates":[[[-75.55034558699386,3.3000150951301097],[-75.50034535827977,3.3000150951301097],[-75.50034535827977,3.350015323844202],[-75.55034558699386,3.350015323844202],[-75.55034558699386,3.3000150951301097]]]}},{"type":"Feature","properties":{"v":0.0},"geometry":{"type":"Polygon","coordinates":[[[-75.50034535827977,3.3000150951301097],[-75.45034512956568,3.3000150951301097],[-75.45034512956568,3.350015323844202],[-75.50034535827977,3.350015323844202],[-75.50034535827977,3.3000150951301097]]]}},{"type":"Feature","properties":{"v":0.0},"geometry":{"type":"Polygon","coordinates":[[[-75.45034512956568,3.3000150951301097],[-75.40034490085158,3.3000150951301097],[-75.40034490085158,3.350015323844202],[-75.45034512956568,3.350015323844202],[-75.45034512956568,3.3000150951301097]]]}},{"type":"Feature","properties":{"v":0.0},"geometry":{"type":"Polygon","coordinates":[[[-75.40034490085158,3.3000150951301097],[-75.3503446721375,3.3000150951301097],[-75.3503446721375,3.350015323844202],[-75.40034490085158,3.350015323844202],[-75.40034490085158,3.3000150951301097]]]}},{"type":"Feature","properties":{"v":0.0},"geometry":{"type":"Polygon","coordinates":[[[-75.3503446721375,3.3000150951301097],[-75.3003444434234,3.3000150951301097],[-75.3003444434234,3.350015323844202],[-75.3503446721375,3.350015323844202],[-75.3503446721375,3.3000150951301097]]]}},{"type":"Feature","properties":{"v":0.0},"geometry":{"type":"Polygon","coordinates":[[[-75.3003444434234,3.3000150951301097],[-75.2503442147093,3.3000150951301097],[-75.2503442147093,3.350015323844202],[-75.3003444434234,3.350015323844202],[-75.3003444434234,3.3000150951301097]]]}},{"type":"Feature","properties":{"v":0.0},"geometry":{"type":"Polygon","coordinates":[[[-75.2503442147093,3.3000150951301097],[-75.20034398599522,3.3000150951301097],[-75.20034398599522,3.350015323844202],[-75.2503442147093,3.350015323844202],[-75.2503442147093,3.3000150951301097]]]}},{"type":"Feature","properties":{"v":0.0},"geometry":{"type":"Polygon","coordinates":[[[-75.20034398599522,3.3000150951301097],[-75.15034375728112,3.3000150951301097],[-75.15034375728112,3.350015323844202],[-75.20034398599522,3.350015323844202],[-75.20034398599522,3.3000150951301097]]]}},{"type":"Feature","properties":{"v":0.0},"geometry":{"type":"Polygon","coordinates":[[[-75.15034375728112,3.3000150951301097],[-75.10034352856702,3.3000150951301097],[-75.10034352856702,3.350015323844202],[-75.15034375728112,3.350015323844202],[-75.15034375728112,3.3000150951301097]]]}},{"type":"Feature","properties":{"v":192.67},"geometry":{"type":"Polygon","coordinates":[[[-77.55035473555756,3.2500148664160173],[-77.50035450684346,3.2500148664160173],[-77.50035450684346,3.3000150951301097],[-77.55035473555756,3.3000150951301097],[-77.55035473555756,3.2500148664160173]]]}},{"type":"Feature","properties":{"v":183.47},"geometry":{"type":"Polygon","coordinates":[[[-77.50035450684346,3.2500148664160173],[-77.45035427812938,3.2500148664160173],[-77.45035427812938,3.3000150951301097],[-77.50035450684346,3.3000150951301097],[-77.50035450684346,3.2500148664160173]]]}},{"type":"Feature","properties":{"v":169.84},"geometry":{"type":"Polygon","coordinates":[[[-77.45035427812938,3.2500148664160173],[-77.40035404941528,3.2500148664160173],[-77.40035404941528,3.3000150951301097],[-77.45035427812938,3.3000150951301097],[-77.45035427812938,3.2500148664160173]]]}},{"type":"Feature","properties":{"v":153.17},"geometry":{"type":"Polygon","coordinates":[[[-77.40035404941528,3.2500148664160173],[-77.35035382070119,3.2500148664160173],[-77.35035382070119,3.3000150951301097],[-77.40035404941528,3.3000150951301097],[-77.40035404941528,3.2500148664160173]]]}},{"type":"Feature","properties":{"v":133.62},"geometry":{"type":"Polygon","coordinates":[[[-77.35035382070119,3.2500148664160173],[-77.3003535919871,3.2500148664160173],[-77.3003535919871,3.3000150951301097],[-77.35035382070119,3.3000150951301097],[-77.35035382070119,3.2500148664160173]]]}},{"type":"Feature","properties":{"v":112.53},"geometry":{"type":"Polygon","coordinates":[[[-77.3003535919871,3.2500148664160173],[-77.250353363273,3.2500148664160173],[-77.250353363273,3.3000150951301097],[-77.3003535919871,3.3000150951301097],[-77.3003535919871,3.2500148664160173]]]}},{"type":"Feature","properties":{"v":105.37},"geometry":{"type":"Polygon","coordinates":[[[-77.250353363273,3.2500148664160173],[-77.20035313455891,3.2500148664160173],[-77.20035313455891,3.3000150951301097],[-77.250353363273,3.3000150951301097],[-77.250353363273,3.2500148664160173]]]}},{"type":"Feature","properties":{"v":92.45},"geometry":{"type":"Polygon","coordinates":[[[-77.20035313455891,3.2500148664160173],[-77.15035290584483,3.2500148664160173],[-77.15035290584483,3.3000150951301097],[-77.20035313455891,3.3000150951301097],[-77.20035313455891,3.2500148664160173]]]}},{"type":"Feature","properties":{"v":85.03},"geometry":{"type":"Polygon","coordinates":[[[-77.15035290584483,3.2500148664160173],[-77.10035267713073,3.2500148664160173],[-77.10035267713073,3.3000150951301097],[-77.15035290584483,3.3000150951301097],[-77.15035290584483,3.2500148664160173]]]}},{"type":"Feature","properties":{"v":63.81},"geometry":{"type":"Polygon","coordinates":[[[-77.10035267713073,3.2500148664160173],[-77.05035244841663,3.2500148664160173],[-77.05035244841663,3.3000150951301097],[-77.10035267713073,3.3000150951301097],[-77.10035267713073,3.2500148664160173]]]}},{"type":"Feature","properties":{"v":42.11},"geometry":{"type":"Polygon","coordinates":[[[-77.05035244841663,3.2500148664160173],[-77.00035221970255,3.2500148664160173],[-77.00035221970255,3.3000150951301097],[-77.05035244841663,3.3000150951301097],[-77.05035244841663,3.2500148664160173]]]}},{"type":"Feature","properties":{"v":43.8},"geometry":{"type":"Polygon","coordinates":[[[-77.00035221970255,3.2500148664160173],[-76.95035199098845,3.2500148664160173],[-76.95035199098845,3.3000150951301097],[-77.00035221970255,3.3000150951301097],[-77.00035221970255,3.2500148664160173]]]}},{"type":"Feature","properties":{"v":32.98},"geometry":{"type":"Polygon","coordinates":[[[-76.95035199098845,3.2500148664160173],[-76.90035176227435,3.2500148664160173],[-76.90035176227435,3.3000150951301097],[-76.95035199098845,3.3000150951301097],[-76.95035199098845,3.2500148664160173]]]}},{"type":"Feature","properties":{"v":27.8},"geometry":{"type":"Polygon","coordinates":[[[-76.90035176227435,3.2500148664160173],[-76.85035153356027,3.2500148664160173],[-76.85035153356027,3.3000150951301097],[-76.90035176227435,3.3000150951301097],[-76.90035176227435,3.2500148664160173]]]}},{"type":"Feature","properties":{"v":24.55},"geometry":{"type":"Polygon","coordinates":[[[-76.85035153356027,3.2500148664160173],[-76.80035130484617,3.2500148664160173],[-76.80035130484617,3.3000150951301097],[-76.85035153356027,3.3000150951301097],[-76.85035153356027,3.2500148664160173]]]}},{"type":"Feature","properties":{"v":19.15},"geometry":{"type":"Polygon","coordinates":[[[-76.80035130484617,3.2500148664160173],[-76.75035107613208,3.2500148664160173],[-76.75035107613208,3.3000150951301097],[-76.80035130484617,3.3000150951301097],[-76.80035130484617,3.2500148664160173]]]}},{"type":"Feature","properties":{"v":14.72},"geometry":{"type":"Polygon","coordinates":[[[-76.75035107613208,3.2500148664160173],[-76.700350847418,3.2500148664160173],[-76.700350847418,3.3000150951301097],[-76.75035107613208,3.3000150951301097],[-76.75035107613208,3.2500148664160173]]]}},{"type":"Feature","properties":{"v":13.5},"geometry":{"type":"Polygon","coordinates":[[[-76.700350847418,3.2500148664160173],[-76.6503506187039,3.2500148664160173],[-76.6503506187039,3.3000150951301097],[-76.700350847418,3.3000150951301097],[-76.700350847418,3.2500148664160173]]]}},{"type":"Feature","properties":{"v":8.7},"geometry":{"type":"Polygon","coordinates":[[[-76.6503506187039,3.2500148664160173],[-76.6003503899898,3.2500148664160173],[-76.6003503899898,3.3000150951301097],[-76.6503506187039,3.3000150951301097],[-76.6503506187039,3.2500148664160173]]]}},{"type":"Feature","properties":{"v":7.77},"geometry":{"type":"Polygon","coordinates":[[[-76.6003503899898,3.2500148664160173],[-76.55035016127572,3.2500148664160173],[-76.55035016127572,3.3000150951301097],[-76.6003503899898,3.3000150951301097],[-76.6003503899898,3.2500148664160173]]]}},{"type":"Feature","properties":{"v":8.87},"geometry":{"type":"Polygon","coordinates":[[[-76.55035016127572,3.2500148664160173],[-76.50034993256162,3.2500148664160173],[-76.50034993256162,3.3000150951301097],[-76.55035016127572,3.3000150951301097],[-76.55035016127572,3.2500148664160173]]]}},{"type":"Feature","properties":{"v":8.18},"geometry":{"type":"Polygon","coordinates":[[[-76.50034993256162,3.2500148664160173],[-76.45034970384752,3.2500148664160173],[-76.45034970384752,3.3000150951301097],[-76.50034993256162,3.3000150951301097],[-76.50034993256162,3.2500148664160173]]]}},{"type":"Feature","properties":{"v":7.75},"geometry":{"type":"Polygon","coordinates":[[[-76.45034970384752,3.2500148664160173],[-76.40034947513344,3.2500148664160173],[-76.40034947513344,3.3000150951301097],[-76.45034970384752,3.3000150951301097],[-76.45034970384752,3.2500148664160173]]]}},{"type":"Feature","properties":{"v":7.63},"geometry":{"type":"Polygon","coordinates":[[[-76.40034947513344,3.2500148664160173],[-76.35034924641934,3.2500148664160173],[-76.35034924641934,3.3000150951301097],[-76.40034947513344,3.3000150951301097],[-76.40034947513344,3.2500148664160173]]]}},{"type":"Feature","properties":{"v":8.12},"geometry":{"type":"Polygon","coordinates":[[[-76.35034924641934,3.2500148664160173],[-76.30034901770524,3.2500148664160173],[-76.30034901770524,3.3000150951301097],[-76.35034924641934,3.3000150951301097],[-76.35034924641934,3.2500148664160173]]]}},{"type":"Feature","properties":{"v":8.43},"geometry":{"type":"Polygon","coordinates":[[[-76.30034901770524,3.2500148664160173],[-76.25034878899116,3.2500148664160173],[-76.25034878899116,3.3000150951301097],[-76.30034901770524,3.3000150951301097],[-76.30034901770524,3.2500148664160173]]]}},{"type":"Feature","properties":{"v":7.58},"geometry":{"type":"Polygon","coordinates":[[[-76.25034878899116,3.2500148664160173],[-76.20034856027706,3.2500148664160173],[-76.20034856027706,3.3000150951301097],[-76.25034878899116,3.3000150951301097],[-76.25034878899116,3.2500148664160173]]]}},{"type":"Feature","properties":{"v":7.22},"geometry":{"type":"Polygon","coordinates":[[[-76.20034856027706,3.2500148664160173],[-76.15034833156297,3.2500148664160173],[-76.15034833156297,3.3000150951301097],[-76.20034856027706,3.3000150951301097],[-76.20034856027706,3.2500148664160173]]]}},{"type":"Feature","properties":{"v":8.1},"geometry":{"type":"Polygon","coordinates":[[[-76.15034833156297,3.2500148664160173],[-76.10034810284888,3.2500148664160173],[-76.10034810284888,3.3000150951301097],[-76.15034833156297,3.3000150951301097],[-76.15034833156297,3.2500148664160173]]]}},{"type":"Feature","properties":{"v":9.22},"geometry":{"type":"Polygon","coordinates":[[[-76.10034810284888,3.2500148664160173],[-76.05034787413479,3.2500148664160173],[-76.05034787413479,3.3000150951301097],[-76.10034810284888,3.3000150951301097],[-76.10034810284888,3.2500148664160173]]]}},{"type":"Feature","properties":{"v":8.64},"geometry":{"type":"Polygon","coordinates":[[[-76.05034787413479,3.2500148664160173],[-76.00034764542069,3.2500148664160173],[-76.00034764542069,3.3000150951301097],[-76.05034787413479,3.3000150951301097],[-76.05034787413479,3.2500148664160173]]]}},{"type":"Feature","properties":{"v":9.04},"geometry":{"type":"Polygon","coordinates":[[[-76.00034764542069,3.2500148664160173],[-75.9503474167066,3.2500148664160173],[-75.9503474167066,3.3000150951301097],[-76.00034764542069,3.3000150951301097],[-76.00034764542069,3.2500148664160173]]]}},{"type":"Feature","properties":{"v":8.49},"geometry":{"type":"Polygon","coordinates":[[[-75.9503474167066,3.2500148664160173],[-75.90034718799251,3.2500148664160173],[-75.90034718799251,3.3000150951301097],[-75.9503474167066,3.3000150951301097],[-75.9503474167066,3.2500148664160173]]]}},{"type":"Feature","properties":{"v":8.29},"geometry":{"type":"Polygon","coordinates":[[[-75.90034718799251,3.2500148664160173],[-75.85034695927841,3.2500148664160173],[-75.85034695927841,3.3000150951301097],[-75.90034718799251,3.3000150951301097],[-75.90034718799251,3.2500148664160173]]]}},{"type":"Feature","properties":{"v":7.19},"geometry":{"type":"Polygon","coordinates":[[[-75.85034695927841,3.2500148664160173],[-75.80034673056433,3.2500148664160173],[-75.80034673056433,3.3000150951301097],[-75.85034695927841,3.3000150951301097],[-75.85034695927841,3.2500148664160173]]]}},{"type":"Feature","properties":{"v":7.19},"geometry":{"type":"Polygon","coordinates":[[[-75.80034673056433,3.2500148664160173],[-75.75034650185023,3.2500148664160173],[-75.75034650185023,3.3000150951301097],[-75.80034673056433,3.3000150951301097],[-75.80034673056433,3.2500148664160173]]]}},{"type":"Feature","properties":{"v":6.2},"geometry":{"type":"Polygon","coordinates":[[[-75.75034650185023,3.2500148664160173],[-75.70034627313613,3.2500148664160173],[-75.70034627313613,3.3000150951301097],[-75.75034650185023,3.3000150951301097],[-75.75034650185023,3.2500148664160173]]]}},{"type":"Feature","properties":{"v":0.0},"geometry":{"type":"Polygon","coordinates":[[[-75.70034627313613,3.2500148664160173],[-75.65034604442205,3.2500148664160173],[-75.65034604442205,3.3000150951301097],[-75.70034627313613,3.3000150951301097],[-75.70034627313613,3.2500148664160173]]]}},{"type":"Feature","properties":{"v":0.0},"geometry":{"type":"Polygon","coordinates":[[[-75.65034604442205,3.2500148664160173],[-75.60034581570795,3.2500148664160173],[-75.60034581570795,3.3000150951301097],[-75.65034604442205,3.3000150951301097],[-75.65034604442205,3.2500148664160173]]]}},{"type":"Feature","properties":{"v":0.0},"geometry":{"type":"Polygon","coordinates":[[[-75.60034581570795,3.2500148664160173],[-75.55034558699386,3.2500148664160173],[-75.55034558699386,3.3000150951301097],[-75.60034581570795,3.3000150951301097],[-75.60034581570795,3.2500148664160173]]]}},{"type":"Feature","properties":{"v":0.0},"geometry":{"type":"Polygon","coordinates":[[[-75.55034558699386,3.2500148664160173],[-75.50034535827977,3.2500148664160173],[-75.50034535827977,3.3000150951301097],[-75.55034558699386,3.3000150951301097],[-75.55034558699386,3.2500148664160173]]]}},{"type":"Feature","properties":{"v":0.0},"geometry":{"type":"Polygon","coordinates":[[[-75.50034535827977,3.2500148664160173],[-75.45034512956568,3.2500148664160173],[-75.45034512956568,3.3000150951301097],[-75.50034535827977,3.3000150951301097],[-75.50034535827977,3.2500148664160173]]]}},{"type":"Feature","properties":{"v":0.0},"geometry":{"type":"Polygon","coordinates":[[[-75.45034512956568,3.2500148664160173],[-75.40034490085158,3.2500148664160173],[-75.40034490085158,3.3000150951301097],[-75.45034512956568,3.3000150951301097],[-75.45034512956568,3.2500148664160173]]]}},{"type":"Feature","properties":{"v":2.77},"geometry":{"type":"Polygon","coordinates":[[[-75.40034490085158,3.2500148664160173],[-75.3503446721375,3.2500148664160173],[-75.3503446721375,3.3000150951301097],[-75.40034490085158,3.3000150951301097],[-75.40034490085158,3.2500148664160173]]]}},{"type":"Feature","properties":{"v":0.0},"geometry":{"type":"Polygon","coordinates":[[[-75.3503446721375,3.2500148664160173],[-75.3003444434234,3.2500148664160173],[-75.3003444434234,3.3000150951301097],[-75.3503446721375,3.3000150951301097],[-75.3503446721375,3.2500148664160173]]]}},{"type":"Feature","properties":{"v":0.0},"geometry":{"type":"Polygon","coordinates":[[[-75.3003444434234,3.2500148664160173],[-75.2503442147093,3.2500148664160173],[-75.2503442147093,3.3000150951301097],[-75.3003444434234,3.3000150951301097],[-75.3003444434234,3.2500148664160173]]]}},{"type":"Feature","properties":{"v":0.0},"geometry":{"type":"Polygon","coordinates":[[[-75.2503442147093,3.2500148664160173],[-75.20034398599522,3.2500148664160173],[-75.20034398599522,3.3000150951301097],[-75.2503442147093,3.3000150951301097],[-75.2503442147093,3.2500148664160173]]]}},{"type":"Feature","properties":{"v":0.0},"geometry":{"type":"Polygon","coordinates":[[[-75.20034398599522,3.2500148664160173],[-75.15034375728112,3.2500148664160173],[-75.15034375728112,3.3000150951301097],[-75.20034398599522,3.3000150951301097],[-75.20034398599522,3.2500148664160173]]]}},{"type":"Feature","properties":{"v":0.0},"geometry":{"type":"Polygon","coordinates":[[[-75.15034375728112,3.2500148664160173],[-75.10034352856702,3.2500148664160173],[-75.10034352856702,3.3000150951301097],[-75.15034375728112,3.3000150951301097],[-75.15034375728112,3.2500148664160173]]]}},{"type":"Feature","properties":{"v":127.16},"geometry":{"type":"Polygon","coordinates":[[[-77.60035496427166,3.2000146377019245],[-77.55035473555756,3.2000146377019245],[-77.55035473555756,3.2500148664160173],[-77.60035496427166,3.2500148664160173],[-77.60035496427166,3.2000146377019245]]]}},{"type":"Feature","properties":{"v":191.0},"geometry":{"type":"Polygon","coordinates":[[[-77.55035473555756,3.2000146377019245],[-77.50035450684346,3.2000146377019245],[-77.50035450684346,3.2500148664160173],[-77.55035473555756,3.2500148664160173],[-77.55035473555756,3.2000146377019245]]]}},{"type":"Feature","properties":{"v":176.98},"geometry":{"type":"Polygon","coordinates":[[[-77.50035450684346,3.2000146377019245],[-77.45035427812938,3.2000146377019245],[-77.45035427812938,3.2500148664160173],[-77.50035450684346,3.2500148664160173],[-77.50035450684346,3.2000146377019245]]]}},{"type":"Feature","properties":{"v":165.64},"geometry":{"type":"Polygon","coordinates":[[[-77.45035427812938,3.2000146377019245],[-77.40035404941528,3.2000146377019245],[-77.40035404941528,3.2500148664160173],[-77.45035427812938,3.2500148664160173],[-77.45035427812938,3.2000146377019245]]]}},{"type":"Feature","properties":{"v":149.09},"geometry":{"type":"Polygon","coordinates":[[[-77.40035404941528,3.2000146377019245],[-77.35035382070119,3.2000146377019245],[-77.35035382070119,3.2500148664160173],[-77.40035404941528,3.2500148664160173],[-77.40035404941528,3.2000146377019245]]]}},{"type":"Feature","properties":{"v":132.15},"geometry":{"type":"Polygon","coordinates":[[[-77.35035382070119,3.2000146377019245],[-77.3003535919871,3.2000146377019245],[-77.3003535919871,3.2500148664160173],[-77.35035382070119,3.2500148664160173],[-77.35035382070119,3.2000146377019245]]]}},{"type":"Feature","properties":{"v":108.92},"geometry":{"type":"Polygon","coordinates":[[[-77.3003535919871,3.2000146377019245],[-77.250353363273,3.2000146377019245],[-77.250353363273,3.2500148664160173],[-77.3003535919871,3.2500148664160173],[-77.3003535919871,3.2000146377019245]]]}},{"type":"Feature","properties":{"v":111.52},"geometry":{"type":"Polygon","coordinates":[[[-77.250353363273,3.2000146377019245],[-77.20035313455891,3.2000146377019245],[-77.20035313455891,3.2500148664160173],[-77.250353363273,3.2500148664160173],[-77.250353363273,3.2000146377019245]]]}},{"type":"Feature","properties":{"v":93.57},"geometry":{"type":"Polygon","coordinates":[[[-77.20035313455891,3.2000146377019245],[-77.15035290584483,3.2000146377019245],[-77.15035290584483,3.2500148664160173],[-77.20035313455891,3.2500148664160173],[-77.20035313455891,3.2000146377019245]]]}},{"type":"Feature","properties":{"v":85.3},"geometry":{"type":"Polygon","coordinates":[[[-77.15035290584483,3.2000146377019245],[-77.10035267713073,3.2000146377019245],[-77.10035267713073,3.2500148664160173],[-77.15035290584483,3.2500148664160173],[-77.15035290584483,3.2000146377019245]]]}},{"type":"Feature","properties":{"v":61.19},"geometry":{"type":"Polygon","coordinates":[[[-77.10035267713073,3.2000146377019245],[-77.05035244841663,3.2000146377019245],[-77.05035244841663,3.2500148664160173],[-77.10035267713073,3.2500148664160173],[-77.10035267713073,3.2000146377019245]]]}},{"type":"Feature","properties":{"v":46.58},"geometry":{"type":"Polygon","coordinates":[[[-77.05035244841663,3.2000146377019245],[-77.00035221970255,3.2000146377019245],[-77.00035221970255,3.2500148664160173],[-77.05035244841663,3.2500148664160173],[-77.05035244841663,3.2000146377019245]]]}},{"type":"Feature","properties":{"v":46.36},"geometry":{"type":"Polygon","coordinates":[[[-77.00035221970255,3.2000146377019245],[-76.95035199098845,3.2000146377019245],[-76.95035199098845,3.2500148664160173],[-77.00035221970255,3.2500148664160173],[-77.00035221970255,3.2000146377019245]]]}},{"type":"Feature","properties":{"v":34.07},"geometry":{"type":"Polygon","coordinates":[[[-76.95035199098845,3.2000146377019245],[-76.90035176227435,3.2000146377019245],[-76.90035176227435,3.2500148664160173],[-76.95035199098845,3.2500148664160173],[-76.95035199098845,3.2000146377019245]]]}},{"type":"Feature","properties":{"v":24.5},"geometry":{"type":"Polygon","coordinates":[[[-76.90035176227435,3.2000146377019245],[-76.85035153356027,3.2000146377019245],[-76.85035153356027,3.2500148664160173],[-76.90035176227435,3.2500148664160173],[-76.90035176227435,3.2000146377019245]]]}},{"type":"Feature","properties":{"v":22.68},"geometry":{"type":"Polygon","coordinates":[[[-76.85035153356027,3.2000146377019245],[-76.80035130484617,3.2000146377019245],[-76.80035130484617,3.2500148664160173],[-76.85035153356027,3.2500148664160173],[-76.85035153356027,3.2000146377019245]]]}},{"type":"Feature","properties":{"v":19.24},"geometry":{"type":"Polygon","coordinates":[[[-76.80035130484617,3.2000146377019245],[-76.75035107613208,3.2000146377019245],[-76.75035107613208,3.2500148664160173],[-76.80035130484617,3.2500148664160173],[-76.80035130484617,3.2000146377019245]]]}},{"type":"Feature","properties":{"v":15.43},"geometry":{"type":"Polygon","coordinates":[[[-76.75035107613208,3.2000146377019245],[-76.700350847418,3.2000146377019245],[-76.700350847418,3.2500148664160173],[-76.75035107613208,3.2500148664160173],[-76.75035107613208,3.2000146377019245]]]}},{"type":"Feature","properties":{"v":10.03},"geometry":{"type":"Polygon","coordinates":[[[-76.700350847418,3.2000146377019245],[-76.6503506187039,3.2000146377019245],[-76.6503506187039,3.2500148664160173],[-76.700350847418,3.2500148664160173],[-76.700350847418,3.2000146377019245]]]}},{"type":"Feature","properties":{"v":8.85},"geometry":{"type":"Polygon","coordinates":[[[-76.6503506187039,3.2000146377019245],[-76.6003503899898,3.2000146377019245],[-76.6003503899898,3.2500148664160173],[-76.6503506187039,3.2500148664160173],[-76.6503506187039,3.2000146377019245]]]}},{"type":"Feature","properties":{"v":9.6},"geometry":{"type":"Polygon","coordinates":[[[-76.6003503899898,3.2000146377019245],[-76.55035016127572,3.2000146377019245],[-76.55035016127572,3.2500148664160173],[-76.6003503899898,3.2500148664160173],[-76.6003503899898,3.2000146377019245]]]}},{"type":"Feature","properties":{"v":9.35},"geometry":{"type":"Polygon","coordinates":[[[-76.55035016127572,3.2000146377019245],[-76.50034993256162,3.2000146377019245],[-76.50034993256162,3.2500148664160173],[-76.55035016127572,3.2500148664160173],[-76.55035016127572,3.2000146377019245]]]}},{"type":"Feature","properties":{"v":9.45},"geometry":{"type":"Polygon","coordinates":[[[-76.50034993256162,3.2000146377019245],[-76.45034970384752,3.2000146377019245],[-76.45034970384752,3.2500148664160173],[-76.50034993256162,3.2500148664160173],[-76.50034993256162,3.2000146377019245]]]}},{"type":"Feature","properties":{"v":8.53},"geometry":{"type":"Polygon","coordinates":[[[-76.45034970384752,3.2000146377019245],[-76.40034947513344,3.2000146377019245],[-76.40034947513344,3.2500148664160173],[-76.45034970384752,3.2500148664160173],[-76.45034970384752,3.2000146377019245]]]}},{"type":"Feature","properties":{"v":8.07},"geometry":{"type":"Polygon","coordinates":[[[-76.40034947513344,3.2000146377019245],[-76.35034924641934,3.2000146377019245],[-76.35034924641934,3.2500148664160173],[-76.40034947513344,3.2500148664160173],[-76.40034947513344,3.2000146377019245]]]}},{"type":"Feature","properties":{"v":8.45},"geometry":{"type":"Polygon","coordinates":[[[-76.35034924641934,3.2000146377019245],[-76.30034901770524,3.2000146377019245],[-76.30034901770524,3.2500148664160173],[-76.35034924641934,3.2500148664160173],[-76.35034924641934,3.2000146377019245]]]}},{"type":"Feature","properties":{"v":8.05},"geometry":{"type":"Polygon","coordinates":[[[-76.30034901770524,3.2000146377019245],[-76.25034878899116,3.2000146377019245],[-76.25034878899116,3.2500148664160173],[-76.30034901770524,3.2500148664160173],[-76.30034901770524,3.2000146377019245]]]}},{"type":"Feature","properties":{"v":7.5},"geometry":{"type":"Polygon","coordinates":[[[-76.25034878899116,3.2000146377019245],[-76.20034856027706,3.2000146377019245],[-76.20034856027706,3.2500148664160173],[-76.25034878899116,3.2500148664160173],[-76.25034878899116,3.2000146377019245]]]}},{"type":"Feature","properties":{"v":7.38},"geometry":{"type":"Polygon","coordinates":[[[-76.20034856027706,3.2000146377019245],[-76.15034833156297,3.2000146377019245],[-76.15034833156297,3.2500148664160173],[-76.20034856027706,3.2500148664160173],[-76.20034856027706,3.2000146377019245]]]}},{"type":"Feature","properties":{"v":7.48},"geometry":{"type":"Polygon","coordinates":[[[-76.15034833156297,3.2000146377019245],[-76.10034810284888,3.2000146377019245],[-76.10034810284888,3.2500148664160173],[-76.15034833156297,3.2500148664160173],[-76.15034833156297,3.2000146377019245]]]}},{"type":"Feature","properties":{"v":8.59},"geometry":{"type":"Polygon","coordinates":[[[-76.10034810284888,3.2000146377019245],[-76.05034787413479,3.2000146377019245],[-76.05034787413479,3.2500148664160173],[-76.10034810284888,3.2500148664160173],[-76.10034810284888,3.2000146377019245]]]}},{"type":"Feature","properties":{"v":9.61},"geometry":{"type":"Polygon","coordinates":[[[-76.05034787413479,3.2000146377019245],[-76.00034764542069,3.2000146377019245],[-76.00034764542069,3.2500148664160173],[-76.05034787413479,3.2500148664160173],[-76.05034787413479,3.2000146377019245]]]}},{"type":"Feature","properties":{"v":9.25},"geometry":{"type":"Polygon","coordinates":[[[-76.00034764542069,3.2000146377019245],[-75.9503474167066,3.2000146377019245],[-75.9503474167066,3.2500148664160173],[-76.00034764542069,3.2500148664160173],[-76.00034764542069,3.2000146377019245]]]}},{"type":"Feature","properties":{"v":8.09},"geometry":{"type":"Polygon","coordinates":[[[-75.9503474167066,3.2000146377019245],[-75.90034718799251,3.2000146377019245],[-75.90034718799251,3.2500148664160173],[-75.9503474167066,3.2500148664160173],[-75.9503474167066,3.2000146377019245]]]}},{"type":"Feature","properties":{"v":7.01},"geometry":{"type":"Polygon","coordinates":[[[-75.90034718799251,3.2000146377019245],[-75.85034695927841,3.2000146377019245],[-75.85034695927841,3.2500148664160173],[-75.90034718799251,3.2500148664160173],[-75.90034718799251,3.2000146377019245]]]}},{"type":"Feature","properties":{"v":6.83},"geometry":{"type":"Polygon","coordinates":[[[-75.85034695927841,3.2000146377019245],[-75.80034673056433,3.2000146377019245],[-75.80034673056433,3.2500148664160173],[-75.85034695927841,3.2500148664160173],[-75.85034695927841,3.2000146377019245]]]}},{"type":"Feature","properties":{"v":6.38},"geometry":{"type":"Polygon","coordinates":[[[-75.80034673056433,3.2000146377019245],[-75.75034650185023,3.2000146377019245],[-75.75034650185023,3.2500148664160173],[-75.80034673056433,3.2500148664160173],[-75.80034673056433,3.2000146377019245]]]}},{"type":"Feature","properties":{"v":5.75},"geometry":{"type":"Polygon","coordinates":[[[-75.75034650185023,3.2000146377019245],[-75.70034627313613,3.2000146377019245],[-75.70034627313613,3.2500148664160173],[-75.75034650185023,3.2500148664160173],[-75.75034650185023,3.2000146377019245]]]}},{"type":"Feature","properties":{"v":6.33},"geometry":{"type":"Polygon","coordinates":[[[-75.70034627313613,3.2000146377019245],[-75.65034604442205,3.2000146377019245],[-75.65034604442205,3.2500148664160173],[-75.70034627313613,3.2500148664160173],[-75.70034627313613,3.2000146377019245]]]}},{"type":"Feature","properties":{"v":7.17},"geometry":{"type":"Polygon","coordinates":[[[-75.65034604442205,3.2000146377019245],[-75.60034581570795,3.2000146377019245],[-75.60034581570795,3.2500148664160173],[-75.65034604442205,3.2500148664160173],[-75.65034604442205,3.2000146377019245]]]}},{"type":"Feature","properties":{"v":7.44},"geometry":{"type":"Polygon","coordinates":[[[-75.60034581570795,3.2000146377019245],[-75.55034558699386,3.2000146377019245],[-75.55034558699386,3.2500148664160173],[-75.60034581570795,3.2500148664160173],[-75.60034581570795,3.2000146377019245]]]}},{"type":"Feature","properties":{"v":10.82},"geometry":{"type":"Polygon","coordinates":[[[-75.55034558699386,3.2000146377019245],[-75.50034535827977,3.2000146377019245],[-75.50034535827977,3.2500148664160173],[-75.55034558699386,3.2500148664160173],[-75.55034558699386,3.2000146377019245]]]}},{"type":"Feature","properties":{"v":8.22},"geometry":{"type":"Polygon","coordinates":[[[-75.50034535827977,3.2000146377019245],[-75.45034512956568,3.2000146377019245],[-75.45034512956568,3.2500148664160173],[-75.50034535827977,3.2500148664160173],[-75.50034535827977,3.2000146377019245]]]}},{"type":"Feature","properties":{"v":3.53},"geometry":{"type":"Polygon","coordinates":[[[-75.45034512956568,3.2000146377019245],[-75.40034490085158,3.2000146377019245],[-75.40034490085158,3.2500148664160173],[-75.45034512956568,3.2500148664160173],[-75.45034512956568,3.2000146377019245]]]}},{"type":"Feature","properties":{"v":2.91},"geometry":{"type":"Polygon","coordinates":[[[-75.40034490085158,3.2000146377019245],[-75.3503446721375,3.2000146377019245],[-75.3503446721375,3.2500148664160173],[-75.40034490085158,3.2500148664160173],[-75.40034490085158,3.2000146377019245]]]}},{"type":"Feature","properties":{"v":0.0},"geometry":{"type":"Polygon","coordinates":[[[-75.3503446721375,3.2000146377019245],[-75.3003444434234,3.2000146377019245],[-75.3003444434234,3.2500148664160173],[-75.3503446721375,3.2500148664160173],[-75.3503446721375,3.2000146377019245]]]}},{"type":"Feature","properties":{"v":0.0},"geometry":{"type":"Polygon","coordinates":[[[-75.3003444434234,3.2000146377019245],[-75.2503442147093,3.2000146377019245],[-75.2503442147093,3.2500148664160173],[-75.3003444434234,3.2500148664160173],[-75.3003444434234,3.2000146377019245]]]}},{"type":"Feature","properties":{"v":0.0},"geometry":{"type":"Polygon","coordinates":[[[-75.2503442147093,3.2000146377019245],[-75.20034398599522,3.2000146377019245],[-75.20034398599522,3.2500148664160173],[-75.2503442147093,3.2500148664160173],[-75.2503442147093,3.2000146377019245]]]}},{"type":"Feature","properties":{"v":0.0},"geometry":{"type":"Polygon","coordinates":[[[-75.20034398599522,3.2000146377019245],[-75.15034375728112,3.2000146377019245],[-75.15034375728112,3.2500148664160173],[-75.20034398599522,3.2500148664160173],[-75.20034398599522,3.2000146377019245]]]}},{"type":"Feature","properties":{"v":0.0},"geometry":{"type":"Polygon","coordinates":[[[-75.15034375728112,3.2000146377019245],[-75.10034352856702,3.2000146377019245],[-75.10034352856702,3.2500148664160173],[-75.15034375728112,3.2500148664160173],[-75.15034375728112,3.2000146377019245]]]}},{"type":"Feature","properties":{"v":177.42},"geometry":{"type":"Polygon","coordinates":[[[-77.60035496427166,3.1500144089878317],[-77.55035473555756,3.1500144089878317],[-77.55035473555756,3.2000146377019245],[-77.60035496427166,3.2000146377019245],[-77.60035496427166,3.1500144089878317]]]}},{"type":"Feature","properties":{"v":168.98},"geometry":{"type":"Polygon","coordinates":[[[-77.55035473555756,3.1500144089878317],[-77.50035450684346,3.1500144089878317],[-77.50035450684346,3.2000146377019245],[-77.55035473555756,3.2000146377019245],[-77.55035473555756,3.1500144089878317]]]}},{"type":"Feature","properties":{"v":160.21},"geometry":{"type":"Polygon","coordinates":[[[-77.50035450684346,3.1500144089878317],[-77.45035427812938,3.1500144089878317],[-77.45035427812938,3.2000146377019245],[-77.50035450684346,3.2000146377019245],[-77.50035450684346,3.1500144089878317]]]}},{"type":"Feature","properties":{"v":159.45},"geometry":{"type":"Polygon","coordinates":[[[-77.45035427812938,3.1500144089878317],[-77.40035404941528,3.1500144089878317],[-77.40035404941528,3.2000146377019245],[-77.45035427812938,3.2000146377019245],[-77.45035427812938,3.1500144089878317]]]}},{"type":"Feature","properties":{"v":146.97},"geometry":{"type":"Polygon","coordinates":[[[-77.40035404941528,3.1500144089878317],[-77.35035382070119,3.1500144089878317],[-77.35035382070119,3.2000146377019245],[-77.40035404941528,3.2000146377019245],[-77.40035404941528,3.1500144089878317]]]}},{"type":"Feature","properties":{"v":132.96},"geometry":{"type":"Polygon","coordinates":[[[-77.35035382070119,3.1500144089878317],[-77.3003535919871,3.1500144089878317],[-77.3003535919871,3.2000146377019245],[-77.35035382070119,3.2000146377019245],[-77.35035382070119,3.1500144089878317]]]}},{"type":"Feature","properties":{"v":114.34},"geometry":{"type":"Polygon","coordinates":[[[-77.3003535919871,3.1500144089878317],[-77.250353363273,3.1500144089878317],[-77.250353363273,3.2000146377019245],[-77.3003535919871,3.2000146377019245],[-77.3003535919871,3.1500144089878317]]]}},{"type":"Feature","properties":{"v":110.29},"geometry":{"type":"Polygon","coordinates":[[[-77.250353363273,3.1500144089878317],[-77.20035313455891,3.1500144089878317],[-77.20035313455891,3.2000146377019245],[-77.250353363273,3.2000146377019245],[-77.250353363273,3.1500144089878317]]]}},{"type":"Feature","properties":{"v":93.95},"geometry":{"type":"Polygon","coordinates":[[[-77.20035313455891,3.1500144089878317],[-77.15035290584483,3.1500144089878317],[-77.15035290584483,3.2000146377019245],[-77.20035313455891,3.2000146377019245],[-77.20035313455891,3.1500144089878317]]]}},{"type":"Feature","properties":{"v":84.64},"geometry":{"type":"Polygon","coordinates":[[[-77.15035290584483,3.1500144089878317],[-77.10035267713073,3.1500144089878317],[-77.10035267713073,3.2000146377019245],[-77.15035290584483,3.2000146377019245],[-77.15035290584483,3.1500144089878317]]]}},{"type":"Feature","properties":{"v":63.73},"geometry":{"type":"Polygon","coordinates":[[[-77.10035267713073,3.1500144089878317],[-77.05035244841663,3.1500144089878317],[-77.05035244841663,3.2000146377019245],[-77.10035267713073,3.2000146377019245],[-77.10035267713073,3.1500144089878317]]]}},{"type":"Feature","properties":{"v":47.69},"geometry":{"type":"Polygon","coordinates":[[[-77.05035244841663,3.1500144089878317],[-77.00035221970255,3.1500144089878317],[-77.00035221970255,3.2000146377019245],[-77.05035244841663,3.2000146377019245],[-77.05035244841663,3.1500144089878317]]]}},{"type":"Feature","properties":{"v":46.62},"geometry":{"type":"Polygon","coordinates":[[[-77.00035221970255,3.1500144089878317],[-76.95035199098845,3.1500144089878317],[-76.95035199098845,3.2000146377019245],[-77.00035221970255,3.2000146377019245],[-77.00035221970255,3.1500144089878317]]]}},{"type":"Feature","properties":{"v":31.35},"geometry":{"type":"Polygon","coordinates":[[[-76.95035199098845,3.1500144089878317],[-76.90035176227435,3.1500144089878317],[-76.90035176227435,3.2000146377019245],[-76.95035199098845,3.2000146377019245],[-76.95035199098845,3.1500144089878317]]]}},{"type":"Feature","properties":{"v":23.92},"geometry":{"type":"Polygon","coordinates":[[[-76.90035176227435,3.1500144089878317],[-76.85035153356027,3.1500144089878317],[-76.85035153356027,3.2000146377019245],[-76.90035176227435,3.2000146377019245],[-76.90035176227435,3.1500144089878317]]]}},{"type":"Feature","properties":{"v":22.58},"geometry":{"type":"Polygon","coordinates":[[[-76.85035153356027,3.1500144089878317],[-76.80035130484617,3.1500144089878317],[-76.80035130484617,3.2000146377019245],[-76.85035153356027,3.2000146377019245],[-76.85035153356027,3.1500144089878317]]]}},{"type":"Feature","properties":{"v":20.04},"geometry":{"type":"Polygon","coordinates":[[[-76.80035130484617,3.1500144089878317],[-76.75035107613208,3.1500144089878317],[-76.75035107613208,3.2000146377019245],[-76.80035130484617,3.2000146377019245],[-76.80035130484617,3.1500144089878317]]]}},{"type":"Feature","properties":{"v":15.56},"geometry":{"type":"Polygon","coordinates":[[[-76.75035107613208,3.1500144089878317],[-76.700350847418,3.1500144089878317],[-76.700350847418,3.2000146377019245],[-76.75035107613208,3.2000146377019245],[-76.75035107613208,3.1500144089878317]]]}},{"type":"Feature","properties":{"v":10.43},"geometry":{"type":"Polygon","coordinates":[[[-76.700350847418,3.1500144089878317],[-76.6503506187039,3.1500144089878317],[-76.6503506187039,3.2000146377019245],[-76.700350847418,3.2000146377019245],[-76.700350847418,3.1500144089878317]]]}},{"type":"Feature","properties":{"v":9.1},"geometry":{"type":"Polygon","coordinates":[[[-76.6503506187039,3.1500144089878317],[-76.6003503899898,3.1500144089878317],[-76.6003503899898,3.2000146377019245],[-76.6503506187039,3.2000146377019245],[-76.6503506187039,3.1500144089878317]]]}},{"type":"Feature","properties":{"v":8.31},"geometry":{"type":"Polygon","coordinates":[[[-76.6003503899898,3.1500144089878317],[-76.55035016127572,3.1500144089878317],[-76.55035016127572,3.2000146377019245],[-76.6003503899898,3.2000146377019245],[-76.6003503899898,3.1500144089878317]]]}},{"type":"Feature","properties":{"v":9.62},"geometry":{"type":"Polygon","coordinates":[[[-76.55035016127572,3.1500144089878317],[-76.50034993256162,3.1500144089878317],[-76.50034993256162,3.2000146377019245],[-76.55035016127572,3.2000146377019245],[-76.55035016127572,3.1500144089878317]]]}},{"type":"Feature","properties":{"v":9.69},"geometry":{"type":"Polygon","coordinates":[[[-76.50034993256162,3.1500144089878317],[-76.45034970384752,3.1500144089878317],[-76.45034970384752,3.2000146377019245],[-76.50034993256162,3.2000146377019245],[-76.50034993256162,3.1500144089878317]]]}},{"type":"Feature","properties":{"v":8.62},"geometry":{"type":"Polygon","coordinates":[[[-76.45034970384752,3.1500144089878317],[-76.40034947513344,3.1500144089878317],[-76.40034947513344,3.2000146377019245],[-76.45034970384752,3.2000146377019245],[-76.45034970384752,3.1500144089878317]]]}},{"type":"Feature","properties":{"v":7.42},"geometry":{"type":"Polygon","coordinates":[[[-76.40034947513344,3.1500144089878317],[-76.35034924641934,3.1500144089878317],[-76.35034924641934,3.2000146377019245],[-76.40034947513344,3.2000146377019245],[-76.40034947513344,3.1500144089878317]]]}},{"type":"Feature","properties":{"v":7.86},"geometry":{"type":"Polygon","coordinates":[[[-76.35034924641934,3.1500144089878317],[-76.30034901770524,3.1500144089878317],[-76.30034901770524,3.2000146377019245],[-76.35034924641934,3.2000146377019245],[-76.35034924641934,3.1500144089878317]]]}},{"type":"Feature","properties":{"v":7.37},"geometry":{"type":"Polygon","coordinates":[[[-76.30034901770524,3.1500144089878317],[-76.25034878899116,3.1500144089878317],[-76.25034878899116,3.2000146377019245],[-76.30034901770524,3.2000146377019245],[-76.30034901770524,3.1500144089878317]]]}},{"type":"Feature","properties":{"v":8.23},"geometry":{"type":"Polygon","coordinates":[[[-76.25034878899116,3.1500144089878317],[-76.20034856027706,3.1500144089878317],[-76.20034856027706,3.2000146377019245],[-76.25034878899116,3.2000146377019245],[-76.25034878899116,3.1500144089878317]]]}},{"type":"Feature","properties":{"v":7.41},"geometry":{"type":"Polygon","coordinates":[[[-76.20034856027706,3.1500144089878317],[-76.15034833156297,3.1500144089878317],[-76.15034833156297,3.2000146377019245],[-76.20034856027706,3.2000146377019245],[-76.20034856027706,3.1500144089878317]]]}},{"type":"Feature","properties":{"v":6.94},"geometry":{"type":"Polygon","coordinates":[[[-76.15034833156297,3.1500144089878317],[-76.10034810284888,3.1500144089878317],[-76.10034810284888,3.2000146377019245],[-76.15034833156297,3.2000146377019245],[-76.15034833156297,3.1500144089878317]]]}},{"type":"Feature","properties":{"v":7.93},"geometry":{"type":"Polygon","coordinates":[[[-76.10034810284888,3.1500144089878317],[-76.05034787413479,3.1500144089878317],[-76.05034787413479,3.2000146377019245],[-76.10034810284888,3.2000146377019245],[-76.10034810284888,3.1500144089878317]]]}},{"type":"Feature","properties":{"v":7.67},"geometry":{"type":"Polygon","coordinates":[[[-76.05034787413479,3.1500144089878317],[-76.00034764542069,3.1500144089878317],[-76.00034764542069,3.2000146377019245],[-76.05034787413479,3.2000146377019245],[-76.05034787413479,3.1500144089878317]]]}},{"type":"Feature","properties":{"v":7.17},"geometry":{"type":"Polygon","coordinates":[[[-76.00034764542069,3.1500144089878317],[-75.9503474167066,3.1500144089878317],[-75.9503474167066,3.2000146377019245],[-76.00034764542069,3.2000146377019245],[-76.00034764542069,3.1500144089878317]]]}},{"type":"Feature","properties":{"v":7.76},"geometry":{"type":"Polygon","coordinates":[[[-75.9503474167066,3.1500144089878317],[-75.90034718799251,3.1500144089878317],[-75.90034718799251,3.2000146377019245],[-75.9503474167066,3.2000146377019245],[-75.9503474167066,3.1500144089878317]]]}},{"type":"Feature","properties":{"v":7.36},"geometry":{"type":"Polygon","coordinates":[[[-75.90034718799251,3.1500144089878317],[-75.85034695927841,3.1500144089878317],[-75.85034695927841,3.2000146377019245],[-75.90034718799251,3.2000146377019245],[-75.90034718799251,3.1500144089878317]]]}},{"type":"Feature","properties":{"v":6.84},"geometry":{"type":"Polygon","coordinates":[[[-75.85034695927841,3.1500144089878317],[-75.80034673056433,3.1500144089878317],[-75.80034673056433,3.2000146377019245],[-75.85034695927841,3.2000146377019245],[-75.85034695927841,3.1500144089878317]]]}},{"type":"Feature","properties":{"v":6.01},"geometry":{"type":"Polygon","coordinates":[[[-75.80034673056433,3.1500144089878317],[-75.75034650185023,3.1500144089878317],[-75.75034650185023,3.2000146377019245],[-75.80034673056433,3.2000146377019245],[-75.80034673056433,3.1500144089878317]]]}},{"type":"Feature","properties":{"v":7.03},"geometry":{"type":"Polygon","coordinates":[[[-75.75034650185023,3.1500144089878317],[-75.70034627313613,3.1500144089878317],[-75.70034627313613,3.2000146377019245],[-75.75034650185023,3.2000146377019245],[-75.75034650185023,3.1500144089878317]]]}},{"type":"Feature","properties":{"v":5.89},"geometry":{"type":"Polygon","coordinates":[[[-75.70034627313613,3.1500144089878317],[-75.65034604442205,3.1500144089878317],[-75.65034604442205,3.2000146377019245],[-75.70034627313613,3.2000146377019245],[-75.70034627313613,3.1500144089878317]]]}},{"type":"Feature","properties":{"v":8.24},"geometry":{"type":"Polygon","coordinates":[[[-75.65034604442205,3.1500144089878317],[-75.60034581570795,3.1500144089878317],[-75.60034581570795,3.2000146377019245],[-75.65034604442205,3.2000146377019245],[-75.65034604442205,3.1500144089878317]]]}},{"type":"Feature","properties":{"v":8.77},"geometry":{"type":"Polygon","coordinates":[[[-75.60034581570795,3.1500144089878317],[-75.55034558699386,3.1500144089878317],[-75.55034558699386,3.2000146377019245],[-75.60034581570795,3.2000146377019245],[-75.60034581570795,3.1500144089878317]]]}},{"type":"Feature","properties":{"v":7.59},"geometry":{"type":"Polygon","coordinates":[[[-75.55034558699386,3.1500144089878317],[-75.50034535827977,3.1500144089878317],[-75.50034535827977,3.2000146377019245],[-75.55034558699386,3.2000146377019245],[-75.55034558699386,3.1500144089878317]]]}},{"type":"Feature","properties":{"v":7.66},"geometry":{"type":"Polygon","coordinates":[[[-75.50034535827977,3.1500144089878317],[-75.45034512956568,3.1500144089878317],[-75.45034512956568,3.2000146377019245],[-75.50034535827977,3.2000146377019245],[-75.50034535827977,3.1500144089878317]]]}},{"type":"Feature","properties":{"v":4.31},"geometry":{"type":"Polygon","coordinates":[[[-75.45034512956568,3.1500144089878317],[-75.40034490085158,3.1500144089878317],[-75.40034490085158,3.2000146377019245],[-75.45034512956568,3.2000146377019245],[-75.45034512956568,3.1500144089878317]]]}},{"type":"Feature","properties":{"v":2.91},"geometry":{"type":"Polygon","coordinates":[[[-75.40034490085158,3.1500144089878317],[-75.3503446721375,3.1500144089878317],[-75.3503446721375,3.2000146377019245],[-75.40034490085158,3.2000146377019245],[-75.40034490085158,3.1500144089878317]]]}},{"type":"Feature","properties":{"v":2.39},"geometry":{"type":"Polygon","coordinates":[[[-75.3503446721375,3.1500144089878317],[-75.3003444434234,3.1500144089878317],[-75.3003444434234,3.2000146377019245],[-75.3503446721375,3.2000146377019245],[-75.3503446721375,3.1500144089878317]]]}},{"type":"Feature","properties":{"v":0.0},"geometry":{"type":"Polygon","coordinates":[[[-75.3003444434234,3.1500144089878317],[-75.2503442147093,3.1500144089878317],[-75.2503442147093,3.2000146377019245],[-75.3003444434234,3.2000146377019245],[-75.3003444434234,3.1500144089878317]]]}},{"type":"Feature","properties":{"v":0.0},"geometry":{"type":"Polygon","coordinates":[[[-75.2503442147093,3.1500144089878317],[-75.20034398599522,3.1500144089878317],[-75.20034398599522,3.2000146377019245],[-75.2503442147093,3.2000146377019245],[-75.2503442147093,3.1500144089878317]]]}},{"type":"Feature","properties":{"v":0.0},"geometry":{"type":"Polygon","coordinates":[[[-75.20034398599522,3.1500144089878317],[-75.15034375728112,3.1500144089878317],[-75.15034375728112,3.2000146377019245],[-75.20034398599522,3.2000146377019245],[-75.20034398599522,3.1500144089878317]]]}},{"type":"Feature","properties":{"v":0.0},"geometry":{"type":"Polygon","coordinates":[[[-75.15034375728112,3.1500144089878317],[-75.10034352856702,3.1500144089878317],[-75.10034352856702,3.2000146377019245],[-75.15034375728112,3.2000146377019245],[-75.15034375728112,3.1500144089878317]]]}},{"type":"Feature","properties":{"v":183.78},"geometry":{"type":"Polygon","coordinates":[[[-77.65035519298574,3.1000141802737393],[-77.60035496427166,3.1000141802737393],[-77.60035496427166,3.1500144089878317],[-77.65035519298574,3.1500144089878317],[-77.65035519298574,3.1000141802737393]]]}},{"type":"Feature","properties":{"v":181.34},"geometry":{"type":"Polygon","coordinates":[[[-77.60035496427166,3.1000141802737393],[-77.55035473555756,3.1000141802737393],[-77.55035473555756,3.1500144089878317],[-77.60035496427166,3.1500144089878317],[-77.60035496427166,3.1000141802737393]]]}},{"type":"Feature","properties":{"v":167.93},"geometry":{"type":"Polygon","coordinates":[[[-77.55035473555756,3.1000141802737393],[-77.50035450684346,3.1000141802737393],[-77.50035450684346,3.1500144089878317],[-77.55035473555756,3.1500144089878317],[-77.55035473555756,3.1000141802737393]]]}},{"type":"Feature","properties":{"v":157.04},"geometry":{"type":"Polygon","coordinates":[[[-77.50035450684346,3.1000141802737393],[-77.45035427812938,3.1000141802737393],[-77.45035427812938,3.1500144089878317],[-77.50035450684346,3.1500144089878317],[-77.50035450684346,3.1000141802737393]]]}},{"type":"Feature","properties":{"v":150.93},"geometry":{"type":"Polygon","coordinates":[[[-77.45035427812938,3.1000141802737393],[-77.40035404941528,3.1000141802737393],[-77.40035404941528,3.1500144089878317],[-77.45035427812938,3.1500144089878317],[-77.45035427812938,3.1000141802737393]]]}},{"type":"Feature","properties":{"v":146.09},"geometry":{"type":"Polygon","coordinates":[[[-77.40035404941528,3.1000141802737393],[-77.35035382070119,3.1000141802737393],[-77.35035382070119,3.1500144089878317],[-77.40035404941528,3.1500144089878317],[-77.40035404941528,3.1000141802737393]]]}},{"type":"Feature","properties":{"v":135.6},"geometry":{"type":"Polygon","coordinates":[[[-77.35035382070119,3.1000141802737393],[-77.3003535919871,3.1000141802737393],[-77.3003535919871,3.1500144089878317],[-77.35035382070119,3.1500144089878317],[-77.35035382070119,3.1000141802737393]]]}},{"type":"Feature","properties":{"v":112.33},"geometry":{"type":"Polygon","coordinates":[[[-77.3003535919871,3.1000141802737393],[-77.250353363273,3.1000141802737393],[-77.250353363273,3.1500144089878317],[-77.3003535919871,3.1500144089878317],[-77.3003535919871,3.1000141802737393]]]}},{"type":"Feature","properties":{"v":113.17},"geometry":{"type":"Polygon","coordinates":[[[-77.250353363273,3.1000141802737393],[-77.20035313455891,3.1000141802737393],[-77.20035313455891,3.1500144089878317],[-77.250353363273,3.1500144089878317],[-77.250353363273,3.1000141802737393]]]}},{"type":"Feature","properties":{"v":91.19},"geometry":{"type":"Polygon","coordinates":[[[-77.20035313455891,3.1000141802737393],[-77.15035290584483,3.1000141802737393],[-77.15035290584483,3.1500144089878317],[-77.20035313455891,3.1500144089878317],[-77.20035313455891,3.1000141802737393]]]}},{"type":"Feature","properties":{"v":83.66},"geometry":{"type":"Polygon","coordinates":[[[-77.15035290584483,3.1000141802737393],[-77.10035267713073,3.1000141802737393],[-77.10035267713073,3.1500144089878317],[-77.15035290584483,3.1500144089878317],[-77.15035290584483,3.1000141802737393]]]}},{"type":"Feature","properties":{"v":65.96},"geometry":{"type":"Polygon","coordinates":[[[-77.10035267713073,3.1000141802737393],[-77.05035244841663,3.1000141802737393],[-77.05035244841663,3.1500144089878317],[-77.10035267713073,3.1500144089878317],[-77.10035267713073,3.1000141802737393]]]}},{"type":"Feature","properties":{"v":50.07},"geometry":{"type":"Polygon","coordinates":[[[-77.05035244841663,3.1000141802737393],[-77.00035221970255,3.1000141802737393],[-77.00035221970255,3.1500144089878317],[-77.05035244841663,3.1500144089878317],[-77.05035244841663,3.1000141802737393]]]}},{"type":"Feature","properties":{"v":46.18},"geometry":{"type":"Polygon","coordinates":[[[-77.00035221970255,3.1000141802737393],[-76.95035199098845,3.1000141802737393],[-76.95035199098845,3.1500144089878317],[-77.00035221970255,3.1500144089878317],[-77.00035221970255,3.1000141802737393]]]}},{"type":"Feature","properties":{"v":29.94},"geometry":{"type":"Polygon","coordinates":[[[-76.95035199098845,3.1000141802737393],[-76.90035176227435,3.1000141802737393],[-76.90035176227435,3.1500144089878317],[-76.95035199098845,3.1500144089878317],[-76.95035199098845,3.1000141802737393]]]}},{"type":"Feature","properties":{"v":23.89},"geometry":{"type":"Polygon","coordinates":[[[-76.90035176227435,3.1000141802737393],[-76.85035153356027,3.1000141802737393],[-76.85035153356027,3.1500144089878317],[-76.90035176227435,3.1500144089878317],[-76.90035176227435,3.1000141802737393]]]}},{"type":"Feature","properties":{"v":22.03},"geometry":{"type":"Polygon","coordinates":[[[-76.85035153356027,3.1000141802737393],[-76.80035130484617,3.1000141802737393],[-76.80035130484617,3.1500144089878317],[-76.85035153356027,3.1500144089878317],[-76.85035153356027,3.1000141802737393]]]}},{"type":"Feature","properties":{"v":18.12},"geometry":{"type":"Polygon","coordinates":[[[-76.80035130484617,3.1000141802737393],[-76.75035107613208,3.1000141802737393],[-76.75035107613208,3.1500144089878317],[-76.80035130484617,3.1500144089878317],[-76.80035130484617,3.1000141802737393]]]}},{"type":"Feature","properties":{"v":10.49},"geometry":{"type":"Polygon","coordinates":[[[-76.75035107613208,3.1000141802737393],[-76.700350847418,3.1000141802737393],[-76.700350847418,3.1500144089878317],[-76.75035107613208,3.1500144089878317],[-76.75035107613208,3.1000141802737393]]]}},{"type":"Feature","properties":{"v":11.14},"geometry":{"type":"Polygon","coordinates":[[[-76.700350847418,3.1000141802737393],[-76.6503506187039,3.1000141802737393],[-76.6503506187039,3.1500144089878317],[-76.700350847418,3.1500144089878317],[-76.700350847418,3.1000141802737393]]]}},{"type":"Feature","properties":{"v":9.42},"geometry":{"type":"Polygon","coordinates":[[[-76.6503506187039,3.1000141802737393],[-76.6003503899898,3.1000141802737393],[-76.6003503899898,3.1500144089878317],[-76.6503506187039,3.1500144089878317],[-76.6503506187039,3.1000141802737393]]]}},{"type":"Feature","properties":{"v":7.34},"geometry":{"type":"Polygon","coordinates":[[[-76.6003503899898,3.1000141802737393],[-76.55035016127572,3.1000141802737393],[-76.55035016127572,3.1500144089878317],[-76.6003503899898,3.1500144089878317],[-76.6003503899898,3.1000141802737393]]]}},{"type":"Feature","properties":{"v":8.89},"geometry":{"type":"Polygon","coordinates":[[[-76.55035016127572,3.1000141802737393],[-76.50034993256162,3.1000141802737393],[-76.50034993256162,3.1500144089878317],[-76.55035016127572,3.1500144089878317],[-76.55035016127572,3.1000141802737393]]]}},{"type":"Feature","properties":{"v":8.4},"geometry":{"type":"Polygon","coordinates":[[[-76.50034993256162,3.1000141802737393],[-76.45034970384752,3.1000141802737393],[-76.45034970384752,3.1500144089878317],[-76.50034993256162,3.1500144089878317],[-76.50034993256162,3.1000141802737393]]]}},{"type":"Feature","properties":{"v":7.71},"geometry":{"type":"Polygon","coordinates":[[[-76.45034970384752,3.1000141802737393],[-76.40034947513344,3.1000141802737393],[-76.40034947513344,3.1500144089878317],[-76.45034970384752,3.1500144089878317],[-76.45034970384752,3.1000141802737393]]]}},{"type":"Feature","properties":{"v":6.48},"geometry":{"type":"Polygon","coordinates":[[[-76.40034947513344,3.1000141802737393],[-76.35034924641934,3.1000141802737393],[-76.35034924641934,3.1500144089878317],[-76.40034947513344,3.1500144089878317],[-76.40034947513344,3.1000141802737393]]]}},{"type":"Feature","properties":{"v":7.14},"geometry":{"type":"Polygon","coordinates":[[[-76.35034924641934,3.1000141802737393],[-76.30034901770524,3.1000141802737393],[-76.30034901770524,3.1500144089878317],[-76.35034924641934,3.1500144089878317],[-76.35034924641934,3.1000141802737393]]]}},{"type":"Feature","properties":{"v":7.63},"geometry":{"type":"Polygon","coordinates":[[[-76.30034901770524,3.1000141802737393],[-76.25034878899116,3.1000141802737393],[-76.25034878899116,3.1500144089878317],[-76.30034901770524,3.1500144089878317],[-76.30034901770524,3.1000141802737393]]]}},{"type":"Feature","properties":{"v":7.63},"geometry":{"type":"Polygon","coordinates":[[[-76.25034878899116,3.1000141802737393],[-76.20034856027706,3.1000141802737393],[-76.20034856027706,3.1500144089878317],[-76.25034878899116,3.1500144089878317],[-76.25034878899116,3.1000141802737393]]]}},{"type":"Feature","properties":{"v":7.36},"geometry":{"type":"Polygon","coordinates":[[[-76.20034856027706,3.1000141802737393],[-76.15034833156297,3.1000141802737393],[-76.15034833156297,3.1500144089878317],[-76.20034856027706,3.1500144089878317],[-76.20034856027706,3.1000141802737393]]]}},{"type":"Feature","properties":{"v":8.09},"geometry":{"type":"Polygon","coordinates":[[[-76.15034833156297,3.1000141802737393],[-76.10034810284888,3.1000141802737393],[-76.10034810284888,3.1500144089878317],[-76.15034833156297,3.1500144089878317],[-76.15034833156297,3.1000141802737393]]]}},{"type":"Feature","properties":{"v":7.77},"geometry":{"type":"Polygon","coordinates":[[[-76.10034810284888,3.1000141802737393],[-76.05034787413479,3.1000141802737393],[-76.05034787413479,3.1500144089878317],[-76.10034810284888,3.1500144089878317],[-76.10034810284888,3.1000141802737393]]]}},{"type":"Feature","properties":{"v":7.53},"geometry":{"type":"Polygon","coordinates":[[[-76.05034787413479,3.1000141802737393],[-76.00034764542069,3.1000141802737393],[-76.00034764542069,3.1500144089878317],[-76.05034787413479,3.1500144089878317],[-76.05034787413479,3.1000141802737393]]]}},{"type":"Feature","properties":{"v":5.87},"geometry":{"type":"Polygon","coordinates":[[[-76.00034764542069,3.1000141802737393],[-75.9503474167066,3.1000141802737393],[-75.9503474167066,3.1500144089878317],[-76.00034764542069,3.1500144089878317],[-76.00034764542069,3.1000141802737393]]]}},{"type":"Feature","properties":{"v":8.05},"geometry":{"type":"Polygon","coordinates":[[[-75.9503474167066,3.1000141802737393],[-75.90034718799251,3.1000141802737393],[-75.90034718799251,3.1500144089878317],[-75.9503474167066,3.1500144089878317],[-75.9503474167066,3.1000141802737393]]]}},{"type":"Feature","properties":{"v":7.93},"geometry":{"type":"Polygon","coordinates":[[[-75.90034718799251,3.1000141802737393],[-75.85034695927841,3.1000141802737393],[-75.85034695927841,3.1500144089878317],[-75.90034718799251,3.1500144089878317],[-75.90034718799251,3.1000141802737393]]]}},{"type":"Feature","properties":{"v":6.01},"geometry":{"type":"Polygon","coordinates":[[[-75.85034695927841,3.1000141802737393],[-75.80034673056433,3.1000141802737393],[-75.80034673056433,3.1500144089878317],[-75.85034695927841,3.1500144089878317],[-75.85034695927841,3.1000141802737393]]]}},{"type":"Feature","properties":{"v":6.44},"geometry":{"type":"Polygon","coordinates":[[[-75.80034673056433,3.1000141802737393],[-75.75034650185023,3.1000141802737393],[-75.75034650185023,3.1500144089878317],[-75.80034673056433,3.1500144089878317],[-75.80034673056433,3.1000141802737393]]]}},{"type":"Feature","properties":{"v":7.39},"geometry":{"type":"Polygon","coordinates":[[[-75.75034650185023,3.1000141802737393],[-75.70034627313613,3.1000141802737393],[-75.70034627313613,3.1500144089878317],[-75.75034650185023,3.1500144089878317],[-75.75034650185023,3.1000141802737393]]]}},{"type":"Feature","properties":{"v":6.76},"geometry":{"type":"Polygon","coordinates":[[[-75.70034627313613,3.1000141802737393],[-75.65034604442205,3.1000141802737393],[-75.65034604442205,3.1500144089878317],[-75.70034627313613,3.1500144089878317],[-75.70034627313613,3.1000141802737393]]]}},{"type":"Feature","properties":{"v":7.15},"geometry":{"type":"Polygon","coordinates":[[[-75.65034604442205,3.1000141802737393],[-75.60034581570795,3.1000141802737393],[-75.60034581570795,3.1500144089878317],[-75.65034604442205,3.1500144089878317],[-75.65034604442205,3.1000141802737393]]]}},{"type":"Feature","properties":{"v":6.44},"geometry":{"type":"Polygon","coordinates":[[[-75.60034581570795,3.1000141802737393],[-75.55034558699386,3.1000141802737393],[-75.55034558699386,3.1500144089878317],[-75.60034581570795,3.1500144089878317],[-75.60034581570795,3.1000141802737393]]]}},{"type":"Feature","properties":{"v":6.35},"geometry":{"type":"Polygon","coordinates":[[[-75.55034558699386,3.1000141802737393],[-75.50034535827977,3.1000141802737393],[-75.50034535827977,3.1500144089878317],[-75.55034558699386,3.1500144089878317],[-75.55034558699386,3.1000141802737393]]]}},{"type":"Feature","properties":{"v":4.51},"geometry":{"type":"Polygon","coordinates":[[[-75.50034535827977,3.1000141802737393],[-75.45034512956568,3.1000141802737393],[-75.45034512956568,3.1500144089878317],[-75.50034535827977,3.1500144089878317],[-75.50034535827977,3.1000141802737393]]]}},{"type":"Feature","properties":{"v":2.35},"geometry":{"type":"Polygon","coordinates":[[[-75.45034512956568,3.1000141802737393],[-75.40034490085158,3.1000141802737393],[-75.40034490085158,3.1500144089878317],[-75.45034512956568,3.1500144089878317],[-75.45034512956568,3.1000141802737393]]]}},{"type":"Feature","properties":{"v":0.0},"geometry":{"type":"Polygon","coordinates":[[[-75.40034490085158,3.1000141802737393],[-75.3503446721375,3.1000141802737393],[-75.3503446721375,3.1500144089878317],[-75.40034490085158,3.1500144089878317],[-75.40034490085158,3.1000141802737393]]]}},{"type":"Feature","properties":{"v":1.84},"geometry":{"type":"Polygon","coordinates":[[[-75.3503446721375,3.1000141802737393],[-75.3003444434234,3.1000141802737393],[-75.3003444434234,3.1500144089878317],[-75.3503446721375,3.1500144089878317],[-75.3503446721375,3.1000141802737393]]]}},{"type":"Feature","properties":{"v":0.0},"geometry":{"type":"Polygon","coordinates":[[[-75.3003444434234,3.1000141802737393],[-75.2503442147093,3.1000141802737393],[-75.2503442147093,3.1500144089878317],[-75.3003444434234,3.1500144089878317],[-75.3003444434234,3.1000141802737393]]]}},{"type":"Feature","properties":{"v":0.0},"geometry":{"type":"Polygon","coordinates":[[[-75.2503442147093,3.1000141802737393],[-75.20034398599522,3.1000141802737393],[-75.20034398599522,3.1500144089878317],[-75.2503442147093,3.1500144089878317],[-75.2503442147093,3.1000141802737393]]]}},{"type":"Feature","properties":{"v":0.0},"geometry":{"type":"Polygon","coordinates":[[[-75.20034398599522,3.1000141802737393],[-75.15034375728112,3.1000141802737393],[-75.15034375728112,3.1500144089878317],[-75.20034398599522,3.1500144089878317],[-75.20034398599522,3.1000141802737393]]]}},{"type":"Feature","properties":{"v":0.0},"geometry":{"type":"Polygon","coordinates":[[[-75.15034375728112,3.1000141802737393],[-75.10034352856702,3.1000141802737393],[-75.10034352856702,3.1500144089878317],[-75.15034375728112,3.1500144089878317],[-75.15034375728112,3.1000141802737393]]]}},{"type":"Feature","properties":{"v":135.89},"geometry":{"type":"Polygon","coordinates":[[[-77.70035542169984,3.050013951559647],[-77.65035519298574,3.050013951559647],[-77.65035519298574,3.1000141802737393],[-77.70035542169984,3.1000141802737393],[-77.70035542169984,3.050013951559647]]]}},{"type":"Feature","properties":{"v":173.31},"geometry":{"type":"Polygon","coordinates":[[[-77.65035519298574,3.050013951559647],[-77.60035496427166,3.050013951559647],[-77.60035496427166,3.1000141802737393],[-77.65035519298574,3.1000141802737393],[-77.65035519298574,3.050013951559647]]]}},{"type":"Feature","properties":{"v":171.12},"geometry":{"type":"Polygon","coordinates":[[[-77.60035496427166,3.050013951559647],[-77.55035473555756,3.050013951559647],[-77.55035473555756,3.1000141802737393],[-77.60035496427166,3.1000141802737393],[-77.60035496427166,3.050013951559647]]]}},{"type":"Feature","properties":{"v":167.14},"geometry":{"type":"Polygon","coordinates":[[[-77.55035473555756,3.050013951559647],[-77.50035450684346,3.050013951559647],[-77.50035450684346,3.1000141802737393],[-77.55035473555756,3.1000141802737393],[-77.55035473555756,3.050013951559647]]]}},{"type":"Feature","properties":{"v":155.81},"geometry":{"type":"Polygon","coordinates":[[[-77.50035450684346,3.050013951559647],[-77.45035427812938,3.050013951559647],[-77.45035427812938,3.1000141802737393],[-77.50035450684346,3.1000141802737393],[-77.50035450684346,3.050013951559647]]]}},{"type":"Feature","properties":{"v":141.31},"geometry":{"type":"Polygon","coordinates":[[[-77.45035427812938,3.050013951559647],[-77.40035404941528,3.050013951559647],[-77.40035404941528,3.1000141802737393],[-77.45035427812938,3.1000141802737393],[-77.45035427812938,3.050013951559647]]]}},{"type":"Feature","properties":{"v":138.55},"geometry":{"type":"Polygon","coordinates":[[[-77.40035404941528,3.050013951559647],[-77.35035382070119,3.050013951559647],[-77.35035382070119,3.1000141802737393],[-77.40035404941528,3.1000141802737393],[-77.40035404941528,3.050013951559647]]]}},{"type":"Feature","properties":{"v":128.11},"geometry":{"type":"Polygon","coordinates":[[[-77.35035382070119,3.050013951559647],[-77.3003535919871,3.050013951559647],[-77.3003535919871,3.1000141802737393],[-77.35035382070119,3.1000141802737393],[-77.35035382070119,3.050013951559647]]]}},{"type":"Feature","properties":{"v":107.52},"geometry":{"type":"Polygon","coordinates":[[[-77.3003535919871,3.050013951559647],[-77.250353363273,3.050013951559647],[-77.250353363273,3.1000141802737393],[-77.3003535919871,3.1000141802737393],[-77.3003535919871,3.050013951559647]]]}},{"type":"Feature","properties":{"v":107.07},"geometry":{"type":"Polygon","coordinates":[[[-77.250353363273,3.050013951559647],[-77.20035313455891,3.050013951559647],[-77.20035313455891,3.1000141802737393],[-77.250353363273,3.1000141802737393],[-77.250353363273,3.050013951559647]]]}},{"type":"Feature","properties":{"v":83.23},"geometry":{"type":"Polygon","coordinates":[[[-77.20035313455891,3.050013951559647],[-77.15035290584483,3.050013951559647],[-77.15035290584483,3.1000141802737393],[-77.20035313455891,3.1000141802737393],[-77.20035313455891,3.050013951559647]]]}},{"type":"Feature","properties":{"v":75.45},"geometry":{"type":"Polygon","coordinates":[[[-77.15035290584483,3.050013951559647],[-77.10035267713073,3.050013951559647],[-77.10035267713073,3.1000141802737393],[-77.15035290584483,3.1000141802737393],[-77.15035290584483,3.050013951559647]]]}},{"type":"Feature","properties":{"v":63.15},"geometry":{"type":"Polygon","coordinates":[[[-77.10035267713073,3.050013951559647],[-77.05035244841663,3.050013951559647],[-77.05035244841663,3.1000141802737393],[-77.10035267713073,3.1000141802737393],[-77.10035267713073,3.050013951559647]]]}},{"type":"Feature","properties":{"v":47.04},"geometry":{"type":"Polygon","coordinates":[[[-77.05035244841663,3.050013951559647],[-77.00035221970255,3.050013951559647],[-77.00035221970255,3.1000141802737393],[-77.05035244841663,3.1000141802737393],[-77.05035244841663,3.050013951559647]]]}},{"type":"Feature","properties":{"v":43.08},"geometry":{"type":"Polygon","coordinates":[[[-77.00035221970255,3.050013951559647],[-76.95035199098845,3.050013951559647],[-76.95035199098845,3.1000141802737393],[-77.00035221970255,3.1000141802737393],[-77.00035221970255,3.050013951559647]]]}},{"type":"Feature","properties":{"v":31.11},"geometry":{"type":"Polygon","coordinates":[[[-76.95035199098845,3.050013951559647],[-76.90035176227435,3.050013951559647],[-76.90035176227435,3.1000141802737393],[-76.95035199098845,3.1000141802737393],[-76.95035199098845,3.050013951559647]]]}},{"type":"Feature","properties":{"v":25.06},"geometry":{"type":"Polygon","coordinates":[[[-76.90035176227435,3.050013951559647],[-76.85035153356027,3.050013951559647],[-76.85035153356027,3.1000141802737393],[-76.90035176227435,3.1000141802737393],[-76.90035176227435,3.050013951559647]]]}},{"type":"Feature","properties":{"v":21.78},"geometry":{"type":"Polygon","coordinates":[[[-76.85035153356027,3.050013951559647],[-76.80035130484617,3.050013951559647],[-76.80035130484617,3.1000141802737393],[-76.85035153356027,3.1000141802737393],[-76.85035153356027,3.050013951559647]]]}},{"type":"Feature","properties":{"v":17.11},"geometry":{"type":"Polygon","coordinates":[[[-76.80035130484617,3.050013951559647],[-76.75035107613208,3.050013951559647],[-76.75035107613208,3.1000141802737393],[-76.80035130484617,3.1000141802737393],[-76.80035130484617,3.050013951559647]]]}},{"type":"Feature","properties":{"v":15.16},"geometry":{"type":"Polygon","coordinates":[[[-76.75035107613208,3.050013951559647],[-76.700350847418,3.050013951559647],[-76.700350847418,3.1000141802737393],[-76.75035107613208,3.1000141802737393],[-76.75035107613208,3.050013951559647]]]}},{"type":"Feature","properties":{"v":8.65},"geometry":{"type":"Polygon","coordinates":[[[-76.700350847418,3.050013951559647],[-76.6503506187039,3.050013951559647],[-76.6503506187039,3.1000141802737393],[-76.700350847418,3.1000141802737393],[-76.700350847418,3.050013951559647]]]}},{"type":"Feature","properties":{"v":7.97},"geometry":{"type":"Polygon","coordinates":[[[-76.6503506187039,3.050013951559647],[-76.6003503899898,3.050013951559647],[-76.6003503899898,3.1000141802737393],[-76.6503506187039,3.1000141802737393],[-76.6503506187039,3.050013951559647]]]}},{"type":"Feature","properties":{"v":6.6},"geometry":{"type":"Polygon","coordinates":[[[-76.6003503899898,3.050013951559647],[-76.55035016127572,3.050013951559647],[-76.55035016127572,3.1000141802737393],[-76.6003503899898,3.1000141802737393],[-76.6003503899898,3.050013951559647]]]}},{"type":"Feature","properties":{"v":7.48},"geometry":{"type":"Polygon","coordinates":[[[-76.55035016127572,3.050013951559647],[-76.50034993256162,3.050013951559647],[-76.50034993256162,3.1000141802737393],[-76.55035016127572,3.1000141802737393],[-76.55035016127572,3.050013951559647]]]}},{"type":"Feature","properties":{"v":7.0},"geometry":{"type":"Polygon","coordinates":[[[-76.50034993256162,3.050013951559647],[-76.45034970384752,3.050013951559647],[-76.45034970384752,3.1000141802737393],[-76.50034993256162,3.1000141802737393],[-76.50034993256162,3.050013951559647]]]}},{"type":"Feature","properties":{"v":5.76},"geometry":{"type":"Polygon","coordinates":[[[-76.45034970384752,3.050013951559647],[-76.40034947513344,3.050013951559647],[-76.40034947513344,3.1000141802737393],[-76.45034970384752,3.1000141802737393],[-76.45034970384752,3.050013951559647]]]}},{"type":"Feature","properties":{"v":5.23},"geometry":{"type":"Polygon","coordinates":[[[-76.40034947513344,3.050013951559647],[-76.35034924641934,3.050013951559647],[-76.35034924641934,3.1000141802737393],[-76.40034947513344,3.1000141802737393],[-76.40034947513344,3.050013951559647]]]}},{"type":"Feature","properties":{"v":6.61},"geometry":{"type":"Polygon","coordinates":[[[-76.35034924641934,3.050013951559647],[-76.30034901770524,3.050013951559647],[-76.30034901770524,3.1000141802737393],[-76.35034924641934,3.1000141802737393],[-76.35034924641934,3.050013951559647]]]}},{"type":"Feature","properties":{"v":6.37},"geometry":{"type":"Polygon","coordinates":[[[-76.30034901770524,3.050013951559647],[-76.25034878899116,3.050013951559647],[-76.25034878899116,3.1000141802737393],[-76.30034901770524,3.1000141802737393],[-76.30034901770524,3.050013951559647]]]}},{"type":"Feature","properties":{"v":5.93},"geometry":{"type":"Polygon","coordinates":[[[-76.25034878899116,3.050013951559647],[-76.20034856027706,3.050013951559647],[-76.20034856027706,3.1000141802737393],[-76.25034878899116,3.1000141802737393],[-76.25034878899116,3.050013951559647]]]}},{"type":"Feature","properties":{"v":7.62},"geometry":{"type":"Polygon","coordinates":[[[-76.20034856027706,3.050013951559647],[-76.15034833156297,3.050013951559647],[-76.15034833156297,3.1000141802737393],[-76.20034856027706,3.1000141802737393],[-76.20034856027706,3.050013951559647]]]}},{"type":"Feature","properties":{"v":8.05},"geometry":{"type":"Polygon","coordinates":[[[-76.15034833156297,3.050013951559647],[-76.10034810284888,3.050013951559647],[-76.10034810284888,3.1000141802737393],[-76.15034833156297,3.1000141802737393],[-76.15034833156297,3.050013951559647]]]}},{"type":"Feature","properties":{"v":7.38},"geometry":{"type":"Polygon","coordinates":[[[-76.10034810284888,3.050013951559647],[-76.05034787413479,3.050013951559647],[-76.05034787413479,3.1000141802737393],[-76.10034810284888,3.1000141802737393],[-76.10034810284888,3.050013951559647]]]}},{"type":"Feature","properties":{"v":7.08},"geometry":{"type":"Polygon","coordinates":[[[-76.05034787413479,3.050013951559647],[-76.00034764542069,3.050013951559647],[-76.00034764542069,3.1000141802737393],[-76.05034787413479,3.1000141802737393],[-76.05034787413479,3.050013951559647]]]}},{"type":"Feature","properties":{"v":8.65},"geometry":{"type":"Polygon","coordinates":[[[-76.00034764542069,3.050013951559647],[-75.9503474167066,3.050013951559647],[-75.9503474167066,3.1000141802737393],[-76.00034764542069,3.1000141802737393],[-76.00034764542069,3.050013951559647]]]}},{"type":"Feature","properties":{"v":9.03},"geometry":{"type":"Polygon","coordinates":[[[-75.9503474167066,3.050013951559647],[-75.90034718799251,3.050013951559647],[-75.90034718799251,3.1000141802737393],[-75.9503474167066,3.1000141802737393],[-75.9503474167066,3.050013951559647]]]}},{"type":"Feature","properties":{"v":8.89},"geometry":{"type":"Polygon","coordinates":[[[-75.90034718799251,3.050013951559647],[-75.85034695927841,3.050013951559647],[-75.85034695927841,3.1000141802737393],[-75.90034718799251,3.1000141802737393],[-75.90034718799251,3.050013951559647]]]}},{"type":"Feature","properties":{"v":7.17},"geometry":{"type":"Polygon","coordinates":[[[-75.85034695927841,3.050013951559647],[-75.80034673056433,3.050013951559647],[-75.80034673056433,3.1000141802737393],[-75.85034695927841,3.1000141802737393],[-75.85034695927841,3.050013951559647]]]}},{"type":"Feature","properties":{"v":6.39},"geometry":{"type":"Polygon","coordinates":[[[-75.80034673056433,3.050013951559647],[-75.75034650185023,3.050013951559647],[-75.75034650185023,3.1000141802737393],[-75.80034673056433,3.1000141802737393],[-75.80034673056433,3.050013951559647]]]}},{"type":"Feature","properties":{"v":8.11},"geometry":{"type":"Polygon","coordinates":[[[-75.75034650185023,3.050013951559647],[-75.70034627313613,3.050013951559647],[-75.70034627313613,3.1000141802737393],[-75.75034650185023,3.1000141802737393],[-75.75034650185023,3.050013951559647]]]}},{"type":"Feature","properties":{"v":6.82},"geometry":{"type":"Polygon","coordinates":[[[-75.70034627313613,3.050013951559647],[-75.65034604442205,3.050013951559647],[-75.65034604442205,3.1000141802737393],[-75.70034627313613,3.1000141802737393],[-75.70034627313613,3.050013951559647]]]}},{"type":"Feature","properties":{"v":7.75},"geometry":{"type":"Polygon","coordinates":[[[-75.65034604442205,3.050013951559647],[-75.60034581570795,3.050013951559647],[-75.60034581570795,3.1000141802737393],[-75.65034604442205,3.1000141802737393],[-75.65034604442205,3.050013951559647]]]}},{"type":"Feature","properties":{"v":6.12},"geometry":{"type":"Polygon","coordinates":[[[-75.60034581570795,3.050013951559647],[-75.55034558699386,3.050013951559647],[-75.55034558699386,3.1000141802737393],[-75.60034581570795,3.1000141802737393],[-75.60034581570795,3.050013951559647]]]}},{"type":"Feature","properties":{"v":0.0},"geometry":{"type":"Polygon","coordinates":[[[-75.55034558699386,3.050013951559647],[-75.50034535827977,3.050013951559647],[-75.50034535827977,3.1000141802737393],[-75.55034558699386,3.1000141802737393],[-75.55034558699386,3.050013951559647]]]}},{"type":"Feature","properties":{"v":0.0},"geometry":{"type":"Polygon","coordinates":[[[-75.50034535827977,3.050013951559647],[-75.45034512956568,3.050013951559647],[-75.45034512956568,3.1000141802737393],[-75.50034535827977,3.1000141802737393],[-75.50034535827977,3.050013951559647]]]}},{"type":"Feature","properties":{"v":0.0},"geometry":{"type":"Polygon","coordinates":[[[-75.45034512956568,3.050013951559647],[-75.40034490085158,3.050013951559647],[-75.40034490085158,3.1000141802737393],[-75.45034512956568,3.1000141802737393],[-75.45034512956568,3.050013951559647]]]}},{"type":"Feature","properties":{"v":0.0},"geometry":{"type":"Polygon","coordinates":[[[-75.40034490085158,3.050013951559647],[-75.3503446721375,3.050013951559647],[-75.3503446721375,3.1000141802737393],[-75.40034490085158,3.1000141802737393],[-75.40034490085158,3.050013951559647]]]}},{"type":"Feature","properties":{"v":0.0},"geometry":{"type":"Polygon","coordinates":[[[-75.3503446721375,3.050013951559647],[-75.3003444434234,3.050013951559647],[-75.3003444434234,3.1000141802737393],[-75.3503446721375,3.1000141802737393],[-75.3503446721375,3.050013951559647]]]}},{"type":"Feature","properties":{"v":1.55},"geometry":{"type":"Polygon","coordinates":[[[-75.3003444434234,3.050013951559647],[-75.2503442147093,3.050013951559647],[-75.2503442147093,3.1000141802737393],[-75.3003444434234,3.1000141802737393],[-75.3003444434234,3.050013951559647]]]}},{"type":"Feature","properties":{"v":1.62},"geometry":{"type":"Polygon","coordinates":[[[-75.2503442147093,3.050013951559647],[-75.20034398599522,3.050013951559647],[-75.20034398599522,3.1000141802737393],[-75.2503442147093,3.1000141802737393],[-75.2503442147093,3.050013951559647]]]}},{"type":"Feature","properties":{"v":0.0},"geometry":{"type":"Polygon","coordinates":[[[-75.20034398599522,3.050013951559647],[-75.15034375728112,3.050013951559647],[-75.15034375728112,3.1000141802737393],[-75.20034398599522,3.1000141802737393],[-75.20034398599522,3.050013951559647]]]}},{"type":"Feature","properties":{"v":0.0},"geometry":{"type":"Polygon","coordinates":[[[-75.15034375728112,3.050013951559647],[-75.10034352856702,3.050013951559647],[-75.10034352856702,3.1000141802737393],[-75.15034375728112,3.1000141802737393],[-75.15034375728112,3.050013951559647]]]}},{"type":"Feature","properties":{"v":171.36},"geometry":{"type":"Polygon","coordinates":[[[-77.70035542169984,3.000013722845554],[-77.65035519298574,3.000013722845554],[-77.65035519298574,3.050013951559647],[-77.70035542169984,3.050013951559647],[-77.70035542169984,3.000013722845554]]]}},{"type":"Feature","properties":{"v":159.7},"geometry":{"type":"Polygon","coordinates":[[[-77.65035519298574,3.000013722845554],[-77.60035496427166,3.000013722845554],[-77.60035496427166,3.050013951559647],[-77.65035519298574,3.050013951559647],[-77.65035519298574,3.000013722845554]]]}},{"type":"Feature","properties":{"v":150.08},"geometry":{"type":"Polygon","coordinates":[[[-77.60035496427166,3.000013722845554],[-77.55035473555756,3.000013722845554],[-77.55035473555756,3.050013951559647],[-77.60035496427166,3.050013951559647],[-77.60035496427166,3.000013722845554]]]}},{"type":"Feature","properties":{"v":150.06},"geometry":{"type":"Polygon","coordinates":[[[-77.55035473555756,3.000013722845554],[-77.50035450684346,3.000013722845554],[-77.50035450684346,3.050013951559647],[-77.55035473555756,3.050013951559647],[-77.55035473555756,3.000013722845554]]]}},{"type":"Feature","properties":{"v":139.08},"geometry":{"type":"Polygon","coordinates":[[[-77.50035450684346,3.000013722845554],[-77.45035427812938,3.000013722845554],[-77.45035427812938,3.050013951559647],[-77.50035450684346,3.050013951559647],[-77.50035450684346,3.000013722845554]]]}},{"type":"Feature","properties":{"v":134.82},"geometry":{"type":"Polygon","coordinates":[[[-77.45035427812938,3.000013722845554],[-77.40035404941528,3.000013722845554],[-77.40035404941528,3.050013951559647],[-77.45035427812938,3.050013951559647],[-77.45035427812938,3.000013722845554]]]}},{"type":"Feature","properties":{"v":123.98},"geometry":{"type":"Polygon","coordinates":[[[-77.40035404941528,3.000013722845554],[-77.35035382070119,3.000013722845554],[-77.35035382070119,3.050013951559647],[-77.40035404941528,3.050013951559647],[-77.40035404941528,3.000013722845554]]]}},{"type":"Feature","properties":{"v":115.38},"geometry":{"type":"Polygon","coordinates":[[[-77.35035382070119,3.000013722845554],[-77.3003535919871,3.000013722845554],[-77.3003535919871,3.050013951559647],[-77.35035382070119,3.050013951559647],[-77.35035382070119,3.000013722845554]]]}},{"type":"Feature","properties":{"v":102.73},"geometry":{"type":"Polygon","coordinates":[[[-77.3003535919871,3.000013722845554],[-77.250353363273,3.000013722845554],[-77.250353363273,3.050013951559647],[-77.3003535919871,3.050013951559647],[-77.3003535919871,3.000013722845554]]]}},{"type":"Feature","properties":{"v":92.3},"geometry":{"type":"Polygon","coordinates":[[[-77.250353363273,3.000013722845554],[-77.20035313455891,3.000013722845554],[-77.20035313455891,3.050013951559647],[-77.250353363273,3.050013951559647],[-77.250353363273,3.000013722845554]]]}},{"type":"Feature","properties":{"v":76.78},"geometry":{"type":"Polygon","coordinates":[[[-77.20035313455891,3.000013722845554],[-77.15035290584483,3.000013722845554],[-77.15035290584483,3.050013951559647],[-77.20035313455891,3.050013951559647],[-77.20035313455891,3.000013722845554]]]}},{"type":"Feature","properties":{"v":75.29},"geometry":{"type":"Polygon","coordinates":[[[-77.15035290584483,3.000013722845554],[-77.10035267713073,3.000013722845554],[-77.10035267713073,3.050013951559647],[-77.15035290584483,3.050013951559647],[-77.15035290584483,3.000013722845554]]]}},{"type":"Feature","properties":{"v":54.08},"geometry":{"type":"Polygon","coordinates":[[[-77.10035267713073,3.000013722845554],[-77.05035244841663,3.000013722845554],[-77.05035244841663,3.050013951559647],[-77.10035267713073,3.050013951559647],[-77.10035267713073,3.000013722845554]]]}},{"type":"Feature","properties":{"v":41.57},"geometry":{"type":"Polygon","coordinates":[[[-77.05035244841663,3.000013722845554],[-77.00035221970255,3.000013722845554],[-77.00035221970255,3.050013951559647],[-77.05035244841663,3.050013951559647],[-77.05035244841663,3.000013722845554]]]}},{"type":"Feature","properties":{"v":40.17},"geometry":{"type":"Polygon","coordinates":[[[-77.00035221970255,3.000013722845554],[-76.95035199098845,3.000013722845554],[-76.95035199098845,3.050013951559647],[-77.00035221970255,3.050013951559647],[-77.00035221970255,3.000013722845554]]]}},{"type":"Feature","properties":{"v":28.16},"geometry":{"type":"Polygon","coordinates":[[[-76.95035199098845,3.000013722845554],[-76.90035176227435,3.000013722845554],[-76.90035176227435,3.050013951559647],[-76.95035199098845,3.050013951559647],[-76.95035199098845,3.000013722845554]]]}},{"type":"Feature","properties":{"v":21.42},"geometry":{"type":"Polygon","coordinates":[[[-76.90035176227435,3.000013722845554],[-76.85035153356027,3.000013722845554],[-76.85035153356027,3.050013951559647],[-76.90035176227435,3.050013951559647],[-76.90035176227435,3.000013722845554]]]}},{"type":"Feature","properties":{"v":21.67},"geometry":{"type":"Polygon","coordinates":[[[-76.85035153356027,3.000013722845554],[-76.80035130484617,3.000013722845554],[-76.80035130484617,3.050013951559647],[-76.85035153356027,3.050013951559647],[-76.85035153356027,3.000013722845554]]]}},{"type":"Feature","properties":{"v":16.96},"geometry":{"type":"Polygon","coordinates":[[[-76.80035130484617,3.000013722845554],[-76.75035107613208,3.000013722845554],[-76.75035107613208,3.050013951559647],[-76.80035130484617,3.050013951559647],[-76.80035130484617,3.000013722845554]]]}},{"type":"Feature","properties":{"v":14.23},"geometry":{"type":"Polygon","coordinates":[[[-76.75035107613208,3.000013722845554],[-76.700350847418,3.000013722845554],[-76.700350847418,3.050013951559647],[-76.75035107613208,3.050013951559647],[-76.75035107613208,3.000013722845554]]]}},{"type":"Feature","properties":{"v":12.3},"geometry":{"type":"Polygon","coordinates":[[[-76.700350847418,3.000013722845554],[-76.6503506187039,3.000013722845554],[-76.6503506187039,3.050013951559647],[-76.700350847418,3.050013951559647],[-76.700350847418,3.000013722845554]]]}},{"type":"Feature","properties":{"v":7.41},"geometry":{"type":"Polygon","coordinates":[[[-76.6503506187039,3.000013722845554],[-76.6003503899898,3.000013722845554],[-76.6003503899898,3.050013951559647],[-76.6503506187039,3.050013951559647],[-76.6503506187039,3.000013722845554]]]}},{"type":"Feature","properties":{"v":5.92},"geometry":{"type":"Polygon","coordinates":[[[-76.6003503899898,3.000013722845554],[-76.55035016127572,3.000013722845554],[-76.55035016127572,3.050013951559647],[-76.6003503899898,3.050013951559647],[-76.6003503899898,3.000013722845554]]]}},{"type":"Feature","properties":{"v":6.07},"geometry":{"type":"Polygon","coordinates":[[[-76.55035016127572,3.000013722845554],[-76.50034993256162,3.000013722845554],[-76.50034993256162,3.050013951559647],[-76.55035016127572,3.050013951559647],[-76.55035016127572,3.000013722845554]]]}},{"type":"Feature","properties":{"v":6.12},"geometry":{"type":"Polygon","coordinates":[[[-76.50034993256162,3.000013722845554],[-76.45034970384752,3.000013722845554],[-76.45034970384752,3.050013951559647],[-76.50034993256162,3.050013951559647],[-76.50034993256162,3.000013722845554]]]}},{"type":"Feature","properties":{"v":4.21},"geometry":{"type":"Polygon","coordinates":[[[-76.45034970384752,3.000013722845554],[-76.40034947513344,3.000013722845554],[-76.40034947513344,3.050013951559647],[-76.45034970384752,3.050013951559647],[-76.45034970384752,3.000013722845554]]]}},{"type":"Feature","properties":{"v":4.03},"geometry":{"type":"Polygon","coordinates":[[[-76.40034947513344,3.000013722845554],[-76.35034924641934,3.000013722845554],[-76.35034924641934,3.050013951559647],[-76.40034947513344,3.050013951559647],[-76.40034947513344,3.000013722845554]]]}},{"type":"Feature","properties":{"v":4.52},"geometry":{"type":"Polygon","coordinates":[[[-76.35034924641934,3.000013722845554],[-76.30034901770524,3.000013722845554],[-76.30034901770524,3.050013951559647],[-76.35034924641934,3.050013951559647],[-76.35034924641934,3.000013722845554]]]}},{"type":"Feature","properties":{"v":4.46},"geometry":{"type":"Polygon","coordinates":[[[-76.30034901770524,3.000013722845554],[-76.25034878899116,3.000013722845554],[-76.25034878899116,3.050013951559647],[-76.30034901770524,3.050013951559647],[-76.30034901770524,3.000013722845554]]]}},{"type":"Feature","properties":{"v":6.13},"geometry":{"type":"Polygon","coordinates":[[[-76.25034878899116,3.000013722845554],[-76.20034856027706,3.000013722845554],[-76.20034856027706,3.050013951559647],[-76.25034878899116,3.050013951559647],[-76.25034878899116,3.000013722845554]]]}},{"type":"Feature","properties":{"v":6.83},"geometry":{"type":"Polygon","coordinates":[[[-76.20034856027706,3.000013722845554],[-76.15034833156297,3.000013722845554],[-76.15034833156297,3.050013951559647],[-76.20034856027706,3.050013951559647],[-76.20034856027706,3.000013722845554]]]}},{"type":"Feature","properties":{"v":8.07},"geometry":{"type":"Polygon","coordinates":[[[-76.15034833156297,3.000013722845554],[-76.10034810284888,3.000013722845554],[-76.10034810284888,3.050013951559647],[-76.15034833156297,3.050013951559647],[-76.15034833156297,3.000013722845554]]]}},{"type":"Feature","properties":{"v":9.58},"geometry":{"type":"Polygon","coordinates":[[[-76.10034810284888,3.000013722845554],[-76.05034787413479,3.000013722845554],[-76.05034787413479,3.050013951559647],[-76.10034810284888,3.050013951559647],[-76.10034810284888,3.000013722845554]]]}},{"type":"Feature","properties":{"v":8.81},"geometry":{"type":"Polygon","coordinates":[[[-76.05034787413479,3.000013722845554],[-76.00034764542069,3.000013722845554],[-76.00034764542069,3.050013951559647],[-76.05034787413479,3.050013951559647],[-76.05034787413479,3.000013722845554]]]}},{"type":"Feature","properties":{"v":9.34},"geometry":{"type":"Polygon","coordinates":[[[-76.00034764542069,3.000013722845554],[-75.9503474167066,3.000013722845554],[-75.9503474167066,3.050013951559647],[-76.00034764542069,3.050013951559647],[-76.00034764542069,3.000013722845554]]]}},{"type":"Feature","properties":{"v":11.68},"geometry":{"type":"Polygon","coordinates":[[[-75.9503474167066,3.000013722845554],[-75.90034718799251,3.000013722845554],[-75.90034718799251,3.050013951559647],[-75.9503474167066,3.050013951559647],[-75.9503474167066,3.000013722845554]]]}},{"type":"Feature","properties":{"v":10.83},"geometry":{"type":"Polygon","coordinates":[[[-75.90034718799251,3.000013722845554],[-75.85034695927841,3.000013722845554],[-75.85034695927841,3.050013951559647],[-75.90034718799251,3.050013951559647],[-75.90034718799251,3.000013722845554]]]}},{"type":"Feature","properties":{"v":9.45},"geometry":{"type":"Polygon","coordinates":[[[-75.85034695927841,3.000013722845554],[-75.80034673056433,3.000013722845554],[-75.80034673056433,3.050013951559647],[-75.85034695927841,3.050013951559647],[-75.85034695927841,3.000013722845554]]]}},{"type":"Feature","properties":{"v":8.65},"geometry":{"type":"Polygon","coordinates":[[[-75.80034673056433,3.000013722845554],[-75.75034650185023,3.000013722845554],[-75.75034650185023,3.050013951559647],[-75.80034673056433,3.050013951559647],[-75.80034673056433,3.000013722845554]]]}},{"type":"Feature","properties":{"v":9.52},"geometry":{"type":"Polygon","coordinates":[[[-75.75034650185023,3.000013722845554],[-75.70034627313613,3.000013722845554],[-75.70034627313613,3.050013951559647],[-75.75034650185023,3.050013951559647],[-75.75034650185023,3.000013722845554]]]}},{"type":"Feature","properties":{"v":6.9},"geometry":{"type":"Polygon","coordinates":[[[-75.70034627313613,3.000013722845554],[-75.65034604442205,3.000013722845554],[-75.65034604442205,3.050013951559647],[-75.70034627313613,3.050013951559647],[-75.70034627313613,3.000013722845554]]]}},{"type":"Feature","properties":{"v":7.09},"geometry":{"type":"Polygon","coordinates":[[[-75.65034604442205,3.000013722845554],[-75.60034581570795,3.000013722845554],[-75.60034581570795,3.050013951559647],[-75.65034604442205,3.050013951559647],[-75.65034604442205,3.000013722845554]]]}},{"type":"Feature","properties":{"v":0.0},"geometry":{"type":"Polygon","coordinates":[[[-75.60034581570795,3.000013722845554],[-75.55034558699386,3.000013722845554],[-75.55034558699386,3.050013951559647],[-75.60034581570795,3.050013951559647],[-75.60034581570795,3.000013722845554]]]}},{"type":"Feature","properties":{"v":0.0},"geometry":{"type":"Polygon","coordinates":[[[-75.55034558699386,3.000013722845554],[-75.50034535827977,3.000013722845554],[-75.50034535827977,3.050013951559647],[-75.55034558699386,3.050013951559647],[-75.55034558699386,3.000013722845554]]]}},{"type":"Feature","properties":{"v":0.0},"geometry":{"type":"Polygon","coordinates":[[[-75.50034535827977,3.000013722845554],[-75.45034512956568,3.000013722845554],[-75.45034512956568,3.050013951559647],[-75.50034535827977,3.050013951559647],[-75.50034535827977,3.000013722845554]]]}},{"type":"Feature","properties":{"v":3.01},"geometry":{"type":"Polygon","coordinates":[[[-75.45034512956568,3.000013722845554],[-75.40034490085158,3.000013722845554],[-75.40034490085158,3.050013951559647],[-75.45034512956568,3.050013951559647],[-75.45034512956568,3.000013722845554]]]}},{"type":"Feature","properties":{"v":1.96},"geometry":{"type":"Polygon","coordinates":[[[-75.40034490085158,3.000013722845554],[-75.3503446721375,3.000013722845554],[-75.3503446721375,3.050013951559647],[-75.40034490085158,3.050013951559647],[-75.40034490085158,3.000013722845554]]]}},{"type":"Feature","properties":{"v":1.78},"geometry":{"type":"Polygon","coordinates":[[[-75.3503446721375,3.000013722845554],[-75.3003444434234,3.000013722845554],[-75.3003444434234,3.050013951559647],[-75.3503446721375,3.050013951559647],[-75.3503446721375,3.000013722845554]]]}},{"type":"Feature","properties":{"v":0.0},"geometry":{"type":"Polygon","coordinates":[[[-75.3003444434234,3.000013722845554],[-75.2503442147093,3.000013722845554],[-75.2503442147093,3.050013951559647],[-75.3003444434234,3.050013951559647],[-75.3003444434234,3.000013722845554]]]}},{"type":"Feature","properties":{"v":0.0},"geometry":{"type":"Polygon","coordinates":[[[-75.2503442147093,3.000013722845554],[-75.20034398599522,3.000013722845554],[-75.20034398599522,3.050013951559647],[-75.2503442147093,3.050013951559647],[-75.2503442147093,3.000013722845554]]]}},{"type":"Feature","properties":{"v":0.0},"geometry":{"type":"Polygon","coordinates":[[[-75.20034398599522,3.000013722845554],[-75.15034375728112,3.000013722845554],[-75.15034375728112,3.050013951559647],[-75.20034398599522,3.050013951559647],[-75.20034398599522,3.000013722845554]]]}},{"type":"Feature","properties":{"v":0.0},"geometry":{"type":"Polygon","coordinates":[[[-75.15034375728112,3.000013722845554],[-75.10034352856702,3.000013722845554],[-75.10034352856702,3.050013951559647],[-75.15034375728112,3.050013951559647],[-75.15034375728112,3.000013722845554]]]}}]}