{"type":"FeatureCollection","features":[{"type":"Feature","properties":{"v":76.81},"geometry":{"type":"Polygon","coordinates":[[[-77.40035404941528,5.050023100123349],[-77.35035382070119,5.050023100123349],[-77.35035382070119,5.100023328837442],[-77.40035404941528,5.100023328837442],[-77.40035404941528,5.050023100123349]]]}},{"type":"Feature","properties":{"v":72.36},"geometry":{"type":"Polygon","coordinates":[[[-77.35035382070119,5.050023100123349],[-77.3003535919871,5.050023100123349],[-77.3003535919871,5.100023328837442],[-77.35035382070119,5.100023328837442],[-77.35035382070119,5.050023100123349]]]}},{"type":"Feature","properties":{"v":75.56},"geometry":{"type":"Polygon","coordinates":[[[-77.3003535919871,5.050023100123349],[-77.250353363273,5.050023100123349],[-77.250353363273,5.100023328837442],[-77.3003535919871,5.100023328837442],[-77.3003535919871,5.050023100123349]]]}},{"type":"Feature","properties":{"v":72.87},"geometry":{"type":"Polygon","coordinates":[[[-77.250353363273,5.050023100123349],[-77.20035313455891,5.050023100123349],[-77.20035313455891,5.100023328837442],[-77.250353363273,5.100023328837442],[-77.250353363273,5.050023100123349]]]}},{"type":"Feature","properties":{"v":77.27},"geometry":{"type":"Polygon","coordinates":[[[-77.20035313455891,5.050023100123349],[-77.15035290584483,5.050023100123349],[-77.15035290584483,5.100023328837442],[-77.20035313455891,5.100023328837442],[-77.20035313455891,5.050023100123349]]]}},{"type":"Feature","properties":{"v":75.87},"geometry":{"type":"Polygon","coordinates":[[[-77.15035290584483,5.050023100123349],[-77.10035267713073,5.050023100123349],[-77.10035267713073,5.100023328837442],[-77.15035290584483,5.100023328837442],[-77.15035290584483,5.050023100123349]]]}},{"type":"Feature","properties":{"v":76.31},"geometry":{"type":"Polygon","coordinates":[[[-77.10035267713073,5.050023100123349],[-77.05035244841663,5.050023100123349],[-77.05035244841663,5.100023328837442],[-77.10035267713073,5.100023328837442],[-77.10035267713073,5.050023100123349]]]}},{"type":"Feature","properties":{"v":77.73},"geometry":{"type":"Polygon","coordinates":[[[-77.05035244841663,5.050023100123349],[-77.00035221970255,5.050023100123349],[-77.00035221970255,5.100023328837442],[-77.05035244841663,5.100023328837442],[-77.05035244841663,5.050023100123349]]]}},{"type":"Feature","properties":{"v":73.48},"geometry":{"type":"Polygon","coordinates":[[[-77.00035221970255,5.050023100123349],[-76.95035199098845,5.050023100123349],[-76.95035199098845,5.100023328837442],[-77.00035221970255,5.100023328837442],[-77.00035221970255,5.050023100123349]]]}},{"type":"Feature","properties":{"v":74.75},"geometry":{"type":"Polygon","coordinates":[[[-76.95035199098845,5.050023100123349],[-76.90035176227435,5.050023100123349],[-76.90035176227435,5.100023328837442],[-76.95035199098845,5.100023328837442],[-76.95035199098845,5.050023100123349]]]}},{"type":"Feature","properties":{"v":75.76},"geometry":{"type":"Polygon","coordinates":[[[-76.90035176227435,5.050023100123349],[-76.85035153356027,5.050023100123349],[-76.85035153356027,5.100023328837442],[-76.90035176227435,5.100023328837442],[-76.90035176227435,5.050023100123349]]]}},{"type":"Feature","properties":{"v":74.55},"geometry":{"type":"Polygon","coordinates":[[[-76.85035153356027,5.050023100123349],[-76.80035130484617,5.050023100123349],[-76.80035130484617,5.100023328837442],[-76.85035153356027,5.100023328837442],[-76.85035153356027,5.050023100123349]]]}},{"type":"Feature","properties":{"v":73.72},"geometry":{"type":"Polygon","coordinates":[[[-76.80035130484617,5.050023100123349],[-76.75035107613208,5.050023100123349],[-76.75035107613208,5.100023328837442],[-76.80035130484617,5.100023328837442],[-76.80035130484617,5.050023100123349]]]}},{"type":"Feature","properties":{"v":72.64},"geometry":{"type":"Polygon","coordinates":[[[-76.75035107613208,5.050023100123349],[-76.700350847418,5.050023100123349],[-76.700350847418,5.100023328837442],[-76.75035107613208,5.100023328837442],[-76.75035107613208,5.050023100123349]]]}},{"type":"Feature","properties":{"v":71.11},"geometry":{"type":"Polygon","coordinates":[[[-76.700350847418,5.050023100123349],[-76.6503506187039,5.050023100123349],[-76.6503506187039,5.100023328837442],[-76.700350847418,5.100023328837442],[-76.700350847418,5.050023100123349]]]}},{"type":"Feature","properties":{"v":65.61},"geometry":{"type":"Polygon","coordinates":[[[-76.6503506187039,5.050023100123349],[-76.6003503899898,5.050023100123349],[-76.6003503899898,5.100023328837442],[-76.6503506187039,5.100023328837442],[-76.6503506187039,5.050023100123349]]]}},{"type":"Feature","properties":{"v":60.9},"geometry":{"type":"Polygon","coordinates":[[[-76.6003503899898,5.050023100123349],[-76.55035016127572,5.050023100123349],[-76.55035016127572,5.100023328837442],[-76.6003503899898,5.100023328837442],[-76.6003503899898,5.050023100123349]]]}},{"type":"Feature","properties":{"v":59.66},"geometry":{"type":"Polygon","coordinates":[[[-76.55035016127572,5.050023100123349],[-76.50034993256162,5.050023100123349],[-76.50034993256162,5.100023328837442],[-76.55035016127572,5.100023328837442],[-76.55035016127572,5.050023100123349]]]}},{"type":"Feature","properties":{"v":60.75},"geometry":{"type":"Polygon","coordinates":[[[-76.50034993256162,5.050023100123349],[-76.45034970384752,5.050023100123349],[-76.45034970384752,5.100023328837442],[-76.50034993256162,5.100023328837442],[-76.50034993256162,5.050023100123349]]]}},{"type":"Feature","properties":{"v":59.94},"geometry":{"type":"Polygon","coordinates":[[[-76.45034970384752,5.050023100123349],[-76.40034947513344,5.050023100123349],[-76.40034947513344,5.100023328837442],[-76.45034970384752,5.100023328837442],[-76.45034970384752,5.050023100123349]]]}},{"type":"Feature","properties":{"v":55.26},"geometry":{"type":"Polygon","coordinates":[[[-76.40034947513344,5.050023100123349],[-76.35034924641934,5.050023100123349],[-76.35034924641934,5.100023328837442],[-76.40034947513344,5.100023328837442],[-76.40034947513344,5.050023100123349]]]}},{"type":"Feature","properties":{"v":50.13},"geometry":{"type":"Polygon","coordinates":[[[-76.35034924641934,5.050023100123349],[-76.30034901770524,5.050023100123349],[-76.30034901770524,5.100023328837442],[-76.35034924641934,5.100023328837442],[-76.35034924641934,5.050023100123349]]]}},{"type":"Feature","properties":{"v":49.82},"geometry":{"type":"Polygon","coordinates":[[[-76.30034901770524,5.050023100123349],[-76.25034878899116,5.050023100123349],[-76.25034878899116,5.100023328837442],[-76.30034901770524,5.100023328837442],[-76.30034901770524,5.050023100123349]]]}},{"type":"Feature","properties":{"v":55.7},"geometry":{"type":"Polygon","coordinates":[[[-76.25034878899116,5.050023100123349],[-76.20034856027706,5.050023100123349],[-76.20034856027706,5.100023328837442],[-76.25034878899116,5.100023328837442],[-76.25034878899116,5.050023100123349]]]}},{"type":"Feature","properties":{"v":49.14},"geometry":{"type":"Polygon","coordinates":[[[-76.20034856027706,5.050023100123349],[-76.15034833156297,5.050023100123349],[-76.15034833156297,5.100023328837442],[-76.20034856027706,5.100023328837442],[-76.20034856027706,5.050023100123349]]]}},{"type":"Feature","properties":{"v":44.75},"geometry":{"type":"Polygon","coordinates":[[[-76.15034833156297,5.050023100123349],[-76.10034810284888,5.050023100123349],[-76.10034810284888,5.100023328837442],[-76.15034833156297,5.100023328837442],[-76.15034833156297,5.050023100123349]]]}},{"type":"Feature","properties":{"v":35.98},"geometry":{"type":"Polygon","coordinates":[[[-76.10034810284888,5.050023100123349],[-76.05034787413479,5.050023100123349],[-76.05034787413479,5.100023328837442],[-76.10034810284888,5.100023328837442],[-76.10034810284888,5.050023100123349]]]}},{"type":"Feature","properties":{"v":31.89},"geometry":{"type":"Polygon","coordinates":[[[-76.05034787413479,5.050023100123349],[-76.00034764542069,5.050023100123349],[-76.00034764542069,5.100023328837442],[-76.05034787413479,5.100023328837442],[-76.05034787413479,5.050023100123349]]]}},{"type":"Feature","properties":{"v":36.07},"geometry":{"type":"Polygon","coordinates":[[[-76.00034764542069,5.050023100123349],[-75.9503474167066,5.050023100123349],[-75.9503474167066,5.100023328837442],[-76.00034764542069,5.100023328837442],[-76.00034764542069,5.050023100123349]]]}},{"type":"Feature","properties":{"v":29.04},"geometry":{"type":"Polygon","coordinates":[[[-75.9503474167066,5.050023100123349],[-75.90034718799251,5.050023100123349],[-75.90034718799251,5.100023328837442],[-75.9503474167066,5.100023328837442],[-75.9503474167066,5.050023100123349]]]}},{"type":"Feature","properties":{"v":23.27},"geometry":{"type":"Polygon","coordinates":[[[-75.90034718799251,5.050023100123349],[-75.85034695927841,5.050023100123349],[-75.85034695927841,5.100023328837442],[-75.90034718799251,5.100023328837442],[-75.90034718799251,5.050023100123349]]]}},{"type":"Feature","properties":{"v":24.48},"geometry":{"type":"Polygon","coordinates":[[[-75.85034695927841,5.050023100123349],[-75.80034673056433,5.050023100123349],[-75.80034673056433,5.100023328837442],[-75.85034695927841,5.100023328837442],[-75.85034695927841,5.050023100123349]]]}},{"type":"Feature","properties":{"v":23.78},"geometry":{"type":"Polygon","coordinates":[[[-75.80034673056433,5.050023100123349],[-75.75034650185023,5.050023100123349],[-75.75034650185023,5.100023328837442],[-75.80034673056433,5.100023328837442],[-75.80034673056433,5.050023100123349]]]}},{"type":"Feature","properties":{"v":28.9},"geometry":{"type":"Polygon","coordinates":[[[-75.75034650185023,5.050023100123349],[-75.70034627313613,5.050023100123349],[-75.70034627313613,5.100023328837442],[-75.75034650185023,5.100023328837442],[-75.75034650185023,5.050023100123349]]]}},{"type":"Feature","properties":{"v":18.83},"geometry":{"type":"Polygon","coordinates":[[[-75.70034627313613,5.050023100123349],[-75.65034604442205,5.050023100123349],[-75.65034604442205,5.100023328837442],[-75.70034627313613,5.100023328837442],[-75.70034627313613,5.050023100123349]]]}},{"type":"Feature","properties":{"v":18.42},"geometry":{"type":"Polygon","coordinates":[[[-75.65034604442205,5.050023100123349],[-75.60034581570795,5.050023100123349],[-75.60034581570795,5.100023328837442],[-75.65034604442205,5.100023328837442],[-75.65034604442205,5.050023100123349]]]}},{"type":"Feature","properties":{"v":18.38},"geometry":{"type":"Polygon","coordinates":[[[-75.60034581570795,5.050023100123349],[-75.55034558699386,5.050023100123349],[-75.55034558699386,5.100023328837442],[-75.60034581570795,5.100023328837442],[-75.60034581570795,5.050023100123349]]]}},{"type":"Feature","properties":{"v":18.86},"geometry":{"type":"Polygon","coordinates":[[[-75.55034558699386,5.050023100123349],[-75.50034535827977,5.050023100123349],[-75.50034535827977,5.100023328837442],[-75.55034558699386,5.100023328837442],[-75.55034558699386,5.050023100123349]]]}},{"type":"Feature","properties":{"v":20.74},"geometry":{"type":"Polygon","coordinates":[[[-75.50034535827977,5.050023100123349],[-75.45034512956568,5.050023100123349],[-75.45034512956568,5.100023328837442],[-75.50034535827977,5.100023328837442],[-75.50034535827977,5.050023100123349]]]}},{"type":"Feature","properties":{"v":18.53},"geometry":{"type":"Polygon","coordinates":[[[-75.45034512956568,5.050023100123349],[-75.40034490085158,5.050023100123349],[-75.40034490085158,5.100023328837442],[-75.45034512956568,5.100023328837442],[-75.45034512956568,5.050023100123349]]]}},{"type":"Feature","properties":{"v":17.13},"geometry":{"type":"Polygon","coordinates":[[[-75.40034490085158,5.050023100123349],[-75.3503446721375,5.050023100123349],[-75.3503446721375,5.100023328837442],[-75.40034490085158,5.100023328837442],[-75.40034490085158,5.050023100123349]]]}},{"type":"Feature","properties":{"v":16.69},"geometry":{"type":"Polygon","coordinates":[[[-75.3503446721375,5.050023100123349],[-75.3003444434234,5.050023100123349],[-75.3003444434234,5.100023328837442],[-75.3503446721375,5.100023328837442],[-75.3503446721375,5.050023100123349]]]}},{"type":"Feature","properties":{"v":16.71},"geometry":{"type":"Polygon","coordinates":[[[-75.3003444434234,5.050023100123349],[-75.2503442147093,5.050023100123349],[-75.2503442147093,5.100023328837442],[-75.3003444434234,5.100023328837442],[-75.3003444434234,5.050023100123349]]]}},{"type":"Feature","properties":{"v":14.63},"geometry":{"type":"Polygon","coordinates":[[[-75.2503442147093,5.050023100123349],[-75.20034398599522,5.050023100123349],[-75.20034398599522,5.100023328837442],[-75.2503442147093,5.100023328837442],[-75.2503442147093,5.050023100123349]]]}},{"type":"Feature","properties":{"v":12.05},"geometry":{"type":"Polygon","coordinates":[[[-75.20034398599522,5.050023100123349],[-75.15034375728112,5.050023100123349],[-75.15034375728112,5.100023328837442],[-75.20034398599522,5.100023328837442],[-75.20034398599522,5.050023100123349]]]}},{"type":"Feature","properties":{"v":12.72},"geometry":{"type":"Polygon","coordinates":[[[-75.15034375728112,5.050023100123349],[-75.10034352856702,5.050023100123349],[-75.10034352856702,5.100023328837442],[-75.15034375728112,5.100023328837442],[-75.15034375728112,5.050023100123349]]]}},{"type":"Feature","properties":{"v":77.37},"geometry":{"type":"Polygon","coordinates":[[[-77.40035404941528,5.000022871409257],[-77.35035382070119,5.000022871409257],[-77.35035382070119,5.050023100123349],[-77.40035404941528,5.050023100123349],[-77.40035404941528,5.000022871409257]]]}},{"type":"Feature","properties":{"v":73.38},"geometry":{"type":"Polygon","coordinates":[[[-77.35035382070119,5.000022871409257],[-77.3003535919871,5.000022871409257],[-77.3003535919871,5.050023100123349],[-77.35035382070119,5.050023100123349],[-77.35035382070119,5.000022871409257]]]}},{"type":"Feature","properties":{"v":75.0},"geometry":{"type":"Polygon","coordinates":[[[-77.3003535919871,5.000022871409257],[-77.250353363273,5.000022871409257],[-77.250353363273,5.050023100123349],[-77.3003535919871,5.050023100123349],[-77.3003535919871,5.000022871409257]]]}},{"type":"Feature","properties":{"v":70.67},"geometry":{"type":"Polygon","coordinates":[[[-77.250353363273,5.000022871409257],[-77.20035313455891,5.000022871409257],[-77.20035313455891,5.050023100123349],[-77.250353363273,5.050023100123349],[-77.250353363273,5.000022871409257]]]}},{"type":"Feature","properties":{"v":73.52},"geometry":{"type":"Polygon","coordinates":[[[-77.20035313455891,5.000022871409257],[-77.15035290584483,5.000022871409257],[-77.15035290584483,5.050023100123349],[-77.20035313455891,5.050023100123349],[-77.20035313455891,5.000022871409257]]]}},{"type":"Feature","properties":{"v":73.45},"geometry":{"type":"Polygon","coordinates":[[[-77.15035290584483,5.000022871409257],[-77.10035267713073,5.000022871409257],[-77.10035267713073,5.050023100123349],[-77.15035290584483,5.050023100123349],[-77.15035290584483,5.000022871409257]]]}},{"type":"Feature","properties":{"v":73.93},"geometry":{"type":"Polygon","coordinates":[[[-77.10035267713073,5.000022871409257],[-77.05035244841663,5.000022871409257],[-77.05035244841663,5.050023100123349],[-77.10035267713073,5.050023100123349],[-77.10035267713073,5.000022871409257]]]}},{"type":"Feature","properties":{"v":73.74},"geometry":{"type":"Polygon","coordinates":[[[-77.05035244841663,5.000022871409257],[-77.00035221970255,5.000022871409257],[-77.00035221970255,5.050023100123349],[-77.05035244841663,5.050023100123349],[-77.05035244841663,5.000022871409257]]]}},{"type":"Feature","properties":{"v":69.86},"geometry":{"type":"Polygon","coordinates":[[[-77.00035221970255,5.000022871409257],[-76.95035199098845,5.000022871409257],[-76.95035199098845,5.050023100123349],[-77.00035221970255,5.050023100123349],[-77.00035221970255,5.000022871409257]]]}},{"type":"Feature","properties":{"v":71.06},"geometry":{"type":"Polygon","coordinates":[[[-76.95035199098845,5.000022871409257],[-76.90035176227435,5.000022871409257],[-76.90035176227435,5.050023100123349],[-76.95035199098845,5.050023100123349],[-76.95035199098845,5.000022871409257]]]}},{"type":"Feature","properties":{"v":71.59},"geometry":{"type":"Polygon","coordinates":[[[-76.90035176227435,5.000022871409257],[-76.85035153356027,5.000022871409257],[-76.85035153356027,5.050023100123349],[-76.90035176227435,5.050023100123349],[-76.90035176227435,5.000022871409257]]]}},{"type":"Feature","properties":{"v":71.73},"geometry":{"type":"Polygon","coordinates":[[[-76.85035153356027,5.000022871409257],[-76.80035130484617,5.000022871409257],[-76.80035130484617,5.050023100123349],[-76.85035153356027,5.050023100123349],[-76.85035153356027,5.000022871409257]]]}},{"type":"Feature","properties":{"v":70.28},"geometry":{"type":"Polygon","coordinates":[[[-76.80035130484617,5.000022871409257],[-76.75035107613208,5.000022871409257],[-76.75035107613208,5.050023100123349],[-76.80035130484617,5.050023100123349],[-76.80035130484617,5.000022871409257]]]}},{"type":"Feature","properties":{"v":67.62},"geometry":{"type":"Polygon","coordinates":[[[-76.75035107613208,5.000022871409257],[-76.700350847418,5.000022871409257],[-76.700350847418,5.050023100123349],[-76.75035107613208,5.050023100123349],[-76.75035107613208,5.000022871409257]]]}},{"type":"Feature","properties":{"v":62.85},"geometry":{"type":"Polygon","coordinates":[[[-76.700350847418,5.000022871409257],[-76.6503506187039,5.000022871409257],[-76.6503506187039,5.050023100123349],[-76.700350847418,5.050023100123349],[-76.700350847418,5.000022871409257]]]}},{"type":"Feature","properties":{"v":60.71},"geometry":{"type":"Polygon","coordinates":[[[-76.6503506187039,5.000022871409257],[-76.6003503899898,5.000022871409257],[-76.6003503899898,5.050023100123349],[-76.6503506187039,5.050023100123349],[-76.6503506187039,5.000022871409257]]]}},{"type":"Feature","properties":{"v":56.49},"geometry":{"type":"Polygon","coordinates":[[[-76.6003503899898,5.000022871409257],[-76.55035016127572,5.000022871409257],[-76.55035016127572,5.050023100123349],[-76.6003503899898,5.050023100123349],[-76.6003503899898,5.000022871409257]]]}},{"type":"Feature","properties":{"v":52.38},"geometry":{"type":"Polygon","coordinates":[[[-76.55035016127572,5.000022871409257],[-76.50034993256162,5.000022871409257],[-76.50034993256162,5.050023100123349],[-76.55035016127572,5.050023100123349],[-76.55035016127572,5.000022871409257]]]}},{"type":"Feature","properties":{"v":54.9},"geometry":{"type":"Polygon","coordinates":[[[-76.50034993256162,5.000022871409257],[-76.45034970384752,5.000022871409257],[-76.45034970384752,5.050023100123349],[-76.50034993256162,5.050023100123349],[-76.50034993256162,5.000022871409257]]]}},{"type":"Feature","properties":{"v":52.99},"geometry":{"type":"Polygon","coordinates":[[[-76.45034970384752,5.000022871409257],[-76.40034947513344,5.000022871409257],[-76.40034947513344,5.050023100123349],[-76.45034970384752,5.050023100123349],[-76.45034970384752,5.000022871409257]]]}},{"type":"Feature","properties":{"v":49.33},"geometry":{"type":"Polygon","coordinates":[[[-76.40034947513344,5.000022871409257],[-76.35034924641934,5.000022871409257],[-76.35034924641934,5.050023100123349],[-76.40034947513344,5.050023100123349],[-76.40034947513344,5.000022871409257]]]}},{"type":"Feature","properties":{"v":46.52},"geometry":{"type":"Polygon","coordinates":[[[-76.35034924641934,5.000022871409257],[-76.30034901770524,5.000022871409257],[-76.30034901770524,5.050023100123349],[-76.35034924641934,5.050023100123349],[-76.35034924641934,5.000022871409257]]]}},{"type":"Feature","properties":{"v":45.6},"geometry":{"type":"Polygon","coordinates":[[[-76.30034901770524,5.000022871409257],[-76.25034878899116,5.000022871409257],[-76.25034878899116,5.050023100123349],[-76.30034901770524,5.050023100123349],[-76.30034901770524,5.000022871409257]]]}},{"type":"Feature","properties":{"v":50.36},"geometry":{"type":"Polygon","coordinates":[[[-76.25034878899116,5.000022871409257],[-76.20034856027706,5.000022871409257],[-76.20034856027706,5.050023100123349],[-76.25034878899116,5.050023100123349],[-76.25034878899116,5.000022871409257]]]}},{"type":"Feature","properties":{"v":48.29},"geometry":{"type":"Polygon","coordinates":[[[-76.20034856027706,5.000022871409257],[-76.15034833156297,5.000022871409257],[-76.15034833156297,5.050023100123349],[-76.20034856027706,5.050023100123349],[-76.20034856027706,5.000022871409257]]]}},{"type":"Feature","properties":{"v":42.95},"geometry":{"type":"Polygon","coordinates":[[[-76.15034833156297,5.000022871409257],[-76.10034810284888,5.000022871409257],[-76.10034810284888,5.050023100123349],[-76.15034833156297,5.050023100123349],[-76.15034833156297,5.000022871409257]]]}},{"type":"Feature","properties":{"v":31.26},"geometry":{"type":"Polygon","coordinates":[[[-76.10034810284888,5.000022871409257],[-76.05034787413479,5.000022871409257],[-76.05034787413479,5.050023100123349],[-76.10034810284888,5.050023100123349],[-76.10034810284888,5.000022871409257]]]}},{"type":"Feature","properties":{"v":27.16},"geometry":{"type":"Polygon","coordinates":[[[-76.05034787413479,5.000022871409257],[-76.00034764542069,5.000022871409257],[-76.00034764542069,5.050023100123349],[-76.05034787413479,5.050023100123349],[-76.05034787413479,5.000022871409257]]]}},{"type":"Feature","properties":{"v":36.59},"geometry":{"type":"Polygon","coordinates":[[[-76.00034764542069,5.000022871409257],[-75.9503474167066,5.000022871409257],[-75.9503474167066,5.050023100123349],[-76.00034764542069,5.050023100123349],[-76.00034764542069,5.000022871409257]]]}},{"type":"Feature","properties":{"v":32.6},"geometry":{"type":"Polygon","coordinates":[[[-75.9503474167066,5.000022871409257],[-75.90034718799251,5.000022871409257],[-75.90034718799251,5.050023100123349],[-75.9503474167066,5.050023100123349],[-75.9503474167066,5.000022871409257]]]}},{"type":"Feature","properties":{"v":34.91},"geometry":{"type":"Polygon","coordinates":[[[-75.90034718799251,5.000022871409257],[-75.85034695927841,5.000022871409257],[-75.85034695927841,5.050023100123349],[-75.90034718799251,5.050023100123349],[-75.90034718799251,5.000022871409257]]]}},{"type":"Feature","properties":{"v":25.4},"geometry":{"type":"Polygon","coordinates":[[[-75.85034695927841,5.000022871409257],[-75.80034673056433,5.000022871409257],[-75.80034673056433,5.050023100123349],[-75.85034695927841,5.050023100123349],[-75.85034695927841,5.000022871409257]]]}},{"type":"Feature","properties":{"v":25.74},"geometry":{"type":"Polygon","coordinates":[[[-75.80034673056433,5.000022871409257],[-75.75034650185023,5.000022871409257],[-75.75034650185023,5.050023100123349],[-75.80034673056433,5.050023100123349],[-75.80034673056433,5.000022871409257]]]}},{"type":"Feature","properties":{"v":31.52},"geometry":{"type":"Polygon","coordinates":[[[-75.75034650185023,5.000022871409257],[-75.70034627313613,5.000022871409257],[-75.70034627313613,5.050023100123349],[-75.75034650185023,5.050023100123349],[-75.75034650185023,5.000022871409257]]]}},{"type":"Feature","properties":{"v":28.75},"geometry":{"type":"Polygon","coordinates":[[[-75.70034627313613,5.000022871409257],[-75.65034604442205,5.000022871409257],[-75.65034604442205,5.050023100123349],[-75.70034627313613,5.050023100123349],[-75.70034627313613,5.000022871409257]]]}},{"type":"Feature","properties":{"v":33.06},"geometry":{"type":"Polygon","coordinates":[[[-75.65034604442205,5.000022871409257],[-75.60034581570795,5.000022871409257],[-75.60034581570795,5.050023100123349],[-75.65034604442205,5.050023100123349],[-75.65034604442205,5.000022871409257]]]}},{"type":"Feature","properties":{"v":19.91},"geometry":{"type":"Polygon","coordinates":[[[-75.60034581570795,5.000022871409257],[-75.55034558699386,5.000022871409257],[-75.55034558699386,5.050023100123349],[-75.60034581570795,5.050023100123349],[-75.60034581570795,5.000022871409257]]]}},{"type":"Feature","properties":{"v":20.07},"geometry":{"type":"Polygon","coordinates":[[[-75.55034558699386,5.000022871409257],[-75.50034535827977,5.000022871409257],[-75.50034535827977,5.050023100123349],[-75.55034558699386,5.050023100123349],[-75.55034558699386,5.000022871409257]]]}},{"type":"Feature","properties":{"v":23.19},"geometry":{"type":"Polygon","coordinates":[[[-75.50034535827977,5.000022871409257],[-75.45034512956568,5.000022871409257],[-75.45034512956568,5.050023100123349],[-75.50034535827977,5.050023100123349],[-75.50034535827977,5.000022871409257]]]}},{"type":"Feature","properties":{"v":20.97},"geometry":{"type":"Polygon","coordinates":[[[-75.45034512956568,5.000022871409257],[-75.40034490085158,5.000022871409257],[-75.40034490085158,5.050023100123349],[-75.45034512956568,5.050023100123349],[-75.45034512956568,5.000022871409257]]]}},{"type":"Feature","properties":{"v":20.66},"geometry":{"type":"Polygon","coordinates":[[[-75.40034490085158,5.000022871409257],[-75.3503446721375,5.000022871409257],[-75.3503446721375,5.050023100123349],[-75.40034490085158,5.050023100123349],[-75.40034490085158,5.000022871409257]]]}},{"type":"Feature","properties":{"v":18.51},"geometry":{"type":"Polygon","coordinates":[[[-75.3503446721375,5.000022871409257],[-75.3003444434234,5.000022871409257],[-75.3003444434234,5.050023100123349],[-75.3503446721375,5.050023100123349],[-75.3503446721375,5.000022871409257]]]}},{"type":"Feature","properties":{"v":17.64},"geometry":{"type":"Polygon","coordinates":[[[-75.3003444434234,5.000022871409257],[-75.2503442147093,5.000022871409257],[-75.2503442147093,5.050023100123349],[-75.3003444434234,5.050023100123349],[-75.3003444434234,5.000022871409257]]]}},{"type":"Feature","properties":{"v":17.09},"geometry":{"type":"Polygon","coordinates":[[[-75.2503442147093,5.000022871409257],[-75.20034398599522,5.000022871409257],[-75.20034398599522,5.050023100123349],[-75.2503442147093,5.050023100123349],[-75.2503442147093,5.000022871409257]]]}},{"type":"Feature","properties":{"v":13.97},"geometry":{"type":"Polygon","coordinates":[[[-75.20034398599522,5.000022871409257],[-75.15034375728112,5.000022871409257],[-75.15034375728112,5.050023100123349],[-75.20034398599522,5.050023100123349],[-75.20034398599522,5.000022871409257]]]}},{"type":"Feature","properties":{"v":13.59},"geometry":{"type":"Polygon","coordinates":[[[-75.15034375728112,5.000022871409257],[-75.10034352856702,5.000022871409257],[-75.10034352856702,5.050023100123349],[-75.15034375728112,5.050023100123349],[-75.15034375728112,5.000022871409257]]]}},{"type":"Feature","properties":{"v":70.8},"geometry":{"type":"Polygon","coordinates":[[[-77.40035404941528,4.950022642695164],[-77.35035382070119,4.950022642695164],[-77.35035382070119,5.000022871409257],[-77.40035404941528,5.000022871409257],[-77.40035404941528,4.950022642695164]]]}},{"type":"Feature","properties":{"v":67.83},"geometry":{"type":"Polygon","coordinates":[[[-77.35035382070119,4.950022642695164],[-77.3003535919871,4.950022642695164],[-77.3003535919871,5.000022871409257],[-77.35035382070119,5.000022871409257],[-77.35035382070119,4.950022642695164]]]}},{"type":"Feature","properties":{"v":68.48},"geometry":{"type":"Polygon","coordinates":[[[-77.3003535919871,4.950022642695164],[-77.250353363273,4.950022642695164],[-77.250353363273,5.000022871409257],[-77.3003535919871,5.000022871409257],[-77.3003535919871,4.950022642695164]]]}},{"type":"Feature","properties":{"v":66.87},"geometry":{"type":"Polygon","coordinates":[[[-77.250353363273,4.950022642695164],[-77.20035313455891,4.950022642695164],[-77.20035313455891,5.000022871409257],[-77.250353363273,5.000022871409257],[-77.250353363273,4.950022642695164]]]}},{"type":"Feature","properties":{"v":66.33},"geometry":{"type":"Polygon","coordinates":[[[-77.20035313455891,4.950022642695164],[-77.15035290584483,4.950022642695164],[-77.15035290584483,5.000022871409257],[-77.20035313455891,5.000022871409257],[-77.20035313455891,4.950022642695164]]]}},{"type":"Feature","properties":{"v":66.8},"geometry":{"type":"Polygon","coordinates":[[[-77.15035290584483,4.950022642695164],[-77.10035267713073,4.950022642695164],[-77.10035267713073,5.000022871409257],[-77.15035290584483,5.000022871409257],[-77.15035290584483,4.950022642695164]]]}},{"type":"Feature","properties":{"v":65.38},"geometry":{"type":"Polygon","coordinates":[[[-77.10035267713073,4.950022642695164],[-77.05035244841663,4.950022642695164],[-77.05035244841663,5.000022871409257],[-77.10035267713073,5.000022871409257],[-77.10035267713073,4.950022642695164]]]}},{"type":"Feature","properties":{"v":65.92},"geometry":{"type":"Polygon","coordinates":[[[-77.05035244841663,4.950022642695164],[-77.00035221970255,4.950022642695164],[-77.00035221970255,5.000022871409257],[-77.05035244841663,5.000022871409257],[-77.05035244841663,4.950022642695164]]]}},{"type":"Feature","properties":{"v":68.68},"geometry":{"type":"Polygon","coordinates":[[[-77.00035221970255,4.950022642695164],[-76.95035199098845,4.950022642695164],[-76.95035199098845,5.000022871409257],[-77.00035221970255,5.000022871409257],[-77.00035221970255,4.950022642695164]]]}},{"type":"Feature","properties":{"v":67.93},"geometry":{"type":"Polygon","coordinates":[[[-76.95035199098845,4.950022642695164],[-76.90035176227435,4.950022642695164],[-76.90035176227435,5.000022871409257],[-76.95035199098845,5.000022871409257],[-76.95035199098845,4.950022642695164]]]}},{"type":"Feature","properties":{"v":65.69},"geometry":{"type":"Polygon","coordinates":[[[-76.90035176227435,4.950022642695164],[-76.85035153356027,4.950022642695164],[-76.85035153356027,5.000022871409257],[-76.90035176227435,5.000022871409257],[-76.90035176227435,4.950022642695164]]]}},{"type":"Feature","properties":{"v":64.19},"geometry":{"type":"Polygon","coordinates":[[[-76.85035153356027,4.950022642695164],[-76.80035130484617,4.950022642695164],[-76.80035130484617,5.000022871409257],[-76.85035153356027,5.000022871409257],[-76.85035153356027,4.950022642695164]]]}},{"type":"Feature","properties":{"v":63.32},"geometry":{"type":"Polygon","coordinates":[[[-76.80035130484617,4.950022642695164],[-76.75035107613208,4.950022642695164],[-76.75035107613208,5.000022871409257],[-76.80035130484617,5.000022871409257],[-76.80035130484617,4.950022642695164]]]}},{"type":"Feature","properties":{"v":60.58},"geometry":{"type":"Polygon","coordinates":[[[-76.75035107613208,4.950022642695164],[-76.700350847418,4.950022642695164],[-76.700350847418,5.000022871409257],[-76.75035107613208,5.000022871409257],[-76.75035107613208,4.950022642695164]]]}},{"type":"Feature","properties":{"v":58.69},"geometry":{"type":"Polygon","coordinates":[[[-76.700350847418,4.950022642695164],[-76.6503506187039,4.950022642695164],[-76.6503506187039,5.000022871409257],[-76.700350847418,5.000022871409257],[-76.700350847418,4.950022642695164]]]}},{"type":"Feature","properties":{"v":54.61},"geometry":{"type":"Polygon","coordinates":[[[-76.6503506187039,4.950022642695164],[-76.6003503899898,4.950022642695164],[-76.6003503899898,5.000022871409257],[-76.6503506187039,5.000022871409257],[-76.6503506187039,4.950022642695164]]]}},{"type":"Feature","properties":{"v":53.01},"geometry":{"type":"Polygon","coordinates":[[[-76.6003503899898,4.950022642695164],[-76.55035016127572,4.950022642695164],[-76.55035016127572,5.000022871409257],[-76.6003503899898,5.000022871409257],[-76.6003503899898,4.950022642695164]]]}},{"type":"Feature","properties":{"v":50.49},"geometry":{"type":"Polygon","coordinates":[[[-76.55035016127572,4.950022642695164],[-76.50034993256162,4.950022642695164],[-76.50034993256162,5.000022871409257],[-76.55035016127572,5.000022871409257],[-76.55035016127572,4.950022642695164]]]}},{"type":"Feature","properties":{"v":50.72},"geometry":{"type":"Polygon","coordinates":[[[-76.50034993256162,4.950022642695164],[-76.45034970384752,4.950022642695164],[-76.45034970384752,5.000022871409257],[-76.50034993256162,5.000022871409257],[-76.50034993256162,4.950022642695164]]]}},{"type":"Feature","properties":{"v":51.52},"geometry":{"type":"Polygon","coordinates":[[[-76.45034970384752,4.950022642695164],[-76.40034947513344,4.950022642695164],[-76.40034947513344,5.000022871409257],[-76.45034970384752,5.000022871409257],[-76.45034970384752,4.950022642695164]]]}},{"type":"Feature","properties":{"v":46.46},"geometry":{"type":"Polygon","coordinates":[[[-76.40034947513344,4.950022642695164],[-76.35034924641934,4.950022642695164],[-76.35034924641934,5.000022871409257],[-76.40034947513344,5.000022871409257],[-76.40034947513344,4.950022642695164]]]}},{"type":"Feature","properties":{"v":44.9},"geometry":{"type":"Polygon","coordinates":[[[-76.35034924641934,4.950022642695164],[-76.30034901770524,4.950022642695164],[-76.30034901770524,5.000022871409257],[-76.35034924641934,5.000022871409257],[-76.35034924641934,4.950022642695164]]]}},{"type":"Feature","properties":{"v":43.44},"geometry":{"type":"Polygon","coordinates":[[[-76.30034901770524,4.950022642695164],[-76.25034878899116,4.950022642695164],[-76.25034878899116,5.000022871409257],[-76.30034901770524,5.000022871409257],[-76.30034901770524,4.950022642695164]]]}},{"type":"Feature","properties":{"v":47.92},"geometry":{"type":"Polygon","coordinates":[[[-76.25034878899116,4.950022642695164],[-76.20034856027706,4.950022642695164],[-76.20034856027706,5.000022871409257],[-76.25034878899116,5.000022871409257],[-76.25034878899116,4.950022642695164]]]}},{"type":"Feature","properties":{"v":47.32},"geometry":{"type":"Polygon","coordinates":[[[-76.20034856027706,4.950022642695164],[-76.15034833156297,4.950022642695164],[-76.15034833156297,5.000022871409257],[-76.20034856027706,5.000022871409257],[-76.20034856027706,4.950022642695164]]]}},{"type":"Feature","properties":{"v":40.77},"geometry":{"type":"Polygon","coordinates":[[[-76.15034833156297,4.950022642695164],[-76.10034810284888,4.950022642695164],[-76.10034810284888,5.000022871409257],[-76.15034833156297,5.000022871409257],[-76.15034833156297,4.950022642695164]]]}},{"type":"Feature","properties":{"v":35.07},"geometry":{"type":"Polygon","coordinates":[[[-76.10034810284888,4.950022642695164],[-76.05034787413479,4.950022642695164],[-76.05034787413479,5.000022871409257],[-76.10034810284888,5.000022871409257],[-76.10034810284888,4.950022642695164]]]}},{"type":"Feature","properties":{"v":30.89},"geometry":{"type":"Polygon","coordinates":[[[-76.05034787413479,4.950022642695164],[-76.00034764542069,4.950022642695164],[-76.00034764542069,5.000022871409257],[-76.05034787413479,5.000022871409257],[-76.05034787413479,4.950022642695164]]]}},{"type":"Feature","properties":{"v":35.32},"geometry":{"type":"Polygon","coordinates":[[[-76.00034764542069,4.950022642695164],[-75.9503474167066,4.950022642695164],[-75.9503474167066,5.000022871409257],[-76.00034764542069,5.000022871409257],[-76.00034764542069,4.950022642695164]]]}},{"type":"Feature","properties":{"v":38.23},"geometry":{"type":"Polygon","coordinates":[[[-75.9503474167066,4.950022642695164],[-75.90034718799251,4.950022642695164],[-75.90034718799251,5.000022871409257],[-75.9503474167066,5.000022871409257],[-75.9503474167066,4.950022642695164]]]}},{"type":"Feature","properties":{"v":36.76},"geometry":{"type":"Polygon","coordinates":[[[-75.90034718799251,4.950022642695164],[-75.85034695927841,4.950022642695164],[-75.85034695927841,5.000022871409257],[-75.90034718799251,5.000022871409257],[-75.90034718799251,4.950022642695164]]]}},{"type":"Feature","properties":{"v":30.28},"geometry":{"type":"Polygon","coordinates":[[[-75.85034695927841,4.950022642695164],[-75.80034673056433,4.950022642695164],[-75.80034673056433,5.000022871409257],[-75.85034695927841,5.000022871409257],[-75.85034695927841,4.950022642695164]]]}},{"type":"Feature","properties":{"v":26.64},"geometry":{"type":"Polygon","coordinates":[[[-75.80034673056433,4.950022642695164],[-75.75034650185023,4.950022642695164],[-75.75034650185023,5.000022871409257],[-75.80034673056433,5.000022871409257],[-75.80034673056433,4.950022642695164]]]}},{"type":"Feature","properties":{"v":32.5},"geometry":{"type":"Polygon","coordinates":[[[-75.75034650185023,4.950022642695164],[-75.70034627313613,4.950022642695164],[-75.70034627313613,5.000022871409257],[-75.75034650185023,5.000022871409257],[-75.75034650185023,4.950022642695164]]]}},{"type":"Feature","properties":{"v":32.36},"geometry":{"type":"Polygon","coordinates":[[[-75.70034627313613,4.950022642695164],[-75.65034604442205,4.950022642695164],[-75.65034604442205,5.000022871409257],[-75.70034627313613,5.000022871409257],[-75.70034627313613,4.950022642695164]]]}},{"type":"Feature","properties":{"v":32.77},"geometry":{"type":"Polygon","coordinates":[[[-75.65034604442205,4.950022642695164],[-75.60034581570795,4.950022642695164],[-75.60034581570795,5.000022871409257],[-75.65034604442205,5.000022871409257],[-75.65034604442205,4.950022642695164]]]}},{"type":"Feature","properties":{"v":20.63},"geometry":{"type":"Polygon","coordinates":[[[-75.60034581570795,4.950022642695164],[-75.55034558699386,4.950022642695164],[-75.55034558699386,5.000022871409257],[-75.60034581570795,5.000022871409257],[-75.60034581570795,4.950022642695164]]]}},{"type":"Feature","properties":{"v":19.46},"geometry":{"type":"Polygon","coordinates":[[[-75.55034558699386,4.950022642695164],[-75.50034535827977,4.950022642695164],[-75.50034535827977,5.000022871409257],[-75.55034558699386,5.000022871409257],[-75.55034558699386,4.950022642695164]]]}},{"type":"Feature","properties":{"v":23.47},"geometry":{"type":"Polygon","coordinates":[[[-75.50034535827977,4.950022642695164],[-75.45034512956568,4.950022642695164],[-75.45034512956568,5.000022871409257],[-75.50034535827977,5.000022871409257],[-75.50034535827977,4.950022642695164]]]}},{"type":"Feature","properties":{"v":21.42},"geometry":{"type":"Polygon","coordinates":[[[-75.45034512956568,4.950022642695164],[-75.40034490085158,4.950022642695164],[-75.40034490085158,5.000022871409257],[-75.45034512956568,5.000022871409257],[-75.45034512956568,4.950022642695164]]]}},{"type":"Feature","properties":{"v":21.27},"geometry":{"type":"Polygon","coordinates":[[[-75.40034490085158,4.950022642695164],[-75.3503446721375,4.950022642695164],[-75.3503446721375,5.000022871409257],[-75.40034490085158,5.000022871409257],[-75.40034490085158,4.950022642695164]]]}},{"type":"Feature","properties":{"v":20.05},"geometry":{"type":"Polygon","coordinates":[[[-75.3503446721375,4.950022642695164],[-75.3003444434234,4.950022642695164],[-75.3003444434234,5.000022871409257],[-75.3503446721375,5.000022871409257],[-75.3503446721375,4.950022642695164]]]}},{"type":"Feature","properties":{"v":19.38},"geometry":{"type":"Polygon","coordinates":[[[-75.3003444434234,4.950022642695164],[-75.2503442147093,4.950022642695164],[-75.2503442147093,5.000022871409257],[-75.3003444434234,5.000022871409257],[-75.3003444434234,4.950022642695164]]]}},{"type":"Feature","properties":{"v":17.09},"geometry":{"type":"Polygon","coordinates":[[[-75.2503442147093,4.950022642695164],[-75.20034398599522,4.950022642695164],[-75.20034398599522,5.000022871409257],[-75.2503442147093,5.000022871409257],[-75.2503442147093,4.950022642695164]]]}},{"type":"Feature","properties":{"v":15.64},"geometry":{"type":"Polygon","coordinates":[[[-75.20034398599522,4.950022642695164],[-75.15034375728112,4.950022642695164],[-75.15034375728112,5.000022871409257],[-75.20034398599522,5.000022871409257],[-75.20034398599522,4.950022642695164]]]}},{"type":"Feature","properties":{"v":14.25},"geometry":{"type":"Polygon","coordinates":[[[-75.15034375728112,4.950022642695164],[-75.10034352856702,4.950022642695164],[-75.10034352856702,5.000022871409257],[-75.15034375728112,5.000022871409257],[-75.15034375728112,4.950022642695164]]]}},{"type":"Feature","properties":{"v":65.72},"geometry":{"type":"Polygon","coordinates":[[[-77.40035404941528,4.9000224139810715],[-77.35035382070119,4.9000224139810715],[-77.35035382070119,4.950022642695164],[-77.40035404941528,4.950022642695164],[-77.40035404941528,4.9000224139810715]]]}},{"type":"Feature","properties":{"v":65.22},"geometry":{"type":"Polygon","coordinates":[[[-77.35035382070119,4.9000224139810715],[-77.3003535919871,4.9000224139810715],[-77.3003535919871,4.950022642695164],[-77.35035382070119,4.950022642695164],[-77.35035382070119,4.9000224139810715]]]}},{"type":"Feature","properties":{"v":65.27},"geometry":{"type":"Polygon","coordinates":[[[-77.3003535919871,4.9000224139810715],[-77.250353363273,4.9000224139810715],[-77.250353363273,4.950022642695164],[-77.3003535919871,4.950022642695164],[-77.3003535919871,4.9000224139810715]]]}},{"type":"Feature","properties":{"v":66.01},"geometry":{"type":"Polygon","coordinates":[[[-77.250353363273,4.9000224139810715],[-77.20035313455891,4.9000224139810715],[-77.20035313455891,4.950022642695164],[-77.250353363273,4.950022642695164],[-77.250353363273,4.9000224139810715]]]}},{"type":"Feature","properties":{"v":64.53},"geometry":{"type":"Polygon","coordinates":[[[-77.20035313455891,4.9000224139810715],[-77.15035290584483,4.9000224139810715],[-77.15035290584483,4.950022642695164],[-77.20035313455891,4.950022642695164],[-77.20035313455891,4.9000224139810715]]]}},{"type":"Feature","properties":{"v":65.49},"geometry":{"type":"Polygon","coordinates":[[[-77.15035290584483,4.9000224139810715],[-77.10035267713073,4.9000224139810715],[-77.10035267713073,4.950022642695164],[-77.15035290584483,4.950022642695164],[-77.15035290584483,4.9000224139810715]]]}},{"type":"Feature","properties":{"v":64.87},"geometry":{"type":"Polygon","coordinates":[[[-77.10035267713073,4.9000224139810715],[-77.05035244841663,4.9000224139810715],[-77.05035244841663,4.950022642695164],[-77.10035267713073,4.950022642695164],[-77.10035267713073,4.9000224139810715]]]}},{"type":"Feature","properties":{"v":63.23},"geometry":{"type":"Polygon","coordinates":[[[-77.05035244841663,4.9000224139810715],[-77.00035221970255,4.9000224139810715],[-77.00035221970255,4.950022642695164],[-77.05035244841663,4.950022642695164],[-77.05035244841663,4.9000224139810715]]]}},{"type":"Feature","properties":{"v":64.23},"geometry":{"type":"Polygon","coordinates":[[[-77.00035221970255,4.9000224139810715],[-76.95035199098845,4.9000224139810715],[-76.95035199098845,4.950022642695164],[-77.00035221970255,4.950022642695164],[-77.00035221970255,4.9000224139810715]]]}},{"type":"Feature","properties":{"v":64.07},"geometry":{"type":"Polygon","coordinates":[[[-76.95035199098845,4.9000224139810715],[-76.90035176227435,4.9000224139810715],[-76.90035176227435,4.950022642695164],[-76.95035199098845,4.950022642695164],[-76.95035199098845,4.9000224139810715]]]}},{"type":"Feature","properties":{"v":58.37},"geometry":{"type":"Polygon","coordinates":[[[-76.90035176227435,4.9000224139810715],[-76.85035153356027,4.9000224139810715],[-76.85035153356027,4.950022642695164],[-76.90035176227435,4.950022642695164],[-76.90035176227435,4.9000224139810715]]]}},{"type":"Feature","properties":{"v":58.75},"geometry":{"type":"Polygon","coordinates":[[[-76.85035153356027,4.9000224139810715],[-76.80035130484617,4.9000224139810715],[-76.80035130484617,4.950022642695164],[-76.85035153356027,4.950022642695164],[-76.85035153356027,4.9000224139810715]]]}},{"type":"Feature","properties":{"v":55.66},"geometry":{"type":"Polygon","coordinates":[[[-76.80035130484617,4.9000224139810715],[-76.75035107613208,4.9000224139810715],[-76.75035107613208,4.950022642695164],[-76.80035130484617,4.950022642695164],[-76.80035130484617,4.9000224139810715]]]}},{"type":"Feature","properties":{"v":53.62},"geometry":{"type":"Polygon","coordinates":[[[-76.75035107613208,4.9000224139810715],[-76.700350847418,4.9000224139810715],[-76.700350847418,4.950022642695164],[-76.75035107613208,4.950022642695164],[-76.75035107613208,4.9000224139810715]]]}},{"type":"Feature","properties":{"v":52.28},"geometry":{"type":"Polygon","coordinates":[[[-76.700350847418,4.9000224139810715],[-76.6503506187039,4.9000224139810715],[-76.6503506187039,4.950022642695164],[-76.700350847418,4.950022642695164],[-76.700350847418,4.9000224139810715]]]}},{"type":"Feature","properties":{"v":51.7},"geometry":{"type":"Polygon","coordinates":[[[-76.6503506187039,4.9000224139810715],[-76.6003503899898,4.9000224139810715],[-76.6003503899898,4.950022642695164],[-76.6503506187039,4.950022642695164],[-76.6503506187039,4.9000224139810715]]]}},{"type":"Feature","properties":{"v":48.62},"geometry":{"type":"Polygon","coordinates":[[[-76.6003503899898,4.9000224139810715],[-76.55035016127572,4.9000224139810715],[-76.55035016127572,4.950022642695164],[-76.6003503899898,4.950022642695164],[-76.6003503899898,4.9000224139810715]]]}},{"type":"Feature","properties":{"v":45.6},"geometry":{"type":"Polygon","coordinates":[[[-76.55035016127572,4.9000224139810715],[-76.50034993256162,4.9000224139810715],[-76.50034993256162,4.950022642695164],[-76.55035016127572,4.950022642695164],[-76.55035016127572,4.9000224139810715]]]}},{"type":"Feature","properties":{"v":46.45},"geometry":{"type":"Polygon","coordinates":[[[-76.50034993256162,4.9000224139810715],[-76.45034970384752,4.9000224139810715],[-76.45034970384752,4.950022642695164],[-76.50034993256162,4.950022642695164],[-76.50034993256162,4.9000224139810715]]]}},{"type":"Feature","properties":{"v":45.99},"geometry":{"type":"Polygon","coordinates":[[[-76.45034970384752,4.9000224139810715],[-76.40034947513344,4.9000224139810715],[-76.40034947513344,4.950022642695164],[-76.45034970384752,4.950022642695164],[-76.45034970384752,4.9000224139810715]]]}},{"type":"Feature","properties":{"v":43.31},"geometry":{"type":"Polygon","coordinates":[[[-76.40034947513344,4.9000224139810715],[-76.35034924641934,4.9000224139810715],[-76.35034924641934,4.950022642695164],[-76.40034947513344,4.950022642695164],[-76.40034947513344,4.9000224139810715]]]}},{"type":"Feature","properties":{"v":42.49},"geometry":{"type":"Polygon","coordinates":[[[-76.35034924641934,4.9000224139810715],[-76.30034901770524,4.9000224139810715],[-76.30034901770524,4.950022642695164],[-76.35034924641934,4.950022642695164],[-76.35034924641934,4.9000224139810715]]]}},{"type":"Feature","properties":{"v":41.57},"geometry":{"type":"Polygon","coordinates":[[[-76.30034901770524,4.9000224139810715],[-76.25034878899116,4.9000224139810715],[-76.25034878899116,4.950022642695164],[-76.30034901770524,4.950022642695164],[-76.30034901770524,4.9000224139810715]]]}},{"type":"Feature","properties":{"v":45.26},"geometry":{"type":"Polygon","coordinates":[[[-76.25034878899116,4.9000224139810715],[-76.20034856027706,4.9000224139810715],[-76.20034856027706,4.950022642695164],[-76.25034878899116,4.950022642695164],[-76.25034878899116,4.9000224139810715]]]}},{"type":"Feature","properties":{"v":45.39},"geometry":{"type":"Polygon","coordinates":[[[-76.20034856027706,4.9000224139810715],[-76.15034833156297,4.9000224139810715],[-76.15034833156297,4.950022642695164],[-76.20034856027706,4.950022642695164],[-76.20034856027706,4.9000224139810715]]]}},{"type":"Feature","properties":{"v":39.41},"geometry":{"type":"Polygon","coordinates":[[[-76.15034833156297,4.9000224139810715],[-76.10034810284888,4.9000224139810715],[-76.10034810284888,4.950022642695164],[-76.15034833156297,4.950022642695164],[-76.15034833156297,4.9000224139810715]]]}},{"type":"Feature","properties":{"v":38.81},"geometry":{"type":"Polygon","coordinates":[[[-76.10034810284888,4.9000224139810715],[-76.05034787413479,4.9000224139810715],[-76.05034787413479,4.950022642695164],[-76.10034810284888,4.950022642695164],[-76.10034810284888,4.9000224139810715]]]}},{"type":"Feature","properties":{"v":32.42},"geometry":{"type":"Polygon","coordinates":[[[-76.05034787413479,4.9000224139810715],[-76.00034764542069,4.9000224139810715],[-76.00034764542069,4.950022642695164],[-76.05034787413479,4.950022642695164],[-76.05034787413479,4.9000224139810715]]]}},{"type":"Feature","properties":{"v":37.69},"geometry":{"type":"Polygon","coordinates":[[[-76.00034764542069,4.9000224139810715],[-75.9503474167066,4.9000224139810715],[-75.9503474167066,4.950022642695164],[-76.00034764542069,4.950022642695164],[-76.00034764542069,4.9000224139810715]]]}},{"type":"Feature","properties":{"v":36.75},"geometry":{"type":"Polygon","coordinates":[[[-75.9503474167066,4.9000224139810715],[-75.90034718799251,4.9000224139810715],[-75.90034718799251,4.950022642695164],[-75.9503474167066,4.950022642695164],[-75.9503474167066,4.9000224139810715]]]}},{"type":"Feature","properties":{"v":35.44},"geometry":{"type":"Polygon","coordinates":[[[-75.90034718799251,4.9000224139810715],[-75.85034695927841,4.9000224139810715],[-75.85034695927841,4.950022642695164],[-75.90034718799251,4.950022642695164],[-75.90034718799251,4.9000224139810715]]]}},{"type":"Feature","properties":{"v":32.13},"geometry":{"type":"Polygon","coordinates":[[[-75.85034695927841,4.9000224139810715],[-75.80034673056433,4.9000224139810715],[-75.80034673056433,4.950022642695164],[-75.85034695927841,4.950022642695164],[-75.85034695927841,4.9000224139810715]]]}},{"type":"Feature","properties":{"v":30.99},"geometry":{"type":"Polygon","coordinates":[[[-75.80034673056433,4.9000224139810715],[-75.75034650185023,4.9000224139810715],[-75.75034650185023,4.950022642695164],[-75.80034673056433,4.950022642695164],[-75.80034673056433,4.9000224139810715]]]}},{"type":"Feature","properties":{"v":36.71},"geometry":{"type":"Polygon","coordinates":[[[-75.75034650185023,4.9000224139810715],[-75.70034627313613,4.9000224139810715],[-75.70034627313613,4.950022642695164],[-75.75034650185023,4.950022642695164],[-75.75034650185023,4.9000224139810715]]]}},{"type":"Feature","properties":{"v":38.0},"geometry":{"type":"Polygon","coordinates":[[[-75.70034627313613,4.9000224139810715],[-75.65034604442205,4.9000224139810715],[-75.65034604442205,4.950022642695164],[-75.70034627313613,4.950022642695164],[-75.70034627313613,4.9000224139810715]]]}},{"type":"Feature","properties":{"v":39.03},"geometry":{"type":"Polygon","coordinates":[[[-75.65034604442205,4.9000224139810715],[-75.60034581570795,4.9000224139810715],[-75.60034581570795,4.950022642695164],[-75.65034604442205,4.950022642695164],[-75.65034604442205,4.9000224139810715]]]}},{"type":"Feature","properties":{"v":21.21},"geometry":{"type":"Polygon","coordinates":[[[-75.60034581570795,4.9000224139810715],[-75.55034558699386,4.9000224139810715],[-75.55034558699386,4.950022642695164],[-75.60034581570795,4.950022642695164],[-75.60034581570795,4.9000224139810715]]]}},{"type":"Feature","properties":{"v":21.52},"geometry":{"type":"Polygon","coordinates":[[[-75.55034558699386,4.9000224139810715],[-75.50034535827977,4.9000224139810715],[-75.50034535827977,4.950022642695164],[-75.55034558699386,4.950022642695164],[-75.55034558699386,4.9000224139810715]]]}},{"type":"Feature","properties":{"v":23.63},"geometry":{"type":"Polygon","coordinates":[[[-75.50034535827977,4.9000224139810715],[-75.45034512956568,4.9000224139810715],[-75.45034512956568,4.950022642695164],[-75.50034535827977,4.950022642695164],[-75.50034535827977,4.9000224139810715]]]}},{"type":"Feature","properties":{"v":21.65},"geometry":{"type":"Polygon","coordinates":[[[-75.45034512956568,4.9000224139810715],[-75.40034490085158,4.9000224139810715],[-75.40034490085158,4.950022642695164],[-75.45034512956568,4.950022642695164],[-75.45034512956568,4.9000224139810715]]]}},{"type":"Feature","properties":{"v":22.24},"geometry":{"type":"Polygon","coordinates":[[[-75.40034490085158,4.9000224139810715],[-75.3503446721375,4.9000224139810715],[-75.3503446721375,4.950022642695164],[-75.40034490085158,4.950022642695164],[-75.40034490085158,4.9000224139810715]]]}},{"type":"Feature","properties":{"v":22.19},"geometry":{"type":"Polygon","coordinates":[[[-75.3503446721375,4.9000224139810715],[-75.3003444434234,4.9000224139810715],[-75.3003444434234,4.950022642695164],[-75.3503446721375,4.950022642695164],[-75.3503446721375,4.9000224139810715]]]}},{"type":"Feature","properties":{"v":18.47},"geometry":{"type":"Polygon","coordinates":[[[-75.3003444434234,4.9000224139810715],[-75.2503442147093,4.9000224139810715],[-75.2503442147093,4.950022642695164],[-75.3003444434234,4.950022642695164],[-75.3003444434234,4.9000224139810715]]]}},{"type":"Feature","properties":{"v":20.21},"geometry":{"type":"Polygon","coordinates":[[[-75.2503442147093,4.9000224139810715],[-75.20034398599522,4.9000224139810715],[-75.20034398599522,4.950022642695164],[-75.2503442147093,4.950022642695164],[-75.2503442147093,4.9000224139810715]]]}},{"type":"Feature","properties":{"v":17.82},"geometry":{"type":"Polygon","coordinates":[[[-75.20034398599522,4.9000224139810715],[-75.15034375728112,4.9000224139810715],[-75.15034375728112,4.950022642695164],[-75.20034398599522,4.950022642695164],[-75.20034398599522,4.9000224139810715]]]}},{"type":"Feature","properties":{"v":14.07},"geometry":{"type":"Polygon","coordinates":[[[-75.15034375728112,4.9000224139810715],[-75.10034352856702,4.9000224139810715],[-75.10034352856702,4.950022642695164],[-75.15034375728112,4.950022642695164],[-75.15034375728112,4.9000224139810715]]]}},{"type":"Feature","properties":{"v":59.53},"geometry":{"type":"Polygon","coordinates":[[[-77.40035404941528,4.850022185266979],[-77.35035382070119,4.850022185266979],[-77.35035382070119,4.9000224139810715],[-77.40035404941528,4.9000224139810715],[-77.40035404941528,4.850022185266979]]]}},{"type":"Feature","properties":{"v":61.01},"geometry":{"type":"Polygon","coordinates":[[[-77.35035382070119,4.850022185266979],[-77.3003535919871,4.850022185266979],[-77.3003535919871,4.9000224139810715],[-77.35035382070119,4.9000224139810715],[-77.35035382070119,4.850022185266979]]]}},{"type":"Feature","properties":{"v":60.81},"geometry":{"type":"Polygon","coordinates":[[[-77.3003535919871,4.850022185266979],[-77.250353363273,4.850022185266979],[-77.250353363273,4.9000224139810715],[-77.3003535919871,4.9000224139810715],[-77.3003535919871,4.850022185266979]]]}},{"type":"Feature","properties":{"v":61.25},"geometry":{"type":"Polygon","coordinates":[[[-77.250353363273,4.850022185266979],[-77.20035313455891,4.850022185266979],[-77.20035313455891,4.9000224139810715],[-77.250353363273,4.9000224139810715],[-77.250353363273,4.850022185266979]]]}},{"type":"Feature","properties":{"v":62.12},"geometry":{"type":"Polygon","coordinates":[[[-77.20035313455891,4.850022185266979],[-77.15035290584483,4.850022185266979],[-77.15035290584483,4.9000224139810715],[-77.20035313455891,4.9000224139810715],[-77.20035313455891,4.850022185266979]]]}},{"type":"Feature","properties":{"v":62.33},"geometry":{"type":"Polygon","coordinates":[[[-77.15035290584483,4.850022185266979],[-77.10035267713073,4.850022185266979],[-77.10035267713073,4.9000224139810715],[-77.15035290584483,4.9000224139810715],[-77.15035290584483,4.850022185266979]]]}},{"type":"Feature","properties":{"v":62.8},"geometry":{"type":"Polygon","coordinates":[[[-77.10035267713073,4.850022185266979],[-77.05035244841663,4.850022185266979],[-77.05035244841663,4.9000224139810715],[-77.10035267713073,4.9000224139810715],[-77.10035267713073,4.850022185266979]]]}},{"type":"Feature","properties":{"v":60.03},"geometry":{"type":"Polygon","coordinates":[[[-77.05035244841663,4.850022185266979],[-77.00035221970255,4.850022185266979],[-77.00035221970255,4.9000224139810715],[-77.05035244841663,4.9000224139810715],[-77.05035244841663,4.850022185266979]]]}},{"type":"Feature","properties":{"v":57.7},"geometry":{"type":"Polygon","coordinates":[[[-77.00035221970255,4.850022185266979],[-76.95035199098845,4.850022185266979],[-76.95035199098845,4.9000224139810715],[-77.00035221970255,4.9000224139810715],[-77.00035221970255,4.850022185266979]]]}},{"type":"Feature","properties":{"v":57.98},"geometry":{"type":"Polygon","coordinates":[[[-76.95035199098845,4.850022185266979],[-76.90035176227435,4.850022185266979],[-76.90035176227435,4.9000224139810715],[-76.95035199098845,4.9000224139810715],[-76.95035199098845,4.850022185266979]]]}},{"type":"Feature","properties":{"v":54.9},"geometry":{"type":"Polygon","coordinates":[[[-76.90035176227435,4.850022185266979],[-76.85035153356027,4.850022185266979],[-76.85035153356027,4.9000224139810715],[-76.90035176227435,4.9000224139810715],[-76.90035176227435,4.850022185266979]]]}},{"type":"Feature","properties":{"v":52.04},"geometry":{"type":"Polygon","coordinates":[[[-76.85035153356027,4.850022185266979],[-76.80035130484617,4.850022185266979],[-76.80035130484617,4.9000224139810715],[-76.85035153356027,4.9000224139810715],[-76.85035153356027,4.850022185266979]]]}},{"type":"Feature","properties":{"v":49.17},"geometry":{"type":"Polygon","coordinates":[[[-76.80035130484617,4.850022185266979],[-76.75035107613208,4.850022185266979],[-76.75035107613208,4.9000224139810715],[-76.80035130484617,4.9000224139810715],[-76.80035130484617,4.850022185266979]]]}},{"type":"Feature","properties":{"v":47.15},"geometry":{"type":"Polygon","coordinates":[[[-76.75035107613208,4.850022185266979],[-76.700350847418,4.850022185266979],[-76.700350847418,4.9000224139810715],[-76.75035107613208,4.9000224139810715],[-76.75035107613208,4.850022185266979]]]}},{"type":"Feature","properties":{"v":45.18},"geometry":{"type":"Polygon","coordinates":[[[-76.700350847418,4.850022185266979],[-76.6503506187039,4.850022185266979],[-76.6503506187039,4.9000224139810715],[-76.700350847418,4.9000224139810715],[-76.700350847418,4.850022185266979]]]}},{"type":"Feature","properties":{"v":45.49},"geometry":{"type":"Polygon","coordinates":[[[-76.6503506187039,4.850022185266979],[-76.6003503899898,4.850022185266979],[-76.6003503899898,4.9000224139810715],[-76.6503506187039,4.9000224139810715],[-76.6503506187039,4.850022185266979]]]}},{"type":"Feature","properties":{"v":44.07},"geometry":{"type":"Polygon","coordinates":[[[-76.6003503899898,4.850022185266979],[-76.55035016127572,4.850022185266979],[-76.55035016127572,4.9000224139810715],[-76.6003503899898,4.9000224139810715],[-76.6003503899898,4.850022185266979]]]}},{"type":"Feature","properties":{"v":41.21},"geometry":{"type":"Polygon","coordinates":[[[-76.55035016127572,4.850022185266979],[-76.50034993256162,4.850022185266979],[-76.50034993256162,4.9000224139810715],[-76.55035016127572,4.9000224139810715],[-76.55035016127572,4.850022185266979]]]}},{"type":"Feature","properties":{"v":42.79},"geometry":{"type":"Polygon","coordinates":[[[-76.50034993256162,4.850022185266979],[-76.45034970384752,4.850022185266979],[-76.45034970384752,4.9000224139810715],[-76.50034993256162,4.9000224139810715],[-76.50034993256162,4.850022185266979]]]}},{"type":"Feature","properties":{"v":42.99},"geometry":{"type":"Polygon","coordinates":[[[-76.45034970384752,4.850022185266979],[-76.40034947513344,4.850022185266979],[-76.40034947513344,4.9000224139810715],[-76.45034970384752,4.9000224139810715],[-76.45034970384752,4.850022185266979]]]}},{"type":"Feature","properties":{"v":41.16},"geometry":{"type":"Polygon","coordinates":[[[-76.40034947513344,4.850022185266979],[-76.35034924641934,4.850022185266979],[-76.35034924641934,4.9000224139810715],[-76.40034947513344,4.9000224139810715],[-76.40034947513344,4.850022185266979]]]}},{"type":"Feature","properties":{"v":41.28},"geometry":{"type":"Polygon","coordinates":[[[-76.35034924641934,4.850022185266979],[-76.30034901770524,4.850022185266979],[-76.30034901770524,4.9000224139810715],[-76.35034924641934,4.9000224139810715],[-76.35034924641934,4.850022185266979]]]}},{"type":"Feature","properties":{"v":42.72},"geometry":{"type":"Polygon","coordinates":[[[-76.30034901770524,4.850022185266979],[-76.25034878899116,4.850022185266979],[-76.25034878899116,4.9000224139810715],[-76.30034901770524,4.9000224139810715],[-76.30034901770524,4.850022185266979]]]}},{"type":"Feature","properties":{"v":45.43},"geometry":{"type":"Polygon","coordinates":[[[-76.25034878899116,4.850022185266979],[-76.20034856027706,4.850022185266979],[-76.20034856027706,4.9000224139810715],[-76.25034878899116,4.9000224139810715],[-76.25034878899116,4.850022185266979]]]}},{"type":"Feature","properties":{"v":45.02},"geometry":{"type":"Polygon","coordinates":[[[-76.20034856027706,4.850022185266979],[-76.15034833156297,4.850022185266979],[-76.15034833156297,4.9000224139810715],[-76.20034856027706,4.9000224139810715],[-76.20034856027706,4.850022185266979]]]}},{"type":"Feature","properties":{"v":40.32},"geometry":{"type":"Polygon","coordinates":[[[-76.15034833156297,4.850022185266979],[-76.10034810284888,4.850022185266979],[-76.10034810284888,4.9000224139810715],[-76.15034833156297,4.9000224139810715],[-76.15034833156297,4.850022185266979]]]}},{"type":"Feature","properties":{"v":31.09},"geometry":{"type":"Polygon","coordinates":[[[-76.10034810284888,4.850022185266979],[-76.05034787413479,4.850022185266979],[-76.05034787413479,4.9000224139810715],[-76.10034810284888,4.9000224139810715],[-76.10034810284888,4.850022185266979]]]}},{"type":"Feature","properties":{"v":29.57},"geometry":{"type":"Polygon","coordinates":[[[-76.05034787413479,4.850022185266979],[-76.00034764542069,4.850022185266979],[-76.00034764542069,4.9000224139810715],[-76.05034787413479,4.9000224139810715],[-76.05034787413479,4.850022185266979]]]}},{"type":"Feature","properties":{"v":39.03},"geometry":{"type":"Polygon","coordinates":[[[-76.00034764542069,4.850022185266979],[-75.9503474167066,4.850022185266979],[-75.9503474167066,4.9000224139810715],[-76.00034764542069,4.9000224139810715],[-76.00034764542069,4.850022185266979]]]}},{"type":"Feature","properties":{"v":38.9},"geometry":{"type":"Polygon","coordinates":[[[-75.9503474167066,4.850022185266979],[-75.90034718799251,4.850022185266979],[-75.90034718799251,4.9000224139810715],[-75.9503474167066,4.9000224139810715],[-75.9503474167066,4.850022185266979]]]}},{"type":"Feature","properties":{"v":37.22},"geometry":{"type":"Polygon","coordinates":[[[-75.90034718799251,4.850022185266979],[-75.85034695927841,4.850022185266979],[-75.85034695927841,4.9000224139810715],[-75.90034718799251,4.9000224139810715],[-75.90034718799251,4.850022185266979]]]}},{"type":"Feature","properties":{"v":33.17},"geometry":{"type":"Polygon","coordinates":[[[-75.85034695927841,4.850022185266979],[-75.80034673056433,4.850022185266979],[-75.80034673056433,4.9000224139810715],[-75.85034695927841,4.9000224139810715],[-75.85034695927841,4.850022185266979]]]}},{"type":"Feature","properties":{"v":33.52},"geometry":{"type":"Polygon","coordinates":[[[-75.80034673056433,4.850022185266979],[-75.75034650185023,4.850022185266979],[-75.75034650185023,4.9000224139810715],[-75.80034673056433,4.9000224139810715],[-75.80034673056433,4.850022185266979]]]}},{"type":"Feature","properties":{"v":36.48},"geometry":{"type":"Polygon","coordinates":[[[-75.75034650185023,4.850022185266979],[-75.70034627313613,4.850022185266979],[-75.70034627313613,4.9000224139810715],[-75.75034650185023,4.9000224139810715],[-75.75034650185023,4.850022185266979]]]}},{"type":"Feature","properties":{"v":34.73},"geometry":{"type":"Polygon","coordinates":[[[-75.70034627313613,4.850022185266979],[-75.65034604442205,4.850022185266979],[-75.65034604442205,4.9000224139810715],[-75.70034627313613,4.9000224139810715],[-75.70034627313613,4.850022185266979]]]}},{"type":"Feature","properties":{"v":35.31},"geometry":{"type":"Polygon","coordinates":[[[-75.65034604442205,4.850022185266979],[-75.60034581570795,4.850022185266979],[-75.60034581570795,4.9000224139810715],[-75.65034604442205,4.9000224139810715],[-75.65034604442205,4.850022185266979]]]}},{"type":"Feature","properties":{"v":20.69},"geometry":{"type":"Polygon","coordinates":[[[-75.60034581570795,4.850022185266979],[-75.55034558699386,4.850022185266979],[-75.55034558699386,4.9000224139810715],[-75.60034581570795,4.9000224139810715],[-75.60034581570795,4.850022185266979]]]}},{"type":"Feature","properties":{"v":19.42},"geometry":{"type":"Polygon","coordinates":[[[-75.55034558699386,4.850022185266979],[-75.50034535827977,4.850022185266979],[-75.50034535827977,4.9000224139810715],[-75.55034558699386,4.9000224139810715],[-75.55034558699386,4.850022185266979]]]}},{"type":"Feature","properties":{"v":20.96},"geometry":{"type":"Polygon","coordinates":[[[-75.50034535827977,4.850022185266979],[-75.45034512956568,4.850022185266979],[-75.45034512956568,4.9000224139810715],[-75.50034535827977,4.9000224139810715],[-75.50034535827977,4.850022185266979]]]}},{"type":"Feature","properties":{"v":21.08},"geometry":{"type":"Polygon","coordinates":[[[-75.45034512956568,4.850022185266979],[-75.40034490085158,4.850022185266979],[-75.40034490085158,4.9000224139810715],[-75.45034512956568,4.9000224139810715],[-75.45034512956568,4.850022185266979]]]}},{"type":"Feature","properties":{"v":20.43},"geometry":{"type":"Polygon","coordinates":[[[-75.40034490085158,4.850022185266979],[-75.3503446721375,4.850022185266979],[-75.3503446721375,4.9000224139810715],[-75.40034490085158,4.9000224139810715],[-75.40034490085158,4.850022185266979]]]}},{"type":"Feature","properties":{"v":20.68},"geometry":{"type":"Polygon","coordinates":[[[-75.3503446721375,4.850022185266979],[-75.3003444434234,4.850022185266979],[-75.3003444434234,4.9000224139810715],[-75.3503446721375,4.9000224139810715],[-75.3503446721375,4.850022185266979]]]}},{"type":"Feature","properties":{"v":17.22},"geometry":{"type":"Polygon","coordinates":[[[-75.3003444434234,4.850022185266979],[-75.2503442147093,4.850022185266979],[-75.2503442147093,4.9000224139810715],[-75.3003444434234,4.9000224139810715],[-75.3003444434234,4.850022185266979]]]}},{"type":"Feature","properties":{"v":20.77},"geometry":{"type":"Polygon","coordinates":[[[-75.2503442147093,4.850022185266979],[-75.20034398599522,4.850022185266979],[-75.20034398599522,4.9000224139810715],[-75.2503442147093,4.9000224139810715],[-75.2503442147093,4.850022185266979]]]}},{"type":"Feature","properties":{"v":17.01},"geometry":{"type":"Polygon","coordinates":[[[-75.20034398599522,4.850022185266979],[-75.15034375728112,4.850022185266979],[-75.15034375728112,4.9000224139810715],[-75.20034398599522,4.9000224139810715],[-75.20034398599522,4.850022185266979]]]}},{"type":"Feature","properties":{"v":13.03},"geometry":{"type":"Polygon","coordinates":[[[-75.15034375728112,4.850022185266979],[-75.10034352856702,4.850022185266979],[-75.10034352856702,4.9000224139810715],[-75.15034375728112,4.9000224139810715],[-75.15034375728112,4.850022185266979]]]}},{"type":"Feature","properties":{"v":57.33},"geometry":{"type":"Polygon","coordinates":[[[-77.40035404941528,4.800021956552887],[-77.35035382070119,4.800021956552887],[-77.35035382070119,4.850022185266979],[-77.40035404941528,4.850022185266979],[-77.40035404941528,4.800021956552887]]]}},{"type":"Feature","properties":{"v":57.65},"geometry":{"type":"Polygon","coordinates":[[[-77.35035382070119,4.800021956552887],[-77.3003535919871,4.800021956552887],[-77.3003535919871,4.850022185266979],[-77.35035382070119,4.850022185266979],[-77.35035382070119,4.800021956552887]]]}},{"type":"Feature","properties":{"v":56.53},"geometry":{"type":"Polygon","coordinates":[[[-77.3003535919871,4.800021956552887],[-77.250353363273,4.800021956552887],[-77.250353363273,4.850022185266979],[-77.3003535919871,4.850022185266979],[-77.3003535919871,4.800021956552887]]]}},{"type":"Feature","properties":{"v":58.03},"geometry":{"type":"Polygon","coordinates":[[[-77.250353363273,4.800021956552887],[-77.20035313455891,4.800021956552887],[-77.20035313455891,4.850022185266979],[-77.250353363273,4.850022185266979],[-77.250353363273,4.800021956552887]]]}},{"type":"Feature","properties":{"v":56.45},"geometry":{"type":"Polygon","coordinates":[[[-77.20035313455891,4.800021956552887],[-77.15035290584483,4.800021956552887],[-77.15035290584483,4.850022185266979],[-77.20035313455891,4.850022185266979],[-77.20035313455891,4.800021956552887]]]}},{"type":"Feature","properties":{"v":54.82},"geometry":{"type":"Polygon","coordinates":[[[-77.15035290584483,4.800021956552887],[-77.10035267713073,4.800021956552887],[-77.10035267713073,4.850022185266979],[-77.15035290584483,4.850022185266979],[-77.15035290584483,4.800021956552887]]]}},{"type":"Feature","properties":{"v":55.21},"geometry":{"type":"Polygon","coordinates":[[[-77.10035267713073,4.800021956552887],[-77.05035244841663,4.800021956552887],[-77.05035244841663,4.850022185266979],[-77.10035267713073,4.850022185266979],[-77.10035267713073,4.800021956552887]]]}},{"type":"Feature","properties":{"v":52.57},"geometry":{"type":"Polygon","coordinates":[[[-77.05035244841663,4.800021956552887],[-77.00035221970255,4.800021956552887],[-77.00035221970255,4.850022185266979],[-77.05035244841663,4.850022185266979],[-77.05035244841663,4.800021956552887]]]}},{"type":"Feature","properties":{"v":50.25},"geometry":{"type":"Polygon","coordinates":[[[-77.00035221970255,4.800021956552887],[-76.95035199098845,4.800021956552887],[-76.95035199098845,4.850022185266979],[-77.00035221970255,4.850022185266979],[-77.00035221970255,4.800021956552887]]]}},{"type":"Feature","properties":{"v":50.33},"geometry":{"type":"Polygon","coordinates":[[[-76.95035199098845,4.800021956552887],[-76.90035176227435,4.800021956552887],[-76.90035176227435,4.850022185266979],[-76.95035199098845,4.850022185266979],[-76.95035199098845,4.800021956552887]]]}},{"type":"Feature","properties":{"v":50.3},"geometry":{"type":"Polygon","coordinates":[[[-76.90035176227435,4.800021956552887],[-76.85035153356027,4.800021956552887],[-76.85035153356027,4.850022185266979],[-76.90035176227435,4.850022185266979],[-76.90035176227435,4.800021956552887]]]}},{"type":"Feature","properties":{"v":47.75},"geometry":{"type":"Polygon","coordinates":[[[-76.85035153356027,4.800021956552887],[-76.80035130484617,4.800021956552887],[-76.80035130484617,4.850022185266979],[-76.85035153356027,4.850022185266979],[-76.85035153356027,4.800021956552887]]]}},{"type":"Feature","properties":{"v":44.42},"geometry":{"type":"Polygon","coordinates":[[[-76.80035130484617,4.800021956552887],[-76.75035107613208,4.800021956552887],[-76.75035107613208,4.850022185266979],[-76.80035130484617,4.850022185266979],[-76.80035130484617,4.800021956552887]]]}},{"type":"Feature","properties":{"v":44.11},"geometry":{"type":"Polygon","coordinates":[[[-76.75035107613208,4.800021956552887],[-76.700350847418,4.800021956552887],[-76.700350847418,4.850022185266979],[-76.75035107613208,4.850022185266979],[-76.75035107613208,4.800021956552887]]]}},{"type":"Feature","properties":{"v":43.55},"geometry":{"type":"Polygon","coordinates":[[[-76.700350847418,4.800021956552887],[-76.6503506187039,4.800021956552887],[-76.6503506187039,4.850022185266979],[-76.700350847418,4.850022185266979],[-76.700350847418,4.800021956552887]]]}},{"type":"Feature","properties":{"v":43.65},"geometry":{"type":"Polygon","coordinates":[[[-76.6503506187039,4.800021956552887],[-76.6003503899898,4.800021956552887],[-76.6003503899898,4.850022185266979],[-76.6503506187039,4.850022185266979],[-76.6503506187039,4.800021956552887]]]}},{"type":"Feature","properties":{"v":42.99},"geometry":{"type":"Polygon","coordinates":[[[-76.6003503899898,4.800021956552887],[-76.55035016127572,4.800021956552887],[-76.55035016127572,4.850022185266979],[-76.6003503899898,4.850022185266979],[-76.6003503899898,4.800021956552887]]]}},{"type":"Feature","properties":{"v":40.98},"geometry":{"type":"Polygon","coordinates":[[[-76.55035016127572,4.800021956552887],[-76.50034993256162,4.800021956552887],[-76.50034993256162,4.850022185266979],[-76.55035016127572,4.850022185266979],[-76.55035016127572,4.800021956552887]]]}},{"type":"Feature","properties":{"v":44.35},"geometry":{"type":"Polygon","coordinates":[[[-76.50034993256162,4.800021956552887],[-76.45034970384752,4.800021956552887],[-76.45034970384752,4.850022185266979],[-76.50034993256162,4.850022185266979],[-76.50034993256162,4.800021956552887]]]}},{"type":"Feature","properties":{"v":43.77},"geometry":{"type":"Polygon","coordinates":[[[-76.45034970384752,4.800021956552887],[-76.40034947513344,4.800021956552887],[-76.40034947513344,4.850022185266979],[-76.45034970384752,4.850022185266979],[-76.45034970384752,4.800021956552887]]]}},{"type":"Feature","properties":{"v":43.03},"geometry":{"type":"Polygon","coordinates":[[[-76.40034947513344,4.800021956552887],[-76.35034924641934,4.800021956552887],[-76.35034924641934,4.850022185266979],[-76.40034947513344,4.850022185266979],[-76.40034947513344,4.800021956552887]]]}},{"type":"Feature","properties":{"v":43.09},"geometry":{"type":"Polygon","coordinates":[[[-76.35034924641934,4.800021956552887],[-76.30034901770524,4.800021956552887],[-76.30034901770524,4.850022185266979],[-76.35034924641934,4.850022185266979],[-76.35034924641934,4.800021956552887]]]}},{"type":"Feature","properties":{"v":41.68},"geometry":{"type":"Polygon","coordinates":[[[-76.30034901770524,4.800021956552887],[-76.25034878899116,4.800021956552887],[-76.25034878899116,4.850022185266979],[-76.30034901770524,4.850022185266979],[-76.30034901770524,4.800021956552887]]]}},{"type":"Feature","properties":{"v":42.14},"geometry":{"type":"Polygon","coordinates":[[[-76.25034878899116,4.800021956552887],[-76.20034856027706,4.800021956552887],[-76.20034856027706,4.850022185266979],[-76.25034878899116,4.850022185266979],[-76.25034878899116,4.800021956552887]]]}},{"type":"Feature","properties":{"v":41.8},"geometry":{"type":"Polygon","coordinates":[[[-76.20034856027706,4.800021956552887],[-76.15034833156297,4.800021956552887],[-76.15034833156297,4.850022185266979],[-76.20034856027706,4.850022185266979],[-76.20034856027706,4.800021956552887]]]}},{"type":"Feature","properties":{"v":36.61},"geometry":{"type":"Polygon","coordinates":[[[-76.15034833156297,4.800021956552887],[-76.10034810284888,4.800021956552887],[-76.10034810284888,4.850022185266979],[-76.15034833156297,4.850022185266979],[-76.15034833156297,4.800021956552887]]]}},{"type":"Feature","properties":{"v":29.58},"geometry":{"type":"Polygon","coordinates":[[[-76.10034810284888,4.800021956552887],[-76.05034787413479,4.800021956552887],[-76.05034787413479,4.850022185266979],[-76.10034810284888,4.850022185266979],[-76.10034810284888,4.800021956552887]]]}},{"type":"Feature","properties":{"v":31.34},"geometry":{"type":"Polygon","coordinates":[[[-76.05034787413479,4.800021956552887],[-76.00034764542069,4.800021956552887],[-76.00034764542069,4.850022185266979],[-76.05034787413479,4.850022185266979],[-76.05034787413479,4.800021956552887]]]}},{"type":"Feature","properties":{"v":37.46},"geometry":{"type":"Polygon","coordinates":[[[-76.00034764542069,4.800021956552887],[-75.9503474167066,4.800021956552887],[-75.9503474167066,4.850022185266979],[-76.00034764542069,4.850022185266979],[-76.00034764542069,4.800021956552887]]]}},{"type":"Feature","properties":{"v":38.7},"geometry":{"type":"Polygon","coordinates":[[[-75.9503474167066,4.800021956552887],[-75.90034718799251,4.800021956552887],[-75.90034718799251,4.850022185266979],[-75.9503474167066,4.850022185266979],[-75.9503474167066,4.800021956552887]]]}},{"type":"Feature","properties":{"v":37.33},"geometry":{"type":"Polygon","coordinates":[[[-75.90034718799251,4.800021956552887],[-75.85034695927841,4.800021956552887],[-75.85034695927841,4.850022185266979],[-75.90034718799251,4.850022185266979],[-75.90034718799251,4.800021956552887]]]}},{"type":"Feature","properties":{"v":40.66},"geometry":{"type":"Polygon","coordinates":[[[-75.85034695927841,4.800021956552887],[-75.80034673056433,4.800021956552887],[-75.80034673056433,4.850022185266979],[-75.85034695927841,4.850022185266979],[-75.85034695927841,4.800021956552887]]]}},{"type":"Feature","properties":{"v":34.38},"geometry":{"type":"Polygon","coordinates":[[[-75.80034673056433,4.800021956552887],[-75.75034650185023,4.800021956552887],[-75.75034650185023,4.850022185266979],[-75.80034673056433,4.850022185266979],[-75.80034673056433,4.800021956552887]]]}},{"type":"Feature","properties":{"v":41.53},"geometry":{"type":"Polygon","coordinates":[[[-75.75034650185023,4.800021956552887],[-75.70034627313613,4.800021956552887],[-75.70034627313613,4.850022185266979],[-75.75034650185023,4.850022185266979],[-75.75034650185023,4.800021956552887]]]}},{"type":"Feature","properties":{"v":34.17},"geometry":{"type":"Polygon","coordinates":[[[-75.70034627313613,4.800021956552887],[-75.65034604442205,4.800021956552887],[-75.65034604442205,4.850022185266979],[-75.70034627313613,4.850022185266979],[-75.70034627313613,4.800021956552887]]]}},{"type":"Feature","properties":{"v":34.48},"geometry":{"type":"Polygon","coordinates":[[[-75.65034604442205,4.800021956552887],[-75.60034581570795,4.800021956552887],[-75.60034581570795,4.850022185266979],[-75.65034604442205,4.850022185266979],[-75.65034604442205,4.800021956552887]]]}},{"type":"Feature","properties":{"v":16.75},"geometry":{"type":"Polygon","coordinates":[[[-75.60034581570795,4.800021956552887],[-75.55034558699386,4.800021956552887],[-75.55034558699386,4.850022185266979],[-75.60034581570795,4.850022185266979],[-75.60034581570795,4.800021956552887]]]}},{"type":"Feature","properties":{"v":19.32},"geometry":{"type":"Polygon","coordinates":[[[-75.55034558699386,4.800021956552887],[-75.50034535827977,4.800021956552887],[-75.50034535827977,4.850022185266979],[-75.55034558699386,4.850022185266979],[-75.55034558699386,4.800021956552887]]]}},{"type":"Feature","properties":{"v":21.71},"geometry":{"type":"Polygon","coordinates":[[[-75.50034535827977,4.800021956552887],[-75.45034512956568,4.800021956552887],[-75.45034512956568,4.850022185266979],[-75.50034535827977,4.850022185266979],[-75.50034535827977,4.800021956552887]]]}},{"type":"Feature","properties":{"v":18.89},"geometry":{"type":"Polygon","coordinates":[[[-75.45034512956568,4.800021956552887],[-75.40034490085158,4.800021956552887],[-75.40034490085158,4.850022185266979],[-75.45034512956568,4.850022185266979],[-75.45034512956568,4.800021956552887]]]}},{"type":"Feature","properties":{"v":18.93},"geometry":{"type":"Polygon","coordinates":[[[-75.40034490085158,4.800021956552887],[-75.3503446721375,4.800021956552887],[-75.3503446721375,4.850022185266979],[-75.40034490085158,4.850022185266979],[-75.40034490085158,4.800021956552887]]]}},{"type":"Feature","properties":{"v":18.67},"geometry":{"type":"Polygon","coordinates":[[[-75.3503446721375,4.800021956552887],[-75.3003444434234,4.800021956552887],[-75.3003444434234,4.850022185266979],[-75.3503446721375,4.850022185266979],[-75.3503446721375,4.800021956552887]]]}},{"type":"Feature","properties":{"v":16.6},"geometry":{"type":"Polygon","coordinates":[[[-75.3003444434234,4.800021956552887],[-75.2503442147093,4.800021956552887],[-75.2503442147093,4.850022185266979],[-75.3003444434234,4.850022185266979],[-75.3003444434234,4.800021956552887]]]}},{"type":"Feature","properties":{"v":16.23},"geometry":{"type":"Polygon","coordinates":[[[-75.2503442147093,4.800021956552887],[-75.20034398599522,4.800021956552887],[-75.20034398599522,4.850022185266979],[-75.2503442147093,4.850022185266979],[-75.2503442147093,4.800021956552887]]]}},{"type":"Feature","properties":{"v":15.09},"geometry":{"type":"Polygon","coordinates":[[[-75.20034398599522,4.800021956552887],[-75.15034375728112,4.800021956552887],[-75.15034375728112,4.850022185266979],[-75.20034398599522,4.850022185266979],[-75.20034398599522,4.800021956552887]]]}},{"type":"Feature","properties":{"v":14.11},"geometry":{"type":"Polygon","coordinates":[[[-75.15034375728112,4.800021956552887],[-75.10034352856702,4.800021956552887],[-75.10034352856702,4.850022185266979],[-75.15034375728112,4.850022185266979],[-75.15034375728112,4.800021956552887]]]}},{"type":"Feature","properties":{"v":50.68},"geometry":{"type":"Polygon","coordinates":[[[-77.35035382070119,4.750021727838794],[-77.3003535919871,4.750021727838794],[-77.3003535919871,4.800021956552887],[-77.35035382070119,4.800021956552887],[-77.35035382070119,4.750021727838794]]]}},{"type":"Feature","properties":{"v":48.89},"geometry":{"type":"Polygon","coordinates":[[[-77.3003535919871,4.750021727838794],[-77.250353363273,4.750021727838794],[-77.250353363273,4.800021956552887],[-77.3003535919871,4.800021956552887],[-77.3003535919871,4.750021727838794]]]}},{"type":"Feature","properties":{"v":51.65},"geometry":{"type":"Polygon","coordinates":[[[-77.250353363273,4.750021727838794],[-77.20035313455891,4.750021727838794],[-77.20035313455891,4.800021956552887],[-77.250353363273,4.800021956552887],[-77.250353363273,4.750021727838794]]]}},{"type":"Feature","properties":{"v":50.36},"geometry":{"type":"Polygon","coordinates":[[[-77.20035313455891,4.750021727838794],[-77.15035290584483,4.750021727838794],[-77.15035290584483,4.800021956552887],[-77.20035313455891,4.800021956552887],[-77.20035313455891,4.750021727838794]]]}},{"type":"Feature","properties":{"v":48.75},"geometry":{"type":"Polygon","coordinates":[[[-77.15035290584483,4.750021727838794],[-77.10035267713073,4.750021727838794],[-77.10035267713073,4.800021956552887],[-77.15035290584483,4.800021956552887],[-77.15035290584483,4.750021727838794]]]}},{"type":"Feature","properties":{"v":46.59},"geometry":{"type":"Polygon","coordinates":[[[-77.10035267713073,4.750021727838794],[-77.05035244841663,4.750021727838794],[-77.05035244841663,4.800021956552887],[-77.10035267713073,4.800021956552887],[-77.10035267713073,4.750021727838794]]]}},{"type":"Feature","properties":{"v":46.16},"geometry":{"type":"Polygon","coordinates":[[[-77.05035244841663,4.750021727838794],[-77.00035221970255,4.750021727838794],[-77.00035221970255,4.800021956552887],[-77.05035244841663,4.800021956552887],[-77.05035244841663,4.750021727838794]]]}},{"type":"Feature","properties":{"v":45.46},"geometry":{"type":"Polygon","coordinates":[[[-77.00035221970255,4.750021727838794],[-76.95035199098845,4.750021727838794],[-76.95035199098845,4.800021956552887],[-77.00035221970255,4.800021956552887],[-77.00035221970255,4.750021727838794]]]}},{"type":"Feature","properties":{"v":43.71},"geometry":{"type":"Polygon","coordinates":[[[-76.95035199098845,4.750021727838794],[-76.90035176227435,4.750021727838794],[-76.90035176227435,4.800021956552887],[-76.95035199098845,4.800021956552887],[-76.95035199098845,4.750021727838794]]]}},{"type":"Feature","properties":{"v":43.54},"geometry":{"type":"Polygon","coordinates":[[[-76.90035176227435,4.750021727838794],[-76.85035153356027,4.750021727838794],[-76.85035153356027,4.800021956552887],[-76.90035176227435,4.800021956552887],[-76.90035176227435,4.750021727838794]]]}},{"type":"Feature","properties":{"v":42.4},"geometry":{"type":"Polygon","coordinates":[[[-76.85035153356027,4.750021727838794],[-76.80035130484617,4.750021727838794],[-76.80035130484617,4.800021956552887],[-76.85035153356027,4.800021956552887],[-76.85035153356027,4.750021727838794]]]}},{"type":"Feature","properties":{"v":41.63},"geometry":{"type":"Polygon","coordinates":[[[-76.80035130484617,4.750021727838794],[-76.75035107613208,4.750021727838794],[-76.75035107613208,4.800021956552887],[-76.80035130484617,4.800021956552887],[-76.80035130484617,4.750021727838794]]]}},{"type":"Feature","properties":{"v":43.01},"geometry":{"type":"Polygon","coordinates":[[[-76.75035107613208,4.750021727838794],[-76.700350847418,4.750021727838794],[-76.700350847418,4.800021956552887],[-76.75035107613208,4.800021956552887],[-76.75035107613208,4.750021727838794]]]}},{"type":"Feature","properties":{"v":42.95},"geometry":{"type":"Polygon","coordinates":[[[-76.700350847418,4.750021727838794],[-76.6503506187039,4.750021727838794],[-76.6503506187039,4.800021956552887],[-76.700350847418,4.800021956552887],[-76.700350847418,4.750021727838794]]]}},{"type":"Feature","properties":{"v":44.71},"geometry":{"type":"Polygon","coordinates":[[[-76.6503506187039,4.750021727838794],[-76.6003503899898,4.750021727838794],[-76.6003503899898,4.800021956552887],[-76.6503506187039,4.800021956552887],[-76.6503506187039,4.750021727838794]]]}},{"type":"Feature","properties":{"v":43.61},"geometry":{"type":"Polygon","coordinates":[[[-76.6003503899898,4.750021727838794],[-76.55035016127572,4.750021727838794],[-76.55035016127572,4.800021956552887],[-76.6003503899898,4.800021956552887],[-76.6003503899898,4.750021727838794]]]}},{"type":"Feature","properties":{"v":43.82},"geometry":{"type":"Polygon","coordinates":[[[-76.55035016127572,4.750021727838794],[-76.50034993256162,4.750021727838794],[-76.50034993256162,4.800021956552887],[-76.55035016127572,4.800021956552887],[-76.55035016127572,4.750021727838794]]]}},{"type":"Feature","properties":{"v":45.76},"geometry":{"type":"Polygon","coordinates":[[[-76.50034993256162,4.750021727838794],[-76.45034970384752,4.750021727838794],[-76.45034970384752,4.800021956552887],[-76.50034993256162,4.800021956552887],[-76.50034993256162,4.750021727838794]]]}},{"type":"Feature","properties":{"v":45.07},"geometry":{"type":"Polygon","coordinates":[[[-76.45034970384752,4.750021727838794],[-76.40034947513344,4.750021727838794],[-76.40034947513344,4.800021956552887],[-76.45034970384752,4.800021956552887],[-76.45034970384752,4.750021727838794]]]}},{"type":"Feature","properties":{"v":43.77},"geometry":{"type":"Polygon","coordinates":[[[-76.40034947513344,4.750021727838794],[-76.35034924641934,4.750021727838794],[-76.35034924641934,4.800021956552887],[-76.40034947513344,4.800021956552887],[-76.40034947513344,4.750021727838794]]]}},{"type":"Feature","properties":{"v":42.46},"geometry":{"type":"Polygon","coordinates":[[[-76.35034924641934,4.750021727838794],[-76.30034901770524,4.750021727838794],[-76.30034901770524,4.800021956552887],[-76.35034924641934,4.800021956552887],[-76.35034924641934,4.750021727838794]]]}},{"type":"Feature","properties":{"v":40.09},"geometry":{"type":"Polygon","coordinates":[[[-76.30034901770524,4.750021727838794],[-76.25034878899116,4.750021727838794],[-76.25034878899116,4.800021956552887],[-76.30034901770524,4.800021956552887],[-76.30034901770524,4.750021727838794]]]}},{"type":"Feature","properties":{"v":44.53},"geometry":{"type":"Polygon","coordinates":[[[-76.25034878899116,4.750021727838794],[-76.20034856027706,4.750021727838794],[-76.20034856027706,4.800021956552887],[-76.25034878899116,4.800021956552887],[-76.25034878899116,4.750021727838794]]]}},{"type":"Feature","properties":{"v":36.76},"geometry":{"type":"Polygon","coordinates":[[[-76.20034856027706,4.750021727838794],[-76.15034833156297,4.750021727838794],[-76.15034833156297,4.800021956552887],[-76.20034856027706,4.800021956552887],[-76.20034856027706,4.750021727838794]]]}},{"type":"Feature","properties":{"v":35.2},"geometry":{"type":"Polygon","coordinates":[[[-76.15034833156297,4.750021727838794],[-76.10034810284888,4.750021727838794],[-76.10034810284888,4.800021956552887],[-76.15034833156297,4.800021956552887],[-76.15034833156297,4.750021727838794]]]}},{"type":"Feature","properties":{"v":31.72},"geometry":{"type":"Polygon","coordinates":[[[-76.10034810284888,4.750021727838794],[-76.05034787413479,4.750021727838794],[-76.05034787413479,4.800021956552887],[-76.10034810284888,4.800021956552887],[-76.10034810284888,4.750021727838794]]]}},{"type":"Feature","properties":{"v":30.65},"geometry":{"type":"Polygon","coordinates":[[[-76.05034787413479,4.750021727838794],[-76.00034764542069,4.750021727838794],[-76.00034764542069,4.800021956552887],[-76.05034787413479,4.800021956552887],[-76.05034787413479,4.750021727838794]]]}},{"type":"Feature","properties":{"v":38.55},"geometry":{"type":"Polygon","coordinates":[[[-76.00034764542069,4.750021727838794],[-75.9503474167066,4.750021727838794],[-75.9503474167066,4.800021956552887],[-76.00034764542069,4.800021956552887],[-76.00034764542069,4.750021727838794]]]}},{"type":"Feature","properties":{"v":35.56},"geometry":{"type":"Polygon","coordinates":[[[-75.9503474167066,4.750021727838794],[-75.90034718799251,4.750021727838794],[-75.90034718799251,4.800021956552887],[-75.9503474167066,4.800021956552887],[-75.9503474167066,4.750021727838794]]]}},{"type":"Feature","properties":{"v":38.2},"geometry":{"type":"Polygon","coordinates":[[[-75.90034718799251,4.750021727838794],[-75.85034695927841,4.750021727838794],[-75.85034695927841,4.800021956552887],[-75.90034718799251,4.800021956552887],[-75.90034718799251,4.750021727838794]]]}},{"type":"Feature","properties":{"v":36.74},"geometry":{"type":"Polygon","coordinates":[[[-75.85034695927841,4.750021727838794],[-75.80034673056433,4.750021727838794],[-75.80034673056433,4.800021956552887],[-75.85034695927841,4.800021956552887],[-75.85034695927841,4.750021727838794]]]}},{"type":"Feature","properties":{"v":33.23},"geometry":{"type":"Polygon","coordinates":[[[-75.80034673056433,4.750021727838794],[-75.75034650185023,4.750021727838794],[-75.75034650185023,4.800021956552887],[-75.80034673056433,4.800021956552887],[-75.80034673056433,4.750021727838794]]]}},{"type":"Feature","properties":{"v":41.84},"geometry":{"type":"Polygon","coordinates":[[[-75.75034650185023,4.750021727838794],[-75.70034627313613,4.750021727838794],[-75.70034627313613,4.800021956552887],[-75.75034650185023,4.800021956552887],[-75.75034650185023,4.750021727838794]]]}},{"type":"Feature","properties":{"v":30.37},"geometry":{"type":"Polygon","coordinates":[[[-75.70034627313613,4.750021727838794],[-75.65034604442205,4.750021727838794],[-75.65034604442205,4.800021956552887],[-75.70034627313613,4.800021956552887],[-75.70034627313613,4.750021727838794]]]}},{"type":"Feature","properties":{"v":31.65},"geometry":{"type":"Polygon","coordinates":[[[-75.65034604442205,4.750021727838794],[-75.60034581570795,4.750021727838794],[-75.60034581570795,4.800021956552887],[-75.65034604442205,4.800021956552887],[-75.65034604442205,4.750021727838794]]]}},{"type":"Feature","properties":{"v":15.65},"geometry":{"type":"Polygon","coordinates":[[[-75.60034581570795,4.750021727838794],[-75.55034558699386,4.750021727838794],[-75.55034558699386,4.800021956552887],[-75.60034581570795,4.800021956552887],[-75.60034581570795,4.750021727838794]]]}},{"type":"Feature","properties":{"v":16.71},"geometry":{"type":"Polygon","coordinates":[[[-75.55034558699386,4.750021727838794],[-75.50034535827977,4.750021727838794],[-75.50034535827977,4.800021956552887],[-75.55034558699386,4.800021956552887],[-75.55034558699386,4.750021727838794]]]}},{"type":"Feature","properties":{"v":20.95},"geometry":{"type":"Polygon","coordinates":[[[-75.50034535827977,4.750021727838794],[-75.45034512956568,4.750021727838794],[-75.45034512956568,4.800021956552887],[-75.50034535827977,4.800021956552887],[-75.50034535827977,4.750021727838794]]]}},{"type":"Feature","properties":{"v":18.77},"geometry":{"type":"Polygon","coordinates":[[[-75.45034512956568,4.750021727838794],[-75.40034490085158,4.750021727838794],[-75.40034490085158,4.800021956552887],[-75.45034512956568,4.800021956552887],[-75.45034512956568,4.750021727838794]]]}},{"type":"Feature","properties":{"v":17.03},"geometry":{"type":"Polygon","coordinates":[[[-75.40034490085158,4.750021727838794],[-75.3503446721375,4.750021727838794],[-75.3503446721375,4.800021956552887],[-75.40034490085158,4.800021956552887],[-75.40034490085158,4.750021727838794]]]}},{"type":"Feature","properties":{"v":15.7},"geometry":{"type":"Polygon","coordinates":[[[-75.3503446721375,4.750021727838794],[-75.3003444434234,4.750021727838794],[-75.3003444434234,4.800021956552887],[-75.3503446721375,4.800021956552887],[-75.3503446721375,4.750021727838794]]]}},{"type":"Feature","properties":{"v":15.35},"geometry":{"type":"Polygon","coordinates":[[[-75.3003444434234,4.750021727838794],[-75.2503442147093,4.750021727838794],[-75.2503442147093,4.800021956552887],[-75.3003444434234,4.800021956552887],[-75.3003444434234,4.750021727838794]]]}},{"type":"Feature","properties":{"v":15.25},"geometry":{"type":"Polygon","coordinates":[[[-75.2503442147093,4.750021727838794],[-75.20034398599522,4.750021727838794],[-75.20034398599522,4.800021956552887],[-75.2503442147093,4.800021956552887],[-75.2503442147093,4.750021727838794]]]}},{"type":"Feature","properties":{"v":14.5},"geometry":{"type":"Polygon","coordinates":[[[-75.20034398599522,4.750021727838794],[-75.15034375728112,4.750021727838794],[-75.15034375728112,4.800021956552887],[-75.20034398599522,4.800021956552887],[-75.20034398599522,4.750021727838794]]]}},{"type":"Feature","properties":{"v":12.68},"geometry":{"type":"Polygon","coordinates":[[[-75.15034375728112,4.750021727838794],[-75.10034352856702,4.750021727838794],[-75.10034352856702,4.800021956552887],[-75.15034375728112,4.800021956552887],[-75.15034375728112,4.750021727838794]]]}},{"type":"Feature","properties":{"v":43.92},"geometry":{"type":"Polygon","coordinates":[[[-77.35035382070119,4.700021499124701],[-77.3003535919871,4.700021499124701],[-77.3003535919871,4.750021727838794],[-77.35035382070119,4.750021727838794],[-77.35035382070119,4.700021499124701]]]}},{"type":"Feature","properties":{"v":43.04},"geometry":{"type":"Polygon","coordinates":[[[-77.3003535919871,4.700021499124701],[-77.250353363273,4.700021499124701],[-77.250353363273,4.750021727838794],[-77.3003535919871,4.750021727838794],[-77.3003535919871,4.700021499124701]]]}},{"type":"Feature","properties":{"v":44.28},"geometry":{"type":"Polygon","coordinates":[[[-77.250353363273,4.700021499124701],[-77.20035313455891,4.700021499124701],[-77.20035313455891,4.750021727838794],[-77.250353363273,4.750021727838794],[-77.250353363273,4.700021499124701]]]}},{"type":"Feature","properties":{"v":44.96},"geometry":{"type":"Polygon","coordinates":[[[-77.20035313455891,4.700021499124701],[-77.15035290584483,4.700021499124701],[-77.15035290584483,4.750021727838794],[-77.20035313455891,4.750021727838794],[-77.20035313455891,4.700021499124701]]]}},{"type":"Feature","properties":{"v":42.31},"geometry":{"type":"Polygon","coordinates":[[[-77.15035290584483,4.700021499124701],[-77.10035267713073,4.700021499124701],[-77.10035267713073,4.750021727838794],[-77.15035290584483,4.750021727838794],[-77.15035290584483,4.700021499124701]]]}},{"type":"Feature","properties":{"v":41.15},"geometry":{"type":"Polygon","coordinates":[[[-77.10035267713073,4.700021499124701],[-77.05035244841663,4.700021499124701],[-77.05035244841663,4.750021727838794],[-77.10035267713073,4.750021727838794],[-77.10035267713073,4.700021499124701]]]}},{"type":"Feature","properties":{"v":40.68},"geometry":{"type":"Polygon","coordinates":[[[-77.05035244841663,4.700021499124701],[-77.00035221970255,4.700021499124701],[-77.00035221970255,4.750021727838794],[-77.05035244841663,4.750021727838794],[-77.05035244841663,4.700021499124701]]]}},{"type":"Feature","properties":{"v":41.6},"geometry":{"type":"Polygon","coordinates":[[[-77.00035221970255,4.700021499124701],[-76.95035199098845,4.700021499124701],[-76.95035199098845,4.750021727838794],[-77.00035221970255,4.750021727838794],[-77.00035221970255,4.700021499124701]]]}},{"type":"Feature","properties":{"v":39.77},"geometry":{"type":"Polygon","coordinates":[[[-76.95035199098845,4.700021499124701],[-76.90035176227435,4.700021499124701],[-76.90035176227435,4.750021727838794],[-76.95035199098845,4.750021727838794],[-76.95035199098845,4.700021499124701]]]}},{"type":"Feature","properties":{"v":39.01},"geometry":{"type":"Polygon","coordinates":[[[-76.90035176227435,4.700021499124701],[-76.85035153356027,4.700021499124701],[-76.85035153356027,4.750021727838794],[-76.90035176227435,4.750021727838794],[-76.90035176227435,4.700021499124701]]]}},{"type":"Feature","properties":{"v":38.61},"geometry":{"type":"Polygon","coordinates":[[[-76.85035153356027,4.700021499124701],[-76.80035130484617,4.700021499124701],[-76.80035130484617,4.750021727838794],[-76.85035153356027,4.750021727838794],[-76.85035153356027,4.700021499124701]]]}},{"type":"Feature","properties":{"v":39.32},"geometry":{"type":"Polygon","coordinates":[[[-76.80035130484617,4.700021499124701],[-76.75035107613208,4.700021499124701],[-76.75035107613208,4.750021727838794],[-76.80035130484617,4.750021727838794],[-76.80035130484617,4.700021499124701]]]}},{"type":"Feature","properties":{"v":43.78},"geometry":{"type":"Polygon","coordinates":[[[-76.75035107613208,4.700021499124701],[-76.700350847418,4.700021499124701],[-76.700350847418,4.750021727838794],[-76.75035107613208,4.750021727838794],[-76.75035107613208,4.700021499124701]]]}},{"type":"Feature","properties":{"v":46.13},"geometry":{"type":"Polygon","coordinates":[[[-76.700350847418,4.700021499124701],[-76.6503506187039,4.700021499124701],[-76.6503506187039,4.750021727838794],[-76.700350847418,4.750021727838794],[-76.700350847418,4.700021499124701]]]}},{"type":"Feature","properties":{"v":47.15},"geometry":{"type":"Polygon","coordinates":[[[-76.6503506187039,4.700021499124701],[-76.6003503899898,4.700021499124701],[-76.6003503899898,4.750021727838794],[-76.6503506187039,4.750021727838794],[-76.6503506187039,4.700021499124701]]]}},{"type":"Feature","properties":{"v":50.8},"geometry":{"type":"Polygon","coordinates":[[[-76.6003503899898,4.700021499124701],[-76.55035016127572,4.700021499124701],[-76.55035016127572,4.750021727838794],[-76.6003503899898,4.750021727838794],[-76.6003503899898,4.700021499124701]]]}},{"type":"Feature","properties":{"v":49.39},"geometry":{"type":"Polygon","coordinates":[[[-76.55035016127572,4.700021499124701],[-76.50034993256162,4.700021499124701],[-76.50034993256162,4.750021727838794],[-76.55035016127572,4.750021727838794],[-76.55035016127572,4.700021499124701]]]}},{"type":"Feature","properties":{"v":51.95},"geometry":{"type":"Polygon","coordinates":[[[-76.50034993256162,4.700021499124701],[-76.45034970384752,4.700021499124701],[-76.45034970384752,4.750021727838794],[-76.50034993256162,4.750021727838794],[-76.50034993256162,4.700021499124701]]]}},{"type":"Feature","properties":{"v":52.81},"geometry":{"type":"Polygon","coordinates":[[[-76.45034970384752,4.700021499124701],[-76.40034947513344,4.700021499124701],[-76.40034947513344,4.750021727838794],[-76.45034970384752,4.750021727838794],[-76.45034970384752,4.700021499124701]]]}},{"type":"Feature","properties":{"v":49.1},"geometry":{"type":"Polygon","coordinates":[[[-76.40034947513344,4.700021499124701],[-76.35034924641934,4.700021499124701],[-76.35034924641934,4.750021727838794],[-76.40034947513344,4.750021727838794],[-76.40034947513344,4.700021499124701]]]}},{"type":"Feature","properties":{"v":44.19},"geometry":{"type":"Polygon","coordinates":[[[-76.35034924641934,4.700021499124701],[-76.30034901770524,4.700021499124701],[-76.30034901770524,4.750021727838794],[-76.35034924641934,4.750021727838794],[-76.35034924641934,4.700021499124701]]]}},{"type":"Feature","properties":{"v":44.89},"geometry":{"type":"Polygon","coordinates":[[[-76.30034901770524,4.700021499124701],[-76.25034878899116,4.700021499124701],[-76.25034878899116,4.750021727838794],[-76.30034901770524,4.750021727838794],[-76.30034901770524,4.700021499124701]]]}},{"type":"Feature","properties":{"v":49.03},"geometry":{"type":"Polygon","coordinates":[[[-76.25034878899116,4.700021499124701],[-76.20034856027706,4.700021499124701],[-76.20034856027706,4.750021727838794],[-76.25034878899116,4.750021727838794],[-76.25034878899116,4.700021499124701]]]}},{"type":"Feature","properties":{"v":38.74},"geometry":{"type":"Polygon","coordinates":[[[-76.20034856027706,4.700021499124701],[-76.15034833156297,4.700021499124701],[-76.15034833156297,4.750021727838794],[-76.20034856027706,4.750021727838794],[-76.20034856027706,4.700021499124701]]]}},{"type":"Feature","properties":{"v":37.3},"geometry":{"type":"Polygon","coordinates":[[[-76.15034833156297,4.700021499124701],[-76.10034810284888,4.700021499124701],[-76.10034810284888,4.750021727838794],[-76.15034833156297,4.750021727838794],[-76.15034833156297,4.700021499124701]]]}},{"type":"Feature","properties":{"v":31.77},"geometry":{"type":"Polygon","coordinates":[[[-76.10034810284888,4.700021499124701],[-76.05034787413479,4.700021499124701],[-76.05034787413479,4.750021727838794],[-76.10034810284888,4.750021727838794],[-76.10034810284888,4.700021499124701]]]}},{"type":"Feature","properties":{"v":31.66},"geometry":{"type":"Polygon","coordinates":[[[-76.05034787413479,4.700021499124701],[-76.00034764542069,4.700021499124701],[-76.00034764542069,4.750021727838794],[-76.05034787413479,4.750021727838794],[-76.05034787413479,4.700021499124701]]]}},{"type":"Feature","properties":{"v":33.83},"geometry":{"type":"Polygon","coordinates":[[[-76.00034764542069,4.700021499124701],[-75.9503474167066,4.700021499124701],[-75.9503474167066,4.750021727838794],[-76.00034764542069,4.750021727838794],[-76.00034764542069,4.700021499124701]]]}},{"type":"Feature","properties":{"v":34.31},"geometry":{"type":"Polygon","coordinates":[[[-75.9503474167066,4.700021499124701],[-75.90034718799251,4.700021499124701],[-75.90034718799251,4.750021727838794],[-75.9503474167066,4.750021727838794],[-75.9503474167066,4.700021499124701]]]}},{"type":"Feature","properties":{"v":37.77},"geometry":{"type":"Polygon","coordinates":[[[-75.90034718799251,4.700021499124701],[-75.85034695927841,4.700021499124701],[-75.85034695927841,4.750021727838794],[-75.90034718799251,4.750021727838794],[-75.90034718799251,4.700021499124701]]]}},{"type":"Feature","properties":{"v":33.32},"geometry":{"type":"Polygon","coordinates":[[[-75.85034695927841,4.700021499124701],[-75.80034673056433,4.700021499124701],[-75.80034673056433,4.750021727838794],[-75.85034695927841,4.750021727838794],[-75.85034695927841,4.700021499124701]]]}},{"type":"Feature","properties":{"v":30.91},"geometry":{"type":"Polygon","coordinates":[[[-75.80034673056433,4.700021499124701],[-75.75034650185023,4.700021499124701],[-75.75034650185023,4.750021727838794],[-75.80034673056433,4.750021727838794],[-75.80034673056433,4.700021499124701]]]}},{"type":"Feature","properties":{"v":34.52},"geometry":{"type":"Polygon","coordinates":[[[-75.75034650185023,4.700021499124701],[-75.70034627313613,4.700021499124701],[-75.70034627313613,4.750021727838794],[-75.75034650185023,4.750021727838794],[-75.75034650185023,4.700021499124701]]]}},{"type":"Feature","properties":{"v":26.14},"geometry":{"type":"Polygon","coordinates":[[[-75.70034627313613,4.700021499124701],[-75.65034604442205,4.700021499124701],[-75.65034604442205,4.750021727838794],[-75.70034627313613,4.750021727838794],[-75.70034627313613,4.700021499124701]]]}},{"type":"Feature","properties":{"v":14.86},"geometry":{"type":"Polygon","coordinates":[[[-75.65034604442205,4.700021499124701],[-75.60034581570795,4.700021499124701],[-75.60034581570795,4.750021727838794],[-75.65034604442205,4.750021727838794],[-75.65034604442205,4.700021499124701]]]}},{"type":"Feature","properties":{"v":14.82},"geometry":{"type":"Polygon","coordinates":[[[-75.60034581570795,4.700021499124701],[-75.55034558699386,4.700021499124701],[-75.55034558699386,4.750021727838794],[-75.60034581570795,4.750021727838794],[-75.60034581570795,4.700021499124701]]]}},{"type":"Feature","properties":{"v":16.5},"geometry":{"type":"Polygon","coordinates":[[[-75.55034558699386,4.700021499124701],[-75.50034535827977,4.700021499124701],[-75.50034535827977,4.750021727838794],[-75.55034558699386,4.750021727838794],[-75.55034558699386,4.700021499124701]]]}},{"type":"Feature","properties":{"v":18.6},"geometry":{"type":"Polygon","coordinates":[[[-75.50034535827977,4.700021499124701],[-75.45034512956568,4.700021499124701],[-75.45034512956568,4.750021727838794],[-75.50034535827977,4.750021727838794],[-75.50034535827977,4.700021499124701]]]}},{"type":"Feature","properties":{"v":17.23},"geometry":{"type":"Polygon","coordinates":[[[-75.45034512956568,4.700021499124701],[-75.40034490085158,4.700021499124701],[-75.40034490085158,4.750021727838794],[-75.45034512956568,4.750021727838794],[-75.45034512956568,4.700021499124701]]]}},{"type":"Feature","properties":{"v":16.68},"geometry":{"type":"Polygon","coordinates":[[[-75.40034490085158,4.700021499124701],[-75.3503446721375,4.700021499124701],[-75.3503446721375,4.750021727838794],[-75.40034490085158,4.750021727838794],[-75.40034490085158,4.700021499124701]]]}},{"type":"Feature","properties":{"v":16.07},"geometry":{"type":"Polygon","coordinates":[[[-75.3503446721375,4.700021499124701],[-75.3003444434234,4.700021499124701],[-75.3003444434234,4.750021727838794],[-75.3503446721375,4.750021727838794],[-75.3503446721375,4.700021499124701]]]}},{"type":"Feature","properties":{"v":14.92},"geometry":{"type":"Polygon","coordinates":[[[-75.3003444434234,4.700021499124701],[-75.2503442147093,4.700021499124701],[-75.2503442147093,4.750021727838794],[-75.3003444434234,4.750021727838794],[-75.3003444434234,4.700021499124701]]]}},{"type":"Feature","properties":{"v":14.18},"geometry":{"type":"Polygon","coordinates":[[[-75.2503442147093,4.700021499124701],[-75.20034398599522,4.700021499124701],[-75.20034398599522,4.750021727838794],[-75.2503442147093,4.750021727838794],[-75.2503442147093,4.700021499124701]]]}},{"type":"Feature","properties":{"v":12.54},"geometry":{"type":"Polygon","coordinates":[[[-75.20034398599522,4.700021499124701],[-75.15034375728112,4.700021499124701],[-75.15034375728112,4.750021727838794],[-75.20034398599522,4.750021727838794],[-75.20034398599522,4.700021499124701]]]}},{"type":"Feature","properties":{"v":11.75},"geometry":{"type":"Polygon","coordinates":[[[-75.15034375728112,4.700021499124701],[-75.10034352856702,4.700021499124701],[-75.10034352856702,4.750021727838794],[-75.15034375728112,4.750021727838794],[-75.15034375728112,4.700021499124701]]]}},{"type":"Feature","properties":{"v":42.15},"geometry":{"type":"Polygon","coordinates":[[[-77.35035382070119,4.650021270410609],[-77.3003535919871,4.650021270410609],[-77.3003535919871,4.700021499124701],[-77.35035382070119,4.700021499124701],[-77.35035382070119,4.650021270410609]]]}},{"type":"Feature","properties":{"v":40.55},"geometry":{"type":"Polygon","coordinates":[[[-77.3003535919871,4.650021270410609],[-77.250353363273,4.650021270410609],[-77.250353363273,4.700021499124701],[-77.3003535919871,4.700021499124701],[-77.3003535919871,4.650021270410609]]]}},{"type":"Feature","properties":{"v":41.37},"geometry":{"type":"Polygon","coordinates":[[[-77.250353363273,4.650021270410609],[-77.20035313455891,4.650021270410609],[-77.20035313455891,4.700021499124701],[-77.250353363273,4.700021499124701],[-77.250353363273,4.650021270410609]]]}},{"type":"Feature","properties":{"v":39.91},"geometry":{"type":"Polygon","coordinates":[[[-77.20035313455891,4.650021270410609],[-77.15035290584483,4.650021270410609],[-77.15035290584483,4.700021499124701],[-77.20035313455891,4.700021499124701],[-77.20035313455891,4.650021270410609]]]}},{"type":"Feature","properties":{"v":39.25},"geometry":{"type":"Polygon","coordinates":[[[-77.15035290584483,4.650021270410609],[-77.10035267713073,4.650021270410609],[-77.10035267713073,4.700021499124701],[-77.15035290584483,4.700021499124701],[-77.15035290584483,4.650021270410609]]]}},{"type":"Feature","properties":{"v":40.08},"geometry":{"type":"Polygon","coordinates":[[[-77.10035267713073,4.650021270410609],[-77.05035244841663,4.650021270410609],[-77.05035244841663,4.700021499124701],[-77.10035267713073,4.700021499124701],[-77.10035267713073,4.650021270410609]]]}},{"type":"Feature","properties":{"v":38.1},"geometry":{"type":"Polygon","coordinates":[[[-77.05035244841663,4.650021270410609],[-77.00035221970255,4.650021270410609],[-77.00035221970255,4.700021499124701],[-77.05035244841663,4.700021499124701],[-77.05035244841663,4.650021270410609]]]}},{"type":"Feature","properties":{"v":38.89},"geometry":{"type":"Polygon","coordinates":[[[-77.00035221970255,4.650021270410609],[-76.95035199098845,4.650021270410609],[-76.95035199098845,4.700021499124701],[-77.00035221970255,4.700021499124701],[-77.00035221970255,4.650021270410609]]]}},{"type":"Feature","properties":{"v":38.42},"geometry":{"type":"Polygon","coordinates":[[[-76.95035199098845,4.650021270410609],[-76.90035176227435,4.650021270410609],[-76.90035176227435,4.700021499124701],[-76.95035199098845,4.700021499124701],[-76.95035199098845,4.650021270410609]]]}},{"type":"Feature","properties":{"v":37.93},"geometry":{"type":"Polygon","coordinates":[[[-76.90035176227435,4.650021270410609],[-76.85035153356027,4.650021270410609],[-76.85035153356027,4.700021499124701],[-76.90035176227435,4.700021499124701],[-76.90035176227435,4.650021270410609]]]}},{"type":"Feature","properties":{"v":39.33},"geometry":{"type":"Polygon","coordinates":[[[-76.85035153356027,4.650021270410609],[-76.80035130484617,4.650021270410609],[-76.80035130484617,4.700021499124701],[-76.85035153356027,4.700021499124701],[-76.85035153356027,4.650021270410609]]]}},{"type":"Feature","properties":{"v":39.78},"geometry":{"type":"Polygon","coordinates":[[[-76.80035130484617,4.650021270410609],[-76.75035107613208,4.650021270410609],[-76.75035107613208,4.700021499124701],[-76.80035130484617,4.700021499124701],[-76.80035130484617,4.650021270410609]]]}},{"type":"Feature","properties":{"v":44.22},"geometry":{"type":"Polygon","coordinates":[[[-76.75035107613208,4.650021270410609],[-76.700350847418,4.650021270410609],[-76.700350847418,4.700021499124701],[-76.75035107613208,4.700021499124701],[-76.75035107613208,4.650021270410609]]]}},{"type":"Feature","properties":{"v":45.63},"geometry":{"type":"Polygon","coordinates":[[[-76.700350847418,4.650021270410609],[-76.6503506187039,4.650021270410609],[-76.6503506187039,4.700021499124701],[-76.700350847418,4.700021499124701],[-76.700350847418,4.650021270410609]]]}},{"type":"Feature","properties":{"v":50.13},"geometry":{"type":"Polygon","coordinates":[[[-76.6503506187039,4.650021270410609],[-76.6003503899898,4.650021270410609],[-76.6003503899898,4.700021499124701],[-76.6503506187039,4.700021499124701],[-76.6503506187039,4.650021270410609]]]}},{"type":"Feature","properties":{"v":52.46},"geometry":{"type":"Polygon","coordinates":[[[-76.6003503899898,4.650021270410609],[-76.55035016127572,4.650021270410609],[-76.55035016127572,4.700021499124701],[-76.6003503899898,4.700021499124701],[-76.6003503899898,4.650021270410609]]]}},{"type":"Feature","properties":{"v":57.18},"geometry":{"type":"Polygon","coordinates":[[[-76.55035016127572,4.650021270410609],[-76.50034993256162,4.650021270410609],[-76.50034993256162,4.700021499124701],[-76.55035016127572,4.700021499124701],[-76.55035016127572,4.650021270410609]]]}},{"type":"Feature","properties":{"v":56.85},"geometry":{"type":"Polygon","coordinates":[[[-76.50034993256162,4.650021270410609],[-76.45034970384752,4.650021270410609],[-76.45034970384752,4.700021499124701],[-76.50034993256162,4.700021499124701],[-76.50034993256162,4.650021270410609]]]}},{"type":"Feature","properties":{"v":61.61},"geometry":{"type":"Polygon","coordinates":[[[-76.45034970384752,4.650021270410609],[-76.40034947513344,4.650021270410609],[-76.40034947513344,4.700021499124701],[-76.45034970384752,4.700021499124701],[-76.45034970384752,4.650021270410609]]]}},{"type":"Feature","properties":{"v":53.46},"geometry":{"type":"Polygon","coordinates":[[[-76.40034947513344,4.650021270410609],[-76.35034924641934,4.650021270410609],[-76.35034924641934,4.700021499124701],[-76.40034947513344,4.700021499124701],[-76.40034947513344,4.650021270410609]]]}},{"type":"Feature","properties":{"v":50.91},"geometry":{"type":"Polygon","coordinates":[[[-76.35034924641934,4.650021270410609],[-76.30034901770524,4.650021270410609],[-76.30034901770524,4.700021499124701],[-76.35034924641934,4.700021499124701],[-76.35034924641934,4.650021270410609]]]}},{"type":"Feature","properties":{"v":45.56},"geometry":{"type":"Polygon","coordinates":[[[-76.30034901770524,4.650021270410609],[-76.25034878899116,4.650021270410609],[-76.25034878899116,4.700021499124701],[-76.30034901770524,4.700021499124701],[-76.30034901770524,4.650021270410609]]]}},{"type":"Feature","properties":{"v":50.26},"geometry":{"type":"Polygon","coordinates":[[[-76.25034878899116,4.650021270410609],[-76.20034856027706,4.650021270410609],[-76.20034856027706,4.700021499124701],[-76.25034878899116,4.700021499124701],[-76.25034878899116,4.650021270410609]]]}},{"type":"Feature","properties":{"v":40.3},"geometry":{"type":"Polygon","coordinates":[[[-76.20034856027706,4.650021270410609],[-76.15034833156297,4.650021270410609],[-76.15034833156297,4.700021499124701],[-76.20034856027706,4.700021499124701],[-76.20034856027706,4.650021270410609]]]}},{"type":"Feature","properties":{"v":38.56},"geometry":{"type":"Polygon","coordinates":[[[-76.15034833156297,4.650021270410609],[-76.10034810284888,4.650021270410609],[-76.10034810284888,4.700021499124701],[-76.15034833156297,4.700021499124701],[-76.15034833156297,4.650021270410609]]]}},{"type":"Feature","properties":{"v":34.98},"geometry":{"type":"Polygon","coordinates":[[[-76.10034810284888,4.650021270410609],[-76.05034787413479,4.650021270410609],[-76.05034787413479,4.700021499124701],[-76.10034810284888,4.700021499124701],[-76.10034810284888,4.650021270410609]]]}},{"type":"Feature","properties":{"v":30.88},"geometry":{"type":"Polygon","coordinates":[[[-76.05034787413479,4.650021270410609],[-76.00034764542069,4.650021270410609],[-76.00034764542069,4.700021499124701],[-76.05034787413479,4.700021499124701],[-76.05034787413479,4.650021270410609]]]}},{"type":"Feature","properties":{"v":36.0},"geometry":{"type":"Polygon","coordinates":[[[-76.00034764542069,4.650021270410609],[-75.9503474167066,4.650021270410609],[-75.9503474167066,4.700021499124701],[-76.00034764542069,4.700021499124701],[-76.00034764542069,4.650021270410609]]]}},{"type":"Feature","properties":{"v":31.26},"geometry":{"type":"Polygon","coordinates":[[[-75.9503474167066,4.650021270410609],[-75.90034718799251,4.650021270410609],[-75.90034718799251,4.700021499124701],[-75.9503474167066,4.700021499124701],[-75.9503474167066,4.650021270410609]]]}},{"type":"Feature","properties":{"v":33.17},"geometry":{"type":"Polygon","coordinates":[[[-75.90034718799251,4.650021270410609],[-75.85034695927841,4.650021270410609],[-75.85034695927841,4.700021499124701],[-75.90034718799251,4.700021499124701],[-75.90034718799251,4.650021270410609]]]}},{"type":"Feature","properties":{"v":31.91},"geometry":{"type":"Polygon","coordinates":[[[-75.85034695927841,4.650021270410609],[-75.80034673056433,4.650021270410609],[-75.80034673056433,4.700021499124701],[-75.85034695927841,4.700021499124701],[-75.85034695927841,4.650021270410609]]]}},{"type":"Feature","properties":{"v":30.97},"geometry":{"type":"Polygon","coordinates":[[[-75.80034673056433,4.650021270410609],[-75.75034650185023,4.650021270410609],[-75.75034650185023,4.700021499124701],[-75.80034673056433,4.700021499124701],[-75.80034673056433,4.650021270410609]]]}},{"type":"Feature","properties":{"v":32.21},"geometry":{"type":"Polygon","coordinates":[[[-75.75034650185023,4.650021270410609],[-75.70034627313613,4.650021270410609],[-75.70034627313613,4.700021499124701],[-75.75034650185023,4.700021499124701],[-75.75034650185023,4.650021270410609]]]}},{"type":"Feature","properties":{"v":31.93},"geometry":{"type":"Polygon","coordinates":[[[-75.70034627313613,4.650021270410609],[-75.65034604442205,4.650021270410609],[-75.65034604442205,4.700021499124701],[-75.70034627313613,4.700021499124701],[-75.70034627313613,4.650021270410609]]]}},{"type":"Feature","properties":{"v":15.03},"geometry":{"type":"Polygon","coordinates":[[[-75.65034604442205,4.650021270410609],[-75.60034581570795,4.650021270410609],[-75.60034581570795,4.700021499124701],[-75.65034604442205,4.700021499124701],[-75.65034604442205,4.650021270410609]]]}},{"type":"Feature","properties":{"v":14.32},"geometry":{"type":"Polygon","coordinates":[[[-75.60034581570795,4.650021270410609],[-75.55034558699386,4.650021270410609],[-75.55034558699386,4.700021499124701],[-75.60034581570795,4.700021499124701],[-75.60034581570795,4.650021270410609]]]}},{"type":"Feature","properties":{"v":14.43},"geometry":{"type":"Polygon","coordinates":[[[-75.55034558699386,4.650021270410609],[-75.50034535827977,4.650021270410609],[-75.50034535827977,4.700021499124701],[-75.55034558699386,4.700021499124701],[-75.55034558699386,4.650021270410609]]]}},{"type":"Feature","properties":{"v":16.83},"geometry":{"type":"Polygon","coordinates":[[[-75.50034535827977,4.650021270410609],[-75.45034512956568,4.650021270410609],[-75.45034512956568,4.700021499124701],[-75.50034535827977,4.700021499124701],[-75.50034535827977,4.650021270410609]]]}},{"type":"Feature","properties":{"v":15.73},"geometry":{"type":"Polygon","coordinates":[[[-75.45034512956568,4.650021270410609],[-75.40034490085158,4.650021270410609],[-75.40034490085158,4.700021499124701],[-75.45034512956568,4.700021499124701],[-75.45034512956568,4.650021270410609]]]}},{"type":"Feature","properties":{"v":14.65},"geometry":{"type":"Polygon","coordinates":[[[-75.40034490085158,4.650021270410609],[-75.3503446721375,4.650021270410609],[-75.3503446721375,4.700021499124701],[-75.40034490085158,4.700021499124701],[-75.40034490085158,4.650021270410609]]]}},{"type":"Feature","properties":{"v":14.66},"geometry":{"type":"Polygon","coordinates":[[[-75.3503446721375,4.650021270410609],[-75.3003444434234,4.650021270410609],[-75.3003444434234,4.700021499124701],[-75.3503446721375,4.700021499124701],[-75.3503446721375,4.650021270410609]]]}},{"type":"Feature","properties":{"v":13.93},"geometry":{"type":"Polygon","coordinates":[[[-75.3003444434234,4.650021270410609],[-75.2503442147093,4.650021270410609],[-75.2503442147093,4.700021499124701],[-75.3003444434234,4.700021499124701],[-75.3003444434234,4.650021270410609]]]}},{"type":"Feature","properties":{"v":13.49},"geometry":{"type":"Polygon","coordinates":[[[-75.2503442147093,4.650021270410609],[-75.20034398599522,4.650021270410609],[-75.20034398599522,4.700021499124701],[-75.2503442147093,4.700021499124701],[-75.2503442147093,4.650021270410609]]]}},{"type":"Feature","properties":{"v":12.54},"geometry":{"type":"Polygon","coordinates":[[[-75.20034398599522,4.650021270410609],[-75.15034375728112,4.650021270410609],[-75.15034375728112,4.700021499124701],[-75.20034398599522,4.700021499124701],[-75.20034398599522,4.650021270410609]]]}},{"type":"Feature","properties":{"v":12.07},"geometry":{"type":"Polygon","coordinates":[[[-75.15034375728112,4.650021270410609],[-75.10034352856702,4.650021270410609],[-75.10034352856702,4.700021499124701],[-75.15034375728112,4.700021499124701],[-75.15034375728112,4.650021270410609]]]}},{"type":"Feature","properties":{"v":40.42},"geometry":{"type":"Polygon","coordinates":[[[-77.35035382070119,4.600021041696516],[-77.3003535919871,4.600021041696516],[-77.3003535919871,4.650021270410609],[-77.35035382070119,4.650021270410609],[-77.35035382070119,4.600021041696516]]]}},{"type":"Feature","properties":{"v":38.04},"geometry":{"type":"Polygon","coordinates":[[[-77.3003535919871,4.600021041696516],[-77.250353363273,4.600021041696516],[-77.250353363273,4.650021270410609],[-77.3003535919871,4.650021270410609],[-77.3003535919871,4.600021041696516]]]}},{"type":"Feature","properties":{"v":38.77},"geometry":{"type":"Polygon","coordinates":[[[-77.250353363273,4.600021041696516],[-77.20035313455891,4.600021041696516],[-77.20035313455891,4.650021270410609],[-77.250353363273,4.650021270410609],[-77.250353363273,4.600021041696516]]]}},{"type":"Feature","properties":{"v":37.62},"geometry":{"type":"Polygon","coordinates":[[[-77.20035313455891,4.600021041696516],[-77.15035290584483,4.600021041696516],[-77.15035290584483,4.650021270410609],[-77.20035313455891,4.650021270410609],[-77.20035313455891,4.600021041696516]]]}},{"type":"Feature","properties":{"v":37.29},"geometry":{"type":"Polygon","coordinates":[[[-77.15035290584483,4.600021041696516],[-77.10035267713073,4.600021041696516],[-77.10035267713073,4.650021270410609],[-77.15035290584483,4.650021270410609],[-77.15035290584483,4.600021041696516]]]}},{"type":"Feature","properties":{"v":37.39},"geometry":{"type":"Polygon","coordinates":[[[-77.10035267713073,4.600021041696516],[-77.05035244841663,4.600021041696516],[-77.05035244841663,4.650021270410609],[-77.10035267713073,4.650021270410609],[-77.10035267713073,4.600021041696516]]]}},{"type":"Feature","properties":{"v":37.21},"geometry":{"type":"Polygon","coordinates":[[[-77.05035244841663,4.600021041696516],[-77.00035221970255,4.600021041696516],[-77.00035221970255,4.650021270410609],[-77.05035244841663,4.650021270410609],[-77.05035244841663,4.600021041696516]]]}},{"type":"Feature","properties":{"v":37.01},"geometry":{"type":"Polygon","coordinates":[[[-77.00035221970255,4.600021041696516],[-76.95035199098845,4.600021041696516],[-76.95035199098845,4.650021270410609],[-77.00035221970255,4.650021270410609],[-77.00035221970255,4.600021041696516]]]}},{"type":"Feature","properties":{"v":37.7},"geometry":{"type":"Polygon","coordinates":[[[-76.95035199098845,4.600021041696516],[-76.90035176227435,4.600021041696516],[-76.90035176227435,4.650021270410609],[-76.95035199098845,4.650021270410609],[-76.95035199098845,4.600021041696516]]]}},{"type":"Feature","properties":{"v":38.32},"geometry":{"type":"Polygon","coordinates":[[[-76.90035176227435,4.600021041696516],[-76.85035153356027,4.600021041696516],[-76.85035153356027,4.650021270410609],[-76.90035176227435,4.650021270410609],[-76.90035176227435,4.600021041696516]]]}},{"type":"Feature","properties":{"v":40.36},"geometry":{"type":"Polygon","coordinates":[[[-76.85035153356027,4.600021041696516],[-76.80035130484617,4.600021041696516],[-76.80035130484617,4.650021270410609],[-76.85035153356027,4.650021270410609],[-76.85035153356027,4.600021041696516]]]}},{"type":"Feature","properties":{"v":40.85},"geometry":{"type":"Polygon","coordinates":[[[-76.80035130484617,4.600021041696516],[-76.75035107613208,4.600021041696516],[-76.75035107613208,4.650021270410609],[-76.80035130484617,4.650021270410609],[-76.80035130484617,4.600021041696516]]]}},{"type":"Feature","properties":{"v":44.48},"geometry":{"type":"Polygon","coordinates":[[[-76.75035107613208,4.600021041696516],[-76.700350847418,4.600021041696516],[-76.700350847418,4.650021270410609],[-76.75035107613208,4.650021270410609],[-76.75035107613208,4.600021041696516]]]}},{"type":"Feature","properties":{"v":47.54},"geometry":{"type":"Polygon","coordinates":[[[-76.700350847418,4.600021041696516],[-76.6503506187039,4.600021041696516],[-76.6503506187039,4.650021270410609],[-76.700350847418,4.650021270410609],[-76.700350847418,4.600021041696516]]]}},{"type":"Feature","properties":{"v":51.7},"geometry":{"type":"Polygon","coordinates":[[[-76.6503506187039,4.600021041696516],[-76.6003503899898,4.600021041696516],[-76.6003503899898,4.650021270410609],[-76.6503506187039,4.650021270410609],[-76.6503506187039,4.600021041696516]]]}},{"type":"Feature","properties":{"v":56.91},"geometry":{"type":"Polygon","coordinates":[[[-76.6003503899898,4.600021041696516],[-76.55035016127572,4.600021041696516],[-76.55035016127572,4.650021270410609],[-76.6003503899898,4.650021270410609],[-76.6003503899898,4.600021041696516]]]}},{"type":"Feature","properties":{"v":61.6},"geometry":{"type":"Polygon","coordinates":[[[-76.55035016127572,4.600021041696516],[-76.50034993256162,4.600021041696516],[-76.50034993256162,4.650021270410609],[-76.55035016127572,4.650021270410609],[-76.55035016127572,4.600021041696516]]]}},{"type":"Feature","properties":{"v":63.37},"geometry":{"type":"Polygon","coordinates":[[[-76.50034993256162,4.600021041696516],[-76.45034970384752,4.600021041696516],[-76.45034970384752,4.650021270410609],[-76.50034993256162,4.650021270410609],[-76.50034993256162,4.600021041696516]]]}},{"type":"Feature","properties":{"v":63.84},"geometry":{"type":"Polygon","coordinates":[[[-76.45034970384752,4.600021041696516],[-76.40034947513344,4.600021041696516],[-76.40034947513344,4.650021270410609],[-76.45034970384752,4.650021270410609],[-76.45034970384752,4.600021041696516]]]}},{"type":"Feature","properties":{"v":59.4},"geometry":{"type":"Polygon","coordinates":[[[-76.40034947513344,4.600021041696516],[-76.35034924641934,4.600021041696516],[-76.35034924641934,4.650021270410609],[-76.40034947513344,4.650021270410609],[-76.40034947513344,4.600021041696516]]]}},{"type":"Feature","properties":{"v":53.63},"geometry":{"type":"Polygon","coordinates":[[[-76.35034924641934,4.600021041696516],[-76.30034901770524,4.600021041696516],[-76.30034901770524,4.650021270410609],[-76.35034924641934,4.650021270410609],[-76.35034924641934,4.600021041696516]]]}},{"type":"Feature","properties":{"v":51.66},"geometry":{"type":"Polygon","coordinates":[[[-76.30034901770524,4.600021041696516],[-76.25034878899116,4.600021041696516],[-76.25034878899116,4.650021270410609],[-76.30034901770524,4.650021270410609],[-76.30034901770524,4.600021041696516]]]}},{"type":"Feature","properties":{"v":44.32},"geometry":{"type":"Polygon","coordinates":[[[-76.25034878899116,4.600021041696516],[-76.20034856027706,4.600021041696516],[-76.20034856027706,4.650021270410609],[-76.25034878899116,4.650021270410609],[-76.25034878899116,4.600021041696516]]]}},{"type":"Feature","properties":{"v":40.78},"geometry":{"type":"Polygon","coordinates":[[[-76.20034856027706,4.600021041696516],[-76.15034833156297,4.600021041696516],[-76.15034833156297,4.650021270410609],[-76.20034856027706,4.650021270410609],[-76.20034856027706,4.600021041696516]]]}},{"type":"Feature","properties":{"v":40.48},"geometry":{"type":"Polygon","coordinates":[[[-76.15034833156297,4.600021041696516],[-76.10034810284888,4.600021041696516],[-76.10034810284888,4.650021270410609],[-76.15034833156297,4.650021270410609],[-76.15034833156297,4.600021041696516]]]}},{"type":"Feature","properties":{"v":35.86},"geometry":{"type":"Polygon","coordinates":[[[-76.10034810284888,4.600021041696516],[-76.05034787413479,4.600021041696516],[-76.05034787413479,4.650021270410609],[-76.10034810284888,4.650021270410609],[-76.10034810284888,4.600021041696516]]]}},{"type":"Feature","properties":{"v":32.0},"geometry":{"type":"Polygon","coordinates":[[[-76.05034787413479,4.600021041696516],[-76.00034764542069,4.600021041696516],[-76.00034764542069,4.650021270410609],[-76.05034787413479,4.650021270410609],[-76.05034787413479,4.600021041696516]]]}},{"type":"Feature","properties":{"v":38.31},"geometry":{"type":"Polygon","coordinates":[[[-76.00034764542069,4.600021041696516],[-75.9503474167066,4.600021041696516],[-75.9503474167066,4.650021270410609],[-76.00034764542069,4.650021270410609],[-76.00034764542069,4.600021041696516]]]}},{"type":"Feature","properties":{"v":29.77},"geometry":{"type":"Polygon","coordinates":[[[-75.9503474167066,4.600021041696516],[-75.90034718799251,4.600021041696516],[-75.90034718799251,4.650021270410609],[-75.9503474167066,4.650021270410609],[-75.9503474167066,4.600021041696516]]]}},{"type":"Feature","properties":{"v":31.11},"geometry":{"type":"Polygon","coordinates":[[[-75.90034718799251,4.600021041696516],[-75.85034695927841,4.600021041696516],[-75.85034695927841,4.650021270410609],[-75.90034718799251,4.650021270410609],[-75.90034718799251,4.600021041696516]]]}},{"type":"Feature","properties":{"v":26.9},"geometry":{"type":"Polygon","coordinates":[[[-75.85034695927841,4.600021041696516],[-75.80034673056433,4.600021041696516],[-75.80034673056433,4.650021270410609],[-75.85034695927841,4.650021270410609],[-75.85034695927841,4.600021041696516]]]}},{"type":"Feature","properties":{"v":25.51},"geometry":{"type":"Polygon","coordinates":[[[-75.80034673056433,4.600021041696516],[-75.75034650185023,4.600021041696516],[-75.75034650185023,4.650021270410609],[-75.80034673056433,4.650021270410609],[-75.80034673056433,4.600021041696516]]]}},{"type":"Feature","properties":{"v":23.81},"geometry":{"type":"Polygon","coordinates":[[[-75.75034650185023,4.600021041696516],[-75.70034627313613,4.600021041696516],[-75.70034627313613,4.650021270410609],[-75.75034650185023,4.650021270410609],[-75.75034650185023,4.600021041696516]]]}},{"type":"Feature","properties":{"v":24.58},"geometry":{"type":"Polygon","coordinates":[[[-75.70034627313613,4.600021041696516],[-75.65034604442205,4.600021041696516],[-75.65034604442205,4.650021270410609],[-75.70034627313613,4.650021270410609],[-75.70034627313613,4.600021041696516]]]}},{"type":"Feature","properties":{"v":22.55},"geometry":{"type":"Polygon","coordinates":[[[-75.65034604442205,4.600021041696516],[-75.60034581570795,4.600021041696516],[-75.60034581570795,4.650021270410609],[-75.65034604442205,4.650021270410609],[-75.65034604442205,4.600021041696516]]]}},{"type":"Feature","properties":{"v":13.89},"geometry":{"type":"Polygon","coordinates":[[[-75.60034581570795,4.600021041696516],[-75.55034558699386,4.600021041696516],[-75.55034558699386,4.650021270410609],[-75.60034581570795,4.650021270410609],[-75.60034581570795,4.600021041696516]]]}},{"type":"Feature","properties":{"v":13.54},"geometry":{"type":"Polygon","coordinates":[[[-75.55034558699386,4.600021041696516],[-75.50034535827977,4.600021041696516],[-75.50034535827977,4.650021270410609],[-75.55034558699386,4.650021270410609],[-75.55034558699386,4.600021041696516]]]}},{"type":"Feature","properties":{"v":14.91},"geometry":{"type":"Polygon","coordinates":[[[-75.50034535827977,4.600021041696516],[-75.45034512956568,4.600021041696516],[-75.45034512956568,4.650021270410609],[-75.50034535827977,4.650021270410609],[-75.50034535827977,4.600021041696516]]]}},{"type":"Feature","properties":{"v":14.75},"geometry":{"type":"Polygon","coordinates":[[[-75.45034512956568,4.600021041696516],[-75.40034490085158,4.600021041696516],[-75.40034490085158,4.650021270410609],[-75.45034512956568,4.650021270410609],[-75.45034512956568,4.600021041696516]]]}},{"type":"Feature","properties":{"v":13.91},"geometry":{"type":"Polygon","coordinates":[[[-75.40034490085158,4.600021041696516],[-75.3503446721375,4.600021041696516],[-75.3503446721375,4.650021270410609],[-75.40034490085158,4.650021270410609],[-75.40034490085158,4.600021041696516]]]}},{"type":"Feature","properties":{"v":12.43},"geometry":{"type":"Polygon","coordinates":[[[-75.3503446721375,4.600021041696516],[-75.3003444434234,4.600021041696516],[-75.3003444434234,4.650021270410609],[-75.3503446721375,4.650021270410609],[-75.3503446721375,4.600021041696516]]]}},{"type":"Feature","properties":{"v":11.51},"geometry":{"type":"Polygon","coordinates":[[[-75.3003444434234,4.600021041696516],[-75.2503442147093,4.600021041696516],[-75.2503442147093,4.650021270410609],[-75.3003444434234,4.650021270410609],[-75.3003444434234,4.600021041696516]]]}},{"type":"Feature","properties":{"v":13.64},"geometry":{"type":"Polygon","coordinates":[[[-75.2503442147093,4.600021041696516],[-75.20034398599522,4.600021041696516],[-75.20034398599522,4.650021270410609],[-75.2503442147093,4.650021270410609],[-75.2503442147093,4.600021041696516]]]}},{"type":"Feature","properties":{"v":13.14},"geometry":{"type":"Polygon","coordinates":[[[-75.20034398599522,4.600021041696516],[-75.15034375728112,4.600021041696516],[-75.15034375728112,4.650021270410609],[-75.20034398599522,4.650021270410609],[-75.20034398599522,4.600021041696516]]]}},{"type":"Feature","properties":{"v":11.66},"geometry":{"type":"Polygon","coordinates":[[[-75.15034375728112,4.600021041696516],[-75.10034352856702,4.600021041696516],[-75.10034352856702,4.650021270410609],[-75.15034375728112,4.650021270410609],[-75.15034375728112,4.600021041696516]]]}},{"type":"Feature","properties":{"v":37.48},"geometry":{"type":"Polygon","coordinates":[[[-77.35035382070119,4.550020812982424],[-77.3003535919871,4.550020812982424],[-77.3003535919871,4.600021041696516],[-77.35035382070119,4.600021041696516],[-77.35035382070119,4.550020812982424]]]}},{"type":"Feature","properties":{"v":37.42},"geometry":{"type":"Polygon","coordinates":[[[-77.3003535919871,4.550020812982424],[-77.250353363273,4.550020812982424],[-77.250353363273,4.600021041696516],[-77.3003535919871,4.600021041696516],[-77.3003535919871,4.550020812982424]]]}},{"type":"Feature","properties":{"v":39.53},"geometry":{"type":"Polygon","coordinates":[[[-77.250353363273,4.550020812982424],[-77.20035313455891,4.550020812982424],[-77.20035313455891,4.600021041696516],[-77.250353363273,4.600021041696516],[-77.250353363273,4.550020812982424]]]}},{"type":"Feature","properties":{"v":38.21},"geometry":{"type":"Polygon","coordinates":[[[-77.20035313455891,4.550020812982424],[-77.15035290584483,4.550020812982424],[-77.15035290584483,4.600021041696516],[-77.20035313455891,4.600021041696516],[-77.20035313455891,4.550020812982424]]]}},{"type":"Feature","properties":{"v":37.2},"geometry":{"type":"Polygon","coordinates":[[[-77.15035290584483,4.550020812982424],[-77.10035267713073,4.550020812982424],[-77.10035267713073,4.600021041696516],[-77.15035290584483,4.600021041696516],[-77.15035290584483,4.550020812982424]]]}},{"type":"Feature","properties":{"v":37.07},"geometry":{"type":"Polygon","coordinates":[[[-77.10035267713073,4.550020812982424],[-77.05035244841663,4.550020812982424],[-77.05035244841663,4.600021041696516],[-77.10035267713073,4.600021041696516],[-77.10035267713073,4.550020812982424]]]}},{"type":"Feature","properties":{"v":36.81},"geometry":{"type":"Polygon","coordinates":[[[-77.05035244841663,4.550020812982424],[-77.00035221970255,4.550020812982424],[-77.00035221970255,4.600021041696516],[-77.05035244841663,4.600021041696516],[-77.05035244841663,4.550020812982424]]]}},{"type":"Feature","properties":{"v":38.77},"geometry":{"type":"Polygon","coordinates":[[[-77.00035221970255,4.550020812982424],[-76.95035199098845,4.550020812982424],[-76.95035199098845,4.600021041696516],[-77.00035221970255,4.600021041696516],[-77.00035221970255,4.550020812982424]]]}},{"type":"Feature","properties":{"v":40.48},"geometry":{"type":"Polygon","coordinates":[[[-76.95035199098845,4.550020812982424],[-76.90035176227435,4.550020812982424],[-76.90035176227435,4.600021041696516],[-76.95035199098845,4.600021041696516],[-76.95035199098845,4.550020812982424]]]}},{"type":"Feature","properties":{"v":40.3},"geometry":{"type":"Polygon","coordinates":[[[-76.90035176227435,4.550020812982424],[-76.85035153356027,4.550020812982424],[-76.85035153356027,4.600021041696516],[-76.90035176227435,4.600021041696516],[-76.90035176227435,4.550020812982424]]]}},{"type":"Feature","properties":{"v":41.48},"geometry":{"type":"Polygon","coordinates":[[[-76.85035153356027,4.550020812982424],[-76.80035130484617,4.550020812982424],[-76.80035130484617,4.600021041696516],[-76.85035153356027,4.600021041696516],[-76.85035153356027,4.550020812982424]]]}},{"type":"Feature","properties":{"v":40.72},"geometry":{"type":"Polygon","coordinates":[[[-76.80035130484617,4.550020812982424],[-76.75035107613208,4.550020812982424],[-76.75035107613208,4.600021041696516],[-76.80035130484617,4.600021041696516],[-76.80035130484617,4.550020812982424]]]}},{"type":"Feature","properties":{"v":44.36},"geometry":{"type":"Polygon","coordinates":[[[-76.75035107613208,4.550020812982424],[-76.700350847418,4.550020812982424],[-76.700350847418,4.600021041696516],[-76.75035107613208,4.600021041696516],[-76.75035107613208,4.550020812982424]]]}},{"type":"Feature","properties":{"v":48.03},"geometry":{"type":"Polygon","coordinates":[[[-76.700350847418,4.550020812982424],[-76.6503506187039,4.550020812982424],[-76.6503506187039,4.600021041696516],[-76.700350847418,4.600021041696516],[-76.700350847418,4.550020812982424]]]}},{"type":"Feature","properties":{"v":53.49},"geometry":{"type":"Polygon","coordinates":[[[-76.6503506187039,4.550020812982424],[-76.6003503899898,4.550020812982424],[-76.6003503899898,4.600021041696516],[-76.6503506187039,4.600021041696516],[-76.6503506187039,4.550020812982424]]]}},{"type":"Feature","properties":{"v":58.27},"geometry":{"type":"Polygon","coordinates":[[[-76.6003503899898,4.550020812982424],[-76.55035016127572,4.550020812982424],[-76.55035016127572,4.600021041696516],[-76.6003503899898,4.600021041696516],[-76.6003503899898,4.550020812982424]]]}},{"type":"Feature","properties":{"v":61.16},"geometry":{"type":"Polygon","coordinates":[[[-76.55035016127572,4.550020812982424],[-76.50034993256162,4.550020812982424],[-76.50034993256162,4.600021041696516],[-76.55035016127572,4.600021041696516],[-76.55035016127572,4.550020812982424]]]}},{"type":"Feature","properties":{"v":65.63},"geometry":{"type":"Polygon","coordinates":[[[-76.50034993256162,4.550020812982424],[-76.45034970384752,4.550020812982424],[-76.45034970384752,4.600021041696516],[-76.50034993256162,4.600021041696516],[-76.50034993256162,4.550020812982424]]]}},{"type":"Feature","properties":{"v":67.35},"geometry":{"type":"Polygon","coordinates":[[[-76.45034970384752,4.550020812982424],[-76.40034947513344,4.550020812982424],[-76.40034947513344,4.600021041696516],[-76.45034970384752,4.600021041696516],[-76.45034970384752,4.550020812982424]]]}},{"type":"Feature","properties":{"v":62.89},"geometry":{"type":"Polygon","coordinates":[[[-76.40034947513344,4.550020812982424],[-76.35034924641934,4.550020812982424],[-76.35034924641934,4.600021041696516],[-76.40034947513344,4.600021041696516],[-76.40034947513344,4.550020812982424]]]}},{"type":"Feature","properties":{"v":56.27},"geometry":{"type":"Polygon","coordinates":[[[-76.35034924641934,4.550020812982424],[-76.30034901770524,4.550020812982424],[-76.30034901770524,4.600021041696516],[-76.35034924641934,4.600021041696516],[-76.35034924641934,4.550020812982424]]]}},{"type":"Feature","properties":{"v":53.69},"geometry":{"type":"Polygon","coordinates":[[[-76.30034901770524,4.550020812982424],[-76.25034878899116,4.550020812982424],[-76.25034878899116,4.600021041696516],[-76.30034901770524,4.600021041696516],[-76.30034901770524,4.550020812982424]]]}},{"type":"Feature","properties":{"v":47.13},"geometry":{"type":"Polygon","coordinates":[[[-76.25034878899116,4.550020812982424],[-76.20034856027706,4.550020812982424],[-76.20034856027706,4.600021041696516],[-76.25034878899116,4.600021041696516],[-76.25034878899116,4.550020812982424]]]}},{"type":"Feature","properties":{"v":40.84},"geometry":{"type":"Polygon","coordinates":[[[-76.20034856027706,4.550020812982424],[-76.15034833156297,4.550020812982424],[-76.15034833156297,4.600021041696516],[-76.20034856027706,4.600021041696516],[-76.20034856027706,4.550020812982424]]]}},{"type":"Feature","properties":{"v":39.28},"geometry":{"type":"Polygon","coordinates":[[[-76.15034833156297,4.550020812982424],[-76.10034810284888,4.550020812982424],[-76.10034810284888,4.600021041696516],[-76.15034833156297,4.600021041696516],[-76.15034833156297,4.550020812982424]]]}},{"type":"Feature","properties":{"v":37.45},"geometry":{"type":"Polygon","coordinates":[[[-76.10034810284888,4.550020812982424],[-76.05034787413479,4.550020812982424],[-76.05034787413479,4.600021041696516],[-76.10034810284888,4.600021041696516],[-76.10034810284888,4.550020812982424]]]}},{"type":"Feature","properties":{"v":33.64},"geometry":{"type":"Polygon","coordinates":[[[-76.05034787413479,4.550020812982424],[-76.00034764542069,4.550020812982424],[-76.00034764542069,4.600021041696516],[-76.05034787413479,4.600021041696516],[-76.05034787413479,4.550020812982424]]]}},{"type":"Feature","properties":{"v":38.53},"geometry":{"type":"Polygon","coordinates":[[[-76.00034764542069,4.550020812982424],[-75.9503474167066,4.550020812982424],[-75.9503474167066,4.600021041696516],[-76.00034764542069,4.600021041696516],[-76.00034764542069,4.550020812982424]]]}},{"type":"Feature","properties":{"v":34.79},"geometry":{"type":"Polygon","coordinates":[[[-75.9503474167066,4.550020812982424],[-75.90034718799251,4.550020812982424],[-75.90034718799251,4.600021041696516],[-75.9503474167066,4.600021041696516],[-75.9503474167066,4.550020812982424]]]}},{"type":"Feature","properties":{"v":32.78},"geometry":{"type":"Polygon","coordinates":[[[-75.90034718799251,4.550020812982424],[-75.85034695927841,4.550020812982424],[-75.85034695927841,4.600021041696516],[-75.90034718799251,4.600021041696516],[-75.90034718799251,4.550020812982424]]]}},{"type":"Feature","properties":{"v":28.59},"geometry":{"type":"Polygon","coordinates":[[[-75.85034695927841,4.550020812982424],[-75.80034673056433,4.550020812982424],[-75.80034673056433,4.600021041696516],[-75.85034695927841,4.600021041696516],[-75.85034695927841,4.550020812982424]]]}},{"type":"Feature","properties":{"v":25.84},"geometry":{"type":"Polygon","coordinates":[[[-75.80034673056433,4.550020812982424],[-75.75034650185023,4.550020812982424],[-75.75034650185023,4.600021041696516],[-75.80034673056433,4.600021041696516],[-75.80034673056433,4.550020812982424]]]}},{"type":"Feature","properties":{"v":24.85},"geometry":{"type":"Polygon","coordinates":[[[-75.75034650185023,4.550020812982424],[-75.70034627313613,4.550020812982424],[-75.70034627313613,4.600021041696516],[-75.75034650185023,4.600021041696516],[-75.75034650185023,4.550020812982424]]]}},{"type":"Feature","properties":{"v":27.09},"geometry":{"type":"Polygon","coordinates":[[[-75.70034627313613,4.550020812982424],[-75.65034604442205,4.550020812982424],[-75.65034604442205,4.600021041696516],[-75.70034627313613,4.600021041696516],[-75.70034627313613,4.550020812982424]]]}},{"type":"Feature","properties":{"v":26.3},"geometry":{"type":"Polygon","coordinates":[[[-75.65034604442205,4.550020812982424],[-75.60034581570795,4.550020812982424],[-75.60034581570795,4.600021041696516],[-75.65034604442205,4.600021041696516],[-75.65034604442205,4.550020812982424]]]}},{"type":"Feature","properties":{"v":15.33},"geometry":{"type":"Polygon","coordinates":[[[-75.60034581570795,4.550020812982424],[-75.55034558699386,4.550020812982424],[-75.55034558699386,4.600021041696516],[-75.60034581570795,4.600021041696516],[-75.60034581570795,4.550020812982424]]]}},{"type":"Feature","properties":{"v":13.38},"geometry":{"type":"Polygon","coordinates":[[[-75.55034558699386,4.550020812982424],[-75.50034535827977,4.550020812982424],[-75.50034535827977,4.600021041696516],[-75.55034558699386,4.600021041696516],[-75.55034558699386,4.550020812982424]]]}},{"type":"Feature","properties":{"v":15.07},"geometry":{"type":"Polygon","coordinates":[[[-75.50034535827977,4.550020812982424],[-75.45034512956568,4.550020812982424],[-75.45034512956568,4.600021041696516],[-75.50034535827977,4.600021041696516],[-75.50034535827977,4.550020812982424]]]}},{"type":"Feature","properties":{"v":13.17},"geometry":{"type":"Polygon","coordinates":[[[-75.45034512956568,4.550020812982424],[-75.40034490085158,4.550020812982424],[-75.40034490085158,4.600021041696516],[-75.45034512956568,4.600021041696516],[-75.45034512956568,4.550020812982424]]]}},{"type":"Feature","properties":{"v":13.26},"geometry":{"type":"Polygon","coordinates":[[[-75.40034490085158,4.550020812982424],[-75.3503446721375,4.550020812982424],[-75.3503446721375,4.600021041696516],[-75.40034490085158,4.600021041696516],[-75.40034490085158,4.550020812982424]]]}},{"type":"Feature","properties":{"v":11.15},"geometry":{"type":"Polygon","coordinates":[[[-75.3503446721375,4.550020812982424],[-75.3003444434234,4.550020812982424],[-75.3003444434234,4.600021041696516],[-75.3503446721375,4.600021041696516],[-75.3503446721375,4.550020812982424]]]}},{"type":"Feature","properties":{"v":11.09},"geometry":{"type":"Polygon","coordinates":[[[-75.3003444434234,4.550020812982424],[-75.2503442147093,4.550020812982424],[-75.2503442147093,4.600021041696516],[-75.3003444434234,4.600021041696516],[-75.3003444434234,4.550020812982424]]]}},{"type":"Feature","properties":{"v":12.18},"geometry":{"type":"Polygon","coordinates":[[[-75.2503442147093,4.550020812982424],[-75.20034398599522,4.550020812982424],[-75.20034398599522,4.600021041696516],[-75.2503442147093,4.600021041696516],[-75.2503442147093,4.550020812982424]]]}},{"type":"Feature","properties":{"v":12.93},"geometry":{"type":"Polygon","coordinates":[[[-75.20034398599522,4.550020812982424],[-75.15034375728112,4.550020812982424],[-75.15034375728112,4.600021041696516],[-75.20034398599522,4.600021041696516],[-75.20034398599522,4.550020812982424]]]}},{"type":"Feature","properties":{"v":10.43},"geometry":{"type":"Polygon","coordinates":[[[-75.15034375728112,4.550020812982424],[-75.10034352856702,4.550020812982424],[-75.10034352856702,4.600021041696516],[-75.15034375728112,4.600021041696516],[-75.15034375728112,4.550020812982424]]]}},{"type":"Feature","properties":{"v":36.61},"geometry":{"type":"Polygon","coordinates":[[[-77.35035382070119,4.500020584268331],[-77.3003535919871,4.500020584268331],[-77.3003535919871,4.550020812982424],[-77.35035382070119,4.550020812982424],[-77.35035382070119,4.500020584268331]]]}},{"type":"Feature","properties":{"v":38.64},"geometry":{"type":"Polygon","coordinates":[[[-77.3003535919871,4.500020584268331],[-77.250353363273,4.500020584268331],[-77.250353363273,4.550020812982424],[-77.3003535919871,4.550020812982424],[-77.3003535919871,4.500020584268331]]]}},{"type":"Feature","properties":{"v":38.89},"geometry":{"type":"Polygon","coordinates":[[[-77.250353363273,4.500020584268331],[-77.20035313455891,4.500020584268331],[-77.20035313455891,4.550020812982424],[-77.250353363273,4.550020812982424],[-77.250353363273,4.500020584268331]]]}},{"type":"Feature","properties":{"v":38.62},"geometry":{"type":"Polygon","coordinates":[[[-77.20035313455891,4.500020584268331],[-77.15035290584483,4.500020584268331],[-77.15035290584483,4.550020812982424],[-77.20035313455891,4.550020812982424],[-77.20035313455891,4.500020584268331]]]}},{"type":"Feature","properties":{"v":38.45},"geometry":{"type":"Polygon","coordinates":[[[-77.15035290584483,4.500020584268331],[-77.10035267713073,4.500020584268331],[-77.10035267713073,4.550020812982424],[-77.15035290584483,4.550020812982424],[-77.15035290584483,4.500020584268331]]]}},{"type":"Feature","properties":{"v":38.66},"geometry":{"type":"Polygon","coordinates":[[[-77.10035267713073,4.500020584268331],[-77.05035244841663,4.500020584268331],[-77.05035244841663,4.550020812982424],[-77.10035267713073,4.550020812982424],[-77.10035267713073,4.500020584268331]]]}},{"type":"Feature","properties":{"v":36.58},"geometry":{"type":"Polygon","coordinates":[[[-77.05035244841663,4.500020584268331],[-77.00035221970255,4.500020584268331],[-77.00035221970255,4.550020812982424],[-77.05035244841663,4.550020812982424],[-77.05035244841663,4.500020584268331]]]}},{"type":"Feature","properties":{"v":37.91},"geometry":{"type":"Polygon","coordinates":[[[-77.00035221970255,4.500020584268331],[-76.95035199098845,4.500020584268331],[-76.95035199098845,4.550020812982424],[-77.00035221970255,4.550020812982424],[-77.00035221970255,4.500020584268331]]]}},{"type":"Feature","properties":{"v":38.86},"geometry":{"type":"Polygon","coordinates":[[[-76.95035199098845,4.500020584268331],[-76.90035176227435,4.500020584268331],[-76.90035176227435,4.550020812982424],[-76.95035199098845,4.550020812982424],[-76.95035199098845,4.500020584268331]]]}},{"type":"Feature","properties":{"v":39.06},"geometry":{"type":"Polygon","coordinates":[[[-76.90035176227435,4.500020584268331],[-76.85035153356027,4.500020584268331],[-76.85035153356027,4.550020812982424],[-76.90035176227435,4.550020812982424],[-76.90035176227435,4.500020584268331]]]}},{"type":"Feature","properties":{"v":40.11},"geometry":{"type":"Polygon","coordinates":[[[-76.85035153356027,4.500020584268331],[-76.80035130484617,4.500020584268331],[-76.80035130484617,4.550020812982424],[-76.85035153356027,4.550020812982424],[-76.85035153356027,4.500020584268331]]]}},{"type":"Feature","properties":{"v":40.5},"geometry":{"type":"Polygon","coordinates":[[[-76.80035130484617,4.500020584268331],[-76.75035107613208,4.500020584268331],[-76.75035107613208,4.550020812982424],[-76.80035130484617,4.550020812982424],[-76.80035130484617,4.500020584268331]]]}},{"type":"Feature","properties":{"v":45.55},"geometry":{"type":"Polygon","coordinates":[[[-76.75035107613208,4.500020584268331],[-76.700350847418,4.500020584268331],[-76.700350847418,4.550020812982424],[-76.75035107613208,4.550020812982424],[-76.75035107613208,4.500020584268331]]]}},{"type":"Feature","properties":{"v":50.16},"geometry":{"type":"Polygon","coordinates":[[[-76.700350847418,4.500020584268331],[-76.6503506187039,4.500020584268331],[-76.6503506187039,4.550020812982424],[-76.700350847418,4.550020812982424],[-76.700350847418,4.500020584268331]]]}},{"type":"Feature","properties":{"v":53.28},"geometry":{"type":"Polygon","coordinates":[[[-76.6503506187039,4.500020584268331],[-76.6003503899898,4.500020584268331],[-76.6003503899898,4.550020812982424],[-76.6503506187039,4.550020812982424],[-76.6503506187039,4.500020584268331]]]}},{"type":"Feature","properties":{"v":57.77},"geometry":{"type":"Polygon","coordinates":[[[-76.6003503899898,4.500020584268331],[-76.55035016127572,4.500020584268331],[-76.55035016127572,4.550020812982424],[-76.6003503899898,4.550020812982424],[-76.6003503899898,4.500020584268331]]]}},{"type":"Feature","properties":{"v":58.83},"geometry":{"type":"Polygon","coordinates":[[[-76.55035016127572,4.500020584268331],[-76.50034993256162,4.500020584268331],[-76.50034993256162,4.550020812982424],[-76.55035016127572,4.550020812982424],[-76.55035016127572,4.500020584268331]]]}},{"type":"Feature","properties":{"v":61.84},"geometry":{"type":"Polygon","coordinates":[[[-76.50034993256162,4.500020584268331],[-76.45034970384752,4.500020584268331],[-76.45034970384752,4.550020812982424],[-76.50034993256162,4.550020812982424],[-76.50034993256162,4.500020584268331]]]}},{"type":"Feature","properties":{"v":65.94},"geometry":{"type":"Polygon","coordinates":[[[-76.45034970384752,4.500020584268331],[-76.40034947513344,4.500020584268331],[-76.40034947513344,4.550020812982424],[-76.45034970384752,4.550020812982424],[-76.45034970384752,4.500020584268331]]]}},{"type":"Feature","properties":{"v":61.89},"geometry":{"type":"Polygon","coordinates":[[[-76.40034947513344,4.500020584268331],[-76.35034924641934,4.500020584268331],[-76.35034924641934,4.550020812982424],[-76.40034947513344,4.550020812982424],[-76.40034947513344,4.500020584268331]]]}},{"type":"Feature","properties":{"v":56.97},"geometry":{"type":"Polygon","coordinates":[[[-76.35034924641934,4.500020584268331],[-76.30034901770524,4.500020584268331],[-76.30034901770524,4.550020812982424],[-76.35034924641934,4.550020812982424],[-76.35034924641934,4.500020584268331]]]}},{"type":"Feature","properties":{"v":44.53},"geometry":{"type":"Polygon","coordinates":[[[-76.30034901770524,4.500020584268331],[-76.25034878899116,4.500020584268331],[-76.25034878899116,4.550020812982424],[-76.30034901770524,4.550020812982424],[-76.30034901770524,4.500020584268331]]]}},{"type":"Feature","properties":{"v":46.31},"geometry":{"type":"Polygon","coordinates":[[[-76.25034878899116,4.500020584268331],[-76.20034856027706,4.500020584268331],[-76.20034856027706,4.550020812982424],[-76.25034878899116,4.550020812982424],[-76.25034878899116,4.500020584268331]]]}},{"type":"Feature","properties":{"v":43.81},"geometry":{"type":"Polygon","coordinates":[[[-76.20034856027706,4.500020584268331],[-76.15034833156297,4.500020584268331],[-76.15034833156297,4.550020812982424],[-76.20034856027706,4.550020812982424],[-76.20034856027706,4.500020584268331]]]}},{"type":"Feature","properties":{"v":39.04},"geometry":{"type":"Polygon","coordinates":[[[-76.15034833156297,4.500020584268331],[-76.10034810284888,4.500020584268331],[-76.10034810284888,4.550020812982424],[-76.15034833156297,4.550020812982424],[-76.15034833156297,4.500020584268331]]]}},{"type":"Feature","properties":{"v":35.27},"geometry":{"type":"Polygon","coordinates":[[[-76.10034810284888,4.500020584268331],[-76.05034787413479,4.500020584268331],[-76.05034787413479,4.550020812982424],[-76.10034810284888,4.550020812982424],[-76.10034810284888,4.500020584268331]]]}},{"type":"Feature","properties":{"v":32.34},"geometry":{"type":"Polygon","coordinates":[[[-76.05034787413479,4.500020584268331],[-76.00034764542069,4.500020584268331],[-76.00034764542069,4.550020812982424],[-76.05034787413479,4.550020812982424],[-76.05034787413479,4.500020584268331]]]}},{"type":"Feature","properties":{"v":36.9},"geometry":{"type":"Polygon","coordinates":[[[-76.00034764542069,4.500020584268331],[-75.9503474167066,4.500020584268331],[-75.9503474167066,4.550020812982424],[-76.00034764542069,4.550020812982424],[-76.00034764542069,4.500020584268331]]]}},{"type":"Feature","properties":{"v":34.76},"geometry":{"type":"Polygon","coordinates":[[[-75.9503474167066,4.500020584268331],[-75.90034718799251,4.500020584268331],[-75.90034718799251,4.550020812982424],[-75.9503474167066,4.550020812982424],[-75.9503474167066,4.500020584268331]]]}},{"type":"Feature","properties":{"v":36.46},"geometry":{"type":"Polygon","coordinates":[[[-75.90034718799251,4.500020584268331],[-75.85034695927841,4.500020584268331],[-75.85034695927841,4.550020812982424],[-75.90034718799251,4.550020812982424],[-75.90034718799251,4.500020584268331]]]}},{"type":"Feature","properties":{"v":26.4},"geometry":{"type":"Polygon","coordinates":[[[-75.85034695927841,4.500020584268331],[-75.80034673056433,4.500020584268331],[-75.80034673056433,4.550020812982424],[-75.85034695927841,4.550020812982424],[-75.85034695927841,4.500020584268331]]]}},{"type":"Feature","properties":{"v":27.21},"geometry":{"type":"Polygon","coordinates":[[[-75.80034673056433,4.500020584268331],[-75.75034650185023,4.500020584268331],[-75.75034650185023,4.550020812982424],[-75.80034673056433,4.550020812982424],[-75.80034673056433,4.500020584268331]]]}},{"type":"Feature","properties":{"v":28.5},"geometry":{"type":"Polygon","coordinates":[[[-75.75034650185023,4.500020584268331],[-75.70034627313613,4.500020584268331],[-75.70034627313613,4.550020812982424],[-75.75034650185023,4.550020812982424],[-75.75034650185023,4.500020584268331]]]}},{"type":"Feature","properties":{"v":30.56},"geometry":{"type":"Polygon","coordinates":[[[-75.70034627313613,4.500020584268331],[-75.65034604442205,4.500020584268331],[-75.65034604442205,4.550020812982424],[-75.70034627313613,4.550020812982424],[-75.70034627313613,4.500020584268331]]]}},{"type":"Feature","properties":{"v":28.37},"geometry":{"type":"Polygon","coordinates":[[[-75.65034604442205,4.500020584268331],[-75.60034581570795,4.500020584268331],[-75.60034581570795,4.550020812982424],[-75.65034604442205,4.550020812982424],[-75.65034604442205,4.500020584268331]]]}},{"type":"Feature","properties":{"v":17.41},"geometry":{"type":"Polygon","coordinates":[[[-75.60034581570795,4.500020584268331],[-75.55034558699386,4.500020584268331],[-75.55034558699386,4.550020812982424],[-75.60034581570795,4.550020812982424],[-75.60034581570795,4.500020584268331]]]}},{"type":"Feature","properties":{"v":16.99},"geometry":{"type":"Polygon","coordinates":[[[-75.55034558699386,4.500020584268331],[-75.50034535827977,4.500020584268331],[-75.50034535827977,4.550020812982424],[-75.55034558699386,4.550020812982424],[-75.55034558699386,4.500020584268331]]]}},{"type":"Feature","properties":{"v":18.64},"geometry":{"type":"Polygon","coordinates":[[[-75.50034535827977,4.500020584268331],[-75.45034512956568,4.500020584268331],[-75.45034512956568,4.550020812982424],[-75.50034535827977,4.550020812982424],[-75.50034535827977,4.500020584268331]]]}},{"type":"Feature","properties":{"v":15.19},"geometry":{"type":"Polygon","coordinates":[[[-75.45034512956568,4.500020584268331],[-75.40034490085158,4.500020584268331],[-75.40034490085158,4.550020812982424],[-75.45034512956568,4.550020812982424],[-75.45034512956568,4.500020584268331]]]}},{"type":"Feature","properties":{"v":13.16},"geometry":{"type":"Polygon","coordinates":[[[-75.40034490085158,4.500020584268331],[-75.3503446721375,4.500020584268331],[-75.3503446721375,4.550020812982424],[-75.40034490085158,4.550020812982424],[-75.40034490085158,4.500020584268331]]]}},{"type":"Feature","properties":{"v":12.25},"geometry":{"type":"Polygon","coordinates":[[[-75.3503446721375,4.500020584268331],[-75.3003444434234,4.500020584268331],[-75.3003444434234,4.550020812982424],[-75.3503446721375,4.550020812982424],[-75.3503446721375,4.500020584268331]]]}},{"type":"Feature","properties":{"v":10.05},"geometry":{"type":"Polygon","coordinates":[[[-75.3003444434234,4.500020584268331],[-75.2503442147093,4.500020584268331],[-75.2503442147093,4.550020812982424],[-75.3003444434234,4.550020812982424],[-75.3003444434234,4.500020584268331]]]}},{"type":"Feature","properties":{"v":9.72},"geometry":{"type":"Polygon","coordinates":[[[-75.2503442147093,4.500020584268331],[-75.20034398599522,4.500020584268331],[-75.20034398599522,4.550020812982424],[-75.2503442147093,4.550020812982424],[-75.2503442147093,4.500020584268331]]]}},{"type":"Feature","properties":{"v":11.26},"geometry":{"type":"Polygon","coordinates":[[[-75.20034398599522,4.500020584268331],[-75.15034375728112,4.500020584268331],[-75.15034375728112,4.550020812982424],[-75.20034398599522,4.550020812982424],[-75.20034398599522,4.500020584268331]]]}},{"type":"Feature","properties":{"v":7.68},"geometry":{"type":"Polygon","coordinates":[[[-75.15034375728112,4.500020584268331],[-75.10034352856702,4.500020584268331],[-75.10034352856702,4.550020812982424],[-75.15034375728112,4.550020812982424],[-75.15034375728112,4.500020584268331]]]}},{"type":"Feature","properties":{"v":33.37},"geometry":{"type":"Polygon","coordinates":[[[-77.40035404941528,4.450020355554239],[-77.35035382070119,4.450020355554239],[-77.35035382070119,4.500020584268331],[-77.40035404941528,4.500020584268331],[-77.40035404941528,4.450020355554239]]]}},{"type":"Feature","properties":{"v":36.25},"geometry":{"type":"Polygon","coordinates":[[[-77.35035382070119,4.450020355554239],[-77.3003535919871,4.450020355554239],[-77.3003535919871,4.500020584268331],[-77.35035382070119,4.500020584268331],[-77.35035382070119,4.450020355554239]]]}},{"type":"Feature","properties":{"v":35.91},"geometry":{"type":"Polygon","coordinates":[[[-77.3003535919871,4.450020355554239],[-77.250353363273,4.450020355554239],[-77.250353363273,4.500020584268331],[-77.3003535919871,4.500020584268331],[-77.3003535919871,4.450020355554239]]]}},{"type":"Feature","properties":{"v":38.92},"geometry":{"type":"Polygon","coordinates":[[[-77.250353363273,4.450020355554239],[-77.20035313455891,4.450020355554239],[-77.20035313455891,4.500020584268331],[-77.250353363273,4.500020584268331],[-77.250353363273,4.450020355554239]]]}},{"type":"Feature","properties":{"v":39.75},"geometry":{"type":"Polygon","coordinates":[[[-77.20035313455891,4.450020355554239],[-77.15035290584483,4.450020355554239],[-77.15035290584483,4.500020584268331],[-77.20035313455891,4.500020584268331],[-77.20035313455891,4.450020355554239]]]}},{"type":"Feature","properties":{"v":40.38},"geometry":{"type":"Polygon","coordinates":[[[-77.15035290584483,4.450020355554239],[-77.10035267713073,4.450020355554239],[-77.10035267713073,4.500020584268331],[-77.15035290584483,4.500020584268331],[-77.15035290584483,4.450020355554239]]]}},{"type":"Feature","properties":{"v":40.08},"geometry":{"type":"Polygon","coordinates":[[[-77.10035267713073,4.450020355554239],[-77.05035244841663,4.450020355554239],[-77.05035244841663,4.500020584268331],[-77.10035267713073,4.500020584268331],[-77.10035267713073,4.450020355554239]]]}},{"type":"Feature","properties":{"v":38.72},"geometry":{"type":"Polygon","coordinates":[[[-77.05035244841663,4.450020355554239],[-77.00035221970255,4.450020355554239],[-77.00035221970255,4.500020584268331],[-77.05035244841663,4.500020584268331],[-77.05035244841663,4.450020355554239]]]}},{"type":"Feature","properties":{"v":39.45},"geometry":{"type":"Polygon","coordinates":[[[-77.00035221970255,4.450020355554239],[-76.95035199098845,4.450020355554239],[-76.95035199098845,4.500020584268331],[-77.00035221970255,4.500020584268331],[-77.00035221970255,4.450020355554239]]]}},{"type":"Feature","properties":{"v":38.78},"geometry":{"type":"Polygon","coordinates":[[[-76.95035199098845,4.450020355554239],[-76.90035176227435,4.450020355554239],[-76.90035176227435,4.500020584268331],[-76.95035199098845,4.500020584268331],[-76.95035199098845,4.450020355554239]]]}},{"type":"Feature","properties":{"v":39.59},"geometry":{"type":"Polygon","coordinates":[[[-76.90035176227435,4.450020355554239],[-76.85035153356027,4.450020355554239],[-76.85035153356027,4.500020584268331],[-76.90035176227435,4.500020584268331],[-76.90035176227435,4.450020355554239]]]}},{"type":"Feature","properties":{"v":41.6},"geometry":{"type":"Polygon","coordinates":[[[-76.85035153356027,4.450020355554239],[-76.80035130484617,4.450020355554239],[-76.80035130484617,4.500020584268331],[-76.85035153356027,4.500020584268331],[-76.85035153356027,4.450020355554239]]]}},{"type":"Feature","properties":{"v":40.49},"geometry":{"type":"Polygon","coordinates":[[[-76.80035130484617,4.450020355554239],[-76.75035107613208,4.450020355554239],[-76.75035107613208,4.500020584268331],[-76.80035130484617,4.500020584268331],[-76.80035130484617,4.450020355554239]]]}},{"type":"Feature","properties":{"v":45.91},"geometry":{"type":"Polygon","coordinates":[[[-76.75035107613208,4.450020355554239],[-76.700350847418,4.450020355554239],[-76.700350847418,4.500020584268331],[-76.75035107613208,4.500020584268331],[-76.75035107613208,4.450020355554239]]]}},{"type":"Feature","properties":{"v":48.17},"geometry":{"type":"Polygon","coordinates":[[[-76.700350847418,4.450020355554239],[-76.6503506187039,4.450020355554239],[-76.6503506187039,4.500020584268331],[-76.700350847418,4.500020584268331],[-76.700350847418,4.450020355554239]]]}},{"type":"Feature","properties":{"v":54.04},"geometry":{"type":"Polygon","coordinates":[[[-76.6503506187039,4.450020355554239],[-76.6003503899898,4.450020355554239],[-76.6003503899898,4.500020584268331],[-76.6503506187039,4.500020584268331],[-76.6503506187039,4.450020355554239]]]}},{"type":"Feature","properties":{"v":58.28},"geometry":{"type":"Polygon","coordinates":[[[-76.6003503899898,4.450020355554239],[-76.55035016127572,4.450020355554239],[-76.55035016127572,4.500020584268331],[-76.6003503899898,4.500020584268331],[-76.6003503899898,4.450020355554239]]]}},{"type":"Feature","properties":{"v":63.1},"geometry":{"type":"Polygon","coordinates":[[[-76.55035016127572,4.450020355554239],[-76.50034993256162,4.450020355554239],[-76.50034993256162,4.500020584268331],[-76.55035016127572,4.500020584268331],[-76.55035016127572,4.450020355554239]]]}},{"type":"Feature","properties":{"v":62.01},"geometry":{"type":"Polygon","coordinates":[[[-76.50034993256162,4.450020355554239],[-76.45034970384752,4.450020355554239],[-76.45034970384752,4.500020584268331],[-76.50034993256162,4.500020584268331],[-76.50034993256162,4.450020355554239]]]}},{"type":"Feature","properties":{"v":64.64},"geometry":{"type":"Polygon","coordinates":[[[-76.45034970384752,4.450020355554239],[-76.40034947513344,4.450020355554239],[-76.40034947513344,4.500020584268331],[-76.45034970384752,4.500020584268331],[-76.45034970384752,4.450020355554239]]]}},{"type":"Feature","properties":{"v":61.17},"geometry":{"type":"Polygon","coordinates":[[[-76.40034947513344,4.450020355554239],[-76.35034924641934,4.450020355554239],[-76.35034924641934,4.500020584268331],[-76.40034947513344,4.500020584268331],[-76.40034947513344,4.450020355554239]]]}},{"type":"Feature","properties":{"v":52.76},"geometry":{"type":"Polygon","coordinates":[[[-76.35034924641934,4.450020355554239],[-76.30034901770524,4.450020355554239],[-76.30034901770524,4.500020584268331],[-76.35034924641934,4.500020584268331],[-76.35034924641934,4.450020355554239]]]}},{"type":"Feature","properties":{"v":43.57},"geometry":{"type":"Polygon","coordinates":[[[-76.30034901770524,4.450020355554239],[-76.25034878899116,4.450020355554239],[-76.25034878899116,4.500020584268331],[-76.30034901770524,4.500020584268331],[-76.30034901770524,4.450020355554239]]]}},{"type":"Feature","properties":{"v":44.69},"geometry":{"type":"Polygon","coordinates":[[[-76.25034878899116,4.450020355554239],[-76.20034856027706,4.450020355554239],[-76.20034856027706,4.500020584268331],[-76.25034878899116,4.500020584268331],[-76.25034878899116,4.450020355554239]]]}},{"type":"Feature","properties":{"v":40.28},"geometry":{"type":"Polygon","coordinates":[[[-76.20034856027706,4.450020355554239],[-76.15034833156297,4.450020355554239],[-76.15034833156297,4.500020584268331],[-76.20034856027706,4.500020584268331],[-76.20034856027706,4.450020355554239]]]}},{"type":"Feature","properties":{"v":26.91},"geometry":{"type":"Polygon","coordinates":[[[-76.15034833156297,4.450020355554239],[-76.10034810284888,4.450020355554239],[-76.10034810284888,4.500020584268331],[-76.15034833156297,4.500020584268331],[-76.15034833156297,4.450020355554239]]]}},{"type":"Feature","properties":{"v":35.18},"geometry":{"type":"Polygon","coordinates":[[[-76.10034810284888,4.450020355554239],[-76.05034787413479,4.450020355554239],[-76.05034787413479,4.500020584268331],[-76.10034810284888,4.500020584268331],[-76.10034810284888,4.450020355554239]]]}},{"type":"Feature","properties":{"v":33.04},"geometry":{"type":"Polygon","coordinates":[[[-76.05034787413479,4.450020355554239],[-76.00034764542069,4.450020355554239],[-76.00034764542069,4.500020584268331],[-76.05034787413479,4.500020584268331],[-76.05034787413479,4.450020355554239]]]}},{"type":"Feature","properties":{"v":38.83},"geometry":{"type":"Polygon","coordinates":[[[-76.00034764542069,4.450020355554239],[-75.9503474167066,4.450020355554239],[-75.9503474167066,4.500020584268331],[-76.00034764542069,4.500020584268331],[-76.00034764542069,4.450020355554239]]]}},{"type":"Feature","properties":{"v":35.34},"geometry":{"type":"Polygon","coordinates":[[[-75.9503474167066,4.450020355554239],[-75.90034718799251,4.450020355554239],[-75.90034718799251,4.500020584268331],[-75.9503474167066,4.500020584268331],[-75.9503474167066,4.450020355554239]]]}},{"type":"Feature","properties":{"v":38.03},"geometry":{"type":"Polygon","coordinates":[[[-75.90034718799251,4.450020355554239],[-75.85034695927841,4.450020355554239],[-75.85034695927841,4.500020584268331],[-75.90034718799251,4.500020584268331],[-75.90034718799251,4.450020355554239]]]}},{"type":"Feature","properties":{"v":31.39},"geometry":{"type":"Polygon","coordinates":[[[-75.85034695927841,4.450020355554239],[-75.80034673056433,4.450020355554239],[-75.80034673056433,4.500020584268331],[-75.85034695927841,4.500020584268331],[-75.85034695927841,4.450020355554239]]]}},{"type":"Feature","properties":{"v":30.22},"geometry":{"type":"Polygon","coordinates":[[[-75.80034673056433,4.450020355554239],[-75.75034650185023,4.450020355554239],[-75.75034650185023,4.500020584268331],[-75.80034673056433,4.500020584268331],[-75.80034673056433,4.450020355554239]]]}},{"type":"Feature","properties":{"v":29.08},"geometry":{"type":"Polygon","coordinates":[[[-75.75034650185023,4.450020355554239],[-75.70034627313613,4.450020355554239],[-75.70034627313613,4.500020584268331],[-75.75034650185023,4.500020584268331],[-75.75034650185023,4.450020355554239]]]}},{"type":"Feature","properties":{"v":32.36},"geometry":{"type":"Polygon","coordinates":[[[-75.70034627313613,4.450020355554239],[-75.65034604442205,4.450020355554239],[-75.65034604442205,4.500020584268331],[-75.70034627313613,4.500020584268331],[-75.70034627313613,4.450020355554239]]]}},{"type":"Feature","properties":{"v":25.92},"geometry":{"type":"Polygon","coordinates":[[[-75.65034604442205,4.450020355554239],[-75.60034581570795,4.450020355554239],[-75.60034581570795,4.500020584268331],[-75.65034604442205,4.500020584268331],[-75.65034604442205,4.450020355554239]]]}},{"type":"Feature","properties":{"v":24.4},"geometry":{"type":"Polygon","coordinates":[[[-75.60034581570795,4.450020355554239],[-75.55034558699386,4.450020355554239],[-75.55034558699386,4.500020584268331],[-75.60034581570795,4.500020584268331],[-75.60034581570795,4.450020355554239]]]}},{"type":"Feature","properties":{"v":22.0},"geometry":{"type":"Polygon","coordinates":[[[-75.55034558699386,4.450020355554239],[-75.50034535827977,4.450020355554239],[-75.50034535827977,4.500020584268331],[-75.55034558699386,4.500020584268331],[-75.55034558699386,4.450020355554239]]]}},{"type":"Feature","properties":{"v":24.35},"geometry":{"type":"Polygon","coordinates":[[[-75.50034535827977,4.450020355554239],[-75.45034512956568,4.450020355554239],[-75.45034512956568,4.500020584268331],[-75.50034535827977,4.500020584268331],[-75.50034535827977,4.450020355554239]]]}},{"type":"Feature","properties":{"v":17.89},"geometry":{"type":"Polygon","coordinates":[[[-75.45034512956568,4.450020355554239],[-75.40034490085158,4.450020355554239],[-75.40034490085158,4.500020584268331],[-75.45034512956568,4.500020584268331],[-75.45034512956568,4.450020355554239]]]}},{"type":"Feature","properties":{"v":14.79},"geometry":{"type":"Polygon","coordinates":[[[-75.40034490085158,4.450020355554239],[-75.3503446721375,4.450020355554239],[-75.3503446721375,4.500020584268331],[-75.40034490085158,4.500020584268331],[-75.40034490085158,4.450020355554239]]]}},{"type":"Feature","properties":{"v":13.24},"geometry":{"type":"Polygon","coordinates":[[[-75.3503446721375,4.450020355554239],[-75.3003444434234,4.450020355554239],[-75.3003444434234,4.500020584268331],[-75.3503446721375,4.500020584268331],[-75.3503446721375,4.450020355554239]]]}},{"type":"Feature","properties":{"v":10.93},"geometry":{"type":"Polygon","coordinates":[[[-75.3003444434234,4.450020355554239],[-75.2503442147093,4.450020355554239],[-75.2503442147093,4.500020584268331],[-75.3003444434234,4.500020584268331],[-75.3003444434234,4.450020355554239]]]}},{"type":"Feature","properties":{"v":7.95},"geometry":{"type":"Polygon","coordinates":[[[-75.2503442147093,4.450020355554239],[-75.20034398599522,4.450020355554239],[-75.20034398599522,4.500020584268331],[-75.2503442147093,4.500020584268331],[-75.2503442147093,4.450020355554239]]]}},{"type":"Feature","properties":{"v":5.95},"geometry":{"type":"Polygon","coordinates":[[[-75.20034398599522,4.450020355554239],[-75.15034375728112,4.450020355554239],[-75.15034375728112,4.500020584268331],[-75.20034398599522,4.500020584268331],[-75.20034398599522,4.450020355554239]]]}},{"type":"Feature","properties":{"v":0.0},"geometry":{"type":"Polygon","coordinates":[[[-75.15034375728112,4.450020355554239],[-75.10034352856702,4.450020355554239],[-75.10034352856702,4.500020584268331],[-75.15034375728112,4.500020584268331],[-75.15034375728112,4.450020355554239]]]}},{"type":"Feature","properties":{"v":33.79},"geometry":{"type":"Polygon","coordinates":[[[-77.40035404941528,4.400020126840146],[-77.35035382070119,4.400020126840146],[-77.35035382070119,4.450020355554239],[-77.40035404941528,4.450020355554239],[-77.40035404941528,4.400020126840146]]]}},{"type":"Feature","properties":{"v":36.54},"geometry":{"type":"Polygon","coordinates":[[[-77.35035382070119,4.400020126840146],[-77.3003535919871,4.400020126840146],[-77.3003535919871,4.450020355554239],[-77.35035382070119,4.450020355554239],[-77.35035382070119,4.400020126840146]]]}},{"type":"Feature","properties":{"v":36.42},"geometry":{"type":"Polygon","coordinates":[[[-77.3003535919871,4.400020126840146],[-77.250353363273,4.400020126840146],[-77.250353363273,4.450020355554239],[-77.3003535919871,4.450020355554239],[-77.3003535919871,4.400020126840146]]]}},{"type":"Feature","properties":{"v":37.69},"geometry":{"type":"Polygon","coordinates":[[[-77.250353363273,4.400020126840146],[-77.20035313455891,4.400020126840146],[-77.20035313455891,4.450020355554239],[-77.250353363273,4.450020355554239],[-77.250353363273,4.400020126840146]]]}},{"type":"Feature","properties":{"v":38.82},"geometry":{"type":"Polygon","coordinates":[[[-77.20035313455891,4.400020126840146],[-77.15035290584483,4.400020126840146],[-77.15035290584483,4.450020355554239],[-77.20035313455891,4.450020355554239],[-77.20035313455891,4.400020126840146]]]}},{"type":"Feature","properties":{"v":38.53},"geometry":{"type":"Polygon","coordinates":[[[-77.15035290584483,4.400020126840146],[-77.10035267713073,4.400020126840146],[-77.10035267713073,4.450020355554239],[-77.15035290584483,4.450020355554239],[-77.15035290584483,4.400020126840146]]]}},{"type":"Feature","properties":{"v":39.03},"geometry":{"type":"Polygon","coordinates":[[[-77.10035267713073,4.400020126840146],[-77.05035244841663,4.400020126840146],[-77.05035244841663,4.450020355554239],[-77.10035267713073,4.450020355554239],[-77.10035267713073,4.400020126840146]]]}},{"type":"Feature","properties":{"v":37.19},"geometry":{"type":"Polygon","coordinates":[[[-77.05035244841663,4.400020126840146],[-77.00035221970255,4.400020126840146],[-77.00035221970255,4.450020355554239],[-77.05035244841663,4.450020355554239],[-77.05035244841663,4.400020126840146]]]}},{"type":"Feature","properties":{"v":38.47},"geometry":{"type":"Polygon","coordinates":[[[-77.00035221970255,4.400020126840146],[-76.95035199098845,4.400020126840146],[-76.95035199098845,4.450020355554239],[-77.00035221970255,4.450020355554239],[-77.00035221970255,4.400020126840146]]]}},{"type":"Feature","properties":{"v":37.32},"geometry":{"type":"Polygon","coordinates":[[[-76.95035199098845,4.400020126840146],[-76.90035176227435,4.400020126840146],[-76.90035176227435,4.450020355554239],[-76.95035199098845,4.450020355554239],[-76.95035199098845,4.400020126840146]]]}},{"type":"Feature","properties":{"v":38.24},"geometry":{"type":"Polygon","coordinates":[[[-76.90035176227435,4.400020126840146],[-76.85035153356027,4.400020126840146],[-76.85035153356027,4.450020355554239],[-76.90035176227435,4.450020355554239],[-76.90035176227435,4.400020126840146]]]}},{"type":"Feature","properties":{"v":38.68},"geometry":{"type":"Polygon","coordinates":[[[-76.85035153356027,4.400020126840146],[-76.80035130484617,4.400020126840146],[-76.80035130484617,4.450020355554239],[-76.85035153356027,4.450020355554239],[-76.85035153356027,4.400020126840146]]]}},{"type":"Feature","properties":{"v":40.52},"geometry":{"type":"Polygon","coordinates":[[[-76.80035130484617,4.400020126840146],[-76.75035107613208,4.400020126840146],[-76.75035107613208,4.450020355554239],[-76.80035130484617,4.450020355554239],[-76.80035130484617,4.400020126840146]]]}},{"type":"Feature","properties":{"v":45.85},"geometry":{"type":"Polygon","coordinates":[[[-76.75035107613208,4.400020126840146],[-76.700350847418,4.400020126840146],[-76.700350847418,4.450020355554239],[-76.75035107613208,4.450020355554239],[-76.75035107613208,4.400020126840146]]]}},{"type":"Feature","properties":{"v":49.09},"geometry":{"type":"Polygon","coordinates":[[[-76.700350847418,4.400020126840146],[-76.6503506187039,4.400020126840146],[-76.6503506187039,4.450020355554239],[-76.700350847418,4.450020355554239],[-76.700350847418,4.400020126840146]]]}},{"type":"Feature","properties":{"v":52.87},"geometry":{"type":"Polygon","coordinates":[[[-76.6503506187039,4.400020126840146],[-76.6003503899898,4.400020126840146],[-76.6003503899898,4.450020355554239],[-76.6503506187039,4.450020355554239],[-76.6503506187039,4.400020126840146]]]}},{"type":"Feature","properties":{"v":54.28},"geometry":{"type":"Polygon","coordinates":[[[-76.6003503899898,4.400020126840146],[-76.55035016127572,4.400020126840146],[-76.55035016127572,4.450020355554239],[-76.6003503899898,4.450020355554239],[-76.6003503899898,4.400020126840146]]]}},{"type":"Feature","properties":{"v":53.52},"geometry":{"type":"Polygon","coordinates":[[[-76.55035016127572,4.400020126840146],[-76.50034993256162,4.400020126840146],[-76.50034993256162,4.450020355554239],[-76.55035016127572,4.450020355554239],[-76.55035016127572,4.400020126840146]]]}},{"type":"Feature","properties":{"v":54.28},"geometry":{"type":"Polygon","coordinates":[[[-76.50034993256162,4.400020126840146],[-76.45034970384752,4.400020126840146],[-76.45034970384752,4.450020355554239],[-76.50034993256162,4.450020355554239],[-76.50034993256162,4.400020126840146]]]}},{"type":"Feature","properties":{"v":58.32},"geometry":{"type":"Polygon","coordinates":[[[-76.45034970384752,4.400020126840146],[-76.40034947513344,4.400020126840146],[-76.40034947513344,4.450020355554239],[-76.45034970384752,4.450020355554239],[-76.45034970384752,4.400020126840146]]]}},{"type":"Feature","properties":{"v":55.01},"geometry":{"type":"Polygon","coordinates":[[[-76.40034947513344,4.400020126840146],[-76.35034924641934,4.400020126840146],[-76.35034924641934,4.450020355554239],[-76.40034947513344,4.450020355554239],[-76.40034947513344,4.400020126840146]]]}},{"type":"Feature","properties":{"v":49.76},"geometry":{"type":"Polygon","coordinates":[[[-76.35034924641934,4.400020126840146],[-76.30034901770524,4.400020126840146],[-76.30034901770524,4.450020355554239],[-76.35034924641934,4.450020355554239],[-76.35034924641934,4.400020126840146]]]}},{"type":"Feature","properties":{"v":41.05},"geometry":{"type":"Polygon","coordinates":[[[-76.30034901770524,4.400020126840146],[-76.25034878899116,4.400020126840146],[-76.25034878899116,4.450020355554239],[-76.30034901770524,4.450020355554239],[-76.30034901770524,4.400020126840146]]]}},{"type":"Feature","properties":{"v":33.19},"geometry":{"type":"Polygon","coordinates":[[[-76.25034878899116,4.400020126840146],[-76.20034856027706,4.400020126840146],[-76.20034856027706,4.450020355554239],[-76.25034878899116,4.450020355554239],[-76.25034878899116,4.400020126840146]]]}},{"type":"Feature","properties":{"v":28.32},"geometry":{"type":"Polygon","coordinates":[[[-76.20034856027706,4.400020126840146],[-76.15034833156297,4.400020126840146],[-76.15034833156297,4.450020355554239],[-76.20034856027706,4.450020355554239],[-76.20034856027706,4.400020126840146]]]}},{"type":"Feature","properties":{"v":26.56},"geometry":{"type":"Polygon","coordinates":[[[-76.15034833156297,4.400020126840146],[-76.10034810284888,4.400020126840146],[-76.10034810284888,4.450020355554239],[-76.15034833156297,4.450020355554239],[-76.15034833156297,4.400020126840146]]]}},{"type":"Feature","properties":{"v":24.39},"geometry":{"type":"Polygon","coordinates":[[[-76.10034810284888,4.400020126840146],[-76.05034787413479,4.400020126840146],[-76.05034787413479,4.450020355554239],[-76.10034810284888,4.450020355554239],[-76.10034810284888,4.400020126840146]]]}},{"type":"Feature","properties":{"v":32.05},"geometry":{"type":"Polygon","coordinates":[[[-76.05034787413479,4.400020126840146],[-76.00034764542069,4.400020126840146],[-76.00034764542069,4.450020355554239],[-76.05034787413479,4.450020355554239],[-76.05034787413479,4.400020126840146]]]}},{"type":"Feature","properties":{"v":37.74},"geometry":{"type":"Polygon","coordinates":[[[-76.00034764542069,4.400020126840146],[-75.9503474167066,4.400020126840146],[-75.9503474167066,4.450020355554239],[-76.00034764542069,4.450020355554239],[-76.00034764542069,4.400020126840146]]]}},{"type":"Feature","properties":{"v":36.26},"geometry":{"type":"Polygon","coordinates":[[[-75.9503474167066,4.400020126840146],[-75.90034718799251,4.400020126840146],[-75.90034718799251,4.450020355554239],[-75.9503474167066,4.450020355554239],[-75.9503474167066,4.400020126840146]]]}},{"type":"Feature","properties":{"v":36.74},"geometry":{"type":"Polygon","coordinates":[[[-75.90034718799251,4.400020126840146],[-75.85034695927841,4.400020126840146],[-75.85034695927841,4.450020355554239],[-75.90034718799251,4.450020355554239],[-75.90034718799251,4.400020126840146]]]}},{"type":"Feature","properties":{"v":33.8},"geometry":{"type":"Polygon","coordinates":[[[-75.85034695927841,4.400020126840146],[-75.80034673056433,4.400020126840146],[-75.80034673056433,4.450020355554239],[-75.85034695927841,4.450020355554239],[-75.85034695927841,4.400020126840146]]]}},{"type":"Feature","properties":{"v":21.32},"geometry":{"type":"Polygon","coordinates":[[[-75.80034673056433,4.400020126840146],[-75.75034650185023,4.400020126840146],[-75.75034650185023,4.450020355554239],[-75.80034673056433,4.450020355554239],[-75.80034673056433,4.400020126840146]]]}},{"type":"Feature","properties":{"v":25.54},"geometry":{"type":"Polygon","coordinates":[[[-75.75034650185023,4.400020126840146],[-75.70034627313613,4.400020126840146],[-75.70034627313613,4.450020355554239],[-75.75034650185023,4.450020355554239],[-75.75034650185023,4.400020126840146]]]}},{"type":"Feature","properties":{"v":26.36},"geometry":{"type":"Polygon","coordinates":[[[-75.70034627313613,4.400020126840146],[-75.65034604442205,4.400020126840146],[-75.65034604442205,4.450020355554239],[-75.70034627313613,4.450020355554239],[-75.70034627313613,4.400020126840146]]]}},{"type":"Feature","properties":{"v":27.23},"geometry":{"type":"Polygon","coordinates":[[[-75.65034604442205,4.400020126840146],[-75.60034581570795,4.400020126840146],[-75.60034581570795,4.450020355554239],[-75.65034604442205,4.450020355554239],[-75.65034604442205,4.400020126840146]]]}},{"type":"Feature","properties":{"v":27.47},"geometry":{"type":"Polygon","coordinates":[[[-75.60034581570795,4.400020126840146],[-75.55034558699386,4.400020126840146],[-75.55034558699386,4.450020355554239],[-75.60034581570795,4.450020355554239],[-75.60034581570795,4.400020126840146]]]}},{"type":"Feature","properties":{"v":24.78},"geometry":{"type":"Polygon","coordinates":[[[-75.55034558699386,4.400020126840146],[-75.50034535827977,4.400020126840146],[-75.50034535827977,4.450020355554239],[-75.55034558699386,4.450020355554239],[-75.55034558699386,4.400020126840146]]]}},{"type":"Feature","properties":{"v":28.01},"geometry":{"type":"Polygon","coordinates":[[[-75.50034535827977,4.400020126840146],[-75.45034512956568,4.400020126840146],[-75.45034512956568,4.450020355554239],[-75.50034535827977,4.450020355554239],[-75.50034535827977,4.400020126840146]]]}},{"type":"Feature","properties":{"v":22.53},"geometry":{"type":"Polygon","coordinates":[[[-75.45034512956568,4.400020126840146],[-75.40034490085158,4.400020126840146],[-75.40034490085158,4.450020355554239],[-75.45034512956568,4.450020355554239],[-75.45034512956568,4.400020126840146]]]}},{"type":"Feature","properties":{"v":17.85},"geometry":{"type":"Polygon","coordinates":[[[-75.40034490085158,4.400020126840146],[-75.3503446721375,4.400020126840146],[-75.3503446721375,4.450020355554239],[-75.40034490085158,4.450020355554239],[-75.40034490085158,4.400020126840146]]]}},{"type":"Feature","properties":{"v":14.33},"geometry":{"type":"Polygon","coordinates":[[[-75.3503446721375,4.400020126840146],[-75.3003444434234,4.400020126840146],[-75.3003444434234,4.450020355554239],[-75.3503446721375,4.450020355554239],[-75.3503446721375,4.400020126840146]]]}},{"type":"Feature","properties":{"v":11.65},"geometry":{"type":"Polygon","coordinates":[[[-75.3003444434234,4.400020126840146],[-75.2503442147093,4.400020126840146],[-75.2503442147093,4.450020355554239],[-75.3003444434234,4.450020355554239],[-75.3003444434234,4.400020126840146]]]}},{"type":"Feature","properties":{"v":7.88},"geometry":{"type":"Polygon","coordinates":[[[-75.2503442147093,4.400020126840146],[-75.20034398599522,4.400020126840146],[-75.20034398599522,4.450020355554239],[-75.2503442147093,4.450020355554239],[-75.2503442147093,4.400020126840146]]]}},{"type":"Feature","properties":{"v":0.0},"geometry":{"type":"Polygon","coordinates":[[[-75.20034398599522,4.400020126840146],[-75.15034375728112,4.400020126840146],[-75.15034375728112,4.450020355554239],[-75.20034398599522,4.450020355554239],[-75.20034398599522,4.400020126840146]]]}},{"type":"Feature","properties":{"v":0.0},"geometry":{"type":"Polygon","coordinates":[[[-75.15034375728112,4.400020126840146],[-75.10034352856702,4.400020126840146],[-75.10034352856702,4.450020355554239],[-75.15034375728112,4.450020355554239],[-75.15034375728112,4.400020126840146]]]}},{"type":"Feature","properties":{"v":34.3},"geometry":{"type":"Polygon","coordinates":[[[-77.45035427812938,4.350019898126053],[-77.40035404941528,4.350019898126053],[-77.40035404941528,4.400020126840146],[-77.45035427812938,4.400020126840146],[-77.45035427812938,4.350019898126053]]]}},{"type":"Feature","properties":{"v":36.02},"geometry":{"type":"Polygon","coordinates":[[[-77.40035404941528,4.350019898126053],[-77.35035382070119,4.350019898126053],[-77.35035382070119,4.400020126840146],[-77.40035404941528,4.400020126840146],[-77.40035404941528,4.350019898126053]]]}},{"type":"Feature","properties":{"v":36.05},"geometry":{"type":"Polygon","coordinates":[[[-77.35035382070119,4.350019898126053],[-77.3003535919871,4.350019898126053],[-77.3003535919871,4.400020126840146],[-77.35035382070119,4.400020126840146],[-77.35035382070119,4.350019898126053]]]}},{"type":"Feature","properties":{"v":35.67},"geometry":{"type":"Polygon","coordinates":[[[-77.3003535919871,4.350019898126053],[-77.250353363273,4.350019898126053],[-77.250353363273,4.400020126840146],[-77.3003535919871,4.400020126840146],[-77.3003535919871,4.350019898126053]]]}},{"type":"Feature","properties":{"v":38.49},"geometry":{"type":"Polygon","coordinates":[[[-77.250353363273,4.350019898126053],[-77.20035313455891,4.350019898126053],[-77.20035313455891,4.400020126840146],[-77.250353363273,4.400020126840146],[-77.250353363273,4.350019898126053]]]}},{"type":"Feature","properties":{"v":35.6},"geometry":{"type":"Polygon","coordinates":[[[-77.20035313455891,4.350019898126053],[-77.15035290584483,4.350019898126053],[-77.15035290584483,4.400020126840146],[-77.20035313455891,4.400020126840146],[-77.20035313455891,4.350019898126053]]]}},{"type":"Feature","properties":{"v":36.41},"geometry":{"type":"Polygon","coordinates":[[[-77.15035290584483,4.350019898126053],[-77.10035267713073,4.350019898126053],[-77.10035267713073,4.400020126840146],[-77.15035290584483,4.400020126840146],[-77.15035290584483,4.350019898126053]]]}},{"type":"Feature","properties":{"v":37.11},"geometry":{"type":"Polygon","coordinates":[[[-77.10035267713073,4.350019898126053],[-77.05035244841663,4.350019898126053],[-77.05035244841663,4.400020126840146],[-77.10035267713073,4.400020126840146],[-77.10035267713073,4.350019898126053]]]}},{"type":"Feature","properties":{"v":35.6},"geometry":{"type":"Polygon","coordinates":[[[-77.05035244841663,4.350019898126053],[-77.00035221970255,4.350019898126053],[-77.00035221970255,4.400020126840146],[-77.05035244841663,4.400020126840146],[-77.05035244841663,4.350019898126053]]]}},{"type":"Feature","properties":{"v":37.8},"geometry":{"type":"Polygon","coordinates":[[[-77.00035221970255,4.350019898126053],[-76.95035199098845,4.350019898126053],[-76.95035199098845,4.400020126840146],[-77.00035221970255,4.400020126840146],[-77.00035221970255,4.350019898126053]]]}},{"type":"Feature","properties":{"v":36.59},"geometry":{"type":"Polygon","coordinates":[[[-76.95035199098845,4.350019898126053],[-76.90035176227435,4.350019898126053],[-76.90035176227435,4.400020126840146],[-76.95035199098845,4.400020126840146],[-76.95035199098845,4.350019898126053]]]}},{"type":"Feature","properties":{"v":37.92},"geometry":{"type":"Polygon","coordinates":[[[-76.90035176227435,4.350019898126053],[-76.85035153356027,4.350019898126053],[-76.85035153356027,4.400020126840146],[-76.90035176227435,4.400020126840146],[-76.90035176227435,4.350019898126053]]]}},{"type":"Feature","properties":{"v":38.17},"geometry":{"type":"Polygon","coordinates":[[[-76.85035153356027,4.350019898126053],[-76.80035130484617,4.350019898126053],[-76.80035130484617,4.400020126840146],[-76.85035153356027,4.400020126840146],[-76.85035153356027,4.350019898126053]]]}},{"type":"Feature","properties":{"v":39.87},"geometry":{"type":"Polygon","coordinates":[[[-76.80035130484617,4.350019898126053],[-76.75035107613208,4.350019898126053],[-76.75035107613208,4.400020126840146],[-76.80035130484617,4.400020126840146],[-76.80035130484617,4.350019898126053]]]}},{"type":"Feature","properties":{"v":44.27},"geometry":{"type":"Polygon","coordinates":[[[-76.75035107613208,4.350019898126053],[-76.700350847418,4.350019898126053],[-76.700350847418,4.400020126840146],[-76.75035107613208,4.400020126840146],[-76.75035107613208,4.350019898126053]]]}},{"type":"Feature","properties":{"v":48.52},"geometry":{"type":"Polygon","coordinates":[[[-76.700350847418,4.350019898126053],[-76.6503506187039,4.350019898126053],[-76.6503506187039,4.400020126840146],[-76.700350847418,4.400020126840146],[-76.700350847418,4.350019898126053]]]}},{"type":"Feature","properties":{"v":49.88},"geometry":{"type":"Polygon","coordinates":[[[-76.6503506187039,4.350019898126053],[-76.6003503899898,4.350019898126053],[-76.6003503899898,4.400020126840146],[-76.6503506187039,4.400020126840146],[-76.6503506187039,4.350019898126053]]]}},{"type":"Feature","properties":{"v":49.16},"geometry":{"type":"Polygon","coordinates":[[[-76.6003503899898,4.350019898126053],[-76.55035016127572,4.350019898126053],[-76.55035016127572,4.400020126840146],[-76.6003503899898,4.400020126840146],[-76.6003503899898,4.350019898126053]]]}},{"type":"Feature","properties":{"v":51.66},"geometry":{"type":"Polygon","coordinates":[[[-76.55035016127572,4.350019898126053],[-76.50034993256162,4.350019898126053],[-76.50034993256162,4.400020126840146],[-76.55035016127572,4.400020126840146],[-76.55035016127572,4.350019898126053]]]}},{"type":"Feature","properties":{"v":44.57},"geometry":{"type":"Polygon","coordinates":[[[-76.50034993256162,4.350019898126053],[-76.45034970384752,4.350019898126053],[-76.45034970384752,4.400020126840146],[-76.50034993256162,4.400020126840146],[-76.50034993256162,4.350019898126053]]]}},{"type":"Feature","properties":{"v":46.13},"geometry":{"type":"Polygon","coordinates":[[[-76.45034970384752,4.350019898126053],[-76.40034947513344,4.350019898126053],[-76.40034947513344,4.400020126840146],[-76.45034970384752,4.400020126840146],[-76.45034970384752,4.350019898126053]]]}},{"type":"Feature","properties":{"v":43.28},"geometry":{"type":"Polygon","coordinates":[[[-76.40034947513344,4.350019898126053],[-76.35034924641934,4.350019898126053],[-76.35034924641934,4.400020126840146],[-76.40034947513344,4.400020126840146],[-76.40034947513344,4.350019898126053]]]}},{"type":"Feature","properties":{"v":39.95},"geometry":{"type":"Polygon","coordinates":[[[-76.35034924641934,4.350019898126053],[-76.30034901770524,4.350019898126053],[-76.30034901770524,4.400020126840146],[-76.35034924641934,4.400020126840146],[-76.35034924641934,4.350019898126053]]]}},{"type":"Feature","properties":{"v":32.57},"geometry":{"type":"Polygon","coordinates":[[[-76.30034901770524,4.350019898126053],[-76.25034878899116,4.350019898126053],[-76.25034878899116,4.400020126840146],[-76.30034901770524,4.400020126840146],[-76.30034901770524,4.350019898126053]]]}},{"type":"Feature","properties":{"v":31.59},"geometry":{"type":"Polygon","coordinates":[[[-76.25034878899116,4.350019898126053],[-76.20034856027706,4.350019898126053],[-76.20034856027706,4.400020126840146],[-76.25034878899116,4.400020126840146],[-76.25034878899116,4.350019898126053]]]}},{"type":"Feature","properties":{"v":37.19},"geometry":{"type":"Polygon","coordinates":[[[-76.20034856027706,4.350019898126053],[-76.15034833156297,4.350019898126053],[-76.15034833156297,4.400020126840146],[-76.20034856027706,4.400020126840146],[-76.20034856027706,4.350019898126053]]]}},{"type":"Feature","properties":{"v":24.66},"geometry":{"type":"Polygon","coordinates":[[[-76.15034833156297,4.350019898126053],[-76.10034810284888,4.350019898126053],[-76.10034810284888,4.400020126840146],[-76.15034833156297,4.400020126840146],[-76.15034833156297,4.350019898126053]]]}},{"type":"Feature","properties":{"v":22.98},"geometry":{"type":"Polygon","coordinates":[[[-76.10034810284888,4.350019898126053],[-76.05034787413479,4.350019898126053],[-76.05034787413479,4.400020126840146],[-76.10034810284888,4.400020126840146],[-76.10034810284888,4.350019898126053]]]}},{"type":"Feature","properties":{"v":30.69},"geometry":{"type":"Polygon","coordinates":[[[-76.05034787413479,4.350019898126053],[-76.00034764542069,4.350019898126053],[-76.00034764542069,4.400020126840146],[-76.05034787413479,4.400020126840146],[-76.05034787413479,4.350019898126053]]]}},{"type":"Feature","properties":{"v":37.38},"geometry":{"type":"Polygon","coordinates":[[[-76.00034764542069,4.350019898126053],[-75.9503474167066,4.350019898126053],[-75.9503474167066,4.400020126840146],[-76.00034764542069,4.400020126840146],[-76.00034764542069,4.350019898126053]]]}},{"type":"Feature","properties":{"v":39.39},"geometry":{"type":"Polygon","coordinates":[[[-75.9503474167066,4.350019898126053],[-75.90034718799251,4.350019898126053],[-75.90034718799251,4.400020126840146],[-75.9503474167066,4.400020126840146],[-75.9503474167066,4.350019898126053]]]}},{"type":"Feature","properties":{"v":39.4},"geometry":{"type":"Polygon","coordinates":[[[-75.90034718799251,4.350019898126053],[-75.85034695927841,4.350019898126053],[-75.85034695927841,4.400020126840146],[-75.90034718799251,4.400020126840146],[-75.90034718799251,4.350019898126053]]]}},{"type":"Feature","properties":{"v":32.08},"geometry":{"type":"Polygon","coordinates":[[[-75.85034695927841,4.350019898126053],[-75.80034673056433,4.350019898126053],[-75.80034673056433,4.400020126840146],[-75.85034695927841,4.400020126840146],[-75.85034695927841,4.350019898126053]]]}},{"type":"Feature","properties":{"v":24.56},"geometry":{"type":"Polygon","coordinates":[[[-75.80034673056433,4.350019898126053],[-75.75034650185023,4.350019898126053],[-75.75034650185023,4.400020126840146],[-75.80034673056433,4.400020126840146],[-75.80034673056433,4.350019898126053]]]}},{"type":"Feature","properties":{"v":20.36},"geometry":{"type":"Polygon","coordinates":[[[-75.75034650185023,4.350019898126053],[-75.70034627313613,4.350019898126053],[-75.70034627313613,4.400020126840146],[-75.75034650185023,4.400020126840146],[-75.75034650185023,4.350019898126053]]]}},{"type":"Feature","properties":{"v":21.39},"geometry":{"type":"Polygon","coordinates":[[[-75.70034627313613,4.350019898126053],[-75.65034604442205,4.350019898126053],[-75.65034604442205,4.400020126840146],[-75.70034627313613,4.400020126840146],[-75.70034627313613,4.350019898126053]]]}},{"type":"Feature","properties":{"v":24.65},"geometry":{"type":"Polygon","coordinates":[[[-75.65034604442205,4.350019898126053],[-75.60034581570795,4.350019898126053],[-75.60034581570795,4.400020126840146],[-75.65034604442205,4.400020126840146],[-75.65034604442205,4.350019898126053]]]}},{"type":"Feature","properties":{"v":28.32},"geometry":{"type":"Polygon","coordinates":[[[-75.60034581570795,4.350019898126053],[-75.55034558699386,4.350019898126053],[-75.55034558699386,4.400020126840146],[-75.60034581570795,4.400020126840146],[-75.60034581570795,4.350019898126053]]]}},{"type":"Feature","properties":{"v":25.57},"geometry":{"type":"Polygon","coordinates":[[[-75.55034558699386,4.350019898126053],[-75.50034535827977,4.350019898126053],[-75.50034535827977,4.400020126840146],[-75.55034558699386,4.400020126840146],[-75.55034558699386,4.350019898126053]]]}},{"type":"Feature","properties":{"v":32.05},"geometry":{"type":"Polygon","coordinates":[[[-75.50034535827977,4.350019898126053],[-75.45034512956568,4.350019898126053],[-75.45034512956568,4.400020126840146],[-75.50034535827977,4.400020126840146],[-75.50034535827977,4.350019898126053]]]}},{"type":"Feature","properties":{"v":22.34},"geometry":{"type":"Polygon","coordinates":[[[-75.45034512956568,4.350019898126053],[-75.40034490085158,4.350019898126053],[-75.40034490085158,4.400020126840146],[-75.45034512956568,4.400020126840146],[-75.45034512956568,4.350019898126053]]]}},{"type":"Feature","properties":{"v":25.5},"geometry":{"type":"Polygon","coordinates":[[[-75.40034490085158,4.350019898126053],[-75.3503446721375,4.350019898126053],[-75.3503446721375,4.400020126840146],[-75.40034490085158,4.400020126840146],[-75.40034490085158,4.350019898126053]]]}},{"type":"Feature","properties":{"v":17.34},"geometry":{"type":"Polygon","coordinates":[[[-75.3503446721375,4.350019898126053],[-75.3003444434234,4.350019898126053],[-75.3003444434234,4.400020126840146],[-75.3503446721375,4.400020126840146],[-75.3503446721375,4.350019898126053]]]}},{"type":"Feature","properties":{"v":13.57},"geometry":{"type":"Polygon","coordinates":[[[-75.3003444434234,4.350019898126053],[-75.2503442147093,4.350019898126053],[-75.2503442147093,4.400020126840146],[-75.3003444434234,4.400020126840146],[-75.3003444434234,4.350019898126053]]]}},{"type":"Feature","properties":{"v":0.0},"geometry":{"type":"Polygon","coordinates":[[[-75.2503442147093,4.350019898126053],[-75.20034398599522,4.350019898126053],[-75.20034398599522,4.400020126840146],[-75.2503442147093,4.400020126840146],[-75.2503442147093,4.350019898126053]]]}},{"type":"Feature","properties":{"v":0.0},"geometry":{"type":"Polygon","coordinates":[[[-75.20034398599522,4.350019898126053],[-75.15034375728112,4.350019898126053],[-75.15034375728112,4.400020126840146],[-75.20034398599522,4.400020126840146],[-75.20034398599522,4.350019898126053]]]}},{"type":"Feature","properties":{"v":0.0},"geometry":{"type":"Polygon","coordinates":[[[-75.15034375728112,4.350019898126053],[-75.10034352856702,4.350019898126053],[-75.10034352856702,4.400020126840146],[-75.15034375728112,4.400020126840146],[-75.15034375728112,4.350019898126053]]]}},{"type":"Feature","properties":{"v":35.24},"geometry":{"type":"Polygon","coordinates":[[[-77.50035450684346,4.300019669411961],[-77.45035427812938,4.300019669411961],[-77.45035427812938,4.350019898126053],[-77.50035450684346,4.350019898126053],[-77.50035450684346,4.300019669411961]]]}},{"type":"Feature","properties":{"v":33.66},"geometry":{"type":"Polygon","coordinates":[[[-77.45035427812938,4.300019669411961],[-77.40035404941528,4.300019669411961],[-77.40035404941528,4.350019898126053],[-77.45035427812938,4.350019898126053],[-77.45035427812938,4.300019669411961]]]}},{"type":"Feature","properties":{"v":33.99},"geometry":{"type":"Polygon","coordinates":[[[-77.40035404941528,4.300019669411961],[-77.35035382070119,4.300019669411961],[-77.35035382070119,4.350019898126053],[-77.40035404941528,4.350019898126053],[-77.40035404941528,4.300019669411961]]]}},{"type":"Feature","properties":{"v":35.21},"geometry":{"type":"Polygon","coordinates":[[[-77.35035382070119,4.300019669411961],[-77.3003535919871,4.300019669411961],[-77.3003535919871,4.350019898126053],[-77.35035382070119,4.350019898126053],[-77.35035382070119,4.300019669411961]]]}},{"type":"Feature","properties":{"v":34.86},"geometry":{"type":"Polygon","coordinates":[[[-77.3003535919871,4.300019669411961],[-77.250353363273,4.300019669411961],[-77.250353363273,4.350019898126053],[-77.3003535919871,4.350019898126053],[-77.3003535919871,4.300019669411961]]]}},{"type":"Feature","properties":{"v":36.18},"geometry":{"type":"Polygon","coordinates":[[[-77.250353363273,4.300019669411961],[-77.20035313455891,4.300019669411961],[-77.20035313455891,4.350019898126053],[-77.250353363273,4.350019898126053],[-77.250353363273,4.300019669411961]]]}},{"type":"Feature","properties":{"v":35.54},"geometry":{"type":"Polygon","coordinates":[[[-77.20035313455891,4.300019669411961],[-77.15035290584483,4.300019669411961],[-77.15035290584483,4.350019898126053],[-77.20035313455891,4.350019898126053],[-77.20035313455891,4.300019669411961]]]}},{"type":"Feature","properties":{"v":34.55},"geometry":{"type":"Polygon","coordinates":[[[-77.15035290584483,4.300019669411961],[-77.10035267713073,4.300019669411961],[-77.10035267713073,4.350019898126053],[-77.15035290584483,4.350019898126053],[-77.15035290584483,4.300019669411961]]]}},{"type":"Feature","properties":{"v":34.91},"geometry":{"type":"Polygon","coordinates":[[[-77.10035267713073,4.300019669411961],[-77.05035244841663,4.300019669411961],[-77.05035244841663,4.350019898126053],[-77.10035267713073,4.350019898126053],[-77.10035267713073,4.300019669411961]]]}},{"type":"Feature","properties":{"v":34.07},"geometry":{"type":"Polygon","coordinates":[[[-77.05035244841663,4.300019669411961],[-77.00035221970255,4.300019669411961],[-77.00035221970255,4.350019898126053],[-77.05035244841663,4.350019898126053],[-77.05035244841663,4.300019669411961]]]}},{"type":"Feature","properties":{"v":35.37},"geometry":{"type":"Polygon","coordinates":[[[-77.00035221970255,4.300019669411961],[-76.95035199098845,4.300019669411961],[-76.95035199098845,4.350019898126053],[-77.00035221970255,4.350019898126053],[-77.00035221970255,4.300019669411961]]]}},{"type":"Feature","properties":{"v":35.06},"geometry":{"type":"Polygon","coordinates":[[[-76.95035199098845,4.300019669411961],[-76.90035176227435,4.300019669411961],[-76.90035176227435,4.350019898126053],[-76.95035199098845,4.350019898126053],[-76.95035199098845,4.300019669411961]]]}},{"type":"Feature","properties":{"v":35.94},"geometry":{"type":"Polygon","coordinates":[[[-76.90035176227435,4.300019669411961],[-76.85035153356027,4.300019669411961],[-76.85035153356027,4.350019898126053],[-76.90035176227435,4.350019898126053],[-76.90035176227435,4.300019669411961]]]}},{"type":"Feature","properties":{"v":35.36},"geometry":{"type":"Polygon","coordinates":[[[-76.85035153356027,4.300019669411961],[-76.80035130484617,4.300019669411961],[-76.80035130484617,4.350019898126053],[-76.85035153356027,4.350019898126053],[-76.85035153356027,4.300019669411961]]]}},{"type":"Feature","properties":{"v":38.65},"geometry":{"type":"Polygon","coordinates":[[[-76.80035130484617,4.300019669411961],[-76.75035107613208,4.300019669411961],[-76.75035107613208,4.350019898126053],[-76.80035130484617,4.350019898126053],[-76.80035130484617,4.300019669411961]]]}},{"type":"Feature","properties":{"v":42.19},"geometry":{"type":"Polygon","coordinates":[[[-76.75035107613208,4.300019669411961],[-76.700350847418,4.300019669411961],[-76.700350847418,4.350019898126053],[-76.75035107613208,4.350019898126053],[-76.75035107613208,4.300019669411961]]]}},{"type":"Feature","properties":{"v":43.58},"geometry":{"type":"Polygon","coordinates":[[[-76.700350847418,4.300019669411961],[-76.6503506187039,4.300019669411961],[-76.6503506187039,4.350019898126053],[-76.700350847418,4.350019898126053],[-76.700350847418,4.300019669411961]]]}},{"type":"Feature","properties":{"v":50.18},"geometry":{"type":"Polygon","coordinates":[[[-76.6503506187039,4.300019669411961],[-76.6003503899898,4.300019669411961],[-76.6003503899898,4.350019898126053],[-76.6503506187039,4.350019898126053],[-76.6503506187039,4.300019669411961]]]}},{"type":"Feature","properties":{"v":49.96},"geometry":{"type":"Polygon","coordinates":[[[-76.6003503899898,4.300019669411961],[-76.55035016127572,4.300019669411961],[-76.55035016127572,4.350019898126053],[-76.6003503899898,4.350019898126053],[-76.6003503899898,4.300019669411961]]]}},{"type":"Feature","properties":{"v":42.02},"geometry":{"type":"Polygon","coordinates":[[[-76.55035016127572,4.300019669411961],[-76.50034993256162,4.300019669411961],[-76.50034993256162,4.350019898126053],[-76.55035016127572,4.350019898126053],[-76.55035016127572,4.300019669411961]]]}},{"type":"Feature","properties":{"v":42.27},"geometry":{"type":"Polygon","coordinates":[[[-76.50034993256162,4.300019669411961],[-76.45034970384752,4.300019669411961],[-76.45034970384752,4.350019898126053],[-76.50034993256162,4.350019898126053],[-76.50034993256162,4.300019669411961]]]}},{"type":"Feature","properties":{"v":42.87},"geometry":{"type":"Polygon","coordinates":[[[-76.45034970384752,4.300019669411961],[-76.40034947513344,4.300019669411961],[-76.40034947513344,4.350019898126053],[-76.45034970384752,4.350019898126053],[-76.45034970384752,4.300019669411961]]]}},{"type":"Feature","properties":{"v":39.46},"geometry":{"type":"Polygon","coordinates":[[[-76.40034947513344,4.300019669411961],[-76.35034924641934,4.300019669411961],[-76.35034924641934,4.350019898126053],[-76.40034947513344,4.350019898126053],[-76.40034947513344,4.300019669411961]]]}},{"type":"Feature","properties":{"v":31.33},"geometry":{"type":"Polygon","coordinates":[[[-76.35034924641934,4.300019669411961],[-76.30034901770524,4.300019669411961],[-76.30034901770524,4.350019898126053],[-76.35034924641934,4.350019898126053],[-76.35034924641934,4.300019669411961]]]}},{"type":"Feature","properties":{"v":38.85},"geometry":{"type":"Polygon","coordinates":[[[-76.30034901770524,4.300019669411961],[-76.25034878899116,4.300019669411961],[-76.25034878899116,4.350019898126053],[-76.30034901770524,4.350019898126053],[-76.30034901770524,4.300019669411961]]]}},{"type":"Feature","properties":{"v":29.31},"geometry":{"type":"Polygon","coordinates":[[[-76.25034878899116,4.300019669411961],[-76.20034856027706,4.300019669411961],[-76.20034856027706,4.350019898126053],[-76.25034878899116,4.350019898126053],[-76.25034878899116,4.300019669411961]]]}},{"type":"Feature","properties":{"v":28.41},"geometry":{"type":"Polygon","coordinates":[[[-76.20034856027706,4.300019669411961],[-76.15034833156297,4.300019669411961],[-76.15034833156297,4.350019898126053],[-76.20034856027706,4.350019898126053],[-76.20034856027706,4.300019669411961]]]}},{"type":"Feature","properties":{"v":24.68},"geometry":{"type":"Polygon","coordinates":[[[-76.15034833156297,4.300019669411961],[-76.10034810284888,4.300019669411961],[-76.10034810284888,4.350019898126053],[-76.15034833156297,4.350019898126053],[-76.15034833156297,4.300019669411961]]]}},{"type":"Feature","properties":{"v":22.9},"geometry":{"type":"Polygon","coordinates":[[[-76.10034810284888,4.300019669411961],[-76.05034787413479,4.300019669411961],[-76.05034787413479,4.350019898126053],[-76.10034810284888,4.350019898126053],[-76.10034810284888,4.300019669411961]]]}},{"type":"Feature","properties":{"v":19.13},"geometry":{"type":"Polygon","coordinates":[[[-76.05034787413479,4.300019669411961],[-76.00034764542069,4.300019669411961],[-76.00034764542069,4.350019898126053],[-76.05034787413479,4.350019898126053],[-76.05034787413479,4.300019669411961]]]}},{"type":"Feature","properties":{"v":34.64},"geometry":{"type":"Polygon","coordinates":[[[-76.00034764542069,4.300019669411961],[-75.9503474167066,4.300019669411961],[-75.9503474167066,4.350019898126053],[-76.00034764542069,4.350019898126053],[-76.00034764542069,4.300019669411961]]]}},{"type":"Feature","properties":{"v":33.65},"geometry":{"type":"Polygon","coordinates":[[[-75.9503474167066,4.300019669411961],[-75.90034718799251,4.300019669411961],[-75.90034718799251,4.350019898126053],[-75.9503474167066,4.350019898126053],[-75.9503474167066,4.300019669411961]]]}},{"type":"Feature","properties":{"v":32.49},"geometry":{"type":"Polygon","coordinates":[[[-75.90034718799251,4.300019669411961],[-75.85034695927841,4.300019669411961],[-75.85034695927841,4.350019898126053],[-75.90034718799251,4.350019898126053],[-75.90034718799251,4.300019669411961]]]}},{"type":"Feature","properties":{"v":26.24},"geometry":{"type":"Polygon","coordinates":[[[-75.85034695927841,4.300019669411961],[-75.80034673056433,4.300019669411961],[-75.80034673056433,4.350019898126053],[-75.85034695927841,4.350019898126053],[-75.85034695927841,4.300019669411961]]]}},{"type":"Feature","properties":{"v":17.28},"geometry":{"type":"Polygon","coordinates":[[[-75.80034673056433,4.300019669411961],[-75.75034650185023,4.300019669411961],[-75.75034650185023,4.350019898126053],[-75.80034673056433,4.350019898126053],[-75.80034673056433,4.300019669411961]]]}},{"type":"Feature","properties":{"v":20.61},"geometry":{"type":"Polygon","coordinates":[[[-75.75034650185023,4.300019669411961],[-75.70034627313613,4.300019669411961],[-75.70034627313613,4.350019898126053],[-75.75034650185023,4.350019898126053],[-75.75034650185023,4.300019669411961]]]}},{"type":"Feature","properties":{"v":26.16},"geometry":{"type":"Polygon","coordinates":[[[-75.70034627313613,4.300019669411961],[-75.65034604442205,4.300019669411961],[-75.65034604442205,4.350019898126053],[-75.70034627313613,4.350019898126053],[-75.70034627313613,4.300019669411961]]]}},{"type":"Feature","properties":{"v":24.34},"geometry":{"type":"Polygon","coordinates":[[[-75.65034604442205,4.300019669411961],[-75.60034581570795,4.300019669411961],[-75.60034581570795,4.350019898126053],[-75.65034604442205,4.350019898126053],[-75.65034604442205,4.300019669411961]]]}},{"type":"Feature","properties":{"v":29.51},"geometry":{"type":"Polygon","coordinates":[[[-75.60034581570795,4.300019669411961],[-75.55034558699386,4.300019669411961],[-75.55034558699386,4.350019898126053],[-75.60034581570795,4.350019898126053],[-75.60034581570795,4.300019669411961]]]}},{"type":"Feature","properties":{"v":27.87},"geometry":{"type":"Polygon","coordinates":[[[-75.55034558699386,4.300019669411961],[-75.50034535827977,4.300019669411961],[-75.50034535827977,4.350019898126053],[-75.55034558699386,4.350019898126053],[-75.55034558699386,4.300019669411961]]]}},{"type":"Feature","properties":{"v":31.42},"geometry":{"type":"Polygon","coordinates":[[[-75.50034535827977,4.300019669411961],[-75.45034512956568,4.300019669411961],[-75.45034512956568,4.350019898126053],[-75.50034535827977,4.350019898126053],[-75.50034535827977,4.300019669411961]]]}},{"type":"Feature","properties":{"v":24.45},"geometry":{"type":"Polygon","coordinates":[[[-75.45034512956568,4.300019669411961],[-75.40034490085158,4.300019669411961],[-75.40034490085158,4.350019898126053],[-75.45034512956568,4.350019898126053],[-75.45034512956568,4.300019669411961]]]}},{"type":"Feature","properties":{"v":22.87},"geometry":{"type":"Polygon","coordinates":[[[-75.40034490085158,4.300019669411961],[-75.3503446721375,4.300019669411961],[-75.3503446721375,4.350019898126053],[-75.40034490085158,4.350019898126053],[-75.40034490085158,4.300019669411961]]]}},{"type":"Feature","properties":{"v":18.91},"geometry":{"type":"Polygon","coordinates":[[[-75.3503446721375,4.300019669411961],[-75.3003444434234,4.300019669411961],[-75.3003444434234,4.350019898126053],[-75.3503446721375,4.350019898126053],[-75.3503446721375,4.300019669411961]]]}},{"type":"Feature","properties":{"v":8.19},"geometry":{"type":"Polygon","coordinates":[[[-75.3003444434234,4.300019669411961],[-75.2503442147093,4.300019669411961],[-75.2503442147093,4.350019898126053],[-75.3003444434234,4.350019898126053],[-75.3003444434234,4.300019669411961]]]}},{"type":"Feature","properties":{"v":7.25},"geometry":{"type":"Polygon","coordinates":[[[-75.2503442147093,4.300019669411961],[-75.20034398599522,4.300019669411961],[-75.20034398599522,4.350019898126053],[-75.2503442147093,4.350019898126053],[-75.2503442147093,4.300019669411961]]]}},{"type":"Feature","properties":{"v":6.12},"geometry":{"type":"Polygon","coordinates":[[[-75.20034398599522,4.300019669411961],[-75.15034375728112,4.300019669411961],[-75.15034375728112,4.350019898126053],[-75.20034398599522,4.350019898126053],[-75.20034398599522,4.300019669411961]]]}},{"type":"Feature","properties":{"v":7.87},"geometry":{"type":"Polygon","coordinates":[[[-75.15034375728112,4.300019669411961],[-75.10034352856702,4.300019669411961],[-75.10034352856702,4.350019898126053],[-75.15034375728112,4.350019898126053],[-75.15034375728112,4.300019669411961]]]}},{"type":"Feature","properties":{"v":32.23},"geometry":{"type":"Polygon","coordinates":[[[-77.55035473555756,4.250019440697868],[-77.50035450684346,4.250019440697868],[-77.50035450684346,4.300019669411961],[-77.55035473555756,4.300019669411961],[-77.55035473555756,4.250019440697868]]]}},{"type":"Feature","properties":{"v":34.98},"geometry":{"type":"Polygon","coordinates":[[[-77.50035450684346,4.250019440697868],[-77.45035427812938,4.250019440697868],[-77.45035427812938,4.300019669411961],[-77.50035450684346,4.300019669411961],[-77.50035450684346,4.250019440697868]]]}},{"type":"Feature","properties":{"v":31.79},"geometry":{"type":"Polygon","coordinates":[[[-77.45035427812938,4.250019440697868],[-77.40035404941528,4.250019440697868],[-77.40035404941528,4.300019669411961],[-77.45035427812938,4.300019669411961],[-77.45035427812938,4.250019440697868]]]}},{"type":"Feature","properties":{"v":32.78},"geometry":{"type":"Polygon","coordinates":[[[-77.40035404941528,4.250019440697868],[-77.35035382070119,4.250019440697868],[-77.35035382070119,4.300019669411961],[-77.40035404941528,4.300019669411961],[-77.40035404941528,4.250019440697868]]]}},{"type":"Feature","properties":{"v":33.77},"geometry":{"type":"Polygon","coordinates":[[[-77.35035382070119,4.250019440697868],[-77.3003535919871,4.250019440697868],[-77.3003535919871,4.300019669411961],[-77.35035382070119,4.300019669411961],[-77.35035382070119,4.250019440697868]]]}},{"type":"Feature","properties":{"v":34.54},"geometry":{"type":"Polygon","coordinates":[[[-77.3003535919871,4.250019440697868],[-77.250353363273,4.250019440697868],[-77.250353363273,4.300019669411961],[-77.3003535919871,4.300019669411961],[-77.3003535919871,4.250019440697868]]]}},{"type":"Feature","properties":{"v":34.13},"geometry":{"type":"Polygon","coordinates":[[[-77.250353363273,4.250019440697868],[-77.20035313455891,4.250019440697868],[-77.20035313455891,4.300019669411961],[-77.250353363273,4.300019669411961],[-77.250353363273,4.250019440697868]]]}},{"type":"Feature","properties":{"v":33.82},"geometry":{"type":"Polygon","coordinates":[[[-77.20035313455891,4.250019440697868],[-77.15035290584483,4.250019440697868],[-77.15035290584483,4.300019669411961],[-77.20035313455891,4.300019669411961],[-77.20035313455891,4.250019440697868]]]}},{"type":"Feature","properties":{"v":31.99},"geometry":{"type":"Polygon","coordinates":[[[-77.15035290584483,4.250019440697868],[-77.10035267713073,4.250019440697868],[-77.10035267713073,4.300019669411961],[-77.15035290584483,4.300019669411961],[-77.15035290584483,4.250019440697868]]]}},{"type":"Feature","properties":{"v":33.21},"geometry":{"type":"Polygon","coordinates":[[[-77.10035267713073,4.250019440697868],[-77.05035244841663,4.250019440697868],[-77.05035244841663,4.300019669411961],[-77.10035267713073,4.300019669411961],[-77.10035267713073,4.250019440697868]]]}},{"type":"Feature","properties":{"v":32.92},"geometry":{"type":"Polygon","coordinates":[[[-77.05035244841663,4.250019440697868],[-77.00035221970255,4.250019440697868],[-77.00035221970255,4.300019669411961],[-77.05035244841663,4.300019669411961],[-77.05035244841663,4.250019440697868]]]}},{"type":"Feature","properties":{"v":33.06},"geometry":{"type":"Polygon","coordinates":[[[-77.00035221970255,4.250019440697868],[-76.95035199098845,4.250019440697868],[-76.95035199098845,4.300019669411961],[-77.00035221970255,4.300019669411961],[-77.00035221970255,4.250019440697868]]]}},{"type":"Feature","properties":{"v":33.66},"geometry":{"type":"Polygon","coordinates":[[[-76.95035199098845,4.250019440697868],[-76.90035176227435,4.250019440697868],[-76.90035176227435,4.300019669411961],[-76.95035199098845,4.300019669411961],[-76.95035199098845,4.250019440697868]]]}},{"type":"Feature","properties":{"v":34.39},"geometry":{"type":"Polygon","coordinates":[[[-76.90035176227435,4.250019440697868],[-76.85035153356027,4.250019440697868],[-76.85035153356027,4.300019669411961],[-76.90035176227435,4.300019669411961],[-76.90035176227435,4.250019440697868]]]}},{"type":"Feature","properties":{"v":35.4},"geometry":{"type":"Polygon","coordinates":[[[-76.85035153356027,4.250019440697868],[-76.80035130484617,4.250019440697868],[-76.80035130484617,4.300019669411961],[-76.85035153356027,4.300019669411961],[-76.85035153356027,4.250019440697868]]]}},{"type":"Feature","properties":{"v":37.91},"geometry":{"type":"Polygon","coordinates":[[[-76.80035130484617,4.250019440697868],[-76.75035107613208,4.250019440697868],[-76.75035107613208,4.300019669411961],[-76.80035130484617,4.300019669411961],[-76.80035130484617,4.250019440697868]]]}},{"type":"Feature","properties":{"v":39.81},"geometry":{"type":"Polygon","coordinates":[[[-76.75035107613208,4.250019440697868],[-76.700350847418,4.250019440697868],[-76.700350847418,4.300019669411961],[-76.75035107613208,4.300019669411961],[-76.75035107613208,4.250019440697868]]]}},{"type":"Feature","properties":{"v":44.41},"geometry":{"type":"Polygon","coordinates":[[[-76.700350847418,4.250019440697868],[-76.6503506187039,4.250019440697868],[-76.6503506187039,4.300019669411961],[-76.700350847418,4.300019669411961],[-76.700350847418,4.250019440697868]]]}},{"type":"Feature","properties":{"v":45.06},"geometry":{"type":"Polygon","coordinates":[[[-76.6503506187039,4.250019440697868],[-76.6003503899898,4.250019440697868],[-76.6003503899898,4.300019669411961],[-76.6503506187039,4.300019669411961],[-76.6503506187039,4.250019440697868]]]}},{"type":"Feature","properties":{"v":48.27},"geometry":{"type":"Polygon","coordinates":[[[-76.6003503899898,4.250019440697868],[-76.55035016127572,4.250019440697868],[-76.55035016127572,4.300019669411961],[-76.6003503899898,4.300019669411961],[-76.6003503899898,4.250019440697868]]]}},{"type":"Feature","properties":{"v":39.73},"geometry":{"type":"Polygon","coordinates":[[[-76.55035016127572,4.250019440697868],[-76.50034993256162,4.250019440697868],[-76.50034993256162,4.300019669411961],[-76.55035016127572,4.300019669411961],[-76.55035016127572,4.250019440697868]]]}},{"type":"Feature","properties":{"v":41.78},"geometry":{"type":"Polygon","coordinates":[[[-76.50034993256162,4.250019440697868],[-76.45034970384752,4.250019440697868],[-76.45034970384752,4.300019669411961],[-76.50034993256162,4.300019669411961],[-76.50034993256162,4.250019440697868]]]}},{"type":"Feature","properties":{"v":41.69},"geometry":{"type":"Polygon","coordinates":[[[-76.45034970384752,4.250019440697868],[-76.40034947513344,4.250019440697868],[-76.40034947513344,4.300019669411961],[-76.45034970384752,4.300019669411961],[-76.45034970384752,4.250019440697868]]]}},{"type":"Feature","properties":{"v":37.46},"geometry":{"type":"Polygon","coordinates":[[[-76.40034947513344,4.250019440697868],[-76.35034924641934,4.250019440697868],[-76.35034924641934,4.300019669411961],[-76.40034947513344,4.300019669411961],[-76.40034947513344,4.250019440697868]]]}},{"type":"Feature","properties":{"v":33.77},"geometry":{"type":"Polygon","coordinates":[[[-76.35034924641934,4.250019440697868],[-76.30034901770524,4.250019440697868],[-76.30034901770524,4.300019669411961],[-76.35034924641934,4.300019669411961],[-76.35034924641934,4.250019440697868]]]}},{"type":"Feature","properties":{"v":35.48},"geometry":{"type":"Polygon","coordinates":[[[-76.30034901770524,4.250019440697868],[-76.25034878899116,4.250019440697868],[-76.25034878899116,4.300019669411961],[-76.30034901770524,4.300019669411961],[-76.30034901770524,4.250019440697868]]]}},{"type":"Feature","properties":{"v":26.67},"geometry":{"type":"Polygon","coordinates":[[[-76.25034878899116,4.250019440697868],[-76.20034856027706,4.250019440697868],[-76.20034856027706,4.300019669411961],[-76.25034878899116,4.300019669411961],[-76.25034878899116,4.250019440697868]]]}},{"type":"Feature","properties":{"v":35.37},"geometry":{"type":"Polygon","coordinates":[[[-76.20034856027706,4.250019440697868],[-76.15034833156297,4.250019440697868],[-76.15034833156297,4.300019669411961],[-76.20034856027706,4.300019669411961],[-76.20034856027706,4.250019440697868]]]}},{"type":"Feature","properties":{"v":27.03},"geometry":{"type":"Polygon","coordinates":[[[-76.15034833156297,4.250019440697868],[-76.10034810284888,4.250019440697868],[-76.10034810284888,4.300019669411961],[-76.15034833156297,4.300019669411961],[-76.15034833156297,4.250019440697868]]]}},{"type":"Feature","properties":{"v":28.73},"geometry":{"type":"Polygon","coordinates":[[[-76.10034810284888,4.250019440697868],[-76.05034787413479,4.250019440697868],[-76.05034787413479,4.300019669411961],[-76.10034810284888,4.300019669411961],[-76.10034810284888,4.250019440697868]]]}},{"type":"Feature","properties":{"v":27.32},"geometry":{"type":"Polygon","coordinates":[[[-76.05034787413479,4.250019440697868],[-76.00034764542069,4.250019440697868],[-76.00034764542069,4.300019669411961],[-76.05034787413479,4.300019669411961],[-76.05034787413479,4.250019440697868]]]}},{"type":"Feature","properties":{"v":28.41},"geometry":{"type":"Polygon","coordinates":[[[-76.00034764542069,4.250019440697868],[-75.9503474167066,4.250019440697868],[-75.9503474167066,4.300019669411961],[-76.00034764542069,4.300019669411961],[-76.00034764542069,4.250019440697868]]]}},{"type":"Feature","properties":{"v":27.65},"geometry":{"type":"Polygon","coordinates":[[[-75.9503474167066,4.250019440697868],[-75.90034718799251,4.250019440697868],[-75.90034718799251,4.300019669411961],[-75.9503474167066,4.300019669411961],[-75.9503474167066,4.250019440697868]]]}},{"type":"Feature","properties":{"v":26.75},"geometry":{"type":"Polygon","coordinates":[[[-75.90034718799251,4.250019440697868],[-75.85034695927841,4.250019440697868],[-75.85034695927841,4.300019669411961],[-75.90034718799251,4.300019669411961],[-75.90034718799251,4.250019440697868]]]}},{"type":"Feature","properties":{"v":19.72},"geometry":{"type":"Polygon","coordinates":[[[-75.85034695927841,4.250019440697868],[-75.80034673056433,4.250019440697868],[-75.80034673056433,4.300019669411961],[-75.85034695927841,4.300019669411961],[-75.85034695927841,4.250019440697868]]]}},{"type":"Feature","properties":{"v":17.91},"geometry":{"type":"Polygon","coordinates":[[[-75.80034673056433,4.250019440697868],[-75.75034650185023,4.250019440697868],[-75.75034650185023,4.300019669411961],[-75.80034673056433,4.300019669411961],[-75.80034673056433,4.250019440697868]]]}},{"type":"Feature","properties":{"v":20.7},"geometry":{"type":"Polygon","coordinates":[[[-75.75034650185023,4.250019440697868],[-75.70034627313613,4.250019440697868],[-75.70034627313613,4.300019669411961],[-75.75034650185023,4.300019669411961],[-75.75034650185023,4.250019440697868]]]}},{"type":"Feature","properties":{"v":21.73},"geometry":{"type":"Polygon","coordinates":[[[-75.70034627313613,4.250019440697868],[-75.65034604442205,4.250019440697868],[-75.65034604442205,4.300019669411961],[-75.70034627313613,4.300019669411961],[-75.70034627313613,4.250019440697868]]]}},{"type":"Feature","properties":{"v":28.33},"geometry":{"type":"Polygon","coordinates":[[[-75.65034604442205,4.250019440697868],[-75.60034581570795,4.250019440697868],[-75.60034581570795,4.300019669411961],[-75.65034604442205,4.300019669411961],[-75.65034604442205,4.250019440697868]]]}},{"type":"Feature","properties":{"v":33.8},"geometry":{"type":"Polygon","coordinates":[[[-75.60034581570795,4.250019440697868],[-75.55034558699386,4.250019440697868],[-75.55034558699386,4.300019669411961],[-75.60034581570795,4.300019669411961],[-75.60034581570795,4.250019440697868]]]}},{"type":"Feature","properties":{"v":31.1},"geometry":{"type":"Polygon","coordinates":[[[-75.55034558699386,4.250019440697868],[-75.50034535827977,4.250019440697868],[-75.50034535827977,4.300019669411961],[-75.55034558699386,4.300019669411961],[-75.55034558699386,4.250019440697868]]]}},{"type":"Feature","properties":{"v":30.96},"geometry":{"type":"Polygon","coordinates":[[[-75.50034535827977,4.250019440697868],[-75.45034512956568,4.250019440697868],[-75.45034512956568,4.300019669411961],[-75.50034535827977,4.300019669411961],[-75.50034535827977,4.250019440697868]]]}},{"type":"Feature","properties":{"v":25.86},"geometry":{"type":"Polygon","coordinates":[[[-75.45034512956568,4.250019440697868],[-75.40034490085158,4.250019440697868],[-75.40034490085158,4.300019669411961],[-75.45034512956568,4.300019669411961],[-75.45034512956568,4.250019440697868]]]}},{"type":"Feature","properties":{"v":20.18},"geometry":{"type":"Polygon","coordinates":[[[-75.40034490085158,4.250019440697868],[-75.3503446721375,4.250019440697868],[-75.3503446721375,4.300019669411961],[-75.40034490085158,4.300019669411961],[-75.40034490085158,4.250019440697868]]]}},{"type":"Feature","properties":{"v":11.66},"geometry":{"type":"Polygon","coordinates":[[[-75.3503446721375,4.250019440697868],[-75.3003444434234,4.250019440697868],[-75.3003444434234,4.300019669411961],[-75.3503446721375,4.300019669411961],[-75.3503446721375,4.250019440697868]]]}},{"type":"Feature","properties":{"v":7.27},"geometry":{"type":"Polygon","coordinates":[[[-75.3003444434234,4.250019440697868],[-75.2503442147093,4.250019440697868],[-75.2503442147093,4.300019669411961],[-75.3003444434234,4.300019669411961],[-75.3003444434234,4.250019440697868]]]}},{"type":"Feature","properties":{"v":9.12},"geometry":{"type":"Polygon","coordinates":[[[-75.2503442147093,4.250019440697868],[-75.20034398599522,4.250019440697868],[-75.20034398599522,4.300019669411961],[-75.2503442147093,4.300019669411961],[-75.2503442147093,4.250019440697868]]]}},{"type":"Feature","properties":{"v":6.41},"geometry":{"type":"Polygon","coordinates":[[[-75.20034398599522,4.250019440697868],[-75.15034375728112,4.250019440697868],[-75.15034375728112,4.300019669411961],[-75.20034398599522,4.300019669411961],[-75.20034398599522,4.250019440697868]]]}},{"type":"Feature","properties":{"v":6.79},"geometry":{"type":"Polygon","coordinates":[[[-75.15034375728112,4.250019440697868],[-75.10034352856702,4.250019440697868],[-75.10034352856702,4.300019669411961],[-75.15034375728112,4.300019669411961],[-75.15034375728112,4.250019440697868]]]}},{"type":"Feature","properties":{"v":35.59},"geometry":{"type":"Polygon","coordinates":[[[-77.55035473555756,4.200019211983776],[-77.50035450684346,4.200019211983776],[-77.50035450684346,4.250019440697868],[-77.55035473555756,4.250019440697868],[-77.55035473555756,4.200019211983776]]]}},{"type":"Feature","properties":{"v":35.43},"geometry":{"type":"Polygon","coordinates":[[[-77.50035450684346,4.200019211983776],[-77.45035427812938,4.200019211983776],[-77.45035427812938,4.250019440697868],[-77.50035450684346,4.250019440697868],[-77.50035450684346,4.200019211983776]]]}},{"type":"Feature","properties":{"v":34.32},"geometry":{"type":"Polygon","coordinates":[[[-77.45035427812938,4.200019211983776],[-77.40035404941528,4.200019211983776],[-77.40035404941528,4.250019440697868],[-77.45035427812938,4.250019440697868],[-77.45035427812938,4.200019211983776]]]}},{"type":"Feature","properties":{"v":34.02},"geometry":{"type":"Polygon","coordinates":[[[-77.40035404941528,4.200019211983776],[-77.35035382070119,4.200019211983776],[-77.35035382070119,4.250019440697868],[-77.40035404941528,4.250019440697868],[-77.40035404941528,4.200019211983776]]]}},{"type":"Feature","properties":{"v":34.55},"geometry":{"type":"Polygon","coordinates":[[[-77.35035382070119,4.200019211983776],[-77.3003535919871,4.200019211983776],[-77.3003535919871,4.250019440697868],[-77.35035382070119,4.250019440697868],[-77.35035382070119,4.200019211983776]]]}},{"type":"Feature","properties":{"v":34.56},"geometry":{"type":"Polygon","coordinates":[[[-77.3003535919871,4.200019211983776],[-77.250353363273,4.200019211983776],[-77.250353363273,4.250019440697868],[-77.3003535919871,4.250019440697868],[-77.3003535919871,4.200019211983776]]]}},{"type":"Feature","properties":{"v":34.77},"geometry":{"type":"Polygon","coordinates":[[[-77.250353363273,4.200019211983776],[-77.20035313455891,4.200019211983776],[-77.20035313455891,4.250019440697868],[-77.250353363273,4.250019440697868],[-77.250353363273,4.200019211983776]]]}},{"type":"Feature","properties":{"v":33.49},"geometry":{"type":"Polygon","coordinates":[[[-77.20035313455891,4.200019211983776],[-77.15035290584483,4.200019211983776],[-77.15035290584483,4.250019440697868],[-77.20035313455891,4.250019440697868],[-77.20035313455891,4.200019211983776]]]}},{"type":"Feature","properties":{"v":32.33},"geometry":{"type":"Polygon","coordinates":[[[-77.15035290584483,4.200019211983776],[-77.10035267713073,4.200019211983776],[-77.10035267713073,4.250019440697868],[-77.15035290584483,4.250019440697868],[-77.15035290584483,4.200019211983776]]]}},{"type":"Feature","properties":{"v":32.38},"geometry":{"type":"Polygon","coordinates":[[[-77.10035267713073,4.200019211983776],[-77.05035244841663,4.200019211983776],[-77.05035244841663,4.250019440697868],[-77.10035267713073,4.250019440697868],[-77.10035267713073,4.200019211983776]]]}},{"type":"Feature","properties":{"v":32.9},"geometry":{"type":"Polygon","coordinates":[[[-77.05035244841663,4.200019211983776],[-77.00035221970255,4.200019211983776],[-77.00035221970255,4.250019440697868],[-77.05035244841663,4.250019440697868],[-77.05035244841663,4.200019211983776]]]}},{"type":"Feature","properties":{"v":34.02},"geometry":{"type":"Polygon","coordinates":[[[-77.00035221970255,4.200019211983776],[-76.95035199098845,4.200019211983776],[-76.95035199098845,4.250019440697868],[-77.00035221970255,4.250019440697868],[-77.00035221970255,4.200019211983776]]]}},{"type":"Feature","properties":{"v":34.4},"geometry":{"type":"Polygon","coordinates":[[[-76.95035199098845,4.200019211983776],[-76.90035176227435,4.200019211983776],[-76.90035176227435,4.250019440697868],[-76.95035199098845,4.250019440697868],[-76.95035199098845,4.200019211983776]]]}},{"type":"Feature","properties":{"v":34.42},"geometry":{"type":"Polygon","coordinates":[[[-76.90035176227435,4.200019211983776],[-76.85035153356027,4.200019211983776],[-76.85035153356027,4.250019440697868],[-76.90035176227435,4.250019440697868],[-76.90035176227435,4.200019211983776]]]}},{"type":"Feature","properties":{"v":34.86},"geometry":{"type":"Polygon","coordinates":[[[-76.85035153356027,4.200019211983776],[-76.80035130484617,4.200019211983776],[-76.80035130484617,4.250019440697868],[-76.85035153356027,4.250019440697868],[-76.85035153356027,4.200019211983776]]]}},{"type":"Feature","properties":{"v":36.95},"geometry":{"type":"Polygon","coordinates":[[[-76.80035130484617,4.200019211983776],[-76.75035107613208,4.200019211983776],[-76.75035107613208,4.250019440697868],[-76.80035130484617,4.250019440697868],[-76.80035130484617,4.200019211983776]]]}},{"type":"Feature","properties":{"v":39.83},"geometry":{"type":"Polygon","coordinates":[[[-76.75035107613208,4.200019211983776],[-76.700350847418,4.200019211983776],[-76.700350847418,4.250019440697868],[-76.75035107613208,4.250019440697868],[-76.75035107613208,4.200019211983776]]]}},{"type":"Feature","properties":{"v":44.32},"geometry":{"type":"Polygon","coordinates":[[[-76.700350847418,4.200019211983776],[-76.6503506187039,4.200019211983776],[-76.6503506187039,4.250019440697868],[-76.700350847418,4.250019440697868],[-76.700350847418,4.200019211983776]]]}},{"type":"Feature","properties":{"v":47.73},"geometry":{"type":"Polygon","coordinates":[[[-76.6503506187039,4.200019211983776],[-76.6003503899898,4.200019211983776],[-76.6003503899898,4.250019440697868],[-76.6503506187039,4.250019440697868],[-76.6503506187039,4.200019211983776]]]}},{"type":"Feature","properties":{"v":48.2},"geometry":{"type":"Polygon","coordinates":[[[-76.6003503899898,4.200019211983776],[-76.55035016127572,4.200019211983776],[-76.55035016127572,4.250019440697868],[-76.6003503899898,4.250019440697868],[-76.6003503899898,4.200019211983776]]]}},{"type":"Feature","properties":{"v":42.39},"geometry":{"type":"Polygon","coordinates":[[[-76.55035016127572,4.200019211983776],[-76.50034993256162,4.200019211983776],[-76.50034993256162,4.250019440697868],[-76.55035016127572,4.250019440697868],[-76.55035016127572,4.200019211983776]]]}},{"type":"Feature","properties":{"v":38.73},"geometry":{"type":"Polygon","coordinates":[[[-76.50034993256162,4.200019211983776],[-76.45034970384752,4.200019211983776],[-76.45034970384752,4.250019440697868],[-76.50034993256162,4.250019440697868],[-76.50034993256162,4.200019211983776]]]}},{"type":"Feature","properties":{"v":40.35},"geometry":{"type":"Polygon","coordinates":[[[-76.45034970384752,4.200019211983776],[-76.40034947513344,4.200019211983776],[-76.40034947513344,4.250019440697868],[-76.45034970384752,4.250019440697868],[-76.45034970384752,4.200019211983776]]]}},{"type":"Feature","properties":{"v":32.78},"geometry":{"type":"Polygon","coordinates":[[[-76.40034947513344,4.200019211983776],[-76.35034924641934,4.200019211983776],[-76.35034924641934,4.250019440697868],[-76.40034947513344,4.250019440697868],[-76.40034947513344,4.200019211983776]]]}},{"type":"Feature","properties":{"v":31.72},"geometry":{"type":"Polygon","coordinates":[[[-76.35034924641934,4.200019211983776],[-76.30034901770524,4.200019211983776],[-76.30034901770524,4.250019440697868],[-76.35034924641934,4.250019440697868],[-76.35034924641934,4.200019211983776]]]}},{"type":"Feature","properties":{"v":35.31},"geometry":{"type":"Polygon","coordinates":[[[-76.30034901770524,4.200019211983776],[-76.25034878899116,4.200019211983776],[-76.25034878899116,4.250019440697868],[-76.30034901770524,4.250019440697868],[-76.30034901770524,4.200019211983776]]]}},{"type":"Feature","properties":{"v":28.29},"geometry":{"type":"Polygon","coordinates":[[[-76.25034878899116,4.200019211983776],[-76.20034856027706,4.200019211983776],[-76.20034856027706,4.250019440697868],[-76.25034878899116,4.250019440697868],[-76.25034878899116,4.200019211983776]]]}},{"type":"Feature","properties":{"v":34.46},"geometry":{"type":"Polygon","coordinates":[[[-76.20034856027706,4.200019211983776],[-76.15034833156297,4.200019211983776],[-76.15034833156297,4.250019440697868],[-76.20034856027706,4.250019440697868],[-76.20034856027706,4.200019211983776]]]}},{"type":"Feature","properties":{"v":24.36},"geometry":{"type":"Polygon","coordinates":[[[-76.15034833156297,4.200019211983776],[-76.10034810284888,4.200019211983776],[-76.10034810284888,4.250019440697868],[-76.15034833156297,4.250019440697868],[-76.15034833156297,4.200019211983776]]]}},{"type":"Feature","properties":{"v":21.03},"geometry":{"type":"Polygon","coordinates":[[[-76.10034810284888,4.200019211983776],[-76.05034787413479,4.200019211983776],[-76.05034787413479,4.250019440697868],[-76.10034810284888,4.250019440697868],[-76.10034810284888,4.200019211983776]]]}},{"type":"Feature","properties":{"v":25.36},"geometry":{"type":"Polygon","coordinates":[[[-76.05034787413479,4.200019211983776],[-76.00034764542069,4.200019211983776],[-76.00034764542069,4.250019440697868],[-76.05034787413479,4.250019440697868],[-76.05034787413479,4.200019211983776]]]}},{"type":"Feature","properties":{"v":23.87},"geometry":{"type":"Polygon","coordinates":[[[-76.00034764542069,4.200019211983776],[-75.9503474167066,4.200019211983776],[-75.9503474167066,4.250019440697868],[-76.00034764542069,4.250019440697868],[-76.00034764542069,4.200019211983776]]]}},{"type":"Feature","properties":{"v":23.06},"geometry":{"type":"Polygon","coordinates":[[[-75.9503474167066,4.200019211983776],[-75.90034718799251,4.200019211983776],[-75.90034718799251,4.250019440697868],[-75.9503474167066,4.250019440697868],[-75.9503474167066,4.200019211983776]]]}},{"type":"Feature","properties":{"v":26.04},"geometry":{"type":"Polygon","coordinates":[[[-75.90034718799251,4.200019211983776],[-75.85034695927841,4.200019211983776],[-75.85034695927841,4.250019440697868],[-75.90034718799251,4.250019440697868],[-75.90034718799251,4.200019211983776]]]}},{"type":"Feature","properties":{"v":18.06},"geometry":{"type":"Polygon","coordinates":[[[-75.85034695927841,4.200019211983776],[-75.80034673056433,4.200019211983776],[-75.80034673056433,4.250019440697868],[-75.85034695927841,4.250019440697868],[-75.85034695927841,4.200019211983776]]]}},{"type":"Feature","properties":{"v":15.67},"geometry":{"type":"Polygon","coordinates":[[[-75.80034673056433,4.200019211983776],[-75.75034650185023,4.200019211983776],[-75.75034650185023,4.250019440697868],[-75.80034673056433,4.250019440697868],[-75.80034673056433,4.200019211983776]]]}},{"type":"Feature","properties":{"v":20.14},"geometry":{"type":"Polygon","coordinates":[[[-75.75034650185023,4.200019211983776],[-75.70034627313613,4.200019211983776],[-75.70034627313613,4.250019440697868],[-75.75034650185023,4.250019440697868],[-75.75034650185023,4.200019211983776]]]}},{"type":"Feature","properties":{"v":26.05},"geometry":{"type":"Polygon","coordinates":[[[-75.70034627313613,4.200019211983776],[-75.65034604442205,4.200019211983776],[-75.65034604442205,4.250019440697868],[-75.70034627313613,4.250019440697868],[-75.70034627313613,4.200019211983776]]]}},{"type":"Feature","properties":{"v":31.7},"geometry":{"type":"Polygon","coordinates":[[[-75.65034604442205,4.200019211983776],[-75.60034581570795,4.200019211983776],[-75.60034581570795,4.250019440697868],[-75.65034604442205,4.250019440697868],[-75.65034604442205,4.200019211983776]]]}},{"type":"Feature","properties":{"v":33.49},"geometry":{"type":"Polygon","coordinates":[[[-75.60034581570795,4.200019211983776],[-75.55034558699386,4.200019211983776],[-75.55034558699386,4.250019440697868],[-75.60034581570795,4.250019440697868],[-75.60034581570795,4.200019211983776]]]}},{"type":"Feature","properties":{"v":27.43},"geometry":{"type":"Polygon","coordinates":[[[-75.55034558699386,4.200019211983776],[-75.50034535827977,4.200019211983776],[-75.50034535827977,4.250019440697868],[-75.55034558699386,4.250019440697868],[-75.55034558699386,4.200019211983776]]]}},{"type":"Feature","properties":{"v":25.09},"geometry":{"type":"Polygon","coordinates":[[[-75.50034535827977,4.200019211983776],[-75.45034512956568,4.200019211983776],[-75.45034512956568,4.250019440697868],[-75.50034535827977,4.250019440697868],[-75.50034535827977,4.200019211983776]]]}},{"type":"Feature","properties":{"v":19.8},"geometry":{"type":"Polygon","coordinates":[[[-75.45034512956568,4.200019211983776],[-75.40034490085158,4.200019211983776],[-75.40034490085158,4.250019440697868],[-75.45034512956568,4.250019440697868],[-75.45034512956568,4.200019211983776]]]}},{"type":"Feature","properties":{"v":14.41},"geometry":{"type":"Polygon","coordinates":[[[-75.40034490085158,4.200019211983776],[-75.3503446721375,4.200019211983776],[-75.3503446721375,4.250019440697868],[-75.40034490085158,4.250019440697868],[-75.40034490085158,4.200019211983776]]]}},{"type":"Feature","properties":{"v":9.95},"geometry":{"type":"Polygon","coordinates":[[[-75.3503446721375,4.200019211983776],[-75.3003444434234,4.200019211983776],[-75.3003444434234,4.250019440697868],[-75.3503446721375,4.250019440697868],[-75.3503446721375,4.200019211983776]]]}},{"type":"Feature","properties":{"v":5.67},"geometry":{"type":"Polygon","coordinates":[[[-75.3003444434234,4.200019211983776],[-75.2503442147093,4.200019211983776],[-75.2503442147093,4.250019440697868],[-75.3003444434234,4.250019440697868],[-75.3003444434234,4.200019211983776]]]}},{"type":"Feature","properties":{"v":6.81},"geometry":{"type":"Polygon","coordinates":[[[-75.2503442147093,4.200019211983776],[-75.20034398599522,4.200019211983776],[-75.20034398599522,4.250019440697868],[-75.2503442147093,4.250019440697868],[-75.2503442147093,4.200019211983776]]]}},{"type":"Feature","properties":{"v":7.03},"geometry":{"type":"Polygon","coordinates":[[[-75.20034398599522,4.200019211983776],[-75.15034375728112,4.200019211983776],[-75.15034375728112,4.250019440697868],[-75.20034398599522,4.250019440697868],[-75.20034398599522,4.200019211983776]]]}},{"type":"Feature","properties":{"v":8.01},"geometry":{"type":"Polygon","coordinates":[[[-75.15034375728112,4.200019211983776],[-75.10034352856702,4.200019211983776],[-75.10034352856702,4.250019440697868],[-75.15034375728112,4.250019440697868],[-75.15034375728112,4.200019211983776]]]}},{"type":"Feature","properties":{"v":34.78},"geometry":{"type":"Polygon","coordinates":[[[-77.55035473555756,4.150018983269684],[-77.50035450684346,4.150018983269684],[-77.50035450684346,4.200019211983776],[-77.55035473555756,4.200019211983776],[-77.55035473555756,4.150018983269684]]]}},{"type":"Feature","properties":{"v":36.13},"geometry":{"type":"Polygon","coordinates":[[[-77.50035450684346,4.150018983269684],[-77.45035427812938,4.150018983269684],[-77.45035427812938,4.200019211983776],[-77.50035450684346,4.200019211983776],[-77.50035450684346,4.150018983269684]]]}},{"type":"Feature","properties":{"v":34.3},"geometry":{"type":"Polygon","coordinates":[[[-77.45035427812938,4.150018983269684],[-77.40035404941528,4.150018983269684],[-77.40035404941528,4.200019211983776],[-77.45035427812938,4.200019211983776],[-77.45035427812938,4.150018983269684]]]}},{"type":"Feature","properties":{"v":33.93},"geometry":{"type":"Polygon","coordinates":[[[-77.40035404941528,4.150018983269684],[-77.35035382070119,4.150018983269684],[-77.35035382070119,4.200019211983776],[-77.40035404941528,4.200019211983776],[-77.40035404941528,4.150018983269684]]]}},{"type":"Feature","properties":{"v":34.13},"geometry":{"type":"Polygon","coordinates":[[[-77.35035382070119,4.150018983269684],[-77.3003535919871,4.150018983269684],[-77.3003535919871,4.200019211983776],[-77.35035382070119,4.200019211983776],[-77.35035382070119,4.150018983269684]]]}},{"type":"Feature","properties":{"v":34.69},"geometry":{"type":"Polygon","coordinates":[[[-77.3003535919871,4.150018983269684],[-77.250353363273,4.150018983269684],[-77.250353363273,4.200019211983776],[-77.3003535919871,4.200019211983776],[-77.3003535919871,4.150018983269684]]]}},{"type":"Feature","properties":{"v":35.13},"geometry":{"type":"Polygon","coordinates":[[[-77.250353363273,4.150018983269684],[-77.20035313455891,4.150018983269684],[-77.20035313455891,4.200019211983776],[-77.250353363273,4.200019211983776],[-77.250353363273,4.150018983269684]]]}},{"type":"Feature","properties":{"v":32.68},"geometry":{"type":"Polygon","coordinates":[[[-77.20035313455891,4.150018983269684],[-77.15035290584483,4.150018983269684],[-77.15035290584483,4.200019211983776],[-77.20035313455891,4.200019211983776],[-77.20035313455891,4.150018983269684]]]}},{"type":"Feature","properties":{"v":32.9},"geometry":{"type":"Polygon","coordinates":[[[-77.15035290584483,4.150018983269684],[-77.10035267713073,4.150018983269684],[-77.10035267713073,4.200019211983776],[-77.15035290584483,4.200019211983776],[-77.15035290584483,4.150018983269684]]]}},{"type":"Feature","properties":{"v":31.89},"geometry":{"type":"Polygon","coordinates":[[[-77.10035267713073,4.150018983269684],[-77.05035244841663,4.150018983269684],[-77.05035244841663,4.200019211983776],[-77.10035267713073,4.200019211983776],[-77.10035267713073,4.150018983269684]]]}},{"type":"Feature","properties":{"v":32.61},"geometry":{"type":"Polygon","coordinates":[[[-77.05035244841663,4.150018983269684],[-77.00035221970255,4.150018983269684],[-77.00035221970255,4.200019211983776],[-77.05035244841663,4.200019211983776],[-77.05035244841663,4.150018983269684]]]}},{"type":"Feature","properties":{"v":32.65},"geometry":{"type":"Polygon","coordinates":[[[-77.00035221970255,4.150018983269684],[-76.95035199098845,4.150018983269684],[-76.95035199098845,4.200019211983776],[-77.00035221970255,4.200019211983776],[-77.00035221970255,4.150018983269684]]]}},{"type":"Feature","properties":{"v":32.46},"geometry":{"type":"Polygon","coordinates":[[[-76.95035199098845,4.150018983269684],[-76.90035176227435,4.150018983269684],[-76.90035176227435,4.200019211983776],[-76.95035199098845,4.200019211983776],[-76.95035199098845,4.150018983269684]]]}},{"type":"Feature","properties":{"v":33.25},"geometry":{"type":"Polygon","coordinates":[[[-76.90035176227435,4.150018983269684],[-76.85035153356027,4.150018983269684],[-76.85035153356027,4.200019211983776],[-76.90035176227435,4.200019211983776],[-76.90035176227435,4.150018983269684]]]}},{"type":"Feature","properties":{"v":33.75},"geometry":{"type":"Polygon","coordinates":[[[-76.85035153356027,4.150018983269684],[-76.80035130484617,4.150018983269684],[-76.80035130484617,4.200019211983776],[-76.85035153356027,4.200019211983776],[-76.85035153356027,4.150018983269684]]]}},{"type":"Feature","properties":{"v":35.45},"geometry":{"type":"Polygon","coordinates":[[[-76.80035130484617,4.150018983269684],[-76.75035107613208,4.150018983269684],[-76.75035107613208,4.200019211983776],[-76.80035130484617,4.200019211983776],[-76.80035130484617,4.150018983269684]]]}},{"type":"Feature","properties":{"v":38.24},"geometry":{"type":"Polygon","coordinates":[[[-76.75035107613208,4.150018983269684],[-76.700350847418,4.150018983269684],[-76.700350847418,4.200019211983776],[-76.75035107613208,4.200019211983776],[-76.75035107613208,4.150018983269684]]]}},{"type":"Feature","properties":{"v":43.31},"geometry":{"type":"Polygon","coordinates":[[[-76.700350847418,4.150018983269684],[-76.6503506187039,4.150018983269684],[-76.6503506187039,4.200019211983776],[-76.700350847418,4.200019211983776],[-76.700350847418,4.150018983269684]]]}},{"type":"Feature","properties":{"v":47.34},"geometry":{"type":"Polygon","coordinates":[[[-76.6503506187039,4.150018983269684],[-76.6003503899898,4.150018983269684],[-76.6003503899898,4.200019211983776],[-76.6503506187039,4.200019211983776],[-76.6503506187039,4.150018983269684]]]}},{"type":"Feature","properties":{"v":39.32},"geometry":{"type":"Polygon","coordinates":[[[-76.6003503899898,4.150018983269684],[-76.55035016127572,4.150018983269684],[-76.55035016127572,4.200019211983776],[-76.6003503899898,4.200019211983776],[-76.6003503899898,4.150018983269684]]]}},{"type":"Feature","properties":{"v":38.88},"geometry":{"type":"Polygon","coordinates":[[[-76.55035016127572,4.150018983269684],[-76.50034993256162,4.150018983269684],[-76.50034993256162,4.200019211983776],[-76.55035016127572,4.200019211983776],[-76.55035016127572,4.150018983269684]]]}},{"type":"Feature","properties":{"v":38.48},"geometry":{"type":"Polygon","coordinates":[[[-76.50034993256162,4.150018983269684],[-76.45034970384752,4.150018983269684],[-76.45034970384752,4.200019211983776],[-76.50034993256162,4.200019211983776],[-76.50034993256162,4.150018983269684]]]}},{"type":"Feature","properties":{"v":36.45},"geometry":{"type":"Polygon","coordinates":[[[-76.45034970384752,4.150018983269684],[-76.40034947513344,4.150018983269684],[-76.40034947513344,4.200019211983776],[-76.45034970384752,4.200019211983776],[-76.45034970384752,4.150018983269684]]]}},{"type":"Feature","properties":{"v":32.89},"geometry":{"type":"Polygon","coordinates":[[[-76.40034947513344,4.150018983269684],[-76.35034924641934,4.150018983269684],[-76.35034924641934,4.200019211983776],[-76.40034947513344,4.200019211983776],[-76.40034947513344,4.150018983269684]]]}},{"type":"Feature","properties":{"v":36.13},"geometry":{"type":"Polygon","coordinates":[[[-76.35034924641934,4.150018983269684],[-76.30034901770524,4.150018983269684],[-76.30034901770524,4.200019211983776],[-76.35034924641934,4.200019211983776],[-76.35034924641934,4.150018983269684]]]}},{"type":"Feature","properties":{"v":32.28},"geometry":{"type":"Polygon","coordinates":[[[-76.30034901770524,4.150018983269684],[-76.25034878899116,4.150018983269684],[-76.25034878899116,4.200019211983776],[-76.30034901770524,4.200019211983776],[-76.30034901770524,4.150018983269684]]]}},{"type":"Feature","properties":{"v":25.58},"geometry":{"type":"Polygon","coordinates":[[[-76.25034878899116,4.150018983269684],[-76.20034856027706,4.150018983269684],[-76.20034856027706,4.200019211983776],[-76.25034878899116,4.200019211983776],[-76.25034878899116,4.150018983269684]]]}},{"type":"Feature","properties":{"v":25.13},"geometry":{"type":"Polygon","coordinates":[[[-76.20034856027706,4.150018983269684],[-76.15034833156297,4.150018983269684],[-76.15034833156297,4.200019211983776],[-76.20034856027706,4.200019211983776],[-76.20034856027706,4.150018983269684]]]}},{"type":"Feature","properties":{"v":24.5},"geometry":{"type":"Polygon","coordinates":[[[-76.15034833156297,4.150018983269684],[-76.10034810284888,4.150018983269684],[-76.10034810284888,4.200019211983776],[-76.15034833156297,4.200019211983776],[-76.15034833156297,4.150018983269684]]]}},{"type":"Feature","properties":{"v":27.4},"geometry":{"type":"Polygon","coordinates":[[[-76.10034810284888,4.150018983269684],[-76.05034787413479,4.150018983269684],[-76.05034787413479,4.200019211983776],[-76.10034810284888,4.200019211983776],[-76.10034810284888,4.150018983269684]]]}},{"type":"Feature","properties":{"v":23.94},"geometry":{"type":"Polygon","coordinates":[[[-76.05034787413479,4.150018983269684],[-76.00034764542069,4.150018983269684],[-76.00034764542069,4.200019211983776],[-76.05034787413479,4.200019211983776],[-76.05034787413479,4.150018983269684]]]}},{"type":"Feature","properties":{"v":24.94},"geometry":{"type":"Polygon","coordinates":[[[-76.00034764542069,4.150018983269684],[-75.9503474167066,4.150018983269684],[-75.9503474167066,4.200019211983776],[-76.00034764542069,4.200019211983776],[-76.00034764542069,4.150018983269684]]]}},{"type":"Feature","properties":{"v":25.72},"geometry":{"type":"Polygon","coordinates":[[[-75.9503474167066,4.150018983269684],[-75.90034718799251,4.150018983269684],[-75.90034718799251,4.200019211983776],[-75.9503474167066,4.200019211983776],[-75.9503474167066,4.150018983269684]]]}},{"type":"Feature","properties":{"v":25.13},"geometry":{"type":"Polygon","coordinates":[[[-75.90034718799251,4.150018983269684],[-75.85034695927841,4.150018983269684],[-75.85034695927841,4.200019211983776],[-75.90034718799251,4.200019211983776],[-75.90034718799251,4.150018983269684]]]}},{"type":"Feature","properties":{"v":15.53},"geometry":{"type":"Polygon","coordinates":[[[-75.85034695927841,4.150018983269684],[-75.80034673056433,4.150018983269684],[-75.80034673056433,4.200019211983776],[-75.85034695927841,4.200019211983776],[-75.85034695927841,4.150018983269684]]]}},{"type":"Feature","properties":{"v":17.66},"geometry":{"type":"Polygon","coordinates":[[[-75.80034673056433,4.150018983269684],[-75.75034650185023,4.150018983269684],[-75.75034650185023,4.200019211983776],[-75.80034673056433,4.200019211983776],[-75.80034673056433,4.150018983269684]]]}},{"type":"Feature","properties":{"v":23.2},"geometry":{"type":"Polygon","coordinates":[[[-75.75034650185023,4.150018983269684],[-75.70034627313613,4.150018983269684],[-75.70034627313613,4.200019211983776],[-75.75034650185023,4.200019211983776],[-75.75034650185023,4.150018983269684]]]}},{"type":"Feature","properties":{"v":26.01},"geometry":{"type":"Polygon","coordinates":[[[-75.70034627313613,4.150018983269684],[-75.65034604442205,4.150018983269684],[-75.65034604442205,4.200019211983776],[-75.70034627313613,4.200019211983776],[-75.70034627313613,4.150018983269684]]]}},{"type":"Feature","properties":{"v":23.69},"geometry":{"type":"Polygon","coordinates":[[[-75.65034604442205,4.150018983269684],[-75.60034581570795,4.150018983269684],[-75.60034581570795,4.200019211983776],[-75.65034604442205,4.200019211983776],[-75.65034604442205,4.150018983269684]]]}},{"type":"Feature","properties":{"v":24.92},"geometry":{"type":"Polygon","coordinates":[[[-75.60034581570795,4.150018983269684],[-75.55034558699386,4.150018983269684],[-75.55034558699386,4.200019211983776],[-75.60034581570795,4.200019211983776],[-75.60034581570795,4.150018983269684]]]}},{"type":"Feature","properties":{"v":22.1},"geometry":{"type":"Polygon","coordinates":[[[-75.55034558699386,4.150018983269684],[-75.50034535827977,4.150018983269684],[-75.50034535827977,4.200019211983776],[-75.55034558699386,4.200019211983776],[-75.55034558699386,4.150018983269684]]]}},{"type":"Feature","properties":{"v":20.09},"geometry":{"type":"Polygon","coordinates":[[[-75.50034535827977,4.150018983269684],[-75.45034512956568,4.150018983269684],[-75.45034512956568,4.200019211983776],[-75.50034535827977,4.200019211983776],[-75.50034535827977,4.150018983269684]]]}},{"type":"Feature","properties":{"v":14.83},"geometry":{"type":"Polygon","coordinates":[[[-75.45034512956568,4.150018983269684],[-75.40034490085158,4.150018983269684],[-75.40034490085158,4.200019211983776],[-75.45034512956568,4.200019211983776],[-75.45034512956568,4.150018983269684]]]}},{"type":"Feature","properties":{"v":10.68},"geometry":{"type":"Polygon","coordinates":[[[-75.40034490085158,4.150018983269684],[-75.3503446721375,4.150018983269684],[-75.3503446721375,4.200019211983776],[-75.40034490085158,4.200019211983776],[-75.40034490085158,4.150018983269684]]]}},{"type":"Feature","properties":{"v":9.3},"geometry":{"type":"Polygon","coordinates":[[[-75.3503446721375,4.150018983269684],[-75.3003444434234,4.150018983269684],[-75.3003444434234,4.200019211983776],[-75.3503446721375,4.200019211983776],[-75.3503446721375,4.150018983269684]]]}},{"type":"Feature","properties":{"v":8.93},"geometry":{"type":"Polygon","coordinates":[[[-75.3003444434234,4.150018983269684],[-75.2503442147093,4.150018983269684],[-75.2503442147093,4.200019211983776],[-75.3003444434234,4.200019211983776],[-75.3003444434234,4.150018983269684]]]}},{"type":"Feature","properties":{"v":9.24},"geometry":{"type":"Polygon","coordinates":[[[-75.2503442147093,4.150018983269684],[-75.20034398599522,4.150018983269684],[-75.20034398599522,4.200019211983776],[-75.2503442147093,4.200019211983776],[-75.2503442147093,4.150018983269684]]]}},{"type":"Feature","properties":{"v":0.0},"geometry":{"type":"Polygon","coordinates":[[[-75.20034398599522,4.150018983269684],[-75.15034375728112,4.150018983269684],[-75.15034375728112,4.200019211983776],[-75.20034398599522,4.200019211983776],[-75.20034398599522,4.150018983269684]]]}},{"type":"Feature","properties":{"v":0.0},"geometry":{"type":"Polygon","coordinates":[[[-75.15034375728112,4.150018983269684],[-75.10034352856702,4.150018983269684],[-75.10034352856702,4.200019211983776],[-75.15034375728112,4.200019211983776],[-75.15034375728112,4.150018983269684]]]}},{"type":"Feature","properties":{"v":31.87},"geometry":{"type":"Polygon","coordinates":[[[-77.55035473555756,4.100018754555591],[-77.50035450684346,4.100018754555591],[-77.50035450684346,4.150018983269684],[-77.55035473555756,4.150018983269684],[-77.55035473555756,4.100018754555591]]]}},{"type":"Feature","properties":{"v":35.07},"geometry":{"type":"Polygon","coordinates":[[[-77.50035450684346,4.100018754555591],[-77.45035427812938,4.100018754555591],[-77.45035427812938,4.150018983269684],[-77.50035450684346,4.150018983269684],[-77.50035450684346,4.100018754555591]]]}},{"type":"Feature","properties":{"v":33.78},"geometry":{"type":"Polygon","coordinates":[[[-77.45035427812938,4.100018754555591],[-77.40035404941528,4.100018754555591],[-77.40035404941528,4.150018983269684],[-77.45035427812938,4.150018983269684],[-77.45035427812938,4.100018754555591]]]}},{"type":"Feature","properties":{"v":33.17},"geometry":{"type":"Polygon","coordinates":[[[-77.40035404941528,4.100018754555591],[-77.35035382070119,4.100018754555591],[-77.35035382070119,4.150018983269684],[-77.40035404941528,4.150018983269684],[-77.40035404941528,4.100018754555591]]]}},{"type":"Feature","properties":{"v":32.79},"geometry":{"type":"Polygon","coordinates":[[[-77.35035382070119,4.100018754555591],[-77.3003535919871,4.100018754555591],[-77.3003535919871,4.150018983269684],[-77.35035382070119,4.150018983269684],[-77.35035382070119,4.100018754555591]]]}},{"type":"Feature","properties":{"v":31.69},"geometry":{"type":"Polygon","coordinates":[[[-77.3003535919871,4.100018754555591],[-77.250353363273,4.100018754555591],[-77.250353363273,4.150018983269684],[-77.3003535919871,4.150018983269684],[-77.3003535919871,4.100018754555591]]]}},{"type":"Feature","properties":{"v":32.26},"geometry":{"type":"Polygon","coordinates":[[[-77.250353363273,4.100018754555591],[-77.20035313455891,4.100018754555591],[-77.20035313455891,4.150018983269684],[-77.250353363273,4.150018983269684],[-77.250353363273,4.100018754555591]]]}},{"type":"Feature","properties":{"v":31.3},"geometry":{"type":"Polygon","coordinates":[[[-77.20035313455891,4.100018754555591],[-77.15035290584483,4.100018754555591],[-77.15035290584483,4.150018983269684],[-77.20035313455891,4.150018983269684],[-77.20035313455891,4.100018754555591]]]}},{"type":"Feature","properties":{"v":30.39},"geometry":{"type":"Polygon","coordinates":[[[-77.15035290584483,4.100018754555591],[-77.10035267713073,4.100018754555591],[-77.10035267713073,4.150018983269684],[-77.15035290584483,4.150018983269684],[-77.15035290584483,4.100018754555591]]]}},{"type":"Feature","properties":{"v":30.12},"geometry":{"type":"Polygon","coordinates":[[[-77.10035267713073,4.100018754555591],[-77.05035244841663,4.100018754555591],[-77.05035244841663,4.150018983269684],[-77.10035267713073,4.150018983269684],[-77.10035267713073,4.100018754555591]]]}},{"type":"Feature","properties":{"v":29.96},"geometry":{"type":"Polygon","coordinates":[[[-77.05035244841663,4.100018754555591],[-77.00035221970255,4.100018754555591],[-77.00035221970255,4.150018983269684],[-77.05035244841663,4.150018983269684],[-77.05035244841663,4.100018754555591]]]}},{"type":"Feature","properties":{"v":30.96},"geometry":{"type":"Polygon","coordinates":[[[-77.00035221970255,4.100018754555591],[-76.95035199098845,4.100018754555591],[-76.95035199098845,4.150018983269684],[-77.00035221970255,4.150018983269684],[-77.00035221970255,4.100018754555591]]]}},{"type":"Feature","properties":{"v":31.37},"geometry":{"type":"Polygon","coordinates":[[[-76.95035199098845,4.100018754555591],[-76.90035176227435,4.100018754555591],[-76.90035176227435,4.150018983269684],[-76.95035199098845,4.150018983269684],[-76.95035199098845,4.100018754555591]]]}},{"type":"Feature","properties":{"v":31.15},"geometry":{"type":"Polygon","coordinates":[[[-76.90035176227435,4.100018754555591],[-76.85035153356027,4.100018754555591],[-76.85035153356027,4.150018983269684],[-76.90035176227435,4.150018983269684],[-76.90035176227435,4.100018754555591]]]}},{"type":"Feature","properties":{"v":31.54},"geometry":{"type":"Polygon","coordinates":[[[-76.85035153356027,4.100018754555591],[-76.80035130484617,4.100018754555591],[-76.80035130484617,4.150018983269684],[-76.85035153356027,4.150018983269684],[-76.85035153356027,4.100018754555591]]]}},{"type":"Feature","properties":{"v":34.94},"geometry":{"type":"Polygon","coordinates":[[[-76.80035130484617,4.100018754555591],[-76.75035107613208,4.100018754555591],[-76.75035107613208,4.150018983269684],[-76.80035130484617,4.150018983269684],[-76.80035130484617,4.100018754555591]]]}},{"type":"Feature","properties":{"v":38.71},"geometry":{"type":"Polygon","coordinates":[[[-76.75035107613208,4.100018754555591],[-76.700350847418,4.100018754555591],[-76.700350847418,4.150018983269684],[-76.75035107613208,4.150018983269684],[-76.75035107613208,4.100018754555591]]]}},{"type":"Feature","properties":{"v":43.81},"geometry":{"type":"Polygon","coordinates":[[[-76.700350847418,4.100018754555591],[-76.6503506187039,4.100018754555591],[-76.6503506187039,4.150018983269684],[-76.700350847418,4.150018983269684],[-76.700350847418,4.100018754555591]]]}},{"type":"Feature","properties":{"v":46.28},"geometry":{"type":"Polygon","coordinates":[[[-76.6503506187039,4.100018754555591],[-76.6003503899898,4.100018754555591],[-76.6003503899898,4.150018983269684],[-76.6503506187039,4.150018983269684],[-76.6503506187039,4.100018754555591]]]}},{"type":"Feature","properties":{"v":40.19},"geometry":{"type":"Polygon","coordinates":[[[-76.6003503899898,4.100018754555591],[-76.55035016127572,4.100018754555591],[-76.55035016127572,4.150018983269684],[-76.6003503899898,4.150018983269684],[-76.6003503899898,4.100018754555591]]]}},{"type":"Feature","properties":{"v":46.64},"geometry":{"type":"Polygon","coordinates":[[[-76.55035016127572,4.100018754555591],[-76.50034993256162,4.100018754555591],[-76.50034993256162,4.150018983269684],[-76.55035016127572,4.150018983269684],[-76.55035016127572,4.100018754555591]]]}},{"type":"Feature","properties":{"v":44.11},"geometry":{"type":"Polygon","coordinates":[[[-76.50034993256162,4.100018754555591],[-76.45034970384752,4.100018754555591],[-76.45034970384752,4.150018983269684],[-76.50034993256162,4.150018983269684],[-76.50034993256162,4.100018754555591]]]}},{"type":"Feature","properties":{"v":31.33},"geometry":{"type":"Polygon","coordinates":[[[-76.45034970384752,4.100018754555591],[-76.40034947513344,4.100018754555591],[-76.40034947513344,4.150018983269684],[-76.45034970384752,4.150018983269684],[-76.45034970384752,4.100018754555591]]]}},{"type":"Feature","properties":{"v":30.05},"geometry":{"type":"Polygon","coordinates":[[[-76.40034947513344,4.100018754555591],[-76.35034924641934,4.100018754555591],[-76.35034924641934,4.150018983269684],[-76.40034947513344,4.150018983269684],[-76.40034947513344,4.100018754555591]]]}},{"type":"Feature","properties":{"v":29.05},"geometry":{"type":"Polygon","coordinates":[[[-76.35034924641934,4.100018754555591],[-76.30034901770524,4.100018754555591],[-76.30034901770524,4.150018983269684],[-76.35034924641934,4.150018983269684],[-76.35034924641934,4.100018754555591]]]}},{"type":"Feature","properties":{"v":28.43},"geometry":{"type":"Polygon","coordinates":[[[-76.30034901770524,4.100018754555591],[-76.25034878899116,4.100018754555591],[-76.25034878899116,4.150018983269684],[-76.30034901770524,4.150018983269684],[-76.30034901770524,4.100018754555591]]]}},{"type":"Feature","properties":{"v":23.96},"geometry":{"type":"Polygon","coordinates":[[[-76.25034878899116,4.100018754555591],[-76.20034856027706,4.100018754555591],[-76.20034856027706,4.150018983269684],[-76.25034878899116,4.150018983269684],[-76.25034878899116,4.100018754555591]]]}},{"type":"Feature","properties":{"v":24.45},"geometry":{"type":"Polygon","coordinates":[[[-76.20034856027706,4.100018754555591],[-76.15034833156297,4.100018754555591],[-76.15034833156297,4.150018983269684],[-76.20034856027706,4.150018983269684],[-76.20034856027706,4.100018754555591]]]}},{"type":"Feature","properties":{"v":22.37},"geometry":{"type":"Polygon","coordinates":[[[-76.15034833156297,4.100018754555591],[-76.10034810284888,4.100018754555591],[-76.10034810284888,4.150018983269684],[-76.15034833156297,4.150018983269684],[-76.15034833156297,4.100018754555591]]]}},{"type":"Feature","properties":{"v":26.22},"geometry":{"type":"Polygon","coordinates":[[[-76.10034810284888,4.100018754555591],[-76.05034787413479,4.100018754555591],[-76.05034787413479,4.150018983269684],[-76.10034810284888,4.150018983269684],[-76.10034810284888,4.100018754555591]]]}},{"type":"Feature","properties":{"v":22.87},"geometry":{"type":"Polygon","coordinates":[[[-76.05034787413479,4.100018754555591],[-76.00034764542069,4.100018754555591],[-76.00034764542069,4.150018983269684],[-76.05034787413479,4.150018983269684],[-76.05034787413479,4.100018754555591]]]}},{"type":"Feature","properties":{"v":24.76},"geometry":{"type":"Polygon","coordinates":[[[-76.00034764542069,4.100018754555591],[-75.9503474167066,4.100018754555591],[-75.9503474167066,4.150018983269684],[-76.00034764542069,4.150018983269684],[-76.00034764542069,4.100018754555591]]]}},{"type":"Feature","properties":{"v":23.65},"geometry":{"type":"Polygon","coordinates":[[[-75.9503474167066,4.100018754555591],[-75.90034718799251,4.100018754555591],[-75.90034718799251,4.150018983269684],[-75.9503474167066,4.150018983269684],[-75.9503474167066,4.100018754555591]]]}},{"type":"Feature","properties":{"v":26.64},"geometry":{"type":"Polygon","coordinates":[[[-75.90034718799251,4.100018754555591],[-75.85034695927841,4.100018754555591],[-75.85034695927841,4.150018983269684],[-75.90034718799251,4.150018983269684],[-75.90034718799251,4.100018754555591]]]}},{"type":"Feature","properties":{"v":15.2},"geometry":{"type":"Polygon","coordinates":[[[-75.85034695927841,4.100018754555591],[-75.80034673056433,4.100018754555591],[-75.80034673056433,4.150018983269684],[-75.85034695927841,4.150018983269684],[-75.85034695927841,4.100018754555591]]]}},{"type":"Feature","properties":{"v":16.33},"geometry":{"type":"Polygon","coordinates":[[[-75.80034673056433,4.100018754555591],[-75.75034650185023,4.100018754555591],[-75.75034650185023,4.150018983269684],[-75.80034673056433,4.150018983269684],[-75.80034673056433,4.100018754555591]]]}},{"type":"Feature","properties":{"v":19.8},"geometry":{"type":"Polygon","coordinates":[[[-75.75034650185023,4.100018754555591],[-75.70034627313613,4.100018754555591],[-75.70034627313613,4.150018983269684],[-75.75034650185023,4.150018983269684],[-75.75034650185023,4.100018754555591]]]}},{"type":"Feature","properties":{"v":22.36},"geometry":{"type":"Polygon","coordinates":[[[-75.70034627313613,4.100018754555591],[-75.65034604442205,4.100018754555591],[-75.65034604442205,4.150018983269684],[-75.70034627313613,4.150018983269684],[-75.70034627313613,4.100018754555591]]]}},{"type":"Feature","properties":{"v":21.78},"geometry":{"type":"Polygon","coordinates":[[[-75.65034604442205,4.100018754555591],[-75.60034581570795,4.100018754555591],[-75.60034581570795,4.150018983269684],[-75.65034604442205,4.150018983269684],[-75.65034604442205,4.100018754555591]]]}},{"type":"Feature","properties":{"v":18.04},"geometry":{"type":"Polygon","coordinates":[[[-75.60034581570795,4.100018754555591],[-75.55034558699386,4.100018754555591],[-75.55034558699386,4.150018983269684],[-75.60034581570795,4.150018983269684],[-75.60034581570795,4.100018754555591]]]}},{"type":"Feature","properties":{"v":19.94},"geometry":{"type":"Polygon","coordinates":[[[-75.55034558699386,4.100018754555591],[-75.50034535827977,4.100018754555591],[-75.50034535827977,4.150018983269684],[-75.55034558699386,4.150018983269684],[-75.55034558699386,4.100018754555591]]]}},{"type":"Feature","properties":{"v":14.3},"geometry":{"type":"Polygon","coordinates":[[[-75.50034535827977,4.100018754555591],[-75.45034512956568,4.100018754555591],[-75.45034512956568,4.150018983269684],[-75.50034535827977,4.150018983269684],[-75.50034535827977,4.100018754555591]]]}},{"type":"Feature","properties":{"v":12.47},"geometry":{"type":"Polygon","coordinates":[[[-75.45034512956568,4.100018754555591],[-75.40034490085158,4.100018754555591],[-75.40034490085158,4.150018983269684],[-75.45034512956568,4.150018983269684],[-75.45034512956568,4.100018754555591]]]}},{"type":"Feature","properties":{"v":14.01},"geometry":{"type":"Polygon","coordinates":[[[-75.40034490085158,4.100018754555591],[-75.3503446721375,4.100018754555591],[-75.3503446721375,4.150018983269684],[-75.40034490085158,4.150018983269684],[-75.40034490085158,4.100018754555591]]]}},{"type":"Feature","properties":{"v":11.67},"geometry":{"type":"Polygon","coordinates":[[[-75.3503446721375,4.100018754555591],[-75.3003444434234,4.100018754555591],[-75.3003444434234,4.150018983269684],[-75.3503446721375,4.150018983269684],[-75.3503446721375,4.100018754555591]]]}},{"type":"Feature","properties":{"v":9.53},"geometry":{"type":"Polygon","coordinates":[[[-75.3003444434234,4.100018754555591],[-75.2503442147093,4.100018754555591],[-75.2503442147093,4.150018983269684],[-75.3003444434234,4.150018983269684],[-75.3003444434234,4.100018754555591]]]}},{"type":"Feature","properties":{"v":8.78},"geometry":{"type":"Polygon","coordinates":[[[-75.2503442147093,4.100018754555591],[-75.20034398599522,4.100018754555591],[-75.20034398599522,4.150018983269684],[-75.2503442147093,4.150018983269684],[-75.2503442147093,4.100018754555591]]]}},{"type":"Feature","properties":{"v":10.44},"geometry":{"type":"Polygon","coordinates":[[[-75.20034398599522,4.100018754555591],[-75.15034375728112,4.100018754555591],[-75.15034375728112,4.150018983269684],[-75.20034398599522,4.150018983269684],[-75.20034398599522,4.100018754555591]]]}},{"type":"Feature","properties":{"v":7.69},"geometry":{"type":"Polygon","coordinates":[[[-75.15034375728112,4.100018754555591],[-75.10034352856702,4.100018754555591],[-75.10034352856702,4.150018983269684],[-75.15034375728112,4.150018983269684],[-75.15034375728112,4.100018754555591]]]}},{"type":"Feature","properties":{"v":33.09},"geometry":{"type":"Polygon","coordinates":[[[-77.50035450684346,4.050018525841498],[-77.45035427812938,4.050018525841498],[-77.45035427812938,4.100018754555591],[-77.50035450684346,4.100018754555591],[-77.50035450684346,4.050018525841498]]]}},{"type":"Feature","properties":{"v":33.78},"geometry":{"type":"Polygon","coordinates":[[[-77.45035427812938,4.050018525841498],[-77.40035404941528,4.050018525841498],[-77.40035404941528,4.100018754555591],[-77.45035427812938,4.100018754555591],[-77.45035427812938,4.050018525841498]]]}},{"type":"Feature","properties":{"v":31.51},"geometry":{"type":"Polygon","coordinates":[[[-77.40035404941528,4.050018525841498],[-77.35035382070119,4.050018525841498],[-77.35035382070119,4.100018754555591],[-77.40035404941528,4.100018754555591],[-77.40035404941528,4.050018525841498]]]}},{"type":"Feature","properties":{"v":30.44},"geometry":{"type":"Polygon","coordinates":[[[-77.35035382070119,4.050018525841498],[-77.3003535919871,4.050018525841498],[-77.3003535919871,4.100018754555591],[-77.35035382070119,4.100018754555591],[-77.35035382070119,4.050018525841498]]]}},{"type":"Feature","properties":{"v":31.0},"geometry":{"type":"Polygon","coordinates":[[[-77.3003535919871,4.050018525841498],[-77.250353363273,4.050018525841498],[-77.250353363273,4.100018754555591],[-77.3003535919871,4.100018754555591],[-77.3003535919871,4.050018525841498]]]}},{"type":"Feature","properties":{"v":32.49},"geometry":{"type":"Polygon","coordinates":[[[-77.250353363273,4.050018525841498],[-77.20035313455891,4.050018525841498],[-77.20035313455891,4.100018754555591],[-77.250353363273,4.100018754555591],[-77.250353363273,4.050018525841498]]]}},{"type":"Feature","properties":{"v":31.75},"geometry":{"type":"Polygon","coordinates":[[[-77.20035313455891,4.050018525841498],[-77.15035290584483,4.050018525841498],[-77.15035290584483,4.100018754555591],[-77.20035313455891,4.100018754555591],[-77.20035313455891,4.050018525841498]]]}},{"type":"Feature","properties":{"v":29.58},"geometry":{"type":"Polygon","coordinates":[[[-77.15035290584483,4.050018525841498],[-77.10035267713073,4.050018525841498],[-77.10035267713073,4.100018754555591],[-77.15035290584483,4.100018754555591],[-77.15035290584483,4.050018525841498]]]}},{"type":"Feature","properties":{"v":29.22},"geometry":{"type":"Polygon","coordinates":[[[-77.10035267713073,4.050018525841498],[-77.05035244841663,4.050018525841498],[-77.05035244841663,4.100018754555591],[-77.10035267713073,4.100018754555591],[-77.10035267713073,4.050018525841498]]]}},{"type":"Feature","properties":{"v":28.66},"geometry":{"type":"Polygon","coordinates":[[[-77.05035244841663,4.050018525841498],[-77.00035221970255,4.050018525841498],[-77.00035221970255,4.100018754555591],[-77.05035244841663,4.100018754555591],[-77.05035244841663,4.050018525841498]]]}},{"type":"Feature","properties":{"v":28.61},"geometry":{"type":"Polygon","coordinates":[[[-77.00035221970255,4.050018525841498],[-76.95035199098845,4.050018525841498],[-76.95035199098845,4.100018754555591],[-77.00035221970255,4.100018754555591],[-77.00035221970255,4.050018525841498]]]}},{"type":"Feature","properties":{"v":29.49},"geometry":{"type":"Polygon","coordinates":[[[-76.95035199098845,4.050018525841498],[-76.90035176227435,4.050018525841498],[-76.90035176227435,4.100018754555591],[-76.95035199098845,4.100018754555591],[-76.95035199098845,4.050018525841498]]]}},{"type":"Feature","properties":{"v":29.27},"geometry":{"type":"Polygon","coordinates":[[[-76.90035176227435,4.050018525841498],[-76.85035153356027,4.050018525841498],[-76.85035153356027,4.100018754555591],[-76.90035176227435,4.100018754555591],[-76.90035176227435,4.050018525841498]]]}},{"type":"Feature","properties":{"v":31.28},"geometry":{"type":"Polygon","coordinates":[[[-76.85035153356027,4.050018525841498],[-76.80035130484617,4.050018525841498],[-76.80035130484617,4.100018754555591],[-76.85035153356027,4.100018754555591],[-76.85035153356027,4.050018525841498]]]}},{"type":"Feature","properties":{"v":36.02},"geometry":{"type":"Polygon","coordinates":[[[-76.80035130484617,4.050018525841498],[-76.75035107613208,4.050018525841498],[-76.75035107613208,4.100018754555591],[-76.80035130484617,4.100018754555591],[-76.80035130484617,4.050018525841498]]]}},{"type":"Feature","properties":{"v":40.52},"geometry":{"type":"Polygon","coordinates":[[[-76.75035107613208,4.050018525841498],[-76.700350847418,4.050018525841498],[-76.700350847418,4.100018754555591],[-76.75035107613208,4.100018754555591],[-76.75035107613208,4.050018525841498]]]}},{"type":"Feature","properties":{"v":41.65},"geometry":{"type":"Polygon","coordinates":[[[-76.700350847418,4.050018525841498],[-76.6503506187039,4.050018525841498],[-76.6503506187039,4.100018754555591],[-76.700350847418,4.100018754555591],[-76.700350847418,4.050018525841498]]]}},{"type":"Feature","properties":{"v":43.5},"geometry":{"type":"Polygon","coordinates":[[[-76.6503506187039,4.050018525841498],[-76.6003503899898,4.050018525841498],[-76.6003503899898,4.100018754555591],[-76.6503506187039,4.100018754555591],[-76.6503506187039,4.050018525841498]]]}},{"type":"Feature","properties":{"v":36.85},"geometry":{"type":"Polygon","coordinates":[[[-76.6003503899898,4.050018525841498],[-76.55035016127572,4.050018525841498],[-76.55035016127572,4.100018754555591],[-76.6003503899898,4.100018754555591],[-76.6003503899898,4.050018525841498]]]}},{"type":"Feature","properties":{"v":43.41},"geometry":{"type":"Polygon","coordinates":[[[-76.55035016127572,4.050018525841498],[-76.50034993256162,4.050018525841498],[-76.50034993256162,4.100018754555591],[-76.55035016127572,4.100018754555591],[-76.55035016127572,4.050018525841498]]]}},{"type":"Feature","properties":{"v":44.05},"geometry":{"type":"Polygon","coordinates":[[[-76.50034993256162,4.050018525841498],[-76.45034970384752,4.050018525841498],[-76.45034970384752,4.100018754555591],[-76.50034993256162,4.100018754555591],[-76.50034993256162,4.050018525841498]]]}},{"type":"Feature","properties":{"v":35.46},"geometry":{"type":"Polygon","coordinates":[[[-76.45034970384752,4.050018525841498],[-76.40034947513344,4.050018525841498],[-76.40034947513344,4.100018754555591],[-76.45034970384752,4.100018754555591],[-76.45034970384752,4.050018525841498]]]}},{"type":"Feature","properties":{"v":29.54},"geometry":{"type":"Polygon","coordinates":[[[-76.40034947513344,4.050018525841498],[-76.35034924641934,4.050018525841498],[-76.35034924641934,4.100018754555591],[-76.40034947513344,4.100018754555591],[-76.40034947513344,4.050018525841498]]]}},{"type":"Feature","properties":{"v":29.38},"geometry":{"type":"Polygon","coordinates":[[[-76.35034924641934,4.050018525841498],[-76.30034901770524,4.050018525841498],[-76.30034901770524,4.100018754555591],[-76.35034924641934,4.100018754555591],[-76.35034924641934,4.050018525841498]]]}},{"type":"Feature","properties":{"v":25.6},"geometry":{"type":"Polygon","coordinates":[[[-76.30034901770524,4.050018525841498],[-76.25034878899116,4.050018525841498],[-76.25034878899116,4.100018754555591],[-76.30034901770524,4.100018754555591],[-76.30034901770524,4.050018525841498]]]}},{"type":"Feature","properties":{"v":25.96},"geometry":{"type":"Polygon","coordinates":[[[-76.25034878899116,4.050018525841498],[-76.20034856027706,4.050018525841498],[-76.20034856027706,4.100018754555591],[-76.25034878899116,4.100018754555591],[-76.25034878899116,4.050018525841498]]]}},{"type":"Feature","properties":{"v":23.25},"geometry":{"type":"Polygon","coordinates":[[[-76.20034856027706,4.050018525841498],[-76.15034833156297,4.050018525841498],[-76.15034833156297,4.100018754555591],[-76.20034856027706,4.100018754555591],[-76.20034856027706,4.050018525841498]]]}},{"type":"Feature","properties":{"v":21.93},"geometry":{"type":"Polygon","coordinates":[[[-76.15034833156297,4.050018525841498],[-76.10034810284888,4.050018525841498],[-76.10034810284888,4.100018754555591],[-76.15034833156297,4.100018754555591],[-76.15034833156297,4.050018525841498]]]}},{"type":"Feature","properties":{"v":20.94},"geometry":{"type":"Polygon","coordinates":[[[-76.10034810284888,4.050018525841498],[-76.05034787413479,4.050018525841498],[-76.05034787413479,4.100018754555591],[-76.10034810284888,4.100018754555591],[-76.10034810284888,4.050018525841498]]]}},{"type":"Feature","properties":{"v":19.65},"geometry":{"type":"Polygon","coordinates":[[[-76.05034787413479,4.050018525841498],[-76.00034764542069,4.050018525841498],[-76.00034764542069,4.100018754555591],[-76.05034787413479,4.100018754555591],[-76.05034787413479,4.050018525841498]]]}},{"type":"Feature","properties":{"v":25.58},"geometry":{"type":"Polygon","coordinates":[[[-76.00034764542069,4.050018525841498],[-75.9503474167066,4.050018525841498],[-75.9503474167066,4.100018754555591],[-76.00034764542069,4.100018754555591],[-76.00034764542069,4.050018525841498]]]}},{"type":"Feature","properties":{"v":24.68},"geometry":{"type":"Polygon","coordinates":[[[-75.9503474167066,4.050018525841498],[-75.90034718799251,4.050018525841498],[-75.90034718799251,4.100018754555591],[-75.9503474167066,4.100018754555591],[-75.9503474167066,4.050018525841498]]]}},{"type":"Feature","properties":{"v":27.36},"geometry":{"type":"Polygon","coordinates":[[[-75.90034718799251,4.050018525841498],[-75.85034695927841,4.050018525841498],[-75.85034695927841,4.100018754555591],[-75.90034718799251,4.100018754555591],[-75.90034718799251,4.050018525841498]]]}},{"type":"Feature","properties":{"v":16.05},"geometry":{"type":"Polygon","coordinates":[[[-75.85034695927841,4.050018525841498],[-75.80034673056433,4.050018525841498],[-75.80034673056433,4.100018754555591],[-75.85034695927841,4.100018754555591],[-75.85034695927841,4.050018525841498]]]}},{"type":"Feature","properties":{"v":19.77},"geometry":{"type":"Polygon","coordinates":[[[-75.80034673056433,4.050018525841498],[-75.75034650185023,4.050018525841498],[-75.75034650185023,4.100018754555591],[-75.80034673056433,4.100018754555591],[-75.80034673056433,4.050018525841498]]]}},{"type":"Feature","properties":{"v":22.53},"geometry":{"type":"Polygon","coordinates":[[[-75.75034650185023,4.050018525841498],[-75.70034627313613,4.050018525841498],[-75.70034627313613,4.100018754555591],[-75.75034650185023,4.100018754555591],[-75.75034650185023,4.050018525841498]]]}},{"type":"Feature","properties":{"v":19.93},"geometry":{"type":"Polygon","coordinates":[[[-75.70034627313613,4.050018525841498],[-75.65034604442205,4.050018525841498],[-75.65034604442205,4.100018754555591],[-75.70034627313613,4.100018754555591],[-75.70034627313613,4.050018525841498]]]}},{"type":"Feature","properties":{"v":16.31},"geometry":{"type":"Polygon","coordinates":[[[-75.65034604442205,4.050018525841498],[-75.60034581570795,4.050018525841498],[-75.60034581570795,4.100018754555591],[-75.65034604442205,4.100018754555591],[-75.65034604442205,4.050018525841498]]]}},{"type":"Feature","properties":{"v":14.6},"geometry":{"type":"Polygon","coordinates":[[[-75.60034581570795,4.050018525841498],[-75.55034558699386,4.050018525841498],[-75.55034558699386,4.100018754555591],[-75.60034581570795,4.100018754555591],[-75.60034581570795,4.050018525841498]]]}},{"type":"Feature","properties":{"v":13.52},"geometry":{"type":"Polygon","coordinates":[[[-75.55034558699386,4.050018525841498],[-75.50034535827977,4.050018525841498],[-75.50034535827977,4.100018754555591],[-75.55034558699386,4.100018754555591],[-75.55034558699386,4.050018525841498]]]}},{"type":"Feature","properties":{"v":14.62},"geometry":{"type":"Polygon","coordinates":[[[-75.50034535827977,4.050018525841498],[-75.45034512956568,4.050018525841498],[-75.45034512956568,4.100018754555591],[-75.50034535827977,4.100018754555591],[-75.50034535827977,4.050018525841498]]]}},{"type":"Feature","properties":{"v":13.96},"geometry":{"type":"Polygon","coordinates":[[[-75.45034512956568,4.050018525841498],[-75.40034490085158,4.050018525841498],[-75.40034490085158,4.100018754555591],[-75.45034512956568,4.100018754555591],[-75.45034512956568,4.050018525841498]]]}},{"type":"Feature","properties":{"v":14.89},"geometry":{"type":"Polygon","coordinates":[[[-75.40034490085158,4.050018525841498],[-75.3503446721375,4.050018525841498],[-75.3503446721375,4.100018754555591],[-75.40034490085158,4.100018754555591],[-75.40034490085158,4.050018525841498]]]}},{"type":"Feature","properties":{"v":10.35},"geometry":{"type":"Polygon","coordinates":[[[-75.3503446721375,4.050018525841498],[-75.3003444434234,4.050018525841498],[-75.3003444434234,4.100018754555591],[-75.3503446721375,4.100018754555591],[-75.3503446721375,4.050018525841498]]]}},{"type":"Feature","properties":{"v":11.02},"geometry":{"type":"Polygon","coordinates":[[[-75.3003444434234,4.050018525841498],[-75.2503442147093,4.050018525841498],[-75.2503442147093,4.100018754555591],[-75.3003444434234,4.100018754555591],[-75.3003444434234,4.050018525841498]]]}},{"type":"Feature","properties":{"v":7.1},"geometry":{"type":"Polygon","coordinates":[[[-75.2503442147093,4.050018525841498],[-75.20034398599522,4.050018525841498],[-75.20034398599522,4.100018754555591],[-75.2503442147093,4.100018754555591],[-75.2503442147093,4.050018525841498]]]}},{"type":"Feature","properties":{"v":7.38},"geometry":{"type":"Polygon","coordinates":[[[-75.20034398599522,4.050018525841498],[-75.15034375728112,4.050018525841498],[-75.15034375728112,4.100018754555591],[-75.20034398599522,4.100018754555591],[-75.20034398599522,4.050018525841498]]]}},{"type":"Feature","properties":{"v":10.64},"geometry":{"type":"Polygon","coordinates":[[[-75.15034375728112,4.050018525841498],[-75.10034352856702,4.050018525841498],[-75.10034352856702,4.100018754555591],[-75.15034375728112,4.100018754555591],[-75.15034375728112,4.050018525841498]]]}},{"type":"Feature","properties":{"v":31.78},"geometry":{"type":"Polygon","coordinates":[[[-77.45035427812938,4.000018297127405],[-77.40035404941528,4.000018297127405],[-77.40035404941528,4.050018525841498],[-77.45035427812938,4.050018525841498],[-77.45035427812938,4.000018297127405]]]}},{"type":"Feature","properties":{"v":30.0},"geometry":{"type":"Polygon","coordinates":[[[-77.40035404941528,4.000018297127405],[-77.35035382070119,4.000018297127405],[-77.35035382070119,4.050018525841498],[-77.40035404941528,4.050018525841498],[-77.40035404941528,4.000018297127405]]]}},{"type":"Feature","properties":{"v":28.98},"geometry":{"type":"Polygon","coordinates":[[[-77.35035382070119,4.000018297127405],[-77.3003535919871,4.000018297127405],[-77.3003535919871,4.050018525841498],[-77.35035382070119,4.050018525841498],[-77.35035382070119,4.000018297127405]]]}},{"type":"Feature","properties":{"v":29.06},"geometry":{"type":"Polygon","coordinates":[[[-77.3003535919871,4.000018297127405],[-77.250353363273,4.000018297127405],[-77.250353363273,4.050018525841498],[-77.3003535919871,4.050018525841498],[-77.3003535919871,4.000018297127405]]]}},{"type":"Feature","properties":{"v":30.83},"geometry":{"type":"Polygon","coordinates":[[[-77.250353363273,4.000018297127405],[-77.20035313455891,4.000018297127405],[-77.20035313455891,4.050018525841498],[-77.250353363273,4.050018525841498],[-77.250353363273,4.000018297127405]]]}},{"type":"Feature","properties":{"v":29.34},"geometry":{"type":"Polygon","coordinates":[[[-77.20035313455891,4.000018297127405],[-77.15035290584483,4.000018297127405],[-77.15035290584483,4.050018525841498],[-77.20035313455891,4.050018525841498],[-77.20035313455891,4.000018297127405]]]}},{"type":"Feature","properties":{"v":28.11},"geometry":{"type":"Polygon","coordinates":[[[-77.15035290584483,4.000018297127405],[-77.10035267713073,4.000018297127405],[-77.10035267713073,4.050018525841498],[-77.15035290584483,4.050018525841498],[-77.15035290584483,4.000018297127405]]]}},{"type":"Feature","properties":{"v":26.52},"geometry":{"type":"Polygon","coordinates":[[[-77.10035267713073,4.000018297127405],[-77.05035244841663,4.000018297127405],[-77.05035244841663,4.050018525841498],[-77.10035267713073,4.050018525841498],[-77.10035267713073,4.000018297127405]]]}},{"type":"Feature","properties":{"v":26.81},"geometry":{"type":"Polygon","coordinates":[[[-77.05035244841663,4.000018297127405],[-77.00035221970255,4.000018297127405],[-77.00035221970255,4.050018525841498],[-77.05035244841663,4.050018525841498],[-77.05035244841663,4.000018297127405]]]}},{"type":"Feature","properties":{"v":27.3},"geometry":{"type":"Polygon","coordinates":[[[-77.00035221970255,4.000018297127405],[-76.95035199098845,4.000018297127405],[-76.95035199098845,4.050018525841498],[-77.00035221970255,4.050018525841498],[-77.00035221970255,4.000018297127405]]]}},{"type":"Feature","properties":{"v":27.45},"geometry":{"type":"Polygon","coordinates":[[[-76.95035199098845,4.000018297127405],[-76.90035176227435,4.000018297127405],[-76.90035176227435,4.050018525841498],[-76.95035199098845,4.050018525841498],[-76.95035199098845,4.000018297127405]]]}},{"type":"Feature","properties":{"v":27.64},"geometry":{"type":"Polygon","coordinates":[[[-76.90035176227435,4.000018297127405],[-76.85035153356027,4.000018297127405],[-76.85035153356027,4.050018525841498],[-76.90035176227435,4.050018525841498],[-76.90035176227435,4.000018297127405]]]}},{"type":"Feature","properties":{"v":29.75},"geometry":{"type":"Polygon","coordinates":[[[-76.85035153356027,4.000018297127405],[-76.80035130484617,4.000018297127405],[-76.80035130484617,4.050018525841498],[-76.85035153356027,4.050018525841498],[-76.85035153356027,4.000018297127405]]]}},{"type":"Feature","properties":{"v":33.28},"geometry":{"type":"Polygon","coordinates":[[[-76.80035130484617,4.000018297127405],[-76.75035107613208,4.000018297127405],[-76.75035107613208,4.050018525841498],[-76.80035130484617,4.050018525841498],[-76.80035130484617,4.000018297127405]]]}},{"type":"Feature","properties":{"v":36.11},"geometry":{"type":"Polygon","coordinates":[[[-76.75035107613208,4.000018297127405],[-76.700350847418,4.000018297127405],[-76.700350847418,4.050018525841498],[-76.75035107613208,4.050018525841498],[-76.75035107613208,4.000018297127405]]]}},{"type":"Feature","properties":{"v":39.8},"geometry":{"type":"Polygon","coordinates":[[[-76.700350847418,4.000018297127405],[-76.6503506187039,4.000018297127405],[-76.6503506187039,4.050018525841498],[-76.700350847418,4.050018525841498],[-76.700350847418,4.000018297127405]]]}},{"type":"Feature","properties":{"v":41.03},"geometry":{"type":"Polygon","coordinates":[[[-76.6503506187039,4.000018297127405],[-76.6003503899898,4.000018297127405],[-76.6003503899898,4.050018525841498],[-76.6503506187039,4.050018525841498],[-76.6503506187039,4.000018297127405]]]}},{"type":"Feature","properties":{"v":36.59},"geometry":{"type":"Polygon","coordinates":[[[-76.6003503899898,4.000018297127405],[-76.55035016127572,4.000018297127405],[-76.55035016127572,4.050018525841498],[-76.6003503899898,4.050018525841498],[-76.6003503899898,4.000018297127405]]]}},{"type":"Feature","properties":{"v":36.98},"geometry":{"type":"Polygon","coordinates":[[[-76.55035016127572,4.000018297127405],[-76.50034993256162,4.000018297127405],[-76.50034993256162,4.050018525841498],[-76.55035016127572,4.050018525841498],[-76.55035016127572,4.000018297127405]]]}},{"type":"Feature","properties":{"v":39.53},"geometry":{"type":"Polygon","coordinates":[[[-76.50034993256162,4.000018297127405],[-76.45034970384752,4.000018297127405],[-76.45034970384752,4.050018525841498],[-76.50034993256162,4.050018525841498],[-76.50034993256162,4.000018297127405]]]}},{"type":"Feature","properties":{"v":31.1},"geometry":{"type":"Polygon","coordinates":[[[-76.45034970384752,4.000018297127405],[-76.40034947513344,4.000018297127405],[-76.40034947513344,4.050018525841498],[-76.45034970384752,4.050018525841498],[-76.45034970384752,4.000018297127405]]]}},{"type":"Feature","properties":{"v":28.74},"geometry":{"type":"Polygon","coordinates":[[[-76.40034947513344,4.000018297127405],[-76.35034924641934,4.000018297127405],[-76.35034924641934,4.050018525841498],[-76.40034947513344,4.050018525841498],[-76.40034947513344,4.000018297127405]]]}},{"type":"Feature","properties":{"v":27.42},"geometry":{"type":"Polygon","coordinates":[[[-76.35034924641934,4.000018297127405],[-76.30034901770524,4.000018297127405],[-76.30034901770524,4.050018525841498],[-76.35034924641934,4.050018525841498],[-76.35034924641934,4.000018297127405]]]}},{"type":"Feature","properties":{"v":29.32},"geometry":{"type":"Polygon","coordinates":[[[-76.30034901770524,4.000018297127405],[-76.25034878899116,4.000018297127405],[-76.25034878899116,4.050018525841498],[-76.30034901770524,4.050018525841498],[-76.30034901770524,4.000018297127405]]]}},{"type":"Feature","properties":{"v":24.65},"geometry":{"type":"Polygon","coordinates":[[[-76.25034878899116,4.000018297127405],[-76.20034856027706,4.000018297127405],[-76.20034856027706,4.050018525841498],[-76.25034878899116,4.050018525841498],[-76.25034878899116,4.000018297127405]]]}},{"type":"Feature","properties":{"v":20.21},"geometry":{"type":"Polygon","coordinates":[[[-76.20034856027706,4.000018297127405],[-76.15034833156297,4.000018297127405],[-76.15034833156297,4.050018525841498],[-76.20034856027706,4.050018525841498],[-76.20034856027706,4.000018297127405]]]}},{"type":"Feature","properties":{"v":21.87},"geometry":{"type":"Polygon","coordinates":[[[-76.15034833156297,4.000018297127405],[-76.10034810284888,4.000018297127405],[-76.10034810284888,4.050018525841498],[-76.15034833156297,4.050018525841498],[-76.15034833156297,4.000018297127405]]]}},{"type":"Feature","properties":{"v":20.84},"geometry":{"type":"Polygon","coordinates":[[[-76.10034810284888,4.000018297127405],[-76.05034787413479,4.000018297127405],[-76.05034787413479,4.050018525841498],[-76.10034810284888,4.050018525841498],[-76.10034810284888,4.000018297127405]]]}},{"type":"Feature","properties":{"v":23.42},"geometry":{"type":"Polygon","coordinates":[[[-76.05034787413479,4.000018297127405],[-76.00034764542069,4.000018297127405],[-76.00034764542069,4.050018525841498],[-76.05034787413479,4.050018525841498],[-76.05034787413479,4.000018297127405]]]}},{"type":"Feature","properties":{"v":20.5},"geometry":{"type":"Polygon","coordinates":[[[-76.00034764542069,4.000018297127405],[-75.9503474167066,4.000018297127405],[-75.9503474167066,4.050018525841498],[-76.00034764542069,4.050018525841498],[-76.00034764542069,4.000018297127405]]]}},{"type":"Feature","properties":{"v":29.33},"geometry":{"type":"Polygon","coordinates":[[[-75.9503474167066,4.000018297127405],[-75.90034718799251,4.000018297127405],[-75.90034718799251,4.050018525841498],[-75.9503474167066,4.050018525841498],[-75.9503474167066,4.000018297127405]]]}},{"type":"Feature","properties":{"v":26.7},"geometry":{"type":"Polygon","coordinates":[[[-75.90034718799251,4.000018297127405],[-75.85034695927841,4.000018297127405],[-75.85034695927841,4.050018525841498],[-75.90034718799251,4.050018525841498],[-75.90034718799251,4.000018297127405]]]}},{"type":"Feature","properties":{"v":20.21},"geometry":{"type":"Polygon","coordinates":[[[-75.85034695927841,4.000018297127405],[-75.80034673056433,4.000018297127405],[-75.80034673056433,4.050018525841498],[-75.85034695927841,4.050018525841498],[-75.85034695927841,4.000018297127405]]]}},{"type":"Feature","properties":{"v":18.79},"geometry":{"type":"Polygon","coordinates":[[[-75.80034673056433,4.000018297127405],[-75.75034650185023,4.000018297127405],[-75.75034650185023,4.050018525841498],[-75.80034673056433,4.050018525841498],[-75.80034673056433,4.000018297127405]]]}},{"type":"Feature","properties":{"v":20.25},"geometry":{"type":"Polygon","coordinates":[[[-75.75034650185023,4.000018297127405],[-75.70034627313613,4.000018297127405],[-75.70034627313613,4.050018525841498],[-75.75034650185023,4.050018525841498],[-75.75034650185023,4.000018297127405]]]}},{"type":"Feature","properties":{"v":15.31},"geometry":{"type":"Polygon","coordinates":[[[-75.70034627313613,4.000018297127405],[-75.65034604442205,4.000018297127405],[-75.65034604442205,4.050018525841498],[-75.70034627313613,4.050018525841498],[-75.70034627313613,4.000018297127405]]]}},{"type":"Feature","properties":{"v":14.89},"geometry":{"type":"Polygon","coordinates":[[[-75.65034604442205,4.000018297127405],[-75.60034581570795,4.000018297127405],[-75.60034581570795,4.050018525841498],[-75.65034604442205,4.050018525841498],[-75.65034604442205,4.000018297127405]]]}},{"type":"Feature","properties":{"v":14.74},"geometry":{"type":"Polygon","coordinates":[[[-75.60034581570795,4.000018297127405],[-75.55034558699386,4.000018297127405],[-75.55034558699386,4.050018525841498],[-75.60034581570795,4.050018525841498],[-75.60034581570795,4.000018297127405]]]}},{"type":"Feature","properties":{"v":13.13},"geometry":{"type":"Polygon","coordinates":[[[-75.55034558699386,4.000018297127405],[-75.50034535827977,4.000018297127405],[-75.50034535827977,4.050018525841498],[-75.55034558699386,4.050018525841498],[-75.55034558699386,4.000018297127405]]]}},{"type":"Feature","properties":{"v":16.06},"geometry":{"type":"Polygon","coordinates":[[[-75.50034535827977,4.000018297127405],[-75.45034512956568,4.000018297127405],[-75.45034512956568,4.050018525841498],[-75.50034535827977,4.050018525841498],[-75.50034535827977,4.000018297127405]]]}},{"type":"Feature","properties":{"v":14.64},"geometry":{"type":"Polygon","coordinates":[[[-75.45034512956568,4.000018297127405],[-75.40034490085158,4.000018297127405],[-75.40034490085158,4.050018525841498],[-75.45034512956568,4.050018525841498],[-75.45034512956568,4.000018297127405]]]}},{"type":"Feature","properties":{"v":12.6},"geometry":{"type":"Polygon","coordinates":[[[-75.40034490085158,4.000018297127405],[-75.3503446721375,4.000018297127405],[-75.3503446721375,4.050018525841498],[-75.40034490085158,4.050018525841498],[-75.40034490085158,4.000018297127405]]]}},{"type":"Feature","properties":{"v":9.85},"geometry":{"type":"Polygon","coordinates":[[[-75.3503446721375,4.000018297127405],[-75.3003444434234,4.000018297127405],[-75.3003444434234,4.050018525841498],[-75.3503446721375,4.050018525841498],[-75.3503446721375,4.000018297127405]]]}},{"type":"Feature","properties":{"v":12.05},"geometry":{"type":"Polygon","coordinates":[[[-75.3003444434234,4.000018297127405],[-75.2503442147093,4.000018297127405],[-75.2503442147093,4.050018525841498],[-75.3003444434234,4.050018525841498],[-75.3003444434234,4.000018297127405]]]}},{"type":"Feature","properties":{"v":10.86},"geometry":{"type":"Polygon","coordinates":[[[-75.2503442147093,4.000018297127405],[-75.20034398599522,4.000018297127405],[-75.20034398599522,4.050018525841498],[-75.2503442147093,4.050018525841498],[-75.2503442147093,4.000018297127405]]]}},{"type":"Feature","properties":{"v":7.9},"geometry":{"type":"Polygon","coordinates":[[[-75.20034398599522,4.000018297127405],[-75.15034375728112,4.000018297127405],[-75.15034375728112,4.050018525841498],[-75.20034398599522,4.050018525841498],[-75.20034398599522,4.000018297127405]]]}},{"type":"Feature","properties":{"v":6.98},"geometry":{"type":"Polygon","coordinates":[[[-75.15034375728112,4.000018297127405],[-75.10034352856702,4.000018297127405],[-75.10034352856702,4.050018525841498],[-75.15034375728112,4.050018525841498],[-75.15034375728112,4.000018297127405]]]}},{"type":"Feature","properties":{"v":30.72},"geometry":{"type":"Polygon","coordinates":[[[-77.45035427812938,3.9500180684133133],[-77.40035404941528,3.9500180684133133],[-77.40035404941528,4.000018297127405],[-77.45035427812938,4.000018297127405],[-77.45035427812938,3.9500180684133133]]]}},{"type":"Feature","properties":{"v":31.76},"geometry":{"type":"Polygon","coordinates":[[[-77.40035404941528,3.9500180684133133],[-77.35035382070119,3.9500180684133133],[-77.35035382070119,4.000018297127405],[-77.40035404941528,4.000018297127405],[-77.40035404941528,3.9500180684133133]]]}},{"type":"Feature","properties":{"v":28.59},"geometry":{"type":"Polygon","coordinates":[[[-77.35035382070119,3.9500180684133133],[-77.3003535919871,3.9500180684133133],[-77.3003535919871,4.000018297127405],[-77.35035382070119,4.000018297127405],[-77.35035382070119,3.9500180684133133]]]}},{"type":"Feature","properties":{"v":28.95},"geometry":{"type":"Polygon","coordinates":[[[-77.3003535919871,3.9500180684133133],[-77.250353363273,3.9500180684133133],[-77.250353363273,4.000018297127405],[-77.3003535919871,4.000018297127405],[-77.3003535919871,3.9500180684133133]]]}},{"type":"Feature","properties":{"v":29.61},"geometry":{"type":"Polygon","coordinates":[[[-77.250353363273,3.9500180684133133],[-77.20035313455891,3.9500180684133133],[-77.20035313455891,4.000018297127405],[-77.250353363273,4.000018297127405],[-77.250353363273,3.9500180684133133]]]}},{"type":"Feature","properties":{"v":28.19},"geometry":{"type":"Polygon","coordinates":[[[-77.20035313455891,3.9500180684133133],[-77.15035290584483,3.9500180684133133],[-77.15035290584483,4.000018297127405],[-77.20035313455891,4.000018297127405],[-77.20035313455891,3.9500180684133133]]]}},{"type":"Feature","properties":{"v":26.94},"geometry":{"type":"Polygon","coordinates":[[[-77.15035290584483,3.9500180684133133],[-77.10035267713073,3.9500180684133133],[-77.10035267713073,4.000018297127405],[-77.15035290584483,4.000018297127405],[-77.15035290584483,3.9500180684133133]]]}},{"type":"Feature","properties":{"v":25.94},"geometry":{"type":"Polygon","coordinates":[[[-77.10035267713073,3.9500180684133133],[-77.05035244841663,3.9500180684133133],[-77.05035244841663,4.000018297127405],[-77.10035267713073,4.000018297127405],[-77.10035267713073,3.9500180684133133]]]}},{"type":"Feature","properties":{"v":25.91},"geometry":{"type":"Polygon","coordinates":[[[-77.05035244841663,3.9500180684133133],[-77.00035221970255,3.9500180684133133],[-77.00035221970255,4.000018297127405],[-77.05035244841663,4.000018297127405],[-77.05035244841663,3.9500180684133133]]]}},{"type":"Feature","properties":{"v":28.82},"geometry":{"type":"Polygon","coordinates":[[[-77.00035221970255,3.9500180684133133],[-76.95035199098845,3.9500180684133133],[-76.95035199098845,4.000018297127405],[-77.00035221970255,4.000018297127405],[-77.00035221970255,3.9500180684133133]]]}},{"type":"Feature","properties":{"v":28.23},"geometry":{"type":"Polygon","coordinates":[[[-76.95035199098845,3.9500180684133133],[-76.90035176227435,3.9500180684133133],[-76.90035176227435,4.000018297127405],[-76.95035199098845,4.000018297127405],[-76.95035199098845,3.9500180684133133]]]}},{"type":"Feature","properties":{"v":29.32},"geometry":{"type":"Polygon","coordinates":[[[-76.90035176227435,3.9500180684133133],[-76.85035153356027,3.9500180684133133],[-76.85035153356027,4.000018297127405],[-76.90035176227435,4.000018297127405],[-76.90035176227435,3.9500180684133133]]]}},{"type":"Feature","properties":{"v":31.66},"geometry":{"type":"Polygon","coordinates":[[[-76.85035153356027,3.9500180684133133],[-76.80035130484617,3.9500180684133133],[-76.80035130484617,4.000018297127405],[-76.85035153356027,4.000018297127405],[-76.85035153356027,3.9500180684133133]]]}},{"type":"Feature","properties":{"v":33.86},"geometry":{"type":"Polygon","coordinates":[[[-76.80035130484617,3.9500180684133133],[-76.75035107613208,3.9500180684133133],[-76.75035107613208,4.000018297127405],[-76.80035130484617,4.000018297127405],[-76.80035130484617,3.9500180684133133]]]}},{"type":"Feature","properties":{"v":38.41},"geometry":{"type":"Polygon","coordinates":[[[-76.75035107613208,3.9500180684133133],[-76.700350847418,3.9500180684133133],[-76.700350847418,4.000018297127405],[-76.75035107613208,4.000018297127405],[-76.75035107613208,3.9500180684133133]]]}},{"type":"Feature","properties":{"v":41.31},"geometry":{"type":"Polygon","coordinates":[[[-76.700350847418,3.9500180684133133],[-76.6503506187039,3.9500180684133133],[-76.6503506187039,4.000018297127405],[-76.700350847418,4.000018297127405],[-76.700350847418,3.9500180684133133]]]}},{"type":"Feature","properties":{"v":41.28},"geometry":{"type":"Polygon","coordinates":[[[-76.6503506187039,3.9500180684133133],[-76.6003503899898,3.9500180684133133],[-76.6003503899898,4.000018297127405],[-76.6503506187039,4.000018297127405],[-76.6503506187039,3.9500180684133133]]]}},{"type":"Feature","properties":{"v":41.61},"geometry":{"type":"Polygon","coordinates":[[[-76.6003503899898,3.9500180684133133],[-76.55035016127572,3.9500180684133133],[-76.55035016127572,4.000018297127405],[-76.6003503899898,4.000018297127405],[-76.6003503899898,3.9500180684133133]]]}},{"type":"Feature","properties":{"v":29.49},"geometry":{"type":"Polygon","coordinates":[[[-76.55035016127572,3.9500180684133133],[-76.50034993256162,3.9500180684133133],[-76.50034993256162,4.000018297127405],[-76.55035016127572,4.000018297127405],[-76.55035016127572,3.9500180684133133]]]}},{"type":"Feature","properties":{"v":29.39},"geometry":{"type":"Polygon","coordinates":[[[-76.50034993256162,3.9500180684133133],[-76.45034970384752,3.9500180684133133],[-76.45034970384752,4.000018297127405],[-76.50034993256162,4.000018297127405],[-76.50034993256162,3.9500180684133133]]]}},{"type":"Feature","properties":{"v":27.74},"geometry":{"type":"Polygon","coordinates":[[[-76.45034970384752,3.9500180684133133],[-76.40034947513344,3.9500180684133133],[-76.40034947513344,4.000018297127405],[-76.45034970384752,4.000018297127405],[-76.45034970384752,3.9500180684133133]]]}},{"type":"Feature","properties":{"v":26.38},"geometry":{"type":"Polygon","coordinates":[[[-76.40034947513344,3.9500180684133133],[-76.35034924641934,3.9500180684133133],[-76.35034924641934,4.000018297127405],[-76.40034947513344,4.000018297127405],[-76.40034947513344,3.9500180684133133]]]}},{"type":"Feature","properties":{"v":26.36},"geometry":{"type":"Polygon","coordinates":[[[-76.35034924641934,3.9500180684133133],[-76.30034901770524,3.9500180684133133],[-76.30034901770524,4.000018297127405],[-76.35034924641934,4.000018297127405],[-76.35034924641934,3.9500180684133133]]]}},{"type":"Feature","properties":{"v":27.12},"geometry":{"type":"Polygon","coordinates":[[[-76.30034901770524,3.9500180684133133],[-76.25034878899116,3.9500180684133133],[-76.25034878899116,4.000018297127405],[-76.30034901770524,4.000018297127405],[-76.30034901770524,3.9500180684133133]]]}},{"type":"Feature","properties":{"v":28.52},"geometry":{"type":"Polygon","coordinates":[[[-76.25034878899116,3.9500180684133133],[-76.20034856027706,3.9500180684133133],[-76.20034856027706,4.000018297127405],[-76.25034878899116,4.000018297127405],[-76.25034878899116,3.9500180684133133]]]}},{"type":"Feature","properties":{"v":25.3},"geometry":{"type":"Polygon","coordinates":[[[-76.20034856027706,3.9500180684133133],[-76.15034833156297,3.9500180684133133],[-76.15034833156297,4.000018297127405],[-76.20034856027706,4.000018297127405],[-76.20034856027706,3.9500180684133133]]]}},{"type":"Feature","properties":{"v":23.1},"geometry":{"type":"Polygon","coordinates":[[[-76.15034833156297,3.9500180684133133],[-76.10034810284888,3.9500180684133133],[-76.10034810284888,4.000018297127405],[-76.15034833156297,4.000018297127405],[-76.15034833156297,3.9500180684133133]]]}},{"type":"Feature","properties":{"v":24.16},"geometry":{"type":"Polygon","coordinates":[[[-76.10034810284888,3.9500180684133133],[-76.05034787413479,3.9500180684133133],[-76.05034787413479,4.000018297127405],[-76.10034810284888,4.000018297127405],[-76.10034810284888,3.9500180684133133]]]}},{"type":"Feature","properties":{"v":33.27},"geometry":{"type":"Polygon","coordinates":[[[-76.05034787413479,3.9500180684133133],[-76.00034764542069,3.9500180684133133],[-76.00034764542069,4.000018297127405],[-76.05034787413479,4.000018297127405],[-76.05034787413479,3.9500180684133133]]]}},{"type":"Feature","properties":{"v":23.8},"geometry":{"type":"Polygon","coordinates":[[[-76.00034764542069,3.9500180684133133],[-75.9503474167066,3.9500180684133133],[-75.9503474167066,4.000018297127405],[-76.00034764542069,4.000018297127405],[-76.00034764542069,3.9500180684133133]]]}},{"type":"Feature","properties":{"v":27.09},"geometry":{"type":"Polygon","coordinates":[[[-75.9503474167066,3.9500180684133133],[-75.90034718799251,3.9500180684133133],[-75.90034718799251,4.000018297127405],[-75.9503474167066,4.000018297127405],[-75.9503474167066,3.9500180684133133]]]}},{"type":"Feature","properties":{"v":25.94},"geometry":{"type":"Polygon","coordinates":[[[-75.90034718799251,3.9500180684133133],[-75.85034695927841,3.9500180684133133],[-75.85034695927841,4.000018297127405],[-75.90034718799251,4.000018297127405],[-75.90034718799251,3.9500180684133133]]]}},{"type":"Feature","properties":{"v":21.04},"geometry":{"type":"Polygon","coordinates":[[[-75.85034695927841,3.9500180684133133],[-75.80034673056433,3.9500180684133133],[-75.80034673056433,4.000018297127405],[-75.85034695927841,4.000018297127405],[-75.85034695927841,3.9500180684133133]]]}},{"type":"Feature","properties":{"v":16.03},"geometry":{"type":"Polygon","coordinates":[[[-75.80034673056433,3.9500180684133133],[-75.75034650185023,3.9500180684133133],[-75.75034650185023,4.000018297127405],[-75.80034673056433,4.000018297127405],[-75.80034673056433,3.9500180684133133]]]}},{"type":"Feature","properties":{"v":19.31},"geometry":{"type":"Polygon","coordinates":[[[-75.75034650185023,3.9500180684133133],[-75.70034627313613,3.9500180684133133],[-75.70034627313613,4.000018297127405],[-75.75034650185023,4.000018297127405],[-75.75034650185023,3.9500180684133133]]]}},{"type":"Feature","properties":{"v":16.7},"geometry":{"type":"Polygon","coordinates":[[[-75.70034627313613,3.9500180684133133],[-75.65034604442205,3.9500180684133133],[-75.65034604442205,4.000018297127405],[-75.70034627313613,4.000018297127405],[-75.70034627313613,3.9500180684133133]]]}},{"type":"Feature","properties":{"v":16.18},"geometry":{"type":"Polygon","coordinates":[[[-75.65034604442205,3.9500180684133133],[-75.60034581570795,3.9500180684133133],[-75.60034581570795,4.000018297127405],[-75.65034604442205,4.000018297127405],[-75.65034604442205,3.9500180684133133]]]}},{"type":"Feature","properties":{"v":13.43},"geometry":{"type":"Polygon","coordinates":[[[-75.60034581570795,3.9500180684133133],[-75.55034558699386,3.9500180684133133],[-75.55034558699386,4.000018297127405],[-75.60034581570795,4.000018297127405],[-75.60034581570795,3.9500180684133133]]]}},{"type":"Feature","properties":{"v":12.35},"geometry":{"type":"Polygon","coordinates":[[[-75.55034558699386,3.9500180684133133],[-75.50034535827977,3.9500180684133133],[-75.50034535827977,4.000018297127405],[-75.55034558699386,4.000018297127405],[-75.55034558699386,3.9500180684133133]]]}},{"type":"Feature","properties":{"v":15.79},"geometry":{"type":"Polygon","coordinates":[[[-75.50034535827977,3.9500180684133133],[-75.45034512956568,3.9500180684133133],[-75.45034512956568,4.000018297127405],[-75.50034535827977,4.000018297127405],[-75.50034535827977,3.9500180684133133]]]}},{"type":"Feature","properties":{"v":11.83},"geometry":{"type":"Polygon","coordinates":[[[-75.45034512956568,3.9500180684133133],[-75.40034490085158,3.9500180684133133],[-75.40034490085158,4.000018297127405],[-75.45034512956568,4.000018297127405],[-75.45034512956568,3.9500180684133133]]]}},{"type":"Feature","properties":{"v":8.02},"geometry":{"type":"Polygon","coordinates":[[[-75.40034490085158,3.9500180684133133],[-75.3503446721375,3.9500180684133133],[-75.3503446721375,4.000018297127405],[-75.40034490085158,4.000018297127405],[-75.40034490085158,3.9500180684133133]]]}},{"type":"Feature","properties":{"v":6.53},"geometry":{"type":"Polygon","coordinates":[[[-75.3503446721375,3.9500180684133133],[-75.3003444434234,3.9500180684133133],[-75.3003444434234,4.000018297127405],[-75.3503446721375,4.000018297127405],[-75.3503446721375,3.9500180684133133]]]}},{"type":"Feature","properties":{"v":7.49},"geometry":{"type":"Polygon","coordinates":[[[-75.3003444434234,3.9500180684133133],[-75.2503442147093,3.9500180684133133],[-75.2503442147093,4.000018297127405],[-75.3003444434234,4.000018297127405],[-75.3003444434234,3.9500180684133133]]]}},{"type":"Feature","properties":{"v":0.0},"geometry":{"type":"Polygon","coordinates":[[[-75.2503442147093,3.9500180684133133],[-75.20034398599522,3.9500180684133133],[-75.20034398599522,4.000018297127405],[-75.2503442147093,4.000018297127405],[-75.2503442147093,3.9500180684133133]]]}},{"type":"Feature","properties":{"v":0.0},"geometry":{"type":"Polygon","coordinates":[[[-75.20034398599522,3.9500180684133133],[-75.15034375728112,3.9500180684133133],[-75.15034375728112,4.000018297127405],[-75.20034398599522,4.000018297127405],[-75.20034398599522,3.9500180684133133]]]}},{"type":"Feature","properties":{"v":0.0},"geometry":{"type":"Polygon","coordinates":[[[-75.15034375728112,3.9500180684133133],[-75.10034352856702,3.9500180684133133],[-75.10034352856702,4.000018297127405],[-75.15034375728112,4.000018297127405],[-75.15034375728112,3.9500180684133133]]]}},{"type":"Feature","properties":{"v":30.42},"geometry":{"type":"Polygon","coordinates":[[[-77.40035404941528,3.9000178396992204],[-77.35035382070119,3.9000178396992204],[-77.35035382070119,3.9500180684133133],[-77.40035404941528,3.9500180684133133],[-77.40035404941528,3.9000178396992204]]]}},{"type":"Feature","properties":{"v":29.7},"geometry":{"type":"Polygon","coordinates":[[[-77.35035382070119,3.9000178396992204],[-77.3003535919871,3.9000178396992204],[-77.3003535919871,3.9500180684133133],[-77.35035382070119,3.9500180684133133],[-77.35035382070119,3.9000178396992204]]]}},{"type":"Feature","properties":{"v":29.44},"geometry":{"type":"Polygon","coordinates":[[[-77.3003535919871,3.9000178396992204],[-77.250353363273,3.9000178396992204],[-77.250353363273,3.9500180684133133],[-77.3003535919871,3.9500180684133133],[-77.3003535919871,3.9000178396992204]]]}},{"type":"Feature","properties":{"v":29.99},"geometry":{"type":"Polygon","coordinates":[[[-77.250353363273,3.9000178396992204],[-77.20035313455891,3.9000178396992204],[-77.20035313455891,3.9500180684133133],[-77.250353363273,3.9500180684133133],[-77.250353363273,3.9000178396992204]]]}},{"type":"Feature","properties":{"v":27.2},"geometry":{"type":"Polygon","coordinates":[[[-77.20035313455891,3.9000178396992204],[-77.15035290584483,3.9000178396992204],[-77.15035290584483,3.9500180684133133],[-77.20035313455891,3.9500180684133133],[-77.20035313455891,3.9000178396992204]]]}},{"type":"Feature","properties":{"v":25.65},"geometry":{"type":"Polygon","coordinates":[[[-77.15035290584483,3.9000178396992204],[-77.10035267713073,3.9000178396992204],[-77.10035267713073,3.9500180684133133],[-77.15035290584483,3.9500180684133133],[-77.15035290584483,3.9000178396992204]]]}},{"type":"Feature","properties":{"v":26.26},"geometry":{"type":"Polygon","coordinates":[[[-77.10035267713073,3.9000178396992204],[-77.05035244841663,3.9000178396992204],[-77.05035244841663,3.9500180684133133],[-77.10035267713073,3.9500180684133133],[-77.10035267713073,3.9000178396992204]]]}},{"type":"Feature","properties":{"v":25.06},"geometry":{"type":"Polygon","coordinates":[[[-77.05035244841663,3.9000178396992204],[-77.00035221970255,3.9000178396992204],[-77.00035221970255,3.9500180684133133],[-77.05035244841663,3.9500180684133133],[-77.05035244841663,3.9000178396992204]]]}},{"type":"Feature","properties":{"v":28.37},"geometry":{"type":"Polygon","coordinates":[[[-77.00035221970255,3.9000178396992204],[-76.95035199098845,3.9000178396992204],[-76.95035199098845,3.9500180684133133],[-77.00035221970255,3.9500180684133133],[-77.00035221970255,3.9000178396992204]]]}},{"type":"Feature","properties":{"v":28.84},"geometry":{"type":"Polygon","coordinates":[[[-76.95035199098845,3.9000178396992204],[-76.90035176227435,3.9000178396992204],[-76.90035176227435,3.9500180684133133],[-76.95035199098845,3.9500180684133133],[-76.95035199098845,3.9000178396992204]]]}},{"type":"Feature","properties":{"v":29.78},"geometry":{"type":"Polygon","coordinates":[[[-76.90035176227435,3.9000178396992204],[-76.85035153356027,3.9000178396992204],[-76.85035153356027,3.9500180684133133],[-76.90035176227435,3.9500180684133133],[-76.90035176227435,3.9000178396992204]]]}},{"type":"Feature","properties":{"v":30.99},"geometry":{"type":"Polygon","coordinates":[[[-76.85035153356027,3.9000178396992204],[-76.80035130484617,3.9000178396992204],[-76.80035130484617,3.9500180684133133],[-76.85035153356027,3.9500180684133133],[-76.85035153356027,3.9000178396992204]]]}},{"type":"Feature","properties":{"v":34.6},"geometry":{"type":"Polygon","coordinates":[[[-76.80035130484617,3.9000178396992204],[-76.75035107613208,3.9000178396992204],[-76.75035107613208,3.9500180684133133],[-76.80035130484617,3.9500180684133133],[-76.80035130484617,3.9000178396992204]]]}},{"type":"Feature","properties":{"v":36.36},"geometry":{"type":"Polygon","coordinates":[[[-76.75035107613208,3.9000178396992204],[-76.700350847418,3.9000178396992204],[-76.700350847418,3.9500180684133133],[-76.75035107613208,3.9500180684133133],[-76.75035107613208,3.9000178396992204]]]}},{"type":"Feature","properties":{"v":39.97},"geometry":{"type":"Polygon","coordinates":[[[-76.700350847418,3.9000178396992204],[-76.6503506187039,3.9000178396992204],[-76.6503506187039,3.9500180684133133],[-76.700350847418,3.9500180684133133],[-76.700350847418,3.9000178396992204]]]}},{"type":"Feature","properties":{"v":44.97},"geometry":{"type":"Polygon","coordinates":[[[-76.6503506187039,3.9000178396992204],[-76.6003503899898,3.9000178396992204],[-76.6003503899898,3.9500180684133133],[-76.6503506187039,3.9500180684133133],[-76.6503506187039,3.9000178396992204]]]}},{"type":"Feature","properties":{"v":43.78},"geometry":{"type":"Polygon","coordinates":[[[-76.6003503899898,3.9000178396992204],[-76.55035016127572,3.9000178396992204],[-76.55035016127572,3.9500180684133133],[-76.6003503899898,3.9500180684133133],[-76.6003503899898,3.9000178396992204]]]}},{"type":"Feature","properties":{"v":36.34},"geometry":{"type":"Polygon","coordinates":[[[-76.55035016127572,3.9000178396992204],[-76.50034993256162,3.9000178396992204],[-76.50034993256162,3.9500180684133133],[-76.55035016127572,3.9500180684133133],[-76.55035016127572,3.9000178396992204]]]}},{"type":"Feature","properties":{"v":32.82},"geometry":{"type":"Polygon","coordinates":[[[-76.50034993256162,3.9000178396992204],[-76.45034970384752,3.9000178396992204],[-76.45034970384752,3.9500180684133133],[-76.50034993256162,3.9500180684133133],[-76.50034993256162,3.9000178396992204]]]}},{"type":"Feature","properties":{"v":32.6},"geometry":{"type":"Polygon","coordinates":[[[-76.45034970384752,3.9000178396992204],[-76.40034947513344,3.9000178396992204],[-76.40034947513344,3.9500180684133133],[-76.45034970384752,3.9500180684133133],[-76.45034970384752,3.9000178396992204]]]}},{"type":"Feature","properties":{"v":31.19},"geometry":{"type":"Polygon","coordinates":[[[-76.40034947513344,3.9000178396992204],[-76.35034924641934,3.9000178396992204],[-76.35034924641934,3.9500180684133133],[-76.40034947513344,3.9500180684133133],[-76.40034947513344,3.9000178396992204]]]}},{"type":"Feature","properties":{"v":26.47},"geometry":{"type":"Polygon","coordinates":[[[-76.35034924641934,3.9000178396992204],[-76.30034901770524,3.9000178396992204],[-76.30034901770524,3.9500180684133133],[-76.35034924641934,3.9500180684133133],[-76.35034924641934,3.9000178396992204]]]}},{"type":"Feature","properties":{"v":27.44},"geometry":{"type":"Polygon","coordinates":[[[-76.30034901770524,3.9000178396992204],[-76.25034878899116,3.9000178396992204],[-76.25034878899116,3.9500180684133133],[-76.30034901770524,3.9500180684133133],[-76.30034901770524,3.9000178396992204]]]}},{"type":"Feature","properties":{"v":27.58},"geometry":{"type":"Polygon","coordinates":[[[-76.25034878899116,3.9000178396992204],[-76.20034856027706,3.9000178396992204],[-76.20034856027706,3.9500180684133133],[-76.25034878899116,3.9500180684133133],[-76.25034878899116,3.9000178396992204]]]}},{"type":"Feature","properties":{"v":26.51},"geometry":{"type":"Polygon","coordinates":[[[-76.20034856027706,3.9000178396992204],[-76.15034833156297,3.9000178396992204],[-76.15034833156297,3.9500180684133133],[-76.20034856027706,3.9500180684133133],[-76.20034856027706,3.9000178396992204]]]}},{"type":"Feature","properties":{"v":27.65},"geometry":{"type":"Polygon","coordinates":[[[-76.15034833156297,3.9000178396992204],[-76.10034810284888,3.9000178396992204],[-76.10034810284888,3.9500180684133133],[-76.15034833156297,3.9500180684133133],[-76.15034833156297,3.9000178396992204]]]}},{"type":"Feature","properties":{"v":35.1},"geometry":{"type":"Polygon","coordinates":[[[-76.10034810284888,3.9000178396992204],[-76.05034787413479,3.9000178396992204],[-76.05034787413479,3.9500180684133133],[-76.10034810284888,3.9500180684133133],[-76.10034810284888,3.9000178396992204]]]}},{"type":"Feature","properties":{"v":32.84},"geometry":{"type":"Polygon","coordinates":[[[-76.05034787413479,3.9000178396992204],[-76.00034764542069,3.9000178396992204],[-76.00034764542069,3.9500180684133133],[-76.05034787413479,3.9500180684133133],[-76.05034787413479,3.9000178396992204]]]}},{"type":"Feature","properties":{"v":30.44},"geometry":{"type":"Polygon","coordinates":[[[-76.00034764542069,3.9000178396992204],[-75.9503474167066,3.9000178396992204],[-75.9503474167066,3.9500180684133133],[-76.00034764542069,3.9500180684133133],[-76.00034764542069,3.9000178396992204]]]}},{"type":"Feature","properties":{"v":28.44},"geometry":{"type":"Polygon","coordinates":[[[-75.9503474167066,3.9000178396992204],[-75.90034718799251,3.9000178396992204],[-75.90034718799251,3.9500180684133133],[-75.9503474167066,3.9500180684133133],[-75.9503474167066,3.9000178396992204]]]}},{"type":"Feature","properties":{"v":27.0},"geometry":{"type":"Polygon","coordinates":[[[-75.90034718799251,3.9000178396992204],[-75.85034695927841,3.9000178396992204],[-75.85034695927841,3.9500180684133133],[-75.90034718799251,3.9500180684133133],[-75.90034718799251,3.9000178396992204]]]}},{"type":"Feature","properties":{"v":23.3},"geometry":{"type":"Polygon","coordinates":[[[-75.85034695927841,3.9000178396992204],[-75.80034673056433,3.9000178396992204],[-75.80034673056433,3.9500180684133133],[-75.85034695927841,3.9500180684133133],[-75.85034695927841,3.9000178396992204]]]}},{"type":"Feature","properties":{"v":20.51},"geometry":{"type":"Polygon","coordinates":[[[-75.80034673056433,3.9000178396992204],[-75.75034650185023,3.9000178396992204],[-75.75034650185023,3.9500180684133133],[-75.80034673056433,3.9500180684133133],[-75.80034673056433,3.9000178396992204]]]}},{"type":"Feature","properties":{"v":20.56},"geometry":{"type":"Polygon","coordinates":[[[-75.75034650185023,3.9000178396992204],[-75.70034627313613,3.9000178396992204],[-75.70034627313613,3.9500180684133133],[-75.75034650185023,3.9500180684133133],[-75.75034650185023,3.9000178396992204]]]}},{"type":"Feature","properties":{"v":21.2},"geometry":{"type":"Polygon","coordinates":[[[-75.70034627313613,3.9000178396992204],[-75.65034604442205,3.9000178396992204],[-75.65034604442205,3.9500180684133133],[-75.70034627313613,3.9500180684133133],[-75.70034627313613,3.9000178396992204]]]}},{"type":"Feature","properties":{"v":19.1},"geometry":{"type":"Polygon","coordinates":[[[-75.65034604442205,3.9000178396992204],[-75.60034581570795,3.9000178396992204],[-75.60034581570795,3.9500180684133133],[-75.65034604442205,3.9500180684133133],[-75.65034604442205,3.9000178396992204]]]}},{"type":"Feature","properties":{"v":15.25},"geometry":{"type":"Polygon","coordinates":[[[-75.60034581570795,3.9000178396992204],[-75.55034558699386,3.9000178396992204],[-75.55034558699386,3.9500180684133133],[-75.60034581570795,3.9500180684133133],[-75.60034581570795,3.9000178396992204]]]}},{"type":"Feature","properties":{"v":13.51},"geometry":{"type":"Polygon","coordinates":[[[-75.55034558699386,3.9000178396992204],[-75.50034535827977,3.9000178396992204],[-75.50034535827977,3.9500180684133133],[-75.55034558699386,3.9500180684133133],[-75.55034558699386,3.9000178396992204]]]}},{"type":"Feature","properties":{"v":13.74},"geometry":{"type":"Polygon","coordinates":[[[-75.50034535827977,3.9000178396992204],[-75.45034512956568,3.9000178396992204],[-75.45034512956568,3.9500180684133133],[-75.50034535827977,3.9500180684133133],[-75.50034535827977,3.9000178396992204]]]}},{"type":"Feature","properties":{"v":10.04},"geometry":{"type":"Polygon","coordinates":[[[-75.45034512956568,3.9000178396992204],[-75.40034490085158,3.9000178396992204],[-75.40034490085158,3.9500180684133133],[-75.45034512956568,3.9500180684133133],[-75.45034512956568,3.9000178396992204]]]}},{"type":"Feature","properties":{"v":5.35},"geometry":{"type":"Polygon","coordinates":[[[-75.40034490085158,3.9000178396992204],[-75.3503446721375,3.9000178396992204],[-75.3503446721375,3.9500180684133133],[-75.40034490085158,3.9500180684133133],[-75.40034490085158,3.9000178396992204]]]}},{"type":"Feature","properties":{"v":4.25},"geometry":{"type":"Polygon","coordinates":[[[-75.3503446721375,3.9000178396992204],[-75.3003444434234,3.9000178396992204],[-75.3003444434234,3.9500180684133133],[-75.3503446721375,3.9500180684133133],[-75.3503446721375,3.9000178396992204]]]}},{"type":"Feature","properties":{"v":4.9},"geometry":{"type":"Polygon","coordinates":[[[-75.3003444434234,3.9000178396992204],[-75.2503442147093,3.9000178396992204],[-75.2503442147093,3.9500180684133133],[-75.3003444434234,3.9500180684133133],[-75.3003444434234,3.9000178396992204]]]}},{"type":"Feature","properties":{"v":0.0},"geometry":{"type":"Polygon","coordinates":[[[-75.2503442147093,3.9000178396992204],[-75.20034398599522,3.9000178396992204],[-75.20034398599522,3.9500180684133133],[-75.2503442147093,3.9500180684133133],[-75.2503442147093,3.9000178396992204]]]}},{"type":"Feature","properties":{"v":0.0},"geometry":{"type":"Polygon","coordinates":[[[-75.20034398599522,3.9000178396992204],[-75.15034375728112,3.9000178396992204],[-75.15034375728112,3.9500180684133133],[-75.20034398599522,3.9500180684133133],[-75.20034398599522,3.9000178396992204]]]}},{"type":"Feature","properties":{"v":0.0},"geometry":{"type":"Polygon","coordinates":[[[-75.15034375728112,3.9000178396992204],[-75.10034352856702,3.9000178396992204],[-75.10034352856702,3.9500180684133133],[-75.15034375728112,3.9500180684133133],[-75.15034375728112,3.9000178396992204]]]}},{"type":"Feature","properties":{"v":29.64},"geometry":{"type":"Polygon","coordinates":[[[-77.3003535919871,3.8500176109851276],[-77.250353363273,3.8500176109851276],[-77.250353363273,3.9000178396992204],[-77.3003535919871,3.9000178396992204],[-77.3003535919871,3.8500176109851276]]]}},{"type":"Feature","properties":{"v":29.76},"geometry":{"type":"Polygon","coordinates":[[[-77.250353363273,3.8500176109851276],[-77.20035313455891,3.8500176109851276],[-77.20035313455891,3.9000178396992204],[-77.250353363273,3.9000178396992204],[-77.250353363273,3.8500176109851276]]]}},{"type":"Feature","properties":{"v":27.66},"geometry":{"type":"Polygon","coordinates":[[[-77.20035313455891,3.8500176109851276],[-77.15035290584483,3.8500176109851276],[-77.15035290584483,3.9000178396992204],[-77.20035313455891,3.9000178396992204],[-77.20035313455891,3.8500176109851276]]]}},{"type":"Feature","properties":{"v":25.95},"geometry":{"type":"Polygon","coordinates":[[[-77.15035290584483,3.8500176109851276],[-77.10035267713073,3.8500176109851276],[-77.10035267713073,3.9000178396992204],[-77.15035290584483,3.9000178396992204],[-77.15035290584483,3.8500176109851276]]]}},{"type":"Feature","properties":{"v":25.94},"geometry":{"type":"Polygon","coordinates":[[[-77.10035267713073,3.8500176109851276],[-77.05035244841663,3.8500176109851276],[-77.05035244841663,3.9000178396992204],[-77.10035267713073,3.9000178396992204],[-77.10035267713073,3.8500176109851276]]]}},{"type":"Feature","properties":{"v":25.75},"geometry":{"type":"Polygon","coordinates":[[[-77.05035244841663,3.8500176109851276],[-77.00035221970255,3.8500176109851276],[-77.00035221970255,3.9000178396992204],[-77.05035244841663,3.9000178396992204],[-77.05035244841663,3.8500176109851276]]]}},{"type":"Feature","properties":{"v":28.81},"geometry":{"type":"Polygon","coordinates":[[[-77.00035221970255,3.8500176109851276],[-76.95035199098845,3.8500176109851276],[-76.95035199098845,3.9000178396992204],[-77.00035221970255,3.9000178396992204],[-77.00035221970255,3.8500176109851276]]]}},{"type":"Feature","properties":{"v":29.04},"geometry":{"type":"Polygon","coordinates":[[[-76.95035199098845,3.8500176109851276],[-76.90035176227435,3.8500176109851276],[-76.90035176227435,3.9000178396992204],[-76.95035199098845,3.9000178396992204],[-76.95035199098845,3.8500176109851276]]]}},{"type":"Feature","properties":{"v":30.01},"geometry":{"type":"Polygon","coordinates":[[[-76.90035176227435,3.8500176109851276],[-76.85035153356027,3.8500176109851276],[-76.85035153356027,3.9000178396992204],[-76.90035176227435,3.9000178396992204],[-76.90035176227435,3.8500176109851276]]]}},{"type":"Feature","properties":{"v":31.7},"geometry":{"type":"Polygon","coordinates":[[[-76.85035153356027,3.8500176109851276],[-76.80035130484617,3.8500176109851276],[-76.80035130484617,3.9000178396992204],[-76.85035153356027,3.9000178396992204],[-76.85035153356027,3.8500176109851276]]]}},{"type":"Feature","properties":{"v":34.35},"geometry":{"type":"Polygon","coordinates":[[[-76.80035130484617,3.8500176109851276],[-76.75035107613208,3.8500176109851276],[-76.75035107613208,3.9000178396992204],[-76.80035130484617,3.9000178396992204],[-76.80035130484617,3.8500176109851276]]]}},{"type":"Feature","properties":{"v":36.52},"geometry":{"type":"Polygon","coordinates":[[[-76.75035107613208,3.8500176109851276],[-76.700350847418,3.8500176109851276],[-76.700350847418,3.9000178396992204],[-76.75035107613208,3.9000178396992204],[-76.75035107613208,3.8500176109851276]]]}},{"type":"Feature","properties":{"v":41.08},"geometry":{"type":"Polygon","coordinates":[[[-76.700350847418,3.8500176109851276],[-76.6503506187039,3.8500176109851276],[-76.6503506187039,3.9000178396992204],[-76.700350847418,3.9000178396992204],[-76.700350847418,3.8500176109851276]]]}},{"type":"Feature","properties":{"v":41.77},"geometry":{"type":"Polygon","coordinates":[[[-76.6503506187039,3.8500176109851276],[-76.6003503899898,3.8500176109851276],[-76.6003503899898,3.9000178396992204],[-76.6503506187039,3.9000178396992204],[-76.6503506187039,3.8500176109851276]]]}},{"type":"Feature","properties":{"v":44.02},"geometry":{"type":"Polygon","coordinates":[[[-76.6003503899898,3.8500176109851276],[-76.55035016127572,3.8500176109851276],[-76.55035016127572,3.9000178396992204],[-76.6003503899898,3.9000178396992204],[-76.6003503899898,3.8500176109851276]]]}},{"type":"Feature","properties":{"v":28.47},"geometry":{"type":"Polygon","coordinates":[[[-76.55035016127572,3.8500176109851276],[-76.50034993256162,3.8500176109851276],[-76.50034993256162,3.9000178396992204],[-76.55035016127572,3.9000178396992204],[-76.55035016127572,3.8500176109851276]]]}},{"type":"Feature","properties":{"v":27.05},"geometry":{"type":"Polygon","coordinates":[[[-76.50034993256162,3.8500176109851276],[-76.45034970384752,3.8500176109851276],[-76.45034970384752,3.9000178396992204],[-76.50034993256162,3.9000178396992204],[-76.50034993256162,3.8500176109851276]]]}},{"type":"Feature","properties":{"v":30.04},"geometry":{"type":"Polygon","coordinates":[[[-76.45034970384752,3.8500176109851276],[-76.40034947513344,3.8500176109851276],[-76.40034947513344,3.9000178396992204],[-76.45034970384752,3.9000178396992204],[-76.45034970384752,3.8500176109851276]]]}},{"type":"Feature","properties":{"v":29.2},"geometry":{"type":"Polygon","coordinates":[[[-76.40034947513344,3.8500176109851276],[-76.35034924641934,3.8500176109851276],[-76.35034924641934,3.9000178396992204],[-76.40034947513344,3.9000178396992204],[-76.40034947513344,3.8500176109851276]]]}},{"type":"Feature","properties":{"v":28.62},"geometry":{"type":"Polygon","coordinates":[[[-76.35034924641934,3.8500176109851276],[-76.30034901770524,3.8500176109851276],[-76.30034901770524,3.9000178396992204],[-76.35034924641934,3.9000178396992204],[-76.35034924641934,3.8500176109851276]]]}},{"type":"Feature","properties":{"v":25.78},"geometry":{"type":"Polygon","coordinates":[[[-76.30034901770524,3.8500176109851276],[-76.25034878899116,3.8500176109851276],[-76.25034878899116,3.9000178396992204],[-76.30034901770524,3.9000178396992204],[-76.30034901770524,3.8500176109851276]]]}},{"type":"Feature","properties":{"v":25.63},"geometry":{"type":"Polygon","coordinates":[[[-76.25034878899116,3.8500176109851276],[-76.20034856027706,3.8500176109851276],[-76.20034856027706,3.9000178396992204],[-76.25034878899116,3.9000178396992204],[-76.25034878899116,3.8500176109851276]]]}},{"type":"Feature","properties":{"v":27.18},"geometry":{"type":"Polygon","coordinates":[[[-76.20034856027706,3.8500176109851276],[-76.15034833156297,3.8500176109851276],[-76.15034833156297,3.9000178396992204],[-76.20034856027706,3.9000178396992204],[-76.20034856027706,3.8500176109851276]]]}},{"type":"Feature","properties":{"v":28.78},"geometry":{"type":"Polygon","coordinates":[[[-76.15034833156297,3.8500176109851276],[-76.10034810284888,3.8500176109851276],[-76.10034810284888,3.9000178396992204],[-76.15034833156297,3.9000178396992204],[-76.15034833156297,3.8500176109851276]]]}},{"type":"Feature","properties":{"v":31.82},"geometry":{"type":"Polygon","coordinates":[[[-76.10034810284888,3.8500176109851276],[-76.05034787413479,3.8500176109851276],[-76.05034787413479,3.9000178396992204],[-76.10034810284888,3.9000178396992204],[-76.10034810284888,3.8500176109851276]]]}},{"type":"Feature","properties":{"v":35.96},"geometry":{"type":"Polygon","coordinates":[[[-76.05034787413479,3.8500176109851276],[-76.00034764542069,3.8500176109851276],[-76.00034764542069,3.9000178396992204],[-76.05034787413479,3.9000178396992204],[-76.05034787413479,3.8500176109851276]]]}},{"type":"Feature","properties":{"v":37.35},"geometry":{"type":"Polygon","coordinates":[[[-76.00034764542069,3.8500176109851276],[-75.9503474167066,3.8500176109851276],[-75.9503474167066,3.9000178396992204],[-76.00034764542069,3.9000178396992204],[-76.00034764542069,3.8500176109851276]]]}},{"type":"Feature","properties":{"v":33.28},"geometry":{"type":"Polygon","coordinates":[[[-75.9503474167066,3.8500176109851276],[-75.90034718799251,3.8500176109851276],[-75.90034718799251,3.9000178396992204],[-75.9503474167066,3.9000178396992204],[-75.9503474167066,3.8500176109851276]]]}},{"type":"Feature","properties":{"v":27.47},"geometry":{"type":"Polygon","coordinates":[[[-75.90034718799251,3.8500176109851276],[-75.85034695927841,3.8500176109851276],[-75.85034695927841,3.9000178396992204],[-75.90034718799251,3.9000178396992204],[-75.90034718799251,3.8500176109851276]]]}},{"type":"Feature","properties":{"v":23.36},"geometry":{"type":"Polygon","coordinates":[[[-75.85034695927841,3.8500176109851276],[-75.80034673056433,3.8500176109851276],[-75.80034673056433,3.9000178396992204],[-75.85034695927841,3.9000178396992204],[-75.85034695927841,3.8500176109851276]]]}},{"type":"Feature","properties":{"v":21.23},"geometry":{"type":"Polygon","coordinates":[[[-75.80034673056433,3.8500176109851276],[-75.75034650185023,3.8500176109851276],[-75.75034650185023,3.9000178396992204],[-75.80034673056433,3.9000178396992204],[-75.80034673056433,3.8500176109851276]]]}},{"type":"Feature","properties":{"v":22.7},"geometry":{"type":"Polygon","coordinates":[[[-75.75034650185023,3.8500176109851276],[-75.70034627313613,3.8500176109851276],[-75.70034627313613,3.9000178396992204],[-75.75034650185023,3.9000178396992204],[-75.75034650185023,3.8500176109851276]]]}},{"type":"Feature","properties":{"v":21.59},"geometry":{"type":"Polygon","coordinates":[[[-75.70034627313613,3.8500176109851276],[-75.65034604442205,3.8500176109851276],[-75.65034604442205,3.9000178396992204],[-75.70034627313613,3.9000178396992204],[-75.70034627313613,3.8500176109851276]]]}},{"type":"Feature","properties":{"v":19.86},"geometry":{"type":"Polygon","coordinates":[[[-75.65034604442205,3.8500176109851276],[-75.60034581570795,3.8500176109851276],[-75.60034581570795,3.9000178396992204],[-75.65034604442205,3.9000178396992204],[-75.65034604442205,3.8500176109851276]]]}},{"type":"Feature","properties":{"v":17.59},"geometry":{"type":"Polygon","coordinates":[[[-75.60034581570795,3.8500176109851276],[-75.55034558699386,3.8500176109851276],[-75.55034558699386,3.9000178396992204],[-75.60034581570795,3.9000178396992204],[-75.60034581570795,3.8500176109851276]]]}},{"type":"Feature","properties":{"v":12.72},"geometry":{"type":"Polygon","coordinates":[[[-75.55034558699386,3.8500176109851276],[-75.50034535827977,3.8500176109851276],[-75.50034535827977,3.9000178396992204],[-75.55034558699386,3.9000178396992204],[-75.55034558699386,3.8500176109851276]]]}},{"type":"Feature","properties":{"v":8.94},"geometry":{"type":"Polygon","coordinates":[[[-75.50034535827977,3.8500176109851276],[-75.45034512956568,3.8500176109851276],[-75.45034512956568,3.9000178396992204],[-75.50034535827977,3.9000178396992204],[-75.50034535827977,3.8500176109851276]]]}},{"type":"Feature","properties":{"v":6.51},"geometry":{"type":"Polygon","coordinates":[[[-75.45034512956568,3.8500176109851276],[-75.40034490085158,3.8500176109851276],[-75.40034490085158,3.9000178396992204],[-75.45034512956568,3.9000178396992204],[-75.45034512956568,3.8500176109851276]]]}},{"type":"Feature","properties":{"v":5.89},"geometry":{"type":"Polygon","coordinates":[[[-75.40034490085158,3.8500176109851276],[-75.3503446721375,3.8500176109851276],[-75.3503446721375,3.9000178396992204],[-75.40034490085158,3.9000178396992204],[-75.40034490085158,3.8500176109851276]]]}},{"type":"Feature","properties":{"v":4.55},"geometry":{"type":"Polygon","coordinates":[[[-75.3503446721375,3.8500176109851276],[-75.3003444434234,3.8500176109851276],[-75.3003444434234,3.9000178396992204],[-75.3503446721375,3.9000178396992204],[-75.3503446721375,3.8500176109851276]]]}},{"type":"Feature","properties":{"v":7.37},"geometry":{"type":"Polygon","coordinates":[[[-75.3003444434234,3.8500176109851276],[-75.2503442147093,3.8500176109851276],[-75.2503442147093,3.9000178396992204],[-75.3003444434234,3.9000178396992204],[-75.3003444434234,3.8500176109851276]]]}},{"type":"Feature","properties":{"v":0.0},"geometry":{"type":"Polygon","coordinates":[[[-75.2503442147093,3.8500176109851276],[-75.20034398599522,3.8500176109851276],[-75.20034398599522,3.9000178396992204],[-75.2503442147093,3.9000178396992204],[-75.2503442147093,3.8500176109851276]]]}},{"type":"Feature","properties":{"v":0.0},"geometry":{"type":"Polygon","coordinates":[[[-75.20034398599522,3.8500176109851276],[-75.15034375728112,3.8500176109851276],[-75.15034375728112,3.9000178396992204],[-75.20034398599522,3.9000178396992204],[-75.20034398599522,3.8500176109851276]]]}},{"type":"Feature","properties":{"v":0.0},"geometry":{"type":"Polygon","coordinates":[[[-75.15034375728112,3.8500176109851276],[-75.10034352856702,3.8500176109851276],[-75.10034352856702,3.9000178396992204],[-75.15034375728112,3.9000178396992204],[-75.15034375728112,3.8500176109851276]]]}},{"type":"Feature","properties":{"v":29.06},"geometry":{"type":"Polygon","coordinates":[[[-77.3003535919871,3.8000173822710352],[-77.250353363273,3.8000173822710352],[-77.250353363273,3.8500176109851276],[-77.3003535919871,3.8500176109851276],[-77.3003535919871,3.8000173822710352]]]}},{"type":"Feature","properties":{"v":31.32},"geometry":{"type":"Polygon","coordinates":[[[-77.250353363273,3.8000173822710352],[-77.20035313455891,3.8000173822710352],[-77.20035313455891,3.8500176109851276],[-77.250353363273,3.8500176109851276],[-77.250353363273,3.8000173822710352]]]}},{"type":"Feature","properties":{"v":28.59},"geometry":{"type":"Polygon","coordinates":[[[-77.20035313455891,3.8000173822710352],[-77.15035290584483,3.8000173822710352],[-77.15035290584483,3.8500176109851276],[-77.20035313455891,3.8500176109851276],[-77.20035313455891,3.8000173822710352]]]}},{"type":"Feature","properties":{"v":27.37},"geometry":{"type":"Polygon","coordinates":[[[-77.15035290584483,3.8000173822710352],[-77.10035267713073,3.8000173822710352],[-77.10035267713073,3.8500176109851276],[-77.15035290584483,3.8500176109851276],[-77.15035290584483,3.8000173822710352]]]}},{"type":"Feature","properties":{"v":26.31},"geometry":{"type":"Polygon","coordinates":[[[-77.10035267713073,3.8000173822710352],[-77.05035244841663,3.8000173822710352],[-77.05035244841663,3.8500176109851276],[-77.10035267713073,3.8500176109851276],[-77.10035267713073,3.8000173822710352]]]}},{"type":"Feature","properties":{"v":26.7},"geometry":{"type":"Polygon","coordinates":[[[-77.05035244841663,3.8000173822710352],[-77.00035221970255,3.8000173822710352],[-77.00035221970255,3.8500176109851276],[-77.05035244841663,3.8500176109851276],[-77.05035244841663,3.8000173822710352]]]}},{"type":"Feature","properties":{"v":30.54},"geometry":{"type":"Polygon","coordinates":[[[-77.00035221970255,3.8000173822710352],[-76.95035199098845,3.8000173822710352],[-76.95035199098845,3.8500176109851276],[-77.00035221970255,3.8500176109851276],[-77.00035221970255,3.8000173822710352]]]}},{"type":"Feature","properties":{"v":29.52},"geometry":{"type":"Polygon","coordinates":[[[-76.95035199098845,3.8000173822710352],[-76.90035176227435,3.8000173822710352],[-76.90035176227435,3.8500176109851276],[-76.95035199098845,3.8500176109851276],[-76.95035199098845,3.8000173822710352]]]}},{"type":"Feature","properties":{"v":30.6},"geometry":{"type":"Polygon","coordinates":[[[-76.90035176227435,3.8000173822710352],[-76.85035153356027,3.8000173822710352],[-76.85035153356027,3.8500176109851276],[-76.90035176227435,3.8500176109851276],[-76.90035176227435,3.8000173822710352]]]}},{"type":"Feature","properties":{"v":33.24},"geometry":{"type":"Polygon","coordinates":[[[-76.85035153356027,3.8000173822710352],[-76.80035130484617,3.8000173822710352],[-76.80035130484617,3.8500176109851276],[-76.85035153356027,3.8500176109851276],[-76.85035153356027,3.8000173822710352]]]}},{"type":"Feature","properties":{"v":35.99},"geometry":{"type":"Polygon","coordinates":[[[-76.80035130484617,3.8000173822710352],[-76.75035107613208,3.8000173822710352],[-76.75035107613208,3.8500176109851276],[-76.80035130484617,3.8500176109851276],[-76.80035130484617,3.8000173822710352]]]}},{"type":"Feature","properties":{"v":36.9},"geometry":{"type":"Polygon","coordinates":[[[-76.75035107613208,3.8000173822710352],[-76.700350847418,3.8000173822710352],[-76.700350847418,3.8500176109851276],[-76.75035107613208,3.8500176109851276],[-76.75035107613208,3.8000173822710352]]]}},{"type":"Feature","properties":{"v":37.35},"geometry":{"type":"Polygon","coordinates":[[[-76.700350847418,3.8000173822710352],[-76.6503506187039,3.8000173822710352],[-76.6503506187039,3.8500176109851276],[-76.700350847418,3.8500176109851276],[-76.700350847418,3.8000173822710352]]]}},{"type":"Feature","properties":{"v":39.55},"geometry":{"type":"Polygon","coordinates":[[[-76.6503506187039,3.8000173822710352],[-76.6003503899898,3.8000173822710352],[-76.6003503899898,3.8500176109851276],[-76.6503506187039,3.8500176109851276],[-76.6503506187039,3.8000173822710352]]]}},{"type":"Feature","properties":{"v":37.87},"geometry":{"type":"Polygon","coordinates":[[[-76.6003503899898,3.8000173822710352],[-76.55035016127572,3.8000173822710352],[-76.55035016127572,3.8500176109851276],[-76.6003503899898,3.8500176109851276],[-76.6003503899898,3.8000173822710352]]]}},{"type":"Feature","properties":{"v":26.17},"geometry":{"type":"Polygon","coordinates":[[[-76.55035016127572,3.8000173822710352],[-76.50034993256162,3.8000173822710352],[-76.50034993256162,3.8500176109851276],[-76.55035016127572,3.8500176109851276],[-76.55035016127572,3.8000173822710352]]]}},{"type":"Feature","properties":{"v":25.76},"geometry":{"type":"Polygon","coordinates":[[[-76.50034993256162,3.8000173822710352],[-76.45034970384752,3.8000173822710352],[-76.45034970384752,3.8500176109851276],[-76.50034993256162,3.8500176109851276],[-76.50034993256162,3.8000173822710352]]]}},{"type":"Feature","properties":{"v":25.14},"geometry":{"type":"Polygon","coordinates":[[[-76.45034970384752,3.8000173822710352],[-76.40034947513344,3.8000173822710352],[-76.40034947513344,3.8500176109851276],[-76.45034970384752,3.8500176109851276],[-76.45034970384752,3.8000173822710352]]]}},{"type":"Feature","properties":{"v":24.0},"geometry":{"type":"Polygon","coordinates":[[[-76.40034947513344,3.8000173822710352],[-76.35034924641934,3.8000173822710352],[-76.35034924641934,3.8500176109851276],[-76.40034947513344,3.8500176109851276],[-76.40034947513344,3.8000173822710352]]]}},{"type":"Feature","properties":{"v":23.3},"geometry":{"type":"Polygon","coordinates":[[[-76.35034924641934,3.8000173822710352],[-76.30034901770524,3.8000173822710352],[-76.30034901770524,3.8500176109851276],[-76.35034924641934,3.8500176109851276],[-76.35034924641934,3.8000173822710352]]]}},{"type":"Feature","properties":{"v":23.8},"geometry":{"type":"Polygon","coordinates":[[[-76.30034901770524,3.8000173822710352],[-76.25034878899116,3.8000173822710352],[-76.25034878899116,3.8500176109851276],[-76.30034901770524,3.8500176109851276],[-76.30034901770524,3.8000173822710352]]]}},{"type":"Feature","properties":{"v":25.34},"geometry":{"type":"Polygon","coordinates":[[[-76.25034878899116,3.8000173822710352],[-76.20034856027706,3.8000173822710352],[-76.20034856027706,3.8500176109851276],[-76.25034878899116,3.8500176109851276],[-76.25034878899116,3.8000173822710352]]]}},{"type":"Feature","properties":{"v":28.41},"geometry":{"type":"Polygon","coordinates":[[[-76.20034856027706,3.8000173822710352],[-76.15034833156297,3.8000173822710352],[-76.15034833156297,3.8500176109851276],[-76.20034856027706,3.8500176109851276],[-76.20034856027706,3.8000173822710352]]]}},{"type":"Feature","properties":{"v":30.17},"geometry":{"type":"Polygon","coordinates":[[[-76.15034833156297,3.8000173822710352],[-76.10034810284888,3.8000173822710352],[-76.10034810284888,3.8500176109851276],[-76.15034833156297,3.8500176109851276],[-76.15034833156297,3.8000173822710352]]]}},{"type":"Feature","properties":{"v":32.1},"geometry":{"type":"Polygon","coordinates":[[[-76.10034810284888,3.8000173822710352],[-76.05034787413479,3.8000173822710352],[-76.05034787413479,3.8500176109851276],[-76.10034810284888,3.8500176109851276],[-76.10034810284888,3.8000173822710352]]]}},{"type":"Feature","properties":{"v":41.07},"geometry":{"type":"Polygon","coordinates":[[[-76.05034787413479,3.8000173822710352],[-76.00034764542069,3.8000173822710352],[-76.00034764542069,3.8500176109851276],[-76.05034787413479,3.8500176109851276],[-76.05034787413479,3.8000173822710352]]]}},{"type":"Feature","properties":{"v":35.1},"geometry":{"type":"Polygon","coordinates":[[[-76.00034764542069,3.8000173822710352],[-75.9503474167066,3.8000173822710352],[-75.9503474167066,3.8500176109851276],[-76.00034764542069,3.8500176109851276],[-76.00034764542069,3.8000173822710352]]]}},{"type":"Feature","properties":{"v":37.07},"geometry":{"type":"Polygon","coordinates":[[[-75.9503474167066,3.8000173822710352],[-75.90034718799251,3.8000173822710352],[-75.90034718799251,3.8500176109851276],[-75.9503474167066,3.8500176109851276],[-75.9503474167066,3.8000173822710352]]]}},{"type":"Feature","properties":{"v":32.51},"geometry":{"type":"Polygon","coordinates":[[[-75.90034718799251,3.8000173822710352],[-75.85034695927841,3.8000173822710352],[-75.85034695927841,3.8500176109851276],[-75.90034718799251,3.8500176109851276],[-75.90034718799251,3.8000173822710352]]]}},{"type":"Feature","properties":{"v":30.51},"geometry":{"type":"Polygon","coordinates":[[[-75.85034695927841,3.8000173822710352],[-75.80034673056433,3.8000173822710352],[-75.80034673056433,3.8500176109851276],[-75.85034695927841,3.8500176109851276],[-75.85034695927841,3.8000173822710352]]]}},{"type":"Feature","properties":{"v":21.61},"geometry":{"type":"Polygon","coordinates":[[[-75.80034673056433,3.8000173822710352],[-75.75034650185023,3.8000173822710352],[-75.75034650185023,3.8500176109851276],[-75.80034673056433,3.8500176109851276],[-75.80034673056433,3.8000173822710352]]]}},{"type":"Feature","properties":{"v":21.46},"geometry":{"type":"Polygon","coordinates":[[[-75.75034650185023,3.8000173822710352],[-75.70034627313613,3.8000173822710352],[-75.70034627313613,3.8500176109851276],[-75.75034650185023,3.8500176109851276],[-75.75034650185023,3.8000173822710352]]]}},{"type":"Feature","properties":{"v":18.01},"geometry":{"type":"Polygon","coordinates":[[[-75.70034627313613,3.8000173822710352],[-75.65034604442205,3.8000173822710352],[-75.65034604442205,3.8500176109851276],[-75.70034627313613,3.8500176109851276],[-75.70034627313613,3.8000173822710352]]]}},{"type":"Feature","properties":{"v":18.34},"geometry":{"type":"Polygon","coordinates":[[[-75.65034604442205,3.8000173822710352],[-75.60034581570795,3.8000173822710352],[-75.60034581570795,3.8500176109851276],[-75.65034604442205,3.8500176109851276],[-75.65034604442205,3.8000173822710352]]]}},{"type":"Feature","properties":{"v":16.43},"geometry":{"type":"Polygon","coordinates":[[[-75.60034581570795,3.8000173822710352],[-75.55034558699386,3.8000173822710352],[-75.55034558699386,3.8500176109851276],[-75.60034581570795,3.8500176109851276],[-75.60034581570795,3.8000173822710352]]]}},{"type":"Feature","properties":{"v":7.57},"geometry":{"type":"Polygon","coordinates":[[[-75.55034558699386,3.8000173822710352],[-75.50034535827977,3.8000173822710352],[-75.50034535827977,3.8500176109851276],[-75.55034558699386,3.8500176109851276],[-75.55034558699386,3.8000173822710352]]]}},{"type":"Feature","properties":{"v":5.06},"geometry":{"type":"Polygon","coordinates":[[[-75.50034535827977,3.8000173822710352],[-75.45034512956568,3.8000173822710352],[-75.45034512956568,3.8500176109851276],[-75.50034535827977,3.8500176109851276],[-75.50034535827977,3.8000173822710352]]]}},{"type":"Feature","properties":{"v":4.0},"geometry":{"type":"Polygon","coordinates":[[[-75.45034512956568,3.8000173822710352],[-75.40034490085158,3.8000173822710352],[-75.40034490085158,3.8500176109851276],[-75.45034512956568,3.8500176109851276],[-75.45034512956568,3.8000173822710352]]]}},{"type":"Feature","properties":{"v":3.0},"geometry":{"type":"Polygon","coordinates":[[[-75.40034490085158,3.8000173822710352],[-75.3503446721375,3.8000173822710352],[-75.3503446721375,3.8500176109851276],[-75.40034490085158,3.8500176109851276],[-75.40034490085158,3.8000173822710352]]]}},{"type":"Feature","properties":{"v":3.1},"geometry":{"type":"Polygon","coordinates":[[[-75.3503446721375,3.8000173822710352],[-75.3003444434234,3.8000173822710352],[-75.3003444434234,3.8500176109851276],[-75.3503446721375,3.8500176109851276],[-75.3503446721375,3.8000173822710352]]]}},{"type":"Feature","properties":{"v":3.57},"geometry":{"type":"Polygon","coordinates":[[[-75.3003444434234,3.8000173822710352],[-75.2503442147093,3.8000173822710352],[-75.2503442147093,3.8500176109851276],[-75.3003444434234,3.8500176109851276],[-75.3003444434234,3.8000173822710352]]]}},{"type":"Feature","properties":{"v":6.5},"geometry":{"type":"Polygon","coordinates":[[[-75.2503442147093,3.8000173822710352],[-75.20034398599522,3.8000173822710352],[-75.20034398599522,3.8500176109851276],[-75.2503442147093,3.8500176109851276],[-75.2503442147093,3.8000173822710352]]]}},{"type":"Feature","properties":{"v":10.12},"geometry":{"type":"Polygon","coordinates":[[[-75.20034398599522,3.8000173822710352],[-75.15034375728112,3.8000173822710352],[-75.15034375728112,3.8500176109851276],[-75.20034398599522,3.8500176109851276],[-75.20034398599522,3.8000173822710352]]]}},{"type":"Feature","properties":{"v":0.0},"geometry":{"type":"Polygon","coordinates":[[[-75.15034375728112,3.8000173822710352],[-75.10034352856702,3.8000173822710352],[-75.10034352856702,3.8500176109851276],[-75.15034375728112,3.8500176109851276],[-75.15034375728112,3.8000173822710352]]]}},{"type":"Feature","properties":{"v":33.04},"geometry":{"type":"Polygon","coordinates":[[[-77.250353363273,3.750017153556943],[-77.20035313455891,3.750017153556943],[-77.20035313455891,3.8000173822710352],[-77.250353363273,3.8000173822710352],[-77.250353363273,3.750017153556943]]]}},{"type":"Feature","properties":{"v":30.55},"geometry":{"type":"Polygon","coordinates":[[[-77.20035313455891,3.750017153556943],[-77.15035290584483,3.750017153556943],[-77.15035290584483,3.8000173822710352],[-77.20035313455891,3.8000173822710352],[-77.20035313455891,3.750017153556943]]]}},{"type":"Feature","properties":{"v":28.61},"geometry":{"type":"Polygon","coordinates":[[[-77.15035290584483,3.750017153556943],[-77.10035267713073,3.750017153556943],[-77.10035267713073,3.8000173822710352],[-77.15035290584483,3.8000173822710352],[-77.15035290584483,3.750017153556943]]]}},{"type":"Feature","properties":{"v":28.09},"geometry":{"type":"Polygon","coordinates":[[[-77.10035267713073,3.750017153556943],[-77.05035244841663,3.750017153556943],[-77.05035244841663,3.8000173822710352],[-77.10035267713073,3.8000173822710352],[-77.10035267713073,3.750017153556943]]]}},{"type":"Feature","properties":{"v":28.73},"geometry":{"type":"Polygon","coordinates":[[[-77.05035244841663,3.750017153556943],[-77.00035221970255,3.750017153556943],[-77.00035221970255,3.8000173822710352],[-77.05035244841663,3.8000173822710352],[-77.05035244841663,3.750017153556943]]]}},{"type":"Feature","properties":{"v":31.66},"geometry":{"type":"Polygon","coordinates":[[[-77.00035221970255,3.750017153556943],[-76.95035199098845,3.750017153556943],[-76.95035199098845,3.8000173822710352],[-77.00035221970255,3.8000173822710352],[-77.00035221970255,3.750017153556943]]]}},{"type":"Feature","properties":{"v":29.62},"geometry":{"type":"Polygon","coordinates":[[[-76.95035199098845,3.750017153556943],[-76.90035176227435,3.750017153556943],[-76.90035176227435,3.8000173822710352],[-76.95035199098845,3.8000173822710352],[-76.95035199098845,3.750017153556943]]]}},{"type":"Feature","properties":{"v":32.55},"geometry":{"type":"Polygon","coordinates":[[[-76.90035176227435,3.750017153556943],[-76.85035153356027,3.750017153556943],[-76.85035153356027,3.8000173822710352],[-76.90035176227435,3.8000173822710352],[-76.90035176227435,3.750017153556943]]]}},{"type":"Feature","properties":{"v":34.11},"geometry":{"type":"Polygon","coordinates":[[[-76.85035153356027,3.750017153556943],[-76.80035130484617,3.750017153556943],[-76.80035130484617,3.8000173822710352],[-76.85035153356027,3.8000173822710352],[-76.85035153356027,3.750017153556943]]]}},{"type":"Feature","properties":{"v":39.24},"geometry":{"type":"Polygon","coordinates":[[[-76.80035130484617,3.750017153556943],[-76.75035107613208,3.750017153556943],[-76.75035107613208,3.8000173822710352],[-76.80035130484617,3.8000173822710352],[-76.80035130484617,3.750017153556943]]]}},{"type":"Feature","properties":{"v":37.81},"geometry":{"type":"Polygon","coordinates":[[[-76.75035107613208,3.750017153556943],[-76.700350847418,3.750017153556943],[-76.700350847418,3.8000173822710352],[-76.75035107613208,3.8000173822710352],[-76.75035107613208,3.750017153556943]]]}},{"type":"Feature","properties":{"v":40.2},"geometry":{"type":"Polygon","coordinates":[[[-76.700350847418,3.750017153556943],[-76.6503506187039,3.750017153556943],[-76.6503506187039,3.8000173822710352],[-76.700350847418,3.8000173822710352],[-76.700350847418,3.750017153556943]]]}},{"type":"Feature","properties":{"v":41.13},"geometry":{"type":"Polygon","coordinates":[[[-76.6503506187039,3.750017153556943],[-76.6003503899898,3.750017153556943],[-76.6003503899898,3.8000173822710352],[-76.6503506187039,3.8000173822710352],[-76.6503506187039,3.750017153556943]]]}},{"type":"Feature","properties":{"v":37.22},"geometry":{"type":"Polygon","coordinates":[[[-76.6003503899898,3.750017153556943],[-76.55035016127572,3.750017153556943],[-76.55035016127572,3.8000173822710352],[-76.6003503899898,3.8000173822710352],[-76.6003503899898,3.750017153556943]]]}},{"type":"Feature","properties":{"v":25.66},"geometry":{"type":"Polygon","coordinates":[[[-76.55035016127572,3.750017153556943],[-76.50034993256162,3.750017153556943],[-76.50034993256162,3.8000173822710352],[-76.55035016127572,3.8000173822710352],[-76.55035016127572,3.750017153556943]]]}},{"type":"Feature","properties":{"v":25.07},"geometry":{"type":"Polygon","coordinates":[[[-76.50034993256162,3.750017153556943],[-76.45034970384752,3.750017153556943],[-76.45034970384752,3.8000173822710352],[-76.50034993256162,3.8000173822710352],[-76.50034993256162,3.750017153556943]]]}},{"type":"Feature","properties":{"v":25.46},"geometry":{"type":"Polygon","coordinates":[[[-76.45034970384752,3.750017153556943],[-76.40034947513344,3.750017153556943],[-76.40034947513344,3.8000173822710352],[-76.45034970384752,3.8000173822710352],[-76.45034970384752,3.750017153556943]]]}},{"type":"Feature","properties":{"v":25.5},"geometry":{"type":"Polygon","coordinates":[[[-76.40034947513344,3.750017153556943],[-76.35034924641934,3.750017153556943],[-76.35034924641934,3.8000173822710352],[-76.40034947513344,3.8000173822710352],[-76.40034947513344,3.750017153556943]]]}},{"type":"Feature","properties":{"v":25.24},"geometry":{"type":"Polygon","coordinates":[[[-76.35034924641934,3.750017153556943],[-76.30034901770524,3.750017153556943],[-76.30034901770524,3.8000173822710352],[-76.35034924641934,3.8000173822710352],[-76.35034924641934,3.750017153556943]]]}},{"type":"Feature","properties":{"v":25.22},"geometry":{"type":"Polygon","coordinates":[[[-76.30034901770524,3.750017153556943],[-76.25034878899116,3.750017153556943],[-76.25034878899116,3.8000173822710352],[-76.30034901770524,3.8000173822710352],[-76.30034901770524,3.750017153556943]]]}},{"type":"Feature","properties":{"v":26.51},"geometry":{"type":"Polygon","coordinates":[[[-76.25034878899116,3.750017153556943],[-76.20034856027706,3.750017153556943],[-76.20034856027706,3.8000173822710352],[-76.25034878899116,3.8000173822710352],[-76.25034878899116,3.750017153556943]]]}},{"type":"Feature","properties":{"v":28.86},"geometry":{"type":"Polygon","coordinates":[[[-76.20034856027706,3.750017153556943],[-76.15034833156297,3.750017153556943],[-76.15034833156297,3.8000173822710352],[-76.20034856027706,3.8000173822710352],[-76.20034856027706,3.750017153556943]]]}},{"type":"Feature","properties":{"v":30.69},"geometry":{"type":"Polygon","coordinates":[[[-76.15034833156297,3.750017153556943],[-76.10034810284888,3.750017153556943],[-76.10034810284888,3.8000173822710352],[-76.15034833156297,3.8000173822710352],[-76.15034833156297,3.750017153556943]]]}},{"type":"Feature","properties":{"v":35.86},"geometry":{"type":"Polygon","coordinates":[[[-76.10034810284888,3.750017153556943],[-76.05034787413479,3.750017153556943],[-76.05034787413479,3.8000173822710352],[-76.10034810284888,3.8000173822710352],[-76.10034810284888,3.750017153556943]]]}},{"type":"Feature","properties":{"v":41.18},"geometry":{"type":"Polygon","coordinates":[[[-76.05034787413479,3.750017153556943],[-76.00034764542069,3.750017153556943],[-76.00034764542069,3.8000173822710352],[-76.05034787413479,3.8000173822710352],[-76.05034787413479,3.750017153556943]]]}},{"type":"Feature","properties":{"v":34.05},"geometry":{"type":"Polygon","coordinates":[[[-76.00034764542069,3.750017153556943],[-75.9503474167066,3.750017153556943],[-75.9503474167066,3.8000173822710352],[-76.00034764542069,3.8000173822710352],[-76.00034764542069,3.750017153556943]]]}},{"type":"Feature","properties":{"v":30.76},"geometry":{"type":"Polygon","coordinates":[[[-75.9503474167066,3.750017153556943],[-75.90034718799251,3.750017153556943],[-75.90034718799251,3.8000173822710352],[-75.9503474167066,3.8000173822710352],[-75.9503474167066,3.750017153556943]]]}},{"type":"Feature","properties":{"v":27.72},"geometry":{"type":"Polygon","coordinates":[[[-75.90034718799251,3.750017153556943],[-75.85034695927841,3.750017153556943],[-75.85034695927841,3.8000173822710352],[-75.90034718799251,3.8000173822710352],[-75.90034718799251,3.750017153556943]]]}},{"type":"Feature","properties":{"v":20.27},"geometry":{"type":"Polygon","coordinates":[[[-75.85034695927841,3.750017153556943],[-75.80034673056433,3.750017153556943],[-75.80034673056433,3.8000173822710352],[-75.85034695927841,3.8000173822710352],[-75.85034695927841,3.750017153556943]]]}},{"type":"Feature","properties":{"v":18.27},"geometry":{"type":"Polygon","coordinates":[[[-75.80034673056433,3.750017153556943],[-75.75034650185023,3.750017153556943],[-75.75034650185023,3.8000173822710352],[-75.80034673056433,3.8000173822710352],[-75.80034673056433,3.750017153556943]]]}},{"type":"Feature","properties":{"v":18.31},"geometry":{"type":"Polygon","coordinates":[[[-75.75034650185023,3.750017153556943],[-75.70034627313613,3.750017153556943],[-75.70034627313613,3.8000173822710352],[-75.75034650185023,3.8000173822710352],[-75.75034650185023,3.750017153556943]]]}},{"type":"Feature","properties":{"v":0.0},"geometry":{"type":"Polygon","coordinates":[[[-75.70034627313613,3.750017153556943],[-75.65034604442205,3.750017153556943],[-75.65034604442205,3.8000173822710352],[-75.70034627313613,3.8000173822710352],[-75.70034627313613,3.750017153556943]]]}},{"type":"Feature","properties":{"v":0.0},"geometry":{"type":"Polygon","coordinates":[[[-75.65034604442205,3.750017153556943],[-75.60034581570795,3.750017153556943],[-75.60034581570795,3.8000173822710352],[-75.65034604442205,3.8000173822710352],[-75.65034604442205,3.750017153556943]]]}},{"type":"Feature","properties":{"v":0.0},"geometry":{"type":"Polygon","coordinates":[[[-75.60034581570795,3.750017153556943],[-75.55034558699386,3.750017153556943],[-75.55034558699386,3.8000173822710352],[-75.60034581570795,3.8000173822710352],[-75.60034581570795,3.750017153556943]]]}},{"type":"Feature","properties":{"v":0.0},"geometry":{"type":"Polygon","coordinates":[[[-75.55034558699386,3.750017153556943],[-75.50034535827977,3.750017153556943],[-75.50034535827977,3.8000173822710352],[-75.55034558699386,3.8000173822710352],[-75.55034558699386,3.750017153556943]]]}},{"type":"Feature","properties":{"v":0.0},"geometry":{"type":"Polygon","coordinates":[[[-75.50034535827977,3.750017153556943],[-75.45034512956568,3.750017153556943],[-75.45034512956568,3.8000173822710352],[-75.50034535827977,3.8000173822710352],[-75.50034535827977,3.750017153556943]]]}},{"type":"Feature","properties":{"v":0.0},"geometry":{"type":"Polygon","coordinates":[[[-75.45034512956568,3.750017153556943],[-75.40034490085158,3.750017153556943],[-75.40034490085158,3.8000173822710352],[-75.45034512956568,3.8000173822710352],[-75.45034512956568,3.750017153556943]]]}},{"type":"Feature","properties":{"v":0.0},"geometry":{"type":"Polygon","coordinates":[[[-75.40034490085158,3.750017153556943],[-75.3503446721375,3.750017153556943],[-75.3503446721375,3.8000173822710352],[-75.40034490085158,3.8000173822710352],[-75.40034490085158,3.750017153556943]]]}},{"type":"Feature","properties":{"v":0.0},"geometry":{"type":"Polygon","coordinates":[[[-75.3503446721375,3.750017153556943],[-75.3003444434234,3.750017153556943],[-75.3003444434234,3.8000173822710352],[-75.3503446721375,3.8000173822710352],[-75.3503446721375,3.750017153556943]]]}},{"type":"Feature","properties":{"v":0.0},"geometry":{"type":"Polygon","coordinates":[[[-75.3003444434234,3.750017153556943],[-75.2503442147093,3.750017153556943],[-75.2503442147093,3.8000173822710352],[-75.3003444434234,3.8000173822710352],[-75.3003444434234,3.750017153556943]]]}},{"type":"Feature","properties":{"v":4.45},"geometry":{"type":"Polygon","coordinates":[[[-75.2503442147093,3.750017153556943],[-75.20034398599522,3.750017153556943],[-75.20034398599522,3.8000173822710352],[-75.2503442147093,3.8000173822710352],[-75.2503442147093,3.750017153556943]]]}},{"type":"Feature","properties":{"v":6.92},"geometry":{"type":"Polygon","coordinates":[[[-75.20034398599522,3.750017153556943],[-75.15034375728112,3.750017153556943],[-75.15034375728112,3.8000173822710352],[-75.20034398599522,3.8000173822710352],[-75.20034398599522,3.750017153556943]]]}},{"type":"Feature","properties":{"v":0.0},"geometry":{"type":"Polygon","coordinates":[[[-75.15034375728112,3.750017153556943],[-75.10034352856702,3.750017153556943],[-75.10034352856702,3.8000173822710352],[-75.15034375728112,3.8000173822710352],[-75.15034375728112,3.750017153556943]]]}},{"type":"Feature","properties":{"v":35.7},"geometry":{"type":"Polygon","coordinates":[[[-77.250353363273,3.70001692484285],[-77.20035313455891,3.70001692484285],[-77.20035313455891,3.750017153556943],[-77.250353363273,3.750017153556943],[-77.250353363273,3.70001692484285]]]}},{"type":"Feature","properties":{"v":33.6},"geometry":{"type":"Polygon","coordinates":[[[-77.20035313455891,3.70001692484285],[-77.15035290584483,3.70001692484285],[-77.15035290584483,3.750017153556943],[-77.20035313455891,3.750017153556943],[-77.20035313455891,3.70001692484285]]]}},{"type":"Feature","properties":{"v":31.06},"geometry":{"type":"Polygon","coordinates":[[[-77.15035290584483,3.70001692484285],[-77.10035267713073,3.70001692484285],[-77.10035267713073,3.750017153556943],[-77.15035290584483,3.750017153556943],[-77.15035290584483,3.70001692484285]]]}},{"type":"Feature","properties":{"v":30.87},"geometry":{"type":"Polygon","coordinates":[[[-77.10035267713073,3.70001692484285],[-77.05035244841663,3.70001692484285],[-77.05035244841663,3.750017153556943],[-77.10035267713073,3.750017153556943],[-77.10035267713073,3.70001692484285]]]}},{"type":"Feature","properties":{"v":30.88},"geometry":{"type":"Polygon","coordinates":[[[-77.05035244841663,3.70001692484285],[-77.00035221970255,3.70001692484285],[-77.00035221970255,3.750017153556943],[-77.05035244841663,3.750017153556943],[-77.05035244841663,3.70001692484285]]]}},{"type":"Feature","properties":{"v":34.07},"geometry":{"type":"Polygon","coordinates":[[[-77.00035221970255,3.70001692484285],[-76.95035199098845,3.70001692484285],[-76.95035199098845,3.750017153556943],[-77.00035221970255,3.750017153556943],[-77.00035221970255,3.70001692484285]]]}},{"type":"Feature","properties":{"v":33.05},"geometry":{"type":"Polygon","coordinates":[[[-76.95035199098845,3.70001692484285],[-76.90035176227435,3.70001692484285],[-76.90035176227435,3.750017153556943],[-76.95035199098845,3.750017153556943],[-76.95035199098845,3.70001692484285]]]}},{"type":"Feature","properties":{"v":35.77},"geometry":{"type":"Polygon","coordinates":[[[-76.90035176227435,3.70001692484285],[-76.85035153356027,3.70001692484285],[-76.85035153356027,3.750017153556943],[-76.90035176227435,3.750017153556943],[-76.90035176227435,3.70001692484285]]]}},{"type":"Feature","properties":{"v":38.94},"geometry":{"type":"Polygon","coordinates":[[[-76.85035153356027,3.70001692484285],[-76.80035130484617,3.70001692484285],[-76.80035130484617,3.750017153556943],[-76.85035153356027,3.750017153556943],[-76.85035153356027,3.70001692484285]]]}},{"type":"Feature","properties":{"v":39.5},"geometry":{"type":"Polygon","coordinates":[[[-76.80035130484617,3.70001692484285],[-76.75035107613208,3.70001692484285],[-76.75035107613208,3.750017153556943],[-76.80035130484617,3.750017153556943],[-76.80035130484617,3.70001692484285]]]}},{"type":"Feature","properties":{"v":41.53},"geometry":{"type":"Polygon","coordinates":[[[-76.75035107613208,3.70001692484285],[-76.700350847418,3.70001692484285],[-76.700350847418,3.750017153556943],[-76.75035107613208,3.750017153556943],[-76.75035107613208,3.70001692484285]]]}},{"type":"Feature","properties":{"v":41.06},"geometry":{"type":"Polygon","coordinates":[[[-76.700350847418,3.70001692484285],[-76.6503506187039,3.70001692484285],[-76.6503506187039,3.750017153556943],[-76.700350847418,3.750017153556943],[-76.700350847418,3.70001692484285]]]}},{"type":"Feature","properties":{"v":42.4},"geometry":{"type":"Polygon","coordinates":[[[-76.6503506187039,3.70001692484285],[-76.6003503899898,3.70001692484285],[-76.6003503899898,3.750017153556943],[-76.6503506187039,3.750017153556943],[-76.6503506187039,3.70001692484285]]]}},{"type":"Feature","properties":{"v":40.29},"geometry":{"type":"Polygon","coordinates":[[[-76.6003503899898,3.70001692484285],[-76.55035016127572,3.70001692484285],[-76.55035016127572,3.750017153556943],[-76.6003503899898,3.750017153556943],[-76.6003503899898,3.70001692484285]]]}},{"type":"Feature","properties":{"v":26.23},"geometry":{"type":"Polygon","coordinates":[[[-76.55035016127572,3.70001692484285],[-76.50034993256162,3.70001692484285],[-76.50034993256162,3.750017153556943],[-76.55035016127572,3.750017153556943],[-76.55035016127572,3.70001692484285]]]}},{"type":"Feature","properties":{"v":24.78},"geometry":{"type":"Polygon","coordinates":[[[-76.50034993256162,3.70001692484285],[-76.45034970384752,3.70001692484285],[-76.45034970384752,3.750017153556943],[-76.50034993256162,3.750017153556943],[-76.50034993256162,3.70001692484285]]]}},{"type":"Feature","properties":{"v":25.31},"geometry":{"type":"Polygon","coordinates":[[[-76.45034970384752,3.70001692484285],[-76.40034947513344,3.70001692484285],[-76.40034947513344,3.750017153556943],[-76.45034970384752,3.750017153556943],[-76.45034970384752,3.70001692484285]]]}},{"type":"Feature","properties":{"v":24.91},"geometry":{"type":"Polygon","coordinates":[[[-76.40034947513344,3.70001692484285],[-76.35034924641934,3.70001692484285],[-76.35034924641934,3.750017153556943],[-76.40034947513344,3.750017153556943],[-76.40034947513344,3.70001692484285]]]}},{"type":"Feature","properties":{"v":26.13},"geometry":{"type":"Polygon","coordinates":[[[-76.35034924641934,3.70001692484285],[-76.30034901770524,3.70001692484285],[-76.30034901770524,3.750017153556943],[-76.35034924641934,3.750017153556943],[-76.35034924641934,3.70001692484285]]]}},{"type":"Feature","properties":{"v":23.4},"geometry":{"type":"Polygon","coordinates":[[[-76.30034901770524,3.70001692484285],[-76.25034878899116,3.70001692484285],[-76.25034878899116,3.750017153556943],[-76.30034901770524,3.750017153556943],[-76.30034901770524,3.70001692484285]]]}},{"type":"Feature","properties":{"v":25.25},"geometry":{"type":"Polygon","coordinates":[[[-76.25034878899116,3.70001692484285],[-76.20034856027706,3.70001692484285],[-76.20034856027706,3.750017153556943],[-76.25034878899116,3.750017153556943],[-76.25034878899116,3.70001692484285]]]}},{"type":"Feature","properties":{"v":27.41},"geometry":{"type":"Polygon","coordinates":[[[-76.20034856027706,3.70001692484285],[-76.15034833156297,3.70001692484285],[-76.15034833156297,3.750017153556943],[-76.20034856027706,3.750017153556943],[-76.20034856027706,3.70001692484285]]]}},{"type":"Feature","properties":{"v":39.15},"geometry":{"type":"Polygon","coordinates":[[[-76.15034833156297,3.70001692484285],[-76.10034810284888,3.70001692484285],[-76.10034810284888,3.750017153556943],[-76.15034833156297,3.750017153556943],[-76.15034833156297,3.70001692484285]]]}},{"type":"Feature","properties":{"v":32.13},"geometry":{"type":"Polygon","coordinates":[[[-76.10034810284888,3.70001692484285],[-76.05034787413479,3.70001692484285],[-76.05034787413479,3.750017153556943],[-76.10034810284888,3.750017153556943],[-76.10034810284888,3.70001692484285]]]}},{"type":"Feature","properties":{"v":29.26},"geometry":{"type":"Polygon","coordinates":[[[-76.05034787413479,3.70001692484285],[-76.00034764542069,3.70001692484285],[-76.00034764542069,3.750017153556943],[-76.05034787413479,3.750017153556943],[-76.05034787413479,3.70001692484285]]]}},{"type":"Feature","properties":{"v":31.42},"geometry":{"type":"Polygon","coordinates":[[[-76.00034764542069,3.70001692484285],[-75.9503474167066,3.70001692484285],[-75.9503474167066,3.750017153556943],[-76.00034764542069,3.750017153556943],[-76.00034764542069,3.70001692484285]]]}},{"type":"Feature","properties":{"v":28.83},"geometry":{"type":"Polygon","coordinates":[[[-75.9503474167066,3.70001692484285],[-75.90034718799251,3.70001692484285],[-75.90034718799251,3.750017153556943],[-75.9503474167066,3.750017153556943],[-75.9503474167066,3.70001692484285]]]}},{"type":"Feature","properties":{"v":25.42},"geometry":{"type":"Polygon","coordinates":[[[-75.90034718799251,3.70001692484285],[-75.85034695927841,3.70001692484285],[-75.85034695927841,3.750017153556943],[-75.90034718799251,3.750017153556943],[-75.90034718799251,3.70001692484285]]]}},{"type":"Feature","properties":{"v":18.8},"geometry":{"type":"Polygon","coordinates":[[[-75.85034695927841,3.70001692484285],[-75.80034673056433,3.70001692484285],[-75.80034673056433,3.750017153556943],[-75.85034695927841,3.750017153556943],[-75.85034695927841,3.70001692484285]]]}},{"type":"Feature","properties":{"v":14.6},"geometry":{"type":"Polygon","coordinates":[[[-75.80034673056433,3.70001692484285],[-75.75034650185023,3.70001692484285],[-75.75034650185023,3.750017153556943],[-75.80034673056433,3.750017153556943],[-75.80034673056433,3.70001692484285]]]}},{"type":"Feature","properties":{"v":0.0},"geometry":{"type":"Polygon","coordinates":[[[-75.75034650185023,3.70001692484285],[-75.70034627313613,3.70001692484285],[-75.70034627313613,3.750017153556943],[-75.75034650185023,3.750017153556943],[-75.75034650185023,3.70001692484285]]]}},{"type":"Feature","properties":{"v":0.0},"geometry":{"type":"Polygon","coordinates":[[[-75.70034627313613,3.70001692484285],[-75.65034604442205,3.70001692484285],[-75.65034604442205,3.750017153556943],[-75.70034627313613,3.750017153556943],[-75.70034627313613,3.70001692484285]]]}},{"type":"Feature","properties":{"v":0.0},"geometry":{"type":"Polygon","coordinates":[[[-75.65034604442205,3.70001692484285],[-75.60034581570795,3.70001692484285],[-75.60034581570795,3.750017153556943],[-75.65034604442205,3.750017153556943],[-75.65034604442205,3.70001692484285]]]}},{"type":"Feature","properties":{"v":0.0},"geometry":{"type":"Polygon","coordinates":[[[-75.60034581570795,3.70001692484285],[-75.55034558699386,3.70001692484285],[-75.55034558699386,3.750017153556943],[-75.60034581570795,3.750017153556943],[-75.60034581570795,3.70001692484285]]]}},{"type":"Feature","properties":{"v":0.0},"geometry":{"type":"Polygon","coordinates":[[[-75.55034558699386,3.70001692484285],[-75.50034535827977,3.70001692484285],[-75.50034535827977,3.750017153556943],[-75.55034558699386,3.750017153556943],[-75.55034558699386,3.70001692484285]]]}},{"type":"Feature","properties":{"v":0.0},"geometry":{"type":"Polygon","coordinates":[[[-75.50034535827977,3.70001692484285],[-75.45034512956568,3.70001692484285],[-75.45034512956568,3.750017153556943],[-75.50034535827977,3.750017153556943],[-75.50034535827977,3.70001692484285]]]}},{"type":"Feature","properties":{"v":0.0},"geometry":{"type":"Polygon","coordinates":[[[-75.45034512956568,3.70001692484285],[-75.40034490085158,3.70001692484285],[-75.40034490085158,3.750017153556943],[-75.45034512956568,3.750017153556943],[-75.45034512956568,3.70001692484285]]]}},{"type":"Feature","properties":{"v":0.0},"geometry":{"type":"Polygon","coordinates":[[[-75.40034490085158,3.70001692484285],[-75.3503446721375,3.70001692484285],[-75.3503446721375,3.750017153556943],[-75.40034490085158,3.750017153556943],[-75.40034490085158,3.70001692484285]]]}},{"type":"Feature","properties":{"v":0.0},"geometry":{"type":"Polygon","coordinates":[[[-75.3503446721375,3.70001692484285],[-75.3003444434234,3.70001692484285],[-75.3003444434234,3.750017153556943],[-75.3503446721375,3.750017153556943],[-75.3503446721375,3.70001692484285]]]}},{"type":"Feature","properties":{"v":0.0},"geometry":{"type":"Polygon","coordinates":[[[-75.3003444434234,3.70001692484285],[-75.2503442147093,3.70001692484285],[-75.2503442147093,3.750017153556943],[-75.3003444434234,3.750017153556943],[-75.3003444434234,3.70001692484285]]]}},{"type":"Feature","properties":{"v":0.0},"geometry":{"type":"Polygon","coordinates":[[[-75.2503442147093,3.70001692484285],[-75.20034398599522,3.70001692484285],[-75.20034398599522,3.750017153556943],[-75.2503442147093,3.750017153556943],[-75.2503442147093,3.70001692484285]]]}},{"type":"Feature","properties":{"v":0.0},"geometry":{"type":"Polygon","coordinates":[[[-75.20034398599522,3.70001692484285],[-75.15034375728112,3.70001692484285],[-75.15034375728112,3.750017153556943],[-75.20034398599522,3.750017153556943],[-75.20034398599522,3.70001692484285]]]}},{"type":"Feature","properties":{"v":0.0},"geometry":{"type":"Polygon","coordinates":[[[-75.15034375728112,3.70001692484285],[-75.10034352856702,3.70001692484285],[-75.10034352856702,3.750017153556943],[-75.15034375728112,3.750017153556943],[-75.15034375728112,3.70001692484285]]]}},{"type":"Feature","properties":{"v":36.55},"geometry":{"type":"Polygon","coordinates":[[[-77.250353363273,3.6500166961287577],[-77.20035313455891,3.6500166961287577],[-77.20035313455891,3.70001692484285],[-77.250353363273,3.70001692484285],[-77.250353363273,3.6500166961287577]]]}},{"type":"Feature","properties":{"v":34.13},"geometry":{"type":"Polygon","coordinates":[[[-77.20035313455891,3.6500166961287577],[-77.15035290584483,3.6500166961287577],[-77.15035290584483,3.70001692484285],[-77.20035313455891,3.70001692484285],[-77.20035313455891,3.6500166961287577]]]}},{"type":"Feature","properties":{"v":31.6},"geometry":{"type":"Polygon","coordinates":[[[-77.15035290584483,3.6500166961287577],[-77.10035267713073,3.6500166961287577],[-77.10035267713073,3.70001692484285],[-77.15035290584483,3.70001692484285],[-77.15035290584483,3.6500166961287577]]]}},{"type":"Feature","properties":{"v":31.37},"geometry":{"type":"Polygon","coordinates":[[[-77.10035267713073,3.6500166961287577],[-77.05035244841663,3.6500166961287577],[-77.05035244841663,3.70001692484285],[-77.10035267713073,3.70001692484285],[-77.10035267713073,3.6500166961287577]]]}},{"type":"Feature","properties":{"v":31.48},"geometry":{"type":"Polygon","coordinates":[[[-77.05035244841663,3.6500166961287577],[-77.00035221970255,3.6500166961287577],[-77.00035221970255,3.70001692484285],[-77.05035244841663,3.70001692484285],[-77.05035244841663,3.6500166961287577]]]}},{"type":"Feature","properties":{"v":35.15},"geometry":{"type":"Polygon","coordinates":[[[-77.00035221970255,3.6500166961287577],[-76.95035199098845,3.6500166961287577],[-76.95035199098845,3.70001692484285],[-77.00035221970255,3.70001692484285],[-77.00035221970255,3.6500166961287577]]]}},{"type":"Feature","properties":{"v":34.3},"geometry":{"type":"Polygon","coordinates":[[[-76.95035199098845,3.6500166961287577],[-76.90035176227435,3.6500166961287577],[-76.90035176227435,3.70001692484285],[-76.95035199098845,3.70001692484285],[-76.95035199098845,3.6500166961287577]]]}},{"type":"Feature","properties":{"v":35.33},"geometry":{"type":"Polygon","coordinates":[[[-76.90035176227435,3.6500166961287577],[-76.85035153356027,3.6500166961287577],[-76.85035153356027,3.70001692484285],[-76.90035176227435,3.70001692484285],[-76.90035176227435,3.6500166961287577]]]}},{"type":"Feature","properties":{"v":38.88},"geometry":{"type":"Polygon","coordinates":[[[-76.85035153356027,3.6500166961287577],[-76.80035130484617,3.6500166961287577],[-76.80035130484617,3.70001692484285],[-76.85035153356027,3.70001692484285],[-76.85035153356027,3.6500166961287577]]]}},{"type":"Feature","properties":{"v":42.4},"geometry":{"type":"Polygon","coordinates":[[[-76.80035130484617,3.6500166961287577],[-76.75035107613208,3.6500166961287577],[-76.75035107613208,3.70001692484285],[-76.80035130484617,3.70001692484285],[-76.80035130484617,3.6500166961287577]]]}},{"type":"Feature","properties":{"v":41.16},"geometry":{"type":"Polygon","coordinates":[[[-76.75035107613208,3.6500166961287577],[-76.700350847418,3.6500166961287577],[-76.700350847418,3.70001692484285],[-76.75035107613208,3.70001692484285],[-76.75035107613208,3.6500166961287577]]]}},{"type":"Feature","properties":{"v":43.59},"geometry":{"type":"Polygon","coordinates":[[[-76.700350847418,3.6500166961287577],[-76.6503506187039,3.6500166961287577],[-76.6503506187039,3.70001692484285],[-76.700350847418,3.70001692484285],[-76.700350847418,3.6500166961287577]]]}},{"type":"Feature","properties":{"v":41.61},"geometry":{"type":"Polygon","coordinates":[[[-76.6503506187039,3.6500166961287577],[-76.6003503899898,3.6500166961287577],[-76.6003503899898,3.70001692484285],[-76.6503506187039,3.70001692484285],[-76.6503506187039,3.6500166961287577]]]}},{"type":"Feature","properties":{"v":42.2},"geometry":{"type":"Polygon","coordinates":[[[-76.6003503899898,3.6500166961287577],[-76.55035016127572,3.6500166961287577],[-76.55035016127572,3.70001692484285],[-76.6003503899898,3.70001692484285],[-76.6003503899898,3.6500166961287577]]]}},{"type":"Feature","properties":{"v":28.07},"geometry":{"type":"Polygon","coordinates":[[[-76.55035016127572,3.6500166961287577],[-76.50034993256162,3.6500166961287577],[-76.50034993256162,3.70001692484285],[-76.55035016127572,3.70001692484285],[-76.55035016127572,3.6500166961287577]]]}},{"type":"Feature","properties":{"v":27.31},"geometry":{"type":"Polygon","coordinates":[[[-76.50034993256162,3.6500166961287577],[-76.45034970384752,3.6500166961287577],[-76.45034970384752,3.70001692484285],[-76.50034993256162,3.70001692484285],[-76.50034993256162,3.6500166961287577]]]}},{"type":"Feature","properties":{"v":26.77},"geometry":{"type":"Polygon","coordinates":[[[-76.45034970384752,3.6500166961287577],[-76.40034947513344,3.6500166961287577],[-76.40034947513344,3.70001692484285],[-76.45034970384752,3.70001692484285],[-76.45034970384752,3.6500166961287577]]]}},{"type":"Feature","properties":{"v":25.8},"geometry":{"type":"Polygon","coordinates":[[[-76.40034947513344,3.6500166961287577],[-76.35034924641934,3.6500166961287577],[-76.35034924641934,3.70001692484285],[-76.40034947513344,3.70001692484285],[-76.40034947513344,3.6500166961287577]]]}},{"type":"Feature","properties":{"v":26.79},"geometry":{"type":"Polygon","coordinates":[[[-76.35034924641934,3.6500166961287577],[-76.30034901770524,3.6500166961287577],[-76.30034901770524,3.70001692484285],[-76.35034924641934,3.70001692484285],[-76.35034924641934,3.6500166961287577]]]}},{"type":"Feature","properties":{"v":25.32},"geometry":{"type":"Polygon","coordinates":[[[-76.30034901770524,3.6500166961287577],[-76.25034878899116,3.6500166961287577],[-76.25034878899116,3.70001692484285],[-76.30034901770524,3.70001692484285],[-76.30034901770524,3.6500166961287577]]]}},{"type":"Feature","properties":{"v":27.24},"geometry":{"type":"Polygon","coordinates":[[[-76.25034878899116,3.6500166961287577],[-76.20034856027706,3.6500166961287577],[-76.20034856027706,3.70001692484285],[-76.25034878899116,3.70001692484285],[-76.25034878899116,3.6500166961287577]]]}},{"type":"Feature","properties":{"v":40.98},"geometry":{"type":"Polygon","coordinates":[[[-76.20034856027706,3.6500166961287577],[-76.15034833156297,3.6500166961287577],[-76.15034833156297,3.70001692484285],[-76.20034856027706,3.70001692484285],[-76.20034856027706,3.6500166961287577]]]}},{"type":"Feature","properties":{"v":42.35},"geometry":{"type":"Polygon","coordinates":[[[-76.15034833156297,3.6500166961287577],[-76.10034810284888,3.6500166961287577],[-76.10034810284888,3.70001692484285],[-76.15034833156297,3.70001692484285],[-76.15034833156297,3.6500166961287577]]]}},{"type":"Feature","properties":{"v":40.93},"geometry":{"type":"Polygon","coordinates":[[[-76.10034810284888,3.6500166961287577],[-76.05034787413479,3.6500166961287577],[-76.05034787413479,3.70001692484285],[-76.10034810284888,3.70001692484285],[-76.10034810284888,3.6500166961287577]]]}},{"type":"Feature","properties":{"v":37.14},"geometry":{"type":"Polygon","coordinates":[[[-76.05034787413479,3.6500166961287577],[-76.00034764542069,3.6500166961287577],[-76.00034764542069,3.70001692484285],[-76.05034787413479,3.70001692484285],[-76.05034787413479,3.6500166961287577]]]}},{"type":"Feature","properties":{"v":34.06},"geometry":{"type":"Polygon","coordinates":[[[-76.00034764542069,3.6500166961287577],[-75.9503474167066,3.6500166961287577],[-75.9503474167066,3.70001692484285],[-76.00034764542069,3.70001692484285],[-76.00034764542069,3.6500166961287577]]]}},{"type":"Feature","properties":{"v":31.73},"geometry":{"type":"Polygon","coordinates":[[[-75.9503474167066,3.6500166961287577],[-75.90034718799251,3.6500166961287577],[-75.90034718799251,3.70001692484285],[-75.9503474167066,3.70001692484285],[-75.9503474167066,3.6500166961287577]]]}},{"type":"Feature","properties":{"v":32.22},"geometry":{"type":"Polygon","coordinates":[[[-75.90034718799251,3.6500166961287577],[-75.85034695927841,3.6500166961287577],[-75.85034695927841,3.70001692484285],[-75.90034718799251,3.70001692484285],[-75.90034718799251,3.6500166961287577]]]}},{"type":"Feature","properties":{"v":21.9},"geometry":{"type":"Polygon","coordinates":[[[-75.85034695927841,3.6500166961287577],[-75.80034673056433,3.6500166961287577],[-75.80034673056433,3.70001692484285],[-75.85034695927841,3.70001692484285],[-75.85034695927841,3.6500166961287577]]]}},{"type":"Feature","properties":{"v":17.25},"geometry":{"type":"Polygon","coordinates":[[[-75.80034673056433,3.6500166961287577],[-75.75034650185023,3.6500166961287577],[-75.75034650185023,3.70001692484285],[-75.80034673056433,3.70001692484285],[-75.80034673056433,3.6500166961287577]]]}},{"type":"Feature","properties":{"v":0.0},"geometry":{"type":"Polygon","coordinates":[[[-75.75034650185023,3.6500166961287577],[-75.70034627313613,3.6500166961287577],[-75.70034627313613,3.70001692484285],[-75.75034650185023,3.70001692484285],[-75.75034650185023,3.6500166961287577]]]}},{"type":"Feature","properties":{"v":0.0},"geometry":{"type":"Polygon","coordinates":[[[-75.70034627313613,3.6500166961287577],[-75.65034604442205,3.6500166961287577],[-75.65034604442205,3.70001692484285],[-75.70034627313613,3.70001692484285],[-75.70034627313613,3.6500166961287577]]]}},{"type":"Feature","properties":{"v":0.0},"geometry":{"type":"Polygon","coordinates":[[[-75.65034604442205,3.6500166961287577],[-75.60034581570795,3.6500166961287577],[-75.60034581570795,3.70001692484285],[-75.65034604442205,3.70001692484285],[-75.65034604442205,3.6500166961287577]]]}},{"type":"Feature","properties":{"v":0.0},"geometry":{"type":"Polygon","coordinates":[[[-75.60034581570795,3.6500166961287577],[-75.55034558699386,3.6500166961287577],[-75.55034558699386,3.70001692484285],[-75.60034581570795,3.70001692484285],[-75.60034581570795,3.6500166961287577]]]}},{"type":"Feature","properties":{"v":0.0},"geometry":{"type":"Polygon","coordinates":[[[-75.55034558699386,3.6500166961287577],[-75.50034535827977,3.6500166961287577],[-75.50034535827977,3.70001692484285],[-75.55034558699386,3.70001692484285],[-75.55034558699386,3.6500166961287577]]]}},{"type":"Feature","properties":{"v":0.0},"geometry":{"type":"Polygon","coordinates":[[[-75.50034535827977,3.6500166961287577],[-75.45034512956568,3.6500166961287577],[-75.45034512956568,3.70001692484285],[-75.50034535827977,3.70001692484285],[-75.50034535827977,3.6500166961287577]]]}},{"type":"Feature","properties":{"v":0.0},"geometry":{"type":"Polygon","coordinates":[[[-75.45034512956568,3.6500166961287577],[-75.40034490085158,3.6500166961287577],[-75.40034490085158,3.70001692484285],[-75.45034512956568,3.70001692484285],[-75.45034512956568,3.6500166961287577]]]}},{"type":"Feature","properties":{"v":0.0},"geometry":{"type":"Polygon","coordinates":[[[-75.40034490085158,3.6500166961287577],[-75.3503446721375,3.6500166961287577],[-75.3503446721375,3.70001692484285],[-75.40034490085158,3.70001692484285],[-75.40034490085158,3.6500166961287577]]]}},{"type":"Feature","properties":{"v":0.0},"geometry":{"type":"Polygon","coordinates":[[[-75.3503446721375,3.6500166961287577],[-75.3003444434234,3.6500166961287577],[-75.3003444434234,3.70001692484285],[-75.3503446721375,3.70001692484285],[-75.3503446721375,3.6500166961287577]]]}},{"type":"Feature","properties":{"v":13.55},"geometry":{"type":"Polygon","coordinates":[[[-75.3003444434234,3.6500166961287577],[-75.2503442147093,3.6500166961287577],[-75.2503442147093,3.70001692484285],[-75.3003444434234,3.70001692484285],[-75.3003444434234,3.6500166961287577]]]}},{"type":"Feature","properties":{"v":0.0},"geometry":{"type":"Polygon","coordinates":[[[-75.2503442147093,3.6500166961287577],[-75.20034398599522,3.6500166961287577],[-75.20034398599522,3.70001692484285],[-75.2503442147093,3.70001692484285],[-75.2503442147093,3.6500166961287577]]]}},{"type":"Feature","properties":{"v":0.0},"geometry":{"type":"Polygon","coordinates":[[[-75.20034398599522,3.6500166961287577],[-75.15034375728112,3.6500166961287577],[-75.15034375728112,3.70001692484285],[-75.20034398599522,3.70001692484285],[-75.20034398599522,3.6500166961287577]]]}},{"type":"Feature","properties":{"v":10.54},"geometry":{"type":"Polygon","coordinates":[[[-75.15034375728112,3.6500166961287577],[-75.10034352856702,3.6500166961287577],[-75.10034352856702,3.70001692484285],[-75.15034375728112,3.70001692484285],[-75.15034375728112,3.6500166961287577]]]}},{"type":"Feature","properties":{"v":32.61},"geometry":{"type":"Polygon","coordinates":[[[-77.250353363273,3.6000164674146653],[-77.20035313455891,3.6000164674146653],[-77.20035313455891,3.6500166961287577],[-77.250353363273,3.6500166961287577],[-77.250353363273,3.6000164674146653]]]}},{"type":"Feature","properties":{"v":32.1},"geometry":{"type":"Polygon","coordinates":[[[-77.20035313455891,3.6000164674146653],[-77.15035290584483,3.6000164674146653],[-77.15035290584483,3.6500166961287577],[-77.20035313455891,3.6500166961287577],[-77.20035313455891,3.6000164674146653]]]}},{"type":"Feature","properties":{"v":32.19},"geometry":{"type":"Polygon","coordinates":[[[-77.15035290584483,3.6000164674146653],[-77.10035267713073,3.6000164674146653],[-77.10035267713073,3.6500166961287577],[-77.15035290584483,3.6500166961287577],[-77.15035290584483,3.6000164674146653]]]}},{"type":"Feature","properties":{"v":31.84},"geometry":{"type":"Polygon","coordinates":[[[-77.10035267713073,3.6000164674146653],[-77.05035244841663,3.6000164674146653],[-77.05035244841663,3.6500166961287577],[-77.10035267713073,3.6500166961287577],[-77.10035267713073,3.6000164674146653]]]}},{"type":"Feature","properties":{"v":33.98},"geometry":{"type":"Polygon","coordinates":[[[-77.05035244841663,3.6000164674146653],[-77.00035221970255,3.6000164674146653],[-77.00035221970255,3.6500166961287577],[-77.05035244841663,3.6500166961287577],[-77.05035244841663,3.6000164674146653]]]}},{"type":"Feature","properties":{"v":34.92},"geometry":{"type":"Polygon","coordinates":[[[-77.00035221970255,3.6000164674146653],[-76.95035199098845,3.6000164674146653],[-76.95035199098845,3.6500166961287577],[-77.00035221970255,3.6500166961287577],[-77.00035221970255,3.6000164674146653]]]}},{"type":"Feature","properties":{"v":35.33},"geometry":{"type":"Polygon","coordinates":[[[-76.95035199098845,3.6000164674146653],[-76.90035176227435,3.6000164674146653],[-76.90035176227435,3.6500166961287577],[-76.95035199098845,3.6500166961287577],[-76.95035199098845,3.6000164674146653]]]}},{"type":"Feature","properties":{"v":40.54},"geometry":{"type":"Polygon","coordinates":[[[-76.90035176227435,3.6000164674146653],[-76.85035153356027,3.6000164674146653],[-76.85035153356027,3.6500166961287577],[-76.90035176227435,3.6500166961287577],[-76.90035176227435,3.6000164674146653]]]}},{"type":"Feature","properties":{"v":41.24},"geometry":{"type":"Polygon","coordinates":[[[-76.85035153356027,3.6000164674146653],[-76.80035130484617,3.6000164674146653],[-76.80035130484617,3.6500166961287577],[-76.85035153356027,3.6500166961287577],[-76.85035153356027,3.6000164674146653]]]}},{"type":"Feature","properties":{"v":42.89},"geometry":{"type":"Polygon","coordinates":[[[-76.80035130484617,3.6000164674146653],[-76.75035107613208,3.6000164674146653],[-76.75035107613208,3.6500166961287577],[-76.80035130484617,3.6500166961287577],[-76.80035130484617,3.6000164674146653]]]}},{"type":"Feature","properties":{"v":42.39},"geometry":{"type":"Polygon","coordinates":[[[-76.75035107613208,3.6000164674146653],[-76.700350847418,3.6000164674146653],[-76.700350847418,3.6500166961287577],[-76.75035107613208,3.6500166961287577],[-76.75035107613208,3.6000164674146653]]]}},{"type":"Feature","properties":{"v":45.59},"geometry":{"type":"Polygon","coordinates":[[[-76.700350847418,3.6000164674146653],[-76.6503506187039,3.6000164674146653],[-76.6503506187039,3.6500166961287577],[-76.700350847418,3.6500166961287577],[-76.700350847418,3.6000164674146653]]]}},{"type":"Feature","properties":{"v":40.73},"geometry":{"type":"Polygon","coordinates":[[[-76.6503506187039,3.6000164674146653],[-76.6003503899898,3.6000164674146653],[-76.6003503899898,3.6500166961287577],[-76.6503506187039,3.6500166961287577],[-76.6503506187039,3.6000164674146653]]]}},{"type":"Feature","properties":{"v":38.21},"geometry":{"type":"Polygon","coordinates":[[[-76.6003503899898,3.6000164674146653],[-76.55035016127572,3.6000164674146653],[-76.55035016127572,3.6500166961287577],[-76.6003503899898,3.6500166961287577],[-76.6003503899898,3.6000164674146653]]]}},{"type":"Feature","properties":{"v":32.19},"geometry":{"type":"Polygon","coordinates":[[[-76.55035016127572,3.6000164674146653],[-76.50034993256162,3.6000164674146653],[-76.50034993256162,3.6500166961287577],[-76.55035016127572,3.6500166961287577],[-76.55035016127572,3.6000164674146653]]]}},{"type":"Feature","properties":{"v":30.73},"geometry":{"type":"Polygon","coordinates":[[[-76.50034993256162,3.6000164674146653],[-76.45034970384752,3.6000164674146653],[-76.45034970384752,3.6500166961287577],[-76.50034993256162,3.6500166961287577],[-76.50034993256162,3.6000164674146653]]]}},{"type":"Feature","properties":{"v":36.2},"geometry":{"type":"Polygon","coordinates":[[[-76.45034970384752,3.6000164674146653],[-76.40034947513344,3.6000164674146653],[-76.40034947513344,3.6500166961287577],[-76.45034970384752,3.6500166961287577],[-76.45034970384752,3.6000164674146653]]]}},{"type":"Feature","properties":{"v":27.53},"geometry":{"type":"Polygon","coordinates":[[[-76.40034947513344,3.6000164674146653],[-76.35034924641934,3.6000164674146653],[-76.35034924641934,3.6500166961287577],[-76.40034947513344,3.6500166961287577],[-76.40034947513344,3.6000164674146653]]]}},{"type":"Feature","properties":{"v":29.56},"geometry":{"type":"Polygon","coordinates":[[[-76.35034924641934,3.6000164674146653],[-76.30034901770524,3.6000164674146653],[-76.30034901770524,3.6500166961287577],[-76.35034924641934,3.6500166961287577],[-76.35034924641934,3.6000164674146653]]]}},{"type":"Feature","properties":{"v":26.81},"geometry":{"type":"Polygon","coordinates":[[[-76.30034901770524,3.6000164674146653],[-76.25034878899116,3.6000164674146653],[-76.25034878899116,3.6500166961287577],[-76.30034901770524,3.6500166961287577],[-76.30034901770524,3.6000164674146653]]]}},{"type":"Feature","properties":{"v":26.98},"geometry":{"type":"Polygon","coordinates":[[[-76.25034878899116,3.6000164674146653],[-76.20034856027706,3.6000164674146653],[-76.20034856027706,3.6500166961287577],[-76.25034878899116,3.6500166961287577],[-76.25034878899116,3.6000164674146653]]]}},{"type":"Feature","properties":{"v":43.54},"geometry":{"type":"Polygon","coordinates":[[[-76.20034856027706,3.6000164674146653],[-76.15034833156297,3.6000164674146653],[-76.15034833156297,3.6500166961287577],[-76.20034856027706,3.6500166961287577],[-76.20034856027706,3.6000164674146653]]]}},{"type":"Feature","properties":{"v":42.84},"geometry":{"type":"Polygon","coordinates":[[[-76.15034833156297,3.6000164674146653],[-76.10034810284888,3.6000164674146653],[-76.10034810284888,3.6500166961287577],[-76.15034833156297,3.6500166961287577],[-76.15034833156297,3.6000164674146653]]]}},{"type":"Feature","properties":{"v":37.55},"geometry":{"type":"Polygon","coordinates":[[[-76.10034810284888,3.6000164674146653],[-76.05034787413479,3.6000164674146653],[-76.05034787413479,3.6500166961287577],[-76.10034810284888,3.6500166961287577],[-76.10034810284888,3.6000164674146653]]]}},{"type":"Feature","properties":{"v":43.69},"geometry":{"type":"Polygon","coordinates":[[[-76.05034787413479,3.6000164674146653],[-76.00034764542069,3.6000164674146653],[-76.00034764542069,3.6500166961287577],[-76.05034787413479,3.6500166961287577],[-76.05034787413479,3.6000164674146653]]]}},{"type":"Feature","properties":{"v":41.29},"geometry":{"type":"Polygon","coordinates":[[[-76.00034764542069,3.6000164674146653],[-75.9503474167066,3.6000164674146653],[-75.9503474167066,3.6500166961287577],[-76.00034764542069,3.6500166961287577],[-76.00034764542069,3.6000164674146653]]]}},{"type":"Feature","properties":{"v":41.42},"geometry":{"type":"Polygon","coordinates":[[[-75.9503474167066,3.6000164674146653],[-75.90034718799251,3.6000164674146653],[-75.90034718799251,3.6500166961287577],[-75.9503474167066,3.6500166961287577],[-75.9503474167066,3.6000164674146653]]]}},{"type":"Feature","properties":{"v":34.63},"geometry":{"type":"Polygon","coordinates":[[[-75.90034718799251,3.6000164674146653],[-75.85034695927841,3.6000164674146653],[-75.85034695927841,3.6500166961287577],[-75.90034718799251,3.6500166961287577],[-75.90034718799251,3.6000164674146653]]]}},{"type":"Feature","properties":{"v":25.36},"geometry":{"type":"Polygon","coordinates":[[[-75.85034695927841,3.6000164674146653],[-75.80034673056433,3.6000164674146653],[-75.80034673056433,3.6500166961287577],[-75.85034695927841,3.6500166961287577],[-75.85034695927841,3.6000164674146653]]]}},{"type":"Feature","properties":{"v":0.0},"geometry":{"type":"Polygon","coordinates":[[[-75.80034673056433,3.6000164674146653],[-75.75034650185023,3.6000164674146653],[-75.75034650185023,3.6500166961287577],[-75.80034673056433,3.6500166961287577],[-75.80034673056433,3.6000164674146653]]]}},{"type":"Feature","properties":{"v":0.0},"geometry":{"type":"Polygon","coordinates":[[[-75.75034650185023,3.6000164674146653],[-75.70034627313613,3.6000164674146653],[-75.70034627313613,3.6500166961287577],[-75.75034650185023,3.6500166961287577],[-75.75034650185023,3.6000164674146653]]]}},{"type":"Feature","properties":{"v":0.0},"geometry":{"type":"Polygon","coordinates":[[[-75.70034627313613,3.6000164674146653],[-75.65034604442205,3.6000164674146653],[-75.65034604442205,3.6500166961287577],[-75.70034627313613,3.6500166961287577],[-75.70034627313613,3.6000164674146653]]]}},{"type":"Feature","properties":{"v":0.0},"geometry":{"type":"Polygon","coordinates":[[[-75.65034604442205,3.6000164674146653],[-75.60034581570795,3.6000164674146653],[-75.60034581570795,3.6500166961287577],[-75.65034604442205,3.6500166961287577],[-75.65034604442205,3.6000164674146653]]]}},{"type":"Feature","properties":{"v":0.0},"geometry":{"type":"Polygon","coordinates":[[[-75.60034581570795,3.6000164674146653],[-75.55034558699386,3.6000164674146653],[-75.55034558699386,3.6500166961287577],[-75.60034581570795,3.6500166961287577],[-75.60034581570795,3.6000164674146653]]]}},{"type":"Feature","properties":{"v":0.0},"geometry":{"type":"Polygon","coordinates":[[[-75.55034558699386,3.6000164674146653],[-75.50034535827977,3.6000164674146653],[-75.50034535827977,3.6500166961287577],[-75.55034558699386,3.6500166961287577],[-75.55034558699386,3.6000164674146653]]]}},{"type":"Feature","properties":{"v":0.0},"geometry":{"type":"Polygon","coordinates":[[[-75.50034535827977,3.6000164674146653],[-75.45034512956568,3.6000164674146653],[-75.45034512956568,3.6500166961287577],[-75.50034535827977,3.6500166961287577],[-75.50034535827977,3.6000164674146653]]]}},{"type":"Feature","properties":{"v":0.0},"geometry":{"type":"Polygon","coordinates":[[[-75.45034512956568,3.6000164674146653],[-75.40034490085158,3.6000164674146653],[-75.40034490085158,3.6500166961287577],[-75.45034512956568,3.6500166961287577],[-75.45034512956568,3.6000164674146653]]]}},{"type":"Feature","properties":{"v":0.0},"geometry":{"type":"Polygon","coordinates":[[[-75.40034490085158,3.6000164674146653],[-75.3503446721375,3.6000164674146653],[-75.3503446721375,3.6500166961287577],[-75.40034490085158,3.6500166961287577],[-75.40034490085158,3.6000164674146653]]]}},{"type":"Feature","properties":{"v":9.18},"geometry":{"type":"Polygon","coordinates":[[[-75.3503446721375,3.6000164674146653],[-75.3003444434234,3.6000164674146653],[-75.3003444434234,3.6500166961287577],[-75.3503446721375,3.6500166961287577],[-75.3503446721375,3.6000164674146653]]]}},{"type":"Feature","properties":{"v":13.17},"geometry":{"type":"Polygon","coordinates":[[[-75.3003444434234,3.6000164674146653],[-75.2503442147093,3.6000164674146653],[-75.2503442147093,3.6500166961287577],[-75.3003444434234,3.6500166961287577],[-75.3003444434234,3.6000164674146653]]]}},{"type":"Feature","properties":{"v":11.39},"geometry":{"type":"Polygon","coordinates":[[[-75.2503442147093,3.6000164674146653],[-75.20034398599522,3.6000164674146653],[-75.20034398599522,3.6500166961287577],[-75.2503442147093,3.6500166961287577],[-75.2503442147093,3.6000164674146653]]]}},{"type":"Feature","properties":{"v":0.0},"geometry":{"type":"Polygon","coordinates":[[[-75.20034398599522,3.6000164674146653],[-75.15034375728112,3.6000164674146653],[-75.15034375728112,3.6500166961287577],[-75.20034398599522,3.6500166961287577],[-75.20034398599522,3.6000164674146653]]]}},{"type":"Feature","properties":{"v":0.0},"geometry":{"type":"Polygon","coordinates":[[[-75.15034375728112,3.6000164674146653],[-75.10034352856702,3.6000164674146653],[-75.10034352856702,3.6500166961287577],[-75.15034375728112,3.6500166961287577],[-75.15034375728112,3.6000164674146653]]]}},{"type":"Feature","properties":{"v":24.91},"geometry":{"type":"Polygon","coordinates":[[[-77.35035382070119,3.5500162387005725],[-77.3003535919871,3.5500162387005725],[-77.3003535919871,3.6000164674146653],[-77.35035382070119,3.6000164674146653],[-77.35035382070119,3.5500162387005725]]]}},{"type":"Feature","properties":{"v":31.73},"geometry":{"type":"Polygon","coordinates":[[[-77.3003535919871,3.5500162387005725],[-77.250353363273,3.5500162387005725],[-77.250353363273,3.6000164674146653],[-77.3003535919871,3.6000164674146653],[-77.3003535919871,3.5500162387005725]]]}},{"type":"Feature","properties":{"v":32.3},"geometry":{"type":"Polygon","coordinates":[[[-77.250353363273,3.5500162387005725],[-77.20035313455891,3.5500162387005725],[-77.20035313455891,3.6000164674146653],[-77.250353363273,3.6000164674146653],[-77.250353363273,3.5500162387005725]]]}},{"type":"Feature","properties":{"v":32.08},"geometry":{"type":"Polygon","coordinates":[[[-77.20035313455891,3.5500162387005725],[-77.15035290584483,3.5500162387005725],[-77.15035290584483,3.6000164674146653],[-77.20035313455891,3.6000164674146653],[-77.20035313455891,3.5500162387005725]]]}},{"type":"Feature","properties":{"v":31.1},"geometry":{"type":"Polygon","coordinates":[[[-77.15035290584483,3.5500162387005725],[-77.10035267713073,3.5500162387005725],[-77.10035267713073,3.6000164674146653],[-77.15035290584483,3.6000164674146653],[-77.15035290584483,3.5500162387005725]]]}},{"type":"Feature","properties":{"v":32.09},"geometry":{"type":"Polygon","coordinates":[[[-77.10035267713073,3.5500162387005725],[-77.05035244841663,3.5500162387005725],[-77.05035244841663,3.6000164674146653],[-77.10035267713073,3.6000164674146653],[-77.10035267713073,3.5500162387005725]]]}},{"type":"Feature","properties":{"v":34.13},"geometry":{"type":"Polygon","coordinates":[[[-77.05035244841663,3.5500162387005725],[-77.00035221970255,3.5500162387005725],[-77.00035221970255,3.6000164674146653],[-77.05035244841663,3.6000164674146653],[-77.05035244841663,3.5500162387005725]]]}},{"type":"Feature","properties":{"v":36.98},"geometry":{"type":"Polygon","coordinates":[[[-77.00035221970255,3.5500162387005725],[-76.95035199098845,3.5500162387005725],[-76.95035199098845,3.6000164674146653],[-77.00035221970255,3.6000164674146653],[-77.00035221970255,3.5500162387005725]]]}},{"type":"Feature","properties":{"v":36.0},"geometry":{"type":"Polygon","coordinates":[[[-76.95035199098845,3.5500162387005725],[-76.90035176227435,3.5500162387005725],[-76.90035176227435,3.6000164674146653],[-76.95035199098845,3.6000164674146653],[-76.95035199098845,3.5500162387005725]]]}},{"type":"Feature","properties":{"v":41.14},"geometry":{"type":"Polygon","coordinates":[[[-76.90035176227435,3.5500162387005725],[-76.85035153356027,3.5500162387005725],[-76.85035153356027,3.6000164674146653],[-76.90035176227435,3.6000164674146653],[-76.90035176227435,3.5500162387005725]]]}},{"type":"Feature","properties":{"v":39.81},"geometry":{"type":"Polygon","coordinates":[[[-76.85035153356027,3.5500162387005725],[-76.80035130484617,3.5500162387005725],[-76.80035130484617,3.6000164674146653],[-76.85035153356027,3.6000164674146653],[-76.85035153356027,3.5500162387005725]]]}},{"type":"Feature","properties":{"v":40.99},"geometry":{"type":"Polygon","coordinates":[[[-76.80035130484617,3.5500162387005725],[-76.75035107613208,3.5500162387005725],[-76.75035107613208,3.6000164674146653],[-76.80035130484617,3.6000164674146653],[-76.80035130484617,3.5500162387005725]]]}},{"type":"Feature","properties":{"v":42.59},"geometry":{"type":"Polygon","coordinates":[[[-76.75035107613208,3.5500162387005725],[-76.700350847418,3.5500162387005725],[-76.700350847418,3.6000164674146653],[-76.75035107613208,3.6000164674146653],[-76.75035107613208,3.5500162387005725]]]}},{"type":"Feature","properties":{"v":38.41},"geometry":{"type":"Polygon","coordinates":[[[-76.700350847418,3.5500162387005725],[-76.6503506187039,3.5500162387005725],[-76.6503506187039,3.6000164674146653],[-76.700350847418,3.6000164674146653],[-76.700350847418,3.5500162387005725]]]}},{"type":"Feature","properties":{"v":41.59},"geometry":{"type":"Polygon","coordinates":[[[-76.6503506187039,3.5500162387005725],[-76.6003503899898,3.5500162387005725],[-76.6003503899898,3.6000164674146653],[-76.6503506187039,3.6000164674146653],[-76.6503506187039,3.5500162387005725]]]}},{"type":"Feature","properties":{"v":42.01},"geometry":{"type":"Polygon","coordinates":[[[-76.6003503899898,3.5500162387005725],[-76.55035016127572,3.5500162387005725],[-76.55035016127572,3.6000164674146653],[-76.6003503899898,3.6000164674146653],[-76.6003503899898,3.5500162387005725]]]}},{"type":"Feature","properties":{"v":37.23},"geometry":{"type":"Polygon","coordinates":[[[-76.55035016127572,3.5500162387005725],[-76.50034993256162,3.5500162387005725],[-76.50034993256162,3.6000164674146653],[-76.55035016127572,3.6000164674146653],[-76.55035016127572,3.5500162387005725]]]}},{"type":"Feature","properties":{"v":38.16},"geometry":{"type":"Polygon","coordinates":[[[-76.50034993256162,3.5500162387005725],[-76.45034970384752,3.5500162387005725],[-76.45034970384752,3.6000164674146653],[-76.50034993256162,3.6000164674146653],[-76.50034993256162,3.5500162387005725]]]}},{"type":"Feature","properties":{"v":36.63},"geometry":{"type":"Polygon","coordinates":[[[-76.45034970384752,3.5500162387005725],[-76.40034947513344,3.5500162387005725],[-76.40034947513344,3.6000164674146653],[-76.45034970384752,3.6000164674146653],[-76.45034970384752,3.5500162387005725]]]}},{"type":"Feature","properties":{"v":29.48},"geometry":{"type":"Polygon","coordinates":[[[-76.40034947513344,3.5500162387005725],[-76.35034924641934,3.5500162387005725],[-76.35034924641934,3.6000164674146653],[-76.40034947513344,3.6000164674146653],[-76.40034947513344,3.5500162387005725]]]}},{"type":"Feature","properties":{"v":29.37},"geometry":{"type":"Polygon","coordinates":[[[-76.35034924641934,3.5500162387005725],[-76.30034901770524,3.5500162387005725],[-76.30034901770524,3.6000164674146653],[-76.35034924641934,3.6000164674146653],[-76.35034924641934,3.5500162387005725]]]}},{"type":"Feature","properties":{"v":28.84},"geometry":{"type":"Polygon","coordinates":[[[-76.30034901770524,3.5500162387005725],[-76.25034878899116,3.5500162387005725],[-76.25034878899116,3.6000164674146653],[-76.30034901770524,3.6000164674146653],[-76.30034901770524,3.5500162387005725]]]}},{"type":"Feature","properties":{"v":32.03},"geometry":{"type":"Polygon","coordinates":[[[-76.25034878899116,3.5500162387005725],[-76.20034856027706,3.5500162387005725],[-76.20034856027706,3.6000164674146653],[-76.25034878899116,3.6000164674146653],[-76.25034878899116,3.5500162387005725]]]}},{"type":"Feature","properties":{"v":35.06},"geometry":{"type":"Polygon","coordinates":[[[-76.20034856027706,3.5500162387005725],[-76.15034833156297,3.5500162387005725],[-76.15034833156297,3.6000164674146653],[-76.20034856027706,3.6000164674146653],[-76.20034856027706,3.5500162387005725]]]}},{"type":"Feature","properties":{"v":46.78},"geometry":{"type":"Polygon","coordinates":[[[-76.15034833156297,3.5500162387005725],[-76.10034810284888,3.5500162387005725],[-76.10034810284888,3.6000164674146653],[-76.15034833156297,3.6000164674146653],[-76.15034833156297,3.5500162387005725]]]}},{"type":"Feature","properties":{"v":40.15},"geometry":{"type":"Polygon","coordinates":[[[-76.10034810284888,3.5500162387005725],[-76.05034787413479,3.5500162387005725],[-76.05034787413479,3.6000164674146653],[-76.10034810284888,3.6000164674146653],[-76.10034810284888,3.5500162387005725]]]}},{"type":"Feature","properties":{"v":45.12},"geometry":{"type":"Polygon","coordinates":[[[-76.05034787413479,3.5500162387005725],[-76.00034764542069,3.5500162387005725],[-76.00034764542069,3.6000164674146653],[-76.05034787413479,3.6000164674146653],[-76.05034787413479,3.5500162387005725]]]}},{"type":"Feature","properties":{"v":48.85},"geometry":{"type":"Polygon","coordinates":[[[-76.00034764542069,3.5500162387005725],[-75.9503474167066,3.5500162387005725],[-75.9503474167066,3.6000164674146653],[-76.00034764542069,3.6000164674146653],[-76.00034764542069,3.5500162387005725]]]}},{"type":"Feature","properties":{"v":39.97},"geometry":{"type":"Polygon","coordinates":[[[-75.9503474167066,3.5500162387005725],[-75.90034718799251,3.5500162387005725],[-75.90034718799251,3.6000164674146653],[-75.9503474167066,3.6000164674146653],[-75.9503474167066,3.5500162387005725]]]}},{"type":"Feature","properties":{"v":35.24},"geometry":{"type":"Polygon","coordinates":[[[-75.90034718799251,3.5500162387005725],[-75.85034695927841,3.5500162387005725],[-75.85034695927841,3.6000164674146653],[-75.90034718799251,3.6000164674146653],[-75.90034718799251,3.5500162387005725]]]}},{"type":"Feature","properties":{"v":28.71},"geometry":{"type":"Polygon","coordinates":[[[-75.85034695927841,3.5500162387005725],[-75.80034673056433,3.5500162387005725],[-75.80034673056433,3.6000164674146653],[-75.85034695927841,3.6000164674146653],[-75.85034695927841,3.5500162387005725]]]}},{"type":"Feature","properties":{"v":16.8},"geometry":{"type":"Polygon","coordinates":[[[-75.80034673056433,3.5500162387005725],[-75.75034650185023,3.5500162387005725],[-75.75034650185023,3.6000164674146653],[-75.80034673056433,3.6000164674146653],[-75.80034673056433,3.5500162387005725]]]}},{"type":"Feature","properties":{"v":0.0},"geometry":{"type":"Polygon","coordinates":[[[-75.75034650185023,3.5500162387005725],[-75.70034627313613,3.5500162387005725],[-75.70034627313613,3.6000164674146653],[-75.75034650185023,3.6000164674146653],[-75.75034650185023,3.5500162387005725]]]}},{"type":"Feature","properties":{"v":0.0},"geometry":{"type":"Polygon","coordinates":[[[-75.70034627313613,3.5500162387005725],[-75.65034604442205,3.5500162387005725],[-75.65034604442205,3.6000164674146653],[-75.70034627313613,3.6000164674146653],[-75.70034627313613,3.5500162387005725]]]}},{"type":"Feature","properties":{"v":0.0},"geometry":{"type":"Polygon","coordinates":[[[-75.65034604442205,3.5500162387005725],[-75.60034581570795,3.5500162387005725],[-75.60034581570795,3.6000164674146653],[-75.65034604442205,3.6000164674146653],[-75.65034604442205,3.5500162387005725]]]}},{"type":"Feature","properties":{"v":0.0},"geometry":{"type":"Polygon","coordinates":[[[-75.60034581570795,3.5500162387005725],[-75.55034558699386,3.5500162387005725],[-75.55034558699386,3.6000164674146653],[-75.60034581570795,3.6000164674146653],[-75.60034581570795,3.5500162387005725]]]}},{"type":"Feature","properties":{"v":0.0},"geometry":{"type":"Polygon","coordinates":[[[-75.55034558699386,3.5500162387005725],[-75.50034535827977,3.5500162387005725],[-75.50034535827977,3.6000164674146653],[-75.55034558699386,3.6000164674146653],[-75.55034558699386,3.5500162387005725]]]}},{"type":"Feature","properties":{"v":0.0},"geometry":{"type":"Polygon","coordinates":[[[-75.50034535827977,3.5500162387005725],[-75.45034512956568,3.5500162387005725],[-75.45034512956568,3.6000164674146653],[-75.50034535827977,3.6000164674146653],[-75.50034535827977,3.5500162387005725]]]}},{"type":"Feature","properties":{"v":0.0},"geometry":{"type":"Polygon","coordinates":[[[-75.45034512956568,3.5500162387005725],[-75.40034490085158,3.5500162387005725],[-75.40034490085158,3.6000164674146653],[-75.45034512956568,3.6000164674146653],[-75.45034512956568,3.5500162387005725]]]}},{"type":"Feature","properties":{"v":0.0},"geometry":{"type":"Polygon","coordinates":[[[-75.40034490085158,3.5500162387005725],[-75.3503446721375,3.5500162387005725],[-75.3503446721375,3.6000164674146653],[-75.40034490085158,3.6000164674146653],[-75.40034490085158,3.5500162387005725]]]}},{"type":"Feature","properties":{"v":0.0},"geometry":{"type":"Polygon","coordinates":[[[-75.3503446721375,3.5500162387005725],[-75.3003444434234,3.5500162387005725],[-75.3003444434234,3.6000164674146653],[-75.3503446721375,3.6000164674146653],[-75.3503446721375,3.5500162387005725]]]}},{"type":"Feature","properties":{"v":0.0},"geometry":{"type":"Polygon","coordinates":[[[-75.3003444434234,3.5500162387005725],[-75.2503442147093,3.5500162387005725],[-75.2503442147093,3.6000164674146653],[-75.3003444434234,3.6000164674146653],[-75.3003444434234,3.5500162387005725]]]}},{"type":"Feature","properties":{"v":0.0},"geometry":{"type":"Polygon","coordinates":[[[-75.2503442147093,3.5500162387005725],[-75.20034398599522,3.5500162387005725],[-75.20034398599522,3.6000164674146653],[-75.2503442147093,3.6000164674146653],[-75.2503442147093,3.5500162387005725]]]}},{"type":"Feature","properties":{"v":0.0},"geometry":{"type":"Polygon","coordinates":[[[-75.20034398599522,3.5500162387005725],[-75.15034375728112,3.5500162387005725],[-75.15034375728112,3.6000164674146653],[-75.20034398599522,3.6000164674146653],[-75.20034398599522,3.5500162387005725]]]}},{"type":"Feature","properties":{"v":22.48},"geometry":{"type":"Polygon","coordinates":[[[-75.15034375728112,3.5500162387005725],[-75.10034352856702,3.5500162387005725],[-75.10034352856702,3.6000164674146653],[-75.15034375728112,3.6000164674146653],[-75.15034375728112,3.5500162387005725]]]}},{"type":"Feature","properties":{"v":35.47},"geometry":{"type":"Polygon","coordinates":[[[-77.35035382070119,3.5000160099864797],[-77.3003535919871,3.5000160099864797],[-77.3003535919871,3.5500162387005725],[-77.35035382070119,3.5500162387005725],[-77.35035382070119,3.5000160099864797]]]}},{"type":"Feature","properties":{"v":31.44},"geometry":{"type":"Polygon","coordinates":[[[-77.3003535919871,3.5000160099864797],[-77.250353363273,3.5000160099864797],[-77.250353363273,3.5500162387005725],[-77.3003535919871,3.5500162387005725],[-77.3003535919871,3.5000160099864797]]]}},{"type":"Feature","properties":{"v":33.97},"geometry":{"type":"Polygon","coordinates":[[[-77.250353363273,3.5000160099864797],[-77.20035313455891,3.5000160099864797],[-77.20035313455891,3.5500162387005725],[-77.250353363273,3.5500162387005725],[-77.250353363273,3.5000160099864797]]]}},{"type":"Feature","properties":{"v":31.64},"geometry":{"type":"Polygon","coordinates":[[[-77.20035313455891,3.5000160099864797],[-77.15035290584483,3.5000160099864797],[-77.15035290584483,3.5500162387005725],[-77.20035313455891,3.5500162387005725],[-77.20035313455891,3.5000160099864797]]]}},{"type":"Feature","properties":{"v":32.1},"geometry":{"type":"Polygon","coordinates":[[[-77.15035290584483,3.5000160099864797],[-77.10035267713073,3.5000160099864797],[-77.10035267713073,3.5500162387005725],[-77.15035290584483,3.5500162387005725],[-77.15035290584483,3.5000160099864797]]]}},{"type":"Feature","properties":{"v":32.09},"geometry":{"type":"Polygon","coordinates":[[[-77.10035267713073,3.5000160099864797],[-77.05035244841663,3.5000160099864797],[-77.05035244841663,3.5500162387005725],[-77.10035267713073,3.5500162387005725],[-77.10035267713073,3.5000160099864797]]]}},{"type":"Feature","properties":{"v":34.43},"geometry":{"type":"Polygon","coordinates":[[[-77.05035244841663,3.5000160099864797],[-77.00035221970255,3.5000160099864797],[-77.00035221970255,3.5500162387005725],[-77.05035244841663,3.5500162387005725],[-77.05035244841663,3.5000160099864797]]]}},{"type":"Feature","properties":{"v":37.22},"geometry":{"type":"Polygon","coordinates":[[[-77.00035221970255,3.5000160099864797],[-76.95035199098845,3.5000160099864797],[-76.95035199098845,3.5500162387005725],[-77.00035221970255,3.5500162387005725],[-77.00035221970255,3.5000160099864797]]]}},{"type":"Feature","properties":{"v":38.32},"geometry":{"type":"Polygon","coordinates":[[[-76.95035199098845,3.5000160099864797],[-76.90035176227435,3.5000160099864797],[-76.90035176227435,3.5500162387005725],[-76.95035199098845,3.5500162387005725],[-76.95035199098845,3.5000160099864797]]]}},{"type":"Feature","properties":{"v":41.15},"geometry":{"type":"Polygon","coordinates":[[[-76.90035176227435,3.5000160099864797],[-76.85035153356027,3.5000160099864797],[-76.85035153356027,3.5500162387005725],[-76.90035176227435,3.5500162387005725],[-76.90035176227435,3.5000160099864797]]]}},{"type":"Feature","properties":{"v":39.92},"geometry":{"type":"Polygon","coordinates":[[[-76.85035153356027,3.5000160099864797],[-76.80035130484617,3.5000160099864797],[-76.80035130484617,3.5500162387005725],[-76.85035153356027,3.5500162387005725],[-76.85035153356027,3.5000160099864797]]]}},{"type":"Feature","properties":{"v":41.23},"geometry":{"type":"Polygon","coordinates":[[[-76.80035130484617,3.5000160099864797],[-76.75035107613208,3.5000160099864797],[-76.75035107613208,3.5500162387005725],[-76.80035130484617,3.5500162387005725],[-76.80035130484617,3.5000160099864797]]]}},{"type":"Feature","properties":{"v":40.17},"geometry":{"type":"Polygon","coordinates":[[[-76.75035107613208,3.5000160099864797],[-76.700350847418,3.5000160099864797],[-76.700350847418,3.5500162387005725],[-76.75035107613208,3.5500162387005725],[-76.75035107613208,3.5000160099864797]]]}},{"type":"Feature","properties":{"v":36.97},"geometry":{"type":"Polygon","coordinates":[[[-76.700350847418,3.5000160099864797],[-76.6503506187039,3.5000160099864797],[-76.6503506187039,3.5500162387005725],[-76.700350847418,3.5500162387005725],[-76.700350847418,3.5000160099864797]]]}},{"type":"Feature","properties":{"v":42.37},"geometry":{"type":"Polygon","coordinates":[[[-76.6503506187039,3.5000160099864797],[-76.6003503899898,3.5000160099864797],[-76.6003503899898,3.5500162387005725],[-76.6503506187039,3.5500162387005725],[-76.6503506187039,3.5000160099864797]]]}},{"type":"Feature","properties":{"v":41.71},"geometry":{"type":"Polygon","coordinates":[[[-76.6003503899898,3.5000160099864797],[-76.55035016127572,3.5000160099864797],[-76.55035016127572,3.5500162387005725],[-76.6003503899898,3.5500162387005725],[-76.6003503899898,3.5000160099864797]]]}},{"type":"Feature","properties":{"v":38.87},"geometry":{"type":"Polygon","coordinates":[[[-76.55035016127572,3.5000160099864797],[-76.50034993256162,3.5000160099864797],[-76.50034993256162,3.5500162387005725],[-76.55035016127572,3.5500162387005725],[-76.55035016127572,3.5000160099864797]]]}},{"type":"Feature","properties":{"v":36.19},"geometry":{"type":"Polygon","coordinates":[[[-76.50034993256162,3.5000160099864797],[-76.45034970384752,3.5000160099864797],[-76.45034970384752,3.5500162387005725],[-76.50034993256162,3.5500162387005725],[-76.50034993256162,3.5000160099864797]]]}},{"type":"Feature","properties":{"v":35.66},"geometry":{"type":"Polygon","coordinates":[[[-76.45034970384752,3.5000160099864797],[-76.40034947513344,3.5000160099864797],[-76.40034947513344,3.5500162387005725],[-76.45034970384752,3.5500162387005725],[-76.45034970384752,3.5000160099864797]]]}},{"type":"Feature","properties":{"v":36.38},"geometry":{"type":"Polygon","coordinates":[[[-76.40034947513344,3.5000160099864797],[-76.35034924641934,3.5000160099864797],[-76.35034924641934,3.5500162387005725],[-76.40034947513344,3.5500162387005725],[-76.40034947513344,3.5000160099864797]]]}},{"type":"Feature","properties":{"v":35.3},"geometry":{"type":"Polygon","coordinates":[[[-76.35034924641934,3.5000160099864797],[-76.30034901770524,3.5000160099864797],[-76.30034901770524,3.5500162387005725],[-76.35034924641934,3.5500162387005725],[-76.35034924641934,3.5000160099864797]]]}},{"type":"Feature","properties":{"v":34.05},"geometry":{"type":"Polygon","coordinates":[[[-76.30034901770524,3.5000160099864797],[-76.25034878899116,3.5000160099864797],[-76.25034878899116,3.5500162387005725],[-76.30034901770524,3.5500162387005725],[-76.30034901770524,3.5000160099864797]]]}},{"type":"Feature","properties":{"v":35.73},"geometry":{"type":"Polygon","coordinates":[[[-76.25034878899116,3.5000160099864797],[-76.20034856027706,3.5000160099864797],[-76.20034856027706,3.5500162387005725],[-76.25034878899116,3.5500162387005725],[-76.25034878899116,3.5000160099864797]]]}},{"type":"Feature","properties":{"v":35.66},"geometry":{"type":"Polygon","coordinates":[[[-76.20034856027706,3.5000160099864797],[-76.15034833156297,3.5000160099864797],[-76.15034833156297,3.5500162387005725],[-76.20034856027706,3.5500162387005725],[-76.20034856027706,3.5000160099864797]]]}},{"type":"Feature","properties":{"v":47.05},"geometry":{"type":"Polygon","coordinates":[[[-76.15034833156297,3.5000160099864797],[-76.10034810284888,3.5000160099864797],[-76.10034810284888,3.5500162387005725],[-76.15034833156297,3.5500162387005725],[-76.15034833156297,3.5000160099864797]]]}},{"type":"Feature","properties":{"v":41.8},"geometry":{"type":"Polygon","coordinates":[[[-76.10034810284888,3.5000160099864797],[-76.05034787413479,3.5000160099864797],[-76.05034787413479,3.5500162387005725],[-76.10034810284888,3.5500162387005725],[-76.10034810284888,3.5000160099864797]]]}},{"type":"Feature","properties":{"v":44.74},"geometry":{"type":"Polygon","coordinates":[[[-76.05034787413479,3.5000160099864797],[-76.00034764542069,3.5000160099864797],[-76.00034764542069,3.5500162387005725],[-76.05034787413479,3.5500162387005725],[-76.05034787413479,3.5000160099864797]]]}},{"type":"Feature","properties":{"v":49.83},"geometry":{"type":"Polygon","coordinates":[[[-76.00034764542069,3.5000160099864797],[-75.9503474167066,3.5000160099864797],[-75.9503474167066,3.5500162387005725],[-76.00034764542069,3.5500162387005725],[-76.00034764542069,3.5000160099864797]]]}},{"type":"Feature","properties":{"v":34.83},"geometry":{"type":"Polygon","coordinates":[[[-75.9503474167066,3.5000160099864797],[-75.90034718799251,3.5000160099864797],[-75.90034718799251,3.5500162387005725],[-75.9503474167066,3.5500162387005725],[-75.9503474167066,3.5000160099864797]]]}},{"type":"Feature","properties":{"v":28.69},"geometry":{"type":"Polygon","coordinates":[[[-75.90034718799251,3.5000160099864797],[-75.85034695927841,3.5000160099864797],[-75.85034695927841,3.5500162387005725],[-75.90034718799251,3.5500162387005725],[-75.90034718799251,3.5000160099864797]]]}},{"type":"Feature","properties":{"v":30.16},"geometry":{"type":"Polygon","coordinates":[[[-75.85034695927841,3.5000160099864797],[-75.80034673056433,3.5000160099864797],[-75.80034673056433,3.5500162387005725],[-75.85034695927841,3.5500162387005725],[-75.85034695927841,3.5000160099864797]]]}},{"type":"Feature","properties":{"v":21.54},"geometry":{"type":"Polygon","coordinates":[[[-75.80034673056433,3.5000160099864797],[-75.75034650185023,3.5000160099864797],[-75.75034650185023,3.5500162387005725],[-75.80034673056433,3.5500162387005725],[-75.80034673056433,3.5000160099864797]]]}},{"type":"Feature","properties":{"v":0.0},"geometry":{"type":"Polygon","coordinates":[[[-75.75034650185023,3.5000160099864797],[-75.70034627313613,3.5000160099864797],[-75.70034627313613,3.5500162387005725],[-75.75034650185023,3.5500162387005725],[-75.75034650185023,3.5000160099864797]]]}},{"type":"Feature","properties":{"v":0.0},"geometry":{"type":"Polygon","coordinates":[[[-75.70034627313613,3.5000160099864797],[-75.65034604442205,3.5000160099864797],[-75.65034604442205,3.5500162387005725],[-75.70034627313613,3.5500162387005725],[-75.70034627313613,3.5000160099864797]]]}},{"type":"Feature","properties":{"v":0.0},"geometry":{"type":"Polygon","coordinates":[[[-75.65034604442205,3.5000160099864797],[-75.60034581570795,3.5000160099864797],[-75.60034581570795,3.5500162387005725],[-75.65034604442205,3.5500162387005725],[-75.65034604442205,3.5000160099864797]]]}},{"type":"Feature","properties":{"v":0.0},"geometry":{"type":"Polygon","coordinates":[[[-75.60034581570795,3.5000160099864797],[-75.55034558699386,3.5000160099864797],[-75.55034558699386,3.5500162387005725],[-75.60034581570795,3.5500162387005725],[-75.60034581570795,3.5000160099864797]]]}},{"type":"Feature","properties":{"v":0.0},"geometry":{"type":"Polygon","coordinates":[[[-75.55034558699386,3.5000160099864797],[-75.50034535827977,3.5000160099864797],[-75.50034535827977,3.5500162387005725],[-75.55034558699386,3.5500162387005725],[-75.55034558699386,3.5000160099864797]]]}},{"type":"Feature","properties":{"v":0.0},"geometry":{"type":"Polygon","coordinates":[[[-75.50034535827977,3.5000160099864797],[-75.45034512956568,3.5000160099864797],[-75.45034512956568,3.5500162387005725],[-75.50034535827977,3.5500162387005725],[-75.50034535827977,3.5000160099864797]]]}},{"type":"Feature","properties":{"v":0.0},"geometry":{"type":"Polygon","coordinates":[[[-75.45034512956568,3.5000160099864797],[-75.40034490085158,3.5000160099864797],[-75.40034490085158,3.5500162387005725],[-75.45034512956568,3.5500162387005725],[-75.45034512956568,3.5000160099864797]]]}},{"type":"Feature","properties":{"v":0.0},"geometry":{"type":"Polygon","coordinates":[[[-75.40034490085158,3.5000160099864797],[-75.3503446721375,3.5000160099864797],[-75.3503446721375,3.5500162387005725],[-75.40034490085158,3.5500162387005725],[-75.40034490085158,3.5000160099864797]]]}},{"type":"Feature","properties":{"v":0.0},"geometry":{"type":"Polygon","coordinates":[[[-75.3503446721375,3.5000160099864797],[-75.3003444434234,3.5000160099864797],[-75.3003444434234,3.5500162387005725],[-75.3503446721375,3.5500162387005725],[-75.3503446721375,3.5000160099864797]]]}},{"type":"Feature","properties":{"v":18.58},"geometry":{"type":"Polygon","coordinates":[[[-75.3003444434234,3.5000160099864797],[-75.2503442147093,3.5000160099864797],[-75.2503442147093,3.5500162387005725],[-75.3003444434234,3.5500162387005725],[-75.3003444434234,3.5000160099864797]]]}},{"type":"Feature","properties":{"v":0.0},"geometry":{"type":"Polygon","coordinates":[[[-75.2503442147093,3.5000160099864797],[-75.20034398599522,3.5000160099864797],[-75.20034398599522,3.5500162387005725],[-75.2503442147093,3.5500162387005725],[-75.2503442147093,3.5000160099864797]]]}},{"type":"Feature","properties":{"v":0.0},"geometry":{"type":"Polygon","coordinates":[[[-75.20034398599522,3.5000160099864797],[-75.15034375728112,3.5000160099864797],[-75.15034375728112,3.5500162387005725],[-75.20034398599522,3.5500162387005725],[-75.20034398599522,3.5000160099864797]]]}},{"type":"Feature","properties":{"v":0.0},"geometry":{"type":"Polygon","coordinates":[[[-75.15034375728112,3.5000160099864797],[-75.10034352856702,3.5000160099864797],[-75.10034352856702,3.5500162387005725],[-75.15034375728112,3.5500162387005725],[-75.15034375728112,3.5000160099864797]]]}},{"type":"Feature","properties":{"v":41.21},"geometry":{"type":"Polygon","coordinates":[[[-77.40035404941528,3.4500157812723873],[-77.35035382070119,3.4500157812723873],[-77.35035382070119,3.5000160099864797],[-77.40035404941528,3.5000160099864797],[-77.40035404941528,3.4500157812723873]]]}},{"type":"Feature","properties":{"v":38.2},"geometry":{"type":"Polygon","coordinates":[[[-77.35035382070119,3.4500157812723873],[-77.3003535919871,3.4500157812723873],[-77.3003535919871,3.5000160099864797],[-77.35035382070119,3.5000160099864797],[-77.35035382070119,3.4500157812723873]]]}},{"type":"Feature","properties":{"v":34.04},"geometry":{"type":"Polygon","coordinates":[[[-77.3003535919871,3.4500157812723873],[-77.250353363273,3.4500157812723873],[-77.250353363273,3.5000160099864797],[-77.3003535919871,3.5000160099864797],[-77.3003535919871,3.4500157812723873]]]}},{"type":"Feature","properties":{"v":34.67},"geometry":{"type":"Polygon","coordinates":[[[-77.250353363273,3.4500157812723873],[-77.20035313455891,3.4500157812723873],[-77.20035313455891,3.5000160099864797],[-77.250353363273,3.5000160099864797],[-77.250353363273,3.4500157812723873]]]}},{"type":"Feature","properties":{"v":32.46},"geometry":{"type":"Polygon","coordinates":[[[-77.20035313455891,3.4500157812723873],[-77.15035290584483,3.4500157812723873],[-77.15035290584483,3.5000160099864797],[-77.20035313455891,3.5000160099864797],[-77.20035313455891,3.4500157812723873]]]}},{"type":"Feature","properties":{"v":33.19},"geometry":{"type":"Polygon","coordinates":[[[-77.15035290584483,3.4500157812723873],[-77.10035267713073,3.4500157812723873],[-77.10035267713073,3.5000160099864797],[-77.15035290584483,3.5000160099864797],[-77.15035290584483,3.4500157812723873]]]}},{"type":"Feature","properties":{"v":34.59},"geometry":{"type":"Polygon","coordinates":[[[-77.10035267713073,3.4500157812723873],[-77.05035244841663,3.4500157812723873],[-77.05035244841663,3.5000160099864797],[-77.10035267713073,3.5000160099864797],[-77.10035267713073,3.4500157812723873]]]}},{"type":"Feature","properties":{"v":34.81},"geometry":{"type":"Polygon","coordinates":[[[-77.05035244841663,3.4500157812723873],[-77.00035221970255,3.4500157812723873],[-77.00035221970255,3.5000160099864797],[-77.05035244841663,3.5000160099864797],[-77.05035244841663,3.4500157812723873]]]}},{"type":"Feature","properties":{"v":39.25},"geometry":{"type":"Polygon","coordinates":[[[-77.00035221970255,3.4500157812723873],[-76.95035199098845,3.4500157812723873],[-76.95035199098845,3.5000160099864797],[-77.00035221970255,3.5000160099864797],[-77.00035221970255,3.4500157812723873]]]}},{"type":"Feature","properties":{"v":41.32},"geometry":{"type":"Polygon","coordinates":[[[-76.95035199098845,3.4500157812723873],[-76.90035176227435,3.4500157812723873],[-76.90035176227435,3.5000160099864797],[-76.95035199098845,3.5000160099864797],[-76.95035199098845,3.4500157812723873]]]}},{"type":"Feature","properties":{"v":42.51},"geometry":{"type":"Polygon","coordinates":[[[-76.90035176227435,3.4500157812723873],[-76.85035153356027,3.4500157812723873],[-76.85035153356027,3.5000160099864797],[-76.90035176227435,3.5000160099864797],[-76.90035176227435,3.4500157812723873]]]}},{"type":"Feature","properties":{"v":42.31},"geometry":{"type":"Polygon","coordinates":[[[-76.85035153356027,3.4500157812723873],[-76.80035130484617,3.4500157812723873],[-76.80035130484617,3.5000160099864797],[-76.85035153356027,3.5000160099864797],[-76.85035153356027,3.4500157812723873]]]}},{"type":"Feature","properties":{"v":43.57},"geometry":{"type":"Polygon","coordinates":[[[-76.80035130484617,3.4500157812723873],[-76.75035107613208,3.4500157812723873],[-76.75035107613208,3.5000160099864797],[-76.80035130484617,3.5000160099864797],[-76.80035130484617,3.4500157812723873]]]}},{"type":"Feature","properties":{"v":42.64},"geometry":{"type":"Polygon","coordinates":[[[-76.75035107613208,3.4500157812723873],[-76.700350847418,3.4500157812723873],[-76.700350847418,3.5000160099864797],[-76.75035107613208,3.5000160099864797],[-76.75035107613208,3.4500157812723873]]]}},{"type":"Feature","properties":{"v":38.15},"geometry":{"type":"Polygon","coordinates":[[[-76.700350847418,3.4500157812723873],[-76.6503506187039,3.4500157812723873],[-76.6503506187039,3.5000160099864797],[-76.700350847418,3.5000160099864797],[-76.700350847418,3.4500157812723873]]]}},{"type":"Feature","properties":{"v":39.74},"geometry":{"type":"Polygon","coordinates":[[[-76.6503506187039,3.4500157812723873],[-76.6003503899898,3.4500157812723873],[-76.6003503899898,3.5000160099864797],[-76.6503506187039,3.5000160099864797],[-76.6503506187039,3.4500157812723873]]]}},{"type":"Feature","properties":{"v":43.28},"geometry":{"type":"Polygon","coordinates":[[[-76.6003503899898,3.4500157812723873],[-76.55035016127572,3.4500157812723873],[-76.55035016127572,3.5000160099864797],[-76.6003503899898,3.5000160099864797],[-76.6003503899898,3.4500157812723873]]]}},{"type":"Feature","properties":{"v":34.93},"geometry":{"type":"Polygon","coordinates":[[[-76.55035016127572,3.4500157812723873],[-76.50034993256162,3.4500157812723873],[-76.50034993256162,3.5000160099864797],[-76.55035016127572,3.5000160099864797],[-76.55035016127572,3.4500157812723873]]]}},{"type":"Feature","properties":{"v":37.22},"geometry":{"type":"Polygon","coordinates":[[[-76.50034993256162,3.4500157812723873],[-76.45034970384752,3.4500157812723873],[-76.45034970384752,3.5000160099864797],[-76.50034993256162,3.5000160099864797],[-76.50034993256162,3.4500157812723873]]]}},{"type":"Feature","properties":{"v":38.27},"geometry":{"type":"Polygon","coordinates":[[[-76.45034970384752,3.4500157812723873],[-76.40034947513344,3.4500157812723873],[-76.40034947513344,3.5000160099864797],[-76.45034970384752,3.5000160099864797],[-76.45034970384752,3.4500157812723873]]]}},{"type":"Feature","properties":{"v":35.65},"geometry":{"type":"Polygon","coordinates":[[[-76.40034947513344,3.4500157812723873],[-76.35034924641934,3.4500157812723873],[-76.35034924641934,3.5000160099864797],[-76.40034947513344,3.5000160099864797],[-76.40034947513344,3.4500157812723873]]]}},{"type":"Feature","properties":{"v":38.9},"geometry":{"type":"Polygon","coordinates":[[[-76.35034924641934,3.4500157812723873],[-76.30034901770524,3.4500157812723873],[-76.30034901770524,3.5000160099864797],[-76.35034924641934,3.5000160099864797],[-76.35034924641934,3.4500157812723873]]]}},{"type":"Feature","properties":{"v":39.87},"geometry":{"type":"Polygon","coordinates":[[[-76.30034901770524,3.4500157812723873],[-76.25034878899116,3.4500157812723873],[-76.25034878899116,3.5000160099864797],[-76.30034901770524,3.5000160099864797],[-76.30034901770524,3.4500157812723873]]]}},{"type":"Feature","properties":{"v":38.23},"geometry":{"type":"Polygon","coordinates":[[[-76.25034878899116,3.4500157812723873],[-76.20034856027706,3.4500157812723873],[-76.20034856027706,3.5000160099864797],[-76.25034878899116,3.5000160099864797],[-76.25034878899116,3.4500157812723873]]]}},{"type":"Feature","properties":{"v":39.88},"geometry":{"type":"Polygon","coordinates":[[[-76.20034856027706,3.4500157812723873],[-76.15034833156297,3.4500157812723873],[-76.15034833156297,3.5000160099864797],[-76.20034856027706,3.5000160099864797],[-76.20034856027706,3.4500157812723873]]]}},{"type":"Feature","properties":{"v":47.28},"geometry":{"type":"Polygon","coordinates":[[[-76.15034833156297,3.4500157812723873],[-76.10034810284888,3.4500157812723873],[-76.10034810284888,3.5000160099864797],[-76.15034833156297,3.5000160099864797],[-76.15034833156297,3.4500157812723873]]]}},{"type":"Feature","properties":{"v":41.69},"geometry":{"type":"Polygon","coordinates":[[[-76.10034810284888,3.4500157812723873],[-76.05034787413479,3.4500157812723873],[-76.05034787413479,3.5000160099864797],[-76.10034810284888,3.5000160099864797],[-76.10034810284888,3.4500157812723873]]]}},{"type":"Feature","properties":{"v":41.73},"geometry":{"type":"Polygon","coordinates":[[[-76.05034787413479,3.4500157812723873],[-76.00034764542069,3.4500157812723873],[-76.00034764542069,3.5000160099864797],[-76.05034787413479,3.5000160099864797],[-76.05034787413479,3.4500157812723873]]]}},{"type":"Feature","properties":{"v":45.03},"geometry":{"type":"Polygon","coordinates":[[[-76.00034764542069,3.4500157812723873],[-75.9503474167066,3.4500157812723873],[-75.9503474167066,3.5000160099864797],[-76.00034764542069,3.5000160099864797],[-76.00034764542069,3.4500157812723873]]]}},{"type":"Feature","properties":{"v":33.58},"geometry":{"type":"Polygon","coordinates":[[[-75.9503474167066,3.4500157812723873],[-75.90034718799251,3.4500157812723873],[-75.90034718799251,3.5000160099864797],[-75.9503474167066,3.5000160099864797],[-75.9503474167066,3.4500157812723873]]]}},{"type":"Feature","properties":{"v":30.43},"geometry":{"type":"Polygon","coordinates":[[[-75.90034718799251,3.4500157812723873],[-75.85034695927841,3.4500157812723873],[-75.85034695927841,3.5000160099864797],[-75.90034718799251,3.5000160099864797],[-75.90034718799251,3.4500157812723873]]]}},{"type":"Feature","properties":{"v":26.79},"geometry":{"type":"Polygon","coordinates":[[[-75.85034695927841,3.4500157812723873],[-75.80034673056433,3.4500157812723873],[-75.80034673056433,3.5000160099864797],[-75.85034695927841,3.5000160099864797],[-75.85034695927841,3.4500157812723873]]]}},{"type":"Feature","properties":{"v":23.9},"geometry":{"type":"Polygon","coordinates":[[[-75.80034673056433,3.4500157812723873],[-75.75034650185023,3.4500157812723873],[-75.75034650185023,3.5000160099864797],[-75.80034673056433,3.5000160099864797],[-75.80034673056433,3.4500157812723873]]]}},{"type":"Feature","properties":{"v":0.0},"geometry":{"type":"Polygon","coordinates":[[[-75.75034650185023,3.4500157812723873],[-75.70034627313613,3.4500157812723873],[-75.70034627313613,3.5000160099864797],[-75.75034650185023,3.5000160099864797],[-75.75034650185023,3.4500157812723873]]]}},{"type":"Feature","properties":{"v":0.0},"geometry":{"type":"Polygon","coordinates":[[[-75.70034627313613,3.4500157812723873],[-75.65034604442205,3.4500157812723873],[-75.65034604442205,3.5000160099864797],[-75.70034627313613,3.5000160099864797],[-75.70034627313613,3.4500157812723873]]]}},{"type":"Feature","properties":{"v":0.0},"geometry":{"type":"Polygon","coordinates":[[[-75.65034604442205,3.4500157812723873],[-75.60034581570795,3.4500157812723873],[-75.60034581570795,3.5000160099864797],[-75.65034604442205,3.5000160099864797],[-75.65034604442205,3.4500157812723873]]]}},{"type":"Feature","properties":{"v":0.0},"geometry":{"type":"Polygon","coordinates":[[[-75.60034581570795,3.4500157812723873],[-75.55034558699386,3.4500157812723873],[-75.55034558699386,3.5000160099864797],[-75.60034581570795,3.5000160099864797],[-75.60034581570795,3.4500157812723873]]]}},{"type":"Feature","properties":{"v":0.0},"geometry":{"type":"Polygon","coordinates":[[[-75.55034558699386,3.4500157812723873],[-75.50034535827977,3.4500157812723873],[-75.50034535827977,3.5000160099864797],[-75.55034558699386,3.5000160099864797],[-75.55034558699386,3.4500157812723873]]]}},{"type":"Feature","properties":{"v":0.0},"geometry":{"type":"Polygon","coordinates":[[[-75.50034535827977,3.4500157812723873],[-75.45034512956568,3.4500157812723873],[-75.45034512956568,3.5000160099864797],[-75.50034535827977,3.5000160099864797],[-75.50034535827977,3.4500157812723873]]]}},{"type":"Feature","properties":{"v":0.0},"geometry":{"type":"Polygon","coordinates":[[[-75.45034512956568,3.4500157812723873],[-75.40034490085158,3.4500157812723873],[-75.40034490085158,3.5000160099864797],[-75.45034512956568,3.5000160099864797],[-75.45034512956568,3.4500157812723873]]]}},{"type":"Feature","properties":{"v":0.0},"geometry":{"type":"Polygon","coordinates":[[[-75.40034490085158,3.4500157812723873],[-75.3503446721375,3.4500157812723873],[-75.3503446721375,3.5000160099864797],[-75.40034490085158,3.5000160099864797],[-75.40034490085158,3.4500157812723873]]]}},{"type":"Feature","properties":{"v":0.0},"geometry":{"type":"Polygon","coordinates":[[[-75.3503446721375,3.4500157812723873],[-75.3003444434234,3.4500157812723873],[-75.3003444434234,3.5000160099864797],[-75.3503446721375,3.5000160099864797],[-75.3503446721375,3.4500157812723873]]]}},{"type":"Feature","properties":{"v":17.39},"geometry":{"type":"Polygon","coordinates":[[[-75.3003444434234,3.4500157812723873],[-75.2503442147093,3.4500157812723873],[-75.2503442147093,3.5000160099864797],[-75.3003444434234,3.5000160099864797],[-75.3003444434234,3.4500157812723873]]]}},{"type":"Feature","properties":{"v":11.94},"geometry":{"type":"Polygon","coordinates":[[[-75.2503442147093,3.4500157812723873],[-75.20034398599522,3.4500157812723873],[-75.20034398599522,3.5000160099864797],[-75.2503442147093,3.5000160099864797],[-75.2503442147093,3.4500157812723873]]]}},{"type":"Feature","properties":{"v":0.0},"geometry":{"type":"Polygon","coordinates":[[[-75.20034398599522,3.4500157812723873],[-75.15034375728112,3.4500157812723873],[-75.15034375728112,3.5000160099864797],[-75.20034398599522,3.5000160099864797],[-75.20034398599522,3.4500157812723873]]]}},{"type":"Feature","properties":{"v":0.0},"geometry":{"type":"Polygon","coordinates":[[[-75.15034375728112,3.4500157812723873],[-75.10034352856702,3.4500157812723873],[-75.10034352856702,3.5000160099864797],[-75.15034375728112,3.5000160099864797],[-75.15034375728112,3.4500157812723873]]]}},{"type":"Feature","properties":{"v":47.29},"geometry":{"type":"Polygon","coordinates":[[[-77.45035427812938,3.400015552558295],[-77.40035404941528,3.400015552558295],[-77.40035404941528,3.4500157812723873],[-77.45035427812938,3.4500157812723873],[-77.45035427812938,3.400015552558295]]]}},{"type":"Feature","properties":{"v":43.69},"geometry":{"type":"Polygon","coordinates":[[[-77.40035404941528,3.400015552558295],[-77.35035382070119,3.400015552558295],[-77.35035382070119,3.4500157812723873],[-77.40035404941528,3.4500157812723873],[-77.40035404941528,3.400015552558295]]]}},{"type":"Feature","properties":{"v":40.08},"geometry":{"type":"Polygon","coordinates":[[[-77.35035382070119,3.400015552558295],[-77.3003535919871,3.400015552558295],[-77.3003535919871,3.4500157812723873],[-77.35035382070119,3.4500157812723873],[-77.35035382070119,3.400015552558295]]]}},{"type":"Feature","properties":{"v":35.28},"geometry":{"type":"Polygon","coordinates":[[[-77.3003535919871,3.400015552558295],[-77.250353363273,3.400015552558295],[-77.250353363273,3.4500157812723873],[-77.3003535919871,3.4500157812723873],[-77.3003535919871,3.400015552558295]]]}},{"type":"Feature","properties":{"v":34.75},"geometry":{"type":"Polygon","coordinates":[[[-77.250353363273,3.400015552558295],[-77.20035313455891,3.400015552558295],[-77.20035313455891,3.4500157812723873],[-77.250353363273,3.4500157812723873],[-77.250353363273,3.400015552558295]]]}},{"type":"Feature","properties":{"v":34.33},"geometry":{"type":"Polygon","coordinates":[[[-77.20035313455891,3.400015552558295],[-77.15035290584483,3.400015552558295],[-77.15035290584483,3.4500157812723873],[-77.20035313455891,3.4500157812723873],[-77.20035313455891,3.400015552558295]]]}},{"type":"Feature","properties":{"v":33.21},"geometry":{"type":"Polygon","coordinates":[[[-77.15035290584483,3.400015552558295],[-77.10035267713073,3.400015552558295],[-77.10035267713073,3.4500157812723873],[-77.15035290584483,3.4500157812723873],[-77.15035290584483,3.400015552558295]]]}},{"type":"Feature","properties":{"v":34.34},"geometry":{"type":"Polygon","coordinates":[[[-77.10035267713073,3.400015552558295],[-77.05035244841663,3.400015552558295],[-77.05035244841663,3.4500157812723873],[-77.10035267713073,3.4500157812723873],[-77.10035267713073,3.400015552558295]]]}},{"type":"Feature","properties":{"v":32.37},"geometry":{"type":"Polygon","coordinates":[[[-77.05035244841663,3.400015552558295],[-77.00035221970255,3.400015552558295],[-77.00035221970255,3.4500157812723873],[-77.05035244841663,3.4500157812723873],[-77.05035244841663,3.400015552558295]]]}},{"type":"Feature","properties":{"v":37.0},"geometry":{"type":"Polygon","coordinates":[[[-77.00035221970255,3.400015552558295],[-76.95035199098845,3.400015552558295],[-76.95035199098845,3.4500157812723873],[-77.00035221970255,3.4500157812723873],[-77.00035221970255,3.400015552558295]]]}},{"type":"Feature","properties":{"v":41.78},"geometry":{"type":"Polygon","coordinates":[[[-76.95035199098845,3.400015552558295],[-76.90035176227435,3.400015552558295],[-76.90035176227435,3.4500157812723873],[-76.95035199098845,3.4500157812723873],[-76.95035199098845,3.400015552558295]]]}},{"type":"Feature","properties":{"v":43.17},"geometry":{"type":"Polygon","coordinates":[[[-76.90035176227435,3.400015552558295],[-76.85035153356027,3.400015552558295],[-76.85035153356027,3.4500157812723873],[-76.90035176227435,3.4500157812723873],[-76.90035176227435,3.400015552558295]]]}},{"type":"Feature","properties":{"v":42.47},"geometry":{"type":"Polygon","coordinates":[[[-76.85035153356027,3.400015552558295],[-76.80035130484617,3.400015552558295],[-76.80035130484617,3.4500157812723873],[-76.85035153356027,3.4500157812723873],[-76.85035153356027,3.400015552558295]]]}},{"type":"Feature","properties":{"v":44.95},"geometry":{"type":"Polygon","coordinates":[[[-76.80035130484617,3.400015552558295],[-76.75035107613208,3.400015552558295],[-76.75035107613208,3.4500157812723873],[-76.80035130484617,3.4500157812723873],[-76.80035130484617,3.400015552558295]]]}},{"type":"Feature","properties":{"v":35.42},"geometry":{"type":"Polygon","coordinates":[[[-76.75035107613208,3.400015552558295],[-76.700350847418,3.400015552558295],[-76.700350847418,3.4500157812723873],[-76.75035107613208,3.4500157812723873],[-76.75035107613208,3.400015552558295]]]}},{"type":"Feature","properties":{"v":34.63},"geometry":{"type":"Polygon","coordinates":[[[-76.700350847418,3.400015552558295],[-76.6503506187039,3.400015552558295],[-76.6503506187039,3.4500157812723873],[-76.700350847418,3.4500157812723873],[-76.700350847418,3.400015552558295]]]}},{"type":"Feature","properties":{"v":36.58},"geometry":{"type":"Polygon","coordinates":[[[-76.6503506187039,3.400015552558295],[-76.6003503899898,3.400015552558295],[-76.6003503899898,3.4500157812723873],[-76.6503506187039,3.4500157812723873],[-76.6503506187039,3.400015552558295]]]}},{"type":"Feature","properties":{"v":31.61},"geometry":{"type":"Polygon","coordinates":[[[-76.6003503899898,3.400015552558295],[-76.55035016127572,3.400015552558295],[-76.55035016127572,3.4500157812723873],[-76.6003503899898,3.4500157812723873],[-76.6003503899898,3.400015552558295]]]}},{"type":"Feature","properties":{"v":37.6},"geometry":{"type":"Polygon","coordinates":[[[-76.55035016127572,3.400015552558295],[-76.50034993256162,3.400015552558295],[-76.50034993256162,3.4500157812723873],[-76.55035016127572,3.4500157812723873],[-76.55035016127572,3.400015552558295]]]}},{"type":"Feature","properties":{"v":40.82},"geometry":{"type":"Polygon","coordinates":[[[-76.50034993256162,3.400015552558295],[-76.45034970384752,3.400015552558295],[-76.45034970384752,3.4500157812723873],[-76.50034993256162,3.4500157812723873],[-76.50034993256162,3.400015552558295]]]}},{"type":"Feature","properties":{"v":42.09},"geometry":{"type":"Polygon","coordinates":[[[-76.45034970384752,3.400015552558295],[-76.40034947513344,3.400015552558295],[-76.40034947513344,3.4500157812723873],[-76.45034970384752,3.4500157812723873],[-76.45034970384752,3.400015552558295]]]}},{"type":"Feature","properties":{"v":43.32},"geometry":{"type":"Polygon","coordinates":[[[-76.40034947513344,3.400015552558295],[-76.35034924641934,3.400015552558295],[-76.35034924641934,3.4500157812723873],[-76.40034947513344,3.4500157812723873],[-76.40034947513344,3.400015552558295]]]}},{"type":"Feature","properties":{"v":43.79},"geometry":{"type":"Polygon","coordinates":[[[-76.35034924641934,3.400015552558295],[-76.30034901770524,3.400015552558295],[-76.30034901770524,3.4500157812723873],[-76.35034924641934,3.4500157812723873],[-76.35034924641934,3.400015552558295]]]}},{"type":"Feature","properties":{"v":40.76},"geometry":{"type":"Polygon","coordinates":[[[-76.30034901770524,3.400015552558295],[-76.25034878899116,3.400015552558295],[-76.25034878899116,3.4500157812723873],[-76.30034901770524,3.4500157812723873],[-76.30034901770524,3.400015552558295]]]}},{"type":"Feature","properties":{"v":39.29},"geometry":{"type":"Polygon","coordinates":[[[-76.25034878899116,3.400015552558295],[-76.20034856027706,3.400015552558295],[-76.20034856027706,3.4500157812723873],[-76.25034878899116,3.4500157812723873],[-76.25034878899116,3.400015552558295]]]}},{"type":"Feature","properties":{"v":35.97},"geometry":{"type":"Polygon","coordinates":[[[-76.20034856027706,3.400015552558295],[-76.15034833156297,3.400015552558295],[-76.15034833156297,3.4500157812723873],[-76.20034856027706,3.4500157812723873],[-76.20034856027706,3.400015552558295]]]}},{"type":"Feature","properties":{"v":38.21},"geometry":{"type":"Polygon","coordinates":[[[-76.15034833156297,3.400015552558295],[-76.10034810284888,3.400015552558295],[-76.10034810284888,3.4500157812723873],[-76.15034833156297,3.4500157812723873],[-76.15034833156297,3.400015552558295]]]}},{"type":"Feature","properties":{"v":36.06},"geometry":{"type":"Polygon","coordinates":[[[-76.10034810284888,3.400015552558295],[-76.05034787413479,3.400015552558295],[-76.05034787413479,3.4500157812723873],[-76.10034810284888,3.4500157812723873],[-76.10034810284888,3.400015552558295]]]}},{"type":"Feature","properties":{"v":35.31},"geometry":{"type":"Polygon","coordinates":[[[-76.05034787413479,3.400015552558295],[-76.00034764542069,3.400015552558295],[-76.00034764542069,3.4500157812723873],[-76.05034787413479,3.4500157812723873],[-76.05034787413479,3.400015552558295]]]}},{"type":"Feature","properties":{"v":34.55},"geometry":{"type":"Polygon","coordinates":[[[-76.00034764542069,3.400015552558295],[-75.9503474167066,3.400015552558295],[-75.9503474167066,3.4500157812723873],[-76.00034764542069,3.4500157812723873],[-76.00034764542069,3.400015552558295]]]}},{"type":"Feature","properties":{"v":27.96},"geometry":{"type":"Polygon","coordinates":[[[-75.9503474167066,3.400015552558295],[-75.90034718799251,3.400015552558295],[-75.90034718799251,3.4500157812723873],[-75.9503474167066,3.4500157812723873],[-75.9503474167066,3.400015552558295]]]}},{"type":"Feature","properties":{"v":21.91},"geometry":{"type":"Polygon","coordinates":[[[-75.90034718799251,3.400015552558295],[-75.85034695927841,3.400015552558295],[-75.85034695927841,3.4500157812723873],[-75.90034718799251,3.4500157812723873],[-75.90034718799251,3.400015552558295]]]}},{"type":"Feature","properties":{"v":23.67},"geometry":{"type":"Polygon","coordinates":[[[-75.85034695927841,3.400015552558295],[-75.80034673056433,3.400015552558295],[-75.80034673056433,3.4500157812723873],[-75.85034695927841,3.4500157812723873],[-75.85034695927841,3.400015552558295]]]}},{"type":"Feature","properties":{"v":22.05},"geometry":{"type":"Polygon","coordinates":[[[-75.80034673056433,3.400015552558295],[-75.75034650185023,3.400015552558295],[-75.75034650185023,3.4500157812723873],[-75.80034673056433,3.4500157812723873],[-75.80034673056433,3.400015552558295]]]}},{"type":"Feature","properties":{"v":0.0},"geometry":{"type":"Polygon","coordinates":[[[-75.75034650185023,3.400015552558295],[-75.70034627313613,3.400015552558295],[-75.70034627313613,3.4500157812723873],[-75.75034650185023,3.4500157812723873],[-75.75034650185023,3.400015552558295]]]}},{"type":"Feature","properties":{"v":0.0},"geometry":{"type":"Polygon","coordinates":[[[-75.70034627313613,3.400015552558295],[-75.65034604442205,3.400015552558295],[-75.65034604442205,3.4500157812723873],[-75.70034627313613,3.4500157812723873],[-75.70034627313613,3.400015552558295]]]}},{"type":"Feature","properties":{"v":0.0},"geometry":{"type":"Polygon","coordinates":[[[-75.65034604442205,3.400015552558295],[-75.60034581570795,3.400015552558295],[-75.60034581570795,3.4500157812723873],[-75.65034604442205,3.4500157812723873],[-75.65034604442205,3.400015552558295]]]}},{"type":"Feature","properties":{"v":0.0},"geometry":{"type":"Polygon","coordinates":[[[-75.60034581570795,3.400015552558295],[-75.55034558699386,3.400015552558295],[-75.55034558699386,3.4500157812723873],[-75.60034581570795,3.4500157812723873],[-75.60034581570795,3.400015552558295]]]}},{"type":"Feature","properties":{"v":0.0},"geometry":{"type":"Polygon","coordinates":[[[-75.55034558699386,3.400015552558295],[-75.50034535827977,3.400015552558295],[-75.50034535827977,3.4500157812723873],[-75.55034558699386,3.4500157812723873],[-75.55034558699386,3.400015552558295]]]}},{"type":"Feature","properties":{"v":0.0},"geometry":{"type":"Polygon","coordinates":[[[-75.50034535827977,3.400015552558295],[-75.45034512956568,3.400015552558295],[-75.45034512956568,3.4500157812723873],[-75.50034535827977,3.4500157812723873],[-75.50034535827977,3.400015552558295]]]}},{"type":"Feature","properties":{"v":0.0},"geometry":{"type":"Polygon","coordinates":[[[-75.45034512956568,3.400015552558295],[-75.40034490085158,3.400015552558295],[-75.40034490085158,3.4500157812723873],[-75.45034512956568,3.4500157812723873],[-75.45034512956568,3.400015552558295]]]}},{"type":"Feature","properties":{"v":0.0},"geometry":{"type":"Polygon","coordinates":[[[-75.40034490085158,3.400015552558295],[-75.3503446721375,3.400015552558295],[-75.3503446721375,3.4500157812723873],[-75.40034490085158,3.4500157812723873],[-75.40034490085158,3.400015552558295]]]}},{"type":"Feature","properties":{"v":25.65},"geometry":{"type":"Polygon","coordinates":[[[-75.3503446721375,3.400015552558295],[-75.3003444434234,3.400015552558295],[-75.3003444434234,3.4500157812723873],[-75.3503446721375,3.4500157812723873],[-75.3503446721375,3.400015552558295]]]}},{"type":"Feature","properties":{"v":15.94},"geometry":{"type":"Polygon","coordinates":[[[-75.3003444434234,3.400015552558295],[-75.2503442147093,3.400015552558295],[-75.2503442147093,3.4500157812723873],[-75.3003444434234,3.4500157812723873],[-75.3003444434234,3.400015552558295]]]}},{"type":"Feature","properties":{"v":0.0},"geometry":{"type":"Polygon","coordinates":[[[-75.2503442147093,3.400015552558295],[-75.20034398599522,3.400015552558295],[-75.20034398599522,3.4500157812723873],[-75.2503442147093,3.4500157812723873],[-75.2503442147093,3.400015552558295]]]}},{"type":"Feature","properties":{"v":0.0},"geometry":{"type":"Polygon","coordinates":[[[-75.20034398599522,3.400015552558295],[-75.15034375728112,3.400015552558295],[-75.15034375728112,3.4500157812723873],[-75.20034398599522,3.4500157812723873],[-75.20034398599522,3.400015552558295]]]}},{"type":"Feature","properties":{"v":0.0},"geometry":{"type":"Polygon","coordinates":[[[-75.15034375728112,3.400015552558295],[-75.10034352856702,3.400015552558295],[-75.10034352856702,3.4500157812723873],[-75.15034375728112,3.4500157812723873],[-75.15034375728112,3.400015552558295]]]}},{"type":"Feature","properties":{"v":47.8},"geometry":{"type":"Polygon","coordinates":[[[-77.45035427812938,3.350015323844202],[-77.40035404941528,3.350015323844202],[-77.40035404941528,3.400015552558295],[-77.45035427812938,3.400015552558295],[-77.45035427812938,3.350015323844202]]]}},{"type":"Feature","properties":{"v":44.52},"geometry":{"type":"Polygon","coordinates":[[[-77.40035404941528,3.350015323844202],[-77.35035382070119,3.350015323844202],[-77.35035382070119,3.400015552558295],[-77.40035404941528,3.400015552558295],[-77.40035404941528,3.350015323844202]]]}},{"type":"Feature","properties":{"v":39.28},"geometry":{"type":"Polygon","coordinates":[[[-77.35035382070119,3.350015323844202],[-77.3003535919871,3.350015323844202],[-77.3003535919871,3.400015552558295],[-77.35035382070119,3.400015552558295],[-77.35035382070119,3.350015323844202]]]}},{"type":"Feature","properties":{"v":39.04},"geometry":{"type":"Polygon","coordinates":[[[-77.3003535919871,3.350015323844202],[-77.250353363273,3.350015323844202],[-77.250353363273,3.400015552558295],[-77.3003535919871,3.400015552558295],[-77.3003535919871,3.350015323844202]]]}},{"type":"Feature","properties":{"v":38.5},"geometry":{"type":"Polygon","coordinates":[[[-77.250353363273,3.350015323844202],[-77.20035313455891,3.350015323844202],[-77.20035313455891,3.400015552558295],[-77.250353363273,3.400015552558295],[-77.250353363273,3.350015323844202]]]}},{"type":"Feature","properties":{"v":35.98},"geometry":{"type":"Polygon","coordinates":[[[-77.20035313455891,3.350015323844202],[-77.15035290584483,3.350015323844202],[-77.15035290584483,3.400015552558295],[-77.20035313455891,3.400015552558295],[-77.20035313455891,3.350015323844202]]]}},{"type":"Feature","properties":{"v":35.04},"geometry":{"type":"Polygon","coordinates":[[[-77.15035290584483,3.350015323844202],[-77.10035267713073,3.350015323844202],[-77.10035267713073,3.400015552558295],[-77.15035290584483,3.400015552558295],[-77.15035290584483,3.350015323844202]]]}},{"type":"Feature","properties":{"v":35.75},"geometry":{"type":"Polygon","coordinates":[[[-77.10035267713073,3.350015323844202],[-77.05035244841663,3.350015323844202],[-77.05035244841663,3.400015552558295],[-77.10035267713073,3.400015552558295],[-77.10035267713073,3.350015323844202]]]}},{"type":"Feature","properties":{"v":37.42},"geometry":{"type":"Polygon","coordinates":[[[-77.05035244841663,3.350015323844202],[-77.00035221970255,3.350015323844202],[-77.00035221970255,3.400015552558295],[-77.05035244841663,3.400015552558295],[-77.05035244841663,3.350015323844202]]]}},{"type":"Feature","properties":{"v":39.83},"geometry":{"type":"Polygon","coordinates":[[[-77.00035221970255,3.350015323844202],[-76.95035199098845,3.350015323844202],[-76.95035199098845,3.400015552558295],[-77.00035221970255,3.400015552558295],[-77.00035221970255,3.350015323844202]]]}},{"type":"Feature","properties":{"v":42.72},"geometry":{"type":"Polygon","coordinates":[[[-76.95035199098845,3.350015323844202],[-76.90035176227435,3.350015323844202],[-76.90035176227435,3.400015552558295],[-76.95035199098845,3.400015552558295],[-76.95035199098845,3.350015323844202]]]}},{"type":"Feature","properties":{"v":45.39},"geometry":{"type":"Polygon","coordinates":[[[-76.90035176227435,3.350015323844202],[-76.85035153356027,3.350015323844202],[-76.85035153356027,3.400015552558295],[-76.90035176227435,3.400015552558295],[-76.90035176227435,3.350015323844202]]]}},{"type":"Feature","properties":{"v":44.64},"geometry":{"type":"Polygon","coordinates":[[[-76.85035153356027,3.350015323844202],[-76.80035130484617,3.350015323844202],[-76.80035130484617,3.400015552558295],[-76.85035153356027,3.400015552558295],[-76.85035153356027,3.350015323844202]]]}},{"type":"Feature","properties":{"v":44.86},"geometry":{"type":"Polygon","coordinates":[[[-76.80035130484617,3.350015323844202],[-76.75035107613208,3.350015323844202],[-76.75035107613208,3.400015552558295],[-76.80035130484617,3.400015552558295],[-76.80035130484617,3.350015323844202]]]}},{"type":"Feature","properties":{"v":33.89},"geometry":{"type":"Polygon","coordinates":[[[-76.75035107613208,3.350015323844202],[-76.700350847418,3.350015323844202],[-76.700350847418,3.400015552558295],[-76.75035107613208,3.400015552558295],[-76.75035107613208,3.350015323844202]]]}},{"type":"Feature","properties":{"v":34.85},"geometry":{"type":"Polygon","coordinates":[[[-76.700350847418,3.350015323844202],[-76.6503506187039,3.350015323844202],[-76.6503506187039,3.400015552558295],[-76.700350847418,3.400015552558295],[-76.700350847418,3.350015323844202]]]}},{"type":"Feature","properties":{"v":26.75},"geometry":{"type":"Polygon","coordinates":[[[-76.6503506187039,3.350015323844202],[-76.6003503899898,3.350015323844202],[-76.6003503899898,3.400015552558295],[-76.6503506187039,3.400015552558295],[-76.6503506187039,3.350015323844202]]]}},{"type":"Feature","properties":{"v":31.44},"geometry":{"type":"Polygon","coordinates":[[[-76.6003503899898,3.350015323844202],[-76.55035016127572,3.350015323844202],[-76.55035016127572,3.400015552558295],[-76.6003503899898,3.400015552558295],[-76.6003503899898,3.350015323844202]]]}},{"type":"Feature","properties":{"v":35.53},"geometry":{"type":"Polygon","coordinates":[[[-76.55035016127572,3.350015323844202],[-76.50034993256162,3.350015323844202],[-76.50034993256162,3.400015552558295],[-76.55035016127572,3.400015552558295],[-76.55035016127572,3.350015323844202]]]}},{"type":"Feature","properties":{"v":40.05},"geometry":{"type":"Polygon","coordinates":[[[-76.50034993256162,3.350015323844202],[-76.45034970384752,3.350015323844202],[-76.45034970384752,3.400015552558295],[-76.50034993256162,3.400015552558295],[-76.50034993256162,3.350015323844202]]]}},{"type":"Feature","properties":{"v":43.36},"geometry":{"type":"Polygon","coordinates":[[[-76.45034970384752,3.350015323844202],[-76.40034947513344,3.350015323844202],[-76.40034947513344,3.400015552558295],[-76.45034970384752,3.400015552558295],[-76.45034970384752,3.350015323844202]]]}},{"type":"Feature","properties":{"v":43.0},"geometry":{"type":"Polygon","coordinates":[[[-76.40034947513344,3.350015323844202],[-76.35034924641934,3.350015323844202],[-76.35034924641934,3.400015552558295],[-76.40034947513344,3.400015552558295],[-76.40034947513344,3.350015323844202]]]}},{"type":"Feature","properties":{"v":46.38},"geometry":{"type":"Polygon","coordinates":[[[-76.35034924641934,3.350015323844202],[-76.30034901770524,3.350015323844202],[-76.30034901770524,3.400015552558295],[-76.35034924641934,3.400015552558295],[-76.35034924641934,3.350015323844202]]]}},{"type":"Feature","properties":{"v":48.67},"geometry":{"type":"Polygon","coordinates":[[[-76.30034901770524,3.350015323844202],[-76.25034878899116,3.350015323844202],[-76.25034878899116,3.400015552558295],[-76.30034901770524,3.400015552558295],[-76.30034901770524,3.350015323844202]]]}},{"type":"Feature","properties":{"v":44.91},"geometry":{"type":"Polygon","coordinates":[[[-76.25034878899116,3.350015323844202],[-76.20034856027706,3.350015323844202],[-76.20034856027706,3.400015552558295],[-76.25034878899116,3.400015552558295],[-76.25034878899116,3.350015323844202]]]}},{"type":"Feature","properties":{"v":38.5},"geometry":{"type":"Polygon","coordinates":[[[-76.20034856027706,3.350015323844202],[-76.15034833156297,3.350015323844202],[-76.15034833156297,3.400015552558295],[-76.20034856027706,3.400015552558295],[-76.20034856027706,3.350015323844202]]]}},{"type":"Feature","properties":{"v":37.79},"geometry":{"type":"Polygon","coordinates":[[[-76.15034833156297,3.350015323844202],[-76.10034810284888,3.350015323844202],[-76.10034810284888,3.400015552558295],[-76.15034833156297,3.400015552558295],[-76.15034833156297,3.350015323844202]]]}},{"type":"Feature","properties":{"v":34.34},"geometry":{"type":"Polygon","coordinates":[[[-76.10034810284888,3.350015323844202],[-76.05034787413479,3.350015323844202],[-76.05034787413479,3.400015552558295],[-76.10034810284888,3.400015552558295],[-76.10034810284888,3.350015323844202]]]}},{"type":"Feature","properties":{"v":38.42},"geometry":{"type":"Polygon","coordinates":[[[-76.05034787413479,3.350015323844202],[-76.00034764542069,3.350015323844202],[-76.00034764542069,3.400015552558295],[-76.05034787413479,3.400015552558295],[-76.05034787413479,3.350015323844202]]]}},{"type":"Feature","properties":{"v":28.24},"geometry":{"type":"Polygon","coordinates":[[[-76.00034764542069,3.350015323844202],[-75.9503474167066,3.350015323844202],[-75.9503474167066,3.400015552558295],[-76.00034764542069,3.400015552558295],[-76.00034764542069,3.350015323844202]]]}},{"type":"Feature","properties":{"v":23.85},"geometry":{"type":"Polygon","coordinates":[[[-75.9503474167066,3.350015323844202],[-75.90034718799251,3.350015323844202],[-75.90034718799251,3.400015552558295],[-75.9503474167066,3.400015552558295],[-75.9503474167066,3.350015323844202]]]}},{"type":"Feature","properties":{"v":26.17},"geometry":{"type":"Polygon","coordinates":[[[-75.90034718799251,3.350015323844202],[-75.85034695927841,3.350015323844202],[-75.85034695927841,3.400015552558295],[-75.90034718799251,3.400015552558295],[-75.90034718799251,3.350015323844202]]]}},{"type":"Feature","properties":{"v":20.3},"geometry":{"type":"Polygon","coordinates":[[[-75.85034695927841,3.350015323844202],[-75.80034673056433,3.350015323844202],[-75.80034673056433,3.400015552558295],[-75.85034695927841,3.400015552558295],[-75.85034695927841,3.350015323844202]]]}},{"type":"Feature","properties":{"v":18.64},"geometry":{"type":"Polygon","coordinates":[[[-75.80034673056433,3.350015323844202],[-75.75034650185023,3.350015323844202],[-75.75034650185023,3.400015552558295],[-75.80034673056433,3.400015552558295],[-75.80034673056433,3.350015323844202]]]}},{"type":"Feature","properties":{"v":22.54},"geometry":{"type":"Polygon","coordinates":[[[-75.75034650185023,3.350015323844202],[-75.70034627313613,3.350015323844202],[-75.70034627313613,3.400015552558295],[-75.75034650185023,3.400015552558295],[-75.75034650185023,3.350015323844202]]]}},{"type":"Feature","properties":{"v":0.0},"geometry":{"type":"Polygon","coordinates":[[[-75.70034627313613,3.350015323844202],[-75.65034604442205,3.350015323844202],[-75.65034604442205,3.400015552558295],[-75.70034627313613,3.400015552558295],[-75.70034627313613,3.350015323844202]]]}},{"type":"Feature","properties":{"v":0.0},"geometry":{"type":"Polygon","coordinates":[[[-75.65034604442205,3.350015323844202],[-75.60034581570795,3.350015323844202],[-75.60034581570795,3.400015552558295],[-75.65034604442205,3.400015552558295],[-75.65034604442205,3.350015323844202]]]}},{"type":"Feature","properties":{"v":0.0},"geometry":{"type":"Polygon","coordinates":[[[-75.60034581570795,3.350015323844202],[-75.55034558699386,3.350015323844202],[-75.55034558699386,3.400015552558295],[-75.60034581570795,3.400015552558295],[-75.60034581570795,3.350015323844202]]]}},{"type":"Feature","properties":{"v":0.0},"geometry":{"type":"Polygon","coordinates":[[[-75.55034558699386,3.350015323844202],[-75.50034535827977,3.350015323844202],[-75.50034535827977,3.400015552558295],[-75.55034558699386,3.400015552558295],[-75.55034558699386,3.350015323844202]]]}},{"type":"Feature","properties":{"v":0.0},"geometry":{"type":"Polygon","coordinates":[[[-75.50034535827977,3.350015323844202],[-75.45034512956568,3.350015323844202],[-75.45034512956568,3.400015552558295],[-75.50034535827977,3.400015552558295],[-75.50034535827977,3.350015323844202]]]}},{"type":"Feature","properties":{"v":0.0},"geometry":{"type":"Polygon","coordinates":[[[-75.45034512956568,3.350015323844202],[-75.40034490085158,3.350015323844202],[-75.40034490085158,3.400015552558295],[-75.45034512956568,3.400015552558295],[-75.45034512956568,3.350015323844202]]]}},{"type":"Feature","properties":{"v":0.0},"geometry":{"type":"Polygon","coordinates":[[[-75.40034490085158,3.350015323844202],[-75.3503446721375,3.350015323844202],[-75.3503446721375,3.400015552558295],[-75.40034490085158,3.400015552558295],[-75.40034490085158,3.350015323844202]]]}},{"type":"Feature","properties":{"v":23.36},"geometry":{"type":"Polygon","coordinates":[[[-75.3503446721375,3.350015323844202],[-75.3003444434234,3.350015323844202],[-75.3003444434234,3.400015552558295],[-75.3503446721375,3.400015552558295],[-75.3503446721375,3.350015323844202]]]}},{"type":"Feature","properties":{"v":0.0},"geometry":{"type":"Polygon","coordinates":[[[-75.3003444434234,3.350015323844202],[-75.2503442147093,3.350015323844202],[-75.2503442147093,3.400015552558295],[-75.3003444434234,3.400015552558295],[-75.3003444434234,3.350015323844202]]]}},{"type":"Feature","properties":{"v":0.0},"geometry":{"type":"Polygon","coordinates":[[[-75.2503442147093,3.350015323844202],[-75.20034398599522,3.350015323844202],[-75.20034398599522,3.400015552558295],[-75.2503442147093,3.400015552558295],[-75.2503442147093,3.350015323844202]]]}},{"type":"Feature","properties":{"v":0.0},"geometry":{"type":"Polygon","coordinates":[[[-75.20034398599522,3.350015323844202],[-75.15034375728112,3.350015323844202],[-75.15034375728112,3.400015552558295],[-75.20034398599522,3.400015552558295],[-75.20034398599522,3.350015323844202]]]}},{"type":"Feature","properties":{"v":0.0},"geometry":{"type":"Polygon","coordinates":[[[-75.15034375728112,3.350015323844202],[-75.10034352856702,3.350015323844202],[-75.10034352856702,3.400015552558295],[-75.15034375728112,3.400015552558295],[-75.15034375728112,3.350015323844202]]]}},{"type":"Feature","properties":{"v":40.75},"geometry":{"type":"Polygon","coordinates":[[[-77.55035473555756,3.3000150951301097],[-77.50035450684346,3.3000150951301097],[-77.50035450684346,3.350015323844202],[-77.55035473555756,3.350015323844202],[-77.55035473555756,3.3000150951301097]]]}},{"type":"Feature","properties":{"v":48.93},"geometry":{"type":"Polygon","coordinates":[[[-77.50035450684346,3.3000150951301097],[-77.45035427812938,3.3000150951301097],[-77.45035427812938,3.350015323844202],[-77.50035450684346,3.350015323844202],[-77.50035450684346,3.3000150951301097]]]}},{"type":"Feature","properties":{"v":48.33},"geometry":{"type":"Polygon","coordinates":[[[-77.45035427812938,3.3000150951301097],[-77.40035404941528,3.3000150951301097],[-77.40035404941528,3.350015323844202],[-77.45035427812938,3.350015323844202],[-77.45035427812938,3.3000150951301097]]]}},{"type":"Feature","properties":{"v":46.56},"geometry":{"type":"Polygon","coordinates":[[[-77.40035404941528,3.3000150951301097],[-77.35035382070119,3.3000150951301097],[-77.35035382070119,3.350015323844202],[-77.40035404941528,3.350015323844202],[-77.40035404941528,3.3000150951301097]]]}},{"type":"Feature","properties":{"v":41.95},"geometry":{"type":"Polygon","coordinates":[[[-77.35035382070119,3.3000150951301097],[-77.3003535919871,3.3000150951301097],[-77.3003535919871,3.350015323844202],[-77.35035382070119,3.350015323844202],[-77.35035382070119,3.3000150951301097]]]}},{"type":"Feature","properties":{"v":42.66},"geometry":{"type":"Polygon","coordinates":[[[-77.3003535919871,3.3000150951301097],[-77.250353363273,3.3000150951301097],[-77.250353363273,3.350015323844202],[-77.3003535919871,3.350015323844202],[-77.3003535919871,3.3000150951301097]]]}},{"type":"Feature","properties":{"v":41.81},"geometry":{"type":"Polygon","coordinates":[[[-77.250353363273,3.3000150951301097],[-77.20035313455891,3.3000150951301097],[-77.20035313455891,3.350015323844202],[-77.250353363273,3.350015323844202],[-77.250353363273,3.3000150951301097]]]}},{"type":"Feature","properties":{"v":40.56},"geometry":{"type":"Polygon","coordinates":[[[-77.20035313455891,3.3000150951301097],[-77.15035290584483,3.3000150951301097],[-77.15035290584483,3.350015323844202],[-77.20035313455891,3.350015323844202],[-77.20035313455891,3.3000150951301097]]]}},{"type":"Feature","properties":{"v":38.37},"geometry":{"type":"Polygon","coordinates":[[[-77.15035290584483,3.3000150951301097],[-77.10035267713073,3.3000150951301097],[-77.10035267713073,3.350015323844202],[-77.15035290584483,3.350015323844202],[-77.15035290584483,3.3000150951301097]]]}},{"type":"Feature","properties":{"v":37.16},"geometry":{"type":"Polygon","coordinates":[[[-77.10035267713073,3.3000150951301097],[-77.05035244841663,3.3000150951301097],[-77.05035244841663,3.350015323844202],[-77.10035267713073,3.350015323844202],[-77.10035267713073,3.3000150951301097]]]}},{"type":"Feature","properties":{"v":37.31},"geometry":{"type":"Polygon","coordinates":[[[-77.05035244841663,3.3000150951301097],[-77.00035221970255,3.3000150951301097],[-77.00035221970255,3.350015323844202],[-77.05035244841663,3.350015323844202],[-77.05035244841663,3.3000150951301097]]]}},{"type":"Feature","properties":{"v":39.55},"geometry":{"type":"Polygon","coordinates":[[[-77.00035221970255,3.3000150951301097],[-76.95035199098845,3.3000150951301097],[-76.95035199098845,3.350015323844202],[-77.00035221970255,3.350015323844202],[-77.00035221970255,3.3000150951301097]]]}},{"type":"Feature","properties":{"v":44.36},"geometry":{"type":"Polygon","coordinates":[[[-76.95035199098845,3.3000150951301097],[-76.90035176227435,3.3000150951301097],[-76.90035176227435,3.350015323844202],[-76.95035199098845,3.350015323844202],[-76.95035199098845,3.3000150951301097]]]}},{"type":"Feature","properties":{"v":46.52},"geometry":{"type":"Polygon","coordinates":[[[-76.90035176227435,3.3000150951301097],[-76.85035153356027,3.3000150951301097],[-76.85035153356027,3.350015323844202],[-76.90035176227435,3.350015323844202],[-76.90035176227435,3.3000150951301097]]]}},{"type":"Feature","properties":{"v":40.09},"geometry":{"type":"Polygon","coordinates":[[[-76.85035153356027,3.3000150951301097],[-76.80035130484617,3.3000150951301097],[-76.80035130484617,3.350015323844202],[-76.85035153356027,3.350015323844202],[-76.85035153356027,3.3000150951301097]]]}},{"type":"Feature","properties":{"v":41.04},"geometry":{"type":"Polygon","coordinates":[[[-76.80035130484617,3.3000150951301097],[-76.75035107613208,3.3000150951301097],[-76.75035107613208,3.350015323844202],[-76.80035130484617,3.350015323844202],[-76.80035130484617,3.3000150951301097]]]}},{"type":"Feature","properties":{"v":34.98},"geometry":{"type":"Polygon","coordinates":[[[-76.75035107613208,3.3000150951301097],[-76.700350847418,3.3000150951301097],[-76.700350847418,3.350015323844202],[-76.75035107613208,3.350015323844202],[-76.75035107613208,3.3000150951301097]]]}},{"type":"Feature","properties":{"v":34.65},"geometry":{"type":"Polygon","coordinates":[[[-76.700350847418,3.3000150951301097],[-76.6503506187039,3.3000150951301097],[-76.6503506187039,3.350015323844202],[-76.700350847418,3.350015323844202],[-76.700350847418,3.3000150951301097]]]}},{"type":"Feature","properties":{"v":27.6},"geometry":{"type":"Polygon","coordinates":[[[-76.6503506187039,3.3000150951301097],[-76.6003503899898,3.3000150951301097],[-76.6003503899898,3.350015323844202],[-76.6503506187039,3.350015323844202],[-76.6503506187039,3.3000150951301097]]]}},{"type":"Feature","properties":{"v":38.27},"geometry":{"type":"Polygon","coordinates":[[[-76.6003503899898,3.3000150951301097],[-76.55035016127572,3.3000150951301097],[-76.55035016127572,3.350015323844202],[-76.6003503899898,3.350015323844202],[-76.6003503899898,3.3000150951301097]]]}},{"type":"Feature","properties":{"v":35.9},"geometry":{"type":"Polygon","coordinates":[[[-76.55035016127572,3.3000150951301097],[-76.50034993256162,3.3000150951301097],[-76.50034993256162,3.350015323844202],[-76.55035016127572,3.350015323844202],[-76.55035016127572,3.3000150951301097]]]}},{"type":"Feature","properties":{"v":41.04},"geometry":{"type":"Polygon","coordinates":[[[-76.50034993256162,3.3000150951301097],[-76.45034970384752,3.3000150951301097],[-76.45034970384752,3.350015323844202],[-76.50034993256162,3.350015323844202],[-76.50034993256162,3.3000150951301097]]]}},{"type":"Feature","properties":{"v":43.45},"geometry":{"type":"Polygon","coordinates":[[[-76.45034970384752,3.3000150951301097],[-76.40034947513344,3.3000150951301097],[-76.40034947513344,3.350015323844202],[-76.45034970384752,3.350015323844202],[-76.45034970384752,3.3000150951301097]]]}},{"type":"Feature","properties":{"v":49.08},"geometry":{"type":"Polygon","coordinates":[[[-76.40034947513344,3.3000150951301097],[-76.35034924641934,3.3000150951301097],[-76.35034924641934,3.350015323844202],[-76.40034947513344,3.350015323844202],[-76.40034947513344,3.3000150951301097]]]}},{"type":"Feature","properties":{"v":50.88},"geometry":{"type":"Polygon","coordinates":[[[-76.35034924641934,3.3000150951301097],[-76.30034901770524,3.3000150951301097],[-76.30034901770524,3.350015323844202],[-76.35034924641934,3.350015323844202],[-76.35034924641934,3.3000150951301097]]]}},{"type":"Feature","properties":{"v":49.49},"geometry":{"type":"Polygon","coordinates":[[[-76.30034901770524,3.3000150951301097],[-76.25034878899116,3.3000150951301097],[-76.25034878899116,3.350015323844202],[-76.30034901770524,3.350015323844202],[-76.30034901770524,3.3000150951301097]]]}},{"type":"Feature","properties":{"v":42.31},"geometry":{"type":"Polygon","coordinates":[[[-76.25034878899116,3.3000150951301097],[-76.20034856027706,3.3000150951301097],[-76.20034856027706,3.350015323844202],[-76.25034878899116,3.350015323844202],[-76.25034878899116,3.3000150951301097]]]}},{"type":"Feature","properties":{"v":43.15},"geometry":{"type":"Polygon","coordinates":[[[-76.20034856027706,3.3000150951301097],[-76.15034833156297,3.3000150951301097],[-76.15034833156297,3.350015323844202],[-76.20034856027706,3.350015323844202],[-76.20034856027706,3.3000150951301097]]]}},{"type":"Feature","properties":{"v":39.61},"geometry":{"type":"Polygon","coordinates":[[[-76.15034833156297,3.3000150951301097],[-76.10034810284888,3.3000150951301097],[-76.10034810284888,3.350015323844202],[-76.15034833156297,3.350015323844202],[-76.15034833156297,3.3000150951301097]]]}},{"type":"Feature","properties":{"v":37.73},"geometry":{"type":"Polygon","coordinates":[[[-76.10034810284888,3.3000150951301097],[-76.05034787413479,3.3000150951301097],[-76.05034787413479,3.350015323844202],[-76.10034810284888,3.350015323844202],[-76.10034810284888,3.3000150951301097]]]}},{"type":"Feature","properties":{"v":32.75},"geometry":{"type":"Polygon","coordinates":[[[-76.05034787413479,3.3000150951301097],[-76.00034764542069,3.3000150951301097],[-76.00034764542069,3.350015323844202],[-76.05034787413479,3.350015323844202],[-76.05034787413479,3.3000150951301097]]]}},{"type":"Feature","properties":{"v":27.34},"geometry":{"type":"Polygon","coordinates":[[[-76.00034764542069,3.3000150951301097],[-75.9503474167066,3.3000150951301097],[-75.9503474167066,3.350015323844202],[-76.00034764542069,3.350015323844202],[-76.00034764542069,3.3000150951301097]]]}},{"type":"Feature","properties":{"v":26.27},"geometry":{"type":"Polygon","coordinates":[[[-75.9503474167066,3.3000150951301097],[-75.90034718799251,3.3000150951301097],[-75.90034718799251,3.350015323844202],[-75.9503474167066,3.350015323844202],[-75.9503474167066,3.3000150951301097]]]}},{"type":"Feature","properties":{"v":22.46},"geometry":{"type":"Polygon","coordinates":[[[-75.90034718799251,3.3000150951301097],[-75.85034695927841,3.3000150951301097],[-75.85034695927841,3.350015323844202],[-75.90034718799251,3.350015323844202],[-75.90034718799251,3.3000150951301097]]]}},{"type":"Feature","properties":{"v":26.54},"geometry":{"type":"Polygon","coordinates":[[[-75.85034695927841,3.3000150951301097],[-75.80034673056433,3.3000150951301097],[-75.80034673056433,3.350015323844202],[-75.85034695927841,3.350015323844202],[-75.85034695927841,3.3000150951301097]]]}},{"type":"Feature","properties":{"v":25.49},"geometry":{"type":"Polygon","coordinates":[[[-75.80034673056433,3.3000150951301097],[-75.75034650185023,3.3000150951301097],[-75.75034650185023,3.350015323844202],[-75.80034673056433,3.350015323844202],[-75.80034673056433,3.3000150951301097]]]}},{"type":"Feature","properties":{"v":20.24},"geometry":{"type":"Polygon","coordinates":[[[-75.75034650185023,3.3000150951301097],[-75.70034627313613,3.3000150951301097],[-75.70034627313613,3.350015323844202],[-75.75034650185023,3.350015323844202],[-75.75034650185023,3.3000150951301097]]]}},{"type":"Feature","properties":{"v":19.77},"geometry":{"type":"Polygon","coordinates":[[[-75.70034627313613,3.3000150951301097],[-75.65034604442205,3.3000150951301097],[-75.65034604442205,3.350015323844202],[-75.70034627313613,3.350015323844202],[-75.70034627313613,3.3000150951301097]]]}},{"type":"Feature","properties":{"v":0.0},"geometry":{"type":"Polygon","coordinates":[[[-75.65034604442205,3.3000150951301097],[-75.60034581570795,3.3000150951301097],[-75.60034581570795,3.350015323844202],[-75.65034604442205,3.350015323844202],[-75.65034604442205,3.3000150951301097]]]}},{"type":"Feature","properties":{"v":0.0},"geometry":{"type":"Polygon","coordinates":[[[-75.60034581570795,3.3000150951301097],[-75.55034558699386,3.3000150951301097],[-75.55034558699386,3.350015323844202],[-75.60034581570795,3.350015323844202],[-75.60034581570795,3.3000150951301097]]]}},{"type":"Feature","properties":{"v":0.0},"geometry":{"type":"Polygon","coordinates":[[[-75.55034558699386,3.3000150951301097],[-75.50034535827977,3.3000150951301097],[-75.50034535827977,3.350015323844202],[-75.55034558699386,3.350015323844202],[-75.55034558699386,3.3000150951301097]]]}},{"type":"Feature","properties":{"v":0.0},"geometry":{"type":"Polygon","coordinates":[[[-75.50034535827977,3.3000150951301097],[-75.45034512956568,3.3000150951301097],[-75.45034512956568,3.350015323844202],[-75.50034535827977,3.350015323844202],[-75.50034535827977,3.3000150951301097]]]}},{"type":"Feature","properties":{"v":0.0},"geometry":{"type":"Polygon","coordinates":[[[-75.45034512956568,3.3000150951301097],[-75.40034490085158,3.3000150951301097],[-75.40034490085158,3.350015323844202],[-75.45034512956568,3.350015323844202],[-75.45034512956568,3.3000150951301097]]]}},{"type":"Feature","properties":{"v":0.0},"geometry":{"type":"Polygon","coordinates":[[[-75.40034490085158,3.3000150951301097],[-75.3503446721375,3.3000150951301097],[-75.3503446721375,3.350015323844202],[-75.40034490085158,3.350015323844202],[-75.40034490085158,3.3000150951301097]]]}},{"type":"Feature","properties":{"v":0.0},"geometry":{"type":"Polygon","coordinates":[[[-75.3503446721375,3.3000150951301097],[-75.3003444434234,3.3000150951301097],[-75.3003444434234,3.350015323844202],[-75.3503446721375,3.350015323844202],[-75.3503446721375,3.3000150951301097]]]}},{"type":"Feature","properties":{"v":0.0},"geometry":{"type":"Polygon","coordinates":[[[-75.3003444434234,3.3000150951301097],[-75.2503442147093,3.3000150951301097],[-75.2503442147093,3.350015323844202],[-75.3003444434234,3.350015323844202],[-75.3003444434234,3.3000150951301097]]]}},{"type":"Feature","properties":{"v":0.0},"geometry":{"type":"Polygon","coordinates":[[[-75.2503442147093,3.3000150951301097],[-75.20034398599522,3.3000150951301097],[-75.20034398599522,3.350015323844202],[-75.2503442147093,3.350015323844202],[-75.2503442147093,3.3000150951301097]]]}},{"type":"Feature","properties":{"v":0.0},"geometry":{"type":"Polygon","coordinates":[[[-75.20034398599522,3.3000150951301097],[-75.15034375728112,3.3000150951301097],[-75.15034375728112,3.350015323844202],[-75.20034398599522,3.350015323844202],[-75.20034398599522,3.3000150951301097]]]}},{"type":"Feature","properties":{"v":0.0},"geometry":{"type":"Polygon","coordinates":[[[-75.15034375728112,3.3000150951301097],[-75.10034352856702,3.3000150951301097],[-75.10034352856702,3.350015323844202],[-75.15034375728112,3.350015323844202],[-75.15034375728112,3.3000150951301097]]]}},{"type":"Feature","properties":{"v":53.29},"geometry":{"type":"Polygon","coordinates":[[[-77.55035473555756,3.2500148664160173],[-77.50035450684346,3.2500148664160173],[-77.50035450684346,3.3000150951301097],[-77.55035473555756,3.3000150951301097],[-77.55035473555756,3.2500148664160173]]]}},{"type":"Feature","properties":{"v":52.74},"geometry":{"type":"Polygon","coordinates":[[[-77.50035450684346,3.2500148664160173],[-77.45035427812938,3.2500148664160173],[-77.45035427812938,3.3000150951301097],[-77.50035450684346,3.3000150951301097],[-77.50035450684346,3.2500148664160173]]]}},{"type":"Feature","properties":{"v":48.63},"geometry":{"type":"Polygon","coordinates":[[[-77.45035427812938,3.2500148664160173],[-77.40035404941528,3.2500148664160173],[-77.40035404941528,3.3000150951301097],[-77.45035427812938,3.3000150951301097],[-77.45035427812938,3.2500148664160173]]]}},{"type":"Feature","properties":{"v":47.46},"geometry":{"type":"Polygon","coordinates":[[[-77.40035404941528,3.2500148664160173],[-77.35035382070119,3.2500148664160173],[-77.35035382070119,3.3000150951301097],[-77.40035404941528,3.3000150951301097],[-77.40035404941528,3.2500148664160173]]]}},{"type":"Feature","properties":{"v":44.03},"geometry":{"type":"Polygon","coordinates":[[[-77.35035382070119,3.2500148664160173],[-77.3003535919871,3.2500148664160173],[-77.3003535919871,3.3000150951301097],[-77.35035382070119,3.3000150951301097],[-77.35035382070119,3.2500148664160173]]]}},{"type":"Feature","properties":{"v":40.94},"geometry":{"type":"Polygon","coordinates":[[[-77.3003535919871,3.2500148664160173],[-77.250353363273,3.2500148664160173],[-77.250353363273,3.3000150951301097],[-77.3003535919871,3.3000150951301097],[-77.3003535919871,3.2500148664160173]]]}},{"type":"Feature","properties":{"v":41.69},"geometry":{"type":"Polygon","coordinates":[[[-77.250353363273,3.2500148664160173],[-77.20035313455891,3.2500148664160173],[-77.20035313455891,3.3000150951301097],[-77.250353363273,3.3000150951301097],[-77.250353363273,3.2500148664160173]]]}},{"type":"Feature","properties":{"v":41.5},"geometry":{"type":"Polygon","coordinates":[[[-77.20035313455891,3.2500148664160173],[-77.15035290584483,3.2500148664160173],[-77.15035290584483,3.3000150951301097],[-77.20035313455891,3.3000150951301097],[-77.20035313455891,3.2500148664160173]]]}},{"type":"Feature","properties":{"v":41.94},"geometry":{"type":"Polygon","coordinates":[[[-77.15035290584483,3.2500148664160173],[-77.10035267713073,3.2500148664160173],[-77.10035267713073,3.3000150951301097],[-77.15035290584483,3.3000150951301097],[-77.15035290584483,3.2500148664160173]]]}},{"type":"Feature","properties":{"v":42.0},"geometry":{"type":"Polygon","coordinates":[[[-77.10035267713073,3.2500148664160173],[-77.05035244841663,3.2500148664160173],[-77.05035244841663,3.3000150951301097],[-77.10035267713073,3.3000150951301097],[-77.10035267713073,3.2500148664160173]]]}},{"type":"Feature","properties":{"v":37.03},"geometry":{"type":"Polygon","coordinates":[[[-77.05035244841663,3.2500148664160173],[-77.00035221970255,3.2500148664160173],[-77.00035221970255,3.3000150951301097],[-77.05035244841663,3.3000150951301097],[-77.05035244841663,3.2500148664160173]]]}},{"type":"Feature","properties":{"v":42.75},"geometry":{"type":"Polygon","coordinates":[[[-77.00035221970255,3.2500148664160173],[-76.95035199098845,3.2500148664160173],[-76.95035199098845,3.3000150951301097],[-77.00035221970255,3.3000150951301097],[-77.00035221970255,3.2500148664160173]]]}},{"type":"Feature","properties":{"v":42.53},"geometry":{"type":"Polygon","coordinates":[[[-76.95035199098845,3.2500148664160173],[-76.90035176227435,3.2500148664160173],[-76.90035176227435,3.3000150951301097],[-76.95035199098845,3.3000150951301097],[-76.95035199098845,3.2500148664160173]]]}},{"type":"Feature","properties":{"v":44.21},"geometry":{"type":"Polygon","coordinates":[[[-76.90035176227435,3.2500148664160173],[-76.85035153356027,3.2500148664160173],[-76.85035153356027,3.3000150951301097],[-76.90035176227435,3.3000150951301097],[-76.90035176227435,3.2500148664160173]]]}},{"type":"Feature","properties":{"v":42.83},"geometry":{"type":"Polygon","coordinates":[[[-76.85035153356027,3.2500148664160173],[-76.80035130484617,3.2500148664160173],[-76.80035130484617,3.3000150951301097],[-76.85035153356027,3.3000150951301097],[-76.85035153356027,3.2500148664160173]]]}},{"type":"Feature","properties":{"v":41.53},"geometry":{"type":"Polygon","coordinates":[[[-76.80035130484617,3.2500148664160173],[-76.75035107613208,3.2500148664160173],[-76.75035107613208,3.3000150951301097],[-76.80035130484617,3.3000150951301097],[-76.80035130484617,3.2500148664160173]]]}},{"type":"Feature","properties":{"v":36.75},"geometry":{"type":"Polygon","coordinates":[[[-76.75035107613208,3.2500148664160173],[-76.700350847418,3.2500148664160173],[-76.700350847418,3.3000150951301097],[-76.75035107613208,3.3000150951301097],[-76.75035107613208,3.2500148664160173]]]}},{"type":"Feature","properties":{"v":36.22},"geometry":{"type":"Polygon","coordinates":[[[-76.700350847418,3.2500148664160173],[-76.6503506187039,3.2500148664160173],[-76.6503506187039,3.3000150951301097],[-76.700350847418,3.3000150951301097],[-76.700350847418,3.2500148664160173]]]}},{"type":"Feature","properties":{"v":27.42},"geometry":{"type":"Polygon","coordinates":[[[-76.6503506187039,3.2500148664160173],[-76.6003503899898,3.2500148664160173],[-76.6003503899898,3.3000150951301097],[-76.6503506187039,3.3000150951301097],[-76.6503506187039,3.2500148664160173]]]}},{"type":"Feature","properties":{"v":32.37},"geometry":{"type":"Polygon","coordinates":[[[-76.6003503899898,3.2500148664160173],[-76.55035016127572,3.2500148664160173],[-76.55035016127572,3.3000150951301097],[-76.6003503899898,3.3000150951301097],[-76.6003503899898,3.2500148664160173]]]}},{"type":"Feature","properties":{"v":40.36},"geometry":{"type":"Polygon","coordinates":[[[-76.55035016127572,3.2500148664160173],[-76.50034993256162,3.2500148664160173],[-76.50034993256162,3.3000150951301097],[-76.55035016127572,3.3000150951301097],[-76.55035016127572,3.2500148664160173]]]}},{"type":"Feature","properties":{"v":43.92},"geometry":{"type":"Polygon","coordinates":[[[-76.50034993256162,3.2500148664160173],[-76.45034970384752,3.2500148664160173],[-76.45034970384752,3.3000150951301097],[-76.50034993256162,3.3000150951301097],[-76.50034993256162,3.2500148664160173]]]}},{"type":"Feature","properties":{"v":47.66},"geometry":{"type":"Polygon","coordinates":[[[-76.45034970384752,3.2500148664160173],[-76.40034947513344,3.2500148664160173],[-76.40034947513344,3.3000150951301097],[-76.45034970384752,3.3000150951301097],[-76.45034970384752,3.2500148664160173]]]}},{"type":"Feature","properties":{"v":54.58},"geometry":{"type":"Polygon","coordinates":[[[-76.40034947513344,3.2500148664160173],[-76.35034924641934,3.2500148664160173],[-76.35034924641934,3.3000150951301097],[-76.40034947513344,3.3000150951301097],[-76.40034947513344,3.2500148664160173]]]}},{"type":"Feature","properties":{"v":56.37},"geometry":{"type":"Polygon","coordinates":[[[-76.35034924641934,3.2500148664160173],[-76.30034901770524,3.2500148664160173],[-76.30034901770524,3.3000150951301097],[-76.35034924641934,3.3000150951301097],[-76.35034924641934,3.2500148664160173]]]}},{"type":"Feature","properties":{"v":53.23},"geometry":{"type":"Polygon","coordinates":[[[-76.30034901770524,3.2500148664160173],[-76.25034878899116,3.2500148664160173],[-76.25034878899116,3.3000150951301097],[-76.30034901770524,3.3000150951301097],[-76.30034901770524,3.2500148664160173]]]}},{"type":"Feature","properties":{"v":49.22},"geometry":{"type":"Polygon","coordinates":[[[-76.25034878899116,3.2500148664160173],[-76.20034856027706,3.2500148664160173],[-76.20034856027706,3.3000150951301097],[-76.25034878899116,3.3000150951301097],[-76.25034878899116,3.2500148664160173]]]}},{"type":"Feature","properties":{"v":44.35},"geometry":{"type":"Polygon","coordinates":[[[-76.20034856027706,3.2500148664160173],[-76.15034833156297,3.2500148664160173],[-76.15034833156297,3.3000150951301097],[-76.20034856027706,3.3000150951301097],[-76.20034856027706,3.2500148664160173]]]}},{"type":"Feature","properties":{"v":41.45},"geometry":{"type":"Polygon","coordinates":[[[-76.15034833156297,3.2500148664160173],[-76.10034810284888,3.2500148664160173],[-76.10034810284888,3.3000150951301097],[-76.15034833156297,3.3000150951301097],[-76.15034833156297,3.2500148664160173]]]}},{"type":"Feature","properties":{"v":37.77},"geometry":{"type":"Polygon","coordinates":[[[-76.10034810284888,3.2500148664160173],[-76.05034787413479,3.2500148664160173],[-76.05034787413479,3.3000150951301097],[-76.10034810284888,3.3000150951301097],[-76.10034810284888,3.2500148664160173]]]}},{"type":"Feature","properties":{"v":37.44},"geometry":{"type":"Polygon","coordinates":[[[-76.05034787413479,3.2500148664160173],[-76.00034764542069,3.2500148664160173],[-76.00034764542069,3.3000150951301097],[-76.05034787413479,3.3000150951301097],[-76.05034787413479,3.2500148664160173]]]}},{"type":"Feature","properties":{"v":30.91},"geometry":{"type":"Polygon","coordinates":[[[-76.00034764542069,3.2500148664160173],[-75.9503474167066,3.2500148664160173],[-75.9503474167066,3.3000150951301097],[-76.00034764542069,3.3000150951301097],[-76.00034764542069,3.2500148664160173]]]}},{"type":"Feature","properties":{"v":27.46},"geometry":{"type":"Polygon","coordinates":[[[-75.9503474167066,3.2500148664160173],[-75.90034718799251,3.2500148664160173],[-75.90034718799251,3.3000150951301097],[-75.9503474167066,3.3000150951301097],[-75.9503474167066,3.2500148664160173]]]}},{"type":"Feature","properties":{"v":30.94},"geometry":{"type":"Polygon","coordinates":[[[-75.90034718799251,3.2500148664160173],[-75.85034695927841,3.2500148664160173],[-75.85034695927841,3.3000150951301097],[-75.90034718799251,3.3000150951301097],[-75.90034718799251,3.2500148664160173]]]}},{"type":"Feature","properties":{"v":27.87},"geometry":{"type":"Polygon","coordinates":[[[-75.85034695927841,3.2500148664160173],[-75.80034673056433,3.2500148664160173],[-75.80034673056433,3.3000150951301097],[-75.85034695927841,3.3000150951301097],[-75.85034695927841,3.2500148664160173]]]}},{"type":"Feature","properties":{"v":27.82},"geometry":{"type":"Polygon","coordinates":[[[-75.80034673056433,3.2500148664160173],[-75.75034650185023,3.2500148664160173],[-75.75034650185023,3.3000150951301097],[-75.80034673056433,3.3000150951301097],[-75.80034673056433,3.2500148664160173]]]}},{"type":"Feature","properties":{"v":24.0},"geometry":{"type":"Polygon","coordinates":[[[-75.75034650185023,3.2500148664160173],[-75.70034627313613,3.2500148664160173],[-75.70034627313613,3.3000150951301097],[-75.75034650185023,3.3000150951301097],[-75.75034650185023,3.2500148664160173]]]}},{"type":"Feature","properties":{"v":0.0},"geometry":{"type":"Polygon","coordinates":[[[-75.70034627313613,3.2500148664160173],[-75.65034604442205,3.2500148664160173],[-75.65034604442205,3.3000150951301097],[-75.70034627313613,3.3000150951301097],[-75.70034627313613,3.2500148664160173]]]}},{"type":"Feature","properties":{"v":0.0},"geometry":{"type":"Polygon","coordinates":[[[-75.65034604442205,3.2500148664160173],[-75.60034581570795,3.2500148664160173],[-75.60034581570795,3.3000150951301097],[-75.65034604442205,3.3000150951301097],[-75.65034604442205,3.2500148664160173]]]}},{"type":"Feature","properties":{"v":0.0},"geometry":{"type":"Polygon","coordinates":[[[-75.60034581570795,3.2500148664160173],[-75.55034558699386,3.2500148664160173],[-75.55034558699386,3.3000150951301097],[-75.60034581570795,3.3000150951301097],[-75.60034581570795,3.2500148664160173]]]}},{"type":"Feature","properties":{"v":0.0},"geometry":{"type":"Polygon","coordinates":[[[-75.55034558699386,3.2500148664160173],[-75.50034535827977,3.2500148664160173],[-75.50034535827977,3.3000150951301097],[-75.55034558699386,3.3000150951301097],[-75.55034558699386,3.2500148664160173]]]}},{"type":"Feature","properties":{"v":0.0},"geometry":{"type":"Polygon","coordinates":[[[-75.50034535827977,3.2500148664160173],[-75.45034512956568,3.2500148664160173],[-75.45034512956568,3.3000150951301097],[-75.50034535827977,3.3000150951301097],[-75.50034535827977,3.2500148664160173]]]}},{"type":"Feature","properties":{"v":0.0},"geometry":{"type":"Polygon","coordinates":[[[-75.45034512956568,3.2500148664160173],[-75.40034490085158,3.2500148664160173],[-75.40034490085158,3.3000150951301097],[-75.45034512956568,3.3000150951301097],[-75.45034512956568,3.2500148664160173]]]}},{"type":"Feature","properties":{"v":14.15},"geometry":{"type":"Polygon","coordinates":[[[-75.40034490085158,3.2500148664160173],[-75.3503446721375,3.2500148664160173],[-75.3503446721375,3.3000150951301097],[-75.40034490085158,3.3000150951301097],[-75.40034490085158,3.2500148664160173]]]}},{"type":"Feature","properties":{"v":0.0},"geometry":{"type":"Polygon","coordinates":[[[-75.3503446721375,3.2500148664160173],[-75.3003444434234,3.2500148664160173],[-75.3003444434234,3.3000150951301097],[-75.3503446721375,3.3000150951301097],[-75.3503446721375,3.2500148664160173]]]}},{"type":"Feature","properties":{"v":0.0},"geometry":{"type":"Polygon","coordinates":[[[-75.3003444434234,3.2500148664160173],[-75.2503442147093,3.2500148664160173],[-75.2503442147093,3.3000150951301097],[-75.3003444434234,3.3000150951301097],[-75.3003444434234,3.2500148664160173]]]}},{"type":"Feature","properties":{"v":0.0},"geometry":{"type":"Polygon","coordinates":[[[-75.2503442147093,3.2500148664160173],[-75.20034398599522,3.2500148664160173],[-75.20034398599522,3.3000150951301097],[-75.2503442147093,3.3000150951301097],[-75.2503442147093,3.2500148664160173]]]}},{"type":"Feature","properties":{"v":0.0},"geometry":{"type":"Polygon","coordinates":[[[-75.20034398599522,3.2500148664160173],[-75.15034375728112,3.2500148664160173],[-75.15034375728112,3.3000150951301097],[-75.20034398599522,3.3000150951301097],[-75.20034398599522,3.2500148664160173]]]}},{"type":"Feature","properties":{"v":0.0},"geometry":{"type":"Polygon","coordinates":[[[-75.15034375728112,3.2500148664160173],[-75.10034352856702,3.2500148664160173],[-75.10034352856702,3.3000150951301097],[-75.15034375728112,3.3000150951301097],[-75.15034375728112,3.2500148664160173]]]}},{"type":"Feature","properties":{"v":51.79},"geometry":{"type":"Polygon","coordinates":[[[-77.60035496427166,3.2000146377019245],[-77.55035473555756,3.2000146377019245],[-77.55035473555756,3.2500148664160173],[-77.60035496427166,3.2500148664160173],[-77.60035496427166,3.2000146377019245]]]}},{"type":"Feature","properties":{"v":54.85},"geometry":{"type":"Polygon","coordinates":[[[-77.55035473555756,3.2000146377019245],[-77.50035450684346,3.2000146377019245],[-77.50035450684346,3.2500148664160173],[-77.55035473555756,3.2500148664160173],[-77.55035473555756,3.2000146377019245]]]}},{"type":"Feature","properties":{"v":53.7},"geometry":{"type":"Polygon","coordinates":[[[-77.50035450684346,3.2000146377019245],[-77.45035427812938,3.2000146377019245],[-77.45035427812938,3.2500148664160173],[-77.50035450684346,3.2500148664160173],[-77.50035450684346,3.2000146377019245]]]}},{"type":"Feature","properties":{"v":50.84},"geometry":{"type":"Polygon","coordinates":[[[-77.45035427812938,3.2000146377019245],[-77.40035404941528,3.2000146377019245],[-77.40035404941528,3.2500148664160173],[-77.45035427812938,3.2500148664160173],[-77.45035427812938,3.2000146377019245]]]}},{"type":"Feature","properties":{"v":49.74},"geometry":{"type":"Polygon","coordinates":[[[-77.40035404941528,3.2000146377019245],[-77.35035382070119,3.2000146377019245],[-77.35035382070119,3.2500148664160173],[-77.40035404941528,3.2500148664160173],[-77.40035404941528,3.2000146377019245]]]}},{"type":"Feature","properties":{"v":46.18},"geometry":{"type":"Polygon","coordinates":[[[-77.35035382070119,3.2000146377019245],[-77.3003535919871,3.2000146377019245],[-77.3003535919871,3.2500148664160173],[-77.35035382070119,3.2500148664160173],[-77.35035382070119,3.2000146377019245]]]}},{"type":"Feature","properties":{"v":43.02},"geometry":{"type":"Polygon","coordinates":[[[-77.3003535919871,3.2000146377019245],[-77.250353363273,3.2000146377019245],[-77.250353363273,3.2500148664160173],[-77.3003535919871,3.2500148664160173],[-77.3003535919871,3.2000146377019245]]]}},{"type":"Feature","properties":{"v":47.1},"geometry":{"type":"Polygon","coordinates":[[[-77.250353363273,3.2000146377019245],[-77.20035313455891,3.2000146377019245],[-77.20035313455891,3.2500148664160173],[-77.250353363273,3.2500148664160173],[-77.250353363273,3.2000146377019245]]]}},{"type":"Feature","properties":{"v":47.18},"geometry":{"type":"Polygon","coordinates":[[[-77.20035313455891,3.2000146377019245],[-77.15035290584483,3.2000146377019245],[-77.15035290584483,3.2500148664160173],[-77.20035313455891,3.2500148664160173],[-77.20035313455891,3.2000146377019245]]]}},{"type":"Feature","properties":{"v":46.06},"geometry":{"type":"Polygon","coordinates":[[[-77.15035290584483,3.2000146377019245],[-77.10035267713073,3.2000146377019245],[-77.10035267713073,3.2500148664160173],[-77.15035290584483,3.2500148664160173],[-77.15035290584483,3.2000146377019245]]]}},{"type":"Feature","properties":{"v":41.97},"geometry":{"type":"Polygon","coordinates":[[[-77.10035267713073,3.2000146377019245],[-77.05035244841663,3.2000146377019245],[-77.05035244841663,3.2500148664160173],[-77.10035267713073,3.2500148664160173],[-77.10035267713073,3.2000146377019245]]]}},{"type":"Feature","properties":{"v":41.08},"geometry":{"type":"Polygon","coordinates":[[[-77.05035244841663,3.2000146377019245],[-77.00035221970255,3.2000146377019245],[-77.00035221970255,3.2500148664160173],[-77.05035244841663,3.2500148664160173],[-77.05035244841663,3.2000146377019245]]]}},{"type":"Feature","properties":{"v":45.67},"geometry":{"type":"Polygon","coordinates":[[[-77.00035221970255,3.2000146377019245],[-76.95035199098845,3.2000146377019245],[-76.95035199098845,3.2500148664160173],[-77.00035221970255,3.2500148664160173],[-77.00035221970255,3.2000146377019245]]]}},{"type":"Feature","properties":{"v":41.88},"geometry":{"type":"Polygon","coordinates":[[[-76.95035199098845,3.2000146377019245],[-76.90035176227435,3.2000146377019245],[-76.90035176227435,3.2500148664160173],[-76.95035199098845,3.2500148664160173],[-76.95035199098845,3.2000146377019245]]]}},{"type":"Feature","properties":{"v":39.28},"geometry":{"type":"Polygon","coordinates":[[[-76.90035176227435,3.2000146377019245],[-76.85035153356027,3.2000146377019245],[-76.85035153356027,3.2500148664160173],[-76.90035176227435,3.2500148664160173],[-76.90035176227435,3.2000146377019245]]]}},{"type":"Feature","properties":{"v":40.28},"geometry":{"type":"Polygon","coordinates":[[[-76.85035153356027,3.2000146377019245],[-76.80035130484617,3.2000146377019245],[-76.80035130484617,3.2500148664160173],[-76.85035153356027,3.2500148664160173],[-76.85035153356027,3.2000146377019245]]]}},{"type":"Feature","properties":{"v":41.44},"geometry":{"type":"Polygon","coordinates":[[[-76.80035130484617,3.2000146377019245],[-76.75035107613208,3.2000146377019245],[-76.75035107613208,3.2500148664160173],[-76.80035130484617,3.2500148664160173],[-76.80035130484617,3.2000146377019245]]]}},{"type":"Feature","properties":{"v":38.04},"geometry":{"type":"Polygon","coordinates":[[[-76.75035107613208,3.2000146377019245],[-76.700350847418,3.2000146377019245],[-76.700350847418,3.2500148664160173],[-76.75035107613208,3.2500148664160173],[-76.75035107613208,3.2000146377019245]]]}},{"type":"Feature","properties":{"v":27.07},"geometry":{"type":"Polygon","coordinates":[[[-76.700350847418,3.2000146377019245],[-76.6503506187039,3.2000146377019245],[-76.6503506187039,3.2500148664160173],[-76.700350847418,3.2500148664160173],[-76.700350847418,3.2000146377019245]]]}},{"type":"Feature","properties":{"v":27.29},"geometry":{"type":"Polygon","coordinates":[[[-76.6503506187039,3.2000146377019245],[-76.6003503899898,3.2000146377019245],[-76.6003503899898,3.2500148664160173],[-76.6503506187039,3.2500148664160173],[-76.6503506187039,3.2000146377019245]]]}},{"type":"Feature","properties":{"v":36.81},"geometry":{"type":"Polygon","coordinates":[[[-76.6003503899898,3.2000146377019245],[-76.55035016127572,3.2000146377019245],[-76.55035016127572,3.2500148664160173],[-76.6003503899898,3.2500148664160173],[-76.6003503899898,3.2000146377019245]]]}},{"type":"Feature","properties":{"v":39.94},"geometry":{"type":"Polygon","coordinates":[[[-76.55035016127572,3.2000146377019245],[-76.50034993256162,3.2000146377019245],[-76.50034993256162,3.2500148664160173],[-76.55035016127572,3.2500148664160173],[-76.55035016127572,3.2000146377019245]]]}},{"type":"Feature","properties":{"v":42.65},"geometry":{"type":"Polygon","coordinates":[[[-76.50034993256162,3.2000146377019245],[-76.45034970384752,3.2000146377019245],[-76.45034970384752,3.2500148664160173],[-76.50034993256162,3.2500148664160173],[-76.50034993256162,3.2000146377019245]]]}},{"type":"Feature","properties":{"v":46.06},"geometry":{"type":"Polygon","coordinates":[[[-76.45034970384752,3.2000146377019245],[-76.40034947513344,3.2000146377019245],[-76.40034947513344,3.2500148664160173],[-76.45034970384752,3.2500148664160173],[-76.45034970384752,3.2000146377019245]]]}},{"type":"Feature","properties":{"v":47.67},"geometry":{"type":"Polygon","coordinates":[[[-76.40034947513344,3.2000146377019245],[-76.35034924641934,3.2000146377019245],[-76.35034924641934,3.2500148664160173],[-76.40034947513344,3.2500148664160173],[-76.40034947513344,3.2000146377019245]]]}},{"type":"Feature","properties":{"v":49.41},"geometry":{"type":"Polygon","coordinates":[[[-76.35034924641934,3.2000146377019245],[-76.30034901770524,3.2000146377019245],[-76.30034901770524,3.2500148664160173],[-76.35034924641934,3.2500148664160173],[-76.35034924641934,3.2000146377019245]]]}},{"type":"Feature","properties":{"v":53.39},"geometry":{"type":"Polygon","coordinates":[[[-76.30034901770524,3.2000146377019245],[-76.25034878899116,3.2000146377019245],[-76.25034878899116,3.2500148664160173],[-76.30034901770524,3.2500148664160173],[-76.30034901770524,3.2000146377019245]]]}},{"type":"Feature","properties":{"v":50.02},"geometry":{"type":"Polygon","coordinates":[[[-76.25034878899116,3.2000146377019245],[-76.20034856027706,3.2000146377019245],[-76.20034856027706,3.2500148664160173],[-76.25034878899116,3.2500148664160173],[-76.25034878899116,3.2000146377019245]]]}},{"type":"Feature","properties":{"v":43.8},"geometry":{"type":"Polygon","coordinates":[[[-76.20034856027706,3.2000146377019245],[-76.15034833156297,3.2000146377019245],[-76.15034833156297,3.2500148664160173],[-76.20034856027706,3.2500148664160173],[-76.20034856027706,3.2000146377019245]]]}},{"type":"Feature","properties":{"v":38.22},"geometry":{"type":"Polygon","coordinates":[[[-76.15034833156297,3.2000146377019245],[-76.10034810284888,3.2000146377019245],[-76.10034810284888,3.2500148664160173],[-76.15034833156297,3.2500148664160173],[-76.15034833156297,3.2000146377019245]]]}},{"type":"Feature","properties":{"v":34.98},"geometry":{"type":"Polygon","coordinates":[[[-76.10034810284888,3.2000146377019245],[-76.05034787413479,3.2000146377019245],[-76.05034787413479,3.2500148664160173],[-76.10034810284888,3.2500148664160173],[-76.10034810284888,3.2000146377019245]]]}},{"type":"Feature","properties":{"v":38.16},"geometry":{"type":"Polygon","coordinates":[[[-76.05034787413479,3.2000146377019245],[-76.00034764542069,3.2000146377019245],[-76.00034764542069,3.2500148664160173],[-76.05034787413479,3.2500148664160173],[-76.05034787413479,3.2000146377019245]]]}},{"type":"Feature","properties":{"v":33.72},"geometry":{"type":"Polygon","coordinates":[[[-76.00034764542069,3.2000146377019245],[-75.9503474167066,3.2000146377019245],[-75.9503474167066,3.2500148664160173],[-76.00034764542069,3.2500148664160173],[-76.00034764542069,3.2000146377019245]]]}},{"type":"Feature","properties":{"v":28.6},"geometry":{"type":"Polygon","coordinates":[[[-75.9503474167066,3.2000146377019245],[-75.90034718799251,3.2000146377019245],[-75.90034718799251,3.2500148664160173],[-75.9503474167066,3.2500148664160173],[-75.9503474167066,3.2000146377019245]]]}},{"type":"Feature","properties":{"v":27.61},"geometry":{"type":"Polygon","coordinates":[[[-75.90034718799251,3.2000146377019245],[-75.85034695927841,3.2000146377019245],[-75.85034695927841,3.2500148664160173],[-75.90034718799251,3.2500148664160173],[-75.90034718799251,3.2000146377019245]]]}},{"type":"Feature","properties":{"v":27.43},"geometry":{"type":"Polygon","coordinates":[[[-75.85034695927841,3.2000146377019245],[-75.80034673056433,3.2000146377019245],[-75.80034673056433,3.2500148664160173],[-75.85034695927841,3.2500148664160173],[-75.85034695927841,3.2000146377019245]]]}},{"type":"Feature","properties":{"v":26.25},"geometry":{"type":"Polygon","coordinates":[[[-75.80034673056433,3.2000146377019245],[-75.75034650185023,3.2000146377019245],[-75.75034650185023,3.2500148664160173],[-75.80034673056433,3.2500148664160173],[-75.80034673056433,3.2000146377019245]]]}},{"type":"Feature","properties":{"v":22.86},"geometry":{"type":"Polygon","coordinates":[[[-75.75034650185023,3.2000146377019245],[-75.70034627313613,3.2000146377019245],[-75.70034627313613,3.2500148664160173],[-75.75034650185023,3.2500148664160173],[-75.75034650185023,3.2000146377019245]]]}},{"type":"Feature","properties":{"v":26.97},"geometry":{"type":"Polygon","coordinates":[[[-75.70034627313613,3.2000146377019245],[-75.65034604442205,3.2000146377019245],[-75.65034604442205,3.2500148664160173],[-75.70034627313613,3.2500148664160173],[-75.70034627313613,3.2000146377019245]]]}},{"type":"Feature","properties":{"v":30.27},"geometry":{"type":"Polygon","coordinates":[[[-75.65034604442205,3.2000146377019245],[-75.60034581570795,3.2000146377019245],[-75.60034581570795,3.2500148664160173],[-75.65034604442205,3.2500148664160173],[-75.65034604442205,3.2000146377019245]]]}},{"type":"Feature","properties":{"v":30.25},"geometry":{"type":"Polygon","coordinates":[[[-75.60034581570795,3.2000146377019245],[-75.55034558699386,3.2000146377019245],[-75.55034558699386,3.2500148664160173],[-75.60034581570795,3.2500148664160173],[-75.60034581570795,3.2000146377019245]]]}},{"type":"Feature","properties":{"v":40.17},"geometry":{"type":"Polygon","coordinates":[[[-75.55034558699386,3.2000146377019245],[-75.50034535827977,3.2000146377019245],[-75.50034535827977,3.2500148664160173],[-75.55034558699386,3.2500148664160173],[-75.55034558699386,3.2000146377019245]]]}},{"type":"Feature","properties":{"v":27.83},"geometry":{"type":"Polygon","coordinates":[[[-75.50034535827977,3.2000146377019245],[-75.45034512956568,3.2000146377019245],[-75.45034512956568,3.2500148664160173],[-75.50034535827977,3.2500148664160173],[-75.50034535827977,3.2000146377019245]]]}},{"type":"Feature","properties":{"v":14.86},"geometry":{"type":"Polygon","coordinates":[[[-75.45034512956568,3.2000146377019245],[-75.40034490085158,3.2000146377019245],[-75.40034490085158,3.2500148664160173],[-75.45034512956568,3.2500148664160173],[-75.45034512956568,3.2000146377019245]]]}},{"type":"Feature","properties":{"v":15.51},"geometry":{"type":"Polygon","coordinates":[[[-75.40034490085158,3.2000146377019245],[-75.3503446721375,3.2000146377019245],[-75.3503446721375,3.2500148664160173],[-75.40034490085158,3.2500148664160173],[-75.40034490085158,3.2000146377019245]]]}},{"type":"Feature","properties":{"v":0.0},"geometry":{"type":"Polygon","coordinates":[[[-75.3503446721375,3.2000146377019245],[-75.3003444434234,3.2000146377019245],[-75.3003444434234,3.2500148664160173],[-75.3503446721375,3.2500148664160173],[-75.3503446721375,3.2000146377019245]]]}},{"type":"Feature","properties":{"v":0.0},"geometry":{"type":"Polygon","coordinates":[[[-75.3003444434234,3.2000146377019245],[-75.2503442147093,3.2000146377019245],[-75.2503442147093,3.2500148664160173],[-75.3003444434234,3.2500148664160173],[-75.3003444434234,3.2000146377019245]]]}},{"type":"Feature","properties":{"v":0.0},"geometry":{"type":"Polygon","coordinates":[[[-75.2503442147093,3.2000146377019245],[-75.20034398599522,3.2000146377019245],[-75.20034398599522,3.2500148664160173],[-75.2503442147093,3.2500148664160173],[-75.2503442147093,3.2000146377019245]]]}},{"type":"Feature","properties":{"v":0.0},"geometry":{"type":"Polygon","coordinates":[[[-75.20034398599522,3.2000146377019245],[-75.15034375728112,3.2000146377019245],[-75.15034375728112,3.2500148664160173],[-75.20034398599522,3.2500148664160173],[-75.20034398599522,3.2000146377019245]]]}},{"type":"Feature","properties":{"v":0.0},"geometry":{"type":"Polygon","coordinates":[[[-75.15034375728112,3.2000146377019245],[-75.10034352856702,3.2000146377019245],[-75.10034352856702,3.2500148664160173],[-75.15034375728112,3.2500148664160173],[-75.15034375728112,3.2000146377019245]]]}},{"type":"Feature","properties":{"v":52.27},"geometry":{"type":"Polygon","coordinates":[[[-77.60035496427166,3.1500144089878317],[-77.55035473555756,3.1500144089878317],[-77.55035473555756,3.2000146377019245],[-77.60035496427166,3.2000146377019245],[-77.60035496427166,3.1500144089878317]]]}},{"type":"Feature","properties":{"v":50.41},"geometry":{"type":"Polygon","coordinates":[[[-77.55035473555756,3.1500144089878317],[-77.50035450684346,3.1500144089878317],[-77.50035450684346,3.2000146377019245],[-77.55035473555756,3.2000146377019245],[-77.55035473555756,3.1500144089878317]]]}},{"type":"Feature","properties":{"v":50.8},"geometry":{"type":"Polygon","coordinates":[[[-77.50035450684346,3.1500144089878317],[-77.45035427812938,3.1500144089878317],[-77.45035427812938,3.2000146377019245],[-77.50035450684346,3.2000146377019245],[-77.50035450684346,3.1500144089878317]]]}},{"type":"Feature","properties":{"v":51.08},"geometry":{"type":"Polygon","coordinates":[[[-77.45035427812938,3.1500144089878317],[-77.40035404941528,3.1500144089878317],[-77.40035404941528,3.2000146377019245],[-77.45035427812938,3.2000146377019245],[-77.45035427812938,3.1500144089878317]]]}},{"type":"Feature","properties":{"v":51.58},"geometry":{"type":"Polygon","coordinates":[[[-77.40035404941528,3.1500144089878317],[-77.35035382070119,3.1500144089878317],[-77.35035382070119,3.2000146377019245],[-77.40035404941528,3.2000146377019245],[-77.40035404941528,3.1500144089878317]]]}},{"type":"Feature","properties":{"v":48.13},"geometry":{"type":"Polygon","coordinates":[[[-77.35035382070119,3.1500144089878317],[-77.3003535919871,3.1500144089878317],[-77.3003535919871,3.2000146377019245],[-77.35035382070119,3.2000146377019245],[-77.35035382070119,3.1500144089878317]]]}},{"type":"Feature","properties":{"v":46.65},"geometry":{"type":"Polygon","coordinates":[[[-77.3003535919871,3.1500144089878317],[-77.250353363273,3.1500144089878317],[-77.250353363273,3.2000146377019245],[-77.3003535919871,3.2000146377019245],[-77.3003535919871,3.1500144089878317]]]}},{"type":"Feature","properties":{"v":49.23},"geometry":{"type":"Polygon","coordinates":[[[-77.250353363273,3.1500144089878317],[-77.20035313455891,3.1500144089878317],[-77.20035313455891,3.2000146377019245],[-77.250353363273,3.2000146377019245],[-77.250353363273,3.1500144089878317]]]}},{"type":"Feature","properties":{"v":48.8},"geometry":{"type":"Polygon","coordinates":[[[-77.20035313455891,3.1500144089878317],[-77.15035290584483,3.1500144089878317],[-77.15035290584483,3.2000146377019245],[-77.20035313455891,3.2000146377019245],[-77.20035313455891,3.1500144089878317]]]}},{"type":"Feature","properties":{"v":47.41},"geometry":{"type":"Polygon","coordinates":[[[-77.15035290584483,3.1500144089878317],[-77.10035267713073,3.1500144089878317],[-77.10035267713073,3.2000146377019245],[-77.15035290584483,3.2000146377019245],[-77.15035290584483,3.1500144089878317]]]}},{"type":"Feature","properties":{"v":46.04},"geometry":{"type":"Polygon","coordinates":[[[-77.10035267713073,3.1500144089878317],[-77.05035244841663,3.1500144089878317],[-77.05035244841663,3.2000146377019245],[-77.10035267713073,3.2000146377019245],[-77.10035267713073,3.1500144089878317]]]}},{"type":"Feature","properties":{"v":42.9},"geometry":{"type":"Polygon","coordinates":[[[-77.05035244841663,3.1500144089878317],[-77.00035221970255,3.1500144089878317],[-77.00035221970255,3.2000146377019245],[-77.05035244841663,3.2000146377019245],[-77.05035244841663,3.1500144089878317]]]}},{"type":"Feature","properties":{"v":46.29},"geometry":{"type":"Polygon","coordinates":[[[-77.00035221970255,3.1500144089878317],[-76.95035199098845,3.1500144089878317],[-76.95035199098845,3.2000146377019245],[-77.00035221970255,3.2000146377019245],[-77.00035221970255,3.1500144089878317]]]}},{"type":"Feature","properties":{"v":40.2},"geometry":{"type":"Polygon","coordinates":[[[-76.95035199098845,3.1500144089878317],[-76.90035176227435,3.1500144089878317],[-76.90035176227435,3.2000146377019245],[-76.95035199098845,3.2000146377019245],[-76.95035199098845,3.1500144089878317]]]}},{"type":"Feature","properties":{"v":39.71},"geometry":{"type":"Polygon","coordinates":[[[-76.90035176227435,3.1500144089878317],[-76.85035153356027,3.1500144089878317],[-76.85035153356027,3.2000146377019245],[-76.90035176227435,3.2000146377019245],[-76.90035176227435,3.1500144089878317]]]}},{"type":"Feature","properties":{"v":42.33},"geometry":{"type":"Polygon","coordinates":[[[-76.85035153356027,3.1500144089878317],[-76.80035130484617,3.1500144089878317],[-76.80035130484617,3.2000146377019245],[-76.85035153356027,3.2000146377019245],[-76.85035153356027,3.1500144089878317]]]}},{"type":"Feature","properties":{"v":42.5},"geometry":{"type":"Polygon","coordinates":[[[-76.80035130484617,3.1500144089878317],[-76.75035107613208,3.1500144089878317],[-76.75035107613208,3.2000146377019245],[-76.80035130484617,3.2000146377019245],[-76.80035130484617,3.1500144089878317]]]}},{"type":"Feature","properties":{"v":38.98},"geometry":{"type":"Polygon","coordinates":[[[-76.75035107613208,3.1500144089878317],[-76.700350847418,3.1500144089878317],[-76.700350847418,3.2000146377019245],[-76.75035107613208,3.2000146377019245],[-76.75035107613208,3.1500144089878317]]]}},{"type":"Feature","properties":{"v":26.81},"geometry":{"type":"Polygon","coordinates":[[[-76.700350847418,3.1500144089878317],[-76.6503506187039,3.1500144089878317],[-76.6503506187039,3.2000146377019245],[-76.700350847418,3.2000146377019245],[-76.700350847418,3.1500144089878317]]]}},{"type":"Feature","properties":{"v":26.8},"geometry":{"type":"Polygon","coordinates":[[[-76.6503506187039,3.1500144089878317],[-76.6003503899898,3.1500144089878317],[-76.6003503899898,3.2000146377019245],[-76.6503506187039,3.2000146377019245],[-76.6503506187039,3.1500144089878317]]]}},{"type":"Feature","properties":{"v":28.92},"geometry":{"type":"Polygon","coordinates":[[[-76.6003503899898,3.1500144089878317],[-76.55035016127572,3.1500144089878317],[-76.55035016127572,3.2000146377019245],[-76.6003503899898,3.2000146377019245],[-76.6003503899898,3.1500144089878317]]]}},{"type":"Feature","properties":{"v":36.0},"geometry":{"type":"Polygon","coordinates":[[[-76.55035016127572,3.1500144089878317],[-76.50034993256162,3.1500144089878317],[-76.50034993256162,3.2000146377019245],[-76.55035016127572,3.2000146377019245],[-76.55035016127572,3.1500144089878317]]]}},{"type":"Feature","properties":{"v":42.16},"geometry":{"type":"Polygon","coordinates":[[[-76.50034993256162,3.1500144089878317],[-76.45034970384752,3.1500144089878317],[-76.45034970384752,3.2000146377019245],[-76.50034993256162,3.2000146377019245],[-76.50034993256162,3.1500144089878317]]]}},{"type":"Feature","properties":{"v":47.9},"geometry":{"type":"Polygon","coordinates":[[[-76.45034970384752,3.1500144089878317],[-76.40034947513344,3.1500144089878317],[-76.40034947513344,3.2000146377019245],[-76.45034970384752,3.2000146377019245],[-76.45034970384752,3.1500144089878317]]]}},{"type":"Feature","properties":{"v":40.91},"geometry":{"type":"Polygon","coordinates":[[[-76.40034947513344,3.1500144089878317],[-76.35034924641934,3.1500144089878317],[-76.35034924641934,3.2000146377019245],[-76.40034947513344,3.2000146377019245],[-76.40034947513344,3.1500144089878317]]]}},{"type":"Feature","properties":{"v":44.59},"geometry":{"type":"Polygon","coordinates":[[[-76.35034924641934,3.1500144089878317],[-76.30034901770524,3.1500144089878317],[-76.30034901770524,3.2000146377019245],[-76.35034924641934,3.2000146377019245],[-76.35034924641934,3.1500144089878317]]]}},{"type":"Feature","properties":{"v":49.13},"geometry":{"type":"Polygon","coordinates":[[[-76.30034901770524,3.1500144089878317],[-76.25034878899116,3.1500144089878317],[-76.25034878899116,3.2000146377019245],[-76.30034901770524,3.2000146377019245],[-76.30034901770524,3.1500144089878317]]]}},{"type":"Feature","properties":{"v":56.94},"geometry":{"type":"Polygon","coordinates":[[[-76.25034878899116,3.1500144089878317],[-76.20034856027706,3.1500144089878317],[-76.20034856027706,3.2000146377019245],[-76.25034878899116,3.2000146377019245],[-76.25034878899116,3.1500144089878317]]]}},{"type":"Feature","properties":{"v":43.33},"geometry":{"type":"Polygon","coordinates":[[[-76.20034856027706,3.1500144089878317],[-76.15034833156297,3.1500144089878317],[-76.15034833156297,3.2000146377019245],[-76.20034856027706,3.2000146377019245],[-76.20034856027706,3.1500144089878317]]]}},{"type":"Feature","properties":{"v":33.14},"geometry":{"type":"Polygon","coordinates":[[[-76.15034833156297,3.1500144089878317],[-76.10034810284888,3.1500144089878317],[-76.10034810284888,3.2000146377019245],[-76.15034833156297,3.2000146377019245],[-76.15034833156297,3.1500144089878317]]]}},{"type":"Feature","properties":{"v":35.22},"geometry":{"type":"Polygon","coordinates":[[[-76.10034810284888,3.1500144089878317],[-76.05034787413479,3.1500144089878317],[-76.05034787413479,3.2000146377019245],[-76.10034810284888,3.2000146377019245],[-76.10034810284888,3.1500144089878317]]]}},{"type":"Feature","properties":{"v":32.51},"geometry":{"type":"Polygon","coordinates":[[[-76.05034787413479,3.1500144089878317],[-76.00034764542069,3.1500144089878317],[-76.00034764542069,3.2000146377019245],[-76.05034787413479,3.2000146377019245],[-76.05034787413479,3.1500144089878317]]]}},{"type":"Feature","properties":{"v":29.09},"geometry":{"type":"Polygon","coordinates":[[[-76.00034764542069,3.1500144089878317],[-75.9503474167066,3.1500144089878317],[-75.9503474167066,3.2000146377019245],[-76.00034764542069,3.2000146377019245],[-76.00034764542069,3.1500144089878317]]]}},{"type":"Feature","properties":{"v":30.06},"geometry":{"type":"Polygon","coordinates":[[[-75.9503474167066,3.1500144089878317],[-75.90034718799251,3.1500144089878317],[-75.90034718799251,3.2000146377019245],[-75.9503474167066,3.2000146377019245],[-75.9503474167066,3.1500144089878317]]]}},{"type":"Feature","properties":{"v":29.13},"geometry":{"type":"Polygon","coordinates":[[[-75.90034718799251,3.1500144089878317],[-75.85034695927841,3.1500144089878317],[-75.85034695927841,3.2000146377019245],[-75.90034718799251,3.2000146377019245],[-75.90034718799251,3.1500144089878317]]]}},{"type":"Feature","properties":{"v":27.21},"geometry":{"type":"Polygon","coordinates":[[[-75.85034695927841,3.1500144089878317],[-75.80034673056433,3.1500144089878317],[-75.80034673056433,3.2000146377019245],[-75.85034695927841,3.2000146377019245],[-75.85034695927841,3.1500144089878317]]]}},{"type":"Feature","properties":{"v":24.09},"geometry":{"type":"Polygon","coordinates":[[[-75.80034673056433,3.1500144089878317],[-75.75034650185023,3.1500144089878317],[-75.75034650185023,3.2000146377019245],[-75.80034673056433,3.2000146377019245],[-75.80034673056433,3.1500144089878317]]]}},{"type":"Feature","properties":{"v":29.32},"geometry":{"type":"Polygon","coordinates":[[[-75.75034650185023,3.1500144089878317],[-75.70034627313613,3.1500144089878317],[-75.70034627313613,3.2000146377019245],[-75.75034650185023,3.2000146377019245],[-75.75034650185023,3.1500144089878317]]]}},{"type":"Feature","properties":{"v":27.03},"geometry":{"type":"Polygon","coordinates":[[[-75.70034627313613,3.1500144089878317],[-75.65034604442205,3.1500144089878317],[-75.65034604442205,3.2000146377019245],[-75.70034627313613,3.2000146377019245],[-75.70034627313613,3.1500144089878317]]]}},{"type":"Feature","properties":{"v":38.92},"geometry":{"type":"Polygon","coordinates":[[[-75.65034604442205,3.1500144089878317],[-75.60034581570795,3.1500144089878317],[-75.60034581570795,3.2000146377019245],[-75.65034604442205,3.2000146377019245],[-75.65034604442205,3.1500144089878317]]]}},{"type":"Feature","properties":{"v":38.93},"geometry":{"type":"Polygon","coordinates":[[[-75.60034581570795,3.1500144089878317],[-75.55034558699386,3.1500144089878317],[-75.55034558699386,3.2000146377019245],[-75.60034581570795,3.2000146377019245],[-75.60034581570795,3.1500144089878317]]]}},{"type":"Feature","properties":{"v":32.49},"geometry":{"type":"Polygon","coordinates":[[[-75.55034558699386,3.1500144089878317],[-75.50034535827977,3.1500144089878317],[-75.50034535827977,3.2000146377019245],[-75.55034558699386,3.2000146377019245],[-75.55034558699386,3.1500144089878317]]]}},{"type":"Feature","properties":{"v":31.34},"geometry":{"type":"Polygon","coordinates":[[[-75.50034535827977,3.1500144089878317],[-75.45034512956568,3.1500144089878317],[-75.45034512956568,3.2000146377019245],[-75.50034535827977,3.2000146377019245],[-75.50034535827977,3.1500144089878317]]]}},{"type":"Feature","properties":{"v":20.84},"geometry":{"type":"Polygon","coordinates":[[[-75.45034512956568,3.1500144089878317],[-75.40034490085158,3.1500144089878317],[-75.40034490085158,3.2000146377019245],[-75.45034512956568,3.2000146377019245],[-75.45034512956568,3.1500144089878317]]]}},{"type":"Feature","properties":{"v":16.99},"geometry":{"type":"Polygon","coordinates":[[[-75.40034490085158,3.1500144089878317],[-75.3503446721375,3.1500144089878317],[-75.3503446721375,3.2000146377019245],[-75.40034490085158,3.2000146377019245],[-75.40034490085158,3.1500144089878317]]]}},{"type":"Feature","properties":{"v":18.04},"geometry":{"type":"Polygon","coordinates":[[[-75.3503446721375,3.1500144089878317],[-75.3003444434234,3.1500144089878317],[-75.3003444434234,3.2000146377019245],[-75.3503446721375,3.2000146377019245],[-75.3503446721375,3.1500144089878317]]]}},{"type":"Feature","properties":{"v":0.0},"geometry":{"type":"Polygon","coordinates":[[[-75.3003444434234,3.1500144089878317],[-75.2503442147093,3.1500144089878317],[-75.2503442147093,3.2000146377019245],[-75.3003444434234,3.2000146377019245],[-75.3003444434234,3.1500144089878317]]]}},{"type":"Feature","properties":{"v":0.0},"geometry":{"type":"Polygon","coordinates":[[[-75.2503442147093,3.1500144089878317],[-75.20034398599522,3.1500144089878317],[-75.20034398599522,3.2000146377019245],[-75.2503442147093,3.2000146377019245],[-75.2503442147093,3.1500144089878317]]]}},{"type":"Feature","properties":{"v":0.0},"geometry":{"type":"Polygon","coordinates":[[[-75.20034398599522,3.1500144089878317],[-75.15034375728112,3.1500144089878317],[-75.15034375728112,3.2000146377019245],[-75.20034398599522,3.2000146377019245],[-75.20034398599522,3.1500144089878317]]]}},{"type":"Feature","properties":{"v":0.0},"geometry":{"type":"Polygon","coordinates":[[[-75.15034375728112,3.1500144089878317],[-75.10034352856702,3.1500144089878317],[-75.10034352856702,3.2000146377019245],[-75.15034375728112,3.2000146377019245],[-75.15034375728112,3.1500144089878317]]]}},{"type":"Feature","properties":{"v":54.46},"geometry":{"type":"Polygon","coordinates":[[[-77.65035519298574,3.1000141802737393],[-77.60035496427166,3.1000141802737393],[-77.60035496427166,3.1500144089878317],[-77.65035519298574,3.1500144089878317],[-77.65035519298574,3.1000141802737393]]]}},{"type":"Feature","properties":{"v":54.1},"geometry":{"type":"Polygon","coordinates":[[[-77.60035496427166,3.1000141802737393],[-77.55035473555756,3.1000141802737393],[-77.55035473555756,3.1500144089878317],[-77.60035496427166,3.1500144089878317],[-77.60035496427166,3.1000141802737393]]]}},{"type":"Feature","properties":{"v":49.76},"geometry":{"type":"Polygon","coordinates":[[[-77.55035473555756,3.1000141802737393],[-77.50035450684346,3.1000141802737393],[-77.50035450684346,3.1500144089878317],[-77.55035473555756,3.1500144089878317],[-77.55035473555756,3.1000141802737393]]]}},{"type":"Feature","properties":{"v":49.87},"geometry":{"type":"Polygon","coordinates":[[[-77.50035450684346,3.1000141802737393],[-77.45035427812938,3.1000141802737393],[-77.45035427812938,3.1500144089878317],[-77.50035450684346,3.1500144089878317],[-77.50035450684346,3.1000141802737393]]]}},{"type":"Feature","properties":{"v":49.02},"geometry":{"type":"Polygon","coordinates":[[[-77.45035427812938,3.1000141802737393],[-77.40035404941528,3.1000141802737393],[-77.40035404941528,3.1500144089878317],[-77.45035427812938,3.1500144089878317],[-77.45035427812938,3.1000141802737393]]]}},{"type":"Feature","properties":{"v":52.2},"geometry":{"type":"Polygon","coordinates":[[[-77.40035404941528,3.1000141802737393],[-77.35035382070119,3.1000141802737393],[-77.35035382070119,3.1500144089878317],[-77.40035404941528,3.1500144089878317],[-77.40035404941528,3.1000141802737393]]]}},{"type":"Feature","properties":{"v":49.36},"geometry":{"type":"Polygon","coordinates":[[[-77.35035382070119,3.1000141802737393],[-77.3003535919871,3.1000141802737393],[-77.3003535919871,3.1500144089878317],[-77.35035382070119,3.1500144089878317],[-77.35035382070119,3.1000141802737393]]]}},{"type":"Feature","properties":{"v":45.11},"geometry":{"type":"Polygon","coordinates":[[[-77.3003535919871,3.1000141802737393],[-77.250353363273,3.1000141802737393],[-77.250353363273,3.1500144089878317],[-77.3003535919871,3.1500144089878317],[-77.3003535919871,3.1000141802737393]]]}},{"type":"Feature","properties":{"v":50.01},"geometry":{"type":"Polygon","coordinates":[[[-77.250353363273,3.1000141802737393],[-77.20035313455891,3.1000141802737393],[-77.20035313455891,3.1500144089878317],[-77.250353363273,3.1500144089878317],[-77.250353363273,3.1000141802737393]]]}},{"type":"Feature","properties":{"v":46.76},"geometry":{"type":"Polygon","coordinates":[[[-77.20035313455891,3.1000141802737393],[-77.15035290584483,3.1000141802737393],[-77.15035290584483,3.1500144089878317],[-77.20035313455891,3.1500144089878317],[-77.20035313455891,3.1000141802737393]]]}},{"type":"Feature","properties":{"v":47.11},"geometry":{"type":"Polygon","coordinates":[[[-77.15035290584483,3.1000141802737393],[-77.10035267713073,3.1000141802737393],[-77.10035267713073,3.1500144089878317],[-77.15035290584483,3.1500144089878317],[-77.15035290584483,3.1000141802737393]]]}},{"type":"Feature","properties":{"v":48.15},"geometry":{"type":"Polygon","coordinates":[[[-77.10035267713073,3.1000141802737393],[-77.05035244841663,3.1000141802737393],[-77.05035244841663,3.1500144089878317],[-77.10035267713073,3.1500144089878317],[-77.10035267713073,3.1000141802737393]]]}},{"type":"Feature","properties":{"v":45.22},"geometry":{"type":"Polygon","coordinates":[[[-77.05035244841663,3.1000141802737393],[-77.00035221970255,3.1000141802737393],[-77.00035221970255,3.1500144089878317],[-77.05035244841663,3.1500144089878317],[-77.05035244841663,3.1000141802737393]]]}},{"type":"Feature","properties":{"v":43.79},"geometry":{"type":"Polygon","coordinates":[[[-77.00035221970255,3.1000141802737393],[-76.95035199098845,3.1000141802737393],[-76.95035199098845,3.1500144089878317],[-77.00035221970255,3.1500144089878317],[-77.00035221970255,3.1000141802737393]]]}},{"type":"Feature","properties":{"v":37.59},"geometry":{"type":"Polygon","coordinates":[[[-76.95035199098845,3.1000141802737393],[-76.90035176227435,3.1000141802737393],[-76.90035176227435,3.1500144089878317],[-76.95035199098845,3.1500144089878317],[-76.95035199098845,3.1000141802737393]]]}},{"type":"Feature","properties":{"v":39.44},"geometry":{"type":"Polygon","coordinates":[[[-76.90035176227435,3.1000141802737393],[-76.85035153356027,3.1000141802737393],[-76.85035153356027,3.1500144089878317],[-76.90035176227435,3.1500144089878317],[-76.90035176227435,3.1000141802737393]]]}},{"type":"Feature","properties":{"v":39.12},"geometry":{"type":"Polygon","coordinates":[[[-76.85035153356027,3.1000141802737393],[-76.80035130484617,3.1000141802737393],[-76.80035130484617,3.1500144089878317],[-76.85035153356027,3.1500144089878317],[-76.85035153356027,3.1000141802737393]]]}},{"type":"Feature","properties":{"v":38.51},"geometry":{"type":"Polygon","coordinates":[[[-76.80035130484617,3.1000141802737393],[-76.75035107613208,3.1000141802737393],[-76.75035107613208,3.1500144089878317],[-76.80035130484617,3.1500144089878317],[-76.80035130484617,3.1000141802737393]]]}},{"type":"Feature","properties":{"v":25.28},"geometry":{"type":"Polygon","coordinates":[[[-76.75035107613208,3.1000141802737393],[-76.700350847418,3.1000141802737393],[-76.700350847418,3.1500144089878317],[-76.75035107613208,3.1500144089878317],[-76.75035107613208,3.1000141802737393]]]}},{"type":"Feature","properties":{"v":30.02},"geometry":{"type":"Polygon","coordinates":[[[-76.700350847418,3.1000141802737393],[-76.6503506187039,3.1000141802737393],[-76.6503506187039,3.1500144089878317],[-76.700350847418,3.1500144089878317],[-76.700350847418,3.1000141802737393]]]}},{"type":"Feature","properties":{"v":27.49},"geometry":{"type":"Polygon","coordinates":[[[-76.6503506187039,3.1000141802737393],[-76.6003503899898,3.1000141802737393],[-76.6003503899898,3.1500144089878317],[-76.6503506187039,3.1500144089878317],[-76.6503506187039,3.1000141802737393]]]}},{"type":"Feature","properties":{"v":23.56},"geometry":{"type":"Polygon","coordinates":[[[-76.6003503899898,3.1000141802737393],[-76.55035016127572,3.1000141802737393],[-76.55035016127572,3.1500144089878317],[-76.6003503899898,3.1500144089878317],[-76.6003503899898,3.1000141802737393]]]}},{"type":"Feature","properties":{"v":29.17},"geometry":{"type":"Polygon","coordinates":[[[-76.55035016127572,3.1000141802737393],[-76.50034993256162,3.1000141802737393],[-76.50034993256162,3.1500144089878317],[-76.55035016127572,3.1500144089878317],[-76.55035016127572,3.1000141802737393]]]}},{"type":"Feature","properties":{"v":33.91},"geometry":{"type":"Polygon","coordinates":[[[-76.50034993256162,3.1000141802737393],[-76.45034970384752,3.1000141802737393],[-76.45034970384752,3.1500144089878317],[-76.50034993256162,3.1500144089878317],[-76.50034993256162,3.1000141802737393]]]}},{"type":"Feature","properties":{"v":36.82},"geometry":{"type":"Polygon","coordinates":[[[-76.45034970384752,3.1000141802737393],[-76.40034947513344,3.1000141802737393],[-76.40034947513344,3.1500144089878317],[-76.45034970384752,3.1500144089878317],[-76.45034970384752,3.1000141802737393]]]}},{"type":"Feature","properties":{"v":36.62},"geometry":{"type":"Polygon","coordinates":[[[-76.40034947513344,3.1000141802737393],[-76.35034924641934,3.1000141802737393],[-76.35034924641934,3.1500144089878317],[-76.40034947513344,3.1500144089878317],[-76.40034947513344,3.1000141802737393]]]}},{"type":"Feature","properties":{"v":46.03},"geometry":{"type":"Polygon","coordinates":[[[-76.35034924641934,3.1000141802737393],[-76.30034901770524,3.1000141802737393],[-76.30034901770524,3.1500144089878317],[-76.35034924641934,3.1500144089878317],[-76.35034924641934,3.1000141802737393]]]}},{"type":"Feature","properties":{"v":48.29},"geometry":{"type":"Polygon","coordinates":[[[-76.30034901770524,3.1000141802737393],[-76.25034878899116,3.1000141802737393],[-76.25034878899116,3.1500144089878317],[-76.30034901770524,3.1500144089878317],[-76.30034901770524,3.1000141802737393]]]}},{"type":"Feature","properties":{"v":49.61},"geometry":{"type":"Polygon","coordinates":[[[-76.25034878899116,3.1000141802737393],[-76.20034856027706,3.1000141802737393],[-76.20034856027706,3.1500144089878317],[-76.25034878899116,3.1500144089878317],[-76.25034878899116,3.1000141802737393]]]}},{"type":"Feature","properties":{"v":41.79},"geometry":{"type":"Polygon","coordinates":[[[-76.20034856027706,3.1000141802737393],[-76.15034833156297,3.1000141802737393],[-76.15034833156297,3.1500144089878317],[-76.20034856027706,3.1500144089878317],[-76.20034856027706,3.1000141802737393]]]}},{"type":"Feature","properties":{"v":39.85},"geometry":{"type":"Polygon","coordinates":[[[-76.15034833156297,3.1000141802737393],[-76.10034810284888,3.1000141802737393],[-76.10034810284888,3.1500144089878317],[-76.15034833156297,3.1500144089878317],[-76.15034833156297,3.1000141802737393]]]}},{"type":"Feature","properties":{"v":38.56},"geometry":{"type":"Polygon","coordinates":[[[-76.10034810284888,3.1000141802737393],[-76.05034787413479,3.1000141802737393],[-76.05034787413479,3.1500144089878317],[-76.10034810284888,3.1500144089878317],[-76.10034810284888,3.1000141802737393]]]}},{"type":"Feature","properties":{"v":34.04},"geometry":{"type":"Polygon","coordinates":[[[-76.05034787413479,3.1000141802737393],[-76.00034764542069,3.1000141802737393],[-76.00034764542069,3.1500144089878317],[-76.05034787413479,3.1500144089878317],[-76.05034787413479,3.1000141802737393]]]}},{"type":"Feature","properties":{"v":24.58},"geometry":{"type":"Polygon","coordinates":[[[-76.00034764542069,3.1000141802737393],[-75.9503474167066,3.1000141802737393],[-75.9503474167066,3.1500144089878317],[-76.00034764542069,3.1500144089878317],[-76.00034764542069,3.1000141802737393]]]}},{"type":"Feature","properties":{"v":30.45},"geometry":{"type":"Polygon","coordinates":[[[-75.9503474167066,3.1000141802737393],[-75.90034718799251,3.1000141802737393],[-75.90034718799251,3.1500144089878317],[-75.9503474167066,3.1500144089878317],[-75.9503474167066,3.1000141802737393]]]}},{"type":"Feature","properties":{"v":33.4},"geometry":{"type":"Polygon","coordinates":[[[-75.90034718799251,3.1000141802737393],[-75.85034695927841,3.1000141802737393],[-75.85034695927841,3.1500144089878317],[-75.90034718799251,3.1500144089878317],[-75.90034718799251,3.1000141802737393]]]}},{"type":"Feature","properties":{"v":24.22},"geometry":{"type":"Polygon","coordinates":[[[-75.85034695927841,3.1000141802737393],[-75.80034673056433,3.1000141802737393],[-75.80034673056433,3.1500144089878317],[-75.85034695927841,3.1500144089878317],[-75.85034695927841,3.1000141802737393]]]}},{"type":"Feature","properties":{"v":26.46},"geometry":{"type":"Polygon","coordinates":[[[-75.80034673056433,3.1000141802737393],[-75.75034650185023,3.1000141802737393],[-75.75034650185023,3.1500144089878317],[-75.80034673056433,3.1500144089878317],[-75.80034673056433,3.1000141802737393]]]}},{"type":"Feature","properties":{"v":32.48},"geometry":{"type":"Polygon","coordinates":[[[-75.75034650185023,3.1000141802737393],[-75.70034627313613,3.1000141802737393],[-75.70034627313613,3.1500144089878317],[-75.75034650185023,3.1500144089878317],[-75.75034650185023,3.1000141802737393]]]}},{"type":"Feature","properties":{"v":31.8},"geometry":{"type":"Polygon","coordinates":[[[-75.70034627313613,3.1000141802737393],[-75.65034604442205,3.1000141802737393],[-75.65034604442205,3.1500144089878317],[-75.70034627313613,3.1500144089878317],[-75.70034627313613,3.1000141802737393]]]}},{"type":"Feature","properties":{"v":32.8},"geometry":{"type":"Polygon","coordinates":[[[-75.65034604442205,3.1000141802737393],[-75.60034581570795,3.1000141802737393],[-75.60034581570795,3.1500144089878317],[-75.65034604442205,3.1500144089878317],[-75.65034604442205,3.1000141802737393]]]}},{"type":"Feature","properties":{"v":30.33},"geometry":{"type":"Polygon","coordinates":[[[-75.60034581570795,3.1000141802737393],[-75.55034558699386,3.1000141802737393],[-75.55034558699386,3.1500144089878317],[-75.60034581570795,3.1500144089878317],[-75.60034581570795,3.1000141802737393]]]}},{"type":"Feature","properties":{"v":29.18},"geometry":{"type":"Polygon","coordinates":[[[-75.55034558699386,3.1000141802737393],[-75.50034535827977,3.1000141802737393],[-75.50034535827977,3.1500144089878317],[-75.55034558699386,3.1500144089878317],[-75.55034558699386,3.1000141802737393]]]}},{"type":"Feature","properties":{"v":22.93},"geometry":{"type":"Polygon","coordinates":[[[-75.50034535827977,3.1000141802737393],[-75.45034512956568,3.1000141802737393],[-75.45034512956568,3.1500144089878317],[-75.50034535827977,3.1500144089878317],[-75.50034535827977,3.1000141802737393]]]}},{"type":"Feature","properties":{"v":15.72},"geometry":{"type":"Polygon","coordinates":[[[-75.45034512956568,3.1000141802737393],[-75.40034490085158,3.1000141802737393],[-75.40034490085158,3.1500144089878317],[-75.45034512956568,3.1500144089878317],[-75.45034512956568,3.1000141802737393]]]}},{"type":"Feature","properties":{"v":0.0},"geometry":{"type":"Polygon","coordinates":[[[-75.40034490085158,3.1000141802737393],[-75.3503446721375,3.1000141802737393],[-75.3503446721375,3.1500144089878317],[-75.40034490085158,3.1500144089878317],[-75.40034490085158,3.1000141802737393]]]}},{"type":"Feature","properties":{"v":17.41},"geometry":{"type":"Polygon","coordinates":[[[-75.3503446721375,3.1000141802737393],[-75.3003444434234,3.1000141802737393],[-75.3003444434234,3.1500144089878317],[-75.3503446721375,3.1500144089878317],[-75.3503446721375,3.1000141802737393]]]}},{"type":"Feature","properties":{"v":0.0},"geometry":{"type":"Polygon","coordinates":[[[-75.3003444434234,3.1000141802737393],[-75.2503442147093,3.1000141802737393],[-75.2503442147093,3.1500144089878317],[-75.3003444434234,3.1500144089878317],[-75.3003444434234,3.1000141802737393]]]}},{"type":"Feature","properties":{"v":0.0},"geometry":{"type":"Polygon","coordinates":[[[-75.2503442147093,3.1000141802737393],[-75.20034398599522,3.1000141802737393],[-75.20034398599522,3.1500144089878317],[-75.2503442147093,3.1500144089878317],[-75.2503442147093,3.1000141802737393]]]}},{"type":"Feature","properties":{"v":0.0},"geometry":{"type":"Polygon","coordinates":[[[-75.20034398599522,3.1000141802737393],[-75.15034375728112,3.1000141802737393],[-75.15034375728112,3.1500144089878317],[-75.20034398599522,3.1500144089878317],[-75.20034398599522,3.1000141802737393]]]}},{"type":"Feature","properties":{"v":0.0},"geometry":{"type":"Polygon","coordinates":[[[-75.15034375728112,3.1000141802737393],[-75.10034352856702,3.1000141802737393],[-75.10034352856702,3.1500144089878317],[-75.15034375728112,3.1500144089878317],[-75.15034375728112,3.1000141802737393]]]}},{"type":"Feature","properties":{"v":57.4},"geometry":{"type":"Polygon","coordinates":[[[-77.70035542169984,3.050013951559647],[-77.65035519298574,3.050013951559647],[-77.65035519298574,3.1000141802737393],[-77.70035542169984,3.1000141802737393],[-77.70035542169984,3.050013951559647]]]}},{"type":"Feature","properties":{"v":55.22},"geometry":{"type":"Polygon","coordinates":[[[-77.65035519298574,3.050013951559647],[-77.60035496427166,3.050013951559647],[-77.60035496427166,3.1000141802737393],[-77.65035519298574,3.1000141802737393],[-77.65035519298574,3.050013951559647]]]}},{"type":"Feature","properties":{"v":53.97},"geometry":{"type":"Polygon","coordinates":[[[-77.60035496427166,3.050013951559647],[-77.55035473555756,3.050013951559647],[-77.55035473555756,3.1000141802737393],[-77.60035496427166,3.1000141802737393],[-77.60035496427166,3.050013951559647]]]}},{"type":"Feature","properties":{"v":52.17},"geometry":{"type":"Polygon","coordinates":[[[-77.55035473555756,3.050013951559647],[-77.50035450684346,3.050013951559647],[-77.50035450684346,3.1000141802737393],[-77.55035473555756,3.1000141802737393],[-77.55035473555756,3.050013951559647]]]}},{"type":"Feature","properties":{"v":52.19},"geometry":{"type":"Polygon","coordinates":[[[-77.50035450684346,3.050013951559647],[-77.45035427812938,3.050013951559647],[-77.45035427812938,3.1000141802737393],[-77.50035450684346,3.1000141802737393],[-77.50035450684346,3.050013951559647]]]}},{"type":"Feature","properties":{"v":48.17},"geometry":{"type":"Polygon","coordinates":[[[-77.45035427812938,3.050013951559647],[-77.40035404941528,3.050013951559647],[-77.40035404941528,3.1000141802737393],[-77.45035427812938,3.1000141802737393],[-77.45035427812938,3.050013951559647]]]}},{"type":"Feature","properties":{"v":50.93},"geometry":{"type":"Polygon","coordinates":[[[-77.40035404941528,3.050013951559647],[-77.35035382070119,3.050013951559647],[-77.35035382070119,3.1000141802737393],[-77.40035404941528,3.1000141802737393],[-77.40035404941528,3.050013951559647]]]}},{"type":"Feature","properties":{"v":49.59},"geometry":{"type":"Polygon","coordinates":[[[-77.35035382070119,3.050013951559647],[-77.3003535919871,3.050013951559647],[-77.3003535919871,3.1000141802737393],[-77.35035382070119,3.1000141802737393],[-77.35035382070119,3.050013951559647]]]}},{"type":"Feature","properties":{"v":46.58},"geometry":{"type":"Polygon","coordinates":[[[-77.3003535919871,3.050013951559647],[-77.250353363273,3.050013951559647],[-77.250353363273,3.1000141802737393],[-77.3003535919871,3.1000141802737393],[-77.3003535919871,3.050013951559647]]]}},{"type":"Feature","properties":{"v":50.37},"geometry":{"type":"Polygon","coordinates":[[[-77.250353363273,3.050013951559647],[-77.20035313455891,3.050013951559647],[-77.20035313455891,3.1000141802737393],[-77.250353363273,3.1000141802737393],[-77.250353363273,3.050013951559647]]]}},{"type":"Feature","properties":{"v":45.71},"geometry":{"type":"Polygon","coordinates":[[[-77.20035313455891,3.050013951559647],[-77.15035290584483,3.050013951559647],[-77.15035290584483,3.1000141802737393],[-77.20035313455891,3.1000141802737393],[-77.20035313455891,3.050013951559647]]]}},{"type":"Feature","properties":{"v":44.46},"geometry":{"type":"Polygon","coordinates":[[[-77.15035290584483,3.050013951559647],[-77.10035267713073,3.050013951559647],[-77.10035267713073,3.1000141802737393],[-77.15035290584483,3.1000141802737393],[-77.15035290584483,3.050013951559647]]]}},{"type":"Feature","properties":{"v":45.91},"geometry":{"type":"Polygon","coordinates":[[[-77.10035267713073,3.050013951559647],[-77.05035244841663,3.050013951559647],[-77.05035244841663,3.1000141802737393],[-77.10035267713073,3.1000141802737393],[-77.10035267713073,3.050013951559647]]]}},{"type":"Feature","properties":{"v":44.04},"geometry":{"type":"Polygon","coordinates":[[[-77.05035244841663,3.050013951559647],[-77.00035221970255,3.050013951559647],[-77.00035221970255,3.1000141802737393],[-77.05035244841663,3.1000141802737393],[-77.05035244841663,3.050013951559647]]]}},{"type":"Feature","properties":{"v":43.81},"geometry":{"type":"Polygon","coordinates":[[[-77.00035221970255,3.050013951559647],[-76.95035199098845,3.050013951559647],[-76.95035199098845,3.1000141802737393],[-77.00035221970255,3.1000141802737393],[-77.00035221970255,3.050013951559647]]]}},{"type":"Feature","properties":{"v":36.71},"geometry":{"type":"Polygon","coordinates":[[[-76.95035199098845,3.050013951559647],[-76.90035176227435,3.050013951559647],[-76.90035176227435,3.1000141802737393],[-76.95035199098845,3.1000141802737393],[-76.95035199098845,3.050013951559647]]]}},{"type":"Feature","properties":{"v":36.32},"geometry":{"type":"Polygon","coordinates":[[[-76.90035176227435,3.050013951559647],[-76.85035153356027,3.050013951559647],[-76.85035153356027,3.1000141802737393],[-76.90035176227435,3.1000141802737393],[-76.90035176227435,3.050013951559647]]]}},{"type":"Feature","properties":{"v":36.44},"geometry":{"type":"Polygon","coordinates":[[[-76.85035153356027,3.050013951559647],[-76.80035130484617,3.050013951559647],[-76.80035130484617,3.1000141802737393],[-76.85035153356027,3.1000141802737393],[-76.85035153356027,3.050013951559647]]]}},{"type":"Feature","properties":{"v":36.48},"geometry":{"type":"Polygon","coordinates":[[[-76.80035130484617,3.050013951559647],[-76.75035107613208,3.050013951559647],[-76.75035107613208,3.1000141802737393],[-76.80035130484617,3.1000141802737393],[-76.80035130484617,3.050013951559647]]]}},{"type":"Feature","properties":{"v":36.04},"geometry":{"type":"Polygon","coordinates":[[[-76.75035107613208,3.050013951559647],[-76.700350847418,3.050013951559647],[-76.700350847418,3.1000141802737393],[-76.75035107613208,3.1000141802737393],[-76.75035107613208,3.050013951559647]]]}},{"type":"Feature","properties":{"v":21.65},"geometry":{"type":"Polygon","coordinates":[[[-76.700350847418,3.050013951559647],[-76.6503506187039,3.050013951559647],[-76.6503506187039,3.1000141802737393],[-76.700350847418,3.1000141802737393],[-76.700350847418,3.050013951559647]]]}},{"type":"Feature","properties":{"v":21.81},"geometry":{"type":"Polygon","coordinates":[[[-76.6503506187039,3.050013951559647],[-76.6003503899898,3.050013951559647],[-76.6003503899898,3.1000141802737393],[-76.6503506187039,3.1000141802737393],[-76.6503506187039,3.050013951559647]]]}},{"type":"Feature","properties":{"v":20.98},"geometry":{"type":"Polygon","coordinates":[[[-76.6003503899898,3.050013951559647],[-76.55035016127572,3.050013951559647],[-76.55035016127572,3.1000141802737393],[-76.6003503899898,3.1000141802737393],[-76.6003503899898,3.050013951559647]]]}},{"type":"Feature","properties":{"v":23.68},"geometry":{"type":"Polygon","coordinates":[[[-76.55035016127572,3.050013951559647],[-76.50034993256162,3.050013951559647],[-76.50034993256162,3.1000141802737393],[-76.55035016127572,3.1000141802737393],[-76.55035016127572,3.050013951559647]]]}},{"type":"Feature","properties":{"v":26.9},"geometry":{"type":"Polygon","coordinates":[[[-76.50034993256162,3.050013951559647],[-76.45034970384752,3.050013951559647],[-76.45034970384752,3.1000141802737393],[-76.50034993256162,3.1000141802737393],[-76.50034993256162,3.050013951559647]]]}},{"type":"Feature","properties":{"v":25.73},"geometry":{"type":"Polygon","coordinates":[[[-76.45034970384752,3.050013951559647],[-76.40034947513344,3.050013951559647],[-76.40034947513344,3.1000141802737393],[-76.45034970384752,3.1000141802737393],[-76.45034970384752,3.050013951559647]]]}},{"type":"Feature","properties":{"v":28.05},"geometry":{"type":"Polygon","coordinates":[[[-76.40034947513344,3.050013951559647],[-76.35034924641934,3.050013951559647],[-76.35034924641934,3.1000141802737393],[-76.40034947513344,3.1000141802737393],[-76.40034947513344,3.050013951559647]]]}},{"type":"Feature","properties":{"v":41.41},"geometry":{"type":"Polygon","coordinates":[[[-76.35034924641934,3.050013951559647],[-76.30034901770524,3.050013951559647],[-76.30034901770524,3.1000141802737393],[-76.35034924641934,3.1000141802737393],[-76.35034924641934,3.050013951559647]]]}},{"type":"Feature","properties":{"v":40.86},"geometry":{"type":"Polygon","coordinates":[[[-76.30034901770524,3.050013951559647],[-76.25034878899116,3.050013951559647],[-76.25034878899116,3.1000141802737393],[-76.30034901770524,3.1000141802737393],[-76.30034901770524,3.050013951559647]]]}},{"type":"Feature","properties":{"v":41.75},"geometry":{"type":"Polygon","coordinates":[[[-76.25034878899116,3.050013951559647],[-76.20034856027706,3.050013951559647],[-76.20034856027706,3.1000141802737393],[-76.25034878899116,3.1000141802737393],[-76.25034878899116,3.050013951559647]]]}},{"type":"Feature","properties":{"v":42.76},"geometry":{"type":"Polygon","coordinates":[[[-76.20034856027706,3.050013951559647],[-76.15034833156297,3.050013951559647],[-76.15034833156297,3.1000141802737393],[-76.20034856027706,3.1000141802737393],[-76.20034856027706,3.050013951559647]]]}},{"type":"Feature","properties":{"v":42.08},"geometry":{"type":"Polygon","coordinates":[[[-76.15034833156297,3.050013951559647],[-76.10034810284888,3.050013951559647],[-76.10034810284888,3.1000141802737393],[-76.15034833156297,3.1000141802737393],[-76.15034833156297,3.050013951559647]]]}},{"type":"Feature","properties":{"v":36.85},"geometry":{"type":"Polygon","coordinates":[[[-76.10034810284888,3.050013951559647],[-76.05034787413479,3.050013951559647],[-76.05034787413479,3.1000141802737393],[-76.10034810284888,3.1000141802737393],[-76.10034810284888,3.050013951559647]]]}},{"type":"Feature","properties":{"v":32.68},"geometry":{"type":"Polygon","coordinates":[[[-76.05034787413479,3.050013951559647],[-76.00034764542069,3.050013951559647],[-76.00034764542069,3.1000141802737393],[-76.05034787413479,3.1000141802737393],[-76.05034787413479,3.050013951559647]]]}},{"type":"Feature","properties":{"v":39.33},"geometry":{"type":"Polygon","coordinates":[[[-76.00034764542069,3.050013951559647],[-75.9503474167066,3.050013951559647],[-75.9503474167066,3.1000141802737393],[-76.00034764542069,3.1000141802737393],[-76.00034764542069,3.050013951559647]]]}},{"type":"Feature","properties":{"v":38.63},"geometry":{"type":"Polygon","coordinates":[[[-75.9503474167066,3.050013951559647],[-75.90034718799251,3.050013951559647],[-75.90034718799251,3.1000141802737393],[-75.9503474167066,3.1000141802737393],[-75.9503474167066,3.050013951559647]]]}},{"type":"Feature","properties":{"v":38.3},"geometry":{"type":"Polygon","coordinates":[[[-75.90034718799251,3.050013951559647],[-75.85034695927841,3.050013951559647],[-75.85034695927841,3.1000141802737393],[-75.90034718799251,3.1000141802737393],[-75.90034718799251,3.050013951559647]]]}},{"type":"Feature","properties":{"v":30.7},"geometry":{"type":"Polygon","coordinates":[[[-75.85034695927841,3.050013951559647],[-75.80034673056433,3.050013951559647],[-75.80034673056433,3.1000141802737393],[-75.85034695927841,3.1000141802737393],[-75.85034695927841,3.050013951559647]]]}},{"type":"Feature","properties":{"v":28.83},"geometry":{"type":"Polygon","coordinates":[[[-75.80034673056433,3.050013951559647],[-75.75034650185023,3.050013951559647],[-75.75034650185023,3.1000141802737393],[-75.80034673056433,3.1000141802737393],[-75.80034673056433,3.050013951559647]]]}},{"type":"Feature","properties":{"v":39.93},"geometry":{"type":"Polygon","coordinates":[[[-75.75034650185023,3.050013951559647],[-75.70034627313613,3.050013951559647],[-75.70034627313613,3.1000141802737393],[-75.75034650185023,3.1000141802737393],[-75.75034650185023,3.050013951559647]]]}},{"type":"Feature","properties":{"v":35.04},"geometry":{"type":"Polygon","coordinates":[[[-75.70034627313613,3.050013951559647],[-75.65034604442205,3.050013951559647],[-75.65034604442205,3.1000141802737393],[-75.70034627313613,3.1000141802737393],[-75.70034627313613,3.050013951559647]]]}},{"type":"Feature","properties":{"v":35.14},"geometry":{"type":"Polygon","coordinates":[[[-75.65034604442205,3.050013951559647],[-75.60034581570795,3.050013951559647],[-75.60034581570795,3.1000141802737393],[-75.65034604442205,3.1000141802737393],[-75.65034604442205,3.050013951559647]]]}},{"type":"Feature","properties":{"v":27.03},"geometry":{"type":"Polygon","coordinates":[[[-75.60034581570795,3.050013951559647],[-75.55034558699386,3.050013951559647],[-75.55034558699386,3.1000141802737393],[-75.60034581570795,3.1000141802737393],[-75.60034581570795,3.050013951559647]]]}},{"type":"Feature","properties":{"v":0.0},"geometry":{"type":"Polygon","coordinates":[[[-75.55034558699386,3.050013951559647],[-75.50034535827977,3.050013951559647],[-75.50034535827977,3.1000141802737393],[-75.55034558699386,3.1000141802737393],[-75.55034558699386,3.050013951559647]]]}},{"type":"Feature","properties":{"v":0.0},"geometry":{"type":"Polygon","coordinates":[[[-75.50034535827977,3.050013951559647],[-75.45034512956568,3.050013951559647],[-75.45034512956568,3.1000141802737393],[-75.50034535827977,3.1000141802737393],[-75.50034535827977,3.050013951559647]]]}},{"type":"Feature","properties":{"v":0.0},"geometry":{"type":"Polygon","coordinates":[[[-75.45034512956568,3.050013951559647],[-75.40034490085158,3.050013951559647],[-75.40034490085158,3.1000141802737393],[-75.45034512956568,3.1000141802737393],[-75.45034512956568,3.050013951559647]]]}},{"type":"Feature","properties":{"v":0.0},"geometry":{"type":"Polygon","coordinates":[[[-75.40034490085158,3.050013951559647],[-75.3503446721375,3.050013951559647],[-75.3503446721375,3.1000141802737393],[-75.40034490085158,3.1000141802737393],[-75.40034490085158,3.050013951559647]]]}},{"type":"Feature","properties":{"v":0.0},"geometry":{"type":"Polygon","coordinates":[[[-75.3503446721375,3.050013951559647],[-75.3003444434234,3.050013951559647],[-75.3003444434234,3.1000141802737393],[-75.3503446721375,3.1000141802737393],[-75.3503446721375,3.050013951559647]]]}},{"type":"Feature","properties":{"v":19.27},"geometry":{"type":"Polygon","coordinates":[[[-75.3003444434234,3.050013951559647],[-75.2503442147093,3.050013951559647],[-75.2503442147093,3.1000141802737393],[-75.3003444434234,3.1000141802737393],[-75.3003444434234,3.050013951559647]]]}},{"type":"Feature","properties":{"v":20.38},"geometry":{"type":"Polygon","coordinates":[[[-75.2503442147093,3.050013951559647],[-75.20034398599522,3.050013951559647],[-75.20034398599522,3.1000141802737393],[-75.2503442147093,3.1000141802737393],[-75.2503442147093,3.050013951559647]]]}},{"type":"Feature","properties":{"v":0.0},"geometry":{"type":"Polygon","coordinates":[[[-75.20034398599522,3.050013951559647],[-75.15034375728112,3.050013951559647],[-75.15034375728112,3.1000141802737393],[-75.20034398599522,3.1000141802737393],[-75.20034398599522,3.050013951559647]]]}},{"type":"Feature","properties":{"v":0.0},"geometry":{"type":"Polygon","coordinates":[[[-75.15034375728112,3.050013951559647],[-75.10034352856702,3.050013951559647],[-75.10034352856702,3.1000141802737393],[-75.15034375728112,3.1000141802737393],[-75.15034375728112,3.050013951559647]]]}},{"type":"Feature","properties":{"v":59.05},"geometry":{"type":"Polygon","coordinates":[[[-77.70035542169984,3.000013722845554],[-77.65035519298574,3.000013722845554],[-77.65035519298574,3.050013951559647],[-77.70035542169984,3.050013951559647],[-77.70035542169984,3.000013722845554]]]}},{"type":"Feature","properties":{"v":55.31},"geometry":{"type":"Polygon","coordinates":[[[-77.65035519298574,3.000013722845554],[-77.60035496427166,3.000013722845554],[-77.60035496427166,3.050013951559647],[-77.65035519298574,3.050013951559647],[-77.65035519298574,3.000013722845554]]]}},{"type":"Feature","properties":{"v":51.39},"geometry":{"type":"Polygon","coordinates":[[[-77.60035496427166,3.000013722845554],[-77.55035473555756,3.000013722845554],[-77.55035473555756,3.050013951559647],[-77.60035496427166,3.050013951559647],[-77.60035496427166,3.000013722845554]]]}},{"type":"Feature","properties":{"v":51.44},"geometry":{"type":"Polygon","coordinates":[[[-77.55035473555756,3.000013722845554],[-77.50035450684346,3.000013722845554],[-77.50035450684346,3.050013951559647],[-77.55035473555756,3.050013951559647],[-77.55035473555756,3.000013722845554]]]}},{"type":"Feature","properties":{"v":51.25},"geometry":{"type":"Polygon","coordinates":[[[-77.50035450684346,3.000013722845554],[-77.45035427812938,3.000013722845554],[-77.45035427812938,3.050013951559647],[-77.50035450684346,3.050013951559647],[-77.50035450684346,3.000013722845554]]]}},{"type":"Feature","properties":{"v":48.85},"geometry":{"type":"Polygon","coordinates":[[[-77.45035427812938,3.000013722845554],[-77.40035404941528,3.000013722845554],[-77.40035404941528,3.050013951559647],[-77.45035427812938,3.050013951559647],[-77.45035427812938,3.000013722845554]]]}},{"type":"Feature","properties":{"v":48.41},"geometry":{"type":"Polygon","coordinates":[[[-77.40035404941528,3.000013722845554],[-77.35035382070119,3.000013722845554],[-77.35035382070119,3.050013951559647],[-77.40035404941528,3.050013951559647],[-77.40035404941528,3.000013722845554]]]}},{"type":"Feature","properties":{"v":46.95},"geometry":{"type":"Polygon","coordinates":[[[-77.35035382070119,3.000013722845554],[-77.3003535919871,3.000013722845554],[-77.3003535919871,3.050013951559647],[-77.35035382070119,3.050013951559647],[-77.35035382070119,3.000013722845554]]]}},{"type":"Feature","properties":{"v":47.97},"geometry":{"type":"Polygon","coordinates":[[[-77.3003535919871,3.000013722845554],[-77.250353363273,3.000013722845554],[-77.250353363273,3.050013951559647],[-77.3003535919871,3.050013951559647],[-77.3003535919871,3.000013722845554]]]}},{"type":"Feature","properties":{"v":46.83},"geometry":{"type":"Polygon","coordinates":[[[-77.250353363273,3.000013722845554],[-77.20035313455891,3.000013722845554],[-77.20035313455891,3.050013951559647],[-77.250353363273,3.050013951559647],[-77.250353363273,3.000013722845554]]]}},{"type":"Feature","properties":{"v":44.75},"geometry":{"type":"Polygon","coordinates":[[[-77.20035313455891,3.000013722845554],[-77.15035290584483,3.000013722845554],[-77.15035290584483,3.050013951559647],[-77.20035313455891,3.050013951559647],[-77.20035313455891,3.000013722845554]]]}},{"type":"Feature","properties":{"v":46.42},"geometry":{"type":"Polygon","coordinates":[[[-77.15035290584483,3.000013722845554],[-77.10035267713073,3.000013722845554],[-77.10035267713073,3.050013951559647],[-77.15035290584483,3.050013951559647],[-77.15035290584483,3.000013722845554]]]}},{"type":"Feature","properties":{"v":46.34},"geometry":{"type":"Polygon","coordinates":[[[-77.10035267713073,3.000013722845554],[-77.05035244841663,3.000013722845554],[-77.05035244841663,3.050013951559647],[-77.10035267713073,3.050013951559647],[-77.10035267713073,3.000013722845554]]]}},{"type":"Feature","properties":{"v":42.31},"geometry":{"type":"Polygon","coordinates":[[[-77.05035244841663,3.000013722845554],[-77.00035221970255,3.000013722845554],[-77.00035221970255,3.050013951559647],[-77.05035244841663,3.050013951559647],[-77.05035244841663,3.000013722845554]]]}},{"type":"Feature","properties":{"v":42.52},"geometry":{"type":"Polygon","coordinates":[[[-77.00035221970255,3.000013722845554],[-76.95035199098845,3.000013722845554],[-76.95035199098845,3.050013951559647],[-77.00035221970255,3.050013951559647],[-77.00035221970255,3.000013722845554]]]}},{"type":"Feature","properties":{"v":35.74},"geometry":{"type":"Polygon","coordinates":[[[-76.95035199098845,3.000013722845554],[-76.90035176227435,3.000013722845554],[-76.90035176227435,3.050013951559647],[-76.95035199098845,3.050013951559647],[-76.95035199098845,3.000013722845554]]]}},{"type":"Feature","properties":{"v":33.43},"geometry":{"type":"Polygon","coordinates":[[[-76.90035176227435,3.000013722845554],[-76.85035153356027,3.000013722845554],[-76.85035153356027,3.050013951559647],[-76.90035176227435,3.050013951559647],[-76.90035176227435,3.000013722845554]]]}},{"type":"Feature","properties":{"v":39.5},"geometry":{"type":"Polygon","coordinates":[[[-76.85035153356027,3.000013722845554],[-76.80035130484617,3.000013722845554],[-76.80035130484617,3.050013951559647],[-76.85035153356027,3.050013951559647],[-76.85035153356027,3.000013722845554]]]}},{"type":"Feature","properties":{"v":37.08},"geometry":{"type":"Polygon","coordinates":[[[-76.80035130484617,3.000013722845554],[-76.75035107613208,3.000013722845554],[-76.75035107613208,3.050013951559647],[-76.80035130484617,3.050013951559647],[-76.80035130484617,3.000013722845554]]]}},{"type":"Feature","properties":{"v":34.77},"geometry":{"type":"Polygon","coordinates":[[[-76.75035107613208,3.000013722845554],[-76.700350847418,3.000013722845554],[-76.700350847418,3.050013951559647],[-76.75035107613208,3.050013951559647],[-76.75035107613208,3.000013722845554]]]}},{"type":"Feature","properties":{"v":30.45},"geometry":{"type":"Polygon","coordinates":[[[-76.700350847418,3.000013722845554],[-76.6503506187039,3.000013722845554],[-76.6503506187039,3.050013951559647],[-76.700350847418,3.050013951559647],[-76.700350847418,3.000013722845554]]]}},{"type":"Feature","properties":{"v":21.91},"geometry":{"type":"Polygon","coordinates":[[[-76.6503506187039,3.000013722845554],[-76.6003503899898,3.000013722845554],[-76.6003503899898,3.050013951559647],[-76.6503506187039,3.050013951559647],[-76.6503506187039,3.000013722845554]]]}},{"type":"Feature","properties":{"v":18.96},"geometry":{"type":"Polygon","coordinates":[[[-76.6003503899898,3.000013722845554],[-76.55035016127572,3.000013722845554],[-76.55035016127572,3.050013951559647],[-76.6003503899898,3.050013951559647],[-76.6003503899898,3.000013722845554]]]}},{"type":"Feature","properties":{"v":19.33},"geometry":{"type":"Polygon","coordinates":[[[-76.55035016127572,3.000013722845554],[-76.50034993256162,3.000013722845554],[-76.50034993256162,3.050013951559647],[-76.55035016127572,3.050013951559647],[-76.55035016127572,3.000013722845554]]]}},{"type":"Feature","properties":{"v":26.59},"geometry":{"type":"Polygon","coordinates":[[[-76.50034993256162,3.000013722845554],[-76.45034970384752,3.000013722845554],[-76.45034970384752,3.050013951559647],[-76.50034993256162,3.050013951559647],[-76.50034993256162,3.000013722845554]]]}},{"type":"Feature","properties":{"v":21.16},"geometry":{"type":"Polygon","coordinates":[[[-76.45034970384752,3.000013722845554],[-76.40034947513344,3.000013722845554],[-76.40034947513344,3.050013951559647],[-76.45034970384752,3.050013951559647],[-76.45034970384752,3.000013722845554]]]}},{"type":"Feature","properties":{"v":21.15},"geometry":{"type":"Polygon","coordinates":[[[-76.40034947513344,3.000013722845554],[-76.35034924641934,3.000013722845554],[-76.35034924641934,3.050013951559647],[-76.40034947513344,3.050013951559647],[-76.40034947513344,3.000013722845554]]]}},{"type":"Feature","properties":{"v":24.85},"geometry":{"type":"Polygon","coordinates":[[[-76.35034924641934,3.000013722845554],[-76.30034901770524,3.000013722845554],[-76.30034901770524,3.050013951559647],[-76.35034924641934,3.050013951559647],[-76.35034924641934,3.000013722845554]]]}},{"type":"Feature","properties":{"v":29.47},"geometry":{"type":"Polygon","coordinates":[[[-76.30034901770524,3.000013722845554],[-76.25034878899116,3.000013722845554],[-76.25034878899116,3.050013951559647],[-76.30034901770524,3.050013951559647],[-76.30034901770524,3.000013722845554]]]}},{"type":"Feature","properties":{"v":41.53},"geometry":{"type":"Polygon","coordinates":[[[-76.25034878899116,3.000013722845554],[-76.20034856027706,3.000013722845554],[-76.20034856027706,3.050013951559647],[-76.25034878899116,3.050013951559647],[-76.25034878899116,3.000013722845554]]]}},{"type":"Feature","properties":{"v":37.73},"geometry":{"type":"Polygon","coordinates":[[[-76.20034856027706,3.000013722845554],[-76.15034833156297,3.000013722845554],[-76.15034833156297,3.050013951559647],[-76.20034856027706,3.050013951559647],[-76.20034856027706,3.000013722845554]]]}},{"type":"Feature","properties":{"v":41.36},"geometry":{"type":"Polygon","coordinates":[[[-76.15034833156297,3.000013722845554],[-76.10034810284888,3.000013722845554],[-76.10034810284888,3.050013951559647],[-76.15034833156297,3.050013951559647],[-76.15034833156297,3.000013722845554]]]}},{"type":"Feature","properties":{"v":47.02},"geometry":{"type":"Polygon","coordinates":[[[-76.10034810284888,3.000013722845554],[-76.05034787413479,3.000013722845554],[-76.05034787413479,3.050013951559647],[-76.10034810284888,3.050013951559647],[-76.10034810284888,3.000013722845554]]]}},{"type":"Feature","properties":{"v":42.3},"geometry":{"type":"Polygon","coordinates":[[[-76.05034787413479,3.000013722845554],[-76.00034764542069,3.000013722845554],[-76.00034764542069,3.050013951559647],[-76.05034787413479,3.050013951559647],[-76.05034787413479,3.000013722845554]]]}},{"type":"Feature","properties":{"v":40.6},"geometry":{"type":"Polygon","coordinates":[[[-76.00034764542069,3.000013722845554],[-75.9503474167066,3.000013722845554],[-75.9503474167066,3.050013951559647],[-76.00034764542069,3.050013951559647],[-76.00034764542069,3.000013722845554]]]}},{"type":"Feature","properties":{"v":46.84},"geometry":{"type":"Polygon","coordinates":[[[-75.9503474167066,3.000013722845554],[-75.90034718799251,3.000013722845554],[-75.90034718799251,3.050013951559647],[-75.9503474167066,3.050013951559647],[-75.9503474167066,3.000013722845554]]]}},{"type":"Feature","properties":{"v":42.58},"geometry":{"type":"Polygon","coordinates":[[[-75.90034718799251,3.000013722845554],[-75.85034695927841,3.000013722845554],[-75.85034695927841,3.050013951559647],[-75.90034718799251,3.050013951559647],[-75.90034718799251,3.000013722845554]]]}},{"type":"Feature","properties":{"v":38.03},"geometry":{"type":"Polygon","coordinates":[[[-75.85034695927841,3.000013722845554],[-75.80034673056433,3.000013722845554],[-75.80034673056433,3.050013951559647],[-75.85034695927841,3.050013951559647],[-75.85034695927841,3.000013722845554]]]}},{"type":"Feature","properties":{"v":36.45},"geometry":{"type":"Polygon","coordinates":[[[-75.80034673056433,3.000013722845554],[-75.75034650185023,3.000013722845554],[-75.75034650185023,3.050013951559647],[-75.80034673056433,3.050013951559647],[-75.80034673056433,3.000013722845554]]]}},{"type":"Feature","properties":{"v":47.53},"geometry":{"type":"Polygon","coordinates":[[[-75.75034650185023,3.000013722845554],[-75.70034627313613,3.000013722845554],[-75.70034627313613,3.050013951559647],[-75.75034650185023,3.050013951559647],[-75.75034650185023,3.000013722845554]]]}},{"type":"Feature","properties":{"v":31.1},"geometry":{"type":"Polygon","coordinates":[[[-75.70034627313613,3.000013722845554],[-75.65034604442205,3.000013722845554],[-75.65034604442205,3.050013951559647],[-75.70034627313613,3.050013951559647],[-75.70034627313613,3.000013722845554]]]}},{"type":"Feature","properties":{"v":32.62},"geometry":{"type":"Polygon","coordinates":[[[-75.65034604442205,3.000013722845554],[-75.60034581570795,3.000013722845554],[-75.60034581570795,3.050013951559647],[-75.65034604442205,3.050013951559647],[-75.65034604442205,3.000013722845554]]]}},{"type":"Feature","properties":{"v":0.0},"geometry":{"type":"Polygon","coordinates":[[[-75.60034581570795,3.000013722845554],[-75.55034558699386,3.000013722845554],[-75.55034558699386,3.050013951559647],[-75.60034581570795,3.050013951559647],[-75.60034581570795,3.000013722845554]]]}},{"type":"Feature","properties":{"v":0.0},"geometry":{"type":"Polygon","coordinates":[[[-75.55034558699386,3.000013722845554],[-75.50034535827977,3.000013722845554],[-75.50034535827977,3.050013951559647],[-75.55034558699386,3.050013951559647],[-75.55034558699386,3.000013722845554]]]}},{"type":"Feature","properties":{"v":0.0},"geometry":{"type":"Polygon","coordinates":[[[-75.50034535827977,3.000013722845554],[-75.45034512956568,3.000013722845554],[-75.45034512956568,3.050013951559647],[-75.50034535827977,3.050013951559647],[-75.50034535827977,3.000013722845554]]]}},{"type":"Feature","properties":{"v":28.63},"geometry":{"type":"Polygon","coordinates":[[[-75.45034512956568,3.000013722845554],[-75.40034490085158,3.000013722845554],[-75.40034490085158,3.050013951559647],[-75.45034512956568,3.050013951559647],[-75.45034512956568,3.000013722845554]]]}},{"type":"Feature","properties":{"v":21.72},"geometry":{"type":"Polygon","coordinates":[[[-75.40034490085158,3.000013722845554],[-75.3503446721375,3.000013722845554],[-75.3503446721375,3.050013951559647],[-75.40034490085158,3.050013951559647],[-75.40034490085158,3.000013722845554]]]}},{"type":"Feature","properties":{"v":22.67},"geometry":{"type":"Polygon","coordinates":[[[-75.3503446721375,3.000013722845554],[-75.3003444434234,3.000013722845554],[-75.3003444434234,3.050013951559647],[-75.3503446721375,3.050013951559647],[-75.3503446721375,3.000013722845554]]]}},{"type":"Feature","properties":{"v":0.0},"geometry":{"type":"Polygon","coordinates":[[[-75.3003444434234,3.000013722845554],[-75.2503442147093,3.000013722845554],[-75.2503442147093,3.050013951559647],[-75.3003444434234,3.050013951559647],[-75.3003444434234,3.000013722845554]]]}},{"type":"Feature","properties":{"v":0.0},"geometry":{"type":"Polygon","coordinates":[[[-75.2503442147093,3.000013722845554],[-75.20034398599522,3.000013722845554],[-75.20034398599522,3.050013951559647],[-75.2503442147093,3.050013951559647],[-75.2503442147093,3.000013722845554]]]}},{"type":"Feature","properties":{"v":0.0},"geometry":{"type":"Polygon","coordinates":[[[-75.20034398599522,3.000013722845554],[-75.15034375728112,3.000013722845554],[-75.15034375728112,3.050013951559647],[-75.20034398599522,3.050013951559647],[-75.20034398599522,3.000013722845554]]]}},{"type":"Feature","properties":{"v":0.0},"geometry":{"type":"Polygon","coordinates":[[[-75.15034375728112,3.000013722845554],[-75.10034352856702,3.000013722845554],[-75.10034352856702,3.050013951559647],[-75.15034375728112,3.050013951559647],[-75.15034375728112,3.000013722845554]]]}}]}