{"type":"FeatureCollection","features":[{"type":"Feature","properties":{"v":23.4,"clase":"DEFICIT_ALTO","periodo":"1–15 ago 2026","metodo":"IDW 6 estaciones CVC"},"geometry":{"type":"MultiPolygon","coordinates":[[[[-77.23458072407897,3.1081403621832013],[-77.2365,3.1090999999999998],[-77.23880000000001,3.1121],[-77.243,3.1139],[-77.2444,3.1154000000000006],[-77.2453,3.1179999999999994],[-77.2435,3.1227999999999994],[-77.2447,3.126300000000001],[-77.2464,3.1265],[-77.2481,3.125],[-77.2493,3.1171000000000006],[-77.2505,3.1153000000000004],[-77.2523,3.1151999999999997],[-77.2534,3.116599999999999],[-77.2537,3.1227],[-77.2588,3.1288],[-77.2616,3.1351],[-77.2638,3.1350999999999996],[-77.2664,3.1331999999999995],[-77.2682,3.1334999999999997],[-77.2691,3.134699999999999],[-77.26922741495108,3.1352907491060975],[-77.23463827758754,3.1353655319916904],[-77.23459687467735,3.115804388531907],[-77.2347,3.1157999999999997],[-77.2357,3.1137],[-77.23459052235191,3.112792249400128],[-77.23458072407897,3.1081403621832013]]],[[[-77.27461310550943,3.135279001763823],[-77.2752,3.1321],[-77.2772,3.130899999999999],[-77.2788,3.1331999999999995],[-77.27879999697971,3.135269850028728],[-77.27461310550943,3.135279001763823]]]]}},{"type":"Feature","properties":{"v":23.3,"clase":"DEFICIT_ALTO","periodo":"1–15 ago 2026","metodo":"IDW 6 estaciones CVC"},"geometry":{"type":"MultiPolygon","coordinates":[[[[-77.20098698510668,3.1354371854058054],[-77.201,3.1354000000000006],[-77.2026,3.1341],[-77.2068,3.1335999999999995],[-77.20862102453579,3.1354210256088457],[-77.20098698510668,3.1354371854058054]]],[[[-77.20999624904591,3.135418108577574],[-77.2124,3.1347999999999994],[-77.21378281409167,3.135410067399063],[-77.20999624904591,3.135418108577574]]],[[[-77.23463827758754,3.1353655319916904],[-77.21719953329769,3.13540279981902],[-77.2173,3.1347999999999994],[-77.2157,3.1312999999999995],[-77.2189,3.1279],[-77.2201,3.1242],[-77.2197,3.1230000000000007],[-77.2182,3.1236],[-77.2166,3.1228],[-77.2162,3.1204],[-77.2196,3.1195000000000004],[-77.2277,3.1115],[-77.2286,3.112],[-77.2282,3.114],[-77.23,3.116],[-77.23459687467735,3.115804388531907],[-77.23463827758754,3.1353655319916904]]],[[[-77.23459052235191,3.112792249400128],[-77.2324,3.111],[-77.233,3.1088999999999993],[-77.2345,3.1081000000000003],[-77.23458072407897,3.1081403621832013],[-77.23459052235191,3.112792249400128]]]]}},{"type":"Feature","properties":{"v":23.3,"clase":"DEFICIT_ALTO","periodo":"1–15 ago 2026","metodo":"IDW 6 estaciones CVC"},"geometry":{"type":"Polygon","coordinates":[[[-76.96481706692013,3.135909482986139],[-76.96478357989913,3.1179211675169296],[-76.9649,3.1179],[-76.9668,3.1186999999999996],[-76.9719,3.1187999999999994],[-76.9747,3.1241],[-76.9776,3.1254999999999997],[-76.979,3.1273],[-76.9791,3.129],[-76.9769,3.1328999999999994],[-76.9773,3.1345999999999994],[-76.9793,3.1350000000000002],[-76.97997751687728,3.1358807726297266],[-76.96481706692013,3.135909482986139]]]}},{"type":"Feature","properties":{"v":23.4,"clase":"DEFICIT_ALTO","periodo":"1–15 ago 2026","metodo":"IDW 6 estaciones CVC"},"geometry":{"type":"Polygon","coordinates":[[[-76.96481706692013,3.135909482986139],[-76.9270340422262,3.1359800752698],[-76.9267,3.1335999999999995],[-76.9251,3.1304999999999996],[-76.9265,3.1300000000000003],[-76.9262,3.1277],[-76.9278,3.127],[-76.9295,3.1222999999999996],[-76.9314,3.1203999999999996],[-76.9339,3.1196999999999995],[-76.9338,3.1177],[-76.9364,3.116799999999999],[-76.9385,3.114],[-76.9538,3.1156000000000006],[-76.9605,3.1187],[-76.96478357989913,3.1179211675169296],[-76.96481706692013,3.135909482986139]]]}},{"type":"Feature","properties":{"v":26.1,"clase":"DEFICIT_ALTO","periodo":"1–15 ago 2026","metodo":"IDW 6 estaciones CVC"},"geometry":{"type":"Polygon","coordinates":[[[-76.73993217453379,3.136309455976065],[-76.69495183507743,3.136383630854134],[-76.69491428330983,3.112980952106929],[-76.6952,3.1130999999999998],[-76.6964,3.1147999999999993],[-76.6957,3.1177000000000006],[-76.69690000000001,3.1179999999999994],[-76.6987,3.1171000000000006],[-76.6981,3.1183],[-76.6997,3.1201999999999996],[-76.7026,3.1208999999999993],[-76.7032,3.1199000000000003],[-76.7086,3.1186000000000003],[-76.7115,3.1202999999999994],[-76.7123,3.118699999999999],[-76.7161,3.1188],[-76.71960000000001,3.117000000000001],[-76.7227,3.1177],[-76.7251,3.1200000000000006],[-76.7276,3.1206000000000005],[-76.7334,3.1249],[-76.7354,3.1292999999999997],[-76.7386,3.1306000000000003],[-76.73992469571883,3.1317827734895807],[-76.73993217453379,3.136309455976065]]]}},{"type":"Feature","properties":{"v":26.7,"clase":"DEFICIT_ALTO","periodo":"1–15 ago 2026","metodo":"IDW 6 estaciones CVC"},"geometry":{"type":"Polygon","coordinates":[[[-76.69495183507743,3.136383630854134],[-76.64997044053908,3.136455865278367],[-76.64991792782885,3.102781808488237],[-76.6507,3.1021],[-76.6522,3.1014999999999997],[-76.6528,3.1029000000000004],[-76.6538,3.1030999999999995],[-76.6548,3.1007999999999996],[-76.6599,3.0992999999999995],[-76.6615,3.1023],[-76.6641,3.0991999999999997],[-76.6663,3.098],[-76.6673,3.101799999999999],[-76.6685,3.1029000000000004],[-76.6727,3.1020000000000003],[-76.6737,3.1006000000000005],[-76.6754,3.1009],[-76.6751,3.0998999999999994],[-76.6762,3.0995],[-76.6819,3.1026000000000002],[-76.6832,3.1043999999999996],[-76.6824,3.105899999999999],[-76.6841,3.1081999999999996],[-76.6862,3.1087],[-76.6864,3.1101],[-76.6877,3.1103],[-76.689,3.1125],[-76.6916,3.1115999999999997],[-76.69491428330983,3.112980952106929],[-76.69495183507743,3.136383630854134]]]}},{"type":"Feature","properties":{"v":27.3,"clase":"DEFICIT_ALTO","periodo":"1–15 ago 2026","metodo":"IDW 6 estaciones CVC"},"geometry":{"type":"Polygon","coordinates":[[[-76.64997044053908,3.136455865278367],[-76.6049880188873,3.1365261590261815],[-76.60492616469004,3.0957034651680075],[-76.6052,3.092599999999999],[-76.6107,3.0913000000000004],[-76.6124,3.0915999999999997],[-76.6153,3.0943],[-76.61580000000001,3.0973],[-76.61840000000001,3.0995],[-76.62030000000001,3.1001999999999987],[-76.6215,3.0996],[-76.6212,3.1013],[-76.6243,3.102099999999999],[-76.6249,3.1049999999999995],[-76.6237,3.1085000000000007],[-76.6244,3.1092000000000004],[-76.6257,3.1088999999999993],[-76.6266,3.1100999999999996],[-76.626,3.111],[-76.6244,3.1103000000000005],[-76.6248,3.1123999999999996],[-76.6222,3.1147],[-76.6219,3.1159],[-76.6228,3.1169],[-76.6251,3.1172],[-76.6261,3.124],[-76.6298,3.1284],[-76.6331,3.1273000000000004],[-76.6344,3.124],[-76.6359,3.123299999999999],[-76.6365,3.1209],[-76.6389,3.1219],[-76.6393,3.1191],[-76.6414,3.117799999999999],[-76.6429,3.1185999999999994],[-76.6435,3.1153000000000004],[-76.6407,3.114399999999999],[-76.6408,3.1111999999999997],[-76.6449,3.1100000000000003],[-76.6468,3.1055],[-76.64991792782885,3.102781808488237],[-76.64997044053908,3.136455865278367]]]}},{"type":"Feature","properties":{"v":27.8,"clase":"DEFICIT_ALTO","periodo":"1–15 ago 2026","metodo":"IDW 6 estaciones CVC"},"geometry":{"type":"Polygon","coordinates":[[[-76.6049880188873,3.1365261590261815],[-76.5600045980939,3.136594511880963],[-76.55996098462865,3.1070342768061585],[-76.5613,3.1066],[-76.563,3.1068999999999996],[-76.5657,3.112199999999999],[-76.5642,3.1167999999999996],[-76.5652,3.1178999999999992],[-76.57,3.1196999999999995],[-76.5692,3.1248999999999993],[-76.5708,3.1277],[-76.5729,3.128799999999999],[-76.5775,3.126500000000001],[-76.5787,3.1250999999999993],[-76.5783,3.1223999999999994],[-76.5747,3.118699999999999],[-76.5745,3.1152999999999995],[-76.5769,3.115],[-76.5784,3.1185],[-76.5807,3.1196000000000006],[-76.585,3.1165000000000003],[-76.5901,3.1163999999999996],[-76.5912,3.1151999999999993],[-76.5913,3.1129999999999995],[-76.5887,3.1101999999999994],[-76.5875,3.1071999999999993],[-76.5908,3.1023000000000005],[-76.5915,3.1021999999999994],[-76.5948,3.106099999999999],[-76.5977,3.1061],[-76.5988,3.1050999999999997],[-76.5994,3.1036999999999995],[-76.5988,3.102099999999999],[-76.59630000000001,3.1011999999999995],[-76.5918,3.0974],[-76.5918,3.0955999999999997],[-76.593,3.0936000000000003],[-76.5991,3.0922],[-76.602,3.0959999999999996],[-76.6038,3.0969999999999995],[-76.6049,3.095999999999999],[-76.60492616469004,3.0957034651680075],[-76.6049880188873,3.1365261590261815]]]}},{"type":"Feature","properties":{"v":28.1,"clase":"DEFICIT_ALTO","periodo":"1–15 ago 2026","metodo":"IDW 6 estaciones CVC"},"geometry":{"type":"MultiPolygon","coordinates":[[[[-76.51499519745404,3.1192414658332175],[-76.5156,3.1183999999999994],[-76.5205,3.1201999999999996],[-76.52300000000001,3.1167999999999996],[-76.5271,3.1157],[-76.5284,3.1183999999999994],[-76.5278,3.1227],[-76.5294,3.1237999999999997],[-76.5309,3.1235999999999997],[-76.5324,3.1205999999999996],[-76.535,3.1193999999999997],[-76.5365,3.1171],[-76.5354,3.1133],[-76.5367,3.1099000000000006],[-76.5393,3.1084000000000005],[-76.5405,3.1109000000000004],[-76.5416,3.1110999999999995],[-76.544,3.107099999999999],[-76.5461,3.1058999999999997],[-76.5522,3.1073999999999997],[-76.5542,3.1043999999999996],[-76.5542,3.100599999999999],[-76.5559,3.0995],[-76.5578,3.1014999999999997],[-76.5566,3.1071999999999997],[-76.5576,3.1078],[-76.55996098462865,3.1070342768061585],[-76.5600045980939,3.136594511880963],[-76.53161925721177,3.1366366441337603],[-76.5327,3.1357],[-76.5325,3.1322],[-76.5315,3.1309999999999993],[-76.52750000000002,3.1345000000000005],[-76.5252,3.1318999999999995],[-76.5225,3.1306000000000003],[-76.5228,3.1266000000000003],[-76.5218,3.1233999999999997],[-76.5201,3.1228000000000002],[-76.5174,3.1245999999999996],[-76.5154,3.1242],[-76.51500159479295,3.1237067382170975],[-76.51499519745404,3.1192414658332175]]],[[[-76.51756030790406,3.1366572253562657],[-76.51780000000001,3.1345],[-76.5194,3.1339],[-76.5224,3.1360999999999994],[-76.52639163313816,3.1366443191339397],[-76.51756030790406,3.1366572253562657]]]]}},{"type":"Feature","properties":{"v":23.7,"clase":"DEFICIT_ALTO","periodo":"1–15 ago 2026","metodo":"IDW 6 estaciones CVC"},"geometry":{"type":"Polygon","coordinates":[[[-77.369632978767,3.180263650177045],[-77.32466840470289,3.1803664281497217],[-77.32462702566063,3.161844803517011],[-77.3259,3.1616],[-77.329,3.163499999999999],[-77.3309,3.1634999999999995],[-77.3306,3.1558999999999995],[-77.3347,3.150900000000001],[-77.3364,3.151099999999999],[-77.3409,3.1497000000000006],[-77.3462,3.1402000000000005],[-77.3473,3.1401],[-77.3547,3.1449],[-77.3583,3.1452999999999998],[-77.3583,3.1445000000000003],[-77.3623,3.1444],[-77.3635,3.1448],[-77.3635,3.1457999999999995],[-77.3658,3.1465],[-77.36730000000001,3.1509],[-77.3668,3.1560999999999995],[-77.3645,3.1634000000000007],[-77.3654,3.166],[-77.3689,3.1696000000000004],[-77.36960902541152,3.1697586008171137],[-77.369632978767,3.180263650177045]]]}},{"type":"Feature","properties":{"v":23.6,"clase":"DEFICIT_ALTO","periodo":"1–15 ago 2026","metodo":"IDW 6 estaciones CVC"},"geometry":{"type":"MultiPolygon","coordinates":[[[[-77.27961230748242,3.1392046172304275],[-77.2843,3.1375],[-77.2883,3.1386],[-77.2906,3.1423999999999994],[-77.2899,3.1452999999999998],[-77.2885,3.1470999999999996],[-77.2866,3.1485999999999996],[-77.2816,3.1477],[-77.2796325901172,3.1485431771204966],[-77.27961230748242,3.1392046172304275]]],[[[-77.32466840470289,3.1803664281497217],[-77.2797023840705,3.1804672414355544],[-77.2796550313217,3.158843255165895],[-77.2799,3.1593999999999998],[-77.2819,3.1597999999999997],[-77.2852,3.1564],[-77.2909,3.1571],[-77.3025,3.1635999999999997],[-77.3068,3.1691],[-77.3103,3.1698999999999997],[-77.3172,3.1741999999999995],[-77.3198,3.1742],[-77.3217,3.1712999999999996],[-77.3202,3.1644999999999994],[-77.3233,3.1621],[-77.32462702566063,3.161844803517011],[-77.32466840470289,3.1803664281497217]]]]}},{"type":"Feature","properties":{"v":23.5,"clase":"DEFICIT_ALTO","periodo":"1–15 ago 2026","metodo":"IDW 6 estaciones CVC"},"geometry":{"type":"Polygon","coordinates":[[[-77.27879999697971,3.135269850028728],[-77.2788,3.139499999999999],[-77.27961230748242,3.1392046172304275],[-77.2796325901172,3.1485431771204966],[-77.2781,3.1491999999999996],[-77.278,3.1514999999999995],[-77.2792,3.1543],[-77.2788,3.156899999999999],[-77.2796550313217,3.158843255165895],[-77.2797023840705,3.1804672414355544],[-77.23473494479056,3.1805660897241688],[-77.23463827758754,3.1353655319916904],[-77.26922741495108,3.1352907491060975],[-77.2702,3.1397999999999997],[-77.2719,3.141],[-77.274,3.1385999999999994],[-77.27461310550943,3.135279001763823],[-77.27879999697971,3.135269850028728]]]}},{"type":"Feature","properties":{"v":23.4,"clase":"DEFICIT_ALTO","periodo":"1–15 ago 2026","metodo":"IDW 6 estaciones CVC"},"geometry":{"type":"Polygon","coordinates":[[[-77.23463827758754,3.1353655319916904],[-77.23473494479056,3.1805660897241688],[-77.18976611478818,3.1806629727112137],[-77.18970191604883,3.150099361443402],[-77.1906,3.1498],[-77.1929,3.1455],[-77.1926,3.1403000000000003],[-77.1973,3.1405],[-77.1989,3.1439],[-77.1999,3.1440999999999995],[-77.2005,3.143399999999999],[-77.2003,3.1373999999999995],[-77.20098698510668,3.1354371854058054],[-77.20862102453579,3.1354210256088457],[-77.2089,3.1357],[-77.20999624904591,3.135418108577574],[-77.21378281409167,3.135410067399063],[-77.2158,3.1363],[-77.2171,3.1359999999999997],[-77.21719953329769,3.13540279981902],[-77.23463827758754,3.1353655319916904]]]}},{"type":"Feature","properties":{"v":23.3,"clase":"DEFICIT_ALTO","periodo":"1–15 ago 2026","metodo":"IDW 6 estaciones CVC"},"geometry":{"type":"Polygon","coordinates":[[[-77.18976611478818,3.1806629727112137],[-77.14479592199287,3.18075789009837],[-77.1447715895373,3.168966114839876],[-77.1452,3.1684],[-77.14660000000002,3.1704],[-77.1528,3.1702],[-77.1539,3.1762],[-77.1552,3.1753000000000005],[-77.1548,3.1740000000000004],[-77.1593,3.1742999999999997],[-77.161,3.1712000000000002],[-77.158,3.1696999999999997],[-77.1588,3.1651],[-77.1602,3.164899999999999],[-77.1632,3.1664999999999996],[-77.1651,3.1647000000000003],[-77.1681,3.1635],[-77.1704,3.1656999999999993],[-77.1727,3.1653],[-77.1731,3.1587],[-77.1782,3.156899999999999],[-77.1806,3.1546],[-77.182,3.151099999999999],[-77.18560000000001,3.1487999999999996],[-77.1894,3.1502],[-77.18970191604883,3.150099361443402],[-77.18976611478818,3.1806629727112137]]]}},{"type":"Feature","properties":{"v":23.2,"clase":"DEFICIT_ALTO","periodo":"1–15 ago 2026","metodo":"IDW 6 estaciones CVC"},"geometry":{"type":"Polygon","coordinates":[[[-77.14479592199287,3.18075789009837],[-77.10478611417375,3.1808406828567213],[-77.1049,3.1807000000000003],[-77.1098,3.1797999999999997],[-77.1108,3.1763],[-77.11740000000002,3.1689],[-77.1296,3.1612000000000005],[-77.1347,3.164399999999999],[-77.1358,3.1698999999999997],[-77.1387,3.1715999999999998],[-77.1424,3.1721],[-77.1447715895373,3.168966114839876],[-77.14479592199287,3.18075789009837]]]}},{"type":"Feature","properties":{"v":23.1,"clase":"DEFICIT_ALTO","periodo":"1–15 ago 2026","metodo":"IDW 6 estaciones CVC"},"geometry":{"type":"MultiPolygon","coordinates":[[[[-77.05485155976231,3.1809418269099003],[-77.05482925811614,3.1696622638211003],[-77.0594,3.1686999999999994],[-77.0612,3.1695000000000007],[-77.0639,3.1692000000000005],[-77.0676,3.1717],[-77.069,3.1713999999999998],[-77.0799,3.1802000000000006],[-77.0817,3.1798],[-77.0826823470169,3.1808857541788056],[-77.05485155976231,3.1809418269099003]]],[[[-77.08629991935103,3.180878410214729],[-77.0873,3.1805],[-77.08747092260585,3.1808760302541503],[-77.08629991935103,3.180878410214729]]]]}},{"type":"Feature","properties":{"v":23.1,"clase":"DEFICIT_ALTO","periodo":"1–15 ago 2026","metodo":"IDW 6 estaciones CVC"},"geometry":{"type":"Polygon","coordinates":[[[-77.05485155976231,3.1809418269099003],[-77.00987744620679,3.1810308457677996],[-77.00982394750152,3.153295211404188],[-77.0108,3.1531],[-77.0169,3.1551],[-77.0217,3.1602000000000006],[-77.0303,3.166999999999999],[-77.0369,3.164],[-77.0394,3.1644999999999994],[-77.0435,3.1667999999999994],[-77.0474,3.1669999999999994],[-77.0537,3.1699],[-77.05482925811614,3.1696622638211003],[-77.05485155976231,3.1809418269099003]]]}},{"type":"Feature","properties":{"v":23.2,"clase":"DEFICIT_ALTO","periodo":"1–15 ago 2026","metodo":"IDW 6 estaciones CVC"},"geometry":{"type":"Polygon","coordinates":[[[-77.00987744620679,3.1810308457677996],[-76.96490208161765,3.1811178978928663],[-76.96481706692013,3.135909482986139],[-76.97997751687728,3.1358807726297266],[-76.9803,3.1363000000000003],[-76.9833,3.1363],[-76.9879,3.1386],[-76.9895,3.1436],[-76.9908,3.1447],[-76.9906,3.1480999999999995],[-76.994,3.150999999999999],[-76.9968,3.1547999999999985],[-76.9996,3.154899999999999],[-77.0005,3.1536999999999997],[-77.0046,3.1527999999999996],[-77.0078,3.1536999999999997],[-77.00982394750152,3.153295211404188],[-77.00987744620679,3.1810308457677996]]]}},{"type":"Feature","properties":{"v":23.4,"clase":"DEFICIT_ALTO","periodo":"1–15 ago 2026","metodo":"IDW 6 estaciones CVC"},"geometry":{"type":"Polygon","coordinates":[[[-76.96481706692013,3.135909482986139],[-76.96490208161765,3.1811178978928663],[-76.91992549394465,3.181202983016959],[-76.91986285067699,3.1471715104351605],[-76.9226,3.1436999999999995],[-76.926,3.1426],[-76.9275,3.1393],[-76.9270340422262,3.1359800752698],[-76.96481706692013,3.135909482986139]]]}},{"type":"Feature","properties":{"v":23.5,"clase":"DEFICIT_ALTO","periodo":"1–15 ago 2026","metodo":"IDW 6 estaciones CVC"},"geometry":{"type":"Polygon","coordinates":[[[-76.91992549394465,3.181202983016959],[-76.91192478456873,3.1812179121500144],[-76.9119,3.1804],[-76.9132,3.1787],[-76.9133,3.1763000000000003],[-76.9114,3.172],[-76.9132,3.168399999999999],[-76.9129,3.1656],[-76.9148,3.1629999999999994],[-76.9147,3.1596999999999995],[-76.9132,3.1575999999999995],[-76.9155,3.1495000000000006],[-76.9185,3.1488999999999994],[-76.91986285067699,3.1471715104351605],[-76.91992549394465,3.181202983016959]]]}},{"type":"Feature","properties":{"v":25.8,"clase":"DEFICIT_ALTO","periodo":"1–15 ago 2026","metodo":"IDW 6 estaciones CVC"},"geometry":{"type":"Polygon","coordinates":[[[-76.74000747154061,3.181523648352257],[-76.73993217453379,3.136309455976065],[-76.74427021937763,3.136302199635624],[-76.7445,3.1386],[-76.7457,3.14],[-76.7465,3.1431],[-76.7495,3.1451],[-76.749,3.1522],[-76.7502,3.1540000000000004],[-76.748,3.156299999999999],[-76.748,3.1600999999999995],[-76.7463,3.160499999999999],[-76.745,3.1630999999999996],[-76.7428,3.1647000000000003],[-76.7427,3.1677000000000004],[-76.74040000000001,3.169],[-76.7403,3.171499999999999],[-76.74170000000001,3.1728],[-76.7407,3.1782999999999997],[-76.7414,3.1797],[-76.7441,3.1806],[-76.74443314121093,3.181516138643573],[-76.74000747154061,3.181523648352257]]]}},{"type":"Feature","properties":{"v":26.4,"clase":"DEFICIT_ALTO","periodo":"1–15 ago 2026","metodo":"IDW 6 estaciones CVC"},"geometry":{"type":"Polygon","coordinates":[[[-76.74000747154061,3.181523648352257],[-76.69502518782487,3.1815988946608833],[-76.69495183507743,3.136383630854134],[-76.73993217453379,3.136309455976065],[-76.74000747154061,3.181523648352257]]]}},{"type":"Feature","properties":{"v":27.3,"clase":"DEFICIT_ALTO","periodo":"1–15 ago 2026","metodo":"IDW 6 estaciones CVC"},"geometry":{"type":"Polygon","coordinates":[[[-76.69502518782487,3.1815988946608833],[-76.65004184880068,3.1816721724866297],[-76.64997044053908,3.136455865278367],[-76.69495183507743,3.136383630854134],[-76.69502518782487,3.1815988946608833]]]}},{"type":"Feature","properties":{"v":28.2,"clase":"DEFICIT_ALTO","periodo":"1–15 ago 2026","metodo":"IDW 6 estaciones CVC"},"geometry":{"type":"Polygon","coordinates":[[[-76.65004184880068,3.1816721724866297],[-76.60505748244263,3.1817434816036885],[-76.6049880188873,3.1365261590261815],[-76.64997044053908,3.136455865278367],[-76.65004184880068,3.1816721724866297]]]}},{"type":"Feature","properties":{"v":28.9,"clase":"DEFICIT_ALTO","periodo":"1–15 ago 2026","metodo":"IDW 6 estaciones CVC"},"geometry":{"type":"Polygon","coordinates":[[[-76.60505748244263,3.1817434816036885],[-76.56007211672845,3.1818128217923034],[-76.5600045980939,3.136594511880963],[-76.6049880188873,3.1365261590261815],[-76.60505748244263,3.1817434816036885]]]}},{"type":"Feature","properties":{"v":29.3,"clase":"DEFICIT_ALTO","periodo":"1–15 ago 2026","metodo":"IDW 6 estaciones CVC"},"geometry":{"type":"Polygon","coordinates":[[[-76.5600045980939,3.136594511880963],[-76.56007211672845,3.1818128217923034],[-76.51508577963902,3.1818801928387765],[-76.51503710422514,3.148376226442383],[-76.518,3.1498999999999993],[-76.5198,3.1496999999999997],[-76.5216,3.1488],[-76.5215,3.1473],[-76.5175,3.1473],[-76.51503366341116,3.145994294485926],[-76.51503097664632,3.144133098289448],[-76.5187,3.1444999999999994],[-76.5208,3.1433999999999993],[-76.5206,3.1414999999999997],[-76.5174,3.1380999999999992],[-76.51756030790406,3.1366572253562657],[-76.52639163313816,3.1366443191339397],[-76.529,3.1370000000000005],[-76.5312,3.137],[-76.53161925721177,3.1366366441337603],[-76.5600045980939,3.136594511880963]]]}},{"type":"Feature","properties":{"v":29.5,"clase":"DEFICIT_ALTO","periodo":"1–15 ago 2026","metodo":"IDW 6 estaciones CVC"},"geometry":{"type":"MultiPolygon","coordinates":[[[[-76.51508577963902,3.1818801928387765],[-76.49333837001224,3.1819120549097177],[-76.4934,3.1818],[-76.4927,3.1796000000000006],[-76.488,3.176],[-76.4871,3.1737999999999995],[-76.4884,3.1705],[-76.4898,3.1698999999999993],[-76.491,3.1740999999999997],[-76.4925,3.1760999999999995],[-76.4949,3.1763000000000003],[-76.4963,3.1754],[-76.4972,3.1711999999999994],[-76.4956,3.1659999999999995],[-76.4972,3.1656],[-76.5019,3.1665999999999994],[-76.5028,3.1651999999999996],[-76.502,3.1621000000000006],[-76.5024,3.1594],[-76.5069,3.1582999999999997],[-76.5078,3.1572999999999998],[-76.5068,3.154199999999999],[-76.5008,3.1496999999999993],[-76.5008,3.1439999999999997],[-76.50350000000002,3.1443],[-76.5057,3.1487],[-76.5076,3.1500999999999997],[-76.51,3.1503],[-76.5145,3.148099999999999],[-76.51503710422514,3.148376226442383],[-76.51508577963902,3.1818801928387765]]],[[[-76.51503366341116,3.145994294485926],[-76.5141,3.1454999999999997],[-76.5147,3.1441],[-76.51503097664632,3.144133098289448],[-76.51503366341116,3.145994294485926]]]]}},{"type":"Feature","properties":{"v":24.1,"clase":"DEFICIT_ALTO","periodo":"1–15 ago 2026","metodo":"IDW 6 estaciones CVC"},"geometry":{"type":"MultiPolygon","coordinates":[[[[-77.46307525982392,3.2252371102856747],[-77.4631,3.2252],[-77.46337884498959,3.2252363717618633],[-77.46307525982392,3.2252371102856747]]],[[[-77.50462760959046,3.225135181102609],[-77.46895059714412,3.2252228013486106],[-77.469,3.2251999999999996],[-77.4697,3.223099999999999],[-77.4661,3.2196],[-77.4661,3.2170999999999994],[-77.4705,3.2125000000000004],[-77.4771,3.2095999999999996],[-77.4808,3.2090000000000005],[-77.4825,3.2097],[-77.4911,3.2168999999999994],[-77.4977,3.2164000000000006],[-77.499,3.218799999999999],[-77.5041,3.2223],[-77.504623528449,3.2234678754120094],[-77.50462760959046,3.225135181102609]]]]}},{"type":"Feature","properties":{"v":23.9,"clase":"DEFICIT_ALTO","periodo":"1–15 ago 2026","metodo":"IDW 6 estaciones CVC"},"geometry":{"type":"Polygon","coordinates":[[[-77.36973694276313,3.2254598584800322],[-77.369632978767,3.180263650177045],[-77.38316569067734,3.1802323324719306],[-77.3825,3.1828],[-77.3833,3.1940999999999997],[-77.381,3.1983999999999995],[-77.3821,3.2033999999999994],[-77.3924,3.2138000000000004],[-77.3945,3.2140000000000004],[-77.3996,3.2120999999999995],[-77.4035,3.2132],[-77.4061,3.2191999999999994],[-77.4071,3.224999999999999],[-77.40753687501137,3.2253706865169938],[-77.36973694276313,3.2254598584800322]]]}},{"type":"Feature","properties":{"v":23.8,"clase":"DEFICIT_ALTO","periodo":"1–15 ago 2026","metodo":"IDW 6 estaciones CVC"},"geometry":{"type":"Polygon","coordinates":[[[-77.36973694276313,3.2254598584800322],[-77.32477040032163,3.225564100024496],[-77.32466840470289,3.1803664281497217],[-77.369632978767,3.180263650177045],[-77.36973694276313,3.2254598584800322]]]}},{"type":"Feature","properties":{"v":23.7,"clase":"DEFICIT_ALTO","periodo":"1–15 ago 2026","metodo":"IDW 6 estaciones CVC"},"geometry":{"type":"Polygon","coordinates":[[[-77.32477040032163,3.225564100024496],[-77.27980241099722,3.2256663489049955],[-77.2797023840705,3.1804672414355544],[-77.32466840470289,3.1803664281497217],[-77.32477040032163,3.225564100024496]]]}},{"type":"Feature","properties":{"v":23.6,"clase":"DEFICIT_ALTO","periodo":"1–15 ago 2026","metodo":"IDW 6 estaciones CVC"},"geometry":{"type":"Polygon","coordinates":[[[-77.27980241099722,3.2256663489049955],[-77.23483300271671,3.22576660480672],[-77.23473494479056,3.1805660897241688],[-77.2797023840705,3.1804672414355544],[-77.27980241099722,3.2256663489049955]]]}},{"type":"Feature","properties":{"v":23.5,"clase":"DEFICIT_ALTO","periodo":"1–15 ago 2026","metodo":"IDW 6 estaciones CVC"},"geometry":{"type":"Polygon","coordinates":[[[-77.23483300271671,3.22576660480672],[-77.18986220341128,3.225864867420971],[-77.18976611478818,3.1806629727112137],[-77.23473494479056,3.1805660897241688],[-77.23483300271671,3.22576660480672]]]}},{"type":"Feature","properties":{"v":23.3,"clase":"DEFICIT_ALTO","periodo":"1–15 ago 2026","metodo":"IDW 6 estaciones CVC"},"geometry":{"type":"Polygon","coordinates":[[[-77.18986220341128,3.225864867420971],[-77.14489004101642,3.225961136445165],[-77.14479592199287,3.18075789009837],[-77.18976611478818,3.1806629727112137],[-77.18986220341128,3.225864867420971]]]}},{"type":"Feature","properties":{"v":23.2,"clase":"DEFICIT_ALTO","periodo":"1–15 ago 2026","metodo":"IDW 6 estaciones CVC"},"geometry":{"type":"Polygon","coordinates":[[[-77.14479592199287,3.18075789009837],[-77.14489004101642,3.225961136445165],[-77.0999165434719,3.2260554115828364],[-77.09983379353979,3.185491235703655],[-77.1015,3.1849],[-77.10478611417375,3.1808406828567213],[-77.14479592199287,3.18075789009837]]]}},{"type":"Feature","properties":{"v":23.1,"clase":"DEFICIT_ALTO","periodo":"1–15 ago 2026","metodo":"IDW 6 estaciones CVC"},"geometry":{"type":"Polygon","coordinates":[[[-77.08747092260585,3.1808760302541503],[-77.0878,3.1816000000000004],[-77.086,3.1834999999999996],[-77.0866,3.1858000000000004],[-77.091,3.1829999999999994],[-77.0933,3.184],[-77.0955,3.1838],[-77.0984,3.186],[-77.09983379353979,3.185491235703655],[-77.0999165434719,3.2260554115828364],[-77.05494173872164,3.226147692543638],[-77.05485155976231,3.1809418269099003],[-77.0826823470169,3.1808857541788056],[-77.0836,3.1819000000000006],[-77.08629991935103,3.180878410214729],[-77.08747092260585,3.1808760302541503]]]}},{"type":"Feature","properties":{"v":23.1,"clase":"DEFICIT_ALTO","periodo":"1–15 ago 2026","metodo":"IDW 6 estaciones CVC"},"geometry":{"type":"Polygon","coordinates":[[[-77.05494173872164,3.226147692543638],[-77.00996565471358,3.226237979043348],[-77.00987744620679,3.1810308457677996],[-77.05485155976231,3.1809418269099003],[-77.05494173872164,3.226147692543638]]]}},{"type":"Feature","properties":{"v":23.1,"clase":"DEFICIT_ALTO","periodo":"1–15 ago 2026","metodo":"IDW 6 estaciones CVC"},"geometry":{"type":"Polygon","coordinates":[[[-77.00996565471358,3.226237979043348],[-76.96498831939965,3.2263262708038627],[-76.96490208161765,3.1811178978928663],[-77.00987744620679,3.1810308457677996],[-77.00996565471358,3.226237979043348]]]}},{"type":"Feature","properties":{"v":23.2,"clase":"DEFICIT_ALTO","periodo":"1–15 ago 2026","metodo":"IDW 6 estaciones CVC"},"geometry":{"type":"Polygon","coordinates":[[[-76.96498831939965,3.2263262708038627],[-76.92000976073571,3.226412567553212],[-76.91992549394465,3.181202983016959],[-76.96490208161765,3.1811178978928663],[-76.96498831939965,3.2263262708038627]]]}},{"type":"Feature","properties":{"v":23.4,"clase":"DEFICIT_ALTO","periodo":"1–15 ago 2026","metodo":"IDW 6 estaciones CVC"},"geometry":{"type":"Polygon","coordinates":[[[-76.91992549394465,3.181202983016959],[-76.92000976073571,3.226412567553212],[-76.87503000668138,3.226496869025546],[-76.8750007002279,3.210470135339451],[-76.8765,3.2095000000000002],[-76.8799,3.2096],[-76.8826,3.208899999999999],[-76.8873,3.2063999999999995],[-76.8887,3.204],[-76.8918,3.2022],[-76.8954,3.204299999999999],[-76.8969,3.2042999999999995],[-76.9018,3.2025],[-76.9043,3.2026],[-76.9054,3.2014999999999993],[-76.908,3.2014000000000005],[-76.909,3.200499999999999],[-76.9096,3.1979],[-76.9089,3.1932],[-76.912,3.1836999999999995],[-76.91192478456873,3.1812179121500144],[-76.91992549394465,3.181202983016959]]]}},{"type":"Feature","properties":{"v":23.9,"clase":"DEFICIT_ALTO","periodo":"1–15 ago 2026","metodo":"IDW 6 estaciones CVC"},"geometry":{"type":"Polygon","coordinates":[[[-76.87503000668138,3.226496869025546],[-76.83004908520003,3.2265791749611523],[-76.83002160254188,3.211182049587232],[-76.8308,3.2113999999999994],[-76.8354,3.2090000000000005],[-76.8377,3.2086999999999994],[-76.8406,3.2103999999999995],[-76.8434,3.2103],[-76.8454,3.2077],[-76.84810000000002,3.2085999999999997],[-76.8492,3.2072000000000003],[-76.8508,3.2073],[-76.8524,3.2099],[-76.8546,3.2104],[-76.8565,3.2097],[-76.8593,3.2124],[-76.8622,3.2119],[-76.8639,3.2126],[-76.8671,3.2103000000000006],[-76.8703,3.209199999999999],[-76.8718,3.209099999999999],[-76.8748,3.2105999999999995],[-76.8750007002279,3.210470135339451],[-76.87503000668138,3.226496869025546]]]}},{"type":"Feature","properties":{"v":24.6,"clase":"DEFICIT_ALTO","periodo":"1–15 ago 2026","metodo":"IDW 6 estaciones CVC"},"geometry":{"type":"Polygon","coordinates":[[[-76.83004908520003,3.2265791749611523],[-76.78506702425864,3.226659485106445],[-76.78506126549128,3.223358104447093],[-76.7885,3.2182],[-76.79360000000001,3.2194999999999996],[-76.7974,3.2156999999999996],[-76.8004,3.2145999999999995],[-76.806,3.2096000000000005],[-76.8076,3.21],[-76.8088,3.2077999999999998],[-76.8102,3.207399999999999],[-76.813,3.2092999999999994],[-76.8156,3.2091999999999996],[-76.8178,3.2105000000000006],[-76.8201,3.2106000000000003],[-76.82210000000002,3.2097],[-76.8246,3.2111000000000005],[-76.8283,3.2106999999999997],[-76.83002160254188,3.211182049587232],[-76.83004908520003,3.2265791749611523]]]}},{"type":"Feature","properties":{"v":26.1,"clase":"DEFICIT_ALTO","periodo":"1–15 ago 2026","metodo":"IDW 6 estaciones CVC"},"geometry":{"type":"MultiPolygon","coordinates":[[[[-76.74000747154061,3.181523648352257],[-76.74443314121093,3.181516138643573],[-76.7445,3.1816999999999998],[-76.7437,3.1826],[-76.74000974164284,3.182876769917302],[-76.74000747154061,3.181523648352257]]],[[[-76.74008385182773,3.2267377992139745],[-76.74001581090583,3.1864915904296827],[-76.74170000000001,3.1873],[-76.7446,3.1869000000000005],[-76.7452,3.1880000000000006],[-76.74750000000002,3.1890000000000005],[-76.7479,3.1910999999999996],[-76.746,3.1908],[-76.7446,3.192999999999999],[-76.747,3.1957999999999998],[-76.749,3.1961999999999997],[-76.7493,3.1975000000000002],[-76.7515,3.1987999999999994],[-76.7559,3.1989000000000005],[-76.7586,3.200499999999999],[-76.7592,3.2017999999999995],[-76.7585,3.2025000000000006],[-76.7529,3.204499999999999],[-76.7557,3.2074],[-76.753,3.209],[-76.7529,3.2098999999999998],[-76.7548,3.2118],[-76.759,3.2133],[-76.7596,3.2145999999999995],[-76.7581,3.2153999999999994],[-76.758,3.2163999999999997],[-76.7648,3.2226000000000004],[-76.7654,3.2251999999999996],[-76.76662855941284,3.2266918274675698],[-76.74008385182773,3.2267377992139745]]],[[[-76.78506702425864,3.226659485106445],[-76.78396984756469,3.2266614190250147],[-76.7845,3.2242000000000006],[-76.78506126549128,3.223358104447093],[-76.78506702425864,3.226659485106445]]]]}},{"type":"Feature","properties":{"v":26.9,"clase":"DEFICIT_ALTO","periodo":"1–15 ago 2026","metodo":"IDW 6 estaciones CVC"},"geometry":{"type":"Polygon","coordinates":[[[-76.74008385182773,3.2267377992139745],[-76.6950995958813,3.2268141170424296],[-76.69502518782487,3.1815988946608833],[-76.74000747154061,3.181523648352257],[-76.74000974164284,3.182876769917302],[-76.7397,3.182899999999999],[-76.7392,3.1861],[-76.74001581090583,3.1864915904296827],[-76.74008385182773,3.2267377992139745]]]}},{"type":"Feature","properties":{"v":28.2,"clase":"DEFICIT_ALTO","periodo":"1–15 ago 2026","metodo":"IDW 6 estaciones CVC"},"geometry":{"type":"Polygon","coordinates":[[[-76.6950995958813,3.2268141170424296],[-76.65011428439671,3.2268884383566308],[-76.65004184880068,3.1816721724866297],[-76.69502518782487,3.1815988946608833],[-76.6950995958813,3.2268141170424296]]]}},{"type":"Feature","properties":{"v":29.5,"clase":"DEFICIT_ALTO","periodo":"1–15 ago 2026","metodo":"IDW 6 estaciones CVC"},"geometry":{"type":"Polygon","coordinates":[[[-76.65011428439671,3.2268884383566308],[-76.60512794535458,3.2269607629275425],[-76.60505748244263,3.1817434816036885],[-76.65004184880068,3.1816721724866297],[-76.65011428439671,3.2268884383566308]]]}},{"type":"Feature","properties":{"v":30.5,"clase":"DEFICIT_ALTO","periodo":"1–15 ago 2026","metodo":"IDW 6 estaciones CVC"},"geometry":{"type":"Polygon","coordinates":[[[-76.60512794535458,3.2269607629275425],[-76.56014060673877,3.2270310905322708],[-76.56007211672845,3.1818128217923034],[-76.60505748244263,3.1817434816036885],[-76.60512794535458,3.2269607629275425]]]}},{"type":"Feature","properties":{"v":31.1,"clase":"DEFICIT_ALTO","periodo":"1–15 ago 2026","metodo":"IDW 6 estaciones CVC"},"geometry":{"type":"Polygon","coordinates":[[[-76.56014060673877,3.2270310905322708],[-76.5151522965362,3.227099420954062],[-76.51508577963902,3.1818801928387765],[-76.56007211672845,3.1818128217923034],[-76.56014060673877,3.2270310905322708]]]}},{"type":"Feature","properties":{"v":31.2,"clase":"DEFICIT_ALTO","periodo":"1–15 ago 2026","metodo":"IDW 6 estaciones CVC"},"geometry":{"type":"Polygon","coordinates":[[[-76.51508577963902,3.1818801928387765],[-76.5151522965362,3.227099420954062],[-76.47016304273689,3.2271657539823084],[-76.4701623629751,3.226692822453157],[-76.4713,3.2264999999999997],[-76.4733,3.2160999999999995],[-76.4755,3.2164000000000006],[-76.4772,3.2211999999999996],[-76.4795,3.2223],[-76.4817,3.2209],[-76.4806,3.2164],[-76.4851,3.2131],[-76.4874,3.2139],[-76.4888,3.2173999999999996],[-76.4909,3.2174],[-76.4917,3.2161],[-76.4927,3.2065],[-76.4973,3.2041],[-76.4982,3.2020999999999997],[-76.4988,3.1982000000000004],[-76.4981,3.1973],[-76.4967,3.1971],[-76.4934,3.1987999999999994],[-76.491,3.197499999999999],[-76.4914,3.1918999999999995],[-76.4901,3.1878],[-76.49333837001224,3.1819120549097177],[-76.51508577963902,3.1818801928387765]]]}},{"type":"Feature","properties":{"v":21.1,"clase":"DEFICIT_ALTO","periodo":"1–15 ago 2026","metodo":"IDW 6 estaciones CVC"},"geometry":{"type":"Polygon","coordinates":[[[-76.11021840258353,3.22762448879662],[-76.06522191641761,3.2276728368202017],[-76.0652052382511,3.211620136090901],[-76.0676,3.2105],[-76.0792,3.2149],[-76.0879,3.2193999999999994],[-76.1043,3.2236],[-76.1068,3.2249999999999996],[-76.109,3.227599999999999],[-76.11021803601317,3.227286792164705],[-76.11021840258353,3.22762448879662]]]}},{"type":"Feature","properties":{"v":24.2,"clase":"DEFICIT_ALTO","periodo":"1–15 ago 2026","metodo":"IDW 6 estaciones CVC"},"geometry":{"type":"MultiPolygon","coordinates":[[[[-77.54556919036902,3.2250330834216934],[-77.5483,3.2258999999999998],[-77.5496,3.2298000000000004],[-77.5496,3.2322000000000006],[-77.5483,3.234699999999999],[-77.5435,3.2397],[-77.5287,3.2614],[-77.52142371337912,3.270284799785328],[-77.50473903531564,3.270326786870957],[-77.50465043436681,3.2344440646304333],[-77.5054,3.2345],[-77.5105,3.236499999999999],[-77.5152,3.2352000000000003],[-77.5182,3.2357999999999993],[-77.526,3.2341999999999995],[-77.5405,3.2256999999999993],[-77.54250000000002,3.2267],[-77.54174667450141,3.225042685803815],[-77.54556919036902,3.2250330834216934]]],[[[-77.50462760959046,3.225135181102609],[-77.5053701196378,3.2251333442048593],[-77.5054,3.2251999999999996],[-77.5046302645758,3.2262193812413615],[-77.50462760959046,3.225135181102609]]]]}},{"type":"Feature","properties":{"v":24.2,"clase":"DEFICIT_ALTO","periodo":"1–15 ago 2026","metodo":"IDW 6 estaciones CVC"},"geometry":{"type":"Polygon","coordinates":[[[-77.50462760959046,3.225135181102609],[-77.5046302645758,3.2262193812413615],[-77.5017,3.2300999999999997],[-77.5017,3.2310999999999996],[-77.5013,3.2316999999999996],[-77.497,3.2315999999999994],[-77.4969,3.2326],[-77.4987,3.234],[-77.50465043436681,3.2344440646304333],[-77.50473903531564,3.270326786870957],[-77.4597750057325,3.270438552063599],[-77.45968964329639,3.2352395691887432],[-77.4613,3.2371999999999996],[-77.4642,3.2381999999999995],[-77.4678,3.2381999999999995],[-77.4707,3.237],[-77.4715,3.2347999999999995],[-77.47110000000002,3.2330999999999994],[-77.4679,3.2304999999999997],[-77.4632,3.2296],[-77.4621,3.2266999999999997],[-77.46307525982392,3.2252371102856747],[-77.46337884498959,3.2252363717618633],[-77.4677,3.2258],[-77.46895059714412,3.2252228013486106],[-77.50462760959046,3.225135181102609]]]}},{"type":"Feature","properties":{"v":24.2,"clase":"DEFICIT_ALTO","periodo":"1–15 ago 2026","metodo":"IDW 6 estaciones CVC"},"geometry":{"type":"Polygon","coordinates":[[[-77.4597750057325,3.270438552063599],[-77.41480944517596,3.270548297607721],[-77.4147181369412,3.2321781170643478],[-77.4157,3.2337],[-77.4165,3.2360000000000007],[-77.4155,3.2414],[-77.4161,3.243],[-77.4266,3.2499],[-77.4291,3.2537000000000003],[-77.4313,3.2538999999999993],[-77.4334,3.2513],[-77.4368,3.2504999999999997],[-77.43930000000002,3.2471000000000005],[-77.4443,3.2480999999999995],[-77.4473,3.2442],[-77.4517,3.2432],[-77.4549,3.2372],[-77.4552,3.2335000000000003],[-77.459,3.234399999999999],[-77.45968964329639,3.2352395691887432],[-77.4597750057325,3.270438552063599]]]}},{"type":"Feature","properties":{"v":24.1,"clase":"DEFICIT_ALTO","periodo":"1–15 ago 2026","metodo":"IDW 6 estaciones CVC"},"geometry":{"type":"Polygon","coordinates":[[[-77.41480944517596,3.270548297607721],[-77.36984238156519,3.2706560231654933],[-77.36973694276313,3.2254598584800322],[-77.40753687501137,3.2253706865169938],[-77.4137,3.2305999999999995],[-77.4147181369412,3.2321781170643478],[-77.41480944517596,3.270548297607721]]]}},{"type":"Feature","properties":{"v":24.0,"clase":"DEFICIT_ALTO","periodo":"1–15 ago 2026","metodo":"IDW 6 estaciones CVC"},"geometry":{"type":"Polygon","coordinates":[[[-77.36984238156519,3.2706560231654933],[-77.32487384282399,3.2707617284052772],[-77.32477040032163,3.225564100024496],[-77.36973694276313,3.2254598584800322],[-77.36984238156519,3.2706560231654933]]]}},{"type":"Feature","properties":{"v":23.9,"clase":"DEFICIT_ALTO","periodo":"1–15 ago 2026","metodo":"IDW 6 estaciones CVC"},"geometry":{"type":"Polygon","coordinates":[[[-77.32487384282399,3.2707617284052772],[-77.2799038568808,3.2708654130016273],[-77.27980241099722,3.2256663489049955],[-77.32477040032163,3.225564100024496],[-77.32487384282399,3.2707617284052772]]]}},{"type":"Feature","properties":{"v":23.8,"clase":"DEFICIT_ALTO","periodo":"1–15 ago 2026","metodo":"IDW 6 estaciones CVC"},"geometry":{"type":"Polygon","coordinates":[[[-77.2799038568808,3.2708654130016273],[-77.23493245166851,3.270967076635295],[-77.23483300271671,3.22576660480672],[-77.27980241099722,3.2256663489049955],[-77.2799038568808,3.2708654130016273]]]}},{"type":"Feature","properties":{"v":23.6,"clase":"DEFICIT_ALTO","periodo":"1–15 ago 2026","metodo":"IDW 6 estaciones CVC"},"geometry":{"type":"Polygon","coordinates":[[[-77.23493245166851,3.270967076635295],[-77.18995965512447,3.2710667189932323],[-77.18986220341128,3.225864867420971],[-77.23483300271671,3.22576660480672],[-77.23493245166851,3.270967076635295]]]}},{"type":"Feature","properties":{"v":23.5,"clase":"DEFICIT_ALTO","periodo":"1–15 ago 2026","metodo":"IDW 6 estaciones CVC"},"geometry":{"type":"Polygon","coordinates":[[[-77.18995965512447,3.2710667189932323],[-77.14498549519033,3.271164339768591],[-77.14489004101642,3.225961136445165],[-77.18986220341128,3.225864867420971],[-77.18995965512447,3.2710667189932323]]]}},{"type":"Feature","properties":{"v":23.3,"clase":"DEFICIT_ALTO","periodo":"1–15 ago 2026","metodo":"IDW 6 estaciones CVC"},"geometry":{"type":"Polygon","coordinates":[[[-77.14498549519033,3.271164339768591],[-77.10000999981197,3.271259938660726],[-77.0999165434719,3.2260554115828364],[-77.14489004101642,3.225961136445165],[-77.14498549519033,3.271164339768591]]]}},{"type":"Feature","properties":{"v":23.1,"clase":"DEFICIT_ALTO","periodo":"1–15 ago 2026","metodo":"IDW 6 estaciones CVC"},"geometry":{"type":"Polygon","coordinates":[[[-77.10000999981197,3.271259938660726],[-77.05503319693943,3.271353515375201],[-77.05494173872164,3.226147692543638],[-77.0999165434719,3.2260554115828364],[-77.10000999981197,3.271259938660726]]]}},{"type":"Feature","properties":{"v":23.0,"clase":"DEFICIT_ALTO","periodo":"1–15 ago 2026","metodo":"IDW 6 estaciones CVC"},"geometry":{"type":"Polygon","coordinates":[[[-77.05503319693943,3.271353515375201],[-77.01005511452686,3.271445069623784],[-77.00996565471358,3.226237979043348],[-77.05494173872164,3.226147692543638],[-77.05503319693943,3.271353515375201]]]}},{"type":"Feature","properties":{"v":22.9,"clase":"DEFICIT_ALTO","periodo":"1–15 ago 2026","metodo":"IDW 6 estaciones CVC"},"geometry":{"type":"Polygon","coordinates":[[[-77.01005511452686,3.271445069623784],[-76.9650757805323,3.271534601124456],[-76.96498831939965,3.2263262708038627],[-77.00996565471358,3.226237979043348],[-77.01005511452686,3.271445069623784]]]}},{"type":"Feature","properties":{"v":23.0,"clase":"DEFICIT_ALTO","periodo":"1–15 ago 2026","metodo":"IDW 6 estaciones CVC"},"geometry":{"type":"Polygon","coordinates":[[[-76.9650757805323,3.271534601124456],[-76.92009522291778,3.2716221096014095],[-76.92000976073571,3.226412567553212],[-76.96498831939965,3.2263262708038627],[-76.9650757805323,3.271534601124456]]]}},{"type":"Feature","properties":{"v":23.2,"clase":"DEFICIT_ALTO","periodo":"1–15 ago 2026","metodo":"IDW 6 estaciones CVC"},"geometry":{"type":"Polygon","coordinates":[[[-76.92009522291778,3.2716221096014095],[-76.87511346964905,3.271707594785052],[-76.87503000668138,3.226496869025546],[-76.92000976073571,3.226412567553212],[-76.92009522291778,3.2716221096014095]]]}},{"type":"Feature","properties":{"v":23.8,"clase":"DEFICIT_ALTO","periodo":"1–15 ago 2026","metodo":"IDW 6 estaciones CVC"},"geometry":{"type":"Polygon","coordinates":[[[-76.87511346964905,3.271707594785052],[-76.83013054869566,3.2717910564120074],[-76.83004908520003,3.2265791749611523],[-76.87503000668138,3.226496869025546],[-76.87511346964905,3.271707594785052]]]}},{"type":"Feature","properties":{"v":24.6,"clase":"DEFICIT_ALTO","periodo":"1–15 ago 2026","metodo":"IDW 6 estaciones CVC"},"geometry":{"type":"Polygon","coordinates":[[[-76.83013054869566,3.2717910564120074],[-76.78514648803072,3.2718724942251174],[-76.78506702425864,3.226659485106445],[-76.83004908520003,3.2265791749611523],[-76.83013054869566,3.2717910564120074]]]}},{"type":"Feature","properties":{"v":25.8,"clase":"DEFICIT_ALTO","periodo":"1–15 ago 2026","metodo":"IDW 6 estaciones CVC"},"geometry":{"type":"Polygon","coordinates":[[[-76.78506702425864,3.226659485106445],[-76.78514648803072,3.2718724942251174],[-76.75280948596048,3.271929784509072],[-76.7565,3.2681],[-76.75274236522085,3.271929902335616],[-76.74016131563094,3.2719519079734454],[-76.74008385182773,3.2267377992139745],[-76.76662855941284,3.2266918274675698],[-76.7682,3.2285999999999997],[-76.7688,3.231],[-76.7729,3.2336999999999994],[-76.7769,3.2311],[-76.7821,3.2301999999999986],[-76.7831,3.2306999999999992],[-76.78396984756469,3.2266614190250147],[-76.78506702425864,3.226659485106445]],[[-76.78343021148036,3.246779456193354],[-76.7835,3.246599999999999],[-76.7824,3.245],[-76.78343021148036,3.246779456193354]],[[-76.78181106077764,3.2503623254058165],[-76.7821,3.250199999999999],[-76.78292465753425,3.2480794520547827],[-76.78181106077764,3.2503623254058165]],[[-76.77670000000002,3.2528],[-76.77539733570161,3.2539655417406754],[-76.77902180451127,3.2519293233082687],[-76.77670000000002,3.2528]],[[-76.77207954545455,3.255277272727273],[-76.7732,3.2552],[-76.7740796511628,3.2547058139534863],[-76.77207954545455,3.255277272727273]],[[-76.7628,3.2570000000000006],[-76.7582,3.2631],[-76.7645,3.2558000000000002],[-76.7628,3.2570000000000006]]]}},{"type":"Feature","properties":{"v":27.3,"clase":"DEFICIT_ALTO","periodo":"1–15 ago 2026","metodo":"IDW 6 estaciones CVC"},"geometry":{"type":"Polygon","coordinates":[[[-76.74016131563094,3.2719519079734454],[-76.69517505947645,3.272029297412275],[-76.6950995958813,3.2268141170424296],[-76.74008385182773,3.2267377992139745],[-76.74016131563094,3.2719519079734454]]]}},{"type":"Feature","properties":{"v":29.1,"clase":"DEFICIT_ALTO","periodo":"1–15 ago 2026","metodo":"IDW 6 estaciones CVC"},"geometry":{"type":"Polygon","coordinates":[[[-76.69517505947645,3.272029297412275],[-76.6501877475508,3.2721046623031182],[-76.65011428439671,3.2268884383566308],[-76.6950995958813,3.2268141170424296],[-76.69517505947645,3.272029297412275]]]}},{"type":"Feature","properties":{"v":31.0,"clase":"DEFICIT_ALTO","periodo":"1–15 ago 2026","metodo":"IDW 6 estaciones CVC"},"geometry":{"type":"Polygon","coordinates":[[[-76.6501877475508,3.2721046623031182],[-76.60519940784074,3.2721780024137086],[-76.60512794535458,3.2269607629275425],[-76.65011428439671,3.2268884383566308],[-76.6501877475508,3.2721046623031182]]]}},{"type":"Feature","properties":{"v":32.6,"clase":"DEFICIT_ALTO","periodo":"1–15 ago 2026","metodo":"IDW 6 estaciones CVC"},"geometry":{"type":"Polygon","coordinates":[[[-76.60519940784074,3.2721780024137086],[-76.56021006833633,3.272249317518009],[-76.56014060673877,3.2270310905322708],[-76.60512794535458,3.2269607629275425],[-76.60519940784074,3.2721780024137086]]]}},{"type":"Feature","properties":{"v":33.4,"clase":"DEFICIT_ALTO","periodo":"1–15 ago 2026","metodo":"IDW 6 estaciones CVC"},"geometry":{"type":"Polygon","coordinates":[[[-76.56021006833633,3.272249317518009],[-76.51521975703066,3.2723186073962127],[-76.5151522965362,3.227099420954062],[-76.56014060673877,3.2270310905322708],[-76.56021006833633,3.272249317518009]]]}},{"type":"Feature","properties":{"v":33.3,"clase":"DEFICIT_ALTO","periodo":"1–15 ago 2026","metodo":"IDW 6 estaciones CVC"},"geometry":{"type":"Polygon","coordinates":[[[-76.47016304273689,3.2271657539823084],[-76.5151522965362,3.227099420954062],[-76.51521975703066,3.2723186073962127],[-76.4715120032511,3.2723839810158672],[-76.4718,3.2708],[-76.4706,3.2700000000000005],[-76.47022498162481,3.2699699994407485],[-76.47020801347036,3.258300003871133],[-76.4745,3.2583],[-76.47560000000001,3.2573000000000003],[-76.4751,3.2558000000000002],[-76.4708,3.255],[-76.47020217718364,3.2542763217915005],[-76.47019436050138,3.2488794566541426],[-76.4711,3.2484000000000006],[-76.4707,3.2464000000000004],[-76.47019050579101,3.2462147312108223],[-76.47018371484843,3.241514858057748],[-76.4727,3.2447999999999997],[-76.4744,3.245199999999999],[-76.4751,3.2446999999999995],[-76.4752,3.2418999999999993],[-76.4721,3.2391000000000005],[-76.4718,3.2377000000000007],[-76.4764,3.2343000000000006],[-76.4773,3.2326000000000006],[-76.4727,3.2288],[-76.4714,3.2288000000000006],[-76.47016684373904,3.2298089470456697],[-76.47016304273689,3.2271657539823084]]]}},{"type":"Feature","properties":{"v":33.0,"clase":"DEFICIT_ALTO","periodo":"1–15 ago 2026","metodo":"IDW 6 estaciones CVC"},"geometry":{"type":"MultiPolygon","coordinates":[[[[-76.47016304273689,3.2271657539823084],[-76.47016684373904,3.2298089470456697],[-76.4692,3.230599999999999],[-76.467,3.2302999999999993],[-76.4654,3.2285999999999992],[-76.4654,3.2275],[-76.46734797704636,3.227169838119948],[-76.47016304273689,3.2271657539823084]]],[[[-76.47022498162481,3.2699699994407485],[-76.4656,3.269599999999999],[-76.4608,3.2663000000000006],[-76.4638,3.2628999999999997],[-76.4636,3.2611999999999997],[-76.4609,3.259199999999999],[-76.4599,3.2572],[-76.46,3.2548999999999997],[-76.4617,3.2526999999999995],[-76.4638,3.2525999999999997],[-76.4652,3.2562999999999995],[-76.4684,3.2583000000000006],[-76.47020801347036,3.258300003871133],[-76.47022498162481,3.2699699994407485]]],[[[-76.47020217718364,3.2542763217915005],[-76.4689,3.2526999999999995],[-76.4629,3.250599999999999],[-76.4621,3.2492],[-76.4615,3.2466999999999997],[-76.4625,3.2458000000000005],[-76.4642,3.2461],[-76.4673,3.2490999999999994],[-76.4694,3.2492999999999994],[-76.47019436050138,3.2488794566541426],[-76.47020217718364,3.2542763217915005]]],[[[-76.47019050579101,3.2462147312108223],[-76.4652,3.2444000000000006],[-76.4648,3.2425],[-76.4666,3.2396999999999996],[-76.4691,3.240099999999999],[-76.47018371484843,3.241514858057748],[-76.47019050579101,3.2462147312108223]]]]}},{"type":"Feature","properties":{"v":23.3,"clase":"DEFICIT_ALTO","periodo":"1–15 ago 2026","metodo":"IDW 6 estaciones CVC"},"geometry":{"type":"Polygon","coordinates":[[[-76.2002627194906,3.2727469130580396],[-76.20022395792574,3.2400115457712837],[-76.2026,3.2421999999999995],[-76.2025,3.2461999999999995],[-76.2041,3.2491],[-76.2047,3.2534999999999994],[-76.2063,3.258099999999999],[-76.209,3.2609],[-76.213,3.2625],[-76.2169,3.2681999999999993],[-76.2183,3.2683],[-76.22354714202186,3.2727186494261558],[-76.2002627194906,3.2727469130580396]]]}},{"type":"Feature","properties":{"v":22.6,"clase":"DEFICIT_ALTO","periodo":"1–15 ago 2026","metodo":"IDW 6 estaciones CVC"},"geometry":{"type":"Polygon","coordinates":[[[-76.19148786827905,3.227532098313208],[-76.1923,3.2293999999999996],[-76.194,3.2299999999999995],[-76.1984,3.236499999999999],[-76.1988,3.2387000000000006],[-76.20022395792574,3.2400115457712837],[-76.2002627194906,3.2727469130580396],[-76.15526564187167,3.2727999939624635],[-76.15522273963234,3.2351279575065117],[-76.1564,3.2359999999999998],[-76.1606,3.233299999999999],[-76.1638,3.2355],[-76.166,3.2348],[-76.1677,3.2318],[-76.1675,3.2299999999999995],[-76.1712,3.2311],[-76.1755,3.2305],[-76.1783,3.231499999999999],[-76.18,3.2311999999999994],[-76.1798,3.2333999999999996],[-76.1826,3.2317000000000005],[-76.1837,3.2283],[-76.1859,3.2292],[-76.1880175947786,3.227536176794277],[-76.19148786827905,3.227532098313208]]]}},{"type":"Feature","properties":{"v":21.7,"clase":"DEFICIT_ALTO","periodo":"1–15 ago 2026","metodo":"IDW 6 estaciones CVC"},"geometry":{"type":"Polygon","coordinates":[[[-76.15526564187167,3.2727999939624635],[-76.11026784451518,3.2728510479431088],[-76.11021840258353,3.22762448879662],[-76.15159275474511,3.227578267888642],[-76.1521,3.2291000000000003],[-76.1512,3.2314999999999996],[-76.1521,3.2342000000000004],[-76.15370000000001,3.234],[-76.15522273963234,3.2351279575065117],[-76.15526564187167,3.2727999939624635]]]}},{"type":"Feature","properties":{"v":21.0,"clase":"DEFICIT_ALTO","periodo":"1–15 ago 2026","metodo":"IDW 6 estaciones CVC"},"geometry":{"type":"Polygon","coordinates":[[[-76.11026784451518,3.2728510479431088],[-76.06526935544056,3.272900074842545],[-76.06522191641761,3.2276728368202017],[-76.11021840258353,3.22762448879662],[-76.11026784451518,3.2728510479431088]]]}},{"type":"Feature","properties":{"v":20.5,"clase":"DEFICIT_ALTO","periodo":"1–15 ago 2026","metodo":"IDW 6 estaciones CVC"},"geometry":{"type":"Polygon","coordinates":[[[-76.06522191641761,3.2276728368202017],[-76.06526935544056,3.272900074842545],[-76.04772779270746,3.2729186374338655],[-76.0476,3.2725000000000004],[-76.048,3.2651],[-76.0446,3.2606],[-76.0408,3.2589],[-76.0408,3.2554999999999996],[-76.0386,3.2537],[-76.0386,3.2515],[-76.04,3.2477],[-76.0433,3.2465999999999986],[-76.0472,3.2427999999999995],[-76.0495,3.2420999999999998],[-76.0516,3.2392],[-76.055,3.2370999999999994],[-76.0559,3.2346999999999997],[-76.0593,3.2310999999999996],[-76.0586,3.2279000000000004],[-76.05833293227225,3.227680062401816],[-76.06522191641761,3.2276728368202017]]]}},{"type":"Feature","properties":{"v":24.4,"clase":"DEFICIT_ALTO","periodo":"1–15 ago 2026","metodo":"IDW 6 estaciones CVC"},"geometry":{"type":"Polygon","coordinates":[[[-77.50473903531564,3.270326786870957],[-77.52142371337912,3.270284799785328],[-77.5097,3.2845999999999997],[-77.50479206757178,3.2916163111881707],[-77.50473903531564,3.270326786870957]]]}},{"type":"Feature","properties":{"v":24.4,"clase":"DEFICIT_ALTO","periodo":"1–15 ago 2026","metodo":"IDW 6 estaciones CVC"},"geometry":{"type":"Polygon","coordinates":[[[-77.4598859671263,3.3156316609538634],[-77.4597750057325,3.270438552063599],[-77.50473903531564,3.270326786870957],[-77.50479206757178,3.2916163111881707],[-77.4955,3.3049],[-77.4915,3.308100000000001],[-77.48930000000001,3.3083000000000005],[-77.4875,3.3067],[-77.48410000000001,3.3085999999999998],[-77.4843,3.311300000000001],[-77.4819,3.3154999999999997],[-77.48189235370492,3.3155764619063888],[-77.4598859671263,3.3156316609538634]]]}},{"type":"Feature","properties":{"v":24.4,"clase":"DEFICIT_ALTO","periodo":"1–15 ago 2026","metodo":"IDW 6 estaciones CVC"},"geometry":{"type":"Polygon","coordinates":[[[-77.4598859671263,3.3156316609538634],[-77.4149183830075,3.31574292626863],[-77.41480944517596,3.270548297607721],[-77.4597750057325,3.270438552063599],[-77.4598859671263,3.3156316609538634]]]}},{"type":"Feature","properties":{"v":24.4,"clase":"DEFICIT_ALTO","periodo":"1–15 ago 2026","metodo":"IDW 6 estaciones CVC"},"geometry":{"type":"Polygon","coordinates":[[[-77.4149183830075,3.31574292626863],[-77.36994929549843,3.3158521436243285],[-77.36984238156519,3.2706560231654933],[-77.41480944517596,3.270548297607721],[-77.4149183830075,3.31574292626863]]]}},{"type":"Feature","properties":{"v":24.3,"clase":"DEFICIT_ALTO","periodo":"1–15 ago 2026","metodo":"IDW 6 estaciones CVC"},"geometry":{"type":"Polygon","coordinates":[[[-77.36994929549843,3.3158521436243285],[-77.3249787325291,3.3159593126847104],[-77.32487384282399,3.2707617284052772],[-77.36984238156519,3.2706560231654933],[-77.36994929549843,3.3158521436243285]]]}},{"type":"Feature","properties":{"v":24.2,"clase":"DEFICIT_ALTO","periodo":"1–15 ago 2026","metodo":"IDW 6 estaciones CVC"},"geometry":{"type":"Polygon","coordinates":[[[-77.3249787325291,3.3159593126847104],[-77.28000672203419,3.316064433119806],[-77.2799038568808,3.2708654130016273],[-77.32487384282399,3.2707617284052772],[-77.3249787325291,3.3159593126847104]]]}},{"type":"Feature","properties":{"v":24.0,"clase":"DEFICIT_ALTO","periodo":"1–15 ago 2026","metodo":"IDW 6 estaciones CVC"},"geometry":{"type":"Polygon","coordinates":[[[-77.28000672203419,3.316064433119806],[-77.23503329195279,3.316167504605931],[-77.23493245166851,3.270967076635295],[-77.2799038568808,3.2708654130016273],[-77.28000672203419,3.316064433119806]]]}},{"type":"Feature","properties":{"v":23.8,"clase":"DEFICIT_ALTO","periodo":"1–15 ago 2026","metodo":"IDW 6 estaciones CVC"},"geometry":{"type":"Polygon","coordinates":[[[-77.23503329195279,3.316167504605931],[-77.19005847022848,3.3162685268256817],[-77.18995965512447,3.2710667189932323],[-77.23493245166851,3.270967076635295],[-77.23503329195279,3.316167504605931]]]}},{"type":"Feature","properties":{"v":23.6,"clase":"DEFICIT_ALTO","periodo":"1–15 ago 2026","metodo":"IDW 6 estaciones CVC"},"geometry":{"type":"Polygon","coordinates":[[[-77.19005847022848,3.3162685268256817],[-77.14508228480913,3.316367499467946],[-77.14498549519033,3.271164339768591],[-77.18995965512447,3.2710667189932323],[-77.19005847022848,3.3162685268256817]]]}},{"type":"Feature","properties":{"v":23.4,"clase":"DEFICIT_ALTO","periodo":"1–15 ago 2026","metodo":"IDW 6 estaciones CVC"},"geometry":{"type":"Polygon","coordinates":[[[-77.14508228480913,3.316367499467946],[-77.10010476364685,3.3164644222279005],[-77.10000999981197,3.271259938660726],[-77.14498549519033,3.271164339768591],[-77.14508228480913,3.316367499467946]]]}},{"type":"Feature","properties":{"v":23.1,"clase":"DEFICIT_ALTO","periodo":"1–15 ago 2026","metodo":"IDW 6 estaciones CVC"},"geometry":{"type":"Polygon","coordinates":[[[-77.10010476364685,3.3164644222279005],[-77.05512593469795,3.3165592948070124],[-77.05503319693943,3.271353515375201],[-77.10000999981197,3.271259938660726],[-77.10010476364685,3.3164644222279005]]]}},{"type":"Feature","properties":{"v":22.9,"clase":"DEFICIT_ALTO","periodo":"1–15 ago 2026","metodo":"IDW 6 estaciones CVC"},"geometry":{"type":"Polygon","coordinates":[[[-77.05512593469795,3.3165592948070124],[-77.01014582592275,3.3166521169130476],[-77.01005511452686,3.271445069623784],[-77.05503319693943,3.271353515375201],[-77.05512593469795,3.3165592948070124]]]}},{"type":"Feature","properties":{"v":22.7,"clase":"DEFICIT_ALTO","periodo":"1–15 ago 2026","metodo":"IDW 6 estaciones CVC"},"geometry":{"type":"Polygon","coordinates":[[[-77.01014582592275,3.3166521169130476],[-76.96516446528558,3.316742888260064],[-76.9650757805323,3.271534601124456],[-77.01005511452686,3.271445069623784],[-77.01014582592275,3.3166521169130476]]]}},{"type":"Feature","properties":{"v":22.7,"clase":"DEFICIT_ALTO","periodo":"1–15 ago 2026","metodo":"IDW 6 estaciones CVC"},"geometry":{"type":"Polygon","coordinates":[[[-76.96516446528558,3.316742888260064],[-76.92018188075465,3.3168316085684193],[-76.92009522291778,3.2716221096014095],[-76.9650757805323,3.271534601124456],[-76.96516446528558,3.316742888260064]]]}},{"type":"Feature","properties":{"v":22.8,"clase":"DEFICIT_ALTO","periodo":"1–15 ago 2026","metodo":"IDW 6 estaciones CVC"},"geometry":{"type":"Polygon","coordinates":[[[-76.92018188075465,3.3168316085684193],[-76.87519810030201,3.316918277564774],[-76.87511346964905,3.271707594785052],[-76.92009522291778,3.2716221096014095],[-76.92018188075465,3.3168316085684193]]]}},{"type":"Feature","properties":{"v":23.3,"clase":"DEFICIT_ALTO","periodo":"1–15 ago 2026","metodo":"IDW 6 estaciones CVC"},"geometry":{"type":"Polygon","coordinates":[[[-76.87519810030201,3.316918277564774],[-76.83021315190341,3.3170028949820916],[-76.83013054869566,3.2717910564120074],[-76.87511346964905,3.271707594785052],[-76.87519810030201,3.316918277564774]]]}},{"type":"Feature","properties":{"v":24.2,"clase":"DEFICIT_ALTO","periodo":"1–15 ago 2026","metodo":"IDW 6 estaciones CVC"},"geometry":{"type":"Polygon","coordinates":[[[-76.83021315190341,3.3170028949820916],[-76.78522706353823,3.317085460559638],[-76.78514648803072,3.2718724942251174],[-76.83013054869566,3.2717910564120074],[-76.83021315190341,3.3170028949820916]]]}},{"type":"Feature","properties":{"v":25.5,"clase":"DEFICIT_ALTO","periodo":"1–15 ago 2026","metodo":"IDW 6 estaciones CVC"},"geometry":{"type":"Polygon","coordinates":[[[-76.78514648803072,3.2718724942251174],[-76.78522706353823,3.317085460559638],[-76.74023986318942,3.317165974042987],[-76.74016131563094,3.2719519079734454],[-76.75274236522085,3.271929902335616],[-76.7513,3.2734000000000005],[-76.75124801812005,3.2735501698754197],[-76.75280948596048,3.271929784509072],[-76.78514648803072,3.2718724942251174]],[[-76.7434,3.301],[-76.7472,3.2964000000000007],[-76.74721528089889,3.2962064419475503],[-76.7434,3.301]]]}},{"type":"Feature","properties":{"v":27.5,"clase":"DEFICIT_ALTO","periodo":"1–15 ago 2026","metodo":"IDW 6 estaciones CVC"},"geometry":{"type":"Polygon","coordinates":[[[-76.69517505947645,3.272029297412275],[-76.74016131563094,3.2719519079734454],[-76.74023986318942,3.317165974042987],[-76.69732657625043,3.317240861507022],[-76.6972,3.3153],[-76.69657826086957,3.3145539130434774],[-76.69704160934934,3.317241352551895],[-76.69525157884333,3.317244435184024],[-76.69524103027929,3.311048206065457],[-76.696,3.3112000000000004],[-76.6953,3.310999999999999],[-76.69524100347792,3.3110324480879205],[-76.69517505947645,3.272029297412275]],[[-76.7369,3.3162],[-76.73698048780487,3.316269756097551],[-76.7365,3.3105999999999995],[-76.7369,3.3162]]]}},{"type":"Feature","properties":{"v":30.0,"clase":"DEFICIT_ALTO","periodo":"1–15 ago 2026","metodo":"IDW 6 estaciones CVC"},"geometry":{"type":"Polygon","coordinates":[[[-76.69525157884333,3.317244435184024],[-76.65026223848977,3.317320843740941],[-76.6501877475508,3.2721046623031182],[-76.69517505947645,3.272029297412275],[-76.69524100347792,3.3110324480879205],[-76.69522,3.3110440000000003],[-76.69524103027929,3.311048206065457],[-76.69525157884333,3.317244435184024]],[[-76.6805,3.3154],[-76.68699227799227,3.313213127413126],[-76.6848,3.3136],[-76.6805,3.3154]]]}},{"type":"Feature","properties":{"v":32.7,"clase":"DEFICIT_ALTO","periodo":"1–15 ago 2026","metodo":"IDW 6 estaciones CVC"},"geometry":{"type":"Polygon","coordinates":[[[-76.65026223848977,3.317320843740941],[-76.60527187012181,3.3173951994782453],[-76.60519940784074,3.2721780024137086],[-76.6501877475508,3.2721046623031182],[-76.65026223848977,3.317320843740941]]]}},{"type":"Feature","properties":{"v":35.1,"clase":"DEFICIT_MODERADO","periodo":"1–15 ago 2026","metodo":"IDW 6 estaciones CVC"},"geometry":{"type":"Polygon","coordinates":[[[-76.60527187012181,3.3173951994782453],[-76.56028050173565,3.317467502166758],[-76.56021006833633,3.272249317518009],[-76.60519940784074,3.2721780024137086],[-76.60527187012181,3.3173951994782453]]]}},{"type":"Feature","properties":{"v":36.4,"clase":"DEFICIT_MODERADO","periodo":"1–15 ago 2026","metodo":"IDW 6 estaciones CVC"},"geometry":{"type":"Polygon","coordinates":[[[-76.56028050173565,3.317467502166758],[-76.51528816133072,3.317537751583616],[-76.51521975703066,3.2723186073962127],[-76.56021006833633,3.272249317518009],[-76.56028050173565,3.317467502166758]],[[-76.544016,3.2781440000000006],[-76.54410769230769,3.27820512820513],[-76.5442,3.2779999999999996],[-76.544016,3.2781440000000006]]]}},{"type":"Feature","properties":{"v":36.3,"clase":"DEFICIT_MODERADO","periodo":"1–15 ago 2026","metodo":"IDW 6 estaciones CVC"},"geometry":{"type":"MultiPolygon","coordinates":[[[[-76.51521975703066,3.2723186073962127],[-76.51528816133072,3.317537751583616],[-76.47832891306392,3.317593921104827],[-76.4783,3.316899999999999],[-76.476,3.3143000000000002],[-76.4755,3.3106999999999993],[-76.4732,3.3050000000000006],[-76.4772,3.3010000000000006],[-76.477,3.294999999999999],[-76.478,3.2935999999999996],[-76.48,3.2929],[-76.482,3.293499999999999],[-76.4836,3.295699999999999],[-76.485,3.303],[-76.488,3.3048999999999995],[-76.4903,3.3041],[-76.4912,3.3017999999999996],[-76.4902,3.2999000000000005],[-76.4903,3.2974],[-76.4942,3.2925999999999997],[-76.4927,3.2894999999999994],[-76.4889,3.2885999999999997],[-76.47880000000002,3.2896999999999994],[-76.4748,3.2871999999999995],[-76.4746,3.2853],[-76.4753,3.2843999999999993],[-76.47880000000002,3.2862000000000005],[-76.4814,3.2865999999999995],[-76.4852,3.2854],[-76.4868,3.283999999999999],[-76.4872,3.2825],[-76.4852,3.2794000000000003],[-76.483,3.2783000000000007],[-76.4806,3.2782],[-76.4766,3.2809000000000004],[-76.4742,3.2807],[-76.471,3.2751999999999994],[-76.4715120032511,3.2723839810158672],[-76.51521975703066,3.2723186073962127]],[[-76.4924,3.2847],[-76.49253825363826,3.2850871101871113],[-76.4943,3.2810999999999995],[-76.49428396946564,3.2810262595419895],[-76.4924,3.2847]]],[[[-76.47029487690938,3.3176059475122726],[-76.47028565230433,3.311358543978605],[-76.4706,3.3115],[-76.4724,3.3138999999999994],[-76.4725,3.3176],[-76.47250119309561,3.3176026513326766],[-76.47029487690938,3.3176059475122726]]]]}},{"type":"Feature","properties":{"v":32.2,"clase":"DEFICIT_ALTO","periodo":"1–15 ago 2026","metodo":"IDW 6 estaciones CVC"},"geometry":{"type":"Polygon","coordinates":[[[-76.42530067647695,3.317672089742504],[-76.38030558804167,3.317736178070404],[-76.38026851594488,3.2909086632591107],[-76.3889,3.2920000000000003],[-76.3905,3.2936],[-76.3936,3.295],[-76.3999,3.2972999999999995],[-76.4058,3.298299999999999],[-76.4076,3.3017999999999996],[-76.4141,3.305],[-76.4171,3.3102000000000005],[-76.4214,3.3124],[-76.42529337992347,3.312575392036672],[-76.42530067647695,3.317672089742504]]]}},{"type":"Feature","properties":{"v":29.5,"clase":"DEFICIT_ALTO","periodo":"1–15 ago 2026","metodo":"IDW 6 estaciones CVC"},"geometry":{"type":"Polygon","coordinates":[[[-76.38030558804167,3.317736178070404],[-76.33530963961444,3.3177982122983902],[-76.3352600654033,3.2806565124526155],[-76.3354,3.2805999999999997],[-76.3365,3.2820000000000005],[-76.3386,3.2826000000000004],[-76.3431,3.2806000000000006],[-76.3435,3.2815],[-76.3434765625,3.2815328125],[-76.3441,3.2818],[-76.3436,3.2826999999999997],[-76.3457,3.2842],[-76.35290000000002,3.2866],[-76.3562,3.2889],[-76.3593,3.2894999999999994],[-76.3621,3.2888],[-76.364,3.2873],[-76.3651,3.2878999999999996],[-76.367,3.2873],[-76.3713,3.2883999999999998],[-76.37310000000001,3.2880999999999996],[-76.3742,3.2892],[-76.3753,3.2888999999999995],[-76.3802,3.2908999999999993],[-76.38026851594488,3.2909086632591107],[-76.38030558804167,3.317736178070404]]]}},{"type":"Feature","properties":{"v":27.1,"clase":"DEFICIT_ALTO","periodo":"1–15 ago 2026","metodo":"IDW 6 estaciones CVC"},"geometry":{"type":"Polygon","coordinates":[[[-76.33530963961444,3.3177982122983902],[-76.29031285920892,3.3178581922352035],[-76.29027112282076,3.285522120075122],[-76.2919,3.2852999999999994],[-76.2928,3.2869],[-76.293,3.2861000000000002],[-76.2937,3.2867],[-76.2942,3.2849999999999997],[-76.2951,3.2864000000000004],[-76.296,3.286],[-76.2973,3.2866999999999993],[-76.2982,3.2866],[-76.2986,3.2856000000000005],[-76.2992,3.2863000000000007],[-76.3002,3.2856],[-76.3008,3.2863000000000007],[-76.3016,3.285100000000001],[-76.3026,3.2853999999999997],[-76.3029,3.2866000000000004],[-76.304,3.285299999999999],[-76.3046,3.2862],[-76.305,3.2855999999999996],[-76.3074,3.285799999999999],[-76.308,3.2848],[-76.3068,3.2847999999999997],[-76.3069,3.2841],[-76.3097,3.283],[-76.3097,3.2817000000000003],[-76.3106,3.2819],[-76.3105,3.2809999999999993],[-76.3117,3.2805],[-76.3144,3.2826000000000004],[-76.318,3.2812999999999994],[-76.3203,3.2818999999999994],[-76.3227,3.2801999999999993],[-76.3246,3.2817],[-76.3256,3.2808000000000006],[-76.3253,3.2820000000000005],[-76.3266,3.2826],[-76.33020000000002,3.2826999999999997],[-76.3352600654033,3.2806565124526155],[-76.33530963961444,3.3177982122983902]]]}},{"type":"Feature","properties":{"v":25.0,"clase":"DEFICIT_ALTO","periodo":"1–15 ago 2026","metodo":"IDW 6 estaciones CVC"},"geometry":{"type":"Polygon","coordinates":[[[-76.29031285920892,3.3178581922352035],[-76.24531527484132,3.3179161176959124],[-76.24526350679078,3.2763000012805517],[-76.2463,3.276299999999999],[-76.2466,3.277399999999999],[-76.2509,3.279399999999999],[-76.2512,3.278499999999999],[-76.2522,3.2791000000000006],[-76.2531,3.278799999999999],[-76.2542,3.2797999999999994],[-76.255,3.2790000000000004],[-76.2558,3.2796],[-76.2565,3.279],[-76.2588,3.2796],[-76.2588,3.2812],[-76.2592,3.2802],[-76.2596,3.2811],[-76.2628,3.2821999999999996],[-76.2651,3.2809000000000004],[-76.2662,3.2788],[-76.2683,3.2784999999999993],[-76.2686,3.2773000000000003],[-76.2696,3.278099999999999],[-76.2718,3.2778999999999994],[-76.2729,3.2762999999999995],[-76.2762,3.2776000000000005],[-76.2765,3.2766],[-76.2773,3.2786999999999997],[-76.2769,3.2795000000000005],[-76.27830000000002,3.2796],[-76.2781,3.2802],[-76.2802,3.2823],[-76.2802,3.2832],[-76.2812,3.2827],[-76.282,3.2834],[-76.2824,3.2821999999999996],[-76.2831,3.2836],[-76.2838,3.2831],[-76.2846,3.2836],[-76.2864,3.2817999999999996],[-76.2877,3.2825999999999995],[-76.2882,3.2844999999999995],[-76.2897,3.2856000000000005],[-76.29027112282076,3.285522120075122],[-76.29031285920892,3.3178581922352035]]]}},{"type":"Feature","properties":{"v":23.4,"clase":"DEFICIT_ALTO","periodo":"1–15 ago 2026","metodo":"IDW 6 estaciones CVC"},"geometry":{"type":"Polygon","coordinates":[[[-76.24531527484132,3.3179161176959124],[-76.20031691453038,3.317971988501909],[-76.2002627194906,3.2727469130580396],[-76.22354714202186,3.2727186494261558],[-76.224,3.2731],[-76.22640000000001,3.274],[-76.2271,3.2754],[-76.2293,3.2767999999999997],[-76.2334,3.2774],[-76.238,3.2755],[-76.2409,3.2776000000000005],[-76.2425,3.2774],[-76.2428,3.2762999999999995],[-76.24526350679078,3.2763000012805517],[-76.24531527484132,3.3179161176959124]]]}},{"type":"Feature","properties":{"v":22.2,"clase":"DEFICIT_ALTO","periodo":"1–15 ago 2026","metodo":"IDW 6 estaciones CVC"},"geometry":{"type":"Polygon","coordinates":[[[-76.20031691453038,3.317971988501909],[-76.1553178062972,3.3180258044809174],[-76.15526564187167,3.2727999939624635],[-76.2002627194906,3.2727469130580396],[-76.20031691453038,3.317971988501909]]]}},{"type":"Feature","properties":{"v":21.2,"clase":"DEFICIT_ALTO","periodo":"1–15 ago 2026","metodo":"IDW 6 estaciones CVC"},"geometry":{"type":"Polygon","coordinates":[[[-76.1553178062972,3.3180258044809174],[-76.1103179781653,3.318077565466987],[-76.11026784451518,3.2728510479431088],[-76.15526564187167,3.2727999939624635],[-76.1553178062972,3.3180258044809174]]]}},{"type":"Feature","properties":{"v":20.5,"clase":"DEFICIT_ALTO","periodo":"1–15 ago 2026","metodo":"IDW 6 estaciones CVC"},"geometry":{"type":"Polygon","coordinates":[[[-76.1103179781653,3.318077565466987],[-76.06531745816037,3.3181272713005003],[-76.06526935544056,3.272900074842545],[-76.11026784451518,3.2728510479431088],[-76.1103179781653,3.318077565466987]]]}},{"type":"Feature","properties":{"v":20.0,"clase":"DEFICIT_EXTREMO","periodo":"1–15 ago 2026","metodo":"IDW 6 estaciones CVC"},"geometry":{"type":"Polygon","coordinates":[[[-76.06526935544056,3.272900074842545],[-76.06531745816037,3.3181272713005003],[-76.04463723427605,3.318149424352533],[-76.0415,3.3068],[-76.0378,3.301000000000001],[-76.0378,3.299699999999999],[-76.0392,3.2980999999999985],[-76.0429,3.2964999999999995],[-76.0422,3.293499999999999],[-76.0432,3.2882999999999996],[-76.0458,3.2884],[-76.048,3.2868],[-76.0484,3.2844000000000007],[-76.0505,3.2820000000000005],[-76.04772779270746,3.2729186374338655],[-76.06526935544056,3.272900074842545]]]}},{"type":"Feature","properties":{"v":24.6,"clase":"DEFICIT_ALTO","periodo":"1–15 ago 2026","metodo":"IDW 6 estaciones CVC"},"geometry":{"type":"Polygon","coordinates":[[[-77.4598859671263,3.3156316609538634],[-77.48189235370492,3.3155764619063888],[-77.4814,3.3204999999999996],[-77.4799,3.3230999999999997],[-77.4764,3.3241],[-77.4619,3.3336],[-77.45993512165215,3.335454860791644],[-77.4598859671263,3.3156316609538634]]]}},{"type":"Feature","properties":{"v":24.7,"clase":"DEFICIT_ALTO","periodo":"1–15 ago 2026","metodo":"IDW 6 estaciones CVC"},"geometry":{"type":"Polygon","coordinates":[[[-77.4149183830075,3.31574292626863],[-77.4598859671263,3.3156316609538634],[-77.45993512165215,3.335454860791644],[-77.4494,3.3454],[-77.43551846372416,3.3608863792232406],[-77.41994817282635,3.36092527339052],[-77.4157,3.3548000000000004],[-77.41501317565057,3.354571058662181],[-77.4149183830075,3.31574292626863]]]}},{"type":"Feature","properties":{"v":24.7,"clase":"DEFICIT_ALTO","periodo":"1–15 ago 2026","metodo":"IDW 6 estaciones CVC"},"geometry":{"type":"Polygon","coordinates":[[[-77.37005768489267,3.3610482192475213],[-77.36994929549843,3.3158521436243285],[-77.4149183830075,3.31574292626863],[-77.41501317565057,3.354571058662181],[-77.4148,3.3544999999999994],[-77.4132,3.3555999999999995],[-77.4129,3.356499999999999],[-77.4141,3.3592],[-77.41370436346944,3.360940800226229],[-77.37005768489267,3.3610482192475213]]]}},{"type":"Feature","properties":{"v":24.7,"clase":"DEFICIT_ALTO","periodo":"1–15 ago 2026","metodo":"IDW 6 estaciones CVC"},"geometry":{"type":"Polygon","coordinates":[[[-77.37005768489267,3.3610482192475213],[-77.32508506976059,3.3611568522555273],[-77.3249787325291,3.3159593126847104],[-77.36994929549843,3.3158521436243285],[-77.37005768489267,3.3610482192475213]]]}},{"type":"Feature","properties":{"v":24.5,"clase":"DEFICIT_ALTO","periodo":"1–15 ago 2026","metodo":"IDW 6 estaciones CVC"},"geometry":{"type":"Polygon","coordinates":[[[-77.32508506976059,3.3611568522555273],[-77.28011100677479,3.3612634086539797],[-77.28000672203419,3.316064433119806],[-77.3249787325291,3.3159593126847104],[-77.32508506976059,3.3611568522555273]]]}},{"type":"Feature","properties":{"v":24.4,"clase":"DEFICIT_ALTO","periodo":"1–15 ago 2026","metodo":"IDW 6 estaciones CVC"},"geometry":{"type":"Polygon","coordinates":[[[-77.28011100677479,3.3612634086539797],[-77.23513552388071,3.3613678881147524],[-77.23503329195279,3.316167504605931],[-77.28000672203419,3.316064433119806],[-77.28011100677479,3.3612634086539797]]]}},{"type":"Feature","properties":{"v":24.1,"clase":"DEFICIT_ALTO","periodo":"1–15 ago 2026","metodo":"IDW 6 estaciones CVC"},"geometry":{"type":"Polygon","coordinates":[[[-77.23513552388071,3.3613678881147524],[-77.19015864902825,3.361470290316092],[-77.19005847022848,3.3162685268256817],[-77.23503329195279,3.316167504605931],[-77.23513552388071,3.3613678881147524]]]}},{"type":"Feature","properties":{"v":23.9,"clase":"DEFICIT_ALTO","periodo":"1–15 ago 2026","metodo":"IDW 6 estaciones CVC"},"geometry":{"type":"Polygon","coordinates":[[[-77.19015864902825,3.361470290316092],[-77.14518041017155,3.361570614942617],[-77.14508228480913,3.316367499467946],[-77.19005847022848,3.3162685268256817],[-77.19015864902825,3.361470290316092]]]}},{"type":"Feature","properties":{"v":23.5,"clase":"DEFICIT_ALTO","periodo":"1–15 ago 2026","metodo":"IDW 6 estaciones CVC"},"geometry":{"type":"Polygon","coordinates":[[[-77.14518041017155,3.361570614942617],[-77.10020083526908,3.3616688616853256],[-77.10010476364685,3.3164644222279005],[-77.14508228480913,3.316367499467946],[-77.14518041017155,3.361570614942617]]]}},{"type":"Feature","properties":{"v":23.1,"clase":"DEFICIT_ALTO","periodo":"1–15 ago 2026","metodo":"IDW 6 estaciones CVC"},"geometry":{"type":"Polygon","coordinates":[[[-77.10020083526908,3.3616688616853256],[-77.05521995228344,3.3617650302415902],[-77.05512593469795,3.3165592948070124],[-77.10010476364685,3.3164644222279005],[-77.10020083526908,3.3616688616853256]]]}},{"type":"Feature","properties":{"v":22.8,"clase":"DEFICIT_ALTO","periodo":"1–15 ago 2026","metodo":"IDW 6 estaciones CVC"},"geometry":{"type":"Polygon","coordinates":[[[-77.05521995228344,3.3617650302415902],[-77.01023778918126,3.361859120315168],[-77.01014582592275,3.3166521169130476],[-77.05512593469795,3.3165592948070124],[-77.05521995228344,3.3617650302415902]]]}},{"type":"Feature","properties":{"v":22.4,"clase":"DEFICIT_ALTO","periodo":"1–15 ago 2026","metodo":"IDW 6 estaciones CVC"},"geometry":{"type":"Polygon","coordinates":[[[-77.01023778918126,3.361859120315168],[-76.96525437393323,3.361951131616196],[-76.96516446528558,3.316742888260064],[-77.01014582592275,3.3166521169130476],[-77.01023778918126,3.361859120315168]]]}},{"type":"Feature","properties":{"v":22.2,"clase":"DEFICIT_ALTO","periodo":"1–15 ago 2026","metodo":"IDW 6 estaciones CVC"},"geometry":{"type":"Polygon","coordinates":[[[-76.96525437393323,3.361951131616196],[-76.92026973451387,3.362041063861199],[-76.92018188075465,3.3168316085684193],[-76.96516446528558,3.316742888260064],[-76.96525437393323,3.361951131616196]]]}},{"type":"Feature","properties":{"v":22.2,"clase":"DEFICIT_ALTO","periodo":"1–15 ago 2026","metodo":"IDW 6 estaciones CVC"},"geometry":{"type":"Polygon","coordinates":[[[-76.92026973451387,3.362041063861199],[-76.87528389890154,3.3621289167730857],[-76.87519810030201,3.316918277564774],[-76.92018188075465,3.3168316085684193],[-76.92026973451387,3.362041063861199]]]}},{"type":"Feature","properties":{"v":22.5,"clase":"DEFICIT_ALTO","periodo":"1–15 ago 2026","metodo":"IDW 6 estaciones CVC"},"geometry":{"type":"Polygon","coordinates":[[[-76.87528389890154,3.3621289167730857],[-76.83029689507833,3.3622146900811574],[-76.83021315190341,3.3170028949820916],[-76.87519810030201,3.316918277564774],[-76.87528389890154,3.3621289167730857]]]}},{"type":"Feature","properties":{"v":23.4,"clase":"DEFICIT_ALTO","periodo":"1–15 ago 2026","metodo":"IDW 6 estaciones CVC"},"geometry":{"type":"Polygon","coordinates":[[[-76.83029689507833,3.3622146900811574],[-76.78530875102996,3.362298383521106],[-76.78522706353823,3.317085460559638],[-76.83021315190341,3.3170028949820916],[-76.83029689507833,3.3622146900811574]]]}},{"type":"Feature","properties":{"v":24.9,"clase":"DEFICIT_ALTO","periodo":"1–15 ago 2026","metodo":"IDW 6 estaciones CVC"},"geometry":{"type":"Polygon","coordinates":[[[-76.78530875102996,3.362298383521106],[-76.74031949474569,3.3623799968350165],[-76.74023986318942,3.317165974042987],[-76.78522706353823,3.317085460559638],[-76.78530875102996,3.362298383521106]]]}},{"type":"Feature","properties":{"v":27.2,"clase":"DEFICIT_ALTO","periodo":"1–15 ago 2026","metodo":"IDW 6 estaciones CVC"},"geometry":{"type":"Polygon","coordinates":[[[-76.74023986318942,3.317165974042987],[-76.74031949474569,3.3623799968350165],[-76.69532915421824,3.3624595297713693],[-76.69525157884333,3.317244435184024],[-76.69704160934934,3.317241352551895],[-76.69750000000002,3.319899999999999],[-76.69732657625043,3.317240861507022],[-76.74023986318942,3.317165974042987]],[[-76.7356,3.3269000000000006],[-76.7395,3.3221],[-76.73957524752475,3.3214792079207753],[-76.7356,3.3269000000000006]],[[-76.70160446058091,3.3565981327800825],[-76.7016,3.3566],[-76.70134918032788,3.3562459016393533],[-76.70165882352941,3.3577941176470185],[-76.70160446058091,3.3565981327800825]]]}},{"type":"Feature","properties":{"v":30.5,"clase":"DEFICIT_ALTO","periodo":"1–15 ago 2026","metodo":"IDW 6 estaciones CVC"},"geometry":{"type":"Polygon","coordinates":[[[-76.69532915421824,3.3624595297713693],[-76.65033775744372,3.3625369820850413],[-76.65026223848977,3.317320843740941],[-76.69525157884333,3.317244435184024],[-76.69532915421824,3.3624595297713693]]]}},{"type":"Feature","properties":{"v":34.4,"clase":"DEFICIT_ALTO","periodo":"1–15 ago 2026","metodo":"IDW 6 estaciones CVC"},"geometry":{"type":"Polygon","coordinates":[[[-76.65033775744372,3.3625369820850413],[-76.60534533242155,3.362612353537311],[-76.60527187012181,3.3173951994782453],[-76.65026223848977,3.317320843740941],[-76.65033775744372,3.3625369820850413]]]}},{"type":"Feature","properties":{"v":38.0,"clase":"DEFICIT_MODERADO","periodo":"1–15 ago 2026","metodo":"IDW 6 estaciones CVC"},"geometry":{"type":"Polygon","coordinates":[[[-76.60534533242155,3.362612353537311],[-76.5603519071543,3.3626856438958552],[-76.56028050173565,3.317467502166758],[-76.60527187012181,3.3173951994782453],[-76.60534533242155,3.362612353537311]]]}},{"type":"Feature","properties":{"v":40.1,"clase":"DEFICIT_MODERADO","periodo":"1–15 ago 2026","metodo":"IDW 6 estaciones CVC"},"geometry":{"type":"Polygon","coordinates":[[[-76.5603519071543,3.3626856438958552],[-76.51535750964767,3.3627568529347545],[-76.51528816133072,3.317537751583616],[-76.56028050173565,3.317467502166758],[-76.5603519071543,3.3626856438958552]]]}},{"type":"Feature","properties":{"v":39.7,"clase":"DEFICIT_MODERADO","periodo":"1–15 ago 2026","metodo":"IDW 6 estaciones CVC"},"geometry":{"type":"Polygon","coordinates":[[[-76.51528816133072,3.317537751583616],[-76.51535750964767,3.3627568529347545],[-76.47036216791042,3.362825980434494],[-76.47029487690938,3.3176059475122726],[-76.47250119309561,3.3176026513326766],[-76.4734,3.3195999999999994],[-76.47620000000002,3.3206],[-76.4784,3.3192999999999997],[-76.47832891306392,3.317593921104827],[-76.51528816133072,3.317537751583616]]]}},{"type":"Feature","properties":{"v":37.0,"clase":"DEFICIT_MODERADO","periodo":"1–15 ago 2026","metodo":"IDW 6 estaciones CVC"},"geometry":{"type":"Polygon","coordinates":[[[-76.47029487690938,3.3176059475122726],[-76.47036216791042,3.362825980434494],[-76.42536590995422,3.3628930261819643],[-76.42530067647695,3.317672089742504],[-76.44826832814346,3.3176385836873936],[-76.4538,3.3239999999999994],[-76.45610000000002,3.325699999999999],[-76.4571,3.3255999999999997],[-76.4562,3.3270999999999997],[-76.4571,3.3286],[-76.4601119047619,3.3288738095238086],[-76.4588,3.3247999999999993],[-76.4616,3.3217999999999996],[-76.46090332046191,3.317619922970814],[-76.46443417130179,3.3176146792587224],[-76.4663,3.3206],[-76.4679,3.3203999999999994],[-76.46772829093392,3.3176097757079606],[-76.47029487690938,3.3176059475122726]],[[-76.4607,3.3307000000000007],[-76.46038979591837,3.3297367346938924],[-76.46036208000001,3.3320094399999913],[-76.4607,3.3307000000000007]]]}},{"type":"Feature","properties":{"v":33.4,"clase":"DEFICIT_ALTO","periodo":"1–15 ago 2026","metodo":"IDW 6 estaciones CVC"},"geometry":{"type":"Polygon","coordinates":[[[-76.42536590995422,3.3628930261819643],[-76.38036876379361,3.3629579899704645],[-76.38030558804167,3.317736178070404],[-76.42530067647695,3.317672089742504],[-76.42536590995422,3.3628930261819643]]]}},{"type":"Feature","properties":{"v":29.9,"clase":"DEFICIT_ALTO","periodo":"1–15 ago 2026","metodo":"IDW 6 estaciones CVC"},"geometry":{"type":"Polygon","coordinates":[[[-76.38036876379361,3.3629579899704645],[-76.3353707574459,3.363020871599701],[-76.33530963961444,3.3177982122983902],[-76.38030558804167,3.317736178070404],[-76.38036876379361,3.3629579899704645]]]}},{"type":"Feature","properties":{"v":26.9,"clase":"DEFICIT_ALTO","periodo":"1–15 ago 2026","metodo":"IDW 6 estaciones CVC"},"geometry":{"type":"Polygon","coordinates":[[[-76.3353707574459,3.363020871599701],[-76.29037191893106,3.3630816708757947],[-76.29031285920892,3.3178581922352035],[-76.33530963961444,3.3177982122983902],[-76.3353707574459,3.363020871599701]],[[-76.2917,3.3584999999999994],[-76.2907,3.3567000000000005],[-76.29066875,3.3567187500000015],[-76.2917,3.3584999999999994]]]}},{"type":"Feature","properties":{"v":24.6,"clase":"DEFICIT_ALTO","periodo":"1–15 ago 2026","metodo":"IDW 6 estaciones CVC"},"geometry":{"type":"Polygon","coordinates":[[[-76.29037191893106,3.3630816708757947],[-76.24537227627164,3.363140387611275],[-76.24531527484132,3.3179161176959124],[-76.29031285920892,3.3178581922352035],[-76.29037191893106,3.3630816708757947]],[[-76.2877,3.3571],[-76.2875,3.355999999999999],[-76.2858052631579,3.3547842105263195],[-76.2877,3.3571]],[[-76.28312999999999,3.3528649999999947],[-76.2829,3.3527],[-76.28277647058823,3.3526882352941176],[-76.28312999999999,3.3528649999999947]],[[-76.28114054054055,3.3525324324324326],[-76.2808,3.3524999999999996],[-76.2807924050633,3.352575949367088],[-76.28114054054055,3.3525324324324326]],[[-76.2703,3.3524],[-76.26905498489427,3.353836555891241],[-76.2692,3.3539],[-76.2703,3.3524]],[[-76.26223529411764,3.353535294117646],[-76.262,3.3535999999999997],[-76.25836000000015,3.356979999999862],[-76.26223529411764,3.353535294117646]],[[-76.2579922746781,3.3573214592274785],[-76.2578,3.3574999999999995],[-76.2571,3.3598],[-76.2579922746781,3.3573214592274785]]]}},{"type":"Feature","properties":{"v":22.9,"clase":"DEFICIT_ALTO","periodo":"1–15 ago 2026","metodo":"IDW 6 estaciones CVC"},"geometry":{"type":"Polygon","coordinates":[[[-76.24537227627164,3.363140387611275],[-76.20037185749275,3.3631970216250853],[-76.20031691453038,3.317971988501909],[-76.24531527484132,3.3179161176959124],[-76.24537227627164,3.363140387611275]]]}},{"type":"Feature","properties":{"v":21.6,"clase":"DEFICIT_ALTO","periodo":"1–15 ago 2026","metodo":"IDW 6 estaciones CVC"},"geometry":{"type":"Polygon","coordinates":[[[-76.20037185749275,3.3631970216250853],[-76.15537069062188,3.3632515727425867],[-76.1553178062972,3.3180258044809174],[-76.20031691453038,3.317971988501909],[-76.20037185749275,3.3631970216250853]],[[-76.1994,3.3552],[-76.192,3.3553999999999995],[-76.19131267605633,3.3555718309859164],[-76.1994,3.3552]],[[-76.18127671232877,3.3580808219178104],[-76.1812,3.3581],[-76.1784,3.3622999999999994],[-76.18127671232877,3.3580808219178104]]]}},{"type":"Feature","properties":{"v":20.6,"clase":"DEFICIT_ALTO","periodo":"1–15 ago 2026","metodo":"IDW 6 estaciones CVC"},"geometry":{"type":"Polygon","coordinates":[[[-76.15537069062188,3.3632515727425867],[-76.11036880368881,3.3633040407955535],[-76.1103179781653,3.318077565466987],[-76.1553178062972,3.3180258044809174],[-76.15537069062188,3.3632515727425867]]]}},{"type":"Feature","properties":{"v":19.9,"clase":"DEFICIT_EXTREMO","periodo":"1–15 ago 2026","metodo":"IDW 6 estaciones CVC"},"geometry":{"type":"Polygon","coordinates":[[[-76.11036880368881,3.3633040407955535],[-76.06536622472568,3.36335442562218],[-76.06531745816037,3.3181272713005003],[-76.1103179781653,3.318077565466987],[-76.11036880368881,3.3633040407955535]]]}},{"type":"Feature","properties":{"v":19.6,"clase":"DEFICIT_EXTREMO","periodo":"1–15 ago 2026","metodo":"IDW 6 estaciones CVC"},"geometry":{"type":"Polygon","coordinates":[[[-76.06531745816037,3.3181272713005003],[-76.06536622472568,3.36335442562218],[-76.04954426536678,3.3633716447046833],[-76.0511,3.3618999999999994],[-76.0594,3.3565999999999994],[-76.0602,3.3548999999999993],[-76.06218964941569,3.355077295492488],[-76.0612,3.3545],[-76.0619,3.3517],[-76.0614,3.3505000000000003],[-76.0554,3.3484],[-76.0536,3.3423999999999996],[-76.0546,3.3401999999999994],[-76.0519,3.3357],[-76.0571,3.3275999999999994],[-76.0496,3.3239],[-76.048,3.3204],[-76.0449,3.3190999999999997],[-76.04463723427605,3.318149424352533],[-76.06531745816037,3.3181272713005003]]]}},{"type":"Feature","properties":{"v":25.1,"clase":"DEFICIT_ALTO","periodo":"1–15 ago 2026","metodo":"IDW 6 estaciones CVC"},"geometry":{"type":"Polygon","coordinates":[[[-77.37016755008233,3.4062442494261433],[-77.37005768489267,3.3610482192475213],[-77.41370436346944,3.360940800226229],[-77.4136,3.3614],[-77.4063,3.372299999999999],[-77.407,3.3734000000000006],[-77.4081,3.3727],[-77.4085,3.3743999999999996],[-77.4064,3.3839],[-77.4,3.3926],[-77.3895,3.4020000000000006],[-77.38713184261088,3.406202173681727],[-77.37016755008233,3.4062442494261433]]]}},{"type":"Feature","properties":{"v":25.1,"clase":"DEFICIT_ALTO","periodo":"1–15 ago 2026","metodo":"IDW 6 estaciones CVC"},"geometry":{"type":"Polygon","coordinates":[[[-77.37016755008233,3.4062442494261433],[-77.32519285484653,3.4063543465105472],[-77.32508506976059,3.3611568522555273],[-77.37005768489267,3.3610482192475213],[-77.37016755008233,3.4062442494261433]]]}},{"type":"Feature","properties":{"v":25.0,"clase":"DEFICIT_ALTO","periodo":"1–15 ago 2026","metodo":"IDW 6 estaciones CVC"},"geometry":{"type":"Polygon","coordinates":[[[-77.32519285484653,3.4063543465105472],[-77.28021671142439,3.40646233899868],[-77.28011100677479,3.3612634086539797],[-77.32508506976059,3.3611568522555273],[-77.32519285484653,3.4063543465105472]]]}},{"type":"Feature","properties":{"v":24.8,"clase":"DEFICIT_ALTO","periodo":"1–15 ago 2026","metodo":"IDW 6 estaciones CVC"},"geometry":{"type":"Polygon","coordinates":[[[-77.28021671142439,3.40646233899868],[-77.23523914776777,3.406568226557976],[-77.23513552388071,3.3613678881147524],[-77.28011100677479,3.3612634086539797],[-77.28021671142439,3.40646233899868]]]}},{"type":"Feature","properties":{"v":24.5,"clase":"DEFICIT_ALTO","periodo":"1–15 ago 2026","metodo":"IDW 6 estaciones CVC"},"geometry":{"type":"Polygon","coordinates":[[[-77.23523914776777,3.406568226557976],[-77.19026019183292,3.4066720088623264],[-77.19015864902825,3.361470290316092],[-77.23513552388071,3.3613678881147524],[-77.23523914776777,3.406568226557976]]]}},{"type":"Feature","properties":{"v":24.2,"clase":"DEFICIT_ALTO","periodo":"1–15 ago 2026","metodo":"IDW 6 estaciones CVC"},"geometry":{"type":"Polygon","coordinates":[[[-77.19026019183292,3.4066720088623264],[-77.14527987158043,3.406773685592083],[-77.14518041017155,3.361570614942617],[-77.19015864902825,3.361470290316092],[-77.19026019183292,3.4066720088623264]]]}},{"type":"Feature","properties":{"v":23.8,"clase":"DEFICIT_ALTO","periodo":"1–15 ago 2026","metodo":"IDW 6 estaciones CVC"},"geometry":{"type":"Polygon","coordinates":[[[-77.14527987158043,3.406773685592083],[-77.10029821497517,3.4068732564340616],[-77.10020083526908,3.3616688616853256],[-77.14518041017155,3.361570614942617],[-77.14527987158043,3.406773685592083]]]}},{"type":"Feature","properties":{"v":23.3,"clase":"DEFICIT_ALTO","periodo":"1–15 ago 2026","metodo":"IDW 6 estaciones CVC"},"geometry":{"type":"Polygon","coordinates":[[[-77.10029821497517,3.4068732564340616],[-77.0553152499861,3.4069707210815414],[-77.05521995228344,3.3617650302415902],[-77.10020083526908,3.3616688616853256],[-77.10029821497517,3.4068732564340616]]]}},{"type":"Feature","properties":{"v":22.7,"clase":"DEFICIT_ALTO","periodo":"1–15 ago 2026","metodo":"IDW 6 estaciones CVC"},"geometry":{"type":"Polygon","coordinates":[[[-77.0553152499861,3.4069707210815414],[-77.01033100458629,3.407066079234268],[-77.01023778918126,3.361859120315168],[-77.05521995228344,3.3617650302415902],[-77.0553152499861,3.4069707210815414]]]}},{"type":"Feature","properties":{"v":22.2,"clase":"DEFICIT_ALTO","periodo":"1–15 ago 2026","metodo":"IDW 6 estaciones CVC"},"geometry":{"type":"Polygon","coordinates":[[[-77.01033100458629,3.407066079234268],[-76.96534550675283,3.4071593305984584],[-76.96525437393323,3.361951131616196],[-77.01023778918126,3.361859120315168],[-77.01033100458629,3.407066079234268]]]}},{"type":"Feature","properties":{"v":21.7,"clase":"DEFICIT_ALTO","periodo":"1–15 ago 2026","metodo":"IDW 6 estaciones CVC"},"geometry":{"type":"Polygon","coordinates":[[[-76.96534550675283,3.4071593305984584],[-76.92035878446667,3.407250474886799],[-76.92026973451387,3.362041063861199],[-76.96525437393323,3.361951131616196],[-76.96534550675283,3.4071593305984584]]]}},{"type":"Feature","properties":{"v":21.4,"clase":"DEFICIT_ALTO","periodo":"1–15 ago 2026","metodo":"IDW 6 estaciones CVC"},"geometry":{"type":"Polygon","coordinates":[[[-76.92035878446667,3.407250474886799],[-76.87537086571255,3.407339511818452],[-76.87528389890154,3.3621289167730857],[-76.92026973451387,3.362041063861199],[-76.92035878446667,3.407250474886799]]]}},{"type":"Feature","properties":{"v":21.5,"clase":"DEFICIT_ALTO","periodo":"1–15 ago 2026","metodo":"IDW 6 estaciones CVC"},"geometry":{"type":"Polygon","coordinates":[[[-76.87537086571255,3.407339511818452],[-76.83038177847902,3.407426441119053],[-76.83029689507833,3.3622146900811574],[-76.87528389890154,3.3621289167730857],[-76.87537086571255,3.407339511818452]]]}},{"type":"Feature","properties":{"v":22.1,"clase":"DEFICIT_ALTO","periodo":"1–15 ago 2026","metodo":"IDW 6 estaciones CVC"},"geometry":{"type":"Polygon","coordinates":[[[-76.83038177847902,3.407426441119053],[-76.78539155075816,3.4075112625207185],[-76.78530875102996,3.362298383521106],[-76.83029689507833,3.3622146900811574],[-76.83038177847902,3.407426441119053]]]}},{"type":"Feature","properties":{"v":23.5,"clase":"DEFICIT_ALTO","periodo":"1–15 ago 2026","metodo":"IDW 6 estaciones CVC"},"geometry":{"type":"Polygon","coordinates":[[[-76.78539155075816,3.4075112625207185],[-76.7404002105457,3.4075939757620426],[-76.74031949474569,3.3623799968350165],[-76.78530875102996,3.362298383521106],[-76.78539155075816,3.4075112625207185]]]}},{"type":"Feature","properties":{"v":26.0,"clase":"DEFICIT_ALTO","periodo":"1–15 ago 2026","metodo":"IDW 6 estaciones CVC"},"geometry":{"type":"Polygon","coordinates":[[[-76.7404002105457,3.4075939757620426],[-76.69540778584076,3.407674580588102],[-76.69532915421824,3.3624595297713693],[-76.74031949474569,3.3623799968350165],[-76.7404002105457,3.4075939757620426]]]}},{"type":"Feature","properties":{"v":30.0,"clase":"DEFICIT_ALTO","periodo":"1–15 ago 2026","metodo":"IDW 6 estaciones CVC"},"geometry":{"type":"Polygon","coordinates":[[[-76.69540778584076,3.407674580588102],[-76.65041430464588,3.407753076750459],[-76.65033775744372,3.3625369820850413],[-76.69532915421824,3.3624595297713693],[-76.69540778584076,3.407674580588102]],[[-76.6911,3.3827999999999996],[-76.6937,3.3785],[-76.69370561797754,3.378457303370764],[-76.6911,3.3827999999999996]],[[-76.6877,3.3962999999999997],[-76.68783766519823,3.3964651982378764],[-76.6897,3.3897999999999997],[-76.6877,3.3962999999999997]],[[-76.6887,3.3975],[-76.69138073047858,3.398279848866497],[-76.68804628378379,3.396715540540546],[-76.6887,3.3975]]]}},{"type":"Feature","properties":{"v":35.1,"clase":"DEFICIT_MODERADO","periodo":"1–15 ago 2026","metodo":"IDW 6 estaciones CVC"},"geometry":{"type":"Polygon","coordinates":[[[-76.65041430464588,3.407753076750459],[-76.60541979496688,3.4078294640071585],[-76.60534533242155,3.362612353537311],[-76.65033775744372,3.3625369820850413],[-76.65041430464588,3.407753076750459]]]}},{"type":"Feature","properties":{"v":40.5,"clase":"DEFICIT_MODERADO","periodo":"1–15 ago 2026","metodo":"IDW 6 estaciones CVC"},"geometry":{"type":"Polygon","coordinates":[[[-76.60541979496688,3.4078294640071585],[-76.56042428481278,3.407903742122734],[-76.5603519071543,3.3626856438958552],[-76.60534533242155,3.362612353537311],[-76.60541979496688,3.4078294640071585]]]}},{"type":"Feature","properties":{"v":43.6,"clase":"DEFICIT_MODERADO","periodo":"1–15 ago 2026","metodo":"IDW 6 estaciones CVC"},"geometry":{"type":"Polygon","coordinates":[[[-76.56042428481278,3.407903742122734],[-76.51542780219573,3.40797591086821],[-76.51535750964767,3.3627568529347545],[-76.5603519071543,3.3626856438958552],[-76.56042428481278,3.407903742122734]]]}},{"type":"Feature","properties":{"v":42.8,"clase":"DEFICIT_MODERADO","periodo":"1–15 ago 2026","metodo":"IDW 6 estaciones CVC"},"geometry":{"type":"Polygon","coordinates":[[[-76.51542780219573,3.40797591086821],[-76.47043037513089,3.408045970021101],[-76.47036216791042,3.362825980434494],[-76.51535750964767,3.3627568529347545],[-76.51542780219573,3.40797591086821]]]}},{"type":"Feature","properties":{"v":38.8,"clase":"DEFICIT_MODERADO","periodo":"1–15 ago 2026","metodo":"IDW 6 estaciones CVC"},"geometry":{"type":"Polygon","coordinates":[[[-76.47043037513089,3.408045970021101],[-76.42543203163636,3.408113919365414],[-76.42536590995422,3.3628930261819643],[-76.47036216791042,3.362825980434494],[-76.47043037513089,3.408045970021101]]]}},{"type":"Feature","properties":{"v":33.8,"clase":"DEFICIT_ALTO","periodo":"1–15 ago 2026","metodo":"IDW 6 estaciones CVC"},"geometry":{"type":"Polygon","coordinates":[[[-76.42543203163636,3.408113919365414],[-76.38043279973313,3.4081797586916496],[-76.38036876379361,3.3629579899704645],[-76.42536590995422,3.3628930261819643],[-76.42543203163636,3.408113919365414]]]}},{"type":"Feature","properties":{"v":29.4,"clase":"DEFICIT_ALTO","periodo":"1–15 ago 2026","metodo":"IDW 6 estaciones CVC"},"geometry":{"type":"Polygon","coordinates":[[[-76.38043279973313,3.4081797586916496],[-76.33543270744492,3.4082434877968053],[-76.3353707574459,3.363020871599701],[-76.38036876379361,3.3629579899704645],[-76.38043279973313,3.4081797586916496]]]}},{"type":"Feature","properties":{"v":26.0,"clase":"DEFICIT_ALTO","periodo":"1–15 ago 2026","metodo":"IDW 6 estaciones CVC"},"geometry":{"type":"Polygon","coordinates":[[[-76.33543270744492,3.4082434877968053],[-76.29043178279817,3.408305106484377],[-76.29037191893106,3.3630816708757947],[-76.3353707574459,3.363020871599701],[-76.33543270744492,3.4082434877968053]],[[-76.33234235294117,3.3918576470588233],[-76.3329,3.3919000000000006],[-76.33272857142856,3.3914714285714274],[-76.33234235294117,3.3918576470588233]],[[-76.32001430801247,3.377715452653487],[-76.32,3.377699999999999],[-76.314,3.3788000000000005],[-76.32001430801247,3.377715452653487]],[[-76.3043,3.3672999999999993],[-76.30222770448549,3.3667572559366747],[-76.3031,3.3673999999999995],[-76.3043,3.3672999999999993]],[[-76.29925,3.3659999999999997],[-76.2985172413793,3.365827586206895],[-76.2986,3.366],[-76.29925,3.3659999999999997]],[[-76.29841793103448,3.3656206896551857],[-76.2985,3.3648],[-76.2974139805825,3.36352912621357],[-76.29841793103448,3.3656206896551857]]]}},{"type":"Feature","properties":{"v":23.6,"clase":"DEFICIT_ALTO","periodo":"1–15 ago 2026","metodo":"IDW 6 estaciones CVC"},"geometry":{"type":"Polygon","coordinates":[[[-76.29043178279817,3.408305106484377],[-76.24543005382185,3.4083646145643582],[-76.24537227627164,3.363140387611275],[-76.29037191893106,3.3630816708757947],[-76.29043178279817,3.408305106484377]]]}},{"type":"Feature","properties":{"v":21.9,"clase":"DEFICIT_ALTO","periodo":"1–15 ago 2026","metodo":"IDW 6 estaciones CVC"},"geometry":{"type":"Polygon","coordinates":[[[-76.24543005382185,3.4083646145643582],[-76.20042754854751,3.4084220118532436],[-76.20037185749275,3.3631970216250853],[-76.24537227627164,3.363140387611275],[-76.24543005382185,3.4083646145643582]]]}},{"type":"Feature","properties":{"v":20.6,"clase":"DEFICIT_ALTO","periodo":"1–15 ago 2026","metodo":"IDW 6 estaciones CVC"},"geometry":{"type":"Polygon","coordinates":[[[-76.20042754854751,3.4084220118532436],[-76.15542429500907,3.4084772981740272],[-76.15537069062188,3.3632515727425867],[-76.20037185749275,3.3631970216250853],[-76.20042754854751,3.4084220118532436]],[[-76.17224603481625,3.3644959381044486],[-76.1722,3.3644999999999996],[-76.1705,3.367599999999999],[-76.17224603481625,3.3644959381044486]]]}},{"type":"Feature","properties":{"v":19.8,"clase":"DEFICIT_EXTREMO","periodo":"1–15 ago 2026","metodo":"IDW 6 estaciones CVC"},"geometry":{"type":"Polygon","coordinates":[[[-76.11036880368881,3.3633040407955535],[-76.15537069062188,3.3632515727425867],[-76.15542429500907,3.4084772981740272],[-76.1104203212428,3.40853047335621],[-76.11039645200242,3.3876515587319127],[-76.11684375000002,3.3836112499999986],[-76.1164,3.3836999999999997],[-76.11039633978974,3.3875530983095246],[-76.11036880368881,3.3633040407955535]],[[-76.1229,3.382399999999999],[-76.11851111111112,3.383277777777778],[-76.1201,3.3834],[-76.1229,3.382399999999999]]]}},{"type":"Feature","properties":{"v":19.1,"clase":"DEFICIT_EXTREMO","periodo":"1–15 ago 2026","metodo":"IDW 6 estaciones CVC"},"geometry":{"type":"Polygon","coordinates":[[[-76.1104203212428,3.40853047335621],[-76.0654156552872,3.4085815372357957],[-76.06536622472568,3.36335442562218],[-76.11036880368881,3.3633040407955535],[-76.11039633978974,3.3875530983095246],[-76.10977542829173,3.3879515907978455],[-76.11,3.3878999999999997],[-76.11039645200242,3.3876515587319127],[-76.1104203212428,3.40853047335621]],[[-76.08801338333991,3.3875003553099092],[-76.0883,3.3877999999999995],[-76.0989,3.3878],[-76.1026,3.3896],[-76.0993,3.3877999999999995],[-76.08801338333991,3.3875003553099092]],[[-76.08785999999989,3.3873399999998806],[-76.08606896551724,3.385293103448286],[-76.0861,3.3855000000000004],[-76.08785999999989,3.3873399999998806]]]}},{"type":"Feature","properties":{"v":18.8,"clase":"DEFICIT_EXTREMO","periodo":"1–15 ago 2026","metodo":"IDW 6 estaciones CVC"},"geometry":{"type":"Polygon","coordinates":[[[-76.06536622472568,3.36335442562218],[-76.0654156552872,3.4085815372357957],[-76.04253917947219,3.408606683998166],[-76.043,3.3981],[-76.0419,3.395],[-76.0374,3.3948000000000005],[-76.0355,3.3924],[-76.0297,3.3933000000000004],[-76.0292,3.3891000000000004],[-76.0316,3.3821],[-76.0358,3.3778999999999995],[-76.0396,3.3787000000000003],[-76.0414,3.3781999999999996],[-76.0472,3.3743],[-76.0497,3.3698999999999995],[-76.0477,3.367100000000001],[-76.0474,3.3653999999999997],[-76.04954426536678,3.3633716447046833],[-76.06536622472568,3.36335442562218]]]}},{"type":"Feature","properties":{"v":25.4,"clase":"DEFICIT_ALTO","periodo":"1–15 ago 2026","metodo":"IDW 6 estaciones CVC"},"geometry":{"type":"Polygon","coordinates":[[[-77.37016755008233,3.4062442494261433],[-77.38713184261088,3.406202173681727],[-77.3762,3.4256000000000006],[-77.3709,3.4395],[-77.37025149539332,3.4403749704825177],[-77.37016755008233,3.4062442494261433]]]}},{"type":"Feature","properties":{"v":25.5,"clase":"DEFICIT_ALTO","periodo":"1–15 ago 2026","metodo":"IDW 6 estaciones CVC"},"geometry":{"type":"Polygon","coordinates":[[[-77.32530208811954,3.451551794842683],[-77.32519285484653,3.4063543465105472],[-77.37016755008233,3.4062442494261433],[-77.37025149539332,3.4403749704825177],[-77.3646,3.4479999999999995],[-77.3625,3.4496],[-77.3617,3.4493],[-77.363,3.4419],[-77.3615,3.4333],[-77.36210000000001,3.4305999999999996],[-77.3638,3.4291],[-77.364,3.4268],[-77.36600000000001,3.4249999999999994],[-77.3637,3.4250000000000003],[-77.3641,3.4216999999999995],[-77.3633,3.4214999999999995],[-77.36340000000001,3.4251000000000005],[-77.36210000000001,3.4262000000000006],[-77.3628,3.4241],[-77.3624,3.4209999999999994],[-77.3638,3.4196999999999993],[-77.3612,3.4143],[-77.3557,3.4102999999999994],[-77.3505,3.4163],[-77.3463,3.4194999999999998],[-77.3446,3.4199999999999995],[-77.3434,3.4189999999999996],[-77.3416,3.4213999999999998],[-77.3325,3.4266],[-77.3348,3.4316],[-77.3379,3.4354999999999998],[-77.337,3.4487],[-77.34312615061512,3.4515078392289724],[-77.32530208811954,3.451551794842683]]]}},{"type":"Feature","properties":{"v":25.5,"clase":"DEFICIT_ALTO","periodo":"1–15 ago 2026","metodo":"IDW 6 estaciones CVC"},"geometry":{"type":"Polygon","coordinates":[[[-77.32530208811954,3.451551794842683],[-77.28032383630921,3.451661223548536],[-77.28021671142439,3.40646233899868],[-77.32519285484653,3.4063543465105472],[-77.32530208811954,3.451551794842683]]]}},{"type":"Feature","properties":{"v":25.3,"clase":"DEFICIT_ALTO","periodo":"1–15 ago 2026","metodo":"IDW 6 estaciones CVC"},"geometry":{"type":"Polygon","coordinates":[[[-77.28032383630921,3.451661223548536],[-77.23534416393377,3.4517685193319094],[-77.23523914776777,3.406568226557976],[-77.28021671142439,3.40646233899868],[-77.28032383630921,3.451661223548536]]]}},{"type":"Feature","properties":{"v":25.1,"clase":"DEFICIT_ALTO","periodo":"1–15 ago 2026","metodo":"IDW 6 estaciones CVC"},"geometry":{"type":"Polygon","coordinates":[[[-77.23534416393377,3.4517685193319094],[-77.19036309895594,3.451873681862342],[-77.19026019183292,3.4066720088623264],[-77.23523914776777,3.406568226557976],[-77.23534416393377,3.4517685193319094]]]}},{"type":"Feature","properties":{"v":24.7,"clase":"DEFICIT_ALTO","periodo":"1–15 ago 2026","metodo":"IDW 6 estaciones CVC"},"geometry":{"type":"Polygon","coordinates":[[[-77.19036309895594,3.451873681862342],[-77.14538066934281,3.4519767108159165],[-77.14527987158043,3.406773685592083],[-77.19026019183292,3.4066720088623264],[-77.19036309895594,3.451873681862342]]]}},{"type":"Feature","properties":{"v":24.2,"clase":"DEFICIT_ALTO","periodo":"1–15 ago 2026","metodo":"IDW 6 estaciones CVC"},"geometry":{"type":"Polygon","coordinates":[[[-77.14538066934281,3.4519767108159165],[-77.1003969030657,3.452077605875264],[-77.10029821497517,3.4068732564340616],[-77.14527987158043,3.406773685592083],[-77.14538066934281,3.4519767108159165]]]}},{"type":"Feature","properties":{"v":23.6,"clase":"DEFICIT_ALTO","periodo":"1–15 ago 2026","metodo":"IDW 6 estaciones CVC"},"geometry":{"type":"Polygon","coordinates":[[[-77.1003969030657,3.452077605875264],[-77.05541182810013,3.452176366729568],[-77.0553152499861,3.4069707210815414],[-77.10029821497517,3.4068732564340616],[-77.1003969030657,3.452077605875264]]]}},{"type":"Feature","properties":{"v":22.8,"clase":"DEFICIT_ALTO","periodo":"1–15 ago 2026","metodo":"IDW 6 estaciones CVC"},"geometry":{"type":"Polygon","coordinates":[[[-77.05541182810013,3.452176366729568],[-77.01042547242562,3.452272993074566],[-77.01033100458629,3.407066079234268],[-77.0553152499861,3.4069707210815414],[-77.05541182810013,3.452176366729568]]]}},{"type":"Feature","properties":{"v":22.0,"clase":"DEFICIT_ALTO","periodo":"1–15 ago 2026","metodo":"IDW 6 estaciones CVC"},"geometry":{"type":"Polygon","coordinates":[[[-77.01042547242562,3.452272993074566],[-76.96543786402577,3.45236748461255],[-76.96534550675283,3.4071593305984584],[-77.01033100458629,3.407066079234268],[-77.01042547242562,3.452272993074566]]]}},{"type":"Feature","properties":{"v":21.2,"clase":"DEFICIT_ALTO","periodo":"1–15 ago 2026","metodo":"IDW 6 estaciones CVC"},"geometry":{"type":"Polygon","coordinates":[[[-76.96543786402577,3.45236748461255],[-76.92044903088802,3.4524598410523697],[-76.92035878446667,3.407250474886799],[-76.96534550675283,3.4071593305984584],[-76.96543786402577,3.45236748461255]]]}},{"type":"Feature","properties":{"v":20.5,"clase":"DEFICIT_ALTO","periodo":"1–15 ago 2026","metodo":"IDW 6 estaciones CVC"},"geometry":{"type":"Polygon","coordinates":[[[-76.92044903088802,3.4524598410523697],[-76.87545900100363,3.4525500621094376],[-76.87537086571255,3.407339511818452],[-76.92035878446667,3.407250474886799],[-76.92044903088802,3.4524598410523697]]]}},{"type":"Feature","properties":{"v":20.1,"clase":"DEFICIT_ALTO","periodo":"1–15 ago 2026","metodo":"IDW 6 estaciones CVC"},"geometry":{"type":"Polygon","coordinates":[[[-76.87545900100363,3.4525500621094376],[-76.8304678023676,3.4526381475057244],[-76.83038177847902,3.407426441119053],[-76.87537086571255,3.407339511818452],[-76.87545900100363,3.4525500621094376]]]}},{"type":"Feature","properties":{"v":20.2,"clase":"DEFICIT_ALTO","periodo":"1–15 ago 2026","metodo":"IDW 6 estaciones CVC"},"geometry":{"type":"Polygon","coordinates":[[[-76.8304678023676,3.4526381475057244],[-76.78547546297858,3.452724096969769],[-76.78539155075816,3.4075112625207185],[-76.83038177847902,3.407426441119053],[-76.8304678023676,3.4526381475057244]]]}},{"type":"Feature","properties":{"v":21.2,"clase":"DEFICIT_ALTO","periodo":"1–15 ago 2026","metodo":"IDW 6 estaciones CVC"},"geometry":{"type":"Polygon","coordinates":[[[-76.78547546297858,3.452724096969769],[-76.74048201083875,3.4528079102366753],[-76.7404002105457,3.4075939757620426],[-76.78539155075816,3.4075112625207185],[-76.78547546297858,3.452724096969769]],[[-76.74850025706941,3.434490488431876],[-76.7484,3.434299999999999],[-76.7466,3.434400000000001],[-76.74850025706941,3.434490488431876]]]}},{"type":"Feature","properties":{"v":23.5,"clase":"DEFICIT_ALTO","periodo":"1–15 ago 2026","metodo":"IDW 6 estaciones CVC"},"geometry":{"type":"Polygon","coordinates":[[[-76.74048201083875,3.4528079102366753],[-76.69548747395378,3.452889587048115],[-76.69540778584076,3.407674580588102],[-76.7404002105457,3.4075939757620426],[-76.74048201083875,3.4528079102366753]],[[-76.7057,3.4276],[-76.7058323943662,3.427644131455401],[-76.7023,3.4194999999999998],[-76.7057,3.4276]],[[-76.71540897239264,3.4238911809815953],[-76.7153,3.4238],[-76.7124,3.423799999999999],[-76.71540897239264,3.4238911809815953]],[[-76.717,3.4256999999999995],[-76.7202,3.4279],[-76.71612836676218,3.424493123209165],[-76.717,3.4256999999999995]],[[-76.72528979591836,3.4281632653061207],[-76.729,3.4294000000000002],[-76.73076470588235,3.429470588235295],[-76.726,3.428200000000001],[-76.72528979591836,3.4281632653061207]],[[-76.7365,3.432500000000001],[-76.7335,3.4302],[-76.732,3.4297999999999966],[-76.7365,3.432500000000001]]]}},{"type":"Feature","properties":{"v":27.6,"clase":"DEFICIT_ALTO","periodo":"1–15 ago 2026","metodo":"IDW 6 estaciones CVC"},"geometry":{"type":"Polygon","coordinates":[[[-76.69548747395378,3.452889587048115],[-76.6504918803327,3.452969127152332],[-76.65041430464588,3.407753076750459],[-76.69540778584076,3.407674580588102],[-76.69548747395378,3.452889587048115]]]}},{"type":"Feature","properties":{"v":33.6,"clase":"DEFICIT_ALTO","periodo":"1–15 ago 2026","metodo":"IDW 6 estaciones CVC"},"geometry":{"type":"Polygon","coordinates":[[[-76.6504918803327,3.452969127152332],[-76.60549525798784,3.4530465303041407],[-76.60541979496688,3.4078294640071585],[-76.65041430464588,3.407753076750459],[-76.6504918803327,3.452969127152332]]]}},{"type":"Feature","properties":{"v":40.3,"clase":"DEFICIT_MODERADO","periodo":"1–15 ago 2026","metodo":"IDW 6 estaciones CVC"},"geometry":{"type":"Polygon","coordinates":[[[-76.60549525798784,3.4530465303041407],[-76.56049763493475,3.4531217962649308],[-76.56042428481278,3.407903742122734],[-76.60541979496688,3.4078294640071585],[-76.60549525798784,3.4530465303041407]]]}},{"type":"Feature","properties":{"v":44.5,"clase":"DEFICIT_MODERADO","periodo":"1–15 ago 2026","metodo":"IDW 6 estaciones CVC"},"geometry":{"type":"Polygon","coordinates":[[[-76.56049763493475,3.4531217962649308],[-76.51549903919206,3.4531949248026663],[-76.51542780219573,3.40797591086821],[-76.56042428481278,3.407903742122734],[-76.56049763493475,3.4531217962649308]]]}},{"type":"Feature","properties":{"v":43.4,"clase":"DEFICIT_MODERADO","periodo":"1–15 ago 2026","metodo":"IDW 6 estaciones CVC"},"geometry":{"type":"Polygon","coordinates":[[[-76.51549903919206,3.4531949248026663],[-76.4704994987815,3.453265915691893],[-76.47043037513089,3.408045970021101],[-76.51542780219573,3.40797591086821],[-76.51549903919206,3.4531949248026663]],[[-76.4757528397566,3.451909127789047],[-76.4757528397566,3.4519091277890466],[-76.4727,3.4525],[-76.4757528397566,3.451909127789047]],[[-76.4751,3.4433],[-76.47490408163266,3.443112244897965],[-76.47506363636363,3.4435909090908976],[-76.4751,3.4433]]]}},{"type":"Feature","properties":{"v":38.3,"clase":"DEFICIT_MODERADO","periodo":"1–15 ago 2026","metodo":"IDW 6 estaciones CVC"},"geometry":{"type":"Polygon","coordinates":[[[-76.4704994987815,3.453265915691893],[-76.42549904172768,3.453334768713731],[-76.42543203163636,3.408113919365414],[-76.47043037513089,3.408045970021101],[-76.4704994987815,3.453265915691893]],[[-76.46046508172363,3.4299994056463623],[-76.46017597402597,3.4280201298701307],[-76.4601,3.4284],[-76.46046508172363,3.4299994056463623]],[[-76.4658,3.4404999999999997],[-76.4620682146219,3.43702265453404],[-76.4622,3.437600000000001],[-76.4658,3.4404999999999997]]]}},{"type":"Feature","properties":{"v":32.4,"clase":"DEFICIT_ALTO","periodo":"1–15 ago 2026","metodo":"IDW 6 estaciones CVC"},"geometry":{"type":"Polygon","coordinates":[[[-76.42549904172768,3.453334768713731],[-76.38049769605807,3.4534014836558855],[-76.38043279973313,3.4081797586916496],[-76.42543203163636,3.408113919365414],[-76.42549904172768,3.453334768713731]]]}},{"type":"Feature","properties":{"v":27.6,"clase":"DEFICIT_ALTO","periodo":"1–15 ago 2026","metodo":"IDW 6 estaciones CVC"},"geometry":{"type":"Polygon","coordinates":[[[-76.38049769605807,3.4534014836558855],[-76.33549548980295,3.4534660603126417],[-76.33543270744492,3.4082434877968053],[-76.38043279973313,3.4081797586916496],[-76.38049769605807,3.4534014836558855]]]}},{"type":"Feature","properties":{"v":24.2,"clase":"DEFICIT_ALTO","periodo":"1–15 ago 2026","metodo":"IDW 6 estaciones CVC"},"geometry":{"type":"Polygon","coordinates":[[[-76.33549548980295,3.4534660603126417],[-76.29049245099525,3.4535284984848715],[-76.29043178279817,3.408305106484377],[-76.33543270744492,3.4082434877968053],[-76.33549548980295,3.4534660603126417]]]}},{"type":"Feature","properties":{"v":22.0,"clase":"DEFICIT_ALTO","periodo":"1–15 ago 2026","metodo":"IDW 6 estaciones CVC"},"geometry":{"type":"Polygon","coordinates":[[[-76.29049245099525,3.4535284984848715],[-76.24548860767051,3.4535887979800304],[-76.24543005382185,3.4083646145643582],[-76.29043178279817,3.408305106484377],[-76.29049245099525,3.4535284984848715]]]}},{"type":"Feature","properties":{"v":20.4,"clase":"DEFICIT_ALTO","periodo":"1–15 ago 2026","metodo":"IDW 6 estaciones CVC"},"geometry":{"type":"Polygon","coordinates":[[[-76.24548860767051,3.4535887979800304],[-76.20048398786676,3.4536469586121616],[-76.20042754854751,3.4084220118532436],[-76.24543005382185,3.4083646145643582],[-76.24548860767051,3.4535887979800304]]]}},{"type":"Feature","properties":{"v":19.4,"clase":"DEFICIT_EXTREMO","periodo":"1–15 ago 2026","metodo":"IDW 6 estaciones CVC"},"geometry":{"type":"Polygon","coordinates":[[[-76.20048398786676,3.4536469586121616],[-76.15547861962447,3.453702980201898],[-76.15542429500907,3.4084772981740272],[-76.20042754854751,3.4084220118532436],[-76.20048398786676,3.4536469586121616]]]}},{"type":"Feature","properties":{"v":18.7,"clase":"DEFICIT_EXTREMO","periodo":"1–15 ago 2026","metodo":"IDW 6 estaciones CVC"},"geometry":{"type":"Polygon","coordinates":[[[-76.15547861962447,3.453702980201898],[-76.11047253098644,3.4537568625764608],[-76.1104203212428,3.40853047335621],[-76.15542429500907,3.4084772981740272],[-76.15547861962447,3.453702980201898]]]}},{"type":"Feature","properties":{"v":18.3,"clase":"DEFICIT_EXTREMO","periodo":"1–15 ago 2026","metodo":"IDW 6 estaciones CVC"},"geometry":{"type":"Polygon","coordinates":[[[-76.11047253098644,3.4537568625764608],[-76.06546574999773,3.4538086055696655],[-76.0654156552872,3.4085815372357957],[-76.1104203212428,3.40853047335621],[-76.11047253098644,3.4537568625764608]]]}},{"type":"Feature","properties":{"v":18.0,"clase":"DEFICIT_EXTREMO","periodo":"1–15 ago 2026","metodo":"IDW 6 estaciones CVC"},"geometry":{"type":"Polygon","coordinates":[[[-76.0654156552872,3.4085815372357957],[-76.06546574999773,3.4538086055696655],[-76.02841163109468,3.453849599221919],[-76.0287,3.452599999999999],[-76.0369,3.4526999999999997],[-76.0371,3.4448],[-76.0382,3.4410000000000003],[-76.0414,3.4376000000000007],[-76.0415,3.4287999999999994],[-76.0396,3.425],[-76.038,3.4191000000000007],[-76.0425,3.409499999999999],[-76.04253917947219,3.408606683998166],[-76.0654156552872,3.4085815372357957]]]}},{"type":"Feature","properties":{"v":26.2,"clase":"DEFICIT_ALTO","periodo":"1–15 ago 2026","metodo":"IDW 6 estaciones CVC"},"geometry":{"type":"Polygon","coordinates":[[[-77.32541276991675,3.4967491966449344],[-77.32530208811954,3.451551794842683],[-77.34312615061512,3.4515078392289724],[-77.3466,3.4531],[-77.3482,3.4562],[-77.3514,3.4575000000000005],[-77.3519,3.4589],[-77.358,3.4611],[-77.36,3.463199999999999],[-77.3645,3.4654],[-77.37032905981697,3.471611297287145],[-77.37034040454269,3.4761563114611835],[-77.3691,3.4797999999999996],[-77.36530000000002,3.4855],[-77.35442017080999,3.4966765529900234],[-77.32541276991675,3.4967491966449344]]]}},{"type":"Feature","properties":{"v":26.1,"clase":"DEFICIT_ALTO","periodo":"1–15 ago 2026","metodo":"IDW 6 estaciones CVC"},"geometry":{"type":"Polygon","coordinates":[[[-77.32541276991675,3.4967491966449344],[-77.28043238175991,3.4968600616982637],[-77.28032383630921,3.451661223548536],[-77.32530208811954,3.451551794842683],[-77.32541276991675,3.4967491966449344]]]}},{"type":"Feature","properties":{"v":26.0,"clase":"DEFICIT_ALTO","periodo":"1–15 ago 2026","metodo":"IDW 6 estaciones CVC"},"geometry":{"type":"Polygon","coordinates":[[[-77.28043238175991,3.4968600616982637],[-77.23545057270287,3.4969687658329547],[-77.23534416393377,3.4517685193319094],[-77.28032383630921,3.451661223548536],[-77.28043238175991,3.4968600616982637]]]}},{"type":"Feature","properties":{"v":25.8,"clase":"DEFICIT_ALTO","periodo":"1–15 ago 2026","metodo":"IDW 6 estaciones CVC"},"geometry":{"type":"Polygon","coordinates":[[[-77.23545057270287,3.4969687658329547],[-77.19046737071497,3.4970753087141895],[-77.19036309895594,3.451873681862342],[-77.23534416393377,3.4517685193319094],[-77.23545057270287,3.4969687658329547]]]}},{"type":"Feature","properties":{"v":25.4,"clase":"DEFICIT_ALTO","periodo":"1–15 ago 2026","metodo":"IDW 6 estaciones CVC"},"geometry":{"type":"Polygon","coordinates":[[[-77.19046737071497,3.4970753087141895],[-77.14548280376985,3.4971796900137817],[-77.14538066934281,3.4519767108159165],[-77.19036309895594,3.451873681862342],[-77.19046737071497,3.4970753087141895]]]}},{"type":"Feature","properties":{"v":24.9,"clase":"DEFICIT_ALTO","periodo":"1–15 ago 2026","metodo":"IDW 6 estaciones CVC"},"geometry":{"type":"Polygon","coordinates":[[[-77.14548280376985,3.4971796900137817],[-77.10049689984542,3.4972819094101797],[-77.1003969030657,3.452077605875264],[-77.14538066934281,3.4519767108159165],[-77.14548280376985,3.4971796900137817]]]}},{"type":"Feature","properties":{"v":24.1,"clase":"DEFICIT_ALTO","periodo":"1–15 ago 2026","metodo":"IDW 6 estaciones CVC"},"geometry":{"type":"Polygon","coordinates":[[[-77.10049689984542,3.4972819094101797],[-77.05550968692376,3.4973819665884687],[-77.05541182810013,3.452176366729568],[-77.1003969030657,3.452077605875264],[-77.10049689984542,3.4972819094101797]]]}},{"type":"Feature","properties":{"v":23.2,"clase":"DEFICIT_ALTO","periodo":"1–15 ago 2026","metodo":"IDW 6 estaciones CVC"},"geometry":{"type":"Polygon","coordinates":[[[-77.05550968692376,3.4973819665884687],[-77.01052119299099,3.4974798612403752],[-77.01042547242562,3.452272993074566],[-77.05541182810013,3.452176366729568],[-77.05550968692376,3.4973819665884687]]]}},{"type":"Feature","properties":{"v":22.0,"clase":"DEFICIT_ALTO","periodo":"1–15 ago 2026","metodo":"IDW 6 estaciones CVC"},"geometry":{"type":"Polygon","coordinates":[[[-77.01052119299099,3.4974798612403752],[-76.96553144603728,3.497575593064267],[-76.96543786402577,3.45236748461255],[-77.01042547242562,3.452272993074566],[-77.01052119299099,3.4974798612403752]]]}},{"type":"Feature","properties":{"v":20.8,"clase":"DEFICIT_ALTO","periodo":"1–15 ago 2026","metodo":"IDW 6 estaciones CVC"},"geometry":{"type":"Polygon","coordinates":[[[-76.96553144603728,3.497575593064267],[-76.92054047405664,3.497669161765157],[-76.92044903088802,3.4524598410523697],[-76.96543786402577,3.45236748461255],[-76.96553144603728,3.497575593064267]]]}},{"type":"Feature","properties":{"v":19.6,"clase":"DEFICIT_EXTREMO","periodo":"1–15 ago 2026","metodo":"IDW 6 estaciones CVC"},"geometry":{"type":"Polygon","coordinates":[[[-76.92054047405664,3.497669161765157],[-76.87554830504695,3.4977605670547036],[-76.87545900100363,3.4525500621094376],[-76.92044903088802,3.4524598410523697],[-76.92054047405664,3.497669161765157]]]}},{"type":"Feature","properties":{"v":18.5,"clase":"DEFICIT_EXTREMO","periodo":"1–15 ago 2026","metodo":"IDW 6 estaciones CVC"},"geometry":{"type":"Polygon","coordinates":[[[-76.87554830504695,3.4977605670547036],[-76.83055496700977,3.4978498086512153],[-76.8304678023676,3.4526381475057244],[-76.87545900100363,3.4525500621094376],[-76.87554830504695,3.4977605670547036]]]}},{"type":"Feature","properties":{"v":17.9,"clase":"DEFICIT_EXTREMO","periodo":"1–15 ago 2026","metodo":"IDW 6 estaciones CVC"},"geometry":{"type":"Polygon","coordinates":[[[-76.83055496700977,3.4978498086512153],[-76.78556048795036,3.4979368862796507],[-76.78547546297858,3.452724096969769],[-76.8304678023676,3.4526381475057244],[-76.83055496700977,3.4978498086512153]]]}},{"type":"Feature","properties":{"v":18.0,"clase":"DEFICIT_EXTREMO","periodo":"1–15 ago 2026","metodo":"IDW 6 estaciones CVC"},"geometry":{"type":"Polygon","coordinates":[[[-76.78556048795036,3.4979368862796507],[-76.7405648958775,3.4980217996716227],[-76.74048201083875,3.4528079102366753],[-76.78547546297858,3.452724096969769],[-76.78556048795036,3.4979368862796507]]]}},{"type":"Feature","properties":{"v":19.5,"clase":"DEFICIT_EXTREMO","periodo":"1–15 ago 2026","metodo":"IDW 6 estaciones CVC"},"geometry":{"type":"Polygon","coordinates":[[[-76.7405648958775,3.4980217996716227],[-76.69556821880343,3.498104548565397],[-76.69548747395378,3.452889587048115],[-76.74048201083875,3.4528079102366753],[-76.7405648958775,3.4980217996716227]]]}},{"type":"Feature","properties":{"v":22.9,"clase":"DEFICIT_ALTO","periodo":"1–15 ago 2026","metodo":"IDW 6 estaciones CVC"},"geometry":{"type":"Polygon","coordinates":[[[-76.69556821880343,3.498104548565397],[-76.6505704847438,3.4981851327058995],[-76.6504918803327,3.452969127152332],[-76.69548747395378,3.452889587048115],[-76.69556821880343,3.498104548565397]],[[-76.6924,3.455799999999999],[-76.6912,3.457299999999999],[-76.69086292134831,3.4593224719101037],[-76.6924,3.455799999999999]],[[-76.6903282051282,3.4605478632478706],[-76.686,3.463433333333333],[-76.69,3.4613],[-76.6903282051282,3.4605478632478706]],[[-76.68588235294118,3.463496078431372],[-76.6805,3.4622999999999995],[-76.6855,3.4636999999999993],[-76.68588235294118,3.463496078431372]],[[-76.6569,3.4670000000000005],[-76.6511,3.4666999999999994],[-76.65091310240963,3.4668099397590364],[-76.6569,3.4670000000000005]]]}},{"type":"Feature","properties":{"v":28.5,"clase":"DEFICIT_ALTO","periodo":"1–15 ago 2026","metodo":"IDW 6 estaciones CVC"},"geometry":{"type":"Polygon","coordinates":[[[-76.60557172171754,3.4982635518447114],[-76.60549525798784,3.4530465303041407],[-76.6504918803327,3.452969127152332],[-76.6505704847438,3.4981851327058995],[-76.6237468572737,3.4982321389755078],[-76.62813544303796,3.488273417721528],[-76.6281,3.4882999999999997],[-76.62374379958302,3.498232144289977],[-76.60557172171754,3.4982635518447114]],[[-76.6293006006006,3.4881354354354377],[-76.6289,3.4876999999999994],[-76.62855373134329,3.4879597014925383],[-76.6293006006006,3.4881354354354377]]]}},{"type":"Feature","properties":{"v":35.0,"clase":"DEFICIT_ALTO","periodo":"1–15 ago 2026","metodo":"IDW 6 estaciones CVC"},"geometry":{"type":"Polygon","coordinates":[[[-76.60557172171754,3.4982635518447114],[-76.56057195774679,3.4983398057400787],[-76.56049763493475,3.4531217962649308],[-76.60549525798784,3.4530465303041407],[-76.60557172171754,3.4982635518447114]]]}},{"type":"Feature","properties":{"v":39.3,"clase":"DEFICIT_MODERADO","periodo":"1–15 ago 2026","metodo":"IDW 6 estaciones CVC"},"geometry":{"type":"Polygon","coordinates":[[[-76.5155712208568,3.498413894156906],[-76.51549903919206,3.4531949248026663],[-76.56049763493475,3.4531217962649308],[-76.56057195774679,3.4983398057400787],[-76.54730536023966,3.498361872904855],[-76.5466,3.4968],[-76.54561432664755,3.496122349570191],[-76.54705018592789,3.4983622955060563],[-76.54298892744283,3.498369012087887],[-76.54356710182768,3.4965060052219363],[-76.5434,3.496599999999999],[-76.54294134692455,3.4983690906727882],[-76.5155712208568,3.498413894156906]],[[-76.54555384615387,3.496080769230777],[-76.545,3.4956999999999994],[-76.54484680851064,3.4957861702127673],[-76.54555384615387,3.496080769230777]]]}},{"type":"Feature","properties":{"v":38.4,"clase":"DEFICIT_MODERADO","periodo":"1–15 ago 2026","metodo":"IDW 6 estaciones CVC"},"geometry":{"type":"Polygon","coordinates":[[[-76.5155712208568,3.498413894156906],[-76.47056953907587,3.4984858168667663],[-76.4704994987815,3.453265915691893],[-76.51549903919206,3.4531949248026663],[-76.5155712208568,3.498413894156906]],[[-76.47724895591648,3.4608835266821347],[-76.4773,3.4607999999999994],[-76.47706470588236,3.4597411764705965],[-76.47724895591648,3.4608835266821347]]]}},{"type":"Feature","properties":{"v":33.5,"clase":"DEFICIT_ALTO","periodo":"1–15 ago 2026","metodo":"IDW 6 estaciones CVC"},"geometry":{"type":"Polygon","coordinates":[[[-76.47056953907587,3.4984858168667663],[-76.42556694043523,3.4985555736478955],[-76.42549904172768,3.453334768713731],[-76.4704994987815,3.453265915691893],[-76.47056953907587,3.4984858168667663]]]}},{"type":"Feature","properties":{"v":28.2,"clase":"DEFICIT_ALTO","periodo":"1–15 ago 2026","metodo":"IDW 6 estaciones CVC"},"geometry":{"type":"Polygon","coordinates":[[[-76.42556694043523,3.4985555736478955],[-76.38056345296897,3.498623164285199],[-76.38049769605807,3.4534014836558855],[-76.42549904172768,3.453334768713731],[-76.42556694043523,3.4985555736478955]]]}},{"type":"Feature","properties":{"v":24.1,"clase":"DEFICIT_ALTO","periodo":"1–15 ago 2026","metodo":"IDW 6 estaciones CVC"},"geometry":{"type":"Polygon","coordinates":[[[-76.38056345296897,3.498623164285199],[-76.33555910471397,3.4986885885702517],[-76.33549548980295,3.4534660603126417],[-76.38049769605807,3.4534014836558855],[-76.38056345296897,3.498623164285199]]]}},{"type":"Feature","properties":{"v":21.4,"clase":"DEFICIT_ALTO","periodo":"1–15 ago 2026","metodo":"IDW 6 estaciones CVC"},"geometry":{"type":"Polygon","coordinates":[[[-76.29049245099525,3.4535284984848715],[-76.33549548980295,3.4534660603126417],[-76.33555910471397,3.4986885885702517],[-76.29055392370978,3.4987518463012988],[-76.2905192488636,3.4733156036549655],[-76.2908,3.473199999999999],[-76.29079681528663,3.4731458598726075],[-76.29051918590768,3.4732692509586],[-76.29049245099525,3.4535284984848715]],[[-76.32938196721312,3.457124590163935],[-76.3293,3.4571000000000005],[-76.3283,3.4586],[-76.32938196721312,3.457124590163935]],[[-76.3264,3.4578999999999995],[-76.32609834710745,3.4581413223140496],[-76.3283,3.4586],[-76.3264,3.4578999999999995]],[[-76.32440000000001,3.4595],[-76.325075,3.460753571428567],[-76.3252,3.4606999999999997],[-76.32440000000001,3.4595]],[[-76.32449999999999,3.4610000000000034],[-76.32375348837209,3.461248837209301],[-76.3238,3.4613000000000005],[-76.32449999999999,3.4610000000000034]],[[-76.322,3.4612999999999996],[-76.32264,3.4604200000000005],[-76.3224,3.4602],[-76.32184615384617,3.461215384615383],[-76.322,3.4612999999999996]],[[-76.31994251781472,3.4602783847980967],[-76.3198,3.4602000000000004],[-76.3189,3.4616999999999996],[-76.31994251781472,3.4602783847980967]],[[-76.3106,3.4684],[-76.30900515463917,3.471683505154638],[-76.3091,3.471699999999999],[-76.3106,3.4684]],[[-76.30756666666666,3.4714333333333327],[-76.3069,3.4712],[-76.306846,3.4713080000000005],[-76.30756666666666,3.4714333333333327]],[[-76.30722727272727,3.472636363636364],[-76.30717826086956,3.472660869565218],[-76.3073,3.4727],[-76.30722727272727,3.472636363636364]],[[-76.3062089201878,3.472349295774648],[-76.3046,3.4713],[-76.30170000000001,3.4709],[-76.3062089201878,3.472349295774648]],[[-76.2973,3.4725],[-76.2934,3.470799999999999],[-76.29320384615384,3.470842032967034],[-76.2973,3.4725]],[[-76.29226923076921,3.471042307692313],[-76.29069130434783,3.4713804347826085],[-76.29077904191617,3.4714769461077832],[-76.29226923076921,3.471042307692313]]]}},{"type":"Feature","properties":{"v":19.7,"clase":"DEFICIT_EXTREMO","periodo":"1–15 ago 2026","metodo":"IDW 6 estaciones CVC"},"geometry":{"type":"Polygon","coordinates":[[[-76.29055392370978,3.4987518463012988],[-76.24554793799855,3.498812937283259],[-76.24548860767051,3.4535887979800304],[-76.29049245099525,3.4535284984848715],[-76.29051918590768,3.4732692509586],[-76.2891,3.4738999999999995],[-76.2905192488636,3.4733156036549655],[-76.29055392370978,3.4987518463012988]],[[-76.289325,3.470210000000005],[-76.2891,3.47],[-76.28896019417476,3.470064077669904],[-76.289325,3.470210000000005]],[[-76.2834,3.4700000000000006],[-76.2832,3.4686],[-76.28311403508772,3.468665497076016],[-76.2834,3.4700000000000006]]]}},{"type":"Feature","properties":{"v":18.7,"clase":"DEFICIT_EXTREMO","periodo":"1–15 ago 2026","metodo":"IDW 6 estaciones CVC"},"geometry":{"type":"Polygon","coordinates":[[[-76.24554793799855,3.498812937283259],[-76.20054117562492,3.498871861327724],[-76.20048398786676,3.4536469586121616],[-76.24548860767051,3.4535887979800304],[-76.24554793799855,3.498812937283259]]]}},{"type":"Feature","properties":{"v":18.0,"clase":"DEFICIT_EXTREMO","periodo":"1–15 ago 2026","metodo":"IDW 6 estaciones CVC"},"geometry":{"type":"Polygon","coordinates":[[[-76.20054117562492,3.498871861327724],[-76.15553366463598,3.498928618252962],[-76.15547861962447,3.453702980201898],[-76.20048398786676,3.4536469586121616],[-76.20054117562492,3.498871861327724]]]}},{"type":"Feature","properties":{"v":17.5,"clase":"DEFICIT_EXTREMO","periodo":"1–15 ago 2026","metodo":"IDW 6 estaciones CVC"},"geometry":{"type":"Polygon","coordinates":[[[-76.15553366463598,3.498928618252962],[-76.11052543308115,3.4989832078839163],[-76.11047253098644,3.4537568625764608],[-76.15547861962447,3.453702980201898],[-76.15553366463598,3.498928618252962]]]}},{"type":"Feature","properties":{"v":17.3,"clase":"DEFICIT_EXTREMO","periodo":"1–15 ago 2026","metodo":"IDW 6 estaciones CVC"},"geometry":{"type":"Polygon","coordinates":[[[-76.11052543308115,3.4989832078839163],[-76.0655165090121,3.4990356300522123],[-76.06546574999773,3.4538086055696655],[-76.11047253098644,3.4537568625764608],[-76.11052543308115,3.4989832078839163]],[[-76.094,3.4831999999999996],[-76.09821065830722,3.4842068965517257],[-76.0982,3.4842000000000004],[-76.094,3.4831999999999996]],[[-76.10388979591828,3.4878816326529996],[-76.1082,3.4907999999999997],[-76.10827713052859,3.490720496224377],[-76.10388979591828,3.4878816326529996]]]}},{"type":"Feature","properties":{"v":17.1,"clase":"DEFICIT_EXTREMO","periodo":"1–15 ago 2026","metodo":"IDW 6 estaciones CVC"},"geometry":{"type":"Polygon","coordinates":[[[-76.06546574999773,3.4538086055696655],[-76.0655165090121,3.4990356300522123],[-76.0205069204826,3.4990858845961488],[-76.02050483228975,3.4971553173939363],[-76.023,3.4941],[-76.0263,3.4916000000000005],[-76.026,3.4902000000000006],[-76.0274,3.4863999999999997],[-76.0244,3.4841000000000006],[-76.0242,3.4824999999999995],[-76.0216,3.4790999999999994],[-76.0226,3.4729999999999994],[-76.0271,3.4663],[-76.0262,3.4631000000000003],[-76.0269,3.4602000000000004],[-76.0288,3.4579999999999993],[-76.0281,3.4551999999999996],[-76.02841163109468,3.453849599221919],[-76.06546574999773,3.4538086055696655]]]}},{"type":"Feature","properties":{"v":26.7,"clase":"DEFICIT_ALTO","periodo":"1–15 ago 2026","metodo":"IDW 6 estaciones CVC"},"geometry":{"type":"Polygon","coordinates":[[[-77.32541276991675,3.4967491966449344],[-77.35442017080999,3.4966765529900234],[-77.3543,3.4968],[-77.3496,3.5002],[-77.3402,3.5109999999999992],[-77.3334,3.5171999999999994],[-77.3303,3.5250999999999997],[-77.3312,3.5287999999999995],[-77.3307,3.5307000000000004],[-77.32551203173792,3.536788935641625],[-77.32541276991675,3.4967491966449344]]]}},{"type":"Feature","properties":{"v":26.9,"clase":"DEFICIT_ALTO","periodo":"1–15 ago 2026","metodo":"IDW 6 estaciones CVC"},"geometry":{"type":"Polygon","coordinates":[[[-77.28054234811151,3.5420588528426746],[-77.28043238175991,3.4968600616982637],[-77.32541276991675,3.4967491966449344],[-77.32551203173792,3.536788935641625],[-77.32110806226856,3.5419576752651523],[-77.28054234811151,3.5420588528426746]]]}},{"type":"Feature","properties":{"v":26.9,"clase":"DEFICIT_ALTO","periodo":"1–15 ago 2026","metodo":"IDW 6 estaciones CVC"},"geometry":{"type":"Polygon","coordinates":[[[-77.28054234811151,3.5420588528426746],[-77.23555837440355,3.5421689654576047],[-77.23545057270287,3.4969687658329547],[-77.28043238175991,3.4968600616982637],[-77.28054234811151,3.5420588528426746]]]}},{"type":"Feature","properties":{"v":26.7,"clase":"DEFICIT_ALTO","periodo":"1–15 ago 2026","metodo":"IDW 6 estaciones CVC"},"geometry":{"type":"Polygon","coordinates":[[[-77.23555837440355,3.5421689654576047],[-77.19057300743192,3.5422768888160125],[-77.19046737071497,3.4970753087141895],[-77.23545057270287,3.4969687658329547],[-77.23555837440355,3.5421689654576047]]]}},{"type":"Feature","properties":{"v":26.4,"clase":"DEFICIT_ALTO","periodo":"1–15 ago 2026","metodo":"IDW 6 estaciones CVC"},"geometry":{"type":"Polygon","coordinates":[[[-77.19057300743192,3.5422768888160125],[-77.1455862751769,3.542382622585441],[-77.14548280376985,3.4971796900137817],[-77.19046737071497,3.4970753087141895],[-77.19057300743192,3.5422768888160125]]]}},{"type":"Feature","properties":{"v":25.9,"clase":"DEFICIT_ALTO","periodo":"1–15 ago 2026","metodo":"IDW 6 estaciones CVC"},"geometry":{"type":"Polygon","coordinates":[[[-77.1455862751769,3.542382622585441],[-77.10059820562306,3.542486166440153],[-77.10049689984542,3.4972819094101797],[-77.14548280376985,3.4971796900137817],[-77.1455862751769,3.542382622585441]]]}},{"type":"Feature","properties":{"v":25.0,"clase":"DEFICIT_ALTO","periodo":"1–15 ago 2026","metodo":"IDW 6 estaciones CVC"},"geometry":{"type":"Polygon","coordinates":[[[-77.10059820562306,3.542486166440153],[-77.05560882675914,3.5425875200611365],[-77.05550968692376,3.4973819665884687],[-77.10049689984542,3.4972819094101797],[-77.10059820562306,3.542486166440153]]]}},{"type":"Feature","properties":{"v":23.9,"clase":"DEFICIT_ALTO","periodo":"1–15 ago 2026","metodo":"IDW 6 estaciones CVC"},"geometry":{"type":"Polygon","coordinates":[[[-77.05560882675914,3.5425875200611365],[-77.01061816657796,3.5426866831361057],[-77.01052119299099,3.4974798612403752],[-77.05550968692376,3.4973819665884687],[-77.05560882675914,3.5425875200611365]]]}},{"type":"Feature","properties":{"v":22.4,"clase":"DEFICIT_ALTO","periodo":"1–15 ago 2026","metodo":"IDW 6 estaciones CVC"},"geometry":{"type":"Polygon","coordinates":[[[-77.01061816657796,3.5426866831361057],[-76.96562625307632,3.542783655359503],[-76.96553144603728,3.497575593064267],[-77.01052119299099,3.4974798612403752],[-77.01061816657796,3.5426866831361057]]]}},{"type":"Feature","properties":{"v":20.7,"clase":"DEFICIT_ALTO","periodo":"1–15 ago 2026","metodo":"IDW 6 estaciones CVC"},"geometry":{"type":"Polygon","coordinates":[[[-76.96562625307632,3.542783655359503],[-76.92063311425493,3.5428784364325017],[-76.92054047405664,3.497669161765157],[-76.96553144603728,3.497575593064267],[-76.96562625307632,3.542783655359503]]]}},{"type":"Feature","properties":{"v":18.8,"clase":"DEFICIT_EXTREMO","periodo":"1–15 ago 2026","metodo":"IDW 6 estaciones CVC"},"geometry":{"type":"Polygon","coordinates":[[[-76.92063311425493,3.5428784364325017],[-76.87563877811832,3.5429710260630096],[-76.87554830504695,3.4977605670547036],[-76.92054047405664,3.497669161765157],[-76.92063311425493,3.5428784364325017]]]}},{"type":"Feature","properties":{"v":16.9,"clase":"DEFICIT_EXTREMO","periodo":"1–15 ago 2026","metodo":"IDW 6 estaciones CVC"},"geometry":{"type":"Polygon","coordinates":[[[-76.87563877811832,3.5429710260630096],[-76.83064327267476,3.5430614239656673],[-76.83055496700977,3.4978498086512153],[-76.87554830504695,3.4977605670547036],[-76.87563877811832,3.5429710260630096]]]}},{"type":"Feature","properties":{"v":15.2,"clase":"DEFICIT_EXTREMO","periodo":"1–15 ago 2026","metodo":"IDW 6 estaciones CVC"},"geometry":{"type":"Polygon","coordinates":[[[-76.83064327267476,3.5430614239656673],[-76.78564662593618,3.5431496298618548],[-76.78556048795036,3.4979368862796507],[-76.83055496700977,3.4978498086512153],[-76.83064327267476,3.5430614239656673]],[[-76.8132,3.5393999999999997],[-76.81324042553192,3.5394],[-76.8084,3.5303000000000004],[-76.8132,3.5393999999999997]]]}},{"type":"Feature","properties":{"v":14.1,"clase":"DEFICIT_EXTREMO","periodo":"1–15 ago 2026","metodo":"IDW 6 estaciones CVC"},"geometry":{"type":"Polygon","coordinates":[[[-76.78564662593618,3.5431496298618548],[-76.74064886591802,3.5432356434796923],[-76.7405648958775,3.4980217996716227],[-76.78556048795036,3.4979368862796507],[-76.78564662593618,3.5431496298618548]]]}},{"type":"Feature","properties":{"v":14.1,"clase":"DEFICIT_EXTREMO","periodo":"1–15 ago 2026","metodo":"IDW 6 estaciones CVC"},"geometry":{"type":"Polygon","coordinates":[[[-76.74064886591802,3.5432356434796923],[-76.6956500206392,3.543319464554039],[-76.69556821880343,3.498104548565397],[-76.7405648958775,3.4980217996716227],[-76.74064886591802,3.5432356434796923]]]}},{"type":"Feature","properties":{"v":16.2,"clase":"DEFICIT_EXTREMO","periodo":"1–15 ago 2026","metodo":"IDW 6 estaciones CVC"},"geometry":{"type":"Polygon","coordinates":[[[-76.6956500206392,3.543319464554039],[-76.65065011812209,3.543401092826501],[-76.6505704847438,3.4981851327058995],[-76.69556821880343,3.498104548565397],[-76.6956500206392,3.543319464554039]]]}},{"type":"Feature","properties":{"v":20.5,"clase":"DEFICIT_ALTO","periodo":"1–15 ago 2026","metodo":"IDW 6 estaciones CVC"},"geometry":{"type":"Polygon","coordinates":[[[-76.6505704847438,3.4981851327058995],[-76.65065011812209,3.543401092826501],[-76.60564918639226,3.543480528045428],[-76.6056473837884,3.5424349290900863],[-76.6068,3.5424],[-76.6105128440367,3.535169724770638],[-76.6101,3.5354999999999994],[-76.6068,3.5422999999999996],[-76.60564727163379,3.5423698636402423],[-76.60557172171754,3.4982635518447114],[-76.62374379958302,3.498232144289977],[-76.6231,3.4997],[-76.6237468572737,3.4982321389755078],[-76.6505704847438,3.4981851327058995]],[[-76.61372854291417,3.5315954091816364],[-76.6136,3.5315999999999996],[-76.61343333333333,3.531916666666666],[-76.61372854291417,3.5315954091816364]]]}},{"type":"Feature","properties":{"v":25.6,"clase":"DEFICIT_ALTO","periodo":"1–15 ago 2026","metodo":"IDW 6 estaciones CVC"},"geometry":{"type":"Polygon","coordinates":[[[-76.60564918639226,3.543480528045428],[-76.56064725347858,3.5435577699659175],[-76.56057195774679,3.4983398057400787],[-76.60557172171754,3.4982635518447114],[-76.60564727163379,3.5423698636402423],[-76.6035,3.5424999999999995],[-76.6056473837884,3.5424349290900863],[-76.60564918639226,3.543480528045428]]]}},{"type":"Feature","properties":{"v":28.7,"clase":"DEFICIT_ALTO","periodo":"1–15 ago 2026","metodo":"IDW 6 estaciones CVC"},"geometry":{"type":"Polygon","coordinates":[[[-76.56057195774679,3.4983398057400787],[-76.56064725347858,3.5435577699659175],[-76.51564434741296,3.5436328183498165],[-76.5155712208568,3.498413894156906],[-76.54294134692455,3.4983690906727882],[-76.5427,3.4993000000000003],[-76.54298892744283,3.498369012087887],[-76.54705018592789,3.4983622955060563],[-76.54791441048035,3.4997104803493313],[-76.54730536023966,3.498361872904855],[-76.56057195774679,3.4983398057400787]],[[-76.549,3.5070000000000006],[-76.54790298913044,3.5065013586956524],[-76.5479,3.5066],[-76.549,3.5070000000000006]]]}},{"type":"Feature","properties":{"v":28.2,"clase":"DEFICIT_ALTO","periodo":"1–15 ago 2026","metodo":"IDW 6 estaciones CVC"},"geometry":{"type":"Polygon","coordinates":[[[-76.51564434741296,3.5436328183498165],[-76.4706404962304,3.5437056729657237],[-76.47056953907587,3.4984858168667663],[-76.5155712208568,3.498413894156906],[-76.51564434741296,3.5436328183498165]],[[-76.488,3.5264],[-76.48873991150442,3.5220427433628423],[-76.4886,3.5223],[-76.488,3.5264]]]}},{"type":"Feature","properties":{"v":25.1,"clase":"DEFICIT_ALTO","periodo":"1–15 ago 2026","metodo":"IDW 6 estaciones CVC"},"geometry":{"type":"Polygon","coordinates":[[[-76.4706404962304,3.5437056729657237],[-76.42563572796884,3.54377633358899],[-76.42556694043523,3.4985555736478955],[-76.47056953907587,3.4984858168667663],[-76.4706404962304,3.5437056729657237]]]}},{"type":"Feature","properties":{"v":21.7,"clase":"DEFICIT_ALTO","periodo":"1–15 ago 2026","metodo":"IDW 6 estaciones CVC"},"geometry":{"type":"Polygon","coordinates":[[[-76.42563572796884,3.54377633358899],[-76.38063007066907,3.5438448000017218],[-76.38056345296897,3.498623164285199],[-76.42556694043523,3.4985555736478955],[-76.42563572796884,3.54377633358899]]]}},{"type":"Feature","properties":{"v":19.3,"clase":"DEFICIT_EXTREMO","periodo":"1–15 ago 2026","metodo":"IDW 6 estaciones CVC"},"geometry":{"type":"Polygon","coordinates":[[[-76.38063007066907,3.5438448000017218],[-76.33562355237463,3.5439110719927807],[-76.33555910471397,3.4986885885702517],[-76.38056345296897,3.498623164285199],[-76.38063007066907,3.5438448000017218]]]}},{"type":"Feature","properties":{"v":17.9,"clase":"DEFICIT_EXTREMO","periodo":"1–15 ago 2026","metodo":"IDW 6 estaciones CVC"},"geometry":{"type":"Polygon","coordinates":[[[-76.33562355237463,3.5439110719927807],[-76.29061620113178,3.5439751493577867],[-76.29055392370978,3.4987518463012988],[-76.33555910471397,3.4986885885702517],[-76.33562355237463,3.5439110719927807]]]}},{"type":"Feature","properties":{"v":17.1,"clase":"DEFICIT_EXTREMO","periodo":"1–15 ago 2026","metodo":"IDW 6 estaciones CVC"},"geometry":{"type":"Polygon","coordinates":[[[-76.29061620113178,3.5439751493577867],[-76.2456080449894,3.5440370318991192],[-76.24554793799855,3.498812937283259],[-76.29055392370978,3.4987518463012988],[-76.29061620113178,3.5439751493577867]]]}},{"type":"Feature","properties":{"v":16.7,"clase":"DEFICIT_EXTREMO","periodo":"1–15 ago 2026","metodo":"IDW 6 estaciones CVC"},"geometry":{"type":"Polygon","coordinates":[[[-76.2456080449894,3.5440370318991192],[-76.20059911199878,3.5440967194259185],[-76.20054117562492,3.498871861327724],[-76.24554793799855,3.498812937283259],[-76.2456080449894,3.5440370318991192]]]}},{"type":"Feature","properties":{"v":16.4,"clase":"DEFICIT_EXTREMO","periodo":"1–15 ago 2026","metodo":"IDW 6 estaciones CVC"},"geometry":{"type":"Polygon","coordinates":[[[-76.20059911199878,3.5440967194259185],[-76.15558943021378,3.5441542117540874],[-76.15553366463598,3.498928618252962],[-76.20054117562492,3.498871861327724],[-76.20059911199878,3.5440967194259185]]]}},{"type":"Feature","properties":{"v":16.3,"clase":"DEFICIT_EXTREMO","periodo":"1–15 ago 2026","metodo":"IDW 6 estaciones CVC"},"geometry":{"type":"Polygon","coordinates":[[[-76.15558943021378,3.5441542117540874],[-76.11057902769046,3.544209508706292],[-76.11052543308115,3.4989832078839163],[-76.15553366463598,3.498928618252962],[-76.15558943021378,3.5441542117540874]]]}},{"type":"Feature","properties":{"v":16.2,"clase":"DEFICIT_EXTREMO","periodo":"1–15 ago 2026","metodo":"IDW 6 estaciones CVC"},"geometry":{"type":"Polygon","coordinates":[[[-76.11057902769046,3.544209508706292],[-76.06556793248721,3.544262610111964],[-76.0655165090121,3.4990356300522123],[-76.11052543308115,3.4989832078839163],[-76.11057902769046,3.544209508706292]]]}},{"type":"Feature","properties":{"v":16.3,"clase":"DEFICIT_EXTREMO","periodo":"1–15 ago 2026","metodo":"IDW 6 estaciones CVC"},"geometry":{"type":"Polygon","coordinates":[[[-76.06556793248721,3.544262610111964],[-76.02055617266457,3.5443135158073003],[-76.0205069204826,3.4990858845961488],[-76.0655165090121,3.4990356300522123],[-76.06556793248721,3.544262610111964]]]}},{"type":"Feature","properties":{"v":16.2,"clase":"DEFICIT_EXTREMO","periodo":"1–15 ago 2026","metodo":"IDW 6 estaciones CVC"},"geometry":{"type":"Polygon","coordinates":[[[-76.0205069204826,3.4990858845961488],[-76.02055617266457,3.5443135158073003],[-75.99497608055407,3.5443414665678703],[-75.9965,3.5416999999999996],[-75.9963,3.5401],[-75.9978,3.5372999999999997],[-75.998,3.5327999999999995],[-76.0032,3.5278999999999994],[-76.0015,3.5195999999999996],[-76.0035,3.5166999999999997],[-76.0151,3.5075000000000003],[-76.0181,3.5000999999999998],[-76.01892679019058,3.499087609459238],[-76.0205069204826,3.4990858845961488]]]}},{"type":"Feature","properties":{"v":27.6,"clase":"DEFICIT_ALTO","periodo":"1–15 ago 2026","metodo":"IDW 6 estaciones CVC"},"geometry":{"type":"Polygon","coordinates":[[[-77.28054234811151,3.5420588528426746],[-77.32110806226856,3.5419576752651523],[-77.314,3.550299999999999],[-77.3004,3.57],[-77.2923,3.5766999999999998],[-77.28880000000001,3.5764999999999993],[-77.2913,3.5740000000000003],[-77.2901,3.5703],[-77.2877,3.5691999999999995],[-77.2806149924976,3.571601715534784],[-77.28054234811151,3.5420588528426746]]]}},{"type":"Feature","properties":{"v":27.8,"clase":"DEFICIT_ALTO","periodo":"1–15 ago 2026","metodo":"IDW 6 estaciones CVC"},"geometry":{"type":"Polygon","coordinates":[[[-77.23555837440355,3.5421689654576047],[-77.28054234811151,3.5420588528426746],[-77.2806149924976,3.571601715534784],[-77.2759,3.573200000000001],[-77.2701,3.5730000000000004],[-77.2632,3.5765999999999996],[-77.2527,3.5791999999999993],[-77.2451,3.583299999999999],[-77.2367,3.5854],[-77.2357,3.5846000000000005],[-77.2368,3.5819999999999994],[-77.2385,3.580599999999999],[-77.2396,3.5783],[-77.2384,3.5770999999999993],[-77.2359,3.577399999999999],[-77.23564377754444,3.577569707126568],[-77.23555837440355,3.5421689654576047]]]}},{"type":"Feature","properties":{"v":27.9,"clase":"DEFICIT_ALTO","periodo":"1–15 ago 2026","metodo":"IDW 6 estaciones CVC"},"geometry":{"type":"Polygon","coordinates":[[[-77.19068000943295,3.5874784215660527],[-77.19057300743192,3.5422768888160125],[-77.23555837440355,3.5421689654576047],[-77.23564377754444,3.577569707126568],[-77.2282,3.5825],[-77.22423782083479,3.5873970983116856],[-77.19068000943295,3.5874784215660527]]]}},{"type":"Feature","properties":{"v":27.7,"clase":"DEFICIT_ALTO","periodo":"1–15 ago 2026","metodo":"IDW 6 estaciones CVC"},"geometry":{"type":"Polygon","coordinates":[[[-77.19068000943295,3.5874784215660527],[-77.14569108388345,3.5875855079307515],[-77.1455862751769,3.542382622585441],[-77.19057300743192,3.5422768888160125],[-77.19068000943295,3.5874784215660527]]]}},{"type":"Feature","properties":{"v":27.2,"clase":"DEFICIT_ALTO","periodo":"1–15 ago 2026","metodo":"IDW 6 estaciones CVC"},"geometry":{"type":"Polygon","coordinates":[[[-77.14569108388345,3.5875855079307515],[-77.10070082071144,3.587690376366626],[-77.10059820562306,3.542486166440153],[-77.1455862751769,3.542382622585441],[-77.14569108388345,3.5875855079307515]]]}},{"type":"Feature","properties":{"v":26.4,"clase":"DEFICIT_ALTO","periodo":"1–15 ago 2026","metodo":"IDW 6 estaciones CVC"},"geometry":{"type":"Polygon","coordinates":[[[-77.10070082071144,3.587690376366626],[-77.05570924791245,3.587793026550565],[-77.05560882675914,3.5425875200611365],[-77.10059820562306,3.542486166440153],[-77.10070082071144,3.587690376366626]]]}},{"type":"Feature","properties":{"v":25.1,"clase":"DEFICIT_ALTO","periodo":"1–15 ago 2026","metodo":"IDW 6 estaciones CVC"},"geometry":{"type":"Polygon","coordinates":[[[-77.05570924791245,3.587793026550565],[-77.01071639348602,3.587893458166268],[-77.01061816657796,3.5426866831361057],[-77.05560882675914,3.5425875200611365],[-77.05570924791245,3.587793026550565]]]}},{"type":"Feature","properties":{"v":23.3,"clase":"DEFICIT_ALTO","periodo":"1–15 ago 2026","metodo":"IDW 6 estaciones CVC"},"geometry":{"type":"Polygon","coordinates":[[[-77.01071639348602,3.587893458166268],[-76.96572228543575,3.5879916709042514],[-76.96562625307632,3.542783655359503],[-77.01061816657796,3.5426866831361057],[-77.01071639348602,3.587893458166268]]]}},{"type":"Feature","properties":{"v":21.0,"clase":"DEFICIT_ALTO","periodo":"1–15 ago 2026","metodo":"IDW 6 estaciones CVC"},"geometry":{"type":"Polygon","coordinates":[[[-76.96572228543575,3.5879916709042514],[-76.92072695176905,3.58808766446185],[-76.92063311425493,3.5428784364325017],[-76.96562625307632,3.542783655359503],[-76.96572228543575,3.5879916709042514]]]}},{"type":"Feature","properties":{"v":18.4,"clase":"DEFICIT_EXTREMO","periodo":"1–15 ago 2026","metodo":"IDW 6 estaciones CVC"},"geometry":{"type":"Polygon","coordinates":[[[-76.92072695176905,3.58808766446185],[-76.87573042049726,3.5881814385432165],[-76.87563877811832,3.5429710260630096],[-76.92063311425493,3.5428784364325017],[-76.92072695176905,3.58808766446185]]]}},{"type":"Feature","properties":{"v":15.5,"clase":"DEFICIT_EXTREMO","periodo":"1–15 ago 2026","metodo":"IDW 6 estaciones CVC"},"geometry":{"type":"Polygon","coordinates":[[[-76.87573042049726,3.5881814385432165],[-76.8307327196354,3.5882729928593258],[-76.83064327267476,3.5430614239656673],[-76.87563877811832,3.5429710260630096],[-76.87573042049726,3.5881814385432165]]]}},{"type":"Feature","properties":{"v":12.6,"clase":"DEFICIT_EXTREMO","periodo":"1–15 ago 2026","metodo":"IDW 6 estaciones CVC"},"geometry":{"type":"Polygon","coordinates":[[[-76.8307327196354,3.5882729928593258],[-76.78573387720215,3.5883623271279763],[-76.78564662593618,3.5431496298618548],[-76.83064327267476,3.5430614239656673],[-76.8307327196354,3.5882729928593258]]]}},{"type":"Feature","properties":{"v":9.9,"clase":"DEFICIT_EXTREMO","periodo":"1–15 ago 2026","metodo":"IDW 6 estaciones CVC"},"geometry":{"type":"Polygon","coordinates":[[[-76.78573387720215,3.5883623271279763],[-76.74073392121973,3.588449441073795],[-76.74064886591802,3.5432356434796923],[-76.78564662593618,3.5431496298618548],[-76.78573387720215,3.5883623271279763]]]}},{"type":"Feature","properties":{"v":8.3,"clase":"DEFICIT_EXTREMO","periodo":"1–15 ago 2026","metodo":"IDW 6 estaciones CVC"},"geometry":{"type":"Polygon","coordinates":[[[-76.74073392121973,3.588449441073795],[-76.69573287971384,3.5885343344282354],[-76.6956500206392,3.543319464554039],[-76.74064886591802,3.5432356434796923],[-76.74073392121973,3.588449441073795]]]}},{"type":"Feature","properties":{"v":9.0,"clase":"DEFICIT_EXTREMO","periodo":"1–15 ago 2026","metodo":"IDW 6 estaciones CVC"},"geometry":{"type":"Polygon","coordinates":[[[-76.69573287971384,3.5885343344282354],[-76.6507307807136,3.58861700692958],[-76.65065011812209,3.543401092826501],[-76.6956500206392,3.543319464554039],[-76.69573287971384,3.5885343344282354]]]}},{"type":"Feature","properties":{"v":12.6,"clase":"DEFICIT_EXTREMO","periodo":"1–15 ago 2026","metodo":"IDW 6 estaciones CVC"},"geometry":{"type":"Polygon","coordinates":[[[-76.6507307807136,3.58861700692958],[-76.60572765225137,3.5886974583229483],[-76.60564918639226,3.543480528045428],[-76.65065011812209,3.543401092826501],[-76.6507307807136,3.58861700692958]]]}},{"type":"Feature","properties":{"v":16.8,"clase":"DEFICIT_EXTREMO","periodo":"1–15 ago 2026","metodo":"IDW 6 estaciones CVC"},"geometry":{"type":"Polygon","coordinates":[[[-76.60572765225137,3.5886974583229483],[-76.56072352236279,3.5887756883602884],[-76.56064725347858,3.5435577699659175],[-76.60564918639226,3.543480528045428],[-76.60572765225137,3.5886974583229483]],[[-76.5974,3.5574],[-76.596,3.5591999999999997],[-76.5974,3.5577999999999994],[-76.5975,3.5556999999999994],[-76.5971794117647,3.553135294117582],[-76.5974,3.5574]],[[-76.59695365853659,3.5513292682926987],[-76.5969,3.5509],[-76.5952435582822,3.547679141104295],[-76.5951,3.5478999999999994],[-76.59695365853659,3.5513292682926987]],[[-76.60126979310346,3.546378620689655],[-76.59950000000002,3.5467999999999997],[-76.6012,3.5465000000000004],[-76.60126979310346,3.546378620689655]],[[-76.59669209726444,3.545984802431611],[-76.5964,3.545899999999999],[-76.5958697368421,3.546715789473686],[-76.59669209726444,3.545984802431611]]]}},{"type":"Feature","properties":{"v":18.8,"clase":"DEFICIT_EXTREMO","periodo":"1–15 ago 2026","metodo":"IDW 6 estaciones CVC"},"geometry":{"type":"Polygon","coordinates":[[[-76.56072352236279,3.5887756883602884],[-76.51571841908655,3.588851696800388],[-76.51564434741296,3.5436328183498165],[-76.56064725347858,3.5435577699659175],[-76.56072352236279,3.5887756883602884]]]}},{"type":"Feature","properties":{"v":18.0,"clase":"DEFICIT_EXTREMO","periodo":"1–15 ago 2026","metodo":"IDW 6 estaciones CVC"},"geometry":{"type":"Polygon","coordinates":[[[-76.51571841908655,3.588851696800388],[-76.47071237046444,3.5889254834088717],[-76.4706404962304,3.5437056729657237],[-76.51564434741296,3.5436328183498165],[-76.51571841908655,3.588851696800388]],[[-76.47690000000001,3.5629999999999997],[-76.4853,3.5609],[-76.48554659832246,3.5607003727865814],[-76.47690000000001,3.5629999999999997]]]}},{"type":"Feature","properties":{"v":16.1,"clase":"DEFICIT_EXTREMO","periodo":"1–15 ago 2026","metodo":"IDW 6 estaciones CVC"},"geometry":{"type":"Polygon","coordinates":[[[-76.47071237046444,3.5889254834088717],[-76.42570540454115,3.588997047958204],[-76.42563572796884,3.54377633358899],[-76.4706404962304,3.5437056729657237],[-76.47071237046444,3.5889254834088717]]]}},{"type":"Feature","properties":{"v":14.7,"clase":"DEFICIT_EXTREMO","periodo":"1–15 ago 2026","metodo":"IDW 6 estaciones CVC"},"geometry":{"type":"Polygon","coordinates":[[[-76.42570540454115,3.588997047958204],[-76.38069754936424,3.5890663902276914],[-76.38063007066907,3.5438448000017218],[-76.42563572796884,3.54377633358899],[-76.42570540454115,3.588997047958204]]]}},{"type":"Feature","properties":{"v":14.2,"clase":"DEFICIT_EXTREMO","periodo":"1–15 ago 2026","metodo":"IDW 6 estaciones CVC"},"geometry":{"type":"Polygon","coordinates":[[[-76.38069754936424,3.5890663902276914],[-76.33568883298412,3.5891335100034816],[-76.33562355237463,3.5439110719927807],[-76.38063007066907,3.5438448000017218],[-76.38069754936424,3.5890663902276914]]]}},{"type":"Feature","properties":{"v":14.3,"clase":"DEFICIT_EXTREMO","periodo":"1–15 ago 2026","metodo":"IDW 6 estaciones CVC"},"geometry":{"type":"Polygon","coordinates":[[[-76.33568883298412,3.5891335100034816],[-76.29067928345377,3.5891984070785687],[-76.29061620113178,3.5439751493577867],[-76.33562355237463,3.5439110719927807],[-76.33568883298412,3.5891335100034816]]]}},{"type":"Feature","properties":{"v":14.4,"clase":"DEFICIT_EXTREMO","periodo":"1–15 ago 2026","metodo":"IDW 6 estaciones CVC"},"geometry":{"type":"Polygon","coordinates":[[[-76.29067928345377,3.5891984070785687],[-76.24566892882883,3.5892610812527934],[-76.2456080449894,3.5440370318991192],[-76.29061620113178,3.5439751493577867],[-76.29067928345377,3.5891984070785687]]]}},{"type":"Feature","properties":{"v":14.6,"clase":"DEFICIT_EXTREMO","periodo":"1–15 ago 2026","metodo":"IDW 6 estaciones CVC"},"geometry":{"type":"Polygon","coordinates":[[[-76.24566892882883,3.5892610812527934],[-76.20065779716747,3.589321532332842],[-76.20059911199878,3.5440967194259185],[-76.2456080449894,3.5440370318991192],[-76.24566892882883,3.5892610812527934]]]}},{"type":"Feature","properties":{"v":14.8,"clase":"DEFICIT_EXTREMO","periodo":"1–15 ago 2026","metodo":"IDW 6 estaciones CVC"},"geometry":{"type":"Polygon","coordinates":[[[-76.20065779716747,3.589321532332842],[-76.15564591653025,3.5893797601322524],[-76.15558943021378,3.5441542117540874],[-76.20059911199878,3.5440967194259185],[-76.20065779716747,3.589321532332842]]]}},{"type":"Feature","properties":{"v":15.0,"clase":"DEFICIT_EXTREMO","periodo":"1–15 ago 2026","metodo":"IDW 6 estaciones CVC"},"geometry":{"type":"Polygon","coordinates":[[[-76.15564591653025,3.5893797601322524],[-76.11063331498006,3.589435764471411],[-76.11057902769046,3.544209508706292],[-76.15558943021378,3.5441542117540874],[-76.15564591653025,3.5893797601322524]]]}},{"type":"Feature","properties":{"v":15.2,"clase":"DEFICIT_EXTREMO","periodo":"1–15 ago 2026","metodo":"IDW 6 estaciones CVC"},"geometry":{"type":"Polygon","coordinates":[[[-76.11063331498006,3.589435764471411],[-76.06562002058209,3.589489545177558],[-76.06556793248721,3.544262610111964],[-76.11057902769046,3.544209508706292],[-76.11063331498006,3.589435764471411]]]}},{"type":"Feature","properties":{"v":15.4,"clase":"DEFICIT_EXTREMO","periodo":"1–15 ago 2026","metodo":"IDW 6 estaciones CVC"},"geometry":{"type":"Polygon","coordinates":[[[-76.06562002058209,3.589489545177558],[-76.02060606140365,3.589541102084787],[-76.02055617266457,3.5443135158073003],[-76.06556793248721,3.544262610111964],[-76.06562002058209,3.589489545177558]]]}},{"type":"Feature","properties":{"v":15.6,"clase":"DEFICIT_EXTREMO","periodo":"1–15 ago 2026","metodo":"IDW 6 estaciones CVC"},"geometry":{"type":"Polygon","coordinates":[[[-76.02055617266457,3.5443135158073003],[-76.02060606140365,3.589541102084787],[-75.9852020774398,3.58958008923906],[-75.9845,3.588799999999999],[-75.9854,3.5869999999999993],[-75.985,3.583899999999999],[-75.9862,3.5797999999999996],[-75.9849,3.5775999999999994],[-75.9885,3.5764],[-75.9893,3.5755],[-75.9884,3.5692999999999997],[-75.984,3.5598999999999994],[-75.9866,3.5582999999999996],[-75.9863,3.5553000000000003],[-75.9877,3.5528999999999997],[-75.9935,3.5468999999999995],[-75.99497608055407,3.5443414665678703],[-76.02055617266457,3.5443135158073003]]]}},{"type":"Feature","properties":{"v":29.0,"clase":"DEFICIT_ALTO","periodo":"1–15 ago 2026","metodo":"IDW 6 estaciones CVC"},"geometry":{"type":"Polygon","coordinates":[[[-77.1907883770485,3.6326799063626463],[-77.19068000943295,3.5874784215660527],[-77.22423782083479,3.5873970983116856],[-77.21930000000002,3.5935000000000006],[-77.2191,3.5950000000000015],[-77.2177,3.5965],[-77.21670000000002,3.5965],[-77.21540000000002,3.598699999999999],[-77.2126,3.6008000000000004],[-77.2098,3.6011],[-77.2083,3.606399999999999],[-77.2068,3.6077000000000004],[-77.2001,3.605599999999999],[-77.1957,3.6107000000000005],[-77.1946,3.6145],[-77.1941,3.6264000000000003],[-77.19290480783229,3.632674749887464],[-77.1907883770485,3.6326799063626463]]]}},{"type":"Feature","properties":{"v":29.4,"clase":"DEFICIT_ALTO","periodo":"1–15 ago 2026","metodo":"IDW 6 estaciones CVC"},"geometry":{"type":"Polygon","coordinates":[[[-77.1907883770485,3.6326799063626463],[-77.14579723021318,3.632788345449669],[-77.14569108388345,3.5875855079307515],[-77.19068000943295,3.5874784215660527],[-77.1907883770485,3.6326799063626463]]]}},{"type":"Feature","properties":{"v":29.1,"clase":"DEFICIT_ALTO","periodo":"1–15 ago 2026","metodo":"IDW 6 estaciones CVC"},"geometry":{"type":"Polygon","coordinates":[[[-77.14579723021318,3.632788345449669],[-77.10080474542751,3.632894538591139],[-77.10070082071144,3.587690376366626],[-77.14569108388345,3.5875855079307515],[-77.14579723021318,3.632788345449669]]]}},{"type":"Feature","properties":{"v":28.4,"clase":"DEFICIT_ALTO","periodo":"1–15 ago 2026","metodo":"IDW 6 estaciones CVC"},"geometry":{"type":"Polygon","coordinates":[[[-77.10080474542751,3.632894538591139],[-77.05581095069387,3.6329984854598436],[-77.05570924791245,3.587793026550565],[-77.10070082071144,3.587690376366626],[-77.10080474542751,3.632894538591139]]]}},{"type":"Feature","properties":{"v":27.0,"clase":"DEFICIT_ALTO","periodo":"1–15 ago 2026","metodo":"IDW 6 estaciones CVC"},"geometry":{"type":"Polygon","coordinates":[[[-77.05581095069387,3.6329984854598436],[-77.01081587401862,3.63310018573547],[-77.01071639348602,3.587893458166268],[-77.05570924791245,3.587793026550565],[-77.05581095069387,3.6329984854598436]]]}},{"type":"Feature","properties":{"v":25.0,"clase":"DEFICIT_ALTO","periodo":"1–15 ago 2026","metodo":"IDW 6 estaciones CVC"},"geometry":{"type":"Polygon","coordinates":[[[-77.01081587401862,3.63310018573547],[-76.9658195434122,3.633199639104606],[-76.96572228543575,3.5879916709042514],[-77.01071639348602,3.587893458166268],[-77.01081587401862,3.63310018573547]]]}},{"type":"Feature","properties":{"v":22.2,"clase":"DEFICIT_ALTO","periodo":"1–15 ago 2026","metodo":"IDW 6 estaciones CVC"},"geometry":{"type":"Polygon","coordinates":[[[-76.9658195434122,3.633199639104606],[-76.92082198688891,3.6332968452607446],[-76.92072695176905,3.58808766446185],[-76.96572228543575,3.5879916709042514],[-76.9658195434122,3.633199639104606]]]}},{"type":"Feature","properties":{"v":18.7,"clase":"DEFICIT_EXTREMO","periodo":"1–15 ago 2026","metodo":"IDW 6 estaciones CVC"},"geometry":{"type":"Polygon","coordinates":[[[-76.92082198688891,3.6332968452607446],[-76.8758232324669,3.633391803904285],[-76.87573042049726,3.5881814385432165],[-76.92072695176905,3.58808766446185],[-76.92082198688891,3.6332968452607446]]]}},{"type":"Feature","properties":{"v":14.8,"clase":"DEFICIT_EXTREMO","periodo":"1–15 ago 2026","metodo":"IDW 6 estaciones CVC"},"geometry":{"type":"Polygon","coordinates":[[[-76.8758232324669,3.633391803904285],[-76.83082330816804,3.6334845147425345],[-76.8307327196354,3.5882729928593258],[-76.87573042049726,3.5881814385432165],[-76.8758232324669,3.633391803904285]],[[-76.86674761904762,3.6314952380952374],[-76.8668,3.631500000000001],[-76.8677,3.6293999999999986],[-76.86674761904762,3.6314952380952374]]]}},{"type":"Feature","properties":{"v":10.7,"clase":"DEFICIT_EXTREMO","periodo":"1–15 ago 2026","metodo":"IDW 6 estaciones CVC"},"geometry":{"type":"Polygon","coordinates":[[[-76.83082330816804,3.6334845147425345],[-76.78582224201787,3.63357497748971],[-76.78573387720215,3.5883623271279763],[-76.8307327196354,3.5882729928593258],[-76.83082330816804,3.6334845147425345]]]}},{"type":"Feature","properties":{"v":6.5,"clase":"DEFICIT_EXTREMO","periodo":"1–15 ago 2026","metodo":"IDW 6 estaciones CVC"},"geometry":{"type":"Polygon","coordinates":[[[-76.78582224201787,3.63357497748971],[-76.74082006204547,3.6336631918669444],[-76.74073392121973,3.588449441073795],[-76.78573387720215,3.5883623271279763],[-76.78582224201787,3.63357497748971]]]}},{"type":"Feature","properties":{"v":3.2,"clase":"DEFICIT_EXTREMO","periodo":"1–15 ago 2026","metodo":"IDW 6 estaciones CVC"},"geometry":{"type":"Polygon","coordinates":[[[-76.74082006204547,3.6336631918669444],[-76.6958167962834,3.633749157602282],[-76.69573287971384,3.5885343344282354],[-76.74073392121973,3.588449441073795],[-76.74082006204547,3.6336631918669444]]]}},{"type":"Feature","properties":{"v":3.0,"clase":"DEFICIT_EXTREMO","periodo":"1–15 ago 2026","metodo":"IDW 6 estaciones CVC"},"geometry":{"type":"Polygon","coordinates":[[[-76.6958167962834,3.633749157602282],[-76.65081247276763,3.6338328744306856],[-76.6507307807136,3.58861700692958],[-76.69573287971384,3.5885343344282354],[-76.6958167962834,3.633749157602282]]]}},{"type":"Feature","properties":{"v":6.9,"clase":"DEFICIT_EXTREMO","periodo":"1–15 ago 2026","metodo":"IDW 6 estaciones CVC"},"geometry":{"type":"Polygon","coordinates":[[[-76.65081247276763,3.6338328744306856],[-76.60580711953739,3.633914342094037],[-76.60572765225137,3.5886974583229483],[-76.6507307807136,3.58861700692958],[-76.65081247276763,3.6338328744306856]]]}},{"type":"Feature","properties":{"v":11.4,"clase":"DEFICIT_EXTREMO","periodo":"1–15 ago 2026","metodo":"IDW 6 estaciones CVC"},"geometry":{"type":"Polygon","coordinates":[[[-76.60580711953739,3.633914342094037],[-76.56080076463516,3.633993560341138],[-76.56072352236279,3.5887756883602884],[-76.60572765225137,3.5886974583229483],[-76.60580711953739,3.633914342094037]]]}},{"type":"Feature","properties":{"v":12.6,"clase":"DEFICIT_EXTREMO","periodo":"1–15 ago 2026","metodo":"IDW 6 estaciones CVC"},"geometry":{"type":"Polygon","coordinates":[[[-76.56080076463516,3.633993560341138],[-76.51579343610652,3.6340705289277175],[-76.51571841908655,3.588851696800388],[-76.56072352236279,3.5887756883602884],[-76.56080076463516,3.633993560341138]],[[-76.55657595818816,3.62055574912892],[-76.5566,3.6204],[-76.5559,3.6164999999999994],[-76.55657595818816,3.62055574912892]]]}},{"type":"Feature","properties":{"v":10.7,"clase":"DEFICIT_EXTREMO","periodo":"1–15 ago 2026","metodo":"IDW 6 estaciones CVC"},"geometry":{"type":"Polygon","coordinates":[[[-76.51579343610652,3.6340705289277175],[-76.4707851620001,3.6341452476164227],[-76.47071237046444,3.5889254834088717],[-76.51571841908655,3.588851696800388],[-76.51579343610652,3.6340705289277175]]]}},{"type":"Feature","properties":{"v":8.6,"clase":"DEFICIT_EXTREMO","periodo":"1–15 ago 2026","metodo":"IDW 6 estaciones CVC"},"geometry":{"type":"Polygon","coordinates":[[[-76.4707851620001,3.6341452476164227],[-76.42577597036751,3.634217716176833],[-76.42570540454115,3.588997047958204],[-76.47071237046444,3.5889254834088717],[-76.4707851620001,3.6341452476164227]]]}},{"type":"Feature","properties":{"v":8.5,"clase":"DEFICIT_EXTREMO","periodo":"1–15 ago 2026","metodo":"IDW 6 estaciones CVC"},"geometry":{"type":"Polygon","coordinates":[[[-76.42577597036751,3.634217716176833],[-76.38076588926315,3.634287934385452],[-76.38069754936424,3.5890663902276914],[-76.42570540454115,3.588997047958204],[-76.42577597036751,3.634217716176833]]]}},{"type":"Feature","properties":{"v":9.8,"clase":"DEFICIT_EXTREMO","periodo":"1–15 ago 2026","metodo":"IDW 6 estaciones CVC"},"geometry":{"type":"Polygon","coordinates":[[[-76.38076588926315,3.634287934385452],[-76.33575494674425,3.6343559020257143],[-76.33568883298412,3.5891335100034816],[-76.38069754936424,3.5890663902276914],[-76.38076588926315,3.634287934385452]]]}},{"type":"Feature","properties":{"v":11.1,"clase":"DEFICIT_EXTREMO","periodo":"1–15 ago 2026","metodo":"IDW 6 estaciones CVC"},"geometry":{"type":"Polygon","coordinates":[[[-76.33575494674425,3.6343559020257143],[-76.29074317087074,3.6344216188879868],[-76.29067928345377,3.5891984070785687],[-76.33568883298412,3.5891335100034816],[-76.33575494674425,3.6343559020257143]]]}},{"type":"Feature","properties":{"v":12.1,"clase":"DEFICIT_EXTREMO","periodo":"1–15 ago 2026","metodo":"IDW 6 estaciones CVC"},"geometry":{"type":"Polygon","coordinates":[[[-76.29074317087074,3.6344216188879868],[-76.24573058970512,3.6344850847695698],[-76.24566892882883,3.5892610812527934],[-76.29067928345377,3.5891984070785687],[-76.29074317087074,3.6344216188879868]]]}},{"type":"Feature","properties":{"v":12.8,"clase":"DEFICIT_EXTREMO","periodo":"1–15 ago 2026","metodo":"IDW 6 estaciones CVC"},"geometry":{"type":"Polygon","coordinates":[[[-76.24573058970512,3.6344850847695698],[-76.2007172313124,3.6345462994746978],[-76.20065779716747,3.589321532332842],[-76.24566892882883,3.5892610812527934],[-76.24573058970512,3.6344850847695698]]]}},{"type":"Feature","properties":{"v":13.4,"clase":"DEFICIT_EXTREMO","periodo":"1–15 ago 2026","metodo":"IDW 6 estaciones CVC"},"geometry":{"type":"Polygon","coordinates":[[[-76.2007172313124,3.6345462994746978],[-76.15570312376003,3.6346052628145413],[-76.15564591653025,3.5893797601322524],[-76.20065779716747,3.589321532332842],[-76.2007172313124,3.6345462994746978]],[[-76.1659,3.6109],[-76.17135249312918,3.6091155477031815],[-76.1711,3.608999999999999],[-76.1659,3.6109]]]}},{"type":"Feature","properties":{"v":13.9,"clase":"DEFICIT_EXTREMO","periodo":"1–15 ago 2026","metodo":"IDW 6 estaciones CVC"},"geometry":{"type":"Polygon","coordinates":[[[-76.15570312376003,3.6346052628145413],[-76.11068829511781,3.634661974607207],[-76.11063331498006,3.589435764471411],[-76.15564591653025,3.5893797601322524],[-76.15570312376003,3.6346052628145413]]]}},{"type":"Feature","properties":{"v":14.3,"clase":"DEFICIT_EXTREMO","periodo":"1–15 ago 2026","metodo":"IDW 6 estaciones CVC"},"geometry":{"type":"Polygon","coordinates":[[[-76.11068829511781,3.634661974607207],[-76.06567277345779,3.634716434677743],[-76.06562002058209,3.589489545177558],[-76.11063331498006,3.589435764471411],[-76.11068829511781,3.634661974607207]],[[-76.08911297709923,3.621475381679388],[-76.08981921708187,3.6212693950177925],[-76.0895,3.621200000000001],[-76.08911297709923,3.621475381679388]],[[-76.08414687499999,3.625159134615398],[-76.08508400000002,3.6243421538461367],[-76.0843,3.624900000000001],[-76.08414687499999,3.625159134615398]],[[-76.0827,3.6294999999999997],[-76.0840721115538,3.6252856573704895],[-76.083,3.6271],[-76.0827,3.6294999999999997]],[[-76.0767,3.631099999999999],[-76.07689625668449,3.6289411764705948],[-76.0768,3.6290000000000004],[-76.0767,3.631099999999999]]]}},{"type":"Feature","properties":{"v":14.6,"clase":"DEFICIT_EXTREMO","periodo":"1–15 ago 2026","metodo":"IDW 6 estaciones CVC"},"geometry":{"type":"Polygon","coordinates":[[[-76.06567277345779,3.634716434677743],[-76.02065658685414,3.634768642858137],[-76.02060606140365,3.589541102084787],[-76.06562002058209,3.589489545177558],[-76.06567277345779,3.634716434677743]]]}},{"type":"Feature","properties":{"v":14.9,"clase":"DEFICIT_EXTREMO","periodo":"1–15 ago 2026","metodo":"IDW 6 estaciones CVC"},"geometry":{"type":"Polygon","coordinates":[[[-76.02060606140365,3.589541102084787],[-76.02065658685414,3.634768642858137],[-75.99286647760309,3.63479974823205],[-75.9903,3.6312999999999995],[-75.9901,3.6297],[-75.9866,3.6234],[-75.9879,3.6204],[-75.9884,3.6179999999999994],[-75.9877,3.6168],[-75.9888,3.613999999999999],[-75.992,3.6117000000000004],[-75.9953,3.6111000000000004],[-75.9938,3.609599999999999],[-75.994,3.6076],[-75.9923,3.603499999999999],[-75.9922,3.5976],[-75.988,3.5949999999999998],[-75.9872,3.591799999999999],[-75.9852020774398,3.58958008923906],[-76.02060606140365,3.589541102084787]]]}},{"type":"Feature","properties":{"v":31.2,"clase":"DEFICIT_ALTO","periodo":"1–15 ago 2026","metodo":"IDW 6 estaciones CVC"},"geometry":{"type":"Polygon","coordinates":[[[-77.14590471449392,3.67799113454225],[-77.14579723021318,3.632788345449669],[-77.1907883770485,3.6326799063626463],[-77.19079929868364,3.6372040893050523],[-77.1885,3.637999999999999],[-77.1875,3.6395],[-77.1873,3.6409],[-77.1897,3.6462],[-77.1892,3.653200000000001],[-77.1845,3.6550000000000007],[-77.1822,3.6548000000000003],[-77.1767,3.649399999999999],[-77.1656,3.6447],[-77.1632,3.6496999999999997],[-77.1652,3.6527999999999983],[-77.1659,3.6608999999999994],[-77.1666,3.6737999999999995],[-77.16573129830263,3.67794303475738],[-77.14590471449392,3.67799113454225]]]}},{"type":"Feature","properties":{"v":31.5,"clase":"DEFICIT_ALTO","periodo":"1–15 ago 2026","metodo":"IDW 6 estaciones CVC"},"geometry":{"type":"Polygon","coordinates":[[[-77.14590471449392,3.67799113454225],[-77.10090998009227,3.6780986525153323],[-77.10080474542751,3.632894538591139],[-77.14579723021318,3.632788345449669],[-77.14590471449392,3.67799113454225]]]}},{"type":"Feature","properties":{"v":31.1,"clase":"DEFICIT_ALTO","periodo":"1–15 ago 2026","metodo":"IDW 6 estaciones CVC"},"geometry":{"type":"Polygon","coordinates":[[[-77.10090998009227,3.6780986525153323],[-77.05591393541754,3.6782038961921657],[-77.05581095069387,3.6329984854598436],[-77.10080474542751,3.632894538591139],[-77.10090998009227,3.6780986525153323]]]}},{"type":"Feature","properties":{"v":29.9,"clase":"DEFICIT_ALTO","periodo":"1–15 ago 2026","metodo":"IDW 6 estaciones CVC"},"geometry":{"type":"Polygon","coordinates":[[[-77.05591393541754,3.6782038961921657],[-77.01091660848304,3.6783068652484214],[-77.01081587401862,3.63310018573547],[-77.05581095069387,3.6329984854598436],[-77.05591393541754,3.6782038961921657]]]}},{"type":"Feature","properties":{"v":27.7,"clase":"DEFICIT_ALTO","periodo":"1–15 ago 2026","metodo":"IDW 6 estaciones CVC"},"geometry":{"type":"Polygon","coordinates":[[[-77.01091660848304,3.6783068652484214],[-76.96591802730616,3.6784075593667596],[-76.9658195434122,3.633199639104606],[-77.01081587401862,3.63310018573547],[-77.01091660848304,3.6783068652484214]]]}},{"type":"Feature","properties":{"v":24.5,"clase":"DEFICIT_ALTO","periodo":"1–15 ago 2026","metodo":"IDW 6 estaciones CVC"},"geometry":{"type":"Polygon","coordinates":[[[-76.96591802730616,3.6784075593667596],[-76.9209182199081,3.678505978236832],[-76.92082198688891,3.6332968452607446],[-76.9658195434122,3.633199639104606],[-76.96591802730616,3.6784075593667596]]]}},{"type":"Feature","properties":{"v":20.2,"clase":"DEFICIT_ALTO","periodo":"1–15 ago 2026","metodo":"IDW 6 estaciones CVC"},"geometry":{"type":"Polygon","coordinates":[[[-76.9209182199081,3.678505978236832],[-76.87591721431397,3.6786021215552793],[-76.8758232324669,3.633391803904285],[-76.92082198688891,3.6332968452607446],[-76.9209182199081,3.678505978236832]]]}},{"type":"Feature","properties":{"v":15.4,"clase":"DEFICIT_EXTREMO","periodo":"1–15 ago 2026","metodo":"IDW 6 estaciones CVC"},"geometry":{"type":"Polygon","coordinates":[[[-76.87591721431397,3.6786021215552793],[-76.83091503855258,3.6786959890257425],[-76.83082330816804,3.6334845147425345],[-76.8758232324669,3.633391803904285],[-76.87591721431397,3.6786021215552793]]]}},{"type":"Feature","properties":{"v":10.3,"clase":"DEFICIT_EXTREMO","periodo":"1–15 ago 2026","metodo":"IDW 6 estaciones CVC"},"geometry":{"type":"Polygon","coordinates":[[[-76.78591172065639,3.678787580358857],[-76.78582224201787,3.63357497748971],[-76.83082330816804,3.6334845147425345],[-76.83091503855258,3.6786959890257425],[-76.79292823606121,3.678773450190086],[-76.79292685571309,3.678764970809008],[-76.79292034264355,3.6787734661173195],[-76.78591172065639,3.678787580358857]],[[-76.8057,3.6478000000000006],[-76.808,3.6464],[-76.808,3.6462076923076885],[-76.8057,3.6478000000000006]],[[-76.7943,3.6701999999999995],[-76.79558670988655,3.6725463533225273],[-76.793,3.664699999999999],[-76.7943,3.6701999999999995]],[[-76.79568286445013,3.674291048593365],[-76.796,3.6737999999999995],[-76.79591880920164,3.673553721244924],[-76.79568286445013,3.674291048593365]]]}},{"type":"Feature","properties":{"v":5.2,"clase":"DEFICIT_EXTREMO","periodo":"1–15 ago 2026","metodo":"IDW 6 estaciones CVC"},"geometry":{"type":"Polygon","coordinates":[[[-76.78591172065639,3.678787580358857],[-76.74090728866143,3.678876895272256],[-76.74082006204547,3.6336631918669444],[-76.78582224201787,3.63357497748971],[-76.78591172065639,3.678787580358857]]]}},{"type":"Feature","properties":{"v":1.0,"clase":"DEFICIT_EXTREMO","periodo":"1–15 ago 2026","metodo":"IDW 6 estaciones CVC"},"geometry":{"type":"Polygon","coordinates":[[[-76.74090728866143,3.678876895272256],[-76.69590177060722,3.6789639334905786],[-76.6958167962834,3.633749157602282],[-76.74082006204547,3.6336631918669444],[-76.74090728866143,3.678876895272256]]]}},{"type":"Feature","properties":{"v":0.4,"clase":"DEFICIT_EXTREMO","periodo":"1–15 ago 2026","metodo":"IDW 6 estaciones CVC"},"geometry":{"type":"Polygon","coordinates":[[[-76.69590177060722,3.6789639334905786],[-76.65089519453664,3.6790486947454646],[-76.65081247276763,3.6338328744306856],[-76.6958167962834,3.633749157602282],[-76.69590177060722,3.6789639334905786]]]}},{"type":"Feature","properties":{"v":4.9,"clase":"DEFICIT_EXTREMO","periodo":"1–15 ago 2026","metodo":"IDW 6 estaciones CVC"},"geometry":{"type":"Polygon","coordinates":[[[-76.65089519453664,3.6790486947454646],[-76.6058875884959,3.67913117877556],[-76.60580711953739,3.633914342094037],[-76.65081247276763,3.6338328744306856],[-76.65089519453664,3.6790486947454646]]]}},{"type":"Feature","properties":{"v":9.7,"clase":"DEFICIT_EXTREMO","periodo":"1–15 ago 2026","metodo":"IDW 6 estaciones CVC"},"geometry":{"type":"Polygon","coordinates":[[[-76.6058875884959,3.67913117877556],[-76.56087898053443,3.6792113853265196],[-76.56080076463516,3.633993560341138],[-76.60580711953739,3.633914342094037],[-76.6058875884959,3.67913117877556]]]}},{"type":"Feature","properties":{"v":10.1,"clase":"DEFICIT_EXTREMO","periodo":"1–15 ago 2026","metodo":"IDW 6 estaciones CVC"},"geometry":{"type":"Polygon","coordinates":[[[-76.56087898053443,3.6792113853265196],[-76.51586939870475,3.679289314151006],[-76.51579343610652,3.6340705289277175],[-76.56080076463516,3.633993560341138],[-76.56087898053443,3.6792113853265196]],[[-76.553,3.6375],[-76.5543,3.6353000000000004],[-76.55432587690271,3.6351323626737324],[-76.553,3.6375]],[[-76.53046417910447,3.6523955223880584],[-76.5305,3.6524],[-76.5325,3.6511000000000005],[-76.53046417910447,3.6523955223880584]],[[-76.5283,3.6519],[-76.52814819277108,3.6521060240963865],[-76.52958571428572,3.6522857142857146],[-76.5283,3.6519]],[[-76.5269,3.653800000000001],[-76.5269098765432,3.6538851851851857],[-76.52759999999996,3.6528500000000497],[-76.5269,3.653800000000001]]]}},{"type":"Feature","properties":{"v":6.2,"clase":"DEFICIT_EXTREMO","periodo":"1–15 ago 2026","metodo":"IDW 6 estaciones CVC"},"geometry":{"type":"Polygon","coordinates":[[[-76.51586939870475,3.679289314151006],[-76.47085887106246,3.6793649650086953],[-76.4707851620001,3.6341452476164227],[-76.51579343610652,3.6340705289277175],[-76.51586939870475,3.679289314151006]]]}},{"type":"Feature","properties":{"v":2.8,"clase":"DEFICIT_EXTREMO","periodo":"1–15 ago 2026","metodo":"IDW 6 estaciones CVC"},"geometry":{"type":"Polygon","coordinates":[[[-76.47085887106246,3.6793649650086953],[-76.42584742566608,3.6794383376662774],[-76.42577597036751,3.634217716176833],[-76.4707851620001,3.6341452476164227],[-76.47085887106246,3.6793649650086953]],[[-76.4342,3.6752999999999996],[-76.4347,3.6733000000000007],[-76.43430095011877,3.670656294536816],[-76.4342,3.6752999999999996]],[[-76.43438032520325,3.6670050406504027],[-76.43502051282051,3.66567893772894],[-76.4344,3.6660999999999992],[-76.43438032520325,3.6670050406504027]],[[-76.4439,3.6645000000000008],[-76.4474,3.662199999999999],[-76.44734222222222,3.661918333333336],[-76.4439,3.6645000000000008]]]}},{"type":"Feature","properties":{"v":3.9,"clase":"DEFICIT_EXTREMO","periodo":"1–15 ago 2026","metodo":"IDW 6 estaciones CVC"},"geometry":{"type":"Polygon","coordinates":[[[-76.42584742566608,3.6794383376662774],[-76.38083509057702,3.6795094318974533],[-76.38076588926315,3.634287934385452],[-76.42577597036751,3.634217716176833],[-76.42584742566608,3.6794383376662774]],[[-76.4223,3.6780999999999993],[-76.42506265223275,3.6786715832205674],[-76.4251,3.6786000000000003],[-76.4223,3.6780999999999993]]]}},{"type":"Feature","properties":{"v":6.7,"clase":"DEFICIT_EXTREMO","periodo":"1–15 ago 2026","metodo":"IDW 6 estaciones CVC"},"geometry":{"type":"Polygon","coordinates":[[[-76.38083509057702,3.6795094318974533],[-76.33582189385945,3.6795782474829437],[-76.33575494674425,3.6343559020257143],[-76.38076588926315,3.634287934385452],[-76.38083509057702,3.6795094318974533]]]}},{"type":"Feature","properties":{"v":8.9,"clase":"DEFICIT_EXTREMO","periodo":"1–15 ago 2026","metodo":"IDW 6 estaciones CVC"},"geometry":{"type":"Polygon","coordinates":[[[-76.33582189385945,3.6795782474829437],[-76.29080786358024,3.6796447842104896],[-76.29074317087074,3.6344216188879868],[-76.33575494674425,3.6343559020257143],[-76.33582189385945,3.6795782474829437]]]}},{"type":"Feature","properties":{"v":10.3,"clase":"DEFICIT_EXTREMO","periodo":"1–15 ago 2026","metodo":"IDW 6 estaciones CVC"},"geometry":{"type":"Polygon","coordinates":[[[-76.29080786358024,3.6796447842104896],[-76.24579302780889,3.6797090418748466],[-76.24573058970512,3.6344850847695698],[-76.29074317087074,3.6344216188879868],[-76.29080786358024,3.6796447842104896]]]}},{"type":"Feature","properties":{"v":11.3,"clase":"DEFICIT_EXTREMO","periodo":"1–15 ago 2026","metodo":"IDW 6 estaciones CVC"},"geometry":{"type":"Polygon","coordinates":[[[-76.2007172313124,3.6345462994746978],[-76.24573058970512,3.6344850847695698],[-76.24579302780889,3.6797090418748466],[-76.20077741461735,3.679771020277798],[-76.2007547008105,3.6627687913872182],[-76.2014965317919,3.662578034682081],[-76.2012,3.6625000000000005],[-76.20075460545493,3.662697246272946],[-76.2007172313124,3.6345462994746978]],[[-76.21989999999991,3.6785999999998635],[-76.21911198156681,3.6773741935483897],[-76.2191,3.6774],[-76.21989999999991,3.6785999999998635]]]}},{"type":"Feature","properties":{"v":12.1,"clase":"DEFICIT_EXTREMO","periodo":"1–15 ago 2026","metodo":"IDW 6 estaciones CVC"},"geometry":{"type":"Polygon","coordinates":[[[-76.20077741461735,3.679771020277798],[-76.15576105208005,3.6798307192281468],[-76.15570312376003,3.6346052628145413],[-76.2007172313124,3.6345462994746978],[-76.20075460545493,3.662697246272946],[-76.20036923076923,3.662867912087916],[-76.2007547008105,3.6627687913872182],[-76.20077741461735,3.679771020277798]]]}},{"type":"Feature","properties":{"v":12.8,"clase":"DEFICIT_EXTREMO","periodo":"1–15 ago 2026","metodo":"IDW 6 estaciones CVC"},"geometry":{"type":"Polygon","coordinates":[[[-76.15576105208005,3.6798307192281468],[-76.11074396827375,3.6798881385417204],[-76.11068829511781,3.634661974607207],[-76.15570312376003,3.6346052628145413],[-76.15576105208005,3.6798307192281468]]]}},{"type":"Feature","properties":{"v":13.4,"clase":"DEFICIT_EXTREMO","periodo":"1–15 ago 2026","metodo":"IDW 6 estaciones CVC"},"geometry":{"type":"Polygon","coordinates":[[[-76.11074396827375,3.6798881385417204],[-76.06572619127745,3.6799432780413732],[-76.06567277345779,3.634716434677743],[-76.11068829511781,3.634661974607207],[-76.11074396827375,3.6798881385417204]],[[-76.077,3.6386999999999996],[-76.0764,3.6373999999999995],[-76.07695409836066,3.6387852459016385],[-76.077,3.6386999999999996]],[[-76.07650000000001,3.6420999999999992],[-76.07642123287671,3.6412729452054697],[-76.07605769230769,3.642763461538465],[-76.07650000000001,3.6420999999999992]],[[-76.0743,3.645399999999999],[-76.07588,3.6430299999999995],[-76.07520000000001,3.6431999999999998],[-76.0743,3.645399999999999]]]}},{"type":"Feature","properties":{"v":13.9,"clase":"DEFICIT_EXTREMO","periodo":"1–15 ago 2026","metodo":"IDW 6 estaciones CVC"},"geometry":{"type":"Polygon","coordinates":[[[-76.06572619127745,3.6799432780413732],[-76.02070774917232,3.6799961375569863],[-76.02065658685414,3.634768642858137],[-76.06567277345779,3.634716434677743],[-76.06572619127745,3.6799432780413732]]]}},{"type":"Feature","properties":{"v":14.3,"clase":"DEFICIT_EXTREMO","periodo":"1–15 ago 2026","metodo":"IDW 6 estaciones CVC"},"geometry":{"type":"Polygon","coordinates":[[[-76.02065658685414,3.634768642858137],[-76.02070774917232,3.6799961375569863],[-75.9756886700416,3.6800467169254696],[-75.9756639073503,3.6572169476182035],[-75.9771,3.6535],[-75.9764,3.6478000000000006],[-75.9771,3.6435999999999993],[-75.9789,3.6430999999999996],[-75.9795,3.6420000000000003],[-75.9828,3.6421000000000006],[-75.9836,3.6405],[-75.9852,3.6416999999999997],[-75.9887,3.6426000000000003],[-75.9908,3.6398000000000006],[-75.9925,3.6399],[-75.9937,3.6384],[-75.9936,3.6357999999999993],[-75.99286647760309,3.63479974823205],[-76.02065658685414,3.634768642858137]]]}},{"type":"Feature","properties":{"v":14.4,"clase":"DEFICIT_EXTREMO","periodo":"1–15 ago 2026","metodo":"IDW 6 estaciones CVC"},"geometry":{"type":"Polygon","coordinates":[[[-75.9756886700416,3.6800467169254696],[-75.95369509854297,3.680070597555802],[-75.9536,3.679499999999999],[-75.9527,3.6780999999999993],[-75.95,3.677],[-75.9507,3.6756999999999995],[-75.9504,3.674],[-75.9529,3.6728000000000005],[-75.954,3.6694],[-75.9579,3.6637],[-75.9619,3.6631999999999993],[-75.9634,3.6649999999999996],[-75.9657,3.6646999999999994],[-75.9671,3.662999999999999],[-75.971,3.6613],[-75.9732,3.6578000000000004],[-75.9754,3.6578999999999993],[-75.9756639073503,3.6572169476182035],[-75.9756886700416,3.6800467169254696]]]}},{"type":"Feature","properties":{"v":33.7,"clase":"DEFICIT_ALTO","periodo":"1–15 ago 2026","metodo":"IDW 6 estaciones CVC"},"geometry":{"type":"Polygon","coordinates":[[[-77.19100921046609,3.7230827296893403],[-77.1460135370577,3.7231938746086457],[-77.14590471449392,3.67799113454225],[-77.16573129830263,3.67794303475738],[-77.1653,3.68],[-77.1654,3.6848],[-77.1691,3.685800000000001],[-77.1714,3.6917],[-77.1774,3.6928],[-77.1787,3.6921],[-77.1817,3.6870999999999996],[-77.18430000000001,3.6858999999999993],[-77.1854,3.681399999999999],[-77.1873,3.6809],[-77.1891,3.681399999999999],[-77.1904,3.6964000000000006],[-77.19094874499903,3.6985511224508114],[-77.19100921046609,3.7230827296893403]]]}},{"type":"Feature","properties":{"v":34.2,"clase":"DEFICIT_ALTO","periodo":"1–15 ago 2026","metodo":"IDW 6 estaciones CVC"},"geometry":{"type":"Polygon","coordinates":[[[-77.1460135370577,3.7231938746086457],[-77.10101652503079,3.7233027175409443],[-77.10090998009227,3.6780986525153323],[-77.14590471449392,3.67799113454225],[-77.1460135370577,3.7231938746086457]]]}},{"type":"Feature","properties":{"v":34.4,"clase":"DEFICIT_ALTO","periodo":"1–15 ago 2026","metodo":"IDW 6 estaciones CVC"},"geometry":{"type":"Polygon","coordinates":[[[-77.10101652503079,3.7233027175409443],[-77.05601820240162,3.723409258150822],[-77.05591393541754,3.6782038961921657],[-77.10090998009227,3.6780986525153323],[-77.10101652503079,3.7233027175409443]]]}},{"type":"Feature","properties":{"v":33.7,"clase":"DEFICIT_ALTO","periodo":"1–15 ago 2026","metodo":"IDW 6 estaciones CVC"},"geometry":{"type":"Polygon","coordinates":[[[-77.05601820240162,3.723409258150822],[-77.01101859719053,3.723513496109934],[-77.01091660848304,3.6783068652484214],[-77.05591393541754,3.6782038961921657],[-77.05601820240162,3.723409258150822]]]}},{"type":"Feature","properties":{"v":31.7,"clase":"DEFICIT_ALTO","periodo":"1–15 ago 2026","metodo":"IDW 6 estaciones CVC"},"geometry":{"type":"Polygon","coordinates":[[[-77.01101859719053,3.723513496109934],[-76.96601773742191,3.723615431097012],[-76.96591802730616,3.6784075593667596],[-77.01091660848304,3.6783068652484214],[-77.01101859719053,3.723513496109934]]]}},{"type":"Feature","properties":{"v":28.1,"clase":"DEFICIT_ALTO","periodo":"1–15 ago 2026","metodo":"IDW 6 estaciones CVC"},"geometry":{"type":"Polygon","coordinates":[[[-76.96601773742191,3.723615431097012],[-76.921015651124,3.7237150627978615],[-76.9209182199081,3.678505978236832],[-76.96591802730616,3.6784075593667596],[-76.96601773742191,3.723615431097012]]]}},{"type":"Feature","properties":{"v":23.1,"clase":"DEFICIT_ALTO","periodo":"1–15 ago 2026","metodo":"IDW 6 estaciones CVC"},"geometry":{"type":"Polygon","coordinates":[[[-76.921015651124,3.7237150627978615],[-76.87601236632894,3.7238123909053695],[-76.87591721431397,3.6786021215552793],[-76.9209182199081,3.678505978236832],[-76.921015651124,3.7237150627978615]]]}},{"type":"Feature","properties":{"v":17.5,"clase":"DEFICIT_EXTREMO","periodo":"1–15 ago 2026","metodo":"IDW 6 estaciones CVC"},"geometry":{"type":"Polygon","coordinates":[[[-76.87601236632894,3.7238123909053695],[-76.83100791107252,3.723907415119505],[-76.83091503855258,3.6786959890257425],[-76.87591721431397,3.6786021215552793],[-76.87601236632894,3.7238123909053695]]]}},{"type":"Feature","properties":{"v":11.9,"clase":"DEFICIT_EXTREMO","periodo":"1–15 ago 2026","metodo":"IDW 6 estaciones CVC"},"geometry":{"type":"Polygon","coordinates":[[[-76.83091503855258,3.6786959890257425],[-76.83100791107252,3.723907415119505],[-76.78600231339425,3.7240001351473215],[-76.78591172065639,3.678787580358857],[-76.79292034264355,3.6787734661173195],[-76.7929,3.6788000000000007],[-76.79360000000001,3.682899999999999],[-76.79292823606121,3.678773450190086],[-76.83091503855258,3.6786959890257425]],[[-76.7957,3.6875000000000004],[-76.79586252545825,3.6876470468431837],[-76.7955,3.685200000000001],[-76.7957,3.6875000000000004]],[[-76.79810000000002,3.6914000000000002],[-76.8001,3.692299999999998],[-76.7980688118812,3.691192079207923],[-76.79810000000002,3.6914000000000002]]]}},{"type":"Feature","properties":{"v":6.9,"clase":"DEFICIT_EXTREMO","periodo":"1–15 ago 2026","metodo":"IDW 6 estaciones CVC"},"geometry":{"type":"Polygon","coordinates":[[[-76.78600231339425,3.7240001351473215],[-76.74099560133722,3.7240905507029565],[-76.74090728866143,3.678876895272256],[-76.78591172065639,3.678787580358857],[-76.78600231339425,3.7240001351473215]]]}},{"type":"Feature","properties":{"v":3.3,"clase":"DEFICIT_EXTREMO","periodo":"1–15 ago 2026","metodo":"IDW 6 estaciones CVC"},"geometry":{"type":"Polygon","coordinates":[[[-76.74099560133722,3.7240905507029565],[-76.69598780294795,3.724178661507636],[-76.69590177060722,3.6789639334905786],[-76.74090728866143,3.678876895272256],[-76.74099560133722,3.7240905507029565]]]}},{"type":"Feature","properties":{"v":3.1,"clase":"DEFICIT_EXTREMO","periodo":"1–15 ago 2026","metodo":"IDW 6 estaciones CVC"},"geometry":{"type":"Polygon","coordinates":[[[-76.69598780294795,3.724178661507636],[-76.65097894627635,3.724264467289681],[-76.65089519453664,3.6790486947454646],[-76.69590177060722,3.6789639334905786],[-76.69598780294795,3.724178661507636]]]}},{"type":"Feature","properties":{"v":7.2,"clase":"DEFICIT_EXTREMO","periodo":"1–15 ago 2026","metodo":"IDW 6 estaciones CVC"},"geometry":{"type":"Polygon","coordinates":[[[-76.6059690593757,3.724347967784499],[-76.6058875884959,3.67913117877556],[-76.65089519453664,3.6790486947454646],[-76.65097894627635,3.724264467289681],[-76.6456754360153,3.724274426061363],[-76.6423,3.7198],[-76.64540357494892,3.7242749356907487],[-76.6059690593757,3.724347967784499]],[[-76.6409190245478,3.707168087855296],[-76.6409,3.7072000000000003],[-76.6428,3.7139],[-76.6409190245478,3.707168087855296]],[[-76.6441,3.7015],[-76.644,3.7010142857143355],[-76.644,3.7016749999999816],[-76.6441,3.7015]],[[-76.6434,3.6980999999999997],[-76.64198848314606,3.6956721910112216],[-76.64362512,3.699193439999976],[-76.6434,3.6980999999999997]],[[-76.64077549019608,3.6925549019607797],[-76.6407,3.6928999999999985],[-76.64084015444016,3.693201544401555],[-76.64077549019608,3.6925549019607797]]]}},{"type":"Feature","properties":{"v":11.5,"clase":"DEFICIT_EXTREMO","periodo":"1–15 ago 2026","metodo":"IDW 6 estaciones CVC"},"geometry":{"type":"Polygon","coordinates":[[[-76.6059690593757,3.724347967784499],[-76.56095817030243,3.7244291627345945],[-76.56087898053443,3.6792113853265196],[-76.6058875884959,3.67913117877556],[-76.6059690593757,3.724347967784499]]]}},{"type":"Feature","properties":{"v":11.3,"clase":"DEFICIT_EXTREMO","periodo":"1–15 ago 2026","metodo":"IDW 6 estaciones CVC"},"geometry":{"type":"Polygon","coordinates":[[[-76.56095817030243,3.7244291627345945],[-76.5159463071161,3.7245080518895675],[-76.51586939870475,3.679289314151006],[-76.56087898053443,3.6792113853265196],[-76.56095817030243,3.7244291627345945]]]}},{"type":"Feature","properties":{"v":5.4,"clase":"DEFICIT_EXTREMO","periodo":"1–15 ago 2026","metodo":"IDW 6 estaciones CVC"},"geometry":{"type":"Polygon","coordinates":[[[-76.5159463071161,3.7245080518895675],[-76.47093349787937,3.7245846350061207],[-76.47085887106246,3.6793649650086953],[-76.51586939870475,3.679289314151006],[-76.5159463071161,3.7245080518895675]],[[-76.5062,3.699199999999998],[-76.5044,3.697099999999999],[-76.50407176399759,3.6969415412402125],[-76.50872071611258,3.70278414322257],[-76.5062,3.699199999999998]],[[-76.5015,3.695699999999998],[-76.5012081081081,3.6957668918918904],[-76.50249618320609,3.69618091603053],[-76.5015,3.695699999999998]],[[-76.5126,3.7082999999999995],[-76.5112806153846,3.7064239999999877],[-76.5114,3.7072000000000003],[-76.512585,3.7083850000000056],[-76.5126,3.7082999999999995]]]}},{"type":"Feature","properties":{"v":0.1,"clase":"DEFICIT_EXTREMO","periodo":"1–15 ago 2026","metodo":"IDW 6 estaciones CVC"},"geometry":{"type":"Polygon","coordinates":[[[-76.47093349787937,3.7245846350061207],[-76.4259197706578,3.724658911848051],[-76.42584742566608,3.6794383376662774],[-76.47085887106246,3.6793649650086953],[-76.47093349787937,3.7245846350061207]]]}},{"type":"Feature","properties":{"v":2.2,"clase":"DEFICIT_EXTREMO","periodo":"1–15 ago 2026","metodo":"IDW 6 estaciones CVC"},"geometry":{"type":"Polygon","coordinates":[[[-76.4259197706578,3.724658911848051],[-76.38090515351983,3.7247308821862575],[-76.38083509057702,3.6795094318974533],[-76.42584742566608,3.6794383376662774],[-76.4259197706578,3.724658911848051]],[[-76.4124,3.7200000000000006],[-76.4128,3.717],[-76.41235376344086,3.7145903225806527],[-76.4124,3.7200000000000006]],[[-76.41230934065935,3.7093928571428503],[-76.41266756756757,3.7078405405405412],[-76.4123,3.7083],[-76.41230934065935,3.7093928571428503]],[[-76.4168,3.7075],[-76.4131,3.707300000000001],[-76.41278288288288,3.7076963963963965],[-76.4173,3.7075],[-76.4194,3.7063999999999986],[-76.4168,3.7075]],[[-76.4197746781116,3.7021848712446412],[-76.4196,3.7022999999999997],[-76.4194,3.7063999999999986],[-76.4197746781116,3.7021848712446412]],[[-76.42488846153846,3.6981307692307754],[-76.4252,3.6978999999999997],[-76.42523324099723,3.6976382271468027],[-76.42488846153846,3.6981307692307754]],[[-76.424272,3.686416000000007],[-76.42424285714286,3.6856000000000004],[-76.4242,3.6862],[-76.424272,3.686416000000007]],[[-76.42434862385323,3.684119266055036],[-76.42570410958903,3.6815589041096093],[-76.4244,3.683399999999999],[-76.42434862385323,3.684119266055036]]]}},{"type":"Feature","properties":{"v":5.6,"clase":"DEFICIT_EXTREMO","periodo":"1–15 ago 2026","metodo":"IDW 6 estaciones CVC"},"geometry":{"type":"Polygon","coordinates":[[[-76.38090515351983,3.7247308821862575],[-76.33588967453672,3.7248005457987508],[-76.33582189385945,3.6795782474829437],[-76.38083509057702,3.6795094318974533],[-76.38090515351983,3.7247308821862575]],[[-76.33938936170213,3.7186627659574447],[-76.33933333333333,3.7184666666666555],[-76.3393,3.7186999999999997],[-76.33938936170213,3.7186627659574447]],[[-76.33923529411766,3.718123529411761],[-76.3392,3.7179999999999986],[-76.3382,3.718899999999999],[-76.33923529411766,3.718123529411761]]]}},{"type":"Feature","properties":{"v":7.7,"clase":"DEFICIT_EXTREMO","periodo":"1–15 ago 2026","metodo":"IDW 6 estaciones CVC"},"geometry":{"type":"Polygon","coordinates":[[[-76.33588967453672,3.7248005457987508],[-76.29087336178235,3.7248679024706375],[-76.29080786358024,3.6796447842104896],[-76.33582189385945,3.6795782474829437],[-76.33588967453672,3.7248005457987508]],[[-76.32669333333334,3.7085088888888915],[-76.3266,3.708400000000001],[-76.3249,3.7109],[-76.32669333333334,3.7085088888888915]]]}},{"type":"Feature","properties":{"v":9.1,"clase":"DEFICIT_EXTREMO","periodo":"1–15 ago 2026","metodo":"IDW 6 estaciones CVC"},"geometry":{"type":"Polygon","coordinates":[[[-76.29087336178235,3.7248679024706375],[-76.24585624333325,3.7249329519941354],[-76.24579302780889,3.6797090418748466],[-76.29080786358024,3.6796447842104896],[-76.29087336178235,3.7248679024706375]],[[-76.2822,3.6939],[-76.2778,3.6896999999999998],[-76.2776494623656,3.6897451612903214],[-76.2822,3.6939]],[[-76.2577,3.686899999999999],[-76.2605,3.6865999999999994],[-76.263,3.6876000000000007],[-76.2603,3.6865000000000006],[-76.2577,3.686899999999999]]]}},{"type":"Feature","properties":{"v":10.2,"clase":"DEFICIT_EXTREMO","periodo":"1–15 ago 2026","metodo":"IDW 6 estaciones CVC"},"geometry":{"type":"Polygon","coordinates":[[[-76.24585624333325,3.7249329519941354],[-76.20083834726846,3.7249956941685705],[-76.20077741461735,3.679771020277798],[-76.24579302780889,3.6797090418748466],[-76.24585624333325,3.7249329519941354]],[[-76.22657012987013,3.6848246753246743],[-76.2247,3.6822999999999997],[-76.2263,3.6847000000000008],[-76.22657012987013,3.6848246753246743]],[[-76.22085492957747,3.680032394366201],[-76.2209,3.6801000000000013],[-76.2247,3.6822999999999997],[-76.22085492957747,3.680032394366201]]]}},{"type":"Feature","properties":{"v":11.1,"clase":"DEFICIT_EXTREMO","periodo":"1–15 ago 2026","metodo":"IDW 6 estaciones CVC"},"geometry":{"type":"Polygon","coordinates":[[[-76.20083834726846,3.7249956941685705],[-76.15581970166944,3.7250561288003787],[-76.15576105208005,3.6798307192281468],[-76.20077741461735,3.679771020277798],[-76.20083834726846,3.7249956941685705]]]}},{"type":"Feature","properties":{"v":12.0,"clase":"DEFICIT_EXTREMO","periodo":"1–15 ago 2026","metodo":"IDW 6 estaciones CVC"},"geometry":{"type":"Polygon","coordinates":[[[-76.15581970166944,3.7250561288003787],[-76.11080033462004,3.725114255703109],[-76.11074396827375,3.6798881385417204],[-76.15576105208005,3.6798307192281468],[-76.15581970166944,3.7250561288003787]],[[-76.1163,3.706399999999999],[-76.11448070273285,3.716497099832675],[-76.1146,3.7163],[-76.1163,3.706399999999999]],[[-76.11266179775284,3.719502247190983],[-76.1125,3.7197],[-76.11244587737842,3.719858985200872],[-76.11266179775284,3.719502247190983]],[[-76.1118263157895,3.721678947368385],[-76.11094381161008,3.7242713033953865],[-76.1111,3.724100000000001],[-76.1118263157895,3.721678947368385]]]}},{"type":"Feature","properties":{"v":12.7,"clase":"DEFICIT_EXTREMO","periodo":"1–15 ago 2026","metodo":"IDW 6 estaciones CVC"},"geometry":{"type":"Polygon","coordinates":[[[-76.06578027420628,3.7251700746974197],[-76.06572619127745,3.6799432780413732],[-76.11074396827375,3.6798881385417204],[-76.11080033462004,3.725114255703109],[-76.110174515886,3.72511504746093],[-76.11029732142853,3.724980357142887],[-76.11015742864443,3.725115069072685],[-76.06578027420628,3.7251700746974197]]]}},{"type":"Feature","properties":{"v":13.3,"clase":"DEFICIT_EXTREMO","periodo":"1–15 ago 2026","metodo":"IDW 6 estaciones CVC"},"geometry":{"type":"Polygon","coordinates":[[[-76.06578027420628,3.7251700746974197],[-76.02075954851638,3.725223585611085],[-76.02070774917232,3.6799961375569863],[-76.06572619127745,3.6799432780413732],[-76.06578027420628,3.7251700746974197]],[[-76.03772266666665,3.681116000000016],[-76.0382675,3.6802987499999924],[-76.0379,3.680499999999999],[-76.03772266666665,3.681116000000016]]]}},{"type":"Feature","properties":{"v":13.8,"clase":"DEFICIT_EXTREMO","periodo":"1–15 ago 2026","metodo":"IDW 6 estaciones CVC"},"geometry":{"type":"Polygon","coordinates":[[[-75.9756886700416,3.6800467169254696],[-76.02070774917232,3.6799961375569863],[-76.02075954851638,3.725223585611085],[-75.97573818564068,3.7252747882789987],[-75.97572781787386,3.715850645356988],[-75.9809,3.7179],[-75.98130205128206,3.7178581196581195],[-75.97572710678388,3.7152033931153294],[-75.9756886700416,3.6800467169254696]],[[-76.0073,3.7162000000000006],[-76.00778826907302,3.715674979491385],[-76.00688974358974,3.7162205128205126],[-76.0073,3.7162000000000006]],[[-75.9973,3.716700000000001],[-75.99809166666667,3.7166604166666657],[-75.993,3.7148000000000008],[-75.9973,3.716700000000001]],[[-75.98567379912663,3.717402729257641],[-75.9857,3.7174],[-75.993,3.7148000000000008],[-75.98567379912663,3.717402729257641]]]}},{"type":"Feature","properties":{"v":14.1,"clase":"DEFICIT_EXTREMO","periodo":"1–15 ago 2026","metodo":"IDW 6 estaciones CVC"},"geometry":{"type":"Polygon","coordinates":[[[-75.9756886700416,3.6800467169254696],[-75.97572710678388,3.7152033931153294],[-75.97397264150943,3.714367924528305],[-75.9756,3.7158000000000007],[-75.97572781787386,3.715850645356988],[-75.97573818564068,3.7252747882789987],[-75.94491413272624,3.7253085127538585],[-75.9441,3.722199999999998],[-75.9455,3.7159],[-75.9461,3.7152000000000007],[-75.9476,3.715199999999999],[-75.94930000000001,3.7135000000000002],[-75.9529,3.7141000000000006],[-75.9556,3.7135999999999996],[-75.9582,3.7101],[-75.95900000000002,3.7069],[-75.96030000000002,3.7057],[-75.9598,3.7044000000000006],[-75.9587,3.7001],[-75.9607,3.6965],[-75.9607,3.6942999999999993],[-75.9569,3.6891],[-75.9571,3.6857000000000006],[-75.9546,3.6854999999999993],[-75.95369509854297,3.680070597555802],[-75.9756886700416,3.6800467169254696]],[[-75.96233470633105,3.7160774218154082],[-75.9636,3.7189],[-75.9626,3.7160999999999995],[-75.96233470633105,3.7160774218154082]],[[-75.96139669421487,3.7037790633608836],[-75.964,3.7086000000000006],[-75.9616,3.703699999999999],[-75.96139669421487,3.7037790633608836]]]}},{"type":"Feature","properties":{"v":34.8,"clase":"DEFICIT_ALTO","periodo":"1–15 ago 2026","metodo":"IDW 6 estaciones CVC"},"geometry":{"type":"Polygon","coordinates":[[[-77.19100921046609,3.7230827296893403],[-77.19612130739276,3.723069956348395],[-77.1958,3.723899999999999],[-77.1972,3.7292999999999994],[-77.1985,3.744499999999999],[-77.197,3.7504999999999993],[-77.19530000000002,3.752100000000001],[-77.1915,3.752799999999999],[-77.19108235608466,3.7525429888362907],[-77.19100921046609,3.7230827296893403]]]}},{"type":"Feature","properties":{"v":35.8,"clase":"DEFICIT_MODERADO","periodo":"1–15 ago 2026","metodo":"IDW 6 estaciones CVC"},"geometry":{"type":"Polygon","coordinates":[[[-77.14612369824069,3.7683965650491134],[-77.1460135370577,3.7231938746086457],[-77.19100921046609,3.7230827296893403],[-77.19108235608466,3.7525429888362907],[-77.1902,3.7520000000000002],[-77.1898,3.7498999999999993],[-77.188,3.7485999999999997],[-77.1784,3.7484999999999995],[-77.175,3.7500999999999998],[-77.1713,3.7505000000000006],[-77.166,3.7574999999999994],[-77.1675,3.7633],[-77.17098554866755,3.768334697154053],[-77.14612369824069,3.7683965650491134]]]}},{"type":"Feature","properties":{"v":37.2,"clase":"DEFICIT_MODERADO","periodo":"1–15 ago 2026","metodo":"IDW 6 estaciones CVC"},"geometry":{"type":"Polygon","coordinates":[[[-77.14612369824069,3.7683965650491134],[-77.10112438057224,3.768506733069819],[-77.10101652503079,3.7233027175409443],[-77.1460135370577,3.7231938746086457],[-77.14612369824069,3.7683965650491134]]]}},{"type":"Feature","properties":{"v":38.2,"clase":"DEFICIT_MODERADO","periodo":"1–15 ago 2026","metodo":"IDW 6 estaciones CVC"},"geometry":{"type":"Polygon","coordinates":[[[-77.10112438057224,3.768506733069819],[-77.05612375196826,3.76861457073921],[-77.05601820240162,3.723409258150822],[-77.10101652503079,3.7233027175409443],[-77.10112438057224,3.768506733069819]]]}},{"type":"Feature","properties":{"v":38.2,"clase":"DEFICIT_MODERADO","periodo":"1–15 ago 2026","metodo":"IDW 6 estaciones CVC"},"geometry":{"type":"Polygon","coordinates":[[[-77.05612375196826,3.76861457073921],[-77.01112184045621,3.7687200777249243],[-77.01101859719053,3.723513496109934],[-77.05601820240162,3.723409258150822],[-77.05612375196826,3.76861457073921]]]}},{"type":"Feature","properties":{"v":36.6,"clase":"DEFICIT_MODERADO","periodo":"1–15 ago 2026","metodo":"IDW 6 estaciones CVC"},"geometry":{"type":"Polygon","coordinates":[[[-77.01112184045621,3.7687200777249243],[-76.96611867406757,3.768823253701762],[-76.96601773742191,3.723615431097012],[-77.01101859719053,3.723513496109934],[-77.01112184045621,3.7687200777249243]]]}},{"type":"Feature","properties":{"v":32.9,"clase":"DEFICIT_ALTO","periodo":"1–15 ago 2026","metodo":"IDW 6 estaciones CVC"},"geometry":{"type":"Polygon","coordinates":[[[-76.96611867406757,3.768823253701762],[-76.9211142808377,3.768924098351685],[-76.921015651124,3.7237150627978615],[-76.96601773742191,3.723615431097012],[-76.96611867406757,3.768823253701762]]]}},{"type":"Feature","properties":{"v":27.3,"clase":"DEFICIT_ALTO","periodo":"1–15 ago 2026","metodo":"IDW 6 estaciones CVC"},"geometry":{"type":"Polygon","coordinates":[[[-76.9211142808377,3.768924098351685],[-76.87610868880583,3.769022611363825],[-76.87601236632894,3.7238123909053695],[-76.921015651124,3.7237150627978615],[-76.9211142808377,3.768924098351685]]]}},{"type":"Feature","properties":{"v":21.0,"clase":"DEFICIT_ALTO","periodo":"1–15 ago 2026","metodo":"IDW 6 estaciones CVC"},"geometry":{"type":"Polygon","coordinates":[[[-76.87610868880583,3.769022611363825],[-76.83110192601488,3.769118792434478],[-76.83100791107252,3.723907415119505],[-76.87601236632894,3.7238123909053695],[-76.87610868880583,3.769022611363825]]]}},{"type":"Feature","properties":{"v":15.3,"clase":"DEFICIT_EXTREMO","periodo":"1–15 ago 2026","metodo":"IDW 6 estaciones CVC"},"geometry":{"type":"Polygon","coordinates":[[[-76.83110192601488,3.769118792434478],[-76.78609402051148,3.7692126412671128],[-76.78600231339425,3.7240001351473215],[-76.83100791107252,3.723907415119505],[-76.83110192601488,3.769118792434478]]]}},{"type":"Feature","properties":{"v":10.9,"clase":"DEFICIT_EXTREMO","periodo":"1–15 ago 2026","metodo":"IDW 6 estaciones CVC"},"geometry":{"type":"Polygon","coordinates":[[[-76.78609402051148,3.7692126412671128],[-76.74108500034582,3.7693041575723703],[-76.74099560133722,3.7240905507029565],[-76.78600231339425,3.7240001351473215],[-76.78609402051148,3.7692126412671128]]]}},{"type":"Feature","properties":{"v":8.4,"clase":"DEFICIT_EXTREMO","periodo":"1–15 ago 2026","metodo":"IDW 6 estaciones CVC"},"geometry":{"type":"Polygon","coordinates":[[[-76.74108500034582,3.7693041575723703],[-76.69607489357153,3.7693933410680684],[-76.69598780294795,3.724178661507636],[-76.74099560133722,3.7240905507029565],[-76.74108500034582,3.7693041575723703]]]}},{"type":"Feature","properties":{"v":8.9,"clase":"DEFICIT_EXTREMO","periodo":"1–15 ago 2026","metodo":"IDW 6 estaciones CVC"},"geometry":{"type":"Polygon","coordinates":[[[-76.69607489357153,3.7693933410680684],[-76.65106372824569,3.7694801914791984],[-76.65097894627635,3.724264467289681],[-76.69598780294795,3.724178661507636],[-76.69607489357153,3.7693933410680684]]]}},{"type":"Feature","properties":{"v":12.4,"clase":"DEFICIT_EXTREMO","periodo":"1–15 ago 2026","metodo":"IDW 6 estaciones CVC"},"geometry":{"type":"Polygon","coordinates":[[[-76.65097894627635,3.724264467289681],[-76.65106372824569,3.7694801914791984],[-76.60605153242864,3.7695647085379345],[-76.6059690593757,3.724347967784499],[-76.64540357494892,3.7242749356907487],[-76.64649173578199,3.7258438981042654],[-76.6466,3.7255],[-76.6456754360153,3.724274426061363],[-76.65097894627635,3.724264467289681]],[[-76.64370000000001,3.7384999999999993],[-76.6414,3.744499999999999],[-76.64141355932203,3.744597175141237],[-76.64370000000001,3.7384999999999993]],[[-76.61277524271844,3.7623174757281546],[-76.6111,3.7635000000000005],[-76.6128,3.7624000000000004],[-76.61277524271844,3.7623174757281546]],[[-76.611,3.7594999999999996],[-76.6126,3.7603999999999997],[-76.611,3.759364705882354],[-76.611,3.7594999999999996]],[[-76.611,3.7568120000000085],[-76.611,3.758099999999913],[-76.6111,3.7569000000000004],[-76.611,3.7568120000000085]]]}},{"type":"Feature","properties":{"v":16.5,"clase":"DEFICIT_EXTREMO","periodo":"1–15 ago 2026","metodo":"IDW 6 estaciones CVC"},"geometry":{"type":"Polygon","coordinates":[[[-76.60605153242864,3.7695647085379345],[-76.56103833418395,3.7696468919836303],[-76.56095817030243,3.7244291627345945],[-76.6059690593757,3.724347967784499],[-76.60605153242864,3.7695647085379345]]]}},{"type":"Feature","properties":{"v":17.7,"clase":"DEFICIT_EXTREMO","periodo":"1–15 ago 2026","metodo":"IDW 6 estaciones CVC"},"geometry":{"type":"Polygon","coordinates":[[[-76.56103833418395,3.7696468919836303],[-76.51602416157834,3.7697267415628213],[-76.5159463071161,3.7245080518895675],[-76.56095817030243,3.7244291627345945],[-76.56103833418395,3.7696468919836303]],[[-76.5432,3.7447000000000004],[-76.54319279661017,3.744627966101696],[-76.541,3.7452000000000014],[-76.5432,3.7447000000000004]],[[-76.53836676056338,3.747576338028173],[-76.5398,3.7468],[-76.541,3.7452000000000014],[-76.53836676056338,3.747576338028173]],[[-76.534,3.7485999999999984],[-76.53451381381383,3.748653153153153],[-76.53337424242424,3.745918181818199],[-76.534,3.7485999999999984]],[[-76.5317,3.7447000000000004],[-76.5332238095238,3.7455571428571397],[-76.5332,3.745499999999998],[-76.5317,3.7447000000000004]],[[-76.5359,3.7504999999999993],[-76.5369,3.748899999999999],[-76.53577444168735,3.7504945409429293],[-76.5359,3.7504999999999993]],[[-76.53564444444444,3.75048888888889],[-76.5354,3.7499999999999996],[-76.5350401869159,3.750462616822429],[-76.53564444444444,3.75048888888889]],[[-76.53381698113208,3.7504094339622647],[-76.5338,3.7504],[-76.53379626666667,3.750408533333333],[-76.53381698113208,3.7504094339622647]]]}},{"type":"Feature","properties":{"v":12.5,"clase":"DEFICIT_EXTREMO","periodo":"1–15 ago 2026","metodo":"IDW 6 estaciones CVC"},"geometry":{"type":"Polygon","coordinates":[[[-76.51602416157834,3.7697267415628213],[-76.47100904268159,3.7698042570292314],[-76.47093349787937,3.7245846350061207],[-76.5159463071161,3.7245080518895675],[-76.51602416157834,3.7697267415628213]]]}},{"type":"Feature","properties":{"v":5.6,"clase":"DEFICIT_EXTREMO","periodo":"1–15 ago 2026","metodo":"IDW 6 estaciones CVC"},"geometry":{"type":"Polygon","coordinates":[[[-76.42599300556638,3.7698794381437724],[-76.4259197706578,3.724658911848051],[-76.47093349787937,3.7245846350061207],[-76.47100904268159,3.7698042570292314],[-76.45479430901591,3.7698316063646584],[-76.4512,3.765499999999999],[-76.4545127614783,3.7698320785729704],[-76.42599300556638,3.7698794381437724]],[[-76.4533,3.7616],[-76.4531,3.7595000000000005],[-76.45296019417475,3.7593912621359165],[-76.4533,3.7616]]]}},{"type":"Feature","properties":{"v":5.0,"clase":"DEFICIT_EXTREMO","periodo":"1–15 ago 2026","metodo":"IDW 6 estaciones CVC"},"geometry":{"type":"Polygon","coordinates":[[[-76.42599300556638,3.7698794381437724],[-76.38097607830828,3.769952284674539],[-76.38090515351983,3.7247308821862575],[-76.4259197706578,3.724658911848051],[-76.42599300556638,3.7698794381437724]],[[-76.3974,3.7671],[-76.39768951612903,3.7619852150537563],[-76.3975,3.7622],[-76.3974,3.7671]],[[-76.3980487804878,3.7615780487804944],[-76.40065862068965,3.7599172413793096],[-76.39900000000002,3.7604999999999995],[-76.3980487804878,3.7615780487804944]],[[-76.40092979552092,3.7402139240506327],[-76.40110930232558,3.739695348837213],[-76.4009,3.7401],[-76.40092979552092,3.7402139240506327]],[[-76.40231030927835,3.737373402061852],[-76.4068,3.7345],[-76.4024,3.7371999999999996],[-76.40231030927835,3.737373402061852]],[[-76.4238,3.7335],[-76.4228,3.7299999999999995],[-76.42270666666667,3.729946666666671],[-76.4238,3.7335]],[[-76.42180833333333,3.729433333333334],[-76.4214,3.7292],[-76.42112296819788,3.7292890459363965],[-76.42180833333333,3.729433333333334]],[[-76.3853,3.7453],[-76.3839,3.7406999999999995],[-76.38357540983606,3.7404893011216536],[-76.3853,3.7453]]]}},{"type":"Feature","properties":{"v":6.1,"clase":"DEFICIT_EXTREMO","periodo":"1–15 ago 2026","metodo":"IDW 6 estaciones CVC"},"geometry":{"type":"Polygon","coordinates":[[[-76.38097607830828,3.769952284674539],[-76.33595828898567,3.770022796396822],[-76.33588967453672,3.7248005457987508],[-76.38090515351983,3.7247308821862575],[-76.38097607830828,3.769952284674539]],[[-76.3700364864865,3.731340540540544],[-76.37180000000001,3.7333000000000003],[-76.37183969465649,3.7333129770992395],[-76.3702,3.7314],[-76.3700364864865,3.731340540540544]],[[-76.36967391304344,3.7312086956521644],[-76.368,3.730599999999999],[-76.36780487804879,3.730685365853657],[-76.36967391304344,3.7312086956521644]],[[-76.36468558456299,3.731958683314414],[-76.36358736842104,3.731562105263151],[-76.3646,3.731999999999999],[-76.36468558456299,3.731958683314414]]]}},{"type":"Feature","properties":{"v":7.0,"clase":"DEFICIT_EXTREMO","periodo":"1–15 ago 2026","metodo":"IDW 6 estaciones CVC"},"geometry":{"type":"Polygon","coordinates":[[[-76.33595828898567,3.770022796396822],[-76.29093966567959,3.770090973093102],[-76.29087336178235,3.7248679024706375],[-76.33588967453672,3.7248005457987508],[-76.33595828898567,3.770022796396822]]]}},{"type":"Feature","properties":{"v":8.1,"clase":"DEFICIT_EXTREMO","periodo":"1–15 ago 2026","metodo":"IDW 6 estaciones CVC"},"geometry":{"type":"Polygon","coordinates":[[[-76.29093966567959,3.770090973093102],[-76.2459202364737,3.7701568145530544],[-76.24585624333325,3.7249329519941354],[-76.29087336178235,3.7248679024706375],[-76.29093966567959,3.770090973093102]]]}},{"type":"Feature","properties":{"v":9.3,"clase":"DEFICIT_EXTREMO","periodo":"1–15 ago 2026","metodo":"IDW 6 estaciones CVC"},"geometry":{"type":"Polygon","coordinates":[[[-76.2459202364737,3.7701568145530544],[-76.20090002945417,3.770220320573549],[-76.20083834726846,3.7249956941685705],[-76.24585624333325,3.7249329519941354],[-76.2459202364737,3.7701568145530544]]]}},{"type":"Feature","properties":{"v":10.3,"clase":"DEFICIT_EXTREMO","periodo":"1–15 ago 2026","metodo":"IDW 6 estaciones CVC"},"geometry":{"type":"Polygon","coordinates":[[[-76.20090002945417,3.770220320573549],[-76.15587907270964,3.770281490958655],[-76.15581970166944,3.7250561288003787],[-76.20083834726846,3.7249956941685705],[-76.20090002945417,3.770220320573549]]]}},{"type":"Feature","properties":{"v":11.3,"clase":"DEFICIT_EXTREMO","periodo":"1–15 ago 2026","metodo":"IDW 6 estaciones CVC"},"geometry":{"type":"Polygon","coordinates":[[[-76.15587907270964,3.770281490958655],[-76.11085739433103,3.7703403255196375],[-76.11080033462004,3.725114255703109],[-76.15581970166944,3.7250561288003787],[-76.15587907270964,3.770281490958655]]]}},{"type":"Feature","properties":{"v":12.1,"clase":"DEFICIT_EXTREMO","periodo":"1–15 ago 2026","metodo":"IDW 6 estaciones CVC"},"geometry":{"type":"Polygon","coordinates":[[[-76.11080033462004,3.725114255703109],[-76.11085739433103,3.7703403255196375],[-76.06583502241156,3.770396824074962],[-76.06578027420628,3.7251700746974197],[-76.11015742864443,3.725115069072685],[-76.1082,3.7269999999999994],[-76.10822089671737,3.72725772618095],[-76.110174515886,3.72511504746093],[-76.11080033462004,3.725114255703109]],[[-76.06955555555547,3.76228888888885],[-76.07504117647059,3.7647823529411784],[-76.075,3.7647],[-76.06955555555547,3.76228888888885]],[[-76.08513135135135,3.7658183783783787],[-76.0885,3.7643999999999997],[-76.0888737470167,3.763957040572791],[-76.0855,3.7651999999999983],[-76.08513135135135,3.7658183783783787]]]}},{"type":"Feature","properties":{"v":12.8,"clase":"DEFICIT_EXTREMO","periodo":"1–15 ago 2026","metodo":"IDW 6 estaciones CVC"},"geometry":{"type":"Polygon","coordinates":[[[-76.06583502241156,3.770396824074962],[-76.02081198504659,3.770450986450297],[-76.02075954851638,3.725223585611085],[-76.06578027420628,3.7251700746974197],[-76.06583502241156,3.770396824074962]]]}},{"type":"Feature","properties":{"v":13.4,"clase":"DEFICIT_EXTREMO","periodo":"1–15 ago 2026","metodo":"IDW 6 estaciones CVC"},"geometry":{"type":"Polygon","coordinates":[[[-76.02081198504659,3.770450986450297],[-75.9757883103336,3.7705028124785143],[-75.97573818564068,3.7252747882789987],[-76.02075954851638,3.725223585611085],[-76.02081198504659,3.770450986450297]]]}},{"type":"Feature","properties":{"v":13.9,"clase":"DEFICIT_EXTREMO","periodo":"1–15 ago 2026","metodo":"IDW 6 estaciones CVC"},"geometry":{"type":"Polygon","coordinates":[[[-75.97573818564068,3.7252747882789987],[-75.9757883103336,3.7705028124785143],[-75.930764026372,3.7705523019996847],[-75.9307287934794,3.7372770454638733],[-75.9312,3.7361999999999993],[-75.9328,3.7349000000000006],[-75.9363,3.7352999999999996],[-75.9383,3.734],[-75.9391,3.7301],[-75.9446,3.7278999999999995],[-75.9452,3.7264000000000004],[-75.94491413272624,3.7253085127538585],[-75.97573818564068,3.7252747882789987]]]}},{"type":"Feature","properties":{"v":14.1,"clase":"DEFICIT_EXTREMO","periodo":"1–15 ago 2026","metodo":"IDW 6 estaciones CVC"},"geometry":{"type":"Polygon","coordinates":[[[-75.930764026372,3.7705523019996847],[-75.9108833175547,3.770573410497519],[-75.9124,3.7638999999999987],[-75.9118,3.7625000000000006],[-75.9162,3.7585000000000006],[-75.9157,3.7508999999999983],[-75.9193,3.743900000000001],[-75.9201,3.7403999999999997],[-75.9222,3.7385999999999995],[-75.9264,3.7395999999999985],[-75.92980000000001,3.7394],[-75.9307287934794,3.7372770454638733],[-75.930764026372,3.7705523019996847]]]}},{"type":"Feature","properties":{"v":38.1,"clase":"DEFICIT_MODERADO","periodo":"1–15 ago 2026","metodo":"IDW 6 estaciones CVC"},"geometry":{"type":"Polygon","coordinates":[[[-77.14612369824069,3.7683965650491134],[-77.17098554866755,3.768334697154053],[-77.172,3.7697999999999996],[-77.1746,3.785],[-77.182,3.8081999999999994],[-77.1818,3.8094],[-77.178,3.8122],[-77.1778,3.8097000000000008],[-77.1726,3.8056],[-77.16800000000002,3.8040999999999983],[-77.1603,3.805499999999999],[-77.1539,3.802999999999999],[-77.1491,3.8031999999999995],[-77.1493,3.8049],[-77.14660000000002,3.806999999999999],[-77.1473,3.809800000000001],[-77.146225849404,3.8098298390767926],[-77.14612369824069,3.7683965650491134]]]}},{"type":"Feature","properties":{"v":39.9,"clase":"DEFICIT_MODERADO","periodo":"1–15 ago 2026","metodo":"IDW 6 estaciones CVC"},"geometry":{"type":"Polygon","coordinates":[[[-77.10123354704989,3.8137106985039027],[-77.10112438057224,3.768506733069819],[-77.14612369824069,3.7683965650491134],[-77.146225849404,3.8098298390767926],[-77.1437,3.809899999999999],[-77.1411,3.8087000000000004],[-77.138,3.805700000000001],[-77.1349,3.8047999999999997],[-77.1327,3.8066000000000004],[-77.1322,3.8133],[-77.13184813964162,3.8136351065321357],[-77.10123354704989,3.8137106985039027]]]}},{"type":"Feature","properties":{"v":41.7,"clase":"DEFICIT_MODERADO","periodo":"1–15 ago 2026","metodo":"IDW 6 estaciones CVC"},"geometry":{"type":"Polygon","coordinates":[[[-77.10123354704989,3.8137106985039027],[-77.05623058444364,3.8138198333608284],[-77.05612375196826,3.76861457073921],[-77.10112438057224,3.768506733069819],[-77.10123354704989,3.8137106985039027]]]}},{"type":"Feature","properties":{"v":42.6,"clase":"DEFICIT_MODERADO","periodo":"1–15 ago 2026","metodo":"IDW 6 estaciones CVC"},"geometry":{"type":"Polygon","coordinates":[[[-77.05623058444364,3.8138198333608284],[-77.01122633859916,3.813926609498411],[-77.01112184045621,3.7687200777249243],[-77.05612375196826,3.76861457073921],[-77.05623058444364,3.8138198333608284]]]}},{"type":"Feature","properties":{"v":41.7,"clase":"DEFICIT_MODERADO","periodo":"1–15 ago 2026","metodo":"IDW 6 estaciones CVC"},"geometry":{"type":"Polygon","coordinates":[[[-77.01122633859916,3.813926609498411],[-76.9662208375551,3.8140310265875175],[-76.96611867406757,3.768823253701762],[-77.01112184045621,3.7687200777249243],[-77.01122633859916,3.813926609498411]]]}},{"type":"Feature","properties":{"v":38.1,"clase":"DEFICIT_MODERADO","periodo":"1–15 ago 2026","metodo":"IDW 6 estaciones CVC"},"geometry":{"type":"Polygon","coordinates":[[[-76.9662208375551,3.8140310265875175],[-76.92121410935404,3.8141330843062673],[-76.9211142808377,3.768924098351685],[-76.96611867406757,3.768823253701762],[-76.9662208375551,3.8140310265875175]]]}},{"type":"Feature","properties":{"v":32.0,"clase":"DEFICIT_ALTO","periodo":"1–15 ago 2026","metodo":"IDW 6 estaciones CVC"},"geometry":{"type":"Polygon","coordinates":[[[-76.92121410935404,3.8141330843062673],[-76.8762061820424,3.8142327823400275],[-76.87610868880583,3.769022611363825],[-76.9211142808377,3.768924098351685],[-76.92121410935404,3.8141330843062673]]]}},{"type":"Feature","properties":{"v":25.1,"clase":"DEFICIT_ALTO","periodo":"1–15 ago 2026","metodo":"IDW 6 estaciones CVC"},"geometry":{"type":"Polygon","coordinates":[[[-76.8762061820424,3.8142327823400275],[-76.8311970836703,3.81433012038143],[-76.83110192601488,3.769118792434478],[-76.87610868880583,3.769022611363825],[-76.8762061820424,3.8142327823400275]]]}},{"type":"Feature","properties":{"v":19.1,"clase":"DEFICIT_EXTREMO","periodo":"1–15 ago 2026","metodo":"IDW 6 estaciones CVC"},"geometry":{"type":"Polygon","coordinates":[[[-76.8311970836703,3.81433012038143],[-76.78618684229157,3.8144250981303536],[-76.78609402051148,3.7692126412671128],[-76.83110192601488,3.769118792434478],[-76.8311970836703,3.81433012038143]]]}},{"type":"Feature","properties":{"v":15.1,"clase":"DEFICIT_EXTREMO","periodo":"1–15 ago 2026","metodo":"IDW 6 estaciones CVC"},"geometry":{"type":"Polygon","coordinates":[[[-76.78618684229157,3.8144250981303536],[-76.7411754859636,3.8145177152939427],[-76.74108500034582,3.7693041575723703],[-76.78609402051148,3.7692126412671128],[-76.78618684229157,3.8144250981303536]],[[-76.7675,3.778899999999999],[-76.76755647058823,3.779012941176469],[-76.7699,3.7754],[-76.7675,3.778899999999999]],[[-76.7712,3.7880000000000003],[-76.77145484693878,3.7882892857142996],[-76.77090000000001,3.7857000000000007],[-76.7712,3.7880000000000003]],[[-76.7748196640721,3.792108807865624],[-76.7748,3.792],[-76.77363956043955,3.790769230769212],[-76.7748196640721,3.792108807865624]],[[-76.77872822966508,3.803505263157893],[-76.7788,3.8034],[-76.7763,3.8003000000000005],[-76.77872822966508,3.803505263157893]],[[-76.7773,3.8051999999999997],[-76.77745909090909,3.805366666666667],[-76.7783,3.8041333333333327],[-76.7773,3.8051999999999997]],[[-76.77925652173914,3.807249689440998],[-76.7793,3.8072000000000004],[-76.77891538461535,3.806892307692278],[-76.77925652173914,3.807249689440998]]]}},{"type":"Feature","properties":{"v":13.4,"clase":"DEFICIT_EXTREMO","periodo":"1–15 ago 2026","metodo":"IDW 6 estaciones CVC"},"geometry":{"type":"Polygon","coordinates":[[[-76.7411754859636,3.8145177152939427],[-76.69616304274723,3.8146079715865993],[-76.69607489357153,3.7693933410680684],[-76.74108500034582,3.7693041575723703],[-76.7411754859636,3.8145177152939427]]]}},{"type":"Feature","properties":{"v":14.1,"clase":"DEFICIT_EXTREMO","periodo":"1–15 ago 2026","metodo":"IDW 6 estaciones CVC"},"geometry":{"type":"Polygon","coordinates":[[[-76.69616304274723,3.8146079715865993],[-76.65114954070675,3.814695866729995],[-76.65106372824569,3.7694801914791984],[-76.69607489357153,3.7693933410680684],[-76.69616304274723,3.8146079715865993]]]}},{"type":"Feature","properties":{"v":17.4,"clase":"DEFICIT_EXTREMO","periodo":"1–15 ago 2026","metodo":"IDW 6 estaciones CVC"},"geometry":{"type":"Polygon","coordinates":[[[-76.65114954070675,3.814695866729995],[-76.60613500790971,3.814781400453064],[-76.60605153242864,3.7695647085379345],[-76.65106372824569,3.7694801914791984],[-76.65114954070675,3.814695866729995]]]}},{"type":"Feature","properties":{"v":22.4,"clase":"DEFICIT_ALTO","periodo":"1–15 ago 2026","metodo":"IDW 6 estaciones CVC"},"geometry":{"type":"Polygon","coordinates":[[[-76.60613500790971,3.814781400453064],[-76.56111947242691,3.8148645724920067],[-76.56103833418395,3.7696468919836303],[-76.60605153242864,3.7695647085379345],[-76.60613500790971,3.814781400453064]]]}},{"type":"Feature","properties":{"v":27.3,"clase":"DEFICIT_ALTO","periodo":"1–15 ago 2026","metodo":"IDW 6 estaciones CVC"},"geometry":{"type":"Polygon","coordinates":[[[-76.56111947242691,3.8148645724920067],[-76.51610296233227,3.8149453825902975],[-76.51602416157834,3.7697267415628213],[-76.56103833418395,3.7696468919836303],[-76.56111947242691,3.8148645724920067]]]}},{"type":"Feature","properties":{"v":24.6,"clase":"DEFICIT_ALTO","periodo":"1–15 ago 2026","metodo":"IDW 6 estaciones CVC"},"geometry":{"type":"Polygon","coordinates":[[[-76.51610296233227,3.8149453825902975],[-76.47108550570276,3.8150238304986828],[-76.47100904268159,3.7698042570292314],[-76.51602416157834,3.7697267415628213],[-76.51610296233227,3.8149453825902975]]]}},{"type":"Feature","properties":{"v":13.3,"clase":"DEFICIT_EXTREMO","periodo":"1–15 ago 2026","metodo":"IDW 6 estaciones CVC"},"geometry":{"type":"Polygon","coordinates":[[[-76.47100904268159,3.7698042570292314],[-76.47108550570276,3.8150238304986828],[-76.42606713061829,3.8150999159751784],[-76.42599300556638,3.7698794381437724],[-76.4545127614783,3.7698320785729704],[-76.45504463176574,3.77052759538598],[-76.4551,3.7702000000000004],[-76.45479430901591,3.7698316063646584],[-76.47100904268159,3.7698042570292314]],[[-76.45104273858922,3.796557676348545],[-76.4513,3.7964000000000007],[-76.45215714285715,3.794665780730907],[-76.45104273858922,3.796557676348545]],[[-76.45539906542056,3.7881065420560853],[-76.4556,3.7877],[-76.4556,3.78669999999994],[-76.45539906542056,3.7881065420560853]],[[-76.4556,3.785746153846179],[-76.4556,3.785100000000001],[-76.4544,3.7827000000000006],[-76.4556,3.785746153846179]]]}},{"type":"Feature","properties":{"v":6.6,"clase":"DEFICIT_EXTREMO","periodo":"1–15 ago 2026","metodo":"IDW 6 estaciones CVC"},"geometry":{"type":"Polygon","coordinates":[[[-76.42606713061829,3.8150999159751784],[-76.38104786516169,3.8151736387850805],[-76.38097607830828,3.769952284674539],[-76.42599300556638,3.7698794381437724],[-76.42606713061829,3.8150999159751784]],[[-76.38855217391304,3.7966717391304363],[-76.3888,3.7965999999999998],[-76.38883157894738,3.7962526315789367],[-76.38855217391304,3.7966717391304363]],[[-76.38892,3.7952799999999995],[-76.389,3.7944000000000004],[-76.38882283737024,3.79440553633218],[-76.38892,3.7952799999999995]],[[-76.387,3.7775999999999996],[-76.3883,3.780199999999999],[-76.38864666666667,3.780546666666676],[-76.387,3.7775999999999996]],[[-76.3898,3.7816999999999945],[-76.3914,3.7833],[-76.3921111111111,3.783497530864196],[-76.3898,3.7816999999999945]],[[-76.39509677419356,3.784326881720433],[-76.3986,3.785299999999999],[-76.39907444298821,3.7851339449541292],[-76.39509677419356,3.784326881720433]],[[-76.39996682297773,3.7775608440797224],[-76.400812109375,3.7821253906250014],[-76.4009,3.7811000000000017],[-76.4002,3.777800000000001],[-76.39996682297773,3.7775608440797224]]]}},{"type":"Feature","properties":{"v":4.9,"clase":"DEFICIT_EXTREMO","periodo":"1–15 ago 2026","metodo":"IDW 6 estaciones CVC"},"geometry":{"type":"Polygon","coordinates":[[[-76.3360277374185,3.8152449987009605],[-76.33595828898567,3.770022796396822],[-76.38097607830828,3.769952284674539],[-76.38104786516169,3.8151736387850805],[-76.3748671449717,3.8151835756567367],[-76.37231176470588,3.8139058823529375],[-76.3723,3.8142000000000005],[-76.37463686217279,3.8151839450260567],[-76.3360277374185,3.8152449987009605]],[[-76.3693,3.8099],[-76.37240000000001,3.8117000000000014],[-76.36917973568282,3.809711013215855],[-76.3693,3.8099]],[[-76.36467561983471,3.7984061983471147],[-76.3679,3.8076999999999996],[-76.36885988023953,3.8092083832335355],[-76.3651,3.798700000000001],[-76.36467561983471,3.7984061983471147]],[[-76.36372857142857,3.7978357142857133],[-76.36386842105263,3.797847368421053],[-76.3638,3.797799999999999],[-76.36372857142857,3.7978357142857133]],[[-76.3742,3.8104],[-76.3754,3.808099999999999],[-76.37528763505402,3.8077715486194474],[-76.3742,3.8104]],[[-76.3740278409091,3.8022073863636394],[-76.37402258064516,3.8020548387096773],[-76.374,3.8021000000000003],[-76.3740278409091,3.8022073863636394]],[[-76.37534516129033,3.7994096774193507],[-76.37606949152543,3.798937288135593],[-76.3755,3.799100000000001],[-76.37534516129033,3.7994096774193507]],[[-76.37820869565218,3.798326086956521],[-76.37833684210526,3.798342105263158],[-76.3783,3.7982999999999993],[-76.37820869565218,3.798326086956521]]]}},{"type":"Feature","properties":{"v":5.7,"clase":"DEFICIT_EXTREMO","periodo":"1–15 ago 2026","metodo":"IDW 6 estaciones CVC"},"geometry":{"type":"Polygon","coordinates":[[[-76.3360277374185,3.8152449987009605],[-76.29100677547704,3.8153139955026694],[-76.29093966567959,3.770090973093102],[-76.33595828898567,3.770022796396822],[-76.3360277374185,3.8152449987009605]],[[-76.31214322344323,3.8036322344322313],[-76.3137,3.802199999999999],[-76.3121,3.8032000000000004],[-76.31214322344323,3.8036322344322313]],[[-76.3112,3.8045],[-76.31132145748988,3.8043882591093126],[-76.31106987951807,3.804442168674698],[-76.3112,3.8045]],[[-76.299824857685,3.800670777988616],[-76.3044,3.7996],[-76.2999,3.800500000000001],[-76.299824857685,3.800670777988616]],[[-76.2996,3.8022999999999993],[-76.29968145695365,3.800996688741707],[-76.2988,3.803],[-76.2996,3.8022999999999993]],[[-76.29527050691243,3.802141474654373],[-76.2969,3.8030999999999984],[-76.2988,3.803],[-76.29527050691243,3.802141474654373]],[[-76.2942,3.8043000000000013],[-76.29519004424779,3.8021219026548643],[-76.2951,3.8021000000000003],[-76.2942,3.8043000000000013]]]}},{"type":"Feature","properties":{"v":7.2,"clase":"DEFICIT_EXTREMO","periodo":"1–15 ago 2026","metodo":"IDW 6 estaciones CVC"},"geometry":{"type":"Polygon","coordinates":[[[-76.29100677547704,3.8153139955026694],[-76.24598500742817,3.8153806289773393],[-76.2459202364737,3.7701568145530544],[-76.29093966567959,3.770090973093102],[-76.29100677547704,3.8153139955026694]]]}},{"type":"Feature","properties":{"v":8.5,"clase":"DEFICIT_EXTREMO","periodo":"1–15 ago 2026","metodo":"IDW 6 estaciones CVC"},"geometry":{"type":"Polygon","coordinates":[[[-76.24598500742817,3.8153806289773393],[-76.20096246136531,3.8154448989193868],[-76.20090002945417,3.770220320573549],[-76.2459202364737,3.7701568145530544],[-76.24598500742817,3.8153806289773393]]]}},{"type":"Feature","properties":{"v":9.7,"clase":"DEFICIT_EXTREMO","periodo":"1–15 ago 2026","metodo":"IDW 6 estaciones CVC"},"geometry":{"type":"Polygon","coordinates":[[[-76.20096246136531,3.8154448989193868],[-76.15593916538427,3.8155068051305085],[-76.15587907270964,3.770281490958655],[-76.20090002945417,3.770220320573549],[-76.20096246136531,3.8154448989193868]],[[-76.18082936507936,3.8053563492063494],[-76.1874,3.8127000000000004],[-76.1811,3.8053999999999997],[-76.18082936507936,3.8053563492063494]],[[-76.18030000000002,3.800699999999999],[-76.1802306930693,3.8008287128712825],[-76.1845,3.7985000000000007],[-76.18030000000002,3.800699999999999]]]}},{"type":"Feature","properties":{"v":10.8,"clase":"DEFICIT_EXTREMO","periodo":"1–15 ago 2026","metodo":"IDW 6 estaciones CVC"},"geometry":{"type":"Polygon","coordinates":[[[-76.15593916538427,3.8155068051305085],[-76.11091514758326,3.8155663474196895],[-76.11085739433103,3.7703403255196375],[-76.15587907270964,3.770281490958655],[-76.15593916538427,3.8155068051305085]]]}},{"type":"Feature","properties":{"v":11.6,"clase":"DEFICIT_EXTREMO","periodo":"1–15 ago 2026","metodo":"IDW 6 estaciones CVC"},"geometry":{"type":"Polygon","coordinates":[[[-76.11091514758326,3.8155663474196895],[-76.06589043606269,3.8156235256032014],[-76.06583502241156,3.770396824074962],[-76.11085739433103,3.7703403255196375],[-76.11091514758326,3.8155663474196895]],[[-76.0966,3.8124],[-76.09725875706214,3.8129389830508367],[-76.0924,3.807399999999999],[-76.0966,3.8124]],[[-76.08490000000002,3.7975000000000008],[-76.08502696245733,3.7974467576791806],[-76.08463584905661,3.7973264150943424],[-76.08490000000002,3.7975000000000008]],[[-76.0809,3.7910000000000004],[-76.08097727690892,3.7916491260349567],[-76.083,3.7876999999999996],[-76.0809,3.7910000000000004]]]}},{"type":"Feature","properties":{"v":12.4,"clase":"DEFICIT_EXTREMO","periodo":"1–15 ago 2026","metodo":"IDW 6 estaciones CVC"},"geometry":{"type":"Polygon","coordinates":[[[-76.06589043606269,3.8156235256032014],[-76.02086505892517,3.8156783395046032],[-76.02081198504659,3.770450986450297],[-76.06583502241156,3.770396824074962],[-76.06589043606269,3.8156235256032014]]]}},{"type":"Feature","properties":{"v":13.0,"clase":"DEFICIT_EXTREMO","periodo":"1–15 ago 2026","metodo":"IDW 6 estaciones CVC"},"geometry":{"type":"Polygon","coordinates":[[[-76.02086505892517,3.8156783395046032],[-75.97583904427542,3.8157307889547454],[-75.9757883103336,3.7705028124785143],[-76.02081198504659,3.770450986450297],[-76.02086505892517,3.8156783395046032]]]}},{"type":"Feature","properties":{"v":13.6,"clase":"DEFICIT_EXTREMO","periodo":"1–15 ago 2026","metodo":"IDW 6 estaciones CVC"},"geometry":{"type":"Polygon","coordinates":[[[-75.97583904427542,3.8157307889547454],[-75.93081242022008,3.8157808737917667],[-75.930764026372,3.7705523019996847],[-75.9757883103336,3.7705028124785143],[-75.97583904427542,3.8157307889547454]]]}},{"type":"Feature","properties":{"v":14.0,"clase":"DEFICIT_EXTREMO","periodo":"1–15 ago 2026","metodo":"IDW 6 estaciones CVC"},"geometry":{"type":"Polygon","coordinates":[[[-75.930764026372,3.7705523019996847],[-75.93081242022008,3.8157808737917667],[-75.88578521486775,3.8158285938611014],[-75.8857828573307,3.813526385163654],[-75.8928,3.8132000000000015],[-75.8933,3.8087000000000004],[-75.891,3.805499999999999],[-75.8938,3.8018000000000005],[-75.8974,3.799900000000001],[-75.8999,3.7975],[-75.9033,3.7966],[-75.9034,3.7944000000000004],[-75.9013,3.7913999999999994],[-75.9013,3.7850999999999995],[-75.9066,3.7812000000000006],[-75.908,3.7752999999999997],[-75.9104,3.7727000000000004],[-75.9108833175547,3.770573410497519],[-75.930764026372,3.7705523019996847]]]}},{"type":"Feature","properties":{"v":35.4,"clase":"DEFICIT_MODERADO","periodo":"1–15 ago 2026","metodo":"IDW 6 estaciones CVC"},"geometry":{"type":"Polygon","coordinates":[[[-77.28135192687338,3.858449023889043],[-77.23635201689761,3.8585689996169825],[-77.23629145518585,3.8353514124639645],[-77.2367,3.8351],[-77.2417,3.8348000000000004],[-77.2443,3.8336],[-77.2474,3.8290000000000006],[-77.2496,3.828],[-77.2514,3.8313999999999995],[-77.2524,3.8307999999999987],[-77.2538,3.8321],[-77.2553,3.8313000000000006],[-77.256,3.8342000000000005],[-77.2572,3.8349000000000015],[-77.2619,3.8355],[-77.2605,3.8348000000000004],[-77.2617,3.8339999999999996],[-77.2612,3.8327999999999993],[-77.2601,3.8336999999999994],[-77.2592,3.8333000000000004],[-77.2601,3.8317],[-77.2648,3.8336],[-77.2679,3.8367999999999993],[-77.2675,3.8386],[-77.2682,3.839499999999999],[-77.2715,3.8376],[-77.273,3.8383],[-77.2742,3.8407000000000004],[-77.2758,3.838],[-77.2798,3.8396999999999997],[-77.28130134382539,3.839449776280609],[-77.28135192687338,3.858449023889043]]]}},{"type":"Feature","properties":{"v":37.2,"clase":"DEFICIT_MODERADO","periodo":"1–15 ago 2026","metodo":"IDW 6 estaciones CVC"},"geometry":{"type":"Polygon","coordinates":[[[-77.23635201689761,3.8585689996169825],[-77.19135071120668,3.858686589992699],[-77.19129363526709,3.836358820428078],[-77.1945,3.8388000000000004],[-77.1954,3.839000000000001],[-77.195,3.838399999999998],[-77.196,3.837899999999999],[-77.1963,3.8389000000000006],[-77.2002,3.84],[-77.2037,3.8385],[-77.204,3.8343000000000007],[-77.2051,3.833600000000001],[-77.2081,3.8336999999999994],[-77.2105,3.8351],[-77.2144,3.8349000000000006],[-77.2191,3.8361999999999994],[-77.2204,3.8352999999999984],[-77.2232,3.8356999999999983],[-77.2244,3.8343999999999996],[-77.2229,3.8316],[-77.2245,3.830199999999999],[-77.2259,3.8301000000000007],[-77.2273,3.8303999999999996],[-77.2312,3.8345],[-77.2336,3.8346],[-77.2354,3.8358999999999988],[-77.23629145518585,3.8353514124639645],[-77.23635201689761,3.8585689996169825]]]}},{"type":"Feature","properties":{"v":39.1,"clase":"DEFICIT_MODERADO","periodo":"1–15 ago 2026","metodo":"IDW 6 estaciones CVC"},"geometry":{"type":"Polygon","coordinates":[[[-77.19135071120668,3.858686589992699],[-77.1480925811747,3.858797373224485],[-77.1486,3.8580000000000005],[-77.1533,3.8554999999999997],[-77.1561,3.8553999999999986],[-77.1581,3.8532000000000006],[-77.1634,3.8522],[-77.1668,3.8456000000000006],[-77.169,3.8454999999999995],[-77.1688,3.8479999999999994],[-77.1697,3.848700000000001],[-77.1771,3.8457],[-77.1759,3.8417000000000003],[-77.1798,3.8329999999999997],[-77.1816,3.8317],[-77.1857,3.8321],[-77.19129363526709,3.836358820428078],[-77.19135071120668,3.858686589992699]]]}},{"type":"Feature","properties":{"v":42.2,"clase":"DEFICIT_MODERADO","periodo":"1–15 ago 2026","metodo":"IDW 6 estaciones CVC"},"geometry":{"type":"Polygon","coordinates":[[[-77.10123354704989,3.8137106985039027],[-77.13184813964162,3.8136351065321357],[-77.128,3.817299999999998],[-77.1246,3.8187000000000006],[-77.1189,3.8185000000000002],[-77.1153,3.8214],[-77.1126,3.828199999999999],[-77.1136,3.8354999999999997],[-77.1097,3.8393000000000006],[-77.1075,3.842900000000001],[-77.1075,3.8458],[-77.1063,3.8488000000000007],[-77.10132212696026,3.8499972183487428],[-77.10123354704989,3.8137106985039027]]]}},{"type":"Feature","properties":{"v":44.2,"clase":"DEFICIT_MODERADO","periodo":"1–15 ago 2026","metodo":"IDW 6 estaciones CVC"},"geometry":{"type":"Polygon","coordinates":[[[-77.05633870015792,3.859025045419282],[-77.05623058444364,3.8138198333608284],[-77.10123354704989,3.8137106985039027],[-77.10132212696026,3.8499972183487428],[-77.0984,3.8507],[-77.0968,3.8529],[-77.09210000000002,3.8546000000000005],[-77.0901,3.8569999999999998],[-77.0868,3.858199999999999],[-77.0832,3.8587],[-77.0742,3.8579999999999997],[-77.073,3.8573000000000004],[-77.0717,3.858600000000001],[-77.07164651682477,3.858987751926054],[-77.05633870015792,3.859025045419282]]]}},{"type":"Feature","properties":{"v":45.8,"clase":"DEFICIT_MODERADO","periodo":"1–15 ago 2026","metodo":"IDW 6 estaciones CVC"},"geometry":{"type":"Polygon","coordinates":[[[-77.05633870015792,3.859025045419282],[-77.01133209194232,3.8591330908355186],[-77.01122633859916,3.813926609498411],[-77.05623058444364,3.8138198333608284],[-77.05633870015792,3.859025045419282]]]}},{"type":"Feature","properties":{"v":45.5,"clase":"DEFICIT_MODERADO","periodo":"1–15 ago 2026","metodo":"IDW 6 estaciones CVC"},"geometry":{"type":"Polygon","coordinates":[[[-77.01133209194232,3.8591330908355186],[-76.96632422820028,3.8592387491608915],[-76.9662208375551,3.8140310265875175],[-77.01122633859916,3.813926609498411],[-77.01133209194232,3.8591330908355186]]]}},{"type":"Feature","properties":{"v":42.1,"clase":"DEFICIT_MODERADO","periodo":"1–15 ago 2026","metodo":"IDW 6 estaciones CVC"},"geometry":{"type":"Polygon","coordinates":[[[-76.96632422820028,3.8592387491608915],[-76.9213151369816,3.859342020069669],[-76.92121410935404,3.8141330843062673],[-76.9662208375551,3.8140310265875175],[-76.96632422820028,3.8592387491608915]]]}},{"type":"Feature","properties":{"v":35.8,"clase":"DEFICIT_MODERADO","periodo":"1–15 ago 2026","metodo":"IDW 6 estaciones CVC"},"geometry":{"type":"Polygon","coordinates":[[[-76.9213151369816,3.859342020069669],[-76.87630484634,3.8594429032434654],[-76.8762061820424,3.8142327823400275],[-76.92121410935404,3.8141330843062673],[-76.9213151369816,3.859342020069669]]]}},{"type":"Feature","properties":{"v":28.6,"clase":"DEFICIT_ALTO","periodo":"1–15 ago 2026","metodo":"IDW 6 estaciones CVC"},"geometry":{"type":"Polygon","coordinates":[[[-76.87630484634,3.8594429032434654],[-76.83129338433294,3.859541398371234],[-76.8311970836703,3.81433012038143],[-76.8762061820424,3.8142327823400275],[-76.87630484634,3.8594429032434654]]]}},{"type":"Feature","properties":{"v":22.5,"clase":"DEFICIT_ALTO","periodo":"1–15 ago 2026","metodo":"IDW 6 estaciones CVC"},"geometry":{"type":"Polygon","coordinates":[[[-76.78618684229157,3.8144250981303536],[-76.8311970836703,3.81433012038143],[-76.83129338433294,3.859541398371234],[-76.80466770003396,3.859598535937168],[-76.8044,3.8570999999999995],[-76.80459220734983,3.8595986967518785],[-76.78628077902148,3.8596375051492684],[-76.7862169257785,3.8289630380861395],[-76.7865,3.8250000000000015],[-76.78621477101558,3.827923591518893],[-76.78618684229157,3.8144250981303536]],[[-76.7897,3.8346],[-76.7898,3.8346260869565225],[-76.7898,3.8318999999999988],[-76.7897,3.8346]],[[-76.79173314917129,3.835130386740334],[-76.7917,3.8351],[-76.79148888888888,3.8350666666666653],[-76.79173314917129,3.835130386740334]],[[-76.79298421052633,3.8364526315789553],[-76.7929,3.8362000000000003],[-76.7924914893617,3.835825531914877],[-76.79298421052633,3.8364526315789553]],[[-76.793025,3.836575],[-76.7919,3.8361999999999994],[-76.79184572864321,3.8363175879397],[-76.7931,3.8367999999999998],[-76.793025,3.836575]],[[-76.8015,3.8546000000000005],[-76.7995,3.849],[-76.79926771573604,3.8487766497462004],[-76.8015,3.8546000000000005]]]}},{"type":"Feature","properties":{"v":18.6,"clase":"DEFICIT_EXTREMO","periodo":"1–15 ago 2026","metodo":"IDW 6 estaciones CVC"},"geometry":{"type":"Polygon","coordinates":[[[-76.78628077902148,3.8596375051492684],[-76.74126705847031,3.859731223281214],[-76.7411754859636,3.8145177152939427],[-76.78618684229157,3.8144250981303536],[-76.78621477101558,3.827923591518893],[-76.7861,3.8291],[-76.78620997067448,3.8290604105571884],[-76.7862169257785,3.8289630380861395],[-76.78628077902148,3.8596375051492684]],[[-76.7815,3.8179000000000003],[-76.7815857142857,3.818314285714259],[-76.78151538461537,3.8178923076923086],[-76.7815,3.8179000000000003]],[[-76.7821,3.820800000000001],[-76.78238403361344,3.820952941176465],[-76.78201186440678,3.8203740112994478],[-76.7821,3.820800000000001]]]}},{"type":"Feature","properties":{"v":16.9,"clase":"DEFICIT_EXTREMO","periodo":"1–15 ago 2026","metodo":"IDW 6 estaciones CVC"},"geometry":{"type":"Polygon","coordinates":[[[-76.74126705847031,3.859731223281214],[-76.6962522507476,3.8598225524780623],[-76.69616304274723,3.8146079715865993],[-76.7411754859636,3.8145177152939427],[-76.74126705847031,3.859731223281214]]]}},{"type":"Feature","properties":{"v":17.3,"clase":"DEFICIT_EXTREMO","periodo":"1–15 ago 2026","metodo":"IDW 6 estaciones CVC"},"geometry":{"type":"Polygon","coordinates":[[[-76.6962522507476,3.8598225524780623],[-76.65123638392491,3.859911492458157],[-76.65114954070675,3.814695866729995],[-76.69616304274723,3.8146079715865993],[-76.6962522507476,3.8598225524780623]]]}},{"type":"Feature","properties":{"v":19.9,"clase":"DEFICIT_EXTREMO","periodo":"1–15 ago 2026","metodo":"IDW 6 estaciones CVC"},"geometry":{"type":"Polygon","coordinates":[[[-76.65123638392491,3.859911492458157],[-76.60621948607708,3.8599980429471907],[-76.60613500790971,3.814781400453064],[-76.65114954070675,3.814695866729995],[-76.65123638392491,3.859911492458157]],[[-76.6308,3.8519],[-76.62082416192284,3.85954503478811],[-76.6211,3.8595000000000006],[-76.6308,3.8519]]]}},{"type":"Feature","properties":{"v":24.5,"clase":"DEFICIT_ALTO","periodo":"1–15 ago 2026","metodo":"IDW 6 estaciones CVC"},"geometry":{"type":"Polygon","coordinates":[[[-76.56111947242691,3.8148645724920067],[-76.60613500790971,3.814781400453064],[-76.60621948607708,3.8599980429471907],[-76.59194042178517,3.860024996583489],[-76.5915,3.858299999999998],[-76.5886,3.8550000000000004],[-76.5913,3.8581],[-76.59185004409377,3.8600251664170995],[-76.5612015852822,3.8600822036782163],[-76.5611804620152,3.8485012522740805],[-76.5673,3.849899999999999],[-76.56118000184908,3.848248572746764],[-76.56117965233422,3.848056641207652],[-76.56194270548498,3.847447740067547],[-76.561179214264,3.847816067026543],[-76.56111947242691,3.8148645724920067]],[[-76.5745766055046,3.848143577981652],[-76.5734,3.8480999999999996],[-76.5673,3.849899999999999],[-76.5745766055046,3.848143577981652]],[[-76.5945,3.8233916666666663],[-76.59440000000001,3.8234000000000012],[-76.5945,3.8256],[-76.5945,3.8233916666666663]],[[-76.5955,3.8234000000000012],[-76.59553142857143,3.823305714285715],[-76.59500000000001,3.823349999999999],[-76.5955,3.8234000000000012]],[[-76.57104845360823,3.8401422680412574],[-76.57056250000005,3.840569318181789],[-76.5709,3.8403000000000005],[-76.57104845360823,3.8401422680412574]],[[-76.57550000000002,3.8181],[-76.57520507462688,3.818962089552241],[-76.5767,3.8169999999999993],[-76.57550000000002,3.8181]]]}},{"type":"Feature","properties":{"v":29.6,"clase":"DEFICIT_ALTO","periodo":"1–15 ago 2026","metodo":"IDW 6 estaciones CVC"},"geometry":{"type":"MultiPolygon","coordinates":[[[[-76.5612015852822,3.8600822036782163],[-76.51618270962153,3.860163974391641],[-76.51610296233227,3.8149453825902975],[-76.56111947242691,3.8148645724920067],[-76.561179214264,3.847816067026543],[-76.5438,3.8562],[-76.5603,3.8483],[-76.5611804620152,3.8485012522740805],[-76.5612015852822,3.8600822036782163]]],[[[-76.56118000184908,3.848248572746764],[-76.561,3.8482],[-76.56117965233422,3.848056641207652],[-76.56118000184908,3.848248572746764]]]]}},{"type":"Feature","properties":{"v":27.5,"clase":"DEFICIT_ALTO","periodo":"1–15 ago 2026","metodo":"IDW 6 estaciones CVC"},"geometry":{"type":"Polygon","coordinates":[[[-76.47108550570276,3.8150238304986828],[-76.51610296233227,3.8149453825902975],[-76.51618270962153,3.860163974391641],[-76.47116288717933,3.860243354835231],[-76.47111573715799,3.8327542081666164],[-76.48002487309644,3.834886294416242],[-76.4795,3.834600000000001],[-76.47111567770001,3.832719417903593],[-76.47108550570276,3.8150238304986828]],[[-76.4881,3.8587],[-76.4886275862069,3.8575206896551597],[-76.4875857142857,3.8592571428571567],[-76.4881,3.8587]],[[-76.4898,3.8549],[-76.48916315789474,3.8546105263157906],[-76.48968119440916,3.855165565438371],[-76.4898,3.8549]],[[-76.47922202166066,3.8448541516245416],[-76.4791,3.845300000000001],[-76.47935679012346,3.845797530864203],[-76.47922202166066,3.8448541516245416]]]}},{"type":"Feature","properties":{"v":13.2,"clase":"DEFICIT_EXTREMO","periodo":"1–15 ago 2026","metodo":"IDW 6 estaciones CVC"},"geometry":{"type":"Polygon","coordinates":[[[-76.47116288717933,3.860243354835231],[-76.42614214604282,3.8603203447641143],[-76.42606713061829,3.8150999159751784],[-76.47108550570276,3.8150238304986828],[-76.47111567770001,3.832719417903593],[-76.4688,3.8321999999999985],[-76.47111573715799,3.8327542081666164],[-76.47116288717933,3.860243354835231]],[[-76.4675,3.8306999999999984],[-76.46188541114066,3.8266501326260443],[-76.4688,3.8321999999999985],[-76.4675,3.8306999999999984]],[[-76.44835222305953,3.8219359457422764],[-76.448,3.8218],[-76.4374,3.8246000000000007],[-76.44835222305953,3.8219359457422764]]]}},{"type":"Feature","properties":{"v":2.2,"clase":"DEFICIT_EXTREMO","periodo":"1–15 ago 2026","metodo":"IDW 6 estaciones CVC"},"geometry":{"type":"Polygon","coordinates":[[[-76.42614214604282,3.8603203447641143],[-76.3811205143021,3.8603949439407774],[-76.38104786516169,3.8151736387850805],[-76.42606713061829,3.8150999159751784],[-76.42614214604282,3.8603203447641143]],[[-76.38295,3.821325],[-76.38290465116279,3.8216197674418613],[-76.3831,3.8213999999999992],[-76.38295,3.821325]]]}},{"type":"Feature","properties":{"v":1.5,"clase":"DEFICIT_EXTREMO","periodo":"1–15 ago 2026","metodo":"IDW 6 estaciones CVC"},"geometry":{"type":"Polygon","coordinates":[[[-76.38104786516169,3.8151736387850805],[-76.3811205143021,3.8603949439407774],[-76.33609802005007,3.8604671521350777],[-76.3360277374185,3.8152449987009605],[-76.37463686217279,3.8151839450260567],[-76.3761,3.815799999999999],[-76.3748671449717,3.8151835756567367],[-76.38104786516169,3.8151736387850805]]]}},{"type":"Feature","properties":{"v":4.1,"clase":"DEFICIT_EXTREMO","periodo":"1–15 ago 2026","metodo":"IDW 6 estaciones CVC"},"geometry":{"type":"Polygon","coordinates":[[[-76.33609802005007,3.8604671521350777],[-76.29107469138233,3.860536969124236],[-76.29100677547704,3.8153139955026694],[-76.3360277374185,3.8152449987009605],[-76.33609802005007,3.8604671521350777]]]}},{"type":"Feature","properties":{"v":6.3,"clase":"DEFICIT_EXTREMO","periodo":"1–15 ago 2026","metodo":"IDW 6 estaciones CVC"},"geometry":{"type":"Polygon","coordinates":[[[-76.29107469138233,3.860536969124236],[-76.24605055639707,3.8606043946928397],[-76.24598500742817,3.8153806289773393],[-76.29100677547704,3.8153139955026694],[-76.29107469138233,3.860536969124236]],[[-76.2609,3.8508],[-76.2629,3.8478],[-76.26067207977208,3.8508997150997204],[-76.2609,3.8508]],[[-76.2593,3.8514999999999993],[-76.26035411764707,3.8510388235294104],[-76.25902478632479,3.851248717948719],[-76.2593,3.8514999999999993]],[[-76.257,3.8494],[-76.25784529914532,3.850171794871806],[-76.25681128526647,3.8488068965517206],[-76.257,3.8494]],[[-76.2545,3.8437000000000014],[-76.2556,3.8449999999999984],[-76.25450344827586,3.8436293103448143],[-76.2545,3.8437000000000014]]]}},{"type":"Feature","properties":{"v":8.0,"clase":"DEFICIT_EXTREMO","periodo":"1–15 ago 2026","metodo":"IDW 6 estaciones CVC"},"geometry":{"type":"Polygon","coordinates":[[[-76.24605055639707,3.8606043946928397],[-76.201025643195,3.860669428632847],[-76.20096246136531,3.8154448989193868],[-76.24598500742817,3.8153806289773393],[-76.24605055639707,3.8606043946928397]]]}},{"type":"Feature","properties":{"v":9.4,"clase":"DEFICIT_EXTREMO","periodo":"1–15 ago 2026","metodo":"IDW 6 estaciones CVC"},"geometry":{"type":"Polygon","coordinates":[[[-76.201025643195,3.860669428632847],[-76.15599997987927,3.8607320707435893],[-76.15593916538427,3.8155068051305085],[-76.20096246136531,3.8154448989193868],[-76.201025643195,3.860669428632847]],[[-76.1976,3.8257000000000003],[-76.19794497473332,3.825899438517699],[-76.1941,3.8214000000000006],[-76.1976,3.8257000000000003]]]}},{"type":"Feature","properties":{"v":10.5,"clase":"DEFICIT_EXTREMO","periodo":"1–15 ago 2026","metodo":"IDW 6 estaciones CVC"},"geometry":{"type":"Polygon","coordinates":[[[-76.11091514758326,3.8155663474196895],[-76.15593916538427,3.8155068051305085],[-76.15599997987927,3.8607320707435893],[-76.11097359455539,3.860792320831763],[-76.11091849340701,3.8181698932379855],[-76.1114490909091,3.8180545454545456],[-76.11091818263087,3.8179281387651054],[-76.11091514758326,3.8155663474196895]],[[-76.1437,3.8305000000000007],[-76.1454,3.827599999999999],[-76.1429696,3.8308983999999953],[-76.1437,3.8305000000000007]],[[-76.1167,3.8217],[-76.11964619883041,3.8211643274853797],[-76.1195,3.8210999999999995],[-76.1167,3.8217]],[[-76.11192770398482,3.818168500948767],[-76.11365704057279,3.8194482100238654],[-76.1129,3.8184],[-76.11192770398482,3.818168500948767]]]}},{"type":"Feature","properties":{"v":11.4,"clase":"DEFICIT_EXTREMO","periodo":"1–15 ago 2026","metodo":"IDW 6 estaciones CVC"},"geometry":{"type":"Polygon","coordinates":[[[-76.11097359455539,3.860792320831763],[-76.0659465153311,3.860850178711448],[-76.06589043606269,3.8156235256032014],[-76.11091514758326,3.8155663474196895],[-76.11091818263087,3.8179281387651054],[-76.1108,3.8179000000000003],[-76.10934831460673,3.8185112359550564],[-76.11091849340701,3.8181698932379855],[-76.11097359455539,3.860792320831763]]]}},{"type":"Feature","properties":{"v":12.2,"clase":"DEFICIT_EXTREMO","periodo":"1–15 ago 2026","metodo":"IDW 6 estaciones CVC"},"geometry":{"type":"Polygon","coordinates":[[[-76.0659465153311,3.860850178711448],[-76.02091877031634,3.8609056442040965],[-76.02086505892517,3.8156783395046032],[-76.06589043606269,3.8156235256032014],[-76.0659465153311,3.860850178711448]]]}},{"type":"Feature","properties":{"v":12.8,"clase":"DEFICIT_EXTREMO","periodo":"1–15 ago 2026","metodo":"IDW 6 estaciones CVC"},"geometry":{"type":"Polygon","coordinates":[[[-76.02091877031634,3.8609056442040965],[-75.97589038762312,3.860958717138534],[-75.97583904427542,3.8157307889547454],[-76.02086505892517,3.8156783395046032],[-76.02091877031634,3.8609056442040965]]]}},{"type":"Feature","properties":{"v":13.4,"clase":"DEFICIT_EXTREMO","periodo":"1–15 ago 2026","metodo":"IDW 6 estaciones CVC"},"geometry":{"type":"Polygon","coordinates":[[[-75.97589038762312,3.860958717138534],[-75.93086139536543,3.8610093973509665],[-75.93081242022008,3.8157808737917667],[-75.97583904427542,3.8157307889547454],[-75.97589038762312,3.860958717138534]]]}},{"type":"Feature","properties":{"v":13.9,"clase":"DEFICIT_EXTREMO","periodo":"1–15 ago 2026","metodo":"IDW 6 estaciones CVC"},"geometry":{"type":"Polygon","coordinates":[[[-75.93086139536543,3.8610093973509665],[-75.8858318216592,3.861057684684983],[-75.88578521486775,3.8158285938611014],[-75.93081242022008,3.8157808737917667],[-75.93086139536543,3.8610093973509665]]]}},{"type":"Feature","properties":{"v":14.2,"clase":"DEFICIT_EXTREMO","periodo":"1–15 ago 2026","metodo":"IDW 6 estaciones CVC"},"geometry":{"type":"Polygon","coordinates":[[[-75.88578521486775,3.8158285938611014],[-75.8858318216592,3.861057684684983],[-75.85945741025192,3.8610848556664203],[-75.8534,3.8547],[-75.8529,3.8524999999999996],[-75.8561,3.8511000000000015],[-75.8573,3.8491000000000004],[-75.8605,3.8491999999999997],[-75.8627,3.8477000000000006],[-75.8639,3.8444],[-75.8645,3.8365],[-75.8674,3.8337000000000003],[-75.8718,3.8243],[-75.88110000000002,3.817400000000001],[-75.88237907388365,3.8158321074705475],[-75.88578521486775,3.8158285938611014]]]}},{"type":"Feature","properties":{"v":34.4,"clase":"DEFICIT_ALTO","periodo":"1–15 ago 2026","metodo":"IDW 6 estaciones CVC"},"geometry":{"type":"MultiPolygon","coordinates":[[[[-77.28147327302601,3.9036474172157467],[-77.28135192687338,3.858449023889043],[-77.29343784678673,3.8584163942612184],[-77.2979,3.860599999999999],[-77.3027,3.8615],[-77.3043,3.8674],[-77.3031,3.8725999999999994],[-77.3051,3.8737000000000004],[-77.305,3.874499999999998],[-77.3033,3.8741000000000003],[-77.3029,3.8747000000000003],[-77.2972,3.8759],[-77.2967,3.8755],[-77.2973,3.873399999999999],[-77.29200000000002,3.8772000000000006],[-77.2919,3.878800000000002],[-77.2938,3.879300000000001],[-77.294,3.8805999999999985],[-77.2906,3.8843],[-77.2886,3.8883],[-77.2886,3.8898],[-77.28620000000001,3.891200000000001],[-77.2863,3.8952999999999993],[-77.2896,3.8978],[-77.298,3.902],[-77.3013,3.8991],[-77.3016,3.9001999999999994],[-77.3056,3.9021],[-77.30674968669524,3.903578178795525],[-77.28147327302601,3.9036474172157467]]],[[[-77.31571986444399,3.903553423926198],[-77.317,3.902700000000001],[-77.3208,3.902499999999999],[-77.32062173862643,3.903539855719733],[-77.31571986444399,3.903553423926198]]]]}},{"type":"Feature","properties":{"v":35.6,"clase":"DEFICIT_MODERADO","periodo":"1–15 ago 2026","metodo":"IDW 6 estaciones CVC"},"geometry":{"type":"Polygon","coordinates":[[[-77.28147327302601,3.9036474172157467],[-77.23647097439772,3.903768802515974],[-77.23635201689761,3.8585689996169825],[-77.28135192687338,3.858449023889043],[-77.28147327302601,3.9036474172157467]]]}},{"type":"Feature","properties":{"v":37.6,"clase":"DEFICIT_MODERADO","periodo":"1–15 ago 2026","metodo":"IDW 6 estaciones CVC"},"geometry":{"type":"Polygon","coordinates":[[[-77.23647097439772,3.903768802515974],[-77.19146727968665,3.903887774439303],[-77.19135071120668,3.858686589992699],[-77.23635201689761,3.8585689996169825],[-77.23647097439772,3.903768802515974]]]}},{"type":"Feature","properties":{"v":39.9,"clase":"DEFICIT_MODERADO","periodo":"1–15 ago 2026","metodo":"IDW 6 estaciones CVC"},"geometry":{"type":"Polygon","coordinates":[[[-77.19135071120668,3.858686589992699],[-77.19146727968665,3.903887774439303],[-77.14646221692952,3.9040043326190648],[-77.14635284812204,3.860716909474895],[-77.1472,3.860199999999999],[-77.1480925811747,3.858797373224485],[-77.19135071120668,3.858686589992699]]]}},{"type":"Feature","properties":{"v":42.4,"clase":"DEFICIT_MODERADO","periodo":"1–15 ago 2026","metodo":"IDW 6 estaciones CVC"},"geometry":{"type":"Polygon","coordinates":[[[-77.14646221692952,3.9040043326190648],[-77.10145581416732,3.9041184766960035],[-77.10137903042487,3.8731268854157475],[-77.1087,3.8715],[-77.1162,3.875699999999999],[-77.1225,3.875],[-77.1263,3.8720000000000008],[-77.1264,3.870899999999999],[-77.1327,3.872499999999999],[-77.1413,3.8637999999999995],[-77.14635284812204,3.860716909474895],[-77.14646221692952,3.9040043326190648]]]}},{"type":"Feature","properties":{"v":45.1,"clase":"DEFICIT_MODERADO","periodo":"1–15 ago 2026","metodo":"IDW 6 estaciones CVC"},"geometry":{"type":"MultiPolygon","coordinates":[[[[-77.05633870015792,3.859025045419282],[-77.07164651682477,3.858987751926054],[-77.0713,3.8615],[-77.07200000000002,3.8623000000000003],[-77.0713,3.8629000000000007],[-77.0667,3.8619000000000003],[-77.0647,3.8603],[-77.0621,3.8606999999999982],[-77.0563546890551,3.8656650971030473],[-77.05633870015792,3.859025045419282]]],[[[-77.05644809944526,3.9042302063182834],[-77.05638012591594,3.8762051858615196],[-77.0591,3.876600000000001],[-77.0588,3.8763000000000005],[-77.0588,3.876099999999999],[-77.0598,3.8754999999999993],[-77.0593,3.874899999999999],[-77.0614,3.873600000000001],[-77.0616,3.8733000000000004],[-77.0614,3.873099999999999],[-77.0614,3.8728],[-77.0628,3.8728],[-77.0647,3.8739],[-77.0653,3.875900000000001],[-77.0663,3.8751],[-77.0663,3.876999999999998],[-77.0676,3.875999999999999],[-77.0678,3.8766999999999996],[-77.0688,3.8764],[-77.0686,3.877799999999999],[-77.0692,3.8772999999999995],[-77.0696,3.8781000000000003],[-77.0708,3.878000000000001],[-77.0702,3.880099999999999],[-77.0717,3.8793000000000006],[-77.0718,3.8802999999999996],[-77.0736,3.8795],[-77.0727,3.8807000000000005],[-77.074,3.8811000000000013],[-77.0739,3.882200000000001],[-77.0763,3.8837000000000006],[-77.0766,3.8860999999999986],[-77.0782,3.8873999999999995],[-77.079,3.8872999999999993],[-77.0804,3.8890000000000007],[-77.0797,3.8894],[-77.0814,3.8928000000000003],[-77.079,3.8931],[-77.0806,3.9013999999999998],[-77.0855,3.9038000000000004],[-77.08580651319025,3.9041575995705236],[-77.05644809944526,3.9042302063182834]]],[[[-77.10145581416732,3.9041184766960035],[-77.0884164055404,3.9041510952123333],[-77.0957,3.8996999999999993],[-77.0941,3.897600000000001],[-77.0932,3.8937999999999993],[-77.093,3.8883999999999994],[-77.0943,3.879799999999999],[-77.0975,3.8753000000000006],[-77.1006,3.8732999999999995],[-77.10137903042487,3.8731268854157475],[-77.10145581416732,3.9041184766960035]]]]}},{"type":"Feature","properties":{"v":46.7,"clase":"DEFICIT_MODERADO","periodo":"1–15 ago 2026","metodo":"IDW 6 estaciones CVC"},"geometry":{"type":"Polygon","coordinates":[[[-77.05644809944526,3.9042302063182834],[-77.01143910081261,3.9043395211414835],[-77.01133209194232,3.8591330908355186],[-77.05633870015792,3.859025045419282],[-77.0563546890551,3.8656650971030473],[-77.054,3.8677],[-77.0529,3.8756999999999997],[-77.05638012591594,3.8762051858615196],[-77.05644809944526,3.9042302063182834]]]}},{"type":"Feature","properties":{"v":46.6,"clase":"DEFICIT_MODERADO","periodo":"1–15 ago 2026","metodo":"IDW 6 estaciones CVC"},"geometry":{"type":"Polygon","coordinates":[[[-77.01143910081261,3.9043395211414835],[-76.96642884632269,3.904446420828605],[-76.96632422820028,3.8592387491608915],[-77.01133209194232,3.8591330908355186],[-77.01143910081261,3.9043395211414835]]]}},{"type":"Feature","properties":{"v":43.5,"clase":"DEFICIT_MODERADO","periodo":"1–15 ago 2026","metodo":"IDW 6 estaciones CVC"},"geometry":{"type":"Polygon","coordinates":[[[-76.96642884632269,3.904446420828605],[-76.92141736403269,3.904550905050072],[-76.9213151369816,3.859342020069669],[-76.96632422820028,3.8592387491608915],[-76.96642884632269,3.904446420828605]]]}},{"type":"Feature","properties":{"v":37.6,"clase":"DEFICIT_MODERADO","periodo":"1–15 ago 2026","metodo":"IDW 6 estaciones CVC"},"geometry":{"type":"Polygon","coordinates":[[[-76.92141736403269,3.904550905050072],[-76.87640468200371,3.9046529734837354],[-76.87630484634,3.8594429032434654],[-76.9213151369816,3.859342020069669],[-76.92141736403269,3.904550905050072]]]}},{"type":"Feature","properties":{"v":30.8,"clase":"DEFICIT_ALTO","periodo":"1–15 ago 2026","metodo":"IDW 6 estaciones CVC"},"geometry":{"type":"Polygon","coordinates":[[[-76.87640468200371,3.9046529734837354],[-76.83139082830056,3.9047526258148735],[-76.83129338433294,3.859541398371234],[-76.87630484634,3.8594429032434654],[-76.87640468200371,3.9046529734837354]]]}},{"type":"Feature","properties":{"v":24.9,"clase":"DEFICIT_ALTO","periodo":"1–15 ago 2026","metodo":"IDW 6 estaciones CVC"},"geometry":{"type":"Polygon","coordinates":[[[-76.83129338433294,3.859541398371234],[-76.83139082830056,3.9047526258148735],[-76.78637583099169,3.904849861736198],[-76.78628077902148,3.8596375051492684],[-76.80459220734983,3.8595986967518785],[-76.8046,3.8597],[-76.80469373207701,3.859841499385503],[-76.80466770003396,3.859598535937168],[-76.83129338433294,3.859541398371234]],[[-76.81498070852332,3.875411399508944],[-76.81498070852332,3.875411399508943],[-76.8128,3.8767000000000005],[-76.81498070852332,3.875411399508944]],[[-76.79981689587427,3.878154813359528],[-76.79875263157892,3.8774736842105026],[-76.7996,3.8782000000000005],[-76.79981689587427,3.878154813359528]],[[-76.79788839103871,3.876920570264771],[-76.7977,3.8768000000000007],[-76.7931,3.8756999999999984],[-76.79788839103871,3.876920570264771]],[[-76.81453357252693,3.8746958739108543],[-76.8056,3.8604000000000003],[-76.80475139977604,3.8599285554311282],[-76.81453357252693,3.8746958739108543]]]}},{"type":"Feature","properties":{"v":20.9,"clase":"DEFICIT_ALTO","periodo":"1–15 ago 2026","metodo":"IDW 6 estaciones CVC"},"geometry":{"type":"Polygon","coordinates":[[[-76.78637583099169,3.904849861736198],[-76.74135971814916,3.904944680947848],[-76.74126705847031,3.859731223281214],[-76.78628077902148,3.8596375051492684],[-76.78637583099169,3.904849861736198]]]}},{"type":"Feature","properties":{"v":19.0,"clase":"DEFICIT_EXTREMO","periodo":"1–15 ago 2026","metodo":"IDW 6 estaciones CVC"},"geometry":{"type":"Polygon","coordinates":[[[-76.74135971814916,3.904944680947848],[-76.69634251784854,3.9050370831574037],[-76.6962522507476,3.8598225524780623],[-76.74126705847031,3.859731223281214],[-76.74135971814916,3.904944680947848]]]}},{"type":"Feature","properties":{"v":18.8,"clase":"DEFICIT_EXTREMO","periodo":"1–15 ago 2026","metodo":"IDW 6 estaciones CVC"},"geometry":{"type":"Polygon","coordinates":[[[-76.69634251784854,3.9050370831574037],[-76.65132425816873,3.905127068079882],[-76.65123638392491,3.859911492458157],[-76.6962522507476,3.8598225524780623],[-76.69634251784854,3.9050370831574037]]]}},{"type":"Feature","properties":{"v":20.2,"clase":"DEFICIT_ALTO","periodo":"1–15 ago 2026","metodo":"IDW 6 estaciones CVC"},"geometry":{"type":"Polygon","coordinates":[[[-76.60621948607708,3.8599980429471907],[-76.65123638392491,3.859911492458157],[-76.65132425816873,3.905127068079882],[-76.606304967192,3.9052146354377353],[-76.60622666420396,3.8638155354694437],[-76.6078,3.8639000000000006],[-76.60835558739255,3.863661891117477],[-76.60622609476998,3.8635128362140754],[-76.60621948607708,3.8599980429471907]]]}},{"type":"Feature","properties":{"v":22.7,"clase":"DEFICIT_ALTO","periodo":"1–15 ago 2026","metodo":"IDW 6 estaciones CVC"},"geometry":{"type":"Polygon","coordinates":[[[-76.60621948607708,3.8599980429471907],[-76.60622609476998,3.8635128362140754],[-76.59890000000001,3.863],[-76.59589854771784,3.8632609958506223],[-76.60622666420396,3.8638155354694437],[-76.606304967192,3.9052146354377353],[-76.56128467300384,3.9052997849608646],[-76.5612015852822,3.8600822036782163],[-76.59185004409377,3.8600251664170995],[-76.59268726333906,3.8629554216867423],[-76.5926889027743,3.862956535866029],[-76.59194042178517,3.860024996583489],[-76.60621948607708,3.8599980429471907]],[[-76.5931547008547,3.8631136752136737],[-76.59278361581922,3.8630209039548036],[-76.5929,3.8630999999999998],[-76.5931547008547,3.8631136752136737]]]}},{"type":"Feature","properties":{"v":24.5,"clase":"DEFICIT_ALTO","periodo":"1–15 ago 2026","metodo":"IDW 6 estaciones CVC"},"geometry":{"type":"Polygon","coordinates":[[[-76.56128467300384,3.9052997849608646],[-76.51626340369285,3.9053825163866103],[-76.51618270962153,3.860163974391641],[-76.5612015852822,3.8600822036782163],[-76.56128467300384,3.9052997849608646]]]}},{"type":"Feature","properties":{"v":21.2,"clase":"DEFICIT_ALTO","periodo":"1–15 ago 2026","metodo":"IDW 6 estaciones CVC"},"geometry":{"type":"Polygon","coordinates":[[[-76.51626340369285,3.9053825163866103],[-76.47124118735069,3.905462829459756],[-76.47116288717933,3.860243354835231],[-76.51618270962153,3.860163974391641],[-76.51626340369285,3.9053825163866103]],[[-76.5092,3.8773999999999997],[-76.50279867172675,3.875233396584437],[-76.50350000000002,3.8755999999999995],[-76.5092,3.8773999999999997]],[[-76.4757995402299,3.864836091954023],[-76.484,3.8679000000000006],[-76.4778,3.8654000000000006],[-76.47860547945206,3.865313698630137],[-76.4757995402299,3.864836091954023]],[[-76.4806,3.8651],[-76.4845,3.862599999999999],[-76.48031077844311,3.8651309880239513],[-76.4806,3.8651]]]}},{"type":"Feature","properties":{"v":10.5,"clase":"DEFICIT_EXTREMO","periodo":"1–15 ago 2026","metodo":"IDW 6 estaciones CVC"},"geometry":{"type":"Polygon","coordinates":[[[-76.47124118735069,3.905462829459756],[-76.426218052072,3.9055407239325417],[-76.42614214604282,3.8603203447641143],[-76.47116288717933,3.860243354835231],[-76.47124118735069,3.905462829459756]]]}},{"type":"Feature","properties":{"v":1.8,"clase":"DEFICIT_EXTREMO","periodo":"1–15 ago 2026","metodo":"IDW 6 estaciones CVC"},"geometry":{"type":"Polygon","coordinates":[[[-76.426218052072,3.9055407239325417],[-76.38119402595427,3.905616199564646],[-76.3811205143021,3.8603949439407774],[-76.42614214604282,3.8603203447641143],[-76.426218052072,3.9055407239325417]]]}},{"type":"Feature","properties":{"v":1.4,"clase":"DEFICIT_EXTREMO","periodo":"1–15 ago 2026","metodo":"IDW 6 estaciones CVC"},"geometry":{"type":"Polygon","coordinates":[[[-76.38119402595427,3.905616199564646],[-76.3361691370978,3.9056892561232104],[-76.33609802005007,3.8604671521350777],[-76.3811205143021,3.8603949439407774],[-76.38119402595427,3.905616199564646]]]}},{"type":"Feature","properties":{"v":3.9,"clase":"DEFICIT_EXTREMO","periodo":"1–15 ago 2026","metodo":"IDW 6 estaciones CVC"},"geometry":{"type":"Polygon","coordinates":[[[-76.3361691370978,3.9056892561232104],[-76.29114341360557,3.9057598933828213],[-76.29107469138233,3.860536969124236],[-76.33609802005007,3.8604671521350777],[-76.3361691370978,3.9056892561232104]]]}},{"type":"Feature","properties":{"v":6.2,"clase":"DEFICIT_EXTREMO","periodo":"1–15 ago 2026","metodo":"IDW 6 estaciones CVC"},"geometry":{"type":"Polygon","coordinates":[[[-76.29114341360557,3.9057598933828213],[-76.24611688358317,3.905828111125523],[-76.24605055639707,3.8606043946928397],[-76.29107469138233,3.860536969124236],[-76.29114341360557,3.9057598933828213]]]}},{"type":"Feature","properties":{"v":8.0,"clase":"DEFICIT_EXTREMO","periodo":"1–15 ago 2026","metodo":"IDW 6 estaciones CVC"},"geometry":{"type":"Polygon","coordinates":[[[-76.24611688358317,3.905828111125523],[-76.20108957513872,3.9058939091408162],[-76.201025643195,3.860669428632847],[-76.24605055639707,3.8606043946928397],[-76.24611688358317,3.905828111125523]]]}},{"type":"Feature","properties":{"v":9.3,"clase":"DEFICIT_EXTREMO","periodo":"1–15 ago 2026","metodo":"IDW 6 estaciones CVC"},"geometry":{"type":"Polygon","coordinates":[[[-76.20108957513872,3.9058939091408162],[-76.1560615163828,3.905957287225661],[-76.15599997987927,3.8607320707435893],[-76.201025643195,3.860669428632847],[-76.20108957513872,3.9058939091408162]]]}},{"type":"Feature","properties":{"v":10.4,"clase":"DEFICIT_EXTREMO","periodo":"1–15 ago 2026","metodo":"IDW 6 estaciones CVC"},"geometry":{"type":"Polygon","coordinates":[[[-76.11103273542828,3.906018245184474],[-76.11097359455539,3.860792320831763],[-76.15599997987927,3.8607320707435893],[-76.1560615163828,3.905957287225661],[-76.13787541105907,3.905982198227396],[-76.13874020408163,3.905217959183677],[-76.138,3.905600000000001],[-76.13760509524997,3.9059825655224034],[-76.11103273542828,3.906018245184474]],[[-76.14703762575454,3.904822132796781],[-76.147,3.9048],[-76.1411,3.903999999999999],[-76.14703762575454,3.904822132796781]]]}},{"type":"Feature","properties":{"v":11.3,"clase":"DEFICIT_EXTREMO","periodo":"1–15 ago 2026","metodo":"IDW 6 estaciones CVC"},"geometry":{"type":"Polygon","coordinates":[[[-76.11103273542828,3.906018245184474],[-76.06600326039035,3.9060767828291367],[-76.0659465153311,3.860850178711448],[-76.11097359455539,3.860792320831763],[-76.11103273542828,3.906018245184474]],[[-76.0727,3.900500000000001],[-76.0666,3.9032000000000013],[-76.0727679245283,3.900556603773587],[-76.0727,3.900500000000001]]]}},{"type":"Feature","properties":{"v":12.1,"clase":"DEFICIT_EXTREMO","periodo":"1–15 ago 2026","metodo":"IDW 6 estaciones CVC"},"geometry":{"type":"Polygon","coordinates":[[[-76.06600326039035,3.9060767828291367],[-76.02097311938631,3.9061328999789917],[-76.02091877031634,3.8609056442040965],[-76.0659465153311,3.860850178711448],[-76.06600326039035,3.9060767828291367]]]}},{"type":"Feature","properties":{"v":12.7,"clase":"DEFICIT_EXTREMO","periodo":"1–15 ago 2026","metodo":"IDW 6 estaciones CVC"},"geometry":{"type":"Polygon","coordinates":[[[-76.02097311938631,3.9061328999789917],[-75.97594234053561,3.9061865964608433],[-75.97589038762312,3.860958717138534],[-76.02091877031634,3.8609056442040965],[-76.02097311938631,3.9061328999789917]]]}},{"type":"Feature","properties":{"v":13.3,"clase":"DEFICIT_EXTREMO","periodo":"1–15 ago 2026","metodo":"IDW 6 estaciones CVC"},"geometry":{"type":"Polygon","coordinates":[[[-75.97594234053561,3.9061865964608433],[-75.93091095195966,3.906237872108964],[-75.93086139536543,3.8610093973509665],[-75.97589038762312,3.860958717138534],[-75.97594234053561,3.9061865964608433]]]}},{"type":"Feature","properties":{"v":13.8,"clase":"DEFICIT_EXTREMO","periodo":"1–15 ago 2026","metodo":"IDW 6 estaciones CVC"},"geometry":{"type":"Polygon","coordinates":[[[-75.93091095195966,3.906237872108964],[-75.88587898178176,3.906286726765093],[-75.8858318216592,3.861057684684983],[-75.93086139536543,3.8610093973509665],[-75.93091095195966,3.906237872108964]]]}},{"type":"Feature","properties":{"v":14.2,"clase":"DEFICIT_EXTREMO","periodo":"1–15 ago 2026","metodo":"IDW 6 estaciones CVC"},"geometry":{"type":"Polygon","coordinates":[[[-75.8858318216592,3.861057684684983],[-75.88587898178176,3.906286726765093],[-75.84084645812707,3.906333160278435],[-75.84084018886595,3.9000304544367044],[-75.8421,3.8969000000000005],[-75.8498,3.889199999999999],[-75.8511,3.886699999999999],[-75.85840000000002,3.8813999999999993],[-75.8616,3.8739],[-75.86,3.868499999999999],[-75.8608,3.862499999999999],[-75.85945741025192,3.8610848556664203],[-75.8858318216592,3.861057684684983]]]}},{"type":"Feature","properties":{"v":32.3,"clase":"DEFICIT_ALTO","periodo":"1–15 ago 2026","metodo":"IDW 6 estaciones CVC"},"geometry":{"type":"Polygon","coordinates":[[[-77.34297285607335,3.9486743509328597],[-77.343,3.9486000000000003],[-77.3429,3.9471000000000007],[-77.3451,3.942999999999999],[-77.3447,3.9419],[-77.3459,3.938300000000001],[-77.3457,3.9356999999999993],[-77.3468,3.935400000000001],[-77.3476,3.9318000000000004],[-77.3531,3.9288000000000003],[-77.357,3.9286],[-77.357,3.927599999999999],[-77.3584,3.9264999999999994],[-77.3623,3.928699999999999],[-77.3654,3.9335],[-77.36660000000002,3.9408],[-77.37015782410846,3.948596978301617],[-77.34297285607335,3.9486743509328597]]]}},{"type":"Feature","properties":{"v":34.1,"clase":"DEFICIT_ALTO","periodo":"1–15 ago 2026","metodo":"IDW 6 estaciones CVC"},"geometry":{"type":"Polygon","coordinates":[[[-77.32062173862643,3.903539855719733],[-77.3202,3.906],[-77.3222,3.909099999999999],[-77.3218,3.911799999999999],[-77.321,3.912499999999999],[-77.3194,3.912200000000001],[-77.31860000000002,3.9133999999999993],[-77.3188,3.9188],[-77.3208,3.925199999999999],[-77.31860000000002,3.924700000000001],[-77.3175,3.9233999999999996],[-77.3157,3.9242],[-77.3143,3.9263999999999992],[-77.314,3.929],[-77.3119,3.9303000000000003],[-77.3111,3.932000000000001],[-77.3113,3.9341999999999993],[-77.3129,3.935499999999999],[-77.3143,3.943],[-77.3158,3.9444999999999992],[-77.3158,3.9467],[-77.31721703647538,3.948746833012947],[-77.28159604329453,3.948845758094837],[-77.28147327302601,3.9036474172157467],[-77.30674968669524,3.903578178795525],[-77.3091,3.906599999999999],[-77.3091,3.9095],[-77.3109,3.9083000000000006],[-77.3116,3.906099999999999],[-77.3138,3.9066999999999994],[-77.314,3.905],[-77.3156,3.904499999999999],[-77.3155,3.9036999999999993],[-77.31571986444399,3.903553423926198],[-77.32062173862643,3.903539855719733]]]}},{"type":"Feature","properties":{"v":35.6,"clase":"DEFICIT_MODERADO","periodo":"1–15 ago 2026","metodo":"IDW 6 estaciones CVC"},"geometry":{"type":"Polygon","coordinates":[[[-77.28159604329453,3.948845758094837],[-77.23659132798134,3.9489685531114564],[-77.23647097439772,3.903768802515974],[-77.28147327302601,3.9036474172157467],[-77.28159604329453,3.948845758094837]]]}},{"type":"Feature","properties":{"v":37.5,"clase":"DEFICIT_MODERADO","periodo":"1–15 ago 2026","metodo":"IDW 6 estaciones CVC"},"geometry":{"type":"Polygon","coordinates":[[[-77.23659132798134,3.9489685531114564],[-77.19158521621338,3.949088906723645],[-77.19146727968665,3.903887774439303],[-77.23647097439772,3.903768802515974],[-77.23659132798134,3.9489685531114564]]]}},{"type":"Feature","properties":{"v":39.6,"clase":"DEFICIT_MODERADO","periodo":"1–15 ago 2026","metodo":"IDW 6 estaciones CVC"},"geometry":{"type":"Polygon","coordinates":[[[-77.19158521621338,3.949088906723645],[-77.14657773603481,3.949206818560456],[-77.14646221692952,3.9040043326190648],[-77.19146727968665,3.903887774439303],[-77.19158521621338,3.949088906723645]]]}},{"type":"Feature","properties":{"v":41.9,"clase":"DEFICIT_MODERADO","periodo":"1–15 ago 2026","metodo":"IDW 6 estaciones CVC"},"geometry":{"type":"Polygon","coordinates":[[[-77.14657773603481,3.949206818560456],[-77.1015689154941,3.949322288258441],[-77.10145581416732,3.9041184766960035],[-77.14646221692952,3.9040043326190648],[-77.14657773603481,3.949206818560456]]]}},{"type":"Feature","properties":{"v":44.1,"clase":"DEFICIT_MODERADO","periodo":"1–15 ago 2026","metodo":"IDW 6 estaciones CVC"},"geometry":{"type":"Polygon","coordinates":[[[-77.10145581416732,3.9041184766960035],[-77.1015689154941,3.949322288258441],[-77.05655878264386,3.9494353154616504],[-77.05644809944526,3.9042302063182834],[-77.08580651319025,3.9041575995705236],[-77.0867,3.9051999999999993],[-77.0884164055404,3.9041510952123333],[-77.10145581416732,3.9041184766960035]]]}},{"type":"Feature","properties":{"v":45.5,"clase":"DEFICIT_MODERADO","periodo":"1–15 ago 2026","metodo":"IDW 6 estaciones CVC"},"geometry":{"type":"Polygon","coordinates":[[[-77.05655878264386,3.9494353154616504],[-77.01154736554085,3.949545899821644],[-77.01143910081261,3.9043395211414835],[-77.05644809944526,3.9042302063182834],[-77.05655878264386,3.9494353154616504]]]}},{"type":"Feature","properties":{"v":45.2,"clase":"DEFICIT_MODERADO","periodo":"1–15 ago 2026","metodo":"IDW 6 estaciones CVC"},"geometry":{"type":"Polygon","coordinates":[[[-77.01154736554085,3.949545899821644],[-76.9665346922458,3.9496540409974887],[-76.96642884632269,3.904446420828605],[-77.01143910081261,3.9043395211414835],[-77.01154736554085,3.949545899821644]]]}},{"type":"Feature","properties":{"v":42.4,"clase":"DEFICIT_MODERADO","periodo":"1–15 ago 2026","metodo":"IDW 6 estaciones CVC"},"geometry":{"type":"Polygon","coordinates":[[[-76.9665346922458,3.9496540409974887],[-76.92152079082342,3.9497597386557586],[-76.92141736403269,3.904550905050072],[-76.96642884632269,3.904446420828605],[-76.9665346922458,3.9496540409974887]]]}},{"type":"Feature","properties":{"v":37.3,"clase":"DEFICIT_MODERADO","periodo":"1–15 ago 2026","metodo":"IDW 6 estaciones CVC"},"geometry":{"type":"Polygon","coordinates":[[[-76.92152079082342,3.9497597386557586],[-76.87650568934221,3.949862992470543],[-76.87640468200371,3.9046529734837354],[-76.92141736403269,3.904550905050072],[-76.92152079082342,3.9497597386557586]]]}},{"type":"Feature","properties":{"v":31.4,"clase":"DEFICIT_ALTO","periodo":"1–15 ago 2026","metodo":"IDW 6 estaciones CVC"},"geometry":{"type":"Polygon","coordinates":[[[-76.87650568934221,3.949862992470543],[-76.83148941587447,3.9499638021234458],[-76.83139082830056,3.9047526258148735],[-76.87640468200371,3.9046529734837354],[-76.87650568934221,3.949862992470543]]]}},{"type":"Feature","properties":{"v":26.1,"clase":"DEFICIT_ALTO","periodo":"1–15 ago 2026","metodo":"IDW 6 estaciones CVC"},"geometry":{"type":"Polygon","coordinates":[[[-76.83148941587447,3.9499638021234458],[-76.78647199849613,3.9500621673035883],[-76.78637583099169,3.904849861736198],[-76.83139082830056,3.9047526258148735],[-76.83148941587447,3.9499638021234458]]]}},{"type":"Feature","properties":{"v":22.3,"clase":"DEFICIT_ALTO","periodo":"1–15 ago 2026","metodo":"IDW 6 estaciones CVC"},"geometry":{"type":"Polygon","coordinates":[[[-76.78647199849613,3.9500621673035883],[-76.74145346528668,3.950158087707612],[-76.74135971814916,3.904944680947848],[-76.78637583099169,3.904849861736198],[-76.78647199849613,3.9500621673035883]]]}},{"type":"Feature","properties":{"v":20.1,"clase":"DEFICIT_ALTO","periodo":"1–15 ago 2026","metodo":"IDW 6 estaciones CVC"},"geometry":{"type":"Polygon","coordinates":[[[-76.74145346528668,3.950158087707612],[-76.69643384432918,3.9502515630396804],[-76.69634251784854,3.9050370831574037],[-76.74135971814916,3.904944680947848],[-76.74145346528668,3.950158087707612]]]}},{"type":"Feature","properties":{"v":19.4,"clase":"DEFICIT_EXTREMO","periodo":"1–15 ago 2026","metodo":"IDW 6 estaciones CVC"},"geometry":{"type":"Polygon","coordinates":[[[-76.69643384432918,3.9502515630396804],[-76.65141316371,3.950342593011482],[-76.65132425816873,3.905127068079882],[-76.69634251784854,3.9050370831574037],[-76.69643384432918,3.9502515630396804]]]}},{"type":"Feature","properties":{"v":19.6,"clase":"DEFICIT_EXTREMO","periodo":"1–15 ago 2026","metodo":"IDW 6 estaciones CVC"},"geometry":{"type":"Polygon","coordinates":[[[-76.65141316371,3.950342593011482],[-76.60639145151889,3.9504311773422303],[-76.606304967192,3.9052146354377353],[-76.65132425816873,3.905127068079882],[-76.65141316371,3.950342593011482]]]}},{"type":"Feature","properties":{"v":20.1,"clase":"DEFICIT_ALTO","periodo":"1–15 ago 2026","metodo":"IDW 6 estaciones CVC"},"geometry":{"type":"Polygon","coordinates":[[[-76.60639145151889,3.9504311773422303],[-76.5613687358488,3.9505173157586677],[-76.56128467300384,3.9052997849608646],[-76.606304967192,3.9052146354377353],[-76.60639145151889,3.9504311773422303]]]}},{"type":"Feature","properties":{"v":19.8,"clase":"DEFICIT_EXTREMO","periodo":"1–15 ago 2026","metodo":"IDW 6 estaciones CVC"},"geometry":{"type":"Polygon","coordinates":[[[-76.5613687358488,3.9505173157586677],[-76.51634504479581,3.9506010079950715],[-76.51626340369285,3.9053825163866103],[-76.56128467300384,3.9052997849608646],[-76.5613687358488,3.9505173157586677]]]}},{"type":"Feature","properties":{"v":16.7,"clase":"DEFICIT_EXTREMO","periodo":"1–15 ago 2026","metodo":"IDW 6 estaciones CVC"},"geometry":{"type":"Polygon","coordinates":[[[-76.51634504479581,3.9506010079950715],[-76.47132040645907,3.950682253793247],[-76.47124118735069,3.905462829459756],[-76.51626340369285,3.9053825163866103],[-76.51634504479581,3.9506010079950715]]]}},{"type":"Feature","properties":{"v":10.7,"clase":"DEFICIT_EXTREMO","periodo":"1–15 ago 2026","metodo":"IDW 6 estaciones CVC"},"geometry":{"type":"Polygon","coordinates":[[[-76.47132040645907,3.950682253793247],[-76.42629484894069,3.9507610529025334],[-76.426218052072,3.9055407239325417],[-76.47124118735069,3.905462829459756],[-76.47132040645907,3.950682253793247]]]}},{"type":"Feature","properties":{"v":5.6,"clase":"DEFICIT_EXTREMO","periodo":"1–15 ago 2026","metodo":"IDW 6 estaciones CVC"},"geometry":{"type":"Polygon","coordinates":[[[-76.42629484894069,3.9507610529025334],[-76.38126840034565,3.9508374050798136],[-76.38119402595427,3.905616199564646],[-76.426218052072,3.9055407239325417],[-76.42629484894069,3.9507610529025334]]]}},{"type":"Feature","properties":{"v":4.4,"clase":"DEFICIT_EXTREMO","periodo":"1–15 ago 2026","metodo":"IDW 6 estaciones CVC"},"geometry":{"type":"Polygon","coordinates":[[[-76.38126840034565,3.9508374050798136],[-76.33624108878173,3.9509113100895012],[-76.3361691370978,3.9056892561232104],[-76.38119402595427,3.905616199564646],[-76.38126840034565,3.9508374050798136]],[[-76.33963797468354,3.929117721518991],[-76.33967450980391,3.9295196078431385],[-76.3398,3.929299999999999],[-76.33963797468354,3.929117721518991]]]}},{"type":"Feature","properties":{"v":5.5,"clase":"DEFICIT_EXTREMO","periodo":"1–15 ago 2026","metodo":"IDW 6 estaciones CVC"},"geometry":{"type":"Polygon","coordinates":[[[-76.33624108878173,3.9509113100895012],[-76.2912129423594,3.9509827677035525],[-76.29114341360557,3.9057598933828213],[-76.3361691370978,3.9056892561232104],[-76.33624108878173,3.9509113100895012]],[[-76.32718585690515,3.941670549084853],[-76.3221,3.9378999999999986],[-76.3247,3.940399999999999],[-76.32718585690515,3.941670549084853]],[[-76.3318,3.9426999999999985],[-76.32832946428572,3.9422550595238093],[-76.3292,3.9426999999999994],[-76.3318,3.9426999999999985]],[[-76.33280000000002,3.9419],[-76.333,3.941099999999999],[-76.3318,3.9426999999999985],[-76.33280000000002,3.9419]]]}},{"type":"Feature","properties":{"v":7.0,"clase":"DEFICIT_EXTREMO","periodo":"1–15 ago 2026","metodo":"IDW 6 estaciones CVC"},"geometry":{"type":"Polygon","coordinates":[[[-76.2912129423594,3.9509827677035525],[-76.24618398919172,3.951051777701468],[-76.24611688358317,3.905828111125523],[-76.29114341360557,3.9057598933828213],[-76.2912129423594,3.9509827677035525]]]}},{"type":"Feature","properties":{"v":8.4,"clase":"DEFICIT_EXTREMO","periodo":"1–15 ago 2026","metodo":"IDW 6 estaciones CVC"},"geometry":{"type":"Polygon","coordinates":[[[-76.24618398919172,3.951051777701468],[-76.20115425739434,3.951118339870292],[-76.20108957513872,3.9058939091408162],[-76.24611688358317,3.905828111125523],[-76.24618398919172,3.951051777701468]]]}},{"type":"Feature","properties":{"v":9.6,"clase":"DEFICIT_EXTREMO","periodo":"1–15 ago 2026","metodo":"IDW 6 estaciones CVC"},"geometry":{"type":"Polygon","coordinates":[[[-76.1560615163828,3.905957287225661],[-76.20108957513872,3.9058939091408162],[-76.20115425739434,3.951118339870292],[-76.15612377508528,3.951182454004609],[-76.15608883586118,3.925867005522004],[-76.15693333333333,3.9258414141414133],[-76.15608873023885,3.9257902267000935],[-76.1560615163828,3.905957287225661]],[[-76.15990000000001,3.9248999999999996],[-76.1633,3.926600000000001],[-76.16354657534247,3.92647671232877],[-76.1601,3.924799999999999],[-76.15990000000001,3.9248999999999996]],[[-76.15876666666666,3.925466666666667],[-76.1580870967742,3.9258064516129036],[-76.1583,3.9257999999999993],[-76.15876666666666,3.925466666666667]]]}},{"type":"Feature","properties":{"v":10.6,"clase":"DEFICIT_EXTREMO","periodo":"1–15 ago 2026","metodo":"IDW 6 estaciones CVC"},"geometry":{"type":"Polygon","coordinates":[[[-76.1560615163828,3.905957287225661],[-76.15608873023885,3.9257902267000935],[-76.15488635409378,3.9257173547935618],[-76.15500000000002,3.9258999999999995],[-76.15608883586118,3.925867005522004],[-76.15612377508528,3.951182454004609],[-76.11109257038495,3.951244119906556],[-76.11103273542828,3.906018245184474],[-76.13760509524997,3.9059825655224034],[-76.1348,3.9087000000000014],[-76.13787541105907,3.905982198227396],[-76.1560615163828,3.905957287225661]],[[-76.15365155807366,3.923732861189824],[-76.15227469387754,3.9208771428571367],[-76.1522,3.9213999999999993],[-76.15365155807366,3.923732861189824]],[[-76.1183,3.9148],[-76.116,3.9159],[-76.11596,3.9160600000000017],[-76.1183,3.9148]],[[-76.11576279069767,3.916848837209289],[-76.1155,3.9178999999999995],[-76.1163,3.9223999999999983],[-76.11576279069767,3.916848837209289]]]}},{"type":"Feature","properties":{"v":11.4,"clase":"DEFICIT_EXTREMO","periodo":"1–15 ago 2026","metodo":"IDW 6 estaciones CVC"},"geometry":{"type":"Polygon","coordinates":[[[-76.11109257038495,3.951244119906556],[-76.06606067141601,3.951303337385816],[-76.06600326039035,3.9060767828291367],[-76.11103273542828,3.906018245184474],[-76.11109257038495,3.951244119906556]],[[-76.08949473684211,3.950919298245614],[-76.0896,3.9512],[-76.08981782178218,3.951269306930693],[-76.08949473684211,3.950919298245614]],[[-76.0885,3.943],[-76.0887,3.9488],[-76.08914302325582,3.949981395348841],[-76.0885,3.943]]]}},{"type":"Feature","properties":{"v":12.1,"clase":"DEFICIT_EXTREMO","periodo":"1–15 ago 2026","metodo":"IDW 6 estaciones CVC"},"geometry":{"type":"Polygon","coordinates":[[[-76.06606067141601,3.951303337385816],[-76.02102810630328,3.9513601062596204],[-76.02097311938631,3.9061328999789917],[-76.06600326039035,3.9060767828291367],[-76.06606067141601,3.951303337385816]]]}},{"type":"Feature","properties":{"v":12.7,"clase":"DEFICIT_EXTREMO","periodo":"1–15 ago 2026","metodo":"IDW 6 estaciones CVC"},"geometry":{"type":"Polygon","coordinates":[[[-76.02102810630328,3.9513601062596204],[-75.97599490317367,3.951414426352755],[-75.97594234053561,3.9061865964608433],[-76.02097311938631,3.9061328999789917],[-76.02102810630328,3.9513601062596204]]]}},{"type":"Feature","properties":{"v":13.3,"clase":"DEFICIT_EXTREMO","periodo":"1–15 ago 2026","metodo":"IDW 6 estaciones CVC"},"geometry":{"type":"Polygon","coordinates":[[[-75.97599490317367,3.951414426352755],[-75.93096109015612,3.951466297497553],[-75.93091095195966,3.906237872108964],[-75.97594234053561,3.9061865964608433],[-75.97599490317367,3.951414426352755]]]}},{"type":"Feature","properties":{"v":13.8,"clase":"DEFICIT_EXTREMO","periodo":"1–15 ago 2026","metodo":"IDW 6 estaciones CVC"},"geometry":{"type":"Polygon","coordinates":[[[-75.93096109015612,3.951466297497553],[-75.88592669538141,3.951515719533908],[-75.88587898178176,3.906286726765093],[-75.93091095195966,3.906237872108964],[-75.93096109015612,3.951466297497553]]]}},{"type":"Feature","properties":{"v":14.2,"clase":"DEFICIT_EXTREMO","periodo":"1–15 ago 2026","metodo":"IDW 6 estaciones CVC"},"geometry":{"type":"Polygon","coordinates":[[[-75.88592669538141,3.951515719533908],[-75.8408917469822,3.9515626923092633],[-75.84084645812707,3.906333160278435],[-75.88587898178176,3.906286726765093],[-75.88592669538141,3.951515719533908]],[[-75.884,3.9251],[-75.88384430379747,3.925183544303796],[-75.8856,3.9262],[-75.884,3.9251]],[[-75.8734,3.9265],[-75.878,3.9273000000000002],[-75.8799,3.9272999999999985],[-75.8734,3.9265]],[[-75.86936327683615,3.9243774011299433],[-75.8694,3.9243999999999994],[-75.8707,3.9239],[-75.86936327683615,3.9243774011299433]],[[-75.86808627002289,3.923559725400461],[-75.8681,3.9235999999999995],[-75.86849999999997,3.923846153846133],[-75.86808627002289,3.923559725400461]]]}},{"type":"Feature","properties":{"v":14.5,"clase":"DEFICIT_EXTREMO","periodo":"1–15 ago 2026","metodo":"IDW 6 estaciones CVC"},"geometry":{"type":"Polygon","coordinates":[[[-75.84084645812707,3.906333160278435],[-75.8408917469822,3.9515626923092633],[-75.80557774221003,3.9515978121030138],[-75.8051,3.9469],[-75.8075,3.943],[-75.809,3.9371],[-75.8069,3.9349],[-75.8071,3.9313000000000007],[-75.8119,3.9214],[-75.8122,3.9194000000000004],[-75.8143,3.9192999999999993],[-75.8193,3.9126999999999996],[-75.82,3.9107],[-75.8196,3.908399999999999],[-75.82046826554303,3.90635337653401],[-75.82296100220589,3.9063509302274864],[-75.8236,3.9133],[-75.82328411644842,3.9063506125883487],[-75.83075075138132,3.9063432377441503],[-75.83050000000001,3.9085999999999994],[-75.8323,3.9097000000000004],[-75.834,3.9095],[-75.83745102905847,3.9063365631570255],[-75.84084645812707,3.906333160278435]],[[-75.8197,3.9362000000000004],[-75.819,3.9407000000000005],[-75.81901131465517,3.9407256465517233],[-75.8197,3.9362000000000004]]]}},{"type":"Feature","properties":{"v":31.4,"clase":"DEFICIT_ALTO","periodo":"1–15 ago 2026","metodo":"IDW 6 estaciones CVC"},"geometry":{"type":"Polygon","coordinates":[[[-77.37173025545594,3.993788229398837],[-77.37160952206956,3.9515320474044318],[-77.3761,3.9578],[-77.3783,3.959199999999999],[-77.3811,3.9645000000000006],[-77.3877,3.9734],[-77.3903,3.9731],[-77.3933,3.9753],[-77.4058,3.9875999999999996],[-77.4138989462778,3.993664979858268],[-77.37173025545594,3.993788229398837]]]}},{"type":"Feature","properties":{"v":32.3,"clase":"DEFICIT_ALTO","periodo":"1–15 ago 2026","metodo":"IDW 6 estaciones CVC"},"geometry":{"type":"Polygon","coordinates":[[[-77.37015782410846,3.948596978301617],[-77.3713,3.9511],[-77.37160952206956,3.9515320474044318],[-77.37173025545594,3.993788229398837],[-77.32672597321782,3.9939173719913],[-77.32668432480718,3.9791103785133926],[-77.327,3.9787],[-77.3266831043058,3.978675623608711],[-77.32666422708631,3.9719452586573003],[-77.3274,3.9716999999999985],[-77.3282,3.9726000000000004],[-77.3299,3.972599999999999],[-77.3305,3.9749000000000008],[-77.3334,3.975900000000001],[-77.3336,3.9740999999999995],[-77.3353,3.9722000000000013],[-77.3352,3.969399999999999],[-77.3377,3.9655],[-77.3384,3.9611999999999994],[-77.34297285607335,3.9486743509328597],[-77.37015782410846,3.948596978301617]]]}},{"type":"Feature","properties":{"v":34.0,"clase":"DEFICIT_ALTO","periodo":"1–15 ago 2026","metodo":"IDW 6 estaciones CVC"},"geometry":{"type":"MultiPolygon","coordinates":[[[[-77.28159604329453,3.948845758094837],[-77.31721703647538,3.948746833012947],[-77.3176,3.949300000000001],[-77.3169,3.9518],[-77.3158,3.950899999999999],[-77.314,3.950899999999999],[-77.3127,3.954600000000001],[-77.3117,3.9536999999999987],[-77.3093,3.9543],[-77.3094,3.957699999999999],[-77.3066,3.9580000000000006],[-77.3073,3.9566],[-77.3068,3.9559],[-77.3017,3.959099999999999],[-77.2983,3.9583000000000004],[-77.2971,3.9598999999999998],[-77.2995,3.9625999999999992],[-77.29460000000002,3.966600000000001],[-77.2903,3.9735999999999994],[-77.2896,3.9759],[-77.2904,3.9781000000000004],[-77.29,3.9791000000000007],[-77.2871,3.9789000000000003],[-77.28620000000001,3.980799999999998],[-77.2854,3.9793],[-77.284,3.9793],[-77.2842,3.9778],[-77.2853,3.9767000000000006],[-77.2846,3.9761],[-77.2845,3.9736000000000002],[-77.2826,3.9733000000000005],[-77.282,3.9737999999999998],[-77.2835,3.974000000000001],[-77.2819,3.9746999999999995],[-77.2822,3.9777000000000005],[-77.28167588506479,3.977962057641273],[-77.28159604329453,3.948845758094837]]],[[[-77.28168154843097,3.9800191906082185],[-77.2821,3.9815999999999994],[-77.28168616556086,3.9816955011062882],[-77.28168154843097,3.9800191906082185]]],[[[-77.32672597321782,3.9939173719913],[-77.32048795945836,3.9939350772382554],[-77.3212,3.9926],[-77.3211,3.991200000000001],[-77.3241,3.9888999999999992],[-77.3242,3.987199999999999],[-77.3222,3.9884000000000004],[-77.3217,3.9867999999999992],[-77.3239,3.9847000000000006],[-77.3238,3.9823999999999993],[-77.3261,3.9831],[-77.325,3.9813],[-77.32668432480718,3.9791103785133926],[-77.32672597321782,3.9939173719913]]],[[[-77.3266831043058,3.978675623608711],[-77.3257,3.9785999999999992],[-77.3242,3.9764],[-77.3244,3.9726999999999992],[-77.32666422708631,3.9719452586573003],[-77.3266831043058,3.978675623608711]]]]}},{"type":"Feature","properties":{"v":35.2,"clase":"DEFICIT_MODERADO","periodo":"1–15 ago 2026","metodo":"IDW 6 estaciones CVC"},"geometry":{"type":"Polygon","coordinates":[[[-77.23659132798134,3.9489685531114564],[-77.28159604329453,3.948845758094837],[-77.28167588506479,3.977962057641273],[-77.2812,3.9782000000000006],[-77.28168154843097,3.9800191906082185],[-77.28168616556086,3.9816955011062882],[-77.2782,3.9825000000000004],[-77.2779,3.9793],[-77.2754,3.9768],[-77.2751,3.9801999999999995],[-77.2758,3.9831],[-77.2735,3.984799999999999],[-77.2749,3.986100000000001],[-77.2712,3.9871000000000008],[-77.2642,3.9859999999999993],[-77.2644,3.9823],[-77.2634,3.9841000000000006],[-77.2604,3.984899999999999],[-77.2595,3.983299999999999],[-77.2606,3.981499999999999],[-77.257,3.9824],[-77.2571,3.979900000000001],[-77.2487,3.9805999999999995],[-77.248,3.982599999999999],[-77.2462,3.9841000000000015],[-77.2496,3.9870000000000014],[-77.2496,3.9882999999999993],[-77.2448,3.989599999999999],[-77.2412,3.985599999999999],[-77.2395,3.9880000000000004],[-77.2417,3.9888999999999992],[-77.2419,3.990699999999998],[-77.2409,3.9923],[-77.2399,3.9917000000000002],[-77.2378,3.9936],[-77.23671198524696,3.993764852131721],[-77.23659132798134,3.9489685531114564]]]}},{"type":"Feature","properties":{"v":36.8,"clase":"DEFICIT_MODERADO","periodo":"1–15 ago 2026","metodo":"IDW 6 estaciones CVC"},"geometry":{"type":"Polygon","coordinates":[[[-77.19170452115144,3.994289986244888],[-77.19158521621338,3.949088906723645],[-77.23659132798134,3.9489685531114564],[-77.23671198524696,3.993764852131721],[-77.2345,3.9941],[-77.2335,3.9937],[-77.2328,3.9919999999999987],[-77.23,3.992799999999999],[-77.2296,3.9934000000000007],[-77.23000899935607,3.994186540208827],[-77.19170452115144,3.994289986244888]]]}},{"type":"Feature","properties":{"v":38.6,"clase":"DEFICIT_MODERADO","periodo":"1–15 ago 2026","metodo":"IDW 6 estaciones CVC"},"geometry":{"type":"Polygon","coordinates":[[[-77.19170452115144,3.994289986244888],[-77.14669459550298,3.9944092518787695],[-77.14657773603481,3.949206818560456],[-77.19158521621338,3.949088906723645],[-77.19170452115144,3.994289986244888]]]}},{"type":"Feature","properties":{"v":40.5,"clase":"DEFICIT_MODERADO","periodo":"1–15 ago 2026","metodo":"IDW 6 estaciones CVC"},"geometry":{"type":"Polygon","coordinates":[[[-77.14669459550298,3.9944092518787695],[-77.10168332913108,3.9945260473349298],[-77.1015689154941,3.949322288258441],[-77.14657773603481,3.949206818560456],[-77.14669459550298,3.9944092518787695]]]}},{"type":"Feature","properties":{"v":42.1,"clase":"DEFICIT_MODERADO","periodo":"1–15 ago 2026","metodo":"IDW 6 estaciones CVC"},"geometry":{"type":"Polygon","coordinates":[[[-77.10168332913108,3.9945260473349298],[-77.05667075009592,3.994640372253312],[-77.05655878264386,3.9494353154616504],[-77.1015689154941,3.949322288258441],[-77.10168332913108,3.9945260473349298]]]}},{"type":"Feature","properties":{"v":42.9,"clase":"DEFICIT_MODERADO","periodo":"1–15 ago 2026","metodo":"IDW 6 estaciones CVC"},"geometry":{"type":"Polygon","coordinates":[[[-77.05667075009592,3.994640372253312],[-77.01165688646175,3.9947522262814537],[-77.01154736554085,3.949545899821644],[-77.05655878264386,3.9494353154616504],[-77.05667075009592,3.994640372253312]]]}},{"type":"Feature","properties":{"v":42.3,"clase":"DEFICIT_MODERADO","periodo":"1–15 ago 2026","metodo":"IDW 6 estaciones CVC"},"geometry":{"type":"Polygon","coordinates":[[[-77.01165688646175,3.9947522262814537],[-76.9666417662969,3.9948616090744826],[-76.9665346922458,3.9496540409974887],[-77.01154736554085,3.949545899821644],[-77.01165688646175,3.9947522262814537]]]}},{"type":"Feature","properties":{"v":39.8,"clase":"DEFICIT_MODERADO","periodo":"1–15 ago 2026","metodo":"IDW 6 estaciones CVC"},"geometry":{"type":"Polygon","coordinates":[[[-76.9666417662969,3.9948616090744826],[-76.92162541767358,3.994968520295125],[-76.92152079082342,3.9497597386557586],[-76.9665346922458,3.9496540409974887],[-76.9666417662969,3.9948616090744826]]]}},{"type":"Feature","properties":{"v":35.7,"clase":"DEFICIT_MODERADO","periodo":"1–15 ago 2026","metodo":"IDW 6 estaciones CVC"},"geometry":{"type":"Polygon","coordinates":[[[-76.92162541767358,3.994968520295125],[-76.87660786866788,3.9950729596137067],[-76.87650568934221,3.949862992470543],[-76.92152079082342,3.9497597386557586],[-76.92162541767358,3.994968520295125]]]}},{"type":"Feature","properties":{"v":30.9,"clase":"DEFICIT_ALTO","periodo":"1–15 ago 2026","metodo":"IDW 6 estaciones CVC"},"geometry":{"type":"Polygon","coordinates":[[[-76.87660786866788,3.9950729596137067],[-76.83158914735958,3.9951749267081564],[-76.83148941587447,3.9499638021234458],[-76.87650568934221,3.949862992470543],[-76.87660786866788,3.9950729596137067]]]}},{"type":"Feature","properties":{"v":26.4,"clase":"DEFICIT_ALTO","periodo":"1–15 ago 2026","metodo":"IDW 6 estaciones CVC"},"geometry":{"type":"Polygon","coordinates":[[[-76.83158914735958,3.9951749267081564],[-76.78656928183223,3.995274421264004],[-76.78647199849613,3.9500621673035883],[-76.83148941587447,3.9499638021234458],[-76.83158914735958,3.9951749267081564]]]}},{"type":"Feature","properties":{"v":23.1,"clase":"DEFICIT_ALTO","periodo":"1–15 ago 2026","metodo":"IDW 6 estaciones CVC"},"geometry":{"type":"Polygon","coordinates":[[[-76.74145346528668,3.950158087707612],[-76.78647199849613,3.9500621673035883],[-76.78656928183223,3.995274421264004],[-76.7732933505279,3.995303288684799],[-76.7677,3.9886999999999997],[-76.7595,3.9934999999999996],[-76.7565,3.9916],[-76.7528,3.9923],[-76.7503,3.9918],[-76.7472,3.9851000000000005],[-76.7459,3.9841999999999986],[-76.7427,3.984799999999998],[-76.74152399181365,3.9838315237812068],[-76.74145346528668,3.950158087707612]]]}},{"type":"Feature","properties":{"v":20.7,"clase":"DEFICIT_ALTO","periodo":"1–15 ago 2026","metodo":"IDW 6 estaciones CVC"},"geometry":{"type":"Polygon","coordinates":[[[-76.69643384432918,3.9502515630396804],[-76.74145346528668,3.950158087707612],[-76.74152399181365,3.9838315237812068],[-76.741,3.983399999999999],[-76.7358,3.9818000000000002],[-76.7223,3.9818000000000002],[-76.7197,3.9811000000000005],[-76.7171,3.9816999999999996],[-76.7128,3.9811000000000014],[-76.7083,3.9792000000000005],[-76.70140000000002,3.9787000000000017],[-76.6993,3.9771999999999994],[-76.6974,3.9731999999999994],[-76.6964793885537,3.972606059839996],[-76.69643384432918,3.9502515630396804]]]}},{"type":"Feature","properties":{"v":19.5,"clase":"DEFICIT_EXTREMO","periodo":"1–15 ago 2026","metodo":"IDW 6 estaciones CVC"},"geometry":{"type":"Polygon","coordinates":[[[-76.65141316371,3.950342593011482],[-76.69643384432918,3.9502515630396804],[-76.6964793885537,3.972606059839996],[-76.69430000000001,3.971199999999999],[-76.6925,3.9687999999999994],[-76.6833,3.9648999999999996],[-76.6806,3.965699999999999],[-76.6755,3.9717000000000002],[-76.6624,3.9774999999999983],[-76.6598,3.9820999999999995],[-76.6556,3.9854000000000003],[-76.6538,3.9915000000000007],[-76.65150127571327,3.9946456293207033],[-76.65141316371,3.950342593011482]]]}},{"type":"Feature","properties":{"v":18.9,"clase":"DEFICIT_EXTREMO","periodo":"1–15 ago 2026","metodo":"IDW 6 estaciones CVC"},"geometry":{"type":"Polygon","coordinates":[[[-76.6064789393253,3.9956476680783193],[-76.60639145151889,3.9504311773422303],[-76.65141316371,3.950342593011482],[-76.65150127571327,3.9946456293207033],[-76.6508335061694,3.9955594173489257],[-76.6064789393253,3.9956476680783193]]]}},{"type":"Feature","properties":{"v":18.6,"clase":"DEFICIT_EXTREMO","periodo":"1–15 ago 2026","metodo":"IDW 6 estaciones CVC"},"geometry":{"type":"Polygon","coordinates":[[[-76.5613687358488,3.9505173157586677],[-76.60639145151889,3.9504311773422303],[-76.6064789393253,3.9956476680783193],[-76.59068253226106,3.99567851738961],[-76.5894,3.9941],[-76.5879,3.986100000000001],[-76.5879,3.9803],[-76.5938,3.9722999999999997],[-76.5916,3.9701000000000004],[-76.5903,3.9701000000000004],[-76.5863,3.9728000000000008],[-76.5824,3.978499999999999],[-76.5785,3.978700000000001],[-76.5741,3.984600000000001],[-76.57230000000001,3.9857999999999993],[-76.5645,3.9875999999999996],[-76.56144228915934,3.9896580807039106],[-76.5613687358488,3.9505173157586677]]]}},{"type":"Feature","properties":{"v":17.3,"clase":"DEFICIT_EXTREMO","periodo":"1–15 ago 2026","metodo":"IDW 6 estaciones CVC"},"geometry":{"type":"Polygon","coordinates":[[[-76.51642763318301,3.9958194486370178],[-76.51634504479581,3.9506010079950715],[-76.5613687358488,3.9505173157586677],[-76.56144228915934,3.9896580807039106],[-76.5593,3.9911000000000008],[-76.55787180941013,3.995741620561359],[-76.51642763318301,3.9958194486370178]]]}},{"type":"Feature","properties":{"v":15.0,"clase":"DEFICIT_EXTREMO","periodo":"1–15 ago 2026","metodo":"IDW 6 estaciones CVC"},"geometry":{"type":"Polygon","coordinates":[[[-76.51642763318301,3.9958194486370178],[-76.47140054474957,3.9959016272568104],[-76.47132040645907,3.950682253793247],[-76.51634504479581,3.9506010079950715],[-76.51642763318301,3.9958194486370178]]]}},{"type":"Feature","properties":{"v":11.6,"clase":"DEFICIT_EXTREMO","periodo":"1–15 ago 2026","metodo":"IDW 6 estaciones CVC"},"geometry":{"type":"Polygon","coordinates":[[[-76.47140054474957,3.9959016272568104],[-76.42637253688649,3.995981331096288],[-76.42629484894069,3.9507610529025334],[-76.47132040645907,3.950682253793247],[-76.47140054474957,3.9959016272568104]]]}},{"type":"Feature","properties":{"v":8.7,"clase":"DEFICIT_EXTREMO","periodo":"1–15 ago 2026","metodo":"IDW 6 estaciones CVC"},"geometry":{"type":"Polygon","coordinates":[[[-76.42637253688649,3.995981331096288],[-76.38134363770635,3.9960585599095246],[-76.38126840034565,3.9508374050798136],[-76.42629484894069,3.9507610529025334],[-76.42637253688649,3.995981331096288]],[[-76.41848829536528,3.9891926158680233],[-76.41841794871797,3.9909512820512703],[-76.4187,3.9894000000000003],[-76.41848829536528,3.9891926158680233]],[[-76.41833053435114,3.9914320610687044],[-76.41775000000001,3.991699999999998],[-76.4183,3.991600000000001],[-76.41833053435114,3.9914320610687044]],[[-76.41712063492062,3.9919904761904816],[-76.4171,3.9919999999999987],[-76.41704831460677,3.9921640449437485],[-76.41712063492062,3.9919904761904816]]]}},{"type":"Feature","properties":{"v":7.4,"clase":"DEFICIT_EXTREMO","periodo":"1–15 ago 2026","metodo":"IDW 6 estaciones CVC"},"geometry":{"type":"Polygon","coordinates":[[[-76.38134363770635,3.9960585599095246],[-76.33631387532449,3.9961333134582135],[-76.33624108878173,3.9509113100895012],[-76.38126840034565,3.9508374050798136],[-76.38134363770635,3.9960585599095246]]]}},{"type":"Feature","properties":{"v":7.5,"clase":"DEFICIT_EXTREMO","periodo":"1–15 ago 2026","metodo":"IDW 6 estaciones CVC"},"geometry":{"type":"Polygon","coordinates":[[[-76.2912129423594,3.9509827677035525],[-76.33624108878173,3.9509113100895012],[-76.33631387532449,3.9961333134582135],[-76.29128327785895,3.996205591511681],[-76.2912551463994,3.9781804095219298],[-76.29520000000001,3.9827999999999992],[-76.29567058823531,3.983123529411782],[-76.29125498564571,3.978077170292914],[-76.2912129423594,3.9509827677035525]],[[-76.3127,3.9931],[-76.31245732283466,3.9934903937007835],[-76.31345430463577,3.99303344370861],[-76.3127,3.9931]],[[-76.3083,3.9868999999999994],[-76.3077006968641,3.986630313588846],[-76.3127,3.9931],[-76.3083,3.9868999999999994]],[[-76.3161,3.9927999999999995],[-76.31530151515152,3.992870454545454],[-76.3167488372093,3.9933046511627888],[-76.3161,3.9927999999999995]],[[-76.3179,3.9941999999999993],[-76.31768823529413,3.9940352941176585],[-76.3179,3.9944285714285557],[-76.3179,3.9941999999999993]],[[-76.32502558139535,3.9894558139534935],[-76.32505900000001,3.989789999999994],[-76.3252,3.9897],[-76.32502558139535,3.9894558139534935]],[[-76.32382702702702,3.98894864864865],[-76.32481445783134,3.9891602409638556],[-76.3247,3.9890000000000003],[-76.32382702702702,3.98894864864865]],[[-76.31715894481503,3.991389630078836],[-76.3179,3.9915],[-76.32353146292586,3.9889312625250506],[-76.323,3.9889],[-76.31715894481503,3.991389630078836]],[[-76.3132,3.9907999999999983],[-76.31472432432433,3.991027027027029],[-76.31295094339622,3.9906415094339622],[-76.3132,3.9907999999999983]],[[-76.311,3.9894000000000003],[-76.3119557377049,3.9900081967213024],[-76.31063448275863,3.988120689655188],[-76.311,3.9894000000000003]],[[-76.3102,3.9865999999999997],[-76.3103,3.9869499999999967],[-76.31041990950226,3.986290497737559],[-76.3102,3.9865999999999997]],[[-76.31975135135136,3.982835135135138],[-76.3174,3.9797],[-76.3188,3.9821000000000004],[-76.31975135135136,3.982835135135138]],[[-76.32257735849056,3.983871698113207],[-76.32046064516129,3.983383225806451],[-76.321,3.983799999999999],[-76.32257735849056,3.983871698113207]],[[-76.32359375,3.9834187499999962],[-76.3227389221557,3.983879041916169],[-76.3232,3.9838999999999993],[-76.32359375,3.9834187499999962]],[[-76.32379205298012,3.9824201986754906],[-76.32394413407822,3.9829905027932986],[-76.3241,3.9828],[-76.32379205298012,3.9824201986754906]],[[-76.30705471698113,3.9863396226415113],[-76.3063,3.9859999999999993],[-76.30615185185185,3.986074074074074],[-76.30705471698113,3.9863396226415113]],[[-76.29702168674699,3.983755421686747],[-76.29634285714286,3.9835857142857125],[-76.2968,3.9838999999999993],[-76.29702168674699,3.983755421686747]]]}},{"type":"Feature","properties":{"v":8.3,"clase":"DEFICIT_EXTREMO","periodo":"1–15 ago 2026","metodo":"IDW 6 estaciones CVC"},"geometry":{"type":"Polygon","coordinates":[[[-76.29128327785895,3.996205591511681],[-76.24625187343041,3.9962753938468807],[-76.24618398919172,3.951051777701468],[-76.2912129423594,3.9509827677035525],[-76.29125498564571,3.978077170292914],[-76.2876,3.973899999999999],[-76.2912551463994,3.9781804095219298],[-76.29128327785895,3.996205591511681]],[[-76.26843596837945,3.9580332015810296],[-76.2684,3.9579999999999997],[-76.2658,3.9594000000000023],[-76.26843596837945,3.9580332015810296]],[[-76.2565,3.9588],[-76.25486732673268,3.9596643564356433],[-76.25490000000002,3.959700000000001],[-76.2565,3.9588]],[[-76.24985950413223,3.959042975206613],[-76.249073800738,3.959003690036902],[-76.2492,3.9591999999999983],[-76.24985950413223,3.959042975206613]]]}},{"type":"Feature","properties":{"v":9.2,"clase":"DEFICIT_EXTREMO","periodo":"1–15 ago 2026","metodo":"IDW 6 estaciones CVC"},"geometry":{"type":"Polygon","coordinates":[[[-76.24625187343041,3.9962753938468807],[-76.201219690162,3.9963427202483937],[-76.20115425739434,3.951118339870292],[-76.24618398919172,3.951051777701468],[-76.24625187343041,3.9962753938468807]]]}},{"type":"Feature","properties":{"v":10.1,"clase":"DEFICIT_EXTREMO","periodo":"1–15 ago 2026","metodo":"IDW 6 estaciones CVC"},"geometry":{"type":"Polygon","coordinates":[[[-76.201219690162,3.9963427202483937],[-76.15618675617944,3.996407570508438],[-76.15612377508528,3.951182454004609],[-76.20115425739434,3.951118339870292],[-76.201219690162,3.9963427202483937]]]}},{"type":"Feature","properties":{"v":10.9,"clase":"DEFICIT_EXTREMO","periodo":"1–15 ago 2026","metodo":"IDW 6 estaciones CVC"},"geometry":{"type":"Polygon","coordinates":[[[-76.15618675617944,3.996407570508438],[-76.11115309961062,3.996469944426863],[-76.11109257038495,3.951244119906556],[-76.15612377508528,3.951182454004609],[-76.15618675617944,3.996407570508438]]]}},{"type":"Feature","properties":{"v":11.6,"clase":"DEFICIT_EXTREMO","periodo":"1–15 ago 2026","metodo":"IDW 6 estaciones CVC"},"geometry":{"type":"Polygon","coordinates":[[[-76.11115309961062,3.996469944426863],[-76.06611874858582,3.996529841811156],[-76.06606067141601,3.951303337385816],[-76.11109257038495,3.951244119906556],[-76.11115309961062,3.996469944426863]],[[-76.1005625,3.9576],[-76.1006,3.957800000000001],[-76.1033,3.9576000000000016],[-76.1005625,3.9576]],[[-76.1004,3.9567333333332817],[-76.1004,3.9566],[-76.10060610687022,3.956519847328243],[-76.10034670658683,3.956449101796411],[-76.1004,3.9567333333332817]],[[-76.0937,3.952200000000001],[-76.09236,3.952078181818181],[-76.0962,3.9533],[-76.0937,3.952200000000001]]]}},{"type":"Feature","properties":{"v":12.3,"clase":"DEFICIT_EXTREMO","periodo":"1–15 ago 2026","metodo":"IDW 6 estaciones CVC"},"geometry":{"type":"Polygon","coordinates":[[[-76.06611874858582,3.996529841811156],[-76.02108373123745,3.996587262476438],[-76.02102810630328,3.9513601062596204],[-76.06606067141601,3.951303337385816],[-76.06611874858582,3.996529841811156]]]}},{"type":"Feature","properties":{"v":12.8,"clase":"DEFICIT_EXTREMO","periodo":"1–15 ago 2026","metodo":"IDW 6 estaciones CVC"},"geometry":{"type":"Polygon","coordinates":[[[-76.02108373123745,3.996587262476438],[-75.97604807570002,3.996642206245469],[-75.97599490317367,3.951414426352755],[-76.02102810630328,3.9513601062596204],[-76.02108373123745,3.996587262476438]]]}},{"type":"Feature","properties":{"v":13.3,"clase":"DEFICIT_EXTREMO","periodo":"1–15 ago 2026","metodo":"IDW 6 estaciones CVC"},"geometry":{"type":"Polygon","coordinates":[[[-75.97604807570002,3.996642206245469],[-75.93101181011001,3.9966946729486534],[-75.93096109015612,3.951466297497553],[-75.97599490317367,3.951414426352755],[-75.97604807570002,3.996642206245469]]]}},{"type":"Feature","properties":{"v":13.8,"clase":"DEFICIT_EXTREMO","periodo":"1–15 ago 2026","metodo":"IDW 6 estaciones CVC"},"geometry":{"type":"Polygon","coordinates":[[[-75.93101181011001,3.9966946729486534],[-75.88597496260584,3.9967446624240295],[-75.88592669538141,3.951515719533908],[-75.93096109015612,3.951466297497553],[-75.93101181011001,3.9966946729486534]]]}},{"type":"Feature","properties":{"v":14.2,"clase":"DEFICIT_EXTREMO","periodo":"1–15 ago 2026","metodo":"IDW 6 estaciones CVC"},"geometry":{"type":"Polygon","coordinates":[[[-75.88597496260584,3.9967446624240295],[-75.84093756132773,3.9967921745172816],[-75.8408917469822,3.9515626923092633],[-75.88592669538141,3.951515719533908],[-75.88597496260584,3.9967446624240295]]]}},{"type":"Feature","properties":{"v":14.6,"clase":"DEFICIT_EXTREMO","periodo":"1–15 ago 2026","metodo":"IDW 6 estaciones CVC"},"geometry":{"type":"Polygon","coordinates":[[[-75.8408917469822,3.9515626923092633],[-75.84093756132773,3.9967921745172816],[-75.79589963441765,3.9968372090817366],[-75.79589441316976,3.9914183113664845],[-75.7968,3.9891000000000005],[-75.79589146038107,3.9883504593313726],[-75.79586648145634,3.962302354033154],[-75.7965,3.9608000000000003],[-75.8024,3.9565000000000015],[-75.8034,3.9544999999999995],[-75.8057,3.952799999999998],[-75.80557774221003,3.9515978121030138],[-75.8408917469822,3.9515626923092633]]]}},{"type":"Feature","properties":{"v":30.3,"clase":"DEFICIT_ALTO","periodo":"1–15 ago 2026","metodo":"IDW 6 estaciones CVC"},"geometry":{"type":"Polygon","coordinates":[[[-77.4168660923332,4.038850454529273],[-77.41673930849971,3.9957919609044548],[-77.4273,4.003700000000001],[-77.434,4.010200000000001],[-77.439,4.0197],[-77.44,4.0261000000000005],[-77.4496,4.0385],[-77.44952935984531,4.038752285656206],[-77.4168660923332,4.038850454529273]]]}},{"type":"Feature","properties":{"v":31.0,"clase":"DEFICIT_ALTO","periodo":"1–15 ago 2026","metodo":"IDW 6 estaciones CVC"},"geometry":{"type":"Polygon","coordinates":[[[-77.4168660923332,4.038850454529273],[-77.37186081947051,4.038983559468491],[-77.37173025545594,3.993788229398837],[-77.4138989462778,3.993664979858268],[-77.41673930849971,3.9957919609044548],[-77.4168660923332,4.038850454529273]]]}},{"type":"Feature","properties":{"v":32.0,"clase":"DEFICIT_ALTO","periodo":"1–15 ago 2026","metodo":"IDW 6 estaciones CVC"},"geometry":{"type":"Polygon","coordinates":[[[-77.37186081947051,4.038983559468491],[-77.3268540652446,4.039114168124087],[-77.32672597321782,3.9939173719913],[-77.37173025545594,3.993788229398837],[-77.37186081947051,4.038983559468491]]]}},{"type":"Feature","properties":{"v":32.6,"clase":"DEFICIT_ALTO","periodo":"1–15 ago 2026","metodo":"IDW 6 estaciones CVC"},"geometry":{"type":"Polygon","coordinates":[[[-77.32672597321782,3.9939173719913],[-77.3268540652446,4.039114168124087],[-77.3073907369949,4.039169875719084],[-77.3081,4.0373],[-77.3105,4.0351],[-77.31020000000001,4.0334],[-77.3095,4.0341],[-77.30890000000001,4.0337],[-77.308,4.0303],[-77.3093,4.028599999999998],[-77.3107,4.0282],[-77.3118,4.0286],[-77.3117,4.0298],[-77.31280000000001,4.030100000000001],[-77.3143,4.029100000000001],[-77.3149,4.0274],[-77.3151,4.0261],[-77.314,4.0264],[-77.3142,4.024300000000001],[-77.3135,4.024],[-77.31340000000002,4.0249],[-77.3122,4.0241999999999996],[-77.3127,4.0231],[-77.3137,4.0228],[-77.3126,4.022100000000001],[-77.31340000000002,4.0188],[-77.31540000000001,4.018999999999999],[-77.31540000000001,4.018299999999999],[-77.3172,4.0189],[-77.31600000000002,4.0169999999999995],[-77.3146,4.0166],[-77.3146,4.015499999999999],[-77.3184,4.017200000000001],[-77.3182,4.0161999999999995],[-77.3192,4.0155],[-77.3184,4.0151],[-77.3187,4.013399999999999],[-77.3201,4.011299999999999],[-77.3208,4.011400000000001],[-77.3209,4.010100000000001],[-77.319,4.010100000000001],[-77.3184,4.011],[-77.3171,4.009899999999999],[-77.3175,4.0106],[-77.3163,4.010299999999999],[-77.3155,4.007200000000001],[-77.31860000000002,4.0055],[-77.3196,4.007300000000002],[-77.3212,4.0073],[-77.3231,3.9977],[-77.3246,3.9964000000000004],[-77.3242,3.9958000000000005],[-77.3211,3.996499999999999],[-77.3196,3.995600000000001],[-77.32048795945836,3.9939350772382554],[-77.32672597321782,3.9939173719913]]]}},{"type":"Feature","properties":{"v":36.2,"clase":"DEFICIT_MODERADO","periodo":"1–15 ago 2026","metodo":"IDW 6 estaciones CVC"},"geometry":{"type":"MultiPolygon","coordinates":[[[[-77.19182519486962,4.039491012402295],[-77.19170452115144,3.994289986244888],[-77.23000899935607,3.994186540208827],[-77.2309,3.9959],[-77.2287,3.9974999999999996],[-77.2276,3.9973999999999994],[-77.2254,3.9952],[-77.2249,3.996500000000001],[-77.2236,3.9960999999999998],[-77.2245,3.9981],[-77.2239,4.0006],[-77.2231,4.001099999999998],[-77.222,4.000299999999998],[-77.2201,4.0028],[-77.2198,4.0049],[-77.2178,4.0055],[-77.21610000000001,4.008100000000001],[-77.2125,4.009399999999999],[-77.21,4.0088],[-77.2092,4.0116],[-77.2098,4.0131],[-77.2069,4.015699999999999],[-77.2077,4.016299999999999],[-77.2131,4.0149],[-77.2138,4.0155],[-77.2072,4.020699999999999],[-77.2035,4.0272],[-77.1997,4.029],[-77.1985,4.030599999999999],[-77.1984,4.031599999999999],[-77.2008,4.0323],[-77.2015,4.036299999999999],[-77.201,4.037000000000001],[-77.1996,4.0358],[-77.1979,4.036799999999999],[-77.2007,4.038299999999999],[-77.20077778143295,4.039466723928128],[-77.19182519486962,4.039491012402295]]],[[[-77.23683622489143,4.03936789498201],[-77.22669225640793,4.039395859843023],[-77.2304,4.033],[-77.2326,4.0314],[-77.2315,4.035800000000001],[-77.232,4.0373],[-77.2326,4.0375],[-77.2328,4.0363],[-77.2337,4.0359],[-77.2339,4.037499999999999],[-77.2348,4.0367],[-77.2352,4.0321],[-77.23620000000001,4.0323],[-77.23682274465453,4.034445014595937],[-77.23683622489143,4.03936789498201]]]]}},{"type":"Feature","properties":{"v":37.2,"clase":"DEFICIT_MODERADO","periodo":"1–15 ago 2026","metodo":"IDW 6 estaciones CVC"},"geometry":{"type":"Polygon","coordinates":[[[-77.19182519486962,4.039491012402295],[-77.14681279569528,4.039611631974893],[-77.14669459550298,3.9944092518787695],[-77.19170452115144,3.994289986244888],[-77.19182519486962,4.039491012402295]]]}},{"type":"Feature","properties":{"v":38.5,"clase":"DEFICIT_MODERADO","periodo":"1–15 ago 2026","metodo":"IDW 6 estaciones CVC"},"geometry":{"type":"Polygon","coordinates":[[[-77.14681279569528,4.039611631974893],[-77.10179905543201,4.039729753327952],[-77.10168332913108,3.9945260473349298],[-77.14669459550298,3.9944092518787695],[-77.14681279569528,4.039611631974893]]]}},{"type":"Feature","properties":{"v":39.5,"clase":"DEFICIT_MODERADO","periodo":"1–15 ago 2026","metodo":"IDW 6 estaciones CVC"},"geometry":{"type":"Polygon","coordinates":[[[-77.10179905543201,4.039729753327952],[-77.05678400214762,4.0398453760973085],[-77.05667075009592,3.994640372253312],[-77.10168332913108,3.9945260473349298],[-77.10179905543201,4.039729753327952]]]}},{"type":"Feature","properties":{"v":39.8,"clase":"DEFICIT_MODERADO","periodo":"1–15 ago 2026","metodo":"IDW 6 estaciones CVC"},"geometry":{"type":"Polygon","coordinates":[[[-77.05678400214762,4.0398453760973085],[-77.011767663914,4.039958499926474],[-77.01165688646175,3.9947522262814537],[-77.05667075009592,3.994640372253312],[-77.05678400214762,4.0398453760973085]]]}},{"type":"Feature","properties":{"v":39.0,"clase":"DEFICIT_MODERADO","periodo":"1–15 ago 2026","metodo":"IDW 6 estaciones CVC"},"geometry":{"type":"Polygon","coordinates":[[[-77.011767663914,4.039958499926474],[-76.96675006880712,4.04006912446664],[-76.9666417662969,3.9948616090744826],[-77.01165688646175,3.9947522262814537],[-77.011767663914,4.039958499926474]]]}},{"type":"Feature","properties":{"v":36.9,"clase":"DEFICIT_MODERADO","periodo":"1–15 ago 2026","metodo":"IDW 6 estaciones CVC"},"geometry":{"type":"Polygon","coordinates":[[[-76.96675006880712,4.04006912446664],[-76.92173124490677,4.040177249376681],[-76.92162541767358,3.994968520295125],[-76.9666417662969,3.9948616090744826],[-76.96675006880712,4.04006912446664]]]}},{"type":"Feature","properties":{"v":33.6,"clase":"DEFICIT_ALTO","periodo":"1–15 ago 2026","metodo":"IDW 6 estaciones CVC"},"geometry":{"type":"Polygon","coordinates":[[[-76.92173124490677,4.040177249376681],[-76.8767112202967,4.04028287432316],[-76.87660786866788,3.9950729596137067],[-76.92162541767358,3.994968520295125],[-76.92173124490677,4.040177249376681]]]}},{"type":"Feature","properties":{"v":29.9,"clase":"DEFICIT_ALTO","periodo":"1–15 ago 2026","metodo":"IDW 6 estaciones CVC"},"geometry":{"type":"Polygon","coordinates":[[[-76.83158914735958,3.9951749267081564],[-76.87660786866788,3.9950729596137067],[-76.8767112202967,4.04028287432316],[-76.87272900177355,4.04029209682372],[-76.8726,4.038400000000001],[-76.8687,4.0352],[-76.8674,4.0324],[-76.8654,4.031499999999999],[-76.8605,4.031299999999999],[-76.8601,4.0298],[-76.8595,4.029799999999999],[-76.8568,4.031499999999999],[-76.8541,4.031900000000001],[-76.8535,4.035],[-76.8507,4.037300000000001],[-76.847,4.036],[-76.8449,4.037],[-76.8427,4.0364],[-76.8415,4.037499999999999],[-76.8396,4.0363],[-76.83167899938132,4.035470194382186],[-76.83158914735958,3.9951749267081564]]]}},{"type":"Feature","properties":{"v":26.7,"clase":"DEFICIT_ALTO","periodo":"1–15 ago 2026","metodo":"IDW 6 estaciones CVC"},"geometry":{"type":"Polygon","coordinates":[[[-76.78656928183223,3.995274421264004],[-76.83158914735958,3.9951749267081564],[-76.83167899938132,4.035470194382186],[-76.8291,4.0352],[-76.8274,4.0327],[-76.8261,4.032099999999999],[-76.825,4.032899999999999],[-76.8233,4.032500000000001],[-76.824,4.030999999999998],[-76.8227,4.030200000000001],[-76.8243,4.0283],[-76.823,4.026600000000001],[-76.8249,4.0256],[-76.8255,4.021699999999999],[-76.8225,4.0188],[-76.822,4.014500000000001],[-76.8206,4.0113],[-76.8167,4.009800000000001],[-76.8153,4.007],[-76.8128,4.0069],[-76.8099,4.005099999999999],[-76.8038,4.007200000000001],[-76.8013,4.006600000000001],[-76.799,4.0095],[-76.7972,4.0099],[-76.7964,4.011100000000001],[-76.7942,4.0114],[-76.7917,4.007599999999999],[-76.7872,4.003599999999999],[-76.78658688355605,4.003399800923943],[-76.78656928183223,3.995274421264004]]]}},{"type":"Feature","properties":{"v":18.6,"clase":"DEFICIT_EXTREMO","periodo":"1–15 ago 2026","metodo":"IDW 6 estaciones CVC"},"geometry":{"type":"Polygon","coordinates":[[[-76.6064789393253,3.9956476680783193],[-76.6508335061694,3.9955594173489257],[-76.65,3.996700000000001],[-76.634,4.007],[-76.6283,4.0128],[-76.6246,4.014899999999998],[-76.6196,4.011300000000001],[-76.6117,4.007700000000001],[-76.60649415336962,4.003458225529551],[-76.6064789393253,3.9956476680783193]]]}},{"type":"Feature","properties":{"v":16.2,"clase":"DEFICIT_EXTREMO","periodo":"1–15 ago 2026","metodo":"IDW 6 estaciones CVC"},"geometry":{"type":"Polygon","coordinates":[[[-76.51651116911,4.041037837732551],[-76.51642763318301,3.9958194486370178],[-76.55787180941013,3.995741620561359],[-76.5577,3.9963],[-76.5601,4.006300000000001],[-76.5591,4.0088],[-76.5493,4.011900000000001],[-76.5478,4.011],[-76.5435,4.0112],[-76.5381,4.015099999999999],[-76.5373,4.016200000000001],[-76.5375,4.0178],[-76.5419,4.0249],[-76.5417,4.027799999999999],[-76.5403,4.0301],[-76.5419,4.035299999999999],[-76.54162902638447,4.04099038930969],[-76.51651116911,4.041037837732551]]]}},{"type":"Feature","properties":{"v":14.6,"clase":"DEFICIT_EXTREMO","periodo":"1–15 ago 2026","metodo":"IDW 6 estaciones CVC"},"geometry":{"type":"Polygon","coordinates":[[[-76.51651116911,4.041037837732551],[-76.47148160247016,4.041120949271675],[-76.47140054474957,3.9959016272568104],[-76.51642763318301,3.9958194486370178],[-76.51651116911,4.041037837732551]]]}},{"type":"Feature","properties":{"v":12.5,"clase":"DEFICIT_EXTREMO","periodo":"1–15 ago 2026","metodo":"IDW 6 estaciones CVC"},"geometry":{"type":"Polygon","coordinates":[[[-76.47148160247016,4.041120949271675],[-76.42645111614983,4.041201557936118],[-76.42637253688649,3.995981331096288],[-76.47140054474957,3.9959016272568104],[-76.47148160247016,4.041120949271675]]]}},{"type":"Feature","properties":{"v":10.7,"clase":"DEFICIT_EXTREMO","periodo":"1–15 ago 2026","metodo":"IDW 6 estaciones CVC"},"geometry":{"type":"Polygon","coordinates":[[[-76.38141973826924,4.041279663477147],[-76.38134363770635,3.9960585599095246],[-76.42637253688649,3.995981331096288],[-76.42645111614983,4.041201557936118],[-76.40927979336305,4.04123163652346],[-76.4081231534091,4.0336113636363695],[-76.4082,4.037300000000001],[-76.40908028936308,4.041231983849439],[-76.38141973826924,4.041279663477147]],[[-76.41564788273615,4.009782084690553],[-76.4125,4.008700000000001],[-76.41564788273615,4.009782084690555],[-76.41564788273615,4.009782084690553]],[[-76.40612508361204,4.004617056856186],[-76.406,4.0046],[-76.4046,4.007000000000001],[-76.40612508361204,4.004617056856186]],[[-76.4081,4.032499999999999],[-76.4081017857143,4.032585714285707],[-76.4099,4.0287999999999995],[-76.4081,4.032499999999999]],[[-76.4125,4.018],[-76.4122,4.021800000000001],[-76.41259122807017,4.0178877192982405],[-76.4125,4.018]],[[-76.4139,4.0146999999999995],[-76.4138,4.0164],[-76.41418608695652,4.014373043478264],[-76.4139,4.0146999999999995]],[[-76.4146,4.013899999999999],[-76.41426296296297,4.0142851851851855],[-76.4159,4.013899999999999],[-76.4146,4.013899999999999]]]}},{"type":"Feature","properties":{"v":9.6,"clase":"DEFICIT_EXTREMO","periodo":"1–15 ago 2026","metodo":"IDW 6 estaciones CVC"},"geometry":{"type":"Polygon","coordinates":[[[-76.38141973826924,4.041279663477147],[-76.33638749695137,4.041355265653738],[-76.33631387532449,3.9961333134582135],[-76.38134363770635,3.9960585599095246],[-76.38141973826924,4.041279663477147]]]}},{"type":"Feature","properties":{"v":9.4,"clase":"DEFICIT_EXTREMO","periodo":"1–15 ago 2026","metodo":"IDW 6 estaciones CVC"},"geometry":{"type":"Polygon","coordinates":[[[-76.33638749695137,4.041355265653738],[-76.29135442032195,4.04142836423258],[-76.29128327785895,3.996205591511681],[-76.33631387532449,3.9961333134582135],[-76.33638749695137,4.041355265653738]],[[-76.30967058823529,4.039541176470597],[-76.3096203773585,4.040294339622635],[-76.3099,4.039999999999999],[-76.30967058823529,4.039541176470597]],[[-76.3090006993007,4.038662937062939],[-76.30933636363636,4.03887272727273],[-76.3092,4.0386],[-76.3090006993007,4.038662937062939]],[[-76.3034,4.039000000000001],[-76.3054,4.039799999999999],[-76.30325585585585,4.038513513513514],[-76.3034,4.039000000000001]],[[-76.30421298701299,4.030872727272714],[-76.30424895104896,4.031627972027985],[-76.3044,4.031199999999999],[-76.30421298701299,4.030872727272714]],[[-76.2974,4.0264],[-76.30397922077923,4.030463636363642],[-76.30360000000002,4.0298],[-76.2974,4.0264]],[[-76.2998,4.022499999999999],[-76.29972615384615,4.022038461538461],[-76.2974,4.0264],[-76.2998,4.022499999999999]],[[-76.29915737704917,4.019696721311458],[-76.29958734177217,4.021170886075973],[-76.2994,4.02],[-76.29915737704917,4.019696721311458]],[[-76.2972,4.017699999999998],[-76.29868695652176,4.019108695652195],[-76.2970875,4.017109375000011],[-76.2972,4.017699999999998]],[[-76.2968,4.0156],[-76.29701238938053,4.016715044247758],[-76.29708125,4.015131250000008],[-76.2968,4.0156]],[[-76.30697350649352,4.020137662337662],[-76.30607407407408,4.019992592592592],[-76.3064,4.0202],[-76.30697350649352,4.020137662337662]],[[-76.3111549586777,4.019359090909091],[-76.31007008086253,4.0198010781671165],[-76.311,4.019700000000001],[-76.3111549586777,4.019359090909091]],[[-76.3026,4.0013000000000005],[-76.3028,4.001920000000017],[-76.3028,4.000953333333323],[-76.3026,4.0013000000000005]]]}},{"type":"Feature","properties":{"v":9.6,"clase":"DEFICIT_EXTREMO","periodo":"1–15 ago 2026","metodo":"IDW 6 estaciones CVC"},"geometry":{"type":"Polygon","coordinates":[[[-76.29135442032195,4.04142836423258],[-76.24632053650932,4.041498958988079],[-76.24625187343041,3.9962753938468807],[-76.29128327785895,3.996205591511681],[-76.29135442032195,4.04142836423258]]]}},{"type":"Feature","properties":{"v":10.2,"clase":"DEFICIT_EXTREMO","periodo":"1–15 ago 2026","metodo":"IDW 6 estaciones CVC"},"geometry":{"type":"Polygon","coordinates":[[[-76.24632053650932,4.041498958988079],[-76.20128587364428,4.041567049702364],[-76.201219690162,3.9963427202483937],[-76.24625187343041,3.9962753938468807],[-76.24632053650932,4.041498958988079]]]}},{"type":"Feature","properties":{"v":10.8,"clase":"DEFICIT_EXTREMO","periodo":"1–15 ago 2026","metodo":"IDW 6 estaciones CVC"},"geometry":{"type":"Polygon","coordinates":[[[-76.20128587364428,4.041567049702364],[-76.15625045986017,4.041632636165271],[-76.15618675617944,3.996407570508438],[-76.201219690162,3.9963427202483937],[-76.20128587364428,4.041567049702364]],[[-76.1792,4.033900000000001],[-76.181,4.0354],[-76.1810894590846,4.035391678224688],[-76.1792,4.033900000000001]],[[-76.17794779411764,4.034381617647057],[-76.1781,4.034500000000001],[-76.1792,4.033900000000001],[-76.17794779411764,4.034381617647057]],[[-76.17711747572815,4.032809708737876],[-76.1772,4.0338],[-76.1778557142857,4.034309999999993],[-76.17711747572815,4.032809708737876]],[[-76.1748,4.028099999999999],[-76.176,4.030999999999999],[-76.17628260869564,4.031113043478259],[-76.1748,4.028099999999999]],[[-76.1744,4.023200000000001],[-76.1744,4.024699999999999],[-76.1748,4.028099999999999],[-76.1744,4.023200000000001]],[[-76.17688888888888,4.02],[-76.1766,4.019999999999999],[-76.1744,4.0231],[-76.1744,4.023200000000001],[-76.17688888888888,4.02]]]}},{"type":"Feature","properties":{"v":11.4,"clase":"DEFICIT_EXTREMO","periodo":"1–15 ago 2026","metodo":"IDW 6 estaciones CVC"},"geometry":{"type":"Polygon","coordinates":[[[-76.15625045986017,4.041632636165271],[-76.11121432329263,4.0416957181743705],[-76.11115309961062,3.996469944426863],[-76.15618675617944,3.996407570508438],[-76.15625045986017,4.041632636165271]]]}},{"type":"Feature","properties":{"v":12.0,"clase":"DEFICIT_EXTREMO","periodo":"1–15 ago 2026","metodo":"IDW 6 estaciones CVC"},"geometry":{"type":"Polygon","coordinates":[[[-76.11121432329263,4.0416957181743705],[-76.06617749207956,4.04175629553495],[-76.06611874858582,3.996529841811156],[-76.11115309961062,3.996469944426863],[-76.11121432329263,4.0416957181743705]]]}},{"type":"Feature","properties":{"v":12.5,"clase":"DEFICIT_EXTREMO","periodo":"1–15 ago 2026","metodo":"IDW 6 estaciones CVC"},"geometry":{"type":"Polygon","coordinates":[[[-76.06617749207956,4.04175629553495],[-76.02113999436104,4.041814368060019],[-76.02108373123745,3.996587262476438],[-76.06611874858582,3.996529841811156],[-76.06617749207956,4.04175629553495]]]}},{"type":"Feature","properties":{"v":13.0,"clase":"DEFICIT_EXTREMO","periodo":"1–15 ago 2026","metodo":"IDW 6 estaciones CVC"},"geometry":{"type":"Polygon","coordinates":[[[-76.02113999436104,4.041814368060019],[-75.97610185827925,4.041869935570317],[-75.97604807570002,3.996642206245469],[-76.02108373123745,3.996587262476438],[-76.02113999436104,4.041814368060019]]]}},{"type":"Feature","properties":{"v":13.5,"clase":"DEFICIT_EXTREMO","periodo":"1–15 ago 2026","metodo":"IDW 6 estaciones CVC"},"geometry":{"type":"Polygon","coordinates":[[[-75.97610185827925,4.041869935570317],[-75.93106311197837,4.041922997894306],[-75.93101181011001,3.9966946729486534],[-75.97604807570002,3.996642206245469],[-75.97610185827925,4.041869935570317]]]}},{"type":"Feature","properties":{"v":13.9,"clase":"DEFICIT_EXTREMO","periodo":"1–15 ago 2026","metodo":"IDW 6 estaciones CVC"},"geometry":{"type":"Polygon","coordinates":[[[-75.93106311197837,4.041922997894306],[-75.88602378360447,4.04197355486818],[-75.88597496260584,3.9967446624240295],[-75.93101181011001,3.9966946729486534],[-75.93106311197837,4.041922997894306]]]}},{"type":"Feature","properties":{"v":14.3,"clase":"DEFICIT_EXTREMO","periodo":"1–15 ago 2026","metodo":"IDW 6 estaciones CVC"},"geometry":{"type":"Polygon","coordinates":[[[-75.88602378360447,4.04197355486818],[-75.84098390130549,4.04202160633586],[-75.84093756132773,3.9967921745172816],[-75.88597496260584,3.9967446624240295],[-75.88602378360447,4.04197355486818]]]}},{"type":"Feature","properties":{"v":14.6,"clase":"DEFICIT_EXTREMO","periodo":"1–15 ago 2026","metodo":"IDW 6 estaciones CVC"},"geometry":{"type":"Polygon","coordinates":[[[-75.84098390130549,4.04202160633586],[-75.79594349323104,4.042067152148998],[-75.79589963441765,3.9968372090817366],[-75.84093756132773,3.9967921745172816],[-75.84098390130549,4.04202160633586]]]}},{"type":"Feature","properties":{"v":14.9,"clase":"DEFICIT_EXTREMO","periodo":"1–15 ago 2026","metodo":"IDW 6 estaciones CVC"},"geometry":{"type":"Polygon","coordinates":[[[-75.79589963441765,3.9968372090817366],[-75.79594349323104,4.042067152148998],[-75.75090258753242,4.0421101921669775],[-75.75090062669057,4.0399782886788165],[-75.7514,4.039999999999999],[-75.7528,4.034900000000001],[-75.7556,4.030700000000001],[-75.75850000000001,4.028900000000001],[-75.76170000000002,4.0245],[-75.7704,4.019700000000001],[-75.773,4.015700000000001],[-75.7729,4.0101],[-75.7736,4.007700000000002],[-75.7765,4.004],[-75.7815,4.003599999999999],[-75.784,4.0081999999999995],[-75.7848,4.0084],[-75.7916,4.008200000000001],[-75.7953,4.005099999999999],[-75.7957,3.9978000000000007],[-75.7951144165498,3.996837972261882],[-75.79589963441765,3.9968372090817366]]]}},{"type":"Feature","properties":{"v":30.0,"clase":"DEFICIT_ALTO","periodo":"1–15 ago 2026","metodo":"IDW 6 estaciones CVC"},"geometry":{"type":"Polygon","coordinates":[[[-77.41700063733731,4.084044235790755],[-77.4168660923332,4.038850454529273],[-77.44952935984531,4.038752285656206],[-77.4447,4.055999999999999],[-77.43182782954196,4.083999340232276],[-77.41700063733731,4.084044235790755]]]}},{"type":"Feature","properties":{"v":30.6,"clase":"DEFICIT_ALTO","periodo":"1–15 ago 2026","metodo":"IDW 6 estaciones CVC"},"geometry":{"type":"Polygon","coordinates":[[[-77.41700063733731,4.084044235790755],[-77.37199286484908,4.08417883497109],[-77.37186081947051,4.038983559468491],[-77.4168660923332,4.038850454529273],[-77.41700063733731,4.084044235790755]]]}},{"type":"Feature","properties":{"v":31.4,"clase":"DEFICIT_ALTO","periodo":"1–15 ago 2026","metodo":"IDW 6 estaciones CVC"},"geometry":{"type":"Polygon","coordinates":[[[-77.37199286484908,4.08417883497109],[-77.32698361058942,4.084310909844893],[-77.3268540652446,4.039114168124087],[-77.37186081947051,4.038983559468491],[-77.37199286484908,4.08417883497109]]]}},{"type":"Feature","properties":{"v":32.3,"clase":"DEFICIT_ALTO","periodo":"1–15 ago 2026","metodo":"IDW 6 estaciones CVC"},"geometry":{"type":"Polygon","coordinates":[[[-77.3268540652446,4.039114168124087],[-77.32698361058942,4.084310909844893],[-77.281972902612,4.084440460005101],[-77.28189606086661,4.057163509012787],[-77.2841,4.054900000000001],[-77.2839,4.0526],[-77.2859,4.050199999999999],[-77.28810000000001,4.0508999999999995],[-77.28810000000001,4.049500000000001],[-77.2902,4.049999999999999],[-77.2908,4.0489],[-77.29330000000002,4.0497],[-77.2926,4.0474],[-77.294,4.045999999999999],[-77.2947,4.0463],[-77.2949,4.048099999999999],[-77.2966,4.048099999999999],[-77.296,4.0493999999999994],[-77.2974,4.0485999999999995],[-77.2999,4.0489],[-77.3007,4.048400000000001],[-77.3,4.0476],[-77.2984,4.047900000000001],[-77.2976,4.0462],[-77.2993,4.042699999999999],[-77.3032,4.0402],[-77.305,4.0413],[-77.3042,4.0452],[-77.3061,4.043999999999999],[-77.3072,4.042300000000001],[-77.307,4.040199999999999],[-77.3073907369949,4.039169875719084],[-77.3268540652446,4.039114168124087]]]}},{"type":"Feature","properties":{"v":33.0,"clase":"DEFICIT_ALTO","periodo":"1–15 ago 2026","metodo":"IDW 6 estaciones CVC"},"geometry":{"type":"MultiPolygon","coordinates":[[[[-77.23683622489143,4.03936789498201],[-77.24030834102821,4.039358293877701],[-77.2399,4.0414],[-77.2384,4.0416],[-77.2377,4.0397],[-77.237,4.039999999999999],[-77.237,4.041600000000001],[-77.23684233401318,4.041596908997682],[-77.23683622489143,4.03936789498201]]],[[[-77.281972902612,4.084440460005101],[-77.236960768975,4.084567485052404],[-77.23695578765742,4.082769351052317],[-77.2374,4.082900000000001],[-77.2426,4.0831],[-77.2449,4.0805],[-77.2451,4.0765],[-77.2469,4.0715],[-77.2507,4.0708],[-77.2551,4.068199999999999],[-77.2616,4.060399999999999],[-77.26670000000001,4.067499999999999],[-77.2671,4.0738],[-77.26540000000001,4.0776],[-77.26670000000001,4.0776],[-77.2669,4.0759],[-77.26860000000002,4.077],[-77.2685,4.075700000000001],[-77.271,4.0737],[-77.2716,4.0718000000000005],[-77.273,4.072199999999998],[-77.2777,4.0646],[-77.2779,4.0629],[-77.2793,4.0621],[-77.2804,4.0587],[-77.28189606086661,4.057163509012787],[-77.281972902612,4.084440460005101]]]]}},{"type":"Feature","properties":{"v":34.4,"clase":"DEFICIT_ALTO","periodo":"1–15 ago 2026","metodo":"IDW 6 estaciones CVC"},"geometry":{"type":"MultiPolygon","coordinates":[[[[-77.23683622489143,4.03936789498201],[-77.23684233401318,4.041596908997682],[-77.2319,4.0415],[-77.23,4.0406],[-77.229,4.0419],[-77.2278,4.0417000000000005],[-77.2278,4.040600000000001],[-77.2269,4.040699999999999],[-77.2264,4.039899999999999],[-77.22669225640793,4.039395859843023],[-77.23683622489143,4.03936789498201]]],[[[-77.236960768975,4.084567485052404],[-77.19194723774103,4.0846919845952465],[-77.19182519486962,4.039491012402295],[-77.20077778143295,4.039466723928128],[-77.2008,4.0398],[-77.1961,4.0395],[-77.1961,4.040799999999999],[-77.1999,4.040100000000001],[-77.2004,4.041099999999999],[-77.1986,4.0416],[-77.1961,4.0446],[-77.1973,4.0458],[-77.1969,4.0476],[-77.1959,4.048199999999999],[-77.195,4.047899999999999],[-77.1946,4.0528],[-77.1969,4.0558],[-77.1988,4.056499999999999],[-77.2018,4.055599999999999],[-77.2047,4.056400000000001],[-77.2103,4.055899999999999],[-77.2131,4.061699999999998],[-77.222,4.0611],[-77.2287,4.059100000000001],[-77.229,4.062999999999999],[-77.2306,4.066499999999999],[-77.2267,4.0699],[-77.2266,4.072399999999999],[-77.2323,4.081400000000001],[-77.23695578765742,4.082769351052317],[-77.236960768975,4.084567485052404]]]]}},{"type":"Feature","properties":{"v":35.5,"clase":"DEFICIT_MODERADO","periodo":"1–15 ago 2026","metodo":"IDW 6 estaciones CVC"},"geometry":{"type":"Polygon","coordinates":[[[-77.19194723774103,4.0846919845952465],[-77.14693233697719,4.084813958249825],[-77.14681279569528,4.039611631974893],[-77.19182519486962,4.039491012402295],[-77.19194723774103,4.0846919845952465]]]}},{"type":"Feature","properties":{"v":36.4,"clase":"DEFICIT_MODERADO","periodo":"1–15 ago 2026","metodo":"IDW 6 estaciones CVC"},"geometry":{"type":"Polygon","coordinates":[[[-77.14693233697719,4.084813958249825],[-77.10191609475474,4.084933405640097],[-77.10179905543201,4.039729753327952],[-77.14681279569528,4.039611631974893],[-77.14693233697719,4.084813958249825]]]}},{"type":"Feature","properties":{"v":36.9,"clase":"DEFICIT_MODERADO","periodo":"1–15 ago 2026","metodo":"IDW 6 estaciones CVC"},"geometry":{"type":"Polygon","coordinates":[[[-77.10191609475474,4.084933405640097],[-77.05689853914922,4.085050326397787],[-77.05678400214762,4.0398453760973085],[-77.10179905543201,4.039729753327952],[-77.10191609475474,4.084933405640097]]]}},{"type":"Feature","properties":{"v":36.8,"clase":"DEFICIT_MODERADO","periodo":"1–15 ago 2026","metodo":"IDW 6 estaciones CVC"},"geometry":{"type":"Polygon","coordinates":[[[-77.05689853914922,4.085050326397787],[-77.01187969824022,4.0851647201623775],[-77.011767663914,4.039958499926474],[-77.05678400214762,4.0398453760973085],[-77.05689853914922,4.085050326397787]]]}},{"type":"Feature","properties":{"v":35.9,"clase":"DEFICIT_MODERADO","periodo":"1–15 ago 2026","metodo":"IDW 6 estaciones CVC"},"geometry":{"type":"Polygon","coordinates":[[[-77.01187969824022,4.0851647201623775],[-76.96685960011139,4.085276586581124],[-76.96675006880712,4.04006912446664],[-77.011767663914,4.039958499926474],[-77.01187969824022,4.0851647201623775]]]}},{"type":"Feature","properties":{"v":34.1,"clase":"DEFICIT_ALTO","periodo":"1–15 ago 2026","metodo":"IDW 6 estaciones CVC"},"geometry":{"type":"Polygon","coordinates":[[[-76.96685960011139,4.085276586581124],[-76.92183827285031,4.085385925309048],[-76.92173124490677,4.040177249376681],[-76.96675006880712,4.04006912446664],[-76.96685960011139,4.085276586581124]]]}},{"type":"Feature","properties":{"v":32.0,"clase":"DEFICIT_ALTO","periodo":"1–15 ago 2026","metodo":"IDW 6 estaciones CVC"},"geometry":{"type":"Polygon","coordinates":[[[-76.8767112202967,4.04028287432316],[-76.92173124490677,4.040177249376681],[-76.92183827285031,4.085385925309048],[-76.91417670831372,4.0854042801835],[-76.9133,4.0818],[-76.9123,4.0814],[-76.9103,4.082299999999999],[-76.9065,4.0847999999999995],[-76.9045,4.0824],[-76.9009,4.0819],[-76.9026,4.077699999999998],[-76.901,4.074499999999999],[-76.9012,4.073000000000001],[-76.8982,4.071599999999998],[-76.8953,4.071199999999998],[-76.8919,4.073899999999999],[-76.891,4.0734],[-76.8883,4.0675],[-76.8862,4.066599999999999],[-76.8848,4.062299999999998],[-76.8829,4.0613],[-76.8832,4.058400000000001],[-76.8826,4.0569999999999995],[-76.8835,4.0554],[-76.883,4.0537],[-76.8808,4.0527999999999995],[-76.8786,4.0495],[-76.87673120464386,4.048966061994669],[-76.8767112202967,4.04028287432316]]]}},{"type":"Feature","properties":{"v":15.7,"clase":"DEFICIT_EXTREMO","periodo":"1–15 ago 2026","metodo":"IDW 6 estaciones CVC"},"geometry":{"type":"Polygon","coordinates":[[[-76.51651116911,4.041037837732551],[-76.54162902638447,4.04099038930969],[-76.5415,4.043699999999999],[-76.5376,4.045],[-76.5358,4.053499999999999],[-76.5308,4.059499999999999],[-76.5253,4.0619],[-76.5244,4.0673],[-76.5233,4.0678],[-76.51655850614259,4.066436562304545],[-76.51651116911,4.041037837732551]]]}},{"type":"Feature","properties":{"v":14.6,"clase":"DEFICIT_EXTREMO","periodo":"1–15 ago 2026","metodo":"IDW 6 estaciones CVC"},"geometry":{"type":"Polygon","coordinates":[[[-76.47156357987173,4.086340219259182],[-76.47148160247016,4.041120949271675],[-76.51651116911,4.041037837732551],[-76.51655850614259,4.066436562304545],[-76.5144,4.066000000000002],[-76.5093,4.062899999999999],[-76.5047,4.0638],[-76.5008,4.062600000000001],[-76.4989,4.063799999999998],[-76.4974,4.066699999999999],[-76.4944,4.069499999999999],[-76.4902,4.081399999999999],[-76.48672552599155,4.08631220491759],[-76.47156357987173,4.086340219259182]],[[-76.4952,4.0595],[-76.4984072243346,4.062157414448671],[-76.49830000000001,4.0618],[-76.4952,4.0595]],[[-76.47759408284024,4.05275798816568],[-76.48293266666664,4.053810666666658],[-76.478,4.0527],[-76.47759408284024,4.05275798816568]]]}},{"type":"Feature","properties":{"v":13.3,"clase":"DEFICIT_EXTREMO","periodo":"1–15 ago 2026","metodo":"IDW 6 estaciones CVC"},"geometry":{"type":"Polygon","coordinates":[[[-76.47156357987173,4.086340219259182],[-76.42653058697393,4.086421732844453],[-76.42645111614983,4.041201557936118],[-76.47148160247016,4.041120949271675],[-76.47156357987173,4.086340219259182]]]}},{"type":"Feature","properties":{"v":12.0,"clase":"DEFICIT_EXTREMO","periodo":"1–15 ago 2026","metodo":"IDW 6 estaciones CVC"},"geometry":{"type":"Polygon","coordinates":[[[-76.42645111614983,4.041201557936118],[-76.42653058697393,4.086421732844453],[-76.38149670226984,4.086500715206166],[-76.38141973826924,4.041279663477147],[-76.40908028936308,4.041231983849439],[-76.4097,4.043999999999999],[-76.40927979336305,4.04123163652346],[-76.42645111614983,4.041201557936118]],[[-76.42169679144385,4.0466684491978615],[-76.4261,4.0482],[-76.422,4.046499999999999],[-76.42169679144385,4.0466684491978615]],[[-76.4086,4.055100000000001],[-76.4089625,4.055162499999997],[-76.40854857142858,4.054748571428578],[-76.4086,4.055100000000001]]]}},{"type":"Feature","properties":{"v":11.2,"clase":"DEFICIT_EXTREMO","periodo":"1–15 ago 2026","metodo":"IDW 6 estaciones CVC"},"geometry":{"type":"Polygon","coordinates":[[[-76.38149670226984,4.086500715206166],[-76.33646195389025,4.086577166100576],[-76.33638749695137,4.041355265653738],[-76.38141973826924,4.041279663477147],[-76.38149670226984,4.086500715206166]]]}},{"type":"Feature","properties":{"v":10.8,"clase":"DEFICIT_EXTREMO","periodo":"1–15 ago 2026","metodo":"IDW 6 estaciones CVC"},"geometry":{"type":"Polygon","coordinates":[[[-76.2914263699686,4.086651085291738],[-76.29135442032195,4.04142836423258],[-76.33638749695137,4.041355265653738],[-76.33646195389025,4.086577166100576],[-76.31220625455828,4.086617292971601],[-76.3123,4.0863],[-76.31218850872699,4.086617322060022],[-76.2914263699686,4.086651085291738]],[[-76.31362982062781,4.079432623318382],[-76.3116,4.083399999999999],[-76.3139,4.079999999999998],[-76.31362982062781,4.079432623318382]],[[-76.31205744680851,4.077491489361703],[-76.3132137254902,4.078558823529413],[-76.3129,4.0779000000000005],[-76.31205744680851,4.077491489361703]],[[-76.2953,4.075199999999998],[-76.3018,4.084100000000001],[-76.2952391705069,4.07497188940092],[-76.2953,4.075199999999998]],[[-76.2949,4.073699999999999],[-76.2950156626506,4.07413373493976],[-76.2955,4.0726],[-76.2949,4.073699999999999]],[[-76.299,4.074200000000001],[-76.29990379746835,4.074307594936707],[-76.2955,4.0726],[-76.299,4.074200000000001]],[[-76.3034049180328,4.074577049180329],[-76.3018274509804,4.07453660130719],[-76.3032,4.074699999999999],[-76.3034049180328,4.074577049180329]],[[-76.307704,4.068768000000001],[-76.30800613772455,4.069097604790419],[-76.3081,4.0689],[-76.307704,4.068768000000001]],[[-76.30040000000001,4.049199999999999],[-76.29910000000001,4.055199999999999],[-76.30055652173914,4.049082608695647],[-76.30040000000001,4.049199999999999]],[[-76.29719184952978,4.048445141065831],[-76.2972,4.048599999999999],[-76.30040000000001,4.049199999999999],[-76.29719184952978,4.048445141065831]],[[-76.30670714285714,4.048764285714285],[-76.3016,4.048299999999999],[-76.3063,4.0489],[-76.30670714285714,4.048764285714285]],[[-76.30819676375404,4.045758576051777],[-76.30908019323672,4.046499516908214],[-76.3092,4.0462],[-76.30819676375404,4.045758576051777]],[[-76.3173,4.0603],[-76.3166,4.058599999999999],[-76.31652272727273,4.05864829545454],[-76.3173,4.0603]],[[-76.3156666666667,4.059183333333308],[-76.31440540540541,4.0599716216216235],[-76.3145,4.059999999999999],[-76.3156666666667,4.059183333333308]],[[-76.31230000000002,4.059340000000007],[-76.3117,4.0591],[-76.31156896551724,4.059120689655173],[-76.31230000000002,4.059340000000007]],[[-76.31118846153845,4.059180769230771],[-76.3098,4.059399999999999],[-76.3061,4.0605],[-76.31118846153845,4.059180769230771]]]}},{"type":"Feature","properties":{"v":10.8,"clase":"DEFICIT_EXTREMO","periodo":"1–15 ago 2026","metodo":"IDW 6 estaciones CVC"},"geometry":{"type":"Polygon","coordinates":[[[-76.2914263699686,4.086651085291738],[-76.246389978641,4.086722472551511],[-76.24632053650932,4.041498958988079],[-76.29135442032195,4.04142836423258],[-76.2914263699686,4.086651085291738]]]}},{"type":"Feature","properties":{"v":11.1,"clase":"DEFICIT_EXTREMO","periodo":"1–15 ago 2026","metodo":"IDW 6 estaciones CVC"},"geometry":{"type":"Polygon","coordinates":[[[-76.246389978641,4.086722472551511],[-76.20135280804602,4.086791327659561],[-76.20128587364428,4.041567049702364],[-76.24632053650932,4.041498958988079],[-76.246389978641,4.086722472551511]]]}},{"type":"Feature","properties":{"v":11.5,"clase":"DEFICIT_EXTREMO","periodo":"1–15 ago 2026","metodo":"IDW 6 estaciones CVC"},"geometry":{"type":"Polygon","coordinates":[[[-76.20135280804602,4.086791327659561],[-76.15631488632472,4.086857650403356],[-76.15625045986017,4.041632636165271],[-76.20128587364428,4.041567049702364],[-76.20135280804602,4.086791327659561]]]}},{"type":"Feature","properties":{"v":11.9,"clase":"DEFICIT_EXTREMO","periodo":"1–15 ago 2026","metodo":"IDW 6 estaciones CVC"},"geometry":{"type":"Polygon","coordinates":[[[-76.11121432329263,4.0416957181743705],[-76.15625045986017,4.041632636165271],[-76.15631488632472,4.086857650403356],[-76.11127624162053,4.086921440578177],[-76.11124862430508,4.066812156467254],[-76.11156716417912,4.066891791044781],[-76.1115,4.066799999999999],[-76.11124853512763,4.066747060322902],[-76.11121432329263,4.0416957181743705]],[[-76.120439064283,4.079215100798783],[-76.1205,4.079099999999999],[-76.11297887323896,4.06882112675988],[-76.120439064283,4.079215100798783]]]}},{"type":"Feature","properties":{"v":12.4,"clase":"DEFICIT_EXTREMO","periodo":"1–15 ago 2026","metodo":"IDW 6 estaciones CVC"},"geometry":{"type":"Polygon","coordinates":[[[-76.06617749207956,4.04175629553495],[-76.11121432329263,4.0416957181743705],[-76.11124853512763,4.066747060322902],[-76.1096,4.066399999999999],[-76.11124862430508,4.066812156467254],[-76.11127624162053,4.086921440578177],[-76.06623690207907,4.086982697987113],[-76.06623322714204,4.084199772755413],[-76.06673501479861,4.083938154677647],[-76.0666,4.083800000000001],[-76.06623292745167,4.083972741426748],[-76.06617749207956,4.04175629553495]],[[-76.06874463840398,4.085994513715707],[-76.06763614457832,4.0848602409638675],[-76.0682,4.0858],[-76.06874463840398,4.085994513715707]]]}},{"type":"Feature","properties":{"v":12.9,"clase":"DEFICIT_EXTREMO","periodo":"1–15 ago 2026","metodo":"IDW 6 estaciones CVC"},"geometry":{"type":"Polygon","coordinates":[[[-76.06623690207907,4.086982697987113],[-76.02119689584822,4.087041422441064],[-76.02113999436104,4.041814368060019],[-76.06617749207956,4.04175629553495],[-76.06623292745167,4.083972741426748],[-76.0615,4.0862],[-76.0609054347826,4.0869775083612065],[-76.06623322714204,4.084199772755413],[-76.06623690207907,4.086982697987113]]]}},{"type":"Feature","properties":{"v":13.3,"clase":"DEFICIT_EXTREMO","periodo":"1–15 ago 2026","metodo":"IDW 6 estaciones CVC"},"geometry":{"type":"Polygon","coordinates":[[[-76.02119689584822,4.087041422441064],[-75.9761562510779,4.087097613758742],[-75.97610185827925,4.041869935570317],[-76.02113999436104,4.041814368060019],[-76.02119689584822,4.087041422441064]]]}},{"type":"Feature","properties":{"v":13.7,"clase":"DEFICIT_EXTREMO","periodo":"1–15 ago 2026","metodo":"IDW 6 estaciones CVC"},"geometry":{"type":"Polygon","coordinates":[[[-75.9761562510779,4.087097613758742],[-75.93111499592005,4.087151271766676],[-75.93106311197837,4.041922997894306],[-75.97610185827925,4.041869935570317],[-75.9761562510779,4.087097613758742]]]}},{"type":"Feature","properties":{"v":14.0,"clase":"DEFICIT_EXTREMO","periodo":"1–15 ago 2026","metodo":"IDW 6 estaciones CVC"},"geometry":{"type":"Polygon","coordinates":[[[-75.93111499592005,4.087151271766676],[-75.88607315852852,4.0872023962992055],[-75.88602378360447,4.04197355486818],[-75.93106311197837,4.041922997894306],[-75.93111499592005,4.087151271766676]]]}},{"type":"Feature","properties":{"v":14.4,"clase":"DEFICIT_EXTREMO","periodo":"1–15 ago 2026","metodo":"IDW 6 estaciones CVC"},"geometry":{"type":"Polygon","coordinates":[[[-75.88607315852852,4.0872023962992055],[-75.84103076705898,4.087250987198494],[-75.84098390130549,4.04202160633586],[-75.88602378360447,4.04197355486818],[-75.88607315852852,4.0872023962992055]],[[-75.8607,4.067100000000001],[-75.8603,4.069500000000001],[-75.86051951219513,4.069626829268295],[-75.8607,4.067100000000001]]]}},{"type":"Feature","properties":{"v":14.7,"clase":"DEFICIT_EXTREMO","periodo":"1–15 ago 2026","metodo":"IDW 6 estaciones CVC"},"geometry":{"type":"Polygon","coordinates":[[[-75.84103076705898,4.087250987198494],[-75.79598784966885,4.087297044314515],[-75.79594349323104,4.042067152148998],[-75.84098390130549,4.04202160633586],[-75.84103076705898,4.087250987198494]]]}},{"type":"Feature","properties":{"v":15.0,"clase":"DEFICIT_EXTREMO","periodo":"1–15 ago 2026","metodo":"IDW 6 estaciones CVC"},"geometry":{"type":"Polygon","coordinates":[[[-75.75090258753242,4.0421101921669775],[-75.79594349323104,4.042067152148998],[-75.79598784966885,4.087297044314515],[-75.78453350123459,4.087308352380341],[-75.7841,4.084899999999999],[-75.7797,4.0817],[-75.7775,4.0815],[-75.7768,4.078199999999999],[-75.7744,4.076200000000001],[-75.7718,4.0765],[-75.7666,4.075300000000001],[-75.7607,4.076600000000001],[-75.7555,4.0757],[-75.7524,4.0774],[-75.7525,4.071199999999999],[-75.75092723155969,4.068808102018788],[-75.75090258753242,4.0421101921669775]]]}},{"type":"Feature","properties":{"v":15.1,"clase":"DEFICIT_EXTREMO","periodo":"1–15 ago 2026","metodo":"IDW 6 estaciones CVC"},"geometry":{"type":"Polygon","coordinates":[[[-75.75090258753242,4.0421101921669775],[-75.75092723155969,4.068808102018788],[-75.7477,4.0639],[-75.7445,4.061099999999999],[-75.7414,4.0601],[-75.7397,4.057199999999999],[-75.7376,4.0554],[-75.7387,4.0517],[-75.7403,4.0502],[-75.7425,4.049599999999998],[-75.7447,4.046],[-75.7454,4.0432],[-75.74639879276143,4.0421143580478365],[-75.75090258753242,4.0421101921669775]]]}},{"type":"Feature","properties":{"v":29.5,"clase":"DEFICIT_ALTO","periodo":"1–15 ago 2026","metodo":"IDW 6 estaciones CVC"},"geometry":{"type":"Polygon","coordinates":[[[-77.41713669216263,4.12923796171802],[-77.41700063733731,4.084044235790755],[-77.43182782954196,4.083999340232276],[-77.431,4.085799999999999],[-77.4289,4.093099999999999],[-77.4286,4.0996],[-77.4303,4.105499999999999],[-77.4411,4.1207],[-77.4434,4.1278999999999995],[-77.44339999849186,4.129157370619544],[-77.41713669216263,4.12923796171802]]]}},{"type":"Feature","properties":{"v":30.0,"clase":"DEFICIT_ALTO","periodo":"1–15 ago 2026","metodo":"IDW 6 estaciones CVC"},"geometry":{"type":"Polygon","coordinates":[[[-77.41713669216263,4.12923796171802],[-77.37212639199983,4.129374055299286],[-77.37199286484908,4.08417883497109],[-77.41700063733731,4.084044235790755],[-77.41713669216263,4.12923796171802]]]}},{"type":"Feature","properties":{"v":30.8,"clase":"DEFICIT_ALTO","periodo":"1–15 ago 2026","metodo":"IDW 6 estaciones CVC"},"geometry":{"type":"Polygon","coordinates":[[[-77.37212639199983,4.129374055299286],[-77.32711460965277,4.129507596548129],[-77.32698361058942,4.084310909844893],[-77.37199286484908,4.08417883497109],[-77.37212639199983,4.129374055299286]]]}},{"type":"Feature","properties":{"v":31.5,"clase":"DEFICIT_ALTO","periodo":"1–15 ago 2026","metodo":"IDW 6 estaciones CVC"},"geometry":{"type":"Polygon","coordinates":[[[-77.32711460965277,4.129507596548129],[-77.2821013731829,4.129638585052941],[-77.281972902612,4.084440460005101],[-77.32698361058942,4.084310909844893],[-77.32711460965277,4.129507596548129]]]}},{"type":"Feature","properties":{"v":32.4,"clase":"DEFICIT_ALTO","periodo":"1–15 ago 2026","metodo":"IDW 6 estaciones CVC"},"geometry":{"type":"Polygon","coordinates":[[[-77.2821013731829,4.129638585052941],[-77.23708671065619,4.129767020409949],[-77.236960768975,4.084567485052404],[-77.281972902612,4.084440460005101],[-77.2821013731829,4.129638585052941]]]}},{"type":"Feature","properties":{"v":33.1,"clase":"DEFICIT_ALTO","periodo":"1–15 ago 2026","metodo":"IDW 6 estaciones CVC"},"geometry":{"type":"Polygon","coordinates":[[[-77.23708671065619,4.129767020409949],[-77.19207065014308,4.129892902223226],[-77.19194723774103,4.0846919845952465],[-77.236960768975,4.084567485052404],[-77.23708671065619,4.129767020409949]]]}},{"type":"Feature","properties":{"v":33.8,"clase":"DEFICIT_ALTO","periodo":"1–15 ago 2026","metodo":"IDW 6 estaciones CVC"},"geometry":{"type":"Polygon","coordinates":[[[-77.19207065014308,4.129892902223226],[-77.1470532197184,4.130016230104681],[-77.14693233697719,4.084813958249825],[-77.19194723774103,4.0846919845952465],[-77.19207065014308,4.129892902223226]]]}},{"type":"Feature","properties":{"v":34.5,"clase":"DEFICIT_ALTO","periodo":"1–15 ago 2026","metodo":"IDW 6 estaciones CVC"},"geometry":{"type":"Polygon","coordinates":[[[-77.10191609475474,4.084933405640097],[-77.14693233697719,4.084813958249825],[-77.1470532197184,4.130016230104681],[-77.11950957774258,4.130090426242433],[-77.1205,4.129099999999999],[-77.1229,4.1248],[-77.1225,4.121099999999999],[-77.1201,4.118699999999999],[-77.12000000000002,4.1166],[-77.1149,4.1152],[-77.1145,4.113199999999999],[-77.1075,4.1105],[-77.1045,4.107599999999999],[-77.10198059758402,4.109631777636544],[-77.10191609475474,4.084933405640097]]]}},{"type":"Feature","properties":{"v":35.0,"clase":"DEFICIT_ALTO","periodo":"1–15 ago 2026","metodo":"IDW 6 estaciones CVC"},"geometry":{"type":"Polygon","coordinates":[[[-77.05689853914922,4.085050326397787],[-77.10191609475474,4.084933405640097],[-77.10198059758402,4.109631777636544],[-77.1014,4.1101],[-77.101,4.1117],[-77.0962,4.117],[-77.0931,4.1176],[-77.0925,4.119399999999999],[-77.0861,4.122600000000001],[-77.0846,4.119],[-77.0859,4.116200000000001],[-77.0826,4.1115],[-77.0825,4.1102],[-77.0794,4.1095],[-77.078,4.1077],[-77.0762,4.1079],[-77.073,4.1065],[-77.0721,4.1000999999999985],[-77.0686,4.097799999999999],[-77.068,4.096000000000001],[-77.06680000000001,4.0968],[-77.0656,4.0963],[-77.0642,4.097400000000001],[-77.0637,4.1],[-77.0612,4.101000000000001],[-77.0601,4.102600000000001],[-77.0573,4.1023],[-77.05694060340673,4.101525918492358],[-77.05689853914922,4.085050326397787]]]}},{"type":"Feature","properties":{"v":35.1,"clase":"DEFICIT_MODERADO","periodo":"1–15 ago 2026","metodo":"IDW 6 estaciones CVC"},"geometry":{"type":"Polygon","coordinates":[[[-77.01187969824022,4.0851647201623775],[-77.05689853914922,4.085050326397787],[-77.05694060340673,4.101525918492358],[-77.056,4.0995],[-77.054,4.099800000000001],[-77.0515,4.095500000000001],[-77.0503,4.0948],[-77.049,4.095199999999999],[-77.04730000000002,4.0979],[-77.0448,4.0968],[-77.0423,4.097699999999999],[-77.0383,4.0973],[-77.0385,4.095399999999999],[-77.0359,4.091300000000001],[-77.0352,4.091499999999999],[-77.0347,4.0934],[-77.033,4.092599999999999],[-77.033,4.0939],[-77.0303,4.0947000000000005],[-77.0292,4.0928],[-77.0283,4.092899999999999],[-77.028,4.094299999999999],[-77.0265,4.0945],[-77.0266,4.0961],[-77.0253,4.0965],[-77.0229,4.099899999999999],[-77.021,4.1000999999999985],[-77.0199,4.1011999999999995],[-77.0167,4.100299999999999],[-77.0137,4.0978],[-77.01191173374815,4.0979986962629615],[-77.01187969824022,4.0851647201623775]]]}},{"type":"Feature","properties":{"v":33.7,"clase":"DEFICIT_ALTO","periodo":"1–15 ago 2026","metodo":"IDW 6 estaciones CVC"},"geometry":{"type":"Polygon","coordinates":[[[-76.96685960011139,4.085276586581124],[-77.01187969824022,4.0851647201623775],[-77.01191173374815,4.0979986962629615],[-77.0119,4.097999999999999],[-77.0101,4.096099999999998],[-77.0089,4.096000000000001],[-77.0074,4.098499999999999],[-77.0044,4.099100000000001],[-77.0018,4.1075],[-76.9987,4.1118],[-76.9971,4.1195],[-76.9944,4.1205],[-76.992,4.1197],[-76.99090000000001,4.1179],[-76.9889,4.1184],[-76.9877,4.115199999999999],[-76.9859,4.1143],[-76.9842,4.1147],[-76.9807,4.1187000000000005],[-76.9784,4.1186],[-76.9761,4.1222],[-76.972,4.1175],[-76.9694,4.1193],[-76.96694150253752,4.118753669370194],[-76.96685960011139,4.085276586581124]]]}},{"type":"Feature","properties":{"v":32.3,"clase":"DEFICIT_ALTO","periodo":"1–15 ago 2026","metodo":"IDW 6 estaciones CVC"},"geometry":{"type":"Polygon","coordinates":[[[-76.92183827285031,4.085385925309048],[-76.96685960011139,4.085276586581124],[-76.96694150253752,4.118753669370194],[-76.9658,4.1185],[-76.9619,4.120199999999999],[-76.9544,4.120699999999999],[-76.9491,4.114],[-76.9418,4.1126000000000005],[-76.9423,4.1098],[-76.9418,4.1084],[-76.9377,4.1084],[-76.9348,4.1052],[-76.9335,4.106099999999998],[-76.9289,4.106000000000001],[-76.9262,4.1035],[-76.9252,4.101299999999998],[-76.92187309573745,4.099986749823243],[-76.92183827285031,4.085385925309048]]]}},{"type":"Feature","properties":{"v":13.9,"clase":"DEFICIT_EXTREMO","periodo":"1–15 ago 2026","metodo":"IDW 6 estaciones CVC"},"geometry":{"type":"Polygon","coordinates":[[[-76.42661094960472,4.131641855243847],[-76.42653058697393,4.086421732844453],[-76.47156357987173,4.086340219259182],[-76.47160155813984,4.107119108306167],[-76.4673,4.120900000000001],[-76.4629,4.130299999999999],[-76.46200792844397,4.131577291341227],[-76.42661094960472,4.131641855243847]]]}},{"type":"Feature","properties":{"v":13.0,"clase":"DEFICIT_EXTREMO","periodo":"1–15 ago 2026","metodo":"IDW 6 estaciones CVC"},"geometry":{"type":"Polygon","coordinates":[[[-76.42661094960472,4.131641855243847],[-76.38157452994639,4.1317217145201885],[-76.38149670226984,4.086500715206166],[-76.42653058697393,4.086421732844453],[-76.42661094960472,4.131641855243847]]]}},{"type":"Feature","properties":{"v":12.4,"clase":"DEFICIT_EXTREMO","periodo":"1–15 ago 2026","metodo":"IDW 6 estaciones CVC"},"geometry":{"type":"Polygon","coordinates":[[[-76.38157452994639,4.1317217145201885],[-76.3365372463716,4.131799014223356],[-76.33646195389025,4.086577166100576],[-76.38149670226984,4.086500715206166],[-76.38157452994639,4.1317217145201885]]]}},{"type":"Feature","properties":{"v":12.0,"clase":"DEFICIT_EXTREMO","periodo":"1–15 ago 2026","metodo":"IDW 6 estaciones CVC"},"geometry":{"type":"Polygon","coordinates":[[[-76.33646195389025,4.086577166100576],[-76.3365372463716,4.131799014223356],[-76.29149912702165,4.13187375411477],[-76.29147932139404,4.119613023287206],[-76.29161945589446,4.119442126957967],[-76.29147922733013,4.1195547049322165],[-76.2914263699686,4.086651085291738],[-76.31218850872699,4.086617322060022],[-76.311,4.089999999999999],[-76.3110614864865,4.0904918918918955],[-76.31220625455828,4.086617292971601],[-76.33646195389025,4.086577166100576]],[[-76.2979,4.1144],[-76.29240521739132,4.118811304347818],[-76.2954,4.117099999999999],[-76.2979,4.1144]],[[-76.30049830508474,4.113906779661014],[-76.30047019230769,4.11401923076923],[-76.3006,4.114],[-76.30049830508474,4.113906779661014]],[[-76.2929,4.1102],[-76.293,4.1113],[-76.2930872,4.109992000000008],[-76.2929,4.1102]],[[-76.3001,4.1022],[-76.2938887323944,4.109101408450675],[-76.2966,4.1067],[-76.3001,4.1022]],[[-76.3112,4.0916],[-76.3138,4.0949],[-76.3111076923077,4.090861538461532],[-76.3112,4.0916]]]}},{"type":"Feature","properties":{"v":11.9,"clase":"DEFICIT_EXTREMO","periodo":"1–15 ago 2026","metodo":"IDW 6 estaciones CVC"},"geometry":{"type":"Polygon","coordinates":[[[-76.29149912702165,4.13187375411477],[-76.24646020004046,4.131945933963743],[-76.246389978641,4.086722472551511],[-76.2914263699686,4.086651085291738],[-76.29147922733013,4.1195547049322165],[-76.2908,4.1201],[-76.28925132743365,4.122330088495548],[-76.29147932139404,4.119613023287206],[-76.29149912702165,4.13187375411477]],[[-76.2745,4.1126],[-76.2755,4.1185],[-76.27482809364548,4.111396989966555],[-76.2745,4.1126]],[[-76.27510000000001,4.110399999999999],[-76.27496053511705,4.110911371237464],[-76.2765312390925,4.109065794066302],[-76.27510000000001,4.110399999999999]],[[-76.281,4.1049],[-76.28042754303601,4.105433646322372],[-76.28156363636363,4.104759090909094],[-76.281,4.1049]],[[-76.2826,4.104499999999998],[-76.28222105263158,4.104594736842105],[-76.2834,4.105100000000001],[-76.2826,4.104499999999998]],[[-76.2825,4.1107],[-76.28272727272729,4.1111545454545535],[-76.2834,4.105100000000001],[-76.2825,4.1107]],[[-76.2875,4.1163],[-76.28300638297873,4.111712765957439],[-76.2835,4.112700000000001],[-76.2875,4.1163]],[[-76.28809133448874,4.12374471403813],[-76.2869,4.123999999999999],[-76.2878,4.1241],[-76.28809133448874,4.12374471403813]]]}},{"type":"Feature","properties":{"v":12.0,"clase":"DEFICIT_EXTREMO","periodo":"1–15 ago 2026","metodo":"IDW 6 estaciones CVC"},"geometry":{"type":"Polygon","coordinates":[[[-76.24646020004046,4.131945933963743],[-76.20142049357447,4.1320155535474745],[-76.20135280804602,4.086791327659561],[-76.246389978641,4.086722472551511],[-76.24646020004046,4.131945933963743]]]}},{"type":"Feature","properties":{"v":12.2,"clase":"DEFICIT_EXTREMO","periodo":"1–15 ago 2026","metodo":"IDW 6 estaciones CVC"},"geometry":{"type":"Polygon","coordinates":[[[-76.15638003577259,4.132082612651064],[-76.15631488632472,4.086857650403356],[-76.20135280804602,4.086791327659561],[-76.20142049357447,4.1320155535474745],[-76.18803212272861,4.132035754566005],[-76.18804461538463,4.132010769230769],[-76.1877,4.1319],[-76.18768182932274,4.132036280067027],[-76.15638003577259,4.132082612651064]]]}},{"type":"Feature","properties":{"v":12.5,"clase":"DEFICIT_EXTREMO","periodo":"1–15 ago 2026","metodo":"IDW 6 estaciones CVC"},"geometry":{"type":"Polygon","coordinates":[[[-76.15638003577259,4.132082612651064],[-76.11133885478604,4.132147111067506],[-76.11127624162053,4.086921440578177],[-76.15631488632472,4.086857650403356],[-76.15638003577259,4.132082612651064]],[[-76.1244,4.1018],[-76.12580000000001,4.102099999999999],[-76.1244875,4.101725],[-76.1244,4.1018]],[[-76.1283,4.1066],[-76.1288,4.1053],[-76.12877033898305,4.105283050847457],[-76.1283,4.1066]],[[-76.1291,4.109999999999999],[-76.12964000000001,4.110380000000013],[-76.12921215469613,4.109791712707174],[-76.1291,4.109999999999999]],[[-76.1318,4.111900000000001],[-76.13030000000002,4.110399999999999],[-76.12989731543624,4.110561073825506],[-76.1318,4.111900000000001]],[[-76.1366,4.115800000000001],[-76.13668108108108,4.115736936936935],[-76.1364,4.1148],[-76.1366,4.115800000000001]],[[-76.1485,4.121599999999999],[-76.1499,4.120599999999998],[-76.1483813559322,4.121549152542375],[-76.1485,4.121599999999999]]]}},{"type":"Feature","properties":{"v":12.9,"clase":"DEFICIT_EXTREMO","periodo":"1–15 ago 2026","metodo":"IDW 6 estaciones CVC"},"geometry":{"type":"Polygon","coordinates":[[[-76.11133885478604,4.132147111067506],[-76.06629697876834,4.132209048597687],[-76.06623690207907,4.086982697987113],[-76.11127624162053,4.086921440578177],[-76.11133885478604,4.132147111067506]],[[-76.07000543735225,4.087284633569747],[-76.0703,4.088],[-76.07629234449762,4.090899521531104],[-76.0763,4.0908],[-76.0709,4.088199999999998],[-76.07000543735225,4.087284633569747]]]}},{"type":"Feature","properties":{"v":13.2,"clase":"DEFICIT_EXTREMO","periodo":"1–15 ago 2026","metodo":"IDW 6 estaciones CVC"},"geometry":{"type":"Polygon","coordinates":[[[-76.06629697876834,4.132209048597687],[-76.02125443587519,4.1322684250503965],[-76.02119689584822,4.087041422441064],[-76.06623690207907,4.086982697987113],[-76.06629697876834,4.132209048597687]],[[-76.05924995425434,4.087840622140897],[-76.0586,4.0878000000000005],[-76.05825614714423,4.0883587608906105],[-76.05924995425434,4.087840622140897]]]}},{"type":"Feature","properties":{"v":13.6,"clase":"DEFICIT_EXTREMO","periodo":"1–15 ago 2026","metodo":"IDW 6 estaciones CVC"},"geometry":{"type":"Polygon","coordinates":[[[-76.02125443587519,4.1322684250503965],[-75.9762112542644,4.13232524024232],[-75.9761562510779,4.087097613758742],[-76.02119689584822,4.087041422441064],[-76.02125443587519,4.1322684250503965]]]}},{"type":"Feature","properties":{"v":13.9,"clase":"DEFICIT_EXTREMO","periodo":"1–15 ago 2026","metodo":"IDW 6 estaciones CVC"},"geometry":{"type":"Polygon","coordinates":[[[-75.9762112542644,4.13232524024232],[-75.93116746209571,4.1323794939980525],[-75.93111499592005,4.087151271766676],[-75.9761562510779,4.087097613758742],[-75.9762112542644,4.13232524024232]]]}},{"type":"Feature","properties":{"v":14.2,"clase":"DEFICIT_EXTREMO","periodo":"1–15 ago 2026","metodo":"IDW 6 estaciones CVC"},"geometry":{"type":"Polygon","coordinates":[[[-75.93116746209571,4.1323794939980525],[-75.88612308753086,4.132431186150082],[-75.88607315852852,4.0872023962992055],[-75.93111499592005,4.087151271766676],[-75.93116746209571,4.1323794939980525]]]}},{"type":"Feature","properties":{"v":14.5,"clase":"DEFICIT_EXTREMO","periodo":"1–15 ago 2026","metodo":"IDW 6 estaciones CVC"},"geometry":{"type":"Polygon","coordinates":[[[-75.84103076705898,4.087250987198494],[-75.88607315852852,4.0872023962992055],[-75.88612308753086,4.132431186150082],[-75.84107815873335,4.132480316538807],[-75.84107744447054,4.131802349969459],[-75.8424,4.128],[-75.8419,4.123100000000001],[-75.84106751840135,4.1223690454479245],[-75.84103076705898,4.087250987198494]]]}},{"type":"Feature","properties":{"v":14.7,"clase":"DEFICIT_EXTREMO","periodo":"1–15 ago 2026","metodo":"IDW 6 estaciones CVC"},"geometry":{"type":"MultiPolygon","coordinates":[[[[-75.79598784966885,4.087297044314515],[-75.84103076705898,4.087250987198494],[-75.84106751840135,4.1223690454479245],[-75.8378,4.1195],[-75.8371,4.116599999999999],[-75.8334,4.115600000000001],[-75.83310000000002,4.1146],[-75.8345,4.1085],[-75.8393,4.1026],[-75.839,4.097599999999999],[-75.8284,4.0996999999999995],[-75.8222,4.0979],[-75.82,4.0987],[-75.819,4.0973999999999995],[-75.8147,4.096800000000001],[-75.8129,4.0950999999999995],[-75.809,4.0937],[-75.8023,4.0935],[-75.7982,4.091],[-75.7963,4.091100000000002],[-75.7959912308387,4.090724108857749],[-75.79598784966885,4.087297044314515]]],[[[-75.84107815873335,4.132480316538807],[-75.84084154179033,4.1324805678508305],[-75.84107744447054,4.131802349969459],[-75.84107815873335,4.132480316538807]]]]}},{"type":"Feature","properties":{"v":29.2,"clase":"DEFICIT_ALTO","periodo":"1–15 ago 2026","metodo":"IDW 6 estaciones CVC"},"geometry":{"type":"Polygon","coordinates":[[[-77.41713669216263,4.12923796171802],[-77.44339999849186,4.129157370619544],[-77.4434,4.132399999999999],[-77.4421,4.1366999999999985],[-77.4358,4.1457999999999995],[-77.4211,4.1431],[-77.41718010678265,4.143554487475241],[-77.41713669216263,4.12923796171802]]]}},{"type":"Feature","properties":{"v":29.7,"clase":"DEFICIT_ALTO","periodo":"1–15 ago 2026","metodo":"IDW 6 estaciones CVC"},"geometry":{"type":"Polygon","coordinates":[[[-77.37226140133558,4.174569219845835],[-77.37212639199983,4.129374055299286],[-77.41713669216263,4.12923796171802],[-77.41718010678265,4.143554487475241],[-77.4142,4.1438999999999995],[-77.403,4.147],[-77.3957,4.146599999999999],[-77.3903,4.148499999999999],[-77.3884,4.150299999999999],[-77.388,4.151900000000001],[-77.3884,4.155799999999999],[-77.3902,4.1592],[-77.3893,4.162099999999998],[-77.3772,4.1704],[-77.37566777495738,4.17455889818393],[-77.37226140133558,4.174569219845835]]]}},{"type":"Feature","properties":{"v":30.1,"clase":"DEFICIT_ALTO","periodo":"1–15 ago 2026","metodo":"IDW 6 estaciones CVC"},"geometry":{"type":"Polygon","coordinates":[[[-77.37226140133558,4.174569219845835],[-77.32724706283969,4.174704227628313],[-77.32711460965277,4.129507596548129],[-77.37212639199983,4.129374055299286],[-77.37226140133558,4.174569219845835]]]}},{"type":"Feature","properties":{"v":30.7,"clase":"DEFICIT_ALTO","periodo":"1–15 ago 2026","metodo":"IDW 6 estaciones CVC"},"geometry":{"type":"Polygon","coordinates":[[[-77.28223126981139,4.174836654633305],[-77.2821013731829,4.129638585052941],[-77.32711460965277,4.129507596548129],[-77.32724706283969,4.174704227628313],[-77.31985267210088,4.1747261578213335],[-77.3185,4.1729],[-77.3111,4.167199999999999],[-77.3082,4.166099999999999],[-77.3055,4.1665],[-77.2996,4.1709],[-77.2957737761653,4.174797087306585],[-77.28223126981139,4.174836654633305]]]}},{"type":"Feature","properties":{"v":31.3,"clase":"DEFICIT_ALTO","periodo":"1–15 ago 2026","metodo":"IDW 6 estaciones CVC"},"geometry":{"type":"Polygon","coordinates":[[[-77.23708671065619,4.129767020409949],[-77.2821013731829,4.129638585052941],[-77.28223126981139,4.174836654633305],[-77.2406180620669,4.17495677242059],[-77.23720508323932,4.171799784559094],[-77.23708671065619,4.129767020409949]]]}},{"type":"Feature","properties":{"v":32.0,"clase":"DEFICIT_ALTO","periodo":"1–15 ago 2026","metodo":"IDW 6 estaciones CVC"},"geometry":{"type":"Polygon","coordinates":[[[-77.19207065014308,4.129892902223226],[-77.23708671065619,4.129767020409949],[-77.23720508323932,4.171799784559094],[-77.2318,4.1668],[-77.2232,4.1572],[-77.22,4.1556999999999995],[-77.215,4.155999999999999],[-77.21,4.160500000000001],[-77.2075,4.1693],[-77.205,4.1727],[-77.1975,4.1737],[-77.19218967977183,4.173020785274307],[-77.19207065014308,4.129892902223226]]]}},{"type":"Feature","properties":{"v":32.3,"clase":"DEFICIT_ALTO","periodo":"1–15 ago 2026","metodo":"IDW 6 estaciones CVC"},"geometry":{"type":"Polygon","coordinates":[[[-77.1470532197184,4.130016230104681],[-77.19207065014308,4.129892902223226],[-77.19218967977183,4.173020785274307],[-77.1889,4.172599999999999],[-77.1841,4.174499999999999],[-77.18312414857311,4.17511909551543],[-77.15170944277921,4.175206007194319],[-77.1481,4.1686],[-77.14715465667587,4.167565485488567],[-77.1470532197184,4.130016230104681]]]}},{"type":"Feature","properties":{"v":32.9,"clase":"DEFICIT_ALTO","periodo":"1–15 ago 2026","metodo":"IDW 6 estaciones CVC"},"geometry":{"type":"Polygon","coordinates":[[[-77.1470532197184,4.130016230104681],[-77.14715465667587,4.167565485488567],[-77.1428,4.1628],[-77.14270000000002,4.16],[-77.1387,4.1587],[-77.1364,4.1556999999999995],[-77.1351,4.155800000000001],[-77.134,4.1573],[-77.1315,4.156399999999999],[-77.1323,4.153899999999999],[-77.1306,4.1522],[-77.1313,4.149399999999999],[-77.1298,4.147199999999999],[-77.1295,4.1449],[-77.1163,4.133300000000001],[-77.11950957774258,4.130090426242433],[-77.1470532197184,4.130016230104681]]]}},{"type":"Feature","properties":{"v":14.4,"clase":"DEFICIT_EXTREMO","periodo":"1–15 ago 2026","metodo":"IDW 6 estaciones CVC"},"geometry":{"type":"Polygon","coordinates":[[[-76.42669220429104,4.176861924556975],[-76.42661094960472,4.131641855243847],[-76.46200792844397,4.131577291341227],[-76.4585,4.1366000000000005],[-76.4569,4.140299999999999],[-76.453,4.1449],[-76.4483,4.1615],[-76.447,4.1648],[-76.4461,4.1735],[-76.4449,4.1757],[-76.44494425092829,4.1768284689565895],[-76.42669220429104,4.176861924556975]]]}},{"type":"Feature","properties":{"v":13.9,"clase":"DEFICIT_EXTREMO","periodo":"1–15 ago 2026","metodo":"IDW 6 estaciones CVC"},"geometry":{"type":"Polygon","coordinates":[[[-76.42669220429104,4.176861924556975],[-76.38165322153988,4.176942660842943],[-76.38157452994639,4.1317217145201885],[-76.42661094960472,4.131641855243847],[-76.42669220429104,4.176861924556975]]]}},{"type":"Feature","properties":{"v":13.3,"clase":"DEFICIT_EXTREMO","periodo":"1–15 ago 2026","metodo":"IDW 6 estaciones CVC"},"geometry":{"type":"Polygon","coordinates":[[[-76.38165322153988,4.176942660842943],[-76.33661337462857,4.1770208094468275],[-76.3365372463716,4.131799014223356],[-76.38157452994639,4.1317217145201885],[-76.38165322153988,4.176942660842943]]]}},{"type":"Feature","properties":{"v":12.9,"clase":"DEFICIT_EXTREMO","periodo":"1–15 ago 2026","metodo":"IDW 6 estaciones CVC"},"geometry":{"type":"Polygon","coordinates":[[[-76.33661337462857,4.1770208094468275],[-76.29157269170638,4.177096370127413],[-76.29149912702165,4.13187375411477],[-76.3365372463716,4.131799014223356],[-76.33661337462857,4.1770208094468275]]]}},{"type":"Feature","properties":{"v":12.8,"clase":"DEFICIT_EXTREMO","periodo":"1–15 ago 2026","metodo":"IDW 6 estaciones CVC"},"geometry":{"type":"Polygon","coordinates":[[[-76.24646020004046,4.131945933963743],[-76.29149912702165,4.13187375411477],[-76.29157269170638,4.177096370127413],[-76.24653120092515,4.17716934265146],[-76.24651752849643,4.168499284328712],[-76.25021327433629,4.1725646017699205],[-76.24910000000001,4.1706],[-76.2465174050756,4.168420936967221],[-76.24646020004046,4.131945933963743]],[[-76.25064095092024,4.173319325153371],[-76.25,4.175699999999999],[-76.2508,4.1735999999999995],[-76.25064095092024,4.173319325153371]],[[-76.2529,4.156199999999999],[-76.25031894005214,4.160348132059071],[-76.2507,4.160100000000001],[-76.2529,4.156199999999999]],[[-76.24973005780348,4.146742196531789],[-76.2494488372093,4.1470023255814015],[-76.2497,4.1468],[-76.24973005780348,4.146742196531789]]]}},{"type":"Feature","properties":{"v":12.8,"clase":"DEFICIT_EXTREMO","periodo":"1–15 ago 2026","metodo":"IDW 6 estaciones CVC"},"geometry":{"type":"Polygon","coordinates":[[[-76.24653120092515,4.17716934265146],[-76.20148893043923,4.177239726793713],[-76.20142049357447,4.1320155535474745],[-76.24646020004046,4.131945933963743],[-76.2465174050756,4.168420936967221],[-76.24621219512193,4.168163414634123],[-76.24651752849643,4.168499284328712],[-76.24653120092515,4.17716934265146]],[[-76.2457,4.1676],[-76.24588181818183,4.1678000000000095],[-76.245636,4.166447999999987],[-76.2457,4.1676]],[[-76.2455,4.163999999999999],[-76.24551488372093,4.164267906976734],[-76.24585131264915,4.163747971360394],[-76.2455,4.163999999999999]],[[-76.2461,4.1501],[-76.24644942528735,4.150486206896548],[-76.24622598425196,4.149983464566929],[-76.2461,4.1501]],[[-76.2332,4.1628],[-76.2353,4.163299999999999],[-76.23303885135135,4.16251351351351],[-76.2332,4.1628]],[[-76.2372,4.1658],[-76.23792599469495,4.166013527851455],[-76.2353,4.163299999999999],[-76.2372,4.1658]],[[-76.2389,4.166300000000001],[-76.2414,4.162300000000001],[-76.23847100938967,4.166173826291077],[-76.2389,4.166300000000001]],[[-76.2432375,4.162125],[-76.2433,4.161999999999999],[-76.2414,4.162300000000001],[-76.2432375,4.162125]],[[-76.2433,4.167],[-76.24331214953271,4.167004672897194],[-76.24330416666668,4.166997222222224],[-76.2433,4.167]]]}},{"type":"Feature","properties":{"v":12.9,"clase":"DEFICIT_EXTREMO","periodo":"1–15 ago 2026","metodo":"IDW 6 estaciones CVC"},"geometry":{"type":"Polygon","coordinates":[[[-76.20142049357447,4.1320155535474745],[-76.20148893043923,4.177239726793713],[-76.15644590840547,4.177307522336893],[-76.15638003577259,4.132082612651064],[-76.18768182932274,4.132036280067027],[-76.18755454545455,4.132990909090896],[-76.18803212272861,4.132035754566005],[-76.20142049357447,4.1320155535474745]],[[-76.1873,4.133499999999997],[-76.18731896551724,4.133462068965519],[-76.184,4.134599999999999],[-76.1873,4.133499999999997]]]}},{"type":"Feature","properties":{"v":13.1,"clase":"DEFICIT_EXTREMO","periodo":"1–15 ago 2026","metodo":"IDW 6 estaciones CVC"},"geometry":{"type":"Polygon","coordinates":[[[-76.15644590840547,4.177307522336893],[-76.11140216298304,4.177372729071703],[-76.11133885478604,4.132147111067506],[-76.15638003577259,4.132082612651064],[-76.15644590840547,4.177307522336893]]]}},{"type":"Feature","properties":{"v":13.3,"clase":"DEFICIT_EXTREMO","periodo":"1–15 ago 2026","metodo":"IDW 6 estaciones CVC"},"geometry":{"type":"Polygon","coordinates":[[[-76.11140216298304,4.177372729071703],[-76.06635772233341,4.177435346796835],[-76.06629697876834,4.132209048597687],[-76.11133885478604,4.132147111067506],[-76.11140216298304,4.177372729071703]]]}},{"type":"Feature","properties":{"v":13.6,"clase":"DEFICIT_EXTREMO","periodo":"1–15 ago 2026","metodo":"IDW 6 estaciones CVC"},"geometry":{"type":"Polygon","coordinates":[[[-76.06635772233341,4.177435346796835],[-76.02131261462019,4.177495375318965],[-76.02125443587519,4.1322684250503965],[-76.06629697876834,4.132209048597687],[-76.06635772233341,4.177435346796835]]]}},{"type":"Feature","properties":{"v":13.9,"clase":"DEFICIT_EXTREMO","periodo":"1–15 ago 2026","metodo":"IDW 6 estaciones CVC"},"geometry":{"type":"Polygon","coordinates":[[[-76.02131261462019,4.177495375318965],[-75.97626686800908,4.177552814452753],[-75.9762112542644,4.13232524024232],[-76.02125443587519,4.1322684250503965],[-76.02131261462019,4.177495375318965]]]}},{"type":"Feature","properties":{"v":14.2,"clase":"DEFICIT_EXTREMO","periodo":"1–15 ago 2026","metodo":"IDW 6 estaciones CVC"},"geometry":{"type":"Polygon","coordinates":[[[-75.93122051066786,4.1776076640208535],[-75.93116746209571,4.1323794939980525],[-75.9762112542644,4.13232524024232],[-75.97626686800908,4.177552814452753],[-75.95626435876768,4.177577489748553],[-75.95625249999999,4.177569999999996],[-75.95625812298354,4.177577497361441],[-75.93122051066786,4.1776076640208535]],[[-75.9569,4.169399999999999],[-75.9554,4.169100000000001],[-75.95545454545454,4.169399999999999],[-75.9569,4.169399999999999]],[[-75.95594047619048,4.172602380952382],[-75.95558762886597,4.173802061855689],[-75.956,4.172899999999999],[-75.95594047619048,4.172602380952382]],[[-75.95439999999998,4.17640000000002],[-75.95440000000002,4.176399999999984],[-75.9544,4.1764],[-75.95439999999998,4.17640000000002]]]}},{"type":"Feature","properties":{"v":14.4,"clase":"DEFICIT_EXTREMO","periodo":"1–15 ago 2026","metodo":"IDW 6 estaciones CVC"},"geometry":{"type":"Polygon","coordinates":[[[-75.88617357076613,4.1776599238539065],[-75.88612308753086,4.132431186150082],[-75.93116746209571,4.1323794939980525],[-75.93122051066786,4.1776076640208535],[-75.92065131408476,4.1776201581463415],[-75.9198,4.1765],[-75.92059348795921,4.177620226111885],[-75.88617357076613,4.1776599238539065]],[[-75.91329087635056,4.174288355342161],[-75.9133,4.175],[-75.91375373134328,4.175340298507455],[-75.91329087635056,4.174288355342161]],[[-75.91030000000002,4.1593],[-75.90450000000001,4.1535],[-75.91056554216868,4.159761204819278],[-75.91030000000002,4.1593]],[[-75.89868523274478,4.149952006420547],[-75.8987,4.15],[-75.90450000000001,4.1535],[-75.89868523274478,4.149952006420547]],[[-75.8980207142857,4.147293214285723],[-75.8979,4.1474],[-75.89841999999999,4.149089999999935],[-75.8980207142857,4.147293214285723]],[[-75.903,4.139600000000001],[-75.90324193548388,4.1374225806451275],[-75.9005,4.145099999999999],[-75.903,4.139600000000001]],[[-75.9057,4.135299999999999],[-75.9035,4.1367],[-75.90346874999999,4.136787500000006],[-75.9057,4.135299999999999]]]}},{"type":"Feature","properties":{"v":14.7,"clase":"DEFICIT_EXTREMO","periodo":"1–15 ago 2026","metodo":"IDW 6 estaciones CVC"},"geometry":{"type":"Polygon","coordinates":[[[-75.84107815873335,4.132480316538807],[-75.88612308753086,4.132431186150082],[-75.88617357076613,4.1776599238539065],[-75.84112607647538,4.177709593790546],[-75.84110376584933,4.1567124908531525],[-75.8419,4.1561],[-75.843,4.150799999999999],[-75.8429,4.1486],[-75.8410903478585,4.144032788517238],[-75.84108869470172,4.142467883134771],[-75.8425,4.1384],[-75.84107928895628,4.1335528764821765],[-75.84107815873335,4.132480316538807]]]}},{"type":"Feature","properties":{"v":29.6,"clase":"DEFICIT_ALTO","periodo":"1–15 ago 2026","metodo":"IDW 6 estaciones CVC"},"geometry":{"type":"Polygon","coordinates":[[[-77.32724706283969,4.174704227628313],[-77.37226140133558,4.174569219845835],[-77.37228895632737,4.183732894907587],[-77.3715,4.184700000000001],[-77.3631,4.1922999999999995],[-77.353,4.197499999999998],[-77.3477,4.197299999999999],[-77.3423,4.196],[-77.335,4.1925],[-77.3285,4.1864],[-77.32727669637698,4.184748586488399],[-77.32724706283969,4.174704227628313]]]}},{"type":"Feature","properties":{"v":30.1,"clase":"DEFICIT_ALTO","periodo":"1–15 ago 2026","metodo":"IDW 6 estaciones CVC"},"geometry":{"type":"MultiPolygon","coordinates":[[[[-77.32724706283969,4.174704227628313],[-77.32727669637698,4.184748586488399],[-77.31985267210088,4.1747261578213335],[-77.32724706283969,4.174704227628313]]],[[[-77.28223126981139,4.174836654633305],[-77.2957737761653,4.174797087306585],[-77.2942,4.176399999999999],[-77.2897,4.1787],[-77.2869,4.1834],[-77.2851,4.190099999999999],[-77.2851,4.192799999999999],[-77.2874,4.205800000000001],[-77.2858,4.2107],[-77.28235417790403,4.217153100973738],[-77.28223126981139,4.174836654633305]]]]}},{"type":"Feature","properties":{"v":30.2,"clase":"DEFICIT_ALTO","periodo":"1–15 ago 2026","metodo":"IDW 6 estaciones CVC"},"geometry":{"type":"Polygon","coordinates":[[[-77.28223126981139,4.174836654633305],[-77.28235417790403,4.217153100973738],[-77.28081303595538,4.220039229347118],[-77.24843209108936,4.220133836020836],[-77.2484,4.219500000000001],[-77.2505,4.2],[-77.2499,4.1876999999999995],[-77.2438,4.177900000000001],[-77.2406180620669,4.17495677242059],[-77.28223126981139,4.174836654633305]]]}},{"type":"Feature","properties":{"v":31.5,"clase":"DEFICIT_ALTO","periodo":"1–15 ago 2026","metodo":"IDW 6 estaciones CVC"},"geometry":{"type":"Polygon","coordinates":[[[-77.18312414857311,4.17511909551543],[-77.1748,4.1804],[-77.1671,4.1837],[-77.163,4.184399999999999],[-77.1596,4.1837],[-77.1534,4.1783],[-77.15170944277921,4.175206007194319],[-77.18312414857311,4.17511909551543]]]}},{"type":"Feature","properties":{"v":15.0,"clase":"DEFICIT_EXTREMO","periodo":"1–15 ago 2026","metodo":"IDW 6 estaciones CVC"},"geometry":{"type":"Polygon","coordinates":[[[-76.42677435128448,4.222081940206637],[-76.42669220429104,4.176861924556975],[-76.44494425092829,4.1768284689565895],[-76.4453,4.185899999999999],[-76.4444,4.190599999999999],[-76.4467,4.2044999999999995],[-76.4479,4.2065],[-76.4501,4.2075],[-76.4511,4.2091],[-76.4517,4.2116],[-76.4513,4.215699999999999],[-76.4541,4.219699999999999],[-76.45388804046159,4.222031549415478],[-76.42677435128448,4.222081940206637]]]}},{"type":"Feature","properties":{"v":14.5,"clase":"DEFICIT_EXTREMO","periodo":"1–15 ago 2026","metodo":"IDW 6 estaciones CVC"},"geometry":{"type":"Polygon","coordinates":[[[-76.42677435128448,4.222081940206637],[-76.3817327772939,4.222163553598286],[-76.38165322153988,4.176942660842943],[-76.42669220429104,4.176861924556975],[-76.42677435128448,4.222081940206637]]]}},{"type":"Feature","properties":{"v":14.0,"clase":"DEFICIT_EXTREMO","periodo":"1–15 ago 2026","metodo":"IDW 6 estaciones CVC"},"geometry":{"type":"Polygon","coordinates":[[[-76.3817327772939,4.222163553598286],[-76.33669033889687,4.222242551195868],[-76.33661337462857,4.1770208094468275],[-76.38165322153988,4.176942660842943],[-76.3817327772939,4.222163553598286]]]}},{"type":"Feature","properties":{"v":13.7,"clase":"DEFICIT_EXTREMO","periodo":"1–15 ago 2026","metodo":"IDW 6 estaciones CVC"},"geometry":{"type":"Polygon","coordinates":[[[-76.33669033889687,4.222242551195868],[-76.29164706425057,4.222318932755531],[-76.29157269170638,4.177096370127413],[-76.33661337462857,4.1770208094468275],[-76.33669033889687,4.222242551195868]],[[-76.3182,4.191],[-76.31392032816773,4.194987876025524],[-76.314,4.195000000000001],[-76.3182,4.191]],[[-76.3055,4.1972000000000005],[-76.30101728971962,4.195762149532708],[-76.3014,4.1964],[-76.3055,4.1972000000000005]],[[-76.30048116203537,4.1955901840490775],[-76.3002,4.1955],[-76.2951,4.1988],[-76.30048116203537,4.1955901840490775]],[[-76.29239933628318,4.202292920353985],[-76.29237976878613,4.202310982658955],[-76.2924,4.2023],[-76.29239933628318,4.202292920353985]]]}},{"type":"Feature","properties":{"v":13.5,"clase":"DEFICIT_EXTREMO","periodo":"1–15 ago 2026","metodo":"IDW 6 estaciones CVC"},"geometry":{"type":"Polygon","coordinates":[[[-76.29164706425057,4.222318932755531],[-76.24660298151488,4.222392698041487],[-76.24653120092515,4.17716934265146],[-76.29157269170638,4.177096370127413],[-76.29164706425057,4.222318932755531]],[[-76.2487,4.185499999999999],[-76.24655915492959,4.187373239436622],[-76.2468,4.1874],[-76.2487,4.185499999999999]],[[-76.2695,4.183699999999999],[-76.26638566610457,4.18230674536257],[-76.2668,4.1828],[-76.2695,4.183699999999999]],[[-76.25942222222223,4.179677777777781],[-76.2594,4.179599999999999],[-76.2581,4.181000000000001],[-76.25942222222223,4.179677777777781]],[[-76.2566,4.181000000000001],[-76.25563846153847,4.182730769230766],[-76.2559,4.1826],[-76.2566,4.181000000000001]],[[-76.2553909090909,4.182854545454548],[-76.25262352941178,4.183576470588234],[-76.25430000000001,4.1834],[-76.2553909090909,4.182854545454548]]]}},{"type":"Feature","properties":{"v":13.4,"clase":"DEFICIT_EXTREMO","periodo":"1–15 ago 2026","metodo":"IDW 6 estaciones CVC"},"geometry":{"type":"Polygon","coordinates":[[[-76.24660298151488,4.222392698041487],[-76.2015581188522,4.222463846826014],[-76.20148893043923,4.177239726793713],[-76.24653120092515,4.17716934265146],[-76.24660298151488,4.222392698041487]],[[-76.23500053428317,4.214032056990209],[-76.2351,4.22],[-76.2353,4.214299999999999],[-76.23500053428317,4.214032056990209]],[[-76.228,4.208400000000001],[-76.23466666666664,4.213733333333311],[-76.22777215189873,4.207564556962025],[-76.228,4.208400000000001]],[[-76.22770000000001,4.207300000000001],[-76.22774528301886,4.207466037735848],[-76.2289,4.2066],[-76.22770000000001,4.207300000000001]],[[-76.23305384615385,4.207061538461537],[-76.23207647058824,4.207305882352941],[-76.2325,4.207399999999999],[-76.23305384615385,4.207061538461537]],[[-76.23435396226415,4.206096603773581],[-76.23366129032257,4.206690322580649],[-76.2343,4.2063],[-76.23435396226415,4.206096603773581]],[[-76.235,4.2028],[-76.23486172839506,4.204182716049403],[-76.23540975609757,4.2021170731707125],[-76.235,4.2028]],[[-76.2362,4.2008],[-76.23612499999999,4.200925000000015],[-76.23637395577397,4.200699754299743],[-76.2362,4.2008]],[[-76.2391,4.188100000000001],[-76.2437,4.1918],[-76.23894537246049,4.1876979683972815],[-76.2391,4.188100000000001]],[[-76.2393,4.185700000000001],[-76.2386,4.1868],[-76.23873978494623,4.1871634408602185],[-76.23967924528303,4.185573584905657],[-76.2393,4.185700000000001]],[[-76.24576294416244,4.187284771573605],[-76.2417,4.184900000000001],[-76.245,4.1872],[-76.24576294416244,4.187284771573605]],[[-76.2448,4.1788],[-76.2453,4.180899999999999],[-76.24513022900763,4.178438320610689],[-76.2448,4.1788]],[[-76.2252,4.2165],[-76.2257,4.212],[-76.2256794933655,4.211992762364294],[-76.2252,4.2165]],[[-76.224,4.211399999999999],[-76.2241,4.210699999999999],[-76.22390583941606,4.21074087591241],[-76.224,4.211399999999999]],[[-76.22218023715415,4.210971541501976],[-76.222,4.209800000000001],[-76.222,4.211],[-76.22218023715415,4.210971541501976]],[[-76.22011463414634,4.207914634146343],[-76.2207,4.2045],[-76.22,4.207799999999999],[-76.22011463414634,4.207914634146343]]]}},{"type":"Feature","properties":{"v":13.5,"clase":"DEFICIT_EXTREMO","periodo":"1–15 ago 2026","metodo":"IDW 6 estaciones CVC"},"geometry":{"type":"Polygon","coordinates":[[[-76.2015581188522,4.222463846826014],[-76.1565125044274,4.222532378889461],[-76.15644590840547,4.177307522336893],[-76.20148893043923,4.177239726793713],[-76.2015581188522,4.222463846826014]]]}},{"type":"Feature","properties":{"v":13.6,"clase":"DEFICIT_EXTREMO","periodo":"1–15 ago 2026","metodo":"IDW 6 estaciones CVC"},"geometry":{"type":"Polygon","coordinates":[[[-76.1565125044274,4.222532378889461],[-76.11146616640764,4.222598294020244],[-76.11140216298304,4.177372729071703],[-76.15644590840547,4.177307522336893],[-76.1565125044274,4.222532378889461]],[[-76.1531,4.1834999999999996],[-76.14984911032028,4.181642348754437],[-76.1501,4.181999999999999],[-76.1531,4.1834999999999996]]]}},{"type":"Feature","properties":{"v":13.8,"clase":"DEFICIT_EXTREMO","periodo":"1–15 ago 2026","metodo":"IDW 6 estaciones CVC"},"geometry":{"type":"Polygon","coordinates":[[[-76.11146616640764,4.222598294020244],[-76.06641913296241,4.222661592014854],[-76.06635772233341,4.177435346796835],[-76.11140216298304,4.177372729071703],[-76.11146616640764,4.222598294020244]]]}},{"type":"Feature","properties":{"v":14.0,"clase":"DEFICIT_EXTREMO","periodo":"1–15 ago 2026","metodo":"IDW 6 estaciones CVC"},"geometry":{"type":"Polygon","coordinates":[[[-76.06641913296241,4.222661592014854],[-76.02137143226335,4.22272227267785],[-76.02131261462019,4.177495375318965],[-76.06635772233341,4.177435346796835],[-76.06641913296241,4.222661592014854]]]}},{"type":"Feature","properties":{"v":14.2,"clase":"DEFICIT_EXTREMO","periodo":"1–15 ago 2026","metodo":"IDW 6 estaciones CVC"},"geometry":{"type":"Polygon","coordinates":[[[-76.02137143226335,4.22272227267785],[-75.97632309248424,4.22278033582187],[-75.97626686800908,4.177552814452753],[-76.02131261462019,4.177495375318965],[-76.02137143226335,4.22272227267785]]]}},{"type":"Feature","properties":{"v":14.4,"clase":"DEFICIT_EXTREMO","periodo":"1–15 ago 2026","metodo":"IDW 6 estaciones CVC"},"geometry":{"type":"Polygon","coordinates":[[[-75.97626686800908,4.177552814452753],[-75.97632309248424,4.22278033582187],[-75.9312741418008,4.222835781267627],[-75.93122661373921,4.182779377904774],[-75.9315835589942,4.182694390715667],[-75.93122645030154,4.182640965659537],[-75.93122051066786,4.1776076640208535],[-75.95625812298354,4.177577497361441],[-75.95883571428571,4.181014285714282],[-75.9588,4.1808000000000005],[-75.9563,4.1776],[-75.95626435876768,4.177577489748553],[-75.97626686800908,4.177552814452753]],[[-75.95887326732675,4.181239603960398],[-75.958,4.1857999999999995],[-75.9591,4.1826],[-75.95887326732675,4.181239603960398]],[[-75.9712,4.2127],[-75.9704,4.2136],[-75.97045161290322,4.213635483870968],[-75.9712,4.2127]],[[-75.97185423728814,4.2152101694915265],[-75.9718,4.215400000000001],[-75.973,4.216399999999998],[-75.97185423728814,4.2152101694915265]],[[-75.9742,4.2185],[-75.9757,4.2204],[-75.97572238805971,4.220402985074628],[-75.9742,4.2185]],[[-75.93863271375464,4.185359479553904],[-75.9388,4.185499999999999],[-75.93889965397923,4.185378546712802],[-75.93863271375464,4.185359479553904]]]}},{"type":"Feature","properties":{"v":14.7,"clase":"DEFICIT_EXTREMO","periodo":"1–15 ago 2026","metodo":"IDW 6 estaciones CVC"},"geometry":{"type":"Polygon","coordinates":[[[-75.93122051066786,4.1776076640208535],[-75.93122645030154,4.182640965659537],[-75.92857145299145,4.18224376068376],[-75.9303,4.183],[-75.93122661373921,4.182779377904774],[-75.9312741418008,4.222835781267627],[-75.88622460839073,4.222888608843912],[-75.88617357076613,4.1776599238539065],[-75.92059348795921,4.177620226111885],[-75.9232,4.1813],[-75.9234633986928,4.181320261437909],[-75.92065131408476,4.1776201581463415],[-75.93122051066786,4.1776076640208535]]]}},{"type":"Feature","properties":{"v":14.9,"clase":"DEFICIT_EXTREMO","periodo":"1–15 ago 2026","metodo":"IDW 6 estaciones CVC"},"geometry":{"type":"Polygon","coordinates":[[[-75.88622460839073,4.222888608843912],[-75.8411745204335,4.222938818387593],[-75.84112607647538,4.177709593790546],[-75.88617357076613,4.1776599238539065],[-75.88622460839073,4.222888608843912]]]}},{"type":"Feature","properties":{"v":15.0,"clase":"DEFICIT_EXTREMO","periodo":"1–15 ago 2026","metodo":"IDW 6 estaciones CVC"},"geometry":{"type":"Polygon","coordinates":[[[-75.84112607647538,4.177709593790546],[-75.8411745204335,4.222938818387593],[-75.82447574751949,4.222956764377348],[-75.8246,4.2223000000000015],[-75.8244,4.215400000000001],[-75.8313,4.212100000000001],[-75.8249,4.2148],[-75.8249,4.2116],[-75.8194,4.202400000000001],[-75.8198,4.200800000000001],[-75.8209,4.2004],[-75.8231,4.196900000000001],[-75.8229,4.1925],[-75.8253,4.189299999999999],[-75.82730000000001,4.1821],[-75.83035998331674,4.177721081069725],[-75.84112607647538,4.177709593790546]],[[-75.83960976138829,4.199079826464205],[-75.8395,4.199],[-75.8371,4.201299999999999],[-75.83960976138829,4.199079826464205]]]}},{"type":"Feature","properties":{"v":29.6,"clase":"DEFICIT_ALTO","periodo":"1–15 ago 2026","metodo":"IDW 6 estaciones CVC"},"geometry":{"type":"Polygon","coordinates":[[[-77.28081303595538,4.220039229347118],[-77.2803,4.221],[-77.2745,4.227099999999999],[-77.269,4.230499999999999],[-77.2633,4.2336],[-77.2579,4.2347],[-77.2535,4.234200000000001],[-77.2511,4.2329],[-77.2488,4.227399999999999],[-77.24843209108936,4.220133836020836],[-77.28081303595538,4.220039229347118]]]}},{"type":"Feature","properties":{"v":16.3,"clase":"DEFICIT_EXTREMO","periodo":"1–15 ago 2026","metodo":"IDW 6 estaciones CVC"},"geometry":{"type":"Polygon","coordinates":[[[-76.47190069140568,4.267216767366802],[-76.47183152991548,4.230744475353477],[-76.4778,4.234],[-76.4871,4.235499999999999],[-76.4873,4.239899999999999],[-76.4903,4.2437000000000005],[-76.4946,4.245199999999998],[-76.499,4.2481],[-76.5011,4.2484],[-76.5059,4.2519],[-76.5071,4.254399999999999],[-76.5055,4.2562],[-76.508,4.2616],[-76.50888014051526,4.267144896960466],[-76.47190069140568,4.267216767366802]]]}},{"type":"Feature","properties":{"v":15.7,"clase":"DEFICIT_EXTREMO","periodo":"1–15 ago 2026","metodo":"IDW 6 estaciones CVC"},"geometry":{"type":"Polygon","coordinates":[[[-76.47190069140568,4.267216767366802],[-76.42685739083937,4.267301901615757],[-76.42677435128448,4.222081940206637],[-76.45388804046159,4.222031549415478],[-76.4537,4.224099999999999],[-76.455,4.2295],[-76.458,4.2315],[-76.4654,4.2327],[-76.4712,4.2304],[-76.47183152991548,4.230744475353477],[-76.47190069140568,4.267216767366802]]]}},{"type":"Feature","properties":{"v":15.1,"clase":"DEFICIT_EXTREMO","periodo":"1–15 ago 2026","metodo":"IDW 6 estaciones CVC"},"geometry":{"type":"Polygon","coordinates":[[[-76.42685739083937,4.267301901615757],[-76.38181319745489,4.267384392210195],[-76.3817327772939,4.222163553598286],[-76.42677435128448,4.222081940206637],[-76.42685739083937,4.267301901615757]]]}},{"type":"Feature","properties":{"v":14.7,"clase":"DEFICIT_EXTREMO","periodo":"1–15 ago 2026","metodo":"IDW 6 estaciones CVC"},"geometry":{"type":"Polygon","coordinates":[[[-76.38181319745489,4.267384392210195],[-76.33676813941484,4.267464238895476],[-76.33669033889687,4.222242551195868],[-76.3817327772939,4.222163553598286],[-76.38181319745489,4.267384392210195]]]}},{"type":"Feature","properties":{"v":14.4,"clase":"DEFICIT_EXTREMO","periodo":"1–15 ago 2026","metodo":"IDW 6 estaciones CVC"},"geometry":{"type":"Polygon","coordinates":[[[-76.33676813941484,4.267464238895476],[-76.29172224488457,4.267541441425111],[-76.29164706425057,4.222318932755531],[-76.33669033889687,4.222242551195868],[-76.33676813941484,4.267464238895476]]]}},{"type":"Feature","properties":{"v":14.2,"clase":"DEFICIT_EXTREMO","periodo":"1–15 ago 2026","metodo":"IDW 6 estaciones CVC"},"geometry":{"type":"Polygon","coordinates":[[[-76.29172224488457,4.267541441425111],[-76.24667554203204,4.26761599956076],[-76.24660298151488,4.222392698041487],[-76.29164706425057,4.222318932755531],[-76.29172224488457,4.267541441425111]]]}},{"type":"Feature","properties":{"v":14.1,"clase":"DEFICIT_EXTREMO","periodo":"1–15 ago 2026","metodo":"IDW 6 estaciones CVC"},"geometry":{"type":"Polygon","coordinates":[[[-76.24667554203204,4.26761599956076],[-76.20162805902774,4.267687913072239],[-76.2015581188522,4.222463846826014],[-76.24660298151488,4.222392698041487],[-76.24667554203204,4.26761599956076]],[[-76.2126,4.2597],[-76.21268571428568,4.259500000000048],[-76.20946720747297,4.26473942969517],[-76.2101,4.2642],[-76.2126,4.2597]],[[-76.21230952380954,4.2552190476190805],[-76.21322324723248,4.258245756457554],[-76.2135,4.2576],[-76.21230952380954,4.2552190476190805]],[[-76.2247,4.246999999999999],[-76.2213,4.2469],[-76.22548412098298,4.247507372400755],[-76.2247,4.246999999999999]],[[-76.22750303030304,4.247675757575755],[-76.22726768149883,4.247766276346604],[-76.2275,4.247799999999999],[-76.22750303030304,4.247675757575755]],[[-76.2245,4.2334],[-76.225,4.2364],[-76.22472285714285,4.233074285714297],[-76.2245,4.2334]],[[-76.23324307692307,4.231227692307693],[-76.2258,4.2315000000000005],[-76.23,4.2318],[-76.23324307692307,4.231227692307693]],[[-76.23525454545455,4.230760909090908],[-76.23461016949152,4.230986440677968],[-76.2351,4.2309],[-76.23525454545455,4.230760909090908]]]}},{"type":"Feature","properties":{"v":14.0,"clase":"DEFICIT_EXTREMO","periodo":"1–15 ago 2026","metodo":"IDW 6 estaciones CVC"},"geometry":{"type":"Polygon","coordinates":[[[-76.20162805902774,4.267687913072239],[-76.15657982404466,4.267757181737521],[-76.1565125044274,4.222532378889461],[-76.2015581188522,4.222463846826014],[-76.20162805902774,4.267687913072239]]]}},{"type":"Feature","properties":{"v":14.1,"clase":"DEFICIT_EXTREMO","periodo":"1–15 ago 2026","metodo":"IDW 6 estaciones CVC"},"geometry":{"type":"Polygon","coordinates":[[[-76.15657982404466,4.267757181737521],[-76.11153086525806,4.267823805342731],[-76.11146616640764,4.222598294020244],[-76.1565125044274,4.222532378889461],[-76.15657982404466,4.267757181737521]]]}},{"type":"Feature","properties":{"v":14.2,"clase":"DEFICIT_EXTREMO","periodo":"1–15 ago 2026","metodo":"IDW 6 estaciones CVC"},"geometry":{"type":"Polygon","coordinates":[[[-76.11153086525806,4.267823805342731],[-76.06648121084557,4.26788778368216],[-76.06641913296241,4.222661592014854],[-76.11146616640764,4.222598294020244],[-76.11153086525806,4.267823805342731]]]}},{"type":"Feature","properties":{"v":14.4,"clase":"DEFICIT_EXTREMO","periodo":"1–15 ago 2026","metodo":"IDW 6 estaciones CVC"},"geometry":{"type":"Polygon","coordinates":[[[-76.06648121084557,4.26788778368216],[-76.02143088898694,4.267949116558255],[-76.02137143226335,4.22272227267785],[-76.06641913296241,4.222661592014854],[-76.06648121084557,4.26788778368216]],[[-76.0239,4.244699999999998],[-76.0234,4.2463],[-76.02351886792452,4.246319811320756],[-76.0239,4.244699999999998]],[[-76.0339,4.2472],[-76.0342,4.249299999999998],[-76.034,4.2472],[-76.0339,4.2472]],[[-76.03715126213592,4.256251067961162],[-76.0378,4.256799999999999],[-76.03740461538462,4.256009230769226],[-76.03715126213592,4.256251067961162]],[[-76.0424,4.254500000000001],[-76.04348617021276,4.253413829787233],[-76.0434,4.2534],[-76.0424,4.254500000000001]],[[-76.0393,4.254200000000001],[-76.03888891752577,4.254592396907217],[-76.0424,4.254500000000001],[-76.0393,4.254200000000001]]]}},{"type":"Feature","properties":{"v":14.5,"clase":"DEFICIT_EXTREMO","periodo":"1–15 ago 2026","metodo":"IDW 6 estaciones CVC"},"geometry":{"type":"Polygon","coordinates":[[[-76.02143088898694,4.267949116558255],[-75.97637992786402,4.268007803781627],[-75.97632309248424,4.22278033582187],[-76.02137143226335,4.22272227267785],[-76.02143088898694,4.267949116558255]],[[-76.0029,4.2324],[-76.0032,4.233900000000001],[-76.0032792,4.233916799999998],[-76.0029,4.2324]],[[-76.0095,4.2362],[-76.0098,4.2378],[-76.0098776119403,4.237710447761191],[-76.0095,4.2362]]]}},{"type":"Feature","properties":{"v":14.7,"clase":"DEFICIT_EXTREMO","periodo":"1–15 ago 2026","metodo":"IDW 6 estaciones CVC"},"geometry":{"type":"Polygon","coordinates":[[[-75.97637992786402,4.268007803781627],[-75.9313283556607,4.2680638451710475],[-75.9312741418008,4.222835781267627],[-75.97632309248424,4.22278033582187],[-75.97637992786402,4.268007803781627]]]}},{"type":"Feature","properties":{"v":14.9,"clase":"DEFICIT_EXTREMO","periodo":"1–15 ago 2026","metodo":"IDW 6 estaciones CVC"},"geometry":{"type":"Polygon","coordinates":[[[-75.9313283556607,4.2680638451710475],[-75.88627620056276,4.268117240553455],[-75.88622460839073,4.222888608843912],[-75.9312741418008,4.222835781267627],[-75.9313283556607,4.2680638451710475]]]}},{"type":"Feature","properties":{"v":15.1,"clase":"DEFICIT_EXTREMO","periodo":"1–15 ago 2026","metodo":"IDW 6 estaciones CVC"},"geometry":{"type":"Polygon","coordinates":[[[-75.88627620056276,4.268117240553455],[-75.84122349075781,4.268167989763953],[-75.8411745204335,4.222938818387593],[-75.88622460839073,4.222888608843912],[-75.88627620056276,4.268117240553455]]]}},{"type":"Feature","properties":{"v":15.3,"clase":"DEFICIT_EXTREMO","periodo":"1–15 ago 2026","metodo":"IDW 6 estaciones CVC"},"geometry":{"type":"Polygon","coordinates":[[[-75.8411745204335,4.222938818387593],[-75.84122349075781,4.268167989763953],[-75.79704677370258,4.268215182042688],[-75.7981,4.2671],[-75.7988,4.2635],[-75.8072,4.2566999999999995],[-75.8102,4.2494],[-75.8106,4.2462],[-75.8141,4.2413],[-75.8151,4.240899999999999],[-75.8179,4.2346],[-75.8239,4.225999999999999],[-75.82447574751949,4.222956764377348],[-75.8411745204335,4.222938818387593]]]}},{"type":"Feature","properties":{"v":17.2,"clase":"DEFICIT_EXTREMO","periodo":"1–15 ago 2026","metodo":"IDW 6 estaciones CVC"},"geometry":{"type":"Polygon","coordinates":[[[-76.51703229769252,4.312347057372139],[-76.51695621449747,4.2738201480512465],[-76.5181,4.2746],[-76.5211,4.282299999999999],[-76.52620000000002,4.2878],[-76.5294,4.295300000000001],[-76.5295,4.302100000000001],[-76.5277,4.306399999999999],[-76.5254,4.309200000000001],[-76.5254,4.3111999999999995],[-76.52587717338137,4.312329324389807],[-76.51703229769252,4.312347057372139]]]}},{"type":"Feature","properties":{"v":16.7,"clase":"DEFICIT_EXTREMO","periodo":"1–15 ago 2026","metodo":"IDW 6 estaciones CVC"},"geometry":{"type":"Polygon","coordinates":[[[-76.51703229769252,4.312347057372139],[-76.47198727107582,4.312435768541973],[-76.47190069140568,4.267216767366802],[-76.50888014051526,4.267144896960466],[-76.509,4.2679],[-76.5152,4.270900000000001],[-76.5159,4.2730999999999995],[-76.51695621449747,4.2738201480512465],[-76.51703229769252,4.312347057372139]]]}},{"type":"Feature","properties":{"v":16.2,"clase":"DEFICIT_EXTREMO","periodo":"1–15 ago 2026","metodo":"IDW 6 estaciones CVC"},"geometry":{"type":"Polygon","coordinates":[[[-76.47198727107582,4.312435768541973],[-76.42694132321294,4.312521808207387],[-76.42685739083937,4.267301901615757],[-76.47190069140568,4.267216767366802],[-76.47198727107582,4.312435768541973]]]}},{"type":"Feature","properties":{"v":15.6,"clase":"DEFICIT_EXTREMO","periodo":"1–15 ago 2026","metodo":"IDW 6 estaciones CVC"},"geometry":{"type":"Polygon","coordinates":[[[-76.42694132321294,4.312521808207387],[-76.3818944822719,4.312605176102779],[-76.38181319745489,4.267384392210195],[-76.42685739083937,4.267301901615757],[-76.42694132321294,4.312521808207387]],[[-76.4083,4.2943],[-76.40829048843187,4.2945377892030825],[-76.4114,4.2924],[-76.4083,4.2943]],[[-76.40670666666666,4.299786666666666],[-76.407,4.2997],[-76.4082,4.296799999999999],[-76.40670666666666,4.299786666666666]]]}},{"type":"Feature","properties":{"v":15.2,"clase":"DEFICIT_EXTREMO","periodo":"1–15 ago 2026","metodo":"IDW 6 estaciones CVC"},"geometry":{"type":"Polygon","coordinates":[[[-76.3818944822719,4.312605176102779],[-76.33684677642349,4.312685871970784],[-76.33676813941484,4.267464238895476],[-76.38181319745489,4.267384392210195],[-76.3818944822719,4.312605176102779]],[[-76.37169146421537,4.304232632961263],[-76.37180000000001,4.304299999999999],[-76.37690000000002,4.3024],[-76.37169146421537,4.304232632961263]],[[-76.33975000000001,4.2968],[-76.34,4.297],[-76.3425,4.2968],[-76.33975000000001,4.2968]]]}},{"type":"Feature","properties":{"v":14.9,"clase":"DEFICIT_EXTREMO","periodo":"1–15 ago 2026","metodo":"IDW 6 estaciones CVC"},"geometry":{"type":"Polygon","coordinates":[[[-76.33684677642349,4.312685871970784],[-76.29179823384125,4.312763895562274],[-76.29172224488457,4.267541441425111],[-76.33676813941484,4.267464238895476],[-76.33684677642349,4.312685871970784]],[[-76.3274,4.296700000000001],[-76.3259,4.3027999999999995],[-76.3276206779661,4.296395254237296],[-76.3274,4.296700000000001]]]}},{"type":"Feature","properties":{"v":14.7,"clase":"DEFICIT_EXTREMO","periodo":"1–15 ago 2026","metodo":"IDW 6 estaciones CVC"},"geometry":{"type":"Polygon","coordinates":[[[-76.29179823384125,4.312763895562274],[-76.24674888270133,4.312839246636355],[-76.24667554203204,4.26761599956076],[-76.29172224488457,4.267541441425111],[-76.29179823384125,4.312763895562274]]]}},{"type":"Feature","properties":{"v":14.6,"clase":"DEFICIT_EXTREMO","periodo":"1–15 ago 2026","metodo":"IDW 6 estaciones CVC"},"geometry":{"type":"Polygon","coordinates":[[[-76.24674888270133,4.312839246636355],[-76.20169875118246,4.312911924960385],[-76.20162805902774,4.267687913072239],[-76.24667554203204,4.26761599956076],[-76.24674888270133,4.312839246636355]],[[-76.2026,4.2728],[-76.20293677419355,4.273154193548378],[-76.202698630137,4.272479452054795],[-76.2026,4.2728]],[[-76.2034,4.2702],[-76.20308,4.271239999999986],[-76.20374461538461,4.269910769230779],[-76.2034,4.2702]],[[-76.2389,4.275799999999999],[-76.23866976744185,4.275745639534882],[-76.2379,4.282],[-76.2389,4.275799999999999]]]}},{"type":"Feature","properties":{"v":14.5,"clase":"DEFICIT_EXTREMO","periodo":"1–15 ago 2026","metodo":"IDW 6 estaciones CVC"},"geometry":{"type":"Polygon","coordinates":[[[-76.20169875118246,4.312911924960385],[-76.15664786746576,4.3129819303099515],[-76.15657982404466,4.267757181737521],[-76.20162805902774,4.267687913072239],[-76.20169875118246,4.312911924960385]],[[-76.1757,4.302600000000001],[-76.174,4.303099999999999],[-76.17381312741314,4.303337837837834],[-76.17570428163654,4.3027862511893415],[-76.1757,4.302600000000001]]]}},{"type":"Feature","properties":{"v":14.6,"clase":"DEFICIT_EXTREMO","periodo":"1–15 ago 2026","metodo":"IDW 6 estaciones CVC"},"geometry":{"type":"Polygon","coordinates":[[[-76.15664786746576,4.3129819303099515],[-76.11159625973475,4.313049262468901],[-76.11153086525806,4.267823805342731],[-76.15657982404466,4.267757181737521],[-76.15664786746576,4.3129819303099515]]]}},{"type":"Feature","properties":{"v":14.6,"clase":"DEFICIT_EXTREMO","periodo":"1–15 ago 2026","metodo":"IDW 6 estaciones CVC"},"geometry":{"type":"Polygon","coordinates":[[[-76.11159625973475,4.313049262468901],[-76.06654395617522,4.313113921229313],[-76.06648121084557,4.26788778368216],[-76.11153086525806,4.267823805342731],[-76.11159625973475,4.313049262468901]]]}},{"type":"Feature","properties":{"v":14.7,"clase":"DEFICIT_EXTREMO","periodo":"1–15 ago 2026","metodo":"IDW 6 estaciones CVC"},"geometry":{"type":"Polygon","coordinates":[[[-76.06654395617522,4.313113921229313],[-76.02149098497513,4.313175906391523],[-76.02143088898694,4.267949116558255],[-76.06648121084557,4.26788778368216],[-76.06654395617522,4.313113921229313]]]}},{"type":"Feature","properties":{"v":14.8,"clase":"DEFICIT_EXTREMO","periodo":"1–15 ago 2026","metodo":"IDW 6 estaciones CVC"},"geometry":{"type":"Polygon","coordinates":[[[-76.02149098497513,4.313175906391523],[-75.97643737432453,4.313235217764116],[-75.97637992786402,4.268007803781627],[-76.02143088898694,4.267949116558255],[-76.02149098497513,4.313175906391523]]]}},{"type":"Feature","properties":{"v":15.0,"clase":"DEFICIT_EXTREMO","periodo":"1–15 ago 2026","metodo":"IDW 6 estaciones CVC"},"geometry":{"type":"Polygon","coordinates":[[[-75.97643737432453,4.313235217764116],[-75.93138315241552,4.313291855163921],[-75.9313283556607,4.2680638451710475],[-75.97637992786402,4.268007803781627],[-75.97643737432453,4.313235217764116]]]}},{"type":"Feature","properties":{"v":15.1,"clase":"DEFICIT_EXTREMO","periodo":"1–15 ago 2026","metodo":"IDW 6 estaciones CVC"},"geometry":{"type":"Polygon","coordinates":[[[-75.93138315241552,4.313291855163921],[-75.88632834744209,4.3133458184160265],[-75.88627620056276,4.268117240553455],[-75.9313283556607,4.2680638451710475],[-75.93138315241552,4.313291855163921]]]}},{"type":"Feature","properties":{"v":15.3,"clase":"DEFICIT_EXTREMO","periodo":"1–15 ago 2026","metodo":"IDW 6 estaciones CVC"},"geometry":{"type":"Polygon","coordinates":[[[-75.88632834744209,4.3133458184160265],[-75.84127298760004,4.3133971073537705],[-75.84122349075781,4.268167989763953],[-75.88627620056276,4.268117240553455],[-75.88632834744209,4.3133458184160265]]]}},{"type":"Feature","properties":{"v":15.5,"clase":"DEFICIT_EXTREMO","periodo":"1–15 ago 2026","metodo":"IDW 6 estaciones CVC"},"geometry":{"type":"Polygon","coordinates":[[[-75.84122349075781,4.268167989763953],[-75.84127298760004,4.3133971073537705],[-75.7971569081555,4.313444735102042],[-75.7972,4.313099999999999],[-75.79621547021354,4.311879187644005],[-75.79617687418323,4.274636652400417],[-75.7972,4.2739],[-75.79617452760002,4.272361792149168],[-75.79617283209012,4.270717344131035],[-75.7964,4.268900000000001],[-75.79704677370258,4.268215182042688],[-75.84122349075781,4.268167989763953]]]}},{"type":"Feature","properties":{"v":17.6,"clase":"DEFICIT_EXTREMO","periodo":"1–15 ago 2026","metodo":"IDW 6 estaciones CVC"},"geometry":{"type":"Polygon","coordinates":[[[-76.5171224738029,4.357565069415884],[-76.51703229769252,4.312347057372139],[-76.52587717338137,4.312329324389807],[-76.5284,4.3183],[-76.5276,4.321899999999999],[-76.5279,4.323499999999999],[-76.5355,4.3274],[-76.5368,4.3308],[-76.5424,4.334599999999999],[-76.5493,4.3370999999999995],[-76.5495,4.3398],[-76.5479,4.3489],[-76.54830000000001,4.3509],[-76.5525951642397,4.357492577774514],[-76.5171224738029,4.357565069415884]]]}},{"type":"Feature","properties":{"v":17.1,"clase":"DEFICIT_EXTREMO","periodo":"1–15 ago 2026","metodo":"IDW 6 estaciones CVC"},"geometry":{"type":"Polygon","coordinates":[[[-76.5171224738029,4.357565069415884],[-76.47207477199265,4.357654714220438],[-76.47198727107582,4.312435768541973],[-76.51703229769252,4.312347057372139],[-76.5171224738029,4.357565069415884]]]}},{"type":"Feature","properties":{"v":16.6,"clase":"DEFICIT_EXTREMO","periodo":"1–15 ago 2026","metodo":"IDW 6 estaciones CVC"},"geometry":{"type":"Polygon","coordinates":[[[-76.47207477199265,4.357654714220438],[-76.42702614866515,4.357741659404705],[-76.42694132321294,4.312521808207387],[-76.47198727107582,4.312435768541973],[-76.47207477199265,4.357654714220438]]]}},{"type":"Feature","properties":{"v":16.1,"clase":"DEFICIT_EXTREMO","periodo":"1–15 ago 2026","metodo":"IDW 6 estaciones CVC"},"geometry":{"type":"Polygon","coordinates":[[[-76.42702614866515,4.357741659404705],[-76.38197663199671,4.357825904700275],[-76.3818944822719,4.312605176102779],[-76.42694132321294,4.312521808207387],[-76.42702614866515,4.357741659404705]]]}},{"type":"Feature","properties":{"v":15.7,"clase":"DEFICIT_EXTREMO","periodo":"1–15 ago 2026","metodo":"IDW 6 estaciones CVC"},"geometry":{"type":"Polygon","coordinates":[[[-76.38197663199671,4.357825904700275],[-76.33692625016639,4.35790744984705],[-76.33684677642349,4.312685871970784],[-76.3818944822719,4.312605176102779],[-76.38197663199671,4.357825904700275]]]}},{"type":"Feature","properties":{"v":15.4,"clase":"DEFICIT_EXTREMO","periodo":"1–15 ago 2026","metodo":"IDW 6 estaciones CVC"},"geometry":{"type":"Polygon","coordinates":[[[-76.33692625016639,4.35790744984705],[-76.291875031356,4.357986294593265],[-76.29179823384125,4.312763895562274],[-76.33684677642349,4.312685871970784],[-76.33692625016639,4.35790744984705]]]}},{"type":"Feature","properties":{"v":15.2,"clase":"DEFICIT_EXTREMO","periodo":"1–15 ago 2026","metodo":"IDW 6 estaciones CVC"},"geometry":{"type":"Polygon","coordinates":[[[-76.291875031356,4.357986294593265],[-76.24682300375002,4.358062438695476],[-76.24674888270133,4.312839246636355],[-76.29179823384125,4.312763895562274],[-76.291875031356,4.357986294593265]]]}},{"type":"Feature","properties":{"v":15.1,"clase":"DEFICIT_EXTREMO","periodo":"1–15 ago 2026","metodo":"IDW 6 estaciones CVC"},"geometry":{"type":"Polygon","coordinates":[[[-76.24682300375002,4.358062438695476],[-76.20177019553539,4.358135881918571],[-76.20169875118246,4.312911924960385],[-76.24674888270133,4.312839246636355],[-76.24682300375002,4.358062438695476]]]}},{"type":"Feature","properties":{"v":15.0,"clase":"DEFICIT_EXTREMO","periodo":"1–15 ago 2026","metodo":"IDW 6 estaciones CVC"},"geometry":{"type":"Polygon","coordinates":[[[-76.15664786746576,4.3129819303099515],[-76.20169875118246,4.312911924960385],[-76.20177019553539,4.358135881918571],[-76.15671663490157,4.358206624035767],[-76.15670360828196,4.349676154102863],[-76.157,4.3497],[-76.15820975609756,4.349582926829267],[-76.1567033308925,4.3494943221849205],[-76.15664786746576,4.3129819303099515]],[[-76.16112869198312,4.3487738396624485],[-76.15870762711864,4.3495347457627105],[-76.1601,4.349399999999999],[-76.16112869198312,4.3487738396624485]],[[-76.16234210526316,4.347884210526308],[-76.16221532846716,4.348112408759127],[-76.1624,4.348],[-76.16234210526316,4.347884210526308]],[[-76.17326758732737,4.315277741673433],[-76.17246788321168,4.31618649635036],[-76.1733,4.3155],[-76.17326758732737,4.315277741673433]]]}},{"type":"Feature","properties":{"v":15.0,"clase":"DEFICIT_EXTREMO","periodo":"1–15 ago 2026","metodo":"IDW 6 estaciones CVC"},"geometry":{"type":"Polygon","coordinates":[[[-76.11166235004035,4.358274664828614],[-76.11159625973475,4.313049262468901],[-76.15664786746576,4.3129819303099515],[-76.1567033308925,4.3494943221849205],[-76.1483,4.349000000000002],[-76.15670360828196,4.349676154102863],[-76.15671663490157,4.358206624035767],[-76.15192745810104,4.358213984997441],[-76.1516,4.357600000000001],[-76.14996000000004,4.356311428571449],[-76.15162513931699,4.358214448636578],[-76.13799424383674,4.358235226688917],[-76.13790381231672,4.354075366568919],[-76.1376,4.354899999999999],[-76.13797058444088,4.358235262538712],[-76.11166235004035,4.358274664828614]],[[-76.1428,4.346700000000001],[-76.14267984496124,4.346868217054263],[-76.1483,4.349000000000002],[-76.1428,4.346700000000001]],[[-76.1468,4.355300000000001],[-76.14937499999999,4.355851785714283],[-76.1488,4.3553999999999995],[-76.1468,4.355300000000001]],[[-76.1383,4.353000000000001],[-76.13805862068966,4.3536551724137915],[-76.14026969696972,4.350242424242389],[-76.1383,4.353000000000001]],[[-76.1555,4.347899999999999],[-76.15579279811098,4.347838606847697],[-76.15407142857144,4.347328571428572],[-76.1555,4.347899999999999]],[[-76.1525,4.3467],[-76.15312745098039,4.346950980392155],[-76.15190546448089,4.345895628415308],[-76.1525,4.3467]],[[-76.1508,4.344399999999999],[-76.15097476635513,4.344636448598123],[-76.15071538461538,4.343469230769235],[-76.1508,4.344399999999999]],[[-76.15050000000001,4.341100000000001],[-76.15050769230768,4.341184615384624],[-76.1505962962963,4.341007407407398],[-76.15050000000001,4.341100000000001]]]}},{"type":"Feature","properties":{"v":15.0,"clase":"DEFICIT_EXTREMO","periodo":"1–15 ago 2026","metodo":"IDW 6 estaciones CVC"},"geometry":{"type":"Polygon","coordinates":[[[-76.11166235004035,4.358274664828614],[-76.0666073691458,4.358340004086992],[-76.06654395617522,4.313113921229313],[-76.11159625973475,4.313049262468901],[-76.11166235004035,4.358274664828614]]]}},{"type":"Feature","properties":{"v":15.1,"clase":"DEFICIT_EXTREMO","periodo":"1–15 ago 2026","metodo":"IDW 6 estaciones CVC"},"geometry":{"type":"Polygon","coordinates":[[[-76.0666073691458,4.358340004086992],[-76.02155172041415,4.358402641609123],[-76.02149098497513,4.313175906391523],[-76.06654395617522,4.313113921229313],[-76.0666073691458,4.358340004086992]]]}},{"type":"Feature","properties":{"v":15.2,"clase":"DEFICIT_EXTREMO","periodo":"1–15 ago 2026","metodo":"IDW 6 estaciones CVC"},"geometry":{"type":"Polygon","coordinates":[[[-76.02155172041415,4.358402641609123],[-75.9764954320438,4.358462577201557],[-75.97643737432453,4.313235217764116],[-76.02149098497513,4.313175906391523],[-76.02155172041415,4.358402641609123]]]}},{"type":"Feature","properties":{"v":15.3,"clase":"DEFICIT_EXTREMO","periodo":"1–15 ago 2026","metodo":"IDW 6 estaciones CVC"},"geometry":{"type":"Polygon","coordinates":[[[-75.9764954320438,4.358462577201557],[-75.93143853223509,4.358519810679189],[-75.93138315241552,4.313291855163921],[-75.97643737432453,4.313235217764116],[-75.9764954320438,4.358462577201557]]]}},{"type":"Feature","properties":{"v":15.4,"clase":"DEFICIT_EXTREMO","periodo":"1–15 ago 2026","metodo":"IDW 6 estaciones CVC"},"geometry":{"type":"Polygon","coordinates":[[[-75.93143853223509,4.358519810679189],[-75.8863810491903,4.358574341865253],[-75.88632834744209,4.3133458184160265],[-75.93138315241552,4.313291855163921],[-75.93143853223509,4.358519810679189]]]}},{"type":"Feature","properties":{"v":15.5,"clase":"DEFICIT_EXTREMO","periodo":"1–15 ago 2026","metodo":"IDW 6 estaciones CVC"},"geometry":{"type":"Polygon","coordinates":[[[-75.8863810491903,4.358574341865253],[-75.84132301111357,4.358626170591319],[-75.84127298760004,4.3133971073537705],[-75.88632834744209,4.3133458184160265],[-75.8863810491903,4.358574341865253]]]}},{"type":"Feature","properties":{"v":15.7,"clase":"DEFICIT_EXTREMO","periodo":"1–15 ago 2026","metodo":"IDW 6 estaciones CVC"},"geometry":{"type":"Polygon","coordinates":[[[-75.84127298760004,4.3133971073537705],[-75.84132301111357,4.358626170591319],[-75.79626444621077,4.358675296697304],[-75.79622753008505,4.323449739928076],[-75.7965,4.3228],[-75.79622589182459,4.321879786035125],[-75.79622071327556,4.316913363628325],[-75.7968,4.3163],[-75.7971569081555,4.313444735102042],[-75.84127298760004,4.3133971073537705]]]}},{"type":"Feature","properties":{"v":17.9,"clase":"DEFICIT_EXTREMO","periodo":"1–15 ago 2026","metodo":"IDW 6 estaciones CVC"},"geometry":{"type":"Polygon","coordinates":[[[-76.51721359960442,4.4027830252784455],[-76.5171224738029,4.357565069415884],[-76.5525951642397,4.357492577774514],[-76.5526,4.3575],[-76.5577,4.361599999999999],[-76.5615,4.368199999999999],[-76.562,4.3705],[-76.5592,4.3773],[-76.5597,4.3799],[-76.5578,4.3831],[-76.5582,4.3866000000000005],[-76.5548,4.3934],[-76.5553,4.399],[-76.5533,4.401399999999999],[-76.5497,4.402399999999999],[-76.5466,4.4009],[-76.5453,4.396999999999999],[-76.5395,4.3963],[-76.5369,4.3974],[-76.5355,4.400600000000001],[-76.5327,4.401],[-76.5288044696264,4.402759279154716],[-76.51721359960442,4.4027830252784455]]]}},{"type":"Feature","properties":{"v":17.4,"clase":"DEFICIT_EXTREMO","periodo":"1–15 ago 2026","metodo":"IDW 6 estaciones CVC"},"geometry":{"type":"Polygon","coordinates":[[[-76.51721359960442,4.4027830252784455],[-76.47216319442721,4.402873603824411],[-76.47207477199265,4.357654714220438],[-76.5171224738029,4.357565069415884],[-76.51721359960442,4.4027830252784455]]]}},{"type":"Feature","properties":{"v":16.9,"clase":"DEFICIT_EXTREMO","periodo":"1–15 ago 2026","metodo":"IDW 6 estaciones CVC"},"geometry":{"type":"Polygon","coordinates":[[[-76.47216319442721,4.402873603824411],[-76.4271118674588,4.402961454631019],[-76.42702614866515,4.357741659404705],[-76.47207477199265,4.357654714220438],[-76.47216319442721,4.402873603824411]]]}},{"type":"Feature","properties":{"v":16.5,"clase":"DEFICIT_EXTREMO","periodo":"1–15 ago 2026","metodo":"IDW 6 estaciones CVC"},"geometry":{"type":"Polygon","coordinates":[[[-76.4271118674588,4.402961454631019],[-76.38205964688383,4.403046577427043],[-76.38197663199671,4.357825904700275],[-76.42702614866515,4.357741659404705],[-76.4271118674588,4.402961454631019]]]}},{"type":"Feature","properties":{"v":16.1,"clase":"DEFICIT_EXTREMO","periodo":"1–15 ago 2026","metodo":"IDW 6 estaciones CVC"},"geometry":{"type":"Polygon","coordinates":[[[-76.38205964688383,4.403046577427043],[-76.33700656088978,4.40312897194966],[-76.33692625016639,4.35790744984705],[-76.38197663199671,4.357825904700275],[-76.38205964688383,4.403046577427043]]]}},{"type":"Feature","properties":{"v":15.9,"clase":"DEFICIT_EXTREMO","periodo":"1–15 ago 2026","metodo":"IDW 6 estaciones CVC"},"geometry":{"type":"Polygon","coordinates":[[[-76.33700656088978,4.40312897194966],[-76.29195263766681,4.40320863794446],[-76.291875031356,4.357986294593265],[-76.33692625016639,4.35790744984705],[-76.33700656088978,4.40312897194966]]]}},{"type":"Feature","properties":{"v":15.7,"clase":"DEFICIT_EXTREMO","periodo":"1–15 ago 2026","metodo":"IDW 6 estaciones CVC"},"geometry":{"type":"Polygon","coordinates":[[[-76.29195263766681,4.40320863794446],[-76.24689790540775,4.403285575165452],[-76.24682300375002,4.358062438695476],[-76.291875031356,4.357986294593265],[-76.29195263766681,4.40320863794446]]]}},{"type":"Feature","properties":{"v":15.5,"clase":"DEFICIT_EXTREMO","periodo":"1–15 ago 2026","metodo":"IDW 6 estaciones CVC"},"geometry":{"type":"Polygon","coordinates":[[[-76.24689790540775,4.403285575165452],[-76.20184239230794,4.403359783375054],[-76.20177019553539,4.358135881918571],[-76.24682300375002,4.358062438695476],[-76.24689790540775,4.403285575165452]]]}},{"type":"Feature","properties":{"v":15.4,"clase":"DEFICIT_EXTREMO","periodo":"1–15 ago 2026","metodo":"IDW 6 estaciones CVC"},"geometry":{"type":"Polygon","coordinates":[[[-76.20184239230794,4.403359783375054],[-76.15678612656517,4.403431262344107],[-76.15671663490157,4.358206624035767],[-76.20177019553539,4.358135881918571],[-76.20184239230794,4.403359783375054]]]}},{"type":"Feature","properties":{"v":15.4,"clase":"DEFICIT_EXTREMO","periodo":"1–15 ago 2026","metodo":"IDW 6 estaciones CVC"},"geometry":{"type":"MultiPolygon","coordinates":[[[[-76.15671663490157,4.358206624035767],[-76.15678612656517,4.403431262344107],[-76.12708727077563,4.40347688463565],[-76.1275,4.403299999999999],[-76.12755472713297,4.403074250576483],[-76.12676601433118,4.403477371652016],[-76.11208802370524,4.403499475037706],[-76.11172867538674,4.403189451460185],[-76.11166235004035,4.358274664828614],[-76.13797058444088,4.358235262538712],[-76.138,4.3585],[-76.13799424383674,4.358235226688917],[-76.15162513931699,4.358214448636578],[-76.15240000000001,4.3591],[-76.15192745810104,4.358213984997441],[-76.15671663490157,4.358206624035767]],[[-76.1475,4.3744000000000005],[-76.1485,4.372499999999999],[-76.14850858725761,4.372199445983384],[-76.1475,4.3744000000000005]],[[-76.14319954751132,4.374957466063348],[-76.1451,4.375099999999998],[-76.1475,4.3744000000000005],[-76.14319954751132,4.374957466063348]],[[-76.14920000000001,4.363600000000001],[-76.14915189873417,4.364273417721544],[-76.14961501706485,4.363016382252547],[-76.14920000000001,4.363600000000001]],[[-76.14,4.360599999999999],[-76.1416,4.3609],[-76.13982456140351,4.360415789473685],[-76.14,4.360599999999999]],[[-76.1325,4.3774],[-76.13022000000001,4.374360000000006],[-76.1302,4.3748],[-76.1325,4.3774]],[[-76.1329497005988,4.371451796407187],[-76.13359791666667,4.371428645833332],[-76.1333,4.3713],[-76.1329497005988,4.371451796407187]],[[-76.1393573991031,4.373915695067247],[-76.1411,4.3748],[-76.1414694267516,4.374827707006369],[-76.1393573991031,4.373915695067247]]],[[[-76.11172913637964,4.4035000118518655],[-76.11172893367112,4.403363454473447],[-76.11187925065776,4.4034997873359805],[-76.11172913637964,4.4035000118518655]]]]}},{"type":"Feature","properties":{"v":15.4,"clase":"DEFICIT_EXTREMO","periodo":"1–15 ago 2026","metodo":"IDW 6 estaciones CVC"},"geometry":{"type":"Polygon","coordinates":[[[-76.11172913637964,4.4035000118518655],[-76.06667144995377,4.403566031686015],[-76.0666073691458,4.358340004086992],[-76.11166235004035,4.358274664828614],[-76.11172867538674,4.403189451460185],[-76.1078,4.399799999999999],[-76.11172893367112,4.403363454473447],[-76.11172913637964,4.4035000118518655]]]}},{"type":"Feature","properties":{"v":15.4,"clase":"DEFICIT_EXTREMO","periodo":"1–15 ago 2026","metodo":"IDW 6 estaciones CVC"},"geometry":{"type":"Polygon","coordinates":[[[-76.06667144995377,4.403566031686015],[-76.02161309549223,4.4036293216426525],[-76.02155172041415,4.358402641609123],[-76.0666073691458,4.358340004086992],[-76.06667144995377,4.403566031686015]]]}},{"type":"Feature","properties":{"v":15.4,"clase":"DEFICIT_EXTREMO","periodo":"1–15 ago 2026","metodo":"IDW 6 estaciones CVC"},"geometry":{"type":"Polygon","coordinates":[[[-76.02161309549223,4.4036293216426525],[-75.97655410120173,4.403689881526304],[-75.9764954320438,4.358462577201557],[-76.02155172041415,4.358402641609123],[-76.02161309549223,4.4036293216426525]]]}},{"type":"Feature","properties":{"v":15.5,"clase":"DEFICIT_EXTREMO","periodo":"1–15 ago 2026","metodo":"IDW 6 estaciones CVC"},"geometry":{"type":"Polygon","coordinates":[[[-75.93149449529102,4.403747711149925],[-75.93143853223509,4.358519810679189],[-75.9764954320438,4.358462577201557],[-75.97655410120173,4.403689881526304],[-75.94822070218,4.403726563426123],[-75.94842809917358,4.4035801652892514],[-75.94800904767648,4.403726833381673],[-75.93149449529102,4.403747711149925]],[[-75.9403,4.386899999999999],[-75.9425,4.380000000000001],[-75.9402,4.3869],[-75.9382,4.3883],[-75.9403,4.386899999999999]],[[-75.9518,4.4012],[-75.9503,4.4019],[-75.95008819444443,4.402408333333343],[-75.9518,4.4012]]]}},{"type":"Feature","properties":{"v":15.6,"clase":"DEFICIT_EXTREMO","periodo":"1–15 ago 2026","metodo":"IDW 6 estaciones CVC"},"geometry":{"type":"Polygon","coordinates":[[[-75.93149449529102,4.403747711149925],[-75.88643430597077,4.403802810334889],[-75.8863810491903,4.358574341865253],[-75.93143853223509,4.358519810679189],[-75.93149449529102,4.403747711149925]],[[-75.9312,4.4025],[-75.9281,4.4013],[-75.92807272727272,4.401327272727275],[-75.9312,4.4025]]]}},{"type":"Feature","properties":{"v":15.7,"clase":"DEFICIT_EXTREMO","periodo":"1–15 ago 2026","metodo":"IDW 6 estaciones CVC"},"geometry":{"type":"Polygon","coordinates":[[[-75.84132301111357,4.358626170591319],[-75.8863810491903,4.358574341865253],[-75.88643430597077,4.403802810334889],[-75.84301483589145,4.403853319389591],[-75.84137176501164,4.402255886440613],[-75.84132301111357,4.358626170591319]],[[-75.8669,4.400299999999998],[-75.8678,4.3989],[-75.8677549222798,4.39887512953368],[-75.8669,4.400299999999998]]]}},{"type":"Feature","properties":{"v":15.8,"clase":"DEFICIT_EXTREMO","periodo":"1–15 ago 2026","metodo":"IDW 6 estaciones CVC"},"geometry":{"type":"Polygon","coordinates":[[[-75.79626444621077,4.358675296697304],[-75.84132301111357,4.358626170591319],[-75.84137176501164,4.402255886440613],[-75.8408,4.4017],[-75.83570000000002,4.400400000000001],[-75.8349,4.4004],[-75.8325899544797,4.403865068922628],[-75.82193313082023,4.403876928763612],[-75.8195,4.4019],[-75.81476698658705,4.403884817968217],[-75.81162568530695,4.403888254447549],[-75.81100000000002,4.4032],[-75.8112,4.4016],[-75.81,4.398500000000001],[-75.8077,4.398299999999999],[-75.8062,4.396800000000001],[-75.8031,4.3961],[-75.8011,4.390599999999999],[-75.8016,4.3875],[-75.805,4.3844],[-75.8027,4.373],[-75.8038,4.368899999999998],[-75.7986,4.364899999999999],[-75.7982,4.363399999999999],[-75.7962672985602,4.361385068679683],[-75.79626444621077,4.358675296697304]]]}},{"type":"Feature","properties":{"v":17.5,"clase":"DEFICIT_EXTREMO","periodo":"1–15 ago 2026","metodo":"IDW 6 estaciones CVC"},"geometry":{"type":"Polygon","coordinates":[[[-76.47216319442721,4.402873603824411],[-76.51721359960442,4.4027830252784455],[-76.51721444433684,4.403200000329462],[-76.5155,4.4032],[-76.5115,4.4053],[-76.5063,4.410299999999999],[-76.5031,4.411200000000001],[-76.502,4.413199999999999],[-76.4986,4.412699999999999],[-76.4959,4.4142],[-76.4918,4.413199999999999],[-76.4821,4.4141],[-76.4722051983532,4.424190741598018],[-76.47216319442721,4.402873603824411]]]}},{"type":"Feature","properties":{"v":17.2,"clase":"DEFICIT_EXTREMO","periodo":"1–15 ago 2026","metodo":"IDW 6 estaciones CVC"},"geometry":{"type":"Polygon","coordinates":[[[-76.4271118674588,4.402961454631019],[-76.47216319442721,4.402873603824411],[-76.4722051983532,4.424190741598018],[-76.472,4.4243999999999994],[-76.4608,4.430499999999999],[-76.458,4.4309],[-76.4566,4.432800000000002],[-76.4521,4.433900000000001],[-76.4498,4.4366],[-76.4488,4.4403],[-76.4444,4.441600000000002],[-76.4349,4.4418],[-76.43115087385142,4.44817351744325],[-76.42980293527356,4.4481761376330216],[-76.42719653158241,4.44716911700198],[-76.4271118674588,4.402961454631019]]]}},{"type":"Feature","properties":{"v":16.8,"clase":"DEFICIT_EXTREMO","periodo":"1–15 ago 2026","metodo":"IDW 6 estaciones CVC"},"geometry":{"type":"Polygon","coordinates":[[[-76.38214352719051,4.448267193707583],[-76.38205964688383,4.403046577427043],[-76.4271118674588,4.402961454631019],[-76.42719653158241,4.44716911700198],[-76.4265,4.4469],[-76.41850000000001,4.4477],[-76.41820084719873,4.448198588282097],[-76.38214352719051,4.448267193707583]]]}},{"type":"Feature","properties":{"v":16.5,"clase":"DEFICIT_EXTREMO","periodo":"1–15 ago 2026","metodo":"IDW 6 estaciones CVC"},"geometry":{"type":"Polygon","coordinates":[[[-76.38214352719051,4.448267193707583],[-76.33708770884253,4.448350437704135],[-76.33700656088978,4.40312897194966],[-76.38205964688383,4.403046577427043],[-76.38214352719051,4.448267193707583]]]}},{"type":"Feature","properties":{"v":16.3,"clase":"DEFICIT_EXTREMO","periodo":"1–15 ago 2026","metodo":"IDW 6 estaciones CVC"},"geometry":{"type":"Polygon","coordinates":[[[-76.33708770884253,4.448350437704135],[-76.29203105301416,4.448430925042372],[-76.29195263766681,4.40320863794446],[-76.33700656088978,4.40312897194966],[-76.33708770884253,4.448350437704135]]]}},{"type":"Feature","properties":{"v":16.0,"clase":"DEFICIT_EXTREMO","periodo":"1–15 ago 2026","metodo":"IDW 6 estaciones CVC"},"geometry":{"type":"Polygon","coordinates":[[[-76.29203105301416,4.448430925042372],[-76.24697358790664,4.448508655473749],[-76.24689790540775,4.403285575165452],[-76.29195263766681,4.40320863794446],[-76.29203105301416,4.448430925042372]]]}},{"type":"Feature","properties":{"v":15.9,"clase":"DEFICIT_EXTREMO","periodo":"1–15 ago 2026","metodo":"IDW 6 estaciones CVC"},"geometry":{"type":"Polygon","coordinates":[[[-76.24697358790664,4.448508655473749],[-76.2019153417238,4.448583628758221],[-76.20184239230794,4.403359783375054],[-76.24689790540775,4.403285575165452],[-76.24697358790664,4.448508655473749]]]}},{"type":"Feature","properties":{"v":15.8,"clase":"DEFICIT_EXTREMO","periodo":"1–15 ago 2026","metodo":"IDW 6 estaciones CVC"},"geometry":{"type":"Polygon","coordinates":[[[-76.2019153417238,4.448583628758221],[-76.15685634267192,4.448655844664247],[-76.15678612656517,4.403431262344107],[-76.20184239230794,4.403359783375054],[-76.2019153417238,4.448583628758221]]]}},{"type":"Feature","properties":{"v":15.7,"clase":"DEFICIT_EXTREMO","periodo":"1–15 ago 2026","metodo":"IDW 6 estaciones CVC"},"geometry":{"type":"Polygon","coordinates":[[[-76.15678612656517,4.403431262344107],[-76.15685634267192,4.448655844664247],[-76.11179661895962,4.448725302968791],[-76.11172913637964,4.4035000118518655],[-76.11187925065776,4.4034997873359805],[-76.1121,4.403699999999999],[-76.1125236445783,4.403875301204817],[-76.11208802370524,4.403499475037706],[-76.12676601433118,4.403477371652016],[-76.12510384615383,4.404326923076925],[-76.12708727077563,4.40347688463565],[-76.15678612656517,4.403431262344107]],[[-76.1136331670823,4.404334413965088],[-76.115,4.4049],[-76.11767985074626,4.405076305970147],[-76.1136331670823,4.404334413965088]],[[-76.12108,4.4053],[-76.1226,4.405399999999998],[-76.12283333333333,4.4052999999999995],[-76.12108,4.4053]]]}},{"type":"Feature","properties":{"v":15.7,"clase":"DEFICIT_EXTREMO","periodo":"1–15 ago 2026","metodo":"IDW 6 estaciones CVC"},"geometry":{"type":"Polygon","coordinates":[[[-76.06667144995377,4.403566031686015],[-76.11172913637964,4.4035000118518655],[-76.11179661895962,4.448725302968791],[-76.0667361987978,4.448792003457332],[-76.06673216894588,4.445990779891438],[-76.0702,4.4374],[-76.06673153059428,4.4455468864738705],[-76.06667144995377,4.403566031686015]],[[-76.07336485225505,4.433807465007777],[-76.07447377892031,4.433319537275064],[-76.07390000000001,4.433200000000001],[-76.07336485225505,4.433807465007777]],[[-76.07574551724137,4.433584482758619],[-76.07649085457271,4.434383058470769],[-76.0763,4.433700000000002],[-76.07574551724137,4.433584482758619]]]}},{"type":"Feature","properties":{"v":15.7,"clase":"DEFICIT_EXTREMO","periodo":"1–15 ago 2026","metodo":"IDW 6 estaciones CVC"},"geometry":{"type":"Polygon","coordinates":[[[-76.0667361987978,4.448792003457332],[-76.0216751103996,4.448855945923852],[-76.02161309549223,4.4036293216426525],[-76.06667144995377,4.403566031686015],[-76.06673153059428,4.4455468864738705],[-76.0659,4.4475],[-76.06595677570094,4.44791162383177],[-76.06673216894588,4.445990779891438],[-76.0667361987978,4.448792003457332]]]}},{"type":"Feature","properties":{"v":15.7,"clase":"DEFICIT_EXTREMO","periodo":"1–15 ago 2026","metodo":"IDW 6 estaciones CVC"},"geometry":{"type":"Polygon","coordinates":[[[-76.0216751103996,4.448855945923852],[-75.97661338198019,4.448917130170851],[-75.97655410120173,4.403689881526304],[-76.02161309549223,4.4036293216426525],[-76.0216751103996,4.448855945923852]]]}},{"type":"Feature","properties":{"v":15.8,"clase":"DEFICIT_EXTREMO","periodo":"1–15 ago 2026","metodo":"IDW 6 estaciones CVC"},"geometry":{"type":"Polygon","coordinates":[[[-75.97655410120173,4.403689881526304],[-75.97661338198019,4.448917130170851],[-75.9315510417568,4.448975556009334],[-75.93149449529102,4.403747711149925],[-75.94800904767648,4.403726833381673],[-75.9478,4.4038],[-75.94717319587629,4.404465979381452],[-75.94822070218,4.403726563426123],[-75.97655410120173,4.403689881526304]],[[-75.9671,4.4189],[-75.9636803030303,4.420101515151515],[-75.9639,4.420200000000001],[-75.9671,4.4189]],[[-75.95859669509595,4.408822601279312],[-75.957,4.416900000000001],[-75.95714948453607,4.417468041237119],[-75.9587,4.4102],[-75.95859669509595,4.408822601279312]],[[-75.94653006993008,4.405149300699295],[-75.9462,4.405499999999999],[-75.9460659090909,4.406103409090919],[-75.94653006993008,4.405149300699295]],[[-75.94498146551726,4.408332543103446],[-75.94458181818182,4.40841818181818],[-75.9449,4.408499999999998],[-75.94498146551726,4.408332543103446]]]}},{"type":"Feature","properties":{"v":15.9,"clase":"DEFICIT_EXTREMO","periodo":"1–15 ago 2026","metodo":"IDW 6 estaciones CVC"},"geometry":{"type":"Polygon","coordinates":[[[-75.88643430597077,4.403802810334889],[-75.93149449529102,4.403747711149925],[-75.9315510417568,4.448975556009334],[-75.88648811794856,4.449031223258829],[-75.8864864209701,4.447612024052934],[-75.8881,4.446699999999999],[-75.8878,4.4454],[-75.88648316916333,4.444891228274177],[-75.88647841667748,4.440911781483202],[-75.888,4.4392],[-75.889,4.4331],[-75.88760000000002,4.4300999999999995],[-75.8892,4.4271],[-75.8921,4.426500000000001],[-75.8923,4.4289000000000005],[-75.8931,4.4292],[-75.8944,4.428699999999998],[-75.8956,4.426099999999999],[-75.8956,4.423700000000001],[-75.8912,4.4206],[-75.895,4.419699999999999],[-75.894,4.4151],[-75.893,4.414900000000001],[-75.89,4.416999999999999],[-75.8891,4.4144],[-75.887,4.4139],[-75.88644495445811,4.4127899123975185],[-75.88643430597077,4.403802810334889]],[[-75.89722178217822,4.407057029702971],[-75.897,4.406999999999999],[-75.8949,4.407799999999999],[-75.89722178217822,4.407057029702971]],[[-75.8889,4.410299999999999],[-75.8868,4.408800000000001],[-75.88664693877551,4.408830612244897],[-75.8889,4.410299999999999]],[[-75.90710000000001,4.413],[-75.90618196721312,4.413826229508192],[-75.9063,4.413899999999999],[-75.90710000000001,4.413]]]}},{"type":"Feature","properties":{"v":15.9,"clase":"DEFICIT_EXTREMO","periodo":"1–15 ago 2026","metodo":"IDW 6 estaciones CVC"},"geometry":{"type":"MultiPolygon","coordinates":[[[[-75.88643430597077,4.403802810334889],[-75.88644495445811,4.4127899123975185],[-75.8856,4.4111],[-75.8846,4.410899999999998],[-75.8802,4.413399999999999],[-75.87787659574468,4.409721276595748],[-75.8778,4.4099],[-75.8731,4.411199999999998],[-75.8706,4.4111],[-75.8682,4.4094999999999995],[-75.8675,4.410599999999999],[-75.8659,4.4118],[-75.864,4.4114],[-75.8574,4.415299999999999],[-75.8549,4.4136999999999995],[-75.85390000000001,4.4115],[-75.85520000000001,4.4094999999999995],[-75.8549,4.407999999999999],[-75.85000000000001,4.4084],[-75.8494,4.405499999999999],[-75.8482,4.404299999999999],[-75.8444,4.4052],[-75.84301483589145,4.403853319389591],[-75.88643430597077,4.403802810334889]],[[-75.8843,4.409299999999998],[-75.8821,4.4086],[-75.88184311926605,4.408638532110091],[-75.8843,4.409299999999998]],[[-75.8811361445783,4.408744578313254],[-75.8781,4.4092],[-75.87794444444444,4.409562962962962],[-75.8811361445783,4.408744578313254]],[[-75.86621739130436,4.410172463768118],[-75.8665,4.4081],[-75.866,4.4101],[-75.86621739130436,4.410172463768118]],[[-75.86560119047618,4.4064821428571435],[-75.8689,4.405899999999998],[-75.8655,4.4063],[-75.86560119047618,4.4064821428571435]],[[-75.8699,4.404899999999999],[-75.8698001996008,4.404836127744511],[-75.8689,4.405899999999998],[-75.8699,4.404899999999999]]],[[[-75.88648811794856,4.449031223258829],[-75.87773885948882,4.449041711529359],[-75.8783,4.448199999999999],[-75.881,4.448599999999999],[-75.8832,4.446099999999999],[-75.8858,4.448],[-75.8864864209701,4.447612024052934],[-75.88648811794856,4.449031223258829]]],[[[-75.88648316916333,4.444891228274177],[-75.8834,4.4437],[-75.8839,4.441],[-75.8864,4.441],[-75.88647841667748,4.440911781483202],[-75.88648316916333,4.444891228274177]]]]}},{"type":"Feature","properties":{"v":17.0,"clase":"DEFICIT_EXTREMO","periodo":"1–15 ago 2026","metodo":"IDW 6 estaciones CVC"},"geometry":{"type":"Polygon","coordinates":[[[-76.38214352719051,4.448267193707583],[-76.41820084719873,4.448198588282097],[-76.4179,4.4487],[-76.4187,4.451899999999998],[-76.4165,4.4553],[-76.4143,4.456900000000001],[-76.4107,4.4569],[-76.4086,4.459900000000001],[-76.4105,4.463199999999999],[-76.4102,4.465699999999998],[-76.4054,4.4689],[-76.4037,4.4728],[-76.4023,4.473999999999999],[-76.39580000000001,4.4735],[-76.3914,4.4757],[-76.3863,4.4812],[-76.3864,4.489600000000001],[-76.3827,4.492899999999999],[-76.3822270290997,4.492827237390116],[-76.38214352719051,4.448267193707583]]]}},{"type":"Feature","properties":{"v":16.8,"clase":"DEFICIT_EXTREMO","periodo":"1–15 ago 2026","metodo":"IDW 6 estaciones CVC"},"geometry":{"type":"Polygon","coordinates":[[[-76.3371696942761,4.493571846536124],[-76.33708770884253,4.448350437704135],[-76.38214352719051,4.448267193707583],[-76.3822270290997,4.492827237390116],[-76.3762,4.491899999999999],[-76.3692,4.489299999999999],[-76.3656,4.491299999999999],[-76.36450909090908,4.492775935828884],[-76.3649,4.492499999999999],[-76.368,4.4934],[-76.3681381707859,4.493514348969193],[-76.3634044385405,4.493523223059907],[-76.35680000000002,4.492499999999999],[-76.36226850144328,4.493525347969158],[-76.3371696942761,4.493571846536124]],[[-76.34278888888888,4.4838936507936475],[-76.3483,4.4897],[-76.3428,4.4839],[-76.34278888888888,4.4838936507936475]],[[-76.34052105263157,4.482710526315791],[-76.3421,4.483500000000005],[-76.3407,4.4827],[-76.34052105263157,4.482710526315791]]]}},{"type":"Feature","properties":{"v":16.6,"clase":"DEFICIT_EXTREMO","periodo":"1–15 ago 2026","metodo":"IDW 6 estaciones CVC"},"geometry":{"type":"Polygon","coordinates":[[[-76.3371696942761,4.493571846536124],[-76.29211027764103,4.49365315531364],[-76.29203105301416,4.448430925042372],[-76.33708770884253,4.448350437704135],[-76.3371696942761,4.493571846536124]]]}},{"type":"Feature","properties":{"v":16.4,"clase":"DEFICIT_EXTREMO","periodo":"1–15 ago 2026","metodo":"IDW 6 estaciones CVC"},"geometry":{"type":"Polygon","coordinates":[[[-76.29211027764103,4.49365315531364],[-76.24705005148124,4.493731679047968],[-76.24697358790664,4.448508655473749],[-76.29203105301416,4.448430925042372],[-76.29211027764103,4.49365315531364]],[[-76.268,4.486299999999999],[-76.27374,4.490809999999999],[-76.2733,4.4901],[-76.268,4.486299999999999]],[[-76.26663087248323,4.481470469798658],[-76.268,4.480899999999998],[-76.27352912621349,4.476773786407838],[-76.26663087248323,4.481470469798658]],[[-76.2754,4.4755],[-76.27488116883119,4.4758532467532435],[-76.2778,4.4751],[-76.2754,4.4755]],[[-76.2623,4.479199999999999],[-76.2656,4.4818999999999996],[-76.26585461689588,4.481793909626719],[-76.2623,4.479199999999999]]]}},{"type":"Feature","properties":{"v":16.2,"clase":"DEFICIT_EXTREMO","periodo":"1–15 ago 2026","metodo":"IDW 6 estaciones CVC"},"geometry":{"type":"Polygon","coordinates":[[[-76.24705005148124,4.493731679047968],[-76.20198904400911,4.493807417496592],[-76.2019153417238,4.448583628758221],[-76.24697358790664,4.448508655473749],[-76.24705005148124,4.493731679047968]],[[-76.21531221719457,4.485260331825044],[-76.2152,4.484400000000001],[-76.212,4.4802],[-76.21531221719457,4.485260331825044]],[[-76.2139,4.4903],[-76.2155,4.4867],[-76.21542967863894,4.4861608695652],[-76.2139,4.4903]]]}},{"type":"Feature","properties":{"v":16.1,"clase":"DEFICIT_EXTREMO","periodo":"1–15 ago 2026","metodo":"IDW 6 estaciones CVC"},"geometry":{"type":"Polygon","coordinates":[[[-76.20198904400911,4.493807417496592],[-76.15692728343944,4.493880370425595],[-76.15685634267192,4.448655844664247],[-76.2019153417238,4.448583628758221],[-76.20198904400911,4.493807417496592]]]}},{"type":"Feature","properties":{"v":16.0,"clase":"DEFICIT_EXTREMO","periodo":"1–15 ago 2026","metodo":"IDW 6 estaciones CVC"},"geometry":{"type":"Polygon","coordinates":[[[-76.15692728343944,4.493880370425595],[-76.11186479798945,4.49395053760965],[-76.11179661895962,4.448725302968791],[-76.15685634267192,4.448655844664247],[-76.15692728343944,4.493880370425595]]]}},{"type":"Feature","properties":{"v":16.0,"clase":"DEFICIT_EXTREMO","periodo":"1–15 ago 2026","metodo":"IDW 6 estaciones CVC"},"geometry":{"type":"Polygon","coordinates":[[[-76.0667361987978,4.448792003457332],[-76.11179661895962,4.448725302968791],[-76.11186479798945,4.49395053760965],[-76.06680161587859,4.494017918832028],[-76.06679711187157,4.4909188348526845],[-76.06957757009346,4.486549532710273],[-76.0689,4.487199999999999],[-76.06679683159012,4.490725909447935],[-76.06673956797601,4.451132613943224],[-76.0670090909091,4.451581818181825],[-76.06673915985095,4.4508491505091605],[-76.0667361987978,4.448792003457332]],[[-76.08490000000002,4.473200000000001],[-76.0874,4.474799999999999],[-76.0874875,4.474637500000003],[-76.08490000000002,4.473200000000001]],[[-76.08762065217391,4.474390217391314],[-76.0881,4.4735],[-76.0878,4.4716999999999985],[-76.08762065217391,4.474390217391314]],[[-76.0869,4.470900000000001],[-76.08612676056339,4.471243661971831],[-76.0878,4.4716999999999985],[-76.0869,4.470900000000001]],[[-76.08110330992979,4.473254663991975],[-76.0799,4.4731171428571415],[-76.0808,4.4734],[-76.08110330992979,4.473254663991975]],[[-76.07774034707158,4.472438394793929],[-76.0762,4.4697000000000005],[-76.0773,4.472299999999999],[-76.07774034707158,4.472438394793929]],[[-76.07885265588915,4.462781755196309],[-76.0788,4.4624],[-76.07812510699002,4.462139800285303],[-76.07885265588915,4.462781755196309]],[[-76.0735361829026,4.460370576540758],[-76.07080011299435,4.459315706214688],[-76.0709,4.459599999999998],[-76.0735361829026,4.460370576540758]],[[-76.0696,4.455900000000001],[-76.06960000000001,4.455900000000046],[-76.0693,4.454799999999998],[-76.06772499999998,4.452774999999983],[-76.0696,4.455900000000001]]]}},{"type":"Feature","properties":{"v":16.0,"clase":"DEFICIT_EXTREMO","periodo":"1–15 ago 2026","metodo":"IDW 6 estaciones CVC"},"geometry":{"type":"Polygon","coordinates":[[[-76.06680161587859,4.494017918832028],[-76.02173776532851,4.494082513884595],[-76.0216751103996,4.448855945923852],[-76.0667361987978,4.448792003457332],[-76.06673915985095,4.4508491505091605],[-76.06613622047244,4.449212598425206],[-76.0663,4.4504],[-76.06673956797601,4.451132613943224],[-76.06679683159012,4.490725909447935],[-76.06551743589743,4.492870769230775],[-76.0656,4.4928],[-76.06679711187157,4.4909188348526845],[-76.06680161587859,4.494017918832028]],[[-76.0407,4.467],[-76.03809790076336,4.465458015267177],[-76.0381,4.465499999999999],[-76.0407,4.467]],[[-76.05700000000002,4.4596],[-76.05643103448276,4.462634482758624],[-76.0565,4.462599999999998],[-76.05700000000002,4.4596]],[[-76.05557826086957,4.463060869565214],[-76.0501,4.464799999999999],[-76.0543,4.4637],[-76.05557826086957,4.463060869565214]]]}},{"type":"Feature","properties":{"v":16.0,"clase":"DEFICIT_EXTREMO","periodo":"1–15 ago 2026","metodo":"IDW 6 estaciones CVC"},"geometry":{"type":"Polygon","coordinates":[[[-76.02173776532851,4.494082513884595],[-75.97667327456296,4.494144322567817],[-75.97661338198019,4.448917130170851],[-76.0216751103996,4.448855945923852],[-76.02173776532851,4.494082513884595]]]}},{"type":"Feature","properties":{"v":16.0,"clase":"DEFICIT_EXTREMO","periodo":"1–15 ago 2026","metodo":"IDW 6 estaciones CVC"},"geometry":{"type":"Polygon","coordinates":[[[-75.97667327456296,4.494144322567817],[-75.93160817180772,4.494203344690764],[-75.9315510417568,4.448975556009334],[-75.97661338198019,4.448917130170851],[-75.97667327456296,4.494144322567817]]]}},{"type":"Feature","properties":{"v":16.1,"clase":"DEFICIT_EXTREMO","periodo":"1–15 ago 2026","metodo":"IDW 6 estaciones CVC"},"geometry":{"type":"Polygon","coordinates":[[[-75.93160817180772,4.494203344690764],[-75.8865424852905,4.494259580071103],[-75.88648811794856,4.449031223258829],[-75.9315510417568,4.448975556009334],[-75.93160817180772,4.494203344690764]]]}},{"type":"Feature","properties":{"v":16.1,"clase":"DEFICIT_EXTREMO","periodo":"1–15 ago 2026","metodo":"IDW 6 estaciones CVC"},"geometry":{"type":"Polygon","coordinates":[[[-75.88648811794856,4.449031223258829],[-75.8865424852905,4.494259580071103],[-75.87486028602144,4.494273702783948],[-75.8749,4.493400000000001],[-75.87660000000001,4.491100000000001],[-75.8765,4.4873],[-75.8786,4.4871],[-75.8791,4.486000000000001],[-75.8762,4.483699999999999],[-75.8749,4.4813],[-75.8724,4.482],[-75.8718,4.478700000000001],[-75.8733,4.4717],[-75.8769,4.471499999999999],[-75.8781,4.4696],[-75.8798,4.470499999999999],[-75.8814,4.4678],[-75.8804,4.4662999999999995],[-75.8774,4.465699999999999],[-75.879,4.4627],[-75.8783,4.46],[-75.8697,4.454599999999999],[-75.8665,4.4556],[-75.8655,4.4548000000000005],[-75.8695,4.4526],[-75.8731,4.4518],[-75.8749,4.4496],[-75.8773,4.449699999999999],[-75.87773885948882,4.449041711529359],[-75.88648811794856,4.449031223258829]]]}},{"type":"Feature","properties":{"v":17.4,"clase":"DEFICIT_EXTREMO","periodo":"1–15 ago 2026","metodo":"IDW 6 estaciones CVC"},"geometry":{"type":"Polygon","coordinates":[[[-76.38231388510499,4.538708254628623],[-76.38227241795879,4.516862296736872],[-76.3838,4.5177],[-76.3861,4.520400000000001],[-76.3905,4.522],[-76.3948,4.529399999999999],[-76.3999,4.533599999999999],[-76.4036,4.5344999999999995],[-76.4035,4.5355],[-76.4009,4.537599999999999],[-76.39871765530634,4.5386766338437745],[-76.38231388510499,4.538708254628623]]]}},{"type":"Feature","properties":{"v":17.1,"clase":"DEFICIT_EXTREMO","periodo":"1–15 ago 2026","metodo":"IDW 6 estaciones CVC"},"geometry":{"type":"Polygon","coordinates":[[[-76.3681381707859,4.493514348969193],[-76.3709,4.4958],[-76.37240000000001,4.4971],[-76.3751,4.503100000000002],[-76.3791,4.508600000000001],[-76.3805,4.511699999999999],[-76.3798,4.514599999999999],[-76.3807,4.516],[-76.38227241795879,4.516862296736872],[-76.38231388510499,4.538708254628623],[-76.33725251744465,4.538793197871419],[-76.3371696942761,4.493571846536124],[-76.36226850144328,4.493525347969158],[-76.3632,4.4937],[-76.36344215591917,4.49352906641001],[-76.3634044385405,4.493523223059907],[-76.3681381707859,4.493514348969193]]]}},{"type":"Feature","properties":{"v":16.9,"clase":"DEFICIT_EXTREMO","periodo":"1–15 ago 2026","metodo":"IDW 6 estaciones CVC"},"geometry":{"type":"Polygon","coordinates":[[[-76.33725251744465,4.538793197871419],[-76.29219031179304,4.538875328185046],[-76.29211027764103,4.49365315531364],[-76.3371696942761,4.493571846536124],[-76.33725251744465,4.538793197871419]]]}},{"type":"Feature","properties":{"v":16.7,"clase":"DEFICIT_EXTREMO","periodo":"1–15 ago 2026","metodo":"IDW 6 estaciones CVC"},"geometry":{"type":"Polygon","coordinates":[[[-76.29219031179304,4.538875328185046],[-76.24712729636862,4.538954645315843],[-76.24705005148124,4.493731679047968],[-76.29211027764103,4.49365315531364],[-76.29219031179304,4.538875328185046]],[[-76.2791,4.4978],[-76.27925158924205,4.497689975550121],[-76.27805348837212,4.497311627906986],[-76.2791,4.4978]],[[-76.2776,4.4971],[-76.27765350066049,4.497124966974893],[-76.2774555555556,4.496805555555638],[-76.2776,4.4971]]]}},{"type":"Feature","properties":{"v":16.5,"clase":"DEFICIT_EXTREMO","periodo":"1–15 ago 2026","metodo":"IDW 6 estaciones CVC"},"geometry":{"type":"Polygon","coordinates":[[[-76.24712729636862,4.538954645315843],[-76.20206349939235,4.539031149018829],[-76.20198904400911,4.493807417496592],[-76.24705005148124,4.493731679047968],[-76.24712729636862,4.538954645315843]],[[-76.2115643678161,4.5090068965517185],[-76.2118,4.508799999999999],[-76.2123,4.506800000000002],[-76.2115643678161,4.5090068965517185]],[[-76.2027,4.513799999999999],[-76.20232113676732,4.513680106571938],[-76.2036,4.5153],[-76.2027,4.513799999999999]]]}},{"type":"Feature","properties":{"v":16.4,"clase":"DEFICIT_EXTREMO","periodo":"1–15 ago 2026","metodo":"IDW 6 estaciones CVC"},"geometry":{"type":"Polygon","coordinates":[[[-76.15699894908772,4.5391048390577025],[-76.15692728343944,4.493880370425595],[-76.20198904400911,4.493807417496592],[-76.20206349939235,4.539031149018829],[-76.17605163975804,4.539074027374689],[-76.17549058823529,4.538337647058819],[-76.17588619656607,4.539074297092254],[-76.15699894908772,4.5391048390577025]],[[-76.1691,4.5079],[-76.16904777777778,4.508202888888884],[-76.1759,4.5037],[-76.1691,4.5079]],[[-76.16623253012042,4.512737349397532],[-76.1689,4.5156],[-76.1663,4.5128],[-76.16623253012042,4.512737349397532]],[[-76.1688,4.520400000000001],[-76.1709,4.525900000000001],[-76.16880197368421,4.520305263157917],[-76.1688,4.520400000000001]],[[-76.173,4.533699999999999],[-76.17349361702126,4.534619148936149],[-76.173,4.533522222222229],[-76.173,4.533699999999999]],[[-76.1948,4.5113],[-76.1904,4.5114],[-76.19708872919819,4.512024281391828],[-76.1948,4.5113]],[[-76.16481095890411,4.510995433789951],[-76.1648,4.511199999999999],[-76.16485805309735,4.511262300884958],[-76.16481095890411,4.510995433789951]]]}},{"type":"Feature","properties":{"v":16.3,"clase":"DEFICIT_EXTREMO","periodo":"1–15 ago 2026","metodo":"IDW 6 estaciones CVC"},"geometry":{"type":"Polygon","coordinates":[[[-76.15699894908772,4.5391048390577025],[-76.11193367368055,4.5391757152048475],[-76.11186479798945,4.49395053760965],[-76.15692728343944,4.493880370425595],[-76.15699894908772,4.5391048390577025]]]}},{"type":"Feature","properties":{"v":16.3,"clase":"DEFICIT_EXTREMO","periodo":"1–15 ago 2026","metodo":"IDW 6 estaciones CVC"},"geometry":{"type":"Polygon","coordinates":[[[-76.11193367368055,4.5391757152048475],[-76.06686770139893,4.539243777241328],[-76.06680161587859,4.494017918832028],[-76.11186479798945,4.49395053760965],[-76.11193367368055,4.5391757152048475]]]}},{"type":"Feature","properties":{"v":16.3,"clase":"DEFICIT_EXTREMO","periodo":"1–15 ago 2026","metodo":"IDW 6 estaciones CVC"},"geometry":{"type":"Polygon","coordinates":[[[-76.06686770139893,4.539243777241328],[-76.02180106047318,4.53930902495689],[-76.02173776532851,4.494082513884595],[-76.06680161587859,4.494017918832028],[-76.06686770139893,4.539243777241328]],[[-76.0502,4.5371],[-76.04990000000001,4.5358],[-76.04948057553958,4.535571223021589],[-76.0502,4.5371]],[[-76.0437,4.5349],[-76.0491219512195,4.535375609756096],[-76.0488,4.5352],[-76.04286276150627,4.534390376569037],[-76.0437,4.5349]],[[-76.04181019108279,4.5337496815286595],[-76.04099779005524,4.532602762430943],[-76.0414,4.533500000000001],[-76.04181019108279,4.5337496815286595]],[[-76.04048417910447,4.531457014925374],[-76.04042123893805,4.5296946902654724],[-76.0401,4.530600000000001],[-76.04048417910447,4.531457014925374]],[[-76.04092500000002,4.528275000000011],[-76.04206808510641,4.52647872340425],[-76.0412,4.527499999999999],[-76.04092500000002,4.528275000000011]],[[-76.04274630136986,4.525680821917809],[-76.0487,4.5228],[-76.0429,4.5255],[-76.04274630136986,4.525680821917809]],[[-76.0593,4.51],[-76.0609,4.506799999999999],[-76.06096451612903,4.5062086021505126],[-76.0593,4.51]],[[-76.06119893992931,4.504059717314604],[-76.062060374415,4.496163234529377],[-76.0616,4.496599999999999],[-76.06119893992931,4.504059717314604]]]}},{"type":"Feature","properties":{"v":16.3,"clase":"DEFICIT_EXTREMO","periodo":"1–15 ago 2026","metodo":"IDW 6 estaciones CVC"},"geometry":{"type":"Polygon","coordinates":[[[-76.02180106047318,4.53930902495689],[-75.97673377913573,4.539371458149972],[-75.97667327456296,4.494144322567817],[-76.02173776532851,4.494082513884595],[-76.02180106047318,4.53930902495689]]]}},{"type":"Feature","properties":{"v":16.3,"clase":"DEFICIT_EXTREMO","periodo":"1–15 ago 2026","metodo":"IDW 6 estaciones CVC"},"geometry":{"type":"Polygon","coordinates":[[[-75.97673377913573,4.539371458149972],[-75.93166588562094,4.539431076627699],[-75.93160817180772,4.494203344690764],[-75.97667327456296,4.494144322567817],[-75.97673377913573,4.539371458149972]],[[-75.9369,4.5285],[-75.93685,4.528521428571426],[-75.9382,4.529100000000001],[-75.9369,4.5285]]]}},{"type":"Feature","properties":{"v":16.3,"clase":"DEFICIT_EXTREMO","periodo":"1–15 ago 2026","metodo":"IDW 6 estaciones CVC"},"geometry":{"type":"Polygon","coordinates":[[[-75.8865424852905,4.494259580071103],[-75.93160817180772,4.494203344690764],[-75.93166588562094,4.539431076627699],[-75.8865974081652,4.539487880205883],[-75.88658721450855,4.5311280065549475],[-75.88684400000001,4.5312350000000015],[-75.8867,4.5310999999999995],[-75.88658712800931,4.531057001359979],[-75.8865424852905,4.494259580071103]]]}},{"type":"Feature","properties":{"v":16.3,"clase":"DEFICIT_EXTREMO","periodo":"1–15 ago 2026","metodo":"IDW 6 estaciones CVC"},"geometry":{"type":"Polygon","coordinates":[[[-75.8865424852905,4.494259580071103],[-75.88658712800931,4.531057001359979],[-75.8846,4.5303],[-75.88658721450855,4.5311280065549475],[-75.8865974081652,4.539487880205883],[-75.87770248365042,4.539498758523226],[-75.8795,4.5386],[-75.8807390794979,4.53154677824268],[-75.8803,4.5316],[-75.8794,4.5296],[-75.8812,4.5279],[-75.88110000000002,4.526999999999998],[-75.878,4.527299999999999],[-75.8771,4.525200000000001],[-75.8729,4.5253],[-75.8719,4.5245999999999995],[-75.8716,4.523699999999998],[-75.8736,4.5193],[-75.8707,4.5181],[-75.8705,4.512699999999999],[-75.8724,4.510299999999999],[-75.8713,4.5075],[-75.8729,4.501800000000001],[-75.8726,4.499199999999999],[-75.8747,4.497799999999999],[-75.87486028602144,4.494273702783948],[-75.8865424852905,4.494259580071103]]]}},{"type":"Feature","properties":{"v":17.3,"clase":"DEFICIT_EXTREMO","periodo":"1–15 ago 2026","metodo":"IDW 6 estaciones CVC"},"geometry":{"type":"Polygon","coordinates":[[[-76.33733617860491,4.584014491135941],[-76.33725251744465,4.538793197871419],[-76.38231388510499,4.538708254628623],[-76.38235200654651,4.558698282696057],[-76.3813,4.559599999999998],[-76.3747,4.5584999999999996],[-76.3679,4.5582],[-76.3655,4.5589],[-76.3633,4.5569999999999995],[-76.3609,4.5563],[-76.3573,4.5585],[-76.3446,4.561799999999999],[-76.3409,4.5672],[-76.3443,4.571299999999998],[-76.3448,4.5763],[-76.343,4.5787],[-76.3436,4.581699999999998],[-76.34,4.583100000000001],[-76.3382,4.582799999999999],[-76.33739040722574,4.584014389603971],[-76.33733617860491,4.584014491135941]]]}},{"type":"Feature","properties":{"v":17.2,"clase":"DEFICIT_EXTREMO","periodo":"1–15 ago 2026","metodo":"IDW 6 estaciones CVC"},"geometry":{"type":"Polygon","coordinates":[[[-76.33733617860491,4.584014491135941],[-76.29227115571831,4.5840974430834995],[-76.29219031179304,4.538875328185046],[-76.33725251744465,4.538793197871419],[-76.33733617860491,4.584014491135941]]]}},{"type":"Feature","properties":{"v":17.0,"clase":"DEFICIT_EXTREMO","periodo":"1–15 ago 2026","metodo":"IDW 6 estaciones CVC"},"geometry":{"type":"Polygon","coordinates":[[[-76.29227115571831,4.5840974430834995],[-76.24720532280821,4.584177553705243],[-76.24712729636862,4.538954645315843],[-76.29219031179304,4.538875328185046],[-76.29227115571831,4.5840974430834995]],[[-76.27237213114755,4.583731693989081],[-76.2719,4.5827],[-76.2714914893617,4.582802127659576],[-76.27237213114755,4.583731693989081]]]}},{"type":"Feature","properties":{"v":16.8,"clase":"DEFICIT_EXTREMO","periodo":"1–15 ago 2026","metodo":"IDW 6 estaciones CVC"},"geometry":{"type":"Polygon","coordinates":[[[-76.24720532280821,4.584177553705243],[-76.20213870810436,4.58425482275372],[-76.20206349939235,4.539031149018829],[-76.24712729636862,4.538954645315843],[-76.24720532280821,4.584177553705243]]]}},{"type":"Feature","properties":{"v":16.7,"clase":"DEFICIT_EXTREMO","periodo":"1–15 ago 2026","metodo":"IDW 6 estaciones CVC"},"geometry":{"type":"Polygon","coordinates":[[[-76.20206349939235,4.539031149018829],[-76.20213870810436,4.58425482275372],[-76.15707133983891,4.584329249990252],[-76.15699894908772,4.5391048390577025],[-76.17588619656607,4.539074297092254],[-76.1759,4.5391],[-76.17614360902256,4.539194736842106],[-76.17605163975804,4.539074027374689],[-76.20206349939235,4.539031149018829]],[[-76.18693333333333,4.546655555555558],[-76.18490375,4.5453025000000045],[-76.18464399999999,4.546118857142872],[-76.1851,4.5455],[-76.1868,4.5467],[-76.18693333333333,4.546655555555558]],[[-76.1769,4.545200000000001],[-76.1837,4.5474],[-76.18392253855279,4.547097983392648],[-76.1769,4.545200000000001]],[[-76.175,4.5454],[-76.17486744186046,4.545553488372092],[-76.1769,4.545200000000001],[-76.175,4.5454]],[[-76.1731,4.547600000000001],[-76.17305614035088,4.547819298245608],[-76.17365882352941,4.546952941176483],[-76.1731,4.547600000000001]],[[-76.168,4.550000000000002],[-76.16784285714286,4.550099999999999],[-76.1726,4.5501],[-76.168,4.550000000000002]],[[-76.1658,4.551399999999998],[-76.1657962264151,4.551435849056602],[-76.16689999999988,4.550700000000076],[-76.1658,4.551399999999998]],[[-76.19,4.543],[-76.18952699386504,4.5450496932515225],[-76.1899,4.5447],[-76.19,4.543]],[[-76.18849999999999,4.546012500000006],[-76.18753333333333,4.546455555555558],[-76.1883,4.5462],[-76.18849999999999,4.546012500000006]]]}},{"type":"Feature","properties":{"v":16.6,"clase":"DEFICIT_EXTREMO","periodo":"1–15 ago 2026","metodo":"IDW 6 estaciones CVC"},"geometry":{"type":"Polygon","coordinates":[[[-76.15707133983891,4.584329249990252],[-76.11200324624643,4.584400835184922],[-76.11193367368055,4.5391757152048475],[-76.15699894908772,4.5391048390577025],[-76.15707133983891,4.584329249990252]],[[-76.13737961165049,4.557528155339804],[-76.1371,4.557399999999999],[-76.13420000000002,4.5588],[-76.13737961165049,4.557528155339804]],[[-76.15103362831859,4.575062958280656],[-76.15063333333332,4.57363333333328],[-76.1509786259542,4.5750145038167895],[-76.15103362831859,4.575062958280656]],[[-76.1512,4.566],[-76.15120748663102,4.5661871657754025],[-76.1526,4.563799999999998],[-76.1512,4.566]],[[-76.1504,4.572700000000001],[-76.15041724137932,4.57276896551724],[-76.1514,4.571],[-76.1504,4.572700000000001]]]}},{"type":"Feature","properties":{"v":16.5,"clase":"DEFICIT_EXTREMO","periodo":"1–15 ago 2026","metodo":"IDW 6 estaciones CVC"},"geometry":{"type":"Polygon","coordinates":[[[-76.11200324624643,4.584400835184922],[-76.06693445556377,4.5844695781165905],[-76.06686770139893,4.539243777241328],[-76.11193367368055,4.5391757152048475],[-76.11200324624643,4.584400835184922]]]}},{"type":"Feature","properties":{"v":16.5,"clase":"DEFICIT_EXTREMO","periodo":"1–15 ago 2026","metodo":"IDW 6 estaciones CVC"},"geometry":{"type":"Polygon","coordinates":[[[-76.06693445556377,4.5844695781165905],[-76.02186499602995,4.584535478572888],[-76.02180106047318,4.53930902495689],[-76.06686770139893,4.539243777241328],[-76.06693445556377,4.5844695781165905]],[[-76.039,4.5831],[-76.03906341463414,4.582801045296166],[-76.0385708737864,4.5836805825242894],[-76.039,4.5831]],[[-76.032,4.573800000000001],[-76.03237022900764,4.573948091603055],[-76.03092439024391,4.571141463414642],[-76.0309,4.571799999999999],[-76.032,4.573800000000001]],[[-76.0309575,4.57024749999997],[-76.03134198830408,4.568654619883059],[-76.03100000000002,4.5691],[-76.0309575,4.57024749999997]],[[-76.03544850299402,4.563017365269459],[-76.0357,4.5627],[-76.0373,4.557],[-76.03544850299402,4.563017365269459]]]}},{"type":"Feature","properties":{"v":16.5,"clase":"DEFICIT_EXTREMO","periodo":"1–15 ago 2026","metodo":"IDW 6 estaciones CVC"},"geometry":{"type":"Polygon","coordinates":[[[-76.02186499602995,4.584535478572888],[-75.97679489588612,4.584598536350217],[-75.97673377913573,4.539371458149972],[-76.02180106047318,4.53930902495689],[-76.02186499602995,4.584535478572888]],[[-75.9925,4.552999999999999],[-75.9897,4.553099999999999],[-75.98961333333334,4.553192444444446],[-75.9925,4.552999999999999]]]}},{"type":"Feature","properties":{"v":16.5,"clase":"DEFICIT_EXTREMO","periodo":"1–15 ago 2026","metodo":"IDW 6 estaciones CVC"},"geometry":{"type":"Polygon","coordinates":[[[-75.97679489588612,4.584598536350217],[-75.93172418337542,4.58465875125376],[-75.93166588562094,4.539431076627699],[-75.97673377913573,4.539371458149972],[-75.97679489588612,4.584598536350217]],[[-75.94296043165467,4.544067625899279],[-75.943,4.544099999999999],[-75.9457,4.5426],[-75.94296043165467,4.544067625899279]],[[-75.93787705382438,4.542831728045326],[-75.9379,4.543],[-75.93828571428571,4.542999999999999],[-75.93787705382438,4.542831728045326]],[[-75.9378,4.540612500000006],[-75.9376,4.5408],[-75.9378,4.542266666666631],[-75.9378,4.540612500000006]]]}},{"type":"Feature","properties":{"v":16.5,"clase":"DEFICIT_EXTREMO","periodo":"1–15 ago 2026","metodo":"IDW 6 estaciones CVC"},"geometry":{"type":"Polygon","coordinates":[[[-75.93172418337542,4.58465875125376],[-75.88665288674297,4.584716123097474],[-75.8865974081652,4.539487880205883],[-75.93166588562094,4.539431076627699],[-75.93172418337542,4.58465875125376]]]}},{"type":"Feature","properties":{"v":16.5,"clase":"DEFICIT_EXTREMO","periodo":"1–15 ago 2026","metodo":"IDW 6 estaciones CVC"},"geometry":{"type":"Polygon","coordinates":[[[-75.8865974081652,4.539487880205883],[-75.88665288674297,4.584716123097474],[-75.87144641254183,4.584734838012786],[-75.8724,4.5790999999999995],[-75.87,4.5761],[-75.8674,4.5753],[-75.8681,4.5727],[-75.8642,4.573499999999999],[-75.8643,4.570599999999999],[-75.8663,4.5672999999999995],[-75.8662,4.5641],[-75.8686,4.563400000000001],[-75.8701,4.5607],[-75.8696,4.5585],[-75.8738,4.557],[-75.8758,4.5551],[-75.877,4.5507],[-75.8755,4.550900000000001],[-75.8717,4.548600000000001],[-75.8705,4.5476],[-75.8703,4.546099999999999],[-75.8715,4.544299999999999],[-75.8715,4.5423],[-75.8761,4.5424],[-75.8771,4.541600000000001],[-75.8775,4.5396],[-75.87770248365042,4.539498758523226],[-75.8865974081652,4.539487880205883]]]}},{"type":"Feature","properties":{"v":17.4,"clase":"DEFICIT_EXTREMO","periodo":"1–15 ago 2026","metodo":"IDW 6 estaciones CVC"},"geometry":{"type":"Polygon","coordinates":[[[-76.29235280966749,4.629319499436053],[-76.29227115571831,4.5840974430834995],[-76.33733617860491,4.584014491135941],[-76.33733632923871,4.58409550647998],[-76.3372,4.584299999999999],[-76.3342,4.586000000000001],[-76.332,4.5893],[-76.3282,4.5987],[-76.3285,4.602100000000001],[-76.3211,4.6049],[-76.3192,4.608299999999998],[-76.3181,4.6129],[-76.32,4.6197],[-76.31341326281488,4.629280708877617],[-76.29235280966749,4.629319499436053]]]}},{"type":"Feature","properties":{"v":17.2,"clase":"DEFICIT_EXTREMO","periodo":"1–15 ago 2026","metodo":"IDW 6 estaciones CVC"},"geometry":{"type":"Polygon","coordinates":[[[-76.29235280966749,4.629319499436053],[-76.247284131042,4.629400403644178],[-76.24720532280821,4.584177553705243],[-76.29227115571831,4.5840974430834995],[-76.29235280966749,4.629319499436053]],[[-76.2732,4.5868],[-76.2739,4.5873],[-76.2739,4.587070370370353],[-76.27313950177935,4.5854085409252585],[-76.2732,4.5868]]]}},{"type":"Feature","properties":{"v":17.1,"clase":"DEFICIT_EXTREMO","periodo":"1–15 ago 2026","metodo":"IDW 6 estaciones CVC"},"geometry":{"type":"Polygon","coordinates":[[[-76.247284131042,4.629400403644178],[-76.20221467037834,4.629478438130204],[-76.20213870810436,4.58425482275372],[-76.24720532280821,4.584177553705243],[-76.247284131042,4.629400403644178]]]}},{"type":"Feature","properties":{"v":17.0,"clase":"DEFICIT_EXTREMO","periodo":"1–15 ago 2026","metodo":"IDW 6 estaciones CVC"},"geometry":{"type":"Polygon","coordinates":[[[-76.20221467037834,4.629478438130204],[-76.1571444559175,4.629553602653064],[-76.15707133983891,4.584329249990252],[-76.20213870810436,4.58425482275372],[-76.20221467037834,4.629478438130204]]]}},{"type":"Feature","properties":{"v":16.9,"clase":"DEFICIT_EXTREMO","periodo":"1–15 ago 2026","metodo":"IDW 6 estaciones CVC"},"geometry":{"type":"Polygon","coordinates":[[[-76.11207351590286,4.629625896980552],[-76.11200324624643,4.584400835184922],[-76.15707133983891,4.584329249990252],[-76.1571444559175,4.629553602653064],[-76.13181271979396,4.629594588466174],[-76.1319,4.629100000000001],[-76.13177095984904,4.6295946552833325],[-76.11207351590286,4.629625896980552]]]}},{"type":"Feature","properties":{"v":16.8,"clase":"DEFICIT_EXTREMO","periodo":"1–15 ago 2026","metodo":"IDW 6 estaciones CVC"},"geometry":{"type":"Polygon","coordinates":[[[-76.11207351590286,4.629625896980552],[-76.0670018785801,4.6296953208893195],[-76.06693445556377,4.5844695781165905],[-76.11200324624643,4.584400835184922],[-76.11207351590286,4.629625896980552]]]}},{"type":"Feature","properties":{"v":16.7,"clase":"DEFICIT_EXTREMO","periodo":"1–15 ago 2026","metodo":"IDW 6 estaciones CVC"},"geometry":{"type":"Polygon","coordinates":[[[-76.0670018785801,4.6296953208893195],[-76.02192957219705,4.629761874164876],[-76.02186499602995,4.584535478572888],[-76.06693445556377,4.5844695781165905],[-76.0670018785801,4.6296953208893195]],[[-76.03623478260869,4.586039130434788],[-76.0373,4.5854],[-76.03758430034131,4.585015358361765],[-76.03623478260869,4.586039130434788]],[[-76.03126774193548,4.5880322580645165],[-76.0333,4.5878],[-76.0345089552239,4.587074626865672],[-76.03126774193548,4.5880322580645165]],[[-76.02734153354633,4.587509904153358],[-76.0298,4.5882],[-76.03037833537331,4.588133904528763],[-76.02734153354633,4.587509904153358]],[[-76.0234,4.5867],[-76.02222413793102,4.587648275862077],[-76.02378096995255,4.586778281497102],[-76.0234,4.5867]],[[-76.02442857142856,4.6055725274725425],[-76.0253,4.604500000000001],[-76.02533546511629,4.603968023255809],[-76.02442857142856,4.6055725274725425]],[[-76.0231,4.6061],[-76.024,4.606099999999999],[-76.02422941176471,4.605817647058823],[-76.0231,4.6061]]]}},{"type":"Feature","properties":{"v":16.7,"clase":"DEFICIT_EXTREMO","periodo":"1–15 ago 2026","metodo":"IDW 6 estaciones CVC"},"geometry":{"type":"Polygon","coordinates":[[[-76.02192957219705,4.629761874164876],[-75.97685662500369,4.6298255566015944],[-75.97679489588612,4.584598536350217],[-76.02186499602995,4.584535478572888],[-76.02192957219705,4.629761874164876]],[[-76.0203,4.5892],[-76.0201,4.593099999999999],[-76.02064498432603,4.588921786833857],[-76.0203,4.5892]]]}},{"type":"Feature","properties":{"v":16.7,"clase":"DEFICIT_EXTREMO","periodo":"1–15 ago 2026","metodo":"IDW 6 estaciones CVC"},"geometry":{"type":"Polygon","coordinates":[[[-75.97685662500369,4.6298255566015944],[-75.93178306525198,4.629886368002711],[-75.93172418337542,4.58465875125376],[-75.97679489588612,4.584598536350217],[-75.97685662500369,4.6298255566015944]]]}},{"type":"Feature","properties":{"v":16.7,"clase":"DEFICIT_EXTREMO","periodo":"1–15 ago 2026","metodo":"IDW 6 estaciones CVC"},"geometry":{"type":"Polygon","coordinates":[[[-75.93178306525198,4.629886368002711],[-75.88670892119586,4.629944308180327],[-75.88665288674297,4.584716123097474],[-75.93172418337542,4.58465875125376],[-75.93178306525198,4.629886368002711]]]}},{"type":"Feature","properties":{"v":16.7,"clase":"DEFICIT_EXTREMO","periodo":"1–15 ago 2026","metodo":"IDW 6 estaciones CVC"},"geometry":{"type":"Polygon","coordinates":[[[-75.88665288674297,4.584716123097474],[-75.88670892119586,4.629944308180327],[-75.84887024814671,4.629990730068362],[-75.8508,4.628899999999999],[-75.8521,4.626800000000001],[-75.8518,4.6241],[-75.8555,4.621200000000001],[-75.8587,4.6164999999999985],[-75.8644,4.615099999999999],[-75.8656,4.612799999999999],[-75.8669,4.611],[-75.8669,4.608200000000001],[-75.8641,4.6051],[-75.8637,4.6034],[-75.8607,4.6013],[-75.8616,4.597599999999999],[-75.8598,4.595200000000001],[-75.8618,4.5927],[-75.8666,4.590700000000001],[-75.8713,4.5856],[-75.87144641254183,4.584734838012786],[-75.88665288674297,4.584716123097474]],[[-75.8741,4.6158],[-75.87400778301887,4.6157674528301875],[-75.8743,4.618299999999999],[-75.8741,4.6158]]]}},{"type":"Feature","properties":{"v":17.6,"clase":"DEFICIT_EXTREMO","periodo":"1–15 ago 2026","metodo":"IDW 6 estaciones CVC"},"geometry":{"type":"Polygon","coordinates":[[[-76.2924352738938,4.674541496669897],[-76.29235280966749,4.629319499436053],[-76.31341326281488,4.629280708877617],[-76.3134,4.6293],[-76.31,4.630200000000001],[-76.3109,4.633],[-76.3104,4.6356],[-76.3058,4.6456],[-76.3024,4.6487],[-76.30100000000002,4.654199999999999],[-76.3003,4.655899999999999],[-76.3029,4.6599],[-76.3034,4.666299999999999],[-76.3012,4.6718],[-76.2992,4.674099999999999],[-76.29946933165743,4.674528485014625],[-76.2924352738938,4.674541496669897]],[[-76.30466249999999,4.6428125],[-76.3047,4.6428],[-76.30463969072164,4.642637628865984],[-76.30466249999999,4.6428125]],[[-76.30449140625,4.637613281250006],[-76.3045,4.637600000000001],[-76.3035,4.635299999999999],[-76.30449140625,4.637613281250006]],[[-76.30002380952381,4.651857142857142],[-76.3007,4.6478],[-76.3,4.6518],[-76.30002380952381,4.651857142857142]]]}},{"type":"Feature","properties":{"v":17.5,"clase":"DEFICIT_EXTREMO","periodo":"1–15 ago 2026","metodo":"IDW 6 estaciones CVC"},"geometry":{"type":"Polygon","coordinates":[[[-76.2924352738938,4.674541496669897],[-76.24736372131437,4.674623194560798],[-76.247284131042,4.629400403644178],[-76.29235280966749,4.629319499436053],[-76.2924352738938,4.674541496669897]]]}},{"type":"Feature","properties":{"v":17.3,"clase":"DEFICIT_EXTREMO","periodo":"1–15 ago 2026","metodo":"IDW 6 estaciones CVC"},"geometry":{"type":"Polygon","coordinates":[[[-76.24736372131437,4.674623194560798],[-76.20229138644989,4.67470199457735],[-76.20221467037834,4.629478438130204],[-76.247284131042,4.629400403644178],[-76.24736372131437,4.674623194560798]]]}},{"type":"Feature","properties":{"v":17.2,"clase":"DEFICIT_EXTREMO","periodo":"1–15 ago 2026","metodo":"IDW 6 estaciones CVC"},"geometry":{"type":"Polygon","coordinates":[[[-76.20229138644989,4.67470199457735],[-76.15721829755027,4.6747778964761055],[-76.1571444559175,4.629553602653064],[-76.20221467037834,4.629478438130204],[-76.20229138644989,4.67470199457735]]]}},{"type":"Feature","properties":{"v":17.1,"clase":"DEFICIT_EXTREMO","periodo":"1–15 ago 2026","metodo":"IDW 6 estaciones CVC"},"geometry":{"type":"Polygon","coordinates":[[[-76.1571444559175,4.629553602653064],[-76.15721829755027,4.6747778964761055],[-76.11214448286782,4.674850900022561],[-76.11207351590286,4.629625896980552],[-76.13177095984904,4.6295946552833325],[-76.13082621035059,4.633216193656073],[-76.1313,4.632499999999999],[-76.13181271979396,4.629594588466174],[-76.1571444559175,4.629553602653064]],[[-76.1196,4.654099999999999],[-76.1227,4.6512],[-76.12274128440366,4.651056880733948],[-76.1196,4.654099999999999]]]}},{"type":"Feature","properties":{"v":17.0,"clase":"DEFICIT_EXTREMO","periodo":"1–15 ago 2026","metodo":"IDW 6 estaciones CVC"},"geometry":{"type":"Polygon","coordinates":[[[-76.11214448286782,4.674850900022561],[-76.06706997065707,4.674921004991158],[-76.0670018785801,4.6296953208893195],[-76.11207351590286,4.629625896980552],[-76.11214448286782,4.674850900022561]]]}},{"type":"Feature","properties":{"v":17.0,"clase":"DEFICIT_EXTREMO","periodo":"1–15 ago 2026","metodo":"IDW 6 estaciones CVC"},"geometry":{"type":"Polygon","coordinates":[[[-76.02192957219705,4.629761874164876],[-76.0670018785801,4.6296953208893195],[-76.06706997065707,4.674921004991158],[-76.02199478917481,4.674988211165288],[-76.02197187262959,4.659146744718284],[-76.0224,4.6587],[-76.02244310148234,4.658275142531348],[-76.02197137439346,4.658801725247799],[-76.02192957219705,4.629761874164876]]]}},{"type":"Feature","properties":{"v":16.9,"clase":"DEFICIT_EXTREMO","periodo":"1–15 ago 2026","metodo":"IDW 6 estaciones CVC"},"geometry":{"type":"Polygon","coordinates":[[[-75.97691896667992,4.675052518337294],[-75.97685662500369,4.6298255566015944],[-76.02192957219705,4.629761874164876],[-76.02197137439346,4.658801725247799],[-76.0183,4.662899999999998],[-76.01819967213115,4.663082950819668],[-76.02197187262959,4.659146744718284],[-76.02199478917481,4.674988211165288],[-76.01576994973877,4.674997264385606],[-76.01544324734446,4.669966009104687],[-76.0152,4.670799999999999],[-76.01567389773588,4.674997403647492],[-75.97691896667992,4.675052518337294]],[[-76.0166,4.666],[-76.01620470588234,4.6673552941176615],[-76.01727438016528,4.664770247933895],[-76.0166,4.666]]]}},{"type":"Feature","properties":{"v":16.9,"clase":"DEFICIT_EXTREMO","periodo":"1–15 ago 2026","metodo":"IDW 6 estaciones CVC"},"geometry":{"type":"Polygon","coordinates":[[[-75.97691896667992,4.675052518337294],[-75.93184253143328,4.675113926308462],[-75.93178306525198,4.629886368002711],[-75.97685662500369,4.6298255566015944],[-75.97691896667992,4.675052518337294]],[[-75.9661,4.6613],[-75.96277272727272,4.659936363636359],[-75.96671967213115,4.661909836065576],[-75.9661,4.6613]],[[-75.9611053227633,4.659253001132502],[-75.96,4.658799999999999],[-75.95237569060774,4.65702099447514],[-75.9528,4.6572],[-75.9611053227633,4.659253001132502]],[[-75.9465,4.654499999999999],[-75.9464476900149,4.654520119225037],[-75.94712953367878,4.654807772020732],[-75.9465,4.654499999999999]]]}},{"type":"Feature","properties":{"v":16.9,"clase":"DEFICIT_EXTREMO","periodo":"1–15 ago 2026","metodo":"IDW 6 estaciones CVC"},"geometry":{"type":"Polygon","coordinates":[[[-75.88670892119586,4.629944308180327],[-75.93178306525198,4.629886368002711],[-75.93184253143328,4.675113926308462],[-75.88676551169772,4.675172434889037],[-75.88671726887692,4.636643968297033],[-75.88788937329701,4.636743596730245],[-75.88671721413752,4.6366000675581995],[-75.88670892119586,4.629944308180327]]]}},{"type":"Feature","properties":{"v":16.9,"clase":"DEFICIT_EXTREMO","periodo":"1–15 ago 2026","metodo":"IDW 6 estaciones CVC"},"geometry":{"type":"Polygon","coordinates":[[[-75.88670892119586,4.629944308180327],[-75.88671721413752,4.6366000675581995],[-75.88612151898734,4.636527124773958],[-75.8862,4.636599999999999],[-75.88671726887692,4.636643968297033],[-75.88676551169772,4.675172434889037],[-75.84168793573791,4.6752280438982154],[-75.84164865616478,4.642197738000185],[-75.842,4.6417],[-75.8454,4.6406],[-75.8474,4.6389000000000005],[-75.8493,4.634899999999999],[-75.8485,4.6302],[-75.84887024814671,4.629990730068362],[-75.88670892119586,4.629944308180327]]]}},{"type":"Feature","properties":{"v":17.0,"clase":"DEFICIT_EXTREMO","periodo":"1–15 ago 2026","metodo":"IDW 6 estaciones CVC"},"geometry":{"type":"Polygon","coordinates":[[[-75.79660983182026,4.6752807531641505],[-75.79659130990036,4.658853918400289],[-75.7978,4.6597],[-75.8005,4.658799999999999],[-75.8019,4.6593],[-75.8066,4.657699999999999],[-75.8072,4.6560999999999995],[-75.8092,4.658699999999999],[-75.8138,4.6588],[-75.8175,4.6616],[-75.8205,4.6613999999999995],[-75.8227,4.663900000000001],[-75.8259,4.6632],[-75.8274,4.660500000000001],[-75.8275,4.663499999999999],[-75.8279,4.6577],[-75.8295,4.6563],[-75.8297,4.654100000000001],[-75.8316,4.6506],[-75.83440000000002,4.648699999999999],[-75.8367,4.644],[-75.8408,4.643400000000001],[-75.84164865616478,4.642197738000185],[-75.84168793573791,4.6752280438982154],[-75.82334726841835,4.675249839386002],[-75.8223311102074,4.6719024806832],[-75.8222,4.6722],[-75.82325574650497,4.675249946943913],[-75.79660983182026,4.6752807531641505]]]}},{"type":"Feature","properties":{"v":17.0,"clase":"DEFICIT_EXTREMO","periodo":"1–15 ago 2026","metodo":"IDW 6 estaciones CVC"},"geometry":{"type":"Polygon","coordinates":[[[-75.79660983182026,4.6752807531641505],[-75.75153122821288,4.67533056252395],[-75.75150682574986,4.65237404793922],[-75.7558,4.652099999999999],[-75.7563,4.651],[-75.7579,4.650699999999999],[-75.7609,4.652900000000001],[-75.7623,4.651699999999999],[-75.7627,4.6535],[-75.7682,4.652300000000001],[-75.7695,4.6536],[-75.7701,4.6532],[-75.7718,4.6545],[-75.7738,4.6548],[-75.7746,4.654400000000001],[-75.774,4.6535],[-75.7784,4.6545],[-75.7792,4.654100000000001],[-75.7794,4.652699999999999],[-75.7803,4.6538],[-75.7823,4.6526000000000005],[-75.783,4.655],[-75.7824,4.656700000000001],[-75.78380000000001,4.658699999999999],[-75.7846,4.658099999999999],[-75.7853,4.659199999999999],[-75.7878,4.6592],[-75.7893,4.660000000000001],[-75.7927,4.6592],[-75.794,4.6599],[-75.7955,4.659399999999999],[-75.7958,4.6583],[-75.79659130990036,4.658853918400289],[-75.79660983182026,4.6752807531641505]]]}},{"type":"Feature","properties":{"v":17.0,"clase":"DEFICIT_EXTREMO","periodo":"1–15 ago 2026","metodo":"IDW 6 estaciones CVC"},"geometry":{"type":"Polygon","coordinates":[[[-75.70643154999925,4.654763615111888],[-75.7103,4.6551],[-75.7146,4.6535],[-75.7144,4.6527],[-75.7161,4.652199999999998],[-75.7189,4.6533999999999995],[-75.7228,4.6536],[-75.7252,4.652],[-75.7328,4.653300000000001],[-75.7359,4.655],[-75.73770000000002,4.655100000000001],[-75.7411,4.6547],[-75.7464,4.6527],[-75.75150682574986,4.65237404793922],[-75.75153122821288,4.67533056252395],[-75.70758232034584,4.6753763312201135],[-75.70644417840023,4.667409476262909],[-75.70643154999925,4.654763615111888]]]}},{"type":"Feature","properties":{"v":17.7,"clase":"DEFICIT_EXTREMO","periodo":"1–15 ago 2026","metodo":"IDW 6 estaciones CVC"},"geometry":{"type":"Polygon","coordinates":[[[-76.24744409387219,4.719845925883391],[-76.24736372131437,4.674623194560798],[-76.2924352738938,4.674541496669897],[-76.29248556298293,4.7019033392076555],[-76.2886,4.702799999999999],[-76.2857,4.712400000000001],[-76.287,4.7132999999999985],[-76.2887,4.7166],[-76.28910465147818,4.7197697845159405],[-76.24744409387219,4.719845925883391]],[[-76.2742,4.693500000000001],[-76.28493599999999,4.692914400000001],[-76.2849,4.692899999999999],[-76.2742,4.693500000000001]]]}},{"type":"Feature","properties":{"v":17.5,"clase":"DEFICIT_EXTREMO","periodo":"1–15 ago 2026","metodo":"IDW 6 estaciones CVC"},"geometry":{"type":"Polygon","coordinates":[[[-76.24744409387219,4.719845925883391],[-76.20236885655697,4.719925491524373],[-76.20229138644989,4.67470199457735],[-76.24736372131437,4.674623194560798],[-76.24744409387219,4.719845925883391]]]}},{"type":"Feature","properties":{"v":17.4,"clase":"DEFICIT_EXTREMO","periodo":"1–15 ago 2026","metodo":"IDW 6 estaciones CVC"},"geometry":{"type":"Polygon","coordinates":[[[-76.20236885655697,4.719925491524373],[-76.15729286496627,4.720002130889477],[-76.15721829755027,4.6747778964761055],[-76.20229138644989,4.67470199457735],[-76.20236885655697,4.719925491524373]],[[-76.194,4.684199999999999],[-76.1949,4.682799999999999],[-76.1863,4.694],[-76.194,4.684199999999999]]]}},{"type":"Feature","properties":{"v":17.3,"clase":"DEFICIT_EXTREMO","periodo":"1–15 ago 2026","metodo":"IDW 6 estaciones CVC"},"geometry":{"type":"Polygon","coordinates":[[[-76.15729286496627,4.720002130889477],[-76.11221614736141,4.7200758437419035],[-76.11214448286782,4.674850900022561],[-76.15721829755027,4.6747778964761055],[-76.15729286496627,4.720002130889477]]]}},{"type":"Feature","properties":{"v":17.2,"clase":"DEFICIT_EXTREMO","periodo":"1–15 ago 2026","metodo":"IDW 6 estaciones CVC"},"geometry":{"type":"Polygon","coordinates":[[[-76.11221614736141,4.7200758437419035],[-76.0671387320059,4.720146629853886],[-76.06706997065707,4.674921004991158],[-76.11214448286782,4.674850900022561],[-76.11221614736141,4.7200758437419035]]]}},{"type":"Feature","properties":{"v":17.2,"clase":"DEFICIT_EXTREMO","periodo":"1–15 ago 2026","metodo":"IDW 6 estaciones CVC"},"geometry":{"type":"Polygon","coordinates":[[[-76.02199478917481,4.674988211165288],[-76.06706997065707,4.674921004991158],[-76.0671387320059,4.720146629853886],[-76.02206064716555,4.720214489006696],[-76.02202219289292,4.693860542656536],[-76.02650000000001,4.697299999999999],[-76.02202198491901,4.693717604605583],[-76.02199478917481,4.674988211165288]]]}},{"type":"Feature","properties":{"v":17.1,"clase":"DEFICIT_EXTREMO","periodo":"1–15 ago 2026","metodo":"IDW 6 estaciones CVC"},"geometry":{"type":"Polygon","coordinates":[[[-76.02199478917481,4.674988211165288],[-76.02202198491901,4.693717604605583],[-76.02,4.6921],[-76.0197725,4.6921325],[-76.02202219289292,4.693860542656536],[-76.02206064716555,4.720214489006696],[-75.97698192110822,4.720279420990637],[-75.97691896667992,4.675052518337294],[-76.01567389773588,4.674997403647492],[-76.0159,4.677],[-76.01576994973877,4.674997264385606],[-76.02199478917481,4.674988211165288]]]}},{"type":"Feature","properties":{"v":17.1,"clase":"DEFICIT_EXTREMO","periodo":"1–15 ago 2026","metodo":"IDW 6 estaciones CVC"},"geometry":{"type":"Polygon","coordinates":[[[-75.97698192110822,4.720279420990637],[-75.93190258210379,4.720341425605056],[-75.93184253143328,4.675113926308462],[-75.97691896667992,4.675052518337294],[-75.97698192110822,4.720279420990637]]]}},{"type":"Feature","properties":{"v":17.1,"clase":"DEFICIT_EXTREMO","periodo":"1–15 ago 2026","metodo":"IDW 6 estaciones CVC"},"geometry":{"type":"Polygon","coordinates":[[[-75.93190258210379,4.720341425605056],[-75.88682265842412,4.720400502658337],[-75.88676551169772,4.675172434889037],[-75.93184253143328,4.675113926308462],[-75.93190258210379,4.720341425605056]]]}},{"type":"Feature","properties":{"v":17.1,"clase":"DEFICIT_EXTREMO","periodo":"1–15 ago 2026","metodo":"IDW 6 estaciones CVC"},"geometry":{"type":"Polygon","coordinates":[[[-75.84174217834287,4.720456651967906],[-75.84168793573791,4.6752280438982154],[-75.88676551169772,4.675172434889037],[-75.88682265842412,4.720400502658337],[-75.85647310260129,4.720438626211308],[-75.8559,4.717],[-75.85610634282116,4.7204390787992105],[-75.84174217834287,4.720456651967906]],[[-75.85521556886228,4.708097005988024],[-75.853,4.7071],[-75.8541,4.707999999999999],[-75.85521556886228,4.708097005988024]],[[-75.857,4.7089],[-75.85676595744681,4.708794680851065],[-75.85696940581542,4.709125284450058],[-75.857,4.7089]],[[-75.8554,4.7137],[-75.85547933884298,4.71366694214876],[-75.855,4.712899999999999],[-75.85492500000001,4.7129400000000015],[-75.8554,4.7137]],[[-75.8515,4.7128000000000005],[-75.85142274678111,4.712850214592275],[-75.8535,4.713700000000002],[-75.8515,4.7128000000000005]]]}},{"type":"Feature","properties":{"v":17.1,"clase":"DEFICIT_EXTREMO","periodo":"1–15 ago 2026","metodo":"IDW 6 estaciones CVC"},"geometry":{"type":"Polygon","coordinates":[[[-75.84168793573791,4.6752280438982154],[-75.84174217834287,4.720456651967906],[-75.79721540258613,4.720509236829792],[-75.79666102487948,4.720382520907869],[-75.79660983182026,4.6752807531641505],[-75.82325574650497,4.675249946943913],[-75.824,4.6774],[-75.82334726841835,4.675249839386002],[-75.84168793573791,4.6752280438982154]],[[-75.8393,4.685200000000001],[-75.83519195710456,4.688232126899016],[-75.8353,4.688300000000001],[-75.8393,4.685200000000001]],[[-75.8385,4.7154],[-75.83845384615384,4.715441025641025],[-75.83862835820895,4.715411940298506],[-75.8385,4.7154]],[[-75.83268786610878,4.719306276150627],[-75.8329,4.719600000000001],[-75.834,4.719399999999999],[-75.83268786610878,4.719306276150627]]]}},{"type":"Feature","properties":{"v":17.1,"clase":"DEFICIT_EXTREMO","periodo":"1–15 ago 2026","metodo":"IDW 6 estaciones CVC"},"geometry":{"type":"Polygon","coordinates":[[[-75.75153122821288,4.67533056252395],[-75.79660983182026,4.6752807531641505],[-75.79666102487948,4.720382520907869],[-75.7963,4.7203],[-75.7964,4.7189],[-75.7947,4.7186],[-75.7944,4.7195],[-75.7938,4.7193],[-75.7915,4.718100000000001],[-75.7919,4.716999999999999],[-75.7903,4.7164],[-75.79,4.7175],[-75.7894,4.716099999999999],[-75.7886,4.718],[-75.7878,4.717399999999999],[-75.7874,4.718699999999998],[-75.7859,4.718299999999999],[-75.78532842568569,4.720522791841315],[-75.78363968034417,4.720524701040443],[-75.7834,4.7203],[-75.7794,4.7198],[-75.77939999992512,4.72052947607115],[-75.77485700276651,4.720534563970173],[-75.7741,4.718600000000001],[-75.7734,4.7197000000000005],[-75.7724,4.717700000000001],[-75.7712,4.718300000000001],[-75.7715,4.7168],[-75.7702,4.714000000000001],[-75.7665,4.714900000000001],[-75.7651,4.714],[-75.7639,4.715299999999999],[-75.7607,4.7113000000000005],[-75.7582,4.7121],[-75.7577,4.7108],[-75.7555,4.7109],[-75.754,4.709899999999999],[-75.7538,4.711],[-75.7521,4.7102],[-75.75156928612301,4.710907619975354],[-75.75153122821288,4.67533056252395]]]}},{"type":"Feature","properties":{"v":17.1,"clase":"DEFICIT_EXTREMO","periodo":"1–15 ago 2026","metodo":"IDW 6 estaciones CVC"},"geometry":{"type":"Polygon","coordinates":[[[-75.75153122821288,4.67533056252395],[-75.75156928612301,4.710907619975354],[-75.7506,4.712199999999999],[-75.7498,4.7114],[-75.7467,4.712699999999999],[-75.7469,4.711500000000001],[-75.7439,4.7106],[-75.7414,4.7113000000000005],[-75.7391,4.710699999999999],[-75.7389,4.7096],[-75.7374,4.710199999999999],[-75.7371,4.709299999999999],[-75.7352,4.7098],[-75.7355,4.708700000000001],[-75.7345,4.708],[-75.7334,4.7097],[-75.7328,4.7079],[-75.7316,4.708200000000001],[-75.7311,4.7104],[-75.7297,4.707900000000001],[-75.7286,4.7096],[-75.7275,4.7086],[-75.7252,4.7113000000000005],[-75.7222,4.7119],[-75.7213,4.7106],[-75.7199,4.7124],[-75.7157,4.7123],[-75.7136,4.713799999999999],[-75.7097,4.679199999999999],[-75.7079,4.677599999999999],[-75.70758232034584,4.6753763312201135],[-75.75153122821288,4.67533056252395]]]}},{"type":"Feature","properties":{"v":18.0,"clase":"DEFICIT_EXTREMO","periodo":"1–15 ago 2026","metodo":"IDW 6 estaciones CVC"},"geometry":{"type":"Polygon","coordinates":[[[-76.2925307416598,4.726348060763455],[-76.2941,4.7288],[-76.2963,4.729700000000001],[-76.2986,4.7345999999999995],[-76.30490000000002,4.7394],[-76.3071,4.7424],[-76.3077,4.747200000000001],[-76.3123,4.75],[-76.3121,4.7506],[-76.2999,4.757700000000001],[-76.2938,4.7597000000000005],[-76.2925951766589,4.760992142787165],[-76.2925307416598,4.726348060763455]]]}},{"type":"Feature","properties":{"v":17.9,"clase":"DEFICIT_EXTREMO","periodo":"1–15 ago 2026","metodo":"IDW 6 estaciones CVC"},"geometry":{"type":"Polygon","coordinates":[[[-76.24752524896478,4.765068597040385],[-76.24744409387219,4.719845925883391],[-76.28910465147818,4.7197697845159405],[-76.2893,4.721299999999999],[-76.2925307416598,4.726348060763455],[-76.2925951766589,4.760992142787165],[-76.28886527843868,4.764992329039773],[-76.24752524896478,4.765068597040385]]]}},{"type":"Feature","properties":{"v":17.7,"clase":"DEFICIT_EXTREMO","periodo":"1–15 ago 2026","metodo":"IDW 6 estaciones CVC"},"geometry":{"type":"Polygon","coordinates":[[[-76.24752524896478,4.765068597040385],[-76.2024470809399,4.76514892840063],[-76.20236885655697,4.719925491524373],[-76.24744409387219,4.719845925883391],[-76.24752524896478,4.765068597040385]]]}},{"type":"Feature","properties":{"v":17.6,"clase":"DEFICIT_EXTREMO","periodo":"1–15 ago 2026","metodo":"IDW 6 estaciones CVC"},"geometry":{"type":"Polygon","coordinates":[[[-76.2024470809399,4.76514892840063],[-76.15736815839686,4.765226305323431],[-76.15729286496627,4.720002130889477],[-76.20236885655697,4.719925491524373],[-76.2024470809399,4.76514892840063]]]}},{"type":"Feature","properties":{"v":17.5,"clase":"DEFICIT_EXTREMO","periodo":"1–15 ago 2026","metodo":"IDW 6 estaciones CVC"},"geometry":{"type":"Polygon","coordinates":[[[-76.11228850960599,4.7653007275696915],[-76.11221614736141,4.7200758437419035],[-76.15729286496627,4.720002130889477],[-76.15736815839686,4.765226305323431],[-76.13778686690777,4.765258995317978],[-76.1353,4.7621],[-76.13518236607143,4.76212075892857],[-76.13777483681378,4.7652590152301935],[-76.11228850960599,4.7653007275696915]],[[-76.12840291262137,4.759458252427192],[-76.12824712643678,4.759230804597681],[-76.1283,4.759399999999999],[-76.12840291262137,4.759458252427192]],[[-76.12168868458275,4.750965346534656],[-76.1201,4.746100000000002],[-76.1216,4.750900000000001],[-76.12168868458275,4.750965346534656]]]}},{"type":"Feature","properties":{"v":17.4,"clase":"DEFICIT_EXTREMO","periodo":"1–15 ago 2026","metodo":"IDW 6 estaciones CVC"},"geometry":{"type":"Polygon","coordinates":[[[-76.11228850960599,4.7653007275696915],[-76.06720816283995,4.765372194909438],[-76.0671387320059,4.720146629853886],[-76.11221614736141,4.7200758437419035],[-76.11228850960599,4.7653007275696915]],[[-76.0901,4.736799999999999],[-76.0882,4.7355],[-76.08793135391925,4.735518527315914],[-76.0901,4.736799999999999]]]}},{"type":"Feature","properties":{"v":17.3,"clase":"DEFICIT_EXTREMO","periodo":"1–15 ago 2026","metodo":"IDW 6 estaciones CVC"},"geometry":{"type":"Polygon","coordinates":[[[-76.06720816283995,4.765372194909438],[-76.0221271463736,4.765440707121819],[-76.02206064716555,4.720214489006696],[-76.0671387320059,4.720146629853886],[-76.06720816283995,4.765372194909438]]]}},{"type":"Feature","properties":{"v":17.3,"clase":"DEFICIT_EXTREMO","periodo":"1–15 ago 2026","metodo":"IDW 6 estaciones CVC"},"geometry":{"type":"Polygon","coordinates":[[[-76.0221271463736,4.765440707121819],[-75.97704548848391,4.7655062639951025],[-75.97698192110822,4.720279420990637],[-76.02206064716555,4.720214489006696],[-76.0221271463736,4.765440707121819]],[[-75.97850000000001,4.7433],[-75.9782,4.745100000000001],[-75.97897288135593,4.747650508474546],[-75.97850000000001,4.7433]],[[-75.98434855195912,4.754978705281096],[-75.98430000000002,4.7546],[-75.97907859128824,4.7479993512511705],[-75.9792,4.7484],[-75.98434855195912,4.754978705281096]],[[-75.98456771653544,4.756688188976334],[-75.98450792079207,4.759259405940618],[-75.9848,4.758500000000001],[-75.98456771653544,4.756688188976334]],[[-75.9818,4.760999999999999],[-75.98430000000002,4.759800000000001],[-75.9843571010249,4.759651537335282],[-75.97965017667843,4.761349116607778],[-75.9818,4.760999999999999]]]}},{"type":"Feature","properties":{"v":17.3,"clase":"DEFICIT_EXTREMO","periodo":"1–15 ago 2026","metodo":"IDW 6 estaciones CVC"},"geometry":{"type":"Polygon","coordinates":[[[-75.93196321744988,4.765568865326692],[-75.93190258210379,4.720341425605056],[-75.97698192110822,4.720279420990637],[-75.97704548848391,4.7655062639951025],[-75.96800475667987,4.765519054968008],[-75.9701,4.762899999999999],[-75.9687,4.7639],[-75.96794102609636,4.7655191447130445],[-75.93196321744988,4.765568865326692]]]}},{"type":"Feature","properties":{"v":17.2,"clase":"DEFICIT_EXTREMO","periodo":"1–15 ago 2026","metodo":"IDW 6 estaciones CVC"},"geometry":{"type":"Polygon","coordinates":[[[-75.88682265842412,4.720400502658337],[-75.93190258210379,4.720341425605056],[-75.93196321744988,4.765568865326692],[-75.9228849189363,4.765581113850704],[-75.9243,4.763600000000001],[-75.9235,4.7606],[-75.9224,4.7598],[-75.9209,4.759999999999999],[-75.9152,4.763699999999999],[-75.913,4.7608999999999995],[-75.9167,4.7576],[-75.9168,4.7565],[-75.9082,4.7521],[-75.9055,4.752399999999998],[-75.9033,4.7551],[-75.8977,4.7588],[-75.8886,4.754700000000001],[-75.88686870548285,4.756527484176512],[-75.88682265842412,4.720400502658337]]]}},{"type":"Feature","properties":{"v":17.2,"clase":"DEFICIT_EXTREMO","periodo":"1–15 ago 2026","metodo":"IDW 6 estaciones CVC"},"geometry":{"type":"Polygon","coordinates":[[[-75.88682265842412,4.720400502658337],[-75.88686870548285,4.756527484176512],[-75.88500000000002,4.7585],[-75.8807,4.7606],[-75.8785,4.763400000000001],[-75.87833411208585,4.765639484435648],[-75.84515873739583,4.765681075371088],[-75.8447,4.7588],[-75.8467,4.7561],[-75.8463,4.7528999999999995],[-75.847,4.7501999999999995],[-75.8464,4.748499999999999],[-75.8486,4.7385],[-75.8501,4.736699999999999],[-75.85390000000001,4.7343],[-75.8564,4.731000000000001],[-75.85619886914377,4.727329361873994],[-75.8533,4.7305],[-75.8517,4.7311999999999985],[-75.851,4.734000000000001],[-75.8496,4.733100000000001],[-75.8492,4.7316],[-75.8463,4.730500000000001],[-75.8437,4.727599999999999],[-75.8427,4.729099999999999],[-75.84175157391186,4.728246416623569],[-75.84174217834287,4.720456651967906],[-75.85610634282116,4.7204390787992105],[-75.8562597051597,4.72299508599508],[-75.8567,4.721800000000001],[-75.85647310260129,4.720438626211308],[-75.88682265842412,4.720400502658337]]]}},{"type":"Feature","properties":{"v":17.2,"clase":"DEFICIT_EXTREMO","periodo":"1–15 ago 2026","metodo":"IDW 6 estaciones CVC"},"geometry":{"type":"Polygon","coordinates":[[[-75.84174217834287,4.720456651967906],[-75.84175157391186,4.728246416623569],[-75.8417,4.728199999999999],[-75.8396,4.729],[-75.8387,4.732],[-75.8376,4.7324],[-75.8376,4.7334],[-75.8359,4.7337],[-75.8353,4.735199999999999],[-75.8339,4.735399999999999],[-75.8338,4.7365],[-75.8327,4.7364],[-75.8315,4.7378],[-75.8241,4.7352],[-75.8228,4.733799999999998],[-75.8215,4.734399999999998],[-75.8202,4.733300000000001],[-75.8189,4.7344],[-75.8189,4.7326],[-75.8156,4.7309],[-75.8144,4.728800000000001],[-75.813,4.729399999999999],[-75.8132,4.7284],[-75.8122,4.728199999999999],[-75.8114,4.729399999999999],[-75.8113,4.7273],[-75.8088,4.728799999999999],[-75.8063,4.726699999999999],[-75.8058,4.7281],[-75.80260000000001,4.728199999999999],[-75.8021,4.7269],[-75.8011,4.727199999999999],[-75.8003,4.725599999999999],[-75.8014,4.724799999999998],[-75.8011,4.723799999999999],[-75.7989,4.7234],[-75.7998,4.7211],[-75.79721540258613,4.720509236829792],[-75.84174217834287,4.720456651967906]]]}},{"type":"Feature","properties":{"v":18.0,"clase":"DEFICIT_EXTREMO","periodo":"1–15 ago 2026","metodo":"IDW 6 estaciones CVC"},"geometry":{"type":"Polygon","coordinates":[[[-76.24752524896478,4.765068597040385],[-76.28886527843868,4.764992329039773],[-76.2869,4.767099999999999],[-76.284,4.768699999999999],[-76.2798,4.768599999999999],[-76.278,4.7705],[-76.2762,4.771000000000001],[-76.2734,4.775299999999999],[-76.2708,4.777400000000001],[-76.2642,4.7878],[-76.2612,4.794499999999999],[-76.2586,4.794999999999998],[-76.25430000000001,4.793799999999999],[-76.24757757478272,4.793997718768199],[-76.24752524896478,4.765068597040385]]]}},{"type":"Feature","properties":{"v":17.9,"clase":"DEFICIT_EXTREMO","periodo":"1–15 ago 2026","metodo":"IDW 6 estaciones CVC"},"geometry":{"type":"Polygon","coordinates":[[[-76.20252605984142,4.81037230463562],[-76.2024470809399,4.76514892840063],[-76.24752524896478,4.765068597040385],[-76.24757757478272,4.793997718768199],[-76.2475,4.793999999999998],[-76.2433,4.7954],[-76.2306,4.8020999999999985],[-76.22430379600065,4.810333500866167],[-76.20252605984142,4.81037230463562]]]}},{"type":"Feature","properties":{"v":17.8,"clase":"DEFICIT_EXTREMO","periodo":"1–15 ago 2026","metodo":"IDW 6 estaciones CVC"},"geometry":{"type":"Polygon","coordinates":[[[-76.20252605984142,4.81037230463562],[-76.15744417807564,4.810450419208355],[-76.15736815839686,4.765226305323431],[-76.2024470809399,4.76514892840063],[-76.20252605984142,4.81037230463562]]]}},{"type":"Feature","properties":{"v":17.7,"clase":"DEFICIT_EXTREMO","periodo":"1–15 ago 2026","metodo":"IDW 6 estaciones CVC"},"geometry":{"type":"Polygon","coordinates":[[[-76.15736815839686,4.765226305323431],[-76.15744417807564,4.810450419208355],[-76.11236156982609,4.810525550937172],[-76.11228850960599,4.7653007275696915],[-76.13777483681378,4.7652590152301935],[-76.13803095238082,4.765569047618873],[-76.13778686690777,4.765258995317978],[-76.15736815839686,4.765226305323431]],[[-76.1433,4.787699999999999],[-76.1464,4.786099999999999],[-76.14704016393442,4.785110655737709],[-76.1433,4.787699999999999]],[[-76.145,4.7764],[-76.13956353276353,4.7697450142450135],[-76.1396,4.7699],[-76.145,4.7764]],[[-76.13906666666666,4.767633333333302],[-76.139,4.766799999999999],[-76.13881541950114,4.766565532879832],[-76.13906666666666,4.767633333333302]],[[-76.1475,4.7844000000000015],[-76.14751783783784,4.78392729729731],[-76.1472745341615,4.784748447204961],[-76.1475,4.7844000000000015]]]}},{"type":"Feature","properties":{"v":17.6,"clase":"DEFICIT_EXTREMO","periodo":"1–15 ago 2026","metodo":"IDW 6 estaciones CVC"},"geometry":{"type":"Polygon","coordinates":[[[-76.11236156982609,4.810525550937172],[-76.06727826337466,4.810597699589884],[-76.06720816283995,4.765372194909438],[-76.11228850960599,4.7653007275696915],[-76.11236156982609,4.810525550937172]]]}},{"type":"Feature","properties":{"v":17.5,"clase":"DEFICIT_EXTREMO","periodo":"1–15 ago 2026","metodo":"IDW 6 estaciones CVC"},"geometry":{"type":"Polygon","coordinates":[[[-76.06727826337466,4.810597699589884],[-76.02219428700535,4.810666864943519],[-76.0221271463736,4.765440707121819],[-76.06720816283995,4.765372194909438],[-76.06727826337466,4.810597699589884]]]}},{"type":"Feature","properties":{"v":17.5,"clase":"DEFICIT_EXTREMO","periodo":"1–15 ago 2026","metodo":"IDW 6 estaciones CVC"},"geometry":{"type":"Polygon","coordinates":[[[-76.02219428700535,4.810666864943519],[-75.97710966900429,4.81073304678431],[-75.97704548848391,4.7655062639951025],[-76.0221271463736,4.765440707121819],[-76.02219428700535,4.810666864943519]]]}},{"type":"Feature","properties":{"v":17.4,"clase":"DEFICIT_EXTREMO","periodo":"1–15 ago 2026","metodo":"IDW 6 estaciones CVC"},"geometry":{"type":"Polygon","coordinates":[[[-75.97704548848391,4.7655062639951025],[-75.97710966900429,4.81073304678431],[-75.93202443765969,4.810796244907711],[-75.93202433155552,4.8107182309452154],[-75.9343,4.8099],[-75.9357,4.8077000000000005],[-75.935898631905,4.806999561177077],[-75.93201758440549,4.805754702030849],[-75.93196321744988,4.765568865326692],[-75.96794102609636,4.7655191447130445],[-75.96785094339624,4.765711320754692],[-75.96800475667987,4.765519054968008],[-75.97704548848391,4.7655062639951025]],[[-75.9497,4.799999999999999],[-75.94955852090031,4.79989196141478],[-75.94981428571431,4.800293877551056],[-75.9497,4.799999999999999]],[[-75.9442,4.7958],[-75.9417,4.7971],[-75.9376,4.801],[-75.9442,4.7958]],[[-75.9675260869565,4.766404347826156],[-75.9672,4.767099999999999],[-75.96719277456648,4.7673709537572035],[-75.9675260869565,4.766404347826156]],[[-75.9613,4.806199999999999],[-75.95779278688525,4.807307540983606],[-75.9582,4.807299999999999],[-75.9613,4.806199999999999]],[[-75.95601265822785,4.807340506329113],[-75.95262953367876,4.80720518134715],[-75.9528,4.8074],[-75.95601265822785,4.807340506329113]],[[-75.9524,4.806942857142861],[-75.95045511811023,4.801941732283411],[-75.9514,4.805799999999999],[-75.9524,4.806942857142861]]]}},{"type":"Feature","properties":{"v":17.4,"clase":"DEFICIT_EXTREMO","periodo":"1–15 ago 2026","metodo":"IDW 6 estaciones CVC"},"geometry":{"type":"MultiPolygon","coordinates":[[[[-75.93196321744988,4.765568865326692],[-75.93201758440549,4.805754702030849],[-75.9306,4.805299999999999],[-75.9314,4.8022],[-75.9295,4.8004999999999995],[-75.9275,4.8004],[-75.9236,4.8025],[-75.9205,4.799899999999998],[-75.9208,4.7975],[-75.9175,4.7945],[-75.9188,4.7905999999999995],[-75.9211,4.788799999999999],[-75.926,4.7890999999999995],[-75.928,4.786999999999999],[-75.928,4.7833],[-75.9249,4.783],[-75.9224,4.781399999999999],[-75.9216,4.778100000000002],[-75.9221,4.7775],[-75.9262,4.7797],[-75.9289,4.7792],[-75.9274,4.776099999999999],[-75.9293,4.768699999999999],[-75.9269,4.7675],[-75.9228,4.7703999999999995],[-75.9205,4.769799999999999],[-75.9197,4.768099999999999],[-75.9228,4.7657],[-75.9228849189363,4.765581113850704],[-75.93196321744988,4.765568865326692]]],[[[-75.93202443765969,4.810796244907711],[-75.93180652800629,4.810796543114367],[-75.93202433155552,4.8107182309452154],[-75.93202443765969,4.810796244907711]]]]}},{"type":"Feature","properties":{"v":17.3,"clase":"DEFICIT_EXTREMO","periodo":"1–15 ago 2026","metodo":"IDW 6 estaciones CVC"},"geometry":{"type":"Polygon","coordinates":[[[-75.87833411208585,4.765639484435648],[-75.8781,4.768799999999999],[-75.8755,4.769399999999999],[-75.874,4.7669],[-75.8727,4.7668],[-75.8738,4.7715],[-75.8726,4.7746],[-75.871,4.7762],[-75.8696,4.775599999999999],[-75.8697,4.7728],[-75.8625,4.773600000000001],[-75.85970000000002,4.774799999999999],[-75.8556,4.777999999999999],[-75.8528,4.7787999999999995],[-75.8499,4.778],[-75.848,4.776500000000001],[-75.8479,4.7735],[-75.8463,4.7715],[-75.847,4.7686],[-75.8452,4.7663],[-75.84515873739583,4.765681075371088],[-75.87833411208585,4.765639484435648]]]}},{"type":"Feature","properties":{"v":18.0,"clase":"DEFICIT_EXTREMO","periodo":"1–15 ago 2026","metodo":"IDW 6 estaciones CVC"},"geometry":{"type":"Polygon","coordinates":[[[-76.20252605984142,4.81037230463562],[-76.22430379600065,4.810333500866167],[-76.2241,4.8106],[-76.2207,4.8211],[-76.2158,4.826999999999999],[-76.2115,4.829400000000001],[-76.20690000000002,4.8295],[-76.20255762017977,4.828323940585135],[-76.20252605984142,4.81037230463562]]]}},{"type":"Feature","properties":{"v":17.9,"clase":"DEFICIT_EXTREMO","periodo":"1–15 ago 2026","metodo":"IDW 6 estaciones CVC"},"geometry":{"type":"Polygon","coordinates":[[[-76.15744417807564,4.810450419208355],[-76.20252605984142,4.81037230463562],[-76.20255762017977,4.828323940585135],[-76.2021,4.8282],[-76.1921,4.828599999999999],[-76.1841,4.8322],[-76.17640000000002,4.831899999999999],[-76.1608,4.836400000000001],[-76.15748796078562,4.836302595686025],[-76.15744417807564,4.810450419208355]]]}},{"type":"Feature","properties":{"v":17.8,"clase":"DEFICIT_EXTREMO","periodo":"1–15 ago 2026","metodo":"IDW 6 estaciones CVC"},"geometry":{"type":"Polygon","coordinates":[[[-76.11236156982609,4.810525550937172],[-76.15744417807564,4.810450419208355],[-76.15748796078562,4.836302595686025],[-76.154,4.836199999999999],[-76.145,4.837900000000001],[-76.1394,4.841199999999999],[-76.1378,4.843600000000001],[-76.1369,4.849499999999999],[-76.13001909962978,4.855721092834097],[-76.1124353282485,4.855750313275741],[-76.11240602009757,4.837831329226977],[-76.1146,4.8370999999999995],[-76.11461343669251,4.837063824289407],[-76.11240599997403,4.837819002638651],[-76.11236156982609,4.810525550937172]],[[-76.1242,4.8297],[-76.12188717948719,4.829279487179488],[-76.12900000000002,4.832299999999999],[-76.1242,4.8297]],[[-76.1198,4.8289],[-76.11939887850467,4.829377009345795],[-76.12152432432433,4.829213513513513],[-76.1198,4.8289]],[[-76.1161,4.8333],[-76.11607554858935,4.833369592476473],[-76.11640410958898,4.8329383561644566],[-76.1161,4.8333]]]}},{"type":"Feature","properties":{"v":17.7,"clase":"DEFICIT_EXTREMO","periodo":"1–15 ago 2026","metodo":"IDW 6 estaciones CVC"},"geometry":{"type":"Polygon","coordinates":[[[-76.1124353282485,4.855750313275741],[-76.06734903382761,4.855823143327445],[-76.06727826337466,4.810597699589884],[-76.11236156982609,4.810525550937172],[-76.11240599997403,4.837819002638651],[-76.111,4.838299999999999],[-76.11240602009757,4.837831329226977],[-76.1124353282485,4.855750313275741]]]}},{"type":"Feature","properties":{"v":17.7,"clase":"DEFICIT_EXTREMO","periodo":"1–15 ago 2026","metodo":"IDW 6 estaciones CVC"},"geometry":{"type":"Polygon","coordinates":[[[-76.06734903382761,4.855823143327445],[-76.02226206926915,4.8558929619048055],[-76.02219428700535,4.810666864943519],[-76.06727826337466,4.810597699589884],[-76.06734903382761,4.855823143327445]]]}},{"type":"Feature","properties":{"v":17.6,"clase":"DEFICIT_EXTREMO","periodo":"1–15 ago 2026","metodo":"IDW 6 estaciones CVC"},"geometry":{"type":"Polygon","coordinates":[[[-76.02226206926915,4.8558929619048055],[-75.97717446286856,4.855959768792023],[-75.97710966900429,4.81073304678431],[-76.02219428700535,4.810666864943519],[-76.02226206926915,4.8558929619048055]]]}},{"type":"Feature","properties":{"v":17.6,"clase":"DEFICIT_EXTREMO","periodo":"1–15 ago 2026","metodo":"IDW 6 estaciones CVC"},"geometry":{"type":"Polygon","coordinates":[[[-75.97717446286856,4.855959768792023],[-75.93208624292328,4.8560235637826015],[-75.93202443765969,4.810796244907711],[-75.97710966900429,4.81073304678431],[-75.97717446286856,4.855959768792023]]]}},{"type":"Feature","properties":{"v":17.6,"clase":"DEFICIT_EXTREMO","periodo":"1–15 ago 2026","metodo":"IDW 6 estaciones CVC"},"geometry":{"type":"Polygon","coordinates":[[[-75.93202443765969,4.810796244907711],[-75.93208624292328,4.8560235637826015],[-75.9049276331227,4.856060536351695],[-75.9028,4.854899999999999],[-75.9004,4.851299999999999],[-75.9012,4.849400000000001],[-75.9055,4.8486],[-75.9062,4.847699999999999],[-75.9033,4.841599999999999],[-75.9026,4.837799999999999],[-75.9094,4.8288],[-75.9105,4.8255],[-75.9106,4.817],[-75.9124,4.8149999999999995],[-75.9165,4.8137],[-75.9191,4.816600000000001],[-75.921,4.8173],[-75.9254,4.8131],[-75.93180652800629,4.810796543114367],[-75.93202443765969,4.810796244907711]]]}},{"type":"Feature","properties":{"v":17.9,"clase":"DEFICIT_EXTREMO","periodo":"1–15 ago 2026","metodo":"IDW 6 estaciones CVC"},"geometry":{"type":"Polygon","coordinates":[[[-76.11250978510209,4.900975014016941],[-76.1124353282485,4.855750313275741],[-76.13001909962978,4.855721092834097],[-76.1296,4.856099999999999],[-76.1298,4.8603000000000005],[-76.1311,4.8635],[-76.1294,4.864999999999999],[-76.1288,4.8675999999999995],[-76.1254,4.8721],[-76.1267,4.874],[-76.1243,4.8758],[-76.1217,4.8759],[-76.1169,4.881099999999999],[-76.1174,4.8858],[-76.1141,4.890399999999999],[-76.1141,4.894],[-76.12199742906705,4.900959158579878],[-76.11250978510209,4.900975014016941]]]}},{"type":"Feature","properties":{"v":17.9,"clase":"DEFICIT_EXTREMO","periodo":"1–15 ago 2026","metodo":"IDW 6 estaciones CVC"},"geometry":{"type":"Polygon","coordinates":[[[-76.11250978510209,4.900975014016941],[-76.06742047441844,4.90104852555449],[-76.06734903382761,4.855823143327445],[-76.1124353282485,4.855750313275741],[-76.11250978510209,4.900975014016941]]]}},{"type":"Feature","properties":{"v":17.8,"clase":"DEFICIT_EXTREMO","periodo":"1–15 ago 2026","metodo":"IDW 6 estaciones CVC"},"geometry":{"type":"Polygon","coordinates":[[[-76.02226206926915,4.8558929619048055],[-76.06734903382761,4.855823143327445],[-76.06742047441844,4.90104852555449],[-76.02233049337545,4.901118997438841],[-76.0223048710402,4.8842331387193605],[-76.0229,4.883699999999999],[-76.0235,4.882299999999998],[-76.02230400814487,4.883663437097193],[-76.02226206926915,4.8558929619048055]]]}},{"type":"Feature","properties":{"v":17.8,"clase":"DEFICIT_EXTREMO","periodo":"1–15 ago 2026","metodo":"IDW 6 estaciones CVC"},"geometry":{"type":"Polygon","coordinates":[[[-75.97717446286856,4.855959768792023],[-76.02226206926915,4.8558929619048055],[-76.02230400814487,4.883663437097193],[-76.0199675767918,4.886326962457352],[-76.0223048710402,4.8842331387193605],[-76.02233049337545,4.901118997438841],[-75.98602742330371,4.901173526433036],[-75.9867,4.8966],[-75.9887,4.892200000000001],[-75.989,4.8878],[-75.9877,4.8862000000000005],[-75.9896,4.883099999999999],[-75.9891,4.881099999999999],[-75.9886,4.875600000000001],[-75.9877,4.8738],[-75.98300000000002,4.8703],[-75.9805,4.866299999999998],[-75.97718494320334,4.863235151110718],[-75.97717446286856,4.855959768792023]],[[-76.0132,4.887400000000001],[-76.0181,4.888],[-76.01814487728866,4.8879597974289055],[-76.0132,4.887400000000001]]]}},{"type":"Feature","properties":{"v":17.7,"clase":"DEFICIT_EXTREMO","periodo":"1–15 ago 2026","metodo":"IDW 6 estaciones CVC"},"geometry":{"type":"Polygon","coordinates":[[[-75.93208624292328,4.8560235637826015],[-75.97717446286856,4.855959768792023],[-75.97718494320334,4.863235151110718],[-75.9752,4.8614],[-75.9699,4.859799999999999],[-75.9673,4.859899999999999],[-75.9663,4.861199999999999],[-75.9615,4.8628],[-75.9599,4.862399999999998],[-75.9582,4.8645],[-75.9561,4.864800000000001],[-75.9533,4.862899999999999],[-75.9504,4.862399999999999],[-75.949,4.8601],[-75.9469,4.858700000000001],[-75.9417,4.8568],[-75.9406,4.8595],[-75.939,4.861],[-75.9352,4.8616],[-75.934,4.862799999999999],[-75.93209438926023,4.861953063576598],[-75.93208624292328,4.8560235637826015]]]}},{"type":"Feature","properties":{"v":17.6,"clase":"DEFICIT_EXTREMO","periodo":"1–15 ago 2026","metodo":"IDW 6 estaciones CVC"},"geometry":{"type":"Polygon","coordinates":[[[-75.93208624292328,4.8560235637826015],[-75.93209438926023,4.861953063576598],[-75.9313,4.861599999999999],[-75.9275,4.862399999999998],[-75.9269,4.864600000000001],[-75.9257,4.8652999999999995],[-75.9258,4.8668999999999984],[-75.9245,4.8668],[-75.923,4.869100000000001],[-75.9207,4.8705],[-75.9197,4.869200000000001],[-75.9185,4.869399999999998],[-75.9188,4.8716],[-75.9162,4.873399999999999],[-75.9142,4.873499999999999],[-75.9145,4.872],[-75.9111,4.8607],[-75.9083,4.857899999999998],[-75.9049276331227,4.856060536351695],[-75.93208624292328,4.8560235637826015]]]}},{"type":"Feature","properties":{"v":18.0,"clase":"DEFICIT_EXTREMO","periodo":"1–15 ago 2026","metodo":"IDW 6 estaciones CVC"},"geometry":{"type":"Polygon","coordinates":[[[-76.11250978510209,4.900975014016941],[-76.12199742906705,4.900959158579878],[-76.1242,4.902899999999999],[-76.127,4.903999999999998],[-76.13,4.9072000000000005],[-76.1295,4.909500000000001],[-76.1307,4.9108],[-76.1289,4.913700000000001],[-76.12,4.912],[-76.1156,4.9134],[-76.1128,4.915299999999999],[-76.11253341106148,4.915237273922348],[-76.11250978510209,4.900975014016941]]]}},{"type":"Feature","properties":{"v":18.0,"clase":"DEFICIT_EXTREMO","periodo":"1–15 ago 2026","metodo":"IDW 6 estaciones CVC"},"geometry":{"type":"Polygon","coordinates":[[[-76.067492585369,4.9462738457035345],[-76.06742047441844,4.90104852555449],[-76.11250978510209,4.900975014016941],[-76.11253341106148,4.915237273922348],[-76.1094,4.914499999999999],[-76.1053,4.9155999999999995],[-76.1023,4.9153],[-76.0988,4.9183],[-76.0986,4.923100000000001],[-76.0946,4.930199999999999],[-76.0953,4.935499999999998],[-76.0932,4.9374],[-76.0946,4.9413],[-76.0922,4.942499999999999],[-76.0887,4.9460999999999995],[-76.08880963565548,4.946239153969839],[-76.067492585369,4.9462738457035345]]]}},{"type":"Feature","properties":{"v":18.0,"clase":"DEFICIT_EXTREMO","periodo":"1–15 ago 2026","metodo":"IDW 6 estaciones CVC"},"geometry":{"type":"Polygon","coordinates":[[[-76.02233049337545,4.901118997438841],[-76.06742047441844,4.90104852555449],[-76.067492585369,4.9462738457035345],[-76.02991189939787,4.946333334809969],[-76.0289,4.943499999999999],[-76.0276,4.9429],[-76.0277,4.9386],[-76.0267,4.9375],[-76.02238427316263,4.936371279930229],[-76.02233049337545,4.901118997438841]]]}},{"type":"Feature","properties":{"v":17.9,"clase":"DEFICIT_EXTREMO","periodo":"1–15 ago 2026","metodo":"IDW 6 estaciones CVC"},"geometry":{"type":"Polygon","coordinates":[[[-76.02233049337545,4.901118997438841],[-76.02238427316263,4.936371279930229],[-76.0202,4.935800000000001],[-76.0198,4.934499999999997],[-76.0157,4.930899999999999],[-76.0138,4.9311],[-76.0127,4.929499999999999],[-76.0128,4.927499999999999],[-76.0116,4.926300000000001],[-76.0047,4.9218],[-76.002,4.9214],[-76.0011,4.9187],[-75.9995,4.918499999999999],[-75.9984,4.9171],[-75.9953,4.9156],[-75.9941,4.912699999999998],[-75.9888,4.912899999999998],[-75.9876,4.9114],[-75.9857,4.9033999999999995],[-75.98602742330371,4.901173526433036],[-76.02233049337545,4.901118997438841]]]}},{"type":"Feature","properties":{"v":18.1,"clase":"DEFICIT_EXTREMO","periodo":"1–15 ago 2026","metodo":"IDW 6 estaciones CVC"},"geometry":{"type":"Polygon","coordinates":[[[-76.06756536690317,4.991499103207249],[-76.067492585369,4.9462738457035345],[-76.08880963565548,4.946239153969839],[-76.0913,4.949399999999999],[-76.0905,4.9515],[-76.0914,4.955400000000001],[-76.0913,4.9593],[-76.0897,4.9613999999999985],[-76.091,4.964899999999999],[-76.0896,4.9668],[-76.0903,4.9744],[-76.0915,4.976699999999999],[-76.0902,4.979799999999999],[-76.0916,4.9845],[-76.0947,4.9889],[-76.09570561045346,4.9914527435069855],[-76.06756536690317,4.991499103207249]]]}},{"type":"Feature","properties":{"v":18.1,"clase":"DEFICIT_EXTREMO","periodo":"1–15 ago 2026","metodo":"IDW 6 estaciones CVC"},"geometry":{"type":"Polygon","coordinates":[[[-76.067492585369,4.9462738457035345],[-76.06756536690317,4.991499103207249],[-76.04492990786798,4.991535518852976],[-76.0459,4.986200000000001],[-76.0425,4.9841999999999995],[-76.0417,4.9811000000000005],[-76.0388,4.976699999999999],[-76.0351,4.967999999999999],[-76.0334,4.9672],[-76.0342,4.965099999999999],[-76.0327,4.962300000000001],[-76.0339,4.956999999999999],[-76.0301,4.953599999999999],[-76.0308,4.9519],[-76.0301,4.95],[-76.0309,4.9491],[-76.02991189939787,4.946333334809969],[-76.067492585369,4.9462738457035345]]]}},{"type":"Feature","properties":{"v":18.3,"clase":"DEFICIT_EXTREMO","periodo":"1–15 ago 2026","metodo":"IDW 6 estaciones CVC"},"geometry":{"type":"Polygon","coordinates":[[[-76.06756536690317,4.991499103207249],[-76.09570561045346,4.9914527435069855],[-76.0986,4.998799999999999],[-76.0972,5.005000000000001],[-76.0943,5.010900000000001],[-76.0961,5.0193],[-76.0964,5.024400000000001],[-76.0956,5.027099999999998],[-76.0968,5.0318],[-76.09325833304325,5.036681758859619],[-76.0781920408886,5.0367068970880675],[-76.0742,5.0329999999999995],[-76.0706,5.0268],[-76.06761843678758,5.024215988370992],[-76.06756536690317,4.991499103207249]]]}},{"type":"Feature","properties":{"v":18.2,"clase":"DEFICIT_EXTREMO","periodo":"1–15 ago 2026","metodo":"IDW 6 estaciones CVC"},"geometry":{"type":"Polygon","coordinates":[[[-76.06756536690317,4.991499103207249],[-76.06761843678758,5.024215988370992],[-76.0661,5.0229],[-76.0645,5.015799999999999],[-76.0575,5.0137],[-76.0532,5.008399999999999],[-76.0491,5.007199999999999],[-76.0491,5.0018],[-76.0481,4.9986],[-76.0451,4.9966],[-76.0443,4.995],[-76.04492990786798,4.991535518852976],[-76.06756536690317,4.991499103207249]]]}}]}