{"type":"FeatureCollection","features":[{"type":"Feature","properties":{"v":1.71},"geometry":{"type":"Polygon","coordinates":[[[-77.35035382070119,5.050023100123349],[-77.3003535919871,5.050023100123349],[-77.3003535919871,5.100023328837442],[-77.35035382070119,5.100023328837442],[-77.35035382070119,5.050023100123349]]]}},{"type":"Feature","properties":{"v":1.71},"geometry":{"type":"Polygon","coordinates":[[[-77.3003535919871,5.050023100123349],[-77.250353363273,5.050023100123349],[-77.250353363273,5.100023328837442],[-77.3003535919871,5.100023328837442],[-77.3003535919871,5.050023100123349]]]}},{"type":"Feature","properties":{"v":1.82},"geometry":{"type":"Polygon","coordinates":[[[-77.250353363273,5.050023100123349],[-77.20035313455891,5.050023100123349],[-77.20035313455891,5.100023328837442],[-77.250353363273,5.100023328837442],[-77.250353363273,5.050023100123349]]]}},{"type":"Feature","properties":{"v":1.82},"geometry":{"type":"Polygon","coordinates":[[[-77.20035313455891,5.050023100123349],[-77.15035290584483,5.050023100123349],[-77.15035290584483,5.100023328837442],[-77.20035313455891,5.100023328837442],[-77.20035313455891,5.050023100123349]]]}},{"type":"Feature","properties":{"v":1.75},"geometry":{"type":"Polygon","coordinates":[[[-77.15035290584483,5.050023100123349],[-77.10035267713073,5.050023100123349],[-77.10035267713073,5.100023328837442],[-77.15035290584483,5.100023328837442],[-77.15035290584483,5.050023100123349]]]}},{"type":"Feature","properties":{"v":1.75},"geometry":{"type":"Polygon","coordinates":[[[-77.10035267713073,5.050023100123349],[-77.05035244841663,5.050023100123349],[-77.05035244841663,5.100023328837442],[-77.10035267713073,5.100023328837442],[-77.10035267713073,5.050023100123349]]]}},{"type":"Feature","properties":{"v":1.8},"geometry":{"type":"Polygon","coordinates":[[[-77.05035244841663,5.050023100123349],[-77.00035221970255,5.050023100123349],[-77.00035221970255,5.100023328837442],[-77.05035244841663,5.100023328837442],[-77.05035244841663,5.050023100123349]]]}},{"type":"Feature","properties":{"v":1.8},"geometry":{"type":"Polygon","coordinates":[[[-77.00035221970255,5.050023100123349],[-76.95035199098845,5.050023100123349],[-76.95035199098845,5.100023328837442],[-77.00035221970255,5.100023328837442],[-77.00035221970255,5.050023100123349]]]}},{"type":"Feature","properties":{"v":1.79},"geometry":{"type":"Polygon","coordinates":[[[-76.95035199098845,5.050023100123349],[-76.90035176227435,5.050023100123349],[-76.90035176227435,5.100023328837442],[-76.95035199098845,5.100023328837442],[-76.95035199098845,5.050023100123349]]]}},{"type":"Feature","properties":{"v":1.79},"geometry":{"type":"Polygon","coordinates":[[[-76.90035176227435,5.050023100123349],[-76.85035153356027,5.050023100123349],[-76.85035153356027,5.100023328837442],[-76.90035176227435,5.100023328837442],[-76.90035176227435,5.050023100123349]]]}},{"type":"Feature","properties":{"v":1.73},"geometry":{"type":"Polygon","coordinates":[[[-76.85035153356027,5.050023100123349],[-76.80035130484617,5.050023100123349],[-76.80035130484617,5.100023328837442],[-76.85035153356027,5.100023328837442],[-76.85035153356027,5.050023100123349]]]}},{"type":"Feature","properties":{"v":1.73},"geometry":{"type":"Polygon","coordinates":[[[-76.80035130484617,5.050023100123349],[-76.75035107613208,5.050023100123349],[-76.75035107613208,5.100023328837442],[-76.80035130484617,5.100023328837442],[-76.80035130484617,5.050023100123349]]]}},{"type":"Feature","properties":{"v":1.91},"geometry":{"type":"Polygon","coordinates":[[[-76.75035107613208,5.050023100123349],[-76.700350847418,5.050023100123349],[-76.700350847418,5.100023328837442],[-76.75035107613208,5.100023328837442],[-76.75035107613208,5.050023100123349]]]}},{"type":"Feature","properties":{"v":1.91},"geometry":{"type":"Polygon","coordinates":[[[-76.700350847418,5.050023100123349],[-76.6503506187039,5.050023100123349],[-76.6503506187039,5.100023328837442],[-76.700350847418,5.100023328837442],[-76.700350847418,5.050023100123349]]]}},{"type":"Feature","properties":{"v":1.93},"geometry":{"type":"Polygon","coordinates":[[[-76.6503506187039,5.050023100123349],[-76.6003503899898,5.050023100123349],[-76.6003503899898,5.100023328837442],[-76.6503506187039,5.100023328837442],[-76.6503506187039,5.050023100123349]]]}},{"type":"Feature","properties":{"v":1.93},"geometry":{"type":"Polygon","coordinates":[[[-76.6003503899898,5.050023100123349],[-76.55035016127572,5.050023100123349],[-76.55035016127572,5.100023328837442],[-76.6003503899898,5.100023328837442],[-76.6003503899898,5.050023100123349]]]}},{"type":"Feature","properties":{"v":1.72},"geometry":{"type":"Polygon","coordinates":[[[-76.55035016127572,5.050023100123349],[-76.50034993256162,5.050023100123349],[-76.50034993256162,5.100023328837442],[-76.55035016127572,5.100023328837442],[-76.55035016127572,5.050023100123349]]]}},{"type":"Feature","properties":{"v":1.72},"geometry":{"type":"Polygon","coordinates":[[[-76.50034993256162,5.050023100123349],[-76.45034970384752,5.050023100123349],[-76.45034970384752,5.100023328837442],[-76.50034993256162,5.100023328837442],[-76.50034993256162,5.050023100123349]]]}},{"type":"Feature","properties":{"v":1.64},"geometry":{"type":"Polygon","coordinates":[[[-76.45034970384752,5.050023100123349],[-76.40034947513344,5.050023100123349],[-76.40034947513344,5.100023328837442],[-76.45034970384752,5.100023328837442],[-76.45034970384752,5.050023100123349]]]}},{"type":"Feature","properties":{"v":1.64},"geometry":{"type":"Polygon","coordinates":[[[-76.40034947513344,5.050023100123349],[-76.35034924641934,5.050023100123349],[-76.35034924641934,5.100023328837442],[-76.40034947513344,5.100023328837442],[-76.40034947513344,5.050023100123349]]]}},{"type":"Feature","properties":{"v":1.19},"geometry":{"type":"Polygon","coordinates":[[[-76.35034924641934,5.050023100123349],[-76.30034901770524,5.050023100123349],[-76.30034901770524,5.100023328837442],[-76.35034924641934,5.100023328837442],[-76.35034924641934,5.050023100123349]]]}},{"type":"Feature","properties":{"v":1.19},"geometry":{"type":"Polygon","coordinates":[[[-76.30034901770524,5.050023100123349],[-76.25034878899116,5.050023100123349],[-76.25034878899116,5.100023328837442],[-76.30034901770524,5.100023328837442],[-76.30034901770524,5.050023100123349]]]}},{"type":"Feature","properties":{"v":0.95},"geometry":{"type":"Polygon","coordinates":[[[-76.25034878899116,5.050023100123349],[-76.20034856027706,5.050023100123349],[-76.20034856027706,5.100023328837442],[-76.25034878899116,5.100023328837442],[-76.25034878899116,5.050023100123349]]]}},{"type":"Feature","properties":{"v":0.95},"geometry":{"type":"Polygon","coordinates":[[[-76.20034856027706,5.050023100123349],[-76.15034833156297,5.050023100123349],[-76.15034833156297,5.100023328837442],[-76.20034856027706,5.100023328837442],[-76.20034856027706,5.050023100123349]]]}},{"type":"Feature","properties":{"v":0.8},"geometry":{"type":"Polygon","coordinates":[[[-76.15034833156297,5.050023100123349],[-76.10034810284888,5.050023100123349],[-76.10034810284888,5.100023328837442],[-76.15034833156297,5.100023328837442],[-76.15034833156297,5.050023100123349]]]}},{"type":"Feature","properties":{"v":0.8},"geometry":{"type":"Polygon","coordinates":[[[-76.10034810284888,5.050023100123349],[-76.05034787413479,5.050023100123349],[-76.05034787413479,5.100023328837442],[-76.10034810284888,5.100023328837442],[-76.10034810284888,5.050023100123349]]]}},{"type":"Feature","properties":{"v":0.61},"geometry":{"type":"Polygon","coordinates":[[[-76.05034787413479,5.050023100123349],[-76.00034764542069,5.050023100123349],[-76.00034764542069,5.100023328837442],[-76.05034787413479,5.100023328837442],[-76.05034787413479,5.050023100123349]]]}},{"type":"Feature","properties":{"v":0.61},"geometry":{"type":"Polygon","coordinates":[[[-76.00034764542069,5.050023100123349],[-75.9503474167066,5.050023100123349],[-75.9503474167066,5.100023328837442],[-76.00034764542069,5.100023328837442],[-76.00034764542069,5.050023100123349]]]}},{"type":"Feature","properties":{"v":0.67},"geometry":{"type":"Polygon","coordinates":[[[-75.9503474167066,5.050023100123349],[-75.90034718799251,5.050023100123349],[-75.90034718799251,5.100023328837442],[-75.9503474167066,5.100023328837442],[-75.9503474167066,5.050023100123349]]]}},{"type":"Feature","properties":{"v":0.67},"geometry":{"type":"Polygon","coordinates":[[[-75.90034718799251,5.050023100123349],[-75.85034695927841,5.050023100123349],[-75.85034695927841,5.100023328837442],[-75.90034718799251,5.100023328837442],[-75.90034718799251,5.050023100123349]]]}},{"type":"Feature","properties":{"v":0.54},"geometry":{"type":"Polygon","coordinates":[[[-75.85034695927841,5.050023100123349],[-75.80034673056433,5.050023100123349],[-75.80034673056433,5.100023328837442],[-75.85034695927841,5.100023328837442],[-75.85034695927841,5.050023100123349]]]}},{"type":"Feature","properties":{"v":0.54},"geometry":{"type":"Polygon","coordinates":[[[-75.80034673056433,5.050023100123349],[-75.75034650185023,5.050023100123349],[-75.75034650185023,5.100023328837442],[-75.80034673056433,5.100023328837442],[-75.80034673056433,5.050023100123349]]]}},{"type":"Feature","properties":{"v":1.08},"geometry":{"type":"Polygon","coordinates":[[[-75.75034650185023,5.050023100123349],[-75.70034627313613,5.050023100123349],[-75.70034627313613,5.100023328837442],[-75.75034650185023,5.100023328837442],[-75.75034650185023,5.050023100123349]]]}},{"type":"Feature","properties":{"v":1.08},"geometry":{"type":"Polygon","coordinates":[[[-75.70034627313613,5.050023100123349],[-75.65034604442205,5.050023100123349],[-75.65034604442205,5.100023328837442],[-75.70034627313613,5.100023328837442],[-75.70034627313613,5.050023100123349]]]}},{"type":"Feature","properties":{"v":1.51},"geometry":{"type":"Polygon","coordinates":[[[-75.65034604442205,5.050023100123349],[-75.60034581570795,5.050023100123349],[-75.60034581570795,5.100023328837442],[-75.65034604442205,5.100023328837442],[-75.65034604442205,5.050023100123349]]]}},{"type":"Feature","properties":{"v":1.51},"geometry":{"type":"Polygon","coordinates":[[[-75.60034581570795,5.050023100123349],[-75.55034558699386,5.050023100123349],[-75.55034558699386,5.100023328837442],[-75.60034581570795,5.100023328837442],[-75.60034581570795,5.050023100123349]]]}},{"type":"Feature","properties":{"v":1.55},"geometry":{"type":"Polygon","coordinates":[[[-75.55034558699386,5.050023100123349],[-75.50034535827977,5.050023100123349],[-75.50034535827977,5.100023328837442],[-75.55034558699386,5.100023328837442],[-75.55034558699386,5.050023100123349]]]}},{"type":"Feature","properties":{"v":1.55},"geometry":{"type":"Polygon","coordinates":[[[-75.50034535827977,5.050023100123349],[-75.45034512956568,5.050023100123349],[-75.45034512956568,5.100023328837442],[-75.50034535827977,5.100023328837442],[-75.50034535827977,5.050023100123349]]]}},{"type":"Feature","properties":{"v":1.22},"geometry":{"type":"Polygon","coordinates":[[[-75.45034512956568,5.050023100123349],[-75.40034490085158,5.050023100123349],[-75.40034490085158,5.100023328837442],[-75.45034512956568,5.100023328837442],[-75.45034512956568,5.050023100123349]]]}},{"type":"Feature","properties":{"v":1.22},"geometry":{"type":"Polygon","coordinates":[[[-75.40034490085158,5.050023100123349],[-75.3503446721375,5.050023100123349],[-75.3503446721375,5.100023328837442],[-75.40034490085158,5.100023328837442],[-75.40034490085158,5.050023100123349]]]}},{"type":"Feature","properties":{"v":0.85},"geometry":{"type":"Polygon","coordinates":[[[-75.3503446721375,5.050023100123349],[-75.3003444434234,5.050023100123349],[-75.3003444434234,5.100023328837442],[-75.3503446721375,5.100023328837442],[-75.3503446721375,5.050023100123349]]]}},{"type":"Feature","properties":{"v":0.85},"geometry":{"type":"Polygon","coordinates":[[[-75.3003444434234,5.050023100123349],[-75.2503442147093,5.050023100123349],[-75.2503442147093,5.100023328837442],[-75.3003444434234,5.100023328837442],[-75.3003444434234,5.050023100123349]]]}},{"type":"Feature","properties":{"v":1.12},"geometry":{"type":"Polygon","coordinates":[[[-75.2503442147093,5.050023100123349],[-75.20034398599522,5.050023100123349],[-75.20034398599522,5.100023328837442],[-75.2503442147093,5.100023328837442],[-75.2503442147093,5.050023100123349]]]}},{"type":"Feature","properties":{"v":1.12},"geometry":{"type":"Polygon","coordinates":[[[-75.20034398599522,5.050023100123349],[-75.15034375728112,5.050023100123349],[-75.15034375728112,5.100023328837442],[-75.20034398599522,5.100023328837442],[-75.20034398599522,5.050023100123349]]]}},{"type":"Feature","properties":{"v":0.12},"geometry":{"type":"Polygon","coordinates":[[[-75.15034375728112,5.050023100123349],[-75.10034352856702,5.050023100123349],[-75.10034352856702,5.100023328837442],[-75.15034375728112,5.100023328837442],[-75.15034375728112,5.050023100123349]]]}},{"type":"Feature","properties":{"v":1.68},"geometry":{"type":"Polygon","coordinates":[[[-77.35035382070119,5.000022871409257],[-77.3003535919871,5.000022871409257],[-77.3003535919871,5.050023100123349],[-77.35035382070119,5.050023100123349],[-77.35035382070119,5.000022871409257]]]}},{"type":"Feature","properties":{"v":1.68},"geometry":{"type":"Polygon","coordinates":[[[-77.3003535919871,5.000022871409257],[-77.250353363273,5.000022871409257],[-77.250353363273,5.050023100123349],[-77.3003535919871,5.050023100123349],[-77.3003535919871,5.000022871409257]]]}},{"type":"Feature","properties":{"v":1.74},"geometry":{"type":"Polygon","coordinates":[[[-77.250353363273,5.000022871409257],[-77.20035313455891,5.000022871409257],[-77.20035313455891,5.050023100123349],[-77.250353363273,5.050023100123349],[-77.250353363273,5.000022871409257]]]}},{"type":"Feature","properties":{"v":1.74},"geometry":{"type":"Polygon","coordinates":[[[-77.20035313455891,5.000022871409257],[-77.15035290584483,5.000022871409257],[-77.15035290584483,5.050023100123349],[-77.20035313455891,5.050023100123349],[-77.20035313455891,5.000022871409257]]]}},{"type":"Feature","properties":{"v":1.69},"geometry":{"type":"Polygon","coordinates":[[[-77.15035290584483,5.000022871409257],[-77.10035267713073,5.000022871409257],[-77.10035267713073,5.050023100123349],[-77.15035290584483,5.050023100123349],[-77.15035290584483,5.000022871409257]]]}},{"type":"Feature","properties":{"v":1.69},"geometry":{"type":"Polygon","coordinates":[[[-77.10035267713073,5.000022871409257],[-77.05035244841663,5.000022871409257],[-77.05035244841663,5.050023100123349],[-77.10035267713073,5.050023100123349],[-77.10035267713073,5.000022871409257]]]}},{"type":"Feature","properties":{"v":1.69},"geometry":{"type":"Polygon","coordinates":[[[-77.05035244841663,5.000022871409257],[-77.00035221970255,5.000022871409257],[-77.00035221970255,5.050023100123349],[-77.05035244841663,5.050023100123349],[-77.05035244841663,5.000022871409257]]]}},{"type":"Feature","properties":{"v":1.69},"geometry":{"type":"Polygon","coordinates":[[[-77.00035221970255,5.000022871409257],[-76.95035199098845,5.000022871409257],[-76.95035199098845,5.050023100123349],[-77.00035221970255,5.050023100123349],[-77.00035221970255,5.000022871409257]]]}},{"type":"Feature","properties":{"v":1.77},"geometry":{"type":"Polygon","coordinates":[[[-76.95035199098845,5.000022871409257],[-76.90035176227435,5.000022871409257],[-76.90035176227435,5.050023100123349],[-76.95035199098845,5.050023100123349],[-76.95035199098845,5.000022871409257]]]}},{"type":"Feature","properties":{"v":1.77},"geometry":{"type":"Polygon","coordinates":[[[-76.90035176227435,5.000022871409257],[-76.85035153356027,5.000022871409257],[-76.85035153356027,5.050023100123349],[-76.90035176227435,5.050023100123349],[-76.90035176227435,5.000022871409257]]]}},{"type":"Feature","properties":{"v":1.75},"geometry":{"type":"Polygon","coordinates":[[[-76.85035153356027,5.000022871409257],[-76.80035130484617,5.000022871409257],[-76.80035130484617,5.050023100123349],[-76.85035153356027,5.050023100123349],[-76.85035153356027,5.000022871409257]]]}},{"type":"Feature","properties":{"v":1.75},"geometry":{"type":"Polygon","coordinates":[[[-76.80035130484617,5.000022871409257],[-76.75035107613208,5.000022871409257],[-76.75035107613208,5.050023100123349],[-76.80035130484617,5.050023100123349],[-76.80035130484617,5.000022871409257]]]}},{"type":"Feature","properties":{"v":1.9},"geometry":{"type":"Polygon","coordinates":[[[-76.75035107613208,5.000022871409257],[-76.700350847418,5.000022871409257],[-76.700350847418,5.050023100123349],[-76.75035107613208,5.050023100123349],[-76.75035107613208,5.000022871409257]]]}},{"type":"Feature","properties":{"v":1.9},"geometry":{"type":"Polygon","coordinates":[[[-76.700350847418,5.000022871409257],[-76.6503506187039,5.000022871409257],[-76.6503506187039,5.050023100123349],[-76.700350847418,5.050023100123349],[-76.700350847418,5.000022871409257]]]}},{"type":"Feature","properties":{"v":1.88},"geometry":{"type":"Polygon","coordinates":[[[-76.6503506187039,5.000022871409257],[-76.6003503899898,5.000022871409257],[-76.6003503899898,5.050023100123349],[-76.6503506187039,5.050023100123349],[-76.6503506187039,5.000022871409257]]]}},{"type":"Feature","properties":{"v":1.88},"geometry":{"type":"Polygon","coordinates":[[[-76.6003503899898,5.000022871409257],[-76.55035016127572,5.000022871409257],[-76.55035016127572,5.050023100123349],[-76.6003503899898,5.050023100123349],[-76.6003503899898,5.000022871409257]]]}},{"type":"Feature","properties":{"v":1.6},"geometry":{"type":"Polygon","coordinates":[[[-76.55035016127572,5.000022871409257],[-76.50034993256162,5.000022871409257],[-76.50034993256162,5.050023100123349],[-76.55035016127572,5.050023100123349],[-76.55035016127572,5.000022871409257]]]}},{"type":"Feature","properties":{"v":1.6},"geometry":{"type":"Polygon","coordinates":[[[-76.50034993256162,5.000022871409257],[-76.45034970384752,5.000022871409257],[-76.45034970384752,5.050023100123349],[-76.50034993256162,5.050023100123349],[-76.50034993256162,5.000022871409257]]]}},{"type":"Feature","properties":{"v":1.62},"geometry":{"type":"Polygon","coordinates":[[[-76.45034970384752,5.000022871409257],[-76.40034947513344,5.000022871409257],[-76.40034947513344,5.050023100123349],[-76.45034970384752,5.050023100123349],[-76.45034970384752,5.000022871409257]]]}},{"type":"Feature","properties":{"v":1.62},"geometry":{"type":"Polygon","coordinates":[[[-76.40034947513344,5.000022871409257],[-76.35034924641934,5.000022871409257],[-76.35034924641934,5.050023100123349],[-76.40034947513344,5.050023100123349],[-76.40034947513344,5.000022871409257]]]}},{"type":"Feature","properties":{"v":1.23},"geometry":{"type":"Polygon","coordinates":[[[-76.35034924641934,5.000022871409257],[-76.30034901770524,5.000022871409257],[-76.30034901770524,5.050023100123349],[-76.35034924641934,5.050023100123349],[-76.35034924641934,5.000022871409257]]]}},{"type":"Feature","properties":{"v":1.23},"geometry":{"type":"Polygon","coordinates":[[[-76.30034901770524,5.000022871409257],[-76.25034878899116,5.000022871409257],[-76.25034878899116,5.050023100123349],[-76.30034901770524,5.050023100123349],[-76.30034901770524,5.000022871409257]]]}},{"type":"Feature","properties":{"v":1.03},"geometry":{"type":"Polygon","coordinates":[[[-76.25034878899116,5.000022871409257],[-76.20034856027706,5.000022871409257],[-76.20034856027706,5.050023100123349],[-76.25034878899116,5.050023100123349],[-76.25034878899116,5.000022871409257]]]}},{"type":"Feature","properties":{"v":1.03},"geometry":{"type":"Polygon","coordinates":[[[-76.20034856027706,5.000022871409257],[-76.15034833156297,5.000022871409257],[-76.15034833156297,5.050023100123349],[-76.20034856027706,5.050023100123349],[-76.20034856027706,5.000022871409257]]]}},{"type":"Feature","properties":{"v":0.64},"geometry":{"type":"Polygon","coordinates":[[[-76.15034833156297,5.000022871409257],[-76.10034810284888,5.000022871409257],[-76.10034810284888,5.050023100123349],[-76.15034833156297,5.050023100123349],[-76.15034833156297,5.000022871409257]]]}},{"type":"Feature","properties":{"v":0.64},"geometry":{"type":"Polygon","coordinates":[[[-76.10034810284888,5.000022871409257],[-76.05034787413479,5.000022871409257],[-76.05034787413479,5.050023100123349],[-76.10034810284888,5.050023100123349],[-76.10034810284888,5.000022871409257]]]}},{"type":"Feature","properties":{"v":0.71},"geometry":{"type":"Polygon","coordinates":[[[-76.05034787413479,5.000022871409257],[-76.00034764542069,5.000022871409257],[-76.00034764542069,5.050023100123349],[-76.05034787413479,5.050023100123349],[-76.05034787413479,5.000022871409257]]]}},{"type":"Feature","properties":{"v":0.71},"geometry":{"type":"Polygon","coordinates":[[[-76.00034764542069,5.000022871409257],[-75.9503474167066,5.000022871409257],[-75.9503474167066,5.050023100123349],[-76.00034764542069,5.050023100123349],[-76.00034764542069,5.000022871409257]]]}},{"type":"Feature","properties":{"v":0.74},"geometry":{"type":"Polygon","coordinates":[[[-75.9503474167066,5.000022871409257],[-75.90034718799251,5.000022871409257],[-75.90034718799251,5.050023100123349],[-75.9503474167066,5.050023100123349],[-75.9503474167066,5.000022871409257]]]}},{"type":"Feature","properties":{"v":0.74},"geometry":{"type":"Polygon","coordinates":[[[-75.90034718799251,5.000022871409257],[-75.85034695927841,5.000022871409257],[-75.85034695927841,5.050023100123349],[-75.90034718799251,5.050023100123349],[-75.90034718799251,5.000022871409257]]]}},{"type":"Feature","properties":{"v":0.78},"geometry":{"type":"Polygon","coordinates":[[[-75.85034695927841,5.000022871409257],[-75.80034673056433,5.000022871409257],[-75.80034673056433,5.050023100123349],[-75.85034695927841,5.050023100123349],[-75.85034695927841,5.000022871409257]]]}},{"type":"Feature","properties":{"v":0.78},"geometry":{"type":"Polygon","coordinates":[[[-75.80034673056433,5.000022871409257],[-75.75034650185023,5.000022871409257],[-75.75034650185023,5.050023100123349],[-75.80034673056433,5.050023100123349],[-75.80034673056433,5.000022871409257]]]}},{"type":"Feature","properties":{"v":0.98},"geometry":{"type":"Polygon","coordinates":[[[-75.75034650185023,5.000022871409257],[-75.70034627313613,5.000022871409257],[-75.70034627313613,5.050023100123349],[-75.75034650185023,5.050023100123349],[-75.75034650185023,5.000022871409257]]]}},{"type":"Feature","properties":{"v":0.98},"geometry":{"type":"Polygon","coordinates":[[[-75.70034627313613,5.000022871409257],[-75.65034604442205,5.000022871409257],[-75.65034604442205,5.050023100123349],[-75.70034627313613,5.050023100123349],[-75.70034627313613,5.000022871409257]]]}},{"type":"Feature","properties":{"v":1.28},"geometry":{"type":"Polygon","coordinates":[[[-75.65034604442205,5.000022871409257],[-75.60034581570795,5.000022871409257],[-75.60034581570795,5.050023100123349],[-75.65034604442205,5.050023100123349],[-75.65034604442205,5.000022871409257]]]}},{"type":"Feature","properties":{"v":1.28},"geometry":{"type":"Polygon","coordinates":[[[-75.60034581570795,5.000022871409257],[-75.55034558699386,5.000022871409257],[-75.55034558699386,5.050023100123349],[-75.60034581570795,5.050023100123349],[-75.60034581570795,5.000022871409257]]]}},{"type":"Feature","properties":{"v":1.34},"geometry":{"type":"Polygon","coordinates":[[[-75.55034558699386,5.000022871409257],[-75.50034535827977,5.000022871409257],[-75.50034535827977,5.050023100123349],[-75.55034558699386,5.050023100123349],[-75.55034558699386,5.000022871409257]]]}},{"type":"Feature","properties":{"v":1.34},"geometry":{"type":"Polygon","coordinates":[[[-75.50034535827977,5.000022871409257],[-75.45034512956568,5.000022871409257],[-75.45034512956568,5.050023100123349],[-75.50034535827977,5.050023100123349],[-75.50034535827977,5.000022871409257]]]}},{"type":"Feature","properties":{"v":1.09},"geometry":{"type":"Polygon","coordinates":[[[-75.45034512956568,5.000022871409257],[-75.40034490085158,5.000022871409257],[-75.40034490085158,5.050023100123349],[-75.45034512956568,5.050023100123349],[-75.45034512956568,5.000022871409257]]]}},{"type":"Feature","properties":{"v":1.09},"geometry":{"type":"Polygon","coordinates":[[[-75.40034490085158,5.000022871409257],[-75.3503446721375,5.000022871409257],[-75.3503446721375,5.050023100123349],[-75.40034490085158,5.050023100123349],[-75.40034490085158,5.000022871409257]]]}},{"type":"Feature","properties":{"v":0.59},"geometry":{"type":"Polygon","coordinates":[[[-75.3503446721375,5.000022871409257],[-75.3003444434234,5.000022871409257],[-75.3003444434234,5.050023100123349],[-75.3503446721375,5.050023100123349],[-75.3503446721375,5.000022871409257]]]}},{"type":"Feature","properties":{"v":0.59},"geometry":{"type":"Polygon","coordinates":[[[-75.3003444434234,5.000022871409257],[-75.2503442147093,5.000022871409257],[-75.2503442147093,5.050023100123349],[-75.3003444434234,5.050023100123349],[-75.3003444434234,5.000022871409257]]]}},{"type":"Feature","properties":{"v":1.03},"geometry":{"type":"Polygon","coordinates":[[[-75.2503442147093,5.000022871409257],[-75.20034398599522,5.000022871409257],[-75.20034398599522,5.050023100123349],[-75.2503442147093,5.050023100123349],[-75.2503442147093,5.000022871409257]]]}},{"type":"Feature","properties":{"v":1.03},"geometry":{"type":"Polygon","coordinates":[[[-75.20034398599522,5.000022871409257],[-75.15034375728112,5.000022871409257],[-75.15034375728112,5.050023100123349],[-75.20034398599522,5.050023100123349],[-75.20034398599522,5.000022871409257]]]}},{"type":"Feature","properties":{"v":0.25},"geometry":{"type":"Polygon","coordinates":[[[-75.15034375728112,5.000022871409257],[-75.10034352856702,5.000022871409257],[-75.10034352856702,5.050023100123349],[-75.15034375728112,5.050023100123349],[-75.15034375728112,5.000022871409257]]]}},{"type":"Feature","properties":{"v":1.68},"geometry":{"type":"Polygon","coordinates":[[[-77.35035382070119,4.950022642695164],[-77.3003535919871,4.950022642695164],[-77.3003535919871,5.000022871409257],[-77.35035382070119,5.000022871409257],[-77.35035382070119,4.950022642695164]]]}},{"type":"Feature","properties":{"v":1.68},"geometry":{"type":"Polygon","coordinates":[[[-77.3003535919871,4.950022642695164],[-77.250353363273,4.950022642695164],[-77.250353363273,5.000022871409257],[-77.3003535919871,5.000022871409257],[-77.3003535919871,4.950022642695164]]]}},{"type":"Feature","properties":{"v":1.74},"geometry":{"type":"Polygon","coordinates":[[[-77.250353363273,4.950022642695164],[-77.20035313455891,4.950022642695164],[-77.20035313455891,5.000022871409257],[-77.250353363273,5.000022871409257],[-77.250353363273,4.950022642695164]]]}},{"type":"Feature","properties":{"v":1.74},"geometry":{"type":"Polygon","coordinates":[[[-77.20035313455891,4.950022642695164],[-77.15035290584483,4.950022642695164],[-77.15035290584483,5.000022871409257],[-77.20035313455891,5.000022871409257],[-77.20035313455891,4.950022642695164]]]}},{"type":"Feature","properties":{"v":1.69},"geometry":{"type":"Polygon","coordinates":[[[-77.15035290584483,4.950022642695164],[-77.10035267713073,4.950022642695164],[-77.10035267713073,5.000022871409257],[-77.15035290584483,5.000022871409257],[-77.15035290584483,4.950022642695164]]]}},{"type":"Feature","properties":{"v":1.69},"geometry":{"type":"Polygon","coordinates":[[[-77.10035267713073,4.950022642695164],[-77.05035244841663,4.950022642695164],[-77.05035244841663,5.000022871409257],[-77.10035267713073,5.000022871409257],[-77.10035267713073,4.950022642695164]]]}},{"type":"Feature","properties":{"v":1.69},"geometry":{"type":"Polygon","coordinates":[[[-77.05035244841663,4.950022642695164],[-77.00035221970255,4.950022642695164],[-77.00035221970255,5.000022871409257],[-77.05035244841663,5.000022871409257],[-77.05035244841663,4.950022642695164]]]}},{"type":"Feature","properties":{"v":1.69},"geometry":{"type":"Polygon","coordinates":[[[-77.00035221970255,4.950022642695164],[-76.95035199098845,4.950022642695164],[-76.95035199098845,5.000022871409257],[-77.00035221970255,5.000022871409257],[-77.00035221970255,4.950022642695164]]]}},{"type":"Feature","properties":{"v":1.77},"geometry":{"type":"Polygon","coordinates":[[[-76.95035199098845,4.950022642695164],[-76.90035176227435,4.950022642695164],[-76.90035176227435,5.000022871409257],[-76.95035199098845,5.000022871409257],[-76.95035199098845,4.950022642695164]]]}},{"type":"Feature","properties":{"v":1.77},"geometry":{"type":"Polygon","coordinates":[[[-76.90035176227435,4.950022642695164],[-76.85035153356027,4.950022642695164],[-76.85035153356027,5.000022871409257],[-76.90035176227435,5.000022871409257],[-76.90035176227435,4.950022642695164]]]}},{"type":"Feature","properties":{"v":1.75},"geometry":{"type":"Polygon","coordinates":[[[-76.85035153356027,4.950022642695164],[-76.80035130484617,4.950022642695164],[-76.80035130484617,5.000022871409257],[-76.85035153356027,5.000022871409257],[-76.85035153356027,4.950022642695164]]]}},{"type":"Feature","properties":{"v":1.75},"geometry":{"type":"Polygon","coordinates":[[[-76.80035130484617,4.950022642695164],[-76.75035107613208,4.950022642695164],[-76.75035107613208,5.000022871409257],[-76.80035130484617,5.000022871409257],[-76.80035130484617,4.950022642695164]]]}},{"type":"Feature","properties":{"v":1.9},"geometry":{"type":"Polygon","coordinates":[[[-76.75035107613208,4.950022642695164],[-76.700350847418,4.950022642695164],[-76.700350847418,5.000022871409257],[-76.75035107613208,5.000022871409257],[-76.75035107613208,4.950022642695164]]]}},{"type":"Feature","properties":{"v":1.9},"geometry":{"type":"Polygon","coordinates":[[[-76.700350847418,4.950022642695164],[-76.6503506187039,4.950022642695164],[-76.6503506187039,5.000022871409257],[-76.700350847418,5.000022871409257],[-76.700350847418,4.950022642695164]]]}},{"type":"Feature","properties":{"v":1.88},"geometry":{"type":"Polygon","coordinates":[[[-76.6503506187039,4.950022642695164],[-76.6003503899898,4.950022642695164],[-76.6003503899898,5.000022871409257],[-76.6503506187039,5.000022871409257],[-76.6503506187039,4.950022642695164]]]}},{"type":"Feature","properties":{"v":1.88},"geometry":{"type":"Polygon","coordinates":[[[-76.6003503899898,4.950022642695164],[-76.55035016127572,4.950022642695164],[-76.55035016127572,5.000022871409257],[-76.6003503899898,5.000022871409257],[-76.6003503899898,4.950022642695164]]]}},{"type":"Feature","properties":{"v":1.6},"geometry":{"type":"Polygon","coordinates":[[[-76.55035016127572,4.950022642695164],[-76.50034993256162,4.950022642695164],[-76.50034993256162,5.000022871409257],[-76.55035016127572,5.000022871409257],[-76.55035016127572,4.950022642695164]]]}},{"type":"Feature","properties":{"v":1.6},"geometry":{"type":"Polygon","coordinates":[[[-76.50034993256162,4.950022642695164],[-76.45034970384752,4.950022642695164],[-76.45034970384752,5.000022871409257],[-76.50034993256162,5.000022871409257],[-76.50034993256162,4.950022642695164]]]}},{"type":"Feature","properties":{"v":1.62},"geometry":{"type":"Polygon","coordinates":[[[-76.45034970384752,4.950022642695164],[-76.40034947513344,4.950022642695164],[-76.40034947513344,5.000022871409257],[-76.45034970384752,5.000022871409257],[-76.45034970384752,4.950022642695164]]]}},{"type":"Feature","properties":{"v":1.62},"geometry":{"type":"Polygon","coordinates":[[[-76.40034947513344,4.950022642695164],[-76.35034924641934,4.950022642695164],[-76.35034924641934,5.000022871409257],[-76.40034947513344,5.000022871409257],[-76.40034947513344,4.950022642695164]]]}},{"type":"Feature","properties":{"v":1.23},"geometry":{"type":"Polygon","coordinates":[[[-76.35034924641934,4.950022642695164],[-76.30034901770524,4.950022642695164],[-76.30034901770524,5.000022871409257],[-76.35034924641934,5.000022871409257],[-76.35034924641934,4.950022642695164]]]}},{"type":"Feature","properties":{"v":1.23},"geometry":{"type":"Polygon","coordinates":[[[-76.30034901770524,4.950022642695164],[-76.25034878899116,4.950022642695164],[-76.25034878899116,5.000022871409257],[-76.30034901770524,5.000022871409257],[-76.30034901770524,4.950022642695164]]]}},{"type":"Feature","properties":{"v":1.03},"geometry":{"type":"Polygon","coordinates":[[[-76.25034878899116,4.950022642695164],[-76.20034856027706,4.950022642695164],[-76.20034856027706,5.000022871409257],[-76.25034878899116,5.000022871409257],[-76.25034878899116,4.950022642695164]]]}},{"type":"Feature","properties":{"v":1.03},"geometry":{"type":"Polygon","coordinates":[[[-76.20034856027706,4.950022642695164],[-76.15034833156297,4.950022642695164],[-76.15034833156297,5.000022871409257],[-76.20034856027706,5.000022871409257],[-76.20034856027706,4.950022642695164]]]}},{"type":"Feature","properties":{"v":0.64},"geometry":{"type":"Polygon","coordinates":[[[-76.15034833156297,4.950022642695164],[-76.10034810284888,4.950022642695164],[-76.10034810284888,5.000022871409257],[-76.15034833156297,5.000022871409257],[-76.15034833156297,4.950022642695164]]]}},{"type":"Feature","properties":{"v":0.64},"geometry":{"type":"Polygon","coordinates":[[[-76.10034810284888,4.950022642695164],[-76.05034787413479,4.950022642695164],[-76.05034787413479,5.000022871409257],[-76.10034810284888,5.000022871409257],[-76.10034810284888,4.950022642695164]]]}},{"type":"Feature","properties":{"v":0.71},"geometry":{"type":"Polygon","coordinates":[[[-76.05034787413479,4.950022642695164],[-76.00034764542069,4.950022642695164],[-76.00034764542069,5.000022871409257],[-76.05034787413479,5.000022871409257],[-76.05034787413479,4.950022642695164]]]}},{"type":"Feature","properties":{"v":0.71},"geometry":{"type":"Polygon","coordinates":[[[-76.00034764542069,4.950022642695164],[-75.9503474167066,4.950022642695164],[-75.9503474167066,5.000022871409257],[-76.00034764542069,5.000022871409257],[-76.00034764542069,4.950022642695164]]]}},{"type":"Feature","properties":{"v":0.74},"geometry":{"type":"Polygon","coordinates":[[[-75.9503474167066,4.950022642695164],[-75.90034718799251,4.950022642695164],[-75.90034718799251,5.000022871409257],[-75.9503474167066,5.000022871409257],[-75.9503474167066,4.950022642695164]]]}},{"type":"Feature","properties":{"v":0.74},"geometry":{"type":"Polygon","coordinates":[[[-75.90034718799251,4.950022642695164],[-75.85034695927841,4.950022642695164],[-75.85034695927841,5.000022871409257],[-75.90034718799251,5.000022871409257],[-75.90034718799251,4.950022642695164]]]}},{"type":"Feature","properties":{"v":0.78},"geometry":{"type":"Polygon","coordinates":[[[-75.85034695927841,4.950022642695164],[-75.80034673056433,4.950022642695164],[-75.80034673056433,5.000022871409257],[-75.85034695927841,5.000022871409257],[-75.85034695927841,4.950022642695164]]]}},{"type":"Feature","properties":{"v":0.78},"geometry":{"type":"Polygon","coordinates":[[[-75.80034673056433,4.950022642695164],[-75.75034650185023,4.950022642695164],[-75.75034650185023,5.000022871409257],[-75.80034673056433,5.000022871409257],[-75.80034673056433,4.950022642695164]]]}},{"type":"Feature","properties":{"v":0.98},"geometry":{"type":"Polygon","coordinates":[[[-75.75034650185023,4.950022642695164],[-75.70034627313613,4.950022642695164],[-75.70034627313613,5.000022871409257],[-75.75034650185023,5.000022871409257],[-75.75034650185023,4.950022642695164]]]}},{"type":"Feature","properties":{"v":0.98},"geometry":{"type":"Polygon","coordinates":[[[-75.70034627313613,4.950022642695164],[-75.65034604442205,4.950022642695164],[-75.65034604442205,5.000022871409257],[-75.70034627313613,5.000022871409257],[-75.70034627313613,4.950022642695164]]]}},{"type":"Feature","properties":{"v":1.28},"geometry":{"type":"Polygon","coordinates":[[[-75.65034604442205,4.950022642695164],[-75.60034581570795,4.950022642695164],[-75.60034581570795,5.000022871409257],[-75.65034604442205,5.000022871409257],[-75.65034604442205,4.950022642695164]]]}},{"type":"Feature","properties":{"v":1.28},"geometry":{"type":"Polygon","coordinates":[[[-75.60034581570795,4.950022642695164],[-75.55034558699386,4.950022642695164],[-75.55034558699386,5.000022871409257],[-75.60034581570795,5.000022871409257],[-75.60034581570795,4.950022642695164]]]}},{"type":"Feature","properties":{"v":1.34},"geometry":{"type":"Polygon","coordinates":[[[-75.55034558699386,4.950022642695164],[-75.50034535827977,4.950022642695164],[-75.50034535827977,5.000022871409257],[-75.55034558699386,5.000022871409257],[-75.55034558699386,4.950022642695164]]]}},{"type":"Feature","properties":{"v":1.34},"geometry":{"type":"Polygon","coordinates":[[[-75.50034535827977,4.950022642695164],[-75.45034512956568,4.950022642695164],[-75.45034512956568,5.000022871409257],[-75.50034535827977,5.000022871409257],[-75.50034535827977,4.950022642695164]]]}},{"type":"Feature","properties":{"v":1.09},"geometry":{"type":"Polygon","coordinates":[[[-75.45034512956568,4.950022642695164],[-75.40034490085158,4.950022642695164],[-75.40034490085158,5.000022871409257],[-75.45034512956568,5.000022871409257],[-75.45034512956568,4.950022642695164]]]}},{"type":"Feature","properties":{"v":1.09},"geometry":{"type":"Polygon","coordinates":[[[-75.40034490085158,4.950022642695164],[-75.3503446721375,4.950022642695164],[-75.3503446721375,5.000022871409257],[-75.40034490085158,5.000022871409257],[-75.40034490085158,4.950022642695164]]]}},{"type":"Feature","properties":{"v":0.59},"geometry":{"type":"Polygon","coordinates":[[[-75.3503446721375,4.950022642695164],[-75.3003444434234,4.950022642695164],[-75.3003444434234,5.000022871409257],[-75.3503446721375,5.000022871409257],[-75.3503446721375,4.950022642695164]]]}},{"type":"Feature","properties":{"v":0.59},"geometry":{"type":"Polygon","coordinates":[[[-75.3003444434234,4.950022642695164],[-75.2503442147093,4.950022642695164],[-75.2503442147093,5.000022871409257],[-75.3003444434234,5.000022871409257],[-75.3003444434234,4.950022642695164]]]}},{"type":"Feature","properties":{"v":1.03},"geometry":{"type":"Polygon","coordinates":[[[-75.2503442147093,4.950022642695164],[-75.20034398599522,4.950022642695164],[-75.20034398599522,5.000022871409257],[-75.2503442147093,5.000022871409257],[-75.2503442147093,4.950022642695164]]]}},{"type":"Feature","properties":{"v":1.03},"geometry":{"type":"Polygon","coordinates":[[[-75.20034398599522,4.950022642695164],[-75.15034375728112,4.950022642695164],[-75.15034375728112,5.000022871409257],[-75.20034398599522,5.000022871409257],[-75.20034398599522,4.950022642695164]]]}},{"type":"Feature","properties":{"v":0.25},"geometry":{"type":"Polygon","coordinates":[[[-75.15034375728112,4.950022642695164],[-75.10034352856702,4.950022642695164],[-75.10034352856702,5.000022871409257],[-75.15034375728112,5.000022871409257],[-75.15034375728112,4.950022642695164]]]}},{"type":"Feature","properties":{"v":1.6},"geometry":{"type":"Polygon","coordinates":[[[-77.35035382070119,4.9000224139810715],[-77.3003535919871,4.9000224139810715],[-77.3003535919871,4.950022642695164],[-77.35035382070119,4.950022642695164],[-77.35035382070119,4.9000224139810715]]]}},{"type":"Feature","properties":{"v":1.6},"geometry":{"type":"Polygon","coordinates":[[[-77.3003535919871,4.9000224139810715],[-77.250353363273,4.9000224139810715],[-77.250353363273,4.950022642695164],[-77.3003535919871,4.950022642695164],[-77.3003535919871,4.9000224139810715]]]}},{"type":"Feature","properties":{"v":1.6},"geometry":{"type":"Polygon","coordinates":[[[-77.250353363273,4.9000224139810715],[-77.20035313455891,4.9000224139810715],[-77.20035313455891,4.950022642695164],[-77.250353363273,4.950022642695164],[-77.250353363273,4.9000224139810715]]]}},{"type":"Feature","properties":{"v":1.6},"geometry":{"type":"Polygon","coordinates":[[[-77.20035313455891,4.9000224139810715],[-77.15035290584483,4.9000224139810715],[-77.15035290584483,4.950022642695164],[-77.20035313455891,4.950022642695164],[-77.20035313455891,4.9000224139810715]]]}},{"type":"Feature","properties":{"v":1.63},"geometry":{"type":"Polygon","coordinates":[[[-77.15035290584483,4.9000224139810715],[-77.10035267713073,4.9000224139810715],[-77.10035267713073,4.950022642695164],[-77.15035290584483,4.950022642695164],[-77.15035290584483,4.9000224139810715]]]}},{"type":"Feature","properties":{"v":1.63},"geometry":{"type":"Polygon","coordinates":[[[-77.10035267713073,4.9000224139810715],[-77.05035244841663,4.9000224139810715],[-77.05035244841663,4.950022642695164],[-77.10035267713073,4.950022642695164],[-77.10035267713073,4.9000224139810715]]]}},{"type":"Feature","properties":{"v":1.62},"geometry":{"type":"Polygon","coordinates":[[[-77.05035244841663,4.9000224139810715],[-77.00035221970255,4.9000224139810715],[-77.00035221970255,4.950022642695164],[-77.05035244841663,4.950022642695164],[-77.05035244841663,4.9000224139810715]]]}},{"type":"Feature","properties":{"v":1.62},"geometry":{"type":"Polygon","coordinates":[[[-77.00035221970255,4.9000224139810715],[-76.95035199098845,4.9000224139810715],[-76.95035199098845,4.950022642695164],[-77.00035221970255,4.950022642695164],[-77.00035221970255,4.9000224139810715]]]}},{"type":"Feature","properties":{"v":1.67},"geometry":{"type":"Polygon","coordinates":[[[-76.95035199098845,4.9000224139810715],[-76.90035176227435,4.9000224139810715],[-76.90035176227435,4.950022642695164],[-76.95035199098845,4.950022642695164],[-76.95035199098845,4.9000224139810715]]]}},{"type":"Feature","properties":{"v":1.67},"geometry":{"type":"Polygon","coordinates":[[[-76.90035176227435,4.9000224139810715],[-76.85035153356027,4.9000224139810715],[-76.85035153356027,4.950022642695164],[-76.90035176227435,4.950022642695164],[-76.90035176227435,4.9000224139810715]]]}},{"type":"Feature","properties":{"v":1.61},"geometry":{"type":"Polygon","coordinates":[[[-76.85035153356027,4.9000224139810715],[-76.80035130484617,4.9000224139810715],[-76.80035130484617,4.950022642695164],[-76.85035153356027,4.950022642695164],[-76.85035153356027,4.9000224139810715]]]}},{"type":"Feature","properties":{"v":1.61},"geometry":{"type":"Polygon","coordinates":[[[-76.80035130484617,4.9000224139810715],[-76.75035107613208,4.9000224139810715],[-76.75035107613208,4.950022642695164],[-76.80035130484617,4.950022642695164],[-76.80035130484617,4.9000224139810715]]]}},{"type":"Feature","properties":{"v":1.61},"geometry":{"type":"Polygon","coordinates":[[[-76.75035107613208,4.9000224139810715],[-76.700350847418,4.9000224139810715],[-76.700350847418,4.950022642695164],[-76.75035107613208,4.950022642695164],[-76.75035107613208,4.9000224139810715]]]}},{"type":"Feature","properties":{"v":1.61},"geometry":{"type":"Polygon","coordinates":[[[-76.700350847418,4.9000224139810715],[-76.6503506187039,4.9000224139810715],[-76.6503506187039,4.950022642695164],[-76.700350847418,4.950022642695164],[-76.700350847418,4.9000224139810715]]]}},{"type":"Feature","properties":{"v":1.68},"geometry":{"type":"Polygon","coordinates":[[[-76.6503506187039,4.9000224139810715],[-76.6003503899898,4.9000224139810715],[-76.6003503899898,4.950022642695164],[-76.6503506187039,4.950022642695164],[-76.6503506187039,4.9000224139810715]]]}},{"type":"Feature","properties":{"v":1.68},"geometry":{"type":"Polygon","coordinates":[[[-76.6003503899898,4.9000224139810715],[-76.55035016127572,4.9000224139810715],[-76.55035016127572,4.950022642695164],[-76.6003503899898,4.950022642695164],[-76.6003503899898,4.9000224139810715]]]}},{"type":"Feature","properties":{"v":1.64},"geometry":{"type":"Polygon","coordinates":[[[-76.55035016127572,4.9000224139810715],[-76.50034993256162,4.9000224139810715],[-76.50034993256162,4.950022642695164],[-76.55035016127572,4.950022642695164],[-76.55035016127572,4.9000224139810715]]]}},{"type":"Feature","properties":{"v":1.64},"geometry":{"type":"Polygon","coordinates":[[[-76.50034993256162,4.9000224139810715],[-76.45034970384752,4.9000224139810715],[-76.45034970384752,4.950022642695164],[-76.50034993256162,4.950022642695164],[-76.50034993256162,4.9000224139810715]]]}},{"type":"Feature","properties":{"v":1.39},"geometry":{"type":"Polygon","coordinates":[[[-76.45034970384752,4.9000224139810715],[-76.40034947513344,4.9000224139810715],[-76.40034947513344,4.950022642695164],[-76.45034970384752,4.950022642695164],[-76.45034970384752,4.9000224139810715]]]}},{"type":"Feature","properties":{"v":1.39},"geometry":{"type":"Polygon","coordinates":[[[-76.40034947513344,4.9000224139810715],[-76.35034924641934,4.9000224139810715],[-76.35034924641934,4.950022642695164],[-76.40034947513344,4.950022642695164],[-76.40034947513344,4.9000224139810715]]]}},{"type":"Feature","properties":{"v":0.94},"geometry":{"type":"Polygon","coordinates":[[[-76.35034924641934,4.9000224139810715],[-76.30034901770524,4.9000224139810715],[-76.30034901770524,4.950022642695164],[-76.35034924641934,4.950022642695164],[-76.35034924641934,4.9000224139810715]]]}},{"type":"Feature","properties":{"v":0.94},"geometry":{"type":"Polygon","coordinates":[[[-76.30034901770524,4.9000224139810715],[-76.25034878899116,4.9000224139810715],[-76.25034878899116,4.950022642695164],[-76.30034901770524,4.950022642695164],[-76.30034901770524,4.9000224139810715]]]}},{"type":"Feature","properties":{"v":1.09},"geometry":{"type":"Polygon","coordinates":[[[-76.25034878899116,4.9000224139810715],[-76.20034856027706,4.9000224139810715],[-76.20034856027706,4.950022642695164],[-76.25034878899116,4.950022642695164],[-76.25034878899116,4.9000224139810715]]]}},{"type":"Feature","properties":{"v":1.09},"geometry":{"type":"Polygon","coordinates":[[[-76.20034856027706,4.9000224139810715],[-76.15034833156297,4.9000224139810715],[-76.15034833156297,4.950022642695164],[-76.20034856027706,4.950022642695164],[-76.20034856027706,4.9000224139810715]]]}},{"type":"Feature","properties":{"v":1.08},"geometry":{"type":"Polygon","coordinates":[[[-76.15034833156297,4.9000224139810715],[-76.10034810284888,4.9000224139810715],[-76.10034810284888,4.950022642695164],[-76.15034833156297,4.950022642695164],[-76.15034833156297,4.9000224139810715]]]}},{"type":"Feature","properties":{"v":1.08},"geometry":{"type":"Polygon","coordinates":[[[-76.10034810284888,4.9000224139810715],[-76.05034787413479,4.9000224139810715],[-76.05034787413479,4.950022642695164],[-76.10034810284888,4.950022642695164],[-76.10034810284888,4.9000224139810715]]]}},{"type":"Feature","properties":{"v":0.82},"geometry":{"type":"Polygon","coordinates":[[[-76.05034787413479,4.9000224139810715],[-76.00034764542069,4.9000224139810715],[-76.00034764542069,4.950022642695164],[-76.05034787413479,4.950022642695164],[-76.05034787413479,4.9000224139810715]]]}},{"type":"Feature","properties":{"v":0.82},"geometry":{"type":"Polygon","coordinates":[[[-76.00034764542069,4.9000224139810715],[-75.9503474167066,4.9000224139810715],[-75.9503474167066,4.950022642695164],[-76.00034764542069,4.950022642695164],[-76.00034764542069,4.9000224139810715]]]}},{"type":"Feature","properties":{"v":1.06},"geometry":{"type":"Polygon","coordinates":[[[-75.9503474167066,4.9000224139810715],[-75.90034718799251,4.9000224139810715],[-75.90034718799251,4.950022642695164],[-75.9503474167066,4.950022642695164],[-75.9503474167066,4.9000224139810715]]]}},{"type":"Feature","properties":{"v":1.06},"geometry":{"type":"Polygon","coordinates":[[[-75.90034718799251,4.9000224139810715],[-75.85034695927841,4.9000224139810715],[-75.85034695927841,4.950022642695164],[-75.90034718799251,4.950022642695164],[-75.90034718799251,4.9000224139810715]]]}},{"type":"Feature","properties":{"v":1.23},"geometry":{"type":"Polygon","coordinates":[[[-75.85034695927841,4.9000224139810715],[-75.80034673056433,4.9000224139810715],[-75.80034673056433,4.950022642695164],[-75.85034695927841,4.950022642695164],[-75.85034695927841,4.9000224139810715]]]}},{"type":"Feature","properties":{"v":1.23},"geometry":{"type":"Polygon","coordinates":[[[-75.80034673056433,4.9000224139810715],[-75.75034650185023,4.9000224139810715],[-75.75034650185023,4.950022642695164],[-75.80034673056433,4.950022642695164],[-75.80034673056433,4.9000224139810715]]]}},{"type":"Feature","properties":{"v":1.61},"geometry":{"type":"Polygon","coordinates":[[[-75.75034650185023,4.9000224139810715],[-75.70034627313613,4.9000224139810715],[-75.70034627313613,4.950022642695164],[-75.75034650185023,4.950022642695164],[-75.75034650185023,4.9000224139810715]]]}},{"type":"Feature","properties":{"v":1.61},"geometry":{"type":"Polygon","coordinates":[[[-75.70034627313613,4.9000224139810715],[-75.65034604442205,4.9000224139810715],[-75.65034604442205,4.950022642695164],[-75.70034627313613,4.950022642695164],[-75.70034627313613,4.9000224139810715]]]}},{"type":"Feature","properties":{"v":0.89},"geometry":{"type":"Polygon","coordinates":[[[-75.65034604442205,4.9000224139810715],[-75.60034581570795,4.9000224139810715],[-75.60034581570795,4.950022642695164],[-75.65034604442205,4.950022642695164],[-75.65034604442205,4.9000224139810715]]]}},{"type":"Feature","properties":{"v":0.89},"geometry":{"type":"Polygon","coordinates":[[[-75.60034581570795,4.9000224139810715],[-75.55034558699386,4.9000224139810715],[-75.55034558699386,4.950022642695164],[-75.60034581570795,4.950022642695164],[-75.60034581570795,4.9000224139810715]]]}},{"type":"Feature","properties":{"v":0.62},"geometry":{"type":"Polygon","coordinates":[[[-75.55034558699386,4.9000224139810715],[-75.50034535827977,4.9000224139810715],[-75.50034535827977,4.950022642695164],[-75.55034558699386,4.950022642695164],[-75.55034558699386,4.9000224139810715]]]}},{"type":"Feature","properties":{"v":0.62},"geometry":{"type":"Polygon","coordinates":[[[-75.50034535827977,4.9000224139810715],[-75.45034512956568,4.9000224139810715],[-75.45034512956568,4.950022642695164],[-75.50034535827977,4.950022642695164],[-75.50034535827977,4.9000224139810715]]]}},{"type":"Feature","properties":{"v":0.72},"geometry":{"type":"Polygon","coordinates":[[[-75.45034512956568,4.9000224139810715],[-75.40034490085158,4.9000224139810715],[-75.40034490085158,4.950022642695164],[-75.45034512956568,4.950022642695164],[-75.45034512956568,4.9000224139810715]]]}},{"type":"Feature","properties":{"v":0.72},"geometry":{"type":"Polygon","coordinates":[[[-75.40034490085158,4.9000224139810715],[-75.3503446721375,4.9000224139810715],[-75.3503446721375,4.950022642695164],[-75.40034490085158,4.950022642695164],[-75.40034490085158,4.9000224139810715]]]}},{"type":"Feature","properties":{"v":0.56},"geometry":{"type":"Polygon","coordinates":[[[-75.3503446721375,4.9000224139810715],[-75.3003444434234,4.9000224139810715],[-75.3003444434234,4.950022642695164],[-75.3503446721375,4.950022642695164],[-75.3503446721375,4.9000224139810715]]]}},{"type":"Feature","properties":{"v":0.56},"geometry":{"type":"Polygon","coordinates":[[[-75.3003444434234,4.9000224139810715],[-75.2503442147093,4.9000224139810715],[-75.2503442147093,4.950022642695164],[-75.3003444434234,4.950022642695164],[-75.3003444434234,4.9000224139810715]]]}},{"type":"Feature","properties":{"v":0.4},"geometry":{"type":"Polygon","coordinates":[[[-75.2503442147093,4.9000224139810715],[-75.20034398599522,4.9000224139810715],[-75.20034398599522,4.950022642695164],[-75.2503442147093,4.950022642695164],[-75.2503442147093,4.9000224139810715]]]}},{"type":"Feature","properties":{"v":0.4},"geometry":{"type":"Polygon","coordinates":[[[-75.20034398599522,4.9000224139810715],[-75.15034375728112,4.9000224139810715],[-75.15034375728112,4.950022642695164],[-75.20034398599522,4.950022642695164],[-75.20034398599522,4.9000224139810715]]]}},{"type":"Feature","properties":{"v":0.24},"geometry":{"type":"Polygon","coordinates":[[[-75.15034375728112,4.9000224139810715],[-75.10034352856702,4.9000224139810715],[-75.10034352856702,4.950022642695164],[-75.15034375728112,4.950022642695164],[-75.15034375728112,4.9000224139810715]]]}},{"type":"Feature","properties":{"v":1.6},"geometry":{"type":"Polygon","coordinates":[[[-77.35035382070119,4.850022185266979],[-77.3003535919871,4.850022185266979],[-77.3003535919871,4.9000224139810715],[-77.35035382070119,4.9000224139810715],[-77.35035382070119,4.850022185266979]]]}},{"type":"Feature","properties":{"v":1.6},"geometry":{"type":"Polygon","coordinates":[[[-77.3003535919871,4.850022185266979],[-77.250353363273,4.850022185266979],[-77.250353363273,4.9000224139810715],[-77.3003535919871,4.9000224139810715],[-77.3003535919871,4.850022185266979]]]}},{"type":"Feature","properties":{"v":1.6},"geometry":{"type":"Polygon","coordinates":[[[-77.250353363273,4.850022185266979],[-77.20035313455891,4.850022185266979],[-77.20035313455891,4.9000224139810715],[-77.250353363273,4.9000224139810715],[-77.250353363273,4.850022185266979]]]}},{"type":"Feature","properties":{"v":1.6},"geometry":{"type":"Polygon","coordinates":[[[-77.20035313455891,4.850022185266979],[-77.15035290584483,4.850022185266979],[-77.15035290584483,4.9000224139810715],[-77.20035313455891,4.9000224139810715],[-77.20035313455891,4.850022185266979]]]}},{"type":"Feature","properties":{"v":1.63},"geometry":{"type":"Polygon","coordinates":[[[-77.15035290584483,4.850022185266979],[-77.10035267713073,4.850022185266979],[-77.10035267713073,4.9000224139810715],[-77.15035290584483,4.9000224139810715],[-77.15035290584483,4.850022185266979]]]}},{"type":"Feature","properties":{"v":1.63},"geometry":{"type":"Polygon","coordinates":[[[-77.10035267713073,4.850022185266979],[-77.05035244841663,4.850022185266979],[-77.05035244841663,4.9000224139810715],[-77.10035267713073,4.9000224139810715],[-77.10035267713073,4.850022185266979]]]}},{"type":"Feature","properties":{"v":1.62},"geometry":{"type":"Polygon","coordinates":[[[-77.05035244841663,4.850022185266979],[-77.00035221970255,4.850022185266979],[-77.00035221970255,4.9000224139810715],[-77.05035244841663,4.9000224139810715],[-77.05035244841663,4.850022185266979]]]}},{"type":"Feature","properties":{"v":1.62},"geometry":{"type":"Polygon","coordinates":[[[-77.00035221970255,4.850022185266979],[-76.95035199098845,4.850022185266979],[-76.95035199098845,4.9000224139810715],[-77.00035221970255,4.9000224139810715],[-77.00035221970255,4.850022185266979]]]}},{"type":"Feature","properties":{"v":1.67},"geometry":{"type":"Polygon","coordinates":[[[-76.95035199098845,4.850022185266979],[-76.90035176227435,4.850022185266979],[-76.90035176227435,4.9000224139810715],[-76.95035199098845,4.9000224139810715],[-76.95035199098845,4.850022185266979]]]}},{"type":"Feature","properties":{"v":1.67},"geometry":{"type":"Polygon","coordinates":[[[-76.90035176227435,4.850022185266979],[-76.85035153356027,4.850022185266979],[-76.85035153356027,4.9000224139810715],[-76.90035176227435,4.9000224139810715],[-76.90035176227435,4.850022185266979]]]}},{"type":"Feature","properties":{"v":1.61},"geometry":{"type":"Polygon","coordinates":[[[-76.85035153356027,4.850022185266979],[-76.80035130484617,4.850022185266979],[-76.80035130484617,4.9000224139810715],[-76.85035153356027,4.9000224139810715],[-76.85035153356027,4.850022185266979]]]}},{"type":"Feature","properties":{"v":1.61},"geometry":{"type":"Polygon","coordinates":[[[-76.80035130484617,4.850022185266979],[-76.75035107613208,4.850022185266979],[-76.75035107613208,4.9000224139810715],[-76.80035130484617,4.9000224139810715],[-76.80035130484617,4.850022185266979]]]}},{"type":"Feature","properties":{"v":1.61},"geometry":{"type":"Polygon","coordinates":[[[-76.75035107613208,4.850022185266979],[-76.700350847418,4.850022185266979],[-76.700350847418,4.9000224139810715],[-76.75035107613208,4.9000224139810715],[-76.75035107613208,4.850022185266979]]]}},{"type":"Feature","properties":{"v":1.61},"geometry":{"type":"Polygon","coordinates":[[[-76.700350847418,4.850022185266979],[-76.6503506187039,4.850022185266979],[-76.6503506187039,4.9000224139810715],[-76.700350847418,4.9000224139810715],[-76.700350847418,4.850022185266979]]]}},{"type":"Feature","properties":{"v":1.68},"geometry":{"type":"Polygon","coordinates":[[[-76.6503506187039,4.850022185266979],[-76.6003503899898,4.850022185266979],[-76.6003503899898,4.9000224139810715],[-76.6503506187039,4.9000224139810715],[-76.6503506187039,4.850022185266979]]]}},{"type":"Feature","properties":{"v":1.68},"geometry":{"type":"Polygon","coordinates":[[[-76.6003503899898,4.850022185266979],[-76.55035016127572,4.850022185266979],[-76.55035016127572,4.9000224139810715],[-76.6003503899898,4.9000224139810715],[-76.6003503899898,4.850022185266979]]]}},{"type":"Feature","properties":{"v":1.64},"geometry":{"type":"Polygon","coordinates":[[[-76.55035016127572,4.850022185266979],[-76.50034993256162,4.850022185266979],[-76.50034993256162,4.9000224139810715],[-76.55035016127572,4.9000224139810715],[-76.55035016127572,4.850022185266979]]]}},{"type":"Feature","properties":{"v":1.64},"geometry":{"type":"Polygon","coordinates":[[[-76.50034993256162,4.850022185266979],[-76.45034970384752,4.850022185266979],[-76.45034970384752,4.9000224139810715],[-76.50034993256162,4.9000224139810715],[-76.50034993256162,4.850022185266979]]]}},{"type":"Feature","properties":{"v":1.39},"geometry":{"type":"Polygon","coordinates":[[[-76.45034970384752,4.850022185266979],[-76.40034947513344,4.850022185266979],[-76.40034947513344,4.9000224139810715],[-76.45034970384752,4.9000224139810715],[-76.45034970384752,4.850022185266979]]]}},{"type":"Feature","properties":{"v":1.39},"geometry":{"type":"Polygon","coordinates":[[[-76.40034947513344,4.850022185266979],[-76.35034924641934,4.850022185266979],[-76.35034924641934,4.9000224139810715],[-76.40034947513344,4.9000224139810715],[-76.40034947513344,4.850022185266979]]]}},{"type":"Feature","properties":{"v":0.94},"geometry":{"type":"Polygon","coordinates":[[[-76.35034924641934,4.850022185266979],[-76.30034901770524,4.850022185266979],[-76.30034901770524,4.9000224139810715],[-76.35034924641934,4.9000224139810715],[-76.35034924641934,4.850022185266979]]]}},{"type":"Feature","properties":{"v":0.94},"geometry":{"type":"Polygon","coordinates":[[[-76.30034901770524,4.850022185266979],[-76.25034878899116,4.850022185266979],[-76.25034878899116,4.9000224139810715],[-76.30034901770524,4.9000224139810715],[-76.30034901770524,4.850022185266979]]]}},{"type":"Feature","properties":{"v":1.09},"geometry":{"type":"Polygon","coordinates":[[[-76.25034878899116,4.850022185266979],[-76.20034856027706,4.850022185266979],[-76.20034856027706,4.9000224139810715],[-76.25034878899116,4.9000224139810715],[-76.25034878899116,4.850022185266979]]]}},{"type":"Feature","properties":{"v":1.09},"geometry":{"type":"Polygon","coordinates":[[[-76.20034856027706,4.850022185266979],[-76.15034833156297,4.850022185266979],[-76.15034833156297,4.9000224139810715],[-76.20034856027706,4.9000224139810715],[-76.20034856027706,4.850022185266979]]]}},{"type":"Feature","properties":{"v":1.08},"geometry":{"type":"Polygon","coordinates":[[[-76.15034833156297,4.850022185266979],[-76.10034810284888,4.850022185266979],[-76.10034810284888,4.9000224139810715],[-76.15034833156297,4.9000224139810715],[-76.15034833156297,4.850022185266979]]]}},{"type":"Feature","properties":{"v":1.08},"geometry":{"type":"Polygon","coordinates":[[[-76.10034810284888,4.850022185266979],[-76.05034787413479,4.850022185266979],[-76.05034787413479,4.9000224139810715],[-76.10034810284888,4.9000224139810715],[-76.10034810284888,4.850022185266979]]]}},{"type":"Feature","properties":{"v":0.82},"geometry":{"type":"Polygon","coordinates":[[[-76.05034787413479,4.850022185266979],[-76.00034764542069,4.850022185266979],[-76.00034764542069,4.9000224139810715],[-76.05034787413479,4.9000224139810715],[-76.05034787413479,4.850022185266979]]]}},{"type":"Feature","properties":{"v":0.82},"geometry":{"type":"Polygon","coordinates":[[[-76.00034764542069,4.850022185266979],[-75.9503474167066,4.850022185266979],[-75.9503474167066,4.9000224139810715],[-76.00034764542069,4.9000224139810715],[-76.00034764542069,4.850022185266979]]]}},{"type":"Feature","properties":{"v":1.06},"geometry":{"type":"Polygon","coordinates":[[[-75.9503474167066,4.850022185266979],[-75.90034718799251,4.850022185266979],[-75.90034718799251,4.9000224139810715],[-75.9503474167066,4.9000224139810715],[-75.9503474167066,4.850022185266979]]]}},{"type":"Feature","properties":{"v":1.06},"geometry":{"type":"Polygon","coordinates":[[[-75.90034718799251,4.850022185266979],[-75.85034695927841,4.850022185266979],[-75.85034695927841,4.9000224139810715],[-75.90034718799251,4.9000224139810715],[-75.90034718799251,4.850022185266979]]]}},{"type":"Feature","properties":{"v":1.23},"geometry":{"type":"Polygon","coordinates":[[[-75.85034695927841,4.850022185266979],[-75.80034673056433,4.850022185266979],[-75.80034673056433,4.9000224139810715],[-75.85034695927841,4.9000224139810715],[-75.85034695927841,4.850022185266979]]]}},{"type":"Feature","properties":{"v":1.23},"geometry":{"type":"Polygon","coordinates":[[[-75.80034673056433,4.850022185266979],[-75.75034650185023,4.850022185266979],[-75.75034650185023,4.9000224139810715],[-75.80034673056433,4.9000224139810715],[-75.80034673056433,4.850022185266979]]]}},{"type":"Feature","properties":{"v":1.61},"geometry":{"type":"Polygon","coordinates":[[[-75.75034650185023,4.850022185266979],[-75.70034627313613,4.850022185266979],[-75.70034627313613,4.9000224139810715],[-75.75034650185023,4.9000224139810715],[-75.75034650185023,4.850022185266979]]]}},{"type":"Feature","properties":{"v":1.61},"geometry":{"type":"Polygon","coordinates":[[[-75.70034627313613,4.850022185266979],[-75.65034604442205,4.850022185266979],[-75.65034604442205,4.9000224139810715],[-75.70034627313613,4.9000224139810715],[-75.70034627313613,4.850022185266979]]]}},{"type":"Feature","properties":{"v":0.89},"geometry":{"type":"Polygon","coordinates":[[[-75.65034604442205,4.850022185266979],[-75.60034581570795,4.850022185266979],[-75.60034581570795,4.9000224139810715],[-75.65034604442205,4.9000224139810715],[-75.65034604442205,4.850022185266979]]]}},{"type":"Feature","properties":{"v":0.89},"geometry":{"type":"Polygon","coordinates":[[[-75.60034581570795,4.850022185266979],[-75.55034558699386,4.850022185266979],[-75.55034558699386,4.9000224139810715],[-75.60034581570795,4.9000224139810715],[-75.60034581570795,4.850022185266979]]]}},{"type":"Feature","properties":{"v":0.62},"geometry":{"type":"Polygon","coordinates":[[[-75.55034558699386,4.850022185266979],[-75.50034535827977,4.850022185266979],[-75.50034535827977,4.9000224139810715],[-75.55034558699386,4.9000224139810715],[-75.55034558699386,4.850022185266979]]]}},{"type":"Feature","properties":{"v":0.62},"geometry":{"type":"Polygon","coordinates":[[[-75.50034535827977,4.850022185266979],[-75.45034512956568,4.850022185266979],[-75.45034512956568,4.9000224139810715],[-75.50034535827977,4.9000224139810715],[-75.50034535827977,4.850022185266979]]]}},{"type":"Feature","properties":{"v":0.72},"geometry":{"type":"Polygon","coordinates":[[[-75.45034512956568,4.850022185266979],[-75.40034490085158,4.850022185266979],[-75.40034490085158,4.9000224139810715],[-75.45034512956568,4.9000224139810715],[-75.45034512956568,4.850022185266979]]]}},{"type":"Feature","properties":{"v":0.72},"geometry":{"type":"Polygon","coordinates":[[[-75.40034490085158,4.850022185266979],[-75.3503446721375,4.850022185266979],[-75.3503446721375,4.9000224139810715],[-75.40034490085158,4.9000224139810715],[-75.40034490085158,4.850022185266979]]]}},{"type":"Feature","properties":{"v":0.56},"geometry":{"type":"Polygon","coordinates":[[[-75.3503446721375,4.850022185266979],[-75.3003444434234,4.850022185266979],[-75.3003444434234,4.9000224139810715],[-75.3503446721375,4.9000224139810715],[-75.3503446721375,4.850022185266979]]]}},{"type":"Feature","properties":{"v":0.56},"geometry":{"type":"Polygon","coordinates":[[[-75.3003444434234,4.850022185266979],[-75.2503442147093,4.850022185266979],[-75.2503442147093,4.9000224139810715],[-75.3003444434234,4.9000224139810715],[-75.3003444434234,4.850022185266979]]]}},{"type":"Feature","properties":{"v":0.4},"geometry":{"type":"Polygon","coordinates":[[[-75.2503442147093,4.850022185266979],[-75.20034398599522,4.850022185266979],[-75.20034398599522,4.9000224139810715],[-75.2503442147093,4.9000224139810715],[-75.2503442147093,4.850022185266979]]]}},{"type":"Feature","properties":{"v":0.4},"geometry":{"type":"Polygon","coordinates":[[[-75.20034398599522,4.850022185266979],[-75.15034375728112,4.850022185266979],[-75.15034375728112,4.9000224139810715],[-75.20034398599522,4.9000224139810715],[-75.20034398599522,4.850022185266979]]]}},{"type":"Feature","properties":{"v":0.24},"geometry":{"type":"Polygon","coordinates":[[[-75.15034375728112,4.850022185266979],[-75.10034352856702,4.850022185266979],[-75.10034352856702,4.9000224139810715],[-75.15034375728112,4.9000224139810715],[-75.15034375728112,4.850022185266979]]]}},{"type":"Feature","properties":{"v":1.65},"geometry":{"type":"Polygon","coordinates":[[[-77.35035382070119,4.800021956552887],[-77.3003535919871,4.800021956552887],[-77.3003535919871,4.850022185266979],[-77.35035382070119,4.850022185266979],[-77.35035382070119,4.800021956552887]]]}},{"type":"Feature","properties":{"v":1.65},"geometry":{"type":"Polygon","coordinates":[[[-77.3003535919871,4.800021956552887],[-77.250353363273,4.800021956552887],[-77.250353363273,4.850022185266979],[-77.3003535919871,4.850022185266979],[-77.3003535919871,4.800021956552887]]]}},{"type":"Feature","properties":{"v":1.6},"geometry":{"type":"Polygon","coordinates":[[[-77.250353363273,4.800021956552887],[-77.20035313455891,4.800021956552887],[-77.20035313455891,4.850022185266979],[-77.250353363273,4.850022185266979],[-77.250353363273,4.800021956552887]]]}},{"type":"Feature","properties":{"v":1.6},"geometry":{"type":"Polygon","coordinates":[[[-77.20035313455891,4.800021956552887],[-77.15035290584483,4.800021956552887],[-77.15035290584483,4.850022185266979],[-77.20035313455891,4.850022185266979],[-77.20035313455891,4.800021956552887]]]}},{"type":"Feature","properties":{"v":1.56},"geometry":{"type":"Polygon","coordinates":[[[-77.15035290584483,4.800021956552887],[-77.10035267713073,4.800021956552887],[-77.10035267713073,4.850022185266979],[-77.15035290584483,4.850022185266979],[-77.15035290584483,4.800021956552887]]]}},{"type":"Feature","properties":{"v":1.56},"geometry":{"type":"Polygon","coordinates":[[[-77.10035267713073,4.800021956552887],[-77.05035244841663,4.800021956552887],[-77.05035244841663,4.850022185266979],[-77.10035267713073,4.850022185266979],[-77.10035267713073,4.800021956552887]]]}},{"type":"Feature","properties":{"v":1.54},"geometry":{"type":"Polygon","coordinates":[[[-77.05035244841663,4.800021956552887],[-77.00035221970255,4.800021956552887],[-77.00035221970255,4.850022185266979],[-77.05035244841663,4.850022185266979],[-77.05035244841663,4.800021956552887]]]}},{"type":"Feature","properties":{"v":1.54},"geometry":{"type":"Polygon","coordinates":[[[-77.00035221970255,4.800021956552887],[-76.95035199098845,4.800021956552887],[-76.95035199098845,4.850022185266979],[-77.00035221970255,4.850022185266979],[-77.00035221970255,4.800021956552887]]]}},{"type":"Feature","properties":{"v":1.59},"geometry":{"type":"Polygon","coordinates":[[[-76.95035199098845,4.800021956552887],[-76.90035176227435,4.800021956552887],[-76.90035176227435,4.850022185266979],[-76.95035199098845,4.850022185266979],[-76.95035199098845,4.800021956552887]]]}},{"type":"Feature","properties":{"v":1.59},"geometry":{"type":"Polygon","coordinates":[[[-76.90035176227435,4.800021956552887],[-76.85035153356027,4.800021956552887],[-76.85035153356027,4.850022185266979],[-76.90035176227435,4.850022185266979],[-76.90035176227435,4.800021956552887]]]}},{"type":"Feature","properties":{"v":1.63},"geometry":{"type":"Polygon","coordinates":[[[-76.85035153356027,4.800021956552887],[-76.80035130484617,4.800021956552887],[-76.80035130484617,4.850022185266979],[-76.85035153356027,4.850022185266979],[-76.85035153356027,4.800021956552887]]]}},{"type":"Feature","properties":{"v":1.63},"geometry":{"type":"Polygon","coordinates":[[[-76.80035130484617,4.800021956552887],[-76.75035107613208,4.800021956552887],[-76.75035107613208,4.850022185266979],[-76.80035130484617,4.850022185266979],[-76.80035130484617,4.800021956552887]]]}},{"type":"Feature","properties":{"v":1.45},"geometry":{"type":"Polygon","coordinates":[[[-76.75035107613208,4.800021956552887],[-76.700350847418,4.800021956552887],[-76.700350847418,4.850022185266979],[-76.75035107613208,4.850022185266979],[-76.75035107613208,4.800021956552887]]]}},{"type":"Feature","properties":{"v":1.45},"geometry":{"type":"Polygon","coordinates":[[[-76.700350847418,4.800021956552887],[-76.6503506187039,4.800021956552887],[-76.6503506187039,4.850022185266979],[-76.700350847418,4.850022185266979],[-76.700350847418,4.800021956552887]]]}},{"type":"Feature","properties":{"v":1.42},"geometry":{"type":"Polygon","coordinates":[[[-76.6503506187039,4.800021956552887],[-76.6003503899898,4.800021956552887],[-76.6003503899898,4.850022185266979],[-76.6503506187039,4.850022185266979],[-76.6503506187039,4.800021956552887]]]}},{"type":"Feature","properties":{"v":1.42},"geometry":{"type":"Polygon","coordinates":[[[-76.6003503899898,4.800021956552887],[-76.55035016127572,4.800021956552887],[-76.55035016127572,4.850022185266979],[-76.6003503899898,4.850022185266979],[-76.6003503899898,4.800021956552887]]]}},{"type":"Feature","properties":{"v":1.54},"geometry":{"type":"Polygon","coordinates":[[[-76.55035016127572,4.800021956552887],[-76.50034993256162,4.800021956552887],[-76.50034993256162,4.850022185266979],[-76.55035016127572,4.850022185266979],[-76.55035016127572,4.800021956552887]]]}},{"type":"Feature","properties":{"v":1.54},"geometry":{"type":"Polygon","coordinates":[[[-76.50034993256162,4.800021956552887],[-76.45034970384752,4.800021956552887],[-76.45034970384752,4.850022185266979],[-76.50034993256162,4.850022185266979],[-76.50034993256162,4.800021956552887]]]}},{"type":"Feature","properties":{"v":1.21},"geometry":{"type":"Polygon","coordinates":[[[-76.45034970384752,4.800021956552887],[-76.40034947513344,4.800021956552887],[-76.40034947513344,4.850022185266979],[-76.45034970384752,4.850022185266979],[-76.45034970384752,4.800021956552887]]]}},{"type":"Feature","properties":{"v":1.21},"geometry":{"type":"Polygon","coordinates":[[[-76.40034947513344,4.800021956552887],[-76.35034924641934,4.800021956552887],[-76.35034924641934,4.850022185266979],[-76.40034947513344,4.850022185266979],[-76.40034947513344,4.800021956552887]]]}},{"type":"Feature","properties":{"v":0.88},"geometry":{"type":"Polygon","coordinates":[[[-76.35034924641934,4.800021956552887],[-76.30034901770524,4.800021956552887],[-76.30034901770524,4.850022185266979],[-76.35034924641934,4.850022185266979],[-76.35034924641934,4.800021956552887]]]}},{"type":"Feature","properties":{"v":0.88},"geometry":{"type":"Polygon","coordinates":[[[-76.30034901770524,4.800021956552887],[-76.25034878899116,4.800021956552887],[-76.25034878899116,4.850022185266979],[-76.30034901770524,4.850022185266979],[-76.30034901770524,4.800021956552887]]]}},{"type":"Feature","properties":{"v":1.15},"geometry":{"type":"Polygon","coordinates":[[[-76.25034878899116,4.800021956552887],[-76.20034856027706,4.800021956552887],[-76.20034856027706,4.850022185266979],[-76.25034878899116,4.850022185266979],[-76.25034878899116,4.800021956552887]]]}},{"type":"Feature","properties":{"v":1.15},"geometry":{"type":"Polygon","coordinates":[[[-76.20034856027706,4.800021956552887],[-76.15034833156297,4.800021956552887],[-76.15034833156297,4.850022185266979],[-76.20034856027706,4.850022185266979],[-76.20034856027706,4.800021956552887]]]}},{"type":"Feature","properties":{"v":1.31},"geometry":{"type":"Polygon","coordinates":[[[-76.15034833156297,4.800021956552887],[-76.10034810284888,4.800021956552887],[-76.10034810284888,4.850022185266979],[-76.15034833156297,4.850022185266979],[-76.15034833156297,4.800021956552887]]]}},{"type":"Feature","properties":{"v":1.31},"geometry":{"type":"Polygon","coordinates":[[[-76.10034810284888,4.800021956552887],[-76.05034787413479,4.800021956552887],[-76.05034787413479,4.850022185266979],[-76.10034810284888,4.850022185266979],[-76.10034810284888,4.800021956552887]]]}},{"type":"Feature","properties":{"v":1.19},"geometry":{"type":"Polygon","coordinates":[[[-76.05034787413479,4.800021956552887],[-76.00034764542069,4.800021956552887],[-76.00034764542069,4.850022185266979],[-76.05034787413479,4.850022185266979],[-76.05034787413479,4.800021956552887]]]}},{"type":"Feature","properties":{"v":1.19},"geometry":{"type":"Polygon","coordinates":[[[-76.00034764542069,4.800021956552887],[-75.9503474167066,4.800021956552887],[-75.9503474167066,4.850022185266979],[-76.00034764542069,4.850022185266979],[-76.00034764542069,4.800021956552887]]]}},{"type":"Feature","properties":{"v":1.57},"geometry":{"type":"Polygon","coordinates":[[[-75.9503474167066,4.800021956552887],[-75.90034718799251,4.800021956552887],[-75.90034718799251,4.850022185266979],[-75.9503474167066,4.850022185266979],[-75.9503474167066,4.800021956552887]]]}},{"type":"Feature","properties":{"v":1.57},"geometry":{"type":"Polygon","coordinates":[[[-75.90034718799251,4.800021956552887],[-75.85034695927841,4.800021956552887],[-75.85034695927841,4.850022185266979],[-75.90034718799251,4.850022185266979],[-75.90034718799251,4.800021956552887]]]}},{"type":"Feature","properties":{"v":1.47},"geometry":{"type":"Polygon","coordinates":[[[-75.85034695927841,4.800021956552887],[-75.80034673056433,4.800021956552887],[-75.80034673056433,4.850022185266979],[-75.85034695927841,4.850022185266979],[-75.85034695927841,4.800021956552887]]]}},{"type":"Feature","properties":{"v":1.47},"geometry":{"type":"Polygon","coordinates":[[[-75.80034673056433,4.800021956552887],[-75.75034650185023,4.800021956552887],[-75.75034650185023,4.850022185266979],[-75.80034673056433,4.850022185266979],[-75.80034673056433,4.800021956552887]]]}},{"type":"Feature","properties":{"v":1.36},"geometry":{"type":"Polygon","coordinates":[[[-75.75034650185023,4.800021956552887],[-75.70034627313613,4.800021956552887],[-75.70034627313613,4.850022185266979],[-75.75034650185023,4.850022185266979],[-75.75034650185023,4.800021956552887]]]}},{"type":"Feature","properties":{"v":1.36},"geometry":{"type":"Polygon","coordinates":[[[-75.70034627313613,4.800021956552887],[-75.65034604442205,4.800021956552887],[-75.65034604442205,4.850022185266979],[-75.70034627313613,4.850022185266979],[-75.70034627313613,4.800021956552887]]]}},{"type":"Feature","properties":{"v":0.77},"geometry":{"type":"Polygon","coordinates":[[[-75.65034604442205,4.800021956552887],[-75.60034581570795,4.800021956552887],[-75.60034581570795,4.850022185266979],[-75.65034604442205,4.850022185266979],[-75.65034604442205,4.800021956552887]]]}},{"type":"Feature","properties":{"v":0.77},"geometry":{"type":"Polygon","coordinates":[[[-75.60034581570795,4.800021956552887],[-75.55034558699386,4.800021956552887],[-75.55034558699386,4.850022185266979],[-75.60034581570795,4.850022185266979],[-75.60034581570795,4.800021956552887]]]}},{"type":"Feature","properties":{"v":0.75},"geometry":{"type":"Polygon","coordinates":[[[-75.55034558699386,4.800021956552887],[-75.50034535827977,4.800021956552887],[-75.50034535827977,4.850022185266979],[-75.55034558699386,4.850022185266979],[-75.55034558699386,4.800021956552887]]]}},{"type":"Feature","properties":{"v":0.75},"geometry":{"type":"Polygon","coordinates":[[[-75.50034535827977,4.800021956552887],[-75.45034512956568,4.800021956552887],[-75.45034512956568,4.850022185266979],[-75.50034535827977,4.850022185266979],[-75.50034535827977,4.800021956552887]]]}},{"type":"Feature","properties":{"v":0.63},"geometry":{"type":"Polygon","coordinates":[[[-75.45034512956568,4.800021956552887],[-75.40034490085158,4.800021956552887],[-75.40034490085158,4.850022185266979],[-75.45034512956568,4.850022185266979],[-75.45034512956568,4.800021956552887]]]}},{"type":"Feature","properties":{"v":0.63},"geometry":{"type":"Polygon","coordinates":[[[-75.40034490085158,4.800021956552887],[-75.3503446721375,4.800021956552887],[-75.3503446721375,4.850022185266979],[-75.40034490085158,4.850022185266979],[-75.40034490085158,4.800021956552887]]]}},{"type":"Feature","properties":{"v":0.31},"geometry":{"type":"Polygon","coordinates":[[[-75.3503446721375,4.800021956552887],[-75.3003444434234,4.800021956552887],[-75.3003444434234,4.850022185266979],[-75.3503446721375,4.850022185266979],[-75.3503446721375,4.800021956552887]]]}},{"type":"Feature","properties":{"v":0.31},"geometry":{"type":"Polygon","coordinates":[[[-75.3003444434234,4.800021956552887],[-75.2503442147093,4.800021956552887],[-75.2503442147093,4.850022185266979],[-75.3003444434234,4.850022185266979],[-75.3003444434234,4.800021956552887]]]}},{"type":"Feature","properties":{"v":0.31},"geometry":{"type":"Polygon","coordinates":[[[-75.2503442147093,4.800021956552887],[-75.20034398599522,4.800021956552887],[-75.20034398599522,4.850022185266979],[-75.2503442147093,4.850022185266979],[-75.2503442147093,4.800021956552887]]]}},{"type":"Feature","properties":{"v":0.31},"geometry":{"type":"Polygon","coordinates":[[[-75.20034398599522,4.800021956552887],[-75.15034375728112,4.800021956552887],[-75.15034375728112,4.850022185266979],[-75.20034398599522,4.850022185266979],[-75.20034398599522,4.800021956552887]]]}},{"type":"Feature","properties":{"v":0.3},"geometry":{"type":"Polygon","coordinates":[[[-75.15034375728112,4.800021956552887],[-75.10034352856702,4.800021956552887],[-75.10034352856702,4.850022185266979],[-75.15034375728112,4.850022185266979],[-75.15034375728112,4.800021956552887]]]}},{"type":"Feature","properties":{"v":1.65},"geometry":{"type":"Polygon","coordinates":[[[-77.35035382070119,4.750021727838794],[-77.3003535919871,4.750021727838794],[-77.3003535919871,4.800021956552887],[-77.35035382070119,4.800021956552887],[-77.35035382070119,4.750021727838794]]]}},{"type":"Feature","properties":{"v":1.65},"geometry":{"type":"Polygon","coordinates":[[[-77.3003535919871,4.750021727838794],[-77.250353363273,4.750021727838794],[-77.250353363273,4.800021956552887],[-77.3003535919871,4.800021956552887],[-77.3003535919871,4.750021727838794]]]}},{"type":"Feature","properties":{"v":1.6},"geometry":{"type":"Polygon","coordinates":[[[-77.250353363273,4.750021727838794],[-77.20035313455891,4.750021727838794],[-77.20035313455891,4.800021956552887],[-77.250353363273,4.800021956552887],[-77.250353363273,4.750021727838794]]]}},{"type":"Feature","properties":{"v":1.6},"geometry":{"type":"Polygon","coordinates":[[[-77.20035313455891,4.750021727838794],[-77.15035290584483,4.750021727838794],[-77.15035290584483,4.800021956552887],[-77.20035313455891,4.800021956552887],[-77.20035313455891,4.750021727838794]]]}},{"type":"Feature","properties":{"v":1.56},"geometry":{"type":"Polygon","coordinates":[[[-77.15035290584483,4.750021727838794],[-77.10035267713073,4.750021727838794],[-77.10035267713073,4.800021956552887],[-77.15035290584483,4.800021956552887],[-77.15035290584483,4.750021727838794]]]}},{"type":"Feature","properties":{"v":1.56},"geometry":{"type":"Polygon","coordinates":[[[-77.10035267713073,4.750021727838794],[-77.05035244841663,4.750021727838794],[-77.05035244841663,4.800021956552887],[-77.10035267713073,4.800021956552887],[-77.10035267713073,4.750021727838794]]]}},{"type":"Feature","properties":{"v":1.54},"geometry":{"type":"Polygon","coordinates":[[[-77.05035244841663,4.750021727838794],[-77.00035221970255,4.750021727838794],[-77.00035221970255,4.800021956552887],[-77.05035244841663,4.800021956552887],[-77.05035244841663,4.750021727838794]]]}},{"type":"Feature","properties":{"v":1.54},"geometry":{"type":"Polygon","coordinates":[[[-77.00035221970255,4.750021727838794],[-76.95035199098845,4.750021727838794],[-76.95035199098845,4.800021956552887],[-77.00035221970255,4.800021956552887],[-77.00035221970255,4.750021727838794]]]}},{"type":"Feature","properties":{"v":1.59},"geometry":{"type":"Polygon","coordinates":[[[-76.95035199098845,4.750021727838794],[-76.90035176227435,4.750021727838794],[-76.90035176227435,4.800021956552887],[-76.95035199098845,4.800021956552887],[-76.95035199098845,4.750021727838794]]]}},{"type":"Feature","properties":{"v":1.59},"geometry":{"type":"Polygon","coordinates":[[[-76.90035176227435,4.750021727838794],[-76.85035153356027,4.750021727838794],[-76.85035153356027,4.800021956552887],[-76.90035176227435,4.800021956552887],[-76.90035176227435,4.750021727838794]]]}},{"type":"Feature","properties":{"v":1.63},"geometry":{"type":"Polygon","coordinates":[[[-76.85035153356027,4.750021727838794],[-76.80035130484617,4.750021727838794],[-76.80035130484617,4.800021956552887],[-76.85035153356027,4.800021956552887],[-76.85035153356027,4.750021727838794]]]}},{"type":"Feature","properties":{"v":1.63},"geometry":{"type":"Polygon","coordinates":[[[-76.80035130484617,4.750021727838794],[-76.75035107613208,4.750021727838794],[-76.75035107613208,4.800021956552887],[-76.80035130484617,4.800021956552887],[-76.80035130484617,4.750021727838794]]]}},{"type":"Feature","properties":{"v":1.45},"geometry":{"type":"Polygon","coordinates":[[[-76.75035107613208,4.750021727838794],[-76.700350847418,4.750021727838794],[-76.700350847418,4.800021956552887],[-76.75035107613208,4.800021956552887],[-76.75035107613208,4.750021727838794]]]}},{"type":"Feature","properties":{"v":1.45},"geometry":{"type":"Polygon","coordinates":[[[-76.700350847418,4.750021727838794],[-76.6503506187039,4.750021727838794],[-76.6503506187039,4.800021956552887],[-76.700350847418,4.800021956552887],[-76.700350847418,4.750021727838794]]]}},{"type":"Feature","properties":{"v":1.42},"geometry":{"type":"Polygon","coordinates":[[[-76.6503506187039,4.750021727838794],[-76.6003503899898,4.750021727838794],[-76.6003503899898,4.800021956552887],[-76.6503506187039,4.800021956552887],[-76.6503506187039,4.750021727838794]]]}},{"type":"Feature","properties":{"v":1.42},"geometry":{"type":"Polygon","coordinates":[[[-76.6003503899898,4.750021727838794],[-76.55035016127572,4.750021727838794],[-76.55035016127572,4.800021956552887],[-76.6003503899898,4.800021956552887],[-76.6003503899898,4.750021727838794]]]}},{"type":"Feature","properties":{"v":1.54},"geometry":{"type":"Polygon","coordinates":[[[-76.55035016127572,4.750021727838794],[-76.50034993256162,4.750021727838794],[-76.50034993256162,4.800021956552887],[-76.55035016127572,4.800021956552887],[-76.55035016127572,4.750021727838794]]]}},{"type":"Feature","properties":{"v":1.54},"geometry":{"type":"Polygon","coordinates":[[[-76.50034993256162,4.750021727838794],[-76.45034970384752,4.750021727838794],[-76.45034970384752,4.800021956552887],[-76.50034993256162,4.800021956552887],[-76.50034993256162,4.750021727838794]]]}},{"type":"Feature","properties":{"v":1.21},"geometry":{"type":"Polygon","coordinates":[[[-76.45034970384752,4.750021727838794],[-76.40034947513344,4.750021727838794],[-76.40034947513344,4.800021956552887],[-76.45034970384752,4.800021956552887],[-76.45034970384752,4.750021727838794]]]}},{"type":"Feature","properties":{"v":1.21},"geometry":{"type":"Polygon","coordinates":[[[-76.40034947513344,4.750021727838794],[-76.35034924641934,4.750021727838794],[-76.35034924641934,4.800021956552887],[-76.40034947513344,4.800021956552887],[-76.40034947513344,4.750021727838794]]]}},{"type":"Feature","properties":{"v":0.88},"geometry":{"type":"Polygon","coordinates":[[[-76.35034924641934,4.750021727838794],[-76.30034901770524,4.750021727838794],[-76.30034901770524,4.800021956552887],[-76.35034924641934,4.800021956552887],[-76.35034924641934,4.750021727838794]]]}},{"type":"Feature","properties":{"v":0.88},"geometry":{"type":"Polygon","coordinates":[[[-76.30034901770524,4.750021727838794],[-76.25034878899116,4.750021727838794],[-76.25034878899116,4.800021956552887],[-76.30034901770524,4.800021956552887],[-76.30034901770524,4.750021727838794]]]}},{"type":"Feature","properties":{"v":1.15},"geometry":{"type":"Polygon","coordinates":[[[-76.25034878899116,4.750021727838794],[-76.20034856027706,4.750021727838794],[-76.20034856027706,4.800021956552887],[-76.25034878899116,4.800021956552887],[-76.25034878899116,4.750021727838794]]]}},{"type":"Feature","properties":{"v":1.15},"geometry":{"type":"Polygon","coordinates":[[[-76.20034856027706,4.750021727838794],[-76.15034833156297,4.750021727838794],[-76.15034833156297,4.800021956552887],[-76.20034856027706,4.800021956552887],[-76.20034856027706,4.750021727838794]]]}},{"type":"Feature","properties":{"v":1.31},"geometry":{"type":"Polygon","coordinates":[[[-76.15034833156297,4.750021727838794],[-76.10034810284888,4.750021727838794],[-76.10034810284888,4.800021956552887],[-76.15034833156297,4.800021956552887],[-76.15034833156297,4.750021727838794]]]}},{"type":"Feature","properties":{"v":1.31},"geometry":{"type":"Polygon","coordinates":[[[-76.10034810284888,4.750021727838794],[-76.05034787413479,4.750021727838794],[-76.05034787413479,4.800021956552887],[-76.10034810284888,4.800021956552887],[-76.10034810284888,4.750021727838794]]]}},{"type":"Feature","properties":{"v":1.19},"geometry":{"type":"Polygon","coordinates":[[[-76.05034787413479,4.750021727838794],[-76.00034764542069,4.750021727838794],[-76.00034764542069,4.800021956552887],[-76.05034787413479,4.800021956552887],[-76.05034787413479,4.750021727838794]]]}},{"type":"Feature","properties":{"v":1.19},"geometry":{"type":"Polygon","coordinates":[[[-76.00034764542069,4.750021727838794],[-75.9503474167066,4.750021727838794],[-75.9503474167066,4.800021956552887],[-76.00034764542069,4.800021956552887],[-76.00034764542069,4.750021727838794]]]}},{"type":"Feature","properties":{"v":1.57},"geometry":{"type":"Polygon","coordinates":[[[-75.9503474167066,4.750021727838794],[-75.90034718799251,4.750021727838794],[-75.90034718799251,4.800021956552887],[-75.9503474167066,4.800021956552887],[-75.9503474167066,4.750021727838794]]]}},{"type":"Feature","properties":{"v":1.57},"geometry":{"type":"Polygon","coordinates":[[[-75.90034718799251,4.750021727838794],[-75.85034695927841,4.750021727838794],[-75.85034695927841,4.800021956552887],[-75.90034718799251,4.800021956552887],[-75.90034718799251,4.750021727838794]]]}},{"type":"Feature","properties":{"v":1.47},"geometry":{"type":"Polygon","coordinates":[[[-75.85034695927841,4.750021727838794],[-75.80034673056433,4.750021727838794],[-75.80034673056433,4.800021956552887],[-75.85034695927841,4.800021956552887],[-75.85034695927841,4.750021727838794]]]}},{"type":"Feature","properties":{"v":1.47},"geometry":{"type":"Polygon","coordinates":[[[-75.80034673056433,4.750021727838794],[-75.75034650185023,4.750021727838794],[-75.75034650185023,4.800021956552887],[-75.80034673056433,4.800021956552887],[-75.80034673056433,4.750021727838794]]]}},{"type":"Feature","properties":{"v":1.36},"geometry":{"type":"Polygon","coordinates":[[[-75.75034650185023,4.750021727838794],[-75.70034627313613,4.750021727838794],[-75.70034627313613,4.800021956552887],[-75.75034650185023,4.800021956552887],[-75.75034650185023,4.750021727838794]]]}},{"type":"Feature","properties":{"v":1.36},"geometry":{"type":"Polygon","coordinates":[[[-75.70034627313613,4.750021727838794],[-75.65034604442205,4.750021727838794],[-75.65034604442205,4.800021956552887],[-75.70034627313613,4.800021956552887],[-75.70034627313613,4.750021727838794]]]}},{"type":"Feature","properties":{"v":0.77},"geometry":{"type":"Polygon","coordinates":[[[-75.65034604442205,4.750021727838794],[-75.60034581570795,4.750021727838794],[-75.60034581570795,4.800021956552887],[-75.65034604442205,4.800021956552887],[-75.65034604442205,4.750021727838794]]]}},{"type":"Feature","properties":{"v":0.77},"geometry":{"type":"Polygon","coordinates":[[[-75.60034581570795,4.750021727838794],[-75.55034558699386,4.750021727838794],[-75.55034558699386,4.800021956552887],[-75.60034581570795,4.800021956552887],[-75.60034581570795,4.750021727838794]]]}},{"type":"Feature","properties":{"v":0.75},"geometry":{"type":"Polygon","coordinates":[[[-75.55034558699386,4.750021727838794],[-75.50034535827977,4.750021727838794],[-75.50034535827977,4.800021956552887],[-75.55034558699386,4.800021956552887],[-75.55034558699386,4.750021727838794]]]}},{"type":"Feature","properties":{"v":0.75},"geometry":{"type":"Polygon","coordinates":[[[-75.50034535827977,4.750021727838794],[-75.45034512956568,4.750021727838794],[-75.45034512956568,4.800021956552887],[-75.50034535827977,4.800021956552887],[-75.50034535827977,4.750021727838794]]]}},{"type":"Feature","properties":{"v":0.63},"geometry":{"type":"Polygon","coordinates":[[[-75.45034512956568,4.750021727838794],[-75.40034490085158,4.750021727838794],[-75.40034490085158,4.800021956552887],[-75.45034512956568,4.800021956552887],[-75.45034512956568,4.750021727838794]]]}},{"type":"Feature","properties":{"v":0.63},"geometry":{"type":"Polygon","coordinates":[[[-75.40034490085158,4.750021727838794],[-75.3503446721375,4.750021727838794],[-75.3503446721375,4.800021956552887],[-75.40034490085158,4.800021956552887],[-75.40034490085158,4.750021727838794]]]}},{"type":"Feature","properties":{"v":0.31},"geometry":{"type":"Polygon","coordinates":[[[-75.3503446721375,4.750021727838794],[-75.3003444434234,4.750021727838794],[-75.3003444434234,4.800021956552887],[-75.3503446721375,4.800021956552887],[-75.3503446721375,4.750021727838794]]]}},{"type":"Feature","properties":{"v":0.31},"geometry":{"type":"Polygon","coordinates":[[[-75.3003444434234,4.750021727838794],[-75.2503442147093,4.750021727838794],[-75.2503442147093,4.800021956552887],[-75.3003444434234,4.800021956552887],[-75.3003444434234,4.750021727838794]]]}},{"type":"Feature","properties":{"v":0.31},"geometry":{"type":"Polygon","coordinates":[[[-75.2503442147093,4.750021727838794],[-75.20034398599522,4.750021727838794],[-75.20034398599522,4.800021956552887],[-75.2503442147093,4.800021956552887],[-75.2503442147093,4.750021727838794]]]}},{"type":"Feature","properties":{"v":0.31},"geometry":{"type":"Polygon","coordinates":[[[-75.20034398599522,4.750021727838794],[-75.15034375728112,4.750021727838794],[-75.15034375728112,4.800021956552887],[-75.20034398599522,4.800021956552887],[-75.20034398599522,4.750021727838794]]]}},{"type":"Feature","properties":{"v":0.3},"geometry":{"type":"Polygon","coordinates":[[[-75.15034375728112,4.750021727838794],[-75.10034352856702,4.750021727838794],[-75.10034352856702,4.800021956552887],[-75.15034375728112,4.800021956552887],[-75.15034375728112,4.750021727838794]]]}},{"type":"Feature","properties":{"v":1.61},"geometry":{"type":"Polygon","coordinates":[[[-77.35035382070119,4.700021499124701],[-77.3003535919871,4.700021499124701],[-77.3003535919871,4.750021727838794],[-77.35035382070119,4.750021727838794],[-77.35035382070119,4.700021499124701]]]}},{"type":"Feature","properties":{"v":1.61},"geometry":{"type":"Polygon","coordinates":[[[-77.3003535919871,4.700021499124701],[-77.250353363273,4.700021499124701],[-77.250353363273,4.750021727838794],[-77.3003535919871,4.750021727838794],[-77.3003535919871,4.700021499124701]]]}},{"type":"Feature","properties":{"v":1.6},"geometry":{"type":"Polygon","coordinates":[[[-77.250353363273,4.700021499124701],[-77.20035313455891,4.700021499124701],[-77.20035313455891,4.750021727838794],[-77.250353363273,4.750021727838794],[-77.250353363273,4.700021499124701]]]}},{"type":"Feature","properties":{"v":1.6},"geometry":{"type":"Polygon","coordinates":[[[-77.20035313455891,4.700021499124701],[-77.15035290584483,4.700021499124701],[-77.15035290584483,4.750021727838794],[-77.20035313455891,4.750021727838794],[-77.20035313455891,4.700021499124701]]]}},{"type":"Feature","properties":{"v":1.56},"geometry":{"type":"Polygon","coordinates":[[[-77.15035290584483,4.700021499124701],[-77.10035267713073,4.700021499124701],[-77.10035267713073,4.750021727838794],[-77.15035290584483,4.750021727838794],[-77.15035290584483,4.700021499124701]]]}},{"type":"Feature","properties":{"v":1.56},"geometry":{"type":"Polygon","coordinates":[[[-77.10035267713073,4.700021499124701],[-77.05035244841663,4.700021499124701],[-77.05035244841663,4.750021727838794],[-77.10035267713073,4.750021727838794],[-77.10035267713073,4.700021499124701]]]}},{"type":"Feature","properties":{"v":1.56},"geometry":{"type":"Polygon","coordinates":[[[-77.05035244841663,4.700021499124701],[-77.00035221970255,4.700021499124701],[-77.00035221970255,4.750021727838794],[-77.05035244841663,4.750021727838794],[-77.05035244841663,4.700021499124701]]]}},{"type":"Feature","properties":{"v":1.56},"geometry":{"type":"Polygon","coordinates":[[[-77.00035221970255,4.700021499124701],[-76.95035199098845,4.700021499124701],[-76.95035199098845,4.750021727838794],[-77.00035221970255,4.750021727838794],[-77.00035221970255,4.700021499124701]]]}},{"type":"Feature","properties":{"v":1.59},"geometry":{"type":"Polygon","coordinates":[[[-76.95035199098845,4.700021499124701],[-76.90035176227435,4.700021499124701],[-76.90035176227435,4.750021727838794],[-76.95035199098845,4.750021727838794],[-76.95035199098845,4.700021499124701]]]}},{"type":"Feature","properties":{"v":1.59},"geometry":{"type":"Polygon","coordinates":[[[-76.90035176227435,4.700021499124701],[-76.85035153356027,4.700021499124701],[-76.85035153356027,4.750021727838794],[-76.90035176227435,4.750021727838794],[-76.90035176227435,4.700021499124701]]]}},{"type":"Feature","properties":{"v":1.63},"geometry":{"type":"Polygon","coordinates":[[[-76.85035153356027,4.700021499124701],[-76.80035130484617,4.700021499124701],[-76.80035130484617,4.750021727838794],[-76.85035153356027,4.750021727838794],[-76.85035153356027,4.700021499124701]]]}},{"type":"Feature","properties":{"v":1.63},"geometry":{"type":"Polygon","coordinates":[[[-76.80035130484617,4.700021499124701],[-76.75035107613208,4.700021499124701],[-76.75035107613208,4.750021727838794],[-76.80035130484617,4.750021727838794],[-76.80035130484617,4.700021499124701]]]}},{"type":"Feature","properties":{"v":1.58},"geometry":{"type":"Polygon","coordinates":[[[-76.75035107613208,4.700021499124701],[-76.700350847418,4.700021499124701],[-76.700350847418,4.750021727838794],[-76.75035107613208,4.750021727838794],[-76.75035107613208,4.700021499124701]]]}},{"type":"Feature","properties":{"v":1.58},"geometry":{"type":"Polygon","coordinates":[[[-76.700350847418,4.700021499124701],[-76.6503506187039,4.700021499124701],[-76.6503506187039,4.750021727838794],[-76.700350847418,4.750021727838794],[-76.700350847418,4.700021499124701]]]}},{"type":"Feature","properties":{"v":1.45},"geometry":{"type":"Polygon","coordinates":[[[-76.6503506187039,4.700021499124701],[-76.6003503899898,4.700021499124701],[-76.6003503899898,4.750021727838794],[-76.6503506187039,4.750021727838794],[-76.6503506187039,4.700021499124701]]]}},{"type":"Feature","properties":{"v":1.45},"geometry":{"type":"Polygon","coordinates":[[[-76.6003503899898,4.700021499124701],[-76.55035016127572,4.700021499124701],[-76.55035016127572,4.750021727838794],[-76.6003503899898,4.750021727838794],[-76.6003503899898,4.700021499124701]]]}},{"type":"Feature","properties":{"v":1.43},"geometry":{"type":"Polygon","coordinates":[[[-76.55035016127572,4.700021499124701],[-76.50034993256162,4.700021499124701],[-76.50034993256162,4.750021727838794],[-76.55035016127572,4.750021727838794],[-76.55035016127572,4.700021499124701]]]}},{"type":"Feature","properties":{"v":1.43},"geometry":{"type":"Polygon","coordinates":[[[-76.50034993256162,4.700021499124701],[-76.45034970384752,4.700021499124701],[-76.45034970384752,4.750021727838794],[-76.50034993256162,4.750021727838794],[-76.50034993256162,4.700021499124701]]]}},{"type":"Feature","properties":{"v":1.18},"geometry":{"type":"Polygon","coordinates":[[[-76.45034970384752,4.700021499124701],[-76.40034947513344,4.700021499124701],[-76.40034947513344,4.750021727838794],[-76.45034970384752,4.750021727838794],[-76.45034970384752,4.700021499124701]]]}},{"type":"Feature","properties":{"v":1.18},"geometry":{"type":"Polygon","coordinates":[[[-76.40034947513344,4.700021499124701],[-76.35034924641934,4.700021499124701],[-76.35034924641934,4.750021727838794],[-76.40034947513344,4.750021727838794],[-76.40034947513344,4.700021499124701]]]}},{"type":"Feature","properties":{"v":1.1},"geometry":{"type":"Polygon","coordinates":[[[-76.35034924641934,4.700021499124701],[-76.30034901770524,4.700021499124701],[-76.30034901770524,4.750021727838794],[-76.35034924641934,4.750021727838794],[-76.35034924641934,4.700021499124701]]]}},{"type":"Feature","properties":{"v":1.1},"geometry":{"type":"Polygon","coordinates":[[[-76.30034901770524,4.700021499124701],[-76.25034878899116,4.700021499124701],[-76.25034878899116,4.750021727838794],[-76.30034901770524,4.750021727838794],[-76.30034901770524,4.700021499124701]]]}},{"type":"Feature","properties":{"v":1.29},"geometry":{"type":"Polygon","coordinates":[[[-76.25034878899116,4.700021499124701],[-76.20034856027706,4.700021499124701],[-76.20034856027706,4.750021727838794],[-76.25034878899116,4.750021727838794],[-76.25034878899116,4.700021499124701]]]}},{"type":"Feature","properties":{"v":1.29},"geometry":{"type":"Polygon","coordinates":[[[-76.20034856027706,4.700021499124701],[-76.15034833156297,4.700021499124701],[-76.15034833156297,4.750021727838794],[-76.20034856027706,4.750021727838794],[-76.20034856027706,4.700021499124701]]]}},{"type":"Feature","properties":{"v":1.29},"geometry":{"type":"Polygon","coordinates":[[[-76.15034833156297,4.700021499124701],[-76.10034810284888,4.700021499124701],[-76.10034810284888,4.750021727838794],[-76.15034833156297,4.750021727838794],[-76.15034833156297,4.700021499124701]]]}},{"type":"Feature","properties":{"v":1.29},"geometry":{"type":"Polygon","coordinates":[[[-76.10034810284888,4.700021499124701],[-76.05034787413479,4.700021499124701],[-76.05034787413479,4.750021727838794],[-76.10034810284888,4.750021727838794],[-76.10034810284888,4.700021499124701]]]}},{"type":"Feature","properties":{"v":1.36},"geometry":{"type":"Polygon","coordinates":[[[-76.05034787413479,4.700021499124701],[-76.00034764542069,4.700021499124701],[-76.00034764542069,4.750021727838794],[-76.05034787413479,4.750021727838794],[-76.05034787413479,4.700021499124701]]]}},{"type":"Feature","properties":{"v":1.36},"geometry":{"type":"Polygon","coordinates":[[[-76.00034764542069,4.700021499124701],[-75.9503474167066,4.700021499124701],[-75.9503474167066,4.750021727838794],[-76.00034764542069,4.750021727838794],[-76.00034764542069,4.700021499124701]]]}},{"type":"Feature","properties":{"v":1.71},"geometry":{"type":"Polygon","coordinates":[[[-75.9503474167066,4.700021499124701],[-75.90034718799251,4.700021499124701],[-75.90034718799251,4.750021727838794],[-75.9503474167066,4.750021727838794],[-75.9503474167066,4.700021499124701]]]}},{"type":"Feature","properties":{"v":1.71},"geometry":{"type":"Polygon","coordinates":[[[-75.90034718799251,4.700021499124701],[-75.85034695927841,4.700021499124701],[-75.85034695927841,4.750021727838794],[-75.90034718799251,4.750021727838794],[-75.90034718799251,4.700021499124701]]]}},{"type":"Feature","properties":{"v":1.56},"geometry":{"type":"Polygon","coordinates":[[[-75.85034695927841,4.700021499124701],[-75.80034673056433,4.700021499124701],[-75.80034673056433,4.750021727838794],[-75.85034695927841,4.750021727838794],[-75.85034695927841,4.700021499124701]]]}},{"type":"Feature","properties":{"v":1.56},"geometry":{"type":"Polygon","coordinates":[[[-75.80034673056433,4.700021499124701],[-75.75034650185023,4.700021499124701],[-75.75034650185023,4.750021727838794],[-75.80034673056433,4.750021727838794],[-75.80034673056433,4.700021499124701]]]}},{"type":"Feature","properties":{"v":1.25},"geometry":{"type":"Polygon","coordinates":[[[-75.75034650185023,4.700021499124701],[-75.70034627313613,4.700021499124701],[-75.70034627313613,4.750021727838794],[-75.75034650185023,4.750021727838794],[-75.75034650185023,4.700021499124701]]]}},{"type":"Feature","properties":{"v":1.25},"geometry":{"type":"Polygon","coordinates":[[[-75.70034627313613,4.700021499124701],[-75.65034604442205,4.700021499124701],[-75.65034604442205,4.750021727838794],[-75.70034627313613,4.750021727838794],[-75.70034627313613,4.700021499124701]]]}},{"type":"Feature","properties":{"v":0.97},"geometry":{"type":"Polygon","coordinates":[[[-75.65034604442205,4.700021499124701],[-75.60034581570795,4.700021499124701],[-75.60034581570795,4.750021727838794],[-75.65034604442205,4.750021727838794],[-75.65034604442205,4.700021499124701]]]}},{"type":"Feature","properties":{"v":0.97},"geometry":{"type":"Polygon","coordinates":[[[-75.60034581570795,4.700021499124701],[-75.55034558699386,4.700021499124701],[-75.55034558699386,4.750021727838794],[-75.60034581570795,4.750021727838794],[-75.60034581570795,4.700021499124701]]]}},{"type":"Feature","properties":{"v":0.78},"geometry":{"type":"Polygon","coordinates":[[[-75.55034558699386,4.700021499124701],[-75.50034535827977,4.700021499124701],[-75.50034535827977,4.750021727838794],[-75.55034558699386,4.750021727838794],[-75.55034558699386,4.700021499124701]]]}},{"type":"Feature","properties":{"v":0.78},"geometry":{"type":"Polygon","coordinates":[[[-75.50034535827977,4.700021499124701],[-75.45034512956568,4.700021499124701],[-75.45034512956568,4.750021727838794],[-75.50034535827977,4.750021727838794],[-75.50034535827977,4.700021499124701]]]}},{"type":"Feature","properties":{"v":0.6},"geometry":{"type":"Polygon","coordinates":[[[-75.45034512956568,4.700021499124701],[-75.40034490085158,4.700021499124701],[-75.40034490085158,4.750021727838794],[-75.45034512956568,4.750021727838794],[-75.45034512956568,4.700021499124701]]]}},{"type":"Feature","properties":{"v":0.6},"geometry":{"type":"Polygon","coordinates":[[[-75.40034490085158,4.700021499124701],[-75.3503446721375,4.700021499124701],[-75.3503446721375,4.750021727838794],[-75.40034490085158,4.750021727838794],[-75.40034490085158,4.700021499124701]]]}},{"type":"Feature","properties":{"v":0.25},"geometry":{"type":"Polygon","coordinates":[[[-75.3503446721375,4.700021499124701],[-75.3003444434234,4.700021499124701],[-75.3003444434234,4.750021727838794],[-75.3503446721375,4.750021727838794],[-75.3503446721375,4.700021499124701]]]}},{"type":"Feature","properties":{"v":0.25},"geometry":{"type":"Polygon","coordinates":[[[-75.3003444434234,4.700021499124701],[-75.2503442147093,4.700021499124701],[-75.2503442147093,4.750021727838794],[-75.3003444434234,4.750021727838794],[-75.3003444434234,4.700021499124701]]]}},{"type":"Feature","properties":{"v":0.58},"geometry":{"type":"Polygon","coordinates":[[[-75.2503442147093,4.700021499124701],[-75.20034398599522,4.700021499124701],[-75.20034398599522,4.750021727838794],[-75.2503442147093,4.750021727838794],[-75.2503442147093,4.700021499124701]]]}},{"type":"Feature","properties":{"v":0.58},"geometry":{"type":"Polygon","coordinates":[[[-75.20034398599522,4.700021499124701],[-75.15034375728112,4.700021499124701],[-75.15034375728112,4.750021727838794],[-75.20034398599522,4.750021727838794],[-75.20034398599522,4.700021499124701]]]}},{"type":"Feature","properties":{"v":0.46},"geometry":{"type":"Polygon","coordinates":[[[-75.15034375728112,4.700021499124701],[-75.10034352856702,4.700021499124701],[-75.10034352856702,4.750021727838794],[-75.15034375728112,4.750021727838794],[-75.15034375728112,4.700021499124701]]]}},{"type":"Feature","properties":{"v":1.61},"geometry":{"type":"Polygon","coordinates":[[[-77.35035382070119,4.650021270410609],[-77.3003535919871,4.650021270410609],[-77.3003535919871,4.700021499124701],[-77.35035382070119,4.700021499124701],[-77.35035382070119,4.650021270410609]]]}},{"type":"Feature","properties":{"v":1.61},"geometry":{"type":"Polygon","coordinates":[[[-77.3003535919871,4.650021270410609],[-77.250353363273,4.650021270410609],[-77.250353363273,4.700021499124701],[-77.3003535919871,4.700021499124701],[-77.3003535919871,4.650021270410609]]]}},{"type":"Feature","properties":{"v":1.6},"geometry":{"type":"Polygon","coordinates":[[[-77.250353363273,4.650021270410609],[-77.20035313455891,4.650021270410609],[-77.20035313455891,4.700021499124701],[-77.250353363273,4.700021499124701],[-77.250353363273,4.650021270410609]]]}},{"type":"Feature","properties":{"v":1.6},"geometry":{"type":"Polygon","coordinates":[[[-77.20035313455891,4.650021270410609],[-77.15035290584483,4.650021270410609],[-77.15035290584483,4.700021499124701],[-77.20035313455891,4.700021499124701],[-77.20035313455891,4.650021270410609]]]}},{"type":"Feature","properties":{"v":1.56},"geometry":{"type":"Polygon","coordinates":[[[-77.15035290584483,4.650021270410609],[-77.10035267713073,4.650021270410609],[-77.10035267713073,4.700021499124701],[-77.15035290584483,4.700021499124701],[-77.15035290584483,4.650021270410609]]]}},{"type":"Feature","properties":{"v":1.56},"geometry":{"type":"Polygon","coordinates":[[[-77.10035267713073,4.650021270410609],[-77.05035244841663,4.650021270410609],[-77.05035244841663,4.700021499124701],[-77.10035267713073,4.700021499124701],[-77.10035267713073,4.650021270410609]]]}},{"type":"Feature","properties":{"v":1.56},"geometry":{"type":"Polygon","coordinates":[[[-77.05035244841663,4.650021270410609],[-77.00035221970255,4.650021270410609],[-77.00035221970255,4.700021499124701],[-77.05035244841663,4.700021499124701],[-77.05035244841663,4.650021270410609]]]}},{"type":"Feature","properties":{"v":1.56},"geometry":{"type":"Polygon","coordinates":[[[-77.00035221970255,4.650021270410609],[-76.95035199098845,4.650021270410609],[-76.95035199098845,4.700021499124701],[-77.00035221970255,4.700021499124701],[-77.00035221970255,4.650021270410609]]]}},{"type":"Feature","properties":{"v":1.59},"geometry":{"type":"Polygon","coordinates":[[[-76.95035199098845,4.650021270410609],[-76.90035176227435,4.650021270410609],[-76.90035176227435,4.700021499124701],[-76.95035199098845,4.700021499124701],[-76.95035199098845,4.650021270410609]]]}},{"type":"Feature","properties":{"v":1.59},"geometry":{"type":"Polygon","coordinates":[[[-76.90035176227435,4.650021270410609],[-76.85035153356027,4.650021270410609],[-76.85035153356027,4.700021499124701],[-76.90035176227435,4.700021499124701],[-76.90035176227435,4.650021270410609]]]}},{"type":"Feature","properties":{"v":1.63},"geometry":{"type":"Polygon","coordinates":[[[-76.85035153356027,4.650021270410609],[-76.80035130484617,4.650021270410609],[-76.80035130484617,4.700021499124701],[-76.85035153356027,4.700021499124701],[-76.85035153356027,4.650021270410609]]]}},{"type":"Feature","properties":{"v":1.63},"geometry":{"type":"Polygon","coordinates":[[[-76.80035130484617,4.650021270410609],[-76.75035107613208,4.650021270410609],[-76.75035107613208,4.700021499124701],[-76.80035130484617,4.700021499124701],[-76.80035130484617,4.650021270410609]]]}},{"type":"Feature","properties":{"v":1.58},"geometry":{"type":"Polygon","coordinates":[[[-76.75035107613208,4.650021270410609],[-76.700350847418,4.650021270410609],[-76.700350847418,4.700021499124701],[-76.75035107613208,4.700021499124701],[-76.75035107613208,4.650021270410609]]]}},{"type":"Feature","properties":{"v":1.58},"geometry":{"type":"Polygon","coordinates":[[[-76.700350847418,4.650021270410609],[-76.6503506187039,4.650021270410609],[-76.6503506187039,4.700021499124701],[-76.700350847418,4.700021499124701],[-76.700350847418,4.650021270410609]]]}},{"type":"Feature","properties":{"v":1.45},"geometry":{"type":"Polygon","coordinates":[[[-76.6503506187039,4.650021270410609],[-76.6003503899898,4.650021270410609],[-76.6003503899898,4.700021499124701],[-76.6503506187039,4.700021499124701],[-76.6503506187039,4.650021270410609]]]}},{"type":"Feature","properties":{"v":1.45},"geometry":{"type":"Polygon","coordinates":[[[-76.6003503899898,4.650021270410609],[-76.55035016127572,4.650021270410609],[-76.55035016127572,4.700021499124701],[-76.6003503899898,4.700021499124701],[-76.6003503899898,4.650021270410609]]]}},{"type":"Feature","properties":{"v":1.43},"geometry":{"type":"Polygon","coordinates":[[[-76.55035016127572,4.650021270410609],[-76.50034993256162,4.650021270410609],[-76.50034993256162,4.700021499124701],[-76.55035016127572,4.700021499124701],[-76.55035016127572,4.650021270410609]]]}},{"type":"Feature","properties":{"v":1.43},"geometry":{"type":"Polygon","coordinates":[[[-76.50034993256162,4.650021270410609],[-76.45034970384752,4.650021270410609],[-76.45034970384752,4.700021499124701],[-76.50034993256162,4.700021499124701],[-76.50034993256162,4.650021270410609]]]}},{"type":"Feature","properties":{"v":1.18},"geometry":{"type":"Polygon","coordinates":[[[-76.45034970384752,4.650021270410609],[-76.40034947513344,4.650021270410609],[-76.40034947513344,4.700021499124701],[-76.45034970384752,4.700021499124701],[-76.45034970384752,4.650021270410609]]]}},{"type":"Feature","properties":{"v":1.18},"geometry":{"type":"Polygon","coordinates":[[[-76.40034947513344,4.650021270410609],[-76.35034924641934,4.650021270410609],[-76.35034924641934,4.700021499124701],[-76.40034947513344,4.700021499124701],[-76.40034947513344,4.650021270410609]]]}},{"type":"Feature","properties":{"v":1.1},"geometry":{"type":"Polygon","coordinates":[[[-76.35034924641934,4.650021270410609],[-76.30034901770524,4.650021270410609],[-76.30034901770524,4.700021499124701],[-76.35034924641934,4.700021499124701],[-76.35034924641934,4.650021270410609]]]}},{"type":"Feature","properties":{"v":1.1},"geometry":{"type":"Polygon","coordinates":[[[-76.30034901770524,4.650021270410609],[-76.25034878899116,4.650021270410609],[-76.25034878899116,4.700021499124701],[-76.30034901770524,4.700021499124701],[-76.30034901770524,4.650021270410609]]]}},{"type":"Feature","properties":{"v":1.29},"geometry":{"type":"Polygon","coordinates":[[[-76.25034878899116,4.650021270410609],[-76.20034856027706,4.650021270410609],[-76.20034856027706,4.700021499124701],[-76.25034878899116,4.700021499124701],[-76.25034878899116,4.650021270410609]]]}},{"type":"Feature","properties":{"v":1.29},"geometry":{"type":"Polygon","coordinates":[[[-76.20034856027706,4.650021270410609],[-76.15034833156297,4.650021270410609],[-76.15034833156297,4.700021499124701],[-76.20034856027706,4.700021499124701],[-76.20034856027706,4.650021270410609]]]}},{"type":"Feature","properties":{"v":1.29},"geometry":{"type":"Polygon","coordinates":[[[-76.15034833156297,4.650021270410609],[-76.10034810284888,4.650021270410609],[-76.10034810284888,4.700021499124701],[-76.15034833156297,4.700021499124701],[-76.15034833156297,4.650021270410609]]]}},{"type":"Feature","properties":{"v":1.29},"geometry":{"type":"Polygon","coordinates":[[[-76.10034810284888,4.650021270410609],[-76.05034787413479,4.650021270410609],[-76.05034787413479,4.700021499124701],[-76.10034810284888,4.700021499124701],[-76.10034810284888,4.650021270410609]]]}},{"type":"Feature","properties":{"v":1.36},"geometry":{"type":"Polygon","coordinates":[[[-76.05034787413479,4.650021270410609],[-76.00034764542069,4.650021270410609],[-76.00034764542069,4.700021499124701],[-76.05034787413479,4.700021499124701],[-76.05034787413479,4.650021270410609]]]}},{"type":"Feature","properties":{"v":1.36},"geometry":{"type":"Polygon","coordinates":[[[-76.00034764542069,4.650021270410609],[-75.9503474167066,4.650021270410609],[-75.9503474167066,4.700021499124701],[-76.00034764542069,4.700021499124701],[-76.00034764542069,4.650021270410609]]]}},{"type":"Feature","properties":{"v":1.71},"geometry":{"type":"Polygon","coordinates":[[[-75.9503474167066,4.650021270410609],[-75.90034718799251,4.650021270410609],[-75.90034718799251,4.700021499124701],[-75.9503474167066,4.700021499124701],[-75.9503474167066,4.650021270410609]]]}},{"type":"Feature","properties":{"v":1.71},"geometry":{"type":"Polygon","coordinates":[[[-75.90034718799251,4.650021270410609],[-75.85034695927841,4.650021270410609],[-75.85034695927841,4.700021499124701],[-75.90034718799251,4.700021499124701],[-75.90034718799251,4.650021270410609]]]}},{"type":"Feature","properties":{"v":1.56},"geometry":{"type":"Polygon","coordinates":[[[-75.85034695927841,4.650021270410609],[-75.80034673056433,4.650021270410609],[-75.80034673056433,4.700021499124701],[-75.85034695927841,4.700021499124701],[-75.85034695927841,4.650021270410609]]]}},{"type":"Feature","properties":{"v":1.56},"geometry":{"type":"Polygon","coordinates":[[[-75.80034673056433,4.650021270410609],[-75.75034650185023,4.650021270410609],[-75.75034650185023,4.700021499124701],[-75.80034673056433,4.700021499124701],[-75.80034673056433,4.650021270410609]]]}},{"type":"Feature","properties":{"v":1.25},"geometry":{"type":"Polygon","coordinates":[[[-75.75034650185023,4.650021270410609],[-75.70034627313613,4.650021270410609],[-75.70034627313613,4.700021499124701],[-75.75034650185023,4.700021499124701],[-75.75034650185023,4.650021270410609]]]}},{"type":"Feature","properties":{"v":1.25},"geometry":{"type":"Polygon","coordinates":[[[-75.70034627313613,4.650021270410609],[-75.65034604442205,4.650021270410609],[-75.65034604442205,4.700021499124701],[-75.70034627313613,4.700021499124701],[-75.70034627313613,4.650021270410609]]]}},{"type":"Feature","properties":{"v":0.97},"geometry":{"type":"Polygon","coordinates":[[[-75.65034604442205,4.650021270410609],[-75.60034581570795,4.650021270410609],[-75.60034581570795,4.700021499124701],[-75.65034604442205,4.700021499124701],[-75.65034604442205,4.650021270410609]]]}},{"type":"Feature","properties":{"v":0.97},"geometry":{"type":"Polygon","coordinates":[[[-75.60034581570795,4.650021270410609],[-75.55034558699386,4.650021270410609],[-75.55034558699386,4.700021499124701],[-75.60034581570795,4.700021499124701],[-75.60034581570795,4.650021270410609]]]}},{"type":"Feature","properties":{"v":0.78},"geometry":{"type":"Polygon","coordinates":[[[-75.55034558699386,4.650021270410609],[-75.50034535827977,4.650021270410609],[-75.50034535827977,4.700021499124701],[-75.55034558699386,4.700021499124701],[-75.55034558699386,4.650021270410609]]]}},{"type":"Feature","properties":{"v":0.78},"geometry":{"type":"Polygon","coordinates":[[[-75.50034535827977,4.650021270410609],[-75.45034512956568,4.650021270410609],[-75.45034512956568,4.700021499124701],[-75.50034535827977,4.700021499124701],[-75.50034535827977,4.650021270410609]]]}},{"type":"Feature","properties":{"v":0.6},"geometry":{"type":"Polygon","coordinates":[[[-75.45034512956568,4.650021270410609],[-75.40034490085158,4.650021270410609],[-75.40034490085158,4.700021499124701],[-75.45034512956568,4.700021499124701],[-75.45034512956568,4.650021270410609]]]}},{"type":"Feature","properties":{"v":0.6},"geometry":{"type":"Polygon","coordinates":[[[-75.40034490085158,4.650021270410609],[-75.3503446721375,4.650021270410609],[-75.3503446721375,4.700021499124701],[-75.40034490085158,4.700021499124701],[-75.40034490085158,4.650021270410609]]]}},{"type":"Feature","properties":{"v":0.25},"geometry":{"type":"Polygon","coordinates":[[[-75.3503446721375,4.650021270410609],[-75.3003444434234,4.650021270410609],[-75.3003444434234,4.700021499124701],[-75.3503446721375,4.700021499124701],[-75.3503446721375,4.650021270410609]]]}},{"type":"Feature","properties":{"v":0.25},"geometry":{"type":"Polygon","coordinates":[[[-75.3003444434234,4.650021270410609],[-75.2503442147093,4.650021270410609],[-75.2503442147093,4.700021499124701],[-75.3003444434234,4.700021499124701],[-75.3003444434234,4.650021270410609]]]}},{"type":"Feature","properties":{"v":0.58},"geometry":{"type":"Polygon","coordinates":[[[-75.2503442147093,4.650021270410609],[-75.20034398599522,4.650021270410609],[-75.20034398599522,4.700021499124701],[-75.2503442147093,4.700021499124701],[-75.2503442147093,4.650021270410609]]]}},{"type":"Feature","properties":{"v":0.58},"geometry":{"type":"Polygon","coordinates":[[[-75.20034398599522,4.650021270410609],[-75.15034375728112,4.650021270410609],[-75.15034375728112,4.700021499124701],[-75.20034398599522,4.700021499124701],[-75.20034398599522,4.650021270410609]]]}},{"type":"Feature","properties":{"v":0.46},"geometry":{"type":"Polygon","coordinates":[[[-75.15034375728112,4.650021270410609],[-75.10034352856702,4.650021270410609],[-75.10034352856702,4.700021499124701],[-75.15034375728112,4.700021499124701],[-75.15034375728112,4.650021270410609]]]}},{"type":"Feature","properties":{"v":1.59},"geometry":{"type":"Polygon","coordinates":[[[-77.35035382070119,4.600021041696516],[-77.3003535919871,4.600021041696516],[-77.3003535919871,4.650021270410609],[-77.35035382070119,4.650021270410609],[-77.35035382070119,4.600021041696516]]]}},{"type":"Feature","properties":{"v":1.59},"geometry":{"type":"Polygon","coordinates":[[[-77.3003535919871,4.600021041696516],[-77.250353363273,4.600021041696516],[-77.250353363273,4.650021270410609],[-77.3003535919871,4.650021270410609],[-77.3003535919871,4.600021041696516]]]}},{"type":"Feature","properties":{"v":1.51},"geometry":{"type":"Polygon","coordinates":[[[-77.250353363273,4.600021041696516],[-77.20035313455891,4.600021041696516],[-77.20035313455891,4.650021270410609],[-77.250353363273,4.650021270410609],[-77.250353363273,4.600021041696516]]]}},{"type":"Feature","properties":{"v":1.51},"geometry":{"type":"Polygon","coordinates":[[[-77.20035313455891,4.600021041696516],[-77.15035290584483,4.600021041696516],[-77.15035290584483,4.650021270410609],[-77.20035313455891,4.650021270410609],[-77.20035313455891,4.600021041696516]]]}},{"type":"Feature","properties":{"v":1.47},"geometry":{"type":"Polygon","coordinates":[[[-77.15035290584483,4.600021041696516],[-77.10035267713073,4.600021041696516],[-77.10035267713073,4.650021270410609],[-77.15035290584483,4.650021270410609],[-77.15035290584483,4.600021041696516]]]}},{"type":"Feature","properties":{"v":1.47},"geometry":{"type":"Polygon","coordinates":[[[-77.10035267713073,4.600021041696516],[-77.05035244841663,4.600021041696516],[-77.05035244841663,4.650021270410609],[-77.10035267713073,4.650021270410609],[-77.10035267713073,4.600021041696516]]]}},{"type":"Feature","properties":{"v":1.46},"geometry":{"type":"Polygon","coordinates":[[[-77.05035244841663,4.600021041696516],[-77.00035221970255,4.600021041696516],[-77.00035221970255,4.650021270410609],[-77.05035244841663,4.650021270410609],[-77.05035244841663,4.600021041696516]]]}},{"type":"Feature","properties":{"v":1.46},"geometry":{"type":"Polygon","coordinates":[[[-77.00035221970255,4.600021041696516],[-76.95035199098845,4.600021041696516],[-76.95035199098845,4.650021270410609],[-77.00035221970255,4.650021270410609],[-77.00035221970255,4.600021041696516]]]}},{"type":"Feature","properties":{"v":1.55},"geometry":{"type":"Polygon","coordinates":[[[-76.95035199098845,4.600021041696516],[-76.90035176227435,4.600021041696516],[-76.90035176227435,4.650021270410609],[-76.95035199098845,4.650021270410609],[-76.95035199098845,4.600021041696516]]]}},{"type":"Feature","properties":{"v":1.55},"geometry":{"type":"Polygon","coordinates":[[[-76.90035176227435,4.600021041696516],[-76.85035153356027,4.600021041696516],[-76.85035153356027,4.650021270410609],[-76.90035176227435,4.650021270410609],[-76.90035176227435,4.600021041696516]]]}},{"type":"Feature","properties":{"v":1.61},"geometry":{"type":"Polygon","coordinates":[[[-76.85035153356027,4.600021041696516],[-76.80035130484617,4.600021041696516],[-76.80035130484617,4.650021270410609],[-76.85035153356027,4.650021270410609],[-76.85035153356027,4.600021041696516]]]}},{"type":"Feature","properties":{"v":1.61},"geometry":{"type":"Polygon","coordinates":[[[-76.80035130484617,4.600021041696516],[-76.75035107613208,4.600021041696516],[-76.75035107613208,4.650021270410609],[-76.80035130484617,4.650021270410609],[-76.80035130484617,4.600021041696516]]]}},{"type":"Feature","properties":{"v":1.76},"geometry":{"type":"Polygon","coordinates":[[[-76.75035107613208,4.600021041696516],[-76.700350847418,4.600021041696516],[-76.700350847418,4.650021270410609],[-76.75035107613208,4.650021270410609],[-76.75035107613208,4.600021041696516]]]}},{"type":"Feature","properties":{"v":1.76},"geometry":{"type":"Polygon","coordinates":[[[-76.700350847418,4.600021041696516],[-76.6503506187039,4.600021041696516],[-76.6503506187039,4.650021270410609],[-76.700350847418,4.650021270410609],[-76.700350847418,4.600021041696516]]]}},{"type":"Feature","properties":{"v":1.74},"geometry":{"type":"Polygon","coordinates":[[[-76.6503506187039,4.600021041696516],[-76.6003503899898,4.600021041696516],[-76.6003503899898,4.650021270410609],[-76.6503506187039,4.650021270410609],[-76.6503506187039,4.600021041696516]]]}},{"type":"Feature","properties":{"v":1.74},"geometry":{"type":"Polygon","coordinates":[[[-76.6003503899898,4.600021041696516],[-76.55035016127572,4.600021041696516],[-76.55035016127572,4.650021270410609],[-76.6003503899898,4.650021270410609],[-76.6003503899898,4.600021041696516]]]}},{"type":"Feature","properties":{"v":1.58},"geometry":{"type":"Polygon","coordinates":[[[-76.55035016127572,4.600021041696516],[-76.50034993256162,4.600021041696516],[-76.50034993256162,4.650021270410609],[-76.55035016127572,4.650021270410609],[-76.55035016127572,4.600021041696516]]]}},{"type":"Feature","properties":{"v":1.58},"geometry":{"type":"Polygon","coordinates":[[[-76.50034993256162,4.600021041696516],[-76.45034970384752,4.600021041696516],[-76.45034970384752,4.650021270410609],[-76.50034993256162,4.650021270410609],[-76.50034993256162,4.600021041696516]]]}},{"type":"Feature","properties":{"v":1.6},"geometry":{"type":"Polygon","coordinates":[[[-76.45034970384752,4.600021041696516],[-76.40034947513344,4.600021041696516],[-76.40034947513344,4.650021270410609],[-76.45034970384752,4.650021270410609],[-76.45034970384752,4.600021041696516]]]}},{"type":"Feature","properties":{"v":1.6},"geometry":{"type":"Polygon","coordinates":[[[-76.40034947513344,4.600021041696516],[-76.35034924641934,4.600021041696516],[-76.35034924641934,4.650021270410609],[-76.40034947513344,4.650021270410609],[-76.40034947513344,4.600021041696516]]]}},{"type":"Feature","properties":{"v":1.35},"geometry":{"type":"Polygon","coordinates":[[[-76.35034924641934,4.600021041696516],[-76.30034901770524,4.600021041696516],[-76.30034901770524,4.650021270410609],[-76.35034924641934,4.650021270410609],[-76.35034924641934,4.600021041696516]]]}},{"type":"Feature","properties":{"v":1.35},"geometry":{"type":"Polygon","coordinates":[[[-76.30034901770524,4.600021041696516],[-76.25034878899116,4.600021041696516],[-76.25034878899116,4.650021270410609],[-76.30034901770524,4.650021270410609],[-76.30034901770524,4.600021041696516]]]}},{"type":"Feature","properties":{"v":1.39},"geometry":{"type":"Polygon","coordinates":[[[-76.25034878899116,4.600021041696516],[-76.20034856027706,4.600021041696516],[-76.20034856027706,4.650021270410609],[-76.25034878899116,4.650021270410609],[-76.25034878899116,4.600021041696516]]]}},{"type":"Feature","properties":{"v":1.39},"geometry":{"type":"Polygon","coordinates":[[[-76.20034856027706,4.600021041696516],[-76.15034833156297,4.600021041696516],[-76.15034833156297,4.650021270410609],[-76.20034856027706,4.650021270410609],[-76.20034856027706,4.600021041696516]]]}},{"type":"Feature","properties":{"v":1.33},"geometry":{"type":"Polygon","coordinates":[[[-76.15034833156297,4.600021041696516],[-76.10034810284888,4.600021041696516],[-76.10034810284888,4.650021270410609],[-76.15034833156297,4.650021270410609],[-76.15034833156297,4.600021041696516]]]}},{"type":"Feature","properties":{"v":1.33},"geometry":{"type":"Polygon","coordinates":[[[-76.10034810284888,4.600021041696516],[-76.05034787413479,4.600021041696516],[-76.05034787413479,4.650021270410609],[-76.10034810284888,4.650021270410609],[-76.10034810284888,4.600021041696516]]]}},{"type":"Feature","properties":{"v":1.63},"geometry":{"type":"Polygon","coordinates":[[[-76.05034787413479,4.600021041696516],[-76.00034764542069,4.600021041696516],[-76.00034764542069,4.650021270410609],[-76.05034787413479,4.650021270410609],[-76.05034787413479,4.600021041696516]]]}},{"type":"Feature","properties":{"v":1.63},"geometry":{"type":"Polygon","coordinates":[[[-76.00034764542069,4.600021041696516],[-75.9503474167066,4.600021041696516],[-75.9503474167066,4.650021270410609],[-76.00034764542069,4.650021270410609],[-76.00034764542069,4.600021041696516]]]}},{"type":"Feature","properties":{"v":1.57},"geometry":{"type":"Polygon","coordinates":[[[-75.9503474167066,4.600021041696516],[-75.90034718799251,4.600021041696516],[-75.90034718799251,4.650021270410609],[-75.9503474167066,4.650021270410609],[-75.9503474167066,4.600021041696516]]]}},{"type":"Feature","properties":{"v":1.57},"geometry":{"type":"Polygon","coordinates":[[[-75.90034718799251,4.600021041696516],[-75.85034695927841,4.600021041696516],[-75.85034695927841,4.650021270410609],[-75.90034718799251,4.650021270410609],[-75.90034718799251,4.600021041696516]]]}},{"type":"Feature","properties":{"v":1.63},"geometry":{"type":"Polygon","coordinates":[[[-75.85034695927841,4.600021041696516],[-75.80034673056433,4.600021041696516],[-75.80034673056433,4.650021270410609],[-75.85034695927841,4.650021270410609],[-75.85034695927841,4.600021041696516]]]}},{"type":"Feature","properties":{"v":1.63},"geometry":{"type":"Polygon","coordinates":[[[-75.80034673056433,4.600021041696516],[-75.75034650185023,4.600021041696516],[-75.75034650185023,4.650021270410609],[-75.80034673056433,4.650021270410609],[-75.80034673056433,4.600021041696516]]]}},{"type":"Feature","properties":{"v":1.42},"geometry":{"type":"Polygon","coordinates":[[[-75.75034650185023,4.600021041696516],[-75.70034627313613,4.600021041696516],[-75.70034627313613,4.650021270410609],[-75.75034650185023,4.650021270410609],[-75.75034650185023,4.600021041696516]]]}},{"type":"Feature","properties":{"v":1.42},"geometry":{"type":"Polygon","coordinates":[[[-75.70034627313613,4.600021041696516],[-75.65034604442205,4.600021041696516],[-75.65034604442205,4.650021270410609],[-75.70034627313613,4.650021270410609],[-75.70034627313613,4.600021041696516]]]}},{"type":"Feature","properties":{"v":1.12},"geometry":{"type":"Polygon","coordinates":[[[-75.65034604442205,4.600021041696516],[-75.60034581570795,4.600021041696516],[-75.60034581570795,4.650021270410609],[-75.65034604442205,4.650021270410609],[-75.65034604442205,4.600021041696516]]]}},{"type":"Feature","properties":{"v":1.12},"geometry":{"type":"Polygon","coordinates":[[[-75.60034581570795,4.600021041696516],[-75.55034558699386,4.600021041696516],[-75.55034558699386,4.650021270410609],[-75.60034581570795,4.650021270410609],[-75.60034581570795,4.600021041696516]]]}},{"type":"Feature","properties":{"v":0.22},"geometry":{"type":"Polygon","coordinates":[[[-75.55034558699386,4.600021041696516],[-75.50034535827977,4.600021041696516],[-75.50034535827977,4.650021270410609],[-75.55034558699386,4.650021270410609],[-75.55034558699386,4.600021041696516]]]}},{"type":"Feature","properties":{"v":0.22},"geometry":{"type":"Polygon","coordinates":[[[-75.50034535827977,4.600021041696516],[-75.45034512956568,4.600021041696516],[-75.45034512956568,4.650021270410609],[-75.50034535827977,4.650021270410609],[-75.50034535827977,4.600021041696516]]]}},{"type":"Feature","properties":{"v":0.26},"geometry":{"type":"Polygon","coordinates":[[[-75.45034512956568,4.600021041696516],[-75.40034490085158,4.600021041696516],[-75.40034490085158,4.650021270410609],[-75.45034512956568,4.650021270410609],[-75.45034512956568,4.600021041696516]]]}},{"type":"Feature","properties":{"v":0.26},"geometry":{"type":"Polygon","coordinates":[[[-75.40034490085158,4.600021041696516],[-75.3503446721375,4.600021041696516],[-75.3503446721375,4.650021270410609],[-75.40034490085158,4.650021270410609],[-75.40034490085158,4.600021041696516]]]}},{"type":"Feature","properties":{"v":0.15},"geometry":{"type":"Polygon","coordinates":[[[-75.3503446721375,4.600021041696516],[-75.3003444434234,4.600021041696516],[-75.3003444434234,4.650021270410609],[-75.3503446721375,4.650021270410609],[-75.3503446721375,4.600021041696516]]]}},{"type":"Feature","properties":{"v":0.15},"geometry":{"type":"Polygon","coordinates":[[[-75.3003444434234,4.600021041696516],[-75.2503442147093,4.600021041696516],[-75.2503442147093,4.650021270410609],[-75.3003444434234,4.650021270410609],[-75.3003444434234,4.600021041696516]]]}},{"type":"Feature","properties":{"v":0.62},"geometry":{"type":"Polygon","coordinates":[[[-75.2503442147093,4.600021041696516],[-75.20034398599522,4.600021041696516],[-75.20034398599522,4.650021270410609],[-75.2503442147093,4.650021270410609],[-75.2503442147093,4.600021041696516]]]}},{"type":"Feature","properties":{"v":0.62},"geometry":{"type":"Polygon","coordinates":[[[-75.20034398599522,4.600021041696516],[-75.15034375728112,4.600021041696516],[-75.15034375728112,4.650021270410609],[-75.20034398599522,4.650021270410609],[-75.20034398599522,4.600021041696516]]]}},{"type":"Feature","properties":{"v":0.5},"geometry":{"type":"Polygon","coordinates":[[[-75.15034375728112,4.600021041696516],[-75.10034352856702,4.600021041696516],[-75.10034352856702,4.650021270410609],[-75.15034375728112,4.650021270410609],[-75.15034375728112,4.600021041696516]]]}},{"type":"Feature","properties":{"v":1.59},"geometry":{"type":"Polygon","coordinates":[[[-77.35035382070119,4.550020812982424],[-77.3003535919871,4.550020812982424],[-77.3003535919871,4.600021041696516],[-77.35035382070119,4.600021041696516],[-77.35035382070119,4.550020812982424]]]}},{"type":"Feature","properties":{"v":1.59},"geometry":{"type":"Polygon","coordinates":[[[-77.3003535919871,4.550020812982424],[-77.250353363273,4.550020812982424],[-77.250353363273,4.600021041696516],[-77.3003535919871,4.600021041696516],[-77.3003535919871,4.550020812982424]]]}},{"type":"Feature","properties":{"v":1.51},"geometry":{"type":"Polygon","coordinates":[[[-77.250353363273,4.550020812982424],[-77.20035313455891,4.550020812982424],[-77.20035313455891,4.600021041696516],[-77.250353363273,4.600021041696516],[-77.250353363273,4.550020812982424]]]}},{"type":"Feature","properties":{"v":1.51},"geometry":{"type":"Polygon","coordinates":[[[-77.20035313455891,4.550020812982424],[-77.15035290584483,4.550020812982424],[-77.15035290584483,4.600021041696516],[-77.20035313455891,4.600021041696516],[-77.20035313455891,4.550020812982424]]]}},{"type":"Feature","properties":{"v":1.47},"geometry":{"type":"Polygon","coordinates":[[[-77.15035290584483,4.550020812982424],[-77.10035267713073,4.550020812982424],[-77.10035267713073,4.600021041696516],[-77.15035290584483,4.600021041696516],[-77.15035290584483,4.550020812982424]]]}},{"type":"Feature","properties":{"v":1.47},"geometry":{"type":"Polygon","coordinates":[[[-77.10035267713073,4.550020812982424],[-77.05035244841663,4.550020812982424],[-77.05035244841663,4.600021041696516],[-77.10035267713073,4.600021041696516],[-77.10035267713073,4.550020812982424]]]}},{"type":"Feature","properties":{"v":1.46},"geometry":{"type":"Polygon","coordinates":[[[-77.05035244841663,4.550020812982424],[-77.00035221970255,4.550020812982424],[-77.00035221970255,4.600021041696516],[-77.05035244841663,4.600021041696516],[-77.05035244841663,4.550020812982424]]]}},{"type":"Feature","properties":{"v":1.46},"geometry":{"type":"Polygon","coordinates":[[[-77.00035221970255,4.550020812982424],[-76.95035199098845,4.550020812982424],[-76.95035199098845,4.600021041696516],[-77.00035221970255,4.600021041696516],[-77.00035221970255,4.550020812982424]]]}},{"type":"Feature","properties":{"v":1.55},"geometry":{"type":"Polygon","coordinates":[[[-76.95035199098845,4.550020812982424],[-76.90035176227435,4.550020812982424],[-76.90035176227435,4.600021041696516],[-76.95035199098845,4.600021041696516],[-76.95035199098845,4.550020812982424]]]}},{"type":"Feature","properties":{"v":1.55},"geometry":{"type":"Polygon","coordinates":[[[-76.90035176227435,4.550020812982424],[-76.85035153356027,4.550020812982424],[-76.85035153356027,4.600021041696516],[-76.90035176227435,4.600021041696516],[-76.90035176227435,4.550020812982424]]]}},{"type":"Feature","properties":{"v":1.61},"geometry":{"type":"Polygon","coordinates":[[[-76.85035153356027,4.550020812982424],[-76.80035130484617,4.550020812982424],[-76.80035130484617,4.600021041696516],[-76.85035153356027,4.600021041696516],[-76.85035153356027,4.550020812982424]]]}},{"type":"Feature","properties":{"v":1.61},"geometry":{"type":"Polygon","coordinates":[[[-76.80035130484617,4.550020812982424],[-76.75035107613208,4.550020812982424],[-76.75035107613208,4.600021041696516],[-76.80035130484617,4.600021041696516],[-76.80035130484617,4.550020812982424]]]}},{"type":"Feature","properties":{"v":1.76},"geometry":{"type":"Polygon","coordinates":[[[-76.75035107613208,4.550020812982424],[-76.700350847418,4.550020812982424],[-76.700350847418,4.600021041696516],[-76.75035107613208,4.600021041696516],[-76.75035107613208,4.550020812982424]]]}},{"type":"Feature","properties":{"v":1.76},"geometry":{"type":"Polygon","coordinates":[[[-76.700350847418,4.550020812982424],[-76.6503506187039,4.550020812982424],[-76.6503506187039,4.600021041696516],[-76.700350847418,4.600021041696516],[-76.700350847418,4.550020812982424]]]}},{"type":"Feature","properties":{"v":1.74},"geometry":{"type":"Polygon","coordinates":[[[-76.6503506187039,4.550020812982424],[-76.6003503899898,4.550020812982424],[-76.6003503899898,4.600021041696516],[-76.6503506187039,4.600021041696516],[-76.6503506187039,4.550020812982424]]]}},{"type":"Feature","properties":{"v":1.74},"geometry":{"type":"Polygon","coordinates":[[[-76.6003503899898,4.550020812982424],[-76.55035016127572,4.550020812982424],[-76.55035016127572,4.600021041696516],[-76.6003503899898,4.600021041696516],[-76.6003503899898,4.550020812982424]]]}},{"type":"Feature","properties":{"v":1.58},"geometry":{"type":"Polygon","coordinates":[[[-76.55035016127572,4.550020812982424],[-76.50034993256162,4.550020812982424],[-76.50034993256162,4.600021041696516],[-76.55035016127572,4.600021041696516],[-76.55035016127572,4.550020812982424]]]}},{"type":"Feature","properties":{"v":1.58},"geometry":{"type":"Polygon","coordinates":[[[-76.50034993256162,4.550020812982424],[-76.45034970384752,4.550020812982424],[-76.45034970384752,4.600021041696516],[-76.50034993256162,4.600021041696516],[-76.50034993256162,4.550020812982424]]]}},{"type":"Feature","properties":{"v":1.6},"geometry":{"type":"Polygon","coordinates":[[[-76.45034970384752,4.550020812982424],[-76.40034947513344,4.550020812982424],[-76.40034947513344,4.600021041696516],[-76.45034970384752,4.600021041696516],[-76.45034970384752,4.550020812982424]]]}},{"type":"Feature","properties":{"v":1.6},"geometry":{"type":"Polygon","coordinates":[[[-76.40034947513344,4.550020812982424],[-76.35034924641934,4.550020812982424],[-76.35034924641934,4.600021041696516],[-76.40034947513344,4.600021041696516],[-76.40034947513344,4.550020812982424]]]}},{"type":"Feature","properties":{"v":1.35},"geometry":{"type":"Polygon","coordinates":[[[-76.35034924641934,4.550020812982424],[-76.30034901770524,4.550020812982424],[-76.30034901770524,4.600021041696516],[-76.35034924641934,4.600021041696516],[-76.35034924641934,4.550020812982424]]]}},{"type":"Feature","properties":{"v":1.35},"geometry":{"type":"Polygon","coordinates":[[[-76.30034901770524,4.550020812982424],[-76.25034878899116,4.550020812982424],[-76.25034878899116,4.600021041696516],[-76.30034901770524,4.600021041696516],[-76.30034901770524,4.550020812982424]]]}},{"type":"Feature","properties":{"v":1.39},"geometry":{"type":"Polygon","coordinates":[[[-76.25034878899116,4.550020812982424],[-76.20034856027706,4.550020812982424],[-76.20034856027706,4.600021041696516],[-76.25034878899116,4.600021041696516],[-76.25034878899116,4.550020812982424]]]}},{"type":"Feature","properties":{"v":1.39},"geometry":{"type":"Polygon","coordinates":[[[-76.20034856027706,4.550020812982424],[-76.15034833156297,4.550020812982424],[-76.15034833156297,4.600021041696516],[-76.20034856027706,4.600021041696516],[-76.20034856027706,4.550020812982424]]]}},{"type":"Feature","properties":{"v":1.33},"geometry":{"type":"Polygon","coordinates":[[[-76.15034833156297,4.550020812982424],[-76.10034810284888,4.550020812982424],[-76.10034810284888,4.600021041696516],[-76.15034833156297,4.600021041696516],[-76.15034833156297,4.550020812982424]]]}},{"type":"Feature","properties":{"v":1.33},"geometry":{"type":"Polygon","coordinates":[[[-76.10034810284888,4.550020812982424],[-76.05034787413479,4.550020812982424],[-76.05034787413479,4.600021041696516],[-76.10034810284888,4.600021041696516],[-76.10034810284888,4.550020812982424]]]}},{"type":"Feature","properties":{"v":1.63},"geometry":{"type":"Polygon","coordinates":[[[-76.05034787413479,4.550020812982424],[-76.00034764542069,4.550020812982424],[-76.00034764542069,4.600021041696516],[-76.05034787413479,4.600021041696516],[-76.05034787413479,4.550020812982424]]]}},{"type":"Feature","properties":{"v":1.63},"geometry":{"type":"Polygon","coordinates":[[[-76.00034764542069,4.550020812982424],[-75.9503474167066,4.550020812982424],[-75.9503474167066,4.600021041696516],[-76.00034764542069,4.600021041696516],[-76.00034764542069,4.550020812982424]]]}},{"type":"Feature","properties":{"v":1.57},"geometry":{"type":"Polygon","coordinates":[[[-75.9503474167066,4.550020812982424],[-75.90034718799251,4.550020812982424],[-75.90034718799251,4.600021041696516],[-75.9503474167066,4.600021041696516],[-75.9503474167066,4.550020812982424]]]}},{"type":"Feature","properties":{"v":1.57},"geometry":{"type":"Polygon","coordinates":[[[-75.90034718799251,4.550020812982424],[-75.85034695927841,4.550020812982424],[-75.85034695927841,4.600021041696516],[-75.90034718799251,4.600021041696516],[-75.90034718799251,4.550020812982424]]]}},{"type":"Feature","properties":{"v":1.63},"geometry":{"type":"Polygon","coordinates":[[[-75.85034695927841,4.550020812982424],[-75.80034673056433,4.550020812982424],[-75.80034673056433,4.600021041696516],[-75.85034695927841,4.600021041696516],[-75.85034695927841,4.550020812982424]]]}},{"type":"Feature","properties":{"v":1.63},"geometry":{"type":"Polygon","coordinates":[[[-75.80034673056433,4.550020812982424],[-75.75034650185023,4.550020812982424],[-75.75034650185023,4.600021041696516],[-75.80034673056433,4.600021041696516],[-75.80034673056433,4.550020812982424]]]}},{"type":"Feature","properties":{"v":1.42},"geometry":{"type":"Polygon","coordinates":[[[-75.75034650185023,4.550020812982424],[-75.70034627313613,4.550020812982424],[-75.70034627313613,4.600021041696516],[-75.75034650185023,4.600021041696516],[-75.75034650185023,4.550020812982424]]]}},{"type":"Feature","properties":{"v":1.42},"geometry":{"type":"Polygon","coordinates":[[[-75.70034627313613,4.550020812982424],[-75.65034604442205,4.550020812982424],[-75.65034604442205,4.600021041696516],[-75.70034627313613,4.600021041696516],[-75.70034627313613,4.550020812982424]]]}},{"type":"Feature","properties":{"v":1.12},"geometry":{"type":"Polygon","coordinates":[[[-75.65034604442205,4.550020812982424],[-75.60034581570795,4.550020812982424],[-75.60034581570795,4.600021041696516],[-75.65034604442205,4.600021041696516],[-75.65034604442205,4.550020812982424]]]}},{"type":"Feature","properties":{"v":1.12},"geometry":{"type":"Polygon","coordinates":[[[-75.60034581570795,4.550020812982424],[-75.55034558699386,4.550020812982424],[-75.55034558699386,4.600021041696516],[-75.60034581570795,4.600021041696516],[-75.60034581570795,4.550020812982424]]]}},{"type":"Feature","properties":{"v":0.22},"geometry":{"type":"Polygon","coordinates":[[[-75.55034558699386,4.550020812982424],[-75.50034535827977,4.550020812982424],[-75.50034535827977,4.600021041696516],[-75.55034558699386,4.600021041696516],[-75.55034558699386,4.550020812982424]]]}},{"type":"Feature","properties":{"v":0.22},"geometry":{"type":"Polygon","coordinates":[[[-75.50034535827977,4.550020812982424],[-75.45034512956568,4.550020812982424],[-75.45034512956568,4.600021041696516],[-75.50034535827977,4.600021041696516],[-75.50034535827977,4.550020812982424]]]}},{"type":"Feature","properties":{"v":0.26},"geometry":{"type":"Polygon","coordinates":[[[-75.45034512956568,4.550020812982424],[-75.40034490085158,4.550020812982424],[-75.40034490085158,4.600021041696516],[-75.45034512956568,4.600021041696516],[-75.45034512956568,4.550020812982424]]]}},{"type":"Feature","properties":{"v":0.26},"geometry":{"type":"Polygon","coordinates":[[[-75.40034490085158,4.550020812982424],[-75.3503446721375,4.550020812982424],[-75.3503446721375,4.600021041696516],[-75.40034490085158,4.600021041696516],[-75.40034490085158,4.550020812982424]]]}},{"type":"Feature","properties":{"v":0.15},"geometry":{"type":"Polygon","coordinates":[[[-75.3503446721375,4.550020812982424],[-75.3003444434234,4.550020812982424],[-75.3003444434234,4.600021041696516],[-75.3503446721375,4.600021041696516],[-75.3503446721375,4.550020812982424]]]}},{"type":"Feature","properties":{"v":0.15},"geometry":{"type":"Polygon","coordinates":[[[-75.3003444434234,4.550020812982424],[-75.2503442147093,4.550020812982424],[-75.2503442147093,4.600021041696516],[-75.3003444434234,4.600021041696516],[-75.3003444434234,4.550020812982424]]]}},{"type":"Feature","properties":{"v":0.62},"geometry":{"type":"Polygon","coordinates":[[[-75.2503442147093,4.550020812982424],[-75.20034398599522,4.550020812982424],[-75.20034398599522,4.600021041696516],[-75.2503442147093,4.600021041696516],[-75.2503442147093,4.550020812982424]]]}},{"type":"Feature","properties":{"v":0.62},"geometry":{"type":"Polygon","coordinates":[[[-75.20034398599522,4.550020812982424],[-75.15034375728112,4.550020812982424],[-75.15034375728112,4.600021041696516],[-75.20034398599522,4.600021041696516],[-75.20034398599522,4.550020812982424]]]}},{"type":"Feature","properties":{"v":0.5},"geometry":{"type":"Polygon","coordinates":[[[-75.15034375728112,4.550020812982424],[-75.10034352856702,4.550020812982424],[-75.10034352856702,4.600021041696516],[-75.15034375728112,4.600021041696516],[-75.15034375728112,4.550020812982424]]]}},{"type":"Feature","properties":{"v":1.48},"geometry":{"type":"Polygon","coordinates":[[[-77.35035382070119,4.500020584268331],[-77.3003535919871,4.500020584268331],[-77.3003535919871,4.550020812982424],[-77.35035382070119,4.550020812982424],[-77.35035382070119,4.500020584268331]]]}},{"type":"Feature","properties":{"v":1.48},"geometry":{"type":"Polygon","coordinates":[[[-77.3003535919871,4.500020584268331],[-77.250353363273,4.500020584268331],[-77.250353363273,4.550020812982424],[-77.3003535919871,4.550020812982424],[-77.3003535919871,4.500020584268331]]]}},{"type":"Feature","properties":{"v":1.48},"geometry":{"type":"Polygon","coordinates":[[[-77.250353363273,4.500020584268331],[-77.20035313455891,4.500020584268331],[-77.20035313455891,4.550020812982424],[-77.250353363273,4.550020812982424],[-77.250353363273,4.500020584268331]]]}},{"type":"Feature","properties":{"v":1.48},"geometry":{"type":"Polygon","coordinates":[[[-77.20035313455891,4.500020584268331],[-77.15035290584483,4.500020584268331],[-77.15035290584483,4.550020812982424],[-77.20035313455891,4.550020812982424],[-77.20035313455891,4.500020584268331]]]}},{"type":"Feature","properties":{"v":1.55},"geometry":{"type":"Polygon","coordinates":[[[-77.15035290584483,4.500020584268331],[-77.10035267713073,4.500020584268331],[-77.10035267713073,4.550020812982424],[-77.15035290584483,4.550020812982424],[-77.15035290584483,4.500020584268331]]]}},{"type":"Feature","properties":{"v":1.55},"geometry":{"type":"Polygon","coordinates":[[[-77.10035267713073,4.500020584268331],[-77.05035244841663,4.500020584268331],[-77.05035244841663,4.550020812982424],[-77.10035267713073,4.550020812982424],[-77.10035267713073,4.500020584268331]]]}},{"type":"Feature","properties":{"v":1.46},"geometry":{"type":"Polygon","coordinates":[[[-77.05035244841663,4.500020584268331],[-77.00035221970255,4.500020584268331],[-77.00035221970255,4.550020812982424],[-77.05035244841663,4.550020812982424],[-77.05035244841663,4.500020584268331]]]}},{"type":"Feature","properties":{"v":1.46},"geometry":{"type":"Polygon","coordinates":[[[-77.00035221970255,4.500020584268331],[-76.95035199098845,4.500020584268331],[-76.95035199098845,4.550020812982424],[-77.00035221970255,4.550020812982424],[-77.00035221970255,4.500020584268331]]]}},{"type":"Feature","properties":{"v":1.41},"geometry":{"type":"Polygon","coordinates":[[[-76.95035199098845,4.500020584268331],[-76.90035176227435,4.500020584268331],[-76.90035176227435,4.550020812982424],[-76.95035199098845,4.550020812982424],[-76.95035199098845,4.500020584268331]]]}},{"type":"Feature","properties":{"v":1.41},"geometry":{"type":"Polygon","coordinates":[[[-76.90035176227435,4.500020584268331],[-76.85035153356027,4.500020584268331],[-76.85035153356027,4.550020812982424],[-76.90035176227435,4.550020812982424],[-76.90035176227435,4.500020584268331]]]}},{"type":"Feature","properties":{"v":1.66},"geometry":{"type":"Polygon","coordinates":[[[-76.85035153356027,4.500020584268331],[-76.80035130484617,4.500020584268331],[-76.80035130484617,4.550020812982424],[-76.85035153356027,4.550020812982424],[-76.85035153356027,4.500020584268331]]]}},{"type":"Feature","properties":{"v":1.66},"geometry":{"type":"Polygon","coordinates":[[[-76.80035130484617,4.500020584268331],[-76.75035107613208,4.500020584268331],[-76.75035107613208,4.550020812982424],[-76.80035130484617,4.550020812982424],[-76.80035130484617,4.500020584268331]]]}},{"type":"Feature","properties":{"v":2.05},"geometry":{"type":"Polygon","coordinates":[[[-76.75035107613208,4.500020584268331],[-76.700350847418,4.500020584268331],[-76.700350847418,4.550020812982424],[-76.75035107613208,4.550020812982424],[-76.75035107613208,4.500020584268331]]]}},{"type":"Feature","properties":{"v":2.05},"geometry":{"type":"Polygon","coordinates":[[[-76.700350847418,4.500020584268331],[-76.6503506187039,4.500020584268331],[-76.6503506187039,4.550020812982424],[-76.700350847418,4.550020812982424],[-76.700350847418,4.500020584268331]]]}},{"type":"Feature","properties":{"v":1.78},"geometry":{"type":"Polygon","coordinates":[[[-76.6503506187039,4.500020584268331],[-76.6003503899898,4.500020584268331],[-76.6003503899898,4.550020812982424],[-76.6503506187039,4.550020812982424],[-76.6503506187039,4.500020584268331]]]}},{"type":"Feature","properties":{"v":1.78},"geometry":{"type":"Polygon","coordinates":[[[-76.6003503899898,4.500020584268331],[-76.55035016127572,4.500020584268331],[-76.55035016127572,4.550020812982424],[-76.6003503899898,4.550020812982424],[-76.6003503899898,4.500020584268331]]]}},{"type":"Feature","properties":{"v":1.43},"geometry":{"type":"Polygon","coordinates":[[[-76.55035016127572,4.500020584268331],[-76.50034993256162,4.500020584268331],[-76.50034993256162,4.550020812982424],[-76.55035016127572,4.550020812982424],[-76.55035016127572,4.500020584268331]]]}},{"type":"Feature","properties":{"v":1.43},"geometry":{"type":"Polygon","coordinates":[[[-76.50034993256162,4.500020584268331],[-76.45034970384752,4.500020584268331],[-76.45034970384752,4.550020812982424],[-76.50034993256162,4.550020812982424],[-76.50034993256162,4.500020584268331]]]}},{"type":"Feature","properties":{"v":1.82},"geometry":{"type":"Polygon","coordinates":[[[-76.45034970384752,4.500020584268331],[-76.40034947513344,4.500020584268331],[-76.40034947513344,4.550020812982424],[-76.45034970384752,4.550020812982424],[-76.45034970384752,4.500020584268331]]]}},{"type":"Feature","properties":{"v":1.82},"geometry":{"type":"Polygon","coordinates":[[[-76.40034947513344,4.500020584268331],[-76.35034924641934,4.500020584268331],[-76.35034924641934,4.550020812982424],[-76.40034947513344,4.550020812982424],[-76.40034947513344,4.500020584268331]]]}},{"type":"Feature","properties":{"v":1.76},"geometry":{"type":"Polygon","coordinates":[[[-76.35034924641934,4.500020584268331],[-76.30034901770524,4.500020584268331],[-76.30034901770524,4.550020812982424],[-76.35034924641934,4.550020812982424],[-76.35034924641934,4.500020584268331]]]}},{"type":"Feature","properties":{"v":1.76},"geometry":{"type":"Polygon","coordinates":[[[-76.30034901770524,4.500020584268331],[-76.25034878899116,4.500020584268331],[-76.25034878899116,4.550020812982424],[-76.30034901770524,4.550020812982424],[-76.30034901770524,4.500020584268331]]]}},{"type":"Feature","properties":{"v":1.4},"geometry":{"type":"Polygon","coordinates":[[[-76.25034878899116,4.500020584268331],[-76.20034856027706,4.500020584268331],[-76.20034856027706,4.550020812982424],[-76.25034878899116,4.550020812982424],[-76.25034878899116,4.500020584268331]]]}},{"type":"Feature","properties":{"v":1.4},"geometry":{"type":"Polygon","coordinates":[[[-76.20034856027706,4.500020584268331],[-76.15034833156297,4.500020584268331],[-76.15034833156297,4.550020812982424],[-76.20034856027706,4.550020812982424],[-76.20034856027706,4.500020584268331]]]}},{"type":"Feature","properties":{"v":1.56},"geometry":{"type":"Polygon","coordinates":[[[-76.15034833156297,4.500020584268331],[-76.10034810284888,4.500020584268331],[-76.10034810284888,4.550020812982424],[-76.15034833156297,4.550020812982424],[-76.15034833156297,4.500020584268331]]]}},{"type":"Feature","properties":{"v":1.56},"geometry":{"type":"Polygon","coordinates":[[[-76.10034810284888,4.500020584268331],[-76.05034787413479,4.500020584268331],[-76.05034787413479,4.550020812982424],[-76.10034810284888,4.550020812982424],[-76.10034810284888,4.500020584268331]]]}},{"type":"Feature","properties":{"v":1.7},"geometry":{"type":"Polygon","coordinates":[[[-76.05034787413479,4.500020584268331],[-76.00034764542069,4.500020584268331],[-76.00034764542069,4.550020812982424],[-76.05034787413479,4.550020812982424],[-76.05034787413479,4.500020584268331]]]}},{"type":"Feature","properties":{"v":1.7},"geometry":{"type":"Polygon","coordinates":[[[-76.00034764542069,4.500020584268331],[-75.9503474167066,4.500020584268331],[-75.9503474167066,4.550020812982424],[-76.00034764542069,4.550020812982424],[-76.00034764542069,4.500020584268331]]]}},{"type":"Feature","properties":{"v":1.85},"geometry":{"type":"Polygon","coordinates":[[[-75.9503474167066,4.500020584268331],[-75.90034718799251,4.500020584268331],[-75.90034718799251,4.550020812982424],[-75.9503474167066,4.550020812982424],[-75.9503474167066,4.500020584268331]]]}},{"type":"Feature","properties":{"v":1.85},"geometry":{"type":"Polygon","coordinates":[[[-75.90034718799251,4.500020584268331],[-75.85034695927841,4.500020584268331],[-75.85034695927841,4.550020812982424],[-75.90034718799251,4.550020812982424],[-75.90034718799251,4.500020584268331]]]}},{"type":"Feature","properties":{"v":1.58},"geometry":{"type":"Polygon","coordinates":[[[-75.85034695927841,4.500020584268331],[-75.80034673056433,4.500020584268331],[-75.80034673056433,4.550020812982424],[-75.85034695927841,4.550020812982424],[-75.85034695927841,4.500020584268331]]]}},{"type":"Feature","properties":{"v":1.58},"geometry":{"type":"Polygon","coordinates":[[[-75.80034673056433,4.500020584268331],[-75.75034650185023,4.500020584268331],[-75.75034650185023,4.550020812982424],[-75.80034673056433,4.550020812982424],[-75.80034673056433,4.500020584268331]]]}},{"type":"Feature","properties":{"v":1.42},"geometry":{"type":"Polygon","coordinates":[[[-75.75034650185023,4.500020584268331],[-75.70034627313613,4.500020584268331],[-75.70034627313613,4.550020812982424],[-75.75034650185023,4.550020812982424],[-75.75034650185023,4.500020584268331]]]}},{"type":"Feature","properties":{"v":1.42},"geometry":{"type":"Polygon","coordinates":[[[-75.70034627313613,4.500020584268331],[-75.65034604442205,4.500020584268331],[-75.65034604442205,4.550020812982424],[-75.70034627313613,4.550020812982424],[-75.70034627313613,4.500020584268331]]]}},{"type":"Feature","properties":{"v":-0.01},"geometry":{"type":"Polygon","coordinates":[[[-75.65034604442205,4.500020584268331],[-75.60034581570795,4.500020584268331],[-75.60034581570795,4.550020812982424],[-75.65034604442205,4.550020812982424],[-75.65034604442205,4.500020584268331]]]}},{"type":"Feature","properties":{"v":-0.01},"geometry":{"type":"Polygon","coordinates":[[[-75.60034581570795,4.500020584268331],[-75.55034558699386,4.500020584268331],[-75.55034558699386,4.550020812982424],[-75.60034581570795,4.550020812982424],[-75.60034581570795,4.500020584268331]]]}},{"type":"Feature","properties":{"v":-0.05},"geometry":{"type":"Polygon","coordinates":[[[-75.55034558699386,4.500020584268331],[-75.50034535827977,4.500020584268331],[-75.50034535827977,4.550020812982424],[-75.55034558699386,4.550020812982424],[-75.55034558699386,4.500020584268331]]]}},{"type":"Feature","properties":{"v":-0.05},"geometry":{"type":"Polygon","coordinates":[[[-75.50034535827977,4.500020584268331],[-75.45034512956568,4.500020584268331],[-75.45034512956568,4.550020812982424],[-75.50034535827977,4.550020812982424],[-75.50034535827977,4.500020584268331]]]}},{"type":"Feature","properties":{"v":0.37},"geometry":{"type":"Polygon","coordinates":[[[-75.45034512956568,4.500020584268331],[-75.40034490085158,4.500020584268331],[-75.40034490085158,4.550020812982424],[-75.45034512956568,4.550020812982424],[-75.45034512956568,4.500020584268331]]]}},{"type":"Feature","properties":{"v":0.37},"geometry":{"type":"Polygon","coordinates":[[[-75.40034490085158,4.500020584268331],[-75.3503446721375,4.500020584268331],[-75.3503446721375,4.550020812982424],[-75.40034490085158,4.550020812982424],[-75.40034490085158,4.500020584268331]]]}},{"type":"Feature","properties":{"v":0.24},"geometry":{"type":"Polygon","coordinates":[[[-75.3503446721375,4.500020584268331],[-75.3003444434234,4.500020584268331],[-75.3003444434234,4.550020812982424],[-75.3503446721375,4.550020812982424],[-75.3503446721375,4.500020584268331]]]}},{"type":"Feature","properties":{"v":0.24},"geometry":{"type":"Polygon","coordinates":[[[-75.3003444434234,4.500020584268331],[-75.2503442147093,4.500020584268331],[-75.2503442147093,4.550020812982424],[-75.3003444434234,4.550020812982424],[-75.3003444434234,4.500020584268331]]]}},{"type":"Feature","properties":{"v":0.38},"geometry":{"type":"Polygon","coordinates":[[[-75.2503442147093,4.500020584268331],[-75.20034398599522,4.500020584268331],[-75.20034398599522,4.550020812982424],[-75.2503442147093,4.550020812982424],[-75.2503442147093,4.500020584268331]]]}},{"type":"Feature","properties":{"v":0.38},"geometry":{"type":"Polygon","coordinates":[[[-75.20034398599522,4.500020584268331],[-75.15034375728112,4.500020584268331],[-75.15034375728112,4.550020812982424],[-75.20034398599522,4.550020812982424],[-75.20034398599522,4.500020584268331]]]}},{"type":"Feature","properties":{"v":0.5},"geometry":{"type":"Polygon","coordinates":[[[-75.15034375728112,4.500020584268331],[-75.10034352856702,4.500020584268331],[-75.10034352856702,4.550020812982424],[-75.15034375728112,4.550020812982424],[-75.15034375728112,4.500020584268331]]]}},{"type":"Feature","properties":{"v":1.48},"geometry":{"type":"Polygon","coordinates":[[[-77.35035382070119,4.450020355554239],[-77.3003535919871,4.450020355554239],[-77.3003535919871,4.500020584268331],[-77.35035382070119,4.500020584268331],[-77.35035382070119,4.450020355554239]]]}},{"type":"Feature","properties":{"v":1.48},"geometry":{"type":"Polygon","coordinates":[[[-77.3003535919871,4.450020355554239],[-77.250353363273,4.450020355554239],[-77.250353363273,4.500020584268331],[-77.3003535919871,4.500020584268331],[-77.3003535919871,4.450020355554239]]]}},{"type":"Feature","properties":{"v":1.48},"geometry":{"type":"Polygon","coordinates":[[[-77.250353363273,4.450020355554239],[-77.20035313455891,4.450020355554239],[-77.20035313455891,4.500020584268331],[-77.250353363273,4.500020584268331],[-77.250353363273,4.450020355554239]]]}},{"type":"Feature","properties":{"v":1.48},"geometry":{"type":"Polygon","coordinates":[[[-77.20035313455891,4.450020355554239],[-77.15035290584483,4.450020355554239],[-77.15035290584483,4.500020584268331],[-77.20035313455891,4.500020584268331],[-77.20035313455891,4.450020355554239]]]}},{"type":"Feature","properties":{"v":1.55},"geometry":{"type":"Polygon","coordinates":[[[-77.15035290584483,4.450020355554239],[-77.10035267713073,4.450020355554239],[-77.10035267713073,4.500020584268331],[-77.15035290584483,4.500020584268331],[-77.15035290584483,4.450020355554239]]]}},{"type":"Feature","properties":{"v":1.55},"geometry":{"type":"Polygon","coordinates":[[[-77.10035267713073,4.450020355554239],[-77.05035244841663,4.450020355554239],[-77.05035244841663,4.500020584268331],[-77.10035267713073,4.500020584268331],[-77.10035267713073,4.450020355554239]]]}},{"type":"Feature","properties":{"v":1.46},"geometry":{"type":"Polygon","coordinates":[[[-77.05035244841663,4.450020355554239],[-77.00035221970255,4.450020355554239],[-77.00035221970255,4.500020584268331],[-77.05035244841663,4.500020584268331],[-77.05035244841663,4.450020355554239]]]}},{"type":"Feature","properties":{"v":1.46},"geometry":{"type":"Polygon","coordinates":[[[-77.00035221970255,4.450020355554239],[-76.95035199098845,4.450020355554239],[-76.95035199098845,4.500020584268331],[-77.00035221970255,4.500020584268331],[-77.00035221970255,4.450020355554239]]]}},{"type":"Feature","properties":{"v":1.41},"geometry":{"type":"Polygon","coordinates":[[[-76.95035199098845,4.450020355554239],[-76.90035176227435,4.450020355554239],[-76.90035176227435,4.500020584268331],[-76.95035199098845,4.500020584268331],[-76.95035199098845,4.450020355554239]]]}},{"type":"Feature","properties":{"v":1.41},"geometry":{"type":"Polygon","coordinates":[[[-76.90035176227435,4.450020355554239],[-76.85035153356027,4.450020355554239],[-76.85035153356027,4.500020584268331],[-76.90035176227435,4.500020584268331],[-76.90035176227435,4.450020355554239]]]}},{"type":"Feature","properties":{"v":1.66},"geometry":{"type":"Polygon","coordinates":[[[-76.85035153356027,4.450020355554239],[-76.80035130484617,4.450020355554239],[-76.80035130484617,4.500020584268331],[-76.85035153356027,4.500020584268331],[-76.85035153356027,4.450020355554239]]]}},{"type":"Feature","properties":{"v":1.66},"geometry":{"type":"Polygon","coordinates":[[[-76.80035130484617,4.450020355554239],[-76.75035107613208,4.450020355554239],[-76.75035107613208,4.500020584268331],[-76.80035130484617,4.500020584268331],[-76.80035130484617,4.450020355554239]]]}},{"type":"Feature","properties":{"v":2.05},"geometry":{"type":"Polygon","coordinates":[[[-76.75035107613208,4.450020355554239],[-76.700350847418,4.450020355554239],[-76.700350847418,4.500020584268331],[-76.75035107613208,4.500020584268331],[-76.75035107613208,4.450020355554239]]]}},{"type":"Feature","properties":{"v":2.05},"geometry":{"type":"Polygon","coordinates":[[[-76.700350847418,4.450020355554239],[-76.6503506187039,4.450020355554239],[-76.6503506187039,4.500020584268331],[-76.700350847418,4.500020584268331],[-76.700350847418,4.450020355554239]]]}},{"type":"Feature","properties":{"v":1.78},"geometry":{"type":"Polygon","coordinates":[[[-76.6503506187039,4.450020355554239],[-76.6003503899898,4.450020355554239],[-76.6003503899898,4.500020584268331],[-76.6503506187039,4.500020584268331],[-76.6503506187039,4.450020355554239]]]}},{"type":"Feature","properties":{"v":1.78},"geometry":{"type":"Polygon","coordinates":[[[-76.6003503899898,4.450020355554239],[-76.55035016127572,4.450020355554239],[-76.55035016127572,4.500020584268331],[-76.6003503899898,4.500020584268331],[-76.6003503899898,4.450020355554239]]]}},{"type":"Feature","properties":{"v":1.43},"geometry":{"type":"Polygon","coordinates":[[[-76.55035016127572,4.450020355554239],[-76.50034993256162,4.450020355554239],[-76.50034993256162,4.500020584268331],[-76.55035016127572,4.500020584268331],[-76.55035016127572,4.450020355554239]]]}},{"type":"Feature","properties":{"v":1.43},"geometry":{"type":"Polygon","coordinates":[[[-76.50034993256162,4.450020355554239],[-76.45034970384752,4.450020355554239],[-76.45034970384752,4.500020584268331],[-76.50034993256162,4.500020584268331],[-76.50034993256162,4.450020355554239]]]}},{"type":"Feature","properties":{"v":1.82},"geometry":{"type":"Polygon","coordinates":[[[-76.45034970384752,4.450020355554239],[-76.40034947513344,4.450020355554239],[-76.40034947513344,4.500020584268331],[-76.45034970384752,4.500020584268331],[-76.45034970384752,4.450020355554239]]]}},{"type":"Feature","properties":{"v":1.82},"geometry":{"type":"Polygon","coordinates":[[[-76.40034947513344,4.450020355554239],[-76.35034924641934,4.450020355554239],[-76.35034924641934,4.500020584268331],[-76.40034947513344,4.500020584268331],[-76.40034947513344,4.450020355554239]]]}},{"type":"Feature","properties":{"v":1.76},"geometry":{"type":"Polygon","coordinates":[[[-76.35034924641934,4.450020355554239],[-76.30034901770524,4.450020355554239],[-76.30034901770524,4.500020584268331],[-76.35034924641934,4.500020584268331],[-76.35034924641934,4.450020355554239]]]}},{"type":"Feature","properties":{"v":1.76},"geometry":{"type":"Polygon","coordinates":[[[-76.30034901770524,4.450020355554239],[-76.25034878899116,4.450020355554239],[-76.25034878899116,4.500020584268331],[-76.30034901770524,4.500020584268331],[-76.30034901770524,4.450020355554239]]]}},{"type":"Feature","properties":{"v":1.4},"geometry":{"type":"Polygon","coordinates":[[[-76.25034878899116,4.450020355554239],[-76.20034856027706,4.450020355554239],[-76.20034856027706,4.500020584268331],[-76.25034878899116,4.500020584268331],[-76.25034878899116,4.450020355554239]]]}},{"type":"Feature","properties":{"v":1.4},"geometry":{"type":"Polygon","coordinates":[[[-76.20034856027706,4.450020355554239],[-76.15034833156297,4.450020355554239],[-76.15034833156297,4.500020584268331],[-76.20034856027706,4.500020584268331],[-76.20034856027706,4.450020355554239]]]}},{"type":"Feature","properties":{"v":1.56},"geometry":{"type":"Polygon","coordinates":[[[-76.15034833156297,4.450020355554239],[-76.10034810284888,4.450020355554239],[-76.10034810284888,4.500020584268331],[-76.15034833156297,4.500020584268331],[-76.15034833156297,4.450020355554239]]]}},{"type":"Feature","properties":{"v":1.56},"geometry":{"type":"Polygon","coordinates":[[[-76.10034810284888,4.450020355554239],[-76.05034787413479,4.450020355554239],[-76.05034787413479,4.500020584268331],[-76.10034810284888,4.500020584268331],[-76.10034810284888,4.450020355554239]]]}},{"type":"Feature","properties":{"v":1.7},"geometry":{"type":"Polygon","coordinates":[[[-76.05034787413479,4.450020355554239],[-76.00034764542069,4.450020355554239],[-76.00034764542069,4.500020584268331],[-76.05034787413479,4.500020584268331],[-76.05034787413479,4.450020355554239]]]}},{"type":"Feature","properties":{"v":1.7},"geometry":{"type":"Polygon","coordinates":[[[-76.00034764542069,4.450020355554239],[-75.9503474167066,4.450020355554239],[-75.9503474167066,4.500020584268331],[-76.00034764542069,4.500020584268331],[-76.00034764542069,4.450020355554239]]]}},{"type":"Feature","properties":{"v":1.85},"geometry":{"type":"Polygon","coordinates":[[[-75.9503474167066,4.450020355554239],[-75.90034718799251,4.450020355554239],[-75.90034718799251,4.500020584268331],[-75.9503474167066,4.500020584268331],[-75.9503474167066,4.450020355554239]]]}},{"type":"Feature","properties":{"v":1.85},"geometry":{"type":"Polygon","coordinates":[[[-75.90034718799251,4.450020355554239],[-75.85034695927841,4.450020355554239],[-75.85034695927841,4.500020584268331],[-75.90034718799251,4.500020584268331],[-75.90034718799251,4.450020355554239]]]}},{"type":"Feature","properties":{"v":1.58},"geometry":{"type":"Polygon","coordinates":[[[-75.85034695927841,4.450020355554239],[-75.80034673056433,4.450020355554239],[-75.80034673056433,4.500020584268331],[-75.85034695927841,4.500020584268331],[-75.85034695927841,4.450020355554239]]]}},{"type":"Feature","properties":{"v":1.58},"geometry":{"type":"Polygon","coordinates":[[[-75.80034673056433,4.450020355554239],[-75.75034650185023,4.450020355554239],[-75.75034650185023,4.500020584268331],[-75.80034673056433,4.500020584268331],[-75.80034673056433,4.450020355554239]]]}},{"type":"Feature","properties":{"v":1.42},"geometry":{"type":"Polygon","coordinates":[[[-75.75034650185023,4.450020355554239],[-75.70034627313613,4.450020355554239],[-75.70034627313613,4.500020584268331],[-75.75034650185023,4.500020584268331],[-75.75034650185023,4.450020355554239]]]}},{"type":"Feature","properties":{"v":1.42},"geometry":{"type":"Polygon","coordinates":[[[-75.70034627313613,4.450020355554239],[-75.65034604442205,4.450020355554239],[-75.65034604442205,4.500020584268331],[-75.70034627313613,4.500020584268331],[-75.70034627313613,4.450020355554239]]]}},{"type":"Feature","properties":{"v":-0.01},"geometry":{"type":"Polygon","coordinates":[[[-75.65034604442205,4.450020355554239],[-75.60034581570795,4.450020355554239],[-75.60034581570795,4.500020584268331],[-75.65034604442205,4.500020584268331],[-75.65034604442205,4.450020355554239]]]}},{"type":"Feature","properties":{"v":-0.01},"geometry":{"type":"Polygon","coordinates":[[[-75.60034581570795,4.450020355554239],[-75.55034558699386,4.450020355554239],[-75.55034558699386,4.500020584268331],[-75.60034581570795,4.500020584268331],[-75.60034581570795,4.450020355554239]]]}},{"type":"Feature","properties":{"v":-0.05},"geometry":{"type":"Polygon","coordinates":[[[-75.55034558699386,4.450020355554239],[-75.50034535827977,4.450020355554239],[-75.50034535827977,4.500020584268331],[-75.55034558699386,4.500020584268331],[-75.55034558699386,4.450020355554239]]]}},{"type":"Feature","properties":{"v":-0.05},"geometry":{"type":"Polygon","coordinates":[[[-75.50034535827977,4.450020355554239],[-75.45034512956568,4.450020355554239],[-75.45034512956568,4.500020584268331],[-75.50034535827977,4.500020584268331],[-75.50034535827977,4.450020355554239]]]}},{"type":"Feature","properties":{"v":0.37},"geometry":{"type":"Polygon","coordinates":[[[-75.45034512956568,4.450020355554239],[-75.40034490085158,4.450020355554239],[-75.40034490085158,4.500020584268331],[-75.45034512956568,4.500020584268331],[-75.45034512956568,4.450020355554239]]]}},{"type":"Feature","properties":{"v":0.37},"geometry":{"type":"Polygon","coordinates":[[[-75.40034490085158,4.450020355554239],[-75.3503446721375,4.450020355554239],[-75.3503446721375,4.500020584268331],[-75.40034490085158,4.500020584268331],[-75.40034490085158,4.450020355554239]]]}},{"type":"Feature","properties":{"v":0.24},"geometry":{"type":"Polygon","coordinates":[[[-75.3503446721375,4.450020355554239],[-75.3003444434234,4.450020355554239],[-75.3003444434234,4.500020584268331],[-75.3503446721375,4.500020584268331],[-75.3503446721375,4.450020355554239]]]}},{"type":"Feature","properties":{"v":0.24},"geometry":{"type":"Polygon","coordinates":[[[-75.3003444434234,4.450020355554239],[-75.2503442147093,4.450020355554239],[-75.2503442147093,4.500020584268331],[-75.3003444434234,4.500020584268331],[-75.3003444434234,4.450020355554239]]]}},{"type":"Feature","properties":{"v":0.38},"geometry":{"type":"Polygon","coordinates":[[[-75.2503442147093,4.450020355554239],[-75.20034398599522,4.450020355554239],[-75.20034398599522,4.500020584268331],[-75.2503442147093,4.500020584268331],[-75.2503442147093,4.450020355554239]]]}},{"type":"Feature","properties":{"v":0.38},"geometry":{"type":"Polygon","coordinates":[[[-75.20034398599522,4.450020355554239],[-75.15034375728112,4.450020355554239],[-75.15034375728112,4.500020584268331],[-75.20034398599522,4.500020584268331],[-75.20034398599522,4.450020355554239]]]}},{"type":"Feature","properties":{"v":0.5},"geometry":{"type":"Polygon","coordinates":[[[-75.15034375728112,4.450020355554239],[-75.10034352856702,4.450020355554239],[-75.10034352856702,4.500020584268331],[-75.15034375728112,4.500020584268331],[-75.15034375728112,4.450020355554239]]]}},{"type":"Feature","properties":{"v":1.5},"geometry":{"type":"Polygon","coordinates":[[[-77.35035382070119,4.400020126840146],[-77.3003535919871,4.400020126840146],[-77.3003535919871,4.450020355554239],[-77.35035382070119,4.450020355554239],[-77.35035382070119,4.400020126840146]]]}},{"type":"Feature","properties":{"v":1.5},"geometry":{"type":"Polygon","coordinates":[[[-77.3003535919871,4.400020126840146],[-77.250353363273,4.400020126840146],[-77.250353363273,4.450020355554239],[-77.3003535919871,4.450020355554239],[-77.3003535919871,4.400020126840146]]]}},{"type":"Feature","properties":{"v":1.49},"geometry":{"type":"Polygon","coordinates":[[[-77.250353363273,4.400020126840146],[-77.20035313455891,4.400020126840146],[-77.20035313455891,4.450020355554239],[-77.250353363273,4.450020355554239],[-77.250353363273,4.400020126840146]]]}},{"type":"Feature","properties":{"v":1.49},"geometry":{"type":"Polygon","coordinates":[[[-77.20035313455891,4.400020126840146],[-77.15035290584483,4.400020126840146],[-77.15035290584483,4.450020355554239],[-77.20035313455891,4.450020355554239],[-77.20035313455891,4.400020126840146]]]}},{"type":"Feature","properties":{"v":1.54},"geometry":{"type":"Polygon","coordinates":[[[-77.15035290584483,4.400020126840146],[-77.10035267713073,4.400020126840146],[-77.10035267713073,4.450020355554239],[-77.15035290584483,4.450020355554239],[-77.15035290584483,4.400020126840146]]]}},{"type":"Feature","properties":{"v":1.54},"geometry":{"type":"Polygon","coordinates":[[[-77.10035267713073,4.400020126840146],[-77.05035244841663,4.400020126840146],[-77.05035244841663,4.450020355554239],[-77.10035267713073,4.450020355554239],[-77.10035267713073,4.400020126840146]]]}},{"type":"Feature","properties":{"v":1.6},"geometry":{"type":"Polygon","coordinates":[[[-77.05035244841663,4.400020126840146],[-77.00035221970255,4.400020126840146],[-77.00035221970255,4.450020355554239],[-77.05035244841663,4.450020355554239],[-77.05035244841663,4.400020126840146]]]}},{"type":"Feature","properties":{"v":1.6},"geometry":{"type":"Polygon","coordinates":[[[-77.00035221970255,4.400020126840146],[-76.95035199098845,4.400020126840146],[-76.95035199098845,4.450020355554239],[-77.00035221970255,4.450020355554239],[-77.00035221970255,4.400020126840146]]]}},{"type":"Feature","properties":{"v":1.78},"geometry":{"type":"Polygon","coordinates":[[[-76.95035199098845,4.400020126840146],[-76.90035176227435,4.400020126840146],[-76.90035176227435,4.450020355554239],[-76.95035199098845,4.450020355554239],[-76.95035199098845,4.400020126840146]]]}},{"type":"Feature","properties":{"v":1.78},"geometry":{"type":"Polygon","coordinates":[[[-76.90035176227435,4.400020126840146],[-76.85035153356027,4.400020126840146],[-76.85035153356027,4.450020355554239],[-76.90035176227435,4.450020355554239],[-76.90035176227435,4.400020126840146]]]}},{"type":"Feature","properties":{"v":1.84},"geometry":{"type":"Polygon","coordinates":[[[-76.85035153356027,4.400020126840146],[-76.80035130484617,4.400020126840146],[-76.80035130484617,4.450020355554239],[-76.85035153356027,4.450020355554239],[-76.85035153356027,4.400020126840146]]]}},{"type":"Feature","properties":{"v":1.84},"geometry":{"type":"Polygon","coordinates":[[[-76.80035130484617,4.400020126840146],[-76.75035107613208,4.400020126840146],[-76.75035107613208,4.450020355554239],[-76.80035130484617,4.450020355554239],[-76.80035130484617,4.400020126840146]]]}},{"type":"Feature","properties":{"v":1.77},"geometry":{"type":"Polygon","coordinates":[[[-76.75035107613208,4.400020126840146],[-76.700350847418,4.400020126840146],[-76.700350847418,4.450020355554239],[-76.75035107613208,4.450020355554239],[-76.75035107613208,4.400020126840146]]]}},{"type":"Feature","properties":{"v":1.77},"geometry":{"type":"Polygon","coordinates":[[[-76.700350847418,4.400020126840146],[-76.6503506187039,4.400020126840146],[-76.6503506187039,4.450020355554239],[-76.700350847418,4.450020355554239],[-76.700350847418,4.400020126840146]]]}},{"type":"Feature","properties":{"v":1.49},"geometry":{"type":"Polygon","coordinates":[[[-76.6503506187039,4.400020126840146],[-76.6003503899898,4.400020126840146],[-76.6003503899898,4.450020355554239],[-76.6503506187039,4.450020355554239],[-76.6503506187039,4.400020126840146]]]}},{"type":"Feature","properties":{"v":1.49},"geometry":{"type":"Polygon","coordinates":[[[-76.6003503899898,4.400020126840146],[-76.55035016127572,4.400020126840146],[-76.55035016127572,4.450020355554239],[-76.6003503899898,4.450020355554239],[-76.6003503899898,4.400020126840146]]]}},{"type":"Feature","properties":{"v":1.35},"geometry":{"type":"Polygon","coordinates":[[[-76.55035016127572,4.400020126840146],[-76.50034993256162,4.400020126840146],[-76.50034993256162,4.450020355554239],[-76.55035016127572,4.450020355554239],[-76.55035016127572,4.400020126840146]]]}},{"type":"Feature","properties":{"v":1.35},"geometry":{"type":"Polygon","coordinates":[[[-76.50034993256162,4.400020126840146],[-76.45034970384752,4.400020126840146],[-76.45034970384752,4.450020355554239],[-76.50034993256162,4.450020355554239],[-76.50034993256162,4.400020126840146]]]}},{"type":"Feature","properties":{"v":1.55},"geometry":{"type":"Polygon","coordinates":[[[-76.45034970384752,4.400020126840146],[-76.40034947513344,4.400020126840146],[-76.40034947513344,4.450020355554239],[-76.45034970384752,4.450020355554239],[-76.45034970384752,4.400020126840146]]]}},{"type":"Feature","properties":{"v":1.55},"geometry":{"type":"Polygon","coordinates":[[[-76.40034947513344,4.400020126840146],[-76.35034924641934,4.400020126840146],[-76.35034924641934,4.450020355554239],[-76.40034947513344,4.450020355554239],[-76.40034947513344,4.400020126840146]]]}},{"type":"Feature","properties":{"v":1.48},"geometry":{"type":"Polygon","coordinates":[[[-76.35034924641934,4.400020126840146],[-76.30034901770524,4.400020126840146],[-76.30034901770524,4.450020355554239],[-76.35034924641934,4.450020355554239],[-76.35034924641934,4.400020126840146]]]}},{"type":"Feature","properties":{"v":1.48},"geometry":{"type":"Polygon","coordinates":[[[-76.30034901770524,4.400020126840146],[-76.25034878899116,4.400020126840146],[-76.25034878899116,4.450020355554239],[-76.30034901770524,4.450020355554239],[-76.30034901770524,4.400020126840146]]]}},{"type":"Feature","properties":{"v":1.47},"geometry":{"type":"Polygon","coordinates":[[[-76.25034878899116,4.400020126840146],[-76.20034856027706,4.400020126840146],[-76.20034856027706,4.450020355554239],[-76.25034878899116,4.450020355554239],[-76.25034878899116,4.400020126840146]]]}},{"type":"Feature","properties":{"v":1.47},"geometry":{"type":"Polygon","coordinates":[[[-76.20034856027706,4.400020126840146],[-76.15034833156297,4.400020126840146],[-76.15034833156297,4.450020355554239],[-76.20034856027706,4.450020355554239],[-76.20034856027706,4.400020126840146]]]}},{"type":"Feature","properties":{"v":1.6},"geometry":{"type":"Polygon","coordinates":[[[-76.15034833156297,4.400020126840146],[-76.10034810284888,4.400020126840146],[-76.10034810284888,4.450020355554239],[-76.15034833156297,4.450020355554239],[-76.15034833156297,4.400020126840146]]]}},{"type":"Feature","properties":{"v":1.6},"geometry":{"type":"Polygon","coordinates":[[[-76.10034810284888,4.400020126840146],[-76.05034787413479,4.400020126840146],[-76.05034787413479,4.450020355554239],[-76.10034810284888,4.450020355554239],[-76.10034810284888,4.400020126840146]]]}},{"type":"Feature","properties":{"v":1.99},"geometry":{"type":"Polygon","coordinates":[[[-76.05034787413479,4.400020126840146],[-76.00034764542069,4.400020126840146],[-76.00034764542069,4.450020355554239],[-76.05034787413479,4.450020355554239],[-76.05034787413479,4.400020126840146]]]}},{"type":"Feature","properties":{"v":1.99},"geometry":{"type":"Polygon","coordinates":[[[-76.00034764542069,4.400020126840146],[-75.9503474167066,4.400020126840146],[-75.9503474167066,4.450020355554239],[-76.00034764542069,4.450020355554239],[-76.00034764542069,4.400020126840146]]]}},{"type":"Feature","properties":{"v":1.52},"geometry":{"type":"Polygon","coordinates":[[[-75.9503474167066,4.400020126840146],[-75.90034718799251,4.400020126840146],[-75.90034718799251,4.450020355554239],[-75.9503474167066,4.450020355554239],[-75.9503474167066,4.400020126840146]]]}},{"type":"Feature","properties":{"v":1.52},"geometry":{"type":"Polygon","coordinates":[[[-75.90034718799251,4.400020126840146],[-75.85034695927841,4.400020126840146],[-75.85034695927841,4.450020355554239],[-75.90034718799251,4.450020355554239],[-75.90034718799251,4.400020126840146]]]}},{"type":"Feature","properties":{"v":1.36},"geometry":{"type":"Polygon","coordinates":[[[-75.85034695927841,4.400020126840146],[-75.80034673056433,4.400020126840146],[-75.80034673056433,4.450020355554239],[-75.85034695927841,4.450020355554239],[-75.85034695927841,4.400020126840146]]]}},{"type":"Feature","properties":{"v":1.36},"geometry":{"type":"Polygon","coordinates":[[[-75.80034673056433,4.400020126840146],[-75.75034650185023,4.400020126840146],[-75.75034650185023,4.450020355554239],[-75.80034673056433,4.450020355554239],[-75.80034673056433,4.400020126840146]]]}},{"type":"Feature","properties":{"v":1.15},"geometry":{"type":"Polygon","coordinates":[[[-75.75034650185023,4.400020126840146],[-75.70034627313613,4.400020126840146],[-75.70034627313613,4.450020355554239],[-75.75034650185023,4.450020355554239],[-75.75034650185023,4.400020126840146]]]}},{"type":"Feature","properties":{"v":1.15},"geometry":{"type":"Polygon","coordinates":[[[-75.70034627313613,4.400020126840146],[-75.65034604442205,4.400020126840146],[-75.65034604442205,4.450020355554239],[-75.70034627313613,4.450020355554239],[-75.70034627313613,4.400020126840146]]]}},{"type":"Feature","properties":{"v":0.84},"geometry":{"type":"Polygon","coordinates":[[[-75.65034604442205,4.400020126840146],[-75.60034581570795,4.400020126840146],[-75.60034581570795,4.450020355554239],[-75.65034604442205,4.450020355554239],[-75.65034604442205,4.400020126840146]]]}},{"type":"Feature","properties":{"v":0.84},"geometry":{"type":"Polygon","coordinates":[[[-75.60034581570795,4.400020126840146],[-75.55034558699386,4.400020126840146],[-75.55034558699386,4.450020355554239],[-75.60034581570795,4.450020355554239],[-75.60034581570795,4.400020126840146]]]}},{"type":"Feature","properties":{"v":0.12},"geometry":{"type":"Polygon","coordinates":[[[-75.55034558699386,4.400020126840146],[-75.50034535827977,4.400020126840146],[-75.50034535827977,4.450020355554239],[-75.55034558699386,4.450020355554239],[-75.55034558699386,4.400020126840146]]]}},{"type":"Feature","properties":{"v":0.12},"geometry":{"type":"Polygon","coordinates":[[[-75.50034535827977,4.400020126840146],[-75.45034512956568,4.400020126840146],[-75.45034512956568,4.450020355554239],[-75.50034535827977,4.450020355554239],[-75.50034535827977,4.400020126840146]]]}},{"type":"Feature","properties":{"v":0.28},"geometry":{"type":"Polygon","coordinates":[[[-75.45034512956568,4.400020126840146],[-75.40034490085158,4.400020126840146],[-75.40034490085158,4.450020355554239],[-75.45034512956568,4.450020355554239],[-75.45034512956568,4.400020126840146]]]}},{"type":"Feature","properties":{"v":0.28},"geometry":{"type":"Polygon","coordinates":[[[-75.40034490085158,4.400020126840146],[-75.3503446721375,4.400020126840146],[-75.3503446721375,4.450020355554239],[-75.40034490085158,4.450020355554239],[-75.40034490085158,4.400020126840146]]]}},{"type":"Feature","properties":{"v":0.71},"geometry":{"type":"Polygon","coordinates":[[[-75.3503446721375,4.400020126840146],[-75.3003444434234,4.400020126840146],[-75.3003444434234,4.450020355554239],[-75.3503446721375,4.450020355554239],[-75.3503446721375,4.400020126840146]]]}},{"type":"Feature","properties":{"v":0.71},"geometry":{"type":"Polygon","coordinates":[[[-75.3003444434234,4.400020126840146],[-75.2503442147093,4.400020126840146],[-75.2503442147093,4.450020355554239],[-75.3003444434234,4.450020355554239],[-75.3003444434234,4.400020126840146]]]}},{"type":"Feature","properties":{"v":0.79},"geometry":{"type":"Polygon","coordinates":[[[-75.2503442147093,4.400020126840146],[-75.20034398599522,4.400020126840146],[-75.20034398599522,4.450020355554239],[-75.2503442147093,4.450020355554239],[-75.2503442147093,4.400020126840146]]]}},{"type":"Feature","properties":{"v":0.79},"geometry":{"type":"Polygon","coordinates":[[[-75.20034398599522,4.400020126840146],[-75.15034375728112,4.400020126840146],[-75.15034375728112,4.450020355554239],[-75.20034398599522,4.450020355554239],[-75.20034398599522,4.400020126840146]]]}},{"type":"Feature","properties":{"v":0.53},"geometry":{"type":"Polygon","coordinates":[[[-75.15034375728112,4.400020126840146],[-75.10034352856702,4.400020126840146],[-75.10034352856702,4.450020355554239],[-75.15034375728112,4.450020355554239],[-75.15034375728112,4.400020126840146]]]}},{"type":"Feature","properties":{"v":1.5},"geometry":{"type":"Polygon","coordinates":[[[-77.35035382070119,4.350019898126053],[-77.3003535919871,4.350019898126053],[-77.3003535919871,4.400020126840146],[-77.35035382070119,4.400020126840146],[-77.35035382070119,4.350019898126053]]]}},{"type":"Feature","properties":{"v":1.5},"geometry":{"type":"Polygon","coordinates":[[[-77.3003535919871,4.350019898126053],[-77.250353363273,4.350019898126053],[-77.250353363273,4.400020126840146],[-77.3003535919871,4.400020126840146],[-77.3003535919871,4.350019898126053]]]}},{"type":"Feature","properties":{"v":1.49},"geometry":{"type":"Polygon","coordinates":[[[-77.250353363273,4.350019898126053],[-77.20035313455891,4.350019898126053],[-77.20035313455891,4.400020126840146],[-77.250353363273,4.400020126840146],[-77.250353363273,4.350019898126053]]]}},{"type":"Feature","properties":{"v":1.49},"geometry":{"type":"Polygon","coordinates":[[[-77.20035313455891,4.350019898126053],[-77.15035290584483,4.350019898126053],[-77.15035290584483,4.400020126840146],[-77.20035313455891,4.400020126840146],[-77.20035313455891,4.350019898126053]]]}},{"type":"Feature","properties":{"v":1.54},"geometry":{"type":"Polygon","coordinates":[[[-77.15035290584483,4.350019898126053],[-77.10035267713073,4.350019898126053],[-77.10035267713073,4.400020126840146],[-77.15035290584483,4.400020126840146],[-77.15035290584483,4.350019898126053]]]}},{"type":"Feature","properties":{"v":1.54},"geometry":{"type":"Polygon","coordinates":[[[-77.10035267713073,4.350019898126053],[-77.05035244841663,4.350019898126053],[-77.05035244841663,4.400020126840146],[-77.10035267713073,4.400020126840146],[-77.10035267713073,4.350019898126053]]]}},{"type":"Feature","properties":{"v":1.6},"geometry":{"type":"Polygon","coordinates":[[[-77.05035244841663,4.350019898126053],[-77.00035221970255,4.350019898126053],[-77.00035221970255,4.400020126840146],[-77.05035244841663,4.400020126840146],[-77.05035244841663,4.350019898126053]]]}},{"type":"Feature","properties":{"v":1.6},"geometry":{"type":"Polygon","coordinates":[[[-77.00035221970255,4.350019898126053],[-76.95035199098845,4.350019898126053],[-76.95035199098845,4.400020126840146],[-77.00035221970255,4.400020126840146],[-77.00035221970255,4.350019898126053]]]}},{"type":"Feature","properties":{"v":1.78},"geometry":{"type":"Polygon","coordinates":[[[-76.95035199098845,4.350019898126053],[-76.90035176227435,4.350019898126053],[-76.90035176227435,4.400020126840146],[-76.95035199098845,4.400020126840146],[-76.95035199098845,4.350019898126053]]]}},{"type":"Feature","properties":{"v":1.78},"geometry":{"type":"Polygon","coordinates":[[[-76.90035176227435,4.350019898126053],[-76.85035153356027,4.350019898126053],[-76.85035153356027,4.400020126840146],[-76.90035176227435,4.400020126840146],[-76.90035176227435,4.350019898126053]]]}},{"type":"Feature","properties":{"v":1.84},"geometry":{"type":"Polygon","coordinates":[[[-76.85035153356027,4.350019898126053],[-76.80035130484617,4.350019898126053],[-76.80035130484617,4.400020126840146],[-76.85035153356027,4.400020126840146],[-76.85035153356027,4.350019898126053]]]}},{"type":"Feature","properties":{"v":1.84},"geometry":{"type":"Polygon","coordinates":[[[-76.80035130484617,4.350019898126053],[-76.75035107613208,4.350019898126053],[-76.75035107613208,4.400020126840146],[-76.80035130484617,4.400020126840146],[-76.80035130484617,4.350019898126053]]]}},{"type":"Feature","properties":{"v":1.77},"geometry":{"type":"Polygon","coordinates":[[[-76.75035107613208,4.350019898126053],[-76.700350847418,4.350019898126053],[-76.700350847418,4.400020126840146],[-76.75035107613208,4.400020126840146],[-76.75035107613208,4.350019898126053]]]}},{"type":"Feature","properties":{"v":1.77},"geometry":{"type":"Polygon","coordinates":[[[-76.700350847418,4.350019898126053],[-76.6503506187039,4.350019898126053],[-76.6503506187039,4.400020126840146],[-76.700350847418,4.400020126840146],[-76.700350847418,4.350019898126053]]]}},{"type":"Feature","properties":{"v":1.49},"geometry":{"type":"Polygon","coordinates":[[[-76.6503506187039,4.350019898126053],[-76.6003503899898,4.350019898126053],[-76.6003503899898,4.400020126840146],[-76.6503506187039,4.400020126840146],[-76.6503506187039,4.350019898126053]]]}},{"type":"Feature","properties":{"v":1.49},"geometry":{"type":"Polygon","coordinates":[[[-76.6003503899898,4.350019898126053],[-76.55035016127572,4.350019898126053],[-76.55035016127572,4.400020126840146],[-76.6003503899898,4.400020126840146],[-76.6003503899898,4.350019898126053]]]}},{"type":"Feature","properties":{"v":1.35},"geometry":{"type":"Polygon","coordinates":[[[-76.55035016127572,4.350019898126053],[-76.50034993256162,4.350019898126053],[-76.50034993256162,4.400020126840146],[-76.55035016127572,4.400020126840146],[-76.55035016127572,4.350019898126053]]]}},{"type":"Feature","properties":{"v":1.35},"geometry":{"type":"Polygon","coordinates":[[[-76.50034993256162,4.350019898126053],[-76.45034970384752,4.350019898126053],[-76.45034970384752,4.400020126840146],[-76.50034993256162,4.400020126840146],[-76.50034993256162,4.350019898126053]]]}},{"type":"Feature","properties":{"v":1.55},"geometry":{"type":"Polygon","coordinates":[[[-76.45034970384752,4.350019898126053],[-76.40034947513344,4.350019898126053],[-76.40034947513344,4.400020126840146],[-76.45034970384752,4.400020126840146],[-76.45034970384752,4.350019898126053]]]}},{"type":"Feature","properties":{"v":1.55},"geometry":{"type":"Polygon","coordinates":[[[-76.40034947513344,4.350019898126053],[-76.35034924641934,4.350019898126053],[-76.35034924641934,4.400020126840146],[-76.40034947513344,4.400020126840146],[-76.40034947513344,4.350019898126053]]]}},{"type":"Feature","properties":{"v":1.48},"geometry":{"type":"Polygon","coordinates":[[[-76.35034924641934,4.350019898126053],[-76.30034901770524,4.350019898126053],[-76.30034901770524,4.400020126840146],[-76.35034924641934,4.400020126840146],[-76.35034924641934,4.350019898126053]]]}},{"type":"Feature","properties":{"v":1.48},"geometry":{"type":"Polygon","coordinates":[[[-76.30034901770524,4.350019898126053],[-76.25034878899116,4.350019898126053],[-76.25034878899116,4.400020126840146],[-76.30034901770524,4.400020126840146],[-76.30034901770524,4.350019898126053]]]}},{"type":"Feature","properties":{"v":1.47},"geometry":{"type":"Polygon","coordinates":[[[-76.25034878899116,4.350019898126053],[-76.20034856027706,4.350019898126053],[-76.20034856027706,4.400020126840146],[-76.25034878899116,4.400020126840146],[-76.25034878899116,4.350019898126053]]]}},{"type":"Feature","properties":{"v":1.47},"geometry":{"type":"Polygon","coordinates":[[[-76.20034856027706,4.350019898126053],[-76.15034833156297,4.350019898126053],[-76.15034833156297,4.400020126840146],[-76.20034856027706,4.400020126840146],[-76.20034856027706,4.350019898126053]]]}},{"type":"Feature","properties":{"v":1.6},"geometry":{"type":"Polygon","coordinates":[[[-76.15034833156297,4.350019898126053],[-76.10034810284888,4.350019898126053],[-76.10034810284888,4.400020126840146],[-76.15034833156297,4.400020126840146],[-76.15034833156297,4.350019898126053]]]}},{"type":"Feature","properties":{"v":1.6},"geometry":{"type":"Polygon","coordinates":[[[-76.10034810284888,4.350019898126053],[-76.05034787413479,4.350019898126053],[-76.05034787413479,4.400020126840146],[-76.10034810284888,4.400020126840146],[-76.10034810284888,4.350019898126053]]]}},{"type":"Feature","properties":{"v":1.99},"geometry":{"type":"Polygon","coordinates":[[[-76.05034787413479,4.350019898126053],[-76.00034764542069,4.350019898126053],[-76.00034764542069,4.400020126840146],[-76.05034787413479,4.400020126840146],[-76.05034787413479,4.350019898126053]]]}},{"type":"Feature","properties":{"v":1.99},"geometry":{"type":"Polygon","coordinates":[[[-76.00034764542069,4.350019898126053],[-75.9503474167066,4.350019898126053],[-75.9503474167066,4.400020126840146],[-76.00034764542069,4.400020126840146],[-76.00034764542069,4.350019898126053]]]}},{"type":"Feature","properties":{"v":1.52},"geometry":{"type":"Polygon","coordinates":[[[-75.9503474167066,4.350019898126053],[-75.90034718799251,4.350019898126053],[-75.90034718799251,4.400020126840146],[-75.9503474167066,4.400020126840146],[-75.9503474167066,4.350019898126053]]]}},{"type":"Feature","properties":{"v":1.52},"geometry":{"type":"Polygon","coordinates":[[[-75.90034718799251,4.350019898126053],[-75.85034695927841,4.350019898126053],[-75.85034695927841,4.400020126840146],[-75.90034718799251,4.400020126840146],[-75.90034718799251,4.350019898126053]]]}},{"type":"Feature","properties":{"v":1.36},"geometry":{"type":"Polygon","coordinates":[[[-75.85034695927841,4.350019898126053],[-75.80034673056433,4.350019898126053],[-75.80034673056433,4.400020126840146],[-75.85034695927841,4.400020126840146],[-75.85034695927841,4.350019898126053]]]}},{"type":"Feature","properties":{"v":1.36},"geometry":{"type":"Polygon","coordinates":[[[-75.80034673056433,4.350019898126053],[-75.75034650185023,4.350019898126053],[-75.75034650185023,4.400020126840146],[-75.80034673056433,4.400020126840146],[-75.80034673056433,4.350019898126053]]]}},{"type":"Feature","properties":{"v":1.15},"geometry":{"type":"Polygon","coordinates":[[[-75.75034650185023,4.350019898126053],[-75.70034627313613,4.350019898126053],[-75.70034627313613,4.400020126840146],[-75.75034650185023,4.400020126840146],[-75.75034650185023,4.350019898126053]]]}},{"type":"Feature","properties":{"v":1.15},"geometry":{"type":"Polygon","coordinates":[[[-75.70034627313613,4.350019898126053],[-75.65034604442205,4.350019898126053],[-75.65034604442205,4.400020126840146],[-75.70034627313613,4.400020126840146],[-75.70034627313613,4.350019898126053]]]}},{"type":"Feature","properties":{"v":0.84},"geometry":{"type":"Polygon","coordinates":[[[-75.65034604442205,4.350019898126053],[-75.60034581570795,4.350019898126053],[-75.60034581570795,4.400020126840146],[-75.65034604442205,4.400020126840146],[-75.65034604442205,4.350019898126053]]]}},{"type":"Feature","properties":{"v":0.84},"geometry":{"type":"Polygon","coordinates":[[[-75.60034581570795,4.350019898126053],[-75.55034558699386,4.350019898126053],[-75.55034558699386,4.400020126840146],[-75.60034581570795,4.400020126840146],[-75.60034581570795,4.350019898126053]]]}},{"type":"Feature","properties":{"v":0.12},"geometry":{"type":"Polygon","coordinates":[[[-75.55034558699386,4.350019898126053],[-75.50034535827977,4.350019898126053],[-75.50034535827977,4.400020126840146],[-75.55034558699386,4.400020126840146],[-75.55034558699386,4.350019898126053]]]}},{"type":"Feature","properties":{"v":0.12},"geometry":{"type":"Polygon","coordinates":[[[-75.50034535827977,4.350019898126053],[-75.45034512956568,4.350019898126053],[-75.45034512956568,4.400020126840146],[-75.50034535827977,4.400020126840146],[-75.50034535827977,4.350019898126053]]]}},{"type":"Feature","properties":{"v":0.28},"geometry":{"type":"Polygon","coordinates":[[[-75.45034512956568,4.350019898126053],[-75.40034490085158,4.350019898126053],[-75.40034490085158,4.400020126840146],[-75.45034512956568,4.400020126840146],[-75.45034512956568,4.350019898126053]]]}},{"type":"Feature","properties":{"v":0.28},"geometry":{"type":"Polygon","coordinates":[[[-75.40034490085158,4.350019898126053],[-75.3503446721375,4.350019898126053],[-75.3503446721375,4.400020126840146],[-75.40034490085158,4.400020126840146],[-75.40034490085158,4.350019898126053]]]}},{"type":"Feature","properties":{"v":0.71},"geometry":{"type":"Polygon","coordinates":[[[-75.3503446721375,4.350019898126053],[-75.3003444434234,4.350019898126053],[-75.3003444434234,4.400020126840146],[-75.3503446721375,4.400020126840146],[-75.3503446721375,4.350019898126053]]]}},{"type":"Feature","properties":{"v":0.71},"geometry":{"type":"Polygon","coordinates":[[[-75.3003444434234,4.350019898126053],[-75.2503442147093,4.350019898126053],[-75.2503442147093,4.400020126840146],[-75.3003444434234,4.400020126840146],[-75.3003444434234,4.350019898126053]]]}},{"type":"Feature","properties":{"v":0.79},"geometry":{"type":"Polygon","coordinates":[[[-75.2503442147093,4.350019898126053],[-75.20034398599522,4.350019898126053],[-75.20034398599522,4.400020126840146],[-75.2503442147093,4.400020126840146],[-75.2503442147093,4.350019898126053]]]}},{"type":"Feature","properties":{"v":0.79},"geometry":{"type":"Polygon","coordinates":[[[-75.20034398599522,4.350019898126053],[-75.15034375728112,4.350019898126053],[-75.15034375728112,4.400020126840146],[-75.20034398599522,4.400020126840146],[-75.20034398599522,4.350019898126053]]]}},{"type":"Feature","properties":{"v":0.53},"geometry":{"type":"Polygon","coordinates":[[[-75.15034375728112,4.350019898126053],[-75.10034352856702,4.350019898126053],[-75.10034352856702,4.400020126840146],[-75.15034375728112,4.400020126840146],[-75.15034375728112,4.350019898126053]]]}},{"type":"Feature","properties":{"v":1.58},"geometry":{"type":"Polygon","coordinates":[[[-77.45035427812938,4.300019669411961],[-77.40035404941528,4.300019669411961],[-77.40035404941528,4.350019898126053],[-77.45035427812938,4.350019898126053],[-77.45035427812938,4.300019669411961]]]}},{"type":"Feature","properties":{"v":1.58},"geometry":{"type":"Polygon","coordinates":[[[-77.40035404941528,4.300019669411961],[-77.35035382070119,4.300019669411961],[-77.35035382070119,4.350019898126053],[-77.40035404941528,4.350019898126053],[-77.40035404941528,4.300019669411961]]]}},{"type":"Feature","properties":{"v":1.53},"geometry":{"type":"Polygon","coordinates":[[[-77.35035382070119,4.300019669411961],[-77.3003535919871,4.300019669411961],[-77.3003535919871,4.350019898126053],[-77.35035382070119,4.350019898126053],[-77.35035382070119,4.300019669411961]]]}},{"type":"Feature","properties":{"v":1.53},"geometry":{"type":"Polygon","coordinates":[[[-77.3003535919871,4.300019669411961],[-77.250353363273,4.300019669411961],[-77.250353363273,4.350019898126053],[-77.3003535919871,4.350019898126053],[-77.3003535919871,4.300019669411961]]]}},{"type":"Feature","properties":{"v":1.59},"geometry":{"type":"Polygon","coordinates":[[[-77.250353363273,4.300019669411961],[-77.20035313455891,4.300019669411961],[-77.20035313455891,4.350019898126053],[-77.250353363273,4.350019898126053],[-77.250353363273,4.300019669411961]]]}},{"type":"Feature","properties":{"v":1.59},"geometry":{"type":"Polygon","coordinates":[[[-77.20035313455891,4.300019669411961],[-77.15035290584483,4.300019669411961],[-77.15035290584483,4.350019898126053],[-77.20035313455891,4.350019898126053],[-77.20035313455891,4.300019669411961]]]}},{"type":"Feature","properties":{"v":1.56},"geometry":{"type":"Polygon","coordinates":[[[-77.15035290584483,4.300019669411961],[-77.10035267713073,4.300019669411961],[-77.10035267713073,4.350019898126053],[-77.15035290584483,4.350019898126053],[-77.15035290584483,4.300019669411961]]]}},{"type":"Feature","properties":{"v":1.56},"geometry":{"type":"Polygon","coordinates":[[[-77.10035267713073,4.300019669411961],[-77.05035244841663,4.300019669411961],[-77.05035244841663,4.350019898126053],[-77.10035267713073,4.350019898126053],[-77.10035267713073,4.300019669411961]]]}},{"type":"Feature","properties":{"v":1.83},"geometry":{"type":"Polygon","coordinates":[[[-77.05035244841663,4.300019669411961],[-77.00035221970255,4.300019669411961],[-77.00035221970255,4.350019898126053],[-77.05035244841663,4.350019898126053],[-77.05035244841663,4.300019669411961]]]}},{"type":"Feature","properties":{"v":1.83},"geometry":{"type":"Polygon","coordinates":[[[-77.00035221970255,4.300019669411961],[-76.95035199098845,4.300019669411961],[-76.95035199098845,4.350019898126053],[-77.00035221970255,4.350019898126053],[-77.00035221970255,4.300019669411961]]]}},{"type":"Feature","properties":{"v":2.05},"geometry":{"type":"Polygon","coordinates":[[[-76.95035199098845,4.300019669411961],[-76.90035176227435,4.300019669411961],[-76.90035176227435,4.350019898126053],[-76.95035199098845,4.350019898126053],[-76.95035199098845,4.300019669411961]]]}},{"type":"Feature","properties":{"v":2.05},"geometry":{"type":"Polygon","coordinates":[[[-76.90035176227435,4.300019669411961],[-76.85035153356027,4.300019669411961],[-76.85035153356027,4.350019898126053],[-76.90035176227435,4.350019898126053],[-76.90035176227435,4.300019669411961]]]}},{"type":"Feature","properties":{"v":2.05},"geometry":{"type":"Polygon","coordinates":[[[-76.85035153356027,4.300019669411961],[-76.80035130484617,4.300019669411961],[-76.80035130484617,4.350019898126053],[-76.85035153356027,4.350019898126053],[-76.85035153356027,4.300019669411961]]]}},{"type":"Feature","properties":{"v":2.05},"geometry":{"type":"Polygon","coordinates":[[[-76.80035130484617,4.300019669411961],[-76.75035107613208,4.300019669411961],[-76.75035107613208,4.350019898126053],[-76.80035130484617,4.350019898126053],[-76.80035130484617,4.300019669411961]]]}},{"type":"Feature","properties":{"v":1.48},"geometry":{"type":"Polygon","coordinates":[[[-76.75035107613208,4.300019669411961],[-76.700350847418,4.300019669411961],[-76.700350847418,4.350019898126053],[-76.75035107613208,4.350019898126053],[-76.75035107613208,4.300019669411961]]]}},{"type":"Feature","properties":{"v":1.48},"geometry":{"type":"Polygon","coordinates":[[[-76.700350847418,4.300019669411961],[-76.6503506187039,4.300019669411961],[-76.6503506187039,4.350019898126053],[-76.700350847418,4.350019898126053],[-76.700350847418,4.300019669411961]]]}},{"type":"Feature","properties":{"v":1.25},"geometry":{"type":"Polygon","coordinates":[[[-76.6503506187039,4.300019669411961],[-76.6003503899898,4.300019669411961],[-76.6003503899898,4.350019898126053],[-76.6503506187039,4.350019898126053],[-76.6503506187039,4.300019669411961]]]}},{"type":"Feature","properties":{"v":1.25},"geometry":{"type":"Polygon","coordinates":[[[-76.6003503899898,4.300019669411961],[-76.55035016127572,4.300019669411961],[-76.55035016127572,4.350019898126053],[-76.6003503899898,4.350019898126053],[-76.6003503899898,4.300019669411961]]]}},{"type":"Feature","properties":{"v":1.24},"geometry":{"type":"Polygon","coordinates":[[[-76.55035016127572,4.300019669411961],[-76.50034993256162,4.300019669411961],[-76.50034993256162,4.350019898126053],[-76.55035016127572,4.350019898126053],[-76.55035016127572,4.300019669411961]]]}},{"type":"Feature","properties":{"v":1.24},"geometry":{"type":"Polygon","coordinates":[[[-76.50034993256162,4.300019669411961],[-76.45034970384752,4.300019669411961],[-76.45034970384752,4.350019898126053],[-76.50034993256162,4.350019898126053],[-76.50034993256162,4.300019669411961]]]}},{"type":"Feature","properties":{"v":1.23},"geometry":{"type":"Polygon","coordinates":[[[-76.45034970384752,4.300019669411961],[-76.40034947513344,4.300019669411961],[-76.40034947513344,4.350019898126053],[-76.45034970384752,4.350019898126053],[-76.45034970384752,4.300019669411961]]]}},{"type":"Feature","properties":{"v":1.23},"geometry":{"type":"Polygon","coordinates":[[[-76.40034947513344,4.300019669411961],[-76.35034924641934,4.300019669411961],[-76.35034924641934,4.350019898126053],[-76.40034947513344,4.350019898126053],[-76.40034947513344,4.300019669411961]]]}},{"type":"Feature","properties":{"v":1.12},"geometry":{"type":"Polygon","coordinates":[[[-76.35034924641934,4.300019669411961],[-76.30034901770524,4.300019669411961],[-76.30034901770524,4.350019898126053],[-76.35034924641934,4.350019898126053],[-76.35034924641934,4.300019669411961]]]}},{"type":"Feature","properties":{"v":1.12},"geometry":{"type":"Polygon","coordinates":[[[-76.30034901770524,4.300019669411961],[-76.25034878899116,4.300019669411961],[-76.25034878899116,4.350019898126053],[-76.30034901770524,4.350019898126053],[-76.30034901770524,4.300019669411961]]]}},{"type":"Feature","properties":{"v":1.22},"geometry":{"type":"Polygon","coordinates":[[[-76.25034878899116,4.300019669411961],[-76.20034856027706,4.300019669411961],[-76.20034856027706,4.350019898126053],[-76.25034878899116,4.350019898126053],[-76.25034878899116,4.300019669411961]]]}},{"type":"Feature","properties":{"v":1.22},"geometry":{"type":"Polygon","coordinates":[[[-76.20034856027706,4.300019669411961],[-76.15034833156297,4.300019669411961],[-76.15034833156297,4.350019898126053],[-76.20034856027706,4.350019898126053],[-76.20034856027706,4.300019669411961]]]}},{"type":"Feature","properties":{"v":1.03},"geometry":{"type":"Polygon","coordinates":[[[-76.15034833156297,4.300019669411961],[-76.10034810284888,4.300019669411961],[-76.10034810284888,4.350019898126053],[-76.15034833156297,4.350019898126053],[-76.15034833156297,4.300019669411961]]]}},{"type":"Feature","properties":{"v":1.03},"geometry":{"type":"Polygon","coordinates":[[[-76.10034810284888,4.300019669411961],[-76.05034787413479,4.300019669411961],[-76.05034787413479,4.350019898126053],[-76.10034810284888,4.350019898126053],[-76.10034810284888,4.300019669411961]]]}},{"type":"Feature","properties":{"v":1.64},"geometry":{"type":"Polygon","coordinates":[[[-76.05034787413479,4.300019669411961],[-76.00034764542069,4.300019669411961],[-76.00034764542069,4.350019898126053],[-76.05034787413479,4.350019898126053],[-76.05034787413479,4.300019669411961]]]}},{"type":"Feature","properties":{"v":1.64},"geometry":{"type":"Polygon","coordinates":[[[-76.00034764542069,4.300019669411961],[-75.9503474167066,4.300019669411961],[-75.9503474167066,4.350019898126053],[-76.00034764542069,4.350019898126053],[-76.00034764542069,4.300019669411961]]]}},{"type":"Feature","properties":{"v":1.55},"geometry":{"type":"Polygon","coordinates":[[[-75.9503474167066,4.300019669411961],[-75.90034718799251,4.300019669411961],[-75.90034718799251,4.350019898126053],[-75.9503474167066,4.350019898126053],[-75.9503474167066,4.300019669411961]]]}},{"type":"Feature","properties":{"v":1.55},"geometry":{"type":"Polygon","coordinates":[[[-75.90034718799251,4.300019669411961],[-75.85034695927841,4.300019669411961],[-75.85034695927841,4.350019898126053],[-75.90034718799251,4.350019898126053],[-75.90034718799251,4.300019669411961]]]}},{"type":"Feature","properties":{"v":1.32},"geometry":{"type":"Polygon","coordinates":[[[-75.85034695927841,4.300019669411961],[-75.80034673056433,4.300019669411961],[-75.80034673056433,4.350019898126053],[-75.85034695927841,4.350019898126053],[-75.85034695927841,4.300019669411961]]]}},{"type":"Feature","properties":{"v":1.32},"geometry":{"type":"Polygon","coordinates":[[[-75.80034673056433,4.300019669411961],[-75.75034650185023,4.300019669411961],[-75.75034650185023,4.350019898126053],[-75.80034673056433,4.350019898126053],[-75.80034673056433,4.300019669411961]]]}},{"type":"Feature","properties":{"v":1.08},"geometry":{"type":"Polygon","coordinates":[[[-75.75034650185023,4.300019669411961],[-75.70034627313613,4.300019669411961],[-75.70034627313613,4.350019898126053],[-75.75034650185023,4.350019898126053],[-75.75034650185023,4.300019669411961]]]}},{"type":"Feature","properties":{"v":1.08},"geometry":{"type":"Polygon","coordinates":[[[-75.70034627313613,4.300019669411961],[-75.65034604442205,4.300019669411961],[-75.65034604442205,4.350019898126053],[-75.70034627313613,4.350019898126053],[-75.70034627313613,4.300019669411961]]]}},{"type":"Feature","properties":{"v":1.53},"geometry":{"type":"Polygon","coordinates":[[[-75.65034604442205,4.300019669411961],[-75.60034581570795,4.300019669411961],[-75.60034581570795,4.350019898126053],[-75.65034604442205,4.350019898126053],[-75.65034604442205,4.300019669411961]]]}},{"type":"Feature","properties":{"v":1.53},"geometry":{"type":"Polygon","coordinates":[[[-75.60034581570795,4.300019669411961],[-75.55034558699386,4.300019669411961],[-75.55034558699386,4.350019898126053],[-75.60034581570795,4.350019898126053],[-75.60034581570795,4.300019669411961]]]}},{"type":"Feature","properties":{"v":1.59},"geometry":{"type":"Polygon","coordinates":[[[-75.55034558699386,4.300019669411961],[-75.50034535827977,4.300019669411961],[-75.50034535827977,4.350019898126053],[-75.55034558699386,4.350019898126053],[-75.55034558699386,4.300019669411961]]]}},{"type":"Feature","properties":{"v":1.59},"geometry":{"type":"Polygon","coordinates":[[[-75.50034535827977,4.300019669411961],[-75.45034512956568,4.300019669411961],[-75.45034512956568,4.350019898126053],[-75.50034535827977,4.350019898126053],[-75.50034535827977,4.300019669411961]]]}},{"type":"Feature","properties":{"v":0.45},"geometry":{"type":"Polygon","coordinates":[[[-75.45034512956568,4.300019669411961],[-75.40034490085158,4.300019669411961],[-75.40034490085158,4.350019898126053],[-75.45034512956568,4.350019898126053],[-75.45034512956568,4.300019669411961]]]}},{"type":"Feature","properties":{"v":0.45},"geometry":{"type":"Polygon","coordinates":[[[-75.40034490085158,4.300019669411961],[-75.3503446721375,4.300019669411961],[-75.3503446721375,4.350019898126053],[-75.40034490085158,4.350019898126053],[-75.40034490085158,4.300019669411961]]]}},{"type":"Feature","properties":{"v":0.65},"geometry":{"type":"Polygon","coordinates":[[[-75.3503446721375,4.300019669411961],[-75.3003444434234,4.300019669411961],[-75.3003444434234,4.350019898126053],[-75.3503446721375,4.350019898126053],[-75.3503446721375,4.300019669411961]]]}},{"type":"Feature","properties":{"v":0.65},"geometry":{"type":"Polygon","coordinates":[[[-75.3003444434234,4.300019669411961],[-75.2503442147093,4.300019669411961],[-75.2503442147093,4.350019898126053],[-75.3003444434234,4.350019898126053],[-75.3003444434234,4.300019669411961]]]}},{"type":"Feature","properties":{"v":0.38},"geometry":{"type":"Polygon","coordinates":[[[-75.2503442147093,4.300019669411961],[-75.20034398599522,4.300019669411961],[-75.20034398599522,4.350019898126053],[-75.2503442147093,4.350019898126053],[-75.2503442147093,4.300019669411961]]]}},{"type":"Feature","properties":{"v":0.38},"geometry":{"type":"Polygon","coordinates":[[[-75.20034398599522,4.300019669411961],[-75.15034375728112,4.300019669411961],[-75.15034375728112,4.350019898126053],[-75.20034398599522,4.350019898126053],[-75.20034398599522,4.300019669411961]]]}},{"type":"Feature","properties":{"v":0.17},"geometry":{"type":"Polygon","coordinates":[[[-75.15034375728112,4.300019669411961],[-75.10034352856702,4.300019669411961],[-75.10034352856702,4.350019898126053],[-75.15034375728112,4.350019898126053],[-75.15034375728112,4.300019669411961]]]}},{"type":"Feature","properties":{"v":1.58},"geometry":{"type":"Polygon","coordinates":[[[-77.45035427812938,4.250019440697868],[-77.40035404941528,4.250019440697868],[-77.40035404941528,4.300019669411961],[-77.45035427812938,4.300019669411961],[-77.45035427812938,4.250019440697868]]]}},{"type":"Feature","properties":{"v":1.58},"geometry":{"type":"Polygon","coordinates":[[[-77.40035404941528,4.250019440697868],[-77.35035382070119,4.250019440697868],[-77.35035382070119,4.300019669411961],[-77.40035404941528,4.300019669411961],[-77.40035404941528,4.250019440697868]]]}},{"type":"Feature","properties":{"v":1.53},"geometry":{"type":"Polygon","coordinates":[[[-77.35035382070119,4.250019440697868],[-77.3003535919871,4.250019440697868],[-77.3003535919871,4.300019669411961],[-77.35035382070119,4.300019669411961],[-77.35035382070119,4.250019440697868]]]}},{"type":"Feature","properties":{"v":1.53},"geometry":{"type":"Polygon","coordinates":[[[-77.3003535919871,4.250019440697868],[-77.250353363273,4.250019440697868],[-77.250353363273,4.300019669411961],[-77.3003535919871,4.300019669411961],[-77.3003535919871,4.250019440697868]]]}},{"type":"Feature","properties":{"v":1.59},"geometry":{"type":"Polygon","coordinates":[[[-77.250353363273,4.250019440697868],[-77.20035313455891,4.250019440697868],[-77.20035313455891,4.300019669411961],[-77.250353363273,4.300019669411961],[-77.250353363273,4.250019440697868]]]}},{"type":"Feature","properties":{"v":1.59},"geometry":{"type":"Polygon","coordinates":[[[-77.20035313455891,4.250019440697868],[-77.15035290584483,4.250019440697868],[-77.15035290584483,4.300019669411961],[-77.20035313455891,4.300019669411961],[-77.20035313455891,4.250019440697868]]]}},{"type":"Feature","properties":{"v":1.56},"geometry":{"type":"Polygon","coordinates":[[[-77.15035290584483,4.250019440697868],[-77.10035267713073,4.250019440697868],[-77.10035267713073,4.300019669411961],[-77.15035290584483,4.300019669411961],[-77.15035290584483,4.250019440697868]]]}},{"type":"Feature","properties":{"v":1.56},"geometry":{"type":"Polygon","coordinates":[[[-77.10035267713073,4.250019440697868],[-77.05035244841663,4.250019440697868],[-77.05035244841663,4.300019669411961],[-77.10035267713073,4.300019669411961],[-77.10035267713073,4.250019440697868]]]}},{"type":"Feature","properties":{"v":1.83},"geometry":{"type":"Polygon","coordinates":[[[-77.05035244841663,4.250019440697868],[-77.00035221970255,4.250019440697868],[-77.00035221970255,4.300019669411961],[-77.05035244841663,4.300019669411961],[-77.05035244841663,4.250019440697868]]]}},{"type":"Feature","properties":{"v":1.83},"geometry":{"type":"Polygon","coordinates":[[[-77.00035221970255,4.250019440697868],[-76.95035199098845,4.250019440697868],[-76.95035199098845,4.300019669411961],[-77.00035221970255,4.300019669411961],[-77.00035221970255,4.250019440697868]]]}},{"type":"Feature","properties":{"v":2.05},"geometry":{"type":"Polygon","coordinates":[[[-76.95035199098845,4.250019440697868],[-76.90035176227435,4.250019440697868],[-76.90035176227435,4.300019669411961],[-76.95035199098845,4.300019669411961],[-76.95035199098845,4.250019440697868]]]}},{"type":"Feature","properties":{"v":2.05},"geometry":{"type":"Polygon","coordinates":[[[-76.90035176227435,4.250019440697868],[-76.85035153356027,4.250019440697868],[-76.85035153356027,4.300019669411961],[-76.90035176227435,4.300019669411961],[-76.90035176227435,4.250019440697868]]]}},{"type":"Feature","properties":{"v":2.05},"geometry":{"type":"Polygon","coordinates":[[[-76.85035153356027,4.250019440697868],[-76.80035130484617,4.250019440697868],[-76.80035130484617,4.300019669411961],[-76.85035153356027,4.300019669411961],[-76.85035153356027,4.250019440697868]]]}},{"type":"Feature","properties":{"v":2.05},"geometry":{"type":"Polygon","coordinates":[[[-76.80035130484617,4.250019440697868],[-76.75035107613208,4.250019440697868],[-76.75035107613208,4.300019669411961],[-76.80035130484617,4.300019669411961],[-76.80035130484617,4.250019440697868]]]}},{"type":"Feature","properties":{"v":1.48},"geometry":{"type":"Polygon","coordinates":[[[-76.75035107613208,4.250019440697868],[-76.700350847418,4.250019440697868],[-76.700350847418,4.300019669411961],[-76.75035107613208,4.300019669411961],[-76.75035107613208,4.250019440697868]]]}},{"type":"Feature","properties":{"v":1.48},"geometry":{"type":"Polygon","coordinates":[[[-76.700350847418,4.250019440697868],[-76.6503506187039,4.250019440697868],[-76.6503506187039,4.300019669411961],[-76.700350847418,4.300019669411961],[-76.700350847418,4.250019440697868]]]}},{"type":"Feature","properties":{"v":1.25},"geometry":{"type":"Polygon","coordinates":[[[-76.6503506187039,4.250019440697868],[-76.6003503899898,4.250019440697868],[-76.6003503899898,4.300019669411961],[-76.6503506187039,4.300019669411961],[-76.6503506187039,4.250019440697868]]]}},{"type":"Feature","properties":{"v":1.25},"geometry":{"type":"Polygon","coordinates":[[[-76.6003503899898,4.250019440697868],[-76.55035016127572,4.250019440697868],[-76.55035016127572,4.300019669411961],[-76.6003503899898,4.300019669411961],[-76.6003503899898,4.250019440697868]]]}},{"type":"Feature","properties":{"v":1.24},"geometry":{"type":"Polygon","coordinates":[[[-76.55035016127572,4.250019440697868],[-76.50034993256162,4.250019440697868],[-76.50034993256162,4.300019669411961],[-76.55035016127572,4.300019669411961],[-76.55035016127572,4.250019440697868]]]}},{"type":"Feature","properties":{"v":1.24},"geometry":{"type":"Polygon","coordinates":[[[-76.50034993256162,4.250019440697868],[-76.45034970384752,4.250019440697868],[-76.45034970384752,4.300019669411961],[-76.50034993256162,4.300019669411961],[-76.50034993256162,4.250019440697868]]]}},{"type":"Feature","properties":{"v":1.23},"geometry":{"type":"Polygon","coordinates":[[[-76.45034970384752,4.250019440697868],[-76.40034947513344,4.250019440697868],[-76.40034947513344,4.300019669411961],[-76.45034970384752,4.300019669411961],[-76.45034970384752,4.250019440697868]]]}},{"type":"Feature","properties":{"v":1.23},"geometry":{"type":"Polygon","coordinates":[[[-76.40034947513344,4.250019440697868],[-76.35034924641934,4.250019440697868],[-76.35034924641934,4.300019669411961],[-76.40034947513344,4.300019669411961],[-76.40034947513344,4.250019440697868]]]}},{"type":"Feature","properties":{"v":1.12},"geometry":{"type":"Polygon","coordinates":[[[-76.35034924641934,4.250019440697868],[-76.30034901770524,4.250019440697868],[-76.30034901770524,4.300019669411961],[-76.35034924641934,4.300019669411961],[-76.35034924641934,4.250019440697868]]]}},{"type":"Feature","properties":{"v":1.12},"geometry":{"type":"Polygon","coordinates":[[[-76.30034901770524,4.250019440697868],[-76.25034878899116,4.250019440697868],[-76.25034878899116,4.300019669411961],[-76.30034901770524,4.300019669411961],[-76.30034901770524,4.250019440697868]]]}},{"type":"Feature","properties":{"v":1.22},"geometry":{"type":"Polygon","coordinates":[[[-76.25034878899116,4.250019440697868],[-76.20034856027706,4.250019440697868],[-76.20034856027706,4.300019669411961],[-76.25034878899116,4.300019669411961],[-76.25034878899116,4.250019440697868]]]}},{"type":"Feature","properties":{"v":1.22},"geometry":{"type":"Polygon","coordinates":[[[-76.20034856027706,4.250019440697868],[-76.15034833156297,4.250019440697868],[-76.15034833156297,4.300019669411961],[-76.20034856027706,4.300019669411961],[-76.20034856027706,4.250019440697868]]]}},{"type":"Feature","properties":{"v":1.03},"geometry":{"type":"Polygon","coordinates":[[[-76.15034833156297,4.250019440697868],[-76.10034810284888,4.250019440697868],[-76.10034810284888,4.300019669411961],[-76.15034833156297,4.300019669411961],[-76.15034833156297,4.250019440697868]]]}},{"type":"Feature","properties":{"v":1.03},"geometry":{"type":"Polygon","coordinates":[[[-76.10034810284888,4.250019440697868],[-76.05034787413479,4.250019440697868],[-76.05034787413479,4.300019669411961],[-76.10034810284888,4.300019669411961],[-76.10034810284888,4.250019440697868]]]}},{"type":"Feature","properties":{"v":1.64},"geometry":{"type":"Polygon","coordinates":[[[-76.05034787413479,4.250019440697868],[-76.00034764542069,4.250019440697868],[-76.00034764542069,4.300019669411961],[-76.05034787413479,4.300019669411961],[-76.05034787413479,4.250019440697868]]]}},{"type":"Feature","properties":{"v":1.64},"geometry":{"type":"Polygon","coordinates":[[[-76.00034764542069,4.250019440697868],[-75.9503474167066,4.250019440697868],[-75.9503474167066,4.300019669411961],[-76.00034764542069,4.300019669411961],[-76.00034764542069,4.250019440697868]]]}},{"type":"Feature","properties":{"v":1.55},"geometry":{"type":"Polygon","coordinates":[[[-75.9503474167066,4.250019440697868],[-75.90034718799251,4.250019440697868],[-75.90034718799251,4.300019669411961],[-75.9503474167066,4.300019669411961],[-75.9503474167066,4.250019440697868]]]}},{"type":"Feature","properties":{"v":1.55},"geometry":{"type":"Polygon","coordinates":[[[-75.90034718799251,4.250019440697868],[-75.85034695927841,4.250019440697868],[-75.85034695927841,4.300019669411961],[-75.90034718799251,4.300019669411961],[-75.90034718799251,4.250019440697868]]]}},{"type":"Feature","properties":{"v":1.32},"geometry":{"type":"Polygon","coordinates":[[[-75.85034695927841,4.250019440697868],[-75.80034673056433,4.250019440697868],[-75.80034673056433,4.300019669411961],[-75.85034695927841,4.300019669411961],[-75.85034695927841,4.250019440697868]]]}},{"type":"Feature","properties":{"v":1.32},"geometry":{"type":"Polygon","coordinates":[[[-75.80034673056433,4.250019440697868],[-75.75034650185023,4.250019440697868],[-75.75034650185023,4.300019669411961],[-75.80034673056433,4.300019669411961],[-75.80034673056433,4.250019440697868]]]}},{"type":"Feature","properties":{"v":1.08},"geometry":{"type":"Polygon","coordinates":[[[-75.75034650185023,4.250019440697868],[-75.70034627313613,4.250019440697868],[-75.70034627313613,4.300019669411961],[-75.75034650185023,4.300019669411961],[-75.75034650185023,4.250019440697868]]]}},{"type":"Feature","properties":{"v":1.08},"geometry":{"type":"Polygon","coordinates":[[[-75.70034627313613,4.250019440697868],[-75.65034604442205,4.250019440697868],[-75.65034604442205,4.300019669411961],[-75.70034627313613,4.300019669411961],[-75.70034627313613,4.250019440697868]]]}},{"type":"Feature","properties":{"v":1.53},"geometry":{"type":"Polygon","coordinates":[[[-75.65034604442205,4.250019440697868],[-75.60034581570795,4.250019440697868],[-75.60034581570795,4.300019669411961],[-75.65034604442205,4.300019669411961],[-75.65034604442205,4.250019440697868]]]}},{"type":"Feature","properties":{"v":1.53},"geometry":{"type":"Polygon","coordinates":[[[-75.60034581570795,4.250019440697868],[-75.55034558699386,4.250019440697868],[-75.55034558699386,4.300019669411961],[-75.60034581570795,4.300019669411961],[-75.60034581570795,4.250019440697868]]]}},{"type":"Feature","properties":{"v":1.59},"geometry":{"type":"Polygon","coordinates":[[[-75.55034558699386,4.250019440697868],[-75.50034535827977,4.250019440697868],[-75.50034535827977,4.300019669411961],[-75.55034558699386,4.300019669411961],[-75.55034558699386,4.250019440697868]]]}},{"type":"Feature","properties":{"v":1.59},"geometry":{"type":"Polygon","coordinates":[[[-75.50034535827977,4.250019440697868],[-75.45034512956568,4.250019440697868],[-75.45034512956568,4.300019669411961],[-75.50034535827977,4.300019669411961],[-75.50034535827977,4.250019440697868]]]}},{"type":"Feature","properties":{"v":0.45},"geometry":{"type":"Polygon","coordinates":[[[-75.45034512956568,4.250019440697868],[-75.40034490085158,4.250019440697868],[-75.40034490085158,4.300019669411961],[-75.45034512956568,4.300019669411961],[-75.45034512956568,4.250019440697868]]]}},{"type":"Feature","properties":{"v":0.45},"geometry":{"type":"Polygon","coordinates":[[[-75.40034490085158,4.250019440697868],[-75.3503446721375,4.250019440697868],[-75.3503446721375,4.300019669411961],[-75.40034490085158,4.300019669411961],[-75.40034490085158,4.250019440697868]]]}},{"type":"Feature","properties":{"v":0.65},"geometry":{"type":"Polygon","coordinates":[[[-75.3503446721375,4.250019440697868],[-75.3003444434234,4.250019440697868],[-75.3003444434234,4.300019669411961],[-75.3503446721375,4.300019669411961],[-75.3503446721375,4.250019440697868]]]}},{"type":"Feature","properties":{"v":0.65},"geometry":{"type":"Polygon","coordinates":[[[-75.3003444434234,4.250019440697868],[-75.2503442147093,4.250019440697868],[-75.2503442147093,4.300019669411961],[-75.3003444434234,4.300019669411961],[-75.3003444434234,4.250019440697868]]]}},{"type":"Feature","properties":{"v":0.38},"geometry":{"type":"Polygon","coordinates":[[[-75.2503442147093,4.250019440697868],[-75.20034398599522,4.250019440697868],[-75.20034398599522,4.300019669411961],[-75.2503442147093,4.300019669411961],[-75.2503442147093,4.250019440697868]]]}},{"type":"Feature","properties":{"v":0.38},"geometry":{"type":"Polygon","coordinates":[[[-75.20034398599522,4.250019440697868],[-75.15034375728112,4.250019440697868],[-75.15034375728112,4.300019669411961],[-75.20034398599522,4.300019669411961],[-75.20034398599522,4.250019440697868]]]}},{"type":"Feature","properties":{"v":0.17},"geometry":{"type":"Polygon","coordinates":[[[-75.15034375728112,4.250019440697868],[-75.10034352856702,4.250019440697868],[-75.10034352856702,4.300019669411961],[-75.15034375728112,4.300019669411961],[-75.15034375728112,4.250019440697868]]]}},{"type":"Feature","properties":{"v":1.52},"geometry":{"type":"Polygon","coordinates":[[[-77.45035427812938,4.200019211983776],[-77.40035404941528,4.200019211983776],[-77.40035404941528,4.250019440697868],[-77.45035427812938,4.250019440697868],[-77.45035427812938,4.200019211983776]]]}},{"type":"Feature","properties":{"v":1.52},"geometry":{"type":"Polygon","coordinates":[[[-77.40035404941528,4.200019211983776],[-77.35035382070119,4.200019211983776],[-77.35035382070119,4.250019440697868],[-77.40035404941528,4.250019440697868],[-77.40035404941528,4.200019211983776]]]}},{"type":"Feature","properties":{"v":1.47},"geometry":{"type":"Polygon","coordinates":[[[-77.35035382070119,4.200019211983776],[-77.3003535919871,4.200019211983776],[-77.3003535919871,4.250019440697868],[-77.35035382070119,4.250019440697868],[-77.35035382070119,4.200019211983776]]]}},{"type":"Feature","properties":{"v":1.47},"geometry":{"type":"Polygon","coordinates":[[[-77.3003535919871,4.200019211983776],[-77.250353363273,4.200019211983776],[-77.250353363273,4.250019440697868],[-77.3003535919871,4.250019440697868],[-77.3003535919871,4.200019211983776]]]}},{"type":"Feature","properties":{"v":1.62},"geometry":{"type":"Polygon","coordinates":[[[-77.250353363273,4.200019211983776],[-77.20035313455891,4.200019211983776],[-77.20035313455891,4.250019440697868],[-77.250353363273,4.250019440697868],[-77.250353363273,4.200019211983776]]]}},{"type":"Feature","properties":{"v":1.62},"geometry":{"type":"Polygon","coordinates":[[[-77.20035313455891,4.200019211983776],[-77.15035290584483,4.200019211983776],[-77.15035290584483,4.250019440697868],[-77.20035313455891,4.250019440697868],[-77.20035313455891,4.200019211983776]]]}},{"type":"Feature","properties":{"v":1.62},"geometry":{"type":"Polygon","coordinates":[[[-77.15035290584483,4.200019211983776],[-77.10035267713073,4.200019211983776],[-77.10035267713073,4.250019440697868],[-77.15035290584483,4.250019440697868],[-77.15035290584483,4.200019211983776]]]}},{"type":"Feature","properties":{"v":1.62},"geometry":{"type":"Polygon","coordinates":[[[-77.10035267713073,4.200019211983776],[-77.05035244841663,4.200019211983776],[-77.05035244841663,4.250019440697868],[-77.10035267713073,4.250019440697868],[-77.10035267713073,4.200019211983776]]]}},{"type":"Feature","properties":{"v":2.13},"geometry":{"type":"Polygon","coordinates":[[[-77.05035244841663,4.200019211983776],[-77.00035221970255,4.200019211983776],[-77.00035221970255,4.250019440697868],[-77.05035244841663,4.250019440697868],[-77.05035244841663,4.200019211983776]]]}},{"type":"Feature","properties":{"v":2.13},"geometry":{"type":"Polygon","coordinates":[[[-77.00035221970255,4.200019211983776],[-76.95035199098845,4.200019211983776],[-76.95035199098845,4.250019440697868],[-77.00035221970255,4.250019440697868],[-77.00035221970255,4.200019211983776]]]}},{"type":"Feature","properties":{"v":2.11},"geometry":{"type":"Polygon","coordinates":[[[-76.95035199098845,4.200019211983776],[-76.90035176227435,4.200019211983776],[-76.90035176227435,4.250019440697868],[-76.95035199098845,4.250019440697868],[-76.95035199098845,4.200019211983776]]]}},{"type":"Feature","properties":{"v":2.11},"geometry":{"type":"Polygon","coordinates":[[[-76.90035176227435,4.200019211983776],[-76.85035153356027,4.200019211983776],[-76.85035153356027,4.250019440697868],[-76.90035176227435,4.250019440697868],[-76.90035176227435,4.200019211983776]]]}},{"type":"Feature","properties":{"v":1.83},"geometry":{"type":"Polygon","coordinates":[[[-76.85035153356027,4.200019211983776],[-76.80035130484617,4.200019211983776],[-76.80035130484617,4.250019440697868],[-76.85035153356027,4.250019440697868],[-76.85035153356027,4.200019211983776]]]}},{"type":"Feature","properties":{"v":1.83},"geometry":{"type":"Polygon","coordinates":[[[-76.80035130484617,4.200019211983776],[-76.75035107613208,4.200019211983776],[-76.75035107613208,4.250019440697868],[-76.80035130484617,4.250019440697868],[-76.80035130484617,4.200019211983776]]]}},{"type":"Feature","properties":{"v":1.47},"geometry":{"type":"Polygon","coordinates":[[[-76.75035107613208,4.200019211983776],[-76.700350847418,4.200019211983776],[-76.700350847418,4.250019440697868],[-76.75035107613208,4.250019440697868],[-76.75035107613208,4.200019211983776]]]}},{"type":"Feature","properties":{"v":1.47},"geometry":{"type":"Polygon","coordinates":[[[-76.700350847418,4.200019211983776],[-76.6503506187039,4.200019211983776],[-76.6503506187039,4.250019440697868],[-76.700350847418,4.250019440697868],[-76.700350847418,4.200019211983776]]]}},{"type":"Feature","properties":{"v":1.24},"geometry":{"type":"Polygon","coordinates":[[[-76.6503506187039,4.200019211983776],[-76.6003503899898,4.200019211983776],[-76.6003503899898,4.250019440697868],[-76.6503506187039,4.250019440697868],[-76.6503506187039,4.200019211983776]]]}},{"type":"Feature","properties":{"v":1.24},"geometry":{"type":"Polygon","coordinates":[[[-76.6003503899898,4.200019211983776],[-76.55035016127572,4.200019211983776],[-76.55035016127572,4.250019440697868],[-76.6003503899898,4.250019440697868],[-76.6003503899898,4.200019211983776]]]}},{"type":"Feature","properties":{"v":1.34},"geometry":{"type":"Polygon","coordinates":[[[-76.55035016127572,4.200019211983776],[-76.50034993256162,4.200019211983776],[-76.50034993256162,4.250019440697868],[-76.55035016127572,4.250019440697868],[-76.55035016127572,4.200019211983776]]]}},{"type":"Feature","properties":{"v":1.34},"geometry":{"type":"Polygon","coordinates":[[[-76.50034993256162,4.200019211983776],[-76.45034970384752,4.200019211983776],[-76.45034970384752,4.250019440697868],[-76.50034993256162,4.250019440697868],[-76.50034993256162,4.200019211983776]]]}},{"type":"Feature","properties":{"v":0.83},"geometry":{"type":"Polygon","coordinates":[[[-76.45034970384752,4.200019211983776],[-76.40034947513344,4.200019211983776],[-76.40034947513344,4.250019440697868],[-76.45034970384752,4.250019440697868],[-76.45034970384752,4.200019211983776]]]}},{"type":"Feature","properties":{"v":0.83},"geometry":{"type":"Polygon","coordinates":[[[-76.40034947513344,4.200019211983776],[-76.35034924641934,4.200019211983776],[-76.35034924641934,4.250019440697868],[-76.40034947513344,4.250019440697868],[-76.40034947513344,4.200019211983776]]]}},{"type":"Feature","properties":{"v":1.09},"geometry":{"type":"Polygon","coordinates":[[[-76.35034924641934,4.200019211983776],[-76.30034901770524,4.200019211983776],[-76.30034901770524,4.250019440697868],[-76.35034924641934,4.250019440697868],[-76.35034924641934,4.200019211983776]]]}},{"type":"Feature","properties":{"v":1.09},"geometry":{"type":"Polygon","coordinates":[[[-76.30034901770524,4.200019211983776],[-76.25034878899116,4.200019211983776],[-76.25034878899116,4.250019440697868],[-76.30034901770524,4.250019440697868],[-76.30034901770524,4.200019211983776]]]}},{"type":"Feature","properties":{"v":1.5},"geometry":{"type":"Polygon","coordinates":[[[-76.25034878899116,4.200019211983776],[-76.20034856027706,4.200019211983776],[-76.20034856027706,4.250019440697868],[-76.25034878899116,4.250019440697868],[-76.25034878899116,4.200019211983776]]]}},{"type":"Feature","properties":{"v":1.5},"geometry":{"type":"Polygon","coordinates":[[[-76.20034856027706,4.200019211983776],[-76.15034833156297,4.200019211983776],[-76.15034833156297,4.250019440697868],[-76.20034856027706,4.250019440697868],[-76.20034856027706,4.200019211983776]]]}},{"type":"Feature","properties":{"v":0.97},"geometry":{"type":"Polygon","coordinates":[[[-76.15034833156297,4.200019211983776],[-76.10034810284888,4.200019211983776],[-76.10034810284888,4.250019440697868],[-76.15034833156297,4.250019440697868],[-76.15034833156297,4.200019211983776]]]}},{"type":"Feature","properties":{"v":0.97},"geometry":{"type":"Polygon","coordinates":[[[-76.10034810284888,4.200019211983776],[-76.05034787413479,4.200019211983776],[-76.05034787413479,4.250019440697868],[-76.10034810284888,4.250019440697868],[-76.10034810284888,4.200019211983776]]]}},{"type":"Feature","properties":{"v":0.94},"geometry":{"type":"Polygon","coordinates":[[[-76.05034787413479,4.200019211983776],[-76.00034764542069,4.200019211983776],[-76.00034764542069,4.250019440697868],[-76.05034787413479,4.250019440697868],[-76.05034787413479,4.200019211983776]]]}},{"type":"Feature","properties":{"v":0.94},"geometry":{"type":"Polygon","coordinates":[[[-76.00034764542069,4.200019211983776],[-75.9503474167066,4.200019211983776],[-75.9503474167066,4.250019440697868],[-76.00034764542069,4.250019440697868],[-76.00034764542069,4.200019211983776]]]}},{"type":"Feature","properties":{"v":1.37},"geometry":{"type":"Polygon","coordinates":[[[-75.9503474167066,4.200019211983776],[-75.90034718799251,4.200019211983776],[-75.90034718799251,4.250019440697868],[-75.9503474167066,4.250019440697868],[-75.9503474167066,4.200019211983776]]]}},{"type":"Feature","properties":{"v":1.37},"geometry":{"type":"Polygon","coordinates":[[[-75.90034718799251,4.200019211983776],[-75.85034695927841,4.200019211983776],[-75.85034695927841,4.250019440697868],[-75.90034718799251,4.250019440697868],[-75.90034718799251,4.200019211983776]]]}},{"type":"Feature","properties":{"v":1.21},"geometry":{"type":"Polygon","coordinates":[[[-75.85034695927841,4.200019211983776],[-75.80034673056433,4.200019211983776],[-75.80034673056433,4.250019440697868],[-75.85034695927841,4.250019440697868],[-75.85034695927841,4.200019211983776]]]}},{"type":"Feature","properties":{"v":1.21},"geometry":{"type":"Polygon","coordinates":[[[-75.80034673056433,4.200019211983776],[-75.75034650185023,4.200019211983776],[-75.75034650185023,4.250019440697868],[-75.80034673056433,4.250019440697868],[-75.80034673056433,4.200019211983776]]]}},{"type":"Feature","properties":{"v":0.98},"geometry":{"type":"Polygon","coordinates":[[[-75.75034650185023,4.200019211983776],[-75.70034627313613,4.200019211983776],[-75.70034627313613,4.250019440697868],[-75.75034650185023,4.250019440697868],[-75.75034650185023,4.200019211983776]]]}},{"type":"Feature","properties":{"v":0.98},"geometry":{"type":"Polygon","coordinates":[[[-75.70034627313613,4.200019211983776],[-75.65034604442205,4.200019211983776],[-75.65034604442205,4.250019440697868],[-75.70034627313613,4.250019440697868],[-75.70034627313613,4.200019211983776]]]}},{"type":"Feature","properties":{"v":0.97},"geometry":{"type":"Polygon","coordinates":[[[-75.65034604442205,4.200019211983776],[-75.60034581570795,4.200019211983776],[-75.60034581570795,4.250019440697868],[-75.65034604442205,4.250019440697868],[-75.65034604442205,4.200019211983776]]]}},{"type":"Feature","properties":{"v":0.97},"geometry":{"type":"Polygon","coordinates":[[[-75.60034581570795,4.200019211983776],[-75.55034558699386,4.200019211983776],[-75.55034558699386,4.250019440697868],[-75.60034581570795,4.250019440697868],[-75.60034581570795,4.200019211983776]]]}},{"type":"Feature","properties":{"v":2.12},"geometry":{"type":"Polygon","coordinates":[[[-75.55034558699386,4.200019211983776],[-75.50034535827977,4.200019211983776],[-75.50034535827977,4.250019440697868],[-75.55034558699386,4.250019440697868],[-75.55034558699386,4.200019211983776]]]}},{"type":"Feature","properties":{"v":2.12},"geometry":{"type":"Polygon","coordinates":[[[-75.50034535827977,4.200019211983776],[-75.45034512956568,4.200019211983776],[-75.45034512956568,4.250019440697868],[-75.50034535827977,4.250019440697868],[-75.50034535827977,4.200019211983776]]]}},{"type":"Feature","properties":{"v":0.83},"geometry":{"type":"Polygon","coordinates":[[[-75.45034512956568,4.200019211983776],[-75.40034490085158,4.200019211983776],[-75.40034490085158,4.250019440697868],[-75.45034512956568,4.250019440697868],[-75.45034512956568,4.200019211983776]]]}},{"type":"Feature","properties":{"v":0.83},"geometry":{"type":"Polygon","coordinates":[[[-75.40034490085158,4.200019211983776],[-75.3503446721375,4.200019211983776],[-75.3503446721375,4.250019440697868],[-75.40034490085158,4.250019440697868],[-75.40034490085158,4.200019211983776]]]}},{"type":"Feature","properties":{"v":0.17},"geometry":{"type":"Polygon","coordinates":[[[-75.3503446721375,4.200019211983776],[-75.3003444434234,4.200019211983776],[-75.3003444434234,4.250019440697868],[-75.3503446721375,4.250019440697868],[-75.3503446721375,4.200019211983776]]]}},{"type":"Feature","properties":{"v":0.17},"geometry":{"type":"Polygon","coordinates":[[[-75.3003444434234,4.200019211983776],[-75.2503442147093,4.200019211983776],[-75.2503442147093,4.250019440697868],[-75.3003444434234,4.250019440697868],[-75.3003444434234,4.200019211983776]]]}},{"type":"Feature","properties":{"v":0.18},"geometry":{"type":"Polygon","coordinates":[[[-75.2503442147093,4.200019211983776],[-75.20034398599522,4.200019211983776],[-75.20034398599522,4.250019440697868],[-75.2503442147093,4.250019440697868],[-75.2503442147093,4.200019211983776]]]}},{"type":"Feature","properties":{"v":0.18},"geometry":{"type":"Polygon","coordinates":[[[-75.20034398599522,4.200019211983776],[-75.15034375728112,4.200019211983776],[-75.15034375728112,4.250019440697868],[-75.20034398599522,4.250019440697868],[-75.20034398599522,4.200019211983776]]]}},{"type":"Feature","properties":{"v":0.16},"geometry":{"type":"Polygon","coordinates":[[[-75.15034375728112,4.200019211983776],[-75.10034352856702,4.200019211983776],[-75.10034352856702,4.250019440697868],[-75.15034375728112,4.250019440697868],[-75.15034375728112,4.200019211983776]]]}},{"type":"Feature","properties":{"v":1.52},"geometry":{"type":"Polygon","coordinates":[[[-77.45035427812938,4.150018983269684],[-77.40035404941528,4.150018983269684],[-77.40035404941528,4.200019211983776],[-77.45035427812938,4.200019211983776],[-77.45035427812938,4.150018983269684]]]}},{"type":"Feature","properties":{"v":1.52},"geometry":{"type":"Polygon","coordinates":[[[-77.40035404941528,4.150018983269684],[-77.35035382070119,4.150018983269684],[-77.35035382070119,4.200019211983776],[-77.40035404941528,4.200019211983776],[-77.40035404941528,4.150018983269684]]]}},{"type":"Feature","properties":{"v":1.47},"geometry":{"type":"Polygon","coordinates":[[[-77.35035382070119,4.150018983269684],[-77.3003535919871,4.150018983269684],[-77.3003535919871,4.200019211983776],[-77.35035382070119,4.200019211983776],[-77.35035382070119,4.150018983269684]]]}},{"type":"Feature","properties":{"v":1.47},"geometry":{"type":"Polygon","coordinates":[[[-77.3003535919871,4.150018983269684],[-77.250353363273,4.150018983269684],[-77.250353363273,4.200019211983776],[-77.3003535919871,4.200019211983776],[-77.3003535919871,4.150018983269684]]]}},{"type":"Feature","properties":{"v":1.62},"geometry":{"type":"Polygon","coordinates":[[[-77.250353363273,4.150018983269684],[-77.20035313455891,4.150018983269684],[-77.20035313455891,4.200019211983776],[-77.250353363273,4.200019211983776],[-77.250353363273,4.150018983269684]]]}},{"type":"Feature","properties":{"v":1.62},"geometry":{"type":"Polygon","coordinates":[[[-77.20035313455891,4.150018983269684],[-77.15035290584483,4.150018983269684],[-77.15035290584483,4.200019211983776],[-77.20035313455891,4.200019211983776],[-77.20035313455891,4.150018983269684]]]}},{"type":"Feature","properties":{"v":1.62},"geometry":{"type":"Polygon","coordinates":[[[-77.15035290584483,4.150018983269684],[-77.10035267713073,4.150018983269684],[-77.10035267713073,4.200019211983776],[-77.15035290584483,4.200019211983776],[-77.15035290584483,4.150018983269684]]]}},{"type":"Feature","properties":{"v":1.62},"geometry":{"type":"Polygon","coordinates":[[[-77.10035267713073,4.150018983269684],[-77.05035244841663,4.150018983269684],[-77.05035244841663,4.200019211983776],[-77.10035267713073,4.200019211983776],[-77.10035267713073,4.150018983269684]]]}},{"type":"Feature","properties":{"v":2.13},"geometry":{"type":"Polygon","coordinates":[[[-77.05035244841663,4.150018983269684],[-77.00035221970255,4.150018983269684],[-77.00035221970255,4.200019211983776],[-77.05035244841663,4.200019211983776],[-77.05035244841663,4.150018983269684]]]}},{"type":"Feature","properties":{"v":2.13},"geometry":{"type":"Polygon","coordinates":[[[-77.00035221970255,4.150018983269684],[-76.95035199098845,4.150018983269684],[-76.95035199098845,4.200019211983776],[-77.00035221970255,4.200019211983776],[-77.00035221970255,4.150018983269684]]]}},{"type":"Feature","properties":{"v":2.11},"geometry":{"type":"Polygon","coordinates":[[[-76.95035199098845,4.150018983269684],[-76.90035176227435,4.150018983269684],[-76.90035176227435,4.200019211983776],[-76.95035199098845,4.200019211983776],[-76.95035199098845,4.150018983269684]]]}},{"type":"Feature","properties":{"v":2.11},"geometry":{"type":"Polygon","coordinates":[[[-76.90035176227435,4.150018983269684],[-76.85035153356027,4.150018983269684],[-76.85035153356027,4.200019211983776],[-76.90035176227435,4.200019211983776],[-76.90035176227435,4.150018983269684]]]}},{"type":"Feature","properties":{"v":1.83},"geometry":{"type":"Polygon","coordinates":[[[-76.85035153356027,4.150018983269684],[-76.80035130484617,4.150018983269684],[-76.80035130484617,4.200019211983776],[-76.85035153356027,4.200019211983776],[-76.85035153356027,4.150018983269684]]]}},{"type":"Feature","properties":{"v":1.83},"geometry":{"type":"Polygon","coordinates":[[[-76.80035130484617,4.150018983269684],[-76.75035107613208,4.150018983269684],[-76.75035107613208,4.200019211983776],[-76.80035130484617,4.200019211983776],[-76.80035130484617,4.150018983269684]]]}},{"type":"Feature","properties":{"v":1.47},"geometry":{"type":"Polygon","coordinates":[[[-76.75035107613208,4.150018983269684],[-76.700350847418,4.150018983269684],[-76.700350847418,4.200019211983776],[-76.75035107613208,4.200019211983776],[-76.75035107613208,4.150018983269684]]]}},{"type":"Feature","properties":{"v":1.47},"geometry":{"type":"Polygon","coordinates":[[[-76.700350847418,4.150018983269684],[-76.6503506187039,4.150018983269684],[-76.6503506187039,4.200019211983776],[-76.700350847418,4.200019211983776],[-76.700350847418,4.150018983269684]]]}},{"type":"Feature","properties":{"v":1.24},"geometry":{"type":"Polygon","coordinates":[[[-76.6503506187039,4.150018983269684],[-76.6003503899898,4.150018983269684],[-76.6003503899898,4.200019211983776],[-76.6503506187039,4.200019211983776],[-76.6503506187039,4.150018983269684]]]}},{"type":"Feature","properties":{"v":1.24},"geometry":{"type":"Polygon","coordinates":[[[-76.6003503899898,4.150018983269684],[-76.55035016127572,4.150018983269684],[-76.55035016127572,4.200019211983776],[-76.6003503899898,4.200019211983776],[-76.6003503899898,4.150018983269684]]]}},{"type":"Feature","properties":{"v":1.34},"geometry":{"type":"Polygon","coordinates":[[[-76.55035016127572,4.150018983269684],[-76.50034993256162,4.150018983269684],[-76.50034993256162,4.200019211983776],[-76.55035016127572,4.200019211983776],[-76.55035016127572,4.150018983269684]]]}},{"type":"Feature","properties":{"v":1.34},"geometry":{"type":"Polygon","coordinates":[[[-76.50034993256162,4.150018983269684],[-76.45034970384752,4.150018983269684],[-76.45034970384752,4.200019211983776],[-76.50034993256162,4.200019211983776],[-76.50034993256162,4.150018983269684]]]}},{"type":"Feature","properties":{"v":0.83},"geometry":{"type":"Polygon","coordinates":[[[-76.45034970384752,4.150018983269684],[-76.40034947513344,4.150018983269684],[-76.40034947513344,4.200019211983776],[-76.45034970384752,4.200019211983776],[-76.45034970384752,4.150018983269684]]]}},{"type":"Feature","properties":{"v":0.83},"geometry":{"type":"Polygon","coordinates":[[[-76.40034947513344,4.150018983269684],[-76.35034924641934,4.150018983269684],[-76.35034924641934,4.200019211983776],[-76.40034947513344,4.200019211983776],[-76.40034947513344,4.150018983269684]]]}},{"type":"Feature","properties":{"v":1.09},"geometry":{"type":"Polygon","coordinates":[[[-76.35034924641934,4.150018983269684],[-76.30034901770524,4.150018983269684],[-76.30034901770524,4.200019211983776],[-76.35034924641934,4.200019211983776],[-76.35034924641934,4.150018983269684]]]}},{"type":"Feature","properties":{"v":1.09},"geometry":{"type":"Polygon","coordinates":[[[-76.30034901770524,4.150018983269684],[-76.25034878899116,4.150018983269684],[-76.25034878899116,4.200019211983776],[-76.30034901770524,4.200019211983776],[-76.30034901770524,4.150018983269684]]]}},{"type":"Feature","properties":{"v":1.5},"geometry":{"type":"Polygon","coordinates":[[[-76.25034878899116,4.150018983269684],[-76.20034856027706,4.150018983269684],[-76.20034856027706,4.200019211983776],[-76.25034878899116,4.200019211983776],[-76.25034878899116,4.150018983269684]]]}},{"type":"Feature","properties":{"v":1.5},"geometry":{"type":"Polygon","coordinates":[[[-76.20034856027706,4.150018983269684],[-76.15034833156297,4.150018983269684],[-76.15034833156297,4.200019211983776],[-76.20034856027706,4.200019211983776],[-76.20034856027706,4.150018983269684]]]}},{"type":"Feature","properties":{"v":0.97},"geometry":{"type":"Polygon","coordinates":[[[-76.15034833156297,4.150018983269684],[-76.10034810284888,4.150018983269684],[-76.10034810284888,4.200019211983776],[-76.15034833156297,4.200019211983776],[-76.15034833156297,4.150018983269684]]]}},{"type":"Feature","properties":{"v":0.97},"geometry":{"type":"Polygon","coordinates":[[[-76.10034810284888,4.150018983269684],[-76.05034787413479,4.150018983269684],[-76.05034787413479,4.200019211983776],[-76.10034810284888,4.200019211983776],[-76.10034810284888,4.150018983269684]]]}},{"type":"Feature","properties":{"v":0.94},"geometry":{"type":"Polygon","coordinates":[[[-76.05034787413479,4.150018983269684],[-76.00034764542069,4.150018983269684],[-76.00034764542069,4.200019211983776],[-76.05034787413479,4.200019211983776],[-76.05034787413479,4.150018983269684]]]}},{"type":"Feature","properties":{"v":0.94},"geometry":{"type":"Polygon","coordinates":[[[-76.00034764542069,4.150018983269684],[-75.9503474167066,4.150018983269684],[-75.9503474167066,4.200019211983776],[-76.00034764542069,4.200019211983776],[-76.00034764542069,4.150018983269684]]]}},{"type":"Feature","properties":{"v":1.37},"geometry":{"type":"Polygon","coordinates":[[[-75.9503474167066,4.150018983269684],[-75.90034718799251,4.150018983269684],[-75.90034718799251,4.200019211983776],[-75.9503474167066,4.200019211983776],[-75.9503474167066,4.150018983269684]]]}},{"type":"Feature","properties":{"v":1.37},"geometry":{"type":"Polygon","coordinates":[[[-75.90034718799251,4.150018983269684],[-75.85034695927841,4.150018983269684],[-75.85034695927841,4.200019211983776],[-75.90034718799251,4.200019211983776],[-75.90034718799251,4.150018983269684]]]}},{"type":"Feature","properties":{"v":1.21},"geometry":{"type":"Polygon","coordinates":[[[-75.85034695927841,4.150018983269684],[-75.80034673056433,4.150018983269684],[-75.80034673056433,4.200019211983776],[-75.85034695927841,4.200019211983776],[-75.85034695927841,4.150018983269684]]]}},{"type":"Feature","properties":{"v":1.21},"geometry":{"type":"Polygon","coordinates":[[[-75.80034673056433,4.150018983269684],[-75.75034650185023,4.150018983269684],[-75.75034650185023,4.200019211983776],[-75.80034673056433,4.200019211983776],[-75.80034673056433,4.150018983269684]]]}},{"type":"Feature","properties":{"v":0.98},"geometry":{"type":"Polygon","coordinates":[[[-75.75034650185023,4.150018983269684],[-75.70034627313613,4.150018983269684],[-75.70034627313613,4.200019211983776],[-75.75034650185023,4.200019211983776],[-75.75034650185023,4.150018983269684]]]}},{"type":"Feature","properties":{"v":0.98},"geometry":{"type":"Polygon","coordinates":[[[-75.70034627313613,4.150018983269684],[-75.65034604442205,4.150018983269684],[-75.65034604442205,4.200019211983776],[-75.70034627313613,4.200019211983776],[-75.70034627313613,4.150018983269684]]]}},{"type":"Feature","properties":{"v":0.97},"geometry":{"type":"Polygon","coordinates":[[[-75.65034604442205,4.150018983269684],[-75.60034581570795,4.150018983269684],[-75.60034581570795,4.200019211983776],[-75.65034604442205,4.200019211983776],[-75.65034604442205,4.150018983269684]]]}},{"type":"Feature","properties":{"v":0.97},"geometry":{"type":"Polygon","coordinates":[[[-75.60034581570795,4.150018983269684],[-75.55034558699386,4.150018983269684],[-75.55034558699386,4.200019211983776],[-75.60034581570795,4.200019211983776],[-75.60034581570795,4.150018983269684]]]}},{"type":"Feature","properties":{"v":2.12},"geometry":{"type":"Polygon","coordinates":[[[-75.55034558699386,4.150018983269684],[-75.50034535827977,4.150018983269684],[-75.50034535827977,4.200019211983776],[-75.55034558699386,4.200019211983776],[-75.55034558699386,4.150018983269684]]]}},{"type":"Feature","properties":{"v":2.12},"geometry":{"type":"Polygon","coordinates":[[[-75.50034535827977,4.150018983269684],[-75.45034512956568,4.150018983269684],[-75.45034512956568,4.200019211983776],[-75.50034535827977,4.200019211983776],[-75.50034535827977,4.150018983269684]]]}},{"type":"Feature","properties":{"v":0.83},"geometry":{"type":"Polygon","coordinates":[[[-75.45034512956568,4.150018983269684],[-75.40034490085158,4.150018983269684],[-75.40034490085158,4.200019211983776],[-75.45034512956568,4.200019211983776],[-75.45034512956568,4.150018983269684]]]}},{"type":"Feature","properties":{"v":0.83},"geometry":{"type":"Polygon","coordinates":[[[-75.40034490085158,4.150018983269684],[-75.3503446721375,4.150018983269684],[-75.3503446721375,4.200019211983776],[-75.40034490085158,4.200019211983776],[-75.40034490085158,4.150018983269684]]]}},{"type":"Feature","properties":{"v":0.17},"geometry":{"type":"Polygon","coordinates":[[[-75.3503446721375,4.150018983269684],[-75.3003444434234,4.150018983269684],[-75.3003444434234,4.200019211983776],[-75.3503446721375,4.200019211983776],[-75.3503446721375,4.150018983269684]]]}},{"type":"Feature","properties":{"v":0.17},"geometry":{"type":"Polygon","coordinates":[[[-75.3003444434234,4.150018983269684],[-75.2503442147093,4.150018983269684],[-75.2503442147093,4.200019211983776],[-75.3003444434234,4.200019211983776],[-75.3003444434234,4.150018983269684]]]}},{"type":"Feature","properties":{"v":0.18},"geometry":{"type":"Polygon","coordinates":[[[-75.2503442147093,4.150018983269684],[-75.20034398599522,4.150018983269684],[-75.20034398599522,4.200019211983776],[-75.2503442147093,4.200019211983776],[-75.2503442147093,4.150018983269684]]]}},{"type":"Feature","properties":{"v":0.18},"geometry":{"type":"Polygon","coordinates":[[[-75.20034398599522,4.150018983269684],[-75.15034375728112,4.150018983269684],[-75.15034375728112,4.200019211983776],[-75.20034398599522,4.200019211983776],[-75.20034398599522,4.150018983269684]]]}},{"type":"Feature","properties":{"v":0.16},"geometry":{"type":"Polygon","coordinates":[[[-75.15034375728112,4.150018983269684],[-75.10034352856702,4.150018983269684],[-75.10034352856702,4.200019211983776],[-75.15034375728112,4.200019211983776],[-75.15034375728112,4.150018983269684]]]}},{"type":"Feature","properties":{"v":1.5},"geometry":{"type":"Polygon","coordinates":[[[-77.45035427812938,4.100018754555591],[-77.40035404941528,4.100018754555591],[-77.40035404941528,4.150018983269684],[-77.45035427812938,4.150018983269684],[-77.45035427812938,4.100018754555591]]]}},{"type":"Feature","properties":{"v":1.5},"geometry":{"type":"Polygon","coordinates":[[[-77.40035404941528,4.100018754555591],[-77.35035382070119,4.100018754555591],[-77.35035382070119,4.150018983269684],[-77.40035404941528,4.150018983269684],[-77.40035404941528,4.100018754555591]]]}},{"type":"Feature","properties":{"v":1.48},"geometry":{"type":"Polygon","coordinates":[[[-77.35035382070119,4.100018754555591],[-77.3003535919871,4.100018754555591],[-77.3003535919871,4.150018983269684],[-77.35035382070119,4.150018983269684],[-77.35035382070119,4.100018754555591]]]}},{"type":"Feature","properties":{"v":1.48},"geometry":{"type":"Polygon","coordinates":[[[-77.3003535919871,4.100018754555591],[-77.250353363273,4.100018754555591],[-77.250353363273,4.150018983269684],[-77.3003535919871,4.150018983269684],[-77.3003535919871,4.100018754555591]]]}},{"type":"Feature","properties":{"v":1.57},"geometry":{"type":"Polygon","coordinates":[[[-77.250353363273,4.100018754555591],[-77.20035313455891,4.100018754555591],[-77.20035313455891,4.150018983269684],[-77.250353363273,4.150018983269684],[-77.250353363273,4.100018754555591]]]}},{"type":"Feature","properties":{"v":1.57},"geometry":{"type":"Polygon","coordinates":[[[-77.20035313455891,4.100018754555591],[-77.15035290584483,4.100018754555591],[-77.15035290584483,4.150018983269684],[-77.20035313455891,4.150018983269684],[-77.20035313455891,4.100018754555591]]]}},{"type":"Feature","properties":{"v":1.67},"geometry":{"type":"Polygon","coordinates":[[[-77.15035290584483,4.100018754555591],[-77.10035267713073,4.100018754555591],[-77.10035267713073,4.150018983269684],[-77.15035290584483,4.150018983269684],[-77.15035290584483,4.100018754555591]]]}},{"type":"Feature","properties":{"v":1.67},"geometry":{"type":"Polygon","coordinates":[[[-77.10035267713073,4.100018754555591],[-77.05035244841663,4.100018754555591],[-77.05035244841663,4.150018983269684],[-77.10035267713073,4.150018983269684],[-77.10035267713073,4.100018754555591]]]}},{"type":"Feature","properties":{"v":1.94},"geometry":{"type":"Polygon","coordinates":[[[-77.05035244841663,4.100018754555591],[-77.00035221970255,4.100018754555591],[-77.00035221970255,4.150018983269684],[-77.05035244841663,4.150018983269684],[-77.05035244841663,4.100018754555591]]]}},{"type":"Feature","properties":{"v":1.94},"geometry":{"type":"Polygon","coordinates":[[[-77.00035221970255,4.100018754555591],[-76.95035199098845,4.100018754555591],[-76.95035199098845,4.150018983269684],[-77.00035221970255,4.150018983269684],[-77.00035221970255,4.100018754555591]]]}},{"type":"Feature","properties":{"v":1.93},"geometry":{"type":"Polygon","coordinates":[[[-76.95035199098845,4.100018754555591],[-76.90035176227435,4.100018754555591],[-76.90035176227435,4.150018983269684],[-76.95035199098845,4.150018983269684],[-76.95035199098845,4.100018754555591]]]}},{"type":"Feature","properties":{"v":1.93},"geometry":{"type":"Polygon","coordinates":[[[-76.90035176227435,4.100018754555591],[-76.85035153356027,4.100018754555591],[-76.85035153356027,4.150018983269684],[-76.90035176227435,4.150018983269684],[-76.90035176227435,4.100018754555591]]]}},{"type":"Feature","properties":{"v":1.72},"geometry":{"type":"Polygon","coordinates":[[[-76.85035153356027,4.100018754555591],[-76.80035130484617,4.100018754555591],[-76.80035130484617,4.150018983269684],[-76.85035153356027,4.150018983269684],[-76.85035153356027,4.100018754555591]]]}},{"type":"Feature","properties":{"v":1.72},"geometry":{"type":"Polygon","coordinates":[[[-76.80035130484617,4.100018754555591],[-76.75035107613208,4.100018754555591],[-76.75035107613208,4.150018983269684],[-76.80035130484617,4.150018983269684],[-76.80035130484617,4.100018754555591]]]}},{"type":"Feature","properties":{"v":1.36},"geometry":{"type":"Polygon","coordinates":[[[-76.75035107613208,4.100018754555591],[-76.700350847418,4.100018754555591],[-76.700350847418,4.150018983269684],[-76.75035107613208,4.150018983269684],[-76.75035107613208,4.100018754555591]]]}},{"type":"Feature","properties":{"v":1.36},"geometry":{"type":"Polygon","coordinates":[[[-76.700350847418,4.100018754555591],[-76.6503506187039,4.100018754555591],[-76.6503506187039,4.150018983269684],[-76.700350847418,4.150018983269684],[-76.700350847418,4.100018754555591]]]}},{"type":"Feature","properties":{"v":1.12},"geometry":{"type":"Polygon","coordinates":[[[-76.6503506187039,4.100018754555591],[-76.6003503899898,4.100018754555591],[-76.6003503899898,4.150018983269684],[-76.6503506187039,4.150018983269684],[-76.6503506187039,4.100018754555591]]]}},{"type":"Feature","properties":{"v":1.12},"geometry":{"type":"Polygon","coordinates":[[[-76.6003503899898,4.100018754555591],[-76.55035016127572,4.100018754555591],[-76.55035016127572,4.150018983269684],[-76.6003503899898,4.150018983269684],[-76.6003503899898,4.100018754555591]]]}},{"type":"Feature","properties":{"v":1.35},"geometry":{"type":"Polygon","coordinates":[[[-76.55035016127572,4.100018754555591],[-76.50034993256162,4.100018754555591],[-76.50034993256162,4.150018983269684],[-76.55035016127572,4.150018983269684],[-76.55035016127572,4.100018754555591]]]}},{"type":"Feature","properties":{"v":1.35},"geometry":{"type":"Polygon","coordinates":[[[-76.50034993256162,4.100018754555591],[-76.45034970384752,4.100018754555591],[-76.45034970384752,4.150018983269684],[-76.50034993256162,4.150018983269684],[-76.50034993256162,4.100018754555591]]]}},{"type":"Feature","properties":{"v":1.0},"geometry":{"type":"Polygon","coordinates":[[[-76.45034970384752,4.100018754555591],[-76.40034947513344,4.100018754555591],[-76.40034947513344,4.150018983269684],[-76.45034970384752,4.150018983269684],[-76.45034970384752,4.100018754555591]]]}},{"type":"Feature","properties":{"v":1.0},"geometry":{"type":"Polygon","coordinates":[[[-76.40034947513344,4.100018754555591],[-76.35034924641934,4.100018754555591],[-76.35034924641934,4.150018983269684],[-76.40034947513344,4.150018983269684],[-76.40034947513344,4.100018754555591]]]}},{"type":"Feature","properties":{"v":1.31},"geometry":{"type":"Polygon","coordinates":[[[-76.35034924641934,4.100018754555591],[-76.30034901770524,4.100018754555591],[-76.30034901770524,4.150018983269684],[-76.35034924641934,4.150018983269684],[-76.35034924641934,4.100018754555591]]]}},{"type":"Feature","properties":{"v":1.31},"geometry":{"type":"Polygon","coordinates":[[[-76.30034901770524,4.100018754555591],[-76.25034878899116,4.100018754555591],[-76.25034878899116,4.150018983269684],[-76.30034901770524,4.150018983269684],[-76.30034901770524,4.100018754555591]]]}},{"type":"Feature","properties":{"v":1.48},"geometry":{"type":"Polygon","coordinates":[[[-76.25034878899116,4.100018754555591],[-76.20034856027706,4.100018754555591],[-76.20034856027706,4.150018983269684],[-76.25034878899116,4.150018983269684],[-76.25034878899116,4.100018754555591]]]}},{"type":"Feature","properties":{"v":1.48},"geometry":{"type":"Polygon","coordinates":[[[-76.20034856027706,4.100018754555591],[-76.15034833156297,4.100018754555591],[-76.15034833156297,4.150018983269684],[-76.20034856027706,4.150018983269684],[-76.20034856027706,4.100018754555591]]]}},{"type":"Feature","properties":{"v":1.45},"geometry":{"type":"Polygon","coordinates":[[[-76.15034833156297,4.100018754555591],[-76.10034810284888,4.100018754555591],[-76.10034810284888,4.150018983269684],[-76.15034833156297,4.150018983269684],[-76.15034833156297,4.100018754555591]]]}},{"type":"Feature","properties":{"v":1.45},"geometry":{"type":"Polygon","coordinates":[[[-76.10034810284888,4.100018754555591],[-76.05034787413479,4.100018754555591],[-76.05034787413479,4.150018983269684],[-76.10034810284888,4.150018983269684],[-76.10034810284888,4.100018754555591]]]}},{"type":"Feature","properties":{"v":1.15},"geometry":{"type":"Polygon","coordinates":[[[-76.05034787413479,4.100018754555591],[-76.00034764542069,4.100018754555591],[-76.00034764542069,4.150018983269684],[-76.05034787413479,4.150018983269684],[-76.05034787413479,4.100018754555591]]]}},{"type":"Feature","properties":{"v":1.15},"geometry":{"type":"Polygon","coordinates":[[[-76.00034764542069,4.100018754555591],[-75.9503474167066,4.100018754555591],[-75.9503474167066,4.150018983269684],[-76.00034764542069,4.150018983269684],[-76.00034764542069,4.100018754555591]]]}},{"type":"Feature","properties":{"v":1.14},"geometry":{"type":"Polygon","coordinates":[[[-75.9503474167066,4.100018754555591],[-75.90034718799251,4.100018754555591],[-75.90034718799251,4.150018983269684],[-75.9503474167066,4.150018983269684],[-75.9503474167066,4.100018754555591]]]}},{"type":"Feature","properties":{"v":1.14},"geometry":{"type":"Polygon","coordinates":[[[-75.90034718799251,4.100018754555591],[-75.85034695927841,4.100018754555591],[-75.85034695927841,4.150018983269684],[-75.90034718799251,4.150018983269684],[-75.90034718799251,4.100018754555591]]]}},{"type":"Feature","properties":{"v":0.84},"geometry":{"type":"Polygon","coordinates":[[[-75.85034695927841,4.100018754555591],[-75.80034673056433,4.100018754555591],[-75.80034673056433,4.150018983269684],[-75.85034695927841,4.150018983269684],[-75.85034695927841,4.100018754555591]]]}},{"type":"Feature","properties":{"v":0.84},"geometry":{"type":"Polygon","coordinates":[[[-75.80034673056433,4.100018754555591],[-75.75034650185023,4.100018754555591],[-75.75034650185023,4.150018983269684],[-75.80034673056433,4.150018983269684],[-75.80034673056433,4.100018754555591]]]}},{"type":"Feature","properties":{"v":0.37},"geometry":{"type":"Polygon","coordinates":[[[-75.75034650185023,4.100018754555591],[-75.70034627313613,4.100018754555591],[-75.70034627313613,4.150018983269684],[-75.75034650185023,4.150018983269684],[-75.75034650185023,4.100018754555591]]]}},{"type":"Feature","properties":{"v":0.37},"geometry":{"type":"Polygon","coordinates":[[[-75.70034627313613,4.100018754555591],[-75.65034604442205,4.100018754555591],[-75.65034604442205,4.150018983269684],[-75.70034627313613,4.150018983269684],[-75.70034627313613,4.100018754555591]]]}},{"type":"Feature","properties":{"v":0.73},"geometry":{"type":"Polygon","coordinates":[[[-75.65034604442205,4.100018754555591],[-75.60034581570795,4.100018754555591],[-75.60034581570795,4.150018983269684],[-75.65034604442205,4.150018983269684],[-75.65034604442205,4.100018754555591]]]}},{"type":"Feature","properties":{"v":0.73},"geometry":{"type":"Polygon","coordinates":[[[-75.60034581570795,4.100018754555591],[-75.55034558699386,4.100018754555591],[-75.55034558699386,4.150018983269684],[-75.60034581570795,4.150018983269684],[-75.60034581570795,4.100018754555591]]]}},{"type":"Feature","properties":{"v":0.91},"geometry":{"type":"Polygon","coordinates":[[[-75.55034558699386,4.100018754555591],[-75.50034535827977,4.100018754555591],[-75.50034535827977,4.150018983269684],[-75.55034558699386,4.150018983269684],[-75.55034558699386,4.100018754555591]]]}},{"type":"Feature","properties":{"v":0.91},"geometry":{"type":"Polygon","coordinates":[[[-75.50034535827977,4.100018754555591],[-75.45034512956568,4.100018754555591],[-75.45034512956568,4.150018983269684],[-75.50034535827977,4.150018983269684],[-75.50034535827977,4.100018754555591]]]}},{"type":"Feature","properties":{"v":0.62},"geometry":{"type":"Polygon","coordinates":[[[-75.45034512956568,4.100018754555591],[-75.40034490085158,4.100018754555591],[-75.40034490085158,4.150018983269684],[-75.45034512956568,4.150018983269684],[-75.45034512956568,4.100018754555591]]]}},{"type":"Feature","properties":{"v":0.62},"geometry":{"type":"Polygon","coordinates":[[[-75.40034490085158,4.100018754555591],[-75.3503446721375,4.100018754555591],[-75.3503446721375,4.150018983269684],[-75.40034490085158,4.150018983269684],[-75.40034490085158,4.100018754555591]]]}},{"type":"Feature","properties":{"v":0.17},"geometry":{"type":"Polygon","coordinates":[[[-75.3503446721375,4.100018754555591],[-75.3003444434234,4.100018754555591],[-75.3003444434234,4.150018983269684],[-75.3503446721375,4.150018983269684],[-75.3503446721375,4.100018754555591]]]}},{"type":"Feature","properties":{"v":0.17},"geometry":{"type":"Polygon","coordinates":[[[-75.3003444434234,4.100018754555591],[-75.2503442147093,4.100018754555591],[-75.2503442147093,4.150018983269684],[-75.3003444434234,4.150018983269684],[-75.3003444434234,4.100018754555591]]]}},{"type":"Feature","properties":{"v":0.28},"geometry":{"type":"Polygon","coordinates":[[[-75.2503442147093,4.100018754555591],[-75.20034398599522,4.100018754555591],[-75.20034398599522,4.150018983269684],[-75.2503442147093,4.150018983269684],[-75.2503442147093,4.100018754555591]]]}},{"type":"Feature","properties":{"v":0.28},"geometry":{"type":"Polygon","coordinates":[[[-75.20034398599522,4.100018754555591],[-75.15034375728112,4.100018754555591],[-75.15034375728112,4.150018983269684],[-75.20034398599522,4.150018983269684],[-75.20034398599522,4.100018754555591]]]}},{"type":"Feature","properties":{"v":0.12},"geometry":{"type":"Polygon","coordinates":[[[-75.15034375728112,4.100018754555591],[-75.10034352856702,4.100018754555591],[-75.10034352856702,4.150018983269684],[-75.15034375728112,4.150018983269684],[-75.15034375728112,4.100018754555591]]]}},{"type":"Feature","properties":{"v":1.5},"geometry":{"type":"Polygon","coordinates":[[[-77.45035427812938,4.050018525841498],[-77.40035404941528,4.050018525841498],[-77.40035404941528,4.100018754555591],[-77.45035427812938,4.100018754555591],[-77.45035427812938,4.050018525841498]]]}},{"type":"Feature","properties":{"v":1.5},"geometry":{"type":"Polygon","coordinates":[[[-77.40035404941528,4.050018525841498],[-77.35035382070119,4.050018525841498],[-77.35035382070119,4.100018754555591],[-77.40035404941528,4.100018754555591],[-77.40035404941528,4.050018525841498]]]}},{"type":"Feature","properties":{"v":1.48},"geometry":{"type":"Polygon","coordinates":[[[-77.35035382070119,4.050018525841498],[-77.3003535919871,4.050018525841498],[-77.3003535919871,4.100018754555591],[-77.35035382070119,4.100018754555591],[-77.35035382070119,4.050018525841498]]]}},{"type":"Feature","properties":{"v":1.48},"geometry":{"type":"Polygon","coordinates":[[[-77.3003535919871,4.050018525841498],[-77.250353363273,4.050018525841498],[-77.250353363273,4.100018754555591],[-77.3003535919871,4.100018754555591],[-77.3003535919871,4.050018525841498]]]}},{"type":"Feature","properties":{"v":1.57},"geometry":{"type":"Polygon","coordinates":[[[-77.250353363273,4.050018525841498],[-77.20035313455891,4.050018525841498],[-77.20035313455891,4.100018754555591],[-77.250353363273,4.100018754555591],[-77.250353363273,4.050018525841498]]]}},{"type":"Feature","properties":{"v":1.57},"geometry":{"type":"Polygon","coordinates":[[[-77.20035313455891,4.050018525841498],[-77.15035290584483,4.050018525841498],[-77.15035290584483,4.100018754555591],[-77.20035313455891,4.100018754555591],[-77.20035313455891,4.050018525841498]]]}},{"type":"Feature","properties":{"v":1.67},"geometry":{"type":"Polygon","coordinates":[[[-77.15035290584483,4.050018525841498],[-77.10035267713073,4.050018525841498],[-77.10035267713073,4.100018754555591],[-77.15035290584483,4.100018754555591],[-77.15035290584483,4.050018525841498]]]}},{"type":"Feature","properties":{"v":1.67},"geometry":{"type":"Polygon","coordinates":[[[-77.10035267713073,4.050018525841498],[-77.05035244841663,4.050018525841498],[-77.05035244841663,4.100018754555591],[-77.10035267713073,4.100018754555591],[-77.10035267713073,4.050018525841498]]]}},{"type":"Feature","properties":{"v":1.94},"geometry":{"type":"Polygon","coordinates":[[[-77.05035244841663,4.050018525841498],[-77.00035221970255,4.050018525841498],[-77.00035221970255,4.100018754555591],[-77.05035244841663,4.100018754555591],[-77.05035244841663,4.050018525841498]]]}},{"type":"Feature","properties":{"v":1.94},"geometry":{"type":"Polygon","coordinates":[[[-77.00035221970255,4.050018525841498],[-76.95035199098845,4.050018525841498],[-76.95035199098845,4.100018754555591],[-77.00035221970255,4.100018754555591],[-77.00035221970255,4.050018525841498]]]}},{"type":"Feature","properties":{"v":1.93},"geometry":{"type":"Polygon","coordinates":[[[-76.95035199098845,4.050018525841498],[-76.90035176227435,4.050018525841498],[-76.90035176227435,4.100018754555591],[-76.95035199098845,4.100018754555591],[-76.95035199098845,4.050018525841498]]]}},{"type":"Feature","properties":{"v":1.93},"geometry":{"type":"Polygon","coordinates":[[[-76.90035176227435,4.050018525841498],[-76.85035153356027,4.050018525841498],[-76.85035153356027,4.100018754555591],[-76.90035176227435,4.100018754555591],[-76.90035176227435,4.050018525841498]]]}},{"type":"Feature","properties":{"v":1.72},"geometry":{"type":"Polygon","coordinates":[[[-76.85035153356027,4.050018525841498],[-76.80035130484617,4.050018525841498],[-76.80035130484617,4.100018754555591],[-76.85035153356027,4.100018754555591],[-76.85035153356027,4.050018525841498]]]}},{"type":"Feature","properties":{"v":1.72},"geometry":{"type":"Polygon","coordinates":[[[-76.80035130484617,4.050018525841498],[-76.75035107613208,4.050018525841498],[-76.75035107613208,4.100018754555591],[-76.80035130484617,4.100018754555591],[-76.80035130484617,4.050018525841498]]]}},{"type":"Feature","properties":{"v":1.36},"geometry":{"type":"Polygon","coordinates":[[[-76.75035107613208,4.050018525841498],[-76.700350847418,4.050018525841498],[-76.700350847418,4.100018754555591],[-76.75035107613208,4.100018754555591],[-76.75035107613208,4.050018525841498]]]}},{"type":"Feature","properties":{"v":1.36},"geometry":{"type":"Polygon","coordinates":[[[-76.700350847418,4.050018525841498],[-76.6503506187039,4.050018525841498],[-76.6503506187039,4.100018754555591],[-76.700350847418,4.100018754555591],[-76.700350847418,4.050018525841498]]]}},{"type":"Feature","properties":{"v":1.12},"geometry":{"type":"Polygon","coordinates":[[[-76.6503506187039,4.050018525841498],[-76.6003503899898,4.050018525841498],[-76.6003503899898,4.100018754555591],[-76.6503506187039,4.100018754555591],[-76.6503506187039,4.050018525841498]]]}},{"type":"Feature","properties":{"v":1.12},"geometry":{"type":"Polygon","coordinates":[[[-76.6003503899898,4.050018525841498],[-76.55035016127572,4.050018525841498],[-76.55035016127572,4.100018754555591],[-76.6003503899898,4.100018754555591],[-76.6003503899898,4.050018525841498]]]}},{"type":"Feature","properties":{"v":1.35},"geometry":{"type":"Polygon","coordinates":[[[-76.55035016127572,4.050018525841498],[-76.50034993256162,4.050018525841498],[-76.50034993256162,4.100018754555591],[-76.55035016127572,4.100018754555591],[-76.55035016127572,4.050018525841498]]]}},{"type":"Feature","properties":{"v":1.35},"geometry":{"type":"Polygon","coordinates":[[[-76.50034993256162,4.050018525841498],[-76.45034970384752,4.050018525841498],[-76.45034970384752,4.100018754555591],[-76.50034993256162,4.100018754555591],[-76.50034993256162,4.050018525841498]]]}},{"type":"Feature","properties":{"v":1.0},"geometry":{"type":"Polygon","coordinates":[[[-76.45034970384752,4.050018525841498],[-76.40034947513344,4.050018525841498],[-76.40034947513344,4.100018754555591],[-76.45034970384752,4.100018754555591],[-76.45034970384752,4.050018525841498]]]}},{"type":"Feature","properties":{"v":1.0},"geometry":{"type":"Polygon","coordinates":[[[-76.40034947513344,4.050018525841498],[-76.35034924641934,4.050018525841498],[-76.35034924641934,4.100018754555591],[-76.40034947513344,4.100018754555591],[-76.40034947513344,4.050018525841498]]]}},{"type":"Feature","properties":{"v":1.31},"geometry":{"type":"Polygon","coordinates":[[[-76.35034924641934,4.050018525841498],[-76.30034901770524,4.050018525841498],[-76.30034901770524,4.100018754555591],[-76.35034924641934,4.100018754555591],[-76.35034924641934,4.050018525841498]]]}},{"type":"Feature","properties":{"v":1.31},"geometry":{"type":"Polygon","coordinates":[[[-76.30034901770524,4.050018525841498],[-76.25034878899116,4.050018525841498],[-76.25034878899116,4.100018754555591],[-76.30034901770524,4.100018754555591],[-76.30034901770524,4.050018525841498]]]}},{"type":"Feature","properties":{"v":1.48},"geometry":{"type":"Polygon","coordinates":[[[-76.25034878899116,4.050018525841498],[-76.20034856027706,4.050018525841498],[-76.20034856027706,4.100018754555591],[-76.25034878899116,4.100018754555591],[-76.25034878899116,4.050018525841498]]]}},{"type":"Feature","properties":{"v":1.48},"geometry":{"type":"Polygon","coordinates":[[[-76.20034856027706,4.050018525841498],[-76.15034833156297,4.050018525841498],[-76.15034833156297,4.100018754555591],[-76.20034856027706,4.100018754555591],[-76.20034856027706,4.050018525841498]]]}},{"type":"Feature","properties":{"v":1.45},"geometry":{"type":"Polygon","coordinates":[[[-76.15034833156297,4.050018525841498],[-76.10034810284888,4.050018525841498],[-76.10034810284888,4.100018754555591],[-76.15034833156297,4.100018754555591],[-76.15034833156297,4.050018525841498]]]}},{"type":"Feature","properties":{"v":1.45},"geometry":{"type":"Polygon","coordinates":[[[-76.10034810284888,4.050018525841498],[-76.05034787413479,4.050018525841498],[-76.05034787413479,4.100018754555591],[-76.10034810284888,4.100018754555591],[-76.10034810284888,4.050018525841498]]]}},{"type":"Feature","properties":{"v":1.15},"geometry":{"type":"Polygon","coordinates":[[[-76.05034787413479,4.050018525841498],[-76.00034764542069,4.050018525841498],[-76.00034764542069,4.100018754555591],[-76.05034787413479,4.100018754555591],[-76.05034787413479,4.050018525841498]]]}},{"type":"Feature","properties":{"v":1.15},"geometry":{"type":"Polygon","coordinates":[[[-76.00034764542069,4.050018525841498],[-75.9503474167066,4.050018525841498],[-75.9503474167066,4.100018754555591],[-76.00034764542069,4.100018754555591],[-76.00034764542069,4.050018525841498]]]}},{"type":"Feature","properties":{"v":1.14},"geometry":{"type":"Polygon","coordinates":[[[-75.9503474167066,4.050018525841498],[-75.90034718799251,4.050018525841498],[-75.90034718799251,4.100018754555591],[-75.9503474167066,4.100018754555591],[-75.9503474167066,4.050018525841498]]]}},{"type":"Feature","properties":{"v":1.14},"geometry":{"type":"Polygon","coordinates":[[[-75.90034718799251,4.050018525841498],[-75.85034695927841,4.050018525841498],[-75.85034695927841,4.100018754555591],[-75.90034718799251,4.100018754555591],[-75.90034718799251,4.050018525841498]]]}},{"type":"Feature","properties":{"v":0.84},"geometry":{"type":"Polygon","coordinates":[[[-75.85034695927841,4.050018525841498],[-75.80034673056433,4.050018525841498],[-75.80034673056433,4.100018754555591],[-75.85034695927841,4.100018754555591],[-75.85034695927841,4.050018525841498]]]}},{"type":"Feature","properties":{"v":0.84},"geometry":{"type":"Polygon","coordinates":[[[-75.80034673056433,4.050018525841498],[-75.75034650185023,4.050018525841498],[-75.75034650185023,4.100018754555591],[-75.80034673056433,4.100018754555591],[-75.80034673056433,4.050018525841498]]]}},{"type":"Feature","properties":{"v":0.37},"geometry":{"type":"Polygon","coordinates":[[[-75.75034650185023,4.050018525841498],[-75.70034627313613,4.050018525841498],[-75.70034627313613,4.100018754555591],[-75.75034650185023,4.100018754555591],[-75.75034650185023,4.050018525841498]]]}},{"type":"Feature","properties":{"v":0.37},"geometry":{"type":"Polygon","coordinates":[[[-75.70034627313613,4.050018525841498],[-75.65034604442205,4.050018525841498],[-75.65034604442205,4.100018754555591],[-75.70034627313613,4.100018754555591],[-75.70034627313613,4.050018525841498]]]}},{"type":"Feature","properties":{"v":0.73},"geometry":{"type":"Polygon","coordinates":[[[-75.65034604442205,4.050018525841498],[-75.60034581570795,4.050018525841498],[-75.60034581570795,4.100018754555591],[-75.65034604442205,4.100018754555591],[-75.65034604442205,4.050018525841498]]]}},{"type":"Feature","properties":{"v":0.73},"geometry":{"type":"Polygon","coordinates":[[[-75.60034581570795,4.050018525841498],[-75.55034558699386,4.050018525841498],[-75.55034558699386,4.100018754555591],[-75.60034581570795,4.100018754555591],[-75.60034581570795,4.050018525841498]]]}},{"type":"Feature","properties":{"v":0.91},"geometry":{"type":"Polygon","coordinates":[[[-75.55034558699386,4.050018525841498],[-75.50034535827977,4.050018525841498],[-75.50034535827977,4.100018754555591],[-75.55034558699386,4.100018754555591],[-75.55034558699386,4.050018525841498]]]}},{"type":"Feature","properties":{"v":0.91},"geometry":{"type":"Polygon","coordinates":[[[-75.50034535827977,4.050018525841498],[-75.45034512956568,4.050018525841498],[-75.45034512956568,4.100018754555591],[-75.50034535827977,4.100018754555591],[-75.50034535827977,4.050018525841498]]]}},{"type":"Feature","properties":{"v":0.62},"geometry":{"type":"Polygon","coordinates":[[[-75.45034512956568,4.050018525841498],[-75.40034490085158,4.050018525841498],[-75.40034490085158,4.100018754555591],[-75.45034512956568,4.100018754555591],[-75.45034512956568,4.050018525841498]]]}},{"type":"Feature","properties":{"v":0.62},"geometry":{"type":"Polygon","coordinates":[[[-75.40034490085158,4.050018525841498],[-75.3503446721375,4.050018525841498],[-75.3503446721375,4.100018754555591],[-75.40034490085158,4.100018754555591],[-75.40034490085158,4.050018525841498]]]}},{"type":"Feature","properties":{"v":0.17},"geometry":{"type":"Polygon","coordinates":[[[-75.3503446721375,4.050018525841498],[-75.3003444434234,4.050018525841498],[-75.3003444434234,4.100018754555591],[-75.3503446721375,4.100018754555591],[-75.3503446721375,4.050018525841498]]]}},{"type":"Feature","properties":{"v":0.17},"geometry":{"type":"Polygon","coordinates":[[[-75.3003444434234,4.050018525841498],[-75.2503442147093,4.050018525841498],[-75.2503442147093,4.100018754555591],[-75.3003444434234,4.100018754555591],[-75.3003444434234,4.050018525841498]]]}},{"type":"Feature","properties":{"v":0.28},"geometry":{"type":"Polygon","coordinates":[[[-75.2503442147093,4.050018525841498],[-75.20034398599522,4.050018525841498],[-75.20034398599522,4.100018754555591],[-75.2503442147093,4.100018754555591],[-75.2503442147093,4.050018525841498]]]}},{"type":"Feature","properties":{"v":0.28},"geometry":{"type":"Polygon","coordinates":[[[-75.20034398599522,4.050018525841498],[-75.15034375728112,4.050018525841498],[-75.15034375728112,4.100018754555591],[-75.20034398599522,4.100018754555591],[-75.20034398599522,4.050018525841498]]]}},{"type":"Feature","properties":{"v":0.12},"geometry":{"type":"Polygon","coordinates":[[[-75.15034375728112,4.050018525841498],[-75.10034352856702,4.050018525841498],[-75.10034352856702,4.100018754555591],[-75.15034375728112,4.100018754555591],[-75.15034375728112,4.050018525841498]]]}},{"type":"Feature","properties":{"v":1.5},"geometry":{"type":"Polygon","coordinates":[[[-77.35035382070119,4.000018297127405],[-77.3003535919871,4.000018297127405],[-77.3003535919871,4.050018525841498],[-77.35035382070119,4.050018525841498],[-77.35035382070119,4.000018297127405]]]}},{"type":"Feature","properties":{"v":1.5},"geometry":{"type":"Polygon","coordinates":[[[-77.3003535919871,4.000018297127405],[-77.250353363273,4.000018297127405],[-77.250353363273,4.050018525841498],[-77.3003535919871,4.050018525841498],[-77.3003535919871,4.000018297127405]]]}},{"type":"Feature","properties":{"v":1.66},"geometry":{"type":"Polygon","coordinates":[[[-77.250353363273,4.000018297127405],[-77.20035313455891,4.000018297127405],[-77.20035313455891,4.050018525841498],[-77.250353363273,4.050018525841498],[-77.250353363273,4.000018297127405]]]}},{"type":"Feature","properties":{"v":1.66},"geometry":{"type":"Polygon","coordinates":[[[-77.20035313455891,4.000018297127405],[-77.15035290584483,4.000018297127405],[-77.15035290584483,4.050018525841498],[-77.20035313455891,4.050018525841498],[-77.20035313455891,4.000018297127405]]]}},{"type":"Feature","properties":{"v":1.67},"geometry":{"type":"Polygon","coordinates":[[[-77.15035290584483,4.000018297127405],[-77.10035267713073,4.000018297127405],[-77.10035267713073,4.050018525841498],[-77.15035290584483,4.050018525841498],[-77.15035290584483,4.000018297127405]]]}},{"type":"Feature","properties":{"v":1.67},"geometry":{"type":"Polygon","coordinates":[[[-77.10035267713073,4.000018297127405],[-77.05035244841663,4.000018297127405],[-77.05035244841663,4.050018525841498],[-77.10035267713073,4.050018525841498],[-77.10035267713073,4.000018297127405]]]}},{"type":"Feature","properties":{"v":1.55},"geometry":{"type":"Polygon","coordinates":[[[-77.05035244841663,4.000018297127405],[-77.00035221970255,4.000018297127405],[-77.00035221970255,4.050018525841498],[-77.05035244841663,4.050018525841498],[-77.05035244841663,4.000018297127405]]]}},{"type":"Feature","properties":{"v":1.55},"geometry":{"type":"Polygon","coordinates":[[[-77.00035221970255,4.000018297127405],[-76.95035199098845,4.000018297127405],[-76.95035199098845,4.050018525841498],[-77.00035221970255,4.050018525841498],[-77.00035221970255,4.000018297127405]]]}},{"type":"Feature","properties":{"v":1.6},"geometry":{"type":"Polygon","coordinates":[[[-76.95035199098845,4.000018297127405],[-76.90035176227435,4.000018297127405],[-76.90035176227435,4.050018525841498],[-76.95035199098845,4.050018525841498],[-76.95035199098845,4.000018297127405]]]}},{"type":"Feature","properties":{"v":1.6},"geometry":{"type":"Polygon","coordinates":[[[-76.90035176227435,4.000018297127405],[-76.85035153356027,4.000018297127405],[-76.85035153356027,4.050018525841498],[-76.90035176227435,4.050018525841498],[-76.90035176227435,4.000018297127405]]]}},{"type":"Feature","properties":{"v":1.49},"geometry":{"type":"Polygon","coordinates":[[[-76.85035153356027,4.000018297127405],[-76.80035130484617,4.000018297127405],[-76.80035130484617,4.050018525841498],[-76.85035153356027,4.050018525841498],[-76.85035153356027,4.000018297127405]]]}},{"type":"Feature","properties":{"v":1.49},"geometry":{"type":"Polygon","coordinates":[[[-76.80035130484617,4.000018297127405],[-76.75035107613208,4.000018297127405],[-76.75035107613208,4.050018525841498],[-76.80035130484617,4.050018525841498],[-76.80035130484617,4.000018297127405]]]}},{"type":"Feature","properties":{"v":0.95},"geometry":{"type":"Polygon","coordinates":[[[-76.75035107613208,4.000018297127405],[-76.700350847418,4.000018297127405],[-76.700350847418,4.050018525841498],[-76.75035107613208,4.050018525841498],[-76.75035107613208,4.000018297127405]]]}},{"type":"Feature","properties":{"v":0.95},"geometry":{"type":"Polygon","coordinates":[[[-76.700350847418,4.000018297127405],[-76.6503506187039,4.000018297127405],[-76.6503506187039,4.050018525841498],[-76.700350847418,4.050018525841498],[-76.700350847418,4.000018297127405]]]}},{"type":"Feature","properties":{"v":0.79},"geometry":{"type":"Polygon","coordinates":[[[-76.6503506187039,4.000018297127405],[-76.6003503899898,4.000018297127405],[-76.6003503899898,4.050018525841498],[-76.6503506187039,4.050018525841498],[-76.6503506187039,4.000018297127405]]]}},{"type":"Feature","properties":{"v":0.79},"geometry":{"type":"Polygon","coordinates":[[[-76.6003503899898,4.000018297127405],[-76.55035016127572,4.000018297127405],[-76.55035016127572,4.050018525841498],[-76.6003503899898,4.050018525841498],[-76.6003503899898,4.000018297127405]]]}},{"type":"Feature","properties":{"v":1.23},"geometry":{"type":"Polygon","coordinates":[[[-76.55035016127572,4.000018297127405],[-76.50034993256162,4.000018297127405],[-76.50034993256162,4.050018525841498],[-76.55035016127572,4.050018525841498],[-76.55035016127572,4.000018297127405]]]}},{"type":"Feature","properties":{"v":1.23},"geometry":{"type":"Polygon","coordinates":[[[-76.50034993256162,4.000018297127405],[-76.45034970384752,4.000018297127405],[-76.45034970384752,4.050018525841498],[-76.50034993256162,4.050018525841498],[-76.50034993256162,4.000018297127405]]]}},{"type":"Feature","properties":{"v":0.57},"geometry":{"type":"Polygon","coordinates":[[[-76.45034970384752,4.000018297127405],[-76.40034947513344,4.000018297127405],[-76.40034947513344,4.050018525841498],[-76.45034970384752,4.050018525841498],[-76.45034970384752,4.000018297127405]]]}},{"type":"Feature","properties":{"v":0.57},"geometry":{"type":"Polygon","coordinates":[[[-76.40034947513344,4.000018297127405],[-76.35034924641934,4.000018297127405],[-76.35034924641934,4.050018525841498],[-76.40034947513344,4.050018525841498],[-76.40034947513344,4.000018297127405]]]}},{"type":"Feature","properties":{"v":1.08},"geometry":{"type":"Polygon","coordinates":[[[-76.35034924641934,4.000018297127405],[-76.30034901770524,4.000018297127405],[-76.30034901770524,4.050018525841498],[-76.35034924641934,4.050018525841498],[-76.35034924641934,4.000018297127405]]]}},{"type":"Feature","properties":{"v":1.08},"geometry":{"type":"Polygon","coordinates":[[[-76.30034901770524,4.000018297127405],[-76.25034878899116,4.000018297127405],[-76.25034878899116,4.050018525841498],[-76.30034901770524,4.050018525841498],[-76.30034901770524,4.000018297127405]]]}},{"type":"Feature","properties":{"v":1.55},"geometry":{"type":"Polygon","coordinates":[[[-76.25034878899116,4.000018297127405],[-76.20034856027706,4.000018297127405],[-76.20034856027706,4.050018525841498],[-76.25034878899116,4.050018525841498],[-76.25034878899116,4.000018297127405]]]}},{"type":"Feature","properties":{"v":1.55},"geometry":{"type":"Polygon","coordinates":[[[-76.20034856027706,4.000018297127405],[-76.15034833156297,4.000018297127405],[-76.15034833156297,4.050018525841498],[-76.20034856027706,4.050018525841498],[-76.20034856027706,4.000018297127405]]]}},{"type":"Feature","properties":{"v":1.59},"geometry":{"type":"Polygon","coordinates":[[[-76.15034833156297,4.000018297127405],[-76.10034810284888,4.000018297127405],[-76.10034810284888,4.050018525841498],[-76.15034833156297,4.050018525841498],[-76.15034833156297,4.000018297127405]]]}},{"type":"Feature","properties":{"v":1.59},"geometry":{"type":"Polygon","coordinates":[[[-76.10034810284888,4.000018297127405],[-76.05034787413479,4.000018297127405],[-76.05034787413479,4.050018525841498],[-76.10034810284888,4.050018525841498],[-76.10034810284888,4.000018297127405]]]}},{"type":"Feature","properties":{"v":1.32},"geometry":{"type":"Polygon","coordinates":[[[-76.05034787413479,4.000018297127405],[-76.00034764542069,4.000018297127405],[-76.00034764542069,4.050018525841498],[-76.05034787413479,4.050018525841498],[-76.05034787413479,4.000018297127405]]]}},{"type":"Feature","properties":{"v":1.32},"geometry":{"type":"Polygon","coordinates":[[[-76.00034764542069,4.000018297127405],[-75.9503474167066,4.000018297127405],[-75.9503474167066,4.050018525841498],[-76.00034764542069,4.050018525841498],[-76.00034764542069,4.000018297127405]]]}},{"type":"Feature","properties":{"v":1.34},"geometry":{"type":"Polygon","coordinates":[[[-75.9503474167066,4.000018297127405],[-75.90034718799251,4.000018297127405],[-75.90034718799251,4.050018525841498],[-75.9503474167066,4.050018525841498],[-75.9503474167066,4.000018297127405]]]}},{"type":"Feature","properties":{"v":1.34},"geometry":{"type":"Polygon","coordinates":[[[-75.90034718799251,4.000018297127405],[-75.85034695927841,4.000018297127405],[-75.85034695927841,4.050018525841498],[-75.90034718799251,4.050018525841498],[-75.90034718799251,4.000018297127405]]]}},{"type":"Feature","properties":{"v":1.67},"geometry":{"type":"Polygon","coordinates":[[[-75.85034695927841,4.000018297127405],[-75.80034673056433,4.000018297127405],[-75.80034673056433,4.050018525841498],[-75.85034695927841,4.050018525841498],[-75.85034695927841,4.000018297127405]]]}},{"type":"Feature","properties":{"v":1.67},"geometry":{"type":"Polygon","coordinates":[[[-75.80034673056433,4.000018297127405],[-75.75034650185023,4.000018297127405],[-75.75034650185023,4.050018525841498],[-75.80034673056433,4.050018525841498],[-75.80034673056433,4.000018297127405]]]}},{"type":"Feature","properties":{"v":0.65},"geometry":{"type":"Polygon","coordinates":[[[-75.75034650185023,4.000018297127405],[-75.70034627313613,4.000018297127405],[-75.70034627313613,4.050018525841498],[-75.75034650185023,4.050018525841498],[-75.75034650185023,4.000018297127405]]]}},{"type":"Feature","properties":{"v":0.65},"geometry":{"type":"Polygon","coordinates":[[[-75.70034627313613,4.000018297127405],[-75.65034604442205,4.000018297127405],[-75.65034604442205,4.050018525841498],[-75.70034627313613,4.050018525841498],[-75.70034627313613,4.000018297127405]]]}},{"type":"Feature","properties":{"v":0.28},"geometry":{"type":"Polygon","coordinates":[[[-75.65034604442205,4.000018297127405],[-75.60034581570795,4.000018297127405],[-75.60034581570795,4.050018525841498],[-75.65034604442205,4.050018525841498],[-75.65034604442205,4.000018297127405]]]}},{"type":"Feature","properties":{"v":0.28},"geometry":{"type":"Polygon","coordinates":[[[-75.60034581570795,4.000018297127405],[-75.55034558699386,4.000018297127405],[-75.55034558699386,4.050018525841498],[-75.60034581570795,4.050018525841498],[-75.60034581570795,4.000018297127405]]]}},{"type":"Feature","properties":{"v":0.1},"geometry":{"type":"Polygon","coordinates":[[[-75.55034558699386,4.000018297127405],[-75.50034535827977,4.000018297127405],[-75.50034535827977,4.050018525841498],[-75.55034558699386,4.050018525841498],[-75.55034558699386,4.000018297127405]]]}},{"type":"Feature","properties":{"v":0.1},"geometry":{"type":"Polygon","coordinates":[[[-75.50034535827977,4.000018297127405],[-75.45034512956568,4.000018297127405],[-75.45034512956568,4.050018525841498],[-75.50034535827977,4.050018525841498],[-75.50034535827977,4.000018297127405]]]}},{"type":"Feature","properties":{"v":0.32},"geometry":{"type":"Polygon","coordinates":[[[-75.45034512956568,4.000018297127405],[-75.40034490085158,4.000018297127405],[-75.40034490085158,4.050018525841498],[-75.45034512956568,4.050018525841498],[-75.45034512956568,4.000018297127405]]]}},{"type":"Feature","properties":{"v":0.32},"geometry":{"type":"Polygon","coordinates":[[[-75.40034490085158,4.000018297127405],[-75.3503446721375,4.000018297127405],[-75.3503446721375,4.050018525841498],[-75.40034490085158,4.050018525841498],[-75.40034490085158,4.000018297127405]]]}},{"type":"Feature","properties":{"v":-0.22},"geometry":{"type":"Polygon","coordinates":[[[-75.3503446721375,4.000018297127405],[-75.3003444434234,4.000018297127405],[-75.3003444434234,4.050018525841498],[-75.3503446721375,4.050018525841498],[-75.3503446721375,4.000018297127405]]]}},{"type":"Feature","properties":{"v":-0.22},"geometry":{"type":"Polygon","coordinates":[[[-75.3003444434234,4.000018297127405],[-75.2503442147093,4.000018297127405],[-75.2503442147093,4.050018525841498],[-75.3003444434234,4.050018525841498],[-75.3003444434234,4.000018297127405]]]}},{"type":"Feature","properties":{"v":-0.3},"geometry":{"type":"Polygon","coordinates":[[[-75.2503442147093,4.000018297127405],[-75.20034398599522,4.000018297127405],[-75.20034398599522,4.050018525841498],[-75.2503442147093,4.050018525841498],[-75.2503442147093,4.000018297127405]]]}},{"type":"Feature","properties":{"v":-0.3},"geometry":{"type":"Polygon","coordinates":[[[-75.20034398599522,4.000018297127405],[-75.15034375728112,4.000018297127405],[-75.15034375728112,4.050018525841498],[-75.20034398599522,4.050018525841498],[-75.20034398599522,4.000018297127405]]]}},{"type":"Feature","properties":{"v":0.14},"geometry":{"type":"Polygon","coordinates":[[[-75.15034375728112,4.000018297127405],[-75.10034352856702,4.000018297127405],[-75.10034352856702,4.050018525841498],[-75.15034375728112,4.050018525841498],[-75.15034375728112,4.000018297127405]]]}},{"type":"Feature","properties":{"v":1.5},"geometry":{"type":"Polygon","coordinates":[[[-77.35035382070119,3.9500180684133133],[-77.3003535919871,3.9500180684133133],[-77.3003535919871,4.000018297127405],[-77.35035382070119,4.000018297127405],[-77.35035382070119,3.9500180684133133]]]}},{"type":"Feature","properties":{"v":1.5},"geometry":{"type":"Polygon","coordinates":[[[-77.3003535919871,3.9500180684133133],[-77.250353363273,3.9500180684133133],[-77.250353363273,4.000018297127405],[-77.3003535919871,4.000018297127405],[-77.3003535919871,3.9500180684133133]]]}},{"type":"Feature","properties":{"v":1.66},"geometry":{"type":"Polygon","coordinates":[[[-77.250353363273,3.9500180684133133],[-77.20035313455891,3.9500180684133133],[-77.20035313455891,4.000018297127405],[-77.250353363273,4.000018297127405],[-77.250353363273,3.9500180684133133]]]}},{"type":"Feature","properties":{"v":1.66},"geometry":{"type":"Polygon","coordinates":[[[-77.20035313455891,3.9500180684133133],[-77.15035290584483,3.9500180684133133],[-77.15035290584483,4.000018297127405],[-77.20035313455891,4.000018297127405],[-77.20035313455891,3.9500180684133133]]]}},{"type":"Feature","properties":{"v":1.67},"geometry":{"type":"Polygon","coordinates":[[[-77.15035290584483,3.9500180684133133],[-77.10035267713073,3.9500180684133133],[-77.10035267713073,4.000018297127405],[-77.15035290584483,4.000018297127405],[-77.15035290584483,3.9500180684133133]]]}},{"type":"Feature","properties":{"v":1.67},"geometry":{"type":"Polygon","coordinates":[[[-77.10035267713073,3.9500180684133133],[-77.05035244841663,3.9500180684133133],[-77.05035244841663,4.000018297127405],[-77.10035267713073,4.000018297127405],[-77.10035267713073,3.9500180684133133]]]}},{"type":"Feature","properties":{"v":1.55},"geometry":{"type":"Polygon","coordinates":[[[-77.05035244841663,3.9500180684133133],[-77.00035221970255,3.9500180684133133],[-77.00035221970255,4.000018297127405],[-77.05035244841663,4.000018297127405],[-77.05035244841663,3.9500180684133133]]]}},{"type":"Feature","properties":{"v":1.55},"geometry":{"type":"Polygon","coordinates":[[[-77.00035221970255,3.9500180684133133],[-76.95035199098845,3.9500180684133133],[-76.95035199098845,4.000018297127405],[-77.00035221970255,4.000018297127405],[-77.00035221970255,3.9500180684133133]]]}},{"type":"Feature","properties":{"v":1.6},"geometry":{"type":"Polygon","coordinates":[[[-76.95035199098845,3.9500180684133133],[-76.90035176227435,3.9500180684133133],[-76.90035176227435,4.000018297127405],[-76.95035199098845,4.000018297127405],[-76.95035199098845,3.9500180684133133]]]}},{"type":"Feature","properties":{"v":1.6},"geometry":{"type":"Polygon","coordinates":[[[-76.90035176227435,3.9500180684133133],[-76.85035153356027,3.9500180684133133],[-76.85035153356027,4.000018297127405],[-76.90035176227435,4.000018297127405],[-76.90035176227435,3.9500180684133133]]]}},{"type":"Feature","properties":{"v":1.49},"geometry":{"type":"Polygon","coordinates":[[[-76.85035153356027,3.9500180684133133],[-76.80035130484617,3.9500180684133133],[-76.80035130484617,4.000018297127405],[-76.85035153356027,4.000018297127405],[-76.85035153356027,3.9500180684133133]]]}},{"type":"Feature","properties":{"v":1.49},"geometry":{"type":"Polygon","coordinates":[[[-76.80035130484617,3.9500180684133133],[-76.75035107613208,3.9500180684133133],[-76.75035107613208,4.000018297127405],[-76.80035130484617,4.000018297127405],[-76.80035130484617,3.9500180684133133]]]}},{"type":"Feature","properties":{"v":0.95},"geometry":{"type":"Polygon","coordinates":[[[-76.75035107613208,3.9500180684133133],[-76.700350847418,3.9500180684133133],[-76.700350847418,4.000018297127405],[-76.75035107613208,4.000018297127405],[-76.75035107613208,3.9500180684133133]]]}},{"type":"Feature","properties":{"v":0.95},"geometry":{"type":"Polygon","coordinates":[[[-76.700350847418,3.9500180684133133],[-76.6503506187039,3.9500180684133133],[-76.6503506187039,4.000018297127405],[-76.700350847418,4.000018297127405],[-76.700350847418,3.9500180684133133]]]}},{"type":"Feature","properties":{"v":0.79},"geometry":{"type":"Polygon","coordinates":[[[-76.6503506187039,3.9500180684133133],[-76.6003503899898,3.9500180684133133],[-76.6003503899898,4.000018297127405],[-76.6503506187039,4.000018297127405],[-76.6503506187039,3.9500180684133133]]]}},{"type":"Feature","properties":{"v":0.79},"geometry":{"type":"Polygon","coordinates":[[[-76.6003503899898,3.9500180684133133],[-76.55035016127572,3.9500180684133133],[-76.55035016127572,4.000018297127405],[-76.6003503899898,4.000018297127405],[-76.6003503899898,3.9500180684133133]]]}},{"type":"Feature","properties":{"v":1.23},"geometry":{"type":"Polygon","coordinates":[[[-76.55035016127572,3.9500180684133133],[-76.50034993256162,3.9500180684133133],[-76.50034993256162,4.000018297127405],[-76.55035016127572,4.000018297127405],[-76.55035016127572,3.9500180684133133]]]}},{"type":"Feature","properties":{"v":1.23},"geometry":{"type":"Polygon","coordinates":[[[-76.50034993256162,3.9500180684133133],[-76.45034970384752,3.9500180684133133],[-76.45034970384752,4.000018297127405],[-76.50034993256162,4.000018297127405],[-76.50034993256162,3.9500180684133133]]]}},{"type":"Feature","properties":{"v":0.57},"geometry":{"type":"Polygon","coordinates":[[[-76.45034970384752,3.9500180684133133],[-76.40034947513344,3.9500180684133133],[-76.40034947513344,4.000018297127405],[-76.45034970384752,4.000018297127405],[-76.45034970384752,3.9500180684133133]]]}},{"type":"Feature","properties":{"v":0.57},"geometry":{"type":"Polygon","coordinates":[[[-76.40034947513344,3.9500180684133133],[-76.35034924641934,3.9500180684133133],[-76.35034924641934,4.000018297127405],[-76.40034947513344,4.000018297127405],[-76.40034947513344,3.9500180684133133]]]}},{"type":"Feature","properties":{"v":1.08},"geometry":{"type":"Polygon","coordinates":[[[-76.35034924641934,3.9500180684133133],[-76.30034901770524,3.9500180684133133],[-76.30034901770524,4.000018297127405],[-76.35034924641934,4.000018297127405],[-76.35034924641934,3.9500180684133133]]]}},{"type":"Feature","properties":{"v":1.08},"geometry":{"type":"Polygon","coordinates":[[[-76.30034901770524,3.9500180684133133],[-76.25034878899116,3.9500180684133133],[-76.25034878899116,4.000018297127405],[-76.30034901770524,4.000018297127405],[-76.30034901770524,3.9500180684133133]]]}},{"type":"Feature","properties":{"v":1.55},"geometry":{"type":"Polygon","coordinates":[[[-76.25034878899116,3.9500180684133133],[-76.20034856027706,3.9500180684133133],[-76.20034856027706,4.000018297127405],[-76.25034878899116,4.000018297127405],[-76.25034878899116,3.9500180684133133]]]}},{"type":"Feature","properties":{"v":1.55},"geometry":{"type":"Polygon","coordinates":[[[-76.20034856027706,3.9500180684133133],[-76.15034833156297,3.9500180684133133],[-76.15034833156297,4.000018297127405],[-76.20034856027706,4.000018297127405],[-76.20034856027706,3.9500180684133133]]]}},{"type":"Feature","properties":{"v":1.59},"geometry":{"type":"Polygon","coordinates":[[[-76.15034833156297,3.9500180684133133],[-76.10034810284888,3.9500180684133133],[-76.10034810284888,4.000018297127405],[-76.15034833156297,4.000018297127405],[-76.15034833156297,3.9500180684133133]]]}},{"type":"Feature","properties":{"v":1.59},"geometry":{"type":"Polygon","coordinates":[[[-76.10034810284888,3.9500180684133133],[-76.05034787413479,3.9500180684133133],[-76.05034787413479,4.000018297127405],[-76.10034810284888,4.000018297127405],[-76.10034810284888,3.9500180684133133]]]}},{"type":"Feature","properties":{"v":1.32},"geometry":{"type":"Polygon","coordinates":[[[-76.05034787413479,3.9500180684133133],[-76.00034764542069,3.9500180684133133],[-76.00034764542069,4.000018297127405],[-76.05034787413479,4.000018297127405],[-76.05034787413479,3.9500180684133133]]]}},{"type":"Feature","properties":{"v":1.32},"geometry":{"type":"Polygon","coordinates":[[[-76.00034764542069,3.9500180684133133],[-75.9503474167066,3.9500180684133133],[-75.9503474167066,4.000018297127405],[-76.00034764542069,4.000018297127405],[-76.00034764542069,3.9500180684133133]]]}},{"type":"Feature","properties":{"v":1.34},"geometry":{"type":"Polygon","coordinates":[[[-75.9503474167066,3.9500180684133133],[-75.90034718799251,3.9500180684133133],[-75.90034718799251,4.000018297127405],[-75.9503474167066,4.000018297127405],[-75.9503474167066,3.9500180684133133]]]}},{"type":"Feature","properties":{"v":1.34},"geometry":{"type":"Polygon","coordinates":[[[-75.90034718799251,3.9500180684133133],[-75.85034695927841,3.9500180684133133],[-75.85034695927841,4.000018297127405],[-75.90034718799251,4.000018297127405],[-75.90034718799251,3.9500180684133133]]]}},{"type":"Feature","properties":{"v":1.67},"geometry":{"type":"Polygon","coordinates":[[[-75.85034695927841,3.9500180684133133],[-75.80034673056433,3.9500180684133133],[-75.80034673056433,4.000018297127405],[-75.85034695927841,4.000018297127405],[-75.85034695927841,3.9500180684133133]]]}},{"type":"Feature","properties":{"v":1.67},"geometry":{"type":"Polygon","coordinates":[[[-75.80034673056433,3.9500180684133133],[-75.75034650185023,3.9500180684133133],[-75.75034650185023,4.000018297127405],[-75.80034673056433,4.000018297127405],[-75.80034673056433,3.9500180684133133]]]}},{"type":"Feature","properties":{"v":0.65},"geometry":{"type":"Polygon","coordinates":[[[-75.75034650185023,3.9500180684133133],[-75.70034627313613,3.9500180684133133],[-75.70034627313613,4.000018297127405],[-75.75034650185023,4.000018297127405],[-75.75034650185023,3.9500180684133133]]]}},{"type":"Feature","properties":{"v":0.65},"geometry":{"type":"Polygon","coordinates":[[[-75.70034627313613,3.9500180684133133],[-75.65034604442205,3.9500180684133133],[-75.65034604442205,4.000018297127405],[-75.70034627313613,4.000018297127405],[-75.70034627313613,3.9500180684133133]]]}},{"type":"Feature","properties":{"v":0.28},"geometry":{"type":"Polygon","coordinates":[[[-75.65034604442205,3.9500180684133133],[-75.60034581570795,3.9500180684133133],[-75.60034581570795,4.000018297127405],[-75.65034604442205,4.000018297127405],[-75.65034604442205,3.9500180684133133]]]}},{"type":"Feature","properties":{"v":0.28},"geometry":{"type":"Polygon","coordinates":[[[-75.60034581570795,3.9500180684133133],[-75.55034558699386,3.9500180684133133],[-75.55034558699386,4.000018297127405],[-75.60034581570795,4.000018297127405],[-75.60034581570795,3.9500180684133133]]]}},{"type":"Feature","properties":{"v":0.1},"geometry":{"type":"Polygon","coordinates":[[[-75.55034558699386,3.9500180684133133],[-75.50034535827977,3.9500180684133133],[-75.50034535827977,4.000018297127405],[-75.55034558699386,4.000018297127405],[-75.55034558699386,3.9500180684133133]]]}},{"type":"Feature","properties":{"v":0.1},"geometry":{"type":"Polygon","coordinates":[[[-75.50034535827977,3.9500180684133133],[-75.45034512956568,3.9500180684133133],[-75.45034512956568,4.000018297127405],[-75.50034535827977,4.000018297127405],[-75.50034535827977,3.9500180684133133]]]}},{"type":"Feature","properties":{"v":0.32},"geometry":{"type":"Polygon","coordinates":[[[-75.45034512956568,3.9500180684133133],[-75.40034490085158,3.9500180684133133],[-75.40034490085158,4.000018297127405],[-75.45034512956568,4.000018297127405],[-75.45034512956568,3.9500180684133133]]]}},{"type":"Feature","properties":{"v":0.32},"geometry":{"type":"Polygon","coordinates":[[[-75.40034490085158,3.9500180684133133],[-75.3503446721375,3.9500180684133133],[-75.3503446721375,4.000018297127405],[-75.40034490085158,4.000018297127405],[-75.40034490085158,3.9500180684133133]]]}},{"type":"Feature","properties":{"v":-0.22},"geometry":{"type":"Polygon","coordinates":[[[-75.3503446721375,3.9500180684133133],[-75.3003444434234,3.9500180684133133],[-75.3003444434234,4.000018297127405],[-75.3503446721375,4.000018297127405],[-75.3503446721375,3.9500180684133133]]]}},{"type":"Feature","properties":{"v":-0.22},"geometry":{"type":"Polygon","coordinates":[[[-75.3003444434234,3.9500180684133133],[-75.2503442147093,3.9500180684133133],[-75.2503442147093,4.000018297127405],[-75.3003444434234,4.000018297127405],[-75.3003444434234,3.9500180684133133]]]}},{"type":"Feature","properties":{"v":-0.3},"geometry":{"type":"Polygon","coordinates":[[[-75.2503442147093,3.9500180684133133],[-75.20034398599522,3.9500180684133133],[-75.20034398599522,4.000018297127405],[-75.2503442147093,4.000018297127405],[-75.2503442147093,3.9500180684133133]]]}},{"type":"Feature","properties":{"v":-0.3},"geometry":{"type":"Polygon","coordinates":[[[-75.20034398599522,3.9500180684133133],[-75.15034375728112,3.9500180684133133],[-75.15034375728112,4.000018297127405],[-75.20034398599522,4.000018297127405],[-75.20034398599522,3.9500180684133133]]]}},{"type":"Feature","properties":{"v":0.14},"geometry":{"type":"Polygon","coordinates":[[[-75.15034375728112,3.9500180684133133],[-75.10034352856702,3.9500180684133133],[-75.10034352856702,4.000018297127405],[-75.15034375728112,4.000018297127405],[-75.15034375728112,3.9500180684133133]]]}},{"type":"Feature","properties":{"v":1.62},"geometry":{"type":"Polygon","coordinates":[[[-77.250353363273,3.9000178396992204],[-77.20035313455891,3.9000178396992204],[-77.20035313455891,3.9500180684133133],[-77.250353363273,3.9500180684133133],[-77.250353363273,3.9000178396992204]]]}},{"type":"Feature","properties":{"v":1.62},"geometry":{"type":"Polygon","coordinates":[[[-77.20035313455891,3.9000178396992204],[-77.15035290584483,3.9000178396992204],[-77.15035290584483,3.9500180684133133],[-77.20035313455891,3.9500180684133133],[-77.20035313455891,3.9000178396992204]]]}},{"type":"Feature","properties":{"v":1.58},"geometry":{"type":"Polygon","coordinates":[[[-77.15035290584483,3.9000178396992204],[-77.10035267713073,3.9000178396992204],[-77.10035267713073,3.9500180684133133],[-77.15035290584483,3.9500180684133133],[-77.15035290584483,3.9000178396992204]]]}},{"type":"Feature","properties":{"v":1.58},"geometry":{"type":"Polygon","coordinates":[[[-77.10035267713073,3.9000178396992204],[-77.05035244841663,3.9000178396992204],[-77.05035244841663,3.9500180684133133],[-77.10035267713073,3.9500180684133133],[-77.10035267713073,3.9000178396992204]]]}},{"type":"Feature","properties":{"v":1.58},"geometry":{"type":"Polygon","coordinates":[[[-77.05035244841663,3.9000178396992204],[-77.00035221970255,3.9000178396992204],[-77.00035221970255,3.9500180684133133],[-77.05035244841663,3.9500180684133133],[-77.05035244841663,3.9000178396992204]]]}},{"type":"Feature","properties":{"v":1.58},"geometry":{"type":"Polygon","coordinates":[[[-77.00035221970255,3.9000178396992204],[-76.95035199098845,3.9000178396992204],[-76.95035199098845,3.9500180684133133],[-77.00035221970255,3.9500180684133133],[-77.00035221970255,3.9000178396992204]]]}},{"type":"Feature","properties":{"v":1.25},"geometry":{"type":"Polygon","coordinates":[[[-76.95035199098845,3.9000178396992204],[-76.90035176227435,3.9000178396992204],[-76.90035176227435,3.9500180684133133],[-76.95035199098845,3.9500180684133133],[-76.95035199098845,3.9000178396992204]]]}},{"type":"Feature","properties":{"v":1.25},"geometry":{"type":"Polygon","coordinates":[[[-76.90035176227435,3.9000178396992204],[-76.85035153356027,3.9000178396992204],[-76.85035153356027,3.9500180684133133],[-76.90035176227435,3.9500180684133133],[-76.90035176227435,3.9000178396992204]]]}},{"type":"Feature","properties":{"v":1.29},"geometry":{"type":"Polygon","coordinates":[[[-76.85035153356027,3.9000178396992204],[-76.80035130484617,3.9000178396992204],[-76.80035130484617,3.9500180684133133],[-76.85035153356027,3.9500180684133133],[-76.85035153356027,3.9000178396992204]]]}},{"type":"Feature","properties":{"v":1.29},"geometry":{"type":"Polygon","coordinates":[[[-76.80035130484617,3.9000178396992204],[-76.75035107613208,3.9000178396992204],[-76.75035107613208,3.9500180684133133],[-76.80035130484617,3.9500180684133133],[-76.80035130484617,3.9000178396992204]]]}},{"type":"Feature","properties":{"v":0.64},"geometry":{"type":"Polygon","coordinates":[[[-76.75035107613208,3.9000178396992204],[-76.700350847418,3.9000178396992204],[-76.700350847418,3.9500180684133133],[-76.75035107613208,3.9500180684133133],[-76.75035107613208,3.9000178396992204]]]}},{"type":"Feature","properties":{"v":0.64},"geometry":{"type":"Polygon","coordinates":[[[-76.700350847418,3.9000178396992204],[-76.6503506187039,3.9000178396992204],[-76.6503506187039,3.9500180684133133],[-76.700350847418,3.9500180684133133],[-76.700350847418,3.9000178396992204]]]}},{"type":"Feature","properties":{"v":0.93},"geometry":{"type":"Polygon","coordinates":[[[-76.6503506187039,3.9000178396992204],[-76.6003503899898,3.9000178396992204],[-76.6003503899898,3.9500180684133133],[-76.6503506187039,3.9500180684133133],[-76.6503506187039,3.9000178396992204]]]}},{"type":"Feature","properties":{"v":0.93},"geometry":{"type":"Polygon","coordinates":[[[-76.6003503899898,3.9000178396992204],[-76.55035016127572,3.9000178396992204],[-76.55035016127572,3.9500180684133133],[-76.6003503899898,3.9500180684133133],[-76.6003503899898,3.9000178396992204]]]}},{"type":"Feature","properties":{"v":1.13},"geometry":{"type":"Polygon","coordinates":[[[-76.55035016127572,3.9000178396992204],[-76.50034993256162,3.9000178396992204],[-76.50034993256162,3.9500180684133133],[-76.55035016127572,3.9500180684133133],[-76.55035016127572,3.9000178396992204]]]}},{"type":"Feature","properties":{"v":1.13},"geometry":{"type":"Polygon","coordinates":[[[-76.50034993256162,3.9000178396992204],[-76.45034970384752,3.9000178396992204],[-76.45034970384752,3.9500180684133133],[-76.50034993256162,3.9500180684133133],[-76.50034993256162,3.9000178396992204]]]}},{"type":"Feature","properties":{"v":0.59},"geometry":{"type":"Polygon","coordinates":[[[-76.45034970384752,3.9000178396992204],[-76.40034947513344,3.9000178396992204],[-76.40034947513344,3.9500180684133133],[-76.45034970384752,3.9500180684133133],[-76.45034970384752,3.9000178396992204]]]}},{"type":"Feature","properties":{"v":0.59},"geometry":{"type":"Polygon","coordinates":[[[-76.40034947513344,3.9000178396992204],[-76.35034924641934,3.9000178396992204],[-76.35034924641934,3.9500180684133133],[-76.40034947513344,3.9500180684133133],[-76.40034947513344,3.9000178396992204]]]}},{"type":"Feature","properties":{"v":0.33},"geometry":{"type":"Polygon","coordinates":[[[-76.35034924641934,3.9000178396992204],[-76.30034901770524,3.9000178396992204],[-76.30034901770524,3.9500180684133133],[-76.35034924641934,3.9500180684133133],[-76.35034924641934,3.9000178396992204]]]}},{"type":"Feature","properties":{"v":0.33},"geometry":{"type":"Polygon","coordinates":[[[-76.30034901770524,3.9000178396992204],[-76.25034878899116,3.9000178396992204],[-76.25034878899116,3.9500180684133133],[-76.30034901770524,3.9500180684133133],[-76.30034901770524,3.9000178396992204]]]}},{"type":"Feature","properties":{"v":1.46},"geometry":{"type":"Polygon","coordinates":[[[-76.25034878899116,3.9000178396992204],[-76.20034856027706,3.9000178396992204],[-76.20034856027706,3.9500180684133133],[-76.25034878899116,3.9500180684133133],[-76.25034878899116,3.9000178396992204]]]}},{"type":"Feature","properties":{"v":1.46},"geometry":{"type":"Polygon","coordinates":[[[-76.20034856027706,3.9000178396992204],[-76.15034833156297,3.9000178396992204],[-76.15034833156297,3.9500180684133133],[-76.20034856027706,3.9500180684133133],[-76.20034856027706,3.9000178396992204]]]}},{"type":"Feature","properties":{"v":1.48},"geometry":{"type":"Polygon","coordinates":[[[-76.15034833156297,3.9000178396992204],[-76.10034810284888,3.9000178396992204],[-76.10034810284888,3.9500180684133133],[-76.15034833156297,3.9500180684133133],[-76.15034833156297,3.9000178396992204]]]}},{"type":"Feature","properties":{"v":1.48},"geometry":{"type":"Polygon","coordinates":[[[-76.10034810284888,3.9000178396992204],[-76.05034787413479,3.9000178396992204],[-76.05034787413479,3.9500180684133133],[-76.10034810284888,3.9500180684133133],[-76.10034810284888,3.9000178396992204]]]}},{"type":"Feature","properties":{"v":0.68},"geometry":{"type":"Polygon","coordinates":[[[-76.05034787413479,3.9000178396992204],[-76.00034764542069,3.9000178396992204],[-76.00034764542069,3.9500180684133133],[-76.05034787413479,3.9500180684133133],[-76.05034787413479,3.9000178396992204]]]}},{"type":"Feature","properties":{"v":0.68},"geometry":{"type":"Polygon","coordinates":[[[-76.00034764542069,3.9000178396992204],[-75.9503474167066,3.9000178396992204],[-75.9503474167066,3.9500180684133133],[-76.00034764542069,3.9500180684133133],[-76.00034764542069,3.9000178396992204]]]}},{"type":"Feature","properties":{"v":0.5},"geometry":{"type":"Polygon","coordinates":[[[-75.9503474167066,3.9000178396992204],[-75.90034718799251,3.9000178396992204],[-75.90034718799251,3.9500180684133133],[-75.9503474167066,3.9500180684133133],[-75.9503474167066,3.9000178396992204]]]}},{"type":"Feature","properties":{"v":0.5},"geometry":{"type":"Polygon","coordinates":[[[-75.90034718799251,3.9000178396992204],[-75.85034695927841,3.9000178396992204],[-75.85034695927841,3.9500180684133133],[-75.90034718799251,3.9500180684133133],[-75.90034718799251,3.9000178396992204]]]}},{"type":"Feature","properties":{"v":2.16},"geometry":{"type":"Polygon","coordinates":[[[-75.85034695927841,3.9000178396992204],[-75.80034673056433,3.9000178396992204],[-75.80034673056433,3.9500180684133133],[-75.85034695927841,3.9500180684133133],[-75.85034695927841,3.9000178396992204]]]}},{"type":"Feature","properties":{"v":2.16},"geometry":{"type":"Polygon","coordinates":[[[-75.80034673056433,3.9000178396992204],[-75.75034650185023,3.9000178396992204],[-75.75034650185023,3.9500180684133133],[-75.80034673056433,3.9500180684133133],[-75.80034673056433,3.9000178396992204]]]}},{"type":"Feature","properties":{"v":1.29},"geometry":{"type":"Polygon","coordinates":[[[-75.75034650185023,3.9000178396992204],[-75.70034627313613,3.9000178396992204],[-75.70034627313613,3.9500180684133133],[-75.75034650185023,3.9500180684133133],[-75.75034650185023,3.9000178396992204]]]}},{"type":"Feature","properties":{"v":1.29},"geometry":{"type":"Polygon","coordinates":[[[-75.70034627313613,3.9000178396992204],[-75.65034604442205,3.9000178396992204],[-75.65034604442205,3.9500180684133133],[-75.70034627313613,3.9500180684133133],[-75.70034627313613,3.9000178396992204]]]}},{"type":"Feature","properties":{"v":-0.05},"geometry":{"type":"Polygon","coordinates":[[[-75.65034604442205,3.9000178396992204],[-75.60034581570795,3.9000178396992204],[-75.60034581570795,3.9500180684133133],[-75.65034604442205,3.9500180684133133],[-75.65034604442205,3.9000178396992204]]]}},{"type":"Feature","properties":{"v":-0.05},"geometry":{"type":"Polygon","coordinates":[[[-75.60034581570795,3.9000178396992204],[-75.55034558699386,3.9000178396992204],[-75.55034558699386,3.9500180684133133],[-75.60034581570795,3.9500180684133133],[-75.60034581570795,3.9000178396992204]]]}},{"type":"Feature","properties":{"v":-0.03},"geometry":{"type":"Polygon","coordinates":[[[-75.55034558699386,3.9000178396992204],[-75.50034535827977,3.9000178396992204],[-75.50034535827977,3.9500180684133133],[-75.55034558699386,3.9500180684133133],[-75.55034558699386,3.9000178396992204]]]}},{"type":"Feature","properties":{"v":-0.03},"geometry":{"type":"Polygon","coordinates":[[[-75.50034535827977,3.9000178396992204],[-75.45034512956568,3.9000178396992204],[-75.45034512956568,3.9500180684133133],[-75.50034535827977,3.9500180684133133],[-75.50034535827977,3.9000178396992204]]]}},{"type":"Feature","properties":{"v":0.39},"geometry":{"type":"Polygon","coordinates":[[[-75.45034512956568,3.9000178396992204],[-75.40034490085158,3.9000178396992204],[-75.40034490085158,3.9500180684133133],[-75.45034512956568,3.9500180684133133],[-75.45034512956568,3.9000178396992204]]]}},{"type":"Feature","properties":{"v":0.39},"geometry":{"type":"Polygon","coordinates":[[[-75.40034490085158,3.9000178396992204],[-75.3503446721375,3.9000178396992204],[-75.3503446721375,3.9500180684133133],[-75.40034490085158,3.9500180684133133],[-75.40034490085158,3.9000178396992204]]]}},{"type":"Feature","properties":{"v":-0.05},"geometry":{"type":"Polygon","coordinates":[[[-75.3503446721375,3.9000178396992204],[-75.3003444434234,3.9000178396992204],[-75.3003444434234,3.9500180684133133],[-75.3503446721375,3.9500180684133133],[-75.3503446721375,3.9000178396992204]]]}},{"type":"Feature","properties":{"v":-0.05},"geometry":{"type":"Polygon","coordinates":[[[-75.3003444434234,3.9000178396992204],[-75.2503442147093,3.9000178396992204],[-75.2503442147093,3.9500180684133133],[-75.3003444434234,3.9500180684133133],[-75.3003444434234,3.9000178396992204]]]}},{"type":"Feature","properties":{"v":-1.03},"geometry":{"type":"Polygon","coordinates":[[[-75.2503442147093,3.9000178396992204],[-75.20034398599522,3.9000178396992204],[-75.20034398599522,3.9500180684133133],[-75.2503442147093,3.9500180684133133],[-75.2503442147093,3.9000178396992204]]]}},{"type":"Feature","properties":{"v":-1.03},"geometry":{"type":"Polygon","coordinates":[[[-75.20034398599522,3.9000178396992204],[-75.15034375728112,3.9000178396992204],[-75.15034375728112,3.9500180684133133],[-75.20034398599522,3.9500180684133133],[-75.20034398599522,3.9000178396992204]]]}},{"type":"Feature","properties":{"v":-0.02},"geometry":{"type":"Polygon","coordinates":[[[-75.15034375728112,3.9000178396992204],[-75.10034352856702,3.9000178396992204],[-75.10034352856702,3.9500180684133133],[-75.15034375728112,3.9500180684133133],[-75.15034375728112,3.9000178396992204]]]}},{"type":"Feature","properties":{"v":1.62},"geometry":{"type":"Polygon","coordinates":[[[-77.250353363273,3.8500176109851276],[-77.20035313455891,3.8500176109851276],[-77.20035313455891,3.9000178396992204],[-77.250353363273,3.9000178396992204],[-77.250353363273,3.8500176109851276]]]}},{"type":"Feature","properties":{"v":1.62},"geometry":{"type":"Polygon","coordinates":[[[-77.20035313455891,3.8500176109851276],[-77.15035290584483,3.8500176109851276],[-77.15035290584483,3.9000178396992204],[-77.20035313455891,3.9000178396992204],[-77.20035313455891,3.8500176109851276]]]}},{"type":"Feature","properties":{"v":1.58},"geometry":{"type":"Polygon","coordinates":[[[-77.15035290584483,3.8500176109851276],[-77.10035267713073,3.8500176109851276],[-77.10035267713073,3.9000178396992204],[-77.15035290584483,3.9000178396992204],[-77.15035290584483,3.8500176109851276]]]}},{"type":"Feature","properties":{"v":1.58},"geometry":{"type":"Polygon","coordinates":[[[-77.10035267713073,3.8500176109851276],[-77.05035244841663,3.8500176109851276],[-77.05035244841663,3.9000178396992204],[-77.10035267713073,3.9000178396992204],[-77.10035267713073,3.8500176109851276]]]}},{"type":"Feature","properties":{"v":1.58},"geometry":{"type":"Polygon","coordinates":[[[-77.05035244841663,3.8500176109851276],[-77.00035221970255,3.8500176109851276],[-77.00035221970255,3.9000178396992204],[-77.05035244841663,3.9000178396992204],[-77.05035244841663,3.8500176109851276]]]}},{"type":"Feature","properties":{"v":1.58},"geometry":{"type":"Polygon","coordinates":[[[-77.00035221970255,3.8500176109851276],[-76.95035199098845,3.8500176109851276],[-76.95035199098845,3.9000178396992204],[-77.00035221970255,3.9000178396992204],[-77.00035221970255,3.8500176109851276]]]}},{"type":"Feature","properties":{"v":1.25},"geometry":{"type":"Polygon","coordinates":[[[-76.95035199098845,3.8500176109851276],[-76.90035176227435,3.8500176109851276],[-76.90035176227435,3.9000178396992204],[-76.95035199098845,3.9000178396992204],[-76.95035199098845,3.8500176109851276]]]}},{"type":"Feature","properties":{"v":1.25},"geometry":{"type":"Polygon","coordinates":[[[-76.90035176227435,3.8500176109851276],[-76.85035153356027,3.8500176109851276],[-76.85035153356027,3.9000178396992204],[-76.90035176227435,3.9000178396992204],[-76.90035176227435,3.8500176109851276]]]}},{"type":"Feature","properties":{"v":1.29},"geometry":{"type":"Polygon","coordinates":[[[-76.85035153356027,3.8500176109851276],[-76.80035130484617,3.8500176109851276],[-76.80035130484617,3.9000178396992204],[-76.85035153356027,3.9000178396992204],[-76.85035153356027,3.8500176109851276]]]}},{"type":"Feature","properties":{"v":1.29},"geometry":{"type":"Polygon","coordinates":[[[-76.80035130484617,3.8500176109851276],[-76.75035107613208,3.8500176109851276],[-76.75035107613208,3.9000178396992204],[-76.80035130484617,3.9000178396992204],[-76.80035130484617,3.8500176109851276]]]}},{"type":"Feature","properties":{"v":0.64},"geometry":{"type":"Polygon","coordinates":[[[-76.75035107613208,3.8500176109851276],[-76.700350847418,3.8500176109851276],[-76.700350847418,3.9000178396992204],[-76.75035107613208,3.9000178396992204],[-76.75035107613208,3.8500176109851276]]]}},{"type":"Feature","properties":{"v":0.64},"geometry":{"type":"Polygon","coordinates":[[[-76.700350847418,3.8500176109851276],[-76.6503506187039,3.8500176109851276],[-76.6503506187039,3.9000178396992204],[-76.700350847418,3.9000178396992204],[-76.700350847418,3.8500176109851276]]]}},{"type":"Feature","properties":{"v":0.93},"geometry":{"type":"Polygon","coordinates":[[[-76.6503506187039,3.8500176109851276],[-76.6003503899898,3.8500176109851276],[-76.6003503899898,3.9000178396992204],[-76.6503506187039,3.9000178396992204],[-76.6503506187039,3.8500176109851276]]]}},{"type":"Feature","properties":{"v":0.93},"geometry":{"type":"Polygon","coordinates":[[[-76.6003503899898,3.8500176109851276],[-76.55035016127572,3.8500176109851276],[-76.55035016127572,3.9000178396992204],[-76.6003503899898,3.9000178396992204],[-76.6003503899898,3.8500176109851276]]]}},{"type":"Feature","properties":{"v":1.13},"geometry":{"type":"Polygon","coordinates":[[[-76.55035016127572,3.8500176109851276],[-76.50034993256162,3.8500176109851276],[-76.50034993256162,3.9000178396992204],[-76.55035016127572,3.9000178396992204],[-76.55035016127572,3.8500176109851276]]]}},{"type":"Feature","properties":{"v":1.13},"geometry":{"type":"Polygon","coordinates":[[[-76.50034993256162,3.8500176109851276],[-76.45034970384752,3.8500176109851276],[-76.45034970384752,3.9000178396992204],[-76.50034993256162,3.9000178396992204],[-76.50034993256162,3.8500176109851276]]]}},{"type":"Feature","properties":{"v":0.59},"geometry":{"type":"Polygon","coordinates":[[[-76.45034970384752,3.8500176109851276],[-76.40034947513344,3.8500176109851276],[-76.40034947513344,3.9000178396992204],[-76.45034970384752,3.9000178396992204],[-76.45034970384752,3.8500176109851276]]]}},{"type":"Feature","properties":{"v":0.59},"geometry":{"type":"Polygon","coordinates":[[[-76.40034947513344,3.8500176109851276],[-76.35034924641934,3.8500176109851276],[-76.35034924641934,3.9000178396992204],[-76.40034947513344,3.9000178396992204],[-76.40034947513344,3.8500176109851276]]]}},{"type":"Feature","properties":{"v":0.33},"geometry":{"type":"Polygon","coordinates":[[[-76.35034924641934,3.8500176109851276],[-76.30034901770524,3.8500176109851276],[-76.30034901770524,3.9000178396992204],[-76.35034924641934,3.9000178396992204],[-76.35034924641934,3.8500176109851276]]]}},{"type":"Feature","properties":{"v":0.33},"geometry":{"type":"Polygon","coordinates":[[[-76.30034901770524,3.8500176109851276],[-76.25034878899116,3.8500176109851276],[-76.25034878899116,3.9000178396992204],[-76.30034901770524,3.9000178396992204],[-76.30034901770524,3.8500176109851276]]]}},{"type":"Feature","properties":{"v":1.46},"geometry":{"type":"Polygon","coordinates":[[[-76.25034878899116,3.8500176109851276],[-76.20034856027706,3.8500176109851276],[-76.20034856027706,3.9000178396992204],[-76.25034878899116,3.9000178396992204],[-76.25034878899116,3.8500176109851276]]]}},{"type":"Feature","properties":{"v":1.46},"geometry":{"type":"Polygon","coordinates":[[[-76.20034856027706,3.8500176109851276],[-76.15034833156297,3.8500176109851276],[-76.15034833156297,3.9000178396992204],[-76.20034856027706,3.9000178396992204],[-76.20034856027706,3.8500176109851276]]]}},{"type":"Feature","properties":{"v":1.48},"geometry":{"type":"Polygon","coordinates":[[[-76.15034833156297,3.8500176109851276],[-76.10034810284888,3.8500176109851276],[-76.10034810284888,3.9000178396992204],[-76.15034833156297,3.9000178396992204],[-76.15034833156297,3.8500176109851276]]]}},{"type":"Feature","properties":{"v":1.48},"geometry":{"type":"Polygon","coordinates":[[[-76.10034810284888,3.8500176109851276],[-76.05034787413479,3.8500176109851276],[-76.05034787413479,3.9000178396992204],[-76.10034810284888,3.9000178396992204],[-76.10034810284888,3.8500176109851276]]]}},{"type":"Feature","properties":{"v":0.68},"geometry":{"type":"Polygon","coordinates":[[[-76.05034787413479,3.8500176109851276],[-76.00034764542069,3.8500176109851276],[-76.00034764542069,3.9000178396992204],[-76.05034787413479,3.9000178396992204],[-76.05034787413479,3.8500176109851276]]]}},{"type":"Feature","properties":{"v":0.68},"geometry":{"type":"Polygon","coordinates":[[[-76.00034764542069,3.8500176109851276],[-75.9503474167066,3.8500176109851276],[-75.9503474167066,3.9000178396992204],[-76.00034764542069,3.9000178396992204],[-76.00034764542069,3.8500176109851276]]]}},{"type":"Feature","properties":{"v":0.5},"geometry":{"type":"Polygon","coordinates":[[[-75.9503474167066,3.8500176109851276],[-75.90034718799251,3.8500176109851276],[-75.90034718799251,3.9000178396992204],[-75.9503474167066,3.9000178396992204],[-75.9503474167066,3.8500176109851276]]]}},{"type":"Feature","properties":{"v":0.5},"geometry":{"type":"Polygon","coordinates":[[[-75.90034718799251,3.8500176109851276],[-75.85034695927841,3.8500176109851276],[-75.85034695927841,3.9000178396992204],[-75.90034718799251,3.9000178396992204],[-75.90034718799251,3.8500176109851276]]]}},{"type":"Feature","properties":{"v":2.16},"geometry":{"type":"Polygon","coordinates":[[[-75.85034695927841,3.8500176109851276],[-75.80034673056433,3.8500176109851276],[-75.80034673056433,3.9000178396992204],[-75.85034695927841,3.9000178396992204],[-75.85034695927841,3.8500176109851276]]]}},{"type":"Feature","properties":{"v":2.16},"geometry":{"type":"Polygon","coordinates":[[[-75.80034673056433,3.8500176109851276],[-75.75034650185023,3.8500176109851276],[-75.75034650185023,3.9000178396992204],[-75.80034673056433,3.9000178396992204],[-75.80034673056433,3.8500176109851276]]]}},{"type":"Feature","properties":{"v":1.29},"geometry":{"type":"Polygon","coordinates":[[[-75.75034650185023,3.8500176109851276],[-75.70034627313613,3.8500176109851276],[-75.70034627313613,3.9000178396992204],[-75.75034650185023,3.9000178396992204],[-75.75034650185023,3.8500176109851276]]]}},{"type":"Feature","properties":{"v":1.29},"geometry":{"type":"Polygon","coordinates":[[[-75.70034627313613,3.8500176109851276],[-75.65034604442205,3.8500176109851276],[-75.65034604442205,3.9000178396992204],[-75.70034627313613,3.9000178396992204],[-75.70034627313613,3.8500176109851276]]]}},{"type":"Feature","properties":{"v":-0.05},"geometry":{"type":"Polygon","coordinates":[[[-75.65034604442205,3.8500176109851276],[-75.60034581570795,3.8500176109851276],[-75.60034581570795,3.9000178396992204],[-75.65034604442205,3.9000178396992204],[-75.65034604442205,3.8500176109851276]]]}},{"type":"Feature","properties":{"v":-0.05},"geometry":{"type":"Polygon","coordinates":[[[-75.60034581570795,3.8500176109851276],[-75.55034558699386,3.8500176109851276],[-75.55034558699386,3.9000178396992204],[-75.60034581570795,3.9000178396992204],[-75.60034581570795,3.8500176109851276]]]}},{"type":"Feature","properties":{"v":-0.03},"geometry":{"type":"Polygon","coordinates":[[[-75.55034558699386,3.8500176109851276],[-75.50034535827977,3.8500176109851276],[-75.50034535827977,3.9000178396992204],[-75.55034558699386,3.9000178396992204],[-75.55034558699386,3.8500176109851276]]]}},{"type":"Feature","properties":{"v":-0.03},"geometry":{"type":"Polygon","coordinates":[[[-75.50034535827977,3.8500176109851276],[-75.45034512956568,3.8500176109851276],[-75.45034512956568,3.9000178396992204],[-75.50034535827977,3.9000178396992204],[-75.50034535827977,3.8500176109851276]]]}},{"type":"Feature","properties":{"v":0.39},"geometry":{"type":"Polygon","coordinates":[[[-75.45034512956568,3.8500176109851276],[-75.40034490085158,3.8500176109851276],[-75.40034490085158,3.9000178396992204],[-75.45034512956568,3.9000178396992204],[-75.45034512956568,3.8500176109851276]]]}},{"type":"Feature","properties":{"v":0.39},"geometry":{"type":"Polygon","coordinates":[[[-75.40034490085158,3.8500176109851276],[-75.3503446721375,3.8500176109851276],[-75.3503446721375,3.9000178396992204],[-75.40034490085158,3.9000178396992204],[-75.40034490085158,3.8500176109851276]]]}},{"type":"Feature","properties":{"v":-0.05},"geometry":{"type":"Polygon","coordinates":[[[-75.3503446721375,3.8500176109851276],[-75.3003444434234,3.8500176109851276],[-75.3003444434234,3.9000178396992204],[-75.3503446721375,3.9000178396992204],[-75.3503446721375,3.8500176109851276]]]}},{"type":"Feature","properties":{"v":-0.05},"geometry":{"type":"Polygon","coordinates":[[[-75.3003444434234,3.8500176109851276],[-75.2503442147093,3.8500176109851276],[-75.2503442147093,3.9000178396992204],[-75.3003444434234,3.9000178396992204],[-75.3003444434234,3.8500176109851276]]]}},{"type":"Feature","properties":{"v":-1.03},"geometry":{"type":"Polygon","coordinates":[[[-75.2503442147093,3.8500176109851276],[-75.20034398599522,3.8500176109851276],[-75.20034398599522,3.9000178396992204],[-75.2503442147093,3.9000178396992204],[-75.2503442147093,3.8500176109851276]]]}},{"type":"Feature","properties":{"v":-1.03},"geometry":{"type":"Polygon","coordinates":[[[-75.20034398599522,3.8500176109851276],[-75.15034375728112,3.8500176109851276],[-75.15034375728112,3.9000178396992204],[-75.20034398599522,3.9000178396992204],[-75.20034398599522,3.8500176109851276]]]}},{"type":"Feature","properties":{"v":-0.02},"geometry":{"type":"Polygon","coordinates":[[[-75.15034375728112,3.8500176109851276],[-75.10034352856702,3.8500176109851276],[-75.10034352856702,3.9000178396992204],[-75.15034375728112,3.9000178396992204],[-75.15034375728112,3.8500176109851276]]]}},{"type":"Feature","properties":{"v":1.54},"geometry":{"type":"Polygon","coordinates":[[[-77.05035244841663,3.8000173822710352],[-77.00035221970255,3.8000173822710352],[-77.00035221970255,3.8500176109851276],[-77.05035244841663,3.8500176109851276],[-77.05035244841663,3.8000173822710352]]]}},{"type":"Feature","properties":{"v":1.54},"geometry":{"type":"Polygon","coordinates":[[[-77.00035221970255,3.8000173822710352],[-76.95035199098845,3.8000173822710352],[-76.95035199098845,3.8500176109851276],[-77.00035221970255,3.8500176109851276],[-77.00035221970255,3.8000173822710352]]]}},{"type":"Feature","properties":{"v":1.45},"geometry":{"type":"Polygon","coordinates":[[[-76.95035199098845,3.8000173822710352],[-76.90035176227435,3.8000173822710352],[-76.90035176227435,3.8500176109851276],[-76.95035199098845,3.8500176109851276],[-76.95035199098845,3.8000173822710352]]]}},{"type":"Feature","properties":{"v":1.45},"geometry":{"type":"Polygon","coordinates":[[[-76.90035176227435,3.8000173822710352],[-76.85035153356027,3.8000173822710352],[-76.85035153356027,3.8500176109851276],[-76.90035176227435,3.8500176109851276],[-76.90035176227435,3.8000173822710352]]]}},{"type":"Feature","properties":{"v":1.48},"geometry":{"type":"Polygon","coordinates":[[[-76.85035153356027,3.8000173822710352],[-76.80035130484617,3.8000173822710352],[-76.80035130484617,3.8500176109851276],[-76.85035153356027,3.8500176109851276],[-76.85035153356027,3.8000173822710352]]]}},{"type":"Feature","properties":{"v":1.48},"geometry":{"type":"Polygon","coordinates":[[[-76.80035130484617,3.8000173822710352],[-76.75035107613208,3.8000173822710352],[-76.75035107613208,3.8500176109851276],[-76.80035130484617,3.8500176109851276],[-76.80035130484617,3.8000173822710352]]]}},{"type":"Feature","properties":{"v":1.38},"geometry":{"type":"Polygon","coordinates":[[[-76.75035107613208,3.8000173822710352],[-76.700350847418,3.8000173822710352],[-76.700350847418,3.8500176109851276],[-76.75035107613208,3.8500176109851276],[-76.75035107613208,3.8000173822710352]]]}},{"type":"Feature","properties":{"v":1.38},"geometry":{"type":"Polygon","coordinates":[[[-76.700350847418,3.8000173822710352],[-76.6503506187039,3.8000173822710352],[-76.6503506187039,3.8500176109851276],[-76.700350847418,3.8500176109851276],[-76.700350847418,3.8000173822710352]]]}},{"type":"Feature","properties":{"v":1.14},"geometry":{"type":"Polygon","coordinates":[[[-76.6503506187039,3.8000173822710352],[-76.6003503899898,3.8000173822710352],[-76.6003503899898,3.8500176109851276],[-76.6503506187039,3.8500176109851276],[-76.6503506187039,3.8000173822710352]]]}},{"type":"Feature","properties":{"v":1.14},"geometry":{"type":"Polygon","coordinates":[[[-76.6003503899898,3.8000173822710352],[-76.55035016127572,3.8000173822710352],[-76.55035016127572,3.8500176109851276],[-76.6003503899898,3.8500176109851276],[-76.6003503899898,3.8000173822710352]]]}},{"type":"Feature","properties":{"v":1.23},"geometry":{"type":"Polygon","coordinates":[[[-76.55035016127572,3.8000173822710352],[-76.50034993256162,3.8000173822710352],[-76.50034993256162,3.8500176109851276],[-76.55035016127572,3.8500176109851276],[-76.55035016127572,3.8000173822710352]]]}},{"type":"Feature","properties":{"v":1.23},"geometry":{"type":"Polygon","coordinates":[[[-76.50034993256162,3.8000173822710352],[-76.45034970384752,3.8000173822710352],[-76.45034970384752,3.8500176109851276],[-76.50034993256162,3.8500176109851276],[-76.50034993256162,3.8000173822710352]]]}},{"type":"Feature","properties":{"v":1.07},"geometry":{"type":"Polygon","coordinates":[[[-76.45034970384752,3.8000173822710352],[-76.40034947513344,3.8000173822710352],[-76.40034947513344,3.8500176109851276],[-76.45034970384752,3.8500176109851276],[-76.45034970384752,3.8000173822710352]]]}},{"type":"Feature","properties":{"v":1.07},"geometry":{"type":"Polygon","coordinates":[[[-76.40034947513344,3.8000173822710352],[-76.35034924641934,3.8000173822710352],[-76.35034924641934,3.8500176109851276],[-76.40034947513344,3.8500176109851276],[-76.40034947513344,3.8000173822710352]]]}},{"type":"Feature","properties":{"v":1.35},"geometry":{"type":"Polygon","coordinates":[[[-76.35034924641934,3.8000173822710352],[-76.30034901770524,3.8000173822710352],[-76.30034901770524,3.8500176109851276],[-76.35034924641934,3.8500176109851276],[-76.35034924641934,3.8000173822710352]]]}},{"type":"Feature","properties":{"v":1.35},"geometry":{"type":"Polygon","coordinates":[[[-76.30034901770524,3.8000173822710352],[-76.25034878899116,3.8000173822710352],[-76.25034878899116,3.8500176109851276],[-76.30034901770524,3.8500176109851276],[-76.30034901770524,3.8000173822710352]]]}},{"type":"Feature","properties":{"v":0.96},"geometry":{"type":"Polygon","coordinates":[[[-76.25034878899116,3.8000173822710352],[-76.20034856027706,3.8000173822710352],[-76.20034856027706,3.8500176109851276],[-76.25034878899116,3.8500176109851276],[-76.25034878899116,3.8000173822710352]]]}},{"type":"Feature","properties":{"v":0.96},"geometry":{"type":"Polygon","coordinates":[[[-76.20034856027706,3.8000173822710352],[-76.15034833156297,3.8000173822710352],[-76.15034833156297,3.8500176109851276],[-76.20034856027706,3.8500176109851276],[-76.20034856027706,3.8000173822710352]]]}},{"type":"Feature","properties":{"v":0.64},"geometry":{"type":"Polygon","coordinates":[[[-76.15034833156297,3.8000173822710352],[-76.10034810284888,3.8000173822710352],[-76.10034810284888,3.8500176109851276],[-76.15034833156297,3.8500176109851276],[-76.15034833156297,3.8000173822710352]]]}},{"type":"Feature","properties":{"v":0.64},"geometry":{"type":"Polygon","coordinates":[[[-76.10034810284888,3.8000173822710352],[-76.05034787413479,3.8000173822710352],[-76.05034787413479,3.8500176109851276],[-76.10034810284888,3.8500176109851276],[-76.10034810284888,3.8000173822710352]]]}},{"type":"Feature","properties":{"v":-0.1},"geometry":{"type":"Polygon","coordinates":[[[-76.05034787413479,3.8000173822710352],[-76.00034764542069,3.8000173822710352],[-76.00034764542069,3.8500176109851276],[-76.05034787413479,3.8500176109851276],[-76.05034787413479,3.8000173822710352]]]}},{"type":"Feature","properties":{"v":-0.1},"geometry":{"type":"Polygon","coordinates":[[[-76.00034764542069,3.8000173822710352],[-75.9503474167066,3.8000173822710352],[-75.9503474167066,3.8500176109851276],[-76.00034764542069,3.8500176109851276],[-76.00034764542069,3.8000173822710352]]]}},{"type":"Feature","properties":{"v":0.07},"geometry":{"type":"Polygon","coordinates":[[[-75.9503474167066,3.8000173822710352],[-75.90034718799251,3.8000173822710352],[-75.90034718799251,3.8500176109851276],[-75.9503474167066,3.8500176109851276],[-75.9503474167066,3.8000173822710352]]]}},{"type":"Feature","properties":{"v":0.07},"geometry":{"type":"Polygon","coordinates":[[[-75.90034718799251,3.8000173822710352],[-75.85034695927841,3.8000173822710352],[-75.85034695927841,3.8500176109851276],[-75.90034718799251,3.8500176109851276],[-75.90034718799251,3.8000173822710352]]]}},{"type":"Feature","properties":{"v":0.46},"geometry":{"type":"Polygon","coordinates":[[[-75.85034695927841,3.8000173822710352],[-75.80034673056433,3.8000173822710352],[-75.80034673056433,3.8500176109851276],[-75.85034695927841,3.8500176109851276],[-75.85034695927841,3.8000173822710352]]]}},{"type":"Feature","properties":{"v":0.46},"geometry":{"type":"Polygon","coordinates":[[[-75.80034673056433,3.8000173822710352],[-75.75034650185023,3.8000173822710352],[-75.75034650185023,3.8500176109851276],[-75.80034673056433,3.8500176109851276],[-75.80034673056433,3.8000173822710352]]]}},{"type":"Feature","properties":{"v":0.48},"geometry":{"type":"Polygon","coordinates":[[[-75.75034650185023,3.8000173822710352],[-75.70034627313613,3.8000173822710352],[-75.70034627313613,3.8500176109851276],[-75.75034650185023,3.8500176109851276],[-75.75034650185023,3.8000173822710352]]]}},{"type":"Feature","properties":{"v":0.48},"geometry":{"type":"Polygon","coordinates":[[[-75.70034627313613,3.8000173822710352],[-75.65034604442205,3.8000173822710352],[-75.65034604442205,3.8500176109851276],[-75.70034627313613,3.8500176109851276],[-75.70034627313613,3.8000173822710352]]]}},{"type":"Feature","properties":{"v":0.26},"geometry":{"type":"Polygon","coordinates":[[[-75.65034604442205,3.8000173822710352],[-75.60034581570795,3.8000173822710352],[-75.60034581570795,3.8500176109851276],[-75.65034604442205,3.8500176109851276],[-75.65034604442205,3.8000173822710352]]]}},{"type":"Feature","properties":{"v":0.26},"geometry":{"type":"Polygon","coordinates":[[[-75.60034581570795,3.8000173822710352],[-75.55034558699386,3.8000173822710352],[-75.55034558699386,3.8500176109851276],[-75.60034581570795,3.8500176109851276],[-75.60034581570795,3.8000173822710352]]]}},{"type":"Feature","properties":{"v":0.2},"geometry":{"type":"Polygon","coordinates":[[[-75.55034558699386,3.8000173822710352],[-75.50034535827977,3.8000173822710352],[-75.50034535827977,3.8500176109851276],[-75.55034558699386,3.8500176109851276],[-75.55034558699386,3.8000173822710352]]]}},{"type":"Feature","properties":{"v":0.2},"geometry":{"type":"Polygon","coordinates":[[[-75.50034535827977,3.8000173822710352],[-75.45034512956568,3.8000173822710352],[-75.45034512956568,3.8500176109851276],[-75.50034535827977,3.8500176109851276],[-75.50034535827977,3.8000173822710352]]]}},{"type":"Feature","properties":{"v":0.4},"geometry":{"type":"Polygon","coordinates":[[[-75.45034512956568,3.8000173822710352],[-75.40034490085158,3.8000173822710352],[-75.40034490085158,3.8500176109851276],[-75.45034512956568,3.8500176109851276],[-75.45034512956568,3.8000173822710352]]]}},{"type":"Feature","properties":{"v":0.4},"geometry":{"type":"Polygon","coordinates":[[[-75.40034490085158,3.8000173822710352],[-75.3503446721375,3.8000173822710352],[-75.3503446721375,3.8500176109851276],[-75.40034490085158,3.8500176109851276],[-75.40034490085158,3.8000173822710352]]]}},{"type":"Feature","properties":{"v":-0.12},"geometry":{"type":"Polygon","coordinates":[[[-75.3503446721375,3.8000173822710352],[-75.3003444434234,3.8000173822710352],[-75.3003444434234,3.8500176109851276],[-75.3503446721375,3.8500176109851276],[-75.3503446721375,3.8000173822710352]]]}},{"type":"Feature","properties":{"v":-0.12},"geometry":{"type":"Polygon","coordinates":[[[-75.3003444434234,3.8000173822710352],[-75.2503442147093,3.8000173822710352],[-75.2503442147093,3.8500176109851276],[-75.3003444434234,3.8500176109851276],[-75.3003444434234,3.8000173822710352]]]}},{"type":"Feature","properties":{"v":-0.09},"geometry":{"type":"Polygon","coordinates":[[[-75.2503442147093,3.8000173822710352],[-75.20034398599522,3.8000173822710352],[-75.20034398599522,3.8500176109851276],[-75.2503442147093,3.8500176109851276],[-75.2503442147093,3.8000173822710352]]]}},{"type":"Feature","properties":{"v":-0.09},"geometry":{"type":"Polygon","coordinates":[[[-75.20034398599522,3.8000173822710352],[-75.15034375728112,3.8000173822710352],[-75.15034375728112,3.8500176109851276],[-75.20034398599522,3.8500176109851276],[-75.20034398599522,3.8000173822710352]]]}},{"type":"Feature","properties":{"v":-0.33},"geometry":{"type":"Polygon","coordinates":[[[-75.15034375728112,3.8000173822710352],[-75.10034352856702,3.8000173822710352],[-75.10034352856702,3.8500176109851276],[-75.15034375728112,3.8500176109851276],[-75.15034375728112,3.8000173822710352]]]}},{"type":"Feature","properties":{"v":1.54},"geometry":{"type":"Polygon","coordinates":[[[-77.05035244841663,3.750017153556943],[-77.00035221970255,3.750017153556943],[-77.00035221970255,3.8000173822710352],[-77.05035244841663,3.8000173822710352],[-77.05035244841663,3.750017153556943]]]}},{"type":"Feature","properties":{"v":1.54},"geometry":{"type":"Polygon","coordinates":[[[-77.00035221970255,3.750017153556943],[-76.95035199098845,3.750017153556943],[-76.95035199098845,3.8000173822710352],[-77.00035221970255,3.8000173822710352],[-77.00035221970255,3.750017153556943]]]}},{"type":"Feature","properties":{"v":1.45},"geometry":{"type":"Polygon","coordinates":[[[-76.95035199098845,3.750017153556943],[-76.90035176227435,3.750017153556943],[-76.90035176227435,3.8000173822710352],[-76.95035199098845,3.8000173822710352],[-76.95035199098845,3.750017153556943]]]}},{"type":"Feature","properties":{"v":1.45},"geometry":{"type":"Polygon","coordinates":[[[-76.90035176227435,3.750017153556943],[-76.85035153356027,3.750017153556943],[-76.85035153356027,3.8000173822710352],[-76.90035176227435,3.8000173822710352],[-76.90035176227435,3.750017153556943]]]}},{"type":"Feature","properties":{"v":1.48},"geometry":{"type":"Polygon","coordinates":[[[-76.85035153356027,3.750017153556943],[-76.80035130484617,3.750017153556943],[-76.80035130484617,3.8000173822710352],[-76.85035153356027,3.8000173822710352],[-76.85035153356027,3.750017153556943]]]}},{"type":"Feature","properties":{"v":1.48},"geometry":{"type":"Polygon","coordinates":[[[-76.80035130484617,3.750017153556943],[-76.75035107613208,3.750017153556943],[-76.75035107613208,3.8000173822710352],[-76.80035130484617,3.8000173822710352],[-76.80035130484617,3.750017153556943]]]}},{"type":"Feature","properties":{"v":1.38},"geometry":{"type":"Polygon","coordinates":[[[-76.75035107613208,3.750017153556943],[-76.700350847418,3.750017153556943],[-76.700350847418,3.8000173822710352],[-76.75035107613208,3.8000173822710352],[-76.75035107613208,3.750017153556943]]]}},{"type":"Feature","properties":{"v":1.38},"geometry":{"type":"Polygon","coordinates":[[[-76.700350847418,3.750017153556943],[-76.6503506187039,3.750017153556943],[-76.6503506187039,3.8000173822710352],[-76.700350847418,3.8000173822710352],[-76.700350847418,3.750017153556943]]]}},{"type":"Feature","properties":{"v":1.14},"geometry":{"type":"Polygon","coordinates":[[[-76.6503506187039,3.750017153556943],[-76.6003503899898,3.750017153556943],[-76.6003503899898,3.8000173822710352],[-76.6503506187039,3.8000173822710352],[-76.6503506187039,3.750017153556943]]]}},{"type":"Feature","properties":{"v":1.14},"geometry":{"type":"Polygon","coordinates":[[[-76.6003503899898,3.750017153556943],[-76.55035016127572,3.750017153556943],[-76.55035016127572,3.8000173822710352],[-76.6003503899898,3.8000173822710352],[-76.6003503899898,3.750017153556943]]]}},{"type":"Feature","properties":{"v":1.23},"geometry":{"type":"Polygon","coordinates":[[[-76.55035016127572,3.750017153556943],[-76.50034993256162,3.750017153556943],[-76.50034993256162,3.8000173822710352],[-76.55035016127572,3.8000173822710352],[-76.55035016127572,3.750017153556943]]]}},{"type":"Feature","properties":{"v":1.23},"geometry":{"type":"Polygon","coordinates":[[[-76.50034993256162,3.750017153556943],[-76.45034970384752,3.750017153556943],[-76.45034970384752,3.8000173822710352],[-76.50034993256162,3.8000173822710352],[-76.50034993256162,3.750017153556943]]]}},{"type":"Feature","properties":{"v":1.07},"geometry":{"type":"Polygon","coordinates":[[[-76.45034970384752,3.750017153556943],[-76.40034947513344,3.750017153556943],[-76.40034947513344,3.8000173822710352],[-76.45034970384752,3.8000173822710352],[-76.45034970384752,3.750017153556943]]]}},{"type":"Feature","properties":{"v":1.07},"geometry":{"type":"Polygon","coordinates":[[[-76.40034947513344,3.750017153556943],[-76.35034924641934,3.750017153556943],[-76.35034924641934,3.8000173822710352],[-76.40034947513344,3.8000173822710352],[-76.40034947513344,3.750017153556943]]]}},{"type":"Feature","properties":{"v":1.35},"geometry":{"type":"Polygon","coordinates":[[[-76.35034924641934,3.750017153556943],[-76.30034901770524,3.750017153556943],[-76.30034901770524,3.8000173822710352],[-76.35034924641934,3.8000173822710352],[-76.35034924641934,3.750017153556943]]]}},{"type":"Feature","properties":{"v":1.35},"geometry":{"type":"Polygon","coordinates":[[[-76.30034901770524,3.750017153556943],[-76.25034878899116,3.750017153556943],[-76.25034878899116,3.8000173822710352],[-76.30034901770524,3.8000173822710352],[-76.30034901770524,3.750017153556943]]]}},{"type":"Feature","properties":{"v":0.96},"geometry":{"type":"Polygon","coordinates":[[[-76.25034878899116,3.750017153556943],[-76.20034856027706,3.750017153556943],[-76.20034856027706,3.8000173822710352],[-76.25034878899116,3.8000173822710352],[-76.25034878899116,3.750017153556943]]]}},{"type":"Feature","properties":{"v":0.96},"geometry":{"type":"Polygon","coordinates":[[[-76.20034856027706,3.750017153556943],[-76.15034833156297,3.750017153556943],[-76.15034833156297,3.8000173822710352],[-76.20034856027706,3.8000173822710352],[-76.20034856027706,3.750017153556943]]]}},{"type":"Feature","properties":{"v":0.64},"geometry":{"type":"Polygon","coordinates":[[[-76.15034833156297,3.750017153556943],[-76.10034810284888,3.750017153556943],[-76.10034810284888,3.8000173822710352],[-76.15034833156297,3.8000173822710352],[-76.15034833156297,3.750017153556943]]]}},{"type":"Feature","properties":{"v":0.64},"geometry":{"type":"Polygon","coordinates":[[[-76.10034810284888,3.750017153556943],[-76.05034787413479,3.750017153556943],[-76.05034787413479,3.8000173822710352],[-76.10034810284888,3.8000173822710352],[-76.10034810284888,3.750017153556943]]]}},{"type":"Feature","properties":{"v":-0.1},"geometry":{"type":"Polygon","coordinates":[[[-76.05034787413479,3.750017153556943],[-76.00034764542069,3.750017153556943],[-76.00034764542069,3.8000173822710352],[-76.05034787413479,3.8000173822710352],[-76.05034787413479,3.750017153556943]]]}},{"type":"Feature","properties":{"v":-0.1},"geometry":{"type":"Polygon","coordinates":[[[-76.00034764542069,3.750017153556943],[-75.9503474167066,3.750017153556943],[-75.9503474167066,3.8000173822710352],[-76.00034764542069,3.8000173822710352],[-76.00034764542069,3.750017153556943]]]}},{"type":"Feature","properties":{"v":0.07},"geometry":{"type":"Polygon","coordinates":[[[-75.9503474167066,3.750017153556943],[-75.90034718799251,3.750017153556943],[-75.90034718799251,3.8000173822710352],[-75.9503474167066,3.8000173822710352],[-75.9503474167066,3.750017153556943]]]}},{"type":"Feature","properties":{"v":0.07},"geometry":{"type":"Polygon","coordinates":[[[-75.90034718799251,3.750017153556943],[-75.85034695927841,3.750017153556943],[-75.85034695927841,3.8000173822710352],[-75.90034718799251,3.8000173822710352],[-75.90034718799251,3.750017153556943]]]}},{"type":"Feature","properties":{"v":0.46},"geometry":{"type":"Polygon","coordinates":[[[-75.85034695927841,3.750017153556943],[-75.80034673056433,3.750017153556943],[-75.80034673056433,3.8000173822710352],[-75.85034695927841,3.8000173822710352],[-75.85034695927841,3.750017153556943]]]}},{"type":"Feature","properties":{"v":0.46},"geometry":{"type":"Polygon","coordinates":[[[-75.80034673056433,3.750017153556943],[-75.75034650185023,3.750017153556943],[-75.75034650185023,3.8000173822710352],[-75.80034673056433,3.8000173822710352],[-75.80034673056433,3.750017153556943]]]}},{"type":"Feature","properties":{"v":0.48},"geometry":{"type":"Polygon","coordinates":[[[-75.75034650185023,3.750017153556943],[-75.70034627313613,3.750017153556943],[-75.70034627313613,3.8000173822710352],[-75.75034650185023,3.8000173822710352],[-75.75034650185023,3.750017153556943]]]}},{"type":"Feature","properties":{"v":0.48},"geometry":{"type":"Polygon","coordinates":[[[-75.70034627313613,3.750017153556943],[-75.65034604442205,3.750017153556943],[-75.65034604442205,3.8000173822710352],[-75.70034627313613,3.8000173822710352],[-75.70034627313613,3.750017153556943]]]}},{"type":"Feature","properties":{"v":0.26},"geometry":{"type":"Polygon","coordinates":[[[-75.65034604442205,3.750017153556943],[-75.60034581570795,3.750017153556943],[-75.60034581570795,3.8000173822710352],[-75.65034604442205,3.8000173822710352],[-75.65034604442205,3.750017153556943]]]}},{"type":"Feature","properties":{"v":0.26},"geometry":{"type":"Polygon","coordinates":[[[-75.60034581570795,3.750017153556943],[-75.55034558699386,3.750017153556943],[-75.55034558699386,3.8000173822710352],[-75.60034581570795,3.8000173822710352],[-75.60034581570795,3.750017153556943]]]}},{"type":"Feature","properties":{"v":0.2},"geometry":{"type":"Polygon","coordinates":[[[-75.55034558699386,3.750017153556943],[-75.50034535827977,3.750017153556943],[-75.50034535827977,3.8000173822710352],[-75.55034558699386,3.8000173822710352],[-75.55034558699386,3.750017153556943]]]}},{"type":"Feature","properties":{"v":0.2},"geometry":{"type":"Polygon","coordinates":[[[-75.50034535827977,3.750017153556943],[-75.45034512956568,3.750017153556943],[-75.45034512956568,3.8000173822710352],[-75.50034535827977,3.8000173822710352],[-75.50034535827977,3.750017153556943]]]}},{"type":"Feature","properties":{"v":0.4},"geometry":{"type":"Polygon","coordinates":[[[-75.45034512956568,3.750017153556943],[-75.40034490085158,3.750017153556943],[-75.40034490085158,3.8000173822710352],[-75.45034512956568,3.8000173822710352],[-75.45034512956568,3.750017153556943]]]}},{"type":"Feature","properties":{"v":0.4},"geometry":{"type":"Polygon","coordinates":[[[-75.40034490085158,3.750017153556943],[-75.3503446721375,3.750017153556943],[-75.3503446721375,3.8000173822710352],[-75.40034490085158,3.8000173822710352],[-75.40034490085158,3.750017153556943]]]}},{"type":"Feature","properties":{"v":-0.12},"geometry":{"type":"Polygon","coordinates":[[[-75.3503446721375,3.750017153556943],[-75.3003444434234,3.750017153556943],[-75.3003444434234,3.8000173822710352],[-75.3503446721375,3.8000173822710352],[-75.3503446721375,3.750017153556943]]]}},{"type":"Feature","properties":{"v":-0.12},"geometry":{"type":"Polygon","coordinates":[[[-75.3003444434234,3.750017153556943],[-75.2503442147093,3.750017153556943],[-75.2503442147093,3.8000173822710352],[-75.3003444434234,3.8000173822710352],[-75.3003444434234,3.750017153556943]]]}},{"type":"Feature","properties":{"v":-0.09},"geometry":{"type":"Polygon","coordinates":[[[-75.2503442147093,3.750017153556943],[-75.20034398599522,3.750017153556943],[-75.20034398599522,3.8000173822710352],[-75.2503442147093,3.8000173822710352],[-75.2503442147093,3.750017153556943]]]}},{"type":"Feature","properties":{"v":-0.09},"geometry":{"type":"Polygon","coordinates":[[[-75.20034398599522,3.750017153556943],[-75.15034375728112,3.750017153556943],[-75.15034375728112,3.8000173822710352],[-75.20034398599522,3.8000173822710352],[-75.20034398599522,3.750017153556943]]]}},{"type":"Feature","properties":{"v":-0.33},"geometry":{"type":"Polygon","coordinates":[[[-75.15034375728112,3.750017153556943],[-75.10034352856702,3.750017153556943],[-75.10034352856702,3.8000173822710352],[-75.15034375728112,3.8000173822710352],[-75.15034375728112,3.750017153556943]]]}},{"type":"Feature","properties":{"v":1.37},"geometry":{"type":"Polygon","coordinates":[[[-77.15035290584483,3.70001692484285],[-77.10035267713073,3.70001692484285],[-77.10035267713073,3.750017153556943],[-77.15035290584483,3.750017153556943],[-77.15035290584483,3.70001692484285]]]}},{"type":"Feature","properties":{"v":1.37},"geometry":{"type":"Polygon","coordinates":[[[-77.10035267713073,3.70001692484285],[-77.05035244841663,3.70001692484285],[-77.05035244841663,3.750017153556943],[-77.10035267713073,3.750017153556943],[-77.10035267713073,3.70001692484285]]]}},{"type":"Feature","properties":{"v":1.72},"geometry":{"type":"Polygon","coordinates":[[[-77.05035244841663,3.70001692484285],[-77.00035221970255,3.70001692484285],[-77.00035221970255,3.750017153556943],[-77.05035244841663,3.750017153556943],[-77.05035244841663,3.70001692484285]]]}},{"type":"Feature","properties":{"v":1.72},"geometry":{"type":"Polygon","coordinates":[[[-77.00035221970255,3.70001692484285],[-76.95035199098845,3.70001692484285],[-76.95035199098845,3.750017153556943],[-77.00035221970255,3.750017153556943],[-77.00035221970255,3.70001692484285]]]}},{"type":"Feature","properties":{"v":1.52},"geometry":{"type":"Polygon","coordinates":[[[-76.95035199098845,3.70001692484285],[-76.90035176227435,3.70001692484285],[-76.90035176227435,3.750017153556943],[-76.95035199098845,3.750017153556943],[-76.95035199098845,3.70001692484285]]]}},{"type":"Feature","properties":{"v":1.52},"geometry":{"type":"Polygon","coordinates":[[[-76.90035176227435,3.70001692484285],[-76.85035153356027,3.70001692484285],[-76.85035153356027,3.750017153556943],[-76.90035176227435,3.750017153556943],[-76.90035176227435,3.70001692484285]]]}},{"type":"Feature","properties":{"v":1.42},"geometry":{"type":"Polygon","coordinates":[[[-76.85035153356027,3.70001692484285],[-76.80035130484617,3.70001692484285],[-76.80035130484617,3.750017153556943],[-76.85035153356027,3.750017153556943],[-76.85035153356027,3.70001692484285]]]}},{"type":"Feature","properties":{"v":1.42},"geometry":{"type":"Polygon","coordinates":[[[-76.80035130484617,3.70001692484285],[-76.75035107613208,3.70001692484285],[-76.75035107613208,3.750017153556943],[-76.80035130484617,3.750017153556943],[-76.80035130484617,3.70001692484285]]]}},{"type":"Feature","properties":{"v":1.96},"geometry":{"type":"Polygon","coordinates":[[[-76.75035107613208,3.70001692484285],[-76.700350847418,3.70001692484285],[-76.700350847418,3.750017153556943],[-76.75035107613208,3.750017153556943],[-76.75035107613208,3.70001692484285]]]}},{"type":"Feature","properties":{"v":1.96},"geometry":{"type":"Polygon","coordinates":[[[-76.700350847418,3.70001692484285],[-76.6503506187039,3.70001692484285],[-76.6503506187039,3.750017153556943],[-76.700350847418,3.750017153556943],[-76.700350847418,3.70001692484285]]]}},{"type":"Feature","properties":{"v":2.02},"geometry":{"type":"Polygon","coordinates":[[[-76.6503506187039,3.70001692484285],[-76.6003503899898,3.70001692484285],[-76.6003503899898,3.750017153556943],[-76.6503506187039,3.750017153556943],[-76.6503506187039,3.70001692484285]]]}},{"type":"Feature","properties":{"v":2.02},"geometry":{"type":"Polygon","coordinates":[[[-76.6003503899898,3.70001692484285],[-76.55035016127572,3.70001692484285],[-76.55035016127572,3.750017153556943],[-76.6003503899898,3.750017153556943],[-76.6003503899898,3.70001692484285]]]}},{"type":"Feature","properties":{"v":1.49},"geometry":{"type":"Polygon","coordinates":[[[-76.55035016127572,3.70001692484285],[-76.50034993256162,3.70001692484285],[-76.50034993256162,3.750017153556943],[-76.55035016127572,3.750017153556943],[-76.55035016127572,3.70001692484285]]]}},{"type":"Feature","properties":{"v":1.49},"geometry":{"type":"Polygon","coordinates":[[[-76.50034993256162,3.70001692484285],[-76.45034970384752,3.70001692484285],[-76.45034970384752,3.750017153556943],[-76.50034993256162,3.750017153556943],[-76.50034993256162,3.70001692484285]]]}},{"type":"Feature","properties":{"v":1.85},"geometry":{"type":"Polygon","coordinates":[[[-76.45034970384752,3.70001692484285],[-76.40034947513344,3.70001692484285],[-76.40034947513344,3.750017153556943],[-76.45034970384752,3.750017153556943],[-76.45034970384752,3.70001692484285]]]}},{"type":"Feature","properties":{"v":1.85},"geometry":{"type":"Polygon","coordinates":[[[-76.40034947513344,3.70001692484285],[-76.35034924641934,3.70001692484285],[-76.35034924641934,3.750017153556943],[-76.40034947513344,3.750017153556943],[-76.40034947513344,3.70001692484285]]]}},{"type":"Feature","properties":{"v":1.76},"geometry":{"type":"Polygon","coordinates":[[[-76.35034924641934,3.70001692484285],[-76.30034901770524,3.70001692484285],[-76.30034901770524,3.750017153556943],[-76.35034924641934,3.750017153556943],[-76.35034924641934,3.70001692484285]]]}},{"type":"Feature","properties":{"v":1.76},"geometry":{"type":"Polygon","coordinates":[[[-76.30034901770524,3.70001692484285],[-76.25034878899116,3.70001692484285],[-76.25034878899116,3.750017153556943],[-76.30034901770524,3.750017153556943],[-76.30034901770524,3.70001692484285]]]}},{"type":"Feature","properties":{"v":1.15},"geometry":{"type":"Polygon","coordinates":[[[-76.25034878899116,3.70001692484285],[-76.20034856027706,3.70001692484285],[-76.20034856027706,3.750017153556943],[-76.25034878899116,3.750017153556943],[-76.25034878899116,3.70001692484285]]]}},{"type":"Feature","properties":{"v":1.15},"geometry":{"type":"Polygon","coordinates":[[[-76.20034856027706,3.70001692484285],[-76.15034833156297,3.70001692484285],[-76.15034833156297,3.750017153556943],[-76.20034856027706,3.750017153556943],[-76.20034856027706,3.70001692484285]]]}},{"type":"Feature","properties":{"v":0.72},"geometry":{"type":"Polygon","coordinates":[[[-76.15034833156297,3.70001692484285],[-76.10034810284888,3.70001692484285],[-76.10034810284888,3.750017153556943],[-76.15034833156297,3.750017153556943],[-76.15034833156297,3.70001692484285]]]}},{"type":"Feature","properties":{"v":0.72},"geometry":{"type":"Polygon","coordinates":[[[-76.10034810284888,3.70001692484285],[-76.05034787413479,3.70001692484285],[-76.05034787413479,3.750017153556943],[-76.10034810284888,3.750017153556943],[-76.10034810284888,3.70001692484285]]]}},{"type":"Feature","properties":{"v":-0.07},"geometry":{"type":"Polygon","coordinates":[[[-76.05034787413479,3.70001692484285],[-76.00034764542069,3.70001692484285],[-76.00034764542069,3.750017153556943],[-76.05034787413479,3.750017153556943],[-76.05034787413479,3.70001692484285]]]}},{"type":"Feature","properties":{"v":-0.07},"geometry":{"type":"Polygon","coordinates":[[[-76.00034764542069,3.70001692484285],[-75.9503474167066,3.70001692484285],[-75.9503474167066,3.750017153556943],[-76.00034764542069,3.750017153556943],[-76.00034764542069,3.70001692484285]]]}},{"type":"Feature","properties":{"v":-0.8},"geometry":{"type":"Polygon","coordinates":[[[-75.9503474167066,3.70001692484285],[-75.90034718799251,3.70001692484285],[-75.90034718799251,3.750017153556943],[-75.9503474167066,3.750017153556943],[-75.9503474167066,3.70001692484285]]]}},{"type":"Feature","properties":{"v":-0.8},"geometry":{"type":"Polygon","coordinates":[[[-75.90034718799251,3.70001692484285],[-75.85034695927841,3.70001692484285],[-75.85034695927841,3.750017153556943],[-75.90034718799251,3.750017153556943],[-75.90034718799251,3.70001692484285]]]}},{"type":"Feature","properties":{"v":-0.62},"geometry":{"type":"Polygon","coordinates":[[[-75.85034695927841,3.70001692484285],[-75.80034673056433,3.70001692484285],[-75.80034673056433,3.750017153556943],[-75.85034695927841,3.750017153556943],[-75.85034695927841,3.70001692484285]]]}},{"type":"Feature","properties":{"v":-0.62},"geometry":{"type":"Polygon","coordinates":[[[-75.80034673056433,3.70001692484285],[-75.75034650185023,3.70001692484285],[-75.75034650185023,3.750017153556943],[-75.80034673056433,3.750017153556943],[-75.80034673056433,3.70001692484285]]]}},{"type":"Feature","properties":{"v":0.19},"geometry":{"type":"Polygon","coordinates":[[[-75.75034650185023,3.70001692484285],[-75.70034627313613,3.70001692484285],[-75.70034627313613,3.750017153556943],[-75.75034650185023,3.750017153556943],[-75.75034650185023,3.70001692484285]]]}},{"type":"Feature","properties":{"v":0.19},"geometry":{"type":"Polygon","coordinates":[[[-75.70034627313613,3.70001692484285],[-75.65034604442205,3.70001692484285],[-75.65034604442205,3.750017153556943],[-75.70034627313613,3.750017153556943],[-75.70034627313613,3.70001692484285]]]}},{"type":"Feature","properties":{"v":0.37},"geometry":{"type":"Polygon","coordinates":[[[-75.65034604442205,3.70001692484285],[-75.60034581570795,3.70001692484285],[-75.60034581570795,3.750017153556943],[-75.65034604442205,3.750017153556943],[-75.65034604442205,3.70001692484285]]]}},{"type":"Feature","properties":{"v":0.37},"geometry":{"type":"Polygon","coordinates":[[[-75.60034581570795,3.70001692484285],[-75.55034558699386,3.70001692484285],[-75.55034558699386,3.750017153556943],[-75.60034581570795,3.750017153556943],[-75.60034581570795,3.70001692484285]]]}},{"type":"Feature","properties":{"v":-0.29},"geometry":{"type":"Polygon","coordinates":[[[-75.55034558699386,3.70001692484285],[-75.50034535827977,3.70001692484285],[-75.50034535827977,3.750017153556943],[-75.55034558699386,3.750017153556943],[-75.55034558699386,3.70001692484285]]]}},{"type":"Feature","properties":{"v":-0.29},"geometry":{"type":"Polygon","coordinates":[[[-75.50034535827977,3.70001692484285],[-75.45034512956568,3.70001692484285],[-75.45034512956568,3.750017153556943],[-75.50034535827977,3.750017153556943],[-75.50034535827977,3.70001692484285]]]}},{"type":"Feature","properties":{"v":-0.04},"geometry":{"type":"Polygon","coordinates":[[[-75.45034512956568,3.70001692484285],[-75.40034490085158,3.70001692484285],[-75.40034490085158,3.750017153556943],[-75.45034512956568,3.750017153556943],[-75.45034512956568,3.70001692484285]]]}},{"type":"Feature","properties":{"v":-0.04},"geometry":{"type":"Polygon","coordinates":[[[-75.40034490085158,3.70001692484285],[-75.3503446721375,3.70001692484285],[-75.3503446721375,3.750017153556943],[-75.40034490085158,3.750017153556943],[-75.40034490085158,3.70001692484285]]]}},{"type":"Feature","properties":{"v":0.53},"geometry":{"type":"Polygon","coordinates":[[[-75.3503446721375,3.70001692484285],[-75.3003444434234,3.70001692484285],[-75.3003444434234,3.750017153556943],[-75.3503446721375,3.750017153556943],[-75.3503446721375,3.70001692484285]]]}},{"type":"Feature","properties":{"v":0.53},"geometry":{"type":"Polygon","coordinates":[[[-75.3003444434234,3.70001692484285],[-75.2503442147093,3.70001692484285],[-75.2503442147093,3.750017153556943],[-75.3003444434234,3.750017153556943],[-75.3003444434234,3.70001692484285]]]}},{"type":"Feature","properties":{"v":0.39},"geometry":{"type":"Polygon","coordinates":[[[-75.2503442147093,3.70001692484285],[-75.20034398599522,3.70001692484285],[-75.20034398599522,3.750017153556943],[-75.2503442147093,3.750017153556943],[-75.2503442147093,3.70001692484285]]]}},{"type":"Feature","properties":{"v":0.39},"geometry":{"type":"Polygon","coordinates":[[[-75.20034398599522,3.70001692484285],[-75.15034375728112,3.70001692484285],[-75.15034375728112,3.750017153556943],[-75.20034398599522,3.750017153556943],[-75.20034398599522,3.70001692484285]]]}},{"type":"Feature","properties":{"v":-0.47},"geometry":{"type":"Polygon","coordinates":[[[-75.15034375728112,3.70001692484285],[-75.10034352856702,3.70001692484285],[-75.10034352856702,3.750017153556943],[-75.15034375728112,3.750017153556943],[-75.15034375728112,3.70001692484285]]]}},{"type":"Feature","properties":{"v":1.37},"geometry":{"type":"Polygon","coordinates":[[[-77.15035290584483,3.6500166961287577],[-77.10035267713073,3.6500166961287577],[-77.10035267713073,3.70001692484285],[-77.15035290584483,3.70001692484285],[-77.15035290584483,3.6500166961287577]]]}},{"type":"Feature","properties":{"v":1.37},"geometry":{"type":"Polygon","coordinates":[[[-77.10035267713073,3.6500166961287577],[-77.05035244841663,3.6500166961287577],[-77.05035244841663,3.70001692484285],[-77.10035267713073,3.70001692484285],[-77.10035267713073,3.6500166961287577]]]}},{"type":"Feature","properties":{"v":1.72},"geometry":{"type":"Polygon","coordinates":[[[-77.05035244841663,3.6500166961287577],[-77.00035221970255,3.6500166961287577],[-77.00035221970255,3.70001692484285],[-77.05035244841663,3.70001692484285],[-77.05035244841663,3.6500166961287577]]]}},{"type":"Feature","properties":{"v":1.72},"geometry":{"type":"Polygon","coordinates":[[[-77.00035221970255,3.6500166961287577],[-76.95035199098845,3.6500166961287577],[-76.95035199098845,3.70001692484285],[-77.00035221970255,3.70001692484285],[-77.00035221970255,3.6500166961287577]]]}},{"type":"Feature","properties":{"v":1.52},"geometry":{"type":"Polygon","coordinates":[[[-76.95035199098845,3.6500166961287577],[-76.90035176227435,3.6500166961287577],[-76.90035176227435,3.70001692484285],[-76.95035199098845,3.70001692484285],[-76.95035199098845,3.6500166961287577]]]}},{"type":"Feature","properties":{"v":1.52},"geometry":{"type":"Polygon","coordinates":[[[-76.90035176227435,3.6500166961287577],[-76.85035153356027,3.6500166961287577],[-76.85035153356027,3.70001692484285],[-76.90035176227435,3.70001692484285],[-76.90035176227435,3.6500166961287577]]]}},{"type":"Feature","properties":{"v":1.42},"geometry":{"type":"Polygon","coordinates":[[[-76.85035153356027,3.6500166961287577],[-76.80035130484617,3.6500166961287577],[-76.80035130484617,3.70001692484285],[-76.85035153356027,3.70001692484285],[-76.85035153356027,3.6500166961287577]]]}},{"type":"Feature","properties":{"v":1.42},"geometry":{"type":"Polygon","coordinates":[[[-76.80035130484617,3.6500166961287577],[-76.75035107613208,3.6500166961287577],[-76.75035107613208,3.70001692484285],[-76.80035130484617,3.70001692484285],[-76.80035130484617,3.6500166961287577]]]}},{"type":"Feature","properties":{"v":1.96},"geometry":{"type":"Polygon","coordinates":[[[-76.75035107613208,3.6500166961287577],[-76.700350847418,3.6500166961287577],[-76.700350847418,3.70001692484285],[-76.75035107613208,3.70001692484285],[-76.75035107613208,3.6500166961287577]]]}},{"type":"Feature","properties":{"v":1.96},"geometry":{"type":"Polygon","coordinates":[[[-76.700350847418,3.6500166961287577],[-76.6503506187039,3.6500166961287577],[-76.6503506187039,3.70001692484285],[-76.700350847418,3.70001692484285],[-76.700350847418,3.6500166961287577]]]}},{"type":"Feature","properties":{"v":2.02},"geometry":{"type":"Polygon","coordinates":[[[-76.6503506187039,3.6500166961287577],[-76.6003503899898,3.6500166961287577],[-76.6003503899898,3.70001692484285],[-76.6503506187039,3.70001692484285],[-76.6503506187039,3.6500166961287577]]]}},{"type":"Feature","properties":{"v":2.02},"geometry":{"type":"Polygon","coordinates":[[[-76.6003503899898,3.6500166961287577],[-76.55035016127572,3.6500166961287577],[-76.55035016127572,3.70001692484285],[-76.6003503899898,3.70001692484285],[-76.6003503899898,3.6500166961287577]]]}},{"type":"Feature","properties":{"v":1.49},"geometry":{"type":"Polygon","coordinates":[[[-76.55035016127572,3.6500166961287577],[-76.50034993256162,3.6500166961287577],[-76.50034993256162,3.70001692484285],[-76.55035016127572,3.70001692484285],[-76.55035016127572,3.6500166961287577]]]}},{"type":"Feature","properties":{"v":1.49},"geometry":{"type":"Polygon","coordinates":[[[-76.50034993256162,3.6500166961287577],[-76.45034970384752,3.6500166961287577],[-76.45034970384752,3.70001692484285],[-76.50034993256162,3.70001692484285],[-76.50034993256162,3.6500166961287577]]]}},{"type":"Feature","properties":{"v":1.85},"geometry":{"type":"Polygon","coordinates":[[[-76.45034970384752,3.6500166961287577],[-76.40034947513344,3.6500166961287577],[-76.40034947513344,3.70001692484285],[-76.45034970384752,3.70001692484285],[-76.45034970384752,3.6500166961287577]]]}},{"type":"Feature","properties":{"v":1.85},"geometry":{"type":"Polygon","coordinates":[[[-76.40034947513344,3.6500166961287577],[-76.35034924641934,3.6500166961287577],[-76.35034924641934,3.70001692484285],[-76.40034947513344,3.70001692484285],[-76.40034947513344,3.6500166961287577]]]}},{"type":"Feature","properties":{"v":1.76},"geometry":{"type":"Polygon","coordinates":[[[-76.35034924641934,3.6500166961287577],[-76.30034901770524,3.6500166961287577],[-76.30034901770524,3.70001692484285],[-76.35034924641934,3.70001692484285],[-76.35034924641934,3.6500166961287577]]]}},{"type":"Feature","properties":{"v":1.76},"geometry":{"type":"Polygon","coordinates":[[[-76.30034901770524,3.6500166961287577],[-76.25034878899116,3.6500166961287577],[-76.25034878899116,3.70001692484285],[-76.30034901770524,3.70001692484285],[-76.30034901770524,3.6500166961287577]]]}},{"type":"Feature","properties":{"v":1.15},"geometry":{"type":"Polygon","coordinates":[[[-76.25034878899116,3.6500166961287577],[-76.20034856027706,3.6500166961287577],[-76.20034856027706,3.70001692484285],[-76.25034878899116,3.70001692484285],[-76.25034878899116,3.6500166961287577]]]}},{"type":"Feature","properties":{"v":1.15},"geometry":{"type":"Polygon","coordinates":[[[-76.20034856027706,3.6500166961287577],[-76.15034833156297,3.6500166961287577],[-76.15034833156297,3.70001692484285],[-76.20034856027706,3.70001692484285],[-76.20034856027706,3.6500166961287577]]]}},{"type":"Feature","properties":{"v":0.72},"geometry":{"type":"Polygon","coordinates":[[[-76.15034833156297,3.6500166961287577],[-76.10034810284888,3.6500166961287577],[-76.10034810284888,3.70001692484285],[-76.15034833156297,3.70001692484285],[-76.15034833156297,3.6500166961287577]]]}},{"type":"Feature","properties":{"v":0.72},"geometry":{"type":"Polygon","coordinates":[[[-76.10034810284888,3.6500166961287577],[-76.05034787413479,3.6500166961287577],[-76.05034787413479,3.70001692484285],[-76.10034810284888,3.70001692484285],[-76.10034810284888,3.6500166961287577]]]}},{"type":"Feature","properties":{"v":-0.07},"geometry":{"type":"Polygon","coordinates":[[[-76.05034787413479,3.6500166961287577],[-76.00034764542069,3.6500166961287577],[-76.00034764542069,3.70001692484285],[-76.05034787413479,3.70001692484285],[-76.05034787413479,3.6500166961287577]]]}},{"type":"Feature","properties":{"v":-0.07},"geometry":{"type":"Polygon","coordinates":[[[-76.00034764542069,3.6500166961287577],[-75.9503474167066,3.6500166961287577],[-75.9503474167066,3.70001692484285],[-76.00034764542069,3.70001692484285],[-76.00034764542069,3.6500166961287577]]]}},{"type":"Feature","properties":{"v":-0.8},"geometry":{"type":"Polygon","coordinates":[[[-75.9503474167066,3.6500166961287577],[-75.90034718799251,3.6500166961287577],[-75.90034718799251,3.70001692484285],[-75.9503474167066,3.70001692484285],[-75.9503474167066,3.6500166961287577]]]}},{"type":"Feature","properties":{"v":-0.8},"geometry":{"type":"Polygon","coordinates":[[[-75.90034718799251,3.6500166961287577],[-75.85034695927841,3.6500166961287577],[-75.85034695927841,3.70001692484285],[-75.90034718799251,3.70001692484285],[-75.90034718799251,3.6500166961287577]]]}},{"type":"Feature","properties":{"v":-0.62},"geometry":{"type":"Polygon","coordinates":[[[-75.85034695927841,3.6500166961287577],[-75.80034673056433,3.6500166961287577],[-75.80034673056433,3.70001692484285],[-75.85034695927841,3.70001692484285],[-75.85034695927841,3.6500166961287577]]]}},{"type":"Feature","properties":{"v":-0.62},"geometry":{"type":"Polygon","coordinates":[[[-75.80034673056433,3.6500166961287577],[-75.75034650185023,3.6500166961287577],[-75.75034650185023,3.70001692484285],[-75.80034673056433,3.70001692484285],[-75.80034673056433,3.6500166961287577]]]}},{"type":"Feature","properties":{"v":0.19},"geometry":{"type":"Polygon","coordinates":[[[-75.75034650185023,3.6500166961287577],[-75.70034627313613,3.6500166961287577],[-75.70034627313613,3.70001692484285],[-75.75034650185023,3.70001692484285],[-75.75034650185023,3.6500166961287577]]]}},{"type":"Feature","properties":{"v":0.19},"geometry":{"type":"Polygon","coordinates":[[[-75.70034627313613,3.6500166961287577],[-75.65034604442205,3.6500166961287577],[-75.65034604442205,3.70001692484285],[-75.70034627313613,3.70001692484285],[-75.70034627313613,3.6500166961287577]]]}},{"type":"Feature","properties":{"v":0.37},"geometry":{"type":"Polygon","coordinates":[[[-75.65034604442205,3.6500166961287577],[-75.60034581570795,3.6500166961287577],[-75.60034581570795,3.70001692484285],[-75.65034604442205,3.70001692484285],[-75.65034604442205,3.6500166961287577]]]}},{"type":"Feature","properties":{"v":0.37},"geometry":{"type":"Polygon","coordinates":[[[-75.60034581570795,3.6500166961287577],[-75.55034558699386,3.6500166961287577],[-75.55034558699386,3.70001692484285],[-75.60034581570795,3.70001692484285],[-75.60034581570795,3.6500166961287577]]]}},{"type":"Feature","properties":{"v":-0.29},"geometry":{"type":"Polygon","coordinates":[[[-75.55034558699386,3.6500166961287577],[-75.50034535827977,3.6500166961287577],[-75.50034535827977,3.70001692484285],[-75.55034558699386,3.70001692484285],[-75.55034558699386,3.6500166961287577]]]}},{"type":"Feature","properties":{"v":-0.29},"geometry":{"type":"Polygon","coordinates":[[[-75.50034535827977,3.6500166961287577],[-75.45034512956568,3.6500166961287577],[-75.45034512956568,3.70001692484285],[-75.50034535827977,3.70001692484285],[-75.50034535827977,3.6500166961287577]]]}},{"type":"Feature","properties":{"v":-0.04},"geometry":{"type":"Polygon","coordinates":[[[-75.45034512956568,3.6500166961287577],[-75.40034490085158,3.6500166961287577],[-75.40034490085158,3.70001692484285],[-75.45034512956568,3.70001692484285],[-75.45034512956568,3.6500166961287577]]]}},{"type":"Feature","properties":{"v":-0.04},"geometry":{"type":"Polygon","coordinates":[[[-75.40034490085158,3.6500166961287577],[-75.3503446721375,3.6500166961287577],[-75.3503446721375,3.70001692484285],[-75.40034490085158,3.70001692484285],[-75.40034490085158,3.6500166961287577]]]}},{"type":"Feature","properties":{"v":0.53},"geometry":{"type":"Polygon","coordinates":[[[-75.3503446721375,3.6500166961287577],[-75.3003444434234,3.6500166961287577],[-75.3003444434234,3.70001692484285],[-75.3503446721375,3.70001692484285],[-75.3503446721375,3.6500166961287577]]]}},{"type":"Feature","properties":{"v":0.53},"geometry":{"type":"Polygon","coordinates":[[[-75.3003444434234,3.6500166961287577],[-75.2503442147093,3.6500166961287577],[-75.2503442147093,3.70001692484285],[-75.3003444434234,3.70001692484285],[-75.3003444434234,3.6500166961287577]]]}},{"type":"Feature","properties":{"v":0.39},"geometry":{"type":"Polygon","coordinates":[[[-75.2503442147093,3.6500166961287577],[-75.20034398599522,3.6500166961287577],[-75.20034398599522,3.70001692484285],[-75.2503442147093,3.70001692484285],[-75.2503442147093,3.6500166961287577]]]}},{"type":"Feature","properties":{"v":0.39},"geometry":{"type":"Polygon","coordinates":[[[-75.20034398599522,3.6500166961287577],[-75.15034375728112,3.6500166961287577],[-75.15034375728112,3.70001692484285],[-75.20034398599522,3.70001692484285],[-75.20034398599522,3.6500166961287577]]]}},{"type":"Feature","properties":{"v":-0.47},"geometry":{"type":"Polygon","coordinates":[[[-75.15034375728112,3.6500166961287577],[-75.10034352856702,3.6500166961287577],[-75.10034352856702,3.70001692484285],[-75.15034375728112,3.70001692484285],[-75.15034375728112,3.6500166961287577]]]}},{"type":"Feature","properties":{"v":1.28},"geometry":{"type":"Polygon","coordinates":[[[-77.15035290584483,3.6000164674146653],[-77.10035267713073,3.6000164674146653],[-77.10035267713073,3.6500166961287577],[-77.15035290584483,3.6500166961287577],[-77.15035290584483,3.6000164674146653]]]}},{"type":"Feature","properties":{"v":1.28},"geometry":{"type":"Polygon","coordinates":[[[-77.10035267713073,3.6000164674146653],[-77.05035244841663,3.6000164674146653],[-77.05035244841663,3.6500166961287577],[-77.10035267713073,3.6500166961287577],[-77.10035267713073,3.6000164674146653]]]}},{"type":"Feature","properties":{"v":1.6},"geometry":{"type":"Polygon","coordinates":[[[-77.05035244841663,3.6000164674146653],[-77.00035221970255,3.6000164674146653],[-77.00035221970255,3.6500166961287577],[-77.05035244841663,3.6500166961287577],[-77.05035244841663,3.6000164674146653]]]}},{"type":"Feature","properties":{"v":1.6},"geometry":{"type":"Polygon","coordinates":[[[-77.00035221970255,3.6000164674146653],[-76.95035199098845,3.6000164674146653],[-76.95035199098845,3.6500166961287577],[-77.00035221970255,3.6500166961287577],[-77.00035221970255,3.6000164674146653]]]}},{"type":"Feature","properties":{"v":1.42},"geometry":{"type":"Polygon","coordinates":[[[-76.95035199098845,3.6000164674146653],[-76.90035176227435,3.6000164674146653],[-76.90035176227435,3.6500166961287577],[-76.95035199098845,3.6500166961287577],[-76.95035199098845,3.6000164674146653]]]}},{"type":"Feature","properties":{"v":1.42},"geometry":{"type":"Polygon","coordinates":[[[-76.90035176227435,3.6000164674146653],[-76.85035153356027,3.6000164674146653],[-76.85035153356027,3.6500166961287577],[-76.90035176227435,3.6500166961287577],[-76.90035176227435,3.6000164674146653]]]}},{"type":"Feature","properties":{"v":1.3},"geometry":{"type":"Polygon","coordinates":[[[-76.85035153356027,3.6000164674146653],[-76.80035130484617,3.6000164674146653],[-76.80035130484617,3.6500166961287577],[-76.85035153356027,3.6500166961287577],[-76.85035153356027,3.6000164674146653]]]}},{"type":"Feature","properties":{"v":1.3},"geometry":{"type":"Polygon","coordinates":[[[-76.80035130484617,3.6000164674146653],[-76.75035107613208,3.6000164674146653],[-76.75035107613208,3.6500166961287577],[-76.80035130484617,3.6500166961287577],[-76.80035130484617,3.6000164674146653]]]}},{"type":"Feature","properties":{"v":1.55},"geometry":{"type":"Polygon","coordinates":[[[-76.75035107613208,3.6000164674146653],[-76.700350847418,3.6000164674146653],[-76.700350847418,3.6500166961287577],[-76.75035107613208,3.6500166961287577],[-76.75035107613208,3.6000164674146653]]]}},{"type":"Feature","properties":{"v":1.55},"geometry":{"type":"Polygon","coordinates":[[[-76.700350847418,3.6000164674146653],[-76.6503506187039,3.6000164674146653],[-76.6503506187039,3.6500166961287577],[-76.700350847418,3.6500166961287577],[-76.700350847418,3.6000164674146653]]]}},{"type":"Feature","properties":{"v":2.11},"geometry":{"type":"Polygon","coordinates":[[[-76.6503506187039,3.6000164674146653],[-76.6003503899898,3.6000164674146653],[-76.6003503899898,3.6500166961287577],[-76.6503506187039,3.6500166961287577],[-76.6503506187039,3.6000164674146653]]]}},{"type":"Feature","properties":{"v":2.11},"geometry":{"type":"Polygon","coordinates":[[[-76.6003503899898,3.6000164674146653],[-76.55035016127572,3.6000164674146653],[-76.55035016127572,3.6500166961287577],[-76.6003503899898,3.6500166961287577],[-76.6003503899898,3.6000164674146653]]]}},{"type":"Feature","properties":{"v":1.47},"geometry":{"type":"Polygon","coordinates":[[[-76.55035016127572,3.6000164674146653],[-76.50034993256162,3.6000164674146653],[-76.50034993256162,3.6500166961287577],[-76.55035016127572,3.6500166961287577],[-76.55035016127572,3.6000164674146653]]]}},{"type":"Feature","properties":{"v":1.47},"geometry":{"type":"Polygon","coordinates":[[[-76.50034993256162,3.6000164674146653],[-76.45034970384752,3.6000164674146653],[-76.45034970384752,3.6500166961287577],[-76.50034993256162,3.6500166961287577],[-76.50034993256162,3.6000164674146653]]]}},{"type":"Feature","properties":{"v":1.99},"geometry":{"type":"Polygon","coordinates":[[[-76.45034970384752,3.6000164674146653],[-76.40034947513344,3.6000164674146653],[-76.40034947513344,3.6500166961287577],[-76.45034970384752,3.6500166961287577],[-76.45034970384752,3.6000164674146653]]]}},{"type":"Feature","properties":{"v":1.99},"geometry":{"type":"Polygon","coordinates":[[[-76.40034947513344,3.6000164674146653],[-76.35034924641934,3.6000164674146653],[-76.35034924641934,3.6500166961287577],[-76.40034947513344,3.6500166961287577],[-76.40034947513344,3.6000164674146653]]]}},{"type":"Feature","properties":{"v":1.97},"geometry":{"type":"Polygon","coordinates":[[[-76.35034924641934,3.6000164674146653],[-76.30034901770524,3.6000164674146653],[-76.30034901770524,3.6500166961287577],[-76.35034924641934,3.6500166961287577],[-76.35034924641934,3.6000164674146653]]]}},{"type":"Feature","properties":{"v":1.97},"geometry":{"type":"Polygon","coordinates":[[[-76.30034901770524,3.6000164674146653],[-76.25034878899116,3.6000164674146653],[-76.25034878899116,3.6500166961287577],[-76.30034901770524,3.6500166961287577],[-76.30034901770524,3.6000164674146653]]]}},{"type":"Feature","properties":{"v":1.1},"geometry":{"type":"Polygon","coordinates":[[[-76.25034878899116,3.6000164674146653],[-76.20034856027706,3.6000164674146653],[-76.20034856027706,3.6500166961287577],[-76.25034878899116,3.6500166961287577],[-76.25034878899116,3.6000164674146653]]]}},{"type":"Feature","properties":{"v":1.1},"geometry":{"type":"Polygon","coordinates":[[[-76.20034856027706,3.6000164674146653],[-76.15034833156297,3.6000164674146653],[-76.15034833156297,3.6500166961287577],[-76.20034856027706,3.6500166961287577],[-76.20034856027706,3.6000164674146653]]]}},{"type":"Feature","properties":{"v":0.71},"geometry":{"type":"Polygon","coordinates":[[[-76.15034833156297,3.6000164674146653],[-76.10034810284888,3.6000164674146653],[-76.10034810284888,3.6500166961287577],[-76.15034833156297,3.6500166961287577],[-76.15034833156297,3.6000164674146653]]]}},{"type":"Feature","properties":{"v":0.71},"geometry":{"type":"Polygon","coordinates":[[[-76.10034810284888,3.6000164674146653],[-76.05034787413479,3.6000164674146653],[-76.05034787413479,3.6500166961287577],[-76.10034810284888,3.6500166961287577],[-76.10034810284888,3.6000164674146653]]]}},{"type":"Feature","properties":{"v":-0.16},"geometry":{"type":"Polygon","coordinates":[[[-76.05034787413479,3.6000164674146653],[-76.00034764542069,3.6000164674146653],[-76.00034764542069,3.6500166961287577],[-76.05034787413479,3.6500166961287577],[-76.05034787413479,3.6000164674146653]]]}},{"type":"Feature","properties":{"v":-0.16},"geometry":{"type":"Polygon","coordinates":[[[-76.00034764542069,3.6000164674146653],[-75.9503474167066,3.6000164674146653],[-75.9503474167066,3.6500166961287577],[-76.00034764542069,3.6500166961287577],[-76.00034764542069,3.6000164674146653]]]}},{"type":"Feature","properties":{"v":-0.67},"geometry":{"type":"Polygon","coordinates":[[[-75.9503474167066,3.6000164674146653],[-75.90034718799251,3.6000164674146653],[-75.90034718799251,3.6500166961287577],[-75.9503474167066,3.6500166961287577],[-75.9503474167066,3.6000164674146653]]]}},{"type":"Feature","properties":{"v":-0.67},"geometry":{"type":"Polygon","coordinates":[[[-75.90034718799251,3.6000164674146653],[-75.85034695927841,3.6000164674146653],[-75.85034695927841,3.6500166961287577],[-75.90034718799251,3.6500166961287577],[-75.90034718799251,3.6000164674146653]]]}},{"type":"Feature","properties":{"v":-0.69},"geometry":{"type":"Polygon","coordinates":[[[-75.85034695927841,3.6000164674146653],[-75.80034673056433,3.6000164674146653],[-75.80034673056433,3.6500166961287577],[-75.85034695927841,3.6500166961287577],[-75.85034695927841,3.6000164674146653]]]}},{"type":"Feature","properties":{"v":-0.69},"geometry":{"type":"Polygon","coordinates":[[[-75.80034673056433,3.6000164674146653],[-75.75034650185023,3.6000164674146653],[-75.75034650185023,3.6500166961287577],[-75.80034673056433,3.6500166961287577],[-75.80034673056433,3.6000164674146653]]]}},{"type":"Feature","properties":{"v":0.39},"geometry":{"type":"Polygon","coordinates":[[[-75.75034650185023,3.6000164674146653],[-75.70034627313613,3.6000164674146653],[-75.70034627313613,3.6500166961287577],[-75.75034650185023,3.6500166961287577],[-75.75034650185023,3.6000164674146653]]]}},{"type":"Feature","properties":{"v":0.39},"geometry":{"type":"Polygon","coordinates":[[[-75.70034627313613,3.6000164674146653],[-75.65034604442205,3.6000164674146653],[-75.65034604442205,3.6500166961287577],[-75.70034627313613,3.6500166961287577],[-75.70034627313613,3.6000164674146653]]]}},{"type":"Feature","properties":{"v":0.43},"geometry":{"type":"Polygon","coordinates":[[[-75.65034604442205,3.6000164674146653],[-75.60034581570795,3.6000164674146653],[-75.60034581570795,3.6500166961287577],[-75.65034604442205,3.6500166961287577],[-75.65034604442205,3.6000164674146653]]]}},{"type":"Feature","properties":{"v":0.43},"geometry":{"type":"Polygon","coordinates":[[[-75.60034581570795,3.6000164674146653],[-75.55034558699386,3.6000164674146653],[-75.55034558699386,3.6500166961287577],[-75.60034581570795,3.6500166961287577],[-75.60034581570795,3.6000164674146653]]]}},{"type":"Feature","properties":{"v":-0.41},"geometry":{"type":"Polygon","coordinates":[[[-75.55034558699386,3.6000164674146653],[-75.50034535827977,3.6000164674146653],[-75.50034535827977,3.6500166961287577],[-75.55034558699386,3.6500166961287577],[-75.55034558699386,3.6000164674146653]]]}},{"type":"Feature","properties":{"v":-0.41},"geometry":{"type":"Polygon","coordinates":[[[-75.50034535827977,3.6000164674146653],[-75.45034512956568,3.6000164674146653],[-75.45034512956568,3.6500166961287577],[-75.50034535827977,3.6500166961287577],[-75.50034535827977,3.6000164674146653]]]}},{"type":"Feature","properties":{"v":-0.18},"geometry":{"type":"Polygon","coordinates":[[[-75.45034512956568,3.6000164674146653],[-75.40034490085158,3.6000164674146653],[-75.40034490085158,3.6500166961287577],[-75.45034512956568,3.6500166961287577],[-75.45034512956568,3.6000164674146653]]]}},{"type":"Feature","properties":{"v":-0.18},"geometry":{"type":"Polygon","coordinates":[[[-75.40034490085158,3.6000164674146653],[-75.3503446721375,3.6000164674146653],[-75.3503446721375,3.6500166961287577],[-75.40034490085158,3.6500166961287577],[-75.40034490085158,3.6000164674146653]]]}},{"type":"Feature","properties":{"v":0.61},"geometry":{"type":"Polygon","coordinates":[[[-75.3503446721375,3.6000164674146653],[-75.3003444434234,3.6000164674146653],[-75.3003444434234,3.6500166961287577],[-75.3503446721375,3.6500166961287577],[-75.3503446721375,3.6000164674146653]]]}},{"type":"Feature","properties":{"v":0.61},"geometry":{"type":"Polygon","coordinates":[[[-75.3003444434234,3.6000164674146653],[-75.2503442147093,3.6000164674146653],[-75.2503442147093,3.6500166961287577],[-75.3003444434234,3.6500166961287577],[-75.3003444434234,3.6000164674146653]]]}},{"type":"Feature","properties":{"v":0.2},"geometry":{"type":"Polygon","coordinates":[[[-75.2503442147093,3.6000164674146653],[-75.20034398599522,3.6000164674146653],[-75.20034398599522,3.6500166961287577],[-75.2503442147093,3.6500166961287577],[-75.2503442147093,3.6000164674146653]]]}},{"type":"Feature","properties":{"v":0.2},"geometry":{"type":"Polygon","coordinates":[[[-75.20034398599522,3.6000164674146653],[-75.15034375728112,3.6000164674146653],[-75.15034375728112,3.6500166961287577],[-75.20034398599522,3.6500166961287577],[-75.20034398599522,3.6000164674146653]]]}},{"type":"Feature","properties":{"v":-0.64},"geometry":{"type":"Polygon","coordinates":[[[-75.15034375728112,3.6000164674146653],[-75.10034352856702,3.6000164674146653],[-75.10034352856702,3.6500166961287577],[-75.15034375728112,3.6500166961287577],[-75.15034375728112,3.6000164674146653]]]}},{"type":"Feature","properties":{"v":1.28},"geometry":{"type":"Polygon","coordinates":[[[-77.15035290584483,3.5500162387005725],[-77.10035267713073,3.5500162387005725],[-77.10035267713073,3.6000164674146653],[-77.15035290584483,3.6000164674146653],[-77.15035290584483,3.5500162387005725]]]}},{"type":"Feature","properties":{"v":1.28},"geometry":{"type":"Polygon","coordinates":[[[-77.10035267713073,3.5500162387005725],[-77.05035244841663,3.5500162387005725],[-77.05035244841663,3.6000164674146653],[-77.10035267713073,3.6000164674146653],[-77.10035267713073,3.5500162387005725]]]}},{"type":"Feature","properties":{"v":1.6},"geometry":{"type":"Polygon","coordinates":[[[-77.05035244841663,3.5500162387005725],[-77.00035221970255,3.5500162387005725],[-77.00035221970255,3.6000164674146653],[-77.05035244841663,3.6000164674146653],[-77.05035244841663,3.5500162387005725]]]}},{"type":"Feature","properties":{"v":1.6},"geometry":{"type":"Polygon","coordinates":[[[-77.00035221970255,3.5500162387005725],[-76.95035199098845,3.5500162387005725],[-76.95035199098845,3.6000164674146653],[-77.00035221970255,3.6000164674146653],[-77.00035221970255,3.5500162387005725]]]}},{"type":"Feature","properties":{"v":1.42},"geometry":{"type":"Polygon","coordinates":[[[-76.95035199098845,3.5500162387005725],[-76.90035176227435,3.5500162387005725],[-76.90035176227435,3.6000164674146653],[-76.95035199098845,3.6000164674146653],[-76.95035199098845,3.5500162387005725]]]}},{"type":"Feature","properties":{"v":1.42},"geometry":{"type":"Polygon","coordinates":[[[-76.90035176227435,3.5500162387005725],[-76.85035153356027,3.5500162387005725],[-76.85035153356027,3.6000164674146653],[-76.90035176227435,3.6000164674146653],[-76.90035176227435,3.5500162387005725]]]}},{"type":"Feature","properties":{"v":1.3},"geometry":{"type":"Polygon","coordinates":[[[-76.85035153356027,3.5500162387005725],[-76.80035130484617,3.5500162387005725],[-76.80035130484617,3.6000164674146653],[-76.85035153356027,3.6000164674146653],[-76.85035153356027,3.5500162387005725]]]}},{"type":"Feature","properties":{"v":1.3},"geometry":{"type":"Polygon","coordinates":[[[-76.80035130484617,3.5500162387005725],[-76.75035107613208,3.5500162387005725],[-76.75035107613208,3.6000164674146653],[-76.80035130484617,3.6000164674146653],[-76.80035130484617,3.5500162387005725]]]}},{"type":"Feature","properties":{"v":1.55},"geometry":{"type":"Polygon","coordinates":[[[-76.75035107613208,3.5500162387005725],[-76.700350847418,3.5500162387005725],[-76.700350847418,3.6000164674146653],[-76.75035107613208,3.6000164674146653],[-76.75035107613208,3.5500162387005725]]]}},{"type":"Feature","properties":{"v":1.55},"geometry":{"type":"Polygon","coordinates":[[[-76.700350847418,3.5500162387005725],[-76.6503506187039,3.5500162387005725],[-76.6503506187039,3.6000164674146653],[-76.700350847418,3.6000164674146653],[-76.700350847418,3.5500162387005725]]]}},{"type":"Feature","properties":{"v":2.11},"geometry":{"type":"Polygon","coordinates":[[[-76.6503506187039,3.5500162387005725],[-76.6003503899898,3.5500162387005725],[-76.6003503899898,3.6000164674146653],[-76.6503506187039,3.6000164674146653],[-76.6503506187039,3.5500162387005725]]]}},{"type":"Feature","properties":{"v":2.11},"geometry":{"type":"Polygon","coordinates":[[[-76.6003503899898,3.5500162387005725],[-76.55035016127572,3.5500162387005725],[-76.55035016127572,3.6000164674146653],[-76.6003503899898,3.6000164674146653],[-76.6003503899898,3.5500162387005725]]]}},{"type":"Feature","properties":{"v":1.47},"geometry":{"type":"Polygon","coordinates":[[[-76.55035016127572,3.5500162387005725],[-76.50034993256162,3.5500162387005725],[-76.50034993256162,3.6000164674146653],[-76.55035016127572,3.6000164674146653],[-76.55035016127572,3.5500162387005725]]]}},{"type":"Feature","properties":{"v":1.47},"geometry":{"type":"Polygon","coordinates":[[[-76.50034993256162,3.5500162387005725],[-76.45034970384752,3.5500162387005725],[-76.45034970384752,3.6000164674146653],[-76.50034993256162,3.6000164674146653],[-76.50034993256162,3.5500162387005725]]]}},{"type":"Feature","properties":{"v":1.99},"geometry":{"type":"Polygon","coordinates":[[[-76.45034970384752,3.5500162387005725],[-76.40034947513344,3.5500162387005725],[-76.40034947513344,3.6000164674146653],[-76.45034970384752,3.6000164674146653],[-76.45034970384752,3.5500162387005725]]]}},{"type":"Feature","properties":{"v":1.99},"geometry":{"type":"Polygon","coordinates":[[[-76.40034947513344,3.5500162387005725],[-76.35034924641934,3.5500162387005725],[-76.35034924641934,3.6000164674146653],[-76.40034947513344,3.6000164674146653],[-76.40034947513344,3.5500162387005725]]]}},{"type":"Feature","properties":{"v":1.97},"geometry":{"type":"Polygon","coordinates":[[[-76.35034924641934,3.5500162387005725],[-76.30034901770524,3.5500162387005725],[-76.30034901770524,3.6000164674146653],[-76.35034924641934,3.6000164674146653],[-76.35034924641934,3.5500162387005725]]]}},{"type":"Feature","properties":{"v":1.97},"geometry":{"type":"Polygon","coordinates":[[[-76.30034901770524,3.5500162387005725],[-76.25034878899116,3.5500162387005725],[-76.25034878899116,3.6000164674146653],[-76.30034901770524,3.6000164674146653],[-76.30034901770524,3.5500162387005725]]]}},{"type":"Feature","properties":{"v":1.1},"geometry":{"type":"Polygon","coordinates":[[[-76.25034878899116,3.5500162387005725],[-76.20034856027706,3.5500162387005725],[-76.20034856027706,3.6000164674146653],[-76.25034878899116,3.6000164674146653],[-76.25034878899116,3.5500162387005725]]]}},{"type":"Feature","properties":{"v":1.1},"geometry":{"type":"Polygon","coordinates":[[[-76.20034856027706,3.5500162387005725],[-76.15034833156297,3.5500162387005725],[-76.15034833156297,3.6000164674146653],[-76.20034856027706,3.6000164674146653],[-76.20034856027706,3.5500162387005725]]]}},{"type":"Feature","properties":{"v":0.71},"geometry":{"type":"Polygon","coordinates":[[[-76.15034833156297,3.5500162387005725],[-76.10034810284888,3.5500162387005725],[-76.10034810284888,3.6000164674146653],[-76.15034833156297,3.6000164674146653],[-76.15034833156297,3.5500162387005725]]]}},{"type":"Feature","properties":{"v":0.71},"geometry":{"type":"Polygon","coordinates":[[[-76.10034810284888,3.5500162387005725],[-76.05034787413479,3.5500162387005725],[-76.05034787413479,3.6000164674146653],[-76.10034810284888,3.6000164674146653],[-76.10034810284888,3.5500162387005725]]]}},{"type":"Feature","properties":{"v":-0.16},"geometry":{"type":"Polygon","coordinates":[[[-76.05034787413479,3.5500162387005725],[-76.00034764542069,3.5500162387005725],[-76.00034764542069,3.6000164674146653],[-76.05034787413479,3.6000164674146653],[-76.05034787413479,3.5500162387005725]]]}},{"type":"Feature","properties":{"v":-0.16},"geometry":{"type":"Polygon","coordinates":[[[-76.00034764542069,3.5500162387005725],[-75.9503474167066,3.5500162387005725],[-75.9503474167066,3.6000164674146653],[-76.00034764542069,3.6000164674146653],[-76.00034764542069,3.5500162387005725]]]}},{"type":"Feature","properties":{"v":-0.67},"geometry":{"type":"Polygon","coordinates":[[[-75.9503474167066,3.5500162387005725],[-75.90034718799251,3.5500162387005725],[-75.90034718799251,3.6000164674146653],[-75.9503474167066,3.6000164674146653],[-75.9503474167066,3.5500162387005725]]]}},{"type":"Feature","properties":{"v":-0.67},"geometry":{"type":"Polygon","coordinates":[[[-75.90034718799251,3.5500162387005725],[-75.85034695927841,3.5500162387005725],[-75.85034695927841,3.6000164674146653],[-75.90034718799251,3.6000164674146653],[-75.90034718799251,3.5500162387005725]]]}},{"type":"Feature","properties":{"v":-0.69},"geometry":{"type":"Polygon","coordinates":[[[-75.85034695927841,3.5500162387005725],[-75.80034673056433,3.5500162387005725],[-75.80034673056433,3.6000164674146653],[-75.85034695927841,3.6000164674146653],[-75.85034695927841,3.5500162387005725]]]}},{"type":"Feature","properties":{"v":-0.69},"geometry":{"type":"Polygon","coordinates":[[[-75.80034673056433,3.5500162387005725],[-75.75034650185023,3.5500162387005725],[-75.75034650185023,3.6000164674146653],[-75.80034673056433,3.6000164674146653],[-75.80034673056433,3.5500162387005725]]]}},{"type":"Feature","properties":{"v":0.39},"geometry":{"type":"Polygon","coordinates":[[[-75.75034650185023,3.5500162387005725],[-75.70034627313613,3.5500162387005725],[-75.70034627313613,3.6000164674146653],[-75.75034650185023,3.6000164674146653],[-75.75034650185023,3.5500162387005725]]]}},{"type":"Feature","properties":{"v":0.39},"geometry":{"type":"Polygon","coordinates":[[[-75.70034627313613,3.5500162387005725],[-75.65034604442205,3.5500162387005725],[-75.65034604442205,3.6000164674146653],[-75.70034627313613,3.6000164674146653],[-75.70034627313613,3.5500162387005725]]]}},{"type":"Feature","properties":{"v":0.43},"geometry":{"type":"Polygon","coordinates":[[[-75.65034604442205,3.5500162387005725],[-75.60034581570795,3.5500162387005725],[-75.60034581570795,3.6000164674146653],[-75.65034604442205,3.6000164674146653],[-75.65034604442205,3.5500162387005725]]]}},{"type":"Feature","properties":{"v":0.43},"geometry":{"type":"Polygon","coordinates":[[[-75.60034581570795,3.5500162387005725],[-75.55034558699386,3.5500162387005725],[-75.55034558699386,3.6000164674146653],[-75.60034581570795,3.6000164674146653],[-75.60034581570795,3.5500162387005725]]]}},{"type":"Feature","properties":{"v":-0.41},"geometry":{"type":"Polygon","coordinates":[[[-75.55034558699386,3.5500162387005725],[-75.50034535827977,3.5500162387005725],[-75.50034535827977,3.6000164674146653],[-75.55034558699386,3.6000164674146653],[-75.55034558699386,3.5500162387005725]]]}},{"type":"Feature","properties":{"v":-0.41},"geometry":{"type":"Polygon","coordinates":[[[-75.50034535827977,3.5500162387005725],[-75.45034512956568,3.5500162387005725],[-75.45034512956568,3.6000164674146653],[-75.50034535827977,3.6000164674146653],[-75.50034535827977,3.5500162387005725]]]}},{"type":"Feature","properties":{"v":-0.18},"geometry":{"type":"Polygon","coordinates":[[[-75.45034512956568,3.5500162387005725],[-75.40034490085158,3.5500162387005725],[-75.40034490085158,3.6000164674146653],[-75.45034512956568,3.6000164674146653],[-75.45034512956568,3.5500162387005725]]]}},{"type":"Feature","properties":{"v":-0.18},"geometry":{"type":"Polygon","coordinates":[[[-75.40034490085158,3.5500162387005725],[-75.3503446721375,3.5500162387005725],[-75.3503446721375,3.6000164674146653],[-75.40034490085158,3.6000164674146653],[-75.40034490085158,3.5500162387005725]]]}},{"type":"Feature","properties":{"v":0.61},"geometry":{"type":"Polygon","coordinates":[[[-75.3503446721375,3.5500162387005725],[-75.3003444434234,3.5500162387005725],[-75.3003444434234,3.6000164674146653],[-75.3503446721375,3.6000164674146653],[-75.3503446721375,3.5500162387005725]]]}},{"type":"Feature","properties":{"v":0.61},"geometry":{"type":"Polygon","coordinates":[[[-75.3003444434234,3.5500162387005725],[-75.2503442147093,3.5500162387005725],[-75.2503442147093,3.6000164674146653],[-75.3003444434234,3.6000164674146653],[-75.3003444434234,3.5500162387005725]]]}},{"type":"Feature","properties":{"v":0.2},"geometry":{"type":"Polygon","coordinates":[[[-75.2503442147093,3.5500162387005725],[-75.20034398599522,3.5500162387005725],[-75.20034398599522,3.6000164674146653],[-75.2503442147093,3.6000164674146653],[-75.2503442147093,3.5500162387005725]]]}},{"type":"Feature","properties":{"v":0.2},"geometry":{"type":"Polygon","coordinates":[[[-75.20034398599522,3.5500162387005725],[-75.15034375728112,3.5500162387005725],[-75.15034375728112,3.6000164674146653],[-75.20034398599522,3.6000164674146653],[-75.20034398599522,3.5500162387005725]]]}},{"type":"Feature","properties":{"v":-0.64},"geometry":{"type":"Polygon","coordinates":[[[-75.15034375728112,3.5500162387005725],[-75.10034352856702,3.5500162387005725],[-75.10034352856702,3.6000164674146653],[-75.15034375728112,3.6000164674146653],[-75.15034375728112,3.5500162387005725]]]}},{"type":"Feature","properties":{"v":1.58},"geometry":{"type":"Polygon","coordinates":[[[-77.35035382070119,3.5000160099864797],[-77.3003535919871,3.5000160099864797],[-77.3003535919871,3.5500162387005725],[-77.35035382070119,3.5500162387005725],[-77.35035382070119,3.5000160099864797]]]}},{"type":"Feature","properties":{"v":1.58},"geometry":{"type":"Polygon","coordinates":[[[-77.3003535919871,3.5000160099864797],[-77.250353363273,3.5000160099864797],[-77.250353363273,3.5500162387005725],[-77.3003535919871,3.5500162387005725],[-77.3003535919871,3.5000160099864797]]]}},{"type":"Feature","properties":{"v":1.55},"geometry":{"type":"Polygon","coordinates":[[[-77.250353363273,3.5000160099864797],[-77.20035313455891,3.5000160099864797],[-77.20035313455891,3.5500162387005725],[-77.250353363273,3.5500162387005725],[-77.250353363273,3.5000160099864797]]]}},{"type":"Feature","properties":{"v":1.55},"geometry":{"type":"Polygon","coordinates":[[[-77.20035313455891,3.5000160099864797],[-77.15035290584483,3.5000160099864797],[-77.15035290584483,3.5500162387005725],[-77.20035313455891,3.5500162387005725],[-77.20035313455891,3.5000160099864797]]]}},{"type":"Feature","properties":{"v":1.64},"geometry":{"type":"Polygon","coordinates":[[[-77.15035290584483,3.5000160099864797],[-77.10035267713073,3.5000160099864797],[-77.10035267713073,3.5500162387005725],[-77.15035290584483,3.5500162387005725],[-77.15035290584483,3.5000160099864797]]]}},{"type":"Feature","properties":{"v":1.64},"geometry":{"type":"Polygon","coordinates":[[[-77.10035267713073,3.5000160099864797],[-77.05035244841663,3.5000160099864797],[-77.05035244841663,3.5500162387005725],[-77.10035267713073,3.5500162387005725],[-77.10035267713073,3.5000160099864797]]]}},{"type":"Feature","properties":{"v":1.37},"geometry":{"type":"Polygon","coordinates":[[[-77.05035244841663,3.5000160099864797],[-77.00035221970255,3.5000160099864797],[-77.00035221970255,3.5500162387005725],[-77.05035244841663,3.5500162387005725],[-77.05035244841663,3.5000160099864797]]]}},{"type":"Feature","properties":{"v":1.37},"geometry":{"type":"Polygon","coordinates":[[[-77.00035221970255,3.5000160099864797],[-76.95035199098845,3.5000160099864797],[-76.95035199098845,3.5500162387005725],[-77.00035221970255,3.5500162387005725],[-77.00035221970255,3.5000160099864797]]]}},{"type":"Feature","properties":{"v":1.15},"geometry":{"type":"Polygon","coordinates":[[[-76.95035199098845,3.5000160099864797],[-76.90035176227435,3.5000160099864797],[-76.90035176227435,3.5500162387005725],[-76.95035199098845,3.5500162387005725],[-76.95035199098845,3.5000160099864797]]]}},{"type":"Feature","properties":{"v":1.15},"geometry":{"type":"Polygon","coordinates":[[[-76.90035176227435,3.5000160099864797],[-76.85035153356027,3.5000160099864797],[-76.85035153356027,3.5500162387005725],[-76.90035176227435,3.5500162387005725],[-76.90035176227435,3.5000160099864797]]]}},{"type":"Feature","properties":{"v":1.2},"geometry":{"type":"Polygon","coordinates":[[[-76.85035153356027,3.5000160099864797],[-76.80035130484617,3.5000160099864797],[-76.80035130484617,3.5500162387005725],[-76.85035153356027,3.5500162387005725],[-76.85035153356027,3.5000160099864797]]]}},{"type":"Feature","properties":{"v":1.2},"geometry":{"type":"Polygon","coordinates":[[[-76.80035130484617,3.5000160099864797],[-76.75035107613208,3.5000160099864797],[-76.75035107613208,3.5500162387005725],[-76.80035130484617,3.5500162387005725],[-76.80035130484617,3.5000160099864797]]]}},{"type":"Feature","properties":{"v":1.34},"geometry":{"type":"Polygon","coordinates":[[[-76.75035107613208,3.5000160099864797],[-76.700350847418,3.5000160099864797],[-76.700350847418,3.5500162387005725],[-76.75035107613208,3.5500162387005725],[-76.75035107613208,3.5000160099864797]]]}},{"type":"Feature","properties":{"v":1.34},"geometry":{"type":"Polygon","coordinates":[[[-76.700350847418,3.5000160099864797],[-76.6503506187039,3.5000160099864797],[-76.6503506187039,3.5500162387005725],[-76.700350847418,3.5500162387005725],[-76.700350847418,3.5000160099864797]]]}},{"type":"Feature","properties":{"v":1.27},"geometry":{"type":"Polygon","coordinates":[[[-76.6503506187039,3.5000160099864797],[-76.6003503899898,3.5000160099864797],[-76.6003503899898,3.5500162387005725],[-76.6503506187039,3.5500162387005725],[-76.6503506187039,3.5000160099864797]]]}},{"type":"Feature","properties":{"v":1.27},"geometry":{"type":"Polygon","coordinates":[[[-76.6003503899898,3.5000160099864797],[-76.55035016127572,3.5000160099864797],[-76.55035016127572,3.5500162387005725],[-76.6003503899898,3.5500162387005725],[-76.6003503899898,3.5000160099864797]]]}},{"type":"Feature","properties":{"v":1.41},"geometry":{"type":"Polygon","coordinates":[[[-76.55035016127572,3.5000160099864797],[-76.50034993256162,3.5000160099864797],[-76.50034993256162,3.5500162387005725],[-76.55035016127572,3.5500162387005725],[-76.55035016127572,3.5000160099864797]]]}},{"type":"Feature","properties":{"v":1.41},"geometry":{"type":"Polygon","coordinates":[[[-76.50034993256162,3.5000160099864797],[-76.45034970384752,3.5000160099864797],[-76.45034970384752,3.5500162387005725],[-76.50034993256162,3.5500162387005725],[-76.50034993256162,3.5000160099864797]]]}},{"type":"Feature","properties":{"v":1.93},"geometry":{"type":"Polygon","coordinates":[[[-76.45034970384752,3.5000160099864797],[-76.40034947513344,3.5000160099864797],[-76.40034947513344,3.5500162387005725],[-76.45034970384752,3.5500162387005725],[-76.45034970384752,3.5000160099864797]]]}},{"type":"Feature","properties":{"v":1.93},"geometry":{"type":"Polygon","coordinates":[[[-76.40034947513344,3.5000160099864797],[-76.35034924641934,3.5000160099864797],[-76.35034924641934,3.5500162387005725],[-76.40034947513344,3.5500162387005725],[-76.40034947513344,3.5000160099864797]]]}},{"type":"Feature","properties":{"v":2.05},"geometry":{"type":"Polygon","coordinates":[[[-76.35034924641934,3.5000160099864797],[-76.30034901770524,3.5000160099864797],[-76.30034901770524,3.5500162387005725],[-76.35034924641934,3.5500162387005725],[-76.35034924641934,3.5000160099864797]]]}},{"type":"Feature","properties":{"v":2.05},"geometry":{"type":"Polygon","coordinates":[[[-76.30034901770524,3.5000160099864797],[-76.25034878899116,3.5000160099864797],[-76.25034878899116,3.5500162387005725],[-76.30034901770524,3.5500162387005725],[-76.30034901770524,3.5000160099864797]]]}},{"type":"Feature","properties":{"v":1.08},"geometry":{"type":"Polygon","coordinates":[[[-76.25034878899116,3.5000160099864797],[-76.20034856027706,3.5000160099864797],[-76.20034856027706,3.5500162387005725],[-76.25034878899116,3.5500162387005725],[-76.25034878899116,3.5000160099864797]]]}},{"type":"Feature","properties":{"v":1.08},"geometry":{"type":"Polygon","coordinates":[[[-76.20034856027706,3.5000160099864797],[-76.15034833156297,3.5000160099864797],[-76.15034833156297,3.5500162387005725],[-76.20034856027706,3.5500162387005725],[-76.20034856027706,3.5000160099864797]]]}},{"type":"Feature","properties":{"v":0.79},"geometry":{"type":"Polygon","coordinates":[[[-76.15034833156297,3.5000160099864797],[-76.10034810284888,3.5000160099864797],[-76.10034810284888,3.5500162387005725],[-76.15034833156297,3.5500162387005725],[-76.15034833156297,3.5000160099864797]]]}},{"type":"Feature","properties":{"v":0.79},"geometry":{"type":"Polygon","coordinates":[[[-76.10034810284888,3.5000160099864797],[-76.05034787413479,3.5000160099864797],[-76.05034787413479,3.5500162387005725],[-76.10034810284888,3.5500162387005725],[-76.10034810284888,3.5000160099864797]]]}},{"type":"Feature","properties":{"v":-0.39},"geometry":{"type":"Polygon","coordinates":[[[-76.05034787413479,3.5000160099864797],[-76.00034764542069,3.5000160099864797],[-76.00034764542069,3.5500162387005725],[-76.05034787413479,3.5500162387005725],[-76.05034787413479,3.5000160099864797]]]}},{"type":"Feature","properties":{"v":-0.39},"geometry":{"type":"Polygon","coordinates":[[[-76.00034764542069,3.5000160099864797],[-75.9503474167066,3.5000160099864797],[-75.9503474167066,3.5500162387005725],[-76.00034764542069,3.5500162387005725],[-76.00034764542069,3.5000160099864797]]]}},{"type":"Feature","properties":{"v":-0.23},"geometry":{"type":"Polygon","coordinates":[[[-75.9503474167066,3.5000160099864797],[-75.90034718799251,3.5000160099864797],[-75.90034718799251,3.5500162387005725],[-75.9503474167066,3.5500162387005725],[-75.9503474167066,3.5000160099864797]]]}},{"type":"Feature","properties":{"v":-0.23},"geometry":{"type":"Polygon","coordinates":[[[-75.90034718799251,3.5000160099864797],[-75.85034695927841,3.5000160099864797],[-75.85034695927841,3.5500162387005725],[-75.90034718799251,3.5500162387005725],[-75.90034718799251,3.5000160099864797]]]}},{"type":"Feature","properties":{"v":0.35},"geometry":{"type":"Polygon","coordinates":[[[-75.85034695927841,3.5000160099864797],[-75.80034673056433,3.5000160099864797],[-75.80034673056433,3.5500162387005725],[-75.85034695927841,3.5500162387005725],[-75.85034695927841,3.5000160099864797]]]}},{"type":"Feature","properties":{"v":0.35},"geometry":{"type":"Polygon","coordinates":[[[-75.80034673056433,3.5000160099864797],[-75.75034650185023,3.5000160099864797],[-75.75034650185023,3.5500162387005725],[-75.80034673056433,3.5500162387005725],[-75.80034673056433,3.5000160099864797]]]}},{"type":"Feature","properties":{"v":0.58},"geometry":{"type":"Polygon","coordinates":[[[-75.75034650185023,3.5000160099864797],[-75.70034627313613,3.5000160099864797],[-75.70034627313613,3.5500162387005725],[-75.75034650185023,3.5500162387005725],[-75.75034650185023,3.5000160099864797]]]}},{"type":"Feature","properties":{"v":0.58},"geometry":{"type":"Polygon","coordinates":[[[-75.70034627313613,3.5000160099864797],[-75.65034604442205,3.5000160099864797],[-75.65034604442205,3.5500162387005725],[-75.70034627313613,3.5500162387005725],[-75.70034627313613,3.5000160099864797]]]}},{"type":"Feature","properties":{"v":0.22},"geometry":{"type":"Polygon","coordinates":[[[-75.65034604442205,3.5000160099864797],[-75.60034581570795,3.5000160099864797],[-75.60034581570795,3.5500162387005725],[-75.65034604442205,3.5500162387005725],[-75.65034604442205,3.5000160099864797]]]}},{"type":"Feature","properties":{"v":0.22},"geometry":{"type":"Polygon","coordinates":[[[-75.60034581570795,3.5000160099864797],[-75.55034558699386,3.5000160099864797],[-75.55034558699386,3.5500162387005725],[-75.60034581570795,3.5500162387005725],[-75.60034581570795,3.5000160099864797]]]}},{"type":"Feature","properties":{"v":-0.13},"geometry":{"type":"Polygon","coordinates":[[[-75.55034558699386,3.5000160099864797],[-75.50034535827977,3.5000160099864797],[-75.50034535827977,3.5500162387005725],[-75.55034558699386,3.5500162387005725],[-75.55034558699386,3.5000160099864797]]]}},{"type":"Feature","properties":{"v":-0.13},"geometry":{"type":"Polygon","coordinates":[[[-75.50034535827977,3.5000160099864797],[-75.45034512956568,3.5000160099864797],[-75.45034512956568,3.5500162387005725],[-75.50034535827977,3.5500162387005725],[-75.50034535827977,3.5000160099864797]]]}},{"type":"Feature","properties":{"v":-0.06},"geometry":{"type":"Polygon","coordinates":[[[-75.45034512956568,3.5000160099864797],[-75.40034490085158,3.5000160099864797],[-75.40034490085158,3.5500162387005725],[-75.45034512956568,3.5500162387005725],[-75.45034512956568,3.5000160099864797]]]}},{"type":"Feature","properties":{"v":-0.06},"geometry":{"type":"Polygon","coordinates":[[[-75.40034490085158,3.5000160099864797],[-75.3503446721375,3.5000160099864797],[-75.3503446721375,3.5500162387005725],[-75.40034490085158,3.5500162387005725],[-75.40034490085158,3.5000160099864797]]]}},{"type":"Feature","properties":{"v":0.04},"geometry":{"type":"Polygon","coordinates":[[[-75.3503446721375,3.5000160099864797],[-75.3003444434234,3.5000160099864797],[-75.3003444434234,3.5500162387005725],[-75.3503446721375,3.5500162387005725],[-75.3503446721375,3.5000160099864797]]]}},{"type":"Feature","properties":{"v":0.04},"geometry":{"type":"Polygon","coordinates":[[[-75.3003444434234,3.5000160099864797],[-75.2503442147093,3.5000160099864797],[-75.2503442147093,3.5500162387005725],[-75.3003444434234,3.5500162387005725],[-75.3003444434234,3.5000160099864797]]]}},{"type":"Feature","properties":{"v":-0.41},"geometry":{"type":"Polygon","coordinates":[[[-75.2503442147093,3.5000160099864797],[-75.20034398599522,3.5000160099864797],[-75.20034398599522,3.5500162387005725],[-75.2503442147093,3.5500162387005725],[-75.2503442147093,3.5000160099864797]]]}},{"type":"Feature","properties":{"v":-0.41},"geometry":{"type":"Polygon","coordinates":[[[-75.20034398599522,3.5000160099864797],[-75.15034375728112,3.5000160099864797],[-75.15034375728112,3.5500162387005725],[-75.20034398599522,3.5500162387005725],[-75.20034398599522,3.5000160099864797]]]}},{"type":"Feature","properties":{"v":-0.65},"geometry":{"type":"Polygon","coordinates":[[[-75.15034375728112,3.5000160099864797],[-75.10034352856702,3.5000160099864797],[-75.10034352856702,3.5500162387005725],[-75.15034375728112,3.5500162387005725],[-75.15034375728112,3.5000160099864797]]]}},{"type":"Feature","properties":{"v":1.58},"geometry":{"type":"Polygon","coordinates":[[[-77.35035382070119,3.4500157812723873],[-77.3003535919871,3.4500157812723873],[-77.3003535919871,3.5000160099864797],[-77.35035382070119,3.5000160099864797],[-77.35035382070119,3.4500157812723873]]]}},{"type":"Feature","properties":{"v":1.58},"geometry":{"type":"Polygon","coordinates":[[[-77.3003535919871,3.4500157812723873],[-77.250353363273,3.4500157812723873],[-77.250353363273,3.5000160099864797],[-77.3003535919871,3.5000160099864797],[-77.3003535919871,3.4500157812723873]]]}},{"type":"Feature","properties":{"v":1.55},"geometry":{"type":"Polygon","coordinates":[[[-77.250353363273,3.4500157812723873],[-77.20035313455891,3.4500157812723873],[-77.20035313455891,3.5000160099864797],[-77.250353363273,3.5000160099864797],[-77.250353363273,3.4500157812723873]]]}},{"type":"Feature","properties":{"v":1.55},"geometry":{"type":"Polygon","coordinates":[[[-77.20035313455891,3.4500157812723873],[-77.15035290584483,3.4500157812723873],[-77.15035290584483,3.5000160099864797],[-77.20035313455891,3.5000160099864797],[-77.20035313455891,3.4500157812723873]]]}},{"type":"Feature","properties":{"v":1.64},"geometry":{"type":"Polygon","coordinates":[[[-77.15035290584483,3.4500157812723873],[-77.10035267713073,3.4500157812723873],[-77.10035267713073,3.5000160099864797],[-77.15035290584483,3.5000160099864797],[-77.15035290584483,3.4500157812723873]]]}},{"type":"Feature","properties":{"v":1.64},"geometry":{"type":"Polygon","coordinates":[[[-77.10035267713073,3.4500157812723873],[-77.05035244841663,3.4500157812723873],[-77.05035244841663,3.5000160099864797],[-77.10035267713073,3.5000160099864797],[-77.10035267713073,3.4500157812723873]]]}},{"type":"Feature","properties":{"v":1.37},"geometry":{"type":"Polygon","coordinates":[[[-77.05035244841663,3.4500157812723873],[-77.00035221970255,3.4500157812723873],[-77.00035221970255,3.5000160099864797],[-77.05035244841663,3.5000160099864797],[-77.05035244841663,3.4500157812723873]]]}},{"type":"Feature","properties":{"v":1.37},"geometry":{"type":"Polygon","coordinates":[[[-77.00035221970255,3.4500157812723873],[-76.95035199098845,3.4500157812723873],[-76.95035199098845,3.5000160099864797],[-77.00035221970255,3.5000160099864797],[-77.00035221970255,3.4500157812723873]]]}},{"type":"Feature","properties":{"v":1.15},"geometry":{"type":"Polygon","coordinates":[[[-76.95035199098845,3.4500157812723873],[-76.90035176227435,3.4500157812723873],[-76.90035176227435,3.5000160099864797],[-76.95035199098845,3.5000160099864797],[-76.95035199098845,3.4500157812723873]]]}},{"type":"Feature","properties":{"v":1.15},"geometry":{"type":"Polygon","coordinates":[[[-76.90035176227435,3.4500157812723873],[-76.85035153356027,3.4500157812723873],[-76.85035153356027,3.5000160099864797],[-76.90035176227435,3.5000160099864797],[-76.90035176227435,3.4500157812723873]]]}},{"type":"Feature","properties":{"v":1.2},"geometry":{"type":"Polygon","coordinates":[[[-76.85035153356027,3.4500157812723873],[-76.80035130484617,3.4500157812723873],[-76.80035130484617,3.5000160099864797],[-76.85035153356027,3.5000160099864797],[-76.85035153356027,3.4500157812723873]]]}},{"type":"Feature","properties":{"v":1.2},"geometry":{"type":"Polygon","coordinates":[[[-76.80035130484617,3.4500157812723873],[-76.75035107613208,3.4500157812723873],[-76.75035107613208,3.5000160099864797],[-76.80035130484617,3.5000160099864797],[-76.80035130484617,3.4500157812723873]]]}},{"type":"Feature","properties":{"v":1.34},"geometry":{"type":"Polygon","coordinates":[[[-76.75035107613208,3.4500157812723873],[-76.700350847418,3.4500157812723873],[-76.700350847418,3.5000160099864797],[-76.75035107613208,3.5000160099864797],[-76.75035107613208,3.4500157812723873]]]}},{"type":"Feature","properties":{"v":1.34},"geometry":{"type":"Polygon","coordinates":[[[-76.700350847418,3.4500157812723873],[-76.6503506187039,3.4500157812723873],[-76.6503506187039,3.5000160099864797],[-76.700350847418,3.5000160099864797],[-76.700350847418,3.4500157812723873]]]}},{"type":"Feature","properties":{"v":1.27},"geometry":{"type":"Polygon","coordinates":[[[-76.6503506187039,3.4500157812723873],[-76.6003503899898,3.4500157812723873],[-76.6003503899898,3.5000160099864797],[-76.6503506187039,3.5000160099864797],[-76.6503506187039,3.4500157812723873]]]}},{"type":"Feature","properties":{"v":1.27},"geometry":{"type":"Polygon","coordinates":[[[-76.6003503899898,3.4500157812723873],[-76.55035016127572,3.4500157812723873],[-76.55035016127572,3.5000160099864797],[-76.6003503899898,3.5000160099864797],[-76.6003503899898,3.4500157812723873]]]}},{"type":"Feature","properties":{"v":1.41},"geometry":{"type":"Polygon","coordinates":[[[-76.55035016127572,3.4500157812723873],[-76.50034993256162,3.4500157812723873],[-76.50034993256162,3.5000160099864797],[-76.55035016127572,3.5000160099864797],[-76.55035016127572,3.4500157812723873]]]}},{"type":"Feature","properties":{"v":1.41},"geometry":{"type":"Polygon","coordinates":[[[-76.50034993256162,3.4500157812723873],[-76.45034970384752,3.4500157812723873],[-76.45034970384752,3.5000160099864797],[-76.50034993256162,3.5000160099864797],[-76.50034993256162,3.4500157812723873]]]}},{"type":"Feature","properties":{"v":1.93},"geometry":{"type":"Polygon","coordinates":[[[-76.45034970384752,3.4500157812723873],[-76.40034947513344,3.4500157812723873],[-76.40034947513344,3.5000160099864797],[-76.45034970384752,3.5000160099864797],[-76.45034970384752,3.4500157812723873]]]}},{"type":"Feature","properties":{"v":1.93},"geometry":{"type":"Polygon","coordinates":[[[-76.40034947513344,3.4500157812723873],[-76.35034924641934,3.4500157812723873],[-76.35034924641934,3.5000160099864797],[-76.40034947513344,3.5000160099864797],[-76.40034947513344,3.4500157812723873]]]}},{"type":"Feature","properties":{"v":2.05},"geometry":{"type":"Polygon","coordinates":[[[-76.35034924641934,3.4500157812723873],[-76.30034901770524,3.4500157812723873],[-76.30034901770524,3.5000160099864797],[-76.35034924641934,3.5000160099864797],[-76.35034924641934,3.4500157812723873]]]}},{"type":"Feature","properties":{"v":2.05},"geometry":{"type":"Polygon","coordinates":[[[-76.30034901770524,3.4500157812723873],[-76.25034878899116,3.4500157812723873],[-76.25034878899116,3.5000160099864797],[-76.30034901770524,3.5000160099864797],[-76.30034901770524,3.4500157812723873]]]}},{"type":"Feature","properties":{"v":1.08},"geometry":{"type":"Polygon","coordinates":[[[-76.25034878899116,3.4500157812723873],[-76.20034856027706,3.4500157812723873],[-76.20034856027706,3.5000160099864797],[-76.25034878899116,3.5000160099864797],[-76.25034878899116,3.4500157812723873]]]}},{"type":"Feature","properties":{"v":1.08},"geometry":{"type":"Polygon","coordinates":[[[-76.20034856027706,3.4500157812723873],[-76.15034833156297,3.4500157812723873],[-76.15034833156297,3.5000160099864797],[-76.20034856027706,3.5000160099864797],[-76.20034856027706,3.4500157812723873]]]}},{"type":"Feature","properties":{"v":0.79},"geometry":{"type":"Polygon","coordinates":[[[-76.15034833156297,3.4500157812723873],[-76.10034810284888,3.4500157812723873],[-76.10034810284888,3.5000160099864797],[-76.15034833156297,3.5000160099864797],[-76.15034833156297,3.4500157812723873]]]}},{"type":"Feature","properties":{"v":0.79},"geometry":{"type":"Polygon","coordinates":[[[-76.10034810284888,3.4500157812723873],[-76.05034787413479,3.4500157812723873],[-76.05034787413479,3.5000160099864797],[-76.10034810284888,3.5000160099864797],[-76.10034810284888,3.4500157812723873]]]}},{"type":"Feature","properties":{"v":-0.39},"geometry":{"type":"Polygon","coordinates":[[[-76.05034787413479,3.4500157812723873],[-76.00034764542069,3.4500157812723873],[-76.00034764542069,3.5000160099864797],[-76.05034787413479,3.5000160099864797],[-76.05034787413479,3.4500157812723873]]]}},{"type":"Feature","properties":{"v":-0.39},"geometry":{"type":"Polygon","coordinates":[[[-76.00034764542069,3.4500157812723873],[-75.9503474167066,3.4500157812723873],[-75.9503474167066,3.5000160099864797],[-76.00034764542069,3.5000160099864797],[-76.00034764542069,3.4500157812723873]]]}},{"type":"Feature","properties":{"v":-0.23},"geometry":{"type":"Polygon","coordinates":[[[-75.9503474167066,3.4500157812723873],[-75.90034718799251,3.4500157812723873],[-75.90034718799251,3.5000160099864797],[-75.9503474167066,3.5000160099864797],[-75.9503474167066,3.4500157812723873]]]}},{"type":"Feature","properties":{"v":-0.23},"geometry":{"type":"Polygon","coordinates":[[[-75.90034718799251,3.4500157812723873],[-75.85034695927841,3.4500157812723873],[-75.85034695927841,3.5000160099864797],[-75.90034718799251,3.5000160099864797],[-75.90034718799251,3.4500157812723873]]]}},{"type":"Feature","properties":{"v":0.35},"geometry":{"type":"Polygon","coordinates":[[[-75.85034695927841,3.4500157812723873],[-75.80034673056433,3.4500157812723873],[-75.80034673056433,3.5000160099864797],[-75.85034695927841,3.5000160099864797],[-75.85034695927841,3.4500157812723873]]]}},{"type":"Feature","properties":{"v":0.35},"geometry":{"type":"Polygon","coordinates":[[[-75.80034673056433,3.4500157812723873],[-75.75034650185023,3.4500157812723873],[-75.75034650185023,3.5000160099864797],[-75.80034673056433,3.5000160099864797],[-75.80034673056433,3.4500157812723873]]]}},{"type":"Feature","properties":{"v":0.58},"geometry":{"type":"Polygon","coordinates":[[[-75.75034650185023,3.4500157812723873],[-75.70034627313613,3.4500157812723873],[-75.70034627313613,3.5000160099864797],[-75.75034650185023,3.5000160099864797],[-75.75034650185023,3.4500157812723873]]]}},{"type":"Feature","properties":{"v":0.58},"geometry":{"type":"Polygon","coordinates":[[[-75.70034627313613,3.4500157812723873],[-75.65034604442205,3.4500157812723873],[-75.65034604442205,3.5000160099864797],[-75.70034627313613,3.5000160099864797],[-75.70034627313613,3.4500157812723873]]]}},{"type":"Feature","properties":{"v":0.22},"geometry":{"type":"Polygon","coordinates":[[[-75.65034604442205,3.4500157812723873],[-75.60034581570795,3.4500157812723873],[-75.60034581570795,3.5000160099864797],[-75.65034604442205,3.5000160099864797],[-75.65034604442205,3.4500157812723873]]]}},{"type":"Feature","properties":{"v":0.22},"geometry":{"type":"Polygon","coordinates":[[[-75.60034581570795,3.4500157812723873],[-75.55034558699386,3.4500157812723873],[-75.55034558699386,3.5000160099864797],[-75.60034581570795,3.5000160099864797],[-75.60034581570795,3.4500157812723873]]]}},{"type":"Feature","properties":{"v":-0.13},"geometry":{"type":"Polygon","coordinates":[[[-75.55034558699386,3.4500157812723873],[-75.50034535827977,3.4500157812723873],[-75.50034535827977,3.5000160099864797],[-75.55034558699386,3.5000160099864797],[-75.55034558699386,3.4500157812723873]]]}},{"type":"Feature","properties":{"v":-0.13},"geometry":{"type":"Polygon","coordinates":[[[-75.50034535827977,3.4500157812723873],[-75.45034512956568,3.4500157812723873],[-75.45034512956568,3.5000160099864797],[-75.50034535827977,3.5000160099864797],[-75.50034535827977,3.4500157812723873]]]}},{"type":"Feature","properties":{"v":-0.06},"geometry":{"type":"Polygon","coordinates":[[[-75.45034512956568,3.4500157812723873],[-75.40034490085158,3.4500157812723873],[-75.40034490085158,3.5000160099864797],[-75.45034512956568,3.5000160099864797],[-75.45034512956568,3.4500157812723873]]]}},{"type":"Feature","properties":{"v":-0.06},"geometry":{"type":"Polygon","coordinates":[[[-75.40034490085158,3.4500157812723873],[-75.3503446721375,3.4500157812723873],[-75.3503446721375,3.5000160099864797],[-75.40034490085158,3.5000160099864797],[-75.40034490085158,3.4500157812723873]]]}},{"type":"Feature","properties":{"v":0.04},"geometry":{"type":"Polygon","coordinates":[[[-75.3503446721375,3.4500157812723873],[-75.3003444434234,3.4500157812723873],[-75.3003444434234,3.5000160099864797],[-75.3503446721375,3.5000160099864797],[-75.3503446721375,3.4500157812723873]]]}},{"type":"Feature","properties":{"v":0.04},"geometry":{"type":"Polygon","coordinates":[[[-75.3003444434234,3.4500157812723873],[-75.2503442147093,3.4500157812723873],[-75.2503442147093,3.5000160099864797],[-75.3003444434234,3.5000160099864797],[-75.3003444434234,3.4500157812723873]]]}},{"type":"Feature","properties":{"v":-0.41},"geometry":{"type":"Polygon","coordinates":[[[-75.2503442147093,3.4500157812723873],[-75.20034398599522,3.4500157812723873],[-75.20034398599522,3.5000160099864797],[-75.2503442147093,3.5000160099864797],[-75.2503442147093,3.4500157812723873]]]}},{"type":"Feature","properties":{"v":-0.41},"geometry":{"type":"Polygon","coordinates":[[[-75.20034398599522,3.4500157812723873],[-75.15034375728112,3.4500157812723873],[-75.15034375728112,3.5000160099864797],[-75.20034398599522,3.5000160099864797],[-75.20034398599522,3.4500157812723873]]]}},{"type":"Feature","properties":{"v":-0.65},"geometry":{"type":"Polygon","coordinates":[[[-75.15034375728112,3.4500157812723873],[-75.10034352856702,3.4500157812723873],[-75.10034352856702,3.5000160099864797],[-75.15034375728112,3.5000160099864797],[-75.15034375728112,3.4500157812723873]]]}},{"type":"Feature","properties":{"v":1.69},"geometry":{"type":"Polygon","coordinates":[[[-77.35035382070119,3.400015552558295],[-77.3003535919871,3.400015552558295],[-77.3003535919871,3.4500157812723873],[-77.35035382070119,3.4500157812723873],[-77.35035382070119,3.400015552558295]]]}},{"type":"Feature","properties":{"v":1.69},"geometry":{"type":"Polygon","coordinates":[[[-77.3003535919871,3.400015552558295],[-77.250353363273,3.400015552558295],[-77.250353363273,3.4500157812723873],[-77.3003535919871,3.4500157812723873],[-77.3003535919871,3.400015552558295]]]}},{"type":"Feature","properties":{"v":1.66},"geometry":{"type":"Polygon","coordinates":[[[-77.250353363273,3.400015552558295],[-77.20035313455891,3.400015552558295],[-77.20035313455891,3.4500157812723873],[-77.250353363273,3.4500157812723873],[-77.250353363273,3.400015552558295]]]}},{"type":"Feature","properties":{"v":1.66},"geometry":{"type":"Polygon","coordinates":[[[-77.20035313455891,3.400015552558295],[-77.15035290584483,3.400015552558295],[-77.15035290584483,3.4500157812723873],[-77.20035313455891,3.4500157812723873],[-77.20035313455891,3.400015552558295]]]}},{"type":"Feature","properties":{"v":1.55},"geometry":{"type":"Polygon","coordinates":[[[-77.15035290584483,3.400015552558295],[-77.10035267713073,3.400015552558295],[-77.10035267713073,3.4500157812723873],[-77.15035290584483,3.4500157812723873],[-77.15035290584483,3.400015552558295]]]}},{"type":"Feature","properties":{"v":1.55},"geometry":{"type":"Polygon","coordinates":[[[-77.10035267713073,3.400015552558295],[-77.05035244841663,3.400015552558295],[-77.05035244841663,3.4500157812723873],[-77.10035267713073,3.4500157812723873],[-77.10035267713073,3.400015552558295]]]}},{"type":"Feature","properties":{"v":1.38},"geometry":{"type":"Polygon","coordinates":[[[-77.05035244841663,3.400015552558295],[-77.00035221970255,3.400015552558295],[-77.00035221970255,3.4500157812723873],[-77.05035244841663,3.4500157812723873],[-77.05035244841663,3.400015552558295]]]}},{"type":"Feature","properties":{"v":1.38},"geometry":{"type":"Polygon","coordinates":[[[-77.00035221970255,3.400015552558295],[-76.95035199098845,3.400015552558295],[-76.95035199098845,3.4500157812723873],[-77.00035221970255,3.4500157812723873],[-77.00035221970255,3.400015552558295]]]}},{"type":"Feature","properties":{"v":1.1},"geometry":{"type":"Polygon","coordinates":[[[-76.95035199098845,3.400015552558295],[-76.90035176227435,3.400015552558295],[-76.90035176227435,3.4500157812723873],[-76.95035199098845,3.4500157812723873],[-76.95035199098845,3.400015552558295]]]}},{"type":"Feature","properties":{"v":1.1},"geometry":{"type":"Polygon","coordinates":[[[-76.90035176227435,3.400015552558295],[-76.85035153356027,3.400015552558295],[-76.85035153356027,3.4500157812723873],[-76.90035176227435,3.4500157812723873],[-76.90035176227435,3.400015552558295]]]}},{"type":"Feature","properties":{"v":1.16},"geometry":{"type":"Polygon","coordinates":[[[-76.85035153356027,3.400015552558295],[-76.80035130484617,3.400015552558295],[-76.80035130484617,3.4500157812723873],[-76.85035153356027,3.4500157812723873],[-76.85035153356027,3.400015552558295]]]}},{"type":"Feature","properties":{"v":1.16},"geometry":{"type":"Polygon","coordinates":[[[-76.80035130484617,3.400015552558295],[-76.75035107613208,3.400015552558295],[-76.75035107613208,3.4500157812723873],[-76.80035130484617,3.4500157812723873],[-76.80035130484617,3.400015552558295]]]}},{"type":"Feature","properties":{"v":0.96},"geometry":{"type":"Polygon","coordinates":[[[-76.75035107613208,3.400015552558295],[-76.700350847418,3.400015552558295],[-76.700350847418,3.4500157812723873],[-76.75035107613208,3.4500157812723873],[-76.75035107613208,3.400015552558295]]]}},{"type":"Feature","properties":{"v":0.96},"geometry":{"type":"Polygon","coordinates":[[[-76.700350847418,3.400015552558295],[-76.6503506187039,3.400015552558295],[-76.6503506187039,3.4500157812723873],[-76.700350847418,3.4500157812723873],[-76.700350847418,3.400015552558295]]]}},{"type":"Feature","properties":{"v":0.86},"geometry":{"type":"Polygon","coordinates":[[[-76.6503506187039,3.400015552558295],[-76.6003503899898,3.400015552558295],[-76.6003503899898,3.4500157812723873],[-76.6503506187039,3.4500157812723873],[-76.6503506187039,3.400015552558295]]]}},{"type":"Feature","properties":{"v":0.86},"geometry":{"type":"Polygon","coordinates":[[[-76.6003503899898,3.400015552558295],[-76.55035016127572,3.400015552558295],[-76.55035016127572,3.4500157812723873],[-76.6003503899898,3.4500157812723873],[-76.6003503899898,3.400015552558295]]]}},{"type":"Feature","properties":{"v":1.42},"geometry":{"type":"Polygon","coordinates":[[[-76.55035016127572,3.400015552558295],[-76.50034993256162,3.400015552558295],[-76.50034993256162,3.4500157812723873],[-76.55035016127572,3.4500157812723873],[-76.55035016127572,3.400015552558295]]]}},{"type":"Feature","properties":{"v":1.42},"geometry":{"type":"Polygon","coordinates":[[[-76.50034993256162,3.400015552558295],[-76.45034970384752,3.400015552558295],[-76.45034970384752,3.4500157812723873],[-76.50034993256162,3.4500157812723873],[-76.50034993256162,3.400015552558295]]]}},{"type":"Feature","properties":{"v":2.01},"geometry":{"type":"Polygon","coordinates":[[[-76.45034970384752,3.400015552558295],[-76.40034947513344,3.400015552558295],[-76.40034947513344,3.4500157812723873],[-76.45034970384752,3.4500157812723873],[-76.45034970384752,3.400015552558295]]]}},{"type":"Feature","properties":{"v":2.01},"geometry":{"type":"Polygon","coordinates":[[[-76.40034947513344,3.400015552558295],[-76.35034924641934,3.400015552558295],[-76.35034924641934,3.4500157812723873],[-76.40034947513344,3.4500157812723873],[-76.40034947513344,3.400015552558295]]]}},{"type":"Feature","properties":{"v":2.0},"geometry":{"type":"Polygon","coordinates":[[[-76.35034924641934,3.400015552558295],[-76.30034901770524,3.400015552558295],[-76.30034901770524,3.4500157812723873],[-76.35034924641934,3.4500157812723873],[-76.35034924641934,3.400015552558295]]]}},{"type":"Feature","properties":{"v":2.0},"geometry":{"type":"Polygon","coordinates":[[[-76.30034901770524,3.400015552558295],[-76.25034878899116,3.400015552558295],[-76.25034878899116,3.4500157812723873],[-76.30034901770524,3.4500157812723873],[-76.30034901770524,3.400015552558295]]]}},{"type":"Feature","properties":{"v":1.22},"geometry":{"type":"Polygon","coordinates":[[[-76.25034878899116,3.400015552558295],[-76.20034856027706,3.400015552558295],[-76.20034856027706,3.4500157812723873],[-76.25034878899116,3.4500157812723873],[-76.25034878899116,3.400015552558295]]]}},{"type":"Feature","properties":{"v":1.22},"geometry":{"type":"Polygon","coordinates":[[[-76.20034856027706,3.400015552558295],[-76.15034833156297,3.400015552558295],[-76.15034833156297,3.4500157812723873],[-76.20034856027706,3.4500157812723873],[-76.20034856027706,3.400015552558295]]]}},{"type":"Feature","properties":{"v":1.08},"geometry":{"type":"Polygon","coordinates":[[[-76.15034833156297,3.400015552558295],[-76.10034810284888,3.400015552558295],[-76.10034810284888,3.4500157812723873],[-76.15034833156297,3.4500157812723873],[-76.15034833156297,3.400015552558295]]]}},{"type":"Feature","properties":{"v":1.08},"geometry":{"type":"Polygon","coordinates":[[[-76.10034810284888,3.400015552558295],[-76.05034787413479,3.400015552558295],[-76.05034787413479,3.4500157812723873],[-76.10034810284888,3.4500157812723873],[-76.10034810284888,3.400015552558295]]]}},{"type":"Feature","properties":{"v":0.29},"geometry":{"type":"Polygon","coordinates":[[[-76.05034787413479,3.400015552558295],[-76.00034764542069,3.400015552558295],[-76.00034764542069,3.4500157812723873],[-76.05034787413479,3.4500157812723873],[-76.05034787413479,3.400015552558295]]]}},{"type":"Feature","properties":{"v":0.29},"geometry":{"type":"Polygon","coordinates":[[[-76.00034764542069,3.400015552558295],[-75.9503474167066,3.400015552558295],[-75.9503474167066,3.4500157812723873],[-76.00034764542069,3.4500157812723873],[-76.00034764542069,3.400015552558295]]]}},{"type":"Feature","properties":{"v":0.14},"geometry":{"type":"Polygon","coordinates":[[[-75.9503474167066,3.400015552558295],[-75.90034718799251,3.400015552558295],[-75.90034718799251,3.4500157812723873],[-75.9503474167066,3.4500157812723873],[-75.9503474167066,3.400015552558295]]]}},{"type":"Feature","properties":{"v":0.14},"geometry":{"type":"Polygon","coordinates":[[[-75.90034718799251,3.400015552558295],[-75.85034695927841,3.400015552558295],[-75.85034695927841,3.4500157812723873],[-75.90034718799251,3.4500157812723873],[-75.90034718799251,3.400015552558295]]]}},{"type":"Feature","properties":{"v":0.74},"geometry":{"type":"Polygon","coordinates":[[[-75.85034695927841,3.400015552558295],[-75.80034673056433,3.400015552558295],[-75.80034673056433,3.4500157812723873],[-75.85034695927841,3.4500157812723873],[-75.85034695927841,3.400015552558295]]]}},{"type":"Feature","properties":{"v":0.74},"geometry":{"type":"Polygon","coordinates":[[[-75.80034673056433,3.400015552558295],[-75.75034650185023,3.400015552558295],[-75.75034650185023,3.4500157812723873],[-75.80034673056433,3.4500157812723873],[-75.80034673056433,3.400015552558295]]]}},{"type":"Feature","properties":{"v":0.68},"geometry":{"type":"Polygon","coordinates":[[[-75.75034650185023,3.400015552558295],[-75.70034627313613,3.400015552558295],[-75.70034627313613,3.4500157812723873],[-75.75034650185023,3.4500157812723873],[-75.75034650185023,3.400015552558295]]]}},{"type":"Feature","properties":{"v":0.68},"geometry":{"type":"Polygon","coordinates":[[[-75.70034627313613,3.400015552558295],[-75.65034604442205,3.400015552558295],[-75.65034604442205,3.4500157812723873],[-75.70034627313613,3.4500157812723873],[-75.70034627313613,3.400015552558295]]]}},{"type":"Feature","properties":{"v":0.36},"geometry":{"type":"Polygon","coordinates":[[[-75.65034604442205,3.400015552558295],[-75.60034581570795,3.400015552558295],[-75.60034581570795,3.4500157812723873],[-75.65034604442205,3.4500157812723873],[-75.65034604442205,3.400015552558295]]]}},{"type":"Feature","properties":{"v":0.36},"geometry":{"type":"Polygon","coordinates":[[[-75.60034581570795,3.400015552558295],[-75.55034558699386,3.400015552558295],[-75.55034558699386,3.4500157812723873],[-75.60034581570795,3.4500157812723873],[-75.60034581570795,3.400015552558295]]]}},{"type":"Feature","properties":{"v":-0.42},"geometry":{"type":"Polygon","coordinates":[[[-75.55034558699386,3.400015552558295],[-75.50034535827977,3.400015552558295],[-75.50034535827977,3.4500157812723873],[-75.55034558699386,3.4500157812723873],[-75.55034558699386,3.400015552558295]]]}},{"type":"Feature","properties":{"v":-0.42},"geometry":{"type":"Polygon","coordinates":[[[-75.50034535827977,3.400015552558295],[-75.45034512956568,3.400015552558295],[-75.45034512956568,3.4500157812723873],[-75.50034535827977,3.4500157812723873],[-75.50034535827977,3.400015552558295]]]}},{"type":"Feature","properties":{"v":-0.11},"geometry":{"type":"Polygon","coordinates":[[[-75.45034512956568,3.400015552558295],[-75.40034490085158,3.400015552558295],[-75.40034490085158,3.4500157812723873],[-75.45034512956568,3.4500157812723873],[-75.45034512956568,3.400015552558295]]]}},{"type":"Feature","properties":{"v":-0.11},"geometry":{"type":"Polygon","coordinates":[[[-75.40034490085158,3.400015552558295],[-75.3503446721375,3.400015552558295],[-75.3503446721375,3.4500157812723873],[-75.40034490085158,3.4500157812723873],[-75.40034490085158,3.400015552558295]]]}},{"type":"Feature","properties":{"v":-0.15},"geometry":{"type":"Polygon","coordinates":[[[-75.3503446721375,3.400015552558295],[-75.3003444434234,3.400015552558295],[-75.3003444434234,3.4500157812723873],[-75.3503446721375,3.4500157812723873],[-75.3503446721375,3.400015552558295]]]}},{"type":"Feature","properties":{"v":-0.15},"geometry":{"type":"Polygon","coordinates":[[[-75.3003444434234,3.400015552558295],[-75.2503442147093,3.400015552558295],[-75.2503442147093,3.4500157812723873],[-75.3003444434234,3.4500157812723873],[-75.3003444434234,3.400015552558295]]]}},{"type":"Feature","properties":{"v":-0.33},"geometry":{"type":"Polygon","coordinates":[[[-75.2503442147093,3.400015552558295],[-75.20034398599522,3.400015552558295],[-75.20034398599522,3.4500157812723873],[-75.2503442147093,3.4500157812723873],[-75.2503442147093,3.400015552558295]]]}},{"type":"Feature","properties":{"v":-0.33},"geometry":{"type":"Polygon","coordinates":[[[-75.20034398599522,3.400015552558295],[-75.15034375728112,3.400015552558295],[-75.15034375728112,3.4500157812723873],[-75.20034398599522,3.4500157812723873],[-75.20034398599522,3.400015552558295]]]}},{"type":"Feature","properties":{"v":-0.35},"geometry":{"type":"Polygon","coordinates":[[[-75.15034375728112,3.400015552558295],[-75.10034352856702,3.400015552558295],[-75.10034352856702,3.4500157812723873],[-75.15034375728112,3.4500157812723873],[-75.15034375728112,3.400015552558295]]]}},{"type":"Feature","properties":{"v":1.69},"geometry":{"type":"Polygon","coordinates":[[[-77.35035382070119,3.350015323844202],[-77.3003535919871,3.350015323844202],[-77.3003535919871,3.400015552558295],[-77.35035382070119,3.400015552558295],[-77.35035382070119,3.350015323844202]]]}},{"type":"Feature","properties":{"v":1.69},"geometry":{"type":"Polygon","coordinates":[[[-77.3003535919871,3.350015323844202],[-77.250353363273,3.350015323844202],[-77.250353363273,3.400015552558295],[-77.3003535919871,3.400015552558295],[-77.3003535919871,3.350015323844202]]]}},{"type":"Feature","properties":{"v":1.66},"geometry":{"type":"Polygon","coordinates":[[[-77.250353363273,3.350015323844202],[-77.20035313455891,3.350015323844202],[-77.20035313455891,3.400015552558295],[-77.250353363273,3.400015552558295],[-77.250353363273,3.350015323844202]]]}},{"type":"Feature","properties":{"v":1.66},"geometry":{"type":"Polygon","coordinates":[[[-77.20035313455891,3.350015323844202],[-77.15035290584483,3.350015323844202],[-77.15035290584483,3.400015552558295],[-77.20035313455891,3.400015552558295],[-77.20035313455891,3.350015323844202]]]}},{"type":"Feature","properties":{"v":1.55},"geometry":{"type":"Polygon","coordinates":[[[-77.15035290584483,3.350015323844202],[-77.10035267713073,3.350015323844202],[-77.10035267713073,3.400015552558295],[-77.15035290584483,3.400015552558295],[-77.15035290584483,3.350015323844202]]]}},{"type":"Feature","properties":{"v":1.55},"geometry":{"type":"Polygon","coordinates":[[[-77.10035267713073,3.350015323844202],[-77.05035244841663,3.350015323844202],[-77.05035244841663,3.400015552558295],[-77.10035267713073,3.400015552558295],[-77.10035267713073,3.350015323844202]]]}},{"type":"Feature","properties":{"v":1.38},"geometry":{"type":"Polygon","coordinates":[[[-77.05035244841663,3.350015323844202],[-77.00035221970255,3.350015323844202],[-77.00035221970255,3.400015552558295],[-77.05035244841663,3.400015552558295],[-77.05035244841663,3.350015323844202]]]}},{"type":"Feature","properties":{"v":1.38},"geometry":{"type":"Polygon","coordinates":[[[-77.00035221970255,3.350015323844202],[-76.95035199098845,3.350015323844202],[-76.95035199098845,3.400015552558295],[-77.00035221970255,3.400015552558295],[-77.00035221970255,3.350015323844202]]]}},{"type":"Feature","properties":{"v":1.1},"geometry":{"type":"Polygon","coordinates":[[[-76.95035199098845,3.350015323844202],[-76.90035176227435,3.350015323844202],[-76.90035176227435,3.400015552558295],[-76.95035199098845,3.400015552558295],[-76.95035199098845,3.350015323844202]]]}},{"type":"Feature","properties":{"v":1.1},"geometry":{"type":"Polygon","coordinates":[[[-76.90035176227435,3.350015323844202],[-76.85035153356027,3.350015323844202],[-76.85035153356027,3.400015552558295],[-76.90035176227435,3.400015552558295],[-76.90035176227435,3.350015323844202]]]}},{"type":"Feature","properties":{"v":1.16},"geometry":{"type":"Polygon","coordinates":[[[-76.85035153356027,3.350015323844202],[-76.80035130484617,3.350015323844202],[-76.80035130484617,3.400015552558295],[-76.85035153356027,3.400015552558295],[-76.85035153356027,3.350015323844202]]]}},{"type":"Feature","properties":{"v":1.16},"geometry":{"type":"Polygon","coordinates":[[[-76.80035130484617,3.350015323844202],[-76.75035107613208,3.350015323844202],[-76.75035107613208,3.400015552558295],[-76.80035130484617,3.400015552558295],[-76.80035130484617,3.350015323844202]]]}},{"type":"Feature","properties":{"v":0.96},"geometry":{"type":"Polygon","coordinates":[[[-76.75035107613208,3.350015323844202],[-76.700350847418,3.350015323844202],[-76.700350847418,3.400015552558295],[-76.75035107613208,3.400015552558295],[-76.75035107613208,3.350015323844202]]]}},{"type":"Feature","properties":{"v":0.96},"geometry":{"type":"Polygon","coordinates":[[[-76.700350847418,3.350015323844202],[-76.6503506187039,3.350015323844202],[-76.6503506187039,3.400015552558295],[-76.700350847418,3.400015552558295],[-76.700350847418,3.350015323844202]]]}},{"type":"Feature","properties":{"v":0.86},"geometry":{"type":"Polygon","coordinates":[[[-76.6503506187039,3.350015323844202],[-76.6003503899898,3.350015323844202],[-76.6003503899898,3.400015552558295],[-76.6503506187039,3.400015552558295],[-76.6503506187039,3.350015323844202]]]}},{"type":"Feature","properties":{"v":0.86},"geometry":{"type":"Polygon","coordinates":[[[-76.6003503899898,3.350015323844202],[-76.55035016127572,3.350015323844202],[-76.55035016127572,3.400015552558295],[-76.6003503899898,3.400015552558295],[-76.6003503899898,3.350015323844202]]]}},{"type":"Feature","properties":{"v":1.42},"geometry":{"type":"Polygon","coordinates":[[[-76.55035016127572,3.350015323844202],[-76.50034993256162,3.350015323844202],[-76.50034993256162,3.400015552558295],[-76.55035016127572,3.400015552558295],[-76.55035016127572,3.350015323844202]]]}},{"type":"Feature","properties":{"v":1.42},"geometry":{"type":"Polygon","coordinates":[[[-76.50034993256162,3.350015323844202],[-76.45034970384752,3.350015323844202],[-76.45034970384752,3.400015552558295],[-76.50034993256162,3.400015552558295],[-76.50034993256162,3.350015323844202]]]}},{"type":"Feature","properties":{"v":2.01},"geometry":{"type":"Polygon","coordinates":[[[-76.45034970384752,3.350015323844202],[-76.40034947513344,3.350015323844202],[-76.40034947513344,3.400015552558295],[-76.45034970384752,3.400015552558295],[-76.45034970384752,3.350015323844202]]]}},{"type":"Feature","properties":{"v":2.01},"geometry":{"type":"Polygon","coordinates":[[[-76.40034947513344,3.350015323844202],[-76.35034924641934,3.350015323844202],[-76.35034924641934,3.400015552558295],[-76.40034947513344,3.400015552558295],[-76.40034947513344,3.350015323844202]]]}},{"type":"Feature","properties":{"v":2.0},"geometry":{"type":"Polygon","coordinates":[[[-76.35034924641934,3.350015323844202],[-76.30034901770524,3.350015323844202],[-76.30034901770524,3.400015552558295],[-76.35034924641934,3.400015552558295],[-76.35034924641934,3.350015323844202]]]}},{"type":"Feature","properties":{"v":2.0},"geometry":{"type":"Polygon","coordinates":[[[-76.30034901770524,3.350015323844202],[-76.25034878899116,3.350015323844202],[-76.25034878899116,3.400015552558295],[-76.30034901770524,3.400015552558295],[-76.30034901770524,3.350015323844202]]]}},{"type":"Feature","properties":{"v":1.22},"geometry":{"type":"Polygon","coordinates":[[[-76.25034878899116,3.350015323844202],[-76.20034856027706,3.350015323844202],[-76.20034856027706,3.400015552558295],[-76.25034878899116,3.400015552558295],[-76.25034878899116,3.350015323844202]]]}},{"type":"Feature","properties":{"v":1.22},"geometry":{"type":"Polygon","coordinates":[[[-76.20034856027706,3.350015323844202],[-76.15034833156297,3.350015323844202],[-76.15034833156297,3.400015552558295],[-76.20034856027706,3.400015552558295],[-76.20034856027706,3.350015323844202]]]}},{"type":"Feature","properties":{"v":1.08},"geometry":{"type":"Polygon","coordinates":[[[-76.15034833156297,3.350015323844202],[-76.10034810284888,3.350015323844202],[-76.10034810284888,3.400015552558295],[-76.15034833156297,3.400015552558295],[-76.15034833156297,3.350015323844202]]]}},{"type":"Feature","properties":{"v":1.08},"geometry":{"type":"Polygon","coordinates":[[[-76.10034810284888,3.350015323844202],[-76.05034787413479,3.350015323844202],[-76.05034787413479,3.400015552558295],[-76.10034810284888,3.400015552558295],[-76.10034810284888,3.350015323844202]]]}},{"type":"Feature","properties":{"v":0.29},"geometry":{"type":"Polygon","coordinates":[[[-76.05034787413479,3.350015323844202],[-76.00034764542069,3.350015323844202],[-76.00034764542069,3.400015552558295],[-76.05034787413479,3.400015552558295],[-76.05034787413479,3.350015323844202]]]}},{"type":"Feature","properties":{"v":0.29},"geometry":{"type":"Polygon","coordinates":[[[-76.00034764542069,3.350015323844202],[-75.9503474167066,3.350015323844202],[-75.9503474167066,3.400015552558295],[-76.00034764542069,3.400015552558295],[-76.00034764542069,3.350015323844202]]]}},{"type":"Feature","properties":{"v":0.14},"geometry":{"type":"Polygon","coordinates":[[[-75.9503474167066,3.350015323844202],[-75.90034718799251,3.350015323844202],[-75.90034718799251,3.400015552558295],[-75.9503474167066,3.400015552558295],[-75.9503474167066,3.350015323844202]]]}},{"type":"Feature","properties":{"v":0.14},"geometry":{"type":"Polygon","coordinates":[[[-75.90034718799251,3.350015323844202],[-75.85034695927841,3.350015323844202],[-75.85034695927841,3.400015552558295],[-75.90034718799251,3.400015552558295],[-75.90034718799251,3.350015323844202]]]}},{"type":"Feature","properties":{"v":0.74},"geometry":{"type":"Polygon","coordinates":[[[-75.85034695927841,3.350015323844202],[-75.80034673056433,3.350015323844202],[-75.80034673056433,3.400015552558295],[-75.85034695927841,3.400015552558295],[-75.85034695927841,3.350015323844202]]]}},{"type":"Feature","properties":{"v":0.74},"geometry":{"type":"Polygon","coordinates":[[[-75.80034673056433,3.350015323844202],[-75.75034650185023,3.350015323844202],[-75.75034650185023,3.400015552558295],[-75.80034673056433,3.400015552558295],[-75.80034673056433,3.350015323844202]]]}},{"type":"Feature","properties":{"v":0.68},"geometry":{"type":"Polygon","coordinates":[[[-75.75034650185023,3.350015323844202],[-75.70034627313613,3.350015323844202],[-75.70034627313613,3.400015552558295],[-75.75034650185023,3.400015552558295],[-75.75034650185023,3.350015323844202]]]}},{"type":"Feature","properties":{"v":0.68},"geometry":{"type":"Polygon","coordinates":[[[-75.70034627313613,3.350015323844202],[-75.65034604442205,3.350015323844202],[-75.65034604442205,3.400015552558295],[-75.70034627313613,3.400015552558295],[-75.70034627313613,3.350015323844202]]]}},{"type":"Feature","properties":{"v":0.36},"geometry":{"type":"Polygon","coordinates":[[[-75.65034604442205,3.350015323844202],[-75.60034581570795,3.350015323844202],[-75.60034581570795,3.400015552558295],[-75.65034604442205,3.400015552558295],[-75.65034604442205,3.350015323844202]]]}},{"type":"Feature","properties":{"v":0.36},"geometry":{"type":"Polygon","coordinates":[[[-75.60034581570795,3.350015323844202],[-75.55034558699386,3.350015323844202],[-75.55034558699386,3.400015552558295],[-75.60034581570795,3.400015552558295],[-75.60034581570795,3.350015323844202]]]}},{"type":"Feature","properties":{"v":-0.42},"geometry":{"type":"Polygon","coordinates":[[[-75.55034558699386,3.350015323844202],[-75.50034535827977,3.350015323844202],[-75.50034535827977,3.400015552558295],[-75.55034558699386,3.400015552558295],[-75.55034558699386,3.350015323844202]]]}},{"type":"Feature","properties":{"v":-0.42},"geometry":{"type":"Polygon","coordinates":[[[-75.50034535827977,3.350015323844202],[-75.45034512956568,3.350015323844202],[-75.45034512956568,3.400015552558295],[-75.50034535827977,3.400015552558295],[-75.50034535827977,3.350015323844202]]]}},{"type":"Feature","properties":{"v":-0.11},"geometry":{"type":"Polygon","coordinates":[[[-75.45034512956568,3.350015323844202],[-75.40034490085158,3.350015323844202],[-75.40034490085158,3.400015552558295],[-75.45034512956568,3.400015552558295],[-75.45034512956568,3.350015323844202]]]}},{"type":"Feature","properties":{"v":-0.11},"geometry":{"type":"Polygon","coordinates":[[[-75.40034490085158,3.350015323844202],[-75.3503446721375,3.350015323844202],[-75.3503446721375,3.400015552558295],[-75.40034490085158,3.400015552558295],[-75.40034490085158,3.350015323844202]]]}},{"type":"Feature","properties":{"v":-0.15},"geometry":{"type":"Polygon","coordinates":[[[-75.3503446721375,3.350015323844202],[-75.3003444434234,3.350015323844202],[-75.3003444434234,3.400015552558295],[-75.3503446721375,3.400015552558295],[-75.3503446721375,3.350015323844202]]]}},{"type":"Feature","properties":{"v":-0.15},"geometry":{"type":"Polygon","coordinates":[[[-75.3003444434234,3.350015323844202],[-75.2503442147093,3.350015323844202],[-75.2503442147093,3.400015552558295],[-75.3003444434234,3.400015552558295],[-75.3003444434234,3.350015323844202]]]}},{"type":"Feature","properties":{"v":-0.33},"geometry":{"type":"Polygon","coordinates":[[[-75.2503442147093,3.350015323844202],[-75.20034398599522,3.350015323844202],[-75.20034398599522,3.400015552558295],[-75.2503442147093,3.400015552558295],[-75.2503442147093,3.350015323844202]]]}},{"type":"Feature","properties":{"v":-0.33},"geometry":{"type":"Polygon","coordinates":[[[-75.20034398599522,3.350015323844202],[-75.15034375728112,3.350015323844202],[-75.15034375728112,3.400015552558295],[-75.20034398599522,3.400015552558295],[-75.20034398599522,3.350015323844202]]]}},{"type":"Feature","properties":{"v":-0.35},"geometry":{"type":"Polygon","coordinates":[[[-75.15034375728112,3.350015323844202],[-75.10034352856702,3.350015323844202],[-75.10034352856702,3.400015552558295],[-75.15034375728112,3.400015552558295],[-75.15034375728112,3.350015323844202]]]}},{"type":"Feature","properties":{"v":1.65},"geometry":{"type":"Polygon","coordinates":[[[-77.55035473555756,3.3000150951301097],[-77.50035450684346,3.3000150951301097],[-77.50035450684346,3.350015323844202],[-77.55035473555756,3.350015323844202],[-77.55035473555756,3.3000150951301097]]]}},{"type":"Feature","properties":{"v":1.65},"geometry":{"type":"Polygon","coordinates":[[[-77.50035450684346,3.3000150951301097],[-77.45035427812938,3.3000150951301097],[-77.45035427812938,3.350015323844202],[-77.50035450684346,3.350015323844202],[-77.50035450684346,3.3000150951301097]]]}},{"type":"Feature","properties":{"v":1.64},"geometry":{"type":"Polygon","coordinates":[[[-77.45035427812938,3.3000150951301097],[-77.40035404941528,3.3000150951301097],[-77.40035404941528,3.350015323844202],[-77.45035427812938,3.350015323844202],[-77.45035427812938,3.3000150951301097]]]}},{"type":"Feature","properties":{"v":1.64},"geometry":{"type":"Polygon","coordinates":[[[-77.40035404941528,3.3000150951301097],[-77.35035382070119,3.3000150951301097],[-77.35035382070119,3.350015323844202],[-77.40035404941528,3.350015323844202],[-77.40035404941528,3.3000150951301097]]]}},{"type":"Feature","properties":{"v":1.7},"geometry":{"type":"Polygon","coordinates":[[[-77.35035382070119,3.3000150951301097],[-77.3003535919871,3.3000150951301097],[-77.3003535919871,3.350015323844202],[-77.35035382070119,3.350015323844202],[-77.35035382070119,3.3000150951301097]]]}},{"type":"Feature","properties":{"v":1.7},"geometry":{"type":"Polygon","coordinates":[[[-77.3003535919871,3.3000150951301097],[-77.250353363273,3.3000150951301097],[-77.250353363273,3.350015323844202],[-77.3003535919871,3.350015323844202],[-77.3003535919871,3.3000150951301097]]]}},{"type":"Feature","properties":{"v":1.58},"geometry":{"type":"Polygon","coordinates":[[[-77.250353363273,3.3000150951301097],[-77.20035313455891,3.3000150951301097],[-77.20035313455891,3.350015323844202],[-77.250353363273,3.350015323844202],[-77.250353363273,3.3000150951301097]]]}},{"type":"Feature","properties":{"v":1.58},"geometry":{"type":"Polygon","coordinates":[[[-77.20035313455891,3.3000150951301097],[-77.15035290584483,3.3000150951301097],[-77.15035290584483,3.350015323844202],[-77.20035313455891,3.350015323844202],[-77.20035313455891,3.3000150951301097]]]}},{"type":"Feature","properties":{"v":1.6},"geometry":{"type":"Polygon","coordinates":[[[-77.15035290584483,3.3000150951301097],[-77.10035267713073,3.3000150951301097],[-77.10035267713073,3.350015323844202],[-77.15035290584483,3.350015323844202],[-77.15035290584483,3.3000150951301097]]]}},{"type":"Feature","properties":{"v":1.6},"geometry":{"type":"Polygon","coordinates":[[[-77.10035267713073,3.3000150951301097],[-77.05035244841663,3.3000150951301097],[-77.05035244841663,3.350015323844202],[-77.10035267713073,3.350015323844202],[-77.10035267713073,3.3000150951301097]]]}},{"type":"Feature","properties":{"v":1.36},"geometry":{"type":"Polygon","coordinates":[[[-77.05035244841663,3.3000150951301097],[-77.00035221970255,3.3000150951301097],[-77.00035221970255,3.350015323844202],[-77.05035244841663,3.350015323844202],[-77.05035244841663,3.3000150951301097]]]}},{"type":"Feature","properties":{"v":1.36},"geometry":{"type":"Polygon","coordinates":[[[-77.00035221970255,3.3000150951301097],[-76.95035199098845,3.3000150951301097],[-76.95035199098845,3.350015323844202],[-77.00035221970255,3.350015323844202],[-77.00035221970255,3.3000150951301097]]]}},{"type":"Feature","properties":{"v":1.14},"geometry":{"type":"Polygon","coordinates":[[[-76.95035199098845,3.3000150951301097],[-76.90035176227435,3.3000150951301097],[-76.90035176227435,3.350015323844202],[-76.95035199098845,3.350015323844202],[-76.95035199098845,3.3000150951301097]]]}},{"type":"Feature","properties":{"v":1.14},"geometry":{"type":"Polygon","coordinates":[[[-76.90035176227435,3.3000150951301097],[-76.85035153356027,3.3000150951301097],[-76.85035153356027,3.350015323844202],[-76.90035176227435,3.350015323844202],[-76.90035176227435,3.3000150951301097]]]}},{"type":"Feature","properties":{"v":1.13},"geometry":{"type":"Polygon","coordinates":[[[-76.85035153356027,3.3000150951301097],[-76.80035130484617,3.3000150951301097],[-76.80035130484617,3.350015323844202],[-76.85035153356027,3.350015323844202],[-76.85035153356027,3.3000150951301097]]]}},{"type":"Feature","properties":{"v":1.13},"geometry":{"type":"Polygon","coordinates":[[[-76.80035130484617,3.3000150951301097],[-76.75035107613208,3.3000150951301097],[-76.75035107613208,3.350015323844202],[-76.80035130484617,3.350015323844202],[-76.80035130484617,3.3000150951301097]]]}},{"type":"Feature","properties":{"v":0.8},"geometry":{"type":"Polygon","coordinates":[[[-76.75035107613208,3.3000150951301097],[-76.700350847418,3.3000150951301097],[-76.700350847418,3.350015323844202],[-76.75035107613208,3.350015323844202],[-76.75035107613208,3.3000150951301097]]]}},{"type":"Feature","properties":{"v":0.8},"geometry":{"type":"Polygon","coordinates":[[[-76.700350847418,3.3000150951301097],[-76.6503506187039,3.3000150951301097],[-76.6503506187039,3.350015323844202],[-76.700350847418,3.350015323844202],[-76.700350847418,3.3000150951301097]]]}},{"type":"Feature","properties":{"v":1.03},"geometry":{"type":"Polygon","coordinates":[[[-76.6503506187039,3.3000150951301097],[-76.6003503899898,3.3000150951301097],[-76.6003503899898,3.350015323844202],[-76.6503506187039,3.350015323844202],[-76.6503506187039,3.3000150951301097]]]}},{"type":"Feature","properties":{"v":1.03},"geometry":{"type":"Polygon","coordinates":[[[-76.6003503899898,3.3000150951301097],[-76.55035016127572,3.3000150951301097],[-76.55035016127572,3.350015323844202],[-76.6003503899898,3.350015323844202],[-76.6003503899898,3.3000150951301097]]]}},{"type":"Feature","properties":{"v":1.3},"geometry":{"type":"Polygon","coordinates":[[[-76.55035016127572,3.3000150951301097],[-76.50034993256162,3.3000150951301097],[-76.50034993256162,3.350015323844202],[-76.55035016127572,3.350015323844202],[-76.55035016127572,3.3000150951301097]]]}},{"type":"Feature","properties":{"v":1.3},"geometry":{"type":"Polygon","coordinates":[[[-76.50034993256162,3.3000150951301097],[-76.45034970384752,3.3000150951301097],[-76.45034970384752,3.350015323844202],[-76.50034993256162,3.350015323844202],[-76.50034993256162,3.3000150951301097]]]}},{"type":"Feature","properties":{"v":2.17},"geometry":{"type":"Polygon","coordinates":[[[-76.45034970384752,3.3000150951301097],[-76.40034947513344,3.3000150951301097],[-76.40034947513344,3.350015323844202],[-76.45034970384752,3.350015323844202],[-76.45034970384752,3.3000150951301097]]]}},{"type":"Feature","properties":{"v":2.17},"geometry":{"type":"Polygon","coordinates":[[[-76.40034947513344,3.3000150951301097],[-76.35034924641934,3.3000150951301097],[-76.35034924641934,3.350015323844202],[-76.40034947513344,3.350015323844202],[-76.40034947513344,3.3000150951301097]]]}},{"type":"Feature","properties":{"v":1.97},"geometry":{"type":"Polygon","coordinates":[[[-76.35034924641934,3.3000150951301097],[-76.30034901770524,3.3000150951301097],[-76.30034901770524,3.350015323844202],[-76.35034924641934,3.350015323844202],[-76.35034924641934,3.3000150951301097]]]}},{"type":"Feature","properties":{"v":1.97},"geometry":{"type":"Polygon","coordinates":[[[-76.30034901770524,3.3000150951301097],[-76.25034878899116,3.3000150951301097],[-76.25034878899116,3.350015323844202],[-76.30034901770524,3.350015323844202],[-76.30034901770524,3.3000150951301097]]]}},{"type":"Feature","properties":{"v":1.37},"geometry":{"type":"Polygon","coordinates":[[[-76.25034878899116,3.3000150951301097],[-76.20034856027706,3.3000150951301097],[-76.20034856027706,3.350015323844202],[-76.25034878899116,3.350015323844202],[-76.25034878899116,3.3000150951301097]]]}},{"type":"Feature","properties":{"v":1.37},"geometry":{"type":"Polygon","coordinates":[[[-76.20034856027706,3.3000150951301097],[-76.15034833156297,3.3000150951301097],[-76.15034833156297,3.350015323844202],[-76.20034856027706,3.350015323844202],[-76.20034856027706,3.3000150951301097]]]}},{"type":"Feature","properties":{"v":1.26},"geometry":{"type":"Polygon","coordinates":[[[-76.15034833156297,3.3000150951301097],[-76.10034810284888,3.3000150951301097],[-76.10034810284888,3.350015323844202],[-76.15034833156297,3.350015323844202],[-76.15034833156297,3.3000150951301097]]]}},{"type":"Feature","properties":{"v":1.26},"geometry":{"type":"Polygon","coordinates":[[[-76.10034810284888,3.3000150951301097],[-76.05034787413479,3.3000150951301097],[-76.05034787413479,3.350015323844202],[-76.10034810284888,3.350015323844202],[-76.10034810284888,3.3000150951301097]]]}},{"type":"Feature","properties":{"v":0.71},"geometry":{"type":"Polygon","coordinates":[[[-76.05034787413479,3.3000150951301097],[-76.00034764542069,3.3000150951301097],[-76.00034764542069,3.350015323844202],[-76.05034787413479,3.350015323844202],[-76.05034787413479,3.3000150951301097]]]}},{"type":"Feature","properties":{"v":0.71},"geometry":{"type":"Polygon","coordinates":[[[-76.00034764542069,3.3000150951301097],[-75.9503474167066,3.3000150951301097],[-75.9503474167066,3.350015323844202],[-76.00034764542069,3.350015323844202],[-76.00034764542069,3.3000150951301097]]]}},{"type":"Feature","properties":{"v":0.28},"geometry":{"type":"Polygon","coordinates":[[[-75.9503474167066,3.3000150951301097],[-75.90034718799251,3.3000150951301097],[-75.90034718799251,3.350015323844202],[-75.9503474167066,3.350015323844202],[-75.9503474167066,3.3000150951301097]]]}},{"type":"Feature","properties":{"v":0.28},"geometry":{"type":"Polygon","coordinates":[[[-75.90034718799251,3.3000150951301097],[-75.85034695927841,3.3000150951301097],[-75.85034695927841,3.350015323844202],[-75.90034718799251,3.350015323844202],[-75.90034718799251,3.3000150951301097]]]}},{"type":"Feature","properties":{"v":0.63},"geometry":{"type":"Polygon","coordinates":[[[-75.85034695927841,3.3000150951301097],[-75.80034673056433,3.3000150951301097],[-75.80034673056433,3.350015323844202],[-75.85034695927841,3.350015323844202],[-75.85034695927841,3.3000150951301097]]]}},{"type":"Feature","properties":{"v":0.63},"geometry":{"type":"Polygon","coordinates":[[[-75.80034673056433,3.3000150951301097],[-75.75034650185023,3.3000150951301097],[-75.75034650185023,3.350015323844202],[-75.80034673056433,3.350015323844202],[-75.80034673056433,3.3000150951301097]]]}},{"type":"Feature","properties":{"v":0.6},"geometry":{"type":"Polygon","coordinates":[[[-75.75034650185023,3.3000150951301097],[-75.70034627313613,3.3000150951301097],[-75.70034627313613,3.350015323844202],[-75.75034650185023,3.350015323844202],[-75.75034650185023,3.3000150951301097]]]}},{"type":"Feature","properties":{"v":0.6},"geometry":{"type":"Polygon","coordinates":[[[-75.70034627313613,3.3000150951301097],[-75.65034604442205,3.3000150951301097],[-75.65034604442205,3.350015323844202],[-75.70034627313613,3.350015323844202],[-75.70034627313613,3.3000150951301097]]]}},{"type":"Feature","properties":{"v":0.24},"geometry":{"type":"Polygon","coordinates":[[[-75.65034604442205,3.3000150951301097],[-75.60034581570795,3.3000150951301097],[-75.60034581570795,3.350015323844202],[-75.65034604442205,3.350015323844202],[-75.65034604442205,3.3000150951301097]]]}},{"type":"Feature","properties":{"v":0.24},"geometry":{"type":"Polygon","coordinates":[[[-75.60034581570795,3.3000150951301097],[-75.55034558699386,3.3000150951301097],[-75.55034558699386,3.350015323844202],[-75.60034581570795,3.350015323844202],[-75.60034581570795,3.3000150951301097]]]}},{"type":"Feature","properties":{"v":-0.27},"geometry":{"type":"Polygon","coordinates":[[[-75.55034558699386,3.3000150951301097],[-75.50034535827977,3.3000150951301097],[-75.50034535827977,3.350015323844202],[-75.55034558699386,3.350015323844202],[-75.55034558699386,3.3000150951301097]]]}},{"type":"Feature","properties":{"v":-0.27},"geometry":{"type":"Polygon","coordinates":[[[-75.50034535827977,3.3000150951301097],[-75.45034512956568,3.3000150951301097],[-75.45034512956568,3.350015323844202],[-75.50034535827977,3.350015323844202],[-75.50034535827977,3.3000150951301097]]]}},{"type":"Feature","properties":{"v":-0.17},"geometry":{"type":"Polygon","coordinates":[[[-75.45034512956568,3.3000150951301097],[-75.40034490085158,3.3000150951301097],[-75.40034490085158,3.350015323844202],[-75.45034512956568,3.350015323844202],[-75.45034512956568,3.3000150951301097]]]}},{"type":"Feature","properties":{"v":-0.17},"geometry":{"type":"Polygon","coordinates":[[[-75.40034490085158,3.3000150951301097],[-75.3503446721375,3.3000150951301097],[-75.3503446721375,3.350015323844202],[-75.40034490085158,3.350015323844202],[-75.40034490085158,3.3000150951301097]]]}},{"type":"Feature","properties":{"v":-0.08},"geometry":{"type":"Polygon","coordinates":[[[-75.3503446721375,3.3000150951301097],[-75.3003444434234,3.3000150951301097],[-75.3003444434234,3.350015323844202],[-75.3503446721375,3.350015323844202],[-75.3503446721375,3.3000150951301097]]]}},{"type":"Feature","properties":{"v":-0.08},"geometry":{"type":"Polygon","coordinates":[[[-75.3003444434234,3.3000150951301097],[-75.2503442147093,3.3000150951301097],[-75.2503442147093,3.350015323844202],[-75.3003444434234,3.350015323844202],[-75.3003444434234,3.3000150951301097]]]}},{"type":"Feature","properties":{"v":0.06},"geometry":{"type":"Polygon","coordinates":[[[-75.2503442147093,3.3000150951301097],[-75.20034398599522,3.3000150951301097],[-75.20034398599522,3.350015323844202],[-75.2503442147093,3.350015323844202],[-75.2503442147093,3.3000150951301097]]]}},{"type":"Feature","properties":{"v":0.06},"geometry":{"type":"Polygon","coordinates":[[[-75.20034398599522,3.3000150951301097],[-75.15034375728112,3.3000150951301097],[-75.15034375728112,3.350015323844202],[-75.20034398599522,3.350015323844202],[-75.20034398599522,3.3000150951301097]]]}},{"type":"Feature","properties":{"v":-0.18},"geometry":{"type":"Polygon","coordinates":[[[-75.15034375728112,3.3000150951301097],[-75.10034352856702,3.3000150951301097],[-75.10034352856702,3.350015323844202],[-75.15034375728112,3.350015323844202],[-75.15034375728112,3.3000150951301097]]]}},{"type":"Feature","properties":{"v":1.65},"geometry":{"type":"Polygon","coordinates":[[[-77.55035473555756,3.2500148664160173],[-77.50035450684346,3.2500148664160173],[-77.50035450684346,3.3000150951301097],[-77.55035473555756,3.3000150951301097],[-77.55035473555756,3.2500148664160173]]]}},{"type":"Feature","properties":{"v":1.65},"geometry":{"type":"Polygon","coordinates":[[[-77.50035450684346,3.2500148664160173],[-77.45035427812938,3.2500148664160173],[-77.45035427812938,3.3000150951301097],[-77.50035450684346,3.3000150951301097],[-77.50035450684346,3.2500148664160173]]]}},{"type":"Feature","properties":{"v":1.64},"geometry":{"type":"Polygon","coordinates":[[[-77.45035427812938,3.2500148664160173],[-77.40035404941528,3.2500148664160173],[-77.40035404941528,3.3000150951301097],[-77.45035427812938,3.3000150951301097],[-77.45035427812938,3.2500148664160173]]]}},{"type":"Feature","properties":{"v":1.64},"geometry":{"type":"Polygon","coordinates":[[[-77.40035404941528,3.2500148664160173],[-77.35035382070119,3.2500148664160173],[-77.35035382070119,3.3000150951301097],[-77.40035404941528,3.3000150951301097],[-77.40035404941528,3.2500148664160173]]]}},{"type":"Feature","properties":{"v":1.7},"geometry":{"type":"Polygon","coordinates":[[[-77.35035382070119,3.2500148664160173],[-77.3003535919871,3.2500148664160173],[-77.3003535919871,3.3000150951301097],[-77.35035382070119,3.3000150951301097],[-77.35035382070119,3.2500148664160173]]]}},{"type":"Feature","properties":{"v":1.7},"geometry":{"type":"Polygon","coordinates":[[[-77.3003535919871,3.2500148664160173],[-77.250353363273,3.2500148664160173],[-77.250353363273,3.3000150951301097],[-77.3003535919871,3.3000150951301097],[-77.3003535919871,3.2500148664160173]]]}},{"type":"Feature","properties":{"v":1.58},"geometry":{"type":"Polygon","coordinates":[[[-77.250353363273,3.2500148664160173],[-77.20035313455891,3.2500148664160173],[-77.20035313455891,3.3000150951301097],[-77.250353363273,3.3000150951301097],[-77.250353363273,3.2500148664160173]]]}},{"type":"Feature","properties":{"v":1.58},"geometry":{"type":"Polygon","coordinates":[[[-77.20035313455891,3.2500148664160173],[-77.15035290584483,3.2500148664160173],[-77.15035290584483,3.3000150951301097],[-77.20035313455891,3.3000150951301097],[-77.20035313455891,3.2500148664160173]]]}},{"type":"Feature","properties":{"v":1.6},"geometry":{"type":"Polygon","coordinates":[[[-77.15035290584483,3.2500148664160173],[-77.10035267713073,3.2500148664160173],[-77.10035267713073,3.3000150951301097],[-77.15035290584483,3.3000150951301097],[-77.15035290584483,3.2500148664160173]]]}},{"type":"Feature","properties":{"v":1.6},"geometry":{"type":"Polygon","coordinates":[[[-77.10035267713073,3.2500148664160173],[-77.05035244841663,3.2500148664160173],[-77.05035244841663,3.3000150951301097],[-77.10035267713073,3.3000150951301097],[-77.10035267713073,3.2500148664160173]]]}},{"type":"Feature","properties":{"v":1.36},"geometry":{"type":"Polygon","coordinates":[[[-77.05035244841663,3.2500148664160173],[-77.00035221970255,3.2500148664160173],[-77.00035221970255,3.3000150951301097],[-77.05035244841663,3.3000150951301097],[-77.05035244841663,3.2500148664160173]]]}},{"type":"Feature","properties":{"v":1.36},"geometry":{"type":"Polygon","coordinates":[[[-77.00035221970255,3.2500148664160173],[-76.95035199098845,3.2500148664160173],[-76.95035199098845,3.3000150951301097],[-77.00035221970255,3.3000150951301097],[-77.00035221970255,3.2500148664160173]]]}},{"type":"Feature","properties":{"v":1.14},"geometry":{"type":"Polygon","coordinates":[[[-76.95035199098845,3.2500148664160173],[-76.90035176227435,3.2500148664160173],[-76.90035176227435,3.3000150951301097],[-76.95035199098845,3.3000150951301097],[-76.95035199098845,3.2500148664160173]]]}},{"type":"Feature","properties":{"v":1.14},"geometry":{"type":"Polygon","coordinates":[[[-76.90035176227435,3.2500148664160173],[-76.85035153356027,3.2500148664160173],[-76.85035153356027,3.3000150951301097],[-76.90035176227435,3.3000150951301097],[-76.90035176227435,3.2500148664160173]]]}},{"type":"Feature","properties":{"v":1.13},"geometry":{"type":"Polygon","coordinates":[[[-76.85035153356027,3.2500148664160173],[-76.80035130484617,3.2500148664160173],[-76.80035130484617,3.3000150951301097],[-76.85035153356027,3.3000150951301097],[-76.85035153356027,3.2500148664160173]]]}},{"type":"Feature","properties":{"v":1.13},"geometry":{"type":"Polygon","coordinates":[[[-76.80035130484617,3.2500148664160173],[-76.75035107613208,3.2500148664160173],[-76.75035107613208,3.3000150951301097],[-76.80035130484617,3.3000150951301097],[-76.80035130484617,3.2500148664160173]]]}},{"type":"Feature","properties":{"v":0.8},"geometry":{"type":"Polygon","coordinates":[[[-76.75035107613208,3.2500148664160173],[-76.700350847418,3.2500148664160173],[-76.700350847418,3.3000150951301097],[-76.75035107613208,3.3000150951301097],[-76.75035107613208,3.2500148664160173]]]}},{"type":"Feature","properties":{"v":0.8},"geometry":{"type":"Polygon","coordinates":[[[-76.700350847418,3.2500148664160173],[-76.6503506187039,3.2500148664160173],[-76.6503506187039,3.3000150951301097],[-76.700350847418,3.3000150951301097],[-76.700350847418,3.2500148664160173]]]}},{"type":"Feature","properties":{"v":1.03},"geometry":{"type":"Polygon","coordinates":[[[-76.6503506187039,3.2500148664160173],[-76.6003503899898,3.2500148664160173],[-76.6003503899898,3.3000150951301097],[-76.6503506187039,3.3000150951301097],[-76.6503506187039,3.2500148664160173]]]}},{"type":"Feature","properties":{"v":1.03},"geometry":{"type":"Polygon","coordinates":[[[-76.6003503899898,3.2500148664160173],[-76.55035016127572,3.2500148664160173],[-76.55035016127572,3.3000150951301097],[-76.6003503899898,3.3000150951301097],[-76.6003503899898,3.2500148664160173]]]}},{"type":"Feature","properties":{"v":1.3},"geometry":{"type":"Polygon","coordinates":[[[-76.55035016127572,3.2500148664160173],[-76.50034993256162,3.2500148664160173],[-76.50034993256162,3.3000150951301097],[-76.55035016127572,3.3000150951301097],[-76.55035016127572,3.2500148664160173]]]}},{"type":"Feature","properties":{"v":1.3},"geometry":{"type":"Polygon","coordinates":[[[-76.50034993256162,3.2500148664160173],[-76.45034970384752,3.2500148664160173],[-76.45034970384752,3.3000150951301097],[-76.50034993256162,3.3000150951301097],[-76.50034993256162,3.2500148664160173]]]}},{"type":"Feature","properties":{"v":2.17},"geometry":{"type":"Polygon","coordinates":[[[-76.45034970384752,3.2500148664160173],[-76.40034947513344,3.2500148664160173],[-76.40034947513344,3.3000150951301097],[-76.45034970384752,3.3000150951301097],[-76.45034970384752,3.2500148664160173]]]}},{"type":"Feature","properties":{"v":2.17},"geometry":{"type":"Polygon","coordinates":[[[-76.40034947513344,3.2500148664160173],[-76.35034924641934,3.2500148664160173],[-76.35034924641934,3.3000150951301097],[-76.40034947513344,3.3000150951301097],[-76.40034947513344,3.2500148664160173]]]}},{"type":"Feature","properties":{"v":1.97},"geometry":{"type":"Polygon","coordinates":[[[-76.35034924641934,3.2500148664160173],[-76.30034901770524,3.2500148664160173],[-76.30034901770524,3.3000150951301097],[-76.35034924641934,3.3000150951301097],[-76.35034924641934,3.2500148664160173]]]}},{"type":"Feature","properties":{"v":1.97},"geometry":{"type":"Polygon","coordinates":[[[-76.30034901770524,3.2500148664160173],[-76.25034878899116,3.2500148664160173],[-76.25034878899116,3.3000150951301097],[-76.30034901770524,3.3000150951301097],[-76.30034901770524,3.2500148664160173]]]}},{"type":"Feature","properties":{"v":1.37},"geometry":{"type":"Polygon","coordinates":[[[-76.25034878899116,3.2500148664160173],[-76.20034856027706,3.2500148664160173],[-76.20034856027706,3.3000150951301097],[-76.25034878899116,3.3000150951301097],[-76.25034878899116,3.2500148664160173]]]}},{"type":"Feature","properties":{"v":1.37},"geometry":{"type":"Polygon","coordinates":[[[-76.20034856027706,3.2500148664160173],[-76.15034833156297,3.2500148664160173],[-76.15034833156297,3.3000150951301097],[-76.20034856027706,3.3000150951301097],[-76.20034856027706,3.2500148664160173]]]}},{"type":"Feature","properties":{"v":1.26},"geometry":{"type":"Polygon","coordinates":[[[-76.15034833156297,3.2500148664160173],[-76.10034810284888,3.2500148664160173],[-76.10034810284888,3.3000150951301097],[-76.15034833156297,3.3000150951301097],[-76.15034833156297,3.2500148664160173]]]}},{"type":"Feature","properties":{"v":1.26},"geometry":{"type":"Polygon","coordinates":[[[-76.10034810284888,3.2500148664160173],[-76.05034787413479,3.2500148664160173],[-76.05034787413479,3.3000150951301097],[-76.10034810284888,3.3000150951301097],[-76.10034810284888,3.2500148664160173]]]}},{"type":"Feature","properties":{"v":0.71},"geometry":{"type":"Polygon","coordinates":[[[-76.05034787413479,3.2500148664160173],[-76.00034764542069,3.2500148664160173],[-76.00034764542069,3.3000150951301097],[-76.05034787413479,3.3000150951301097],[-76.05034787413479,3.2500148664160173]]]}},{"type":"Feature","properties":{"v":0.71},"geometry":{"type":"Polygon","coordinates":[[[-76.00034764542069,3.2500148664160173],[-75.9503474167066,3.2500148664160173],[-75.9503474167066,3.3000150951301097],[-76.00034764542069,3.3000150951301097],[-76.00034764542069,3.2500148664160173]]]}},{"type":"Feature","properties":{"v":0.28},"geometry":{"type":"Polygon","coordinates":[[[-75.9503474167066,3.2500148664160173],[-75.90034718799251,3.2500148664160173],[-75.90034718799251,3.3000150951301097],[-75.9503474167066,3.3000150951301097],[-75.9503474167066,3.2500148664160173]]]}},{"type":"Feature","properties":{"v":0.28},"geometry":{"type":"Polygon","coordinates":[[[-75.90034718799251,3.2500148664160173],[-75.85034695927841,3.2500148664160173],[-75.85034695927841,3.3000150951301097],[-75.90034718799251,3.3000150951301097],[-75.90034718799251,3.2500148664160173]]]}},{"type":"Feature","properties":{"v":0.63},"geometry":{"type":"Polygon","coordinates":[[[-75.85034695927841,3.2500148664160173],[-75.80034673056433,3.2500148664160173],[-75.80034673056433,3.3000150951301097],[-75.85034695927841,3.3000150951301097],[-75.85034695927841,3.2500148664160173]]]}},{"type":"Feature","properties":{"v":0.63},"geometry":{"type":"Polygon","coordinates":[[[-75.80034673056433,3.2500148664160173],[-75.75034650185023,3.2500148664160173],[-75.75034650185023,3.3000150951301097],[-75.80034673056433,3.3000150951301097],[-75.80034673056433,3.2500148664160173]]]}},{"type":"Feature","properties":{"v":0.6},"geometry":{"type":"Polygon","coordinates":[[[-75.75034650185023,3.2500148664160173],[-75.70034627313613,3.2500148664160173],[-75.70034627313613,3.3000150951301097],[-75.75034650185023,3.3000150951301097],[-75.75034650185023,3.2500148664160173]]]}},{"type":"Feature","properties":{"v":0.6},"geometry":{"type":"Polygon","coordinates":[[[-75.70034627313613,3.2500148664160173],[-75.65034604442205,3.2500148664160173],[-75.65034604442205,3.3000150951301097],[-75.70034627313613,3.3000150951301097],[-75.70034627313613,3.2500148664160173]]]}},{"type":"Feature","properties":{"v":0.24},"geometry":{"type":"Polygon","coordinates":[[[-75.65034604442205,3.2500148664160173],[-75.60034581570795,3.2500148664160173],[-75.60034581570795,3.3000150951301097],[-75.65034604442205,3.3000150951301097],[-75.65034604442205,3.2500148664160173]]]}},{"type":"Feature","properties":{"v":0.24},"geometry":{"type":"Polygon","coordinates":[[[-75.60034581570795,3.2500148664160173],[-75.55034558699386,3.2500148664160173],[-75.55034558699386,3.3000150951301097],[-75.60034581570795,3.3000150951301097],[-75.60034581570795,3.2500148664160173]]]}},{"type":"Feature","properties":{"v":-0.27},"geometry":{"type":"Polygon","coordinates":[[[-75.55034558699386,3.2500148664160173],[-75.50034535827977,3.2500148664160173],[-75.50034535827977,3.3000150951301097],[-75.55034558699386,3.3000150951301097],[-75.55034558699386,3.2500148664160173]]]}},{"type":"Feature","properties":{"v":-0.27},"geometry":{"type":"Polygon","coordinates":[[[-75.50034535827977,3.2500148664160173],[-75.45034512956568,3.2500148664160173],[-75.45034512956568,3.3000150951301097],[-75.50034535827977,3.3000150951301097],[-75.50034535827977,3.2500148664160173]]]}},{"type":"Feature","properties":{"v":-0.17},"geometry":{"type":"Polygon","coordinates":[[[-75.45034512956568,3.2500148664160173],[-75.40034490085158,3.2500148664160173],[-75.40034490085158,3.3000150951301097],[-75.45034512956568,3.3000150951301097],[-75.45034512956568,3.2500148664160173]]]}},{"type":"Feature","properties":{"v":-0.17},"geometry":{"type":"Polygon","coordinates":[[[-75.40034490085158,3.2500148664160173],[-75.3503446721375,3.2500148664160173],[-75.3503446721375,3.3000150951301097],[-75.40034490085158,3.3000150951301097],[-75.40034490085158,3.2500148664160173]]]}},{"type":"Feature","properties":{"v":-0.08},"geometry":{"type":"Polygon","coordinates":[[[-75.3503446721375,3.2500148664160173],[-75.3003444434234,3.2500148664160173],[-75.3003444434234,3.3000150951301097],[-75.3503446721375,3.3000150951301097],[-75.3503446721375,3.2500148664160173]]]}},{"type":"Feature","properties":{"v":-0.08},"geometry":{"type":"Polygon","coordinates":[[[-75.3003444434234,3.2500148664160173],[-75.2503442147093,3.2500148664160173],[-75.2503442147093,3.3000150951301097],[-75.3003444434234,3.3000150951301097],[-75.3003444434234,3.2500148664160173]]]}},{"type":"Feature","properties":{"v":0.06},"geometry":{"type":"Polygon","coordinates":[[[-75.2503442147093,3.2500148664160173],[-75.20034398599522,3.2500148664160173],[-75.20034398599522,3.3000150951301097],[-75.2503442147093,3.3000150951301097],[-75.2503442147093,3.2500148664160173]]]}},{"type":"Feature","properties":{"v":0.06},"geometry":{"type":"Polygon","coordinates":[[[-75.20034398599522,3.2500148664160173],[-75.15034375728112,3.2500148664160173],[-75.15034375728112,3.3000150951301097],[-75.20034398599522,3.3000150951301097],[-75.20034398599522,3.2500148664160173]]]}},{"type":"Feature","properties":{"v":-0.18},"geometry":{"type":"Polygon","coordinates":[[[-75.15034375728112,3.2500148664160173],[-75.10034352856702,3.2500148664160173],[-75.10034352856702,3.3000150951301097],[-75.15034375728112,3.3000150951301097],[-75.15034375728112,3.2500148664160173]]]}},{"type":"Feature","properties":{"v":1.65},"geometry":{"type":"Polygon","coordinates":[[[-77.55035473555756,3.2000146377019245],[-77.50035450684346,3.2000146377019245],[-77.50035450684346,3.2500148664160173],[-77.55035473555756,3.2500148664160173],[-77.55035473555756,3.2000146377019245]]]}},{"type":"Feature","properties":{"v":1.65},"geometry":{"type":"Polygon","coordinates":[[[-77.50035450684346,3.2000146377019245],[-77.45035427812938,3.2000146377019245],[-77.45035427812938,3.2500148664160173],[-77.50035450684346,3.2500148664160173],[-77.50035450684346,3.2000146377019245]]]}},{"type":"Feature","properties":{"v":1.66},"geometry":{"type":"Polygon","coordinates":[[[-77.45035427812938,3.2000146377019245],[-77.40035404941528,3.2000146377019245],[-77.40035404941528,3.2500148664160173],[-77.45035427812938,3.2500148664160173],[-77.45035427812938,3.2000146377019245]]]}},{"type":"Feature","properties":{"v":1.66},"geometry":{"type":"Polygon","coordinates":[[[-77.40035404941528,3.2000146377019245],[-77.35035382070119,3.2000146377019245],[-77.35035382070119,3.2500148664160173],[-77.40035404941528,3.2500148664160173],[-77.40035404941528,3.2000146377019245]]]}},{"type":"Feature","properties":{"v":1.64},"geometry":{"type":"Polygon","coordinates":[[[-77.35035382070119,3.2000146377019245],[-77.3003535919871,3.2000146377019245],[-77.3003535919871,3.2500148664160173],[-77.35035382070119,3.2500148664160173],[-77.35035382070119,3.2000146377019245]]]}},{"type":"Feature","properties":{"v":1.64},"geometry":{"type":"Polygon","coordinates":[[[-77.3003535919871,3.2000146377019245],[-77.250353363273,3.2000146377019245],[-77.250353363273,3.2500148664160173],[-77.3003535919871,3.2500148664160173],[-77.3003535919871,3.2000146377019245]]]}},{"type":"Feature","properties":{"v":1.55},"geometry":{"type":"Polygon","coordinates":[[[-77.250353363273,3.2000146377019245],[-77.20035313455891,3.2000146377019245],[-77.20035313455891,3.2500148664160173],[-77.250353363273,3.2500148664160173],[-77.250353363273,3.2000146377019245]]]}},{"type":"Feature","properties":{"v":1.55},"geometry":{"type":"Polygon","coordinates":[[[-77.20035313455891,3.2000146377019245],[-77.15035290584483,3.2000146377019245],[-77.15035290584483,3.2500148664160173],[-77.20035313455891,3.2500148664160173],[-77.20035313455891,3.2000146377019245]]]}},{"type":"Feature","properties":{"v":1.6},"geometry":{"type":"Polygon","coordinates":[[[-77.15035290584483,3.2000146377019245],[-77.10035267713073,3.2000146377019245],[-77.10035267713073,3.2500148664160173],[-77.15035290584483,3.2500148664160173],[-77.15035290584483,3.2000146377019245]]]}},{"type":"Feature","properties":{"v":1.6},"geometry":{"type":"Polygon","coordinates":[[[-77.10035267713073,3.2000146377019245],[-77.05035244841663,3.2000146377019245],[-77.05035244841663,3.2500148664160173],[-77.10035267713073,3.2500148664160173],[-77.10035267713073,3.2000146377019245]]]}},{"type":"Feature","properties":{"v":1.39},"geometry":{"type":"Polygon","coordinates":[[[-77.05035244841663,3.2000146377019245],[-77.00035221970255,3.2000146377019245],[-77.00035221970255,3.2500148664160173],[-77.05035244841663,3.2500148664160173],[-77.05035244841663,3.2000146377019245]]]}},{"type":"Feature","properties":{"v":1.39},"geometry":{"type":"Polygon","coordinates":[[[-77.00035221970255,3.2000146377019245],[-76.95035199098845,3.2000146377019245],[-76.95035199098845,3.2500148664160173],[-77.00035221970255,3.2500148664160173],[-77.00035221970255,3.2000146377019245]]]}},{"type":"Feature","properties":{"v":1.15},"geometry":{"type":"Polygon","coordinates":[[[-76.95035199098845,3.2000146377019245],[-76.90035176227435,3.2000146377019245],[-76.90035176227435,3.2500148664160173],[-76.95035199098845,3.2500148664160173],[-76.95035199098845,3.2000146377019245]]]}},{"type":"Feature","properties":{"v":1.15},"geometry":{"type":"Polygon","coordinates":[[[-76.90035176227435,3.2000146377019245],[-76.85035153356027,3.2000146377019245],[-76.85035153356027,3.2500148664160173],[-76.90035176227435,3.2500148664160173],[-76.90035176227435,3.2000146377019245]]]}},{"type":"Feature","properties":{"v":1.08},"geometry":{"type":"Polygon","coordinates":[[[-76.85035153356027,3.2000146377019245],[-76.80035130484617,3.2000146377019245],[-76.80035130484617,3.2500148664160173],[-76.85035153356027,3.2500148664160173],[-76.85035153356027,3.2000146377019245]]]}},{"type":"Feature","properties":{"v":1.08},"geometry":{"type":"Polygon","coordinates":[[[-76.80035130484617,3.2000146377019245],[-76.75035107613208,3.2000146377019245],[-76.75035107613208,3.2500148664160173],[-76.80035130484617,3.2500148664160173],[-76.80035130484617,3.2000146377019245]]]}},{"type":"Feature","properties":{"v":0.68},"geometry":{"type":"Polygon","coordinates":[[[-76.75035107613208,3.2000146377019245],[-76.700350847418,3.2000146377019245],[-76.700350847418,3.2500148664160173],[-76.75035107613208,3.2500148664160173],[-76.75035107613208,3.2000146377019245]]]}},{"type":"Feature","properties":{"v":0.68},"geometry":{"type":"Polygon","coordinates":[[[-76.700350847418,3.2000146377019245],[-76.6503506187039,3.2000146377019245],[-76.6503506187039,3.2500148664160173],[-76.700350847418,3.2500148664160173],[-76.700350847418,3.2000146377019245]]]}},{"type":"Feature","properties":{"v":1.2},"geometry":{"type":"Polygon","coordinates":[[[-76.6503506187039,3.2000146377019245],[-76.6003503899898,3.2000146377019245],[-76.6003503899898,3.2500148664160173],[-76.6503506187039,3.2500148664160173],[-76.6503506187039,3.2000146377019245]]]}},{"type":"Feature","properties":{"v":1.2},"geometry":{"type":"Polygon","coordinates":[[[-76.6003503899898,3.2000146377019245],[-76.55035016127572,3.2000146377019245],[-76.55035016127572,3.2500148664160173],[-76.6003503899898,3.2500148664160173],[-76.6003503899898,3.2000146377019245]]]}},{"type":"Feature","properties":{"v":1.36},"geometry":{"type":"Polygon","coordinates":[[[-76.55035016127572,3.2000146377019245],[-76.50034993256162,3.2000146377019245],[-76.50034993256162,3.2500148664160173],[-76.55035016127572,3.2500148664160173],[-76.55035016127572,3.2000146377019245]]]}},{"type":"Feature","properties":{"v":1.36},"geometry":{"type":"Polygon","coordinates":[[[-76.50034993256162,3.2000146377019245],[-76.45034970384752,3.2000146377019245],[-76.45034970384752,3.2500148664160173],[-76.50034993256162,3.2500148664160173],[-76.50034993256162,3.2000146377019245]]]}},{"type":"Feature","properties":{"v":2.17},"geometry":{"type":"Polygon","coordinates":[[[-76.45034970384752,3.2000146377019245],[-76.40034947513344,3.2000146377019245],[-76.40034947513344,3.2500148664160173],[-76.45034970384752,3.2500148664160173],[-76.45034970384752,3.2000146377019245]]]}},{"type":"Feature","properties":{"v":2.17},"geometry":{"type":"Polygon","coordinates":[[[-76.40034947513344,3.2000146377019245],[-76.35034924641934,3.2000146377019245],[-76.35034924641934,3.2500148664160173],[-76.40034947513344,3.2500148664160173],[-76.40034947513344,3.2000146377019245]]]}},{"type":"Feature","properties":{"v":2.04},"geometry":{"type":"Polygon","coordinates":[[[-76.35034924641934,3.2000146377019245],[-76.30034901770524,3.2000146377019245],[-76.30034901770524,3.2500148664160173],[-76.35034924641934,3.2500148664160173],[-76.35034924641934,3.2000146377019245]]]}},{"type":"Feature","properties":{"v":2.04},"geometry":{"type":"Polygon","coordinates":[[[-76.30034901770524,3.2000146377019245],[-76.25034878899116,3.2000146377019245],[-76.25034878899116,3.2500148664160173],[-76.30034901770524,3.2500148664160173],[-76.30034901770524,3.2000146377019245]]]}},{"type":"Feature","properties":{"v":1.57},"geometry":{"type":"Polygon","coordinates":[[[-76.25034878899116,3.2000146377019245],[-76.20034856027706,3.2000146377019245],[-76.20034856027706,3.2500148664160173],[-76.25034878899116,3.2500148664160173],[-76.25034878899116,3.2000146377019245]]]}},{"type":"Feature","properties":{"v":1.57},"geometry":{"type":"Polygon","coordinates":[[[-76.20034856027706,3.2000146377019245],[-76.15034833156297,3.2000146377019245],[-76.15034833156297,3.2500148664160173],[-76.20034856027706,3.2500148664160173],[-76.20034856027706,3.2000146377019245]]]}},{"type":"Feature","properties":{"v":1.51},"geometry":{"type":"Polygon","coordinates":[[[-76.15034833156297,3.2000146377019245],[-76.10034810284888,3.2000146377019245],[-76.10034810284888,3.2500148664160173],[-76.15034833156297,3.2500148664160173],[-76.15034833156297,3.2000146377019245]]]}},{"type":"Feature","properties":{"v":1.51},"geometry":{"type":"Polygon","coordinates":[[[-76.10034810284888,3.2000146377019245],[-76.05034787413479,3.2000146377019245],[-76.05034787413479,3.2500148664160173],[-76.10034810284888,3.2500148664160173],[-76.10034810284888,3.2000146377019245]]]}},{"type":"Feature","properties":{"v":0.87},"geometry":{"type":"Polygon","coordinates":[[[-76.05034787413479,3.2000146377019245],[-76.00034764542069,3.2000146377019245],[-76.00034764542069,3.2500148664160173],[-76.05034787413479,3.2500148664160173],[-76.05034787413479,3.2000146377019245]]]}},{"type":"Feature","properties":{"v":0.87},"geometry":{"type":"Polygon","coordinates":[[[-76.00034764542069,3.2000146377019245],[-75.9503474167066,3.2000146377019245],[-75.9503474167066,3.2500148664160173],[-76.00034764542069,3.2500148664160173],[-76.00034764542069,3.2000146377019245]]]}},{"type":"Feature","properties":{"v":0.45},"geometry":{"type":"Polygon","coordinates":[[[-75.9503474167066,3.2000146377019245],[-75.90034718799251,3.2000146377019245],[-75.90034718799251,3.2500148664160173],[-75.9503474167066,3.2500148664160173],[-75.9503474167066,3.2000146377019245]]]}},{"type":"Feature","properties":{"v":0.45},"geometry":{"type":"Polygon","coordinates":[[[-75.90034718799251,3.2000146377019245],[-75.85034695927841,3.2000146377019245],[-75.85034695927841,3.2500148664160173],[-75.90034718799251,3.2500148664160173],[-75.90034718799251,3.2000146377019245]]]}},{"type":"Feature","properties":{"v":0.63},"geometry":{"type":"Polygon","coordinates":[[[-75.85034695927841,3.2000146377019245],[-75.80034673056433,3.2000146377019245],[-75.80034673056433,3.2500148664160173],[-75.85034695927841,3.2500148664160173],[-75.85034695927841,3.2000146377019245]]]}},{"type":"Feature","properties":{"v":0.63},"geometry":{"type":"Polygon","coordinates":[[[-75.80034673056433,3.2000146377019245],[-75.75034650185023,3.2000146377019245],[-75.75034650185023,3.2500148664160173],[-75.80034673056433,3.2500148664160173],[-75.80034673056433,3.2000146377019245]]]}},{"type":"Feature","properties":{"v":0.58},"geometry":{"type":"Polygon","coordinates":[[[-75.75034650185023,3.2000146377019245],[-75.70034627313613,3.2000146377019245],[-75.70034627313613,3.2500148664160173],[-75.75034650185023,3.2500148664160173],[-75.75034650185023,3.2000146377019245]]]}},{"type":"Feature","properties":{"v":0.58},"geometry":{"type":"Polygon","coordinates":[[[-75.70034627313613,3.2000146377019245],[-75.65034604442205,3.2000146377019245],[-75.65034604442205,3.2500148664160173],[-75.70034627313613,3.2500148664160173],[-75.70034627313613,3.2000146377019245]]]}},{"type":"Feature","properties":{"v":0.73},"geometry":{"type":"Polygon","coordinates":[[[-75.65034604442205,3.2000146377019245],[-75.60034581570795,3.2000146377019245],[-75.60034581570795,3.2500148664160173],[-75.65034604442205,3.2500148664160173],[-75.65034604442205,3.2000146377019245]]]}},{"type":"Feature","properties":{"v":0.73},"geometry":{"type":"Polygon","coordinates":[[[-75.60034581570795,3.2000146377019245],[-75.55034558699386,3.2000146377019245],[-75.55034558699386,3.2500148664160173],[-75.60034581570795,3.2500148664160173],[-75.60034581570795,3.2000146377019245]]]}},{"type":"Feature","properties":{"v":0.13},"geometry":{"type":"Polygon","coordinates":[[[-75.55034558699386,3.2000146377019245],[-75.50034535827977,3.2000146377019245],[-75.50034535827977,3.2500148664160173],[-75.55034558699386,3.2500148664160173],[-75.55034558699386,3.2000146377019245]]]}},{"type":"Feature","properties":{"v":0.13},"geometry":{"type":"Polygon","coordinates":[[[-75.50034535827977,3.2000146377019245],[-75.45034512956568,3.2000146377019245],[-75.45034512956568,3.2500148664160173],[-75.50034535827977,3.2500148664160173],[-75.50034535827977,3.2000146377019245]]]}},{"type":"Feature","properties":{"v":-0.27},"geometry":{"type":"Polygon","coordinates":[[[-75.45034512956568,3.2000146377019245],[-75.40034490085158,3.2000146377019245],[-75.40034490085158,3.2500148664160173],[-75.45034512956568,3.2500148664160173],[-75.45034512956568,3.2000146377019245]]]}},{"type":"Feature","properties":{"v":-0.27},"geometry":{"type":"Polygon","coordinates":[[[-75.40034490085158,3.2000146377019245],[-75.3503446721375,3.2000146377019245],[-75.3503446721375,3.2500148664160173],[-75.40034490085158,3.2500148664160173],[-75.40034490085158,3.2000146377019245]]]}},{"type":"Feature","properties":{"v":0.17},"geometry":{"type":"Polygon","coordinates":[[[-75.3503446721375,3.2000146377019245],[-75.3003444434234,3.2000146377019245],[-75.3003444434234,3.2500148664160173],[-75.3503446721375,3.2500148664160173],[-75.3503446721375,3.2000146377019245]]]}},{"type":"Feature","properties":{"v":0.17},"geometry":{"type":"Polygon","coordinates":[[[-75.3003444434234,3.2000146377019245],[-75.2503442147093,3.2000146377019245],[-75.2503442147093,3.2500148664160173],[-75.3003444434234,3.2500148664160173],[-75.3003444434234,3.2000146377019245]]]}},{"type":"Feature","properties":{"v":0.69},"geometry":{"type":"Polygon","coordinates":[[[-75.2503442147093,3.2000146377019245],[-75.20034398599522,3.2000146377019245],[-75.20034398599522,3.2500148664160173],[-75.2503442147093,3.2500148664160173],[-75.2503442147093,3.2000146377019245]]]}},{"type":"Feature","properties":{"v":0.69},"geometry":{"type":"Polygon","coordinates":[[[-75.20034398599522,3.2000146377019245],[-75.15034375728112,3.2000146377019245],[-75.15034375728112,3.2500148664160173],[-75.20034398599522,3.2500148664160173],[-75.20034398599522,3.2000146377019245]]]}},{"type":"Feature","properties":{"v":0.53},"geometry":{"type":"Polygon","coordinates":[[[-75.15034375728112,3.2000146377019245],[-75.10034352856702,3.2000146377019245],[-75.10034352856702,3.2500148664160173],[-75.15034375728112,3.2500148664160173],[-75.15034375728112,3.2000146377019245]]]}},{"type":"Feature","properties":{"v":1.65},"geometry":{"type":"Polygon","coordinates":[[[-77.55035473555756,3.1500144089878317],[-77.50035450684346,3.1500144089878317],[-77.50035450684346,3.2000146377019245],[-77.55035473555756,3.2000146377019245],[-77.55035473555756,3.1500144089878317]]]}},{"type":"Feature","properties":{"v":1.65},"geometry":{"type":"Polygon","coordinates":[[[-77.50035450684346,3.1500144089878317],[-77.45035427812938,3.1500144089878317],[-77.45035427812938,3.2000146377019245],[-77.50035450684346,3.2000146377019245],[-77.50035450684346,3.1500144089878317]]]}},{"type":"Feature","properties":{"v":1.66},"geometry":{"type":"Polygon","coordinates":[[[-77.45035427812938,3.1500144089878317],[-77.40035404941528,3.1500144089878317],[-77.40035404941528,3.2000146377019245],[-77.45035427812938,3.2000146377019245],[-77.45035427812938,3.1500144089878317]]]}},{"type":"Feature","properties":{"v":1.66},"geometry":{"type":"Polygon","coordinates":[[[-77.40035404941528,3.1500144089878317],[-77.35035382070119,3.1500144089878317],[-77.35035382070119,3.2000146377019245],[-77.40035404941528,3.2000146377019245],[-77.40035404941528,3.1500144089878317]]]}},{"type":"Feature","properties":{"v":1.64},"geometry":{"type":"Polygon","coordinates":[[[-77.35035382070119,3.1500144089878317],[-77.3003535919871,3.1500144089878317],[-77.3003535919871,3.2000146377019245],[-77.35035382070119,3.2000146377019245],[-77.35035382070119,3.1500144089878317]]]}},{"type":"Feature","properties":{"v":1.64},"geometry":{"type":"Polygon","coordinates":[[[-77.3003535919871,3.1500144089878317],[-77.250353363273,3.1500144089878317],[-77.250353363273,3.2000146377019245],[-77.3003535919871,3.2000146377019245],[-77.3003535919871,3.1500144089878317]]]}},{"type":"Feature","properties":{"v":1.55},"geometry":{"type":"Polygon","coordinates":[[[-77.250353363273,3.1500144089878317],[-77.20035313455891,3.1500144089878317],[-77.20035313455891,3.2000146377019245],[-77.250353363273,3.2000146377019245],[-77.250353363273,3.1500144089878317]]]}},{"type":"Feature","properties":{"v":1.55},"geometry":{"type":"Polygon","coordinates":[[[-77.20035313455891,3.1500144089878317],[-77.15035290584483,3.1500144089878317],[-77.15035290584483,3.2000146377019245],[-77.20035313455891,3.2000146377019245],[-77.20035313455891,3.1500144089878317]]]}},{"type":"Feature","properties":{"v":1.6},"geometry":{"type":"Polygon","coordinates":[[[-77.15035290584483,3.1500144089878317],[-77.10035267713073,3.1500144089878317],[-77.10035267713073,3.2000146377019245],[-77.15035290584483,3.2000146377019245],[-77.15035290584483,3.1500144089878317]]]}},{"type":"Feature","properties":{"v":1.6},"geometry":{"type":"Polygon","coordinates":[[[-77.10035267713073,3.1500144089878317],[-77.05035244841663,3.1500144089878317],[-77.05035244841663,3.2000146377019245],[-77.10035267713073,3.2000146377019245],[-77.10035267713073,3.1500144089878317]]]}},{"type":"Feature","properties":{"v":1.39},"geometry":{"type":"Polygon","coordinates":[[[-77.05035244841663,3.1500144089878317],[-77.00035221970255,3.1500144089878317],[-77.00035221970255,3.2000146377019245],[-77.05035244841663,3.2000146377019245],[-77.05035244841663,3.1500144089878317]]]}},{"type":"Feature","properties":{"v":1.39},"geometry":{"type":"Polygon","coordinates":[[[-77.00035221970255,3.1500144089878317],[-76.95035199098845,3.1500144089878317],[-76.95035199098845,3.2000146377019245],[-77.00035221970255,3.2000146377019245],[-77.00035221970255,3.1500144089878317]]]}},{"type":"Feature","properties":{"v":1.15},"geometry":{"type":"Polygon","coordinates":[[[-76.95035199098845,3.1500144089878317],[-76.90035176227435,3.1500144089878317],[-76.90035176227435,3.2000146377019245],[-76.95035199098845,3.2000146377019245],[-76.95035199098845,3.1500144089878317]]]}},{"type":"Feature","properties":{"v":1.15},"geometry":{"type":"Polygon","coordinates":[[[-76.90035176227435,3.1500144089878317],[-76.85035153356027,3.1500144089878317],[-76.85035153356027,3.2000146377019245],[-76.90035176227435,3.2000146377019245],[-76.90035176227435,3.1500144089878317]]]}},{"type":"Feature","properties":{"v":1.08},"geometry":{"type":"Polygon","coordinates":[[[-76.85035153356027,3.1500144089878317],[-76.80035130484617,3.1500144089878317],[-76.80035130484617,3.2000146377019245],[-76.85035153356027,3.2000146377019245],[-76.85035153356027,3.1500144089878317]]]}},{"type":"Feature","properties":{"v":1.08},"geometry":{"type":"Polygon","coordinates":[[[-76.80035130484617,3.1500144089878317],[-76.75035107613208,3.1500144089878317],[-76.75035107613208,3.2000146377019245],[-76.80035130484617,3.2000146377019245],[-76.80035130484617,3.1500144089878317]]]}},{"type":"Feature","properties":{"v":0.68},"geometry":{"type":"Polygon","coordinates":[[[-76.75035107613208,3.1500144089878317],[-76.700350847418,3.1500144089878317],[-76.700350847418,3.2000146377019245],[-76.75035107613208,3.2000146377019245],[-76.75035107613208,3.1500144089878317]]]}},{"type":"Feature","properties":{"v":0.68},"geometry":{"type":"Polygon","coordinates":[[[-76.700350847418,3.1500144089878317],[-76.6503506187039,3.1500144089878317],[-76.6503506187039,3.2000146377019245],[-76.700350847418,3.2000146377019245],[-76.700350847418,3.1500144089878317]]]}},{"type":"Feature","properties":{"v":1.2},"geometry":{"type":"Polygon","coordinates":[[[-76.6503506187039,3.1500144089878317],[-76.6003503899898,3.1500144089878317],[-76.6003503899898,3.2000146377019245],[-76.6503506187039,3.2000146377019245],[-76.6503506187039,3.1500144089878317]]]}},{"type":"Feature","properties":{"v":1.2},"geometry":{"type":"Polygon","coordinates":[[[-76.6003503899898,3.1500144089878317],[-76.55035016127572,3.1500144089878317],[-76.55035016127572,3.2000146377019245],[-76.6003503899898,3.2000146377019245],[-76.6003503899898,3.1500144089878317]]]}},{"type":"Feature","properties":{"v":1.36},"geometry":{"type":"Polygon","coordinates":[[[-76.55035016127572,3.1500144089878317],[-76.50034993256162,3.1500144089878317],[-76.50034993256162,3.2000146377019245],[-76.55035016127572,3.2000146377019245],[-76.55035016127572,3.1500144089878317]]]}},{"type":"Feature","properties":{"v":1.36},"geometry":{"type":"Polygon","coordinates":[[[-76.50034993256162,3.1500144089878317],[-76.45034970384752,3.1500144089878317],[-76.45034970384752,3.2000146377019245],[-76.50034993256162,3.2000146377019245],[-76.50034993256162,3.1500144089878317]]]}},{"type":"Feature","properties":{"v":2.17},"geometry":{"type":"Polygon","coordinates":[[[-76.45034970384752,3.1500144089878317],[-76.40034947513344,3.1500144089878317],[-76.40034947513344,3.2000146377019245],[-76.45034970384752,3.2000146377019245],[-76.45034970384752,3.1500144089878317]]]}},{"type":"Feature","properties":{"v":2.17},"geometry":{"type":"Polygon","coordinates":[[[-76.40034947513344,3.1500144089878317],[-76.35034924641934,3.1500144089878317],[-76.35034924641934,3.2000146377019245],[-76.40034947513344,3.2000146377019245],[-76.40034947513344,3.1500144089878317]]]}},{"type":"Feature","properties":{"v":2.04},"geometry":{"type":"Polygon","coordinates":[[[-76.35034924641934,3.1500144089878317],[-76.30034901770524,3.1500144089878317],[-76.30034901770524,3.2000146377019245],[-76.35034924641934,3.2000146377019245],[-76.35034924641934,3.1500144089878317]]]}},{"type":"Feature","properties":{"v":2.04},"geometry":{"type":"Polygon","coordinates":[[[-76.30034901770524,3.1500144089878317],[-76.25034878899116,3.1500144089878317],[-76.25034878899116,3.2000146377019245],[-76.30034901770524,3.2000146377019245],[-76.30034901770524,3.1500144089878317]]]}},{"type":"Feature","properties":{"v":1.57},"geometry":{"type":"Polygon","coordinates":[[[-76.25034878899116,3.1500144089878317],[-76.20034856027706,3.1500144089878317],[-76.20034856027706,3.2000146377019245],[-76.25034878899116,3.2000146377019245],[-76.25034878899116,3.1500144089878317]]]}},{"type":"Feature","properties":{"v":1.57},"geometry":{"type":"Polygon","coordinates":[[[-76.20034856027706,3.1500144089878317],[-76.15034833156297,3.1500144089878317],[-76.15034833156297,3.2000146377019245],[-76.20034856027706,3.2000146377019245],[-76.20034856027706,3.1500144089878317]]]}},{"type":"Feature","properties":{"v":1.51},"geometry":{"type":"Polygon","coordinates":[[[-76.15034833156297,3.1500144089878317],[-76.10034810284888,3.1500144089878317],[-76.10034810284888,3.2000146377019245],[-76.15034833156297,3.2000146377019245],[-76.15034833156297,3.1500144089878317]]]}},{"type":"Feature","properties":{"v":1.51},"geometry":{"type":"Polygon","coordinates":[[[-76.10034810284888,3.1500144089878317],[-76.05034787413479,3.1500144089878317],[-76.05034787413479,3.2000146377019245],[-76.10034810284888,3.2000146377019245],[-76.10034810284888,3.1500144089878317]]]}},{"type":"Feature","properties":{"v":0.87},"geometry":{"type":"Polygon","coordinates":[[[-76.05034787413479,3.1500144089878317],[-76.00034764542069,3.1500144089878317],[-76.00034764542069,3.2000146377019245],[-76.05034787413479,3.2000146377019245],[-76.05034787413479,3.1500144089878317]]]}},{"type":"Feature","properties":{"v":0.87},"geometry":{"type":"Polygon","coordinates":[[[-76.00034764542069,3.1500144089878317],[-75.9503474167066,3.1500144089878317],[-75.9503474167066,3.2000146377019245],[-76.00034764542069,3.2000146377019245],[-76.00034764542069,3.1500144089878317]]]}},{"type":"Feature","properties":{"v":0.45},"geometry":{"type":"Polygon","coordinates":[[[-75.9503474167066,3.1500144089878317],[-75.90034718799251,3.1500144089878317],[-75.90034718799251,3.2000146377019245],[-75.9503474167066,3.2000146377019245],[-75.9503474167066,3.1500144089878317]]]}},{"type":"Feature","properties":{"v":0.45},"geometry":{"type":"Polygon","coordinates":[[[-75.90034718799251,3.1500144089878317],[-75.85034695927841,3.1500144089878317],[-75.85034695927841,3.2000146377019245],[-75.90034718799251,3.2000146377019245],[-75.90034718799251,3.1500144089878317]]]}},{"type":"Feature","properties":{"v":0.63},"geometry":{"type":"Polygon","coordinates":[[[-75.85034695927841,3.1500144089878317],[-75.80034673056433,3.1500144089878317],[-75.80034673056433,3.2000146377019245],[-75.85034695927841,3.2000146377019245],[-75.85034695927841,3.1500144089878317]]]}},{"type":"Feature","properties":{"v":0.63},"geometry":{"type":"Polygon","coordinates":[[[-75.80034673056433,3.1500144089878317],[-75.75034650185023,3.1500144089878317],[-75.75034650185023,3.2000146377019245],[-75.80034673056433,3.2000146377019245],[-75.80034673056433,3.1500144089878317]]]}},{"type":"Feature","properties":{"v":0.58},"geometry":{"type":"Polygon","coordinates":[[[-75.75034650185023,3.1500144089878317],[-75.70034627313613,3.1500144089878317],[-75.70034627313613,3.2000146377019245],[-75.75034650185023,3.2000146377019245],[-75.75034650185023,3.1500144089878317]]]}},{"type":"Feature","properties":{"v":0.58},"geometry":{"type":"Polygon","coordinates":[[[-75.70034627313613,3.1500144089878317],[-75.65034604442205,3.1500144089878317],[-75.65034604442205,3.2000146377019245],[-75.70034627313613,3.2000146377019245],[-75.70034627313613,3.1500144089878317]]]}},{"type":"Feature","properties":{"v":0.73},"geometry":{"type":"Polygon","coordinates":[[[-75.65034604442205,3.1500144089878317],[-75.60034581570795,3.1500144089878317],[-75.60034581570795,3.2000146377019245],[-75.65034604442205,3.2000146377019245],[-75.65034604442205,3.1500144089878317]]]}},{"type":"Feature","properties":{"v":0.73},"geometry":{"type":"Polygon","coordinates":[[[-75.60034581570795,3.1500144089878317],[-75.55034558699386,3.1500144089878317],[-75.55034558699386,3.2000146377019245],[-75.60034581570795,3.2000146377019245],[-75.60034581570795,3.1500144089878317]]]}},{"type":"Feature","properties":{"v":0.13},"geometry":{"type":"Polygon","coordinates":[[[-75.55034558699386,3.1500144089878317],[-75.50034535827977,3.1500144089878317],[-75.50034535827977,3.2000146377019245],[-75.55034558699386,3.2000146377019245],[-75.55034558699386,3.1500144089878317]]]}},{"type":"Feature","properties":{"v":0.13},"geometry":{"type":"Polygon","coordinates":[[[-75.50034535827977,3.1500144089878317],[-75.45034512956568,3.1500144089878317],[-75.45034512956568,3.2000146377019245],[-75.50034535827977,3.2000146377019245],[-75.50034535827977,3.1500144089878317]]]}},{"type":"Feature","properties":{"v":-0.27},"geometry":{"type":"Polygon","coordinates":[[[-75.45034512956568,3.1500144089878317],[-75.40034490085158,3.1500144089878317],[-75.40034490085158,3.2000146377019245],[-75.45034512956568,3.2000146377019245],[-75.45034512956568,3.1500144089878317]]]}},{"type":"Feature","properties":{"v":-0.27},"geometry":{"type":"Polygon","coordinates":[[[-75.40034490085158,3.1500144089878317],[-75.3503446721375,3.1500144089878317],[-75.3503446721375,3.2000146377019245],[-75.40034490085158,3.2000146377019245],[-75.40034490085158,3.1500144089878317]]]}},{"type":"Feature","properties":{"v":0.17},"geometry":{"type":"Polygon","coordinates":[[[-75.3503446721375,3.1500144089878317],[-75.3003444434234,3.1500144089878317],[-75.3003444434234,3.2000146377019245],[-75.3503446721375,3.2000146377019245],[-75.3503446721375,3.1500144089878317]]]}},{"type":"Feature","properties":{"v":0.17},"geometry":{"type":"Polygon","coordinates":[[[-75.3003444434234,3.1500144089878317],[-75.2503442147093,3.1500144089878317],[-75.2503442147093,3.2000146377019245],[-75.3003444434234,3.2000146377019245],[-75.3003444434234,3.1500144089878317]]]}},{"type":"Feature","properties":{"v":0.69},"geometry":{"type":"Polygon","coordinates":[[[-75.2503442147093,3.1500144089878317],[-75.20034398599522,3.1500144089878317],[-75.20034398599522,3.2000146377019245],[-75.2503442147093,3.2000146377019245],[-75.2503442147093,3.1500144089878317]]]}},{"type":"Feature","properties":{"v":0.69},"geometry":{"type":"Polygon","coordinates":[[[-75.20034398599522,3.1500144089878317],[-75.15034375728112,3.1500144089878317],[-75.15034375728112,3.2000146377019245],[-75.20034398599522,3.2000146377019245],[-75.20034398599522,3.1500144089878317]]]}},{"type":"Feature","properties":{"v":0.53},"geometry":{"type":"Polygon","coordinates":[[[-75.15034375728112,3.1500144089878317],[-75.10034352856702,3.1500144089878317],[-75.10034352856702,3.2000146377019245],[-75.15034375728112,3.2000146377019245],[-75.15034375728112,3.1500144089878317]]]}},{"type":"Feature","properties":{"v":1.57},"geometry":{"type":"Polygon","coordinates":[[[-77.65035519298574,3.1000141802737393],[-77.60035496427166,3.1000141802737393],[-77.60035496427166,3.1500144089878317],[-77.65035519298574,3.1500144089878317],[-77.65035519298574,3.1000141802737393]]]}},{"type":"Feature","properties":{"v":1.57},"geometry":{"type":"Polygon","coordinates":[[[-77.60035496427166,3.1000141802737393],[-77.55035473555756,3.1000141802737393],[-77.55035473555756,3.1500144089878317],[-77.60035496427166,3.1500144089878317],[-77.60035496427166,3.1000141802737393]]]}},{"type":"Feature","properties":{"v":1.57},"geometry":{"type":"Polygon","coordinates":[[[-77.55035473555756,3.1000141802737393],[-77.50035450684346,3.1000141802737393],[-77.50035450684346,3.1500144089878317],[-77.55035473555756,3.1500144089878317],[-77.55035473555756,3.1000141802737393]]]}},{"type":"Feature","properties":{"v":1.57},"geometry":{"type":"Polygon","coordinates":[[[-77.50035450684346,3.1000141802737393],[-77.45035427812938,3.1000141802737393],[-77.45035427812938,3.1500144089878317],[-77.50035450684346,3.1500144089878317],[-77.50035450684346,3.1000141802737393]]]}},{"type":"Feature","properties":{"v":1.6},"geometry":{"type":"Polygon","coordinates":[[[-77.45035427812938,3.1000141802737393],[-77.40035404941528,3.1000141802737393],[-77.40035404941528,3.1500144089878317],[-77.45035427812938,3.1500144089878317],[-77.45035427812938,3.1000141802737393]]]}},{"type":"Feature","properties":{"v":1.6},"geometry":{"type":"Polygon","coordinates":[[[-77.40035404941528,3.1000141802737393],[-77.35035382070119,3.1000141802737393],[-77.35035382070119,3.1500144089878317],[-77.40035404941528,3.1500144089878317],[-77.40035404941528,3.1000141802737393]]]}},{"type":"Feature","properties":{"v":1.65},"geometry":{"type":"Polygon","coordinates":[[[-77.35035382070119,3.1000141802737393],[-77.3003535919871,3.1000141802737393],[-77.3003535919871,3.1500144089878317],[-77.35035382070119,3.1500144089878317],[-77.35035382070119,3.1000141802737393]]]}},{"type":"Feature","properties":{"v":1.65},"geometry":{"type":"Polygon","coordinates":[[[-77.3003535919871,3.1000141802737393],[-77.250353363273,3.1000141802737393],[-77.250353363273,3.1500144089878317],[-77.3003535919871,3.1500144089878317],[-77.3003535919871,3.1000141802737393]]]}},{"type":"Feature","properties":{"v":1.6},"geometry":{"type":"Polygon","coordinates":[[[-77.250353363273,3.1000141802737393],[-77.20035313455891,3.1000141802737393],[-77.20035313455891,3.1500144089878317],[-77.250353363273,3.1500144089878317],[-77.250353363273,3.1000141802737393]]]}},{"type":"Feature","properties":{"v":1.6},"geometry":{"type":"Polygon","coordinates":[[[-77.20035313455891,3.1000141802737393],[-77.15035290584483,3.1000141802737393],[-77.15035290584483,3.1500144089878317],[-77.20035313455891,3.1500144089878317],[-77.20035313455891,3.1000141802737393]]]}},{"type":"Feature","properties":{"v":1.59},"geometry":{"type":"Polygon","coordinates":[[[-77.15035290584483,3.1000141802737393],[-77.10035267713073,3.1000141802737393],[-77.10035267713073,3.1500144089878317],[-77.15035290584483,3.1500144089878317],[-77.15035290584483,3.1000141802737393]]]}},{"type":"Feature","properties":{"v":1.59},"geometry":{"type":"Polygon","coordinates":[[[-77.10035267713073,3.1000141802737393],[-77.05035244841663,3.1000141802737393],[-77.05035244841663,3.1500144089878317],[-77.10035267713073,3.1500144089878317],[-77.10035267713073,3.1000141802737393]]]}},{"type":"Feature","properties":{"v":1.3},"geometry":{"type":"Polygon","coordinates":[[[-77.05035244841663,3.1000141802737393],[-77.00035221970255,3.1000141802737393],[-77.00035221970255,3.1500144089878317],[-77.05035244841663,3.1500144089878317],[-77.05035244841663,3.1000141802737393]]]}},{"type":"Feature","properties":{"v":1.3},"geometry":{"type":"Polygon","coordinates":[[[-77.00035221970255,3.1000141802737393],[-76.95035199098845,3.1000141802737393],[-76.95035199098845,3.1500144089878317],[-77.00035221970255,3.1500144089878317],[-77.00035221970255,3.1000141802737393]]]}},{"type":"Feature","properties":{"v":1.13},"geometry":{"type":"Polygon","coordinates":[[[-76.95035199098845,3.1000141802737393],[-76.90035176227435,3.1000141802737393],[-76.90035176227435,3.1500144089878317],[-76.95035199098845,3.1500144089878317],[-76.95035199098845,3.1000141802737393]]]}},{"type":"Feature","properties":{"v":1.13},"geometry":{"type":"Polygon","coordinates":[[[-76.90035176227435,3.1000141802737393],[-76.85035153356027,3.1000141802737393],[-76.85035153356027,3.1500144089878317],[-76.90035176227435,3.1500144089878317],[-76.90035176227435,3.1000141802737393]]]}},{"type":"Feature","properties":{"v":1.2},"geometry":{"type":"Polygon","coordinates":[[[-76.85035153356027,3.1000141802737393],[-76.80035130484617,3.1000141802737393],[-76.80035130484617,3.1500144089878317],[-76.85035153356027,3.1500144089878317],[-76.85035153356027,3.1000141802737393]]]}},{"type":"Feature","properties":{"v":1.2},"geometry":{"type":"Polygon","coordinates":[[[-76.80035130484617,3.1000141802737393],[-76.75035107613208,3.1000141802737393],[-76.75035107613208,3.1500144089878317],[-76.80035130484617,3.1500144089878317],[-76.80035130484617,3.1000141802737393]]]}},{"type":"Feature","properties":{"v":0.68},"geometry":{"type":"Polygon","coordinates":[[[-76.75035107613208,3.1000141802737393],[-76.700350847418,3.1000141802737393],[-76.700350847418,3.1500144089878317],[-76.75035107613208,3.1500144089878317],[-76.75035107613208,3.1000141802737393]]]}},{"type":"Feature","properties":{"v":0.68},"geometry":{"type":"Polygon","coordinates":[[[-76.700350847418,3.1000141802737393],[-76.6503506187039,3.1000141802737393],[-76.6503506187039,3.1500144089878317],[-76.700350847418,3.1500144089878317],[-76.700350847418,3.1000141802737393]]]}},{"type":"Feature","properties":{"v":0.8},"geometry":{"type":"Polygon","coordinates":[[[-76.6503506187039,3.1000141802737393],[-76.6003503899898,3.1000141802737393],[-76.6003503899898,3.1500144089878317],[-76.6503506187039,3.1500144089878317],[-76.6503506187039,3.1000141802737393]]]}},{"type":"Feature","properties":{"v":0.8},"geometry":{"type":"Polygon","coordinates":[[[-76.6003503899898,3.1000141802737393],[-76.55035016127572,3.1000141802737393],[-76.55035016127572,3.1500144089878317],[-76.6003503899898,3.1500144089878317],[-76.6003503899898,3.1000141802737393]]]}},{"type":"Feature","properties":{"v":1.35},"geometry":{"type":"Polygon","coordinates":[[[-76.55035016127572,3.1000141802737393],[-76.50034993256162,3.1000141802737393],[-76.50034993256162,3.1500144089878317],[-76.55035016127572,3.1500144089878317],[-76.55035016127572,3.1000141802737393]]]}},{"type":"Feature","properties":{"v":1.35},"geometry":{"type":"Polygon","coordinates":[[[-76.50034993256162,3.1000141802737393],[-76.45034970384752,3.1000141802737393],[-76.45034970384752,3.1500144089878317],[-76.50034993256162,3.1500144089878317],[-76.50034993256162,3.1000141802737393]]]}},{"type":"Feature","properties":{"v":2.28},"geometry":{"type":"Polygon","coordinates":[[[-76.45034970384752,3.1000141802737393],[-76.40034947513344,3.1000141802737393],[-76.40034947513344,3.1500144089878317],[-76.45034970384752,3.1500144089878317],[-76.45034970384752,3.1000141802737393]]]}},{"type":"Feature","properties":{"v":2.28},"geometry":{"type":"Polygon","coordinates":[[[-76.40034947513344,3.1000141802737393],[-76.35034924641934,3.1000141802737393],[-76.35034924641934,3.1500144089878317],[-76.40034947513344,3.1500144089878317],[-76.40034947513344,3.1000141802737393]]]}},{"type":"Feature","properties":{"v":1.91},"geometry":{"type":"Polygon","coordinates":[[[-76.35034924641934,3.1000141802737393],[-76.30034901770524,3.1000141802737393],[-76.30034901770524,3.1500144089878317],[-76.35034924641934,3.1500144089878317],[-76.35034924641934,3.1000141802737393]]]}},{"type":"Feature","properties":{"v":1.91},"geometry":{"type":"Polygon","coordinates":[[[-76.30034901770524,3.1000141802737393],[-76.25034878899116,3.1000141802737393],[-76.25034878899116,3.1500144089878317],[-76.30034901770524,3.1500144089878317],[-76.30034901770524,3.1000141802737393]]]}},{"type":"Feature","properties":{"v":1.2},"geometry":{"type":"Polygon","coordinates":[[[-76.25034878899116,3.1000141802737393],[-76.20034856027706,3.1000141802737393],[-76.20034856027706,3.1500144089878317],[-76.25034878899116,3.1500144089878317],[-76.25034878899116,3.1000141802737393]]]}},{"type":"Feature","properties":{"v":1.2},"geometry":{"type":"Polygon","coordinates":[[[-76.20034856027706,3.1000141802737393],[-76.15034833156297,3.1000141802737393],[-76.15034833156297,3.1500144089878317],[-76.20034856027706,3.1500144089878317],[-76.20034856027706,3.1000141802737393]]]}},{"type":"Feature","properties":{"v":1.43},"geometry":{"type":"Polygon","coordinates":[[[-76.15034833156297,3.1000141802737393],[-76.10034810284888,3.1000141802737393],[-76.10034810284888,3.1500144089878317],[-76.15034833156297,3.1500144089878317],[-76.15034833156297,3.1000141802737393]]]}},{"type":"Feature","properties":{"v":1.43},"geometry":{"type":"Polygon","coordinates":[[[-76.10034810284888,3.1000141802737393],[-76.05034787413479,3.1000141802737393],[-76.05034787413479,3.1500144089878317],[-76.10034810284888,3.1500144089878317],[-76.10034810284888,3.1000141802737393]]]}},{"type":"Feature","properties":{"v":0.71},"geometry":{"type":"Polygon","coordinates":[[[-76.05034787413479,3.1000141802737393],[-76.00034764542069,3.1000141802737393],[-76.00034764542069,3.1500144089878317],[-76.05034787413479,3.1500144089878317],[-76.05034787413479,3.1000141802737393]]]}},{"type":"Feature","properties":{"v":0.71},"geometry":{"type":"Polygon","coordinates":[[[-76.00034764542069,3.1000141802737393],[-75.9503474167066,3.1000141802737393],[-75.9503474167066,3.1500144089878317],[-76.00034764542069,3.1500144089878317],[-76.00034764542069,3.1000141802737393]]]}},{"type":"Feature","properties":{"v":0.38},"geometry":{"type":"Polygon","coordinates":[[[-75.9503474167066,3.1000141802737393],[-75.90034718799251,3.1000141802737393],[-75.90034718799251,3.1500144089878317],[-75.9503474167066,3.1500144089878317],[-75.9503474167066,3.1000141802737393]]]}},{"type":"Feature","properties":{"v":0.38},"geometry":{"type":"Polygon","coordinates":[[[-75.90034718799251,3.1000141802737393],[-75.85034695927841,3.1000141802737393],[-75.85034695927841,3.1500144089878317],[-75.90034718799251,3.1500144089878317],[-75.90034718799251,3.1000141802737393]]]}},{"type":"Feature","properties":{"v":0.37},"geometry":{"type":"Polygon","coordinates":[[[-75.85034695927841,3.1000141802737393],[-75.80034673056433,3.1000141802737393],[-75.80034673056433,3.1500144089878317],[-75.85034695927841,3.1500144089878317],[-75.85034695927841,3.1000141802737393]]]}},{"type":"Feature","properties":{"v":0.37},"geometry":{"type":"Polygon","coordinates":[[[-75.80034673056433,3.1000141802737393],[-75.75034650185023,3.1000141802737393],[-75.75034650185023,3.1500144089878317],[-75.80034673056433,3.1500144089878317],[-75.80034673056433,3.1000141802737393]]]}},{"type":"Feature","properties":{"v":0.43},"geometry":{"type":"Polygon","coordinates":[[[-75.75034650185023,3.1000141802737393],[-75.70034627313613,3.1000141802737393],[-75.70034627313613,3.1500144089878317],[-75.75034650185023,3.1500144089878317],[-75.75034650185023,3.1000141802737393]]]}},{"type":"Feature","properties":{"v":0.43},"geometry":{"type":"Polygon","coordinates":[[[-75.70034627313613,3.1000141802737393],[-75.65034604442205,3.1000141802737393],[-75.65034604442205,3.1500144089878317],[-75.70034627313613,3.1500144089878317],[-75.70034627313613,3.1000141802737393]]]}},{"type":"Feature","properties":{"v":0.35},"geometry":{"type":"Polygon","coordinates":[[[-75.65034604442205,3.1000141802737393],[-75.60034581570795,3.1000141802737393],[-75.60034581570795,3.1500144089878317],[-75.65034604442205,3.1500144089878317],[-75.65034604442205,3.1000141802737393]]]}},{"type":"Feature","properties":{"v":0.35},"geometry":{"type":"Polygon","coordinates":[[[-75.60034581570795,3.1000141802737393],[-75.55034558699386,3.1000141802737393],[-75.55034558699386,3.1500144089878317],[-75.60034581570795,3.1500144089878317],[-75.60034581570795,3.1000141802737393]]]}},{"type":"Feature","properties":{"v":0.44},"geometry":{"type":"Polygon","coordinates":[[[-75.55034558699386,3.1000141802737393],[-75.50034535827977,3.1000141802737393],[-75.50034535827977,3.1500144089878317],[-75.55034558699386,3.1500144089878317],[-75.55034558699386,3.1000141802737393]]]}},{"type":"Feature","properties":{"v":0.44},"geometry":{"type":"Polygon","coordinates":[[[-75.50034535827977,3.1000141802737393],[-75.45034512956568,3.1000141802737393],[-75.45034512956568,3.1500144089878317],[-75.50034535827977,3.1500144089878317],[-75.50034535827977,3.1000141802737393]]]}},{"type":"Feature","properties":{"v":0.33},"geometry":{"type":"Polygon","coordinates":[[[-75.45034512956568,3.1000141802737393],[-75.40034490085158,3.1000141802737393],[-75.40034490085158,3.1500144089878317],[-75.45034512956568,3.1500144089878317],[-75.45034512956568,3.1000141802737393]]]}},{"type":"Feature","properties":{"v":0.33},"geometry":{"type":"Polygon","coordinates":[[[-75.40034490085158,3.1000141802737393],[-75.3503446721375,3.1000141802737393],[-75.3503446721375,3.1500144089878317],[-75.40034490085158,3.1500144089878317],[-75.40034490085158,3.1000141802737393]]]}},{"type":"Feature","properties":{"v":1.04},"geometry":{"type":"Polygon","coordinates":[[[-75.3503446721375,3.1000141802737393],[-75.3003444434234,3.1000141802737393],[-75.3003444434234,3.1500144089878317],[-75.3503446721375,3.1500144089878317],[-75.3503446721375,3.1000141802737393]]]}},{"type":"Feature","properties":{"v":1.04},"geometry":{"type":"Polygon","coordinates":[[[-75.3003444434234,3.1000141802737393],[-75.2503442147093,3.1000141802737393],[-75.2503442147093,3.1500144089878317],[-75.3003444434234,3.1500144089878317],[-75.3003444434234,3.1000141802737393]]]}},{"type":"Feature","properties":{"v":1.31},"geometry":{"type":"Polygon","coordinates":[[[-75.2503442147093,3.1000141802737393],[-75.20034398599522,3.1000141802737393],[-75.20034398599522,3.1500144089878317],[-75.2503442147093,3.1500144089878317],[-75.2503442147093,3.1000141802737393]]]}},{"type":"Feature","properties":{"v":1.31},"geometry":{"type":"Polygon","coordinates":[[[-75.20034398599522,3.1000141802737393],[-75.15034375728112,3.1000141802737393],[-75.15034375728112,3.1500144089878317],[-75.20034398599522,3.1500144089878317],[-75.20034398599522,3.1000141802737393]]]}},{"type":"Feature","properties":{"v":0.67},"geometry":{"type":"Polygon","coordinates":[[[-75.15034375728112,3.1000141802737393],[-75.10034352856702,3.1000141802737393],[-75.10034352856702,3.1500144089878317],[-75.15034375728112,3.1500144089878317],[-75.15034375728112,3.1000141802737393]]]}},{"type":"Feature","properties":{"v":1.57},"geometry":{"type":"Polygon","coordinates":[[[-77.65035519298574,3.050013951559647],[-77.60035496427166,3.050013951559647],[-77.60035496427166,3.1000141802737393],[-77.65035519298574,3.1000141802737393],[-77.65035519298574,3.050013951559647]]]}},{"type":"Feature","properties":{"v":1.57},"geometry":{"type":"Polygon","coordinates":[[[-77.60035496427166,3.050013951559647],[-77.55035473555756,3.050013951559647],[-77.55035473555756,3.1000141802737393],[-77.60035496427166,3.1000141802737393],[-77.60035496427166,3.050013951559647]]]}},{"type":"Feature","properties":{"v":1.57},"geometry":{"type":"Polygon","coordinates":[[[-77.55035473555756,3.050013951559647],[-77.50035450684346,3.050013951559647],[-77.50035450684346,3.1000141802737393],[-77.55035473555756,3.1000141802737393],[-77.55035473555756,3.050013951559647]]]}},{"type":"Feature","properties":{"v":1.57},"geometry":{"type":"Polygon","coordinates":[[[-77.50035450684346,3.050013951559647],[-77.45035427812938,3.050013951559647],[-77.45035427812938,3.1000141802737393],[-77.50035450684346,3.1000141802737393],[-77.50035450684346,3.050013951559647]]]}},{"type":"Feature","properties":{"v":1.6},"geometry":{"type":"Polygon","coordinates":[[[-77.45035427812938,3.050013951559647],[-77.40035404941528,3.050013951559647],[-77.40035404941528,3.1000141802737393],[-77.45035427812938,3.1000141802737393],[-77.45035427812938,3.050013951559647]]]}},{"type":"Feature","properties":{"v":1.6},"geometry":{"type":"Polygon","coordinates":[[[-77.40035404941528,3.050013951559647],[-77.35035382070119,3.050013951559647],[-77.35035382070119,3.1000141802737393],[-77.40035404941528,3.1000141802737393],[-77.40035404941528,3.050013951559647]]]}},{"type":"Feature","properties":{"v":1.65},"geometry":{"type":"Polygon","coordinates":[[[-77.35035382070119,3.050013951559647],[-77.3003535919871,3.050013951559647],[-77.3003535919871,3.1000141802737393],[-77.35035382070119,3.1000141802737393],[-77.35035382070119,3.050013951559647]]]}},{"type":"Feature","properties":{"v":1.65},"geometry":{"type":"Polygon","coordinates":[[[-77.3003535919871,3.050013951559647],[-77.250353363273,3.050013951559647],[-77.250353363273,3.1000141802737393],[-77.3003535919871,3.1000141802737393],[-77.3003535919871,3.050013951559647]]]}},{"type":"Feature","properties":{"v":1.6},"geometry":{"type":"Polygon","coordinates":[[[-77.250353363273,3.050013951559647],[-77.20035313455891,3.050013951559647],[-77.20035313455891,3.1000141802737393],[-77.250353363273,3.1000141802737393],[-77.250353363273,3.050013951559647]]]}},{"type":"Feature","properties":{"v":1.6},"geometry":{"type":"Polygon","coordinates":[[[-77.20035313455891,3.050013951559647],[-77.15035290584483,3.050013951559647],[-77.15035290584483,3.1000141802737393],[-77.20035313455891,3.1000141802737393],[-77.20035313455891,3.050013951559647]]]}},{"type":"Feature","properties":{"v":1.59},"geometry":{"type":"Polygon","coordinates":[[[-77.15035290584483,3.050013951559647],[-77.10035267713073,3.050013951559647],[-77.10035267713073,3.1000141802737393],[-77.15035290584483,3.1000141802737393],[-77.15035290584483,3.050013951559647]]]}},{"type":"Feature","properties":{"v":1.59},"geometry":{"type":"Polygon","coordinates":[[[-77.10035267713073,3.050013951559647],[-77.05035244841663,3.050013951559647],[-77.05035244841663,3.1000141802737393],[-77.10035267713073,3.1000141802737393],[-77.10035267713073,3.050013951559647]]]}},{"type":"Feature","properties":{"v":1.3},"geometry":{"type":"Polygon","coordinates":[[[-77.05035244841663,3.050013951559647],[-77.00035221970255,3.050013951559647],[-77.00035221970255,3.1000141802737393],[-77.05035244841663,3.1000141802737393],[-77.05035244841663,3.050013951559647]]]}},{"type":"Feature","properties":{"v":1.3},"geometry":{"type":"Polygon","coordinates":[[[-77.00035221970255,3.050013951559647],[-76.95035199098845,3.050013951559647],[-76.95035199098845,3.1000141802737393],[-77.00035221970255,3.1000141802737393],[-77.00035221970255,3.050013951559647]]]}},{"type":"Feature","properties":{"v":1.13},"geometry":{"type":"Polygon","coordinates":[[[-76.95035199098845,3.050013951559647],[-76.90035176227435,3.050013951559647],[-76.90035176227435,3.1000141802737393],[-76.95035199098845,3.1000141802737393],[-76.95035199098845,3.050013951559647]]]}},{"type":"Feature","properties":{"v":1.13},"geometry":{"type":"Polygon","coordinates":[[[-76.90035176227435,3.050013951559647],[-76.85035153356027,3.050013951559647],[-76.85035153356027,3.1000141802737393],[-76.90035176227435,3.1000141802737393],[-76.90035176227435,3.050013951559647]]]}},{"type":"Feature","properties":{"v":1.2},"geometry":{"type":"Polygon","coordinates":[[[-76.85035153356027,3.050013951559647],[-76.80035130484617,3.050013951559647],[-76.80035130484617,3.1000141802737393],[-76.85035153356027,3.1000141802737393],[-76.85035153356027,3.050013951559647]]]}},{"type":"Feature","properties":{"v":1.2},"geometry":{"type":"Polygon","coordinates":[[[-76.80035130484617,3.050013951559647],[-76.75035107613208,3.050013951559647],[-76.75035107613208,3.1000141802737393],[-76.80035130484617,3.1000141802737393],[-76.80035130484617,3.050013951559647]]]}},{"type":"Feature","properties":{"v":0.68},"geometry":{"type":"Polygon","coordinates":[[[-76.75035107613208,3.050013951559647],[-76.700350847418,3.050013951559647],[-76.700350847418,3.1000141802737393],[-76.75035107613208,3.1000141802737393],[-76.75035107613208,3.050013951559647]]]}},{"type":"Feature","properties":{"v":0.68},"geometry":{"type":"Polygon","coordinates":[[[-76.700350847418,3.050013951559647],[-76.6503506187039,3.050013951559647],[-76.6503506187039,3.1000141802737393],[-76.700350847418,3.1000141802737393],[-76.700350847418,3.050013951559647]]]}},{"type":"Feature","properties":{"v":0.8},"geometry":{"type":"Polygon","coordinates":[[[-76.6503506187039,3.050013951559647],[-76.6003503899898,3.050013951559647],[-76.6003503899898,3.1000141802737393],[-76.6503506187039,3.1000141802737393],[-76.6503506187039,3.050013951559647]]]}},{"type":"Feature","properties":{"v":0.8},"geometry":{"type":"Polygon","coordinates":[[[-76.6003503899898,3.050013951559647],[-76.55035016127572,3.050013951559647],[-76.55035016127572,3.1000141802737393],[-76.6003503899898,3.1000141802737393],[-76.6003503899898,3.050013951559647]]]}},{"type":"Feature","properties":{"v":1.35},"geometry":{"type":"Polygon","coordinates":[[[-76.55035016127572,3.050013951559647],[-76.50034993256162,3.050013951559647],[-76.50034993256162,3.1000141802737393],[-76.55035016127572,3.1000141802737393],[-76.55035016127572,3.050013951559647]]]}},{"type":"Feature","properties":{"v":1.35},"geometry":{"type":"Polygon","coordinates":[[[-76.50034993256162,3.050013951559647],[-76.45034970384752,3.050013951559647],[-76.45034970384752,3.1000141802737393],[-76.50034993256162,3.1000141802737393],[-76.50034993256162,3.050013951559647]]]}},{"type":"Feature","properties":{"v":2.28},"geometry":{"type":"Polygon","coordinates":[[[-76.45034970384752,3.050013951559647],[-76.40034947513344,3.050013951559647],[-76.40034947513344,3.1000141802737393],[-76.45034970384752,3.1000141802737393],[-76.45034970384752,3.050013951559647]]]}},{"type":"Feature","properties":{"v":2.28},"geometry":{"type":"Polygon","coordinates":[[[-76.40034947513344,3.050013951559647],[-76.35034924641934,3.050013951559647],[-76.35034924641934,3.1000141802737393],[-76.40034947513344,3.1000141802737393],[-76.40034947513344,3.050013951559647]]]}},{"type":"Feature","properties":{"v":1.91},"geometry":{"type":"Polygon","coordinates":[[[-76.35034924641934,3.050013951559647],[-76.30034901770524,3.050013951559647],[-76.30034901770524,3.1000141802737393],[-76.35034924641934,3.1000141802737393],[-76.35034924641934,3.050013951559647]]]}},{"type":"Feature","properties":{"v":1.91},"geometry":{"type":"Polygon","coordinates":[[[-76.30034901770524,3.050013951559647],[-76.25034878899116,3.050013951559647],[-76.25034878899116,3.1000141802737393],[-76.30034901770524,3.1000141802737393],[-76.30034901770524,3.050013951559647]]]}},{"type":"Feature","properties":{"v":1.2},"geometry":{"type":"Polygon","coordinates":[[[-76.25034878899116,3.050013951559647],[-76.20034856027706,3.050013951559647],[-76.20034856027706,3.1000141802737393],[-76.25034878899116,3.1000141802737393],[-76.25034878899116,3.050013951559647]]]}},{"type":"Feature","properties":{"v":1.2},"geometry":{"type":"Polygon","coordinates":[[[-76.20034856027706,3.050013951559647],[-76.15034833156297,3.050013951559647],[-76.15034833156297,3.1000141802737393],[-76.20034856027706,3.1000141802737393],[-76.20034856027706,3.050013951559647]]]}},{"type":"Feature","properties":{"v":1.43},"geometry":{"type":"Polygon","coordinates":[[[-76.15034833156297,3.050013951559647],[-76.10034810284888,3.050013951559647],[-76.10034810284888,3.1000141802737393],[-76.15034833156297,3.1000141802737393],[-76.15034833156297,3.050013951559647]]]}},{"type":"Feature","properties":{"v":1.43},"geometry":{"type":"Polygon","coordinates":[[[-76.10034810284888,3.050013951559647],[-76.05034787413479,3.050013951559647],[-76.05034787413479,3.1000141802737393],[-76.10034810284888,3.1000141802737393],[-76.10034810284888,3.050013951559647]]]}},{"type":"Feature","properties":{"v":0.71},"geometry":{"type":"Polygon","coordinates":[[[-76.05034787413479,3.050013951559647],[-76.00034764542069,3.050013951559647],[-76.00034764542069,3.1000141802737393],[-76.05034787413479,3.1000141802737393],[-76.05034787413479,3.050013951559647]]]}},{"type":"Feature","properties":{"v":0.71},"geometry":{"type":"Polygon","coordinates":[[[-76.00034764542069,3.050013951559647],[-75.9503474167066,3.050013951559647],[-75.9503474167066,3.1000141802737393],[-76.00034764542069,3.1000141802737393],[-76.00034764542069,3.050013951559647]]]}},{"type":"Feature","properties":{"v":0.38},"geometry":{"type":"Polygon","coordinates":[[[-75.9503474167066,3.050013951559647],[-75.90034718799251,3.050013951559647],[-75.90034718799251,3.1000141802737393],[-75.9503474167066,3.1000141802737393],[-75.9503474167066,3.050013951559647]]]}},{"type":"Feature","properties":{"v":0.38},"geometry":{"type":"Polygon","coordinates":[[[-75.90034718799251,3.050013951559647],[-75.85034695927841,3.050013951559647],[-75.85034695927841,3.1000141802737393],[-75.90034718799251,3.1000141802737393],[-75.90034718799251,3.050013951559647]]]}},{"type":"Feature","properties":{"v":0.37},"geometry":{"type":"Polygon","coordinates":[[[-75.85034695927841,3.050013951559647],[-75.80034673056433,3.050013951559647],[-75.80034673056433,3.1000141802737393],[-75.85034695927841,3.1000141802737393],[-75.85034695927841,3.050013951559647]]]}},{"type":"Feature","properties":{"v":0.37},"geometry":{"type":"Polygon","coordinates":[[[-75.80034673056433,3.050013951559647],[-75.75034650185023,3.050013951559647],[-75.75034650185023,3.1000141802737393],[-75.80034673056433,3.1000141802737393],[-75.80034673056433,3.050013951559647]]]}},{"type":"Feature","properties":{"v":0.43},"geometry":{"type":"Polygon","coordinates":[[[-75.75034650185023,3.050013951559647],[-75.70034627313613,3.050013951559647],[-75.70034627313613,3.1000141802737393],[-75.75034650185023,3.1000141802737393],[-75.75034650185023,3.050013951559647]]]}},{"type":"Feature","properties":{"v":0.43},"geometry":{"type":"Polygon","coordinates":[[[-75.70034627313613,3.050013951559647],[-75.65034604442205,3.050013951559647],[-75.65034604442205,3.1000141802737393],[-75.70034627313613,3.1000141802737393],[-75.70034627313613,3.050013951559647]]]}},{"type":"Feature","properties":{"v":0.35},"geometry":{"type":"Polygon","coordinates":[[[-75.65034604442205,3.050013951559647],[-75.60034581570795,3.050013951559647],[-75.60034581570795,3.1000141802737393],[-75.65034604442205,3.1000141802737393],[-75.65034604442205,3.050013951559647]]]}},{"type":"Feature","properties":{"v":0.35},"geometry":{"type":"Polygon","coordinates":[[[-75.60034581570795,3.050013951559647],[-75.55034558699386,3.050013951559647],[-75.55034558699386,3.1000141802737393],[-75.60034581570795,3.1000141802737393],[-75.60034581570795,3.050013951559647]]]}},{"type":"Feature","properties":{"v":0.44},"geometry":{"type":"Polygon","coordinates":[[[-75.55034558699386,3.050013951559647],[-75.50034535827977,3.050013951559647],[-75.50034535827977,3.1000141802737393],[-75.55034558699386,3.1000141802737393],[-75.55034558699386,3.050013951559647]]]}},{"type":"Feature","properties":{"v":0.44},"geometry":{"type":"Polygon","coordinates":[[[-75.50034535827977,3.050013951559647],[-75.45034512956568,3.050013951559647],[-75.45034512956568,3.1000141802737393],[-75.50034535827977,3.1000141802737393],[-75.50034535827977,3.050013951559647]]]}},{"type":"Feature","properties":{"v":0.33},"geometry":{"type":"Polygon","coordinates":[[[-75.45034512956568,3.050013951559647],[-75.40034490085158,3.050013951559647],[-75.40034490085158,3.1000141802737393],[-75.45034512956568,3.1000141802737393],[-75.45034512956568,3.050013951559647]]]}},{"type":"Feature","properties":{"v":0.33},"geometry":{"type":"Polygon","coordinates":[[[-75.40034490085158,3.050013951559647],[-75.3503446721375,3.050013951559647],[-75.3503446721375,3.1000141802737393],[-75.40034490085158,3.1000141802737393],[-75.40034490085158,3.050013951559647]]]}},{"type":"Feature","properties":{"v":1.04},"geometry":{"type":"Polygon","coordinates":[[[-75.3503446721375,3.050013951559647],[-75.3003444434234,3.050013951559647],[-75.3003444434234,3.1000141802737393],[-75.3503446721375,3.1000141802737393],[-75.3503446721375,3.050013951559647]]]}},{"type":"Feature","properties":{"v":1.04},"geometry":{"type":"Polygon","coordinates":[[[-75.3003444434234,3.050013951559647],[-75.2503442147093,3.050013951559647],[-75.2503442147093,3.1000141802737393],[-75.3003444434234,3.1000141802737393],[-75.3003444434234,3.050013951559647]]]}},{"type":"Feature","properties":{"v":1.31},"geometry":{"type":"Polygon","coordinates":[[[-75.2503442147093,3.050013951559647],[-75.20034398599522,3.050013951559647],[-75.20034398599522,3.1000141802737393],[-75.2503442147093,3.1000141802737393],[-75.2503442147093,3.050013951559647]]]}},{"type":"Feature","properties":{"v":1.31},"geometry":{"type":"Polygon","coordinates":[[[-75.20034398599522,3.050013951559647],[-75.15034375728112,3.050013951559647],[-75.15034375728112,3.1000141802737393],[-75.20034398599522,3.1000141802737393],[-75.20034398599522,3.050013951559647]]]}},{"type":"Feature","properties":{"v":0.67},"geometry":{"type":"Polygon","coordinates":[[[-75.15034375728112,3.050013951559647],[-75.10034352856702,3.050013951559647],[-75.10034352856702,3.1000141802737393],[-75.15034375728112,3.1000141802737393],[-75.15034375728112,3.050013951559647]]]}},{"type":"Feature","properties":{"v":1.66},"geometry":{"type":"Polygon","coordinates":[[[-77.65035519298574,3.000013722845554],[-77.60035496427166,3.000013722845554],[-77.60035496427166,3.050013951559647],[-77.65035519298574,3.050013951559647],[-77.65035519298574,3.000013722845554]]]}},{"type":"Feature","properties":{"v":1.66},"geometry":{"type":"Polygon","coordinates":[[[-77.60035496427166,3.000013722845554],[-77.55035473555756,3.000013722845554],[-77.55035473555756,3.050013951559647],[-77.60035496427166,3.050013951559647],[-77.60035496427166,3.000013722845554]]]}},{"type":"Feature","properties":{"v":1.62},"geometry":{"type":"Polygon","coordinates":[[[-77.55035473555756,3.000013722845554],[-77.50035450684346,3.000013722845554],[-77.50035450684346,3.050013951559647],[-77.55035473555756,3.050013951559647],[-77.55035473555756,3.000013722845554]]]}},{"type":"Feature","properties":{"v":1.62},"geometry":{"type":"Polygon","coordinates":[[[-77.50035450684346,3.000013722845554],[-77.45035427812938,3.000013722845554],[-77.45035427812938,3.050013951559647],[-77.50035450684346,3.050013951559647],[-77.50035450684346,3.000013722845554]]]}},{"type":"Feature","properties":{"v":1.64},"geometry":{"type":"Polygon","coordinates":[[[-77.45035427812938,3.000013722845554],[-77.40035404941528,3.000013722845554],[-77.40035404941528,3.050013951559647],[-77.45035427812938,3.050013951559647],[-77.45035427812938,3.000013722845554]]]}},{"type":"Feature","properties":{"v":1.64},"geometry":{"type":"Polygon","coordinates":[[[-77.40035404941528,3.000013722845554],[-77.35035382070119,3.000013722845554],[-77.35035382070119,3.050013951559647],[-77.40035404941528,3.050013951559647],[-77.40035404941528,3.000013722845554]]]}},{"type":"Feature","properties":{"v":1.68},"geometry":{"type":"Polygon","coordinates":[[[-77.35035382070119,3.000013722845554],[-77.3003535919871,3.000013722845554],[-77.3003535919871,3.050013951559647],[-77.35035382070119,3.050013951559647],[-77.35035382070119,3.000013722845554]]]}},{"type":"Feature","properties":{"v":1.68},"geometry":{"type":"Polygon","coordinates":[[[-77.3003535919871,3.000013722845554],[-77.250353363273,3.000013722845554],[-77.250353363273,3.050013951559647],[-77.3003535919871,3.050013951559647],[-77.3003535919871,3.000013722845554]]]}},{"type":"Feature","properties":{"v":1.66},"geometry":{"type":"Polygon","coordinates":[[[-77.250353363273,3.000013722845554],[-77.20035313455891,3.000013722845554],[-77.20035313455891,3.050013951559647],[-77.250353363273,3.050013951559647],[-77.250353363273,3.000013722845554]]]}},{"type":"Feature","properties":{"v":1.66},"geometry":{"type":"Polygon","coordinates":[[[-77.20035313455891,3.000013722845554],[-77.15035290584483,3.000013722845554],[-77.15035290584483,3.050013951559647],[-77.20035313455891,3.050013951559647],[-77.20035313455891,3.000013722845554]]]}},{"type":"Feature","properties":{"v":1.55},"geometry":{"type":"Polygon","coordinates":[[[-77.15035290584483,3.000013722845554],[-77.10035267713073,3.000013722845554],[-77.10035267713073,3.050013951559647],[-77.15035290584483,3.050013951559647],[-77.15035290584483,3.000013722845554]]]}},{"type":"Feature","properties":{"v":1.55},"geometry":{"type":"Polygon","coordinates":[[[-77.10035267713073,3.000013722845554],[-77.05035244841663,3.000013722845554],[-77.05035244841663,3.050013951559647],[-77.10035267713073,3.050013951559647],[-77.10035267713073,3.000013722845554]]]}},{"type":"Feature","properties":{"v":1.34},"geometry":{"type":"Polygon","coordinates":[[[-77.05035244841663,3.000013722845554],[-77.00035221970255,3.000013722845554],[-77.00035221970255,3.050013951559647],[-77.05035244841663,3.050013951559647],[-77.05035244841663,3.000013722845554]]]}},{"type":"Feature","properties":{"v":1.34},"geometry":{"type":"Polygon","coordinates":[[[-77.00035221970255,3.000013722845554],[-76.95035199098845,3.000013722845554],[-76.95035199098845,3.050013951559647],[-77.00035221970255,3.050013951559647],[-77.00035221970255,3.000013722845554]]]}},{"type":"Feature","properties":{"v":1.24},"geometry":{"type":"Polygon","coordinates":[[[-76.95035199098845,3.000013722845554],[-76.90035176227435,3.000013722845554],[-76.90035176227435,3.050013951559647],[-76.95035199098845,3.050013951559647],[-76.95035199098845,3.000013722845554]]]}},{"type":"Feature","properties":{"v":1.24},"geometry":{"type":"Polygon","coordinates":[[[-76.90035176227435,3.000013722845554],[-76.85035153356027,3.000013722845554],[-76.85035153356027,3.050013951559647],[-76.90035176227435,3.050013951559647],[-76.90035176227435,3.000013722845554]]]}},{"type":"Feature","properties":{"v":1.22},"geometry":{"type":"Polygon","coordinates":[[[-76.85035153356027,3.000013722845554],[-76.80035130484617,3.000013722845554],[-76.80035130484617,3.050013951559647],[-76.85035153356027,3.050013951559647],[-76.85035153356027,3.000013722845554]]]}},{"type":"Feature","properties":{"v":1.22},"geometry":{"type":"Polygon","coordinates":[[[-76.80035130484617,3.000013722845554],[-76.75035107613208,3.000013722845554],[-76.75035107613208,3.050013951559647],[-76.80035130484617,3.050013951559647],[-76.80035130484617,3.000013722845554]]]}},{"type":"Feature","properties":{"v":0.87},"geometry":{"type":"Polygon","coordinates":[[[-76.75035107613208,3.000013722845554],[-76.700350847418,3.000013722845554],[-76.700350847418,3.050013951559647],[-76.75035107613208,3.050013951559647],[-76.75035107613208,3.000013722845554]]]}},{"type":"Feature","properties":{"v":0.87},"geometry":{"type":"Polygon","coordinates":[[[-76.700350847418,3.000013722845554],[-76.6503506187039,3.000013722845554],[-76.6503506187039,3.050013951559647],[-76.700350847418,3.050013951559647],[-76.700350847418,3.000013722845554]]]}},{"type":"Feature","properties":{"v":1.18},"geometry":{"type":"Polygon","coordinates":[[[-76.6503506187039,3.000013722845554],[-76.6003503899898,3.000013722845554],[-76.6003503899898,3.050013951559647],[-76.6503506187039,3.050013951559647],[-76.6503506187039,3.000013722845554]]]}},{"type":"Feature","properties":{"v":1.18},"geometry":{"type":"Polygon","coordinates":[[[-76.6003503899898,3.000013722845554],[-76.55035016127572,3.000013722845554],[-76.55035016127572,3.050013951559647],[-76.6003503899898,3.050013951559647],[-76.6003503899898,3.000013722845554]]]}},{"type":"Feature","properties":{"v":1.41},"geometry":{"type":"Polygon","coordinates":[[[-76.55035016127572,3.000013722845554],[-76.50034993256162,3.000013722845554],[-76.50034993256162,3.050013951559647],[-76.55035016127572,3.050013951559647],[-76.55035016127572,3.000013722845554]]]}},{"type":"Feature","properties":{"v":1.41},"geometry":{"type":"Polygon","coordinates":[[[-76.50034993256162,3.000013722845554],[-76.45034970384752,3.000013722845554],[-76.45034970384752,3.050013951559647],[-76.50034993256162,3.050013951559647],[-76.50034993256162,3.000013722845554]]]}},{"type":"Feature","properties":{"v":1.65},"geometry":{"type":"Polygon","coordinates":[[[-76.45034970384752,3.000013722845554],[-76.40034947513344,3.000013722845554],[-76.40034947513344,3.050013951559647],[-76.45034970384752,3.050013951559647],[-76.45034970384752,3.000013722845554]]]}},{"type":"Feature","properties":{"v":1.65},"geometry":{"type":"Polygon","coordinates":[[[-76.40034947513344,3.000013722845554],[-76.35034924641934,3.000013722845554],[-76.35034924641934,3.050013951559647],[-76.40034947513344,3.050013951559647],[-76.40034947513344,3.000013722845554]]]}},{"type":"Feature","properties":{"v":1.29},"geometry":{"type":"Polygon","coordinates":[[[-76.35034924641934,3.000013722845554],[-76.30034901770524,3.000013722845554],[-76.30034901770524,3.050013951559647],[-76.35034924641934,3.050013951559647],[-76.35034924641934,3.000013722845554]]]}},{"type":"Feature","properties":{"v":1.29},"geometry":{"type":"Polygon","coordinates":[[[-76.30034901770524,3.000013722845554],[-76.25034878899116,3.000013722845554],[-76.25034878899116,3.050013951559647],[-76.30034901770524,3.050013951559647],[-76.30034901770524,3.000013722845554]]]}},{"type":"Feature","properties":{"v":1.16},"geometry":{"type":"Polygon","coordinates":[[[-76.25034878899116,3.000013722845554],[-76.20034856027706,3.000013722845554],[-76.20034856027706,3.050013951559647],[-76.25034878899116,3.050013951559647],[-76.25034878899116,3.000013722845554]]]}},{"type":"Feature","properties":{"v":1.16},"geometry":{"type":"Polygon","coordinates":[[[-76.20034856027706,3.000013722845554],[-76.15034833156297,3.000013722845554],[-76.15034833156297,3.050013951559647],[-76.20034856027706,3.050013951559647],[-76.20034856027706,3.000013722845554]]]}},{"type":"Feature","properties":{"v":1.04},"geometry":{"type":"Polygon","coordinates":[[[-76.15034833156297,3.000013722845554],[-76.10034810284888,3.000013722845554],[-76.10034810284888,3.050013951559647],[-76.15034833156297,3.050013951559647],[-76.15034833156297,3.000013722845554]]]}},{"type":"Feature","properties":{"v":1.04},"geometry":{"type":"Polygon","coordinates":[[[-76.10034810284888,3.000013722845554],[-76.05034787413479,3.000013722845554],[-76.05034787413479,3.050013951559647],[-76.10034810284888,3.050013951559647],[-76.10034810284888,3.000013722845554]]]}},{"type":"Feature","properties":{"v":0.38},"geometry":{"type":"Polygon","coordinates":[[[-76.05034787413479,3.000013722845554],[-76.00034764542069,3.000013722845554],[-76.00034764542069,3.050013951559647],[-76.05034787413479,3.050013951559647],[-76.05034787413479,3.000013722845554]]]}},{"type":"Feature","properties":{"v":0.38},"geometry":{"type":"Polygon","coordinates":[[[-76.00034764542069,3.000013722845554],[-75.9503474167066,3.000013722845554],[-75.9503474167066,3.050013951559647],[-76.00034764542069,3.050013951559647],[-76.00034764542069,3.000013722845554]]]}},{"type":"Feature","properties":{"v":0.48},"geometry":{"type":"Polygon","coordinates":[[[-75.9503474167066,3.000013722845554],[-75.90034718799251,3.000013722845554],[-75.90034718799251,3.050013951559647],[-75.9503474167066,3.050013951559647],[-75.9503474167066,3.000013722845554]]]}},{"type":"Feature","properties":{"v":0.48},"geometry":{"type":"Polygon","coordinates":[[[-75.90034718799251,3.000013722845554],[-75.85034695927841,3.000013722845554],[-75.85034695927841,3.050013951559647],[-75.90034718799251,3.050013951559647],[-75.90034718799251,3.000013722845554]]]}},{"type":"Feature","properties":{"v":0.59},"geometry":{"type":"Polygon","coordinates":[[[-75.85034695927841,3.000013722845554],[-75.80034673056433,3.000013722845554],[-75.80034673056433,3.050013951559647],[-75.85034695927841,3.050013951559647],[-75.85034695927841,3.000013722845554]]]}},{"type":"Feature","properties":{"v":0.59},"geometry":{"type":"Polygon","coordinates":[[[-75.80034673056433,3.000013722845554],[-75.75034650185023,3.000013722845554],[-75.75034650185023,3.050013951559647],[-75.80034673056433,3.050013951559647],[-75.80034673056433,3.000013722845554]]]}},{"type":"Feature","properties":{"v":0.37},"geometry":{"type":"Polygon","coordinates":[[[-75.75034650185023,3.000013722845554],[-75.70034627313613,3.000013722845554],[-75.70034627313613,3.050013951559647],[-75.75034650185023,3.050013951559647],[-75.75034650185023,3.000013722845554]]]}},{"type":"Feature","properties":{"v":0.37},"geometry":{"type":"Polygon","coordinates":[[[-75.70034627313613,3.000013722845554],[-75.65034604442205,3.000013722845554],[-75.65034604442205,3.050013951559647],[-75.70034627313613,3.050013951559647],[-75.70034627313613,3.000013722845554]]]}},{"type":"Feature","properties":{"v":0.34},"geometry":{"type":"Polygon","coordinates":[[[-75.65034604442205,3.000013722845554],[-75.60034581570795,3.000013722845554],[-75.60034581570795,3.050013951559647],[-75.65034604442205,3.050013951559647],[-75.65034604442205,3.000013722845554]]]}},{"type":"Feature","properties":{"v":0.34},"geometry":{"type":"Polygon","coordinates":[[[-75.60034581570795,3.000013722845554],[-75.55034558699386,3.000013722845554],[-75.55034558699386,3.050013951559647],[-75.60034581570795,3.050013951559647],[-75.60034581570795,3.000013722845554]]]}},{"type":"Feature","properties":{"v":0.52},"geometry":{"type":"Polygon","coordinates":[[[-75.55034558699386,3.000013722845554],[-75.50034535827977,3.000013722845554],[-75.50034535827977,3.050013951559647],[-75.55034558699386,3.050013951559647],[-75.55034558699386,3.000013722845554]]]}},{"type":"Feature","properties":{"v":0.52},"geometry":{"type":"Polygon","coordinates":[[[-75.50034535827977,3.000013722845554],[-75.45034512956568,3.000013722845554],[-75.45034512956568,3.050013951559647],[-75.50034535827977,3.050013951559647],[-75.50034535827977,3.000013722845554]]]}},{"type":"Feature","properties":{"v":0.47},"geometry":{"type":"Polygon","coordinates":[[[-75.45034512956568,3.000013722845554],[-75.40034490085158,3.000013722845554],[-75.40034490085158,3.050013951559647],[-75.45034512956568,3.050013951559647],[-75.45034512956568,3.000013722845554]]]}},{"type":"Feature","properties":{"v":0.47},"geometry":{"type":"Polygon","coordinates":[[[-75.40034490085158,3.000013722845554],[-75.3503446721375,3.000013722845554],[-75.3503446721375,3.050013951559647],[-75.40034490085158,3.050013951559647],[-75.40034490085158,3.000013722845554]]]}},{"type":"Feature","properties":{"v":1.03},"geometry":{"type":"Polygon","coordinates":[[[-75.3503446721375,3.000013722845554],[-75.3003444434234,3.000013722845554],[-75.3003444434234,3.050013951559647],[-75.3503446721375,3.050013951559647],[-75.3503446721375,3.000013722845554]]]}},{"type":"Feature","properties":{"v":1.03},"geometry":{"type":"Polygon","coordinates":[[[-75.3003444434234,3.000013722845554],[-75.2503442147093,3.000013722845554],[-75.2503442147093,3.050013951559647],[-75.3003444434234,3.050013951559647],[-75.3003444434234,3.000013722845554]]]}},{"type":"Feature","properties":{"v":1.26},"geometry":{"type":"Polygon","coordinates":[[[-75.2503442147093,3.000013722845554],[-75.20034398599522,3.000013722845554],[-75.20034398599522,3.050013951559647],[-75.2503442147093,3.050013951559647],[-75.2503442147093,3.000013722845554]]]}},{"type":"Feature","properties":{"v":1.26},"geometry":{"type":"Polygon","coordinates":[[[-75.20034398599522,3.000013722845554],[-75.15034375728112,3.000013722845554],[-75.15034375728112,3.050013951559647],[-75.20034398599522,3.050013951559647],[-75.20034398599522,3.000013722845554]]]}},{"type":"Feature","properties":{"v":0.96},"geometry":{"type":"Polygon","coordinates":[[[-75.15034375728112,3.000013722845554],[-75.10034352856702,3.000013722845554],[-75.10034352856702,3.050013951559647],[-75.15034375728112,3.050013951559647],[-75.15034375728112,3.000013722845554]]]}}]}