{"type":"FeatureCollection","features":[{"type":"Feature","properties":{"v":26.4},"geometry":{"type":"Polygon","coordinates":[[[-77.3003535919871,5.000022871409257],[-77.20035313455892,5.000022871409257],[-77.20035313455892,5.100023328837442],[-77.3003535919871,5.100023328837442],[-77.3003535919871,5.000022871409257]]]}},{"type":"Feature","properties":{"v":26.17},"geometry":{"type":"Polygon","coordinates":[[[-77.20035313455892,5.000022871409257],[-77.10035267713073,5.000022871409257],[-77.10035267713073,5.100023328837442],[-77.20035313455892,5.100023328837442],[-77.20035313455892,5.000022871409257]]]}},{"type":"Feature","properties":{"v":26.07},"geometry":{"type":"Polygon","coordinates":[[[-77.10035267713073,5.000022871409257],[-77.00035221970255,5.000022871409257],[-77.00035221970255,5.100023328837442],[-77.10035267713073,5.100023328837442],[-77.10035267713073,5.000022871409257]]]}},{"type":"Feature","properties":{"v":26.25},"geometry":{"type":"Polygon","coordinates":[[[-77.00035221970255,5.000022871409257],[-76.90035176227437,5.000022871409257],[-76.90035176227437,5.100023328837442],[-77.00035221970255,5.100023328837442],[-77.00035221970255,5.000022871409257]]]}},{"type":"Feature","properties":{"v":26.1},"geometry":{"type":"Polygon","coordinates":[[[-76.90035176227437,5.000022871409257],[-76.80035130484617,5.000022871409257],[-76.80035130484617,5.100023328837442],[-76.90035176227437,5.100023328837442],[-76.90035176227437,5.000022871409257]]]}},{"type":"Feature","properties":{"v":25.99},"geometry":{"type":"Polygon","coordinates":[[[-76.80035130484617,5.000022871409257],[-76.700350847418,5.000022871409257],[-76.700350847418,5.100023328837442],[-76.80035130484617,5.100023328837442],[-76.80035130484617,5.000022871409257]]]}},{"type":"Feature","properties":{"v":26.31},"geometry":{"type":"Polygon","coordinates":[[[-76.700350847418,5.000022871409257],[-76.60035038998981,5.000022871409257],[-76.60035038998981,5.100023328837442],[-76.700350847418,5.100023328837442],[-76.700350847418,5.000022871409257]]]}},{"type":"Feature","properties":{"v":26.14},"geometry":{"type":"Polygon","coordinates":[[[-76.60035038998981,5.000022871409257],[-76.50034993256162,5.000022871409257],[-76.50034993256162,5.100023328837442],[-76.60035038998981,5.100023328837442],[-76.60035038998981,5.000022871409257]]]}},{"type":"Feature","properties":{"v":25.37},"geometry":{"type":"Polygon","coordinates":[[[-76.50034993256162,5.000022871409257],[-76.40034947513344,5.000022871409257],[-76.40034947513344,5.100023328837442],[-76.50034993256162,5.100023328837442],[-76.50034993256162,5.000022871409257]]]}},{"type":"Feature","properties":{"v":24.22},"geometry":{"type":"Polygon","coordinates":[[[-76.40034947513344,5.000022871409257],[-76.30034901770526,5.000022871409257],[-76.30034901770526,5.100023328837442],[-76.40034947513344,5.100023328837442],[-76.40034947513344,5.000022871409257]]]}},{"type":"Feature","properties":{"v":21.2},"geometry":{"type":"Polygon","coordinates":[[[-76.30034901770526,5.000022871409257],[-76.20034856027706,5.000022871409257],[-76.20034856027706,5.100023328837442],[-76.30034901770526,5.100023328837442],[-76.30034901770526,5.000022871409257]]]}},{"type":"Feature","properties":{"v":16.35},"geometry":{"type":"Polygon","coordinates":[[[-76.20034856027706,5.000022871409257],[-76.10034810284888,5.000022871409257],[-76.10034810284888,5.100023328837442],[-76.20034856027706,5.100023328837442],[-76.20034856027706,5.000022871409257]]]}},{"type":"Feature","properties":{"v":14.13},"geometry":{"type":"Polygon","coordinates":[[[-76.10034810284888,5.000022871409257],[-76.0003476454207,5.000022871409257],[-76.0003476454207,5.100023328837442],[-76.10034810284888,5.100023328837442],[-76.10034810284888,5.000022871409257]]]}},{"type":"Feature","properties":{"v":16.38},"geometry":{"type":"Polygon","coordinates":[[[-76.0003476454207,5.000022871409257],[-75.90034718799251,5.000022871409257],[-75.90034718799251,5.100023328837442],[-76.0003476454207,5.100023328837442],[-76.0003476454207,5.000022871409257]]]}},{"type":"Feature","properties":{"v":18.95},"geometry":{"type":"Polygon","coordinates":[[[-75.90034718799251,5.000022871409257],[-75.80034673056433,5.000022871409257],[-75.80034673056433,5.100023328837442],[-75.90034718799251,5.100023328837442],[-75.90034718799251,5.000022871409257]]]}},{"type":"Feature","properties":{"v":18.59},"geometry":{"type":"Polygon","coordinates":[[[-75.80034673056433,5.000022871409257],[-75.70034627313615,5.000022871409257],[-75.70034627313615,5.100023328837442],[-75.80034673056433,5.100023328837442],[-75.80034673056433,5.000022871409257]]]}},{"type":"Feature","properties":{"v":19.0},"geometry":{"type":"Polygon","coordinates":[[[-75.70034627313615,5.000022871409257],[-75.60034581570795,5.000022871409257],[-75.60034581570795,5.100023328837442],[-75.70034627313615,5.100023328837442],[-75.70034627313615,5.000022871409257]]]}},{"type":"Feature","properties":{"v":19.71},"geometry":{"type":"Polygon","coordinates":[[[-75.60034581570795,5.000022871409257],[-75.50034535827977,5.000022871409257],[-75.50034535827977,5.100023328837442],[-75.60034581570795,5.100023328837442],[-75.60034581570795,5.000022871409257]]]}},{"type":"Feature","properties":{"v":17.35},"geometry":{"type":"Polygon","coordinates":[[[-75.50034535827977,5.000022871409257],[-75.4003449008516,5.000022871409257],[-75.4003449008516,5.100023328837442],[-75.50034535827977,5.100023328837442],[-75.50034535827977,5.000022871409257]]]}},{"type":"Feature","properties":{"v":12.89},"geometry":{"type":"Polygon","coordinates":[[[-75.4003449008516,5.000022871409257],[-75.3003444434234,5.000022871409257],[-75.3003444434234,5.100023328837442],[-75.4003449008516,5.100023328837442],[-75.4003449008516,5.000022871409257]]]}},{"type":"Feature","properties":{"v":13.0},"geometry":{"type":"Polygon","coordinates":[[[-75.3003444434234,5.000022871409257],[-75.20034398599522,5.000022871409257],[-75.20034398599522,5.100023328837442],[-75.3003444434234,5.100023328837442],[-75.3003444434234,5.000022871409257]]]}},{"type":"Feature","properties":{"v":17.79},"geometry":{"type":"Polygon","coordinates":[[[-75.20034398599522,5.000022871409257],[-75.10034352856704,5.000022871409257],[-75.10034352856704,5.100023328837442],[-75.20034398599522,5.100023328837442],[-75.20034398599522,5.000022871409257]]]}},{"type":"Feature","properties":{"v":26.32},"geometry":{"type":"Polygon","coordinates":[[[-77.3003535919871,4.9000224139810715],[-77.20035313455892,4.9000224139810715],[-77.20035313455892,5.000022871409257],[-77.3003535919871,5.000022871409257],[-77.3003535919871,4.9000224139810715]]]}},{"type":"Feature","properties":{"v":26.06},"geometry":{"type":"Polygon","coordinates":[[[-77.20035313455892,4.9000224139810715],[-77.10035267713073,4.9000224139810715],[-77.10035267713073,5.000022871409257],[-77.20035313455892,5.000022871409257],[-77.20035313455892,4.9000224139810715]]]}},{"type":"Feature","properties":{"v":25.85},"geometry":{"type":"Polygon","coordinates":[[[-77.10035267713073,4.9000224139810715],[-77.00035221970255,4.9000224139810715],[-77.00035221970255,5.000022871409257],[-77.10035267713073,5.000022871409257],[-77.10035267713073,4.9000224139810715]]]}},{"type":"Feature","properties":{"v":26.05},"geometry":{"type":"Polygon","coordinates":[[[-77.00035221970255,4.9000224139810715],[-76.90035176227437,4.9000224139810715],[-76.90035176227437,5.000022871409257],[-77.00035221970255,5.000022871409257],[-77.00035221970255,4.9000224139810715]]]}},{"type":"Feature","properties":{"v":26.15},"geometry":{"type":"Polygon","coordinates":[[[-76.90035176227437,4.9000224139810715],[-76.80035130484617,4.9000224139810715],[-76.80035130484617,5.000022871409257],[-76.90035176227437,5.000022871409257],[-76.90035176227437,4.9000224139810715]]]}},{"type":"Feature","properties":{"v":26.17},"geometry":{"type":"Polygon","coordinates":[[[-76.80035130484617,4.9000224139810715],[-76.700350847418,4.9000224139810715],[-76.700350847418,5.000022871409257],[-76.80035130484617,5.000022871409257],[-76.80035130484617,4.9000224139810715]]]}},{"type":"Feature","properties":{"v":26.2},"geometry":{"type":"Polygon","coordinates":[[[-76.700350847418,4.9000224139810715],[-76.60035038998981,4.9000224139810715],[-76.60035038998981,5.000022871409257],[-76.700350847418,5.000022871409257],[-76.700350847418,4.9000224139810715]]]}},{"type":"Feature","properties":{"v":25.57},"geometry":{"type":"Polygon","coordinates":[[[-76.60035038998981,4.9000224139810715],[-76.50034993256162,4.9000224139810715],[-76.50034993256162,5.000022871409257],[-76.60035038998981,5.000022871409257],[-76.60035038998981,4.9000224139810715]]]}},{"type":"Feature","properties":{"v":24.61},"geometry":{"type":"Polygon","coordinates":[[[-76.50034993256162,4.9000224139810715],[-76.40034947513344,4.9000224139810715],[-76.40034947513344,5.000022871409257],[-76.50034993256162,5.000022871409257],[-76.50034993256162,4.9000224139810715]]]}},{"type":"Feature","properties":{"v":24.54},"geometry":{"type":"Polygon","coordinates":[[[-76.40034947513344,4.9000224139810715],[-76.30034901770526,4.9000224139810715],[-76.30034901770526,5.000022871409257],[-76.40034947513344,5.000022871409257],[-76.40034947513344,4.9000224139810715]]]}},{"type":"Feature","properties":{"v":22.77},"geometry":{"type":"Polygon","coordinates":[[[-76.30034901770526,4.9000224139810715],[-76.20034856027706,4.9000224139810715],[-76.20034856027706,5.000022871409257],[-76.30034901770526,5.000022871409257],[-76.30034901770526,4.9000224139810715]]]}},{"type":"Feature","properties":{"v":18.29},"geometry":{"type":"Polygon","coordinates":[[[-76.20034856027706,4.9000224139810715],[-76.10034810284888,4.9000224139810715],[-76.10034810284888,5.000022871409257],[-76.20034856027706,5.000022871409257],[-76.20034856027706,4.9000224139810715]]]}},{"type":"Feature","properties":{"v":16.28},"geometry":{"type":"Polygon","coordinates":[[[-76.10034810284888,4.9000224139810715],[-76.0003476454207,4.9000224139810715],[-76.0003476454207,5.000022871409257],[-76.10034810284888,5.000022871409257],[-76.10034810284888,4.9000224139810715]]]}},{"type":"Feature","properties":{"v":18.72},"geometry":{"type":"Polygon","coordinates":[[[-76.0003476454207,4.9000224139810715],[-75.90034718799251,4.9000224139810715],[-75.90034718799251,5.000022871409257],[-76.0003476454207,5.000022871409257],[-76.0003476454207,4.9000224139810715]]]}},{"type":"Feature","properties":{"v":20.47},"geometry":{"type":"Polygon","coordinates":[[[-75.90034718799251,4.9000224139810715],[-75.80034673056433,4.9000224139810715],[-75.80034673056433,5.000022871409257],[-75.90034718799251,5.000022871409257],[-75.90034718799251,4.9000224139810715]]]}},{"type":"Feature","properties":{"v":18.59},"geometry":{"type":"Polygon","coordinates":[[[-75.80034673056433,4.9000224139810715],[-75.70034627313615,4.9000224139810715],[-75.70034627313615,5.000022871409257],[-75.80034673056433,5.000022871409257],[-75.80034673056433,4.9000224139810715]]]}},{"type":"Feature","properties":{"v":17.71},"geometry":{"type":"Polygon","coordinates":[[[-75.70034627313615,4.9000224139810715],[-75.60034581570795,4.9000224139810715],[-75.60034581570795,5.000022871409257],[-75.70034627313615,5.000022871409257],[-75.70034627313615,4.9000224139810715]]]}},{"type":"Feature","properties":{"v":18.45},"geometry":{"type":"Polygon","coordinates":[[[-75.60034581570795,4.9000224139810715],[-75.50034535827977,4.9000224139810715],[-75.50034535827977,5.000022871409257],[-75.60034581570795,5.000022871409257],[-75.60034581570795,4.9000224139810715]]]}},{"type":"Feature","properties":{"v":16.56},"geometry":{"type":"Polygon","coordinates":[[[-75.50034535827977,4.9000224139810715],[-75.4003449008516,4.9000224139810715],[-75.4003449008516,5.000022871409257],[-75.50034535827977,5.000022871409257],[-75.50034535827977,4.9000224139810715]]]}},{"type":"Feature","properties":{"v":11.07},"geometry":{"type":"Polygon","coordinates":[[[-75.4003449008516,4.9000224139810715],[-75.3003444434234,4.9000224139810715],[-75.3003444434234,5.000022871409257],[-75.4003449008516,5.000022871409257],[-75.4003449008516,4.9000224139810715]]]}},{"type":"Feature","properties":{"v":10.8},"geometry":{"type":"Polygon","coordinates":[[[-75.3003444434234,4.9000224139810715],[-75.20034398599522,4.9000224139810715],[-75.20034398599522,5.000022871409257],[-75.3003444434234,5.000022871409257],[-75.3003444434234,4.9000224139810715]]]}},{"type":"Feature","properties":{"v":15.8},"geometry":{"type":"Polygon","coordinates":[[[-75.20034398599522,4.9000224139810715],[-75.10034352856704,4.9000224139810715],[-75.10034352856704,5.000022871409257],[-75.20034398599522,5.000022871409257],[-75.20034398599522,4.9000224139810715]]]}},{"type":"Feature","properties":{"v":26.27},"geometry":{"type":"Polygon","coordinates":[[[-77.3003535919871,4.800021956552887],[-77.20035313455892,4.800021956552887],[-77.20035313455892,4.9000224139810715],[-77.3003535919871,4.9000224139810715],[-77.3003535919871,4.800021956552887]]]}},{"type":"Feature","properties":{"v":25.93},"geometry":{"type":"Polygon","coordinates":[[[-77.20035313455892,4.800021956552887],[-77.10035267713073,4.800021956552887],[-77.10035267713073,4.9000224139810715],[-77.20035313455892,4.9000224139810715],[-77.20035313455892,4.800021956552887]]]}},{"type":"Feature","properties":{"v":25.75},"geometry":{"type":"Polygon","coordinates":[[[-77.10035267713073,4.800021956552887],[-77.00035221970255,4.800021956552887],[-77.00035221970255,4.9000224139810715],[-77.10035267713073,4.9000224139810715],[-77.10035267713073,4.800021956552887]]]}},{"type":"Feature","properties":{"v":25.95},"geometry":{"type":"Polygon","coordinates":[[[-77.00035221970255,4.800021956552887],[-76.90035176227437,4.800021956552887],[-76.90035176227437,4.9000224139810715],[-77.00035221970255,4.9000224139810715],[-77.00035221970255,4.800021956552887]]]}},{"type":"Feature","properties":{"v":26.16},"geometry":{"type":"Polygon","coordinates":[[[-76.90035176227437,4.800021956552887],[-76.80035130484617,4.800021956552887],[-76.80035130484617,4.9000224139810715],[-76.90035176227437,4.9000224139810715],[-76.90035176227437,4.800021956552887]]]}},{"type":"Feature","properties":{"v":26.19},"geometry":{"type":"Polygon","coordinates":[[[-76.80035130484617,4.800021956552887],[-76.700350847418,4.800021956552887],[-76.700350847418,4.9000224139810715],[-76.80035130484617,4.9000224139810715],[-76.80035130484617,4.800021956552887]]]}},{"type":"Feature","properties":{"v":25.57},"geometry":{"type":"Polygon","coordinates":[[[-76.700350847418,4.800021956552887],[-76.60035038998981,4.800021956552887],[-76.60035038998981,4.9000224139810715],[-76.700350847418,4.9000224139810715],[-76.700350847418,4.800021956552887]]]}},{"type":"Feature","properties":{"v":24.14},"geometry":{"type":"Polygon","coordinates":[[[-76.60035038998981,4.800021956552887],[-76.50034993256162,4.800021956552887],[-76.50034993256162,4.9000224139810715],[-76.60035038998981,4.9000224139810715],[-76.60035038998981,4.800021956552887]]]}},{"type":"Feature","properties":{"v":22.93},"geometry":{"type":"Polygon","coordinates":[[[-76.50034993256162,4.800021956552887],[-76.40034947513344,4.800021956552887],[-76.40034947513344,4.9000224139810715],[-76.50034993256162,4.9000224139810715],[-76.50034993256162,4.800021956552887]]]}},{"type":"Feature","properties":{"v":22.84},"geometry":{"type":"Polygon","coordinates":[[[-76.40034947513344,4.800021956552887],[-76.30034901770526,4.800021956552887],[-76.30034901770526,4.9000224139810715],[-76.40034947513344,4.9000224139810715],[-76.40034947513344,4.800021956552887]]]}},{"type":"Feature","properties":{"v":22.17},"geometry":{"type":"Polygon","coordinates":[[[-76.30034901770526,4.800021956552887],[-76.20034856027706,4.800021956552887],[-76.20034856027706,4.9000224139810715],[-76.30034901770526,4.9000224139810715],[-76.30034901770526,4.800021956552887]]]}},{"type":"Feature","properties":{"v":19.56},"geometry":{"type":"Polygon","coordinates":[[[-76.20034856027706,4.800021956552887],[-76.10034810284888,4.800021956552887],[-76.10034810284888,4.9000224139810715],[-76.20034856027706,4.9000224139810715],[-76.20034856027706,4.800021956552887]]]}},{"type":"Feature","properties":{"v":19.09},"geometry":{"type":"Polygon","coordinates":[[[-76.10034810284888,4.800021956552887],[-76.0003476454207,4.800021956552887],[-76.0003476454207,4.9000224139810715],[-76.10034810284888,4.9000224139810715],[-76.10034810284888,4.800021956552887]]]}},{"type":"Feature","properties":{"v":20.91},"geometry":{"type":"Polygon","coordinates":[[[-76.0003476454207,4.800021956552887],[-75.90034718799251,4.800021956552887],[-75.90034718799251,4.9000224139810715],[-76.0003476454207,4.9000224139810715],[-76.0003476454207,4.800021956552887]]]}},{"type":"Feature","properties":{"v":21.41},"geometry":{"type":"Polygon","coordinates":[[[-75.90034718799251,4.800021956552887],[-75.80034673056433,4.800021956552887],[-75.80034673056433,4.9000224139810715],[-75.90034718799251,4.9000224139810715],[-75.90034718799251,4.800021956552887]]]}},{"type":"Feature","properties":{"v":18.71},"geometry":{"type":"Polygon","coordinates":[[[-75.80034673056433,4.800021956552887],[-75.70034627313615,4.800021956552887],[-75.70034627313615,4.9000224139810715],[-75.80034673056433,4.9000224139810715],[-75.80034673056433,4.800021956552887]]]}},{"type":"Feature","properties":{"v":17.51},"geometry":{"type":"Polygon","coordinates":[[[-75.70034627313615,4.800021956552887],[-75.60034581570795,4.800021956552887],[-75.60034581570795,4.9000224139810715],[-75.70034627313615,4.9000224139810715],[-75.70034627313615,4.800021956552887]]]}},{"type":"Feature","properties":{"v":16.66},"geometry":{"type":"Polygon","coordinates":[[[-75.60034581570795,4.800021956552887],[-75.50034535827977,4.800021956552887],[-75.50034535827977,4.9000224139810715],[-75.60034581570795,4.9000224139810715],[-75.60034581570795,4.800021956552887]]]}},{"type":"Feature","properties":{"v":13.42},"geometry":{"type":"Polygon","coordinates":[[[-75.50034535827977,4.800021956552887],[-75.4003449008516,4.800021956552887],[-75.4003449008516,4.9000224139810715],[-75.50034535827977,4.9000224139810715],[-75.50034535827977,4.800021956552887]]]}},{"type":"Feature","properties":{"v":8.12},"geometry":{"type":"Polygon","coordinates":[[[-75.4003449008516,4.800021956552887],[-75.3003444434234,4.800021956552887],[-75.3003444434234,4.9000224139810715],[-75.4003449008516,4.9000224139810715],[-75.4003449008516,4.800021956552887]]]}},{"type":"Feature","properties":{"v":8.87},"geometry":{"type":"Polygon","coordinates":[[[-75.3003444434234,4.800021956552887],[-75.20034398599522,4.800021956552887],[-75.20034398599522,4.9000224139810715],[-75.3003444434234,4.9000224139810715],[-75.3003444434234,4.800021956552887]]]}},{"type":"Feature","properties":{"v":13.92},"geometry":{"type":"Polygon","coordinates":[[[-75.20034398599522,4.800021956552887],[-75.10034352856704,4.800021956552887],[-75.10034352856704,4.9000224139810715],[-75.20034398599522,4.9000224139810715],[-75.20034398599522,4.800021956552887]]]}},{"type":"Feature","properties":{"v":26.22},"geometry":{"type":"Polygon","coordinates":[[[-77.3003535919871,4.700021499124701],[-77.20035313455892,4.700021499124701],[-77.20035313455892,4.800021956552887],[-77.3003535919871,4.800021956552887],[-77.3003535919871,4.700021499124701]]]}},{"type":"Feature","properties":{"v":26.03},"geometry":{"type":"Polygon","coordinates":[[[-77.20035313455892,4.700021499124701],[-77.10035267713073,4.700021499124701],[-77.10035267713073,4.800021956552887],[-77.20035313455892,4.800021956552887],[-77.20035313455892,4.700021499124701]]]}},{"type":"Feature","properties":{"v":25.92},"geometry":{"type":"Polygon","coordinates":[[[-77.10035267713073,4.700021499124701],[-77.00035221970255,4.700021499124701],[-77.00035221970255,4.800021956552887],[-77.10035267713073,4.800021956552887],[-77.10035267713073,4.700021499124701]]]}},{"type":"Feature","properties":{"v":26.0},"geometry":{"type":"Polygon","coordinates":[[[-77.00035221970255,4.700021499124701],[-76.90035176227437,4.700021499124701],[-76.90035176227437,4.800021956552887],[-77.00035221970255,4.800021956552887],[-77.00035221970255,4.700021499124701]]]}},{"type":"Feature","properties":{"v":26.1},"geometry":{"type":"Polygon","coordinates":[[[-76.90035176227437,4.700021499124701],[-76.80035130484617,4.700021499124701],[-76.80035130484617,4.800021956552887],[-76.90035176227437,4.800021956552887],[-76.90035176227437,4.700021499124701]]]}},{"type":"Feature","properties":{"v":26.19},"geometry":{"type":"Polygon","coordinates":[[[-76.80035130484617,4.700021499124701],[-76.700350847418,4.700021499124701],[-76.700350847418,4.800021956552887],[-76.80035130484617,4.800021956552887],[-76.80035130484617,4.700021499124701]]]}},{"type":"Feature","properties":{"v":25.31},"geometry":{"type":"Polygon","coordinates":[[[-76.700350847418,4.700021499124701],[-76.60035038998981,4.700021499124701],[-76.60035038998981,4.800021956552887],[-76.700350847418,4.800021956552887],[-76.700350847418,4.700021499124701]]]}},{"type":"Feature","properties":{"v":23.52},"geometry":{"type":"Polygon","coordinates":[[[-76.60035038998981,4.700021499124701],[-76.50034993256162,4.700021499124701],[-76.50034993256162,4.800021956552887],[-76.60035038998981,4.800021956552887],[-76.60035038998981,4.700021499124701]]]}},{"type":"Feature","properties":{"v":22.01},"geometry":{"type":"Polygon","coordinates":[[[-76.50034993256162,4.700021499124701],[-76.40034947513344,4.700021499124701],[-76.40034947513344,4.800021956552887],[-76.50034993256162,4.800021956552887],[-76.50034993256162,4.700021499124701]]]}},{"type":"Feature","properties":{"v":21.17},"geometry":{"type":"Polygon","coordinates":[[[-76.40034947513344,4.700021499124701],[-76.30034901770526,4.700021499124701],[-76.30034901770526,4.800021956552887],[-76.40034947513344,4.800021956552887],[-76.40034947513344,4.700021499124701]]]}},{"type":"Feature","properties":{"v":20.23},"geometry":{"type":"Polygon","coordinates":[[[-76.30034901770526,4.700021499124701],[-76.20034856027706,4.700021499124701],[-76.20034856027706,4.800021956552887],[-76.30034901770526,4.800021956552887],[-76.30034901770526,4.700021499124701]]]}},{"type":"Feature","properties":{"v":19.07},"geometry":{"type":"Polygon","coordinates":[[[-76.20034856027706,4.700021499124701],[-76.10034810284888,4.700021499124701],[-76.10034810284888,4.800021956552887],[-76.20034856027706,4.800021956552887],[-76.20034856027706,4.700021499124701]]]}},{"type":"Feature","properties":{"v":20.05},"geometry":{"type":"Polygon","coordinates":[[[-76.10034810284888,4.700021499124701],[-76.0003476454207,4.700021499124701],[-76.0003476454207,4.800021956552887],[-76.10034810284888,4.800021956552887],[-76.10034810284888,4.700021499124701]]]}},{"type":"Feature","properties":{"v":21.86},"geometry":{"type":"Polygon","coordinates":[[[-76.0003476454207,4.700021499124701],[-75.90034718799251,4.700021499124701],[-75.90034718799251,4.800021956552887],[-76.0003476454207,4.800021956552887],[-76.0003476454207,4.700021499124701]]]}},{"type":"Feature","properties":{"v":21.75},"geometry":{"type":"Polygon","coordinates":[[[-75.90034718799251,4.700021499124701],[-75.80034673056433,4.700021499124701],[-75.80034673056433,4.800021956552887],[-75.90034718799251,4.800021956552887],[-75.90034718799251,4.700021499124701]]]}},{"type":"Feature","properties":{"v":18.97},"geometry":{"type":"Polygon","coordinates":[[[-75.80034673056433,4.700021499124701],[-75.70034627313615,4.700021499124701],[-75.70034627313615,4.800021956552887],[-75.80034673056433,4.800021956552887],[-75.80034673056433,4.700021499124701]]]}},{"type":"Feature","properties":{"v":17.97},"geometry":{"type":"Polygon","coordinates":[[[-75.70034627313615,4.700021499124701],[-75.60034581570795,4.700021499124701],[-75.60034581570795,4.800021956552887],[-75.70034627313615,4.800021956552887],[-75.70034627313615,4.700021499124701]]]}},{"type":"Feature","properties":{"v":16.39},"geometry":{"type":"Polygon","coordinates":[[[-75.60034581570795,4.700021499124701],[-75.50034535827977,4.700021499124701],[-75.50034535827977,4.800021956552887],[-75.60034581570795,4.800021956552887],[-75.60034581570795,4.700021499124701]]]}},{"type":"Feature","properties":{"v":12.47},"geometry":{"type":"Polygon","coordinates":[[[-75.50034535827977,4.700021499124701],[-75.4003449008516,4.700021499124701],[-75.4003449008516,4.800021956552887],[-75.50034535827977,4.800021956552887],[-75.50034535827977,4.700021499124701]]]}},{"type":"Feature","properties":{"v":7.43},"geometry":{"type":"Polygon","coordinates":[[[-75.4003449008516,4.700021499124701],[-75.3003444434234,4.700021499124701],[-75.3003444434234,4.800021956552887],[-75.4003449008516,4.800021956552887],[-75.4003449008516,4.700021499124701]]]}},{"type":"Feature","properties":{"v":8.32},"geometry":{"type":"Polygon","coordinates":[[[-75.3003444434234,4.700021499124701],[-75.20034398599522,4.700021499124701],[-75.20034398599522,4.800021956552887],[-75.3003444434234,4.800021956552887],[-75.3003444434234,4.700021499124701]]]}},{"type":"Feature","properties":{"v":13.56},"geometry":{"type":"Polygon","coordinates":[[[-75.20034398599522,4.700021499124701],[-75.10034352856704,4.700021499124701],[-75.10034352856704,4.800021956552887],[-75.20034398599522,4.800021956552887],[-75.20034398599522,4.700021499124701]]]}},{"type":"Feature","properties":{"v":26.25},"geometry":{"type":"Polygon","coordinates":[[[-77.3003535919871,4.600021041696516],[-77.20035313455892,4.600021041696516],[-77.20035313455892,4.700021499124701],[-77.3003535919871,4.700021499124701],[-77.3003535919871,4.600021041696516]]]}},{"type":"Feature","properties":{"v":26.17},"geometry":{"type":"Polygon","coordinates":[[[-77.20035313455892,4.600021041696516],[-77.10035267713073,4.600021041696516],[-77.10035267713073,4.700021499124701],[-77.20035313455892,4.700021499124701],[-77.20035313455892,4.600021041696516]]]}},{"type":"Feature","properties":{"v":26.06},"geometry":{"type":"Polygon","coordinates":[[[-77.10035267713073,4.600021041696516],[-77.00035221970255,4.600021041696516],[-77.00035221970255,4.700021499124701],[-77.10035267713073,4.700021499124701],[-77.10035267713073,4.600021041696516]]]}},{"type":"Feature","properties":{"v":26.03},"geometry":{"type":"Polygon","coordinates":[[[-77.00035221970255,4.600021041696516],[-76.90035176227437,4.600021041696516],[-76.90035176227437,4.700021499124701],[-77.00035221970255,4.700021499124701],[-77.00035221970255,4.600021041696516]]]}},{"type":"Feature","properties":{"v":25.99},"geometry":{"type":"Polygon","coordinates":[[[-76.90035176227437,4.600021041696516],[-76.80035130484617,4.600021041696516],[-76.80035130484617,4.700021499124701],[-76.90035176227437,4.700021499124701],[-76.90035176227437,4.600021041696516]]]}},{"type":"Feature","properties":{"v":26.19},"geometry":{"type":"Polygon","coordinates":[[[-76.80035130484617,4.600021041696516],[-76.700350847418,4.600021041696516],[-76.700350847418,4.700021499124701],[-76.80035130484617,4.700021499124701],[-76.80035130484617,4.600021041696516]]]}},{"type":"Feature","properties":{"v":25.52},"geometry":{"type":"Polygon","coordinates":[[[-76.700350847418,4.600021041696516],[-76.60035038998981,4.600021041696516],[-76.60035038998981,4.700021499124701],[-76.700350847418,4.700021499124701],[-76.700350847418,4.600021041696516]]]}},{"type":"Feature","properties":{"v":24.19},"geometry":{"type":"Polygon","coordinates":[[[-76.60035038998981,4.600021041696516],[-76.50034993256162,4.600021041696516],[-76.50034993256162,4.700021499124701],[-76.60035038998981,4.700021499124701],[-76.60035038998981,4.600021041696516]]]}},{"type":"Feature","properties":{"v":22.83},"geometry":{"type":"Polygon","coordinates":[[[-76.50034993256162,4.600021041696516],[-76.40034947513344,4.600021041696516],[-76.40034947513344,4.700021499124701],[-76.50034993256162,4.700021499124701],[-76.50034993256162,4.600021041696516]]]}},{"type":"Feature","properties":{"v":21.49},"geometry":{"type":"Polygon","coordinates":[[[-76.40034947513344,4.600021041696516],[-76.30034901770526,4.600021041696516],[-76.30034901770526,4.700021499124701],[-76.40034947513344,4.700021499124701],[-76.40034947513344,4.600021041696516]]]}},{"type":"Feature","properties":{"v":19.8},"geometry":{"type":"Polygon","coordinates":[[[-76.30034901770526,4.600021041696516],[-76.20034856027706,4.600021041696516],[-76.20034856027706,4.700021499124701],[-76.30034901770526,4.700021499124701],[-76.30034901770526,4.600021041696516]]]}},{"type":"Feature","properties":{"v":19.06},"geometry":{"type":"Polygon","coordinates":[[[-76.20034856027706,4.600021041696516],[-76.10034810284888,4.600021041696516],[-76.10034810284888,4.700021499124701],[-76.20034856027706,4.700021499124701],[-76.20034856027706,4.600021041696516]]]}},{"type":"Feature","properties":{"v":20.82},"geometry":{"type":"Polygon","coordinates":[[[-76.10034810284888,4.600021041696516],[-76.0003476454207,4.600021041696516],[-76.0003476454207,4.700021499124701],[-76.10034810284888,4.700021499124701],[-76.10034810284888,4.600021041696516]]]}},{"type":"Feature","properties":{"v":22.51},"geometry":{"type":"Polygon","coordinates":[[[-76.0003476454207,4.600021041696516],[-75.90034718799251,4.600021041696516],[-75.90034718799251,4.700021499124701],[-76.0003476454207,4.700021499124701],[-76.0003476454207,4.600021041696516]]]}},{"type":"Feature","properties":{"v":21.69},"geometry":{"type":"Polygon","coordinates":[[[-75.90034718799251,4.600021041696516],[-75.80034673056433,4.600021041696516],[-75.80034673056433,4.700021499124701],[-75.90034718799251,4.700021499124701],[-75.90034718799251,4.600021041696516]]]}},{"type":"Feature","properties":{"v":19.49},"geometry":{"type":"Polygon","coordinates":[[[-75.80034673056433,4.600021041696516],[-75.70034627313615,4.600021041696516],[-75.70034627313615,4.700021499124701],[-75.80034673056433,4.700021499124701],[-75.80034673056433,4.600021041696516]]]}},{"type":"Feature","properties":{"v":18.85},"geometry":{"type":"Polygon","coordinates":[[[-75.70034627313615,4.600021041696516],[-75.60034581570795,4.600021041696516],[-75.60034581570795,4.700021499124701],[-75.70034627313615,4.700021499124701],[-75.70034627313615,4.600021041696516]]]}},{"type":"Feature","properties":{"v":17.05},"geometry":{"type":"Polygon","coordinates":[[[-75.60034581570795,4.600021041696516],[-75.50034535827977,4.600021041696516],[-75.50034535827977,4.700021499124701],[-75.60034581570795,4.700021499124701],[-75.60034581570795,4.600021041696516]]]}},{"type":"Feature","properties":{"v":12.75},"geometry":{"type":"Polygon","coordinates":[[[-75.50034535827977,4.600021041696516],[-75.4003449008516,4.600021041696516],[-75.4003449008516,4.700021499124701],[-75.50034535827977,4.700021499124701],[-75.50034535827977,4.600021041696516]]]}},{"type":"Feature","properties":{"v":8.17},"geometry":{"type":"Polygon","coordinates":[[[-75.4003449008516,4.600021041696516],[-75.3003444434234,4.600021041696516],[-75.3003444434234,4.700021499124701],[-75.4003449008516,4.700021499124701],[-75.4003449008516,4.600021041696516]]]}},{"type":"Feature","properties":{"v":8.61},"geometry":{"type":"Polygon","coordinates":[[[-75.3003444434234,4.600021041696516],[-75.20034398599522,4.600021041696516],[-75.20034398599522,4.700021499124701],[-75.3003444434234,4.700021499124701],[-75.3003444434234,4.600021041696516]]]}},{"type":"Feature","properties":{"v":12.95},"geometry":{"type":"Polygon","coordinates":[[[-75.20034398599522,4.600021041696516],[-75.10034352856704,4.600021041696516],[-75.10034352856704,4.700021499124701],[-75.20034398599522,4.700021499124701],[-75.20034398599522,4.600021041696516]]]}},{"type":"Feature","properties":{"v":26.26},"geometry":{"type":"Polygon","coordinates":[[[-77.3003535919871,4.500020584268331],[-77.20035313455892,4.500020584268331],[-77.20035313455892,4.600021041696516],[-77.3003535919871,4.600021041696516],[-77.3003535919871,4.500020584268331]]]}},{"type":"Feature","properties":{"v":26.1},"geometry":{"type":"Polygon","coordinates":[[[-77.20035313455892,4.500020584268331],[-77.10035267713073,4.500020584268331],[-77.10035267713073,4.600021041696516],[-77.20035313455892,4.600021041696516],[-77.20035313455892,4.500020584268331]]]}},{"type":"Feature","properties":{"v":25.9},"geometry":{"type":"Polygon","coordinates":[[[-77.10035267713073,4.500020584268331],[-77.00035221970255,4.500020584268331],[-77.00035221970255,4.600021041696516],[-77.10035267713073,4.600021041696516],[-77.10035267713073,4.500020584268331]]]}},{"type":"Feature","properties":{"v":25.84},"geometry":{"type":"Polygon","coordinates":[[[-77.00035221970255,4.500020584268331],[-76.90035176227437,4.500020584268331],[-76.90035176227437,4.600021041696516],[-77.00035221970255,4.600021041696516],[-77.00035221970255,4.500020584268331]]]}},{"type":"Feature","properties":{"v":25.75},"geometry":{"type":"Polygon","coordinates":[[[-76.90035176227437,4.500020584268331],[-76.80035130484617,4.500020584268331],[-76.80035130484617,4.600021041696516],[-76.90035176227437,4.600021041696516],[-76.90035176227437,4.500020584268331]]]}},{"type":"Feature","properties":{"v":25.97},"geometry":{"type":"Polygon","coordinates":[[[-76.80035130484617,4.500020584268331],[-76.700350847418,4.500020584268331],[-76.700350847418,4.600021041696516],[-76.80035130484617,4.600021041696516],[-76.80035130484617,4.500020584268331]]]}},{"type":"Feature","properties":{"v":25.5},"geometry":{"type":"Polygon","coordinates":[[[-76.700350847418,4.500020584268331],[-76.60035038998981,4.500020584268331],[-76.60035038998981,4.600021041696516],[-76.700350847418,4.600021041696516],[-76.700350847418,4.500020584268331]]]}},{"type":"Feature","properties":{"v":24.61},"geometry":{"type":"Polygon","coordinates":[[[-76.60035038998981,4.500020584268331],[-76.50034993256162,4.500020584268331],[-76.50034993256162,4.600021041696516],[-76.60035038998981,4.600021041696516],[-76.60035038998981,4.500020584268331]]]}},{"type":"Feature","properties":{"v":23.51},"geometry":{"type":"Polygon","coordinates":[[[-76.50034993256162,4.500020584268331],[-76.40034947513344,4.500020584268331],[-76.40034947513344,4.600021041696516],[-76.50034993256162,4.600021041696516],[-76.50034993256162,4.500020584268331]]]}},{"type":"Feature","properties":{"v":22.34},"geometry":{"type":"Polygon","coordinates":[[[-76.40034947513344,4.500020584268331],[-76.30034901770526,4.500020584268331],[-76.30034901770526,4.600021041696516],[-76.40034947513344,4.600021041696516],[-76.40034947513344,4.500020584268331]]]}},{"type":"Feature","properties":{"v":20.17},"geometry":{"type":"Polygon","coordinates":[[[-76.30034901770526,4.500020584268331],[-76.20034856027706,4.500020584268331],[-76.20034856027706,4.600021041696516],[-76.30034901770526,4.600021041696516],[-76.30034901770526,4.500020584268331]]]}},{"type":"Feature","properties":{"v":19.52},"geometry":{"type":"Polygon","coordinates":[[[-76.20034856027706,4.500020584268331],[-76.10034810284888,4.500020584268331],[-76.10034810284888,4.600021041696516],[-76.20034856027706,4.600021041696516],[-76.20034856027706,4.500020584268331]]]}},{"type":"Feature","properties":{"v":21.67},"geometry":{"type":"Polygon","coordinates":[[[-76.10034810284888,4.500020584268331],[-76.0003476454207,4.500020584268331],[-76.0003476454207,4.600021041696516],[-76.10034810284888,4.600021041696516],[-76.10034810284888,4.500020584268331]]]}},{"type":"Feature","properties":{"v":22.92},"geometry":{"type":"Polygon","coordinates":[[[-76.0003476454207,4.500020584268331],[-75.90034718799251,4.500020584268331],[-75.90034718799251,4.600021041696516],[-76.0003476454207,4.600021041696516],[-76.0003476454207,4.500020584268331]]]}},{"type":"Feature","properties":{"v":21.31},"geometry":{"type":"Polygon","coordinates":[[[-75.90034718799251,4.500020584268331],[-75.80034673056433,4.500020584268331],[-75.80034673056433,4.600021041696516],[-75.90034718799251,4.600021041696516],[-75.90034718799251,4.500020584268331]]]}},{"type":"Feature","properties":{"v":19.85},"geometry":{"type":"Polygon","coordinates":[[[-75.80034673056433,4.500020584268331],[-75.70034627313615,4.500020584268331],[-75.70034627313615,4.600021041696516],[-75.80034673056433,4.600021041696516],[-75.80034673056433,4.500020584268331]]]}},{"type":"Feature","properties":{"v":19.31},"geometry":{"type":"Polygon","coordinates":[[[-75.70034627313615,4.500020584268331],[-75.60034581570795,4.500020584268331],[-75.60034581570795,4.600021041696516],[-75.70034627313615,4.600021041696516],[-75.70034627313615,4.500020584268331]]]}},{"type":"Feature","properties":{"v":17.09},"geometry":{"type":"Polygon","coordinates":[[[-75.60034581570795,4.500020584268331],[-75.50034535827977,4.500020584268331],[-75.50034535827977,4.600021041696516],[-75.60034581570795,4.600021041696516],[-75.60034581570795,4.500020584268331]]]}},{"type":"Feature","properties":{"v":13.19},"geometry":{"type":"Polygon","coordinates":[[[-75.50034535827977,4.500020584268331],[-75.4003449008516,4.500020584268331],[-75.4003449008516,4.600021041696516],[-75.50034535827977,4.600021041696516],[-75.50034535827977,4.500020584268331]]]}},{"type":"Feature","properties":{"v":10.55},"geometry":{"type":"Polygon","coordinates":[[[-75.4003449008516,4.500020584268331],[-75.3003444434234,4.500020584268331],[-75.3003444434234,4.600021041696516],[-75.4003449008516,4.600021041696516],[-75.4003449008516,4.500020584268331]]]}},{"type":"Feature","properties":{"v":11.11},"geometry":{"type":"Polygon","coordinates":[[[-75.3003444434234,4.500020584268331],[-75.20034398599522,4.500020584268331],[-75.20034398599522,4.600021041696516],[-75.3003444434234,4.600021041696516],[-75.3003444434234,4.500020584268331]]]}},{"type":"Feature","properties":{"v":14.22},"geometry":{"type":"Polygon","coordinates":[[[-75.20034398599522,4.500020584268331],[-75.10034352856704,4.500020584268331],[-75.10034352856704,4.600021041696516],[-75.20034398599522,4.600021041696516],[-75.20034398599522,4.500020584268331]]]}},{"type":"Feature","properties":{"v":26.16},"geometry":{"type":"Polygon","coordinates":[[[-77.3003535919871,4.400020126840146],[-77.20035313455892,4.400020126840146],[-77.20035313455892,4.500020584268331],[-77.3003535919871,4.500020584268331],[-77.3003535919871,4.400020126840146]]]}},{"type":"Feature","properties":{"v":25.99},"geometry":{"type":"Polygon","coordinates":[[[-77.20035313455892,4.400020126840146],[-77.10035267713073,4.400020126840146],[-77.10035267713073,4.500020584268331],[-77.20035313455892,4.500020584268331],[-77.20035313455892,4.400020126840146]]]}},{"type":"Feature","properties":{"v":25.86},"geometry":{"type":"Polygon","coordinates":[[[-77.10035267713073,4.400020126840146],[-77.00035221970255,4.400020126840146],[-77.00035221970255,4.500020584268331],[-77.10035267713073,4.500020584268331],[-77.10035267713073,4.400020126840146]]]}},{"type":"Feature","properties":{"v":25.69},"geometry":{"type":"Polygon","coordinates":[[[-77.00035221970255,4.400020126840146],[-76.90035176227437,4.400020126840146],[-76.90035176227437,4.500020584268331],[-77.00035221970255,4.500020584268331],[-77.00035221970255,4.400020126840146]]]}},{"type":"Feature","properties":{"v":25.4},"geometry":{"type":"Polygon","coordinates":[[[-76.90035176227437,4.400020126840146],[-76.80035130484617,4.400020126840146],[-76.80035130484617,4.500020584268331],[-76.90035176227437,4.500020584268331],[-76.90035176227437,4.400020126840146]]]}},{"type":"Feature","properties":{"v":25.6},"geometry":{"type":"Polygon","coordinates":[[[-76.80035130484617,4.400020126840146],[-76.700350847418,4.400020126840146],[-76.700350847418,4.500020584268331],[-76.80035130484617,4.500020584268331],[-76.80035130484617,4.400020126840146]]]}},{"type":"Feature","properties":{"v":25.42},"geometry":{"type":"Polygon","coordinates":[[[-76.700350847418,4.400020126840146],[-76.60035038998981,4.400020126840146],[-76.60035038998981,4.500020584268331],[-76.700350847418,4.500020584268331],[-76.700350847418,4.400020126840146]]]}},{"type":"Feature","properties":{"v":24.25},"geometry":{"type":"Polygon","coordinates":[[[-76.60035038998981,4.400020126840146],[-76.50034993256162,4.400020126840146],[-76.50034993256162,4.500020584268331],[-76.60035038998981,4.500020584268331],[-76.60035038998981,4.400020126840146]]]}},{"type":"Feature","properties":{"v":22.56},"geometry":{"type":"Polygon","coordinates":[[[-76.50034993256162,4.400020126840146],[-76.40034947513344,4.400020126840146],[-76.40034947513344,4.500020584268331],[-76.50034993256162,4.500020584268331],[-76.50034993256162,4.400020126840146]]]}},{"type":"Feature","properties":{"v":21.53},"geometry":{"type":"Polygon","coordinates":[[[-76.40034947513344,4.400020126840146],[-76.30034901770526,4.400020126840146],[-76.30034901770526,4.500020584268331],[-76.40034947513344,4.500020584268331],[-76.40034947513344,4.400020126840146]]]}},{"type":"Feature","properties":{"v":19.91},"geometry":{"type":"Polygon","coordinates":[[[-76.30034901770526,4.400020126840146],[-76.20034856027706,4.400020126840146],[-76.20034856027706,4.500020584268331],[-76.30034901770526,4.500020584268331],[-76.30034901770526,4.400020126840146]]]}},{"type":"Feature","properties":{"v":19.59},"geometry":{"type":"Polygon","coordinates":[[[-76.20034856027706,4.400020126840146],[-76.10034810284888,4.400020126840146],[-76.10034810284888,4.500020584268331],[-76.20034856027706,4.500020584268331],[-76.20034856027706,4.400020126840146]]]}},{"type":"Feature","properties":{"v":21.65},"geometry":{"type":"Polygon","coordinates":[[[-76.10034810284888,4.400020126840146],[-76.0003476454207,4.400020126840146],[-76.0003476454207,4.500020584268331],[-76.10034810284888,4.500020584268331],[-76.10034810284888,4.400020126840146]]]}},{"type":"Feature","properties":{"v":22.19},"geometry":{"type":"Polygon","coordinates":[[[-76.0003476454207,4.400020126840146],[-75.90034718799251,4.400020126840146],[-75.90034718799251,4.500020584268331],[-76.0003476454207,4.500020584268331],[-76.0003476454207,4.400020126840146]]]}},{"type":"Feature","properties":{"v":21.32},"geometry":{"type":"Polygon","coordinates":[[[-75.90034718799251,4.400020126840146],[-75.80034673056433,4.400020126840146],[-75.80034673056433,4.500020584268331],[-75.90034718799251,4.500020584268331],[-75.90034718799251,4.400020126840146]]]}},{"type":"Feature","properties":{"v":20.27},"geometry":{"type":"Polygon","coordinates":[[[-75.80034673056433,4.400020126840146],[-75.70034627313615,4.400020126840146],[-75.70034627313615,4.500020584268331],[-75.80034673056433,4.500020584268331],[-75.80034673056433,4.400020126840146]]]}},{"type":"Feature","properties":{"v":19.02},"geometry":{"type":"Polygon","coordinates":[[[-75.70034627313615,4.400020126840146],[-75.60034581570795,4.400020126840146],[-75.60034581570795,4.500020584268331],[-75.70034627313615,4.500020584268331],[-75.70034627313615,4.400020126840146]]]}},{"type":"Feature","properties":{"v":14.66},"geometry":{"type":"Polygon","coordinates":[[[-75.60034581570795,4.400020126840146],[-75.50034535827977,4.400020126840146],[-75.50034535827977,4.500020584268331],[-75.60034581570795,4.500020584268331],[-75.60034581570795,4.400020126840146]]]}},{"type":"Feature","properties":{"v":13.35},"geometry":{"type":"Polygon","coordinates":[[[-75.50034535827977,4.400020126840146],[-75.4003449008516,4.400020126840146],[-75.4003449008516,4.500020584268331],[-75.50034535827977,4.500020584268331],[-75.50034535827977,4.400020126840146]]]}},{"type":"Feature","properties":{"v":14.25},"geometry":{"type":"Polygon","coordinates":[[[-75.4003449008516,4.400020126840146],[-75.3003444434234,4.400020126840146],[-75.3003444434234,4.500020584268331],[-75.4003449008516,4.500020584268331],[-75.4003449008516,4.400020126840146]]]}},{"type":"Feature","properties":{"v":16.4},"geometry":{"type":"Polygon","coordinates":[[[-75.3003444434234,4.400020126840146],[-75.20034398599522,4.400020126840146],[-75.20034398599522,4.500020584268331],[-75.3003444434234,4.500020584268331],[-75.3003444434234,4.400020126840146]]]}},{"type":"Feature","properties":{"v":18.61},"geometry":{"type":"Polygon","coordinates":[[[-75.20034398599522,4.400020126840146],[-75.10034352856704,4.400020126840146],[-75.10034352856704,4.500020584268331],[-75.20034398599522,4.500020584268331],[-75.20034398599522,4.400020126840146]]]}},{"type":"Feature","properties":{"v":26.19},"geometry":{"type":"Polygon","coordinates":[[[-77.3003535919871,4.300019669411961],[-77.20035313455892,4.300019669411961],[-77.20035313455892,4.400020126840146],[-77.3003535919871,4.400020126840146],[-77.3003535919871,4.300019669411961]]]}},{"type":"Feature","properties":{"v":25.96},"geometry":{"type":"Polygon","coordinates":[[[-77.20035313455892,4.300019669411961],[-77.10035267713073,4.300019669411961],[-77.10035267713073,4.400020126840146],[-77.20035313455892,4.400020126840146],[-77.20035313455892,4.300019669411961]]]}},{"type":"Feature","properties":{"v":25.8},"geometry":{"type":"Polygon","coordinates":[[[-77.10035267713073,4.300019669411961],[-77.00035221970255,4.300019669411961],[-77.00035221970255,4.400020126840146],[-77.10035267713073,4.400020126840146],[-77.10035267713073,4.300019669411961]]]}},{"type":"Feature","properties":{"v":25.7},"geometry":{"type":"Polygon","coordinates":[[[-77.00035221970255,4.300019669411961],[-76.90035176227437,4.300019669411961],[-76.90035176227437,4.400020126840146],[-77.00035221970255,4.400020126840146],[-77.00035221970255,4.300019669411961]]]}},{"type":"Feature","properties":{"v":25.45},"geometry":{"type":"Polygon","coordinates":[[[-76.90035176227437,4.300019669411961],[-76.80035130484617,4.300019669411961],[-76.80035130484617,4.400020126840146],[-76.90035176227437,4.400020126840146],[-76.90035176227437,4.300019669411961]]]}},{"type":"Feature","properties":{"v":25.45},"geometry":{"type":"Polygon","coordinates":[[[-76.80035130484617,4.300019669411961],[-76.700350847418,4.300019669411961],[-76.700350847418,4.400020126840146],[-76.80035130484617,4.400020126840146],[-76.80035130484617,4.300019669411961]]]}},{"type":"Feature","properties":{"v":25.34},"geometry":{"type":"Polygon","coordinates":[[[-76.700350847418,4.300019669411961],[-76.60035038998981,4.300019669411961],[-76.60035038998981,4.400020126840146],[-76.700350847418,4.400020126840146],[-76.700350847418,4.300019669411961]]]}},{"type":"Feature","properties":{"v":24.1},"geometry":{"type":"Polygon","coordinates":[[[-76.60035038998981,4.300019669411961],[-76.50034993256162,4.300019669411961],[-76.50034993256162,4.400020126840146],[-76.60035038998981,4.400020126840146],[-76.60035038998981,4.300019669411961]]]}},{"type":"Feature","properties":{"v":21.7},"geometry":{"type":"Polygon","coordinates":[[[-76.50034993256162,4.300019669411961],[-76.40034947513344,4.300019669411961],[-76.40034947513344,4.400020126840146],[-76.50034993256162,4.400020126840146],[-76.50034993256162,4.300019669411961]]]}},{"type":"Feature","properties":{"v":20.07},"geometry":{"type":"Polygon","coordinates":[[[-76.40034947513344,4.300019669411961],[-76.30034901770526,4.300019669411961],[-76.30034901770526,4.400020126840146],[-76.40034947513344,4.400020126840146],[-76.40034947513344,4.300019669411961]]]}},{"type":"Feature","properties":{"v":19.13},"geometry":{"type":"Polygon","coordinates":[[[-76.30034901770526,4.300019669411961],[-76.20034856027706,4.300019669411961],[-76.20034856027706,4.400020126840146],[-76.30034901770526,4.400020126840146],[-76.30034901770526,4.300019669411961]]]}},{"type":"Feature","properties":{"v":20.11},"geometry":{"type":"Polygon","coordinates":[[[-76.20034856027706,4.300019669411961],[-76.10034810284888,4.300019669411961],[-76.10034810284888,4.400020126840146],[-76.20034856027706,4.400020126840146],[-76.20034856027706,4.300019669411961]]]}},{"type":"Feature","properties":{"v":21.6},"geometry":{"type":"Polygon","coordinates":[[[-76.10034810284888,4.300019669411961],[-76.0003476454207,4.300019669411961],[-76.0003476454207,4.400020126840146],[-76.10034810284888,4.400020126840146],[-76.10034810284888,4.300019669411961]]]}},{"type":"Feature","properties":{"v":21.93},"geometry":{"type":"Polygon","coordinates":[[[-76.0003476454207,4.300019669411961],[-75.90034718799251,4.300019669411961],[-75.90034718799251,4.400020126840146],[-76.0003476454207,4.400020126840146],[-76.0003476454207,4.300019669411961]]]}},{"type":"Feature","properties":{"v":21.13},"geometry":{"type":"Polygon","coordinates":[[[-75.90034718799251,4.300019669411961],[-75.80034673056433,4.300019669411961],[-75.80034673056433,4.400020126840146],[-75.90034718799251,4.400020126840146],[-75.90034718799251,4.300019669411961]]]}},{"type":"Feature","properties":{"v":20.96},"geometry":{"type":"Polygon","coordinates":[[[-75.80034673056433,4.300019669411961],[-75.70034627313615,4.300019669411961],[-75.70034627313615,4.400020126840146],[-75.80034673056433,4.400020126840146],[-75.80034673056433,4.300019669411961]]]}},{"type":"Feature","properties":{"v":18.27},"geometry":{"type":"Polygon","coordinates":[[[-75.70034627313615,4.300019669411961],[-75.60034581570795,4.300019669411961],[-75.60034581570795,4.400020126840146],[-75.70034627313615,4.400020126840146],[-75.70034627313615,4.300019669411961]]]}},{"type":"Feature","properties":{"v":13.47},"geometry":{"type":"Polygon","coordinates":[[[-75.60034581570795,4.300019669411961],[-75.50034535827977,4.300019669411961],[-75.50034535827977,4.400020126840146],[-75.60034581570795,4.400020126840146],[-75.60034581570795,4.300019669411961]]]}},{"type":"Feature","properties":{"v":12.12},"geometry":{"type":"Polygon","coordinates":[[[-75.50034535827977,4.300019669411961],[-75.4003449008516,4.300019669411961],[-75.4003449008516,4.400020126840146],[-75.50034535827977,4.400020126840146],[-75.50034535827977,4.300019669411961]]]}},{"type":"Feature","properties":{"v":15.69},"geometry":{"type":"Polygon","coordinates":[[[-75.4003449008516,4.300019669411961],[-75.3003444434234,4.300019669411961],[-75.3003444434234,4.400020126840146],[-75.4003449008516,4.400020126840146],[-75.4003449008516,4.300019669411961]]]}},{"type":"Feature","properties":{"v":19.75},"geometry":{"type":"Polygon","coordinates":[[[-75.3003444434234,4.300019669411961],[-75.20034398599522,4.300019669411961],[-75.20034398599522,4.400020126840146],[-75.3003444434234,4.400020126840146],[-75.3003444434234,4.300019669411961]]]}},{"type":"Feature","properties":{"v":22.39},"geometry":{"type":"Polygon","coordinates":[[[-75.20034398599522,4.300019669411961],[-75.10034352856704,4.300019669411961],[-75.10034352856704,4.400020126840146],[-75.20034398599522,4.400020126840146],[-75.20034398599522,4.300019669411961]]]}},{"type":"Feature","properties":{"v":26.29},"geometry":{"type":"Polygon","coordinates":[[[-77.40035404941528,4.200019211983776],[-77.3003535919871,4.200019211983776],[-77.3003535919871,4.300019669411961],[-77.40035404941528,4.300019669411961],[-77.40035404941528,4.200019211983776]]]}},{"type":"Feature","properties":{"v":26.14},"geometry":{"type":"Polygon","coordinates":[[[-77.3003535919871,4.200019211983776],[-77.20035313455892,4.200019211983776],[-77.20035313455892,4.300019669411961],[-77.3003535919871,4.300019669411961],[-77.3003535919871,4.200019211983776]]]}},{"type":"Feature","properties":{"v":26.09},"geometry":{"type":"Polygon","coordinates":[[[-77.20035313455892,4.200019211983776],[-77.10035267713073,4.200019211983776],[-77.10035267713073,4.300019669411961],[-77.20035313455892,4.300019669411961],[-77.20035313455892,4.200019211983776]]]}},{"type":"Feature","properties":{"v":25.87},"geometry":{"type":"Polygon","coordinates":[[[-77.10035267713073,4.200019211983776],[-77.00035221970255,4.200019211983776],[-77.00035221970255,4.300019669411961],[-77.10035267713073,4.300019669411961],[-77.10035267713073,4.200019211983776]]]}},{"type":"Feature","properties":{"v":25.69},"geometry":{"type":"Polygon","coordinates":[[[-77.00035221970255,4.200019211983776],[-76.90035176227437,4.200019211983776],[-76.90035176227437,4.300019669411961],[-77.00035221970255,4.300019669411961],[-77.00035221970255,4.200019211983776]]]}},{"type":"Feature","properties":{"v":25.2},"geometry":{"type":"Polygon","coordinates":[[[-76.90035176227437,4.200019211983776],[-76.80035130484617,4.200019211983776],[-76.80035130484617,4.300019669411961],[-76.90035176227437,4.300019669411961],[-76.90035176227437,4.200019211983776]]]}},{"type":"Feature","properties":{"v":25.6},"geometry":{"type":"Polygon","coordinates":[[[-76.80035130484617,4.200019211983776],[-76.700350847418,4.200019211983776],[-76.700350847418,4.300019669411961],[-76.80035130484617,4.300019669411961],[-76.80035130484617,4.200019211983776]]]}},{"type":"Feature","properties":{"v":25.38},"geometry":{"type":"Polygon","coordinates":[[[-76.700350847418,4.200019211983776],[-76.60035038998981,4.200019211983776],[-76.60035038998981,4.300019669411961],[-76.700350847418,4.300019669411961],[-76.700350847418,4.200019211983776]]]}},{"type":"Feature","properties":{"v":23.3},"geometry":{"type":"Polygon","coordinates":[[[-76.60035038998981,4.200019211983776],[-76.50034993256162,4.200019211983776],[-76.50034993256162,4.300019669411961],[-76.60035038998981,4.300019669411961],[-76.60035038998981,4.200019211983776]]]}},{"type":"Feature","properties":{"v":20.02},"geometry":{"type":"Polygon","coordinates":[[[-76.50034993256162,4.200019211983776],[-76.40034947513344,4.200019211983776],[-76.40034947513344,4.300019669411961],[-76.50034993256162,4.300019669411961],[-76.50034993256162,4.200019211983776]]]}},{"type":"Feature","properties":{"v":18.6},"geometry":{"type":"Polygon","coordinates":[[[-76.40034947513344,4.200019211983776],[-76.30034901770526,4.200019211983776],[-76.30034901770526,4.300019669411961],[-76.40034947513344,4.300019669411961],[-76.40034947513344,4.200019211983776]]]}},{"type":"Feature","properties":{"v":19.26},"geometry":{"type":"Polygon","coordinates":[[[-76.30034901770526,4.200019211983776],[-76.20034856027706,4.200019211983776],[-76.20034856027706,4.300019669411961],[-76.30034901770526,4.300019669411961],[-76.30034901770526,4.200019211983776]]]}},{"type":"Feature","properties":{"v":20.6},"geometry":{"type":"Polygon","coordinates":[[[-76.20034856027706,4.200019211983776],[-76.10034810284888,4.200019211983776],[-76.10034810284888,4.300019669411961],[-76.20034856027706,4.300019669411961],[-76.20034856027706,4.200019211983776]]]}},{"type":"Feature","properties":{"v":20.94},"geometry":{"type":"Polygon","coordinates":[[[-76.10034810284888,4.200019211983776],[-76.0003476454207,4.200019211983776],[-76.0003476454207,4.300019669411961],[-76.10034810284888,4.300019669411961],[-76.10034810284888,4.200019211983776]]]}},{"type":"Feature","properties":{"v":20.88},"geometry":{"type":"Polygon","coordinates":[[[-76.0003476454207,4.200019211983776],[-75.90034718799251,4.200019211983776],[-75.90034718799251,4.300019669411961],[-76.0003476454207,4.300019669411961],[-76.0003476454207,4.200019211983776]]]}},{"type":"Feature","properties":{"v":20.43},"geometry":{"type":"Polygon","coordinates":[[[-75.90034718799251,4.200019211983776],[-75.80034673056433,4.200019211983776],[-75.80034673056433,4.300019669411961],[-75.90034718799251,4.300019669411961],[-75.90034718799251,4.200019211983776]]]}},{"type":"Feature","properties":{"v":20.09},"geometry":{"type":"Polygon","coordinates":[[[-75.80034673056433,4.200019211983776],[-75.70034627313615,4.200019211983776],[-75.70034627313615,4.300019669411961],[-75.80034673056433,4.300019669411961],[-75.80034673056433,4.200019211983776]]]}},{"type":"Feature","properties":{"v":16.02},"geometry":{"type":"Polygon","coordinates":[[[-75.70034627313615,4.200019211983776],[-75.60034581570795,4.200019211983776],[-75.60034581570795,4.300019669411961],[-75.70034627313615,4.300019669411961],[-75.70034627313615,4.200019211983776]]]}},{"type":"Feature","properties":{"v":11.95},"geometry":{"type":"Polygon","coordinates":[[[-75.60034581570795,4.200019211983776],[-75.50034535827977,4.200019211983776],[-75.50034535827977,4.300019669411961],[-75.60034581570795,4.300019669411961],[-75.60034581570795,4.200019211983776]]]}},{"type":"Feature","properties":{"v":12.58},"geometry":{"type":"Polygon","coordinates":[[[-75.50034535827977,4.200019211983776],[-75.4003449008516,4.200019211983776],[-75.4003449008516,4.300019669411961],[-75.50034535827977,4.300019669411961],[-75.50034535827977,4.200019211983776]]]}},{"type":"Feature","properties":{"v":15.84},"geometry":{"type":"Polygon","coordinates":[[[-75.4003449008516,4.200019211983776],[-75.3003444434234,4.200019211983776],[-75.3003444434234,4.300019669411961],[-75.4003449008516,4.300019669411961],[-75.4003449008516,4.200019211983776]]]}},{"type":"Feature","properties":{"v":19.66},"geometry":{"type":"Polygon","coordinates":[[[-75.3003444434234,4.200019211983776],[-75.20034398599522,4.200019211983776],[-75.20034398599522,4.300019669411961],[-75.3003444434234,4.300019669411961],[-75.3003444434234,4.200019211983776]]]}},{"type":"Feature","properties":{"v":22.29},"geometry":{"type":"Polygon","coordinates":[[[-75.20034398599522,4.200019211983776],[-75.10034352856704,4.200019211983776],[-75.10034352856704,4.300019669411961],[-75.20034398599522,4.300019669411961],[-75.20034398599522,4.200019211983776]]]}},{"type":"Feature","properties":{"v":26.36},"geometry":{"type":"Polygon","coordinates":[[[-77.40035404941528,4.100018754555591],[-77.3003535919871,4.100018754555591],[-77.3003535919871,4.200019211983776],[-77.40035404941528,4.200019211983776],[-77.40035404941528,4.100018754555591]]]}},{"type":"Feature","properties":{"v":26.09},"geometry":{"type":"Polygon","coordinates":[[[-77.3003535919871,4.100018754555591],[-77.20035313455892,4.100018754555591],[-77.20035313455892,4.200019211983776],[-77.3003535919871,4.200019211983776],[-77.3003535919871,4.100018754555591]]]}},{"type":"Feature","properties":{"v":26.16},"geometry":{"type":"Polygon","coordinates":[[[-77.20035313455892,4.100018754555591],[-77.10035267713073,4.100018754555591],[-77.10035267713073,4.200019211983776],[-77.20035313455892,4.200019211983776],[-77.20035313455892,4.100018754555591]]]}},{"type":"Feature","properties":{"v":26.01},"geometry":{"type":"Polygon","coordinates":[[[-77.10035267713073,4.100018754555591],[-77.00035221970255,4.100018754555591],[-77.00035221970255,4.200019211983776],[-77.10035267713073,4.200019211983776],[-77.10035267713073,4.100018754555591]]]}},{"type":"Feature","properties":{"v":25.73},"geometry":{"type":"Polygon","coordinates":[[[-77.00035221970255,4.100018754555591],[-76.90035176227437,4.100018754555591],[-76.90035176227437,4.200019211983776],[-77.00035221970255,4.200019211983776],[-77.00035221970255,4.100018754555591]]]}},{"type":"Feature","properties":{"v":25.06},"geometry":{"type":"Polygon","coordinates":[[[-76.90035176227437,4.100018754555591],[-76.80035130484617,4.100018754555591],[-76.80035130484617,4.200019211983776],[-76.90035176227437,4.200019211983776],[-76.90035176227437,4.100018754555591]]]}},{"type":"Feature","properties":{"v":25.51},"geometry":{"type":"Polygon","coordinates":[[[-76.80035130484617,4.100018754555591],[-76.700350847418,4.100018754555591],[-76.700350847418,4.200019211983776],[-76.80035130484617,4.200019211983776],[-76.80035130484617,4.100018754555591]]]}},{"type":"Feature","properties":{"v":25.17},"geometry":{"type":"Polygon","coordinates":[[[-76.700350847418,4.100018754555591],[-76.60035038998981,4.100018754555591],[-76.60035038998981,4.200019211983776],[-76.700350847418,4.200019211983776],[-76.700350847418,4.100018754555591]]]}},{"type":"Feature","properties":{"v":21.29},"geometry":{"type":"Polygon","coordinates":[[[-76.60035038998981,4.100018754555591],[-76.50034993256162,4.100018754555591],[-76.50034993256162,4.200019211983776],[-76.60035038998981,4.200019211983776],[-76.60035038998981,4.100018754555591]]]}},{"type":"Feature","properties":{"v":17.47},"geometry":{"type":"Polygon","coordinates":[[[-76.50034993256162,4.100018754555591],[-76.40034947513344,4.100018754555591],[-76.40034947513344,4.200019211983776],[-76.50034993256162,4.200019211983776],[-76.50034993256162,4.100018754555591]]]}},{"type":"Feature","properties":{"v":17.15},"geometry":{"type":"Polygon","coordinates":[[[-76.40034947513344,4.100018754555591],[-76.30034901770526,4.100018754555591],[-76.30034901770526,4.200019211983776],[-76.40034947513344,4.200019211983776],[-76.40034947513344,4.100018754555591]]]}},{"type":"Feature","properties":{"v":19.89},"geometry":{"type":"Polygon","coordinates":[[[-76.30034901770526,4.100018754555591],[-76.20034856027706,4.100018754555591],[-76.20034856027706,4.200019211983776],[-76.30034901770526,4.200019211983776],[-76.30034901770526,4.100018754555591]]]}},{"type":"Feature","properties":{"v":21.33},"geometry":{"type":"Polygon","coordinates":[[[-76.20034856027706,4.100018754555591],[-76.10034810284888,4.100018754555591],[-76.10034810284888,4.200019211983776],[-76.20034856027706,4.200019211983776],[-76.20034856027706,4.100018754555591]]]}},{"type":"Feature","properties":{"v":20.04},"geometry":{"type":"Polygon","coordinates":[[[-76.10034810284888,4.100018754555591],[-76.0003476454207,4.100018754555591],[-76.0003476454207,4.200019211983776],[-76.10034810284888,4.200019211983776],[-76.10034810284888,4.100018754555591]]]}},{"type":"Feature","properties":{"v":18.44},"geometry":{"type":"Polygon","coordinates":[[[-76.0003476454207,4.100018754555591],[-75.90034718799251,4.100018754555591],[-75.90034718799251,4.200019211983776],[-76.0003476454207,4.200019211983776],[-76.0003476454207,4.100018754555591]]]}},{"type":"Feature","properties":{"v":18.02},"geometry":{"type":"Polygon","coordinates":[[[-75.90034718799251,4.100018754555591],[-75.80034673056433,4.100018754555591],[-75.80034673056433,4.200019211983776],[-75.90034718799251,4.200019211983776],[-75.90034718799251,4.100018754555591]]]}},{"type":"Feature","properties":{"v":16.71},"geometry":{"type":"Polygon","coordinates":[[[-75.80034673056433,4.100018754555591],[-75.70034627313615,4.100018754555591],[-75.70034627313615,4.200019211983776],[-75.80034673056433,4.200019211983776],[-75.80034673056433,4.100018754555591]]]}},{"type":"Feature","properties":{"v":13.0},"geometry":{"type":"Polygon","coordinates":[[[-75.70034627313615,4.100018754555591],[-75.60034581570795,4.100018754555591],[-75.60034581570795,4.200019211983776],[-75.70034627313615,4.200019211983776],[-75.70034627313615,4.100018754555591]]]}},{"type":"Feature","properties":{"v":10.77},"geometry":{"type":"Polygon","coordinates":[[[-75.60034581570795,4.100018754555591],[-75.50034535827977,4.100018754555591],[-75.50034535827977,4.200019211983776],[-75.60034581570795,4.200019211983776],[-75.60034581570795,4.100018754555591]]]}},{"type":"Feature","properties":{"v":15.36},"geometry":{"type":"Polygon","coordinates":[[[-75.50034535827977,4.100018754555591],[-75.4003449008516,4.100018754555591],[-75.4003449008516,4.200019211983776],[-75.50034535827977,4.200019211983776],[-75.50034535827977,4.100018754555591]]]}},{"type":"Feature","properties":{"v":18.48},"geometry":{"type":"Polygon","coordinates":[[[-75.4003449008516,4.100018754555591],[-75.3003444434234,4.100018754555591],[-75.3003444434234,4.200019211983776],[-75.4003449008516,4.200019211983776],[-75.4003449008516,4.100018754555591]]]}},{"type":"Feature","properties":{"v":20.73},"geometry":{"type":"Polygon","coordinates":[[[-75.3003444434234,4.100018754555591],[-75.20034398599522,4.100018754555591],[-75.20034398599522,4.200019211983776],[-75.3003444434234,4.200019211983776],[-75.3003444434234,4.100018754555591]]]}},{"type":"Feature","properties":{"v":23.26},"geometry":{"type":"Polygon","coordinates":[[[-75.20034398599522,4.100018754555591],[-75.10034352856704,4.100018754555591],[-75.10034352856704,4.200019211983776],[-75.20034398599522,4.200019211983776],[-75.20034398599522,4.100018754555591]]]}},{"type":"Feature","properties":{"v":26.41},"geometry":{"type":"Polygon","coordinates":[[[-77.40035404941528,4.000018297127405],[-77.3003535919871,4.000018297127405],[-77.3003535919871,4.100018754555591],[-77.40035404941528,4.100018754555591],[-77.40035404941528,4.000018297127405]]]}},{"type":"Feature","properties":{"v":26.38},"geometry":{"type":"Polygon","coordinates":[[[-77.3003535919871,4.000018297127405],[-77.20035313455892,4.000018297127405],[-77.20035313455892,4.100018754555591],[-77.3003535919871,4.100018754555591],[-77.3003535919871,4.000018297127405]]]}},{"type":"Feature","properties":{"v":26.15},"geometry":{"type":"Polygon","coordinates":[[[-77.20035313455892,4.000018297127405],[-77.10035267713073,4.000018297127405],[-77.10035267713073,4.100018754555591],[-77.20035313455892,4.100018754555591],[-77.20035313455892,4.000018297127405]]]}},{"type":"Feature","properties":{"v":25.97},"geometry":{"type":"Polygon","coordinates":[[[-77.10035267713073,4.000018297127405],[-77.00035221970255,4.000018297127405],[-77.00035221970255,4.100018754555591],[-77.10035267713073,4.100018754555591],[-77.10035267713073,4.000018297127405]]]}},{"type":"Feature","properties":{"v":25.39},"geometry":{"type":"Polygon","coordinates":[[[-77.00035221970255,4.000018297127405],[-76.90035176227437,4.000018297127405],[-76.90035176227437,4.100018754555591],[-77.00035221970255,4.100018754555591],[-77.00035221970255,4.000018297127405]]]}},{"type":"Feature","properties":{"v":24.96},"geometry":{"type":"Polygon","coordinates":[[[-76.90035176227437,4.000018297127405],[-76.80035130484617,4.000018297127405],[-76.80035130484617,4.100018754555591],[-76.90035176227437,4.100018754555591],[-76.90035176227437,4.000018297127405]]]}},{"type":"Feature","properties":{"v":25.43},"geometry":{"type":"Polygon","coordinates":[[[-76.80035130484617,4.000018297127405],[-76.700350847418,4.000018297127405],[-76.700350847418,4.100018754555591],[-76.80035130484617,4.100018754555591],[-76.80035130484617,4.000018297127405]]]}},{"type":"Feature","properties":{"v":23.76},"geometry":{"type":"Polygon","coordinates":[[[-76.700350847418,4.000018297127405],[-76.60035038998981,4.000018297127405],[-76.60035038998981,4.100018754555591],[-76.700350847418,4.100018754555591],[-76.700350847418,4.000018297127405]]]}},{"type":"Feature","properties":{"v":18.91},"geometry":{"type":"Polygon","coordinates":[[[-76.60035038998981,4.000018297127405],[-76.50034993256162,4.000018297127405],[-76.50034993256162,4.100018754555591],[-76.60035038998981,4.100018754555591],[-76.60035038998981,4.000018297127405]]]}},{"type":"Feature","properties":{"v":15.35},"geometry":{"type":"Polygon","coordinates":[[[-76.50034993256162,4.000018297127405],[-76.40034947513344,4.000018297127405],[-76.40034947513344,4.100018754555591],[-76.50034993256162,4.100018754555591],[-76.50034993256162,4.000018297127405]]]}},{"type":"Feature","properties":{"v":17.61},"geometry":{"type":"Polygon","coordinates":[[[-76.40034947513344,4.000018297127405],[-76.30034901770526,4.000018297127405],[-76.30034901770526,4.100018754555591],[-76.40034947513344,4.100018754555591],[-76.40034947513344,4.000018297127405]]]}},{"type":"Feature","properties":{"v":21.23},"geometry":{"type":"Polygon","coordinates":[[[-76.30034901770526,4.000018297127405],[-76.20034856027706,4.000018297127405],[-76.20034856027706,4.100018754555591],[-76.30034901770526,4.100018754555591],[-76.30034901770526,4.000018297127405]]]}},{"type":"Feature","properties":{"v":21.56},"geometry":{"type":"Polygon","coordinates":[[[-76.20034856027706,4.000018297127405],[-76.10034810284888,4.000018297127405],[-76.10034810284888,4.100018754555591],[-76.20034856027706,4.100018754555591],[-76.20034856027706,4.000018297127405]]]}},{"type":"Feature","properties":{"v":19.1},"geometry":{"type":"Polygon","coordinates":[[[-76.10034810284888,4.000018297127405],[-76.0003476454207,4.000018297127405],[-76.0003476454207,4.100018754555591],[-76.10034810284888,4.100018754555591],[-76.10034810284888,4.000018297127405]]]}},{"type":"Feature","properties":{"v":16.65},"geometry":{"type":"Polygon","coordinates":[[[-76.0003476454207,4.000018297127405],[-75.90034718799251,4.000018297127405],[-75.90034718799251,4.100018754555591],[-76.0003476454207,4.100018754555591],[-76.0003476454207,4.000018297127405]]]}},{"type":"Feature","properties":{"v":15.21},"geometry":{"type":"Polygon","coordinates":[[[-75.90034718799251,4.000018297127405],[-75.80034673056433,4.000018297127405],[-75.80034673056433,4.100018754555591],[-75.90034718799251,4.100018754555591],[-75.90034718799251,4.000018297127405]]]}},{"type":"Feature","properties":{"v":13.12},"geometry":{"type":"Polygon","coordinates":[[[-75.80034673056433,4.000018297127405],[-75.70034627313615,4.000018297127405],[-75.70034627313615,4.100018754555591],[-75.80034673056433,4.100018754555591],[-75.80034673056433,4.000018297127405]]]}},{"type":"Feature","properties":{"v":10.26},"geometry":{"type":"Polygon","coordinates":[[[-75.70034627313615,4.000018297127405],[-75.60034581570795,4.000018297127405],[-75.60034581570795,4.100018754555591],[-75.70034627313615,4.100018754555591],[-75.70034627313615,4.000018297127405]]]}},{"type":"Feature","properties":{"v":11.72},"geometry":{"type":"Polygon","coordinates":[[[-75.60034581570795,4.000018297127405],[-75.50034535827977,4.000018297127405],[-75.50034535827977,4.100018754555591],[-75.60034581570795,4.100018754555591],[-75.60034581570795,4.000018297127405]]]}},{"type":"Feature","properties":{"v":16.39},"geometry":{"type":"Polygon","coordinates":[[[-75.50034535827977,4.000018297127405],[-75.4003449008516,4.000018297127405],[-75.4003449008516,4.100018754555591],[-75.50034535827977,4.100018754555591],[-75.50034535827977,4.000018297127405]]]}},{"type":"Feature","properties":{"v":20.47},"geometry":{"type":"Polygon","coordinates":[[[-75.4003449008516,4.000018297127405],[-75.3003444434234,4.000018297127405],[-75.3003444434234,4.100018754555591],[-75.4003449008516,4.100018754555591],[-75.4003449008516,4.000018297127405]]]}},{"type":"Feature","properties":{"v":23.25},"geometry":{"type":"Polygon","coordinates":[[[-75.3003444434234,4.000018297127405],[-75.20034398599522,4.000018297127405],[-75.20034398599522,4.100018754555591],[-75.3003444434234,4.100018754555591],[-75.3003444434234,4.000018297127405]]]}},{"type":"Feature","properties":{"v":25.96},"geometry":{"type":"Polygon","coordinates":[[[-75.20034398599522,4.000018297127405],[-75.10034352856704,4.000018297127405],[-75.10034352856704,4.100018754555591],[-75.20034398599522,4.100018754555591],[-75.20034398599522,4.000018297127405]]]}},{"type":"Feature","properties":{"v":26.36},"geometry":{"type":"Polygon","coordinates":[[[-77.3003535919871,3.9000178396992204],[-77.20035313455892,3.9000178396992204],[-77.20035313455892,4.000018297127405],[-77.3003535919871,4.000018297127405],[-77.3003535919871,3.9000178396992204]]]}},{"type":"Feature","properties":{"v":25.8},"geometry":{"type":"Polygon","coordinates":[[[-77.20035313455892,3.9000178396992204],[-77.10035267713073,3.9000178396992204],[-77.10035267713073,4.000018297127405],[-77.20035313455892,4.000018297127405],[-77.20035313455892,3.9000178396992204]]]}},{"type":"Feature","properties":{"v":25.68},"geometry":{"type":"Polygon","coordinates":[[[-77.10035267713073,3.9000178396992204],[-77.00035221970255,3.9000178396992204],[-77.00035221970255,4.000018297127405],[-77.10035267713073,4.000018297127405],[-77.10035267713073,3.9000178396992204]]]}},{"type":"Feature","properties":{"v":25.07},"geometry":{"type":"Polygon","coordinates":[[[-77.00035221970255,3.9000178396992204],[-76.90035176227437,3.9000178396992204],[-76.90035176227437,4.000018297127405],[-77.00035221970255,4.000018297127405],[-77.00035221970255,3.9000178396992204]]]}},{"type":"Feature","properties":{"v":24.66},"geometry":{"type":"Polygon","coordinates":[[[-76.90035176227437,3.9000178396992204],[-76.80035130484617,3.9000178396992204],[-76.80035130484617,4.000018297127405],[-76.90035176227437,4.000018297127405],[-76.90035176227437,3.9000178396992204]]]}},{"type":"Feature","properties":{"v":24.61},"geometry":{"type":"Polygon","coordinates":[[[-76.80035130484617,3.9000178396992204],[-76.700350847418,3.9000178396992204],[-76.700350847418,4.000018297127405],[-76.80035130484617,4.000018297127405],[-76.80035130484617,3.9000178396992204]]]}},{"type":"Feature","properties":{"v":22.12},"geometry":{"type":"Polygon","coordinates":[[[-76.700350847418,3.9000178396992204],[-76.60035038998981,3.9000178396992204],[-76.60035038998981,4.000018297127405],[-76.700350847418,4.000018297127405],[-76.700350847418,3.9000178396992204]]]}},{"type":"Feature","properties":{"v":17.88},"geometry":{"type":"Polygon","coordinates":[[[-76.60035038998981,3.9000178396992204],[-76.50034993256162,3.9000178396992204],[-76.50034993256162,4.000018297127405],[-76.60035038998981,4.000018297127405],[-76.60035038998981,3.9000178396992204]]]}},{"type":"Feature","properties":{"v":16.07},"geometry":{"type":"Polygon","coordinates":[[[-76.50034993256162,3.9000178396992204],[-76.40034947513344,3.9000178396992204],[-76.40034947513344,4.000018297127405],[-76.50034993256162,4.000018297127405],[-76.50034993256162,3.9000178396992204]]]}},{"type":"Feature","properties":{"v":18.43},"geometry":{"type":"Polygon","coordinates":[[[-76.40034947513344,3.9000178396992204],[-76.30034901770526,3.9000178396992204],[-76.30034901770526,4.000018297127405],[-76.40034947513344,4.000018297127405],[-76.40034947513344,3.9000178396992204]]]}},{"type":"Feature","properties":{"v":21.69},"geometry":{"type":"Polygon","coordinates":[[[-76.30034901770526,3.9000178396992204],[-76.20034856027706,3.9000178396992204],[-76.20034856027706,4.000018297127405],[-76.30034901770526,4.000018297127405],[-76.30034901770526,3.9000178396992204]]]}},{"type":"Feature","properties":{"v":20.45},"geometry":{"type":"Polygon","coordinates":[[[-76.20034856027706,3.9000178396992204],[-76.10034810284888,3.9000178396992204],[-76.10034810284888,4.000018297127405],[-76.20034856027706,4.000018297127405],[-76.20034856027706,3.9000178396992204]]]}},{"type":"Feature","properties":{"v":17.21},"geometry":{"type":"Polygon","coordinates":[[[-76.10034810284888,3.9000178396992204],[-76.0003476454207,3.9000178396992204],[-76.0003476454207,4.000018297127405],[-76.10034810284888,4.000018297127405],[-76.10034810284888,3.9000178396992204]]]}},{"type":"Feature","properties":{"v":14.62},"geometry":{"type":"Polygon","coordinates":[[[-76.0003476454207,3.9000178396992204],[-75.90034718799251,3.9000178396992204],[-75.90034718799251,4.000018297127405],[-76.0003476454207,4.000018297127405],[-76.0003476454207,3.9000178396992204]]]}},{"type":"Feature","properties":{"v":13.36},"geometry":{"type":"Polygon","coordinates":[[[-75.90034718799251,3.9000178396992204],[-75.80034673056433,3.9000178396992204],[-75.80034673056433,4.000018297127405],[-75.90034718799251,4.000018297127405],[-75.90034718799251,3.9000178396992204]]]}},{"type":"Feature","properties":{"v":12.64},"geometry":{"type":"Polygon","coordinates":[[[-75.80034673056433,3.9000178396992204],[-75.70034627313615,3.9000178396992204],[-75.70034627313615,4.000018297127405],[-75.80034673056433,4.000018297127405],[-75.80034673056433,3.9000178396992204]]]}},{"type":"Feature","properties":{"v":11.5},"geometry":{"type":"Polygon","coordinates":[[[-75.70034627313615,3.9000178396992204],[-75.60034581570795,3.9000178396992204],[-75.60034581570795,4.000018297127405],[-75.70034627313615,4.000018297127405],[-75.70034627313615,3.9000178396992204]]]}},{"type":"Feature","properties":{"v":13.47},"geometry":{"type":"Polygon","coordinates":[[[-75.60034581570795,3.9000178396992204],[-75.50034535827977,3.9000178396992204],[-75.50034535827977,4.000018297127405],[-75.60034581570795,4.000018297127405],[-75.60034581570795,3.9000178396992204]]]}},{"type":"Feature","properties":{"v":16.01},"geometry":{"type":"Polygon","coordinates":[[[-75.50034535827977,3.9000178396992204],[-75.4003449008516,3.9000178396992204],[-75.4003449008516,4.000018297127405],[-75.50034535827977,4.000018297127405],[-75.50034535827977,3.9000178396992204]]]}},{"type":"Feature","properties":{"v":19.97},"geometry":{"type":"Polygon","coordinates":[[[-75.4003449008516,3.9000178396992204],[-75.3003444434234,3.9000178396992204],[-75.3003444434234,4.000018297127405],[-75.4003449008516,4.000018297127405],[-75.4003449008516,3.9000178396992204]]]}},{"type":"Feature","properties":{"v":23.75},"geometry":{"type":"Polygon","coordinates":[[[-75.3003444434234,3.9000178396992204],[-75.20034398599522,3.9000178396992204],[-75.20034398599522,4.000018297127405],[-75.3003444434234,4.000018297127405],[-75.3003444434234,3.9000178396992204]]]}},{"type":"Feature","properties":{"v":26.86},"geometry":{"type":"Polygon","coordinates":[[[-75.20034398599522,3.9000178396992204],[-75.10034352856704,3.9000178396992204],[-75.10034352856704,4.000018297127405],[-75.20034398599522,4.000018297127405],[-75.20034398599522,3.9000178396992204]]]}},{"type":"Feature","properties":{"v":25.81},"geometry":{"type":"Polygon","coordinates":[[[-77.20035313455892,3.8000173822710352],[-77.10035267713073,3.8000173822710352],[-77.10035267713073,3.9000178396992204],[-77.20035313455892,3.9000178396992204],[-77.20035313455892,3.8000173822710352]]]}},{"type":"Feature","properties":{"v":25.91},"geometry":{"type":"Polygon","coordinates":[[[-77.10035267713073,3.8000173822710352],[-77.00035221970255,3.8000173822710352],[-77.00035221970255,3.9000178396992204],[-77.10035267713073,3.9000178396992204],[-77.10035267713073,3.8000173822710352]]]}},{"type":"Feature","properties":{"v":25.4},"geometry":{"type":"Polygon","coordinates":[[[-77.00035221970255,3.8000173822710352],[-76.90035176227437,3.8000173822710352],[-76.90035176227437,3.9000178396992204],[-77.00035221970255,3.9000178396992204],[-77.00035221970255,3.8000173822710352]]]}},{"type":"Feature","properties":{"v":24.23},"geometry":{"type":"Polygon","coordinates":[[[-76.90035176227437,3.8000173822710352],[-76.80035130484617,3.8000173822710352],[-76.80035130484617,3.9000178396992204],[-76.90035176227437,3.9000178396992204],[-76.90035176227437,3.8000173822710352]]]}},{"type":"Feature","properties":{"v":23.21},"geometry":{"type":"Polygon","coordinates":[[[-76.80035130484617,3.8000173822710352],[-76.700350847418,3.8000173822710352],[-76.700350847418,3.9000178396992204],[-76.80035130484617,3.9000178396992204],[-76.80035130484617,3.8000173822710352]]]}},{"type":"Feature","properties":{"v":20.89},"geometry":{"type":"Polygon","coordinates":[[[-76.700350847418,3.8000173822710352],[-76.60035038998981,3.8000173822710352],[-76.60035038998981,3.9000178396992204],[-76.700350847418,3.9000178396992204],[-76.700350847418,3.8000173822710352]]]}},{"type":"Feature","properties":{"v":18.65},"geometry":{"type":"Polygon","coordinates":[[[-76.60035038998981,3.8000173822710352],[-76.50034993256162,3.8000173822710352],[-76.50034993256162,3.9000178396992204],[-76.60035038998981,3.9000178396992204],[-76.60035038998981,3.8000173822710352]]]}},{"type":"Feature","properties":{"v":18.11},"geometry":{"type":"Polygon","coordinates":[[[-76.50034993256162,3.8000173822710352],[-76.40034947513344,3.8000173822710352],[-76.40034947513344,3.9000178396992204],[-76.50034993256162,3.9000178396992204],[-76.50034993256162,3.8000173822710352]]]}},{"type":"Feature","properties":{"v":19.56},"geometry":{"type":"Polygon","coordinates":[[[-76.40034947513344,3.8000173822710352],[-76.30034901770526,3.8000173822710352],[-76.30034901770526,3.9000178396992204],[-76.40034947513344,3.9000178396992204],[-76.40034947513344,3.8000173822710352]]]}},{"type":"Feature","properties":{"v":20.11},"geometry":{"type":"Polygon","coordinates":[[[-76.30034901770526,3.8000173822710352],[-76.20034856027706,3.8000173822710352],[-76.20034856027706,3.9000178396992204],[-76.30034901770526,3.9000178396992204],[-76.30034901770526,3.8000173822710352]]]}},{"type":"Feature","properties":{"v":18.19},"geometry":{"type":"Polygon","coordinates":[[[-76.20034856027706,3.8000173822710352],[-76.10034810284888,3.8000173822710352],[-76.10034810284888,3.9000178396992204],[-76.20034856027706,3.9000178396992204],[-76.20034856027706,3.8000173822710352]]]}},{"type":"Feature","properties":{"v":14.38},"geometry":{"type":"Polygon","coordinates":[[[-76.10034810284888,3.8000173822710352],[-76.0003476454207,3.8000173822710352],[-76.0003476454207,3.9000178396992204],[-76.10034810284888,3.9000178396992204],[-76.10034810284888,3.8000173822710352]]]}},{"type":"Feature","properties":{"v":11.84},"geometry":{"type":"Polygon","coordinates":[[[-76.0003476454207,3.8000173822710352],[-75.90034718799251,3.8000173822710352],[-75.90034718799251,3.9000178396992204],[-76.0003476454207,3.9000178396992204],[-76.0003476454207,3.8000173822710352]]]}},{"type":"Feature","properties":{"v":10.79},"geometry":{"type":"Polygon","coordinates":[[[-75.90034718799251,3.8000173822710352],[-75.80034673056433,3.8000173822710352],[-75.80034673056433,3.9000178396992204],[-75.90034718799251,3.9000178396992204],[-75.90034718799251,3.8000173822710352]]]}},{"type":"Feature","properties":{"v":12.56},"geometry":{"type":"Polygon","coordinates":[[[-75.80034673056433,3.8000173822710352],[-75.70034627313615,3.8000173822710352],[-75.70034627313615,3.9000178396992204],[-75.80034673056433,3.9000178396992204],[-75.80034673056433,3.8000173822710352]]]}},{"type":"Feature","properties":{"v":14.28},"geometry":{"type":"Polygon","coordinates":[[[-75.70034627313615,3.8000173822710352],[-75.60034581570795,3.8000173822710352],[-75.60034581570795,3.9000178396992204],[-75.70034627313615,3.9000178396992204],[-75.70034627313615,3.8000173822710352]]]}},{"type":"Feature","properties":{"v":16.05},"geometry":{"type":"Polygon","coordinates":[[[-75.60034581570795,3.8000173822710352],[-75.50034535827977,3.8000173822710352],[-75.50034535827977,3.9000178396992204],[-75.60034581570795,3.9000178396992204],[-75.60034581570795,3.8000173822710352]]]}},{"type":"Feature","properties":{"v":17.45},"geometry":{"type":"Polygon","coordinates":[[[-75.50034535827977,3.8000173822710352],[-75.4003449008516,3.8000173822710352],[-75.4003449008516,3.9000178396992204],[-75.50034535827977,3.9000178396992204],[-75.50034535827977,3.8000173822710352]]]}},{"type":"Feature","properties":{"v":21.29},"geometry":{"type":"Polygon","coordinates":[[[-75.4003449008516,3.8000173822710352],[-75.3003444434234,3.8000173822710352],[-75.3003444434234,3.9000178396992204],[-75.4003449008516,3.9000178396992204],[-75.4003449008516,3.8000173822710352]]]}},{"type":"Feature","properties":{"v":25.31},"geometry":{"type":"Polygon","coordinates":[[[-75.3003444434234,3.8000173822710352],[-75.20034398599522,3.8000173822710352],[-75.20034398599522,3.9000178396992204],[-75.3003444434234,3.9000178396992204],[-75.3003444434234,3.8000173822710352]]]}},{"type":"Feature","properties":{"v":27.02},"geometry":{"type":"Polygon","coordinates":[[[-75.20034398599522,3.8000173822710352],[-75.10034352856704,3.8000173822710352],[-75.10034352856704,3.9000178396992204],[-75.20034398599522,3.9000178396992204],[-75.20034398599522,3.8000173822710352]]]}},{"type":"Feature","properties":{"v":25.32},"geometry":{"type":"Polygon","coordinates":[[[-77.00035221970255,3.70001692484285],[-76.90035176227437,3.70001692484285],[-76.90035176227437,3.8000173822710352],[-77.00035221970255,3.8000173822710352],[-77.00035221970255,3.70001692484285]]]}},{"type":"Feature","properties":{"v":23.65},"geometry":{"type":"Polygon","coordinates":[[[-76.90035176227437,3.70001692484285],[-76.80035130484617,3.70001692484285],[-76.80035130484617,3.8000173822710352],[-76.90035176227437,3.8000173822710352],[-76.90035176227437,3.70001692484285]]]}},{"type":"Feature","properties":{"v":21.99},"geometry":{"type":"Polygon","coordinates":[[[-76.80035130484617,3.70001692484285],[-76.700350847418,3.70001692484285],[-76.700350847418,3.8000173822710352],[-76.80035130484617,3.8000173822710352],[-76.80035130484617,3.70001692484285]]]}},{"type":"Feature","properties":{"v":20.94},"geometry":{"type":"Polygon","coordinates":[[[-76.700350847418,3.70001692484285],[-76.60035038998981,3.70001692484285],[-76.60035038998981,3.8000173822710352],[-76.700350847418,3.8000173822710352],[-76.700350847418,3.70001692484285]]]}},{"type":"Feature","properties":{"v":19.68},"geometry":{"type":"Polygon","coordinates":[[[-76.60035038998981,3.70001692484285],[-76.50034993256162,3.70001692484285],[-76.50034993256162,3.8000173822710352],[-76.60035038998981,3.8000173822710352],[-76.60035038998981,3.70001692484285]]]}},{"type":"Feature","properties":{"v":19.29},"geometry":{"type":"Polygon","coordinates":[[[-76.50034993256162,3.70001692484285],[-76.40034947513344,3.70001692484285],[-76.40034947513344,3.8000173822710352],[-76.50034993256162,3.8000173822710352],[-76.50034993256162,3.70001692484285]]]}},{"type":"Feature","properties":{"v":20.15},"geometry":{"type":"Polygon","coordinates":[[[-76.40034947513344,3.70001692484285],[-76.30034901770526,3.70001692484285],[-76.30034901770526,3.8000173822710352],[-76.40034947513344,3.8000173822710352],[-76.40034947513344,3.70001692484285]]]}},{"type":"Feature","properties":{"v":20.18},"geometry":{"type":"Polygon","coordinates":[[[-76.30034901770526,3.70001692484285],[-76.20034856027706,3.70001692484285],[-76.20034856027706,3.8000173822710352],[-76.30034901770526,3.8000173822710352],[-76.30034901770526,3.70001692484285]]]}},{"type":"Feature","properties":{"v":16.63},"geometry":{"type":"Polygon","coordinates":[[[-76.20034856027706,3.70001692484285],[-76.10034810284888,3.70001692484285],[-76.10034810284888,3.8000173822710352],[-76.20034856027706,3.8000173822710352],[-76.20034856027706,3.70001692484285]]]}},{"type":"Feature","properties":{"v":12.22},"geometry":{"type":"Polygon","coordinates":[[[-76.10034810284888,3.70001692484285],[-76.0003476454207,3.70001692484285],[-76.0003476454207,3.8000173822710352],[-76.10034810284888,3.8000173822710352],[-76.10034810284888,3.70001692484285]]]}},{"type":"Feature","properties":{"v":8.96},"geometry":{"type":"Polygon","coordinates":[[[-76.0003476454207,3.70001692484285],[-75.90034718799251,3.70001692484285],[-75.90034718799251,3.8000173822710352],[-76.0003476454207,3.8000173822710352],[-76.0003476454207,3.70001692484285]]]}},{"type":"Feature","properties":{"v":8.77},"geometry":{"type":"Polygon","coordinates":[[[-75.90034718799251,3.70001692484285],[-75.80034673056433,3.70001692484285],[-75.80034673056433,3.8000173822710352],[-75.90034718799251,3.8000173822710352],[-75.90034718799251,3.70001692484285]]]}},{"type":"Feature","properties":{"v":10.16},"geometry":{"type":"Polygon","coordinates":[[[-75.80034673056433,3.70001692484285],[-75.70034627313615,3.70001692484285],[-75.70034627313615,3.8000173822710352],[-75.80034673056433,3.8000173822710352],[-75.80034673056433,3.70001692484285]]]}},{"type":"Feature","properties":{"v":13.7},"geometry":{"type":"Polygon","coordinates":[[[-75.70034627313615,3.70001692484285],[-75.60034581570795,3.70001692484285],[-75.60034581570795,3.8000173822710352],[-75.70034627313615,3.8000173822710352],[-75.70034627313615,3.70001692484285]]]}},{"type":"Feature","properties":{"v":18.09},"geometry":{"type":"Polygon","coordinates":[[[-75.60034581570795,3.70001692484285],[-75.50034535827977,3.70001692484285],[-75.50034535827977,3.8000173822710352],[-75.60034581570795,3.8000173822710352],[-75.60034581570795,3.70001692484285]]]}},{"type":"Feature","properties":{"v":21.37},"geometry":{"type":"Polygon","coordinates":[[[-75.50034535827977,3.70001692484285],[-75.4003449008516,3.70001692484285],[-75.4003449008516,3.8000173822710352],[-75.50034535827977,3.8000173822710352],[-75.50034535827977,3.70001692484285]]]}},{"type":"Feature","properties":{"v":25.1},"geometry":{"type":"Polygon","coordinates":[[[-75.4003449008516,3.70001692484285],[-75.3003444434234,3.70001692484285],[-75.3003444434234,3.8000173822710352],[-75.4003449008516,3.8000173822710352],[-75.4003449008516,3.70001692484285]]]}},{"type":"Feature","properties":{"v":27.35},"geometry":{"type":"Polygon","coordinates":[[[-75.3003444434234,3.70001692484285],[-75.20034398599522,3.70001692484285],[-75.20034398599522,3.8000173822710352],[-75.3003444434234,3.8000173822710352],[-75.3003444434234,3.70001692484285]]]}},{"type":"Feature","properties":{"v":28.53},"geometry":{"type":"Polygon","coordinates":[[[-75.20034398599522,3.70001692484285],[-75.10034352856704,3.70001692484285],[-75.10034352856704,3.8000173822710352],[-75.20034398599522,3.8000173822710352],[-75.20034398599522,3.70001692484285]]]}},{"type":"Feature","properties":{"v":25.39},"geometry":{"type":"Polygon","coordinates":[[[-77.10035267713073,3.6000164674146653],[-77.00035221970255,3.6000164674146653],[-77.00035221970255,3.70001692484285],[-77.10035267713073,3.70001692484285],[-77.10035267713073,3.6000164674146653]]]}},{"type":"Feature","properties":{"v":24.9},"geometry":{"type":"Polygon","coordinates":[[[-77.00035221970255,3.6000164674146653],[-76.90035176227437,3.6000164674146653],[-76.90035176227437,3.70001692484285],[-77.00035221970255,3.70001692484285],[-77.00035221970255,3.6000164674146653]]]}},{"type":"Feature","properties":{"v":22.97},"geometry":{"type":"Polygon","coordinates":[[[-76.90035176227437,3.6000164674146653],[-76.80035130484617,3.6000164674146653],[-76.80035130484617,3.70001692484285],[-76.90035176227437,3.70001692484285],[-76.90035176227437,3.6000164674146653]]]}},{"type":"Feature","properties":{"v":21.01},"geometry":{"type":"Polygon","coordinates":[[[-76.80035130484617,3.6000164674146653],[-76.700350847418,3.6000164674146653],[-76.700350847418,3.70001692484285],[-76.80035130484617,3.70001692484285],[-76.80035130484617,3.6000164674146653]]]}},{"type":"Feature","properties":{"v":21.06},"geometry":{"type":"Polygon","coordinates":[[[-76.700350847418,3.6000164674146653],[-76.60035038998981,3.6000164674146653],[-76.60035038998981,3.70001692484285],[-76.700350847418,3.70001692484285],[-76.700350847418,3.6000164674146653]]]}},{"type":"Feature","properties":{"v":20.95},"geometry":{"type":"Polygon","coordinates":[[[-76.60035038998981,3.6000164674146653],[-76.50034993256162,3.6000164674146653],[-76.50034993256162,3.70001692484285],[-76.60035038998981,3.70001692484285],[-76.60035038998981,3.6000164674146653]]]}},{"type":"Feature","properties":{"v":20.27},"geometry":{"type":"Polygon","coordinates":[[[-76.50034993256162,3.6000164674146653],[-76.40034947513344,3.6000164674146653],[-76.40034947513344,3.70001692484285],[-76.50034993256162,3.70001692484285],[-76.50034993256162,3.6000164674146653]]]}},{"type":"Feature","properties":{"v":20.97},"geometry":{"type":"Polygon","coordinates":[[[-76.40034947513344,3.6000164674146653],[-76.30034901770526,3.6000164674146653],[-76.30034901770526,3.70001692484285],[-76.40034947513344,3.70001692484285],[-76.40034947513344,3.6000164674146653]]]}},{"type":"Feature","properties":{"v":21.19},"geometry":{"type":"Polygon","coordinates":[[[-76.30034901770526,3.6000164674146653],[-76.20034856027706,3.6000164674146653],[-76.20034856027706,3.70001692484285],[-76.30034901770526,3.70001692484285],[-76.30034901770526,3.6000164674146653]]]}},{"type":"Feature","properties":{"v":18.72},"geometry":{"type":"Polygon","coordinates":[[[-76.20034856027706,3.6000164674146653],[-76.10034810284888,3.6000164674146653],[-76.10034810284888,3.70001692484285],[-76.20034856027706,3.70001692484285],[-76.20034856027706,3.6000164674146653]]]}},{"type":"Feature","properties":{"v":14.07},"geometry":{"type":"Polygon","coordinates":[[[-76.10034810284888,3.6000164674146653],[-76.0003476454207,3.6000164674146653],[-76.0003476454207,3.70001692484285],[-76.10034810284888,3.70001692484285],[-76.10034810284888,3.6000164674146653]]]}},{"type":"Feature","properties":{"v":9.7},"geometry":{"type":"Polygon","coordinates":[[[-76.0003476454207,3.6000164674146653],[-75.90034718799251,3.6000164674146653],[-75.90034718799251,3.70001692484285],[-76.0003476454207,3.70001692484285],[-76.0003476454207,3.6000164674146653]]]}},{"type":"Feature","properties":{"v":8.41},"geometry":{"type":"Polygon","coordinates":[[[-75.90034718799251,3.6000164674146653],[-75.80034673056433,3.6000164674146653],[-75.80034673056433,3.70001692484285],[-75.90034718799251,3.70001692484285],[-75.90034718799251,3.6000164674146653]]]}},{"type":"Feature","properties":{"v":10.08},"geometry":{"type":"Polygon","coordinates":[[[-75.80034673056433,3.6000164674146653],[-75.70034627313615,3.6000164674146653],[-75.70034627313615,3.70001692484285],[-75.80034673056433,3.70001692484285],[-75.80034673056433,3.6000164674146653]]]}},{"type":"Feature","properties":{"v":13.85},"geometry":{"type":"Polygon","coordinates":[[[-75.70034627313615,3.6000164674146653],[-75.60034581570795,3.6000164674146653],[-75.60034581570795,3.70001692484285],[-75.70034627313615,3.70001692484285],[-75.70034627313615,3.6000164674146653]]]}},{"type":"Feature","properties":{"v":18.93},"geometry":{"type":"Polygon","coordinates":[[[-75.60034581570795,3.6000164674146653],[-75.50034535827977,3.6000164674146653],[-75.50034535827977,3.70001692484285],[-75.60034581570795,3.70001692484285],[-75.60034581570795,3.6000164674146653]]]}},{"type":"Feature","properties":{"v":23.12},"geometry":{"type":"Polygon","coordinates":[[[-75.50034535827977,3.6000164674146653],[-75.4003449008516,3.6000164674146653],[-75.4003449008516,3.70001692484285],[-75.50034535827977,3.70001692484285],[-75.50034535827977,3.6000164674146653]]]}},{"type":"Feature","properties":{"v":26.11},"geometry":{"type":"Polygon","coordinates":[[[-75.4003449008516,3.6000164674146653],[-75.3003444434234,3.6000164674146653],[-75.3003444434234,3.70001692484285],[-75.4003449008516,3.70001692484285],[-75.4003449008516,3.6000164674146653]]]}},{"type":"Feature","properties":{"v":27.09},"geometry":{"type":"Polygon","coordinates":[[[-75.3003444434234,3.6000164674146653],[-75.20034398599522,3.6000164674146653],[-75.20034398599522,3.70001692484285],[-75.3003444434234,3.70001692484285],[-75.3003444434234,3.6000164674146653]]]}},{"type":"Feature","properties":{"v":27.83},"geometry":{"type":"Polygon","coordinates":[[[-75.20034398599522,3.6000164674146653],[-75.10034352856704,3.6000164674146653],[-75.10034352856704,3.70001692484285],[-75.20034398599522,3.70001692484285],[-75.20034398599522,3.6000164674146653]]]}},{"type":"Feature","properties":{"v":24.87},"geometry":{"type":"Polygon","coordinates":[[[-77.10035267713073,3.5000160099864797],[-77.00035221970255,3.5000160099864797],[-77.00035221970255,3.6000164674146653],[-77.10035267713073,3.6000164674146653],[-77.10035267713073,3.5000160099864797]]]}},{"type":"Feature","properties":{"v":24.54},"geometry":{"type":"Polygon","coordinates":[[[-77.00035221970255,3.5000160099864797],[-76.90035176227437,3.5000160099864797],[-76.90035176227437,3.6000164674146653],[-77.00035221970255,3.6000164674146653],[-77.00035221970255,3.5000160099864797]]]}},{"type":"Feature","properties":{"v":22.92},"geometry":{"type":"Polygon","coordinates":[[[-76.90035176227437,3.5000160099864797],[-76.80035130484617,3.5000160099864797],[-76.80035130484617,3.6000164674146653],[-76.90035176227437,3.6000164674146653],[-76.90035176227437,3.5000160099864797]]]}},{"type":"Feature","properties":{"v":20.8},"geometry":{"type":"Polygon","coordinates":[[[-76.80035130484617,3.5000160099864797],[-76.700350847418,3.5000160099864797],[-76.700350847418,3.6000164674146653],[-76.80035130484617,3.6000164674146653],[-76.80035130484617,3.5000160099864797]]]}},{"type":"Feature","properties":{"v":20.59},"geometry":{"type":"Polygon","coordinates":[[[-76.700350847418,3.5000160099864797],[-76.60035038998981,3.5000160099864797],[-76.60035038998981,3.6000164674146653],[-76.700350847418,3.6000164674146653],[-76.700350847418,3.5000160099864797]]]}},{"type":"Feature","properties":{"v":21.24},"geometry":{"type":"Polygon","coordinates":[[[-76.60035038998981,3.5000160099864797],[-76.50034993256162,3.5000160099864797],[-76.50034993256162,3.6000164674146653],[-76.60035038998981,3.6000164674146653],[-76.60035038998981,3.5000160099864797]]]}},{"type":"Feature","properties":{"v":20.87},"geometry":{"type":"Polygon","coordinates":[[[-76.50034993256162,3.5000160099864797],[-76.40034947513344,3.5000160099864797],[-76.40034947513344,3.6000164674146653],[-76.50034993256162,3.6000164674146653],[-76.50034993256162,3.5000160099864797]]]}},{"type":"Feature","properties":{"v":21.39},"geometry":{"type":"Polygon","coordinates":[[[-76.40034947513344,3.5000160099864797],[-76.30034901770526,3.5000160099864797],[-76.30034901770526,3.6000164674146653],[-76.40034947513344,3.6000164674146653],[-76.40034947513344,3.5000160099864797]]]}},{"type":"Feature","properties":{"v":22.13},"geometry":{"type":"Polygon","coordinates":[[[-76.30034901770526,3.5000160099864797],[-76.20034856027706,3.5000160099864797],[-76.20034856027706,3.6000164674146653],[-76.30034901770526,3.6000164674146653],[-76.30034901770526,3.5000160099864797]]]}},{"type":"Feature","properties":{"v":20.14},"geometry":{"type":"Polygon","coordinates":[[[-76.20034856027706,3.5000160099864797],[-76.10034810284888,3.5000160099864797],[-76.10034810284888,3.6000164674146653],[-76.20034856027706,3.6000164674146653],[-76.20034856027706,3.5000160099864797]]]}},{"type":"Feature","properties":{"v":14.89},"geometry":{"type":"Polygon","coordinates":[[[-76.10034810284888,3.5000160099864797],[-76.0003476454207,3.5000160099864797],[-76.0003476454207,3.6000164674146653],[-76.10034810284888,3.6000164674146653],[-76.10034810284888,3.5000160099864797]]]}},{"type":"Feature","properties":{"v":10.07},"geometry":{"type":"Polygon","coordinates":[[[-76.0003476454207,3.5000160099864797],[-75.90034718799251,3.5000160099864797],[-75.90034718799251,3.6000164674146653],[-76.0003476454207,3.6000164674146653],[-76.0003476454207,3.5000160099864797]]]}},{"type":"Feature","properties":{"v":10.54},"geometry":{"type":"Polygon","coordinates":[[[-75.90034718799251,3.5000160099864797],[-75.80034673056433,3.5000160099864797],[-75.80034673056433,3.6000164674146653],[-75.90034718799251,3.6000164674146653],[-75.90034718799251,3.5000160099864797]]]}},{"type":"Feature","properties":{"v":13.68},"geometry":{"type":"Polygon","coordinates":[[[-75.80034673056433,3.5000160099864797],[-75.70034627313615,3.5000160099864797],[-75.70034627313615,3.6000164674146653],[-75.80034673056433,3.6000164674146653],[-75.80034673056433,3.5000160099864797]]]}},{"type":"Feature","properties":{"v":17.04},"geometry":{"type":"Polygon","coordinates":[[[-75.70034627313615,3.5000160099864797],[-75.60034581570795,3.5000160099864797],[-75.60034581570795,3.6000164674146653],[-75.70034627313615,3.6000164674146653],[-75.70034627313615,3.5000160099864797]]]}},{"type":"Feature","properties":{"v":20.13},"geometry":{"type":"Polygon","coordinates":[[[-75.60034581570795,3.5000160099864797],[-75.50034535827977,3.5000160099864797],[-75.50034535827977,3.6000164674146653],[-75.60034581570795,3.6000164674146653],[-75.60034581570795,3.5000160099864797]]]}},{"type":"Feature","properties":{"v":23.08},"geometry":{"type":"Polygon","coordinates":[[[-75.50034535827977,3.5000160099864797],[-75.4003449008516,3.5000160099864797],[-75.4003449008516,3.6000164674146653],[-75.50034535827977,3.6000164674146653],[-75.50034535827977,3.5000160099864797]]]}},{"type":"Feature","properties":{"v":24.84},"geometry":{"type":"Polygon","coordinates":[[[-75.4003449008516,3.5000160099864797],[-75.3003444434234,3.5000160099864797],[-75.3003444434234,3.6000164674146653],[-75.4003449008516,3.6000164674146653],[-75.4003449008516,3.5000160099864797]]]}},{"type":"Feature","properties":{"v":25.14},"geometry":{"type":"Polygon","coordinates":[[[-75.3003444434234,3.5000160099864797],[-75.20034398599522,3.5000160099864797],[-75.20034398599522,3.6000164674146653],[-75.3003444434234,3.6000164674146653],[-75.3003444434234,3.5000160099864797]]]}},{"type":"Feature","properties":{"v":26.2},"geometry":{"type":"Polygon","coordinates":[[[-75.20034398599522,3.5000160099864797],[-75.10034352856704,3.5000160099864797],[-75.10034352856704,3.6000164674146653],[-75.20034398599522,3.6000164674146653],[-75.20034398599522,3.5000160099864797]]]}},{"type":"Feature","properties":{"v":26.05},"geometry":{"type":"Polygon","coordinates":[[[-77.3003535919871,3.400015552558295],[-77.20035313455892,3.400015552558295],[-77.20035313455892,3.5000160099864797],[-77.3003535919871,3.5000160099864797],[-77.3003535919871,3.400015552558295]]]}},{"type":"Feature","properties":{"v":25.57},"geometry":{"type":"Polygon","coordinates":[[[-77.20035313455892,3.400015552558295],[-77.10035267713073,3.400015552558295],[-77.10035267713073,3.5000160099864797],[-77.20035313455892,3.5000160099864797],[-77.20035313455892,3.400015552558295]]]}},{"type":"Feature","properties":{"v":25.06},"geometry":{"type":"Polygon","coordinates":[[[-77.10035267713073,3.400015552558295],[-77.00035221970255,3.400015552558295],[-77.00035221970255,3.5000160099864797],[-77.10035267713073,3.5000160099864797],[-77.10035267713073,3.400015552558295]]]}},{"type":"Feature","properties":{"v":23.71},"geometry":{"type":"Polygon","coordinates":[[[-77.00035221970255,3.400015552558295],[-76.90035176227437,3.400015552558295],[-76.90035176227437,3.5000160099864797],[-77.00035221970255,3.5000160099864797],[-77.00035221970255,3.400015552558295]]]}},{"type":"Feature","properties":{"v":21.91},"geometry":{"type":"Polygon","coordinates":[[[-76.90035176227437,3.400015552558295],[-76.80035130484617,3.400015552558295],[-76.80035130484617,3.5000160099864797],[-76.90035176227437,3.5000160099864797],[-76.90035176227437,3.400015552558295]]]}},{"type":"Feature","properties":{"v":19.45},"geometry":{"type":"Polygon","coordinates":[[[-76.80035130484617,3.400015552558295],[-76.700350847418,3.400015552558295],[-76.700350847418,3.5000160099864797],[-76.80035130484617,3.5000160099864797],[-76.80035130484617,3.400015552558295]]]}},{"type":"Feature","properties":{"v":19.17},"geometry":{"type":"Polygon","coordinates":[[[-76.700350847418,3.400015552558295],[-76.60035038998981,3.400015552558295],[-76.60035038998981,3.5000160099864797],[-76.700350847418,3.5000160099864797],[-76.700350847418,3.400015552558295]]]}},{"type":"Feature","properties":{"v":20.57},"geometry":{"type":"Polygon","coordinates":[[[-76.60035038998981,3.400015552558295],[-76.50034993256162,3.400015552558295],[-76.50034993256162,3.5000160099864797],[-76.60035038998981,3.5000160099864797],[-76.60035038998981,3.400015552558295]]]}},{"type":"Feature","properties":{"v":21.69},"geometry":{"type":"Polygon","coordinates":[[[-76.50034993256162,3.400015552558295],[-76.40034947513344,3.400015552558295],[-76.40034947513344,3.5000160099864797],[-76.50034993256162,3.5000160099864797],[-76.50034993256162,3.400015552558295]]]}},{"type":"Feature","properties":{"v":21.65},"geometry":{"type":"Polygon","coordinates":[[[-76.40034947513344,3.400015552558295],[-76.30034901770526,3.400015552558295],[-76.30034901770526,3.5000160099864797],[-76.40034947513344,3.5000160099864797],[-76.40034947513344,3.400015552558295]]]}},{"type":"Feature","properties":{"v":22.02},"geometry":{"type":"Polygon","coordinates":[[[-76.30034901770526,3.400015552558295],[-76.20034856027706,3.400015552558295],[-76.20034856027706,3.5000160099864797],[-76.30034901770526,3.5000160099864797],[-76.30034901770526,3.400015552558295]]]}},{"type":"Feature","properties":{"v":19.17},"geometry":{"type":"Polygon","coordinates":[[[-76.20034856027706,3.400015552558295],[-76.10034810284888,3.400015552558295],[-76.10034810284888,3.5000160099864797],[-76.20034856027706,3.5000160099864797],[-76.20034856027706,3.400015552558295]]]}},{"type":"Feature","properties":{"v":13.11},"geometry":{"type":"Polygon","coordinates":[[[-76.10034810284888,3.400015552558295],[-76.0003476454207,3.400015552558295],[-76.0003476454207,3.5000160099864797],[-76.10034810284888,3.5000160099864797],[-76.10034810284888,3.400015552558295]]]}},{"type":"Feature","properties":{"v":8.09},"geometry":{"type":"Polygon","coordinates":[[[-76.0003476454207,3.400015552558295],[-75.90034718799251,3.400015552558295],[-75.90034718799251,3.5000160099864797],[-76.0003476454207,3.5000160099864797],[-76.0003476454207,3.400015552558295]]]}},{"type":"Feature","properties":{"v":11.51},"geometry":{"type":"Polygon","coordinates":[[[-75.90034718799251,3.400015552558295],[-75.80034673056433,3.400015552558295],[-75.80034673056433,3.5000160099864797],[-75.90034718799251,3.5000160099864797],[-75.90034718799251,3.400015552558295]]]}},{"type":"Feature","properties":{"v":18.12},"geometry":{"type":"Polygon","coordinates":[[[-75.80034673056433,3.400015552558295],[-75.70034627313615,3.400015552558295],[-75.70034627313615,3.5000160099864797],[-75.80034673056433,3.5000160099864797],[-75.80034673056433,3.400015552558295]]]}},{"type":"Feature","properties":{"v":20.68},"geometry":{"type":"Polygon","coordinates":[[[-75.70034627313615,3.400015552558295],[-75.60034581570795,3.400015552558295],[-75.60034581570795,3.5000160099864797],[-75.70034627313615,3.5000160099864797],[-75.70034627313615,3.400015552558295]]]}},{"type":"Feature","properties":{"v":21.62},"geometry":{"type":"Polygon","coordinates":[[[-75.60034581570795,3.400015552558295],[-75.50034535827977,3.400015552558295],[-75.50034535827977,3.5000160099864797],[-75.60034581570795,3.5000160099864797],[-75.60034581570795,3.400015552558295]]]}},{"type":"Feature","properties":{"v":23.27},"geometry":{"type":"Polygon","coordinates":[[[-75.50034535827977,3.400015552558295],[-75.4003449008516,3.400015552558295],[-75.4003449008516,3.5000160099864797],[-75.50034535827977,3.5000160099864797],[-75.50034535827977,3.400015552558295]]]}},{"type":"Feature","properties":{"v":24.06},"geometry":{"type":"Polygon","coordinates":[[[-75.4003449008516,3.400015552558295],[-75.3003444434234,3.400015552558295],[-75.3003444434234,3.5000160099864797],[-75.4003449008516,3.5000160099864797],[-75.4003449008516,3.400015552558295]]]}},{"type":"Feature","properties":{"v":24.45},"geometry":{"type":"Polygon","coordinates":[[[-75.3003444434234,3.400015552558295],[-75.20034398599522,3.400015552558295],[-75.20034398599522,3.5000160099864797],[-75.3003444434234,3.5000160099864797],[-75.3003444434234,3.400015552558295]]]}},{"type":"Feature","properties":{"v":25.87},"geometry":{"type":"Polygon","coordinates":[[[-75.20034398599522,3.400015552558295],[-75.10034352856704,3.400015552558295],[-75.10034352856704,3.5000160099864797],[-75.20034398599522,3.5000160099864797],[-75.20034398599522,3.400015552558295]]]}},{"type":"Feature","properties":{"v":25.93},"geometry":{"type":"Polygon","coordinates":[[[-77.3003535919871,3.3000150951301097],[-77.20035313455892,3.3000150951301097],[-77.20035313455892,3.400015552558295],[-77.3003535919871,3.400015552558295],[-77.3003535919871,3.3000150951301097]]]}},{"type":"Feature","properties":{"v":25.46},"geometry":{"type":"Polygon","coordinates":[[[-77.20035313455892,3.3000150951301097],[-77.10035267713073,3.3000150951301097],[-77.10035267713073,3.400015552558295],[-77.20035313455892,3.400015552558295],[-77.20035313455892,3.3000150951301097]]]}},{"type":"Feature","properties":{"v":24.44},"geometry":{"type":"Polygon","coordinates":[[[-77.10035267713073,3.3000150951301097],[-77.00035221970255,3.3000150951301097],[-77.00035221970255,3.400015552558295],[-77.10035267713073,3.400015552558295],[-77.10035267713073,3.3000150951301097]]]}},{"type":"Feature","properties":{"v":22.68},"geometry":{"type":"Polygon","coordinates":[[[-77.00035221970255,3.3000150951301097],[-76.90035176227437,3.3000150951301097],[-76.90035176227437,3.400015552558295],[-77.00035221970255,3.400015552558295],[-77.00035221970255,3.3000150951301097]]]}},{"type":"Feature","properties":{"v":19.99},"geometry":{"type":"Polygon","coordinates":[[[-76.90035176227437,3.3000150951301097],[-76.80035130484617,3.3000150951301097],[-76.80035130484617,3.400015552558295],[-76.90035176227437,3.400015552558295],[-76.90035176227437,3.3000150951301097]]]}},{"type":"Feature","properties":{"v":16.52},"geometry":{"type":"Polygon","coordinates":[[[-76.80035130484617,3.3000150951301097],[-76.700350847418,3.3000150951301097],[-76.700350847418,3.400015552558295],[-76.80035130484617,3.400015552558295],[-76.80035130484617,3.3000150951301097]]]}},{"type":"Feature","properties":{"v":16.24},"geometry":{"type":"Polygon","coordinates":[[[-76.700350847418,3.3000150951301097],[-76.60035038998981,3.3000150951301097],[-76.60035038998981,3.400015552558295],[-76.700350847418,3.400015552558295],[-76.700350847418,3.3000150951301097]]]}},{"type":"Feature","properties":{"v":19.5},"geometry":{"type":"Polygon","coordinates":[[[-76.60035038998981,3.3000150951301097],[-76.50034993256162,3.3000150951301097],[-76.50034993256162,3.400015552558295],[-76.60035038998981,3.400015552558295],[-76.60035038998981,3.3000150951301097]]]}},{"type":"Feature","properties":{"v":22.12},"geometry":{"type":"Polygon","coordinates":[[[-76.50034993256162,3.3000150951301097],[-76.40034947513344,3.3000150951301097],[-76.40034947513344,3.400015552558295],[-76.50034993256162,3.400015552558295],[-76.50034993256162,3.3000150951301097]]]}},{"type":"Feature","properties":{"v":21.95},"geometry":{"type":"Polygon","coordinates":[[[-76.40034947513344,3.3000150951301097],[-76.30034901770526,3.3000150951301097],[-76.30034901770526,3.400015552558295],[-76.40034947513344,3.400015552558295],[-76.40034947513344,3.3000150951301097]]]}},{"type":"Feature","properties":{"v":21.78},"geometry":{"type":"Polygon","coordinates":[[[-76.30034901770526,3.3000150951301097],[-76.20034856027706,3.3000150951301097],[-76.20034856027706,3.400015552558295],[-76.30034901770526,3.400015552558295],[-76.30034901770526,3.3000150951301097]]]}},{"type":"Feature","properties":{"v":18.4},"geometry":{"type":"Polygon","coordinates":[[[-76.20034856027706,3.3000150951301097],[-76.10034810284888,3.3000150951301097],[-76.10034810284888,3.400015552558295],[-76.20034856027706,3.400015552558295],[-76.20034856027706,3.3000150951301097]]]}},{"type":"Feature","properties":{"v":11.63},"geometry":{"type":"Polygon","coordinates":[[[-76.10034810284888,3.3000150951301097],[-76.0003476454207,3.3000150951301097],[-76.0003476454207,3.400015552558295],[-76.10034810284888,3.400015552558295],[-76.10034810284888,3.3000150951301097]]]}},{"type":"Feature","properties":{"v":7.36},"geometry":{"type":"Polygon","coordinates":[[[-76.0003476454207,3.3000150951301097],[-75.90034718799251,3.3000150951301097],[-75.90034718799251,3.400015552558295],[-76.0003476454207,3.400015552558295],[-76.0003476454207,3.3000150951301097]]]}},{"type":"Feature","properties":{"v":11.21},"geometry":{"type":"Polygon","coordinates":[[[-75.90034718799251,3.3000150951301097],[-75.80034673056433,3.3000150951301097],[-75.80034673056433,3.400015552558295],[-75.90034718799251,3.400015552558295],[-75.90034718799251,3.3000150951301097]]]}},{"type":"Feature","properties":{"v":18.73},"geometry":{"type":"Polygon","coordinates":[[[-75.80034673056433,3.3000150951301097],[-75.70034627313615,3.3000150951301097],[-75.70034627313615,3.400015552558295],[-75.80034673056433,3.400015552558295],[-75.80034673056433,3.3000150951301097]]]}},{"type":"Feature","properties":{"v":21.09},"geometry":{"type":"Polygon","coordinates":[[[-75.70034627313615,3.3000150951301097],[-75.60034581570795,3.3000150951301097],[-75.60034581570795,3.400015552558295],[-75.70034627313615,3.400015552558295],[-75.70034627313615,3.3000150951301097]]]}},{"type":"Feature","properties":{"v":21.72},"geometry":{"type":"Polygon","coordinates":[[[-75.60034581570795,3.3000150951301097],[-75.50034535827977,3.3000150951301097],[-75.50034535827977,3.400015552558295],[-75.60034581570795,3.400015552558295],[-75.60034581570795,3.3000150951301097]]]}},{"type":"Feature","properties":{"v":21.94},"geometry":{"type":"Polygon","coordinates":[[[-75.50034535827977,3.3000150951301097],[-75.4003449008516,3.3000150951301097],[-75.4003449008516,3.400015552558295],[-75.50034535827977,3.400015552558295],[-75.50034535827977,3.3000150951301097]]]}},{"type":"Feature","properties":{"v":24.06},"geometry":{"type":"Polygon","coordinates":[[[-75.4003449008516,3.3000150951301097],[-75.3003444434234,3.3000150951301097],[-75.3003444434234,3.400015552558295],[-75.4003449008516,3.400015552558295],[-75.4003449008516,3.3000150951301097]]]}},{"type":"Feature","properties":{"v":25.71},"geometry":{"type":"Polygon","coordinates":[[[-75.3003444434234,3.3000150951301097],[-75.20034398599522,3.3000150951301097],[-75.20034398599522,3.400015552558295],[-75.3003444434234,3.400015552558295],[-75.3003444434234,3.3000150951301097]]]}},{"type":"Feature","properties":{"v":27.21},"geometry":{"type":"Polygon","coordinates":[[[-75.20034398599522,3.3000150951301097],[-75.10034352856704,3.3000150951301097],[-75.10034352856704,3.400015552558295],[-75.20034398599522,3.400015552558295],[-75.20034398599522,3.3000150951301097]]]}},{"type":"Feature","properties":{"v":26.31},"geometry":{"type":"Polygon","coordinates":[[[-77.50035450684348,3.2000146377019245],[-77.40035404941528,3.2000146377019245],[-77.40035404941528,3.3000150951301097],[-77.50035450684348,3.3000150951301097],[-77.50035450684348,3.2000146377019245]]]}},{"type":"Feature","properties":{"v":25.88},"geometry":{"type":"Polygon","coordinates":[[[-77.40035404941528,3.2000146377019245],[-77.3003535919871,3.2000146377019245],[-77.3003535919871,3.3000150951301097],[-77.40035404941528,3.3000150951301097],[-77.40035404941528,3.2000146377019245]]]}},{"type":"Feature","properties":{"v":25.77},"geometry":{"type":"Polygon","coordinates":[[[-77.3003535919871,3.2000146377019245],[-77.20035313455892,3.2000146377019245],[-77.20035313455892,3.3000150951301097],[-77.3003535919871,3.3000150951301097],[-77.3003535919871,3.2000146377019245]]]}},{"type":"Feature","properties":{"v":25.09},"geometry":{"type":"Polygon","coordinates":[[[-77.20035313455892,3.2000146377019245],[-77.10035267713073,3.2000146377019245],[-77.10035267713073,3.3000150951301097],[-77.20035313455892,3.3000150951301097],[-77.20035313455892,3.2000146377019245]]]}},{"type":"Feature","properties":{"v":24.08},"geometry":{"type":"Polygon","coordinates":[[[-77.10035267713073,3.2000146377019245],[-77.00035221970255,3.2000146377019245],[-77.00035221970255,3.3000150951301097],[-77.10035267713073,3.3000150951301097],[-77.10035267713073,3.2000146377019245]]]}},{"type":"Feature","properties":{"v":22.42},"geometry":{"type":"Polygon","coordinates":[[[-77.00035221970255,3.2000146377019245],[-76.90035176227437,3.2000146377019245],[-76.90035176227437,3.3000150951301097],[-77.00035221970255,3.3000150951301097],[-77.00035221970255,3.2000146377019245]]]}},{"type":"Feature","properties":{"v":19.54},"geometry":{"type":"Polygon","coordinates":[[[-76.90035176227437,3.2000146377019245],[-76.80035130484617,3.2000146377019245],[-76.80035130484617,3.3000150951301097],[-76.90035176227437,3.3000150951301097],[-76.90035176227437,3.2000146377019245]]]}},{"type":"Feature","properties":{"v":15.68},"geometry":{"type":"Polygon","coordinates":[[[-76.80035130484617,3.2000146377019245],[-76.700350847418,3.2000146377019245],[-76.700350847418,3.3000150951301097],[-76.80035130484617,3.3000150951301097],[-76.80035130484617,3.2000146377019245]]]}},{"type":"Feature","properties":{"v":15.79},"geometry":{"type":"Polygon","coordinates":[[[-76.700350847418,3.2000146377019245],[-76.60035038998981,3.2000146377019245],[-76.60035038998981,3.3000150951301097],[-76.700350847418,3.3000150951301097],[-76.700350847418,3.2000146377019245]]]}},{"type":"Feature","properties":{"v":20.17},"geometry":{"type":"Polygon","coordinates":[[[-76.60035038998981,3.2000146377019245],[-76.50034993256162,3.2000146377019245],[-76.50034993256162,3.3000150951301097],[-76.60035038998981,3.3000150951301097],[-76.60035038998981,3.2000146377019245]]]}},{"type":"Feature","properties":{"v":22.44},"geometry":{"type":"Polygon","coordinates":[[[-76.50034993256162,3.2000146377019245],[-76.40034947513344,3.2000146377019245],[-76.40034947513344,3.3000150951301097],[-76.50034993256162,3.3000150951301097],[-76.50034993256162,3.2000146377019245]]]}},{"type":"Feature","properties":{"v":22.23},"geometry":{"type":"Polygon","coordinates":[[[-76.40034947513344,3.2000146377019245],[-76.30034901770526,3.2000146377019245],[-76.30034901770526,3.3000150951301097],[-76.40034947513344,3.3000150951301097],[-76.40034947513344,3.2000146377019245]]]}},{"type":"Feature","properties":{"v":22.23},"geometry":{"type":"Polygon","coordinates":[[[-76.30034901770526,3.2000146377019245],[-76.20034856027706,3.2000146377019245],[-76.20034856027706,3.3000150951301097],[-76.30034901770526,3.3000150951301097],[-76.30034901770526,3.2000146377019245]]]}},{"type":"Feature","properties":{"v":19.25},"geometry":{"type":"Polygon","coordinates":[[[-76.20034856027706,3.2000146377019245],[-76.10034810284888,3.2000146377019245],[-76.10034810284888,3.3000150951301097],[-76.20034856027706,3.3000150951301097],[-76.20034856027706,3.2000146377019245]]]}},{"type":"Feature","properties":{"v":12.24},"geometry":{"type":"Polygon","coordinates":[[[-76.10034810284888,3.2000146377019245],[-76.0003476454207,3.2000146377019245],[-76.0003476454207,3.3000150951301097],[-76.10034810284888,3.3000150951301097],[-76.10034810284888,3.2000146377019245]]]}},{"type":"Feature","properties":{"v":8.57},"geometry":{"type":"Polygon","coordinates":[[[-76.0003476454207,3.2000146377019245],[-75.90034718799251,3.2000146377019245],[-75.90034718799251,3.3000150951301097],[-76.0003476454207,3.3000150951301097],[-76.0003476454207,3.2000146377019245]]]}},{"type":"Feature","properties":{"v":11.82},"geometry":{"type":"Polygon","coordinates":[[[-75.90034718799251,3.2000146377019245],[-75.80034673056433,3.2000146377019245],[-75.80034673056433,3.3000150951301097],[-75.90034718799251,3.3000150951301097],[-75.90034718799251,3.2000146377019245]]]}},{"type":"Feature","properties":{"v":17.7},"geometry":{"type":"Polygon","coordinates":[[[-75.80034673056433,3.2000146377019245],[-75.70034627313615,3.2000146377019245],[-75.70034627313615,3.3000150951301097],[-75.80034673056433,3.3000150951301097],[-75.80034673056433,3.2000146377019245]]]}},{"type":"Feature","properties":{"v":19.43},"geometry":{"type":"Polygon","coordinates":[[[-75.70034627313615,3.2000146377019245],[-75.60034581570795,3.2000146377019245],[-75.60034581570795,3.3000150951301097],[-75.70034627313615,3.3000150951301097],[-75.70034627313615,3.2000146377019245]]]}},{"type":"Feature","properties":{"v":20.18},"geometry":{"type":"Polygon","coordinates":[[[-75.60034581570795,3.2000146377019245],[-75.50034535827977,3.2000146377019245],[-75.50034535827977,3.3000150951301097],[-75.60034581570795,3.3000150951301097],[-75.60034581570795,3.2000146377019245]]]}},{"type":"Feature","properties":{"v":21.09},"geometry":{"type":"Polygon","coordinates":[[[-75.50034535827977,3.2000146377019245],[-75.4003449008516,3.2000146377019245],[-75.4003449008516,3.3000150951301097],[-75.50034535827977,3.3000150951301097],[-75.50034535827977,3.2000146377019245]]]}},{"type":"Feature","properties":{"v":24.29},"geometry":{"type":"Polygon","coordinates":[[[-75.4003449008516,3.2000146377019245],[-75.3003444434234,3.2000146377019245],[-75.3003444434234,3.3000150951301097],[-75.4003449008516,3.3000150951301097],[-75.4003449008516,3.2000146377019245]]]}},{"type":"Feature","properties":{"v":26.77},"geometry":{"type":"Polygon","coordinates":[[[-75.3003444434234,3.2000146377019245],[-75.20034398599522,3.2000146377019245],[-75.20034398599522,3.3000150951301097],[-75.3003444434234,3.3000150951301097],[-75.3003444434234,3.2000146377019245]]]}},{"type":"Feature","properties":{"v":28.18},"geometry":{"type":"Polygon","coordinates":[[[-75.20034398599522,3.2000146377019245],[-75.10034352856704,3.2000146377019245],[-75.10034352856704,3.3000150951301097],[-75.20034398599522,3.3000150951301097],[-75.20034398599522,3.2000146377019245]]]}},{"type":"Feature","properties":{"v":26.5},"geometry":{"type":"Polygon","coordinates":[[[-77.50035450684348,3.1000141802737393],[-77.40035404941528,3.1000141802737393],[-77.40035404941528,3.2000146377019245],[-77.50035450684348,3.2000146377019245],[-77.50035450684348,3.1000141802737393]]]}},{"type":"Feature","properties":{"v":26.07},"geometry":{"type":"Polygon","coordinates":[[[-77.40035404941528,3.1000141802737393],[-77.3003535919871,3.1000141802737393],[-77.3003535919871,3.2000146377019245],[-77.40035404941528,3.2000146377019245],[-77.40035404941528,3.1000141802737393]]]}},{"type":"Feature","properties":{"v":25.6},"geometry":{"type":"Polygon","coordinates":[[[-77.3003535919871,3.1000141802737393],[-77.20035313455892,3.1000141802737393],[-77.20035313455892,3.2000146377019245],[-77.3003535919871,3.2000146377019245],[-77.3003535919871,3.1000141802737393]]]}},{"type":"Feature","properties":{"v":24.45},"geometry":{"type":"Polygon","coordinates":[[[-77.20035313455892,3.1000141802737393],[-77.10035267713073,3.1000141802737393],[-77.10035267713073,3.2000146377019245],[-77.20035313455892,3.2000146377019245],[-77.20035313455892,3.1000141802737393]]]}},{"type":"Feature","properties":{"v":23.53},"geometry":{"type":"Polygon","coordinates":[[[-77.10035267713073,3.1000141802737393],[-77.00035221970255,3.1000141802737393],[-77.00035221970255,3.2000146377019245],[-77.10035267713073,3.2000146377019245],[-77.10035267713073,3.1000141802737393]]]}},{"type":"Feature","properties":{"v":22.67},"geometry":{"type":"Polygon","coordinates":[[[-77.00035221970255,3.1000141802737393],[-76.90035176227437,3.1000141802737393],[-76.90035176227437,3.2000146377019245],[-77.00035221970255,3.2000146377019245],[-77.00035221970255,3.1000141802737393]]]}},{"type":"Feature","properties":{"v":20.78},"geometry":{"type":"Polygon","coordinates":[[[-76.90035176227437,3.1000141802737393],[-76.80035130484617,3.1000141802737393],[-76.80035130484617,3.2000146377019245],[-76.90035176227437,3.2000146377019245],[-76.90035176227437,3.1000141802737393]]]}},{"type":"Feature","properties":{"v":17.78},"geometry":{"type":"Polygon","coordinates":[[[-76.80035130484617,3.1000141802737393],[-76.700350847418,3.1000141802737393],[-76.700350847418,3.2000146377019245],[-76.80035130484617,3.2000146377019245],[-76.80035130484617,3.1000141802737393]]]}},{"type":"Feature","properties":{"v":18.53},"geometry":{"type":"Polygon","coordinates":[[[-76.700350847418,3.1000141802737393],[-76.60035038998981,3.1000141802737393],[-76.60035038998981,3.2000146377019245],[-76.700350847418,3.2000146377019245],[-76.700350847418,3.1000141802737393]]]}},{"type":"Feature","properties":{"v":22.39},"geometry":{"type":"Polygon","coordinates":[[[-76.60035038998981,3.1000141802737393],[-76.50034993256162,3.1000141802737393],[-76.50034993256162,3.2000146377019245],[-76.60035038998981,3.2000146377019245],[-76.60035038998981,3.1000141802737393]]]}},{"type":"Feature","properties":{"v":23.35},"geometry":{"type":"Polygon","coordinates":[[[-76.50034993256162,3.1000141802737393],[-76.40034947513344,3.1000141802737393],[-76.40034947513344,3.2000146377019245],[-76.50034993256162,3.2000146377019245],[-76.50034993256162,3.1000141802737393]]]}},{"type":"Feature","properties":{"v":22.47},"geometry":{"type":"Polygon","coordinates":[[[-76.40034947513344,3.1000141802737393],[-76.30034901770526,3.1000141802737393],[-76.30034901770526,3.2000146377019245],[-76.40034947513344,3.2000146377019245],[-76.40034947513344,3.1000141802737393]]]}},{"type":"Feature","properties":{"v":22.47},"geometry":{"type":"Polygon","coordinates":[[[-76.30034901770526,3.1000141802737393],[-76.20034856027706,3.1000141802737393],[-76.20034856027706,3.2000146377019245],[-76.30034901770526,3.2000146377019245],[-76.30034901770526,3.1000141802737393]]]}},{"type":"Feature","properties":{"v":18.85},"geometry":{"type":"Polygon","coordinates":[[[-76.20034856027706,3.1000141802737393],[-76.10034810284888,3.1000141802737393],[-76.10034810284888,3.2000146377019245],[-76.20034856027706,3.2000146377019245],[-76.20034856027706,3.1000141802737393]]]}},{"type":"Feature","properties":{"v":12.14},"geometry":{"type":"Polygon","coordinates":[[[-76.10034810284888,3.1000141802737393],[-76.0003476454207,3.1000141802737393],[-76.0003476454207,3.2000146377019245],[-76.10034810284888,3.2000146377019245],[-76.10034810284888,3.1000141802737393]]]}},{"type":"Feature","properties":{"v":9.5},"geometry":{"type":"Polygon","coordinates":[[[-76.0003476454207,3.1000141802737393],[-75.90034718799251,3.1000141802737393],[-75.90034718799251,3.2000146377019245],[-76.0003476454207,3.2000146377019245],[-76.0003476454207,3.1000141802737393]]]}},{"type":"Feature","properties":{"v":12.63},"geometry":{"type":"Polygon","coordinates":[[[-75.90034718799251,3.1000141802737393],[-75.80034673056433,3.1000141802737393],[-75.80034673056433,3.2000146377019245],[-75.90034718799251,3.2000146377019245],[-75.90034718799251,3.1000141802737393]]]}},{"type":"Feature","properties":{"v":17.37},"geometry":{"type":"Polygon","coordinates":[[[-75.80034673056433,3.1000141802737393],[-75.70034627313615,3.1000141802737393],[-75.70034627313615,3.2000146377019245],[-75.80034673056433,3.2000146377019245],[-75.80034673056433,3.1000141802737393]]]}},{"type":"Feature","properties":{"v":18.07},"geometry":{"type":"Polygon","coordinates":[[[-75.70034627313615,3.1000141802737393],[-75.60034581570795,3.1000141802737393],[-75.60034581570795,3.2000146377019245],[-75.70034627313615,3.2000146377019245],[-75.70034627313615,3.1000141802737393]]]}},{"type":"Feature","properties":{"v":19.12},"geometry":{"type":"Polygon","coordinates":[[[-75.60034581570795,3.1000141802737393],[-75.50034535827977,3.1000141802737393],[-75.50034535827977,3.2000146377019245],[-75.60034581570795,3.2000146377019245],[-75.60034581570795,3.1000141802737393]]]}},{"type":"Feature","properties":{"v":20.56},"geometry":{"type":"Polygon","coordinates":[[[-75.50034535827977,3.1000141802737393],[-75.4003449008516,3.1000141802737393],[-75.4003449008516,3.2000146377019245],[-75.50034535827977,3.2000146377019245],[-75.50034535827977,3.1000141802737393]]]}},{"type":"Feature","properties":{"v":23.95},"geometry":{"type":"Polygon","coordinates":[[[-75.4003449008516,3.1000141802737393],[-75.3003444434234,3.1000141802737393],[-75.3003444434234,3.2000146377019245],[-75.4003449008516,3.2000146377019245],[-75.4003449008516,3.1000141802737393]]]}},{"type":"Feature","properties":{"v":26.78},"geometry":{"type":"Polygon","coordinates":[[[-75.3003444434234,3.1000141802737393],[-75.20034398599522,3.1000141802737393],[-75.20034398599522,3.2000146377019245],[-75.3003444434234,3.2000146377019245],[-75.3003444434234,3.1000141802737393]]]}},{"type":"Feature","properties":{"v":28.02},"geometry":{"type":"Polygon","coordinates":[[[-75.20034398599522,3.1000141802737393],[-75.10034352856704,3.1000141802737393],[-75.10034352856704,3.2000146377019245],[-75.20034398599522,3.2000146377019245],[-75.20034398599522,3.1000141802737393]]]}},{"type":"Feature","properties":{"v":26.48},"geometry":{"type":"Polygon","coordinates":[[[-77.60035496427166,3.000013722845554],[-77.50035450684348,3.000013722845554],[-77.50035450684348,3.1000141802737393],[-77.60035496427166,3.1000141802737393],[-77.60035496427166,3.000013722845554]]]}},{"type":"Feature","properties":{"v":26.21},"geometry":{"type":"Polygon","coordinates":[[[-77.50035450684348,3.000013722845554],[-77.40035404941528,3.000013722845554],[-77.40035404941528,3.1000141802737393],[-77.50035450684348,3.1000141802737393],[-77.50035450684348,3.000013722845554]]]}},{"type":"Feature","properties":{"v":26.03},"geometry":{"type":"Polygon","coordinates":[[[-77.40035404941528,3.000013722845554],[-77.3003535919871,3.000013722845554],[-77.3003535919871,3.1000141802737393],[-77.40035404941528,3.1000141802737393],[-77.40035404941528,3.000013722845554]]]}},{"type":"Feature","properties":{"v":25.53},"geometry":{"type":"Polygon","coordinates":[[[-77.3003535919871,3.000013722845554],[-77.20035313455892,3.000013722845554],[-77.20035313455892,3.1000141802737393],[-77.3003535919871,3.1000141802737393],[-77.3003535919871,3.000013722845554]]]}},{"type":"Feature","properties":{"v":24.12},"geometry":{"type":"Polygon","coordinates":[[[-77.20035313455892,3.000013722845554],[-77.10035267713073,3.000013722845554],[-77.10035267713073,3.1000141802737393],[-77.20035313455892,3.1000141802737393],[-77.20035313455892,3.000013722845554]]]}},{"type":"Feature","properties":{"v":23.12},"geometry":{"type":"Polygon","coordinates":[[[-77.10035267713073,3.000013722845554],[-77.00035221970255,3.000013722845554],[-77.00035221970255,3.1000141802737393],[-77.10035267713073,3.1000141802737393],[-77.10035267713073,3.000013722845554]]]}},{"type":"Feature","properties":{"v":22.13},"geometry":{"type":"Polygon","coordinates":[[[-77.00035221970255,3.000013722845554],[-76.90035176227437,3.000013722845554],[-76.90035176227437,3.1000141802737393],[-77.00035221970255,3.1000141802737393],[-77.00035221970255,3.000013722845554]]]}},{"type":"Feature","properties":{"v":20.67},"geometry":{"type":"Polygon","coordinates":[[[-76.90035176227437,3.000013722845554],[-76.80035130484617,3.000013722845554],[-76.80035130484617,3.1000141802737393],[-76.90035176227437,3.1000141802737393],[-76.90035176227437,3.000013722845554]]]}},{"type":"Feature","properties":{"v":18.87},"geometry":{"type":"Polygon","coordinates":[[[-76.80035130484617,3.000013722845554],[-76.700350847418,3.000013722845554],[-76.700350847418,3.1000141802737393],[-76.80035130484617,3.1000141802737393],[-76.80035130484617,3.000013722845554]]]}},{"type":"Feature","properties":{"v":20.29},"geometry":{"type":"Polygon","coordinates":[[[-76.700350847418,3.000013722845554],[-76.60035038998981,3.000013722845554],[-76.60035038998981,3.1000141802737393],[-76.700350847418,3.1000141802737393],[-76.700350847418,3.000013722845554]]]}},{"type":"Feature","properties":{"v":22.71},"geometry":{"type":"Polygon","coordinates":[[[-76.60035038998981,3.000013722845554],[-76.50034993256162,3.000013722845554],[-76.50034993256162,3.1000141802737393],[-76.60035038998981,3.1000141802737393],[-76.60035038998981,3.000013722845554]]]}},{"type":"Feature","properties":{"v":22.93},"geometry":{"type":"Polygon","coordinates":[[[-76.50034993256162,3.000013722845554],[-76.40034947513344,3.000013722845554],[-76.40034947513344,3.1000141802737393],[-76.50034993256162,3.1000141802737393],[-76.50034993256162,3.000013722845554]]]}},{"type":"Feature","properties":{"v":21.9},"geometry":{"type":"Polygon","coordinates":[[[-76.40034947513344,3.000013722845554],[-76.30034901770526,3.000013722845554],[-76.30034901770526,3.1000141802737393],[-76.40034947513344,3.1000141802737393],[-76.40034947513344,3.000013722845554]]]}},{"type":"Feature","properties":{"v":20.99},"geometry":{"type":"Polygon","coordinates":[[[-76.30034901770526,3.000013722845554],[-76.20034856027706,3.000013722845554],[-76.20034856027706,3.1000141802737393],[-76.30034901770526,3.1000141802737393],[-76.30034901770526,3.000013722845554]]]}},{"type":"Feature","properties":{"v":16.1},"geometry":{"type":"Polygon","coordinates":[[[-76.20034856027706,3.000013722845554],[-76.10034810284888,3.000013722845554],[-76.10034810284888,3.1000141802737393],[-76.20034856027706,3.1000141802737393],[-76.20034856027706,3.000013722845554]]]}},{"type":"Feature","properties":{"v":10.25},"geometry":{"type":"Polygon","coordinates":[[[-76.10034810284888,3.000013722845554],[-76.0003476454207,3.000013722845554],[-76.0003476454207,3.1000141802737393],[-76.10034810284888,3.1000141802737393],[-76.10034810284888,3.000013722845554]]]}},{"type":"Feature","properties":{"v":8.25},"geometry":{"type":"Polygon","coordinates":[[[-76.0003476454207,3.000013722845554],[-75.90034718799251,3.000013722845554],[-75.90034718799251,3.1000141802737393],[-76.0003476454207,3.1000141802737393],[-76.0003476454207,3.000013722845554]]]}},{"type":"Feature","properties":{"v":11.92},"geometry":{"type":"Polygon","coordinates":[[[-75.90034718799251,3.000013722845554],[-75.80034673056433,3.000013722845554],[-75.80034673056433,3.1000141802737393],[-75.90034718799251,3.1000141802737393],[-75.90034718799251,3.000013722845554]]]}},{"type":"Feature","properties":{"v":16.27},"geometry":{"type":"Polygon","coordinates":[[[-75.80034673056433,3.000013722845554],[-75.70034627313615,3.000013722845554],[-75.70034627313615,3.1000141802737393],[-75.80034673056433,3.1000141802737393],[-75.80034673056433,3.000013722845554]]]}},{"type":"Feature","properties":{"v":16.68},"geometry":{"type":"Polygon","coordinates":[[[-75.70034627313615,3.000013722845554],[-75.60034581570795,3.000013722845554],[-75.60034581570795,3.1000141802737393],[-75.70034627313615,3.1000141802737393],[-75.70034627313615,3.000013722845554]]]}},{"type":"Feature","properties":{"v":17.51},"geometry":{"type":"Polygon","coordinates":[[[-75.60034581570795,3.000013722845554],[-75.50034535827977,3.000013722845554],[-75.50034535827977,3.1000141802737393],[-75.60034581570795,3.1000141802737393],[-75.60034581570795,3.000013722845554]]]}},{"type":"Feature","properties":{"v":20.33},"geometry":{"type":"Polygon","coordinates":[[[-75.50034535827977,3.000013722845554],[-75.4003449008516,3.000013722845554],[-75.4003449008516,3.1000141802737393],[-75.50034535827977,3.1000141802737393],[-75.50034535827977,3.000013722845554]]]}},{"type":"Feature","properties":{"v":24.39},"geometry":{"type":"Polygon","coordinates":[[[-75.4003449008516,3.000013722845554],[-75.3003444434234,3.000013722845554],[-75.3003444434234,3.1000141802737393],[-75.4003449008516,3.1000141802737393],[-75.4003449008516,3.000013722845554]]]}},{"type":"Feature","properties":{"v":26.93},"geometry":{"type":"Polygon","coordinates":[[[-75.3003444434234,3.000013722845554],[-75.20034398599522,3.000013722845554],[-75.20034398599522,3.1000141802737393],[-75.3003444434234,3.1000141802737393],[-75.3003444434234,3.000013722845554]]]}},{"type":"Feature","properties":{"v":27.02},"geometry":{"type":"Polygon","coordinates":[[[-75.20034398599522,3.000013722845554],[-75.10034352856704,3.000013722845554],[-75.10034352856704,3.1000141802737393],[-75.20034398599522,3.1000141802737393],[-75.20034398599522,3.000013722845554]]]}}]}