{"type":"FeatureCollection","features":[{"type":"Feature","properties":{"name":"VALLE DEL CAUCA"},"geometry":{"type":"MultiPolygon","coordinates":[[[[-76.4746,3.2853],[-76.4753,3.2844],[-76.4788,3.2862],[-76.4814,3.2866],[-76.4852,3.2854],[-76.4868,3.284],[-76.4872,3.2825],[-76.4852,3.2794],[-76.483,3.2783],[-76.4806,3.2782],[-76.4766,3.2809],[-76.4742,3.2807],[-76.471,3.2752],[-76.4718,3.2708],[-76.4706,3.27],[-76.4656,3.2696],[-76.4608,3.2663],[-76.4638,3.2629],[-76.4636,3.2612],[-76.4609,3.2592],[-76.4599,3.2572],[-76.46,3.2549],[-76.4617,3.2527],[-76.4638,3.2526],[-76.4652,3.2563],[-76.4684,3.2583],[-76.4745,3.2583],[-76.4756,3.2573],[-76.4751,3.2558],[-76.4708,3.255],[-76.4689,3.2527],[-76.4629,3.2506],[-76.4621,3.2492],[-76.4615,3.2467],[-76.4625,3.2458],[-76.4642,3.2461],[-76.4673,3.2491],[-76.4694,3.2493],[-76.4711,3.2484],[-76.4707,3.2464],[-76.4652,3.2444],[-76.4648,3.2425],[-76.4666,3.2397],[-76.4691,3.2401],[-76.4727,3.2448],[-76.4744,3.2452],[-76.4751,3.2447],[-76.4752,3.2419],[-76.4721,3.2391],[-76.4718,3.2377],[-76.4764,3.2343],[-76.4773,3.2326],[-76.4727,3.2288],[-76.4714,3.2288],[-76.4692,3.2306],[-76.467,3.2303],[-76.4654,3.2286],[-76.4654,3.2275],[-76.4713,3.2265],[-76.4733,3.2161],[-76.4755,3.2164],[-76.4772,3.2212],[-76.4795,3.2223],[-76.4817,3.2209],[-76.4806,3.2164],[-76.4851,3.2131],[-76.4874,3.2139],[-76.4888,3.2174],[-76.4909,3.2174],[-76.4917,3.2161],[-76.4927,3.2065],[-76.4973,3.2041],[-76.4982,3.2021],[-76.4988,3.1982],[-76.4981,3.1973],[-76.4967,3.1971],[-76.4934,3.1988],[-76.491,3.1975],[-76.4914,3.1919],[-76.4901,3.1878],[-76.4934,3.1818],[-76.4927,3.1796],[-76.488,3.176],[-76.4871,3.1738],[-76.4884,3.1705],[-76.4898,3.1699],[-76.491,3.1741],[-76.4925,3.1761],[-76.4949,3.1763],[-76.4963,3.1754],[-76.4972,3.1712],[-76.4956,3.166],[-76.4972,3.1656],[-76.5019,3.1666],[-76.5028,3.1652],[-76.502,3.1621],[-76.5024,3.1594],[-76.5069,3.1583],[-76.5078,3.1573],[-76.5068,3.1542],[-76.5008,3.1497],[-76.5008,3.144],[-76.5035,3.1443],[-76.5057,3.1487],[-76.5076,3.1501],[-76.51,3.1503],[-76.5145,3.1481],[-76.518,3.1499],[-76.5198,3.1497],[-76.5216,3.1488],[-76.5215,3.1473],[-76.5175,3.1473],[-76.5141,3.1455],[-76.5147,3.1441],[-76.5187,3.1445],[-76.5208,3.1434],[-76.5206,3.1415],[-76.5174,3.1381],[-76.5178,3.1345],[-76.5194,3.1339],[-76.5224,3.1361],[-76.529,3.137],[-76.5312,3.137],[-76.5327,3.1357],[-76.5325,3.1322],[-76.5315,3.131],[-76.5275,3.1345],[-76.5252,3.1319],[-76.5225,3.1306],[-76.5228,3.1266],[-76.5218,3.1234],[-76.5201,3.1228],[-76.5174,3.1246],[-76.5154,3.1242],[-76.5133,3.1216],[-76.5156,3.1184],[-76.5205,3.1202],[-76.523,3.1168],[-76.5271,3.1157],[-76.5284,3.1184],[-76.5278,3.1227],[-76.5294,3.1238],[-76.5309,3.1236],[-76.5324,3.1206],[-76.535,3.1194],[-76.5365,3.1171],[-76.5354,3.1133],[-76.5367,3.1099],[-76.5393,3.1084],[-76.5405,3.1109],[-76.5416,3.1111],[-76.544,3.1071],[-76.5461,3.1059],[-76.5522,3.1074],[-76.5542,3.1044],[-76.5542,3.1006],[-76.5559,3.0995],[-76.5578,3.1015],[-76.5566,3.1072],[-76.5576,3.1078],[-76.5613,3.1066],[-76.563,3.1069],[-76.5657,3.1122],[-76.5642,3.1168],[-76.5652,3.1179],[-76.57,3.1197],[-76.5692,3.1249],[-76.5708,3.1277],[-76.5729,3.1288],[-76.5775,3.1265],[-76.5787,3.1251],[-76.5783,3.1224],[-76.5747,3.1187],[-76.5745,3.1153],[-76.5769,3.115],[-76.5784,3.1185],[-76.5807,3.1196],[-76.585,3.1165],[-76.5901,3.1164],[-76.5912,3.1152],[-76.5913,3.113],[-76.5887,3.1102],[-76.5875,3.1072],[-76.5908,3.1023],[-76.5915,3.1022],[-76.5948,3.1061],[-76.5977,3.1061],[-76.5988,3.1051],[-76.5994,3.1037],[-76.5988,3.1021],[-76.5963,3.1012],[-76.5918,3.0974],[-76.5918,3.0956],[-76.593,3.0936],[-76.5991,3.0922],[-76.602,3.096],[-76.6038,3.097],[-76.6049,3.096],[-76.6052,3.0926],[-76.6107,3.0913],[-76.6124,3.0916],[-76.6153,3.0943],[-76.6158,3.0973],[-76.6184,3.0995],[-76.6203,3.1002],[-76.6215,3.0996],[-76.6212,3.1013],[-76.6243,3.1021],[-76.6249,3.105],[-76.6237,3.1085],[-76.6244,3.1092],[-76.6257,3.1089],[-76.6266,3.1101],[-76.626,3.111],[-76.6244,3.1103],[-76.6248,3.1124],[-76.6222,3.1147],[-76.6219,3.1159],[-76.6228,3.1169],[-76.6251,3.1172],[-76.6261,3.124],[-76.6298,3.1284],[-76.6331,3.1273],[-76.6344,3.124],[-76.6359,3.1233],[-76.6365,3.1209],[-76.6389,3.1219],[-76.6393,3.1191],[-76.6414,3.1178],[-76.6429,3.1186],[-76.6435,3.1153],[-76.6407,3.1144],[-76.6408,3.1112],[-76.6449,3.11],[-76.6468,3.1055],[-76.6507,3.1021],[-76.6522,3.1015],[-76.6528,3.1029],[-76.6538,3.1031],[-76.6548,3.1008],[-76.6599,3.0993],[-76.6615,3.1023],[-76.6641,3.0992],[-76.6663,3.098],[-76.6673,3.1018],[-76.6685,3.1029],[-76.6727,3.102],[-76.6737,3.1006],[-76.6754,3.1009],[-76.6751,3.0999],[-76.6762,3.0995],[-76.6819,3.1026],[-76.6832,3.1044],[-76.6824,3.1059],[-76.6841,3.1082],[-76.6862,3.1087],[-76.6864,3.1101],[-76.6877,3.1103],[-76.689,3.1125],[-76.6916,3.1116],[-76.6952,3.1131],[-76.6964,3.1148],[-76.6957,3.1177],[-76.6969,3.118],[-76.6987,3.1171],[-76.6981,3.1183],[-76.6997,3.1202],[-76.7026,3.1209],[-76.7032,3.1199],[-76.7086,3.1186],[-76.7115,3.1203],[-76.7123,3.1187],[-76.7161,3.1188],[-76.7196,3.117],[-76.7227,3.1177],[-76.7251,3.12],[-76.7276,3.1206],[-76.7334,3.1249],[-76.7354,3.1293],[-76.7386,3.1306],[-76.7442,3.1356],[-76.7445,3.1386],[-76.7457,3.14],[-76.7465,3.1431],[-76.7495,3.1451],[-76.749,3.1522],[-76.7502,3.154],[-76.748,3.1563],[-76.748,3.1601],[-76.7463,3.1605],[-76.745,3.1631],[-76.7428,3.1647],[-76.7427,3.1677],[-76.7404,3.169],[-76.7403,3.1715],[-76.7417,3.1728],[-76.7407,3.1783],[-76.7414,3.1797],[-76.7441,3.1806],[-76.7445,3.1817],[-76.7437,3.1826],[-76.7397,3.1829],[-76.7392,3.1861],[-76.7417,3.1873],[-76.7446,3.1869],[-76.7452,3.188],[-76.7475,3.189],[-76.7479,3.1911],[-76.746,3.1908],[-76.7446,3.193],[-76.747,3.1958],[-76.749,3.1962],[-76.7493,3.1975],[-76.7515,3.1988],[-76.7559,3.1989],[-76.7586,3.2005],[-76.7592,3.2018],[-76.7585,3.2025],[-76.7529,3.2045],[-76.7557,3.2074],[-76.753,3.209],[-76.7529,3.2099],[-76.7548,3.2118],[-76.759,3.2133],[-76.7596,3.2146],[-76.7581,3.2154],[-76.758,3.2164],[-76.7648,3.2226],[-76.7654,3.2252],[-76.7682,3.2286],[-76.7688,3.231],[-76.7729,3.2337],[-76.7769,3.2311],[-76.7821,3.2302],[-76.7831,3.2307],[-76.7845,3.2242],[-76.7885,3.2182],[-76.7936,3.2195],[-76.7974,3.2157],[-76.8004,3.2146],[-76.806,3.2096],[-76.8076,3.21],[-76.8088,3.2078],[-76.8102,3.2074],[-76.813,3.2093],[-76.8156,3.2092],[-76.8178,3.2105],[-76.8201,3.2106],[-76.8221,3.2097],[-76.8246,3.2111],[-76.8283,3.2107],[-76.8308,3.2114],[-76.8354,3.209],[-76.8377,3.2087],[-76.8406,3.2104],[-76.8434,3.2103],[-76.8454,3.2077],[-76.8481,3.2086],[-76.8492,3.2072],[-76.8508,3.2073],[-76.8524,3.2099],[-76.8546,3.2104],[-76.8565,3.2097],[-76.8593,3.2124],[-76.8622,3.2119],[-76.8639,3.2126],[-76.8671,3.2103],[-76.8703,3.2092],[-76.8718,3.2091],[-76.8748,3.2106],[-76.8765,3.2095],[-76.8799,3.2096],[-76.8826,3.2089],[-76.8873,3.2064],[-76.8887,3.204],[-76.8918,3.2022],[-76.8954,3.2043],[-76.8969,3.2043],[-76.9018,3.2025],[-76.9043,3.2026],[-76.9054,3.2015],[-76.908,3.2014],[-76.909,3.2005],[-76.9096,3.1979],[-76.9089,3.1932],[-76.912,3.1837],[-76.9119,3.1804],[-76.9132,3.1787],[-76.9133,3.1763],[-76.9114,3.172],[-76.9132,3.1684],[-76.9129,3.1656],[-76.9148,3.163],[-76.9147,3.1597],[-76.9132,3.1576],[-76.9155,3.1495],[-76.9185,3.1489],[-76.9226,3.1437],[-76.926,3.1426],[-76.9275,3.1393],[-76.9267,3.1336],[-76.9251,3.1305],[-76.9265,3.13],[-76.9262,3.1277],[-76.9278,3.127],[-76.9295,3.1223],[-76.9314,3.1204],[-76.9339,3.1197],[-76.9338,3.1177],[-76.9364,3.1168],[-76.9385,3.114],[-76.9538,3.1156],[-76.9605,3.1187],[-76.9649,3.1179],[-76.9668,3.1187],[-76.9719,3.1188],[-76.9747,3.1241],[-76.9776,3.1255],[-76.979,3.1273],[-76.9791,3.129],[-76.9769,3.1329],[-76.9773,3.1346],[-76.9793,3.135],[-76.9803,3.1363],[-76.9833,3.1363],[-76.9879,3.1386],[-76.9895,3.1436],[-76.9908,3.1447],[-76.9906,3.1481],[-76.994,3.151],[-76.9968,3.1548],[-76.9996,3.1549],[-77.0005,3.1537],[-77.0046,3.1528],[-77.0078,3.1537],[-77.0108,3.1531],[-77.0169,3.1551],[-77.0217,3.1602],[-77.0303,3.167],[-77.0369,3.164],[-77.0394,3.1645],[-77.0435,3.1668],[-77.0474,3.167],[-77.0537,3.1699],[-77.0594,3.1687],[-77.0612,3.1695],[-77.0639,3.1692],[-77.0676,3.1717],[-77.069,3.1714],[-77.0799,3.1802],[-77.0817,3.1798],[-77.0836,3.1819],[-77.0873,3.1805],[-77.0878,3.1816],[-77.086,3.1835],[-77.0866,3.1858],[-77.091,3.183],[-77.0933,3.184],[-77.0955,3.1838],[-77.0984,3.186],[-77.1015,3.1849],[-77.1049,3.1807],[-77.1098,3.1798],[-77.1108,3.1763],[-77.1174,3.1689],[-77.1296,3.1612],[-77.1347,3.1644],[-77.1358,3.1699],[-77.1387,3.1716],[-77.1424,3.1721],[-77.1452,3.1684],[-77.1466,3.1704],[-77.1528,3.1702],[-77.1539,3.1762],[-77.1552,3.1753],[-77.1548,3.174],[-77.1593,3.1743],[-77.161,3.1712],[-77.158,3.1697],[-77.1588,3.1651],[-77.1602,3.1649],[-77.1632,3.1665],[-77.1651,3.1647],[-77.1681,3.1635],[-77.1704,3.1657],[-77.1727,3.1653],[-77.1731,3.1587],[-77.1782,3.1569],[-77.1806,3.1546],[-77.182,3.1511],[-77.1856,3.1488],[-77.1894,3.1502],[-77.1906,3.1498],[-77.1929,3.1455],[-77.1926,3.1403],[-77.1973,3.1405],[-77.1989,3.1439],[-77.1999,3.1441],[-77.2005,3.1434],[-77.2003,3.1374],[-77.201,3.1354],[-77.2026,3.1341],[-77.2068,3.1336],[-77.2089,3.1357],[-77.2124,3.1348],[-77.2158,3.1363],[-77.2171,3.136],[-77.2173,3.1348],[-77.2157,3.1313],[-77.2189,3.1279],[-77.2201,3.1242],[-77.2197,3.123],[-77.2182,3.1236],[-77.2166,3.1228],[-77.2162,3.1204],[-77.2196,3.1195],[-77.2277,3.1115],[-77.2286,3.112],[-77.2282,3.114],[-77.23,3.116],[-77.2347,3.1158],[-77.2357,3.1137],[-77.2324,3.111],[-77.233,3.1089],[-77.2345,3.1081],[-77.2365,3.1091],[-77.2388,3.1121],[-77.243,3.1139],[-77.2444,3.1154],[-77.2453,3.118],[-77.2435,3.1228],[-77.2447,3.1263],[-77.2464,3.1265],[-77.2481,3.125],[-77.2493,3.1171],[-77.2505,3.1153],[-77.2523,3.1152],[-77.2534,3.1166],[-77.2537,3.1227],[-77.2588,3.1288],[-77.2616,3.1351],[-77.2638,3.1351],[-77.2664,3.1332],[-77.2682,3.1335],[-77.2691,3.1347],[-77.2702,3.1398],[-77.2719,3.141],[-77.274,3.1386],[-77.2752,3.1321],[-77.2772,3.1309],[-77.2788,3.1332],[-77.2788,3.1395],[-77.2843,3.1375],[-77.2883,3.1386],[-77.2906,3.1424],[-77.2899,3.1453],[-77.2885,3.1471],[-77.2866,3.1486],[-77.2816,3.1477],[-77.2781,3.1492],[-77.278,3.1515],[-77.2792,3.1543],[-77.2788,3.1569],[-77.2799,3.1594],[-77.2819,3.1598],[-77.2852,3.1564],[-77.2909,3.1571],[-77.3025,3.1636],[-77.3068,3.1691],[-77.3103,3.1699],[-77.3172,3.1742],[-77.3198,3.1742],[-77.3217,3.1713],[-77.3202,3.1645],[-77.3233,3.1621],[-77.3259,3.1616],[-77.329,3.1635],[-77.3309,3.1635],[-77.3306,3.1559],[-77.3347,3.1509],[-77.3364,3.1511],[-77.3409,3.1497],[-77.3462,3.1402],[-77.3473,3.1401],[-77.3547,3.1449],[-77.3583,3.1453],[-77.3583,3.1445],[-77.3623,3.1444],[-77.3635,3.1448],[-77.3635,3.1458],[-77.3658,3.1465],[-77.3673,3.1509],[-77.3668,3.1561],[-77.3645,3.1634],[-77.3654,3.166],[-77.3689,3.1696],[-77.3765,3.1713],[-77.3784,3.1735],[-77.3831,3.1759],[-77.3839,3.1774],[-77.3825,3.1828],[-77.3833,3.1941],[-77.381,3.1984],[-77.3821,3.2034],[-77.3924,3.2138],[-77.3945,3.214],[-77.3996,3.2121],[-77.4035,3.2132],[-77.4061,3.2192],[-77.4071,3.225],[-77.4137,3.2306],[-77.4157,3.2337],[-77.4165,3.236],[-77.4155,3.2414],[-77.4161,3.243],[-77.4266,3.2499],[-77.4291,3.2537],[-77.4313,3.2539],[-77.4334,3.2513],[-77.4368,3.2505],[-77.4393,3.2471],[-77.4443,3.2481],[-77.4473,3.2442],[-77.4517,3.2432],[-77.4549,3.2372],[-77.4552,3.2335],[-77.459,3.2344],[-77.4613,3.2372],[-77.4642,3.2382],[-77.4678,3.2382],[-77.4707,3.237],[-77.4715,3.2348],[-77.4711,3.2331],[-77.4679,3.2305],[-77.4632,3.2296],[-77.4621,3.2267],[-77.4631,3.2252],[-77.4677,3.2258],[-77.469,3.2252],[-77.4697,3.2231],[-77.4661,3.2196],[-77.4661,3.2171],[-77.4705,3.2125],[-77.4771,3.2096],[-77.4808,3.209],[-77.4825,3.2097],[-77.4911,3.2169],[-77.4977,3.2164],[-77.499,3.2188],[-77.5041,3.2223],[-77.5054,3.2252],[-77.5017,3.2301],[-77.5017,3.2311],[-77.5013,3.2317],[-77.497,3.2316],[-77.4969,3.2326],[-77.4987,3.234],[-77.5054,3.2345],[-77.5105,3.2365],[-77.5152,3.2352],[-77.5182,3.2358],[-77.526,3.2342],[-77.5405,3.2257],[-77.5425,3.2267],[-77.5415,3.2245],[-77.5408,3.2248],[-77.542,3.2239],[-77.5483,3.2259],[-77.5496,3.2298],[-77.5496,3.2322],[-77.5483,3.2347],[-77.5435,3.2397],[-77.5287,3.2614],[-77.5097,3.2846],[-77.4955,3.3049],[-77.4915,3.3081],[-77.4893,3.3083],[-77.4875,3.3067],[-77.4841,3.3086],[-77.4843,3.3113],[-77.4819,3.3155],[-77.4814,3.3205],[-77.4799,3.3231],[-77.4764,3.3241],[-77.4619,3.3336],[-77.4494,3.3454],[-77.4321,3.3647],[-77.4274,3.368],[-77.4227,3.3694],[-77.4198,3.3684],[-77.4193,3.3659],[-77.421,3.3658],[-77.42,3.361],[-77.4157,3.3548],[-77.4148,3.3545],[-77.4132,3.3556],[-77.4129,3.3565],[-77.4141,3.3592],[-77.4136,3.3614],[-77.4063,3.3723],[-77.407,3.3734],[-77.4081,3.3727],[-77.4085,3.3744],[-77.4064,3.3839],[-77.4,3.3926],[-77.3895,3.402],[-77.3762,3.4256],[-77.3709,3.4395],[-77.3646,3.448],[-77.3625,3.4496],[-77.3617,3.4493],[-77.363,3.4419],[-77.3615,3.4333],[-77.3621,3.4306],[-77.3638,3.4291],[-77.364,3.4268],[-77.366,3.425],[-77.3637,3.425],[-77.3641,3.4217],[-77.3633,3.4215],[-77.3634,3.4251],[-77.3621,3.4262],[-77.3628,3.4241],[-77.3624,3.421],[-77.3638,3.4197],[-77.3612,3.4143],[-77.3557,3.4103],[-77.3505,3.4163],[-77.3463,3.4195],[-77.3446,3.42],[-77.3434,3.419],[-77.3416,3.4214],[-77.3325,3.4266],[-77.3348,3.4316],[-77.3379,3.4355],[-77.337,3.4487],[-77.3466,3.4531],[-77.3482,3.4562],[-77.3514,3.4575],[-77.3519,3.4589],[-77.358,3.4611],[-77.36,3.4632],[-77.3645,3.4654],[-77.3706,3.4719],[-77.3707,3.4751],[-77.3691,3.4798],[-77.3653,3.4855],[-77.3543,3.4968],[-77.3496,3.5002],[-77.3402,3.511],[-77.3334,3.5172],[-77.3303,3.5251],[-77.3312,3.5288],[-77.3307,3.5307],[-77.314,3.5503],[-77.3004,3.57],[-77.2923,3.5767],[-77.2888,3.5765],[-77.2913,3.574],[-77.2901,3.5703],[-77.2877,3.5692],[-77.2759,3.5732],[-77.2701,3.573],[-77.2632,3.5766],[-77.2527,3.5792],[-77.2451,3.5833],[-77.2367,3.5854],[-77.2357,3.5846],[-77.2368,3.582],[-77.2385,3.5806],[-77.2396,3.5783],[-77.2384,3.5771],[-77.2359,3.5774],[-77.2282,3.5825],[-77.2193,3.5935],[-77.2191,3.595],[-77.2177,3.5965],[-77.2167,3.5965],[-77.2154,3.5987],[-77.2126,3.6008],[-77.2098,3.6011],[-77.2083,3.6064],[-77.2068,3.6077],[-77.2001,3.6056],[-77.1957,3.6107],[-77.1946,3.6145],[-77.1941,3.6264],[-77.1925,3.6348],[-77.1911,3.6371],[-77.1885,3.638],[-77.1875,3.6395],[-77.1873,3.6409],[-77.1897,3.6462],[-77.1892,3.6532],[-77.1845,3.655],[-77.1822,3.6548],[-77.1767,3.6494],[-77.1656,3.6447],[-77.1632,3.6497],[-77.1652,3.6528],[-77.1659,3.6609],[-77.1666,3.6738],[-77.1653,3.68],[-77.1654,3.6848],[-77.1691,3.6858],[-77.1714,3.6917],[-77.1774,3.6928],[-77.1787,3.6921],[-77.1817,3.6871],[-77.1843,3.6859],[-77.1854,3.6814],[-77.1873,3.6809],[-77.1891,3.6814],[-77.1904,3.6964],[-77.1929,3.7062],[-77.1935,3.7128],[-77.197,3.7208],[-77.1958,3.7239],[-77.1972,3.7293],[-77.1985,3.7445],[-77.197,3.7505],[-77.1953,3.7521],[-77.1915,3.7528],[-77.1902,3.752],[-77.1898,3.7499],[-77.188,3.7486],[-77.1784,3.7485],[-77.175,3.7501],[-77.1713,3.7505],[-77.166,3.7575],[-77.1675,3.7633],[-77.172,3.7698],[-77.1746,3.785],[-77.182,3.8082],[-77.1818,3.8094],[-77.178,3.8122],[-77.1778,3.8097],[-77.1726,3.8056],[-77.168,3.8041],[-77.1603,3.8055],[-77.1539,3.803],[-77.1491,3.8032],[-77.1493,3.8049],[-77.1466,3.807],[-77.1473,3.8098],[-77.1437,3.8099],[-77.1411,3.8087],[-77.138,3.8057],[-77.1349,3.8048],[-77.1327,3.8066],[-77.1322,3.8133],[-77.128,3.8173],[-77.1246,3.8187],[-77.1189,3.8185],[-77.1153,3.8214],[-77.1126,3.8282],[-77.1136,3.8355],[-77.1097,3.8393],[-77.1075,3.8429],[-77.1075,3.8458],[-77.1063,3.8488],[-77.0984,3.8507],[-77.0968,3.8529],[-77.0921,3.8546],[-77.0901,3.857],[-77.0868,3.8582],[-77.0832,3.8587],[-77.0742,3.858],[-77.073,3.8573],[-77.0717,3.8586],[-77.0713,3.8615],[-77.072,3.8623],[-77.0713,3.8629],[-77.0667,3.8619],[-77.0647,3.8603],[-77.0621,3.8607],[-77.054,3.8677],[-77.0529,3.8757],[-77.0591,3.8766],[-77.0588,3.8763],[-77.0588,3.8761],[-77.0598,3.8755],[-77.0593,3.8749],[-77.0614,3.8736],[-77.0616,3.8733],[-77.0614,3.8731],[-77.0614,3.8728],[-77.0628,3.8728],[-77.0647,3.8739],[-77.0653,3.8759],[-77.0663,3.8751],[-77.0663,3.877],[-77.0676,3.876],[-77.0678,3.8767],[-77.0688,3.8764],[-77.0686,3.8778],[-77.0692,3.8773],[-77.0696,3.8781],[-77.0708,3.878],[-77.0702,3.8801],[-77.0717,3.8793],[-77.0718,3.8803],[-77.0736,3.8795],[-77.0727,3.8807],[-77.074,3.8811],[-77.0739,3.8822],[-77.0763,3.8837],[-77.0766,3.8861],[-77.0782,3.8874],[-77.079,3.8873],[-77.0804,3.889],[-77.0797,3.8894],[-77.0814,3.8928],[-77.079,3.8931],[-77.0806,3.9014],[-77.0855,3.9038],[-77.0867,3.9052],[-77.0957,3.8997],[-77.0941,3.8976],[-77.0932,3.8938],[-77.093,3.8884],[-77.0943,3.8798],[-77.0975,3.8753],[-77.1006,3.8733],[-77.1087,3.8715],[-77.1162,3.8757],[-77.1225,3.875],[-77.1263,3.872],[-77.1264,3.8709],[-77.1327,3.8725],[-77.1413,3.8638],[-77.1472,3.8602],[-77.1486,3.858],[-77.1533,3.8555],[-77.1561,3.8554],[-77.1581,3.8532],[-77.1634,3.8522],[-77.1668,3.8456],[-77.169,3.8455],[-77.1688,3.848],[-77.1697,3.8487],[-77.1771,3.8457],[-77.1759,3.8417],[-77.1798,3.833],[-77.1816,3.8317],[-77.1857,3.8321],[-77.1945,3.8388],[-77.1954,3.839],[-77.195,3.8384],[-77.196,3.8379],[-77.1963,3.8389],[-77.2002,3.84],[-77.2037,3.8385],[-77.204,3.8343],[-77.2051,3.8336],[-77.2081,3.8337],[-77.2105,3.8351],[-77.2144,3.8349],[-77.2191,3.8362],[-77.2204,3.8353],[-77.2232,3.8357],[-77.2244,3.8344],[-77.2229,3.8316],[-77.2245,3.8302],[-77.2259,3.8301],[-77.2273,3.8304],[-77.2312,3.8345],[-77.2336,3.8346],[-77.2354,3.8359],[-77.2367,3.8351],[-77.2417,3.8348],[-77.2443,3.8336],[-77.2474,3.829],[-77.2496,3.828],[-77.2514,3.8314],[-77.2524,3.8308],[-77.2538,3.8321],[-77.2553,3.8313],[-77.256,3.8342],[-77.2572,3.8349],[-77.2619,3.8355],[-77.2605,3.8348],[-77.2617,3.834],[-77.2612,3.8328],[-77.2601,3.8337],[-77.2592,3.8333],[-77.2601,3.8317],[-77.2648,3.8336],[-77.2679,3.8368],[-77.2675,3.8386],[-77.2682,3.8395],[-77.2715,3.8376],[-77.273,3.8383],[-77.2742,3.8407],[-77.2758,3.838],[-77.2798,3.8397],[-77.2816,3.8394],[-77.2852,3.847],[-77.2847,3.8486],[-77.2856,3.8493],[-77.2858,3.8513],[-77.2874,3.8498],[-77.2896,3.8503],[-77.2887,3.8519],[-77.2891,3.8532],[-77.2929,3.8568],[-77.2932,3.8583],[-77.2979,3.8606],[-77.3027,3.8615],[-77.3043,3.8674],[-77.3031,3.8726],[-77.3051,3.8737],[-77.305,3.8745],[-77.3033,3.8741],[-77.3029,3.8747],[-77.2972,3.8759],[-77.2967,3.8755],[-77.2973,3.8734],[-77.292,3.8772],[-77.2919,3.8788],[-77.2938,3.8793],[-77.294,3.8806],[-77.2906,3.8843],[-77.2886,3.8883],[-77.2886,3.8898],[-77.2862,3.8912],[-77.2863,3.8953],[-77.2896,3.8978],[-77.298,3.902],[-77.3013,3.8991],[-77.3016,3.9002],[-77.3056,3.9021],[-77.3091,3.9066],[-77.3091,3.9095],[-77.3109,3.9083],[-77.3116,3.9061],[-77.3138,3.9067],[-77.314,3.905],[-77.3156,3.9045],[-77.3155,3.9037],[-77.317,3.9027],[-77.3208,3.9025],[-77.3202,3.906],[-77.3222,3.9091],[-77.3218,3.9118],[-77.321,3.9125],[-77.3194,3.9122],[-77.3186,3.9134],[-77.3188,3.9188],[-77.3208,3.9252],[-77.3186,3.9247],[-77.3175,3.9234],[-77.3157,3.9242],[-77.3143,3.9264],[-77.314,3.929],[-77.3119,3.9303],[-77.3111,3.932],[-77.3113,3.9342],[-77.3129,3.9355],[-77.3143,3.943],[-77.3158,3.9445],[-77.3158,3.9467],[-77.3176,3.9493],[-77.3169,3.9518],[-77.3158,3.9509],[-77.314,3.9509],[-77.3127,3.9546],[-77.3117,3.9537],[-77.3093,3.9543],[-77.3094,3.9577],[-77.3066,3.958],[-77.3073,3.9566],[-77.3068,3.9559],[-77.3017,3.9591],[-77.2983,3.9583],[-77.2971,3.9599],[-77.2995,3.9626],[-77.2946,3.9666],[-77.2903,3.9736],[-77.2896,3.9759],[-77.2904,3.9781],[-77.29,3.9791],[-77.2871,3.9789],[-77.2862,3.9808],[-77.2854,3.9793],[-77.284,3.9793],[-77.2842,3.9778],[-77.2853,3.9767],[-77.2846,3.9761],[-77.2845,3.9736],[-77.2826,3.9733],[-77.282,3.9738],[-77.2835,3.974],[-77.2819,3.9747],[-77.2822,3.9777],[-77.2812,3.9782],[-77.2821,3.9816],[-77.2782,3.9825],[-77.2779,3.9793],[-77.2754,3.9768],[-77.2751,3.9802],[-77.2758,3.9831],[-77.2735,3.9848],[-77.2749,3.9861],[-77.2712,3.9871],[-77.2642,3.986],[-77.2644,3.9823],[-77.2634,3.9841],[-77.2604,3.9849],[-77.2595,3.9833],[-77.2606,3.9815],[-77.257,3.9824],[-77.2571,3.9799],[-77.2487,3.9806],[-77.248,3.9826],[-77.2462,3.9841],[-77.2496,3.987],[-77.2496,3.9883],[-77.2448,3.9896],[-77.2412,3.9856],[-77.2395,3.988],[-77.2417,3.9889],[-77.2419,3.9907],[-77.2409,3.9923],[-77.2399,3.9917],[-77.2378,3.9936],[-77.2345,3.9941],[-77.2335,3.9937],[-77.2328,3.992],[-77.23,3.9928],[-77.2296,3.9934],[-77.2309,3.9959],[-77.2287,3.9975],[-77.2276,3.9974],[-77.2254,3.9952],[-77.2249,3.9965],[-77.2236,3.9961],[-77.2245,3.9981],[-77.2239,4.0006],[-77.2231,4.0011],[-77.222,4.0003],[-77.2201,4.0028],[-77.2198,4.0049],[-77.2178,4.0055],[-77.2161,4.0081],[-77.2125,4.0094],[-77.21,4.0088],[-77.2092,4.0116],[-77.2098,4.0131],[-77.2069,4.0157],[-77.2077,4.0163],[-77.2131,4.0149],[-77.2138,4.0155],[-77.2072,4.0207],[-77.2035,4.0272],[-77.1997,4.029],[-77.1985,4.0306],[-77.1984,4.0316],[-77.2008,4.0323],[-77.2015,4.0363],[-77.201,4.037],[-77.1996,4.0358],[-77.1979,4.0368],[-77.2007,4.0383],[-77.2008,4.0398],[-77.1961,4.0395],[-77.1961,4.0408],[-77.1999,4.0401],[-77.2004,4.0411],[-77.1986,4.0416],[-77.1961,4.0446],[-77.1973,4.0458],[-77.1969,4.0476],[-77.1959,4.0482],[-77.195,4.0479],[-77.1946,4.0528],[-77.1969,4.0558],[-77.1988,4.0565],[-77.2018,4.0556],[-77.2047,4.0564],[-77.2103,4.0559],[-77.2131,4.0617],[-77.222,4.0611],[-77.2287,4.0591],[-77.229,4.063],[-77.2306,4.0665],[-77.2267,4.0699],[-77.2266,4.0724],[-77.2323,4.0814],[-77.2374,4.0829],[-77.2426,4.0831],[-77.2449,4.0805],[-77.2451,4.0765],[-77.2469,4.0715],[-77.2507,4.0708],[-77.2551,4.0682],[-77.2616,4.0604],[-77.2667,4.0675],[-77.2671,4.0738],[-77.2654,4.0776],[-77.2667,4.0776],[-77.2669,4.0759],[-77.2686,4.077],[-77.2685,4.0757],[-77.271,4.0737],[-77.2716,4.0718],[-77.273,4.0722],[-77.2777,4.0646],[-77.2779,4.0629],[-77.2793,4.0621],[-77.2804,4.0587],[-77.2841,4.0549],[-77.2839,4.0526],[-77.2859,4.0502],[-77.2881,4.0509],[-77.2881,4.0495],[-77.2902,4.05],[-77.2908,4.0489],[-77.2933,4.0497],[-77.2926,4.0474],[-77.294,4.046],[-77.2947,4.0463],[-77.2949,4.0481],[-77.2966,4.0481],[-77.296,4.0494],[-77.2974,4.0486],[-77.2999,4.0489],[-77.3007,4.0484],[-77.3,4.0476],[-77.2984,4.0479],[-77.2976,4.0462],[-77.2993,4.0427],[-77.3032,4.0402],[-77.305,4.0413],[-77.3042,4.0452],[-77.3061,4.044],[-77.3072,4.0423],[-77.307,4.0402],[-77.3081,4.0373],[-77.3105,4.0351],[-77.3102,4.0334],[-77.3095,4.0341],[-77.3089,4.0337],[-77.308,4.0303],[-77.3093,4.0286],[-77.3107,4.0282],[-77.3118,4.0286],[-77.3117,4.0298],[-77.3128,4.0301],[-77.3143,4.0291],[-77.3149,4.0274],[-77.3151,4.0261],[-77.314,4.0264],[-77.3142,4.0243],[-77.3135,4.024],[-77.3134,4.0249],[-77.3122,4.0242],[-77.3127,4.0231],[-77.3137,4.0228],[-77.3126,4.0221],[-77.3134,4.0188],[-77.3154,4.019],[-77.3154,4.0183],[-77.3172,4.0189],[-77.316,4.017],[-77.3146,4.0166],[-77.3146,4.0155],[-77.3184,4.0172],[-77.3182,4.0162],[-77.3192,4.0155],[-77.3184,4.0151],[-77.3187,4.0134],[-77.3201,4.0113],[-77.3208,4.0114],[-77.3209,4.0101],[-77.319,4.0101],[-77.3184,4.011],[-77.3171,4.0099],[-77.3175,4.0106],[-77.3163,4.0103],[-77.3155,4.0072],[-77.3186,4.0055],[-77.3196,4.0073],[-77.3212,4.0073],[-77.3231,3.9977],[-77.3246,3.9964],[-77.3242,3.9958],[-77.3211,3.9965],[-77.3196,3.9956],[-77.3212,3.9926],[-77.3211,3.9912],[-77.3241,3.9889],[-77.3242,3.9872],[-77.3222,3.9884],[-77.3217,3.9868],[-77.3239,3.9847],[-77.3238,3.9824],[-77.3261,3.9831],[-77.325,3.9813],[-77.327,3.9787],[-77.3257,3.9786],[-77.3242,3.9764],[-77.3244,3.9727],[-77.3274,3.9717],[-77.3282,3.9726],[-77.3299,3.9726],[-77.3305,3.9749],[-77.3334,3.9759],[-77.3336,3.9741],[-77.3353,3.9722],[-77.3352,3.9694],[-77.3377,3.9655],[-77.3384,3.9612],[-77.343,3.9486],[-77.3429,3.9471],[-77.3451,3.943],[-77.3447,3.9419],[-77.3459,3.9383],[-77.3457,3.9357],[-77.3468,3.9354],[-77.3476,3.9318],[-77.3531,3.9288],[-77.357,3.9286],[-77.357,3.9276],[-77.3584,3.9265],[-77.3623,3.9287],[-77.3654,3.9335],[-77.3666,3.9408],[-77.3713,3.9511],[-77.3761,3.9578],[-77.3783,3.9592],[-77.3811,3.9645],[-77.3877,3.9734],[-77.3903,3.9731],[-77.3933,3.9753],[-77.4058,3.9876],[-77.4273,4.0037],[-77.434,4.0102],[-77.439,4.0197],[-77.44,4.0261],[-77.4496,4.0385],[-77.4447,4.056],[-77.431,4.0858],[-77.4289,4.0931],[-77.4286,4.0996],[-77.4303,4.1055],[-77.4411,4.1207],[-77.4434,4.1279],[-77.4434,4.1324],[-77.4421,4.1367],[-77.4358,4.1458],[-77.4211,4.1431],[-77.4142,4.1439],[-77.403,4.147],[-77.3957,4.1466],[-77.3903,4.1485],[-77.3884,4.1503],[-77.388,4.1519],[-77.3884,4.1558],[-77.3902,4.1592],[-77.3893,4.1621],[-77.3772,4.1704],[-77.3751,4.1761],[-77.3746,4.1809],[-77.3715,4.1847],[-77.3631,4.1923],[-77.353,4.1975],[-77.3477,4.1973],[-77.3423,4.196],[-77.335,4.1925],[-77.3285,4.1864],[-77.3185,4.1729],[-77.3111,4.1672],[-77.3082,4.1661],[-77.3055,4.1665],[-77.2996,4.1709],[-77.2942,4.1764],[-77.2897,4.1787],[-77.2869,4.1834],[-77.2851,4.1901],[-77.2851,4.1928],[-77.2874,4.2058],[-77.2858,4.2107],[-77.2803,4.221],[-77.2745,4.2271],[-77.269,4.2305],[-77.2633,4.2336],[-77.2579,4.2347],[-77.2535,4.2342],[-77.2511,4.2329],[-77.2488,4.2274],[-77.2484,4.2195],[-77.2505,4.2],[-77.2499,4.1877],[-77.2438,4.1779],[-77.2318,4.1668],[-77.2232,4.1572],[-77.22,4.1557],[-77.215,4.156],[-77.21,4.1605],[-77.2075,4.1693],[-77.205,4.1727],[-77.1975,4.1737],[-77.1889,4.1726],[-77.1841,4.1745],[-77.1748,4.1804],[-77.1671,4.1837],[-77.163,4.1844],[-77.1596,4.1837],[-77.1534,4.1783],[-77.1481,4.1686],[-77.1428,4.1628],[-77.1427,4.16],[-77.1387,4.1587],[-77.1364,4.1557],[-77.1351,4.1558],[-77.134,4.1573],[-77.1315,4.1564],[-77.1323,4.1539],[-77.1306,4.1522],[-77.1313,4.1494],[-77.1298,4.1472],[-77.1295,4.1449],[-77.1163,4.1333],[-77.1205,4.1291],[-77.1229,4.1248],[-77.1225,4.1211],[-77.1201,4.1187],[-77.12,4.1166],[-77.1149,4.1152],[-77.1145,4.1132],[-77.1075,4.1105],[-77.1045,4.1076],[-77.1014,4.1101],[-77.101,4.1117],[-77.0962,4.117],[-77.0931,4.1176],[-77.0925,4.1194],[-77.0861,4.1226],[-77.0846,4.119],[-77.0859,4.1162],[-77.0826,4.1115],[-77.0825,4.1102],[-77.0794,4.1095],[-77.078,4.1077],[-77.0762,4.1079],[-77.073,4.1065],[-77.0721,4.1001],[-77.0686,4.0978],[-77.068,4.096],[-77.0668,4.0968],[-77.0656,4.0963],[-77.0642,4.0974],[-77.0637,4.1],[-77.0612,4.101],[-77.0601,4.1026],[-77.0573,4.1023],[-77.056,4.0995],[-77.054,4.0998],[-77.0515,4.0955],[-77.0503,4.0948],[-77.049,4.0952],[-77.0473,4.0979],[-77.0448,4.0968],[-77.0423,4.0977],[-77.0383,4.0973],[-77.0385,4.0954],[-77.0359,4.0913],[-77.0352,4.0915],[-77.0347,4.0934],[-77.033,4.0926],[-77.033,4.0939],[-77.0303,4.0947],[-77.0292,4.0928],[-77.0283,4.0929],[-77.028,4.0943],[-77.0265,4.0945],[-77.0266,4.0961],[-77.0253,4.0965],[-77.0229,4.0999],[-77.021,4.1001],[-77.0199,4.1012],[-77.0167,4.1003],[-77.0137,4.0978],[-77.0119,4.098],[-77.0101,4.0961],[-77.0089,4.096],[-77.0074,4.0985],[-77.0044,4.0991],[-77.0018,4.1075],[-76.9987,4.1118],[-76.9971,4.1195],[-76.9944,4.1205],[-76.992,4.1197],[-76.9909,4.1179],[-76.9889,4.1184],[-76.9877,4.1152],[-76.9859,4.1143],[-76.9842,4.1147],[-76.9807,4.1187],[-76.9784,4.1186],[-76.9761,4.1222],[-76.972,4.1175],[-76.9694,4.1193],[-76.9658,4.1185],[-76.9619,4.1202],[-76.9544,4.1207],[-76.9491,4.114],[-76.9418,4.1126],[-76.9423,4.1098],[-76.9418,4.1084],[-76.9377,4.1084],[-76.9348,4.1052],[-76.9335,4.1061],[-76.9289,4.106],[-76.9262,4.1035],[-76.9252,4.1013],[-76.9214,4.0998],[-76.92,4.0975],[-76.9183,4.097],[-76.915,4.098],[-76.9151,4.0892],[-76.9133,4.0818],[-76.9123,4.0814],[-76.9103,4.0823],[-76.9065,4.0848],[-76.9045,4.0824],[-76.9009,4.0819],[-76.9026,4.0777],[-76.901,4.0745],[-76.9012,4.073],[-76.8982,4.0716],[-76.8953,4.0712],[-76.8919,4.0739],[-76.891,4.0734],[-76.8883,4.0675],[-76.8862,4.0666],[-76.8848,4.0623],[-76.8829,4.0613],[-76.8832,4.0584],[-76.8826,4.057],[-76.8835,4.0554],[-76.883,4.0537],[-76.8808,4.0528],[-76.8786,4.0495],[-76.8744,4.0483],[-76.8732,4.0472],[-76.8726,4.0384],[-76.8687,4.0352],[-76.8674,4.0324],[-76.8654,4.0315],[-76.8605,4.0313],[-76.8601,4.0298],[-76.8595,4.0298],[-76.8568,4.0315],[-76.8541,4.0319],[-76.8535,4.035],[-76.8507,4.0373],[-76.847,4.036],[-76.8449,4.037],[-76.8427,4.0364],[-76.8415,4.0375],[-76.8396,4.0363],[-76.8291,4.0352],[-76.8274,4.0327],[-76.8261,4.0321],[-76.825,4.0329],[-76.8233,4.0325],[-76.824,4.031],[-76.8227,4.0302],[-76.8243,4.0283],[-76.823,4.0266],[-76.8249,4.0256],[-76.8255,4.0217],[-76.8225,4.0188],[-76.822,4.0145],[-76.8206,4.0113],[-76.8167,4.0098],[-76.8153,4.007],[-76.8128,4.0069],[-76.8099,4.0051],[-76.8038,4.0072],[-76.8013,4.0066],[-76.799,4.0095],[-76.7972,4.0099],[-76.7964,4.0111],[-76.7942,4.0114],[-76.7917,4.0076],[-76.7872,4.0036],[-76.7823,4.002],[-76.7749,3.9972],[-76.7677,3.9887],[-76.7595,3.9935],[-76.7565,3.9916],[-76.7528,3.9923],[-76.7503,3.9918],[-76.7472,3.9851],[-76.7459,3.9842],[-76.7427,3.9848],[-76.741,3.9834],[-76.7358,3.9818],[-76.7223,3.9818],[-76.7197,3.9811],[-76.7171,3.9817],[-76.7128,3.9811],[-76.7083,3.9792],[-76.7014,3.9787],[-76.6993,3.9772],[-76.6974,3.9732],[-76.6943,3.9712],[-76.6925,3.9688],[-76.6833,3.9649],[-76.6806,3.9657],[-76.6755,3.9717],[-76.6624,3.9775],[-76.6598,3.9821],[-76.6556,3.9854],[-76.6538,3.9915],[-76.65,3.9967],[-76.634,4.007],[-76.6283,4.0128],[-76.6246,4.0149],[-76.6196,4.0113],[-76.6117,4.0077],[-76.6036,4.0011],[-76.6014,4.0007],[-76.5989,4.0025],[-76.5971,4.0025],[-76.5946,4.0005],[-76.5894,3.9941],[-76.5879,3.9861],[-76.5879,3.9803],[-76.5938,3.9723],[-76.5916,3.9701],[-76.5903,3.9701],[-76.5863,3.9728],[-76.5824,3.9785],[-76.5785,3.9787],[-76.5741,3.9846],[-76.5723,3.9858],[-76.5645,3.9876],[-76.5593,3.9911],[-76.5577,3.9963],[-76.5601,4.0063],[-76.5591,4.0088],[-76.5493,4.0119],[-76.5478,4.011],[-76.5435,4.0112],[-76.5381,4.0151],[-76.5373,4.0162],[-76.5375,4.0178],[-76.5419,4.0249],[-76.5417,4.0278],[-76.5403,4.0301],[-76.5419,4.0353],[-76.5415,4.0437],[-76.5376,4.045],[-76.5358,4.0535],[-76.5308,4.0595],[-76.5253,4.0619],[-76.5244,4.0673],[-76.5233,4.0678],[-76.5144,4.066],[-76.5093,4.0629],[-76.5047,4.0638],[-76.5008,4.0626],[-76.4989,4.0638],[-76.4974,4.0667],[-76.4944,4.0695],[-76.4902,4.0814],[-76.4844,4.0896],[-76.4804,4.0934],[-76.4787,4.0972],[-76.4727,4.1036],[-76.4673,4.1209],[-76.4629,4.1303],[-76.4585,4.1366],[-76.4569,4.1403],[-76.453,4.1449],[-76.4483,4.1615],[-76.447,4.1648],[-76.4461,4.1735],[-76.4449,4.1757],[-76.4453,4.1859],[-76.4444,4.1906],[-76.4467,4.2045],[-76.4479,4.2065],[-76.4501,4.2075],[-76.4511,4.2091],[-76.4517,4.2116],[-76.4513,4.2157],[-76.4541,4.2197],[-76.4537,4.2241],[-76.455,4.2295],[-76.458,4.2315],[-76.4654,4.2327],[-76.4712,4.2304],[-76.4778,4.234],[-76.4871,4.2355],[-76.4873,4.2399],[-76.4903,4.2437],[-76.4946,4.2452],[-76.499,4.2481],[-76.5011,4.2484],[-76.5059,4.2519],[-76.5071,4.2544],[-76.5055,4.2562],[-76.508,4.2616],[-76.509,4.2679],[-76.5152,4.2709],[-76.5159,4.2731],[-76.5181,4.2746],[-76.5211,4.2823],[-76.5262,4.2878],[-76.5294,4.2953],[-76.5295,4.3021],[-76.5277,4.3064],[-76.5254,4.3092],[-76.5254,4.3112],[-76.5284,4.3183],[-76.5276,4.3219],[-76.5279,4.3235],[-76.5355,4.3274],[-76.5368,4.3308],[-76.5424,4.3346],[-76.5493,4.3371],[-76.5495,4.3398],[-76.5479,4.3489],[-76.5483,4.3509],[-76.5526,4.3575],[-76.5577,4.3616],[-76.5615,4.3682],[-76.562,4.3705],[-76.5592,4.3773],[-76.5597,4.3799],[-76.5578,4.3831],[-76.5582,4.3866],[-76.5548,4.3934],[-76.5553,4.399],[-76.5533,4.4014],[-76.5497,4.4024],[-76.5466,4.4009],[-76.5453,4.397],[-76.5395,4.3963],[-76.5369,4.3974],[-76.5355,4.4006],[-76.5327,4.401],[-76.5265,4.4038],[-76.5213,4.4047],[-76.5175,4.4032],[-76.5155,4.4032],[-76.5115,4.4053],[-76.5063,4.4103],[-76.5031,4.4112],[-76.502,4.4132],[-76.4986,4.4127],[-76.4959,4.4142],[-76.4918,4.4132],[-76.4821,4.4141],[-76.472,4.4244],[-76.4608,4.4305],[-76.458,4.4309],[-76.4566,4.4328],[-76.4521,4.4339],[-76.4498,4.4366],[-76.4488,4.4403],[-76.4444,4.4416],[-76.4349,4.4418],[-76.4309,4.4486],[-76.4265,4.4469],[-76.4185,4.4477],[-76.4179,4.4487],[-76.4187,4.4519],[-76.4165,4.4553],[-76.4143,4.4569],[-76.4107,4.4569],[-76.4086,4.4599],[-76.4105,4.4632],[-76.4102,4.4657],[-76.4054,4.4689],[-76.4037,4.4728],[-76.4023,4.474],[-76.3958,4.4735],[-76.3914,4.4757],[-76.3863,4.4812],[-76.3864,4.4896],[-76.3827,4.4929],[-76.3762,4.4919],[-76.3692,4.4893],[-76.3656,4.4913],[-76.36450909090908,4.492775935828884],[-76.3649,4.4925],[-76.368,4.4934],[-76.3709,4.4958],[-76.3724,4.4971],[-76.3751,4.5031],[-76.3791,4.5086],[-76.3805,4.5117],[-76.3798,4.5146],[-76.3807,4.516],[-76.3838,4.5177],[-76.3861,4.5204],[-76.3905,4.522],[-76.3948,4.5294],[-76.3999,4.5336],[-76.4036,4.5345],[-76.4035,4.5355],[-76.4009,4.5376],[-76.3934,4.5413],[-76.3849,4.5467],[-76.384,4.5511],[-76.3841,4.5572],[-76.3813,4.5596],[-76.3747,4.5585],[-76.3679,4.5582],[-76.3655,4.5589],[-76.3633,4.557],[-76.3609,4.5563],[-76.3573,4.5585],[-76.3446,4.5618],[-76.3409,4.5672],[-76.3443,4.5713],[-76.3448,4.5763],[-76.343,4.5787],[-76.3436,4.5817],[-76.34,4.5831],[-76.3382,4.5828],[-76.3372,4.5843],[-76.3342,4.586],[-76.332,4.5893],[-76.3282,4.5987],[-76.3285,4.6021],[-76.3211,4.6049],[-76.3192,4.6083],[-76.3181,4.6129],[-76.32,4.6197],[-76.3134,4.6293],[-76.31,4.6302],[-76.3109,4.633],[-76.3104,4.6356],[-76.3058,4.6456],[-76.3024,4.6487],[-76.301,4.6542],[-76.3003,4.6559],[-76.3029,4.6599],[-76.3034,4.6663],[-76.3012,4.6718],[-76.2992,4.6741],[-76.3014,4.6776],[-76.2986,4.6809],[-76.2965,4.6854],[-76.2979,4.6869],[-76.2975,4.6986],[-76.2972,4.7],[-76.2951,4.7013],[-76.2886,4.7028],[-76.2857,4.7124],[-76.287,4.7133],[-76.2887,4.7166],[-76.2893,4.7213],[-76.2941,4.7288],[-76.2963,4.7297],[-76.2986,4.7346],[-76.3049,4.7394],[-76.3071,4.7424],[-76.3077,4.7472],[-76.3123,4.75],[-76.3121,4.7506],[-76.2999,4.7577],[-76.2938,4.7597],[-76.2869,4.7671],[-76.284,4.7687],[-76.2798,4.7686],[-76.278,4.7705],[-76.2762,4.771],[-76.2734,4.7753],[-76.2708,4.7774],[-76.2642,4.7878],[-76.2612,4.7945],[-76.2586,4.795],[-76.2543,4.7938],[-76.2475,4.794],[-76.2433,4.7954],[-76.2306,4.8021],[-76.2241,4.8106],[-76.2207,4.8211],[-76.2158,4.827],[-76.2115,4.8294],[-76.2069,4.8295],[-76.2021,4.8282],[-76.1921,4.8286],[-76.1841,4.8322],[-76.1764,4.8319],[-76.1608,4.8364],[-76.154,4.8362],[-76.145,4.8379],[-76.1394,4.8412],[-76.1378,4.8436],[-76.1369,4.8495],[-76.1296,4.8561],[-76.1298,4.8603],[-76.1311,4.8635],[-76.1294,4.865],[-76.1288,4.8676],[-76.1254,4.8721],[-76.1267,4.874],[-76.1243,4.8758],[-76.1217,4.8759],[-76.1169,4.8811],[-76.1174,4.8858],[-76.1141,4.8904],[-76.1141,4.894],[-76.1242,4.9029],[-76.127,4.904],[-76.13,4.9072],[-76.1295,4.9095],[-76.1307,4.9108],[-76.1289,4.9137],[-76.12,4.912],[-76.1156,4.9134],[-76.1128,4.9153],[-76.1094,4.9145],[-76.1053,4.9156],[-76.1023,4.9153],[-76.0988,4.9183],[-76.0986,4.9231],[-76.0946,4.9302],[-76.0953,4.9355],[-76.0932,4.9374],[-76.0946,4.9413],[-76.0922,4.9425],[-76.0887,4.9461],[-76.0913,4.9494],[-76.0905,4.9515],[-76.0914,4.9554],[-76.0913,4.9593],[-76.0897,4.9614],[-76.091,4.9649],[-76.0896,4.9668],[-76.0903,4.9744],[-76.0915,4.9767],[-76.0902,4.9798],[-76.0916,4.9845],[-76.0947,4.9889],[-76.0986,4.9988],[-76.0972,5.005],[-76.0943,5.0109],[-76.0961,5.0193],[-76.0964,5.0244],[-76.0956,5.0271],[-76.0968,5.0318],[-76.0931,5.0369],[-76.0912,5.0429],[-76.0811,5.0453],[-76.0771,5.0474],[-76.0793,5.0447],[-76.0799,5.0411],[-76.0784,5.0385],[-76.0784,5.0369],[-76.0742,5.033],[-76.0706,5.0268],[-76.0661,5.0229],[-76.0645,5.0158],[-76.0575,5.0137],[-76.0532,5.0084],[-76.0491,5.0072],[-76.0491,5.0018],[-76.0481,4.9986],[-76.0451,4.9966],[-76.0443,4.995],[-76.0459,4.9862],[-76.0425,4.9842],[-76.0417,4.9811],[-76.0388,4.9767],[-76.0351,4.968],[-76.0334,4.9672],[-76.0342,4.9651],[-76.0327,4.9623],[-76.0339,4.957],[-76.0301,4.9536],[-76.0308,4.9519],[-76.0301,4.95],[-76.0309,4.9491],[-76.0289,4.9435],[-76.0276,4.9429],[-76.0277,4.9386],[-76.0267,4.9375],[-76.0202,4.9358],[-76.0198,4.9345],[-76.0157,4.9309],[-76.0138,4.9311],[-76.0127,4.9295],[-76.0128,4.9275],[-76.0116,4.9263],[-76.0047,4.9218],[-76.002,4.9214],[-76.0011,4.9187],[-75.9995,4.9185],[-75.9984,4.9171],[-75.9953,4.9156],[-75.9941,4.9127],[-75.9888,4.9129],[-75.9876,4.9114],[-75.9857,4.9034],[-75.9867,4.8966],[-75.9887,4.8922],[-75.989,4.8878],[-75.9877,4.8862],[-75.9896,4.8831],[-75.9891,4.8811],[-75.9886,4.8756],[-75.9877,4.8738],[-75.983,4.8703],[-75.9805,4.8663],[-75.9752,4.8614],[-75.9699,4.8598],[-75.9673,4.8599],[-75.9663,4.8612],[-75.9615,4.8628],[-75.9599,4.8624],[-75.9582,4.8645],[-75.9561,4.8648],[-75.9533,4.8629],[-75.9504,4.8624],[-75.949,4.8601],[-75.9469,4.8587],[-75.9417,4.8568],[-75.9406,4.8595],[-75.939,4.861],[-75.9352,4.8616],[-75.934,4.8628],[-75.9313,4.8616],[-75.9275,4.8624],[-75.9269,4.8646],[-75.9257,4.8653],[-75.9258,4.8669],[-75.9245,4.8668],[-75.923,4.8691],[-75.9207,4.8705],[-75.9197,4.8692],[-75.9185,4.8694],[-75.9188,4.8716],[-75.9162,4.8734],[-75.9142,4.8735],[-75.9145,4.872],[-75.9111,4.8607],[-75.9083,4.8579],[-75.9028,4.8549],[-75.9004,4.8513],[-75.9012,4.8494],[-75.9055,4.8486],[-75.9062,4.8477],[-75.9033,4.8416],[-75.9026,4.8378],[-75.9094,4.8288],[-75.9105,4.8255],[-75.9106,4.817],[-75.9124,4.815],[-75.9165,4.8137],[-75.9191,4.8166],[-75.921,4.8173],[-75.9254,4.8131],[-75.9343,4.8099],[-75.9357,4.8077],[-75.935898631905,4.806999561177077],[-75.9306,4.8053],[-75.9314,4.8022],[-75.9295,4.8005],[-75.9275,4.8004],[-75.9236,4.8025],[-75.9205,4.7999],[-75.9208,4.7975],[-75.9175,4.7945],[-75.9188,4.7906],[-75.9211,4.7888],[-75.926,4.7891],[-75.928,4.787],[-75.928,4.7833],[-75.9249,4.783],[-75.9224,4.7814],[-75.9216,4.7781],[-75.9221,4.7775],[-75.9262,4.7797],[-75.9289,4.7792],[-75.9274,4.7761],[-75.9293,4.7687],[-75.9269,4.7675],[-75.9228,4.7704],[-75.9205,4.7698],[-75.9197,4.7681],[-75.9228,4.7657],[-75.9243,4.7636],[-75.9235,4.7606],[-75.9224,4.7598],[-75.9209,4.76],[-75.9152,4.7637],[-75.913,4.7609],[-75.9167,4.7576],[-75.9168,4.7565],[-75.9082,4.7521],[-75.9055,4.7524],[-75.9033,4.7551],[-75.8977,4.7588],[-75.8886,4.7547],[-75.885,4.7585],[-75.8807,4.7606],[-75.8785,4.7634],[-75.8781,4.7688],[-75.8755,4.7694],[-75.874,4.7669],[-75.8727,4.7668],[-75.8738,4.7715],[-75.8726,4.7746],[-75.871,4.7762],[-75.8696,4.7756],[-75.8697,4.7728],[-75.8625,4.7736],[-75.8597,4.7748],[-75.8556,4.778],[-75.8528,4.7788],[-75.8499,4.778],[-75.848,4.7765],[-75.8479,4.7735],[-75.8463,4.7715],[-75.847,4.7686],[-75.8452,4.7663],[-75.8447,4.7588],[-75.8467,4.7561],[-75.8463,4.7529],[-75.847,4.7502],[-75.8464,4.7485],[-75.8486,4.7385],[-75.8501,4.7367],[-75.8539,4.7343],[-75.8564,4.731],[-75.85619886914377,4.727329361873994],[-75.8533,4.7305],[-75.8517,4.7312],[-75.851,4.734],[-75.8496,4.7331],[-75.8492,4.7316],[-75.8463,4.7305],[-75.8437,4.7276],[-75.8427,4.7291],[-75.8417,4.7282],[-75.8396,4.729],[-75.8387,4.732],[-75.8376,4.7324],[-75.8376,4.7334],[-75.8359,4.7337],[-75.8353,4.7352],[-75.8339,4.7354],[-75.8338,4.7365],[-75.8327,4.7364],[-75.8315,4.7378],[-75.8241,4.7352],[-75.8228,4.7338],[-75.8215,4.7344],[-75.8202,4.7333],[-75.8189,4.7344],[-75.8189,4.7326],[-75.8156,4.7309],[-75.8144,4.7288],[-75.813,4.7294],[-75.8132,4.7284],[-75.8122,4.7282],[-75.8114,4.7294],[-75.8113,4.7273],[-75.8088,4.7288],[-75.8063,4.7267],[-75.8058,4.7281],[-75.8026,4.7282],[-75.8021,4.7269],[-75.8011,4.7272],[-75.8003,4.7256],[-75.8014,4.7248],[-75.8011,4.7238],[-75.7989,4.7234],[-75.7998,4.7211],[-75.7963,4.7203],[-75.7964,4.7189],[-75.7947,4.7186],[-75.7944,4.7195],[-75.7938,4.7193],[-75.7915,4.7181],[-75.7919,4.717],[-75.7903,4.7164],[-75.79,4.7175],[-75.7894,4.7161],[-75.7886,4.718],[-75.7878,4.7174],[-75.7874,4.7187],[-75.7859,4.7183],[-75.785,4.7218],[-75.7834,4.7203],[-75.7794,4.7198],[-75.7794,4.7214],[-75.7775,4.721],[-75.776,4.7218],[-75.7764,4.7207],[-75.775,4.7209],[-75.7741,4.7186],[-75.7734,4.7197],[-75.7724,4.7177],[-75.7712,4.7183],[-75.7715,4.7168],[-75.7702,4.714],[-75.7665,4.7149],[-75.7651,4.714],[-75.7639,4.7153],[-75.7607,4.7113],[-75.7582,4.7121],[-75.7577,4.7108],[-75.7555,4.7109],[-75.754,4.7099],[-75.7538,4.711],[-75.7521,4.7102],[-75.7506,4.7122],[-75.7498,4.7114],[-75.7467,4.7127],[-75.7469,4.7115],[-75.7439,4.7106],[-75.7414,4.7113],[-75.7391,4.7107],[-75.7389,4.7096],[-75.7374,4.7102],[-75.7371,4.7093],[-75.7352,4.7098],[-75.7355,4.7087],[-75.7345,4.708],[-75.7334,4.7097],[-75.7328,4.7079],[-75.7316,4.7082],[-75.7311,4.7104],[-75.7297,4.7079],[-75.7286,4.7096],[-75.7275,4.7086],[-75.7252,4.7113],[-75.7222,4.7119],[-75.7213,4.7106],[-75.7199,4.7124],[-75.7157,4.7123],[-75.7136,4.7138],[-75.7097,4.6792],[-75.7079,4.6776],[-75.705,4.6573],[-75.7057,4.6547],[-75.7103,4.6551],[-75.7146,4.6535],[-75.7144,4.6527],[-75.7161,4.6522],[-75.7189,4.6534],[-75.7228,4.6536],[-75.7252,4.652],[-75.7328,4.6533],[-75.7359,4.655],[-75.7377,4.6551],[-75.7411,4.6547],[-75.7464,4.6527],[-75.7558,4.6521],[-75.7563,4.651],[-75.7579,4.6507],[-75.7609,4.6529],[-75.7623,4.6517],[-75.7627,4.6535],[-75.7682,4.6523],[-75.7695,4.6536],[-75.7701,4.6532],[-75.7718,4.6545],[-75.7738,4.6548],[-75.7746,4.6544],[-75.774,4.6535],[-75.7784,4.6545],[-75.7792,4.6541],[-75.7794,4.6527],[-75.7803,4.6538],[-75.7823,4.6526],[-75.783,4.655],[-75.7824,4.6567],[-75.7838,4.6587],[-75.7846,4.6581],[-75.7853,4.6592],[-75.7878,4.6592],[-75.7893,4.66],[-75.7927,4.6592],[-75.794,4.6599],[-75.7955,4.6594],[-75.7958,4.6583],[-75.7978,4.6597],[-75.8005,4.6588],[-75.8019,4.6593],[-75.8066,4.6577],[-75.8072,4.6561],[-75.8092,4.6587],[-75.8138,4.6588],[-75.8175,4.6616],[-75.8205,4.6614],[-75.8227,4.6639],[-75.8259,4.6632],[-75.8274,4.6605],[-75.8275,4.6635],[-75.8279,4.6577],[-75.8295,4.6563],[-75.8297,4.6541],[-75.8316,4.6506],[-75.8344,4.6487],[-75.8367,4.644],[-75.8408,4.6434],[-75.842,4.6417],[-75.8454,4.6406],[-75.8474,4.6389],[-75.8493,4.6349],[-75.8485,4.6302],[-75.8508,4.6289],[-75.8521,4.6268],[-75.8518,4.6241],[-75.8555,4.6212],[-75.8587,4.6165],[-75.8644,4.6151],[-75.8656,4.6128],[-75.8669,4.611],[-75.8669,4.6082],[-75.8641,4.6051],[-75.8637,4.6034],[-75.8607,4.6013],[-75.8616,4.5976],[-75.8598,4.5952],[-75.8618,4.5927],[-75.8666,4.5907],[-75.8713,4.5856],[-75.8724,4.5791],[-75.87,4.5761],[-75.8674,4.5753],[-75.8681,4.5727],[-75.8642,4.5735],[-75.8643,4.5706],[-75.8663,4.5673],[-75.8662,4.5641],[-75.8686,4.5634],[-75.8701,4.5607],[-75.8696,4.5585],[-75.8738,4.557],[-75.8758,4.5551],[-75.877,4.5507],[-75.8755,4.5509],[-75.8717,4.5486],[-75.8705,4.5476],[-75.8703,4.5461],[-75.8715,4.5443],[-75.8715,4.5423],[-75.8761,4.5424],[-75.8771,4.5416],[-75.8775,4.5396],[-75.8795,4.5386],[-75.8807390794979,4.53154677824268],[-75.8803,4.5316],[-75.8794,4.5296],[-75.8812,4.5279],[-75.8811,4.527],[-75.878,4.5273],[-75.8771,4.5252],[-75.8729,4.5253],[-75.8719,4.5246],[-75.8716,4.5237],[-75.8736,4.5193],[-75.8707,4.5181],[-75.8705,4.5127],[-75.8724,4.5103],[-75.8713,4.5075],[-75.8729,4.5018],[-75.8726,4.4992],[-75.8747,4.4978],[-75.8749,4.4934],[-75.8766,4.4911],[-75.8765,4.4873],[-75.8786,4.4871],[-75.8791,4.486],[-75.8762,4.4837],[-75.8749,4.4813],[-75.8724,4.482],[-75.8718,4.4787],[-75.8733,4.4717],[-75.8769,4.4715],[-75.8781,4.4696],[-75.8798,4.4705],[-75.8814,4.4678],[-75.8804,4.4663],[-75.8774,4.4657],[-75.879,4.4627],[-75.8783,4.46],[-75.8697,4.4546],[-75.8665,4.4556],[-75.8655,4.4548],[-75.8695,4.4526],[-75.8731,4.4518],[-75.8749,4.4496],[-75.8773,4.4497],[-75.8783,4.4482],[-75.881,4.4486],[-75.8832,4.4461],[-75.8858,4.448],[-75.8881,4.4467],[-75.8878,4.4454],[-75.8834,4.4437],[-75.8839,4.441],[-75.8864,4.441],[-75.888,4.4392],[-75.889,4.4331],[-75.8876,4.4301],[-75.8892,4.4271],[-75.8921,4.4265],[-75.8923,4.4289],[-75.8931,4.4292],[-75.8944,4.4287],[-75.8956,4.4261],[-75.8956,4.4237],[-75.8912,4.4206],[-75.895,4.4197],[-75.894,4.4151],[-75.893,4.4149],[-75.89,4.417],[-75.8891,4.4144],[-75.887,4.4139],[-75.8856,4.4111],[-75.8846,4.4109],[-75.8802,4.4134],[-75.87787659574468,4.409721276595747],[-75.8778,4.4099],[-75.8731,4.4112],[-75.8706,4.4111],[-75.8682,4.4095],[-75.8675,4.4106],[-75.8659,4.4118],[-75.864,4.4114],[-75.8574,4.4153],[-75.8549,4.4137],[-75.8539,4.4115],[-75.8552,4.4095],[-75.8549,4.408],[-75.85,4.4084],[-75.8494,4.4055],[-75.8482,4.4043],[-75.8444,4.4052],[-75.8408,4.4017],[-75.8357,4.4004],[-75.8349,4.4004],[-75.8325,4.404],[-75.8282,4.4074],[-75.8243,4.4058],[-75.8195,4.4019],[-75.8133,4.4045],[-75.812,4.4043],[-75.811,4.4032],[-75.8112,4.4016],[-75.81,4.3985],[-75.8077,4.3983],[-75.8062,4.3968],[-75.8031,4.3961],[-75.8011,4.3906],[-75.8016,4.3875],[-75.805,4.3844],[-75.8027,4.373],[-75.8038,4.3689],[-75.7986,4.3649],[-75.7982,4.3634],[-75.7935,4.3585],[-75.7935,4.3551],[-75.7911,4.3543],[-75.7898,4.3526],[-75.7899,4.3503],[-75.7918,4.3478],[-75.792,4.3447],[-75.7937,4.3414],[-75.7914,4.3342],[-75.7923,4.3306],[-75.7939,4.329],[-75.7965,4.3228],[-75.7951,4.3181],[-75.7968,4.3163],[-75.7972,4.3131],[-75.7947,4.31],[-75.7956,4.3077],[-75.7943,4.3072],[-75.7948,4.3041],[-75.7897,4.3009],[-75.7891,4.2969],[-75.7873,4.2946],[-75.7875,4.293],[-75.7895,4.2901],[-75.7897,4.2872],[-75.793,4.2856],[-75.7947,4.2757],[-75.7972,4.2739],[-75.796,4.2721],[-75.7964,4.2689],[-75.7981,4.2671],[-75.7988,4.2635],[-75.8072,4.2567],[-75.8102,4.2494],[-75.8106,4.2462],[-75.8141,4.2413],[-75.8151,4.2409],[-75.8179,4.2346],[-75.8239,4.226],[-75.8246,4.2223],[-75.8244,4.2154],[-75.8313,4.2121],[-75.8249,4.2148],[-75.8249,4.2116],[-75.8194,4.2024],[-75.8198,4.2008],[-75.8209,4.2004],[-75.8231,4.1969],[-75.8229,4.1925],[-75.8253,4.1893],[-75.8273,4.1821],[-75.8331,4.1738],[-75.837,4.1607],[-75.838,4.1591],[-75.8419,4.1561],[-75.843,4.1508],[-75.8429,4.1486],[-75.8408,4.1433],[-75.8425,4.1384],[-75.8408,4.1326],[-75.8424,4.128],[-75.8419,4.1231],[-75.8378,4.1195],[-75.8371,4.1166],[-75.8334,4.1156],[-75.8331,4.1146],[-75.8345,4.1085],[-75.8393,4.1026],[-75.839,4.0976],[-75.8284,4.0997],[-75.8222,4.0979],[-75.82,4.0987],[-75.819,4.0974],[-75.8147,4.0968],[-75.8129,4.0951],[-75.809,4.0937],[-75.8023,4.0935],[-75.7982,4.091],[-75.7963,4.0911],[-75.794,4.0883],[-75.7883,4.0879],[-75.7869,4.0895],[-75.785,4.0899],[-75.7841,4.0849],[-75.7797,4.0817],[-75.7775,4.0815],[-75.7768,4.0782],[-75.7744,4.0762],[-75.7718,4.0765],[-75.7666,4.0753],[-75.7607,4.0766],[-75.7555,4.0757],[-75.7524,4.0774],[-75.7525,4.0712],[-75.7477,4.0639],[-75.7445,4.0611],[-75.7414,4.0601],[-75.7397,4.0572],[-75.7376,4.0554],[-75.7387,4.0517],[-75.7403,4.0502],[-75.7425,4.0496],[-75.7447,4.046],[-75.7454,4.0432],[-75.7477,4.0407],[-75.7491,4.0399],[-75.7514,4.04],[-75.7528,4.0349],[-75.7556,4.0307],[-75.7585,4.0289],[-75.7617,4.0245],[-75.7704,4.0197],[-75.773,4.0157],[-75.7729,4.0101],[-75.7736,4.0077],[-75.7765,4.004],[-75.7815,4.0036],[-75.784,4.0082],[-75.7848,4.0084],[-75.7916,4.0082],[-75.7953,4.0051],[-75.7957,3.9978],[-75.7943,3.9955],[-75.7968,3.9891],[-75.7928,3.9858],[-75.7932,3.9824],[-75.7915,3.9799],[-75.7934,3.9768],[-75.7918,3.975],[-75.7922,3.9722],[-75.7915,3.971],[-75.793,3.9691],[-75.7965,3.9608],[-75.8024,3.9565],[-75.8034,3.9545],[-75.8057,3.9528],[-75.8051,3.9469],[-75.8075,3.943],[-75.809,3.9371],[-75.8069,3.9349],[-75.8071,3.9313],[-75.8119,3.9214],[-75.8122,3.9194],[-75.8143,3.9193],[-75.8193,3.9127],[-75.82,3.9107],[-75.8196,3.9084],[-75.821,3.9051],[-75.8228,3.9046],[-75.8236,3.9133],[-75.8232,3.9045],[-75.8282,3.9036],[-75.8303,3.904],[-75.8309,3.905],[-75.8305,3.9086],[-75.8323,3.9097],[-75.834,3.9095],[-75.8388,3.9051],[-75.8421,3.8969],[-75.8498,3.8892],[-75.8511,3.8867],[-75.8584,3.8814],[-75.8616,3.8739],[-75.86,3.8685],[-75.8608,3.8625],[-75.8534,3.8547],[-75.8529,3.8525],[-75.8561,3.8511],[-75.8573,3.8491],[-75.8605,3.8492],[-75.8627,3.8477],[-75.8639,3.8444],[-75.8645,3.8365],[-75.8674,3.8337],[-75.8718,3.8243],[-75.8811,3.8174],[-75.8842,3.8136],[-75.8928,3.8132],[-75.8933,3.8087],[-75.891,3.8055],[-75.8938,3.8018],[-75.8974,3.7999],[-75.8999,3.7975],[-75.9033,3.7966],[-75.9034,3.7944],[-75.9013,3.7914],[-75.9013,3.7851],[-75.9066,3.7812],[-75.908,3.7753],[-75.9104,3.7727],[-75.9124,3.7639],[-75.9118,3.7625],[-75.9162,3.7585],[-75.9157,3.7509],[-75.9193,3.7439],[-75.9201,3.7404],[-75.9222,3.7386],[-75.9264,3.7396],[-75.9298,3.7394],[-75.9312,3.7362],[-75.9328,3.7349],[-75.9363,3.7353],[-75.9383,3.734],[-75.9391,3.7301],[-75.9446,3.7279],[-75.9452,3.7264],[-75.9441,3.7222],[-75.9455,3.7159],[-75.9461,3.7152],[-75.9476,3.7152],[-75.9493,3.7135],[-75.9529,3.7141],[-75.9556,3.7136],[-75.9582,3.7101],[-75.959,3.7069],[-75.9603,3.7057],[-75.9598,3.7044],[-75.9587,3.7001],[-75.9607,3.6965],[-75.9607,3.6943],[-75.9569,3.6891],[-75.9571,3.6857],[-75.9546,3.6855],[-75.9536,3.6795],[-75.9527,3.6781],[-75.95,3.677],[-75.9507,3.6757],[-75.9504,3.674],[-75.9529,3.6728],[-75.954,3.6694],[-75.9579,3.6637],[-75.9619,3.6632],[-75.9634,3.665],[-75.9657,3.6647],[-75.9671,3.663],[-75.971,3.6613],[-75.9732,3.6578],[-75.9754,3.6579],[-75.9771,3.6535],[-75.9764,3.6478],[-75.9771,3.6436],[-75.9789,3.6431],[-75.9795,3.642],[-75.9828,3.6421],[-75.9836,3.6405],[-75.9852,3.6417],[-75.9887,3.6426],[-75.9908,3.6398],[-75.9925,3.6399],[-75.9937,3.6384],[-75.9936,3.6358],[-75.9903,3.6313],[-75.9901,3.6297],[-75.9866,3.6234],[-75.9879,3.6204],[-75.9884,3.618],[-75.9877,3.6168],[-75.9888,3.614],[-75.992,3.6117],[-75.9953,3.6111],[-75.9938,3.6096],[-75.994,3.6076],[-75.9923,3.6035],[-75.9922,3.5976],[-75.988,3.595],[-75.9872,3.5918],[-75.9845,3.5888],[-75.9854,3.587],[-75.985,3.5839],[-75.9862,3.5798],[-75.9849,3.5776],[-75.9885,3.5764],[-75.9893,3.5755],[-75.9884,3.5693],[-75.984,3.5599],[-75.9866,3.5583],[-75.9863,3.5553],[-75.9877,3.5529],[-75.9935,3.5469],[-75.9965,3.5417],[-75.9963,3.5401],[-75.9978,3.5373],[-75.998,3.5328],[-76.0032,3.5279],[-76.0015,3.5196],[-76.0035,3.5167],[-76.0151,3.5075],[-76.0181,3.5001],[-76.023,3.4941],[-76.0263,3.4916],[-76.026,3.4902],[-76.0274,3.4864],[-76.0244,3.4841],[-76.0242,3.4825],[-76.0216,3.4791],[-76.0226,3.473],[-76.0271,3.4663],[-76.0262,3.4631],[-76.0269,3.4602],[-76.0288,3.458],[-76.0281,3.4552],[-76.0287,3.4526],[-76.0369,3.4527],[-76.0371,3.4448],[-76.0382,3.441],[-76.0414,3.4376],[-76.0415,3.4288],[-76.0396,3.425],[-76.038,3.4191],[-76.0425,3.4095],[-76.043,3.3981],[-76.0419,3.395],[-76.0374,3.3948],[-76.0355,3.3924],[-76.0297,3.3933],[-76.0292,3.3891],[-76.0316,3.3821],[-76.0358,3.3779],[-76.0396,3.3787],[-76.0414,3.3782],[-76.0472,3.3743],[-76.0497,3.3699],[-76.0477,3.3671],[-76.0474,3.3654],[-76.0511,3.3619],[-76.0594,3.3566],[-76.0602,3.3549],[-76.06218964941569,3.355077295492488],[-76.0612,3.3545],[-76.0619,3.3517],[-76.0614,3.3505],[-76.0554,3.3484],[-76.0536,3.3424],[-76.0546,3.3402],[-76.0519,3.3357],[-76.0571,3.3276],[-76.0496,3.3239],[-76.048,3.3204],[-76.0449,3.3191],[-76.0415,3.3068],[-76.0378,3.301],[-76.0378,3.2997],[-76.0392,3.2981],[-76.0429,3.2965],[-76.0422,3.2935],[-76.0432,3.2883],[-76.0458,3.2884],[-76.048,3.2868],[-76.0484,3.2844],[-76.0505,3.282],[-76.0476,3.2725],[-76.048,3.2651],[-76.0446,3.2606],[-76.0408,3.2589],[-76.0408,3.2555],[-76.0386,3.2537],[-76.0386,3.2515],[-76.04,3.2477],[-76.0433,3.2466],[-76.0472,3.2428],[-76.0495,3.2421],[-76.0516,3.2392],[-76.055,3.2371],[-76.0559,3.2347],[-76.0593,3.2311],[-76.0586,3.2279],[-76.0569,3.2265],[-76.0554,3.2234],[-76.0575,3.221],[-76.0614,3.2134],[-76.0676,3.2105],[-76.0792,3.2149],[-76.0879,3.2194],[-76.1043,3.2236],[-76.1068,3.225],[-76.109,3.2276],[-76.1125,3.2267],[-76.1133,3.2252],[-76.1174,3.2225],[-76.1201,3.2224],[-76.123,3.224],[-76.1244,3.2227],[-76.1254,3.2228],[-76.1266,3.2248],[-76.1286,3.2252],[-76.1309,3.2247],[-76.1328,3.2224],[-76.135,3.2246],[-76.1371,3.2251],[-76.1397,3.2231],[-76.1431,3.2241],[-76.146,3.2227],[-76.148,3.226],[-76.1501,3.2255],[-76.1511,3.2261],[-76.1521,3.2291],[-76.1512,3.2315],[-76.1521,3.2342],[-76.1537,3.234],[-76.1564,3.236],[-76.1606,3.2333],[-76.1638,3.2355],[-76.166,3.2348],[-76.1677,3.2318],[-76.1675,3.23],[-76.1712,3.2311],[-76.1755,3.2305],[-76.1783,3.2315],[-76.18,3.2312],[-76.1798,3.2334],[-76.1826,3.2317],[-76.1837,3.2283],[-76.1859,3.2292],[-76.1887,3.227],[-76.1913,3.2271],[-76.1923,3.2294],[-76.194,3.23],[-76.1984,3.2365],[-76.1988,3.2387],[-76.2026,3.2422],[-76.2025,3.2462],[-76.2041,3.2491],[-76.2047,3.2535],[-76.2063,3.2581],[-76.209,3.2609],[-76.213,3.2625],[-76.2169,3.2682],[-76.2183,3.2683],[-76.224,3.2731],[-76.2264,3.274],[-76.2271,3.2754],[-76.2293,3.2768],[-76.2334,3.2774],[-76.238,3.2755],[-76.2409,3.2776],[-76.2425,3.2774],[-76.2428,3.2763],[-76.2463,3.2763],[-76.2466,3.2774],[-76.2509,3.2794],[-76.2512,3.2785],[-76.2522,3.2791],[-76.2531,3.2788],[-76.2542,3.2798],[-76.255,3.279],[-76.2558,3.2796],[-76.2565,3.279],[-76.2588,3.2796],[-76.2588,3.2812],[-76.2592,3.2802],[-76.2596,3.2811],[-76.2628,3.2822],[-76.2651,3.2809],[-76.2662,3.2788],[-76.2683,3.2785],[-76.2686,3.2773],[-76.2696,3.2781],[-76.2718,3.2779],[-76.2729,3.2763],[-76.2762,3.2776],[-76.2765,3.2766],[-76.2773,3.2787],[-76.2769,3.2795],[-76.2783,3.2796],[-76.2781,3.2802],[-76.2802,3.2823],[-76.2802,3.2832],[-76.2812,3.2827],[-76.282,3.2834],[-76.2824,3.2822],[-76.2831,3.2836],[-76.2838,3.2831],[-76.2846,3.2836],[-76.2864,3.2818],[-76.2877,3.2826],[-76.2882,3.2845],[-76.2897,3.2856],[-76.2919,3.2853],[-76.2928,3.2869],[-76.293,3.2861],[-76.2937,3.2867],[-76.2942,3.285],[-76.2951,3.2864],[-76.296,3.286],[-76.2973,3.2867],[-76.2982,3.2866],[-76.2986,3.2856],[-76.2992,3.2863],[-76.3002,3.2856],[-76.3008,3.2863],[-76.3016,3.2851],[-76.3026,3.2854],[-76.3029,3.2866],[-76.304,3.2853],[-76.3046,3.2862],[-76.305,3.2856],[-76.3074,3.2858],[-76.308,3.2848],[-76.3068,3.2848],[-76.3069,3.2841],[-76.3097,3.283],[-76.3097,3.2817],[-76.3106,3.2819],[-76.3105,3.281],[-76.3117,3.2805],[-76.3144,3.2826],[-76.318,3.2813],[-76.3203,3.2819],[-76.3227,3.2802],[-76.3246,3.2817],[-76.3256,3.2808],[-76.3253,3.282],[-76.3266,3.2826],[-76.3302,3.2827],[-76.3354,3.2806],[-76.3365,3.282],[-76.3386,3.2826],[-76.3431,3.2806],[-76.3435,3.2815],[-76.3434765625,3.281532812500001],[-76.3441,3.2818],[-76.3436,3.2827],[-76.3457,3.2842],[-76.3529,3.2866],[-76.3562,3.2889],[-76.3593,3.2895],[-76.3621,3.2888],[-76.364,3.2873],[-76.3651,3.2879],[-76.367,3.2873],[-76.3713,3.2884],[-76.3731,3.2881],[-76.3742,3.2892],[-76.3753,3.2889],[-76.3802,3.2909],[-76.3889,3.292],[-76.3905,3.2936],[-76.3936,3.295],[-76.3999,3.2973],[-76.4058,3.2983],[-76.4076,3.3018],[-76.4141,3.305],[-76.4171,3.3102],[-76.4214,3.3124],[-76.4325,3.3129],[-76.4478,3.3171],[-76.4538,3.324],[-76.4561,3.3257],[-76.4571,3.3256],[-76.4562,3.3271],[-76.4571,3.3286],[-76.4601119047619,3.328873809523809],[-76.4588,3.3248],[-76.4616,3.3218],[-76.4609,3.3176],[-76.4615,3.3166],[-76.4638,3.3166],[-76.4663,3.3206],[-76.4679,3.3204],[-76.4675,3.3139],[-76.4686,3.3106],[-76.4706,3.3115],[-76.4724,3.3139],[-76.4725,3.3176],[-76.4734,3.3196],[-76.4762,3.3206],[-76.4784,3.3193],[-76.4783,3.3169],[-76.476,3.3143],[-76.4755,3.3107],[-76.4732,3.305],[-76.4772,3.301],[-76.477,3.295],[-76.478,3.2936],[-76.48,3.2929],[-76.482,3.2935],[-76.4836,3.2957],[-76.485,3.303],[-76.488,3.3049],[-76.4903,3.3041],[-76.4912,3.3018],[-76.4902,3.2999],[-76.4903,3.2974],[-76.4942,3.2926],[-76.4927,3.2895],[-76.4889,3.2886],[-76.4788,3.2897],[-76.4748,3.2872],[-76.4746,3.2853]],[[-76.3568,4.4925],[-76.3632,4.4937],[-76.36344215591916,4.49352906641001],[-76.3568,4.4925]],[[-76.3428,4.4839],[-76.34278888888888,4.4838936507936475],[-76.3483,4.4897],[-76.3428,4.4839]],[[-76.3407,4.4827],[-76.34052105263157,4.48271052631579],[-76.3421,4.483500000000005],[-76.3407,4.4827]],[[-76.27805348837212,4.497311627906986],[-76.2791,4.4978],[-76.27925158924205,4.497689975550122],[-76.27805348837212,4.497311627906986]],[[-76.2774555555556,4.496805555555638],[-76.2776,4.4971],[-76.27765350066049,4.497124966974893],[-76.2774555555556,4.496805555555638]],[[-76.2733,4.4901],[-76.268,4.4863],[-76.27374,4.49081],[-76.2733,4.4901]],[[-76.27352912621349,4.47677378640784],[-76.26663087248323,4.481470469798657],[-76.268,4.4809],[-76.27352912621349,4.47677378640784]],[[-76.2778,4.4751],[-76.2754,4.4755],[-76.27488116883119,4.4758532467532435],[-76.2778,4.4751]],[[-76.14850858725761,4.372199445983385],[-76.1475,4.3744],[-76.1485,4.3725],[-76.14850858725761,4.372199445983385]],[[-76.14319954751132,4.374957466063348],[-76.1451,4.3751],[-76.1475,4.3744],[-76.14319954751132,4.374957466063348]],[[-76.14961501706485,4.363016382252548],[-76.1492,4.3636],[-76.14915189873417,4.364273417721545],[-76.14961501706485,4.363016382252548]],[[-76.1516,4.3576],[-76.14996000000002,4.356311428571449],[-76.1524,4.3591],[-76.1516,4.3576]],[[-76.1488,4.3554],[-76.1468,4.3553],[-76.14937499999999,4.355851785714282],[-76.1488,4.3554]],[[-76.13982456140351,4.360415789473686],[-76.14,4.3606],[-76.1416,4.3609],[-76.13982456140351,4.360415789473686]],[[-76.13790381231672,4.354075366568919],[-76.1376,4.3549],[-76.138,4.3585],[-76.13790381231672,4.354075366568919]],[[-76.14026969696972,4.35024242424239],[-76.1383,4.353],[-76.13805862068966,4.353655172413791],[-76.14026969696972,4.35024242424239]],[[-76.1483,4.349],[-76.1428,4.3467],[-76.14267984496124,4.346868217054262],[-76.1483,4.349]],[[-76.157,4.3497],[-76.15820975609756,4.349582926829268],[-76.1483,4.349],[-76.157,4.3497]],[[-76.1601,4.3494],[-76.16112869198312,4.3487738396624485],[-76.15870762711864,4.349534745762711],[-76.1601,4.3494]],[[-76.1624,4.348],[-76.16234210526316,4.34788421052631],[-76.16221532846716,4.348112408759127],[-76.1624,4.348]],[[-76.15407142857143,4.347328571428572],[-76.1555,4.3479],[-76.15579279811098,4.347838606847698],[-76.15407142857143,4.347328571428572]],[[-76.15190546448089,4.345895628415309],[-76.1525,4.3467],[-76.15312745098039,4.3469509803921556],[-76.15190546448089,4.345895628415309]],[[-76.15071538461538,4.343469230769235],[-76.1508,4.3444],[-76.15097476635513,4.3446364485981235],[-76.15071538461538,4.343469230769235]],[[-76.1505962962963,4.341007407407398],[-76.1505,4.3411],[-76.15050769230768,4.341184615384625],[-76.1505962962963,4.341007407407398]],[[-76.1733,4.3155],[-76.17326758732737,4.315277741673434],[-76.17246788321168,4.316186496350361],[-76.1733,4.3155]],[[-76.17570428163654,4.3027862511893415],[-76.1757,4.3026],[-76.174,4.3031],[-76.17381312741314,4.303337837837834],[-76.17570428163654,4.3027862511893415]],[[-76.202698630137,4.272479452054796],[-76.2026,4.2728],[-76.20293677419355,4.27315419354838],[-76.202698630137,4.272479452054796]],[[-76.20374461538461,4.269910769230779],[-76.2034,4.2702],[-76.20308,4.271239999999987],[-76.20374461538461,4.269910769230779]],[[-76.2101,4.2642],[-76.2126,4.2597],[-76.21268571428568,4.259500000000047],[-76.20946720747297,4.26473942969517],[-76.2101,4.2642]],[[-76.2135,4.2576],[-76.21230952380954,4.2552190476190805],[-76.21322324723248,4.258245756457554],[-76.2135,4.2576]],[[-76.22548412098298,4.247507372400755],[-76.2247,4.247],[-76.2213,4.2469],[-76.22548412098298,4.247507372400755]],[[-76.2275,4.2478],[-76.22750303030304,4.247675757575755],[-76.22726768149883,4.247766276346604],[-76.2275,4.2478]],[[-76.22472285714285,4.233074285714296],[-76.2245,4.2334],[-76.225,4.2364],[-76.22472285714285,4.233074285714296]],[[-76.23,4.2318],[-76.23324307692307,4.231227692307693],[-76.2258,4.2315],[-76.23,4.2318]],[[-76.2351,4.2309],[-76.23525454545455,4.230760909090908],[-76.23461016949152,4.230986440677968],[-76.2351,4.2309]],[[-76.2353,4.2143],[-76.23500053428317,4.2140320569902086],[-76.2351,4.22],[-76.2353,4.2143]],[[-76.22777215189873,4.207564556962024],[-76.228,4.2084],[-76.23466666666664,4.213733333333312],[-76.22777215189873,4.207564556962024]],[[-76.2289,4.2066],[-76.2277,4.2073],[-76.22774528301886,4.207466037735849],[-76.2289,4.2066]],[[-76.2325,4.2074],[-76.23305384615385,4.207061538461537],[-76.23207647058824,4.207305882352941],[-76.2325,4.2074]],[[-76.2343,4.2063],[-76.23435396226415,4.206096603773583],[-76.23366129032257,4.20669032258065],[-76.2343,4.2063]],[[-76.23540975609757,4.2021170731707125],[-76.235,4.2028],[-76.23486172839506,4.204182716049403],[-76.23540975609757,4.2021170731707125]],[[-76.23637395577397,4.200699754299743],[-76.2362,4.2008],[-76.23612499999999,4.200925000000015],[-76.23637395577397,4.200699754299743]],[[-76.23894537246049,4.187697968397281],[-76.2391,4.1881],[-76.2437,4.1918],[-76.23894537246049,4.187697968397281]],[[-76.23967924528303,4.185573584905657],[-76.2393,4.1857],[-76.2386,4.1868],[-76.23873978494623,4.1871634408602185],[-76.23967924528303,4.185573584905657]],[[-76.245,4.1872],[-76.24576294416244,4.187284771573605],[-76.2417,4.1849],[-76.245,4.1872]],[[-76.2468,4.1874],[-76.2487,4.1855],[-76.24655915492959,4.187373239436621],[-76.2468,4.1874]],[[-76.24513022900763,4.17843832061069],[-76.2448,4.1788],[-76.2453,4.1809],[-76.24513022900763,4.17843832061069]],[[-76.2508,4.1736],[-76.25064095092024,4.173319325153371],[-76.25,4.1757],[-76.2508,4.1736]],[[-76.2491,4.1706],[-76.24621219512193,4.168163414634124],[-76.25021327433629,4.17256460176992],[-76.2491,4.1706]],[[-76.245636,4.166447999999987],[-76.2457,4.1676],[-76.24588181818183,4.1678000000000095],[-76.245636,4.166447999999987]],[[-76.24585131264915,4.163747971360394],[-76.2455,4.164],[-76.24551488372093,4.164267906976733],[-76.24585131264915,4.163747971360394]],[[-76.2507,4.1601],[-76.2529,4.1562],[-76.25031894005214,4.16034813205907],[-76.2507,4.1601]],[[-76.24622598425196,4.14998346456693],[-76.2461,4.1501],[-76.24644942528735,4.150486206896547],[-76.24622598425196,4.14998346456693]],[[-76.2497,4.1468],[-76.24973005780348,4.14674219653179],[-76.2494488372093,4.147002325581403],[-76.2497,4.1468]],[[-76.27482809364548,4.111396989966555],[-76.2745,4.1126],[-76.2755,4.1185],[-76.27482809364548,4.111396989966555]],[[-76.2765312390925,4.109065794066301],[-76.2751,4.1104],[-76.27496053511705,4.110911371237463],[-76.2765312390925,4.109065794066301]],[[-76.28156363636363,4.104759090909094],[-76.281,4.1049],[-76.28042754303601,4.105433646322371],[-76.28156363636363,4.104759090909094]],[[-76.2834,4.1051],[-76.2826,4.1045],[-76.28222105263158,4.104594736842106],[-76.2834,4.1051]],[[-76.2825,4.1107],[-76.28272727272727,4.1111545454545535],[-76.2834,4.1051],[-76.2825,4.1107]],[[-76.2835,4.1127],[-76.2875,4.1163],[-76.28300638297873,4.111712765957439],[-76.2835,4.1127]],[[-76.2878,4.1241],[-76.28809133448874,4.123744714038129],[-76.2869,4.124],[-76.2878,4.1241]],[[-76.29161945589446,4.119442126957966],[-76.2908,4.1201],[-76.28925132743365,4.122330088495548],[-76.29161945589446,4.119442126957966]],[[-76.2954,4.1171],[-76.2979,4.1144],[-76.29240521739132,4.118811304347819],[-76.2954,4.1171]],[[-76.3006,4.114],[-76.30049830508474,4.113906779661014],[-76.30047019230769,4.114019230769231],[-76.3006,4.114]],[[-76.2930872,4.109992000000007],[-76.2929,4.1102],[-76.293,4.1113],[-76.2930872,4.109992000000007]],[[-76.2966,4.1067],[-76.3001,4.1022],[-76.2938887323944,4.109101408450675],[-76.2966,4.1067]],[[-76.3111076923077,4.090861538461532],[-76.3112,4.0916],[-76.3138,4.0949],[-76.3111076923077,4.090861538461532]],[[-76.3123,4.0863],[-76.311,4.09],[-76.3110614864865,4.0904918918918955],[-76.3123,4.0863]],[[-76.3139,4.08],[-76.31362982062781,4.079432623318383],[-76.3116,4.0834],[-76.3139,4.08]],[[-76.3129,4.0779],[-76.31205744680851,4.077491489361703],[-76.3132137254902,4.078558823529413],[-76.3129,4.0779]],[[-76.2952391705069,4.07497188940092],[-76.2953,4.0752],[-76.3018,4.0841],[-76.2952391705069,4.07497188940092]],[[-76.2955,4.0726],[-76.2949,4.0737],[-76.2950156626506,4.074133734939761],[-76.2955,4.0726]],[[-76.299,4.0742],[-76.29990379746835,4.074307594936708],[-76.2955,4.0726],[-76.299,4.0742]],[[-76.3032,4.0747],[-76.3034049180328,4.074577049180328],[-76.3018274509804,4.07453660130719],[-76.3032,4.0747]],[[-76.3081,4.0689],[-76.307704,4.068768000000001],[-76.30800613772455,4.06909760479042],[-76.3081,4.0689]],[[-76.30055652173914,4.049082608695646],[-76.3004,4.0492],[-76.2991,4.0552],[-76.30055652173914,4.049082608695646]],[[-76.29719184952978,4.048445141065832],[-76.2972,4.0486],[-76.3004,4.0492],[-76.29719184952978,4.048445141065832]],[[-76.3063,4.0489],[-76.30670714285714,4.048764285714285],[-76.3016,4.0483],[-76.3063,4.0489]],[[-76.3092,4.0462],[-76.30819676375404,4.045758576051778],[-76.30908019323672,4.046499516908213],[-76.3092,4.0462]],[[-76.3099,4.04],[-76.30967058823529,4.039541176470597],[-76.3096203773585,4.040294339622636],[-76.3099,4.04]],[[-76.3092,4.0386],[-76.3090006993007,4.038662937062939],[-76.30933636363636,4.03887272727273],[-76.3092,4.0386]],[[-76.30325585585585,4.0385135135135135],[-76.3034,4.039],[-76.3054,4.0398],[-76.30325585585585,4.0385135135135135]],[[-76.3044,4.0312],[-76.30421298701299,4.0308727272727145],[-76.30424895104895,4.031627972027984],[-76.3044,4.0312]],[[-76.3036,4.0298],[-76.2974,4.0264],[-76.30397922077923,4.030463636363643],[-76.3036,4.0298]],[[-76.2998,4.0225],[-76.29972615384615,4.022038461538461],[-76.2974,4.0264],[-76.2998,4.0225]],[[-76.2994,4.02],[-76.29915737704917,4.019696721311458],[-76.29958734177217,4.021170886075973],[-76.2994,4.02]],[[-76.2970875,4.017109375000011],[-76.2972,4.0177],[-76.29868695652176,4.0191086956521955],[-76.2970875,4.017109375000011]],[[-76.29708125,4.015131250000008],[-76.2968,4.0156],[-76.29701238938053,4.016715044247759],[-76.29708125,4.015131250000008]],[[-76.3064,4.0202],[-76.3069735064935,4.020137662337662],[-76.30607407407408,4.019992592592593],[-76.3064,4.0202]],[[-76.311,4.0197],[-76.31115495867769,4.019359090909091],[-76.31007008086253,4.0198010781671165],[-76.311,4.0197]],[[-76.3028,4.000953333333324],[-76.3026,4.0013],[-76.3028,4.001920000000017],[-76.3028,4.000953333333324]],[[-76.31345430463577,3.99303344370861],[-76.3127,3.9931],[-76.31245732283466,3.993490393700783],[-76.31345430463577,3.99303344370861]],[[-76.3083,3.9869],[-76.3077006968641,3.986630313588846],[-76.3127,3.9931],[-76.3083,3.9869]],[[-76.3167488372093,3.9933046511627883],[-76.3161,3.9928],[-76.31530151515152,3.9928704545454545],[-76.3167488372093,3.9933046511627883]],[[-76.3179,3.9944285714285566],[-76.3179,3.9942],[-76.31768823529413,3.9940352941176585],[-76.3179,3.9944285714285566]],[[-76.3252,3.9897],[-76.32502558139535,3.9894558139534952],[-76.32505900000001,3.9897899999999944],[-76.3252,3.9897]],[[-76.3247,3.989],[-76.32382702702702,3.9889486486486487],[-76.32481445783132,3.989160240963856],[-76.3247,3.989]],[[-76.323,3.9889],[-76.31715894481503,3.9913896300788365],[-76.3179,3.9915],[-76.32353146292586,3.98893126252505],[-76.323,3.9889]],[[-76.31295094339622,3.9906415094339627],[-76.3132,3.9908],[-76.31472432432433,3.9910270270270294],[-76.31295094339622,3.9906415094339627]],[[-76.31063448275863,3.988120689655189],[-76.311,3.9894],[-76.3119557377049,3.990008196721302],[-76.31063448275863,3.988120689655189]],[[-76.31041990950226,3.9862904977375586],[-76.3102,3.9866],[-76.3103,3.986949999999996],[-76.31041990950226,3.9862904977375586]],[[-76.3188,3.9821],[-76.31975135135136,3.982835135135137],[-76.3174,3.9797],[-76.3188,3.9821]],[[-76.321,3.9838],[-76.32257735849056,3.9838716981132074],[-76.32046064516129,3.9833832258064517],[-76.321,3.9838]],[[-76.3232,3.9839],[-76.32359375,3.9834187499999976],[-76.3227389221557,3.983879041916168],[-76.3232,3.9839]],[[-76.3241,3.9828],[-76.32379205298012,3.9824201986754915],[-76.32394413407822,3.982990502793299],[-76.3241,3.9828]],[[-76.3247,3.9404],[-76.32718585690515,3.9416705490848534],[-76.3221,3.9379],[-76.3247,3.9404]],[[-76.3292,3.9427],[-76.3318,3.9427],[-76.32832946428572,3.94225505952381],[-76.3292,3.9427]],[[-76.3328,3.9419],[-76.333,3.9411],[-76.3318,3.9427],[-76.3328,3.9419]],[[-76.3398,3.9293],[-76.33963797468354,3.9291177215189914],[-76.33967450980391,3.9295196078431385],[-76.3398,3.9293]],[[-76.3831,3.8214],[-76.38295,3.8213249999999994],[-76.38290465116279,3.821619767441861],[-76.3831,3.8214]],[[-76.37231176470588,3.813905882352938],[-76.3723,3.8142],[-76.3761,3.8158],[-76.37231176470588,3.813905882352938]],[[-76.36917973568282,3.809711013215856],[-76.3693,3.8099],[-76.3724,3.8117],[-76.36917973568282,3.809711013215856]],[[-76.3651,3.7987],[-76.36467561983471,3.7984061983471156],[-76.3679,3.8077],[-76.36885988023953,3.809208383233536],[-76.3651,3.7987]],[[-76.3638,3.7978],[-76.36372857142857,3.797835714285714],[-76.36386842105263,3.7978473684210523],[-76.3638,3.7978]],[[-76.3121,3.8032],[-76.31214322344323,3.8036322344322313],[-76.3137,3.8022],[-76.3121,3.8032]],[[-76.31106987951807,3.804442168674699],[-76.3112,3.8045],[-76.31132145748988,3.8043882591093126],[-76.31106987951807,3.804442168674699]],[[-76.2999,3.8005],[-76.299824857685,3.8006707779886164],[-76.3044,3.7996],[-76.2999,3.8005]],[[-76.2988,3.803],[-76.2996,3.8023],[-76.29968145695365,3.800996688741707],[-76.2988,3.803]],[[-76.29527050691243,3.8021414746543734],[-76.2969,3.8031],[-76.2988,3.803],[-76.29527050691243,3.8021414746543734]],[[-76.2951,3.8021],[-76.2942,3.8043],[-76.29519004424779,3.8021219026548647],[-76.2951,3.8021]],[[-76.26067207977208,3.8508997150997204],[-76.2609,3.8508],[-76.2629,3.8478],[-76.26067207977208,3.8508997150997204]],[[-76.25902478632479,3.8512487179487187],[-76.2593,3.8515],[-76.26035411764707,3.8510388235294104],[-76.25902478632479,3.8512487179487187]],[[-76.25681128526647,3.8488068965517197],[-76.257,3.8494],[-76.25784529914532,3.850171794871806],[-76.25681128526647,3.8488068965517197]],[[-76.25450344827586,3.843629310344815],[-76.2545,3.8437],[-76.2556,3.845],[-76.25450344827586,3.843629310344815]],[[-76.1941,3.8214],[-76.1976,3.8257],[-76.19794497473332,3.8258994385176996],[-76.1941,3.8214]],[[-76.1811,3.8054],[-76.18082936507936,3.805356349206349],[-76.1874,3.8127],[-76.1811,3.8054]],[[-76.1429696,3.8308983999999957],[-76.1437,3.8305],[-76.1454,3.8276],[-76.1429696,3.8308983999999957]],[[-76.1195,3.8211],[-76.1167,3.8217],[-76.11964619883041,3.82116432748538],[-76.1195,3.8211]],[[-76.1129,3.8184],[-76.11192770398482,3.8181685009487674],[-76.11365704057279,3.8194482100238654],[-76.1129,3.8184]],[[-76.1108,3.8179],[-76.10934831460673,3.8185112359550564],[-76.11144909090909,3.8180545454545456],[-76.1108,3.8179]],[[-76.0924,3.8074],[-76.0966,3.8124],[-76.09725875706214,3.8129389830508362],[-76.0924,3.8074]],[[-76.08463584905661,3.797326415094342],[-76.0849,3.7975],[-76.08502696245733,3.7974467576791815],[-76.08463584905661,3.797326415094342]],[[-76.083,3.7877],[-76.0809,3.791],[-76.08097727690892,3.7916491260349576],[-76.083,3.7877]],[[-76.075,3.7647],[-76.06955555555547,3.7622888888888495],[-76.07504117647059,3.764782352941179],[-76.075,3.7647]],[[-75.9626,3.7161],[-75.96233470633105,3.7160774218154082],[-75.9636,3.7189],[-75.9626,3.7161]],[[-76.8128,3.8767],[-76.81498070852332,3.8754113995089443],[-76.81498070852332,3.8754113995089434],[-76.8128,3.8767]],[[-76.7996,3.8782],[-76.79981689587427,3.8781548133595276],[-76.79875263157892,3.8774736842105026],[-76.7996,3.8782]],[[-76.7931,3.8757],[-76.79788839103871,3.8769205702647707],[-76.7977,3.8768],[-76.7931,3.8757]],[[-76.6211,3.8595],[-76.6308,3.8519],[-76.62082416192283,3.85954503478811],[-76.6211,3.8595]],[[-76.59589854771784,3.8632609958506228],[-76.6078,3.8639],[-76.60835558739255,3.863661891117478],[-76.5989,3.863],[-76.59589854771784,3.8632609958506228]],[[-76.5929,3.8631],[-76.5931547008547,3.8631136752136754],[-76.59278361581922,3.8630209039548045],[-76.5929,3.8631]],[[-76.5673,3.8499],[-76.57457660550459,3.8481435779816513],[-76.5734,3.8481],[-76.5673,3.8499]],[[-76.561,3.8482],[-76.56194270548498,3.847447740067547],[-76.5438,3.8562],[-76.5603,3.8483],[-76.5673,3.8499],[-76.561,3.8482]],[[-76.5035,3.8756],[-76.5092,3.8774],[-76.50279867172675,3.875233396584438],[-76.5035,3.8756]],[[-76.47860547945206,3.8653136986301373],[-76.4757995402299,3.8648360919540248],[-76.484,3.8679],[-76.4778,3.8654],[-76.47860547945206,3.8653136986301373]],[[-76.4187,3.9894],[-76.41848829536528,3.9891926158680233],[-76.41841794871796,3.9909512820512703],[-76.4187,3.9894]],[[-76.4183,3.9916],[-76.41833053435114,3.991432061068704],[-76.41775000000001,3.991699999999998],[-76.4183,3.9916]],[[-76.41704831460677,3.9921640449437494],[-76.41712063492062,3.991990476190481],[-76.4171,3.992],[-76.41704831460677,3.9921640449437494]],[[-76.41564788273615,4.0097820846905545],[-76.41564788273615,4.009782084690552],[-76.4125,4.0087],[-76.41564788273615,4.0097820846905545]],[[-76.4046,4.007],[-76.40612508361204,4.004617056856186],[-76.406,4.0046],[-76.4046,4.007]],[[-76.31652272727273,4.058648295454541],[-76.3173,4.0603],[-76.3166,4.0586],[-76.31652272727273,4.058648295454541]],[[-76.3145,4.06],[-76.3156666666667,4.0591833333333085],[-76.31440540540541,4.059971621621623],[-76.3145,4.06]],[[-76.31156896551724,4.059120689655173],[-76.31230000000002,4.059340000000007],[-76.3117,4.0591],[-76.31156896551724,4.059120689655173]],[[-76.3061,4.0605],[-76.31118846153845,4.059180769230771],[-76.3098,4.0594],[-76.3061,4.0605]],[[-76.37528763505402,3.8077715486194483],[-76.3742,3.8104],[-76.3754,3.8081],[-76.37528763505402,3.8077715486194483]],[[-76.374,3.8021],[-76.3740278409091,3.80220738636364],[-76.37402258064516,3.802054838709676],[-76.374,3.8021]],[[-76.3755,3.7991],[-76.37534516129033,3.799409677419351],[-76.37606949152543,3.798937288135594],[-76.3755,3.7991]],[[-76.3783,3.7983],[-76.37820869565218,3.7983260869565214],[-76.37833684210526,3.7983421052631576],[-76.3783,3.7983]],[[-76.38883157894738,3.7962526315789367],[-76.38855217391304,3.796671739130437],[-76.3888,3.7966],[-76.38883157894738,3.7962526315789367]],[[-76.38882283737024,3.79440553633218],[-76.38892,3.79528],[-76.389,3.7944],[-76.38882283737024,3.79440553633218]],[[-76.38864666666667,3.7805466666666763],[-76.387,3.7776],[-76.3883,3.7802],[-76.38864666666667,3.7805466666666763]],[[-76.3921111111111,3.7834975308641954],[-76.3898,3.7816999999999936],[-76.3914,3.7833],[-76.3921111111111,3.7834975308641954]],[[-76.39907444298821,3.785133944954129],[-76.39509677419356,3.784326881720433],[-76.3986,3.7853],[-76.39907444298821,3.785133944954129]],[[-76.4002,3.7778],[-76.39996682297773,3.7775608440797233],[-76.400812109375,3.7821253906250014],[-76.4009,3.7811],[-76.4002,3.7778]],[[-76.3975,3.7622],[-76.3974,3.7671],[-76.39768951612903,3.7619852150537563],[-76.3975,3.7622]],[[-76.399,3.7605],[-76.3980487804878,3.7615780487804935],[-76.40065862068965,3.7599172413793096],[-76.399,3.7605]],[[-76.4009,3.7401],[-76.40092979552092,3.7402139240506327],[-76.40110930232558,3.739695348837213],[-76.4009,3.7401]],[[-76.4024,3.7372],[-76.40231030927835,3.737373402061851],[-76.4068,3.7345],[-76.4024,3.7372]],[[-76.41235376344086,3.7145903225806536],[-76.4124,3.72],[-76.4128,3.717],[-76.41235376344086,3.7145903225806536]],[[-76.4123,3.7083],[-76.41230934065935,3.7093928571428494],[-76.41266756756757,3.707840540540541],[-76.4123,3.7083]],[[-76.4194,3.7064],[-76.4168,3.7075],[-76.4131,3.7073],[-76.41278288288288,3.7076963963963965],[-76.4173,3.7075],[-76.4194,3.7064]],[[-76.41977467811158,3.702184871244641],[-76.4196,3.7023],[-76.4194,3.7064],[-76.41977467811158,3.702184871244641]],[[-76.42523324099723,3.6976382271468036],[-76.42488846153846,3.6981307692307746],[-76.4252,3.6979],[-76.42523324099723,3.6976382271468036]],[[-76.4242,3.6862],[-76.424272,3.6864160000000075],[-76.42424285714286,3.6856],[-76.4242,3.6862]],[[-76.4244,3.6834],[-76.42434862385322,3.6841192660550357],[-76.42570410958903,3.6815589041096106],[-76.4244,3.6834]],[[-76.43430095011877,3.670656294536817],[-76.4342,3.6753],[-76.4347,3.6733],[-76.43430095011877,3.670656294536817]],[[-76.4344,3.6661],[-76.43438032520325,3.6670050406504027],[-76.43502051282051,3.665678937728939],[-76.4344,3.6661]],[[-76.44734222222222,3.661918333333335],[-76.4439,3.6645],[-76.4474,3.6622],[-76.44734222222222,3.661918333333335]],[[-76.48554659832246,3.560700372786582],[-76.4769,3.563],[-76.4853,3.5609],[-76.48554659832246,3.560700372786582]],[[-76.4886,3.5223],[-76.488,3.5264],[-76.48873991150442,3.5220427433628427],[-76.4886,3.5223]],[[-76.47706470588236,3.459741176470597],[-76.47724895591648,3.4608835266821343],[-76.4773,3.4608],[-76.47706470588236,3.459741176470597]],[[-76.4727,3.4525],[-76.4757528397566,3.4519091277890475],[-76.4757528397566,3.451909127789047],[-76.4727,3.4525]],[[-76.3283,3.4586],[-76.32938196721312,3.4571245901639354],[-76.3293,3.4571],[-76.3283,3.4586]],[[-76.3264,3.4579],[-76.32609834710745,3.4581413223140496],[-76.3283,3.4586],[-76.3264,3.4579]],[[-76.3252,3.4607],[-76.3244,3.4595],[-76.325075,3.460753571428568],[-76.3252,3.4607]],[[-76.3238,3.4613],[-76.32449999999999,3.461000000000004],[-76.32375348837209,3.461248837209301],[-76.3238,3.4613]],[[-76.32184615384615,3.4612153846153824],[-76.322,3.4613],[-76.32264,3.46042],[-76.3224,3.4602],[-76.32184615384615,3.4612153846153824]],[[-76.3189,3.4617],[-76.31994251781472,3.460278384798097],[-76.3198,3.4602],[-76.3189,3.4617]],[[-76.3091,3.4717],[-76.3106,3.4684],[-76.30900515463917,3.4716835051546377],[-76.3091,3.4717]],[[-76.306846,3.4713080000000005],[-76.30756666666666,3.4714333333333327],[-76.3069,3.4712],[-76.306846,3.4713080000000005]],[[-76.3073,3.4727],[-76.30722727272727,3.472636363636365],[-76.30717826086956,3.4726608695652184],[-76.3073,3.4727]],[[-76.3017,3.4709],[-76.30620892018779,3.472349295774648],[-76.3046,3.4713],[-76.3017,3.4709]],[[-76.29320384615384,3.470842032967034],[-76.2973,3.4725],[-76.2934,3.4708],[-76.29320384615384,3.470842032967034]],[[-76.29077904191617,3.4714769461077837],[-76.29226923076921,3.471042307692313],[-76.29069130434783,3.4713804347826085],[-76.29077904191617,3.4714769461077837]],[[-76.28896019417476,3.470064077669905],[-76.289325,3.4702100000000047],[-76.2891,3.47],[-76.28896019417476,3.470064077669905]],[[-76.28311403508772,3.4686654970760165],[-76.2834,3.47],[-76.2832,3.4686],[-76.28311403508772,3.4686654970760165]],[[-76.33272857142856,3.3914714285714287],[-76.33234235294117,3.3918576470588238],[-76.3329,3.3919],[-76.33272857142856,3.3914714285714287]],[[-76.314,3.3788],[-76.32001430801247,3.3777154526534865],[-76.32,3.3777],[-76.314,3.3788]],[[-76.3031,3.3674],[-76.3043,3.3673],[-76.30222770448549,3.366757255936675],[-76.3031,3.3674]],[[-76.5913,3.8581],[-76.59268726333906,3.862955421686742],[-76.5926889027743,3.8629565358660285],[-76.5915,3.8583],[-76.5886,3.855],[-76.5913,3.8581]],[[-76.7824,3.245],[-76.78343021148036,3.246779456193354],[-76.7835,3.2466],[-76.7824,3.245]],[[-76.78292465753425,3.248079452054783],[-76.78181106077764,3.250362325405817],[-76.7821,3.2502],[-76.78292465753425,3.248079452054783]],[[-76.77902180451127,3.2519293233082696],[-76.7767,3.2528],[-76.7753973357016,3.253965541740676],[-76.77902180451127,3.2519293233082696]],[[-76.7740796511628,3.2547058139534863],[-76.77207954545455,3.255277272727273],[-76.7732,3.2552],[-76.7740796511628,3.2547058139534863]],[[-76.7645,3.2558],[-76.7628,3.257],[-76.7582,3.2631],[-76.7645,3.2558]],[[-76.7565,3.2681],[-76.7513,3.2734],[-76.75124801812005,3.2735501698754197],[-76.7565,3.2681]],[[-76.74721528089889,3.2962064419475507],[-76.7434,3.301],[-76.7472,3.2964],[-76.74721528089889,3.2962064419475507]],[[-76.7365,3.3106],[-76.7369,3.3162],[-76.73698048780487,3.316269756097551],[-76.7365,3.3106]],[[-76.73957524752475,3.321479207920775],[-76.7356,3.3269],[-76.7395,3.3221],[-76.73957524752475,3.321479207920775]],[[-76.70165882352941,3.357794117647019],[-76.70160446058091,3.356598132780083],[-76.7016,3.3566],[-76.70134918032788,3.356245901639353],[-76.70165882352941,3.357794117647019]],[[-76.69370561797754,3.378457303370764],[-76.6911,3.3828],[-76.6937,3.3785],[-76.69370561797754,3.378457303370764]],[[-76.6897,3.3898],[-76.6877,3.3963],[-76.68783766519823,3.396465198237877],[-76.6897,3.3898]],[[-76.68804628378379,3.396715540540546],[-76.6887,3.3975],[-76.69138073047858,3.398279848866498],[-76.68804628378379,3.396715540540546]],[[-76.7023,3.4195],[-76.7057,3.4276],[-76.7058323943662,3.427644131455401],[-76.7023,3.4195]],[[-76.7124,3.4238],[-76.71540897239264,3.4238911809815953],[-76.7153,3.4238],[-76.7124,3.4238]],[[-76.71612836676218,3.424493123209165],[-76.717,3.4257],[-76.7202,3.4279],[-76.71612836676218,3.424493123209165]],[[-76.726,3.4282],[-76.72528979591836,3.428163265306122],[-76.729,3.4294],[-76.73076470588235,3.4294705882352945],[-76.726,3.4282]],[[-76.732,3.4297999999999966],[-76.7365,3.4325],[-76.7335,3.4302],[-76.732,3.4297999999999966]],[[-76.7466,3.4344],[-76.74850025706941,3.4344904884318765],[-76.7484,3.4343],[-76.7466,3.4344]],[[-76.8084,3.5303],[-76.8132,3.5394],[-76.81324042553192,3.5394],[-76.8084,3.5303]],[[-76.8677,3.6294],[-76.86674761904762,3.631495238095238],[-76.8668,3.6315],[-76.8677,3.6294]],[[-76.808,3.6462076923076894],[-76.8057,3.6478],[-76.808,3.6464],[-76.808,3.6462076923076894]],[[-76.793,3.6647],[-76.7943,3.6702],[-76.79558670988655,3.6725463533225273],[-76.793,3.6647]],[[-76.79591880920162,3.6735537212449234],[-76.79568286445013,3.674291048593364],[-76.796,3.6738],[-76.79591880920162,3.6735537212449234]],[[-76.79292685571309,3.6787649708090076],[-76.7929,3.6788],[-76.7936,3.6829],[-76.79292685571309,3.6787649708090076]],[[-76.7955,3.6852],[-76.7957,3.6875],[-76.79586252545825,3.687647046843184],[-76.7955,3.6852]],[[-76.7980688118812,3.6911920792079242],[-76.7981,3.6914],[-76.8001,3.6923],[-76.7980688118812,3.6911920792079242]],[[-76.7699,3.7754],[-76.7675,3.7789],[-76.76755647058823,3.779012941176471],[-76.7699,3.7754]],[[-76.7709,3.7857],[-76.7712,3.788],[-76.77145484693878,3.7882892857142987],[-76.7709,3.7857]],[[-76.77363956043955,3.7907692307692114],[-76.7748196640721,3.7921088078656244],[-76.7748,3.792],[-76.77363956043955,3.7907692307692114]],[[-76.7763,3.8003],[-76.77872822966508,3.8035052631578945],[-76.7788,3.8034],[-76.7763,3.8003]],[[-76.7783,3.804133333333333],[-76.7773,3.8052],[-76.77745909090909,3.8053666666666675],[-76.7783,3.804133333333333]],[[-76.77891538461535,3.8068923076922783],[-76.77925652173913,3.8072496894409995],[-76.7793,3.8072],[-76.77891538461535,3.8068923076922783]],[[-76.78151538461537,3.8178923076923077],[-76.7815,3.8179],[-76.7815857142857,3.81831428571426],[-76.78151538461537,3.8178923076923077]],[[-76.78201186440678,3.8203740112994478],[-76.7821,3.8208],[-76.78238403361344,3.820952941176466],[-76.78201186440678,3.8203740112994478]],[[-76.7865,3.825],[-76.7861,3.8291],[-76.78620997067448,3.8290604105571884],[-76.7865,3.825]],[[-76.7898,3.8319],[-76.7897,3.8346],[-76.7898,3.8346260869565225],[-76.7898,3.8319]],[[-76.79148888888888,3.8350666666666653],[-76.79173314917128,3.835130386740333],[-76.7917,3.8351],[-76.79148888888888,3.8350666666666653]],[[-76.7924914893617,3.835825531914877],[-76.79298421052631,3.8364526315789553],[-76.7929,3.8362],[-76.7924914893617,3.835825531914877]],[[-76.7931,3.8368],[-76.793025,3.8365750000000007],[-76.7919,3.8362],[-76.79184572864321,3.8363175879397],[-76.7931,3.8368]],[[-76.79926771573604,3.8487766497462],[-76.8015,3.8546],[-76.7995,3.849],[-76.79926771573604,3.8487766497462]],[[-76.8044,3.8571],[-76.8046,3.8597],[-76.80469373207701,3.859841499385504],[-76.8044,3.8571]],[[-76.80475139977602,3.8599285554311282],[-76.81453357252693,3.874695873910855],[-76.8056,3.8604],[-76.80475139977602,3.8599285554311282]],[[-76.5945,3.8256],[-76.5945,3.8233916666666663],[-76.5944,3.8234],[-76.5945,3.8256]],[[-76.595,3.82335],[-76.5955,3.8234],[-76.59553142857143,3.8233057142857145],[-76.595,3.82335]],[[-76.64141355932203,3.744597175141236],[-76.6437,3.7385],[-76.6414,3.7445],[-76.64141355932203,3.744597175141236]],[[-76.64649173578199,3.7258438981042654],[-76.6466,3.7255],[-76.6423,3.7198],[-76.64649173578199,3.7258438981042654]],[[-76.6428,3.7139],[-76.6409190245478,3.707168087855297],[-76.6409,3.7072],[-76.6428,3.7139]],[[-76.644,3.701674999999981],[-76.6441,3.7015],[-76.644,3.7010142857143347],[-76.644,3.701674999999981]],[[-76.64362512,3.699193439999976],[-76.6434,3.6981],[-76.64198848314606,3.6956721910112216],[-76.64362512,3.699193439999976]],[[-76.64084015444016,3.693201544401556],[-76.64077549019608,3.6925549019607793],[-76.6407,3.6929],[-76.64084015444016,3.693201544401556]],[[-76.5971794117647,3.5531352941175824],[-76.5974,3.5574],[-76.596,3.5592],[-76.5974,3.5578],[-76.5975,3.5557],[-76.5971794117647,3.5531352941175824]],[[-76.5951,3.5479],[-76.59695365853659,3.5513292682926987],[-76.5969,3.5509],[-76.5952435582822,3.5476791411042945],[-76.5951,3.5479]],[[-76.5559,3.6165],[-76.55657595818816,3.6205557491289206],[-76.5566,3.6204],[-76.5559,3.6165]],[[-76.55432587690271,3.6351323626737333],[-76.553,3.6375],[-76.5543,3.6353],[-76.55432587690271,3.6351323626737333]],[[-76.5325,3.6511],[-76.53046417910447,3.652395522388059],[-76.5305,3.6524],[-76.5325,3.6511]],[[-76.52958571428572,3.652285714285714],[-76.5283,3.6519],[-76.52814819277108,3.652106024096386],[-76.52958571428572,3.652285714285714]],[[-76.52759999999996,3.6528500000000497],[-76.5269,3.6538],[-76.5269098765432,3.6538851851851852],[-76.52759999999996,3.6528500000000497]],[[-76.50872071611258,3.7027841432225697],[-76.5062,3.6992],[-76.5044,3.6971],[-76.50407176399759,3.696941541240213],[-76.50872071611258,3.7027841432225697]],[[-76.50249618320609,3.69618091603053],[-76.5015,3.6957],[-76.5012081081081,3.6957668918918904],[-76.50249618320609,3.69618091603053]],[[-76.6972,3.3153],[-76.69657826086957,3.314553913043478],[-76.6975,3.3199],[-76.6972,3.3153]],[[-76.6953,3.311],[-76.69522,3.3110440000000003],[-76.696,3.3112],[-76.6953,3.311]],[[-76.6848,3.3136],[-76.6805,3.3154],[-76.68699227799227,3.313213127413127],[-76.6848,3.3136]],[[-76.5442,3.278],[-76.544016,3.2781440000000006],[-76.54410769230769,3.27820512820513],[-76.5442,3.278]],[[-76.49428396946564,3.28102625954199],[-76.4924,3.2847],[-76.49253825363826,3.2850871101871113],[-76.4943,3.2811],[-76.49428396946564,3.28102625954199]],[[-76.46036208000001,3.3320094399999913],[-76.4607,3.3307],[-76.46038979591837,3.3297367346938924],[-76.46036208000001,3.3320094399999913]],[[-76.4601,3.4284],[-76.46046508172363,3.4299994056463636],[-76.46017597402597,3.4280201298701307],[-76.4601,3.4284]],[[-76.4622,3.4376],[-76.4658,3.4405],[-76.4620682146219,3.4370226545340414],[-76.4622,3.4376]],[[-76.47506363636363,3.443590909090898],[-76.4751,3.4433],[-76.47490408163266,3.4431122448979647],[-76.47506363636363,3.443590909090898]],[[-76.5479,3.5066],[-76.549,3.507],[-76.54790298913044,3.5065013586956524],[-76.5479,3.5066]],[[-76.54561432664755,3.4961223495701916],[-76.54791441048035,3.4997104803493313],[-76.5466,3.4968],[-76.54561432664755,3.4961223495701916]],[[-76.54484680851064,3.4957861702127677],[-76.54555384615387,3.4960807692307774],[-76.545,3.4957],[-76.54484680851064,3.4957861702127677]],[[-76.5427,3.4993],[-76.54356710182768,3.4965060052219368],[-76.5434,3.4966],[-76.5427,3.4993]],[[-76.69086292134831,3.4593224719101046],[-76.6924,3.4558],[-76.6912,3.4573],[-76.69086292134831,3.4593224719101046]],[[-76.69,3.4613],[-76.6903282051282,3.4605478632478706],[-76.686,3.4634333333333336],[-76.69,3.4613]],[[-76.6855,3.4637],[-76.68588235294118,3.463496078431372],[-76.6805,3.4623],[-76.6855,3.4637]],[[-76.65091310240963,3.4668099397590364],[-76.6569,3.467],[-76.6511,3.4667],[-76.65091310240963,3.4668099397590364]],[[-76.62855373134329,3.4879597014925383],[-76.6293006006006,3.4881354354354377],[-76.6289,3.4877],[-76.62855373134329,3.4879597014925383]],[[-76.6231,3.4997],[-76.62813544303796,3.488273417721528],[-76.6281,3.4883],[-76.6231,3.4997]],[[-76.61343333333333,3.5319166666666666],[-76.61372854291417,3.531595409181637],[-76.6136,3.5316],[-76.61343333333333,3.5319166666666666]],[[-76.6105128440367,3.535169724770638],[-76.6101,3.5355],[-76.6068,3.5423],[-76.6035,3.5425],[-76.6068,3.5424],[-76.6105128440367,3.535169724770638]],[[-76.6012,3.5465],[-76.60126979310346,3.546378620689655],[-76.5995,3.5468],[-76.6012,3.5465]],[[-76.5958697368421,3.5467157894736863],[-76.59669209726444,3.545984802431611],[-76.5964,3.5459],[-76.5958697368421,3.5467157894736863]],[[-76.5709,3.8403],[-76.57104845360823,3.8401422680412565],[-76.57056250000004,3.84056931818179],[-76.5709,3.8403]],[[-76.5767,3.817],[-76.5755,3.8181],[-76.57520507462687,3.818962089552241],[-76.5767,3.817]],[[-76.6128,3.7624],[-76.61277524271844,3.7623174757281554],[-76.6111,3.7635],[-76.6128,3.7624]],[[-76.611,3.7593647058823554],[-76.611,3.7595],[-76.6126,3.7604],[-76.611,3.7593647058823554]],[[-76.6111,3.7569],[-76.611,3.7568120000000094],[-76.611,3.7580999999999145],[-76.6111,3.7569]],[[-76.541,3.7452],[-76.5432,3.7447],[-76.54319279661017,3.744627966101696],[-76.541,3.7452]],[[-76.53836676056338,3.747576338028172],[-76.5398,3.7468],[-76.541,3.7452],[-76.53836676056338,3.747576338028172]],[[-76.53337424242424,3.7459181818182],[-76.534,3.7486],[-76.53451381381382,3.748653153153153],[-76.53337424242424,3.7459181818182]],[[-76.5332,3.7455],[-76.5317,3.7447],[-76.5332238095238,3.7455571428571406],[-76.5332,3.7455]],[[-76.512585,3.7083850000000065],[-76.5126,3.7083],[-76.5112806153846,3.706423999999987],[-76.5114,3.7072],[-76.512585,3.7083850000000065]],[[-76.53577444168735,3.7504945409429284],[-76.5359,3.7505],[-76.5369,3.7489],[-76.53577444168735,3.7504945409429284]],[[-76.4374,3.8246],[-76.44835222305953,3.821935945742276],[-76.448,3.8218],[-76.4374,3.8246]],[[-76.45215714285715,3.794665780730907],[-76.45104273858922,3.796557676348547],[-76.4513,3.7964],[-76.45215714285715,3.794665780730907]],[[-76.4556,3.7866999999999402],[-76.45539906542056,3.7881065420560858],[-76.4556,3.7877],[-76.4556,3.7866999999999402]],[[-76.4544,3.7827],[-76.4556,3.785746153846179],[-76.4556,3.7851],[-76.4544,3.7827]],[[-76.4512,3.7655],[-76.45504463176574,3.7705275953859805],[-76.4551,3.7702],[-76.4512,3.7655]],[[-76.45296019417475,3.7593912621359165],[-76.4533,3.7616],[-76.4531,3.7595],[-76.45296019417475,3.7593912621359165]],[[-76.42270666666667,3.729946666666671],[-76.4238,3.7335],[-76.4228,3.73],[-76.42270666666667,3.729946666666671]],[[-76.42112296819788,3.7292890459363965],[-76.42180833333333,3.729433333333334],[-76.4214,3.7292],[-76.42112296819788,3.7292890459363965]],[[-76.5350401869159,3.7504626168224298],[-76.53564444444444,3.7504888888888894],[-76.5354,3.75],[-76.5350401869159,3.7504626168224298]],[[-76.53379626666667,3.7504085333333332],[-76.53381698113208,3.750409433962264],[-76.5338,3.7504],[-76.53379626666667,3.7504085333333332]],[[-76.4688,3.8322],[-76.4675,3.8307],[-76.46188541114066,3.8266501326260443],[-76.4688,3.8322]],[[-76.48002487309644,3.8348862944162416],[-76.4795,3.8346],[-76.4688,3.8322],[-76.48002487309644,3.8348862944162416]],[[-76.48031077844311,3.865130988023952],[-76.4806,3.8651],[-76.4845,3.8626],[-76.48031077844311,3.865130988023952]],[[-76.4875857142857,3.8592571428571567],[-76.4881,3.8587],[-76.4886275862069,3.8575206896551624],[-76.4875857142857,3.8592571428571567]],[[-76.48968119440916,3.8551655654383716],[-76.4898,3.8549],[-76.48916315789474,3.85461052631579],[-76.48968119440916,3.8551655654383716]],[[-76.47935679012346,3.845797530864202],[-76.47922202166066,3.8448541516245416],[-76.4791,3.8453],[-76.47935679012346,3.845797530864202]],[[-76.4983,4.0618],[-76.4952,4.0595],[-76.4984072243346,4.062157414448672],[-76.4983,4.0618]],[[-76.478,4.0527],[-76.47759408284024,4.05275798816568],[-76.48293266666664,4.05381066666666],[-76.478,4.0527]],[[-76.422,4.0465],[-76.42169679144385,4.0466684491978615],[-76.4261,4.0482],[-76.422,4.0465]],[[-76.40854857142858,4.054748571428578],[-76.4086,4.0551],[-76.4089625,4.055162499999998],[-76.40854857142858,4.054748571428578]],[[-76.4081231534091,4.0336113636363695],[-76.4082,4.0373],[-76.4097,4.044],[-76.4081231534091,4.0336113636363695]],[[-76.4099,4.0288],[-76.4081,4.0325],[-76.4081017857143,4.032585714285707],[-76.4099,4.0288]],[[-76.41259122807017,4.0178877192982405],[-76.4125,4.018],[-76.4122,4.0218],[-76.41259122807017,4.0178877192982405]],[[-76.41418608695652,4.014373043478264],[-76.4139,4.0147],[-76.4138,4.0164],[-76.41418608695652,4.014373043478264]],[[-76.4159,4.0139],[-76.4146,4.0139],[-76.41426296296297,4.0142851851851855],[-76.4159,4.0139]],[[-76.2668,4.1828],[-76.2695,4.1837],[-76.26638566610457,4.1823067453625695],[-76.2668,4.1828]],[[-76.2581,4.181],[-76.25942222222223,4.17967777777778],[-76.2594,4.1796],[-76.2581,4.181]],[[-76.2559,4.1826],[-76.2566,4.181],[-76.25563846153847,4.1827307692307665],[-76.2559,4.1826]],[[-76.2543,4.1834],[-76.2553909090909,4.182854545454548],[-76.25262352941178,4.183576470588235],[-76.2543,4.1834]],[[-76.314,4.195],[-76.3182,4.191],[-76.31392032816773,4.194987876025525],[-76.314,4.195]],[[-76.3014,4.1964],[-76.3055,4.1972],[-76.30101728971962,4.195762149532708],[-76.3014,4.1964]],[[-76.2951,4.1988],[-76.30048116203537,4.195590184049078],[-76.3002,4.1955],[-76.2951,4.1988]],[[-76.2924,4.2023],[-76.29239933628318,4.202292920353986],[-76.29237976878613,4.202310982658955],[-76.2924,4.2023]],[[-76.2379,4.282],[-76.2389,4.2758],[-76.23866976744185,4.2757456395348825],[-76.2379,4.282]],[[-76.4114,4.2924],[-76.4083,4.2943],[-76.40829048843187,4.2945377892030825],[-76.4114,4.2924]],[[-76.4082,4.2968],[-76.40670666666666,4.299786666666666],[-76.407,4.2997],[-76.4082,4.2968]],[[-76.3769,4.3024],[-76.37169146421536,4.304232632961261],[-76.3718,4.3043],[-76.3769,4.3024]],[[-76.3425,4.2968],[-76.33975000000001,4.2968],[-76.34,4.297],[-76.3425,4.2968]],[[-76.3276206779661,4.2963952542372965],[-76.3274,4.2967],[-76.3259,4.3028],[-76.3276206779661,4.2963952542372965]],[[-76.4251,3.6786],[-76.4223,3.6781],[-76.42506265223275,3.678671583220568],[-76.4251,3.6786]],[[-76.1711,3.609],[-76.1659,3.6109],[-76.17135249312918,3.609115547703182],[-76.1711,3.609]],[[-76.0895,3.6212],[-76.08911297709923,3.621475381679388],[-76.08981921708185,3.6212693950177934],[-76.0895,3.6212]],[[-76.0843,3.6249],[-76.08414687499999,3.6251591346153984],[-76.08508400000002,3.624342153846137],[-76.0843,3.6249]],[[-76.083,3.6271],[-76.0827,3.6295],[-76.0840721115538,3.625285657370489],[-76.083,3.6271]],[[-76.0768,3.629],[-76.0767,3.6311],[-76.07689625668449,3.6289411764705948],[-76.0768,3.629]],[[-76.07695409836066,3.638785245901639],[-76.077,3.6387],[-76.0764,3.6374],[-76.07695409836066,3.638785245901639]],[[-76.07605769230769,3.6427634615384656],[-76.0765,3.6421],[-76.07642123287671,3.6412729452054693],[-76.07605769230769,3.6427634615384656]],[[-76.0752,3.6432],[-76.0743,3.6454],[-76.07588,3.6430299999999995],[-76.0752,3.6432]],[[-76.0379,3.6805],[-76.03772266666665,3.681116000000016],[-76.0382675,3.6802987499999937],[-76.0379,3.6805]],[[-76.00688974358974,3.716220512820513],[-76.0073,3.7162],[-76.00778826907302,3.7156749794913844],[-76.00688974358974,3.716220512820513]],[[-75.993,3.7148],[-75.9973,3.7167],[-75.99809166666667,3.7166604166666666],[-75.993,3.7148]],[[-75.98567379912663,3.7174027292576413],[-75.9857,3.7174],[-75.993,3.7148],[-75.98567379912663,3.7174027292576413]],[[-75.98130205128206,3.71785811965812],[-75.97397264150943,3.7143679245283057],[-75.9756,3.7158],[-75.9809,3.7179],[-75.98130205128206,3.71785811965812]],[[-75.9616,3.7037],[-75.96139669421487,3.7037790633608845],[-75.964,3.7086],[-75.9616,3.7037]],[[-76.0993,3.3878],[-76.08801338333991,3.3875003553099097],[-76.0883,3.3878],[-76.0989,3.3878],[-76.1026,3.3896],[-76.0993,3.3878]],[[-76.0861,3.3855],[-76.08785999999989,3.387339999999881],[-76.08606896551724,3.385293103448286],[-76.0861,3.3855]],[[-76.2986,3.366],[-76.29925,3.366],[-76.2985172413793,3.365827586206895],[-76.2986,3.366]],[[-76.2974139805825,3.36352912621357],[-76.29841793103448,3.3656206896551857],[-76.2985,3.3648],[-76.2974139805825,3.36352912621357]],[[-76.29066875,3.356718750000001],[-76.2917,3.3585],[-76.2907,3.3567],[-76.29066875,3.356718750000001]],[[-76.2858052631579,3.3547842105263195],[-76.2877,3.3571],[-76.2875,3.356],[-76.2858052631579,3.3547842105263195]],[[-76.28277647058823,3.352688235294118],[-76.28312999999999,3.3528649999999947],[-76.2829,3.3527],[-76.28277647058823,3.352688235294118]],[[-76.2807924050633,3.3525759493670892],[-76.28114054054055,3.3525324324324326],[-76.2808,3.3525],[-76.2807924050633,3.3525759493670892]],[[-76.2692,3.3539],[-76.2703,3.3524],[-76.26905498489427,3.353836555891241],[-76.2692,3.3539]],[[-76.25836000000015,3.356979999999862],[-76.26223529411764,3.3535352941176466],[-76.262,3.3536],[-76.25836000000015,3.356979999999862]],[[-76.2571,3.3598],[-76.2579922746781,3.357321459227478],[-76.2578,3.3575],[-76.2571,3.3598]],[[-76.19131267605633,3.355571830985916],[-76.1994,3.3552],[-76.192,3.3554],[-76.19131267605633,3.355571830985916]],[[-76.1784,3.3623],[-76.18127671232877,3.3580808219178104],[-76.1812,3.3581],[-76.1784,3.3623]],[[-76.1705,3.3676],[-76.17224603481625,3.3644959381044486],[-76.1722,3.3645],[-76.1705,3.3676]],[[-76.1201,3.3834],[-76.1229,3.3824],[-76.11851111111112,3.383277777777778],[-76.1201,3.3834]],[[-76.1164,3.3837],[-76.10977542829173,3.387951590797845],[-76.11,3.3879],[-76.11684375000002,3.383611249999998],[-76.1164,3.3837]],[[-76.0982,3.4842],[-76.094,3.4832],[-76.09821065830722,3.484206896551725],[-76.0982,3.4842]],[[-76.29079681528663,3.473145859872607],[-76.2891,3.4739],[-76.2908,3.4732],[-76.29079681528663,3.473145859872607]],[[-76.10827713052859,3.490720496224377],[-76.10388979591828,3.487881632653],[-76.1082,3.4908],[-76.10827713052859,3.490720496224377]],[[-76.38357540983606,3.7404893011216545],[-76.3853,3.7453],[-76.3839,3.7407],[-76.38357540983606,3.7404893011216545]],[[-76.3702,3.7314],[-76.3700364864865,3.731340540540544],[-76.3718,3.7333],[-76.37183969465649,3.7333129770992395],[-76.3702,3.7314]],[[-76.36780487804879,3.7306853658536565],[-76.36967391304344,3.7312086956521644],[-76.368,3.7306],[-76.36780487804879,3.7306853658536565]],[[-76.3646,3.732],[-76.36468558456299,3.7319586833144145],[-76.36358736842104,3.731562105263151],[-76.3646,3.732]],[[-76.3393,3.7187],[-76.33938936170213,3.718662765957446],[-76.33933333333333,3.7184666666666555],[-76.3393,3.7187]],[[-76.3382,3.7189],[-76.33923529411766,3.718123529411761],[-76.3392,3.718],[-76.3382,3.7189]],[[-76.3249,3.7109],[-76.32669333333334,3.708508888888891],[-76.3266,3.7084],[-76.3249,3.7109]],[[-76.2776494623656,3.689745161290321],[-76.2822,3.6939],[-76.2778,3.6897],[-76.2776494623656,3.689745161290321]],[[-76.2603,3.6865],[-76.2577,3.6869],[-76.2605,3.6866],[-76.263,3.6876],[-76.2603,3.6865]],[[-76.2263,3.6847],[-76.22657012987013,3.6848246753246747],[-76.2247,3.6823],[-76.2263,3.6847]],[[-76.22085492957747,3.6800323943662008],[-76.2209,3.6801],[-76.2247,3.6823],[-76.22085492957747,3.6800323943662008]],[[-76.2191,3.6774],[-76.21989999999991,3.678599999999864],[-76.21911198156681,3.67737419354839],[-76.2191,3.6774]],[[-76.20036923076923,3.6628679120879157],[-76.2014965317919,3.6625780346820815],[-76.2012,3.6625],[-76.20036923076923,3.6628679120879157]],[[-76.1146,3.7163],[-76.1163,3.7064],[-76.11448070273285,3.7164970998326745],[-76.1146,3.7163]],[[-76.11244587737842,3.7198589852008714],[-76.11266179775284,3.7195022471909835],[-76.1125,3.7197],[-76.11244587737842,3.7198589852008714]],[[-76.1111,3.7241],[-76.11182631578949,3.721678947368385],[-76.11094381161008,3.7242713033953874],[-76.1111,3.7241]],[[-76.10822089671737,3.7272577261809507],[-76.11029732142853,3.724980357142888],[-76.1082,3.727],[-76.10822089671737,3.7272577261809507]],[[-76.0855,3.7652],[-76.08513135135135,3.7658183783783787],[-76.0885,3.7644],[-76.0888737470167,3.763957040572791],[-76.0855,3.7652]],[[-76.1845,3.7985],[-76.1803,3.8007],[-76.1802306930693,3.800828712871282],[-76.1845,3.7985]],[[-76.2256794933655,4.211992762364294],[-76.2252,4.2165],[-76.2257,4.212],[-76.2256794933655,4.211992762364294]],[[-76.22390583941606,4.21074087591241],[-76.224,4.2114],[-76.2241,4.2107],[-76.22390583941606,4.21074087591241]],[[-76.222,4.211],[-76.22218023715415,4.2109715415019755],[-76.222,4.2098],[-76.222,4.211]],[[-76.22,4.2078],[-76.22011463414634,4.207914634146344],[-76.2207,4.2045],[-76.22,4.2078]],[[-76.1501,4.182],[-76.1531,4.1835],[-76.14984911032028,4.181642348754437],[-76.1501,4.182]],[[-76.0709,4.0882],[-76.07000543735225,4.087284633569748],[-76.0703,4.088],[-76.07629234449762,4.090899521531104],[-76.0763,4.0908],[-76.0709,4.0882]],[[-76.0682,4.0858],[-76.06874463840398,4.085994513715707],[-76.06763614457832,4.084860240963868],[-76.0682,4.0858]],[[-76.0615,4.0862],[-76.0609054347826,4.0869775083612065],[-76.06673501479861,4.083938154677647],[-76.0666,4.0838],[-76.0615,4.0862]],[[-76.05825614714423,4.0883587608906105],[-76.05924995425434,4.087840622140897],[-76.0586,4.0878],[-76.05825614714423,4.0883587608906105]],[[-75.95545454545454,4.1694],[-75.9569,4.1694],[-75.9554,4.1691],[-75.95545454545454,4.1694]],[[-75.956,4.1729],[-75.95594047619048,4.172602380952382],[-75.95558762886597,4.17380206185569],[-75.956,4.1729]],[[-75.9544,4.1764],[-75.95440000000002,4.176399999999984],[-75.95439999999998,4.17640000000002],[-75.9544,4.1764]],[[-75.9588,4.1808],[-75.9563,4.1776],[-75.95625249999999,4.177569999999996],[-75.95883571428571,4.181014285714282],[-75.9588,4.1808]],[[-75.9591,4.1826],[-75.95887326732674,4.181239603960398],[-75.958,4.1858],[-75.9591,4.1826]],[[-75.97045161290322,4.213635483870967],[-75.9712,4.2127],[-75.9704,4.2136],[-75.97045161290322,4.213635483870967]],[[-75.973,4.2164],[-75.97185423728814,4.2152101694915265],[-75.9718,4.2154],[-75.973,4.2164]],[[-75.97572238805971,4.220402985074627],[-75.9742,4.2185],[-75.9757,4.2204],[-75.97572238805971,4.220402985074627]],[[-76.0032792,4.233916799999998],[-76.0029,4.2324],[-76.0032,4.2339],[-76.0032792,4.233916799999998]],[[-76.0098776119403,4.237710447761191],[-76.0095,4.2362],[-76.0098,4.2378],[-76.0098776119403,4.237710447761191]],[[-76.02351886792452,4.246319811320755],[-76.0239,4.2447],[-76.0234,4.2463],[-76.02351886792452,4.246319811320755]],[[-76.034,4.2472],[-76.0339,4.2472],[-76.0342,4.2493],[-76.034,4.2472]],[[-76.03740461538462,4.2560092307692265],[-76.03715126213592,4.256251067961162],[-76.0378,4.2568],[-76.03740461538462,4.2560092307692265]],[[-75.9382,4.3883],[-75.9403,4.3869],[-75.9425,4.38],[-75.9402,4.3869],[-75.9382,4.3883]],[[-75.8949,4.4078],[-75.89722178217822,4.40705702970297],[-75.897,4.407],[-75.8949,4.4078]],[[-75.88664693877551,4.4088306122448975],[-75.8889,4.4103],[-75.8868,4.4088],[-75.88664693877551,4.4088306122448975]],[[-75.88184311926605,4.408638532110092],[-75.8843,4.4093],[-75.8821,4.4086],[-75.88184311926605,4.408638532110092]],[[-75.87794444444444,4.409562962962962],[-75.8811361445783,4.408744578313254],[-75.8781,4.4092],[-75.87794444444444,4.409562962962962]],[[-75.866,4.4101],[-75.86621739130436,4.4101724637681174],[-75.8665,4.4081],[-75.866,4.4101]],[[-75.8655,4.4063],[-75.86560119047618,4.4064821428571435],[-75.8689,4.4059],[-75.8655,4.4063]],[[-75.8699,4.4049],[-75.8698001996008,4.404836127744511],[-75.8689,4.4059],[-75.8699,4.4049]],[[-75.8677549222798,4.398875129533679],[-75.8669,4.4003],[-75.8678,4.3989],[-75.8677549222798,4.398875129533679]],[[-75.8371,4.2013],[-75.83960976138829,4.199079826464206],[-75.8395,4.199],[-75.8371,4.2013]],[[-76.1810894590846,4.035391678224688],[-76.1792,4.0339],[-76.181,4.0354],[-76.1810894590846,4.035391678224688]],[[-76.17794779411764,4.034381617647057],[-76.1781,4.0345],[-76.1792,4.0339],[-76.17794779411764,4.034381617647057]],[[-76.1778557142857,4.034309999999993],[-76.17711747572815,4.032809708737878],[-76.1772,4.0338],[-76.1778557142857,4.034309999999993]],[[-76.17628260869564,4.031113043478259],[-76.1748,4.0281],[-76.176,4.031],[-76.17628260869564,4.031113043478259]],[[-76.1744,4.0232],[-76.1744,4.0247],[-76.1748,4.0281],[-76.1744,4.0232]],[[-76.17688888888888,4.02],[-76.1766,4.02],[-76.1744,4.0231],[-76.1744,4.0232],[-76.17688888888888,4.02]],[[-76.1033,3.9576],[-76.1005625,3.9576],[-76.1006,3.9578],[-76.1033,3.9576]],[[-76.10034670658683,3.956449101796411],[-76.1004,3.956733333333283],[-76.1004,3.9566],[-76.10060610687022,3.9565198473282437],[-76.10034670658683,3.956449101796411]],[[-76.0962,3.9533],[-76.0937,3.9522],[-76.09236,3.952078181818182],[-76.0962,3.9533]],[[-76.08981782178218,3.951269306930693],[-76.08949473684211,3.9509192982456134],[-76.0896,3.9512],[-76.08981782178218,3.951269306930693]],[[-76.08914302325582,3.9499813953488405],[-76.0885,3.943],[-76.0887,3.9488],[-76.08914302325582,3.9499813953488405]],[[-76.0727679245283,3.9005566037735866],[-76.0727,3.9005],[-76.0666,3.9032],[-76.0727679245283,3.9005566037735866]],[[-75.8856,3.9262],[-75.884,3.9251],[-75.88384430379747,3.9251835443037963],[-75.8856,3.9262]],[[-75.8799,3.9273],[-75.8734,3.9265],[-75.878,3.9273],[-75.8799,3.9273]],[[-75.8707,3.9239],[-75.86936327683615,3.924377401129943],[-75.8694,3.9244],[-75.8707,3.9239]],[[-75.86849999999997,3.9238461538461347],[-75.86808627002289,3.923559725400461],[-75.8681,3.9236],[-75.86849999999997,3.9238461538461347]],[[-76.30615185185185,3.9860740740740743],[-76.30705471698113,3.9863396226415118],[-76.3063,3.986],[-76.30615185185185,3.9860740740740743]],[[-76.2968,3.9839],[-76.29702168674699,3.983755421686747],[-76.29634285714286,3.9835857142857125],[-76.2968,3.9839]],[[-76.2952,3.9828],[-76.29567058823531,3.9831235294117806],[-76.2876,3.9739],[-76.2952,3.9828]],[[-76.2658,3.9594],[-76.26843596837945,3.958033201581029],[-76.2684,3.958],[-76.2658,3.9594]],[[-76.2549,3.9597],[-76.2565,3.9588],[-76.25486732673268,3.959664356435643],[-76.2549,3.9597]],[[-76.2492,3.9592],[-76.24985950413223,3.9590429752066116],[-76.249073800738,3.9590036900369006],[-76.2492,3.9592]],[[-76.1601,3.9248],[-76.15990000000001,3.9248999999999996],[-76.1633,3.9266],[-76.16354657534247,3.92647671232877],[-76.1601,3.9248]],[[-76.1583,3.9258],[-76.15876666666666,3.925466666666667],[-76.1580870967742,3.925806451612903],[-76.1583,3.9258]],[[-76.155,3.9259],[-76.15693333333333,3.925841414141414],[-76.15488635409378,3.9257173547935618],[-76.155,3.9259]],[[-76.1522,3.9214],[-76.15365155807366,3.923732861189824],[-76.15227469387754,3.9208771428571363],[-76.1522,3.9214]],[[-76.1411,3.904],[-76.14703762575454,3.9048221327967823],[-76.147,3.9048],[-76.1411,3.904]],[[-76.1348,3.9087],[-76.13874020408163,3.905217959183678],[-76.138,3.9056],[-76.1348,3.9087]],[[-76.11596,3.9160600000000025],[-76.1183,3.9148],[-76.116,3.9159],[-76.11596,3.9160600000000025]],[[-76.1163,3.9224],[-76.11576279069767,3.9168488372092893],[-76.1155,3.9179],[-76.1163,3.9224]],[[-76.1096,4.0664],[-76.11156716417912,4.06689179104478],[-76.1115,4.0668],[-76.1096,4.0664]],[[-76.11297887323894,4.06882112675988],[-76.120439064283,4.079215100798783],[-76.1205,4.0791],[-76.11297887323894,4.06882112675988]],[[-76.1244875,4.101725],[-76.1244,4.1018],[-76.1258,4.1021],[-76.1244875,4.101725]],[[-76.12877033898305,4.105283050847457],[-76.1283,4.1066],[-76.1288,4.1053],[-76.12877033898305,4.105283050847457]],[[-76.12921215469613,4.109791712707175],[-76.1291,4.11],[-76.12964000000001,4.1103800000000135],[-76.12921215469613,4.109791712707175]],[[-76.12989731543624,4.110561073825505],[-76.1318,4.1119],[-76.1303,4.1104],[-76.12989731543624,4.110561073825505]],[[-76.1364,4.1148],[-76.1366,4.1158],[-76.13668108108108,4.115736936936935],[-76.1364,4.1148]],[[-76.1483813559322,4.121549152542375],[-76.1485,4.1216],[-76.1499,4.1206],[-76.1483813559322,4.121549152542375]],[[-76.184,4.1346],[-76.1873,4.1335],[-76.18731896551724,4.13346206896552],[-76.184,4.1346]],[[-76.18755454545455,4.132990909090896],[-76.18804461538463,4.132010769230769],[-76.1877,4.1319],[-76.18755454545455,4.132990909090896]],[[-76.23303885135135,4.16251351351351],[-76.2332,4.1628],[-76.2353,4.1633],[-76.23303885135135,4.16251351351351]],[[-76.2372,4.1658],[-76.23792599469495,4.166013527851456],[-76.2353,4.1633],[-76.2372,4.1658]],[[-76.23847100938967,4.166173826291078],[-76.2389,4.1663],[-76.2414,4.1623],[-76.23847100938967,4.166173826291078]],[[-76.2432375,4.162124999999999],[-76.2433,4.162],[-76.2414,4.1623],[-76.2432375,4.162124999999999]],[[-76.24330416666668,4.166997222222224],[-76.2433,4.167],[-76.24331214953271,4.1670046728971935],[-76.24330416666668,4.166997222222224]],[[-75.9315835589942,4.1826943907156675],[-75.92857145299145,4.182243760683761],[-75.9303,4.183],[-75.9315835589942,4.1826943907156675]],[[-75.9234633986928,4.181320261437909],[-75.9198,4.1765],[-75.9232,4.1813],[-75.9234633986928,4.181320261437909]],[[-75.91375373134328,4.1753402985074555],[-75.91329087635054,4.174288355342161],[-75.9133,4.175],[-75.91375373134328,4.1753402985074555]],[[-75.91056554216868,4.159761204819278],[-75.9103,4.1593],[-75.9045,4.1535],[-75.91056554216868,4.159761204819278]],[[-75.89868523274478,4.1499520064205475],[-75.8987,4.15],[-75.9045,4.1535],[-75.89868523274478,4.1499520064205475]],[[-75.89841999999999,4.149089999999935],[-75.8980207142857,4.147293214285722],[-75.8979,4.1474],[-75.89841999999999,4.149089999999935]],[[-75.9005,4.1451],[-75.903,4.1396],[-75.90324193548388,4.1374225806451275],[-75.9005,4.1451]],[[-75.90346874999999,4.136787500000006],[-75.9057,4.1353],[-75.9035,4.1367],[-75.90346874999999,4.136787500000006]],[[-75.86051951219513,4.069626829268295],[-75.8607,4.0671],[-75.8603,4.0695],[-75.86051951219513,4.069626829268295]],[[-75.81901131465517,3.940725646551724],[-75.8197,3.9362],[-75.819,3.9407],[-75.81901131465517,3.940725646551724]],[[-75.93889965397923,4.185378546712802],[-75.93863271375464,4.185359479553903],[-75.9388,4.1855],[-75.93889965397923,4.185378546712802]],[[-76.1342,4.5588],[-76.13737961165049,4.557528155339805],[-76.1371,4.5574],[-76.1342,4.5588]],[[-76.0385708737864,4.58368058252429],[-76.039,4.5831],[-76.03906341463414,4.582801045296166],[-76.0385708737864,4.58368058252429]],[[-76.0309,4.5718],[-76.032,4.5738],[-76.03237022900764,4.573948091603055],[-76.03092439024391,4.571141463414642],[-76.0309,4.5718]],[[-76.031,4.5691],[-76.0309575,4.570247499999969],[-76.03134198830408,4.568654619883061],[-76.031,4.5691]],[[-76.0373,4.557],[-76.03544850299402,4.563017365269459],[-76.0357,4.5627],[-76.0373,4.557]],[[-76.04948057553958,4.53557122302159],[-76.0502,4.5371],[-76.0499,4.5358],[-76.04948057553958,4.53557122302159]],[[-76.04286276150627,4.534390376569038],[-76.0437,4.5349],[-76.0491219512195,4.535375609756097],[-76.0488,4.5352],[-76.04286276150627,4.534390376569038]],[[-76.0414,4.5335],[-76.04181019108279,4.5337496815286595],[-76.04099779005524,4.532602762430945],[-76.0414,4.5335]],[[-76.0401,4.5306],[-76.04048417910447,4.531457014925374],[-76.04042123893805,4.529694690265473],[-76.0401,4.5306]],[[-76.0412,4.5275],[-76.040925,4.528275000000012],[-76.0420680851064,4.52647872340425],[-76.0412,4.5275]],[[-76.0429,4.5255],[-76.04274630136986,4.525680821917809],[-76.0487,4.5228],[-76.0429,4.5255]],[[-76.06096451612903,4.506208602150513],[-76.0593,4.51],[-76.0609,4.5068],[-76.06096451612903,4.506208602150513]],[[-76.0616,4.4966],[-76.06119893992931,4.504059717314604],[-76.06206037441498,4.496163234529378],[-76.0616,4.4966]],[[-76.06957757009346,4.486549532710274],[-76.0689,4.4872],[-76.06551743589743,4.492870769230775],[-76.0656,4.4928],[-76.06957757009346,4.486549532710274]],[[-76.0874875,4.474637500000003],[-76.0849,4.4732],[-76.0874,4.4748],[-76.0874875,4.474637500000003]],[[-76.0878,4.4717],[-76.08762065217391,4.474390217391315],[-76.0881,4.4735],[-76.0878,4.4717]],[[-76.0869,4.4709],[-76.08612676056337,4.471243661971831],[-76.0878,4.4717],[-76.0869,4.4709]],[[-76.0808,4.4734],[-76.08110330992979,4.473254663991975],[-76.0799,4.4731171428571415],[-76.0808,4.4734]],[[-76.0773,4.4723],[-76.07774034707158,4.4724383947939295],[-76.0762,4.4697],[-76.0773,4.4723]],[[-76.07812510699,4.462139800285303],[-76.07885265588915,4.462781755196309],[-76.0788,4.4624],[-76.07812510699,4.462139800285303]],[[-76.0709,4.4596],[-76.07353618290259,4.460370576540758],[-76.07080011299435,4.459315706214689],[-76.0709,4.4596]],[[-76.06772499999998,4.452774999999982],[-76.0696,4.4559],[-76.06960000000001,4.455900000000045],[-76.0693,4.4548],[-76.06772499999998,4.452774999999982]],[[-76.0663,4.4504],[-76.0670090909091,4.451581818181826],[-76.06613622047244,4.449212598425205],[-76.0663,4.4504]],[[-76.0659,4.4475],[-76.06595677570094,4.44791162383177],[-76.0702,4.4374],[-76.0659,4.4475]],[[-76.0739,4.4332],[-76.07336485225505,4.433807465007777],[-76.07447377892031,4.4333195372750644],[-76.0739,4.4332]],[[-76.0763,4.4337],[-76.07574551724137,4.4335844827586195],[-76.07649085457271,4.43438305847077],[-76.0763,4.4337]],[[-76.1125236445783,4.403875301204818],[-76.1078,4.3998],[-76.1121,4.4037],[-76.1125236445783,4.403875301204818]],[[-76.11767985074626,4.405076305970148],[-76.1136331670823,4.404334413965088],[-76.115,4.4049],[-76.11767985074626,4.405076305970148]],[[-76.12283333333333,4.4053],[-76.12108,4.4053],[-76.1226,4.4054],[-76.12283333333333,4.4053]],[[-76.12755472713297,4.403074250576483],[-76.12510384615383,4.404326923076926],[-76.1275,4.4033],[-76.12755472713297,4.403074250576483]],[[-76.1302,4.3748],[-76.1325,4.3774],[-76.13022000000001,4.374360000000006],[-76.1302,4.3748]],[[-76.1333,4.3713],[-76.1329497005988,4.371451796407186],[-76.13359791666667,4.371428645833333],[-76.1333,4.3713]],[[-76.1414694267516,4.37482770700637],[-76.1393573991031,4.373915695067248],[-76.1411,4.3748],[-76.1414694267516,4.37482770700637]],[[-76.14704016393442,4.785110655737709],[-76.1433,4.7877],[-76.1464,4.7861],[-76.14704016393442,4.785110655737709]],[[-76.1396,4.7699],[-76.145,4.7764],[-76.13956353276353,4.7697450142450135],[-76.1396,4.7699]],[[-76.13881541950114,4.766565532879832],[-76.13906666666666,4.767633333333302],[-76.139,4.7668],[-76.13881541950114,4.766565532879832]],[[-76.13518236607143,4.762120758928571],[-76.13803095238082,4.765569047618873],[-76.1353,4.7621],[-76.13518236607143,4.762120758928571]],[[-76.1283,4.7594],[-76.12840291262137,4.759458252427192],[-76.12824712643678,4.759230804597681],[-76.1283,4.7594]],[[-76.1216,4.7509],[-76.12168868458275,4.750965346534656],[-76.1201,4.7461],[-76.1216,4.7509]],[[-76.08793135391925,4.735518527315914],[-76.0901,4.7368],[-76.0882,4.7355],[-76.08793135391925,4.735518527315914]],[[-76.12274128440366,4.651056880733949],[-76.1196,4.6541],[-76.1227,4.6512],[-76.12274128440366,4.651056880733949]],[[-76.1319,4.6291],[-76.13082621035059,4.633216193656073],[-76.1313,4.6325],[-76.1319,4.6291]],[[-76.1509786259542,4.575014503816789],[-76.15103362831859,4.575062958280655],[-76.15063333333332,4.573633333333281],[-76.1509786259542,4.575014503816789]],[[-76.1759,4.5037],[-76.1691,4.5079],[-76.16904777777778,4.508202888888884],[-76.1759,4.5037]],[[-76.1663,4.5128],[-76.16623253012042,4.512737349397532],[-76.1689,4.5156],[-76.1663,4.5128]],[[-76.16880197368421,4.520305263157916],[-76.1688,4.5204],[-76.1709,4.5259],[-76.16880197368421,4.520305263157916]],[[-76.173,4.533522222222229],[-76.173,4.5337],[-76.17349361702126,4.534619148936149],[-76.173,4.533522222222229]],[[-76.17549058823529,4.53833764705882],[-76.1759,4.5391],[-76.17614360902256,4.539194736842106],[-76.17549058823529,4.53833764705882]],[[-76.1868,4.5467],[-76.18693333333333,4.5466555555555574],[-76.18490375,4.545302500000004],[-76.18464399999999,4.546118857142872],[-76.1851,4.5455],[-76.1868,4.5467]],[[-76.18392253855279,4.547097983392647],[-76.1769,4.5452],[-76.1837,4.5474],[-76.18392253855279,4.547097983392647]],[[-76.175,4.5454],[-76.17486744186046,4.545553488372094],[-76.1769,4.5452],[-76.175,4.5454]],[[-76.17365882352941,4.546952941176484],[-76.1731,4.5476],[-76.17305614035088,4.547819298245608],[-76.17365882352941,4.546952941176484]],[[-76.1726,4.5501],[-76.168,4.55],[-76.16784285714286,4.5501],[-76.1726,4.5501]],[[-76.16689999999988,4.550700000000076],[-76.1658,4.5514],[-76.1657962264151,4.551435849056602],[-76.16689999999988,4.550700000000076]],[[-76.1526,4.5638],[-76.1512,4.566],[-76.15120748663102,4.566187165775402],[-76.1526,4.5638]],[[-76.1514,4.571],[-76.1504,4.5727],[-76.15041724137932,4.572768965517241],[-76.1514,4.571]],[[-76.26585461689588,4.481793909626719],[-76.2623,4.4792],[-76.2656,4.4819],[-76.26585461689588,4.481793909626719]],[[-76.212,4.4802],[-76.21531221719457,4.485260331825045],[-76.2152,4.4844],[-76.212,4.4802]],[[-76.21542967863894,4.4861608695652],[-76.2139,4.4903],[-76.2155,4.4867],[-76.21542967863894,4.4861608695652]],[[-76.2123,4.5068],[-76.2115643678161,4.509006896551719],[-76.2118,4.5088],[-76.2123,4.5068]],[[-76.2036,4.5153],[-76.2027,4.5138],[-76.20232113676732,4.513680106571939],[-76.2036,4.5153]],[[-76.19708872919819,4.51202428139183],[-76.1948,4.5113],[-76.1904,4.5114],[-76.19708872919819,4.51202428139183]],[[-76.16485805309735,4.511262300884958],[-76.16481095890411,4.510995433789952],[-76.1648,4.5112],[-76.16485805309735,4.511262300884958]],[[-76.2849,4.6929],[-76.2742,4.6935],[-76.28493599999999,4.6929144],[-76.2849,4.6929]],[[-76.1863,4.694],[-76.194,4.6842],[-76.1949,4.6828],[-76.1863,4.694]],[[-76.1472745341615,4.784748447204961],[-76.1475,4.7844],[-76.14751783783784,4.783927297297309],[-76.1472745341615,4.784748447204961]],[[-76.30463969072164,4.642637628865984],[-76.30466249999999,4.6428125],[-76.3047,4.6428],[-76.30463969072164,4.642637628865984]],[[-76.3035,4.6353],[-76.30449140625,4.637613281250006],[-76.3045,4.6376],[-76.3035,4.6353]],[[-76.27313950177935,4.5854085409252585],[-76.2732,4.5868],[-76.2739,4.5873],[-76.2739,4.587070370370353],[-76.27313950177935,4.5854085409252585]],[[-76.2714914893617,4.582802127659576],[-76.27237213114755,4.5837316939890815],[-76.2719,4.5827],[-76.2714914893617,4.582802127659576]],[[-76.1899,4.5447],[-76.19,4.543],[-76.18952699386504,4.5450496932515225],[-76.1899,4.5447]],[[-76.1883,4.5462],[-76.18849999999999,4.546012500000006],[-76.18753333333333,4.546455555555558],[-76.1883,4.5462]],[[-76.3,4.6518],[-76.30002380952381,4.651857142857143],[-76.3007,4.6478],[-76.3,4.6518]],[[-76.03758430034131,4.585015358361766],[-76.03623478260869,4.586039130434788],[-76.0373,4.5854],[-76.03758430034131,4.585015358361766]],[[-76.03450895522388,4.587074626865673],[-76.03126774193548,4.588032258064516],[-76.0333,4.5878],[-76.03450895522388,4.587074626865673]],[[-76.03037833537331,4.588133904528763],[-76.02734153354633,4.587509904153358],[-76.0298,4.5882],[-76.03037833537331,4.588133904528763]],[[-76.02378096995255,4.586778281497102],[-76.0234,4.5867],[-76.02222413793102,4.587648275862078],[-76.02378096995255,4.586778281497102]],[[-76.02064498432603,4.588921786833856],[-76.0203,4.5892],[-76.0201,4.5931],[-76.02064498432603,4.588921786833856]],[[-76.02533546511629,4.603968023255808],[-76.02442857142856,4.605572527472543],[-76.0253,4.6045],[-76.02533546511629,4.603968023255808]],[[-76.02422941176471,4.605817647058823],[-76.0231,4.6061],[-76.024,4.6061],[-76.02422941176471,4.605817647058823]],[[-76.0224,4.6587],[-76.02244310148234,4.658275142531348],[-76.0183,4.6629],[-76.01819967213115,4.6630829508196685],[-76.0224,4.6587]],[[-76.01727438016528,4.664770247933895],[-76.0166,4.666],[-76.01620470588234,4.667355294117662],[-76.01727438016528,4.664770247933895]],[[-75.96671967213115,4.661909836065577],[-75.9661,4.6613],[-75.96277272727272,4.65993636363636],[-75.96671967213115,4.661909836065577]],[[-75.9528,4.6572],[-75.9611053227633,4.659253001132503],[-75.96,4.6588],[-75.95237569060774,4.65702099447514],[-75.9528,4.6572]],[[-75.94712953367878,4.654807772020733],[-75.9465,4.6545],[-75.9464476900149,4.654520119225038],[-75.94712953367878,4.654807772020733]],[[-75.88788937329701,4.636743596730246],[-75.88612151898734,4.636527124773959],[-75.8862,4.6366],[-75.88788937329701,4.636743596730246]],[[-75.8743,4.6183],[-75.8741,4.6158],[-75.87400778301887,4.6157674528301875],[-75.8743,4.6183]],[[-76.0434,4.2534],[-76.0424,4.2545],[-76.04348617021276,4.253413829787233],[-76.0434,4.2534]],[[-76.0393,4.2542],[-76.03888891752577,4.254592396907217],[-76.0424,4.2545],[-76.0393,4.2542]],[[-76.0381,4.4655],[-76.0407,4.467],[-76.03809790076336,4.465458015267178],[-76.0381,4.4655]],[[-75.9639,4.4202],[-75.9671,4.4189],[-75.9636803030303,4.420101515151515],[-75.9639,4.4202]],[[-75.9587,4.4102],[-75.95859669509595,4.408822601279312],[-75.957,4.4169],[-75.95714948453607,4.417468041237119],[-75.9587,4.4102]],[[-75.95008819444443,4.402408333333342],[-75.9518,4.4012],[-75.9503,4.4019],[-75.95008819444443,4.402408333333342]],[[-75.94717319587629,4.404465979381452],[-75.94842809917357,4.403580165289252],[-75.9478,4.4038],[-75.94717319587629,4.404465979381452]],[[-75.9460659090909,4.406103409090919],[-75.94653006993008,4.405149300699295],[-75.9462,4.4055],[-75.9460659090909,4.406103409090919]],[[-75.9449,4.4085],[-75.94498146551724,4.408332543103446],[-75.94458181818182,4.408418181818181],[-75.9449,4.4085]],[[-75.92807272727272,4.401327272727274],[-75.9312,4.4025],[-75.9281,4.4013],[-75.92807272727272,4.401327272727274]],[[-75.9063,4.4139],[-75.9071,4.413],[-75.90618196721312,4.413826229508194],[-75.9063,4.4139]],[[-76.0565,4.4626],[-76.057,4.4596],[-76.05643103448276,4.462634482758623],[-76.0565,4.4626]],[[-76.0543,4.4637],[-76.05557826086957,4.463060869565215],[-76.0501,4.4648],[-76.0543,4.4637]],[[-75.98961333333334,4.553192444444445],[-75.9925,4.553],[-75.9897,4.5531],[-75.98961333333334,4.553192444444445]],[[-75.9457,4.5426],[-75.94296043165467,4.54406762589928],[-75.943,4.5441],[-75.9457,4.5426]],[[-75.93828571428571,4.543],[-75.93787705382437,4.542831728045327],[-75.9379,4.543],[-75.93828571428571,4.543]],[[-75.9378,4.542266666666632],[-75.9378,4.540612500000007],[-75.9376,4.5408],[-75.9378,4.542266666666632]],[[-75.9382,4.5291],[-75.9369,4.5285],[-75.93685,4.528521428571427],[-75.9382,4.5291]],[[-75.88684400000001,4.531235000000002],[-75.8867,4.5311],[-75.8846,4.5303],[-75.88684400000001,4.531235000000002]],[[-76.02,4.6921],[-76.0197725,4.6921325],[-76.0265,4.6973],[-76.02,4.6921]],[[-76.01544324734446,4.669966009104686],[-76.0152,4.6708],[-76.0159,4.677],[-76.01544324734446,4.669966009104686]],[[-75.8222,4.6722],[-75.824,4.6774],[-75.8223311102074,4.6719024806832],[-75.8222,4.6722]],[[-75.8353,4.6883],[-75.8393,4.6852],[-75.83519195710456,4.688232126899015],[-75.8353,4.6883]],[[-75.8541,4.708],[-75.85521556886228,4.708097005988024],[-75.853,4.7071],[-75.8541,4.708]],[[-75.85696940581542,4.709125284450059],[-75.857,4.7089],[-75.85676595744681,4.708794680851064],[-75.85696940581542,4.709125284450059]],[[-75.8562597051597,4.7229950859950804],[-75.8567,4.7218],[-75.8559,4.717],[-75.8562597051597,4.7229950859950804]],[[-75.85492500000001,4.7129400000000015],[-75.8554,4.7137],[-75.85547933884298,4.71366694214876],[-75.855,4.7129],[-75.85492500000001,4.7129400000000015]],[[-75.8535,4.7137],[-75.8515,4.7128],[-75.85142274678111,4.712850214592276],[-75.8535,4.7137]],[[-75.83862835820895,4.715411940298507],[-75.8385,4.7154],[-75.83845384615384,4.7154410256410255],[-75.83862835820895,4.715411940298507]],[[-75.834,4.7194],[-75.83268786610878,4.719306276150627],[-75.8329,4.7196],[-75.834,4.7194]],[[-75.94981428571431,4.800293877551057],[-75.9497,4.8],[-75.94955852090031,4.79989196141478],[-75.94981428571431,4.800293877551057]],[[-75.9376,4.801],[-75.9442,4.7958],[-75.9417,4.7971],[-75.9376,4.801]],[[-75.97897288135593,4.747650508474547],[-75.9785,4.7433],[-75.9782,4.7451],[-75.97897288135593,4.747650508474547]],[[-75.9792,4.7484],[-75.98434855195912,4.754978705281097],[-75.9843,4.7546],[-75.97907859128824,4.74799935125117],[-75.9792,4.7484]],[[-75.9848,4.7585],[-75.98456771653544,4.756688188976335],[-75.98450792079207,4.759259405940617],[-75.9848,4.7585]],[[-75.97965017667843,4.761349116607778],[-75.9818,4.761],[-75.9843,4.7598],[-75.9843571010249,4.759651537335282],[-75.97965017667843,4.761349116607778]],[[-75.96785094339624,4.765711320754693],[-75.9701,4.7629],[-75.9687,4.7639],[-75.96785094339624,4.765711320754693]],[[-75.96719277456648,4.767370953757204],[-75.9675260869565,4.766404347826156],[-75.9672,4.7671],[-75.96719277456648,4.767370953757204]],[[-75.9582,4.8073],[-75.9613,4.8062],[-75.95779278688525,4.807307540983606],[-75.9582,4.8073]],[[-75.9528,4.8074],[-75.95601265822785,4.807340506329114],[-75.95262953367876,4.80720518134715],[-75.9528,4.8074]],[[-75.9514,4.8058],[-75.9524,4.806942857142861],[-75.95045511811023,4.801941732283411],[-75.9514,4.8058]],[[-76.01814487728866,4.8879597974289055],[-76.0132,4.8874],[-76.0181,4.888],[-76.01814487728866,4.8879597974289055]],[[-76.129,4.8323],[-76.1242,4.8297],[-76.12188717948719,4.829279487179488],[-76.129,4.8323]],[[-76.12152432432433,4.829213513513514],[-76.1198,4.8289],[-76.11939887850467,4.829377009345794],[-76.12152432432433,4.829213513513514]],[[-76.11640410958898,4.832938356164456],[-76.1161,4.8333],[-76.11607554858935,4.833369592476473],[-76.11640410958898,4.832938356164456]],[[-76.11461343669251,4.837063824289408],[-76.111,4.8383],[-76.1146,4.8371],[-76.11461343669251,4.837063824289408]],[[-76.0235,4.8823],[-76.0199675767918,4.886326962457352],[-76.0229,4.8837],[-76.0235,4.8823]]],[[[-77.23,4.0406],[-77.229,4.0419],[-77.2278,4.0417],[-77.2278,4.0406],[-77.2269,4.0407],[-77.2264,4.0399],[-77.2304,4.033],[-77.2326,4.0314],[-77.2315,4.0358],[-77.232,4.0373],[-77.2326,4.0375],[-77.2328,4.0363],[-77.2337,4.0359],[-77.2339,4.0375],[-77.2348,4.0367],[-77.2352,4.0321],[-77.2362,4.0323],[-77.2371,4.0354],[-77.2396,4.0364],[-77.2405,4.0384],[-77.2399,4.0414],[-77.2384,4.0416],[-77.2377,4.0397],[-77.237,4.04],[-77.237,4.0416],[-77.2319,4.0415],[-77.23,4.0406]]]]}}]}