{"type":"FeatureCollection","features":[{"type":"Feature","geometry":{"type":"Point","coordinates":[-75.83319,4.695786]},"properties":{"id_maestro":"ACUEDUCTO_0001","codigo_actual":"77","codigo_anterior":"110201","codigo_muestreo":106132,"municipio":"ALCALA","aro":"Norte Cartago","ambito":"Rural","tipo_sistema":"DISPERSA","prestador":"ASOCIACION DE USUARIOS DEL ACUEDUCTORURAL VEREDA EL EDEN (ASOCOAGUAS)","localidades":"EL EDEN","suscriptores":60,"poblacion":240,"forma_organizativa":"Autogestion","tipo_tratamiento":"FD+Desinfección","algun_tratamiento":1,"cantidad_fuentes":2,"fuente_abastecimiento":"LUCITANIA 1, LUCITANIA 2","tipo_fuente":"Superficial","estado_fuentes":"CON FUENTE ASOCIADA"}},{"type":"Feature","geometry":{"type":"Point","coordinates":[-75.70801,4.672931]},"properties":{"id_maestro":"ACUEDUCTO_0002","codigo_actual":"78","codigo_anterior":"115502","codigo_muestreo":106105,"municipio":"ALCALA","aro":"Norte Cartago","ambito":"Rural","tipo_sistema":"DISPERSA","prestador":"ADMINISTRACION COOPERATIVA MARAVELEZ - ALCALA E.S.P.(SISTEMA #1)","localidades":"CONGAL , MARAVELEZ PARTE ALTA","suscriptores":199,"poblacion":796,"forma_organizativa":"Empresa de Servicios Púplicos","tipo_tratamiento":"Solo desinfección","algun_tratamiento":"","cantidad_fuentes":0,"fuente_abastecimiento":"","tipo_fuente":"","estado_fuentes":"SIN FUENTE ASOCIADA"}},{"type":"Feature","geometry":{"type":"Point","coordinates":[-75.72291,4.666264]},"properties":{"id_maestro":"ACUEDUCTO_0003","codigo_actual":"171","codigo_anterior":"91940","codigo_muestreo":110589,"municipio":"ALCALA","aro":"Norte Cartago","ambito":"Rural","tipo_sistema":"CENTRO POBLADO","prestador":"ADMINISTRACION COOPERATIVA MARAVELEZ - ALCALA E.S.P.(SISTEMA #2)","localidades":"CONGAL, MARAVELEZ PARTE BAJA, LA POLONIA , LA CAPILLA","suscriptores":103,"poblacion":412,"forma_organizativa":"Empresa de Servicios Púplicos","tipo_tratamiento":"Solo desinfección","algun_tratamiento":"","cantidad_fuentes":0,"fuente_abastecimiento":"","tipo_fuente":"","estado_fuentes":"SIN FUENTE ASOCIADA"}},{"type":"Feature","geometry":{"type":"Point","coordinates":[-75.78505,4.693836]},"properties":{"id_maestro":"ACUEDUCTO_0004","codigo_actual":"79","codigo_anterior":"115517","codigo_muestreo":110590,"municipio":"ALCALA","aro":"Norte Cartago","ambito":"Rural","tipo_sistema":"CENTRO POBLADO","prestador":"ADMINISTRACION COOPERATIVA MARAVELEZ - ALCALA E.S.P.(SISTEMA #3)","localidades":"(PARTE ALTA) BELGICA , LA FLORESTA , SAN FELIPE , LOS SAUCES , PLAYAS VERDES","suscriptores":482,"poblacion":1928,"forma_organizativa":"Empresa de Servicios Púplicos","tipo_tratamiento":"Filtración Compacta","algun_tratamiento":1,"cantidad_fuentes":0,"fuente_abastecimiento":"","tipo_fuente":"","estado_fuentes":"SIN FUENTE ASOCIADA"}},{"type":"Feature","geometry":{"type":"Point","coordinates":[-75.73226,4.659181]},"properties":{"id_maestro":"ACUEDUCTO_0005","codigo_actual":"169","codigo_anterior":"109043","codigo_muestreo":107681,"municipio":"ALCALA","aro":"Norte Cartago","ambito":"Rural","tipo_sistema":"DISPERSA","prestador":"ADMINISTRACION COOPERATIVA MARAVELEZ - ALCALA E.S.P.(SISTEMA #4)","localidades":"MARAVELEZ, EL CONGAL, SAN FELIPE, LA CAÑA, TRINCHERAS","suscriptores":119,"poblacion":476,"forma_organizativa":"Empresa de Servicios Púplicos","tipo_tratamiento":"Solo desinfección","algun_tratamiento":"","cantidad_fuentes":0,"fuente_abastecimiento":"","tipo_fuente":"","estado_fuentes":"SIN FUENTE ASOCIADA"}},{"type":"Feature","geometry":{"type":"Point","coordinates":[-75.81867,4.687869]},"properties":{"id_maestro":"ACUEDUCTO_0006","codigo_actual":"2564","codigo_anterior":"80803","codigo_muestreo":110576,"municipio":"ALCALA","aro":"Norte Cartago","ambito":"Rural","tipo_sistema":"DISPERSA","prestador":"ADMINISTRACION COOPERATIVA MARAVELEZ - ALCALA E.S.P.(SISTEMA #5)","localidades":"HIGUERON, LA UNION, SAN FELIPE , LA ESTRELLA , DINDE BAJO","suscriptores":263,"poblacion":1052,"forma_organizativa":"Empresa de Servicios Púplicos","tipo_tratamiento":"Solo desinfección","algun_tratamiento":"","cantidad_fuentes":0,"fuente_abastecimiento":"","tipo_fuente":"","estado_fuentes":"SIN FUENTE ASOCIADA"}},{"type":"Feature","geometry":{"type":"Point","coordinates":[-75.85354,4.713136]},"properties":{"id_maestro":"ACUEDUCTO_0007","codigo_actual":"2563","codigo_anterior":"111747","codigo_muestreo":117835,"municipio":"ALCALA","aro":"Norte Cartago","ambito":"Rural","tipo_sistema":"DISPERSA","prestador":"ADMINISTRACION COOPERATIVA MARAVELEZ - ALCALA E.S.P.(SISTEMA #6)","localidades":"EL DINDE (PARTE ALTA) FUENTE Q BUENAVISTA","suscriptores":54,"poblacion":216,"forma_organizativa":"Empresa de Servicios Púplicos","tipo_tratamiento":"Solo desinfección","algun_tratamiento":"","cantidad_fuentes":0,"fuente_abastecimiento":"","tipo_fuente":"","estado_fuentes":"SIN FUENTE ASOCIADA"}},{"type":"Feature","geometry":{"type":"Point","coordinates":[-75.71681,4.656344]},"properties":{"id_maestro":"ACUEDUCTO_0008","codigo_actual":"175","codigo_anterior":"87903","codigo_muestreo":110591,"municipio":"ALCALA","aro":"Norte Cartago","ambito":"Rural","tipo_sistema":"DISPERSA","prestador":"ADMINISTRACION COOPERATIVA MARAVELEZ - ALCALA E.S.P.(SISTEMA #7)","localidades":"LA CUCHILLA PARTE ALTA","suscriptores":43,"poblacion":172,"forma_organizativa":"Empresa de Servicios Púplicos","tipo_tratamiento":"Solo desinfección","algun_tratamiento":"","cantidad_fuentes":0,"fuente_abastecimiento":"","tipo_fuente":"","estado_fuentes":"SIN FUENTE ASOCIADA"}},{"type":"Feature","geometry":{"type":"Point","coordinates":[-75.72749,4.657989]},"properties":{"id_maestro":"ACUEDUCTO_0009","codigo_actual":"177","codigo_anterior":"110500","codigo_muestreo":110580,"municipio":"ALCALA","aro":"Norte Cartago","ambito":"Rural","tipo_sistema":"DISPERSA","prestador":"ADMINISTRACION COOPERATIVA MARAVELEZ - ALCALA E.S.P.(SISTEMA #8)","localidades":"LA CUCHILLA PARTE BAJA","suscriptores":35,"poblacion":140,"forma_organizativa":"Empresa de Servicios Púplicos","tipo_tratamiento":"Solo desinfección","algun_tratamiento":"","cantidad_fuentes":0,"fuente_abastecimiento":"","tipo_fuente":"","estado_fuentes":"SIN FUENTE ASOCIADA"}},{"type":"Feature","geometry":{"type":"Point","coordinates":[-75.77195,4.672503]},"properties":{"id_maestro":"ACUEDUCTO_0010","codigo_actual":"67","codigo_anterior":"80697","codigo_muestreo":89335,"municipio":"ALCALA","aro":"Norte Cartago","ambito":"Urbano","tipo_sistema":"CABECERA MUNICIPAL","prestador":"SOCIEDAD DE ACUEDUCTOS Y ALCANTARILLADOS DEL VALLE DEL CAUCA S.A. E.S.P. ACUAVALLE S.A. E.S.P.-ALCALÁ","localidades":"URBANO","suscriptores":2940,"poblacion":11760,"forma_organizativa":"Empresa de Servicios Púplicos","tipo_tratamiento":"Convencional","algun_tratamiento":1,"cantidad_fuentes":1,"fuente_abastecimiento":"LOS ANGELES","tipo_fuente":"Superficial","estado_fuentes":"CON FUENTE ASOCIADA"}},{"type":"Feature","geometry":{"type":"Point","coordinates":[-76.09142,4.105842]},"properties":{"id_maestro":"ACUEDUCTO_0011","codigo_actual":"1121","codigo_anterior":"61992","codigo_muestreo":113525,"municipio":"ANDALUCÍA","aro":"Centro Tuluá","ambito":"Rural","tipo_sistema":"DISPERSA","prestador":"ACUEDUCTO POTRERILLO","localidades":"POTRERILLO","suscriptores":42,"poblacion":168,"forma_organizativa":"Autogestion","tipo_tratamiento":"Solo desinfección","algun_tratamiento":"","cantidad_fuentes":1,"fuente_abastecimiento":"LA LUCIANA","tipo_fuente":"Superficial","estado_fuentes":"CON FUENTE ASOCIADA"}},{"type":"Feature","geometry":{"type":"Point","coordinates":[-75.96557,4.156269]},"properties":{"id_maestro":"ACUEDUCTO_0012","codigo_actual":"910","codigo_anterior":"62256","codigo_muestreo":112862,"municipio":"ANDALUCÍA","aro":"Centro Tuluá","ambito":"Rural","tipo_sistema":"DISPERSA","prestador":"ACUEDUCTO RURAL COMUNITARIO LA UNION CASCAJERO","localidades":"UNION CASCAJERO","suscriptores":68,"poblacion":272,"forma_organizativa":"Autogestion","tipo_tratamiento":"Soluciones_Individuales","algun_tratamiento":1,"cantidad_fuentes":1,"fuente_abastecimiento":"LA SIRIA","tipo_fuente":"Superficial","estado_fuentes":"CON FUENTE ASOCIADA"}},{"type":"Feature","geometry":{"type":"Point","coordinates":[-76.08446,4.100567]},"properties":{"id_maestro":"ACUEDUCTO_0013","codigo_actual":"1122","codigo_anterior":"102222","codigo_muestreo":113524,"municipio":"ANDALUCÍA","aro":"Centro Tuluá","ambito":"Rural","tipo_sistema":"DISPERSA","prestador":"ACUEDUCTO RURAL EL PLACER","localidades":"EL PLACER","suscriptores":36,"poblacion":144,"forma_organizativa":"Autogestion","tipo_tratamiento":"Solo desinfección","algun_tratamiento":"","cantidad_fuentes":1,"fuente_abastecimiento":"LA LUISA","tipo_fuente":"Superficial","estado_fuentes":"CON FUENTE ASOCIADA"}},{"type":"Feature","geometry":{"type":"Point","coordinates":[-76.08386,4.076389]},"properties":{"id_maestro":"ACUEDUCTO_0014","codigo_actual":"13246","codigo_anterior":"64871","codigo_muestreo":112855,"municipio":"ANDALUCÍA","aro":"Centro Tuluá","ambito":"Rural","tipo_sistema":"DISPERSA","prestador":"ACUEDUCTO RURAL PARDO ALTO","localidades":"PARDO ALTO","suscriptores":70,"poblacion":280,"forma_organizativa":"Autogestion","tipo_tratamiento":"Ninguno","algun_tratamiento":"","cantidad_fuentes":1,"fuente_abastecimiento":"LA LUISA","tipo_fuente":"Superficial","estado_fuentes":"CON FUENTE ASOCIADA"}},{"type":"Feature","geometry":{"type":"Point","coordinates":[-75.96815,4.128169]},"properties":{"id_maestro":"ACUEDUCTO_0015","codigo_actual":"1119","codigo_anterior":"62446","codigo_muestreo":115178,"municipio":"ANDALUCÍA","aro":"Centro Tuluá","ambito":"Rural","tipo_sistema":"DISPERSA","prestador":"ASOCIACION RURAL COMUNITARIA DE AGUA POTABLE Y SANEAMIENTO BASICO DEL CORREGIMIENTO DE ALTA FLOR - ACUAFLOR","localidades":"ALTAFLOR","suscriptores":63,"poblacion":252,"forma_organizativa":"Autogestion","tipo_tratamiento":"Soluciones_Individuales","algun_tratamiento":1,"cantidad_fuentes":2,"fuente_abastecimiento":"TAMBORES, CHARCO BLANCO","tipo_fuente":"Superficial","estado_fuentes":"CON FUENTE ASOCIADA"}},{"type":"Feature","geometry":{"type":"Point","coordinates":[-76.14771,4.178069]},"properties":{"id_maestro":"ACUEDUCTO_0016","codigo_actual":"6494","codigo_anterior":"127158","codigo_muestreo":128335,"municipio":"ANDALUCÍA","aro":"Centro Tuluá","ambito":"Rural","tipo_sistema":"DISPERSA","prestador":"MUNICIPIO DE ANDALUCIA PEÑON ALTO","localidades":"PEÑON ALTO","suscriptores":36,"poblacion":144,"forma_organizativa":"Autogestion","tipo_tratamiento":"Planta Modular + Soluciones Individuales","algun_tratamiento":1,"cantidad_fuentes":1,"fuente_abastecimiento":"RIO BUGALAGRANDE","tipo_fuente":"Superficial","estado_fuentes":"CON FUENTE ASOCIADA"}},{"type":"Feature","geometry":{"type":"Point","coordinates":[-76.17447,4.176136]},"properties":{"id_maestro":"ACUEDUCTO_0017","codigo_actual":"201","codigo_anterior":"58650","codigo_muestreo":110375,"municipio":"ANDALUCÍA","aro":"Centro Tuluá","ambito":"Urbano","tipo_sistema":"CABECERA MUNICIPAL","prestador":"SOCIEDAD DE ACUEDUCTOS Y ALCANTARILLADOS DEL VALLE DEL CAUCA S.A. E.S.P. ACUAVALLE S.A. E.S.P. - ANDALUCIA","localidades":"URBANO, CAMPOALEGRE, ZABALETAS, EL SALTO, TAMBORAL, ZAJONDE PIEDRA, EL ORIENTE, MADRE VIEJA, LA PAZ","suscriptores":6492,"poblacion":25968,"forma_organizativa":"Empresa de Servicios Púplicos","tipo_tratamiento":"Convencional","algun_tratamiento":1,"cantidad_fuentes":1,"fuente_abastecimiento":"BUGALAGRANDE","tipo_fuente":"Superficial","estado_fuentes":"CON FUENTE ASOCIADA"}},{"type":"Feature","geometry":{"type":"Point","coordinates":[-76.08668,4.798836]},"properties":{"id_maestro":"ACUEDUCTO_0018","codigo_actual":"527","codigo_anterior":"81281","codigo_muestreo":106113,"municipio":"ANSERMANUEVO","aro":"Norte Cartago","ambito":"Rural","tipo_sistema":"DISPERSA","prestador":"ACUEDUCTO COMUNITARIO LA HONDURA","localidades":"LA HONDURA","suscriptores":38,"poblacion":152,"forma_organizativa":"Autogestion","tipo_tratamiento":"Solo desinfección","algun_tratamiento":"","cantidad_fuentes":1,"fuente_abastecimiento":"YARUMAL","tipo_fuente":"Superficial","estado_fuentes":"CON FUENTE ASOCIADA"}},{"type":"Feature","geometry":{"type":"Point","coordinates":[-76.00015,4.789765]},"properties":{"id_maestro":"ACUEDUCTO_0019","codigo_actual":"2161","codigo_anterior":"81280","codigo_muestreo":106109,"municipio":"ANSERMANUEVO","aro":"Norte Cartago","ambito":"Rural","tipo_sistema":"CENTRO POBLADO","prestador":"ACUEDUCTO COMUNITARIO SALAZAR","localidades":"BARRIO SALAZAR","suscriptores":280,"poblacion":1120,"forma_organizativa":"Autogestion","tipo_tratamiento":"Solo desinfección","algun_tratamiento":"","cantidad_fuentes":1,"fuente_abastecimiento":"LA RAIZ O SAN AGUSTIN","tipo_fuente":"Superficial","estado_fuentes":"CON FUENTE ASOCIADA"}},{"type":"Feature","geometry":{"type":"Point","coordinates":[-76.0595,4.789756]},"properties":{"id_maestro":"ACUEDUCTO_0020","codigo_actual":"2158","codigo_anterior":"126849","codigo_muestreo":119317,"municipio":"ANSERMANUEVO","aro":"Norte Cartago","ambito":"Rural","tipo_sistema":"DISPERSA","prestador":"ACUEDUCTO RURAL EL DIAMANTE","localidades":"EL DIAMANTE","suscriptores":25,"poblacion":100,"forma_organizativa":"Autogestion","tipo_tratamiento":"Ninguno","algun_tratamiento":"","cantidad_fuentes":1,"fuente_abastecimiento":"TORO","tipo_fuente":"Superficial","estado_fuentes":"CON FUENTE ASOCIADA"}},{"type":"Feature","geometry":{"type":"Point","coordinates":[-76.10079,4.831394]},"properties":{"id_maestro":"ACUEDUCTO_0021","codigo_actual":"528","codigo_anterior":"97410","codigo_muestreo":106111,"municipio":"ANSERMANUEVO","aro":"Norte Cartago","ambito":"Rural","tipo_sistema":"DISPERSA","prestador":"ACUEDUCTO RURAL VEREDA LA ESPERANZA","localidades":"LA ESPERANZA","suscriptores":28,"poblacion":0,"forma_organizativa":"Autogestion","tipo_tratamiento":"Solo desinfección","algun_tratamiento":"","cantidad_fuentes":3,"fuente_abastecimiento":"LA MORAVIA #1, BALCONES, LA MORAVIA #2","tipo_fuente":"Superficial","estado_fuentes":"CON FUENTE ASOCIADA"}},{"type":"Feature","geometry":{"type":"Point","coordinates":[-76.07967,4.763733]},"properties":{"id_maestro":"ACUEDUCTO_0022","codigo_actual":"2160","codigo_anterior":"103903","codigo_muestreo":116852,"municipio":"ANSERMANUEVO","aro":"Norte Cartago","ambito":"Rural","tipo_sistema":"DISPERSA","prestador":"ACUEDUCTO VEREDAS LAS PALOMAS- EL BOSQUE","localidades":"LAS PALOMAS","suscriptores":17,"poblacion":68,"forma_organizativa":"Autogestion","tipo_tratamiento":"Ninguno","algun_tratamiento":"","cantidad_fuentes":1,"fuente_abastecimiento":"LAS PALOMAS","tipo_fuente":"Superficial","estado_fuentes":"CON FUENTE ASOCIADA"}},{"type":"Feature","geometry":{"type":"Point","coordinates":[-76.13472,4.846694]},"properties":{"id_maestro":"ACUEDUCTO_0023","codigo_actual":"2154","codigo_anterior":"81560","codigo_muestreo":115478,"municipio":"ANSERMANUEVO","aro":"Norte Cartago","ambito":"Rural","tipo_sistema":"DISPERSA","prestador":"ASOCIACION DE USUARIOS DEL ACUEDUCTOS DEL ROBLE MUNICIPIO DE ANSERMANUEVO -ACUAROBLE - SISTEMA 1","localidades":"EL ROBLE, LUSITANIA, LA DIAMANTINA","suscriptores":135,"poblacion":0,"forma_organizativa":"Empresa de Servicios Púplicos","tipo_tratamiento":"Solo desinfección","algun_tratamiento":"","cantidad_fuentes":0,"fuente_abastecimiento":"","tipo_fuente":"","estado_fuentes":"SIN FUENTE ASOCIADA"}},{"type":"Feature","geometry":{"type":"Point","coordinates":[-76.0595,4.824403]},"properties":{"id_maestro":"ACUEDUCTO_0024","codigo_actual":"3461","codigo_anterior":"81560","codigo_muestreo":127900,"municipio":"ANSERMANUEVO","aro":"Norte Cartago","ambito":"Rural","tipo_sistema":"DISPERSA","prestador":"ASOCIACION DE USUARIOS DEL ACUEDUCTOS DEL ROBLE MUNICIPIO DE ANSERMANUEVO - ACUAROBLE - SISTEMA 2","localidades":"LA QUIEBRA DEL ROBLE, EL CIPRES, SANTA BARBARA, TRES ESQUINAS, LA PUERTA","suscriptores":96,"poblacion":384,"forma_organizativa":"Empresa de Servicios Púplicos","tipo_tratamiento":"Ninguno","algun_tratamiento":"","cantidad_fuentes":0,"fuente_abastecimiento":"","tipo_fuente":"","estado_fuentes":"SIN FUENTE ASOCIADA"}},{"type":"Feature","geometry":{"type":"Point","coordinates":[-76.00722,4.865075]},"properties":{"id_maestro":"ACUEDUCTO_0025","codigo_actual":"9345","codigo_anterior":"86924","codigo_muestreo":111626,"municipio":"ANSERMANUEVO","aro":"Norte Cartago","ambito":"Rural","tipo_sistema":"CENTRO POBLADO","prestador":"ASOCIACION DE USUARIOS DEL ACUEDUCTO EL VERGEL -ACUAVERGEL","localidades":"EL VERGEL, LA PEDRERA","suscriptores":220,"poblacion":880,"forma_organizativa":"Autogestion","tipo_tratamiento":"FIME","algun_tratamiento":1,"cantidad_fuentes":3,"fuente_abastecimiento":"LA PALMA, LA SOLEDAD, QUINCE LETRAS","tipo_fuente":"Superficial","estado_fuentes":"CON FUENTE ASOCIADA"}},{"type":"Feature","geometry":{"type":"Point","coordinates":[-76.02364,4.828639]},"properties":{"id_maestro":"ACUEDUCTO_0026","codigo_actual":"19800","codigo_anterior":"103159","codigo_muestreo":null,"municipio":"ANSERMANUEVO","aro":"Norte Cartago","ambito":"Rural","tipo_sistema":"DISPERSA","prestador":"ASOCIACION DE USUARIOS DEL ACUEDUCTO RURAL COMUNITARIO DE LA VEREDA EL REAL BRILLANTE","localidades":"REAL BRILLANTE","suscriptores":10,"poblacion":0,"forma_organizativa":"Autogestion","tipo_tratamiento":"Ninguno","algun_tratamiento":"","cantidad_fuentes":0,"fuente_abastecimiento":"","tipo_fuente":"","estado_fuentes":"SIN FUENTE ASOCIADA"}},{"type":"Feature","geometry":{"type":"Point","coordinates":[-76.11026,4.828097]},"properties":{"id_maestro":"ACUEDUCTO_0027","codigo_actual":"530","codigo_anterior":"102412","codigo_muestreo":106117,"municipio":"ANSERMANUEVO","aro":"Norte Cartago","ambito":"Rural","tipo_sistema":"DISPERSA","prestador":"ASOCIACION GESTIÓN COMUNITARIA DE AGUA DE LA COMUNIDAD VEREDA LA DIVISA","localidades":"LA DIVISA","suscriptores":14,"poblacion":56,"forma_organizativa":"Autogestion","tipo_tratamiento":"Solo desinfección","algun_tratamiento":"","cantidad_fuentes":1,"fuente_abastecimiento":"PATIO BONITO","tipo_fuente":"Subterránea","estado_fuentes":"CON FUENTE ASOCIADA"}},{"type":"Feature","geometry":{"type":"Point","coordinates":[-76.10246,4.767839]},"properties":{"id_maestro":"ACUEDUCTO_0028","codigo_actual":"3457","codigo_anterior":"88266","codigo_muestreo":110449,"municipio":"ANSERMANUEVO","aro":"Norte Cartago","ambito":"Rural","tipo_sistema":"DISPERSA","prestador":"ASOCIACION GESTION COMUNITARIA DEL AGUA DE LA COMUNIDAD RURAL LA POPALITA","localidades":"LA POPALITA","suscriptores":26,"poblacion":104,"forma_organizativa":"Autogestion","tipo_tratamiento":"Solo desinfección","algun_tratamiento":"","cantidad_fuentes":1,"fuente_abastecimiento":"LA POPALITA","tipo_fuente":"Superficial","estado_fuentes":"CON FUENTE ASOCIADA"}},{"type":"Feature","geometry":{"type":"Point","coordinates":[-76.07942,4.786725]},"properties":{"id_maestro":"ACUEDUCTO_0029","codigo_actual":"2149","codigo_anterior":"110255","codigo_muestreo":110596,"municipio":"ANSERMANUEVO","aro":"Norte Cartago","ambito":"Rural","tipo_sistema":"DISPERSA","prestador":"ASOCIACION GESTORA COMUNITARIA DEL AGUA DE LA COMUNIDAD RURAL REAL PLACER (ACUAPLACER)","localidades":"REAL PLACER","suscriptores":9,"poblacion":36,"forma_organizativa":"Autogestion","tipo_tratamiento":"Solo desinfección","algun_tratamiento":"","cantidad_fuentes":1,"fuente_abastecimiento":"EL PLACER","tipo_fuente":"Superficial","estado_fuentes":"CON FUENTE ASOCIADA"}},{"type":"Feature","geometry":{"type":"Point","coordinates":[-76.08022,4.755024]},"properties":{"id_maestro":"ACUEDUCTO_0030","codigo_actual":"2147","codigo_anterior":"80702","codigo_muestreo":106112,"municipio":"ANSERMANUEVO","aro":"Norte Cartago","ambito":"Rural","tipo_sistema":"DISPERSA","prestador":"ASOCIACION GESTORA COMUNITARIA DEL AGUA DEL CORREGIMIENTO LA CABAÑA","localidades":"LA CABAÑA.","suscriptores":42,"poblacion":168,"forma_organizativa":"Autogestion","tipo_tratamiento":"Solo desinfección","algun_tratamiento":"","cantidad_fuentes":1,"fuente_abastecimiento":"LA RIVERA Y LA CRISTALINA","tipo_fuente":"Superficial","estado_fuentes":"CON FUENTE ASOCIADA"}},{"type":"Feature","geometry":{"type":"Point","coordinates":[-76.13214,4.779389]},"properties":{"id_maestro":"ACUEDUCTO_0031","codigo_actual":"3459","codigo_anterior":"143327","codigo_muestreo":null,"municipio":"ANSERMANUEVO","aro":"Norte Cartago","ambito":"Rural","tipo_sistema":"DISPERSA","prestador":"JUNTA ADMINISTRADORA ACUEDUCTO RURAL EL TIGRE( VEREDA BAJO TIGRE)","localidades":"EL TIGRE","suscriptores":37,"poblacion":148,"forma_organizativa":"Autogestion","tipo_tratamiento":"Ninguno","algun_tratamiento":"","cantidad_fuentes":0,"fuente_abastecimiento":"","tipo_fuente":"","estado_fuentes":"SIN FUENTE ASOCIADA"}},{"type":"Feature","geometry":{"type":"Point","coordinates":[-76.1075,4.779169]},"properties":{"id_maestro":"ACUEDUCTO_0032","codigo_actual":"3460","codigo_anterior":"110129","codigo_muestreo":109398,"municipio":"ANSERMANUEVO","aro":"Norte Cartago","ambito":"Rural","tipo_sistema":"DISPERSA","prestador":"JUNTA ADMON ACUEDUCTO EL CASTILLO ALTO Y BAJO","localidades":"EL CASTILLO","suscriptores":35,"poblacion":40,"forma_organizativa":"Autogestion","tipo_tratamiento":"Solo desinfección","algun_tratamiento":"","cantidad_fuentes":1,"fuente_abastecimiento":"EL CASTILLO","tipo_fuente":"Superficial","estado_fuentes":"CON FUENTE ASOCIADA"}},{"type":"Feature","geometry":{"type":"Point","coordinates":[-76.12842,4.780883]},"properties":{"id_maestro":"ACUEDUCTO_0033","codigo_actual":"3458","codigo_anterior":"87910","codigo_muestreo":110602,"municipio":"ANSERMANUEVO","aro":"Norte Cartago","ambito":"Rural","tipo_sistema":"DISPERSA","prestador":"JUNTA ADMON ACUEDUCTO EL TIGRE (VEREDA ALTO TIGRE)","localidades":"EL TIGRE","suscriptores":16,"poblacion":64,"forma_organizativa":"Autogestion","tipo_tratamiento":"Ninguno","algun_tratamiento":"","cantidad_fuentes":0,"fuente_abastecimiento":"","tipo_fuente":"","estado_fuentes":"SIN FUENTE ASOCIADA"}},{"type":"Feature","geometry":{"type":"Point","coordinates":[-76.09104,4.819986]},"properties":{"id_maestro":"ACUEDUCTO_0034","codigo_actual":"532","codigo_anterior":"80699","codigo_muestreo":106115,"municipio":"ANSERMANUEVO","aro":"Norte Cartago","ambito":"Rural","tipo_sistema":"CENTRO POBLADO","prestador":"JUNTA DE ACCION COMUNAL ACUEDUCTO EL VILLAR","localidades":"EL VILLAR","suscriptores":168,"poblacion":672,"forma_organizativa":"Autogestion","tipo_tratamiento":"Solo desinfección","algun_tratamiento":"","cantidad_fuentes":2,"fuente_abastecimiento":"CHIMBORAZO # 2, CHIMBORAZO # 1","tipo_fuente":"Superficial","estado_fuentes":"CON FUENTE ASOCIADA"}},{"type":"Feature","geometry":{"type":"Point","coordinates":[-75.99252,4.796672]},"properties":{"id_maestro":"ACUEDUCTO_0036","codigo_actual":"60","codigo_anterior":"86244","codigo_muestreo":89241,"municipio":"ANSERMANUEVO","aro":"Norte Cartago","ambito":"Urbano","tipo_sistema":"CABECERA MUNICIPAL","prestador":"SOCIEDAD DE ACUEDUCTOS Y ALCANTARILLADOS DEL VALLE DEL CAUCA S.A. E.S.P. ACUAVALLE S.A. E.S.P.-ANSERMANUEVO","localidades":"URBANO, ANACARO, GRAMALOTE","suscriptores":3449,"poblacion":13796,"forma_organizativa":"Empresa de Servicios Púplicos","tipo_tratamiento":"Convencional","algun_tratamiento":1,"cantidad_fuentes":2,"fuente_abastecimiento":"TORO, SAN AGUSTÍN O LA RAÍZ","tipo_fuente":"Superficial","estado_fuentes":"CON FUENTE ASOCIADA"}},{"type":"Feature","geometry":{"type":"Point","coordinates":[-76.12979,4.684519]},"properties":{"id_maestro":"ACUEDUCTO_0038","codigo_actual":"1027","codigo_anterior":"11932","codigo_muestreo":116647,"municipio":"ARGELIA","aro":"Norte Cartago","ambito":"Rural","tipo_sistema":"CENTRO POBLADO","prestador":"ADMINISTRACION COOPERATIVA SAN ROQUE- LA SOLEDAD","localidades":"LA SOLEDAD , LA PAZ, LA PRIMAVERA, TARRITOS, EL RIO","suscriptores":200,"poblacion":800,"forma_organizativa":"Empresa de Servicios Púplicos","tipo_tratamiento":"Soluciones_Individuales (40_Tarritos)","algun_tratamiento":"","cantidad_fuentes":4,"fuente_abastecimiento":"LOS PITOS, ALTO TIGRE, SOLEDAD, LOS CHORROS","tipo_fuente":"Superficial","estado_fuentes":"CON FUENTE ASOCIADA"}},{"type":"Feature","geometry":{"type":"Point","coordinates":[-76.15353,4.725194]},"properties":{"id_maestro":"ACUEDUCTO_0039","codigo_actual":"3511","codigo_anterior":"91938","codigo_muestreo":115191,"municipio":"ARGELIA","aro":"Norte Cartago","ambito":"Rural","tipo_sistema":"CENTRO POBLADO","prestador":"ADMINISTRACION COOPERATIVA SAN ROQUE-LAS BRISAS - RAIZAL SISTEMA # 2","localidades":"LAS BRISAS, EL RAIZAL, LA AURORA, CAJONES, LA PAZ","suscriptores":200,"poblacion":800,"forma_organizativa":"Empresa de Servicios Púplicos","tipo_tratamiento":"Solo desinfección","algun_tratamiento":"","cantidad_fuentes":0,"fuente_abastecimiento":"","tipo_fuente":"","estado_fuentes":"SIN FUENTE ASOCIADA"}},{"type":"Feature","geometry":{"type":"Point","coordinates":[-76.13552,4.657419]},"properties":{"id_maestro":"ACUEDUCTO_0040","codigo_actual":"1029","codigo_anterior":"80692","codigo_muestreo":106084,"municipio":"ARGELIA","aro":"Norte Cartago","ambito":"Rural","tipo_sistema":"DISPERSA","prestador":"ASOCIACION DE USUARIOS DEL ACUEDUCTO LA CRISTALINA","localidades":"LA CRISTALINA","suscriptores":18,"poblacion":72,"forma_organizativa":"Empresa de Servicios Púplicos","tipo_tratamiento":"Soluciones_Individuales","algun_tratamiento":"","cantidad_fuentes":1,"fuente_abastecimiento":"LA CRISTALINA","tipo_fuente":"Superficial","estado_fuentes":"CON FUENTE ASOCIADA"}},{"type":"Feature","geometry":{"type":"Point","coordinates":[-76.13666,4.707275]},"properties":{"id_maestro":"ACUEDUCTO_0041","codigo_actual":"3508","codigo_anterior":"81233","codigo_muestreo":106080,"municipio":"ARGELIA","aro":"Norte Cartago","ambito":"Rural","tipo_sistema":"DISPERSA","prestador":"ASOCIACION DE USUARIOS DEL ACUEDUCTO LA PALMA","localidades":"LA PALMA, LA BELLA, LA TEBAIDA, CALENTADEROS, RECREO, CRUCERO.","suscriptores":92,"poblacion":368,"forma_organizativa":"Empresa de Servicios Púplicos","tipo_tratamiento":"Solo desinfección","algun_tratamiento":"","cantidad_fuentes":6,"fuente_abastecimiento":"LA SIERRA 4, LA SIERRA 5, LA SIERRA 2, LA SIERRA 3, LA SIERRA, LA SIERRA 1","tipo_fuente":"Superficial","estado_fuentes":"CON FUENTE ASOCIADA"}},{"type":"Feature","geometry":{"type":"Point","coordinates":[-76.14687,4.676778]},"properties":{"id_maestro":"ACUEDUCTO_0042","codigo_actual":"1016","codigo_anterior":"81231","codigo_muestreo":106077,"municipio":"ARGELIA","aro":"Norte Cartago","ambito":"Rural","tipo_sistema":"DISPERSA","prestador":"ASOCIACION DE USUARIOS DEL ACUEDUCTO RURAL COMUNITARIO DEL CORREGIMIENTO DE MARACAIBO","localidades":"MARACAIBO","suscriptores":85,"poblacion":340,"forma_organizativa":"Autogestion","tipo_tratamiento":"Filtración Compacta+Soluciones_Individuales (46)","algun_tratamiento":1,"cantidad_fuentes":1,"fuente_abastecimiento":"VILLA LOBOS","tipo_fuente":"Superficial","estado_fuentes":"CON FUENTE ASOCIADA"}},{"type":"Feature","geometry":{"type":"Point","coordinates":[-76.12234,4.725106]},"properties":{"id_maestro":"ACUEDUCTO_0043","codigo_actual":"1068","codigo_anterior":"81278","codigo_muestreo":126053,"municipio":"ARGELIA","aro":"Norte Cartago","ambito":"Rural","tipo_sistema":"DISPERSA","prestador":"JUNTA ADMINISTRADORA DEL ACUEDUCTO BARRIO VILLA NUBIA","localidades":"BARRIO VILLANUBIA","suscriptores":14,"poblacion":56,"forma_organizativa":"Autogestion","tipo_tratamiento":"Solo desinfección","algun_tratamiento":"","cantidad_fuentes":1,"fuente_abastecimiento":"LOS GEMELOS","tipo_fuente":"Superficial","estado_fuentes":"CON FUENTE ASOCIADA"}},{"type":"Feature","geometry":{"type":"Point","coordinates":[-76.06664,4.100292]},"properties":{"id_maestro":"ACUEDUCTO_0044","codigo_actual":"SD","codigo_anterior":"91935","codigo_muestreo":null,"municipio":"ARGELIA","aro":"Norte Cartago","ambito":"Rural","tipo_sistema":"DISPERSA","prestador":"JUNTA ADMINISTRATIVA CALENTADORES","localidades":"CALENTADORES","suscriptores":19,"poblacion":76,"forma_organizativa":"Autogestion","tipo_tratamiento":"Soluciones_Individuales","algun_tratamiento":"","cantidad_fuentes":0,"fuente_abastecimiento":"","tipo_fuente":"","estado_fuentes":"SIN FUENTE ASOCIADA"}},{"type":"Feature","geometry":{"type":"Point","coordinates":[-76.11389,4.729889]},"properties":{"id_maestro":"ACUEDUCTO_0045","codigo_actual":"64","codigo_anterior":"86246","codigo_muestreo":89242,"municipio":"ARGELIA","aro":"Norte Cartago","ambito":"Urbano","tipo_sistema":"CABECERA MUNICIPAL","prestador":"SOCIEDAD DE ACUEDUCTOS Y ALCANTARILLADOS DEL VALLE DEL CAUCA S.A. E.S.P. ACUAVALLE S.A. E.S.P.-ARGELIA","localidades":"URBANO, LA ESTRELLA","suscriptores":786,"poblacion":3144,"forma_organizativa":"Empresa de Servicios Púplicos","tipo_tratamiento":"Convencional","algun_tratamiento":1,"cantidad_fuentes":2,"fuente_abastecimiento":"EL DIAMANTE, EL CEBRAL O PARAÍSO VERDE","tipo_fuente":"Superficial","estado_fuentes":"CON FUENTE ASOCIADA"}},{"type":"Feature","geometry":{"type":"Point","coordinates":[-76.27541,4.328061]},"properties":{"id_maestro":"ACUEDUCTO_0046","codigo_actual":"235","codigo_anterior":"62251","codigo_muestreo":113528,"municipio":"BOLÍVAR","aro":"Centro Tuluá","ambito":"Rural","tipo_sistema":"DISPERSA","prestador":"ACUASALUD \"PUNTA LARGA\"","localidades":"PUNTA LARGA","suscriptores":42,"poblacion":168,"forma_organizativa":"Autogestion","tipo_tratamiento":"Solo desinfección","algun_tratamiento":"","cantidad_fuentes":1,"fuente_abastecimiento":"LA RIVERA","tipo_fuente":"Superficial","estado_fuentes":"CON FUENTE ASOCIADA"}},{"type":"Feature","geometry":{"type":"Point","coordinates":[-76.3064,4.284747]},"properties":{"id_maestro":"ACUEDUCTO_0047","codigo_actual":"260","codigo_anterior":"113719","codigo_muestreo":113718,"municipio":"BOLÍVAR","aro":"Centro Tuluá","ambito":"Rural","tipo_sistema":"DISPERSA","prestador":"ACUEDUCTO CORPOSANISIDRO","localidades":"SAN ISIDRO","suscriptores":70,"poblacion":280,"forma_organizativa":"Autogestion","tipo_tratamiento":"Solo desinfección","algun_tratamiento":"","cantidad_fuentes":1,"fuente_abastecimiento":"RIO CALAMAR","tipo_fuente":"Superficial","estado_fuentes":"CON FUENTE ASOCIADA"}},{"type":"Feature","geometry":{"type":"Point","coordinates":[-76.22577,4.379042]},"properties":{"id_maestro":"ACUEDUCTO_0048","codigo_actual":"1125","codigo_anterior":"61920","codigo_muestreo":113532,"municipio":"BOLÍVAR","aro":"Centro Tuluá","ambito":"Rural","tipo_sistema":"DISPERSA","prestador":"ACUEDUCTO LA REFORMA VEREDA LA AGUADA","localidades":"LA AGUADA","suscriptores":170,"poblacion":680,"forma_organizativa":"Autogestion","tipo_tratamiento":"Filtración Compacta","algun_tratamiento":1,"cantidad_fuentes":1,"fuente_abastecimiento":"LA PEDIZGOZA","tipo_fuente":"Superficial","estado_fuentes":"CON FUENTE ASOCIADA"}},{"type":"Feature","geometry":{"type":"Point","coordinates":[-76.29456,4.476075]},"properties":{"id_maestro":"ACUEDUCTO_0049","codigo_actual":null,"codigo_anterior":"125671","codigo_muestreo":144829,"municipio":"BOLÍVAR","aro":"Centro Tuluá","ambito":"Rural","tipo_sistema":"DISPERSA","prestador":"ACUEDUCTO RURAL CABAÑA ALTA","localidades":"CABAÑA ALTA","suscriptores":15,"poblacion":60,"forma_organizativa":"Autogestion","tipo_tratamiento":"Ninguno","algun_tratamiento":"","cantidad_fuentes":1,"fuente_abastecimiento":"EL RUMBADOR","tipo_fuente":"Superficial","estado_fuentes":"CON FUENTE ASOCIADA"}},{"type":"Feature","geometry":{"type":"Point","coordinates":[-76.15889,4.180136]},"properties":{"id_maestro":"ACUEDUCTO_0050","codigo_actual":"11681","codigo_anterior":"125674","codigo_muestreo":144830,"municipio":"BOLÍVAR","aro":"Centro Tuluá","ambito":"Rural","tipo_sistema":"DISPERSA","prestador":"ACUEDUCTO RURAL CABAÑA BAJA","localidades":"CABAÑA BAJA","suscriptores":17,"poblacion":68,"forma_organizativa":"Autogestion","tipo_tratamiento":"Ninguno","algun_tratamiento":"","cantidad_fuentes":1,"fuente_abastecimiento":"RUMBADOR","tipo_fuente":"Superficial","estado_fuentes":"CON FUENTE ASOCIADA"}},{"type":"Feature","geometry":{"type":"Point","coordinates":[-76.31556,4.356667]},"properties":{"id_maestro":"ACUEDUCTO_0051","codigo_actual":"13850","codigo_anterior":"126660","codigo_muestreo":126687,"municipio":"BOLÍVAR","aro":"Centro Tuluá","ambito":"Rural","tipo_sistema":"DISPERSA","prestador":"ACUEDUCTO RURAL EL FUSIL","localidades":"EL FUSIL","suscriptores":12,"poblacion":48,"forma_organizativa":"Autogestion","tipo_tratamiento":"Ninguno","algun_tratamiento":"","cantidad_fuentes":1,"fuente_abastecimiento":"QUEBRADA BOLIVIA","tipo_fuente":"Superficial","estado_fuentes":"CON FUENTE ASOCIADA"}},{"type":"Feature","geometry":{"type":"Point","coordinates":[-76.36311,4.293503]},"properties":{"id_maestro":"ACUEDUCTO_0052","codigo_actual":null,"codigo_anterior":"122556","codigo_muestreo":118207,"municipio":"BOLÍVAR","aro":"Centro Tuluá","ambito":"Rural","tipo_sistema":"DISPERSA","prestador":"ACUEDUCTO RURAL EL MATADERO DOS QUEBRADAS","localidades":"DOS QUEBRADAS","suscriptores":27,"poblacion":108,"forma_organizativa":"Autogestion","tipo_tratamiento":"Ninguno","algun_tratamiento":"","cantidad_fuentes":1,"fuente_abastecimiento":"DOS QUEBRADAS","tipo_fuente":"Subterránea","estado_fuentes":"CON FUENTE ASOCIADA"}},{"type":"Feature","geometry":{"type":"Point","coordinates":[-76.20946,4.309453]},"properties":{"id_maestro":"ACUEDUCTO_0053","codigo_actual":"183","codigo_anterior":"62095","codigo_muestreo":113457,"municipio":"BOLÍVAR","aro":"Centro Tuluá","ambito":"Rural","tipo_sistema":"CENTRO POBLADO","prestador":"ASOCIACION DE USUARIO DEL AGUA POTABLE Y ALCANTARILLADO DE RICAURTE","localidades":"RICAURTE","suscriptores":640,"poblacion":2560,"forma_organizativa":"Autogestion","tipo_tratamiento":"FIME","algun_tratamiento":1,"cantidad_fuentes":1,"fuente_abastecimiento":"SARA BRUT","tipo_fuente":"Superficial","estado_fuentes":"CON FUENTE ASOCIADA"}},{"type":"Feature","geometry":{"type":"Point","coordinates":[-76.35307,4.356414]},"properties":{"id_maestro":"ACUEDUCTO_0054","codigo_actual":"2168","codigo_anterior":"113587","codigo_muestreo":113586,"municipio":"BOLÍVAR","aro":"Centro Tuluá","ambito":"Rural","tipo_sistema":"CENTRO POBLADO","prestador":"ASOCIACION DE USUARIOS ACUEDCUTO DE NARANJAL","localidades":"DE NARANJAL","suscriptores":500,"poblacion":2000,"forma_organizativa":"Empresa de Servicios Púplicos","tipo_tratamiento":"Solo desinfección","algun_tratamiento":"","cantidad_fuentes":0,"fuente_abastecimiento":"","tipo_fuente":"","estado_fuentes":"SIN FUENTE ASOCIADA"}},{"type":"Feature","geometry":{"type":"Point","coordinates":[-76.25591,4.378178]},"properties":{"id_maestro":"ACUEDUCTO_0055","codigo_actual":"1128","codigo_anterior":"64925","codigo_muestreo":120403,"municipio":"BOLÍVAR","aro":"Centro Tuluá","ambito":"Rural","tipo_sistema":"DISPERSA","prestador":"ASOCIACION DE USUARIOS ACUEDUCTO LA MARIA","localidades":"LA MARIA","suscriptores":60,"poblacion":240,"forma_organizativa":"Autogestion","tipo_tratamiento":"Solo desinfección","algun_tratamiento":"","cantidad_fuentes":2,"fuente_abastecimiento":"LAS OLAS, LA SECRETA","tipo_fuente":"Superficial","estado_fuentes":"CON FUENTE ASOCIADA"}},{"type":"Feature","geometry":{"type":"Point","coordinates":[-76.245,4.386394]},"properties":{"id_maestro":"ACUEDUCTO_0056","codigo_actual":"1116","codigo_anterior":"60116","codigo_muestreo":113459,"municipio":"BOLÍVAR","aro":"Centro Tuluá","ambito":"Rural","tipo_sistema":"CENTRO POBLADO","prestador":"ASOCIACION DE USUARIOS ACUEDUCTO LA TULIA","localidades":"LA TULIA","suscriptores":500,"poblacion":2000,"forma_organizativa":"Autogestion","tipo_tratamiento":"FIME","algun_tratamiento":1,"cantidad_fuentes":2,"fuente_abastecimiento":"QUEBRADA TESALIA","tipo_fuente":"Superficial","estado_fuentes":"CON FUENTE ASOCIADA"}},{"type":"Feature","geometry":{"type":"Point","coordinates":[-76.30953,4.462044]},"properties":{"id_maestro":"ACUEDUCTO_0057","codigo_actual":null,"codigo_anterior":"103476","codigo_muestreo":113519,"municipio":"BOLÍVAR","aro":"Centro Tuluá","ambito":"Rural","tipo_sistema":"DISPERSA","prestador":"ASOCIACION DE USUARIOS ACUEDUCTO RURAL EL ORO","localidades":"EL ORO","suscriptores":30,"poblacion":120,"forma_organizativa":"Autogestion","tipo_tratamiento":"Ninguno","algun_tratamiento":"","cantidad_fuentes":2,"fuente_abastecimiento":"EL DIABLO, EL INDIO","tipo_fuente":"Superficial-Subterránea","estado_fuentes":"CON FUENTE ASOCIADA"}},{"type":"Feature","geometry":{"type":"Point","coordinates":[-76.25172,4.396928]},"properties":{"id_maestro":"ACUEDUCTO_0058","codigo_actual":"2171","codigo_anterior":"121705","codigo_muestreo":122025,"municipio":"BOLÍVAR","aro":"Centro Tuluá","ambito":"Rural","tipo_sistema":"DISPERSA","prestador":"ASOCIACION DE USUARIOS DEL ACUEDUCTO DE BUENOS AIRES","localidades":"BUENOS AIRES","suscriptores":30,"poblacion":120,"forma_organizativa":"Autogestion","tipo_tratamiento":"Solo desinfección","algun_tratamiento":"","cantidad_fuentes":1,"fuente_abastecimiento":"LA LEONOR","tipo_fuente":"Superficial","estado_fuentes":"CON FUENTE ASOCIADA"}},{"type":"Feature","geometry":{"type":"Point","coordinates":[-76.25185,4.390028]},"properties":{"id_maestro":"ACUEDUCTO_0059","codigo_actual":"12872","codigo_anterior":"111988","codigo_muestreo":115181,"municipio":"BOLÍVAR","aro":"Centro Tuluá","ambito":"Rural","tipo_sistema":"DISPERSA","prestador":"ASOCIACION DE USUARIOS DEL ACUEDUCTO EL BOSQUE # 1","localidades":"EL BOSQUE","suscriptores":34,"poblacion":136,"forma_organizativa":"Autogestion","tipo_tratamiento":"Solo desinfección","algun_tratamiento":"","cantidad_fuentes":1,"fuente_abastecimiento":"LA CRISTALINA","tipo_fuente":"Superficial","estado_fuentes":"CON FUENTE ASOCIADA"}},{"type":"Feature","geometry":{"type":"Point","coordinates":[-76.21391,4.275642]},"properties":{"id_maestro":"ACUEDUCTO_0060","codigo_actual":"2170","codigo_anterior":"59619","codigo_muestreo":115175,"municipio":"BOLÍVAR","aro":"Centro Tuluá","ambito":"Rural","tipo_sistema":"CENTRO POBLADO","prestador":"ASOCIACION DE USUARIOS DEL ACUEDUCTO LA HERRADURA","localidades":"LA HERRADURA","suscriptores":131,"poblacion":524,"forma_organizativa":"Autogestion","tipo_tratamiento":"Solo desinfección","algun_tratamiento":"","cantidad_fuentes":1,"fuente_abastecimiento":"DOS QUEBRADAS","tipo_fuente":"Superficial","estado_fuentes":"CON FUENTE ASOCIADA"}},{"type":"Feature","geometry":{"type":"Point","coordinates":[-76.24426,4.391014]},"properties":{"id_maestro":"ACUEDUCTO_0061","codigo_actual":"1115","codigo_anterior":"117594","codigo_muestreo":119537,"municipio":"BOLÍVAR","aro":"Centro Tuluá","ambito":"Rural","tipo_sistema":"DISPERSA","prestador":"ASOCIACION DE USUARIOS DEL ACUEDUCTO LA TULIA PORVENIR","localidades":"LA TULIA","suscriptores":80,"poblacion":320,"forma_organizativa":"Autogestion","tipo_tratamiento":"Solo desinfección","algun_tratamiento":"","cantidad_fuentes":0,"fuente_abastecimiento":"","tipo_fuente":"","estado_fuentes":"SIN FUENTE ASOCIADA"}},{"type":"Feature","geometry":{"type":"Point","coordinates":[-76.24296,4.390367]},"properties":{"id_maestro":"ACUEDUCTO_0062","codigo_actual":"1117","codigo_anterior":"58632","codigo_muestreo":113667,"municipio":"BOLÍVAR","aro":"Centro Tuluá","ambito":"Rural","tipo_sistema":"DISPERSA","prestador":"ASOCIACION DE USUARIOS DEL ACUEDUCTO RURAL COMUNITARIO DE LA VEREDA LA PLAZUELA","localidades":"LA PLAZUELA","suscriptores":60,"poblacion":240,"forma_organizativa":"Empresa de Servicios Púplicos","tipo_tratamiento":"Solo desinfección","algun_tratamiento":"","cantidad_fuentes":3,"fuente_abastecimiento":"LA NEGRA, RURITO, LA PEDREGOZA","tipo_fuente":"Superficial","estado_fuentes":"CON FUENTE ASOCIADA"}},{"type":"Feature","geometry":{"type":"Point","coordinates":[-76.32549,4.411886]},"properties":{"id_maestro":"ACUEDUCTO_0063","codigo_actual":null,"codigo_anterior":"112140","codigo_muestreo":113512,"municipio":"BOLÍVAR","aro":"Centro Tuluá","ambito":"Rural","tipo_sistema":"CENTRO POBLADO","prestador":"ASOCIACION DE USUARIOS DEL ACUEDUCTO RURAL COMUNITARIO DE LAS VEREDAS AGUAS LINDAS Y BUENOS AIRES","localidades":"AGUAS LINDAS","suscriptores":61,"poblacion":244,"forma_organizativa":"Autogestion","tipo_tratamiento":"Ninguno","algun_tratamiento":"","cantidad_fuentes":1,"fuente_abastecimiento":"EL ESQUELETO","tipo_fuente":"Superficial","estado_fuentes":"CON FUENTE ASOCIADA"}},{"type":"Feature","geometry":{"type":"Point","coordinates":[-76.24526,4.359753]},"properties":{"id_maestro":"ACUEDUCTO_0064","codigo_actual":"1118","codigo_anterior":"65809","codigo_muestreo":113531,"municipio":"BOLÍVAR","aro":"Centro Tuluá","ambito":"Rural","tipo_sistema":"DISPERSA","prestador":"ASOCIACION DE USUARIOS DEL ACUEDUCTO RURAL DE LAS VEREDAS EL BOSQUE LA ALDANA","localidades":"LA ALDANA","suscriptores":42,"poblacion":168,"forma_organizativa":"Empresa de Servicios Púplicos","tipo_tratamiento":"Solo desinfección","algun_tratamiento":"","cantidad_fuentes":1,"fuente_abastecimiento":"AGUACATAL","tipo_fuente":"Superficial","estado_fuentes":"CON FUENTE ASOCIADA"}},{"type":"Feature","geometry":{"type":"Point","coordinates":[-76.22583,4.328333]},"properties":{"id_maestro":"ACUEDUCTO_0065","codigo_actual":"2169","codigo_anterior":"58630","codigo_muestreo":115170,"municipio":"BOLÍVAR","aro":"Centro Tuluá","ambito":"Rural","tipo_sistema":"DISPERSA","prestador":"ASOCIACION DE USUARIOS DEL SERVICIO COMUNITARIO DE LA MONTAÑUELA - AUSCRAALMA","localidades":"LA MONTAÑUELA","suscriptores":70,"poblacion":280,"forma_organizativa":"Empresa de Servicios Púplicos","tipo_tratamiento":"Solo desinfección","algun_tratamiento":"","cantidad_fuentes":0,"fuente_abastecimiento":"","tipo_fuente":"","estado_fuentes":"SIN FUENTE ASOCIADA"}},{"type":"Feature","geometry":{"type":"Point","coordinates":[-76.2639,4.353333]},"properties":{"id_maestro":"ACUEDUCTO_0066","codigo_actual":"258","codigo_anterior":"58631","codigo_muestreo":113458,"municipio":"BOLÍVAR","aro":"Centro Tuluá","ambito":"Rural","tipo_sistema":"CENTRO POBLADO","prestador":"ASOCIACION DE USUARIOS DEL SERVICIO DE AGUA POTABLE Y ALCANTARILLADO DE PRIMAVERA","localidades":"PRIMAVERA","suscriptores":490,"poblacion":1960,"forma_organizativa":"Autogestion","tipo_tratamiento":"FIME","algun_tratamiento":1,"cantidad_fuentes":1,"fuente_abastecimiento":"LA GRECIA","tipo_fuente":"Superficial","estado_fuentes":"CON FUENTE ASOCIADA"}},{"type":"Feature","geometry":{"type":"Point","coordinates":[-76.28697,4.279806]},"properties":{"id_maestro":"ACUEDUCTO_0067","codigo_actual":"200","codigo_anterior":"60381","codigo_muestreo":109417,"municipio":"BOLÍVAR","aro":"Centro Tuluá","ambito":"Rural","tipo_sistema":"CENTRO POBLADO","prestador":"ASOCIACION USUARIOS ACUEDUCTO COLECTIVO CERRO AZUL","localidades":"CERRO AZUL, LA SOLEDAD","suscriptores":250,"poblacion":1000,"forma_organizativa":"Autogestion","tipo_tratamiento":"Solo desinfección","algun_tratamiento":"","cantidad_fuentes":1,"fuente_abastecimiento":"RIO CALAMAR","tipo_fuente":"Superficial","estado_fuentes":"CON FUENTE ASOCIADA"}},{"type":"Feature","geometry":{"type":"Point","coordinates":[-76.38045,4.301117]},"properties":{"id_maestro":"ACUEDUCTO_0068","codigo_actual":null,"codigo_anterior":"122557","codigo_muestreo":118206,"municipio":"BOLÍVAR","aro":"Centro Tuluá","ambito":"Rural","tipo_sistema":"DISPERSA","prestador":"COMITE PROACUEDUCTO CRISTALES","localidades":"CRISTALES, MORAITO, DOS QUEBRADAS","suscriptores":65,"poblacion":260,"forma_organizativa":"Autogestion","tipo_tratamiento":"Solo desinfección","algun_tratamiento":"","cantidad_fuentes":1,"fuente_abastecimiento":"EL OSO","tipo_fuente":"Superficial","estado_fuentes":"CON FUENTE ASOCIADA"}},{"type":"Feature","geometry":{"type":"Point","coordinates":[-76.30947,4.439953]},"properties":{"id_maestro":"ACUEDUCTO_0069","codigo_actual":"11893","codigo_anterior":"103477","codigo_muestreo":113724,"municipio":"BOLÍVAR","aro":"Centro Tuluá","ambito":"Rural","tipo_sistema":"CENTRO POBLADO","prestador":"MANANTIALES DE BETANIA MABE","localidades":"BETANIA","suscriptores":105,"poblacion":420,"forma_organizativa":"Autogestion","tipo_tratamiento":"Solo desinfección","algun_tratamiento":"","cantidad_fuentes":1,"fuente_abastecimiento":"LA QUERELLA","tipo_fuente":"Superficial","estado_fuentes":"CON FUENTE ASOCIADA"}},{"type":"Feature","geometry":{"type":"Point","coordinates":[-76.16724,4.338628]},"properties":{"id_maestro":"ACUEDUCTO_0070","codigo_actual":"166","codigo_anterior":"58651","codigo_muestreo":109515,"municipio":"BOLÍVAR","aro":"Centro Tuluá","ambito":"Urbano","tipo_sistema":"CABECERA MUNICIPAL","prestador":"SOCIEDAD DE ACUEDUCTOS Y ALCANTARILLADOS DEL VALLE DEL CAUCA S.A. E.S.P. ACUAVALLE S.A. E.S.P. - BOLIVAR","localidades":"URBANO, SAN FERNANDO, SAN ANTONIO DE GUARE, PLAZA VIEJA","suscriptores":2100,"poblacion":8400,"forma_organizativa":"Empresa de Servicios Púplicos","tipo_tratamiento":"Convencional","algun_tratamiento":1,"cantidad_fuentes":2,"fuente_abastecimiento":"REPRESA SARA BRUT, PESCADOR","tipo_fuente":"Superficial","estado_fuentes":"CON FUENTE ASOCIADA"}},{"type":"Feature","geometry":{"type":"Point","coordinates":[-76.06664,4.100292]},"properties":{"id_maestro":"ACUEDUCTO_0072","codigo_actual":"10030","codigo_anterior":"113736","codigo_muestreo":113737,"municipio":"BUGALAGRANDE","aro":"Centro Tuluá","ambito":"Rural","tipo_sistema":"DISPERSA","prestador":"ACUEDUCTO RURAL ESMERALDA ALTA","localidades":"ESMERALDA ALTA","suscriptores":27,"poblacion":108,"forma_organizativa":"Autogestion","tipo_tratamiento":"Ninguno","algun_tratamiento":"","cantidad_fuentes":0,"fuente_abastecimiento":"","tipo_fuente":"","estado_fuentes":"SIN FUENTE ASOCIADA"}},{"type":"Feature","geometry":{"type":"Point","coordinates":[-76.05827,4.172831]},"properties":{"id_maestro":"ACUEDUCTO_0074","codigo_actual":"2153","codigo_anterior":"60314","codigo_muestreo":113746,"municipio":"BUGALAGRANDE","aro":"Centro Tuluá","ambito":"Rural","tipo_sistema":"CENTRO POBLADO","prestador":"ASOCIACION AGUAS DE GALICIA","localidades":"GALICIA","suscriptores":350,"poblacion":1400,"forma_organizativa":"Autogestion","tipo_tratamiento":"FD+Desinfección","algun_tratamiento":1,"cantidad_fuentes":1,"fuente_abastecimiento":"TETILLAL","tipo_fuente":"Superficial","estado_fuentes":"CON FUENTE ASOCIADA"}},{"type":"Feature","geometry":{"type":"Point","coordinates":[-76.06788,4.149033]},"properties":{"id_maestro":"ACUEDUCTO_0076","codigo_actual":"8870","codigo_anterior":"112154","codigo_muestreo":113235,"municipio":"BUGALAGRANDE","aro":"Centro Tuluá","ambito":"Rural","tipo_sistema":"DISPERSA","prestador":"ASOCIACION DE USUARIOS DE ALMENDRONAL","localidades":"ALMENDRONAL","suscriptores":13,"poblacion":52,"forma_organizativa":"Autogestion","tipo_tratamiento":"Ninguno","algun_tratamiento":"","cantidad_fuentes":1,"fuente_abastecimiento":"SIN NOMBRE","tipo_fuente":"Superficial","estado_fuentes":"CON FUENTE ASOCIADA"}},{"type":"Feature","geometry":{"type":"Point","coordinates":[-76.04056,4.108833]},"properties":{"id_maestro":"ACUEDUCTO_0077","codigo_actual":"227","codigo_anterior":"60151","codigo_muestreo":113741,"municipio":"BUGALAGRANDE","aro":"Centro Tuluá","ambito":"Rural","tipo_sistema":"CENTRO POBLADO","prestador":"ASOCIACION DE USUARIOS DE LOS SERVICIOS PUBLICOS DEL CORREGIMIENTO DE CEILAN","localidades":"CEILÁN","suscriptores":768,"poblacion":3072,"forma_organizativa":"Empresa de Servicios Púplicos","tipo_tratamiento":"FIME","algun_tratamiento":1,"cantidad_fuentes":0,"fuente_abastecimiento":"","tipo_fuente":"","estado_fuentes":"SIN FUENTE ASOCIADA"}},{"type":"Feature","geometry":{"type":"Point","coordinates":[-76.06784,4.219431]},"properties":{"id_maestro":"ACUEDUCTO_0078","codigo_actual":"13567","codigo_anterior":"120420","codigo_muestreo":120081,"municipio":"BUGALAGRANDE","aro":"Centro Tuluá","ambito":"Rural","tipo_sistema":"DISPERSA","prestador":"ASOCIACION DE USUARIOS DEL ACUEDUCTO DE CAMPO ALEGRE DE CEYLAN","localidades":"CAMPOALEGRE BAJO","suscriptores":30,"poblacion":120,"forma_organizativa":"Autogestion","tipo_tratamiento":"Soluciones_Individuales","algun_tratamiento":1,"cantidad_fuentes":1,"fuente_abastecimiento":"SAN MIGUEL","tipo_fuente":"Superficial","estado_fuentes":"CON FUENTE ASOCIADA"}},{"type":"Feature","geometry":{"type":"Point","coordinates":[-76.01669,4.114444]},"properties":{"id_maestro":"ACUEDUCTO_0079","codigo_actual":"921","codigo_anterior":"113607","codigo_muestreo":113606,"municipio":"BUGALAGRANDE","aro":"Centro Tuluá","ambito":"Rural","tipo_sistema":"DISPERSA","prestador":"ASOCIACION DE USUARIOS DEL ACUEDUCTO DE LA VEREDA SAN ISIDRO - ASUASANIS","localidades":"SAN ISIDRO","suscriptores":106,"poblacion":424,"forma_organizativa":"Autogestion","tipo_tratamiento":"Soluciones_Individuales","algun_tratamiento":"","cantidad_fuentes":1,"fuente_abastecimiento":"LAS PEÑAS","tipo_fuente":"Superficial","estado_fuentes":"CON FUENTE ASOCIADA"}},{"type":"Feature","geometry":{"type":"Point","coordinates":[-76.03446,4.236411]},"properties":{"id_maestro":"ACUEDUCTO_0080","codigo_actual":"2173","codigo_anterior":"58633","codigo_muestreo":113768,"municipio":"BUGALAGRANDE","aro":"Centro Tuluá","ambito":"Rural","tipo_sistema":"CENTRO POBLADO","prestador":"ASOCIACION DE USUARIOS DEL ACUEDUCTO DE PAILA ARRIBA","localidades":"PAILA ARRIBA","suscriptores":197,"poblacion":788,"forma_organizativa":"Autogestion","tipo_tratamiento":"Solo desinfección","algun_tratamiento":"","cantidad_fuentes":1,"fuente_abastecimiento":"SAN MARCOS","tipo_fuente":"Superficial","estado_fuentes":"CON FUENTE ASOCIADA"}},{"type":"Feature","geometry":{"type":"Point","coordinates":[-75.84171,4.159742]},"properties":{"id_maestro":"ACUEDUCTO_0081","codigo_actual":"914","codigo_anterior":"64193","codigo_muestreo":110007,"municipio":"BUGALAGRANDE","aro":"Centro Tuluá","ambito":"Rural","tipo_sistema":"DISPERSA","prestador":"ASOCIACION DE USUARIOS DEL ACUEDUCTO DEL CORREGIMIENTO DE CHORRERAS MUNICIPIO DE BUGALAGRANDE - ASUACH","localidades":"CHORRERAS","suscriptores":70,"poblacion":280,"forma_organizativa":"Empresa de Servicios Púplicos","tipo_tratamiento":"Solo desinfección","algun_tratamiento":"","cantidad_fuentes":1,"fuente_abastecimiento":"SANTA TERESA","tipo_fuente":"Superficial","estado_fuentes":"CON FUENTE ASOCIADA"}},{"type":"Feature","geometry":{"type":"Point","coordinates":[-76.0218,4.146503]},"properties":{"id_maestro":"ACUEDUCTO_0082","codigo_actual":"10426","codigo_anterior":"104096","codigo_muestreo":113792,"municipio":"BUGALAGRANDE","aro":"Centro Tuluá","ambito":"Rural","tipo_sistema":"DISPERSA","prestador":"ASOCIACION DE USUARIOS DEL ACUEDUCTO LA COLONIA","localidades":"LA COLONIA","suscriptores":47,"poblacion":168,"forma_organizativa":"Autogestion","tipo_tratamiento":"Soluciones_Individuales","algun_tratamiento":1,"cantidad_fuentes":1,"fuente_abastecimiento":"LA RUFINA","tipo_fuente":"Superficial","estado_fuentes":"CON FUENTE ASOCIADA"}},{"type":"Feature","geometry":{"type":"Point","coordinates":[-76.05262,4.251414]},"properties":{"id_maestro":"ACUEDUCTO_0083","codigo_actual":null,"codigo_anterior":null,"codigo_muestreo":113467,"municipio":"BUGALAGRANDE","aro":"Centro Tuluá","ambito":"Rural","tipo_sistema":"DISPERSA","prestador":"ASOCIACION DE USUARIOS DEL ACUEDUCTO RURAL COMUNITARIO DE LAS VEREDAS CHICORAL Y EL PORVENIR - ASUACHIJAPOR","localidades":"CHICORAL ALTO","suscriptores":22,"poblacion":88,"forma_organizativa":"Autogestion","tipo_tratamiento":"Soluciones_Individuales","algun_tratamiento":1,"cantidad_fuentes":0,"fuente_abastecimiento":"","tipo_fuente":"","estado_fuentes":"SIN FUENTE ASOCIADA"}},{"type":"Feature","geometry":{"type":"Point","coordinates":[-76.02729,4.151117]},"properties":{"id_maestro":"ACUEDUCTO_0084","codigo_actual":null,"codigo_anterior":null,"codigo_muestreo":132792,"municipio":"BUGALAGRANDE","aro":"Centro Tuluá","ambito":"Rural","tipo_sistema":"DISPERSA","prestador":"ASOCIACION DE USUARIOS DEL ACUEDUCTO RURAL COMUNITARIO DE LAS VEREDAS CHICORAL Y EL PORVENIR - ASUACHIJAPOR","localidades":"EL PORVENIR","suscriptores":18,"poblacion":72,"forma_organizativa":"Autogestion","tipo_tratamiento":"Ninguno","algun_tratamiento":"","cantidad_fuentes":0,"fuente_abastecimiento":"","tipo_fuente":"","estado_fuentes":"SIN FUENTE ASOCIADA"}},{"type":"Feature","geometry":{"type":"Point","coordinates":[-76.03342,4.158742]},"properties":{"id_maestro":"ACUEDUCTO_0085","codigo_actual":null,"codigo_anterior":null,"codigo_muestreo":146026,"municipio":"BUGALAGRANDE","aro":"Centro Tuluá","ambito":"Rural","tipo_sistema":"DISPERSA","prestador":"ASOCIACION DE USUARIOS DEL ACUEDUCTO RURAL COMUNITARIO DE LAS VEREDAS CHICORAL Y EL PORVENIR - ASUACHIJAPOR","localidades":"EL JARDIN","suscriptores":22,"poblacion":88,"forma_organizativa":"Autogestion","tipo_tratamiento":"Ninguno","algun_tratamiento":"","cantidad_fuentes":0,"fuente_abastecimiento":"","tipo_fuente":"","estado_fuentes":"SIN FUENTE ASOCIADA"}},{"type":"Feature","geometry":{"type":"Point","coordinates":[-76.03342,4.158742]},"properties":{"id_maestro":"ACUEDUCTO_0086","codigo_actual":"1611; 1426; 1586; 1427","codigo_anterior":"124820; 124820; 124820; 124820","codigo_muestreo":null,"municipio":"BUGALAGRANDE","aro":"Centro Tuluá","ambito":"Rural","tipo_sistema":"DISPERSA","prestador":"ASOCIACION DE USUARIOS DEL ACUEDUCTO RURAL COMUNITARIO DE LAS VEREDAS CHICORAL Y EL PORVENIR - ASUACHIJAPOR","localidades":"CHICORAL BAJO","suscriptores":18,"poblacion":72,"forma_organizativa":"Autogestion","tipo_tratamiento":"Soluciones_Individuales","algun_tratamiento":1,"cantidad_fuentes":4,"fuente_abastecimiento":"LA GRANJA, EL JARDIN, EL PORVENIR","tipo_fuente":"Superficial-Subterránea","estado_fuentes":"CON FUENTE ASOCIADA"}},{"type":"Feature","geometry":{"type":"Point","coordinates":[-76.05406,4.157958]},"properties":{"id_maestro":"ACUEDUCTO_0087","codigo_actual":"17741","codigo_anterior":"61921","codigo_muestreo":119302,"municipio":"BUGALAGRANDE","aro":"Centro Tuluá","ambito":"Rural","tipo_sistema":"DISPERSA","prestador":"ASOCIACION DE USUARIOS DEL ACUEDUCTO RURAL DE LA VEREDA TETILLAL BAJO","localidades":"TETILLAL","suscriptores":13,"poblacion":52,"forma_organizativa":"Autogestion","tipo_tratamiento":"Ninguno","algun_tratamiento":"","cantidad_fuentes":1,"fuente_abastecimiento":"TETILLAL","tipo_fuente":"Superficial","estado_fuentes":"CON FUENTE ASOCIADA"}},{"type":"Feature","geometry":{"type":"Point","coordinates":[-76.16225,4.228908]},"properties":{"id_maestro":"ACUEDUCTO_0088","codigo_actual":"2156","codigo_anterior":"58940","codigo_muestreo":113608,"municipio":"BUGALAGRANDE","aro":"Centro Tuluá","ambito":"Rural","tipo_sistema":"CENTRO POBLADO","prestador":"ASOCIACION DE USUARIOS DEL SERVICIO DE AGUA POTABLE DEL ACUEDUCTO Y ALCANTARILLADO DE MESTIZAL","localidades":"MESTIZAL","suscriptores":130,"poblacion":520,"forma_organizativa":"Empresa de Servicios Púplicos","tipo_tratamiento":"Pozo+Aireacion+Desinfección","algun_tratamiento":1,"cantidad_fuentes":1,"fuente_abastecimiento":"POZO","tipo_fuente":"Subterránea","estado_fuentes":"CON FUENTE ASOCIADA"}},{"type":"Feature","geometry":{"type":"Point","coordinates":[-76.18197,4.244167]},"properties":{"id_maestro":"ACUEDUCTO_0089","codigo_actual":"234","codigo_anterior":"60312","codigo_muestreo":113471,"municipio":"BUGALAGRANDE","aro":"Centro Tuluá","ambito":"Rural","tipo_sistema":"DISPERSA","prestador":"ASOCIACION DE USUARIOS DEL SERVICIO DE AGUA POTABLE Y ALCANTARILLADO DE EL GUAYABO","localidades":"EL GUAYABO","suscriptores":92,"poblacion":0,"forma_organizativa":"Autogestion","tipo_tratamiento":"Pozo+Aireacion+Desinfección","algun_tratamiento":1,"cantidad_fuentes":1,"fuente_abastecimiento":"POZO","tipo_fuente":"Subterránea","estado_fuentes":"CON FUENTE ASOCIADA"}},{"type":"Feature","geometry":{"type":"Point","coordinates":[-76.21528,4.228894]},"properties":{"id_maestro":"ACUEDUCTO_0090","codigo_actual":"2152","codigo_anterior":"60313","codigo_muestreo":113469,"municipio":"BUGALAGRANDE","aro":"Centro Tuluá","ambito":"Rural","tipo_sistema":"DISPERSA","prestador":"ASOCIACION DE USUARIOS DEL SERVICIO DE AGUA POTABLE Y ALCANTARILLADO DE SAN ANTONIO","localidades":"SAN ANTONIO","suscriptores":130,"poblacion":0,"forma_organizativa":"Empresa de Servicios Púplicos","tipo_tratamiento":"Pozo+Aireacion+Desinfección","algun_tratamiento":1,"cantidad_fuentes":1,"fuente_abastecimiento":"POZO","tipo_fuente":"Subterránea","estado_fuentes":"CON FUENTE ASOCIADA"}},{"type":"Feature","geometry":{"type":"Point","coordinates":[-76.00314,4.112361]},"properties":{"id_maestro":"ACUEDUCTO_0091","codigo_actual":"917","codigo_anterior":"103052","codigo_muestreo":115180,"municipio":"BUGALAGRANDE","aro":"Centro Tuluá","ambito":"Rural","tipo_sistema":"DISPERSA","prestador":"DISTRITO DE RIEGO ASODIS ALTO BONITO","localidades":"ALTO BONITO","suscriptores":160,"poblacion":640,"forma_organizativa":"Autogestion","tipo_tratamiento":"Soluciones_Individuales(22%)","algun_tratamiento":"","cantidad_fuentes":1,"fuente_abastecimiento":"LA HOLANDA","tipo_fuente":"Superficial","estado_fuentes":"CON FUENTE ASOCIADA"}},{"type":"Feature","geometry":{"type":"Point","coordinates":[-76.07157,4.135678]},"properties":{"id_maestro":"ACUEDUCTO_0092","codigo_actual":"17757","codigo_anterior":"61922","codigo_muestreo":113793,"municipio":"BUGALAGRANDE","aro":"Centro Tuluá","ambito":"Rural","tipo_sistema":"DISPERSA","prestador":"JUNTA ADMINISTRADORA ACUEDUCTO LA MORENA","localidades":"LA MORENA","suscriptores":22,"poblacion":88,"forma_organizativa":"Autogestion","tipo_tratamiento":"Ninguno","algun_tratamiento":"","cantidad_fuentes":1,"fuente_abastecimiento":"NACIMIENTO LA MORENA","tipo_fuente":"Superficial","estado_fuentes":"CON FUENTE ASOCIADA"}},{"type":"Feature","geometry":{"type":"Point","coordinates":[-76.16029,4.202783]},"properties":{"id_maestro":"ACUEDUCTO_0093","codigo_actual":"210","codigo_anterior":"58652","codigo_muestreo":110543,"municipio":"BUGALAGRANDE","aro":"Centro Tuluá","ambito":"Urbano","tipo_sistema":"CABECERA MUNICIPAL","prestador":"SOCIEDAD DE ACUEDUCTOS Y ALCANTARILLADOS DEL VALLE DEL CAUCA S.A. E.S.P. ACUAVALLE S.A. E.S.P.-BUGALAGRANDE","localidades":"URBANO, EL OVERO, URIBE URIBE","suscriptores":4748,"poblacion":18992,"forma_organizativa":"Empresa de Servicios Púplicos","tipo_tratamiento":"Convencional","algun_tratamiento":1,"cantidad_fuentes":1,"fuente_abastecimiento":"BUGALAGRANDE","tipo_fuente":"Superficial","estado_fuentes":"CON FUENTE ASOCIADA"}},{"type":"Feature","geometry":{"type":"Point","coordinates":[-75.84833,4.222639]},"properties":{"id_maestro":"ACUEDUCTO_0094","codigo_actual":"4068","codigo_anterior":"113625","codigo_muestreo":113624,"municipio":"CAICEDONIA","aro":"Centro Tuluá","ambito":"Rural","tipo_sistema":"DISPERSA","prestador":"ACUEDUCTO QUINCE LETRAS","localidades":"QUINCE LETRAS","suscriptores":7,"poblacion":28,"forma_organizativa":"Autogestion","tipo_tratamiento":"Ninguno","algun_tratamiento":"","cantidad_fuentes":1,"fuente_abastecimiento":"QUEBRADA EL BRASIL","tipo_fuente":"Superficial","estado_fuentes":"CON FUENTE ASOCIADA"}},{"type":"Feature","geometry":{"type":"Point","coordinates":[-75.82958,4.254239]},"properties":{"id_maestro":"ACUEDUCTO_0095","codigo_actual":"14223","codigo_anterior":"125736","codigo_muestreo":121842,"municipio":"CAICEDONIA","aro":"Centro Tuluá","ambito":"Rural","tipo_sistema":"DISPERSA","prestador":"ACUEDUCTO RURAL CAMPO AZUL","localidades":"CAMPO AZUL","suscriptores":13,"poblacion":52,"forma_organizativa":"Autogestion","tipo_tratamiento":"Solo desinfección","algun_tratamiento":"","cantidad_fuentes":1,"fuente_abastecimiento":"QUEBRADA LINARES    (ANTES LA GRECA)","tipo_fuente":"Subterránea","estado_fuentes":"CON FUENTE ASOCIADA"}},{"type":"Feature","geometry":{"type":"Point","coordinates":[-75.82526,4.388314]},"properties":{"id_maestro":"ACUEDUCTO_0096","codigo_actual":"5224","codigo_anterior":"60150","codigo_muestreo":111725,"municipio":"CAICEDONIA","aro":"Centro Tuluá","ambito":"Rural","tipo_sistema":"DISPERSA","prestador":"ACUEDUCTOS AGUAS DE SAN ISIDRO","localidades":"SAN ISIDRO","suscriptores":27,"poblacion":108,"forma_organizativa":"Autogestion","tipo_tratamiento":"Pozo+Aireacion+Desinfección","algun_tratamiento":1,"cantidad_fuentes":1,"fuente_abastecimiento":"LA SONORA","tipo_fuente":"Superficial","estado_fuentes":"CON FUENTE ASOCIADA"}},{"type":"Feature","geometry":{"type":"Point","coordinates":[-75.81181,4.3175]},"properties":{"id_maestro":"ACUEDUCTO_0097","codigo_actual":"173","codigo_anterior":"64035","codigo_muestreo":106091,"municipio":"CAICEDONIA","aro":"Centro Tuluá","ambito":"Rural","tipo_sistema":"DISPERSA","prestador":"ASOCIACION COMUNITARIA ACUEDUCTO LA RIVERA-LA TESALIA","localidades":"LA RIVERA,LA TESALIA","suscriptores":25,"poblacion":100,"forma_organizativa":"Autogestion","tipo_tratamiento":"Soluciones_Individuales","algun_tratamiento":"","cantidad_fuentes":0,"fuente_abastecimiento":"","tipo_fuente":"","estado_fuentes":"SIN FUENTE ASOCIADA"}},{"type":"Feature","geometry":{"type":"Point","coordinates":[-75.80017,4.317361]},"properties":{"id_maestro":"ACUEDUCTO_0098","codigo_actual":"7673","codigo_anterior":"58635","codigo_muestreo":106090,"municipio":"CAICEDONIA","aro":"Centro Tuluá","ambito":"Rural","tipo_sistema":"DISPERSA","prestador":"ASOCIACION COMUNITARIA ADMINISTRADORA ACUEDUCTO LA RIVERA -LA LEONA","localidades":"LA RIVERA ,LA LEONA","suscriptores":25,"poblacion":100,"forma_organizativa":"Autogestion","tipo_tratamiento":"Soluciones_Individuales","algun_tratamiento":"","cantidad_fuentes":2,"fuente_abastecimiento":"TESALIA, LA LEONA","tipo_fuente":"Superficial","estado_fuentes":"CON FUENTE ASOCIADA"}},{"type":"Feature","geometry":{"type":"Point","coordinates":[-75.79384,4.337794]},"properties":{"id_maestro":"ACUEDUCTO_0099","codigo_actual":"163","codigo_anterior":"103469","codigo_muestreo":111199,"municipio":"CAICEDONIA","aro":"Centro Tuluá","ambito":"Rural","tipo_sistema":"CENTRO POBLADO","prestador":"ASOCIACION DE USUARIOS ACUEDUCTO BARRAGAN BAJO \"ASODEABA\"","localidades":"BARRAGÁN","suscriptores":162,"poblacion":648,"forma_organizativa":"Autogestion","tipo_tratamiento":"Solo desinfección","algun_tratamiento":"","cantidad_fuentes":1,"fuente_abastecimiento":"EL TOPACIO","tipo_fuente":"Superficial","estado_fuentes":"CON FUENTE ASOCIADA"}},{"type":"Feature","geometry":{"type":"Point","coordinates":[-75.85454,4.290506]},"properties":{"id_maestro":"ACUEDUCTO_0100","codigo_actual":"2151","codigo_anterior":"62257","codigo_muestreo":116830,"municipio":"CAICEDONIA","aro":"Centro Tuluá","ambito":"Rural","tipo_sistema":"DISPERSA","prestador":"ASOCIACION DE USUARIOS ACUEDUCTO DE FRONTINO, QUIEBRA Y CRUCERO","localidades":"FRONTINO, QUIEBRA Y CRUCERO","suscriptores":90,"poblacion":360,"forma_organizativa":"Autogestion","tipo_tratamiento":"Solo desinfección","algun_tratamiento":"","cantidad_fuentes":1,"fuente_abastecimiento":"QUEBRADA MANANTIALES","tipo_fuente":"Superficial","estado_fuentes":"CON FUENTE ASOCIADA"}},{"type":"Feature","geometry":{"type":"Point","coordinates":[-75.86694,4.293333]},"properties":{"id_maestro":"ACUEDUCTO_0101","codigo_actual":"2148","codigo_anterior":"62258","codigo_muestreo":113312,"municipio":"CAICEDONIA","aro":"Centro Tuluá","ambito":"Rural","tipo_sistema":"DISPERSA","prestador":"ASOCIACION DE USUARIOS ACUEDUCTO LA SUIZA","localidades":"LA SUIZA","suscriptores":45,"poblacion":180,"forma_organizativa":"Autogestion","tipo_tratamiento":"Solo desinfección","algun_tratamiento":"","cantidad_fuentes":1,"fuente_abastecimiento":"QUEBRADA LA LAGUNA","tipo_fuente":"Superficial","estado_fuentes":"CON FUENTE ASOCIADA"}},{"type":"Feature","geometry":{"type":"Point","coordinates":[-75.84199,4.386403]},"properties":{"id_maestro":"ACUEDUCTO_0102","codigo_actual":"5194","codigo_anterior":"60149","codigo_muestreo":113294,"municipio":"CAICEDONIA","aro":"Centro Tuluá","ambito":"Rural","tipo_sistema":"DISPERSA","prestador":"ASOCIACION DE USUARIOS DE KARARE ASUKAR","localidades":"KARARE","suscriptores":45,"poblacion":180,"forma_organizativa":"Autogestion","tipo_tratamiento":"Solo desinfección","algun_tratamiento":"","cantidad_fuentes":1,"fuente_abastecimiento":"EL OASIS","tipo_fuente":"Superficial","estado_fuentes":"CON FUENTE ASOCIADA"}},{"type":"Feature","geometry":{"type":"Point","coordinates":[-75.80454,4.281408]},"properties":{"id_maestro":"ACUEDUCTO_0103","codigo_actual":"11052","codigo_anterior":"113622","codigo_muestreo":113620,"municipio":"CAICEDONIA","aro":"Centro Tuluá","ambito":"Rural","tipo_sistema":"DISPERSA","prestador":"ASOCIACION DE USUARIOS DEL ACUEDUCTO DE LA VEREDA SAN GERARDO DE CAICEDONIA","localidades":"SAN GERARDO","suscriptores":25,"poblacion":100,"forma_organizativa":"Autogestion","tipo_tratamiento":"FIME+Soluciones_Individuales","algun_tratamiento":1,"cantidad_fuentes":2,"fuente_abastecimiento":"DOÑA LETICIA, CAMPO AZUL","tipo_fuente":"Superficial","estado_fuentes":"CON FUENTE ASOCIADA"}},{"type":"Feature","geometry":{"type":"Point","coordinates":[-75.87329,4.264353]},"properties":{"id_maestro":"ACUEDUCTO_0104","codigo_actual":"2146","codigo_anterior":"115563","codigo_muestreo":134681,"municipio":"CAICEDONIA","aro":"Centro Tuluá","ambito":"Rural","tipo_sistema":"DISPERSA","prestador":"ASOCIACION DE USUARIOS DEL ACUEDUCTO DE SAMARIA-BOLIVIA","localidades":"SAMARIA , BOLIVIA","suscriptores":24,"poblacion":100,"forma_organizativa":"Autogestion","tipo_tratamiento":"Ninguno","algun_tratamiento":"","cantidad_fuentes":1,"fuente_abastecimiento":"QUEBRADA BOLIVIA LA ESNEDA","tipo_fuente":"Superficial","estado_fuentes":"CON FUENTE ASOCIADA"}},{"type":"Feature","geometry":{"type":"Point","coordinates":[-75.82446,4.295125]},"properties":{"id_maestro":"ACUEDUCTO_0105","codigo_actual":"2150","codigo_anterior":"127559","codigo_muestreo":120229,"municipio":"CAICEDONIA","aro":"Centro Tuluá","ambito":"Rural","tipo_sistema":"DISPERSA","prestador":"ASOCIACION DE USUARIOS DEL ACUEDUCTO RURAL PALOGRANDE EL SALADO","localidades":"EL SALADO","suscriptores":26,"poblacion":108,"forma_organizativa":"Autogestion","tipo_tratamiento":"Ninguno","algun_tratamiento":"","cantidad_fuentes":1,"fuente_abastecimiento":"EL BOSQUE","tipo_fuente":"Superficial","estado_fuentes":"CON FUENTE ASOCIADA"}},{"type":"Feature","geometry":{"type":"Point","coordinates":[-75.87363,4.269731]},"properties":{"id_maestro":"ACUEDUCTO_0106","codigo_actual":"2144","codigo_anterior":"59787","codigo_muestreo":113311,"municipio":"CAICEDONIA","aro":"Centro Tuluá","ambito":"Rural","tipo_sistema":"CENTRO POBLADO","prestador":"ASOCIACION DE USUARIOS DEL ACUEDUCTO SAMARIA","localidades":"SAMARIA","suscriptores":140,"poblacion":560,"forma_organizativa":"Autogestion","tipo_tratamiento":"Solo desinfección","algun_tratamiento":"","cantidad_fuentes":1,"fuente_abastecimiento":"QUEBRADA LA MORENA","tipo_fuente":"Superficial","estado_fuentes":"CON FUENTE ASOCIADA"}},{"type":"Feature","geometry":{"type":"Point","coordinates":[-75.83255,4.237764]},"properties":{"id_maestro":"ACUEDUCTO_0107","codigo_actual":"4071","codigo_anterior":"65958","codigo_muestreo":113619,"municipio":"CAICEDONIA","aro":"Centro Tuluá","ambito":"Rural","tipo_sistema":"CENTRO POBLADO","prestador":"ASOCIACION DE USUARIOS DEL ACUEDUCTO VEREDAL VILLA AURES-DABEIBA","localidades":"VILLA AURES","suscriptores":93,"poblacion":372,"forma_organizativa":"Autogestion","tipo_tratamiento":"Solo desinfección","algun_tratamiento":"","cantidad_fuentes":1,"fuente_abastecimiento":"PATIO BONITO","tipo_fuente":"Superficial","estado_fuentes":"CON FUENTE ASOCIADA"}},{"type":"Feature","geometry":{"type":"Point","coordinates":[-75.82571,4.317842]},"properties":{"id_maestro":"ACUEDUCTO_0108","codigo_actual":"168","codigo_anterior":"58636","codigo_muestreo":113751,"municipio":"CAICEDONIA","aro":"Centro Tuluá","ambito":"Rural","tipo_sistema":"CENTRO POBLADO","prestador":"ASOCIACION DE USUARIOS DELACUEDUCTO LAS DELICIAS DE CAICEDONIA","localidades":"LAS DELICIAS","suscriptores":25,"poblacion":200,"forma_organizativa":"Autogestion","tipo_tratamiento":"Solo desinfección","algun_tratamiento":"","cantidad_fuentes":2,"fuente_abastecimiento":"EL FRITO, LA MAGDALENA","tipo_fuente":"Superficial","estado_fuentes":"CON FUENTE ASOCIADA"}},{"type":"Feature","geometry":{"type":"Point","coordinates":[-75.82388,4.288828]},"properties":{"id_maestro":"ACUEDUCTO_0109","codigo_actual":"10699","codigo_anterior":"65957","codigo_muestreo":113615,"municipio":"CAICEDONIA","aro":"Centro Tuluá","ambito":"Rural","tipo_sistema":"DISPERSA","prestador":"JUNTA ACCION COMUNAL VEREDA BURILA","localidades":"BURILA","suscriptores":9,"poblacion":32,"forma_organizativa":"Autogestion","tipo_tratamiento":"Solo desinfección","algun_tratamiento":"","cantidad_fuentes":1,"fuente_abastecimiento":"BURILA","tipo_fuente":"Superficial","estado_fuentes":"CON FUENTE ASOCIADA"}},{"type":"Feature","geometry":{"type":"Point","coordinates":[-75.81707,4.308083]},"properties":{"id_maestro":"ACUEDUCTO_0110","codigo_actual":"2143","codigo_anterior":"123552","codigo_muestreo":121844,"municipio":"CAICEDONIA","aro":"Centro Tuluá","ambito":"Rural","tipo_sistema":"DISPERSA","prestador":"JUNTA ACUEDUCTO LA DELFINA","localidades":"LA DELFINA","suscriptores":8,"poblacion":0,"forma_organizativa":"Autogestion","tipo_tratamiento":"Solo desinfección","algun_tratamiento":"","cantidad_fuentes":1,"fuente_abastecimiento":"SUPERFICIAL","tipo_fuente":"Superficial","estado_fuentes":"CON FUENTE ASOCIADA"}},{"type":"Feature","geometry":{"type":"Point","coordinates":[-75.81538,4.277589]},"properties":{"id_maestro":"ACUEDUCTO_0111","codigo_actual":"4070","codigo_anterior":"123555","codigo_muestreo":120224,"municipio":"CAICEDONIA","aro":"Centro Tuluá","ambito":"Rural","tipo_sistema":"DISPERSA","prestador":"JUNTA ADMINISTRADORA ACUEDUCTO LA PAVA","localidades":"LA PAVA","suscriptores":16,"poblacion":64,"forma_organizativa":"Autogestion","tipo_tratamiento":"Ninguno","algun_tratamiento":"","cantidad_fuentes":1,"fuente_abastecimiento":"QUEBRADA LA TRIGRESA","tipo_fuente":"Superficial","estado_fuentes":"CON FUENTE ASOCIADA"}},{"type":"Feature","geometry":{"type":"Point","coordinates":[-75.84143,4.209372]},"properties":{"id_maestro":"ACUEDUCTO_0112","codigo_actual":"4066","codigo_anterior":"127639","codigo_muestreo":118422,"municipio":"CAICEDONIA","aro":"Centro Tuluá","ambito":"Rural","tipo_sistema":"DISPERSA","prestador":"JUNTA ADMINISTRADORA DEL ACUEDUCTO EL PARAISO","localidades":"EL PARAISO","suscriptores":14,"poblacion":56,"forma_organizativa":"Autogestion","tipo_tratamiento":"Ninguno","algun_tratamiento":"","cantidad_fuentes":1,"fuente_abastecimiento":"QUEBRADA ENCIMADAS","tipo_fuente":"Superficial","estado_fuentes":"CON FUENTE ASOCIADA"}},{"type":"Feature","geometry":{"type":"Point","coordinates":[-75.81696,4.263178]},"properties":{"id_maestro":"ACUEDUCTO_0113","codigo_actual":"4069","codigo_anterior":"114195","codigo_muestreo":118423,"municipio":"CAICEDONIA","aro":"Centro Tuluá","ambito":"Rural","tipo_sistema":"DISPERSA","prestador":"JUNTA ADMINISTRADORA DEL ACUEDUCTO RURAL PUERTO RICO","localidades":"PUERTO RICO","suscriptores":16,"poblacion":64,"forma_organizativa":"Autogestion","tipo_tratamiento":"Ninguno","algun_tratamiento":"","cantidad_fuentes":1,"fuente_abastecimiento":"GARCIA","tipo_fuente":"Subterránea","estado_fuentes":"CON FUENTE ASOCIADA"}},{"type":"Feature","geometry":{"type":"Point","coordinates":[-75.81534,4.317894]},"properties":{"id_maestro":"ACUEDUCTO_0114","codigo_actual":"170","codigo_anterior":"111876","codigo_muestreo":113292,"municipio":"CAICEDONIA","aro":"Centro Tuluá","ambito":"Rural","tipo_sistema":"DISPERSA","prestador":"JUNTA DE ACCION COMUNAL VEREDA LIMONES","localidades":"LIMONES","suscriptores":9,"poblacion":36,"forma_organizativa":"Autogestion","tipo_tratamiento":"Solo desinfección","algun_tratamiento":"","cantidad_fuentes":2,"fuente_abastecimiento":"LAS HELICONIAS, EL CASTILLO","tipo_fuente":"Subterránea","estado_fuentes":"CON FUENTE ASOCIADA"}},{"type":"Feature","geometry":{"type":"Point","coordinates":[-75.82363,4.156681]},"properties":{"id_maestro":"ACUEDUCTO_0115","codigo_actual":"5610","codigo_anterior":"60100","codigo_muestreo":111194,"municipio":"CAICEDONIA","aro":"Centro Tuluá","ambito":"Rural","tipo_sistema":"DISPERSA","prestador":"JUNTA DEL ACUEDUCTO BARRAGAN ALTO ASUABAL","localidades":"BARRAGAN ALTO","suscriptores":85,"poblacion":340,"forma_organizativa":"Autogestion","tipo_tratamiento":"Solo desinfección","algun_tratamiento":"","cantidad_fuentes":1,"fuente_abastecimiento":"TOPACIO","tipo_fuente":"Superficial","estado_fuentes":"CON FUENTE ASOCIADA"}},{"type":"Feature","geometry":{"type":"Point","coordinates":[-75.82139,4.335019]},"properties":{"id_maestro":"ACUEDUCTO_0116","codigo_actual":"158","codigo_anterior":"58653","codigo_muestreo":110450,"municipio":"CAICEDONIA","aro":"Centro Tuluá","ambito":"Urbano","tipo_sistema":"CABECERA MUNICIPAL","prestador":"SOCIEDAD DE ACUEDUCTOS Y ALCANTARILLADOS DEL VALLE DEL CAUCA S.A. E.S.P. ACUAVALLE S.A. E.S.P.-CAICEDONIA","localidades":"URBANO","suscriptores":7600,"poblacion":30400,"forma_organizativa":"Empresa de Servicios Púplicos","tipo_tratamiento":"Convencional","algun_tratamiento":1,"cantidad_fuentes":1,"fuente_abastecimiento":"RIO PIJAO","tipo_fuente":"Superficial","estado_fuentes":"CON FUENTE ASOCIADA"}},{"type":"Feature","geometry":{"type":"Point","coordinates":[-76.38352,4.093542]},"properties":{"id_maestro":"ACUEDUCTO_0117","codigo_actual":"930","codigo_anterior":"59610","codigo_muestreo":113174,"municipio":"CALIMA","aro":"Centro Tuluá","ambito":"Rural","tipo_sistema":"DISPERSA","prestador":"ACUADIAMANTE","localidades":"DIAMANTE","suscriptores":120,"poblacion":480,"forma_organizativa":"Autogestion","tipo_tratamiento":"Soluciones_Individuales","algun_tratamiento":"","cantidad_fuentes":0,"fuente_abastecimiento":"","tipo_fuente":"","estado_fuentes":"SIN FUENTE ASOCIADA"}},{"type":"Feature","geometry":{"type":"Point","coordinates":[-76.41686,3.969528]},"properties":{"id_maestro":"ACUEDUCTO_0118","codigo_actual":"3297","codigo_anterior":"59611","codigo_muestreo":113178,"municipio":"CALIMA","aro":"Centro Tuluá","ambito":"Rural","tipo_sistema":"DISPERSA","prestador":"ACUAFLORIDA ALTA","localidades":"FLORIDA ALTA","suscriptores":75,"poblacion":300,"forma_organizativa":"Autogestion","tipo_tratamiento":"Solo desinfección","algun_tratamiento":"","cantidad_fuentes":2,"fuente_abastecimiento":"LA QUINTA, LA FLORESTA","tipo_fuente":"Superficial","estado_fuentes":"CON FUENTE ASOCIADA"}},{"type":"Feature","geometry":{"type":"Point","coordinates":[-76.45111,3.935722]},"properties":{"id_maestro":"ACUEDUCTO_0120","codigo_actual":"4384","codigo_anterior":"59613","codigo_muestreo":118923,"municipio":"CALIMA","aro":"Centro Tuluá","ambito":"Rural","tipo_sistema":"DISPERSA","prestador":"ACUASALUD LA PRIMAVERA","localidades":"LA PRIMAVERA","suscriptores":31,"poblacion":124,"forma_organizativa":"Autogestion","tipo_tratamiento":"Ninguno","algun_tratamiento":"","cantidad_fuentes":0,"fuente_abastecimiento":"","tipo_fuente":"","estado_fuentes":"SIN FUENTE ASOCIADA"}},{"type":"Feature","geometry":{"type":"Point","coordinates":[-76.48405,3.954753]},"properties":{"id_maestro":"ACUEDUCTO_0121","codigo_actual":"5748","codigo_anterior":"136204","codigo_muestreo":136208,"municipio":"CALIMA","aro":"Centro Tuluá","ambito":"Rural","tipo_sistema":"DISPERSA","prestador":"ACUEDUCTO PARCELACION AGUA DULCE","localidades":"PARCELACION AGUA DULCE","suscriptores":35,"poblacion":140,"forma_organizativa":"Autogestion","tipo_tratamiento":"Ninguno","algun_tratamiento":"","cantidad_fuentes":1,"fuente_abastecimiento":"QUEBRADA SAN JOSE","tipo_fuente":"Superficial","estado_fuentes":"CON FUENTE ASOCIADA"}},{"type":"Feature","geometry":{"type":"Point","coordinates":[-76.46088,3.982481]},"properties":{"id_maestro":"ACUEDUCTO_0122","codigo_actual":"4491","codigo_anterior":"104614","codigo_muestreo":113172,"municipio":"CALIMA","aro":"Centro Tuluá","ambito":"Rural","tipo_sistema":"DISPERSA","prestador":"ACUEDUCTO LA CRISTALINA","localidades":"LA CRISTALINA","suscriptores":42,"poblacion":168,"forma_organizativa":"Autogestion","tipo_tratamiento":"Ninguno","algun_tratamiento":"","cantidad_fuentes":1,"fuente_abastecimiento":"LA CRISTALINA","tipo_fuente":"Superficial","estado_fuentes":"CON FUENTE ASOCIADA"}},{"type":"Feature","geometry":{"type":"Point","coordinates":[-76.47472,3.874167]},"properties":{"id_maestro":"ACUEDUCTO_0123","codigo_actual":"5653","codigo_anterior":"117138","codigo_muestreo":118450,"municipio":"CALIMA","aro":"Centro Tuluá","ambito":"Rural","tipo_sistema":"DISPERSA","prestador":"ACUEDUCTO PARCELACION LA HOLANDA","localidades":"LA HOLANDA","suscriptores":20,"poblacion":80,"forma_organizativa":"Autogestion","tipo_tratamiento":"Ninguno","algun_tratamiento":"","cantidad_fuentes":1,"fuente_abastecimiento":"QUEBRADA PUENTE TIERRA","tipo_fuente":"Superficial","estado_fuentes":"CON FUENTE ASOCIADA"}},{"type":"Feature","geometry":{"type":"Point","coordinates":[-76.43081,3.967028]},"properties":{"id_maestro":"ACUEDUCTO_0124","codigo_actual":"3295","codigo_anterior":"59611","codigo_muestreo":null,"municipio":"CALIMA","aro":"Centro Tuluá","ambito":"Rural","tipo_sistema":"DISPERSA","prestador":"ACUEDUCTO RURAL ACUAFLORIDA BAJA","localidades":"LA FLORIDA BAJA","suscriptores":30,"poblacion":120,"forma_organizativa":"Autogestion","tipo_tratamiento":"Filtración Compacta","algun_tratamiento":1,"cantidad_fuentes":0,"fuente_abastecimiento":"","tipo_fuente":"","estado_fuentes":"SIN FUENTE ASOCIADA"}},{"type":"Feature","geometry":{"type":"Point","coordinates":[-76.43556,3.977233]},"properties":{"id_maestro":"ACUEDUCTO_0126","codigo_actual":"931","codigo_anterior":"104566","codigo_muestreo":134791,"municipio":"CALIMA","aro":"Centro Tuluá","ambito":"Rural","tipo_sistema":"CENTRO POBLADO","prestador":"ACUEDUCTO RURAL LA GAVIOTA ALTA - ACUAGAVIOTA","localidades":"LA GAVIOTA","suscriptores":70,"poblacion":280,"forma_organizativa":"Autogestion","tipo_tratamiento":"Soluciones_Individuales (50%)","algun_tratamiento":1,"cantidad_fuentes":4,"fuente_abastecimiento":"LA GAVIOTA, LA LEONA","tipo_fuente":"Superficial","estado_fuentes":"CON FUENTE ASOCIADA"}},{"type":"Feature","geometry":{"type":"Point","coordinates":[-76.43556,3.977233]},"properties":{"id_maestro":"ACUEDUCTO_0127","codigo_actual":"1114","codigo_anterior":"104566","codigo_muestreo":113177,"municipio":"CALIMA","aro":"Centro Tuluá","ambito":"Rural","tipo_sistema":"DISPERSA","prestador":"ACUEDUCTO RURAL LA GAVIOTA BAJA - ACUAGAVIOTA","localidades":"LA GAVIOTA BAJO","suscriptores":70,"poblacion":280,"forma_organizativa":"Autogestion","tipo_tratamiento":"Soluciones_Individuales","algun_tratamiento":"","cantidad_fuentes":0,"fuente_abastecimiento":"","tipo_fuente":"","estado_fuentes":"SIN FUENTE ASOCIADA"}},{"type":"Feature","geometry":{"type":"Point","coordinates":[-76.43274,3.980775]},"properties":{"id_maestro":"ACUEDUCTO_0128","codigo_actual":"936","codigo_anterior":"122668","codigo_muestreo":119118,"municipio":"CALIMA","aro":"Centro Tuluá","ambito":"Rural","tipo_sistema":"DISPERSA","prestador":"ASOCIACION DE ACUEDUCTO RURAL DE BELLA VISTA","localidades":"LA GAVIOTA BELLAVISTA , EL MIRADOR","suscriptores":32,"poblacion":128,"forma_organizativa":"Autogestion","tipo_tratamiento":"Ninguno","algun_tratamiento":"","cantidad_fuentes":1,"fuente_abastecimiento":"SIN NOMBRE","tipo_fuente":"Subterránea","estado_fuentes":"CON FUENTE ASOCIADA"}},{"type":"Feature","geometry":{"type":"Point","coordinates":[-76.45056,3.964167]},"properties":{"id_maestro":"ACUEDUCTO_0129","codigo_actual":"3294","codigo_anterior":"109217","codigo_muestreo":106604,"municipio":"CALIMA","aro":"Centro Tuluá","ambito":"Rural","tipo_sistema":"DISPERSA","prestador":"ASOCIACION DE USUARIOS DEL ACUEDUCTO DE LA UNION","localidades":"LA UNION","suscriptores":70,"poblacion":280,"forma_organizativa":"Autogestion","tipo_tratamiento":"Ninguno","algun_tratamiento":"","cantidad_fuentes":1,"fuente_abastecimiento":"LA UNION","tipo_fuente":"Superficial","estado_fuentes":"CON FUENTE ASOCIADA"}},{"type":"Feature","geometry":{"type":"Point","coordinates":[-76.43931,3.976028]},"properties":{"id_maestro":"ACUEDUCTO_0130","codigo_actual":"934","codigo_anterior":"122665","codigo_muestreo":127940,"municipio":"CALIMA","aro":"Centro Tuluá","ambito":"Rural","tipo_sistema":"DISPERSA","prestador":"ASOCIACION DE USUARIOS DEL ACUEDUCTO VEREDAL LA LOMITA BAJO GAVIOTA","localidades":"LA GAVIOTA BAJO","suscriptores":16,"poblacion":64,"forma_organizativa":"Autogestion","tipo_tratamiento":"Ninguno","algun_tratamiento":"","cantidad_fuentes":1,"fuente_abastecimiento":"LA LOMITA","tipo_fuente":"Subterránea","estado_fuentes":"CON FUENTE ASOCIADA"}},{"type":"Feature","geometry":{"type":"Point","coordinates":[-76.47723,3.967236]},"properties":{"id_maestro":"ACUEDUCTO_0132","codigo_actual":"8864","codigo_anterior":"106807","codigo_muestreo":106605,"municipio":"CALIMA","aro":"Centro Tuluá","ambito":"Rural","tipo_sistema":"DISPERSA","prestador":"JAC ALTO BOLEO","localidades":"ALTO BOLEO","suscriptores":28,"poblacion":112,"forma_organizativa":"Autogestion","tipo_tratamiento":"Ninguno","algun_tratamiento":"","cantidad_fuentes":1,"fuente_abastecimiento":"BERRIADORA","tipo_fuente":"Superficial","estado_fuentes":"CON FUENTE ASOCIADA"}},{"type":"Feature","geometry":{"type":"Point","coordinates":[-76.47314,3.968806]},"properties":{"id_maestro":"ACUEDUCTO_0134","codigo_actual":"9076","codigo_anterior":"116566","codigo_muestreo":112835,"municipio":"CALIMA","aro":"Centro Tuluá","ambito":"Rural","tipo_sistema":"DISPERSA","prestador":"JUNTA ADMINISTRADORA DEL ACUEDUCTO VEREDA BAJO BOLEO","localidades":"BAJO BOLEO","suscriptores":53,"poblacion":212,"forma_organizativa":"Autogestion","tipo_tratamiento":"Ninguno","algun_tratamiento":"","cantidad_fuentes":1,"fuente_abastecimiento":"BEMADORA","tipo_fuente":"Superficial","estado_fuentes":"CON FUENTE ASOCIADA"}},{"type":"Feature","geometry":{"type":"Point","coordinates":[-76.48957,3.922036]},"properties":{"id_maestro":"ACUEDUCTO_0135","codigo_actual":"154","codigo_anterior":"119423","codigo_muestreo":113169,"municipio":"CALIMA","aro":"Centro Tuluá","ambito":"Rural","tipo_sistema":"DISPERSA","prestador":"PARCELACIÓN LOS REFUGIOS DE CALIMA","localidades":"PARCELACION REFUGIOS DE CALIMA","suscriptores":93,"poblacion":372,"forma_organizativa":"Autogestion","tipo_tratamiento":"Solo desinfección","algun_tratamiento":"","cantidad_fuentes":1,"fuente_abastecimiento":"QUEBRADA VERSALLES","tipo_fuente":"Superficial","estado_fuentes":"CON FUENTE ASOCIADA"}},{"type":"Feature","geometry":{"type":"Point","coordinates":[-76.43917,3.996111]},"properties":{"id_maestro":"ACUEDUCTO_0136","codigo_actual":"4065","codigo_anterior":"127596","codigo_muestreo":128096,"municipio":"CALIMA","aro":"Centro Tuluá","ambito":"Rural","tipo_sistema":"DISPERSA","prestador":"ACUEDUCTO VEREDA LA ITALIA","localidades":"LA ITALIA","suscriptores":35,"poblacion":140,"forma_organizativa":"Autogestion","tipo_tratamiento":"Ninguno","algun_tratamiento":"","cantidad_fuentes":1,"fuente_abastecimiento":"QUEBRADA LA ITALIA","tipo_fuente":"Superficial","estado_fuentes":"CON FUENTE ASOCIADA"}},{"type":"Feature","geometry":{"type":"Point","coordinates":[-76.45389,3.905844]},"properties":{"id_maestro":"ACUEDUCTO_0137","codigo_actual":"3260","codigo_anterior":"106177","codigo_muestreo":123207,"municipio":"CALIMA","aro":"Centro Tuluá","ambito":"Rural","tipo_sistema":"CENTRO POBLADO","prestador":"ASOCIACION DE USUARIOS DEL ACUEDUCTO VEREDA EL GUADUAL JIGUALES - ACUAJIGUALES","localidades":"JIGUALES","suscriptores":20,"poblacion":80,"forma_organizativa":"Autogestion","tipo_tratamiento":"Ninguno","algun_tratamiento":"","cantidad_fuentes":1,"fuente_abastecimiento":"LA FLORESTA","tipo_fuente":"Superficial","estado_fuentes":"CON FUENTE ASOCIADA"}},{"type":"Feature","geometry":{"type":"Point","coordinates":[-76.43202,3.985008]},"properties":{"id_maestro":"ACUEDUCTO_0139","codigo_actual":"12882","codigo_anterior":"113888","codigo_muestreo":null,"municipio":"CALIMA","aro":"Centro Tuluá","ambito":"Rural","tipo_sistema":"DISPERSA","prestador":"ASOCIACION DEL ACUEDUCTO RURAL DE BELLAVISTA ALTO","localidades":"BELLAVISTA","suscriptores":8,"poblacion":32,"forma_organizativa":"Autogestion","tipo_tratamiento":"Ninguno","algun_tratamiento":"","cantidad_fuentes":1,"fuente_abastecimiento":"SIN NOMBRE","tipo_fuente":"Subterránea","estado_fuentes":"CON FUENTE ASOCIADA"}},{"type":"Feature","geometry":{"type":"Point","coordinates":[-76.42306,4.027528]},"properties":{"id_maestro":"ACUEDUCTO_0140","codigo_actual":"940","codigo_anterior":"65514","codigo_muestreo":118561,"municipio":"CALIMA","aro":"Centro Tuluá","ambito":"Rural","tipo_sistema":"DISPERSA","prestador":"JUNTA DE ACUEDUCTO LA GUAIRA","localidades":"LA GUAIRA","suscriptores":8,"poblacion":0,"forma_organizativa":"Autogestion","tipo_tratamiento":"Soluciones_Individuales","algun_tratamiento":1,"cantidad_fuentes":1,"fuente_abastecimiento":"LA GUAIRA","tipo_fuente":"Superficial","estado_fuentes":"CON FUENTE ASOCIADA"}},{"type":"Feature","geometry":{"type":"Point","coordinates":[-76.46809,3.91225]},"properties":{"id_maestro":"ACUEDUCTO_0142","codigo_actual":"5647","codigo_anterior":"119884","codigo_muestreo":119110,"municipio":"CALIMA","aro":"Centro Tuluá","ambito":"Rural","tipo_sistema":"DISPERSA","prestador":"ACUEDUCTO PARCELACION LA CLARITA","localidades":"PARCELACION LA CLARITA","suscriptores":16,"poblacion":64,"forma_organizativa":"Autogestion","tipo_tratamiento":"FD+Desinfección","algun_tratamiento":1,"cantidad_fuentes":1,"fuente_abastecimiento":"LA HERRADURA","tipo_fuente":"Superficial","estado_fuentes":"CON FUENTE ASOCIADA"}},{"type":"Feature","geometry":{"type":"Point","coordinates":[-76.49569,3.930083]},"properties":{"id_maestro":"ACUEDUCTO_0143","codigo_actual":"185","codigo_anterior":"59607","codigo_muestreo":106153,"municipio":"CALIMA","aro":"Centro Tuluá","ambito":"Rural","tipo_sistema":"DISPERSA","prestador":"ASOCIACION COMUNITARIA DEL ACUEDUCTO DE LA VEREDA SANTA ELENA MUNICIPIO DE CALIMA","localidades":"SANTA ELENA","suscriptores":53,"poblacion":212,"forma_organizativa":"Autogestion","tipo_tratamiento":"Solo desinfección","algun_tratamiento":"","cantidad_fuentes":1,"fuente_abastecimiento":"QUEBRADA SANTA ELENA","tipo_fuente":"Superficial","estado_fuentes":"CON FUENTE ASOCIADA"}},{"type":"Feature","geometry":{"type":"Point","coordinates":[-76.47836,3.874806]},"properties":{"id_maestro":"ACUEDUCTO_0144","codigo_actual":"5791","codigo_anterior":"118818","codigo_muestreo":119141,"municipio":"CALIMA","aro":"Centro Tuluá","ambito":"Rural","tipo_sistema":"DISPERSA","prestador":"ACUEDUCTO PARCELACION NORUEGA","localidades":"PARCELACION NORUEGA","suscriptores":25,"poblacion":100,"forma_organizativa":"Autogestion","tipo_tratamiento":"Solo desinfección","algun_tratamiento":"","cantidad_fuentes":2,"fuente_abastecimiento":"QUEBRADA NORUEGA, QUEBRADA PUENTE TIERRA","tipo_fuente":"Superficial","estado_fuentes":"CON FUENTE ASOCIADA"}},{"type":"Feature","geometry":{"type":"Point","coordinates":[-76.43919,3.987939]},"properties":{"id_maestro":"ACUEDUCTO_0145","codigo_actual":"4067","codigo_anterior":"59612","codigo_muestreo":113175,"municipio":"CALIMA","aro":"Centro Tuluá","ambito":"Rural","tipo_sistema":"DISPERSA","prestador":"ASOCIACION COMUNITARIA ADMINISTRADORA DEL ACUEDUCTO DE LA VEREDA DE EL MIRADOR","localidades":"EL MIRADOR","suscriptores":96,"poblacion":384,"forma_organizativa":"Autogestion","tipo_tratamiento":"Soluciones_Individuales","algun_tratamiento":1,"cantidad_fuentes":1,"fuente_abastecimiento":"QUEBRADA LA GUAIRA","tipo_fuente":"Superficial","estado_fuentes":"CON FUENTE ASOCIADA"}},{"type":"Feature","geometry":{"type":"Point","coordinates":[-76.48788,3.947589]},"properties":{"id_maestro":"ACUEDUCTO_0146","codigo_actual":"3402","codigo_anterior":"62254","codigo_muestreo":112834,"municipio":"CALIMA","aro":"Centro Tuluá","ambito":"Rural","tipo_sistema":"DISPERSA","prestador":"ASOCIACION JUNTA ADMINISTRADORA ACUEDUCTO VEREDA SAN JOSE","localidades":"SAN JOSE","suscriptores":88,"poblacion":352,"forma_organizativa":"Autogestion","tipo_tratamiento":"Solo desinfección","algun_tratamiento":"","cantidad_fuentes":1,"fuente_abastecimiento":"SAN JOSE","tipo_fuente":"Superficial","estado_fuentes":"CON FUENTE ASOCIADA"}},{"type":"Feature","geometry":{"type":"Point","coordinates":[-76.46585,3.931958]},"properties":{"id_maestro":"ACUEDUCTO_0147","codigo_actual":"156","codigo_anterior":"109334","codigo_muestreo":112836,"municipio":"CALIMA","aro":"Centro Tuluá","ambito":"Rural","tipo_sistema":"DISPERSA","prestador":"CONDOMINIO CAMPESTRE VEGAS DEL CALIMA","localidades":"EL REMOLINO BAJO","suscriptores":60,"poblacion":0,"forma_organizativa":"Autogestion","tipo_tratamiento":"FIME","algun_tratamiento":1,"cantidad_fuentes":1,"fuente_abastecimiento":"QUEBRADA SAN JOSE","tipo_fuente":"Superficial","estado_fuentes":"CON FUENTE ASOCIADA"}},{"type":"Feature","geometry":{"type":"Point","coordinates":[-76.47713,3.941667]},"properties":{"id_maestro":"ACUEDUCTO_0148","codigo_actual":"188","codigo_anterior":"58654","codigo_muestreo":106133,"municipio":"CALIMA","aro":"Centro Tuluá","ambito":"Urbano","tipo_sistema":"CABECERA MUNICIPAL","prestador":"EMCALIMA ESP","localidades":"URBANO","suscriptores":4129,"poblacion":16516,"forma_organizativa":"Empresa de Servicios Púplicos","tipo_tratamiento":"Convencional","algun_tratamiento":1,"cantidad_fuentes":3,"fuente_abastecimiento":"LA ITALIA, SAN JOSE","tipo_fuente":"Superficial","estado_fuentes":"CON FUENTE ASOCIADA"}},{"type":"Feature","geometry":{"type":"Point","coordinates":[-76.47713,3.941667]},"properties":{"id_maestro":"ACUEDUCTO_0149","codigo_actual":"186","codigo_anterior":"122153","codigo_muestreo":145439,"municipio":"CALIMA","aro":"Centro Tuluá","ambito":"Urbano","tipo_sistema":"CABECERA MUNICIPAL","prestador":"EMCALIMA ESP - CIUDADELA","localidades":"URBANO","suscriptores":526,"poblacion":2104,"forma_organizativa":"Empresa de Servicios Púplicos","tipo_tratamiento":"Convencional_Modular","algun_tratamiento":1,"cantidad_fuentes":0,"fuente_abastecimiento":"","tipo_fuente":"","estado_fuentes":"SIN FUENTE ASOCIADA"}},{"type":"Feature","geometry":{"type":"Point","coordinates":[-76.48801,3.869847]},"properties":{"id_maestro":"ACUEDUCTO_0150","codigo_actual":"3931","codigo_anterior":"143200","codigo_muestreo":143204,"municipio":"CALIMA","aro":"Centro Tuluá","ambito":"Rural","tipo_sistema":"DISPERSA","prestador":"PARCELACION PINOS 1","localidades":"PARCELACION PINOS 1","suscriptores":50,"poblacion":200,"forma_organizativa":"Autogestion","tipo_tratamiento":"Ninguno","algun_tratamiento":"","cantidad_fuentes":0,"fuente_abastecimiento":"","tipo_fuente":"","estado_fuentes":"SIN FUENTE ASOCIADA"}},{"type":"Feature","geometry":{"type":"Point","coordinates":[-76.71281,3.661464]},"properties":{"id_maestro":"ACUEDUCTO_0151","codigo_actual":"342","codigo_anterior":"121969","codigo_muestreo":117423,"municipio":"DAGUA","aro":"Sur Cali","ambito":"Rural","tipo_sistema":"DISPERSA","prestador":"ACUEDUCTO COMUNITARIO EL COGOLLO-ACUECOGOLLO","localidades":"EL COGOLLO","suscriptores":36,"poblacion":80,"forma_organizativa":"Autogestion","tipo_tratamiento":"Ninguno","algun_tratamiento":"","cantidad_fuentes":1,"fuente_abastecimiento":"QUEBRADA EL COGOLLO","tipo_fuente":"Superficial","estado_fuentes":"CON FUENTE ASOCIADA"}},{"type":"Feature","geometry":{"type":"Point","coordinates":[-76.71489,3.668789]},"properties":{"id_maestro":"ACUEDUCTO_0152","codigo_actual":"343","codigo_anterior":"152015","codigo_muestreo":117431,"municipio":"DAGUA","aro":"Sur Cali","ambito":"Rural","tipo_sistema":"DISPERSA","prestador":"ACUEDUCTO COMUNITARIO PROVIDENCIA SECTOR LA ESTRELLA - ACUAESTRELLA","localidades":"PROVIDENCIA","suscriptores":40,"poblacion":160,"forma_organizativa":"Autogestion","tipo_tratamiento":"Ninguno","algun_tratamiento":"","cantidad_fuentes":1,"fuente_abastecimiento":"QUEBRADA LA ESTRELLA","tipo_fuente":"Superficial","estado_fuentes":"CON FUENTE ASOCIADA"}},{"type":"Feature","geometry":{"type":"Point","coordinates":[-76.65117,3.48925]},"properties":{"id_maestro":"ACUEDUCTO_0153","codigo_actual":"2850","codigo_anterior":"34207","codigo_muestreo":32485,"municipio":"DAGUA","aro":"Sur Cali","ambito":"Rural","tipo_sistema":"CENTRO POBLADO","prestador":"ACUEDUCTO COMUNITARIO SAN BERNARDO","localidades":"SAN BERNARDO","suscriptores":160,"poblacion":640,"forma_organizativa":"Autogestion","tipo_tratamiento":"Solo desinfección","algun_tratamiento":"","cantidad_fuentes":2,"fuente_abastecimiento":"NACIMIENTO JIMMY, LOS ABRONES","tipo_fuente":"Subterránea","estado_fuentes":"CON FUENTE ASOCIADA"}},{"type":"Feature","geometry":{"type":"Point","coordinates":[-76.76,3.783056]},"properties":{"id_maestro":"ACUEDUCTO_0154","codigo_actual":"19177","codigo_anterior":"124274","codigo_muestreo":null,"municipio":"DAGUA","aro":"Sur Cali","ambito":"Rural","tipo_sistema":"CENTRO POBLADO","prestador":"ACUEDUCTO DE CISNEROS","localidades":"CISNEROS LIMITES","suscriptores":150,"poblacion":600,"forma_organizativa":"Autogestion","tipo_tratamiento":"Ninguno","algun_tratamiento":"","cantidad_fuentes":0,"fuente_abastecimiento":"","tipo_fuente":"","estado_fuentes":"SIN FUENTE ASOCIADA"}},{"type":"Feature","geometry":{"type":"Point","coordinates":[-76.60917,3.577222]},"properties":{"id_maestro":"ACUEDUCTO_0155","codigo_actual":"12974","codigo_anterior":"123224","codigo_muestreo":122797,"municipio":"DAGUA","aro":"Sur Cali","ambito":"Rural","tipo_sistema":"DISPERSA","prestador":"ACUEDUCTO PARCELACION CAMPESTRE ASOFLORESTA","localidades":"PARCELACION ASOFLORESTA , EL VERGEL","suscriptores":120,"poblacion":480,"forma_organizativa":"Autogestion","tipo_tratamiento":"Filtración Compacta","algun_tratamiento":1,"cantidad_fuentes":4,"fuente_abastecimiento":"JAMOI, LA MARIA, NACIMIENTO LA MINA, LA FLORESTA","tipo_fuente":"Subterránea","estado_fuentes":"CON FUENTE ASOCIADA"}},{"type":"Feature","geometry":{"type":"Point","coordinates":[-76.66928,3.559194]},"properties":{"id_maestro":"ACUEDUCTO_0156","codigo_actual":"3425","codigo_anterior":"123562","codigo_muestreo":122821,"municipio":"DAGUA","aro":"Sur Cali","ambito":"Rural","tipo_sistema":"DISPERSA","prestador":"ACUEDUCTO PARCELACION EL BOSQUE","localidades":"CONDOMINIO EL BOSQUE","suscriptores":180,"poblacion":720,"forma_organizativa":"Autogestion","tipo_tratamiento":"FD+Desinfección","algun_tratamiento":1,"cantidad_fuentes":1,"fuente_abastecimiento":"RIO JORDAN","tipo_fuente":"Superficial","estado_fuentes":"CON FUENTE ASOCIADA"}},{"type":"Feature","geometry":{"type":"Point","coordinates":[-76.62087,3.809947]},"properties":{"id_maestro":"ACUEDUCTO_0157","codigo_actual":"1399","codigo_anterior":"104288","codigo_muestreo":107588,"municipio":"DAGUA","aro":"Sur Cali","ambito":"Rural","tipo_sistema":"CENTRO POBLADO","prestador":"ACUEDUCTO ZABALETAS","localidades":"ZABALETAS","suscriptores":252,"poblacion":1008,"forma_organizativa":"Autogestion","tipo_tratamiento":"Solo desinfección","algun_tratamiento":"","cantidad_fuentes":1,"fuente_abastecimiento":"QUEBRADA EL TAMBOR","tipo_fuente":"Superficial","estado_fuentes":"CON FUENTE ASOCIADA"}},{"type":"Feature","geometry":{"type":"Point","coordinates":[-76.69569,3.533694]},"properties":{"id_maestro":"ACUEDUCTO_0158","codigo_actual":"3956","codigo_anterior":"38184","codigo_muestreo":32473,"municipio":"DAGUA","aro":"Sur Cali","ambito":"Rural","tipo_sistema":"DISPERSA","prestador":"ASOCIACION ACUEDUCTO RURAL COMUNITARIO SENDO - TIGRE - AACTISE","localidades":"SENDO,TIGRE","suscriptores":260,"poblacion":1040,"forma_organizativa":"Autogestion","tipo_tratamiento":"Solo desinfección","algun_tratamiento":"","cantidad_fuentes":1,"fuente_abastecimiento":"RIO SAN JUAN","tipo_fuente":"Superficial","estado_fuentes":"CON FUENTE ASOCIADA"}},{"type":"Feature","geometry":{"type":"Point","coordinates":[-76.67936,3.740389]},"properties":{"id_maestro":"ACUEDUCTO_0159","codigo_actual":"1403","codigo_anterior":"121827","codigo_muestreo":115505,"municipio":"DAGUA","aro":"Sur Cali","ambito":"Rural","tipo_sistema":"CENTRO POBLADO","prestador":"ASOCIACION AGUA VIGIA CORREGIMIENTO DE ATUNCELA MUNICIPIO DE DAGUA VALLE DEL CAUCA EN LIQUIDACION","localidades":"ATUNCELA","suscriptores":18,"poblacion":72,"forma_organizativa":"Autogestion","tipo_tratamiento":"Soluciones_Individuales","algun_tratamiento":1,"cantidad_fuentes":1,"fuente_abastecimiento":"QUEBRADA LA VIGIA","tipo_fuente":"Superficial","estado_fuentes":"CON FUENTE ASOCIADA"}},{"type":"Feature","geometry":{"type":"Point","coordinates":[-76.72069,3.630694]},"properties":{"id_maestro":"ACUEDUCTO_0160","codigo_actual":"346","codigo_anterior":"33542","codigo_muestreo":32478,"municipio":"DAGUA","aro":"Sur Cali","ambito":"Rural","tipo_sistema":"CENTRO POBLADO","prestador":"ASOCIACION COMUNITARIA ADMINISTRADORA DEL ACUEDUCTO DE LA LOCALIDAD DE SANTA MARIA - ACOACEDRO","localidades":"SANTA MARIA PARTE ALTA","suscriptores":139,"poblacion":556,"forma_organizativa":"Autogestion","tipo_tratamiento":"Ninguno","algun_tratamiento":"","cantidad_fuentes":1,"fuente_abastecimiento":"QUEBRADA EL CEDRO","tipo_fuente":"Superficial","estado_fuentes":"CON FUENTE ASOCIADA"}},{"type":"Feature","geometry":{"type":"Point","coordinates":[-76.62981,3.522972]},"properties":{"id_maestro":"ACUEDUCTO_0161","codigo_actual":"2832","codigo_anterior":"34214","codigo_muestreo":32483,"municipio":"DAGUA","aro":"Sur Cali","ambito":"Rural","tipo_sistema":"DISPERSA","prestador":"ASOCIACION COMUNITARIA ADMINISTRADORA DEL ACUEDUCTO DE SAN MIGUEL - ACUAMIGUEL","localidades":"SAN MIGUEL","suscriptores":72,"poblacion":288,"forma_organizativa":"Autogestion","tipo_tratamiento":"Solo desinfección","algun_tratamiento":"","cantidad_fuentes":1,"fuente_abastecimiento":"NACIMIENTO EL CORO","tipo_fuente":"Subterránea","estado_fuentes":"CON FUENTE ASOCIADA"}},{"type":"Feature","geometry":{"type":"Point","coordinates":[-76.62249,3.560442]},"properties":{"id_maestro":"ACUEDUCTO_0162","codigo_actual":"2897","codigo_anterior":"46017","codigo_muestreo":51038,"municipio":"DAGUA","aro":"Sur Cali","ambito":"Rural","tipo_sistema":"DISPERSA","prestador":"ASOCIACION COMUNITARIA DE ACUEDUCTO DE CHIPRE, ASOCHIPRE","localidades":"BORRERO AYERBE (CHIPRE)","suscriptores":35,"poblacion":140,"forma_organizativa":"Autogestion","tipo_tratamiento":"Solo desinfección","algun_tratamiento":"","cantidad_fuentes":1,"fuente_abastecimiento":"QUEBRADA LA CLORINDA","tipo_fuente":"Superficial","estado_fuentes":"CON FUENTE ASOCIADA"}},{"type":"Feature","geometry":{"type":"Point","coordinates":[-76.63778,3.561944]},"properties":{"id_maestro":"ACUEDUCTO_0163","codigo_actual":"3415","codigo_anterior":"45575","codigo_muestreo":106533,"municipio":"DAGUA","aro":"Sur Cali","ambito":"Rural","tipo_sistema":"DISPERSA","prestador":"ASOCIACION COMUNITARIA DEL ACUEDUCTO ACUACLOR - ACUACLOR","localidades":"BORRERO AYERBE (KM26,KM27,KM28,KM29)","suscriptores":235,"poblacion":940,"forma_organizativa":"Autogestion","tipo_tratamiento":"Solo desinfección","algun_tratamiento":"","cantidad_fuentes":1,"fuente_abastecimiento":"QUEBRADA LA CLORINDA","tipo_fuente":"Superficial","estado_fuentes":"CON FUENTE ASOCIADA"}},{"type":"Feature","geometry":{"type":"Point","coordinates":[-76.61333,3.537778]},"properties":{"id_maestro":"ACUEDUCTO_0164","codigo_actual":"3423","codigo_anterior":"124277","codigo_muestreo":123345,"municipio":"DAGUA","aro":"Sur Cali","ambito":"Rural","tipo_sistema":"DISPERSA","prestador":"ASOCIACION DE PROPIETARIOS PARCELACION MONTERRICO","localidades":"PARCELACION MONTERRICO","suscriptores":170,"poblacion":680,"forma_organizativa":"Autogestion","tipo_tratamiento":"FD+Desinfección","algun_tratamiento":1,"cantidad_fuentes":2,"fuente_abastecimiento":"QUEBRADA POTRERITO, QUEBRADA LA 21","tipo_fuente":"Superficial","estado_fuentes":"CON FUENTE ASOCIADA"}},{"type":"Feature","geometry":{"type":"Point","coordinates":[-76.71414,3.569969]},"properties":{"id_maestro":"ACUEDUCTO_0165","codigo_actual":"2853","codigo_anterior":"115853","codigo_muestreo":115435,"municipio":"DAGUA","aro":"Sur Cali","ambito":"Rural","tipo_sistema":"DISPERSA","prestador":"ASOCIACION DE SUSCRIPTORES DEL ACUEDUCTO COMUNAL VEREDA EL AGUACATE - ASUAGUACATE","localidades":"EL AGUACATE","suscriptores":62,"poblacion":248,"forma_organizativa":"Autogestion","tipo_tratamiento":"Ninguno","algun_tratamiento":"","cantidad_fuentes":1,"fuente_abastecimiento":"QUEBRADA EL AGUACATE","tipo_fuente":"Superficial","estado_fuentes":"CON FUENTE ASOCIADA"}},{"type":"Feature","geometry":{"type":"Point","coordinates":[-76.717,3.564031]},"properties":{"id_maestro":"ACUEDUCTO_0166","codigo_actual":"12978","codigo_anterior":"124278","codigo_muestreo":123349,"municipio":"DAGUA","aro":"Sur Cali","ambito":"Rural","tipo_sistema":"DISPERSA","prestador":"ASOCIACION DE SUSCRIPTORES DEL ACUEDUCTO LA SUIZA - SUAS. PARCELACION LA SUIZA","localidades":"PARCELACION LA SUIZA, SAN JOSE DEL SALADO.","suscriptores":20,"poblacion":80,"forma_organizativa":"Autogestion","tipo_tratamiento":"Solo desinfección","algun_tratamiento":"","cantidad_fuentes":0,"fuente_abastecimiento":"","tipo_fuente":"","estado_fuentes":"SIN FUENTE ASOCIADA"}},{"type":"Feature","geometry":{"type":"Point","coordinates":[-76.67957,3.658167]},"properties":{"id_maestro":"ACUEDUCTO_0167","codigo_actual":"4055","codigo_anterior":"102666","codigo_muestreo":99595,"municipio":"DAGUA","aro":"Sur Cali","ambito":"Rural","tipo_sistema":"DISPERSA","prestador":"ASOCIACION DE SUSCRIPTORES DEL SERVICIO DE ACUEDUCTO SAN JOAQUIN-ASOSANJOAQUIN","localidades":"SAN JOAQUIN","suscriptores":22,"poblacion":88,"forma_organizativa":"Autogestion","tipo_tratamiento":"Soluciones_Individuales","algun_tratamiento":1,"cantidad_fuentes":1,"fuente_abastecimiento":"QUEBRADA SAN RAFAEL","tipo_fuente":"Superficial","estado_fuentes":"CON FUENTE ASOCIADA"}},{"type":"Feature","geometry":{"type":"Point","coordinates":[-76.67748,3.655803]},"properties":{"id_maestro":"ACUEDUCTO_0168","codigo_actual":"4054","codigo_anterior":"50555","codigo_muestreo":50560,"municipio":"DAGUA","aro":"Sur Cali","ambito":"Rural","tipo_sistema":"CENTRO POBLADO","prestador":"ASOCIACION DE SUSCRIPTORES DEL SERVICIO DE ACUEDUCTO SAN VICENTE-AGUASANVICENTE","localidades":"SAN VICENTE","suscriptores":58,"poblacion":232,"forma_organizativa":"Autogestion","tipo_tratamiento":"Soluciones_Individuales","algun_tratamiento":1,"cantidad_fuentes":2,"fuente_abastecimiento":"QUEBRADA SAN RAFAEL, SAN VICENTE","tipo_fuente":"Superficial","estado_fuentes":"CON FUENTE ASOCIADA"}},{"type":"Feature","geometry":{"type":"Point","coordinates":[-76.62861,3.577822]},"properties":{"id_maestro":"ACUEDUCTO_0169","codigo_actual":"2899","codigo_anterior":"29761","codigo_muestreo":50562,"municipio":"DAGUA","aro":"Sur Cali","ambito":"Rural","tipo_sistema":"CENTRO POBLADO","prestador":"ASOCIACION DE SUSCRIPTORES DEL SERVICIO DE AGUA EL VERGEL - AUVA E.S.P.","localidades":"EL VERGEL","suscriptores":197,"poblacion":1125,"forma_organizativa":"Empresa de Servicios Púplicos","tipo_tratamiento":"Solo desinfección","algun_tratamiento":"","cantidad_fuentes":0,"fuente_abastecimiento":"","tipo_fuente":"","estado_fuentes":"SIN FUENTE ASOCIADA"}},{"type":"Feature","geometry":{"type":"Point","coordinates":[-76.66592,3.761389]},"properties":{"id_maestro":"ACUEDUCTO_0170","codigo_actual":"4057","codigo_anterior":"44630","codigo_muestreo":33142,"municipio":"DAGUA","aro":"Sur Cali","ambito":"Rural","tipo_sistema":"CENTRO POBLADO","prestador":"ASOCIACION DE USUARIOS ACUEDUCTO LOBOGUERRERO","localidades":"LOBOGUERRERO","suscriptores":690,"poblacion":2415,"forma_organizativa":"Autogestion","tipo_tratamiento":"Soluciones_Individuales","algun_tratamiento":1,"cantidad_fuentes":1,"fuente_abastecimiento":"QUEBRADA LA CHAPA","tipo_fuente":"Superficial","estado_fuentes":"CON FUENTE ASOCIADA"}},{"type":"Feature","geometry":{"type":"Point","coordinates":[-76.64361,3.553611]},"properties":{"id_maestro":"ACUEDUCTO_0171","codigo_actual":"3416","codigo_anterior":"125244","codigo_muestreo":124541,"municipio":"DAGUA","aro":"Sur Cali","ambito":"Rural","tipo_sistema":"DISPERSA","prestador":"ASOCIACION DE USUARIOS ACUEDUCTO LOS COLORADOS CORREGIMIENTO BORRERO AYERBE MUNICIPIO DE DAGUA, VALLE DEL CAUCA ASOCOLORADOS","localidades":"LOS COLORADOS, VILLA DEL CARMEN","suscriptores":25,"poblacion":100,"forma_organizativa":"Autogestion","tipo_tratamiento":"Solo desinfección","algun_tratamiento":"","cantidad_fuentes":1,"fuente_abastecimiento":"QUEBRADA LA CLORINDA","tipo_fuente":"Superficial","estado_fuentes":"CON FUENTE ASOCIADA"}},{"type":"Feature","geometry":{"type":"Point","coordinates":[-76.67075,3.719861]},"properties":{"id_maestro":"ACUEDUCTO_0172","codigo_actual":"1400","codigo_anterior":"117137","codigo_muestreo":115507,"municipio":"DAGUA","aro":"Sur Cali","ambito":"Rural","tipo_sistema":"DISPERSA","prestador":"ASOCIACION DE USUARIOS ACUEDUCTO PUERTA DAGUA RIO DAGUA E.S.P - RIO DAGUA E.S.P","localidades":"PUERTA DAGUA","suscriptores":82,"poblacion":328,"forma_organizativa":"Autogestion","tipo_tratamiento":"Ninguno","algun_tratamiento":"","cantidad_fuentes":1,"fuente_abastecimiento":"QUEBRADA TIERRA CALIENTE","tipo_fuente":"Superficial","estado_fuentes":"CON FUENTE ASOCIADA"}},{"type":"Feature","geometry":{"type":"Point","coordinates":[-76.63028,3.549167]},"properties":{"id_maestro":"ACUEDUCTO_0173","codigo_actual":"3417","codigo_anterior":"43208","codigo_muestreo":122289,"municipio":"DAGUA","aro":"Sur Cali","ambito":"Rural","tipo_sistema":"DISPERSA","prestador":"ASOCIACION DE USUARIOS ACUEDUCTO VEREDA LA CLORINDA","localidades":"LA CLORINDA TANQUE 1","suscriptores":100,"poblacion":400,"forma_organizativa":"Autogestion","tipo_tratamiento":"Solo desinfección","algun_tratamiento":"","cantidad_fuentes":2,"fuente_abastecimiento":"LA CLORINDA, QUEBRADAS AURES","tipo_fuente":"Superficial","estado_fuentes":"CON FUENTE ASOCIADA"}},{"type":"Feature","geometry":{"type":"Point","coordinates":[-76.648,3.507444]},"properties":{"id_maestro":"ACUEDUCTO_0174","codigo_actual":"2849","codigo_anterior":"34208","codigo_muestreo":32484,"municipio":"DAGUA","aro":"Sur Cali","ambito":"Rural","tipo_sistema":"CENTRO POBLADO","prestador":"ASOCIACION DE USUARIOS DE ACUEDUCTO DE LA VEREDA TOCOTA - ASOTOCOTA","localidades":"TOCOTA","suscriptores":228,"poblacion":912,"forma_organizativa":"Autogestion","tipo_tratamiento":"FD+Desinfección","algun_tratamiento":1,"cantidad_fuentes":1,"fuente_abastecimiento":"QUEBRADA LOS CIRUELOS","tipo_fuente":"Superficial","estado_fuentes":"CON FUENTE ASOCIADA"}},{"type":"Feature","geometry":{"type":"Point","coordinates":[-76.63022,3.603417]},"properties":{"id_maestro":"ACUEDUCTO_0175","codigo_actual":"2867","codigo_anterior":"128093","codigo_muestreo":127843,"municipio":"DAGUA","aro":"Sur Cali","ambito":"Rural","tipo_sistema":"CENTRO POBLADO","prestador":"ASOCIACION DE USUARIOS DE ACUEDUCTO EL PALMARCITO DE LA VEREDA LA VIRGEN EN LIQUIDACION","localidades":"LA VIRGEN","suscriptores":17,"poblacion":68,"forma_organizativa":"Autogestion","tipo_tratamiento":"Solo desinfección","algun_tratamiento":"","cantidad_fuentes":0,"fuente_abastecimiento":"","tipo_fuente":"","estado_fuentes":"SIN FUENTE ASOCIADA"}},{"type":"Feature","geometry":{"type":"Point","coordinates":[-76.66364,3.628233]},"properties":{"id_maestro":"ACUEDUCTO_0176","codigo_actual":"2871","codigo_anterior":"120464","codigo_muestreo":119540,"municipio":"DAGUA","aro":"Sur Cali","ambito":"Rural","tipo_sistema":"DISPERSA","prestador":"ASOCIACION DE USUARIOS DE ACUEDUCTO VEREDA LAS DELICIAS - ASAD ESP. ALTA","localidades":"LAS DELICIAS","suscriptores":56,"poblacion":224,"forma_organizativa":"Autogestion","tipo_tratamiento":"Ninguno","algun_tratamiento":"","cantidad_fuentes":0,"fuente_abastecimiento":"","tipo_fuente":"","estado_fuentes":"SIN FUENTE ASOCIADA"}},{"type":"Feature","geometry":{"type":"Point","coordinates":[-76.66347,3.628472]},"properties":{"id_maestro":"ACUEDUCTO_0177","codigo_actual":"2870","codigo_anterior":"34631","codigo_muestreo":34228,"municipio":"DAGUA","aro":"Sur Cali","ambito":"Rural","tipo_sistema":"DISPERSA","prestador":"ASOCIACION DE USUARIOS DE ACUEDUCTO VEREDA LAS DELICIAS - ASAD ESP. BAJA","localidades":"LAS DELICIAS PARTE BAJA Y ALTA","suscriptores":40,"poblacion":160,"forma_organizativa":"Autogestion","tipo_tratamiento":"Solo desinfección","algun_tratamiento":"","cantidad_fuentes":2,"fuente_abastecimiento":"QUEBRADA LA HONDA, NACIMIENTO LAS BRISAS","tipo_fuente":"Superficial-Subterránea","estado_fuentes":"CON FUENTE ASOCIADA"}},{"type":"Feature","geometry":{"type":"Point","coordinates":[-76.62811,3.582111]},"properties":{"id_maestro":"ACUEDUCTO_0178","codigo_actual":"14560","codigo_anterior":"41031","codigo_muestreo":32474,"municipio":"DAGUA","aro":"Sur Cali","ambito":"Rural","tipo_sistema":"CENTRO POBLADO","prestador":"ASOCIACIÓN DE USUARIOS DE ACUEDUCTO Y SERVICIOS BÁSICOS PUEBLO NUEVO-A.U.AS.B","localidades":"PUEBLO NUEVO","suscriptores":240,"poblacion":968,"forma_organizativa":"Autogestion","tipo_tratamiento":"Solo desinfección","algun_tratamiento":"","cantidad_fuentes":1,"fuente_abastecimiento":"QUEBRADA LA VIBORA","tipo_fuente":"Superficial","estado_fuentes":"CON FUENTE ASOCIADA"}},{"type":"Feature","geometry":{"type":"Point","coordinates":[-76.64667,3.534653]},"properties":{"id_maestro":"ACUEDUCTO_0179","codigo_actual":"6897","codigo_anterior":"145415","codigo_muestreo":143981,"municipio":"DAGUA","aro":"Sur Cali","ambito":"Rural","tipo_sistema":"DISPERSA","prestador":"ASOCIACIÓN DE USUARIOS DEL ACUEDUCTO COMUNITARIO QUEBRADA LA CLEMENTINA","localidades":"LA CLEMENTINA","suscriptores":32,"poblacion":128,"forma_organizativa":"Autogestion","tipo_tratamiento":"Ninguno","algun_tratamiento":"","cantidad_fuentes":1,"fuente_abastecimiento":"QUEBRADA LA CLEMENTINA","tipo_fuente":"Superficial","estado_fuentes":"CON FUENTE ASOCIADA"}},{"type":"Feature","geometry":{"type":"Point","coordinates":[-76.64569,3.617889]},"properties":{"id_maestro":"ACUEDUCTO_0180","codigo_actual":"2865","codigo_anterior":"111599","codigo_muestreo":108947,"municipio":"DAGUA","aro":"Sur Cali","ambito":"Rural","tipo_sistema":"DISPERSA","prestador":"ASOCIACION DE USUARIOS DEL ACUEDUCTO DE LA VEREDA CENTELLA (BAJA) CRGT VILLAHERMOSA - DAGUA.","localidades":"CENTELLA PARTE BAJA","suscriptores":26,"poblacion":104,"forma_organizativa":"Autogestion","tipo_tratamiento":"FD+Desinfección","algun_tratamiento":1,"cantidad_fuentes":1,"fuente_abastecimiento":"QUEBRADA CENTELLA","tipo_fuente":"Superficial","estado_fuentes":"CON FUENTE ASOCIADA"}},{"type":"Feature","geometry":{"type":"Point","coordinates":[-76.70553,3.630083]},"properties":{"id_maestro":"ACUEDUCTO_0181","codigo_actual":"345","codigo_anterior":"33511","codigo_muestreo":33755,"municipio":"DAGUA","aro":"Sur Cali","ambito":"Rural","tipo_sistema":"CENTRO POBLADO","prestador":"ASOCIACION DE USUARIOS DEL ACUEDUCTO DE SANTA MARIA PARTE BAJA - ASUASBA","localidades":"SANTA MARIA PARTE BAJA","suscriptores":95,"poblacion":333,"forma_organizativa":"Autogestion","tipo_tratamiento":"FD+Desinfección","algun_tratamiento":1,"cantidad_fuentes":1,"fuente_abastecimiento":"QUEBRADA EL CEDRO","tipo_fuente":"Superficial","estado_fuentes":"CON FUENTE ASOCIADA"}},{"type":"Feature","geometry":{"type":"Point","coordinates":[-76.61889,3.559222]},"properties":{"id_maestro":"ACUEDUCTO_0182","codigo_actual":"2896","codigo_anterior":"28230","codigo_muestreo":32482,"municipio":"DAGUA","aro":"Sur Cali","ambito":"Rural","tipo_sistema":"CENTRO POBLADO","prestador":"ASOCIACION DE USUARIOS DEL ACUEDUCTO PEÑA ALEGRIA KM 26 BORRERO AYERBE - ASUAPAL","localidades":"BORRERO AYERBE (KM 26)","suscriptores":186,"poblacion":720,"forma_organizativa":"Autogestion","tipo_tratamiento":"Solo desinfección","algun_tratamiento":"","cantidad_fuentes":1,"fuente_abastecimiento":"QUEBRADA PEÑALEGRIA","tipo_fuente":"Superficial","estado_fuentes":"CON FUENTE ASOCIADA"}},{"type":"Feature","geometry":{"type":"Point","coordinates":[-76.67894,3.737167]},"properties":{"id_maestro":"ACUEDUCTO_0183","codigo_actual":"4056","codigo_anterior":"101957","codigo_muestreo":99594,"municipio":"DAGUA","aro":"Sur Cali","ambito":"Rural","tipo_sistema":"CENTRO POBLADO","prestador":"ASOCIACION DE USUARIOS DEL ACUEDUCTO QUEBRADA LOS CHORROS, CORREGIMIENTO ATUNCELA, MUNICIPIO DE DAGUA","localidades":"ATUNCELA","suscriptores":64,"poblacion":252,"forma_organizativa":"Autogestion","tipo_tratamiento":"Soluciones_Individuales","algun_tratamiento":1,"cantidad_fuentes":1,"fuente_abastecimiento":"QUEBRADA LOS CHORROS","tipo_fuente":"Superficial","estado_fuentes":"CON FUENTE ASOCIADA"}},{"type":"Feature","geometry":{"type":"Point","coordinates":[-76.69569,3.534972]},"properties":{"id_maestro":"ACUEDUCTO_0184","codigo_actual":"10804","codigo_anterior":"103022","codigo_muestreo":99611,"municipio":"DAGUA","aro":"Sur Cali","ambito":"Rural","tipo_sistema":"DISPERSA","prestador":"ASOCIACION DE USUARIOS DEL ACUEDUCTO RURAL COLECTIVO DE LA VEREDA DE MACHADO","localidades":"MACHADO","suscriptores":188,"poblacion":752,"forma_organizativa":"Autogestion","tipo_tratamiento":"Solo desinfección","algun_tratamiento":"","cantidad_fuentes":1,"fuente_abastecimiento":"QUEBRADA PARAGUITAS","tipo_fuente":"Superficial","estado_fuentes":"CON FUENTE ASOCIADA"}},{"type":"Feature","geometry":{"type":"Point","coordinates":[-76.67531,3.736944]},"properties":{"id_maestro":"ACUEDUCTO_0185","codigo_actual":"341","codigo_anterior":"34630","codigo_muestreo":32487,"municipio":"DAGUA","aro":"Sur Cali","ambito":"Rural","tipo_sistema":"DISPERSA","prestador":"ASOCIACION DE USUARIOS DEL ACUEDUCTO RURAL VILLAHERMOSA-ACUEHERMOSA","localidades":"VILLAHERMOSA","suscriptores":150,"poblacion":600,"forma_organizativa":"Autogestion","tipo_tratamiento":"FD+Desinfección","algun_tratamiento":1,"cantidad_fuentes":1,"fuente_abastecimiento":"QUEBRADA CENTELLA","tipo_fuente":"Superficial","estado_fuentes":"CON FUENTE ASOCIADA"}},{"type":"Feature","geometry":{"type":"Point","coordinates":[-76.68042,3.541417]},"properties":{"id_maestro":"ACUEDUCTO_0186","codigo_actual":"3422","codigo_anterior":"45411","codigo_muestreo":99610,"municipio":"DAGUA","aro":"Sur Cali","ambito":"Rural","tipo_sistema":"DISPERSA","prestador":"ASOCIACION DE USUARIOS DEL ACUEDUCTO VEREDAL \"LA ROSITA E.S.P.\" - ASO ACUEDUCTO","localidades":"LA ROSITA","suscriptores":97,"poblacion":388,"forma_organizativa":"Empresa de Servicios Púplicos","tipo_tratamiento":"Solo desinfección","algun_tratamiento":"","cantidad_fuentes":0,"fuente_abastecimiento":"","tipo_fuente":"","estado_fuentes":"SIN FUENTE ASOCIADA"}},{"type":"Feature","geometry":{"type":"Point","coordinates":[-76.63107,3.516417]},"properties":{"id_maestro":"ACUEDUCTO_0187","codigo_actual":"2847","codigo_anterior":"115850","codigo_muestreo":115428,"municipio":"DAGUA","aro":"Sur Cali","ambito":"Rural","tipo_sistema":"DISPERSA","prestador":"ASOCIACION DE USUARIOS DEL SERVICIO DE ACUEDUCTO LA BALASTRERA - ACUEDUCTO LA BALASTRERA","localidades":"LOMA ALTA LA BALASTRERA","suscriptores":54,"poblacion":216,"forma_organizativa":"Autogestion","tipo_tratamiento":"Solo desinfección","algun_tratamiento":"","cantidad_fuentes":1,"fuente_abastecimiento":"QUEBRADA LA BALASTRERA","tipo_fuente":"Superficial","estado_fuentes":"CON FUENTE ASOCIADA"}},{"type":"Feature","geometry":{"type":"Point","coordinates":[-76.66242,3.594939]},"properties":{"id_maestro":"ACUEDUCTO_0188","codigo_actual":"3427","codigo_anterior":"35016","codigo_muestreo":32767,"municipio":"DAGUA","aro":"Sur Cali","ambito":"Rural","tipo_sistema":"DISPERSA","prestador":"ASOCIACION DE USUARIOS DEL SERVICIO DE AGUA DE ACUEDUCTO DE JIGUALES, ACUAJI","localidades":"JIGUALES","suscriptores":368,"poblacion":1472,"forma_organizativa":"Empresa de Servicios Púplicos","tipo_tratamiento":"Solo desinfección","algun_tratamiento":"","cantidad_fuentes":0,"fuente_abastecimiento":"","tipo_fuente":"","estado_fuentes":"SIN FUENTE ASOCIADA"}},{"type":"Feature","geometry":{"type":"Point","coordinates":[-76.71041,3.608703]},"properties":{"id_maestro":"ACUEDUCTO_0189","codigo_actual":null,"codigo_anterior":"119865","codigo_muestreo":32477,"municipio":"DAGUA","aro":"Sur Cali","ambito":"Rural","tipo_sistema":"CENTRO POBLADO","prestador":"ASOCIACIÓN DE USUARIOS DEL SERVICIO DE AGUA POTABLE DEL LIMONAR MUNICIPIO DE DAGUA","localidades":"LIMONAR","suscriptores":137,"poblacion":548,"forma_organizativa":"Autogestion","tipo_tratamiento":"Solo desinfección","algun_tratamiento":"","cantidad_fuentes":1,"fuente_abastecimiento":"QUEBRADA LA ESPAÑOLA","tipo_fuente":"Superficial","estado_fuentes":"CON FUENTE ASOCIADA"}},{"type":"Feature","geometry":{"type":"Point","coordinates":[-76.70906,3.583917]},"properties":{"id_maestro":"ACUEDUCTO_0190","codigo_actual":"358","codigo_anterior":"111037","codigo_muestreo":108614,"municipio":"DAGUA","aro":"Sur Cali","ambito":"Rural","tipo_sistema":"CENTRO POBLADO","prestador":"ASOCIACION DE USUARIOS DEL SERVICIO DE AGUA POTABLE Y ALCANTARILLADO DE LA VEREDA EL CHILCAL","localidades":"EL CHILCAL","suscriptores":246,"poblacion":984,"forma_organizativa":"Autogestion","tipo_tratamiento":"Solo desinfección","algun_tratamiento":"","cantidad_fuentes":2,"fuente_abastecimiento":"QUEBRADA MIQUERA, QUEBRADA GUAYANGA","tipo_fuente":"Superficial","estado_fuentes":"CON FUENTE ASOCIADA"}},{"type":"Feature","geometry":{"type":"Point","coordinates":[-76.71467,3.546564]},"properties":{"id_maestro":"ACUEDUCTO_0191","codigo_actual":"3955","codigo_anterior":"38277","codigo_muestreo":32476,"municipio":"DAGUA","aro":"Sur Cali","ambito":"Rural","tipo_sistema":"CENTRO POBLADO","prestador":"ASOCIACION DE USUARIOS DEL SERVICIO DE AGUA POTABLE Y ALCANTARILLADO DE LAS CAMELIAS - AUSAPACECS. - ALTA","localidades":"LAS CAMELIAS","suscriptores":2080,"poblacion":520,"forma_organizativa":"Empresa de Servicios Púplicos","tipo_tratamiento":"Solo desinfección","algun_tratamiento":"","cantidad_fuentes":0,"fuente_abastecimiento":"","tipo_fuente":"","estado_fuentes":"SIN FUENTE ASOCIADA"}},{"type":"Feature","geometry":{"type":"Point","coordinates":[-76.71467,3.546564]},"properties":{"id_maestro":"ACUEDUCTO_0192","codigo_actual":"3955","codigo_anterior":"38277","codigo_muestreo":32476,"municipio":"DAGUA","aro":"Sur Cali","ambito":"Rural","tipo_sistema":"CENTRO POBLADO","prestador":"ASOCIACION DE USUARIOS DEL SERVICIO DE AGUA POTABLE Y ALCANTARILLADO DE LAS CAMELIAS - AUSAPACECS. - BAJA","localidades":"LAS CAMELIAS","suscriptores":2080,"poblacion":520,"forma_organizativa":"Empresa de Servicios Púplicos","tipo_tratamiento":"Solo desinfección","algun_tratamiento":"","cantidad_fuentes":0,"fuente_abastecimiento":"","tipo_fuente":"","estado_fuentes":"SIN FUENTE ASOCIADA"}},{"type":"Feature","geometry":{"type":"Point","coordinates":[-76.70983,3.530111]},"properties":{"id_maestro":"ACUEDUCTO_0193","codigo_actual":"48","codigo_anterior":"32190","codigo_muestreo":103436,"municipio":"DAGUA","aro":"Sur Cali","ambito":"Rural","tipo_sistema":"CENTRO POBLADO","prestador":"ASOCIACION DE USUARIOS DEL SERVICIO DE AGUA POTABLE Y ALCANTARILLADO QUEREMAL ASUAQ","localidades":"EL QUEREMAL, POTRERITO, ALTO SAN JUAN Y EL TIGRE.","suscriptores":1693,"poblacion":6772,"forma_organizativa":"Empresa de Servicios Púplicos","tipo_tratamiento":"FIME","algun_tratamiento":1,"cantidad_fuentes":0,"fuente_abastecimiento":"","tipo_fuente":"","estado_fuentes":"SIN FUENTE ASOCIADA"}},{"type":"Feature","geometry":{"type":"Point","coordinates":[-76.66981,3.643667]},"properties":{"id_maestro":"ACUEDUCTO_0194","codigo_actual":"2900","codigo_anterior":"35015","codigo_muestreo":107856,"municipio":"DAGUA","aro":"Sur Cali","ambito":"Rural","tipo_sistema":"DISPERSA","prestador":"ASOCIACIÓN DE USUARIOS DEL SERVICIO DE AGUA Y ALCANTARILLADO SAN VICENTE KM 95 ALTO CAMELIAS CENTELL","localidades":"LAS CAMELIAS KM 95 ALTO","suscriptores":220,"poblacion":880,"forma_organizativa":"Autogestion","tipo_tratamiento":"Solo desinfección","algun_tratamiento":"","cantidad_fuentes":4,"fuente_abastecimiento":"QUEBRADA CENTELLA, QUEBRADA CUERO NEGRO, NACIMIENTO SAN VICENTE","tipo_fuente":"Superficial","estado_fuentes":"CON FUENTE ASOCIADA"}},{"type":"Feature","geometry":{"type":"Point","coordinates":[-76.64699,3.594503]},"properties":{"id_maestro":"ACUEDUCTO_0195","codigo_actual":"2868","codigo_anterior":"128094","codigo_muestreo":127304,"municipio":"DAGUA","aro":"Sur Cali","ambito":"Rural","tipo_sistema":"CENTRO POBLADO","prestador":"ASOCIACION DE USUARIOS NACIMIENTO LA ROSITA, VEREDA YERBABUENA EL PALMAR","localidades":"YERBABUENA","suscriptores":62,"poblacion":248,"forma_organizativa":"Autogestion","tipo_tratamiento":"Solo desinfección","algun_tratamiento":"","cantidad_fuentes":1,"fuente_abastecimiento":"NACIMIENTO LA ROSITA","tipo_fuente":"Subterránea","estado_fuentes":"CON FUENTE ASOCIADA"}},{"type":"Feature","geometry":{"type":"Point","coordinates":[-76.71369,3.561139]},"properties":{"id_maestro":"ACUEDUCTO_0196","codigo_actual":"3428","codigo_anterior":"34212","codigo_muestreo":99612,"municipio":"DAGUA","aro":"Sur Cali","ambito":"Rural","tipo_sistema":"CENTRO POBLADO","prestador":"ASOCIACION DE USUARIOS, ACUEDUCTO SAN JOSE DEL SALADO - ACUASALADO","localidades":"SAN JOSE DEL SALADO , PARTE BAJA","suscriptores":340,"poblacion":1360,"forma_organizativa":"Autogestion","tipo_tratamiento":"Solo desinfección","algun_tratamiento":"","cantidad_fuentes":1,"fuente_abastecimiento":"QUEBRADA SANTA ROSA","tipo_fuente":"Superficial","estado_fuentes":"CON FUENTE ASOCIADA"}},{"type":"Feature","geometry":{"type":"Point","coordinates":[-76.71741,3.555139]},"properties":{"id_maestro":"ACUEDUCTO_0197","codigo_actual":"3954","codigo_anterior":"45410","codigo_muestreo":108462,"municipio":"DAGUA","aro":"Sur Cali","ambito":"Rural","tipo_sistema":"CENTRO POBLADO","prestador":"ASOCIACION DE USUARIOS, ACUEDUCTO SAN JOSE DEL SALADO PARTE ALTA - ASUSAL","localidades":"SAN JOSE DEL SALADO , PARTE ALTA","suscriptores":155,"poblacion":620,"forma_organizativa":"Autogestion","tipo_tratamiento":"Solo desinfección","algun_tratamiento":"","cantidad_fuentes":1,"fuente_abastecimiento":"QUEBRADA SACRISTAN","tipo_fuente":"Superficial","estado_fuentes":"CON FUENTE ASOCIADA"}},{"type":"Feature","geometry":{"type":"Point","coordinates":[-76.65913,3.537789]},"properties":{"id_maestro":"ACUEDUCTO_0198","codigo_actual":"3418","codigo_anterior":"38166","codigo_muestreo":50564,"municipio":"DAGUA","aro":"Sur Cali","ambito":"Rural","tipo_sistema":"DISPERSA","prestador":"ASOCIACION EMPRESA COMUNITARIA ACUASALUD ALTO DE LAS TORTOLAS - ACUASALUD ALTO DE LAS TORTOLAS","localidades":"ALTO DE LAS TORTOLAS","suscriptores":400,"poblacion":1600,"forma_organizativa":"Autogestion","tipo_tratamiento":"Solo desinfección","algun_tratamiento":"","cantidad_fuentes":1,"fuente_abastecimiento":"RIO JORDAN","tipo_fuente":"Superficial","estado_fuentes":"CON FUENTE ASOCIADA"}},{"type":"Feature","geometry":{"type":"Point","coordinates":[-76.636,3.564239]},"properties":{"id_maestro":"ACUEDUCTO_0200","codigo_actual":"13730","codigo_anterior":"105134","codigo_muestreo":103439,"municipio":"DAGUA","aro":"Sur Cali","ambito":"Rural","tipo_sistema":"DISPERSA","prestador":"ASOCIACION EMPRESA COMUNITARIA ACUEDUCTO BORRERO AYERBE - ECASP. ESP. - KM 28 AMBICHINTE","localidades":"BORRERO AYERBE (KM 28)","suscriptores":158,"poblacion":632,"forma_organizativa":"Empresa de Servicios Púplicos","tipo_tratamiento":"FIME","algun_tratamiento":1,"cantidad_fuentes":0,"fuente_abastecimiento":"","tipo_fuente":"","estado_fuentes":"SIN FUENTE ASOCIADA"}},{"type":"Feature","geometry":{"type":"Point","coordinates":[-76.65,3.571653]},"properties":{"id_maestro":"ACUEDUCTO_0201","codigo_actual":"46","codigo_anterior":"33510","codigo_muestreo":51037,"municipio":"DAGUA","aro":"Sur Cali","ambito":"Rural","tipo_sistema":"CENTRO POBLADO","prestador":"ASOCIACION EMPRESA COMUNITARIA DE ACUEDUCTO DE BORRERO AYERBE - ECASP. ESP. - KM 30","localidades":"BORRERO AYERBE (KM30)","suscriptores":2173,"poblacion":8692,"forma_organizativa":"Empresa de Servicios Púplicos","tipo_tratamiento":"FIME","algun_tratamiento":1,"cantidad_fuentes":0,"fuente_abastecimiento":"","tipo_fuente":"","estado_fuentes":"SIN FUENTE ASOCIADA"}},{"type":"Feature","geometry":{"type":"Point","coordinates":[-76.66908,3.571972]},"properties":{"id_maestro":"ACUEDUCTO_0202","codigo_actual":"3426","codigo_anterior":"110058","codigo_muestreo":108615,"municipio":"DAGUA","aro":"Sur Cali","ambito":"Rural","tipo_sistema":"DISPERSA","prestador":"ASOCIACION EMPRESA COMUNITARIA DE ACUEDUCTO DE LA PARCELACION HATOCHICO - SAN DIEGO - ACUASALUD HATO","localidades":"PARCELACION HATO CHICO","suscriptores":80,"poblacion":320,"forma_organizativa":"Autogestion","tipo_tratamiento":"Solo desinfección","algun_tratamiento":"","cantidad_fuentes":2,"fuente_abastecimiento":"QUEBRADA LA SOLEDAD, RIO JORDAN","tipo_fuente":"Superficial","estado_fuentes":"CON FUENTE ASOCIADA"}},{"type":"Feature","geometry":{"type":"Point","coordinates":[-76.62908,3.618083]},"properties":{"id_maestro":"ACUEDUCTO_0203","codigo_actual":"2864","codigo_anterior":"32191","codigo_muestreo":32481,"municipio":"DAGUA","aro":"Sur Cali","ambito":"Rural","tipo_sistema":"DISPERSA","prestador":"ASOCIACION RURAL ACUEDUCTO CENTELLA PARTE ALTA","localidades":"CENTELLA ALTA","suscriptores":48,"poblacion":0,"forma_organizativa":"Autogestion","tipo_tratamiento":"Ninguno","algun_tratamiento":"","cantidad_fuentes":1,"fuente_abastecimiento":"QUEBRADA CENTELLA","tipo_fuente":"Superficial","estado_fuentes":"CON FUENTE ASOCIADA"}},{"type":"Feature","geometry":{"type":"Point","coordinates":[-76.78163,3.5795]},"properties":{"id_maestro":"ACUEDUCTO_0204","codigo_actual":"SD","codigo_anterior":"51279","codigo_muestreo":null,"municipio":"DAGUA","aro":"Sur Cali","ambito":"Rural","tipo_sistema":"DISPERSA","prestador":"CONCEJO COMUNITARIO DE CORREGIMIENTO LA ELSA.","localidades":"LA ELSA.","suscriptores":14,"poblacion":56,"forma_organizativa":"Autogestion","tipo_tratamiento":"Ninguno","algun_tratamiento":"","cantidad_fuentes":0,"fuente_abastecimiento":"","tipo_fuente":"","estado_fuentes":"SIN FUENTE ASOCIADA"}},{"type":"Feature","geometry":{"type":"Point","coordinates":[-76.64765,3.514692]},"properties":{"id_maestro":"ACUEDUCTO_0205","codigo_actual":"12976","codigo_anterior":"135368","codigo_muestreo":131928,"municipio":"DAGUA","aro":"Sur Cali","ambito":"Rural","tipo_sistema":"CENTRO POBLADO","prestador":"CONDOMINIO CAMPESTRE COLINAS DE TOCOTA","localidades":"TOCOTA DAGUA","suscriptores":78,"poblacion":312,"forma_organizativa":"Autogestion","tipo_tratamiento":"Solo desinfección","algun_tratamiento":"","cantidad_fuentes":1,"fuente_abastecimiento":"QUEBRADA CAMPO ALEGRE","tipo_fuente":"Superficial","estado_fuentes":"CON FUENTE ASOCIADA"}},{"type":"Feature","geometry":{"type":"Point","coordinates":[-76.63196,3.566122]},"properties":{"id_maestro":"ACUEDUCTO_0206","codigo_actual":"12979","codigo_anterior":"124279","codigo_muestreo":123347,"municipio":"DAGUA","aro":"Sur Cali","ambito":"Rural","tipo_sistema":"DISPERSA","prestador":"CONJUNTO CAMPESTRE AMBICHINTE","localidades":"CONJUNTO CAMPESTRE AMBICHINTE","suscriptores":81,"poblacion":324,"forma_organizativa":"Autogestion","tipo_tratamiento":"Planta Modular","algun_tratamiento":1,"cantidad_fuentes":1,"fuente_abastecimiento":"QUEBRADA AMBICHINTE","tipo_fuente":"Superficial","estado_fuentes":"CON FUENTE ASOCIADA"}},{"type":"Feature","geometry":{"type":"Point","coordinates":[-76.63956,3.609611]},"properties":{"id_maestro":"ACUEDUCTO_0207","codigo_actual":"2863","codigo_anterior":"134185","codigo_muestreo":118297,"municipio":"DAGUA","aro":"Sur Cali","ambito":"Rural","tipo_sistema":"DISPERSA","prestador":"EMPRESA COMUNITARIA ACUEDUCTO RURAL COLECTIVO LAS BRISAS - ECOABRISAS","localidades":"LAS BRISAS","suscriptores":135,"poblacion":540,"forma_organizativa":"Autogestion","tipo_tratamiento":"Solo desinfección","algun_tratamiento":"","cantidad_fuentes":1,"fuente_abastecimiento":"QUEBRADA LA VIRGEN","tipo_fuente":"Superficial","estado_fuentes":"CON FUENTE ASOCIADA"}},{"type":"Feature","geometry":{"type":"Point","coordinates":[-76.64625,3.599694]},"properties":{"id_maestro":"ACUEDUCTO_0208","codigo_actual":"147","codigo_anterior":"35014","codigo_muestreo":32763,"municipio":"DAGUA","aro":"Sur Cali","ambito":"Rural","tipo_sistema":"CENTRO POBLADO","prestador":"EMPRESA COMUNITARIA DE ACUEDUCTO RURAL EL PALMAR SECTOR LA VIBORA","localidades":"EL PALMAR , LA VIBORA","suscriptores":163,"poblacion":652,"forma_organizativa":"Empresa de Servicios Púplicos","tipo_tratamiento":"Solo desinfección","algun_tratamiento":"","cantidad_fuentes":1,"fuente_abastecimiento":"QUEBRADA LA VIBORA","tipo_fuente":"Superficial","estado_fuentes":"CON FUENTE ASOCIADA"}},{"type":"Feature","geometry":{"type":"Point","coordinates":[-76.64647,3.603083]},"properties":{"id_maestro":"ACUEDUCTO_0209","codigo_actual":"148","codigo_anterior":"113450","codigo_muestreo":32762,"municipio":"DAGUA","aro":"Sur Cali","ambito":"Rural","tipo_sistema":"CENTRO POBLADO","prestador":"EMPRESA COMUNITARIA DE ACUEDUCTO RURAL EL PALMAR SECTOR LA VIRGEN","localidades":"EL PALMAR , LA VIRGEN","suscriptores":280,"poblacion":980,"forma_organizativa":"Empresa de Servicios Púplicos","tipo_tratamiento":"Solo desinfección","algun_tratamiento":"","cantidad_fuentes":2,"fuente_abastecimiento":"QUEBRADA LA VIRGEN, QUEBRADA LA VIBORA","tipo_fuente":"Superficial","estado_fuentes":"CON FUENTE ASOCIADA"}},{"type":"Feature","geometry":{"type":"Point","coordinates":[-76.66725,3.544783]},"properties":{"id_maestro":"ACUEDUCTO_0210","codigo_actual":"3424","codigo_anterior":"28231","codigo_muestreo":28240,"municipio":"DAGUA","aro":"Sur Cali","ambito":"Rural","tipo_sistema":"DISPERSA","prestador":"EMPRESA DE SERVICIO PRIVADO ACUASALUD EL CARMELO","localidades":"PARCELACION EL CARMELO","suscriptores":374,"poblacion":1496,"forma_organizativa":"Empresa de Servicios Púplicos","tipo_tratamiento":"Solo desinfección","algun_tratamiento":"","cantidad_fuentes":3,"fuente_abastecimiento":"QUEBRADA LAS BRISAS, QUEBRADA LA SOLEDAD, RIO JORDAN","tipo_fuente":"Superficial","estado_fuentes":"CON FUENTE ASOCIADA"}},{"type":"Feature","geometry":{"type":"Point","coordinates":[-76.63335,3.510064]},"properties":{"id_maestro":"ACUEDUCTO_0211","codigo_actual":"SD","codigo_anterior":"115852","codigo_muestreo":115430,"municipio":"DAGUA","aro":"Sur Cali","ambito":"Rural","tipo_sistema":"DISPERSA","prestador":"JAC ACUEDUCTO SECTOR LA ESCUELA VEREDA LOMALTA","localidades":"LOMALTA","suscriptores":240,"poblacion":960,"forma_organizativa":"Autogestion","tipo_tratamiento":"Ninguno","algun_tratamiento":"","cantidad_fuentes":0,"fuente_abastecimiento":"","tipo_fuente":"","estado_fuentes":"SIN FUENTE ASOCIADA"}},{"type":"Feature","geometry":{"type":"Point","coordinates":[-76.64651,3.577283]},"properties":{"id_maestro":"ACUEDUCTO_0212","codigo_actual":"63","codigo_anterior":"30197","codigo_muestreo":32503,"municipio":"DAGUA","aro":"Sur Cali","ambito":"Rural","tipo_sistema":"DISPERSA","prestador":"JUNTA ADMINISTRADORA ACUEDUCTO AGUAS CLARAS","localidades":"BORRERO AYERBE (BARRIO COREA)","suscriptores":109,"poblacion":436,"forma_organizativa":"Autogestion","tipo_tratamiento":"Solo desinfección","algun_tratamiento":"","cantidad_fuentes":1,"fuente_abastecimiento":"AGUAS CLARAS","tipo_fuente":"Subterránea","estado_fuentes":"CON FUENTE ASOCIADA"}},{"type":"Feature","geometry":{"type":"Point","coordinates":[-76.66646,3.518831]},"properties":{"id_maestro":"ACUEDUCTO_0213","codigo_actual":"3420","codigo_anterior":"128439","codigo_muestreo":124542,"municipio":"DAGUA","aro":"Sur Cali","ambito":"Rural","tipo_sistema":"DISPERSA","prestador":"JUNTA ADMINISTRADORA ACUEDUCTO PARAGUITAS JAACUPAR","localidades":"JORDANCITO , PARAGUITAS","suscriptores":200,"poblacion":800,"forma_organizativa":"Autogestion","tipo_tratamiento":"Solo desinfección","algun_tratamiento":"","cantidad_fuentes":1,"fuente_abastecimiento":"NACIMIENTO ALTO PARAGUITAS","tipo_fuente":"Subterránea","estado_fuentes":"CON FUENTE ASOCIADA"}},{"type":"Feature","geometry":{"type":"Point","coordinates":[-76.66528,3.502611]},"properties":{"id_maestro":"ACUEDUCTO_0214","codigo_actual":"3419","codigo_anterior":"109610","codigo_muestreo":109609,"municipio":"DAGUA","aro":"Sur Cali","ambito":"Rural","tipo_sistema":"DISPERSA","prestador":"JUNTA ADMINISTRADORA DE ACUEDUCTO PEÑAS RUCIAS VEREDA EL JORDANCITO, SAN BERNARDO. DAGUA - VALLE","localidades":"JORDANCITO","suscriptores":187,"poblacion":748,"forma_organizativa":"Autogestion","tipo_tratamiento":"Solo desinfección","algun_tratamiento":"","cantidad_fuentes":1,"fuente_abastecimiento":"QUEBRADA PEÑAS RUCIAS","tipo_fuente":"Superficial","estado_fuentes":"CON FUENTE ASOCIADA"}},{"type":"Feature","geometry":{"type":"Point","coordinates":[-76.64664,3.778167]},"properties":{"id_maestro":"ACUEDUCTO_0215","codigo_actual":"1398","codigo_anterior":"112959","codigo_muestreo":34227,"municipio":"DAGUA","aro":"Sur Cali","ambito":"Rural","tipo_sistema":"DISPERSA","prestador":"JUNTA ADMINISTRADORA DE ACUEDUCTO TRAPICHE - LA YOLOMBA","localidades":"TRAPICHE , LA YOLOMBA","suscriptores":150,"poblacion":525,"forma_organizativa":"Autogestion","tipo_tratamiento":"Soluciones_Individuales","algun_tratamiento":"","cantidad_fuentes":1,"fuente_abastecimiento":"QUEBRADA SAN FRANCISCO","tipo_fuente":"Superficial","estado_fuentes":"CON FUENTE ASOCIADA"}},{"type":"Feature","geometry":{"type":"Point","coordinates":[-76.67492,3.521111]},"properties":{"id_maestro":"ACUEDUCTO_0216","codigo_actual":"3421","codigo_anterior":"39037","codigo_muestreo":103433,"municipio":"DAGUA","aro":"Sur Cali","ambito":"Rural","tipo_sistema":"DISPERSA","prestador":"JUNTA ADMINISTRADORA DE AGUAS, VEREDA EL JORDAN, DAGUA - ACUASALUD E.S.P.","localidades":"JORDAN","suscriptores":160,"poblacion":640,"forma_organizativa":"Autogestion","tipo_tratamiento":"Solo desinfección","algun_tratamiento":"","cantidad_fuentes":2,"fuente_abastecimiento":"RIO JORDAN, QUEBRADA LA MACARENA","tipo_fuente":"Superficial","estado_fuentes":"CON FUENTE ASOCIADA"}},{"type":"Feature","geometry":{"type":"Point","coordinates":[-76.65353,3.492278]},"properties":{"id_maestro":"ACUEDUCTO_0217","codigo_actual":"2851","codigo_anterior":"135197","codigo_muestreo":116483,"municipio":"DAGUA","aro":"Sur Cali","ambito":"Rural","tipo_sistema":"DISPERSA","prestador":"JUNTA DE ACCIÓN COMUNAL VEREDA BEN HUR","localidades":"BEN HUR","suscriptores":41,"poblacion":164,"forma_organizativa":"Autogestion","tipo_tratamiento":"Ninguno","algun_tratamiento":"","cantidad_fuentes":1,"fuente_abastecimiento":"NACIMIENTO BENHUR","tipo_fuente":"Superficial","estado_fuentes":"CON FUENTE ASOCIADA"}},{"type":"Feature","geometry":{"type":"Point","coordinates":[-76.65283,3.519306]},"properties":{"id_maestro":"ACUEDUCTO_0218","codigo_actual":"2852","codigo_anterior":"51613","codigo_muestreo":34933,"municipio":"DAGUA","aro":"Sur Cali","ambito":"Rural","tipo_sistema":"DISPERSA","prestador":"JUNTA DE ACCION COMUNAL VEREDA EL DIVISO. PERSONERIA JURIDICA 069","localidades":"EL DIVISO","suscriptores":65,"poblacion":260,"forma_organizativa":"Autogestion","tipo_tratamiento":"FD+Desinfección","algun_tratamiento":1,"cantidad_fuentes":1,"fuente_abastecimiento":"QUEBRADA CAMPOALEGRE","tipo_fuente":"Superficial","estado_fuentes":"CON FUENTE ASOCIADA"}},{"type":"Feature","geometry":{"type":"Point","coordinates":[-76.71553,3.649217]},"properties":{"id_maestro":"ACUEDUCTO_0219","codigo_actual":"344","codigo_anterior":"145509","codigo_muestreo":117432,"municipio":"DAGUA","aro":"Sur Cali","ambito":"Rural","tipo_sistema":"DISPERSA","prestador":"JUNTA DE ACCIÓN COMUNAL VEREDA LA ESMERALDA","localidades":"LA ESMERALDA","suscriptores":31,"poblacion":52,"forma_organizativa":"Autogestion","tipo_tratamiento":"Ninguno","algun_tratamiento":"","cantidad_fuentes":1,"fuente_abastecimiento":"QUEBRADA ALFA","tipo_fuente":"Superficial","estado_fuentes":"CON FUENTE ASOCIADA"}},{"type":"Feature","geometry":{"type":"Point","coordinates":[-76.60556,3.561944]},"properties":{"id_maestro":"ACUEDUCTO_0221","codigo_actual":"3953","codigo_anterior":"121524","codigo_muestreo":120201,"municipio":"DAGUA","aro":"Sur Cali","ambito":"Rural","tipo_sistema":"DISPERSA","prestador":"PARCELACION EL ENSUEÑO SEGUNDA ETAPA","localidades":"PARCELACION EL ENSUEÑO ETAPA 2 SERES: A , B.","suscriptores":43,"poblacion":172,"forma_organizativa":"Autogestion","tipo_tratamiento":"FD+Desinfección","algun_tratamiento":1,"cantidad_fuentes":1,"fuente_abastecimiento":"QUEBRADA PALACIOS","tipo_fuente":"Superficial","estado_fuentes":"CON FUENTE ASOCIADA"}},{"type":"Feature","geometry":{"type":"Point","coordinates":[-76.6908,3.658406]},"properties":{"id_maestro":"ACUEDUCTO_0222","codigo_actual":"12977","codigo_anterior":"151165","codigo_muestreo":123348,"municipio":"DAGUA","aro":"Sur Cali","ambito":"Rural","tipo_sistema":"DISPERSA","prestador":"PARCELACION SAN FERNANDO","localidades":"PARCELACION SAN FERNANDO","suscriptores":392,"poblacion":1568,"forma_organizativa":"Autogestion","tipo_tratamiento":"Solo desinfección","algun_tratamiento":"","cantidad_fuentes":1,"fuente_abastecimiento":"RIO JORDAN","tipo_fuente":"Superficial","estado_fuentes":"CON FUENTE ASOCIADA"}},{"type":"Feature","geometry":{"type":"Point","coordinates":[-76.57585,3.565292]},"properties":{"id_maestro":"ACUEDUCTO_0223","codigo_actual":"47","codigo_anterior":"34221","codigo_muestreo":50561,"municipio":"DAGUA","aro":"Sur Cali","ambito":"Rural","tipo_sistema":"CENTRO POBLADO","prestador":"SOCIEDAD DE ACUEDUCTOS Y ALCANTARILLADOS DEL VALLE DEL CAUCA S.A. E.S.P. ACUAVALLE S.A. E.S.P. - EL CARMEN","localidades":"EL CARMEN,BAHONDO,JUNTAS,LA VIRGINIA,AGUA SUCIA,BORRERO AYERBE,ALTO CARMEN","suscriptores":863,"poblacion":3462,"forma_organizativa":"Autogestion","tipo_tratamiento":"Filtración Compacta","algun_tratamiento":1,"cantidad_fuentes":1,"fuente_abastecimiento":"NACIMIENTO LA BALASTRERA","tipo_fuente":"Subterránea","estado_fuentes":"CON FUENTE ASOCIADA"}},{"type":"Feature","geometry":{"type":"Point","coordinates":[-76.68886,3.659139]},"properties":{"id_maestro":"ACUEDUCTO_0224","codigo_actual":"49","codigo_anterior":"29759","codigo_muestreo":29762,"municipio":"DAGUA","aro":"Sur Cali","ambito":"Urbano","tipo_sistema":"CABECERA MUNICIPAL","prestador":"SOCIEDAD DE ACUEDUCTOS Y ALCANTARILLADOS DEL VALLE DEL CAUCA S.A. E.S.P. ACUAVALLE S.A. E.S.P.- DAGUA","localidades":"URBANO, El CARMEN","suscriptores":3825,"poblacion":15300,"forma_organizativa":"Empresa de Servicios Púplicos","tipo_tratamiento":"Convencional","algun_tratamiento":1,"cantidad_fuentes":1,"fuente_abastecimiento":"QUEBRADA EL COGOLLO Y EL PASEO","tipo_fuente":"Superficial","estado_fuentes":"CON FUENTE ASOCIADA"}},{"type":"Feature","geometry":{"type":"Point","coordinates":[-76.03155,4.928961]},"properties":{"id_maestro":"ACUEDUCTO_0225","codigo_actual":"3502","codigo_anterior":"144306","codigo_muestreo":116907,"municipio":"EL AGUILA","aro":"Norte Cartago","ambito":"Rural","tipo_sistema":"DISPERSA","prestador":"ACUEDUCTO RURAL EL NARANJO -JAC","localidades":"EL NARANJO","suscriptores":13,"poblacion":52,"forma_organizativa":"Autogestion","tipo_tratamiento":"Ninguno","algun_tratamiento":"","cantidad_fuentes":0,"fuente_abastecimiento":"","tipo_fuente":"","estado_fuentes":"SIN FUENTE ASOCIADA"}},{"type":"Feature","geometry":{"type":"Point","coordinates":[-76.0642,4.952156]},"properties":{"id_maestro":"ACUEDUCTO_0226","codigo_actual":"2615","codigo_anterior":"148293","codigo_muestreo":148291,"municipio":"EL AGUILA","aro":"Norte Cartago","ambito":"Rural","tipo_sistema":"DISPERSA","prestador":"ACUEDUCTO RURAL LA JUDEA 2 -EL BRILLANTE","localidades":"EL BRILLANTE","suscriptores":23,"poblacion":0,"forma_organizativa":"Autogestion","tipo_tratamiento":"Soluciones_Individuales","algun_tratamiento":1,"cantidad_fuentes":0,"fuente_abastecimiento":"","tipo_fuente":"","estado_fuentes":"SIN FUENTE ASOCIADA"}},{"type":"Feature","geometry":{"type":"Point","coordinates":[-76.02971,4.920264]},"properties":{"id_maestro":"ACUEDUCTO_0227","codigo_actual":"2608","codigo_anterior":"81605","codigo_muestreo":116874,"municipio":"EL AGUILA","aro":"Norte Cartago","ambito":"Rural","tipo_sistema":"DISPERSA","prestador":"ACUEDUCTO RURAL VEREDA LA GUERRA","localidades":"LA GUERRA","suscriptores":20,"poblacion":80,"forma_organizativa":"Autogestion","tipo_tratamiento":"Ninguno","algun_tratamiento":"","cantidad_fuentes":1,"fuente_abastecimiento":"EL MATADERO","tipo_fuente":"Subterránea","estado_fuentes":"CON FUENTE ASOCIADA"}},{"type":"Feature","geometry":{"type":"Point","coordinates":[-76.07258,4.878286]},"properties":{"id_maestro":"ACUEDUCTO_0228","codigo_actual":"5631","codigo_anterior":"103590","codigo_muestreo":110597,"municipio":"EL AGUILA","aro":"Norte Cartago","ambito":"Rural","tipo_sistema":"DISPERSA","prestador":"ACUEDUCTO VEREDA EL CORAZON","localidades":"EL CORAZON","suscriptores":10,"poblacion":40,"forma_organizativa":"Autogestion","tipo_tratamiento":"Ninguno","algun_tratamiento":"","cantidad_fuentes":1,"fuente_abastecimiento":"LA AMERICA","tipo_fuente":"Superficial","estado_fuentes":"CON FUENTE ASOCIADA"}},{"type":"Feature","geometry":{"type":"Point","coordinates":[-76.08634,4.858314]},"properties":{"id_maestro":"ACUEDUCTO_0229","codigo_actual":"904","codigo_anterior":"128788","codigo_muestreo":116883,"municipio":"EL AGUILA","aro":"Norte Cartago","ambito":"Rural","tipo_sistema":"DISPERSA","prestador":"ASOCIACION DE USUARIOS ACUEDUCTO LA ALBANIA","localidades":"LA ALBANIA","suscriptores":33,"poblacion":132,"forma_organizativa":"Autogestion","tipo_tratamiento":"Ninguno","algun_tratamiento":"","cantidad_fuentes":1,"fuente_abastecimiento":"QUEBRADA LA SIERRA","tipo_fuente":"Superficial","estado_fuentes":"CON FUENTE ASOCIADA"}},{"type":"Feature","geometry":{"type":"Point","coordinates":[-76.06062,4.955492]},"properties":{"id_maestro":"ACUEDUCTO_0230","codigo_actual":"2616","codigo_anterior":"81103","codigo_muestreo":120785,"municipio":"EL AGUILA","aro":"Norte Cartago","ambito":"Rural","tipo_sistema":"DISPERSA","prestador":"ASOCIACION DE USUARIOS ACUEDUCTO LA JUDEA","localidades":"LA JUDEA","suscriptores":38,"poblacion":152,"forma_organizativa":"Autogestion","tipo_tratamiento":"Soluciones_Individuales","algun_tratamiento":1,"cantidad_fuentes":1,"fuente_abastecimiento":"EL DESIERTO","tipo_fuente":"Superficial","estado_fuentes":"CON FUENTE ASOCIADA"}},{"type":"Feature","geometry":{"type":"Point","coordinates":[-76.0684,4.872006]},"properties":{"id_maestro":"ACUEDUCTO_0231","codigo_actual":null,"codigo_anterior":"109329","codigo_muestreo":null,"municipio":"EL AGUILA","aro":"Norte Cartago","ambito":"Rural","tipo_sistema":"DISPERSA","prestador":"ASOCIACION DE USUARIOS DE ACUEDUCTO EL PITAL","localidades":"EL PITAL","suscriptores":32,"poblacion":128,"forma_organizativa":"Autogestion","tipo_tratamiento":"Ninguno","algun_tratamiento":"","cantidad_fuentes":1,"fuente_abastecimiento":"QUEBRADA LA SIERRA","tipo_fuente":"Superficial","estado_fuentes":"CON FUENTE ASOCIADA"}},{"type":"Feature","geometry":{"type":"Point","coordinates":[-76.04294,4.984017]},"properties":{"id_maestro":"ACUEDUCTO_0232","codigo_actual":"3501","codigo_anterior":"80785","codigo_muestreo":107298,"municipio":"EL AGUILA","aro":"Norte Cartago","ambito":"Rural","tipo_sistema":"CENTRO POBLADO","prestador":"ASOCIACIÓN DE USUARIOS DEL ACUEDUCTO CAÑAVERAL","localidades":"CAÑAVERAL","suscriptores":43,"poblacion":172,"forma_organizativa":"Autogestion","tipo_tratamiento":"Ninguno","algun_tratamiento":"","cantidad_fuentes":1,"fuente_abastecimiento":"LA SAMARIA","tipo_fuente":"Superficial","estado_fuentes":"CON FUENTE ASOCIADA"}},{"type":"Feature","geometry":{"type":"Point","coordinates":[-76.14246,4.518231]},"properties":{"id_maestro":"ACUEDUCTO_0233","codigo_actual":"2613","codigo_anterior":"81607","codigo_muestreo":106103,"municipio":"EL AGUILA","aro":"Norte Cartago","ambito":"Rural","tipo_sistema":"CENTRO POBLADO","prestador":"ASOCIACION DE USUARIOS DEL ACUEDUCTO COLECTIVO (COSTA)","localidades":"EL COFRE,SAN JOSE,TRAVESIAS, ALTO BONITO","suscriptores":166,"poblacion":664,"forma_organizativa":"Empresa de Servicios Púplicos","tipo_tratamiento":"Solo desinfección","algun_tratamiento":"","cantidad_fuentes":1,"fuente_abastecimiento":"CHORRITOS","tipo_fuente":"Superficial","estado_fuentes":"CON FUENTE ASOCIADA"}},{"type":"Feature","geometry":{"type":"Point","coordinates":[-76.09979,4.874994]},"properties":{"id_maestro":"ACUEDUCTO_0234","codigo_actual":"901","codigo_anterior":"91664","codigo_muestreo":109297,"municipio":"EL AGUILA","aro":"Norte Cartago","ambito":"Rural","tipo_sistema":"DISPERSA","prestador":"ASOCIACION DE USUARIOS DEL ACUEDUCTO DE LA CEDALIA","localidades":"LA CEDALIA","suscriptores":30,"poblacion":120,"forma_organizativa":"Autogestion","tipo_tratamiento":"Solo desinfección","algun_tratamiento":"","cantidad_fuentes":1,"fuente_abastecimiento":"ROBLE SECO","tipo_fuente":"Superficial","estado_fuentes":"CON FUENTE ASOCIADA"}},{"type":"Feature","geometry":{"type":"Point","coordinates":[-76.02068,4.854022]},"properties":{"id_maestro":"ACUEDUCTO_0235","codigo_actual":"3683","codigo_anterior":"86226","codigo_muestreo":111641,"municipio":"EL AGUILA","aro":"Norte Cartago","ambito":"Rural","tipo_sistema":"DISPERSA","prestador":"ASOCIACION DE USUARIOS DEL ACUEDUCTO DE LA LIBERTAD CATARINA","localidades":"LA LIBERTAD","suscriptores":54,"poblacion":216,"forma_organizativa":"Autogestion","tipo_tratamiento":"Solo desinfección","algun_tratamiento":"","cantidad_fuentes":1,"fuente_abastecimiento":"QUEBRADA GRANDE","tipo_fuente":"Superficial","estado_fuentes":"CON FUENTE ASOCIADA"}},{"type":"Feature","geometry":{"type":"Point","coordinates":[-76.08116,4.869781]},"properties":{"id_maestro":"ACUEDUCTO_0236","codigo_actual":"915","codigo_anterior":"80781","codigo_muestreo":109261,"municipio":"EL AGUILA","aro":"Norte Cartago","ambito":"Rural","tipo_sistema":"CENTRO POBLADO","prestador":"ASOCIACION DE USUARIOS DEL ACUEDUCTO RURAL COMUNITARIO DEL CORREGIMIENTO LA MARIA","localidades":"LA MARIA","suscriptores":170,"poblacion":680,"forma_organizativa":"Autogestion","tipo_tratamiento":"FIME","algun_tratamiento":1,"cantidad_fuentes":1,"fuente_abastecimiento":"EL PARAÍSO","tipo_fuente":"Superficial","estado_fuentes":"CON FUENTE ASOCIADA"}},{"type":"Feature","geometry":{"type":"Point","coordinates":[-76.06031,4.860267]},"properties":{"id_maestro":"ACUEDUCTO_0237","codigo_actual":"919","codigo_anterior":"88332","codigo_muestreo":107291,"municipio":"EL AGUILA","aro":"Norte Cartago","ambito":"Rural","tipo_sistema":"CENTRO POBLADO","prestador":"ASOCIACION DE USUARIOS DEL ACUEDUCTO RURAL COMUNITARIO DEL CORREGIMIENTO QUIEBRA DE SAN PABLO (ASOPARAISORURAL)","localidades":"LA QUIEBRA SAN PABLO","suscriptores":60,"poblacion":0,"forma_organizativa":"Autogestion","tipo_tratamiento":"Solo desinfección","algun_tratamiento":"","cantidad_fuentes":1,"fuente_abastecimiento":"EL PARAISO","tipo_fuente":"Superficial","estado_fuentes":"CON FUENTE ASOCIADA"}},{"type":"Feature","geometry":{"type":"Point","coordinates":[-76.03749,4.969869]},"properties":{"id_maestro":"ACUEDUCTO_0238","codigo_actual":"3500","codigo_anterior":"86214","codigo_muestreo":114222,"municipio":"EL AGUILA","aro":"Norte Cartago","ambito":"Rural","tipo_sistema":"CENTRO POBLADO","prestador":"ASOCIACION DE USUARIOS DEL ACUEDUCTO SANTA RITA - VILLANUEVA","localidades":"CORREGIMIENO VILLANUEVA","suscriptores":284,"poblacion":1136,"forma_organizativa":"Empresa de Servicios Púplicos","tipo_tratamiento":"Solo desinfección","algun_tratamiento":"","cantidad_fuentes":1,"fuente_abastecimiento":"SANTA RITA","tipo_fuente":"Superficial","estado_fuentes":"CON FUENTE ASOCIADA"}},{"type":"Feature","geometry":{"type":"Point","coordinates":[-76.06308,4.887383]},"properties":{"id_maestro":"ACUEDUCTO_0239","codigo_actual":"3497","codigo_anterior":"111723","codigo_muestreo":111717,"municipio":"EL AGUILA","aro":"Norte Cartago","ambito":"Rural","tipo_sistema":"DISPERSA","prestador":"ASOCIACION MUNICIPAL DE ACUEDUCTOS RURALES AGUA Y VIDA - LA LINEA","localidades":"LA LINEA","suscriptores":null,"poblacion":null,"forma_organizativa":"Autogestion","tipo_tratamiento":"Filtración Compacta","algun_tratamiento":1,"cantidad_fuentes":1,"fuente_abastecimiento":"LA GOLCONDA","tipo_fuente":"Superficial","estado_fuentes":"CON FUENTE ASOCIADA"}},{"type":"Feature","geometry":{"type":"Point","coordinates":[-76.05583,4.906111]},"properties":{"id_maestro":"ACUEDUCTO_0240","codigo_actual":"3498","codigo_anterior":"109476","codigo_muestreo":111743,"municipio":"EL AGUILA","aro":"Norte Cartago","ambito":"Rural","tipo_sistema":"DISPERSA","prestador":"EMPRESA COMUNAL SOLIDARIA SANTA CLARA DE LOS ACUEDUCTOS 1 Y 2 - LLANO GRANDE # 1","localidades":"SAN LUIS LLANO GRANDE","suscriptores":25,"poblacion":100,"forma_organizativa":"Autogestion","tipo_tratamiento":"Filtración Compacta","algun_tratamiento":1,"cantidad_fuentes":1,"fuente_abastecimiento":"AGUA CLARA","tipo_fuente":"Superficial","estado_fuentes":"CON FUENTE ASOCIADA"}},{"type":"Feature","geometry":{"type":"Point","coordinates":[-76.11458,4.860767]},"properties":{"id_maestro":"ACUEDUCTO_0242","codigo_actual":"8179","codigo_anterior":"86223","codigo_muestreo":null,"municipio":"EL AGUILA","aro":"Norte Cartago","ambito":"Rural","tipo_sistema":"DISPERSA","prestador":"JUNTA ADMINISTRADORA ACUEDUCTO EL EMBAL","localidades":"EL EMBAL","suscriptores":37,"poblacion":148,"forma_organizativa":"Autogestion","tipo_tratamiento":"Ninguno","algun_tratamiento":"","cantidad_fuentes":0,"fuente_abastecimiento":"","tipo_fuente":"","estado_fuentes":"SIN FUENTE ASOCIADA"}},{"type":"Feature","geometry":{"type":"Point","coordinates":[-76.06234,4.938417]},"properties":{"id_maestro":"ACUEDUCTO_0243","codigo_actual":null,"codigo_anterior":"125032","codigo_muestreo":null,"municipio":"EL AGUILA","aro":"Norte Cartago","ambito":"Rural","tipo_sistema":"DISPERSA","prestador":"JUNTA ADMINISTRADORA ACUEDUCTO LA ESTRELLA","localidades":"LA ESTRELLA","suscriptores":25,"poblacion":100,"forma_organizativa":"Autogestion","tipo_tratamiento":"Ninguno","algun_tratamiento":"","cantidad_fuentes":0,"fuente_abastecimiento":"","tipo_fuente":"","estado_fuentes":"SIN FUENTE ASOCIADA"}},{"type":"Feature","geometry":{"type":"Point","coordinates":[-75.98893,4.912053]},"properties":{"id_maestro":"ACUEDUCTO_0244","codigo_actual":"6843","codigo_anterior":"87088","codigo_muestreo":107303,"municipio":"EL AGUILA","aro":"Norte Cartago","ambito":"Rural","tipo_sistema":"CENTRO POBLADO","prestador":"JUNTA ADMINISTRADORA DEL ACUEDUCTO ESPARTA","localidades":"LA ESPARTA","suscriptores":25,"poblacion":100,"forma_organizativa":"Autogestion","tipo_tratamiento":"Filtración Compacta","algun_tratamiento":1,"cantidad_fuentes":1,"fuente_abastecimiento":"VERACRUZ","tipo_fuente":"Superficial","estado_fuentes":"CON FUENTE ASOCIADA"}},{"type":"Feature","geometry":{"type":"Point","coordinates":[-76.05778,4.926389]},"properties":{"id_maestro":"ACUEDUCTO_0245","codigo_actual":"21217","codigo_anterior":"117582","codigo_muestreo":145465,"municipio":"EL AGUILA","aro":"Norte Cartago","ambito":"Rural","tipo_sistema":"DISPERSA","prestador":"JUNTA ADMON SANTA ELENA BAJO","localidades":"SANTA ELENA BAJO","suscriptores":12,"poblacion":48,"forma_organizativa":"Autogestion","tipo_tratamiento":"Ninguno","algun_tratamiento":"","cantidad_fuentes":1,"fuente_abastecimiento":"SANTA ELENA","tipo_fuente":"Superficial","estado_fuentes":"CON FUENTE ASOCIADA"}},{"type":"Feature","geometry":{"type":"Point","coordinates":[-76.06359,4.915608]},"properties":{"id_maestro":"ACUEDUCTO_0247","codigo_actual":"3499","codigo_anterior":"147215","codigo_muestreo":null,"municipio":"EL AGUILA","aro":"Norte Cartago","ambito":"Rural","tipo_sistema":"DISPERSA","prestador":"JUNTA DE ACCION COMUNAL LLANO GRANDE ACUEDUCTO SANTA CLARA 2","localidades":"SANTA CLARA","suscriptores":18,"poblacion":72,"forma_organizativa":"Autogestion","tipo_tratamiento":"Ninguno","algun_tratamiento":"","cantidad_fuentes":1,"fuente_abastecimiento":"QUEBRADA SANTA ELENA","tipo_fuente":"Superficial","estado_fuentes":"CON FUENTE ASOCIADA"}},{"type":"Feature","geometry":{"type":"Point","coordinates":[-76.04084,4.911111]},"properties":{"id_maestro":"ACUEDUCTO_0248","codigo_actual":"66","codigo_anterior":"86233","codigo_muestreo":89237,"municipio":"EL AGUILA","aro":"Norte Cartago","ambito":"Urbano","tipo_sistema":"CABECERA MUNICIPAL","prestador":"SOCIEDAD DE ACUEDUCTOS Y ALCANTARILLADOS DEL VALLE DEL CAUCA S.A. E.S.P. ACUAVALLE S.A. E.S.P.-EL ÁGUILA","localidades":"URBANO, EL CAJON, GUACAS, LA PAZ","suscriptores":805,"poblacion":3220,"forma_organizativa":"Empresa de Servicios Púplicos","tipo_tratamiento":"Convencional","algun_tratamiento":1,"cantidad_fuentes":2,"fuente_abastecimiento":"LA FLORIDA, GRANDE O GOLCONDA","tipo_fuente":"Superficial","estado_fuentes":"CON FUENTE ASOCIADA"}},{"type":"Feature","geometry":{"type":"Point","coordinates":[-76.15564,4.795122]},"properties":{"id_maestro":"ACUEDUCTO_0249","codigo_actual":"3568","codigo_anterior":"145147","codigo_muestreo":145593,"municipio":"EL CAIRO","aro":"Norte Cartago","ambito":"Rural","tipo_sistema":"DISPERSA","prestador":"ACUEDUCTO RURAL EL DIAMANTE","localidades":"EL DIAMANTE","suscriptores":4,"poblacion":16,"forma_organizativa":"Autogestion","tipo_tratamiento":"Ninguno","algun_tratamiento":"","cantidad_fuentes":1,"fuente_abastecimiento":"EL DIAMANTE","tipo_fuente":"Superficial","estado_fuentes":"CON FUENTE ASOCIADA"}},{"type":"Feature","geometry":{"type":"Point","coordinates":[-76.15863,4.775011]},"properties":{"id_maestro":"ACUEDUCTO_0250","codigo_actual":"9343","codigo_anterior":"109646","codigo_muestreo":110595,"municipio":"EL CAIRO","aro":"Norte Cartago","ambito":"Rural","tipo_sistema":"DISPERSA","prestador":"ACUEDUCTO RURAL LA CARBONERA","localidades":"LA CARBONERA","suscriptores":7,"poblacion":28,"forma_organizativa":"Autogestion","tipo_tratamiento":"Filtración Compacta","algun_tratamiento":1,"cantidad_fuentes":1,"fuente_abastecimiento":"EL CLAVELITO","tipo_fuente":"Superficial","estado_fuentes":"CON FUENTE ASOCIADA"}},{"type":"Feature","geometry":{"type":"Point","coordinates":[-76.18031,4.804681]},"properties":{"id_maestro":"ACUEDUCTO_0251","codigo_actual":"2208","codigo_anterior":"97365","codigo_muestreo":107330,"municipio":"EL CAIRO","aro":"Norte Cartago","ambito":"Rural","tipo_sistema":"DISPERSA","prestador":"ACUEDUCTO VEREDAL ALTO BONITO","localidades":"ALTO BONITO","suscriptores":23,"poblacion":92,"forma_organizativa":"Autogestion","tipo_tratamiento":"Solo desinfección","algun_tratamiento":"","cantidad_fuentes":1,"fuente_abastecimiento":"QUEBRADA EL AGUACATAL","tipo_fuente":"Validar - Aguas marinas","estado_fuentes":"CON FUENTE ASOCIADA"}},{"type":"Feature","geometry":{"type":"Point","coordinates":[-76.21744,4.749567]},"properties":{"id_maestro":"ACUEDUCTO_0252","codigo_actual":"2199","codigo_anterior":"80062","codigo_muestreo":107640,"municipio":"EL CAIRO","aro":"Norte Cartago","ambito":"Rural","tipo_sistema":"DISPERSA","prestador":"ASOCIACION COMUNITARIA ADMINISTRADORA DEL ACUEDUCTO DE LA VEREDA DE LLANOGRANDE","localidades":"LLANO GRANDE","suscriptores":26,"poblacion":224,"forma_organizativa":"Autogestion","tipo_tratamiento":"Filtración Compacta","algun_tratamiento":1,"cantidad_fuentes":1,"fuente_abastecimiento":"EL JORDAN","tipo_fuente":"Subterránea","estado_fuentes":"CON FUENTE ASOCIADA"}},{"type":"Feature","geometry":{"type":"Point","coordinates":[-76.19451,4.718703]},"properties":{"id_maestro":"ACUEDUCTO_0253","codigo_actual":"978","codigo_anterior":"91656","codigo_muestreo":107648,"municipio":"EL CAIRO","aro":"Norte Cartago","ambito":"Rural","tipo_sistema":"DISPERSA","prestador":"ASOCIACION DE USUARIOS ACUEDUCTO RURAL COMUNITARIO VEREDAS LA MIRANDA Y LA GUARDIA NIT 900514623-1","localidades":"LA MIRANDA Y LA GUARDIA","suscriptores":21,"poblacion":84,"forma_organizativa":"Autogestion","tipo_tratamiento":"Soluciones_Individuales","algun_tratamiento":1,"cantidad_fuentes":1,"fuente_abastecimiento":"QUEBRADA EL PAJAI","tipo_fuente":"Superficial","estado_fuentes":"CON FUENTE ASOCIADA"}},{"type":"Feature","geometry":{"type":"Point","coordinates":[-76.17342,4.738394]},"properties":{"id_maestro":"ACUEDUCTO_0254","codigo_actual":"2203","codigo_anterior":"114537","codigo_muestreo":114247,"municipio":"EL CAIRO","aro":"Norte Cartago","ambito":"Rural","tipo_sistema":"DISPERSA","prestador":"ASOCIACION DE USUARIOS ACUEDUCTO SALMELIA","localidades":"SALMELIA","suscriptores":25,"poblacion":100,"forma_organizativa":"Autogestion","tipo_tratamiento":"Filtración Compacta","algun_tratamiento":1,"cantidad_fuentes":2,"fuente_abastecimiento":"LA SALMELIA, AGUAS LINDAS","tipo_fuente":"Superficial","estado_fuentes":"CON FUENTE ASOCIADA"}},{"type":"Feature","geometry":{"type":"Point","coordinates":[-76.17213,4.782008]},"properties":{"id_maestro":"ACUEDUCTO_0255","codigo_actual":"2215","codigo_anterior":"86229","codigo_muestreo":107323,"municipio":"EL CAIRO","aro":"Norte Cartago","ambito":"Rural","tipo_sistema":"CENTRO POBLADO","prestador":"ASOCIACION DE USUARIOS DEL ACUEDUCTO RURAL COMUNITARIO DEL CORREGIMIENTO ALBAN","localidades":"ALBAN","suscriptores":5,"poblacion":25,"forma_organizativa":"Autogestion","tipo_tratamiento":"FIME","algun_tratamiento":1,"cantidad_fuentes":0,"fuente_abastecimiento":"","tipo_fuente":"","estado_fuentes":"SIN FUENTE ASOCIADA"}},{"type":"Feature","geometry":{"type":"Point","coordinates":[-76.25615,4.736472]},"properties":{"id_maestro":"ACUEDUCTO_0256","codigo_actual":"3570","codigo_anterior":"86228","codigo_muestreo":119695,"municipio":"EL CAIRO","aro":"Norte Cartago","ambito":"Rural","tipo_sistema":"DISPERSA","prestador":"ASOCIACION DE USUARIOS DEL ACUEDUCTO RURAL COMUNITARIO DEL CORREGIMIENTO ALBAN ACUEDUCTO SAN JOSE # 2","localidades":"SAN JOSE","suscriptores":14,"poblacion":56,"forma_organizativa":"Autogestion","tipo_tratamiento":"Filtración Compacta","algun_tratamiento":1,"cantidad_fuentes":1,"fuente_abastecimiento":"QUEBRADA MOJA HUEVOS","tipo_fuente":"Superficial","estado_fuentes":"CON FUENTE ASOCIADA"}},{"type":"Feature","geometry":{"type":"Point","coordinates":[-76.17213,4.782008]},"properties":{"id_maestro":"ACUEDUCTO_0257","codigo_actual":"3572","codigo_anterior":"12561","codigo_muestreo":108897,"municipio":"EL CAIRO","aro":"Norte Cartago","ambito":"Rural","tipo_sistema":"DISPERSA","prestador":"ASOCIACIÓN DE USUARIOS DEL ACUEDUCTO RURAL VEREDA SAN JOSE #1","localidades":"SAN JOSE # 1","suscriptores":28,"poblacion":112,"forma_organizativa":"Autogestion","tipo_tratamiento":"Soluciones_Individuales","algun_tratamiento":1,"cantidad_fuentes":3,"fuente_abastecimiento":"LA FLORESTA, EL PAUJIL, LOS CHORROS","tipo_fuente":"Superficial","estado_fuentes":"CON FUENTE ASOCIADA"}},{"type":"Feature","geometry":{"type":"Point","coordinates":[-76.19888,4.776333]},"properties":{"id_maestro":"ACUEDUCTO_0258","codigo_actual":"3569","codigo_anterior":"86230","codigo_muestreo":107322,"municipio":"EL CAIRO","aro":"Norte Cartago","ambito":"Rural","tipo_sistema":"DISPERSA","prestador":"ASOCIACION DE USUARIOS DEL ARC LA ESTRELLA LUNA PARK","localidades":"LUNAPARK,LA CANCANA,EL PIÑUELO,LA ESTRELLA,LAS MARGARITAS","suscriptores":80,"poblacion":320,"forma_organizativa":"Autogestion","tipo_tratamiento":"Filtración Compacta","algun_tratamiento":1,"cantidad_fuentes":1,"fuente_abastecimiento":"LOS CHORROS","tipo_fuente":"Superficial","estado_fuentes":"CON FUENTE ASOCIADA"}},{"type":"Feature","geometry":{"type":"Point","coordinates":[-76.19399,4.710411]},"properties":{"id_maestro":"ACUEDUCTO_0259","codigo_actual":"961","codigo_anterior":"80742","codigo_muestreo":118097,"municipio":"EL CAIRO","aro":"Norte Cartago","ambito":"Rural","tipo_sistema":"DISPERSA","prestador":"JUNTA ACUEDUCTIO RURAL LA GUARDIA","localidades":"LA GUARDIA","suscriptores":14,"poblacion":56,"forma_organizativa":"Autogestion","tipo_tratamiento":"Soluciones_Individuales","algun_tratamiento":1,"cantidad_fuentes":1,"fuente_abastecimiento":"LA GUARDIA","tipo_fuente":"Superficial","estado_fuentes":"CON FUENTE ASOCIADA"}},{"type":"Feature","geometry":{"type":"Point","coordinates":[-76.19875,4.729806]},"properties":{"id_maestro":"ACUEDUCTO_0260","codigo_actual":"996","codigo_anterior":"12560","codigo_muestreo":107647,"municipio":"EL CAIRO","aro":"Norte Cartago","ambito":"Rural","tipo_sistema":"DISPERSA","prestador":"JUNTA ADMINISTRADORA ACUEDUCTO CAMELLONES ALTO","localidades":"CAMELLONES PARTE ALTA (2)","suscriptores":6,"poblacion":24,"forma_organizativa":"Autogestion","tipo_tratamiento":"Filtración Compacta","algun_tratamiento":1,"cantidad_fuentes":0,"fuente_abastecimiento":"","tipo_fuente":"","estado_fuentes":"SIN FUENTE ASOCIADA"}},{"type":"Feature","geometry":{"type":"Point","coordinates":[-76.20714,4.725494]},"properties":{"id_maestro":"ACUEDUCTO_0261","codigo_actual":"1000","codigo_anterior":"12560","codigo_muestreo":124421,"municipio":"EL CAIRO","aro":"Norte Cartago","ambito":"Rural","tipo_sistema":"DISPERSA","prestador":"JUNTA ADMINISTRADORA ACUEDUCTO CAMELLONES BAJO","localidades":"CAMELLONES PARTE BAJA","suscriptores":10,"poblacion":40,"forma_organizativa":"Autogestion","tipo_tratamiento":"Solo desinfección","algun_tratamiento":"","cantidad_fuentes":0,"fuente_abastecimiento":"","tipo_fuente":"","estado_fuentes":"SIN FUENTE ASOCIADA"}},{"type":"Feature","geometry":{"type":"Point","coordinates":[-76.24563,4.696494]},"properties":{"id_maestro":"ACUEDUCTO_0262","codigo_actual":"SD","codigo_anterior":"91931","codigo_muestreo":null,"municipio":"EL CAIRO","aro":"Norte Cartago","ambito":"Rural","tipo_sistema":"DISPERSA","prestador":"JUNTA ADMINISTRADORA DEL ACUEDUCTO DE BELLAVISTA","localidades":"BELLAVISTA","suscriptores":30,"poblacion":120,"forma_organizativa":"Autogestion","tipo_tratamiento":"Ninguno","algun_tratamiento":"","cantidad_fuentes":0,"fuente_abastecimiento":"","tipo_fuente":"","estado_fuentes":"SIN FUENTE ASOCIADA"}},{"type":"Feature","geometry":{"type":"Point","coordinates":[-76.16945,4.812511]},"properties":{"id_maestro":"ACUEDUCTO_0263","codigo_actual":"2214","codigo_anterior":"91939","codigo_muestreo":107332,"municipio":"EL CAIRO","aro":"Norte Cartago","ambito":"Rural","tipo_sistema":"DISPERSA","prestador":"JUNTA ADMINISTRADORA DEL ACUEDUCTO EL PACIFICO","localidades":"EL PACIFICO","suscriptores":18,"poblacion":72,"forma_organizativa":"Autogestion","tipo_tratamiento":"Solo desinfección","algun_tratamiento":"","cantidad_fuentes":1,"fuente_abastecimiento":"QUEBRADA FARALLONES","tipo_fuente":"Validar - Aguas marinas","estado_fuentes":"CON FUENTE ASOCIADA"}},{"type":"Feature","geometry":{"type":"Point","coordinates":[-76.22921,4.731694]},"properties":{"id_maestro":"ACUEDUCTO_0264","codigo_actual":"1010","codigo_anterior":"87885","codigo_muestreo":108898,"municipio":"EL CAIRO","aro":"Norte Cartago","ambito":"Rural","tipo_sistema":"DISPERSA","prestador":"JUNTA ADMON ACUEDUCTO LA PALMERA","localidades":"LA PALMERA","suscriptores":20,"poblacion":80,"forma_organizativa":"Autogestion","tipo_tratamiento":"Filtración Compacta","algun_tratamiento":1,"cantidad_fuentes":1,"fuente_abastecimiento":"CORDONCILLA O EL BOSQUE","tipo_fuente":"Superficial","estado_fuentes":"CON FUENTE ASOCIADA"}},{"type":"Feature","geometry":{"type":"Point","coordinates":[-76.24503,4.759461]},"properties":{"id_maestro":"ACUEDUCTO_0265","codigo_actual":"3575","codigo_anterior":"132430","codigo_muestreo":109065,"municipio":"EL CAIRO","aro":"Norte Cartago","ambito":"Rural","tipo_sistema":"DISPERSA","prestador":"JUNTA ADMON LOCAL VEREDA NAPOLES","localidades":"NAPOLES","suscriptores":13,"poblacion":52,"forma_organizativa":"Autogestion","tipo_tratamiento":"Ninguno","algun_tratamiento":"","cantidad_fuentes":1,"fuente_abastecimiento":"QUEBRADA SAN RAFAEL","tipo_fuente":"Superficial","estado_fuentes":"CON FUENTE ASOCIADA"}},{"type":"Feature","geometry":{"type":"Point","coordinates":[-76.22367,4.756722]},"properties":{"id_maestro":"ACUEDUCTO_0266","codigo_actual":"65","codigo_anterior":"81273","codigo_muestreo":89236,"municipio":"EL CAIRO","aro":"Norte Cartago","ambito":"Urbano","tipo_sistema":"CABECERA MUNICIPAL","prestador":"SOCIEDAD DE ACUEDUCTOS Y ALCANTARILLADOS DEL VALLE DEL CAUCA S.A. E.S.P. ACUAVALLE S.A. E.S.P. - EL CAIRO","localidades":"URBANO","suscriptores":957,"poblacion":3828,"forma_organizativa":"Empresa de Servicios Púplicos","tipo_tratamiento":"Convencional","algun_tratamiento":1,"cantidad_fuentes":1,"fuente_abastecimiento":"EL JORDAN","tipo_fuente":"Superficial","estado_fuentes":"CON FUENTE ASOCIADA"}},{"type":"Feature","geometry":{"type":"Point","coordinates":[-76.10819,3.620778]},"properties":{"id_maestro":"ACUEDUCTO_0268","codigo_actual":"1395","codigo_anterior":"33513","codigo_muestreo":32756,"municipio":"EL CERRITO","aro":"Sur Cali","ambito":"Rural","tipo_sistema":"DISPERSA","prestador":"ACUASALUD AUJI","localidades":"AUJI","suscriptores":100,"poblacion":400,"forma_organizativa":"Autogestion","tipo_tratamiento":"Solo desinfección","algun_tratamiento":"","cantidad_fuentes":1,"fuente_abastecimiento":"QUEBRADA LA HONDA","tipo_fuente":"Superficial","estado_fuentes":"CON FUENTE ASOCIADA"}},{"type":"Feature","geometry":{"type":"Point","coordinates":[-76.07344,3.692861]},"properties":{"id_maestro":"ACUEDUCTO_0269","codigo_actual":"356","codigo_anterior":"39038","codigo_muestreo":32786,"municipio":"EL CERRITO","aro":"Sur Cali","ambito":"Rural","tipo_sistema":"DISPERSA","prestador":"ACUEDUCTO EL MORAL","localidades":"EL MORAL","suscriptores":120,"poblacion":480,"forma_organizativa":"Autogestion","tipo_tratamiento":"Planta Modular","algun_tratamiento":1,"cantidad_fuentes":1,"fuente_abastecimiento":"QUEBRADA LA CASCADA","tipo_fuente":"Superficial","estado_fuentes":"CON FUENTE ASOCIADA"}},{"type":"Feature","geometry":{"type":"Point","coordinates":[-76.26542,3.612889]},"properties":{"id_maestro":"ACUEDUCTO_0270","codigo_actual":"40","codigo_anterior":"31395","codigo_muestreo":103440,"municipio":"EL CERRITO","aro":"Sur Cali","ambito":"Rural","tipo_sistema":"CENTRO POBLADO","prestador":"ASOCIACION COMUNITARIA DE USUARIOS DE SERVICIOS PUBLICOS DOMICILIARIOS EL PLACER, AUSERPUB ESP","localidades":"EL PLACER","suscriptores":3405,"poblacion":13620,"forma_organizativa":"Empresa de Servicios Púplicos","tipo_tratamiento":"Convencional","algun_tratamiento":1,"cantidad_fuentes":0,"fuente_abastecimiento":"","tipo_fuente":"","estado_fuentes":"SIN FUENTE ASOCIADA"}},{"type":"Feature","geometry":{"type":"Point","coordinates":[-76.19261,3.665556]},"properties":{"id_maestro":"ACUEDUCTO_0271","codigo_actual":"1387","codigo_anterior":"31842","codigo_muestreo":51500,"municipio":"EL CERRITO","aro":"Sur Cali","ambito":"Rural","tipo_sistema":"CENTRO POBLADO","prestador":"ASOCIACION DE RECURSOS HIDRICOS NATURALES Y ACUEDUCTO DE EL CASTILLO - RINAUCA","localidades":"EL CASTILLO","suscriptores":107,"poblacion":428,"forma_organizativa":"Empresa de Servicios Púplicos","tipo_tratamiento":"Filtración Compacta","algun_tratamiento":1,"cantidad_fuentes":0,"fuente_abastecimiento":"","tipo_fuente":"","estado_fuentes":"SIN FUENTE ASOCIADA"}},{"type":"Feature","geometry":{"type":"Point","coordinates":[-76.19625,3.654694]},"properties":{"id_maestro":"ACUEDUCTO_0272","codigo_actual":"1390","codigo_anterior":"32189","codigo_muestreo":51499,"municipio":"EL CERRITO","aro":"Sur Cali","ambito":"Rural","tipo_sistema":"CENTRO POBLADO","prestador":"ASOCIACION DE USUARIOS DEL SERVICIO DE AGUA POTABLE DEL CASTILLO, CERRITO. ASOSEAGUAS - RECAHON.","localidades":"EL CASTILLO,LA HONDA,LA REINA","suscriptores":240,"poblacion":914,"forma_organizativa":"Autogestion","tipo_tratamiento":"Filtración Compacta","algun_tratamiento":1,"cantidad_fuentes":1,"fuente_abastecimiento":"QUEBRADA EL LORO","tipo_fuente":"Superficial","estado_fuentes":"CON FUENTE ASOCIADA"}},{"type":"Feature","geometry":{"type":"Point","coordinates":[-76.07683,3.729944]},"properties":{"id_maestro":"ACUEDUCTO_0273","codigo_actual":"1397","codigo_anterior":"33509","codigo_muestreo":32760,"municipio":"EL CERRITO","aro":"Sur Cali","ambito":"Rural","tipo_sistema":"CENTRO POBLADO","prestador":"ASOCIACION DE USUARIOS DEL SERVICIO DE AGUA POTABLE Y ALCANTARILLADO DE TENERIFE - ASOUAT","localidades":"TENERIFE","suscriptores":148,"poblacion":592,"forma_organizativa":"Autogestion","tipo_tratamiento":"Planta Convencional","algun_tratamiento":1,"cantidad_fuentes":2,"fuente_abastecimiento":"QUEBRADA TEQUENDAMA, LA CRISTALINA","tipo_fuente":"Superficial","estado_fuentes":"CON FUENTE ASOCIADA"}},{"type":"Feature","geometry":{"type":"Point","coordinates":[-76.08856,3.657111]},"properties":{"id_maestro":"ACUEDUCTO_0274","codigo_actual":"1396","codigo_anterior":"34209","codigo_muestreo":33753,"municipio":"EL CERRITO","aro":"Sur Cali","ambito":"Rural","tipo_sistema":"DISPERSA","prestador":"JUNTA ADMINISTRADORA ACUEDUCTO CARRIZAL","localidades":"EL CARRIZAL","suscriptores":46,"poblacion":184,"forma_organizativa":"Autogestion","tipo_tratamiento":"Ninguno","algun_tratamiento":"","cantidad_fuentes":1,"fuente_abastecimiento":"QUEBRADA LAS YEGUAS","tipo_fuente":"Superficial","estado_fuentes":"CON FUENTE ASOCIADA"}},{"type":"Feature","geometry":{"type":"Point","coordinates":[-76.19064,3.627033]},"properties":{"id_maestro":"ACUEDUCTO_0275","codigo_actual":null,"codigo_anterior":"37557","codigo_muestreo":32471,"municipio":"EL CERRITO","aro":"Sur Cali","ambito":"Rural","tipo_sistema":"DISPERSA","prestador":"JUNTA ADMINISTRADORA DEL ACUEDUCTO ACUASALUD EL ROSARIO PARTE ALTA","localidades":"EL ROSARIO PARTE ALTA","suscriptores":19,"poblacion":76,"forma_organizativa":"Autogestion","tipo_tratamiento":"Solo desinfección","algun_tratamiento":"","cantidad_fuentes":1,"fuente_abastecimiento":"QUEBRADA LA SANGRIENTA","tipo_fuente":"Superficial","estado_fuentes":"CON FUENTE ASOCIADA"}},{"type":"Feature","geometry":{"type":"Point","coordinates":[-76.08825,3.622417]},"properties":{"id_maestro":"ACUEDUCTO_0276","codigo_actual":"1394","codigo_anterior":"33508","codigo_muestreo":32757,"municipio":"EL CERRITO","aro":"Sur Cali","ambito":"Rural","tipo_sistema":"CENTRO POBLADO","prestador":"JUNTA DE ACCION COMUNAL DE SANTA LUISA","localidades":"SANTA LUISA","suscriptores":63,"poblacion":0,"forma_organizativa":"Autogestion","tipo_tratamiento":"FIME+Soluciones_Individuales","algun_tratamiento":1,"cantidad_fuentes":1,"fuente_abastecimiento":"RIO CABUYAL","tipo_fuente":"Superficial","estado_fuentes":"CON FUENTE ASOCIADA"}},{"type":"Feature","geometry":{"type":"Point","coordinates":[-76.18586,3.638444]},"properties":{"id_maestro":"ACUEDUCTO_0277","codigo_actual":"3041","codigo_anterior":"37559","codigo_muestreo":104312,"municipio":"EL CERRITO","aro":"Sur Cali","ambito":"Rural","tipo_sistema":"CENTRO POBLADO","prestador":"LA ASOCIACION DE USUARIOS ACUEDUCTO CRGTO EL POMO VEREDAS ROSARIO-BOLIVIA EL CERRITO-ACUAPORO","localidades":"EL POMO,EL ROSARIO,BOLIVIA","suscriptores":386,"poblacion":1400,"forma_organizativa":"Autogestion","tipo_tratamiento":"FD+Desinfección","algun_tratamiento":1,"cantidad_fuentes":1,"fuente_abastecimiento":"RIO EL CERRITO","tipo_fuente":"Superficial","estado_fuentes":"CON FUENTE ASOCIADA"}},{"type":"Feature","geometry":{"type":"Point","coordinates":[-76.2525,3.626806]},"properties":{"id_maestro":"ACUEDUCTO_0278","codigo_actual":"36","codigo_anterior":"41579","codigo_muestreo":108121,"municipio":"EL CERRITO","aro":"Sur Cali","ambito":"Rural","tipo_sistema":"CENTRO POBLADO","prestador":"LA ASOCIACION DE USUARIOS DEL ACUEDUCTO Y/O ALCANTARILLADO Y/O ASEO DE CAMPO ALEGRE - AUSERACA","localidades":"CAMPO ALEGRE","suscriptores":512,"poblacion":2048,"forma_organizativa":"Empresa de Servicios Púplicos","tipo_tratamiento":"FD+Desinfección","algun_tratamiento":1,"cantidad_fuentes":1,"fuente_abastecimiento":"RIO EL CERRITO","tipo_fuente":"Superficial","estado_fuentes":"CON FUENTE ASOCIADA"}},{"type":"Feature","geometry":{"type":"Point","coordinates":[-76.36892,3.677333]},"properties":{"id_maestro":"ACUEDUCTO_0279","codigo_actual":"41","codigo_anterior":"34259","codigo_muestreo":28244,"municipio":"EL CERRITO","aro":"Sur Cali","ambito":"Urbano","tipo_sistema":"CABECERA MUNICIPAL","prestador":"SOCIEDAD DE ACUEDUCTOS Y ALCANTARILLADOS DEL VALLE DEL CAUCA S.A. E.S.P. ACUAVALLE S.A. E.S.P. - EL CERRITO","localidades":"URBANO, GUACANAL, LA PLAYITA, CAMPO ALEGRE, AMAIMITO, EL FLORIDO, SAN ISIDRO, PALESTINO, PAJONALES, NOVILLERA, LOS ALPES, SAN ANTONIO, Y ZABALETAS (GINEBRA).","suscriptores":11850,"poblacion":48800,"forma_organizativa":"Empresa de Servicios Púplicos","tipo_tratamiento":"Convencional","algun_tratamiento":1,"cantidad_fuentes":1,"fuente_abastecimiento":"RIO EL CERRITO","tipo_fuente":"Superficial","estado_fuentes":"CON FUENTE ASOCIADA"}},{"type":"Feature","geometry":{"type":"Point","coordinates":[-76.25706,3.673222]},"properties":{"id_maestro":"ACUEDUCTO_0280","codigo_actual":"37","codigo_anterior":"36321","codigo_muestreo":105205,"municipio":"EL CERRITO","aro":"Sur Cali","ambito":"Rural","tipo_sistema":"CENTRO POBLADO","prestador":"SOCIEDAD DE ACUEDUCTOS Y ALCANTARILLADOS DEL VALLE DEL CAUCA S.A. E.S.P. ACUAVALLE S.A. E.S.P. - EL CERRITO SANTA ELENA","localidades":"SANTA ELENA,EL FLORIDO,ZABALETAS,SAN ISIDRO,NOVILLERA,AMAIMITO,PAJONALES,PALESTINA","suscriptores":2856,"poblacion":11424,"forma_organizativa":"Autogestion","tipo_tratamiento":"Convencional","algun_tratamiento":1,"cantidad_fuentes":2,"fuente_abastecimiento":"QUEBRADA LA REINA, RIO SABALETAS","tipo_fuente":"Superficial","estado_fuentes":"CON FUENTE ASOCIADA"}},{"type":"Feature","geometry":{"type":"Point","coordinates":[-76.28756,4.543411]},"properties":{"id_maestro":"ACUEDUCTO_0281","codigo_actual":"3462","codigo_anterior":"69204","codigo_muestreo":113239,"municipio":"EL DOVIO","aro":"Norte Cartago","ambito":"Rural","tipo_sistema":"DISPERSA","prestador":"ACUEDUCTO COMUNITARIO AGUAS LA ALEJANDRIA (LA HONDURA)","localidades":"LA HONDURA","suscriptores":35,"poblacion":140,"forma_organizativa":"Autogestion","tipo_tratamiento":"Solo desinfección","algun_tratamiento":"","cantidad_fuentes":1,"fuente_abastecimiento":"LA ALEJANDRIA","tipo_fuente":"Superficial","estado_fuentes":"CON FUENTE ASOCIADA"}},{"type":"Feature","geometry":{"type":"Point","coordinates":[-76.37331,4.498625]},"properties":{"id_maestro":"ACUEDUCTO_0282","codigo_actual":null,"codigo_anterior":"68494","codigo_muestreo":126766,"municipio":"EL DOVIO","aro":"Norte Cartago","ambito":"Rural","tipo_sistema":"DISPERSA","prestador":"ACUEDUCTO RURAL BIRMANIA","localidades":"BIRMANIA","suscriptores":12,"poblacion":48,"forma_organizativa":"Autogestion","tipo_tratamiento":"Ninguno","algun_tratamiento":"","cantidad_fuentes":1,"fuente_abastecimiento":"SUPERFICIAL QUEBRADA LA CARMELITA","tipo_fuente":"Superficial","estado_fuentes":"CON FUENTE ASOCIADA"}},{"type":"Feature","geometry":{"type":"Point","coordinates":[-76.19013,4.511114]},"properties":{"id_maestro":"ACUEDUCTO_0283","codigo_actual":"523","codigo_anterior":"122721","codigo_muestreo":119182,"municipio":"EL DOVIO","aro":"Norte Cartago","ambito":"Rural","tipo_sistema":"DISPERSA","prestador":"ACUEDUCTO RURAL CAÑADA HONDA BAJA - CASTILLO","localidades":"CAÑADA HONDA BAJA, CASTILLO ALTO","suscriptores":40,"poblacion":160,"forma_organizativa":"Autogestion","tipo_tratamiento":"Solo desinfección","algun_tratamiento":"","cantidad_fuentes":1,"fuente_abastecimiento":"EL CASTILLO","tipo_fuente":"Superficial","estado_fuentes":"CON FUENTE ASOCIADA"}},{"type":"Feature","geometry":{"type":"Point","coordinates":[-76.25753,4.518203]},"properties":{"id_maestro":"ACUEDUCTO_0284","codigo_actual":"20062","codigo_anterior":"68994","codigo_muestreo":110916,"municipio":"EL DOVIO","aro":"Norte Cartago","ambito":"Rural","tipo_sistema":"DISPERSA","prestador":"ACUEDUCTO RURAL COMUNITARIO LA MARIA","localidades":"LA MARIA","suscriptores":null,"poblacion":null,"forma_organizativa":"Autogestion","tipo_tratamiento":"Ninguno","algun_tratamiento":"","cantidad_fuentes":0,"fuente_abastecimiento":"","tipo_fuente":"","estado_fuentes":"SIN FUENTE ASOCIADA"}},{"type":"Feature","geometry":{"type":"Point","coordinates":[-76.26064,4.569133]},"properties":{"id_maestro":"ACUEDUCTO_0285","codigo_actual":"15655","codigo_anterior":"68801","codigo_muestreo":null,"municipio":"EL DOVIO","aro":"Norte Cartago","ambito":"Rural","tipo_sistema":"DISPERSA","prestador":"ACUEDUCTO RURAL DE SANTA ELENA","localidades":"SANTA ELENA","suscriptores":14,"poblacion":56,"forma_organizativa":"Autogestion","tipo_tratamiento":"Ninguno","algun_tratamiento":"","cantidad_fuentes":0,"fuente_abastecimiento":"","tipo_fuente":"","estado_fuentes":"SIN FUENTE ASOCIADA"}},{"type":"Feature","geometry":{"type":"Point","coordinates":[-76.18666,4.527]},"properties":{"id_maestro":"ACUEDUCTO_0287","codigo_actual":"1959","codigo_anterior":"117900","codigo_muestreo":119165,"municipio":"EL DOVIO","aro":"Norte Cartago","ambito":"Rural","tipo_sistema":"DISPERSA","prestador":"ACUEDUCTO RURAL LOS ZAINOS ALTO","localidades":"LOS ZAINOS ALTO","suscriptores":12,"poblacion":48,"forma_organizativa":"Autogestion","tipo_tratamiento":"Soluciones_Individuales","algun_tratamiento":1,"cantidad_fuentes":1,"fuente_abastecimiento":"QUEBRADA LOS ZAINOS","tipo_fuente":"Superficial","estado_fuentes":"CON FUENTE ASOCIADA"}},{"type":"Feature","geometry":{"type":"Point","coordinates":[-76.18605,4.530283]},"properties":{"id_maestro":"ACUEDUCTO_0288","codigo_actual":"1964","codigo_anterior":"68463","codigo_muestreo":113472,"municipio":"EL DOVIO","aro":"Norte Cartago","ambito":"Rural","tipo_sistema":"DISPERSA","prestador":"ACUEDUCTO RURAL LOS ZAINOS BAJO","localidades":"LOS ZAINOS BAJO","suscriptores":27,"poblacion":108,"forma_organizativa":"Autogestion","tipo_tratamiento":"Soluciones_Individuales","algun_tratamiento":1,"cantidad_fuentes":1,"fuente_abastecimiento":"QUEBRADA BELLAVISTA","tipo_fuente":"Superficial","estado_fuentes":"CON FUENTE ASOCIADA"}},{"type":"Feature","geometry":{"type":"Point","coordinates":[-76.2616,4.562972]},"properties":{"id_maestro":"ACUEDUCTO_0289","codigo_actual":null,"codigo_anterior":"120404","codigo_muestreo":null,"municipio":"EL DOVIO","aro":"Norte Cartago","ambito":"Rural","tipo_sistema":"DISPERSA","prestador":"ACUEDUCTO RURAL SIRIMUNDA","localidades":"SIRIMANDA","suscriptores":15,"poblacion":60,"forma_organizativa":"Autogestion","tipo_tratamiento":"Ninguno","algun_tratamiento":"","cantidad_fuentes":1,"fuente_abastecimiento":"QUEBRANA  ARRAYANAL","tipo_fuente":"Validar - Aguas marinas","estado_fuentes":"CON FUENTE ASOCIADA"}},{"type":"Feature","geometry":{"type":"Point","coordinates":[-76.22434,4.521917]},"properties":{"id_maestro":"ACUEDUCTO_0291","codigo_actual":"3578","codigo_anterior":"69051","codigo_muestreo":110901,"municipio":"EL DOVIO","aro":"Norte Cartago","ambito":"Rural","tipo_sistema":"DISPERSA","prestador":"ASOCIACION DE USUARIOS DE ACUEDUCTO RURAL VEREDA EL CRUCERO","localidades":"EL CRUCERO","suscriptores":54,"poblacion":216,"forma_organizativa":"Autogestion","tipo_tratamiento":"Solo desinfección","algun_tratamiento":"","cantidad_fuentes":1,"fuente_abastecimiento":"EL OSO","tipo_fuente":"Superficial","estado_fuentes":"CON FUENTE ASOCIADA"}},{"type":"Feature","geometry":{"type":"Point","coordinates":[-76.28312,4.505531]},"properties":{"id_maestro":"ACUEDUCTO_0292","codigo_actual":"524","codigo_anterior":"104340","codigo_muestreo":110944,"municipio":"EL DOVIO","aro":"Norte Cartago","ambito":"Rural","tipo_sistema":"DISPERSA","prestador":"ASOCIACION DE USUARIOS DEL ACUEDUCTO RURAL COMUNITARIO DE LA VEREDA EL GUADUAL AGUA BONITA","localidades":"EL GUADUAL AGUA BONITA","suscriptores":15,"poblacion":60,"forma_organizativa":"Autogestion","tipo_tratamiento":"Soluciones_Individuales","algun_tratamiento":"","cantidad_fuentes":1,"fuente_abastecimiento":"AGUA BONITA","tipo_fuente":"Subterránea","estado_fuentes":"CON FUENTE ASOCIADA"}},{"type":"Feature","geometry":{"type":"Point","coordinates":[-76.36445,4.547725]},"properties":{"id_maestro":"ACUEDUCTO_0293","codigo_actual":"1975","codigo_anterior":"104339","codigo_muestreo":113477,"municipio":"EL DOVIO","aro":"Norte Cartago","ambito":"Rural","tipo_sistema":"DISPERSA","prestador":"ASOCIACION DE USUARIOS DEL ACUEDUCTO RURAL COMUNITARIO DE LA VEREDA EL LULAR AGUAS LULAREÑAS","localidades":"EL LULAR","suscriptores":25,"poblacion":100,"forma_organizativa":"Autogestion","tipo_tratamiento":"Ninguno","algun_tratamiento":"","cantidad_fuentes":1,"fuente_abastecimiento":"QUEBRADA LOS CEDROS","tipo_fuente":"Superficial","estado_fuentes":"CON FUENTE ASOCIADA"}},{"type":"Feature","geometry":{"type":"Point","coordinates":[-76.2,4.533589]},"properties":{"id_maestro":"ACUEDUCTO_0294","codigo_actual":"1971","codigo_anterior":"68462","codigo_muestreo":113226,"municipio":"EL DOVIO","aro":"Norte Cartago","ambito":"Rural","tipo_sistema":"CENTRO POBLADO","prestador":"ASOCIACION DE USUARIOS DEL ACUEDUCTO RURAL COMUNITARIO DE LA VEREDA LA CABAÑA AGUAS LA ESPERANZA","localidades":"LA CABAÑA","suscriptores":64,"poblacion":256,"forma_organizativa":"Autogestion","tipo_tratamiento":"Ninguno","algun_tratamiento":"","cantidad_fuentes":1,"fuente_abastecimiento":"LA ESPERANZA","tipo_fuente":"Superficial","estado_fuentes":"CON FUENTE ASOCIADA"}},{"type":"Feature","geometry":{"type":"Point","coordinates":[-76.31271,4.491356]},"properties":{"id_maestro":"ACUEDUCTO_0295","codigo_actual":"525","codigo_anterior":"68860","codigo_muestreo":113742,"municipio":"EL DOVIO","aro":"Norte Cartago","ambito":"Rural","tipo_sistema":"DISPERSA","prestador":"ASOCIACION DE USUARIOS DEL ACUEDUCTO RURAL COMUNITARIO DE LA VEREDA TOLDA FRIA -CASA VERDE","localidades":"TOLDA FRÍA,RIVERALTA","suscriptores":25,"poblacion":100,"forma_organizativa":"Autogestion","tipo_tratamiento":"Ninguno","algun_tratamiento":"","cantidad_fuentes":1,"fuente_abastecimiento":"SUPERFICIAL NACIMIENTO TOLDA FRÍA","tipo_fuente":"Superficial","estado_fuentes":"CON FUENTE ASOCIADA"}},{"type":"Feature","geometry":{"type":"Point","coordinates":[-76.35031,4.496194]},"properties":{"id_maestro":"ACUEDUCTO_0296","codigo_actual":"3463","codigo_anterior":"68491","codigo_muestreo":113739,"municipio":"EL DOVIO","aro":"Norte Cartago","ambito":"Rural","tipo_sistema":"CENTRO POBLADO","prestador":"ASOCIACION DE USUARIOS DEL ACUEDUCTO RURAL COMUNITARIO DEL CORREGIMIENTO DE BITACO","localidades":"BITACO,CAÑADA PAN Y VIDA","suscriptores":23,"poblacion":92,"forma_organizativa":"Autogestion","tipo_tratamiento":"Ninguno","algun_tratamiento":"","cantidad_fuentes":1,"fuente_abastecimiento":"SUPERFICIAL QUEBRADA PAN Y VIDA","tipo_fuente":"Superficial","estado_fuentes":"CON FUENTE ASOCIADA"}},{"type":"Feature","geometry":{"type":"Point","coordinates":[-76.35281,4.513708]},"properties":{"id_maestro":"ACUEDUCTO_0297","codigo_actual":null,"codigo_anterior":"68800","codigo_muestreo":119308,"municipio":"EL DOVIO","aro":"Norte Cartago","ambito":"Rural","tipo_sistema":"CENTRO POBLADO","prestador":"ASOCIACION DE USUARIOS DEL ACUEDUCTO RURAL COMUNITARIO DEL CORREGIMIENTO DE LITUANIA","localidades":"DE LITUANIA","suscriptores":52,"poblacion":208,"forma_organizativa":"Autogestion","tipo_tratamiento":"Ninguno","algun_tratamiento":"","cantidad_fuentes":1,"fuente_abastecimiento":"QUEBRADA RIOPUENTE","tipo_fuente":"Superficial","estado_fuentes":"CON FUENTE ASOCIADA"}},{"type":"Feature","geometry":{"type":"Point","coordinates":[-76.29249,4.599603]},"properties":{"id_maestro":"ACUEDUCTO_0298","codigo_actual":null,"codigo_anterior":"68983","codigo_muestreo":113219,"municipio":"EL DOVIO","aro":"Norte Cartago","ambito":"Rural","tipo_sistema":"CENTRO POBLADO","prestador":"ASOCIACION DE USUARIOS DEL ACUEDUCTO RURAL COMUNITARIO DEL CORREGIMIENTO LA PRADERA","localidades":"LA PRADERA","suscriptores":55,"poblacion":220,"forma_organizativa":"Empresa de Servicios Púplicos","tipo_tratamiento":"Ninguno","algun_tratamiento":"","cantidad_fuentes":0,"fuente_abastecimiento":"","tipo_fuente":"","estado_fuentes":"SIN FUENTE ASOCIADA"}},{"type":"Feature","geometry":{"type":"Point","coordinates":[-76.22393,4.446117]},"properties":{"id_maestro":"ACUEDUCTO_0299","codigo_actual":"3577","codigo_anterior":"113482","codigo_muestreo":113481,"municipio":"EL DOVIO","aro":"Norte Cartago","ambito":"Rural","tipo_sistema":"DISPERSA","prestador":"ASOCIACION DE USUARIOS DEL ACUEDUCTO RURAL COMUNITARIO VEREDA LA ESPERANZA AGUAS DEL DANUBIO","localidades":"LA ESPERANZA","suscriptores":52,"poblacion":108,"forma_organizativa":"Autogestion","tipo_tratamiento":"Solo desinfección","algun_tratamiento":"","cantidad_fuentes":1,"fuente_abastecimiento":"QUEBRADA EL DANUBIO","tipo_fuente":"Superficial","estado_fuentes":"CON FUENTE ASOCIADA"}},{"type":"Feature","geometry":{"type":"Point","coordinates":[-76.17503,4.517814]},"properties":{"id_maestro":"ACUEDUCTO_0300","codigo_actual":"1954","codigo_anterior":"117878","codigo_muestreo":119163,"municipio":"EL DOVIO","aro":"Norte Cartago","ambito":"Rural","tipo_sistema":"DISPERSA","prestador":"CORPORACION NO NACIONAL AMBIENTAL PECUARIO Y AGRICOLA DE BELLAVISTA ''CAMPAB'' TANQUE 1","localidades":"BELLAVISTA","suscriptores":6,"poblacion":24,"forma_organizativa":"Autogestion","tipo_tratamiento":"Soluciones_Individuales","algun_tratamiento":1,"cantidad_fuentes":0,"fuente_abastecimiento":"","tipo_fuente":"","estado_fuentes":"SIN FUENTE ASOCIADA"}},{"type":"Feature","geometry":{"type":"Point","coordinates":[-76.17503,4.517814]},"properties":{"id_maestro":"ACUEDUCTO_0301","codigo_actual":"1955","codigo_anterior":"117878","codigo_muestreo":119162,"municipio":"EL DOVIO","aro":"Norte Cartago","ambito":"Rural","tipo_sistema":"DISPERSA","prestador":"CORPORACION NO NACIONAL AMBIENTAL PECUARIO Y AGRICOLA DE BELLAVISTA ''CAMPAB'' TANQUE 2","localidades":"BELLAVISTA","suscriptores":9,"poblacion":36,"forma_organizativa":"Autogestion","tipo_tratamiento":"Soluciones_Individuales","algun_tratamiento":1,"cantidad_fuentes":0,"fuente_abastecimiento":"","tipo_fuente":"","estado_fuentes":"SIN FUENTE ASOCIADA"}},{"type":"Feature","geometry":{"type":"Point","coordinates":[-76.17503,4.517814]},"properties":{"id_maestro":"ACUEDUCTO_0302","codigo_actual":"1957","codigo_anterior":"117878","codigo_muestreo":119161,"municipio":"EL DOVIO","aro":"Norte Cartago","ambito":"Rural","tipo_sistema":"DISPERSA","prestador":"CORPORACION NO NACIONAL AMBIENTAL PECUARIO Y AGRICOLA DE BELLAVISTA ''CAMPAB'' TANQUE 3","localidades":"BELLAVISTA","suscriptores":11,"poblacion":44,"forma_organizativa":"Autogestion","tipo_tratamiento":"Soluciones_Individuales","algun_tratamiento":1,"cantidad_fuentes":0,"fuente_abastecimiento":"","tipo_fuente":"","estado_fuentes":"SIN FUENTE ASOCIADA"}},{"type":"Feature","geometry":{"type":"Point","coordinates":[-76.25267,4.49845]},"properties":{"id_maestro":"ACUEDUCTO_0303","codigo_actual":"3466","codigo_anterior":"68490","codigo_muestreo":110915,"municipio":"EL DOVIO","aro":"Norte Cartago","ambito":"Rural","tipo_sistema":"DISPERSA","prestador":"JUNTA ADMIN ACUEDUCTO VEREDA CALLE LARGA","localidades":"CALLE LARGA","suscriptores":44,"poblacion":176,"forma_organizativa":"Autogestion","tipo_tratamiento":"Solo desinfección","algun_tratamiento":"","cantidad_fuentes":1,"fuente_abastecimiento":"LAS ARDITAS","tipo_fuente":"Superficial","estado_fuentes":"CON FUENTE ASOCIADA"}},{"type":"Feature","geometry":{"type":"Point","coordinates":[-76.29193,4.525169]},"properties":{"id_maestro":"ACUEDUCTO_0304","codigo_actual":"526","codigo_anterior":"111923","codigo_muestreo":113232,"municipio":"EL DOVIO","aro":"Norte Cartago","ambito":"Rural","tipo_sistema":"DISPERSA","prestador":"JUNTA ADMINISTRADORA ACUEDUCTO GUATEMALA","localidades":"GUATEMALA","suscriptores":14,"poblacion":32,"forma_organizativa":"Autogestion","tipo_tratamiento":"Ninguno","algun_tratamiento":"","cantidad_fuentes":1,"fuente_abastecimiento":"GUATEMALA","tipo_fuente":"Superficial","estado_fuentes":"CON FUENTE ASOCIADA"}},{"type":"Feature","geometry":{"type":"Point","coordinates":[-76.24645,4.539486]},"properties":{"id_maestro":"ACUEDUCTO_0306","codigo_actual":"3464","codigo_anterior":"68911","codigo_muestreo":119321,"municipio":"EL DOVIO","aro":"Norte Cartago","ambito":"Rural","tipo_sistema":"DISPERSA","prestador":"JUNTA ADMINISTRADORA DEL ACUEDUCTO LAS VUELTAS","localidades":"LAS VUELTAS","suscriptores":12,"poblacion":48,"forma_organizativa":"Autogestion","tipo_tratamiento":"Ninguno","algun_tratamiento":"","cantidad_fuentes":1,"fuente_abastecimiento":"QUEBRADA LA ZULIA","tipo_fuente":"Superficial","estado_fuentes":"CON FUENTE ASOCIADA"}},{"type":"Feature","geometry":{"type":"Point","coordinates":[-76.22223,4.500011]},"properties":{"id_maestro":"ACUEDUCTO_0307","codigo_actual":"51","codigo_anterior":"69720","codigo_muestreo":68817,"municipio":"EL DOVIO","aro":"Norte Cartago","ambito":"Urbano","tipo_sistema":"CABECERA MUNICIPAL","prestador":"SOCIEDAD DE ACUEDUCTOS Y ALCANTARILLADOS DEL VALLE DEL CAUCA S.A. E.S.P. ACUAVALLE S.A. E.S.P. - EL DOVIO","localidades":"URBANO, LA AGUADITA, CALLE LARGA, SAMANA, MATECAÑA","suscriptores":2109,"poblacion":8436,"forma_organizativa":"Empresa de Servicios Púplicos","tipo_tratamiento":"Convencional","algun_tratamiento":1,"cantidad_fuentes":1,"fuente_abastecimiento":"DOVIO","tipo_fuente":"Superficial","estado_fuentes":"CON FUENTE ASOCIADA"}},{"type":"Feature","geometry":{"type":"Point","coordinates":[-76.18294,3.296139]},"properties":{"id_maestro":"ACUEDUCTO_0308","codigo_actual":"112","codigo_anterior":"43444","codigo_muestreo":101971,"municipio":"FLORIDA","aro":"Sur Cali","ambito":"Rural","tipo_sistema":"DISPERSA","prestador":"ACUALIBANO","localidades":"EL LIBANO","suscriptores":115,"poblacion":447,"forma_organizativa":"Autogestion","tipo_tratamiento":"Solo desinfección","algun_tratamiento":"","cantidad_fuentes":1,"fuente_abastecimiento":"QUEBRADA BOLIVAR","tipo_fuente":"Superficial","estado_fuentes":"CON FUENTE ASOCIADA"}},{"type":"Feature","geometry":{"type":"Point","coordinates":[-76.15161,3.346972]},"properties":{"id_maestro":"ACUEDUCTO_0309","codigo_actual":"SD","codigo_anterior":"33544","codigo_muestreo":33747,"municipio":"FLORIDA","aro":"Sur Cali","ambito":"Rural","tipo_sistema":"CENTRO POBLADO","prestador":"ACUEDUCTO LOS CALEÑOS","localidades":"LOS CALEÑOS","suscriptores":149,"poblacion":596,"forma_organizativa":"Autogestion","tipo_tratamiento":"Ninguno","algun_tratamiento":"","cantidad_fuentes":0,"fuente_abastecimiento":"","tipo_fuente":"","estado_fuentes":"SIN FUENTE ASOCIADA"}},{"type":"Feature","geometry":{"type":"Point","coordinates":[-76.18419,3.273028]},"properties":{"id_maestro":"ACUEDUCTO_0310","codigo_actual":"SD","codigo_anterior":"105143","codigo_muestreo":101973,"municipio":"FLORIDA","aro":"Sur Cali","ambito":"Rural","tipo_sistema":"DISPERSA","prestador":"ACUEDUCTO SAN JOAQUIN","localidades":"SAN JOAQUIN","suscriptores":46,"poblacion":184,"forma_organizativa":"Autogestion","tipo_tratamiento":"Soluciones_Individuales","algun_tratamiento":1,"cantidad_fuentes":0,"fuente_abastecimiento":"","tipo_fuente":"","estado_fuentes":"SIN FUENTE ASOCIADA"}},{"type":"Feature","geometry":{"type":"Point","coordinates":[-76.21097,3.264472]},"properties":{"id_maestro":"ACUEDUCTO_0311","codigo_actual":"111","codigo_anterior":"37533","codigo_muestreo":101970,"municipio":"FLORIDA","aro":"Sur Cali","ambito":"Rural","tipo_sistema":"CENTRO POBLADO","prestador":"ASOCIACION COMUNITARIA DE USUARIOS DEL ACUEDUCTO TAMBORAL, LA UNION Y EL AGRADO - AUNITAMBO","localidades":"LA UNION,TAMBORAL,EL AGRADO","suscriptores":242,"poblacion":968,"forma_organizativa":"Autogestion","tipo_tratamiento":"Solo desinfección","algun_tratamiento":"","cantidad_fuentes":1,"fuente_abastecimiento":"QUEBRADA JUANAMBU","tipo_fuente":"Superficial","estado_fuentes":"CON FUENTE ASOCIADA"}},{"type":"Feature","geometry":{"type":"Point","coordinates":[-76.18847,3.310667]},"properties":{"id_maestro":"ACUEDUCTO_0312","codigo_actual":"117","codigo_anterior":"40567","codigo_muestreo":101977,"municipio":"FLORIDA","aro":"Sur Cali","ambito":"Rural","tipo_sistema":"CENTRO POBLADO","prestador":"ASOCIACIÓN DE USUARIOS DEL ACUEDUCTO DEL CORREGIMIENTO LA DIANA - ACUASALUD LA DIANA","localidades":"LA DIANA","suscriptores":190,"poblacion":760,"forma_organizativa":"Autogestion","tipo_tratamiento":"FD+Desinfección","algun_tratamiento":1,"cantidad_fuentes":2,"fuente_abastecimiento":"QUEBRADA LAS CAMELIAS, QUEBRADA LOS CALEÑOS","tipo_fuente":"Superficial","estado_fuentes":"CON FUENTE ASOCIADA"}},{"type":"Feature","geometry":{"type":"Point","coordinates":[-76.21525,3.312944]},"properties":{"id_maestro":"ACUEDUCTO_0313","codigo_actual":"115","codigo_anterior":"36852","codigo_muestreo":32491,"municipio":"FLORIDA","aro":"Sur Cali","ambito":"Rural","tipo_sistema":"CENTRO POBLADO","prestador":"ASOCIACION DE USUARIOS DEL ACUEDUCTO Y/O ALCANTARILLADO EL PEDREGAL E.S.P. PRIMERA ETAPA","localidades":"EL PEDREGAL","suscriptores":280,"poblacion":1120,"forma_organizativa":"Autogestion","tipo_tratamiento":"FD+Desinfección","algun_tratamiento":1,"cantidad_fuentes":1,"fuente_abastecimiento":"RIO FRAYLE","tipo_fuente":"Superficial","estado_fuentes":"CON FUENTE ASOCIADA"}},{"type":"Feature","geometry":{"type":"Point","coordinates":[-76.21983,3.282778]},"properties":{"id_maestro":"ACUEDUCTO_0314","codigo_actual":"1633","codigo_anterior":"31392","codigo_muestreo":32502,"municipio":"FLORIDA","aro":"Sur Cali","ambito":"Rural","tipo_sistema":"CENTRO POBLADO","prestador":"ASOCIACION DE USUARIOS DEL ACUEDUCTO Y/O ALCANTARILLADO Y/O ASEO ACUALLANITO E.S.P","localidades":"EL LLANITO,CAÑAS ARRIBA,SIMON BOLIVAR","suscriptores":500,"poblacion":0,"forma_organizativa":"Autogestion","tipo_tratamiento":"FD+Desinfección","algun_tratamiento":1,"cantidad_fuentes":2,"fuente_abastecimiento":"EL ADAN, PAZ DE LAS CAÑITAS","tipo_fuente":"Superficial","estado_fuentes":"CON FUENTE ASOCIADA"}},{"type":"Feature","geometry":{"type":"Point","coordinates":[-76.20211,3.248806]},"properties":{"id_maestro":"ACUEDUCTO_0315","codigo_actual":"14295","codigo_anterior":"104021","codigo_muestreo":99598,"municipio":"FLORIDA","aro":"Sur Cali","ambito":"Rural","tipo_sistema":"DISPERSA","prestador":"JUNTA ADMINISTRADORA DE ACUEDUCTO SANTODOMINGO PARTE BAJA","localidades":"SANTODOMINGO PARTE BAJA","suscriptores":50,"poblacion":200,"forma_organizativa":"Autogestion","tipo_tratamiento":"Solo desinfección","algun_tratamiento":"","cantidad_fuentes":1,"fuente_abastecimiento":"QUEBRADA EL BERRACAL","tipo_fuente":"Superficial","estado_fuentes":"CON FUENTE ASOCIADA"}},{"type":"Feature","geometry":{"type":"Point","coordinates":[-76.19108,3.257806]},"properties":{"id_maestro":"ACUEDUCTO_0316","codigo_actual":"SD","codigo_anterior":"103024","codigo_muestreo":99599,"municipio":"FLORIDA","aro":"Sur Cali","ambito":"Rural","tipo_sistema":"DISPERSA","prestador":"JUNTA ADMINISTRADORA DEL ACUEDUCTO DEL CORREGIMIENTO PUEBLO NUEVO - PROAGUA ESP","localidades":"PUEBLO NUEVO","suscriptores":54,"poblacion":216,"forma_organizativa":"Autogestion","tipo_tratamiento":"Ninguno","algun_tratamiento":"","cantidad_fuentes":0,"fuente_abastecimiento":"","tipo_fuente":"","estado_fuentes":"SIN FUENTE ASOCIADA"}},{"type":"Feature","geometry":{"type":"Point","coordinates":[-76.21744,3.311889]},"properties":{"id_maestro":"ACUEDUCTO_0317","codigo_actual":"116","codigo_anterior":"37018","codigo_muestreo":32494,"municipio":"FLORIDA","aro":"Sur Cali","ambito":"Rural","tipo_sistema":"CENTRO POBLADO","prestador":"JUNTA DE ACCION COMUNAL EL PEDREGAL E.S.P. SEGUNDA ETAPA ESP","localidades":"EL PEDREGAL 2","suscriptores":155,"poblacion":620,"forma_organizativa":"Autogestion","tipo_tratamiento":"Solo desinfección","algun_tratamiento":"","cantidad_fuentes":1,"fuente_abastecimiento":"RIO FRAYLE","tipo_fuente":"Superficial","estado_fuentes":"CON FUENTE ASOCIADA"}},{"type":"Feature","geometry":{"type":"Point","coordinates":[-76.29328,3.311889]},"properties":{"id_maestro":"ACUEDUCTO_0318","codigo_actual":"43","codigo_anterior":"36332","codigo_muestreo":28248,"municipio":"FLORIDA","aro":"Sur Cali","ambito":"Urbano","tipo_sistema":"CABECERA MUNICIPAL","prestador":"SOCIEDAD DE ACUEDUCTOS Y ALCANTARILLADOS DEL VALLE DEL CAUCA S.A. E.S.P. ACUAVALLE S.A. E.S.P. - FLORIDA","localidades":"URBANO FLORIDA,SAN ANTONIO DE LOS CABALLEROS, EL REMOLINO, CHOCOCITO, TARRAGON ALTO, TARRAGONA BAJO, CAÑAS ABAJO, PEDRO DIAZ, LA ACEQUIA","suscriptores":15902,"poblacion":61858,"forma_organizativa":"Empresa de Servicios Púplicos","tipo_tratamiento":"Convencional","algun_tratamiento":1,"cantidad_fuentes":1,"fuente_abastecimiento":"RIO FRAYLE","tipo_fuente":"Superficial","estado_fuentes":"CON FUENTE ASOCIADA"}},{"type":"Feature","geometry":{"type":"Point","coordinates":[-76.23222,3.754231]},"properties":{"id_maestro":"ACUEDUCTO_0319","codigo_actual":"11159","codigo_anterior":"127149","codigo_muestreo":124170,"municipio":"GINEBRA","aro":"Sur Cali","ambito":"Rural","tipo_sistema":"DISPERSA","prestador":"ACUEDUCTO BARRIO EL JARDIN - CORREGIMIENTO COSTA RICA","localidades":"BARRIO EL JARDÍN","suscriptores":33,"poblacion":132,"forma_organizativa":"Autogestion","tipo_tratamiento":"Filtración Compacta","algun_tratamiento":1,"cantidad_fuentes":1,"fuente_abastecimiento":"NACIMIENTO EL PIÑAL","tipo_fuente":"Subterránea","estado_fuentes":"CON FUENTE ASOCIADA"}},{"type":"Feature","geometry":{"type":"Point","coordinates":[-76.18645,3.765131]},"properties":{"id_maestro":"ACUEDUCTO_0320","codigo_actual":"2876","codigo_anterior":"104287","codigo_muestreo":124301,"municipio":"GINEBRA","aro":"Sur Cali","ambito":"Rural","tipo_sistema":"DISPERSA","prestador":"ACUEDUCTO CAMPOALEGRE","localidades":"CAMPOALEGRE","suscriptores":61,"poblacion":0,"forma_organizativa":"Autogestion","tipo_tratamiento":"Ninguno","algun_tratamiento":"","cantidad_fuentes":1,"fuente_abastecimiento":"QUEBRADA TAMBOR Y LA CECILIA","tipo_fuente":"Superficial","estado_fuentes":"CON FUENTE ASOCIADA"}},{"type":"Feature","geometry":{"type":"Point","coordinates":[-76.20324,3.763706]},"properties":{"id_maestro":"ACUEDUCTO_0321","codigo_actual":"2880","codigo_anterior":"121406","codigo_muestreo":121976,"municipio":"GINEBRA","aro":"Sur Cali","ambito":"Rural","tipo_sistema":"DISPERSA","prestador":"ACUEDUCTO COMUNITARIO ALTAMIRA","localidades":"ALTAMIRA","suscriptores":9,"poblacion":36,"forma_organizativa":"Autogestion","tipo_tratamiento":"Ninguno","algun_tratamiento":"","cantidad_fuentes":1,"fuente_abastecimiento":"NACIMIENTO ALTAMIRA","tipo_fuente":"Subterránea","estado_fuentes":"CON FUENTE ASOCIADA"}},{"type":"Feature","geometry":{"type":"Point","coordinates":[-76.20379,3.765994]},"properties":{"id_maestro":"ACUEDUCTO_0322","codigo_actual":"2881","codigo_anterior":"114168","codigo_muestreo":114169,"municipio":"GINEBRA","aro":"Sur Cali","ambito":"Rural","tipo_sistema":"DISPERSA","prestador":"ACUEDUCTO COMUNITARIO CANAIMA","localidades":"CANAIMA","suscriptores":22,"poblacion":88,"forma_organizativa":"Autogestion","tipo_tratamiento":"Ninguno","algun_tratamiento":"","cantidad_fuentes":1,"fuente_abastecimiento":"QUEBRADA LA CHORRERA","tipo_fuente":"Superficial","estado_fuentes":"CON FUENTE ASOCIADA"}},{"type":"Feature","geometry":{"type":"Point","coordinates":[-76.19817,3.784583]},"properties":{"id_maestro":"ACUEDUCTO_0323","codigo_actual":"18314","codigo_anterior":"121407","codigo_muestreo":119129,"municipio":"GINEBRA","aro":"Sur Cali","ambito":"Rural","tipo_sistema":"DISPERSA","prestador":"ACUEDUCTO COMUNITARIO VEREDA MORAVIA","localidades":"MORAVIA","suscriptores":26,"poblacion":104,"forma_organizativa":"Autogestion","tipo_tratamiento":"Ninguno","algun_tratamiento":"","cantidad_fuentes":1,"fuente_abastecimiento":"QUEBRADA LA CHORRERA","tipo_fuente":"Superficial","estado_fuentes":"CON FUENTE ASOCIADA"}},{"type":"Feature","geometry":{"type":"Point","coordinates":[-76.24138,3.729383]},"properties":{"id_maestro":"ACUEDUCTO_0324","codigo_actual":"6844","codigo_anterior":"147289","codigo_muestreo":143093,"municipio":"GINEBRA","aro":"Sur Cali","ambito":"Rural","tipo_sistema":"CENTRO POBLADO","prestador":"ACUEDUCTO LA MARIA - GINEBRA","localidades":"LA MARIA","suscriptores":35,"poblacion":140,"forma_organizativa":"Autogestion","tipo_tratamiento":"Ninguno","algun_tratamiento":"","cantidad_fuentes":1,"fuente_abastecimiento":"QUEBRADA LA MARIA","tipo_fuente":"Superficial","estado_fuentes":"CON FUENTE ASOCIADA"}},{"type":"Feature","geometry":{"type":"Point","coordinates":[-76.17742,3.733639]},"properties":{"id_maestro":"ACUEDUCTO_0325","codigo_actual":"2874","codigo_anterior":"110067","codigo_muestreo":119137,"municipio":"GINEBRA","aro":"Sur Cali","ambito":"Rural","tipo_sistema":"DISPERSA","prestador":"ASOCIACIÓN COMUNITARIA ADMINISTRADORA DEL SERVICIO DE ACUEDUCTO VEREDA COMINAL","localidades":"COMINAL","suscriptores":25,"poblacion":100,"forma_organizativa":"Autogestion","tipo_tratamiento":"Ninguno","algun_tratamiento":"","cantidad_fuentes":1,"fuente_abastecimiento":"QUEBRADA LAS VIOLETAS","tipo_fuente":"Superficial","estado_fuentes":"CON FUENTE ASOCIADA"}},{"type":"Feature","geometry":{"type":"Point","coordinates":[-76.23164,3.752861]},"properties":{"id_maestro":"ACUEDUCTO_0326","codigo_actual":"10438","codigo_anterior":"122748","codigo_muestreo":118459,"municipio":"GINEBRA","aro":"Sur Cali","ambito":"Rural","tipo_sistema":"DISPERSA","prestador":"ASOCIACION COMUNITARIA DEL SERVICIO DE ACUEDUCTO Y ALCANTARILLADO BARRIO PUEBLO NUEVO, COSTA RICA, GINEBRA, VALLE - JUNCOSERVA","localidades":"BARRIO PUEBLO NUEVO , CASA TESORERA","suscriptores":96,"poblacion":384,"forma_organizativa":"Autogestion","tipo_tratamiento":"Solo desinfección","algun_tratamiento":"","cantidad_fuentes":1,"fuente_abastecimiento":"NACIMIENTO AGUA LINDA","tipo_fuente":"Subterránea","estado_fuentes":"CON FUENTE ASOCIADA"}},{"type":"Feature","geometry":{"type":"Point","coordinates":[-76.17719,3.7467]},"properties":{"id_maestro":"ACUEDUCTO_0327","codigo_actual":"350","codigo_anterior":"87884","codigo_muestreo":106643,"municipio":"GINEBRA","aro":"Sur Cali","ambito":"Rural","tipo_sistema":"DISPERSA","prestador":"ASOCIACIÓN DE USUARIOS ACUEDUCTO COLECTIVO - EL JARDIN","localidades":"EL JARDIN.","suscriptores":39,"poblacion":156,"forma_organizativa":"Autogestion","tipo_tratamiento":"Soluciones_Individuales","algun_tratamiento":"","cantidad_fuentes":2,"fuente_abastecimiento":"QUEBRADA EL SILENCIO, NACIMIENTO EL PIÑAL","tipo_fuente":"Superficial-Subterránea","estado_fuentes":"CON FUENTE ASOCIADA"}},{"type":"Feature","geometry":{"type":"Point","coordinates":[-76.20577,3.778761]},"properties":{"id_maestro":"ACUEDUCTO_0328","codigo_actual":"2884","codigo_anterior":"121404","codigo_muestreo":119134,"municipio":"GINEBRA","aro":"Sur Cali","ambito":"Rural","tipo_sistema":"DISPERSA","prestador":"ASOCIACION DE USUARIOS DEL ACUEDUCTO DE LA VEREDA LA CASCADA, GINEBRA VALLE EN LIQUIDACION - ASUALCA","localidades":"LA CASCADA","suscriptores":80,"poblacion":320,"forma_organizativa":"Autogestion","tipo_tratamiento":"Solo desinfección","algun_tratamiento":"","cantidad_fuentes":1,"fuente_abastecimiento":"NACIMIENTO LA CASCADA","tipo_fuente":"Subterránea","estado_fuentes":"CON FUENTE ASOCIADA"}},{"type":"Feature","geometry":{"type":"Point","coordinates":[-76.20719,3.746417]},"properties":{"id_maestro":"ACUEDUCTO_0329","codigo_actual":"349","codigo_anterior":"67235","codigo_muestreo":66920,"municipio":"GINEBRA","aro":"Sur Cali","ambito":"Rural","tipo_sistema":"DISPERSA","prestador":"ASOCIACION DE USUARIOS DEL ACUEDUCTO DEL CORREGIMIENTO LA SELVA. ASUACLAS","localidades":"LA SELVA","suscriptores":98,"poblacion":384,"forma_organizativa":"Autogestion","tipo_tratamiento":"Ninguno","algun_tratamiento":"","cantidad_fuentes":1,"fuente_abastecimiento":"QUEBRADA HOJAS ANCHAS","tipo_fuente":"Superficial","estado_fuentes":"CON FUENTE ASOCIADA"}},{"type":"Feature","geometry":{"type":"Point","coordinates":[-76.23744,3.73585]},"properties":{"id_maestro":"ACUEDUCTO_0330","codigo_actual":"3042","codigo_anterior":"67172","codigo_muestreo":106142,"municipio":"GINEBRA","aro":"Sur Cali","ambito":"Rural","tipo_sistema":"CENTRO POBLADO","prestador":"ASOCIACION DE USUARIOS DEL SERVICIO DE AGUA POTABLE ALCANTARILLADO ASEO COSTA RICA-GINEBRA-ASUALCAN","localidades":"COSTA RICA.","suscriptores":1300,"poblacion":5200,"forma_organizativa":"Empresa de Servicios Púplicos","tipo_tratamiento":"Planta Modular","algun_tratamiento":1,"cantidad_fuentes":0,"fuente_abastecimiento":"","tipo_fuente":"","estado_fuentes":"SIN FUENTE ASOCIADA"}},{"type":"Feature","geometry":{"type":"Point","coordinates":[-76.21821,3.732781]},"properties":{"id_maestro":"ACUEDUCTO_0331","codigo_actual":"6836","codigo_anterior":"66827","codigo_muestreo":66882,"municipio":"GINEBRA","aro":"Sur Cali","ambito":"Rural","tipo_sistema":"DISPERSA","prestador":"ASOCIACION JUNTA ADMINISTRADORA DEL ACUEDUCTO DE LA VEREDA PATIO BONITO","localidades":"PATIO BONITO","suscriptores":78,"poblacion":312,"forma_organizativa":"Autogestion","tipo_tratamiento":"FIME","algun_tratamiento":1,"cantidad_fuentes":2,"fuente_abastecimiento":"QUEBRADA JERICÓ, QUEBRADA PAPURRINAS","tipo_fuente":"Superficial","estado_fuentes":"CON FUENTE ASOCIADA"}},{"type":"Feature","geometry":{"type":"Point","coordinates":[-76.20067,3.763647]},"properties":{"id_maestro":"ACUEDUCTO_0332","codigo_actual":"2877","codigo_anterior":"66826","codigo_muestreo":66885,"municipio":"GINEBRA","aro":"Sur Cali","ambito":"Rural","tipo_sistema":"DISPERSA","prestador":"ASOCIACION USUARIOS ACUEDUCTO RURAL COMUNITARIO COCUYOS","localidades":"COCUYOS.","suscriptores":76,"poblacion":304,"forma_organizativa":"Autogestion","tipo_tratamiento":"Filtración Compacta","algun_tratamiento":1,"cantidad_fuentes":2,"fuente_abastecimiento":"QUEBRADA CAMPOALEGRE, QUEBRADA MIRAFLORES","tipo_fuente":"Superficial","estado_fuentes":"CON FUENTE ASOCIADA"}},{"type":"Feature","geometry":{"type":"Point","coordinates":[-76.16402,3.757531]},"properties":{"id_maestro":"ACUEDUCTO_0333","codigo_actual":"19124","codigo_anterior":"127141","codigo_muestreo":124300,"municipio":"GINEBRA","aro":"Sur Cali","ambito":"Rural","tipo_sistema":"DISPERSA","prestador":"COMITE DE PRO ACUEDUCTO PORTUGAL BAJO","localidades":"PORTUGAL PARTE BAJA","suscriptores":18,"poblacion":72,"forma_organizativa":"Autogestion","tipo_tratamiento":"Solo desinfección","algun_tratamiento":"","cantidad_fuentes":1,"fuente_abastecimiento":"NACIMIENTO FINCA LOS LOPEZ","tipo_fuente":"Subterránea","estado_fuentes":"CON FUENTE ASOCIADA"}},{"type":"Feature","geometry":{"type":"Point","coordinates":[-76.19239,3.722769]},"properties":{"id_maestro":"ACUEDUCTO_0334","codigo_actual":"2875","codigo_anterior":"112843","codigo_muestreo":106646,"municipio":"GINEBRA","aro":"Sur Cali","ambito":"Rural","tipo_sistema":"DISPERSA","prestador":"FLAUTAS AGUAS E.S.P. S.A","localidades":"FLAUTAS","suscriptores":54,"poblacion":216,"forma_organizativa":"Autogestion","tipo_tratamiento":"Soluciones_Individuales (50%)","algun_tratamiento":"","cantidad_fuentes":1,"fuente_abastecimiento":"QUEBRADA EL RINCON SANTO","tipo_fuente":"Superficial","estado_fuentes":"CON FUENTE ASOCIADA"}},{"type":"Feature","geometry":{"type":"Point","coordinates":[-76.16472,3.773839]},"properties":{"id_maestro":"ACUEDUCTO_0335","codigo_actual":"352","codigo_anterior":"66918","codigo_muestreo":66884,"municipio":"GINEBRA","aro":"Sur Cali","ambito":"Rural","tipo_sistema":"DISPERSA","prestador":"JUNTA ADMINISTRADORA ACUEDUCTO DE JUNTAS","localidades":"JUNTAS","suscriptores":32,"poblacion":128,"forma_organizativa":"Autogestion","tipo_tratamiento":"Filtración Compacta","algun_tratamiento":1,"cantidad_fuentes":1,"fuente_abastecimiento":"QUEBRADA LA CHORRERA","tipo_fuente":"Superficial","estado_fuentes":"CON FUENTE ASOCIADA"}},{"type":"Feature","geometry":{"type":"Point","coordinates":[-76.23867,3.722414]},"properties":{"id_maestro":"ACUEDUCTO_0336","codigo_actual":"6523","codigo_anterior":"66984","codigo_muestreo":66899,"municipio":"GINEBRA","aro":"Sur Cali","ambito":"Rural","tipo_sistema":"DISPERSA","prestador":"JUNTA ADMINISTRADORA ACUEDUCTO LOMA GORDA","localidades":"LOMA GORDA","suscriptores":66,"poblacion":264,"forma_organizativa":"Autogestion","tipo_tratamiento":"Filtración Compacta","algun_tratamiento":1,"cantidad_fuentes":1,"fuente_abastecimiento":"QUEBRADA POPURRINAS","tipo_fuente":"Superficial","estado_fuentes":"CON FUENTE ASOCIADA"}},{"type":"Feature","geometry":{"type":"Point","coordinates":[-76.17096,3.758731]},"properties":{"id_maestro":"ACUEDUCTO_0337","codigo_actual":"353","codigo_anterior":"143790","codigo_muestreo":132177,"municipio":"GINEBRA","aro":"Sur Cali","ambito":"Rural","tipo_sistema":"DISPERSA","prestador":"JUNTA ADMINISTRADORA ACUEDUCTO RURAL BETANIA","localidades":"BETANIA","suscriptores":22,"poblacion":88,"forma_organizativa":"Autogestion","tipo_tratamiento":"Ninguno","algun_tratamiento":"","cantidad_fuentes":1,"fuente_abastecimiento":"QUEBRADA EL PARAGUA","tipo_fuente":"Superficial","estado_fuentes":"CON FUENTE ASOCIADA"}},{"type":"Feature","geometry":{"type":"Point","coordinates":[-76.19916,3.713947]},"properties":{"id_maestro":"ACUEDUCTO_0338","codigo_actual":"348","codigo_anterior":"66916","codigo_muestreo":106648,"municipio":"GINEBRA","aro":"Sur Cali","ambito":"Rural","tipo_sistema":"DISPERSA","prestador":"JUNTA ADMINISTRADORA ACUEDUCTO VALLENOBA","localidades":"BARRANCO ALTO (50), NOVILLERA (33), VALLEDUPAR (43)","suscriptores":140,"poblacion":560,"forma_organizativa":"Autogestion","tipo_tratamiento":"Filtración Compacta","algun_tratamiento":1,"cantidad_fuentes":1,"fuente_abastecimiento":"NACIMIENTO EL DIAMANTE","tipo_fuente":"Subterránea","estado_fuentes":"CON FUENTE ASOCIADA"}},{"type":"Feature","geometry":{"type":"Point","coordinates":[-76.24111,3.687772]},"properties":{"id_maestro":"ACUEDUCTO_0339","codigo_actual":"6829","codigo_anterior":"67419","codigo_muestreo":66886,"municipio":"GINEBRA","aro":"Sur Cali","ambito":"Rural","tipo_sistema":"DISPERSA","prestador":"JUNTA ADMINISTRADORA DE ACUEDUCTO LA CUESTA LA NOVILLERA","localidades":"SABALETAS (5), LACUESTA (52), NOVILLERA (28)","suscriptores":110,"poblacion":440,"forma_organizativa":"Autogestion","tipo_tratamiento":"FIME","algun_tratamiento":1,"cantidad_fuentes":1,"fuente_abastecimiento":"RIO ZABALETAS","tipo_fuente":"Superficial","estado_fuentes":"CON FUENTE ASOCIADA"}},{"type":"Feature","geometry":{"type":"Point","coordinates":[-76.18792,3.6895]},"properties":{"id_maestro":"ACUEDUCTO_0340","codigo_actual":"347","codigo_anterior":"67724","codigo_muestreo":122026,"municipio":"GINEBRA","aro":"Sur Cali","ambito":"Rural","tipo_sistema":"DISPERSA","prestador":"JUNTA ADMINISTRADORA DEL ACUEDUCTO LOS MEDIOS ASOMEDIOS","localidades":"LOS MEDIOS","suscriptores":35,"poblacion":145,"forma_organizativa":"Autogestion","tipo_tratamiento":"Ninguno","algun_tratamiento":"","cantidad_fuentes":1,"fuente_abastecimiento":"NACIMIENTO EL POLEAL","tipo_fuente":"Subterránea","estado_fuentes":"CON FUENTE ASOCIADA"}},{"type":"Feature","geometry":{"type":"Point","coordinates":[-76.13538,3.776097]},"properties":{"id_maestro":"ACUEDUCTO_0341","codigo_actual":"351","codigo_anterior":"110951","codigo_muestreo":106632,"municipio":"GINEBRA","aro":"Sur Cali","ambito":"Rural","tipo_sistema":"DISPERSA","prestador":"JUNTA DE ACCIÓN COMUNAL VEREDA LAS HERMOSAS.","localidades":"LAS HERMOSAS","suscriptores":18,"poblacion":72,"forma_organizativa":"Autogestion","tipo_tratamiento":"Ninguno","algun_tratamiento":"","cantidad_fuentes":1,"fuente_abastecimiento":"QUEBRADA CANTA RANA","tipo_fuente":"Superficial","estado_fuentes":"CON FUENTE ASOCIADA"}},{"type":"Feature","geometry":{"type":"Point","coordinates":[-76.23633,3.706281]},"properties":{"id_maestro":"ACUEDUCTO_0342","codigo_actual":"6525","codigo_anterior":"66917","codigo_muestreo":66900,"municipio":"GINEBRA","aro":"Sur Cali","ambito":"Rural","tipo_sistema":"DISPERSA","prestador":"LA ASOCIACION DE USUARIOS DEL SERVICIO DE ACUEDUCTO DE LA VEREDA BARRANCO BAJO - MUNICIPIO DE GINEBRA - VALLE. ASUABA.","localidades":"BARRANCO BAJO","suscriptores":115,"poblacion":460,"forma_organizativa":"Empresa de Servicios Púplicos","tipo_tratamiento":"Filtración Compacta","algun_tratamiento":1,"cantidad_fuentes":0,"fuente_abastecimiento":"","tipo_fuente":"","estado_fuentes":"SIN FUENTE ASOCIADA"}},{"type":"Feature","geometry":{"type":"Point","coordinates":[-76.30033,3.724]},"properties":{"id_maestro":"ACUEDUCTO_0343","codigo_actual":"38","codigo_anterior":"70675","codigo_muestreo":66633,"municipio":"GINEBRA","aro":"Sur Cali","ambito":"Urbano","tipo_sistema":"CABECERA MUNICIPAL","prestador":"SOCIEDAD DE ACUEDUCTOS Y ALCANTARILLADOS DEL VALLE DEL CAUCA S.A. E.S.P. ACUAVALLE S.A. E.S.P. - GINEBRA","localidades":"URBANO, LA FLORESTA, VILLAVANEGAS, LA CRUZ, LOS SAUCES, EL GUABITO, COSTARICA, MOSOCO","suscriptores":5290,"poblacion":21160,"forma_organizativa":"Empresa de Servicios Púplicos","tipo_tratamiento":"Convencional","algun_tratamiento":1,"cantidad_fuentes":1,"fuente_abastecimiento":"RIO GUABAS","tipo_fuente":"Superficial","estado_fuentes":"CON FUENTE ASOCIADA"}},{"type":"Feature","geometry":{"type":"Point","coordinates":[-76.21327,3.797458]},"properties":{"id_maestro":"ACUEDUCTO_0344","codigo_actual":null,"codigo_anterior":"59615","codigo_muestreo":112830,"municipio":"GUACARÍ","aro":"Sur Cali","ambito":"Rural","tipo_sistema":"DISPERSA","prestador":"ASOCIACION ACUEDUCTO LA CASCADA","localidades":"LA MAGDALENA","suscriptores":28,"poblacion":112,"forma_organizativa":"Autogestion","tipo_tratamiento":"Solo desinfección","algun_tratamiento":"","cantidad_fuentes":1,"fuente_abastecimiento":"QUEBRADA LA MAGDALENA","tipo_fuente":"Superficial","estado_fuentes":"CON FUENTE ASOCIADA"}},{"type":"Feature","geometry":{"type":"Point","coordinates":[-76.22817,3.786111]},"properties":{"id_maestro":"ACUEDUCTO_0345","codigo_actual":"1391","codigo_anterior":"59620","codigo_muestreo":112841,"municipio":"GUACARÍ","aro":"Sur Cali","ambito":"Rural","tipo_sistema":"CENTRO POBLADO","prestador":"ASOCIACION ADMINISTRADORA DEL ACUEDUCTO RURAL COMUNITARIO ACUASALUD PUENTE ROJO - ACUAPUERO","localidades":"PUENTE ROJO","suscriptores":350,"poblacion":1400,"forma_organizativa":"Empresa de Servicios Púplicos","tipo_tratamiento":"Solo desinfección","algun_tratamiento":"","cantidad_fuentes":0,"fuente_abastecimiento":"","tipo_fuente":"","estado_fuentes":"SIN FUENTE ASOCIADA"}},{"type":"Feature","geometry":{"type":"Point","coordinates":[-76.28214,3.766931]},"properties":{"id_maestro":"ACUEDUCTO_0346","codigo_actual":"1393","codigo_anterior":"115056","codigo_muestreo":106618,"municipio":"GUACARÍ","aro":"Sur Cali","ambito":"Rural","tipo_sistema":"CENTRO POBLADO","prestador":"ASOCIACION COMUNITARIA ADMINISTRADORA DEL ACUEDUCTO DE LA VEREDA EL PLACER, GUACARI - ACOPLA","localidades":"EL PLACER","suscriptores":81,"poblacion":324,"forma_organizativa":"Autogestion","tipo_tratamiento":"Filtración Compacta","algun_tratamiento":1,"cantidad_fuentes":1,"fuente_abastecimiento":"RIO GUABAS","tipo_fuente":"Superficial","estado_fuentes":"CON FUENTE ASOCIADA"}},{"type":"Feature","geometry":{"type":"Point","coordinates":[-76.23116,3.788542]},"properties":{"id_maestro":"ACUEDUCTO_0347","codigo_actual":"14565","codigo_anterior":"58688","codigo_muestreo":115099,"municipio":"GUACARÍ","aro":"Sur Cali","ambito":"Rural","tipo_sistema":"DISPERSA","prestador":"ASOCIACION DE USUARIOS DEL ACUEDUCTO Y ALCANTARILLADO DE LOS CORREGIMIENTOS DE ALTO DE LA JULIA, LA MAGDALENA Y LA VEREDA DE CHAFA","localidades":"ALTO LA JULIA , LA MAGDALENA , CHAFALOTE","suscriptores":166,"poblacion":664,"forma_organizativa":"Autogestion","tipo_tratamiento":"Solo desinfección","algun_tratamiento":"","cantidad_fuentes":2,"fuente_abastecimiento":"LA CRISTALINA., QUEBRADA LA MAGDALENA","tipo_fuente":"Superficial","estado_fuentes":"CON FUENTE ASOCIADA"}},{"type":"Feature","geometry":{"type":"Point","coordinates":[-76.25703,3.841694]},"properties":{"id_maestro":"ACUEDUCTO_0348","codigo_actual":"3039","codigo_anterior":"101955","codigo_muestreo":106607,"municipio":"GUACARÍ","aro":"Sur Cali","ambito":"Rural","tipo_sistema":"CENTRO POBLADO","prestador":"ASOCIACION SUSCRIPTORES ACUEDUCTO REGIONAL RURAL COMUNITARIO STA ROSA DE TAPIAS, GUACARI. ACUATAPIAS","localidades":"SANTA ROSA, LA TESALIA, ALTO DE TAPIAS, POMARES, ALTO DE GUACAS Y BAJO GUACAS, SAN ANTONIO","suscriptores":591,"poblacion":2364,"forma_organizativa":"Autogestion","tipo_tratamiento":"Filtración Compacta+Soluciones Individuales(Pomares)","algun_tratamiento":"","cantidad_fuentes":1,"fuente_abastecimiento":"QUEBRADA TAPIAS","tipo_fuente":"Superficial","estado_fuentes":"CON FUENTE ASOCIADA"}},{"type":"Feature","geometry":{"type":"Point","coordinates":[-76.23116,3.788542]},"properties":{"id_maestro":"ACUEDUCTO_0349","codigo_actual":"359","codigo_anterior":"132973","codigo_muestreo":null,"municipio":"GUACARÍ","aro":"Sur Cali","ambito":"Rural","tipo_sistema":"DISPERSA","prestador":"ASOJUMACHAGUA","localidades":"CHAFALOTE, ALTO DE LA JULIA, MAGDALENA","suscriptores":140,"poblacion":0,"forma_organizativa":"Autogestion","tipo_tratamiento":"Ninguno","algun_tratamiento":"","cantidad_fuentes":0,"fuente_abastecimiento":"","tipo_fuente":"","estado_fuentes":"SIN FUENTE ASOCIADA"}},{"type":"Feature","geometry":{"type":"Point","coordinates":[-76.27735,3.774303]},"properties":{"id_maestro":"ACUEDUCTO_0350","codigo_actual":"1392","codigo_anterior":"121063","codigo_muestreo":119131,"municipio":"GUACARÍ","aro":"Sur Cali","ambito":"Rural","tipo_sistema":"CENTRO POBLADO","prestador":"INGENIO PICHICHI S.A.","localidades":"PICHICHI , INGENIO PICHICHI.","suscriptores":1,"poblacion":1200,"forma_organizativa":"Autogestion","tipo_tratamiento":"FIME","algun_tratamiento":1,"cantidad_fuentes":1,"fuente_abastecimiento":"QUEBRADA LA MAGDALENA","tipo_fuente":"Superficial","estado_fuentes":"CON FUENTE ASOCIADA"}},{"type":"Feature","geometry":{"type":"Point","coordinates":[-76.32672,3.768]},"properties":{"id_maestro":"ACUEDUCTO_0351","codigo_actual":"39","codigo_anterior":"58655","codigo_muestreo":106151,"municipio":"GUACARÍ","aro":"Sur Cali","ambito":"Urbano","tipo_sistema":"CABECERA MUNICIPAL","prestador":"SOCIEDAD DE ACUEDUCTOS Y ALCANTARILLADOS DEL VALLE DEL CAUCA S.A. E.S.P. ACUAVALLE S.A. E.S.P. - GUACARÍ","localidades":"URBANO, SONSO, GUABAS, GUABITAS, CANANGUA, VILLA NUEVA, GUACAS, ALTO CANANGUA, EL GUABITO","suscriptores":11152,"poblacion":44608,"forma_organizativa":"Empresa de Servicios Púplicos","tipo_tratamiento":"Convencional","algun_tratamiento":1,"cantidad_fuentes":1,"fuente_abastecimiento":"RIO GUABAS","tipo_fuente":"Superficial","estado_fuentes":"CON FUENTE ASOCIADA"}},{"type":"Feature","geometry":{"type":"Point","coordinates":[-76.59676,3.615006]},"properties":{"id_maestro":"ACUEDUCTO_0352","codigo_actual":"16562","codigo_anterior":"135213","codigo_muestreo":133503,"municipio":"LA CUMBRE","aro":"Sur Cali","ambito":"Rural","tipo_sistema":"DISPERSA","prestador":"ACUEDUCTO COMUNIARIO CENTENARIO","localidades":"CENTENARIO","suscriptores":51,"poblacion":204,"forma_organizativa":"Autogestion","tipo_tratamiento":"Ninguno","algun_tratamiento":"","cantidad_fuentes":1,"fuente_abastecimiento":"QUEBRADA CENTENARIO","tipo_fuente":"Subterránea","estado_fuentes":"CON FUENTE ASOCIADA"}},{"type":"Feature","geometry":{"type":"Point","coordinates":[-76.58258,3.59945]},"properties":{"id_maestro":"ACUEDUCTO_0353","codigo_actual":"3670","codigo_anterior":"129449","codigo_muestreo":123158,"municipio":"LA CUMBRE","aro":"Sur Cali","ambito":"Rural","tipo_sistema":"DISPERSA","prestador":"ACUEDUCTO COMUNITARIO EL RETIRO PARTE BAJA","localidades":"EL RETIRO PARTE BAJA","suscriptores":68,"poblacion":272,"forma_organizativa":"Autogestion","tipo_tratamiento":"Solo desinfección","algun_tratamiento":"","cantidad_fuentes":1,"fuente_abastecimiento":"QUEBRADA EL RETIRO","tipo_fuente":"Superficial","estado_fuentes":"CON FUENTE ASOCIADA"}},{"type":"Feature","geometry":{"type":"Point","coordinates":[-76.57239,3.587417]},"properties":{"id_maestro":"ACUEDUCTO_0354","codigo_actual":"110","codigo_anterior":"30200","codigo_muestreo":32458,"municipio":"LA CUMBRE","aro":"Sur Cali","ambito":"Rural","tipo_sistema":"DISPERSA","prestador":"ADMINISTRACION COOPERATIVA LA CUMBRE DAGUA E.S.P.","localidades":"LA CUMBRE: ZARAGOZA, PUENTE PALO, CHICORAL, LOMITAS, GUADALUPE, RINCON SANTO, BELLAVISTA / DAGUA: PA","suscriptores":1730,"poblacion":6920,"forma_organizativa":"Empresa de Servicios Púplicos","tipo_tratamiento":"Solo desinfección","algun_tratamiento":"","cantidad_fuentes":1,"fuente_abastecimiento":"QUEBRADA SANTA ANA","tipo_fuente":"Superficial","estado_fuentes":"CON FUENTE ASOCIADA"}},{"type":"Feature","geometry":{"type":"Point","coordinates":[-76.59947,3.610564]},"properties":{"id_maestro":"ACUEDUCTO_0355","codigo_actual":"1375","codigo_anterior":"33129","codigo_muestreo":32774,"municipio":"LA CUMBRE","aro":"Sur Cali","ambito":"Rural","tipo_sistema":"CENTRO POBLADO","prestador":"ASOCIACION COMUNITARIA ADMINISTRADORA ACUEDUCTO BITACO-ASCABI","localidades":"BITACO","suscriptores":297,"poblacion":1188,"forma_organizativa":"Empresa de Servicios Púplicos","tipo_tratamiento":"Filtración Compacta","algun_tratamiento":1,"cantidad_fuentes":1,"fuente_abastecimiento":"EL SILENCIO","tipo_fuente":"Superficial","estado_fuentes":"CON FUENTE ASOCIADA"}},{"type":"Feature","geometry":{"type":"Point","coordinates":[-76.58583,3.520278]},"properties":{"id_maestro":"ACUEDUCTO_0356","codigo_actual":"107","codigo_anterior":"31840","codigo_muestreo":32748,"municipio":"LA CUMBRE","aro":"Sur Cali","ambito":"Rural","tipo_sistema":"CENTRO POBLADO","prestador":"ASOCIACIÓN COMUNITARIA ADMINISTRADORA DEL ACUEDUCTO DE PAVAS - ACAAPAVAS","localidades":"PAVAS","suscriptores":2116,"poblacion":0,"forma_organizativa":"Empresa de Servicios Púplicos","tipo_tratamiento":"Planta Modular","algun_tratamiento":1,"cantidad_fuentes":0,"fuente_abastecimiento":"","tipo_fuente":"","estado_fuentes":"SIN FUENTE ASOCIADA"}},{"type":"Feature","geometry":{"type":"Point","coordinates":[-76.59375,3.622275]},"properties":{"id_maestro":"ACUEDUCTO_0357","codigo_actual":"1380","codigo_anterior":"34759","codigo_muestreo":32459,"municipio":"LA CUMBRE","aro":"Sur Cali","ambito":"Rural","tipo_sistema":"DISPERSA","prestador":"ASOCIACION COMUNITARIA ALTO SANO EMPRESA DE SERVICIOS PUBLICOS - ASOALTOSANO E.S.P.","localidades":"ALTO SANO","suscriptores":128,"poblacion":512,"forma_organizativa":"Empresa de Servicios Púplicos","tipo_tratamiento":"Solo desinfección","algun_tratamiento":"","cantidad_fuentes":1,"fuente_abastecimiento":"QUEBRADA CENTENARIO","tipo_fuente":"Superficial","estado_fuentes":"CON FUENTE ASOCIADA"}},{"type":"Feature","geometry":{"type":"Point","coordinates":[-76.55694,3.659722]},"properties":{"id_maestro":"ACUEDUCTO_0358","codigo_actual":"104","codigo_anterior":"120854","codigo_muestreo":119772,"municipio":"LA CUMBRE","aro":"Sur Cali","ambito":"Rural","tipo_sistema":"CENTRO POBLADO","prestador":"ASOCIACION DE SUSCRIPTORES DEL ACUEDUCTO DE LA VEREDA PAVITAS - ASOACUEDUCTO PAVITAS","localidades":"PAVITAS","suscriptores":112,"poblacion":448,"forma_organizativa":"Autogestion","tipo_tratamiento":"Solo desinfección","algun_tratamiento":"","cantidad_fuentes":1,"fuente_abastecimiento":"NACIMIENTO LA AMAPOLA","tipo_fuente":"Subterránea","estado_fuentes":"CON FUENTE ASOCIADA"}},{"type":"Feature","geometry":{"type":"Point","coordinates":[-76.60561,3.5815]},"properties":{"id_maestro":"ACUEDUCTO_0359","codigo_actual":"10121","codigo_anterior":"42879","codigo_muestreo":51047,"municipio":"LA CUMBRE","aro":"Sur Cali","ambito":"Rural","tipo_sistema":"DISPERSA","prestador":"ASOCIACION DE SUSCRIPTORES DEL ACUEDUCTO ZARAGOZA, BITACO. AGUAZ","localidades":"ZARAGOZA","suscriptores":60,"poblacion":240,"forma_organizativa":"Autogestion","tipo_tratamiento":"Solo desinfección","algun_tratamiento":"","cantidad_fuentes":1,"fuente_abastecimiento":"BITACO","tipo_fuente":"Superficial","estado_fuentes":"CON FUENTE ASOCIADA"}},{"type":"Feature","geometry":{"type":"Point","coordinates":[-76.58703,3.5729]},"properties":{"id_maestro":"ACUEDUCTO_0360","codigo_actual":"3618","codigo_anterior":"110064","codigo_muestreo":107302,"municipio":"LA CUMBRE","aro":"Sur Cali","ambito":"Rural","tipo_sistema":"DISPERSA","prestador":"ASOCIACION DE USUARIOS ACUEDUCTO CHICORAL ALTO - ASOCHICORAL","localidades":"CHICORAL","suscriptores":75,"poblacion":300,"forma_organizativa":"Autogestion","tipo_tratamiento":"Solo desinfección","algun_tratamiento":"","cantidad_fuentes":1,"fuente_abastecimiento":"NACIMIENTO FINCA LA TAMBOCHA","tipo_fuente":"Subterránea","estado_fuentes":"CON FUENTE ASOCIADA"}},{"type":"Feature","geometry":{"type":"Point","coordinates":[-76.59889,3.609167]},"properties":{"id_maestro":"ACUEDUCTO_0361","codigo_actual":"1372","codigo_anterior":"32188","codigo_muestreo":34705,"municipio":"LA CUMBRE","aro":"Sur Cali","ambito":"Rural","tipo_sistema":"CENTRO POBLADO","prestador":"ASOCIACION DE USUARIOS ANTIGUO ACUEDUCTO BITACO - SUANABIT","localidades":"BITACO","suscriptores":94,"poblacion":376,"forma_organizativa":"Autogestion","tipo_tratamiento":"Solo desinfección","algun_tratamiento":"","cantidad_fuentes":1,"fuente_abastecimiento":"QUEBRADA ZARAGOZA","tipo_fuente":"Superficial","estado_fuentes":"CON FUENTE ASOCIADA"}},{"type":"Feature","geometry":{"type":"Point","coordinates":[-76.59754,3.68895]},"properties":{"id_maestro":"ACUEDUCTO_0362","codigo_actual":"108","codigo_anterior":"40369","codigo_muestreo":51044,"municipio":"LA CUMBRE","aro":"Sur Cali","ambito":"Rural","tipo_sistema":"DISPERSA","prestador":"ASOCIACION DE USUARIOS DEL ACUEDUCTO DE PARRAGA","localidades":"PARRAGA, MORALES","suscriptores":223,"poblacion":892,"forma_organizativa":"Empresa de Servicios Púplicos","tipo_tratamiento":"Filtración Compacta","algun_tratamiento":1,"cantidad_fuentes":1,"fuente_abastecimiento":"NACIMIENTO CHARCO DEL DIABLO","tipo_fuente":"Subterránea","estado_fuentes":"CON FUENTE ASOCIADA"}},{"type":"Feature","geometry":{"type":"Point","coordinates":[-76.58278,3.613664]},"properties":{"id_maestro":"ACUEDUCTO_0363","codigo_actual":"1378","codigo_anterior":"40368","codigo_muestreo":32460,"municipio":"LA CUMBRE","aro":"Sur Cali","ambito":"Rural","tipo_sistema":"DISPERSA","prestador":"ASOCIACION DE USUARIOS DEL ACUEDUCTO DE SANTA FE DEL MUNICIPIO DE LA CUMBRE","localidades":"SANTA FE","suscriptores":120,"poblacion":480,"forma_organizativa":"Autogestion","tipo_tratamiento":"Soluciones_Individuales","algun_tratamiento":1,"cantidad_fuentes":1,"fuente_abastecimiento":"QUEBRADA CENTENARIO","tipo_fuente":"Superficial","estado_fuentes":"CON FUENTE ASOCIADA"}},{"type":"Feature","geometry":{"type":"Point","coordinates":[-76.59156,3.653417]},"properties":{"id_maestro":"ACUEDUCTO_0364","codigo_actual":"3957","codigo_anterior":"41030","codigo_muestreo":32769,"municipio":"LA CUMBRE","aro":"Sur Cali","ambito":"Rural","tipo_sistema":"CENTRO POBLADO","prestador":"ASOCIACION DE USUARIOS DEL ACUEDUCTO VEREDAL UNIDO DEL CRGTO DE JIGUALES - ASOJIGUA","localidades":"JIGUALES,EL CARMEN,AGUACATAL,LA CUCHILLA,CORDOBITAS","suscriptores":520,"poblacion":2080,"forma_organizativa":"Empresa de Servicios Púplicos","tipo_tratamiento":"Filtración Compacta","algun_tratamiento":1,"cantidad_fuentes":0,"fuente_abastecimiento":"","tipo_fuente":"","estado_fuentes":"SIN FUENTE ASOCIADA"}},{"type":"Feature","geometry":{"type":"Point","coordinates":[-76.6435,3.688389]},"properties":{"id_maestro":"ACUEDUCTO_0366","codigo_actual":"1401","codigo_anterior":"37556","codigo_muestreo":33140,"municipio":"DAGUA","aro":"Sur Cali","ambito":"Rural","tipo_sistema":"CENTRO POBLADO","prestador":"CORPORACIÓN REGIONAL DE ACUEDUCTO ALCANTARILLADO Y SERVICIOS DE SANEAMIENTO BÁSICO MARIA PIÑAL - CORABASE-E.S.P.","localidades":"LA MARÍA 430 (LA CUMBRE), EL PIÑAL 665 (DAGUA).","suscriptores":400,"poblacion":1600,"forma_organizativa":"Autogestion","tipo_tratamiento":"Solo desinfección","algun_tratamiento":"","cantidad_fuentes":0,"fuente_abastecimiento":"","tipo_fuente":"","estado_fuentes":"SIN FUENTE ASOCIADA"}},{"type":"Feature","geometry":{"type":"Point","coordinates":[-76.59284,3.571744]},"properties":{"id_maestro":"ACUEDUCTO_0367","codigo_actual":"3666","codigo_anterior":"120698","codigo_muestreo":107293,"municipio":"LA CUMBRE","aro":"Sur Cali","ambito":"Rural","tipo_sistema":"DISPERSA","prestador":"FUNDACION ECOLOGICA DE CHICORAL - FUNDECORAL","localidades":"CHICORAL","suscriptores":72,"poblacion":288,"forma_organizativa":"Autogestion","tipo_tratamiento":"Ninguno","algun_tratamiento":"","cantidad_fuentes":1,"fuente_abastecimiento":"QUEBRADA LA TAMBOCHA","tipo_fuente":"Superficial","estado_fuentes":"CON FUENTE ASOCIADA"}},{"type":"Feature","geometry":{"type":"Point","coordinates":[-76.59056,3.600556]},"properties":{"id_maestro":"ACUEDUCTO_0368","codigo_actual":"3671","codigo_anterior":"124273","codigo_muestreo":123157,"municipio":"LA CUMBRE","aro":"Sur Cali","ambito":"Rural","tipo_sistema":"DISPERSA","prestador":"INSTITUCION EDUCATIVA LA LIBERTAD ACUEDUCTO EL RETIRO","localidades":"INSTITUCIÓN EDUCATIVA LA LIBERTAD","suscriptores":1,"poblacion":180,"forma_organizativa":"Autogestion","tipo_tratamiento":"Planta Modular","algun_tratamiento":1,"cantidad_fuentes":1,"fuente_abastecimiento":"QUEBRADA LOS ALPES","tipo_fuente":"Superficial","estado_fuentes":"CON FUENTE ASOCIADA"}},{"type":"Feature","geometry":{"type":"Point","coordinates":[-76.57561,3.660306]},"properties":{"id_maestro":"ACUEDUCTO_0369","codigo_actual":"105","codigo_anterior":"31839","codigo_muestreo":32771,"municipio":"LA CUMBRE","aro":"Sur Cali","ambito":"Rural","tipo_sistema":"CENTRO POBLADO","prestador":"JUARCO- JUNTA DEL ACUEDUCTO DE LAS VEREDAS ARBOLEDAS Y CORDOBITAS DEL MUNICIPIO DE LA CUMBRE","localidades":"ARBOLEDAS,CORDOBITAS","suscriptores":237,"poblacion":948,"forma_organizativa":"Empresa de Servicios Púplicos","tipo_tratamiento":"Filtración Compacta","algun_tratamiento":1,"cantidad_fuentes":0,"fuente_abastecimiento":"","tipo_fuente":"","estado_fuentes":"SIN FUENTE ASOCIADA"}},{"type":"Feature","geometry":{"type":"Point","coordinates":[-76.58896,3.595878]},"properties":{"id_maestro":"ACUEDUCTO_0370","codigo_actual":"2862","codigo_anterior":"120696","codigo_muestreo":119777,"municipio":"LA CUMBRE","aro":"Sur Cali","ambito":"Rural","tipo_sistema":"DISPERSA","prestador":"JUNTA ADMINISTRADORA ACUEDUCTO VEREDA EL DIAMANTE","localidades":"EL DIAMANTE","suscriptores":22,"poblacion":88,"forma_organizativa":"Autogestion","tipo_tratamiento":"Ninguno","algun_tratamiento":"","cantidad_fuentes":2,"fuente_abastecimiento":"NACIMIENTO FINCA LOS PINOS ALTOS, QUEBRADA EL DIAMANTE","tipo_fuente":"Superficial-Subterránea","estado_fuentes":"CON FUENTE ASOCIADA"}},{"type":"Feature","geometry":{"type":"Point","coordinates":[-76.52969,3.6855]},"properties":{"id_maestro":"ACUEDUCTO_0371","codigo_actual":"21651","codigo_anterior":"43206","codigo_muestreo":51867,"municipio":"LA CUMBRE","aro":"Sur Cali","ambito":"Rural","tipo_sistema":"DISPERSA","prestador":"ASOCIACION DE USUARIO DEL SERVICIO DEL ACUEDUCTO V.E.R.S.A. DE LAS VEREDAS,SAN JOSE Y AGUA CLARA MUNICIPIO DE YUMBO LA CUMBRE - ACUEDUCTO VERSA","localidades":"SAN JOSÉ Y AGUA CLARA.","suscriptores":35,"poblacion":140,"forma_organizativa":"Autogestion","tipo_tratamiento":"Ninguno","algun_tratamiento":"","cantidad_fuentes":2,"fuente_abastecimiento":"NACIMIENTO LA CRISTALINA, NACIMIENTO LA ESMERALDA","tipo_fuente":"Subterránea","estado_fuentes":"CON FUENTE ASOCIADA"}},{"type":"Feature","geometry":{"type":"Point","coordinates":[-76.57813,3.600639]},"properties":{"id_maestro":"ACUEDUCTO_0372","codigo_actual":"3668","codigo_anterior":"32461","codigo_muestreo":99593,"municipio":"LA CUMBRE","aro":"Sur Cali","ambito":"Rural","tipo_sistema":"DISPERSA","prestador":"JUNTA ADMINISTRADORA DE ACUEDUCTO EL RETIRO PARTE ALTA - ASORETIRO","localidades":"EL RETIRO","suscriptores":25,"poblacion":100,"forma_organizativa":"Autogestion","tipo_tratamiento":"Ninguno","algun_tratamiento":"","cantidad_fuentes":1,"fuente_abastecimiento":"QUEBRADA EL RETIRO","tipo_fuente":"Superficial","estado_fuentes":"CON FUENTE ASOCIADA"}},{"type":"Feature","geometry":{"type":"Point","coordinates":[-76.60965,3.598689]},"properties":{"id_maestro":"ACUEDUCTO_0373","codigo_actual":"2856","codigo_anterior":"99672","codigo_muestreo":32462,"municipio":"LA CUMBRE","aro":"Sur Cali","ambito":"Rural","tipo_sistema":"DISPERSA","prestador":"JUNTA ADMINISTRADORA DEL SERVICIO PUBLICO DEL AGUA DE LA VEREDA CHICORALITO - CHICOAGUAS TANQUE # 1","localidades":"CHICORALITO ALTO: TANQUE # 1","suscriptores":56,"poblacion":224,"forma_organizativa":"Autogestion","tipo_tratamiento":"Solo desinfección","algun_tratamiento":"","cantidad_fuentes":0,"fuente_abastecimiento":"","tipo_fuente":"","estado_fuentes":"SIN FUENTE ASOCIADA"}},{"type":"Feature","geometry":{"type":"Point","coordinates":[-76.60326,3.605389]},"properties":{"id_maestro":"ACUEDUCTO_0374","codigo_actual":"2858","codigo_anterior":"99672","codigo_muestreo":151018,"municipio":"LA CUMBRE","aro":"Sur Cali","ambito":"Rural","tipo_sistema":"DISPERSA","prestador":"JUNTA ADMINISTRADORA DEL SERVICIO PUBLICO DEL AGUA DE LA VEREDA CHICORALITO - CHICOAGUAS TANQUE # 2","localidades":"CHICORALITO TANQUE # 2","suscriptores":40,"poblacion":160,"forma_organizativa":"Autogestion","tipo_tratamiento":"Solo desinfección","algun_tratamiento":"","cantidad_fuentes":9,"fuente_abastecimiento":"NACIMIENTO N° 3, NACIMIENTO # 7, QUEBRADA CENTELLITA, NACIMIENTO # 4, QUEBRADA CENTELLITAS, NACIMIENTO # 6, QUEBRADA CENTANILLA, NACIMIENTO # 1, NACIMIENTO # 2.","tipo_fuente":"Superficial-Subterránea","estado_fuentes":"CON FUENTE ASOCIADA"}},{"type":"Feature","geometry":{"type":"Point","coordinates":[-76.60994,3.604725]},"properties":{"id_maestro":"ACUEDUCTO_0375","codigo_actual":"2857","codigo_anterior":"99672","codigo_muestreo":null,"municipio":"LA CUMBRE","aro":"Sur Cali","ambito":"Rural","tipo_sistema":"DISPERSA","prestador":"JUNTA ADMINISTRADORA DEL SERVICIO PUBLICO DEL AGUA DE LA VEREDA CHICORALITO - CHICOAGUAS TANQUE # 3.","localidades":"CHICORALITO ALTO: TANQUE # 3.","suscriptores":26,"poblacion":104,"forma_organizativa":"Autogestion","tipo_tratamiento":"Solo desinfección","algun_tratamiento":"","cantidad_fuentes":0,"fuente_abastecimiento":"","tipo_fuente":"","estado_fuentes":"SIN FUENTE ASOCIADA"}},{"type":"Feature","geometry":{"type":"Point","coordinates":[-76.60196,3.608608]},"properties":{"id_maestro":"ACUEDUCTO_0376","codigo_actual":"2859","codigo_anterior":"99672","codigo_muestreo":null,"municipio":"LA CUMBRE","aro":"Sur Cali","ambito":"Rural","tipo_sistema":"DISPERSA","prestador":"JUNTA ADMINISTRADORA DEL SERVICIO PUBLICO DEL AGUA DE LA VEREDA CHICORALITO - CHICOAGUAS TANQUE # 4","localidades":"CHICORALITO","suscriptores":35,"poblacion":140,"forma_organizativa":"Autogestion","tipo_tratamiento":"Ninguno","algun_tratamiento":"","cantidad_fuentes":0,"fuente_abastecimiento":"","tipo_fuente":"","estado_fuentes":"SIN FUENTE ASOCIADA"}},{"type":"Feature","geometry":{"type":"Point","coordinates":[-76.60994,3.604725]},"properties":{"id_maestro":"ACUEDUCTO_0377","codigo_actual":"2860","codigo_anterior":"99672","codigo_muestreo":null,"municipio":"LA CUMBRE","aro":"Sur Cali","ambito":"Rural","tipo_sistema":"DISPERSA","prestador":"JUNTA ADMINISTRADORA DEL SERVICIO PUBLICO DEL AGUA DE LA VEREDA CHICORALITO - CHICOAGUAS TANQUE # 5.","localidades":"CHICORALITO ALTO: TANQUE # 5.","suscriptores":7,"poblacion":28,"forma_organizativa":"Autogestion","tipo_tratamiento":"Solo desinfección","algun_tratamiento":"","cantidad_fuentes":0,"fuente_abastecimiento":"","tipo_fuente":"","estado_fuentes":"SIN FUENTE ASOCIADA"}},{"type":"Feature","geometry":{"type":"Point","coordinates":[-76.60955,3.598681]},"properties":{"id_maestro":"ACUEDUCTO_0378","codigo_actual":"2861","codigo_anterior":"99672","codigo_muestreo":null,"municipio":"LA CUMBRE","aro":"Sur Cali","ambito":"Rural","tipo_sistema":"DISPERSA","prestador":"JUNTA ADMINISTRADORA DEL SERVICIO PUBLICO DEL AGUA DE LA VEREDA CHICORALITO - CHICOAGUAS TANQUE # 6.","localidades":"CHICORALITO ALTO: TANQUE # 6.","suscriptores":16,"poblacion":40,"forma_organizativa":"Autogestion","tipo_tratamiento":"Ninguno","algun_tratamiento":"","cantidad_fuentes":0,"fuente_abastecimiento":"","tipo_fuente":"","estado_fuentes":"SIN FUENTE ASOCIADA"}},{"type":"Feature","geometry":{"type":"Point","coordinates":[-76.60955,3.598689]},"properties":{"id_maestro":"ACUEDUCTO_0379","codigo_actual":"1369","codigo_anterior":"99672","codigo_muestreo":null,"municipio":"LA CUMBRE","aro":"Sur Cali","ambito":"Rural","tipo_sistema":"DISPERSA","prestador":"JUNTA ADMINISTRADORA DEL SERVICIO PUBLICO DEL AGUA DE LA VEREDA CHICORALITO - CHICOAGUAS TANQUE # 7A","localidades":"CHICORALITO","suscriptores":13,"poblacion":40,"forma_organizativa":"Autogestion","tipo_tratamiento":"Ninguno","algun_tratamiento":"","cantidad_fuentes":0,"fuente_abastecimiento":"","tipo_fuente":"","estado_fuentes":"SIN FUENTE ASOCIADA"}},{"type":"Feature","geometry":{"type":"Point","coordinates":[-76.57847,3.635333]},"properties":{"id_maestro":"ACUEDUCTO_0380","codigo_actual":"109","codigo_anterior":"33122","codigo_muestreo":32773,"municipio":"LA CUMBRE","aro":"Sur Cali","ambito":"Rural","tipo_sistema":"CENTRO POBLADO","prestador":"JUNTA DE AGUAS VEREDA LA VENTURA - JAGUVEN","localidades":"LA VENTURA","suscriptores":224,"poblacion":896,"forma_organizativa":"Empresa de Servicios Púplicos","tipo_tratamiento":"Filtración Compacta","algun_tratamiento":1,"cantidad_fuentes":2,"fuente_abastecimiento":"QUEBRADA LA VENTURA","tipo_fuente":"Superficial","estado_fuentes":"CON FUENTE ASOCIADA"}},{"type":"Feature","geometry":{"type":"Point","coordinates":[-76.57847,3.635333]},"properties":{"id_maestro":"ACUEDUCTO_0381","codigo_actual":"12526","codigo_anterior":"33122","codigo_muestreo":null,"municipio":"LA CUMBRE","aro":"Sur Cali","ambito":"Rural","tipo_sistema":"CENTRO POBLADO","prestador":"JUNTA DE AGUAS VEREDA LA VENTURA JAGUVEN - SECTOR EL BOSQUE","localidades":"SER EL BOSQUE","suscriptores":80,"poblacion":320,"forma_organizativa":"Empresa de Servicios Púplicos","tipo_tratamiento":"FD+Desinfección","algun_tratamiento":1,"cantidad_fuentes":0,"fuente_abastecimiento":"","tipo_fuente":"","estado_fuentes":"SIN FUENTE ASOCIADA"}},{"type":"Feature","geometry":{"type":"Point","coordinates":[-76.57581,3.661361]},"properties":{"id_maestro":"ACUEDUCTO_0382","codigo_actual":"50","codigo_anterior":"31843","codigo_muestreo":51230,"municipio":"LA CUMBRE","aro":"Sur Cali","ambito":"Urbano","tipo_sistema":"CABECERA MUNICIPAL","prestador":"SOCIEDAD DE ACUEDUCTOS Y ALCANTARILLADOS DEL VALLE DEL CAUCA S.A. E.S.P. ACUAVALLE S.A. E.S.P.-LA CUMBRE","localidades":"PAVITAS , ALTO ARBOLEDAS, TIMBIO, TUNIA, LAS COLONIAS, MONTAÑITA LA CUMBRE, MONTAÑITA YUMBO, CORDOBITAS, EL RETIRO, LA VENTURA","suscriptores":2023,"poblacion":6595,"forma_organizativa":"Empresa de Servicios Púplicos","tipo_tratamiento":"Convencional","algun_tratamiento":1,"cantidad_fuentes":5,"fuente_abastecimiento":"EL EMBALSE, EL SILENCIO, CHICORAL, CENTENARIO, EL SALTO","tipo_fuente":"Superficial","estado_fuentes":"CON FUENTE ASOCIADA"}},{"type":"Feature","geometry":{"type":"Point","coordinates":[-76.04868,4.541931]},"properties":{"id_maestro":"ACUEDUCTO_0383","codigo_actual":"3183","codigo_anterior":"93503","codigo_muestreo":108867,"municipio":"LA UNION","aro":"Norte Cartago","ambito":"Rural","tipo_sistema":"DISPERSA","prestador":"ACUEDUCTO RURAL CORCEGA","localidades":"CORCEGA","suscriptores":17,"poblacion":68,"forma_organizativa":"Autogestion","tipo_tratamiento":"Pozo+Aireacion+Desinfección","algun_tratamiento":1,"cantidad_fuentes":2,"fuente_abastecimiento":"QUEBRADA LAZARO -QUEBRADA  LA GRANDE- ZARA BRUTH, POZO PROFUNDO","tipo_fuente":"Superficial","estado_fuentes":"CON FUENTE ASOCIADA"}},{"type":"Feature","geometry":{"type":"Point","coordinates":[-76.10927,4.564881]},"properties":{"id_maestro":"ACUEDUCTO_0384","codigo_actual":"2898","codigo_anterior":"115780","codigo_muestreo":118458,"municipio":"LA UNION","aro":"Norte Cartago","ambito":"Rural","tipo_sistema":"DISPERSA","prestador":"ACUEDUCTO VEREDAL LA AGUADA BAJA","localidades":"LA AGUADA","suscriptores":32,"poblacion":128,"forma_organizativa":"Autogestion","tipo_tratamiento":"Soluciones_Individuales","algun_tratamiento":"","cantidad_fuentes":1,"fuente_abastecimiento":"LA AGUADITA","tipo_fuente":"Superficial","estado_fuentes":"CON FUENTE ASOCIADA"}},{"type":"Feature","geometry":{"type":"Point","coordinates":[-76.07836,4.522675]},"properties":{"id_maestro":"ACUEDUCTO_0385","codigo_actual":"3180","codigo_anterior":"96661","codigo_muestreo":108869,"municipio":"LA UNION","aro":"Norte Cartago","ambito":"Rural","tipo_sistema":"DISPERSA","prestador":"ACUEDUCTO VEREDAL LA ISLA","localidades":"LA ISLA","suscriptores":18,"poblacion":0,"forma_organizativa":"Autogestion","tipo_tratamiento":"Pozo+Aireacion+Desinfección","algun_tratamiento":1,"cantidad_fuentes":1,"fuente_abastecimiento":"POZO PROFUNDO","tipo_fuente":"Superficial","estado_fuentes":"CON FUENTE ASOCIADA"}},{"type":"Feature","geometry":{"type":"Point","coordinates":[-76.16506,4.55355]},"properties":{"id_maestro":"ACUEDUCTO_0386","codigo_actual":"3178","codigo_anterior":"88295","codigo_muestreo":89926,"municipio":"LA UNION","aro":"Norte Cartago","ambito":"Rural","tipo_sistema":"CENTRO POBLADO","prestador":"ASOCIACIÓN COMUNITARIA ADMINISTRADORA DEL ACUEDUCTO QUEBRADA GRANDE DEL MUNICIPIO DE LA UNIÓN","localidades":"QUEBRADA GRANDE, LA PLAYA, EL JORDÁN , VIOLETAS,VENTIADEROS,EL CEDRO, SABANAZO, EL CASTILLO,CARPINTE","suscriptores":365,"poblacion":1460,"forma_organizativa":"Empresa de Servicios Púplicos","tipo_tratamiento":"FIME (8% Soluciones_Individuales)","algun_tratamiento":1,"cantidad_fuentes":0,"fuente_abastecimiento":"","tipo_fuente":"","estado_fuentes":"SIN FUENTE ASOCIADA"}},{"type":"Feature","geometry":{"type":"Point","coordinates":[-76.11456,4.530139]},"properties":{"id_maestro":"ACUEDUCTO_0387","codigo_actual":"3179","codigo_anterior":"88287","codigo_muestreo":107307,"municipio":"LA UNION","aro":"Norte Cartago","ambito":"Rural","tipo_sistema":"CENTRO POBLADO","prestador":"ASOCIACIÓN COMUNITARIA DE USUARIOS DEL ACUEDUCTO RURAL DE PÁJARO DE ORO ACUARPO","localidades":"PAJARO DE ORO","suscriptores":156,"poblacion":0,"forma_organizativa":"Autogestion","tipo_tratamiento":"Planta Modular","algun_tratamiento":1,"cantidad_fuentes":1,"fuente_abastecimiento":"OJEDAS","tipo_fuente":"Superficial","estado_fuentes":"CON FUENTE ASOCIADA"}},{"type":"Feature","geometry":{"type":"Point","coordinates":[-76.11253,4.540467]},"properties":{"id_maestro":"ACUEDUCTO_0388","codigo_actual":"337","codigo_anterior":"88217","codigo_muestreo":89928,"municipio":"LA UNION","aro":"Norte Cartago","ambito":"Rural","tipo_sistema":"CENTRO POBLADO","prestador":"ASOCIACION DE USUARIOS ACUEDUCTO SAN PEDRO Y SAN LUIS ASUASPEL","localidades":"SAN PEDRO Y SAN LUIS","suscriptores":778,"poblacion":3112,"forma_organizativa":"Empresa de Servicios Púplicos","tipo_tratamiento":"Convencional","algun_tratamiento":1,"cantidad_fuentes":0,"fuente_abastecimiento":"","tipo_fuente":"","estado_fuentes":"SIN FUENTE ASOCIADA"}},{"type":"Feature","geometry":{"type":"Point","coordinates":[-76.13314,4.548294]},"properties":{"id_maestro":"ACUEDUCTO_0389","codigo_actual":"2895","codigo_anterior":"87876","codigo_muestreo":107310,"municipio":"LA UNION","aro":"Norte Cartago","ambito":"Rural","tipo_sistema":"DISPERSA","prestador":"ASOCIACIÓN DE USUARIOS DEL ACUEDUCTO RURAL COMUNITARIO DE LA VEREDA EL RINCÓN MUNICIPIO DE LA UNIÓN VALLE -ASOCURINCON","localidades":"EL RINCON","suscriptores":45,"poblacion":180,"forma_organizativa":"Autogestion","tipo_tratamiento":"Soluciones_Individuales","algun_tratamiento":"","cantidad_fuentes":2,"fuente_abastecimiento":"EL JORDAN, LA SONORA","tipo_fuente":"Superficial","estado_fuentes":"CON FUENTE ASOCIADA"}},{"type":"Feature","geometry":{"type":"Point","coordinates":[-76.11379,4.539853]},"properties":{"id_maestro":"ACUEDUCTO_0390","codigo_actual":"2902","codigo_anterior":"126425","codigo_muestreo":126423,"municipio":"LA UNION","aro":"Norte Cartago","ambito":"Rural","tipo_sistema":"CENTRO POBLADO","prestador":"ASUASPEL- ASOCIACIÓN DE USUARIOS ACUEDUCTO SAN PEDRO Y SAN LUIS - SECTOR SILOÉ-EL CARMEN #2","localidades":"SECTOR SILOE","suscriptores":823,"poblacion":3292,"forma_organizativa":"Empresa de Servicios Púplicos","tipo_tratamiento":"Solo desinfección","algun_tratamiento":"","cantidad_fuentes":2,"fuente_abastecimiento":"LA SONORA, EL JORDAN","tipo_fuente":"Superficial","estado_fuentes":"CON FUENTE ASOCIADA"}},{"type":"Feature","geometry":{"type":"Point","coordinates":[-76.13006,4.562669]},"properties":{"id_maestro":"ACUEDUCTO_0391","codigo_actual":"19784","codigo_anterior":"87883","codigo_muestreo":119447,"municipio":"LA UNION","aro":"Norte Cartago","ambito":"Rural","tipo_sistema":"DISPERSA","prestador":"JUNTA ADMON ACUEDUCTO AJIZAL -TAMBORAL-LACHICA - LA AGUADA","localidades":"EL AJIZAL ,TAMBORAL – LA CHICA – LA AGUADA","suscriptores":65,"poblacion":260,"forma_organizativa":"Autogestion","tipo_tratamiento":"Soluciones_Individuales","algun_tratamiento":"","cantidad_fuentes":1,"fuente_abastecimiento":"EL JORDAN","tipo_fuente":"Superficial","estado_fuentes":"CON FUENTE ASOCIADA"}},{"type":"Feature","geometry":{"type":"Point","coordinates":[-75.92362,4.475606]},"properties":{"id_maestro":"ACUEDUCTO_0393","codigo_actual":"2879","codigo_anterior":"97356","codigo_muestreo":106124,"municipio":"LA VICTORIA","aro":"Norte Cartago","ambito":"Rural","tipo_sistema":"DISPERSA","prestador":"ACUEDCUTO RURAL VEREDA LA SIBERIA","localidades":"LA SIBERIA","suscriptores":7,"poblacion":28,"forma_organizativa":"Autogestion","tipo_tratamiento":"Ninguno","algun_tratamiento":"","cantidad_fuentes":1,"fuente_abastecimiento":"POZO SUBTERRÁNEO","tipo_fuente":"Subterránea","estado_fuentes":"CON FUENTE ASOCIADA"}},{"type":"Feature","geometry":{"type":"Point","coordinates":[-75.90613,4.464186]},"properties":{"id_maestro":"ACUEDUCTO_0394","codigo_actual":"9358","codigo_anterior":"133552","codigo_muestreo":133551,"municipio":"LA VICTORIA","aro":"Norte Cartago","ambito":"Rural","tipo_sistema":"DISPERSA","prestador":"ACUEDUCTO RURAL SIERRA MOCHA","localidades":"SIERRA MOCHA","suscriptores":7,"poblacion":28,"forma_organizativa":"Autogestion","tipo_tratamiento":"Pozo","algun_tratamiento":"","cantidad_fuentes":1,"fuente_abastecimiento":"LOS LAURELES","tipo_fuente":"Superficial","estado_fuentes":"CON FUENTE ASOCIADA"}},{"type":"Feature","geometry":{"type":"Point","coordinates":[-75.88481,4.511192]},"properties":{"id_maestro":"ACUEDUCTO_0395","codigo_actual":"2878","codigo_anterior":"88300","codigo_muestreo":106125,"municipio":"LA VICTORIA","aro":"Norte Cartago","ambito":"Rural","tipo_sistema":"CENTRO POBLADO","prestador":"ACUEDUCTO RURAL VEREDA RIVERALTA","localidades":"RIVERA ALTA","suscriptores":60,"poblacion":240,"forma_organizativa":"Autogestion","tipo_tratamiento":"Solo desinfección","algun_tratamiento":"","cantidad_fuentes":1,"fuente_abastecimiento":"SELLO ROJO","tipo_fuente":"Superficial","estado_fuentes":"CON FUENTE ASOCIADA"}},{"type":"Feature","geometry":{"type":"Point","coordinates":[-75.91049,4.459019]},"properties":{"id_maestro":"ACUEDUCTO_0396","codigo_actual":"2892","codigo_anterior":"88303","codigo_muestreo":106126,"municipio":"LA VICTORIA","aro":"Norte Cartago","ambito":"Rural","tipo_sistema":"CENTRO POBLADO","prestador":"ASOCIACION DE USUARIOS ACUEDUCTO RURAL COMUNITARIO DE TAGUALES","localidades":"TAGUALES","suscriptores":35,"poblacion":0,"forma_organizativa":"Autogestion","tipo_tratamiento":"Pozo+Aireacion+Desinfección","algun_tratamiento":1,"cantidad_fuentes":1,"fuente_abastecimiento":"N. FINCA EL PRELUDIO","tipo_fuente":"Subterránea","estado_fuentes":"CON FUENTE ASOCIADA"}},{"type":"Feature","geometry":{"type":"Point","coordinates":[-75.91081,4.526303]},"properties":{"id_maestro":"ACUEDUCTO_0397","codigo_actual":"2873","codigo_anterior":"88298","codigo_muestreo":106127,"municipio":"LA VICTORIA","aro":"Norte Cartago","ambito":"Rural","tipo_sistema":"CENTRO POBLADO","prestador":"ASOCIACION JUNTA ADMINISTRADORA DEL ACUEDUCTO RURAL MIRAVALLES","localidades":"MIRAVALLES","suscriptores":96,"poblacion":384,"forma_organizativa":"Autogestion","tipo_tratamiento":"Solo desinfección","algun_tratamiento":"","cantidad_fuentes":1,"fuente_abastecimiento":"AGUA BONITA","tipo_fuente":"Superficial","estado_fuentes":"CON FUENTE ASOCIADA"}},{"type":"Feature","geometry":{"type":"Point","coordinates":[-76.05752,4.5183]},"properties":{"id_maestro":"ACUEDUCTO_0398","codigo_actual":"331","codigo_anterior":"86247","codigo_muestreo":89239,"municipio":"LA VICTORIA","aro":"Norte Cartago","ambito":"Urbano","tipo_sistema":"CABECERA MUNICIPAL","prestador":"SOCIEDAD DE ACUEDUCTOS Y ALCANTARILLADOS DEL VALLE DEL CAUCA S.A. E.S.P. ACUAVALLE S.A. E.S.P. - LA VICTORIA","localidades":"URBANO, SAN JOSE, HOLGUIN, EL GUAYABO","suscriptores":4100,"poblacion":16400,"forma_organizativa":"Empresa de Servicios Púplicos","tipo_tratamiento":"Convencional","algun_tratamiento":1,"cantidad_fuentes":2,"fuente_abastecimiento":"POZO PROFUNDO, Z.A.R.A.B.R.U.T.","tipo_fuente":"Superficial-Subterránea","estado_fuentes":"CON FUENTE ASOCIADA"}},{"type":"Feature","geometry":{"type":"Point","coordinates":[-75.9246,4.556136]},"properties":{"id_maestro":"ACUEDUCTO_0400","codigo_actual":"2629","codigo_anterior":"86901","codigo_muestreo":107345,"municipio":"OBANDO","aro":"Norte Cartago","ambito":"Rural","tipo_sistema":"CENTRO POBLADO","prestador":"ASOCIACION DE ACUEDUCTO VEREDAL EL CHUZO SALEM LIMONES","localidades":"YUCATAN ,CHUZO,SALEM ,LIMONES","suscriptores":32,"poblacion":128,"forma_organizativa":"Autogestion","tipo_tratamiento":"Ninguno","algun_tratamiento":"","cantidad_fuentes":1,"fuente_abastecimiento":"COMINALES","tipo_fuente":"Superficial","estado_fuentes":"CON FUENTE ASOCIADA"}},{"type":"Feature","geometry":{"type":"Point","coordinates":[-75.94019,4.563086]},"properties":{"id_maestro":"ACUEDUCTO_0401","codigo_actual":"9361","codigo_anterior":"86231","codigo_muestreo":121988,"municipio":"OBANDO","aro":"Norte Cartago","ambito":"Rural","tipo_sistema":"DISPERSA","prestador":"ASOCIACION DE USUARIOS DEL ACUEDUCTO AGUAS, AGUA Y VIDA YUCATAN Y LIMONES","localidades":"DE YUCATAN Y LIMONES","suscriptores":32,"poblacion":128,"forma_organizativa":"Autogestion","tipo_tratamiento":"Ninguno","algun_tratamiento":"","cantidad_fuentes":1,"fuente_abastecimiento":"QUEBRADAS COMINALES Y SANDE","tipo_fuente":"Superficial","estado_fuentes":"CON FUENTE ASOCIADA"}},{"type":"Feature","geometry":{"type":"Point","coordinates":[-75.87641,4.592964]},"properties":{"id_maestro":"ACUEDUCTO_0402","codigo_actual":"1911","codigo_anterior":"14639","codigo_muestreo":110180,"municipio":"OBANDO","aro":"Norte Cartago","ambito":"Rural","tipo_sistema":"DISPERSA","prestador":"ASOCIACION DE USUARIOS DEL ACUEDUCTO RURAL COMUNITARIO DE LA VEREDA BUENOS AIRES - AGUAS DE BUENOS AIRES","localidades":"BUENOS AIRES","suscriptores":25,"poblacion":100,"forma_organizativa":"Empresa de Servicios Púplicos","tipo_tratamiento":"Soluciones_Individuales","algun_tratamiento":1,"cantidad_fuentes":0,"fuente_abastecimiento":"","tipo_fuente":"","estado_fuentes":"SIN FUENTE ASOCIADA"}},{"type":"Feature","geometry":{"type":"Point","coordinates":[-75.92881,4.646369]},"properties":{"id_maestro":"ACUEDUCTO_0403","codigo_actual":"1902","codigo_anterior":"86910","codigo_muestreo":110179,"municipio":"OBANDO","aro":"Norte Cartago","ambito":"Rural","tipo_sistema":"DISPERSA","prestador":"ASOCIACION DE USUARIOS DEL ACUEDUCTO RURAL COMUNITARIO DE LA VEREDA MARCOPOLIS","localidades":"MARCOPILIS","suscriptores":10,"poblacion":40,"forma_organizativa":"Autogestion","tipo_tratamiento":"Solo desinfección","algun_tratamiento":"","cantidad_fuentes":1,"fuente_abastecimiento":"LA ESMERALDA","tipo_fuente":"Superficial","estado_fuentes":"CON FUENTE ASOCIADA"}},{"type":"Feature","geometry":{"type":"Point","coordinates":[-75.89671,4.570078]},"properties":{"id_maestro":"ACUEDUCTO_0404","codigo_actual":"2625","codigo_anterior":"88222","codigo_muestreo":107342,"municipio":"OBANDO","aro":"Norte Cartago","ambito":"Rural","tipo_sistema":"CENTRO POBLADO","prestador":"ASOCIACION DE USUARIOS DEL ACUEDUCTO RURAL COMUNITARIO DEL CORREGIMIENTO DE SAN ISIDRO","localidades":"SAN ISIDRO","suscriptores":52,"poblacion":208,"forma_organizativa":"Autogestion","tipo_tratamiento":"FIME","algun_tratamiento":1,"cantidad_fuentes":1,"fuente_abastecimiento":"COMINALES","tipo_fuente":"Superficial","estado_fuentes":"CON FUENTE ASOCIADA"}},{"type":"Feature","geometry":{"type":"Point","coordinates":[-75.88435,4.615872]},"properties":{"id_maestro":"ACUEDUCTO_0405","codigo_actual":"1919","codigo_anterior":"88218","codigo_muestreo":109071,"municipio":"OBANDO","aro":"Norte Cartago","ambito":"Rural","tipo_sistema":"CENTRO POBLADO","prestador":"ASOCIACION DE USUARIOS DEL ACUEDUCTO Y ALCANTARILLADO CORREGIMIENTO VILLARODAS # 2","localidades":"VILLA RODAS","suscriptores":70,"poblacion":280,"forma_organizativa":"Autogestion","tipo_tratamiento":"Soluciones_Individuales","algun_tratamiento":1,"cantidad_fuentes":0,"fuente_abastecimiento":"","tipo_fuente":"","estado_fuentes":"SIN FUENTE ASOCIADA"}},{"type":"Feature","geometry":{"type":"Point","coordinates":[-75.88371,4.614478]},"properties":{"id_maestro":"ACUEDUCTO_0406","codigo_actual":"1922","codigo_anterior":"88218","codigo_muestreo":109070,"municipio":"OBANDO","aro":"Norte Cartago","ambito":"Rural","tipo_sistema":"CENTRO POBLADO","prestador":"ASOCIACION DE USUARIOS DEL ACUEDUCTO Y ALCANTARILLADO VILLARODAS # 1","localidades":"CORREGIMIETO VILLA RODAS","suscriptores":60,"poblacion":240,"forma_organizativa":"Autogestion","tipo_tratamiento":"Solo desinfección","algun_tratamiento":"","cantidad_fuentes":0,"fuente_abastecimiento":"","tipo_fuente":"","estado_fuentes":"SIN FUENTE ASOCIADA"}},{"type":"Feature","geometry":{"type":"Point","coordinates":[-75.88709,4.548136]},"properties":{"id_maestro":"ACUEDUCTO_0407","codigo_actual":"2617","codigo_anterior":"87875","codigo_muestreo":107338,"municipio":"OBANDO","aro":"Norte Cartago","ambito":"Rural","tipo_sistema":"DISPERSA","prestador":"JUNTA ADMINISTRADORA ACUEDUCTO SALEM","localidades":"JUNTA ADMINISTRADORA ACUEDU SALEM","suscriptores":12,"poblacion":48,"forma_organizativa":"Autogestion","tipo_tratamiento":"Ninguno","algun_tratamiento":"","cantidad_fuentes":1,"fuente_abastecimiento":"NACIMIENTO LA ESMERALDA","tipo_fuente":"Superficial","estado_fuentes":"CON FUENTE ASOCIADA"}},{"type":"Feature","geometry":{"type":"Point","coordinates":[-75.91974,4.645153]},"properties":{"id_maestro":"ACUEDUCTO_0408","codigo_actual":"2620","codigo_anterior":"86232","codigo_muestreo":107348,"municipio":"OBANDO","aro":"Norte Cartago","ambito":"Rural","tipo_sistema":"CENTRO POBLADO","prestador":"JUNTA ADMINISTRADORA DEL ACUEDUCTO DE CRUCES","localidades":"CRUCES","suscriptores":85,"poblacion":340,"forma_organizativa":"Autogestion","tipo_tratamiento":"FD+Desinfección","algun_tratamiento":1,"cantidad_fuentes":1,"fuente_abastecimiento":"CRUCES","tipo_fuente":"Superficial","estado_fuentes":"CON FUENTE ASOCIADA"}},{"type":"Feature","geometry":{"type":"Point","coordinates":[-75.9733,4.57565]},"properties":{"id_maestro":"ACUEDUCTO_0410","codigo_actual":"58","codigo_anterior":"86234","codigo_muestreo":89243,"municipio":"OBANDO","aro":"Norte Cartago","ambito":"Urbano","tipo_sistema":"CABECERA MUNICIPAL","prestador":"SOCIEDAD DE ACUEDUCTOS Y ALCANTARILLADOS DEL VALLE DEL CAUCA S.A. E.S.P. ACUAVALLE S.A. E.S.P.-OBANDO","localidades":"URBANO, EL PLEITO, MOLINA, JUAN DIAZ","suscriptores":2994,"poblacion":11976,"forma_organizativa":"Empresa de Servicios Púplicos","tipo_tratamiento":"Convencional","algun_tratamiento":1,"cantidad_fuentes":2,"fuente_abastecimiento":"S.A.R.A.B.R.U.T., EL NARANJO","tipo_fuente":"Superficial","estado_fuentes":"CON FUENTE ASOCIADA"}},{"type":"Feature","geometry":{"type":"Point","coordinates":[-76.15393,3.418081]},"properties":{"id_maestro":"ACUEDUCTO_0411","codigo_actual":"SD","codigo_anterior":"34628","codigo_muestreo":101975,"municipio":"PRADERA","aro":"Sur Cali","ambito":"Rural","tipo_sistema":"DISPERSA","prestador":"ACUEDUCTO EL NOGAL","localidades":"EL NOGAL","suscriptores":25,"poblacion":100,"forma_organizativa":"Autogestion","tipo_tratamiento":"Ninguno","algun_tratamiento":"","cantidad_fuentes":0,"fuente_abastecimiento":"","tipo_fuente":"","estado_fuentes":"SIN FUENTE ASOCIADA"}},{"type":"Feature","geometry":{"type":"Point","coordinates":[-76.20279,3.397861]},"properties":{"id_maestro":"ACUEDUCTO_0412","codigo_actual":"119","codigo_anterior":"33117","codigo_muestreo":32465,"municipio":"PRADERA","aro":"Sur Cali","ambito":"Rural","tipo_sistema":"CENTRO POBLADO","prestador":"ACUEDUCTO EL RECREO","localidades":"EL RECREO ALTO , EL RECREO BAJO.","suscriptores":164,"poblacion":656,"forma_organizativa":"Autogestion","tipo_tratamiento":"Soluciones_Individuales","algun_tratamiento":1,"cantidad_fuentes":3,"fuente_abastecimiento":"ALACRANERA, QUEBRADAS CHUMBÚM, RIO BOLO","tipo_fuente":"Superficial","estado_fuentes":"CON FUENTE ASOCIADA"}},{"type":"Feature","geometry":{"type":"Point","coordinates":[-76.15339,3.424528]},"properties":{"id_maestro":"ACUEDUCTO_0413","codigo_actual":"1612","codigo_anterior":"34627","codigo_muestreo":33741,"municipio":"PRADERA","aro":"Sur Cali","ambito":"Rural","tipo_sistema":"CENTRO POBLADO","prestador":"ACUEDUCTO LA FERIA PLANADA","localidades":"LA FERIA","suscriptores":100,"poblacion":400,"forma_organizativa":"Autogestion","tipo_tratamiento":"Solo desinfección","algun_tratamiento":"","cantidad_fuentes":1,"fuente_abastecimiento":"RIO BOLO BLANCO","tipo_fuente":"Superficial","estado_fuentes":"CON FUENTE ASOCIADA"}},{"type":"Feature","geometry":{"type":"Point","coordinates":[-76.18781,3.420019]},"properties":{"id_maestro":"ACUEDUCTO_0414","codigo_actual":"125","codigo_anterior":"34629","codigo_muestreo":32464,"municipio":"PRADERA","aro":"Sur Cali","ambito":"Rural","tipo_sistema":"CENTRO POBLADO","prestador":"ASOCIACION COMUNITARIA ADMINISTRADORA ACUEDUCTO DOMESTICO CRGT POTRERITO - AGUASALUD POTRERITO","localidades":"POTRERITO","suscriptores":298,"poblacion":1192,"forma_organizativa":"Autogestion","tipo_tratamiento":"Solo desinfección","algun_tratamiento":"","cantidad_fuentes":1,"fuente_abastecimiento":"NACIMIENTO EL TAMBORAL","tipo_fuente":"Subterránea","estado_fuentes":"CON FUENTE ASOCIADA"}},{"type":"Feature","geometry":{"type":"Point","coordinates":[-76.21939,3.408167]},"properties":{"id_maestro":"ACUEDUCTO_0415","codigo_actual":"123","codigo_anterior":"31578","codigo_muestreo":32463,"municipio":"PRADERA","aro":"Sur Cali","ambito":"Rural","tipo_sistema":"CENTRO POBLADO","prestador":"ASOCIACION COMUNITARIA ADMINISTRADORA DEL ACUEDUCTO DEL CRGT DE LOMITAS - ACUASALUD LOMITAS","localidades":"LOMITAS","suscriptores":344,"poblacion":1376,"forma_organizativa":"Autogestion","tipo_tratamiento":"FIME","algun_tratamiento":1,"cantidad_fuentes":2,"fuente_abastecimiento":"RIO BOLO, NACIMIENTO EL MUERTO","tipo_fuente":"Superficial-Subterránea","estado_fuentes":"CON FUENTE ASOCIADA"}},{"type":"Feature","geometry":{"type":"Point","coordinates":[-76.18978,3.398944]},"properties":{"id_maestro":"ACUEDUCTO_0416","codigo_actual":"120","codigo_anterior":"104022","codigo_muestreo":51308,"municipio":"PRADERA","aro":"Sur Cali","ambito":"Rural","tipo_sistema":"DISPERSA","prestador":"JUNTA ADMINISTRADORA ACUEDUCTO COMUNITARIO SAN ISIDRO","localidades":"SAN ISIDRO","suscriptores":70,"poblacion":280,"forma_organizativa":"Autogestion","tipo_tratamiento":"Ninguno","algun_tratamiento":"","cantidad_fuentes":1,"fuente_abastecimiento":"QUEBRADA SAL SI PUEDES","tipo_fuente":"Superficial","estado_fuentes":"CON FUENTE ASOCIADA"}},{"type":"Feature","geometry":{"type":"Point","coordinates":[-76.19781,3.382806]},"properties":{"id_maestro":"ACUEDUCTO_0417","codigo_actual":"122","codigo_anterior":"104718","codigo_muestreo":99596,"municipio":"PRADERA","aro":"Sur Cali","ambito":"Rural","tipo_sistema":"DISPERSA","prestador":"JUNTA ADMINISTRADORA ACUEDUCTO DEL CORREGIMIENTO DE BOLIVAR - ACUASALUD BOLIVAR","localidades":"BOLIVAR","suscriptores":15,"poblacion":60,"forma_organizativa":"Autogestion","tipo_tratamiento":"Soluciones_Individuales","algun_tratamiento":"","cantidad_fuentes":1,"fuente_abastecimiento":"NACIMIENTO LOS PISOS","tipo_fuente":"Subterránea","estado_fuentes":"CON FUENTE ASOCIADA"}},{"type":"Feature","geometry":{"type":"Point","coordinates":[-76.14453,3.447861]},"properties":{"id_maestro":"ACUEDUCTO_0418","codigo_actual":"SD","codigo_anterior":"103953","codigo_muestreo":33742,"municipio":"PRADERA","aro":"Sur Cali","ambito":"Rural","tipo_sistema":"DISPERSA","prestador":"JUNTA ADMINISTRADORA ACUEDUCTO EL RETIRO ESP.","localidades":"EL RETIRO","suscriptores":46,"poblacion":184,"forma_organizativa":"Autogestion","tipo_tratamiento":"Ninguno","algun_tratamiento":"","cantidad_fuentes":0,"fuente_abastecimiento":"","tipo_fuente":"","estado_fuentes":"SIN FUENTE ASOCIADA"}},{"type":"Feature","geometry":{"type":"Point","coordinates":[-76.17967,3.401]},"properties":{"id_maestro":"ACUEDUCTO_0420","codigo_actual":"SD","codigo_anterior":"33745","codigo_muestreo":51307,"municipio":"PRADERA","aro":"Sur Cali","ambito":"Rural","tipo_sistema":"DISPERSA","prestador":"JUNTA ADMINISTRADORA LOCAL ACUEDUCTO SAN ANTONIO","localidades":"SAN ANTONIO","suscriptores":45,"poblacion":180,"forma_organizativa":"Autogestion","tipo_tratamiento":"Ninguno","algun_tratamiento":"","cantidad_fuentes":0,"fuente_abastecimiento":"","tipo_fuente":"","estado_fuentes":"SIN FUENTE ASOCIADA"}},{"type":"Feature","geometry":{"type":"Point","coordinates":[-76.30308,3.399453]},"properties":{"id_maestro":"ACUEDUCTO_0421","codigo_actual":"45","codigo_anterior":"30210","codigo_muestreo":51615,"municipio":"PRADERA","aro":"Sur Cali","ambito":"Urbano","tipo_sistema":"CABECERA MUNICIPAL","prestador":"SOCIEDAD DE ACUEDUCTOS Y ALCANTARILLADOS DEL VALLE DEL CAUCA S.A. E.S.P. ACUAVALLE S.A. E.S.P. - PRADERA","localidades":"URBANO, LA GRANJA, LA TUPIA, BOLO ARTONAL, LA FLORESTA","suscriptores":12970,"poblacion":51980,"forma_organizativa":"Empresa de Servicios Púplicos","tipo_tratamiento":"Convencional","algun_tratamiento":1,"cantidad_fuentes":1,"fuente_abastecimiento":"RIO BOLO","tipo_fuente":"Superficial","estado_fuentes":"CON FUENTE ASOCIADA"}},{"type":"Feature","geometry":{"type":"Point","coordinates":[-76.51399,3.798108]},"properties":{"id_maestro":"ACUEDUCTO_0422","codigo_actual":"537","codigo_anterior":"112090","codigo_muestreo":107586,"municipio":"RESTREPO","aro":"Centro Tuluá","ambito":"Rural","tipo_sistema":"DISPERSA","prestador":"ACUAPALTRES","localidades":"BUEN VIVIR (107), TRES PUERTAS (77), COLEGURRE (22), VENTAQUEMADO (17), LA PALMA (120), MONTERREDOND","suscriptores":491,"poblacion":1964,"forma_organizativa":"Autogestion","tipo_tratamiento":"Solo desinfección","algun_tratamiento":"","cantidad_fuentes":2,"fuente_abastecimiento":"LA TOBON, EL SINAI","tipo_fuente":"Superficial","estado_fuentes":"CON FUENTE ASOCIADA"}},{"type":"Feature","geometry":{"type":"Point","coordinates":[-76.50326,3.828956]},"properties":{"id_maestro":"ACUEDUCTO_0423","codigo_actual":"3397","codigo_anterior":"103474","codigo_muestreo":107230,"municipio":"RESTREPO","aro":"Centro Tuluá","ambito":"Rural","tipo_sistema":"DISPERSA","prestador":"ACUEDUCTO AGUALINDA BAJO","localidades":"AGUALINDA BAJO","suscriptores":9,"poblacion":36,"forma_organizativa":"Autogestion","tipo_tratamiento":"Soluciones_Individuales","algun_tratamiento":"","cantidad_fuentes":1,"fuente_abastecimiento":"AGUA LINDA BAJO","tipo_fuente":"Superficial","estado_fuentes":"CON FUENTE ASOCIADA"}},{"type":"Feature","geometry":{"type":"Point","coordinates":[-76.47888,3.826744]},"properties":{"id_maestro":"ACUEDUCTO_0424","codigo_actual":"2064","codigo_anterior":"116231","codigo_muestreo":118436,"municipio":"RESTREPO","aro":"Centro Tuluá","ambito":"Rural","tipo_sistema":"DISPERSA","prestador":"ACUEDUCTO ALTO DEL OSO - LA ESPERANZA","localidades":"LA ESPERANZA","suscriptores":17,"poblacion":68,"forma_organizativa":"Autogestion","tipo_tratamiento":"Ninguno","algun_tratamiento":"","cantidad_fuentes":1,"fuente_abastecimiento":"QUEBRADA LA ESPERANZA","tipo_fuente":"Superficial","estado_fuentes":"CON FUENTE ASOCIADA"}},{"type":"Feature","geometry":{"type":"Point","coordinates":[-76.4739,3.822928]},"properties":{"id_maestro":"ACUEDUCTO_0425","codigo_actual":"2066","codigo_anterior":"134111","codigo_muestreo":null,"municipio":"RESTREPO","aro":"Centro Tuluá","ambito":"Rural","tipo_sistema":"DISPERSA","prestador":"ACUEDUCTO ALTO DEL OSO LA FLORIDA Y LA CAMELIA","localidades":"ALTO DEL OSO LA FLORIDA Y LA CAMELIA","suscriptores":11,"poblacion":44,"forma_organizativa":"Autogestion","tipo_tratamiento":"Filtración Compacta","algun_tratamiento":1,"cantidad_fuentes":2,"fuente_abastecimiento":"LA CAMELIA, LA FLORIDA","tipo_fuente":"Superficial","estado_fuentes":"CON FUENTE ASOCIADA"}},{"type":"Feature","geometry":{"type":"Point","coordinates":[-76.47888,3.826744]},"properties":{"id_maestro":"ACUEDUCTO_0426","codigo_actual":"2066","codigo_anterior":"121420","codigo_muestreo":121980,"municipio":"RESTREPO","aro":"Centro Tuluá","ambito":"Rural","tipo_sistema":"DISPERSA","prestador":"ACUEDUCTO ALTO EL OSO - LA CAMELIA","localidades":"ALTO DEL OSO","suscriptores":11,"poblacion":44,"forma_organizativa":"Autogestion","tipo_tratamiento":"Soluciones_Individuales","algun_tratamiento":1,"cantidad_fuentes":1,"fuente_abastecimiento":"LA CAMELIA","tipo_fuente":"Superficial","estado_fuentes":"CON FUENTE ASOCIADA"}},{"type":"Feature","geometry":{"type":"Point","coordinates":[-76.50069,3.804875]},"properties":{"id_maestro":"ACUEDUCTO_0427","codigo_actual":"3034","codigo_anterior":"107789","codigo_muestreo":107787,"municipio":"RESTREPO","aro":"Centro Tuluá","ambito":"Rural","tipo_sistema":"DISPERSA","prestador":"ACUEDUCTO BOMBAY","localidades":"BOMBAY","suscriptores":32,"poblacion":128,"forma_organizativa":"Autogestion","tipo_tratamiento":"Ninguno","algun_tratamiento":"","cantidad_fuentes":1,"fuente_abastecimiento":"BOMBAY","tipo_fuente":"Superficial","estado_fuentes":"CON FUENTE ASOCIADA"}},{"type":"Feature","geometry":{"type":"Point","coordinates":[-76.61907,3.831156]},"properties":{"id_maestro":"ACUEDUCTO_0429","codigo_actual":"3394","codigo_anterior":"104370","codigo_muestreo":107585,"municipio":"RESTREPO","aro":"Centro Tuluá","ambito":"Rural","tipo_sistema":"DISPERSA","prestador":"ACUEDUCTO LA BELMIRA","localidades":"LA BELMIRA","suscriptores":32,"poblacion":128,"forma_organizativa":"Autogestion","tipo_tratamiento":"Soluciones_Individuales","algun_tratamiento":1,"cantidad_fuentes":1,"fuente_abastecimiento":"EL BOSQUE","tipo_fuente":"Superficial","estado_fuentes":"CON FUENTE ASOCIADA"}},{"type":"Feature","geometry":{"type":"Point","coordinates":[-76.44291,3.4421]},"properties":{"id_maestro":"ACUEDUCTO_0430","codigo_actual":"2076","codigo_anterior":"120388","codigo_muestreo":118525,"municipio":"RESTREPO","aro":"Centro Tuluá","ambito":"Rural","tipo_sistema":"DISPERSA","prestador":"ACUEDUCTO LA SOLEDAD","localidades":"LA SOLEDAD","suscriptores":15,"poblacion":60,"forma_organizativa":"Autogestion","tipo_tratamiento":"Soluciones_Individuales","algun_tratamiento":"","cantidad_fuentes":1,"fuente_abastecimiento":"LA SOLEDAD","tipo_fuente":"Superficial","estado_fuentes":"CON FUENTE ASOCIADA"}},{"type":"Feature","geometry":{"type":"Point","coordinates":[-76.62342,3.822083]},"properties":{"id_maestro":"ACUEDUCTO_0431","codigo_actual":"14230","codigo_anterior":"130096","codigo_muestreo":134016,"municipio":"RESTREPO","aro":"Centro Tuluá","ambito":"Rural","tipo_sistema":"DISPERSA","prestador":"ACUEDUCTO RURAL ALTO ZABALETAS","localidades":"ALTO ZABALETAS","suscriptores":12,"poblacion":48,"forma_organizativa":"Autogestion","tipo_tratamiento":"Ninguno","algun_tratamiento":"","cantidad_fuentes":1,"fuente_abastecimiento":"SUPERFICIAL","tipo_fuente":"Superficial","estado_fuentes":"CON FUENTE ASOCIADA"}},{"type":"Feature","geometry":{"type":"Point","coordinates":[-76.47804,3.820772]},"properties":{"id_maestro":"ACUEDUCTO_0432","codigo_actual":"3387","codigo_anterior":"119605","codigo_muestreo":113959,"municipio":"RESTREPO","aro":"Centro Tuluá","ambito":"Rural","tipo_sistema":"DISPERSA","prestador":"ACUEDUCTO SAN MARTIN 2","localidades":"SAN MARTIN","suscriptores":19,"poblacion":76,"forma_organizativa":"Autogestion","tipo_tratamiento":"Soluciones_Individuales","algun_tratamiento":"","cantidad_fuentes":1,"fuente_abastecimiento":"NACIMIENTO SAN MARTIN","tipo_fuente":"Subterránea","estado_fuentes":"CON FUENTE ASOCIADA"}},{"type":"Feature","geometry":{"type":"Point","coordinates":[-76.47859,3.808744]},"properties":{"id_maestro":"ACUEDUCTO_0433","codigo_actual":"4982","codigo_anterior":"116423","codigo_muestreo":118439,"municipio":"RESTREPO","aro":"Centro Tuluá","ambito":"Rural","tipo_sistema":"DISPERSA","prestador":"ASOCIACION ACUEDUCTO COMUNITARIO QUEBRADA CALABAZAS- SAN PABLO - ACOCALABAZAS","localidades":"LAS BRISAS, PARTE DE ALTA DE VIJES, LA MERCED Y","suscriptores":123,"poblacion":492,"forma_organizativa":"Autogestion","tipo_tratamiento":"Solo desinfección","algun_tratamiento":"","cantidad_fuentes":1,"fuente_abastecimiento":"CALABAZAS","tipo_fuente":"Superficial","estado_fuentes":"CON FUENTE ASOCIADA"}},{"type":"Feature","geometry":{"type":"Point","coordinates":[-76.54479,3.817861]},"properties":{"id_maestro":"ACUEDUCTO_0434","codigo_actual":"17528","codigo_anterior":"133061","codigo_muestreo":133066,"municipio":"RESTREPO","aro":"Centro Tuluá","ambito":"Rural","tipo_sistema":"DISPERSA","prestador":"ASOCIACION DE ACUEDUCTO VEREDAL ALTO SAN PABLO","localidades":"ALTO SAN PABLO","suscriptores":30,"poblacion":0,"forma_organizativa":"Autogestion","tipo_tratamiento":"Ninguno","algun_tratamiento":"","cantidad_fuentes":1,"fuente_abastecimiento":"QUEBRADA ALFA BELLAVISTA","tipo_fuente":"Superficial","estado_fuentes":"CON FUENTE ASOCIADA"}},{"type":"Feature","geometry":{"type":"Point","coordinates":[-76.61842,3.812783]},"properties":{"id_maestro":"ACUEDUCTO_0435","codigo_actual":"3393","codigo_anterior":"115373","codigo_muestreo":119103,"municipio":"RESTREPO","aro":"Centro Tuluá","ambito":"Rural","tipo_sistema":"DISPERSA","prestador":"ASOCIACION DE SUSCRIPTORES DEL SISTEMA DE SUMINISTRO DE AGUA RURAL COMUNITARIA DE LA VEREDA ALBANIA CORREGIMIENTO DE ZABALETAS MUNICIPIO DE RESTREPO","localidades":"LA ALBANIA","suscriptores":65,"poblacion":260,"forma_organizativa":"Autogestion","tipo_tratamiento":"Ninguno","algun_tratamiento":"","cantidad_fuentes":1,"fuente_abastecimiento":"SANTA BARBARA","tipo_fuente":"Superficial","estado_fuentes":"CON FUENTE ASOCIADA"}},{"type":"Feature","geometry":{"type":"Point","coordinates":[-76.49257,3.822017]},"properties":{"id_maestro":"ACUEDUCTO_0436","codigo_actual":"14100","codigo_anterior":"120387","codigo_muestreo":118484,"municipio":"RESTREPO","aro":"Centro Tuluá","ambito":"Rural","tipo_sistema":"DISPERSA","prestador":"ASOCIACION DE USUARIOS ACUEDUCTO EL DIAMANTE","localidades":"EL DIAMANTE","suscriptores":32,"poblacion":128,"forma_organizativa":"Autogestion","tipo_tratamiento":"Solo desinfección","algun_tratamiento":"","cantidad_fuentes":1,"fuente_abastecimiento":"LA DIAMANTINA","tipo_fuente":"Superficial","estado_fuentes":"CON FUENTE ASOCIADA"}},{"type":"Feature","geometry":{"type":"Point","coordinates":[-76.57649,3.854656]},"properties":{"id_maestro":"ACUEDUCTO_0437","codigo_actual":"233","codigo_anterior":"65691","codigo_muestreo":107582,"municipio":"RESTREPO","aro":"Centro Tuluá","ambito":"Rural","tipo_sistema":"DISPERSA","prestador":"ASOCIACION DE USUARIOS DEL ACUEDUCTO ACUA PUERTA NEGRA","localidades":"PUERTA NEGRA","suscriptores":45,"poblacion":180,"forma_organizativa":"Autogestion","tipo_tratamiento":"Filtración Compacta","algun_tratamiento":1,"cantidad_fuentes":1,"fuente_abastecimiento":"LA CASCADA","tipo_fuente":"Superficial","estado_fuentes":"CON FUENTE ASOCIADA"}},{"type":"Feature","geometry":{"type":"Point","coordinates":[-76.55581,3.721028]},"properties":{"id_maestro":"ACUEDUCTO_0438","codigo_actual":"547","codigo_anterior":"58639","codigo_muestreo":118457,"municipio":"RESTREPO","aro":"Centro Tuluá","ambito":"Rural","tipo_sistema":"DISPERSA","prestador":"ASOCIACION DE USUARIOS DEL ACUEDUCTO AGUACATE-POTERILLO","localidades":"POTRERILLO","suscriptores":98,"poblacion":392,"forma_organizativa":"Autogestion","tipo_tratamiento":"FIME","algun_tratamiento":1,"cantidad_fuentes":1,"fuente_abastecimiento":"SINAI","tipo_fuente":"Superficial","estado_fuentes":"CON FUENTE ASOCIADA"}},{"type":"Feature","geometry":{"type":"Point","coordinates":[-76.50113,3.826411]},"properties":{"id_maestro":"ACUEDUCTO_0439","codigo_actual":"3400","codigo_anterior":"103473","codigo_muestreo":118486,"municipio":"RESTREPO","aro":"Centro Tuluá","ambito":"Rural","tipo_sistema":"DISPERSA","prestador":"ASOCIACION DE USUARIOS DEL ACUEDUCTO AGUALINDA ALTO","localidades":"AGUALINDA ALTO","suscriptores":9,"poblacion":36,"forma_organizativa":"Autogestion","tipo_tratamiento":"Soluciones_Individuales","algun_tratamiento":"","cantidad_fuentes":1,"fuente_abastecimiento":"AGUA LINDA","tipo_fuente":"Superficial","estado_fuentes":"CON FUENTE ASOCIADA"}},{"type":"Feature","geometry":{"type":"Point","coordinates":[-76.49613,3.814467]},"properties":{"id_maestro":"ACUEDUCTO_0440","codigo_actual":"2062","codigo_anterior":"62249","codigo_muestreo":118437,"municipio":"RESTREPO","aro":"Centro Tuluá","ambito":"Rural","tipo_sistema":"DISPERSA","prestador":"ASOCIACION DE USUARIOS DEL ACUEDUCTO DE LA CUENCA DEL ALTO CIELO Y LA TESALIA ESP","localidades":"ALTO CIELO Y LA TESALIA","suscriptores":null,"poblacion":null,"forma_organizativa":"Autogestion","tipo_tratamiento":"Filtración Compacta","algun_tratamiento":1,"cantidad_fuentes":2,"fuente_abastecimiento":"ALTO CIELO, LA TESALIA","tipo_fuente":"Superficial","estado_fuentes":"CON FUENTE ASOCIADA"}},{"type":"Feature","geometry":{"type":"Point","coordinates":[-76.52223,3.830575]},"properties":{"id_maestro":"ACUEDUCTO_0441","codigo_actual":"402","codigo_anterior":"117141","codigo_muestreo":118455,"municipio":"RESTREPO","aro":"Centro Tuluá","ambito":"Rural","tipo_sistema":"DISPERSA","prestador":"ASOCIACION DE USUARIOS DEL ACUEDUCTO DE LA VEREDA LA ITALIA - ACUAITALIA","localidades":"LA ITALIA","suscriptores":50,"poblacion":200,"forma_organizativa":"Autogestion","tipo_tratamiento":"Ninguno","algun_tratamiento":"","cantidad_fuentes":1,"fuente_abastecimiento":"ALTO CIELO","tipo_fuente":"Superficial","estado_fuentes":"CON FUENTE ASOCIADA"}},{"type":"Feature","geometry":{"type":"Point","coordinates":[-76.47919,3.774444]},"properties":{"id_maestro":"ACUEDUCTO_0442","codigo_actual":"2888","codigo_anterior":"43084","codigo_muestreo":32452,"municipio":"RESTREPO","aro":"Sur Cali","ambito":"Rural","tipo_sistema":"DISPERSA","prestador":"ASOCIACIÓN DE USUARIOS DEL SERVICIO DE AGUA POTABLE PUEBLO NUEVO Y CABILDO NIAZA-ACUANIPU","localidades":"PUEBLO NUEVO,CABILDO NIAZA (RESTREPO)","suscriptores":94,"poblacion":376,"forma_organizativa":"Autogestion","tipo_tratamiento":"FIME","algun_tratamiento":1,"cantidad_fuentes":0,"fuente_abastecimiento":"","tipo_fuente":"","estado_fuentes":"SIN FUENTE ASOCIADA"}},{"type":"Feature","geometry":{"type":"Point","coordinates":[-76.54448,3.825875]},"properties":{"id_maestro":"ACUEDUCTO_0443","codigo_actual":"503","codigo_anterior":"58640","codigo_muestreo":119864,"municipio":"RESTREPO","aro":"Centro Tuluá","ambito":"Rural","tipo_sistema":"DISPERSA","prestador":"ASOCIACION DE USUARIOS DEL SISTEMA Y SUMINISTRO DE AGUA DE LA VEREDA CALIMITA","localidades":"CALIMITA","suscriptores":85,"poblacion":340,"forma_organizativa":"Autogestion","tipo_tratamiento":"Filtración Compacta","algun_tratamiento":1,"cantidad_fuentes":1,"fuente_abastecimiento":"LA  TOBÓN","tipo_fuente":"Superficial","estado_fuentes":"CON FUENTE ASOCIADA"}},{"type":"Feature","geometry":{"type":"Point","coordinates":[-76.4739,3.822928]},"properties":{"id_maestro":"ACUEDUCTO_0444","codigo_actual":"7545","codigo_anterior":"114304","codigo_muestreo":115553,"municipio":"RESTREPO","aro":"Centro Tuluá","ambito":"Rural","tipo_sistema":"DISPERSA","prestador":"ASOCIACION DE USUARIOS LA FLORIDA - ALTO DEL OSO 3","localidades":"LA CAMELIA, INSTITUCION EDUCATIVA, EL JARDIN","suscriptores":10,"poblacion":0,"forma_organizativa":"Autogestion","tipo_tratamiento":"Ninguno","algun_tratamiento":"","cantidad_fuentes":0,"fuente_abastecimiento":"","tipo_fuente":"","estado_fuentes":"SIN FUENTE ASOCIADA"}},{"type":"Feature","geometry":{"type":"Point","coordinates":[-76.521,3.848556]},"properties":{"id_maestro":"ACUEDUCTO_0445","codigo_actual":"502","codigo_anterior":"62093","codigo_muestreo":113048,"municipio":"RESTREPO","aro":"Centro Tuluá","ambito":"Rural","tipo_sistema":"DISPERSA","prestador":"ASOCIACION DE USUARIOS VEREDA AGUA MONA","localidades":"AGUA MONA","suscriptores":64,"poblacion":256,"forma_organizativa":"Autogestion","tipo_tratamiento":"Solo desinfección","algun_tratamiento":"","cantidad_fuentes":2,"fuente_abastecimiento":"ALTO CIELO, AGUA MONA","tipo_fuente":"Superficial","estado_fuentes":"CON FUENTE ASOCIADA"}},{"type":"Feature","geometry":{"type":"Point","coordinates":[-76.48893,3.811411]},"properties":{"id_maestro":"ACUEDUCTO_0446","codigo_actual":"2073","codigo_anterior":"59537","codigo_muestreo":113203,"municipio":"RESTREPO","aro":"Centro Tuluá","ambito":"Rural","tipo_sistema":"DISPERSA","prestador":"ASOCIACION DE USUARIOS Y/O SUSCRIPTORES DEL SERVICIO DE AGUA POTABLE DE LA VEREDA SANTA ROSA - AVESARO","localidades":"SANTA ROSA","suscriptores":97,"poblacion":388,"forma_organizativa":"Autogestion","tipo_tratamiento":"Soluciones_Individuales (30%)","algun_tratamiento":1,"cantidad_fuentes":1,"fuente_abastecimiento":"EL NILO","tipo_fuente":"Superficial","estado_fuentes":"CON FUENTE ASOCIADA"}},{"type":"Feature","geometry":{"type":"Point","coordinates":[-76.60946,3.801128]},"properties":{"id_maestro":"ACUEDUCTO_0447","codigo_actual":"3304","codigo_anterior":"121430","codigo_muestreo":107369,"municipio":"RESTREPO","aro":"Centro Tuluá","ambito":"Rural","tipo_sistema":"DISPERSA","prestador":"ASOCIACION USUARIOS COMUNIDAD VDA SAN SALVADOR Y EL SILENCIO - EL SILENCIO","localidades":"EL SILENCIO","suscriptores":73,"poblacion":292,"forma_organizativa":"Autogestion","tipo_tratamiento":"Solo desinfección","algun_tratamiento":"","cantidad_fuentes":2,"fuente_abastecimiento":"LA CASCADA DE SINAI, LA CASCADA","tipo_fuente":"Superficial","estado_fuentes":"CON FUENTE ASOCIADA"}},{"type":"Feature","geometry":{"type":"Point","coordinates":[-76.60946,3.801128]},"properties":{"id_maestro":"ACUEDUCTO_0448","codigo_actual":"3301","codigo_anterior":"104574","codigo_muestreo":107372,"municipio":"RESTREPO","aro":"Centro Tuluá","ambito":"Rural","tipo_sistema":"CENTRO POBLADO","prestador":"ASOCIACION USUARIOS COMUNIDAD VDA SAN SALVADOR Y EL SILENCIO - SAN SALVADOR","localidades":"SAN SALVADOR","suscriptores":49,"poblacion":196,"forma_organizativa":"Autogestion","tipo_tratamiento":"Ninguno","algun_tratamiento":"","cantidad_fuentes":0,"fuente_abastecimiento":"","tipo_fuente":"","estado_fuentes":"SIN FUENTE ASOCIADA"}},{"type":"Feature","geometry":{"type":"Point","coordinates":[-76.49974,3.804806]},"properties":{"id_maestro":"ACUEDUCTO_0449","codigo_actual":"3037","codigo_anterior":"117087","codigo_muestreo":124785,"municipio":"RESTREPO","aro":"Centro Tuluá","ambito":"Rural","tipo_sistema":"DISPERSA","prestador":"ASOCIACION USUARIOS DEL ACUEDUCTO AGUA DE DIOS","localidades":"EL AGRADO","suscriptores":20,"poblacion":80,"forma_organizativa":"Autogestion","tipo_tratamiento":"Soluciones_Individuales","algun_tratamiento":"","cantidad_fuentes":1,"fuente_abastecimiento":"AGUA DE DIOS","tipo_fuente":"Superficial","estado_fuentes":"CON FUENTE ASOCIADA"}},{"type":"Feature","geometry":{"type":"Point","coordinates":[-76.59367,3.827764]},"properties":{"id_maestro":"ACUEDUCTO_0450","codigo_actual":"3299","codigo_anterior":"65689","codigo_muestreo":107580,"municipio":"RESTREPO","aro":"Centro Tuluá","ambito":"Rural","tipo_sistema":"DISPERSA","prestador":"ASOCIACON DE USUARIOS DEL SERVICIO DE AGUA DEL ACEUDUCTO PLAYA RICA - LA GUAIRA","localidades":"PLAYA RICA","suscriptores":90,"poblacion":360,"forma_organizativa":"Autogestion","tipo_tratamiento":"Solo desinfección","algun_tratamiento":"","cantidad_fuentes":2,"fuente_abastecimiento":"PLAYA RICA, LA TIGRESA","tipo_fuente":"Superficial","estado_fuentes":"CON FUENTE ASOCIADA"}},{"type":"Feature","geometry":{"type":"Point","coordinates":[-76.56303,3.755825]},"properties":{"id_maestro":"ACUEDUCTO_0451","codigo_actual":"3862","codigo_anterior":"109633","codigo_muestreo":109634,"municipio":"RESTREPO","aro":"Centro Tuluá","ambito":"Rural","tipo_sistema":"DISPERSA","prestador":"JUNTA ADMINISTRADORA ACUEDUCTO DOS PIEDRAS","localidades":"RIO GRANDE","suscriptores":36,"poblacion":144,"forma_organizativa":"Autogestion","tipo_tratamiento":"Soluciones_Individuales","algun_tratamiento":1,"cantidad_fuentes":1,"fuente_abastecimiento":"NACIMIENTO DOS PIEDRAS","tipo_fuente":"Subterránea","estado_fuentes":"CON FUENTE ASOCIADA"}},{"type":"Feature","geometry":{"type":"Point","coordinates":[-76.57909,3.771183]},"properties":{"id_maestro":"ACUEDUCTO_0452","codigo_actual":"13516","codigo_anterior":"125767","codigo_muestreo":121978,"municipio":"RESTREPO","aro":"Centro Tuluá","ambito":"Rural","tipo_sistema":"DISPERSA","prestador":"JUNTA ADMINISTRADORA ACUEDUCTO ROMAN","localidades":"ROMAN","suscriptores":23,"poblacion":92,"forma_organizativa":"Autogestion","tipo_tratamiento":"Soluciones_Individuales","algun_tratamiento":"","cantidad_fuentes":1,"fuente_abastecimiento":"QUEBRADA EL SINAI","tipo_fuente":"Superficial","estado_fuentes":"CON FUENTE ASOCIADA"}},{"type":"Feature","geometry":{"type":"Point","coordinates":[-76.54292,3.800833]},"properties":{"id_maestro":"ACUEDUCTO_0453","codigo_actual":"SD","codigo_anterior":"143556","codigo_muestreo":143557,"municipio":"RESTREPO","aro":"Centro Tuluá","ambito":"Rural","tipo_sistema":"DISPERSA","prestador":"PARCELACION ECOLOGICA VILLA DEL SOL","localidades":"PARCELACION ECOLOGICA VILLA DEL SOL","suscriptores":52,"poblacion":208,"forma_organizativa":"Autogestion","tipo_tratamiento":"Ninguno","algun_tratamiento":"","cantidad_fuentes":0,"fuente_abastecimiento":"","tipo_fuente":"","estado_fuentes":"SIN FUENTE ASOCIADA"}},{"type":"Feature","geometry":{"type":"Point","coordinates":[-76.52113,3.82328]},"properties":{"id_maestro":"ACUEDUCTO_0455","codigo_actual":"190","codigo_anterior":"58657","codigo_muestreo":106141,"municipio":"RESTREPO","aro":"Centro Tuluá","ambito":"Urbano","tipo_sistema":"CABECERA MUNICIPAL","prestador":"SOCIEDAD DE ACUEDUCTOS Y ALCANTARILLADOS DEL VALLE DEL CAUCA S.A. E.S.P. ACUAVALLE S.A. E.S.P.-RESTREPO","localidades":"URBANO, AGUALINDA, EL AGRADO, AGUAMONA, CALIMITA, SAN PABLO, EL MADROÑAL, EL TRANSPORTE","suscriptores":4350,"poblacion":17400,"forma_organizativa":"Empresa de Servicios Púplicos","tipo_tratamiento":"Convencional","algun_tratamiento":1,"cantidad_fuentes":2,"fuente_abastecimiento":"LA ITALIA, LA MANCHA","tipo_fuente":"Superficial","estado_fuentes":"CON FUENTE ASOCIADA"}},{"type":"Feature","geometry":{"type":"Point","coordinates":[-76.55223,3.852786]},"properties":{"id_maestro":"ACUEDUCTO_0456","codigo_actual":"157","codigo_anterior":"70676","codigo_muestreo":115189,"municipio":"RESTREPO","aro":"Centro Tuluá","ambito":"Rural","tipo_sistema":"DISPERSA","prestador":"SOCIEDAD DE ACUEDUCTOS Y ALCANTARILLADOS DEL VALLE DEL CAUCA S.A. E.S.P. ACUAVALLE S.A. E.S.P.-TABLEROS","localidades":"TABLEROS","suscriptores":429,"poblacion":1716,"forma_organizativa":"Autogestion","tipo_tratamiento":"Convencional","algun_tratamiento":1,"cantidad_fuentes":1,"fuente_abastecimiento":"LA MANCHA","tipo_fuente":"Superficial","estado_fuentes":"CON FUENTE ASOCIADA"}},{"type":"Feature","geometry":{"type":"Point","coordinates":[-76.38447,4.049175]},"properties":{"id_maestro":"ACUEDUCTO_0457","codigo_actual":"6507","codigo_anterior":"125791","codigo_muestreo":144887,"municipio":"RIO FRIO","aro":"Centro Tuluá","ambito":"Rural","tipo_sistema":"DISPERSA","prestador":"ACUAMIRAVALLE","localidades":"MIRAVALLE ALTO","suscriptores":32,"poblacion":128,"forma_organizativa":"Autogestion","tipo_tratamiento":"Ninguno","algun_tratamiento":"","cantidad_fuentes":1,"fuente_abastecimiento":"SUPERFICIAL QUEBRADA","tipo_fuente":"Superficial","estado_fuentes":"CON FUENTE ASOCIADA"}},{"type":"Feature","geometry":{"type":"Point","coordinates":[-76.37058,4.152328]},"properties":{"id_maestro":"ACUEDUCTO_0458","codigo_actual":"22040","codigo_anterior":"125433","codigo_muestreo":128126,"municipio":"RIO FRIO","aro":"Centro Tuluá","ambito":"Rural","tipo_sistema":"DISPERSA","prestador":"ACUARABIA","localidades":"EL DINDE, LA ARABIA , HOJAS ANCHAS","suscriptores":55,"poblacion":220,"forma_organizativa":"Autogestion","tipo_tratamiento":"Ninguno","algun_tratamiento":"","cantidad_fuentes":1,"fuente_abastecimiento":"RIO ARAUCA","tipo_fuente":"Superficial","estado_fuentes":"CON FUENTE ASOCIADA"}},{"type":"Feature","geometry":{"type":"Point","coordinates":[-76.40058,4.01945]},"properties":{"id_maestro":"ACUEDUCTO_0459","codigo_actual":"13337","codigo_anterior":"125716","codigo_muestreo":126703,"municipio":"RIO FRIO","aro":"Centro Tuluá","ambito":"Rural","tipo_sistema":"DISPERSA","prestador":"ACUEDUCTO DOS QUEBRADAS","localidades":"EL RUBI","suscriptores":26,"poblacion":104,"forma_organizativa":"Autogestion","tipo_tratamiento":"Ninguno","algun_tratamiento":"","cantidad_fuentes":1,"fuente_abastecimiento":"BUENOS AIRES","tipo_fuente":"Superficial","estado_fuentes":"CON FUENTE ASOCIADA"}},{"type":"Feature","geometry":{"type":"Point","coordinates":[-76.3875,4.121944]},"properties":{"id_maestro":"ACUEDUCTO_0460","codigo_actual":"15897","codigo_anterior":"130405","codigo_muestreo":126012,"municipio":"RIO FRIO","aro":"Centro Tuluá","ambito":"Rural","tipo_sistema":"CENTRO POBLADO","prestador":"ACUEDUCTO LAS BRISAS","localidades":"LAS BRISAS","suscriptores":12,"poblacion":36,"forma_organizativa":"Autogestion","tipo_tratamiento":"Soluciones_Individuales","algun_tratamiento":1,"cantidad_fuentes":1,"fuente_abastecimiento":"FINCA LA MARIA","tipo_fuente":"Subterránea","estado_fuentes":"CON FUENTE ASOCIADA"}},{"type":"Feature","geometry":{"type":"Point","coordinates":[-76.40027,4.040844]},"properties":{"id_maestro":"ACUEDUCTO_0461","codigo_actual":"6869","codigo_anterior":"113701","codigo_muestreo":113703,"municipio":"RIO FRIO","aro":"Centro Tuluá","ambito":"Rural","tipo_sistema":"DISPERSA","prestador":"ACUEDUCTO MIRAVALLE","localidades":"MIRAVALLE","suscriptores":27,"poblacion":108,"forma_organizativa":"Autogestion","tipo_tratamiento":"Ninguno","algun_tratamiento":"","cantidad_fuentes":1,"fuente_abastecimiento":"EL TREBOL","tipo_fuente":"Superficial","estado_fuentes":"CON FUENTE ASOCIADA"}},{"type":"Feature","geometry":{"type":"Point","coordinates":[-76.375,4.131944]},"properties":{"id_maestro":"ACUEDUCTO_0462","codigo_actual":"9390","codigo_anterior":"61929","codigo_muestreo":120406,"municipio":"RIO FRIO","aro":"Centro Tuluá","ambito":"Rural","tipo_sistema":"DISPERSA","prestador":"ACUEDUCTO MORROPLANCHO BAJO","localidades":"MORROPLANCHO BAJO","suscriptores":20,"poblacion":80,"forma_organizativa":"Autogestion","tipo_tratamiento":"Solo desinfección","algun_tratamiento":"","cantidad_fuentes":1,"fuente_abastecimiento":"MORROPLANCHO BAJO","tipo_fuente":"Subterránea","estado_fuentes":"CON FUENTE ASOCIADA"}},{"type":"Feature","geometry":{"type":"Point","coordinates":[-76.39806,4.030508]},"properties":{"id_maestro":"ACUEDUCTO_0463","codigo_actual":"7303","codigo_anterior":"113256","codigo_muestreo":113255,"municipio":"RIO FRIO","aro":"Centro Tuluá","ambito":"Rural","tipo_sistema":"DISPERSA","prestador":"ACUEDUCTO RURAL COROZAL","localidades":"COROZAL","suscriptores":62,"poblacion":248,"forma_organizativa":"Autogestion","tipo_tratamiento":"Soluciones_Individuales","algun_tratamiento":"","cantidad_fuentes":1,"fuente_abastecimiento":"BELLAVISTA","tipo_fuente":"Superficial","estado_fuentes":"CON FUENTE ASOCIADA"}},{"type":"Feature","geometry":{"type":"Point","coordinates":[-76.39735,4.117239]},"properties":{"id_maestro":"ACUEDUCTO_0464","codigo_actual":"3703","codigo_anterior":"113258","codigo_muestreo":113257,"municipio":"RIO FRIO","aro":"Centro Tuluá","ambito":"Rural","tipo_sistema":"DISPERSA","prestador":"ACUEDUCTO RURAL SAN ALFONSO","localidades":"SAN ALFONSO","suscriptores":36,"poblacion":144,"forma_organizativa":"Autogestion","tipo_tratamiento":"Ninguno","algun_tratamiento":"","cantidad_fuentes":0,"fuente_abastecimiento":"","tipo_fuente":"","estado_fuentes":"SIN FUENTE ASOCIADA"}},{"type":"Feature","geometry":{"type":"Point","coordinates":[-76.42224,4.123894]},"properties":{"id_maestro":"ACUEDUCTO_0466","codigo_actual":"15486","codigo_anterior":"122338","codigo_muestreo":122982,"municipio":"RIO FRIO","aro":"Centro Tuluá","ambito":"Rural","tipo_sistema":"DISPERSA","prestador":"ACUEDUCTO VEREDA EL CARMEN","localidades":"EL CARMEN","suscriptores":33,"poblacion":132,"forma_organizativa":"Autogestion","tipo_tratamiento":"Soluciones_Individuales","algun_tratamiento":1,"cantidad_fuentes":1,"fuente_abastecimiento":"FINCA LA MULA","tipo_fuente":"Subterránea","estado_fuentes":"CON FUENTE ASOCIADA"}},{"type":"Feature","geometry":{"type":"Point","coordinates":[-76.40751,4.017886]},"properties":{"id_maestro":"ACUEDUCTO_0467","codigo_actual":"13515","codigo_anterior":"125719","codigo_muestreo":126702,"municipio":"RIO FRIO","aro":"Centro Tuluá","ambito":"Rural","tipo_sistema":"DISPERSA","prestador":"ACUEDUCTO VEREDA EL RUBI SECTOR LA CANCHA","localidades":"EL RUBI","suscriptores":30,"poblacion":120,"forma_organizativa":"Autogestion","tipo_tratamiento":"Soluciones_Individuales","algun_tratamiento":1,"cantidad_fuentes":1,"fuente_abastecimiento":"RESTREPO","tipo_fuente":"Superficial","estado_fuentes":"CON FUENTE ASOCIADA"}},{"type":"Feature","geometry":{"type":"Point","coordinates":[-76.28479,4.117169]},"properties":{"id_maestro":"ACUEDUCTO_0468","codigo_actual":"504","codigo_anterior":"104015","codigo_muestreo":113539,"municipio":"RIO FRIO","aro":"Centro Tuluá","ambito":"Rural","tipo_sistema":"CENTRO POBLADO","prestador":"AGUA SULTANA","localidades":"LA SULTANA","suscriptores":35,"poblacion":140,"forma_organizativa":"Autogestion","tipo_tratamiento":"Solo desinfección","algun_tratamiento":"","cantidad_fuentes":1,"fuente_abastecimiento":"LA ESPERANZA","tipo_fuente":"Superficial","estado_fuentes":"CON FUENTE ASOCIADA"}},{"type":"Feature","geometry":{"type":"Point","coordinates":[-76.40301,4.105297]},"properties":{"id_maestro":"ACUEDUCTO_0469","codigo_actual":"2766","codigo_anterior":"63927","codigo_muestreo":120407,"municipio":"RIO FRIO","aro":"Centro Tuluá","ambito":"Rural","tipo_sistema":"DISPERSA","prestador":"ASOCIACION DE USUARIOS ACUEDUCTO AGUAS ARRIBA- LA JUDEA","localidades":"LA JUDEA (120407)","suscriptores":30,"poblacion":120,"forma_organizativa":"Autogestion","tipo_tratamiento":"Solo desinfección","algun_tratamiento":"","cantidad_fuentes":1,"fuente_abastecimiento":"LA PROFUNDA","tipo_fuente":"Superficial","estado_fuentes":"CON FUENTE ASOCIADA"}},{"type":"Feature","geometry":{"type":"Point","coordinates":[-76.38801,4.036067]},"properties":{"id_maestro":"ACUEDUCTO_0470","codigo_actual":"181","codigo_anterior":"61928","codigo_muestreo":113253,"municipio":"RIO FRIO","aro":"Centro Tuluá","ambito":"Rural","tipo_sistema":"DISPERSA","prestador":"ASOCIACION DE USUARIOS DEL ACUEDUCTO DE LA VEREDA DE CALABAZAS","localidades":"CALABAZAS","suscriptores":118,"poblacion":472,"forma_organizativa":"Autogestion","tipo_tratamiento":"Ninguno","algun_tratamiento":"","cantidad_fuentes":1,"fuente_abastecimiento":"BELLAVISTA","tipo_fuente":"Superficial","estado_fuentes":"CON FUENTE ASOCIADA"}},{"type":"Feature","geometry":{"type":"Point","coordinates":[-76.38352,4.093542]},"properties":{"id_maestro":"ACUEDUCTO_0471","codigo_actual":"2749","codigo_anterior":"113536","codigo_muestreo":113233,"municipio":"RIO FRIO","aro":"Centro Tuluá","ambito":"Rural","tipo_sistema":"CENTRO POBLADO","prestador":"ASOCIACION DE USUARIOS DEL ACUEDUCTO EL DIAMANTE - LA ZULIA","localidades":"LA ZULIA","suscriptores":58,"poblacion":232,"forma_organizativa":"Autogestion","tipo_tratamiento":"Solo desinfección","algun_tratamiento":"","cantidad_fuentes":1,"fuente_abastecimiento":"LA ZULIA","tipo_fuente":"Superficial","estado_fuentes":"CON FUENTE ASOCIADA"}},{"type":"Feature","geometry":{"type":"Point","coordinates":[-76.39933,4.125267]},"properties":{"id_maestro":"ACUEDUCTO_0472","codigo_actual":"3704","codigo_anterior":"122336","codigo_muestreo":122983,"municipio":"RIO FRIO","aro":"Centro Tuluá","ambito":"Rural","tipo_sistema":"DISPERSA","prestador":"ASOCIACION DE USUARIOS DEL ACUEDUCTO RURAL CAMPESINO DE LA VEREDA LA CRISTALINA","localidades":"LA CRISTALINA","suscriptores":25,"poblacion":100,"forma_organizativa":"Autogestion","tipo_tratamiento":"Ninguno","algun_tratamiento":"","cantidad_fuentes":1,"fuente_abastecimiento":"LA CRISTALINA","tipo_fuente":"Superficial","estado_fuentes":"CON FUENTE ASOCIADA"}},{"type":"Feature","geometry":{"type":"Point","coordinates":[-76.3864,4.076692]},"properties":{"id_maestro":"ACUEDUCTO_0473","codigo_actual":"510","codigo_anterior":"58606","codigo_muestreo":115182,"municipio":"RIO FRIO","aro":"Centro Tuluá","ambito":"Rural","tipo_sistema":"CENTRO POBLADO","prestador":"FUNDACION DE USUARIOS DEL ACUEDUCTO COREGIMIENTO FENICIA","localidades":"PUERTO FENICIA","suscriptores":776,"poblacion":3108,"forma_organizativa":"Autogestion","tipo_tratamiento":"Solo desinfección","algun_tratamiento":"","cantidad_fuentes":1,"fuente_abastecimiento":"TESORITO","tipo_fuente":"Superficial","estado_fuentes":"CON FUENTE ASOCIADA"}},{"type":"Feature","geometry":{"type":"Point","coordinates":[-76.25993,4.1802]},"properties":{"id_maestro":"ACUEDUCTO_0474","codigo_actual":"513","codigo_anterior":"59156","codigo_muestreo":113460,"municipio":"RIO FRIO","aro":"Centro Tuluá","ambito":"Rural","tipo_sistema":"CENTRO POBLADO","prestador":"FUNDACION DE USUARIOS DEL ACUEDUCTO DE LA VEREDA DE MADRIGAL","localidades":"MADRIGAL","suscriptores":72,"poblacion":288,"forma_organizativa":"Autogestion","tipo_tratamiento":"Solo desinfección","algun_tratamiento":"","cantidad_fuentes":1,"fuente_abastecimiento":"SAN JOSE","tipo_fuente":"Superficial","estado_fuentes":"CON FUENTE ASOCIADA"}},{"type":"Feature","geometry":{"type":"Point","coordinates":[-76.365,4.051786]},"properties":{"id_maestro":"ACUEDUCTO_0475","codigo_actual":"507","codigo_anterior":"59636","codigo_muestreo":113461,"municipio":"RIO FRIO","aro":"Centro Tuluá","ambito":"Rural","tipo_sistema":"CENTRO POBLADO","prestador":"FUNDACION DE USUARIOS DEL ACUEDUCTO DEL CORREGIMIENTO DE PORTUGAL DE PIEDRAS - ACUEPORT","localidades":"PORTUGAL DE PIEDRAS","suscriptores":131,"poblacion":650,"forma_organizativa":"Autogestion","tipo_tratamiento":"Solo desinfección","algun_tratamiento":"","cantidad_fuentes":1,"fuente_abastecimiento":"EL BOSQUE","tipo_fuente":"Superficial","estado_fuentes":"CON FUENTE ASOCIADA"}},{"type":"Feature","geometry":{"type":"Point","coordinates":[-76.37171,4.127136]},"properties":{"id_maestro":"ACUEDUCTO_0476","codigo_actual":"180","codigo_anterior":"58946","codigo_muestreo":109213,"municipio":"RIO FRIO","aro":"Centro Tuluá","ambito":"Rural","tipo_sistema":"CENTRO POBLADO","prestador":"FUNDACION USUARIOS ACUEDUCTO SALONICA \"ACUASALONICA\"","localidades":"SALÓNICA","suscriptores":850,"poblacion":3200,"forma_organizativa":"Empresa de Servicios Púplicos","tipo_tratamiento":"FIME","algun_tratamiento":1,"cantidad_fuentes":0,"fuente_abastecimiento":"","tipo_fuente":"","estado_fuentes":"SIN FUENTE ASOCIADA"}},{"type":"Feature","geometry":{"type":"Point","coordinates":[-76.37521,4.107797]},"properties":{"id_maestro":"ACUEDUCTO_0477","codigo_actual":"7591","codigo_anterior":"58642","codigo_muestreo":113669,"municipio":"RIO FRIO","aro":"Centro Tuluá","ambito":"Rural","tipo_sistema":"DISPERSA","prestador":"JUNTA ADMINISTRADORA ACUAGUAYABAL","localidades":"GUAYABAL","suscriptores":35,"poblacion":140,"forma_organizativa":"Autogestion","tipo_tratamiento":"Solo desinfección","algun_tratamiento":"","cantidad_fuentes":1,"fuente_abastecimiento":"SANTA RITA","tipo_fuente":"Subterránea","estado_fuentes":"CON FUENTE ASOCIADA"}},{"type":"Feature","geometry":{"type":"Point","coordinates":[-76.40312,4.083111]},"properties":{"id_maestro":"ACUEDUCTO_0478","codigo_actual":"6791","codigo_anterior":"113729","codigo_muestreo":113728,"municipio":"RIO FRIO","aro":"Centro Tuluá","ambito":"Rural","tipo_sistema":"DISPERSA","prestador":"JUNTA ADMINISTRADORA ACUAITALIA","localidades":"LA ITALIA","suscriptores":31,"poblacion":124,"forma_organizativa":"Autogestion","tipo_tratamiento":"Ninguno","algun_tratamiento":"","cantidad_fuentes":1,"fuente_abastecimiento":"EL OSO","tipo_fuente":"Superficial","estado_fuentes":"CON FUENTE ASOCIADA"}},{"type":"Feature","geometry":{"type":"Point","coordinates":[-76.31501,4.095581]},"properties":{"id_maestro":"ACUEDUCTO_0479","codigo_actual":"505","codigo_anterior":"61927","codigo_muestreo":113463,"municipio":"RIO FRIO","aro":"Centro Tuluá","ambito":"Rural","tipo_sistema":"CENTRO POBLADO","prestador":"JUNTA ADMINISTRADORA ACUEDUCTO LOS ESTRECHOS","localidades":"LOS ESTRECHOS","suscriptores":33,"poblacion":132,"forma_organizativa":"Autogestion","tipo_tratamiento":"Solo desinfección","algun_tratamiento":"","cantidad_fuentes":1,"fuente_abastecimiento":"LIMONES","tipo_fuente":"Superficial","estado_fuentes":"CON FUENTE ASOCIADA"}},{"type":"Feature","geometry":{"type":"Point","coordinates":[-76.3978,4.140017]},"properties":{"id_maestro":"ACUEDUCTO_0480","codigo_actual":"9977","codigo_anterior":"58641","codigo_muestreo":113533,"municipio":"RIO FRIO","aro":"Centro Tuluá","ambito":"Rural","tipo_sistema":"DISPERSA","prestador":"JUNTA ADMINISTRADORA DEL ACUEDUCTO DE MORROPLANCHO ALTO","localidades":"MORROPLANCHO ALTO","suscriptores":44,"poblacion":176,"forma_organizativa":"Autogestion","tipo_tratamiento":"Solo desinfección","algun_tratamiento":"","cantidad_fuentes":0,"fuente_abastecimiento":"","tipo_fuente":"","estado_fuentes":"SIN FUENTE ASOCIADA"}},{"type":"Feature","geometry":{"type":"Point","coordinates":[-76.39841,4.098194]},"properties":{"id_maestro":"ACUEDUCTO_0481","codigo_actual":"2786","codigo_anterior":"66187","codigo_muestreo":113535,"municipio":"RIO FRIO","aro":"Centro Tuluá","ambito":"Rural","tipo_sistema":"CENTRO POBLADO","prestador":"JUNTA ADMINISTRADORA DEL ACUEDUCTO DE USUARIO DE LA ZULIA ACUAZULIA LOS ALPES","localidades":"LOS ALPES","suscriptores":180,"poblacion":720,"forma_organizativa":"Autogestion","tipo_tratamiento":"Solo desinfección","algun_tratamiento":"","cantidad_fuentes":1,"fuente_abastecimiento":"TERPELIA  O  EL OSO","tipo_fuente":"Superficial","estado_fuentes":"CON FUENTE ASOCIADA"}},{"type":"Feature","geometry":{"type":"Point","coordinates":[-76.2456,4.017519]},"properties":{"id_maestro":"ACUEDUCTO_0482","codigo_actual":"13341","codigo_anterior":"124646","codigo_muestreo":134792,"municipio":"RIO FRIO","aro":"Centro Tuluá","ambito":"Rural","tipo_sistema":"DISPERSA","prestador":"JUNTA DE ACUEDUCTO LA GUAIRA","localidades":"LA GUAIRA","suscriptores":22,"poblacion":88,"forma_organizativa":"Autogestion","tipo_tratamiento":"Ninguno","algun_tratamiento":"","cantidad_fuentes":0,"fuente_abastecimiento":"","tipo_fuente":"","estado_fuentes":"SIN FUENTE ASOCIADA"}},{"type":"Feature","geometry":{"type":"Point","coordinates":[-76.39173,4.047575]},"properties":{"id_maestro":"ACUEDUCTO_0484","codigo_actual":"518","codigo_anterior":"113731","codigo_muestreo":113730,"municipio":"RIO FRIO","aro":"Centro Tuluá","ambito":"Rural","tipo_sistema":"DISPERSA","prestador":"VEREDA SAN JOSE DE LA SELVA","localidades":"SAN JOSE DE LA SELVA","suscriptores":12,"poblacion":48,"forma_organizativa":"Autogestion","tipo_tratamiento":"Ninguno","algun_tratamiento":"","cantidad_fuentes":0,"fuente_abastecimiento":"","tipo_fuente":"","estado_fuentes":"SIN FUENTE ASOCIADA"}},{"type":"Feature","geometry":{"type":"Point","coordinates":[-76.0858,4.435006]},"properties":{"id_maestro":"ACUEDUCTO_0485","codigo_actual":"895","codigo_anterior":"58643","codigo_muestreo":113633,"municipio":"ROLDANILLO","aro":"Norte Cartago","ambito":"Rural","tipo_sistema":"DISPERSA","prestador":"ACUACAMPO: ISUGU EL SILENCIO PUERTO QUINTERO, CANDELARIA, PUEBLO NUEVO, EL RINCON, SIMON BOLIVAR Y REMOLINO","localidades":"ISUGU,EL RINCON,SIMON BOLIVAR, EL","suscriptores":587,"poblacion":2348,"forma_organizativa":"Empresa de Servicios Púplicos","tipo_tratamiento":"Bloque-Acuavalle","algun_tratamiento":1,"cantidad_fuentes":1,"fuente_abastecimiento":"S.A.R.A.B.R.U.T.","tipo_fuente":"Superficial","estado_fuentes":"CON FUENTE ASOCIADA"}},{"type":"Feature","geometry":{"type":"Point","coordinates":[-76.20439,4.4335]},"properties":{"id_maestro":"ACUEDUCTO_0486","codigo_actual":"3173","codigo_anterior":"118326","codigo_muestreo":113637,"municipio":"ROLDANILLO","aro":"Norte Cartago","ambito":"Rural","tipo_sistema":"DISPERSA","prestador":"ACUEDUCTO RURAL LA ARMENIA ALTA","localidades":"LA ARMENIA ALTA","suscriptores":14,"poblacion":56,"forma_organizativa":"Autogestion","tipo_tratamiento":"Soluciones_Individuales","algun_tratamiento":"","cantidad_fuentes":1,"fuente_abastecimiento":"QUEBRADA LA ARMENIA","tipo_fuente":"Superficial","estado_fuentes":"CON FUENTE ASOCIADA"}},{"type":"Feature","geometry":{"type":"Point","coordinates":[-76.1661,4.437667]},"properties":{"id_maestro":"ACUEDUCTO_0487","codigo_actual":"899","codigo_anterior":"103487","codigo_muestreo":113773,"municipio":"ROLDANILLO","aro":"Norte Cartago","ambito":"Rural","tipo_sistema":"DISPERSA","prestador":"ACUEDUCTO RURAL VEREDA EL PIE","localidades":"EL PIE","suscriptores":50,"poblacion":200,"forma_organizativa":"Autogestion","tipo_tratamiento":"Soluciones_Individuales","algun_tratamiento":"","cantidad_fuentes":1,"fuente_abastecimiento":"EL MESTIZO","tipo_fuente":"Superficial","estado_fuentes":"CON FUENTE ASOCIADA"}},{"type":"Feature","geometry":{"type":"Point","coordinates":[-76.19664,4.404831]},"properties":{"id_maestro":"ACUEDUCTO_0488","codigo_actual":"3174","codigo_anterior":"118488","codigo_muestreo":120056,"municipio":"ROLDANILLO","aro":"Norte Cartago","ambito":"Rural","tipo_sistema":"DISPERSA","prestador":"ACUEDUCTO RURAL VEREDA LA ARMENIA BAJA","localidades":"ARMENIA BAJA","suscriptores":27,"poblacion":108,"forma_organizativa":"Autogestion","tipo_tratamiento":"Ninguno","algun_tratamiento":"","cantidad_fuentes":1,"fuente_abastecimiento":"SARA BRUT","tipo_fuente":"Superficial","estado_fuentes":"CON FUENTE ASOCIADA"}},{"type":"Feature","geometry":{"type":"Point","coordinates":[-76.21154,4.382006]},"properties":{"id_maestro":"ACUEDUCTO_0489","codigo_actual":"3171","codigo_anterior":"60383","codigo_muestreo":113640,"municipio":"ROLDANILLO","aro":"Norte Cartago","ambito":"Rural","tipo_sistema":"DISPERSA","prestador":"ASOCIACION COMUNITARIA ADMINISTRADORA DEL ACUEDUCTO LA VEREDA LA SOLEDAD EN LIQUIDACION","localidades":"LA SOLEDAD","suscriptores":90,"poblacion":360,"forma_organizativa":"Autogestion","tipo_tratamiento":"Solo desinfección","algun_tratamiento":"","cantidad_fuentes":2,"fuente_abastecimiento":"LA CRISTALINA 1, LA CRISTALINA 2","tipo_fuente":"Superficial","estado_fuentes":"CON FUENTE ASOCIADA"}},{"type":"Feature","geometry":{"type":"Point","coordinates":[-76.18919,4.384972]},"properties":{"id_maestro":"ACUEDUCTO_0490","codigo_actual":"13988","codigo_anterior":"61940","codigo_muestreo":113734,"municipio":"ROLDANILLO","aro":"Norte Cartago","ambito":"Rural","tipo_sistema":"DISPERSA","prestador":"ASOCIACION DE USUARIOS ACUEDUCTO VEREDA CASCARILLO ARCAS","localidades":"CASCARILLO","suscriptores":116,"poblacion":464,"forma_organizativa":"Autogestion","tipo_tratamiento":"Solo desinfección","algun_tratamiento":"","cantidad_fuentes":1,"fuente_abastecimiento":"PLATANARES","tipo_fuente":"Superficial","estado_fuentes":"CON FUENTE ASOCIADA"}},{"type":"Feature","geometry":{"type":"Point","coordinates":[-76.2153,4.477297]},"properties":{"id_maestro":"ACUEDUCTO_0491","codigo_actual":"1669","codigo_anterior":"61941","codigo_muestreo":113671,"municipio":"ROLDANILLO","aro":"Norte Cartago","ambito":"Rural","tipo_sistema":"CENTRO POBLADO","prestador":"ASOCIACION DE USUARIOS DEL ACUEDUCTO CAJAMARCA-SAN ISIDRO","localidades":"CAJAMARCA","suscriptores":221,"poblacion":884,"forma_organizativa":"Autogestion","tipo_tratamiento":"Solo desinfección","algun_tratamiento":"","cantidad_fuentes":2,"fuente_abastecimiento":"CHACHAFRUTO, LA MINA","tipo_fuente":"Superficial","estado_fuentes":"CON FUENTE ASOCIADA"}},{"type":"Feature","geometry":{"type":"Point","coordinates":[-76.23439,4.396208]},"properties":{"id_maestro":"ACUEDUCTO_0493","codigo_actual":"3168","codigo_anterior":"60379","codigo_muestreo":113645,"municipio":"ROLDANILLO","aro":"Norte Cartago","ambito":"Rural","tipo_sistema":"CENTRO POBLADO","prestador":"ASOCIACIÓN DE USUARIOS DEL ACUEDUCTO RURAL COMUNITARIO VEREDA EL RETIRO","localidades":"EL RETIRO","suscriptores":104,"poblacion":416,"forma_organizativa":"Autogestion","tipo_tratamiento":"Solo desinfección","algun_tratamiento":"","cantidad_fuentes":1,"fuente_abastecimiento":"LA PEDREGOZA","tipo_fuente":"Superficial","estado_fuentes":"CON FUENTE ASOCIADA"}},{"type":"Feature","geometry":{"type":"Point","coordinates":[-76.19656,4.454308]},"properties":{"id_maestro":"ACUEDUCTO_0494","codigo_actual":"1998","codigo_anterior":"62922","codigo_muestreo":113670,"municipio":"ROLDANILLO","aro":"Norte Cartago","ambito":"Rural","tipo_sistema":"DISPERSA","prestador":"ASOCIACION DE USUARIOS DEL ACUEDUCTO SANTA CLARA LA MONTAÑUELA","localidades":"LA MONTAÑUELA LIMONES EL CIRUELO EL OREGANO BUENAVISTA HOYO HONDO BELGICA","suscriptores":197,"poblacion":788,"forma_organizativa":"Autogestion","tipo_tratamiento":"Solo desinfección","algun_tratamiento":"","cantidad_fuentes":3,"fuente_abastecimiento":"SAN FERNANDO, LA COSTALERA, LOS PINOS","tipo_fuente":"Superficial","estado_fuentes":"CON FUENTE ASOCIADA"}},{"type":"Feature","geometry":{"type":"Point","coordinates":[-76.12,4.420511]},"properties":{"id_maestro":"ACUEDUCTO_0495","codigo_actual":"340","codigo_anterior":"60380","codigo_muestreo":113672,"municipio":"ROLDANILLO","aro":"Norte Cartago","ambito":"Rural","tipo_sistema":"DISPERSA","prestador":"ASOCIACION DE USUARIOS EL REY (ASUACOR)","localidades":"EL GUACHAL, LA CEIBA, REY ALTO, MEDIO Y BAJO","suscriptores":340,"poblacion":1360,"forma_organizativa":"Autogestion","tipo_tratamiento":"FIME","algun_tratamiento":1,"cantidad_fuentes":1,"fuente_abastecimiento":"EL MESTIZO","tipo_fuente":"Superficial","estado_fuentes":"CON FUENTE ASOCIADA"}},{"type":"Feature","geometry":{"type":"Point","coordinates":[-76.1986,4.395939]},"properties":{"id_maestro":"ACUEDUCTO_0496","codigo_actual":"892","codigo_anterior":"124840","codigo_muestreo":122723,"municipio":"ROLDANILLO","aro":"Norte Cartago","ambito":"Rural","tipo_sistema":"DISPERSA","prestador":"ASOCIACION DE USUARIOS VEREDA CACERES","localidades":"CACERES","suscriptores":22,"poblacion":88,"forma_organizativa":"Autogestion","tipo_tratamiento":"Soluciones_Individuales","algun_tratamiento":1,"cantidad_fuentes":1,"fuente_abastecimiento":"RIO CACERES","tipo_fuente":"Superficial","estado_fuentes":"CON FUENTE ASOCIADA"}},{"type":"Feature","geometry":{"type":"Point","coordinates":[-76.15447,4.416117]},"properties":{"id_maestro":"ACUEDUCTO_0497","codigo_actual":"53","codigo_anterior":"58659","codigo_muestreo":109447,"municipio":"ROLDANILLO","aro":"Norte Cartago","ambito":"Urbano","tipo_sistema":"CABECERA MUNICIPAL","prestador":"SOCIEDAD DE ACUEDUCTOS Y ALCANTARILLADOS DEL VALLE DEL CAUCA S.A. E.S.P. ACUAVALLE S.A. E.S.P. - ROLDANILLO","localidades":"URBANO,SANTA RITA, TIERRA BLANCA, EL PALMAR GUAYABAL, SAN JOSE DEL HOBO, IRRUPA, HIGUERON, MORELIA","suscriptores":11515,"poblacion":46060,"forma_organizativa":"Empresa de Servicios Púplicos","tipo_tratamiento":"Convencional","algun_tratamiento":1,"cantidad_fuentes":4,"fuente_abastecimiento":"ROLDANILLO, CACERES, LA CRISTALINA, S.A.R.A.B.R.U.T.","tipo_fuente":"Superficial","estado_fuentes":"CON FUENTE ASOCIADA"}},{"type":"Feature","geometry":{"type":"Point","coordinates":[-76.21686,3.948033]},"properties":{"id_maestro":"ACUEDUCTO_0498","codigo_actual":"17740","codigo_anterior":"132738","codigo_muestreo":134717,"municipio":"SAN PEDRO","aro":"Centro Tuluá","ambito":"Rural","tipo_sistema":"DISPERSA","prestador":"ACUEDUCTO LOS MATES ARENALES","localidades":"LOS MATES","suscriptores":17,"poblacion":68,"forma_organizativa":"Autogestion","tipo_tratamiento":"Soluciones_Individuales","algun_tratamiento":"","cantidad_fuentes":1,"fuente_abastecimiento":"QUEBRADA BAMBOCO","tipo_fuente":"Superficial","estado_fuentes":"CON FUENTE ASOCIADA"}},{"type":"Feature","geometry":{"type":"Point","coordinates":[-76.19001,3.917678]},"properties":{"id_maestro":"ACUEDUCTO_0499","codigo_actual":"18070","codigo_anterior":"104562","codigo_muestreo":113456,"municipio":"SAN PEDRO","aro":"Centro Tuluá","ambito":"Rural","tipo_sistema":"DISPERSA","prestador":"ACUEDUCTO RURAL GUAQUEROS-LA ESPERANZA","localidades":"GUAQUEROS,LA ESPERANZA","suscriptores":90,"poblacion":360,"forma_organizativa":"Autogestion","tipo_tratamiento":"Soluciones_Individuales","algun_tratamiento":"","cantidad_fuentes":1,"fuente_abastecimiento":"QUEBRADA LA ARTIETA","tipo_fuente":"Superficial","estado_fuentes":"CON FUENTE ASOCIADA"}},{"type":"Feature","geometry":{"type":"Point","coordinates":[-76.15982,3.953892]},"properties":{"id_maestro":"ACUEDUCTO_0500","codigo_actual":null,"codigo_anterior":"133290","codigo_muestreo":132702,"municipio":"SAN PEDRO","aro":"Centro Tuluá","ambito":"Rural","tipo_sistema":"DISPERSA","prestador":"ACUEDUCTO RURAL LA PRADERA","localidades":"LA PRADERA","suscriptores":25,"poblacion":100,"forma_organizativa":"Autogestion","tipo_tratamiento":"Ninguno","algun_tratamiento":"","cantidad_fuentes":1,"fuente_abastecimiento":"QUEBRADA LA PRADERA","tipo_fuente":"Superficial","estado_fuentes":"CON FUENTE ASOCIADA"}},{"type":"Feature","geometry":{"type":"Point","coordinates":[-76.21437,3.951683]},"properties":{"id_maestro":"ACUEDUCTO_0501","codigo_actual":"905","codigo_anterior":"113244","codigo_muestreo":113242,"municipio":"SAN PEDRO","aro":"Centro Tuluá","ambito":"Rural","tipo_sistema":"DISPERSA","prestador":"ACUEDUCTO RURAL LOS MATES","localidades":"LOS MATES","suscriptores":10,"poblacion":40,"forma_organizativa":"Autogestion","tipo_tratamiento":"Soluciones_Individuales","algun_tratamiento":"","cantidad_fuentes":1,"fuente_abastecimiento":"QUEBRADA MATES","tipo_fuente":"Superficial","estado_fuentes":"CON FUENTE ASOCIADA"}},{"type":"Feature","geometry":{"type":"Point","coordinates":[-76.17342,3.929822]},"properties":{"id_maestro":"ACUEDUCTO_0502","codigo_actual":"16737","codigo_anterior":"65685","codigo_muestreo":113451,"municipio":"SAN PEDRO","aro":"Centro Tuluá","ambito":"Rural","tipo_sistema":"CENTRO POBLADO","prestador":"ASOCIACION AGUAS DE BUENOS AIRES","localidades":"BUENOS AIRES","suscriptores":115,"poblacion":460,"forma_organizativa":"Autogestion","tipo_tratamiento":"Soluciones_Individuales","algun_tratamiento":"","cantidad_fuentes":1,"fuente_abastecimiento":"EL DANUBIO","tipo_fuente":"Superficial","estado_fuentes":"CON FUENTE ASOCIADA"}},{"type":"Feature","geometry":{"type":"Point","coordinates":[-76.2512,4.033892]},"properties":{"id_maestro":"ACUEDUCTO_0503","codigo_actual":"927","codigo_anterior":"60316","codigo_muestreo":111729,"municipio":"SAN PEDRO","aro":"Centro Tuluá","ambito":"Rural","tipo_sistema":"CENTRO POBLADO","prestador":"ASOCIACION DE SUSCRIPTORES ACUEDUCTO Y ALCANTARILLADO SAN JOSE","localidades":"SAN JOSE","suscriptores":403,"poblacion":1612,"forma_organizativa":"Empresa de Servicios Púplicos","tipo_tratamiento":"Pozo+Aireacion+Desinfección","algun_tratamiento":1,"cantidad_fuentes":0,"fuente_abastecimiento":"","tipo_fuente":"","estado_fuentes":"SIN FUENTE ASOCIADA"}},{"type":"Feature","geometry":{"type":"Point","coordinates":[-76.16678,3.966808]},"properties":{"id_maestro":"ACUEDUCTO_0504","codigo_actual":"1124","codigo_anterior":"58644","codigo_muestreo":115171,"municipio":"SAN PEDRO","aro":"Centro Tuluá","ambito":"Rural","tipo_sistema":"DISPERSA","prestador":"ASOCIACION DE USUARIOS DEL ACUEDUCTO MONTERREDONDO ESP","localidades":"MONTERREDONDO","suscriptores":120,"poblacion":480,"forma_organizativa":"Autogestion","tipo_tratamiento":"Soluciones_Individuales","algun_tratamiento":"","cantidad_fuentes":1,"fuente_abastecimiento":"QUEBRADA PAVAS","tipo_fuente":"Superficial","estado_fuentes":"CON FUENTE ASOCIADA"}},{"type":"Feature","geometry":{"type":"Point","coordinates":[-76.20056,4.018333]},"properties":{"id_maestro":"ACUEDUCTO_0505","codigo_actual":"194","codigo_anterior":"59536","codigo_muestreo":113646,"municipio":"SAN PEDRO","aro":"Centro Tuluá","ambito":"Rural","tipo_sistema":"DISPERSA","prestador":"ASOCIACION DE USUARIOS DEL ACUEDUCTO Y ALCANTARILLADO DEL CORREGIMIENTO LOS CHANCOS SAN PEDRO VALLE","localidades":"LOS CHANCOS","suscriptores":198,"poblacion":1345,"forma_organizativa":"Empresa de Servicios Púplicos","tipo_tratamiento":"FIME","algun_tratamiento":1,"cantidad_fuentes":1,"fuente_abastecimiento":"QUEBRADA ARTIETA","tipo_fuente":"Superficial","estado_fuentes":"CON FUENTE ASOCIADA"}},{"type":"Feature","geometry":{"type":"Point","coordinates":[-76.16773,3.943625]},"properties":{"id_maestro":"ACUEDUCTO_0506","codigo_actual":"16655","codigo_anterior":"62255","codigo_muestreo":113455,"municipio":"SAN PEDRO","aro":"Centro Tuluá","ambito":"Rural","tipo_sistema":"DISPERSA","prestador":"JUNTA ADMINISTRADORA ACUEDUCTO POSITOS","localidades":"POSITOS","suscriptores":30,"poblacion":120,"forma_organizativa":"Autogestion","tipo_tratamiento":"Ninguno","algun_tratamiento":"","cantidad_fuentes":1,"fuente_abastecimiento":"LA ITALIA","tipo_fuente":"Superficial","estado_fuentes":"CON FUENTE ASOCIADA"}},{"type":"Feature","geometry":{"type":"Point","coordinates":[-76.13092,3.944629]},"properties":{"id_maestro":"ACUEDUCTO_0507","codigo_actual":null,"codigo_anterior":"125759","codigo_muestreo":null,"municipio":"SAN PEDRO","aro":"Centro Tuluá","ambito":"Rural","tipo_sistema":"DISPERSA","prestador":"JUNTA DE ACCION COMUNAL CORREGIMIENTO LA ESMERALDA","localidades":"LA ESMERALDA","suscriptores":37,"poblacion":148,"forma_organizativa":"Autogestion","tipo_tratamiento":"Ninguno","algun_tratamiento":"","cantidad_fuentes":1,"fuente_abastecimiento":"SIN NOMBRE","tipo_fuente":"Subterránea","estado_fuentes":"CON FUENTE ASOCIADA"}},{"type":"Feature","geometry":{"type":"Point","coordinates":[-76.14278,3.95]},"properties":{"id_maestro":"ACUEDUCTO_0509","codigo_actual":"16853","codigo_anterior":"103644","codigo_muestreo":113454,"municipio":"SAN PEDRO","aro":"Centro Tuluá","ambito":"Rural","tipo_sistema":"DISPERSA","prestador":"LA SIRIA","localidades":"LA SIRIA","suscriptores":56,"poblacion":224,"forma_organizativa":"Autogestion","tipo_tratamiento":"Soluciones_Individuales","algun_tratamiento":"","cantidad_fuentes":1,"fuente_abastecimiento":"YARUMAL","tipo_fuente":"Superficial","estado_fuentes":"CON FUENTE ASOCIADA"}},{"type":"Feature","geometry":{"type":"Point","coordinates":[-76.22918,3.995283]},"properties":{"id_maestro":"ACUEDUCTO_0510","codigo_actual":"212","codigo_anterior":"58660","codigo_muestreo":110448,"municipio":"SAN PEDRO","aro":"Centro Tuluá","ambito":"Urbano","tipo_sistema":"CABECERA MUNICIPAL","prestador":"SOCIEDAD DE ACUEDUCTOS Y ALCANTARILLADOS DEL VALLE DEL CAUCA S.A. E.S.P. ACUAVALLE S.A. E.S.P. - SAN PEDRO","localidades":"URBANO, TODOS LOS SANTOS, PRESIDENTE, MONTEGRANDE,GUAYABAL, BELEN","suscriptores":4278,"poblacion":17112,"forma_organizativa":"Empresa de Servicios Púplicos","tipo_tratamiento":"Convencional","algun_tratamiento":1,"cantidad_fuentes":4,"fuente_abastecimiento":"PLATANERO, QUEBRADA LAS VIGAS, QUEBRADA LA ARTIETA, SAN PEDRO","tipo_fuente":"Superficial","estado_fuentes":"CON FUENTE ASOCIADA"}},{"type":"Feature","geometry":{"type":"Point","coordinates":[-75.91948,4.056972]},"properties":{"id_maestro":"ACUEDUCTO_0511","codigo_actual":"2162","codigo_anterior":"103485","codigo_muestreo":113237,"municipio":"SEVILLA","aro":"Centro Tuluá","ambito":"Rural","tipo_sistema":"DISPERSA","prestador":"ACUEDUCTO CIELO ROTO CANOAS","localidades":"CIELO ROTO CANOAS","suscriptores":33,"poblacion":132,"forma_organizativa":"Autogestion","tipo_tratamiento":"Solo desinfección","algun_tratamiento":"","cantidad_fuentes":1,"fuente_abastecimiento":"CIELO ROTO","tipo_fuente":"Superficial","estado_fuentes":"CON FUENTE ASOCIADA"}},{"type":"Feature","geometry":{"type":"Point","coordinates":[-75.92515,4.2233]},"properties":{"id_maestro":"ACUEDUCTO_0512","codigo_actual":"10478","codigo_anterior":"113723","codigo_muestreo":113722,"municipio":"SEVILLA","aro":"Centro Tuluá","ambito":"Rural","tipo_sistema":"DISPERSA","prestador":"ACUEDUCTO COMINALES","localidades":"COMINALES","suscriptores":5,"poblacion":20,"forma_organizativa":"Autogestion","tipo_tratamiento":"Ninguno","algun_tratamiento":"","cantidad_fuentes":0,"fuente_abastecimiento":"","tipo_fuente":"","estado_fuentes":"SIN FUENTE ASOCIADA"}},{"type":"Feature","geometry":{"type":"Point","coordinates":[-75.93888,4.264711]},"properties":{"id_maestro":"ACUEDUCTO_0513","codigo_actual":"6887","codigo_anterior":"113716","codigo_muestreo":113715,"municipio":"SEVILLA","aro":"Centro Tuluá","ambito":"Rural","tipo_sistema":"DISPERSA","prestador":"ACUEDUCTO DE SALDAÑA ACUASALDAÑA","localidades":"SALDAÑA","suscriptores":28,"poblacion":112,"forma_organizativa":"Autogestion","tipo_tratamiento":"Solo desinfección","algun_tratamiento":"","cantidad_fuentes":1,"fuente_abastecimiento":"MONTECRISTO","tipo_fuente":"Superficial","estado_fuentes":"CON FUENTE ASOCIADA"}},{"type":"Feature","geometry":{"type":"Point","coordinates":[-75.94798,4.274697]},"properties":{"id_maestro":"ACUEDUCTO_0514","codigo_actual":"558","codigo_anterior":"113662","codigo_muestreo":113663,"municipio":"SEVILLA","aro":"Centro Tuluá","ambito":"Rural","tipo_sistema":"DISPERSA","prestador":"ACUEDUCTO DE USUARIOS CONGAL ALTO","localidades":"CONGAL ALTO","suscriptores":16,"poblacion":64,"forma_organizativa":"Autogestion","tipo_tratamiento":"Solo desinfección","algun_tratamiento":"","cantidad_fuentes":1,"fuente_abastecimiento":"EL BOTERO","tipo_fuente":"Superficial","estado_fuentes":"CON FUENTE ASOCIADA"}},{"type":"Feature","geometry":{"type":"Point","coordinates":[-75.92056,4.239992]},"properties":{"id_maestro":"ACUEDUCTO_0515","codigo_actual":"20029","codigo_anterior":"113721","codigo_muestreo":113720,"municipio":"SEVILLA","aro":"Centro Tuluá","ambito":"Rural","tipo_sistema":"DISPERSA","prestador":"ACUEDUCTO MEDIO SAN MARCOS","localidades":"MEDIO SAN MARCOS","suscriptores":0,"poblacion":0,"forma_organizativa":"Autogestion","tipo_tratamiento":"Ninguno","algun_tratamiento":"","cantidad_fuentes":0,"fuente_abastecimiento":"","tipo_fuente":"","estado_fuentes":"SIN FUENTE ASOCIADA"}},{"type":"Feature","geometry":{"type":"Point","coordinates":[-75.90244,4.287031]},"properties":{"id_maestro":"ACUEDUCTO_0516","codigo_actual":"196","codigo_anterior":"126907","codigo_muestreo":127638,"municipio":"SEVILLA","aro":"Centro Tuluá","ambito":"Rural","tipo_sistema":"DISPERSA","prestador":"ACUEDUCTO RURAL EL CRUCERO - ACUACRUCERO","localidades":"EL CRUCERO","suscriptores":16,"poblacion":64,"forma_organizativa":"Autogestion","tipo_tratamiento":"Ninguno","algun_tratamiento":"","cantidad_fuentes":1,"fuente_abastecimiento":"NACIMIENTO EL ROCIO","tipo_fuente":"Subterránea","estado_fuentes":"CON FUENTE ASOCIADA"}},{"type":"Feature","geometry":{"type":"Point","coordinates":[-75.95674,4.198567]},"properties":{"id_maestro":"ACUEDUCTO_0517","codigo_actual":"2166","codigo_anterior":"147988","codigo_muestreo":147990,"municipio":"SEVILLA","aro":"Centro Tuluá","ambito":"Rural","tipo_sistema":"DISPERSA","prestador":"ACUEDUCTO RURAL LA FLORIDA","localidades":"LA FLORIDA","suscriptores":22,"poblacion":88,"forma_organizativa":"Autogestion","tipo_tratamiento":"Ninguno","algun_tratamiento":"","cantidad_fuentes":1,"fuente_abastecimiento":"NACIMIENTO MIRAVALLE","tipo_fuente":"Subterránea","estado_fuentes":"CON FUENTE ASOCIADA"}},{"type":"Feature","geometry":{"type":"Point","coordinates":[-75.91891,4.364722]},"properties":{"id_maestro":"ACUEDUCTO_0518","codigo_actual":"539","codigo_anterior":"58941","codigo_muestreo":115174,"municipio":"SEVILLA","aro":"Centro Tuluá","ambito":"Rural","tipo_sistema":"CENTRO POBLADO","prestador":"ADMINISTRACION COOPERATIVA SEVILLA E.S.P. LA CUCHILLA EL JARDIN","localidades":"LA CUCHILLA","suscriptores":196,"poblacion":784,"forma_organizativa":"Empresa de Servicios Púplicos","tipo_tratamiento":"FD+Desinfección+Soluciones_Individuales","algun_tratamiento":1,"cantidad_fuentes":0,"fuente_abastecimiento":"","tipo_fuente":"","estado_fuentes":"SIN FUENTE ASOCIADA"}},{"type":"Feature","geometry":{"type":"Point","coordinates":[-75.91881,4.348069]},"properties":{"id_maestro":"ACUEDUCTO_0519","codigo_actual":"540","codigo_anterior":"61994","codigo_muestreo":113447,"municipio":"SEVILLA","aro":"Centro Tuluá","ambito":"Rural","tipo_sistema":"DISPERSA","prestador":"ADMINISTRACION COOPERATIVA SEVILLA ESP-MANZANILLO","localidades":"MANZANILLO","suscriptores":56,"poblacion":224,"forma_organizativa":"Empresa de Servicios Púplicos","tipo_tratamiento":"Soluciones_Individuales","algun_tratamiento":"","cantidad_fuentes":0,"fuente_abastecimiento":"","tipo_fuente":"","estado_fuentes":"SIN FUENTE ASOCIADA"}},{"type":"Feature","geometry":{"type":"Point","coordinates":[-75.90694,4.314739]},"properties":{"id_maestro":"ACUEDUCTO_0520","codigo_actual":"541","codigo_anterior":"61998","codigo_muestreo":113055,"municipio":"SEVILLA","aro":"Centro Tuluá","ambito":"Rural","tipo_sistema":"DISPERSA","prestador":"ADMINISTRACION COOPERATIVA SEVILLA ESP-MORROAZUL","localidades":"MORRO AZUL","suscriptores":193,"poblacion":772,"forma_organizativa":"Empresa de Servicios Púplicos","tipo_tratamiento":"Solo desinfección","algun_tratamiento":"","cantidad_fuentes":0,"fuente_abastecimiento":"","tipo_fuente":"","estado_fuentes":"SIN FUENTE ASOCIADA"}},{"type":"Feature","geometry":{"type":"Point","coordinates":[-75.94613,4.100528]},"properties":{"id_maestro":"ACUEDUCTO_0521","codigo_actual":"543","codigo_anterior":"58793","codigo_muestreo":113648,"municipio":"SEVILLA","aro":"Centro Tuluá","ambito":"Rural","tipo_sistema":"DISPERSA","prestador":"ASOCIACION COMUNITARIA ADMINISTRADORA DEL ACUEDUCTO RURAL LA MARIA LA ESTRELLA","localidades":"LA MARIA LA ESTRELLA","suscriptores":54,"poblacion":216,"forma_organizativa":"Autogestion","tipo_tratamiento":"Solo desinfección","algun_tratamiento":"","cantidad_fuentes":1,"fuente_abastecimiento":"EL COFRE","tipo_fuente":"Superficial","estado_fuentes":"CON FUENTE ASOCIADA"}},{"type":"Feature","geometry":{"type":"Point","coordinates":[-75.93806,4.241617]},"properties":{"id_maestro":"ACUEDUCTO_0522","codigo_actual":"3281","codigo_anterior":"104617","codigo_muestreo":113800,"municipio":"SEVILLA","aro":"Centro Tuluá","ambito":"Rural","tipo_sistema":"DISPERSA","prestador":"ASOCIACION DE USUARIOS ACUEDUCTO DE LA VDA MILONGA","localidades":"MILONGA","suscriptores":65,"poblacion":260,"forma_organizativa":"Autogestion","tipo_tratamiento":"Solo desinfección","algun_tratamiento":"","cantidad_fuentes":1,"fuente_abastecimiento":"LAS BRISAS","tipo_fuente":"Superficial","estado_fuentes":"CON FUENTE ASOCIADA"}},{"type":"Feature","geometry":{"type":"Point","coordinates":[-75.95604,4.222825]},"properties":{"id_maestro":"ACUEDUCTO_0523","codigo_actual":"2082","codigo_anterior":"58769","codigo_muestreo":115173,"municipio":"SEVILLA","aro":"Centro Tuluá","ambito":"Rural","tipo_sistema":"DISPERSA","prestador":"ASOCIACION DE USUARIOS DEL ACUEDUCTO AGUA COLORADAS","localidades":"COLORADAS","suscriptores":140,"poblacion":560,"forma_organizativa":"Autogestion","tipo_tratamiento":"Ninguno","algun_tratamiento":"","cantidad_fuentes":2,"fuente_abastecimiento":"LA SARA, LA ELVIRA","tipo_fuente":"Superficial","estado_fuentes":"CON FUENTE ASOCIADA"}},{"type":"Feature","geometry":{"type":"Point","coordinates":[-75.91706,4.206792]},"properties":{"id_maestro":"ACUEDUCTO_0524","codigo_actual":"3282","codigo_anterior":"115587","codigo_muestreo":115203,"municipio":"SEVILLA","aro":"Centro Tuluá","ambito":"Rural","tipo_sistema":"DISPERSA","prestador":"ASOCIACION DE USUARIOS DEL ACUEDUCTO DE LA VEREDA ALTO DEL RECREO","localidades":"ALTO RECREO","suscriptores":70,"poblacion":280,"forma_organizativa":"Autogestion","tipo_tratamiento":"Solo desinfección","algun_tratamiento":"","cantidad_fuentes":1,"fuente_abastecimiento":"QUEBRADA LA RAQUELITA","tipo_fuente":"Superficial","estado_fuentes":"CON FUENTE ASOCIADA"}},{"type":"Feature","geometry":{"type":"Point","coordinates":[-75.89792,4.409606]},"properties":{"id_maestro":"ACUEDUCTO_0525","codigo_actual":"14773","codigo_anterior":"58645","codigo_muestreo":115172,"municipio":"SEVILLA","aro":"Centro Tuluá","ambito":"Rural","tipo_sistema":"CENTRO POBLADO","prestador":"ASOCIACION DE USUARIOS DEL ACUEDUCTO DE LA VEREDA BUENOS AIRES - AGUAVIVA","localidades":"BUENOS AIRES","suscriptores":119,"poblacion":476,"forma_organizativa":"Autogestion","tipo_tratamiento":"Soluciones_Individuales","algun_tratamiento":"","cantidad_fuentes":1,"fuente_abastecimiento":"PALOMINIO","tipo_fuente":"Superficial","estado_fuentes":"CON FUENTE ASOCIADA"}},{"type":"Feature","geometry":{"type":"Point","coordinates":[-75.9028,4.244931]},"properties":{"id_maestro":"ACUEDUCTO_0526","codigo_actual":"542","codigo_anterior":"58792","codigo_muestreo":113092,"municipio":"SEVILLA","aro":"Centro Tuluá","ambito":"Rural","tipo_sistema":"DISPERSA","prestador":"ASOCIACION DE USUARIOS DEL ACUEDUCTO DE LA VEREDA EL VENADO","localidades":"EL VENADO","suscriptores":98,"poblacion":392,"forma_organizativa":"Autogestion","tipo_tratamiento":"Solo desinfección","algun_tratamiento":"","cantidad_fuentes":1,"fuente_abastecimiento":"EL MANZANO","tipo_fuente":"Superficial","estado_fuentes":"CON FUENTE ASOCIADA"}},{"type":"Feature","geometry":{"type":"Point","coordinates":[-75.94306,4.207778]},"properties":{"id_maestro":"ACUEDUCTO_0527","codigo_actual":"2163","codigo_anterior":"103481","codigo_muestreo":113236,"municipio":"SEVILLA","aro":"Centro Tuluá","ambito":"Rural","tipo_sistema":"DISPERSA","prestador":"ASOCIACION DE USUARIOS DEL ACUEDUCTO DE LA VEREDA LA FLORESTA - ASUAFLORESTA","localidades":"LA FLORESTA","suscriptores":12,"poblacion":36,"forma_organizativa":"Autogestion","tipo_tratamiento":"Soluciones_Individuales","algun_tratamiento":"","cantidad_fuentes":1,"fuente_abastecimiento":"MANANTIAL","tipo_fuente":"Superficial","estado_fuentes":"CON FUENTE ASOCIADA"}},{"type":"Feature","geometry":{"type":"Point","coordinates":[-75.95026,4.248975]},"properties":{"id_maestro":"ACUEDUCTO_0528","codigo_actual":"3284","codigo_anterior":"65145","codigo_muestreo":112149,"municipio":"SEVILLA","aro":"Centro Tuluá","ambito":"Rural","tipo_sistema":"DISPERSA","prestador":"ASOCIACION DE USUARIOS DEL ACUEDUCTO DE LAS VEREDAS LA CRISTALINA Y PURNIO - AGUA PORVENIR PURNIO","localidades":"EL PURNIO","suscriptores":37,"poblacion":148,"forma_organizativa":"Empresa de Servicios Púplicos","tipo_tratamiento":"Soluciones_Individuales","algun_tratamiento":"","cantidad_fuentes":0,"fuente_abastecimiento":"","tipo_fuente":"","estado_fuentes":"SIN FUENTE ASOCIADA"}},{"type":"Feature","geometry":{"type":"Point","coordinates":[-75.90798,4.243761]},"properties":{"id_maestro":"ACUEDUCTO_0529","codigo_actual":"3277","codigo_anterior":"113676","codigo_muestreo":113675,"municipio":"SEVILLA","aro":"Centro Tuluá","ambito":"Rural","tipo_sistema":"DISPERSA","prestador":"ASOCIACION DE USUARIOS DEL ACUEDUCTO DE LAS VEREDAS LAS BRISAS BAJO SAN MARCOS Y LA MILONGA \"ASUABRISAS\"","localidades":"LAS BRISAS","suscriptores":45,"poblacion":180,"forma_organizativa":"Autogestion","tipo_tratamiento":"Solo desinfección","algun_tratamiento":"","cantidad_fuentes":2,"fuente_abastecimiento":"BELLA VISTA, AGUA  BONITA","tipo_fuente":"Superficial","estado_fuentes":"CON FUENTE ASOCIADA"}},{"type":"Feature","geometry":{"type":"Point","coordinates":[-75.88726,4.249456]},"properties":{"id_maestro":"ACUEDUCTO_0530","codigo_actual":"3278","codigo_anterior":"65146","codigo_muestreo":113673,"municipio":"SEVILLA","aro":"Centro Tuluá","ambito":"Rural","tipo_sistema":"DISPERSA","prestador":"ASOCIACION DE USUARIOS DEL ACUEDUCTO DE LAS VEREDAS MIRAMAR Y LA MELVA (AGUAMIRAMELVA)","localidades":"MIRAMAR Y LA MELVA","suscriptores":58,"poblacion":232,"forma_organizativa":"Autogestion","tipo_tratamiento":"Solo desinfección","algun_tratamiento":"","cantidad_fuentes":2,"fuente_abastecimiento":"LA MELVA, LA GÓNDOLA","tipo_fuente":"Superficial","estado_fuentes":"CON FUENTE ASOCIADA"}},{"type":"Feature","geometry":{"type":"Point","coordinates":[-75.91666,4.395386]},"properties":{"id_maestro":"ACUEDUCTO_0531","codigo_actual":"264","codigo_anterior":"59785","codigo_muestreo":115176,"municipio":"SEVILLA","aro":"Centro Tuluá","ambito":"Rural","tipo_sistema":"CENTRO POBLADO","prestador":"ASOCIACION DE USUARIOS DEL CORREGIMIENTO DE COROZAL - \"AGUA-VITAL COROZAL\"","localidades":"COROZAL","suscriptores":169,"poblacion":676,"forma_organizativa":"Empresa de Servicios Púplicos","tipo_tratamiento":"Solo desinfección","algun_tratamiento":"","cantidad_fuentes":1,"fuente_abastecimiento":"PABMINIO","tipo_fuente":"Superficial","estado_fuentes":"CON FUENTE ASOCIADA"}},{"type":"Feature","geometry":{"type":"Point","coordinates":[-75.94517,4.222783]},"properties":{"id_maestro":"ACUEDUCTO_0532","codigo_actual":"2167","codigo_anterior":"59786","codigo_muestreo":113245,"municipio":"SEVILLA","aro":"Centro Tuluá","ambito":"Rural","tipo_sistema":"CENTRO POBLADO","prestador":"ASOCIACION DE USUARIOS JUNTA ADMINISTRADORA DEL ACUEDUCTO DE LA VEREDA SAN ANTONIO - ASA","localidades":"SAN ANTONIO DE PADUA","suscriptores":200,"poblacion":800,"forma_organizativa":"Autogestion","tipo_tratamiento":"Solo desinfección","algun_tratamiento":"","cantidad_fuentes":1,"fuente_abastecimiento":"SANTA ELENA","tipo_fuente":"Superficial","estado_fuentes":"CON FUENTE ASOCIADA"}},{"type":"Feature","geometry":{"type":"Point","coordinates":[-75.83333,4.195325]},"properties":{"id_maestro":"ACUEDUCTO_0533","codigo_actual":"3259","codigo_anterior":"65144","codigo_muestreo":113674,"municipio":"SEVILLA","aro":"Centro Tuluá","ambito":"Rural","tipo_sistema":"CENTRO POBLADO","prestador":"ASOCIACION USUARIOS ACUEDUCTO CUMBARCO","localidades":"CUMBARCO","suscriptores":116,"poblacion":464,"forma_organizativa":"Autogestion","tipo_tratamiento":"Solo desinfección","algun_tratamiento":"","cantidad_fuentes":1,"fuente_abastecimiento":"QUEBRADA ALEJANDRIA","tipo_fuente":"Superficial","estado_fuentes":"CON FUENTE ASOCIADA"}},{"type":"Feature","geometry":{"type":"Point","coordinates":[-75.93902,4.322467]},"properties":{"id_maestro":"ACUEDUCTO_0534","codigo_actual":"SD","codigo_anterior":"134707","codigo_muestreo":134709,"municipio":"SEVILLA","aro":"Centro Tuluá","ambito":"Rural","tipo_sistema":"DISPERSA","prestador":"JUNTA ACUEDUCTO VEREDA EL BAYANO","localidades":"EL BAYANO","suscriptores":10,"poblacion":40,"forma_organizativa":"Autogestion","tipo_tratamiento":"Ninguno","algun_tratamiento":"","cantidad_fuentes":0,"fuente_abastecimiento":"","tipo_fuente":"","estado_fuentes":"SIN FUENTE ASOCIADA"}},{"type":"Feature","geometry":{"type":"Point","coordinates":[-75.9438,4.308461]},"properties":{"id_maestro":"ACUEDUCTO_0535","codigo_actual":"13535","codigo_anterior":"113659","codigo_muestreo":113658,"municipio":"SEVILLA","aro":"Centro Tuluá","ambito":"Rural","tipo_sistema":"DISPERSA","prestador":"JUNTA ADMINISTRADOR ACUEDUCTO DE TOTORO - ACUATOTORO","localidades":"TOTORO","suscriptores":45,"poblacion":180,"forma_organizativa":"Autogestion","tipo_tratamiento":"Solo desinfección","algun_tratamiento":"","cantidad_fuentes":1,"fuente_abastecimiento":"NACIMIENTO LAS PAVAS","tipo_fuente":"Subterránea","estado_fuentes":"CON FUENTE ASOCIADA"}},{"type":"Feature","geometry":{"type":"Point","coordinates":[-75.88249,4.410753]},"properties":{"id_maestro":"ACUEDUCTO_0536","codigo_actual":"198","codigo_anterior":"58938","codigo_muestreo":113288,"municipio":"SEVILLA","aro":"Centro Tuluá","ambito":"Rural","tipo_sistema":"CENTRO POBLADO","prestador":"JUNTA ADMINISTRADORA DEL ACUEDUCTO DE LA VEREDA ESTACION CAICEDONIA","localidades":"ESTACION CAICEDONIA","suscriptores":113,"poblacion":452,"forma_organizativa":"Autogestion","tipo_tratamiento":"Solo desinfección","algun_tratamiento":"","cantidad_fuentes":2,"fuente_abastecimiento":"LA PATRICIA, LA HONDA","tipo_fuente":"Superficial","estado_fuentes":"CON FUENTE ASOCIADA"}},{"type":"Feature","geometry":{"type":"Point","coordinates":[-75.91973,4.277522]},"properties":{"id_maestro":"ACUEDUCTO_0537","codigo_actual":"224","codigo_anterior":"58661","codigo_muestreo":109727,"municipio":"SEVILLA","aro":"Centro Tuluá","ambito":"Urbano","tipo_sistema":"CABECERA MUNICIPAL","prestador":"SOCIEDAD DE ACUEDUCTOS Y ALCANTARILLADOS DEL VALLE DEL CAUCA S.A. E.S.P. ACUAVALLE S.A. E.S.P.-SEVILLA","localidades":"URBANO","suscriptores":9800,"poblacion":39200,"forma_organizativa":"Empresa de Servicios Púplicos","tipo_tratamiento":"Convencional","algun_tratamiento":1,"cantidad_fuentes":2,"fuente_abastecimiento":"RIO PIJAO, SAN MARCOS","tipo_fuente":"Superficial","estado_fuentes":"CON FUENTE ASOCIADA"}},{"type":"Feature","geometry":{"type":"Point","coordinates":[-76.10778,4.625864]},"properties":{"id_maestro":"ACUEDUCTO_0538","codigo_actual":"2191","codigo_anterior":"88219","codigo_muestreo":107949,"municipio":"TORO","aro":"Norte Cartago","ambito":"Rural","tipo_sistema":"CENTRO POBLADO","prestador":"ACUEDUCTO RURAL VDA LA QUIEBRA","localidades":"LA QUIEBRA","suscriptores":73,"poblacion":292,"forma_organizativa":"Autogestion","tipo_tratamiento":"Solo desinfección","algun_tratamiento":"","cantidad_fuentes":2,"fuente_abastecimiento":"LA SIERRA, LA ESPERANZA","tipo_fuente":"Superficial","estado_fuentes":"CON FUENTE ASOCIADA"}},{"type":"Feature","geometry":{"type":"Point","coordinates":[-76.05848,4.715072]},"properties":{"id_maestro":"ACUEDUCTO_0539","codigo_actual":"1896","codigo_anterior":"110432","codigo_muestreo":124810,"municipio":"TORO","aro":"Norte Cartago","ambito":"Rural","tipo_sistema":"DISPERSA","prestador":"ACUEDUCTO RURAL VEREDA BOLIVAR","localidades":"BOLIVAR","suscriptores":16,"poblacion":64,"forma_organizativa":"Autogestion","tipo_tratamiento":"Ninguno","algun_tratamiento":"","cantidad_fuentes":1,"fuente_abastecimiento":"LA ESTRELLA","tipo_fuente":"Superficial","estado_fuentes":"CON FUENTE ASOCIADA"}},{"type":"Feature","geometry":{"type":"Point","coordinates":[-76.0976,4.659247]},"properties":{"id_maestro":"ACUEDUCTO_0540","codigo_actual":"2198","codigo_anterior":"93954","codigo_muestreo":107946,"municipio":"TORO","aro":"Norte Cartago","ambito":"Rural","tipo_sistema":"DISPERSA","prestador":"ACUEDUCTO RURAL VENTA QUEMADA-BUENA VISTA","localidades":"VENTA QUEMADA","suscriptores":9,"poblacion":36,"forma_organizativa":"Autogestion","tipo_tratamiento":"Solo desinfección","algun_tratamiento":"","cantidad_fuentes":1,"fuente_abastecimiento":"BUENA VISTA","tipo_fuente":"Superficial","estado_fuentes":"CON FUENTE ASOCIADA"}},{"type":"Feature","geometry":{"type":"Point","coordinates":[-76.03673,4.684794]},"properties":{"id_maestro":"ACUEDUCTO_0541","codigo_actual":"44","codigo_anterior":"88260","codigo_muestreo":107944,"municipio":"TORO","aro":"Norte Cartago","ambito":"Rural","tipo_sistema":"CENTRO POBLADO","prestador":"ASOCIACION CIVICA JUNTA ADMINISTRADORA DEL ACUEDUCTO SAN FRANCISCO","localidades":"SAN FRANCISCO","suscriptores":504,"poblacion":2016,"forma_organizativa":"Empresa de Servicios Púplicos","tipo_tratamiento":"FIME","algun_tratamiento":1,"cantidad_fuentes":0,"fuente_abastecimiento":"","tipo_fuente":"","estado_fuentes":"SIN FUENTE ASOCIADA"}},{"type":"Feature","geometry":{"type":"Point","coordinates":[-76.14644,4.590719]},"properties":{"id_maestro":"ACUEDUCTO_0542","codigo_actual":"2194","codigo_anterior":"92057","codigo_muestreo":107951,"municipio":"TORO","aro":"Norte Cartago","ambito":"Rural","tipo_sistema":"DISPERSA","prestador":"ASOCIACIONJUNTA ADMINISTRADORA DEL ACUEDUCTO RURAL COMUNITARIO PATIO BONITO -LA ROBLEDA-SABANAZO","localidades":"PATIO BONITO","suscriptores":160,"poblacion":640,"forma_organizativa":"Autogestion","tipo_tratamiento":"Solo desinfección","algun_tratamiento":"","cantidad_fuentes":3,"fuente_abastecimiento":"LA ANGELITA, LA CHUCHA I, LA ROBLEDA","tipo_fuente":"Superficial","estado_fuentes":"CON FUENTE ASOCIADA"}},{"type":"Feature","geometry":{"type":"Point","coordinates":[-76.07257,4.705606]},"properties":{"id_maestro":"ACUEDUCTO_0543","codigo_actual":"1898","codigo_anterior":"96307","codigo_muestreo":116867,"municipio":"TORO","aro":"Norte Cartago","ambito":"Rural","tipo_sistema":"DISPERSA","prestador":"JUNTA DE ACCION COMUNAL DE LA VEREDA PAN DE AZUCAR (LA ESTRELLA)","localidades":"PAN DE AZUCAR LA ESTRELLA","suscriptores":22,"poblacion":88,"forma_organizativa":"Autogestion","tipo_tratamiento":"Solo desinfección","algun_tratamiento":"","cantidad_fuentes":1,"fuente_abastecimiento":"LA ESTRELLA","tipo_fuente":"Subterránea","estado_fuentes":"CON FUENTE ASOCIADA"}},{"type":"Feature","geometry":{"type":"Point","coordinates":[-76.04859,4.541906]},"properties":{"id_maestro":"ACUEDUCTO_0544","codigo_actual":"1887","codigo_anterior":"96126","codigo_muestreo":124940,"municipio":"TORO","aro":"Norte Cartago","ambito":"Rural","tipo_sistema":"DISPERSA","prestador":"JUNTA DE ACCION COMUNAL LA CAYETANA","localidades":"SAN ANTONIO, LA CAYETANA, CORCEGA, TEJADAS","suscriptores":106,"poblacion":424,"forma_organizativa":"Autogestion","tipo_tratamiento":"Bloque-Acuavalle","algun_tratamiento":1,"cantidad_fuentes":1,"fuente_abastecimiento":"QUEBRADA EL LÁZARO - EMBALSE SARA BRUT","tipo_fuente":"Superficial","estado_fuentes":"CON FUENTE ASOCIADA"}},{"type":"Feature","geometry":{"type":"Point","coordinates":[-76.05892,4.568467]},"properties":{"id_maestro":"ACUEDUCTO_0545","codigo_actual":null,"codigo_anterior":"110737","codigo_muestreo":116864,"municipio":"TORO","aro":"Norte Cartago","ambito":"Rural","tipo_sistema":"DISPERSA","prestador":"JUNTA DE ACCIÓN COMUNAL VEREDA EL CEDRO","localidades":"EL CEDRO","suscriptores":15,"poblacion":60,"forma_organizativa":"Autogestion","tipo_tratamiento":"Solo desinfección","algun_tratamiento":"","cantidad_fuentes":1,"fuente_abastecimiento":"QUEBRADA LA CABAÑA","tipo_fuente":"Superficial","estado_fuentes":"CON FUENTE ASOCIADA"}},{"type":"Feature","geometry":{"type":"Point","coordinates":[-76.06,4.596]},"properties":{"id_maestro":"ACUEDUCTO_0547","codigo_actual":"59","codigo_anterior":"86241","codigo_muestreo":89244,"municipio":"TORO","aro":"Norte Cartago","ambito":"Urbano","tipo_sistema":"CABECERA MUNICIPAL","prestador":"SOCIEDAD DE ACUEDUCTOS Y ALCANTARILLADOS DEL VALLE DEL CAUCA S.A. E.S.P. ACUAVALLE S.A. E.S.P.-TORO","localidades":"URBANO, EL BOHIO, SAN ANTONIO, ESPINAL","suscriptores":3585,"poblacion":14340,"forma_organizativa":"Empresa de Servicios Púplicos","tipo_tratamiento":"Convencional","algun_tratamiento":1,"cantidad_fuentes":3,"fuente_abastecimiento":"S.A.R.A.B.R.U.T., SAN LAZARO, LA GRANDE","tipo_fuente":"Superficial","estado_fuentes":"CON FUENTE ASOCIADA"}},{"type":"Feature","geometry":{"type":"Point","coordinates":[-76.33509,4.225539]},"properties":{"id_maestro":"ACUEDUCTO_0548","codigo_actual":"401","codigo_anterior":"113599","codigo_muestreo":113598,"municipio":"TRUJILLO","aro":"Centro Tuluá","ambito":"Rural","tipo_sistema":"DISPERSA","prestador":"ACUEDUCTO COLECTIVO RURAL CAMPASEINO ALTO Y BAJA CRISTALINA","localidades":"LA CRISTALINA","suscriptores":109,"poblacion":436,"forma_organizativa":"Autogestion","tipo_tratamiento":"Solo desinfección","algun_tratamiento":"","cantidad_fuentes":2,"fuente_abastecimiento":"LA MARÍA, LA CRISTALINA","tipo_fuente":"Superficial","estado_fuentes":"CON FUENTE ASOCIADA"}},{"type":"Feature","geometry":{"type":"Point","coordinates":[-76.38605,4.279269]},"properties":{"id_maestro":"ACUEDUCTO_0549","codigo_actual":null,"codigo_anterior":"123647","codigo_muestreo":null,"municipio":"TRUJILLO","aro":"Centro Tuluá","ambito":"Rural","tipo_sistema":"DISPERSA","prestador":"ACUEDUCTO MORAVITO","localidades":"MORAVITO","suscriptores":13,"poblacion":52,"forma_organizativa":"Autogestion","tipo_tratamiento":"Ninguno","algun_tratamiento":"","cantidad_fuentes":0,"fuente_abastecimiento":"","tipo_fuente":"","estado_fuentes":"SIN FUENTE ASOCIADA"}},{"type":"Feature","geometry":{"type":"Point","coordinates":[-76.37778,4.228611]},"properties":{"id_maestro":"ACUEDUCTO_0550","codigo_actual":"2788","codigo_anterior":"127579","codigo_muestreo":127938,"municipio":"TRUJILLO","aro":"Centro Tuluá","ambito":"Rural","tipo_sistema":"DISPERSA","prestador":"ACUEDUCTO RURAL LA BETULIA - ACUABETULIA","localidades":"LA BETULIA","suscriptores":20,"poblacion":80,"forma_organizativa":"Autogestion","tipo_tratamiento":"Ninguno","algun_tratamiento":"","cantidad_fuentes":1,"fuente_abastecimiento":"SUPERFICIAL - QUEBRADA","tipo_fuente":"Superficial","estado_fuentes":"CON FUENTE ASOCIADA"}},{"type":"Feature","geometry":{"type":"Point","coordinates":[-76.42352,4.205947]},"properties":{"id_maestro":"ACUEDUCTO_0551","codigo_actual":null,"codigo_anterior":"127939","codigo_muestreo":null,"municipio":"TRUJILLO","aro":"Centro Tuluá","ambito":"Rural","tipo_sistema":"DISPERSA","prestador":"ACUEDUCTO RURAL LA DEVORA","localidades":"LA DEBORA","suscriptores":0,"poblacion":null,"forma_organizativa":"Autogestion","tipo_tratamiento":"Ninguno","algun_tratamiento":"","cantidad_fuentes":0,"fuente_abastecimiento":"","tipo_fuente":"","estado_fuentes":"SIN FUENTE ASOCIADA"}},{"type":"Feature","geometry":{"type":"Point","coordinates":[-76.30389,4.258611]},"properties":{"id_maestro":"ACUEDUCTO_0552","codigo_actual":null,"codigo_anterior":"148309","codigo_muestreo":null,"municipio":"TRUJILLO","aro":"Centro Tuluá","ambito":"Rural","tipo_sistema":"DISPERSA","prestador":"ACUEDUCTO RURAL LA MARINA ALTA","localidades":"LA MARINA ALTA","suscriptores":16,"poblacion":64,"forma_organizativa":"Autogestion","tipo_tratamiento":"Ninguno","algun_tratamiento":"","cantidad_fuentes":1,"fuente_abastecimiento":"QUEBRADA LA LLORONA","tipo_fuente":"Superficial","estado_fuentes":"CON FUENTE ASOCIADA"}},{"type":"Feature","geometry":{"type":"Point","coordinates":[-76.37628,4.178425]},"properties":{"id_maestro":"ACUEDUCTO_0555","codigo_actual":"SD","codigo_anterior":"116106","codigo_muestreo":null,"municipio":"TRUJILLO","aro":"Centro Tuluá","ambito":"Rural","tipo_sistema":"DISPERSA","prestador":"AGUAS ALTAMIRA","localidades":"ALTAMIRA","suscriptores":0,"poblacion":null,"forma_organizativa":"Autogestion","tipo_tratamiento":"Soluciones_Individuales","algun_tratamiento":"","cantidad_fuentes":0,"fuente_abastecimiento":"","tipo_fuente":"","estado_fuentes":"SIN FUENTE ASOCIADA"}},{"type":"Feature","geometry":{"type":"Point","coordinates":[-76.39016,4.193631]},"properties":{"id_maestro":"ACUEDUCTO_0556","codigo_actual":"397","codigo_anterior":"60384","codigo_muestreo":113507,"municipio":"TRUJILLO","aro":"Centro Tuluá","ambito":"Rural","tipo_sistema":"CENTRO POBLADO","prestador":"AGUASALUD VENECIA","localidades":"VENECIA","suscriptores":350,"poblacion":0,"forma_organizativa":"Autogestion","tipo_tratamiento":"FIME","algun_tratamiento":1,"cantidad_fuentes":1,"fuente_abastecimiento":"LA CUMBRE","tipo_fuente":"Superficial","estado_fuentes":"CON FUENTE ASOCIADA"}},{"type":"Feature","geometry":{"type":"Point","coordinates":[-76.22877,4.219564]},"properties":{"id_maestro":"ACUEDUCTO_0557","codigo_actual":null,"codigo_anterior":"132775","codigo_muestreo":null,"municipio":"TRUJILLO","aro":"Centro Tuluá","ambito":"Rural","tipo_sistema":"DISPERSA","prestador":"ASOCIACION AGUAS DEL VERGEL","localidades":"VERGEL","suscriptores":32,"poblacion":128,"forma_organizativa":"Autogestion","tipo_tratamiento":"Ninguno","algun_tratamiento":"","cantidad_fuentes":1,"fuente_abastecimiento":"NACIMIENTO LA DEVORA","tipo_fuente":"Subterránea","estado_fuentes":"CON FUENTE ASOCIADA"}},{"type":"Feature","geometry":{"type":"Point","coordinates":[-76.38188,4.209736]},"properties":{"id_maestro":"ACUEDUCTO_0558","codigo_actual":"9761","codigo_anterior":"65481","codigo_muestreo":115179,"municipio":"TRUJILLO","aro":"Centro Tuluá","ambito":"Rural","tipo_sistema":"DISPERSA","prestador":"ASOCIACION COMUNITARIA AGUA PUDEMA-PUENTE BLANCO","localidades":"PUENTE BLANCO","suscriptores":46,"poblacion":230,"forma_organizativa":"Autogestion","tipo_tratamiento":"Solo desinfección","algun_tratamiento":"","cantidad_fuentes":1,"fuente_abastecimiento":"LA ESMERALDA","tipo_fuente":"Superficial","estado_fuentes":"CON FUENTE ASOCIADA"}},{"type":"Feature","geometry":{"type":"Point","coordinates":[-76.33807,4.243661]},"properties":{"id_maestro":"ACUEDUCTO_0559","codigo_actual":"10170","codigo_anterior":"123803","codigo_muestreo":121833,"municipio":"TRUJILLO","aro":"Centro Tuluá","ambito":"Rural","tipo_sistema":"DISPERSA","prestador":"ASOCIACION COMUNITARIA DE USUARIOS DEL ACUEDUCTO DE LA VEREDA CULEBRAS ACUCULEBRAS","localidades":"CULEBRAS","suscriptores":72,"poblacion":288,"forma_organizativa":"Empresa de Servicios Púplicos","tipo_tratamiento":"FIME","algun_tratamiento":1,"cantidad_fuentes":0,"fuente_abastecimiento":"","tipo_fuente":"","estado_fuentes":"SIN FUENTE ASOCIADA"}},{"type":"Feature","geometry":{"type":"Point","coordinates":[-76.39081,4.177122]},"properties":{"id_maestro":"ACUEDUCTO_0560","codigo_actual":"11623","codigo_anterior":"65147","codigo_muestreo":113596,"municipio":"TRUJILLO","aro":"Centro Tuluá","ambito":"Rural","tipo_sistema":"CENTRO POBLADO","prestador":"ASOCIACION DE USUARIOS ACUEDUCTO ALTO CRISTALES","localidades":"CRISTALES","suscriptores":30,"poblacion":120,"forma_organizativa":"Autogestion","tipo_tratamiento":"Ninguno","algun_tratamiento":"","cantidad_fuentes":1,"fuente_abastecimiento":"SIN DATO","tipo_fuente":"Superficial","estado_fuentes":"CON FUENTE ASOCIADA"}},{"type":"Feature","geometry":{"type":"Point","coordinates":[-76.21836,4.265278]},"properties":{"id_maestro":"ACUEDUCTO_0561","codigo_actual":"184","codigo_anterior":"59618","codigo_muestreo":113489,"municipio":"TRUJILLO","aro":"Centro Tuluá","ambito":"Rural","tipo_sistema":"CENTRO POBLADO","prestador":"ASOCIACION DE USUARIOS ACUEDUCTO DE ROBLEDO \"ASUACOR\"","localidades":"ROBLEDO","suscriptores":430,"poblacion":1720,"forma_organizativa":"Autogestion","tipo_tratamiento":"FIME","algun_tratamiento":1,"cantidad_fuentes":1,"fuente_abastecimiento":"SIN NOMBRE EN EL ACTA NO. 0160","tipo_fuente":"Superficial","estado_fuentes":"CON FUENTE ASOCIADA"}},{"type":"Feature","geometry":{"type":"Point","coordinates":[-76.31543,4.217708]},"properties":{"id_maestro":"ACUEDUCTO_0562","codigo_actual":"3549","codigo_anterior":"119015","codigo_muestreo":121601,"municipio":"TRUJILLO","aro":"Centro Tuluá","ambito":"Rural","tipo_sistema":"DISPERSA","prestador":"ASOCIACION DE USUARIOS DE ABASTO DE AGUA RIN RAN","localidades":"RIM,RAM","suscriptores":30,"poblacion":120,"forma_organizativa":"Autogestion","tipo_tratamiento":"Solo desinfección","algun_tratamiento":"","cantidad_fuentes":1,"fuente_abastecimiento":"CEDRALES","tipo_fuente":"Subterránea","estado_fuentes":"CON FUENTE ASOCIADA"}},{"type":"Feature","geometry":{"type":"Point","coordinates":[-76.27986,4.267697]},"properties":{"id_maestro":"ACUEDUCTO_0563","codigo_actual":"230","codigo_anterior":"113601","codigo_muestreo":113600,"municipio":"TRUJILLO","aro":"Centro Tuluá","ambito":"Rural","tipo_sistema":"DISPERSA","prestador":"ASOCIACION DE USUARIOS DEL ACUEDUCTO COLECTIVO RURAL DE LA VEREDA CHOCHO LA BOHEMIA","localidades":"EL CHOCHO","suscriptores":115,"poblacion":180,"forma_organizativa":"Autogestion","tipo_tratamiento":"Solo desinfección","algun_tratamiento":"","cantidad_fuentes":1,"fuente_abastecimiento":"LA SIRIA","tipo_fuente":"Superficial","estado_fuentes":"CON FUENTE ASOCIADA"}},{"type":"Feature","geometry":{"type":"Point","coordinates":[-76.3927,4.232539]},"properties":{"id_maestro":"ACUEDUCTO_0564","codigo_actual":"2730","codigo_anterior":"123645","codigo_muestreo":128101,"municipio":"TRUJILLO","aro":"Centro Tuluá","ambito":"Rural","tipo_sistema":"CENTRO POBLADO","prestador":"ASOCIACION DE USUARIOS DEL ACUEDUCTO COMUNITARIO DE LA VEREDA SONORA ALTA","localidades":"BRISAS DE HOREO","suscriptores":46,"poblacion":184,"forma_organizativa":"Autogestion","tipo_tratamiento":"Ninguno","algun_tratamiento":"","cantidad_fuentes":1,"fuente_abastecimiento":"SIN NOMBRE","tipo_fuente":"Superficial","estado_fuentes":"CON FUENTE ASOCIADA"}},{"type":"Feature","geometry":{"type":"Point","coordinates":[-76.24044,4.206817]},"properties":{"id_maestro":"ACUEDUCTO_0565","codigo_actual":"5627","codigo_anterior":"64460","codigo_muestreo":113790,"municipio":"TRUJILLO","aro":"Centro Tuluá","ambito":"Rural","tipo_sistema":"DISPERSA","prestador":"ASOCIACION DE USUARIOS DEL ACUEDUCTO COMUNITARIO HATO VIEJO","localidades":"HATO VIEJO","suscriptores":30,"poblacion":120,"forma_organizativa":"Empresa de Servicios Púplicos","tipo_tratamiento":"Solo desinfección","algun_tratamiento":"","cantidad_fuentes":0,"fuente_abastecimiento":"","tipo_fuente":"","estado_fuentes":"SIN FUENTE ASOCIADA"}},{"type":"Feature","geometry":{"type":"Point","coordinates":[-76.38602,4.165678]},"properties":{"id_maestro":"ACUEDUCTO_0566","codigo_actual":"3286","codigo_anterior":"61999","codigo_muestreo":113496,"municipio":"TRUJILLO","aro":"Centro Tuluá","ambito":"Rural","tipo_sistema":"CENTRO POBLADO","prestador":"ASOCIACION DE USUARIOS DEL ACUEDUCTO DE ANDINAPOLIS - ARCA","localidades":"ANDINÁPOLIS","suscriptores":280,"poblacion":2804,"forma_organizativa":"Autogestion","tipo_tratamiento":"FIME","algun_tratamiento":1,"cantidad_fuentes":1,"fuente_abastecimiento":"ARAUCA","tipo_fuente":"Superficial","estado_fuentes":"CON FUENTE ASOCIADA"}},{"type":"Feature","geometry":{"type":"Point","coordinates":[-76.25697,4.185236]},"properties":{"id_maestro":"ACUEDUCTO_0567","codigo_actual":"4768","codigo_anterior":"128809","codigo_muestreo":141744,"municipio":"TRUJILLO","aro":"Centro Tuluá","ambito":"Rural","tipo_sistema":"DISPERSA","prestador":"ASOCIACION DE USUARIOS DEL ACUEDUCTO DE LA VEREDA CASCAJAL - ACUACOLORADAS","localidades":"COLORADAS","suscriptores":16,"poblacion":80,"forma_organizativa":"Autogestion","tipo_tratamiento":"Solo desinfección","algun_tratamiento":"","cantidad_fuentes":1,"fuente_abastecimiento":"QUEBRADA COLORADAS","tipo_fuente":"Superficial","estado_fuentes":"CON FUENTE ASOCIADA"}},{"type":"Feature","geometry":{"type":"Point","coordinates":[-76.31132,4.245994]},"properties":{"id_maestro":"ACUEDUCTO_0568","codigo_actual":"17694","codigo_anterior":"65695","codigo_muestreo":115385,"municipio":"TRUJILLO","aro":"Centro Tuluá","ambito":"Rural","tipo_sistema":"DISPERSA","prestador":"ASOCIACION DE USUARIOS DEL ACUEDUCTO DE LAS VEREDAS LA MARINA, ELCHOCHO, EL REMOLINO","localidades":"LA MARINA, ELCHOCHO, EL REMOLINO","suscriptores":47,"poblacion":188,"forma_organizativa":"Autogestion","tipo_tratamiento":"Solo desinfección","algun_tratamiento":"","cantidad_fuentes":1,"fuente_abastecimiento":"NACIMIENTO LAS PALABRAS","tipo_fuente":"Subterránea","estado_fuentes":"CON FUENTE ASOCIADA"}},{"type":"Feature","geometry":{"type":"Point","coordinates":[-76.38938,4.230769]},"properties":{"id_maestro":"ACUEDUCTO_0569","codigo_actual":"2729","codigo_anterior":"104102","codigo_muestreo":113324,"municipio":"TRUJILLO","aro":"Centro Tuluá","ambito":"Rural","tipo_sistema":"CENTRO POBLADO","prestador":"ASOCIACION DE USUARIOS DEL ACUEDUCTO DEL CORREGIMIENTO DE LA SONORA - ACUASONORA","localidades":"LA SONORA","suscriptores":35,"poblacion":140,"forma_organizativa":"Autogestion","tipo_tratamiento":"Soluciones_Individuales","algun_tratamiento":"","cantidad_fuentes":1,"fuente_abastecimiento":"EL RUBI","tipo_fuente":"Superficial","estado_fuentes":"CON FUENTE ASOCIADA"}},{"type":"Feature","geometry":{"type":"Point","coordinates":[-76.35067,4.204181]},"properties":{"id_maestro":"ACUEDUCTO_0570","codigo_actual":"9979","codigo_anterior":"129080","codigo_muestreo":132998,"municipio":"TRUJILLO","aro":"Centro Tuluá","ambito":"Rural","tipo_sistema":"DISPERSA","prestador":"ASOCIACION DE USUARIOS DEL ACUEDUCTO RURAL COLECTIVO DE LA VEREDA BAJO PALERMO","localidades":"BAJO PALERMO","suscriptores":36,"poblacion":144,"forma_organizativa":"Autogestion","tipo_tratamiento":"Ninguno","algun_tratamiento":"","cantidad_fuentes":1,"fuente_abastecimiento":"CIMITARRA","tipo_fuente":"Superficial","estado_fuentes":"CON FUENTE ASOCIADA"}},{"type":"Feature","geometry":{"type":"Point","coordinates":[-76.32194,4.210608]},"properties":{"id_maestro":"ACUEDUCTO_0571","codigo_actual":"228","codigo_anterior":"123639","codigo_muestreo":125998,"municipio":"TRUJILLO","aro":"Centro Tuluá","ambito":"Rural","tipo_sistema":"DISPERSA","prestador":"ASOCIACION DE USUARIOS DEL ACUEDUCTO RURAL COLECTIVO DE LA VEREDA LA CRISTALINA-EL OTRO MUNDO","localidades":"LA CRISTALINA,EL OTRO MUNDO","suscriptores":76,"poblacion":304,"forma_organizativa":"Autogestion","tipo_tratamiento":"Solo desinfección","algun_tratamiento":"","cantidad_fuentes":1,"fuente_abastecimiento":"SIN NOMBRE","tipo_fuente":"Superficial","estado_fuentes":"CON FUENTE ASOCIADA"}},{"type":"Feature","geometry":{"type":"Point","coordinates":[-76.33157,4.231178]},"properties":{"id_maestro":"ACUEDUCTO_0572","codigo_actual":"3550","codigo_anterior":"62248","codigo_muestreo":115177,"municipio":"TRUJILLO","aro":"Centro Tuluá","ambito":"Rural","tipo_sistema":"DISPERSA","prestador":"ASOCIACION DE USUARIOS DEL ACUEDUCTO RURAL COLECTIVO VEREDA CEDRALES ARCC","localidades":"CEDRALES","suscriptores":33,"poblacion":132,"forma_organizativa":"Autogestion","tipo_tratamiento":"Solo desinfección","algun_tratamiento":"","cantidad_fuentes":1,"fuente_abastecimiento":"CULEBRAS","tipo_fuente":"Superficial","estado_fuentes":"CON FUENTE ASOCIADA"}},{"type":"Feature","geometry":{"type":"Point","coordinates":[-76.35812,4.172803]},"properties":{"id_maestro":"ACUEDUCTO_0573","codigo_actual":"3314","codigo_anterior":"125669","codigo_muestreo":121846,"municipio":"TRUJILLO","aro":"Centro Tuluá","ambito":"Rural","tipo_sistema":"DISPERSA","prestador":"ASOCIACION DE USUARIOS DEL ACUEDUCTO RURAL DE LA VEREDA LAS MELENAS ACUAMELENAS","localidades":"LAS MELENAS, LA SONADORA, PUENTE ROJO","suscriptores":45,"poblacion":180,"forma_organizativa":"Autogestion","tipo_tratamiento":"Soluciones_Individuales","algun_tratamiento":"","cantidad_fuentes":1,"fuente_abastecimiento":"MONTAÑITA","tipo_fuente":"Superficial","estado_fuentes":"CON FUENTE ASOCIADA"}},{"type":"Feature","geometry":{"type":"Point","coordinates":[-76.34267,4.193692]},"properties":{"id_maestro":"ACUEDUCTO_0574","codigo_actual":"400","codigo_anterior":"113393","codigo_muestreo":113394,"municipio":"TRUJILLO","aro":"Centro Tuluá","ambito":"Rural","tipo_sistema":"DISPERSA","prestador":"ASOCIACION DE USUARIOS DEL ACUEDUCTO RURAL LOS RANCHOS","localidades":"LOS RANCHOS","suscriptores":25,"poblacion":100,"forma_organizativa":"Autogestion","tipo_tratamiento":"Solo desinfección","algun_tratamiento":"","cantidad_fuentes":1,"fuente_abastecimiento":"EL BATEY","tipo_fuente":"Superficial","estado_fuentes":"CON FUENTE ASOCIADA"}},{"type":"Feature","geometry":{"type":"Point","coordinates":[-76.24507,4.245856]},"properties":{"id_maestro":"ACUEDUCTO_0575","codigo_actual":"2789","codigo_anterior":"59617","codigo_muestreo":113491,"municipio":"TRUJILLO","aro":"Centro Tuluá","ambito":"Rural","tipo_sistema":"CENTRO POBLADO","prestador":"ASOCIACION DE USUARIOS DEL SERVICIO DE AGUA POTABLE DE HUASANO","localidades":"HUASANÓ","suscriptores":255,"poblacion":1020,"forma_organizativa":"Autogestion","tipo_tratamiento":"Planta Modular","algun_tratamiento":1,"cantidad_fuentes":2,"fuente_abastecimiento":"BITACO, MONSERRATE","tipo_fuente":"Superficial","estado_fuentes":"CON FUENTE ASOCIADA"}},{"type":"Feature","geometry":{"type":"Point","coordinates":[-76.2997,4.243206]},"properties":{"id_maestro":"ACUEDUCTO_0576","codigo_actual":"229","codigo_anterior":"113603","codigo_muestreo":113602,"municipio":"TRUJILLO","aro":"Centro Tuluá","ambito":"Rural","tipo_sistema":"DISPERSA","prestador":"ASOCIACION DE USUARIOS RURAL FLORESTA LA LUISA","localidades":"LA LUISA","suscriptores":30,"poblacion":120,"forma_organizativa":"Autogestion","tipo_tratamiento":"Solo desinfección","algun_tratamiento":"","cantidad_fuentes":2,"fuente_abastecimiento":"QUEBRADA EL HORNO, QUEBRADA LA MARINA","tipo_fuente":"Superficial","estado_fuentes":"CON FUENTE ASOCIADA"}},{"type":"Feature","geometry":{"type":"Point","coordinates":[-76.28283,4.262017]},"properties":{"id_maestro":"ACUEDUCTO_0577","codigo_actual":"231","codigo_anterior":"58628","codigo_muestreo":115387,"municipio":"TRUJILLO","aro":"Centro Tuluá","ambito":"Rural","tipo_sistema":"DISPERSA","prestador":"ASOCIACION DE USUARIOSDELACUEDUCTO BUENAVISTA LA BOHEMIA","localidades":"BUENAVISTA LA BOHEMIA","suscriptores":80,"poblacion":320,"forma_organizativa":"Autogestion","tipo_tratamiento":"Solo desinfección","algun_tratamiento":"","cantidad_fuentes":1,"fuente_abastecimiento":"CALAMAR","tipo_fuente":"Superficial","estado_fuentes":"CON FUENTE ASOCIADA"}},{"type":"Feature","geometry":{"type":"Point","coordinates":[-76.3846,4.198853]},"properties":{"id_maestro":"ACUEDUCTO_0578","codigo_actual":"399","codigo_anterior":"65487","codigo_muestreo":113391,"municipio":"TRUJILLO","aro":"Centro Tuluá","ambito":"Rural","tipo_sistema":"DISPERSA","prestador":"ASOCIACION JUNTA ADMINISTRADORA DEL ACUEDUCTO LA DIAMANTINA","localidades":"LA DIAMANTINA","suscriptores":40,"poblacion":160,"forma_organizativa":"Autogestion","tipo_tratamiento":"Ninguno","algun_tratamiento":"","cantidad_fuentes":1,"fuente_abastecimiento":"SIN NOMBRE","tipo_fuente":"Superficial","estado_fuentes":"CON FUENTE ASOCIADA"}},{"type":"Feature","geometry":{"type":"Point","coordinates":[-76.39329,4.212919]},"properties":{"id_maestro":"ACUEDUCTO_0579","codigo_actual":"14211","codigo_anterior":"113466","codigo_muestreo":113464,"municipio":"TRUJILLO","aro":"Centro Tuluá","ambito":"Rural","tipo_sistema":"DISPERSA","prestador":"JUNTA ADMINISTRADORA ACUEDCUTO MANANTIAL DE VIDA","localidades":"MARACAIBO","suscriptores":27,"poblacion":108,"forma_organizativa":"Autogestion","tipo_tratamiento":"Ninguno","algun_tratamiento":"","cantidad_fuentes":1,"fuente_abastecimiento":"MARACAIBO","tipo_fuente":"Superficial","estado_fuentes":"CON FUENTE ASOCIADA"}},{"type":"Feature","geometry":{"type":"Point","coordinates":[-76.33881,4.206794]},"properties":{"id_maestro":"ACUEDUCTO_0580","codigo_actual":"9783","codigo_anterior":"65484","codigo_muestreo":115397,"municipio":"TRUJILLO","aro":"Centro Tuluá","ambito":"Rural","tipo_sistema":"DISPERSA","prestador":"JUNTA ADMINISTRADORA ACUEDUCTO DE PALERMO","localidades":"PALERMO","suscriptores":20,"poblacion":80,"forma_organizativa":"Autogestion","tipo_tratamiento":"Soluciones_Individuales","algun_tratamiento":1,"cantidad_fuentes":1,"fuente_abastecimiento":"SIN NOMBRE","tipo_fuente":"Superficial","estado_fuentes":"CON FUENTE ASOCIADA"}},{"type":"Feature","geometry":{"type":"Point","coordinates":[-76.30793,4.251525]},"properties":{"id_maestro":"ACUEDUCTO_0581","codigo_actual":"17684","codigo_anterior":"111989","codigo_muestreo":113786,"municipio":"TRUJILLO","aro":"Centro Tuluá","ambito":"Rural","tipo_sistema":"DISPERSA","prestador":"JUNTA ADMINISTRADORA DEL ACUEDUCTO LA MARINA","localidades":"LA MARINA","suscriptores":47,"poblacion":188,"forma_organizativa":"Autogestion","tipo_tratamiento":"Solo desinfección","algun_tratamiento":"","cantidad_fuentes":1,"fuente_abastecimiento":"QUEBRADA LA PALMERA","tipo_fuente":"Superficial","estado_fuentes":"CON FUENTE ASOCIADA"}},{"type":"Feature","geometry":{"type":"Point","coordinates":[-76.31891,4.209464]},"properties":{"id_maestro":"ACUEDUCTO_0582","codigo_actual":"220","codigo_anterior":"58662","codigo_muestreo":109519,"municipio":"TRUJILLO","aro":"Centro Tuluá","ambito":"Urbano","tipo_sistema":"CABECERA MUNICIPAL","prestador":"SOCIEDAD DE ACUEDUCTOS Y ALCANTARILLADOS DEL VALLE DEL CAUCA S.A. E.S.P. ACUAVALLE S.A. E.S.P. - TRUJILLO","localidades":"URBANO","suscriptores":2695,"poblacion":10740,"forma_organizativa":"Empresa de Servicios Púplicos","tipo_tratamiento":"Convencional","algun_tratamiento":1,"cantidad_fuentes":1,"fuente_abastecimiento":"CULEBRAS","tipo_fuente":"Superficial","estado_fuentes":"CON FUENTE ASOCIADA"}},{"type":"Feature","geometry":{"type":"Point","coordinates":[-75.71158,4.700461]},"properties":{"id_maestro":"ACUEDUCTO_0583","codigo_actual":"300","codigo_anterior":"94231","codigo_muestreo":106095,"municipio":"ULLOA","aro":"Norte Cartago","ambito":"Rural","tipo_sistema":"DISPERSA","prestador":"ACUEDUCTO VEREDAL PLATACER","localidades":"EL PLACER, LA PLATA","suscriptores":50,"poblacion":200,"forma_organizativa":"Autogestion","tipo_tratamiento":"Planta Modular","algun_tratamiento":1,"cantidad_fuentes":1,"fuente_abastecimiento":"CEILAN","tipo_fuente":"Superficial","estado_fuentes":"CON FUENTE ASOCIADA"}},{"type":"Feature","geometry":{"type":"Point","coordinates":[-75.72276,4.696981]},"properties":{"id_maestro":"ACUEDUCTO_0584","codigo_actual":"2562","codigo_anterior":"91936","codigo_muestreo":106093,"municipio":"ULLOA","aro":"Norte Cartago","ambito":"Rural","tipo_sistema":"DISPERSA","prestador":"ADMINISTRACION COOPERATIVA ULLOA SISTEMA #1","localidades":"SISTEMA #1 CHAPINERO,EL PIÑAL ,LA MONTAÑA,EL BOSQUE,EL MADROÑO, BERLIN PARTE ALTA","suscriptores":373,"poblacion":1492,"forma_organizativa":"Empresa de Servicios Púplicos","tipo_tratamiento":"Planta Modular","algun_tratamiento":1,"cantidad_fuentes":0,"fuente_abastecimiento":"","tipo_fuente":"","estado_fuentes":"SIN FUENTE ASOCIADA"}},{"type":"Feature","geometry":{"type":"Point","coordinates":[-75.75826,4.707372]},"properties":{"id_maestro":"ACUEDUCTO_0585","codigo_actual":"309","codigo_anterior":"91936","codigo_muestreo":89235,"municipio":"ULLOA","aro":"Norte Cartago","ambito":"Rural","tipo_sistema":"CENTRO POBLADO","prestador":"ADMINISTRACION COOPERATIVA ULLOA SISTEMA #2","localidades":"BERLIN,MOCTEZUMA,DINAMARCA,VENECIA, EL COFRE,SUCRE,LA PASTORA,LA LATINA,CALAMONTE ALTO","suscriptores":442,"poblacion":1768,"forma_organizativa":"Empresa de Servicios Púplicos","tipo_tratamiento":"Planta Modular","algun_tratamiento":1,"cantidad_fuentes":0,"fuente_abastecimiento":"","tipo_fuente":"","estado_fuentes":"SIN FUENTE ASOCIADA"}},{"type":"Feature","geometry":{"type":"Point","coordinates":[-75.75877,4.710658]},"properties":{"id_maestro":"ACUEDUCTO_0586","codigo_actual":"304","codigo_anterior":"95490","codigo_muestreo":106096,"municipio":"ULLOA","aro":"Norte Cartago","ambito":"Rural","tipo_sistema":"DISPERSA","prestador":"ASOCIACION DE USUARIOS ACUEDUCTO SUCRE","localidades":"SUCRE","suscriptores":20,"poblacion":80,"forma_organizativa":"Autogestion","tipo_tratamiento":"Soluciones_Individuales","algun_tratamiento":"","cantidad_fuentes":1,"fuente_abastecimiento":"MARSELLA","tipo_fuente":"Superficial","estado_fuentes":"CON FUENTE ASOCIADA"}},{"type":"Feature","geometry":{"type":"Point","coordinates":[-75.73897,4.707928]},"properties":{"id_maestro":"ACUEDUCTO_0587","codigo_actual":"302","codigo_anterior":"89907","codigo_muestreo":106094,"municipio":"ULLOA","aro":"Norte Cartago","ambito":"Rural","tipo_sistema":"DISPERSA","prestador":"JUNTA DE ACCIÓN COMUNAL VEREDA EL BRILLANTE","localidades":"EL BRILLANTE","suscriptores":66,"poblacion":264,"forma_organizativa":"Autogestion","tipo_tratamiento":"Solo desinfección","algun_tratamiento":"","cantidad_fuentes":1,"fuente_abastecimiento":"EL BOSQUE","tipo_fuente":"Superficial","estado_fuentes":"CON FUENTE ASOCIADA"}},{"type":"Feature","geometry":{"type":"Point","coordinates":[-75.73964,4.701708]},"properties":{"id_maestro":"ACUEDUCTO_0588","codigo_actual":"68","codigo_anterior":"86250","codigo_muestreo":89246,"municipio":"ULLOA","aro":"Norte Cartago","ambito":"Urbano","tipo_sistema":"CABECERA MUNICIPAL","prestador":"SOCIEDAD DE ACUEDUCTOS Y ALCANTARILLADOS DEL VALLE DEL CAUCA S.A. E.S.P. ACUAVALLE S.A. E.S.P.-ULLOA","localidades":"URBANO, BERLIN","suscriptores":869,"poblacion":3476,"forma_organizativa":"Empresa de Servicios Púplicos","tipo_tratamiento":"Convencional","algun_tratamiento":1,"cantidad_fuentes":2,"fuente_abastecimiento":"EL BOSQUE, LA ESMERALDA","tipo_fuente":"Superficial","estado_fuentes":"CON FUENTE ASOCIADA"}},{"type":"Feature","geometry":{"type":"Point","coordinates":[-76.27922,4.560103]},"properties":{"id_maestro":"ACUEDUCTO_0589","codigo_actual":"17260","codigo_anterior":"95502","codigo_muestreo":116868,"municipio":"VERSALLES","aro":"Norte Cartago","ambito":"Rural","tipo_sistema":"DISPERSA","prestador":"ACUEDUCTO VEREDAL EL VERGEL","localidades":"EL VERGEL","suscriptores":18,"poblacion":72,"forma_organizativa":"Autogestion","tipo_tratamiento":"Ninguno","algun_tratamiento":"","cantidad_fuentes":1,"fuente_abastecimiento":"EL VERGEL","tipo_fuente":"Superficial","estado_fuentes":"CON FUENTE ASOCIADA"}},{"type":"Feature","geometry":{"type":"Point","coordinates":[-76.13851,4.632014]},"properties":{"id_maestro":"ACUEDUCTO_0590","codigo_actual":"1951","codigo_anterior":"102758","codigo_muestreo":109274,"municipio":"VERSALLES","aro":"Norte Cartago","ambito":"Rural","tipo_sistema":"DISPERSA","prestador":"ASOCIACIËN DE USUARIOS DEL ACUEDUCTO RURAL DE LA VEREDA COCONUCO RED 1","localidades":"COCNUCO RED #1","suscriptores":30,"poblacion":120,"forma_organizativa":"Autogestion","tipo_tratamiento":"Ninguno","algun_tratamiento":"","cantidad_fuentes":0,"fuente_abastecimiento":"","tipo_fuente":"","estado_fuentes":"SIN FUENTE ASOCIADA"}},{"type":"Feature","geometry":{"type":"Point","coordinates":[-76.13982,4.630372]},"properties":{"id_maestro":"ACUEDUCTO_0591","codigo_actual":"1950","codigo_anterior":"102758","codigo_muestreo":null,"municipio":"VERSALLES","aro":"Norte Cartago","ambito":"Rural","tipo_sistema":"DISPERSA","prestador":"ASOCIACIËN DE USUARIOS DEL ACUEDUCTO RURAL DE LA VEREDA COCONUCO RED 2","localidades":"COCONUCO RED #2","suscriptores":15,"poblacion":60,"forma_organizativa":"Autogestion","tipo_tratamiento":"Solo desinfección","algun_tratamiento":"","cantidad_fuentes":0,"fuente_abastecimiento":"","tipo_fuente":"","estado_fuentes":"SIN FUENTE ASOCIADA"}},{"type":"Feature","geometry":{"type":"Point","coordinates":[-76.13819,4.64915]},"properties":{"id_maestro":"ACUEDUCTO_0592","codigo_actual":"1953","codigo_anterior":"88305","codigo_muestreo":106123,"municipio":"VERSALLES","aro":"Norte Cartago","ambito":"Rural","tipo_sistema":"CENTRO POBLADO","prestador":"ASOCIACION ADMINISTRADORA ACUEDUCTO RURAL COMUNITARIO LA FLORIDA","localidades":"LA FLORIDA , MURRAPAL , EL SILENCIO","suscriptores":170,"poblacion":680,"forma_organizativa":"Empresa de Servicios Púplicos","tipo_tratamiento":"Ninguno","algun_tratamiento":"","cantidad_fuentes":0,"fuente_abastecimiento":"","tipo_fuente":"","estado_fuentes":"SIN FUENTE ASOCIADA"}},{"type":"Feature","geometry":{"type":"Point","coordinates":[-76.22976,4.667053]},"properties":{"id_maestro":"ACUEDUCTO_0593","codigo_actual":"1952","codigo_anterior":"88316","codigo_muestreo":109273,"municipio":"VERSALLES","aro":"Norte Cartago","ambito":"Rural","tipo_sistema":"CENTRO POBLADO","prestador":"ASOCIACION COMUNITARIA ADMINISTRADORA DEL ACUEDUCTO ACUASALUDO EL BALSAL","localidades":"EL BALSAL, EL TABOR, EL ARBOLITO","suscriptores":304,"poblacion":1216,"forma_organizativa":"Autogestion","tipo_tratamiento":"Solo desinfección","algun_tratamiento":"","cantidad_fuentes":1,"fuente_abastecimiento":"QUEBRADA GOLONDRINAS - QUEBRADA LA MEJORA","tipo_fuente":"Superficial","estado_fuentes":"CON FUENTE ASOCIADA"}},{"type":"Feature","geometry":{"type":"Point","coordinates":[-76.18469,4.619739]},"properties":{"id_maestro":"ACUEDUCTO_0594","codigo_actual":"1275","codigo_anterior":"81700","codigo_muestreo":106120,"municipio":"VERSALLES","aro":"Norte Cartago","ambito":"Rural","tipo_sistema":"DISPERSA","prestador":"ASOCIACIÓN COMUNITARIA ADMINISTRADORA DEL ACUEDUCTO DE PUENTE TIERRA ASOCOAPT","localidades":"EL BOSQUE, LA GUARIA, LA ARABIA, EL BRILLANTE, EL RUBY Y EL DECRO.","suscriptores":41,"poblacion":164,"forma_organizativa":"Autogestion","tipo_tratamiento":"Solo desinfección","algun_tratamiento":"","cantidad_fuentes":1,"fuente_abastecimiento":"LA SECRERTA","tipo_fuente":"Superficial","estado_fuentes":"CON FUENTE ASOCIADA"}},{"type":"Feature","geometry":{"type":"Point","coordinates":[-76.2731,4.587764]},"properties":{"id_maestro":"ACUEDUCTO_0596","codigo_actual":"6266","codigo_anterior":"81276","codigo_muestreo":116859,"municipio":"VERSALLES","aro":"Norte Cartago","ambito":"Rural","tipo_sistema":"CENTRO POBLADO","prestador":"JUNTA ACCION COMUNAL PUERTO NUEVO","localidades":"PUERTO NUEVO","suscriptores":60,"poblacion":240,"forma_organizativa":"Autogestion","tipo_tratamiento":"Soluciones_Individuales","algun_tratamiento":1,"cantidad_fuentes":1,"fuente_abastecimiento":"RIO PEÑONES","tipo_fuente":"Superficial","estado_fuentes":"CON FUENTE ASOCIADA"}},{"type":"Feature","geometry":{"type":"Point","coordinates":[-76.15319,4.614989]},"properties":{"id_maestro":"ACUEDUCTO_0598","codigo_actual":"1259","codigo_anterior":"87874","codigo_muestreo":106119,"municipio":"VERSALLES","aro":"Norte Cartago","ambito":"Rural","tipo_sistema":"CENTRO POBLADO","prestador":"JUNTA ADMINISTRADORA ACUEDUCTO LA PRIMAVERA- CAMPO ALEGRE","localidades":"CAMPOALEGRE","suscriptores":30,"poblacion":120,"forma_organizativa":"Autogestion","tipo_tratamiento":"Solo desinfección","algun_tratamiento":"","cantidad_fuentes":2,"fuente_abastecimiento":"LA FLORESTA, AGUA SUCIAS","tipo_fuente":"Superficial","estado_fuentes":"CON FUENTE ASOCIADA"}},{"type":"Feature","geometry":{"type":"Point","coordinates":[-76.18555,4.546233]},"properties":{"id_maestro":"ACUEDUCTO_0599","codigo_actual":"1282","codigo_anterior":"15506","codigo_muestreo":109401,"municipio":"VERSALLES","aro":"Norte Cartago","ambito":"Rural","tipo_sistema":"DISPERSA","prestador":"JUNTA ADMINISTRADORA ACUEDUCTO RURAL VEREDA LA BALSORA","localidades":"LA BALSORA ALTA Y BAJA, LA GRECIA, EL DESCANSO, OJEDAS,","suscriptores":43,"poblacion":172,"forma_organizativa":"Empresa de Servicios Púplicos","tipo_tratamiento":"Solo desinfección","algun_tratamiento":"","cantidad_fuentes":0,"fuente_abastecimiento":"","tipo_fuente":"","estado_fuentes":"SIN FUENTE ASOCIADA"}},{"type":"Feature","geometry":{"type":"Point","coordinates":[-76.27513,4.605578]},"properties":{"id_maestro":"ACUEDUCTO_0600","codigo_actual":"17263","codigo_anterior":"81277","codigo_muestreo":116869,"municipio":"VERSALLES","aro":"Norte Cartago","ambito":"Rural","tipo_sistema":"DISPERSA","prestador":"JUNTA ADMINISTRADORA RURAL BUENA VISTA","localidades":"BUENA VISTA","suscriptores":25,"poblacion":100,"forma_organizativa":"Autogestion","tipo_tratamiento":"Ninguno","algun_tratamiento":"","cantidad_fuentes":1,"fuente_abastecimiento":"LA CONGOJA","tipo_fuente":"Subterránea","estado_fuentes":"CON FUENTE ASOCIADA"}},{"type":"Feature","geometry":{"type":"Point","coordinates":[-76.17027,4.602061]},"properties":{"id_maestro":"ACUEDUCTO_0601","codigo_actual":"1265","codigo_anterior":"88307","codigo_muestreo":106121,"municipio":"VERSALLES","aro":"Norte Cartago","ambito":"Rural","tipo_sistema":"DISPERSA","prestador":"JUNTA ADMON ACUEDUCTO LA CRISTALINA EL DIAMANTE","localidades":"EL DIAMANTE LA CRISTALINA","suscriptores":20,"poblacion":80,"forma_organizativa":"Autogestion","tipo_tratamiento":"Ninguno","algun_tratamiento":"","cantidad_fuentes":1,"fuente_abastecimiento":"QUEBRADA LOS CHORROS","tipo_fuente":"Superficial","estado_fuentes":"CON FUENTE ASOCIADA"}},{"type":"Feature","geometry":{"type":"Point","coordinates":[-76.2223,4.567878]},"properties":{"id_maestro":"ACUEDUCTO_0602","codigo_actual":null,"codigo_anterior":"115450","codigo_muestreo":null,"municipio":"VERSALLES","aro":"Norte Cartago","ambito":"Rural","tipo_sistema":"DISPERSA","prestador":"SISTEMA DE ABASTECIMIENTO ACUEDUCTO RURAL GUAMALITO","localidades":"GUAMALITO","suscriptores":50,"poblacion":200,"forma_organizativa":"Autogestion","tipo_tratamiento":"Ninguno","algun_tratamiento":"","cantidad_fuentes":0,"fuente_abastecimiento":"","tipo_fuente":"","estado_fuentes":"SIN FUENTE ASOCIADA"}},{"type":"Feature","geometry":{"type":"Point","coordinates":[-76.47778,3.716389]},"properties":{"id_maestro":"ACUEDUCTO_0603","codigo_actual":"10118","codigo_anterior":"119207","codigo_muestreo":118390,"municipio":"VIJES","aro":"Sur Cali","ambito":"Rural","tipo_sistema":"DISPERSA","prestador":"ASOCIACIÓN DE USUARIOS DE LA QUEBRADA DE POTRERITO SUR - ADUPSUR","localidades":"POTRERITO","suscriptores":71,"poblacion":284,"forma_organizativa":"Autogestion","tipo_tratamiento":"FD+Desinfección","algun_tratamiento":1,"cantidad_fuentes":2,"fuente_abastecimiento":"QUEBRADA LA JULIA, QUEBRADA POTRERITO","tipo_fuente":"Superficial","estado_fuentes":"CON FUENTE ASOCIADA"}},{"type":"Feature","geometry":{"type":"Point","coordinates":[-76.50692,3.733083]},"properties":{"id_maestro":"ACUEDUCTO_0604","codigo_actual":"19793","codigo_anterior":"121662","codigo_muestreo":118391,"municipio":"VIJES","aro":"Sur Cali","ambito":"Rural","tipo_sistema":"DISPERSA","prestador":"ASOCIACION DE USUARIOS DEL ACUEDUCTO RURAL COMUNITARIO DE LA VEREDA CAIMITAL SECTOR ESCUELA","localidades":"CAIMITAL","suscriptores":19,"poblacion":89,"forma_organizativa":"Autogestion","tipo_tratamiento":"Solo desinfección","algun_tratamiento":"","cantidad_fuentes":1,"fuente_abastecimiento":"QUEBRADA LA VALENCIA","tipo_fuente":"Superficial","estado_fuentes":"CON FUENTE ASOCIADA"}},{"type":"Feature","geometry":{"type":"Point","coordinates":[-76.50692,3.733083]},"properties":{"id_maestro":"ACUEDUCTO_0605","codigo_actual":"1382","codigo_anterior":"38322","codigo_muestreo":32744,"municipio":"VIJES","aro":"Sur Cali","ambito":"Rural","tipo_sistema":"DISPERSA","prestador":"ASOCIACIÓN DE USUARIOS DEL ACUEDUCTO RURAL COMUNITARIO DE LA VEREDA CAIMITAL, MUNICIPIO DE VIJES","localidades":"CAIMITAL","suscriptores":102,"poblacion":408,"forma_organizativa":"Autogestion","tipo_tratamiento":"Solo desinfección","algun_tratamiento":"","cantidad_fuentes":2,"fuente_abastecimiento":"QUEBRADA LAS MARIAS, QUEBRADA LAS NIEVES","tipo_fuente":"Superficial","estado_fuentes":"CON FUENTE ASOCIADA"}},{"type":"Feature","geometry":{"type":"Point","coordinates":[-76.41656,3.757361]},"properties":{"id_maestro":"ACUEDUCTO_0606","codigo_actual":"1493","codigo_anterior":"51384","codigo_muestreo":51386,"municipio":"VIJES","aro":"Sur Cali","ambito":"Rural","tipo_sistema":"DISPERSA","prestador":"ASOCIACION DE USUARIOS DEL ACUEDUCTO RURAL COMUNITARIO DE LA VEREDA CIENEGUITAS","localidades":"VEREDA CIENEGUITAS","suscriptores":15,"poblacion":60,"forma_organizativa":"Autogestion","tipo_tratamiento":"Ninguno","algun_tratamiento":"","cantidad_fuentes":1,"fuente_abastecimiento":"QUEBRADA LA SONORA","tipo_fuente":"Superficial","estado_fuentes":"CON FUENTE ASOCIADA"}},{"type":"Feature","geometry":{"type":"Point","coordinates":[-76.45683,3.737139]},"properties":{"id_maestro":"ACUEDUCTO_0607","codigo_actual":"141","codigo_anterior":"118737","codigo_muestreo":115117,"municipio":"VIJES","aro":"Sur Cali","ambito":"Rural","tipo_sistema":"DISPERSA","prestador":"ASOCIACION DE USUARIOS DEL ACUEDUCTO RURAL COMUNITARIO DEL CORREGIMIENTO CARBONERO, VIJES.","localidades":"CARBONERO,LA PEDRERA","suscriptores":130,"poblacion":520,"forma_organizativa":"Autogestion","tipo_tratamiento":"Solo desinfección","algun_tratamiento":"","cantidad_fuentes":1,"fuente_abastecimiento":"QUEBRADA CARBONERO","tipo_fuente":"Superficial","estado_fuentes":"CON FUENTE ASOCIADA"}},{"type":"Feature","geometry":{"type":"Point","coordinates":[-76.48431,3.747167]},"properties":{"id_maestro":"ACUEDUCTO_0608","codigo_actual":"1384","codigo_anterior":"36322","codigo_muestreo":32745,"municipio":"VIJES","aro":"Sur Cali","ambito":"Rural","tipo_sistema":"CENTRO POBLADO","prestador":"ASOCIACIÓN DE USUARIOS DEL ACUEDUCTO RURAL COMUNITARIO DEL CORREGIMIENTO LA RIVERA.","localidades":"LA RIVERA","suscriptores":114,"poblacion":456,"forma_organizativa":"Autogestion","tipo_tratamiento":"FD+Desinfección","algun_tratamiento":1,"cantidad_fuentes":1,"fuente_abastecimiento":"QUEBRADA EL QUEREMAL","tipo_fuente":"Superficial","estado_fuentes":"CON FUENTE ASOCIADA"}},{"type":"Feature","geometry":{"type":"Point","coordinates":[-76.45861,3.753889]},"properties":{"id_maestro":"ACUEDUCTO_0609","codigo_actual":"143","codigo_anterior":"135187","codigo_muestreo":131650,"municipio":"VIJES","aro":"Sur Cali","ambito":"Rural","tipo_sistema":"DISPERSA","prestador":"ASOCIACIÓN DE USUARIOS DEL ACUEDUCTO RURAL COMUNITARIO MONTERREY ALTOS DE LA FRESNEDA JACA # 13","localidades":"LA FRESNEDA","suscriptores":21,"poblacion":84,"forma_organizativa":"Autogestion","tipo_tratamiento":"Ninguno","algun_tratamiento":"","cantidad_fuentes":1,"fuente_abastecimiento":"NACIMIENTO MONTERREY","tipo_fuente":"Subterránea","estado_fuentes":"CON FUENTE ASOCIADA"}},{"type":"Feature","geometry":{"type":"Point","coordinates":[-76.47747,3.716583]},"properties":{"id_maestro":"ACUEDUCTO_0610","codigo_actual":"2848","codigo_anterior":"36336","codigo_muestreo":99663,"municipio":"VIJES","aro":"Sur Cali","ambito":"Rural","tipo_sistema":"DISPERSA","prestador":"ASOCIACION JUNTA ADMINISTRADORA DE ACUEDUCTO COMUNITARIO NUESTRA FUENTE - ASOJACONUF","localidades":"VILLA MARIA","suscriptores":53,"poblacion":212,"forma_organizativa":"Autogestion","tipo_tratamiento":"FD+Desinfección","algun_tratamiento":1,"cantidad_fuentes":1,"fuente_abastecimiento":"QUEBRADA VILLA MARIA","tipo_fuente":"Superficial","estado_fuentes":"CON FUENTE ASOCIADA"}},{"type":"Feature","geometry":{"type":"Point","coordinates":[-76.4095,3.729525]},"properties":{"id_maestro":"ACUEDUCTO_0611","codigo_actual":"21770","codigo_anterior":"33506","codigo_muestreo":51049,"municipio":"VIJES","aro":"Sur Cali","ambito":"Rural","tipo_sistema":"CENTRO POBLADO","prestador":"JUNTA ADMINISTRADORA ACUEDUCTO COMUNITARIO VEREDA VIDAL ESP","localidades":"VIDAL","suscriptores":35,"poblacion":140,"forma_organizativa":"Autogestion","tipo_tratamiento":"Soluciones_Individuales","algun_tratamiento":"","cantidad_fuentes":2,"fuente_abastecimiento":"POZO PROFUNDO # 1, ALJIBE","tipo_fuente":"Subterránea","estado_fuentes":"CON FUENTE ASOCIADA"}},{"type":"Feature","geometry":{"type":"Point","coordinates":[-76.46356,3.751778]},"properties":{"id_maestro":"ACUEDUCTO_0612","codigo_actual":"142","codigo_anterior":"34215","codigo_muestreo":32496,"municipio":"VIJES","aro":"Sur Cali","ambito":"Rural","tipo_sistema":"DISPERSA","prestador":"JUNTA ADMINISTRADORA COMUNITARIA ACUEDUCTO ALTO FRESNEDA JACA # 2","localidades":"LA FRESNEDA","suscriptores":17,"poblacion":58,"forma_organizativa":"Autogestion","tipo_tratamiento":"Solo desinfección","algun_tratamiento":"","cantidad_fuentes":1,"fuente_abastecimiento":"QUEBRADA CARBONERO","tipo_fuente":"Superficial","estado_fuentes":"CON FUENTE ASOCIADA"}},{"type":"Feature","geometry":{"type":"Point","coordinates":[-76.47428,3.764083]},"properties":{"id_maestro":"ACUEDUCTO_0613","codigo_actual":"2894","codigo_anterior":"121850","codigo_muestreo":115129,"municipio":"VIJES","aro":"Sur Cali","ambito":"Rural","tipo_sistema":"DISPERSA","prestador":"JUNTA ADMINISTRADORA COMUNITARIA ACUEDUCTO LA FRESNEDA TRESQUEBRADAS","localidades":"LA FRESNEDA ALTO DE LOS CHIVOS","suscriptores":18,"poblacion":72,"forma_organizativa":"Autogestion","tipo_tratamiento":"Ninguno","algun_tratamiento":"","cantidad_fuentes":1,"fuente_abastecimiento":"QUEBRADA TRES QUEBRADAS","tipo_fuente":"Superficial","estado_fuentes":"CON FUENTE ASOCIADA"}},{"type":"Feature","geometry":{"type":"Point","coordinates":[-76.50686,3.699083]},"properties":{"id_maestro":"ACUEDUCTO_0614","codigo_actual":"9172","codigo_anterior":"38272","codigo_muestreo":32747,"municipio":"VIJES","aro":"Sur Cali","ambito":"Rural","tipo_sistema":"DISPERSA","prestador":"JUNTA ADMINISTRADORA COMUNITARIA ACUEDUCTO OCACHE ALTO - NUEVO HORIZONTE - JACA N° 7","localidades":"OCACHE","suscriptores":null,"poblacion":null,"forma_organizativa":"Autogestion","tipo_tratamiento":"Soluciones_Individuales","algun_tratamiento":"","cantidad_fuentes":1,"fuente_abastecimiento":"QUEBRADA SUPERFICIAL LA ESPERANZA","tipo_fuente":"Superficial","estado_fuentes":"CON FUENTE ASOCIADA"}},{"type":"Feature","geometry":{"type":"Point","coordinates":[-76.44778,3.734528]},"properties":{"id_maestro":"ACUEDUCTO_0615","codigo_actual":"140","codigo_anterior":"34626","codigo_muestreo":32495,"municipio":"VIJES","aro":"Sur Cali","ambito":"Rural","tipo_sistema":"DISPERSA","prestador":"JUNTA ADMINISTRADORA COMUNITARIA ACUEDUCTO VEREDA SANTA ANA - JACA N° 4","localidades":"SANTA ANA","suscriptores":42,"poblacion":168,"forma_organizativa":"Autogestion","tipo_tratamiento":"Solo desinfección","algun_tratamiento":"","cantidad_fuentes":2,"fuente_abastecimiento":"Y CARBONERO., QUEBRADAS SANTA ANA","tipo_fuente":"Superficial","estado_fuentes":"CON FUENTE ASOCIADA"}},{"type":"Feature","geometry":{"type":"Point","coordinates":[-76.4735,3.760083]},"properties":{"id_maestro":"ACUEDUCTO_0616","codigo_actual":"144","codigo_anterior":"29758","codigo_muestreo":32455,"municipio":"VIJES","aro":"Sur Cali","ambito":"Rural","tipo_sistema":"CENTRO POBLADO","prestador":"JUNTA ADMINISTRADORA COMUNITARIA DEL ACUEDUCTO # 12 LA FRESNEDA-VIJES-LA JACA N° 12","localidades":"LA FRESNEDA","suscriptores":76,"poblacion":304,"forma_organizativa":"Autogestion","tipo_tratamiento":"Filtración Compacta","algun_tratamiento":1,"cantidad_fuentes":2,"fuente_abastecimiento":"QUEBRADA LA AURORA, QUEBRADA MONTERREY","tipo_fuente":"Superficial","estado_fuentes":"CON FUENTE ASOCIADA"}},{"type":"Feature","geometry":{"type":"Point","coordinates":[-76.48492,3.761972]},"properties":{"id_maestro":"ACUEDUCTO_0617","codigo_actual":"355","codigo_anterior":"33126","codigo_muestreo":108930,"municipio":"VIJES","aro":"Sur Cali","ambito":"Rural","tipo_sistema":"CENTRO POBLADO","prestador":"JUNTA ADMINISTRADORA COMUNITARIA DEL ACUEDUCTO #15 DEL CORREGIMIENTO EL TAMBOR-VIJES - LA JACA # 15","localidades":"EL TAMBOR","suscriptores":66,"poblacion":264,"forma_organizativa":"Autogestion","tipo_tratamiento":"Solo desinfección","algun_tratamiento":"","cantidad_fuentes":3,"fuente_abastecimiento":"QUEBRADAS LOS ALPES, LA SONORA., CIENAGUITAS","tipo_fuente":"Superficial","estado_fuentes":"CON FUENTE ASOCIADA"}},{"type":"Feature","geometry":{"type":"Point","coordinates":[-76.47208,3.807917]},"properties":{"id_maestro":"ACUEDUCTO_0618","codigo_actual":"1482","codigo_anterior":"38267","codigo_muestreo":107859,"municipio":"VIJES","aro":"Sur Cali","ambito":"Rural","tipo_sistema":"CENTRO POBLADO","prestador":"JUNTA ADMINISTRADORA COMUNITARIA DEL ACUEDUCTO #16 EL PORVENIR MUNICIPIO DE VIJES- LA JACA # 16","localidades":"EL PORVENIR,EL TRILLO,SAN ANTONIO,BRISAS,LA MERCED/LA COLONIA(RESTREPO),LA SOLEDAD(RESTREPO)","suscriptores":140,"poblacion":560,"forma_organizativa":"Autogestion","tipo_tratamiento":"Ninguno","algun_tratamiento":"","cantidad_fuentes":1,"fuente_abastecimiento":"QUEBRADA ALTO CALABAZA","tipo_fuente":"Superficial","estado_fuentes":"CON FUENTE ASOCIADA"}},{"type":"Feature","geometry":{"type":"Point","coordinates":[-76.47744,3.785722]},"properties":{"id_maestro":"ACUEDUCTO_0619","codigo_actual":"1052","codigo_anterior":"38319","codigo_muestreo":32450,"municipio":"VIJES","aro":"Sur Cali","ambito":"Rural","tipo_sistema":"CENTRO POBLADO","prestador":"JUNTA ADMINISTRADORA COMUNITARIA DEL ACUEDUCTO CACHIMBAL - LA ESTRELLA. JACA Nº 9","localidades":"CACHIMBAL PARTE ALTA","suscriptores":81,"poblacion":0,"forma_organizativa":"Autogestion","tipo_tratamiento":"Solo desinfección","algun_tratamiento":"","cantidad_fuentes":1,"fuente_abastecimiento":"QUEBRADA LA ESTRELLA","tipo_fuente":"Superficial","estado_fuentes":"CON FUENTE ASOCIADA"}},{"type":"Feature","geometry":{"type":"Point","coordinates":[-76.46828,3.780472]},"properties":{"id_maestro":"ACUEDUCTO_0620","codigo_actual":"2885","codigo_anterior":"28229","codigo_muestreo":32449,"municipio":"VIJES","aro":"Sur Cali","ambito":"Rural","tipo_sistema":"CENTRO POBLADO","prestador":"JUNTA ADMINISTRADORA COMUNITARIA DEL ACUEDUCTO CORREGIMIENTO CACHIMBAL - JACA Nº 10","localidades":"CACHIMBAL PARTE BAJA","suscriptores":51,"poblacion":176,"forma_organizativa":"Autogestion","tipo_tratamiento":"Solo desinfección","algun_tratamiento":"","cantidad_fuentes":1,"fuente_abastecimiento":"QUEBRADA LA SECRETA","tipo_fuente":"Superficial","estado_fuentes":"CON FUENTE ASOCIADA"}},{"type":"Feature","geometry":{"type":"Point","coordinates":[-76.49042,3.763639]},"properties":{"id_maestro":"ACUEDUCTO_0621","codigo_actual":"1385","codigo_anterior":"34625","codigo_muestreo":32453,"municipio":"VIJES","aro":"Sur Cali","ambito":"Rural","tipo_sistema":"CENTRO POBLADO","prestador":"JUNTA ADMINISTRADORA COMUNITARIA DEL ACUEDUCTO LA JACA # 11 EL TAMBOR - JACA #11","localidades":"EL TAMBOR","suscriptores":120,"poblacion":480,"forma_organizativa":"Autogestion","tipo_tratamiento":"FD+Desinfección","algun_tratamiento":1,"cantidad_fuentes":2,"fuente_abastecimiento":"QUEBRADAS LA PUBENZA, TRESQUEBRADAS.","tipo_fuente":"Superficial","estado_fuentes":"CON FUENTE ASOCIADA"}},{"type":"Feature","geometry":{"type":"Point","coordinates":[-76.52983,3.750417]},"properties":{"id_maestro":"ACUEDUCTO_0622","codigo_actual":"8947","codigo_anterior":"51210","codigo_muestreo":32743,"municipio":"VIJES","aro":"Sur Cali","ambito":"Rural","tipo_sistema":"DISPERSA","prestador":"JUNTA ADMINISTRADORA COMUNITARIA DEL ACUEDUCTO MOZAMBIQUE- J.A.C.A. N° 1","localidades":"MOZAMBIQUE","suscriptores":63,"poblacion":0,"forma_organizativa":"Autogestion","tipo_tratamiento":"Soluciones_Individuales","algun_tratamiento":"","cantidad_fuentes":1,"fuente_abastecimiento":"QUEBRADA CAIMITAL","tipo_fuente":"Superficial","estado_fuentes":"CON FUENTE ASOCIADA"}},{"type":"Feature","geometry":{"type":"Point","coordinates":[-76.51847,3.718556]},"properties":{"id_maestro":"ACUEDUCTO_0623","codigo_actual":"357","codigo_anterior":"46169","codigo_muestreo":99661,"municipio":"VIJES","aro":"Sur Cali","ambito":"Rural","tipo_sistema":"DISPERSA","prestador":"JUNTA ADMINISTRADORA COMUNITARIA DEL ACUEDUCTO Nº6 VEREDA ROMERITO - LA JACA Nº6","localidades":"ROMERITO","suscriptores":44,"poblacion":176,"forma_organizativa":"Autogestion","tipo_tratamiento":"Ninguno","algun_tratamiento":"","cantidad_fuentes":1,"fuente_abastecimiento":"QUEBRADA LA URSULA","tipo_fuente":"Superficial","estado_fuentes":"CON FUENTE ASOCIADA"}},{"type":"Feature","geometry":{"type":"Point","coordinates":[-76.47297,3.716472]},"properties":{"id_maestro":"ACUEDUCTO_0624","codigo_actual":"10115","codigo_anterior":"121814","codigo_muestreo":119781,"municipio":"VIJES","aro":"Sur Cali","ambito":"Rural","tipo_sistema":"DISPERSA","prestador":"JUNTA ADMINISTRADORA COMUNITARIA JACA # 5 LOMALINDA VILLAMARÍA-VIJES","localidades":"LOMALINDA","suscriptores":50,"poblacion":200,"forma_organizativa":"Autogestion","tipo_tratamiento":"Ninguno","algun_tratamiento":"","cantidad_fuentes":1,"fuente_abastecimiento":"QUEBRADA LA SELVA","tipo_fuente":"Superficial","estado_fuentes":"CON FUENTE ASOCIADA"}},{"type":"Feature","geometry":{"type":"Point","coordinates":[-76.50926,3.712611]},"properties":{"id_maestro":"ACUEDUCTO_0625","codigo_actual":"354","codigo_anterior":"34205","codigo_muestreo":103435,"municipio":"VIJES","aro":"Sur Cali","ambito":"Rural","tipo_sistema":"DISPERSA","prestador":"JUNTA ADMINISTRADORA DEL ACUEDUCTO DEL CORREGIMIENTO DE OCACHE PARTE BAJA - J.A.A.C.O.B.","localidades":"OCACHE PARTE BAJA","suscriptores":60,"poblacion":240,"forma_organizativa":"Autogestion","tipo_tratamiento":"Soluciones_Individuales","algun_tratamiento":"","cantidad_fuentes":1,"fuente_abastecimiento":"QUEBRADA SAN ANDRES","tipo_fuente":"Superficial","estado_fuentes":"CON FUENTE ASOCIADA"}},{"type":"Feature","geometry":{"type":"Point","coordinates":[-76.44264,3.700306]},"properties":{"id_maestro":"ACUEDUCTO_0626","codigo_actual":"42","codigo_anterior":"31829","codigo_muestreo":28260,"municipio":"VIJES","aro":"Sur Cali","ambito":"Urbano","tipo_sistema":"CABECERA MUNICIPAL","prestador":"SOCIEDAD DE ACUEDUCTOS Y ALCANTARILLADOS DEL VALLE DEL CAUCA S.A. E.S.P. ACUAVALLE S.A. E.S.P. - VIJES","localidades":"URBANO","suscriptores":3150,"poblacion":10839,"forma_organizativa":"Empresa de Servicios Púplicos","tipo_tratamiento":"Convencional","algun_tratamiento":1,"cantidad_fuentes":2,"fuente_abastecimiento":"CARBONERO, QUEBRADA POTRERITO","tipo_fuente":"Superficial","estado_fuentes":"CON FUENTE ASOCIADA"}},{"type":"Feature","geometry":{"type":"Point","coordinates":[-76.45835,3.851931]},"properties":{"id_maestro":"ACUEDUCTO_0627","codigo_actual":"6890","codigo_anterior":"106236","codigo_muestreo":null,"municipio":"YOTOCO","aro":"Centro Tuluá","ambito":"Rural","tipo_sistema":"DISPERSA","prestador":"ACUACORDOBITAS","localidades":"CORDOBITAS","suscriptores":33,"poblacion":132,"forma_organizativa":"Autogestion","tipo_tratamiento":"Solo desinfección","algun_tratamiento":"","cantidad_fuentes":1,"fuente_abastecimiento":"QUEBRADA EL RECUERDO","tipo_fuente":"Superficial","estado_fuentes":"CON FUENTE ASOCIADA"}},{"type":"Feature","geometry":{"type":"Point","coordinates":[-76.43766,3.836889]},"properties":{"id_maestro":"ACUEDUCTO_0628","codigo_actual":"7358","codigo_anterior":"133049","codigo_muestreo":133051,"municipio":"YOTOCO","aro":"Centro Tuluá","ambito":"Rural","tipo_sistema":"CENTRO POBLADO","prestador":"ACUEDUCTO AGUAS MIRACAMPO","localidades":"CAMPOALEGRE","suscriptores":21,"poblacion":84,"forma_organizativa":"Autogestion","tipo_tratamiento":"Ninguno","algun_tratamiento":"","cantidad_fuentes":1,"fuente_abastecimiento":"NACIMIENTO MIRACAMPO","tipo_fuente":"Subterránea","estado_fuentes":"CON FUENTE ASOCIADA"}},{"type":"Feature","geometry":{"type":"Point","coordinates":[-76.44043,3.909211]},"properties":{"id_maestro":"ACUEDUCTO_0629","codigo_actual":"495","codigo_anterior":"60317","codigo_muestreo":112827,"municipio":"YOTOCO","aro":"Centro Tuluá","ambito":"Rural","tipo_sistema":"CENTRO POBLADO","prestador":"ACUEDUCTO ANTIGUO DE JIGUALES","localidades":"JIGUALES","suscriptores":70,"poblacion":280,"forma_organizativa":"Autogestion","tipo_tratamiento":"Solo desinfección","algun_tratamiento":"","cantidad_fuentes":1,"fuente_abastecimiento":"PARAMILLO","tipo_fuente":"Superficial","estado_fuentes":"CON FUENTE ASOCIADA"}},{"type":"Feature","geometry":{"type":"Point","coordinates":[-76.41194,3.958056]},"properties":{"id_maestro":"ACUEDUCTO_0630","codigo_actual":"5011","codigo_anterior":"120496","codigo_muestreo":118447,"municipio":"YOTOCO","aro":"Centro Tuluá","ambito":"Rural","tipo_sistema":"DISPERSA","prestador":"ACUEDUCTO COMUNITARIO BELLA FUENTE","localidades":"LA COLONIA , LAS DELICIAS , SAN JUAN","suscriptores":40,"poblacion":160,"forma_organizativa":"Autogestion","tipo_tratamiento":"Ninguno","algun_tratamiento":"","cantidad_fuentes":1,"fuente_abastecimiento":"BELLA FUENTE","tipo_fuente":"Superficial","estado_fuentes":"CON FUENTE ASOCIADA"}},{"type":"Feature","geometry":{"type":"Point","coordinates":[-76.50335,3.608778]},"properties":{"id_maestro":"ACUEDUCTO_0631","codigo_actual":"3258","codigo_anterior":"120397","codigo_muestreo":134074,"municipio":"YOTOCO","aro":"Centro Tuluá","ambito":"Rural","tipo_sistema":"DISPERSA","prestador":"ACUEDUCTO LA PALOMA - EL CRUCERO","localidades":"EL CRUZERO","suscriptores":26,"poblacion":104,"forma_organizativa":"Autogestion","tipo_tratamiento":"Ninguno","algun_tratamiento":"","cantidad_fuentes":1,"fuente_abastecimiento":"LA PALOMA","tipo_fuente":"Superficial","estado_fuentes":"CON FUENTE ASOCIADA"}},{"type":"Feature","geometry":{"type":"Point","coordinates":[-76.4,3.980833]},"properties":{"id_maestro":"ACUEDUCTO_0632","codigo_actual":"3273","codigo_anterior":"60294","codigo_muestreo":107341,"municipio":"YOTOCO","aro":"Centro Tuluá","ambito":"Rural","tipo_sistema":"DISPERSA","prestador":"ACUEDUCTO RURAL ALBANIA-SAN JUAN \"ARLAS\"","localidades":"ALBANIA,SAN JUA","suscriptores":120,"poblacion":480,"forma_organizativa":"Empresa de Servicios Púplicos","tipo_tratamiento":"Solo desinfección","algun_tratamiento":"","cantidad_fuentes":0,"fuente_abastecimiento":"","tipo_fuente":"","estado_fuentes":"SIN FUENTE ASOCIADA"}},{"type":"Feature","geometry":{"type":"Point","coordinates":[-76.41722,3.886111]},"properties":{"id_maestro":"ACUEDUCTO_0633","codigo_actual":"501","codigo_anterior":"103030","codigo_muestreo":118446,"municipio":"YOTOCO","aro":"Centro Tuluá","ambito":"Rural","tipo_sistema":"DISPERSA","prestador":"ACUEDUCTO RURAL LA COLONIA \"GOTAS DE VIDA\"","localidades":"LA COLONIA","suscriptores":28,"poblacion":112,"forma_organizativa":"Autogestion","tipo_tratamiento":"Solo desinfección","algun_tratamiento":"","cantidad_fuentes":1,"fuente_abastecimiento":"NACIMIENTO GOTAS DE VIDA","tipo_fuente":"Subterránea","estado_fuentes":"CON FUENTE ASOCIADA"}},{"type":"Feature","geometry":{"type":"Point","coordinates":[-76.43167,3.932222]},"properties":{"id_maestro":"ACUEDUCTO_0634","codigo_actual":"500","codigo_anterior":"65696","codigo_muestreo":113198,"municipio":"YOTOCO","aro":"Centro Tuluá","ambito":"Rural","tipo_sistema":"CENTRO POBLADO","prestador":"ASOCIACION ACUAVITAL ESP CANEY","localidades":"EL CANEY","suscriptores":50,"poblacion":200,"forma_organizativa":"Autogestion","tipo_tratamiento":"Ninguno","algun_tratamiento":"","cantidad_fuentes":1,"fuente_abastecimiento":"LA CECILIA","tipo_fuente":"Superficial","estado_fuentes":"CON FUENTE ASOCIADA"}},{"type":"Feature","geometry":{"type":"Point","coordinates":[-76.42483,3.840389]},"properties":{"id_maestro":"ACUEDUCTO_0635","codigo_actual":"7402","codigo_anterior":"106577","codigo_muestreo":113192,"municipio":"YOTOCO","aro":"Centro Tuluá","ambito":"Rural","tipo_sistema":"DISPERSA","prestador":"ASOCIACION ADMINISTRADORA ACUEDUCTO EL DORADO","localidades":"EL DORADO","suscriptores":25,"poblacion":100,"forma_organizativa":"Autogestion","tipo_tratamiento":"Ninguno","algun_tratamiento":"","cantidad_fuentes":4,"fuente_abastecimiento":"QUEBRADA EL SOBACO, LAS  MINAS, CALABAZAS, QUEBRADA CALABAZAS","tipo_fuente":"Superficial","estado_fuentes":"CON FUENTE ASOCIADA"}},{"type":"Feature","geometry":{"type":"Point","coordinates":[-76.44177,3.858531]},"properties":{"id_maestro":"ACUEDUCTO_0636","codigo_actual":"7799","codigo_anterior":"120396","codigo_muestreo":133426,"municipio":"YOTOCO","aro":"Centro Tuluá","ambito":"Rural","tipo_sistema":"DISPERSA","prestador":"ASOCIACION ADMINISTRADORA DE ACUEDUCTOS CORREGIMIENTO EL DORADO","localidades":"LA FLORESTA","suscriptores":11,"poblacion":44,"forma_organizativa":"Autogestion","tipo_tratamiento":"Soluciones_Individuales","algun_tratamiento":1,"cantidad_fuentes":1,"fuente_abastecimiento":"EL DIVISO","tipo_fuente":"Subterránea","estado_fuentes":"CON FUENTE ASOCIADA"}},{"type":"Feature","geometry":{"type":"Point","coordinates":[-76.43493,3.887303]},"properties":{"id_maestro":"ACUEDUCTO_0637","codigo_actual":"312","codigo_anterior":"121437","codigo_muestreo":120523,"municipio":"YOTOCO","aro":"Centro Tuluá","ambito":"Rural","tipo_sistema":"DISPERSA","prestador":"ASOCIACION ADMINSITRADORA DEL ACUEDUCTO LA FONTANA-ACOFOMI","localidades":"LA FONTANA","suscriptores":25,"poblacion":100,"forma_organizativa":"Autogestion","tipo_tratamiento":"Solo desinfección","algun_tratamiento":"","cantidad_fuentes":2,"fuente_abastecimiento":"NACIMIENTO LA CORTINA, QUEBRADA LA FONTANA","tipo_fuente":"Superficial-Subterránea","estado_fuentes":"CON FUENTE ASOCIADA"}},{"type":"Feature","geometry":{"type":"Point","coordinates":[-76.21389,4.037222]},"properties":{"id_maestro":"ACUEDUCTO_0638","codigo_actual":"3554","codigo_anterior":"62253","codigo_muestreo":112825,"municipio":"YOTOCO","aro":"Centro Tuluá","ambito":"Rural","tipo_sistema":"CENTRO POBLADO","prestador":"ASOCIACION COMUNITARIA ADMINISTRADORA ACUEDUCTO PUENTETIERRA LA VIRGINIA","localidades":"PUENTETIERRA","suscriptores":32,"poblacion":128,"forma_organizativa":"Autogestion","tipo_tratamiento":"Solo desinfección","algun_tratamiento":"","cantidad_fuentes":5,"fuente_abastecimiento":"VALSOS 1, CHORRERAS, LA CONCHA, VIILA MARIA, VALSOS 2","tipo_fuente":"Superficial","estado_fuentes":"CON FUENTE ASOCIADA"}},{"type":"Feature","geometry":{"type":"Point","coordinates":[-76.45483,3.880556]},"properties":{"id_maestro":"ACUEDUCTO_0639","codigo_actual":"2646","codigo_anterior":"108425","codigo_muestreo":112826,"municipio":"YOTOCO","aro":"Centro Tuluá","ambito":"Rural","tipo_sistema":"CENTRO POBLADO","prestador":"ASOCIACION COMUNITARIA AGUAS DE PUENTE TIERRA - LA BOHEMIA","localidades":"PUENTETIERRA","suscriptores":37,"poblacion":148,"forma_organizativa":"Autogestion","tipo_tratamiento":"Ninguno","algun_tratamiento":"","cantidad_fuentes":1,"fuente_abastecimiento":"LA BOHEMIA","tipo_fuente":"Superficial","estado_fuentes":"CON FUENTE ASOCIADA"}},{"type":"Feature","geometry":{"type":"Point","coordinates":[-76.45995,3.875361]},"properties":{"id_maestro":"ACUEDUCTO_0640","codigo_actual":"2727","codigo_anterior":"116100","codigo_muestreo":107363,"municipio":"YOTOCO","aro":"Centro Tuluá","ambito":"Rural","tipo_sistema":"CENTRO POBLADO","prestador":"ASOCIACION COMUNITARIA AGUAS DE PUENTE TIERRA - LA OFELIA","localidades":"PUENTE TIERRA LA OFELIA","suscriptores":144,"poblacion":576,"forma_organizativa":"Autogestion","tipo_tratamiento":"FD+Desinfección","algun_tratamiento":1,"cantidad_fuentes":0,"fuente_abastecimiento":"","tipo_fuente":"","estado_fuentes":"SIN FUENTE ASOCIADA"}},{"type":"Feature","geometry":{"type":"Point","coordinates":[-76.38333,3.975569]},"properties":{"id_maestro":"ACUEDUCTO_0641","codigo_actual":"3272","codigo_anterior":"113889","codigo_muestreo":null,"municipio":"YOTOCO","aro":"Centro Tuluá","ambito":"Rural","tipo_sistema":"CENTRO POBLADO","prestador":"ASOCIACIÓN DE USUARIOS AGUA ALBANIA E.S.P CARAMY","localidades":"RAYITO","suscriptores":289,"poblacion":1156,"forma_organizativa":"Empresa de Servicios Púplicos","tipo_tratamiento":"Ninguno","algun_tratamiento":"","cantidad_fuentes":0,"fuente_abastecimiento":"","tipo_fuente":"","estado_fuentes":"SIN FUENTE ASOCIADA"}},{"type":"Feature","geometry":{"type":"Point","coordinates":[-76.38534,3.99955]},"properties":{"id_maestro":"ACUEDUCTO_0642","codigo_actual":"3272","codigo_anterior":"59633","codigo_muestreo":113053,"municipio":"YOTOCO","aro":"Centro Tuluá","ambito":"Rural","tipo_sistema":"CENTRO POBLADO","prestador":"ASOCIACION DE USUARIOS AGUA ALBANIA ESP - MIRAVALLE","localidades":"MIRAVALLE","suscriptores":289,"poblacion":1156,"forma_organizativa":"Empresa de Servicios Púplicos","tipo_tratamiento":"Planta Modular","algun_tratamiento":1,"cantidad_fuentes":0,"fuente_abastecimiento":"","tipo_fuente":"","estado_fuentes":"SIN FUENTE ASOCIADA"}},{"type":"Feature","geometry":{"type":"Point","coordinates":[-76.42675,3.836292]},"properties":{"id_maestro":"ACUEDUCTO_0643","codigo_actual":"7526","codigo_anterior":"136356","codigo_muestreo":136358,"municipio":"YOTOCO","aro":"Centro Tuluá","ambito":"Rural","tipo_sistema":"DISPERSA","prestador":"ASOCIACION DE USUARIOS DE LA JUNTA ADMINISTRADORA DE AGUAS VEREDA BUENOS AIRES - AJABA","localidades":"BUENOS AIRES","suscriptores":28,"poblacion":112,"forma_organizativa":"Autogestion","tipo_tratamiento":"Ninguno","algun_tratamiento":"","cantidad_fuentes":1,"fuente_abastecimiento":"QUEBRADA CALABAZAS Y EL SOBACO","tipo_fuente":"Superficial","estado_fuentes":"CON FUENTE ASOCIADA"}},{"type":"Feature","geometry":{"type":"Point","coordinates":[-76.42519,3.896928]},"properties":{"id_maestro":"ACUEDUCTO_0644","codigo_actual":"499","codigo_anterior":"104302","codigo_muestreo":136051,"municipio":"YOTOCO","aro":"Centro Tuluá","ambito":"Rural","tipo_sistema":"DISPERSA","prestador":"ASOCIACION DE USUARIOS DE LOS ACUEDUCTOS EL JARDIN - CALIMITA - CALIMITA","localidades":"CALIMITA","suscriptores":25,"poblacion":100,"forma_organizativa":"Autogestion","tipo_tratamiento":"Ninguno","algun_tratamiento":"","cantidad_fuentes":1,"fuente_abastecimiento":"QUEBRADA CALIMITA","tipo_fuente":"Superficial","estado_fuentes":"CON FUENTE ASOCIADA"}},{"type":"Feature","geometry":{"type":"Point","coordinates":[-76.42519,3.896928]},"properties":{"id_maestro":"ACUEDUCTO_0645","codigo_actual":"498","codigo_anterior":"104373","codigo_muestreo":112829,"municipio":"YOTOCO","aro":"Centro Tuluá","ambito":"Rural","tipo_sistema":"DISPERSA","prestador":"ASOCIACION DE USUARIOS DE LOS ACUEDUCTOS EL JARDIN - CALIMITA - EL JARDIN","localidades":"EL JARDIN","suscriptores":112,"poblacion":448,"forma_organizativa":"Autogestion","tipo_tratamiento":"Solo desinfección","algun_tratamiento":"","cantidad_fuentes":4,"fuente_abastecimiento":"QUEBRADA PARAMILLO, QUEBRADA CALIMITA, QUEBRADA CRISTALES, CALIMITA","tipo_fuente":"Superficial","estado_fuentes":"CON FUENTE ASOCIADA"}},{"type":"Feature","geometry":{"type":"Point","coordinates":[-76.43451,3.915639]},"properties":{"id_maestro":"ACUEDUCTO_0646","codigo_actual":"394","codigo_anterior":"58649","codigo_muestreo":112828,"municipio":"YOTOCO","aro":"Centro Tuluá","ambito":"Rural","tipo_sistema":"CENTRO POBLADO","prestador":"ASOCIACION DE USUARIOS DEL ACUEDUCTO EL YARUMO-JIGUALES","localidades":"JIGUALES","suscriptores":104,"poblacion":416,"forma_organizativa":"Autogestion","tipo_tratamiento":"Filtración Compacta","algun_tratamiento":1,"cantidad_fuentes":2,"fuente_abastecimiento":"EL JARDÍN, JIGUALES","tipo_fuente":"Superficial","estado_fuentes":"CON FUENTE ASOCIADA"}},{"type":"Feature","geometry":{"type":"Point","coordinates":[-76.40266,3.985103]},"properties":{"id_maestro":"ACUEDUCTO_0647","codigo_actual":"14321","codigo_anterior":"121439","codigo_muestreo":121973,"municipio":"YOTOCO","aro":"Centro Tuluá","ambito":"Rural","tipo_sistema":"DISPERSA","prestador":"ASOCIACIÓN DE USUARIOS DEL ACUEDUCTO LA RIVERA","localidades":"LA RIVERA","suscriptores":33,"poblacion":132,"forma_organizativa":"Autogestion","tipo_tratamiento":"Ninguno","algun_tratamiento":"","cantidad_fuentes":1,"fuente_abastecimiento":"GUZMAN","tipo_fuente":"Superficial","estado_fuentes":"CON FUENTE ASOCIADA"}},{"type":"Feature","geometry":{"type":"Point","coordinates":[-76.44334,3.838569]},"properties":{"id_maestro":"ACUEDUCTO_0648","codigo_actual":"SD","codigo_anterior":"104293","codigo_muestreo":113200,"municipio":"YOTOCO","aro":"Centro Tuluá","ambito":"Rural","tipo_sistema":"DISPERSA","prestador":"ASOCIACION USUARIOS SISTEMA SUMINISTRO AGUA RURAL VEREDA COLORADOS","localidades":"COLORADOS","suscriptores":24,"poblacion":96,"forma_organizativa":"Autogestion","tipo_tratamiento":"Ninguno","algun_tratamiento":"","cantidad_fuentes":0,"fuente_abastecimiento":"","tipo_fuente":"","estado_fuentes":"SIN FUENTE ASOCIADA"}},{"type":"Feature","geometry":{"type":"Point","coordinates":[-76.38419,3.917778]},"properties":{"id_maestro":"ACUEDUCTO_0649","codigo_actual":"193","codigo_anterior":"58648","codigo_muestreo":109623,"municipio":"YOTOCO","aro":"Centro Tuluá","ambito":"Rural","tipo_sistema":"CENTRO POBLADO","prestador":"ASOMEDIACANOA","localidades":"MEDIACANOA","suscriptores":245,"poblacion":3560,"forma_organizativa":"Autogestion","tipo_tratamiento":"FIME","algun_tratamiento":1,"cantidad_fuentes":2,"fuente_abastecimiento":"LA VIRGEN, CRISTALES","tipo_fuente":"Superficial","estado_fuentes":"CON FUENTE ASOCIADA"}},{"type":"Feature","geometry":{"type":"Point","coordinates":[-76.33777,4.044269]},"properties":{"id_maestro":"ACUEDUCTO_0650","codigo_actual":"3404","codigo_anterior":"59624","codigo_muestreo":112832,"municipio":"YOTOCO","aro":"Centro Tuluá","ambito":"Rural","tipo_sistema":"CENTRO POBLADO","prestador":"ASUASAP","localidades":"SAN ANTONIO DE PIEDRAS","suscriptores":150,"poblacion":600,"forma_organizativa":"Autogestion","tipo_tratamiento":"Solo desinfección","algun_tratamiento":"","cantidad_fuentes":2,"fuente_abastecimiento":"SAN JOSÉ, LA LETICIA","tipo_fuente":"Superficial","estado_fuentes":"CON FUENTE ASOCIADA"}},{"type":"Feature","geometry":{"type":"Point","coordinates":[-76.37436,3.969892]},"properties":{"id_maestro":"ACUEDUCTO_0652","codigo_actual":"3271","codigo_anterior":"121438","codigo_muestreo":121972,"municipio":"YOTOCO","aro":"Centro Tuluá","ambito":"Rural","tipo_sistema":"DISPERSA","prestador":"JUNTA ACCION COMUNAL VEREDA EL DELIRIO","localidades":"EL DELIRIO","suscriptores":96,"poblacion":384,"forma_organizativa":"Autogestion","tipo_tratamiento":"Soluciones_Individuales","algun_tratamiento":"","cantidad_fuentes":1,"fuente_abastecimiento":"EL DELIRIO","tipo_fuente":"Superficial","estado_fuentes":"CON FUENTE ASOCIADA"}},{"type":"Feature","geometry":{"type":"Point","coordinates":[-76.39854,3.994731]},"properties":{"id_maestro":"ACUEDUCTO_0653","codigo_actual":"4993","codigo_anterior":"115075","codigo_muestreo":115074,"municipio":"YOTOCO","aro":"Centro Tuluá","ambito":"Rural","tipo_sistema":"DISPERSA","prestador":"JUNTA ADMINISTRADORA ACUEDUCTO EL BOSQUE","localidades":"EL BOSQUE","suscriptores":61,"poblacion":244,"forma_organizativa":"Autogestion","tipo_tratamiento":"Ninguno","algun_tratamiento":"","cantidad_fuentes":1,"fuente_abastecimiento":"LIVERPOOL","tipo_fuente":"Superficial","estado_fuentes":"CON FUENTE ASOCIADA"}},{"type":"Feature","geometry":{"type":"Point","coordinates":[-76.40278,3.948233]},"properties":{"id_maestro":"ACUEDUCTO_0654","codigo_actual":"3276","codigo_anterior":"104338","codigo_muestreo":113058,"municipio":"YOTOCO","aro":"Centro Tuluá","ambito":"Rural","tipo_sistema":"CENTRO POBLADO","prestador":"JUNTA ADMINISTRADORA ACUEDUCTO LAS DELICIAS","localidades":"LAS DELICIAS","suscriptores":37,"poblacion":148,"forma_organizativa":"Autogestion","tipo_tratamiento":"Solo desinfección","algun_tratamiento":"","cantidad_fuentes":1,"fuente_abastecimiento":"QUEBRADA LOS ALPES","tipo_fuente":"Superficial","estado_fuentes":"CON FUENTE ASOCIADA"}},{"type":"Feature","geometry":{"type":"Point","coordinates":[-76.37958,3.922306]},"properties":{"id_maestro":"ACUEDUCTO_0655","codigo_actual":"2790","codigo_anterior":"62447","codigo_muestreo":113050,"municipio":"YOTOCO","aro":"Centro Tuluá","ambito":"Rural","tipo_sistema":"CENTRO POBLADO","prestador":"JUNTA ADMINISTRADORA ACUEDUCTO LOS PLANES","localidades":"LOS PLANES","suscriptores":115,"poblacion":460,"forma_organizativa":"Autogestion","tipo_tratamiento":"Solo desinfección","algun_tratamiento":"","cantidad_fuentes":2,"fuente_abastecimiento":"QUEBRADA LOS PLANES, QUEBRADA MONTE NEGRO","tipo_fuente":"Superficial","estado_fuentes":"CON FUENTE ASOCIADA"}},{"type":"Feature","geometry":{"type":"Point","coordinates":[-76.39317,3.94415]},"properties":{"id_maestro":"ACUEDUCTO_0656","codigo_actual":"3406","codigo_anterior":"65697","codigo_muestreo":107339,"municipio":"YOTOCO","aro":"Centro Tuluá","ambito":"Rural","tipo_sistema":"DISPERSA","prestador":"JUNTA ADMINISTRADORA ACUEDUCTO RURAL EL DOPO","localidades":"EL DOPO","suscriptores":62,"poblacion":248,"forma_organizativa":"Autogestion","tipo_tratamiento":"Ninguno","algun_tratamiento":"","cantidad_fuentes":1,"fuente_abastecimiento":"QUEBRADA DOPO","tipo_fuente":"Superficial","estado_fuentes":"CON FUENTE ASOCIADA"}},{"type":"Feature","geometry":{"type":"Point","coordinates":[-76.38506,3.860611]},"properties":{"id_maestro":"ACUEDUCTO_0657","codigo_actual":"191","codigo_anterior":"58663","codigo_muestreo":107234,"municipio":"YOTOCO","aro":"Centro Tuluá","ambito":"Urbano","tipo_sistema":"CABECERA MUNICIPAL","prestador":"SOCIEDAD DE ACUEDUCTOS Y ALCANTARILLADOS DEL VALLE DEL CAUCA S.A. E.S.P. ACUAVALLE S.A. E.S.P. - YOTOCO","localidades":"URBANO","suscriptores":3400,"poblacion":13600,"forma_organizativa":"Empresa de Servicios Púplicos","tipo_tratamiento":"Convencional","algun_tratamiento":1,"cantidad_fuentes":2,"fuente_abastecimiento":"RIO YOTOCO, GUABAL","tipo_fuente":"Superficial","estado_fuentes":"CON FUENTE ASOCIADA"}},{"type":"Feature","geometry":{"type":"Point","coordinates":[-75.99947,4.375303]},"properties":{"id_maestro":"ACUEDUCTO_0658","codigo_actual":"159","codigo_anterior":"59637","codigo_muestreo":107318,"municipio":"ZARZAL","aro":"Centro Tuluá","ambito":"Rural","tipo_sistema":"CENTRO POBLADO","prestador":"ASOCIACION DE USUARIOS ACUASALUD VALLEJUELO","localidades":"COROZAL (150) Y BUENOS AIRES (50)","suscriptores":535,"poblacion":2200,"forma_organizativa":"Autogestion","tipo_tratamiento":"FIME","algun_tratamiento":1,"cantidad_fuentes":1,"fuente_abastecimiento":"PALOMINO","tipo_fuente":"Superficial","estado_fuentes":"CON FUENTE ASOCIADA"}},{"type":"Feature","geometry":{"type":"Point","coordinates":[-76.07335,4.316675]},"properties":{"id_maestro":"ACUEDUCTO_0659","codigo_actual":"164","codigo_anterior":"58665","codigo_muestreo":106100,"municipio":"ZARZAL","aro":"Centro Tuluá","ambito":"Rural","tipo_sistema":"CENTRO POBLADO","prestador":"ASOCIACION DE USUARIOS DE LOS SERVICIOS PUBLICOS DE LA PAILA ASEPAILA","localidades":"LA PAILA","suscriptores":1862,"poblacion":7448,"forma_organizativa":"Empresa de Servicios Púplicos","tipo_tratamiento":"Convencional","algun_tratamiento":1,"cantidad_fuentes":1,"fuente_abastecimiento":"LA PAILA","tipo_fuente":"Superficial","estado_fuentes":"CON FUENTE ASOCIADA"}},{"type":"Feature","geometry":{"type":"Point","coordinates":[-76.04355,4.425561]},"properties":{"id_maestro":"ACUEDUCTO_0660","codigo_actual":"18517","codigo_anterior":"122659","codigo_muestreo":124267,"municipio":"ZARZAL","aro":"Centro Tuluá","ambito":"Rural","tipo_sistema":"DISPERSA","prestador":"ASOCIACION DE USUARIOS DE SERVICIOS PUBLICOS DEL ACUEDUCTO GUASIMAL-ALIZAL","localidades":"GUASIMAL BAJO , GUASIMAL ALTO, ALIZAL","suscriptores":59,"poblacion":236,"forma_organizativa":"Autogestion","tipo_tratamiento":"Bloque-Acuavalle","algun_tratamiento":1,"cantidad_fuentes":1,"fuente_abastecimiento":"SARA BRUT","tipo_fuente":"Superficial","estado_fuentes":"CON FUENTE ASOCIADA"}},{"type":"Feature","geometry":{"type":"Point","coordinates":[-75.95129,4.371172]},"properties":{"id_maestro":"ACUEDUCTO_0661","codigo_actual":"195","codigo_anterior":"59638","codigo_muestreo":107957,"municipio":"ZARZAL","aro":"Centro Tuluá","ambito":"Rural","tipo_sistema":"CENTRO POBLADO","prestador":"ASOCIACION DE USUARIOS DEL ACUEDUCTO QUEBRADA NUEVA","localidades":"QUEBRADANUEVA","suscriptores":270,"poblacion":1080,"forma_organizativa":"Empresa de Servicios Púplicos","tipo_tratamiento":"Solo desinfección","algun_tratamiento":"","cantidad_fuentes":0,"fuente_abastecimiento":"","tipo_fuente":"","estado_fuentes":"SIN FUENTE ASOCIADA"}},{"type":"Feature","geometry":{"type":"Point","coordinates":[-76.06668,4.400856]},"properties":{"id_maestro":"ACUEDUCTO_0662","codigo_actual":"167","codigo_anterior":"58664","codigo_muestreo":106098,"municipio":"ZARZAL","aro":"Centro Tuluá","ambito":"Urbano","tipo_sistema":"CABECERA MUNICIPAL","prestador":"SOCIEDAD DE ACUEDUCTOS Y ALCANTARILLADOS DEL VALLE DEL CAUCA S.A. E.S.P. ACUAVALLE S.A. E.S.P. - ZARZAL","localidades":"URBANO, LIMONES, VERGEL","suscriptores":10862,"poblacion":43448,"forma_organizativa":"Empresa de Servicios Púplicos","tipo_tratamiento":"Convencional","algun_tratamiento":1,"cantidad_fuentes":1,"fuente_abastecimiento":"SARA BRUT","tipo_fuente":"Superficial","estado_fuentes":"CON FUENTE ASOCIADA"}},{"type":"Feature","geometry":{"type":"Point","coordinates":[-76.30638,4.495008]},"properties":{"id_maestro":"ACUEDUCTO_0664","codigo_actual":"SD","codigo_anterior":"68866","codigo_muestreo":null,"municipio":"EL DOVIO","aro":"Norte Cartago","ambito":"Rural","tipo_sistema":"DISPERSA","prestador":"ACUEDUCTO VEREDAL EL DIAMANTE","localidades":"DIAMANTE","suscriptores":31,"poblacion":124,"forma_organizativa":"Autogestion","tipo_tratamiento":"Soluciones_Individuales","algun_tratamiento":"","cantidad_fuentes":0,"fuente_abastecimiento":"","tipo_fuente":"","estado_fuentes":"SIN FUENTE ASOCIADA"}},{"type":"Feature","geometry":{"type":"Point","coordinates":[-76.25233,4.489472]},"properties":{"id_maestro":"ACUEDUCTO_0666","codigo_actual":"SD","codigo_anterior":"68493","codigo_muestreo":119319,"municipio":"EL DOVIO","aro":"Norte Cartago","ambito":"Rural","tipo_sistema":"DISPERSA","prestador":"JUNTA ADMINISTRADORA DEL ACUEDUCTO RURAL EL CIELITO","localidades":"CIELITO","suscriptores":13,"poblacion":52,"forma_organizativa":"Autogestion","tipo_tratamiento":"Ninguno","algun_tratamiento":"","cantidad_fuentes":0,"fuente_abastecimiento":"","tipo_fuente":"","estado_fuentes":"SIN FUENTE ASOCIADA"}},{"type":"Feature","geometry":{"type":"Point","coordinates":[-75.90734,4.163933]},"properties":{"id_maestro":"ACUEDUCTO_0667","codigo_actual":"2078","codigo_anterior":"113710","codigo_muestreo":113709,"municipio":"SEVILLA","aro":"Centro Tuluá","ambito":"Rural","tipo_sistema":"DISPERSA","prestador":"ACUEDUCTO EL CEBOLLAL","localidades":"CEBOLLAL","suscriptores":34,"poblacion":136,"forma_organizativa":"Autogestion","tipo_tratamiento":"Ninguno","algun_tratamiento":"","cantidad_fuentes":0,"fuente_abastecimiento":"","tipo_fuente":"","estado_fuentes":"SIN FUENTE ASOCIADA"}},{"type":"Feature","geometry":{"type":"Point","coordinates":[-76.31866,4.019367]},"properties":{"id_maestro":"ACUEDUCTO_0668","codigo_actual":"928","codigo_anterior":"149455","codigo_muestreo":149457,"municipio":"SAN PEDRO","aro":"Centro Tuluá","ambito":"Rural","tipo_sistema":"DISPERSA","prestador":"ASOCIACION DE PRODUCTORES AGROPECUARIOS VICTIMAS DEL CONFLICTO ARMADO DE COLOMBIA -","localidades":"PREDIO LA CAMILA","suscriptores":70,"poblacion":0,"forma_organizativa":"Autogestion","tipo_tratamiento":"Ninguno","algun_tratamiento":"","cantidad_fuentes":0,"fuente_abastecimiento":"","tipo_fuente":"","estado_fuentes":"SIN FUENTE ASOCIADA"}},{"type":"Feature","geometry":{"type":"Point","coordinates":[-76.32455,4.225233]},"properties":{"id_maestro":"ACUEDUCTO_0669","codigo_actual":"3548","codigo_anterior":"150208","codigo_muestreo":150920,"municipio":"TRUJILLO","aro":"Centro Tuluá","ambito":"Rural","tipo_sistema":"DISPERSA","prestador":"ASOCIACION DE USUARIOS ABASTECIMIENTO DE AGUA LAS BRUMAS ASOBRU","localidades":"LAS BRUMAS","suscriptores":6,"poblacion":24,"forma_organizativa":"Autogestion","tipo_tratamiento":"Ninguno","algun_tratamiento":"","cantidad_fuentes":1,"fuente_abastecimiento":"LAS BRUMAS","tipo_fuente":"Superficial","estado_fuentes":"CON FUENTE ASOCIADA"}},{"type":"Feature","geometry":{"type":"Point","coordinates":[-76.42417,3.836111]},"properties":{"id_maestro":"ACUEDUCTO_0670","codigo_actual":"13517","codigo_anterior":"151783","codigo_muestreo":null,"municipio":"YOTOCO","aro":"Centro Tuluá","ambito":"Rural","tipo_sistema":"DISPERSA","prestador":"JUNTA ADMINISTRADORA ACUEDUCTO EL SOBACO","localidades":"EL SOBACO","suscriptores":5,"poblacion":20,"forma_organizativa":"Autogestion","tipo_tratamiento":"Ninguno","algun_tratamiento":"","cantidad_fuentes":0,"fuente_abastecimiento":"","tipo_fuente":"","estado_fuentes":"SIN FUENTE ASOCIADA"}},{"type":"Feature","geometry":{"type":"Point","coordinates":[-76.19239,3.665444]},"properties":{"id_maestro":"ACUEDUCTO_0671","codigo_actual":null,"codigo_anterior":"151906","codigo_muestreo":151906,"municipio":"EL CERRITO","aro":"Sur Cali","ambito":"Rural","tipo_sistema":"DISPERSA","prestador":"ACUEDUCTO AGUAS DEL CASTILLO","localidades":"PARCELACION EL CASTILLO","suscriptores":0,"poblacion":null,"forma_organizativa":"Autogestion","tipo_tratamiento":"Filtración Compacta","algun_tratamiento":1,"cantidad_fuentes":2,"fuente_abastecimiento":"RIO SABALETAS, QUEBRADA EL JARDÍN","tipo_fuente":"Superficial","estado_fuentes":"CON FUENTE ASOCIADA"}},{"type":"Feature","geometry":{"type":"Point","coordinates":[-76.2133,4.418064]},"properties":{"id_maestro":"ACUEDUCTO_0672","codigo_actual":"23842","codigo_anterior":"151391","codigo_muestreo":151391,"municipio":"ROLDANILLO","aro":"Norte Cartago","ambito":"Rural","tipo_sistema":"DISPERSA","prestador":"ACUEDUCTO RURAL VEREDA MATEGUADUA","localidades":"MATEGUADUA","suscriptores":0,"poblacion":0,"forma_organizativa":"Autogestion","tipo_tratamiento":"Soluciones_Individuales","algun_tratamiento":1,"cantidad_fuentes":1,"fuente_abastecimiento":"MATEGUADUA","tipo_fuente":"Superficial","estado_fuentes":"CON FUENTE ASOCIADA"}},{"type":"Feature","geometry":{"type":"Point","coordinates":[-76.09854,4.671408]},"properties":{"id_maestro":"ACUEDUCTO_0673","codigo_actual":"1892","codigo_anterior":"108873","codigo_muestreo":108873,"municipio":"TORO","aro":"Norte Cartago","ambito":"Rural","tipo_sistema":"DISPERSA","prestador":"ACUEDUCTO RURAL VDA VENTAQUEMADA SISTEMA # 2 - LA SIBERIA","localidades":"VENTAQUEMADA SISTEMA # 2 , LA SIBERIA","suscriptores":18,"poblacion":72,"forma_organizativa":"Autogestion","tipo_tratamiento":"Ninguno","algun_tratamiento":"","cantidad_fuentes":1,"fuente_abastecimiento":"LA SIBERIA","tipo_fuente":"Superficial","estado_fuentes":"CON FUENTE ASOCIADA"}},{"type":"Feature","geometry":{"type":"Point","coordinates":[-75.97,4.138056]},"properties":{"id_maestro":"ACUEDUCTO_0674","codigo_actual":null,"codigo_anterior":"150256","codigo_muestreo":150256,"municipio":"ANDALUCÍA","aro":"Centro Tuluá","ambito":"Rural","tipo_sistema":"INSTITUCION EDUCATIVA","prestador":"INSTITUCION EDUCATIVA AGRICOLA CAMPOALEGRE SEDE SANTA MATILDE","localidades":"INSTITUCION EDUCATIVA AGRICOLA CAMPOALEGRE SEDE SANTA MATILDE","suscriptores":1,"poblacion":32,"forma_organizativa":"Autogestion","tipo_tratamiento":"Planta Modular","algun_tratamiento":1,"cantidad_fuentes":1,"fuente_abastecimiento":"LA SIRIA Y LA SIERRA","tipo_fuente":"Superficial","estado_fuentes":"CON FUENTE ASOCIADA"}},{"type":"Feature","geometry":{"type":"Point","coordinates":[-75.82568,4.703329]},"properties":{"id_maestro":"ACUEDUCTO_0675","codigo_actual":"5066","codigo_anterior":"151957","codigo_muestreo":null,"municipio":"ULLOA","aro":"Norte Cartago","ambito":"Rural","tipo_sistema":"DISPERSA","prestador":"JUNTA DE ACCION COMUNAL CALAMONTE BAJO","localidades":"CALAMONTE BAJO","suscriptores":70,"poblacion":280,"forma_organizativa":"Autogestion","tipo_tratamiento":"Soluciones_Individuales (22%)","algun_tratamiento":"","cantidad_fuentes":1,"fuente_abastecimiento":"15","tipo_fuente":"Validar","estado_fuentes":"CON FUENTE ASOCIADA"}},{"type":"Feature","geometry":{"type":"Point","coordinates":[-76.45456,3.735278]},"properties":{"id_maestro":"ACUEDUCTO_0676","codigo_actual":"SD","codigo_anterior":"44627","codigo_muestreo":31783,"municipio":"VIJES","aro":"Sur Cali","ambito":"Rural","tipo_sistema":"DISPERSA","prestador":"JUNTA ADMINISTRADORA ACUEDUCTO CARBONERO Y LA PEDRERA JACA N°1 - LA PEDRERA","localidades":"CARBONERO,LA PEDRERA","suscriptores":55,"poblacion":220,"forma_organizativa":"Autogestion","tipo_tratamiento":"Ninguno","algun_tratamiento":"","cantidad_fuentes":0,"fuente_abastecimiento":"","tipo_fuente":"","estado_fuentes":"SIN FUENTE ASOCIADA"}},{"type":"Feature","geometry":{"type":"Point","coordinates":[-76.10364,3.639056]},"properties":{"id_maestro":"ACUEDUCTO_0679","codigo_actual":"6520","codigo_anterior":"152043","codigo_muestreo":null,"municipio":"EL CERRITO","aro":"Sur Cali","ambito":"Rural","tipo_sistema":"DISPERSA","prestador":"JUNTA DE ACCIÓN COMUNAL VEREDA REGADEROS","localidades":"REGADEROS","suscriptores":188,"poblacion":752,"forma_organizativa":"Autogestion","tipo_tratamiento":"Soluciones_Individuales","algun_tratamiento":1,"cantidad_fuentes":1,"fuente_abastecimiento":"QUEBRADA LAS YEGUAS","tipo_fuente":"Superficial","estado_fuentes":"CON FUENTE ASOCIADA"}}]}