CODIGO_ANTERIOR,MUNICIPIO,PERSONA_PRESTADORA,NOMBRE_SISTEMA,ARO,FECHA_VISITA_1_2,CONCEPTO_1_2,FUNCIONARIO_1_2,IRCA_1_2,OBSERVACION_1_2,COMPONENTE_AFECTADO,INTERVENCION_SUGERIDA,HALLAZGO_CLAVE,FECHA_MUESTREO_1_7,IRCA_1_7,CODIGO_LABORATORIO_1_7,RESULTADO_1_7,ESTADO_MUESTRA_1_7,PUNTO_MUESTREO_1_7,TIPO_ANALISIS_1_7,SOPORTE_SISA,TOTAL_VISITAS_1_2,TOTAL_MUESTREOS_1_7
110201,ALCALA,ASOCIACION DE USUARIOS DEL ACUEDUCTORURAL VEREDA EL EDEN (ASOCOAGUAS),ASOCIACION DE USUARIOS DEL ACUEDUCTORURAL VEREDA EL EDEN (ASOCOAGUAS),1,2026-06-09,DESFAVORABLE,SAIR HAIRTON IBARGUEN RENTERIA,68.22,"SE REALIZA RECORRIDO POR LAS UNIDADES QUE CONFORMAN QUE CONFORMAN EL SISTEMA DE ABASTO SE EVIDENCIA QUE NO SE ESTA REALIZANDO DESINFECCIÓN, POR LO TANTO NO SE PUEDE GARANTIZAR LA CALIDAD DEL AGUA SUMINISTRADA, ES NECESARIO PONER EN MARCHA NUEVAMENTE EL SISTEMA DE DESINFECCIÓN, DAR CUMPLIMIENTO A LOS ITEM´S VALORADOS NEGATIVAMENTE EN LA PRESENTE ACTA, SE RECOMIENDA PLAN DE ACCIÓN Y/O MEJOAMIENTO DE ACUERDO A LOS ITEMS VALORADOS NEGATIVAMENTE, PLAZO 30 DÍAS, GESTIONAR ANTE LA ADMINISTRACIÓN MUNICIPAL PARA ADQUIRIR DISPOSITIVOS INTRADOMICILIAROS Y LOGRAR LA COBERTURA DEL 100%. NOTA= DECRETO DEPARTAMENTAL 0294/2016 NO SE EVIDENCIA CRIADERO DE MOSQUITOS",Desinfección,Desinfección / cloración,"desinfeccion, desinfección. También menciona: Protección sanitaria / fuente, Gestión administrativa",2026-02-02,94.57,20260202-6414-VIG,Aceptada,Cerrado,0002,Fisicoquimico y Microbiologico,Visita 1.2 + muestreo 1.7,1,1
115502,ALCALA,COOPERATIVA MARAVELEZ ALCALA ESP (SISTEMA #1),SISTEMA #1,1,2026-05-12,FAVORABLE CON REQUERIMIENTOS,SAIR HAIRTON IBARGUEN RENTERIA,36.91,"DURANTE EL CORRIDO POR LAS UNIDADES QUE CONFORMAN EL SISTEMA, SE EVIDENCIA QUE EL PROCESO DE DESINFECCIÓN FUNCIONA SIN NOVEDAD, SE OBSERVA ADECUACIÓN DEL TECHO DE LA CASETA DE DESINFECCIÓN, EL SISTEMA NO CUENTA CON MEDICIÓN DEL TANQUE, NO SE REALIZA ANALISIS FISICOQUIMICO POR CUENTA PROPIA, ES NECESARIO CON BASE A ESTAS CARENCIAS REALIZAR PLAN DE ACCIÓN Y MEJORAMIENTO, CON EL FIN DE MEJORAR LA CALIFICACIÓN DE LAS INDICADORES EVALUADOS EN LA PRESENTE ACTA 30 DÍAS PARA ELABORAR EL PLAN. NOTA: DECRETO 0294/2016 NO SE EVIDENCIAN CRIADEROS DE MOSQUITOS EN INSTALACIONES",Desinfección,Desinfección / cloración,"desinfeccion, desinfección. También menciona: Tanque / almacenamiento, Protección sanitaria / fuente",2026-04-22,62.01,20260422-7891-VIG,Aceptada,Cerrado,0003,Fisicoquimico y Microbiologico,Visita 1.2 + muestreo 1.7,1,2
91940,ALCALA,COOPERATIVA MARAVELEZ ALCALA ESP (SISTEMA #2),SISTEMA # 2 CONGAL-MARAVELEZ BAJO,1,2026-05-13,FAVORABLE CON REQUERIMIENTOS,SAIR HAIRTON IBARGUEN RENTERIA,12.71,"DURANTE LA VISITA POR EL SISTEMA SE EVIDENCIA EL ESTADO ACTUAL DE LAS UNIDADES QUE CONFORMAN EL SISTEMA, EVIDENCIANDO QUE EL PROCESO DE DESINFECCIÓN SE ENCUENTRA OPERANDO DE FORMA NORMAL, EN CUENTO A LA PRESENTE ACTA NO CUMPLE CON ITM´S COMO REALIZAR ENSAYO FISICOQUIMICO Y MB POR CUENTA PROPIA, FALTA EQUIPO DE MEDICIÓN DE TURBIEDAD Y PROCESO DE EVALUACIÓN Y CONTROL POR LO TANTO SE SOLICITA ELABORAR E IMPLEMENRAR PLAN DE ACCIÓN Y/ MEJORAMIENTO BASADO EN LOS ITEM´S NO CUMPLIDOS, TIEMPO ESTIMADO PARA ELABORACIÓN DE PLAN 30 DÍAS. NOTA: DECRETO 0294/2016 NO SE EVIDENCIAN CRIADEROS DE MOSQUITOS EN INTALACONES.",Desinfección,Desinfección / cloración,"desinfeccion, desinfección. También menciona: Protección sanitaria / fuente, Gestión administrativa",2026-06-23,69.17,20260623-9021-VIG,Aceptada,Cerrado,0004,Fisicoquimico y Microbiologico,Visita 1.2 + muestreo 1.7,1,2
115517,ALCALA,COOPERATIVA MARAVELEZ ALCALA ESP (SISTEMA #3),SISTEMA # 3 BELGICA,1,2026-05-28,DESFAVORABLE,SAIR HAIRTON IBARGUEN RENTERIA,86.52,"DURANTE LA VISITA AL SISTEMA #3 SE EVIDENCIA QUE NO SE ESTA REALIZANDO DESINFECCION EN EL SISTEMA, SE INSTA A LA COOPERATIVA A REHABILITAR EL SISTEMA CON LA FINALIDAD DE GARANTIZAR AGUA DE CALIDAD, LA COOPERATIVA VIENE ADELANTANDO ACCIONES CON EL MINISTRO DE VIVIENDA CIUDAD Y TERRITORIO CON EL FIN DE GENERAR LOS RECURSOS PARA REALIZAR ADECUACIONES AL SISTEMA, ES NECESARIO PRESENTAR EVIDENCIA DE ESTOS TRAMITES ASIMISMO SE DEBERA ELABORAR PLAN DE ACCION Y/O CUMPLIMIENTO DE ACUERDO A LAS FALENCIAS DEL SISTEMA, ESTABLECIDOS EN LA PRESENTE ACTA, PLAZO DE 30 DIAS ELABORACIONES. NOTA: DECRETO 0294/2016 NO SE EVIDENCION CRIADEROS DE MOSQUITOS.",Desinfección,Desinfección / cloración,"desinfeccion, desinfección. También menciona: Protección sanitaria / fuente, Gestión administrativa",2026-05-12,86.52,20260512-8279-VIG,Aceptada,Cerrado,0009,Fisicoquimico y Microbiologico,Visita 1.2 + muestreo 1.7,1,1
109043,ALCALA,COOPERATIVA MARAVELEZ ALCALA ESP (SISTEMA #4) FIME LA CAÑA,SISTEMA # 4 PZAPFIME LA CAÑA,1,2026-05-25,FAVORABLE,SAIR HAIRTON IBARGUEN RENTERIA,0.00,"DURANTE EL RECORRIDO POR LAS UNIDADES QUE CONFORMA EL SISTEMA DE ABASTO SE IDENTIFICA QUE LA FIME ESTA OPERANDO SIN NOVEDAD, SE REALIZAN MANTENIMIENTOS DIARIOS CON EL FIN DE GARANNTIZAR EL OPTIMO FUNCIONAMIENTO EL PROCESO DE DESINFECCIÓN ES ALIMENTADO CADA DOS DÍAS PUES ES LO QUE DURA LA SOLUCIÓN DE CLORO AL MOMENTO DE LA VISITA ESTE OPERANDO, LA COOPERATIVA NO CUENTA CON MEDIDOR DE TURBIEDAD, NI REALIZA ENSAYOS FISICO QUIMICOS Y MICROBIOLOGICOS POR CUENTA PROPIA, RAZÓN POR LA CUAL ES NECESARIO PRESENTAR PLAN DE ACCION EN RELACIÓN A ESTAS FALENCIAS PLAZO 30 DÍAS. NOTA: DECRETO 0294/2016 NO SE EVIDENCIAN CRIADEROS DE MOSQUITOS",Desinfección,Desinfección / cloración,"cloro, desinfeccion, desinfección. También menciona: Protección sanitaria / fuente, Operación y mantenimiento",2026-04-22,0.00,20260422-7889-VIG,Aceptada,Cerrado,0014,Fisicoquimico y Microbiologico,Visita 1.2 + muestreo 1.7,1,2
87903,ALCALA,COOPERATIVA MARAVELEZ ALCALA ESP (SISTEMA #7),COOPERATIVA MARAVELEZ ALCALA ESP (SISTEMA #7),1,2026-05-26,FAVORABLE CON REQUERIMIENTOS,SAIR HAIRTON IBARGUEN RENTERIA,13.97,"DURANTE LA VISITA AL SISTEMA DE ABASTO #7 DE LA COOPERATIVA SE EVIDENCIA QUE NO CUENTA CON PTAP, EL SISTEMA DE DESINFECCIÓN OPERA SIN NOVEDAD, NO TIENE EQUIPO DE MEDICIÓN DE TURBIEDAD NI REALIZA ENSAYO FISICOQUIMICO Y MICROBIOLOGICO POR CUENTA PROPIA, UNA DE LAS TAPAS DEL TQNQUE DE ALMACENAMIENTO PRESENTA GRIETAS LO CUAL PUEDE LLEGAR A CONVERTIRDE EN UN FACTOR DE RIESGO DE CONTAMINACIÓN DEL AGUA ALMACENADA, DE ACUERDO A LAS FALENCIAS EVIDENCIADOS EN LA PRESENTE ACTA SE NECESITA ELABORAR UN PLAN DE ACCIÓN Y/O MEJORA PLAZO 30 DÍAS NOTA: DECRETO 0294/2016 NO SE EVIDENCIAN CRIADEROS DE MOSQUITOS",Desinfección,Desinfección / cloración,"desinfeccion, desinfección. También menciona: Tratamiento / filtración, Tanque / almacenamiento",2026-05-12,29.78,20260512-8283-VIG,Aceptada,Cerrado,0028,Fisicoquimico y Microbiologico,Visita 1.2 + muestreo 1.7,1,2
110500,ALCALA,COOPERATIVA MARAVELEZ ALCALA ESP (SISTEMA #8),COOPERATIVA MARAVELEZ ALCALA SISTEM # 8,1,2026-05-27,FAVORABLE CON REQUERIMIENTOS,SAIR HAIRTON IBARGUEN RENTERIA,30.23,"SE REALIZA VISITA AL SISTEMA DE ABASTO #8 DE LA COOPERATIVA, EVIDENCIADO QUE SE ESTA REALIZANDO EL PROCESO DE DESINFECCION SIN NOVEDAD, LA SOLUCION DE CLORO DURA 2 DIAS APROX Y VUELVE A REHABILITARSE, EL TANQUE DE ALMACENAMIENTO PRESENTA DETERIORO EXTREMO EVIDENCIADO CRECIMIENTO DE MUSGO, ASIMISMO EN EL ENCERCAMIENTO PERIMETRAL, NO SE TIENE EQUIPO DE TURBIEDAD, SE HACE NECESARIO ELABORAR PLAN DE ACCION Y/O MEJORA RELACIONADO CON LAS FALENCIAS REPORTADAS EN LA PRESENTA ACTA 30 DIAS PARA ELABORAR Y PRESENTAR. NOTA DECRECTO 0294/2016. NO SE EVIDENCIA CRIADEROS DE MOSQUITOS.",Desinfección,Desinfección / cloración,"cloro, desinfeccion, desinfección. También menciona: Tanque / almacenamiento, Protección sanitaria / fuente",2026-05-12,65.24,20260512-8286-VIG,Aceptada,Cerrado,0031,Fisicoquimico y Microbiologico,Visita 1.2 + muestreo 1.7,1,2
110576,ALCALA,COOPERATIVA MARAVELEZ ALCALA ESP - SISTEMA # 5,SISTEMA # 5,1,2026-05-14,FAVORABLE CON REQUERIMIENTOS,SAIR HAIRTON IBARGUEN RENTERIA,31.74,"DURANTE EL RECORRIDO POR LAS UNIDADES QUE CONFORMAN EL SISTEMA #5 SE EVIDENCIA QUE EN LAS BOCATOMAS EXISTEN GRAN CANTIDAD DE MATERIAL DE ARRASTRE, EL SISTEMA CUENTA CON PROCESO DE DESINFECCION FUNCIONAL Y OPERANDO, EN GENERAL LAS UNIDADES SE ENCUENTRAN FUNCIONALES PERO ES NECESARIO REALIZAR MANTENIMIENTOS PREVENTIVOS, EN RELACION A LA PRESENTE ACTA EL SISTEMA FALTA EQUIPO DE MEDICION TUBIEDAD, PROCESO DE EVALUACION Y ENSAYOS FISICOS QUIMICOS Y M.B POR CUENTA PROPIA, POR LO TANTO ES NECESARIO REALIZAR PLAN DE ACCION Y/0 MEJORAMIENTO CON BASE A LOS ITEMS VALORADOS NEGATIVAMENTE, 30 DIAS PARA ELABORAR PLAN. NOTA DECRETO DEPARTAMENTAL 0294-2016 NO SE EVIDENCIAS CIADEROS DE MOSQUITOS",Desinfección,Desinfección / cloración,"desinfeccion, desinfección. También menciona: Captación / bocatoma, Operación y mantenimiento",2026-05-12,24.56,20260512-8280-VIG,Aceptada,Cerrado,0018,Fisicoquimico y Microbiologico,Visita 1.2 + muestreo 1.7,1,2
111747,ALCALA,COOPERATIVA MARAVELEZ ALCALA ESP- SISTEMA # 6 DINDE PARTE ALTA,SISTEMA # 6 DINDE PARTE ALTA,1,2026-05-15,FAVORABLE,SAIR HAIRTON IBARGUEN RENTERIA,0.00,"SE REALIZA EL CORRIDO POR EL SISTEMA #6 EVIDENCIANDOSE AL MOMENTO DE LA VISITA SE ESTA REALIZANDO DESINFECCIÓN AL AGUA QUE SE SUMINISTRA, EL TANQUE DE ALMACENAMIENTO SE EVIDENCIA EN BUEN ESTADO, EN RELACIÓN A LA PRESENTE ACTA SE EVIDENCIA QUE NO SE REALIAN ENSAYOS FISICOQUIMICOS Y MB, FALTA MEDIDOR DE TURBIEDAD Y PROTOCOLO DE EVACUACIÓN, ES NECESARO ELABORAR PLAN DE ACCIÓN DE ACUENRDO A ESTAS FALENCIAS, PLAZO 30 DÍAS, CON EL FIN DE MEJORAR LA CALIFICACIÓN DE LOS INDICADORES DE IRCA, IRABA Y BPS. NOTA: DECRETO DEPARAMENTAL 0294/2016, NO SE EVIDENCIAN CRIADEROS DE MOSQUITOS.",Desinfección,Desinfección / cloración,"desinfeccion, desinfección. También menciona: Tanque / almacenamiento, Protección sanitaria / fuente",2026-05-12,65.24,20260512-8281-VIG,Aceptada,Cerrado,0022,Fisicoquimico y Microbiologico,Visita 1.2 + muestreo 1.7,1,2
61992,ANDALUCÍA,ACUEDUCTO POTRERILLO,ACUEDUCTO POTRERILLO,2,2026-05-13,DESFAVORABLE,WILLIAM ALBERTO CARLOSAMA JIMENEZ,67.22,"ACUEDUCTO CON JUNTA DE ORGANIZACION EN PROCESO SE APORBACION POR CAMARA DE COMERCIO, EN CUANTO AL TRATAMIENTO DEL AGUA SE TOMA BOCATOMA ARTESANAL, AL IGUAL QUE EL DESARENADOR Y TANQUE CON CARETA DE CLORACION, NO SE REALIZA NINGUN TRTAMIENTO, SE RECOMIENDA INICIAR PROCESO DE CLORACION DE FORMA INMEDIATA TENIENDO EN CUENTA LA CALIDAD DEL AGUA CERTIFICAR OPERARIO EN COMPETENCIAS LABORALES |",Desinfección,Desinfección / cloración,"cloracion, cloración. También menciona: Tratamiento / filtración, Captación / bocatoma",2026-02-18,67.23,20260218-6790-VIG,Aceptada,Cerrado,76036-1,Fisicoquimico y Microbiologico,Visita 1.2 + muestreo 1.7,1,1
102222,ANDALUCÍA,ACUEDUCTO RURAL EL PLACER,ACUEDUCTO RURAL EL PLACER,2,2026-02-05,DESFAVORABLE,WILLIAM ALBERTO CARLOSAMA JIMENEZ,82.20,"EL SISTEMA PRESENTA DIFICULTAD EN LA CAPACIDAD YA QUE ES AFECTADO POR TEMPORADA DE LLUVIAS, SE REQUIERE INTERVENCIÓN O CONSTRUCCIÓN DE BOCATOMA DESARENADOR EN BUEN ESTADO, TANQUE EN BUEN ESTADO. CON CARPETA DESINFECCIÓN, NO SE REALIZA DESINFECCION, EL TRATAMIENTO DEL AGUA PARA EL CONSUMO. SE REQUIERE: INTERVENCIÓN EN BOCATOMA, SESIÓN SISTEMA DE TRATAMIENTO A NIVEL DE COLECTOR O INDIVIDUAL QUE GARANTICE LA CALIDAD DE AGUA. INICIAR PROCESOS DE DESINFECCIÓN, CERTIFICAR, FONTANERO EN COMPETENCIA LABORALES, CONTAR CON EQUIPOS DE CONTROL E IMPLEMENTAR CONTROL DE VÁLVULAS DE TANQUE, EQUILIBRIO DE MANERA VIGENTE, COMPLEMENTAR MEDICIÓN PARA EL CONTROL DE AGUA",Desinfección,Desinfección / cloración,"desinfeccion, desinfección. También menciona: Tratamiento / filtración, Captación / bocatoma",2026-03-24,79.13,20260324-7392-VIG,Aceptada,Cerrado,76036-2,Fisicoquimico y Microbiologico,Visita 1.2 + muestreo 1.7,1,2
64871,ANDALUCÍA,ACUEDUCTO RURAL PARDO ALTO,ACUEDUCTO RURAL PARDO ALTO,2,2026-02-04,DESFAVORABLE,WILLIAM ALBERTO CARLOSAMA JIMENEZ,65.00,"ACUEDUCTO REQUIERE MEJOARAR SU BOCATOMA, NO CUENTA CON DESARENADO TECNICAMENTE ADECUADO. TANQUE (2) SIN CERRAMIENTO SE REUIQRE: MEJORAR BOCATOMA, DESARENADOR, GESTIONAR E INICIAR PROCESOS DE DESINFECCION, PROCESOS DE TRATAMIENTO DE MANERA INDIVIDUAL O COLECTIVA QUE GARANTICEN LA CALIDAD DE AGUA, CERTIFICAR FONTANERO EN COMPETENCIAS LABORALES, IMPLEMETAR CONTROL DE PROCESOS, VALVULAS DE PURGAS, DOCUMENTAR MANUALIMENTE OPERACION Y TRATAMIENTO DE LIMPIEZA Y DESINFECCION",Desinfección,Desinfección / cloración,"desinfeccion, desinfección. También menciona: Tratamiento / filtración, Captación / bocatoma",2026-04-07,,20260407-7571-MR,0,0,40422-6,Fisicoquimico,Visita 1.2 + muestreo 1.7,1,3
127158,ANDALUCÍA,MUNICIPIO DE ANDALUCIA PEÑON ALTO,MUNICIPIO DE ANDALUCIA PEÑON ALTO,2,2026-05-20,DESFAVORABLE,WILLIAM ALBERTO CARLOSAMA JIMENEZ,29.97,EL ACUEDUCTO SE ENCUENTRA A CARGO DE LA ADMINISTRACIÓN MUNICIPAL. SE CUENTA CON PLANTA DE TRATAMIENTO LA CUAL NO SE ENCUENTRA EN OPERACIÓN. LA COMUNIDAD SE ABASTECE POR MANGUERAS O SOLUCIÓN INDIVIDUALES CONECTADAS DESDE LA FUENTE ABASTECEDORA. SE CUENTA CON FILTROS DOMICILIARIOS PARA EL TRATAMIENTO DEL AGUA DE CONSUMO DIRECTO. LA ALCALDÍA CONTRATÓ DISEÑO PARA OPTIMIZACIÓN DEL SISTEMA. SE RECOMIENDA CONTINUAR GESTIÓN PARA PUESTA EN OPERACIÓN DEL ACUEDUCTO.,Tratamiento,Tratamiento / filtración,"tratamiento, filtro. También menciona: Captación / bocatoma, Red / conducción",2026-03-24,45.80,20260324-7391-VIG,Aceptada,Cerrado,76036-3,Fisicoquimico y Microbiologico,Visita 1.2 + muestreo 1.7,1,3
81280,ANSERMANUEVO,ACUEDUCTO COMUNITARIO SALAZAR,ACUEDUCTO BARRIO SALAZAR,1,2026-03-13,DESFAVORABLE,SAIR HAIRTON IBARGUEN RENTERIA,59.20,"DURANTE LA VISITA SE EVIDENCIA QUE EL SISTEMA DE ABASTO DEL BARRIO SALAZAR SE ENCUENTRA ADELANTADO ADECUACIONES CON LA INSTALACION DE FILTROS RAPIDOS DONADOS POR VALLECAUCANA DE AGUAS, Y FILTROS, SE EVIDENCIA QUE REALIZAR DESINFECCION, ELABORAR PLAN DE CUMPLIMIENTO DE ACUERDO A LOS ITEM`S VALORADOS NEGATIVAMENTE O PARCIAL, PLAZO PARA LA ELABORACION 30 DIAS.",Desinfección,Desinfección / cloración,"desinfeccion, desinfección. También menciona: Tratamiento / filtración",2026-05-19,21.27,20260519-8374-VIG,Aceptada,Cerrado,0002,Fisicoquimico y Microbiologico,Visita 1.2 + muestreo 1.7,1,1
109398,ANSERMANUEVO,ACUEDUCTO EL CASTILLO,ACUEDUCTO EL CASTILLO,1,2026-02-27,DESFAVORABLE,EDWARD RAUL JAIMES VERA,70.77,"REALIZAR LAS GESTIONES NECESARIAS PARA LA ORGANIZACIÓN DE LA JUNTA ADMINISTRADORA DEL ACUEDUCTO PARA MEJORAR LAS CONDICIONES DE MANEJO TANTO ADMINISTRATIVO COMO OPERATIVO Y DESIGNAR UN FONTANERO QUE SE CERTIFIQUE EN COMPETENCIAS LABORARLES DEL SENA. ELABORAR Y PRESENTAR UN PLAN DE CUMPLIMIENTO EN EL QUE SE DESCRIBAN LAS ACCIONES A REALIZAR PARA MEJORAR LA CALIDAD OBTENIDA Y MEJORAR LA CALIDAD DEL AGUA SUMINISTRADA. PLAZO DE ENTREGA TREINTA (30) DÍAS. NOTA DECRETO DEPARTAMENTAL 0294/2016 NO HAY CRIADERO DE VECTORES. SE SOLICITA AL ÁREA DE PLANEACIÓN Y GESTIÓN DOCUMENTAL REALIZAR LA ACTUALIZACIÓN DEL REPRESENTANTE LEGAL, CÉDULA Y RAZÓN SOCIAL TAMBIEN EL # DE CELUAR",Protección sanitaria,Protección sanitaria / fuente,"criadero, vectores. También menciona: Operación y mantenimiento, Gestión administrativa",2026-05-19,56.73,20260519-8366-VIG,Aceptada,Cerrado,0001,Fisicoquimico y Microbiologico,Visita 1.2 + muestreo 1.7,1,1
81281,ANSERMANUEVO,ACUEDUCTO RURAL LA HONDURA,ACUEDUCTO RURAL LA HONDURA,1,2026-01-28,DESFAVORABLE,SAIR HAIRTON IBARGUEN RENTERIA,69.68,"ES NECESARIO DAR CUMPLIMIENTO A LOS ITEM`S VALORADOS NEGATIVAMENTE EN EL ACTA #0038, ASI MISMO DOCUMENTAR ACTIVIDADES DE OPERACION Y MANTENIMIENTO DE LAS UNIDADES QUE CONFORMAN EL SISTEMA, CONFORMAN LA JUNTA DEL ACUEDUCTO, CON EL FIN DE GARANTIZAR LA PRESTACION DEL SERVICIO.",Operación,Operación y mantenimiento,"mantenimiento, operacion, operación. También menciona: Gestión administrativa",2026-05-19,78.01,20260519-8369-VIG,Aceptada,Cerrado,0001,Fisicoquimico y Microbiologico,Visita 1.2 + muestreo 1.7,1,2
116852,ANSERMANUEVO,ACUEDUCTO VEREDAS LAS PALOMAS- EL BOSQUE,ACUEDUCTO RURAL VEREDA LAS PALOMAS- EL BOSQUE,1,,,,,,Sin dato,Sin observación técnica,Sin observación para clasificar,2026-04-27,85.27,20260427-7933-VIG,Aceptada,Cerrado,0002,Fisicoquimico y Microbiologico,Muestreo 1.7,0,1
86924,ANSERMANUEVO,ASOCIACION DE USUARIOS DEL ACUEDUCTO EL VERGEL - ACUAVERGEL,ACUAVERGEL,1,,,,,,Sin dato,Sin observación técnica,Sin observación para clasificar,2026-04-27,0.00,20260427-7935-VIG,Aceptada,Cerrado,0002,Fisicoquimico y Microbiologico,Muestreo 1.7,0,1
81560,ANSERMANUEVO,ASOCIACION DE USUARIOS DEL ACUEDUCTOS DEL ROBLE - SISTEMA#1 SAN AGUSTIN,ACUAROBLE SISTEMA#1 SAN AGUSTIN,1,2026-03-12,DESFAVORABLE,SAIR HAIRTON IBARGUEN RENTERIA,71.39,"EL SISTEMA DE ABASTO NO CUENTA CON PTAP. ES IMPORTANTE GARANTIZAR LA CALIDAD DEL AGUA SUMINISTRADA POR LO TANTO EL ACUEDUCTO DEBE BUSCAR ALTERNATIVAS PARA GARANTIZAR AGUA DE BUENA CALIDAD DOCUMENTAR CADA ACTIVIDAD RELACIONADA CON LA OPERACIÓN Y MANTENIMIENTO DEL SISTEMA DE ABASTO, REALIZAR QUE PERMITEN MEJORAR LOS INDICADORES DE IRABA, IRCA Y BPS, ES NECESARIO ELABORAR E IMPLEMENTAR PLAN DE CUMPLIMIENTO DE ACUERDO A LOS ITEM´S VALORADORS NEGATIVAMENTE EN LA PRESENTE ACTA #0469, 30 DÍAS PARA LA ELABORACIÓN: NOTA: LA OFICINA DE ANTENCIÓN DE ACUAROBLE EN EL MUNICIPIO DE ANSERMANUEVO CAMBIO DE DOMICILIO, SE LOCALIZA JUNTO A LA I.E COLEGIO PARROQUIAL NOTA: DECRETO DEPARTAMENTAL 0294/2016, NO SE EVIDENCIAN CRIADEROS DE MOSQUITOS",Tratamiento,Tratamiento / filtración,"ptap. También menciona: Protección sanitaria / fuente, Operación y mantenimiento",,,,,,,,Visita 1.2,1,0
88339,ANSERMANUEVO,ASOCIACION DE USUARIOS DEL ACUEDUCTOS DEL ROBLE SISTEMA # 2,ACUAROBLE SISTEMA#2 EL ROBLE,1,,,,,,Sin dato,Sin observación técnica,Sin observación para clasificar,2026-04-27,85.27,20260427-7932-VIG,Aceptada,Cerrado,0001,Fisicoquimico y Microbiologico,Muestreo 1.7,0,1
88266,ANSERMANUEVO,ASOCIACION GESTION COMUNITARIA DE AGUA DE LA COMUNIDAD RURAL LA POPALITA,ASOCIACIÓN DE GESTIÓN COMUNITARIO DEL AGUA DE LA POPALITA,1,2026-01-28,DESFAVORABLE,SAIR HAIRTON IBARGUEN RENTERIA,83.33,"DURANTE LA VISITA SE EVIDENNCIA QUE SE HAN REALIZADO ADECUACIONES AL TANQUE DE ALMACENAMIENTO, POR MEDIO DIGITAL SE EVIDENCIA LAS JORNADAS DE ORDEN DE ASEO. CON EL FIN DE GARANTIZAR LA CALIDAD DEL AGUA SUMINISTRADA ES NECESARIO ESTUDIAR LA POSIBILIDAD DE ADQUIRIR DISPOSITIVOS INTRADOMICILIARIOS PARA EL TRATAMIENTO A NIVEL HOGAR.",Tratamiento,Tratamiento / filtración,"tratamiento, dispositivos intradomiciliarios. También menciona: Tanque / almacenamiento",2026-05-19,78.01,20260519-8367-VIG,Aceptada,Cerrado,0002,Fisicoquimico y Microbiologico,Visita 1.2 + muestreo 1.7,1,1
102412,ANSERMANUEVO,ASOCIACION GESTION COMUNITARIA DE AGUA DE LA COMUNIDAD VEREDA LA DIVISA,ACUEDUCTO LA DIVISA,1,,,,,,Sin dato,Sin observación técnica,Sin observación para clasificar,2026-02-23,93.85,20260223-6811-VIG,Aceptada,Cerrado,0002,Fisicoquimico y Microbiologico,Muestreo 1.7,0,1
110255,ANSERMANUEVO,ASOCIACION GESTORA COMUNITARIA DEL AGUA DE LA COMUNIDAD RURAL REAL PLACER,ACUEDUCTO REAL PLACER / ACUAPLACER,1,2026-06-06,FAVORABLE CON REQUERIMIENTOS,EDWARD RAUL JAIMES VERA,20.87,"SE DEBE ELABORAR Y PRESENTAR UN PLAN DE CUMPLIMIENTO EN EL QUE SE DESCRIBAN LAS ACCIONES A REALIZAR PARA MEJORAR LA CALIFICACION DE LOS ITEMS EVALUADOS EN LA PRESENTE ACTA Y ASI MEJORAR LOS INDICADORES DE IRABA, BPS Y MEJORAR Y SOSTENER EL IRCA PARA MEJORAR EL CONCEPTO SANITARIA Y LA CALIDAD DEL AGUA. PLAZO PARA LA PRESENTACION DEL PLAN DE MEJORAMIENTO ES DE 30 DIAS. NOTA: DECRETO DEPARTAMENTAL 0294/2016 NO HAY CRIADERO DE VECTORES.",Protección sanitaria,Protección sanitaria / fuente,"criadero, vectores. También menciona: Gestión administrativa",2026-04-27,0.00,20260427-7934-VIG,Aceptada,Cerrado,0002,Fisicoquimico y Microbiologico,Visita 1.2 + muestreo 1.7,1,1
80702,ANSERMANUEVO,ASOCIACION GESTORA COMUNITARIA DEL AGUA DEL CORREGIMIENTO LA CABAÑA,ACUEDUCTO LA CABAÑA,1,2026-03-26,DESFAVORABLE,SAIR HAIRTON IBARGUEN RENTERIA,75.19,"DURANTE EL RECORRIDO SE EVIDENCIA QUE EL SISTEMA DE ABASTO CUENTA CON SISTEMA DE DESINFECCION PERO ESTE PRESENTA INTERMITENCIA EN EL IRCA, ES NECESSARIO CONTAR CON UN PLAN DE CONTIGENCIA DURANTE ESTAS EPOCAS DE LLUVIAS, CON BASE EN LOS ITEM`S VALORADOS NEGATIVAMENTE EN EL PRESENTE ACTA ELABORAR PLAN DE ACCION Y/O MEJORA CON EL FIN DE MEJORAR LAS INDICADORES DE IRCA, IRABA Y BPS PLAZO PARA ELABORAR 30 DIAS.",Desinfección,Desinfección / cloración,"desinfeccion, desinfección. También menciona: Gestión administrativa",2026-05-19,78.01,20260519-8371-VIG,Aceptada,Cerrado,0002,Fisicoquimico y Microbiologico,Visita 1.2 + muestreo 1.7,1,2
80699,ANSERMANUEVO,JUNTA ADMINISTRADORA ACUEDUCTO RURAL EL VILLAR,ACUDUCTO RURAL EL VILLAR,1,2026-01-28,DESFAVORABLE,EDWARD RAUL JAIMES VERA,83.52,"SE DEBE ELABORAR Y PRESENTAR UN PLAN DE CUMPLIMIENTO EN DONDE SE DECRIBAN LAS ACCIONES A REALIZAR PARA CUMPLIR CON LOS ÍTEMS EVALUADOS CON 2, 4 O 10 PUNTOS PARA MEJORAR LOS INDICADORES DE IRCA, BPS, Y IRCA Y POR CONSIGUIENTE LA CALIDAD DEL AGUA Y EL CONCEPTO SANITARIO. EL PLAN DE CUMPLIMIENTO DEBE PRESENTARSE EN UN PLAZO DE TREINTA (30) DÍAS. DECRTO DEPARTAMENTAL 0294/2016 NO HAY CRIADERO DE VECTORES",Protección sanitaria,Protección sanitaria / fuente,"criadero, vectores",2026-02-23,1.84,20260223-6818-VIG,Aceptada,Cerrado,0002,Fisicoquimico y Microbiologico,Visita 1.2 + muestreo 1.7,1,1
97410,ANSERMANUEVO,JUNTA DE ADMINISTRACION COMUNAL LA ESPERANZA,ACUEDUCTO LA ESPERANZA,1,,,,,,Sin dato,Sin observación técnica,Sin observación para clasificar,2026-02-23,84.96,20260223-6812-VIG,Aceptada,Cerrado,0003,Fisicoquimico y Microbiologico,Muestreo 1.7,0,1
113566,ARGELIA,ACUEDUCTO RURAL RESGUARDO INDÍGENA DACHI BANÍA CHAMI,RESGUARDO INDÍGENA DACHI BANÍA CHAMI,1,,,,,,Sin dato,Sin observación técnica,Sin observación para clasificar,2026-06-16,91.72,20260616-8876-VIG,Aceptada,Cerrado,0001,Fisicoquimico y Microbiologico,Muestreo 1.7,0,2
11932,ARGELIA,ADMINISTRACION COOPERATIVA SAN ROQUE SISTEMA #1- LA SOLEDAD LA PAZ - LA PRIMAVERA - TARRITOS,ADMINISTRACION COOPERATIVA SAN ROQUE ESP,1,2026-05-06,FAVORABLE CON REQUERIMIENTOS,EDWARD RAUL JAIMES VERA,44.16,PRESENTAR UN PLAN DE CUMPLIMIENTO EN DONDE SE DESCRIBAN LAS ACCIONES IMPLEMENTADAS CON EL OBJETIVO DE MEJORAR LA CALIFICACIÓN DE LOS INDICADORES DE BPS E IRABA Y CONTINUAR CON EL SUMINISTRO DE SOLUCIONES INDIVIDUALES DE TRATAMIENTO COMO MEDIDA ADOPTADA POR MEJORAR EL IRCA Y ASÍ MEJORAR LA CALIDAD DE AGUA DE CONSUMO HUMANO Y EL CONCEPTO SANITARIO. EL PLAZO PARA LA ENTREGA DEL PLAN DE CUMPLIMIENTO ES DE TREINTA (30) DÍAS NOTA: DECRETO DEPARTAMENTAL 0294/2016 NO HAY CRIADERO DE VECTORES,Tratamiento,Tratamiento / filtración,"tratamiento, soluciones individuales. También menciona: Protección sanitaria / fuente",2026-06-16,0.00,20260616-8887-VIG,Aceptada,Cerrado,0006,Fisicoquimico y Microbiologico,Visita 1.2 + muestreo 1.7,1,1
80692,ARGELIA,ASOCIACION DE USUARIOS DEL ACUEDUCTO LA CRISTALINA,ACUEDUCTO LA CRISTALINA,1,2026-04-23,FAVORABLE CON REQUERIMIENTOS,EDWARD RAUL JAIMES VERA,58.59,"SE DEBE ELABORAR UN PLAN DE CUMPLIMIENTO EN DONDE SE DESCRIBAN LAS ACTIVIDADES A DESARROLLAR PARA MEJORAR LA CALIFICACIÓN DE LOS ÍTEM DE LOS INDICADORES DE IRABA, BPS E IRCA Y ASÍ MANTENER O MEJORAR EL CONCEPTO SANITARIO Y POR CONSIGUIENTE LA CALIDAD DEL AGUA. EL PLAZO PARA PRESENTAR EL PLAN DE CUMPLIMIENTO ES DE TREINTA (30)DÍAS. NOTA: DECRETO DEPARTAMENTAL 0294/2016 NO HAY CRIADERO DE VECTORES, SE REALIZÓ LA ENTREGA DE SOLUCIONES INDIVIDUALES PARA EL TRATAMIENTO DEL AGUA A LOS SUSCRIPTORES.",Tratamiento,Tratamiento / filtración,"tratamiento, soluciones individuales. También menciona: Protección sanitaria / fuente",2026-06-16,0.00,20260616-8870-VIG,Aceptada,Cerrado,0005,Fisicoquimico y Microbiologico,Visita 1.2 + muestreo 1.7,1,2
81233,ARGELIA,ASOCIACION DE USUARIOS DEL ACUEDUCTO LA PALMA,ASOCIACION DE USUARIOS ACUEDUCTO LA PALMA,1,,,,,,Sin dato,Sin observación técnica,Sin observación para clasificar,2026-06-16,82.70,20260616-8873-VIG,Aceptada,Cerrado,0001,Fisicoquimico y Microbiologico,Muestreo 1.7,0,2
81231,ARGELIA,ASOCIACION DE USUARIOS DEL ACUEDUCTO RURAL COMUNITARIO DEL CORREGIMIENTO DE MARACAIBO,ASOCIACION DE USUARIOS DEL ACUEDUCTO RURAL COMUNITARIO DEL CORREGIMIENTO DE MARACAIBO,1,,,,,,Sin dato,Sin observación técnica,Sin observación para clasificar,2026-06-16,48.54,20260616-7-VIG,Aceptada,Cerrado,0006,Fisicoquimico y Microbiologico,Muestreo 1.7,0,2
91938,ARGELIA,COOPERATIVA SAN ROQUE LAS BRISAS RAIZAL LA AURORA -SISTEMA # 2,ADMINISTRACION COOPERATIVA SAN ROQUE ESP LAS BRISAS SISTEMA #2,1,,,,,,Sin dato,Sin observación técnica,Sin observación para clasificar,2026-03-11,0.00,20260311-7181-VIG,Aceptada,Cerrado,0001,Fisicoquimico y Microbiologico,Muestreo 1.7,0,1
113719,BOLÍVAR,ACUEDUCTO CORPOSANISIDRO,ACUEDUCTO CORPOSANISIDRO,2,2026-05-26,FAVORABLE CON REQUERIMIENTOS,DIANA GIMENA MARTINEZ GONZALEZ,22.44,"SE REALIZA VISITA AL ACUEDUCTO VEREDAL DE SAN ISIDRO DONDE SEOBSERVA INSTALACION DE 2 TANQUES DE ALMACENAMIENTO NUEVOS EN OPERACION, SE CUENTA CON PROCESO DE CLORACION EN TANQUE ANTIGUO, SE RECOMIENDA INSTALAR PUNTO DE RECOLECCION EN TANQUES NUEVOS, SEDEBE CERTIFICAR FONTANERO, LA VEREDA TAMBIEN CUENTA CON FILTROS INTRADOMICILIARIOS.",Desinfección,Desinfección / cloración,"cloracion, cloración. También menciona: Tratamiento / filtración, Tanque / almacenamiento",2026-05-25,0.00,20260525-8499-VIG,Aceptada,Cerrado,76100-1,Fisicoquimico y Microbiologico,Visita 1.2 + muestreo 1.7,1,1
61920,BOLÍVAR,ACUEDUCTO LA REFORMA VEREDA LA AGUADA,ACUEDUCTO LA REFORMA VEREDA LA AGUADA,2,2026-01-27,DESFAVORABLE,DIANA GIMENA MARTINEZ GONZALEZ,90.37,"ACTUALMENTE CUENTA CON PROCESO DE FILTRACION EN FUNCIONAMIENTO HAY PROCESO DE CLORACION ACTIVO CON CLORO GRANULADO AL 70%, SE RECOMIENDA DOTAR FONTANERO CON ELEMENTOS DE PROTECCION PERSONAL, LLEVAR CONTROL DE CLORO APLICADO Y CONTROL DE CLORO EN RED Y PH",Desinfección,Desinfección / cloración,"cloro, cloracion, cloración. También menciona: Tratamiento / filtración, Red / conducción",2026-03-11,21.50,20260311-7173-VIG,Aceptada,Cerrado,76100-3,Fisicoquimico y Microbiologico,Visita 1.2 + muestreo 1.7,1,1
125674,BOLÍVAR,ACUEDUCTO RURAL CABAÑA BAJA,ACUEDUCTO RURAL CABAÑA BAJA,2,2026-03-03,DESFAVORABLE,DIANA GIMENA MARTINEZ GONZALEZ,53.73,"SE VISITA SISTEMA LA CABAÑA BAJA SE OBSERVA QUE NO SE CUENTA CON SISTEMA DE ABASTO, SOLO HAY TANQUE DE ALMACENAMIENTO CON 17 MANGUERAS QUE SURTEN LAS VEREDAS, LA COMUNIDAD SE ENCARGA DE LIMPIAR EL TANQUE NO HAY JUNTA ADMINISTRADORA, LA MISMA COMUNIDAD LA ENCARGADA.",Almacenamiento,Tanque / almacenamiento,"tanque, almacenamiento. También menciona: Red / conducción, Gestión administrativa",,,,,,,,Visita 1.2,1,0
103477,BOLÍVAR,ACUEDUCTO RURAL COMUNITARIO MANANTIALES DE BETANIA,ACUEDUCTO RURAL COMUNITARIO MANANTIALES DE BETANIA,2,2026-03-03,DESFAVORABLE,DIANA GIMENA MARTINEZ GONZALEZ,56.75,"EN EL MOMENTO DE LA VISITA SE OBSERVA INTALACION DE NUEVO TANQUE DE ALMACENAMIENO DE 52 M3 EN OPERACION SE CUENTA CON PROCESO DE CLORACION SIN FUNCIONAMIENTO, SE RECOMIENDA HABILITAR PROCESO DE CLORACION REALIZAR LIMPIEZA Y DESMONTE DE LA ESTRUCTURA DE TANQUE DE ALMACENAMIENTO DOTAR CON ELEMENTOS DE PROTECCION PERSONAL REALIZAR CIERRE DE TANQUE NUEVO Y REPARAR FILTRACIONES",Desinfección,Desinfección / cloración,"cloracion, cloración. También menciona: Tratamiento / filtración, Tanque / almacenamiento",,,,,,,,Visita 1.2,1,0
126660,BOLÍVAR,ACUEDUCTO RURAL EL FUSIL,ACUEDUCTO RURAL EL FUSIL,2,,,,,,Sin dato,Sin observación técnica,Sin observación para clasificar,2026-05-25,57.55,20260525-8475-VIG,Aceptada,Cerrado,76100-1,Fisicoquimico y Microbiologico,Muestreo 1.7,0,1
62095,BOLÍVAR,ASOCIACION DE USUARIO DEL AGUA POTABLE Y ALCANTARILLADO DE RICAURTE ASERCOM -ASERCOM,ASOCIACION DE USUARIO DEL AGUA POTABLE Y ALCANTARILLADO DE RICAURTE,2,2026-05-15,FAVORABLE CON REQUERIMIENTOS,DIANA GIMENA MARTINEZ GONZALEZ,0.00,"EN EL MOMENTO DE LA VISITA SE EVIDENCIA QUE SE ESTA OPERANDO LA PLANTA DE POTABILIZACION DE FORMA NORMAL, SE ESTA APLICANDO CLORO DE FORMA GOTEO POR GRAVEDA POR DAÑO DE BOMBA DOSIFICADORA SE ENCUENTRA EN OPERACION TANQUES DE ALMACENAMIENTO Y SUMINISTRO A LA VEREDA DE LA HERRADURA. SE CUENTA CON DETERIORO EN PAREDES DE CASETA DE CLORACION. SE RECOMIENDA LLEVAR CONTROL DE CLORO RESIDUAL EN RED. REALIZAR MEJORAS EN CASETA DE CLORACION DETERIORO EN PAREDES.",Desinfección,Desinfección / cloración,"cloro, cloracion, cloración, goteo. También menciona: Tanque / almacenamiento, Red / conducción",2026-04-21,0.00,20260421-7867-VIG,Aceptada,Cerrado,76100,Fisicoquimico y Microbiologico,Visita 1.2 + muestreo 1.7,1,2
113587,BOLÍVAR,ASOCIACION DE USUARIOS ACUEDUCTO DE NARANJAL,ASOCIACION DE USUARIOS ACUEDCUTO DE NARANJAL,2,2026-06-11,FAVORABLE CON REQUERIMIENTOS,DIANA GIMENA MARTINEZ GONZALEZ,22.22,"SE REALIZA VISITA AL ACUEDUCTO DONDE SE OBSERVA FUNCIONALIDAD DEL SISTEMA CON PROCESO DE CLORACIÓN ACTIVO CON APLICACIÓN DE CLORO GRANULADO AL 70%, SE RECOMIENDA DOCUMENTAR CONTROL DE CLORO EN RED Y PH, ORGANIZAR ARCHIVO EN OFICINA CON ACTAS DE LA ACTIVIDAD SANITARIA",Desinfección,Desinfección / cloración,"cloro, cloracion, cloración. También menciona: Red / conducción",2026-05-25,0.00,20260525-8485-VIG,Aceptada,Cerrado,76100-4,Fisicoquimico y Microbiologico,Visita 1.2 + muestreo 1.7,1,1
64925,BOLÍVAR,ASOCIACION DE USUARIOS ACUEDUCTO LA MARIA,ASOCIACION DE USUARIOS ACUEDUCTO LA MARIA,2,2026-05-22,DESFAVORABLE,DIANA GIMENA MARTINEZ GONZALEZ,82.70,"SE REALIZA VISITA AL ACUEDUCTO DONDE SE OBSERVA QUE NO ESTA ACTIVO EL SISTEMA DE CLORACION A PESAR QUE ESTA INSTALADO Y CON INSUMO PARA SU FUNCIONAMIENTO. SE RECOMIENDA PONER EN FUNCIONAMIENTO EL SISTEMA DE CLORACION, SE RECOMIENDA IMPLEMENTAR ESTE PROCESO DE FORMA PERMANENTE, SE RECOMIENDA LIMPIEZA DE PUNTOS DE MUESTREO. DOTAR FONTANERO CON ELEMENTOS DE PROTECCION PERSONAL SE DILIGENCIA ACTA DE ACTUALIZACION ANUAL DE PUNTOS DE MUESTREO PMM-05 (3 PUNTOS)",Desinfección,Desinfección / cloración,"cloracion, cloración. También menciona: Protección sanitaria / fuente, Operación y mantenimiento",2026-05-25,79.13,20260525-8473-VIG,Aceptada,Cerrado,76100-1,Fisicoquimico y Microbiologico,Visita 1.2 + muestreo 1.7,1,1
60116,BOLÍVAR,ASOCIACION DE USUARIOS ACUEDUCTO LA TULIA,ASOCIACION DE USUARIOS ACUEDUCTO LA TULIA,2,2026-01-28,FAVORABLE CON REQUERIMIENTOS,DIANA GIMENA MARTINEZ GONZALEZ,28.19,"EN EL MOMENTO DE LA VISITA SE OBSERVA MANTENIMIENTO DE FILTROS LENTOS DE ARENA, DODE SE REALIZARA RECUBRIMIENTO PARA TAPONAMIENTO DE FILTRACIONES, SE RECOMIENDA ADQUIRIR INSUMOS O RECATIVOS PARA EL CONTROL DE CLORO EN RED Y PH, DOTAR FONTANERO EN ELEMENTOS DE PROTECCION PERSONAL, CERTIFICAR OPERARIO MEJORAR MANTENIMIENTO EN ZONA LOCATIVAS DE PLANTA DE TRATAMIENTO",Desinfección,Desinfección / cloración,"cloro. También menciona: Tratamiento / filtración, Red / conducción",2026-03-11,62.90,20260311-7174-VIG,Aceptada,Cerrado,76100-2,Fisicoquimico y Microbiologico,Visita 1.2 + muestreo 1.7,1,1
60381,BOLÍVAR,ASOCIACION DE USUARIOS DE ABASTO CORREGIMIENTO CERRO AZUL Y LAS VEREDAS SIRIA Y LA SOLEDAD,CERRO AZUL,2,2026-05-26,FAVORABLE,DIANA GIMENA MARTINEZ GONZALEZ,0.00,"SE REALIZO VISITA DE ACUEDUCTO CERRO AZUL, ACTUALMENTE CUENTA CON 6 TANQUES DE ALMACENAMIENTOS TODOS EN FUNCIONAMIENTO, CON IMPLEMENTACION DE PROCESO DE CLORACION, CUENTA CON DOS MACRO MEDIDORES, SI CUENTA CON OFICINA Y DOS FONTANEROS CERTIFICADOS, SE RECOMIENDA IMPLEMENTAR CIERRE PERIMETRAL D ELOS TANQUES DE ALMACENAMIENTO DONDE SEA POSIBLE EL CIERRE DE LOS MISMOS.",Desinfección,Desinfección / cloración,"cloracion, cloración. También menciona: Tanque / almacenamiento, Operación y mantenimiento",2026-05-25,0.00,20260525-8497-VIG,Aceptada,Cerrado,76100-2,Fisicoquimico y Microbiologico,Visita 1.2 + muestreo 1.7,1,1
121705,BOLÍVAR,ASOCIACION DE USUARIOS DEL ACUEDUCTO DE BUENOS AIRES,ASOCIACION DE USUARIOS DEL ACUEDUCTO DE BUENOS AIRES,2,2026-02-04,DESFAVORABLE,DIANA GIMENA MARTINEZ GONZALEZ,53.72,EN EL MOMENTO DE LA VISITA SE EVIDENCIA CLORACION EN LOS DOS TANQUES DE ALMACENAMIENTO CON DOSIFICADOR EN LINEA Y TOMA DE 500 L EN CLORO GRANULADO SE RECOMIENDA DOTAR FONTANERO PARA LLEVAR EL CONTROL DE CLORO EN RED Y PH SE DEBE CERTIFICAR OPERARIO EN COMPETENCIA DOCUMENTAR PROCESOS REALIZADOS EN EL SISTEMA,Desinfección,Desinfección / cloración,"cloro, cloracion, cloración. También menciona: Tanque / almacenamiento, Red / conducción",,,,,,,,Visita 1.2,1,0
111988,BOLÍVAR,ASOCIACION DE USUARIOS DEL ACUEDUCTO EL BOSQUE # 1,ASOCIACION DE USUARIOS DEL ACUEDUCTO EL BOSQUE # 1,2,2026-05-22,DESFAVORABLE,DIANA GIMENA MARTINEZ GONZALEZ,87.07,"SE VISITA ACUEDUCTO DONDE SE EVIDENCIA ESTRUCTURA DE BOCATOMA EN REGULAR ESTADO, SIN CIERRE PERIMETRAL SE OBSERVA PASO DE GANADO, LO CUAL ESTÁ GENERANDO RIESGO DE CONTAMINACIÓN DEL AGUA PARA CONSUMO HUMANO, TANQUE DESARENADOR EN REGULAR ESTADO, NO SE CUENTA CON JUNTA ADMINISTRATIVA DEL ACUEDUCTO, POR ENDE NO SE DISPONE DE PERSONAL OPERATIVO COMO FONTANERO QUE ATIENDA ADECUADAMENTE LAS NECESIDADES DE OPERACIÓN Y MANTENIMIENTO DEL SISTEMA.",Captación,Captación / bocatoma,"bocatoma, desarenador. También menciona: Tanque / almacenamiento, Protección sanitaria / fuente",,,,,,,,Visita 1.2,1,0
59619,BOLÍVAR,ASOCIACION DE USUARIOS DEL ACUEDUCTO LA HERRADURA ASOAHER,ASOCIACION DE USUARIOS DEL ACUEDUCTO LA HERRADURA,2,2026-05-15,FAVORABLE CON REQUERIMIENTOS,DIANA GIMENA MARTINEZ GONZALEZ,1.50,"SE OBSERVA INSTALACIÓN DE NUEVO TANQUE DE ALMACENAMIENTO METÁLICO ROTADO DE 20 M³ ACTUAlMENTE SE ENCUENTRA EN FUNCIONAMIENTO EN LA SEMANA DEL 19 A 25 DE ESTE MES SE REALIZARÁ MANTENIMIENTO Y REPARACIÓN DE TANQUE DE ALMACENAMIENTO PARA EVITAR LAS FILTRACIONES SE RECOMIENDA LLEVAR CONTROL DE CLORO EN RED, CERTIFICAR FONTANERO",Desinfección,Desinfección / cloración,"cloro. También menciona: Tratamiento / filtración, Tanque / almacenamiento",2026-04-21,9.30,20260421-7850-VIG,Aceptada,Cerrado,76000-2,Fisicoquimico y Microbiologico,Visita 1.2 + muestreo 1.7,1,2
117594,BOLÍVAR,ASOCIACION DE USUARIOS DEL ACUEDUCTO LA TULIA PORVENIR,ASOCIACION DE USUARIOS DEL ACUEDUCTO LA TULIA PORVENIR,2,,,,,,Sin dato,Sin observación técnica,Sin observación para clasificar,2026-03-11,57.55,20260311-7177-VIG,Aceptada,Cerrado,76100-1,Fisicoquimico y Microbiologico,Muestreo 1.7,0,1
58632,BOLÍVAR,ASOCIACION DE USUARIOS DEL ACUEDUCTO RURAL COMUNITARIO DE LA VEREDA LA PLAZUELA,ASOCIACION DE USUARIOS DEL ACUEDUCTO RURAL COMUNITARIO DE LA VEREDA LA PLAZUELA,2,2026-01-27,DESFAVORABLE,DIANA GIMENA MARTINEZ GONZALEZ,82.87,"EN EL MOMENTO DE LA VISITA SE OBSERVA QUE SE ESTA TRABAJANDO CON EL SISTEMA DE CLORACION, ESTE CAMBIO SE DIO POR RECUPERACION DE LA FUENTE ANTIGUA Y DAÑO EN BOCATOMA DE ACUEDUCTO . SE DEBE DOTAR FONTANERO CON ELEMENTOS DE PROTECCION PERSONAL. VERTIFICAR FONTANERO, ADECUAR PUNTOS DE MUESTREO CON ORGANIZACION DE LAS TAPAS EN REGULAR ESTADO",Desinfección,Desinfección / cloración,"cloracion, cloración. También menciona: Captación / bocatoma, Tanque / almacenamiento",2026-03-11,87.77,20260311-7172-VIG,Aceptada,Cerrado,76100-2,Fisicoquimico y Microbiologico,Visita 1.2 + muestreo 1.7,1,1
65809,BOLÍVAR,ASOCIACION DE USUARIOS DEL ACUEDUCTO RURAL DE LAS VEREDAS EL BOSQUE LA ALDANA,ASOCIACION DE USUARIOS DEL ACUEDUCTO RURAL DE LAS VEREDAS EL BOSQUE LA ALDANA,2,2026-02-04,DESFAVORABLE,DIANA GIMENA MARTINEZ GONZALEZ,76.68,"EN EL MOMENTO D ELA VISITA SE OBSERVA INSTALACION DE NUEVO TANQUE DE 63 M3 DONADO POR LA ADMINISTRACION MUNICIPAL, SE RECOMIENDA INSTALAR SISTEMA DE CLORACION EN ESTE PUNTO PARA GARANTIZAR CLORO EN TODO LA RED DE DISTRIBUCION, SE DEBE DOTAR FONTANERO CON ELEMENTOS DE PROTECCION PERSONAL, MEJORAR PUNTOS DE MUESTREO COMO INSTALACION DE TAPAS PARA PROTECCION.",Desinfección,Desinfección / cloración,"cloro, cloracion, cloración. También menciona: Tanque / almacenamiento, Red / conducción",2026-03-11,87.77,20260311-7185-VIG,Aceptada,Cerrado,76100-1,Fisicoquimico y Microbiologico,Visita 1.2 + muestreo 1.7,1,1
58630,BOLÍVAR,ASOCIACION DE USUARIOS DEL SERVICIO COMUNITARIO DE LA MONTAÑUELA - AUSCRAALMA,ASOCIACION DE USUARIOS DEL SERVICIO COMUNITARIO DE LA MONTAÑUELA - AUSCRAALMA,2,2026-06-11,DESFAVORABLE,DIANA GIMENA MARTINEZ GONZALEZ,94.57,"SE REALIZA VISITA AL ACUEDUCTO DONDE SE EVIDENCIA QUE SE CUENTA CON DOS TANQUES NUEVOS INSTALADOS, UNO SIN OPERACIÓN POR FALTA DE CONEXIÓN A TUBERÍAS DE DISTRIBUCIÓN, SE CUENTA CON TODO EL SISTEMA DE CLORACIÓN IMPLEMENTADO Y CANECAS DE CLORO SE REQUIERE PONER EN FUNCIONAMIENTO PROCESO DE CLORACIÓN, DOTAR A FUTURO NUEVO CON ELEMENTOS DE PROTECCIÓN PERSONAL",Desinfección,Desinfección / cloración,"cloro, cloracion, cloración. También menciona: Tanque / almacenamiento, Red / conducción",2026-04-21,94.57,20260421-7852-VIG,Aceptada,Cerrado,76.100-1,Fisicoquimico y Microbiologico,Visita 1.2 + muestreo 1.7,1,1
58631,BOLÍVAR,ASOCIACION DE USUARIOS DEL SERVICIO DE AGUA POTABLE Y ALCANTARILLADO DE PRIMAVERA,ASOCIACION DE USUARIOS DEL SERVICIO DE AGUA POTABLE Y ALCANTARILLADO DE PRIMAVERA,2,2026-05-22,FAVORABLE CON REQUERIMIENTOS,DIANA GIMENA MARTINEZ GONZALEZ,22.55,"SE EVIDENCIA FUNCIONAMIENTO DORMAL DE LA PLANTA CON MEJORAS EN TANQUE DE ALMACENAMIENTO CASA BALCON, ACTUAL MENTE CUENTA CON TRES TANQUES DE ALMACENAMIENTO , ACTUALMENTE CON PROCESO DE CLORACION ACTIVO, SE RECOMIENDA LLEVAR CONTROL DE CLORO EN TANQUE DE GUACAS, PARA GARANTIZAR CLORO EN RED, MEJORAR FILTRACION DE TANQUE DE FILTROS RAPIDOS",Desinfección,Desinfección / cloración,"cloro, cloracion, cloración. También menciona: Tratamiento / filtración, Tanque / almacenamiento",2026-04-21,23.25,20260421-7851-VIG,Aceptada,Cerrado,76100-4,Fisicoquimico y Microbiologico,Visita 1.2 + muestreo 1.7,1,2
62251,BOLÍVAR,"ASOCIACION DEL SERVICIO COMUNITARIO DEL AGUA VEREDA PUNTA LARGA - ACUASALUD ""PUNTA LARGA""","ASOCIACION DEL SERVICIO COMUNITARIO RURAL VEREDA PUNTA LARGA - ACUASALUD ""PUNTA LARGA""",2,2026-03-26,FAVORABLE CON REQUERIMIENTOS,DIANA GIMENA MARTINEZ GONZALEZ,22.55,"SE REALIZA VISITA AL ACUEDUTO DONDE SE OBSERVA INSTALCIONE DENIEVO TANQUE DE ALMACENAMIENTO SIN APLICACION, SE CUENTA CON SISTEMA DE CLORACION Y CASETA DE CLORACION, SE RECOMIENDA PONER EN FUCIONAMIENTO NUEVO TANQUE DE ALMACENAMIENTO REALIZA CIERRE PERIMETRAL DE LOS DOS TANQUES ALMACENAMIENTO MEJORAR ESTRUCTURA DE PUNTO DE MUESTREO",Desinfección,Desinfección / cloración,"cloracion, cloración. También menciona: Tanque / almacenamiento",2026-04-21,18.86,20260421-7839-VIG,Aceptada,Cerrado,3,Fisicoquimico y Microbiologico,Visita 1.2 + muestreo 1.7,1,2
60314,BUGALAGRANDE,ASOCIACION AGUAS DE GALICIA,ASOCIACION AGUAS DE GALICIA,2,2026-01-30,DESFAVORABLE,WILLIAM ALBERTO CARLOSAMA JIMENEZ,94.57,"EL SISTEMA REQUIERE: GESTIONAR PROGRAMAS EDUCATIVOS EN USO EFICIENTE Y AHORRO DEL AGUA, POSTERIORMENTE GESTIONAR RECUPERACIÓN DE SISTEMA DE FILTRACIÓN EXISTENTE E INSTALACION DE MICROMEDICIÓN REALIZAR DE FORMA PRIORITARIA LA DESINFECCIÓN CONSTANTEMENTE MIENTRAS LA TURBIEDAD LO PERMITA, MINIMIZAR O CONTROLAR LOS REBOSES EN TANQUE, DOCUMENTAR PROCESOS, CONTAR CON EQUIPOS DE CONTROL",Desinfección,Desinfección / cloración,"desinfeccion, desinfección. También menciona: Tratamiento / filtración, Tanque / almacenamiento",2026-06-24,,20260624-9053-VIG,0,0,76113-1,Fisicoquimico y Microbiologico,Visita 1.2 + muestreo 1.7,1,2
112154,BUGALAGRANDE,ASOCIACION DE USUARIOS ACUEDUCTO ALMENDRONAL,ASOCIACION DE USUARIOS ACUDECTO ALMENDRONAL,2,2026-03-20,,WILLIAM ALBERTO CARLOSAMA JIMENEZ,,EL ACUEDUCTO NO CUENTA CON BOCATOMA TECNICAMENTE DISEÑADA EL DESARENADOR Y TANQUE ENREGULAR ESTADO SE CUENTA CON ----- DESINFECCION. PERO NO SE REALIZA TRATAMIENTO SE REQUIERE GESTIONAR DISEÑO Y CONSTRUCION DE BOCATOMA Y SOLUCION PARA EL TRATAMIENTO DEL AGUA A NIVEL COLECTIVO E INDIVIDUAL,Desinfección,Desinfección / cloración,"desinfeccion, desinfección. También menciona: Tratamiento / filtración, Captación / bocatoma",,,,,,,,Visita 1.2,1,0
60151,BUGALAGRANDE,ASOCIACION DE USUARIOS DE LOS SERVICIOS PUBLICOS DEL CORREGIMIENTO DE CEILAN,ASOCIACION DE USUARIOS DE LOS SERVICIOS PUBLICOS DEL CORREGIMIENTO DE CEILAN,2,2026-05-13,FAVORABLE CON REQUERIMIENTOS,WILLIAM ALBERTO CARLOSAMA JIMENEZ,0.00,"EL ACUEDUCTO GARANTIZA LA CALIDAD DE AGUA DE ACUERDO A LOS RESULTADOS DE CALIDAD DE AGUA QUE REALIZA LA UESVALLE. SIN EMBARGO NO CUENTA CON AUTOCONTROL PROPIO DE PROCESO NI DE CALIDAD DE AGUA. SE REQUIERE ADQUIRIR EQUIPOS DE CONTROL DE PROCESOS (TURBIEDAD, COLOR, PH, CLORO LIBRE) GARANTIZAR ESTOS PARAMETROS DIARIAMENTE DEACUERDO A LA RES 2115 DE 2007. CERTIFICAR FONTANERO EN OPERACION DE PTAP Y TOMAS DE MUESTRAS.",Desinfección,Desinfección / cloración,"cloro. También menciona: Tratamiento / filtración, Operación y mantenimiento",2026-04-07,,20260407-7563-MR,0,0,4 11.75,Fisicoquimico,Visita 1.2 + muestreo 1.7,1,5
113607,BUGALAGRANDE,ASOCIACION DE USUARIOS DEL ACUEDUCTO DE LA VEREDA SAN ISIDRO - ASUASANIS,ASOCIACION DE USUARIOS DEL ACUEDUCTO DE LA VEREDA SAN ISIDRO - ASUASANIS,2,2026-05-06,FAVORABLE CON REQUERIMIENTOS,WILLIAM ALBERTO CARLOSAMA JIMENEZ,0.90,"EL SISTEMA CUENTA CON JUNTA ORGANIZADA LA CUAL ES DE DIFICIL ACCESO POR ESTO LA CALIDAD DEL AGUA CLORADA SE CONSERVA. SE CUENTA CON BOCATOMA, DESARENADOR Y TANQUE DE ALMACENAMIENTO. NO SE REALIZA NINGUN TRATAMIENTOCOLECTIVO. SE CIENTA CON SOLUCIONES INDIVIDUALES EN APROXIMADAMENTE EL 30 % DE LOS USUARIOS TIPO FALTOS. SE REQUIERE GESTIONAR LA TOTLAIDAD DE LOS SUSTANCIAS PARA LOS USUARIOS.",Tratamiento,Tratamiento / filtración,"tratamiento, soluciones individuales. También menciona: Captación / bocatoma, Tanque / almacenamiento",2026-02-25,0.00,20260225-6894-VIG,Aceptada,Cerrado,761130-2,Fisicoquimico y Microbiologico,Visita 1.2 + muestreo 1.7,1,1
58633,BUGALAGRANDE,ASOCIACION DE USUARIOS DEL ACUEDUCTO DE PAILA ARRIBA,ASOCIACION DE USUARIOS DEL ACUEDUCTO DE PAILA ARRIBA,2,2026-01-29,DESFAVORABLE,WILLIAM ALBERTO CARLOSAMA JIMENEZ,32.55,"ACUEDUCTO CON JUNTA ORGANIZADA Y LEGALIZADA, BOCATOMA Y TANQUE DE ALMACENAMIENTO, SE REALIZA DESINFECCIÓN CONTINUA. SE CUENTA CON PROYECTO PARA MEJORAR EL SISTEMA Y GARANTIZAR CALIDAD DEL AGUA POR VALLECAUCANA DE AGUAS. GESTIONAR INICIO DEL PROYECTO, CONTAR CON EQUIPOS DE AUTOCONTROL, CERTIFICAR FONTANERO EN COMPETENCIAS LABORALES. DOCUMENTAR MANUAL Y PROCEDIMIENTOS",Desinfección,Desinfección / cloración,"desinfeccion, desinfección. También menciona: Captación / bocatoma, Tanque / almacenamiento",2026-03-25,53.23,20260325-7428-VIG,Aceptada,Cerrado,76113-1,Fisicoquimico y Microbiologico,Visita 1.2 + muestreo 1.7,1,1
104096,BUGALAGRANDE,ASOCIACION DE USUARIOS DEL ACUEDUCTO LA COLONIA,ASOCIACION DE USUARIOS DEL ACUEDUCTO LA COLONIA,2,,,,,,Sin dato,Sin observación técnica,Sin observación para clasificar,2026-02-25,0.00,20260225-6898-VIG,Aceptada,Cerrado,761130-1,Fisicoquimico y Microbiologico,Muestreo 1.7,0,1
124819,BUGALAGRANDE,ASOCIACION DE USUARIOS DEL ACUEDUCTO RURAL COMUNITARIO - ASUACHIJAPOR - EL JARDIN,ASOCIACION DE USUARIOS DEL ACUEDUCTO RURAL COMUNITARIO - ASUACHIJAPOR,2,,,,,,Sin dato,Sin observación técnica,Sin observación para clasificar,2026-06-24,,20260624-9054-VIG,0,0,PUNTO 1,Fisicoquimico y Microbiologico,Muestreo 1.7,0,1
112155,BUGALAGRANDE,ASOCIACION DE USUARIOS DEL ACUEDUCTO RURAL COMUNITARIO DE LAS VEREDAS CHICORAL Y EL PORVENIR - ASUACHIJAPOR,ASOCIACION DE USUARIOS DEL ACUEDUCTO RURAL COMUNITARIO DE LAS VEREDAS CHICORAL Y EL PORVENIR - ASUACHIJAPOR,2,,,,,,Sin dato,Sin observación técnica,Sin observación para clasificar,2026-06-24,,20260624-9057-VIG,0,0,PUNTO 1,Fisicoquimico y Microbiologico,Muestreo 1.7,0,1
124820,BUGALAGRANDE,ASOCIACION DE USUARIOS DEL ACUEDUCTO RURAL COMUNITARIO DE LAS VEREDAS CHICORAL Y EL PORVENIR - ASUACHIJAPOR - CHICORAL BAJO,ASOCIACION DE USUARIOS DEL ACUEDUCTO RURAL COMUNITARIO DE LAS VEREDAS CHICORAL Y EL PORVENIR - ASUACHIJAPOR,2,,,,,,Sin dato,Sin observación técnica,Sin observación para clasificar,2026-06-24,,20260624-9056-VIG,0,0,PUNTO 1,Fisicoquimico y Microbiologico,Muestreo 1.7,0,1
124804,BUGALAGRANDE,ASOCIACION DE USUARIOS DEL ACUEDUCTO RURAL COMUNITARIO DE LAS VEREDAS CHICORAL Y EL PORVENIR - ASUACHIJAPOR - EL PORVENIR,ASOCIACION DE USUARIOS DEL ACUEDUCTO RURAL COMUNITARIO DE LAS VEREDAS CHICORAL Y EL PORVENIR - ASUACHIJAPOR,2,2026-02-24,DESFAVORABLE,WILLIAM ALBERTO CARLOSAMA JIMENEZ,94.57,"ACUEDUCTO CON SOLUCIONES INDIVIDUALES EN ALGUNAS VIVIENDAS. TAMBIEN SE CUENTA CON DOS BOCATOMAS, DESARENADOR, FILTRACION ARTESANAL Y TANQUE DE ALMACENAMIENTO. NO SE REALIZA DESINFECCION. SE REQUIERE GESTIONAR LA TOTALIDAD DE LAS SOLUCIONES INDIVIDUALES PARA GARANTIZAR CALIDAD DEL AGUA DE TODOS LOS USUARIOS O REALIZAR TRATAMIENTO DE FORMA COLECTIVA. CERTIFICAR FONTANERO EN COMPETENCIAS LABORALES. DOCUMENTAR MANUALES. SE DILIGENCIA ACTA DE ACTUALIZACION ANUAL DE PUNTOS DE MUESTREO 240226-02 PUNTOS (2)",Desinfección,Desinfección / cloración,"desinfeccion, desinfección. También menciona: Tratamiento / filtración, Captación / bocatoma",2026-06-24,,20260624-9058-VIG,0,0,761130-1,Fisicoquimico y Microbiologico,Visita 1.2 + muestreo 1.7,1,1
58940,BUGALAGRANDE,ASOCIACION DE USUARIOS DEL SERVICIO DE AGUA POTABLE DEL ACUEDUCTO Y ALCANTARILLADO DE MESTIZAL,ASOCIACION DE USUARIOS DEL SERVICIO DE AGUA POTABLE DEL ACUEDUCTO Y ALCANTARILLADO DE MESTIZAL,2,2026-05-22,FAVORABLE CON REQUERIMIENTOS,WILLIAM ALBERTO CARLOSAMA JIMENEZ,35.97,"ACUEDUCTO CON JUNTA ORGANIZADA LEGALMENTE , REGISTRO SUPERINTENDECIA, DESINFECCION CONSTANTE CON AUTOCONTROL VALVULA DE AIREACION OPERATIVA, SE RECOMIENDA CERTIFICAR OPERARIO EN FONTANERIA EN COMPETENCIAS LABORALES CONTINUAR DESINFECCION Y REALIZAR POSIBILIDAD DE UBICAR -------------------------------",Desinfección,Desinfección / cloración,"desinfeccion, desinfección. También menciona: Red / conducción, Gestión administrativa",2026-03-25,35.97,20260325-7439-VIG,Aceptada,Abierto,76113-3,Fisicoquimico y Microbiologico,Visita 1.2 + muestreo 1.7,1,1
60312,BUGALAGRANDE,ASOCIACION DE USUARIOS DEL SERVICIO DE AGUA POTABLE Y ALCANTARILLADO DE EL GUAYABO,ASOCIACION DE USUARIOS DEL SERVICIO DE AGUA POTABLE Y ALCANTARILLADO DE EL GUAYABO,2,2026-02-17,FAVORABLE CON REQUERIMIENTOS,WILLIAM ALBERTO CARLOSAMA JIMENEZ,2.87,"EL ACUEDUCTO HA MEJORADO EN LA MAYORIA DE SUS PROCESOS, LAS BANDEJAS DE AIREACION SE ENCUENTRAN ACTIVAS Y EN BUEN ESTADO, SE REALIZO LAVADO Y DESINFECCION DEL TANQUE Y RED DE DISTRIBUCION Y SE REALIZA DESINFECCION CONSTANTE CON AUTCONTROL DIARIO. ESTO A GENERADO QUE LA CALIDAD DEL AGUA MEJORE IRCA= 2.87% SIN RIESGO. SE REQUIERE CERTIFICAR OPERARIO EN COMPTENCIAS LABORALES, TRATAMIENTO DEL AGUA, TOMA DE MUESTRAS Y OPERACION DE LA RED. INSTALAR DESINFECCION EN CASETA PARA MINIMIZAR RIESGOS POR LA ATURA. DOTAR DE ELEMENTOS DE PROTECCION PERSONAL PARA MANEJO DE CLORO Y TRABAJO EN ALTURAS",Desinfección,Desinfección / cloración,"cloro, desinfeccion, desinfección. También menciona: Tratamiento / filtración, Tanque / almacenamiento",2026-03-25,1.40,20260325-7434-VIG,Aceptada,Cerrado,76113-2,Fisicoquimico y Microbiologico,Visita 1.2 + muestreo 1.7,1,1
60313,BUGALAGRANDE,ASOCIACION DE USUARIOS DEL SERVICIO DE AGUA POTABLE Y ALCANTARILLADO DE SAN ANTONIO,ASOCIACION DE USUARIOS DEL SERVICIO DE AGUA POTABLE Y ALCANTARILLADO DE SAN ANTONIO,2,2026-05-07,FAVORABLE CON REQUERIMIENTOS,WILLIAM ALBERTO CARLOSAMA JIMENEZ,25.89,"SE CUENTA CON POZO PROFUNDO CON CONCENTIMIENTO DE LA CVC, SE APLICA CLORO EN LA IMPULSION, BANDEJA DE AIREACION Y TANQUE DE ALMACENAMIENTO, SE RECOMIENDA INYECTAR EL CLORO, DESPUES DE LA BANDEJA DE AIREACION, SE REALIZA MANTENIMIENTO AL TANQUE DE MANERA PERIODICA,EVITANDO INGRESO DE PRECIPACION A TANQUE DE FORMA PERIODICA EVITANDO INGRESO PRECIPITADO A REDES CERTIFICAR FONTANERO EN COMPETENCIAS LABORALES",Desinfección,Desinfección / cloración,"cloro. También menciona: Tanque / almacenamiento, Red / conducción",2026-03-25,25.89,20260325-7436-VIG,Aceptada,Cerrado,76113-2,Fisicoquimico y Microbiologico,Visita 1.2 + muestreo 1.7,1,1
103052,BUGALAGRANDE,DISTRITO DE RIEGO ASODIS ALTO BONITO,DISTRITO DE RIEGO ASODIS ALTO BONITO,2,,,,,,Sin dato,Sin observación técnica,Sin observación para clasificar,2026-02-25,48.50,20260225-6893-VIG,Aceptada,Cerrado,761130-1,Fisicoquimico y Microbiologico,Muestreo 1.7,0,1
58636,CAICEDONIA,ACUEDUCTO ASOCIACION DE USUARIOS LAS DELICIAS,ACUEDUCTO ASOCIACION DE USUARIOS LAS DELICIAS,2,2026-03-12,DESFAVORABLE,WILLIAM ALBERTO CARLOSAMA JIMENEZ,29.78,ACUEDUCTO CON BOCATOMA ARTESANAL ADUCCION CON NALES DE GUADUA Y TAMBIEN EN PVC SE EVIDENCIA FALTA DE MANTENIMIENTO PLANTA SU OPERACION TANQUE BUEN ESTADO SU CERRAMIENTO CASETA DE CLORACION SE DESINFECTA CON PASTILLAS SIN AUTO CONTROL SE REQUIERE REALIZAR CONTROL,Desinfección,Desinfección / cloración,"cloracion, cloración. También menciona: Captación / bocatoma, Tanque / almacenamiento",2026-02-10,18.40,20260210-6609-VIG,Aceptada,Cerrado,76122-2,Fisicoquimico y Microbiologico,Visita 1.2 + muestreo 1.7,1,1
103469,CAICEDONIA,ACUEDUCTO ASODEABA,ACUEDUCTO ASODEABA,2,2026-05-27,DESFAVORABLE,WILLIAM ALBERTO CARLOSAMA JIMENEZ,41.49,"EL ACUEDUCTO SE ENCUENTRA LEGALIZADO, CON JUNTA ORGANIZADA. SE CUENTA CON BOCATOMA, DESARENADOR, ARTESANAL, DOS TANQUES DE ALMACENAMIENTO INDEPENDIENTES Y CASETA DE CLORACIÓN, SE REALIZA DESINFECCIÓN DE MANERA CONSTANTE. SE REQUIERE GESTIONAR DISEÑO Y CONSTRUCCIÓN DE PTAP QUE GARANTICE CALIDAD DE AGUA. SE REQUIERE INSTALACIÓN DE VÁLVULAS DE PURGA, QUE PERMITAN LAVADO Y DESINFECCIÓN DE RED DE DISTRIBUCIÓN. CERTIFICAR OPERARIO EN POTABILIZACIÓN DE AGUA.",Desinfección,Desinfección / cloración,"cloracion, cloración, desinfeccion, desinfección. También menciona: Tratamiento / filtración, Captación / bocatoma",2026-04-28,53.10,20260428-8002-VIG,Aceptada,Cerrado,76122-1,Fisicoquimico y Microbiologico,Visita 1.2 + muestreo 1.7,1,2
58635,CAICEDONIA,ACUEDUCTO RIVERA LA LEONA,ACUEDUCTO LA RIVERA LA LEONA,2,2026-02-19,DESFAVORABLE,WILLIAM ALBERTO CARLOSAMA JIMENEZ,62.01,"SE CUENTA CON BOCATOMA DESARENADOR Y TANQUE DE ALMACENAMIENTO CON CASETA DE CLORACION SE INSTALARON FILTROS DOMICILIARIOS CON COBERTURA DE 100% DE LOS USUARIOS SE RECOMIENDA CERTIFICAR OPERARIO EN COMPETENCIAS LABORALES REALIZAR AUTOCONTROL A LOS SISTEMAS, GARANTIZAR SU OPERACION Y FUNCIONAMIENTO",Desinfección,Desinfección / cloración,"cloracion, cloración. También menciona: Tratamiento / filtración, Captación / bocatoma",2026-06-17,,20260617-8920-VIG,0,0,PUNTO 1,Fisicoquimico y Microbiologico,Visita 1.2 + muestreo 1.7,1,2
60150,CAICEDONIA,ACUEDUCTO RURAL AGUAS DE SAN ISIDRO,ACUEDUCTO RURAL AGUAS DE SAN ISIDRO,2,2026-05-27,FAVORABLE CON REQUERIMIENTOS,WILLIAM ALBERTO CARLOSAMA JIMENEZ,12.01,"EL ACUEDUCTO CUENTA CON JUNTA ORGANIZADA, REALIZA LA DOSIFICACION DEL AGUA PERMANENTEMENTE, SE GESTIONO PANELES SOLARES PARA LA IMPULSION DEL AGUA HASTA EL TANQUE ELEVADO, SIENDO UN GRAN APOYO PARA LA SOSTENIBILIDAD DEL SISTEMA. SE RECOMIENDA ADQUIRIR EQUIPOS DE CONTROL PARA CLORO LIBRE CON SUS REACTIVOS Y LLEVAR REGISTROS GARANTIZANDO CLORO ENTRE 0.3 Y 20 PPM, YA QUE SOLO SE REQUIERE LA DESINFECCION COMO TRATAMIENTO DEL AGUA.",Desinfección,Desinfección / cloración,"cloro, desinfeccion, desinfección, dosificacion. También menciona: Tratamiento / filtración, Tanque / almacenamiento",2026-06-17,,20260617-8923-VIG,0,0,76122-2,Fisicoquimico y Microbiologico,Visita 1.2 + muestreo 1.7,1,2
62257,CAICEDONIA,"ASOCIACION DE USUARIOS ACUEDUCTO DE FRONTINO, QUIEBRA Y CRUCERO","ASOCIACION DE USUARIOS ACUEDUCTO DE FRONTINO, QUIEBRA Y CRUCERO",2,2026-05-26,DESFAVORABLE,WILLIAM ALBERTO CARLOSAMA JIMENEZ,51.38,"EL ACUEDUCTO CUENTA CON JUNTA ORGANIZADA Y LEGALIZADA BOCATOMA, DESARENADOR Y 3 TANQUES DE ALMACENAMIENTO NO SE REALIZA TRATAMIENTO AL AGUA DE CONSUMO. SE REALIZA DESINFECCIÓN INTERMITENTE Y SIN AUTOCONTROL, SE REQUIERE GESTIONAR SOLUCIONES PARA EL TRATAMIENTO DEL AGUA DE CONSUMO. CLORAR EL AGUA PERMANENTEMENTE Y REALIZAR AUTOCONTROL.",Desinfección,Desinfección / cloración,"desinfeccion, desinfección. También menciona: Tratamiento / filtración, Captación / bocatoma",2026-04-28,55.80,20260428-7986-VIG,Aceptada,Cerrado,76122-1,Fisicoquimico y Microbiologico,Visita 1.2 + muestreo 1.7,1,1
62258,CAICEDONIA,ASOCIACION DE USUARIOS ACUEDUCTO LA SUIZA,ASOCIACION DE USUARIOS ACUEDUCTO LA SUIZA,2,2026-05-26,DESFAVORABLE,WILLIAM ALBERTO CARLOSAMA JIMENEZ,28.41,"ACUEDUCTO CON JUNTA ORGANIZADA. DIFÍCIL ACCESO A BOCA TOMA, DESARENADOR Y TANQUE, SE RECOMIENDA VISITAS DE DOS PERSONAS O MÁS. SE REALIZA DESINFECCIÓN INTERMITENTE EN TANQUE DE QUIEBRE DE PRESIÓN. NO SE REALIZA NINGÚN TRATAMIENTO. SE RECOMIENDA GESTIONAR SISTEMAS DE TRATAMIENTO INDIVIDUAL O COLECTIVOS. REALIZAR DESINFECCIÓN PERMANENTE Y CON AUTO-CONTROL.",Desinfección,Desinfección / cloración,"desinfeccion, desinfección. También menciona: Tratamiento / filtración, Captación / bocatoma",2026-04-28,32.55,20260428-7981-VIG,Aceptada,Cerrado,76122-2,Fisicoquimico y Microbiologico,Visita 1.2 + muestreo 1.7,1,1
113622,CAICEDONIA,ASOCIACION DE USUARIOS DEL ACUEDUCTO DE LA VEREDA SAN GERARDO DE CAICEDONIA,ASOCIACION DE USUARIOS DEL ACUEDUCTO DE LA VEREDA SAN GERARDO DE CAICEDONIA,2,2026-03-18,DESFAVORABLE,WILLIAM ALBERTO CARLOSAMA JIMENEZ,79.74,"LA UESVALLE ENTREGO SOLUCIONES INDIVIDUALES PARA EL TRATAMIENTO DE LA CALIDAD DEL AGUA EN LA TOTALIDAD DE USUARIOS DEL ACUEDUCTO, SE REQUIERE REALIZAR SEGUIMIENTO AL USO Y MANTENIMIENTO DE LOS FILTROS DOMICILIARIOS, LLEVAR REPORTES. DE TODA LA OPERACION Y TRATAMIENTO DEL SISTEMA",Tratamiento,Tratamiento / filtración,"tratamiento, filtro, soluciones individuales. También menciona: Operación y mantenimiento",2026-05-12,42.80,20260512-8304-VIG,Aceptada,Cerrado,76122-2,Fisicoquimico y Microbiologico,Visita 1.2 + muestreo 1.7,1,2
115563,CAICEDONIA,ASOCIACION DE USUARIOS DEL ACUEDUCTO DE SAMARIA-BOLIVIA,ASOCIACION DE USUARIOS DEL ACUEDUCTO DE SAMARIA-BOLIVIA,2,2026-05-25,DESFAVORABLE,WILLIAM ALBERTO CARLOSAMA JIMENEZ,75.19,"EL ACUEDUCTO CUENTA CON JUNTA ORGANIZADA Y LEGALIZADA, BOCATOMA DESARENADOR Y TANQUE DE ALMACENAMIENTO. SE EVIDENCIA FALTA DE MANTENIMIENTO EN EL TANQUE DE ALMACENAMIENTO Y NO SE REALIZA TRATAMIENTO AL AGUA. EL ACCESO A LA BOCATOMA ES DIFÍCIL, SE RECOMI- ENDA NO IR SOLO HASTA ESE LUGAR POR SEGURIDAD. SE REQUIERE GESTIONAR SOLUCIONES COLECTIVAS O INDIVIDUALES PARA TRATAMIENTO DEL AGUA. CERTIFICAR OPERARIOS EN COMPETENCIAS LABORALES.",Tratamiento,Tratamiento / filtración,"tratamiento. También menciona: Captación / bocatoma, Tanque / almacenamiento",2026-04-28,85.27,20260428-7980-VIG,Aceptada,Cerrado,76122-1,Fisicoquimico y Microbiologico,Visita 1.2 + muestreo 1.7,1,1
120229,CAICEDONIA,ASOCIACION DE USUARIOS DEL ACUEDUCTO RURAL PALOGRANDE EL SALADO,ASOCIACION DE USUARIOS DEL ACUEDUCTO RURAL PALOGRANDE EL SALADO,2,2026-03-18,DESFAVORABLE,WILLIAM ALBERTO CARLOSAMA JIMENEZ,59.33,"ACUEDUCTO CON JUNTA ORGANIZADA Y LEGALIZADA, CUENTA CON BOCATOMA, DESARENADOR, PLANTA COMPACTA DE FILTRACIÓN Y TANQUE DE ALMACENAMIENTO. NO SE REALIZA DESINFECCIÓN COLECTIVA. SE REALIZA INDIVIDUAL EN FINCA. SE REQUIERE ASEGURAR Y GARANTIZAR QUE TODOS LOS USUARIOS DEL SISTEMA REALICEN DESINFECCIÓN Y GARANTIZAR SU USO.",Desinfección,Desinfección / cloración,"desinfeccion, desinfección. También menciona: Tratamiento / filtración, Captación / bocatoma",2026-03-18,0.00,20260318-7336-VIG,Aceptada,Cerrado,0,Fisicoquimico y Microbiologico,Visita 1.2 + muestreo 1.7,1,1
59787,CAICEDONIA,ASOCIACION DE USUARIOS DEL ACUEDUCTO SAMARIA ACUASAMARIA,ASOCIACION DE USUARIOS DEL ACUEDUCTO SAMARIA ACUASAMARIA,2,2026-05-25,DESFAVORABLE,WILLIAM ALBERTO CARLOSAMA JIMENEZ,22.35,"EL ACUEDUCTO CUANTA CON JUNTA ORGANIZADA Y LEGALIZADA, SIN EMBARGO SE EVIDENCIA QUE LA PTAP NO SE ENCUENTRA EN OPERACION, TAMPOCO SE ESTA REALIZANDO LA DESINFECCION DLE AGUA. SE RECOMIENDA REVISAR EL MANTENIMIENTO CONTINUO DE TODAS LAS ESTRUSTURAS DEL SISTEMA YA QUE SE EVIDENCIO ABANDONO. COLOCAR EN OPERACION LA PTAP INICIAR EL PROCESO DE DESINFECCION Y CONTROL DEL MISMO.",Desinfección,Desinfección / cloración,"desinfeccion, desinfección. También menciona: Tratamiento / filtración, Operación y mantenimiento",2026-04-28,23.25,20260428-7982-VIG,Aceptada,Cerrado,76122-2,Fisicoquimico y Microbiologico,Visita 1.2 + muestreo 1.7,1,1
65958,CAICEDONIA,ASOCIACION DE USUARIOS DEL ACUEDUCTO VEREDAL VILLA AURES-DABEIBA,ASOCIACION DE USUARIOS DEL ACUEDUCTO VEREDAL VILLA AURES-DABEIBA,2,2026-03-03,DESFAVORABLE,WILLIAM ALBERTO CARLOSAMA JIMENEZ,80.67,"SE OBSERVA JUNTA ORGANIZADA, CUENTA CON BOCATOMA, TANQUE, DESARENADOR, TANQUE DE ALMACENAMIENTO, PTAP Y TANQUE DE ALMACENAMIENTO 2. LA PTAP NO OPERA NO OBSTANTE EL CONSUMO DE LOS USUARIOS SE CLORA CON PASTILLAS SIN REALIZAR AUTOCONTROL. SE REQUIERE GESTION PAA QUE LA PTAP GAANTICE EL ABASTECIMIENTO, REALIZAR AUTOCONTROL A LOS PROCESOS.",Tratamiento,Tratamiento / filtración,"ptap. También menciona: Captación / bocatoma, Tanque / almacenamiento",2026-05-12,79.13,20260512-8302-VIG,Aceptada,Cerrado,76122-1,Fisicoquimico y Microbiologico,Visita 1.2 + muestreo 1.7,1,1
60149,CAICEDONIA,ASOCIACION DEL ACUEDUCTO MONTEGRANDE KARARE,,2,2026-05-27,DESFAVORABLE,WILLIAM ALBERTO CARLOSAMA JIMENEZ,55.12,"ACUEDUCTO CON JUNTA SIN ORGANIZAR, SOLO EXISTEN DOS PERSONAS A CARGO DEL SISTEMA. NO SE REALIZA TRATAMIENTO AL AGUA, SE ENCUENTRA EN PROCESO DE INTENCION CON INFRAESTRUCTURA PARA CLORAR CON APOYO DE LA ALCALDIA. SIN EMBARGO, AL MOMENTO DE LA VISITA NO SE REALIZA NINGUN TRATAMIENTO AL AGUA. SE RECOMIENDA: GESTIONAR DISEÑO Y CONSTRUCCION DE SISTEMAS DE TRATAMIENTO Y TERMINAR LOS PROCESOS YA INICIADOS PARA EL TRATAMIENTO DEL AGUA. REGISTRAR LAVADO DE TANQUE DE MANERA CONTINUA Y SEGURA e INSTALAR PURGAS EN DISTRIBUCION.",Tratamiento,Tratamiento / filtración,"tratamiento. También menciona: Tanque / almacenamiento, Gestión administrativa",2026-06-17,60.15,20260617-8924-VIG,Aceptada,Cerrado,76122-2,Fisicoquimico y Microbiologico,Visita 1.2 + muestreo 1.7,1,2
123552,CAICEDONIA,JUNTA ACUEDUCTO LA DELFINA AGUADELFINA,JUNTA ACUEDUCTO LA DELFINA,2,2026-02-27,DESFAVORABLE,WILLIAM ALBERTO CARLOSAMA JIMENEZ,47.59,"SE CUENTA CON BOCATOMA DESARENADOR Y TANQUE DE ALMACENAMIENTO CON CASETA DE CLORACION, FALTA ORGANIZADO, LEGALIZADOR Y CON CONCESION DE AGUA. SE CLORA CON PASTILLAS A DOSIFICADO ARTESANAL, NO SE MEZCLA CONTROL AL PROCESO SE REQUIERE GESTIONAR SISTEMA DE TRATAMIENTO A NIVEL COLECTIVO O INDIVIDUAL, CERTIFICAR OPERARIO Y CONTROL DE CLORO.",Desinfección,Desinfección / cloración,"cloro, cloracion, cloración. También menciona: Tratamiento / filtración, Captación / bocatoma",2026-05-12,57.55,20260512-8309-VIG,Aceptada,Cerrado,76122-2,Fisicoquimico y Microbiologico,Visita 1.2 + muestreo 1.7,1,2
123555,CAICEDONIA,JUNTA ADMINISTRADORA ACUEDUCTO LA PAVA,JUNTA ADMINISTRADORA ACUEDUCTO LA PAVA,2,,,,,,Sin dato,Sin observación técnica,Sin observación para clasificar,2026-05-12,57.55,20260512-8305-VIG,Aceptada,Abierto,76122-1,Fisicoquimico y Microbiologico,Muestreo 1.7,0,1
64035,CAICEDONIA,JUNTA ADMINISTRADORA ACUEDUCTO RIVERA-LA TESALIA,JUNTA ADMINISTRADORA ACUEDUCTO RIVERA - LA TESALIA,2,2026-02-19,DESFAVORABLE,WILLIAM ALBERTO CARLOSAMA JIMENEZ,57.67,"ACUEDUCTO CON PLANTA ME, LA CUAL OPERA DE MANERA INTERMITENTE, AL MOMENTO DE LA VISITA SIN OPERACION, SIN EMBARGO CUENTA CON LOS FILTROS DOMICILIARON 100% DE COBERTURA, SE REQUIERE CONTAR CON EQUIPOS MINIMOS DE CONTROL Y REALIZAR MONITOREOS SANITARIOS INTRADOMICILIARIOS, LLEAR REGULADORES CERTIFICAR AOPERARIO EN COMPETENCIA LABORALES, DOCUMENTAR MANUL DE OPERACION Y LIMPIEZA Y DESINFECCION.",Desinfección,Desinfección / cloración,"desinfeccion, desinfección. También menciona: Tratamiento / filtración, Operación y mantenimiento",2026-06-17,,20260617-8922-VIG,0,0,PUNTO 3,Fisicoquimico y Microbiologico,Visita 1.2 + muestreo 1.7,1,2
65957,CAICEDONIA,JUNTA ADMINSITRADORA DE ACUEDUCTO BURILAS,JUNTA ADMINISTRADORA DE ACUEDUCTO BURILAS,2,2026-03-03,DESFAVORABLE,WILLIAM ALBERTO CARLOSAMA JIMENEZ,84.19,"ACUEDUCTO EN TOTAL ABANDONO, NO HAY PERSONAL RESPONSABLE DE SU MANTENIMIENTO Y DEL TRATAMIENTO DEL AGUA. SE REQUIERE INTERVENCIÓN POR PARTE DE LA ADMINISTRACIÓN MUNICIPAL PARA POYAR A LA COMUNIDAD A CONFORMAR JUNTA ADMINISTRADORA DEL AGUA QUE GARANTICE EL ABASTECIMIENTO AL COLEGIO, ESCUELA Y COMUNIDAD",Tratamiento,Tratamiento / filtración,"tratamiento. También menciona: Operación y mantenimiento, Gestión administrativa",2026-05-12,51.06,20260512-8303-VIG,Aceptada,Cerrado,76122-2,Fisicoquimico y Microbiologico,Visita 1.2 + muestreo 1.7,1,2
111876,CAICEDONIA,JUNTA DE ACCION COMUNAL VEREDA LIMONES - ASODELIMO,JUNTA DE ACCION COMUNAL VEREDA LIMONES - ASODELIMO,2,2026-03-13,DESFAVORABLE,WILLIAM ALBERTO CARLOSAMA JIMENEZ,89.06,"SISTAMA DE ABASTECIMIENTO RURAL, SIN JUNTA ADMINISTRADORA O PERSONA RESPONSABLE DE SU OPERACION Y MANTENIMIENTO; ESTO OCASIONA DETERIORO DE INFRAESTRUCTURA, FALTA DE MANTENIMIENTO Y DISCONTINUIDAD EN EL SERVIO A DEMAS DE MALA CALIDAD DEL AGUA. SE REQUIERE INTERVENCION Y ACOMPAÑAMIENTO POR PARTE DE LA ALCALDIA PARA GARANTIZAR EL SUMINISTRO DE AGUA AL A POBLACION Y ORGANIZACION COMUNITARIA",Operación,Operación y mantenimiento,"mantenimiento, operacion, operación. También menciona: Gestión administrativa",2026-04-28,94.50,20260428-8013-VIG,Aceptada,Cerrado,76122-2,Fisicoquimico y Microbiologico,Visita 1.2 + muestreo 1.7,1,1
60100,CAICEDONIA,JUNTA DEL ACUEDUCTO BARRAGAN ALTO ASUABAL,JUNTA DEL ACUEDUCTO BARRAGAN ALTO ASUABAL,2,,,,,,Sin dato,Sin observación técnica,Sin observación para clasificar,2026-06-17,60.15,20260617-8921-VIG,Aceptada,Cerrado,76122-2,Fisicoquimico y Microbiologico,Muestreo 1.7,0,2
108391,CALIMA,ACUALLANITOS S.A E.S.P,ACUALLANITOS S.A E.S.P.,2,,,,,,Sin dato,Sin observación técnica,Sin observación para clasificar,2026-04-15,0.00,20260415-7747-VIG,Aceptada,Cerrado,76126,Fisicoquimico y Microbiologico,Muestreo 1.7,0,1
106807,CALIMA,ACUEDUCTO ALTO BOLEO,ACUEDUCTO ALTO BOLEO,2,2026-04-09,DESFAVORABLE,LEIDY STELLA CAICEDO SOLIS,84.65,"DURANTE LA VISITA REALIZADA SE OBSERVA BOCATOMA, DESARENADOR Y TANQUE DE ALMACENAMIENTO CON CASETA DE CLORACIÓN LA CUAL NO SE ENCUENTRA EN USO NO CUENTAN CON PROCESO DE DESINFECCIÓN POR LO QUE SE REQUIERE SU IMPLEMENTACIÓN DE MANERA PRIORITARIA, ES NECESARIO LLEVAR REGISTRO DE TODAS LAS ACTIVIDADES REALIZADAS EN EL SISTEMA DE ABASTO",Desinfección,Desinfección / cloración,"cloracion, cloración, desinfeccion, desinfección. También menciona: Captación / bocatoma, Tanque / almacenamiento",2026-06-10,51.45,20260610-8836-VIG,Aceptada,Cerrado,76126-21,Fisicoquimico y Microbiologico,Visita 1.2 + muestreo 1.7,1,2
136204,CALIMA,ACUEDUCTO PARCELACION AGUA DULCE,ACUEDUCTO PARCELACION AGUA DULCE,2,,,,,,Sin dato,Sin observación técnica,Sin observación para clasificar,2026-03-10,21.58,20260310-7154-VIG,Aceptada,Cerrado,76126-2,Fisicoquimico y Microbiologico,Muestreo 1.7,0,1
117138,CALIMA,ACUEDUCTO PARCELACION LA HOLANDA,ACUEDUCTO PARCELACION LA HOLANDA,2,,,,,,Sin dato,Sin observación técnica,Sin observación para clasificar,2026-04-15,94.57,20260415-7749-VIG,Aceptada,Cerrado,76126,Fisicoquimico y Microbiologico,Muestreo 1.7,0,1
118818,CALIMA,ACUEDUCTO PARCELACION NORUEGA,ACUEDUCTO PARCELACION NORUEGA,2,,,,,,Sin dato,Sin observación técnica,Sin observación para clasificar,2026-05-26,0.00,20260526-8548-VIG,Aceptada,Cerrado,76126-1,Fisicoquimico y Microbiologico,Muestreo 1.7,0,1
119423,CALIMA,ACUEDUCTO PARCELACION REFUGIOS DE CALIMA,ACUEDUCTO PARCELACIÓN REFUGIOS DE CALIMA,2,2026-04-17,DESFAVORABLE,LEIDY STELLA CAICEDO SOLIS,90.44,"DURANTE VISITA SE OBSERVA BOCATOMA, DESARENADOR, FILTRO (MAL UBICADO) Y TANQUE FUNCIONALES CON DESGASTE NORMAL POR USO Y TIEMPO, SISTEMA DE DESINFECCIÓN EN LÍNEA INEFICIENTE (POR ALTA PRESIÓN). SE INSTALA TANQUE DE 200 LITROS COMO FILTRO PERO ESTE REQUIERE REALIZAR ADECUACIONES PARA SU CORRECTO FUNCIONAMIENTO. REALIZAR LIMPIEZA DE ÁREAS Y MEJORAR CERRAMIENTO. LLEVAR BITÁCORA DE TODAS LAS ACTIVIDADES QUE SE REALICEN EN EL ACUEDUCTO INCLUYENDO REPARACIÓN DE FUGAS. SE DEBE ADECUAR FILTRO E INSTALAR VÁLVULAS PARA CONTROL DE CAUDAL.",Desinfección,Desinfección / cloración,"desinfeccion, desinfección. También menciona: Tratamiento / filtración, Captación / bocatoma",2026-04-15,71.31,20260415-7745-VIG,Aceptada,Cerrado,76126-1,Fisicoquimico y Microbiologico,Visita 1.2 + muestreo 1.7,1,1
106177,CALIMA,ACUEDUCTO RURAL EL GUADUAL JIGUALES - ACUAJIGUALES,ASOCIACION DE USUARIOS DEL ACUEDUCTO VEREDA EL GUADUAL JIGUALES - ACUAJIGUALES,2,2026-04-10,DESFAVORABLE,LEIDY STELLA CAICEDO SOLIS,69.77,"SE REALIZA VISITA DE INSPECCIÓN, SE OBSERVA EL SISTEMA DE ABASTO SE EVIDENCIA QUE ESTE NO CUENTA CON JUNTA ORGANIZADA O ESTABLECIDA POR TAL MOTIVO EL SEÑOR GERMAN REYES GUERRA LE REALIZA MANTENIMIENTO OCASIONAL AL TANQUE PERO NO SE CONTROLA EL SISTEMA. ADEMÁS CUENTAN CON DESCARGAS DE AGUAS RESIDUALES AGUAS ARRIBA DE LA FUENTE QUE ABASTECE EL SISTEMA.",Captación,Captación / bocatoma,"fuente. También menciona: Tanque / almacenamiento, Operación y mantenimiento",2026-03-10,51.79,20260310-7158-VIG,Aceptada,Cerrado,76126-1,Fisicoquimico y Microbiologico,Visita 1.2 + muestreo 1.7,1,1
59611,CALIMA,ACUEDUCTO RURAL FLORIDA ALTA - ACUAFLORIDA ALTA,ACUEDUCTO RURAL FLORIDA ALTA - ACUAFLORIDA ALTA,2,,,,,,Sin dato,Sin observación técnica,Sin observación para clasificar,2026-05-12,0.00,20260512-8297-VIG,Aceptada,Cerrado,76126,Fisicoquimico y Microbiologico,Muestreo 1.7,0,2
134070,CALIMA,ACUEDUCTO RURAL FLORIDA BAJA - ACUAFLORIDA,ACUEDUCTO RURAL FLORIDA BAJA - ACUAFLORIDA,2,2026-05-06,DESFAVORABLE,LEIDY STELLA CAICEDO SOLIS,72.93,"DURANTE LA VISITA REALIZADA AL SISTEMA DE ABASTO SE ENCUENTRA BOCATOMA, DESARENADOR A TANQUE DE ALMACENAMIENTO FUNCIONALES CON DESGASTE POR USO Y TIEMPO DE LA MISMA MANERA SE ENCUENTRA SISTEMA DE FILTRACIONEN BUEN ESTADO, NO SE CUENTA CON SISTEMA DE DESINFECCION POR LO CUAL SE REQUIERE ESTRATEGIA QUE PERMITE LA DESINFECCION DEL AGUA, SE REQUIERE LLEVAR BOCATOMA DE TODAS LAS ACTIVIDADES QUE SE REALIZAN EN EL SISTEMA DE ABASTO DE LA MISMA MANERA DOCUMENTAR MANUALES Y PROTOCOLOS DE OPERACION Y MANTENIMIENTO. ADECUAR CERRAMIENTO PERIMETRAL.",Desinfección,Desinfección / cloración,"desinfeccion, desinfección. También menciona: Tratamiento / filtración, Captación / bocatoma",2026-05-12,45.87,20260512-8299-VIG,Aceptada,Cerrado,76126,Fisicoquimico y Microbiologico,Visita 1.2 + muestreo 1.7,1,2
104614,CALIMA,ACUEDUCTO RURAL LA CRISTALINA,VEREDA LA CRISTALINA,2,2026-04-17,DESFAVORABLE,LEIDY STELLA CAICEDO SOLIS,69.59,"EN VISITA REALIZADA A LA VEREDA LA CRISTALINA SE EVIDENCIA LAS INSTALACIONES DE 3 TANQUES EN PVC DE 10.000 LITROS CADA UNO PARA EL ABASTECIMIENTO DE LA COMUNIDAD, NO SE REALIZA DESINFECCIÓN DEL AGUA. SE DEBE ACTUALIZAR CERTIFICACIÓN DE COMPETENCIAS LABORALES DEL FONTANERO. SE DEBE LLEVAR REGISTRO DE TODAS LAS ACTIVIDADES REALIZADAS EN EL SISTEMA DE ABASTO. OBSERVACIONES O MANIFESTACIONES POR PARTE DE LA PRESTADORA: INDICAN QUE NO REALIZAN CLORACIÓN DEBIDO A LA ALTA TURBIEDAD QUE PRESENTA EL AGUA.",Desinfección,Desinfección / cloración,"cloracion, cloración, desinfeccion, desinfección. También menciona: Tanque / almacenamiento, Red / conducción",2026-06-10,48.54,20260610-8834-VIG,Aceptada,Cerrado,76126-4,Fisicoquimico y Microbiologico,Visita 1.2 + muestreo 1.7,1,2
104566,CALIMA,ACUEDUCTO RURAL LA GAVIOTA ALTA - ACUAGAVIOTA,ACUEDUCTO RURAL LA GAVIOTA ALTA - ACUAGAVIOTA,2,2026-02-12,FAVORABLE CON REQUERIMIENTOS,LEIDY STELLA CAICEDO SOLIS,19.18,"SE EVIDENCIA BITACORA, FIME Y TANQUE DE ALMACENAMIENTO OPERANDO CON NOMATIVIDAD, SE REQUERE ACTIVAR SISTEMA DE DESINFECCION Y DARLE CONTINUIDAD EN EL TIEMPO. SE REQUEIRE LLEVAR BITACORA DE LAS NACTIVIDADES QUE SE REALÑIZAN EN EL ACUEDUCTO INCLUYENDO REPARACIONES DE FUGAS SE DEBEN DOCUMENTAR MANUALES Y PROTOCOLOS DE AFECCION Y MANTENIMIENTO.",Desinfección,Desinfección / cloración,"desinfeccion, desinfección. También menciona: Tanque / almacenamiento, Red / conducción",2026-06-10,49.50,20260610-8837-VIG,Aceptada,Cerrado,76126-2,Fisicoquimico y Microbiologico,Visita 1.2 + muestreo 1.7,1,3
122666,CALIMA,ACUEDUCTO RURAL LA GAVIOTA BAJA - ACUAGAVIOTA,ACUEDUCTO RURAL LA GAVIOTA BAJA - ACUAGAVIOTA,2,2026-02-12,DESFAVORABLE,LEIDY STELLA CAICEDO SOLIS,62.01,"EN VISITA SE OBSERVA BOCATOMA, DESARENADOR Y TANQUE DE ALMACENAMIENTO FUNCIONANDO CON DESGASTE NORMAL POR USO Y TIEMPO. EL SISTEMA DE DESINFECCION SE ENCUENTRA INACTIVO POR LO QUE SE REQUIERE SU ACTIVACION DE MANERA PRIORITARIA- SE REQUIERE LLEVAR BITACORA DE TODAS LAS ACTIVIDADES REALIZADAS EN EL SISTEMA DE ABASTO",Desinfección,Desinfección / cloración,"desinfeccion, desinfección. También menciona: Captación / bocatoma, Tanque / almacenamiento",2026-05-12,0.00,20260512-8296-VIG,Aceptada,Cerrado,76126,Fisicoquimico y Microbiologico,Visita 1.2 + muestreo 1.7,1,2
118805,CALIMA,ACUEDUCTO RURAL REMOLINO ALTO AVEMARE - AVEMARE,AVEMARE,2,,,,,,Sin dato,Sin observación técnica,Sin observación para clasificar,2026-05-26,0.00,20260526-8558-VIG,Aceptada,Cerrado,76126,Fisicoquimico y Microbiologico,Muestreo 1.7,0,2
127596,CALIMA,ACUEDUCTO RURAL VEREDA LA ITALIA,ACUEDUCTO RURAL VEREDA LA ITALIA,2,2026-05-25,DESFAVORABLE,LEIDY STELLA CAICEDO SOLIS,82.28,"EN VISITA REALIZADA AL SISTEMA DE ABASTO SE OBSERVA BOCATOMA Y DOS TANQUES DE ALMACENAMIENTO CON EVIDENTE DETERIORO, NO SE REALIZA PROCESO DE DESINFECCION. SE REQUIERE GESTIONAR CON LA ADMINISTRACION MUNICIPAL Y EMPRESAS ALIADAS RECURSOS ECONOMICOS PARA EL MEJORAMIENTO EL SISTEMA DE ABASTO. ES PRIORITARIO TENER UNA PERSONA QUE SE ENCARGUE DEL PROCESO DE FONTANERIA Y A LA VEZ ESTE ESTAR CERTIFICADO EN COMPETENCIAS LABORALES LA ASOCIACION DEL ACUEDUCTO ARQUEOLOGICO BAJO LA ITALIA SE ENCUENTRA EN TRAMITE DE CAMBIO DE REPRESENTANTE LEGAL ANEXO ACTA ACTUALIZACION ANUAL DE PUNTOS DE MUESTREO:LSCS25052026-2 TRES PUNTOS",Desinfección,Desinfección / cloración,"desinfeccion, desinfección. También menciona: Captación / bocatoma, Tanque / almacenamiento",2026-06-10,89.32,20260610-8833-VIG,Aceptada,Cerrado,76126-2,Fisicoquimico y Microbiologico,Visita 1.2 + muestreo 1.7,1,2
65515,CALIMA,ASOCIACION COMUNITARIA ADMINISTRADORA ACUEDUCTO EL VERGEL,ASOCIACION COMUNITARIA ADMINISTRADORA ACUEDUCTO EL VERGEL,2,,,,,,Sin dato,Sin observación técnica,Sin observación para clasificar,2026-04-15,32.55,20260415-7752-VIG,Aceptada,Cerrado,76126-1,Fisicoquimico y Microbiologico,Muestreo 1.7,0,1
59612,CALIMA,ASOCIACION COMUNITARIA ADMINISTRADORA DEL ACUEDUCTO DE LA VEREDA DE EL MIRADOR,ASOCIACION COMUNITARIA ADMINISTRADORA DEL ACUEDUCTO DE LA VEREDA DE EL MIRADOR,2,,,,,,Sin dato,Sin observación técnica,Sin observación para clasificar,2026-06-10,48.54,20260610-8830-VIG,Aceptada,Cerrado,76126,Fisicoquimico y Microbiologico,Muestreo 1.7,0,2
59610,CALIMA,ASOCIACION COMUNITARIA ADMINISTRADORA DEL ACUEDUCTO DE LA VEREDA EL DIAMANTE ACUADIAMANTE,ACUADIAMANTE,2,2026-05-14,DESFAVORABLE,LEIDY STELLA CAICEDO SOLIS,47.28,"SE OSBERVA CON DESTE POR LO CUAL SE REQUIERE INTERVENCION DE MANERA PRIORITARIA ADEMAS SE DEBE GESTIONAR CON ADMINISTRACION MUNICIPAL RECURSOS ECONOMICOS PARA EL CAMBIO DE TUBERIA GALBANIZADA Y EL MEJORAMIENTO DE LA INFRAESTRUCTURA EXTERIOR, ADEAMAS DE LA IMPLEMENTACION A LA PLANTA DE TRATAMIENDO SE REQUIERE CERTIFICAR FONTANERO EN COMPETENCIA LABORALES, SE DEBE LLEVAR BITACORAS DE TODAS LAS ACTIVIDADES LLEVADAS ACABOEN EL SISTEMA DE ABASTO DOCUMENTAR PROTOCOLOS Y PROGRAMAS",Red de distribución,Red / conducción,"tuberia, tubería. También menciona: Operación y mantenimiento, Gestión administrativa",2026-05-26,48.54,20260526-8553-VIG,Aceptada,Cerrado,76126-1,Fisicoquimico y Microbiologico,Visita 1.2 + muestreo 1.7,1,2
59607,CALIMA,ASOCIACION COMUNITARIA DEL ACUEDUCTO DE LA VEREDA SANTA ELENA MUNICIPIO DE CALIMA,ASOCIACION COMUNITARIA DEL ACUEDUCTO DE LA VEREDA SANTA ELENA MUNICIPIO DE CALIMA,2,,,,,,Sin dato,Sin observación técnica,Sin observación para clasificar,2026-04-15,0.00,20260415-7748-VIG,Aceptada,Cerrado,76126,Fisicoquimico y Microbiologico,Muestreo 1.7,0,1
122668,CALIMA,ASOCIACION DE ACUEDUCTO RURAL DE BELLA VISTA BAJA,ASOCIACION DE ACUEDUCTO RURAL DE BELLA VISTA,2,2026-05-26,DESFAVORABLE,LEIDY STELLA CAICEDO SOLIS,57.55,"DURANTE VISITA SE OBSERVA BOCATOMA EN REGULAR ESTADO PRESENTANDO FILTRA- CIONES, TANQUE DE ALMACENAMIENTO SIN NINGÚN TIPO DE PROTECCIÓN NI DE- SINFECCIÓN, SE DEBE LLEVAR BITÁCORA DE LA OPERACIÓN, MANTENIMIENTO, SE HACE NECESARIO DOCUMENTAR PROCEDIMIENTOS DE OPERACIÓN Y MANTENIMIENTO AL IGUAL QUE EL PROGRAMA DE LIMPIEZA Y DESINFECCIÓN, SE HACE NECESARIO CERTI- FICAR A TRABAJADORES EN LAVADO DE COMPETENCIAS LABORALES.",Desinfección,Desinfección / cloración,"desinfeccion, desinfección. También menciona: Captación / bocatoma, Tanque / almacenamiento",,,,,,,,Visita 1.2,1,0
109217,CALIMA,ASOCIACION DE USUARIOS ACUEDUCTO LA UNION,ASOCIACION DE USUARIOS ACUEDUCTO LA UNION,2,,,,,,Sin dato,Sin observación técnica,Sin observación para clasificar,2026-03-10,57.55,20260310-7146-VIG,Aceptada,Cerrado,76126-2,Fisicoquimico y Microbiologico,Muestreo 1.7,0,1
59613,CALIMA,ASOCIACION DE USUARIOS DEL ACUEDUCTO RURAL LA PRIMAVERA,LA PRIMAVERA,2,2026-03-06,DESFAVORABLE,LEIDY STELLA CAICEDO SOLIS,87.76,"DURANTE LA VISITA REALIZA AL SISTEMA DE ABASTO SE ENCUENTRA BOCATOMA, DESARENADOR Y TANQUE DE ALMACENAMIENTO",Captación,Captación / bocatoma,"bocatoma, desarenador. También menciona: Tanque / almacenamiento",2026-03-10,87.76,20260310-7148-VIG,Aceptada,Cerrado,76126-1,Fisicoquimico y Microbiologico,Visita 1.2 + muestreo 1.7,1,1
122665,CALIMA,ASOCIACION DE USUARIOS DEL ACUEDUCTO VEREDAL LA LOMITA BAJO GAVIOTA,ASOCIACION DE USUARIOS DEL ACUEDUCTO VEREDAL LA LOMITA BAJO GAVIOTA,2,2026-03-06,DESFAVORABLE,LEIDY STELLA CAICEDO SOLIS,41.34,"EL SISTEMA DE ABASTO CUENTAN CON BOCATOMA DESARENAOR Y TANQUE DE ALMACENAMIENTO CON DESGASTE POR USO, NO SE REALIZA DESINFECCION DEL AGUA POR LO QUE SE REQUIERE SU IMPLEMENTACION DE MANERA PRONTARIA, ES INDISPENSABLE LLEVAR REGISTRO DE TODAS LAS ACTIVIDADES QUE SE REALIZAN EN EL ACUEDUCTO Y GESTIONAR ANTE LA ADMINISTRACION RECURSOS Y APOYO PARA EL MEJORAMIENTO DEL ACUEDUCTO ASI COMO LA DONACION DE FILTROS EKOFIL (SOLUCIONES INDIVIDUALES) PARA GARANTIZAR AGUA APTA PARA CONSUMO HUMANO.",Desinfección,Desinfección / cloración,"desinfeccion, desinfección. También menciona: Tratamiento / filtración, Captación / bocatoma",2026-05-12,45.87,20260512-8300-VIG,Aceptada,Cerrado,76126-1,Fisicoquimico y Microbiologico,Visita 1.2 + muestreo 1.7,1,1
113888,CALIMA,ASOCIACION DEL ACUEDUCTO RURAL DE BELLAVISTA ALTO,ASOCIACION DEL ACUEDUCTO RURAL DE BELLAVISTA ALTO,2,,,,,,Sin dato,Sin observación técnica,Sin observación para clasificar,2026-05-26,58.39,20260526-8547-VIG,Aceptada,Cerrado,76126,Fisicoquimico y Microbiologico,Muestreo 1.7,0,1
62254,CALIMA,ASOCIACION JUNTA ADMINISTRADORA ACUEDUCTO VEREDA SAN JOSE,SAN JOSE,2,2026-03-18,FAVORABLE CON REQUERIMIENTOS,LEIDY STELLA CAICEDO SOLIS,31.57,"AL MOMENTO DE LA VISITA SE OBSERVA SISTEMA COMPUESTO POR BOCATOMA, DESARENADOR, FILTROS Y PROCESO DE DESINFECCION SIN INSTALACION BOMBA DOSIFICADORA DE CLORO ES DE GRAN IMPORTANCIA REALIZAR AJUSTES A PROCESO DE FILTRACION AJUSTADO MATERIAL FILTRANTE",Desinfección,Desinfección / cloración,"cloro, desinfeccion, desinfección. También menciona: Tratamiento / filtración, Captación / bocatoma",2026-03-10,57.55,20260310-7149-VIG,Aceptada,Cerrado,76126-2,Fisicoquimico y Microbiologico,Visita 1.2 + muestreo 1.7,1,1
116566,CALIMA,JUNTA ADMINISTRADORA ACUEDUCTO BAJO BOLEO,JUNTA ADMINISTRADORA ACUEDUCTO BAJO BOLEO,2,2026-02-11,DESFAVORABLE,LEIDY STELLA CAICEDO SOLIS,90.59,"DURANTE LA VISITA SE OBSERVA BOCATOMA Y DESARENADOR FUNCIONAL CON DESGASTE NORMAL POR USO, SE INSTALARON 3 TANQUES EN PVC PARA EL SUMINISTRO A LA POBLACION, NO SE CUENTA CON SISTEMA DESINFECCION POR LO CUAL SE REQUIERE SU IMPLEMENTACION D EMANERA INMEDIATA, SE DEBE INSTALAR TECHO SOBRE TANQUE DE ALMACENAMIENTO PARA SU PROTECCION, SE DEBE CERTIFICAR EL FONTANERO EN COMPETENCIAS LABORALES.",Desinfección,Desinfección / cloración,"desinfeccion, desinfección. También menciona: Captación / bocatoma, Tanque / almacenamiento",2026-06-10,60.15,20260610-8828-VIG,Aceptada,Cerrado,76126-21,Fisicoquimico y Microbiologico,Visita 1.2 + muestreo 1.7,1,2
65514,CALIMA,JUNTA DE ACUEDUCTO LA GUAIRA,JUNTA DE ACUEDUCTO LA GUAIRA,2,2026-02-25,DESFAVORABLE,LEIDY STELLA CAICEDO SOLIS,42.60,"SE REALIZA VISITA AL SISTEMA DE ABASTO LA GUAIRA EL CUAL CUENTA CON 8 USUARIOS. ESTE SISTEMA DE ABASTO ESTA COMPUESTO POR BOCATOMA , DESARENADOR Y TANQUE DE ALMACENAMIENTO EN REGULARES CONDICIONES. POR TENER UN SISTEMA CON POCOS SUSCRIPTORES SE RECOMIENDA LA BUSQUEDA DE APOYO PAR ALA OBTENCION DE SOLUCIONES INDIVIDUALES. REALIZAR MEJORAS AL TANQUE DE ALMACENAMIENTO. REALIZAR DESINFECCION QUE AYUDE A MEJORAR EL RIESGO MICROBIOLOGICO.",Desinfección,Desinfección / cloración,"desinfeccion, desinfección. También menciona: Tratamiento / filtración, Captación / bocatoma",2026-05-26,0.00,20260526-8551-VIG,Aceptada,Cerrado,76126,Fisicoquimico y Microbiologico,Visita 1.2 + muestreo 1.7,1,1
143200,CALIMA,PARCELACION PINOS 1,PARCELACION PINOS 1,2,,,,,,Sin dato,Sin observación técnica,Sin observación para clasificar,2026-04-15,0.00,20260415-7746-VIG,Aceptada,Cerrado,76126-3,Fisicoquimico y Microbiologico,Muestreo 1.7,0,1
34221,DAGUA,ACUAVALLE S.A. E.S.P. - SECCIONAL EL CARMEN DAGUA,ACUAVALLE S.A SECCIONAL EL CARMEN,3,2026-02-21,FAVORABLE,DIEGO FERNANDO HOYOS TABORDA,0.00,"-Evaluar la posibilidad de aumentar el almacenamiento del agua tratada, teniendo en cuenta el incremento de la población -Gestionar lo referente al mantenimiento general de filtros -Se brindo capacitación sobre el decreto 0294 / 2016 sin novedad",Tratamiento,Tratamiento / filtración,"filtro. También menciona: Tanque / almacenamiento, Operación y mantenimiento",2026-05-13,0.00,20260513-8319-VIG,Aceptada,Cerrado,0001,Fisicoquimico y Microbiologico,Visita 1.2 + muestreo 1.7,1,2
121969,DAGUA,ACUEDUCTO COMUNITARIO EL COGOLLO,PTAP EL COGOLLO,3,2026-04-25,DESFAVORABLE,DIEGO FERNANDO HOYOS TABORDA,61.18,-SE REQUIERE DE CARACTER URGENTE REHABILITAR EL SISTEMA DE DESINFECCION. -GESTIONAR LO PERTINENTE PARA LA MACRO Y MICRO MEDICION. -DOCUMENTAR PROCEDIMIENTOS Y ACTUALIZAR PLANOS. -SE BRINDO CAPACITACION SOBRE EL DECRETO 0294/2016,Desinfección,Desinfección / cloración,"desinfeccion, desinfección. También menciona: Operación y mantenimiento",2026-05-20,57.55,20260520-8429-VIG,Aceptada,Cerrado,1812,Fisicoquimico y Microbiologico,Visita 1.2 + muestreo 1.7,1,2
152015,DAGUA,ACUEDUCTO COMUNITARIO PROVIDENCIA SECTOR LA ESTRELLA - ACUAESTRELLA,ACUAESTRELLA,3,2026-04-25,DESFAVORABLE,DIEGO FERNANDO HOYOS TABORDA,61.18,"-SE DEBE IMPLEMENTAR DE CARACTER URGENTE, TODO LO RELACIONADO CON LA DESINFECCION. -GESTIONAR LO REFERENTE A LA MACROMEDICION Y MICROMEDICION. -DOCUMENTAR PROTOCOLOS Y PROCEDIMIENTOS. -SE BRINDA CAPACITACION SOBRE EL DECRETO 0294/2016",Desinfección,Desinfección / cloración,"desinfeccion, desinfección. También menciona: Operación y mantenimiento",2026-05-20,57.55,20260520-8435-VIG,Aceptada,Cerrado,1801,Fisicoquimico y Microbiologico,Visita 1.2 + muestreo 1.7,1,2
34207,DAGUA,ACUEDUCTO COMUNITARIO SAN BERNARDO,PTAP SAN BERNARDO,3,2026-04-24,FAVORABLE CON REQUERIMIENTOS,DIEGO FERNANDO HOYOS TABORDA,13.20,-ASEGURAR LAS TAPAS DEL TANQUE Y DEL SISTEMA DE FILTRACION. -DOCUMENTAR PROTOCOLOS DE OPERACION Y MANTENIMIENTO. -SE BRINDO CAPACITACION SOBRE EL DECRETO 0294/2016,Tratamiento,Tratamiento / filtración,"filtracion, filtración. También menciona: Tanque / almacenamiento, Operación y mantenimiento",2026-05-05,56.74,20260505-1122-VIG,Aceptada,Cerrado,0191,Fisicoquimico y Microbiologico,Visita 1.2 + muestreo 1.7,1,1
123224,DAGUA,ACUEDUCTO PARCELACIÓN CAMPESTRE ASOFLORESTA,ASOFLORESTA,3,,,,,,Sin dato,Sin observación técnica,Sin observación para clasificar,2026-04-28,0.00,20260428-7987-VIG,Aceptada,Cerrado,0001,Fisicoquimico y Microbiologico,Muestreo 1.7,0,1
123562,DAGUA,ACUEDUCTO PARCELACIÓN EL BOSQUE,ACUEDUCTO PARCELACIÓN EL BOSQUE,3,,,,,,Sin dato,Sin observación técnica,Sin observación para clasificar,2026-04-28,0.00,20260428-8026-VIG,Aceptada,Cerrado,0001,Fisicoquimico y Microbiologico,Muestreo 1.7,0,1
000000,DAGUA,ASOCIACION ABASTO DE AGUA MARIA -PIÑAL- MUNICIPIO DE LA CUMBRE Y DAGUA VALLE DEL CAUCA - ASOABASE,ASOABASE,3,2026-02-20,FAVORABLE,DIEGO FERNANDO HOYOS TABORDA,0.00,"- Se debe adecuar cerramiento para el tanque de La Maria -Documentar programa de limpieza y desinfección -Se brindo capacitación al funcionario sobre el decreto 0294/2016, no se evidencia larvas o mosquitos",Desinfección,Desinfección / cloración,"desinfeccion, desinfección. También menciona: Tanque / almacenamiento, Protección sanitaria / fuente",2026-06-24,,20260624-9082-VIG,0,Abierto,SD,Fisicoquimico y Microbiologico,Visita 1.2 + muestreo 1.7,2,6
38184,DAGUA,ASOCIACION ACUEDUCTO RURAL COMUNITARIO SENDO - TIGRE - AACTISE,ACUDUCTO SENDO - EL TIGRE. AACTISE,3,2026-04-11,FAVORABLE,DIEGO FERNANDO HOYOS TABORDA,8.80,"- SE DEBE IMPLEMENTAR LO REFERENTE A LA MACROMEDICIO, PARA CONTROL DE CONSUMO Y ESTIMACION DE PERDIDAS. -MEJORAR CERCAMIENTO DEL AREA DE LA PLANTA Y TANQUE. - SE BRINDA CAACITACION EN EL DECRETO 0294/2016.",Almacenamiento,Tanque / almacenamiento,tanque,2026-05-05,0.00,20260505-8163-VIG,Aceptada,Cerrado,0117,Fisicoquimico y Microbiologico,Visita 1.2 + muestreo 1.7,1,1
151165,DAGUA,ASOCIACION ACUEDUCTO RURAL LA VIRGINIA (PARCELACIONES SAN FERNANDO Y PIRINEOS),,3,,,,,,Sin dato,Sin observación técnica,Sin observación para clasificar,2026-05-13,0.00,20260513-8325-VIG,Aceptada,Cerrado,0003,Fisicoquimico y Microbiologico,Muestreo 1.7,0,1
121827,DAGUA,ASOCIACION AGUA VIGIA CORREGIMIENTO DE ATUNCELA MUNICIPIO DE DAGUA DEPARTAMENTO DEL VALLE DEL CAUCA EN LIQUIDACION - AGUAVIGIA,AGUAVIGIA,3,2026-04-27,FAVORABLE CON REQUERIMIENTOS,MAURICIO ALZATE DIAZ,21.00,"Se realiza inspección desde bocatoma a sistema de distribución, se evidencia tanque con caja de elaboración (fuera de funcionamiento), el tanque no cuenta con control de nivel, se visualiza un respiradero no protegido, tapa inadecuada de inspección que debe mejorarse, se hace énfasis en la focalización sobre el control de larvas (decreto 0294/2016). Pendiente materializar punto de muestreo.",Captación,Captación / bocatoma,bocatoma. También menciona: Tanque / almacenamiento,,,,,,,,Visita 1.2,1,0
33542,DAGUA,ASOCIACION COMUNITARIA ADMINISTRADORA DEL ACUEDUCTO DE LA LOCALIDAD DE SANTA MARIA MUNICIPIO DE DAGUA - ACOACEDRO,ACOACEDRO,3,2026-05-15,DESFAVORABLE,DIEGO FERNANDO HOYOS TABORDA,61.18,"-SE DEBE REHABILITAR DE CARACTER URGENTE, EL SISTEMA DE DESINFECCIÓN. -DOCUMENTAR MANUALES DE OPERACION Y MANTENIMIENTO. -INSTALAR MACROMEDIDOR. -SE BRINDO CAPACITACION SOBRE DECRETO 0294/2016 SIN PRESENTAR NOVEDADES.",Desinfección,Desinfección / cloración,"desinfeccion, desinfección. También menciona: Operación y mantenimiento",2026-05-20,57.55,20260520-8444-VIG,Aceptada,Cerrado,2102,Fisicoquimico y Microbiologico,Visita 1.2 + muestreo 1.7,1,2
34214,DAGUA,ASOCIACION COMUNITARIA ADMINISTRADORA DEL ACUEDUCTO DE SAN MIGUEL - ACUAMIGUEL,PTAP ACUAMIGUEL,3,,,,,,Sin dato,Sin observación técnica,Sin observación para clasificar,2026-03-03,1.44,20260303-6973-VIG,Aceptada,Cerrado,1922,Fisicoquimico y Microbiologico,Muestreo 1.7,0,1
46017,DAGUA,"ASOCIACION COMUNITARIA DE ACUEDUCTO DE CHIPRE, ASOCHIPRE",ASOCHIPRE,3,2026-01-29,FAVORABLE CON REQUERIMIENTOS,MAURICIO ALZATE DIAZ,16.29,"Observaciones Iraba 1.1 Desinfección 1.3 Capacitados por la UESVALLE observaciones bps: 2.1 Se debe mejorar acceso subida y mejorar cerramiento. 2.3 Caseta para preparación de cloro. 3.3 Puntos ya concertados medición cloro - limpieza de tanque residual. 4.1 Se debe llevar registro documentado. 4.3 Es importante se planeen las actividades a realizar en documento. 4.5 No se cuenta con esta documentación. 4.6 Falta documentos. 4.8 Falta documentar. Observaciones Funcionario: Las condiciones de acceso al tanque en el momento de la visita que llovía, representan un riesgo para el personal, se debe acondicionar para evitar un accidente Se recomienda documentar todo lo efectuado en el sistema y las actividades realizadas para mejor Control. Levantar planos de red y sistema. Se brinda socialización sobre el decreto 0296/2016 a la persona encargada.",Desinfección,Desinfección / cloración,"cloro, desinfeccion, desinfección. También menciona: Tanque / almacenamiento, Red / conducción",2026-04-07,0.00,20260407-7545-VIG,Aceptada,Cerrado,0002,Fisicoquimico y Microbiologico,Visita 1.2 + muestreo 1.7,1,1
35016,DAGUA,ASOCIACION COMUNITARIA DE USUARIOS ACUEDUCTO DE JIGUALES - ACUAJI,ACUASALUD HATOCHICO - SAN DIEGO,3,2026-03-12,FAVORABLE CON REQUERIMIENTOS,DIEGO FERNANDO HOYOS TABORDA,23.99,"-Es necesario instalar la macromedición -Actualizar planos -Se debe revisar el sistema de filtración, hay rebose -Cambiar el lecho de los filtros -se brindó capacitación sobre el decreto 0294/2016 sin novedad",Tratamiento,Tratamiento / filtración,"filtro, filtracion, filtración. También menciona: Tanque / almacenamiento, Operación y mantenimiento",2026-04-21,32.56,20260421-7840-VIG,Aceptada,Cerrado,0012,Fisicoquimico y Microbiologico,Visita 1.2 + muestreo 1.7,1,1
45575,DAGUA,ASOCIACION COMUNITARIA DEL ACUEDUCTO ACUACLOR,ACUACLOR,3,2026-02-17,FAVORABLE CON REQUERIMIENTOS,MAURICIO ALZATE DIAZ,44.46,"1. Se debe acondicionar tapa del tanque de distribución, dado que se encontró en malas condiciones, lo cual puede afectar en la calidad del agua.",Almacenamiento,Tanque / almacenamiento,"tanque, tapa",2026-04-07,54.14,20260407-7556-VIG,Aceptada,Cerrado,0051,Fisicoquimico y Microbiologico,Visita 1.2 + muestreo 1.7,1,1
124277,DAGUA,ASOCIACION DE PROPIETARIOS PARCELACION MONTERRICO,ACUEDUCTO MOTERICO,3,2026-01-29,DESFAVORABLE,MAURICIO ALZATE DIAZ,94.57,"1. Se recomienda que, para todos los tanques de distribución, se acondicionen dónde están las tapas de acceso o registro con biseles, para evitar contaminación en periodos de lluvia, pues en visita registrada, se evidencio lluvia y el agua y residuo de la parte superior del tanque al abrir caen en el agua ya tratada. 2. Se brinda capacitación sobre decreto 0294/2016. Sin novedad sobre larvas.",Almacenamiento,Tanque / almacenamiento,"tanque, tapa. También menciona: Protección sanitaria / fuente, Operación y mantenimiento",2026-06-02,0.00,20260602-8703-VIG,Aceptada,Cerrado,0001,Fisicoquimico y Microbiologico,Visita 1.2 + muestreo 1.7,1,1
115853,DAGUA,ASOCIACION DE SUSCRIPTORES DEL ACUEDUCTO COMUNAL VEREDA EL AGUACATE - ASUAGUACATE,,3,,,,,,Sin dato,Sin observación técnica,Sin observación para clasificar,2026-04-21,62.02,20260421-7876-VIG,Aceptada,Cerrado,SIN DATO,Fisicoquimico y Microbiologico,Muestreo 1.7,0,1
124278,DAGUA,ASOCIACION DE SUSCRIPTORES DEL ACUEDUCTO LA SUIZA - SUAS,,3,,,,,,Sin dato,Sin observación técnica,Sin observación para clasificar,2026-04-21,0.00,20260421-7843-VIG,Aceptada,Cerrado,0002,Fisicoquimico y Microbiologico,Muestreo 1.7,0,1
102666,DAGUA,ASOCIACION DE SUSCRIPTORES DEL SERVICIO DE ACUEDUCTO SAN JOAQUIN CORREGIMIENTO DE SAN VICENTE MUNICIPIO DE DAGUA - ASOSANJOAQUIN,ASOSANJOAQUIN,3,2026-03-04,FAVORABLE CON REQUERIMIENTOS,MAURICIO ALZATE DIAZ,0.00,"SE EVIDENCIA EN EL TANQUE DE DISTRIBUCION QUE CUENTA CON CLRACION PERO EN EL MOMENTO DE LA VISITA NO ESTA OPERANDO. EL TANQUE NO CUENTA CON RESPIRADERO. TANQUE CON VOLUMEN DE 8 M3. SE BRINDA SOCIALIZACION SOBRE EL DRECTO DEPARTAMENTAL 0294/2016 AL SEÑOR ISAIAS, LARVARIO CONTROL Y PREVENCION. NO SE ESTA OPERANDO LA CLORACION DADO QUE SE VA A REALIZAR MANTENIMIENTO EL DIA PROXIMO EN EL TANQUE.",Desinfección,Desinfección / cloración,"cloracion, cloración. También menciona: Tanque / almacenamiento, Operación y mantenimiento",2026-03-16,0.00,20260316-7221-VIG,Aceptada,Cerrado,SIN DATO,Fisicoquimico y Microbiologico,Visita 1.2 + muestreo 1.7,1,1
50555,DAGUA,ASOCIACION DE SUSCRIPTORES DEL SERVICIO DE ACUEDUCTO SAN VICENTE - AGUASANVICENTE,ASOCIACION DE SUSCRIPTORES DEL SERVICIO DE ACUEDUCTO SAN VICENTE - ASANJOAQUIN,3,2026-03-10,FAVORABLE CON REQUERIMIENTOS,MAURICIO ALZATE DIAZ,0.00,"Se evidencia un sistema de tratamiento con filtración (2 filtros), posterior se almacena y distribuye en un tanque de almacenamiento de dimensiones aproximada 3x3x2, en adición cuenta con un tanque pastico de 1.000 lt, no recomendable para almacenamiento, dado que estos tanques son para tratamiento de aguas residuales (pozo séptico)de sustancias , por posible liberación de sustancias químicas.",Tratamiento,Tratamiento / filtración,"tratamiento, filtro, filtracion, filtración. También menciona: Tanque / almacenamiento",2026-06-22,,20260622-8994-VIG,Aceptada,Abierto,SD,Fisicoquimico y Microbiologico,Visita 1.2 + muestreo 1.7,1,2
38277,DAGUA,ASOCIACIÓN DE SUSCRIPTORES DEL SERVICIO DE AGUA POTABLE DE LAS CAMELIAS Y EMPRESA COMUNITARIA DE SERVICIOS PÚBLICOS.,ASUAC,3,2026-03-28,FAVORABLE CON REQUERIMIENTOS,DIEGO FERNANDO HOYOS TABORDA,41.71,"1. Se recomienda tomar acciones para controlar los niveles de turbiedad del sistema. 2. Mejorar la calidad del agua de los sectores potrerillo, mirador, almorzadero y parte alta camelias. 3. Instalar micro medición para control de perdidas. 4. Se brindo capacitación sobre el decreto 0294/2016 sin novedad.",Operación,Operación y mantenimiento,"capacitacion, capacitación",2026-05-13,8.63,20260513-8329-VIG,Aceptada,Cerrado,0126,Fisicoquimico y Microbiologico,Visita 1.2 + muestreo 1.7,1,2
29761,DAGUA,ASOCIACION DE SUSCRITORES DEL SERVICIO DE AGUA EL VERGEL - AUVA ESP,AUVA,3,,,,,,Sin dato,Sin observación técnica,Sin observación para clasificar,2026-06-10,0.00,20260610-8831-VIG,Aceptada,Cerrado,0441,Fisicoquimico y Microbiologico,Muestreo 1.7,0,3
125244,DAGUA,"ASOCIACION DE USUARIOS ACUEDUCTO LOS COLORADOS CORREGIMIENTO BORRERO AYERBE MUNICIPIO DE DAGUA, DEPARTAMENTO DEL VALLE DEL CAUCA - ASOCOLORADOS",PTAP LOS COLORADOS,3,2026-02-06,DESFAVORABLE,DIEGO FERNANDO HOYOS TABORDA,87.76,"- Es necesario aumentar la capacidad del tanque de almacenamiento - Se debe aumentar de manera urgente, la dosificación de cloro en el tanque de almacenamiento - Gestionar lo referente a la macro y micro medición - Se realiza capacitación sobre decreto 0294/2016 sin novedad.",Desinfección,Desinfección / cloración,"cloro, dosificacion, dosificación. También menciona: Tanque / almacenamiento, Operación y mantenimiento",2026-06-22,,20260622-8977-VIG,Aceptada,Abierto,SD,Fisicoquimico y Microbiologico,Visita 1.2 + muestreo 1.7,1,3
117137,DAGUA,ASOCIACION DE USUARIOS ACUEDUCTO PUERTA DAGUA RIO DAGUA E.S.P EN LIQUIDACION - RIO DAGUA E.S.P,PTTAP PUERTA DAGUA,3,2026-03-06,DESFAVORABLE,DIEGO FERNANDO HOYOS TABORDA,74.45,"-Encerrar y realizar limpieza general, área del tanque de almacenamiento. -Se debe documentar procedimientos y protocolos. -Gestionar de manera urgente lo necesario para implementar la desinfección. -Brindo capacitación sobre decreto 0294/2016",Desinfección,Desinfección / cloración,"desinfeccion, desinfección. También menciona: Tanque / almacenamiento, Operación y mantenimiento",2026-05-20,57.55,20260520-8458-VIG,Aceptada,Cerrado,0012,Fisicoquimico y Microbiologico,Visita 1.2 + muestreo 1.7,1,1
45410,DAGUA,ASOCIACION DE USUARIOS ACUEDUCTO SAN JOSE DEL SALADO PARTE ALTA - ASUSAL,ACUEDUCTO ASUSAL,3,2026-03-25,DESFAVORABLE,MAURICIO ALZATE DIAZ,91.17,"Se evidencia sistema filtración, tanque de distribución, se esta construyendo una unidad de filtración adicional para mejoramiento a la calidad del agua, no se evidencia macromedición, el tanque cuenta con respiraderos, sin malla de fracción. -Se brinda socialización sobre el decreto 0294/2016, sobre el control y prevención de larvas. -Falta mantenimiento de poste en el área -No se han materializado los puntos de muestreo",Tratamiento,Tratamiento / filtración,"filtracion, filtración. También menciona: Tanque / almacenamiento, Operación y mantenimiento",2026-04-21,62.02,20260421-7845-VIG,Aceptada,Cerrado,1203,Fisicoquimico y Microbiologico,Visita 1.2 + muestreo 1.7,1,1
43208,DAGUA,ASOCIACION DE USUARIOS ACUEDUCTO VEREDA LA CLORINDA,ACUEDUCTO LA CLORINDA,3,2026-05-16,FAVORABLE CON REQUERIMIENTOS,DIEGO FERNANDO HOYOS TABORDA,35.65,-SE DEBE MEJORAR EL CERCAMIENTO DE LA PLANTA DE TRATAMIENTO. -ACTUALIZAR PLANOS DE LA RED DE DISTRIBUCION. -INSTALAR MACROMEDICION Y MICROMEDICION. -SE BRINDO CAPACITACIÓN SOBRE DECRETO 0294/2016 SIN NINGUNA NOVEDAD.,Tratamiento,Tratamiento / filtración,"tratamiento. También menciona: Red / conducción, Operación y mantenimiento",2026-06-10,0.00,20260610-8822-VIG,Aceptada,Cerrado,0003,Fisicoquimico y Microbiologico,Visita 1.2 + muestreo 1.7,1,2
34208,DAGUA,ASOCIACION DE USUARIOS DE ACUEDUCTO DE LA VEREDA TOCOTA - ASOTOCOTA,PTAP TOCOTA,3,,,,,,Sin dato,Sin observación técnica,Sin observación para clasificar,2026-04-14,,20260414-7728-VDM,Aceptada,Abierto,1901,Fisicoquimico y Microbiologico,Muestreo 1.7,0,2
128093,DAGUA,ASOCIACION DE USUARIOS DE ACUEDUCTO EL PALMARCITO DE LA VEREDA LA VIRGEN,PTAP EL PALMARCITO,3,,,,,,Sin dato,Sin observación técnica,Sin observación para clasificar,2026-05-27,0.00,20260527-8570-VIG,Aceptada,Cerrado,2453,Fisicoquimico y Microbiologico,Muestreo 1.7,0,2
28230,DAGUA,ASOCIACIÓN DE USUARIOS DE ACUEDUCTO PEÑALEGRIA KM 26 - ASUAPAL,PEÑA ALEGRIA,3,,,,,,Sin dato,Sin observación técnica,Sin observación para clasificar,2026-04-07,0.00,20260407-7540-VIG,Aceptada,Cerrado,0363,Fisicoquimico y Microbiologico,Muestreo 1.7,0,1
120464,DAGUA,ASOCIACION DE USUARIOS DE ACUEDUCTO VEREDA LAS DELICIAS - ASAD ESP - PARTE ALTA,PTAP DELICIAS ALTA,3,2026-01-29,FAVORABLE CON REQUERIMIENTOS,DIEGO FERNANDO HOYOS TABORDA,13.11,"- Documentar procedimientos de operación y mantenimiento - Gestionar lo referente a la construcción de puntos de muestreo - Digitalizar planos - Se brindó capacitación al fontanero sobre el decreto 0294/2016, no se evidencia mosquito ni larvas",Operación,Operación y mantenimiento,"fontanero, mantenimiento, capacitacion, capacitación",2026-06-10,9.02,20260610-8844-VIG,Aceptada,Cerrado,2302,Fisicoquimico y Microbiologico,Visita 1.2 + muestreo 1.7,1,2
34631,DAGUA,ASOCIACION DE USUARIOS DE ACUEDUCTO VEREDA LAS DELICIAS - ASAD ESP - PARTE BAJA,PTAP DELICIAS BAJA,3,2026-01-29,FAVORABLE CON REQUERIMIENTOS,DIEGO FERNANDO HOYOS TABORDA,34.66,"1. Documentar los procedimientos y protocolos del sistema. 2. Digitalizar planos del sistema. 3. Gestionar lo referente para mejorar la filtración. 4. Se brinda capacitación al fontanero sobre el decreto 0294/2016, sin novedad sobre larvas.",Tratamiento,Tratamiento / filtración,"filtracion, filtración. También menciona: Operación y mantenimiento",2026-06-10,54.14,20260610-8843-VIG,Aceptada,Cerrado,2313,Fisicoquimico y Microbiologico,Visita 1.2 + muestreo 1.7,1,2
41031,DAGUA,ASOCIACIÓN DE USUARIOS DE ACUEDUCTO Y SERVICIOS BÁSICOS DE LA VEREDA PUEBLO NUEVO CORREGIMIENTO BORRERO AYERBE DEL MUNICIPIO DE DAGUA VALLE - A.U.AS.B,PTAP A.U.AS.B,3,2026-01-31,FAVORABLE CON REQUERIMIENTOS,DIEGO FERNANDO HOYOS TABORDA,8.13,1 Se debe adecuar el desarenado y realizar la gestión para la implementación de las bacterias de filtración 2 Se debe instalar macro medición y micro Medición 3 Reanudar los ensayos físico químicos y microbiológicos con laboratorios certificado 4 Se realizó capacitación sobre el decreto 0294 de 2026. No se evidencia mosquitos o larvas.,Tratamiento,Tratamiento / filtración,"filtracion, filtración. También menciona: Operación y mantenimiento, Gestión administrativa",2026-06-10,0.00,20260610-8839-VIG,Aceptada,Cerrado,3301,Fisicoquimico y Microbiologico,Visita 1.2 + muestreo 1.7,1,2
145415,DAGUA,ASOCIACIÓN DE USUARIOS DEL ACUEDUCTO COMUNITARIO LA CLEMENTINA,ACUEDUCTO COMUNITARIO LA CLEMENTINA,3,2026-02-11,DESFAVORABLE,MAURICIO ALZATE DIAZ,87.76,"1. Se debe implementar la desinfección al sistema de manera inmediata. 2. Documentar proceso. 3. Capacitar al fontanero. 4. Mejorar higiene área, cerramiento. 5. Instalar ventilador al tanque. 6. Instalar la medición de caudal y nivel tanque. 7. Se brinda capacitación sobre decreto 0294/2016.",Desinfección,Desinfección / cloración,"desinfeccion, desinfección. También menciona: Tanque / almacenamiento, Protección sanitaria / fuente",2026-06-22,,20260622-8974-VIG,Aceptada,Abierto,1,Fisicoquimico y Microbiologico,Visita 1.2 + muestreo 1.7,1,2
128094,DAGUA,ASOCIACIÓN DE USUARIOS DEL ACUEDUCTO COMUNITARIO NACIMIENTO LA ROSITA - AGUA BUENA,,3,2026-05-07,DESFAVORABLE,MAURICIO ALZATE DIAZ,68.34,"SE REALIZA VISITA DE INSPECCION Y SEGUIMIENTO AL NACIMIENTO Y ZANA DE ABASTECIMIENTO. -NO HAY SISTEMA DE FILTRACION HABILITADO -NO HAY SISTEMA DE DESINFECCION OPERATIVO -DEBE ACONDICIONAR HERRAMIENTAS DEL SISTEMA -NO HAY MACROMEDICION -PENDIENTE MATERIALIZAR PUNTO DE MUESTREO -NO SE OBSERVA LARVAS, PERO SE HACE ENFASIS SOBRE EL DECRETO 0294/2016, PREVENCION Y CONTROL DE LARVAS. PERSONAL DE LA ASOCIACION MANIFIESTA COMPROMISO DE PONER EL SISTEMA A OPERAR EN LAS CONDICIONES NECESARIAS PARA GARANTIZAR EL SUMINISTRO DEL AGUA APTA PARA CONSUMO HUMANO, POR LO CUAL PONDRAN EN SERVICIO LAS UNIDADES DE TRATAMIENTO. *QUIEREN SOLICITAR A LA UES VALLE ANALISIS DEL AGUA DEL NACIMIENTO.",Desinfección,Desinfección / cloración,"desinfeccion, desinfección. También menciona: Tratamiento / filtración",2026-06-24,,20260624-9085-VIG,Aceptada,Abierto,0001,Fisicoquimico y Microbiologico,Visita 1.2 + muestreo 1.7,1,1
121524,DAGUA,ASOCIACIÓN DE USUARIOS DEL ACUEDUCTO DE LA PARCELACION EL ENSUEÑO SEGUNDA ETAPA SECTORES A Y B - ACUAENSUEÑO,ACUAENSUEÑO,3,,,,,,Sin dato,Sin observación técnica,Sin observación para clasificar,2026-04-28,0.00,20260428-7984-VIG,Aceptada,Cerrado,0003,Fisicoquimico y Microbiologico,Muestreo 1.7,0,1
111599,DAGUA,ASOCIACION DE USUARIOS DEL ACUEDUCTO DE LA VEREDA DE CENTELLA CORREGIMIENTO DE VILLAHERMOSA MUNICIPIO DE DAGUA,VEREDA CENTELLA CORREGIMIENTO VILLAHERMOSA,3,2026-04-21,DESFAVORABLE,MAURICIO ALZATE DIAZ,45.78,"Se realizan inspecciones desde la bocatoma, acueducto y tanque, se evidencia filtración, fuga de almacenamiento en concreto circular, existe de desinfección al momento sin operar, no cuenta con macro medición ni control de nivel en tanque, el tanque no está en reparos, hay presencia de excrotos de vaca, se observa cerramiento en condiciones no adecuadas, tapa de tanque de almacenamiento que permite ingreso del agua y contaminación externa. Se hace énfasis al encargado sobre el control y prevención de la cloración de acuerdo al Decreto Departamental 0294/2016. Pendiente materializar puntos de muestreo.",Desinfección,Desinfección / cloración,"cloracion, cloración, desinfeccion, desinfección. También menciona: Tratamiento / filtración, Captación / bocatoma",2026-05-27,65.25,20260527-8575-VIG,Aceptada,Cerrado,2403,Fisicoquimico y Microbiologico,Visita 1.2 + muestreo 1.7,1,2
33511,DAGUA,ASOCIACION DE USUARIOS DEL ACUEDUCTO DE SANTA MARIA PARTE BAJA - ASUASBA,ASUASBA,3,2026-05-15,DESFAVORABLE,DIEGO FERNANDO HOYOS TABORDA,68.94,- SE DEBE REHABILITAR DE CARACTER URGENTE EL SISTEMA DE DESINFECCIÓN. -INSTALAR MACROMEDIDOR. -CONSTRUIR PUNTOS DE MUESTREO CONCERTADOS. -SE BRINDO CAPACITACIÓN SOBRE DECRETO 0294/2016 SIN PRESENTAR NOVEDAD.,Desinfección,Desinfección / cloración,"desinfeccion, desinfección. También menciona: Operación y mantenimiento",2026-05-20,57.55,20260520-8446-VIG,Aceptada,Cerrado,2111,Fisicoquimico y Microbiologico,Visita 1.2 + muestreo 1.7,1,2
44630,DAGUA,ASOCIACION DE USUARIOS DEL ACUEDUCTO LOBOGUERRERO,ACUEDUCTO LOBOGUERRERO,3,2026-05-20,FAVORABLE CON REQUERIMIENTOS,MAURICIO ALZATE DIAZ,7.87,"Se realiza visita de inspección, vigilancia y control a la bocatoma y área de tratamiento, se observa desarenador en muy buenas condiciones, tanques de almacenamiento, sistema de desinfección operativo. No se observa macro medición y nivel de tanques, al tanque 2 debe revisarse la dosis de cloro aplicado. • Pendiente materializar los puntos de muestreo, se observan cuatro puntos. • Aunque no se observan larvas en boca y sistema, se hace énfasis sobre el control y prevención de estas de acuerdo con el decreto 0294/2016 decreto departamental.",Desinfección,Desinfección / cloración,"cloro, desinfeccion, desinfección. También menciona: Tratamiento / filtración, Captación / bocatoma",2026-04-14,,20260414-7725-VDM,Aceptada,Abierto,SD,Fisicoquimico y Microbiologico,Visita 1.2 + muestreo 1.7,1,1
101957,DAGUA,"ASOCIACION DE USUARIOS DEL ACUEDUCTO QUEBRADA LOS CHORROS, CORREGIMIENTO ATUNCELA, MUNICIPIO DE DAGUA - ASUACAT",ASUACAT,3,2026-05-08,DESFAVORABLE,DIEGO FERNANDO HOYOS TABORDA,43.30,-Se debe construir cerramiento en el área del tanque de almacenamiento -Realizar limpieza sobre el área del tanque y caseta -Implementar el sistema de desinfección -Se brindo capacitación sobre el decreto 0294/2016,Desinfección,Desinfección / cloración,"desinfeccion, desinfección. También menciona: Tanque / almacenamiento, Protección sanitaria / fuente",,,,,,,,Visita 1.2,1,0
103022,DAGUA,ASOCIACION DE USUARIOS DEL ACUEDUCTO RURAL COLECTIVO DE LA VEREDA DE MACHADO,ASOCIACIÓN DE USUARIOS RURAL VEREDA MACHADO ACUEDUCTO MACHACHADO,3,2026-05-16,FAVORABLE,DIEGO FERNANDO HOYOS TABORDA,0.00,-SE DEBE INSTALAR MACROMEDICION Y CONTROL DE NIVEL EN EL TANQE DE ALMACENAMIENTO. -DIGITALIZAR PLANOS DE LA RED DE DISTRIBUCION. -CONSTRUIR PUNTOS DE MUESTREO. -SE BRINDÓ CAPACITACIÓN SOBRE DECRETO 0294/2016 SIN NINGUNA NOVEDAD.,Almacenamiento,Tanque / almacenamiento,"almacenamiento. También menciona: Red / conducción, Operación y mantenimiento",2026-03-03,0.00,20260303-7022-VIG,Aceptada,Cerrado,0003,Fisicoquimico y Microbiologico,Visita 1.2 + muestreo 1.7,1,1
34630,DAGUA,ASOCIACION DE USUARIOS DEL ACUEDUCTO RURAL VILLAHERMOSA ACUEHERMOSA,PTAP ACUEHERMOSA,3,2026-05-22,FAVORABLE,DIEGO FERNANDO HOYOS TABORDA,7.19,• Se debe realizar limpieza general de las instalaciones de la planta. • Rehabilitar los filtros rápidos instalados. • Se debe instalar macro medición y micro medición. • Se brinda capacitación sobre decreto 0244/2016 sin novedad.,Tratamiento,Tratamiento / filtración,filtro. También menciona: Operación y mantenimiento,2026-06-10,54.14,20260610-8848-VIG,Aceptada,Cerrado,2402,Fisicoquimico y Microbiologico,Visita 1.2 + muestreo 1.7,1,2
45411,DAGUA,"ASOCIACION DE USUARIOS DEL ACUEDUCTO VEREDAL ""LA ROSITA E.S.P."" - ASO ACUEDUCTO LA ROSITA E.S.P.",PTAP LA ROSITA,3,,,,,,Sin dato,Sin observación técnica,Sin observación para clasificar,2026-05-05,0.00,20260505-8159-VIG,Aceptada,Cerrado,0001,Fisicoquimico y Microbiologico,Muestreo 1.7,0,2
115850,DAGUA,ASOCIACION DE USUARIOS DEL SERVICIO DE ACUEDUCTO LA BALASTRERA,LA BALASTRERA.,3,,,,,,Sin dato,Sin observación técnica,Sin observación para clasificar,2026-03-03,30.22,20260303-6976-VIG,Aceptada,Cerrado,0001,Fisicoquimico y Microbiologico,Muestreo 1.7,0,1
32190,DAGUA,ASOCIACION DE USUARIOS DEL SERVICIO DE AGUA POTABLE Y ALCANTARILLADO DE EL QUEREMAL ASUAQ,PTAP QUEREMAL,3,2026-04-11,FAVORABLE,DIEGO FERNANDO HOYOS TABORDA,0.00,"-SE RECOMIENDA EMPEZAR A TRABAJAR EN LA RADICACION DE PERDIDAS DEL SISTEMA, SE TIENE EN LA ACTUALIDAD PERDIDAS CERCANAS AL 40%. -SE DEBE ACTUALIZAR LOS PLANOS Y EL CATASTRO DE REDES. -SE BRINDO CAPACITACIONES EN EL DECRETO 0294/2016",Red de distribución,Red / conducción,red. También menciona: Operación y mantenimiento,2026-05-13,0.00,20260513-8332-VIG,Aceptada,Cerrado,0111,Fisicoquimico y Microbiologico,Visita 1.2 + muestreo 1.7,1,2
111037,DAGUA,ASOCIACION DE USUARIOS DEL SERVICIO DE AGUA POTABLE Y ALCANTARILLADO DE LA VEREDA EL CHILCAL,EL CHILCAL,3,,,,,,Sin dato,Sin observación técnica,Sin observación para clasificar,2026-04-21,0.00,20260421-7868-VIG,Aceptada,Cerrado,0004,Fisicoquimico y Microbiologico,Muestreo 1.7,0,2
35015,DAGUA,ASOCIACION DE USUARIOS DEL SERVICIO DE AGUA POTABLE Y ALCANTARILLADO DEL ACUEDUCTO SAN VICENTE KM. 95,PTAP CAMELIAS KM 95,3,2026-04-11,FAVORABLE CON REQUERIMIENTOS,MAURICIO ALZATE DIAZ,44.32,"SE REALIZA INSPECCION EN ACUEDUCTO, EVIDENCIANDO DOBLE SISTEMA DE FILTRACION, TANQUE EN CONCRETO CIRCULAR, DESINFECCION EN OPERACION NO SE EVIDENCIA MACROMEDICION NI CONTROL DE NIVEL DE TANQUES, FILTRO Y TANQUE CUENTA CON VALVULAS DE PISA Y TIENEN VENTAJAS. EL TANQUE CUENTA CON RESPIRADERO Y DOS PUNTOS DE INSTALACION PARA RESPIRADEROS QUE ESTAN PENDIENTES POR INSTALAR. -SE SOCIALIZA AL ENCARGADO SOBRE EL CONTROL Y PREVENCION DE LARVAS, DECRETO DEPARTAMENTAL 0294/2016. -SE HIZO UN AJUSTE EN LA DOSIFICACION DE CLORO, AJUSTAN MANGUERA DE EMPUJE DEL FLUIDO -PENDIENTE MATERIALIZAR PUNTOS DE MUESTREO",Desinfección,Desinfección / cloración,"cloro, desinfeccion, desinfección, dosificacion. También menciona: Tratamiento / filtración, Tanque / almacenamiento",2026-05-13,8.63,20260513-8341-VIG,Aceptada,Cerrado,2422,Fisicoquimico y Microbiologico,Visita 1.2 + muestreo 1.7,1,2
112959,DAGUA,ASOCIACIÓN DE USUARIOS DEL SERVICIO DEL ACUEDUCTO EL TRAPICHE - LA YOLOMBA,PTAP LA YOLOMBA,3,2026-06-12,DESFAVORABLE,DIEGO FERNANDO HOYOS TABORDA,55.25,1. Se debe habilitar de manera urgente el sistema de desinfección. 2. Se debe implementar macromedición y micromedición. 3. Manejar cerramiento del área del tanque. 4. Se brinda capacitación sobre decreto 0294/2016 sin novedad.,Desinfección,Desinfección / cloración,"desinfeccion, desinfección. También menciona: Tanque / almacenamiento, Protección sanitaria / fuente",,,,,,,,Visita 1.2,1,0
34212,DAGUA,"ASOCIACION DE USUARIOS, ACUEDUCTO SAN JOSE DEL SALADO - ACUASALADO",ACUASALADO,3,2026-04-22,DESFAVORABLE,MAURICIO ALZATE DIAZ,68.28,-Se observa la desinfección fuera de servicio -Se debe documentar las actividades realizadas -Se socializa sobre el control y prevención de larvas decreto 0294/2016 decreto departamental. -No se visualiza larvas,Desinfección,Desinfección / cloración,"desinfeccion, desinfección",2026-04-21,62.02,20260421-7841-VIG,Aceptada,Cerrado,0003,Fisicoquimico y Microbiologico,Visita 1.2 + muestreo 1.7,1,1
38166,DAGUA,ASOCIACION EMPRESA COMUNITARIA ACUASALUD ALTO DE LAS TORTOLAS,,3,,,,,,Sin dato,Sin observación técnica,Sin observación para clasificar,2026-06-02,0.00,20260602-8664-VIG,Aceptada,Cerrado,0001,Fisicoquimico y Microbiologico,Muestreo 1.7,0,1
105133,DAGUA,ASOCIACION EMPRESA COMUNITARIA ACUEDUCTO BORRERO AYERBE - ECASP. ESP. - KM 26 PALO ALTO,ECASP. ESP. - KM 26 PALO ALTO,3,2026-02-14,FAVORABLE CON REQUERIMIENTOS,DIEGO FERNANDO HOYOS TABORDA,13.69,"1. Se debe implementar un sistema de almacenamiento, se clora en línea y se envía directo a los usuarios. 2. Se brinda capacitación sobre decreto 0294/2016. Sin encontrar novedad en cuanto a larvas.",Almacenamiento,Tanque / almacenamiento,almacenamiento. También menciona: Operación y mantenimiento,2026-06-24,,20260624-9072-VIG,Aceptada,Abierto,0003,Fisicoquimico y Microbiologico,Visita 1.2 + muestreo 1.7,1,5
105134,DAGUA,ASOCIACION EMPRESA COMUNITARIA ACUEDUCTO BORRERO AYERBE - ECASP. ESP. - KM 28 AMBICHINTE,ECASP. ESP. - KM 28 AMBICHINTE,3,2026-02-14,FAVORABLE CON REQUERIMIENTOS,DIEGO FERNANDO HOYOS TABORDA,30.12,1. Se debe rehabilitar el tanque de almacenamiento de carácter urgente. 2. Se requiere gestionar lo referente para la habilitación de los filtros lentos y rápidos. 3. Se brinda capacitación sobre decreto 0294/2016 sin encontrar novedad.,Tratamiento,Tratamiento / filtración,"filtro. También menciona: Tanque / almacenamiento, Operación y mantenimiento",2026-06-24,,20260624-9086-VIG,Aceptada,Abierto,0029,Fisicoquimico y Microbiologico,Visita 1.2 + muestreo 1.7,1,2
33510,DAGUA,ASOCIACION EMPRESA COMUNITARIA DE ACUEDUCTO DE BORRERO AYERBE ECASP. ESP. - KM. 30,ECASP. ESP. - KM. 30 BORRERO AYERBE,3,2026-02-14,FAVORABLE,DIEGO FERNANDO HOYOS TABORDA,0.00,1. Se debe gestionar lo necesario para estimar y controlar el porcentaje de perdidas. 2. Los filtros lentos se encuentran sin lecho biológico. 3. Se brinda capacitación sobre decreto 0294/2016.,Tratamiento,Tratamiento / filtración,filtro. También menciona: Operación y mantenimiento,2026-06-24,,20260624-9068-VIG,Aceptada,Abierto,0023,Fisicoquimico y Microbiologico,Visita 1.2 + muestreo 1.7,1,3
110058,DAGUA,ASOCIACION EMPRESA COMUNITARIA DE ACUEDUCTO DE LA PARCELACION HATOCHICO - SAN DIEGO - ACUASALUD HATOCHICO - SAN DIEGO,ACUASALUD HATOCHICO,3,,,,,,Sin dato,Sin observación técnica,Sin observación para clasificar,2026-04-28,0.00,20260428-8025-VIG,Aceptada,Cerrado,0001,Fisicoquimico y Microbiologico,Muestreo 1.7,0,1
104288,DAGUA,ASOCIACIÓN JUNTA ADMINISTRADORA DE ACUEDUCTO CORREGIMIENTO DE ZABALETAS,ACUEDUCTO ZABALETAS,3,2026-05-12,FAVORABLE CON REQUERIMIENTOS,MAURICIO ALZATE DIAZ,7.87,"Se realiza visita de inspección, vigilancia y control al sistema de tratamiento, se observa caseta con elementos para desinfección al momento sin operar, se visualiza tanque sin respiraderos, se observan válvulas en la salida a distribución, no hay macro medición ni control de larvas decreto departamental 0294/2016. La tapa de inspección debe acondicionarse para evitar contaminación externa. Mencionan que estan en proceso de construir o abastecer el sistema con ampliación de tanque, instalación de filtros para mejoramiento del proceso de tratamiento.",Desinfección,Desinfección / cloración,"desinfeccion, desinfección. También menciona: Tratamiento / filtración, Tanque / almacenamiento",,,,,,,,Visita 1.2,1,0
32191,DAGUA,ASOCIACION RURAL ACUEDUCTO VEREDA CENTELLA - PARTE ALTA,CENTELLA - PARTE ALTA,3,2026-04-15,DESFAVORABLE,MAURICIO ALZATE DIAZ,58.20,"SE REALIZA INSPECCION AL ACUEDUCTO Y BOCATOMA, SE EVIDENCIA FILTROS, TANQUE EN CONCRETO DE ALMACENAMIENTO, SE EVIDENCIA CASETA DE DESINFECCION AL MOMENTO SIN OPERAR, NO HAY MACROMEDICION NI CONTROL EN NIVEL EN TANQUE, EL TANQUE NO CUENTA CON RESPIRADEROS, SE EVIDENCIA TAPA EN CONCRETO DEL TANQUE QUE DEBE MEJORAR DADO QUE PERMITE INGRESO DE RESIDUOS EN PRECENCIA DE LLUVIAS, DURANTE EL RECORRIDO SE SOCIALIZA EN SISTEMA Y BOCATOMA SOBRE EL CONTROL Y PREVENCION DE LARVAS (DECRETO 0294/2016) DECRETO DEPARTAMENTAL. PENDIENTE MATERIALIZAR PUNTO DE MUESTREO.",Desinfección,Desinfección / cloración,"desinfeccion, desinfección. También menciona: Tratamiento / filtración, Captación / bocatoma",2026-06-22,,20260622-8982-VIG,Aceptada,Abierto,0001,Fisicoquimico y Microbiologico,Visita 1.2 + muestreo 1.7,1,3
135368,DAGUA,CONDOMINIO CAMPESTRE COLINAS DE TOCOTA,CONDOMINIO COLINAS DE TOCOTA,3,,,,,,Sin dato,Sin observación técnica,Sin observación para clasificar,2026-06-02,91.73,20260602-8690-VIG,Aceptada,Cerrado,0005,Fisicoquimico y Microbiologico,Muestreo 1.7,0,1
124279,DAGUA,CONJUNTO CAMPESTRE AMBICHINTE,,3,,,,,,Sin dato,Sin observación técnica,Sin observación para clasificar,2026-05-13,0.00,20260513-8315-VIG,Aceptada,Cerrado,SD,Fisicoquimico y Microbiologico,Muestreo 1.7,0,1
134185,DAGUA,EMPRESA COMUNITARIA ACUEDUCTO RURAL COLECTIVO LAS BRISAS - ECOABRISAS,ECOABRISAS,3,2026-03-13,FAVORABLE,DIEGO FERNANDO HOYOS TABORDA,4.51,-Se debe cambiar la tapa del tanque de almacenamiento -Proteges el codo de la tuberia de condución y mejorar el viaducto -Gestionar lo pertinente para la filtración -Se brindo capacitación sobre el decreto 0244/2016 sin novedad,Tratamiento,Tratamiento / filtración,"filtracion, filtración. También menciona: Tanque / almacenamiento, Red / conducción",2026-05-27,0.00,20260527-8573-VIG,Aceptada,Cerrado,2402,Fisicoquimico y Microbiologico,Visita 1.2 + muestreo 1.7,1,2
35014,DAGUA,EMPRESA COMUNITARIA ACUEDUCTO RURAL EL PALMAR - ECOAREPAL - LA VÍBORA,ECOAREPAL LA VIBORA,3,2026-03-14,FAVORABLE,DIEGO FERNANDO HOYOS TABORDA,0.00,"Se debe revisar el sistema de filtración, hay rebose en uno de ellos -instalar macro y micro medición - Gestionar lo prontamente para construir el tanque de almacenamiento de la nueva bocatoma -se brindo capacitación sobre el decreto 0294/2016 sin novedad",Tratamiento,Tratamiento / filtración,"filtracion, filtración. También menciona: Captación / bocatoma, Tanque / almacenamiento",2026-06-02,0.00,20260602-8704-VIG,Aceptada,Cerrado,0912,Fisicoquimico y Microbiologico,Visita 1.2 + muestreo 1.7,1,3
113450,DAGUA,EMPRESA COMUNITARIA ACUEDUCTO RURAL EL PALMAR - ECOAREPAL - LA VIRGEN,ECOAREPAL LA VIRGEN,3,2026-03-14,FAVORABLE,DIEGO FERNANDO HOYOS TABORDA,0.00,-Se debe gestionar lo necesario para construir el sistema de filtración -Implementar macro y micro medición -Se debe reforzar los muros de la bocatoma para disminuir la socavación -Se brindo capacitación sobre el decreto 0294/2016 sin novedad.,Tratamiento,Tratamiento / filtración,"filtracion, filtración. También menciona: Captación / bocatoma, Operación y mantenimiento",2026-06-02,0.00,20260602-8706-VIG,Aceptada,Cerrado,0902,Fisicoquimico y Microbiologico,Visita 1.2 + muestreo 1.7,1,2
28231,DAGUA,EMPRESA DE SERVICIO PRIVADO ACUASALUD EL CARMELO,ACUASALUDC EL CARMELO,3,2026-03-05,FAVORABLE,DIEGO FERNANDO HOYOS TABORDA,0.00,"-Terminar las adecuaciones de la tubería, para independizar los tanques de almacenamiento. -Construir las cámaras o los macro medidores. -Se brindo capacitación sobre el decreto 0294/2016 y no se evidencia focos de mosquitos.",Almacenamiento,Tanque / almacenamiento,"tanque, almacenamiento. También menciona: Red / conducción, Operación y mantenimiento",2026-06-02,0.00,20260602-8663-VIG,Aceptada,Cerrado,0003,Fisicoquimico y Microbiologico,Visita 1.2 + muestreo 1.7,1,1
30197,DAGUA,JUNTA ADMINISTRADORA ACUEDUCTO AGUAS CLARAS,AGUAS CLARAS,3,2026-02-04,FAVORABLE,DIEGO FERNANDO HOYOS TABORDA,8.80,"-SE RECOMIENDA SUBIR LA DOSIFICACION DEL CLORO, EN EL ANALISIS CON LABORATORIO EXTERNO REGISTRO 0.8 mg -GESTIONAR LO PERTINENTE PARA LA MACRO Y LA MICROPROGRAMACION -SE BRINDO CAPACITACION SOBRE EL DECRETO 0294/2016",Desinfección,Desinfección / cloración,"cloro, dosificacion, dosificación. También menciona: Operación y mantenimiento",2026-04-28,0.00,20260428-8003-VIG,Aceptada,Cerrado,0001,Fisicoquimico y Microbiologico,Visita 1.2 + muestreo 1.7,1,1
128439,DAGUA,JUNTA ADMINISTRADORA ACUEDUCTO PARAGUITAS JAACUPAR,JAACUPAR,3,2026-03-06,FAVORABLE CON REQUERIMIENTOS,DIEGO FERNANDO HOYOS TABORDA,51.58,-Se requiere construir los puntos de muestreo concertados. -Se debe medir cloro y PH en red. -Gestionar lo necesario para solucionar el rebose con los filtros. -Se brindo capacitación sobre el decreto 0294/2016,Desinfección,Desinfección / cloración,"cloro. También menciona: Tratamiento / filtración, Tanque / almacenamiento",2026-05-05,35.46,20260505-8161-VIG,Aceptada,Cerrado,002,Fisicoquimico y Microbiologico,Visita 1.2 + muestreo 1.7,1,1
109610,DAGUA,JUNTA ADMINISTRADORA DE ACUEDUCTO PEÑAS RUCIAS VEREDA EL JORDANCITO CORREGIMIENTO DE SAN BERNARDO MUNICIPIO DE DAGUA VALLE - J.A.A.J.,PTAP PEÑAS RUCIAS,3,2026-03-07,FAVORABLE,DIEGO FERNANDO HOYOS TABORDA,0.00,-Se debe gestionar necesario para la implementación de la filtración lenta. -Construir las tapas de los tanques con sus bisagras correspondientes. -Regular los caudales de las medidas operativas. -Se brindo capacitación sobre el decreto 0294/2016,Tratamiento,Tratamiento / filtración,"filtracion, filtración. También menciona: Tanque / almacenamiento, Operación y mantenimiento",2026-03-03,0.00,20260303-7016-VIG,Aceptada,Cerrado,0001,Fisicoquimico y Microbiologico,Visita 1.2 + muestreo 1.7,1,1
39037,DAGUA,"JUNTA ADMINISTRADORA DE AGUAS, VEREDA EL JORDAN, MUNICIPIO DE DAGUA - ACUASALUD E.S.P.",ACUASALUD E.S.P EL JORDAN,3,,,,,,Sin dato,Sin observación técnica,Sin observación para clasificar,2026-05-05,0.00,20260505-8160-VIG,Aceptada,Cerrado,0001,Fisicoquimico y Microbiologico,Muestreo 1.7,0,1
51613,DAGUA,JUNTA DE ACCIÓN COMUNAL EL DIVISO,PTAP EL DIVISO,3,,,,,,Sin dato,Sin observación técnica,Sin observación para clasificar,2026-03-03,30.22,20260303-6984-VIG,Aceptada,Cerrado,0004,Fisicoquimico y Microbiologico,Muestreo 1.7,0,1
145509,DAGUA,JUNTA DE ACCIÓN COMUNAL LA ESMERALDA,PTAP LA ESMERALDA,3,2026-01-28,DESFAVORABLE,DIEGO FERNANDO HOYOS TABORDA,61.18,1 SE DEBE IMPLEMENTAR DE CARÁCTER URGENTE LO DIFERENTE A LA DESINFECCIÓN 2 INSTALAR MACRO Y MICRO MEDICIÓN 3 DOCUMENTAR PROCEDIMIENTOS Y PROTOCOLOS 4 DIGITALIZAR PLANOS DEL SISTEMA 5 SE BRINDÓ CAPACITACIÓN AL PRESIDENTE SOBRE EL DECRETO 0294-2026 NO SE EVIDENCIA ZANCUDOS O LARVAS,Desinfección,Desinfección / cloración,"desinfeccion, desinfección. También menciona: Operación y mantenimiento",2026-05-20,57.55,20260520-8423-VIG,Aceptada,Cerrado,0002,Fisicoquimico y Microbiologico,Visita 1.2 + muestreo 1.7,1,2
135197,DAGUA,JUNTA DE ACCIÓN COMUNAL VEREDA BENHUR,"PTAL TANQUE 1 (ALTO), PTAP TANQUE 2 (BAJO).",3,2026-06-13,DESFAVORABLE,DIEGO FERNANDO HOYOS TABORDA,60.37,1. Se debe rehabilitar de manera urgente el sistema de desinfección. 2. Se debe instalar macromedición y micromedición. 3. Documentar los manuales de operación y mantenimiento del sistema. 4. Se brinda capacitación sobre decreto 0294/2016,Desinfección,Desinfección / cloración,"desinfeccion, desinfección. También menciona: Operación y mantenimiento",2026-05-05,56.74,20260505-8162-VIG,Aceptada,Cerrado,1902,Fisicoquimico y Microbiologico,Visita 1.2 + muestreo 1.7,1,1
135283,DAGUA,PARCELACIÓN EL CORTIJO DEL PALMAR,,3,,,,,,Sin dato,Sin observación técnica,Sin observación para clasificar,2026-05-13,0.00,20260513-8336-VIG,Aceptada,Cerrado,0002,Fisicoquimico y Microbiologico,Muestreo 1.7,0,1
87088,EL AGUILA,ACUEDUCTO RURAL ESPARTA,ACUEDUCTO RURAL VEREDA ESPARTA,1,2026-06-02,DESFAVORABLE,EDWARD RAUL JAIMES VERA,88.26,"SE DEBE ELABORAR Y PRESENTAR UN PLAN DE CUMPLIMIENTO EN EL QUE SE DESCRIBAN LAS ACCIONES A IMPLEMENTOS PARA MEJORAR LA CALIFICACIÓN DE LOS ÍTEMS EVALUADOS EN LA PRESENTE ACTA Y ASÍ MEJORAR LOS INDICADORES DE IRABA, IRCA Y BPS DE ESTA MANERA SE MEJORARÁ EL CONCEPTO SANITARIO, LA CALIDAD DEL AGUA QUE ENTREGA EL SISTEMA. EL PLAN DE CUMPLIMENTO DEBE SER PRESENTADO EN UN PLAZO DE TREINTA (30) DÍAS. NOTA: DECRETO DEPARTAMENTAL 0294/2016 NO HAY CRIADERO DE VECTORES.",Protección sanitaria,Protección sanitaria / fuente,"criadero, vectores",2026-01-27,91.24,20260127-6304-VIG,Aceptada,Cerrado,0002,Fisicoquimico y Microbiologico,Visita 1.2 + muestreo 1.7,1,1
116907,EL AGUILA,ASOCIACIÓN DE USUARIOS ACUEDUCTO EL NARANJO,ACUEDUCTO RURAL EL NARANJO,1,2026-05-07,DESFAVORABLE,EDWARD RAUL JAIMES VERA,60.20,"SE RECOMIENDA ORGANIZAR UNA JUNTA ADMINISTRATADORA DEL AGUA QUE SE ENCARGUE DE ADMINISTRAR Y OPERAR EL SISTEMA DE ABASTECIMIENTO, ASI COMO DESIGNAR A UN FONTANERO Y CON EL APOYO DE LA ADMINISTRACION MUNICIPAL SE ELABORE Y PRESENTE UN PLAN DE CUMPLIMIENTO EN EL QUE SE DESCRIBAN LAS ACCIONES A IMPLEMENTAR PARA MEJORAR LOS INDICADORES EVALUADOS DE IRABA,IRCA, Y BPS, PARA ASI MEJORAR EL CONCEPTO SANITARIO Y LA CALIDAD DEL AGUA DE CONSUMO. ANALIZAR LA POSIBILIDAD DE IMPLEMENTAR SOLUCIONES INDIVIDUALES PARA EL TRATAMIENTO DEL AGUA E INCLUIR EN EL PLAN DE CUMPLIMIENTO. EL TIEMPO PARA ELABORACION Y PRESENTACION DE PLAN DE CUMPLIMIENTO ES DE TREINTA DIAS. NOTA DEPORTAMENTAL 0294-2016 NO HAY CRIADERO DE VECTORES",Tratamiento,Tratamiento / filtración,"tratamiento, soluciones individuales. También menciona: Protección sanitaria / fuente, Operación y mantenimiento",2026-01-27,58.39,20260127-6312-VIG,Aceptada,Cerrado,0001,Fisicoquimico y Microbiologico,Visita 1.2 + muestreo 1.7,1,1
128788,EL AGUILA,ASOCIACION DE USUARIOS ACUEDUCTO LA ALBANIA,ACUEDUCTO RURAL LA ALBANIA,1,2026-01-29,DESFAVORABLE,EDWARD RAUL JAIMES VERA,58.39,"SE DEBE ELABORAR Y PRESENTAR UN PLAN DE CUMPLIMIENTO EN EL QUE SE DESCRIBAN LAS ACCIONES A REALIZAR PARA MEJORAR LA EVALUACIÓN DE LOS ÍTEMS CALIFICADOS CON 2, 4 O 10 PRESPECTIVAMENTE Y ASÍ MEJORAR LOS INDICADORES DE IRABA, BPS E IRCA Y POR CONSIGUIENTE EL CONCEPTO SANITARIO Y LA CALIDAD DE AGUA. SE RECOMIENDA ANALIZAR LA OPCIÓN DE IMPLEMENTAR SOLUCIONES INDIVIDUALES PARA EL TRATAMIENTO DEL AGUA . EL CUMPLIMIENTO DEBE PRESENTARSE EN UN PLAZO DE TREINTA (30) DÍAS DECRETO DEPARTAMENTAL 0294/2016 NO HAY CRIADERO DE VECTORES.",Tratamiento,Tratamiento / filtración,"tratamiento, soluciones individuales. También menciona: Protección sanitaria / fuente",2026-02-18,60.15,20260218-6782-VIG,Aceptada,Cerrado,0001,Fisicoquimico y Microbiologico,Visita 1.2 + muestreo 1.7,1,1
80785,EL AGUILA,ASOCIACIÓN DE USUARIOS DEL ACUEDUCTO CAÑAVERAL,ACUEDUCTO RURAL VEREDA CAÑAVERAL,1,2026-06-17,DESFAVORABLE,SAIR HAIRTON IBARGUEN RENTERIA,59.77,"DURANTE LA VISITA AL SISTEMA DE ABASTO SE IDENTIFICA QUE NO SE ESTA CLORANDO, ESTO DEBIDO A LOS ALTOS COSTOS DEL INSUMO, NO SE EVIDENCIA DOCUMENTACION REFERENTE A LA OPERACION Y MANTENIMIENTO DEL ACUEDUCTO RURAL, ADICIONAL LOS INDICADORES DEL IRABA, IRCA Y BPS SE ENCUENTRAN ALTOS ES NECESARIO ELABORAR PLAN DE ACCION Y MEJORAMIENTO DE ACUERDO A LOS ITEMS VALORADOS NEGATIVAMENTE EN LA PRESENTE ACTA # 0893 30 DIAS DE PLAZO ELABORACION, SE LAS ORIENTA SOBRE LA ADQUISICION DE DISPOSITIVOS INTRADOMICILIARIOS FILTROS DE AGUA, SE DEBE ADELANTAR LA GESTION. NOTA DECRETO DEPARTAMENTAL 0294-2016 NO SE EVIDENCIA CRIADEROS DE MOSQUITOS.",Tratamiento,Tratamiento / filtración,"filtro, dispositivos intradomiciliarios. También menciona: Protección sanitaria / fuente, Operación y mantenimiento",2026-01-27,66.40,20260127-6285-VIG,Aceptada,Cerrado,0002,Fisicoquimico y Microbiologico,Visita 1.2 + muestreo 1.7,1,1
91664,EL AGUILA,ASOCIACION DE USUARIOS DEL ACUEDUCTO DE LA CEDALIA,ASOCIACIÓN DE USUARIOS DEL ACUEDUCTO DE LA CEDALIA,1,,,,,,Sin dato,Sin observación técnica,Sin observación para clasificar,2026-02-18,60.15,20260218-6788-VIG,Aceptada,Cerrado,0002,Fisicoquimico y Microbiologico,Muestreo 1.7,0,1
86226,EL AGUILA,ASOCIACION DE USUARIOS DEL ACUEDUCTO DE LA LIBERTAD CATARINA,ASOCIACION DE USUARIOS DEL ACUEDUCTO DE LA LIBERTAD CATARINA,1,2026-02-20,DESFAVORABLE,SAIR HAIRTON IBARGUEN RENTERIA,94.57,"NO SE REALIZA DESINFECCIÓN DEBIDO A LOS ALTOS COSTOS ASÍ MISMO NO CUENTAN CON LA CASETA, EL AGUA VIENE DE FORMA DIRECTA DESDE EL DESARENADOR A LA RED DE DISTRIBUCIÓN, ESTUDIAR LA POSIBLIDAD DE ADQUIRIR DISPOSITIVOS PARA EL TRATAMIENTO DEL AGUA A NIVEL HOGAR, DOCUMENTAR CADA UNA DE LAS ACTIVIDADES DESARROLLADAS EN RELACIÓN CON LA OPERACIÓN Y MANTENIMIENTO DE LAS UNIDADES EXISTENTES NOTA: DECRETO DEPARTAMENTAL 0294/2016 NO SE EVIDENCIÓ CRIADEROS DE VECTORES",Desinfección,Desinfección / cloración,"desinfeccion, desinfección. También menciona: Tratamiento / filtración, Captación / bocatoma",2026-06-16,82.70,20260616-8874-VIG,Aceptada,Cerrado,0002,Fisicoquimico y Microbiologico,Visita 1.2 + muestreo 1.7,1,2
80376,EL AGUILA,ASOCIACION DE USUARIOS DEL ACUEDUCTO RURAL COMUNITARIO DE VEREDA SANTA MARTA,ACUEDUCTO RURAL VEREDA SANTA MARTA,1,2026-03-03,DESFAVORABLE,SAIR HAIRTON IBARGUEN RENTERIA,85.27,"DURANTE EL RECORRIDO POR LOS DIFERENTES UNIDADES QUE CONFORMAN EL SISTEMA SE EVIDENCIA QUE FALTA CERRAMIENTO PERIMETRAL, EL TANQUE CIRCULAR LA TAPA NO ENCAJA, SE EVIDENCIA QUE LAS ADECUACIONES PARA CONTROLAR LAS FILTRACIONES PERSENTA DETERIORO, ES NECESARIO DOCUMENTAR CADA UNA DE LAS ACTIVIDADES REALIZADAS EN LA OPERACION Y MANTENIMIENTO DE LAS UNIDADES, ELABORAR E IMPLEMENTAR PLAN DE CUMPLIMIENTO DE ACUERDO A LOS ITEM`S VALORADOS NEGATIVAMENTE Y PARCIALMENTE EN LA PRESENTE ACTA 30 DIAS. NOTA DECRETO 0294/2016 NO EXISTEN CRIADEROS DE MOSQUITO",Tratamiento,Tratamiento / filtración,"filtracion, filtración. También menciona: Tanque / almacenamiento, Protección sanitaria / fuente",2026-06-16,66.15,20260616-8884-VIG,Aceptada,Cerrado,0004,Fisicoquimico y Microbiologico,Visita 1.2 + muestreo 1.7,1,2
80781,EL AGUILA,ASOCIACION DE USUARIOS DEL ACUEDUCTO RURAL COMUNITARIO DEL CORREGIMIENTO LA MARIA,ACUEDUCTO LA AMRIA,1,2026-04-29,FAVORABLE CON REQUERIMIENTOS,SAIR HAIRTON IBARGUEN RENTERIA,30.07,"DURANTE LA VISITA AL SISTEMA DE ABASTECIMIENTO SE EVIDENCIA QUE LA FIME ESTA FUNCIONAL Y OPERANDO SIN NOVEDAD, AL MOMENTO DE LA VISITA SE LOGRA IDENTIFICAR, QUE SE ESTA REALIZANDO DESINFECCION. EN VISITA ANTERIOR SE HABIA SOLICITADO MEDIANTE ACTA # 0145 DEL 27/11/2025 PRESENTAR PLAN DE CUMPLIMIENTO EL CUL FUE ENVIADO AL CORREO DE LA UESVALLE ARO NORTE SI BIEN ESTA DETALLADA LAS ACCIONES POR REALIZAR ES NECESARIO QUE DENTRO DE DICHO PLAN DE CUMPLIMIENTO EL ACUEDUCTO ESTABLEZCA UNOS TIEMPOS DE CUMPLIMIENTO, ESTA MISA RESPUESTAS SE DARA VIA CORREO ELECTRONICO, RAZON POR LA CUAL DENTRO DE ESTE ACTA NO SE DEJARA PLAN DE CUMPLIMIENTO. NOTA : DECRETO DEPARTAMENTAL 0294/2016 NO SE EVIDENCIA CRIADERO DE VECTORES.",Desinfección,Desinfección / cloración,"desinfeccion, desinfección. También menciona: Protección sanitaria / fuente",2026-02-18,60.15,20260218-6772-VIG,Aceptada,Cerrado,0004,Fisicoquimico y Microbiologico,Visita 1.2 + muestreo 1.7,1,1
88332,EL AGUILA,ASOCIACION DE USUARIOS DEL ACUEDUCTO RURAL COMUNITARIO DEL CORREGIMIENTO QUIEBRA DE SAN PABLO,ACUEDUCTO LA QUIEBRA DE SAN PABLO,1,2026-04-28,DESFAVORABLE,SAIR HAIRTON IBARGUEN RENTERIA,76.06,"DURANTE LA VISTA AL SISTEMA DE ABASTO SE EVIDENCIA QUE NO SE ESTA CLORANDO LO CUAL NO PERMITE GARANTIZAR LA CALIDAD DE AGUA SUMINISTRADA A LA POBLACIÓN, ES NECESARIO ESTUDIAR ALTERNATIVAS, ASIMISMO ES NECESARIO DOCUMENTAR CADA UNA DE LOS ACCIONES Y/O ACTIVIDADES RELACIONADAS CON LA OPERACIÓN Y EL MANTENIMIENTO DEL SISTEMA DE ABASTO, SE DEBE ELABORAR E IMPLEMENTAR UN PLAN DE ACCIÓN CON BASE A LAS ITEM´S NEGATIVAMENTE EN LA PRESENTE ACTA PLAZO DE PRESETACIÓN 30 DÍAS. TENER PRESENTE EL MANTENIMIENTO PREVENTIVO DE LAS ESTRUCTURAS DEL SISTEMA DE ABASTECIMIENTO. NOTA: SE CAMBIO EL REPRESENTANTE LEGAL DEL ACUEDUCTO AHORA ES EL SEÑOR MARIO CARDONA CC: 6.272.970 NOTA: DECRETO DEPARTAMENTAL 0294/2016 NO SE EVIDENCIA CRIADERO DE VECTORES",Protección sanitaria,Protección sanitaria / fuente,"criadero, vectores. También menciona: Operación y mantenimiento, Gestión administrativa",2026-03-24,57.55,20260324-7360-VIG,Aceptada,Cerrado,0001,Fisicoquimico y Microbiologico,Visita 1.2 + muestreo 1.7,1,1
86214,EL AGUILA,ASOCIACION DE USUARIOS DEL ACUEDUCTO SANTA RITA - VILLANUEVA,ACUEDUCTO RURAL VILLANUEVA,1,2026-06-17,FAVORABLE CON REQUERIMIENTOS,SAIR HAIRTON IBARGUEN RENTERIA,21.77,"DURANTE LA VISITA AL SISTEMA DE ABASTO DE AGUA DE VILLANUEVA, SE REALIZA RECORRIDO POR LAS UNIDADES QUE CONFORMAN EL SISTEMA SE EVIDENCIA QUE SE ESTA REALIZANDO DESINFECCION DEL AGUA CON CLORO LOS FILTROS PRESENTAN DETERIORO, SE OBSERVA TANQUE DE ALMACENAMIENTO EN BUEN ESTADO. LOS PUNTOS DE MUESTREO DE ACUERDO A LOS PARAMETROS ESTABLECIDOS EN RES 811/2008, ES NECESARIO REALIZAR ADECUACIONES A LOS FILTROS PARA GARANTIZAR EL OPTIMO FUNCIONAMIENTO ELABORAR PLAN DE ACCION DE ACUERDO A LOS ITEMS VALORADOS NEGARTIVAMENTE EN LA PRESENTE ACTA 30 DIAS DE PLAZO.",Desinfección,Desinfección / cloración,"cloro, desinfeccion, desinfección. También menciona: Tratamiento / filtración, Tanque / almacenamiento",2026-01-27,60.58,20260127-6286-VIG,Aceptada,Cerrado,0003,Fisicoquimico y Microbiologico,Visita 1.2 + muestreo 1.7,1,1
81607,EL AGUILA,ASOCIACION DE USUARIOS VEREDA EL COFRE Y SAN JOSE - COLECTIVO COSTA,ASOCIACION DE USUARIOS DEL ACUDUCTO COLECTIVO-COSTA-QUEBRADA-CHORRITOS-SUPERFICIAL,1,2026-06-02,FAVORABLE CON REQUERIMIENTOS,SAIR HAIRTON IBARGUEN RENTERIA,40.70,"DURANTE LA VISITA SE EVIDENCIA QUE LOS FILTROS NO SE ENCUENTRAN FUNCIONALES DEBIDO A LAS ALTAS PRESIONES ROMPIO TUBERIAS, POR TAL RAZÓ EL FONTANERO DESCONECTO LA TUBERIA QUE IBA A LOS FILTROS ES NECESARIO DAR CUMPLIMIENTO A LOS ÍTEM´S VALORADAS NEGATIVAMENTE EN LA PRESENTE ACTA# 0888, CON EL FIN DE GARANTIZAR UNA BUENA CALIDFICACIÓN EN LOS INDICADORES DE IRCA, IRABA Y BPS, ELABORAR PLAN DE ACCIÓN Y/O MEJORAMIENTO AL ACUERDO A LAS ITEM´S VALORADOS NEGATIVAMENTE 30 DÍAS PLAZO ELABORACIÓN, ADICIONALEMENTE ES NECESARIO GARANTIZAR LA DESINFECCIÓN DE FORMA CONTINUA. NOTA=DECRETO DEPARTAMENTAL 0294/2016, NO SE EVIDENCIAN CRIADEROS DE VECTORES.",Desinfección,Desinfección / cloración,"desinfeccion, desinfección. También menciona: Tratamiento / filtración, Red / conducción",2026-05-20,56.73,20260520-8443-VIG,Aceptada,Cerrado,0002,Fisicoquimico y Microbiologico,Visita 1.2 + muestreo 1.7,1,1
0000111723,EL AGUILA,ASOCIACION MUNICIPAL DE ACUEDUCTOS COMUNITARIO RURALES AGUA Y VIDA-LA LINEA,ASOCIACION MUNICIPAL DE ACUEDUCTOS COMUNITARIOS RURALES AGUA Y VIDA,1,2026-06-23,DESFAVORABLE,EDWARD RAUL JAIMES VERA,79.14,SE DEBE ELABORAR Y PRESENTAR UN PLAN DE CUMPLIMIENTO EN EL QUE SE DESCRIBAN LAS ACTIVIDADES A REALIZAR PARA MEJORAR LA CALIFICACION DE LOS ITEMS EVALUADOS EN LA PRESENTE ACTA DE VISITA Y ASI MEJORAR LOS INDICADORES DE IRABA BPS E IRCA Y POR CONSIGUIENTE EL CONCEPTO SANITARIO T LA CALIDAD DEL AGUA DE MANERA PERMANENTE REALIZAR GESTIONES ANTE LA ADMINISTRACION MUNICIPAL PARA IMPLEMENTAR PROYECTOS DE MEJORA EN EL SISTEMA EL PLAN DE CUMPLIMIENTO DEBE SER PRESENTADO EN UN PLAZO DE 30 DIAS. DECRETO DEPARTAMENTAL 0294-2016 NO HAY CRIADERO DE VECTORES. EL SEÑOR TESORERO MANIFIESTA QUE EL ACUEDUCTO NO CUENTA CON RECURSOS PARA GARANTIZAR LA DESINFECION DEL AGUA DE MANERA PERMANENTE POR LOS ALTOS COSTOS DEL DESINFECTANTE.,Protección sanitaria,Protección sanitaria / fuente,"criadero, vectores. También menciona: Gestión administrativa",,,,,,,,Visita 1.2,1,0
111723,EL AGUILA,ASOCIACION MUNICIPAL DE ACUEDUCTOS RURALES AGUA Y VIDA - LA LINEA,ASOCIACION MUNICIPAL DE ACUEDUCTOS RURALES AGUA Y VIDA - LA LINEA,1,,,,,,Sin dato,Sin observación técnica,Sin observación para clasificar,2026-03-24,79.13,20260324-7356-VIG,Aceptada,Cerrado,0002,Fisicoquimico y Microbiologico,Muestreo 1.7,0,1
109476,EL AGUILA,EMPRESA COMUNAL SOLIDARIA SANTA CLARA DE LOS ACUEDUCTOS 1 Y 2 - LLANO GRANDE # 1,EMPRESA COMUNAL SOLIDARIA SANTA CLARA-ACUADUCTO SAN LUIS LLANOGRANDE #1,1,2026-03-24,DESFAVORABLE,SAIR HAIRTON IBARGUEN RENTERIA,47.62,"DURANTE LA VISITA SE EVIDENCIA QUE NO SE ESTA CLORANDO, POR LO TANTO NO SE PUEDE GARANTIZAR LA CALIDAD DEL AGUA QUE SE ESTE SUMINISTRANDO, LAS UNIDADES DE DESINFECCION PRESENTAN DETERIORO, ES NECESARIO ADELANTAR ACCIONES DE MANTENIMIENTO, LA BOCATOMA NO CUENTA CON CERRAMIENTO TIENE POLISOMBRA PARA EVISTAR QUE CAIGAN MATERIAL VEGETAL, LOS ENCARGADOS DEL ACUEDUCTO MANIFIESTAN QUE TUVIERAN UNA CONTINGENCIA EN LA TUBERIA PERO LOGRARON SUBSANAR GRACIAS AL CAMBIO, ES NECESARIO QUE EL ACUEDCTO REALIZAR PLAN DE ACCION Y/O MEJORAMIENTO DE ACUERDO A LAS PARAMETROS CALIFICADOS NEGATIVAMENTE EN LA PRESENTE ACTA 30 DIAS PARA ELABORACION. NOT: DECRETO DEPARTAMENTAL 0294/2016, NO SE EVIDENCIA CRIADERO DE VECTORES.",Desinfección,Desinfección / cloración,"desinfeccion, desinfección. También menciona: Captación / bocatoma, Red / conducción",2026-06-16,60.15,20260616-8875-VIG,Aceptada,Cerrado,0004,Fisicoquimico y Microbiologico,Visita 1.2 + muestreo 1.7,1,2
147215,EL AGUILA,EMPRESA COMUNAL SOLIDARIA SANTA CLARA DE LOS ACUEDUCTOS 1 Y 2 - LLANO GRANDE # 2,JUNTA DE ACCION COMUNAL LLANO GRANDE #2,1,2026-03-25,DESFAVORABLE,SAIR HAIRTON IBARGUEN RENTERIA,47.62,"DURANTE LA VISITA AL SISTEMA DE ABASTECIMIENTO SE IDENTIFICA QUE NO SE ESTA CLORANDO, SE PREGUTA EL PORQUE Y EL FONTANERO MANIFIESTA QUE DEBIDO A LOS COSTOS DEL CLORO NO SE SOSTENIBLE SE ORIENTA SOBRE LA POSIBLIDAD DE ADQUIR DISPOSITIVOS INTRADOMICILIARIOS PARA EL TRATAMIENTO DEL AGUA A NIVEL HOGAR. ES NECESARIO ELABORAR E IMPLEMENTAR PLAN DE ACCION Y/O MEJORA DE ACUEDO A LOS ITEM´S VALORADOS NEGATIVAMENTE EN LA PRESENTE ACTA PLAZO ELABORACIÓN 30 DÍAS NOTA =DECRETO DEPARTAMENTAL 0294/2016, NO SE EVIDENCIA CRIADEROS DE VECTORES",Desinfección,Desinfección / cloración,"cloro. También menciona: Tratamiento / filtración, Protección sanitaria / fuente",2026-06-16,22.55,20260616-8877-VIG,Aceptada,Cerrado,0002,Fisicoquimico y Microbiologico,Visita 1.2 + muestreo 1.7,1,2
86223,EL AGUILA,JUNTA ADMINISTRADORA ACUEDUCTO EL EMBAL,JUNTA ADMINISTRADORA ACUEDUCTO EL EMBAL,1,,,,,,Sin dato,Sin observación técnica,Sin observación para clasificar,2026-02-18,91.73,20260218-6791-VIG,Aceptada,Cerrado,0001,Fisicoquimico y Microbiologico,Muestreo 1.7,0,1
148293,EL AGUILA,"JUNTA ADMINISTRADORA DEL ACUEDUCTO RURAL LA JUDEA ALTA, LA PALMERA Y EL BRILLANTE",ACUEDUCTO RURAL LA JUDEA ALTA #2,1,2026-02-11,FAVORABLE CON REQUERIMIENTOS,SAIR HAIRTON IBARGUEN RENTERIA,30.35,"DURANTE EL RECORRIDO POR EL SISTEMA SE EVIDENCIA QUE LA CASETA DE DESINFECCION SE ENCUENTRA EN MAL ESTADO ES NECESARIO REALIZAR ADECUACIONES, ES IMPORTATE DOCUMENTAR CADA UNA DE LAS ACTIVIDADES DE OPERACION Y MANTENIMIENTO DEL ACUEDUCTO, LOS SUSCRIPTORES CUENTAN CON DISPOSITIVOS INTRADOMICILIARIOS PARA EL TRATAMIENTO DEL AGUA A NIVEL HOGAR ES NECESARIO REFORZAR ORIENTACIONES SOBRE EL USO CORRECTO DE LOS FILTROS. NOTA: DECRETO DEPARTAMENTAL 0294-2016 NO SE EVIDENCIA CRIADERO DE VECTORES.",Desinfección,Desinfección / cloración,"desinfeccion, desinfección. También menciona: Tratamiento / filtración, Protección sanitaria / fuente",2026-05-20,0.00,20260520-8418-VIG,Aceptada,Cerrado,0002,Fisicoquimico y Microbiologico,Visita 1.2 + muestreo 1.7,1,1
81605,EL AGUILA,JUNTA ADMINISTRADORA DEL AGUA VEREDA LA GUERRA,ACUEDUCTO LA GUERRA,1,2026-06-03,DESFAVORABLE,SAIR HAIRTON IBARGUEN RENTERIA,58.44,"DURANTE EL RECORRIDO POR LOS UNIDADES QUE CONFORMAN EL SISTEMA DE ABASTO DE LA VDA LA GUERRA SE EVIDENCIAN QUE REALIZARAN ADECUACIONES CONDUCCION, CUENTA CON TANQUE PLASTICO COMO SEDIMENTADOR ANTES DE LLEGR AL DESARENADOR, UNO DE LOS TANQUES DE ALMACENAMIENTO DEJO DE FUNCIONAR DEBIDO AL DETERIORO, ES NECESARIO ELABORAR PLAN DE ACCION Y/O MEJORAMIENTO DE ACUERDO A LOS ITEMS VALORADOS NEGATIVAMENTE EN LA PRESENTA ACTA # 0889PLAZO 30 DIAS.",Tratamiento,Tratamiento / filtración,"sedimentador. También menciona: Captación / bocatoma, Tanque / almacenamiento",2026-05-20,56.73,20260520-8420-VIG,Aceptada,Cerrado,0001,Fisicoquimico y Microbiologico,Visita 1.2 + muestreo 1.7,1,1
99375,EL AGUILA,JUNTA DE ACCION COMUNAL VEREDA EL GUAYABO-SAN LUIS-EL SALADO,JUNTA DE ACCIÓN COMUNAL VEREDA EL GUAYABO,1,2026-03-05,DESFAVORABLE,SAIR HAIRTON IBARGUEN RENTERIA,76.05,"EL SISTEMA DE ABASTO NO REALIZA DISNFECCION, ELABORAR CRONOGRAMA DE MANTENIMIENTO PREVENTIVO DE LAS UNIDADES QUE COMPONEN EL SISTEMA, DOCUMENTAR CADA UNA DE LAS ACTIVIDADES Y PROCEDIMIENTOS DEL SISTEMA DE ABASTO, ESTO CON EL FIN DE MEJORAR LOS INDICADORES DE IRABA, IRCA Y BPS ES NECESARIO ELABORAR PLAN DE CUMPLIMIENTO 30 DIAS PARA ELABORAR PLAN.",Operación,Operación y mantenimiento,mantenimiento,2026-01-27,89.05,20260127-6300-VIG,Aceptada,Cerrado,0002,Fisicoquimico y Microbiologico,Visita 1.2 + muestreo 1.7,1,1
81103,EL AGUILA,JUNTA DE ACUEDUCTO LA JUDEA,ACUEDUCTO RURAL LA JUDEA BAJA #1,1,2026-02-11,FAVORABLE CON REQUERIMIENTOS,EDWARD RAUL JAIMES VERA,30.35,"FUERON ENTREGADAS SOLUCIONES INDIVIDUALES PARA EL TRATAMIENTO DEL AGUA A NIVEL DOMICILIARIO, LO QUE HA MEJORADO CONSIDERABLEMENTE LA CALIDAD DEL AGUA DE CONSUMO Y POR CONSIGUIENTE EL IRCA, SIN EMBARGO, SE DEBE ELABORAR UN PLAN DE CUMPLIMIENTO EN DONDE SE DESCRIBAN LAS ACCIONES A REALIZAR PARA MEJORAR LA EVALUCIÓN DE LOS INDICADORES DE IRABA Y BPS PARA ASÍ MEJOR Y MANTENER EL CONCEPTO SANITARIO. EL PLAN DE CUMPLIMIENTO DEBE PRESENTARSE EN TREINTA (30) DÍAS DECRETO DEPARTAMENTAL 0294/2016, NO HAY CRIADERO DE VECTORES.",Tratamiento,Tratamiento / filtración,"tratamiento, soluciones individuales. También menciona: Protección sanitaria / fuente",2026-05-20,0.00,20260520-8417-VIG,Aceptada,Cerrado,0004,Fisicoquimico y Microbiologico,Visita 1.2 + muestreo 1.7,1,1
145147,EL CAIRO,ACUEDUCTO RURAL EL DIAMANTE,ACUEDCUTO RURAL EL DIAMANTE,1,2026-06-17,DESFAVORABLE,EDWARD RAUL JAIMES VERA,77.93,"SE DEBE ELABORAR Y PRESENTAR UN PLAN DE CUMPLIMENTO EN EL QUE SE DESCRIBAN LAS ACCIONES A IMPLEMENTAR PARA MEJORAR LA CALIFICACIÓN DE LOS ITEMS EVALUCADOS EN LA PRESENTE ACTA DE LA VISITA, PARA ASÍ MEJORAR LOS INDICADORES DE IRCA, IRABA Y BPS Y POR CONSIGUIENTE MEJORAR EL CONCEPTO SANITARIO Y LA CALIDAD DEL AGUA DE MANERA PERMANENTE. EL PLAN DEBE SER PRESENTADO EN UN PLAZO DE TREINTA (30) DÍAS. NOTA: DECRETO DEPARTAMENTAL 0294/2016 NO HAY CRIADERO DE VECTORES. EL FONTANEROMANIFIESTA QUE NO CUENTA CON RECURSOS DEBIDO AL POCO NÚMERO DE SUSCRIPTORES Y QUE SE ADELANTA LA GESTIÓN PARA EL SUMINISTRO DE SOLUCIONES INDIVIDUALES PARA EL TRATAMIENTO DEL AGUA.",Tratamiento,Tratamiento / filtración,"tratamiento, soluciones individuales. También menciona: Protección sanitaria / fuente, Operación y mantenimiento",2026-03-25,79.13,20260325-7432-VIG,Aceptada,Cerrado,0001,Fisicoquimico y Microbiologico,Visita 1.2 + muestreo 1.7,1,1
109646,EL CAIRO,ACUEDUCTO RURAL LA CARBONERA,ACUEDUCTO RURAL LA CARBONERA,1,2026-02-05,DESFAVORABLE,SAIR HAIRTON IBARGUEN RENTERIA,61.39,"ESTUDIAR LA POSIBILIDAD DE ADQUIRIR DISPOSITIVOS INTRADOMICILIARIOS PARA EL TRATAMIENTO DEL AGUA A NIVEL HOGAR, ELABORAR Y PRESENTAR PLAN DE CUMPLIMIENTO DONDE DESCRIBAN LAS ACCIONES A CUMPLIR DE ACUERDO A CADA ITEM`S VALORADO NEGATIVAMENTE EN LA PRESENTE ACTA.",Tratamiento,Tratamiento / filtración,"tratamiento, dispositivos intradomiciliarios",2026-03-25,43.16,20260325-7433-VIG,Aceptada,Cerrado,0002,Fisicoquimico y Microbiologico,Visita 1.2 + muestreo 1.7,1,1
108897,EL CAIRO,ACUEDUCTO RURAL SAN JOSE #1,ACUEDUCTO SAN JOSE # 1,1,2026-02-05,FAVORABLE CON REQUERIMIENTOS,EDWARD RAUL JAIMES VERA,1.46,"ELABORAR Y PRESENTAR UN PLAN DE CUMPLIMIENTO EN EL QUE SE DESCRIBAN LAS ACCIONES A IMPLEMENTAR PARA LA CALIDAD DE LOS ÍTEMS VALORADOS CON 2, 4 O 10 EN LA PRESENTE ACTA; DE ESTA MANERA SE MEJORARÁ LA PUNTUACIÓN DE LOS INDICADORES DE IRCA, BPS Y REALIZANDO SEGUIMIENTO A LA OPERACIÓN Y MANTENIMIENTO DE LOS FILTROS CASEROS, MEJORARÁ EL IRCA Y POR CONSIGUIENTE EL CONCEPTO SANITARIO Y LA CALIDAD DEL AGUA DE CONSUMO. EL PLAN DE CUMPLIMIENTO DEBE PRESENTARSE EN UN PLAZP DE TREITA (30) DÍAS. DECRETO DEPARTAMENTAL 0294/2016, NO SE EVIDENCIAN CRIADEROS DE VECTORES",Tratamiento,Tratamiento / filtración,"filtro. También menciona: Protección sanitaria / fuente, Operación y mantenimiento",2026-05-26,0.00,20260526-8524-VIG,Aceptada,Cerrado,0004,Fisicoquimico y Microbiologico,Visita 1.2 + muestreo 1.7,1,1
119695,EL CAIRO,ACUEDUCTO RURAL SAN JOSE #2,ACUEDUCTO SAN JOSE # 2,1,2026-02-04,DESFAVORABLE,SAIR HAIRTON IBARGUEN RENTERIA,84.96,"SE EVIDENCIA ABANDO DEL ACUEDUCTO POR PARTE DE LA COMUNIDAD, PUES TODO RECAER SOBRE UNA PERSONA, ES NECESARIO ELABORAR E IMPLEMENTAR ACCIONES DE MEJORA, QUE PERMITEN GARANTIZAR QUE EL SUMINISTRO DE AGUA SEA DE BUENA CALIDAD, SE REQUIERE PLAN DE CUMPLIMIENTO CON EL FIN DE MEJORAR LA EVALUACION DE LOS INDICADORES DE IRCA, IRABA, Y BPS. DECRETO DEPARTAMENTAL 0294/2016. NO SE EVIDENCIA CRIADEROS DE VECTORES.",Protección sanitaria,Protección sanitaria / fuente,"criadero, vectores",2026-05-26,78.01,20260526-8526-VIG,Aceptada,Cerrado,0002,Fisicoquimico y Microbiologico,Visita 1.2 + muestreo 1.7,1,1
80062,EL CAIRO,ASOCIACION COMUNITARIA ADMINISTRADORA DEL ACUEDUCTO DE LA VEREDA DE LLANO GRANDE,ACUEDUCTO LLANO GRANDE,1,,,,,,Sin dato,Sin observación técnica,Sin observación para clasificar,2026-05-26,79.13,20260526-8528-VIG,Aceptada,Cerrado,0003,Fisicoquimico y Microbiologico,Muestreo 1.7,0,1
86230,EL CAIRO,ASOCIACION DE USUARIOS DEL ACUEDUCTO RURAL COMUNITARIO DE LAS VEREDAS LA ESTRELLA LUNA PARK,ACUEDUCTO LA ESTRELLA,1,,,,,,Sin dato,Sin observación técnica,Sin observación para clasificar,2026-03-25,57.55,20260325-7427-VIG,Aceptada,Cerrado,0004,Fisicoquimico y Microbiologico,Muestreo 1.7,0,1
91656,EL CAIRO,ASOCIACION DE USUARIOS DEL ACUEDUCTO RURAL COMUNITARIO DE LAS VEREDAS LA MIRANDA Y LA GUARDIA MUNICIPIO DE EL CAIRO,ASOCIACION DE USUARIOS DEL ACUEDUCTO RURAL COMUNITARIO DE LAS VEREDAS LA MIRANDA Y LA GUARDIA,1,2026-05-12,FAVORABLE CON REQUERIMIENTOS,EDWARD RAUL JAIMES VERA,0.00,"ELABORAR Y PRESENTAR UN PLAN DE CUMPLIMIENTO EN EL QUE SE DESCRIBAN LAS ACCIONES A IMPLEMENTAR PARA MEJORAR CON LA CALIFICACIÓN DE LOS ÍTEMS DE LA PRESENTE ACTA Y LOS INDICADORES DE LA MISMA COMO EL IRABA Y LAS BPS, YA QUE EL IRCA HA MEJORADO POR EL USO Y MANTEMINIENTO DADO A LAS SOLUCIONES INDIVIDUALES, EL PLAZO PARA LA PRESENTACIÓN DEL PLAN DE CUMPLIMIENTO ES DE TREINTA (30)DÍAS NOTA: DECRETO DEPARTAMENTAL N° 0294/2016 NO HAY CRIADERO DE VECTORES",Tratamiento,Tratamiento / filtración,soluciones individuales. También menciona: Protección sanitaria / fuente,2026-03-17,0.00,20260317-7272-VIG,Aceptada,Cerrado,0004,Fisicoquimico y Microbiologico,Visita 1.2 + muestreo 1.7,1,1
86229,EL CAIRO,ASOCIACIÓN DE USUARIOS DEL ACUEDUCTO RURAL COMUNITARIO DEL CORREGIMIENTO ALBAN AGUALBAN,ASOCIACION DE USUARIOS GESTORA DEL AGUA DEL ACUEDUCTO RURAL COMUNITARIO DEL CORREGIMIENTO DE ALBAN,1,,,,,,Sin dato,Sin observación técnica,Sin observación para clasificar,2026-05-26,78.01,20260526-8546-VIG,Aceptada,Cerrado,0002,Fisicoquimico y Microbiologico,Muestreo 1.7,0,2
12560,EL CAIRO,JUNTA ADMINISTRADORA ACUEDUCTO CAMELLONES ALTO,JUNTA ADMINISTRADORA ACUEDUCTO CAMELLONES,1,,,,,,Sin dato,Sin observación técnica,Sin observación para clasificar,2026-03-17,59.71,20260317-7270-VIG,Aceptada,Cerrado,0003,Fisicoquimico y Microbiologico,Muestreo 1.7,0,1
80740,EL CAIRO,JUNTA ADMINISTRADORA ACUEDUCTO CAMELLONES BAJO,ACUEDUCTO RURAL CAMELLONES PARTE BAJA,1,2026-03-27,DESFAVORABLE,SAIR HAIRTON IBARGUEN RENTERIA,79.14,"DURANTE LA VISITA AL SISTEMA DE ABASTO SE IDENTIFICA QUE LA COMUNIDAD FUE BENEFICIADA CON LA ENTREGA DE DISPOSITIVOS INTRADOMICILIARIOS PARA EL TRATAMIENTO DEL AGUA A NIVEL HOGAR HACE ALREDEDOR DE 8 MESES ES NECESARIO QUE EL ACUEDUCTO RURAL INFORME A LA UES VALLE SOBRE LAS PERSONAS BENEFICIARIAS ESTO CON EL FIN DE ARTICULAR ACCIONES Y TOMAR LA MUESTRA DE AGUA EN ESTOS DISPOSITIVOS, ELABORAR PLAN DE ACCION Y/O MEJORAMIENTO DE ACUERDO A LOS PUNTOS EVALUADOS NEGATIVAMENTE EN LA PRESENTE ACTA PLAZA 30 DIAS. NOTA: DECRETO DEPARTAMENTAL 0294-2016, NO SE EVIDENCIA CRIADERO DE VECTORES.",Tratamiento,Tratamiento / filtración,"tratamiento, dispositivos intradomiciliarios. También menciona: Red / conducción, Protección sanitaria / fuente",2026-03-17,79.13,20260317-7271-VIG,Aceptada,Cerrado,0006,Fisicoquimico y Microbiologico,Visita 1.2 + muestreo 1.7,1,1
80742,EL CAIRO,JUNTA ADMINISTRADORA ACUEDUCTO RURAL LA GUARDIA,JUNTA ADMINISTRADORA ACUEDUCTO RURAL LA GUARDIA,1,2026-05-12,FAVORABLE CON REQUERIMIENTOS,EDWARD RAUL JAIMES VERA,0.00,"DURANTE LA VISITA SE REVISA LA OPERACION Y MANTENIMIENTO DE FILTRO UBICADO EN LA VIVIENDA DEL FONTANERO EVIDENCIADO BUEN ESTADO DEL MISMO. SE DEBE ELABORAR Y PRESENTAR UN PLAN DE CUMPLIMIENTO EN DONDE SE DESCIBAN LAS ACCIONES A EMPRENDER PARA MEJORAR LOS ITEMS EVALUADOS EN LA PRESENTE VISITA Y POR CONSIGUIENTE DE LOS INDICADORES DE BPS, IRABA QUE HA VENIDO MEJORAANDO DEBIDO AL USO DE LAS SOLUCIONES INDIVIDUALES EL CUMPLIMIENTO DEBE SER PRESENTADO EN UN PLAZO DE 30 DIAS DECRECTO DEPARTAMENTAL 0294-16 NO HAY CRIADERO DE VECTORES.",Tratamiento,Tratamiento / filtración,"filtro, soluciones individuales. También menciona: Protección sanitaria / fuente, Operación y mantenimiento",2026-03-17,0.00,20260317-7283-VIG,Aceptada,Cerrado,0004,Fisicoquimico y Microbiologico,Visita 1.2 + muestreo 1.7,1,1
87885,EL CAIRO,JUNTA ADMINISTRADORA ACUEDUCTO RURAL LA PALMERA,ACUEDUCTO RURAL LA PALMERA,1,,,,,,Sin dato,Sin observación técnica,Sin observación para clasificar,2026-03-17,79.13,20260317-7294-VIG,Aceptada,Cerrado,0002,Fisicoquimico y Microbiologico,Muestreo 1.7,0,1
97365,EL CAIRO,JUNTA DE ACCION COMUNAL VEREDA ALTO BONITO,ACUEDUCTO ALTO BONITO,1,2026-03-23,DESFAVORABLE,SAIR HAIRTON IBARGUEN RENTERIA,73.38,"DURANTE EL RECORRIDO POR EL SISTEMA DE ABASTECIMIENTO SE PUDO ESTABLECER QUE EL ACUEDUCTO SE ENCUENTRA ADELANTANDO ADECUACIONES AL TANQUE DE ALMACENAMIENTO TODA VEZX QUE SE CREA NECESARIO PARA EL ALMACENAMIENTO SEGURO DEL AGUA, ASÍ MISMO SE PUDO EVIDENCIAR QUE LAS VIVIENDAS QUE SE ABASTECEN DEL ACUEDIUCTO CUETAN CON DISPOSITIVOS INTRADOMICILIARIOS PARA EL TRATAMIENTO DEL AGUA A NIVEL HOGAR, ES NECESARIO CONOCER LA BASE DE DATOS CON EL FIN QUE EL AGUA QUE SALE DE ESTOS DISPOSITIVOS SEA MUESTRIADO. PARA EL MEJORAMIENTO DE LOS INDICADORES DE IRABAS, IRCA Y BPS ES NECESARIO ELABORAR PLAN DE ACCIÓ Y/O MEJORAMIENTO DE ACUEDUCTO A LOS ITEM´S EVALUADOS NEGATIVAMENTE PLAZO 30 DÍAS. NOTA: DECRETO DEPARTAMENTAL 0294/2016, NO SE EVIDENCIA CRIADERO DE VECTORES",Tratamiento,Tratamiento / filtración,"tratamiento, dispositivos intradomiciliarios. También menciona: Tanque / almacenamiento, Protección sanitaria / fuente",2026-03-25,57.55,20260325-7429-VIG,Aceptada,Cerrado,0002,Fisicoquimico y Microbiologico,Visita 1.2 + muestreo 1.7,1,1
33513,EL CERRITO,ACUASALUD AUJI,ACUAAUJI,3,2026-04-15,FAVORABLE CON REQUERIMIENTOS,LAURA SOFIA LOPEZ CUNDUMI,24.74,-SE EVIDENCIA QUE EL SISTEMA DE DESINFECCION SE ENCONTRABA OPERANDO ADECUADAMENTE SIN EMBARGO LA CASITA PRESENTA FRACTURAS EN EL TECHO PERMITIENDO EL INGRESO DE LLUVIA Y EL AUMENTO DE TEMPERATURA FAVORECIENDO VOLATILIZACION DEL CLORO. -ESPACIOS LIBRES DE HUMO DE TABACO (LEY 1335 DE 2009 Y 2354 DE 2024) -NO SE OBSERVARON CRIADEROS DE ZANCUDOS (DECRETO 0296 DE 2016),Desinfección,Desinfección / cloración,"cloro, desinfeccion, desinfección. También menciona: Protección sanitaria / fuente",2026-05-25,0.00,20260525-8490-VIG,Aceptada,Cerrado,0011,Fisicoquimico y Microbiologico,Visita 1.2 + muestreo 1.7,1,2
36321,EL CERRITO,ACUAVALLE S.A. E.S.P. - SECCIONAL SANTA ELENA,ACUAVALLE S.A. E.S.P. - SANTA ELENA,3,2026-01-30,FAVORABLE,LAURA SOFIA LOPEZ CUNDUMI,0.00,- SE OBSERVA ESPACIO LIBRES DE HUMO LEY 1335 DE 2009 - NO SE OBSERVAN CRIADEROS DE ZANCUDOS DECRETO 0294 DE 2016 - SE OBSERVA VEGETACIÓN QUE OBSTACULIZA INGRESO - CERRAMIENTO DE LA PORTADA INCOMPLETO / DAÑADO - NO CUENTA CON DISPOSITIVO PARA DETERMINAR CLORO RESIDUAL EN RED - EL PUNTAJE DE LA OBSERVACIÓN 1.1 ES 50,Desinfección,Desinfección / cloración,"cloro. También menciona: Red / conducción, Protección sanitaria / fuente",2026-06-16,0.00,20260616-8888-VIG,Aceptada,Cerrado,0091,Fisicoquimico y Microbiologico,Visita 1.2 + muestreo 1.7,1,2
34209,EL CERRITO,ACUEDUCTO COMUNITARIO CARRIZAL,CARRIZAL,3,,,,,,Sin dato,Sin observación técnica,Sin observación para clasificar,2026-05-25,78.01,20260525-8492-VIG,Aceptada,Cerrado,2002,Fisicoquimico y Microbiologico,Muestreo 1.7,0,2
39038,EL CERRITO,ACUEDUCTO EL MORAL,ACUEDUCTO EL MORAL,3,2026-04-17,FAVORABLE,LAURA SOFIA LOPEZ CUNDUMI,0.00,1. Sistema de desinfección con cloro granulado al 70%. 2. Planta en condiciones óptimas de limpieza. 3. Requiere actualizar esquema de la planta y trazado de red conducción. 4. Espacios Libres de Humo de Tabaco (Ley 1335 de 2009 y Ley 2354 de 2024). 5. No se evidenciaron criaderos de zancudos. Se capacito a una (1) persona en el tema (Decreto 0294 de 2016).,Desinfección,Desinfección / cloración,"cloro, desinfeccion, desinfección. También menciona: Red / conducción, Protección sanitaria / fuente",2026-05-25,0.00,20260525-8495-VIG,Aceptada,Cerrado,0124,Fisicoquimico y Microbiologico,Visita 1.2 + muestreo 1.7,1,2
31395,EL CERRITO,ASOCIACION COMUNITARIA DE USUARIOS DE SERVICIOS PUBLICOS DOMICILIARIOS DEL CORREGIMIENTO DE EL PLACER MUNICIPIO DE EL CERRITO DEPARTAMENTO DEL VALLE DEL CAUCA E.S.P. AUSERPUB E.S.P.,AUSERPUB,3,2026-03-25,FAVORABLE,LAURA SOFIA LOPEZ CUNDUMI,0.00,"- SE ESTÁN CAMBIANDO PLACAS DE ASBESTO CEMENTO EN SEDIMENTADOR - SE RECOMIENDA ACTUALIZAR PLANOS EN FORMATO DIGITAL INDICANDO MATERIAL PVC, LONGITUD, INSTRUMENTACIÓN Y PUNTO DE MUESTREO - ESPACIOS LIBRES DE HUMO LEY 1335 DEL 2009 - NO SE IDENTIFICARON CRIADERO POTENCIALES DE ZANCUDO SE CAPACITARON DOS PERSONAS EN EL TEMA DEL DECRETO 0294 / 2016 - EL CLORIMETRO DIGITAL REQUIERE CALIBRACIÓN",Tratamiento,Tratamiento / filtración,sedimentador. También menciona: Protección sanitaria / fuente,2026-06-16,0.00,20260616-8906-VIG,Aceptada,Cerrado,0057,Fisicoquimico y Microbiologico,Visita 1.2 + muestreo 1.7,1,2
31842,EL CERRITO,ASOCIACION DE RECURSOS HIDRICOS NATURALES Y ACUEDUCTO DE LA VEREDA EL CASTILLO E.S.P - RINAUCA E.S.P,RINAUCA,3,2026-02-10,FAVORABLE,LAURA SOFIA LOPEZ CUNDUMI,0.00,• Se requiere actualizar planos. • Realizar muestreos periódicos con laboratorio autorizado por el INS. • Espacio libre de humos Ley 1335 de 2009 y Ley 2354 de 2026. • No se observan criaderos de zancudos decreto 0294 de 2016. • Se requiere enviar listado de laboratorios autorizados por el INS y qué parámetros se requieren.,Protección sanitaria,Protección sanitaria / fuente,criadero,2026-06-16,0.00,20260616-8886-VIG,Aceptada,Cerrado,0031,Fisicoquimico y Microbiologico,Visita 1.2 + muestreo 1.7,1,2
33508,EL CERRITO,ASOCIACION DE USUARIOS DEL ACUEDUCTO DE SANTA LUISA - ACUASANLU,SUPERFICIAL QUEBRADA CABUYAL,3,2026-04-15,,LAURA SOFIA LOPEZ CUNDUMI,,"El sistema de tratamiento tipo FIME sin medio filtrante, por lo cual, no cumple su función básica de remoción. -El sistema de desinfección se encontraba inhabilitado. -El medio hidrante (greca) se encuentra dispuesto en los alrededores de la planta. -Espacios libres de humo de tabaco Ley 1335 de 2009 y Ley 2354 de 2024. -Se evidencio espacio potencial para criadero de zancudos (Decreto 0294 de 2016)",Desinfección,Desinfección / cloración,"desinfeccion, desinfección. También menciona: Tratamiento / filtración, Red / conducción",2026-05-25,56.74,20260525-8487-VIG,Aceptada,Cerrado,0101,Fisicoquimico y Microbiologico,Visita 1.2 + muestreo 1.7,1,2
41579,EL CERRITO,ASOCIACION DE USUARIOS DEL ACUEDUCTO Y/O ALCANTARILLADO Y/O ASEO DE CAMPO ALEGRE - AUSERACA,AUSERACA,3,2026-02-19,FAVORABLE,LAURA SOFIA LOPEZ CUNDUMI,7.78,"• No se evidencia criaderos de zancudo, decreto 0294/2016. • Espacios libres de humo (Ley 1335 de 2009 y ley 2354 de 2024).",Protección sanitaria,Protección sanitaria / fuente,criadero,2026-06-16,0.00,20260616-8904-VIG,Aceptada,Cerrado,0143,Fisicoquimico y Microbiologico,Visita 1.2 + muestreo 1.7,1,1
37559,EL CERRITO,"ASOCIACION DE USUARIOS DEL ACUEDUCTO, ALCANTARILLADO Y/O ASEO DEL CORREGIMIENTO EL POMO VEREDAS ROSARIO-BOLIVIA MUNICIPIO EL CERRITO-VALLE DEL CAUCA - ACUAPORO",ACUAPORO,3,2026-03-07,FAVORABLE CON REQUERIMIENTOS,LAURA SOFIA LOPEZ CUNDUMI,0.00,- EL SISTEMA NO CUENTA CON PLANOS DE LA RED DE ADUCCIÓN Y LAS UNIDADES DE TRATAMIENTO. - ESPACIOS LIBRES DE HUMO LEY 1335/2009 - NO HAY CRIADEROS DE ZANCUDOS DECRETO 0298/2016 -NO CUENTA CON COMPARADOR DIGITAL PARA DETERMINAR CLORO EN RED,Desinfección,Desinfección / cloración,"cloro. También menciona: Tratamiento / filtración, Captación / bocatoma",2026-06-16,0.00,20260616-8880-VIG,Aceptada,Cerrado,6002,Fisicoquimico y Microbiologico,Visita 1.2 + muestreo 1.7,1,2
32189,EL CERRITO,ASOCIACION DE USUARIOS DEL SERVICIO DE AGUA POTABLE DE EL CASTILLO MUNICIPIO DE EL CERRITO ASOSEAGUAS - RECAHON,PTAP RECAHON,3,2026-05-05,FAVORABLE CON REQUERIMIENTOS,LAURA SOFIA LOPEZ CUNDUMI,0.00,-Se recomienda continuar con instalación de micromedidores y control de niveles y pérdidas en el tanque de almacenamiento con registros. -No se observan potenciales criaderos de zancudos de acuerdo 0294 del 2016. -Espacios libres de humo de tabaco Ley 1335 de 2009. -Adquirir comparador de cloro digital de campo. -Documentar procesos de limpieza y mantenimiento,Desinfección,Desinfección / cloración,"cloro. También menciona: Tanque / almacenamiento, Protección sanitaria / fuente",2026-06-16,0.00,20260616-8883-VIG,Aceptada,Cerrado,0032,Fisicoquimico y Microbiologico,Visita 1.2 + muestreo 1.7,1,2
33509,EL CERRITO,ASOCIACION DE USUARIOS DEL SERVICIO DE AGUA POTABLE Y ALCANTARILLADO DE TENERIFE,ASOUAT,3,2026-04-17,FAVORABLE CON REQUERIMIENTOS,LAURA SOFIA LOPEZ CUNDUMI,11.82,1. La planta se encuentra con sus procesos de mezcla rápida floculación y filtración inhabilitados por condiciones de desbordam9iento favorecido por las dinámicas de consumo de la comunidad y la falta de mecanismos de medición y control de caudal. 2. No se evidenciaron criaderos de zancudos. Se capacito a dos personas en el tema (Decreto 0294 de 2016). 3. Espacios Libres de Humo de Tabaco (Ley 1335 de 2009 y Ley 2354 de 2024).,Tratamiento,Tratamiento / filtración,"filtracion, filtración, flocul. También menciona: Protección sanitaria / fuente",2026-05-25,0.00,20260525-8518-VIG,Aceptada,Cerrado,0112,Fisicoquimico y Microbiologico,Visita 1.2 + muestreo 1.7,1,2
152043,EL CERRITO,JUNTA DE ACCIÓN COMUNAL VEREDA REGADEROS,ACUEDUCTO REGADEROS,3,2026-04-15,,LAURA SOFIA LOPEZ CUNDUMI,,"1. Siendo las 09:36 am del 15-04-2026 se identifica que la comunidad de Regaderos carece de un sistema de abastecimiento y tratamiento de agua para consumo humano, lo que representa un riesgo para la salud publica de aproximada mente 752 personas que habitan en el sector.",Tratamiento,Tratamiento / filtración,tratamiento,2026-05-25,0.00,20260525-8519-VIG,Aceptada,Cerrado,0001,Fisicoquimico y Microbiologico,Visita 1.2 + muestreo 1.7,1,1
69204,EL DOVIO,ACUEDUCTO COMUNITARIO AGUAS LA ALEJANDRÍA - LA HONDURA,ASOCIACION DE USUARIOS DEL ACUEDUCTO RURAL CAMPESINO VEREDA LA HONDURA,1,2026-02-20,DESFAVORABLE,ANA MILENA MENDEZ ARANA,70.58,"SE RECOMIENDA TENER EN CUENTA LA RES. 622/2020 CON EL FIN DE MEJORAR EN CALIDAD Y CANTIDAD ASI COMO LAS BPS VALORADAS EN 4 Y 2 VOLVERLAS CERO, SE RECOMIENDA GESTIONAR CON LA ADMINISTRACION MUNICIPAL DE EL DOVIO ACOGERSE A UN ESQUEMA DIFERENCIAL ACORDE A LAS CARACTERISTICAS DEL ACUEDUCTO. NOTA: DEC. 0294/2016 NO SE EVIDENCIA CRIADERO DE MOSQUITOS, SE BRINDAN INFORMACION SOBRE EL TEMA.",Protección sanitaria,Protección sanitaria / fuente,criadero. También menciona: Gestión administrativa,2026-03-16,79.13,20260316-7253-VIG,Aceptada,Cerrado,0002,Fisicoquimico y Microbiologico,Visita 1.2 + muestreo 1.7,1,1
117900,EL DOVIO,ACUEDUCTO RURAL LOS ZAINOS ALTOS,JUANTA ACCION COMUNAL LOS ZAINOS ALTOS,1,2026-05-13,DESFAVORABLE,ANA MILENA MENDEZ ARANA,45.05,"CON EL FIN DE MEJORAR EN CALIDAD Y CANTIDAD DEL AGUA PARA CONSUMO SE RECOMIENDA TENER EN CUENTA LA RES-622/20, ASI COMO LAS BPS VALORADAS EN 4-2 Y 1.5 SE DEBEN VOLVER CERO, DADO LO ANTERIOR Y EL VALOR DEL ULTIMO IRCA ALTO 45.045 DE SEPT/25 SE RECOMIENDA ELABORAR Y PRESENTAR PLAN DE MEJORAMIENTO CON EL FIN DE ELABORAR LOS HALLAZGOS PLAZO 30 DIAS. NOTA DEC 0294/2016, EN LA VISITA NO SE EVIDENCIO PRESENCIA DE MOSQUITOS - SE BRINDA INFORMACION.",Gestión administrativa,Gestión administrativa,plan de mejoramiento,2026-05-25,0.00,20260525-8477-VIG,Aceptada,Cerrado,0003,Fisicoquimico y Microbiologico,Visita 1.2 + muestreo 1.7,1,1
68801,EL DOVIO,ACUEDUCTO RURAL SANTA ELENA,ACUEDUCTO RURAL VEREDA SANTA ELENA,1,2026-02-11,,ANA MILENA MENDEZ ARANA,,"SE RECOMIENDA TENER EN CUENTA LA RES. 622/20 CON EL FIN DE MEJORAR EN CALIDAD Y CANTIDAD, ASI COMO LAS BPS VALORADAS EN 4 Y 2 VOLVERLAS CERO, SE RECOMIENDA QUE JUNTO CON LA ADMINISTRACION MUNICIPAL ACOGERSE A UN ESQUEMA DIFERENCIAL ACORDE A LAS CARACTERISTICAS DEL ACUEDUCTO- DEC 1898/2016. NOTA: DECRETO 0294-2016 NO SE EVIDENCIA CRIADEROS DE MOSQUITOS.",Protección sanitaria,Protección sanitaria / fuente,criadero. También menciona: Gestión administrativa,2026-02-16,94.57,20260216-6687-VIG,Aceptada,Cerrado,0001,Fisicoquimico y Microbiologico,Visita 1.2 + muestreo 1.7,1,1
111923,EL DOVIO,ACUEDUCTO RURAL VEREDA GUATEMALA,ACUEDUCTO RURAL VEREDA GUATEMALA,1,2026-02-21,DESFAVORABLE,ANA MILENA MENDEZ ARANA,69.65,"SE RECOMIENDA TENER EN CUENTA LA RES 622/2020 PARA MEJORAR EN CANTIDAD Y CALIDAD ASÍ COMO LAS BPS VALORADAS EN 4 Y 2, VOLVERLAS CERO. ADICINALMENTE SE RECOMIEDA GESTIONAR CON LA ADMINISTRACIÓN MUNICIPAL SISTEMAS INDIVIDUALES DE TRATAMIENTO CON EL FIN DE MEJORAR KA CALIDAD DE AGUA DE LA COMUNIDAD. NOTA: DEC 0294/2016 NO SE EVIDENCIÓ CRIADEROS DE MOSQUITOS SE BRINDA INFORMACIÓN SOBRE EL TEMA DE MOSQUITOS",Tratamiento,Tratamiento / filtración,"tratamiento. También menciona: Protección sanitaria / fuente, Gestión administrativa",2026-03-16,79.13,20260316-7252-VIG,Aceptada,Cerrado,0002,Fisicoquimico y Microbiologico,Visita 1.2 + muestreo 1.7,1,1
68994,EL DOVIO,ACUEDUCTO RURAL VEREDA LA MARÍA,ASOCIACION DE USUARIOS ACUEDUCTO RURAL COMUNITARIO VEREDA LA MARIA-EL MANATIAL,1,,,,,,Sin dato,Sin observación técnica,Sin observación para clasificar,2026-03-16,87.76,20260316-7250-VIG,Aceptada,Cerrado,0001,Fisicoquimico y Microbiologico,Muestreo 1.7,0,1
68463,EL DOVIO,ACUEDUCTO RURAL ZAINOS BAJOS,ACUEDUCTO RURAL VEREDA LOS ZAINOS BAJOS,1,2026-01-31,FAVORABLE CON REQUERIMIENTOS,ANA MILENA MENDEZ ARANA,0.68,"SE RECOMIENDA TENER EN CUENTA LA RES 622/2020 CON EL FIN DE MEJORAR EN CALIDAD Y CANTIDAD, ASÍ MISMO LAS BPS VALORADOS EN 4 Y 2 SE DEBEN VOLVER CERO, ADEMÁS GENERAR JUNTO CON LA ADMINISTRACIÓN MUNICIPAL BAJO QUE ESQUEMA VAN A CONTINUAR TRABAJANDO DE ACUERDO CON DEC 1898/2016- ESQUEMAS DIFERENCIALES DECRETO DEPARTAMENTAL 0294/2016 NO HAY CRIADERO DE VECTORES",Protección sanitaria,Protección sanitaria / fuente,"criadero, vectores. También menciona: Gestión administrativa",2026-05-25,0.00,20260525-8480-VIG,Aceptada,Cerrado,0004,Fisicoquimico y Microbiologico,Visita 1.2 + muestreo 1.7,1,1
69051,EL DOVIO,ASOCIACION DE USUARIOS DEL ACUEDUCTO RURAL COMUNITARIO DE LA VEREDA EL CRUCERO,ACUEDUCTO EL CRUCERO,1,2026-05-07,DESFAVORABLE,ANA MILENA MENDEZ ARANA,89.18,"FIN LA VISITA SE REFIRIA QUE NO ESTAN REALIZANDO PROCESO DE DEINFECCION Y NO CUENTAN CON SISTEMAS INDIVIDUALES DE TRATAMIENTO, POR LO ANTERIOR SE RECOMIENDA TENER EN CUENTA LAS BPS VALORADAS EN 4-2 Y 1.5 SE DEBEN VOLVER CERO Y DADO EL VALOR DEL IRCA 94.57% DE FEB-26 SE RECOMIENDA DEBORAR Y PRESENTAR PLAN DE MEJORAMIENTO PARA ABORDAR LAS SITUACIONES ENCONTRADAS Y MEJORAR EN CALIDAD Y CANTIDAD PLAZO 30 DIAS. NOTA : SE RECOMIENDA AJUSTAR EL NOMBRE DEL ACUEDUCTO DE ACUERDO AL REGISTRO RUES-NIT ASI AJUSTAR # DE USUARIOS. DEC 0294-2016 EN LA VISITA NO SE EVIDENCIO PRESENCIA DE MOSQUITOS, SE BRINDA INFORMACION.",Tratamiento,Tratamiento / filtración,tratamiento. También menciona: Gestión administrativa,2026-02-16,94.57,20260216-6691-VIG,Aceptada,Cerrado,0002,Fisicoquimico y Microbiologico,Visita 1.2 + muestreo 1.7,1,1
104340,EL DOVIO,ASOCIACION DE USUARIOS DEL ACUEDUCTO RURAL COMUNITARIO DE LA VEREDA EL GUADUAL AGUA BONITA,ASOCIACION DE USUARIOS DEL ACUEDUCTO RURAL COMUNITARIO DE LA VEREDA EL GUADUAL AGUA BONITA,1,2026-05-12,DESFAVORABLE,ANA MILENA MENDEZ ARANA,88.53,"EN VISITA AL SISTEMA DE ABASTO; SE VERIFICA QUE LOS USUARIOS ESTAN USANDO EL FILTRO TIPO EKOFIL, ENTREGAS POR LA UES VALLE EN EL CONVENIO CON LA FUNDACIÓN CELSIA ARGO, EN EL MES DE DICIEMBRE DE 2025; SE HACE RECOMENDACIONES EN OPERACIÓN Y MANTENIMIENTO, DADO LO ANTERIOR Y TENIENDO EN CUENTA LAS BPS VALORADAS EN 4-2-1.5. SE RECOMIENDA VOLVERLAS CERO, POR ELLO SE RECOMIENDA ELABORAR Y PRESENTAR PLAN DE MEJORAMIENTO PLAZO 30 DÍAS. NOTA:DEC 0294/2016 NO SE EVIDENCIA EN EL RECORRIDO CRIADEROS DE MOSQUITOS, SE BRINDA INFORMACIÓN AL RESPECTO",Tratamiento,Tratamiento / filtración,"filtro. También menciona: Protección sanitaria / fuente, Operación y mantenimiento",,,,,,,,Visita 1.2,1,0
104339,EL DOVIO,ASOCIACIÓN DE USUARIOS DEL ACUEDUCTO RURAL COMUNITARIO DE LA VEREDA EL LULAR AGUAS LULAREÑAS,ASOCIACION DE USUARIOS DEL ACUDUCTO RURAL COMUNITARIO VEREDA EL LULAR,1,2026-05-20,DESFAVORABLE,ANA MILENA MENDEZ ARANA,84.06,"EN LA VISITA SE VERIFICA QUE EL SISTEMA DE ABASTO NO REALIZA NINGUN TIPO DE TRATAMIENTO DEL AGUA PARA CONSUMO; POR LO ANTERIOR Y TENIENDO EN CUENTA LAS BPS VALORADAS EN 4-2 Y 1.5 SE RECOMIENDA VOLVERLAS CERO, ADEMAS EL ULTIMO IRCA DE FEB/2026 94.57 INVIABLE SANITARIAMENTE; SE RECOMIENDA ELABORAR Y PRESENTAR PLAN DE MEJORAMIENTO QUE ABORDE LO HALLADO EN LA VISITA CON EL FIN DE MEJORAR EN CALIDAD Y CANTIDAD PLAZO 30 DIAS.",Tratamiento,Tratamiento / filtración,tratamiento. También menciona: Gestión administrativa,2026-02-16,94.57,20260216-6688-VIG,Aceptada,Cerrado,0002,Fisicoquimico y Microbiologico,Visita 1.2 + muestreo 1.7,1,1
68462,EL DOVIO,ASOCIACIÓN DE USUARIOS DEL ACUEDUCTO RURAL COMUNITARIO DE LA VEREDA LA CABAÑA AGUAS LA ESPERANZA,ACUEDUCTO LA CABAÑA,1,2026-01-26,DESFAVORABLE,ANA MILENA MENDEZ ARANA,90.52,"CON EL FIN DE MEJORAR EN CALIDAD Y CALIDAD SE RECOMIENDA TENER EN CUENTA LA RES 622/20, ASÍ COMO LAS BPS VALORADAS EN 4 -2 SE DEBEN VOLVER CERO ADICIONALEMENTE EN OCT 2025 CELSIA HIZO ENTREGA DE FILTROS TIPO EKOFIL- TOTAL 20 INCLUIDA LA ESCUELA. DECRETO DEPARTAMENTAL 0294/2016 NO HAY CRIADERO DE VECTORES",Tratamiento,Tratamiento / filtración,filtro. También menciona: Protección sanitaria / fuente,2026-02-16,0.00,20260216-6700-VIG,Aceptada,Cerrado,0007,Fisicoquimico y Microbiologico,Visita 1.2 + muestreo 1.7,1,1
68860,EL DOVIO,ASOCIACION DE USUARIOS DEL ACUEDUCTO RURAL COMUNITARIO DE LA VEREDA TOLDA FRIA -CASA VERDE,ASOCIACION DE USUARIOS DEL ACUEDUCTO RURAL COMUNITARIO DE LA VEREDA TOLDA FRIA,1,2026-02-27,DESFAVORABLE,ANA MILENA MENDEZ ARANA,62.41,"SE RECOMIENDA TENER EN CUENTA LA RES 62/2020 CON EL FIN DE MEJORAR EN CALIDAD Y CANTIDAD, ASI COMO LAS BPS VALORADAS EN 4 Y 2 SE DEBEN VOLVER CERO; DADO LO ANTERIOR Y TENIENDO EN EL CUENTA EL VALOR DE IRCA 62.41% DEL 20 DE OCT /25 -ALTO RIESGO. SE RECOMIENDA ELABORAR PLAN DE CUMPLIMIENTO PARA ABORDAR FALENCIAS Y MEJORAR LA CALIDAD DEL AGUA DE CONSUMO DE LA COMUNIDAD: PLAZO DE 30 DÍAS PARA LA ENTREGA DEL PLAN DE CUMPLIMIENTO. NOTA: DEC 0294/2016 NO SE EVIDENCIÓ CRIADERO DE MOSQUITOS, SE BRINDA INFORMACIÓN SOBRE EL TEMA DE CRIADEROS.",Protección sanitaria,Protección sanitaria / fuente,criadero,2026-03-16,57.55,20260316-7248-VIG,Aceptada,Cerrado,0002,Fisicoquimico y Microbiologico,Visita 1.2 + muestreo 1.7,1,1
68491,EL DOVIO,ASOCIACION DE USUARIOS DEL ACUEDUCTO RURAL COMUNITARIO DEL CORREGIMIENTO DE BITACO,ACUEDUCTO RURAL VEREDA BITACO,1,2026-02-28,,ANA MILENA MENDEZ ARANA,,"SE RECOMIENDA TENER EN CUENTA LA RES 622/2020 CON EL FIN DE MEJORAR EN CALIDAD Y CANTIDAD ASI COMO LAS BPS VALORADAS EN 4 Y 2 VOLVERLAS CERO, DADO LO ANTERIOR SE RECOMIENDA ELABORAR PLAN DE CUMPLIMIENTO CON EL FIN DE MEJORAR LA CALIDAD DEL AGUA DE CONSUMO PLAZO 30 DIAS PARA LA ENTREGA DEL PLAN",Seguimiento,Seguimiento / verificación técnica,Requiere lectura técnica de la observación,2026-03-16,57.55,20260316-7245-VIG,Aceptada,Cerrado,0003,Fisicoquimico y Microbiologico,Visita 1.2 + muestreo 1.7,1,1
113482,EL DOVIO,ASOCIACION DE USUARIOS DEL ACUEDUCTO RURAL COMUNITARIO VEREDA LA ESPERANZA AGUAS DEL DANUBIO,ASOCIACION DE USUARIOS DEL ACUEDUCTO RURAL COMUNITARIO VEREDA LA ESPERANZA AGUAS DEL DANUBIO,1,2026-06-04,DESFAVORABLE,ANA MILENA MENDEZ ARANA,69.47,"EN LA VISITA SE VERIFICA QUE NO REALIZAN NINGUN PROCESO DE TRATAMIENTO, SE RECOMIENDA TENER EN CUENTA A LA RES. 622/2020 CON EL FIN DE MEJORAR LA CALIDAD DEL AGUA DE CONSUMO, ADEMAS TENER EN CUENTA LAS BPS VALORADAS EN 4-3 Y 1.5 SE DEBEN VOLVER CERO, DADO LO ANTERIOR, Y TENIENDO EN CUENTA EL ULTIMO VALOR DEL IRCA DEL MES DE DICIEMBRE/2025-76.92%, SE RECOMIENDA ELABORAR Y PRESENTAR PLAN DE MEJORAMIENTO, PARA EL DEBIDO SEGUIMIENTO. PLAZO 30 DIAS. NOTA: DEC 0294/2016, EN EL RECORRIDO NO SE EVIDENCIO PRESENCIA DE MOSQUITOS.",Tratamiento,Tratamiento / filtración,tratamiento. También menciona: Gestión administrativa,,,,,,,,Visita 1.2,1,0
117878,EL DOVIO,CORPORACION NO NACIONAL AMBIENTAL PECUARIA Y AGRICOLA DE BELLAVISTA CAMPAB- BELLAVISTA TANQUE # 1,CORPORACION NACIONAL PECUARIA Y AGRICOLA VEREDA BELLAVISTA,1,2026-05-06,FAVORABLE CON REQUERIMIENTOS,ANA MILENA MENDEZ ARANA,0.00,"EN LA VISITA SE EVIDENCIA QUE LA COMUNIDAD CUENTA CON FILTROS TIPO EKOFIL, SE REALIZA VERIFICACIÓN Y SE OBSERVA QUE SE DEBE FORTALECER CAPACIDADES EN OPERACIÓN Y MANTENIMIENTO; ADICIONALMENTE SE RECOMIENDA TENER EN CUENTA LAS BPS VALORADAS EN 4, 2 Y 1.5 CON EL FIN DE VOLVER LAS CERO, DADO LO ANTERIOR SE RECOMIENDA ELABORAR Y PRESENTAR PLAN DE MEJORAMIENTO CON EL FIN DE ABORDAR LAS HALLAZGOS. PLAZO 30 DÍAS NOTA: SE RECOMIENDA AJUSTAR EL NOMBRE DEL ACUEDUCTO AL REGISRO NIT NOTA:DEC 0294/2016, EN LA VISITA NO SE EVIDENCIÓ PRESENCIA MOSQUITOS SE BRINDA INFORMACIÓN AL RESPECTO",Tratamiento,Tratamiento / filtración,"filtro. También menciona: Operación y mantenimiento, Gestión administrativa",2026-05-25,0.00,20260525-8469-VIG,Aceptada,Cerrado,0003,Fisicoquimico y Microbiologico,Visita 1.2 + muestreo 1.7,1,1
117882,EL DOVIO,CORPORACION NO NACIONAL AMBIENTAL PECUARIA Y AGRICOLA DE BELLAVISTA CAMPAB- BELLAVISTA TANQUE # 2,CORPORACION NO NACIONAL AMBIENTAL AGRICOLA Y PECUARIA VEREDA BELLAVISTA #2,1,2026-05-06,FAVORABLE CON REQUERIMIENTOS,ANA MILENA MENDEZ ARANA,36.95,"AL REALIZAR LA VISITA SE VERIFICA QUE LA COMUNIDAD CUENTA CON FILTROS CASEROS TIPO EKOFIL, SE RECOMIENDA FORTALECER CONOCIMIENTOS EN OPERACIÓN Y MANTENIMIENTO DE ESTAS UNIDADES DE ABASTECIMIENTO, SE RECOMIENDA TENER EN CUENTA LAS BPS VALORADAS EB 4 -2 Y 1.5, SE DEBN VOLVER CERO, DADO LO ANTERIOR SE RECOMIENDA ELABORAR PLAN DE MEJORAMIENTO QUE ABORDE LOS HALLAZGOS PARA SEGUIMIENTOP PLAZO 30 DIAS. NOTA: SE RECOMIENDA AJUSTAR EL NOMRE DEL ACUEDUCTO ACORDE AL REGISTRO NIT: ASI COMO ACTUALIZAR EL CORREO ELECTRONICO. DEC 294/2016 EN LA VISITA NO SE EVIDENCIO PRESENCIA DE MOSQUITOS, SE BRINDA INFORMACION AL RESPETO.",Tratamiento,Tratamiento / filtración,"filtro. También menciona: Operación y mantenimiento, Gestión administrativa",2026-05-25,0.00,20260525-8471-VIG,Aceptada,Cerrado,SD,Fisicoquimico y Microbiologico,Visita 1.2 + muestreo 1.7,1,1
117886,EL DOVIO,CORPORACION NO NACIONAL AMBIENTAL PECUARIA Y AGRICOLA DE BELLAVISTA CAMPAB- BELLAVISTA TANQUE # 3,"CORPORACION NACIONAL AMBIENTAL, AGRICOLA Y PECUARIA VEREDA BELLA VISTA #3",1,2026-05-07,FAVORABLE CON REQUERIMIENTOS,ANA MILENA MENDEZ ARANA,0.00,"DE ACUERDO A LA VISITA SE VERIFICA QUE LA COMUNIDAD CUENTA CON FILTROS CASEROS TIPO EKOFIL, SE RECOMIENDA FORTALECER CONOCIMIENTOS EN OPERACION Y MANTENIMIENTO; Y TENIENDO EN CUENTA LA VALORACION DE LAS BPS EN 4-2 Y 1.5 SE RECOMIENDA ELABORAR Y PRESENTAR PLAN DE MEJORAMIENTO QUE ABORDE LOS HALLAZGOS PARA SEGUIMIENTO PLAZO 30 DIAS. NOTA: SE RECOMIENDA AJUSTAR EL NOMRE DEL ACUEDUCTO ACORDE AL REGISTRO NIT: ASI COMO ACTUALIZAR EL CORREO ELECTRONICO. DEC 294/2016 EN LA VISITA NO SE EVIDENCIO PRESENCIA DE MOSQUITOS, SE BRINDA INFORMACION AL RESPETO.",Tratamiento,Tratamiento / filtración,"filtro. También menciona: Operación y mantenimiento, Gestión administrativa",2026-05-25,0.00,20260518-8472-VIG,Aceptada,Cerrado,0003,Fisicoquimico y Microbiologico,Visita 1.2 + muestreo 1.7,1,1
68490,EL DOVIO,JUNTA ADMINISTRADORA DEL ACUEDUCTO CALLE LARGA,ACUEDUCTO RURAL VEREDA CALLE LARGA,1,2026-05-12,DESFAVORABLE,ANA MILENA MENDEZ ARANA,91.14,"EN EL RECORRIDO SE VERIFICA QUE NO REALIZAN PROCESO DE DEINFECCION, NO HAY NINGUN TIPO DE TRATAMIENTO; POR LO ANTERIOR Y TENIENDO EN CUENTA EL VALOR DEL ULTIMO IRCA 85.31 DE DIC/25 INVIABLE SANITARIAMENTE SE RECOMIENDA TENER EN CUENTA EN CUENTA LAS BPS VALORADAS EN 4-2 Y 1.5 SE RECOMIENDA VOLVERLAS CERO, POR LO ANTERIOR SE RECOMIENDA ELABORAR Y PRESENTAR PLAN DE MEJORAMIENTO QUE ABORDE LOS HALLAZGOS CON EL FIN DE MEJORAR EN CALIDAD Y CANTIDAD. PLAZO 30 DIAS. NOTA DEC 0294-2016 EN LA VISITA NO SE EVIDENCIA CRIADERO DE MOSQUITOS SE BRINDA INFORMACION.",Tratamiento,Tratamiento / filtración,"tratamiento. También menciona: Protección sanitaria / fuente, Gestión administrativa",,,,,,,,Visita 1.2,1,0
68911,EL DOVIO,JUNTA DE ACCIÓN COMUNAL LAS VUELTAS,J.A.C. VEREDA LAS VUELTAS,1,2026-02-11,DESFAVORABLE,ANA MILENA MENDEZ ARANA,89.22,"SE RECOMIENDA TENER EN CUENTA LA RES 622/2020 CON EL FIN DE MEJORAR EN CALIDAD Y CANTIDAD, ASÍ COMO LAS BPS VALORADAS EN 4 Y 2, VOLVERLAS CERO, EN LA VISITA SE VERIFICA QUE LA COMUNIDAD CUENTA CON FILTRO EKOFIL ENTREGADO POR LA FUNDACIÓN CELSIA, ARGOS EN MAYO DEL AÑO 2025. NOTA: DECRETO 029/2016 NO SE EVIDENCIÓ CRIADEROS DE VECTORES",Tratamiento,Tratamiento / filtración,filtro. También menciona: Protección sanitaria / fuente,,,,,,,,Visita 1.2,1,0
43444,FLORIDA,ACUALIBANO,ACUALIBANO,3,,,,,,Sin dato,Sin observación técnica,Sin observación para clasificar,2026-06-23,,20260623-9036-VIG,Aceptada,Abierto,0002,Fisicoquimico y Microbiologico,Muestreo 1.7,0,3
40567,FLORIDA,ASOCIACION CAMPESINA PARA LA ADMINISTRACION DE LOS SERVICIOS BASICOS DEL CORREGIMIENTO DE LA DIANA MUNICIPIO DE FLORIDA VALLE - ASCORDI,ACUASALUD LA DIANA,3,2026-03-19,DESFAVORABLE,DIEGO FERNANDO MARMOLEJO CAMACHO,62.92,"SE REALIZA VISITA DEL ACUEDUCTO Y AL TRATAR DE INGRESAR A ZONA DEL RESGUARDO LOS CALEÑOS, LA COMUNIDAD INDIGENA NO PERMITE EL ACCESO, SE COMPROMETE LA JUNTA DEL ACUEDUCTO A TRAMITAR PERMISOS. SE INFORMA SOBRE MAL ESTADO DE LA BOCATOMA POR CRECIENTE DE LA QUEBRADA, QUE DAÑO LOS FILTROS Y SOCAVÓ BOCATOMA. SE REALIZA RECOMENDACIONES Y EDUCACION SANITARIA SOBRE LAS INFORMACIONES BRINDADAS POR LA JUNTA ADMINISTRADORA DEL ACUEDUCTO. SE DEBEN DAR CUMPLIMIENTO A LAS OBSERVACIONES 1.2 - 1.2 -1.3 -1.4 (IRABA) Y DE 2.1 A 4.8 (BPS. SE REALIZA EDUACACION SANITARIA EN EL DECRETO DEPARTAMENTAL 0294/2016 SOBRE CRIADERO DE AEDES.",Tratamiento,Tratamiento / filtración,"filtro. También menciona: Captación / bocatoma, Protección sanitaria / fuente",2026-03-10,21.58,20260310-7132-VIG,Aceptada,Cerrado,1803,Fisicoquimico y Microbiologico,Visita 1.2 + muestreo 1.7,1,2
37533,FLORIDA,ASOCIACION COMUNITARIA DE USUARIOS DEL ACUEDUCTO DE LOS CORREGIMIENTOS EL TAMBORAL LA UNION Y EL AGRADO FLORIDA VALLE - AUNITAMBO,AUNITAMBO,3,,,,,,Sin dato,Sin observación técnica,Sin observación para clasificar,2026-03-04,0.00,20260304-7041-VIG,Aceptada,Abierto,0081,Fisicoquimico y Microbiologico,Muestreo 1.7,0,1
36852,FLORIDA,ASOCIACION DE USUARIOS DEL ACUEDUCTO Y/O ALCANTARILLADO EL PEDREGAL E.S.P. - PRIMERA ETAPA,EL PEDREGAL PRIMERA ETAPA,3,,,,,,Sin dato,Sin observación técnica,Sin observación para clasificar,2026-06-23,,20260623-9039-VIG,Aceptada,Abierto,1503,Fisicoquimico y Microbiologico,Muestreo 1.7,0,2
31392,FLORIDA,ASOCIACION DE USUARIOS DEL ACUEDUCTO Y/O ALCANTARILLADO Y/O ASEO ACUALLANITO E.S.P EN LIQUIDACION,ACUALLANITO,3,,,,,,Sin dato,Sin observación técnica,Sin observación para clasificar,2026-03-04,0.00,20260304-7057-VIG,Aceptada,Cerrado,1202,Fisicoquimico y Microbiologico,Muestreo 1.7,0,2
104021,FLORIDA,JUNTA ADMINISTRADORA DE ACUEDUCTO SANTODOMINGO PARTE BAJA,,3,,,,,,Sin dato,Sin observación técnica,Sin observación para clasificar,2026-03-04,79.14,20260304-7056-VIG,Aceptada,Cerrado,2503,Fisicoquimico y Microbiologico,Muestreo 1.7,0,1
37018,FLORIDA,JUNTA DE ACCIÓN COMUNAL EL PEDREGAL SEGUNDA ETAPA,EL PEDREGAL SEGUNDA ETAPA,3,,,,,,Sin dato,Sin observación técnica,Sin observación para clasificar,2026-06-23,,20260623-9038-VIG,Aceptada,Abierto,0152,Fisicoquimico y Microbiologico,Muestreo 1.7,0,2
127149,GINEBRA,ACUEDUCTO BARRIO EL JARDÍN - CORREGIMIENTO COSTA RICA (ACUEDUCTO EL PIÑAL),ACUEDUCTO EL PIÑAL,3,2026-05-20,DESFAVORABLE,DIEGO ANDRES SANCHEZ MUÑOZ,54.17,SE DEBE REALIZAR UN PLAN DE MEJORAMIENTO PARA SUBSANAR LOS SIGUIENTES NUMERALES DE LA PRESENTE ACTA: -1.2 -2.1 -3.1 -4.1 -1.1 -2.2 -3.2 -4.2 -1.3 -2.3 -3.3 -4.3 -2.4 -4.5 -4.6 -4.8,Gestión administrativa,Gestión administrativa,plan de mejoramiento,2026-02-18,84.21,20260218-6784-VIG,Aceptada,Cerrado,0001,Fisicoquimico y Microbiologico,Visita 1.2 + muestreo 1.7,1,1
121406,GINEBRA,ACUEDUCTO COMUNITARIO ALTAMIRA,,3,2026-06-12,DESFAVORABLE,DIEGO ANDRES SANCHEZ MUÑOZ,71.37,REALIZAR UN PLAN DE MEJORAMIENTO PARA SUBSANAR LOS SIGUIENTES NUMERALES DE LA PRESENTE ACTA: -1.1 -2.1 -3.1 -4.1 -1.2 -2.2 -3.2 -4.2 -1.3 -2.3 -3.3 -4.3 -2.4 -4.5 -2.5 -4.6 -4.8,Gestión administrativa,Gestión administrativa,plan de mejoramiento,,,,,,,,Visita 1.2,1,0
114168,GINEBRA,ACUEDUCTO COMUNITARIO CANAIMA,ACUEDUCTO COMUNITARIO CANAIMA,3,2026-04-20,DESFAVORABLE,DIEGO ANDRES SANCHEZ MUÑOZ,94.57,Se debe realizar un plan de mejoramiento para subsanar los numerales: -1.1 No realiza filtración ni desinfección -1.2 No cuenta -1.4 24 horas -2.1 El sistema solo cuenta con bocatoma-Desarenador y tanque de almacenamiento -2.2 No cuenta -2.3 No cuenta -2.4 No se realiza -2.5 No cuenta -3.1 Cuenta con ventosas solo en aducción -3.2 No cuenta con certificación Sena -3.3 Sin equipos - No están materializados -4.1 No se llena bitácora -4.2 No se realiza -4.3 Sin procedimiento -4.4 Teléfono móvil -4.5 No cuenta -4.6 No se lleva registro -4.8 No se documenta,Desinfección,Desinfección / cloración,"desinfeccion, desinfección. También menciona: Tratamiento / filtración, Captación / bocatoma",,,,,,,,Visita 1.2,1,0
147289,GINEBRA,ACUEDUCTO LA MARIA - GINEBRA,LA MARIA,3,2026-05-15,DESFAVORABLE,DIEGO ANDRES SANCHEZ MUÑOZ,56.73,"Realizar un plan de mejoramiento para subsanar los siguientes numerales: 1,1 2,1 3,1 4,1 1,2 2,2 3,2 4,2 1,3 2,3 3,3 4,3 2,4 4,5 2,5 4,6 4,8",Gestión administrativa,Gestión administrativa,plan de mejoramiento,,,,,,,,Visita 1.2,1,0
110067,GINEBRA,ASOCIACION COMUNITARIA ADMINISTRADORA DEL SERVICIO DE VEREDA COMINAL,,3,2026-06-19,DESFAVORABLE,DIEGO ANDRES SANCHEZ MUÑOZ,73.38,REALIZAR UN PLAN DE MEJORAMIENTO PARA SUBSANAR LOS SIGUIENTES NUMERALES:,Gestión administrativa,Gestión administrativa,plan de mejoramiento,,,,,,,,Visita 1.2,1,0
122748,GINEBRA,"ASOCIACION COMUNITARIA DEL SERVICIO DE ACUEDUCTO Y ALCANTARILLADO BARRIO PUEBLO NUEVO, COSTA RICA, GINEBRA, VALLE - JUNCOSERVA",JUNCOSERVA,3,,,,,,Sin dato,Sin observación técnica,Sin observación para clasificar,2026-02-18,31.58,20260218-6787-VIG,Aceptada,Cerrado,0002,Fisicoquimico y Microbiologico,Muestreo 1.7,0,1
87884,GINEBRA,ASOCIACIÓN DE USUARIOS ACUEDUCTO COLECTIVO EL JARDÍN,ACUEDUCTO COLECTIVO - EL JARDIN,3,,,,,,Sin dato,Sin observación técnica,Sin observación para clasificar,2026-05-19,56.74,20260519-8415-VIG,Aceptada,Cerrado,0001,Fisicoquimico y Microbiologico,Muestreo 1.7,0,1
66826,GINEBRA,ASOCIACIÓN DE USUARIOS ACUEDUCTO RURAL COMUNITARIO COCUYOS,,3,2026-06-19,FAVORABLE CON REQUERIMIENTOS,DIEGO ANDRES SANCHEZ MUÑOZ,22.90,"SE DEBE REALIZAR UN PLAN DE MEJORAMIENTO PARA SUBSANAR LOS NUMERALES DE LA PRESENTE ACTA: -1.1, 1.2, 1.3 -2.1, 2.2, 2.3, 2.4, 2.5 -3.1, 3.2, 3.3 -4.1, 4.2, 4.3, 4.5, 4.6, 4.8",Gestión administrativa,Gestión administrativa,plan de mejoramiento,,,,,,,,Visita 1.2,1,0
67235,GINEBRA,ASOCIACIÓN DE USUARIOS DEL ACUEDUCTO DEL CORREGIMIENTO LA SELVA - ASUACLAS,ACUEDUCTO LA SELVA - ASUACLAS,3,,,,,,Sin dato,Sin observación técnica,Sin observación para clasificar,2026-06-17,60.15,20260617-8953-VIG,Aceptada,Cerrado,0002,Fisicoquimico y Microbiologico,Muestreo 1.7,0,1
67172,GINEBRA,ASOCIACION DE USUARIOS DEL SERVICIO DE AGUA POTABLE Y/O ALCANTARILLADO Y/O ASEO DEL CORREGIMIENTO DE COSTA RICA - MUNICIPIO DE GINEBRA - ASUALCAN,ASUALCAN ESP,3,,,,,,Sin dato,Sin observación técnica,Sin observación para clasificar,2026-06-17,0.00,20260617-8963-VIG,Aceptada,Cerrado,0001,Fisicoquimico y Microbiologico,Muestreo 1.7,0,1
66827,GINEBRA,ASOCIACION JUNTA ADMINISTRADORA DEL ACUEDUCTO DE LA VEREDA PATIO BONITO,ACUEDUCTO VEREDA PATIO BONITO,3,2026-05-26,DESFAVORABLE,DIEGO ANDRES SANCHEZ MUÑOZ,94.57,Se debe realizar un plan de mejoramiento para subsanar los siguientes numerales de la presente acta: -1.1 -2.1 -3.3 -4.1 -1.3 -2.2 -4.2 -2.3 -4.5 -2.4 -4.6 -2.5 -4.8,Gestión administrativa,Gestión administrativa,plan de mejoramiento,2026-06-17,82.71,20260617-8952-VIG,Aceptada,Cerrado,0029,Fisicoquimico y Microbiologico,Visita 1.2 + muestreo 1.7,1,1
127141,GINEBRA,COMITE DE ACUEDUCTO PORTUGAL BAJO,ACUEDUCTO PORTUGAL BAJO,3,,,,,,Sin dato,Sin observación técnica,Sin observación para clasificar,2026-05-19,0.00,20260519-8413-VIG,Aceptada,Cerrado,0001,Fisicoquimico y Microbiologico,Muestreo 1.7,0,1
66918,GINEBRA,JUNTA ADMINISTRADORA ACUEDUCTO CORREGIMIENTO JUNTAS,ACUEDUCTO JUNTAS,3,,,,,,Sin dato,Sin observación técnica,Sin observación para clasificar,2026-05-19,78.01,20260519-8416-VIG,Aceptada,Cerrado,0002,Fisicoquimico y Microbiologico,Muestreo 1.7,0,1
66984,GINEBRA,JUNTA ADMINISTRADORA ACUEDUCTO LOMA GORDA,JUNTA ADMINISTRADORA ACUEDUCTO LOMA GORDA,3,2026-02-11,DESFAVORABLE,DIEGO ANDRES SANCHEZ MUÑOZ,57.14,"Realizar un plan de mejoramiento para subsanar los siguientes numerales: 1,1 2,1 3,1 4,1 1,2 2,2 3,2 4,2 1,3 2,3 3,3 4,3 2,4 4,5 2,5 4,6 4,8",Gestión administrativa,Gestión administrativa,plan de mejoramiento,2026-03-02,79.14,20260302-6913-VIG,Aceptada,Cerrado,0001,Fisicoquimico y Microbiologico,Visita 1.2 + muestreo 1.7,1,1
143790,GINEBRA,JUNTA ADMINISTRADORA ACUEDUCTO RURAL BETANIA,ACUEDUCTO BETANIA,3,,,,,,Sin dato,Sin observación técnica,Sin observación para clasificar,2026-05-19,78.01,20260519-8414-VIG,Aceptada,Cerrado,0001,Fisicoquimico y Microbiologico,Muestreo 1.7,0,1
66916,GINEBRA,JUNTA ADMINISTRADORA ACUEDUCTO VALLEDUPAR VALLENOBA,VALLENOBA,3,,,,,,Sin dato,Sin observación técnica,Sin observación para clasificar,2026-06-17,60.15,20260617-8938-VIG,Aceptada,Cerrado,0001,Fisicoquimico y Microbiologico,Muestreo 1.7,0,1
67419,GINEBRA,JUNTA ADMINISTRADORA DE ACUEDUCTO LA CUESTA LA NOVILLERA,PTAP LA CUESTA LA NOVILLERA,3,2026-05-08,DESFAVORABLE,DIEGO ANDRES SANCHEZ MUÑOZ,44.15,"Realizar plan de mejoramiento para subsanar los siguientes numerales de la presenta acta. 1,1 2,1 3,1 4,1 1,2 2,2 3,2 4,2 1,3 2,3 4,3 2,4 4,5 2,5 4,6",Gestión administrativa,Gestión administrativa,plan de mejoramiento,2026-02-18,31.58,20260218-6802-VIG,Aceptada,Cerrado,003,Fisicoquimico y Microbiologico,Visita 1.2 + muestreo 1.7,1,1
67724,GINEBRA,JUNTA ADMINISTRADORA DEL ACUEDUCTO LOS MEDIOS - ASOMEDIOS,ASOMEDIOS,3,,,,,,Sin dato,Sin observación técnica,Sin observación para clasificar,2026-06-17,60.15,20260617-8932-VIG,Aceptada,Cerrado,0002,Fisicoquimico y Microbiologico,Muestreo 1.7,0,1
110951,GINEBRA,JUNTA DE ACCIÓN COMUNAL VEREDA LAS HERMOSAS,LAS HERMOSAS,3,,,,,,Sin dato,Sin observación técnica,Sin observación para clasificar,2026-05-19,56.74,20260519-8412-VIG,Aceptada,Cerrado,0002,Fisicoquimico y Microbiologico,Muestreo 1.7,0,1
66917,GINEBRA,LA ASOCIACION DE USUARIOS DEL SERVICIO DE ACUEDUCTO DE LA VEREDA BARRANCO BAJO - MUNICIPIO DE GINEBRA - DEPARTAMENTO DEL VALLE DEL CAUCA - ASUABA,ASUABA,3,,,,,,Sin dato,Sin observación técnica,Sin observación para clasificar,2026-02-18,31.58,20260218-6800-VIG,Aceptada,Cerrado,0001,Fisicoquimico y Microbiologico,Muestreo 1.7,0,1
121063,GUACARÍ,ACUEDUCTO INGENIO PICHICHI,PTAP INGENIO PICHICHI,3,2026-06-22,FAVORABLE,LAURA SOFIA LOPEZ CUNDUMI,0.00,1. Se recomienda capacitar a los fontaneros y personas relacionadas con mantenimiento de la planta. 2. Espacios libres de humo ley 1385 del 2009. 3. No se observa criaderos de zancudos decreto 0294 de 2016.,Protección sanitaria,Protección sanitaria / fuente,criadero. También menciona: Operación y mantenimiento,2026-04-27,0.00,20260427-7959-VIG,Aceptada,Cerrado,0001,Fisicoquimico y Microbiologico,Visita 1.2 + muestreo 1.7,1,2
59620,GUACARÍ,ASOCIACION ADMINISTRADORA DEL ACUEDUCTO RURAL COMUNITARIO DEL CORREGIMIENTO DE PUENTE ROJO ACUASALUD PUENTE ROJO - ACUAPUERO,ACUAPUERO,3,2026-02-12,DESFAVORABLE,LAURA SOFIA LOPEZ CUNDUMI,51.42,1. Se recomienda certificar al fontanero en la norma laboral colombiana para operación y mantenimiento de Acueductos. 2. Adquirir comparador de cloro digital para el monitoreo constante d la dosificación del cloro. 3. No se evidencian criaderos de mosquitos/zancudos (decreto 0294/2016).,Desinfección,Desinfección / cloración,"cloro, dosificacion, dosificación. También menciona: Protección sanitaria / fuente, Operación y mantenimiento",2026-04-27,0.00,20260427-7967-VIG,Aceptada,Cerrado,0103,Fisicoquimico y Microbiologico,Visita 1.2 + muestreo 1.7,1,1
115056,GUACARÍ,ASOCIACION COMUNITARIA ADMINISTRADORA DEL ACUEDUCTO DE LA VEREDA EL PLACER MUNICIPIO DE GUACARI - ACOPLA,ACOPLA,3,2026-02-12,FAVORABLE CON REQUERIMIENTOS,LAURA SOFIA LOPEZ CUNDUMI,4.72,1. Se recomienda actualizar o realizar esquema del sistema de tratamiento. 2. Suspender desinfección cuando el agua del floculador se observe con alta turbiedad. 3. Monitorear turbiedad con turbidímetro. 4. No se observa criaderos de zancudos (Decreto 0294/2016). 5. Espacio libre de humo (Ley 1335 de 2009) – Ley 2354/2024. 6. El fontanero manifiesta interés en participar en capacitaciones y formar equipo con otra persona que apoye en estas labores.,Desinfección,Desinfección / cloración,"desinfeccion, desinfección. También menciona: Tratamiento / filtración, Protección sanitaria / fuente",2026-04-27,23.26,20260427-7954-VIG,Aceptada,Cerrado,1202,Fisicoquimico y Microbiologico,Visita 1.2 + muestreo 1.7,1,2
101955,GUACARÍ,ASOCIACION DE SUSCRIPTORES DEL ACUEDUCTO REGIONAL RURAL COMUNITARIO DE SANTA ROSA DE TAPIAS MUNICIPIO DE GUACARI DEPARTAMENTO DEL VALLE DEL CAUCA ACUATAPIAS,ACUATAPIAS,3,2026-02-11,DESFAVORABLE,LAURA SOFIA LOPEZ CUNDUMI,66.46,"1. La planta se encuentra totalmente dotada, sin embargo, debido a las dinámicas de consumo de la comunidad, los tanques de abastecimiento no permiten la continuidad del servicio. La alternativa más viable para poner en marcha las plantas de La Tesalia y La Cauchera es el control de consumo. Se recomienda instalar micro medición para esta actividad de igual manera se recomienda realizar un balance hídrico y estimación de caudal de consumo y pérdidas en red y el sistema antes de iniciar con la micro medición. 2. Espacio libre de humos ley 1335 de 2009. No se observan criaderos de zancudos de crédito 0294 de 2016.",Almacenamiento,Tanque / almacenamiento,"tanque. También menciona: Red / conducción, Protección sanitaria / fuente",2026-04-27,23.26,20260427-7942-VIG,Aceptada,Cerrado,0705,Fisicoquimico y Microbiologico,Visita 1.2 + muestreo 1.7,1,2
132973,GUACARÍ,"ASOCIACION DE USUARIOS DEL ACUEDUCTO Y ALCANTARILLADO DE LOS CORREGIMIENTOS DE ALTO DE LA JULIA, LA MAGDALENA Y LA VEREDA DE CHAFALOTE - ASOJUMACHAGUA",ASOJUMACHAGUA,3,2026-02-11,DESFAVORABLE,LAURA SOFIA LOPEZ CUNDUMI,45.61,"• Se recomienda identificar puntos de pérdida de presión, conexiones erradas y pérdidas de volumen en tanque, desarenador y captación. • Espacio libre de humo (Ley 1335 de 2009) – Ley 2354 de 2026. • No se encuentran criaderos de zancudos decreto 0294 de 2016.",Captación,Captación / bocatoma,"captacion, captación, desarenador. También menciona: Tanque / almacenamiento, Red / conducción",2026-04-27,0.00,20260427-7945-VIG,Aceptada,Cerrado,0701,Fisicoquimico y Microbiologico,Visita 1.2 + muestreo 1.7,1,2
135213,LA CUMBRE,ACUEDUCTO COMUNITARIO CENTENARIO,ACUEDUCTO COMUNITARIO CENTENARIO,3,2026-02-02,FAVORABLE CON REQUERIMIENTOS,MAURICIO ALZATE DIAZ,31.01,"1. Se debe instalar medición de caudal y control de nivel del tanque de distribución. 2. Se debe instalar una escalera de acceso su vida al tanque para reducir el riesgo de caída del operador. 3. Se recomienda la documentación de lo realizado en el tanque y planos. 4. Se brinda socialización sobre el decreto 0294 2016 a la persona encargada. 5. Se recomienda evaluar la dosificación de cloro en el tanque, para precisar la dosis efectiva. 6.Tiene proyectado construir otro tanque después de la bocatoma.",Desinfección,Desinfección / cloración,"cloro, dosificacion, dosificación. También menciona: Captación / bocatoma, Tanque / almacenamiento",2026-06-24,,20260624-9052-VIG,Aceptada,Abierto,0001,Fisicoquimico y Microbiologico,Visita 1.2 + muestreo 1.7,1,3
124273,LA CUMBRE,ACUEDUCTO INSTITUCIÓN EDUCATIVA LA LIBERTAD,ACUEDUCTO I.E. LA LIBERTAD,3,,,,,,Sin dato,Sin observación técnica,Sin observación para clasificar,2026-04-20,62.02,20260420-7793-VIG,Aceptada,Cerrado,0091,Fisicoquimico y Microbiologico,Muestreo 1.7,0,1
17834,LA CUMBRE,"ACUEDUCTO VERSA - ASOCIACION DE USUARIO DEL SERVICIO DEL ACUEDUCTO V.E.R.S.A. DE LAS VEREDAS,SAN JOSE Y AGUA CLARA MUNICIPIO DE YUMBO LA CUMBRE",VERSA,3,,,,,,Sin dato,Sin observación técnica,Sin observación para clasificar,2026-06-10,91.73,20260610-8820-VIG,Aceptada,Cerrado,0001,Fisicoquimico y Microbiologico,Muestreo 1.7,0,1
30200,LA CUMBRE,ADMINISTRACION COOPERATIVA LA CUMBRE DAGUA E.S.P.,PTAP CUMBRE - DAGUA,3,,,,,,Sin dato,Sin observación técnica,Sin observación para clasificar,2026-02-11,0.00,20260211-6677-VIG,Aceptada,Cerrado,5,Fisicoquimico y Microbiologico,Muestreo 1.7,0,1
33129,LA CUMBRE,ASOCIACION COMUNITARIA ADMINISTRADORA ACUEDUCTO BITACO - ASCABI,ASCABI,3,,,,,,Sin dato,Sin observación técnica,Sin observación para clasificar,2026-05-25,0.00,20260525-8501-VIG,Aceptada,Cerrado,0002,Fisicoquimico y Microbiologico,Muestreo 1.7,0,1
31840,LA CUMBRE,ASOCIACION COMUNITARIA ADMINISTRADORA DEL ACUEDUCTO DEL CORREGIMIENTO SAN JOSE DE PAVAS MUNICIPIO DE LA CUMBRE VALLE DEL CAUCA - ACAAPAVAS,ACAAPAVAS,3,,,,,,Sin dato,Sin observación técnica,Sin observación para clasificar,2026-05-26,0.00,20260526-8561-VIG,Aceptada,Cerrado,0041,Fisicoquimico y Microbiologico,Muestreo 1.7,0,2
34759,LA CUMBRE,ASOCIACION COMUNITARIA ALTO SANO EMPRESA DE SERVICIOS PUBLICOS - ASOALTOSANO E.S.P.,ASOALTOSANO E.S.P.,3,,,,,,Sin dato,Sin observación técnica,Sin observación para clasificar,2026-05-25,0.00,20260525-8486-VIG,Aceptada,Cerrado,0002,Fisicoquimico y Microbiologico,Muestreo 1.7,0,2
42879,LA CUMBRE,"ASOCIACION DE SUSCRIPTORES DEL ACUEDUCTO DE LA VEREDA DE ZARAGOZA, CORREGIMIENTO DE BITACO, MUNICIPIO DE LA CUMBRE - AGUAZ",AGUAZ,3,,,,,,Sin dato,Sin observación técnica,Sin observación para clasificar,2026-05-25,0.00,20260525-8520-VIG,Aceptada,Cerrado,0001,Fisicoquimico y Microbiologico,Muestreo 1.7,0,2
120854,LA CUMBRE,ASOCIACION DE SUSCRIPTORES DEL ACUEDUCTO DE LA VEREDA PAVITAS,ACUEDUCTO PAVITAS,3,,,,,,Sin dato,Sin observación técnica,Sin observación para clasificar,2026-06-10,0.00,20260610-8818-VIG,Aceptada,Cerrado,0002,Fisicoquimico y Microbiologico,Muestreo 1.7,0,2
37556,LA CUMBRE,"ASOCIACION DE SUSCRIPTORES DEL ACUEDUCTO VEREDAL UNIDO DEL CORREGIMIENTO DE JIGUALES, MUNICIPIO DE LA CUMBRE - ASOJIGUA",ASOJIGUA,3,,,,,,Sin dato,Sin observación técnica,Sin observación para clasificar,2026-05-12,0.00,20260512-8301-VIG,Aceptada,Cerrado,0093,Fisicoquimico y Microbiologico,Muestreo 1.7,0,3
129449,LA CUMBRE,ASOCIACION DE SUSCRIPTORES DEL SERVICIO DE ACUEDUCTO EL RETIRO - ASORETIRO,ACUEDUCTO COMUNITARIO EL RETIRO PARTE BAJA,3,2026-06-23,DESFAVORABLE,MAURICIO ALZATE DIAZ,69.59,"SE REALIZA VISITA DE INSPECCION Y VIGILANCIA, CONTROL A LA BOCATOMA Y TANQUE DE DISTRIBUCION. NO HAY CONTROL DE NIVEL EN TANQUE, NO CUENTA CON PROCESO DE FILTRACION, TANQUE NO CUENTA CON RESPIRADORES. NO SE OBSERVAN LARVAS EN BOCATOMA O SISTEMA, SE MENCIONA SOBRE EL DECRETO (0294/2016) CONTROL Y PREVENCION DE LARVAS. PUNTOS DE MUESTREO SIN MATERIALIZAR. NO HAY MACROMEDICION.",Tratamiento,Tratamiento / filtración,"filtracion, filtración. También menciona: Captación / bocatoma, Tanque / almacenamiento",2026-04-20,62.02,20260420-7805-VIG,Aceptada,Cerrado,0003,Fisicoquimico y Microbiologico,Visita 1.2 + muestreo 1.7,1,1
40369,LA CUMBRE,ASOCIACIÓN DE SUSCRIPTORES Y USUARIOS DEL ACUEDUCTO DE PARRAGA Y MORALES,PTAP PARRAGA Y MORALES,3,2026-06-11,FAVORABLE CON REQUERIMIENTOS,MAURICIO ALZATE DIAZ,38.76,"Se realiza visita de IVC al sistema de tratamiento, tanques de almacenamiento, se observa sistema de desinfección operativo, se observa macromedidor en el punto de bombeo, tanques de distribución, cuenta con respiraderos.",Desinfección,Desinfección / cloración,"desinfeccion, desinfección. También menciona: Tratamiento / filtración, Tanque / almacenamiento",2026-05-12,0.00,20260512-8291-VIG,Aceptada,Cerrado,0041,Fisicoquimico y Microbiologico,Visita 1.2 + muestreo 1.7,1,2
110064,LA CUMBRE,ASOCIACIÓN DE USUARIOS ACUEDUCTO CHICORAL ALTO - ASOCHICORAL,ASOCHICORAL,3,2026-03-18,DESFAVORABLE,MAURICIO ALZATE DIAZ,62.50,"SE EVIDENCIA UN SISTEMA DE TRATAMIENTO CON PH MENOR, TANQUE DE ALMACENAMIENTO CON RFESPIRADEROS, NO SE EVIDENCIA MACROMEDICION, TANQUE APROXIMADAMENTE DE 45 M3. NO SE TIENE IMPLEMENTADO SISTEMA DE DESINFECCION. ES IMPORTANTE DOCUMENTAR LAS ACTIVIDADES DEL PROCESO. *SE BRINDA SOCIALIZACION SOBRE EL DECRETO DEPARTAMENTAL 0294/2016 CONTROL Y PREVENCION DE LARVAS. *BOCATOMA CON ALTA PRESENCIA HOJARASCA EL SEÑOR FERNANDO DIAZ COMO PROPIETARIO DEL PREDIO, REQUIERE APOYO PARA QUE EL SISTEMA DE TRATAMIENTO PUEDA SER ADMINISTRATIVO.",Desinfección,Desinfección / cloración,"desinfeccion, desinfección. También menciona: Tratamiento / filtración, Captación / bocatoma",2026-06-10,0.00,20260610-8846-VIG,Aceptada,Cerrado,0102,Fisicoquimico y Microbiologico,Visita 1.2 + muestreo 1.7,1,2
32188,LA CUMBRE,ASOCIACION DE USUARIOS ANTIGUO ACUEDUCTO BITACO - SUANABIT,SUANABIT,3,,,,,,Sin dato,Sin observación técnica,Sin observación para clasificar,2026-05-25,29.79,20260525-8506-VIG,Aceptada,Cerrado,0001,Fisicoquimico y Microbiologico,Muestreo 1.7,0,1
40368,LA CUMBRE,ASOCIACION DE USUARIOS DEL ACUEDUCTO DE SANTA FE DEL MUNICIPIO DE LA CUMBRE DEPARTAMENTO DEL VALLE DEL CAUCA,ACUEDUCTO SANTA FE,3,,,,,,Sin dato,Sin observación técnica,Sin observación para clasificar,2026-05-25,0.00,20260525-8479-VIG,Aceptada,Cerrado,0001,Fisicoquimico y Microbiologico,Muestreo 1.7,0,1
31839,LA CUMBRE,ASOCIACION DEL ACUEDUCTO DE LAS VEREDAS ARBOLEDAS Y CORDOBITAS - JUARCO,JUARCO,3,,,,,,Sin dato,Sin observación técnica,Sin observación para clasificar,2026-05-12,29.79,20260512-8287-VIG,Aceptada,Cerrado,8003,Fisicoquimico y Microbiologico,Muestreo 1.7,0,2
120698,LA CUMBRE,FUNDACION ECOLOGICA DE CHICORAL - FUNDECORAL,FUNDACIÓN ECOLÓGICA DE CHICORAL - FUNDECORAL,3,2026-03-12,DESFAVORABLE,MAURICIO ALZATE DIAZ,68.28,"El acueducto debe complementarse con unidades de proceso, desinfección, instalación de válvulas o mecanismos para control, debe contar con tanque cerrado que tenga respiraderos, para efectuar un proceso de tratamiento y distribución que garantice buena calidad de agua para suministro a sus usuarios. Se brinda socialización sobre decreto departamental 0244/2016. Debe implementar un plan de mejoramiento urgente.",Desinfección,Desinfección / cloración,"desinfeccion, desinfección. También menciona: Tratamiento / filtración, Tanque / almacenamiento",2026-06-10,82.71,20260610-8845-VIG,Aceptada,Cerrado,0001,Fisicoquimico y Microbiologico,Visita 1.2 + muestreo 1.7,1,1
0000,LA CUMBRE,JUNTA ADMINISTRADORA ACUEDUCTO LA GUAIRA LA CUMBRE,ACUEDUCTO LA GUAIRA,3,2026-06-04,DESFAVORABLE,MAURICIO ALZATE DIAZ,47.28,"Se realiza visita de inspección visual a la bocatoma y tanque de distribución, se observa tanque fuera de servicio por sedimentación; en su interior no aplican cloro para desinfección. Se hace notar que se observe tanque con acumulación de agua y presencia de larvas, por lo cual se hace énfasis sobre decreto (0294/2016) para evitar proliferación. Se recomienda evacuar las aguas; tanque cuenta con protección a los animales, no hay reservación y tampoco control de nivel en tanque. Actualmente se encuentra verificado el interior del tanque de almacenamiento, el cual se encuentra afectado por ser construido en adobe y fisuras. Está pensando la posibilidad de tumbar tanque antiguo para evitar acumulación de agua y proliferación de larvas y mosquitos; piensan hacer un cambio en la bocatoma por alta turbiedad de otra fuente.",Desinfección,Desinfección / cloración,"cloro, desinfeccion, desinfección. También menciona: Captación / bocatoma, Tanque / almacenamiento",2026-06-10,91.73,20260610-8842-VIG,Aceptada,Cerrado,0001,Fisicoquimico y Microbiologico,Visita 1.2 + muestreo 1.7,1,3
120696,LA CUMBRE,JUNTA ADMINISTRADORA ACUEDUCTO VEREDA EL DIAMANTE,ACUEDUCTO VEREDA EL DIAMANTE,3,2026-04-16,DESFAVORABLE,MAURICIO ALZATE DIAZ,76.66,"SE REALIZA INSPECCION AL ACUEDUCTO, BOCATOMA, SE APRECIA LA CLORACION FUERA DE SERVICIO TANQUE EN CONCRETO DE DISTRIBUCION SIN RESPIRADEROS NO HAY MACROMEDICION, SE APRECIAN VALVULAS DE CONTROL Y PURGA PARA MANTENIMIENTO SE OBSERVA TANQUE DE DESARENADO CON RESPIRADERO PERO SIN MALLA DE PROTECCION. *SE SOCIALIZA AL PRESIDENTE EL CUIDADO Y CONTROL DE LARVAS DE ACUERDO AL DECRETO DEPARTAMENTAL 0294/2016. *PENDIENTE MATERIALIZAR PUNTO DE MUESTREO DE ACUERDO A LA NORMA LEGAL VIGENTE. MANIFIESTAN QUE LA CLORACION NO ES REALIZADA DEBIDO A QUE LA FUENTE ES CONTAMINADA Y BUSCAN QUE EL TEMA DE CLORAR SE HABILITA, SIN ESA CONTAMINACION. HAN SOLICITADO A LA UES TOMA DE MUESTRA DE AGUA EN EL PUNTO DONDE SE CONOCE LA CONTAMINACION.",Desinfección,Desinfección / cloración,"cloracion, cloración. También menciona: Captación / bocatoma, Tanque / almacenamiento",2026-04-20,85.27,20260420-7792-VIG,Aceptada,Cerrado,0001,Fisicoquimico y Microbiologico,Visita 1.2 + muestreo 1.7,1,1
32461,LA CUMBRE,JUNTA ADMINISTRADORA DE ACUEDUCTO EL RETIRO PARTE ALTA,ACUEDUCTO EL RETIRO PARTE ALTA,3,2026-05-14,DESFAVORABLE,MAURICIO ALZATE DIAZ,70.09,"Se realiza visita de inspección, vigilancia y control al sistema de tratamiento, se observa caseta con elementos para desinfección, al momento sin operar, no cuenta con buen cerramiento, no hay macro medición, condiciones locativas, falta mantenimiento. Se le informa y socializa sobre el control de larvas, decreto 0244/2016",Desinfección,Desinfección / cloración,"desinfeccion, desinfección. También menciona: Tratamiento / filtración, Protección sanitaria / fuente",2026-04-20,85.27,20260420-7814-VIG,Aceptada,Cerrado,0001,Fisicoquimico y Microbiologico,Visita 1.2 + muestreo 1.7,1,1
135209,LA CUMBRE,JUNTA ADMINISTRADORA DEL SERVICIO PUBLICO DEL AGUA DE LA VEREDA CHICORALITO - CHICOAGUAS - TANQUE 1,CHICOAGUAS TANQUE # 1,3,2026-02-06,DESFAVORABLE,MAURICIO ALZATE DIAZ,79.14,1. Se sugiere y recomienda revisar la dosis de cloro aplicado para garantizar concentraciones en la distribución. 2. No se observa criadero de larvas decreto 0294/2016.,Desinfección,Desinfección / cloración,cloro. También menciona: Protección sanitaria / fuente,2026-03-24,0.00,20260324-7368-VIG,Aceptada,Cerrado,0001,Fisicoquimico y Microbiologico,Visita 1.2 + muestreo 1.7,1,1
99672,LA CUMBRE,JUNTA ADMINISTRADORA DEL SERVICIO PUBLICO DEL AGUA DE LA VEREDA CHICORALITO - CHICOAGUAS - TANQUE 2,CHICOAGUAS TANQUE # 2,3,2026-02-10,DESFAVORABLE,MAURICIO ALZATE DIAZ,69.78,"1. Se debe instalar medición de caudal y control de nivel de tanque 2 de distribución. 2. Se debe documentar el proceso. 3. Se brinda socialización sobre el decreto 0294/2016 al encargado. 4. Se debe buscar candado para el acceso al punto de cloración, está muy expuesto y puede ser un riesgo para cualquier persona. 5. Es importante que se evalué la dosis de cloro.",Desinfección,Desinfección / cloración,"cloro, cloracion, cloración. También menciona: Tanque / almacenamiento",2026-03-24,21.58,20260324-7386-VIG,Aceptada,Cerrado,0001,Fisicoquimico y Microbiologico,Visita 1.2 + muestreo 1.7,1,1
124280,LA CUMBRE,JUNTA ADMINISTRADORA DEL SERVICIO PUBLICO DEL AGUA DE LA VEREDA CHICORALITO - CHICOAGUAS - TANQUE 3,CHICOAGUAS TANQUE # 3,3,2026-04-29,DESFAVORABLE,MAURICIO ALZATE DIAZ,70.50,"SE REALIZA VISITA DE INSPECCIÓN AL ACUEDUCTO Y BOCATOMA DONDE SE VE SISTEMA DE DESINFECCIÓN FUERA DE SERVICIO, SE VISUALIZA TANQUE CON RESPIRADEROS, SIN MALLA DE PROTECCIÓN SE SOCIALIZA SOBRE EL CONTROL DE LARVAS DECRETO 0294/2016 Y DECRETO DEPARTAMENTAL PENDIENTE MATERIALIZAR PUNTO DE MUESTREO.",Desinfección,Desinfección / cloración,"desinfeccion, desinfección. También menciona: Captación / bocatoma, Tanque / almacenamiento",2026-03-24,87.77,20260324-7403-VIG,Aceptada,Cerrado,0001,Fisicoquimico y Microbiologico,Visita 1.2 + muestreo 1.7,1,1
143338,LA CUMBRE,JUNTA ADMINISTRADORA DEL SERVICIO PUBLICO DEL AGUA DE LA VEREDA CHICORALITO - CHICOAGUAS - TANQUE 4,CHICOAGUAS TANQUE # 4,3,2026-02-27,DESFAVORABLE,MAURICIO ALZATE DIAZ,57.55,"-se debe instalar medición de caudal de nivel en tanque distribución -Se debe documentar proceso, procedimiento, digitalizar planos. -Se brinda socialización sobre el decreto 0294/2016 al encargado, sobre este decreto departamental sobre la prevención de larvas -Se debe mejorar el cerramiento para el acceso al tanque y en especial proteger el nacimiento.",Almacenamiento,Tanque / almacenamiento,tanque. También menciona: Protección sanitaria / fuente,2026-03-24,0.00,20260324-7408-VIG,Aceptada,Cerrado,0001,Fisicoquimico y Microbiologico,Visita 1.2 + muestreo 1.7,1,1
146170,LA CUMBRE,JUNTA ADMINISTRADORA DEL SERVICIO PUBLICO DEL AGUA DE LA VEREDA CHICORALITO - CHICOAGUAS - TANQUE 6,CHICOAGUAS TANQUE # 6,3,2026-04-29,DESFAVORABLE,MAURICIO ALZATE DIAZ,54.67,"se realizo visita de inspeccion y seguimiento a la bocatoma y acueducto, en el tanque se observa abierto de polisombra, no se observa proceso de desinfeccion * se socializa sobre el control y proceso de larvas, decreto 0294 de 2016 y decreto departamental * debe acondicionar cerramiento * pentiente materializar punto de muestreo",Desinfección,Desinfección / cloración,"desinfeccion, desinfección. También menciona: Captación / bocatoma, Tanque / almacenamiento",2026-03-24,0.00,20260324-7351-VIG,Aceptada,Cerrado,0001,Fisicoquimico y Microbiologico,Visita 1.2 + muestreo 1.7,1,1
143339,LA CUMBRE,JUNTA ADMINISTRADORA DEL SERVICIO PUBLICO DEL AGUA DE LA VEREDA CHICORALITO - CHICOAGUAS - TANQUE 7,CHICOAGUAS TANQUE # 7,3,2026-05-06,DESFAVORABLE,MAURICIO ALZATE DIAZ,57.55,"SE REALIZA VISITA DE INSPECCION A BOCATOMA , ACUEDUCTO, TANQUE DE DISTRIBUCION, ENCONTRANDO SISTEMA SIN DESINFECCION, TANQUE ABIERTO CUBIERTO *SE HACE ENFASIS EN LA PREVENCION Y CONTROL DE LARVAS DE ACUERDO A LO ESTABLECIDO EN EL DECRETO DEPARTAMENTAL 0294/2016. *EL PUNTO DE MUESTREO ESTA PENDIENTE MATERIALIZARLO. *NO SE VISUALIZA MICROMEDICIÓN.",Desinfección,Desinfección / cloración,"desinfeccion, desinfección. También menciona: Captación / bocatoma, Tanque / almacenamiento",2026-03-24,57.55,20260324-7419-VIG,Aceptada,Cerrado,0001,Fisicoquimico y Microbiologico,Visita 1.2 + muestreo 1.7,1,1
33122,LA CUMBRE,JUNTA DE AGUAS VEREDA LA VENTURA JAGUVEN,JUNTA DE AGUAS DE LA VEREDA LA VENTURA - JAGUVEN,3,,,,,,Sin dato,Sin observación técnica,Sin observación para clasificar,2026-05-12,29.79,20260512-8311-VIG,Aceptada,Cerrado,0002,Fisicoquimico y Microbiologico,Muestreo 1.7,0,2
133530,LA CUMBRE,JUNTA DE AGUAS VEREDA LA VENTURA JAGUVEN - SECTOR EL BOSQUE,JUNTAS DE AGUAS VEREDA LA VENTURA - JAGUVEN - SECTOR EL BOSQUE,3,2026-05-26,FAVORABLE,MAURICIO ALZATE DIAZ,5.47,"SE REALIZA VISITA DE INSPECCION, VIGILANCIA Y CONTROL A LA BOCATOMA Y AREA DE TRATAMIENTO, FILTRO DE TRATAMIENTO. SE OBSERVA MANTENIMIENTOS AL MOMENTO DE LA VISITA, SISTEMA DE DESINFECCION OPERATIVO CAUDALIMETRO SE OBSERVA TANQUE DE DESINFECCION CON UN RESPIRADERO QUE NO CUMPLE CON LAS CARACTERISTICAS DE LA NORMA, DEBE AJUSTARSE Y PROTEGER CON MALLA. NO SE OBSERVA PRESENCIA DE LARVAS EN BOCATOMA U OTRA UNIDAD A LO LARGO DEL PROCESO, SIN EMBARGO SE HACE ENFASIS SOBRE EL DECRETO DEPARTAMENTAL DE PREVENCION Y CONTROL DE LARVAS (0294/2016).",Desinfección,Desinfección / cloración,"desinfeccion, desinfección. También menciona: Tratamiento / filtración, Captación / bocatoma",2026-05-12,0.00,20260512-8312-VIG,Aceptada,Cerrado,001,Fisicoquimico y Microbiologico,Visita 1.2 + muestreo 1.7,1,2
88295,LA UNION,ASOCIACION COMUNITARIA ADMINISTRADORA DEL ACUEDUCTO DE QUEBRADA GRANDE,ACUEDUCTO QUEBRADA GRANDE LA UNION,1,2026-03-17,DESFAVORABLE,ANA MILENA MENDEZ ARANA,52.29,"SE RECOMIENDA TENER EN CUENTA LA RES 622/2020 CON EL FIN DE MEJORAR EN CALIDAD Y CANTIDAD ASÍ COMO LAS BPS VALORADAS EN 4 -2 Y 1.5 SE DEBE VOLVER CERO, ADICIONALMENTE, EL VALOR DE IRCA INVIABLE SANITARIAMENTE (86.81%); POR LO ANTERIOR. SE RECOMIENDA ELABORAR Y PRESENRTAR PLAN DE CUMPLIMIENTO QUE ABORDE LAS FALENCIAS ENCONTRADAS -PLAZO 30 DÍAS NOTA: SE RECOMIENDA ORGANIZAR-BIEN EL NOMBRE DEL ACUEDUCTO AL NIT, ACTUALIZAR # CELULAR Y # DE USURIOS, SE ANEXA # DE USUARIOS POR VEREDA. NOTA: DEC 0294/2016. EN LA VISITA NO SE EVIDENCIÓ CRIADERO DE MOSQUITOS",Red de distribución,Red / conducción,red. También menciona: Protección sanitaria / fuente,2026-05-20,0.00,20260520-8427-VIG,Aceptada,Cerrado,0006,Fisicoquimico y Microbiologico,Visita 1.2 + muestreo 1.7,1,1
88287,LA UNION,ASOCIACION COMUNITARIA DE USUARIOS DEL ACUEDUCTO RURAL PAJARO DE ORO ACUARPO,PAJARO DE ORO,1,2026-05-27,FAVORABLE CON REQUERIMIENTOS,ANA MILENA MENDEZ ARANA,21.65,"EN LA VISITA SE VERIFICA QUE LA PTAP COMPACTA ESTA EN FUNCIONAMIENTO, SE RECOMIENDA TENER EN CUENTA ESTA EN FUNCIONAMIENTO, SE RECOMIENDA TENER EN CUENTA LAS BPS VALORADAS EB 4-2 1.5 SE DEBE VOLVER CERO, Y ASI MEJORAR LA CALIDAD DEL SERVICIO, ADICIONALMENTE TENER EN CUENTA EL VALOR DEL ULTIMO IRCA MARZO/26 30.22%, DADO QUE CUENTA CON PLANTA DE TRATAMIENTO, POR LO ANTERIOR SE RECOMIENDA ELABORAR Y PRESENTAR PLAN DE MEJORAMIENTO PARA ABORDAR LO HALLADO EN LA VISITA PLAZO 30 DIAS. NOTA: DEC 0294-2016, EN LA VISITA NO SE EVIDENCIA PRESENCIA DE MOSQUITOS.",Tratamiento,Tratamiento / filtración,"tratamiento, ptap. También menciona: Gestión administrativa",2026-03-18,30.21,20260317-7316-VIG,Aceptada,Cerrado,0002,Fisicoquimico y Microbiologico,Visita 1.2 + muestreo 1.7,1,1
88217,LA UNION,ASOCIACION DE USUARIOS ACUEDUCTO SAN PEDRO Y SAN LUIS ASUASPEL- SISTEMA 1,ACUEDUCTO SAN PEDRO Y SAN LUIS SISTEMA 1,1,2026-05-11,FAVORABLE CON REQUERIMIENTOS,ANA MILENA MENDEZ ARANA,26.28,"SE REALIZA RECORRIDO POR EL SISTEMA DE ABASTECIMIENTO; QUE INCLUYE LOS TRES BOCATOMAS 4 DESARENADORES-PTAP Y EL TANQUE DE ALMACENAMIENTO, ASI COMO MEDICCION DE CLORO RESIDUAL EN EL PM QUE SE UBICA CONTIGUA AL TA PRINCIPAL; SE RECOMIENDA REALIZAR MANTENIMIENTO PERIODICO A LAS UNIDADES QUE CONFORMAN EL SISTEMA; ASI COMO LA ADECUACION DE LOS DESARENADORES UBICADOS EN LA BOCATOMA EL JORDAN Y EN LA BOCATOMA LA SONORA ADEMAS TENER ENCUENTA LAS BPS VALORADAS EN 4, SE RECOMIENDA VOLVERLAS CERO, DADO LO ANTERIOR Y EL VALOR DEL ULTIMO IRCA 30.66%MEDIO SE RECOMIENDA ELABORAR Y PRESENTAR PLAN DE MEJORAMIENTO QUE ABORDE LA SITUACION PLAZO 30 DIAS. NOTA: DEC 0294-2016, EN LA VISITA NO SE EVIDENCIA PRESENCIA DE MOSQUITOS.",Desinfección,Desinfección / cloración,"cloro. También menciona: Tratamiento / filtración, Captación / bocatoma",2026-01-20,0.00,20260120-6128-VIG,Aceptada,Cerrado,0001,Fisicoquimico y Microbiologico,Visita 1.2 + muestreo 1.7,1,1
87876,LA UNION,ASOCIACION DE USUARIOS DEL ACUEDUCTO RURAL COMUNITARIO DE LA VEREDA EL RINCON,ASOCIACION DE USUARIOS DEL ACUEDUCTO RURAL COMUNITARIO DE LA VEREDA EL RINCON,1,2026-03-17,DESFAVORABLE,ANA MILENA MENDEZ ARANA,89.23,"SE COMIENDA TENER EN CUENTA LA RES 622/2020 CON EL FIN DE MEJORAR EN CALIDAD Y CANTIDAD ASÍ COMO LAS BPS VALORADAS EN 4 - 2 Y 1.5, SE DEBEN VOLVER CERO, ASÍ COMO EL VALOR DEL IRCA DE SEP 2025= 86.52% INVIABLE SANITARIAMENTE; POR LO ANTERIIR SE RECOMIENDA ELABORAR Y PRESENTAR PLAN DE CUMPLIMIENTO PARA ABORDAR LAS FALENCIAS - PLAZO 30 DÍAS NOTA: SE RECOMIENDA ACTUALIZAR EL NOMBRE DEL PRESODENTE DEL ACUEDUCTO. NOTA: DEC 0294/2016. EN LA VISITA NO SE EVIDENCIÓ CRIADERO DE MOSQUITOS",Protección sanitaria,Protección sanitaria / fuente,criadero,2026-05-20,45.04,20260520-8425-VIG,Aceptada,Cerrado,0005,Fisicoquimico y Microbiologico,Visita 1.2 + muestreo 1.7,1,1
87883,LA UNION,"ASOCIACION DE USUARIOS DEL ACUEDUCTO RURAL LA AGUADA LA CHICA, AJIZAL, TAMBORAL.",ASOCIACION DE USUARIOS DE ACUEDUCTO RURAL LA AGUADA - LA CHICA- EL AJIZAL - TAMBORAL,1,2026-03-25,DESFAVORABLE,ANA MILENA MENDEZ ARANA,89.94,"SE RECOMIENDA TENER LA RESOLUCION 622/2020 EN CUENTA CON EL FIN DE MEJORAR EN CALIDAD Y CANTIDAD ASI COMO LAS BPS VALORADAS EN 4-2-1.5 SE DEBEN VOLVER CERO, ADEMAS DEL IRCA DEL MES DE DICIEMBRE/2025-85.31% ELABORAR Y PRESENTAR UN PLAN DE CUMPLIMIENTO PARA ABORDAR LAS FALENCIAS HALLADAS, PLAZA 30 DIAS. NOTA SE RECOMIENDA ACTUALIZAR EL NOMBRE DEL ACUEDUCTO DE ACUERDO AL RDES Y EL # DE CELULAR. NOTA: DEC 0294/2016, EN LA VISITA NO SE EVIDENCIO CRIADERO MOSQUITOS SE BRINDA INFORMACION AL RESPECTO.",Protección sanitaria,Protección sanitaria / fuente,criadero,2026-05-20,85.27,20260520-8419-VIG,Aceptada,Cerrado,0004,Fisicoquimico y Microbiologico,Visita 1.2 + muestreo 1.7,1,1
115780,LA UNION,ASOCIACIÓN DE USUARIOS DEL ACUEDUCTO VEREDAL LA AGUADA BAJA,ACUEDUCTO LA AGUADA BAJA,1,2026-03-18,DESFAVORABLE,ANA MILENA MENDEZ ARANA,83.17,"SE RECOMIENDA TENER EN CUENTA LA RES 622/2020 CON EL FIN DE MEJORAR EN CALIDAD Y CANTIDAD; ASÍ COMO LAS BPS VALORADAS EN 4-2 Y 1.5 SE DEBE VOLVER CERO, ASÍ COMO TENER EL CUENTA EL VALOR DEL IRCA DEL MES DE DIC /25 -76-92%-ALTO POR LO ANTERIOR SE RECOMIENDA ELABORAR Y PRESENTAR UN PLAN DE CUMPLIMIENTO PARA ABORDAR FALENCIAS - PLAZO 30 DÍAS NOTA: SE RECOMIENDA REALIZAR CORRECIÓN DEL NOMBRE DEL REPRESENTANTE LEGAL. NOTA:DEC 0294/2016 EN LA VISITA NO SE EVIDENCIA CRIADEROS DE MOSQUITOS, SE BRINDA INFORMACIÓN DEL TEMA",Protección sanitaria,Protección sanitaria / fuente,criadero,2026-05-20,0.00,20260520-8421-VIG,Aceptada,Cerrado,0005,Fisicoquimico y Microbiologico,Visita 1.2 + muestreo 1.7,1,1
126423,LA UNION,ASUASPEL- ASOCIACIÓN DE USUARIOS ACUEDUCTO SAN PEDRO Y SAN LUIS - SECTOR SILOÉ-EL CARMEN - SISTEMA 2,ASOCIACION DE USUARIOS SAN PEDRO SAN LUIS- SECTOR 2,1,2026-03-11,FAVORABLE CON REQUERIMIENTOS,ANA MILENA MENDEZ ARANA,35.12,CON EL FIN DE MEJORAR EN CALIDAD Y CANTIDAD SE RECOMIENDA TENER EN CUENTA LA RES.622-2020 ASI COMO LAS BUENAS PRACTICAS SANITARIAS-BPS VALORADAS EN 10-4 Y 2 ELABORAR Y PRESENTAR UN PLAN DE CUMPLIMIENTO QUE ABORDAR LAS FALENCIAS HALLADAS-PLAZO 30 DIAS. NOTA DEC 0294-2016 NO SE EVIDENCIO CRIADERO DE MOSQUITOS.,Protección sanitaria,Protección sanitaria / fuente,criadero,,,,,,,,Visita 1.2,1,0
96661,LA UNION,JUNTA ADMINISTRADORA ACUEDUCTO VEREDA LA ISLA,ACUEDUCTO RUAL LA ISLA,1,2026-03-12,DESFAVORABLE,ANA MILENA MENDEZ ARANA,67.91,"SE RECOMENDA TENER EN CUENTA LA RES 622/2020 CON EL FIN DE MEJORAR EN CALIDAD Y CANTIDAD ASI COMO TENER EN CUENTA LAS BPS VALORADAS EN 4 Y 2 SE DEBEN VOLVER CERO, ASI MISMO EL VALLR DEL IRCA DE DIC/25 EN 58 .74% RIESGO ALTO, SE RECOMIENDA ELABORAR Y PRESENTAR PLAN DE CUMPLIMIENTO PARA ABORDAR LAS FALENCIAS. PLAZO 30 DIAS. NOTA: 0294/2016, NO SE EVIDENCIA CRIADEROS DE MOSQUITOS.",Protección sanitaria,Protección sanitaria / fuente,criadero,2026-03-18,58.99,20260318-7314-VIG,Aceptada,Cerrado,0003,Fisicoquimico y Microbiologico,Visita 1.2 + muestreo 1.7,1,1
93503,LA UNION,JUNTA DE ACCION COMUNAL ACUEDUCTO CORCEGA- LA CAYETANA,ACUEDUCTO CORCEGA- LA CAYETANA,1,,,,,,Sin dato,Sin observación técnica,Sin observación para clasificar,2026-03-18,21.58,20260318-7315-VIG,Aceptada,Cerrado,0002,Fisicoquimico y Microbiologico,Muestreo 1.7,0,1
126858,LA VICTORIA,ACUEDUCTO RURAL SIERRAMOCHA,ACUEDUCTO RURAL VDA SIERRAMOCHA,1,2026-06-26,DESFAVORABLE,EDWARD RAUL JAIMES VERA,96.12,"SE DEBE ORGANIZAR UNA JUNTA ADMINISTRADORA DEL SISTEMA QUE DESIGNE A UN FONTANERO Y ADEMÁS ELABORAR UN PLAN DE CUMPLIMIENTO EN EL QUE SE DESCRIBAN LAS ACCIONES A IMPLEMENTAR PARA MEJORAR LA CALIFICACIÓN DE LOS ÍTEMS VALORADOS CON 2, 4 O 10 Y ASÍ MEJORAR EL CONCEPTO SANITARIO AL MEJORAR LA CALIFICIACION DE LOS INDICADORES DE IRABA, BPS, IRCA Y POR CONSIGUIENTE MEJORAR LA CALIDAD DEL AGUA Y EL CONCEPTO SANITARIO. NOTA: DECRETO DEPARTAMENTAL 0294/2016 NO HAY CRIADERO DE VECTORES AL MOMENTO DE LA VISITA NO HAY JUNTA ORGANIZADA NI REPRESENTANTE LEGAL. LA PERSONA QUE ATIENDE LA VISITA MANIFIESTA QUE EL PROXIMO 10 DE JULIO DE 2026 SE TIENE PROGRAMADA UNA REUNIÓN CON LOS USURIOS PARA DEFINIR EL PASO A SEGUIR PARA LA CONFORMACIÓN DE UNA JUNTA YA QUE EN EL MOMENTO NO HAY UN RESPONSABLE POR LA ADMINISTRACIÓN Y OPERACIÓN DEL SISTEMA DE ABASTECIMIETO.",Protección sanitaria,Protección sanitaria / fuente,"criadero, vectores. También menciona: Operación y mantenimiento, Gestión administrativa",,,,,,,,Visita 1.2,1,0
97356,LA VICTORIA,ACUEDUCTO RURAL VEREDA LA SIBERIA,ACUEDUCTO RURAL LA SIBERIA,1,2026-05-20,DESFAVORABLE,EDWARD RAUL JAIMES VERA,52.06,"SE DEBE ELABORAR Y PRESENTAR UN PLAN DE CUMPLIMIENTO EN EL QUE SE DESCRIBAN TODAS LAS ACCIONES A IMPLEMENTAR PARA MEJORAR LA CALIFICACIÓN DE LOS INDICADORES DE IRABA, BPS E IRCA, Y POR CONSIGUIENTE MEJORAR EL CONCEPTO SANITARIO Y LA CALIDAD DEL AGUA. EL PLAZO PARA PRESENTAR EL PLAN DE CUMPLIMIENTO ES DE TREINTA (30) DÍAS, NOTA: DECRETO DEPARTAMENTAL 0294/2016. NO HAY CRIADERO DE VECTORES",Protección sanitaria,Protección sanitaria / fuente,"criadero, vectores",2026-04-28,32.55,20260428-7977-VIG,Aceptada,Cerrado,0002,Fisicoquimico y Microbiologico,Visita 1.2 + muestreo 1.7,1,2
88300,LA VICTORIA,ACUEDUCTO RURAL VEREDA RIVERALTA,ACUEDUCTO RURAL VEREDA RIVERALTA,1,2026-02-05,DESFAVORABLE,ANA MILENA MENDEZ ARANA,88.97,"SE RECOMIENDA TENER EN CUENTA LA RES 622/2020 CON EL FIN DE MEJORAR EN CALIDAD Y CANTIDAD, ASI MISMO MEJORAR EN LAS BPS VALORADAS EN 4-2, SE DEBE VOLVER CERO, SE RECOMIENDA PARTICIPAR DE LA MESA TECNICA, INSTALADA EN EL MES DE NOV/25, CON EL FIN DE EXPONER LA SITUACION ACTUAL DEL ACUDUCTO Y PODER TOMAR DESICIONES PARA MEJORAR LA CALIDAD. DEL AGUA DE CONSUMO DE LA VEREDA. NNOTA: DEC 0294/2016, NO SE EVIDENCIO CRIADERO DE MOSQUITOS, SE BRINDA INFORMACION SOBRE TEMA DE CRIADEROS.",Red de distribución,Red / conducción,red. También menciona: Protección sanitaria / fuente,2026-02-16,9.30,20260216-6699-VIG,Aceptada,Cerrado,0001,Fisicoquimico y Microbiologico,Visita 1.2 + muestreo 1.7,1,1
88303,LA VICTORIA,ASOCIACION DE USUARIOS DEL ACUEDUCTO RURAL COMUNITARIO DEL CORREGIMIENTO TAGUALES,ASOCIACION DE USUARIOS DEL ACUEDUCTO RURAL COMUNITARIO DEL ACUEDUCTO TAGUALES,1,2026-05-28,FAVORABLE CON REQUERIMIENTOS,ANA MILENA MENDEZ ARANA,5.82,"EN LA VISITA SE VERIFICO EL ESTADO DE LOS TANQUES DE ALMACENAMIETO; SE OBSERVA EN BUEN ESTADO DE LIMPIEZA Y MANTENIMIENTO, SE VERIFICA QUE ESTAN REALIZANDO PROCESO DE DESINFECCIÓN, SE RECOMIENDA TENER EN CUENTA LAS BPS VALORADAS EN 4-2 Y 1.5 CON EL FIN DE VOLVERLAS CERO. POR LO CUAL SE RECOMIENDA ELABORAR Y PRESENTAR PLAN DE MEJORAMIENTO QUE ABORDE LO HALLADO. PLAZO 30 DÍAS. NOTA: DEC 0294/2016. EN EL RECORRIDO NO SE EVIDENCIÓ PRESENCIA DE MOSQUITOS",Desinfección,Desinfección / cloración,"desinfeccion, desinfección. También menciona: Tanque / almacenamiento, Operación y mantenimiento",2026-04-28,0.00,20260428-7978-VIG,Aceptada,Cerrado,0002,Fisicoquimico y Microbiologico,Visita 1.2 + muestreo 1.7,1,2
88298,LA VICTORIA,ASOCIACION JUNTA ADMINISTRADORA DEL ACUEDUCTO RURAL DE MIRAVALLES- ACUAMIR,ASOCIACION JUNTA ADMINISTRADORA DEL ACUEDUCTO RURAL DE MIRAVALLES-ACUAMIR,1,2026-01-30,DESFAVORABLE,ANA MILENA MENDEZ ARANA,82.19,"SE RECOMIENDA TENER EN CUENTA LA RES 622/2020 CON EL FIN DE MEJORAR EN CALIDAD Y CANTIDAD, ASÍ MISMO LAS BPS VALORADOS EN 4 Y 2 SE DEBEN VOLVER CERO, SE RECOMIENDA PARTICIPAR DE LA MESA TÉCNICA DE AGUA Y SANEAMIENTO INSTALADA EN EL MES DE NOV/25 CON EL FIN DE GESTIONAR LAS NECESIDADES DE ACUAEDUCTOS. DECRETO DEPARTAMENTAL 0294/2016 NO HAY CRIADERO DE VECTORES",Protección sanitaria,Protección sanitaria / fuente,"criadero, vectores",2026-04-28,32.55,20260428-7976-VIG,Aceptada,Cerrado,0002,Fisicoquimico y Microbiologico,Visita 1.2 + muestreo 1.7,1,2
123093,OBANDO,ACUEDUCTO RURAL CORREGIMIENTO SAN JOSE,ACUEDUCTO RURAL CORREGIMIENTO SAN JOSE,1,2026-02-10,DESFAVORABLE,ANA MILENA MENDEZ ARANA,81.96,"SE RECOMIENDA TENER EN CUENTA LA RES 622/2020 CON EL FIN DE MEJORAR EN CALIDAD Y CANTIDAD, ASÍ COMO LAS BPS VALORADAS EN 4 Y 2, VOLVERLAS CERO, ADICIONALEMENTE GESTIONAR CON LA ADMINISTRACIÓN MUNICIPAL ACOGERSE A UN ESQUEMA DIFERENCIAL ACORDE A LAS CARACTERISTICAS DEL ACUEDUCTO - DEC 1898/2016 NOTA: PORFAVOR SE RECOMIENDA CAMBIAR LA RAZÓN SOCIAL NOTA: DECRETO 029/2016 NO SE EVIDENCIÓ CRIADEROS DE VECTORES",Protección sanitaria,Protección sanitaria / fuente,"criadero, vectores. También menciona: Gestión administrativa",2026-02-09,94.57,20260209-6574-VIG,Aceptada,Cerrado,0001,Fisicoquimico y Microbiologico,Visita 1.2 + muestreo 1.7,1,1
110203,OBANDO,ACUEDUCTO RURAL VEREDA PUERTO SAMARIA,ACUEDUCTO RURAL PUERTO SAMARIA,1,2026-05-28,DESFAVORABLE,EDWARD RAUL JAIMES VERA,90.37,"SE DEBE ELABORAR Y PRESENTAR UN PLAN DE CUMPLIMIENTO EN EL QUE SE DESCRIBAN LAS ACCIONES A REALIZAR PARA MEJORAR LA CALIFICACIÓN DE LOS ITEMS TERMINADOS O CALIFICADOS EN 2, 4 O 10 PARA LLEVARLOS A CERO (0) ASÍ MEJORAR EL CONCEPTO SANITARIO Y LA CALIFICACIÓN DE LOS INDICADORES DE IRABA, BPS E IRCA, EL PLAZO PARA PRESENTAR EL PLAN DE CUMPLIMIENTO ES DE TREITA DÍAS (30). NOTA: DECRETO DEPARTAMENTAL 0214/2016 NO HAY CRIADERO DE VECTORES.",Protección sanitaria,Protección sanitaria / fuente,"criadero, vectores",2026-05-12,84.70,20260512-8277-VIG,Aceptada,Cerrado,0002,Fisicoquimico y Microbiologico,Visita 1.2 + muestreo 1.7,1,1
86231,OBANDO,"ASOCIACIÓN DE USUARIOS DEL ACUEDUCTO AGUAS, AGUA Y VIDA YUCATAN Y LIMONES",ASOCIACION DE USUARIOS DEL ACUEDUCTO RURAL DE LAS VEREDAS YUCATAN - LIMONES-AGUAS-AGUA Y VIDA,1,2026-03-24,DESFAVORABLE,ANA MILENA MENDEZ ARANA,81.09,"SE RECOMIENDA TENER EN CUENTA LA RES 622 DE 12020 PARA MEJORAR EN CALIDAD Y CANTIDAD, ASI COMO TENET EN CUENTA LAS BPS VALORADAS EN 4-2-1.5. SE DEBEN VOLVER CERO, ASÍ COMO TENER EN CUANTO EL VALOR DEL IRCA DE DIC 25- ALTA, 76.92%; POR LO ANTERIOR SE RECOMIENDA ELABORAR Y PRESENTAR PLAN DE CUMPLIMIENTO QUE ABORDE LAS FALENCIAS HALLADAS- PLAZO 30 DÍAS NOTA: SE RECOMIENDA REALIZAR ACTUALIZACIÓN DEL NOMBRE DEL ACUEDUCTO DE ACUERDO AL REGISTRO ANTERIOR EN CAMARA Y COMERCIO, ASÍ COMO ACTUALIZAR EL NÚMERO DE CEDULA DE CONTACTO. NOTA: DEC 0294/2016, NO SE EVIDENCIA CRIADERO DE MOSQUITOS EN LA VISITA.",Protección sanitaria,Protección sanitaria / fuente,criadero,2026-05-12,56.73,20260512-8306-VIG,Aceptada,Cerrado,0002,Fisicoquimico y Microbiologico,Visita 1.2 + muestreo 1.7,1,1
86901,OBANDO,ASOCIACION DE USUARIOS DEL ACUEDUCTO EL CHUZO SALEM LIMONES MUNICIPIO DE OBANDO,ASOCIACION DE USUARIOS DEL ACUEDUCTO EL CHUZO-SALEM-LIMONES-ARC,1,2026-06-05,DESFAVORABLE,ANA MILENA MENDEZ ARANA,74.87,"EN LA VISITA SE VERICA QUE NO ESTAN REALIZANDO PROCESO DE DESINFECCIÓN, NO CUENTA CON FONTANERO PAGAN EL JORNAL. CUANDO SE REQUIERE REPARACIÓN DE ALGÚN DAÑO. TENIENDO EN CUENTA LAS BPS VALORADAS EN 4-2 Y 1.5, SE RECOMIENDA VOLVERLAS CERO, ADEMAS DEL ULTIMO VALOR DEL IRCA 87.77 DE MAYO /2026. INVIABLE SANITARIAMENTE SE RECOMIENDA ELABORAR PLAN DE MEJORAMIENTO, ADEMAS DE PRESENTARLO A LA UES VALLE PARA SEGUIMIENTO. PLAZO 30 DÍAS NOTA: DEC 0294/2016 EN LA VISITA NO SE ENVIDENCIAN CRIADEROS DE MOSQUITOS.",Desinfección,Desinfección / cloración,"desinfeccion, desinfección. También menciona: Protección sanitaria / fuente, Operación y mantenimiento",2026-06-23,93.98,20260623-9014-VIG,Aceptada,Cerrado,0001,Fisicoquimico y Microbiologico,Visita 1.2 + muestreo 1.7,1,3
14639,OBANDO,ASOCIACION DE USUARIOS DEL ACUEDUCTO RURAL COMUNITARIO DE LA VEREDA BUENOS AIRES,ACUEDUCTO BUENOS AIRES,1,2026-02-10,FAVORABLE CON REQUERIMIENTOS,EDWARD RAUL JAIMES VERA,24.20,"SE DEBE ELABORAR UN PLAN DE CUMPLIMIENTO EN EL QUE SE DESCRIBAN LAS ACCIONES A REALIZAR PARA MEJORAR LA CALIFICACIÓN DE LOS ÍTEMS CALIFICADOS CON UNO (1), DOS (2) Y CUATRO (4) Y/O DIEZ (10) Y DE ESTA MANERA MEJORAR LOS INDICADORES DE IRCA, IRABA Y BPS ASÍ COMO EL CONCEPTO SANITARIO Y LA CALIDAD DE AGUA EN GENERAL. REALIZAR EL MANTENIMIENTO Y OPERACIÓN DE LOS FILTROS SIGUIENDO LAS INSTRUCCIONES DEL FABRICANTE. EL PLAN DE CUMPLIMIENTO SE DEBE PRESENTAR EN PLAZO DE TREINTA (30) DÍAS DECRETO DEPARTAMENTAL 0294/2016 NO HAY CRIADEROS DE VECTORES",Tratamiento,Tratamiento / filtración,"filtro. También menciona: Protección sanitaria / fuente, Operación y mantenimiento",2026-02-09,0.00,20260209-6557-VIG,Aceptada,Cerrado,FILTRO EKOFIL,Fisicoquimico y Microbiologico,Visita 1.2 + muestreo 1.7,1,1
86910,OBANDO,ASOCIACION DE USUARIOS DEL ACUEDUCTO RURAL COMUNITARIO DE LA VEREDA MARCOPOLIS,ASOCIACION DE USUARIOS DEL ACUEDUCTO RURAL COMUNITARIO DE LA VEREDA MARCOPOLIS.,1,2026-06-06,DESFAVORABLE,ANA MILENA MENDEZ ARANA,65.16,EN LA VISITA SE EVIDENCIA QUE NO ESTAN REALIZANDO NINGUN PROCESO PARA EL TRATAMIENTO DEL AGUA DE CONSUMO; REALIZAN ACCIONES EN EL HOGAR COMO HERVIR EL AGUA; SE RECOMIENDA TENER EN CUENTA LAS BPS VALORADAS EN 4-2 Y 1.5 SE DEBEN VOLVER CERO Y ADEMAS DADO EL VALOR DEL IRCA DEL MES DE MARZO/26 -87.77% INVIABLE SANITARIAMENTE SE RECOMIENDA ELABORAR Y PRESENTAR PLAN DE MEJORAMIENTO PARA ABORDAR LO ENCONTRADO PLAZO 30 DÍAS. NOTA: DEC 0294/2016 EN LA VISITA NO SE ENVIDENCIAN CRIADEROS DE MOSQUITOS.,Tratamiento,Tratamiento / filtración,"tratamiento. También menciona: Protección sanitaria / fuente, Gestión administrativa",2026-06-23,91.72,20260623-9023-VIG,Aceptada,Cerrado,0002,Fisicoquimico y Microbiologico,Visita 1.2 + muestreo 1.7,1,2
88222,OBANDO,ASOCIACION DE USUARIOS DEL ACUEDUCTO RURAL COMUNITARIO DEL CORREGIMIENTO DE SAN ISIDRO,ACUEDUCTO SAN ISIDRO,1,2026-06-13,DESFAVORABLE,EDWARD RAUL JAIMES VERA,68.27,"SE DEBE ELABORAR Y PRESENTAR UN PLAN DE CUMPLIMIENTO EN EL QUE SE DESCRIBAN TODAS LAS ACTIVIDADES QUE SE VAN A REALIZAR PARA MEJORAR LAS CONDICIONES DE OPERACION Y MANTENIMIENTO DEL SISTEMA Y GENERAL PARA MEJORAR LA CALIFICACION DE LOS ITEMS CALIFICADOS EN LA PRESENTE ACTA DE VISITA PARA ASI MEJORAR LA CALIFICACION DE LOS INDICADORES DE IRABA, BPS E IRCA Y POR CONSIGUIENTE MEJORAR LA CALIDAD DEL AGUA Y EL CONCEPTO SANITARIO. EL PLAN DE CUMPLIMIENTO DEBE SER PRESENTADO EN UN PLAZO DE 30 DIAS NOTA: DECRETO DEPARTAMENTAL 0294/2016 NO SE VIDENCIA CRIADERO DE VECTORES. LA PRESIDENTE DE LA JUNTA DE ACCION COMUNAL ATIENDE LA VISITA MANIFIESTA QUE DESDE QUE SE CAMBIARON LOS LECHOS FILTRANTES DE LA PLANTA DE TRATAMIENTO, LOS FILTROS PRESENTAN PROBLEMAS Y TUVIERON QUE SUSPENDER LA OPERACION DE LA FIME ASI COMO EL PROCESO DE DESINFECION YA QUE CON EL AGUA SIN TRATAR LLEGA MUY TURBIA.",Tratamiento,Tratamiento / filtración,"tratamiento, filtro. También menciona: Protección sanitaria / fuente, Operación y mantenimiento",2026-06-23,84.96,20260623-9018-VIG,Aceptada,Cerrado,0002,Fisicoquimico y Microbiologico,Visita 1.2 + muestreo 1.7,1,1
88218,OBANDO,ASOCIACION DE USUARIOS DEL ACUEDUCTO Y ALCANTARILLADO DE VILLA RODAS # 1,ASOCIACION DE USUARIOS DEL ACUEDUCTO Y ALCANTARILLADO VILLA RODAS #1,1,2026-02-10,DESFAVORABLE,SAIR HAIRTON IBARGUEN RENTERIA,59.96,"DURANTE EL RECORRIDO SE EVIDENCIA QUE EL ACUEDUCTO NO ESTA REALIZANDO DESINFECCIÓN, LA MAYORIA DE LA POBLACIÓN CUENTA CON TRATAMIENTO A NIVEL DOMICILIARIO, ES NECESARIO DOCUMENTAR CADA UNA DE LAS ACTIVIDADES QUE SE REALIZAN EN RELACIÓN A LA OPERACIÓN Y MANTENIMIENTO DEL ACUEDUCTO ESTO CON EL FIN DE MEJORAR LAS INDICADORES DE IRCA, IRABA Y BPS. NOTA=DECRETO DEPARTAMENTAL 0294/2016 NO SE EVIDENCIA CRIADEROS DE VECTORES",Desinfección,Desinfección / cloración,"desinfeccion, desinfección. También menciona: Tratamiento / filtración, Protección sanitaria / fuente",2026-02-09,94.57,20260209-6560-VIG,Aceptada,Cerrado,0001,Fisicoquimico y Microbiologico,Visita 1.2 + muestreo 1.7,1,1
14638,OBANDO,ASOCIACION DE USUARIOS DEL ACUEDUCTO Y ALCANTARILLADO DE VILLA RODAS # 2,ASOCIACION DE USUARIOS DEL ACUEDUCTO Y ALCANTARILLADO VILLA RODAS #2,1,2026-02-13,,SAIR HAIRTON IBARGUEN RENTERIA,58.93,"SE EVIDENCIA CARENCIA EN LA ELABORACION DE DOCUMENTOS RELACIONADOS CON LA OPERACION Y MANTENIMIENTO DEL ACUEDUCTO. GESTIONAR ORIENTACIONES PARA EL MANEJO Y MANTENIMIENTO DEL AGUA A NIVEL HOGAR, REALIZAR ACCIONES EN PRO DE MEJORAR LOS INDICADORES DE IRCA, IRBA, BPS. NOTA: DECRETO DEPARTAMENTAL 0294-2016 NO SE EVIDENCIA CRIADERO DE VECTORES.",Protección sanitaria,Protección sanitaria / fuente,"criadero, vectores. También menciona: Operación y mantenimiento",2026-02-09,94.57,20260209-6563-VIG,Aceptada,Cerrado,0002,Fisicoquimico y Microbiologico,Visita 1.2 + muestreo 1.7,1,1
107348,OBANDO,JUNTA ADMINISTRADORA ACUEDUCTO CRUCES,ACUEDUCTO CRUCES,1,2026-03-07,DESFAVORABLE,SAIR HAIRTON IBARGUEN RENTERIA,90.37,"DURANTE LA VISITA AL SISTEMA DE ABASTO SE EVIDENCIA FALTA DE MANTENIMIENTO DE FIME. SEGUN MANIFESTO EL FONTANERO, JUNTO CON LA ADMINISTRACION MUNICIPAL SE VAN A REALIZAR EDUCACIONES A LAS ESTRUCTURAS EXISTENTES Y LA CONSTRUCCION DEL DESARENADOR, CON EL FIN DE SOLUCIONAR LA PROLEMATICA DE LAS ALTOS NIVELES DE TURBIEDAD ES NECESARIO REALIZAR PLAN DE ACCION O CUMPLIMIENTO TENIENDO EN CUENTA LOS ITEM`S VALORADOS NEGATIVAMENTE O PARCIALMENTE EN EL PRESENTE ACTA CON EL FIN DE MEJORAR LAS INDICADORES DE IRABA, IRCA Y BPS 30 DIAS. NOTA: DECRETO 0294-2016: NO EXISTEN CRIADEROS DE MOSQUITOS.",Captación,Captación / bocatoma,"desarenador. También menciona: Protección sanitaria / fuente, Operación y mantenimiento",2026-05-12,86.52,20260512-8307-VIG,Aceptada,Cerrado,0002,Fisicoquimico y Microbiologico,Visita 1.2 + muestreo 1.7,1,2
87875,OBANDO,JUNTA ADMINISTRADORA ACUEDUCTO SALEM,JUNTA DE ACCION COMUNAL DE LA VEREDA SALEM,1,2026-06-05,DESFAVORABLE,ANA MILENA MENDEZ ARANA,85.31,"EN LA VISITA SE VERIFICA QUE LA PLANTA DE TRATAMIENTO COMPACTA SE ENCUENTRA ABANDONADA, MANIFIESTAN QUE DADO EL PRESUPUESTO DE OPERACION NO ES VIABLE. SU FUNCIONAMIENTO, TAMPOCO REALIZAN PROCESO DE DESINFECCION, REALIZAN ACCIONES EN EL HOGAR PARA EL CONSUMO DE AGUA, SE RECOMIENDA TENER EN CUENTA LAS BPS VALORADAS EN 4-2 Y 1.5 SE DEBEN VOLVER CERO, Y TENIENDO EN CUENTA EL ULTIMO VALOR DEL IRCA. 85.31 INVIABLE SANITARIAMENTE SE RECOMIENDA ELABORAR Y PRESENTAR PLAN DE MEJORAMIENTO. PLAZO 30 DIAS. NOTA: DEC 0294/2016 EN LA VISITA NO SE OBSERVO PRESENCIA DE CRIADEROS DE MOSQUITOS.",Desinfección,Desinfección / cloración,"desinfeccion, desinfección. También menciona: Tratamiento / filtración, Protección sanitaria / fuente",2026-06-23,54.13,20260623-9016-VIG,Aceptada,Cerrado,0002,Fisicoquimico y Microbiologico,Visita 1.2 + muestreo 1.7,1,1
34627,PRADERA,ACUEDUCTO LA FERIA - PLANADA,TANQUE LA FERIA,3,,,,,,Sin dato,Sin observación técnica,Sin observación para clasificar,2026-03-17,43.17,20260317-7293-VIG,Aceptada,Cerrado,SD,Fisicoquimico y Microbiologico,Muestreo 1.7,0,2
31578,PRADERA,ASOCIACION COMUNITARIA ADMINISTRADORA DEL ACUEDUCTO DEL CORREGIMIENTO DE LOMITAS MUNICIPIO DE PRADERA - ACUASALUD LOMITAS,PTAP LOMITAS,3,,,,,,Sin dato,Sin observación técnica,Sin observación para clasificar,2026-06-23,,20260623-9025-VIG,Aceptada,Abierto,0143,Fisicoquimico y Microbiologico,Muestreo 1.7,0,3
33117,PRADERA,ASOCIACION COMUNITARIA ADMINISTRADORA DEL ACUEDUCTO DEL CORREGIMIENTO EL RECREO MUNICIPIO DE PRADERA - ACUAVIDA-EL RECREO,PTAP ACUAVIDA-EL RECREO,3,,,,,,Sin dato,Sin observación técnica,Sin observación para clasificar,2026-06-23,,20260623-9022-VIG,Aceptada,Abierto,SIN DATO,Fisicoquimico y Microbiologico,Muestreo 1.7,0,3
34629,PRADERA,ASOCIACION COMUNITARIA ADMINISTRADORA DEL ACUEDUCTO DOMESTICO DEL CORREGIMIENTO DE POTRERITO MUNICIPIO DE PRADERA VALLE,PTAP POTRERITO,3,,,,,,Sin dato,Sin observación técnica,Sin observación para clasificar,2026-03-17,0.00,20260317-7286-VIG,Aceptada,Cerrado,0182,Fisicoquimico y Microbiologico,Muestreo 1.7,0,2
104022,PRADERA,JUNTA ADMINISTRADORA ACUEDUCTO COMUNITARIO SAN ISIDRO,EL TAMBOR # 11,3,,,,,,Sin dato,Sin observación técnica,Sin observación para clasificar,2026-02-23,69.17,20260223-6832-VIG,Aceptada,Cerrado,1901,Fisicoquimico y Microbiologico,Muestreo 1.7,0,1
104718,PRADERA,JUNTA ADMINISTRADORA ACUEDUCTO CORREGIMIENTO BOLIVAR - ACUASALUD BOLIVAR,ACUASALUD BOLIVAR (TANQUE ESCUELA).,3,,,,,,Sin dato,Sin observación técnica,Sin observación para clasificar,2026-06-23,,20260623-9042-VIG,Aceptada,Abierto,SIN DATO,Fisicoquimico y Microbiologico,Muestreo 1.7,0,2
112090,RESTREPO,ACUAPALTRES ASOCIACION DE USUARIOS DEL ACUEDUCTO TRES PUERTAS,ASOCIACION DE USUARIOS DEL ACUEDUCTO TRES PUERTAS - ACUAPALTRES,2,,,,,,Sin dato,Sin observación técnica,Sin observación para clasificar,2026-02-23,0.00,20260223-6831-VIG,Aceptada,Cerrado,76606-,Fisicoquimico y Microbiologico,Muestreo 1.7,0,1
103474,RESTREPO,ACUEDUCTO AGUALINDA BAJO,AGUA LINDA BAJA,2,2026-01-27,DESFAVORABLE,VALERIA PATIÑO HERNANDEZ,87.43,"EN VISIA SE OBSERVAN ESTRUCTURAS DE BOCATOMA SIN REJILLA, DESARENADOR Y TANQUE EN REGULAR ESTAD CON FISURAS Y FILTRACIONES POR LO QUE REQUIERE INTERVENCION PRIORITARIA PARA EVITAR EL INGRESO DE TERCEROS Y ANIMALES. SE REQUIERE TAMBIEN LEGALIZAR JUNTA DE ACUEDUCTO, REACTIVAR SISTEMA DE DESINFECCION EN LINEA CON APLICACION DE PASTILLAS DE COLO YA QUE EXISTE UN SUSCRIPTOR SIN SOLUCION INDIVIDUAL FILTRO EKOFIL. SE DEBE LLEVAT BITACORA O REGISTRO DE TODAS LAS ACTIVIDADES QUE SE REALIZAN EN EL ACUEDUCTO. SE PROGRAMARA MUSTREO PARA REALIZAR SEGUIMIENTO A FILTROS.",Desinfección,Desinfección / cloración,"desinfeccion, desinfección. También menciona: Tratamiento / filtración, Captación / bocatoma",2026-03-16,0.00,20260316-7225-VIG,Aceptada,Cerrado,76606,Fisicoquimico y Microbiologico,Visita 1.2 + muestreo 1.7,1,2
116231,RESTREPO,ACUEDUCTO ALTO DEL OSO - LA ESPERANZA,ACUEDUCTO ALTO DEL OSO - LA ESPERANZA,2,2026-01-28,FAVORABLE CON REQUERIMIENTOS,VALERIA PATIÑO HERNANDEZ,0.00,"EN VISTA SE OBSERVA BOCATOMA EN MAL ESTADO CON FILTRACIONES POR LO QUE SE REQUIERE INTERVENCION PRIORITARIA, EL RESTO DE ESTRUCTURAS SE OBSERVAN CON DESGASTES NORMAL POR USO Y TIEMPO. EXISTE SISTEMA DE CLORACION POR FLOTADOR EN TANQUE DE ALMACENAMIENTO PERO ESTE ES INEFICIENTE POR PRESENCIA DE REBOSE. SE REQUIERE LEGALIZAR JUNTA DE ACUEDUCTO, CERTIFICAR A FONTANERO EN COMPETENCIAS LABORALES, REALIZAR CERRAMIENTO PERIMETRAL DE LAS ESTRUCTURAS, REACTIVAR CLORADOR EN LINEA, LLEVAR BITACORA O REGISTRO DE TODAS LAS ACTIVIDADES QUE SE REALIZAN EN EL ACUEDUCTO INCLUYENDO REPARACION DE FUGAS, CONSTRUIR PUNTO DE MUESTREO E INSTALAR VALVULAS DE PURGA.",Desinfección,Desinfección / cloración,"cloracion, cloración, clorador. También menciona: Tratamiento / filtración, Captación / bocatoma",2026-05-20,87.76,20260520-8436-VIG,Aceptada,Cerrado,76606,Fisicoquimico y Microbiologico,Visita 1.2 + muestreo 1.7,1,1
114304,RESTREPO,ACUEDUCTO ALTO DEL OSO LA FLORIDA,ACUEDUCTO ALTO DEL OSO LA FLORIDA Y LA CAMELIA,2,,,,,,Sin dato,Sin observación técnica,Sin observación para clasificar,2026-05-20,21.58,20260520-8438-VIG,Aceptada,Cerrado,76606-2,Fisicoquimico y Microbiologico,Muestreo 1.7,0,1
134111,RESTREPO,ACUEDUCTO ALTO DEL OSO LA FLORIDA Y LA CAMELIA,ACUEDUCTO ALTO DEL OSO LA FLORIDA Y LA CAMELIA,2,2026-06-25,DESFAVORABLE,VALERIA PATIÑO HERNANDEZ,57.55,"SE OBSERVA ESTRUCTURAS BASICAS (CAPTACION Y TANQUE) FUNCIONANDO CON NORMALIDAD, NO CUENTAN CON SISITEMA DE DESINFECCION. SE RECOMIENDA TRASLADAR SISTEMA DE FILTRACION A PARTE ALTA Y CAMBIAR MATERIAL FILTRANTE PARA REACTIVAR SISTEMA Y AUMENTAR PRESION EN SISTEMA. SE REQUIERE LEGALIZAR JUNTA DE ACUEDUCTO, CERTIFICAR A FONTANERO EN COMPETENCIAS LABORALES Y DOTARLO DE ELEMENTOS DE PROTECCION PERSONAL, SE DEBE SEÑALIZAR ESTRUCTURAS, INSTALAR VALVULAS DE PURGA, CONSTRUIR PUNTOS DE MUESTREO Y LLEVAR BITACORA DE TODAS LAS ACTIVIDADES QUE SE REALIZAN EN EL ACUEDUCTO INCLUYENDO REPARACION DE FUGAS",Desinfección,Desinfección / cloración,"desinfeccion, desinfección. También menciona: Tratamiento / filtración, Captación / bocatoma",2026-05-20,57.55,20260520-8439-VIG,Aceptada,Cerrado,76606-1,Fisicoquimico y Microbiologico,Visita 1.2 + muestreo 1.7,2,1
119603,RESTREPO,ACUEDUCTO COMUNITARIO SAN MARTIN 1,ALTO DEL OSO SAN MARTIN 1,2,2026-05-07,DESFAVORABLE,VALERIA PATIÑO HERNANDEZ,54.54,"EN VISITA SE OBSERVA QUE LA ADMINISTRACIÓN MUNICIPAL INSTALÓ PLANTA DE TRATAMIENTO COMPACTA Y FALTA ULTIMAR DETALLES PARA INICIAR CON SU OPERACIÓN. EL ACUEDUCTO DEBE SOLICITAR CAPACITACIÓN EN OPERACIÓN Y MANTENIMIENTO DEL SISTEMA, ASÍ COMO EL DOCUMENTO DIGITAL Y EN FISICO PARA SU CONSULTA. ES IMPORTANTE LEGALIZAR JUNTA DE ACUEDUCTO, CAPACITAR Y CERTIFICAR FONTANERO ASI COMO DOTARLO DE ELEMENTOS DE PROTECCIÓN PERSONAL, SE DEBE MEJORAR CERRAMIENTO PERIMETRAL DE ESTRUCTURAS Y LLEVAR BITACORA O REGISTRO CON TODAS LAS ACTIVIDADES QUE SE REALIZAN EN EL ACUEDUCTO, DE LOS 13 SUSCRIPTORES, 9 CUENTAN CON SOLUCIONES INDIVIDUALES FILTROS EKOFIL",Tratamiento,Tratamiento / filtración,"tratamiento, filtro, soluciones individuales. También menciona: Protección sanitaria / fuente, Operación y mantenimiento",2026-06-22,,20260622-8978-VIG,0,0,76606-1,Fisicoquimico y Microbiologico,Visita 1.2 + muestreo 1.7,1,3
120388,RESTREPO,ACUEDUCTO LA SOLEDAD,ACUEDUCTO LA SOLEDAD,2,2026-01-29,DESFAVORABLE,VALERIA PATIÑO HERNANDEZ,72.84,"en visita se observa que la administración municipal se encuentra en proceso de Instalación de TAP compacta, igualmente 13 de los suscriptores cuentan con soluciones individuales filtros ekofil. se requiere legalizar junta de acueducto mejorar cerramiento perimetral de las estructuras para evitar el ingreso de terceros, solicitar a contratista manual de operación y mantenimiento de la Planta instalada, certificar a persona en competencias laborales y llevar bitácora o registro de todas las actividades que se realizan en acueducto",Tratamiento,Tratamiento / filtración,"filtro, soluciones individuales. También menciona: Protección sanitaria / fuente, Operación y mantenimiento",2026-06-22,,20260622-8976-VIG,0,0,76606-1,Fisicoquimico y Microbiologico,Visita 1.2 + muestreo 1.7,1,2
58639,RESTREPO,ACUEDUCTO RURAL AGUACATE POTRERILLO AGUAPOT,AGUAPOT,2,2026-05-14,FAVORABLE CON REQUERIMIENTOS,VALERIA PATIÑO HERNANDEZ,20.05,"SE OBSERVA PLANTA FIME FUNCIONANDO CON NORMALIDAD AL IGUAL QUE EL SISTEMA DE DESINFECCION POR GOTEO. SE REQUIERE INSTALAR MACROMEDICION DE ENTRADA A PLANTA Y SALIDA DEL TANQUE, ASI COMO REGLETA PARA MEDICION DE NIVEL, SE DEBE SEÑALIZAR PLANTA Y TANQUE DE ALMACENAMIENTO. SE DEBE DOCUMENTAR MANUAL DE OPERACION Y MANTENIMIENTO DE LA PLANTA, LIMPIEZA Y DESINFECCION Y REPARACION DE DAÑOS. SE DEBE ADECUAR AREA PARA DESCANSO Y ALMACENAMIENTO EN PLANTA, SE REQUIERE REALIZAR ADECUACION DEL TANQUE DE ALMACENAMIENTO YA QUE SE ENCUENTRA EN REGULAR ESTADO SE DILIGENCIA ACTA DE ACTUALIZACION ANUAL DE PUNTOS DE MUESTREO (5 PUNTOS)",Desinfección,Desinfección / cloración,"desinfeccion, desinfección, goteo. También menciona: Tanque / almacenamiento, Operación y mantenimiento",2026-04-20,0.00,20260420-7788-VIG,Aceptada,Cerrado,76606-3,Fisicoquimico y Microbiologico,Visita 1.2 + muestreo 1.7,1,2
130096,RESTREPO,ACUEDUCTO RURAL ALTO ZABALETAS,ACUEDUCTO RURAL ALTO ZABALETAS,2,2026-05-05,DESFAVORABLE,VALERIA PATIÑO HERNANDEZ,73.95,"ESTRUCTURAS BASICAS (CAPTACION, DESARENADOR Y TANQUE) FUNCIONALES CON DESGASTE NORMAL POR USO Y TIEMPO. NO CUENTAN CON SISTEMA DE DESINFECCION ACTIVO. SE REQUIERE CONFORMAR Y LEGALIZAR JUNTA DE ACUEDUCTO CON EL FIN DE FACILITAR GESTION ANTE LA ADMINISTRACION MUNICIPAL Y DEMAS ENTES COMPETENTES PARA EL APOYO TECNICO Y ECONOMICO PARA EL MEJORAMIENTO DE LA INFRAESTRUCTURA EXISTENTE E IMPLMENTACION DE PROCESOS DE TRATAMIENTO DEL AGUA. SE RECOMIENDA DEFINIR APORTE ECONOMICO POR SUSCRIPTOR QUE PERMITA EL AUTOSOSTENIMIENTO E INVERSION DEL ACUEDUCTO.",Desinfección,Desinfección / cloración,"desinfeccion, desinfección. También menciona: Tratamiento / filtración, Captación / bocatoma",2026-02-16,85.89,20260216-6713-VIG,Aceptada,Cerrado,76606-2,Fisicoquimico y Microbiologico,Visita 1.2 + muestreo 1.7,1,1
119605,RESTREPO,ACUEDUCTO RURAL SAN MARTIN 2,ALTO DEL OSO SAN MARTIN 2,2,2026-01-28,DESFAVORABLE,VALERIA PATIÑO HERNANDEZ,32.55,"ENVISITA SE OBSERVA BOCATOMA CON FILTRACIONES POR LO QUE REQUIERE INTERVENCION PRIORITARA. SE REQUIERE CERRAMIENTO PERIMETRAL DE LAS ESTRUCTURAS Y CANALIZAR REBOSE EN TANQUE PARA EVITAR EMPOZAMIENTO DE AGUA. SE DEBE REALIZAR LIMPIEZA DE GUADUA Y MALEZA DEL TANQUE, LEGALIZAR JUNTA DE ACUEDUCTO, INSTALAR VÁLVULAS DE PURGA PARA LA LIMPIEZA DE LA RED, LLEVAR BITACORA O REGISTRO DE TODAS LAS ACTIVIDADES QUE SE REALIZAN EN EL ACUEDUDO INCLUVENDO REPARACIÓN DE FUGAS. SE DEBE AUMENTAR CUOTA POR USUANO",Tratamiento,Tratamiento / filtración,"filtracion, filtración. También menciona: Captación / bocatoma, Tanque / almacenamiento",2026-06-22,,20260622-8979-VIG,0,0,76606,Fisicoquimico y Microbiologico,Visita 1.2 + muestreo 1.7,1,2
70676,RESTREPO,ACUEDUCTO RURAL TABLEROS ACUAVALLE S.A ESP,ACUEDUCTO RURAL TABLEROS ACUAVALLE S.A ESP,2,2026-05-05,FAVORABLE,VALERIA PATIÑO HERNANDEZ,0.00,"PLANTA DE TIPO CONVENCIONAL OPERANDO CON NORMALIDAD. SE REQUIERE: CERTIFICAR AUXILIARES OPERATIVOS Y DE REDES EN COMPETENCIAS LABORALES, ELIMINAR GOTERAS Y HUMEDADES EN EDIFICACIÓN PRINCIPAL, SEÑALIZAR ÁREAS Y PROCESOS DE TRATAMIENTO, ASÍ COMO AVISO ALUSIVO A ESPACIOS LIBRES DE HUMO DE TABACO, DOCUMENTAR PROCEDIMIENTO PARA REPARACIÓN DE DAÑOS, OPERACIÓN Y MANTENIMIENTO DE LA PLANTA Y LIMPIEZA Y DESINFECCIÓN.",Desinfección,Desinfección / cloración,"desinfeccion, desinfección. También menciona: Tratamiento / filtración, Red / conducción",2026-02-16,0.00,20260216-6714-VIG,Aceptada,Cerrado,76606-2,Fisicoquimico y Microbiologico,Visita 1.2 + muestreo 1.7,1,1
116423,RESTREPO,ASOCIACION ACUEDUCTO COMUNITARIO QUEBRADA CALABAZAS- SAN PABLO - ACOCALABAZAS,ASOCIACION ACUEDUCTO COMUNITARIO QUEBRADA CALABAZAS- SAN PABLO - ACOCALABAZAS,2,2026-05-08,DESFAVORABLE,VALERIA PATIÑO HERNANDEZ,71.31,"ESTRUCTURAS BASICAS (CAPTACIONES, DESARENADOR Y TANQUE CON CASETA DE CLORACION) FUNCIONALES EN BUEN ESTADO. EL SISTEMA DE DESINFECCION SE ENCUENTRA ACTIVO. SE REQUIERE INSTALAR FLOTADOR EN TANQUE PARA OPTIMIZAR SISTEMA DE DESINFECCION, SE DEBE CERTIFICAR FONTANERO EN MANEJO DE PLANTAS, INSTALAR MACRO Y MICRO MEDICION, DOCUMENTAR MANUALES DE REPARACION DE FUGAS, OPERACION Y MANTENIMIENTO Y LIMPIEZA Y DESINFECCION. SE DEBE LLEVAR BITACORA O REGISTRO DE TODAS LAS ACTIVIDADES QUE SE REALIZAN EN EL ACUEDUCTO INCLUYENDO REPARACION DE FUGAS.",Desinfección,Desinfección / cloración,"cloracion, cloración, desinfeccion, desinfección. También menciona: Captación / bocatoma, Tanque / almacenamiento",2026-05-20,0.00,20260520-8440-VIG,Aceptada,Cerrado,76606-1,Fisicoquimico y Microbiologico,Visita 1.2 + muestreo 1.7,1,1
133061,RESTREPO,ASOCIACIÓN DE ACUEDUCTO VEREDAL ALTO SAN PABLO,ASOCIACIÓN DE ACUEDUCTO VEREDAL ALTO SAN PABLO,2,2026-05-13,DESFAVORABLE,VALERIA PATIÑO HERNANDEZ,90.37,"SE OBSERVA PLANTA COMPACTA INSTALADA POR LA ADMINISTRACION MUNICIPAL EN NORMAL FUNCIONAMIENTO CON EL SISTEMA DE DESINFECCION. SE RECOMIENDA IMPLEMENTAR DESARENADOR O FILTRO PREVIO A LA PLANTA PARA REDUCIR EL NIVEL DE TURBIEDAD QUE LE LLEGA. SE REQUIERE CERTIFICAR A FONTANERO EN COMPETENCIAS LABORALES, REALIZAR CERRAMIENTO PERIMETRAL DEL SISTEMA PARA EVITAR EL INGRESO A TERCEROS, ASI COMO SEÑALIZAR AREA Y DOTAR A FONTANERO DE ELEMENTOS DE PROTECCION PERSONAL (GUANTES, GAFAS, CARETA) PARA LA MANIPULACION DEL CLORO, SE DEBEN CONSTRUIR PUNTOS DE MUESTREO, LLEVAR BITACORA O REGISTRO DE TODAS LAS ACTIVIDADES QUE SE REALIZAN EN EL ACUEDUCTO INCLUYENDO REPARACION DE FUGAS Y DOCUMENTAR MANUAL DE OPERACION Y MANTENIMIENTO DE LA PLANTA SE DILIGENCIA ACTA DE ACTUALIZACION ANUAL DE PUNTOS DE MUESTREO (3 PUNTOS)",Desinfección,Desinfección / cloración,"cloro, desinfeccion, desinfección. También menciona: Tratamiento / filtración, Captación / bocatoma",2026-06-22,,20260622-8980-VIG,0,0,76606--2,Fisicoquimico y Microbiologico,Visita 1.2 + muestreo 1.7,1,1
109633,RESTREPO,ASOCIACION DE BENEFICIARIOS DEL APROVISIONAMIENTO DEL MANANTIAL RIO GRANDE TRES PIEDRAS,ASOCIACION DE BENEFICIARIOS DEL APROVISIONAMIENTO DEL MANANTIAL RIO GRANDE TRES PIEDRAS (ANTES DOS PIEDRAS),2,,,,,,Sin dato,Sin observación técnica,Sin observación para clasificar,2026-04-20,12.12,20260420-7790-VIG,Aceptada,Cerrado,76606,Fisicoquimico y Microbiologico,Muestreo 1.7,0,2
115373,RESTREPO,ASOCIACION DE SUSCRIPTORES DEL SISTEMA DE SUMINISTRO DE AGUA RURAL COMUNITARIA LA VEREDA LA ALBANIA ASOAGUALBANIA,LA ALBANIA,2,2026-03-25,DESFAVORABLE,VALERIA PATIÑO HERNANDEZ,34.37,"ESTRUCTURAS BASICAS (CAPTACION, DESARENADOR, TANQUE) FUNCIONALES Y EN BUEN ESTADO, EL SISTEMA DE DESINFECCION EN LINEA SE ENCUENTRA ACTIVO PERO REQUIERE SEGUIMIENTO, SE DEBE CERTIFICAR A FONTANERO EN COMPETENCIAS LABORALES, REALIZAR CERRAMIENTO DE ESTRUCTURAS, CONSTRUIR PUNTOS DE MUESTREO, LLEVAR REGISTRO O BITACORA DE TODAS LAS ACTIVIDADES QUE SE REALIZAN EN EL ACUEDUCTO INCLUYENDO REPARACION DE FUGAS. SE RECOMIENDA GESTIONAR ANTE LA ADMINISTRACION MUNICIPAL EL APOYO Y LOS RECURSOS ECONOMICOS PARA IMPLEMENTAR SISTEMA DE FILTRACION QUE PERMITA MEJORAR LA CALIDAD DEL AGUA PARA CONSUMO HUMANO.",Desinfección,Desinfección / cloración,"desinfeccion, desinfección. También menciona: Tratamiento / filtración, Captación / bocatoma",2026-06-10,31.50,20260610-8832-VIG,Aceptada,Cerrado,76606-1,Fisicoquimico y Microbiologico,Visita 1.2 + muestreo 1.7,1,2
65691,RESTREPO,ASOCIACION DE USUARIOS DEL ACUEDUCTO ACUA PUERTA NEGRA,ASOCIACION DE USUARIOS DEL ACUEDUCTO ACUA PUERTA NEGRA,2,2026-05-27,FAVORABLE CON REQUERIMIENTOS,VALERIA PATIÑO HERNANDEZ,0.00,"SE OBSERVA PLANTA OPERANDO CON NORMALIDAD Y SISTEMA DE DESINFECCION EN LINEA ACTIVO SE DEBE CERTIFICAR A FONTANERO EN OPERACION DE PLANTA DE TRATAMIENTO ASI COMO DOTAR DE ELEMENTOS DE PROTECCION PERSONAL, SE DEBE SEÑALIZAR PLANTA SE DEBE DOCUMENTAR MANUALES Y PROCEDIMIENTOS Y LLEVAR BITACORAS O REGISTROS DE TODAS LAS ACTIVIDADES QUE SE REALIZAN EN EL ACUEDUCTO INCLUYENDO REPARACION DE FUGAS.",Desinfección,Desinfección / cloración,"desinfeccion, desinfección. También menciona: Tratamiento / filtración, Red / conducción",2026-06-10,0.00,20260610-8824-VIG,Aceptada,Cerrado,76606-2,Fisicoquimico y Microbiologico,Visita 1.2 + muestreo 1.7,1,2
103473,RESTREPO,ASOCIACION DE USUARIOS DEL ACUEDUCTO AGUALINDA ALTO,AGUA LINDA ALTO,2,2026-01-27,DESFAVORABLE,VALERIA PATIÑO HERNANDEZ,58.23,"EN VISITA SE OBSERVAN ESTRUCTURAS FUNCIONALES CON DESGASTE NORMAL POR USO Y TIEMPO, SE REQUIERE REALIZAR CERRAMIENTO PERIMETRAL PARA EVITAR EL INGRESO A TERCEROS, ASI COMO REALIZAR ZANJA PARA EVITAR EL EMPOZAMIENTO DE AGUA AL REDEDOR DE LAS ESTRUCTURAS. SE DEBE LLEVAR BITACORA O REGISTRO DE TODAS LAS ACTIVIDADES QUE SE REALIZAN EN EL ACUEDUCTO INCLUYENDO REPARACION DE FUGAS. AUN QUE TODOS LOS SUSCRIPTORES CUENTAN CON SOLUCIONES INDIVIDUALES, FILTROS EKOFIL. SE DEBEN GESTIONAR ANTE LA ADMINISTRACION MUNICIPAL EL APOYO Y LOS RECURSOS ECONOMICOS PARA IMPLEMENTAR SISTEMA DE FILTRACION",Tratamiento,Tratamiento / filtración,"filtro, filtracion, filtración, soluciones individuales. También menciona: Red / conducción, Protección sanitaria / fuente",2026-03-16,0.00,20260316-7228-VIG,Aceptada,Cerrado,76606,Fisicoquimico y Microbiologico,Visita 1.2 + muestreo 1.7,1,2
62249,RESTREPO,ASOCIACION DE USUARIOS DEL ACUEDUCTO DE LA CUENCA DEL ALTO CIELO Y LA TESALIA ESP,ASOCIACION DE USUARIOS DEL ACUEDUCTO DE LA CUENCA DEL ALTO CIELO Y LA TESALIA ESP,2,2026-06-26,DESFAVORABLE,VALERIA PATIÑO HERNANDEZ,46.71,"ESTRUCTURAS BÁSICAS (CAPTACIONES, DESARENADORES Y TANQUES) FUNCIONALES CON DESGASTE NORMAL POR USO Y TIEMPO, NO CUENTAN CON SISTEMA DE DESINFECCIÓN POR LO QUE SE REQUIERE SU IMPLEMENTACIÓN DE MANERA PRIORITARIA. SE REQUIERE CERTIFICAR A FONTANERO EN MANEJO DE PLANTAS, MEJORAR CERRAMIENTO PERIMETRAL Y SEÑALIZACIÓN DE ESTRUCTURAS, SE REQUIERE INSTALAR VÁLVULAS DE PURGA PARA LIMPIEZA DE LA RED DE DISTRIBUCIÓN Y LLEVAR BITÁCORA O REGISTRO DIARIO DE TODAS LAS ACTIVIDADES QUE SE REALIZAN EN EL ACUEDUCTO INCLUYENDO REPARACIÓN DE FUGAS.",Desinfección,Desinfección / cloración,"desinfeccion, desinfección. También menciona: Captación / bocatoma, Tanque / almacenamiento",2026-05-20,87.70,20260520-8437-VIG,Aceptada,Cerrado,76606,Fisicoquimico y Microbiologico,Visita 1.2 + muestreo 1.7,1,1
117141,RESTREPO,ASOCIACION DE USUARIOS DEL ACUEDUCTO DE LA VEREDA LA ITALIA - ACUAITALIA,ASOCIACION DE USUARIOS DEL ACUEDUCTO DE LA VEREDA LA ITALIA - ACUAITALIA,2,2026-03-19,DESFAVORABLE,VALERIA PATIÑO HERNANDEZ,65.47,"SE OBSERVA INFRAESTRUCTURA BASICA (BOCATOMA, DESARENADOR Y TANQUES) FUNCIONALES CON DESGASTE NORMAL POR USO Y TIEMPO, SE REQUIERE CAMBIAR TAPAS DEL DESARENADOR Y TANQUES. EL SISTEMA DE DESINFECCIONSE ENCUENTRA ACTIVO. SE REQUIERE CAMBIAR TUBERIA GALVANIZADO, MEJORAR CERRAMIENTO DE ESTRUCTURAS, CERTIFICAR A FONTANERO EN COMPETENCIAS LABORALES, LLEVAR BITACORA O REGISTRO DE TODAS LAS ACTIVIDADES QUE SE REALIZAN EN EL ACUEDUCTO INCLUYENDO REPARACION DE FUGAS Y GESTIONAR ANTE LA ADMINISTRACION MUNICIPAL EL APOYO Y LOS RECURSOS ECONOMICOS PARA IMPLEMENTAR SISTEMA DE FILTRACION.",Desinfección,Desinfección / cloración,"desinfeccion, desinfección. También menciona: Tratamiento / filtración, Captación / bocatoma",,,,,,,,Visita 1.2,1,0
120387,RESTREPO,ASOCIACION DE USUARIOS DEL ACUEDUCTO EL DIAMANTE,ASOCIACION DE USUARIOS DEL ACUEDUCTO EL DIAMANTE,2,2026-06-26,DESFAVORABLE,VALERIA PATIÑO HERNANDEZ,52.55,"ESTRUCTURAS BASICAS, CAPTACION, DESARENADOR Y TANQUE FUNCIONALES, SIN EMBARGO REQUIEREN INTERVENCION PARA SU MEJORAMIENTO, SISTEMA DE DESINFECCION ACTIVO, SE REQUIERE CERTIFICAR A FONTANERO EN COMPETENCIAS LABORALES, REALIZAR CERRAMIENTO PERIMETRAL D ELAS ESTRUCTURAS Y SEÑALIZAR, INSTALAR VALVULAS DE PURGA, CONSTRUIR PUNTOS DE MUESTREO FALTANTES, SE DEBE LLEVAR BITACORA DE TODAS LAS ACTIVIDADES QUE SE REALIZAN EN EL ACUEDUCTO INCLUYENDO SEGUIMIENTO AL CLORO LIBRE Y REPARACION DE FUGAS.",Desinfección,Desinfección / cloración,"cloro, desinfeccion, desinfección. También menciona: Captación / bocatoma, Tanque / almacenamiento",2026-04-13,,20260413-7646-VDM,0,0,76606-2,Fisicoquimico y Microbiologico,Visita 1.2 + muestreo 1.7,1,2
145140,RESTREPO,ASOCIACIÓN DE USUARIOS DEL SERVICIO DE AGUA POTABLE PUEBLO NUEVO Y CABILDO NIAZA-CHONTADURO ACUANIPU,ASOCIACIÓN DE USUARIOS DEL SERVICIO DE AGUA POTABLE PUEBLO NUEVO Y CABILDO NIAZA-ACUANIPU,2,,,,,,Sin dato,Sin observación técnica,Sin observación para clasificar,2026-02-23,0.00,20260223-6833-VIG,Aceptada,Cerrado,76606-1,Fisicoquimico y Microbiologico,Muestreo 1.7,0,1
58640,RESTREPO,ASOCIACION DE USUARIOS DEL SUMINISTRO DE AGUA CALIMITA,CALIMITA,2,2026-02-25,DESFAVORABLE,VALERIA PATIÑO HERNANDEZ,55.92,"EN VISITA SE OBSERVA PLANTA FUNCIONANDO CON NORMALIDAD Y SISTEMA DE DESINFECCION ACTIVO. SE RECOMIENDA REALIZAR MEJORAMIENTO EN TANQUES DE CONTACTO DE CLORO Y ALMACENAMIENTO YA QUE PRESENTAN FILTRACIONES. SE REQUIERE INSTALAR REGLETA PARA MEDICION DEL NIVEL DEL TANQUE, LLEVAR BITACORA O REGISTRO DE TODAS LAS ACTIVIDADES QUE SE REALIZAN EN EL ACUEDUCTO INCLUYENDO REPARACIONES DE FUGAS, SE DEBE DOCUMENTAR MANUALES DE DAÑOS (FUGAS). FINALMENTE, SE RECOMIENDA IMPLEMENTAR OTRA UNIDAD DE FILTRACION PARA DAR CUMPLIMIENTO AL PARAMETRO DE TURBIEDAD EN MUESTRAS.",Desinfección,Desinfección / cloración,"cloro, desinfeccion, desinfección. También menciona: Tratamiento / filtración, Tanque / almacenamiento",2026-02-23,31.58,20260223-6834-VIG,Aceptada,Cerrado,76606-1,Fisicoquimico y Microbiologico,Visita 1.2 + muestreo 1.7,1,1
62093,RESTREPO,ASOCIACION DE USUARIOS VEREDA AGUA MONA,ASOCIACION DE USUARIOS VEREDA AGUA MONA,2,2026-04-10,DESFAVORABLE,VALERIA PATIÑO HERNANDEZ,61.48,"EN VISITA SE OBSERVAN ESTRUCTURAS BASICAS, 2 CAPTACIONES, DESARENADOR, 2 TANQUES UNO CON CASETA DE CLORACION, FUNCIONALES PERO CON DESGASTE POR USO Y TIEMPO, EL TANQUE 1 CON CASETA DE CLORACION REQUIEREN INTERVENCION PARA SU MEJORAMIENTO, NO CUENTAN CON SISTEMA DE DESINFECCION POR LO QUE SE REQUIERE SU IMPLEMENTACION PRIORITARIA, TAMBIEN SE REQUIERE CERTIFICAR A FONTANERO EN COMPETENCIAS LABORALES, INSTALAR MACROMEDICION DE SALIDA DE LOS TANQUES, DOTAR A FONTANERO DE EPP Y LLEVAR BITACORA DE TODAS LAS ACTIVIDADES QUE SE REALIZAN EN EL ACUDUCTO INCLUYENDO REPARACION DE FUGAS.",Desinfección,Desinfección / cloración,"cloracion, cloración, desinfeccion, desinfección. También menciona: Captación / bocatoma, Tanque / almacenamiento",2026-02-16,91.73,20260216-6723-VIG,Aceptada,Cerrado,76606-1,Fisicoquimico y Microbiologico,Visita 1.2 + muestreo 1.7,1,1
59537,RESTREPO,ASOCIACION DE USUARIOS Y/O SUSCRIPTORES DEL SERVICIO DE AGUA POTABLE DE LA VEREDA SANTA ROSA - AVESARO,ASOCIACION DE USUARIOS Y/O SUSCRIPTORES DEL SERVICIO DE AGUA POTABLE DE LA VEREDA SANTA ROSA - AVESARO,2,2026-02-04,DESFAVORABLE,VALERIA PATIÑO HERNANDEZ,28.87,"EN VISITA SE OBSERVAN ESTRUCTURAS FUNCIONANDO CON NORMALIDAD Y EN BUEN ESTADO, NO CUENTAN CON SISTEMA DE DESINFECCIÓN IMPLEMENTADO POR LO QUE SE REQUIERE IMPLEMENTAR DE MANERA PRIORITARIA, SE REUIERE CERTIFICAR A FONTANERO EN COMPETENCIAS LABORALES, LLEVAR REGISTRO O BITACORA DE TODAS LAS ACTIVIDADES QUE SE REALIZAN EN EL ACUEDUCTO INCLUYENDO REPARACIÓN DE FUGAS, DOCUMENTAR MANUALES DE OPERACIÓN Y MANTENIMIENTO, REPARACIÓN DE FUGAS Y LIMPIEZA Y DESINFECCIÓN, SE DEBE GESTIONAR ANTE LA ADMINISTRACIÓN MUNICIPAL EL APOYO Y LOS RECURSOS ECONOMICOS PARA EL MEJORAMIENTO DEL ACUEDUCTO",Desinfección,Desinfección / cloración,"desinfeccion, desinfección. También menciona: Red / conducción, Operación y mantenimiento",2026-06-10,48.54,20260610-8829-VIG,Aceptada,Cerrado,76606,Fisicoquimico y Microbiologico,Visita 1.2 + muestreo 1.7,1,2
59616,RESTREPO,ASOCIACION DEL SISTEMA DE ABASTO ACUEDUCTO SAN PABLO,SISTEMA DE ABASTECIMIENTO DE AGUA DE LA VEREDA SAN PABLO,2,2026-05-13,FAVORABLE CON REQUERIMIENTOS,VALERIA PATIÑO HERNANDEZ,0.00,"AL MOMENTO DE LA VISITA SE OBSERVA QUE SE ENCUENTRA EN PROCESO DE ADECUACIONES Y AMPLIACION DEL SISTEMA DE FILTRACION LO QUE SOLO SE ENCUENTRA ACTIVO EL SISTEMA DE CLORACION, SE REQUIERE CERTIFICAR A FONTANERO EN COMPETENCIA LABORALES, SEÑALIZAR PLANTA, INSTALAR MACROMEDICIONES DE ENTRADA O REGISTRO DE TODAS LAS ACTIVIDADES QUE SE REALIZAN EN EL ACUEDUCTO INCLUYENDO REPARACION DE FUGA",Desinfección,Desinfección / cloración,"cloracion, cloración. También menciona: Tratamiento / filtración, Red / conducción",2026-04-20,0.00,20260420-7789-VIG,Aceptada,Cerrado,76606,Fisicoquimico y Microbiologico,Visita 1.2 + muestreo 1.7,1,2
121430,RESTREPO,ASOCIACION USUARIOS COMUNIDAD VDA SAN SALVADOR Y EL SILENCIO - EL SILENCIO,ASOCIACION USUARIOS COMUNIDAD VDA SAN SALVADOR Y EL SILENCIO - EL SILENCIO,2,2026-03-12,DESFAVORABLE,VALERIA PATIÑO HERNANDEZ,94.57,"EN VISITA SE OBSERVAN ESTRUCTURAS BÁSICAS (BOCATOMA, 2 DESARENADORES Y TANQUE CON CASETA) FUNCIONALES CON DESGASTE NORMAL POR USO Y TIEMPO PERO QUE REQUIEREN INTERVENCIÓN PARA SU MEJORAMIENTO. NO CUENTAN CON SISTEMA DE DESINFECCIÓN POR LO QUE SE REQUIERE SU IMPLEMENTACIÓN DE MANERA PRIORITARIA; SE REQUIERE REALIZAR CERRAMIENTO PERIMETRAL A TODAS LAS ESTRUCTURAS Y CAMBIAR TAPAS EN DESARENADOR 2 Y TANQUE, IGUALMENTE ADECUAR TUBERÍAS DE VENTILACIÓN EN TANQUE. SE DEBE LLEVAR REGISTRO O BITÁCORA DE TODAS LAS ACTIVIDADES QUE SE REALIZAN EN EL ACUEDUCTO INCLUYENDO REPARACIÓN DE FUGAS. EN GENERAL DAR CUMPLIMIENTO A TODOS LOS ÍTEMS MARCADOS CON NO CUMPLE.",Desinfección,Desinfección / cloración,"desinfeccion, desinfección. También menciona: Captación / bocatoma, Tanque / almacenamiento",2026-01-21,90.37,20260121-6212,Aceptada,Cerrado,76606-3,Fisicoquimico y Microbiologico,Visita 1.2 + muestreo 1.7,1,1
104574,RESTREPO,ASOCIACION USUARIOS COMUNIDAD VDA SAN SALVADOR Y EL SILENCIO - SAN SALVADOR,ASOCIACION USUARIOS COMUNIDAD VDA SAN SALVADOR Y EL SILENCIO - SAN SALVADOR,2,2026-03-12,FAVORABLE CON REQUERIMIENTOS,VALERIA PATIÑO HERNANDEZ,27.90,"LA PLANTA COMPACTA SE ENCUENTRA FUNCIONANDO DE MANERA PARCIAL YA QUE SOLO SE ENCUENTRA ACTIVO EL PROCESO DE FILTRACIÓN Y DESINFECCIÓN, SE REQUIERE REACTIVAR PROCESOS DE COAGULACIÓN FLOCULACIÓN YA QUE LA FUENTE PRESENTA ALTA TURBIEDAD. SE REQUIERE TAMBIÉN CERTIFICAR A FONTANERO EN COMPETENCIAS LABORALES, ADQUIRIR EQUIPOS DE MEDICIÓN DE TURBIEDAD, PH Y COLOR, IMPLEMENTAR TECHO SOBRE TANQUE DE SOLUCIÓN CLORADA, IMPLEMENTAR TAPA EN TANQUE DE ALMACENAMIENTO, SEÑALIZAR PLANTA Y PROCESOS Y DOTAR A FONTANERO DE ELEMENTOS DE PROTECCIÓN PERSONAL, INSTALAR VÁLVULAS DE PURGA EN RED DE DISTRIBUCIÓN PARA LIMPIEZA DE LAS MISMAS, CONSTRUIR PUNTOS DE MUESTREO CONCERTADOS, LLEVAR BITÁCORA O REGISTRO DE TODAS LAS ACTIVIDADES INCLUYENDO REPARACIÓN DE FUGAS Y SEGUIMIENTO AL CLORO Y DEMÁS PARÁMETROS, SE DEBE DOCUMENTAR MANUALES DE OPERACIÓN Y MANTENIMIENTO, LIMPIEZA Y DESINFECCIÓN Y REPARACIÓN DE DAÑOS. FINALMENTE, ES IMPORTANTE INCENTIVAR EL USO EFICIENTE Y AHORRO DEL AGUA Y EL PAGO OPORTUNO DE LA TARIFA EN TODOS LOS USUARIOS.",Desinfección,Desinfección / cloración,"cloro, desinfeccion, desinfección. También menciona: Tratamiento / filtración, Captación / bocatoma",2026-01-21,17.96,20260121-6210,Aceptada,Cerrado,76606-1,Fisicoquimico y Microbiologico,Visita 1.2 + muestreo 1.7,1,1
117087,RESTREPO,ASOCIACION USUARIOS DEL ACUEDUCTO AGUA DE DIOS,ASOCIACION USUARIOS DEL ACUEDUCTO AGUA DE DIOS,2,2026-02-05,DESFAVORABLE,VALERIA PATIÑO HERNANDEZ,86.61,"EN VISITA SE OBSERVA CONSTRUCCION DE MALLA POR LOS PROPIETARIOS DEL PREDIO COMO BARRERA FISICA PARA IMPEDIR EL ACCESO AL SISTEMA DE ABASTECIMIENTO DE AGUA. CABE ACLARAR QUE ESTE SISTEMA ES ARTESANAL (MANGUERA Y TUBERIA PVC INDIVIDUAL) Y SE UBICA AGUAS ABAJO DE LA ESTRUCTURA COMO TAL DEL SISTEMA, EL ABASTECIMIENTO TAMBIEN SE COMPLEMENTA CON AGUA DE CARROTANQUE ENVIADO POR LA ADMINISTRACION MUNICIPAL. TODOS LOS SUSCRIPTORES CUANTAN CON SOLUCIONES INDIVIDUALES FILTROS EKOFIL. SE REQUIERE CONTINUAR GESTIONANDO UN NUEVO SISTEMA DE ABASTECIMIENTO DE AGUA",Tratamiento,Tratamiento / filtración,"filtro, soluciones individuales. También menciona: Tanque / almacenamiento, Red / conducción",2026-06-10,48.54,20260610-8823-VIG,Aceptada,Cerrado,76606-1,Fisicoquimico y Microbiologico,Visita 1.2 + muestreo 1.7,1,5
107789,RESTREPO,ASOCIACION USUARIOS DEL ACUEDUCTO BOMBAY,ASOCIACION USUARIOS DEL ACUEDUCTO AGUA DE DIOS,2,2026-02-05,DESFAVORABLE,VALERIA PATIÑO HERNANDEZ,86.61,"EN VISITA SE OBSERVA REDUCCIÓN Y CONTAMINACIÓN DE LA FUENTE POR FACTORES ANTROPOGÉNICOS. DEBIDO A LA TEMPORADA DE LLUVIAS SE ESTÁ BRINDANDO SERVICIO CADA 3 DÍAS APROXIMADAMENTE, POR 2 HORAS TIEMPO QUE DURAN LOS TANQUES EN VACIARSE. LOS USUARIOS COMPLEMENTAN EL SERVICIO CON AGUAS DE LLUVIAS Y DEL CARROTANQUE ENVIADO POR LA ADMINISTRACIÓN MUNICIPAL, AFORTUNADAMENTE LOS SUSCRIPTORES CUENTAN CON SOLUCIONES INDIVIDUALES FILTROS EKOFIL, SIN EMBARGO, SE DEBE CONTINUAR GESTIONANDO EL APOYO DE LA ALCALDÍA PARA IMPLEMENTAR UN NUEVO SISTEMA DE ABASTECIMIENTO DE AGUA DE OTRAS FUENTES CON SU RESPECTIVO TRATAMIENTO QUE GARANTICEN CONTINUIDAD DEL SERVICIO Y UNA MEJOR CALIDAD DEL AGUA.",Tratamiento,Tratamiento / filtración,"tratamiento, filtro, soluciones individuales. También menciona: Captación / bocatoma, Tanque / almacenamiento",,,,,,,,Visita 1.2,1,0
65689,RESTREPO,ASOCIACON DE USUARIOS DEL SERVICIO DE AGUA DEL ACEUDUCTO PLAYA RICA - LA GUAIRA,ASOCIACON DE USUARIOS DEL SERVICIO DE AGUA DEL ACEUDUCTO PLAYA RICA - LA GUAIRA,2,2026-06-24,DESFAVORABLE,VALERIA PATIÑO HERNANDEZ,88.29,"ESTRUCTURA BASICA BOCATOMA, DESARENADOR Y TANQUE, FUNCIONADO CON NORMALIDAD, NO CUENTA CON SISTEMA DE DESINFECCION POR LO QUE SE REQUIERE SU IMPLEMENTACION DE MANERA PRIORITARIA, SE DEBE CERTIFICAR A FONTANERO EN COMPETENCIAS LABORALES, REALIZAR CERAMIENTO PERIMETRAL Y SEÑALZACION DE ESTRUCTURA, CONSTRUIR CAMARAS DE QUIEBRE DE PRESION Y PUNTOS DE MUESTREO Y LLAVAR BITACORAS DE TODAS LAS ACTIVIDADES QUE SE REALIZAN EN EL ACUEDUCTO INCLUYENDO REPARACION DE FUGAS, SE RECOMIENDA GESTIONAR ANTE LA ADMISTRACION MUNICIPAL EL APOYO Y LOS RECURSOS ECONOMICOS PARA LA IMPLEMENTACION DE TRATAMIENTO DE AGUAS",Desinfección,Desinfección / cloración,"desinfeccion, desinfección. También menciona: Tratamiento / filtración, Captación / bocatoma",2026-06-10,91.72,20260610-8827-VIG,Aceptada,Cerrado,76606-2,Fisicoquimico y Microbiologico,Visita 1.2 + muestreo 1.7,1,2
104370,RESTREPO,JUNTA ADMINISTRADORA ACUEDUCTO LA BELMIRA,LA BELMIRA,2,2026-02-26,DESFAVORABLE,VALERIA PATIÑO HERNANDEZ,31.69,"ESTRUCTURAS DE BOCATOMA, DESARENADOR Y TANQUE FUNCIONALES CON DESGASTE NORMAL POR USO Y TIEMPO, NO CUENTAN CON SISTEMA DE DESINFECCION POR LO QUE SE REQUIERE SU IMPLEMENTACION DE MANERA PRIORITARIA. SE REQUIERE LEGALIZAR JUNTA DE ACUEDUCTO, CERTIFICAR A FONTANERO EN COMPETENCIAS LABORALES, MEJORAR CERRAMIENTO PERIMETRAL DE ESTRUCTURAS PARA EVITAR EL INGRESO A TERCEROS Y ANIMALES, SE DEBE LLEVAR BITACORA O REGISTRO DE TODAS LAS ACTIVIDADES QUE SE REALIZAN EN EL ACUEDUCTO INCLUYENDO REPARACION DE FUGAS.",Desinfección,Desinfección / cloración,"desinfeccion, desinfección. También menciona: Captación / bocatoma, Tanque / almacenamiento",2026-06-10,48.54,20260610-8826-VIG,Aceptada,Cerrado,76606,Fisicoquimico y Microbiologico,Visita 1.2 + muestreo 1.7,1,2
125767,RESTREPO,JUNTA ADMINISTRADORA ACUEDUCTO ROMAN,JUNTA ADMINISTRADORA ACUEDUCTO ROMAN,2,,,,,,Sin dato,Sin observación técnica,Sin observación para clasificar,2026-06-22,0.00,20260622-8981-VIG,Aceptada,Cerrado,76606,Fisicoquimico y Microbiologico,Muestreo 1.7,0,2
58642,RIOFRIO,ACUEDUCTO ACUAGUAYABAL,ACUEDUCTO ACUAGUAYABAL,2,2026-03-11,DESFAVORABLE,DIANA GIMENA MARTINEZ GONZALEZ,51.19,SE VISITA SE EVIDENCIA QUE CUENTA CON CASETA DE CLORACION Y SISTEMA DE CLORACION CON APLICACION DE CLORO DE FORMA INTERMITENTE NO SE LLEVA CONTROL DE CLORO Y PH SE RECOMIENDA DOTAR FONTANERO CON ELEMENTOS DE PROTECCION PERSONAL NONER DE FORMA CONTINUA EL PROCESO DE CLORACION REALIZAR CIERRE PERIMETRAL DE TANQUE DE ALMACENAMIENTO,Desinfección,Desinfección / cloración,"cloro, cloracion, cloración. También menciona: Tanque / almacenamiento, Protección sanitaria / fuente",2026-05-25,33.70,20260525-8474-VIG,Aceptada,Cerrado,76616-1,Fisicoquimico y Microbiologico,Visita 1.2 + muestreo 1.7,1,1
58641,RIOFRIO,ACUEDUCTO ACUAMORROPLANCHO ALTO,ACUEDUCTO ACUAMORROPLANCHO ALTO,2,2026-02-24,DESFAVORABLE,DIANA GIMENA MARTINEZ GONZALEZ,74.13,"EN EL MOMENTO DE LA VISITA SE OBSERVA FUNCIONAMIENTO DEL SISTEMA DE ABASTO CON SISTEMA DE DESINFECCION ACTIVO CON APLICACION DE CLORO DE FORMA INTERMITENTE, SE REQUIERE CONTINUIDAD EN APLICACION DE CLORO DE FORMA QUE GARANTICE DESINFECCION EN SISTEMA DE ABASTO FONTANERO CON EPP",Desinfección,Desinfección / cloración,"cloro, desinfeccion, desinfección. También menciona: Operación y mantenimiento",2026-06-09,61.06,20260609-8777-VIG,Aceptada,Cerrado,76616-3,Fisicoquimico y Microbiologico,Visita 1.2 + muestreo 1.7,1,2
130405,RIOFRIO,ACUEDUCTO LAS BRISAS,ACUEDUCTO LAS BRISAS,2,2026-05-27,DESFAVORABLE,DIANA GIMENA MARTINEZ GONZALEZ,45.80,"EN EL MOMENTO DE LA VISITA SE EVIDENCIA USO DE TANQUE DE ALMACENAMIENTO ESTRUCTURA EN REGULAR ESTADO, NO CUENTA CON TAPAS, NO HAY CIERRE PERIMETRAL, NO HAY PROCESO DE CLORACION PARA TURBIEDAD DE AGUA DE FORMA COLECTIVA, SIN EMBARGO ESTA COMUNIDAD CUENTA CON FILTRO INTRADOMICILIARIO PARA TRATAMIENTO INDIVIDUAL",Desinfección,Desinfección / cloración,"cloracion, cloración. También menciona: Tratamiento / filtración, Tanque / almacenamiento",2026-06-09,60.15,20260609-8784-VIG,Aceptada,Cerrado,76626-1,Fisicoquimico y Microbiologico,Visita 1.2 + muestreo 1.7,1,2
61929,RIOFRIO,ACUEDUCTO MORROPLANCHO BAJO,ACUEDUCTO MORROPLANCHO BAJO,2,2026-05-20,FAVORABLE CON REQUERIMIENTOS,DIANA GIMENA MARTINEZ GONZALEZ,0.00,"EN EL MOMENTO D ELA VISITA SE EVIDENCIA INSTALACION DE CLORACION EN LINEA A LA SALIDA DE TANQUE DE ALMACENAMIENTO CON APLICACION DE CLORO EN PASTILLAS, CUENTA CON PUNTO DE MUESTREO INSTALADO Y EN OPERACION PARA EL MONITOREO DE LA CALIDAD DE AGUA, SE RECOMIENDA, REALIZAR CIERRE PERIMETRAL DEL TANQUE PUESTO QUE ESTA EN MEDIOS DE CULTIVOS DE CAFE, POSIBLE INGRESO DE TERCEROS AL TANQUE.",Desinfección,Desinfección / cloración,"cloro, cloracion, cloración. También menciona: Tanque / almacenamiento, Protección sanitaria / fuente",2026-06-09,0.00,20260609-8775-VIG,Aceptada,Cerrado,76626-1,Fisicoquimico y Microbiologico,Visita 1.2 + muestreo 1.7,1,2
113256,RIOFRIO,ACUEDUCTO RURAL COROZAL,ACUEDUCTO RURAL COROZAL,2,2026-03-12,DESFAVORABLE,DIANA GIMENA MARTINEZ GONZALEZ,69.51,"SE CUENTA CON TANQUE DE ALMACENAMIENTO SIN PROCESO DE CLORACION, NO HAY CIERRE PERIMETRAL DE TANQUE, NO HAY CARETADE CLORACION, TANQUE CON FILTRACIONES NO LOZA Y PAREDES, SE RECOMIENDA IMPLEMENTAR SISTEMA DE DESINFECCION DE FORMA COLECTIVA O INDIVIDUAL, QUE REQUIERE CALIDAD DE AGUA DE LA COMUNIDAD",Desinfección,Desinfección / cloración,"cloracion, cloración, desinfeccion, desinfección. También menciona: Tratamiento / filtración, Tanque / almacenamiento",2026-05-27,45.87,20260527-8563-VIG,Aceptada,Cerrado,76606-2,Fisicoquimico y Microbiologico,Visita 1.2 + muestreo 1.7,1,1
58606,RIOFRIO,ACUEDUCTO RURAL FENICIA ACUAFENICIA,FENICIA,2,2026-05-05,FAVORABLE CON REQUERIMIENTOS,VALERIA PATIÑO HERNANDEZ,39.02,"EN VISITA SE OBSERVA QUE LA PLANTA NO SE ENCUENTRA FUNCIONANDO POR LAS ALTAS TURBIEDADES, SOLO SE ENCUENTRA ACTIVO EL SISTEMA DE DESINFECCIÓN. SE OBSERVA EN NACIMIENTOS AFECTACIONES POR PRESENCIA DE GANADO Y EXTRACCIÓN DE MADERA LO QUE HA AUMENTADO LOS NIVELES DE TURBIEDAD. SE RECOMIENDA DAR CONTINUIDAD AL SISTEMA DE DESINFECCIÓN MIENTRAS LA TURBIEDAD LO PERMITA Y RECOMENDAR EL HERVIDO DEL AGUA PARA CONSUMO EN LOS MOMENTOS QUE NO HAY DESINFECCIÓN. SE DEBE GESTIONAR ANTE LA ADMINISTRACIÓN MUNICIPAL, CVC, CARTÓN COLOMBIA Y DEMÁS ENTES COMPETENTES ALTERNATIVAS DE SOLUCIÓN A LA PROBLEMÁTICA PRESENTADA EN LA CUENCA. POR OTRO LADO, SE REQUIERE: ADECUAR TANQUE DE ALMACENAMIENTO YA QUE PRESENTA POROSIDAD EL CONCRETO Y SE PUEDEN GENERAR FILTRACIONES, INSTALAR MACRO Y MICROMEDICIÓN PARA CONTROL DE CAUDALES Y CONSUMO, ASÍ COMO REINSTALAR MEDICIÓN DEL NIVEL DEL TANQUE, REALIZAR SEÑALIZACIÓN EN SISTEMA, DOCUMENTAR MANUALES Y PROGRAMAS Y DAR CONTINUIDAD AL REGISTRO DE TODAS LAS ACTIVIDADES QUE SE REALIZAN EN EL ACUEDUCTO INCLUYENDO EL SEGUIMIENTO AL SISTEMA DE CLORACIÓN.",Desinfección,Desinfección / cloración,"cloracion, cloración, desinfeccion, desinfección. También menciona: Tratamiento / filtración, Tanque / almacenamiento",2026-05-27,8.63,20260527-8565-VIG,Aceptada,Cerrado,76616-2,Fisicoquimico y Microbiologico,Visita 1.2 + muestreo 1.7,1,3
113729,RIOFRIO,ACUEDUCTO RURAL LA ITALIA ACUAITALIA,ACUEDUCTO RURAL LA ITALIA,2,2026-03-10,DESFAVORABLE,DIANA GIMENA MARTINEZ GONZALEZ,79.71,"CUENTA CON TANQUE DE ALMACENAMIENTO SIN CASETA DE CLORACION NI PROCESO DE CLORACION, FONTANERO VOLUNTARIO, NO CUENTA CON JUNTA ADMINISTRADORA DE AGUA LEGALIZADA, SE REQUIERE: INSTALAR SISTEMA DE CLORACION DE FORMA COLECTIVA O INDIVIDUAL, SE REQUIERE GESTIONAR ANTE LA ADMINISTRACION MUNICIPAL LOS RECURSOS NECESARIOS PARA MEJORAMIENTO DE LA CALIDAD DEL AGUA PARA CONSUMO HUMANO.",Desinfección,Desinfección / cloración,"cloracion, cloración. También menciona: Tanque / almacenamiento, Operación y mantenimiento",2026-05-27,79.13,20260527-8566-VIG,Aceptada,Cerrado,76616-1,Fisicoquimico y Microbiologico,Visita 1.2 + muestreo 1.7,1,2
61927,RIOFRIO,ACUEDUCTO RURAL LOS ESTRECHOS,LOS ESTRECHOS,2,2026-02-09,DESFAVORABLE,DIANA GIMENA MARTINEZ GONZALEZ,82.87,"EN EL MOMENTO DE LA VISITA SE OBSERVA QUE NO SE CUENTA CON FONTANERO PARA LA OPERACION Y MANTENIMIENTO DEL SISTEMA EL CUAL SE OBSERVA EN MAL ESTADO, DETERIORO DE TAPAS, MATERIAL DEJADO SOBRE LA TAPA DEL TANQUE, PUERTA DE INGRESO DAÑADA, MALESA ALREDEDOR DE LA ESTRUCTURA, SISTEMA DE CLORACION EN ABANDONO, SE RECOMIENDA ORGANIZAR JUNTA ADMINISTRATIVA DE ACUEDUCTO PARA DAR ORDEN ORGANIZAR EL SISTEMA DE ABASTO NO CUENTA CON COBRO POR EL SUMINISTRO DE AGUA.",Desinfección,Desinfección / cloración,"cloracion, cloración. También menciona: Tanque / almacenamiento, Red / conducción",2026-04-22,85.27,20260422-7895-VIG,Aceptada,Cerrado,1,Fisicoquimico y Microbiologico,Visita 1.2 + muestreo 1.7,1,1
59156,RIOFRIO,ACUEDUCTO RURAL MADRIGAL ACUAMADRIGAL,MADRIGAL,2,2026-02-06,DESFAVORABLE,DIANA GIMENA MARTINEZ GONZALEZ,51.79,"EN EL MOMENTO DE LA VISITA SE OBSERVA FUNCIONALIDAD DEL SISTEMA DE FILTRACIÓN CON INSTALACIÓN DE CUBIERTA A ADECUACIÓN DEL ESPACIO DEL PROCESO DE CLORACIÓN: SE MEJORO EL CIERRE PERIMETRAL DE TODO EL SISTEMA, SE RECOMIENDA INSTALAR MEDICIÓN DEL CAUDAL, IMPLEMENTAR BITACORA DE OPERACIÓN Y MANTENIMIENTO DOTAR FONTANERO CON ELEMENTOS DE PROTECCIÓN PERSONAL",Desinfección,Desinfección / cloración,"cloracion, cloración. También menciona: Tratamiento / filtración, Tanque / almacenamiento",2026-04-22,23.25,20260422-7896-VIG,Aceptada,Cerrado,3,Fisicoquimico y Microbiologico,Visita 1.2 + muestreo 1.7,1,1
113258,RIOFRIO,ACUEDUCTO RURAL SAN ALFONSO,ACUEDUCTO RURAL SAN ALFONSO,2,2026-02-24,DESFAVORABLE,DIANA GIMENA MARTINEZ GONZALEZ,68.34,"ACTUALMENTE LA COMUNIDAD REALIZO PROCESO DE FILTRACION DE FORMA ARTESANAL, ACTUALMENTE NO CUENTAN CON PROCESOS DE CLORACION, SE REQUIERE REALIZAR CIERRE PERIMETRAL DE TANQUE DE ALMACENAMIENTO , IMPLEMENTAR PROCESO DE CLORACION, SE DEBE LLEVAR CONTROL Y REPORTAR LOS CORRECTIVOS Y PROCESOS REALIZADOS EN SISTEMA DE ABASTO",Desinfección,Desinfección / cloración,"cloracion, cloración. También menciona: Tratamiento / filtración, Tanque / almacenamiento",2026-06-09,82.70,20260609-8774-VIG,Aceptada,Cerrado,1,Fisicoquimico y Microbiologico,Visita 1.2 + muestreo 1.7,1,2
113731,RIOFRIO,ACUEDUCTO RURAL SAN JOSE DE LA SELVA,SAN JOSE DE LA SELVA,2,2026-03-12,DESFAVORABLE,DIANA GIMENA MARTINEZ GONZALEZ,58.80,"SE CUENTA CON TANQUE DE ALMACENAMIENTO EN REGULAR ESTADO, BOCATOMA EN REGULAR ESTADO, NO HAY PROCESO DE CLORACION NO CASETA DE CLORACION, NO HAY JUNTA ORGANIZADA LOS MISMOS USUARIOS SE ENCARGAN DE LA OPERACION Y MANTENIMIENTO DEL SISTEMA SE REQUIERE IMPLEMENTAR MEJORAS EN EL ABASTO DE AGUA, COMO REPARACION DE TANQUE, BOCATOMA, INSTALAR PROCESO DE DESINFECCION",Desinfección,Desinfección / cloración,"cloracion, cloración, desinfeccion, desinfección. También menciona: Captación / bocatoma, Tanque / almacenamiento",2026-04-22,62.01,20260422-7909-VIG,Aceptada,Cerrado,76616-2,Fisicoquimico y Microbiologico,Visita 1.2 + muestreo 1.7,1,1
0,RIOFRIO,ACUEDUCTO VEREDA EL BOSQUE,,2,2026-06-12,DESFAVORABLE,DIANA GIMENA MARTINEZ GONZALEZ,91.72,"EN EL MOMENTO D ELA VISITA SE EVIDENCIA QUE NO SE CUENTA CON JUNTA ORGANIZADA, CUENTA CON DOS TANQUES SIN OPERACION CONTINUA, NO SE CUENTA CON OPERARIO LA COMUNIDAD ES LA ENCARGADA DE LA OPERACION DEL ACUEDUCTO, NO HAY PAGO POR EL SERVICIO DEL SUMINISTRO DE AGUA, EL SISTEMA ESTA.",Almacenamiento,Tanque / almacenamiento,"tanque. También menciona: Operación y mantenimiento, Gestión administrativa",2026-03-18,21.58,20260318-7322-VIG,Aceptada,Cerrado,76670-1,Fisicoquimico y Microbiologico,Visita 1.2 + muestreo 1.7,6,6
125719,RIOFRIO,ACUEDUCTO VEREDA EL RUBI SECTOR LA CANCHA,ACUEDUCTO VEREDA EL RUBI SECTOR LA CANCHA,2,2026-02-25,DESFAVORABLE,DIANA GIMENA MARTINEZ GONZALEZ,87.58,"EN EL MOMENTO DE LA VISITA SE OBSERVA QUE SE CUENTA CON TANQUE DE ALMACENAMIENTO SIN CERRAMIENTO, NI SISTEMA DE CLORACION, ESTE SISTEMA ABASTECE 18 HOGARES, FONTANERO NO CUENTA CON DOTACION NO HAY ORGANIZACION DE JUNTA ADMINISTRADORA, SE CUENTA PARTE DE LA POBLACION CON FILTRO INTRADOMICILIARIO",Desinfección,Desinfección / cloración,"cloracion, cloración. También menciona: Tratamiento / filtración, Tanque / almacenamiento",2026-05-27,57.55,20260527-8567-VIG,Aceptada,Cerrado,76616,Fisicoquimico y Microbiologico,Visita 1.2 + muestreo 1.7,1,1
120407,RIOFRIO,ASOCIACION DE USUARIOS ACUEDUCTO AGUAS ARRIBA LA JUDEA,ASOCIACION DE USUARIOS ACUEDUCTO AGUAS ARRIBA LA JUDEA,2,2026-03-04,FAVORABLE CON REQUERIMIENTOS,DIANA GIMENA MARTINEZ GONZALEZ,40.74,"SE RECOMIENDA REALIZAR CIERRE PERIMETRAL DEL PROCESO DE FILTRACION Y TANQUES DE ALMACENAMIENTO, SE CUENTA CON PROCESO DE CLORACION CON APLICACION DE CLORO INTERITENTE. SE DEBE DOTAR CON ELEMENTOS DE PROTECCION PERSONAL, SE DEBE LLEVAR CONTROL Y DOCUMENTAR LOS PROCESOS DEL SISTEMA",Desinfección,Desinfección / cloración,"cloro, cloracion, cloración. También menciona: Tratamiento / filtración, Tanque / almacenamiento",2026-05-25,57.50,20260525-8483-VIG,Aceptada,Cerrado,76616-1,Fisicoquimico y Microbiologico,Visita 1.2 + muestreo 1.7,1,1
59636,RIOFRIO,ASOCIACION DE USUARIOS ACUEDUCTO PORTUGAL DE PIEDRAS ACUAPORT,PORTUGAL DE PIEDRAS,2,2026-05-20,DESFAVORABLE,DIANA GIMENA MARTINEZ GONZALEZ,46.51,"SE RECOMIENDA REALIZAR MEJORAS EN TANQUES DE PROCESO DE FILTRACION, SE CUENTA CON CIERRE PERIMETRAL EN SISTEMA DE FILTRACION. SE RECOMIENDA INSTALAR CIERRE PERIMETRAL EN TANQUE DE ALMACENAMIENTO. SE DEBE LLEVAR CONTROL DE CLORO Y pH EN RED, LLEVAR REPORTE EN BITACORA. DOTAR FONTANERO CON ELEMENTOS DE PROTECCION PERSONAL",Desinfección,Desinfección / cloración,"cloro. También menciona: Tratamiento / filtración, Tanque / almacenamiento",2026-04-22,46.51,20260422-7897-VIG,Aceptada,Cerrado,76616-3,Fisicoquimico y Microbiologico,Visita 1.2 + muestreo 1.7,1,1
61928,RIOFRIO,ASOCIACION DE USUARIOS DEL ACUEDUCTO DE LA VEREDA DE CALABAZAS,ASOCIACION DE USUARIOS DEL ACUEDUCTO DE LA VEREDA DE CALABAZAS,2,2026-03-12,DESFAVORABLE,DIANA GIMENA MARTINEZ GONZALEZ,71.06,"SE REALIZA VISITA A TANQUE DE ALMACENAMIENTO NO CVUENTA CON PROCESO DE CLORACION, NO HAY CASETA DE CLORACION, NO HAY PUNTOS DE MUESTREO, SE RECOMIENDA IMPLEMENTAR PROCESO DE DOSIFICACION DEL AGUA DE FORMA COLECTIVA O INDIVIDUAL QUE GARANTICE AGUA SEGURA A LA COMUNIDAD.",Desinfección,Desinfección / cloración,"cloracion, cloración, dosificacion, dosificación. También menciona: Tanque / almacenamiento",,,,,,,,Visita 1.2,1,0
113536,RIOFRIO,ASOCIACION DE USUARIOS DEL ACUEDUCTO EL DIAMANTE - LA ZULIA,ASOCIACION COMUNITARIA ADMINISTRADORA ACUEDUCTO PUENTETIERRA LA VIRGINIA,2,2026-05-27,FAVORABLE CON REQUERIMIENTOS,DIANA GIMENA MARTINEZ GONZALEZ,0.00,"SE REALIZA VISITA AL ACUEDUCTO LA ZULIA DONDE SE OBSERVA FUNCIONALIDAD DEL TANQUE DE ALMACENAMIENTO CUENTA CON PROCESO DE CLORACIÓN ACTIVO, SE RECOMIENDA LLEVAR CONTROL DE CLORO EN RED Y PH, DOTAR FONTANERO CON ELEMENTOS DE PROTECCIÓN SE CUENTA CON PLANTA COMPACTA EN COLEGIO Y ESCUELA CAMILO TORRES DE LA ZULIA PARA MEJORAR CALIDAD DEL AGUA A LA COMUNIDAD ESTUDIANTIL",Desinfección,Desinfección / cloración,"cloro, cloracion, cloración. También menciona: Tanque / almacenamiento, Red / conducción",2026-05-25,0.00,20260525-8478-VIG,Aceptada,Cerrado,76616-1,Fisicoquimico y Microbiologico,Visita 1.2 + muestreo 1.7,1,1
122336,RIOFRIO,ASOCIACION DE USUARIOS DEL ACUEDUCTO RURAL CAMPESINO DE LA VEREDA LA CRISTALINA,ASOCIACION DE USUARIOS DEL ACUEDUCTO RURAL CAMPESINO DE LA VEREDA LA CRISTALINA,2,2026-03-04,DESFAVORABLE,DIANA GIMENA MARTINEZ GONZALEZ,91.97,"SE VISITA DONDE SE OBSERVA CON TANQUE DE ALMACENAMIENTO SIN PROCESO DE CLORACIÓN NO HAY JUNTA ADMINISTRADORA DE AGUA NO CUENTA CON FONTANERO PERMANENTE, SE RECOMIENDA ORGANIZAR JUNTA ADMINISTRADORA DE AGUA, SE DEBE INSTALAR PROCESO DE DESINFECCIÓN, SE DEBE GESTIONAR ANTE LA ADMINISTRACIÓN MUNICIPAL LOS RECURSOS NECESARIOS PARA DAR MEJORAS EN EL SISTEMA DE ASBESTO",Desinfección,Desinfección / cloración,"cloracion, cloración, desinfeccion, desinfección. También menciona: Tanque / almacenamiento, Operación y mantenimiento",2026-06-09,82.70,20260609-8773-VIG,Aceptada,Cerrado,76616-1,Fisicoquimico y Microbiologico,Visita 1.2 + muestreo 1.7,1,1
58946,RIOFRIO,"FUNDACION USUARIOS ACUEDUCTO SALONICA ""ACUASALONICA""","FUNDACION USUARIOS ACUEDUCTO SALONICA ""ACUASALONICA""",2,2026-05-27,FAVORABLE CON REQUERIMIENTOS,DIANA GIMENA MARTINEZ GONZALEZ,11.20,"EN EL MOMENTO DE LA VISITA SE EVIDENCIA FUNCIONAMIENTO NORMAL DE LA PLANTA CON PROCESO DE CLORACIÓN ACTIVO POR GOTEO - SE RECOMIENDA REALIZAR MEJORAS EN CAMARA DE ENTRADA, DAÑO EN ESTRUCTURA FILTRACIONES GENERANDO DESPERDICIO DE AGUA -LLEVAR CONTROL DE CLORO Y PH EN RED DE AGUA ABAJO EN PUNTOS DE MUESTREO PARA EL DEBIDO PROCESO DE MONITOREO DE CLORO RESIDUAL EN RED",Desinfección,Desinfección / cloración,"cloro, cloracion, cloración, goteo. También menciona: Tratamiento / filtración, Red / conducción",2026-05-25,21.58,20260525-8482-VIG,Aceptada,Cerrado,76616,Fisicoquimico y Microbiologico,Visita 1.2 + muestreo 1.7,1,3
104015,RIOFRIO,JUNTA ADMINISTRADORA ACUEDUCTO LA SULTANA,LA SULTANA,2,2026-05-19,DESFAVORABLE,DIANA GIMENA MARTINEZ GONZALEZ,94.57,"SE REALIZO VISITA DONDE SE EVIDENCIA FUNCIONAMIENTO DE TANQUE ALMACENAMIENTO CUENTA CON CASETA DE CLORACION Y PROCESO DE CLORACION EN LINEA CON PASTILLAS, SE CUENTA CON PUNTO DE MUESTREO CONSTRUIDO, NO SE HA LEGALIZADO LA JUNTA ADMINISTRADORA, SE DEBE REALIZAR CIERRE PERIMETRAL A TANQUE DE ALMACENAMIENTO, CERTIFICAR OPERARIO ENCARGADO.",Desinfección,Desinfección / cloración,"cloracion, cloración. También menciona: Tanque / almacenamiento, Gestión administrativa",2026-04-22,94.57,20260422-7892-VIG,Aceptada,Cerrado,76616-1,Fisicoquimico y Microbiologico,Visita 1.2 + muestreo 1.7,1,1
66187,RIOFRIO,JUNTA ADMINISTRADORA DEL ACUEDUCTO DE USUARIO DE LA ZULIA ACUAZULIA LOS ALPES,JUNTA ADMINISTRADORA DEL ACUEDUCTO DE USUARIO DE LA ZULIA ACUAZULIA LOS ALPES,2,2026-03-10,FAVORABLE CON REQUERIMIENTOS,DIANA GIMENA MARTINEZ GONZALEZ,23.25,"SE CUENTA CON TANQUE DESARENADOR, TANQUE DE ALMACENAMIENTO, CESETA Y PROCESO DE CLORACION, CON FUNCIONALIDAD INTERMITENTE, NO SE CUENTA CON RECURSOS ECONOMICOS SUFICIENTES PARA EL PAGO CONTINUO DEL FONTANERO, NO CUENTA CON UNIFORME, NI ELEMENTOS DE PROTECCION PERSONAL, SE RECOMIENDA LA CLORACION CONTINUA O COLOCAR PUNTO DE RECLORACION EN CERCANIAS DEL CACERIO PRINCIPAL POR DISTANCIA AL TANQUE DE ALMACENAMIENTO.",Desinfección,Desinfección / cloración,"cloracion, cloración. También menciona: Captación / bocatoma, Tanque / almacenamiento",2026-05-25,21.50,20260525-8476-VIG,Aceptada,Cerrado,76616-1,Fisicoquimico y Microbiologico,Visita 1.2 + muestreo 1.7,1,1
124646,RIOFRIO,JUNTA DE ACUEDUCTO LA GUAIRA,JUNTA DE ACUEDUCTO LA GUAIRA,2,,,,,,Sin dato,Sin observación técnica,Sin observación para clasificar,2026-05-27,79.13,20260527-8564-VIG,Aceptada,Cerrado,76616-1,Fisicoquimico y Microbiologico,Muestreo 1.7,0,1
113637,ROLDANILLO,ACUEDUCTO RURAL LA ARMENIA ALTA,ACUEDUCTO RURAL LA ARMENIA ALTA,1,2026-05-22,FAVORABLE CON REQUERIMIENTOS,ANA MILENA MENDEZ ARANA,41.45,"AL REALIZAR LA VISITA SE VERIFICA QUE LA COMUNIDAD CUENTA CON SISTEMAS INDIVIDUALES DE TRATAMIENTO FILTRO TIPO EKOFIL; SE OBSERVAR QUE LO USAN ADECUADAMENTE, SIN EMBARGO SE RECOMIENDA REALIZAR LIMPIEZA Y MANTENIMIENTO A LAS ESTRUCTURAS QUE HACEN PARTE DEL SISTEMA DE ABASTO; ADICIONALEMENTE TENER EN CUENTA LAS BPS VALORADAS EN 4, 2, 1.5, SE DEBEN VOLVER CERO Y TENIENDO EN CUENTA EL VALOR DEL IRCA DE FEBRERO/2026 SE RECOMIENDA ELABORAR Y PRESENTAR PLAN DE MEJORAMIENTO QUE ABORDA LO HALLADO PLAZO 30 DÌAS. NOTA:DEC 0294/2026 EN LA VISITA NO E EVIDENCIA CRIADERO DE MOSQUITOS",Tratamiento,Tratamiento / filtración,"tratamiento, filtro. También menciona: Protección sanitaria / fuente, Operación y mantenimiento",2026-05-26,45.04,20260526-8523-VIG,Aceptada,Cerrado,0005,Fisicoquimico y Microbiologico,Visita 1.2 + muestreo 1.7,1,2
120056,ROLDANILLO,ACUEDUCTO RURAL LA ARMENIA BAJA,ACUEDUCTO RURAL LA ARMENIA BAJA,1,2026-05-23,FAVORABLE CON REQUERIMIENTOS,ANA MILENA MENDEZ ARANA,43.86,"AL REALIZAR LA VISITA SE VERIFICA QUE LA COMUNIDAD CUENTA CON SISTEMAS INDIVIDUALES DE TRATAMIENTO-FILTRO EKOFIL, SE RECOMIENDA TENER EN CUENTA LAS BPS VALORADAS EN 4-2 Y 1.5. SE DEBE VOLVER CERO Y TENIENDO EN CUENTA EL VALOR DEL ULTIMO IRCA INVIABLE SANITARIAMENTE-91.73% DE FEB/2026 SE RECOMIENDA ELABORAR Y PRESENTAR PLAN DE MEJORAMIENTO QUE ABORDE LO HALLADO. PLAZO 30 DÌAS. NOTA:DEC 0294/2016. EN LA VISITA NO SE EVIDENCIA PRESENCIA DE MOSQUITOS.",Tratamiento,Tratamiento / filtración,"tratamiento, filtro. También menciona: Gestión administrativa",2026-05-26,85.27,20260526-8525-VIG,Aceptada,Cerrado,0002,Fisicoquimico y Microbiologico,Visita 1.2 + muestreo 1.7,1,2
124840,ROLDANILLO,ACUEDUCTO RURAL VEREDA CACERES,ACUEDUCTO RURAL VEREDA CACERES,1,2026-03-06,FAVORABLE CON REQUERIMIENTOS,ANA MILENA MENDEZ ARANA,18.18,"SE RECOMIENDA TENER EN CUENTA LA RES 622/2020 CON EL FINDE MEJORAR EN CALIDAD Y CANTIDAD, ASÍ MISMO LAS BPS VALORADAS EN 4 Y 2 VOLVER LOS CERO, DADO LO ANTERIOR Y EL ULTIMO DEL 26 NOV-25 36.36% - ALTO -NIVEL DE RIESGO SE RECOMIENDA ELABORAR PLAN DE CUMPLIMIENTO PARA ABORDAR LAS FALENCIAS LAS FALENCIAS EL CUAL SE DEBE ENTREGAR A LA UES VALLE PARA REALIZAR SEGUIMIENTO-PLAZO 30 DÍAS. NOTA: PORFAVOR SE RECOMIENDA, CORREGIR EL NOMBRE DEL ACUERDUCTO Y EL NOMBRE DEL RTE LEG NOTA: DEC 0294/2016 NO SE EVIDENCIARON MOSQUITOS, SE BRINDA INFORMACIÓ DEL TEMA",Seguimiento,Seguimiento / verificación técnica,Requiere lectura técnica de la observación,2026-03-24,5.50,20260324-7362-VIG,Aceptada,Cerrado,0005,Fisicoquimico y Microbiologico,Visita 1.2 + muestreo 1.7,1,1
103487,ROLDANILLO,ACUEDUCTO RURAL VEREDA EL PIE,ACUEDUCTO RURAL VEREDA EL PIE,1,2026-03-03,FAVORABLE CON REQUERIMIENTOS,ANA MILENA MENDEZ ARANA,0.00,"SE RECOMIENDA REALIZAR - TENER ENCUENTA LA RES 622/20 CON EL FIN DE MEJORAR EN CALIDAD Y CANTIDAD ASÍ COMO LAS BPS VALORADAS EN 4 Y 2 SE DEBEN VOLVER CERO; SE VERIFICA QUE NO REALIZAN DESINFECCIÓN Y SOLO APROXIMADAMENTE 15 USUARIO CUENTA CON FILTRO TIPO EKOFIL, DADO LO ANTERIOR SE RECOMIENDA ELABORAR PLAN DE MEJORAMIENTO PARA MEJORAR CALIDAD DE AGUA DE CONSUMO-PLAZO 30 DÍAS NOTA: DEC 0294/2016 NO SE EVIDENCIARON MOSQUITOS, SE BRINDA INFORMACIÓ DEL TEMA",Desinfección,Desinfección / cloración,"desinfeccion, desinfección. También menciona: Tratamiento / filtración, Gestión administrativa",2026-03-24,45.87,20260324-7358-VIG,Aceptada,Cerrado,0003,Fisicoquimico y Microbiologico,Visita 1.2 + muestreo 1.7,1,1
60383,ROLDANILLO,ASOCIACION COMUNITARIA ADMINISTRADORA DEL ACUEDUCTO LA VEREDA LA SOLEDAD,ASOCIACION COMUNITARIA ADMINISTRADORA ACUEDUCTO LA SOLEDAD,1,2026-02-23,FAVORABLE CON REQUERIMIENTOS,ANA MILENA MENDEZ ARANA,53.62,"SE RECOMIENDO TENER EN CUENTA LA RES 622/2020 CON EL FIN DE MEJORAR EN CALIDAD Y CANTIDAD ASI COMO LOS BPS VALORADAS VOLVERLAS CERO, SE VERIFICA QUE ESTAN REALIZANDO PROCESO DE DESINFECCION, SE OBSERVAN QUE SE INSTALO FILTROS RAPIDOS COMPACTOS QUE AL MOMENTO DE LA VISITA NO HAN SIDO INSTALADAS; SE RECOMIENDA SU CONEXION: DADO LO ANTERIOR Y TENIENDO EN CUENTA EL ULTIMO VALOR DEL IRCA, OCT /25=25.71%SE RECOMIENDA ELABORAR PLAN DE CUMPLIMIENTO CON EL FIN DE ABORDAR FALENCIAS Y MEJORAR EN CALIDDAD PLAZO 30 DIAS PARA LA ENTREGA. NOTA: DEC 0294-2016 NO SE EVIDENCIO CRIADERO DE MOSQUITOS SE BRINDA INFORMACION SOBRE EL TEMA DE CRIADEROS.",Desinfección,Desinfección / cloración,"desinfeccion, desinfección. También menciona: Tratamiento / filtración, Protección sanitaria / fuente",2026-05-26,42.55,20260526-8527-VIG,Aceptada,Cerrado,0002,Fisicoquimico y Microbiologico,Visita 1.2 + muestreo 1.7,1,2
58643,ROLDANILLO,ASOCIACION DE SUSCRIPTORES DEL ACUEDUCTO RURAL COMUNITARIO-ACUACAMPO.,ASOCIACION DE SUSCRIPTORES DEL ACUEDUCTO RURAL COMUNITARIO ACUACAMPO,1,2026-06-03,FAVORABLE,ANA MILENA MENDEZ ARANA,9.04,"SE REALIZA VISITA AL ACUEDUCTO DONDEN SE VERIFICA QUE EN EL MES DE ABRIL SE REALIZO REPOSICION DE APROXIMADAMENTE 240 METRO DE TUBERIA DE 3"" EN EL SECTOR LINDEROS PLACA HUELLA QUE PASA POR LA CAPILLA QUEDANDO FALTANDO OTRO TRAMO QUE ESTAN EN PROCESO DE REALIZAR; SE INSTALO VALVULA. REGULADOR DE PRESION AL INICIO DE LA RED-ISIGU-FEB 2026 LO QUE AYUDO A MANEJAR PRESIONES EN LA RED DE DISTRIBUCCION; DANDO CUMPLIMIENTO A LOS REQUERIMIENTOS DE LA VISITA ANTERIOR MES DE MARZO/2025. SE RECOMIENDA REALIZAR UN ANALISIS DE LABORATORIO PARA LA CALIDAD DE AGUA. NOTA: DECRETO 0294/2016 EN EL RECORRIDO NO SE EVIDENCIA PRESENCIA DE MOSQUITOS.",Red de distribución,Red / conducción,"red, tuberia, tubería, presion",2026-03-24,0.00,20260324-7396-VIG,Aceptada,Cerrado,0008,Fisicoquimico y Microbiologico,Visita 1.2 + muestreo 1.7,1,2
60380,ROLDANILLO,ASOCIACION DE USUARIOS DEL ACUEDUCTO COMUNITARIO EL REY (ASUACOR),ASUACOR,1,2026-06-11,FAVORABLE CON REQUERIMIENTOS,ANA MILENA MENDEZ ARANA,18.08,"AL REALIZAR LA VISITA A LA PLANTA DE TRATAMIENTO SE OBSERVA QUE CUENTAS CON PROCESO DE COAGULACION CON PAC, FILTROS GRUESOS (8UNIDADES) REALIZAN PROCESO DE DESINFECCION CON CLORO LIQUIDO AL 13% SE RECOMIENDA TENER EN CUENTA LAS BPS VALORADAS. EN 4-2 Y 1.5 SE DEBE VOLVER CERO, ESTO CON EL FIN DE MEJORA LA CALIDAD DEL AGUA DE CONSUMO. Y ACTIVIDADES QUE SE REALIZAN EN OPERACION Y MANTENIMIENTO DEL SISTEMA DE ABASTO CON QUE CUENTAN POR LO ANTEIOR SE RECOMIENDA ELABORAR Y PRESENTAR PLAN DE MEJORAMIENTO PLAZO DE 30 DIAS SE SOCIALIZA EL DEC 960/2025.",Desinfección,Desinfección / cloración,"cloro, desinfeccion, desinfección. También menciona: Tratamiento / filtración, Operación y mantenimiento",2026-05-26,0.00,20260526-8536-VIG,Aceptada,Cerrado,0003,Fisicoquimico y Microbiologico,Visita 1.2 + muestreo 1.7,1,2
61940,ROLDANILLO,ASOCIACION DE USUARIOS DEL ACUEDUCTO DE CASCARILLO MUNICIPIO DE ROLDANILLO ARCAS,ASOCIACION DE USUARIOS DEL ACUEDUCTO DE CASCARILLO MUNICIPIO DE ROLDANILLO ARCAS,1,2026-03-05,DESFAVORABLE,ANA MILENA MENDEZ ARANA,86.67,"SE RECOMIENDA TENER EN CUENTA LA RES 622/2020, CON EL FIN DE MEJORAR EN CALIDAD Y CANTIDAD; ASÍ COMO LAS BPS VALORADAS EN 4 Y 2 VOLVERLAS CERO, Y TENIENDO EN CUENTA EL ULTIMO VALOR DEL IRCA DEL MES DE NOV-25=90.37% INVIABLE SANITARIAMENTE. SE RECOMIENDA ELABORAR Y PRESENTAR PLAN DE CUMPLIMIENTO QUE ABORDE LA PROPUESTA DE MEJORAMIENTO EN EL TIEMPO PLAZO 30 DÍAS NOTA: SE RECOMIENDA ACTUALIZAR EL NOMBRE DEL PRESTADOR DEL ACUEDUCTO A CAMARA Y COMERCIO-# DE SUSCRIPTORES, DOCUMENTO DE IDENTIDAD Y REPRESENTANTE LEGAL NOTA: DEC 0294/2016 NO SE EVIDENCIARON MOSQUITOS, SE BRINDA INFORMACIÓ DEL TEMA",Seguimiento,Seguimiento / verificación técnica,Requiere lectura técnica de la observación,2026-03-24,79.13,20260324-7367-VIG,Aceptada,Cerrado,0002,Fisicoquimico y Microbiologico,Visita 1.2 + muestreo 1.7,1,1
60379,ROLDANILLO,ASOCIACION DE USUARIOS DEL ACUEDUCTO RURAL COMUNITARIO DE LA VEREDA EL RETIRO,ASOCIACIÓN DE USUARIOS DEL ACUEDUCTO RURAL COMUNITARIO VEREDA EL RETIRO,1,2026-02-23,DESFAVORABLE,ANA MILENA MENDEZ ARANA,67.19,"SE RECOMIENDA TENER EN CUENTA LA RES. 622/20 CON EL FIN DE MEJORAR EN CALIDAD Y CANTIDAD, ASI COMO LAS BPS VALORADAS EN 4 Y 2, VOLVERLAS CERO, TENIENDO EN CUENTA LO ANTERIOR Y EL VALOR DEL IRCA DEL MES DE OCT/25-91.73%, SE RECOMIENDA ELABORAR PLAN DE CUMPLIMIENTO PARA ABORDAR FALENCIAS EN CUANTO A CALIDAD Y ASI MEJORAR LA CALIDAD DEL AGUA DE CONSUMO; SE VERIFICA QUE RELIZAN PROCESO DE DESINFECCION Y ADEMAS EL GRUPO CELSIA-ARGOS ENTREGO 20 FILTROS TIPO EKOFIL A LA COMUNIDAD PLAZO 30 DIAS PARA LA ENTREGA DE COMPLEMENTO.",Desinfección,Desinfección / cloración,"desinfeccion, desinfección. También menciona: Tratamiento / filtración",2026-05-26,78.01,20260526-8530-VIG,Aceptada,Cerrado,0003,Fisicoquimico y Microbiologico,Visita 1.2 + muestreo 1.7,1,2
62922,ROLDANILLO,ASOCIACION DE USUARIOS DEL ACUEDUCTO SANTA CLARA - ASUMO,SANTA CLARA (ASUMO),1,2026-02-17,DESFAVORABLE,ANA MILENA MENDEZ ARANA,52.88,"SE RECOMIENDA TENER EN CUENTA LA RES 622/20 CON EL FIN DE MEJORAR EN CALIDAD Y CANTIDAD, ASÍ COMO LAS BPS VALORADAS EN 4 Y 2 BAJARLAS A CERO, ADEMAS SE RECOMIENDA PARTICIPAR DE LAS MESAS TÉCNICAS DEL MUNICIPIO CON EL FIN DE PRESENTAR DIAGNÓSTICO DEL ESTADO DEL SISTEMA DE ABASTO Y ASÍ PLANTEAR SOLUCIONES ACORDES A LAS CONDICIONES DEL ACUEDUCTO NOTA: DEC 0294/2016 NO SE EVIDENCIÓ CRIADEROS DE MOSQUITOS SE BRINDA INFORMACIÓN SOBRE EL TEMA DE MOSQUITOS",Protección sanitaria,Protección sanitaria / fuente,criadero,2026-03-24,21.58,20260324-7357-VIG,Aceptada,Cerrado,0001,Fisicoquimico y Microbiologico,Visita 1.2 + muestreo 1.7,1,1
61941,ROLDANILLO,ASOCIACIÓN DE USUARIOS DEL DISTRITO DE RIEGO SAN ISIDRO-CAJAMARCA,ASOCIACIÓN DE USUARIOS DEL DISTRITO DE RIEGO SAN ISIDRO-CAJAMARCA,1,2026-02-13,FAVORABLE CON REQUERIMIENTOS,ANA MILENA MENDEZ ARANA,24.88,"SE RECOMIENDA TENER EN CUENTA LA RES 622/2020 CON EL FIN DE MEJORAR EN CALIDAD Y CANTIDAD, ASÍ COMO LAS BPS VALORADAS EN 4 Y 2, VOLVERLAS CERO, SE RECOMIENDA PARTICIPAR DE LA MESA TÉCNICA DE MUNICIPIO CON EL FIN DE EXPONER LA SITUACIÓN DE ACUEDUCTO ASÍ COMO ALTERNATIVAS PARA MEJORAR. NOTA: DECRETO 029/2016 NO SE EVIDENCIÓ CRIADEROS DE VECTORES",Protección sanitaria,Protección sanitaria / fuente,"criadero, vectores",2026-03-24,30.21,20260324-7353-VIG,Aceptada,Cerrado,0001,Fisicoquimico y Microbiologico,Visita 1.2 + muestreo 1.7,1,1
113244,SAN PEDRO,ACUEDUCTO RURAL LOS MATES,ACUEDUCTO RURAL LOS MATES,2,2026-04-17,DESFAVORABLE,VALERIA PATIÑO HERNANDEZ,89.75,"CUENTAN CON BOCATOMA, DESARENADOR Y TANQUE DE ALMACENAMIENTO EN PVC CON DESGASTE NORMAL POR USO Y TIEMPO. EL SISTEMA DE DESINFECCIÓN SE ENCUENTRA INACTIVO. SE REQUIERE CONFORMAR Y LEGALIZAR JUNTA DE ACUEDUCTO Y DEFINIR UN APORTE ECONÓMICO POR USUARIO PARA EL SOSTENIMIENTO Y MEJORAMIENTO DEL ACUEDUCTO. SE DEBE LLEVAR BITÁCORA O REGISTRO DE TODAS LAS ACTIVIDADES QUE SE REALIZAN EN EL ACUEDUCTO INCLUYENDO REPARACIÓN DE FUGAS. DE LOS 7 SUSCRIPTORES SOLO 4 CUENTAN CON SOLUCIONES INDIVIDUALES FILTROS EKOFIL.",Desinfección,Desinfección / cloración,"desinfeccion, desinfección. También menciona: Tratamiento / filtración, Captación / bocatoma",,,,,,,,Visita 1.2,1,0
149455,SAN PEDRO,ASOCIACION DE PRODUCTORES AGROPECUARIOS VICTIMAS DEL CONFLICTO ARMADO DE COLOMBIA - LA CAMILA - ASOCAMILA,ASOCIACION DE PRODUCTORES AGROPECUARIOS VICTIMAS DEL CONFLICTO ARMADO DE COLOMBIA - LA CAMILA - ASOCAMILA,2,2026-03-17,DESFAVORABLE,VALERIA PATIÑO HERNANDEZ,60.94,"ACTUALMENTE LA COMUNIDAD SE SIGUE ABASTECIENDO DE ALJIBES (POZOS) ARTESANALES Y A TRAVÉS DEL CARROTANQUE QUE ENVÍA LA ADMINISTRACIÓN MUNICIPAL. VALLECAUCANA DE AGUAS YA CONSTRUYÓ BOCATOMAS, DESARENADOR, SISTEMA DE BOMBEO, RED DE ADUCCIÓN E INSTALÓ PLANTA COMPACTA EN PARTE ALTA DE LA VEREDA GUADALEJO, SIN EMBARGO, ESTÁ PENDIENTE LA INSTALACIÓN DE RED DE DISTRIBUCIÓN HACIA LOS USUARIOS Y LA PUESTA EN OPERACIÓN DEL SISTEMA. LA ADMINISTRACIÓN DEL NUEVO ACUEDUCTO QUEDARÁ A CARGO DE LA JUNTA DE ACCIÓN COMUNAL.",Captación,Captación / bocatoma,"bocatoma, desarenador, aduccion, aducción. También menciona: Tanque / almacenamiento, Red / conducción",2026-05-13,,20260513-8317-VIG,0,0,76670,Fisicoquimico y Microbiologico,Visita 1.2 + muestreo 1.7,1,3
60316,SAN PEDRO,ASOCIACION DE SUSCRIPTORES ACUEDUCTO Y ALCANTARILLADO SAN JOSE - ASAAL,ASOCIACION DE SUSCRIPTORES ACUEDUCTO Y ALCANTARILLADO SAN JOSE - ASAAL,2,2026-06-11,FAVORABLE CON REQUERIMIENTOS,VALERIA PATIÑO HERNANDEZ,1.83,"EN VISITA SE OBSERVA QUE SE ENCUENTRAN EN PROCESO DE CONSTRUCCIÓN DE LA NUEVA PLANTA DE TRATAMIENTO, YA SE REALIZÓ REPOSICIÓN DE LA RED DE DISTRIBUCIÓN (LÍNEA PRINCIPAL). LA PLANTA ANTIGUA SE ENCUENTRA OPERANDO CON NORMALIDAD Y EL SISTEMA DE DESINFECCIÓN SE ENCUENTRA ACTIVO. SE REQUIERE SOLICITAR A CONTRATISTA EL MANUAL DE OPERACIÓN Y MANTENIMIENTO DE LA PLANTA DE TRATAMIENTO DOCUMENTADO UNA VEZ SE ENCUENTRE CONSTRUIDA.",Desinfección,Desinfección / cloración,"desinfeccion, desinfección. También menciona: Tratamiento / filtración, Red / conducción",2026-05-13,0.00,20260513-8318-VIG,Aceptada,Cerrado,76670-1,Fisicoquimico y Microbiologico,Visita 1.2 + muestreo 1.7,1,3
58644,SAN PEDRO,ASOCIACION DE USUARIOS DEL ACUEDUCTO MONTERREDONDO ESP,ASOCIACION DE USUARIOS DEL ACUEDUCTO MONTERREDONDO ESP,2,2026-06-10,DESFAVORABLE,VALERIA PATIÑO HERNANDEZ,19.53,"SE OBSERVA ESTRUCTURAS BASICAS (CAPTACION, DESARENADOR, TANQUE) FUNCIONALES CON DESGASTE NORMAL POR USO Y TIEMPO. CUENTAN CON SISTEMA DE DESINFECCION ACTIVO. SE REQUIERE CERTIFICAR A FONTANERA EN COMPETENCIAS LABORALES, LLEVAR REGISTRO DE TODAS LAS ACTIVIDADES QUE SE REALIZAN EN EL ACUEDUCTO INCLUYENDO REPARACION DE FUGAS. LA ADMINISTRACION MUNICIPAL CONSTRUIRA NUEVO TANQUE DE ALMACENAMIENTO, SE RECOMIENDA GESTIONAR ADEMAS LA IMPLEMENTACION DE MACROMEDICION Y OTROS PROCESOS DE TRATAMIENTO.",Desinfección,Desinfección / cloración,"desinfeccion, desinfección. También menciona: Tratamiento / filtración, Captación / bocatoma",2026-05-13,0.00,20260513-8321-VIG,Aceptada,Cerrado,76670,Fisicoquimico y Microbiologico,Visita 1.2 + muestreo 1.7,1,4
59536,SAN PEDRO,ASOCIACION DE USUARIOS DEL ACUEDUCTO Y ALCANTARILLADO DEL CORREGIMIENTO LOS CHANCOS SAN PEDRO VALLE,ASOCIACION DE USUARIOS DEL ACUEDUCTO Y ALCANTARILLADO DEL CORREGIMIENTO LOS CHANCOS SAN PEDRO VALLE,2,2026-06-11,FAVORABLE CON REQUERIMIENTOS,VALERIA PATIÑO HERNANDEZ,0.00,"SE OBSERVA PLANTA OPERANDO CON NORMALIDAD Y SISTEMA DE DESINFECCIÓN ACTIVO, SE REUQIERE REPARAR FILTRACIONES EN FILTRO, CERTIFICAR A FONTANEROS EN COMPETENCIAS LABORALES, MEJORAR SEÑALIZACIÓN EN PLANTA Y TANQUES, ADQUIRIR EQUIPOS PARA MEDICIÓN DE OTROS PARAMETROS DE LABORATORIO COMO TURBIEDAD Y COLOR APARENTE, SE DEBE ADECUAR O CAMBIAR VENTOSAS, ADECUAR PUNTO DE MUESTREO N° 4 Y LLEVAR REGISTRO CONTINUO DE TODAS LAS ACTIVIDADES QUE SE REALIZAN EN EL ACUEDUCTO INCLUYENDO REPARACIÓN DE FUGAS",Desinfección,Desinfección / cloración,"desinfeccion, desinfección. También menciona: Tratamiento / filtración, Tanque / almacenamiento",2026-05-13,0.00,20260513-8313-VIG,Aceptada,Cerrado,76670-3,Fisicoquimico y Microbiologico,Visita 1.2 + muestreo 1.7,1,3
129899,SAN PEDRO,JUNTA DE ACCION COMUNAL DEL CORREGIMIENTO DE ANGOSTURAS,JUNTA DE ACCION COMUNAL DEL CORREGIMIENTO DE ANGOSTURAS,2,2026-06-10,,VALERIA PATIÑO HERNANDEZ,,"CERRADO SACAR DEL CENSO DE ACUEDUCTOS SE REALIZA VISITA AL CORREGIMIENTO DE ANGOSTURAS DONDE SE OBSERVA QUE NO CUENTAN CON ACUEDUCTO COMUNITARIO. DELA FUENTE DE LA FINCA LA ESPERANZA SE ABASTECEN ATRAVES DE MANGUERA EL PUESTO DE SALUD, LA CASETA COMUNAL, LA I.E. JULIO CAICEDO TELLEZ SEDE ANTONIA SANTOS CON 5 ESTUDIANTES Y APROXIMADAMENTE 5 VIVIENDAS. EL RESTO DE LAS VIVIENDAS, APROXIMADAMENTE 25 SE ABASTECEN DE MANERA ARTESANAL DE DIFERENTES FUENTES TODAS LAS VIVIENDAS CUENTAN CON SOLUCIONES INDIVIDUALES FILTROS EKOFIL INCLUIDA LA ESCUELA",Tratamiento,Tratamiento / filtración,"filtro, soluciones individuales. También menciona: Captación / bocatoma, Red / conducción",,,,,,,,Visita 1.2,1,0
58769,SEVILLA,ACUEDUCTO AGUACOLORADAS,ACUEDUCTO AGUACOLORADAS,2,,,,,,Sin dato,Sin observación técnica,Sin observación para clasificar,2026-04-13,,20260413-7647-VDM,Aceptada,0,76890-1,Fisicoquimico y Microbiologico,Muestreo 1.7,0,1
59785,SEVILLA,ACUEDUCTO AGUAVITAL COROZAL,"ASOCIACION DE USUARIOS DEL CORREGIMIENTO DE COROZAL - ""AGUA-VITAL COROZAL""",2,2026-06-18,FAVORABLE CON REQUERIMIENTOS,WILLIAM ALBERTO CARLOSAMA JIMENEZ,0.00,"SE CUENTA CON PLANTA PMUE - OPERA DE MANERA CORRECTA GARANTIZANDO LA CALIDAD DEL AGUA. SE REQUIERE MEJORAR CERRAMIENTO DE PLANTA, MEJORAR TAPA DE TANQUE DE CLORACIÓN. REALIZAR ANALÍTICA EN RED CON LABORATORIO DE ACUERDO A RES 622 DE 2020. CERTIFICAR OPERARIO DE RED Y PLANTA.",Desinfección,Desinfección / cloración,"cloracion, cloración. También menciona: Tanque / almacenamiento, Red / conducción",2026-05-13,21.27,20260513-8320-VIG,Aceptada,Cerrado,76736-1,Fisicoquimico y Microbiologico,Visita 1.2 + muestreo 1.7,1,3
113716,SEVILLA,ACUEDUCTO DE SALDAÑA ACUASALDAÑA,ACUEDUCTO DE SALDAÑA ACUASALDAÑA,2,2026-01-28,DESFAVORABLE,WILLIAM ALBERTO CARLOSAMA JIMENEZ,49.41,"EL ACUEDUCTO TIENE ORGANZIADA Y LEGALIZADA BOCATOMA, DESARENADOR Y TANQIE DE ALAMCENAMIENTO, SE REQUIERE DAR PRIORIDAD A LA DESINFECCION DEL AGUA PARA CONTROMICROBIOLOGICO, GESTIONAR SUSTANCIA DE TRATAMIENDO A NIVEL COLECTIVO O INDIVIDUAL, ADQUIRIR EQUIPOS DE ACTO DE CONTROL, CERTIFICAR FONTANERO EN CAPACIDADES LABORAL, DOCUMENTAR DE MANERA MAUAL Y PROCESOS",Desinfección,Desinfección / cloración,"desinfeccion, desinfección. También menciona: Captación / bocatoma, Operación y mantenimiento",2026-04-27,,20260427-7963-VIG,0,0,76736-1,Fisicoquimico y Microbiologico,Visita 1.2 + muestreo 1.7,1,1
113662,SEVILLA,ACUEDUCTO DE USUARIOS CONGAL ALTO,ACUEDUCTO DE USUARIOS CONGAL ALTO,2,2026-01-28,DESFAVORABLE,WILLIAM ALBERTO CARLOSAMA JIMENEZ,71.67,"EL ACUEDUCTO CANCELO SU MATRICULA MERCANTIL. SE CUENTA CON BOCATOMA, DESARENADOR, TANQUE Y DESINFECCION CON PASTILLAS. SE REQUIERE GESTIONAR SISTEMA DE TRATAMIENTO INDIVIDUAL O COLECTIVO REALIZAR AUTO CONTROL AL CLORO LIBRE CERTIFICAR OPERARIO EN COMPETENCIAS LABORALES DOCUMENTAR MANUALES",Desinfección,Desinfección / cloración,"cloro, desinfeccion, desinfección. También menciona: Tratamiento / filtración, Captación / bocatoma",2026-04-27,62.01,20260427-7964-VIG,Aceptada,Cerrado,76736-3,Fisicoquimico y Microbiologico,Visita 1.2 + muestreo 1.7,1,1
126907,SEVILLA,ACUEDUCTO RURAL EL CRUCERO - ACUACRUCERO,ACUEDUCTO RURAL EL CRUCERO - ACUACRUCERO,2,2026-02-12,DESFAVORABLE,WILLIAM ALBERTO CARLOSAMA JIMENEZ,60.15,"EL SISTEMA CUENTA CON JUNTA ORGANIZADA Y LEGALIZADA CON ACTUALIZACION HASTA 2021 NO REALIZA TRATAMIENTO AL AGUA EN DESINFECCION, SE RECOMIENDA INICIAR PROCESOS DE DESINFECCION Y GESTIONAR SOLUCIONES INDIVIDUALES A NIVEL DE LA VIVIENDA TENIENDO EN CUENTA LOS POCOS USUARIOS, CERTIFICAR FONTANERO EN COMPETENCIA LABORALES REALIZAR MANTENIMIENTO PERIODICOS A LA ESTRUCTURAS DEL SISTEMA",Desinfección,Desinfección / cloración,"desinfeccion, desinfección. También menciona: Tratamiento / filtración, Operación y mantenimiento",2026-05-13,42.55,20260513-8324-VIG,Aceptada,Cerrado,76736-2,Fisicoquimico y Microbiologico,Visita 1.2 + muestreo 1.7,1,2
58941,SEVILLA,ADMINISTRACION COOPERATIVA SEVILLA E.S.P. LA CUCHILLA EL JARDIN,ADMINISTRACION COOPERATIVA SEVILLA E.S.P. LA CUCHILLA EL JARDIN,2,2026-06-11,FAVORABLE CON REQUERIMIENTOS,WILLIAM ALBERTO CARLOSAMA JIMENEZ,39.06,"ACUEDUCTO CON JUNTA DIRECTIVA ORGANIZADO, OPERATIVO TIEMPO COMPLETO SE CUENTA CON BOCATOMA Y TANQUE, SE REALIZA DESINFECCION CONSTANTE, SIN DETECCION DE TTO, SE REQUIEREGESTIONAR SISTEMA DE TRATAMIENTO COLECTIVO, ALGUNOS USUARIOS CON SOLUCIONES INDIVIDUALES, CERTIFICAR OPERARIO EN TRATAMIENTO DE AGUA PARA CONSUMO, DOTAR DE MANUAL DE OPERACION Y MANTENIMIENTO, DE REPARACION DE DAÑOS LIMPIEZA Y DESINFECCION.",Desinfección,Desinfección / cloración,"desinfeccion, desinfección. También menciona: Tratamiento / filtración, Captación / bocatoma",2026-06-03,54.13,20260603-8732-VIG,Aceptada,Cerrado,76736-8,Fisicoquimico y Microbiologico,Visita 1.2 + muestreo 1.7,1,4
61994,SEVILLA,ADMINISTRACION COOPERATIVA SEVILLA ESP-MANZANILLO,ADMINISTRACION COOPERATIVA SEVILLA ESP-MANZANILLO,2,2026-06-11,FAVORABLE CON REQUERIMIENTOS,WILLIAM ALBERTO CARLOSAMA JIMENEZ,22.93,"SE CUENTA CON BOCATOMA, DESARENADOR Y TANQUE DE ALMACENAMIENTO, SE REALIZA DESINFECCION CONSTANTE SE CUENTA CON JUNTA ADMINISTRADORA ORGANIZADA. SE REQUIERE GESTIONAR LA TOTALIDAD DE SOLUCIONES INDIVIDUALES PARA DAR COBERTURA AL 100% REGULAR SEGUIMIENTO AL USO Y OPERACION DE ESTAS SOLUCIONES , CONTINUAR OPERARIO MANUALES OPERACION Y MANTENIMIENTO.",Desinfección,Desinfección / cloración,"desinfeccion, desinfección. También menciona: Tratamiento / filtración, Captación / bocatoma",2026-06-03,48.54,20260603-8738-VIG,Aceptada,Cerrado,76736-7,Fisicoquimico y Microbiologico,Visita 1.2 + muestreo 1.7,1,2
61998,SEVILLA,ADMINISTRACION COOPERATIVA SEVILLA ESP-MORROAZUL,ADMINISTRACION COOPERATIVA SEVILLA ESP-MORROAZUL,2,2026-06-11,FAVORABLE CON REQUERIMIENTOS,WILLIAM ALBERTO CARLOSAMA JIMENEZ,24.00,"SE CUENTA CON BOCATOMA, DESARENADOR Y TANQUE DE ALMACENAMIENTO. DESINFECCION PERMANENTE, JUNTA ORGANIZADA, LEGALIZADA SE REQUIERE GESTIONAR SISTEMA DE TRATAMIENTO COLECTIVO O INDIVIDUAL QUE GARANTICE CALIDAD DE AGUA, CERTIFICAR OPERARIO, REALIZAR MANTENIMIENTO DE RED, DOCUMENTAR MANUALES",Desinfección,Desinfección / cloración,"desinfeccion, desinfección. También menciona: Tratamiento / filtración, Captación / bocatoma",,,,,,,,Visita 1.2,1,0
58793,SEVILLA,ASOCIACION COMUNITARIA ADMINISTRADORA DEL ACUEDUCTO RURAL LA MARIA LA ESTRELLA,ASOCIACION COMUNITARIA ADMINISTRADORA DEL ACUEDUCTO RURAL LA MARIA LA ESTRELLA,2,2026-01-28,DESFAVORABLE,WILLIAM ALBERTO CARLOSAMA JIMENEZ,33.69,"EL ACUEDUCTO PRESENTA RIESGO POR DESCARGA DE AGUA RESIDUALES BARRIO ALTO LA CRUZ DE SEVILLA. SE DEBE GESTIONAR CONTROL DE ESTE VERTIMIENTO ANTE LA ALCALDIA, CONTINUAR DESINFECTANDO EL AGUA MIENTRAS LA TURBIEDAD LO PERMITA. NO CONSUMIR EL AGUA DE FORMA DIRECTA. GESTIONAR SISTEMA DE TRATAMIENTO COLECTIVOS O INDIVIDUALES, CERTIFICAR EN COMPETENCIAS LABORALES. DOCUMENTAR PROCESOS.",Tratamiento,Tratamiento / filtración,tratamiento. También menciona: Gestión administrativa,2026-04-27,23.25,20260427-7965-VIG,Aceptada,Cerrado,76736-1,Fisicoquimico y Microbiologico,Visita 1.2 + muestreo 1.7,1,1
115587,SEVILLA,ASOCIACION DE USUARIOS DEL ACUEDUCTO DE LA VEREDA ALTO DEL RECREO,ASOCIACION DE USUARIOS DEL ACUEDUCTO DE LA VEREDA ALTO DEL RECREO,2,2026-02-11,DESFAVORABLE,WILLIAM ALBERTO CARLOSAMA JIMENEZ,60.15,"VALLECAUCANA DE AGUAS CONSTRUYO PTAR COMPACTA CON PRECIOS CONVENCIONALES PARA EL TRATAMIENTO DEL AGUA. SIN EMBARGO NO SE APLICA LOS QUIMICOS NECESARIOS PARA SU OPTIMO FUNCIONAMIENTO, NO SE REALIZA DESINFECCIÓN SE RECOMIENDA: INICIAR PROCESO DE DESINFECCIÓN Y COAGULAMIENTO SE REQUIERE. CERTIFICAR OPERARIO EN COMPETENCIAS LABORALES CONTAR CON MANUALES DE MANTENIMIENTO DEL SISTEMA, REALIZAR AUTOCONTROL A PROCESOS",Desinfección,Desinfección / cloración,"desinfeccion, desinfección. También menciona: Tratamiento / filtración, Operación y mantenimiento",2026-05-13,56.73,20260513-8327-VIG,Aceptada,Cerrado,76736-1,Fisicoquimico y Microbiologico,Visita 1.2 + muestreo 1.7,1,2
58792,SEVILLA,ASOCIACION DE USUARIOS DEL ACUEDUCTO DE LA VEREDA EL VENADO,ASOCIACION DE USUARIOS DEL ACUEDUCTO DE LA VEREDA EL VENADO,2,2026-02-12,DESFAVORABLE,WILLIAM ALBERTO CARLOSAMA JIMENEZ,24.00,"ACUEDUCTO CON JUNTA ORGANIZADA Y LEGALIZADA. SE CUENTA CON BOCATOMA, DESARENADOR Y TANQUE CON CASETA. EN BUEN ESTADO. SE REALIZA LA DESINFECCION DEL AGUA DE FORMA CONTINUA. LA TURBIENDAD ES UN FACTOR QUE AFECTA LA CALIDAD DEL AGUA, SE RECOMIENDA DAR PRIORIDAD AL USO DE CONSUMO PARA GESTIONAR SISTEMA COLECTIVO QUE GARANTICE LA CALIDAD DEL AGUA. SE RECOMIENDA EVALUAR SISTEMA INTRADOMICILIARIO",Desinfección,Desinfección / cloración,"desinfeccion, desinfección. También menciona: Captación / bocatoma, Tanque / almacenamiento",2026-03-24,51.79,20260324-7406-VIG,Aceptada,Cerrado,2,Fisicoquimico y Microbiologico,Visita 1.2 + muestreo 1.7,1,1
103481,SEVILLA,ASOCIACION DE USUARIOS DEL ACUEDUCTO DE LA VEREDA LA FLORESTA,ASOCIACION DE USUARIOS DEL ACUEDUCTO DE LA VEREDA LA FLORESTA - ASUAFLORESTA,2,2026-03-25,DESFAVORABLE,WILLIAM ALBERTO CARLOSAMA JIMENEZ,94.57,"EL ACUEDUCTO SOLO CUENTA CON BOCATOMA, DESARENADOR Y TANQUE DE ALMACENAMIENTO, NO SE REALIZA NINGUN TRATAMIENTO AL AGUA DE CONSUMO, SE REQUIERE GESTIONAR SOLUCIONES PARA EL TRATAMIENTO DEL AGUA A NIVEL COLECTIVO O INDIVIDUAL QUE GARANTICE LA CALIDAD DEL AGUA SUMINISTRADO.",Tratamiento,Tratamiento / filtración,"tratamiento. También menciona: Captación / bocatoma, Tanque / almacenamiento",,,,,,,,Visita 1.2,1,0
65145,SEVILLA,ASOCIACION DE USUARIOS DEL ACUEDUCTO DE LAS VEREDAS LA CRISTALINA Y PURNIO - AGUA PORVENIR PURNIO,ASOCIACION DE USUARIOS DEL ACUEDUCTO DE LAS VEREDAS LA CRISTALINA Y PURNIO - AGUA PORVENIR PURNIO,2,2026-02-11,DESFAVORABLE,WILLIAM ALBERTO CARLOSAMA JIMENEZ,25.70,"LA UESVALLE Y LA FUNDACION CELSIA DONARON 17 PARA EL TRATAMIENTO DEL AGUA A NIVEL DE LA VIVIENDA. ADECUADAMENTE SE INICIO EL PROCESO DE DESINTEFCCION PARA GARANTIZAR LA CALIDAD DEL AGUA YA QUE SE CAPTA DIRECTAMENTE DE NACIMIENTO. SE REQUIERE: REALIZAR LA DESINFECCION DE FORMA CONSTANTE, O GESTIONAR LOS FILTROS FALTANTES PARA GARANTIZAR EL 100% DE COBERTURA . GARANTIZAR OPERACION DE ESTRUCTURA",Desinfección,Desinfección / cloración,"desinfeccion, desinfección. También menciona: Tratamiento / filtración, Operación y mantenimiento",2026-06-03,0.00,20260603-8734-VIG,Aceptada,Cerrado,76736,Fisicoquimico y Microbiologico,Visita 1.2 + muestreo 1.7,1,2
113676,SEVILLA,"ASOCIACION DE USUARIOS DEL ACUEDUCTO DE LAS VEREDAS LAS BRISAS BAJO SAN MARCOS Y LA MILONGA ""ASUABRISAS""","ASOCIACION DE USUARIOS DEL ACUEDUCTO DE LAS VEREDAS LAS BRISAS BAJO SAN MARCOS Y LA MILONGA ""ASUABRISAS""",2,,,,,,Sin dato,Sin observación técnica,Sin observación para clasificar,2026-03-24,21.58,20260324-7402-VIG,Aceptada,Cerrado,2,Fisicoquimico y Microbiologico,Muestreo 1.7,0,1
59786,SEVILLA,ASOCIACION DE USUARIOS JUNTA ADMINISTRADORA ACUEDUCTO VEREDA SAN ANTONIO,ASOCIACION DE USUARIOS JUNTA ADMINISTRADORA ACUEDUCTO VEREDA SAN ANTONIO,2,2026-03-25,DESFAVORABLE,WILLIAM ALBERTO CARLOSAMA JIMENEZ,34.10,ESTE SISTEMA SOLO REALIZA DESINFECCION. POR SU TAMAÑO DE POBLACION BENEFICIARIA. SE REQUIERE: DISEÑO Y CONSTRUCCION DE PLANTA DE TRATAMIENTO QUE GARANTICE LA CALIDAD DEL AGUA. SE DEBE REALIZAR EDUCACION PARA EL USO EFICIENTE Y AHORRO DEL AGUA Y LA INSTALACION DE MICROMEDICION. SE REQUIERE LA INSTALACION DE VALVULAS DE PURGA Y LA OPERACION DE HIDRANTE PARA LIMPIEZA.,Desinfección,Desinfección / cloración,"desinfeccion, desinfección. También menciona: Tratamiento / filtración, Red / conducción",2026-06-03,0.00,20260603-8730-VIG,Aceptada,Cerrado,76736-2,Fisicoquimico y Microbiologico,Visita 1.2 + muestreo 1.7,1,1
58645,SEVILLA,ASOCIACION DE USUARIOSA DEL ACUEDUCTO DE LA VEREDA BUENOS AIRES AGUAVIVA,ASOCIACION DE USUARIOS DEL ACUEDUCTO DE LA VEREDA BUENOS AIRES -VALLEJUELO,2,2026-06-18,FAVORABLE CON REQUERIMIENTOS,WILLIAM ALBERTO CARLOSAMA JIMENEZ,0.00,"SE CUENTA CON PLANTA RIME QUE ABASTECE 3 LOCALIDADES, SE REALIZA DESINFECCION Y SE GARANTIZALA CALIDAD DEL AGUA DE ACUERDO A LOS RESULTADOS DE MUESTRA DE LA UESVALLE. SE REQUIERE: CONTAR CON EQUIPOS DE TURBIEDAD, COLOR, PH Y REALIZAR AUTOCONTROL TOTAL AL AGUA EN TURBIEDAD Y A LOS PROCESOS, CERTIFICAR FONTANERO EN OPERACION O PATABILIZACION DEL AGUA, UBICAR TAPA HERMETICA EN TANQUE CON CONTACTO DE CLORO, GESTIONA TANQUE DE ALMACENAMIENTO PARA CITA LOCALIDAD",Desinfección,Desinfección / cloración,"cloro, desinfeccion, desinfección. También menciona: Tanque / almacenamiento, Operación y mantenimiento",2026-05-13,0.00,20260513-8323-VIG,Aceptada,Cerrado,76736-1,Fisicoquimico,Visita 1.2 + muestreo 1.7,1,2
113659,SEVILLA,JUNTA ADMINISTRADORA ACUEDUCTO DE TOTORO ACUATOTORO,JUNTA ADMINISTRADORA ACUEDUCTO DE TOTORO ACUATOTORO,2,2026-03-26,DESFAVORABLE,WILLIAM ALBERTO CARLOSAMA JIMENEZ,54.13,"SE CUENTA CON BOCATOMA, DOS DESARENADORES Y DOS TANQUES DE ALMACENAMIENTO, FILTROS TIPO ECOFIL EN EL 100% DE LOS USUARIOS COMO TRATAMIENTO AL AGUA DE CONSUMO DIRECTO. SE REQUIERE: REALIZAR CONTROL AL USO Y MANTENIMIENTO DE LA SOLUCIÓN INDIVIDUAL Y LLEVAR REGISTROS.",Tratamiento,Tratamiento / filtración,"tratamiento, filtro. También menciona: Captación / bocatoma, Tanque / almacenamiento",2026-04-27,0.00,20260427-7961-VIG,Aceptada,Cerrado,76736,Fisicoquimico y Microbiologico,Visita 1.2 + muestreo 1.7,1,1
58938,SEVILLA,JUNTA ADMINISTRADORA DEL ACUEDUCTO ESTACION CAICEDONIA,JUNTA ADMINISTRADORA ACUEDUCTO ESTACION CAICEDONIA,2,2026-03-06,DESFAVORABLE,WILLIAM ALBERTO CARLOSAMA JIMENEZ,20.17,"SE CUENTA CON BOCATOMA, DESARENADA, DOS TANQUES DE ALMACENAMIENTO Y SOLUCIONES INDIVIDUALES DE APROXIMADAMENTE EL 80% DE OS USUARIOS. SE REALIZA DESINFECCIION DE FORMA INTERMITENTE, YA QUE NO SE CUENTA CON SISTEMAS COLECTIVOS DE TRATAMIENTO. SE REQUIERE GESTIONAR LA TOTALIDAD DE COBERTURA DE SOLUCIONES INDIVIDUALES O SISTEMA COLECTIVO. REALIZAR MONITOREO A LOS FILTROS PARA GARANTIZAR SU OPERACION Y MANTENIMIENTO",Tratamiento,Tratamiento / filtración,"tratamiento, filtro, soluciones individuales. También menciona: Captación / bocatoma, Tanque / almacenamiento",2026-05-13,55.85,20260513-8322-VIG,Aceptada,Cerrado,76736-2,Fisicoquimico y Microbiologico,Visita 1.2 + muestreo 1.7,1,2
108873,TORO,ACUEDUCTO RURAL VDA VENTAQUEMADA SISTEMA # 2 EL ROBLE LA SIBERIA,SISTEMA # 2 EL ROBLE,1,2026-06-18,DESFAVORABLE,SAIR HAIRTON IBARGUEN RENTERIA,81.48,"DURANTE LA VISITA AL SISTEMA DE ABASTO DE VENTAQUEMADA SISTEMA #2 SE TOMA COMO REFERENCIA LA FINCA BELLAVISTA, DONDE SE TOMA CON PAPELETA DPS PARA VER SI EXISTE PRESENCIA DE CLORO NO ARROJA NINGUN INDICADOR DE CLORO, LO QUE SIGNIFICA QUE NO SE ESTA CLORANDO, ESTA VISITA SE REALIZA CON BASE A INFORMACION SUMINISTRADA POR LOS SUSCRIPTORES DEL SISTEMA#2 LAS ESTRUCTURAS PRESENTAN DETERIORO POR FALTA DE MANTENIMIENTO, ES NECESARIO ESTUDIAR LA POSIBILIDAD DE REALIZAR GESTION PARA OBTENER DISPOSITIVOS INTRADOMICILIARIOS PARA EL TRATAMIENTO DEL AGUA A NIVEL HOGAR. EL ACUEDUCTO DEBE ELABORAR PLAN DE ACCION Y/O CUMPLIMIENTO DE ACUERDO A LOS ITEMS VALORADOS NEGATIVAMENTE PLAZO 30 DIAS. SE HACE LLAMADO RESPETIVO AL FUNCIONARIO POR VIA CELULAR EL NUMERO 3011060162, PERO ESTE NO CONTESTA, SE VISITA LA VIVIENDA PERO NO ESTA POR ESA RAZON LA VISITA SE HACE CON MIEMBROS DE LA COMUNIDAD DEL SECTOR DEL ROBLE SISTEMA #2",Desinfección,Desinfección / cloración,"cloro. También menciona: Tratamiento / filtración, Operación y mantenimiento",,,,,,,,Visita 1.2,1,0
107946,TORO,ACUEDUCTO RURAL VENTA QUEMADA BUENA VISTA.,ACUEDUCTO RURAL VENTA QUEMADA,1,2026-02-18,DESFAVORABLE,SAIR HAIRTON IBARGUEN RENTERIA,77.82,"DURANTE LA VISITA, EL SISTEMA DE ABASTO EL SEÑOR FONTANERO MANIFESTO NUEVAMENTE SU INTENSION COMO QUEDO REGISTRADO EN EL ACTA ANTEIROR ·0221 SU INTENCION DE ENTREGAR EL CARGO COMO FONTANERO TODA VEZ QUE NO RECIBE APOYO DE LA POBLACION BENEFICIARIA DEL SISTEMA. SE EVIDENCIA ABANDONO DE LAS ESTRUCTURAS, NO SE ESTA REALIZANDO DESINFECCION DEBIDO A LOS COSTOS, ES NECESARIO QUE COMO COMUNIDAD SE ORGANICEN PARA CUMPLIR LOS ROLES QUE NECESITA EL SISTEMA DE ABASTO Y ASI ESTUDIAR LA POSIBILIDAD DE ADQUIRIR DISPOSITIVOS PARA EL TRATAMIENTO DEL AGUA A NIVEL DOMICILIARIO. NOTA:DECRETO DEPARTAMENTAL 0294/2016, NO SE EVIDENCIA CRIADERO DE VECTORES.",Desinfección,Desinfección / cloración,"desinfeccion, desinfección. También menciona: Tratamiento / filtración, Protección sanitaria / fuente",2026-03-17,79.16,20260317-7284-VIG,Aceptada,Cerrado,0002,Fisicoquimico y Microbiologico,Visita 1.2 + muestreo 1.7,1,1
93954,TORO,ACUEDUCTO RURAL VENTA QUEMADA EL ROBLE SISTEMA # 2,ACUEDUCTO RURAL VENTA QUEMADA,1,,,,,,Sin dato,Sin observación técnica,Sin observación para clasificar,2026-03-17,87.76,20260317-7278-VIG,Aceptada,Cerrado,0001,Fisicoquimico y Microbiologico,Muestreo 1.7,0,1
110432,TORO,ACUEDUCTO RURAL VEREDA BOLIVAR,ACUEDUCTO RURAL BOLIVAR,1,2026-01-27,DESFAVORABLE,EDWARD RAUL JAIMES VERA,65.32,NO HAY JUNTA ADMINISTRADORA DEL AGUA CONFORMADA A LA FECHA LO QUE SE REFLEJA EN EL ESTADO DEL SISTEMA Y LA CALIDAD DEL AGUA SUMINISTRADA. SE RECOMIENDA ORGANIZAR UNA JUNTA QUE ADMINISTRE EL SISTEMA Y MEJORE LAS CONDICIONES DE OPERACIÓN Y MANTENIMIENTO DEL MISMO DESIGNANDO UN FONTANERO QUE REALICE LAS ACTIVIDADES DE OPERACIÓN Y MANTENIMIENTO DE LA INFRANESTRUCTURA ASÍ COMO GESTIONAR LA ENTREGA DE SOLUCIONES INIVIDUALES PARA EL TRATAMIENTO DEL AGUA. DECRETO DEPARTAMENTAL 0294/2016 NO HAY CRIADEROS DE VECTORES,Tratamiento,Tratamiento / filtración,"tratamiento. También menciona: Protección sanitaria / fuente, Operación y mantenimiento",,,,,,,,Visita 1.2,1,0
88219,TORO,ACUEDUCTO RURAL VEREDA LA QUIEBRA,ACUEDUCTO RURAL LA QUIEBRA,1,2026-03-16,DESFAVORABLE,SAIR HAIRTON IBARGUEN RENTERIA,88.03,"DURANTE LA VISITA AL SISTEMA DE ABASTO SE EVIDENCIA QUE NO SE ESTA REALIZANDO DESINFECCION, ES NECESARIO ESTUDIAR LA POSIBILIDAD DE ADQUIRIR DISPOSITIVOS INTRADOMICILIARIOS PARA EL TRATAMIENTO DEL AGUA A NIVEL HOGAR CON EL FIN DE GARANTIZAR AGUA DE CALIDAD. DAR CUMPLIMIENTO A LOS ITEM`S VALORADOS NEGATIVAMENTE EN LA PRESENTA ACTA GARANTIZADANDO DE ESTA MANERA MEJORAR LOS INDICADORES DE IRCA, IRABA Y BPS ES NECESARIO NEGATIVAMENTE 30 DIAS PARA LA ELABORACION Y PRESENTACION.",Desinfección,Desinfección / cloración,"desinfeccion, desinfección. También menciona: Tratamiento / filtración",2026-03-17,87.76,20260317-7277-VIG,Aceptada,Cerrado,0002,Fisicoquimico y Microbiologico,Visita 1.2 + muestreo 1.7,1,1
88260,TORO,ASOCIACION CIVICA JUNTA ADMINISTRADORA DEL ACUEDUCTO CGTO SAN FRANCISCO,CORREGIMIENTO SAN FRANCISCO,1,2026-01-27,DESFAVORABLE,SAIR HAIRTON IBARGUEN RENTERIA,85.89,"DURANTE EL RECORRIDO SE EVIDENCIA QUE EL ACUEDUCTO NO CUENTA CON PTAP, LO CUAL REPRESENTA UN RIESGO PARA LA POBLACION QUE ABASTECE DEL AGUA ES NECESARIO TENER EN CUENTA EL GRAN NUMERO DE SUSCRIPTORES Y LA POBLACION QUE SE ENCUENTRA EN RIESGO ES IMPORTANTE PRESENTAR PLAN DE MEJORAMIENTO TENIENDO EN CUENTA LOS ITEMS VALORADOS NEGATIVAMENTE EN EL PRESENTA ACTA.",Tratamiento,Tratamiento / filtración,ptap. También menciona: Gestión administrativa,,,,,,,,Visita 1.2,1,0
92057,TORO,ASOCIACION DE LA JUNTA ADMINISTRADORA DEL ACUEDUCTO RURAL COLECTIVO DE PATIO BONITO- LA ROBLEDA-SABANAZO,ACUEDUCTO RURAL PATIO BONITO,1,2026-06-18,DESFAVORABLE,EDWARD RAUL JAIMES VERA,80.29,"SE DEBE ELABORAR Y PRESENTAR UN PLAN DE CUMPLIMIENTO EN EL QUE SE DESCRIBAN LAS ACCIONES A IMPLEMENTAR PARA MEJORAR LA CALIFICACIÓN DE LOS ÍTEMS DE LA PRESENTA ACTA CALIFICADOS CON 2, 4 O 10 PUNTOS PARA LLEVARLOS A CERO (0) Y ASÍ MEJORAR EL CONCEPTO SANITARIO ASÍ COMO EL VALORR DE LOS INDICADORES DE IRABA, BPS E IRCA Y POR CONSIGUIENTE LA CALIDAD DEL AGUA SE DEBE REHABILITAR EL PROCESO DE DESINFECCIÓN EN EL SISTEMA PARA LAS ÉPOCAS DE VERAADO MIENTRAS SE GESTONA LA IMPLEMENTACIÓN DE UN SISTEMA DE TRATAMIENTO COLECTIVO O SOLUCIONES INDIVIDUALES DE TRATAMIENTO, NO OLVIDAR QUE EL PLAN DE MEJORAMIENTI SE DEBE PRESENTAR EN UN PLAZO DE TREITA (30) DÍAS. NOTA: DECRETO DEPARTAMENTAL 0294/2016 NO HAY PRESENCIA DE VECTORES",Desinfección,Desinfección / cloración,"desinfeccion, desinfección. También menciona: Tratamiento / filtración, Protección sanitaria / fuente",2026-03-17,80.29,20260317-7292-VIG,Aceptada,Cerrado,0001,Fisicoquimico y Microbiologico,Visita 1.2 + muestreo 1.7,1,1
96307,TORO,JUNTA DE ACCION COMUNAL DE LA VEREDA PAN DE AZUCAR (LA ESTRELLA),ACUEDUCTO PAN DE AZUCAR,1,2026-01-27,DESFAVORABLE,SAIR HAIRTON IBARGUEN RENTERIA,57.30,"ES NECESARIO DAR CUMPLIMIENTO A LOS ITEM`S VALORADOS NEGATIVAMENTE EN LA PRESENTE ACTA, CON EL FIN DE MEJORAR LA CALIDAD DEL AGUA QUE SE SUMINISTRAN ES IMPORTANTE ADELANTAR GESTIONAR PARA ADQUIRIR DISPOSITIVOS PARA EL TRATAMIENTO DEL AGUA A NIVEL DOMICILIARIO FILTROS REALIZAR MANTENIMIENTO A LAS UNIDADES EXISTENTES DEL SISTEMA DE ABASTO Y DOCUMENTAR LAS ACTIVIDADES DE OPERACION Y MANTENIMIENTO.",Tratamiento,Tratamiento / filtración,"tratamiento, filtro. También menciona: Operación y mantenimiento",,,,,,,,Visita 1.2,1,0
96126,TORO,JUNTA DE ACCION COMUNAL LA CAYETANA,ACUEDUCTO RURAL LA CAYETANA,1,2026-05-16,FAVORABLE CON REQUERIMIENTOS,SAIR HAIRTON IBARGUEN RENTERIA,7.75,"DURANTE LA VISITA SE LOGRA ESTABLECER QUE LA VDA SE ABASTECE DE LA COMPRA DE AGUA POR BLOQUE A ACUAVALLE SA, POR ESO MUCHOS DE LOS ASPECTOS CONTEMPLADOS EN LA PRESENTE ACTA ES SOLO RESPONSABLE DESDE EL MACROMEDIDOR HACE LAS REDES DE ABASTO DE LA VDA, ES IMPORTANTE CUMPLIR CON ALGUNAS PARAMETROS COMO LLEVAR REGISTRO DE OPERACION Y MANTENIMIENTO DE LAS REDES, SE ORIENTA SOBRE EL DECRETO 960/2025 PARA LA CONFORMACION DE LA JUNTA ES NECESARIO ELABORAR PLAN DE ACCION DE ACUERDO A LOS ITEMS VALORADOS NEGATIVAMENTE EN LA PRESENTE ACTA #0881 DE 16-05-2026 PLAZO 30 DIAS PARA ELABORACION Y PRESENTACCION.",Red de distribución,Red / conducción,"red. También menciona: Operación y mantenimiento, Gestión administrativa",,,,,,,,Visita 1.2,1,0
113599,TRUJILLO,ACUEDUCTO COLECTIVO RURAL CAMPESINO ALTO Y BAJA CRISTALINA,ACUEDUCTO COLECTIVO RURAL CAMPESINO ALTO Y BAJA CRISTALINA,2,2026-06-10,FAVORABLE CON REQUERIMIENTOS,DIANA GIMENA MARTINEZ GONZALEZ,0.00,"SE REALIZA VISITA AL ACUEDUCTO ALTA CRISTALINA SE EVIDENCIA QUE CUENTA CON 6 TANQUES DE ALMACENAMIENTO LOS CUALES SE CUENTA CON TRES SISTEMAS DE CLORACIÓN EN TANQUES (CASAS VIEJAS, ALTA CRISTALINA, Y CASA MELANEA); SE RECOMIENDA IMPLEMENTAR PUNTOS DE MUESTREO, PLAN DE MUESTREO DE LA CALIDAD DE AGUA, LLEVAR CONTROL DE OPERACIÓN Y MANTENIMIENTO.",Desinfección,Desinfección / cloración,"cloracion, cloración. También menciona: Tanque / almacenamiento, Operación y mantenimiento",2026-05-26,57.55,20260526-8552-VIG,Aceptada,Cerrado,76828-1,Fisicoquimico y Microbiologico,Visita 1.2 + muestreo 1.7,1,1
60384,TRUJILLO,AGUASALUD VENECIA,AGUASALUD VENECIA,2,2026-05-14,FAVORABLE CON REQUERIMIENTOS,DIANA GIMENA MARTINEZ GONZALEZ,0.00,"EN EL MOMENTO DE LA VISITA SE OBSERVA MEJORAS EN PLANTA DE TRATAMIENTO CONSTRUCCION DE BATERIAS SANITARIAS, MEJORAS EN CASETA DE CLORACION, SE RECOMIENDA LIMPIEZA Y DESINFECCION DE LA PLANTA, CERTIFICAR FONTANERO CAMBIAR MACROMEDIDAS, INSTALANDO PLANTA, INSTALAR SISTEMA DE TRATAMINENTO DE LODOS.",Desinfección,Desinfección / cloración,"cloracion, cloración, desinfeccion, desinfección. También menciona: Tratamiento / filtración, Operación y mantenimiento",2026-02-17,0.00,20260217-6753-VIG,Aceptada,Cerrado,76828-3,Fisicoquimico y Microbiologico,Visita 1.2 + muestreo 1.7,1,1
113466,TRUJILLO,ASOCIACIÓN DE ACUEDUCTO MANANTIAL DE VIDA - MARACAIBO,ASOCIACIÓN DE ACUEDUCTO MANANTIAL DE VIDA - MARACAIBO,2,2026-03-05,DESFAVORABLE,DIANA GIMENA MARTINEZ GONZALEZ,56.73,"EN EL MOMENTO DE LA VISITA SE OBSERVA QUE SI CUENTA CON BOCATOMA DESARENADOR, TANQUE DE ALMACENAMIENTO , SE ENTREGO TANQUE DE ALMACENAMIENTO NUEVO DE 23 CM INSTALADO Y EN FUNCIONAMIENTO, SE CUENTA CON TINA DE 500L Y SUSTEMA DE CLORACION IMPLEMENTADO CON FUNCIONALIDAD INTERMITENTE SE RECOMIENDA PONER EN OPERACION PROCESO DE CLORACION DOTAR FONTANERO EN ELEMENTOS DE PROTECCION PERSONAL.",Desinfección,Desinfección / cloración,"cloracion, cloración. También menciona: Captación / bocatoma, Tanque / almacenamiento",,,,,,,,Visita 1.2,1,0
150208,TRUJILLO,ASOCIACION DE USUARIOS ABASTECIMIENTO DE AGUA LAS BRUMAS ASOBRU,ASOCIACION DE USUARIOS ABASTECIMIENTO DE AGUA LAS BRUMAS ASOBRU,2,2026-02-11,,DIANA GIMENA MARTINEZ GONZALEZ,,"CERRADO ACTUALMENTE ESTE SISTEMA DE ABASTO NO ESTA EN OPERACION EL CUAL FUE CREADO PARA SUMINISTRO DE UNA PARCELACION LLAMADA LAS BRUMAS, DE ACUERDO A LA ADMINISTRACION MUNICIPAL ESTE PROYECTO NO SE HA LLEVADO A CABO POR ENDE ESTE SUJETO SE DEBE BAJAR DEL CENSO PROGRAMATICO DE VISITAS DE INSPECCION DE ACUEDUCTOS RURALES",Operación,Operación y mantenimiento,"operacion, operación. También menciona: Gestión administrativa",,,,,,,,Visita 1.2,1,0
65147,TRUJILLO,ASOCIACION DE USUARIOS ACUEDUCTO ALTO CRISTALES,ASOCIACION DE USUARIOS ACUEDUCTO ALTO CRISTALES,2,2026-02-10,DESFAVORABLE,DIANA GIMENA MARTINEZ GONZALEZ,57.55,"ACTUALMENTE SOLO SE CUENTA CON BOCATOMA, DESARENADOR QUE SURTE 7 SUSCRIPTORES, TANQUE DE ALMACENAMIENTO SIN FUNCIONAMIENTO, LOS HOGARES SE ABASTECEN DE FORMA INDIVIDUAL POR MANGUERAS DE NACIMIENTOS Y CAÑADAS CERCA A SUS VIVIENDAS. NO SE CUENTA CON JUNTA ADMINISTRADORA ORGANIZADA EN EL ACUEDUCTO. SE RECOMIENDA INSTALAR SISTEMAS DE TRATAMIENTO DE FORMA INDIVIDUAL SE DILIGENCIA ACTA DE ACTUALIZACION ANUAL DE PUNTOS DE MUESTREO PM-CR-02 (3) PUNTOS",Tratamiento,Tratamiento / filtración,"tratamiento. También menciona: Captación / bocatoma, Tanque / almacenamiento",2026-02-17,67.48,20260217-6750-VIG,Aceptada,Cerrado,76828-2,Fisicoquimico y Microbiologico,Visita 1.2 + muestreo 1.7,1,1
113601,TRUJILLO,ASOCIACION DE USUARIOS ACUEDUCTO COLECTIVO RURAL CHOCHO LA BOHEMIA,VEREDA CHOCHO LA BOHEMIA,2,,,,,,Sin dato,Sin observación técnica,Sin observación para clasificar,2026-06-16,,20260616-8893-VIG,0,0,76828-1,Fisicoquimico y Microbiologico,Muestreo 1.7,0,2
59618,TRUJILLO,"ASOCIACION DE USUARIOS ACUEDUCTO DE ROBLEDO ""ASUACOR""","ASOCIACION DE USUARIOS ACUEDUCTO DE ROBLEDO ""ASUACOR""",2,2026-05-20,FAVORABLE CON REQUERIMIENTOS,DIANA GIMENA MARTINEZ GONZALEZ,15.75,"EN EL MOMENTO SE OBSERVA RECONOCIMIENTO DE PLANTA, MEJORAS EN TANQUE ANTIGUO Y CASETA DE CLORACION, SE ESTA APLICANDO CLORO LIQUIDO POR GRAVEDAD, POR DAÑO DE BOMBA DOSIFICADORA , SE REQUIERE DOTAR FONTANERO CON ELEMENTOS DE PROTECCION PERSONAL DESMONTAR INTERIOR DE LA PUERTA , ADECUAR PROCESO DE TRATAMIENTO DE LODO PARA EVITAR CONTAMINACION DIRECTA DE LA FUENTE SUPERFICIAL",Desinfección,Desinfección / cloración,"cloro, cloracion, cloración. También menciona: Tratamiento / filtración, Captación / bocatoma",2026-06-16,,20260616-8892-VIG,0,0,76828,Fisicoquimico y Microbiologico,Visita 1.2 + muestreo 1.7,1,2
123639,TRUJILLO,ASOCIACION DE USUARIOS ACUEDUCTO RURAL COLECTIVO AL OTRO MUNDO VEREDA LA CRISTALINA,LA CRISTALINA - OTRO MUNDO,2,,,,,,Sin dato,Sin observación técnica,Sin observación para clasificar,2026-04-22,0.00,20260422-7907-VIG,Aceptada,Cerrado,76828,Fisicoquimico y Microbiologico,Muestreo 1.7,0,1
113603,TRUJILLO,ASOCIACION DE USUARIOS ACUEDUCTO RURAL COMUNITARIO FLORESTA LA LUISA,LA LUISA,2,,,,,,Sin dato,Sin observación técnica,Sin observación para clasificar,2026-05-26,89.20,20260526-8545-VIG,Aceptada,Cerrado,76828-1,Fisicoquimico y Microbiologico,Muestreo 1.7,0,1
59617,TRUJILLO,ASOCIACION DE USUARIOS AL SERVICIO DE AGUA POTABLE Y ALCANTARILLADO HUASANO,ACUEDUCTO HUASANO,2,,,,,,Sin dato,Sin observación técnica,Sin observación para clasificar,2026-06-16,,20260616-8894-VIG,0,0,76828-2,Fisicoquimico y Microbiologico,Muestreo 1.7,0,2
119015,TRUJILLO,ASOCIACION DE USUARIOS DE ABASTO DE AGUA RIN RAN,ASOCIACION DE USUARIOS DE ABASTO DE AGUA RIN RAN,2,,,,,,Sin dato,Sin observación técnica,Sin observación para clasificar,2026-05-26,0.00,20260526-8554-VIG,Aceptada,Cerrado,76828-2,Fisicoquimico y Microbiologico,Muestreo 1.7,0,1
64460,TRUJILLO,ASOCIACION DE USUARIOS DEL ACUEDUCTO COMUNITARIO HATO VIEJO,ASOCIACION DE USUARIOS DEL ACUEDUCTO COMUNITARIO HATO VIEJO,2,,,,,,Sin dato,Sin observación técnica,Sin observación para clasificar,2026-03-17,0.00,20260317-7285-VIG,Aceptada,Cerrado,76828-2,Fisicoquimico y Microbiologico,Muestreo 1.7,0,1
61999,TRUJILLO,ASOCIACION DE USUARIOS DEL ACUEDUCTO DE ANDINAPOLIS - ARCA,ASOCIACION DE USUARIOS DEL ACUEDUCTO DE ANDINAPOLIS - ARCA,2,,,,,,Sin dato,Sin observación técnica,Sin observación para clasificar,2026-02-17,0.00,20260217-6755-VIG,Aceptada,Cerrado,76828-2,Fisicoquimico y Microbiologico,Muestreo 1.7,0,1
128809,TRUJILLO,ASOCIACION DE USUARIOS DEL ACUEDUCTO DE LA VEREDA CASCAJAL - ACUACOLORADAS,ASOCIACION DE USUARIOS DEL ACUEDUCTO DE LA VEREDA CASCAJAL - ACUACOLORADAS,2,2026-06-24,FAVORABLE CON REQUERIMIENTOS,DIANA GIMENA MARTINEZ GONZALEZ,43.17,EN EL MOMENTO DE LA VISITA SE EVIDENCIA QUE CUENTA CON EL PROCESO DE DESINFECCIÓN IMPLEMENTADO PERO NO ESTA EN FUNCIONAMIENTO POR FALTA DE INSUMOS (CLORO). NO SE CUENTA CON PUNTO DE MUESTREO. SE DEBE ACONDICIONAR SISTEMA DE CLORACIÓN EN LÍNEA NUEVAMENTE Y SU APLICACIÓN DE CLORO EN RED.,Desinfección,Desinfección / cloración,"cloro, cloracion, cloración, desinfeccion. También menciona: Red / conducción",2026-03-17,43.17,20260317-7280-VIG,Aceptada,Cerrado,76828,Fisicoquimico y Microbiologico,Visita 1.2 + muestreo 1.7,1,1
65695,TRUJILLO,"ASOCIACION DE USUARIOS DEL ACUEDUCTO DE LAS VEREDAS LA MARINA, EL CHOCHO, EL REMOLINO","ASOCIACION DE USUARIOS DEL ACUEDUCTO DE LAS VEREDAS LA MARINA, EL CHOCHO, EL REMOLINO",2,,,,,,Sin dato,Sin observación técnica,Sin observación para clasificar,2026-06-16,,20260616-8897-VIG,0,0,76828-1,Fisicoquimico y Microbiologico,Muestreo 1.7,0,2
104102,TRUJILLO,ASOCIACION DE USUARIOS DEL ACUEDUCTO DEL CORREGIMIENTO DE LA SONORA - ACUASONORA,SONORA BAJA,2,2026-03-19,DESFAVORABLE,DIANA GIMENA MARTINEZ GONZALEZ,86.52,"SE REALIZA CONTROL AL SISTEMA DE ABASTO AL ACUEDUCTO LA SONORA CUENTA CON CASETA DE CLORACION Y SISTEMA DE DESINFECCION ACTUALMENTE SIN OPERACION, FALTA DE RECURSOS PARA LA OPERACION Y MANTENIMIENTO DEL MISMO, SE DEBE GESTIONA ANTE LA ADMINISTRACION LOS RECURSOS NECESARIOS PARA LA OPTIMZACION DEL SISTEMA DE ABASTO Y HABITACION DEL PROCESO DE DESINFECCION.",Desinfección,Desinfección / cloración,"cloracion, cloración, desinfeccion, desinfección. También menciona: Operación y mantenimiento, Gestión administrativa",,,,,,,,Visita 1.2,1,0
129080,TRUJILLO,ASOCIACION DE USUARIOS DEL ACUEDUCTO RURAL COLECTIVO DE LA VEREDA BAJO PALERMO,VEREDA BAJO PALERMO,2,2026-02-26,DESFAVORABLE,DIANA GIMENA MARTINEZ GONZALEZ,81.87,EN EL MOMENTO DE LA VISITA SE OBSERVA TANQUE DESARENADOR CON TAPAS EN MAL ESTADO AL MEDIDOR DE TANQUE DE ALMACENAMIENTO Y DESARENADOR CON CULTIVOS DE CAFE Y PLATANO LO QUE GENERA RIESGO DE CONTAMINACIÓN AL AGUA QUE ES UTILIZADA PARA CONSUMO HUMANO SE RECOMIENDA REALIZAR MEJORAS EN CUBRIMIENTO DE TANQUE DESARENADOR; HABILITAR CASETA DE CLORACIÓN; REALIZAR CIERRE PERIMETRAL DE TANQUE Y DESARENADOR.,Desinfección,Desinfección / cloración,"cloracion, cloración. También menciona: Captación / bocatoma, Tanque / almacenamiento",2026-05-26,0.00,20260526-8557-VIG,Aceptada,Cerrado,76828-1,Fisicoquimico y Microbiologico,Visita 1.2 + muestreo 1.7,1,1
62248,TRUJILLO,ASOCIACION DE USUARIOS DEL ACUEDUCTO RURAL COLECTIVO VEREDA CEDRALES ARCC,ASOCIACION DE USUARIOS DEL ACUEDUCTO RURAL COLECTIVO VEREDA CEDRALES ARCC,2,2026-06-11,DESFAVORABLE,DIANA GIMENA MARTINEZ GONZALEZ,87.76,"SE REALIZA VISITA AL ACUEDUCTO CEDRALES DONDE SE OBSERVA FUNCIONAMIENTO NORMAL CUENTA CON TANQUE DE ALMACENAMIENTO NUEVO INSTALADO Y EN FUNCIONAMIENTO, CUENTA CON CLORACION Y SISTEMA DE DESINFECCION. SE RECOMIENDA DOTAR FONTANERO CON ELEMENTOS DE PROTECCION PERSONAL, SE RECOMIENDA LLEVAR DOCUMENTADO LO REALIZADO EN EL SISTEMA DE ABASTO. SE DILIGENCIA ACTA ACTUALIZACION ANUAL DE PUNTOS DE MUESTREO DE AGUA CUATRO (4)",Desinfección,Desinfección / cloración,"cloracion, cloración, desinfeccion, desinfección. También menciona: Tanque / almacenamiento, Protección sanitaria / fuente",2026-05-26,57.55,20260526-8550-VIG,Aceptada,Cerrado,76828-2,Fisicoquimico y Microbiologico,Visita 1.2 + muestreo 1.7,1,1
125669,TRUJILLO,ASOCIACION DE USUARIOS DEL ACUEDUCTO RURAL DE LA VEREDA LAS MELENAS ACUAMELENAS,ASOCIACION DE USUARIOS DEL ACUEDUCTO RURAL DE LA VEREDA LAS MELENAS ACUAMELENAS,2,2026-06-05,FAVORABLE CON REQUERIMIENTOS,DIANA GIMENA MARTINEZ GONZALEZ,13.54,"SE REALIZA VISITA AL ACUEDUCTO ACUAMELENAS. SE CUENTA CON TANQUE DE ALMACENAMIENTO, DESARENADOR EN REGULAR ESTADO, NO HAY CASETA DE CLORACION, NI PROCESO DE CLORACION, NO CUENTA CON CIERRE PERIMETRAL. SE INSTALO TANQUE DE ALMACENAMIENTO PARA LA VEREDA PUENTE ROJO, TAMBIEN SE EVIDENCIA QUE SE CUENTA CON FILTROS INTRADOMICILIARIOS EN TODOS LOS SUSCRIPTORES DEL SISTEMA, BRINDANDO TRATAMIENTO INTRADOMICILIARIO EN LOS HOGARES. SE DILIGENCIA ACTA ACTUALIZACION ANUAL DE PUNTOS DE MUESTREO DE AGUA CUATRO (4) PUNTOS",Desinfección,Desinfección / cloración,"cloracion, cloración. También menciona: Tratamiento / filtración, Captación / bocatoma",2026-03-17,0.00,20260317-7282-VIG,Aceptada,Cerrado,76828,Fisicoquimico y Microbiologico,Visita 1.2 + muestreo 1.7,1,3
113393,TRUJILLO,ASOCIACION DE USUARIOS DEL ACUEDUCTO RURAL LOS RANCHOS,ASOCIACION DE USUARIOS DEL ACUEDUCTO RURAL LOS RANCHOS,2,,,,,,Sin dato,Sin observación técnica,Sin observación para clasificar,2026-02-17,46.62,20260217-6746-VIG,Aceptada,Cerrado,76828-1,Fisicoquimico y Microbiologico,Muestreo 1.7,0,1
58628,TRUJILLO,ASOCIACION DE USUARIOS DEL ACUEDUCTO VEREDAS BUENAVISTA LA BOHEMIA,VEREDAS BUENAVISTA LA BOHEMIA,2,2026-02-17,FAVORABLE CON REQUERIMIENTOS,DIANA GIMENA MARTINEZ GONZALEZ,22.41,"EN EL MOMENTO SE OBSERVA INSTALACIONES DE NUEVO TANQUE DE ALMACENAMIENTO YA EN FUNCIONAMIENTO EL SISTEMA DE CLORACIÓN ESTÁ INACTIVO POR TEMPORADA DE LLUVIA AFECTACIÓN POR DAÑOS EN RED, TURBIEDAD, PUNTOS DE MUESTREO CONSTRUIDOS Y OPERABLES SE RECOMIENDA TOMAR MEDIDAS EN TANQUE NUEVO DE CLORO EN EL MOMENTO DE CLORACIÓN, SI NO SE GARANTIZA EN ESTA ESTRUCTURA SE DEBE INSTALAR PUNTO DE CLORACIÓN",Desinfección,Desinfección / cloración,"cloro, cloracion, cloración. También menciona: Tanque / almacenamiento, Red / conducción",2026-06-16,,20260616-8896-VIG,0,0,76828,Fisicoquimico y Microbiologico,Visita 1.2 + muestreo 1.7,1,2
65487,TRUJILLO,ASOCIACION JUNTA ADMINISTRADORA DEL ACUEDUCTO LA DIAMANTINA,ASOCIACION JUNTA ADMINISTRADORA DEL ACUEDUCTO LA DIAMANTINA,2,2026-02-10,DESFAVORABLE,DIANA GIMENA MARTINEZ GONZALEZ,82.78,"SE REALIZO VISITA AL ACUEDUCTO RURAL DONDE SE OBSERVA QUE CUENTA CON TRES TANQUES DE LAMACENAMIENTO SIN CIERRE PERIMETRAL, TAPAS DE TANQUE EN REGULAR ESTADO, ACCESO A LOS TANQUES DIFICIL, NO HAY PROCESO DE CLORACION, NO HAY PUNTOS DE MUESTREO CONSTRUIDOS, SE RECOMIENDA INSTALAR PROCESO DE CLORACION DE FORMA INMEDIATA QUE AYUDA A MEJORAR EL NIVEL DE RIESGO PARA EL AGUA UTILIZADA PARA CONSUMO HUMANO.",Desinfección,Desinfección / cloración,"cloracion, cloración. También menciona: Tanque / almacenamiento",,,,,,,,Visita 1.2,1,0
65484,TRUJILLO,JUNTA ADMINISTRADORA ACUEDUCTO DE PALERMO,JUNTA ADMINISTRADORA ACUEDUCTO DE PALERMO,2,2026-02-26,DESFAVORABLE,DIANA GIMENA MARTINEZ GONZALEZ,57.55,"Actualmente se entregó nuevo tanque de almacenamiento sin funcionamiento, por falta de conexión de tubería, no hay caseta de cloración mi proceso de cloracion se recomienda implementar cierre perimetral de los tanques de almacenamiento para cortar el ingreso de personas cercanas. Se debe contar con personal responsable de operación y mantenimiento de sistema. De abasto",Desinfección,Desinfección / cloración,"cloracion, cloración. También menciona: Tanque / almacenamiento, Red / conducción",,,,,,,,Visita 1.2,1,0
111989,TRUJILLO,JUNTA ADMINISTRADORA DEL ACUEDUCTO LA MARINA,JUNTA ADMINISTRADORA DEL ACUEDUCTO LA MARINA,2,,,,,,Sin dato,Sin observación técnica,Sin observación para clasificar,2026-06-16,,20260616-8895-VIG,0,0,76828-1,Fisicoquimico y Microbiologico,Muestreo 1.7,0,2
94231,ULLOA,ACUEDUCTO RURAL VEREDA LA PLATA Y EL PLACER,ASOCIACION DE USUARIOS AGUA PLATACER,1,2026-02-13,DESFAVORABLE,EDWARD RAUL JAIMES VERA,72.13,"SE DEBE ELABORA UN PLAN DE CUMPLIMIENTO EN DONDE SE DESCRIBAN LAS ACCIONES A REALIZAR PARA MEJORAR LA CALIFICACIÓN DE LOS ÍTEMS VALORADOS EN DOS (2) CUATRO (4), Y ASÍ MEJORAR LA CALIDAD DEL AGUA Y EL CONCEPTO SANITARIO, EL PLAN DEBE PRESENTARSE EN UN PLAZO DE TREINTA (30) DÍAS. DECRETO DEPARTAMENTAL 0294/2016 NO HAY CRIADERO DE VECTORES. LA PRESENTE DEL ACUEDUCTO MANIFIESTA DU PREOCUPACIÓN DEBIDO A QUE EN LA COMUNIDAD NO HAY PERSONAS JÓVENES QUE SE APERSONEN DEL SISTEMA DE ACUEDUCTO Y QUE TAMPOCO HAY CULTURA DE PAGO DE LOS APORTES.",Protección sanitaria,Protección sanitaria / fuente,"criadero, vectores",2026-06-23,82.70,20260623-9013-VIG,Aceptada,Cerrado,0003,Fisicoquimico y Microbiologico,Visita 1.2 + muestreo 1.7,1,3
91936,ULLOA,ADMINISTRACION COOPERATIVA ULLOA E.S.P - SISTEMA # 1 CHAPINERO,SISTEMA # 1 CHAPINERO,1,2026-04-24,FAVORABLE CON REQUERIMIENTOS,SAIR HAIRTON IBARGUEN RENTERIA,45.89,"DURANTE LA VISITA AL SISTEMA #1 SE EVIDENCIA QUE SE ESTA REALIZANDO DESINFECCIÓN AL AGUA SUMINISTRADA, LOS FONTANEROS LLEVAN REGISTRO DE LA OPERACIÓ DEL SISTEMA. APESAR QUE LA COOPERATIVA CUMPLE CON LOS PARAMETROS CONTEMPLADOS EN LA PRESENTE ACTA, EL IRCA ARROJADO EN LAS ULTIMAS MUESTRAS SE VE UN AUMENTO EN LA TURBIEDAD RAZON POR LA CUAL LOS RESULTADOS NO HAN SIDO FAVORABLES PARA EL SISTEMA, SE DEBEN BUSCAR ALTERNATIVAS PARA SUBSANAR ESTA FALENCIA, POR LO TANTO ES NECESARIO LABORAR PLAN DE ACCIÓIN Y/O MEJORAMIENTO ENFOCADO EN DISMINUIR LOS NIVELES DE TURBIEDAD 30 DÍAS PARA PRESENTAR. NOTA:DECRETO DEPARTAMENTAL 0294/2016, NO SE EVIDENCIAN CRIADEROS DE VECTORES.",Desinfección,Desinfección / cloración,"desinfeccion, desinfección. También menciona: Protección sanitaria / fuente, Operación y mantenimiento",2026-06-23,31.57,20260623-9017-VIG,Aceptada,Cerrado,0003,Fisicoquimico y Microbiologico,Visita 1.2 + muestreo 1.7,1,3
15191,ULLOA,ADMINISTRACION COOPERATIVA ULLOA E.S.P - SISTEMA #2 BERLIN - MOCTEZUMA,SISTEMA # 2 - BERLIN,1,2026-04-24,FAVORABLE CON REQUERIMIENTOS,SAIR HAIRTON IBARGUEN RENTERIA,61.00,"DURANTE LA VISITA AL SISTEMA #2 SE EVIDENCIA QUE LA COOPERATIVA CUMPLE CON LOS PARAMETROS E ITEMS DE LA PRESENTE ACTA, MAS SIN EMBARGO EL CONCEPTO SANITARIO NO ES FAVORABLE DEBIDO A QUE EN LOS ULTIMOS RESULTADOS DE MUESTREO DE AGUA HAN SALIDO CON NIVELES ALTOS DE TURBIEDAD, SEGUN LO SEÑALADO POR LA COOPERATIVO ESTO SE DEBE A LA CUAL LA TURBIEDAD ERA ALTA, SE HACE NECESARIO ESTUDIAR E ELABORAR UN PLAN DE ACCION Y/O MEJORANDO DONDE SE CONTEMPLE LA CONSTITUCCION DE UNA ESTRUCTURA DE SEDIMENTACCION QUE PERMITA LA CALIFICACION 30 DIAS PARA ELABORAR DICHO PLAN, DE ACUERDO A LOS TIEMPOS QUE COMO COOPERATIVA ESTIMEN PERTINENTE. NOTA: DECRETO DEPARTAMENTAL 0294/2016, NO SE EVIDENCIA CRIADERO DE VECTORES.",Protección sanitaria,Protección sanitaria / fuente,"criadero, vectores. También menciona: Gestión administrativa",2026-05-11,0.00,20260511-8212-VIG,Aceptada,Cerrado,0003,Fisicoquimico y Microbiologico,Visita 1.2 + muestreo 1.7,1,2
95490,ULLOA,ASOCIACION DE USUARIOS ACUEDUCTOS SUCRE,ACUEDUCTO DE SUCRE,1,2026-02-25,DESFAVORABLE,SAIR HAIRTON IBARGUEN RENTERIA,90.81,"DURANTE LA VISITA AL SISTEMA DE ABASTO DEL ACUEDUCTO DE SUCRE SE EVIDENCIA QUE BOCATOMA ESTE SATURADA SE EVIDENCIA FALTA DE MANTENIMIENTO, NO CUENTA CON DESARENADOR, EL TANQUE DE ALMACENAMIENTO ESTE LOCALIZADO DENTRO DE UN PREDI PRIVADO, ES NECESARIO CONFORMAR JUNTA DEL AGUA DONDE SE ESTRABLESCAN ROLES ELABORAR PLAN DE CUMPLIMIENTO DE ACUEDUCTO DE ACUEDO A LOS ITEMS VALORADOS NEGATIVAMENTE EN EL PRESENTE ACTA 30 DIAS.",Captación,Captación / bocatoma,"bocatoma, desarenador. También menciona: Tanque / almacenamiento, Red / conducción",2026-06-23,60.15,20260623-9020-VIG,Aceptada,Cerrado,0002,Fisicoquimico y Microbiologico,Visita 1.2 + muestreo 1.7,1,3
151957,ULLOA,JUNTA DE ACCION COMUNAL CALAMONTE BAJO,ACUEDUCTO RURAL DE CALAQMONTE BAJO,1,2026-06-09,DESFAVORABLE,SAIR HAIRTON IBARGUEN RENTERIA,92.93,"DURANTE LA VISITA EL SEÑOR JOSE OLDAIN MANIFIESTA QUE EL SISTEMA DE ABASTO NO CUENTA COMO TAL, NO EXISTE UN RESPONSABLE QUE ESTE A CARGO DEL ACUEDUCTO, NO SE ESTE CLORANDO POR LO TANTO NO SE GARANTIZA LA CALIDAD DEL SISTEMA DE ABASTO, LAS ESTRUCTURAS NO CUENTAN CON MANTENIMIENTO POR LO TANTO EL DETERIORO DE LAS ESTRUCTURAS ES EVIDENTE ES NECESARIO QUE EL ACUEDUCTO REALICE PLAN DE ACCION Y/O MEJORAMIENTO DONDE SE CONTEMPLEN LOS ITEMS VALORADOS NEGATIVAMENTE PLAZO DE 30 DIAS, SE DEBE CONFORMAR UNA JUNTA RESPONSABLE. EL SEÑOR JOSE ULDAIN MANIFIESTA QUE REALIZO ARREGLOS POR CUENTA PROPIA, PERO QUE ESTO ES INSOSTENIBLE RAZON POR LA CUAL MANIFIESTA QUE DEJERA DE ESTAR ALFRENTE, OTRO DE LOS ENCARGADOS ES EL SEÑOR WILLIAN ARENAS CEDULA 80.181845, SE LE ESCRIBIO VIA WHATSAPP PREVIO A LA VISITA PERO ESTE NUNCA RESPONDIO.",Operación,Operación y mantenimiento,mantenimiento. También menciona: Gestión administrativa,2026-04-22,92.92,20260422-7910-VIG,Aceptada,Cerrado,0001,Fisicoquimico y Microbiologico,Visita 1.2 + muestreo 1.7,1,1
89907,ULLOA,JUNTA DE ACCIÓN COMUNAL VEREDA EL BRILLANTE,JUNTA DE ACCIÓN COMUNAL VEREDA EL BRILLANTE,1,2026-02-27,DESFAVORABLE,SAIR HAIRTON IBARGUEN RENTERIA,76.40,"DURANTE LA VISITA SE EVIDENCIA QUE NO SE ESTA REALIZANDO LA DESINFECCIÓN, LAS UNIDADES QUE COMPONEN EL SISTEMA SE ENCUENTRAN EN BUEN ESTADO ES NECESARIO VERIFICAR EL FUNCIONAMIENTO DE LOS FILTROS DEBIDO A QUE EL ÚLTIMO IRCA REGISTRA UN NIVEL ALTO PARA UN SISTEMA QUE CUENTA CON FILTRACIÓN, ELABORAR PLAN DE CUMPLIMIENTO DE ACUEDUCTO A LOS ITEM´S VALORADOS NEGATIVAMENTE EN LA PRESENTE ACTA, 30 DÍAS. NOTA =DECRETO DEPARTAMENTAL 0294/2016, NO SE EVIDENCIAN CRIADEROS DE VECTORES",Desinfección,Desinfección / cloración,"desinfeccion, desinfección. También menciona: Tratamiento / filtración, Protección sanitaria / fuente",2026-06-23,91.72,20260623-9015-VIG,Aceptada,Cerrado,0003,Fisicoquimico y Microbiologico,Visita 1.2 + muestreo 1.7,1,4
94478,VERSALLES,ACUEDUCTO RURAL CALAMAR,ACUDUCTO RURAL VEREDA CALAMAR,1,2026-02-18,DESFAVORABLE,ANA MILENA MENDEZ ARANA,,"AL REALIZAR LA VISITA DE 1.2 Y 1.13 AL ACUEDUCTO RURAL CALAMAR, EL SEÑOR CHARLES STEBAN GOMEZ MANIFIESTA QUE ESTE ACUEDUCTO JUNTO CON EL ACUEDUCTO JUNTA ADMINISTRADORA ACUEDUCTO LA CRISTALINA EL DIAMANTE VAN A CONSTITUIR UNA JUNTA NUEVA PARA AMBOS ACUEDUCTOS Y AQUE COMPARTEN LA MISMA BOCATOMA; POR LO ANTERIOR SE RECOMIENDA DAR DE BAJA DEL SISTEMA EL ACUEDUCTO RURAL CALAMAR CON CODIO SISA 1278",Captación,Captación / bocatoma,bocatoma. También menciona: Gestión administrativa,,,,,,,,Visita 1.2,1,0
87874,VERSALLES,ACUEDUCTO RURAL CAMPOALEGRE,ACUEDUCTO RURAL CAMPOALEGRE,1,2026-01-29,DESFAVORABLE,ANA MILENA MENDEZ ARANA,43.01,"SE RECOMIENTA TENER EN CUENTA L RES 622-20 CON EL FIN DE MEJORAR EN CANTIDAD Y CALIDAD ASI COMO TENER EN CUENTA LOS BPS VALORADOS EN 4-2 VOLVERLOS CERO, ASI COMO GESTIONAR CON LA ADMINISTRACION MUNICIPAL BAJO QUE ESQUEMA VAN A TRABAJAR DEC 1898-2016",Gestión administrativa,Gestión administrativa,"administracion, administración",2026-04-20,94.57,20260420-7778-VIG,Aceptada,Cerrado,0003,Fisicoquimico y Microbiologico,Visita 1.2 + muestreo 1.7,1,2
135113,VERSALLES,ACUEDUCTO RURAL VEREDA LA BODEGA -EL JIGUAL,,1,,,,,,Sin dato,Sin observación técnica,Sin observación para clasificar,2026-04-20,50.50,20260420-7779-VIG,Aceptada,Cerrado,0003,Fisicoquimico y Microbiologico,Muestreo 1.7,0,1
88305,VERSALLES,ASOCIACION ADMINISTRADORA DEL ACUEDUCTO RURAL COMUNITARIO DEL CORREGIMIENTO DE LA FLORIDA,ASOCIACION ADMINISTRADORA DEL ACUEDUCTO RURAL COMUNITARIO DEL CORREGIMIENTO LA FLORIDA,1,2026-01-27,DESFAVORABLE,ANA MILENA MENDEZ ARANA,71.53,"SE RECOMIENDA TENER EN CUENTA LA RES 622/20 CON EL FIN DE MEJORAR EN CALIDAD Y CANTIDAD, ADEMAS DE TENER EN CUENTA LAS BPS VALORADAS EN 4 Y 2 VOLVERLAS CERO; A LA FECHA NO REALIZAN PROCESO DE DESINFECCIÓN, SE RECOMIENDA GENERAR CON LA ADMINISTRACIÓN MUNICIPAL BAJO QUE ESQUEMA DIFERENCIAL VAN A CONTINUAR TRABAJANDO CON EL FIN DE OBTENER BUENA CALIDA DE AGUA DE CONSUMO. DECRETO DEPARTAMENTAL 0294/2016 NO HAY CRIADERO DE VECTORES",Desinfección,Desinfección / cloración,"desinfeccion, desinfección. También menciona: Protección sanitaria / fuente, Gestión administrativa",2026-02-17,91.73,20260217-6733-VIG,Aceptada,Cerrado,0001,Fisicoquimico y Microbiologico,Visita 1.2 + muestreo 1.7,1,1
88316,VERSALLES,ASOCIACION COMUNITARIA ADMINISTRADORA DEL ACUEDUCTO ACUASALUD EL BALSAL,ASOCIACION COMUNITARIA DEL ACUEDUCTO ACUASALUD CORREGIMIENTO EL BALSAL,1,2026-05-14,FAVORABLE CON REQUERIMIENTOS,ANA MILENA MENDEZ ARANA,0.00,"EN EL RECORRIDO SE VERIFICA QUE ESTAN REALIZANDO PROCESO DE DESINFECCIÓN, SE OBSERVAN ESTRUCTURAS EN BUEN ESTADO DE LIMPIEZA, SE RECOMIENDA TENER EN CUENTA LAS BPS VALORADAS EN 4 -2 Y 1.5 CON EL FIN DE VOLVERLOS CERO; POR LO CUAL SE RECOMIENDA ELABORAR Y PRESENTAR PLAN DE MEJORAMIENTO QUE ABORDE LOS TEMAS HALLADOS. PLAZO 30 DÍAS. NOTA: DEC 0294/2016 EN EL RECORRIDO NO SE EVIDENCIÓ CRIADEROS DE MOSQUITOS, SE BRINDA INFORMACIÓN.",Desinfección,Desinfección / cloración,"desinfeccion, desinfección. También menciona: Protección sanitaria / fuente, Gestión administrativa",,,,,,,,Visita 1.2,1,0
81700,VERSALLES,ASOCIACIÓN COMUNITARIA ADMINISTRADORA DEL ACUEDUCTO DE PUENTE TIERRA- ASOCOAPT,ASOCIACION COMUNITARIA ADMINISTRADORA DEL ACUEDUCTO PUENTE TIERRA,1,2026-02-19,DESFAVORABLE,ANA MILENA MENDEZ ARANA,88.33,"SE RECOMIENDA TENER EN CUENTA LA RES. 622-2020. CON EL FIN DE MEJORAR EN CALIDAD, ASI COMO LAS BPS SE DEBEN COLCER CERO, LAS VALORADAS EN 4 Y 2; SE RECOMIENDA ADEMAS GESTIONAR CON LA ADMINISTRACION MUNICIPAL ACOGERSE A UN ESQUEMA DIFERENCIAL ACORDO A LAS CARACTERISTICAS DE ACUEDUCTO DE 1898/2016. NOCTA: DEC 0294-2016 NO SE EVIDENCIA CRIADEROS DE MOSQUITOS SE BRINDA INFORMACION SOBRE EL TEMA DE MOSQUITOS.",Protección sanitaria,Protección sanitaria / fuente,criadero. También menciona: Gestión administrativa,2026-04-20,94.57,20260420-7777-VIG,Aceptada,Cerrado,0002,Fisicoquimico y Microbiologico,Visita 1.2 + muestreo 1.7,1,1
102758,VERSALLES,ASOCIACION DE USUARIOS DEL ACUEDUCTO RURAL COMUNITARIO DE LA VEREDA COCONUCO RED 1,ASOCIACION DE USUARIOS DEL ACUEDUCTO RURAL COMUNITARIO DE LA VEREDA COCONUCO-COCOAGUAS,1,2026-02-04,DESFAVORABLE,ANA MILENA MENDEZ ARANA,90.50,"SE RECOMIENDA TENER EN CUENTA LA RES 622/2020 CON EL FIN DE MEJORAR EN CALIDAD Y CANTIDAD ASÍ MISMO LAS BPS VALORADAS EN 4Y 2, VOLVERLAS CERO, ADEMAS DE GESTIONAR CON LA ADMINISTRACIÓN MUNICIPAL ACOGERSE A UN ESQUEMA DIFERENCIAL ACORDE A LAS CARACTERISTICAS DEL ACUEDUCTO - DR 1898-2016 NOTA: DEC 0294/2016, NO SE EVIDENCIAN CRIADEROS DE MOSQUITOS, SE BRINDA INFORMACIÓN SOBRE TEMA DE CRIADEROS.",Protección sanitaria,Protección sanitaria / fuente,criadero. También menciona: Gestión administrativa,2026-02-17,91.73,20260217-6735-VIG,Aceptada,Cerrado,0002,Fisicoquimico y Microbiologico,Visita 1.2 + muestreo 1.7,1,1
115292,VERSALLES,ASOCIACION DE USUARIOS DEL ACUEDUCTO RURAL COMUNITARIO DE LA VEREDA COCONUCO RED 2,ACUEDUCTO RURAL COCONUCO RED 2,1,2026-02-03,DESFAVORABLE,ANA MILENA MENDEZ ARANA,90.52,"SE RECOMIENDA TENER EN CUENTA LA RES 622/2020 CON EL FIN DE MEJORAR EN CALIDAD Y CANTIDAD ASÍ MISMO LAS BPS VALORADAS EN 4Y 2, VOLVERLAS CERO, ADEMAS DE GESTIONAR CON LA ADMINISTRACIÓN MUNICIPAL ACOGERSE A UN ESQUEMA DIFERENCIAL ACORDE A LAS CARACTERISTICAS DEL ACUEDUCTO - DR 1898-2016 NOTA: DEC 0294/2016, NO SE EVIDENCIAN CRIADEROS DE MOSQUITOS, SE BRINDA INFORMACIÓN SOBRE TEMA DE CRIADEROS.",Protección sanitaria,Protección sanitaria / fuente,criadero. También menciona: Gestión administrativa,2026-02-17,91.73,20260217-6734-VIG,Aceptada,Cerrado,0002,Fisicoquimico y Microbiologico,Visita 1.2 + muestreo 1.7,1,1
88307,VERSALLES,CDC ACUEDUCTO CALAMAR DIAMANTE CRISTALINA,CDC ACUEDUCTO CALAMAR DIAMANTE CRISTALINA,1,2026-02-18,DESFAVORABLE,ANA MILENA MENDEZ ARANA,76.60,SE RECOMIENDA TENER EN CUENTA LA RESOLUCIÓN 622/2020 CON EL FIN DE MEJORAR EN CALIDAD Y CANTIDAD DEL SERVICIO ASÍ COMO MEJORAR LAS BPS VALORADAS EN 4 Y 2. SE DEBEN VOLVER CERO NOTA: SE CONFORMA JUNTA PARA ADMINISTRAR LOS ACUEDUCTOS DE CALAMAR Y EL DIAMANTE LA CRISTALINA EL CUAL SE LLAMA ACTUALMENTE CDS ACUEDUCTO CALAMAR DIAMANTE CRISTALINA EL PRESIDENTE DE JUNTA LIBARDO CARDONA CED:6357136 CELUAR 3215970394 Y EL # DE USURIOS 20 DE EL DIAMANTE LA CRISTALINA Y 17 DE CALAMAR UN TOTAL DE 37 USURIOS NOTA: DEC 0294/2016 NO SE EVIDENCIAN CRIADEROS DE MOSQUITOS SE BRINDA INFORMACIÓN SOBRE EL TEMA DE MOSQUITOS,Protección sanitaria,Protección sanitaria / fuente,criadero. También menciona: Gestión administrativa,2026-04-20,85.27,20260420-7783-VIG,Aceptada,Cerrado,0002,Fisicoquimico y Microbiologico,Visita 1.2 + muestreo 1.7,1,2
15506,VERSALLES,JUNTA ADMINISTRADORA ACUEDUCTO RURAL VEREDA LA BALSORA,JUNTA ADMINISTRADORA DEL ACUEDUCTO LA BALSORA,1,2026-01-28,DESFAVORABLE,ANA MILENA MENDEZ ARANA,90.59,"SE RECOMIENDA TENER EN CUENTA LA RES 622-20 CON EL FIN DE MEJORAR EN CALIDAD Y CANTIDAD ASI COMO MEJORAR EN LAS BPS VALORADAS EN 4-2, VOLVERLAS CERO, A UN ESQUEMA DIFERENCIAL DE ACUERDO AL DEC 1898-2016",Seguimiento,Seguimiento / verificación técnica,Requiere lectura técnica de la observación,2026-04-08,94.57,20260408-7593-VIG,Aceptada,Cerrado,0002,Fisicoquimico y Microbiologico,Visita 1.2 + muestreo 1.7,1,1
119207,VIJES,ASOCIACION DE USUARIOS DE LA QUEBRADA POTRERITO SUR DEL CORREGIMIENTO DE VILLAMARIA MUNICIPIO DE VIJES - ADUPSUR,ADUPSUR,3,,,,,,Sin dato,Sin observación técnica,Sin observación para clasificar,2026-03-25,51.80,20260325-7454-VIG,Aceptada,Cerrado,1002,Fisicoquimico y Microbiologico,Muestreo 1.7,0,1
121662,VIJES,ASOCIACIÓN DE USUARIOS DEL ACUEDUCTO RURAL COMUNITARIO DE LA VEREDA CAIMITAL - SECTOR ESCUELA 20 DE JULIO,PTAP CAIMITAL SECTOR COLEGIO,3,2026-02-28,FAVORABLE CON REQUERIMIENTOS,DIEGO ANDRES SANCHEZ MUÑOZ,38.70,REALIZAR UN PLAN DE MEJORAMIENTO PARA SUBSANAR LOS NUMERALES: -1.2 -2.1; 2.2; 2.4 -4.1; 4.2; 4.3; 4.8,Gestión administrativa,Gestión administrativa,plan de mejoramiento,,,,,,,,Visita 1.2,1,0
51384,VIJES,"ASOCIACIÓN DE USUARIOS DEL ACUEDUCTO RURAL COMUNITARIO DE LA VEREDA CIENAGUITAS, MUNICIPIO DE VIJES",CIENAGUITAS,3,,,,,,Sin dato,Sin observación técnica,Sin observación para clasificar,2026-06-17,22.56,20260617-8954-VIG,Aceptada,Cerrado,4013,Fisicoquimico y Microbiologico,Muestreo 1.7,0,2
118737,VIJES,ASOCIACIÓN DE USUARIOS DEL ACUEDUCTO RURAL COMUNITARIO DEL CORREGIMIENTO DE CARBONERO MUNICIPIO DE VIJES,CARBONERO,3,2026-01-30,DESFAVORABLE,DIEGO ANDRES SANCHEZ MUÑOZ,94.57,"Se debe realizar un plan de mejoramiento para subsanar los numerales: 1.1, 1.2. 2.1, 2.2, 2.3, 2.4, 2.5. 3.3. 4.1, 4.2, 4.3, 4.6, 4.8.",Gestión administrativa,Gestión administrativa,plan de mejoramiento,2026-06-17,69.17,20260617-8948-VIG,Aceptada,Cerrado,1004,Fisicoquimico y Microbiologico,Visita 1.2 + muestreo 1.7,1,2
36322,VIJES,ASOCIACION DE USUARIOS DEL ACUEDUCTO RURAL COMUNITARIO DEL CORREGIMIENTO LA RIVERA MUNICIPIO DE VIJES,PTAP LA RIVERA,3,,,,,,Sin dato,Sin observación técnica,Sin observación para clasificar,2026-03-25,51.80,20260325-7435-VIG,Aceptada,Cerrado,0001,Fisicoquimico y Microbiologico,Muestreo 1.7,0,1
135187,VIJES,ASOCIACIÓN DE USUARIOS DEL ACUEDUCTO RURAL COMUNITARIO MONTERREY ALTO FRESNEDA JACA # 13,MONTERREY ALTO FRESNEDA,3,2026-02-16,DESFAVORABLE,DIEGO ANDRES SANCHEZ MUÑOZ,89.92,"Realizar un plan de mejoramiento para subsanar los siguientes numerales: 1,1 2,1 3,1 4,1 1,2 2,2 3,3 4,2 2,3 4,3 2,4 4,5 2,5 4,6 4,8",Gestión administrativa,Gestión administrativa,plan de mejoramiento,2026-02-04,55.81,20260204-6533-VIG,Aceptada,Cerrado,4002,Fisicoquimico y Microbiologico,Visita 1.2 + muestreo 1.7,1,1
36336,VIJES,ASOCIACION JUNTA ADMINISTRADORA DE ACUEDUCTO COMUNITARIO NUESTRA FUENTE - ASOJACONUF,PTAP ASOJACONUF,3,2026-04-10,FAVORABLE CON REQUERIMIENTOS,DIEGO ANDRES SANCHEZ MUÑOZ,28.88,Realizar plan de mejoramiento para subsanar los siguientes numerales de la presente acta: -1.2 -2.1 -3.1 -4.1 -2.2 -3.2 -4.2 -2.3 -3.3 -4.3 -2.4 -4.5 -2.5 -4.8,Gestión administrativa,Gestión administrativa,plan de mejoramiento,2026-03-25,30.22,20260325-7431-VIG,Aceptada,Cerrado,0001,Fisicoquimico y Microbiologico,Visita 1.2 + muestreo 1.7,1,1
121850,VIJES,JUNTA ADMINISTRADORA ACUEDUCTO COMUNITARIO TRESQUEBRADAS - LA FRESNEDA,TANQUE TRES QUEBRADAS,3,2026-04-17,DESFAVORABLE,DIEGO ANDRES SANCHEZ MUÑOZ,94.57,Se requiere realizar un plan de mejoramiento para subsanar las observaciones de los siguientes numerales de la presente acta: -1.1 -2.1 -3.1 -4.1 -1.2 -2.2 -3.2 -4.2 -1.3 -2.3 -3.3 -4.3 -2.4 -4.5 -2.5 -4.6 -4.8,Gestión administrativa,Gestión administrativa,plan de mejoramiento,2026-06-11,91.73,20260611-8857-VIG,Aceptada,Cerrado,4051,Fisicoquimico y Microbiologico,Visita 1.2 + muestreo 1.7,1,2
34215,VIJES,JUNTA ADMINISTRADORA COMUNITARIA ACUEDUCTO ALTO FRESNEDA - JACA # 2,TANQUE ALTO FRESNEDA JACA # 2,3,2026-02-16,FAVORABLE CON REQUERIMIENTOS,DIEGO ANDRES SANCHEZ MUÑOZ,35.57,"Realizar un plan de mejoramiento para subsanar los siguientes numerales: 1,1 2,1 3,1 4,1 1,2 2,2 3,3 4,2 2,3 4,3 2,4 4,5 2,5 4,6 4,8",Gestión administrativa,Gestión administrativa,plan de mejoramiento,2026-06-11,31.58,20260611-8854-VIG,Aceptada,Cerrado,4001,Fisicoquimico y Microbiologico,Visita 1.2 + muestreo 1.7,1,2
38272,VIJES,JUNTA ADMINISTRADORA COMUNITARIA DE ACUEDUCTO J.A.C.A. NUEVO HORIZONTE EN LIQUIDACION - JACANHOT,PTAP NUEVO HORIZONTE,3,,,,,,Sin dato,Sin observación técnica,Sin observación para clasificar,2026-05-19,86.52,20260519-8376-VIG,Aceptada,Cerrado,5002,Fisicoquimico y Microbiologico,Muestreo 1.7,0,2
28229,VIJES,JUNTA ADMINISTRADORA COMUNITARIA DEL ACUEDUCTO # 10 DEL CORREGIMIENTO CACHIMBAL,JACA # 10,3,2026-03-21,DESFAVORABLE,DIEGO ANDRES SANCHEZ MUÑOZ,63.47,"REALIZAR UN PLAN DE MEJORAMIENTO PARA SUBSANAR LOS NUMERALES DE LA PRESENTE ACTA: -1.1, 1.2 -2.1, 2.2, 2.3, 2.4, 2.5 -3.3 -4.2, 4.3, 4.5, 4.8",Gestión administrativa,Gestión administrativa,plan de mejoramiento,2026-02-04,0.00,20260204-6548-VIG,Aceptada,Cerrado,1024,Fisicoquimico y Microbiologico,Visita 1.2 + muestreo 1.7,1,1
29758,VIJES,JUNTA ADMINISTRADORA COMUNITARIA DEL ACUEDUCTO # 12 DEL CORREGIMIENTO LA FRESNEDA MUNICIPIO DE VIJES,JACA # 12,3,2026-04-23,DESFAVORABLE,DIEGO ANDRES SANCHEZ MUÑOZ,94.57,"Se debe realizar un plan de mejoramiento para subsanar los numerales: -1.1 Se esta realizando filtración, - cuenta con desinfección pero no esta habilitada -1.2 No cuenta con equipos -1.4 24 horas -2.1 En buen estado -2.2 No cuenta con macro ni regla de niveles -2.3 Faltan elementos para control de emergencias -2.4 No se realiza -2.5 No cuenta con el aviso -3.1 Falta instalar válvulas de purga y ventilas -3.2 Certificación Sena -3.3 Falta materializar un punto de muestreo - No cuenta con equipos de medición -4.1 No cuenta con bitácora -4.2 No se realiza -4.3 falta documento -4.4 Cuenta con teléfono -4.5 No actualizados -4.6 Faltan por documentar -4.7 En carpeta -4.8 Se lava el tanque cada 4 veces en el año - Falta documentar",Desinfección,Desinfección / cloración,"desinfeccion, desinfección. También menciona: Tratamiento / filtración, Tanque / almacenamiento",2026-06-11,54.14,20260611-8855-VIG,Aceptada,Cerrado,4022,Fisicoquimico y Microbiologico,Visita 1.2 + muestreo 1.7,1,2
33126,VIJES,JUNTA ADMINISTRADORA COMUNITARIA DEL ACUEDUCTO #15 DEL CORREGIMIENTO EL TAMBOR MUNICIPIO DE VIJES EN LIQUIDACION,LA JACA # 15,3,,,,,,Sin dato,Sin observación técnica,Sin observación para clasificar,2026-03-04,30.22,20260304-7065-VIG,Aceptada,Cerrado,0002,Fisicoquimico y Microbiologico,Muestreo 1.7,0,1
38267,VIJES,JUNTA ADMINISTRADORA COMUNITARIA DEL ACUEDUCTO #16 DEL CORREGIMIENTO EL PORVENIR MUNICIPIO DE VIJES EN LIQUIDACION,PTAP EL PORVENIR,3,2026-03-06,DESFAVORABLE,DIEGO ANDRES SANCHEZ MUÑOZ,92.98,"REALIZAR UN PLAN DE MEJORAMIENTO PARA SUBSANAR LOS NUMERALES: -1.1, 1.2, 1.3 -2.1, 2.2, 2.3, 2.4, 2.5 -3.1, 3.2, 3.3 -4.1, 4.2, 4.3, 4.5, 4.6, 4.8",Gestión administrativa,Gestión administrativa,plan de mejoramiento,,,,,,,,Visita 1.2,1,0
34625,VIJES,JUNTA ADMINISTRADORA COMUNITARIA DEL ACUEDUCTO LA JACA # 11 DEL CORREGIMIENTO EL TAMBOR - LA JACA # 11,PTAP PUBENZA/TANQUE TRES QUEBRADAS,3,2026-03-11,DESFAVORABLE,DIEGO ANDRES SANCHEZ MUÑOZ,69.50,"SE DEBE REALIZAR UN PLAN DE MEJORAMIENTO PARA SUBSANAR LOS NUMERALES: -1.1, 1.2, 1.3 -2.1, 2.3, 2.4, 2.5 -3.1, 3.2, 3.3 -4.1, 4.2, 4.3, 4.5, 4.6, 4.8",Gestión administrativa,Gestión administrativa,plan de mejoramiento,2026-06-17,31.58,20260617-8951-VIG,Aceptada,Cerrado,8021,Fisicoquimico y Microbiologico,Visita 1.2 + muestreo 1.7,1,2
34626,VIJES,JUNTA ADMINISTRADORA COMUNITARIA DEL ACUEDUCTO LA JACA N° 4 DE LA VEREDA SANTA ANA MUNICIPIO DE VIJES,TANQUE SANTA ANA,3,2026-02-27,DESFAVORABLE,DIEGO ANDRES SANCHEZ MUÑOZ,55.81,REALIZAR UN PLAN DE ACOMPAÑAMIENTO PARA SUBSANAR LOS NUMERALES: -1.1; 1.2 -2.1; 2.2; 2.3; 2.4 -3.2 -4.1; 4.2; 4.3; 4.5; 4.6; 4.8,Seguimiento,Seguimiento / verificación técnica,Requiere lectura técnica de la observación,2026-06-17,31.58,20260617-8944-VIG,Aceptada,Cerrado,4002,Fisicoquimico y Microbiologico,Visita 1.2 + muestreo 1.7,1,2
51210,VIJES,JUNTA ADMINISTRADORA COMUNITARIA DEL ACUEDUCTO MOZAMBIQUE- J.A.C.A. N° 1,MOZAMBIQUE- JACA 1,3,2026-03-12,DESFAVORABLE,DIEGO ANDRES SANCHEZ MUÑOZ,91.81,"REALIZAR UN PLAN DE MEJORAMIENTO PARA SUBSANAAR LOS NUMERALES: -1.1, 1.2, 1.3 -2.1, 2.2, 2.3, 2.4, 2.5 -3.1, 3.2, 3.3 -4.1, 4.2, 4.3, 4.5, 4.6, 4.8",Gestión administrativa,Gestión administrativa,plan de mejoramiento,2026-05-19,51.06,20260519-8391-VIG,Aceptada,Cerrado,9001,Fisicoquimico y Microbiologico,Visita 1.2 + muestreo 1.7,1,1
38319,VIJES,JUNTA ADMINISTRADORA COMUNITARIA DEL ACUEDUCTO NO.09 DEL CORREGIMIENTO CACHIMBAL PARTE ALTA MUNICIPIO DE VIJES - JACA # 9,JACA 9,3,2026-03-20,DESFAVORABLE,DIEGO ANDRES SANCHEZ MUÑOZ,73.23,"Realizar un plan de mejoramiento para subsanar las organizaciones otorgadas en la presente acta: 1,1 2,1 3,1 4,1 1,2 2,2 3,3 4,2 2,3 4,3 2,4 4,5 2,5 4,6 4,8",Gestión administrativa,Gestión administrativa,plan de mejoramiento,2026-02-04,55.81,20260204-6547-VIG,Aceptada,Cerrado,1102,Fisicoquimico y Microbiologico,Visita 1.2 + muestreo 1.7,1,1
46169,VIJES,JUNTA ADMINISTRADORA COMUNITARIA DEL ACUEDUCTO NO.6 DE LA VEREDA ROMERITO EN LIQUIDACION,JACA # 6 - ROMERITO,3,,,,,,Sin dato,Sin observación técnica,Sin observación para clasificar,2026-05-19,29.79,20260519-8387-VIG,Aceptada,Cerrado,4010,Fisicoquimico y Microbiologico,Muestreo 1.7,0,1
121814,VIJES,JUNTA ADMINISTRADORA COMUNITARIA JACA # 5 LOMALINDA VILLAMARÍA - VIJES,JACA # 5,3,,,,,,Sin dato,Sin observación técnica,Sin observación para clasificar,2026-03-25,21.58,20260325-7430-VIG,Aceptada,Cerrado,1103,Fisicoquimico y Microbiologico,Muestreo 1.7,0,1
34205,VIJES,JUNTA ADMINISTRADORA DEL ACUEDUCTO DEL CORREGIMIENTO DE OCACHE PARTE BAJA,OCACHE PARTE BAJA - JAACOB,3,,,,,,Sin dato,Sin observación técnica,Sin observación para clasificar,2026-05-19,29.79,20260519-8383-VIG,Aceptada,Cerrado,9004,Fisicoquimico y Microbiologico,Muestreo 1.7,0,1
133049,YOTOCO,ACUEDUCTO AGUAS DE MIRACAMPO,ACUEDUCTO AGUAS DE MIRACAMPO,2,2026-01-30,DESFAVORABLE,VALERIA PATIÑO HERNANDEZ,62.50,"EN VISITA SE OBSERVA ESTRUCTURA EN BUEN ESTADO BAJO CERRAMIENTO EN MALLA, EL SISTEMA DE DESINFECCION SE ENCUENTRA INACTIVO POR LO QUE SE REQUIERE SU HABILITACION DE MANERA PRIORITARIA. SE DEBE ADECUAR TAPA O TECHO SOBRE TANQUE GRANDE. SE REQUIERE TAMBIEN CONSTRUIR PUNTOS DE MUESTREO, LLEVAR BITACORA O REGISTRO DE TODAS LAS ACTIVIDADES QUE SE REALIZAN EN EL ACUEDUCTO INCLUYENDO REPARACIONES DE FUGAS. SE RECOMIENDA GESTIONAR ANTE AL ADMINISTRACION MUNICIPAL EL APOYO Y LOS RECURSOS ECONOMICOS PARA IMPLEMENTAR SISTEMA DE FILTRACION.",Desinfección,Desinfección / cloración,"desinfeccion, desinfección. También menciona: Tratamiento / filtración, Tanque / almacenamiento",2026-04-20,62.01,20260420-7811-VIG,Aceptada,Cerrado,76890-1,Fisicoquimico y Microbiologico,Visita 1.2 + muestreo 1.7,1,1
60317,YOTOCO,ACUEDUCTO ANTIGUO JIGUALES PARAMILLO,ACUEDUCTO ANTIGUO DE JIGUALES,2,2026-03-26,DESFAVORABLE,VALERIA PATIÑO HERNANDEZ,85.13,"ESTRUCTURAS BASICAS (CAPTACION, DESARENADORES, Y TANQUES) OPERANDO CON NORMALIDAD. EL TANQUE DE ALMACENAMIENTO N°1 (PRINCIPAL) SE ENCUENTRA EN REGULAR ESTADO CON FILTRACIONES POR LO QUE REQUIERE INTERVENCION PRIORITARIA PARA SU MEJORAMIENTO. NO CUENTAN CON SISTEMA DE DESINFECCION POR LO QUE SE REQUIERE SU IMPLEMENTACION TAMBIEN DE MANERA PRIORITARIA. SE REQUIERE TAMBIEN MEJORAR CERRAMIENTO DEL TANQUE PRINCIPAL Y MANTENERLO LIBRE DE MALEZA, CONSTRUIR PUNTOS DE MUESTREO FALTANTES Y LLEVAR REGISTRO O BITACORA DE TODAS LAS ACTIVIDADES QUE SE REALIZAN EN EL ACUEDUCTO INCLUYENDO REPARACION DE FUGAS. SE DEBE DOCUMENTAR MANUALES DE OPERACION Y MANTENIMIENTO DEL SISTEMA",Desinfección,Desinfección / cloración,"desinfeccion, desinfección. También menciona: Tratamiento / filtración, Captación / bocatoma",2026-03-10,51.80,20260310-7139-VIG,Aceptada,Cerrado,76890-2,Fisicoquimico y Microbiologico,Visita 1.2 + muestreo 1.7,1,1
59624,YOTOCO,ACUEDUCTO ASUASAP,SAN ANTONIO DE PIEDRAS,2,2026-03-17,DESFAVORABLE,VALERIA PATIÑO HERNANDEZ,59.09,ESTRUCTURAS FUNCIONANDO CON NORMALIDAD TANQUE DE ALMACENAMIENTO EN MALOS CONDICIONES CON EVIDENTES FUGAS FILTRACIONES POR LO QUE SE REQUIERE SU INTERVENCION DE MANERA PRIORITARIA SISTEMA DE DESINFECCION ACTIVO SE DEBE COMPLEMENTAR MACROMEDIDOR PARA EL CONTROL DE PERDIDAS Y CONEXIONES FLAUDOLENTAS SE DEBE DOCUMENTAR MANUALES DE OPERACION Y MANTENIMIENTO LIMPIEZA Y DESINFECCION Y REPARACION DE DAÑOS SE DEBE CONTINUAR GESTIONANDO ANTE LA ADMIN MUNICIPAL Y DEMAS ENTES Y EMPRESAS PRIVADAS CERCANAS INGENIO EL APOYO Y LOS RECURSOS ECONOMICOS PARA EL MEJORAMIENTO DE LA INFRAESTRUCTURA EXISTENTE E IMPLEMENTAR DE PROCESO DE FILTRACION DE AGUA.,Desinfección,Desinfección / cloración,"desinfeccion, desinfección. También menciona: Tratamiento / filtración, Tanque / almacenamiento",2026-05-19,66.18,20260519-8382-VIG,Aceptada,Cerrado,76890,Fisicoquimico y Microbiologico,Visita 1.2 + muestreo 1.7,1,2
120397,YOTOCO,ACUEDUCTO LA PALOMA - EL CRUCERO,ACUEDUCTO LA PALOMA - EL CRUCERO,2,2026-03-18,DESFAVORABLE,VALERIA PATIÑO HERNANDEZ,92.00,"EN VISITA SE OBSERVAN ESTRUCTURAS BASICAS (CAPTACIÓN, DESARENADOR, TANQUE) FUNCIONALES CON DESGASTE NORMAL POR USO Y TIEMPO. EL SISTEMA DE DESINFECCIÓN SE ENCUENTRA INACTIVO POR FALTA DEL INSUMO QUIMICO, SE REQUIERE SU REACTIVACIÓN DE MANERA PRIORITARIA, SE REQUIERE MEJORAR CERRAMIENTO PERIMETRAL DE LAS ESTRUCTURAS, CERTIFICAR A PERSONAL EN COMPETENCIAS LABORALES, LEGALIZAR JUNTA DE ACUEDUCTO Y LLEVAR REGISTRO O BITACORA DE TODAS LAS ACTIVIDADES QUE SE REALIZAN EN EL ACUEDUCTO INCLUYENDO REPARACIÓN DE FUGAS.",Desinfección,Desinfección / cloración,"desinfeccion, desinfección. También menciona: Captación / bocatoma, Tanque / almacenamiento",2026-02-17,60.15,20260217-6752-VIG,Aceptada,Cerrado,76890,Fisicoquimico y Microbiologico,Visita 1.2 + muestreo 1.7,1,1
60294,YOTOCO,"ACUEDUCTO RURAL ALBANIA-SAN JUAN ""ARLAS""","ACUEDUCTO RURAL ALBANIA-SAN JUAN ""ARLAS""",2,2026-02-20,DESFAVORABLE,VALERIA PATIÑO HERNANDEZ,87.76,"ESTRUCTURAS FUNCIONALES CON DESGASTE NORMAL POR USO Y TIEMPO, SISTEMA DE DESINFECCIÓN ACTIVO PERO INEFICIENTE POR REBOSE EN TANQUE. SE REQUIERE INSTALAR FLOTADOR EN TANQUE PARA CONTROLAR REBOSE Y REALIZAR CERRAMIENTO PERIMETRAL AL MISMO PARA EVITAR EL INGRESO A TERCEROS. SE DEBEN CONSTRUIR PUNTOS DE MUESTREO CONCERTADOS, LLEVAR BITÁCORA O REGISTRO DE TODAS LAS ACTIVIDADES QUE SE REALIZAN EN EL ACUEDUCTO INCLUYENDO REPARACIÓN DE FUGAS. SE DEBE GESTIONAR ANTE LA ADMINISTRACIÓN MUNICIPAL EL APOYO Y RECURSOS ECONÓMICOS PARA LA IMPLEMENTACIÓN DE SISTEMA DE TRATAMIENTO PARA MEJORAR LA CALIDAD DE AGUA.",Desinfección,Desinfección / cloración,"desinfeccion, desinfección. También menciona: Tratamiento / filtración, Tanque / almacenamiento",2026-05-19,51.79,20260519-8380-VIG,Aceptada,Cerrado,76890,Fisicoquimico y Microbiologico,Visita 1.2 + muestreo 1.7,1,1
120496,YOTOCO,ACUEDUCTO RURAL COMUNITARIO BELLA FUENTE,ACUEDUCTO COMUNITARIO BELLA FUENTE,2,2026-03-06,DESFAVORABLE,VALERIA PATIÑO HERNANDEZ,79.13,"EN VISITA SE OBSERAN ESTRUCTURAS BASICAS BOCATOMA, DESARENADOR Y TANQUE DE ALMACENAMIENTO, FUNCIONALES SIN EMBARGO EL TANQUE PRESENTA FILTRACIONES POR LO QUE REQUIERE INTERVENCION PARA SU MEJORAMIENTO IGUALMENTE NO CUENTAN CON SISTEMA PRIORITARIA SE DEBE LLEVAR REGISTRO DE TODAS LAS ACTIVIDADES QUE SE REALIZAN EN EL ACUEDUCTO INCLUYENDO REPARACION DE FUGAS",Tratamiento,Tratamiento / filtración,"filtracion, filtración. También menciona: Captación / bocatoma, Tanque / almacenamiento",2026-05-19,79.13,20260519-8388-VIG,Aceptada,Cerrado,76890-3,Fisicoquimico y Microbiologico,Visita 1.2 + muestreo 1.7,1,1
106236,YOTOCO,ACUEDUCTO RURAL CORDOBITA ACUACORDOBITA,ACUEDUCTO RURAL CORDOBITA ACUACORDOBITA,2,2026-02-03,DESFAVORABLE,VALERIA PATIÑO HERNANDEZ,28.09,"EN VISITA SE OBSERVAN ESTRUCTURAS DUNCIONANDO CON NORMATIVIDAD SIN EMBARO, EL TANQUE DE ALMACENAMIENTO PRINCIPAL SE ENCUENTRA EN MAL ESTADO CON EVIDENTES FILTRACIONES QUE REQUIERE INTERVNECION PRIORITARIA. EL SISTEMA DE DESINFECCION SE ENCUENTRA ACTIVO PERO REQUIERE SEGUIMIENTO PARA ADECUACION DE DOSIFICACION. SE REQUIERE ADEMAS REALIZAR CERRAMIENTO PERIMETRAL DE TANQUES PARA EVITAR EL INGRESO DE TERCEROS, CERTIFICAR FONTANERO EN COMPETENCIAS LABORALES, CONSTRUIR PUNTOS DE MUESTREO Y LLEVAR BITACORA O REGISTRO DE TODAS LAS ACTIVIDADES QUE SE REALIZAN EN EL ACUEDUCTO INCLUTYENDO REPARACION FUGAS.",Desinfección,Desinfección / cloración,"desinfeccion, desinfección, dosificacion, dosificación. También menciona: Tratamiento / filtración, Tanque / almacenamiento",2026-04-13,,20260413-7650-VDM,0,0,76890,Fisicoquimico y Microbiologico,Visita 1.2 + muestreo 1.7,1,2
151783,YOTOCO,ACUEDUCTO RURAL EL SOBACO,ACUEDUCTO RURAL EL SOBACO,2,2026-03-10,DESFAVORABLE,VALERIA PATIÑO HERNANDEZ,87.76,"EN VISTA SE OBSERVA INFRAESTRUCTURA BASICA (BOCATOMA, DESARENADOR Y TANQUE) EN BUEN ESTADO. NO CUENTA CON SISTEMA DE DESINFECCION POR LO QUE SE REQUIERE SU IMPLEMENTACION DE MANERA PRIORITARIA, TAMBIEN SE REQUIERE REALIZAR CERRAMIENTO PERIMETRAL A DESARENADO PARA EVITAR EL INGRESO A TERCEROS SE DEBE CERTIFICAR A FONTANERO EN COMPETENCIAS LABORALES, CONTRUIR PUNTOS DE MUESTREO Y LLEVAR BITACORA Y REGISTRO DE TODAS LAS ACTIVIDADES QUE SE REALIZAN EN EL ACUEDUCTO INCLUYENDO REPARACIONES DE FUGAS",Desinfección,Desinfección / cloración,"desinfeccion, desinfección. También menciona: Captación / bocatoma, Tanque / almacenamiento",,,,,,,,Visita 1.2,1,0
103030,YOTOCO,"ACUEDUCTO RURAL LA COLONIA ""GOTAS DE VIDA""","ACUEDUCTO RURAL LA COLONIA ""GOTAS DE VIDA""",2,2026-05-20,FAVORABLE CON REQUERIMIENTOS,VALERIA PATIÑO HERNANDEZ,41.80,"EN VISITA SE OBSERVA PLANTA COMPACTA FUNCIONANDO CON NORMALIDAD, EL SISTEMA DE DESINFECCIÓN EN LÍNEA SE ENCUENTRA ACTIVO. SE REQUIERE LEGALIZAR JUNTA DE ACUEDUCTO, CAPACITAR Y CERTIFICAR A PERSONAL EN COMPETENCIAS LABORALES, SEÑALIZAR PLANTA, CONSTRUIR PUNTOS DE MUESTREO, ACTUALIZAR PLANOS DE LA RED DE DISTRIBUCIÓN, DOCUMENTAR MANUAL DE OPERACIÓN Y MANTENIMIENTO DE LA PLANTA, LIMPIEZA Y DESINFECCIÓN Y REPARACIÓN DE FUGAS Y LLEVAR REGISTRO O BITÁCORA DE TODAS LAS ACTIVIDADES QUE SE REALIZAN EN EL ACUEDUCTO INCLUYENDO REPARACIÓN DE FUGAS.",Desinfección,Desinfección / cloración,"desinfeccion, desinfección. También menciona: Red / conducción, Operación y mantenimiento",2026-03-10,21.58,20260310-7135-VIG,Aceptada,Cerrado,76890-2,Fisicoquimico y Microbiologico,Visita 1.2 + muestreo 1.7,1,1
65696,YOTOCO,ASOCIACION ACUAVITAL ESP CANEY,ASOCIACION ACUAVITAL ESP CANEY,2,2026-03-05,DESFAVORABLE,VALERIA PATIÑO HERNANDEZ,73.61,"EN VISITA SE OBSERVAN ESTRUCTURAS BASICAS (BOCATOMAS, DESARENADOR Y TANQUE CON CASETA) FUNCIONALES, SIN EMBARGO EL TANQUE PRESENTA FILTRACIONES QUE DEBEN SUBSANARSE, IGUALMENTE SE DEBE REACTIVAR SISTEMA DE CLORACION EN LINEA DE MANERA PRIORITARIA. SE REQUIERE LLEVAR REGISTRO DE TODAS LAS ACTIVIDADES QUE SE REALIZAN EN EL ACUEDUCTO INCLUYENDO REPARACION DE FUGAS. SE DEBE GESTIONAR ANTE LA ADMINISTRACION MUNICIPAL E INCLUSO CARTON COLOMBIA EL APOYO Y LOS RECURSOS ECONOMICOS PARA EL MEJORAMIENTO DEL SISTEMA Y CON ELLO DE LA CALIDAD DEL AGUA SE DILIGENCIA ACTA DE ACTUALIZACION ANUAL DE PUNTOS DE MUESTREO #Y100503 pUNTOS (3)",Desinfección,Desinfección / cloración,"cloracion, cloración. También menciona: Tratamiento / filtración, Captación / bocatoma",2026-05-19,79.13,20260519-8385-VIG,Aceptada,Cerrado,76890-1,Fisicoquimico y Microbiologico,Visita 1.2 + muestreo 1.7,1,1
120396,YOTOCO,ASOCIACION ADMINISTRADORA DE ACUEDUCTOS CORREGIMIENTO EL DORADO - LA FLORESTA,ASOCIACION ADMINISTRADORA DE ACUEDUCTOS CORREGIMIENTO EL DORADO - LA FLORESTA,2,2026-02-17,DESFAVORABLE,VALERIA PATIÑO HERNANDEZ,85.94,"EN VISITA SE OBSERVA ESTRUCTURAS FUNCIONANDO CON NORMALIDAD, SIN EMBARGO, TANTO EL TANQUE BASE DE BOMBEO Y EL TANQUE PRINCIPAL REQUIEREN INTERVENCION PRIORITARIA YA QUE PRESENTAN FISURAS Y CON ELLO FILTRACIONES EVIDENTES DE AGUA, SE REQUIERE REACTIVAR SISTEMA DE DESINFECCION EN LINEA, LEGALIZAR JUNTA DE ACUEDUCTO, CERTIFICAR A FONTANERA EN COMPETENCIAS LABORALES, REALIZAR CERRAMIENTO PERIMETRAL A TANQUE DE ALMACENAMIENTO PARA EVITAR EL INGRESO A TERCEROS Y ANIMALES, INSTALAR VALVULAS DE PURGA PARA LIMPIEZA DE LA RED , LLEVAR BITACORA O REGISTRO DE TODAS LAS ACTIVIDADES QUE SE REALIZAN EN EL ACUEDUCTO INCLUYENDO REPARACION DE FUGAS.",Desinfección,Desinfección / cloración,"desinfeccion, desinfección. También menciona: Tratamiento / filtración, Tanque / almacenamiento",2026-04-13,,20260413-7643-VDM,0,0,76890,Fisicoquimico y Microbiologico,Visita 1.2 + muestreo 1.7,1,1
121437,YOTOCO,ASOCIACION ADMINSITRADORA DEL ACUEDUCTO LA FONTANA-ACOFOMI,ASOCIACION ADMINSITRADORA DEL ACUEDUCTO LA FONTANA-ACOFOMI,2,2026-02-10,FAVORABLE CON REQUERIMIENTOS,VALERIA PATIÑO HERNANDEZ,26.87,"EN VISITA SE OBSERVA PLANTA OPERANDO CON NORMALIDAD Y SISTEMA DE DESINFECCION ACTIVO, SIN EMBARGO, SE REQUIERE SEGUIMIENTO AL MISMO Y DEMAS PARAMETROS COMO TURBIEDAD Y pH. SE REQUIERE INSTALAR VALVULAS DE PURGA PREVIO O TANQUE DE ALMACENAMIENTO PARA LIMPIEZA DE RED. SEÑALIZAR PLANTA Y DOTAR AL FONTANERO DE EPP, ASI COMO CERTIFICADO EN OPERACION Y MANTENIMIENTO DE REDES. SE RECOMIENDA CAMBIAR REDES INDIVIDUALES EN MANGUERA CON RED DE DISTRIBUCCION EN TUBERIA PVC SE DILIGENCIA ACTA DE ACTUALIZACION ANUAL DE PUNTOS DE MUESTREO DE AGUA Y-041002 PUNTOS (2)",Desinfección,Desinfección / cloración,"desinfeccion, desinfección. También menciona: Tanque / almacenamiento, Red / conducción",2026-05-19,0.00,20260519-8384-VIG,Aceptada,Cerrado,76890,Fisicoquimico y Microbiologico,Visita 1.2 + muestreo 1.7,1,2
62253,YOTOCO,ASOCIACION COMUNITARIA ADMINISTRADORA ACUEDUCTO PUENTETIERRA LA VIRGINIA,ASOCIACION COMUNITARIA ADMINISTRADORA ACUEDUCTO PUENTETIERRA LA VIRGINIA,2,2026-02-12,DESFAVORABLE,VALERIA PATIÑO HERNANDEZ,54.18,"EN VISTA SE OBSERVA ESTRUCTURAS FUNCIONANDO CON NORMALIDAD, SIN EMBARGO SE ENCUENTRAN EN REGULAR ESTADO, EL DESARENADOR REQUIERE CAMBIO DE TAPAS Y EL TANQUE REQUIERE INTERVENCION QUE PRESENTA FILTRACIONES. EL SISTEMA DE DESINFECCION SE ENCUENTRA ACTIVO PERO REQUIERE SEGUIMIENTO. SE REQUIERE ADECUAR PUNTOS DE MUESTREO, LLEVAR BITACORA O REGISTRO DE TODAS LAS ACTIVIDADES QUE SE REALIZAN EN EL ACUEDUCTO INCLUYENDO REPARACION DE FUGAS Y GESTIONAR ANTE LA ADMINISTRACION MUNICIPAL EL APOYO Y LOS RECURSOS ECONOMICOS PARA EL MEJORAMIENTO DE LA INFRAESTRUCTURA EXISTENTE Y LA IMPLEMENTACION DE PROCESOS DE TRATAMIENTO PARA EL MEJORAMIENTO DE LA CALIDAD DEL AGUA.",Desinfección,Desinfección / cloración,"desinfeccion, desinfección. También menciona: Tratamiento / filtración, Captación / bocatoma",2026-04-20,94.57,20260420-7785-VIG,Aceptada,Cerrado,3,Fisicoquimico y Microbiologico,Visita 1.2 + muestreo 1.7,1,1
116100,YOTOCO,ASOCIACION COMUNITARIA AGUAS DE PUENTE TIERRA - LA OFELIA,PUENTE TIERRA LA OFELIA,2,2026-06-19,FAVORABLE CON REQUERIMIENTOS,VALERIA PATIÑO HERNANDEZ,22.57,"PLANTA OPERANDO CON NORMALIDAD, SISTEMA DE DESINFECCION ACTIVO, SE REQUIERE REALIZAR RETROLAVADO O MANTENIMIENTO PROFUNDO DEL SISTEMA DE FILTRACION YA QUE ESTE POR EL TIEMPO PUEDE ESTAR COLMATADO Y POR ESO NO REDUCEN LOS NIVELES DE TURBIEDAD. SE REQUIERE SEÑALIZAR PLANTA, CONSTRUIR PUNTOS DE MUESTREO, DOCUMENTAR MANUALES DE OPERACION Y MANTENIMIENTO Y LIMPIEZA Y DESINFECCION Y LLEVAR BITACORA DE TODAS LAS ACTIVIDADES QUE SE REALIZAN EN EL ACUEDUCTO INCLUYENDO REPARACION DE FUGAS Y SEGUIMIENTO DE CLORO Y pH SE DILIGENCIA ACTA DE ACTUALIZACION ANUAL DE PUNTOS DE MUESTREO (TRES PUNTOS)",Desinfección,Desinfección / cloración,"cloro, desinfeccion, desinfección. También menciona: Tratamiento / filtración, Tanque / almacenamiento",2026-04-20,23.25,20260420-7796-VIG,Aceptada,Cerrado,1,Fisicoquimico y Microbiologico,Visita 1.2 + muestreo 1.7,1,1
136356,YOTOCO,ASOCIACIÓN DE USUARIOS ACUEDUCTO BUENOS AIRES AJABA,ASOCIACION DE USUARIOS ACUEDUCTO BUENOS AIRES AJABA,2,2026-03-10,DESFAVORABLE,VALERIA PATIÑO HERNANDEZ,78.91,"EN VISITA SE OBSERVA INFRAESTRUCTURA BASICA (BOCATOMA, DESARENADOR Y TANQUE CON CASETA) FUNCIONALES CON DESGASTE NORMAL POR USO Y TIEMPO. CUENTAN CON SISTEMA DE DESINFECCION EN LINEA ACTIVO. SE REQUIERE CERTIFICAR FONTANERO EN COMPETENCIAS LABORALES, CAMBIAR TAPA DEL DESARENADOR, CONSTRUIR PUNTOS DE MUESTREO, LLEVAR BITACORA O REGISTRO DE TODAS LAS ACTIVIDADES QUE SE REALIZAN EN EL ACUEDUCTO INCLUYENDO REPARACION DE FUGAS Y DOCUMENTAR PROGRAMAS DE OPERACION Y MANTENIMIENTO, REPARACION DE DAÑOS Y LIMPIEZA Y DESINFECCION ACTA DE ACTUALIZACION ANUAL DE PUNTOS DE MUSTREO Y-131003 (2 PUNTOS)",Desinfección,Desinfección / cloración,"desinfeccion, desinfección. También menciona: Captación / bocatoma, Tanque / almacenamiento",2026-03-04,51.80,20260304-7045-VIG,Aceptada,Cerrado,76890-2,Fisicoquimico y Microbiologico,Visita 1.2 + muestreo 1.7,1,1
121438,YOTOCO,ASOCIACION DE USUARIOS ACUEDUCTO RURAL EL DELIRIO ASUACURDEL,JUNTA ACCION COMUNAL VEREDA EL DELIRIO,2,,,,,,Sin dato,Sin observación técnica,Sin observación para clasificar,2026-06-09,48.54,20260609-8760-VIG,Aceptada,Cerrado,76890,Fisicoquimico y Microbiologico,Muestreo 1.7,0,3
59633,YOTOCO,ASOCIACIÓN DE USUARIOS AGUA ALBANIA E.S.P CARAMY,ASOCIACIÓN DE USUARIOS AGUA ALBANIA E.S.P CARAMY,2,2026-03-20,FAVORABLE CON REQUERIMIENTOS,VALERIA PATIÑO HERNANDEZ,37.09,"EN VISITA SE OBSERVA ESTRUCTURAS BÁSICAS FUNCIONALES CON DESGASTE NORMAL POR USO Y TIEMPO. EL SISTEMA DE DESINFECCIÓN SE ENCUENTRA ACTIVO. SE ENCUENTRAN EN PROCESO DE GESTIÓN PARA ADQUIRIR TUBERÍA DE PVC PARA EL CAMBIO DE LA TUBERÍA DE ASBESTO (6"") QUE SE ENCUENTRA EN MAL ESTADO. SE DEBE GESTIONAR ANTE LA ADMINISTRACIÓN MUNICIPAL EL APOYO Y LOS RECURSOS ECONÓMICOS PARA IMPLEMENTAR PLANTA DE TRATAMIENTO PARA EL MEJORAMIENTO DE LA CALIDAD DEL AGUA. SE REQUIERE MEJORAR CERRAMIENTO EN TANQUE Y SEÑALIZAR. INSTALAR MACROMEDICIÓN DE SALIDA, CONTAR CON PLANOS DE LA RED DE DISTRIBUCIÓN. Y LLEVAR REGISTRO DE TODAS LAS ACTIVIDADES QUE SE REALIZAN EN EL ACUEDUCTO INCLUYENDO REPARACIÓN DE FUGAS.",Desinfección,Desinfección / cloración,"desinfeccion, desinfección. También menciona: Tratamiento / filtración, Tanque / almacenamiento",2026-06-09,22.55,20260609-8761-VIG,Aceptada,Cerrado,76890,Fisicoquimico y Microbiologico,Visita 1.2 + muestreo 1.7,1,2
104302,YOTOCO,ASOCIACION DE USUARIOS DE LOS ACUEDUCTOS EL JARDIN - CALIMITA - CALIMITA,ASOCIACION DE USUARIOS DE LOS ACUEDUCTOS EL JARDIN - CALIMITA - CALIMITA,2,2026-06-18,DESFAVORABLE,VALERIA PATIÑO HERNANDEZ,75.36,"SE OBSERVAN ESTRUCTURAS BÁSICAS (CAPTACIÓN, DESARENADOR Y TANQUE) FUNCIONALES CON DESGASTE NORMAL POR USO Y TIEMPO. NO CUENTAN CON SISTEMA DE DESINFECCIÓN POR LO QUE SE REQUIERE SU IMPLEMENTACIÓN DE MANERA PRIORITARIA. LA JUNTA DE ACUEDUCTO CUENTA CON UN PLAN DE INTERVENCIÓN Y MEJORAMIENTO DEL ACUEDUCTO QUE INCLUYE INTERVENCIÓN EN LAS ESTRUCTURAS, CERRAMIENTO PERIMETRAL DE LAS MISMAS E IMPLEMENTACIÓN DE MACROMEDICIÓN, FILTRACIÓN Y DESINFECCIÓN DEL AGUA.",Desinfección,Desinfección / cloración,"desinfeccion, desinfección. También menciona: Tratamiento / filtración, Captación / bocatoma",2026-03-10,87.77,20260310-7142-VIG,Aceptada,Cerrado,76890-2,Fisicoquimico y Microbiologico,Visita 1.2 + muestreo 1.7,1,2
104373,YOTOCO,ASOCIACION DE USUARIOS DE LOS ACUEDUCTOS EL JARDIN - CALIMITA - EL JARDIN,ASOCIACION DE USUARIOS DE LOS ACUEDUCTOS EL JARDIN - CALIMITA - EL JARDIN,2,2026-03-04,FAVORABLE CON REQUERIMIENTOS,VALERIA PATIÑO HERNANDEZ,15.50,"EN VISITA SE OBSERVAN ESTRUCTURAS BASICAS DE BOCATOMA, DESARENADOR Y TANQUE DE ALMACENAMIENTO CON CASETA DE CLORACION FUNCIONALES Y EN BUEN ESTADO, SISTEMA DE DESINFECCION ACTIVO, SE OBSERVA COMPROMISO DE LA JUNTA POR EL MEJORAMIENTO DE LOS ACUEDUCTOS. SE REQUIERE REALIZAR EL CERRAMIENTO PERIMETRAL D ELAS ESTRUCTURAS, INSTALAR MACROMEDICION, SEÑALIZAR SISTEMAS, CONSTRUIR PUNTOS DE MUESTREO, CERTIFICAR A FONTANERO EN OPERACION Y MANTENIMIENTO DE LA RED DE DISTRIBUCION Y GESTIONAR ANTE LA ADMINISTRACION MUNICIPAL EL APOYO Y LOS RECURSOS ECONOMICOS PARA IMPLEMENTAR SISTEMA DE FILTRACION DEL AGUA.",Desinfección,Desinfección / cloración,"cloracion, cloración, desinfeccion, desinfección. También menciona: Tratamiento / filtración, Captación / bocatoma",,,,,,,,Visita 1.2,1,0
58649,YOTOCO,ASOCIACION DE USUARIOS DEL ACUEDUCTO EL YARUMO-JIGUALES,ASOCIACION DE USUARIOS DEL ACUEDUCTO EL YARUMO-JIGUALES,2,2026-06-17,FAVORABLE CON REQUERIMIENTOS,VALERIA PATIÑO HERNANDEZ,0.00,"PLANTA COMPACTA FUNCIONA CON NORMALIDAD, SISTEMA DE DESINFECCION ACTIVO, SE REQUIERE ADECUAR TUBERIA Y ACCESORIOS DEL SISTEMA DE FILTRACION, SEÑALIZAR PLATA Y DOTAR A NUEVO FONTANERO DE ELEMENTOS DE PROTECCION PERSONAL, ASI COMO CERTIFICARLO EN COMPETENCIAS LABORALES, SE DEBE INCLUIR EN BITACORAS EL SEGUIMIENTO AL CLORO LIBRE EN RED DE DISTRIBUCION Y TODO LO RELACIONADO A LA REPARACION DE FUGAS, SE DEBE PUNTO D EMUESTREO FALTANTE",Desinfección,Desinfección / cloración,"cloro, desinfeccion, desinfección. También menciona: Tratamiento / filtración, Red / conducción",2026-03-10,0.00,20260310-7141-VIG,Aceptada,Cerrado,76890-1,Fisicoquimico y Microbiologico,Visita 1.2 + muestreo 1.7,1,1
106577,YOTOCO,ASOCIACION DE USUARIOS DEL SISTEMA DE AGUA RURAL COMUNITARIA CGTO EL DORADO VDA COLORADOS,ASOCIACION USUARIOS SISTEMA SUMINISTRO AGUA RURAL VEREDA COLORADOS,2,2026-01-30,DESFAVORABLE,VALERIA PATIÑO HERNANDEZ,90.59,"EN VISITA SE OBSERVA QUE EL SISTEMA SE ENCUENTRA FUNCIONANDO PRINPIPALMENTE CON LA INFRAESTRUCTURA ANTIGUA LA CUAL SE ENCONTRO EN MAL ESTADO POR LO QUE REQUIERE INTERVENCION DE MANERA PRIORITARIA, IGUALMENTE SE REQUIERE REACTIVAR SISTEMA DE DESINFECCION DE MANERA TAMBIEN PRIORITARIA PARA ELIMINAR EL RIESGO MICROBIOLOGICO DEL AGUA SE DEBE CERTIFICAR A FONTANERO EN COMPETENCIAS LABORALES INSTALAR VALVULAS DE PURGA PARA LIMPIEZA DE LA RED CONSTRUIR PUNTOS DE MUESTREO Y LLEVAR BOTACORA O REGISTRO DE TODAS LAS ACTIVIDADES QUE SE REALIZAN EN EL ACUEDUCTO INCLUYENDO REAPARACION DE FUGAS SE DEBE GESTIONAR ANTE LA ADMINISTRACION MUNICIPAL EL APOYO Y LOS RECURSOS ECONOMICOS PARA IMPLMENTAR SISTEMA DE FILTRACION",Desinfección,Desinfección / cloración,"desinfeccion, desinfección. También menciona: Tratamiento / filtración, Red / conducción",2026-03-04,87.76,20260304-7046-VIG,Aceptada,Cerrado,76890-2,Fisicoquimico y Microbiologico,Visita 1.2 + muestreo 1.7,1,1
65697,YOTOCO,ASOCIACION DE USUARIOS DEL SISTEMA DE AGUA RURAL COMUNITARIA DE DOPO,DOPO,2,2026-06-05,DESFAVORABLE,VALERIA PATIÑO HERNANDEZ,71.76,"ESTRUCTURAS BÁSICAS (CAPTACIÓN, DESARENADOR Y TANQUE) FUNCIONALES, SIN EMBARGO, TANTO DESARENADOR COMO TANQUE REQUIEREN INTERVENCIÓN PARA SU MEJORAMIENTO YA QUE PRESENTAN FILTRACIONES QUE DEBEN SUBSANARSE. EL SISTEMA DE DESINFECCIÓN SE ENCUENTRA ACTIVO, PERO SE REQUIERE ADQUIRIR EQUIPO PARA REALIZAR SEGUIMIENTO. SE REQUIERE CERTIFICAR A FONTANERO EN COMPETENCIAS LABORALES Y DOTARLO DE ELEMENTOS DE PROTECCIÓN PERSONAL. SE DEBE REALIZAR CERRAMIENTO PERIMETRAL DE LAS ESTRUCTURAS, CONSTRUIR PUNTOS DE MUESTREO Y LLEVAR REGISTRO DE TODAS LAS ACTIVIDADES QUE SE REALIZAN EN EL ACUEDUCTO INCLUYENDO REPARACIÓN DE FUGAS.",Desinfección,Desinfección / cloración,"desinfeccion, desinfección. También menciona: Tratamiento / filtración, Captación / bocatoma",2026-06-09,54.13,20260609-8763-VIG,Aceptada,Cerrado,76890,Fisicoquimico y Microbiologico,Visita 1.2 + muestreo 1.7,1,2
58689,YOTOCO,ASOCIACION DE USUARIOS DEL SISTEMA DE SUMINISTRO DE AGUA RURAL COMUNITARIA - PROAGUAS DE MUÑECOS,ACUEDUCTO RURAL MUÑECOS,2,,,,,,Sin dato,Sin observación técnica,Sin observación para clasificar,2026-04-20,94.57,20260420-7797-VIG,Aceptada,Cerrado,3,Fisicoquimico y Microbiologico,Muestreo 1.7,0,2
58648,YOTOCO,ASOMEDIACANOA,ASOMEDIACANOA,2,2026-05-20,FAVORABLE CON REQUERIMIENTOS,VALERIA PATIÑO HERNANDEZ,17.77,"EN VISITA SE OBSERVA PLANTA CONVENCIONAL OPERANDO SIN PROCESO DE COAGULACION - FLOCULACION; ADICIONALMENTE PARA SUBIR DEMANDA DE AGUA SE TIENE ACTIVA LA PLANTA COMPACTA ANTIGUA LO CUAL REQUIERE INTERVENCION PARA SU MEJORAMIENTO YA QUE SE ENCUENTRA EN EVIDENTE DETERIORO. EL SISTEMA DE DEISNFECCION SE ENCUENTRA ACTIVO. SE REQUIERE GESTIONAR ANTE LA ADMINISTRACION MUNICIPAL Y DEMAS ENTES COMPETENTES EL APOYO TECNICO Y LOS RECURSOS ECONOMICOS PARA LA AMPLIACION D ELOS PROCESOS DE TRATAMIENTO. SE REQUIERE INSTALAR MACROMEDIDOR D EENTRADA Y REGLETA PARA MEDICION DEL NIVEL DEL TANQUE, DOCUMENTAR PROGRAMAS Y MANUALES DE HIGIENE Y SEGURIDAD INDUSTRIAL, OPERACION Y MANTENIMIENTO, REPARACION DE DAÑOS, ETC. SE DEBE SEÑALIZAR PLANTA Y PROCESOS DE TRATAMIENTO ASI COMO ELEMENTOS DE CONTROL D EEMRGENCIAS MINIMO BOTIQUIN Y EXTINTOR. SE DEBE LLEVAR REGISTRO DE TODAS LAS ACTIVIDADES QUE SE REALIZAN EN EL ACUEDUCTO INCLUYENDO REPARACION DE FUGAS.",Tratamiento,Tratamiento / filtración,"tratamiento, flocul, coagul. También menciona: Tanque / almacenamiento, Red / conducción",2026-05-19,0.00,20260519-8381-VIG,Aceptada,Cerrado,76890-2,Fisicoquimico y Microbiologico,Visita 1.2 + muestreo 1.7,1,2
115075,YOTOCO,JUNTA ADMINISTRADORA ACUEDUCTO EL BOSQUE LIVERPOOL,JUNTA ADMINISTRADORA ACUEDUCTO EL BOSQUE LIVERPOOL,2,2026-05-22,DESFAVORABLE,VALERIA PATIÑO HERNANDEZ,62.59,"PLANTA COMPACTA OPERANDO CON NORMALIDAD, SISTEMA DE DESINFECCION INACTIVA SE REQUIERE ACTIVAR SISTEMA DE DESINFECCION DE MANERA PRIORITARIA Y ADQUIRIR EQUIPOS PARA MEDICION DE CLORO, PH, TURBIEDAD Y COLOR APARENTE PARA REALIZAR SEGUIMIENTO A ESTOS PARAMETROS. SE REQUIERE SEÑALIZAR PLANTA, CONSTRUIR PUNTOS DE MUESTREO, LEVANTAR PLANOS DE LA RED DE DISTRIBUCION, DOCUMENTAR MANUALES DE OPERACION Y MANTENIMIENTO, LIMPIEZA Y DEISNFECCION Y REPARACION DE DAÑOS Y SE DEBE LLEVAR BITACORA O REGISTRO DE TODAS LAS ACTIVIDADES QUE SE REALIZAN EN EL ACUEDUCTO INCLUYENDO REPARACION DE FUGAS.",Desinfección,Desinfección / cloración,"cloro, desinfeccion, desinfección. También menciona: Red / conducción, Operación y mantenimiento",2026-06-09,91.72,20260609-8762-VIG,Aceptada,Cerrado,76890-2,Fisicoquimico y Microbiologico,Visita 1.2 + muestreo 1.7,1,2
121439,YOTOCO,JUNTA ADMINISTRADORA ACUEDUCTO LA RIVERA,JUNTA ADMINSTRADORA ACUEDUCTO LA RIVERA,2,2026-03-18,DESFAVORABLE,VALERIA PATIÑO HERNANDEZ,88.95,"EN VISITA SE OBSERVAN ESTRUCTURAS BASICAS (2 CAPTACIONES, Y 2 TANQUES) CON DESGASTE NORMAL POR USO Y TIEMPO Y REQUIEREN INTERVENCION PARA SU MEJORAMIENTO, NO CUENTA CON SISTEMA DE DESINFECCION POR LO QUE SE REQUIERE IMPLEMENTACION DE MANERA PRIORITARIA. SE DEBE LEGALIZAR JUNTA DE ACUEDUCTO. LLEVAR BITACORA O REGISTRO DE TODAS LAS ACTIVIDADES QUE SE REALIZAN EN EL ACUEDUCTO INCLUYENDO REPARACIONES DE FUGAS. SE REQUIERE INCENTIVAR A LOS USUARIOS EN LA IMPORTANCIA DEL PAGO OPORTUNO DEL SERVICIO PARA EL SOSTENIMEINTO DEL ACUEDUCTO.",Desinfección,Desinfección / cloración,"desinfeccion, desinfección. También menciona: Captación / bocatoma, Tanque / almacenamiento",2026-02-17,91.72,20260217-6751-VIG,Aceptada,Cerrado,76890-1,Fisicoquimico y Microbiologico,Visita 1.2 + muestreo 1.7,1,1
104338,YOTOCO,JUNTA ADMINISTRADORA ACUEDUCTO LAS DELICIAS,JUNTA ADMINISTRADORA ACUEDUCTO LAS DELICIAS,2,2026-03-03,DESFAVORABLE,VALERIA PATIÑO HERNANDEZ,82.87,"VISITA SE OBSERVAN ESTRUCTURAS BÁSICAS (BOCATOMA, DESARENADOR Y TANQUE CON ELLA) FUNCIONALES CON DESGASTE NORMAL POR USO Y TIEMPO. NO CUENTAN CON SISTEMA DE DESINFECCIÓN POR LO QUE SE REQUIERE SU REHABILITACIÓN DE MANERA PRIORITARIA. SE REQUIERE CERTIFICAR A FONTANERO EN COMPETENCIAS LABORALES, SOLICITAR TANQUE Y CONTAR CON ELEMENTOS DE PROTECCIÓN. SE DEBE LLEVAR REGISTRO DE TODAS LAS ACTIVIDADES QUE SE REALIZAN EN EL ACUEDUCTO INCLUYENDO REPARACIÓN DE FUGAS. SE RECOMIENDA GESTIONAR ANTE LA ADMINISTRACIÓN MUNICIPAL EL APOYO Y RECURSOS ECONÓMICOS PARA EL MEJORAMIENTO DE LA INFRAESTRUCTURA E IMPLEMENTAR PROCESOS DE TRATAMIENTO.",Desinfección,Desinfección / cloración,"desinfeccion, desinfección. También menciona: Tratamiento / filtración, Captación / bocatoma",2026-02-17,91.73,20260217-6757-VIG,Aceptada,Cerrado,76890-1,Fisicoquimico y Microbiologico,Visita 1.2 + muestreo 1.7,1,1
62447,YOTOCO,JUNTA ADMINISTRADORA ACUEDUCTO LOS PLANES,ACUEDUCTO LOS PLANES,2,2026-06-04,DESFAVORABLE,VALERIA PATIÑO HERNANDEZ,39.70,"ESTRUCTURAS BÁSICAS (BOCATOMA, DESARENADOR Y TANQUE) FUNCIONALES CON DESGASTE NORMAL POR USO Y TIEMPO, SISTEMA DE DESINFECCIÓN ACTIVO. SE DEBE ADECUAR SALIDA DE REBOSE ASÍ SEA CON CANAL PARA EVITAR EMPOZAMIENTO DE AGUA, SE DEBE LEGALIZAR JUNTA DE ACUEDUCTO, CERTIFICAR FONTANERO EN COMPETENCIAS LABORALES, MEJORAR CERRAMIENTO EN TANQUE Y OTRAS ESTRUCTURAS (CAPTACIÓN Y DESARENADOR), DOTAR A FONTANERA DE ELEMENTOS DE PROTECCIÓN PERSONAL, LLEVAR REGISTRO O BITÁCORA DE TODAS LAS ACTIVIDADES QUE SE REALIZAN EN EL ACUEDUCTO INCLUYENDO REPARACIÓN DE FUGAS Y GESTIONAR ANTE LA ADMINISTRACIÓN MUNICIPAL EL APOYO TÉCNICO Y LOS RECURSOS ECONÓMICOS PARA LA IMPLEMENTACIÓN DE PROCESOS DE TRATAMIENTO.",Desinfección,Desinfección / cloración,"desinfeccion, desinfección. También menciona: Tratamiento / filtración, Captación / bocatoma",2026-04-20,94.57,20260420-7784-VIG,Aceptada,Cerrado,76890-2,Fisicoquimico y Microbiologico,Visita 1.2 + muestreo 1.7,1,2
108425,YOTOCO,JUNTA DE ACUEDUCTO PUENTE TIERRA - LA BOHEMIA,JUNTA DE ACUEDUCTO PUENTE TIERRA - LA BOHEMIA,2,2026-02-11,DESFAVORABLE,VALERIA PATIÑO HERNANDEZ,71.15,"EN VISITA SE OBSERVA ESTRUCTURAS FUNCIONALES, SIN EMBARGO, EL TANQUE DE ALMACENAMIENTO REQUIERE INTERVENCION YA QUE PRESENTA FISURAS CON FUGAS EVIDENTES, NO CUENTAN CON SISTEMA DE DESINFECCION POR LO QUE SE REQUIERE SU IMPLEMENTACION DE MANERA PRIORITARIA. SE DEBE LIMPIAR MALEZA ALREDEDOR DE LAS ESTRUCTURAS, LLEVAR BITACORA DE TODAS LAS ACTIVIDADES QUE SE REALIZAN EN EL ACUEDUCTO INCLUYENDO REPARACION DE FUGAS, SE DEBE CONSTRUIR PUNTOS DE MUESTREO Y GESTIONAR LA ADMINISTRACION MUNICIPAL EL APOYO Y RECURSOS ECONOMICOS PARA EL MEJORAMIENTO DE LA INFRAESTRUCTURA EXISTENTE Y LA IMPLEMENTACION DE PROCESOS DE TRATAMIENTO DEL AGU. SE DEBE LEGALIZAR JUNTA DE ACUEDUCTO.",Desinfección,Desinfección / cloración,"desinfeccion, desinfección. También menciona: Tratamiento / filtración, Tanque / almacenamiento",,,,,,,,Visita 1.2,1,0
59637,ZARZAL,ACUEDUCTO ACUASALUD VALLEJUELO,ACUEDUCTO ACUASALUD VALLEJUELO,2,,,,,,Sin dato,Sin observación técnica,Sin observación para clasificar,2026-05-11,0.00,20260511-8224-VIG,Aceptada,Cerrado,76895-2,Fisicoquimico y Microbiologico,Muestreo 1.7,0,2
58665,ZARZAL,ACUEDUCTO ASEPAILA,ACUEDUCTO ASEPAILA,2,,,,,,Sin dato,Sin observación técnica,Sin observación para clasificar,2026-06-03,0.00,20260603-8737-VIG,Aceptada,Cerrado,76895-2,Fisicoquimico y Microbiologico,Muestreo 1.7,0,5
59638,ZARZAL,ASOCIACION DE USUARIOS ACUDUCTO QUEBRADA NUEVA - ACUANUEVA,ASOCIACION DE USUARIOS DEL ACUEDUCTO QUEBRADA NUEVA - ACUANUEVA,2,,,,,,Sin dato,Sin observación técnica,Sin observación para clasificar,2026-05-11,0.00,20260511-8219-VIG,Aceptada,Cerrado,76895-1,Fisicoquimico y Microbiologico,Muestreo 1.7,0,1
